mapped_pos_item_code,mapped_item_name,category_l,category_m,total_events,unique_users,weighted_interest_score,view_count,cart_add_count,wishlist_add_count,first_event_date_in_period,period_label,cart_add_per_100_views
125340,KBO)롯데자이언츠거인단팥빵100g,빵,간식빵,71336,13517,89068.5,57976,9678,1911,2025-05-11,2025-05 중순,16.6931
125435,KBO)롯데자이언츠씨앗호떡빵97g,빵,간식빵,51993,11044,67992.0,39927,8628,1871,2025-05-11,2025-05 중순,21.6094
125469,PB)자이언츠육각꼬깔콘군옥수수맛134g,과자,스낵류,30218,7476,37101.5,24856,3422,1305,2025-05-11,2025-05 중순,13.7673
125468,PB)자이언츠육각꼬깔콘고소한맛134g,과자,스낵류,19730,5341,26205.0,15126,3170,1000,2025-05-11,2025-05 중순,20.9573
125374,PB)자이언츠피카츄냐냐71g,과자,스낵류,11052,4943,12945.5,8893,1269,378,2025-05-11,2025-05 중순,14.2697
123101,G)오하요저지우유푸딩115g,디저트,젤리,8677,2197,11044.0,6982,1254,244,2025-05-11,2025-05 중순,17.9605
105887,롯데)맛장우전주식비빔밥,미반,도시락,2936,1317,4420.0,2112,735,63,2025-05-11,2025-05 중순,34.8011
210294,팔도)짬뽕왕뚜껑,면,용기면,3425,1293,4291.0,2306,752,32,2025-05-11,2025-05 중순,32.6106
125500,김잼작가아이스쿨러백,일용잡화,취미용품,4039,2957,4061.5,3911,1,89,2025-05-11,2025-05 중순,0.0256
014387,맛장우전주식비빔밥,미반,도시락,2926,1160,3953.5,2189,592,44,2025-05-11,2025-05 중순,27.0443
105770,시원)후와토로리치생초콜릿40g,디저트,냉동디저트,2747,1105,3476.0,2026,485,77,2025-05-11,2025-05 중순,23.9388
150143,하겐)컵딸기,아이스크림,고급,2043,909,3158.5,1426,539,64,2025-05-11,2025-05 중순,37.798
191866,5월 와인 구독,,,2298,1024,3018.0,1890,360,32,2025-05-11,2025-05 중순,19.0476
210445,오뚜기)스파게티큰컵,면,용기면,1978,621,2953.0,1280,565,37,2025-05-11,2025-05 중순,44.1406
123923,신동엽)블랙서클위스키700ml,양주와인,양주,2615,996,2657.5,2516,2,77,2025-05-11,2025-05 중순,0.0795
105887,롯데)맛장우맛자랑 전주식비빔밥,미반,도시락,2143,665,2570.0,1601,350,37,2025-05-11,2025-05 중순,21.8613
109496, 미쓰이)생초콜릿모찌40g,디저트,냉동디저트,1956,931,2372.0,1528,276,56,2025-05-11,2025-05 중순,18.0628
132835,PB)#대파열라면큰컵,면,용기면,1678,572,2367.0,1199,393,25,2025-05-11,2025-05 중순,32.7773
192634,지비)앙리마티스앨런스콧쇼비뇽,양주와인,와인,1863,504,2196.5,1601,163,68,2025-05-11,2025-05 중순,10.1811
105742,우진)샤또뽕떼까네19,양주와인,와인,1827,575,2121.0,1513,157,98,2025-05-11,2025-05 중순,10.3767
125569,케이준치킨너겟샐러드165g,미반,샐러드 ,1539,645,2102.5,1109,327,38,2025-05-12,2025-05 중순,29.486
125570,요거트구운단호박샐러드165g,미반,샐러드 ,1449,616,1986.5,1044,317,26,2025-05-12,2025-05 중순,30.364
124560,PB)박은영셰프의유산슬탕면큰컵,면,용기면,1505,610,1827.0,1078,282,16,2025-05-11,2025-05 중순,26.1596
161188,코카)코카콜라제로500ml,음료,탄산음료,1261,506,1777.0,792,353,14,2025-05-11,2025-05 중순,44.5707
125444,히밥)럭히밥울트라면볶이(4인분),면,용기면,1475,469,1752.5,1235,147,54,2025-05-11,2025-05 중순,11.9028
125725,tripleS(트리플에스)-[ASSEMBLE25](Objekt Music Album),미디어 상품,음반,1445,955,1678.5,1290,116,26,2025-05-13,2025-05 중순,8.9922
109497, 미쓰이)홋카이도우유크림모찌56g,디저트,냉동디저트,1461,706,1626.0,1224,120,53,2025-05-11,2025-05 중순,9.8039
123308,CJ)무항생제1등급계란10입,신선,수축산/계란,1230,436,1597.0,944,222,17,2025-05-11,2025-05 중순,23.5169
109131,신동엽)생드래프트비어500ml캔,맥주,국산맥주,1347,565,1583.5,1084,167,31,2025-05-11,2025-05 중순,15.4059
210386,삼양)삼양라면큰컵,면,용기면,1245,469,1562.0,800,295,9,2025-05-11,2025-05 중순,36.875
125341,5월 도시락 구독(첫구독100원),,,952,442,1475.5,681,260,8,2025-05-11,2025-05 중순,38.1791
834917,5월 도시락 구독,,,938,453,1424.0,683,240,12,2025-05-11,2025-05 중순,35.1391
115587,MQ)프링글스양파맛53g,과자,스낵류,1003,328,1414.0,598,300,7,2025-05-11,2025-05 중순,50.1672
125580,PB)자이언츠월드콘160ml,아이스크림,노벨티,1234,772,1402.0,1005,77,106,2025-05-15,2025-05 중순,7.6617
125626,(3EA) SEVENTEEN 5th Album ‘HAPPY BURSTDAY’ (일반반),미디어 상품,음반,1063,529,1393.5,831,175,31,2025-05-11,2025-05 중순,21.059
123397,앙리마티스)와인볼(화이트)500ml캔,양주와인,하이볼,1063,444,1392.0,772,182,61,2025-05-11,2025-05 중순,23.5751
118889,시원)후와토로리치피스타치오40g,디저트,냉동디저트,1126,549,1382.0,868,163,40,2025-05-11,2025-05 중순,18.7788
014287,롯데)NEW참치마요네즈삼각,미반,삼각김밥,1102,460,1362.0,741,223,29,2025-05-11,2025-05 중순,30.0945
124340,G)LOOK초콜릿딸기복숭아46g,과자,초콜릿,1020,424,1289.0,748,180,31,2025-05-11,2025-05 중순,24.0642
123552,롯데)7찬도시락,미반,도시락,1015,334,1279.0,678,230,6,2025-05-11,2025-05 중순,33.9233
123629,G)LOOK초콜릿(네가지과일)44g,과자,초콜릿,1121,667,1264.0,958,97,27,2025-05-11,2025-05 중순,10.1253
107478,롯데)고기(肉)맥시멈도시락,미반,도시락,1095,341,1258.0,767,198,9,2025-05-11,2025-05 중순,25.8149
990263,"모바일금액권 10,000원",기타,판촉물,807,392,1242.5,569,220,10,2025-05-11,2025-05 중순,38.6643
108563,비노)콜미레이터러시안잭쇼비뇽블랑750ml,양주와인,와인,984,388,1241.5,783,133,42,2025-05-11,2025-05 중순,16.986
070092,서울)흰우유1L,유음료,흰우유,849,271,1239.0,509,260,10,2025-05-11,2025-05 중순,51.0806
108401,롯데)맛장우도시락 고기(肉)올인원,미반,도시락,1020,451,1221.5,717,170,42,2025-05-11,2025-05 중순,23.7099
150954,해태)부라보바닐라160ml,아이스크림,노벨티,825,268,1207.0,537,232,10,2025-05-11,2025-05 중순,43.203
123307,PB)착한콘칩65g,과자,스낵류,876,294,1189.0,627,187,21,2025-05-11,2025-05 중순,29.8246
012679,11찬 도시락,미반,도시락,920,436,1158.0,715,150,16,2025-05-11,2025-05 중순,20.979
125416,자이언츠)마!비어라500ml캔,맥주,국산맥주,984,449,1151.5,718,104,92,2025-05-11,2025-05 중순,14.4847
220530,CJ)작은햇반130g,가공식품,가공미반류,760,260,1151.0,517,217,3,2025-05-11,2025-05 중순,41.9729
124533,롯데)맛장우맛자랑 부대볶음,미반,도시락,894,401,1106.0,673,132,41,2025-05-11,2025-05 중순,19.6137
123396,앙리마티스)와인볼(레드)500ml캔,양주와인,하이볼,853,402,1100.5,627,137,50,2025-05-11,2025-05 중순,21.8501
150944,빙그레)메로나75ml,아이스크림,노벨티,877,428,1090.0,602,184,9,2025-05-11,2025-05 중순,30.5648
013794,밥먹자얘들아 도시락,미반,도시락,808,335,1064.0,621,150,10,2025-05-11,2025-05 중순,24.1546
013782,New모둠초밥정식,미반,초밥류,892,498,1041.0,752,93,19,2025-05-11,2025-05 중순,12.367
124932,버터치킨카레덮밥,미반,도시락,856,414,1011.0,686,111,17,2025-05-11,2025-05 중순,16.1808
123600,카스 프레쉬 350ml캔(12입)*전용잔 2개,맥주,수입맥주,779,399,991.0,630,117,10,2025-05-14,2025-05 중순,18.5714
125102,이장우)오일스타알리오올리오,면,용기면,836,423,971.0,645,109,27,2025-05-11,2025-05 중순,16.8992
123767,"모바일금액권 50,000원",기타,판촉물,638,337,969.5,460,164,10,2025-05-11,2025-05 중순,35.6522
125161,최강록의진심)지파이,즉석 식품,즉석치킨(삭제예정),878,661,941.0,817,41,7,2025-05-11,2025-05 중순,5.0184
124674,KBO)삼립기아타이거즈호랑이초코롤85g,빵,간식빵,725,343,939.0,525,143,14,2025-05-11,2025-05 중순,27.2381
803186,농심)츄파춥스300,과자,캔디류,669,357,929.0,448,171,6,2025-05-11,2025-05 중순,38.1696
125586,켈리330ml(12입)+켈리전용잔2개 ,맥주,국산맥주,643,201,928.5,445,149,27,2025-05-14,2025-05 중순,33.4831
109362,7찬도시락,미반,도시락,717,311,909.0,536,131,10,2025-05-11,2025-05 중순,24.4403
115940,오리온)무뚝뚝감자칩60g,과자,스낵류,699,276,902.0,463,156,17,2025-05-11,2025-05 중순,33.6933
123766,"모바일금액권 30,000원",기타,판촉물,552,265,896.0,368,172,7,2025-05-11,2025-05 중순,46.7391
202387,칠성)펩시콜라제로355ml,음료,탄산음료,582,226,874.0,339,187,10,2025-05-11,2025-05 중순,55.1622
160749,칠성)2%부족할때복숭아500ml,음료,스포츠음료,593,240,862.0,368,176,5,2025-05-11,2025-05 중순,47.8261
124534,맛장우맛자랑 부대볶음,미반,도시락,728,333,860.0,559,113,6,2025-05-11,2025-05 중순,20.2147
124781,해태)생생감자칩랍스터맛85g,과자,스낵류,639,262,850.0,431,144,17,2025-05-11,2025-05 중순,33.4107
123556,롯데)밥먹자얘들아,미반,도시락,670,235,842.0,462,141,8,2025-05-11,2025-05 중순,30.5195
125326,"5월 삼각김밥,김밥 구독",,,654,422,838.0,546,91,12,2025-05-11,2025-05 중순,16.6667
125216,농심)메론킥60g,과자,스낵류,601,242,831.0,416,135,20,2025-05-14,2025-05 중순,32.4519
132168,농심)육개장사발면,면,용기면,541,207,820.0,311,181,5,2025-05-11,2025-05 중순,58.1994
109020,농심)신라면툼바큰사발,면,용기면,600,235,808.0,369,160,10,2025-05-11,2025-05 중순,43.3604
124040,해태)연양갱땅콩맛55g,과자,캔디류,575,181,800.0,335,171,7,2025-05-11,2025-05 중순,51.0448
108473,그린)불닭치즈소시지김밥,미반,김밥,629,235,795.0,453,113,22,2025-05-11,2025-05 중순,24.9448
115586,MQ)프링글스오리지날53g,과자,스낵류,561,214,776.0,345,158,5,2025-05-11,2025-05 중순,45.7971
125504,SEVENTEEN 5th Album ‘HAPPY BURSTDAY’ (일반반),미디어 상품,음반,634,390,775.5,529,74,17,2025-05-11,2025-05 중순,13.9887
125727,[24EA SET]tripleS(트리플에스)-[ASSEMBLE25](Objekt Music Album),미디어 상품,음반,707,514,769.0,649,34,14,2025-05-13,2025-05 중순,5.2388
201428,칠성)칠성사이다355ml,음료,탄산음료,502,204,763.0,303,161,5,2025-05-11,2025-05 중순,53.1353
124626,엠즈)39저당커스터드크림롤105g,디저트,냉장베이커리,658,298,751.0,545,58,29,2025-05-11,2025-05 중순,10.6422
117574,PB)누네띠네55g,과자,비스킷류,511,185,746.0,266,173,11,2025-05-11,2025-05 중순,65.0376
105367,5월 세븐카페 반값구독,,,616,418,745.5,538,65,8,2025-05-11,2025-05 중순,12.0818
132167,농심)튀김우동(소컵),면,용기면,486,164,735.0,277,163,5,2025-05-11,2025-05 중순,58.8448
201737,PB)아이시스2L(6입),음료,생수,480,133,734.0,297,146,12,2025-05-11,2025-05 중순,49.1582
125581,KBO)돌직구딸기잼비스킷130g,빵,간식빵,503,178,733.0,319,136,18,2025-05-15,2025-05 중순,42.6332
070012,빙그레)바나나우유240ml,유음료,가공우유,482,169,717.0,273,161,3,2025-05-11,2025-05 중순,58.9744
124676,KBO)삼립두산베어스곰발바닥꿀빵95g,빵,간식빵,585,346,705.0,438,90,18,2025-05-11,2025-05 중순,20.5479
070897,롯데)의성마늘프랑크70g,냉장,냉장간식,545,265,698.0,391,107,11,2025-05-11,2025-05 중순,27.3657
125452,"3,900나시고랭볶음밥",미반,도시락,538,241,696.0,401,93,20,2025-05-11,2025-05 중순,23.192
125248,PB)꽃모양얼음컵,즉석음료,얼음,662,564,695.5,622,19,12,2025-05-11,2025-05 중순,3.0547
123934,CJ)맥스봉고소한치즈후랑크65g,냉장,냉장간식,491,173,694.0,291,144,9,2025-05-11,2025-05 중순,49.4845
124136,듬뿍참치유부초밥,미반,초밥류,574,249,691.0,402,101,19,2025-05-11,2025-05 중순,25.1244
053163,매콤점보넓적다리,즉석 식품,즉석치킨(삭제예정),496,192,681.0,342,118,7,2025-05-11,2025-05 중순,34.5029
124675,KBO)삼립LG트윈스쌍둥이딸기샌드99g,빵,간식빵,500,228,671.0,355,110,7,2025-05-11,2025-05 중순,30.9859
123638,농심)후르츠텔라48g,과자,캔디류,478,195,670.0,268,147,8,2025-05-11,2025-05 중순,54.8507
202023,칠성)칸타타콘트라베이스블랙500,음료,커피음료,461,191,666.0,310,126,1,2025-05-11,2025-05 중순,40.6452
601082,농심)먹태깡청양마요맛60g,과자,스낵류,460,159,662.0,269,140,8,2025-05-11,2025-05 중순,52.0446
125401,KBO)463카라멜땅콩베이스샌드160g,빵,간식빵,478,147,662.0,312,111,24,2025-05-12,2025-05 중순,35.5769
109055,G)크라시에유자셔벗140ml,아이스크림,고급,500,201,656.0,298,122,24,2025-05-11,2025-05 중순,40.9396
141102,삼양)까르보불닭떡볶이(컵),가공식품,가공미반류,518,207,653.0,421,74,11,2025-05-11,2025-05 중순,17.5772
116320,오리온)도도한나쵸사워어니언92g,과자,스낵류,455,168,631.0,277,127,8,2025-05-11,2025-05 중순,45.8484
124677,KBO)삼립삼성라이온즈블루베리패스츄리100g,빵,간식빵,487,246,625.0,346,96,12,2025-05-11,2025-05 중순,27.7457
124530,최강록의간장들기름비빔밥,미반,도시락,488,224,616.0,375,78,14,2025-05-11,2025-05 중순,20.8
124135,해태)구운버터옥수수60g,과자,스낵류,462,225,612.0,313,103,12,2025-05-11,2025-05 중순,32.9073
021398,대만식 햄치즈샌드위치,조리빵,샌드위치,471,189,610.0,340,92,11,2025-05-11,2025-05 중순,27.0588
062346,PB)오구초코타임200ml,유음료,가공우유,443,187,607.0,280,118,6,2025-05-11,2025-05 중순,42.1429
220308,CJ)둥근햇반210g,가공식품,가공미반류,477,296,605.0,370,81,6,2025-05-11,2025-05 중순,21.8919
124678,KBO)삼립KT위즈빅또리초코바닐라샌드60g,빵,간식빵,484,252,600.0,336,94,12,2025-05-11,2025-05 중순,27.9762
123637,엠즈)39저당초코크림롤105g,디저트,냉장베이커리,539,240,596.0,474,34,17,2025-05-11,2025-05 중순,7.173
125375,"5월 샌드위치,햄버거 구독",,,437,281,593.0,350,78,6,2025-05-11,2025-05 중순,22.2857
108810,올뉴빅닭강정,미반,푸드 간편식,556,290,589.0,478,45,3,2025-05-11,2025-05 중순,9.4142
600915,일신)리콜라레몬민트40g,과자,캔디류,406,132,588.0,241,122,8,2025-05-11,2025-05 중순,50.6224
109470,G)마루짱유부우동94g,면,용기면,435,169,587.0,283,102,16,2025-05-11,2025-05 중순,36.0424
123554,롯데)11찬도시락,미반,도시락,470,178,584.0,319,98,8,2025-05-11,2025-05 중순,30.721
115921,농심)바나나킥75g,과자,스낵류,403,172,574.0,243,116,9,2025-05-11,2025-05 중순,47.7366
125402,KBO)양념치킨볼100g,빵,호빵,405,132,573.0,263,95,24,2025-05-12,2025-05 중순,36.1217
125166,한입쏙!들기름김밥,미반,김밥,479,235,569.0,358,71,16,2025-05-11,2025-05 중순,19.8324
013643,치킨마요덮밥,미반,도시락,409,168,553.0,314,79,6,2025-05-11,2025-05 중순,25.1592
201429,칠성)펩시콜라355ml,음료,탄산음료,402,199,550.0,273,100,2,2025-05-11,2025-05 중순,36.63
124684,KBO)삼립한화이글스핫투움바브레드90g,빵,간식빵,421,192,548.0,292,88,11,2025-05-11,2025-05 중순,30.137
109009,PB)피스타치오마카다미아봉봉50g,과자,초콜릿,424,196,545.0,286,91,11,2025-05-11,2025-05 중순,31.8182
070214,칠성)콜드오렌지900ml,유음료,냉장주스,405,140,544.0,261,103,5,2025-05-11,2025-05 중순,39.4636
111545,해태)크림웨하스50g,과자,비스킷류,364,138,533.0,206,119,3,2025-05-11,2025-05 중순,57.767
124914,해태)부라보바닐라라이트160ml,아이스크림,노벨티,398,153,533.0,287,81,11,2025-05-11,2025-05 중순,28.223
111382,농심)멘토스레인보우,과자,캔디류,376,140,528.0,219,112,6,2025-05-11,2025-05 중순,51.1416
124531,현대)맛장우맛자랑 직화닭갈비,미반,도시락,450,176,521.0,327,74,7,2025-05-11,2025-05 중순,22.63
108543,불닭치즈소시지김밥,미반,김밥,382,142,520.0,247,84,24,2025-05-11,2025-05 중순,34.0081
202057,칠성)칸타타콘트라베이스라떼500,음료,커피음료,368,138,517.0,244,97,3,2025-05-11,2025-05 중순,39.7541
112127,롯데)치토스매콤한맛82g,과자,스낵류,373,159,517.0,222,107,6,2025-05-11,2025-05 중순,48.1982
125111,뚠뚠치킨&에그샌드,조리빵,샌드위치,464,205,510.0,349,60,12,2025-05-11,2025-05 중순,17.192
192098,앙리마티스나디아(화이트),양주와인,와인,440,284,510.0,380,34,18,2025-05-11,2025-05 중순,8.9474
123596,롯데)인가샌드위치,조리빵,샌드위치,411,153,507.0,265,91,8,2025-05-11,2025-05 중순,34.3396
123549,해태)오사쯔빠스50g,과자,스낵류,385,182,506.0,259,88,7,2025-05-11,2025-05 중순,33.9768
150446,나뚜루)녹차파인트,아이스크림,고급,416,145,505.0,307,70,9,2025-05-11,2025-05 중순,22.8013
041567,PB)푸하하소금우유크림빵110g,디저트,냉장베이커리,393,169,502.0,262,83,13,2025-05-11,2025-05 중순,31.6794
211037,롯데)월드콘CVS160ml,아이스크림,노벨티,393,209,497.0,280,81,2,2025-05-11,2025-05 중순,28.9286
105698,인가샌드위치,조리빵,샌드위치,393,189,497.0,287,70,12,2025-05-11,2025-05 중순,24.3902
105995,PB)밀크초코콘170ml,아이스크림,노벨티,391,213,496.0,297,65,11,2025-05-11,2025-05 중순,21.8855
124320,농심)먹태깡고추장마요60g,과자,스낵류,384,146,494.0,232,99,6,2025-05-11,2025-05 중순,42.6724
125341,맛장우맛자랑 반반제육,미반,도시락,385,174,492.0,288,67,11,2025-05-11,2025-05 중순,23.2639
113430,크라운)키커바1000(30g),과자,초콜릿,378,199,489.0,260,80,9,2025-05-11,2025-05 중순,30.7692
106839,CJ)맥스봉매콤불고기맛핫바65g,냉장,냉장간식,343,130,487.0,214,99,2,2025-05-11,2025-05 중순,46.2617
109616,PB)착한핫도그75g,냉동,조리냉동,392,186,483.0,295,63,11,2025-05-11,2025-05 중순,21.3559
109671,닭가슴살햄듬뿍샌드,조리빵,샌드위치,393,143,481.5,272,74,11,2025-05-11,2025-05 중순,27.2059
150487,하겐)컵벨지안쵸코렛,아이스크림,고급,330,214,480.5,214,57,51,2025-05-11,2025-05 중순,26.6355
071778,마루카네)감동란2입,냉장,냉장간식,326,125,476.0,207,94,4,2025-05-11,2025-05 중순,45.4106
202782,칠성)핫식스더킹퍼플355ml,음료,기능성드링크,316,113,473.0,211,88,5,2025-05-11,2025-05 중순,41.7062
105729,11겹등심돈까스,미반,도시락,364,158,473.0,274,70,3,2025-05-11,2025-05 중순,25.5474
107879,5월 세븐카페 구독(첫구독100원),,,342,202,473.0,265,69,3,2025-05-11,2025-05 중순,26.0377
125475,우진)샤또라그랑주 19,양주와인,와인,427,131,469.0,381,20,18,2025-05-11,2025-05 중순,5.2493
990120,"모바일금액권 5,000원",기타,판촉물,327,188,468.0,246,72,5,2025-05-11,2025-05 중순,29.2683
125716,카스프레쉬350ml캔(24입),맥주,수입맥주,327,123,465.5,243,74,2,2025-05-14,2025-05 중순,30.4527
106826,롯데)킹장우듬뿍참치김밥,미반,김밥,365,148,463.0,232,91,0,2025-05-11,2025-05 중순,39.2241
104534,크라운)콘초66g,과자,스낵류,331,142,462.0,205,92,5,2025-05-11,2025-05 중순,44.878
107585,고기(肉)맥시멈도시락,미반,도시락,378,176,462.0,298,58,4,2025-05-11,2025-05 중순,19.4631
109521,더커진유부초밥6입,미반,초밥류,389,169,458.0,275,60,19,2025-05-11,2025-05 중순,21.8182
106668,PB)바닐라라떼300ml,유음료,컵커피,337,129,455.0,226,82,4,2025-05-11,2025-05 중순,36.2832
124360,오뚜기)컵누들참깨라면소컵,면,용기면,303,125,444.0,187,88,7,2025-05-11,2025-05 중순,47.0588
106559,오리온)찍먹나쵸치폴레마요84g,과자,스낵류,336,133,441.0,205,85,9,2025-05-11,2025-05 중순,41.4634
125474,우진)샤또꾸떼16,양주와인,와인,387,147,441.0,330,24,24,2025-05-11,2025-05 중순,7.2727
124390,필리치즈스테이크버거,조리빵,햄버거,390,215,440.0,308,40,18,2025-05-11,2025-05 중순,12.987
125583,KBO)간장치킨볼100g,빵,간식빵,288,107,437.0,185,82,9,2025-05-15,2025-05 중순,44.3243
160598,코카)스프라이트500ml,음료,탄산음료,303,113,437.0,173,94,6,2025-05-11,2025-05 중순,54.3353
014347,스팸마요계란김밥,미반,김밥,347,145,431.0,246,61,14,2025-05-11,2025-05 중순,24.7967
125268,그린)맛장우맛자랑 반반제육,미반,도시락,353,115,430.0,271,58,3,2025-05-15,2025-05 중순,21.4022
113156,그린)11겹등심돈까스,미반,도시락,356,112,430.0,253,67,4,2025-05-11,2025-05 중순,26.4822
835245,5월 세븐카페 구독,,,310,184,428.0,243,57,8,2025-05-11,2025-05 중순,23.4568
108461,인테)코코제로망고340ml,음료,주스,316,133,427.0,204,80,5,2025-05-11,2025-05 중순,39.2157
201993,동원)동원샘물500ml,음료,생수,297,132,425.0,201,77,4,2025-05-11,2025-05 중순,38.3085
210464,오뚜기)진라면매운맛큰컵,면,용기면,306,112,420.0,172,94,2,2025-05-11,2025-05 중순,54.6512
114339,히밥)럭히밥김찌라면큰컵,면,용기면,359,194,419.0,262,59,6,2025-05-11,2025-05 중순,22.5191
062345,PB)오구딸기타임200ml,유음료,가공우유,311,120,417.0,187,84,6,2025-05-11,2025-05 중순,44.9198
106292,한양)꽃보다오징어숏바디150g,안주,오징어,348,121,414.0,303,33,8,2025-05-11,2025-05 중순,10.8911
021729,햄듬뿍치즈샌드,조리빵,샌드위치,337,125,413.0,242,56,14,2025-05-11,2025-05 중순,23.1405
124679,KBO)삼립KBO홈런배트롤150g,디저트,냉장베이커리,336,171,405.0,250,43,23,2025-05-11,2025-05 중순,17.2
124683,KBO)삼립SSG랜더스소금버터우주선빵85g,빵,간식빵,307,145,402.0,192,76,7,2025-05-11,2025-05 중순,39.5833
107053,롯데)맛장우삼각더커진참치마요,미반,삼각김밥,289,110,401.0,163,88,4,2025-05-11,2025-05 중순,53.9877
160053,칠성)펩시콜라600ml,음료,탄산음료,260,104,399.0,152,85,5,2025-05-11,2025-05 중순,55.9211
111519,크라운)못말리는신짱1500,과자,스낵류,272,109,399.0,166,84,1,2025-05-11,2025-05 중순,50.6024
141243,오뚜기)발아현미밥210g,가공식품,가공미반류,292,127,399.0,200,69,5,2025-05-11,2025-05 중순,34.5
140526,CJ)햇반미역국밥(컵반),가공식품,가공미반류,290,126,394.0,185,74,6,2025-05-11,2025-05 중순,40.0
200844,칠성)핫식스250ml,음료,기능성드링크,261,87,388.0,163,80,1,2025-05-11,2025-05 중순,49.0798
132457,삼양)까르보불닭볶음면(큰컵),면,용기면,271,112,387.0,160,77,10,2025-05-11,2025-05 중순,48.125
601347,엔제이)블랙썬더버터22g,과자,초콜릿,303,155,384.0,209,59,11,2025-05-11,2025-05 중순,28.2297
132865,PB)우불식당즉석우동큰컵,면,용기면,289,129,383.0,205,58,10,2025-05-11,2025-05 중순,28.2927
014215,그린)NEW참치김치볶음밥삼각,미반,삼각김밥,283,113,382.0,171,77,5,2025-05-11,2025-05 중순,45.0292
124319,글렌알라키 10CS #11,양주와인,양주,299,149,380.0,251,36,11,2025-05-11,2025-05 중순,14.3426
124508,최강록의로스팜에그샌드,조리빵,샌드위치,325,216,374.0,276,30,9,2025-05-11,2025-05 중순,10.8696
123744,기본김밥,미반,김밥,293,110,374.0,202,56,13,2025-05-11,2025-05 중순,27.7228
124372,현대)제일맛집도시락,미반,도시락,298,121,371.0,195,69,1,2025-05-11,2025-05 중순,35.3846
115848,에이스)옥수수브이콘50g,과자,스낵류,260,101,370.0,132,84,10,2025-05-11,2025-05 중순,63.6364
108471,인테)코코제로요구르트340ml,음료,주스,265,97,365.0,162,69,10,2025-05-11,2025-05 중순,42.5926
202391,칠성)칠성사이다제로355ml,음료,탄산음료,239,100,360.0,140,76,5,2025-05-11,2025-05 중순,54.2857
106670,PB)카라멜마끼아또300ml,유음료,컵커피,303,177,359.0,244,39,6,2025-05-11,2025-05 중순,15.9836
107409, G)대파크래커80g,과자,비스킷류,279,125,359.0,196,57,6,2025-05-11,2025-05 중순,29.0816
124532,맛장우맛자랑 직화닭갈비,미반,도시락,275,137,353.0,213,46,6,2025-05-11,2025-05 중순,21.5962
123297,해태)생생감자칩오지치즈후라이맛60g,과자,스낵류,277,124,351.0,196,53,8,2025-05-11,2025-05 중순,27.0408
112126,롯데)꼬깔콘군옥수수67g,과자,스낵류,259,134,350.0,166,64,7,2025-05-11,2025-05 중순,38.5542
124446,제일맛집도시락,미반,도시락,267,136,350.0,209,49,1,2025-05-11,2025-05 중순,23.445
123741,엠즈)39저당딸기크림롤105g,디저트,냉장베이커리,322,176,350.0,283,16,14,2025-05-11,2025-05 중순,5.6537
201819,칠성)2%아쿠아제로500ml,음료,스포츠음료,242,105,349.0,153,69,3,2025-05-11,2025-05 중순,45.098
094369,세븐팜)갓성비바나나(5입),신선,과일,253,108,346.0,167,61,7,2025-05-11,2025-05 중순,36.5269
124150,롯데)함박&부대볶음 5찬도시락,미반,도시락,283,102,345.0,175,68,2,2025-05-11,2025-05 중순,38.8571
119522,PB)숏다리오잉70g,과자,스낵류,260,117,345.0,151,72,5,2025-05-11,2025-05 중순,47.6821
070425,서울)비요뜨초코링138g,유음료,요구르트,259,84,343.0,177,56,8,2025-05-11,2025-05 중순,31.6384
021693,삼립)NEW상하이스파이시버거,조리빵,햄버거,283,103,341.0,177,66,2,2025-05-11,2025-05 중순,37.2881
124681,KBO)삼립NC다이노스공룡알흑임자컵케익130g,빵,간식빵,271,146,340.0,193,54,3,2025-05-11,2025-05 중순,27.9793
125375,롯데)티처스햄치즈에그팡팡토스트,조리빵,샌드위치,283,117,338.0,183,60,5,2025-05-11,2025-05 중순,32.7869
132161,농심)오징어짬뽕(소컵),면,용기면,226,80,338.0,137,71,2,2025-05-11,2025-05 중순,51.8248
124774,농심)배홍동칼빔면봉지,면,봉지면,252,88,338.0,161,64,4,2025-05-11,2025-05 중순,39.7516
109471,G)마루짱튀김소바99g,면,용기면,255,124,335.0,173,52,12,2025-05-11,2025-05 중순,30.0578
140963,오뚜기)톡톡김치알밥(컵밥),가공식품,가공미반류,251,116,335.0,171,58,4,2025-05-11,2025-05 중순,33.9181
105743,우진)샤또샤스스플린21,양주와인,와인,313,146,335.0,254,14,28,2025-05-11,2025-05 중순,5.5118
315353,K)릴 하이브리드3(지알로옐로우),담배,전자담배,300,113,335.0,260,19,13,2025-05-11,2025-05 중순,7.3077
104437,해태)에이스121g,과자,비스킷류,230,87,335.0,149,63,5,2025-05-11,2025-05 중순,42.2819
108632,뚠뚠햄치즈&포테이토샌드,조리빵,샌드위치,258,98,333.0,178,52,9,2025-05-11,2025-05 중순,29.2135
083224,삼립)잼있는딸기쿠키75g,빵,구움과자,235,87,332.0,156,60,5,2025-05-11,2025-05 중순,38.4615
052382,세븐카페)아메리카노(R),즉석음료,세븐카페,264,174,328.0,225,34,2,2025-05-11,2025-05 중순,15.1111
601346,엔제이)블랙썬더21g,과자,초콜릿,278,168,328.0,210,42,6,2025-05-11,2025-05 중순,20.0
110580,농심)포테토칩오리지널60g,과자,스낵류,242,128,325.0,163,55,7,2025-05-11,2025-05 중순,33.7423
114320,오리온)미쯔미니700,과자,비스킷류,232,84,325.0,120,77,3,2025-05-11,2025-05 중순,64.1667
115569,하리보)스타믹스젤리100g,과자,젤리류,229,84,325.0,141,65,4,2025-05-11,2025-05 중순,46.0993
083856,삼립)잘익은찰옥수수이야기110g,빵,간식빵,236,85,319.0,185,35,15,2025-05-11,2025-05 중순,18.9189
601328, 7P)랑그드샤화이트초코70g,과자,비스킷류,269,109,317.0,213,28,16,2025-05-11,2025-05 중순,13.1455
122966,유앤)스웨디시스타일젤리80g,과자,젤리류,240,112,315.0,189,39,7,2025-05-11,2025-05 중순,20.6349
315354,K)릴 하이브리드3(카민레드),담배,전자담배,245,99,314.0,197,36,7,2025-05-11,2025-05 중순,18.2741
109007,PB)피스타치오바크씬80g,과자,초콜릿,257,90,313.0,182,44,10,2025-05-11,2025-05 중순,24.1758
170921,아사히)아사히생맥주캔340ml,맥주,수입맥주,257,135,312.0,191,43,5,2025-05-11,2025-05 중순,22.5131
160609,오츠카)데미소다애플250ml,음료,탄산음료,207,82,311.0,126,65,2,2025-05-11,2025-05 중순,51.5873
108620,엔제이)훈와리밀크카스테라,빵,간식빵,264,103,310.0,204,31,14,2025-05-11,2025-05 중순,15.1961
124782,롯데)최강록의소보로삼각,미반,삼각김밥,261,143,309.0,187,40,12,2025-05-11,2025-05 중순,21.3904
100990,농심)멘토스과일,과자,캔디류,214,97,307.0,121,66,5,2025-05-11,2025-05 중순,54.5455
114027,남양)과수원사과팩190ml,유음료,냉장주스,220,97,305.0,139,61,1,2025-05-11,2025-05 중순,43.8849
132667,농심)배홍동비빔면(봉지),면,봉지면,225,97,303.0,149,56,2,2025-05-11,2025-05 중순,37.5839
107128,PB)얼음컵(라지),즉석음료,얼음,191,67,303.0,111,65,4,2025-05-11,2025-05 중순,58.5586
390966,크리넥스)데코소프트3겹30X30롤,위생용품,티슈,188,45,303.0,122,61,1,2025-05-11,2025-05 중순,50.0
030673,MDS)옥수수콘치즈255g,간식,냉장피자,259,108,303.0,225,25,4,2025-05-12,2025-05 중순,11.1111
124529,롯데)최강록의간장들기름비빔밥,미반,도시락,270,111,302.0,195,41,6,2025-05-11,2025-05 중순,21.0256
124265,그린)스팸계란마요삼각,미반,삼각김밥,215,83,301.0,141,57,2,2025-05-11,2025-05 중순,40.4255
124682,KBO)삼립키움히어로즈자색고구마팡100g,빵,간식빵,216,112,300.0,144,54,4,2025-05-11,2025-05 중순,37.5
105813,PB)쿠키바크씬80g,과자,초콜릿,244,100,299.5,187,39,4,2025-05-11,2025-05 중순,20.8556
107834,만쿠만구치킨(순살),즉석 식품,즉석치킨(삭제예정),240,96,297.0,197,35,1,2025-05-11,2025-05 중순,17.7665
190962,아방가르데,양주와인,와인,250,164,297.0,220,20,9,2025-05-11,2025-05 중순,9.0909
062576,PB)앙리마티스바닐라라떼250ml,유음료,컵커피,231,90,297.0,147,57,2,2025-05-11,2025-05 중순,38.7755
105745,우진)샤또도작21,양주와인,와인,264,113,296.0,206,16,28,2025-05-11,2025-05 중순,7.767
125149,부쉬밀10년싱글몰트700ml,양주와인,양주,277,202,296.0,256,10,7,2025-05-11,2025-05 중순,3.9062
132159,농심)짜파게티큰사발,면,용기면,205,84,295.0,115,66,2,2025-05-11,2025-05 중순,57.3913
123094,현대)맛장우 통등심돈까스&김치제육,미반,도시락,248,91,295.0,164,50,5,2025-05-11,2025-05 중순,30.4878
013541,순살닭강정,미반,푸드 간편식,244,131,293.0,205,28,5,2025-05-11,2025-05 중순,13.6585
202136,코카)조지아블랙470ml,음료,커피음료,196,90,292.0,116,61,4,2025-05-11,2025-05 중순,52.5862
124336,에이트)벤토오징어치킨맛7g,안주,생선류,202,83,287.0,113,65,1,2025-05-11,2025-05 중순,57.5221
202378,칠성)칠성사이다제로250ml,음료,탄산음료,267,115,283.0,177,46,4,2025-05-11,2025-05 중순,25.9887
125332,햄치즈에그팡팡토스트,조리빵,샌드위치,227,102,281.0,160,41,8,2025-05-11,2025-05 중순,25.625
106875,킹장우듬뿍참치김밥,미반,김밥,238,98,281.0,172,37,9,2025-05-11,2025-05 중순,21.5116
117817,농심)멘토스콜라향,과자,캔디류,196,87,281.0,107,62,5,2025-05-11,2025-05 중순,57.9439
125051,사천식마파두부덮밥,미반,도시락,228,122,278.0,181,30,8,2025-05-11,2025-05 중순,16.5746
123517,롯데)비빔참치마요삼각김밥,미반,삼각김밥,212,88,276.0,133,51,6,2025-05-11,2025-05 중순,38.3459
094260,프레시팜)착한달걀10입(대란),신선,수축산/계란,188,77,271.0,108,60,1,2025-05-11,2025-05 중순,55.5556
104533,크라운)카라멜콘땅콩72g,과자,스낵류,207,84,270.0,139,49,1,2025-05-11,2025-05 중순,35.2518
021802,롯데)대만식햄치즈샌드위치,조리빵,샌드위치,220,92,270.0,144,46,6,2025-05-11,2025-05 중순,31.9444
132675,오뚜기)육개장사발면104g,면,용기면,186,79,270.0,118,52,4,2025-05-11,2025-05 중순,44.0678
123738,CJ)비비고군만두315g,냉동,냉동만두,203,87,268.0,139,46,3,2025-05-11,2025-05 중순,33.0935
202657,칠성)콘트라베이스블랙&샷500ml,음료,커피음료,194,60,267.0,131,49,1,2025-05-11,2025-05 중순,37.4046
105481,풀무원)워터루틴500ml(20입),음료,생수,166,53,264.0,103,53,4,2025-05-11,2025-05 중순,51.4563
600166,PB)갈릭새우칩65g,과자,스낵류,174,75,261.0,95,59,3,2025-05-11,2025-05 중순,62.1053
201275,광동)제주삼다수500ml,음료,생수,155,60,261.0,93,56,2,2025-05-11,2025-05 중순,60.2151
106689,PB)카페라떼300ml,유음료,컵커피,232,101,260.0,171,33,6,2025-05-11,2025-05 중순,19.2982
123407,삼립)잘익은참쑥이야기110g,빵,간식빵,199,67,259.0,154,27,14,2025-05-11,2025-05 중순,17.5325
202654,이노엔)티로그복숭아아이스티500,음료,차음료,182,91,257.0,116,48,5,2025-05-11,2025-05 중순,41.3793
060726,서울)목장딸기요구르트225ml,유음료,요구르트,205,103,256.0,168,26,7,2025-05-11,2025-05 중순,15.4762
021805,그린)햄듬뿍치즈샌드,조리빵,샌드위치,206,93,256.0,136,46,2,2025-05-11,2025-05 중순,33.8235
112645,PB)이비가짬뽕큰컵,면,용기면,203,93,254.5,144,39,4,2025-05-11,2025-05 중순,27.0833
114361,농심)짜파게티더블랙사발면,면,용기면,194,83,254.0,117,52,2,2025-05-11,2025-05 중순,44.4444
124617,포켓델리베지스틱,미반,푸드 간편식,225,122,253.5,174,24,11,2025-05-11,2025-05 중순,13.7931
014425,그린)더꽉찬한돈돈까스김밥2.0,미반,김밥,200,77,253.0,116,53,3,2025-05-11,2025-05 중순,45.6897
109576,참고소한제육덮밥,미반,도시락,187,92,253.0,136,39,4,2025-05-11,2025-05 중순,28.6765
117152,해태)맛동산90g,과자,스낵류,167,73,253.0,108,48,4,2025-05-11,2025-05 중순,44.4444
105364,올리)순얼음1kg,즉석음료,얼음,195,88,252.0,143,35,7,2025-05-11,2025-05 중순,24.4755
073588,롯데)의성마늘프랑크매콤땡초65g,냉장,냉장간식,195,97,250.0,133,38,9,2025-05-11,2025-05 중순,28.5714
125224,라가불린16년700ml,양주와인,양주,192,82,249.0,157,28,5,2025-05-11,2025-05 중순,17.8344
124931,PB)바밤바알밤초콜릿16g,과자,초콜릿,182,88,249.0,126,38,9,2025-05-11,2025-05 중순,30.1587
141152,오뚜기)차돌강된장보리밥컵밥,가공식품,가공미반류,212,57,249.0,160,33,3,2025-05-11,2025-05 중순,20.625
192542,5월 위스키 구독,,,242,195,248.0,229,5,4,2025-05-11,2025-05 중순,2.1834
115642,롯데)빠다코코낫100g,과자,비스킷류,182,82,247.0,122,44,3,2025-05-11,2025-05 중순,36.0656
062144,매일)엔요280ml,유음료,요구르트,176,68,247.0,128,38,5,2025-05-11,2025-05 중순,29.6875
083223,삼립)잼있는사과쿠키75g,빵,구움과자,183,82,246.0,121,43,5,2025-05-11,2025-05 중순,35.5372
221555,대상)안주야직화불막창160g,냉동,조리냉동,226,155,245.0,205,13,3,2025-05-11,2025-05 중순,6.3415
140798,오뚜기)김치참치덮밥(컵밥),가공식품,가공미반류,179,50,244.0,112,49,1,2025-05-11,2025-05 중순,43.75
125730,딘스톤15년테킬라캐스크,양주와인,양주,235,166,244.0,230,4,1,2025-05-14,2025-05 중순,1.7391
123935,CJ)아삭안심콩나물180g,신선,야채,189,92,244.0,136,35,7,2025-05-11,2025-05 중순,25.7353
140239,오뚜기)발아흑미밥210g,가공식품,가공미반류,184,84,243.0,122,45,1,2025-05-11,2025-05 중순,36.8852
094390,프레시팜)착한국산콩두부300g,신선,야채,218,120,242.0,199,11,6,2025-05-11,2025-05 중순,5.5276
124563,해태)자가비사워크림맛45g,과자,스낵류,179,79,241.0,129,39,2,2025-05-11,2025-05 중순,30.2326
115858,농심)새우깡90g,과자,스낵류,155,62,237.0,86,52,4,2025-05-11,2025-05 중순,60.4651
115779,오리온)후레쉬베리2입,과자,비스킷류,181,39,236.0,127,40,1,2025-05-11,2025-05 중순,31.4961
106716,엔제이)소프트카스테라,빵,간식빵,178,66,236.0,126,33,10,2025-05-11,2025-05 중순,26.1905
061713,덴마크)바나바나우유300ml,유음료,가공우유,180,65,235.0,108,49,1,2025-05-11,2025-05 중순,45.3704
115744,오리온)초코파이2입,과자,비스킷류,171,64,234.0,103,46,5,2025-05-11,2025-05 중순,44.6602
109575,롯데)참고소한 제육덮밥,미반,도시락,180,81,234.0,119,41,4,2025-05-11,2025-05 중순,34.4538
106868,러비어스)프라가500ml캔,맥주,수입맥주,190,63,233.0,144,24,13,2025-05-11,2025-05 중순,16.6667
107139,롯데)짜빙수130ml,아이스크림,노벨티,179,105,231.0,129,32,8,2025-05-11,2025-05 중순,24.8062
021692,삼립)프리미엄햄에그샌드,조리빵,샌드위치,188,80,231.0,122,40,5,2025-05-11,2025-05 중순,32.7869
100431,마즈)트윅스1500,과자,초콜릿,151,55,231.0,91,47,4,2025-05-11,2025-05 중순,51.6484
124547,울진대게딱지장김밥,미반,김밥,191,95,231.0,142,27,10,2025-05-11,2025-05 중순,19.0141
600258,농심)멘토스민트(포도)21g,과자,캔디류,163,71,231.0,89,51,4,2025-05-11,2025-05 중순,57.3034
108494,맛장우도시락 고기(肉)올인원,미반,도시락,196,107,230.0,168,21,2,2025-05-11,2025-05 중순,12.5
132226,삼양)불닭볶음면(큰컵),면,용기면,158,59,230.0,85,53,2,2025-05-11,2025-05 중순,62.3529
112128,롯데)치토스스모크바베큐82g,과자,스낵류,149,62,228.0,86,49,3,2025-05-11,2025-05 중순,56.9767
160932,칠성)밀키스500ml,음료,탄산음료,153,52,228.0,97,46,1,2025-05-11,2025-05 중순,47.4227
202300,칠성)핫식스더킹포스355ml,음료,기능성드링크,169,70,228.0,105,46,1,2025-05-11,2025-05 중순,43.8095
124698,연세)아몬드잣고소한두유190ml,유음료,두유,170,78,228.0,112,42,2,2025-05-11,2025-05 중순,37.5
210345,오뚜기)진라면매운맛봉지,면,봉지면,155,63,228.0,90,50,1,2025-05-11,2025-05 중순,55.5556
170276,하이트)기린이치방500ml캔,맥주,수입맥주,185,84,227.0,126,40,0,2025-05-11,2025-05 중순,31.746
123633,CJ)쁘띠첼과일젤리복숭아90g,디저트,젤리,156,64,227.0,93,47,3,2025-05-11,2025-05 중순,50.5376
125084,PB)이봉원의봉짬뽕224g,냉장,냉장간편식,212,128,226.0,181,13,8,2025-05-11,2025-05 중순,7.1823
123516,롯데)전주비빔삼각김밥,미반,삼각김밥,171,71,225.0,97,46,6,2025-05-11,2025-05 중순,47.4227
123156,필스너우르켈 500ml캔(24입),맥주,수입맥주,172,73,223.5,126,31,5,2025-05-11,2025-05 중순,24.6032
170865,빅웨이브캔24입,맥주,수입맥주,167,67,223.0,126,30,6,2025-05-11,2025-05 중순,23.8095
115736,PB)카라멜치즈팝콘70g,과자,스낵류,172,75,222.0,104,42,6,2025-05-11,2025-05 중순,40.3846
201127,HK)컨디션헛개수500ml,음료,차음료,148,49,222.0,86,48,2,2025-05-11,2025-05 중순,55.814
118860,발베니 12년 싱글배럴 700ml,양주와인,양주,210,137,222.0,180,0,24,2025-05-11,2025-05 중순,0.0
117679,MQ)프링글스매운맛53g,과자,스낵류,165,77,221.0,107,43,0,2025-05-11,2025-05 중순,40.1869
115920,농심)매운새우깡90g,과자,스낵류,139,50,221.0,75,51,2,2025-05-11,2025-05 중순,68.0
113189,롯데)육즙가득삼겹살쌈장김밥,미반,김밥,174,70,220.0,109,44,0,2025-05-11,2025-05 중순,40.367
061344,다논)액티비아업딸기210ml,유음료,요구르트,158,56,220.0,102,42,2,2025-05-11,2025-05 중순,41.1765
108444,롯데)맛장우삼각더커진제육볶음,미반,삼각김밥,156,60,219.0,87,48,3,2025-05-11,2025-05 중순,55.1724
222165,오뚜기)바삭한빅핫도그120g,냉동,조리냉동,158,66,219.0,101,40,5,2025-05-11,2025-05 중순,39.604
124812,CJ)소바바소이허니치킨240g,냉동,조리냉동,164,69,219.0,123,32,3,2025-05-11,2025-05 중순,26.0163
601329, 7P)랑그드샤초코70g,과자,비스킷류,192,69,216.0,154,16,12,2025-05-11,2025-05 중순,10.3896
117746,오리온)닥터유단백질바50g,과자,프로틴/시리얼,146,59,214.0,97,40,2,2025-05-11,2025-05 중순,41.2371
202109,칠성)핫식스더킹파워355ml,음료,기능성드링크,160,77,214.0,111,38,0,2025-05-11,2025-05 중순,34.2342
061417,서울)커피우유300ml,유음료,가공우유,163,77,214.0,117,35,1,2025-05-11,2025-05 중순,29.9145
202702,칠성)핫식스더킹피치355ml,음료,기능성드링크,146,65,213.0,91,42,3,2025-05-11,2025-05 중순,46.1538
107691,K)릴 하이브리드3(비앙카화이트),담배,전자담배,193,81,213.0,173,12,4,2025-05-11,2025-05 중순,6.9364
053162,점보닭다리,즉석 식품,즉석치킨(삭제예정),178,71,213.0,137,27,3,2025-05-11,2025-05 중순,19.708
014634,그린)스팸김치볶음밥삼각,미반,삼각김밥,156,64,212.0,89,46,2,2025-05-11,2025-05 중순,51.6854
221554,대상)안주야직화무뼈닭발160g,냉동,조리냉동,162,60,212.0,124,30,2,2025-05-11,2025-05 중순,24.1935
062287,풀무원)요거톡스타볼132g,유음료,요구르트,163,70,212.0,111,30,11,2025-05-11,2025-05 중순,27.027
108070,칠성)펩시라임제로카페인500ml,음료,탄산음료,165,85,211.0,128,24,8,2025-05-12,2025-05 중순,18.75
141729,CJ)작은햇반현미밥130g,가공식품,가공미반류,147,51,210.0,101,38,1,2025-05-11,2025-05 중순,37.6238
124697,연세)검은콩고칼슘두유190ml,유음료,두유,156,59,209.0,94,42,3,2025-05-11,2025-05 중순,44.6809
113161,조니워커 블랙 700ml,양주와인,양주,178,106,209.0,157,16,3,2025-05-11,2025-05 중순,10.1911
140523,CJ)햇반황태국밥(컵반),가공식품,가공미반류,157,70,209.0,100,37,6,2025-05-11,2025-05 중순,37.0
132312,오뚜기)진라면순한맛큰컵,면,용기면,140,75,208.0,96,39,0,2025-05-11,2025-05 중순,40.625
108698,엔제이)훗카이도바나나카스테라,빵,간식빵,148,73,207.0,93,37,7,2025-05-11,2025-05 중순,39.7849
110665,한스 그레일 말보로 소비뇽 블랑(2022),양주와인,와인,180,121,206.0,164,10,6,2025-05-11,2025-05 중순,6.0976
124485,7P)스트롱사와복숭아500ml,양주와인,하이볼,184,79,205.0,133,27,5,2025-05-11,2025-05 중순,20.3008
120103,제스트)도쿄브레드메론빵,빵,간식빵,153,72,205.0,107,33,4,2025-05-11,2025-05 중순,30.8411
124561,농심)마라짜파게티큰사발,면,용기면,151,70,204.0,97,38,3,2025-05-11,2025-05 중순,39.1753
132145,농심)김치사발면,면,용기면,139,63,204.0,75,46,3,2025-05-11,2025-05 중순,61.3333
106475,코카)파워에이드스칼렛스톰600ml,음료,스포츠음료,130,51,202.0,86,40,0,2025-05-11,2025-05 중순,46.5116
123445,와일드 터키 마스터스 킵 트라이엄프,양주와인,양주,160,75,200.0,134,20,4,2025-05-11,2025-05 중순,14.9254
107127,PB)얼음컵(레귤러),즉석음료,얼음,136,69,199.0,89,37,3,2025-05-11,2025-05 중순,41.573
803767,5월 장보기 구독,,,189,150,198.0,180,6,1,2025-05-11,2025-05 중순,3.3333
106842,시원)흔들어먹는젤리소다포도280ml,음료,탄산음료,157,72,198.0,113,24,11,2025-05-11,2025-05 중순,21.2389
105954,삼립)메가불고기체다버거,조리빵,햄버거,160,66,193.0,101,37,1,2025-05-11,2025-05 중순,36.6337
109008,PB)바닐라초코마카다미아봉봉50g,과자,초콜릿,153,72,193.0,101,24,16,2025-05-11,2025-05 중순,23.7624
123739,CJ)비비고찰보리감자만두300g,냉동,냉동만두,155,72,193.0,107,32,2,2025-05-11,2025-05 중순,29.9065
202154,하이트)블랙보리라이트520ml,음료,차음료,126,41,192.0,74,41,2,2025-05-11,2025-05 중순,55.4054
084008,제스트)도쿄브레드소금버터빵,빵,간식빵,162,71,191.0,126,20,7,2025-05-11,2025-05 중순,15.873
113192,크라운)카라멜콘메이플1500,과자,스낵류,132,46,191.0,78,41,1,2025-05-11,2025-05 중순,52.5641
125326,그린)치킨마요에그말이,미반,삼각김밥,155,84,190.5,107,28,6,2025-05-11,2025-05 중순,26.1682
191866,빈티지)도그포인트쇼비뇽블랑750,양주와인,와인,161,103,190.0,134,14,9,2025-05-11,2025-05 중순,10.4478
200718,웅진)오곡누룽지500ml,음료,차음료,130,52,190.0,72,44,0,2025-05-11,2025-05 중순,61.1111
108514,삼립)메가불고기피자버거,조리빵,햄버거,156,60,190.0,101,36,0,2025-05-11,2025-05 중순,35.6436
150758,나뚜루)초코파인트,아이스크림,고급,176,72,190.0,134,23,2,2025-05-11,2025-05 중순,17.1642
123610,그린)더커진울진대게딱지장삼각,미반,삼각김밥,145,53,189.0,87,37,4,2025-05-11,2025-05 중순,42.5287
124783,에이스)마루와유지크림브륄레130g,건강/기호식품,쨈/꿀,158,72,188.0,134,15,6,2025-05-11,2025-05 중순,11.194
117575,PB)미니쌀약과1100,과자,비스킷류,137,56,188.0,82,38,3,2025-05-11,2025-05 중순,46.3415
115640,롯데)롯데샌드105g,과자,비스킷류,129,55,187.0,80,36,4,2025-05-11,2025-05 중순,45.0
083775,삼립)로켓단초코롤85g,빵,간식빵,130,48,187.0,73,42,1,2025-05-11,2025-05 중순,57.5342
123315,디저트39)저당슈크림모나카,아이스크림,노벨티,147,70,187.0,106,29,2,2025-05-11,2025-05 중순,27.3585
109583,신동엽)블랙서클하이볼레몬350ml캔,양주와인,하이볼,174,82,187.0,123,22,9,2025-05-11,2025-05 중순,17.8862
111366,롯데)가나초코바아몬드(골드),과자,초콜릿,137,51,186.0,86,37,1,2025-05-11,2025-05 중순,43.0233
125476,우진)샤또깡뜨낙브라운 21,양주와인,와인,155,64,186.0,127,12,13,2025-05-11,2025-05 중순,9.4488
202434,코카)코카콜라제로355ml,음료,탄산음료,120,49,186.0,67,40,4,2025-05-11,2025-05 중순,59.7015
124930,롯데)버터치킨카레덮밥,미반,도시락,153,68,185.0,113,25,4,2025-05-11,2025-05 중순,22.1239
107513,그린)더커진불닭콘참치마요삼각,미반,삼각김밥,150,66,184.0,98,30,6,2025-05-11,2025-05 중순,30.6122
115136,하리보)푸르티부시젤리100g,과자,젤리류,131,64,184.0,76,37,5,2025-05-11,2025-05 중순,48.6842
124032,에프투)검은콩두유190ml,유음료,두유,139,56,184.0,92,34,1,2025-05-11,2025-05 중순,36.9565
109649,야구장크림새우,즉석 식품,즉석치킨(삭제예정),142,43,183.0,105,28,1,2025-05-11,2025-05 중순,26.6667
124863,조니워커블랙셰리패키지,양주와인,양주,145,77,182.0,118,19,5,2025-05-11,2025-05 중순,16.1017
014635,그린)스팸마요계란김밥,미반,김밥,151,64,181.0,97,33,2,2025-05-11,2025-05 중순,34.0206
021788,리얼소프트햄&에그샌드,조리빵,샌드위치,156,76,181.0,122,18,7,2025-05-11,2025-05 중순,14.7541
124566,오뚜기)보들보들치즈볶음면매운맛,면,용기면,136,61,181.0,89,31,5,2025-05-11,2025-05 중순,34.8315
119586,PB)바프허니버터팝콘80g,과자,스낵류,128,62,179.0,77,36,3,2025-05-11,2025-05 중순,46.7532
124118,오뚜기)컵누들짬뽕맛소컵,면,용기면,120,49,179.0,71,34,7,2025-05-11,2025-05 중순,47.8873
125471,스텔라고메챌리스 패키지,맥주,수입맥주,151,91,178.0,137,13,1,2025-05-11,2025-05 중순,9.4891
105780,하림)더미식묵은지두부김치찌개350g,가공식품,상온간편식,144,53,178.0,105,28,0,2025-05-11,2025-05 중순,26.6667
125151,칠리불새버거,조리빵,햄버거,157,97,178.0,112,24,5,2025-05-11,2025-05 중순,21.4286
220653,오뚜기)오뚜기밥210g,가공식품,가공미반류,125,55,178.0,80,35,1,2025-05-11,2025-05 중순,43.75
123742,NEW갈비맛닭강정,미반,푸드 간편식,151,85,177.0,127,17,2,2025-05-11,2025-05 중순,13.3858
817349,서울)아침에주스사과210ml,유음료,냉장주스,148,78,176.0,125,17,2,2025-05-11,2025-05 중순,13.6
113193,롯데)칸쵸1300,과자,비스킷류,126,50,176.0,75,35,4,2025-05-11,2025-05 중순,46.6667
170273,오비)산토리프리미엄500ml캔,맥주,수입맥주,153,74,175.0,110,24,4,2025-05-11,2025-05 중순,21.8182
601353,농심)빵부장소금빵55g,과자,스낵류,123,50,174.0,75,33,5,2025-05-11,2025-05 중순,44.0
041426,제주우유생크림빵130g,디저트,냉장베이커리,133,63,173.0,85,28,8,2025-05-11,2025-05 중순,32.9412
141244,오뚜기)오곡밥210g,가공식품,가공미반류,116,51,173.0,76,32,3,2025-05-11,2025-05 중순,42.1053
140624,오뚜기)쇠고기미역국밥컵밥,가공식품,가공미반류,136,59,173.0,97,25,5,2025-05-11,2025-05 중순,25.7732
124356,듬뿍에그유부초밥,미반,초밥류,138,80,172.0,101,21,8,2025-05-11,2025-05 중순,20.7921
108726,빅모짜치즈불고기버거,조리빵,햄버거,139,68,172.0,103,21,7,2025-05-11,2025-05 중순,20.3883
132284,삼양)불닭볶음면소컵,면,용기면,130,56,172.0,81,35,0,2025-05-11,2025-05 중순,43.2099
124321,미켈롭울트라 330ml(6입),맥주,수입맥주,140,85,172.0,117,18,2,2025-05-11,2025-05 중순,15.3846
105775,빙그레)끌레도르츄러스앤크림바,아이스크림,노벨티,139,78,171.0,109,20,4,2025-05-11,2025-05 중순,18.3486
124481,듬뿍크래미유부초밥,미반,초밥류,140,61,171.0,96,26,5,2025-05-11,2025-05 중순,27.0833
132288,농심)짜파게티범벅,면,용기면,120,54,171.0,69,36,3,2025-05-11,2025-05 중순,52.1739
124856,간치아모스카토다스티DOCG,양주와인,와인,141,85,170.0,119,13,7,2025-05-11,2025-05 중순,10.9244
104535,크라운)죠리퐁1500,과자,스낵류,113,51,169.0,70,34,2,2025-05-11,2025-05 중순,48.5714
600592,PB)왕소라형스낵143g,과자,스낵류,126,66,169.0,80,33,1,2025-05-11,2025-05 중순,41.25
105949,마즈)비카인드단백질바40g,과자,프로틴/시리얼,121,47,169.0,86,28,2,2025-05-11,2025-05 중순,32.5581
106024,맛장우김밥오리지널,미반,김밥,134,51,168.0,92,25,6,2025-05-11,2025-05 중순,27.1739
125278,트윈샐러드샌드,조리빵,샌드위치,137,85,168.0,110,19,3,2025-05-11,2025-05 중순,17.2727
109548,PB)파스퇴르우유소프트콘190ml,아이스크림,노벨티,139,71,168.0,95,21,11,2025-05-11,2025-05 중순,22.1053
123131,"3,900매콤닭껍질튀김",미반,푸드 간편식,137,86,168.0,115,15,5,2025-05-11,2025-05 중순,13.0435
108083,PB)배에이드제로500ml,음료,주스,128,35,168.0,90,26,4,2025-05-11,2025-05 중순,28.8889
123588,롯데)맛장우삼각더커진비빔참치,미반,삼각김밥,125,56,167.0,76,32,4,2025-05-11,2025-05 중순,42.1053
106075,CJ)맛밤프로틴밤맛250mL,유음료,프로틴 음료,124,45,166.0,79,27,8,2025-05-11,2025-05 중순,34.1772
106843,PB)쿵야메론빙수270ml,아이스크림,노벨티,137,76,165.0,89,25,8,2025-05-11,2025-05 중순,28.0899
124962,불닭마요유부초밥,미반,초밥류,128,76,165.0,100,21,3,2025-05-11,2025-05 중순,21.0
014381,롯데)숯불치킨치밥삼각,미반,삼각김밥,120,48,164.0,69,35,2,2025-05-11,2025-05 중순,50.7246
021479,햄참치샐러드샌드,조리빵,샌드위치,136,73,163.0,105,20,3,2025-05-11,2025-05 중순,19.0476
109731,PB)바닐라라떼콘디카페인170ml,아이스크림,노벨티,119,56,163.0,76,28,6,2025-05-11,2025-05 중순,36.8421
124082,PB)밀크딸기콘170ml,아이스크림,노벨티,116,47,162.0,74,28,6,2025-05-11,2025-05 중순,37.8378
108851,현대)맛장우도시락 올데이뷔페,미반,도시락,152,61,162.0,106,24,2,2025-05-11,2025-05 중순,22.6415
141021,오뚜기)참치마요덮밥(컵밥),가공식품,가공미반류,128,58,162.0,90,26,2,2025-05-11,2025-05 중순,28.8889
109680,티머니_산리오키링(포차코),서비스 상품,일반서비스,144,106,161.0,124,9,6,2025-05-11,2025-05 중순,7.2581
202656,일화)맥콜제로250ml,음료,탄산음료,103,40,161.0,57,36,2,2025-05-11,2025-05 중순,63.1579
108601,롯데)뚠뚠햄치즈&포테이토샌드,조리빵,샌드위치,122,53,159.0,80,28,3,2025-05-11,2025-05 중순,35.0
123919,그린)더커진짜계치삼각김밥,미반,삼각김밥,136,57,159.0,77,30,7,2025-05-11,2025-05 중순,38.961
124964,CJ)햇반100%통곡물밥130g,가공식품,가공미반류,124,51,159.0,86,27,1,2025-05-11,2025-05 중순,31.3953
192642,7P)스트롱사와레몬500ml,양주와인,하이볼,128,68,159.0,93,20,7,2025-05-11,2025-05 중순,21.5054
053168,왕빅도그오리지날,즉석 식품,즉석치킨,107,29,158.0,59,33,5,2025-05-11,2025-05 중순,55.9322
180959,화요X.Premium,전통주,소주,152,112,158.0,137,0,12,2025-05-11,2025-05 중순,0.0
071880,더커진국물떡볶이300g,냉장,냉장간편식,133,53,158.0,89,23,7,2025-05-11,2025-05 중순,25.8427
108589,PB)착한닭가슴살(블랙페퍼),냉장,냉장간식,126,32,157.0,103,17,3,2025-05-11,2025-05 중순,16.5049
115478,육즙가득삼겹살쌈장김밥,미반,김밥,124,67,157.0,90,20,7,2025-05-11,2025-05 중순,22.2222
202566,칠성)핫식스더킹제로355ml,음료,기능성드링크,122,60,156.0,77,31,0,2025-05-11,2025-05 중순,40.2597
601673,농심)멘토스사워파인애플37.5g,과자,캔디류,118,43,156.0,67,32,4,2025-05-11,2025-05 중순,47.7612
191642,롯데)배비치블랙쇼비뇽블랑750ml,양주와인,와인,129,50,155.0,115,12,2,2025-05-11,2025-05 중순,10.4348
124704,종근당건강)아임비타에너지샷150ml,음료,기능성드링크,121,61,155.0,90,24,0,2025-05-11,2025-05 중순,26.6667
113577,롯데)빈츠102g(12입),과자,비스킷류,106,35,154.0,59,34,2,2025-05-11,2025-05 중순,57.6271
113170,엠즈)시나모롤우유케이크140g,디저트,시즌케익,147,97,154.0,134,3,7,2025-05-11,2025-05 중순,2.2388
117803,크라운)뽀또치즈타르트92g,과자,비스킷류,114,58,154.0,79,26,2,2025-05-11,2025-05 중순,32.9114
202492,코카)닥터페퍼500ml,음료,탄산음료,103,48,153.0,59,33,2,2025-05-11,2025-05 중순,55.9322
124516,롯데)최강록의로스팜에그샌드,조리빵,샌드위치,128,70,153.0,98,19,3,2025-05-11,2025-05 중순,19.3878
150955,롯데)구구콘160ml,아이스크림,노벨티,105,28,153.0,60,33,2,2025-05-11,2025-05 중순,55.0
105365,올리)순얼음3kg,즉석음료,얼음,146,72,152.0,128,9,2,2025-05-12,2025-05 중순,7.0312
105291,25년)얼음컵(벤티),즉석음료,얼음,101,32,151.0,59,32,2,2025-05-11,2025-05 중순,54.2373
021695,삼립)아메리칸베이컨체다버거,조리빵,햄버거,112,50,151.0,72,29,1,2025-05-11,2025-05 중순,40.2778
125119,럭히밥떡볶이김밥,미반,김밥,122,78,151.0,91,19,5,2025-05-11,2025-05 중순,20.8791
014442,더꽉찬한돈돈까스김밥,미반,김밥,118,61,151.0,83,22,5,2025-05-11,2025-05 중순,26.506
123564,롯데)맛장우김밥매콤제육,미반,김밥,118,44,151.0,77,28,1,2025-05-11,2025-05 중순,36.3636
201382,동원)오미자차500ml,음료,전통음료,98,49,150.0,60,29,4,2025-05-11,2025-05 중순,48.3333
105935,칠성)펩시라임제로카페인355ml,음료,탄산음료,115,48,149.0,65,32,2,2025-05-11,2025-05 중순,49.2308
192578,무학)앙리마티스보히가스에디션,양주와인,와인,141,65,149.0,131,4,4,2025-05-11,2025-05 중순,3.0534
107166,서울)커피타운바닐라250ml,유음료,컵커피,108,41,149.0,67,30,1,2025-05-11,2025-05 중순,44.7761
014441,스팸김치볶음김밥,미반,김밥,115,45,148.0,76,24,5,2025-05-11,2025-05 중순,31.5789
123594,롯데)햄치즈에그토스트샌드,조리빵,샌드위치,111,44,148.0,68,30,1,2025-05-11,2025-05 중순,44.1176
124234,라프로익 10년,양주와인,양주,122,66,148.0,105,12,4,2025-05-11,2025-05 중순,11.4286
117212,해태)구운감자27g,과자,스낵류,100,40,147.0,56,33,1,2025-05-11,2025-05 중순,58.9286
105781,아사히)아사히쇼쿠사이340ml캔,맥주,수입맥주,118,59,147.0,86,21,3,2025-05-11,2025-05 중순,24.4186
601674,농심)빵부장초코빵55g,과자,스낵류,101,43,147.0,63,26,6,2025-05-11,2025-05 중순,41.2698
161260,칠성)레쓰비마일드200ml,음료,커피음료,83,21,147.0,46,33,2,2025-05-11,2025-05 중순,71.7391
107704,삼립)그릴후랑크70g,냉장,냉장간식,104,53,146.0,70,26,2,2025-05-11,2025-05 중순,37.1429
600917,일신)리콜라크랜베리40g,과자,캔디류,106,46,146.0,62,29,4,2025-05-11,2025-05 중순,46.7742
061343,다논)액티비아업플레인210ml,유음료,요구르트,108,36,144.0,66,27,4,2025-05-11,2025-05 중순,40.9091
153136,CJ)비비고한식간장김자반20g,조미료/건물,건해산물,111,43,144.0,79,22,3,2025-05-11,2025-05 중순,27.8481
202732,PB)내몸애70% 500ml,음료,생수,98,38,144.0,59,31,0,2025-05-11,2025-05 중순,52.5424
170289,하이트)하이트제로355ml캔,맥주,무알콜맥주,118,42,143.0,76,25,3,2025-05-11,2025-05 중순,32.8947
014248,더꽉찬불고기&참치김밥,미반,김밥,111,55,143.0,83,19,4,2025-05-11,2025-05 중순,22.8916
105700,참치인가샌드위치,조리빵,샌드위치,112,53,142.0,76,21,6,2025-05-11,2025-05 중순,27.6316
062337,빙그레)더단백초코250ml,유음료,프로틴 음료,113,47,142.0,74,23,5,2025-05-11,2025-05 중순,31.0811
070751,동서)스타벅스라떼컵200ml,유음료,컵커피,91,34,142.0,55,30,1,2025-05-11,2025-05 중순,54.5455
061844,다논)액티비아업복숭아210ml,유음료,요구르트,107,39,141.0,67,27,2,2025-05-11,2025-05 중순,40.2985
052555,마일드넓적다리,즉석 식품,즉석치킨(삭제예정),102,39,140.0,70,24,2,2025-05-11,2025-05 중순,34.2857
124737,칠성)펩시콜라제로모히토500ml,음료,탄산음료,119,68,140.0,87,19,3,2025-05-11,2025-05 중순,21.8391
202058,칠성)밀키스340ml,음료,탄산음료,99,44,140.0,58,30,1,2025-05-11,2025-05 중순,51.7241
109477,끌레도르)피스타치오앤초코바90ml,아이스크림,노벨티,112,57,139.0,77,22,3,2025-05-11,2025-05 중순,28.5714
124977,오뚜기)콘크림스프크리스피롤55g,과자,스낵류,89,34,138.0,45,29,7,2025-05-11,2025-05 중순,64.4444
109657,MQ)켈로그콘푸로스트바35g,과자,프로틴/시리얼,100,49,138.0,62,27,2,2025-05-11,2025-05 중순,43.5484
108590,PB)착한닭가슴살(오리지널),냉장,냉장간식,109,30,138.0,87,16,3,2025-05-11,2025-05 중순,18.3908
061692,매일)소화가잘되는우유190ml,유음료,기능성우유,92,34,137.0,57,28,1,2025-05-11,2025-05 중순,49.1228
124854,간치아모스카토로제,양주와인,와인,118,81,136.0,104,7,6,2025-05-11,2025-05 중순,6.7308
201972,해태)구론산스파클링150ml,음료,기능성드링크,96,30,136.0,60,28,0,2025-05-11,2025-05 중순,46.6667
112721,롯데)꼬깔콘매콤달콤67g,과자,스낵류,97,38,136.0,58,27,3,2025-05-11,2025-05 중순,46.5517
112120,크라운)새콤달콤포도29g,과자,캔디류,88,31,136.0,45,32,2,2025-05-11,2025-05 중순,71.1111
107391,롯데)맛장우김밥더블햄마요,미반,김밥,94,42,135.0,59,27,1,2025-05-11,2025-05 중순,45.7627
170452,HN)버지미스터500ml캔,맥주,수입맥주,120,71,134.0,102,11,2,2025-05-11,2025-05 중순,10.7843
103841,농심)멘토스(미니)200,과자,캔디류,93,34,133.0,57,28,0,2025-05-11,2025-05 중순,49.1228
112762,골드후라이드치킨버거3.0,조리빵,햄버거,111,56,132.0,85,16,3,2025-05-11,2025-05 중순,18.8235
062602,동서)스타벅스바닐라라떼320ml,유음료,컵커피,82,27,131.0,47,29,1,2025-05-11,2025-05 중순,61.7021
124245,롯데)리얼소프트에그샌드,조리빵,샌드위치,106,39,131.0,71,20,5,2025-05-11,2025-05 중순,28.169
113171,엠즈)마이멜로디딸기케이크140g,디저트,시즌케익,125,78,131.0,114,1,8,2025-05-11,2025-05 중순,0.8772
111992,롯데)목캔디(오리지날),과자,캔디류,87,38,130.0,58,23,3,2025-05-11,2025-05 중순,39.6552
107692,K)릴 하이브리드3(누아르블랙),담배,전자담배,125,53,130.0,117,3,3,2025-05-11,2025-05 중순,2.5641
110706,안나벨라 나파 밸리 샤르도네(2018),양주와인,와인,117,89,130.0,108,4,5,2025-05-11,2025-05 중순,3.7037
120092,제스트)도쿄브레드훗카이도크림빵,빵,간식빵,104,59,129.0,76,18,3,2025-05-11,2025-05 중순,23.6842
062545,hy)쉼230ml,유음료,기능성우유,94,56,129.0,73,17,3,2025-05-11,2025-05 중순,23.2877
112406,롯데)골드후라이드치킨버거3.0,조리빵,햄버거,97,42,129.0,69,22,0,2025-05-11,2025-05 중순,31.8841
210337,오뚜기)참깨라면큰컵,면,용기면,87,35,129.0,52,25,4,2025-05-11,2025-05 중순,48.0769
202598,웅진)티즐제로자몽블랙티500ml,음료,차음료,90,39,129.0,53,26,3,2025-05-11,2025-05 중순,49.0566
107052,롯데)소고기고추장&참치마요,미반,삼각김밥,105,46,128.0,63,26,1,2025-05-11,2025-05 중순,41.2698
060974,덴마크)인포켓치즈20g,유음료,유제품,98,46,128.0,63,22,4,2025-05-11,2025-05 중순,34.9206
114915,오리온)스윙칩핫볶음고추장맛150,과자,스낵류,88,38,128.0,45,30,2,2025-05-11,2025-05 중순,66.6667
191233,산타캐롤리나까버네750ml,양주와인,와인,112,72,127.0,99,8,3,2025-05-11,2025-05 중순,8.0808
192130,반피끼안티750ml,양주와인,와인,103,60,127.0,87,11,4,2025-05-11,2025-05 중순,12.6437
123590,롯데)케이준치킨&햄샌드,조리빵,샌드위치,101,51,126.0,74,19,1,2025-05-11,2025-05 중순,25.6757
113847,오리온)닥터유다이제초코225g,과자,비스킷류,90,32,125.0,53,25,3,2025-05-11,2025-05 중순,47.1698
162359,CJ)맛군밤60g,안주,농산안주,94,43,125.0,72,18,1,2025-05-13,2025-05 중순,25.0
117267,마즈)이클립스복숭아31g,과자,캔디류,82,41,124.0,53,22,4,2025-05-12,2025-05 중순,41.5094
437482,파니니EPL축구카드36팩,문구/완구,일반완구,118,97,124.0,106,6,2,2025-05-11,2025-05 중순,5.6604
106282,PB)푸하하초코크림빵110g,디저트,냉장베이커리,97,44,124.0,60,23,3,2025-05-11,2025-05 중순,38.3333
112098,오리온)포카칩오리지널60g,과자,스낵류,79,32,124.0,41,28,3,2025-05-11,2025-05 중순,68.2927
061365,서울)딸기우유300ml,유음료,가공우유,90,33,124.0,57,25,0,2025-05-11,2025-05 중순,43.8596
124335,에이트)벤토불징어맛7g,안주,생선류,101,50,123.5,59,24,3,2025-05-11,2025-05 중순,40.678
210871,롯데)빵빠레바닐라175ml,아이스크림,노벨티,83,28,123.0,55,24,0,2025-05-11,2025-05 중순,43.6364
104492,롯데)몽쉘크림케익3300,과자,비스킷류,87,27,123.0,51,27,0,2025-05-11,2025-05 중순,52.9412
109628,그린)닭가슴살햄듬뿍샌드,조리빵,샌드위치,104,47,123.0,73,18,3,2025-05-11,2025-05 중순,24.6575
112125,롯데)꼬깔콘고소67g,과자,스낵류,83,38,123.0,53,25,0,2025-05-11,2025-05 중순,47.1698
180151,아사히)아사히500ml캔,맥주,수입맥주,95,44,123.0,62,22,2,2025-05-11,2025-05 중순,35.4839
107171,그린)참치김치볶음밥&치킨마요,미반,삼각김밥,99,42,122.0,57,26,1,2025-05-11,2025-05 중순,45.614
014071,그린)NEW햄참치마요네즈삼각,미반,삼각김밥,89,32,122.0,54,25,1,2025-05-11,2025-05 중순,46.2963
124777,오뚜기)열치즈라면큰컵,면,용기면,92,43,122.0,58,23,2,2025-05-11,2025-05 중순,39.6552
230018,동서)맥심모카골드20입,건강/기호식품,커피,85,33,122.0,54,24,1,2025-05-11,2025-05 중순,44.4444
211900,빙그레)호두과자붕어싸만코150ml,아이스크림,노벨티,92,49,122.0,62,21,2,2025-05-11,2025-05 중순,33.871
111990,오리온)오징어땅콩98g,과자,스낵류,73,25,122.0,40,28,1,2025-05-11,2025-05 중순,70.0
123089,와일드 터키 마스터스 킵 보이지,양주와인,양주,110,66,122.0,100,5,4,2025-05-11,2025-05 중순,5.0
061711,덴마크)초코초코우유300ml,유음료,가공우유,87,43,121.0,54,22,4,2025-05-11,2025-05 중순,40.7407
413688,선린)C타입일회용배터리2000신규_H,일용잡화,휴대폰/주변기기,96,65,121.0,83,12,1,2025-05-11,2025-05 중순,14.4578
123743,그린)기본김밥,미반,김밥,96,33,121.0,57,25,1,2025-05-11,2025-05 중순,43.8596
061561,덴마크)딸기딸기우유300ml,유음료,가공우유,92,42,121.0,60,21,3,2025-05-11,2025-05 중순,35.0
124486,7P)스트롱사와거봉500ml,양주와인,하이볼,110,52,121.0,74,17,5,2025-05-11,2025-05 중순,22.973
107412,진주햄)천하장사콰트로치즈50g,냉장,냉장간식,97,53,121.0,64,21,2,2025-05-11,2025-05 중순,32.8125
210382,팔도)비빔면봉지,면,봉지면,88,32,121.0,47,28,1,2025-05-11,2025-05 중순,59.5745
105428,매일)셀렉스모카초코250ml,유음료,프로틴 음료,93,30,121.0,60,22,2,2025-05-11,2025-05 중순,36.6667
191659,무학)보히가스까바브룻750ml,양주와인,와인,114,55,120.0,101,2,8,2025-05-11,2025-05 중순,1.9802
014339,참치김밥,미반,김밥,108,45,120.0,87,12,2,2025-05-11,2025-05 중순,13.7931
106690,PB)카페모카300ml,유음료,컵커피,101,58,119.0,72,16,4,2025-05-11,2025-05 중순,22.2222
124634,키키쿼카)스트레스볼set,과자,캔디류,101,72,119.0,86,12,0,2025-05-11,2025-05 중순,13.9535
118926,동서)리츠크래커(초코)77g,과자,비스킷류,76,32,119.0,52,22,1,2025-05-11,2025-05 중순,42.3077
083821,삼립)신선가득꿀호떡200g,빵,간식빵,87,36,119.0,51,23,4,2025-05-11,2025-05 중순,45.098
211373,롯데)일품팥빙수240ml,아이스크림,노벨티,79,30,118.0,48,23,3,2025-05-11,2025-05 중순,47.9167
070813,매일)바리스타에스프레소250ml,유음료,컵커피,87,33,118.0,51,22,5,2025-05-11,2025-05 중순,43.1373
112119,크라운)새콤달콤딸기29g,과자,캔디류,93,36,118.0,52,26,1,2025-05-11,2025-05 중순,50.0
180179,하이네)하이네켄500ml캔,맥주,수입맥주,103,41,117.0,66,22,0,2025-05-11,2025-05 중순,33.3333
123940,CJ)유기농콩나물270g,신선,야채,100,48,117.0,79,11,5,2025-05-11,2025-05 중순,13.9241
132622,오뚜기)진비빔면봉지,면,봉지면,78,29,117.0,54,21,1,2025-05-11,2025-05 중순,38.8889
053120,모짜쫀득치즈볼,즉석 식품,즉석치킨,83,33,117.0,54,20,4,2025-05-11,2025-05 중순,37.037
106542,웅진)유기농하늘보리500ml,음료,차음료,73,33,116.0,44,23,3,2025-05-11,2025-05 중순,52.2727
125078,그린)울트라트리플치즈버거,조리빵,햄버거,80,31,116.0,56,21,0,2025-05-11,2025-05 중순,37.5
124549,PB)바밤바꿀밤생크림빵120g,디저트,냉장베이커리,90,36,116.0,67,12,8,2025-05-11,2025-05 중순,17.9104
123301,엄마)스트로베리바크씬80g,과자,초콜릿,101,34,115.0,80,11,4,2025-05-11,2025-05 중순,13.75
053220,사세)매콤순살꼬치,즉석 식품,즉석치킨,77,34,115.0,48,24,0,2025-05-11,2025-05 중순,50.0
105886,롯데)맛장우도시락 고추장불백,미반,도시락,92,36,114.0,55,21,4,2025-05-11,2025-05 중순,38.1818
117048,오리온)태양의맛썬핫스파이시80g,과자,스낵류,85,45,114.0,46,26,1,2025-05-11,2025-05 중순,56.5217
123971,네슬레)킷캣청키로투스,과자,초콜릿,73,28,114.0,45,22,3,2025-05-11,2025-05 중순,48.8889
132373,팔도)김치도시락,면,용기면,85,47,114.0,62,18,1,2025-05-11,2025-05 중순,29.0323
107291,제스트)도쿄브레드메이플빵,빵,간식빵,99,62,114.0,75,12,5,2025-05-11,2025-05 중순,16.0
060929,서울)흰우유1.8L,유음료,흰우유,83,28,114.0,53,22,1,2025-05-11,2025-05 중순,41.5094
105982,그린)맛장우김밥오리지널,미반,김밥,91,45,114.0,63,19,1,2025-05-11,2025-05 중순,30.1587
123593,롯데)리얼소프트햄&에그샌드,조리빵,샌드위치,92,38,113.0,65,18,1,2025-05-11,2025-05 중순,27.6923
109279,롯데)찰떡아이스부여알밤90ml,아이스크림,노벨티,94,42,113.0,56,17,9,2025-05-11,2025-05 중순,30.3571
125609,정승제)평생못해요 티셔츠_L,패션잡화,시즌/소품,77,47,113.0,57,16,4,2025-05-15,2025-05 중순,28.0702
105931,농심)누들핏김치사발면맛,면,용기면,85,28,113.0,60,18,2,2025-05-11,2025-05 중순,30.0
125608,정승제)평생못해요 티셔츠_XL,패션잡화,시즌/소품,93,64,112.0,83,9,1,2025-05-15,2025-05 중순,10.8434
021803,롯데)더블치즈불고기버거,조리빵,햄버거,85,28,112.0,53,22,1,2025-05-11,2025-05 중순,41.5094
181021,롯데)새로소주640ml페트,전통주,소주,82,31,112.0,55,21,0,2025-05-11,2025-05 중순,38.1818
062468,동서)스타벅스라떼320ml,유음료,컵커피,75,25,112.0,42,25,1,2025-05-11,2025-05 중순,59.5238
014622,롯데)유부초밥4입,미반,초밥류,83,33,112.0,56,20,1,2025-05-11,2025-05 중순,35.7143
202655,이노엔)티로그청귤아이스티500ml,음료,차음료,78,37,112.0,44,24,2,2025-05-11,2025-05 중순,54.5455
073574,진주햄)자메이카바베큐닭다리,냉장,냉장안주,87,35,111.0,68,14,2,2025-05-11,2025-05 중순,20.5882
124325,카스라이트500ml(8입)+알통잔2개,맥주,수입맥주,93,50,111.0,68,11,8,2025-05-11,2025-05 중순,16.1765
106989,그린)킹장우치킨마요삼각,미반,삼각김밥,95,33,110.0,55,23,1,2025-05-11,2025-05 중순,41.8182
108705,롯데)의성마늘프랑크김밥,미반,김밥,91,41,110.0,57,21,1,2025-05-11,2025-05 중순,36.8421
192580,무학)드보뀌베D 750ml,양주와인,와인,101,62,110.0,90,7,1,2025-05-11,2025-05 중순,7.7778
124733,칠성)핫식스더킹메가제로500ml,음료,기능성드링크,80,33,109.0,51,21,1,2025-05-11,2025-05 중순,41.1765
202625,웅진)자연은더말린복숭아500ml,음료,주스,80,34,109.0,49,22,1,2025-05-11,2025-05 중순,44.898
014251,그린)스팸김치볶음김밥,미반,김밥,82,26,109.0,46,24,1,2025-05-11,2025-05 중순,52.1739
125393,탱글쏘야&불고기도시락,미반,도시락,76,32,109.0,53,19,1,2025-05-19,2025-05 중순,35.8491
106666,PB)아메리카노300ml,유음료,컵커피,86,47,109.0,68,14,1,2025-05-11,2025-05 중순,20.5882
124567,동아제약)얼박_오리지널230ml,즉석음료,파우치,83,40,109.0,60,18,0,2025-05-11,2025-05 중순,30.0
202460,칠성)칸타타콘트라베이스디카페,음료,커피음료,94,41,108.0,63,19,0,2025-05-11,2025-05 중순,30.1587
202624,웅진)자연은더말린자몽500ml,음료,주스,80,43,108.0,57,17,2,2025-05-11,2025-05 중순,29.8246
123591,롯데)햄&참치샐러드샌드,조리빵,샌드위치,86,34,108.0,54,20,2,2025-05-11,2025-05 중순,37.037
094522,프레시팜)착한달걀15입(대란),신선,수축산/계란,89,25,108.0,57,20,1,2025-05-11,2025-05 중순,35.0877
123595,롯데)참치인가샌드위치,조리빵,샌드위치,86,36,108.0,57,20,0,2025-05-11,2025-05 중순,35.0877
115628,오리온)눈을감자56g,과자,스낵류,70,30,108.0,46,20,2,2025-05-11,2025-05 중순,43.4783
124459,PB)쫀득쿠키멜로바60g,과자,캔디류,92,57,108.0,75,11,2,2025-05-11,2025-05 중순,14.6667
141542,오뚜기)카레컵밥,가공식품,가공미반류,87,33,107.0,60,17,2,2025-05-11,2025-05 중순,28.3333
125327,탐나불린셰리캐스크700ml,양주와인,양주,90,57,107.0,80,7,3,2025-05-11,2025-05 중순,8.75
107273,크라운)콘칩초당70g,과자,스낵류,84,40,107.0,45,23,3,2025-05-11,2025-05 중순,51.1111
132140,농심)튀김우동큰사발,면,용기면,70,34,107.0,39,24,1,2025-05-11,2025-05 중순,61.5385
123880,와일드 터키 8년,양주와인,양주,99,70,107.0,94,3,2,2025-05-11,2025-05 중순,3.1915
113680,네이키드 몰트700ml,양주와인,양주,90,51,107.0,70,6,11,2025-05-11,2025-05 중순,8.5714
114611,해태)허니버터칩60g,과자,스낵류,69,28,106.0,36,25,1,2025-05-11,2025-05 중순,69.4444
108657,롯데)빅모짜치즈불고기버거,조리빵,햄버거,78,26,106.0,44,24,0,2025-05-11,2025-05 중순,54.5455
112581,마즈)스니커즈픽앤믹스20g,과자,초콜릿,77,43,106.0,58,16,1,2025-05-11,2025-05 중순,27.5862
062575,PB)앙리마티스카페라떼250ml,유음료,컵커피,83,42,106.0,59,17,1,2025-05-11,2025-05 중순,28.8136
125675,칭따오드래프트1L,맥주,수입맥주,97,71,105.0,90,4,2,2025-05-13,2025-05 중순,4.4444
125081,롯데)뚠뚠치킨&에그샌드,조리빵,샌드위치,80,41,105.0,57,17,1,2025-05-11,2025-05 중순,29.8246
082505,삼립)크림빵75g,빵,간식빵,64,25,104.5,36,23,1,2025-05-11,2025-05 중순,63.8889
123538,라파우라 스프링스 소비뇽 블랑,양주와인,와인,89,59,104.0,78,4,7,2025-05-11,2025-05 중순,5.1282
124033,에프투)호두아몬드두유190ml,유음료,두유,81,36,104.0,59,16,1,2025-05-11,2025-05 중순,27.1186
141142,오뚜기)옛날사골곰탕500ml,가공식품,상온간편식,79,43,104.0,58,16,1,2025-05-11,2025-05 중순,27.5862
124326,스텔라330ml(6입)+큐피드 챌리스 2개,맥주,수입맥주,87,38,104.0,66,14,1,2025-05-11,2025-05 중순,21.2121
053186,케이준순살치킨,즉석 식품,즉석치킨(삭제예정),65,19,103.0,44,20,0,2025-05-11,2025-05 중순,45.4545
161245,동서)스타벅스더블샷200ml,음료,커피음료,75,34,103.0,43,23,0,2025-05-11,2025-05 중순,53.4884
053173,버팔로윙봉,즉석 식품,즉석치킨(삭제예정),71,28,103.0,47,20,0,2025-05-12,2025-05 중순,42.5532
180036,오비)카스500ml캔,맥주,국산맥주,91,50,103.0,64,15,2,2025-05-11,2025-05 중순,23.4375
180865,제주와이너리귤로만10도*3병,전통주,기타전통주,89,48,103.0,68,8,8,2025-05-11,2025-05 중순,11.7647
123634,CJ)쁘띠첼과일젤리밀감90g,디저트,젤리,76,38,102.0,46,20,2,2025-05-11,2025-05 중순,43.4783
092869,풀무원)소가찌개두부290g,신선,야채,68,31,102.0,45,20,0,2025-05-11,2025-05 중순,44.4444
124908,와일드터키롱브랜치,양주와인,양주,82,49,102.0,63,10,6,2025-05-11,2025-05 중순,15.873
101961,오뚜기)뿌셔뿌셔불고기90g,과자,스낵류,71,21,101.0,37,23,2,2025-05-11,2025-05 중순,62.1622
132281,PB)우리쌀누룽지(큰컵),가공식품,가공미반류,72,24,100.0,45,19,2,2025-05-11,2025-05 중순,42.2222
123563,롯데)더꽉찬불고기&참치김밥,미반,김밥,88,39,100.0,57,17,2,2025-05-11,2025-05 중순,29.8246
109155,울트라더블빅불고기버거,조리빵,햄버거,82,35,100.0,66,11,2,2025-05-11,2025-05 중순,16.6667
161186,코카)코카콜라500ml,음료,탄산음료,65,20,100.0,37,22,1,2025-05-11,2025-05 중순,59.4595
073170,CJ)맥스봉직화청양꼬치바90g,냉장,냉장간식,83,34,100.0,70,7,5,2025-05-11,2025-05 중순,10.0
108750,의성마늘프랑크김밥,미반,김밥,71,32,99.0,38,16,10,2025-05-11,2025-05 중순,42.1053
106639,오뚜기)골드치킨마요덮밥(컵밥),가공식품,가공미반류,76,31,98.0,54,15,2,2025-05-11,2025-05 중순,27.7778
123635,CJ)쁘띠첼과일젤리포도90g,디저트,젤리,68,32,98.0,42,19,2,2025-05-11,2025-05 중순,45.2381
106555,종근당)멀티비타부스터샷20ML,건강/기호식품,건강/이너뷰티,72,29,98.0,52,15,2,2025-05-11,2025-05 중순,28.8462
125012,프롬더배럴500ml,양주와인,양주,83,52,98.0,71,6,5,2025-05-11,2025-05 중순,8.4507
014255,그린)참치마요햄말이주먹밥,미반,삼각김밥,80,36,98.0,50,18,2,2025-05-11,2025-05 중순,36.0
118342,농심)벌집핏자90g,과자,스낵류,74,48,97.0,52,16,1,2025-05-11,2025-05 중순,30.7692
080479,행복담기)훈제란2입,냉장,냉장간식,69,30,97.0,42,19,2,2025-05-11,2025-05 중순,45.2381
109582,신동엽)블랙서클하이볼오리지널350ml캔,양주와인,하이볼,86,46,97.0,63,12,3,2025-05-11,2025-05 중순,19.0476
125150,롯데)칠리불새버거,조리빵,햄버거,77,34,97.0,48,18,2,2025-05-11,2025-05 중순,37.5
021768,햄치즈에그토스트샌드2,조리빵,샌드위치,81,48,97.0,61,11,4,2025-05-11,2025-05 중순,18.0328
061364,서울)초코우유300ml,유음료,가공우유,68,28,96.0,48,17,0,2025-05-11,2025-05 중순,35.4167
053204,델리숯불닭꼬치,즉석 식품,즉석치킨,67,32,96.0,43,17,3,2025-05-11,2025-05 중순,39.5349
116249,롯데)오잉75g,과자,스낵류,76,37,96.0,46,20,0,2025-05-11,2025-05 중순,43.4783
124261,맥캘란 12년 셰리오크,양주와인,양주,93,80,96.0,84,0,7,2025-05-11,2025-05 중순,0.0
360450, 일신)리뉴여행용60ml세트_H,약품/의료품,의약외품,71,39,96.0,58,12,1,2025-05-11,2025-05 중순,20.6897
113252,롯데)더커진육즙가득삼겹살삼각,미반,삼각김밥,76,36,96.0,44,21,0,2025-05-11,2025-05 중순,47.7273
391120,유한)크리넥스마이비데물티슈10,위생용품,티슈,77,35,96.0,52,15,3,2025-05-11,2025-05 중순,28.8462
062539,남양)아몬드데이언스위트190ml,유음료,기능성우유,75,26,95.0,56,13,2,2025-05-11,2025-05 중순,23.2143
108734,정관장)에너지활기력샷20ml,건강/기호식품,건강/이너뷰티,75,23,95.0,63,11,0,2025-05-11,2025-05 중순,17.4603
191932,금양)신퀀타750ml,양주와인,와인,82,41,95.0,73,4,5,2025-05-11,2025-05 중순,5.4795
125611,정승제)평생못해요 티셔츠_S,패션잡화,시즌/소품,74,54,95.0,63,10,1,2025-05-14,2025-05 중순,15.873
124489,안유성)나폴리탄파스타230g,간식,냉장피자,69,29,95.0,54,11,4,2025-05-11,2025-05 중순,20.3704
210394,오뚜기)라면볶이큰컵,면,용기면,71,29,95.0,47,18,0,2025-05-11,2025-05 중순,38.2979
124619,포켓델리치킨난반,미반,푸드 간편식,84,56,94.0,70,8,2,2025-05-11,2025-05 중순,11.4286
113162,조니워커블론드 700ml,양주와인,양주,79,57,94.0,67,6,5,2025-05-11,2025-05 중순,8.9552
013196,유부초밥4입,미반,초밥류,77,51,94.0,56,11,5,2025-05-11,2025-05 중순,19.6429
390977,PB)new미용티슈200매*3입,위생용품,티슈,81,48,94.0,60,13,1,2025-05-11,2025-05 중순,21.6667
123411,클룹)애사비소다500ml,음료,탄산음료,70,29,93.0,48,16,1,2025-05-11,2025-05 중순,33.3333
132149,농심)신라면큰사발,면,용기면,51,17,93.0,28,22,0,2025-05-12,2025-05 중순,78.5714
125050,롯데)사천식마파두부덮밥,미반,도시락,74,46,93.0,58,12,1,2025-05-11,2025-05 중순,20.6897
220542,동원)양반쇠고기죽285g,가공식품,가공미반류,70,26,93.0,50,15,1,2025-05-11,2025-05 중순,30.0
125077,그린)럭히밥떡볶이김밥,미반,김밥,80,38,93.0,55,15,1,2025-05-11,2025-05 중순,27.2727
192489,아벨라워12년700ml,양주와인,양주,80,63,93.0,73,6,1,2025-05-11,2025-05 중순,8.2192
124859,조니워커블루뱀띠에디션1L,양주와인,양주,86,69,93.0,81,2,3,2025-05-11,2025-05 중순,2.4691
116687,크라운)키커바 녹차1000,과자,초콜릿,79,35,93.0,54,16,0,2025-05-11,2025-05 중순,29.6296
132164,농심)사리곰탕큰사발면,면,용기면,61,25,92.0,37,19,1,2025-05-11,2025-05 중순,51.3514
107703,롯데)맛장우삼각더커진소고기고추장,미반,삼각김밥,70,34,92.0,43,19,0,2025-05-11,2025-05 중순,44.186
600591,PB)이브이초코칩쿠키132g,과자,스낵류,66,33,91.0,41,18,1,2025-05-11,2025-05 중순,43.9024
390811,PB)키친타올150매*4롤,위생용품,티슈,68,31,91.0,50,14,1,2025-05-11,2025-05 중순,28.0
061530,뉴초이스)아쌈밀크티300ml,유음료,가공우유,64,16,91.0,44,16,1,2025-05-11,2025-05 중순,36.3636
125115,울트라트리플치즈버거,조리빵,햄버거,77,39,91.0,60,9,4,2025-05-11,2025-05 중순,15.0
061662,동서)스타벅스라떼270ml,유음료,컵커피,57,22,91.0,36,19,0,2025-05-11,2025-05 중순,52.7778
124726,삼립)로만밀햄치즈에그머핀,조리빵,햄버거,71,40,90.0,53,13,1,2025-05-11,2025-05 중순,24.5283
061351,매일)바리스타로슈거250ml,유음료,컵커피,73,35,90.0,50,15,1,2025-05-11,2025-05 중순,30.0
083847,삼립)주종발효단팥크림빵115g,빵,간식빵,64,27,90.0,39,19,0,2025-05-11,2025-05 중순,48.7179
123562,롯데)더꽉찬직화불고기김밥,미반,김밥,73,32,90.0,48,16,1,2025-05-11,2025-05 중순,33.3333
125333,롯데)티처스맵닭치킨치즈버거,조리빵,햄버거,68,42,90.0,53,13,0,2025-05-11,2025-05 중순,24.5283
212050,빙그레)슈크림붕어싸만코150ml,아이스크림,노벨티,71,30,90.0,55,12,1,2025-05-11,2025-05 중순,21.8182
124920,삼립)로만밀포테이토햄샌드,조리빵,샌드위치,73,35,89.0,51,15,0,2025-05-11,2025-05 중순,29.4118
109092,네슬레)프루팁스하와이안,과자,젤리류,59,20,89.0,39,16,2,2025-05-11,2025-05 중순,41.0256
201423,농심)백산수500ml,음료,생수,57,19,89.0,35,19,0,2025-05-11,2025-05 중순,54.2857
106676,크라운)마이쮸리치44g,과자,캔디류,64,32,88.0,42,14,4,2025-05-11,2025-05 중순,33.3333
123753,삼립)메가불고기에그버거,조리빵,햄버거,70,28,88.0,39,20,0,2025-05-11,2025-05 중순,51.2821
160446,칠성)마운틴듀355ml,음료,탄산음료,58,33,88.0,41,16,0,2025-05-11,2025-05 중순,39.0244
400960,동화)부채표까스활75ml,약품/의료품,의약외품,70,26,88.0,36,20,2,2025-05-11,2025-05 중순,55.5556
210332,팔도)도시락,면,용기면,65,37,88.0,41,17,1,2025-05-11,2025-05 중순,41.4634
115925,농심)양파링80g,과자,스낵류,61,23,88.0,27,23,1,2025-05-11,2025-05 중순,85.1852
117105,롯데)말랑카우(봉지),과자,캔디류,56,24,88.0,36,18,0,2025-05-11,2025-05 중순,50.0
124905,팔도)볼케이노까르보나라큰컵,면,용기면,65,28,88.0,37,19,1,2025-05-11,2025-05 중순,51.3514
124745,PB)산리오마이멜로디아샷추복숭아350ml,음료,차음료,67,32,87.0,49,11,4,2025-05-11,2025-05 중순,22.449
108451,동서)레드불퍼플250ml,음료,기능성드링크,64,33,87.0,48,13,1,2025-05-11,2025-05 중순,27.0833
192102,앙리마티스하트750ml,양주와인,와인,78,52,87.0,67,4,5,2025-05-11,2025-05 중순,5.9701
132143,농심)새우탕큰사발,면,용기면,57,22,87.0,32,20,0,2025-05-11,2025-05 중순,62.5
124744,PB)산리오포차코아망추망고350ml,음료,차음료,71,34,87.0,49,12,4,2025-05-11,2025-05 중순,24.4898
125610,정승제)평생못해요 티셔츠_M,패션잡화,시즌/소품,60,35,87.0,46,13,1,2025-05-15,2025-05 중순,28.2609
013831,유부초밥&크림치즈롤,미반,김밥,69,44,86.0,58,9,1,2025-05-11,2025-05 중순,15.5172
191828,CSR)텍스트북까버네750ml,양주와인,와인,72,23,86.0,60,5,6,2025-05-11,2025-05 중순,8.3333
601579,PB)단백질바넛츠50g,과자,프로틴/시리얼,57,30,86.0,40,15,1,2025-05-11,2025-05 중순,37.5
124734,빙그레)딥앤로우쫀득카라멜바70ml,아이스크림,노벨티,66,30,86.0,35,16,6,2025-05-11,2025-05 중순,45.7143
112100,오리온)포카칩양파맛60g,과자,스낵류,54,17,86.0,30,20,0,2025-05-11,2025-05 중순,66.6667
812444,엠즈)삿포로500ml캔,맥주,수입맥주,77,49,86.0,54,13,1,2025-05-11,2025-05 중순,24.0741
124480,화요3종세트(나혼렙에디션),전통주,소주,80,63,85.5,72,2,4,2025-05-11,2025-05 중순,2.7778
600965,PB)아몬드피넛초콜릿80g,과자,초콜릿,60,18,85.5,40,13,4,2025-05-11,2025-05 중순,32.5
210870,롯데)빵빠레초코175ml,아이스크림,노벨티,67,21,85.0,41,16,2,2025-05-11,2025-05 중순,39.0244
124433,농심)누들핏튀김우동맛,면,용기면,68,29,85.0,43,16,1,2025-05-11,2025-05 중순,37.2093
124461,조니워커 블랙 루비 700ml,양주와인,양주,60,37,85.0,46,11,3,2025-05-11,2025-05 중순,23.913
124643,롯데)월드콘저당160ml,아이스크림,노벨티,72,38,85.0,46,14,3,2025-05-11,2025-05 중순,30.4348
070134,서울)커피우유200ml,유음료,가공우유,61,29,85.0,44,13,2,2025-05-11,2025-05 중순,29.5455
125159,현대)트윈샐러드샌드,조리빵,샌드위치,75,48,85.0,59,9,2,2025-05-11,2025-05 중순,15.2542
132673,삼양)네가지치즈불닭볶음면(큰컵,면,용기면,63,28,85.0,37,17,2,2025-05-11,2025-05 중순,45.9459
106706,풍림)캐러멜커스터드푸딩120g,디저트,젤리,79,53,85.0,73,3,2,2025-05-11,2025-05 중순,4.1096
109799,에이스)한입미니도나스18g,빵,구움과자,76,39,84.0,52,14,0,2025-05-11,2025-05 중순,26.9231
160800,농심)카프리썬오렌지,음료,주스,55,18,84.0,28,20,1,2025-05-11,2025-05 중순,71.4286
202503,동원)테이크얼라이브망고500ml,음료,주스,59,34,84.0,40,15,1,2025-05-11,2025-05 중순,37.5
106862,풀무원)그릭시그니처150g,유음료,요구르트,65,31,84.0,46,12,3,2025-05-11,2025-05 중순,26.087
125076,그린)럭히밥더커진떡볶이삼각,미반,삼각김밥,71,38,84.0,46,15,1,2025-05-11,2025-05 중순,32.6087
222681,오뚜기)순후추치킨180g,냉동,조리냉동,66,34,84.0,45,12,4,2025-05-11,2025-05 중순,26.6667
132148,농심)신라면소컵,면,용기면,55,30,84.0,34,17,1,2025-05-11,2025-05 중순,50.0
115924,농심)포스틱84g,과자,스낵류,59,27,84.0,34,18,1,2025-05-11,2025-05 중순,52.9412
150946,롯데)돼지바70ml,아이스크림,노벨티,56,25,83.0,30,19,1,2025-05-11,2025-05 중순,63.3333
111179,CJ)만능계란볶음밥200g,냉동,냉동간편식,66,37,83.0,49,12,1,2025-05-11,2025-05 중순,24.4898
124958,롯데)새로소주다래360ml병,전통주,기타전통주,74,35,83.0,47,15,1,2025-05-11,2025-05 중순,31.9149
118444,하리보)해피그레이프100g,과자,젤리류,63,23,83.0,38,16,2,2025-05-11,2025-05 중순,42.1053
123878,풀무원다논)액티비아딸기150g,유음료,요구르트,62,26,83.0,41,15,1,2025-05-11,2025-05 중순,36.5854
109457,그린)참치김치볶음밥에그말이,미반,삼각김밥,71,29,83.0,40,17,2,2025-05-11,2025-05 중순,42.5
115107,코퍼독 700ml,양주와인,양주,65,36,83.0,49,8,6,2025-05-11,2025-05 중순,16.3265
124713,이노엔)티로그자두아이스티500ml,음료,차음료,60,27,82.0,43,14,0,2025-05-11,2025-05 중순,32.5581
161092,오츠카)포카리스웨트620ml,음료,스포츠음료,50,21,82.0,29,17,2,2025-05-11,2025-05 중순,58.6207
070123,정식품)베지밀A(병)190ml,유음료,두유,62,25,82.0,39,15,2,2025-05-11,2025-05 중순,38.4615
105947,맛장우김밥매콤제육,미반,김밥,72,41,82.0,50,12,2,2025-05-11,2025-05 중순,24.0
150929,해태)누가바70ml,아이스크림,노벨티,61,26,82.0,36,17,1,2025-05-11,2025-05 중순,47.2222
062570,요즘)블루베리콩포트그릭요거트,유음료,요구르트,61,24,81.0,51,10,0,2025-05-11,2025-05 중순,19.6078
124438,코젤다크 디퓨저&전용잔 패키지(최적음용기한2025년11월30일),맥주,수입맥주,66,45,81.0,58,7,1,2025-05-11,2025-05 중순,12.069
070730,매일)바리스타모카프레소250ml,유음료,컵커피,67,26,81.0,46,14,0,2025-05-11,2025-05 중순,30.4348
118528,오리온)그래놀라바단백질바40g,과자,프로틴/시리얼,63,22,81.0,40,16,0,2025-05-11,2025-05 중순,40.0
114812,하리보)해피콜라젤리100g,과자,젤리류,73,25,81.0,47,15,0,2025-05-11,2025-05 중순,31.9149
115643,롯데)제크100g,과자,비스킷류,65,28,81.0,39,17,0,2025-05-11,2025-05 중순,43.5897
111782,롯데)가나초코바45g,과자,초콜릿,58,15,81.0,38,15,1,2025-05-12,2025-05 중순,39.4737
124712,하이트)블랙보리누룽지520ml,음료,차음료,62,22,81.0,38,16,1,2025-05-11,2025-05 중순,42.1053
118765,오리온)고래밥볶음양념맛46g,과자,비스킷류,53,24,81.0,27,20,0,2025-05-11,2025-05 중순,74.0741
124291,일신)캇예스레인보우75g,과자,젤리류,61,29,81.0,45,10,4,2025-05-11,2025-05 중순,22.2222
107399,맛장우김밥 더블햄마요,미반,김밥,70,46,81.0,58,8,1,2025-05-11,2025-05 중순,13.7931
107138,PB)제로곤약젤리사과140ml,디저트,젤리,59,23,81.0,42,14,0,2025-05-11,2025-05 중순,33.3333
109679,티머니_산리오키링(시나모롤),서비스 상품,일반서비스,75,59,80.5,66,4,2,2025-05-11,2025-05 중순,6.0606
125729,텐죠무겐보노보노준마이 (MD추천),전통주,기타전통주,77,61,80.0,75,1,1,2025-05-16,2025-05 중순,1.3333
118471,오리온)치즈뿌린치킨팝65g,과자,스낵류,51,19,80.0,30,17,1,2025-05-11,2025-05 중순,56.6667
192644,7P)스트롱사와라임500ml,양주와인,하이볼,68,36,80.0,51,10,2,2025-05-11,2025-05 중순,19.6078
109875,삼립)더블에그햄샌드위치,조리빵,샌드위치,63,28,80.0,40,15,1,2025-05-11,2025-05 중순,37.5
124231,메이커스 마크,양주와인,양주,68,43,80.0,58,5,4,2025-05-11,2025-05 중순,8.6207
083771,PB)쏘스윗카스테라160g,빵,간식빵,65,38,80.0,50,9,3,2025-05-11,2025-05 중순,18.0
390944,PB)프리미엄3겹데코24롤,위생용품,티슈,57,24,79.5,40,13,1,2025-05-11,2025-05 중순,32.5
072978,CJ)맥스봉직화구이꼬치바90g,냉장,냉장간식,69,35,79.0,52,8,4,2025-05-11,2025-05 중순,15.3846
170407,오비)버드와이저740ml캔,맥주,수입맥주,63,26,79.0,43,14,0,2025-05-11,2025-05 중순,32.5581
132787,농심)배홍동쫄쫄면129g,면,봉지면,57,21,79.0,33,16,2,2025-05-11,2025-05 중순,48.4848
600349,PB)신당동떡볶이스낵132g,과자,스낵류,56,28,79.0,32,17,1,2025-05-11,2025-05 중순,53.125
202694,칠성)핫식스제로250ml,음료,기능성드링크,59,20,79.0,34,16,2,2025-05-11,2025-05 중순,47.0588
391016,깨끗한)깨끗한나라물티슈20매,위생용품,티슈,69,41,78.0,46,13,1,2025-05-11,2025-05 중순,28.2609
191660,아영)오이스터베이쇼비뇽블랑750,양주와인,와인,67,44,78.0,55,5,5,2025-05-11,2025-05 중순,9.0909
123162,필스너우르켈 330ml캔(24입),맥주,수입맥주,59,35,77.5,41,11,3,2025-05-11,2025-05 중순,26.8293
210084,삼양)삼양라면봉지,면,봉지면,55,22,77.0,34,16,0,2025-05-11,2025-05 중순,47.0588
124979,SAMG)하츄핑비스킷65g,과자,비스킷류,54,27,77.0,38,13,1,2025-05-11,2025-05 중순,34.2105
220614,CJ)큰햇반300g,가공식품,가공미반류,53,21,77.0,33,16,0,2025-05-11,2025-05 중순,48.4848
202502,동원)테이크얼라이브스위티자몽5,음료,주스,54,21,77.0,28,18,1,2025-05-11,2025-05 중순,64.2857
125069,산토리500ml(8입)*전용잔2개,맥주,수입맥주,62,41,77.0,49,8,3,2025-05-11,2025-05 중순,16.3265
053205,매콤숯불닭꼬치,즉석 식품,즉석치킨,48,14,77.0,29,16,1,2025-05-11,2025-05 중순,55.1724
202369,칠성)펩시콜라제로500ml,음료,탄산음료,59,36,77.0,47,9,2,2025-05-11,2025-05 중순,19.1489
211091,롯데)찰옥수수140ml,아이스크림,노벨티,54,21,76.0,35,15,0,2025-05-11,2025-05 중순,42.8571
083832,삼립)정통보름달88g,빵,간식빵,52,20,76.0,34,15,0,2025-05-11,2025-05 중순,44.1176
116101,동서)리츠크래커80g,과자,비스킷류,52,24,76.0,32,16,0,2025-05-11,2025-05 중순,50.0
201711,코카)몬스터에너지(울트라)355ml,음료,기능성드링크,60,19,76.0,38,15,0,2025-05-11,2025-05 중순,39.4737
109318, 해태)바밤바샌드180ml,아이스크림,노벨티,54,28,75.0,34,13,3,2025-05-11,2025-05 중순,38.2353
124778,오리온)마켓오크림치즈브라우니12P,과자,비스킷류,58,23,75.0,43,11,1,2025-05-11,2025-05 중순,25.5814
180999,북극곰의눈물720ml*2입세트,전통주,기타전통주,66,48,75.0,60,3,3,2025-05-11,2025-05 중순,5.0
125293,이노엔)새싹보리블랙500ml,음료,차음료,66,25,75.0,43,13,1,2025-05-12,2025-05 중순,30.2326
113159,조니워커골드750ml,양주와인,양주,67,47,75.0,57,4,4,2025-05-11,2025-05 중순,7.0175
124732,칠성)핫식스더킹메가파워500ml,음료,기능성드링크,57,33,75.0,46,10,0,2025-05-11,2025-05 중순,21.7391
123108,롯데)치즈&치즈버거,조리빵,햄버거,59,19,75.0,37,15,0,2025-05-11,2025-05 중순,40.5405
201351,HK)컨디션헛개수1.0L,음료,차음료,56,21,75.0,32,16,1,2025-05-11,2025-05 중순,50.0
211385,빙그레)부드러운빵또아180ml,아이스크림,노벨티,51,18,74.0,31,15,1,2025-05-11,2025-05 중순,48.3871
083772,PB)고소한버터도넛40g,빵,구움과자,62,30,74.0,34,14,4,2025-05-11,2025-05 중순,41.1765
202450,칠성)핫식스더킹러쉬355ml,음료,기능성드링크,60,28,74.0,39,14,0,2025-05-11,2025-05 중순,35.8974
201668,농심)오이오차녹차525ml,음료,차음료,55,28,74.0,32,14,3,2025-05-11,2025-05 중순,43.75
132546,PB)#대파라면큰컵,면,용기면,59,25,74.0,39,13,1,2025-05-11,2025-05 중순,33.3333
111995,롯데)목캔디(믹스베리),과자,캔디류,54,17,74.0,33,14,2,2025-05-11,2025-05 중순,42.4242
124764,삼립)순백우유식빵(6입),빵,식빵,72,31,74.0,58,6,2,2025-05-11,2025-05 중순,10.3448
202252,웅진)티즐제로피치우롱티500ml,음료,차음료,51,25,74.0,33,14,1,2025-05-11,2025-05 중순,42.4242
170361,에이이)코젤다크500ml캔,맥주,수입맥주,58,24,73.0,40,12,1,2025-05-11,2025-05 중순,30.0
125040,PB)이봉원의봉새우볶음밥260g,냉동,냉동간편식,58,25,73.0,46,9,1,2025-05-11,2025-05 중순,19.5652
100991,농심)멘토스포도,과자,캔디류,46,18,73.0,25,15,3,2025-05-11,2025-05 중순,60.0
411371,도루코)PACE6중날휴대면도기1입_H,H&B,면도용품,54,32,73.0,41,9,3,2025-05-11,2025-05 중순,21.9512
210030,오뚜기)열라면(봉지),면,봉지면,50,19,73.0,24,18,1,2025-05-11,2025-05 중순,75.0
125225,조니워커더블블랙700ml,양주와인,양주,61,40,73.0,53,4,4,2025-05-11,2025-05 중순,7.5472
200606,광동)비타500 180ml,음료,기능성드링크,55,28,73.0,39,11,2,2025-05-11,2025-05 중순,28.2051
105930,농심)누들핏육개장사발면맛,면,용기면,55,20,73.0,37,12,2,2025-05-11,2025-05 중순,32.4324
211038,롯데)더블비얀코,아이스크림,노벨티,57,30,72.0,35,14,1,2025-05-11,2025-05 중순,40.0
070091,서울)흰우유500ml,유음료,흰우유,48,21,72.0,26,17,0,2025-05-11,2025-05 중순,65.3846
107749,PB)착한백미밥210g,가공식품,가공미반류,50,18,72.0,31,15,0,2025-05-11,2025-05 중순,48.3871
125227,럭히밥로제우동볶이&대왕치즈스틱,미반,푸드 간편식,67,56,72.0,62,3,1,2025-05-11,2025-05 중순,4.8387
600605,PB)파이리달콤한초코별82g,과자,스낵류,64,36,72.0,39,13,2,2025-05-11,2025-05 중순,33.3333
202658,칠성)콘트라베이스스윗아몬드500,음료,커피음료,59,28,72.0,48,8,1,2025-05-11,2025-05 중순,16.6667
109058,K)릴 솔리드3(새틴실버),담배,전자담배,63,23,72.0,56,5,1,2025-05-19,2025-05 중순,8.9286
113562,맥캘란 어 나잇 온 어스700ml,양주와인,양주,68,55,72.0,65,1,2,2025-05-11,2025-05 중순,1.5385
210824,해태)폴라포포도120ml,아이스크림,노벨티,56,31,72.0,42,11,0,2025-05-11,2025-05 중순,26.1905
124618,포켓델리햄&포테이토샐러드,미반,푸드 간편식,70,47,71.5,58,6,0,2025-05-11,2025-05 중순,10.3448
052884,대향)군고구마,즉석 식품,즉석간식,46,15,71.0,31,13,1,2025-05-11,2025-05 중순,41.9355
133747,PB)미니단무지120g,냉장,냉장간편식,58,24,71.0,33,15,1,2025-05-11,2025-05 중순,45.4545
170313,롯데)클라우드500ml캔,맥주,국산맥주,56,23,71.0,40,11,1,2025-05-11,2025-05 중순,27.5
112251,세븐브로이)하이볼에빠진키위500ml캔,양주와인,하이볼,60,29,71.0,37,12,3,2025-05-11,2025-05 중순,32.4324
600322,PB)버터갈릭바게트120g,과자,스낵류,60,23,71.0,39,11,3,2025-05-11,2025-05 중순,28.2051
123810,서주)허쉬생초코바90ml,아이스크림,노벨티,54,19,71.0,39,11,1,2025-05-11,2025-05 중순,28.2051
211790, 해태)시모나꿀호떡120ml,아이스크림,노벨티,56,29,70.0,36,12,2,2025-05-11,2025-05 중순,33.3333
123561,롯데)참치김밥,미반,김밥,56,28,70.0,41,11,0,2025-05-11,2025-05 중순,26.8293
108129,하림)더미식소고기뭇국350g,가공식품,상온간편식,55,31,70.0,37,12,1,2025-05-11,2025-05 중순,32.4324
170263,오비)호가든500ml캔,맥주,수입맥주,59,28,69.0,44,10,0,2025-05-11,2025-05 중순,22.7273
014620,롯데)양념순살닭강정,미반,푸드 간편식,59,29,69.0,41,10,2,2025-05-11,2025-05 중순,24.3902
071827,CJ)숯불후랑크120g,냉장,냉장간식,59,32,69.0,39,11,2,2025-05-11,2025-05 중순,28.2051
600600,PB)피카츄계란과자108g,과자,스낵류,48,25,69.0,31,13,1,2025-05-11,2025-05 중순,41.9355
119573,동서)리츠화이트샌드77g,과자,비스킷류,51,23,69.0,35,11,2,2025-05-11,2025-05 중순,31.4286
070628,동원)슬라이스치즈100g,유음료,유제품,47,11,69.0,28,15,0,2025-05-11,2025-05 중순,53.5714
104390,크라운)콘칩1500,과자,스낵류,48,17,69.0,25,16,1,2025-05-11,2025-05 중순,64.0
210437, 오뚜기)컵누들매콤한맛(소컵),면,용기면,47,26,69.0,30,14,0,2025-05-11,2025-05 중순,46.6667
133746,한울)매운실비김치80g,냉장,냉장간편식,51,21,69.0,35,11,2,2025-05-11,2025-05 중순,31.4286
113846,오리온)닥터유다이제2000,과자,비스킷류,54,12,69.0,40,10,1,2025-05-12,2025-05 중순,25.0
109107,그린)울트라더블빅불고기버거,조리빵,햄버거,60,23,68.0,40,12,0,2025-05-11,2025-05 중순,30.0
191500,뽀므리브뤼로얄750,양주와인,와인,59,31,68.0,49,5,3,2025-05-11,2025-05 중순,10.2041
122641,히말라야)파티스마트츄2입,건강/기호식품,숙취해소제,54,36,68.0,42,8,2,2025-05-11,2025-05 중순,19.0476
170297,오비)스텔라아르투아500ml캔,맥주,수입맥주,62,36,68.0,40,11,2,2025-05-11,2025-05 중순,27.5
112030,동서)오레오화이트100g,과자,비스킷류,40,22,68.0,23,14,2,2025-05-12,2025-05 중순,60.8696
202371,칠성)칠성사이다제로500ml,음료,탄산음료,55,28,68.0,32,14,1,2025-05-11,2025-05 중순,43.75
107137,PB)제로곤약젤리청포도140ml,디저트,젤리,56,31,68.0,40,11,0,2025-05-11,2025-05 중순,27.5
202435,코카)몬스터(망고로코)355,음료,기능성드링크,44,14,68.0,32,12,0,2025-05-11,2025-05 중순,37.5
123771,웅진)카무트현미차500ml,음료,차음료,40,16,68.0,24,15,0,2025-05-11,2025-05 중순,62.5
062567,매일)두유고단백190ml,유음료,프로틴 음료,56,16,68.0,48,7,0,2025-05-11,2025-05 중순,14.5833
109467,세종)옥수수깡걸리750ml,전통주,막걸리,56,16,68.0,46,5,4,2025-05-11,2025-05 중순,10.8696
090024,해태)고향만두,냉동,냉동만두,53,26,68.0,40,8,3,2025-05-11,2025-05 중순,20.0
080499,행복담기)구운란2입,냉장,냉장간식,59,23,67.0,40,10,2,2025-05-11,2025-05 중순,25.0
220561,동원)양반야채죽285g,가공식품,가공미반류,49,13,67.0,33,11,2,2025-05-11,2025-05 중순,33.3333
041407,제이탑)모찌롤우유110g,디저트,냉장베이커리,60,21,67.0,47,6,3,2025-05-11,2025-05 중순,12.766
124736,빙그레)딥앤로우쫀득초코바70ml,아이스크림,노벨티,49,24,67.0,33,11,2,2025-05-11,2025-05 중순,33.3333
113828,크라운)새콤달콤레몬29g,과자,캔디류,42,17,67.0,23,15,1,2025-05-11,2025-05 중순,65.2174
061660,매일)두유99.9 190ml,유음료,두유,52,25,67.0,32,13,1,2025-05-11,2025-05 중순,40.625
202731,PB)내몸애70% 2L,음료,생수,52,32,66.0,37,8,4,2025-05-11,2025-05 중순,21.6216
118129,예스)트롤리지구젤리18g,과자,젤리류,39,17,66.0,25,13,1,2025-05-11,2025-05 중순,52.0
123608,오츠카)소이조이후르츠&치즈30g,과자,프로틴/시리얼,49,16,66.0,30,13,1,2025-05-11,2025-05 중순,43.3333
108598,에이스)데일리유기농레몬즙20g,건강/기호식품,차,47,21,66.0,33,11,1,2025-05-11,2025-05 중순,33.3333
106108,오비)카스레몬제로330ml캔,맥주,무알콜맥주,54,26,66.0,35,11,2,2025-05-11,2025-05 중순,31.4286
104323,해태)초코홈런볼46g,과자,비스킷류,43,17,66.0,25,14,1,2025-05-11,2025-05 중순,56.0
123879,풀무원다논)액티비아사과150g,유음료,요구르트,47,28,66.0,32,10,3,2025-05-11,2025-05 중순,31.25
125158,롯데)한입쏙!들기름김밥,미반,김밥,58,45,66.0,53,3,2,2025-05-11,2025-05 중순,5.6604
106471,PB)산리오레몬아이스티제로350ml,음료,주스,60,40,66.0,43,10,0,2025-05-11,2025-05 중순,23.2558
108482,매크로)코피코블리스터(커피맛),과자,캔디류,43,18,65.0,28,13,0,2025-05-11,2025-05 중순,46.4286
192602,산토리)짐빔하이볼레몬350ml캔,양주와인,하이볼,52,22,65.0,35,11,1,2025-05-11,2025-05 중순,31.4286
123792,오뚜기)순후추팝콘50g,과자,스낵류,48,24,65.0,34,9,3,2025-05-11,2025-05 중순,26.4706
124474,위드)유니프믹스베리주스200ml,유음료,냉장주스,45,21,65.0,31,12,0,2025-05-11,2025-05 중순,38.7097
123630,엠탑)커피우유맛원컵,건강/기호식품,원컵,43,21,65.0,26,11,4,2025-05-11,2025-05 중순,42.3077
109744,PB)솔티캬라멜팝콘90g,과자,스낵류,49,19,65.0,23,14,4,2025-05-11,2025-05 중순,60.8696
105397,롯데)크러시500ml캔,맥주,국산맥주,55,30,65.0,40,10,0,2025-05-11,2025-05 중순,25.0
083777,삼립)피카피카치즈케익80g,빵,간식빵,47,20,65.0,31,11,2,2025-05-11,2025-05 중순,35.4839
123167,런던 프라이드 330ml병(24입),맥주,수입맥주,53,38,65.0,47,6,0,2025-05-11,2025-05 중순,12.766
013833,불고기크래미불닭유부,미반,김밥,58,42,65.0,52,4,1,2025-05-11,2025-05 중순,7.6923
108357,아영)빌라안티노리끼안티클라시코750ml,양주와인,와인,57,16,65.0,48,5,2,2025-05-11,2025-05 중순,10.4167
202159,칠성)칸타타콘트라베이스스위트,음료,커피음료,51,23,65.0,40,9,0,2025-05-11,2025-05 중순,22.5
202251,웅진)티즐제로유자그린티500ml,음료,차음료,48,23,65.0,31,12,1,2025-05-11,2025-05 중순,38.7097
170329,하이트)1664블랑500ml캔,맥주,수입맥주,53,31,65.0,37,11,0,2025-05-11,2025-05 중순,29.7297
115574,얼리타임즈 700ml,양주와인,양주,51,22,64.0,41,6,3,2025-05-11,2025-05 중순,14.6341
053219,사세)순살꼬치,즉석 식품,즉석치킨,43,23,64.0,26,13,1,2025-05-11,2025-05 중순,50.0
105871,하겐)크리스피샌드위치카라멜60ml,아이스크림,고급,48,11,64.0,35,9,2,2025-05-11,2025-05 중순,25.7143
083776,삼립)파이리의핫소스팡90g,빵,간식빵,54,24,64.0,42,7,2,2025-05-11,2025-05 중순,16.6667
192115,탈리스커10년700ml,양주와인,양주,56,40,64.0,49,1,6,2025-05-11,2025-05 중순,2.0408
108082,PB)오렌지에이드제로500ml,음료,주스,53,31,64.0,41,8,1,2025-05-11,2025-05 중순,19.5122
125572,티처스)당충전딥초코와플90g,빵,구움과자,55,23,64.0,46,6,1,2025-05-12,2025-05 중순,13.0435
107702,삼립)불고기맛후랑크70g,냉장,냉장간식,46,24,63.0,29,12,1,2025-05-11,2025-05 중순,41.3793
108483,매크로)코피코블리스터(슈가프리),과자,캔디류,53,29,63.0,32,13,0,2025-05-11,2025-05 중순,40.625
082543,롯데)프리미엄패스츄리스위트,빵,간식빵,49,23,63.0,32,12,0,2025-05-11,2025-05 중순,37.5
108065,정관장)에브리타임맥스10ml,건강/기호식품,건강/이너뷰티,57,11,63.0,48,6,0,2025-05-11,2025-05 중순,12.5
109498,덴마크)테이크얼라이브망고200ml,유음료,냉장주스,41,9,63.0,24,14,0,2025-05-11,2025-05 중순,58.3333
390797,좋은느낌유기농순면라이너18P,위생용품,생리대,57,40,63.0,49,4,2,2025-05-11,2025-05 중순,8.1633
113164,싱글톤 더프타운15년 700ml,양주와인,양주,56,37,63.0,46,3,5,2025-05-11,2025-05 중순,6.5217
062474,남양)테이크핏초코250ml,유음료,프로틴 음료,42,19,62.0,30,11,0,2025-05-11,2025-05 중순,36.6667
170426,엠즈)에비스500ml캔,맥주,수입맥주,57,25,62.0,44,7,1,2025-05-11,2025-05 중순,15.9091
108654, 네슬레)다막피스타치오60G,과자,초콜릿,50,19,62.0,33,10,2,2025-05-11,2025-05 중순,30.303
109490,탱글탱글새우버거,조리빵,햄버거,49,27,62.0,38,5,5,2025-05-11,2025-05 중순,13.1579
202468,웅진)옥수수수염차500ml,음료,차음료,40,23,62.0,25,13,0,2025-05-11,2025-05 중순,52.0
111062,스털링 나파 밸리 샤르도네(2019),양주와인,와인,49,31,62.0,40,4,5,2025-05-11,2025-05 중순,10.0
119524,PB)고메버터팝콘90g,과자,스낵류,42,19,62.0,29,10,2,2025-05-11,2025-05 중순,34.4828
170192,HK)헛개컨디션100ml,음료,기능성드링크,38,14,62.0,22,14,0,2025-05-12,2025-05 중순,63.6364
062604,덴마크)소화가잘되는우유900ml,유음료,기능성우유,42,18,62.0,26,13,0,2025-05-11,2025-05 중순,50.0
170245,오비)카스라이트500ml캔,맥주,국산맥주,53,27,62.0,36,10,1,2025-05-11,2025-05 중순,27.7778
113158,조니워커 18년 750ml,양주와인,양주,53,46,61.0,46,1,6,2025-05-11,2025-05 중순,2.1739
070729,매일)바리스타스모키250ml,유음료,컵커피,49,7,61.0,37,9,0,2025-05-11,2025-05 중순,24.3243
161178,칠성)칸타타프리미엄라떼275,음료,커피음료,37,10,61.0,25,12,0,2025-05-11,2025-05 중순,48.0
132162,농심)생생우동용기,면,용기면,47,17,61.0,27,12,2,2025-05-11,2025-05 중순,44.4444
211646,벤앤제리스)쿠키도우파인트473ml,아이스크림,고급,46,16,61.0,33,8,3,2025-05-11,2025-05 중순,24.2424
114919,롯데)더블크런키초코바,과자,초콜릿,51,22,61.0,33,10,2,2025-05-11,2025-05 중순,30.303
053069,양념닭강정세트,즉석 식품,즉석치킨(삭제예정),44,21,61.0,33,9,1,2025-05-11,2025-05 중순,27.2727
124036,종근당)락토핏마시는유산균저당130ml,유음료,요구르트,45,19,61.0,33,10,0,2025-05-11,2025-05 중순,30.303
124784,에이스)마루와유지땅콩크림130g,건강/기호식품,쨈/꿀,56,36,61.0,49,1,5,2025-05-11,2025-05 중순,2.0408
240010,CJ)하얀설탕1kg,조미료/건물,조미료,37,14,61.0,22,12,2,2025-05-11,2025-05 중순,54.5455
124961,포켓델리푸실리파스타샐러드,미반,푸드 간편식,59,44,60.5,55,2,0,2025-05-11,2025-05 중순,3.6364
117965,농심)닭다리후라이드치킨66g,과자,스낵류,35,13,60.0,20,13,1,2025-05-11,2025-05 중순,65.0
124715,CJ)비비고칩버터오징어40g,안주,스낵안주,48,17,60.0,36,9,0,2025-05-11,2025-05 중순,25.0
092870,풀무원)소가부침두부290g,신선,야채,38,15,60.0,25,12,0,2025-05-11,2025-05 중순,48.0
053172,왕빅도그치즈,즉석 식품,즉석치킨,44,12,60.0,25,12,2,2025-05-11,2025-05 중순,48.0
191618,롯데)앙리마티스나디아(화이트)7,양주와인,와인,51,36,60.0,44,2,5,2025-05-11,2025-05 중순,4.5455
210972,롯데)잇츠와플바닐라140ml,아이스크림,노벨티,43,15,60.0,22,14,1,2025-05-14,2025-05 중순,63.6364
116670,롯데)도리토스나쵸치즈맛84g,과자,스낵류,39,15,59.0,25,12,0,2025-05-11,2025-05 중순,48.0
105133,아미)에코얼음컵(레귤러),즉석음료,얼음,43,12,59.0,29,11,0,2025-05-11,2025-05 중순,37.931
391044,깨끗한나라3겹소프트24롤(펄프),위생용품,티슈,48,22,59.0,38,7,1,2025-05-11,2025-05 중순,18.4211
192111,윌리엄)발베니 더블우드 12년,양주와인,양주,61,35,59.0,50,2,4,2025-05-11,2025-05 중순,4.0
106895,네슬레)킷캣4핑거(녹차)35g,과자,초콜릿,37,21,59.0,24,9,4,2025-05-11,2025-05 중순,37.5
123871,더 글렌그란트 아보랄리스,양주와인,양주,50,34,59.0,44,3,3,2025-05-12,2025-05 중순,6.8182
132448,농심)신라면블랙사발,면,용기면,33,14,59.0,18,14,0,2025-05-11,2025-05 중순,77.7778
161283,동서)TOP마스터라떼275ml,음료,커피음료,39,12,59.0,27,11,0,2025-05-11,2025-05 중순,40.7407
118980,롯데)더블크런키바쿠키앤크림33g,과자,초콜릿,40,14,59.0,26,11,1,2025-05-11,2025-05 중순,42.3077
123137,롯데)우유크림소금빵120g,디저트,냉장베이커리,53,27,59.0,35,6,6,2025-05-11,2025-05 중순,17.1429
381674,남영)비비안여성면팬티95_H,패션잡화,팬티/내의,54,29,59.0,45,5,1,2025-05-11,2025-05 중순,11.1111
112246,세븐브로이)하이볼에빠진파인애플500ml캔,양주와인,하이볼,51,27,59.0,31,9,4,2025-05-11,2025-05 중순,29.0323
125571,티처스)시험베리굿팡85g,빵,간식빵,49,25,59.0,35,8,2,2025-05-12,2025-05 중순,22.8571
117265,마즈)이클립스페퍼민트31g,과자,캔디류,37,19,58.0,24,11,1,2025-05-12,2025-05 중순,45.8333
061717,매일)바리스타바닐라빈라떼325ml,유음료,컵커피,48,22,58.0,31,11,0,2025-05-11,2025-05 중순,35.4839
170903,하이트)하이트제로500ml캔,맥주,무알콜맥주,48,18,58.0,27,13,0,2025-05-11,2025-05 중순,48.1481
124604,추사40도500ml,전통주,기타전통주,46,36,58.0,38,4,4,2025-05-12,2025-05 중순,10.5263
070090,서울)흰우유200ml,유음료,흰우유,41,16,58.0,24,12,1,2025-05-11,2025-05 중순,50.0
170425,하이트)파울라너바이스비어500ml,맥주,수입맥주,55,28,58.0,39,8,1,2025-05-11,2025-05 중순,20.5128
109745,오뚜기)스위트콘나쵸60g,과자,스낵류,46,11,58.0,29,10,2,2025-05-11,2025-05 중순,34.4828
106557,농심)배홍동비빔면큰사발,면,용기면,46,21,58.0,30,11,0,2025-05-11,2025-05 중순,36.6667
107044,PB)오백바레모네이드맛70ml,아이스크림,노벨티,45,24,58.0,30,10,1,2025-05-11,2025-05 중순,33.3333
109016,PB)피스타치오웨하스57g,과자,비스킷류,43,19,58.0,32,7,3,2025-05-11,2025-05 중순,21.875
123150,PB)두부칩92g,과자,스낵류,46,19,58.0,30,11,0,2025-05-11,2025-05 중순,36.6667
062402,다논)액티비아스무디딸기바나나,유음료,요구르트,44,25,57.0,35,7,1,2025-05-11,2025-05 중순,20.0
109556,매일)셀렉스바나나250ml,유음료,프로틴 음료,37,21,57.0,24,10,2,2025-05-11,2025-05 중순,41.6667
160128,코카)코카콜라１．５Ｐ,음료,탄산음료,35,14,57.0,20,13,0,2025-05-11,2025-05 중순,65.0
106470,PB)산리오복숭아아이스티제로350ml,음료,주스,45,27,57.0,32,8,2,2025-05-11,2025-05 중순,25.0
107159,서울)커피타운모카250ml,유음료,컵커피,43,24,57.0,30,10,0,2025-05-11,2025-05 중순,33.3333
112095,오리온)초코칩쿠키104g,과자,비스킷류,38,16,57.0,20,13,1,2025-05-11,2025-05 중순,65.0
124834,유앤)쿼카푸딩젤리90g,과자,젤리류,55,52,57.0,54,1,0,2025-05-11,2025-05 중순,1.8519
109710,금양)지허발란스라파우라리저브소블에디션,양주와인,와인,50,29,57.0,39,2,7,2025-05-11,2025-05 중순,5.1282
113160,조니워커그린700ml,양주와인,양주,54,43,57.0,49,1,3,2025-05-11,2025-05 중순,2.0408
112273,오리온)와우쿨소다껌500,과자,껌,38,17,56.0,25,11,0,2025-05-11,2025-05 중순,44.0
124062,롯데)듬뿍참치유부초밥,미반,초밥류,50,22,56.0,33,10,0,2025-05-11,2025-05 중순,30.303
053164,점보통다리,즉석 식품,즉석치킨(삭제예정),33,17,56.0,19,12,1,2025-05-11,2025-05 중순,63.1579
107491,엔제이)소프트카스테라(대용량),빵,간식빵,43,18,56.0,32,8,1,2025-05-11,2025-05 중순,25.0
600362,마즈)이클립스워터멜론30g,과자,캔디류,34,14,56.0,21,12,0,2025-05-13,2025-05 중순,57.1429
105969,매일)피크닉사과240ml,유음료,냉장주스,33,18,56.0,19,12,1,2025-05-11,2025-05 중순,63.1579
105003,옛날치킨한마리550g,즉석 식품,즉석치킨(삭제예정),47,18,56.0,36,7,1,2025-05-11,2025-05 중순,19.4444
121872,이노엔)컨디션환1입,건강/기호식품,숙취해소제,43,23,56.0,26,11,1,2025-05-11,2025-05 중순,42.3077
105450,동원)아이스티(애플)500ml,음료,차음료,37,15,56.0,27,9,1,2025-05-11,2025-05 중순,33.3333
109509,메디카)뷰티글루콜라겐부스터샷25ml,건강/기호식품,건강/이너뷰티,42,23,56.0,31,9,0,2025-05-11,2025-05 중순,29.0323
109458,그린)탱글탱글새우버거,조리빵,햄버거,40,17,56.0,21,12,2,2025-05-11,2025-05 중순,57.1429
106560,크라운)와플샌드87g,과자,비스킷류,44,23,56.0,37,5,2,2025-05-11,2025-05 중순,13.5135
202494,동아)박카스디카페120ml,음료,기능성드링크,38,13,56.0,26,9,2,2025-05-11,2025-05 중순,34.6154
210057,팔도)왕뚜껑,면,용기면,42,19,56.0,24,11,2,2025-05-11,2025-05 중순,45.8333
109328,오뚜기)마라탕밥(컵밥),가공식품,가공미반류,45,19,56.0,33,8,1,2025-05-11,2025-05 중순,24.2424
132290,농심)새우탕면(소컵),면,용기면,36,13,56.0,20,13,0,2025-05-11,2025-05 중순,65.0
123491,디저트39)저당팥모나카140ml,아이스크림,노벨티,46,26,55.0,32,7,3,2025-05-11,2025-05 중순,21.875
113504,하겐)크리스피샌드로얄카페모카60ml,아이스크림,고급,43,18,55.0,33,5,4,2025-05-11,2025-05 중순,15.1515
070379,서울)저지방우유200ml,유음료,기능성우유,37,10,55.0,24,11,0,2025-05-11,2025-05 중순,45.8333
125593,조정식)리셋 티셔츠_S,패션잡화,시즌/소품,49,38,55.0,46,3,0,2025-05-15,2025-05 중순,6.5217
162143,바프)허니버터아몬드40g,안주,너트류,41,15,55.0,27,9,2,2025-05-11,2025-05 중순,33.3333
118014,오리온)예감치즈그라탕64g,과자,스낵류,34,16,55.0,21,11,1,2025-05-11,2025-05 중순,52.381
141411,삼양)로제불닭납작당면(컵),면,용기면,42,24,55.0,29,9,1,2025-05-11,2025-05 중순,31.0345
191943,배비치 말보로 쇼비뇽블랑,양주와인,와인,47,38,55.0,41,2,4,2025-05-11,2025-05 중순,4.878
105064,황금어묵바,즉석 식품,즉석치킨,33,11,55.0,20,12,0,2025-05-13,2025-05 중순,60.0
124605,문배술40도도자기400ml,전통주,기타전통주,46,26,55.0,39,5,1,2025-05-14,2025-05 중순,12.8205
192133,베어풋버블리핑크모스카토,양주와인,와인,47,29,55.0,39,3,4,2025-05-11,2025-05 중순,7.6923
061750,빙그레)사이즈업라떼350ml,유음료,가공우유,40,10,55.0,24,11,1,2025-05-11,2025-05 중순,45.8333
111180,CJ)소바바양념치킨240g,냉동,조리냉동,48,25,54.0,41,5,0,2025-05-11,2025-05 중순,12.1951
109935,발렌타인17년 700ml,양주와인,양주,47,35,54.0,42,2,3,2025-05-11,2025-05 중순,4.7619
062133,매일)두유검은콩190ml,유음료,두유,36,18,54.0,25,10,0,2025-05-11,2025-05 중순,40.0
125336,맵닭치킨치즈버거,조리빵,햄버거,42,28,54.0,33,6,2,2025-05-11,2025-05 중순,18.1818
381675,남영)비비안여성면팬티100_H,패션잡화,팬티/내의,48,27,54.0,39,6,0,2025-05-11,2025-05 중순,15.3846
600593,PB)고구마형스낵138g,과자,스낵류,34,18,54.0,20,12,0,2025-05-11,2025-05 중순,60.0
125623,간바레오또상 캔 잔세트(캠핑추천),전통주,기타전통주,43,22,54.0,36,4,3,2025-05-17,2025-05 중순,11.1111
124807,PB)버터스노우롤140g(4입),빵,간식빵,47,16,54.0,40,3,3,2025-05-11,2025-05 중순,7.5
990124,"푸드전용 금액권 10,000원",기타,판촉물,51,41,54.0,46,1,3,2025-05-11,2025-05 중순,2.1739
115922,농심)감자깡75g,과자,스낵류,37,18,54.0,24,10,1,2025-05-11,2025-05 중순,41.6667
201724,웅진)광명찾은결명자차500ml,음료,차음료,36,14,54.0,23,11,0,2025-05-11,2025-05 중순,47.8261
105929,코카)몬스터에너지피치355ml,음료,기능성드링크,35,13,54.0,21,11,1,2025-05-11,2025-05 중순,52.381
104674,크라운)빅파이216g,과자,비스킷류,34,8,54.0,21,10,2,2025-05-11,2025-05 중순,47.619
108981,스리라차골드후라이드치킨버거,조리빵,햄버거,38,16,54.0,27,8,2,2025-05-11,2025-05 중순,29.6296
106760,진주햄)텍사스바베큐닭다리170g,냉장,냉장안주,43,22,54.0,33,7,1,2025-05-11,2025-05 중순,21.2121
109253,PB)불짜계치(6인분)745g,면,용기면,47,19,53.0,41,3,2,2025-05-12,2025-05 중순,7.3171
062180,빙그레)스페셜티예가체프460ml,유음료,가공우유,41,19,53.0,29,9,0,2025-05-11,2025-05 중순,31.0345
116392,PB)착한김(20입),조미료/건물,건해산물,40,12,53.0,29,8,1,2025-05-11,2025-05 중순,27.5862
124523,G)설화병오리지널90g,과자,캔디류,47,17,53.0,35,6,2,2025-05-11,2025-05 중순,17.1429
071847,CJ)청양고추후랑크80g,냉장,냉장간식,48,28,53.0,31,9,1,2025-05-11,2025-05 중순,29.0323
105292,25년)얼음컵(빅볼),즉석음료,얼음,37,14,53.0,24,9,2,2025-05-11,2025-05 중순,37.5
062548,남양)테이크핏바나나250ml,유음료,프로틴 음료,39,13,53.0,26,10,0,2025-05-12,2025-05 중순,38.4615
124171,랏소베어)랜덤키링set,과자,초콜릿,47,40,53.0,44,3,0,2025-05-11,2025-05 중순,6.8182
123592,롯데)베스트콤보샌드,조리빵,샌드위치,47,18,53.0,32,9,0,2025-05-11,2025-05 중순,28.125
105430,매일)셀렉스밀크바닐라250ml,유음료,프로틴 음료,41,16,52.0,26,8,3,2025-05-11,2025-05 중순,30.7692
110750,오리온)닥터유에너지바40g,과자,프로틴/시리얼,38,22,52.0,25,10,0,2025-05-11,2025-05 중순,40.0
124706,지지)XXL슈퍼슈프림피자,간식,냉장피자,49,15,52.0,37,6,1,2025-05-11,2025-05 중순,16.2162
210720,롯데)빠삐코130ml,아이스크림,노벨티,39,18,52.0,26,9,1,2025-05-11,2025-05 중순,34.6154
124037,종근당)락토핏마시는유산균사과130ml,유음료,요구르트,36,18,52.0,26,9,0,2025-05-11,2025-05 중순,34.6154
124152,티젠)애플사이다비니거10T,건강/기호식품,차,38,16,52.0,28,7,2,2025-05-11,2025-05 중순,25.0
118940,리얼촉촉001콘돔3입,약품/의료품,의약외품,42,23,52.0,34,5,2,2025-05-11,2025-05 중순,14.7059
115926,농심)꿀꽈배기90g,과자,스낵류,28,11,52.0,14,13,0,2025-05-11,2025-05 중순,92.8571
600794,킨더)해피히포21g,과자,비스킷류,38,22,52.0,25,10,0,2025-05-11,2025-05 중순,40.0
120462,동서)미니카누마일드10입,건강/기호식품,커피,42,13,52.0,29,9,0,2025-05-11,2025-05 중순,31.0345
161426,한양)숏다리20g,안주,오징어,43,13,52.0,24,11,1,2025-05-11,2025-05 중순,45.8333
123692,G)스틱휘낭시에치즈39g,빵,구움과자,42,21,52.0,32,3,6,2025-05-11,2025-05 중순,9.375
109057,K)릴 솔리드3(갤럭틱블루),담배,전자담배,53,24,52.0,46,1,3,2025-05-16,2025-05 중순,2.1739
114431,켈로그)콘푸로스트230g,과자,비스킷류,41,24,51.0,34,6,0,2025-05-11,2025-05 중순,17.6471
109820,하림)마라쌀볶음면큰컵,면,용기면,50,36,51.0,44,1,3,2025-05-11,2025-05 중순,2.2727
124034,에프투)고칼슘두유190ml,유음료,두유,38,17,51.0,25,9,1,2025-05-11,2025-05 중순,36.0
014247,더꽉찬직화불고기김밥,미반,김밥,40,27,51.0,30,7,1,2025-05-11,2025-05 중순,23.3333
053143,즉석)한입쏙붕어빵(단팥),즉석 식품,즉석간식,42,23,51.0,29,8,1,2025-05-12,2025-05 중순,27.5862
112750,오리온)초코송이,과자,비스킷류,35,18,51.0,21,11,0,2025-05-11,2025-05 중순,52.381
124656,호가든벚꽃잔패키지,맥주,수입맥주,50,41,51.0,46,0,3,2025-05-11,2025-05 중순,0.0
132835,PB)대파열라면큰컵,면,용기면,40,23,51.0,32,6,1,2025-05-12,2025-05 중순,18.75
601092,PB)마이멜로디베리베리팝콘80g,과자,스낵류,39,18,51.0,31,7,0,2025-05-11,2025-05 중순,22.5806
125167,현대)럭히밥로제우동볶이&대왕치즈스틱,미반,푸드 간편식,51,46,51.0,48,0,2,2025-05-11,2025-05 중순,0.0
117106,롯데)청포도캔디2500,과자,캔디류,35,13,51.0,26,7,2,2025-05-11,2025-05 중순,26.9231
124765,초코텍)퍼지초코100g,과자,초콜릿,40,22,51.0,30,7,1,2025-05-11,2025-05 중순,23.3333
106481,해태)홈런볼소금우유49g,과자,비스킷류,36,14,50.0,20,10,2,2025-05-11,2025-05 중순,50.0
107883,리치)하이디라오마라쫄깃납작면,냉장,냉장간편식,43,13,50.0,35,5,1,2025-05-12,2025-05 중순,14.2857
111370,롯데)크런키1400,과자,초콜릿,35,17,50.0,20,9,3,2025-05-11,2025-05 중순,45.0
108862,롯데)스리라차골드후라이드치킨버거,조리빵,햄버거,38,20,50.0,26,9,0,2025-05-11,2025-05 중순,34.6154
108715,크라운)국희고소한땅콩샌드93g,과자,비스킷류,33,21,50.0,24,8,1,2025-05-11,2025-05 중순,33.3333
191572,롯데)일그리지오끼안티750ml,양주와인,와인,47,27,50.0,38,3,3,2025-05-11,2025-05 중순,7.8947
124475,위드)유니프그린베지주스200ml,유음료,냉장주스,44,24,50.0,27,10,0,2025-05-11,2025-05 중순,37.037
113654,페이머스 그라우스700ml,양주와인,양주,41,28,50.0,35,3,3,2025-05-11,2025-05 중순,8.5714
108054,존슨)뉴트로지나페이셜클렌져100g_H,미용/화장품,여성화장품,43,32,50.0,37,4,1,2025-05-11,2025-05 중순,10.8108
105140,웰그린)석류에이드230ml,즉석음료,파우치,32,13,50.0,21,10,0,2025-05-11,2025-05 중순,47.619
070475,남양)맛있는우유900ml,유음료,흰우유,34,14,50.0,20,11,0,2025-05-11,2025-05 중순,55.0
125147,존슨)리스테린토탈케어마일드100ml_H,H&B,치약,38,14,50.0,28,8,0,2025-05-11,2025-05 중순,28.5714
230404,동서)맥심모카골드100입,건강/기호식품,커피,34,12,50.0,22,10,0,2025-05-13,2025-05 중순,45.4545
200603,동서)TOP마스터라떼200ml,음료,커피음료,34,13,50.0,20,11,0,2025-05-12,2025-05 중순,55.0
105642,동원)쿨피스에이드자두300ml,유음료,냉장주스,38,15,50.0,22,11,0,2025-05-11,2025-05 중순,50.0
061301,제니코)라면쏘옥치즈35g,유음료,유제품,35,14,50.0,21,10,1,2025-05-11,2025-05 중순,47.619
112867,오리온)도도한나쵸치즈92g,과자,스낵류,42,19,50.0,25,9,2,2025-05-11,2025-05 중순,36.0
132144,농심)김치큰사발,면,용기면,31,12,49.0,20,10,0,2025-05-11,2025-05 중순,50.0
362366,LG)페리오듀얼클린칫솔 2입_H,H&B,칫솔,37,15,49.0,23,10,0,2025-05-11,2025-05 중순,43.4783
371929,P&G)페브리즈항균플러스_H,가정용품,방향제,35,8,49.0,22,10,0,2025-05-11,2025-05 중순,45.4545
115360,오리온)오감자그라탕50g,과자,스낵류,33,11,49.0,19,11,0,2025-05-11,2025-05 중순,57.8947
202173,HK)새싹보리500ml,음료,차음료,35,9,49.0,20,11,0,2025-05-11,2025-05 중순,55.0
112115,크라운)마이쮸포도44g,과자,캔디류,37,14,49.0,20,10,2,2025-05-11,2025-05 중순,50.0
600774,오리온)리찌알맹이67g,과자,젤리류,32,17,49.0,19,10,1,2025-05-11,2025-05 중순,52.6316
170912,오비)카스370ml캔(6입),맥주,국산맥주,36,12,49.0,23,9,1,2025-05-11,2025-05 중순,39.1304
119826,마즈)엠앤엠즈블록밀크46g,과자,초콜릿,35,12,49.0,22,10,0,2025-05-11,2025-05 중순,45.4545
052864,후라이드한마리720g,즉석 식품,즉석치킨(삭제예정),47,28,49.0,40,4,0,2025-05-11,2025-05 중순,10.0
115565,노마드 아웃랜드,양주와인,양주,39,21,49.0,30,4,4,2025-05-11,2025-05 중순,13.3333
124477,화요17도(나혼렙에디션),전통주,소주,40,25,48.5,30,3,5,2025-05-11,2025-05 중순,10.0
390875,유한)좋은느낌울트라날개중18P,위생용품,생리대,38,11,48.0,31,6,0,2025-05-11,2025-05 중순,19.3548
132456,삼양)까르보불닭볶음면봉지,면,봉지면,42,14,48.0,22,10,2,2025-05-11,2025-05 중순,45.4545
132382,삼양)불닭볶음탕면(큰컵),면,용기면,34,11,48.0,20,9,2,2025-05-11,2025-05 중순,45.0
220179,동원)고추참치150g,가공식품,캔,29,9,48.0,19,9,1,2025-05-13,2025-05 중순,47.3684
105638,삼립)스크램블소시지샌드,조리빵,샌드위치,48,25,48.0,36,6,0,2025-05-11,2025-05 중순,16.6667
202513,하이트)토닉워터제로300ml,음료,탄산음료,37,17,48.0,27,7,1,2025-05-11,2025-05 중순,25.9259
601412,스위트)알포트미니초콜릿59g,과자,초콜릿,33,15,48.0,18,6,7,2025-05-11,2025-05 중순,33.3333
132701,삼양)로제불닭볶음면(큰컵),면,용기면,34,14,48.0,21,10,0,2025-05-11,2025-05 중순,47.619
162062,한양)꽃보다오징어슬라이스160g,안주,오징어,39,17,48.0,32,5,1,2025-05-11,2025-05 중순,15.625
230546,동서)맥심모카골드180입,건강/기호식품,커피,34,9,48.0,21,10,0,2025-05-11,2025-05 중순,47.619
117408,동아)박카스맛젤리50g,과자,젤리류,34,18,48.0,23,9,0,2025-05-11,2025-05 중순,39.1304
109128,MDS)스틱콘버터60g,미반,샐러드 ,35,20,48.0,24,8,1,2025-05-11,2025-05 중순,33.3333
123110,치즈&치즈버거,조리빵,햄버거,46,29,48.0,32,6,2,2025-05-12,2025-05 중순,18.75
123160,페로니 500ml캔(24입),맥주,수입맥주,39,21,47.0,29,4,4,2025-05-12,2025-05 중순,13.7931
123988,쿠보타 준마이 다이긴죠,전통주,기타전통주,37,25,47.0,31,4,2,2025-05-11,2025-05 중순,12.9032
125186,PB)럭히밥든든미역꾹밥225g,가공식품,가공미반류,42,30,47.0,37,3,1,2025-05-11,2025-05 중순,8.1081
118347,마즈)몰티저스37g,과자,초콜릿,37,10,47.0,24,9,0,2025-05-11,2025-05 중순,37.5
125154,롯데)미미미누맵부심판독기삼각,미반,삼각김밥,47,28,47.0,43,2,0,2025-05-11,2025-05 중순,4.6512
061231,덴마크)인포켓치즈라이트20g,유음료,유제품,34,12,47.0,23,8,1,2025-05-11,2025-05 중순,34.7826
105978,파니니)EPL플러스 축구카드_H,문구/완구,일반완구,41,17,47.0,38,3,0,2025-05-11,2025-05 중순,7.8947
202340,코카)조지아스위트블랙470ml,음료,커피음료,29,15,47.0,20,9,0,2025-05-11,2025-05 중순,45.0
180697,배상면)느린마을늘봄막걸리750ml,전통주,막걸리,40,16,47.0,36,3,1,2025-05-11,2025-05 중순,8.3333
114488,오리온)왕고래밥볶음양념맛1200,과자,스낵류,41,14,47.0,26,9,0,2025-05-11,2025-05 중순,34.6154
180769,한국술)느린마을막걸리750ml,전통주,막걸리,43,22,47.0,37,1,4,2025-05-11,2025-05 중순,2.7027
106107,아사히)오리온맥주500ml캔,맥주,수입맥주,39,23,47.0,28,6,2,2025-05-11,2025-05 중순,21.4286
132041,오뚜기)진라면순한맛봉지,면,봉지면,37,16,47.0,22,10,0,2025-05-11,2025-05 중순,45.4545
123946,머쉬룸투움바비프버거,조리빵,햄버거,40,28,47.0,34,4,1,2025-05-11,2025-05 중순,11.7647
107201,신세계)앙드레끌루에엉쥬르드750ml,양주와인,와인,40,16,47.0,36,3,1,2025-05-11,2025-05 중순,8.3333
115862,농심)자갈치90g,과자,스낵류,31,14,47.0,19,10,0,2025-05-12,2025-05 중순,52.6316
109520,롯데)더커진유부초밥6입,미반,초밥류,33,16,46.0,24,7,1,2025-05-11,2025-05 중순,29.1667
108828,하이트)기린이치방당류제로500ml캔,맥주,수입맥주,36,23,46.0,27,7,0,2025-05-11,2025-05 중순,25.9259
112111,롯데)자일리톨F,과자,껌,28,10,46.0,17,10,0,2025-05-11,2025-05 중순,58.8235
114538,폰토디 끼안티 클라시코 DOCG750ml,양주와인,와인,42,32,46.0,35,3,2,2025-05-11,2025-05 중순,8.5714
115781,PB)바프허니버터아몬드앤땅콩30g,안주,너트류,33,13,46.0,24,7,1,2025-05-11,2025-05 중순,29.1667
120360,동서)맥심화이트골드20입,건강/기호식품,커피,30,11,46.0,20,9,0,2025-05-11,2025-05 중순,45.0
104288,해태)칼로리바란스치즈76g,과자,비스킷류,26,9,46.0,15,9,2,2025-05-11,2025-05 중순,60.0
124769,크라운)마이쮸써니피치44g,과자,캔디류,34,16,46.0,17,10,2,2025-05-11,2025-05 중순,58.8235
122909,오뚜기)종로식도가니탕500g,가공식품,상온간편식,39,33,46.0,35,3,1,2025-05-11,2025-05 중순,8.5714
107379,K)릴 에이블2 (코지버건디),담배,전자담배,35,16,45.0,25,6,2,2025-05-11,2025-05 중순,24.0
124759,이즐)까까맛교통카드(설레임),서비스 상품,일반서비스,43,21,45.0,33,4,2,2025-05-11,2025-05 중순,12.1212
124322,카스레몬 위글위글팩500ml(8입),맥주,수입맥주,31,15,45.0,19,5,6,2025-05-11,2025-05 중순,26.3158
123849,윈저17년 450ml,양주와인,양주,40,26,45.0,37,2,1,2025-05-11,2025-05 중순,5.4054
202433,코카)스프라이트제로500ml,음료,탄산음료,37,22,45.0,22,8,2,2025-05-11,2025-05 중순,36.3636
211039,롯데)설레임160ml,아이스크림,노벨티,31,15,45.0,19,8,2,2025-05-11,2025-05 중순,42.1053
600873,삼경)코로로샤인머스켓48g,과자,젤리류,38,14,45.0,34,3,1,2025-05-11,2025-05 중순,8.8235
082526,삼립)신선한치즈후레쉬팡140g,빵,간식빵,38,13,45.0,24,8,1,2025-05-11,2025-05 중순,33.3333
170622,오비)카스제로355ml캔,맥주,무알콜맥주,38,20,45.0,24,8,1,2025-05-11,2025-05 중순,33.3333
062549,매일)바리스타돌체라떼325ml,유음료,컵커피,33,13,45.0,20,8,2,2025-05-12,2025-05 중순,40.0
990232,"세븐카페 금액권 10,000원",기타,판촉물,42,31,45.0,38,2,1,2025-05-11,2025-05 중순,5.2632
202439,동원)아이스티(복숭아)500ml,음료,차음료,43,20,45.0,28,8,0,2025-05-11,2025-05 중순,28.5714
170300,비어)칭따오맥주500ml캔,맥주,수입맥주,37,16,45.0,25,8,0,2025-05-11,2025-05 중순,32.0
124757,이즐)까까맛교통카드(빼빼로),서비스 상품,일반서비스,43,24,45.0,32,6,0,2025-05-11,2025-05 중순,18.75
201534,오츠카)오로나민C120ml,음료,기능성드링크,31,13,45.0,22,8,0,2025-05-11,2025-05 중순,36.3636
108713,빙그레)더단백멜론250ml,유음료,프로틴 음료,37,15,45.0,23,9,0,2025-05-11,2025-05 중순,39.1304
123106,"롯데)3,900매콤닭껍질튀김",미반,푸드 간편식,37,18,44.0,29,5,1,2025-05-11,2025-05 중순,17.2414
108527,PB)푸하하통단팥크림빵125g,디저트,냉장베이커리,35,17,44.0,27,4,3,2025-05-11,2025-05 중순,14.8148
160875,웅진)자연은토마토340ml,음료,주스,29,17,44.0,19,8,1,2025-05-11,2025-05 중순,42.1053
105748,지비)귀달베르토750ml,양주와인,와인,42,21,44.0,40,0,2,2025-05-11,2025-05 중순,0.0
118036,오리온)마켓오브라우니120g,과자,비스킷류,30,12,44.0,22,6,2,2025-05-11,2025-05 중순,27.2727
141725,CJ)비비고사골곰탕500g,가공식품,상온간편식,32,18,44.0,24,7,0,2025-05-11,2025-05 중순,29.1667
123691,G)스틱휘낭시에초콜릿39g,빵,구움과자,38,16,44.0,26,6,2,2025-05-11,2025-05 중순,23.0769
108106,세븐브로이)하이볼에빠진레몬500ml캔,양주와인,하이볼,31,16,44.0,20,8,1,2025-05-11,2025-05 중순,40.0
109687,화요53%750ml,전통주,소주,38,28,44.0,32,3,2,2025-05-11,2025-05 중순,9.375
220491,CJ)맛밤80g,안주,농산안주,30,13,44.0,20,7,2,2025-05-11,2025-05 중순,35.0
116102,동서)리츠치즈샌드크래커96g,과자,비스킷류,36,20,44.0,27,5,2,2025-05-11,2025-05 중순,18.5185
109215,선우)카다이프하트초콜릿80g,과자,초콜릿,39,15,44.0,28,6,1,2025-05-11,2025-05 중순,21.4286
201662,코카)몬스터에너지355ml,음료,기능성드링크,31,11,43.0,21,8,0,2025-05-12,2025-05 중순,38.0952
106544,HK)티로그골드애플스파클링355ml,음료,탄산음료,39,23,43.0,28,5,2,2025-05-11,2025-05 중순,17.8571
141397,CJ)비비고한우사골곰탕500g,가공식품,상온간편식,32,15,43.0,22,7,1,2025-05-11,2025-05 중순,31.8182
107318,PB)참징어1마리60g,안주,오징어,27,6,43.0,19,8,0,2025-05-12,2025-05 중순,42.1053
191318,하이직모나폴750ml,양주와인,와인,40,34,43.0,38,1,1,2025-05-11,2025-05 중순,2.6316
402130,선린)휴에르KF94마스크블랙1입_H,약품/의료품,의약외품,37,29,43.0,32,4,0,2025-05-11,2025-05 중순,12.5
107418,G)파스키에팡올레280g,빵,간식빵,35,3,43.0,30,3,2,2025-05-11,2025-05 중순,10.0
083774,삼립)고오스초코케익80g,빵,간식빵,38,16,43.0,22,7,3,2025-05-11,2025-05 중순,31.8182
113974,롯데)왓따(콜라),과자,껌,30,8,43.0,15,10,1,2025-05-11,2025-05 중순,66.6667
123550,드림)프란찌딸기크림쿠키58g,과자,비스킷류,32,12,42.0,21,8,0,2025-05-11,2025-05 중순,38.0952
083846,삼립)주종발효카스타드단팥빵,빵,간식빵,30,15,42.0,22,7,0,2025-05-11,2025-05 중순,31.8182
192572,조닌카스텔로모스카750ml,양주와인,와인,36,27,42.0,29,2,4,2025-05-11,2025-05 중순,6.8966
123921,그린)머쉬룸투움바비프버거,조리빵,햄버거,28,13,42.0,21,7,0,2025-05-11,2025-05 중순,33.3333
109499,덴마크)테이크얼라이브자몽200ml,유음료,냉장주스,34,17,42.0,20,9,0,2025-05-11,2025-05 중순,45.0
113843,롯데)왓따(복숭아),과자,껌,24,9,42.0,13,10,0,2025-05-11,2025-05 중순,76.9231
124460,PB)쫀득딸기멜로바60g,과자,캔디류,40,28,42.0,33,4,0,2025-05-11,2025-05 중순,12.1212
062499,남양)과수원사과200ml,유음료,냉장주스,37,12,42.0,26,6,1,2025-05-11,2025-05 중순,23.0769
201879,칠성)아이시스(8.0)1L,음료,생수,28,11,42.0,21,7,0,2025-05-11,2025-05 중순,33.3333
124635,키키쿼카)쁘띠키링set,과자,캔디류,35,26,42.0,31,3,1,2025-05-11,2025-05 중순,9.6774
107580,농심)치타라24g,안주,스낵안주,32,14,42.0,19,6,4,2025-05-11,2025-05 중순,31.5789
125003,오리온)핵아이셔츄깔라만시레몬48g,과자,캔디류,33,14,42.0,18,9,1,2025-05-11,2025-05 중순,50.0
180636,진로)new참이슬360ml병,전통주,소주,31,17,42.0,19,8,1,2025-05-11,2025-05 중순,42.1053
124479,화요41도(나혼렙에디션),전통주,소주,32,20,41.0,23,3,5,2025-05-11,2025-05 중순,13.0435
123850,윈저12년 500ml,양주와인,양주,36,24,41.0,33,2,1,2025-05-11,2025-05 중순,6.0606
124317,롯데)파이열매73g,과자,비스킷류,29,14,41.0,23,6,0,2025-05-11,2025-05 중순,26.087
109285,CJ)백설한입쏙후랑크115g,냉장,냉장간식,27,10,41.0,15,8,2,2025-05-12,2025-05 중순,53.3333
107666,K리그)산리오캐리어(시나모롤),과자,캔디류,29,7,41.0,22,5,2,2025-05-11,2025-05 중순,22.7273
072648,진주햄)천하장사70g,냉장,냉장간식,25,15,41.0,17,8,0,2025-05-11,2025-05 중순,47.0588
041488,MDS)젤리블리납작복숭아60g,디저트,젤리,31,18,41.0,22,7,0,2025-05-11,2025-05 중순,31.8182
315307,P)아이코스 일루마원(페블그레이,담배,전자담배,37,15,41.0,35,2,0,2025-05-11,2025-05 중순,5.7143
123675,바이엔슈테판 헤페바이스(12입),맥주,수입맥주,37,29,41.0,33,0,4,2025-05-11,2025-05 중순,0.0
371916,P&G)다우니실내건조(세탁세제)_H,가정용품,세제류,35,17,41.0,32,3,0,2025-05-11,2025-05 중순,9.375
119516,동서)오레오씬즈초코무스84g,과자,비스킷류,31,15,41.0,20,8,0,2025-05-11,2025-05 중순,40.0
094196,세븐팜)신선한대란(30입),신선,수축산/계란,30,10,41.0,19,6,3,2025-05-11,2025-05 중순,31.5789
109763,LS)짠한형화깨수20g,건강/기호식품,숙취해소제,29,7,41.0,17,9,0,2025-05-11,2025-05 중순,52.9412
107378,K)릴 에이블2 (코튼블루),담배,전자담배,31,18,41.0,26,5,0,2025-05-11,2025-05 중순,19.2308
071464,진주햄)천하장사50g,냉장,냉장간식,31,11,41.0,20,8,0,2025-05-11,2025-05 중순,40.0
052383,세븐카페)아메리카노(L),즉석음료,세븐카페,31,19,41.0,26,5,0,2025-05-11,2025-05 중순,19.2308
390823,깨끗한)퓨어물티슈60매,위생용품,티슈,30,18,41.0,20,7,1,2025-05-11,2025-05 중순,35.0
107684,K리그)산리오캐리어(포차코),과자,캔디류,31,14,41.0,26,5,0,2025-05-11,2025-05 중순,19.2308
371793,LG)퐁퐁주방세제리필오렌지1.2L_H,가정용품,세제류,28,14,40.0,20,7,0,2025-05-11,2025-05 중순,35.0
062505,덴마크)드링킹딸기275ml,유음료,요구르트,26,8,40.0,15,9,0,2025-05-11,2025-05 중순,60.0
600911,MZ)호올스허니레몬27.9g,과자,캔디류,29,17,40.0,23,5,1,2025-05-11,2025-05 중순,21.7391
124671,컵스)팝콘치킨,즉석 식품,즉석치킨(삭제예정),27,13,40.0,16,8,1,2025-05-12,2025-05 중순,50.0
124606,도원결의40도360ml(3입),전통주,기타전통주,33,21,40.0,24,4,3,2025-05-13,2025-05 중순,16.6667
113216,마즈)엠앤엠즈밀크37g,과자,초콜릿,29,13,40.0,15,9,1,2025-05-12,2025-05 중순,60.0
109288,빙그레)쿠앤크바피스타치오70ml,아이스크림,노벨티,31,18,40.0,19,6,3,2025-05-11,2025-05 중순,31.5789
113367,오리온)촉촉한초코칩160g,과자,비스킷류,29,14,40.0,17,8,1,2025-05-11,2025-05 중순,47.0588
202648,일화)부르르제로사이다250ml,음료,탄산음료,29,14,40.0,21,6,1,2025-05-11,2025-05 중순,28.5714
062538,남양)아몬드데이오리지널190ml,유음료,기능성우유,37,14,40.0,27,5,1,2025-05-11,2025-05 중순,18.5185
112736,SAMG)빛나핑새콤한사워젤리,과자,젤리류,29,8,40.0,19,7,1,2025-05-14,2025-05 중순,36.8421
109732,롯데)찰떡인절미바75ml,아이스크림,노벨티,29,17,40.0,21,6,1,2025-05-11,2025-05 중순,28.5714
153107,CJ)백설멸치육수1분링,조미료/건물,조미료,28,12,40.0,18,8,0,2025-05-11,2025-05 중순,44.4444
124042,일신)캇예스사우어구미75g,과자,젤리류,31,16,40.0,23,4,3,2025-05-11,2025-05 중순,17.3913
114066,매일)바이오그릭요거트150g,유음료,요구르트,38,21,40.0,32,2,2,2025-05-11,2025-05 중순,6.25
083848,삼립)초당옥수수크림빵100g,빵,간식빵,34,16,40.0,23,7,0,2025-05-11,2025-05 중순,30.4348
400913,삼성)까스명수골드,약품/의료품,의약외품,27,8,40.0,16,8,1,2025-05-12,2025-05 중순,50.0
124569,동아제약)얼박_복숭아230ml,즉석음료,파우치,29,12,39.0,20,7,0,2025-05-11,2025-05 중순,35.0
115368,오리온)꼬북칩카라멜팝콘맛72g,과자,스낵류,32,12,39.0,18,8,1,2025-05-11,2025-05 중순,44.4444
201276,광동)제주삼다수2.0L,음료,생수,26,11,39.0,15,8,1,2025-05-13,2025-05 중순,53.3333
061677,덴마크)슈레드피자치즈25g,유음료,유제품,28,15,39.0,18,7,1,2025-05-13,2025-05 중순,38.8889
107241,훼밀리)에낙스파이시라면스낵28g,과자,스낵류,24,9,39.0,12,9,1,2025-05-12,2025-05 중순,75.0
132730,오뚜기)짜슐랭봉지,면,봉지면,29,17,39.0,22,6,0,2025-05-12,2025-05 중순,27.2727
210381,팔도)비빔면큰컵,면,용기면,28,13,39.0,20,6,1,2025-05-11,2025-05 중순,30.0
119827,마즈)엠앤엠즈블록크리스피44g,과자,초콜릿,30,6,39.0,19,7,1,2025-05-12,2025-05 중순,36.8421
123544,돈 멜초 2021,양주와인,와인,32,26,39.0,28,3,1,2025-05-11,2025-05 중순,10.7143
210678,롯데)명가찰떡아이스90ml,아이스크림,노벨티,30,17,39.0,19,7,1,2025-05-11,2025-05 중순,36.8421
110724,크라운)콘치66g,과자,스낵류,28,8,39.0,14,9,1,2025-05-12,2025-05 중순,64.2857
114811,하리보)골든배렌젤리100g,과자,젤리류,22,10,39.0,12,7,3,2025-05-12,2025-05 중순,58.3333
113434,롯데)아몬드초코볼2300,과자,초콜릿,28,11,39.0,18,7,1,2025-05-11,2025-05 중순,38.8889
124535,진주햄)천하장사콰트로치즈70g,냉장,냉장간식,33,13,39.0,18,9,0,2025-05-11,2025-05 중순,50.0
118013,오리온)예감오리지널64g,과자,스낵류,26,11,39.0,13,9,1,2025-05-11,2025-05 중순,69.2308
141522,PB)고기듬뿍미역국(컵),가공식품,상온간편식,29,13,39.0,21,5,2,2025-05-11,2025-05 중순,23.8095
107294,티머니)기후동행카드_ver2(해치),서비스 상품,일반서비스,31,12,39.0,27,4,0,2025-05-11,2025-05 중순,14.8148
107414,하이트)테라라이트500ml캔,맥주,국산맥주,38,18,39.0,23,7,1,2025-05-11,2025-05 중순,30.4348
170395,오비)new카스500ml병,맥주,국산맥주,35,22,39.0,27,5,0,2025-05-11,2025-05 중순,18.5185
050283,뚜또)밀감230g,디저트,젤리,23,10,39.0,15,8,0,2025-05-11,2025-05 중순,53.3333
371155,롯알)맥스부탄가스220g,가정용품,행락용품,24,6,38.0,15,8,0,2025-05-13,2025-05 중순,53.3333
123161,코젤다크 330ml캔(24입),맥주,수입맥주,31,16,38.0,19,7,1,2025-05-11,2025-05 중순,36.8421
210742,빙그레)뽕따소다130ml,아이스크림,노벨티,26,13,38.0,13,8,2,2025-05-11,2025-05 중순,61.5385
201355,동서)스타벅스더블샷(에스프레소,음료,커피음료,23,6,38.0,15,7,1,2025-05-11,2025-05 중순,46.6667
105960,G)페양구야끼소바오리지널120g,면,용기면,34,20,38.0,26,2,4,2025-05-11,2025-05 중순,7.6923
108365,우진)지오도라퀸타20/21 750ml,양주와인,와인,33,19,38.0,29,1,3,2025-05-11,2025-05 중순,3.4483
124636,키키쿼카)얼굴쿠션set,과자,캔디류,30,20,38.0,26,4,0,2025-05-11,2025-05 중순,15.3846
083852,삼립)순우유완듀완듀팡110g,빵,간식빵,26,14,38.0,16,8,0,2025-05-11,2025-05 중순,50.0
083640,삼립)NEW초코블랑48g,빵,구움과자,28,10,38.0,21,6,0,2025-05-12,2025-05 중순,28.5714
094262,프레시팜)착한한끼두부300g,신선,야채,28,14,38.0,19,7,0,2025-05-11,2025-05 중순,36.8421
160130,코카)코카콜라250ml,음료,탄산음료,22,9,38.0,14,8,0,2025-05-11,2025-05 중순,57.1429
124725,하림)직화갈비맛핫바65g,냉장,냉장간식,29,18,38.0,20,6,1,2025-05-11,2025-05 중순,30.0
107305,PB)파리의이온비타납작복숭아제로500ml,음료,스포츠음료,24,12,38.0,17,7,0,2025-05-11,2025-05 중순,41.1765
118138,하리보)해피콜라사우어,과자,젤리류,28,14,38.0,15,9,0,2025-05-11,2025-05 중순,60.0
132709,팔도)틈새라면매운김치컵,면,용기면,30,15,38.0,18,8,0,2025-05-11,2025-05 중순,44.4444
083686,PB)버터크림앙모스180g,빵,간식빵,32,18,38.0,20,6,2,2025-05-11,2025-05 중순,30.0
083773,PB)담백한통밀도넛40g,빵,구움과자,33,18,38.0,22,6,1,2025-05-11,2025-05 중순,27.2727
200591,페르)앱솔루트보드카700ml,양주와인,양주,32,13,38.0,21,7,0,2025-05-12,2025-05 중순,33.3333
105369,아미)순수얼음1kg,즉석음료,얼음,28,15,38.0,16,7,2,2025-05-11,2025-05 중순,43.75
124544,롯데)포켓델리햄&포테이토샐러드,미반,푸드 간편식,31,18,38.0,25,4,1,2025-05-11,2025-05 중순,16.0
083851,삼립)순우유밀크요팡65g,빵,간식빵,30,13,38.0,18,8,0,2025-05-11,2025-05 중순,44.4444
124172,랏소베어)얼굴쿠션set,과자,초콜릿,33,26,38.0,30,2,1,2025-05-11,2025-05 중순,6.6667
104429,청우)참깨스틱85g,과자,비스킷류,24,9,38.0,13,9,0,2025-05-11,2025-05 중순,69.2308
150931,빙그레)비비빅75ml,아이스크림,노벨티,31,12,38.0,17,8,1,2025-05-11,2025-05 중순,47.0588
160779,웅진)하늘보리500ml,음료,차음료,28,12,37.0,19,6,1,2025-05-12,2025-05 중순,31.5789
380462,애경)2080치약125g_H,H&B,치약,27,10,37.0,20,6,0,2025-05-11,2025-05 중순,30.0
160408,코카)환타오렌지600ml,음료,탄산음료,22,9,37.0,14,7,1,2025-05-11,2025-05 중순,50.0
062398,서울)비요뜨링크138g,유음료,요구르트,32,19,37.0,27,3,1,2025-05-11,2025-05 중순,11.1111
108976,롯데)로제함박스파게티,미반,푸드 간편식,39,31,37.0,35,0,2,2025-05-11,2025-05 중순,0.0
132630,농심)앵그리짜파구리큰사발,면,용기면,27,15,37.0,17,6,2,2025-05-11,2025-05 중순,35.2941
160648,칠성)제주감귤1.5L,음료,주스,24,8,37.0,15,7,1,2025-05-11,2025-05 중순,46.6667
170453,오비)카스740ml캔,맥주,국산맥주,35,12,37.0,22,7,0,2025-05-11,2025-05 중순,31.8182
106294,하림)더미식김치콩나물국350g,가공식품,상온간편식,31,18,37.0,22,6,0,2025-05-11,2025-05 중순,27.2727
222634, 잇웨이)멕시카나양념닭강정250g,냉동,조리냉동,29,14,37.0,23,5,0,2025-05-12,2025-05 중순,21.7391
125193,PB)럭히밥사골곰탕꾹밥225g,가공식품,가공미반류,34,31,37.0,32,1,1,2025-05-11,2025-05 중순,3.125
104349,롯데)칙촉비스켓2400,과자,비스킷류,25,9,37.0,14,7,2,2025-05-11,2025-05 중순,50.0
124644,롯데)제로말차크림모나카140ml,아이스크림,노벨티,29,12,37.0,20,5,2,2025-05-11,2025-05 중순,25.0
170914,하이트)켈리500ml캔,맥주,국산맥주,31,19,37.0,24,5,0,2025-05-11,2025-05 중순,20.8333
119548,농심)1M츄파춥스사워벨트55g,과자,젤리류,37,30,37.0,31,3,0,2025-05-11,2025-05 중순,9.6774
125604,정승제)목표대학가능 티셔츠_L,패션잡화,시즌/소품,32,25,36.5,28,2,1,2025-05-15,2025-05 중순,7.1429
191976,산타리타트리플C,양주와인,와인,32,22,36.0,26,1,4,2025-05-11,2025-05 중순,3.8462
401517,동화)부채표미인활75ml,약품/의료품,의약외품,28,8,36.0,18,7,0,2025-05-13,2025-05 중순,38.8889
109767,티젠)말차라떼7입,건강/기호식품,차,36,22,36.0,25,4,2,2025-05-11,2025-05 중순,16.0
125226,글렌피딕34년셰리캐스크피니쉬 700ml,양주와인,양주,27,13,36.0,22,4,1,2025-05-11,2025-05 중순,18.1818
107456,덴마크)테이크얼라이브블렌드자몽히비스커스 300ml,유음료,냉장주스,32,14,36.0,18,8,0,2025-05-11,2025-05 중순,44.4444
083884,삼립)발효버터빅스위트데니쉬,빵,간식빵,25,12,36.0,13,8,1,2025-05-12,2025-05 중순,61.5385
106861,빙그레)더단백딸기250ml,유음료,프로틴 음료,24,9,36.0,16,7,0,2025-05-11,2025-05 중순,43.75
371927,피죤)무균무때욕실용500ml_H,가정용품,세제류,32,9,36.0,26,4,0,2025-05-11,2025-05 중순,15.3846
109936,발렌타인10년 700ml,양주와인,양주,27,18,36.0,21,3,3,2025-05-13,2025-05 중순,14.2857
119693,롯데)ABC초코72g,과자,초콜릿,20,5,36.0,10,9,0,2025-05-11,2025-05 중순,90.0
124540,그린)닭가슴살몸짱버거,조리빵,햄버거,29,17,36.0,21,5,1,2025-05-11,2025-05 중순,23.8095
125075,몽키숄더700ml,양주와인,양주,30,19,36.0,25,1,4,2025-05-11,2025-05 중순,4.0
106546,동원)동원샘물2L,음료,생수,26,12,36.0,19,6,0,2025-05-11,2025-05 중순,31.5789
109281,하겐)크리스피샌드커스타드쇼콜라60ml,아이스크림,고급,28,10,36.0,21,4,2,2025-05-13,2025-05 중순,19.0476
161571,정화)오징어는땅콩을좋아해55g,안주,오징어,24,12,36.0,17,5,2,2025-05-11,2025-05 중순,29.4118
124637,키키쿼카)밍크담요set,과자,캔디류,33,27,36.0,29,2,1,2025-05-11,2025-05 중순,6.8966
390876,유한)좋은느낌울트라날개대16P,위생용품,생리대,32,14,36.0,28,3,0,2025-05-11,2025-05 중순,10.7143
123814,델토리)크랩새우딥초코60g,과자,스낵류,23,10,36.0,16,6,1,2025-05-11,2025-05 중순,37.5
161086,코카)코카콜라제로250ml,음료,탄산음료,22,8,36.0,13,8,0,2025-05-12,2025-05 중순,61.5385
160141,오츠카)포카리스웨트1.5L,음료,스포츠음료,25,14,36.0,15,7,1,2025-05-11,2025-05 중순,46.6667
062558,빙그레)사이즈업돌체라떼350ml,유음료,가공우유,28,6,36.0,18,7,0,2025-05-11,2025-05 중순,38.8889
105641,동원)쿨피스에이드복숭아300ml,유음료,냉장주스,40,14,36.0,20,9,0,2025-05-11,2025-05 중순,45.0
361184,LG)페리오토탈7치약_H,H&B,치약,26,13,36.0,21,5,0,2025-05-11,2025-05 중순,23.8095
124710,농심)츄파춥스딸사워코코레몬350ml,음료,주스,31,24,36.0,26,3,1,2025-05-11,2025-05 중순,11.5385
141410,삼양)로제불닭떡볶이(컵),가공식품,가공미반류,37,14,35.0,32,2,0,2025-05-12,2025-05 중순,6.25
132042,오뚜기)참깨라면소컵,면,용기면,23,11,35.0,15,7,0,2025-05-11,2025-05 중순,46.6667
105922,벤앤제리스)체리가르시아파인트473ml,아이스크림,고급,33,13,35.0,27,2,2,2025-05-11,2025-05 중순,7.4074
170258,엠즈)삿포로실버컵650ml캔,맥주,수입맥주,29,13,35.0,24,4,0,2025-05-11,2025-05 중순,16.6667
381677,남영)비비안여성헴팬티95_H,패션잡화,팬티/내의,38,28,35.0,33,1,1,2025-05-11,2025-05 중순,3.0303
170186,현대)미에로화이바350ml,음료,기능성드링크,25,15,35.0,12,6,4,2025-05-11,2025-05 중순,50.0
107817,K리그산리오)인형 키링_포차코,문구/완구,일반완구,31,23,35.0,29,2,0,2025-05-11,2025-05 중순,6.8966
180802,진로)진로640ml페트,전통주,소주,31,14,35.0,18,6,2,2025-05-11,2025-05 중순,33.3333
123693,G)스틱휘낭시에레몬티39g,빵,구움과자,31,16,35.0,24,3,2,2025-05-11,2025-05 중순,12.5
106824,스윗)케이준치킨너겟샐러드165g,미반,샐러드 ,33,21,35.0,31,0,2,2025-05-11,2025-05 중순,0.0
202671,코카)몬스터에너지선라이즈355,음료,기능성드링크,24,6,35.0,14,7,1,2025-05-11,2025-05 중순,50.0
070197,서울)초코우유200ml,유음료,가공우유,25,12,35.0,18,6,0,2025-05-12,2025-05 중순,33.3333
116364,오리온)마이구미1000,과자,젤리류,25,10,35.0,15,6,2,2025-05-11,2025-05 중순,40.0
073305,CJ)닭가슴살소시지(청양고추)80g,냉장,냉장간식,28,13,35.0,19,4,3,2025-05-11,2025-05 중순,21.0526
080279,대림)숯불구이맛후랑크70g,냉장,냉장간식,23,11,35.0,14,6,2,2025-05-11,2025-05 중순,42.8571
124478,화요25도(나혼렙에디션),전통주,소주,27,18,35.0,21,2,4,2025-05-11,2025-05 중순,9.5238
073385,리치푸드)로제쫄깃납작면(냉장),냉장,냉장간편식,26,11,35.0,19,5,1,2025-05-11,2025-05 중순,26.3158
119410,롯데)크런키초코바30g,과자,초콜릿,27,17,35.0,18,5,2,2025-05-12,2025-05 중순,27.7778
212009,PB)오백바딸기70ml,아이스크림,노벨티,25,4,35.0,14,8,0,2025-05-11,2025-05 중순,57.1429
160252,코카)파워에이드마운틴600ml,음료,스포츠음료,25,9,35.0,18,6,0,2025-05-12,2025-05 중순,33.3333
372019,싸다고)샤프란핑크센세이션리필2_H,가정용품,세제류,23,8,35.0,15,7,0,2025-05-11,2025-05 중순,46.6667
119865,하리보)믹스사우어100g,과자,젤리류,25,13,35.0,15,6,2,2025-05-13,2025-05 중순,40.0
062168,매일)바리스타디카페인325ml,유음료,컵커피,25,11,35.0,18,6,0,2025-05-11,2025-05 중순,33.3333
133737,종가집)맛김치50g,냉장,냉장간편식,30,17,35.0,17,7,1,2025-05-11,2025-05 중순,41.1765
150947,롯데)스크류바75ml,아이스크림,노벨티,25,11,35.0,18,6,0,2025-05-11,2025-05 중순,33.3333
124554,PB)바밤바알밤크림빵110g,빵,간식빵,31,18,35.0,20,5,2,2025-05-11,2025-05 중순,25.0
105299,대호)Big복숭아아이스티320ml,즉석음료,파우치,21,10,34.0,12,7,1,2025-05-11,2025-05 중순,58.3333
113512,맥캘란 12년 더블캐스크 700ml,양주와인,양주,29,23,34.0,26,2,1,2025-05-11,2025-05 중순,7.6923
108546,마즈)이클립스소프트리치45g,과자,캔디류,24,11,34.0,17,6,0,2025-05-12,2025-05 중순,35.2941
124435,PB)바스켓팝콘,과자,스낵류,30,14,34.0,25,2,2,2025-05-11,2025-05 중순,8.0
061196,매일)바리스타카라멜250ml,유음료,컵커피,22,11,34.0,15,5,2,2025-05-12,2025-05 중순,33.3333
123868,글렌알라키 15년 700ml,양주와인,양주,32,26,34.0,30,0,2,2025-05-11,2025-05 중순,0.0
070742,서울)저지방우유1L,유음료,기능성우유,28,11,34.0,19,6,0,2025-05-11,2025-05 중순,31.5789
109940,발렌타인 마스터스 700ml,양주와인,양주,28,16,34.0,24,2,2,2025-05-11,2025-05 중순,8.3333
220585,오뚜기)맛있는큰밥300g,가공식품,가공미반류,23,13,34.0,17,5,1,2025-05-11,2025-05 중순,29.4118
324113,티머니)전국교통카드(그레이)_통,서비스 상품,일반서비스,30,10,34.0,23,3,2,2025-05-11,2025-05 중순,13.0435
201698,코카)토레타500ml,음료,스포츠음료,21,10,34.0,14,6,1,2025-05-11,2025-05 중순,42.8571
202697,동화)비타천120ml,음료,기능성드링크,22,14,34.0,16,6,0,2025-05-11,2025-05 중순,37.5
123627,빙그레)요맘때복숭아70ml,아이스크림,노벨티,32,12,34.0,25,4,0,2025-05-11,2025-05 중순,16.0
117122,롯데)스카치캔디2500,과자,캔디류,24,12,34.0,17,6,0,2025-05-11,2025-05 중순,35.2941
132339,오뚜기)진짬뽕큰컵,면,용기면,24,12,34.0,15,7,0,2025-05-11,2025-05 중순,46.6667
125595,조정식)리셋 티셔츠_L,패션잡화,시즌/소품,28,22,34.0,25,3,0,2025-05-16,2025-05 중순,12.0
107055,카브루)리얼레몬하이볼355ml캔,양주와인,하이볼,30,13,34.0,20,6,0,2025-05-11,2025-05 중순,30.0
109844,산미구엘페일필젠병320ml(24입),맥주,수입맥주,30,21,34.0,25,2,2,2025-05-11,2025-05 중순,8.0
390869,LG)바디피트볼록맞춤오버4P,위생용품,생리대,25,17,33.0,19,5,0,2025-05-11,2025-05 중순,26.3158
601580,PB)단백질바(베리)50g,과자,프로틴/시리얼,27,18,33.0,20,5,0,2025-05-11,2025-05 중순,25.0
201966,웅진)초록매실마일드500ml,음료,전통음료,22,11,33.0,16,5,1,2025-05-11,2025-05 중순,31.25
062515,정식품)고단백검은콩두유190ml,유음료,두유,30,16,33.0,26,2,1,2025-05-11,2025-05 중순,7.6923
115430,동서)오레오씬즈바닐라84g,과자,비스킷류,26,15,33.0,16,6,1,2025-05-11,2025-05 중순,37.5
124906,키다리)진실의미간대파육개장큰컵,면,용기면,24,16,33.0,19,4,1,2025-05-11,2025-05 중순,21.0526
160140,오츠카)포카리스웨트240ml캔,음료,스포츠음료,19,8,33.0,10,8,0,2025-05-12,2025-05 중순,80.0
124254,맥캘란 18년 셰리오크,양주와인,양주,34,29,33.0,26,0,5,2025-05-11,2025-05 중순,0.0
118878,CJ)밀국물떡볶이346g,냉장,냉장간편식,23,8,33.0,14,7,0,2025-05-11,2025-05 중순,50.0
094261,프레시팜)안심콩나물300g,신선,야채,29,11,33.0,21,5,0,2025-05-11,2025-05 중순,23.8095
061843,빙그레)사이즈업바닐라라떼350ml,유음료,가공우유,22,10,33.0,14,6,1,2025-05-11,2025-05 중순,42.8571
132201,농심)너구리큰사발,면,용기면,19,8,33.0,12,7,0,2025-05-12,2025-05 중순,58.3333
411172,맨담)갸스비매트왁스80g(최강)_H,미용/화장품,헤어스타일링,31,5,33.0,30,1,0,2025-05-12,2025-05 중순,3.3333
124391,그린)듬뿍크래미유부초밥,미반,초밥류,33,20,33.0,21,6,0,2025-05-11,2025-05 중순,28.5714
105927,스위트)지렁이젤리사우어미니10g,과자,젤리류,27,6,33.0,16,7,0,2025-05-11,2025-05 중순,43.75
201051,오츠카)나랑드사이다245ml,음료,탄산음료,27,13,33.0,16,7,0,2025-05-11,2025-05 중순,43.75
123790,고운벗)스노우생초코레트오리지널32g,과자,초콜릿,20,10,33.0,13,6,1,2025-05-11,2025-05 중순,46.1538
119866,하리보)프리마베라80g,과자,젤리류,24,12,33.0,19,4,1,2025-05-12,2025-05 중순,21.0526
123557,SAMG)하츄핑의4D젤리42g,과자,젤리류,25,12,33.0,17,6,0,2025-05-11,2025-05 중순,35.2941
106071,언노운)드보오마주오리지널브뤼750ml,양주와인,와인,32,16,33.0,31,0,1,2025-05-11,2025-05 중순,0.0
161254,광동)옥수수수염차500ml,음료,차음료,19,8,33.0,12,7,0,2025-05-11,2025-05 중순,58.3333
202357,칠성)레쓰비그란데헤이즐넛500ml,음료,커피음료,24,13,33.0,15,6,1,2025-05-12,2025-05 중순,40.0
102863,롯데)빵빠레소프트바초코,아이스크림,노벨티,30,15,33.0,20,5,1,2025-05-11,2025-05 중순,25.0
201408,HK)컨디션(레이디)100ml,음료,기능성드링크,23,8,33.0,16,6,0,2025-05-12,2025-05 중순,37.5
141380,PB)시금치된장국(컵),가공식품,상온간편식,23,11,33.0,15,5,2,2025-05-11,2025-05 중순,33.3333
124780,해태)구운양파명랑핫도그맛110g,과자,스낵류,25,16,32.0,19,4,1,2025-05-12,2025-05 중순,21.0526
070896,롯데)에센뽀득프랑크70g,냉장,냉장간식,24,13,32.0,16,6,0,2025-05-11,2025-05 중순,37.5
105153,웰그린)수박에이드230ml,즉석음료,파우치,20,11,32.0,14,6,0,2025-05-11,2025-05 중순,42.8571
150909,롯데)옥동자70ml,아이스크림,노벨티,22,11,32.0,15,6,0,2025-05-11,2025-05 중순,40.0
140538,CJ)강된장보리비빔밥(컵반),가공식품,가공미반류,24,9,32.0,13,6,2,2025-05-11,2025-05 중순,46.1538
115577,카발란 하이볼 위스키소다(24입),양주와인,양주,32,29,32.0,32,0,0,2025-05-11,2025-05 중순,0.0
109927,앱솔루트 앤디워홀 700ml,양주와인,양주,22,13,32.0,17,5,0,2025-05-11,2025-05 중순,29.4118
111739,크라운)참크래커56g,과자,비스킷류,20,8,32.0,10,8,0,2025-05-11,2025-05 중순,80.0
102820,롯데)빵빠레소프트바바닐라,아이스크림,노벨티,25,15,32.0,17,5,1,2025-05-11,2025-05 중순,29.4118
093157,SNJ)순수고구마130g,신선,야채,23,9,32.0,16,5,1,2025-05-11,2025-05 중순,31.25
210058, 팔도)김치왕뚜껑,면,용기면,24,10,32.0,12,8,0,2025-05-11,2025-05 중순,66.6667
083855,삼립)탕종빅땅콩샌드160g,빵,간식빵,24,15,32.0,16,6,0,2025-05-11,2025-05 중순,37.5
601348,엔제이)딸기썬더파우치37g,과자,초콜릿,27,16,32.0,17,4,3,2025-05-11,2025-05 중순,23.5294
161483,샘표)질러부드러운우육포30g,안주,육포,20,6,32.0,12,7,0,2025-05-13,2025-05 중순,58.3333
107050,현대)동원고추참치유부말이,미반,초밥류,27,14,32.0,18,5,1,2025-05-11,2025-05 중순,27.7778
070124,정식품)베지밀B(병)190ml,유음료,두유,28,17,32.0,20,5,0,2025-05-12,2025-05 중순,25.0
122330,동서)맥심슈프림골드믹스,건강/기호식품,커피,28,10,32.0,24,3,0,2025-05-11,2025-05 중순,12.5
103043,매일)킨더초코릿50g(4입),과자,초콜릿,27,11,32.0,17,4,3,2025-05-11,2025-05 중순,23.5294
600176,빙그레)더단백크런치바초코,과자,프로틴/시리얼,26,13,32.0,17,6,0,2025-05-11,2025-05 중순,35.2941
600910,MZ)호올스아이스블루27.9g,과자,캔디류,33,12,32.0,23,4,1,2025-05-11,2025-05 중순,17.3913
191970,샤또 생 미셸 리슬링 *2입,양주와인,와인,26,20,32.0,22,2,2,2025-05-11,2025-05 중순,9.0909
111763,해광)프레첼체다치즈85g,과자,스낵류,26,9,32.0,17,6,0,2025-05-11,2025-05 중순,35.2941
601391,오리온)비쵸비5P,과자,비스킷류,22,9,32.0,11,8,0,2025-05-11,2025-05 중순,72.7273
108606,롯데)앙리마티스트리벤토재즈750ml,양주와인,와인,25,16,32.0,18,3,3,2025-05-11,2025-05 중순,16.6667
124779,언노운)드보뀌베D블랑드블랑750ml,양주와인,와인,30,18,31.5,28,1,0,2025-05-11,2025-05 중순,3.5714
201004,칠성)립톤아이스티500ml,음료,차음료,22,11,31.0,15,5,1,2025-05-11,2025-05 중순,33.3333
104389,크라운)버터와플135g,과자,비스킷류,19,7,31.0,11,7,0,2025-05-13,2025-05 중순,63.6364
073092,하림)닭가슴살리얼바블랙페퍼80g,냉장,냉장간식,24,9,31.0,16,5,1,2025-05-11,2025-05 중순,31.25
600838,롯데)꼬깔콘고소한맛(대)134g,과자,스낵류,26,23,31.0,23,2,1,2025-05-11,2025-05 중순,8.6957
050281,뚜또)코코딸기230g,디저트,젤리,22,8,31.0,15,5,1,2025-05-13,2025-05 중순,33.3333
180587,진로)참이슬후레쉬640ml페트,전통주,소주,25,10,31.0,14,7,0,2025-05-11,2025-05 중순,50.0
101949,롯데)자일리톨용기껌3000,과자,껌,21,6,31.0,12,7,0,2025-05-11,2025-05 중순,58.3333
113855,해태)포키극세,과자,비스킷류,21,11,31.0,9,7,2,2025-05-11,2025-05 중순,77.7778
140809,오뚜기)새송이쇠고기죽285g,가공식품,가공미반류,27,11,31.0,23,3,0,2025-05-11,2025-05 중순,13.0435
210344,오뚜기)진라면매운맛소컵,면,용기면,21,11,31.0,14,6,0,2025-05-11,2025-05 중순,42.8571
220749,오뚜기)작은밥150g,가공식품,가공미반류,20,12,31.0,14,5,1,2025-05-11,2025-05 중순,35.7143
062268,매일)셀렉스드링크초코330ml,유음료,프로틴 음료,24,13,31.0,18,4,1,2025-05-13,2025-05 중순,22.2222
109555,PB)착한요구르트280ml,유음료,요구르트,22,14,31.0,13,6,1,2025-05-11,2025-05 중순,46.1538
108462,화이트)오마이탐폰레귤러8P,위생용품,생리대,26,15,31.0,21,3,1,2025-05-11,2025-05 중순,14.2857
170217,동화)쌍화원골드100ml,음료,기능성드링크,27,23,31.0,23,3,0,2025-05-11,2025-05 중순,13.0435
070290,동원)쿨피스복숭아930ml,유음료,냉장주스,21,4,31.0,12,7,0,2025-05-12,2025-05 중순,58.3333
122437,이노엔)컨디션스틱오리지널,건강/기호식품,숙취해소제,23,12,31.0,15,6,0,2025-05-12,2025-05 중순,40.0
180952,전주이강주25도375ml*2입,전통주,기타전통주,28,24,31.0,26,1,1,2025-05-14,2025-05 중순,3.8462
107818,K리그산리오)인형 키링_헬로키티,문구/완구,일반완구,28,17,31.0,25,0,3,2025-05-11,2025-05 중순,0.0
073331,삼립)로스트치킨(소금구이)210g,냉장,냉장안주,23,5,31.0,19,4,0,2025-05-12,2025-05 중순,21.0526
123414,클룹)제로소다포도500ml,음료,탄산음료,27,21,31.0,18,4,2,2025-05-11,2025-05 중순,22.2222
151759,CJ)쇠고기다시다골드100g,조미료/건물,조미료,20,9,31.0,14,5,1,2025-05-12,2025-05 중순,35.7143
108827,키다리)진실의미간김치국수큰컵,면,용기면,25,18,31.0,17,4,2,2025-05-12,2025-05 중순,23.5294
600313,해태)홈런볼128g,과자,비스킷류,25,13,31.0,16,6,0,2025-05-11,2025-05 중순,37.5
160052, 칠성)칠성사이다500ml,음료,탄산음료,21,8,31.0,12,7,0,2025-05-11,2025-05 중순,58.3333
202407,링티)링티제로500ml,음료,스포츠음료,23,13,31.0,17,5,0,2025-05-11,2025-05 중순,29.4118
600030,크라운)쿠크다스(커피)128g,과자,비스킷류,27,18,31.0,20,3,2,2025-05-12,2025-05 중순,15.0
201909,쥬맥스)모구모구(복숭아)320ml,음료,주스,19,8,31.0,11,7,0,2025-05-11,2025-05 중순,63.6364
107063,롯데)파스퇴르우유빙수230ml,아이스크림,노벨티,23,16,31.0,14,2,6,2025-05-11,2025-05 중순,14.2857
170992,롯데)크러시500ml병,맥주,국산맥주,27,18,31.0,23,3,0,2025-05-11,2025-05 중순,13.0435
123797,1키키쿼카)밍크담요,과자,캔디류,28,14,30.0,20,3,2,2025-05-11,2025-05 중순,15.0
181007,고구마소주난슈덴라쿠900ml,전통주,기타전통주,24,14,30.0,19,4,0,2025-05-11,2025-05 중순,21.0526
230019,동서)보리차300g,건강/기호식품,차,24,9,30.0,15,6,0,2025-05-11,2025-05 중순,40.0
201105,칠성)아이시스500ml(8.0),음료,생수,20,7,30.0,13,6,0,2025-05-12,2025-05 중순,46.1538
070170,매일)허쉬초코팩235ml,유음료,가공우유,19,9,30.0,13,5,1,2025-05-12,2025-05 중순,38.4615
110985,해태)자유시간,과자,초콜릿,20,9,30.0,13,6,0,2025-05-11,2025-05 중순,46.1538
072912,동원)친친오리지널소시지70g,냉장,냉장간식,26,16,30.0,18,5,0,2025-05-11,2025-05 중순,27.7778
109737,로베르드노정푸이휘세라크르와1.5L(매그넘),양주와인,와인,27,23,30.0,25,1,1,2025-05-11,2025-05 중순,4.0
105654,대상)안주야먹태열풍군옥수수맛25g,안주,생선류,22,13,30.0,14,6,0,2025-05-11,2025-05 중순,42.8571
108051,롯데)달콤한땅콩소보로75g,빵,간식빵,20,14,30.0,15,5,0,2025-05-11,2025-05 중순,33.3333
124568,동아제약)얼박_샤인머스캣230ml,즉석음료,파우치,22,7,30.0,14,6,0,2025-05-12,2025-05 중순,42.8571
106527,롯데)새로소주살구360ml병,전통주,기타전통주,27,11,30.0,13,7,1,2025-05-11,2025-05 중순,53.8462
107770,G)파스키에초코칩브리오쉬225g,빵,간식빵,22,13,30.0,16,5,0,2025-05-11,2025-05 중순,31.25
192557,타임)와인글라스모스카토187ml,양주와인,와인,26,11,30.0,18,2,4,2025-05-11,2025-05 중순,11.1111
116640,오리온)통크1200,과자,비스킷류,21,10,30.0,13,4,3,2025-05-11,2025-05 중순,30.7692
150419,하겐)파인트녹차,아이스크림,고급,24,15,30.0,18,3,2,2025-05-11,2025-05 중순,16.6667
381676,남영)비비안여성헴팬티90_H,패션잡화,팬티/내의,24,16,30.0,21,3,0,2025-05-11,2025-05 중순,14.2857
170227,오비)버드와이저500ml캔,맥주,수입맥주,28,17,30.0,21,4,0,2025-05-11,2025-05 중순,19.0476
115477,탐나불린 쇼비뇽블랑 700ml,양주와인,양주,26,17,30.0,22,0,4,2025-05-11,2025-05 중순,0.0
052661,칠성)칸타타아이스블랙230ml,즉석음료,파우치,20,10,30.0,15,5,0,2025-05-11,2025-05 중순,33.3333
202520,농심)카프리썬오렌지망고200ml,음료,주스,18,10,30.0,12,6,0,2025-05-11,2025-05 중순,50.0
117413,네슬레)킷캣청키쿠키앤크림,과자,초콜릿,18,4,30.0,10,7,0,2025-05-13,2025-05 중순,70.0
211645,벤앤제리스)초코퍼지파인트473ml,아이스크림,고급,26,17,30.0,21,2,2,2025-05-11,2025-05 중순,9.5238
180655,보해)new복분자375ml,전통주,기타전통주,26,8,30.0,18,5,0,2025-05-11,2025-05 중순,27.7778
125596,조정식)리셋 티셔츠_XL,패션잡화,시즌/소품,26,22,30.0,24,2,0,2025-05-15,2025-05 중순,8.3333
062381,PB)헬로맨카라멜마끼아또320ml,유음료,컵커피,21,13,29.0,17,4,0,2025-05-11,2025-05 중순,23.5294
118533,오리온)예감볶은양파64g,과자,스낵류,21,3,29.0,9,8,0,2025-05-12,2025-05 중순,88.8889
071186,종가집)새콤달콤볶음김치80g,냉장,냉장간편식,21,13,29.0,15,5,0,2025-05-13,2025-05 중순,33.3333
124510,우진)지오도BDM 18,양주와인,와인,26,13,29.0,23,0,3,2025-05-13,2025-05 중순,0.0
124730,돌코리아)후룻컵알로코코198g,신선,과일,24,9,29.0,15,5,1,2025-05-11,2025-05 중순,33.3333
062040,빙그레)쥬시쿨자두450ml,유음료,냉장주스,17,5,29.0,11,6,0,2025-05-11,2025-05 중순,54.5455
160463,웅진)아침햇살500ml,음료,전통음료,20,11,29.0,10,5,3,2025-05-11,2025-05 중순,50.0
117969,오리온)고소미70g,과자,비스킷류,20,9,29.0,9,7,1,2025-05-12,2025-05 중순,77.7778
062436,빙그레)더단백커피250ml,유음료,프로틴 음료,27,13,29.0,22,3,0,2025-05-11,2025-05 중순,13.6364
116232,훼밀리)에낙라면스낵치킨맛30g,과자,스낵류,22,9,29.0,12,6,1,2025-05-14,2025-05 중순,50.0
083845,삼립)주종발효카스타드소보루,빵,간식빵,19,11,29.0,14,5,0,2025-05-11,2025-05 중순,35.7143
125606,정승제)목표대학가능 티셔츠_S,패션잡화,시즌/소품,24,18,29.0,19,3,1,2025-05-15,2025-05 중순,15.7895
202553,농심)웰치스제로포도355ml,음료,탄산음료,19,10,29.0,12,6,0,2025-05-11,2025-05 중순,50.0
106997,롯데)빅단팥슈크림빵105g,빵,간식빵,19,8,29.0,12,6,0,2025-05-11,2025-05 중순,50.0
115573,맥코넬스 700ml,양주와인,양주,23,16,29.0,18,1,4,2025-05-11,2025-05 중순,5.5556
123811,익스트림)에너지퍼스트펭귄250ml,음료,기능성드링크,21,11,29.0,13,6,0,2025-05-11,2025-05 중순,46.1538
180580,우리술)톡쏘는알밤동동750ml,전통주,막걸리,24,8,29.0,17,4,1,2025-05-11,2025-05 중순,23.5294
113178,씨씨)남성면트렁크(100)_H,패션잡화,팬티/내의,21,10,29.0,15,5,0,2025-05-11,2025-05 중순,33.3333
123413,클룹)제로소다피치500ml,음료,탄산음료,17,10,29.0,10,5,2,2025-05-11,2025-05 중순,50.0
600912,MZ)호올스블루베리27.9g,과자,캔디류,21,11,29.0,15,5,0,2025-05-11,2025-05 중순,33.3333
132057,오뚜기)치즈볶이큰컵,면,용기면,21,11,29.0,11,7,0,2025-05-12,2025-05 중순,63.6364
180708,한국술)지평생막걸리750ml,전통주,막걸리,21,12,29.0,17,4,0,2025-05-11,2025-05 중순,23.5294
601559,오리온)치즈톡80g,과자,스낵류,27,11,29.0,14,7,0,2025-05-11,2025-05 중순,50.0
083928,삼립)순우유연유요팡80g,빵,간식빵,17,8,29.0,11,6,0,2025-05-12,2025-05 중순,54.5455
106866,삼양)맵탱마늘조개라면봉지,면,봉지면,25,15,29.0,23,2,0,2025-05-11,2025-05 중순,8.6957
124268,비고르 레드,양주와인,와인,23,17,29.0,19,2,2,2025-05-11,2025-05 중순,10.5263
115169,크라운)딸기산도161g,과자,비스킷류,21,4,29.0,13,6,0,2025-05-14,2025-05 중순,46.1538
370405,깨끗한)깨끗한나라캡형70매,위생용품,티슈,27,17,29.0,18,5,0,2025-05-11,2025-05 중순,27.7778
191606,지비)서브미션까버네쇼비뇽750ml,양주와인,와인,24,13,29.0,15,2,5,2025-05-11,2025-05 중순,13.3333
124048,미스티)마이초코23g,과자,초콜릿,19,9,29.0,12,6,0,2025-05-11,2025-05 중순,50.0
180948,롯데)새로소주360ml병,전통주,소주,23,12,29.0,14,6,0,2025-05-11,2025-05 중순,42.8571
113587,해태)버터링65g,과자,비스킷류,25,10,29.0,11,8,0,2025-05-11,2025-05 중순,72.7273
220428,CJ)햇반발아현미밥210g,가공식품,가공미반류,19,4,29.0,12,6,0,2025-05-18,2025-05 중순,50.0
352872,니베아)프로텍트선세럼90ml,미용/화장품,여성화장품,19,8,29.0,12,6,0,2025-05-12,2025-05 중순,50.0
201967,하이트)블랙보리520ml,음료,차음료,23,8,29.0,12,7,0,2025-05-11,2025-05 중순,58.3333
161177,칠성)칸타타아메리카노275ml,음료,커피음료,17,7,29.0,11,6,0,2025-05-13,2025-05 중순,54.5455
105812,PB)아몬드바크씬80g,과자,초콜릿,28,17,29.0,24,0,3,2025-05-12,2025-05 중순,0.0
830735,롯데)미니땅콩크림샌드(5입),빵,간식빵,23,13,29.0,11,6,2,2025-05-11,2025-05 중순,54.5455
109476,빙그레)요맘때리치피치270ml,아이스크림,홈타입,20,10,29.0,13,5,1,2025-05-11,2025-05 중순,38.4615
125004,오리온)핵아이셔젤리깔라만시맛72g,과자,젤리류,19,8,28.5,11,6,0,2025-05-11,2025-05 중순,54.5455
125605,정승제)목표대학가능 티셔츠_M,패션잡화,시즌/소품,25,18,28.5,22,2,0,2025-05-15,2025-05 중순,9.0909
123334,아사히생맥주340ml(24입),맥주,수입맥주,23,18,28.0,20,2,1,2025-05-11,2025-05 중순,10.0
115321,기네스 콜드브루 440ml(24입),맥주,수입맥주,21,11,28.0,17,3,1,2025-05-12,2025-05 중순,17.6471
390840,LG)바디피트내몸에순한면4P,위생용품,생리대,28,18,28.0,26,1,0,2025-05-11,2025-05 중순,3.8462
160711,농심)웰치스포도３５５ｍｌ캔,음료,탄산음료,18,6,28.0,11,6,0,2025-05-13,2025-05 중순,54.5455
062475,남양)테이크핏고소한맛250ml,유음료,프로틴 음료,18,8,28.0,11,6,0,2025-05-12,2025-05 중순,54.5455
124721,동원)그릴리직화닭꼬치볼케이노75g,냉장,냉장안주,23,6,28.0,19,1,3,2025-05-11,2025-05 중순,5.2632
150666,하겐)파인트마카다미아,아이스크림,고급,22,10,28.0,17,4,0,2025-05-11,2025-05 중순,23.5294
073502,동원)황금치킨닭가슴살블랙페퍼,냉장,냉장간식,18,6,28.0,11,6,0,2025-05-12,2025-05 중순,54.5455
170088,광동)위생천75ml 병,음료,기능성드링크,20,6,28.0,12,6,0,2025-05-11,2025-05 중순,50.0
123958,오뚜기)순후추닭강정180g,냉동,조리냉동,20,12,28.0,13,4,2,2025-05-11,2025-05 중순,30.7692
104486,롯데)몽쉘카카오3300,과자,비스킷류,17,7,28.0,9,6,1,2025-05-11,2025-05 중순,66.6667
180123,하이네)하이네켄330ml캔,맥주,수입맥주,24,13,28.0,20,3,0,2025-05-12,2025-05 중순,15.0
600247,PB)미니쌀약과180g,과자,비스킷류,24,9,28.0,19,2,2,2025-05-11,2025-05 중순,10.5263
108682,PB)착한통닭다리(매콤),냉장,냉장안주,18,9,28.0,11,6,0,2025-05-11,2025-05 중순,54.5455
170522,오비)필굿1.6L페트,맥주,국산맥주,18,7,28.0,11,6,0,2025-05-11,2025-05 중순,54.5455
105707,올리)얼음컵(그란데),즉석음료,얼음,16,6,28.0,10,6,0,2025-05-13,2025-05 중순,60.0
124304,제이탑)큐브쫀득쿠키(초코쿠키)50g,디저트,냉장베이커리,23,13,28.0,16,4,1,2025-05-11,2025-05 중순,25.0
107246,PB)착한청사과에이드320ml,즉석음료,파우치,17,6,28.0,9,6,1,2025-05-14,2025-05 중순,66.6667
118647,해태)사브레84g,과자,비스킷류,21,9,28.0,13,5,1,2025-05-11,2025-05 중순,38.4615
202771,동화)배러라이트120ml,음료,기능성드링크,21,12,28.0,15,4,1,2025-05-11,2025-05 중순,26.6667
112105,오리온)땅콩강정80g,과자,스낵류,19,6,28.0,12,5,1,2025-05-11,2025-05 중순,41.6667
062383,PB)헬로맨초코라떼320ml,유음료,가공우유,20,9,28.0,14,5,0,2025-05-12,2025-05 중순,35.7143
108067,정관장)에브리타임리프레시1포,건강/기호식품,건강/이너뷰티,22,6,28.0,19,3,0,2025-05-11,2025-05 중순,15.7895
391069,유한)좋은느낌좋은순면수퍼롱10P,위생용품,생리대,24,9,28.0,22,2,0,2025-05-11,2025-05 중순,9.0909
061531,뉴초이스)아쌈블랙티400ml,유음료,가공우유,18,9,28.0,12,4,2,2025-05-11,2025-05 중순,33.3333
162253,안주야)먹태청양데리야끼맛25g,안주,생선류,26,19,28.0,19,4,0,2025-05-11,2025-05 중순,21.0526
124264,하이포크)한돈돌돌말이400g,냉동,신선냉동,21,12,28.0,17,3,1,2025-05-11,2025-05 중순,17.6471
150153,하겐)파인트초코렛,아이스크림,고급,21,12,28.0,15,4,1,2025-05-12,2025-05 중순,26.6667
111550,크라운)쿠크다스1500(9입),과자,비스킷류,24,12,28.0,16,5,0,2025-05-11,2025-05 중순,31.25
116155,해태)자가비짭짤한맛45g,과자,스낵류,18,11,28.0,9,4,4,2025-05-11,2025-05 중순,44.4444
062313,매일)바리스타라떼PET475ml,유음료,가공우유,18,7,28.0,13,5,0,2025-05-11,2025-05 중순,38.4615
600913,MZ)호올스자몽27.9g,과자,캔디류,22,6,28.0,13,6,0,2025-05-11,2025-05 중순,46.1538
083969,PB)달달크림빵105g,빵,간식빵,18,8,28.0,11,6,0,2025-05-11,2025-05 중순,54.5455
124799,MDS)밀크크림고구마무스100g,디저트,냉장베이커리,24,17,28.0,22,2,0,2025-05-11,2025-05 중순,9.0909
123737,롯데)NEW갈비맛닭강정,미반,푸드 간편식,25,18,27.0,20,3,0,2025-05-11,2025-05 중순,15.0
210719,빙그레)투게더홈,아이스크림,홈타입,21,12,27.0,14,5,0,2025-05-11,2025-05 중순,35.7143
202638,칠성)밀키스제로250ml,음료,탄산음료,17,8,27.0,10,6,0,2025-05-11,2025-05 중순,60.0
124763,삼립)녹차담은초코꾸덕파이70g,빵,구움과자,24,17,27.0,20,2,1,2025-05-11,2025-05 중순,10.0
180125,오비)카스큐팩1.6L,맥주,국산맥주,23,11,27.0,17,4,0,2025-05-11,2025-05 중순,23.5294
107542,PB)k리그허니황치즈감자칩60g,과자,스낵류,20,17,27.0,15,2,3,2025-05-11,2025-05 중순,13.3333
118338,마즈)이클립스스피아민트34g,과자,캔디류,21,10,27.0,12,6,0,2025-05-11,2025-05 중순,50.0
109166,PB)생생감자칩페퍼솔트60g,과자,스낵류,20,8,27.0,14,4,1,2025-05-11,2025-05 중순,28.5714
062110,빙그레)닥터캡슐사과130ml,유음료,요구르트,23,5,27.0,21,2,0,2025-05-13,2025-05 중순,9.5238
112283,오리온)오감자딥양념바베큐70g,과자,스낵류,21,7,27.0,14,5,0,2025-05-11,2025-05 중순,35.7143
109812,PB)옳곡땅콩버터생크림빵65g,디저트,냉장베이커리,20,12,27.0,14,4,1,2025-05-11,2025-05 중순,28.5714
220637,오뚜기)3분쇠고기카레200g,가공식품,상온간편식,21,10,27.0,14,5,0,2025-05-11,2025-05 중순,35.7143
180713,진로)진로360ml병(20입),전통주,소주,26,10,27.0,15,5,1,2025-05-11,2025-05 중순,33.3333
105839,대호)벤티복숭아아이스티500ml,즉석음료,파우치,15,5,27.0,9,6,0,2025-05-12,2025-05 중순,66.6667
125006,SAMG)오로라핑의오로라빛젤리50g,과자,젤리류,19,8,27.0,11,6,0,2025-05-14,2025-05 중순,54.5455
124524,G)설화병크랜베리90g,과자,캔디류,23,6,27.0,15,5,0,2025-05-13,2025-05 중순,33.3333
108774,유한)좋은느낌울트라날개대4P,위생용품,생리대,18,10,27.0,13,4,1,2025-05-11,2025-05 중순,30.7692
070403,서울)아침에주스오렌지PE210ml,유음료,냉장주스,21,10,27.0,18,3,0,2025-05-11,2025-05 중순,16.6667
370527,LG)샤프란케어담배냄새탈취100ml_H,가정용품,방향제,23,11,27.0,17,4,0,2025-05-11,2025-05 중순,23.5294
180564,서울탁)장수생막걸리750ml(센터),전통주,막걸리,27,14,27.0,20,2,2,2025-05-13,2025-05 중순,10.0
170051,그래)여명808140ml,음료,기능성드링크,17,6,27.0,10,6,0,2025-05-14,2025-05 중순,60.0
202199,코카)몬스터(파이프라인펀치)355,음료,기능성드링크,17,7,27.0,12,5,0,2025-05-11,2025-05 중순,41.6667
070588,서울)목장의신선한우유1L,유음료,흰우유,23,6,27.0,15,5,0,2025-05-11,2025-05 중순,33.3333
062564,일동)하이뮨액티브커피250ml,유음료,프로틴 음료,23,5,27.0,21,2,0,2025-05-13,2025-05 중순,9.5238
132166,농심)너구리(소컵),면,용기면,17,7,27.0,10,6,0,2025-05-12,2025-05 중순,60.0
073127,한일)김치우동200g,냉장,냉장간편식,26,8,27.0,23,1,1,2025-05-12,2025-05 중순,4.3478
115472,탐나불린 저먼피노누아 700ml,양주와인,양주,26,16,27.0,22,0,3,2025-05-11,2025-05 중순,0.0
061965,매일)아몬드브리즈오리지널190ml,유음료,기능성우유,20,10,27.0,16,3,1,2025-05-11,2025-05 중순,18.75
435951,티아츠)랜덤토미카_H,문구/완구,일반완구,19,2,27.0,13,5,0,2025-05-13,2025-05 중순,38.4615
191235,조닌끼안티750ml,양주와인,와인,23,16,27.0,20,1,2,2025-05-11,2025-05 중순,5.0
123589,롯데)모둠초밥정식,미반,초밥류,27,13,27.0,23,2,0,2025-05-11,2025-05 중순,8.6957
105286,푸드)순수얼음1kg,즉석음료,얼음,22,14,27.0,17,3,1,2025-05-11,2025-05 중순,17.6471
170262,에이이)필스너우르켈500ml캔,맥주,수입맥주,20,11,27.0,16,3,1,2025-05-11,2025-05 중순,18.75
117043,삼양)맵탱마늘조개라면소컵,면,용기면,25,20,27.0,21,1,2,2025-05-13,2025-05 중순,4.7619
104404,사이버)신짱초코비20g,과자,스낵류,20,6,26.0,13,5,0,2025-05-11,2025-05 중순,38.4615
112604,오리온)아이셔자두맛42g,과자,캔디류,20,6,26.0,13,5,0,2025-05-13,2025-05 중순,38.4615
132711,팔도)킹뚜껑110g,면,용기면,17,9,26.0,7,5,3,2025-05-12,2025-05 중순,71.4286
082544,롯데)프리미엄패스츄리슈크림,빵,간식빵,20,9,26.0,11,6,0,2025-05-13,2025-05 중순,54.5455
106115,매크로)하이츄사우어(딸기맛),과자,캔디류,18,8,26.0,12,5,0,2025-05-11,2025-05 중순,41.6667
105158,칠성)칸타타아이스블랙커피320ml,즉석음료,파우치,18,9,26.0,12,5,0,2025-05-11,2025-05 중순,41.6667
125600,조정식)탐나는 인재 티셔츠_XL,패션잡화,시즌/소품,22,17,26.0,20,2,0,2025-05-15,2025-05 중순,10.0
170503,하이트)테라500ml캔,맥주,국산맥주,24,14,26.0,17,4,0,2025-05-11,2025-05 중순,23.5294
112088,롯데)자일리톨오리지날16g,과자,껌,22,9,26.0,12,6,0,2025-05-11,2025-05 중순,50.0
113781,빙그레)꽃게랑70g,과자,스낵류,18,6,26.0,12,5,0,2025-05-12,2025-05 중순,41.6667
124720,동원)그릴리직화닭꼬치데리야끼75g,냉장,냉장안주,25,8,26.0,21,0,3,2025-05-11,2025-05 중순,0.0
105999,광동)썬키스트오렌지소다600ml,음료,탄산음료,18,10,26.0,11,4,2,2025-05-12,2025-05 중순,36.3636
413479,포유)C타입급속충전기_H,일용잡화,휴대폰/주변기기,20,8,26.0,15,4,0,2025-05-11,2025-05 중순,26.6667
109482,롯데)허쉬레귤러바쿠앤크카라멜38g,과자,초콜릿,21,7,26.0,14,4,1,2025-05-12,2025-05 중순,28.5714
222637,잇웨이)멕시카나간장닭강정250g,냉동,조리냉동,20,10,26.0,14,3,2,2025-05-12,2025-05 중순,21.4286
362420,P&G)오랄비센시클린칫솔_H,H&B,칫솔,19,15,26.0,15,3,1,2025-05-11,2025-05 중순,20.0
108066,하겐)크리스피샌드위치딸기60ml,아이스크림,고급,18,7,26.0,12,5,0,2025-05-11,2025-05 중순,41.6667
152420,삼양)불닭소스200g,조미료/건물,소스류,18,7,26.0,12,5,0,2025-05-12,2025-05 중순,41.6667
123235,하이네켄 5L 케그(2입),맥주,수입맥주,22,16,26.0,20,2,0,2025-05-11,2025-05 중순,10.0
362014,애경)2080슈퍼클린칫솔_H,H&B,칫솔,22,11,26.0,16,4,0,2025-05-11,2025-05 중순,25.0
123609,오츠카)소이조이마카다미아&레몬25g,과자,프로틴/시리얼,24,12,26.0,17,4,0,2025-05-11,2025-05 중순,23.5294
124511,우진)르볼테21/22 750ml,양주와인,와인,21,11,26.0,18,2,1,2025-05-11,2025-05 중순,11.1111
062507,덴마크)드링킹복숭아275ml,유음료,요구르트,18,4,26.0,12,5,0,2025-05-11,2025-05 중순,41.6667
109666,크라운)쌔콤달콤울트라키위29g,과자,캔디류,16,4,26.0,11,5,0,2025-05-11,2025-05 중순,45.4545
123482,PB)착한아메리카노블랙230ml,즉석음료,파우치,18,7,26.0,14,4,0,2025-05-11,2025-05 중순,28.5714
109126,대림)한입에반하닭매콤청양90g,냉장,냉장간식,20,13,26.0,17,3,0,2025-05-11,2025-05 중순,17.6471
140877,오뚜기)영양닭죽285g,가공식품,가공미반류,14,1,26.0,8,6,0,2025-05-13,2025-05 중순,75.0
114020,롯데)가나마일드2800,과자,초콜릿,20,13,26.0,15,4,0,2025-05-11,2025-05 중순,26.6667
180762,진로)일품진로1924 375ml,전통주,소주,23,7,26.0,13,5,1,2025-05-11,2025-05 중순,38.4615
200810,동서)TOP블랙275ml,음료,커피음료,16,6,26.0,9,6,0,2025-05-13,2025-05 중순,66.6667
401884,루치온데일리마스크5입흰색(국산_H,약품/의료품,의약외품,16,3,26.0,11,5,0,2025-05-12,2025-05 중순,45.4545
202326,한국)몽베스트생수500ml,음료,생수,22,17,26.0,18,3,0,2025-05-11,2025-05 중순,16.6667
124242,U+유모바일)반값유심,서비스 상품,일반서비스,24,13,26.0,23,1,0,2025-05-11,2025-05 중순,4.3478
116688,농심)쫄병스낵안성탕면맛77g,과자,스낵류,22,12,25.5,13,5,0,2025-05-11,2025-05 중순,38.4615
123623,G)파스키에슬라이스브리오쉬500g,빵,간식빵,22,8,25.0,18,2,1,2025-05-11,2025-05 중순,11.1111
060777,남양)맛있는검은콩깨병200ml,유음료,두유,14,5,25.0,8,5,1,2025-05-14,2025-05 중순,62.5
161770,정화)허니버터오징어52g,안주,오징어,20,11,25.0,13,4,1,2025-05-13,2025-05 중순,30.7692
221210,CJ)비비고왕교자420g,냉동,냉동만두,20,8,25.0,15,3,1,2025-05-14,2025-05 중순,20.0
180919,롯데)별빛청하스파클링295ml병,전통주,기타전통주,22,9,25.0,14,4,1,2025-05-12,2025-05 중순,28.5714
107671,K리그산리오)머플러(헬로키티),패션잡화,시즌/소품,18,10,25.0,13,2,3,2025-05-11,2025-05 중순,15.3846
192086,신세계)페데리코까바브뤼750ml,양주와인,와인,24,10,25.0,21,1,1,2025-05-12,2025-05 중순,4.7619
116368,오리온)꼬북칩콘스프맛80g,과자,스낵류,15,6,25.0,7,5,2,2025-05-11,2025-05 중순,71.4286
160518,동원)녹차350ml펫,음료,차음료,23,5,25.0,14,5,0,2025-05-11,2025-05 중순,35.7143
070028,빙그레)요플레딸기180g,유음료,요구르트,25,11,25.0,21,2,0,2025-05-11,2025-05 중순,9.5238
124910,PB)수피마 화이트 티셔츠 105_H,패션잡화,팬티/내의,18,10,25.0,14,3,1,2025-05-11,2025-05 중순,21.4286
124911,PB)수피마 블랙 티셔츠 105_H,패션잡화,팬티/내의,20,8,25.0,17,2,1,2025-05-11,2025-05 중순,11.7647
115863,농심)오징어집78g,과자,스낵류,17,8,25.0,9,6,0,2025-05-12,2025-05 중순,66.6667
115064,코노수르 20배럴 피노누아750ml,양주와인,와인,22,14,25.0,20,1,1,2025-05-11,2025-05 중순,5.0
202762,하이트)토닉워터600ml,음료,탄산음료,17,7,25.0,11,5,0,2025-05-11,2025-05 중순,45.4545
601556,미스티)짱구는못말려프렌즈1.5g,과자,캔디류,26,8,25.0,24,0,1,2025-05-11,2025-05 중순,0.0
150630,하겐)컵녹차100ml,아이스크림,고급,15,6,25.0,10,5,0,2025-05-11,2025-05 중순,50.0
124419,오리온)뉴비틀즈57g,과자,캔디류,17,8,25.0,13,4,0,2025-05-11,2025-05 중순,30.7692
123354,더 그레이프 그라인더 슈냉블랑,양주와인,와인,20,14,25.0,17,2,1,2025-05-11,2025-05 중순,11.7647
202341,해태)갈아만든배500ml,음료,주스,17,7,25.0,11,5,0,2025-05-12,2025-05 중순,45.4545
114224,매콤점보통다리,즉석 식품,즉석치킨(삭제예정),16,5,25.0,9,5,1,2025-05-17,2025-05 중순,55.5556
108515,하이포크)한돈삼겹살300g,냉동,신선냉동,23,10,25.0,20,2,0,2025-05-12,2025-05 중순,10.0
123646,CJ)햇반소고기죽268g,가공식품,가공미반류,21,12,25.0,15,4,0,2025-05-11,2025-05 중순,26.6667
240513,PB)참고소한도시락김5g,조미료/건물,건해산물,17,7,25.0,9,6,0,2025-05-14,2025-05 중순,66.6667
061832,정식품)베지밀아몬드호두190ml,유음료,두유,24,10,25.0,19,2,1,2025-05-12,2025-05 중순,10.5263
180032,하이트)하이트500ml캔,맥주,국산맥주,19,7,25.0,10,6,0,2025-05-12,2025-05 중순,60.0
123689,라쿠엔 유즈슈,전통주,기타전통주,19,11,25.0,15,2,2,2025-05-12,2025-05 중순,13.3333
390874,유한)좋은느낌울트라날개중4P,위생용품,생리대,21,13,25.0,17,3,0,2025-05-11,2025-05 중순,17.6471
107136,PB)제로곤약젤리복숭아140ml,디저트,젤리,21,13,25.0,15,4,0,2025-05-11,2025-05 중순,26.6667
192468,페르)제임슨오리지널500ml,양주와인,양주,19,11,25.0,16,3,0,2025-05-12,2025-05 중순,18.75
113371,예스)트롤리미니버거10g,과자,젤리류,15,7,25.0,10,5,0,2025-05-11,2025-05 중순,50.0
200247,디아)조니워커블랙500ml,양주와인,양주,24,17,24.0,24,0,0,2025-05-11,2025-05 중순,0.0
041408,제이탑)모찌롤초코110g,디저트,냉장베이커리,21,13,24.0,14,2,3,2025-05-11,2025-05 중순,14.2857
109824,SAMG)캐치티니핑유기농솜사탕12g,과자,캔디류,19,9,24.0,14,3,1,2025-05-11,2025-05 중순,21.4286
072959,CJ)어묵떡볶이346g,냉장,냉장간편식,22,11,24.0,18,1,2,2025-05-11,2025-05 중순,5.5556
370951,LG)샤프란케어은은한향100ml_H,가정용품,방향제,17,8,24.0,13,3,1,2025-05-11,2025-05 중순,23.0769
061213,남양)초코에몽190ml,유음료,가공우유,18,7,24.0,9,6,0,2025-05-12,2025-05 중순,66.6667
601280,크라운)마이쮸애플망고,과자,캔디류,15,7,24.0,8,5,1,2025-05-13,2025-05 중순,62.5
161356,동서)TOP스위트아메리카노200,음료,커피음료,18,11,24.0,13,4,0,2025-05-12,2025-05 중순,30.7692
109764,에이스)데일리유기농애플사이다비니거15ml,건강/기호식품,차,20,9,24.0,17,1,2,2025-05-12,2025-05 중순,5.8824
108075,오리온)닥터유단백질드링크초코350ml,유음료,프로틴 음료,19,10,24.0,14,3,1,2025-05-12,2025-05 중순,21.4286
192603,산토리)짐빔하이볼자몽350ml캔,양주와인,하이볼,18,6,24.0,11,5,0,2025-05-11,2025-05 중순,45.4545
115323,기네스 논알콜 440ml(24입),맥주,무알콜맥주,21,15,24.0,18,0,3,2025-05-12,2025-05 중순,0.0
161256,남양)17차(십칠차)500ml,음료,차음료,18,8,24.0,15,3,0,2025-05-11,2025-05 중순,20.0
123937,펜폴즈 쿠능가 힐 쉬라즈,양주와인,와인,19,12,24.0,16,2,1,2025-05-11,2025-05 중순,12.5
390967,PB)new휴대용지갑형티슈24매,위생용품,티슈,16,7,24.0,10,5,0,2025-05-11,2025-05 중순,50.0
124562,롯데)빼빼로인절미팥빙수맛37g,과자,비스킷류,18,10,24.0,15,3,0,2025-05-11,2025-05 중순,20.0
106931,유한)내일N100ml,음료,기능성드링크,16,8,24.0,12,4,0,2025-05-11,2025-05 중순,33.3333
390945,"PB)롤티슈1롤(3겹,30M)",위생용품,티슈,14,6,24.0,9,5,0,2025-05-12,2025-05 중순,55.5556
170624,오비)한맥500ml캔,맥주,국산맥주,22,9,24.0,15,4,0,2025-05-11,2025-05 중순,26.6667
210825,해태)탱크보이120ml,아이스크림,노벨티,20,10,24.0,16,3,0,2025-05-11,2025-05 중순,18.75
109334,뉴트)비비랩푸룬클렌즈샷20ml,건강/기호식품,건강/이너뷰티,17,9,24.0,11,4,1,2025-05-11,2025-05 중순,36.3636
070312,정식품)베지밀B팩950ml,유음료,두유,16,6,24.0,10,5,0,2025-05-11,2025-05 중순,50.0
106762,P&G)페브리즈실내건조370ml_H,가정용품,방향제,20,8,24.0,16,3,0,2025-05-11,2025-05 중순,18.75
106859,덴마크)하이요구르트280ml,유음료,요구르트,18,8,24.0,15,3,0,2025-05-11,2025-05 중순,20.0
240122,CJ)백설식용유500ml,조미료/건물,식용유지,20,11,24.0,12,5,0,2025-05-11,2025-05 중순,41.6667
192126,반피센티네750ml,양주와인,와인,22,17,24.0,21,1,0,2025-05-11,2025-05 중순,4.7619
413469,포유)C타입충전케이블_H,일용잡화,휴대폰/주변기기,22,7,24.0,19,2,0,2025-05-12,2025-05 중순,10.5263
124790,해태)구운고구마27g,과자,비스킷류,16,8,24.0,10,5,0,2025-05-11,2025-05 중순,50.0
083985,엔제이)마루토나가사키카스테라,빵,간식빵,22,6,23.0,19,1,1,2025-05-12,2025-05 중순,5.2632
105221,PB)상주곶감수정과230ml,즉석음료,파우치,14,4,23.0,9,4,1,2025-05-13,2025-05 중순,44.4444
108733,정관장)아미노활기력샷20ml,건강/기호식품,건강/이너뷰티,19,7,23.0,17,2,0,2025-05-11,2025-05 중순,11.7647
600870,동서)콘푸라이트바35g,과자,프로틴/시리얼,15,10,23.0,11,4,0,2025-05-11,2025-05 중순,36.3636
212008,PB)오백바초코70ml,아이스크림,노벨티,17,10,23.0,14,3,0,2025-05-11,2025-05 중순,21.4286
125603,정승제)목표대학가능 티셔츠_XL,패션잡화,시즌/소품,21,18,23.0,20,1,0,2025-05-15,2025-05 중순,5.0
202035,코카)몬스터울트라(시트라)355ml,음료,기능성드링크,15,5,23.0,7,6,0,2025-05-11,2025-05 중순,85.7143
106651,광동)비타500제로스파클링150ml,음료,기능성드링크,19,6,23.0,13,4,0,2025-05-11,2025-05 중순,30.7692
124542,칠성)펩시콜라제로490ml,음료,탄산음료,19,8,23.0,13,4,0,2025-05-11,2025-05 중순,30.7692
381673,남영)비비안여성면팬티90_H,패션잡화,팬티/내의,21,15,23.0,18,2,0,2025-05-11,2025-05 중순,11.1111
170456,하이트)필라이트후레쉬500ml캔,맥주,국산맥주,21,8,23.0,12,5,0,2025-05-11,2025-05 중순,41.6667
191202,나라)몬테스알파샤도네이750ml,양주와인,와인,15,6,23.0,11,4,0,2025-05-11,2025-05 중순,36.3636
070142,서울)딸기우유200ml,유음료,가공우유,16,9,23.0,10,4,1,2025-05-11,2025-05 중순,40.0
123782,CJ)1등급반숙대란2구,냉장,냉장간식,17,8,23.0,12,4,0,2025-05-11,2025-05 중순,33.3333
124157,블루밍)미니뿌인형키링set_화이트,과자,초콜릿,21,16,23.0,20,1,0,2025-05-11,2025-05 중순,5.0
124993,미스티)별의커비솜사탕8g,과자,캔디류,15,5,23.0,10,3,2,2025-05-12,2025-05 중순,30.0
105683,산토리)짐빔500ml,양주와인,양주,15,6,23.0,11,4,0,2025-05-11,2025-05 중순,36.3636
201133,칠성)황금보리500ml,음료,차음료,19,9,23.0,13,4,0,2025-05-13,2025-05 중순,30.7692
192099,더슬라우치쉬라즈750ml,양주와인,와인,20,16,23.0,18,1,1,2025-05-11,2025-05 중순,5.5556
132869,농심)신라면더레드큰사발,면,용기면,17,9,23.0,10,5,0,2025-05-13,2025-05 중순,50.0
123812,델토리)크랩새우땅콩카라멜60g,과자,스낵류,16,7,23.0,12,3,1,2025-05-11,2025-05 중순,25.0
123628,빙그레)요맘때플레인70ml,아이스크림,노벨티,17,10,23.0,14,3,0,2025-05-11,2025-05 중순,21.4286
107672,K리그산리오)머플러(포차코),패션잡화,시즌/소품,17,6,23.0,14,3,0,2025-05-14,2025-05 중순,21.4286
123490,신년운세떡만둣국,미반,푸드 간편식,24,18,23.0,18,2,1,2025-05-11,2025-05 중순,11.1111
124621,하림)오늘단백돌체라떼250ml,유음료,프로틴 음료,17,11,23.0,12,4,0,2025-05-11,2025-05 중순,33.3333
132015,오뚜기)스낵면소컵,면,용기면,15,8,23.0,9,5,0,2025-05-11,2025-05 중순,55.5556
107510,빙그레)왕실쿠키샌드바닐라120ml,아이스크림,노벨티,17,10,23.0,11,3,2,2025-05-11,2025-05 중순,27.2727
170792,아영)에딩거바이스500ml캔(4입),맥주,수입맥주,22,7,23.0,21,0,1,2025-05-12,2025-05 중순,0.0
105458,동원)아이스티(샤인머스캣)500ml,음료,차음료,15,7,23.0,11,4,0,2025-05-12,2025-05 중순,36.3636
161061,동서)스타벅스오리지날,음료,커피음료,17,8,23.0,12,4,0,2025-05-11,2025-05 중순,33.3333
161280,코카)조지아240ml캔,음료,커피음료,15,5,23.0,9,5,0,2025-05-11,2025-05 중순,55.5556
123159,코젤화이트 500ml캔(24입),맥주,수입맥주,20,16,23.0,15,1,3,2025-05-11,2025-05 중순,6.6667
123364,포르투 발도우로 토니 포트 NV,양주와인,와인,17,9,22.0,14,2,1,2025-05-12,2025-05 중순,14.2857
202569,코카)몬스터에너지제로355,음료,기능성드링크,16,6,22.0,11,4,0,2025-05-11,2025-05 중순,36.3636
170615,오비)호가든로제500ml캔,맥주,수입맥주,20,7,22.0,12,3,2,2025-05-11,2025-05 중순,25.0
180159,오비)카스라이트355ml캔,맥주,국산맥주,18,7,22.0,12,4,0,2025-05-13,2025-05 중순,33.3333
070322,빙그레)딸기맛우유240ml,유음료,가공우유,14,6,22.0,10,4,0,2025-05-12,2025-05 중순,40.0
106837,CJ)숯불불닭맛후랑크120G,냉장,냉장간식,20,14,22.0,17,2,0,2025-05-11,2025-05 중순,11.7647
083929,삼립)순우유고구마팡80g,빵,간식빵,14,6,22.0,8,5,0,2025-05-11,2025-05 중순,62.5
123412,클룹)애사비소다(체리)500ml,음료,탄산음료,17,8,22.0,12,3,1,2025-05-11,2025-05 중순,25.0
162188,정화)세가지맛오징어36g,안주,오징어,17,9,22.0,10,4,1,2025-05-11,2025-05 중순,40.0
170532,하이네)타이거라들러500ml캔,맥주,수입맥주,20,8,22.0,11,5,0,2025-05-11,2025-05 중순,45.4545
220562,동원)양반전복죽285g,가공식품,가공미반류,18,11,22.0,14,3,0,2025-05-11,2025-05 중순,21.4286
123773,티머니)디즈니카드(미니/자개),서비스 상품,일반서비스,18,5,22.0,14,3,0,2025-05-11,2025-05 중순,21.4286
141378,PB)얼큰대파육개장(컵),가공식품,상온간편식,15,7,22.0,9,4,1,2025-05-11,2025-05 중순,44.4444
117263,하리보)애플후프사우어80g,과자,젤리류,14,8,22.0,7,4,2,2025-05-11,2025-05 중순,57.1429
107819,K리그산리오)인형 키링_한교동,문구/완구,일반완구,18,10,22.0,15,1,2,2025-05-11,2025-05 중순,6.6667
109500,PB)NEW푸하하리얼딸기크림빵110g,디저트,냉장베이커리,18,7,22.0,15,1,2,2025-05-11,2025-05 중순,6.6667
201422,해태)코코팜(요구르트)240ml,음료,주스,18,10,22.0,14,3,0,2025-05-11,2025-05 중순,21.4286
372056,LG)테크실내건조1.4L(공용)_H,가정용품,세제류,16,10,22.0,13,3,0,2025-05-11,2025-05 중순,23.0769
132849,오뚜기)컵누들마라탕맛소컵,면,용기면,16,8,22.0,13,3,0,2025-05-12,2025-05 중순,23.0769
062551,빙그레)스페셜티안티오키아460ml,유음료,가공우유,18,11,22.0,12,4,0,2025-05-11,2025-05 중순,33.3333
113720,롯데)쥬시후레쉬스틱,과자,껌,14,7,22.0,10,4,0,2025-05-13,2025-05 중순,40.0
152152,오뚜기)프리미엄굴소스255g,조미료/건물,소스류,17,6,22.0,12,3,1,2025-05-11,2025-05 중순,25.0
123539,이스까이,양주와인,와인,17,10,22.0,14,2,1,2025-05-11,2025-05 중순,14.2857
062534,빙그레)메로나맛우유240ml,유음료,가공우유,19,7,22.0,11,4,1,2025-05-12,2025-05 중순,36.3636
116938,크리스탈)앙리지로오마주피노누아750ml,양주와인,와인,20,8,22.0,17,2,0,2025-05-12,2025-05 중순,11.7647
123489,GCF 포르투 발도우로 10년 숙성 포트 NV,양주와인,와인,16,10,22.0,13,3,0,2025-05-12,2025-05 중순,23.0769
122337,삼양사)상쾌환스틱사과맛18g,건강/기호식품,숙취해소제,15,6,22.0,9,4,1,2025-05-14,2025-05 중순,44.4444
125330,미켈롭울트라330ml(24입),맥주,수입맥주,17,11,22.0,12,3,1,2025-05-11,2025-05 중순,25.0
123942,롯데)산타리타트리플C블랙에디션750ml,양주와인,와인,18,11,22.0,15,1,2,2025-05-11,2025-05 중순,6.6667
117266, 마즈)이클립스딸기31g,과자,캔디류,18,7,22.0,12,4,0,2025-05-12,2025-05 중순,33.3333
170756,디아)기네스드래프트440ml캔_4입,맥주,수입맥주,23,16,22.0,21,0,1,2025-05-11,2025-05 중순,0.0
170506,에이이)코젤라거500ml캔,맥주,수입맥주,16,8,22.0,10,3,2,2025-05-11,2025-05 중순,30.0
124709,디아)조니워커블랙루비700ml,양주와인,양주,21,10,22.0,18,1,1,2025-05-12,2025-05 중순,5.5556
124305,제이탑)큐브쫀득쿠키(후르츠)50g,디저트,냉장베이커리,18,10,22.0,11,3,2,2025-05-12,2025-05 중순,27.2727
192544,제이콥스크릭클래식샤도네이,양주와인,와인,15,11,22.0,11,3,1,2025-05-12,2025-05 중순,27.2727
062172,서울)바나나우유300ml,유음료,가공우유,19,6,21.0,16,2,0,2025-05-11,2025-05 중순,12.5
116389,오리온)왕꿈틀이1000,과자,젤리류,15,5,21.0,12,3,0,2025-05-14,2025-05 중순,25.0
600638,PB)바삭한튀김건빵200g,과자,스낵류,15,9,21.0,10,4,0,2025-05-11,2025-05 중순,40.0
125502,펜폴즈 원 바이 패키지(3입),양주와인,와인,15,9,21.0,11,2,2,2025-05-11,2025-05 중순,18.1818
103431,농심)츄파춥스(50입),과자,캔디류,20,6,21.0,19,0,1,2025-05-16,2025-05 중순,0.0
110000,팔리니리몬첼로500ml,양주와인,리쿼,17,14,21.0,14,1,2,2025-05-11,2025-05 중순,7.1429
191924,본테라카베르네소비뇽,양주와인,와인,18,15,21.0,16,1,1,2025-05-11,2025-05 중순,6.25
141054,CJ)버터장조림비빔밥(컵반),가공식품,가공미반류,15,5,21.0,8,5,0,2025-05-11,2025-05 중순,62.5
132632,농심)신라면건면사발,면,용기면,21,9,21.0,17,2,0,2025-05-11,2025-05 중순,11.7647
170559,벨트)볼파스엔젤맨IPA568ml캔,맥주,수입맥주,17,9,21.0,10,3,2,2025-05-11,2025-05 중순,30.0
111551,크라운)쵸코하임47g,과자,비스킷류,14,7,21.0,8,4,1,2025-05-11,2025-05 중순,50.0
170972,오비)스텔라아르투아740ml캔,맥주,수입맥주,17,9,21.0,13,3,0,2025-05-11,2025-05 중순,23.0769
124543,동학)빅구슬아이스 포도&파인애플,아이스크림,노벨티,17,8,21.0,11,4,0,2025-05-11,2025-05 중순,36.3636
052908,농협)군고구마,즉석 식품,즉석간식,19,10,21.0,16,2,0,2025-05-12,2025-05 중순,12.5
061535,덴마크)얼라이브스위티자몽250ml,유음료,냉장주스,17,8,21.0,11,4,0,2025-05-11,2025-05 중순,36.3636
202714,코카)코카콜라제로레몬500ml,음료,탄산음료,14,6,21.0,8,4,1,2025-05-11,2025-05 중순,50.0
124916,일동)하이뮨액티브바나나250ml,유음료,프로틴 음료,15,6,21.0,12,3,0,2025-05-12,2025-05 중순,25.0
124889,선우)푸투안초코모찌30g,과자,초콜릿,18,7,21.0,12,3,1,2025-05-11,2025-05 중순,25.0
114680,톨라이니 끼안티 클라시코 DOCG 750ml,양주와인,와인,13,6,21.0,8,3,2,2025-05-12,2025-05 중순,37.5
201336,코카)미닛정성담은선물세트,음료,선물세트,16,6,21.0,13,2,1,2025-05-11,2025-05 중순,15.3846
109050,PB)진짜주스감귤천혜향245ml,음료,주스,14,5,21.0,8,4,1,2025-05-11,2025-05 중순,50.0
105902,웰그린)애플망고320ml,즉석음료,파우치,16,5,21.0,9,4,1,2025-05-11,2025-05 중순,44.4444
083807,PB)제주첫물녹차카스테라160g,빵,간식빵,15,11,21.0,11,2,2,2025-05-11,2025-05 중순,18.1818
390820,LG)바디피트슈퍼롱&와이드10P,위생용품,생리대,18,11,21.0,16,1,1,2025-05-11,2025-05 중순,6.25
106453,PB)카덴돈코츠라멘212.9g,냉장,냉장간편식,19,9,21.0,9,4,2,2025-05-11,2025-05 중순,44.4444
124631,나무)드럼스틱모양젤리(바나나&블루베리)50g,과자,젤리류,18,12,21.0,14,2,1,2025-05-11,2025-05 중순,14.2857
120783,네슬레)수프리모커피믹스20입,건강/기호식품,커피,17,4,21.0,15,2,0,2025-05-11,2025-05 중순,13.3333
123391,리치)럭히밥XXL로제떡볶이710g,냉장,냉장간편식,20,9,21.0,19,0,1,2025-05-11,2025-05 중순,0.0
160194,팔도)비락식혜238ml,음료,전통음료,15,4,21.0,10,4,0,2025-05-12,2025-05 중순,40.0
073241,CJ)닭가슴살소시지80g,냉장,냉장간식,18,7,21.0,12,3,1,2025-05-11,2025-05 중순,25.0
123995,엠탑)서울우유인삼꿀라떼원컵,건강/기호식품,원컵,19,5,21.0,13,2,2,2025-05-11,2025-05 중순,15.3846
106295,하림)더미식시래기된장국350g,가공식품,상온간편식,18,8,21.0,14,2,1,2025-05-11,2025-05 중순,14.2857
117287,MZ)밀카딸기초코렛100g,과자,초콜릿,18,9,21.0,14,2,1,2025-05-11,2025-05 중순,14.2857
083853,삼립)발효버터스트로베리데니쉬,빵,간식빵,19,8,21.0,12,4,0,2025-05-12,2025-05 중순,33.3333
061534,덴마크)얼라이브망고250ml,유음료,냉장주스,13,2,21.0,9,4,0,2025-05-16,2025-05 중순,44.4444
083831,삼립)풍미촉촉치즈케익95g,빵,간식빵,18,8,21.0,12,3,1,2025-05-12,2025-05 중순,25.0
123791,고운벗)스노우생초코레트말차맛32g,과자,초콜릿,20,9,21.0,11,4,1,2025-05-11,2025-05 중순,36.3636
202137,코카)조지아라떼470ml,음료,커피음료,13,5,21.0,7,5,0,2025-05-13,2025-05 중순,71.4286
113722,롯데)스피아민트스틱,과자,껌,13,6,21.0,7,5,0,2025-05-12,2025-05 중순,71.4286
117220,롯데)왓따 청포도,과자,껌,13,7,21.0,7,5,0,2025-05-11,2025-05 중순,71.4286
062508,덴마크)드링킹사과275ml,유음료,요구르트,14,2,21.0,8,4,1,2025-05-11,2025-05 중순,50.0
600639,PB)고소한검은깨건빵200g,과자,스낵류,14,7,21.0,8,4,1,2025-05-11,2025-05 중순,50.0
106745,훼밀리)엘막레몬주스200ml,조미료/건물,소스류,15,4,21.0,10,4,0,2025-05-13,2025-05 중순,40.0
053233,맵단닭다리,즉석 식품,즉석치킨(삭제예정),15,8,21.0,8,5,0,2025-05-11,2025-05 중순,62.5
118945,삼립)잭슨베이컨체다치즈부리또125g,간식,냉장피자,19,7,21.0,10,5,0,2025-05-15,2025-05 중순,50.0
170939,오비)카스레몬500ml캔,맥주,국산맥주,19,10,20.5,14,1,2,2025-05-11,2025-05 중순,7.1429
162360,CJ)비비고칩오리지널40g,안주,스낵안주,13,6,20.0,9,3,1,2025-05-11,2025-05 중순,33.3333
116331,MQ)켈로그크런치넛에너지바30g,과자,프로틴/시리얼,14,10,20.0,11,3,0,2025-05-11,2025-05 중순,27.2727
073648,PB)대파김치수제비214g,냉장,냉장간편식,12,7,20.0,8,4,0,2025-05-14,2025-05 중순,50.0
124785,하이트)머드하우스라파우라쇼비뇽블랑750ml,양주와인,와인,18,12,20.0,17,1,0,2025-05-11,2025-05 중순,5.8824
112112,크라운)마이쮸딸기44g,과자,캔디류,16,9,20.0,9,3,2,2025-05-11,2025-05 중순,33.3333
119888,오리온)와우블랙레몬21g,과자,껌,14,9,20.0,9,4,0,2025-05-11,2025-05 중순,44.4444
116652,MZ)홀스xs후르츠믹스,과자,캔디류,14,3,20.0,9,4,0,2025-05-11,2025-05 중순,44.4444
160278,코카)파워에이드마운틴1.5L,음료,스포츠음료,14,8,20.0,9,4,0,2025-05-11,2025-05 중순,44.4444
073723,PB)사골떡국181g,냉장,냉장간편식,14,2,20.0,9,4,0,2025-05-11,2025-05 중순,44.4444
132798,농심)사리곰탕소컵,면,용기면,10,4,20.0,5,5,0,2025-05-12,2025-05 중순,100.0
062347,이디야)카페라떼300ml,유음료,컵커피,16,4,20.0,8,5,0,2025-05-11,2025-05 중순,62.5
107045,삼립)미각초코소라빵90g,빵,간식빵,18,4,20.0,17,1,0,2025-05-11,2025-05 중순,5.8824
117114,롯데)초코필드빼빼로53g,과자,비스킷류,12,6,20.0,8,4,0,2025-05-13,2025-05 중순,50.0
109136,덴마크)소화가잘되는초코190ml,유음료,가공우유,12,6,20.0,6,5,0,2025-05-12,2025-05 중순,83.3333
122823,삼양사)상쾌환스틱ZERO18g(납작복숭아맛),건강/기호식품,숙취해소제,14,7,20.0,9,4,0,2025-05-11,2025-05 중순,44.4444
201908,쥬맥스)모구모구(리치)320ml,음료,주스,14,6,20.0,9,4,0,2025-05-11,2025-05 중순,44.4444
132805,대상)멸치쌀국수92g,면,용기면,13,4,20.0,7,4,1,2025-05-12,2025-05 중순,57.1429
201417,칠성)트레비(레몬)500ml,음료,생수,14,7,20.0,9,4,0,2025-05-11,2025-05 중순,44.4444
124788,티젠)콤부차요구르트10T,건강/기호식품,차,13,7,20.0,9,3,1,2025-05-11,2025-05 중순,33.3333
124700,풀무원)아임리얼100사과140ml,유음료,냉장주스,14,7,20.0,9,4,0,2025-05-11,2025-05 중순,44.4444
062596,남양)테이크핏호박고구마250ml,유음료,프로틴 음료,12,3,20.0,8,4,0,2025-05-14,2025-05 중순,50.0
109605,대웅)우루샷이브 2정_H,약품/의료품,의약외품,12,7,20.0,7,3,2,2025-05-12,2025-05 중순,42.8571
109549,빙그레)빵또아고구마케이크180ml,아이스크림,노벨티,13,3,20.0,7,4,1,2025-05-17,2025-05 중순,57.1429
200301,인디)KGB레몬330ml캔,양주와인,리쿼,15,4,20.0,10,3,1,2025-05-17,2025-05 중순,30.0
371619,LG)테크베이킹소다액체세제1.4L_H,가정용품,세제류,15,10,20.0,12,2,1,2025-05-11,2025-05 중순,16.6667
191301,롯데)떼레디마리오레드750ml,양주와인,와인,18,8,20.0,15,2,0,2025-05-11,2025-05 중순,13.3333
202597,칠성)실론티제로500ml,음료,차음료,12,4,20.0,8,4,0,2025-05-11,2025-05 중순,50.0
124550,서주)허쉬초코콘150ml,아이스크림,노벨티,12,7,20.0,8,4,0,2025-05-13,2025-05 중순,50.0
109383,즉석)블루치즈고르곤졸라피자,즉석 식품,즉석조리,18,13,20.0,17,1,0,2025-05-13,2025-05 중순,5.8824
132352,삼양)치즈불닭볶음면큰컵,면,용기면,12,5,20.0,8,4,0,2025-05-11,2025-05 중순,50.0
105148,PB)제주천혜향에이드230ml,즉석음료,파우치,11,5,20.0,6,4,1,2025-05-14,2025-05 중순,66.6667
412692,PJ)건강한육포(닭가슴살)100g_H,일용잡화,반려동물용품,14,2,20.0,9,4,0,2025-05-11,2025-05 중순,44.4444
201395,삼양사)상쾌환3g,건강/기호식품,숙취해소제,14,6,20.0,7,5,0,2025-05-11,2025-05 중순,71.4286
124680,키노비오리지널진700ml,양주와인,양주,19,14,20.0,18,0,1,2025-05-11,2025-05 중순,0.0
115051,롯데)후라보노오리지널,과자,껌,12,5,20.0,6,5,0,2025-05-11,2025-05 중순,83.3333
115543,카발란 솔리스트 포트,양주와인,양주,19,18,20.0,18,0,1,2025-05-11,2025-05 중순,0.0
124917,산토리)가쿠빈180ml,양주와인,양주,19,7,20.0,14,2,1,2025-05-11,2025-05 중순,14.2857
109788,PB)착한후랑크(불고기맛),냉장,냉장간식,18,9,20.0,11,4,0,2025-05-11,2025-05 중순,36.3636
108110,세븐브로이)하이볼에빠진자몽500ml캔,양주와인,하이볼,19,11,20.0,14,2,1,2025-05-11,2025-05 중순,14.2857
601571,부르봉)랑그드샤블란츄78g,과자,비스킷류,17,11,20.0,13,2,1,2025-05-11,2025-05 중순,15.3846
191853,제이)존바파이니스트750ml,양주와인,양주,16,5,20.0,12,3,0,2025-05-11,2025-05 중순,25.0
106032,크라운)밤양갱,과자,캔디류,16,10,20.0,12,3,0,2025-05-13,2025-05 중순,25.0
132847,삼양)맵탱마늘조개라면큰컵,면,용기면,26,17,20.0,19,2,0,2025-05-11,2025-05 중순,10.5263
160020,칠성)게토레이레몬240ml캔,음료,스포츠음료,13,6,20.0,9,3,1,2025-05-12,2025-05 중순,33.3333
124760,이즐)까까맛교통카드(가나),서비스 상품,일반서비스,18,13,20.0,12,2,2,2025-05-11,2025-05 중순,16.6667
112572,롯데)이브껌,과자,껌,12,4,20.0,8,4,0,2025-05-12,2025-05 중순,50.0
124430,에스씨)이치미니쌀과자120g,과자,스낵류,12,4,20.0,8,4,0,2025-05-11,2025-05 중순,50.0
600837,롯데)꼬깔콘군옥수수맛(대)134g,과자,스낵류,21,16,20.0,17,1,1,2025-05-11,2025-05 중순,5.8824
107810,K리그산리오)인형 키링_폼폼푸린,문구/완구,일반완구,14,4,20.0,11,3,0,2025-05-11,2025-05 중순,27.2727
053179,오리지날소떡꼬치,즉석 식품,즉석치킨,21,11,20.0,11,4,1,2025-05-11,2025-05 중순,36.3636
119001,동아)박카스맛젤리사우어50g,과자,젤리류,18,7,20.0,17,1,0,2025-05-12,2025-05 중순,5.8824
115409,PB)슈크림붕어스낵70g,과자,스낵류,14,4,19.5,9,2,2,2025-05-12,2025-05 중순,22.2222
133736,종가집)맛김치(컵)75g,냉장,냉장간편식,14,7,19.0,9,3,1,2025-05-11,2025-05 중순,33.3333
108245,PB)쿵야빠냐냐71g,과자,스낵류,17,10,19.0,14,2,0,2025-05-11,2025-05 중순,14.2857
106953,티젠)콤부차매실10T,건강/기호식품,차,14,6,19.0,9,3,1,2025-05-16,2025-05 중순,33.3333
093591,돌코리아)후룻바틀망고666g,신선,과일,15,4,19.0,11,3,0,2025-05-11,2025-05 중순,27.2727
362322,LG)세꼼마버블항균핸드워시250_H,H&B,화장비누/바디클렌저,13,5,19.0,8,4,0,2025-05-12,2025-05 중순,50.0
124218,에곤 뮬러 샤르초프베르거 카비넷 20,양주와인,와인,18,17,19.0,17,0,1,2025-05-11,2025-05 중순,0.0
191255,롯데)옐로우테일제미레드루750ml,양주와인,와인,15,4,19.0,11,3,0,2025-05-13,2025-05 중순,27.2727
161266,웅진)자연은알로에500ml,음료,주스,13,7,19.0,10,3,0,2025-05-13,2025-05 중순,30.0
601537,에스씨)기가마시멜로우마일드,과자,캔디류,11,2,19.0,7,4,0,2025-05-12,2025-05 중순,57.1429
118950,오리온)꼬북칩쵸코츄러스맛80g,과자,스낵류,18,10,19.0,13,2,1,2025-05-11,2025-05 중순,15.3846
107796,K리그산리오)인형_포차코,문구/완구,일반완구,17,8,19.0,14,2,0,2025-05-11,2025-05 중순,14.2857
390885,유한)좋은느낌입는오버4P,위생용품,생리대,17,9,19.0,16,1,0,2025-05-11,2025-05 중순,6.25
117755,해태)포키오리지날46g,과자,비스킷류,12,7,19.0,8,3,1,2025-05-11,2025-05 중순,37.5
202014,해태)갈아만든배340ml캔,음료,주스,13,4,19.0,8,4,0,2025-05-12,2025-05 중순,50.0
108714,오리온)뉴룽지75g,과자,스낵류,15,7,19.0,8,3,2,2025-05-11,2025-05 중순,37.5
202242,칠성)레쓰비그란데라떼500ml,음료,커피음료,18,17,19.0,15,1,1,2025-05-11,2025-05 중순,6.6667
201883,OKF)알로에베라킹500ml,음료,주스,13,7,19.0,8,4,0,2025-05-11,2025-05 중순,50.0
105308,대호)벤티블랙아메리카노500ml,즉석음료,파우치,11,3,19.0,7,4,0,2025-05-12,2025-05 중순,57.1429
211040,빙그레)더위사냥140ml,아이스크림,노벨티,15,7,19.0,11,3,0,2025-05-11,2025-05 중순,27.2727
107135,G)보바티흑당밀크315ml,음료,차음료,15,10,19.0,11,3,0,2025-05-11,2025-05 중순,27.2727
124663,코카)몬스터스트로베리355ml,음료,기능성드링크,12,4,19.0,6,4,1,2025-05-12,2025-05 중순,66.6667
107182,CJ)비비고떡볶이오리지널110g,가공식품,가공미반류,19,10,19.0,17,1,0,2025-05-11,2025-05 중순,5.8824
410364,맨담)갸스비수퍼하드스프레이180_H,미용/화장품,헤어스타일링,19,10,19.0,17,1,0,2025-05-11,2025-05 중순,5.8824
390779,유한)화이트팬티라이너일반24P,위생용품,생리대,17,5,19.0,14,2,0,2025-05-11,2025-05 중순,14.2857
123465,조쉬 까베르네 소비뇽,양주와인,와인,17,15,19.0,15,0,2,2025-05-11,2025-05 중순,0.0
240013,CJ)백설다목적밀가루1kg,조미료/건물,분말가루,17,9,19.0,10,4,0,2025-05-11,2025-05 중순,40.0
102378,일신)지렁이젤리사우어,과자,젤리류,15,12,19.0,13,2,0,2025-05-11,2025-05 중순,15.3846
072979,하림)닭가슴살리얼바오리지널80g,냉장,냉장간식,16,10,19.0,14,1,1,2025-05-12,2025-05 중순,7.1429
053281,통살새우스틱,즉석 식품,즉석치킨,13,4,19.0,8,4,0,2025-05-12,2025-05 중순,50.0
192655,무학)드보밀레짐빈티지14,양주와인,와인,19,14,19.0,19,0,0,2025-05-11,2025-05 중순,0.0
152338,CJ)명품구운소금180g,조미료/건물,조미료,11,4,19.0,7,4,0,2025-05-11,2025-05 중순,57.1429
107311,산토리)가쿠빈700ml,양주와인,양주,16,8,19.0,12,2,1,2025-05-11,2025-05 중순,16.6667
109213,씨씨)남성소프트드로즈(100)_H,패션잡화,팬티/내의,17,14,19.0,16,1,0,2025-05-11,2025-05 중순,6.25
141132,CJ)햇반치킨마요덮밥컵반,가공식품,가공미반류,12,7,19.0,8,3,1,2025-05-12,2025-05 중순,37.5
191865,아영)푸나무쇼비뇽블랑750ml,양주와인,와인,19,12,19.0,17,1,0,2025-05-11,2025-05 중순,5.8824
109669,스미)감숙왕바나나1입,신선,과일,16,9,19.0,10,3,1,2025-05-11,2025-05 중순,30.0
108781,유한)좋은느낌무표백입는오버대형4P,위생용품,생리대,12,8,19.0,8,3,1,2025-05-13,2025-05 중순,37.5
190840,롯데)L와인샤도네이750ml,양주와인,와인,13,4,19.0,10,3,0,2025-05-11,2025-05 중순,30.0
112183,롯데)칸쵸컵2700,과자,비스킷류,17,5,19.0,10,4,0,2025-05-11,2025-05 중순,40.0
192047,브레드앤버터피노누아,양주와인,와인,19,16,19.0,19,0,0,2025-05-11,2025-05 중순,0.0
170255,칼스)칼스버그500ml캔,맥주,수입맥주,17,10,19.0,12,3,0,2025-05-11,2025-05 중순,25.0
124581,동강더덕주미니어처100ml(3입),전통주,기타전통주,17,14,19.0,16,1,0,2025-05-12,2025-05 중순,6.25
094108,세븐팜)신선한1등급달걀(10입),신선,수축산/계란,13,5,19.0,10,3,0,2025-05-11,2025-05 중순,30.0
133745,한울)꼬마단무지120g,냉장,냉장간편식,16,6,19.0,10,3,1,2025-05-11,2025-05 중순,30.0
211560,하겐)쿠키앤크림미니컵,아이스크림,고급,11,4,19.0,6,3,2,2025-05-11,2025-05 중순,50.0
105864,칠성)칸타타스위트아몬드제로230ml,즉석음료,파우치,13,4,19.0,8,4,0,2025-05-12,2025-05 중순,50.0
400926,동국)마데카솔연고_H,약품/의료품,의약외품,14,7,19.0,9,3,1,2025-05-11,2025-05 중순,33.3333
124501,안유성)크림카레우동330g,냉동,냉동간편식,17,8,19.0,9,3,2,2025-05-12,2025-05 중순,33.3333
830736,롯데)미니딸기샌드(5입),빵,간식빵,11,8,19.0,6,3,2,2025-05-12,2025-05 중순,50.0
107893,CJ)동그란스팸160g,냉장,냉장간식,13,6,19.0,10,3,0,2025-05-11,2025-05 중순,30.0
123148,유앤)슈퍼라지킹고구마칩258g,과자,스낵류,17,6,19.0,15,0,2,2025-05-13,2025-05 중순,0.0
106537,던킨)화이트피치홍차제로500ml,음료,차음료,13,6,19.0,8,4,0,2025-05-11,2025-05 중순,50.0
123723,크라운)헬로키티스트로베리콘60g,과자,스낵류,14,7,19.0,11,2,1,2025-05-11,2025-05 중순,18.1818
161211,광동)옥수수수염차340ml,음료,차음료,13,7,19.0,8,4,0,2025-05-11,2025-05 중순,50.0
080421,CJ)오뎅한그릇(시원한맛)360g,냉장,냉장간편식,17,9,19.0,10,4,0,2025-05-11,2025-05 중순,40.0
180910,롯데)순하리레몬진7.0 500ml캔,전통주,기타전통주,16,7,18.0,9,4,0,2025-05-11,2025-05 중순,44.4444
118512,롯데)크런키빼빼로39g,과자,비스킷류,12,5,18.0,7,4,0,2025-05-13,2025-05 중순,57.1429
119350,롯데)왓따판박이(도라에몽),과자,껌,13,8,18.0,10,2,1,2025-05-11,2025-05 중순,20.0
052660,칠성)칸타타카라멜마끼야또230ml,즉석음료,파우치,10,4,18.0,6,4,0,2025-05-12,2025-05 중순,66.6667
125067,트리펠330ml(4입)*전용잔1개 ,맥주,수입맥주,18,18,18.0,18,0,0,2025-05-11,2025-05 중순,0.0
201116,칠성)레쓰비카페라떼240ml,음료,커피음료,11,3,18.0,5,4,1,2025-05-16,2025-05 중순,80.0
124685,삼립)시그니처파운드170g,빵,간식빵,15,8,18.0,9,3,1,2025-05-11,2025-05 중순,33.3333
123303,PB)하트뻥튀기90g,과자,스낵류,15,4,18.0,13,1,1,2025-05-11,2025-05 중순,7.6923
105474,서주)허쉬초코바90ml,아이스크림,노벨티,14,10,18.0,12,2,0,2025-05-11,2025-05 중순,16.6667
601283,동서)오레오오즈컵30g,과자,비스킷류,13,5,18.0,6,4,1,2025-05-15,2025-05 중순,66.6667
105157,칠성)칸타타스윗아메리카노제로320ml,즉석음료,파우치,12,4,18.0,7,4,0,2025-05-12,2025-05 중순,57.1429
124707,이그니스)랩노쉬프로틴350ml,음료,기능성드링크,17,7,18.0,12,2,1,2025-05-13,2025-05 중순,16.6667
080915, 한성)크래미140g,냉장,냉장간식,16,7,18.0,11,3,0,2025-05-12,2025-05 중순,27.2727
072848,이가)누들떡볶이349.5g,냉장,냉장간편식,16,10,18.0,13,2,0,2025-05-11,2025-05 중순,15.3846
600874,삼경)코로로복숭아젤리40g,과자,젤리류,12,6,18.0,9,3,0,2025-05-11,2025-05 중순,33.3333
070083,매일)카페라떼마일드컵220ml,유음료,컵커피,12,9,18.0,9,3,0,2025-05-13,2025-05 중순,33.3333
122645,티젠)콤부차샤인머스켓10입,건강/기호식품,차,13,4,18.0,10,2,1,2025-05-12,2025-05 중순,20.0
107197,삼립)달콤한애플케익90g,빵,간식빵,15,7,18.0,11,2,1,2025-05-11,2025-05 중순,18.1818
160023,칠성)게토레이레몬1.5L,음료,스포츠음료,10,3,18.0,6,4,0,2025-05-15,2025-05 중순,66.6667
132868,오뚜기)열라면소컵,면,용기면,12,7,18.0,7,4,0,2025-05-16,2025-05 중순,57.1429
061524,남양)맛있는우유900ml*2입,유음료,흰우유,11,4,18.0,7,3,1,2025-05-12,2025-05 중순,42.8571
109787,PB)착한후랑크(오리지널),냉장,냉장간식,14,8,18.0,10,3,0,2025-05-11,2025-05 중순,30.0
162397,PB)고구마씬스틱50g,안주,농산안주,15,11,18.0,10,1,3,2025-05-11,2025-05 중순,10.0
601107,마즈)이클립스플러스배&비파향,과자,캔디류,10,5,18.0,6,4,0,2025-05-11,2025-05 중순,66.6667
122762,이노엔)컨디션스틱자두18g,건강/기호식품,숙취해소제,12,8,18.0,9,3,0,2025-05-12,2025-05 중순,33.3333
072497,한성)몬스터크랩142g,냉장,냉장간식,12,3,18.0,7,4,0,2025-05-12,2025-05 중순,57.1429
123986,다카라 후라노 멜론(여름추천),전통주,기타전통주,16,12,18.0,11,0,4,2025-05-11,2025-05 중순,0.0
109690,델토리)마시멜로우하트초콜릿57g,과자,캔디류,16,9,18.0,11,3,0,2025-05-11,2025-05 중순,27.2727
071092,풀무원)소가씻어나온콩나물220g,신선,야채,14,7,18.0,10,3,0,2025-05-12,2025-05 중순,30.0
162388,한양)꽃보다오징어50g,안주,오징어,15,10,18.0,11,2,1,2025-05-11,2025-05 중순,18.1818
601641,유앤)포켓몬비타톤멀티비타캔디,과자,캔디류,10,2,18.0,6,4,0,2025-05-12,2025-05 중순,66.6667
124546,롯데)포켓델리치킨난반,미반,푸드 간편식,16,9,18.0,13,2,0,2025-05-11,2025-05 중순,15.3846
114536,프레스코발디 카스텔지오콘도 로쏘 디 몬탈치노750ml,양주와인,와인,15,12,18.0,13,1,1,2025-05-11,2025-05 중순,7.6923
108653, 네슬레)다막바클라바60G,과자,초콜릿,14,8,18.0,10,3,0,2025-05-11,2025-05 중순,30.0
118610,농심)고구마깡83g,과자,스낵류,10,3,18.0,6,4,0,2025-05-12,2025-05 중순,66.6667
141691,동원)매운고추참치90g,가공식품,캔,12,5,18.0,7,4,0,2025-05-12,2025-05 중순,57.1429
124708,이그니스)랩노쉬프로틴바나나350ml,음료,기능성드링크,14,8,18.0,10,3,0,2025-05-11,2025-05 중순,30.0
110465,경진)꾸이맨30g,안주,생선류,12,4,18.0,7,4,0,2025-05-12,2025-05 중순,57.1429
115938,농심)조청유과96g,과자,스낵류,10,5,18.0,6,4,0,2025-05-11,2025-05 중순,66.6667
211081,빙그레)엔초바85ml,아이스크림,노벨티,13,10,18.0,10,2,1,2025-05-12,2025-05 중순,20.0
106769,PB)착한꿀호떡95g,빵,간식빵,13,7,18.0,8,3,1,2025-05-11,2025-05 중순,37.5
082537,롯데)미니땅콩샌드65g,빵,간식빵,13,7,18.0,8,3,1,2025-05-12,2025-05 중순,37.5
240041,오뚜기)순후추50g,조미료/건물,조미료,10,3,18.0,6,4,0,2025-05-12,2025-05 중순,66.6667
362008,LG)체리블라썸 휘핑비누_H,H&B,화장비누/바디클렌저,16,9,18.0,11,3,0,2025-05-12,2025-05 중순,27.2727
125594,조정식)리셋 티셔츠_M,패션잡화,시즌/소품,16,14,18.0,15,1,0,2025-05-15,2025-05 중순,6.6667
114019,롯데)가나마일드1400,과자,초콜릿,14,5,18.0,10,3,0,2025-05-11,2025-05 중순,30.0
162302,리피아)오리지널육포40g,안주,육포,13,6,18.0,10,2,1,2025-05-11,2025-05 중순,20.0
104883,삼립)트리플치즈부리또125g,간식,냉장피자,15,7,18.0,10,1,3,2025-05-11,2025-05 중순,10.0
192112,조니워커블루750ml,양주와인,양주,15,12,18.0,13,1,1,2025-05-11,2025-05 중순,7.6923
107747,G)파스키에팡오쇼콜라270g,빵,간식빵,12,3,18.0,7,4,0,2025-05-16,2025-05 중순,57.1429
124067,박은영)마라마파두부덮밥380g,냉장,냉장간편식,17,13,18.0,16,0,1,2025-05-11,2025-05 중순,0.0
132787,농심)배홍동쫄쫄면봉지,면,봉지면,12,7,18.0,9,3,0,2025-05-11,2025-05 중순,33.3333
220035,오뚜)3분쇠고기짜장200g,가공식품,상온간편식,14,9,18.0,10,3,0,2025-05-11,2025-05 중순,30.0
170341,산미)산미구엘500ml캔,맥주,수입맥주,18,12,18.0,14,2,0,2025-05-11,2025-05 중순,14.2857
108608,산토리)짐빔하이볼진저350ml캔,양주와인,하이볼,14,11,18.0,12,2,0,2025-05-11,2025-05 중순,16.6667
124309,잭 다니엘스 싱글배럴 700ml,양주와인,양주,18,15,18.0,15,0,2,2025-05-11,2025-05 중순,0.0
124241,P)아이코스 일루마i(미드나잇블랙),담배,전자담배,16,9,18.0,15,1,0,2025-05-11,2025-05 중순,6.6667
062348,이디야)토피넛라떼300ml,유음료,컵커피,16,6,18.0,11,3,0,2025-05-12,2025-05 중순,27.2727
240018,CJ)맛소금250g,조미료/건물,조미료,11,3,18.0,7,3,1,2025-05-11,2025-05 중순,42.8571
352337,PB)순면멸균면봉(150입)_H,미용/화장품,미용소품,14,3,18.0,8,4,0,2025-05-13,2025-05 중순,50.0
192643,7P)스트롱사와자몽500ml,양주와인,하이볼,15,12,18.0,11,2,1,2025-05-11,2025-05 중순,18.1818
360499,멘소)멘소래담스프레이쿨_H,약품/의료품,의약외품,12,4,18.0,7,4,0,2025-05-11,2025-05 중순,57.1429
831045,피죤)퓨어애플밤주방세제750ml_H,가정용품,세제류,13,8,17.0,11,2,0,2025-05-11,2025-05 중순,18.1818
202704,광동)옥수수수염차1.5L,음료,차음료,9,4,17.0,5,4,0,2025-05-13,2025-05 중순,80.0
124068,CJ)맥스봉오리지널70g,냉장,냉장간식,11,3,17.0,6,4,0,2025-05-11,2025-05 중순,66.6667
600325,사이버)짱구21곡초코바15g,과자,초콜릿,17,1,17.0,11,3,0,2025-05-17,2025-05 중순,27.2727
083698,롯데)우유식빵400g,빵,식빵,12,7,17.0,7,3,1,2025-05-12,2025-05 중순,42.8571
124213,폴로져 비노테크 브뤼 빈티지 2002 NEW,양주와인,와인,17,14,17.0,17,0,0,2025-05-11,2025-05 중순,0.0
210853,해태)쌍쌍바70ml,아이스크림,노벨티,13,7,17.0,9,3,0,2025-05-11,2025-05 중순,33.3333
124151,오리온)마이구미제로54g,과자,젤리류,14,7,17.0,6,4,1,2025-05-11,2025-05 중순,66.6667
192570,반피로사리갈750ml,양주와인,와인,13,10,17.0,11,2,0,2025-05-12,2025-05 중순,18.1818
106855,코카)몬스터오지레모네이드355ml,음료,기능성드링크,14,9,17.0,10,2,1,2025-05-11,2025-05 중순,20.0
123532,블루넌 골드 에디션 24K (골드바 레이블),양주와인,와인,16,12,17.0,15,0,1,2025-05-11,2025-05 중순,0.0
371858,피죤)핑크로즈리필1.6L_H,가정용품,세제류,12,6,17.0,7,3,1,2025-05-11,2025-05 중순,42.8571
100429,마즈)스니커즈피넛바51g,과자,초콜릿,15,6,17.0,8,4,0,2025-05-15,2025-05 중순,50.0
082538,롯데)미니딸기샌드65g,빵,간식빵,10,7,17.0,6,3,1,2025-05-12,2025-05 중순,50.0
190838,롯데)L와인까버네쇼비뇽750ml,양주와인,와인,12,4,17.0,7,3,1,2025-05-11,2025-05 중순,42.8571
080259,대림)스모크치킨180g,냉장,냉장안주,11,6,17.0,8,3,0,2025-05-14,2025-05 중순,37.5
132837,삼양)맵탱흑후추소고기라면(봉지,면,봉지면,14,7,17.0,10,2,1,2025-05-11,2025-05 중순,20.0
109551,하겐)컵민트초콜릿100ml,아이스크림,고급,13,5,17.0,7,4,0,2025-05-11,2025-05 중순,57.1429
211134,하겐)초콜릿촉아몬드80ml,아이스크림,고급,10,5,17.0,5,2,3,2025-05-11,2025-05 중순,40.0
210731,해태)바밤바70ml,아이스크림,노벨티,11,6,17.0,6,4,0,2025-05-11,2025-05 중순,66.6667
094227,세븐팜)신선한1등급달걀(15입),신선,수축산/계란,15,4,17.0,14,1,0,2025-05-11,2025-05 중순,7.1429
170457,하이트)필라이트후레쉬피쳐1.6L,맥주,국산맥주,11,6,17.0,8,3,0,2025-05-11,2025-05 중순,37.5
180623,롯데)new청하화인300ml,전통주,기타전통주,11,4,17.0,8,3,0,2025-05-11,2025-05 중순,37.5
124616,호땅6도750ml(4입),전통주,기타전통주,15,13,17.0,14,1,0,2025-05-11,2025-05 중순,7.1429
124711,이노엔)티로그청포도아이스티500ml,음료,차음료,13,11,17.0,11,2,0,2025-05-11,2025-05 중순,18.1818
123464,알타비스타 엑스트라 브륏 블랑 드 블랑 NV,양주와인,와인,15,13,17.0,14,1,0,2025-05-11,2025-05 중순,7.1429
123393,세븐브로이)나로IPA500ml캔,맥주,국산맥주,17,7,17.0,15,1,0,2025-05-11,2025-05 중순,6.6667
108320,삼양)스틱불닭소스16g,조미료/건물,소스류,13,6,17.0,11,2,0,2025-05-11,2025-05 중순,18.1818
202372,칠성)칠성사이다제로1.5L,음료,탄산음료,9,2,17.0,5,4,0,2025-05-11,2025-05 중순,80.0
117892,롯데)마가렛트1700,과자,비스킷류,13,10,17.0,11,2,0,2025-05-11,2025-05 중순,18.1818
113693,마틴밀러스 진700ml,양주와인,양주,15,13,17.0,14,1,0,2025-05-11,2025-05 중순,7.1429
073332,삼립)로스트치킨(버터갈릭)210g,냉장,냉장안주,13,5,17.0,11,2,0,2025-05-12,2025-05 중순,18.1818
190171,서울탁)장수생막걸리750ml,전통주,막걸리,12,7,17.0,9,2,1,2025-05-13,2025-05 중순,22.2222
112743,SAMG)하츄핑달콤한별가루젤리,과자,젤리류,15,6,17.0,12,2,0,2025-05-13,2025-05 중순,16.6667
124156,블루밍)미니뿌인형키링set_브라운,과자,초콜릿,17,13,17.0,17,0,0,2025-05-11,2025-05 중순,0.0
122428,티젠)콤부차피치10입,건강/기호식품,차,14,5,17.0,12,1,1,2025-05-12,2025-05 중순,8.3333
106539,PB)카덴카라미소라멘212.9g,냉장,냉장간편식,12,8,17.0,6,2,3,2025-05-12,2025-05 중순,33.3333
170805,기네스드래프트440ml24입,맥주,수입맥주,15,7,17.0,12,2,0,2025-05-12,2025-05 중순,16.6667
121959,삼양사)상쾌환스틱망고맛18g,건강/기호식품,숙취해소제,13,5,17.0,9,3,0,2025-05-11,2025-05 중순,33.3333
093593,풀무원)소가순두부350g,신선,야채,11,7,17.0,8,3,0,2025-05-11,2025-05 중순,37.5
073261,고래사)통새우말이어묵90g,냉장,냉장간식,11,5,17.0,7,2,2,2025-05-12,2025-05 중순,28.5714
117098,몽뜨)설곤약향라맛30g,과자,젤리류,9,3,17.0,5,4,0,2025-05-11,2025-05 중순,80.0
112641,롯데)오잉오징어랑버터구이칩55g,과자,스낵류,13,8,17.0,9,3,0,2025-05-11,2025-05 중순,33.3333
123333,아사히500ml(24입),맥주,수입맥주,13,7,17.0,11,2,0,2025-05-11,2025-05 중순,18.1818
191852,롯데)앙리마티스하트750ml,양주와인,와인,15,9,17.0,13,0,2,2025-05-12,2025-05 중순,0.0
202713,베스킨)피치요거트워터500,음료,주스,9,3,17.0,5,4,0,2025-05-11,2025-05 중순,80.0
191617,롯데)앙리마티스카티아(레드)750,양주와인,와인,13,10,17.0,9,0,4,2025-05-11,2025-05 중순,0.0
107511,빙그레)왕실쿠키샌드초코120ml,아이스크림,노벨티,17,13,17.0,12,1,2,2025-05-11,2025-05 중순,8.3333
124298,옥토모어 15.3 700ml,양주와인,양주,16,16,17.0,15,0,1,2025-05-11,2025-05 중순,0.0
192645,7P)스트롱사와레몬350ml,양주와인,하이볼,17,9,17.0,15,1,0,2025-05-11,2025-05 중순,6.6667
170897,칭따오논알콜레몬330ml24입,맥주,수입맥주,13,6,16.5,7,2,2,2025-05-11,2025-05 중순,28.5714
391072,유한)좋은느낌유기농순면중형14P,위생용품,생리대,14,9,16.0,11,2,0,2025-05-12,2025-05 중순,18.1818
132221,농심)사천짜파게티큰사발,면,용기면,16,10,16.0,14,1,0,2025-05-11,2025-05 중순,7.1429
153093,대상)순창초고추장300g(튜브),조미료/건물,장류,8,3,16.0,4,4,0,2025-05-12,2025-05 중순,100.0
113211,오리온)초코파이468g,과자,비스킷류,12,6,16.0,8,3,0,2025-05-11,2025-05 중순,37.5
124770,매크로)코피코블리스터(카푸치노),과자,캔디류,15,7,16.0,10,2,1,2025-05-11,2025-05 중순,20.0
122461,티젠)콤부차파인애플10T,건강/기호식품,차,12,4,16.0,10,2,0,2025-05-11,2025-05 중순,20.0
151698,동원)들기름도시락김9입,조미료/건물,건해산물,10,5,16.0,7,3,0,2025-05-11,2025-05 중순,42.8571
124000,미스티)산리오립스틱캔디5g,과자,캔디류,9,4,16.0,5,3,1,2025-05-11,2025-05 중순,60.0
030508,사조)한입피자고르곤졸라80g,간식,냉장피자,13,9,16.0,11,1,1,2025-05-13,2025-05 중순,9.0909
390831,PB)천연펄프3겹데코12롤,위생용품,티슈,14,10,16.0,13,1,0,2025-05-11,2025-05 중순,7.6923
124972,롯데)찰떡파이초코바나나250g,과자,비스킷류,12,5,16.0,6,4,0,2025-05-12,2025-05 중순,66.6667
170604,하이네)타이거자몽500ml,맥주,수입맥주,16,3,16.0,8,4,0,2025-05-16,2025-05 중순,50.0
202370,칠성)아이시스500ml(12입),음료,생수,12,4,16.0,6,4,0,2025-05-16,2025-05 중순,66.6667
117061,삼양)맵탱흑후추소고기라면소컵,면,용기면,16,11,16.0,14,1,0,2025-05-16,2025-05 중순,7.1429
211647, 제스)오레오바닐라바92ml,아이스크림,노벨티,11,5,16.0,8,2,1,2025-05-12,2025-05 중순,25.0
210990,롯데)와 바닐라190ml,아이스크림,노벨티,11,5,16.0,6,3,1,2025-05-11,2025-05 중순,50.0
124140,PKJ)딸기모양마시멜로우48g,과자,캔디류,12,7,16.0,8,3,0,2025-05-11,2025-05 중순,37.5
107455,덴마크)테이크얼라이브블렌드레몬캐모마일 300ml,유음료,냉장주스,14,11,16.0,13,1,0,2025-05-11,2025-05 중순,7.6923
119637,해태)에이스샌드찐초코68g,과자,비스킷류,11,6,16.0,6,3,1,2025-05-11,2025-05 중순,50.0
140725,오뚜기)단호박죽285g,가공식품,가공미반류,12,4,16.0,6,4,0,2025-05-11,2025-05 중순,66.6667
191969,프레시넷 로제 스파클링(기념일추천),양주와인,와인,13,8,16.0,11,1,1,2025-05-11,2025-05 중순,9.0909
108815,PB)마롱호두단팥빵105g,빵,간식빵,10,5,16.0,7,3,0,2025-05-11,2025-05 중순,42.8571
106203,농심)푸팟퐁구리큰사발,면,용기면,12,5,16.0,8,3,0,2025-05-11,2025-05 중순,37.5
108456,청정원)찌개두부300g,신선,야채,10,5,16.0,7,3,0,2025-05-11,2025-05 중순,42.8571
115469,주라 12년 700ml,양주와인,양주,15,10,16.0,14,0,1,2025-05-11,2025-05 중순,0.0
062430,매일)상하치즈크림치즈48g,유음료,유제품,12,6,16.0,8,3,0,2025-05-11,2025-05 중순,37.5
420676,모나미)제도샤프_후크형_H,문구/완구,일반문구,12,6,16.0,8,3,0,2025-05-11,2025-05 중순,37.5
124620,하림)오늘단백초코라떼250ml,유음료,프로틴 음료,16,12,16.0,12,2,0,2025-05-13,2025-05 중순,16.6667
180720,화요)화요25도375ml,전통주,소주,15,7,16.0,10,2,1,2025-05-11,2025-05 중순,20.0
391135,유한)좋은느낌입는데이팬티대형4,위생용품,생리대,12,7,16.0,10,2,0,2025-05-11,2025-05 중순,20.0
125597,조정식)탐나는 인재 티셔츠_S,패션잡화,시즌/소품,16,15,16.0,16,0,0,2025-05-15,2025-05 중순,0.0
124727,SB)닭가슴살타코랩샌드,조리빵,샐러드모닝랩,15,10,16.0,12,1,1,2025-05-11,2025-05 중순,8.3333
162142,바프)군옥수수맛아몬드40g,안주,너트류,12,5,16.0,6,4,0,2025-05-11,2025-05 중순,66.6667
041568,PB)푸하하리얼딸기크림빵110g,디저트,냉장베이커리,19,12,16.0,16,0,1,2025-05-11,2025-05 중순,0.0
124909,PB)수피마 화이트 티셔츠 100_H,패션잡화,팬티/내의,14,9,16.0,13,1,0,2025-05-11,2025-05 중순,7.6923
161316,코카)조지아라떼240ml캔,음료,커피음료,8,3,16.0,4,4,0,2025-05-12,2025-05 중순,100.0
115401,농심)빵부장마늘빵55g,과자,스낵류,13,5,16.0,7,3,1,2025-05-11,2025-05 중순,42.8571
160907,웅진)자연은토마토1ㆍ5L,음료,주스,13,5,16.0,7,3,1,2025-05-15,2025-05 중순,42.8571
819429,해태)초코픽45g,과자,비스킷류,8,4,16.0,4,4,0,2025-05-16,2025-05 중순,100.0
108453,동서)스타벅스더블샷돌체275ml,음료,커피음료,10,6,16.0,7,3,0,2025-05-14,2025-05 중순,42.8571
601281,동서)콘푸라이트컵30g,과자,비스킷류,12,4,16.0,8,3,0,2025-05-12,2025-05 중순,37.5
109661,드림)훈와리메이진콩가루35g,과자,스낵류,13,9,16.0,9,2,1,2025-05-12,2025-05 중순,22.2222
180074,아사히)아사히350ml캔,맥주,수입맥주,16,10,16.0,14,1,0,2025-05-12,2025-05 중순,7.1429
120361,동서)맥심화이트골드100입,건강/기호식품,커피,15,7,16.0,14,0,1,2025-05-11,2025-05 중순,0.0
150004,하겐)파인트바닐라,아이스크림,고급,13,9,16.0,11,1,1,2025-05-12,2025-05 중순,9.0909
190517,아영)샤또기봉레드750ml,양주와인,와인,16,9,16.0,16,0,0,2025-05-11,2025-05 중순,0.0
105302,PB)명인딸기에이드230ml,즉석음료,파우치,9,5,16.0,5,3,1,2025-05-16,2025-05 중순,60.0
125598,조정식)탐나는 인재 티셔츠_M,패션잡화,시즌/소품,17,14,16.0,15,0,1,2025-05-15,2025-05 중순,0.0
141804,오뚜기)순후추돼지국밥(컵밥),가공식품,가공미반류,12,5,16.0,7,2,2,2025-05-12,2025-05 중순,28.5714
124633,유앤)드럼스틱젤리(두가지맛믹스)80g,과자,젤리류,11,8,16.0,8,2,1,2025-05-11,2025-05 중순,25.0
124556,엔제이)훈와리스팀케이크카스타드,빵,간식빵,14,11,16.0,10,1,2,2025-05-11,2025-05 중순,10.0
123335,아사히쇼쿠사이340ml(24입),맥주,수입맥주,12,9,16.0,10,2,0,2025-05-11,2025-05 중순,20.0
210610,삼양)볶음간짬뽕큰컵,면,용기면,12,8,16.0,8,3,0,2025-05-12,2025-05 중순,37.5
105289,올리)순수얼음1kg,즉석음료,얼음,14,6,16.0,9,3,0,2025-05-11,2025-05 중순,33.3333
161842,코주부)왕꼬마쥐포35g,안주,생선류,12,2,16.0,6,4,0,2025-05-16,2025-05 중순,66.6667
192049,루이스엠마티니소노마카운티,양주와인,와인,12,7,15.0,10,1,1,2025-05-13,2025-05 중순,10.0
210757,끌레도르)쿠앤크바90ml,아이스크림,노벨티,15,4,15.0,7,4,0,2025-05-11,2025-05 중순,57.1429
030658,훈스)빅콘치즈피자빵100g,간식,냉장피자,15,8,15.0,13,1,0,2025-05-12,2025-05 중순,7.6923
104326,해태)락맛동산165g,과자,스낵류,11,5,15.0,7,3,0,2025-05-13,2025-05 중순,42.8571
192254,샹그리아오렌지750ml,양주와인,리쿼,12,10,15.0,10,1,1,2025-05-11,2025-05 중순,10.0
201356,거림)블루레몬에이드350ml,음료,주스,9,3,15.0,6,3,0,2025-05-17,2025-05 중순,50.0
170447,하이네)에델바이스500ml캔,맥주,수입맥주,13,6,15.0,8,3,0,2025-05-11,2025-05 중순,37.5
192542,메타)글렌알라키8년에디션,양주와인,양주,15,12,15.0,15,0,0,2025-05-13,2025-05 중순,0.0
123867,글렌알라키 12년 700ml,양주와인,양주,14,13,15.0,13,0,1,2025-05-13,2025-05 중순,0.0
121921,이노엔)컨디션환3입,건강/기호식품,숙취해소제,11,7,15.0,9,2,0,2025-05-11,2025-05 중순,22.2222
124622,하림)오늘단백카라멜라떼250ml,유음료,프로틴 음료,13,9,15.0,10,2,0,2025-05-11,2025-05 중순,20.0
109137,덴마크)소화가잘되는우유190ml,유음료,흰우유,11,6,15.0,7,3,0,2025-05-14,2025-05 중순,42.8571
391019,동아)템포팬티라이너18P,위생용품,생리대,9,5,15.0,6,3,0,2025-05-11,2025-05 중순,50.0
211384,빙그레)떡붕어싸만코150ml,아이스크림,노벨티,9,4,15.0,4,4,0,2025-05-12,2025-05 중순,100.0
140814,오뚜기)오뚜기밥210g*4입,가공식품,가공미반류,13,5,15.0,10,2,0,2025-05-11,2025-05 중순,20.0
115344,롯데)엄마손파이127g,과자,비스킷류,11,5,15.0,7,3,0,2025-05-11,2025-05 중순,42.8571
123493,달모어 2008빈티지 700ml,양주와인,양주,14,11,15.0,13,0,1,2025-05-11,2025-05 중순,0.0
123058,나무)스웨디시젤리60g,과자,젤리류,15,12,15.0,15,0,0,2025-05-11,2025-05 중순,0.0
116579,롯데)쌀로별오리지널78g,과자,스낵류,11,5,15.0,7,3,0,2025-05-11,2025-05 중순,42.8571
222123,천일)매콤달달라볶이365g,냉동,냉동간편식,14,7,15.0,13,0,1,2025-05-12,2025-05 중순,0.0
133716,대상)순창(현미)찰고추장500g,조미료/건물,장류,11,5,15.0,7,3,0,2025-05-11,2025-05 중순,42.8571
109528,선우)스모어초콜릿55g,과자,초콜릿,13,7,15.0,10,2,0,2025-05-11,2025-05 중순,20.0
601286,해태)에이스바스크치즈121g,과자,비스킷류,13,5,15.0,8,3,0,2025-05-12,2025-05 중순,37.5
123685,노모노모 원컵(5입),전통주,기타전통주,13,4,15.0,8,3,0,2025-05-13,2025-05 중순,37.5
109461,롯데)켄터키직화핫바매콤화끈65g,냉장,냉장간식,13,8,15.0,12,1,0,2025-05-11,2025-05 중순,8.3333
140876,CJ)햇반불고기덮밥(컵반),가공식품,가공미반류,10,6,15.0,7,2,1,2025-05-12,2025-05 중순,28.5714
220013,CJ)스팸클래식340g,가공식품,캔,11,3,15.0,7,3,0,2025-05-13,2025-05 중순,42.8571
222124,천일)고추짜장면360g,냉동,냉동간편식,11,6,15.0,8,1,2,2025-05-11,2025-05 중순,12.5
113788,MQ)프링글스오리지날110g,과자,스낵류,13,9,15.0,12,1,0,2025-05-12,2025-05 중순,8.3333
105998,광동)썬키스트제로자두자몽소다600ml,음료,탄산음료,10,8,15.0,7,2,1,2025-05-12,2025-05 중순,28.5714
180915,국순당)국순당쌀막걸리750ml,전통주,막걸리,16,11,15.0,14,0,1,2025-05-12,2025-05 중순,0.0
192029,롯데)브레드앤버터피노누아750ml,양주와인,와인,12,5,15.0,10,1,1,2025-05-11,2025-05 중순,10.0
119089,빙그레)야채타임70g,과자,스낵류,12,5,15.0,6,3,1,2025-05-11,2025-05 중순,50.0
105309,대호)벤티헤이즐넛향500ml,즉석음료,파우치,9,3,15.0,6,3,0,2025-05-12,2025-05 중순,50.0
141134,동원)리챔120g,가공식품,캔,9,3,15.0,6,3,0,2025-05-14,2025-05 중순,50.0
133739,CJ)비비고썰은김치60g,냉장,냉장간편식,9,3,15.0,6,3,0,2025-05-12,2025-05 중순,50.0
122507,네슬)스타벅스미디엄로스트10T,건강/기호식품,커피,15,6,15.0,11,2,0,2025-05-13,2025-05 중순,18.1818
124107,롯데)클라우드논알롤릭350ml,맥주,무알콜맥주,14,6,15.0,7,3,1,2025-05-11,2025-05 중순,42.8571
161706,썬푸드)슬라이스오징어18g,안주,오징어,9,4,15.0,6,3,0,2025-05-11,2025-05 중순,50.0
402013,이브울트라씬콘돔(3입)_H,약품/의료품,의약외품,11,5,15.0,7,3,0,2025-05-12,2025-05 중순,42.8571
200005,페르)시바스리갈12년500ml,양주와인,양주,11,7,15.0,9,2,0,2025-05-11,2025-05 중순,22.2222
162080,정화)왕커다란쥐포2마리95g,안주,생선류,11,3,15.0,9,2,0,2025-05-11,2025-05 중순,22.2222
181082,롯데)순하리레몬진제로나인500ml,전통주,기타전통주,14,8,15.0,11,1,1,2025-05-11,2025-05 중순,9.0909
124041,일신)캇예스베러버니75g,과자,젤리류,11,5,15.0,7,3,0,2025-05-11,2025-05 중순,42.8571
160945,오츠카)데자와240ml,음료,차음료,10,7,15.0,7,2,1,2025-05-11,2025-05 중순,28.5714
108463,화이트)오마이탐폰슈퍼8P,위생용품,생리대,13,11,15.0,12,1,0,2025-05-11,2025-05 중순,8.3333
191290,리커)산밸리샤도네이750ml,양주와인,와인,12,8,15.0,10,1,1,2025-05-11,2025-05 중순,10.0
181002,준마이긴죠아카후지720ml,전통주,기타전통주,11,8,15.0,9,2,0,2025-05-11,2025-05 중순,22.2222
113182,베린저 메인앤바인 샤르도네750ml ,양주와인,와인,13,6,15.0,9,1,2,2025-05-11,2025-05 중순,11.1111
117113,롯데)아몬드빼빼로37g,과자,비스킷류,10,3,15.0,5,3,1,2025-05-11,2025-05 중순,60.0
150949,롯데)죠스바75ml,아이스크림,노벨티,9,4,15.0,6,3,0,2025-05-11,2025-05 중순,50.0
601330,7P)초코바나나칩46g,과자,비스킷류,13,6,15.0,11,0,2,2025-05-11,2025-05 중순,0.0
112719,하림)고기슈마이6입,간식,냉장간식,12,8,15.0,10,1,1,2025-05-11,2025-05 중순,10.0
202382,웅진)자연은납작복숭아340ml,음료,주스,10,7,15.0,7,2,1,2025-05-11,2025-05 중순,28.5714
108799,LG)온더바디발을씻자풋샴푸 레몬385ml_H,H&B,화장비누/바디클렌저,10,6,15.0,7,2,1,2025-05-14,2025-05 중순,28.5714
107551,오츠카)소이조이아몬드초코30g,과자,프로틴/시리얼,11,3,15.0,7,3,0,2025-05-12,2025-05 중순,42.8571
180434,무학)좋은데이640ml,전통주,소주,10,4,14.0,6,3,0,2025-05-11,2025-05 중순,50.0
371960,피죤)고농축시그니처1L(플라워)_H,가정용품,세제류,10,7,14.0,8,2,0,2025-05-12,2025-05 중순,25.0
162144,바프)와사비맛아몬드40g,안주,너트류,10,5,14.0,7,1,2,2025-05-13,2025-05 중순,14.2857
106250,피죤)액츠퍼펙트딥클린(겸용)1.4L_H,가정용품,세제류,9,5,14.0,6,2,1,2025-05-12,2025-05 중순,33.3333
111764,해광)프레첼갈릭버터85g,과자,스낵류,10,4,14.0,6,3,0,2025-05-13,2025-05 중순,50.0
370987,PB)소주컵10입,가정용품,행락용품,10,2,14.0,4,4,0,2025-05-17,2025-05 중순,100.0
123648,CJ)햇반버섯야채죽268g,가공식품,가공미반류,12,5,14.0,9,2,0,2025-05-14,2025-05 중순,22.2222
401695,휴마)세이플리임신진단키트_H,약품/의료품,의료기기,10,4,14.0,8,2,0,2025-05-12,2025-05 중순,25.0
362597,LG)히말라야핑크솔트치약100g_H,H&B,치약,9,4,14.0,6,2,1,2025-05-11,2025-05 중순,33.3333
133743,PB)꼬마컵맛김치130g,냉장,냉장간편식,12,7,14.0,7,3,0,2025-05-12,2025-05 중순,42.8571
351300,니베아)립케어 체리 샤인_H,미용/화장품,여성화장품,10,1,14.0,6,3,0,2025-05-11,2025-05 중순,50.0
201131,코카)환타오렌지355ml(캔),음료,탄산음료,13,9,14.0,8,2,1,2025-05-11,2025-05 중순,25.0
170866,롱보드라거캔24입,맥주,수입맥주,10,4,14.0,8,2,0,2025-05-12,2025-05 중순,25.0
141364,CJ)참치마요덮밥(컵반),가공식품,가공미반류,9,5,14.0,6,2,1,2025-05-11,2025-05 중순,33.3333
402048,신행)아머초박형콘돔3P_H,약품/의료품,의약외품,18,11,14.0,14,1,0,2025-05-11,2025-05 중순,7.1429
360867,애경)케라시스데미지샴푸_H,H&B,샴푸/린스,14,11,14.0,14,0,0,2025-05-11,2025-05 중순,0.0
132268,오뚜기)진라면순한맛소컵,면,용기면,10,6,14.0,6,3,0,2025-05-11,2025-05 중순,50.0
052658,칠성)칸타타스윗아메리카노제로230ml,즉석음료,파우치,8,3,14.0,5,3,0,2025-05-11,2025-05 중순,60.0
107582,농심)까망베르치즈타라19g,안주,스낵안주,11,6,14.0,9,1,1,2025-05-11,2025-05 중순,11.1111
351295,니베아)립케어 모이스춰_H,미용/화장품,여성화장품,8,2,14.0,5,3,0,2025-05-11,2025-05 중순,60.0
354096,센카퍼펙트휩클렌징폼120g_H,미용/화장품,여성화장품,9,2,14.0,6,2,1,2025-05-14,2025-05 중순,33.3333
070193,매일)커피속에모카치노300ml,유음료,가공우유,13,8,14.0,10,1,1,2025-05-14,2025-05 중순,10.0
124963,CJ)햇반12곡밥210g,가공식품,가공미반류,10,3,14.0,8,2,0,2025-05-16,2025-05 중순,25.0
113789,MQ)프링글스매운맛110g,과자,스낵류,10,6,14.0,8,2,0,2025-05-11,2025-05 중순,25.0
030682,삼립)에그가먼저닭미니샐러드,미반,샐러드 ,12,9,14.0,10,0,2,2025-05-11,2025-05 중순,0.0
109146,이가)더블알리오올리오196.5g,냉장,냉장간편식,12,6,14.0,7,3,0,2025-05-11,2025-05 중순,42.8571
113515,맥캘란 15년 더블캐스크 700ml,양주와인,양주,14,12,14.0,11,0,2,2025-05-12,2025-05 중순,0.0
132139,농심)육개장큰사발,면,용기면,8,4,14.0,5,3,0,2025-05-14,2025-05 중순,60.0
112114,크라운)마이쮸사과44g,과자,캔디류,9,4,14.0,4,3,1,2025-05-11,2025-05 중순,75.0
170929,미쓰이)스카치위스키하이볼350ml,양주와인,하이볼,12,7,14.0,11,1,0,2025-05-13,2025-05 중순,9.0909
352804,맨담)갸스비매트하드스프레이200_H,미용/화장품,헤어스타일링,10,3,14.0,6,3,0,2025-05-16,2025-05 중순,50.0
123876,와일드 터키 81,양주와인,양주,14,12,14.0,14,0,0,2025-05-12,2025-05 중순,0.0
083749,삼립)허쉬초코샌드95g,빵,간식빵,8,4,14.0,5,3,0,2025-05-11,2025-05 중순,60.0
201979,팔도)뽀로로보리차220ml,음료,차음료,8,3,14.0,5,3,0,2025-05-12,2025-05 중순,60.0
106851,브라운)잭다니엘스애플500ml,양주와인,양주,13,12,14.0,12,0,1,2025-05-11,2025-05 중순,0.0
151163,대상)홍초석류미니50ml,조미료/건물,소스류,8,5,14.0,5,3,0,2025-05-11,2025-05 중순,60.0
202623,큐원)상쾌환부스터100ml,음료,기능성드링크,8,3,14.0,5,3,0,2025-05-18,2025-05 중순,60.0
062380,PB)헬로맨카페라떼320ml,유음료,컵커피,12,9,14.0,11,1,0,2025-05-12,2025-05 중순,9.0909
115465,주라 18년 700ml,양주와인,양주,14,13,14.0,14,0,0,2025-05-11,2025-05 중순,0.0
133717,대상)두번달인진간장골드500ml,조미료/건물,장류,7,2,14.0,3,3,1,2025-05-12,2025-05 중순,100.0
092392,돌코리아)후룻컵복숭아198g,신선,과일,10,2,14.0,8,2,0,2025-05-11,2025-05 중순,25.0
230281,동서)맥심모카골드50입,건강/기호식품,커피,10,3,14.0,4,4,0,2025-05-11,2025-05 중순,100.0
220543,동원)양반단호박죽285g,가공식품,가공미반류,8,4,14.0,5,3,0,2025-05-13,2025-05 중순,60.0
108592,동원)불참치90g,가공식품,캔,9,4,14.0,4,3,1,2025-05-16,2025-05 중순,75.0
115434,달모어 킹렉산더3세 700ml,양주와인,양주,14,13,14.0,11,0,2,2025-05-11,2025-05 중순,0.0
202247,칠성)옥수수수염차500ml,음료,차음료,12,8,14.0,9,2,0,2025-05-11,2025-05 중순,22.2222
119073,매일)킨더부에노43g,과자,초콜릿,10,6,14.0,8,2,0,2025-05-11,2025-05 중순,25.0
106937,PB)다회용숟가락(10입),가정용품,행락용품,13,5,14.0,8,2,1,2025-05-11,2025-05 중순,25.0
124106,쥬맥스)모구모구(망고)320ml,음료,주스,8,3,14.0,5,3,0,2025-05-13,2025-05 중순,60.0
202640,오츠카)나랑드사이다그린애플245,음료,탄산음료,12,9,14.0,8,1,2,2025-05-11,2025-05 중순,12.5
109028,종근당)깨노니땡큐샷30ml,건강/기호식품,숙취해소제,11,4,14.0,9,1,1,2025-05-12,2025-05 중순,11.1111
105287,푸드)순수얼음3kg,즉석음료,얼음,11,6,14.0,9,1,1,2025-05-13,2025-05 중순,11.1111
109554,PB)착한요구르트대용량500ml,유음료,요구르트,11,8,14.0,9,1,1,2025-05-14,2025-05 중순,11.1111
161301,해태)아침에사과한개500ml,음료,주스,10,2,14.0,6,3,0,2025-05-13,2025-05 중순,50.0
061326,매일)허쉬초코쿠키앤크림235ml,유음료,가공우유,12,3,14.0,9,2,0,2025-05-12,2025-05 중순,22.2222
073564,CJ)가래떡떡볶이310g,냉장,냉장간편식,12,4,14.0,9,2,0,2025-05-13,2025-05 중순,22.2222
072764,한성)크래미90g,냉장,냉장간식,12,6,14.0,9,2,0,2025-05-13,2025-05 중순,22.2222
160647,칠성)델몬트오렌지100 1.5L,음료,주스,8,2,14.0,5,3,0,2025-05-19,2025-05 중순,60.0
190671,아영)디아블로까베르네소비뇽375,양주와인,와인,12,8,14.0,10,0,2,2025-05-11,2025-05 중순,0.0
381372,트라이엄프)파워힙업팬티(검정)_H,패션잡화,스타킹,12,3,14.0,7,3,0,2025-05-12,2025-05 중순,42.8571
170033,현대)미에로화이바210ml,음료,기능성드링크,10,2,14.0,6,3,0,2025-05-12,2025-05 중순,50.0
073501,동원)황금치킨닭가슴살오리지널,냉장,냉장간식,10,4,14.0,8,2,0,2025-05-12,2025-05 중순,25.0
115471,탐나불린 더블캐스크 700ml,양주와인,양주,14,10,14.0,11,0,2,2025-05-11,2025-05 중순,0.0
111552,크라운)화이트하임3300(9입),과자,비스킷류,10,4,14.0,6,3,0,2025-05-12,2025-05 중순,50.0
052805,웰그린)고추핫소스,즉석 식품,즉석치킨,8,3,14.0,5,3,0,2025-05-11,2025-05 중순,60.0
041119,제이탑)가나슈마카롱3입69g,디저트,냉장베이커리,9,5,14.0,6,2,1,2025-05-13,2025-05 중순,33.3333
109015,PB)바닐라빈슈크림빵105g,빵,간식빵,11,6,13.0,9,0,2,2025-05-11,2025-05 중순,0.0
141519,CJ)햇반매일찰잡곡밥210g,가공식품,가공미반류,11,5,13.0,8,2,0,2025-05-11,2025-05 중순,25.0
161348,칠성)밀키스1．5pet,음료,탄산음료,7,3,13.0,4,3,0,2025-05-12,2025-05 중순,75.0
117151,해태)오예스360g,과자,비스킷류,11,6,13.0,6,3,0,2025-05-11,2025-05 중순,50.0
053169,숯불통다리,즉석 식품,즉석치킨(삭제예정),10,7,13.0,8,1,1,2025-05-13,2025-05 중순,12.5
600943,스위트)트롤리퍼니벌스100g,과자,젤리류,8,5,13.0,5,2,1,2025-05-11,2025-05 중순,40.0
818969,LG)뉴 퐁퐁400g_H,가정용품,세제류,10,5,13.0,6,2,1,2025-05-12,2025-05 중순,33.3333
831349,칠성)2%부족할때복숭아240ml,음료,스포츠음료,7,3,13.0,4,3,0,2025-05-14,2025-05 중순,75.0
220789,유성)유동번데기130g,가공식품,캔,11,3,13.0,10,1,0,2025-05-14,2025-05 중순,10.0
150293,나뚜루)녹차컵,아이스크림,고급,9,3,13.0,5,3,0,2025-05-14,2025-05 중순,60.0
401883,루치온데일리마스크5입블랙(국산_H,약품/의료품,의약외품,11,7,13.0,10,1,0,2025-05-12,2025-05 중순,10.0
391101,깨끗한)디어스킨리얼모달중형16P,위생용품,생리대,11,5,13.0,10,1,0,2025-05-11,2025-05 중순,10.0
133727,대상)순창청양초쌈장190g,조미료/건물,장류,10,4,13.0,4,3,1,2025-05-11,2025-05 중순,75.0
201871,동서)레드불에너지355ml,음료,기능성드링크,9,4,13.0,7,2,0,2025-05-16,2025-05 중순,28.5714
124729,엠즈)쫀득라바초코케이크80g,디저트,냉장베이커리,13,10,13.0,10,0,2,2025-05-12,2025-05 중순,0.0
083896,PB)제주우유후레쉬크림빵85g,빵,간식빵,12,3,13.0,9,1,1,2025-05-12,2025-05 중순,11.1111
109632,로로)스모어초코아이스110g,아이스크림,노벨티,13,6,13.0,9,2,0,2025-05-11,2025-05 중순,22.2222
391134,유한)좋은느낌입는데이팬티중형4,위생용품,생리대,9,7,13.0,7,2,0,2025-05-11,2025-05 중순,28.5714
202262,HK)컨디션헛개수EX500ml,음료,차음료,9,4,13.0,5,3,0,2025-05-17,2025-05 중순,60.0
123498,P&G)페브리즈미스티크370ml_H,가정용품,방향제,9,5,13.0,7,2,0,2025-05-13,2025-05 중순,28.5714
071566,장충동)머릿고기265g,냉장,냉장안주,7,3,13.0,4,3,0,2025-05-14,2025-05 중순,75.0
600909,MZ)호올스라임27.9g,과자,캔디류,13,9,13.0,9,2,0,2025-05-11,2025-05 중순,22.2222
094497,돌코리아)바나나(2입),신선,과일,7,4,13.0,4,3,0,2025-05-13,2025-05 중순,75.0
113217,마즈)엠앤엠즈피넛37g,과자,초콜릿,11,5,13.0,8,2,0,2025-05-13,2025-05 중순,25.0
106455,PB)촉촉닭안심바오리지널80g,냉장,냉장간식,11,8,13.0,10,1,0,2025-05-11,2025-05 중순,10.0
202402,팔도)뽀로로사과235ml,음료,주스,9,4,13.0,7,2,0,2025-05-11,2025-05 중순,28.5714
094225,세븐팜)신선한1등급달걀(1입),신선,수축산/계란,13,9,13.0,11,1,0,2025-05-11,2025-05 중순,9.0909
106872,오리온)포카칩스윗치즈60g,과자,스낵류,7,4,13.0,4,3,0,2025-05-11,2025-05 중순,75.0
390882,유한)좋은느낌순면울날중18P,위생용품,생리대,10,5,13.0,8,1,1,2025-05-16,2025-05 중순,12.5
124515,바이엔슈테판 헬레스라거(24입),맥주,수입맥주,12,11,13.0,11,0,1,2025-05-11,2025-05 중순,0.0
170935,제주)곰표밀맥주500ml캔,맥주,국산맥주,13,4,13.0,7,3,0,2025-05-11,2025-05 중순,42.8571
191266,레뱅드)로쉐마제까버네쇼비뇽250,양주와인,와인,15,14,13.0,14,0,0,2025-05-11,2025-05 중순,0.0
117783,롯데)ABC초코쿠키50g,과자,비스킷류,9,7,13.0,7,2,0,2025-05-11,2025-05 중순,28.5714
315308,P)아이코스 일루마원(페블베이지,담배,전자담배,12,7,13.0,11,0,1,2025-05-12,2025-05 중순,0.0
124701,팔도)뽀로로밀크톡335ml,음료,탄산음료,11,5,13.0,10,1,0,2025-05-11,2025-05 중순,10.0
202707,동서)스타벅스셀렉트카페라떼300,음료,커피음료,10,4,13.0,6,2,1,2025-05-11,2025-05 중순,33.3333
191416,롯데)트로이목마까버네쇼비뇽750,양주와인,와인,10,5,13.0,8,1,1,2025-05-13,2025-05 중순,12.5
073364,고래사)어묵탕(얼큰한맛)360g,냉장,냉장간편식,10,8,13.0,8,1,1,2025-05-11,2025-05 중순,12.5
107797,K리그산리오)인형_헬로키티,문구/완구,일반완구,10,3,13.0,6,2,1,2025-05-15,2025-05 중순,33.3333
601349,엔제이)블랙썬더파우치49g,과자,초콜릿,14,9,13.0,10,1,1,2025-05-11,2025-05 중순,10.0
132171,농심)생생우동253g,면,봉지면,11,6,13.0,8,2,0,2025-05-11,2025-05 중순,25.0
192581,하이트)헨켈트로켄750ml,양주와인,와인,10,6,13.0,8,1,1,2025-05-13,2025-05 중순,12.5
119517,동서)포스트단백질바50g,과자,프로틴/시리얼,9,6,13.0,7,2,0,2025-05-11,2025-05 중순,28.5714
180208,롯데)처음처럼640ml페트,전통주,소주,9,4,13.0,5,3,0,2025-05-14,2025-05 중순,60.0
119878,오리온)포도알맹이67g,과자,젤리류,7,4,13.0,4,3,0,2025-05-11,2025-05 중순,75.0
600858,농심)딸기바나나킥60g,과자,스낵류,13,8,13.0,13,0,0,2025-05-14,2025-05 중순,0.0
105576,삼립)빚은대박쑥찹쌀떡95g,디저트,떡,9,6,13.0,7,2,0,2025-05-12,2025-05 중순,28.5714
107538,동서)스타벅스카페모카320ml,유음료,컵커피,9,3,13.0,5,3,0,2025-05-12,2025-05 중순,60.0
191946,배비치블랙 피노누아,양주와인,와인,10,6,13.0,8,1,1,2025-05-11,2025-05 중순,12.5
115470,주라 10년 글라스패키지 700ml,양주와인,양주,14,9,13.0,10,1,1,2025-05-11,2025-05 중순,10.0
105366,대호)Big디카페인블랙320ml,즉석음료,파우치,11,8,13.0,8,2,0,2025-05-11,2025-05 중순,25.0
062259,덴마크)얼라이브머스캣청포도250,유음료,냉장주스,7,1,13.0,4,3,0,2025-05-19,2025-05 중순,75.0
353896,마녀공장)퓨어클렌징오일100ml_H,미용/화장품,여성화장품,9,3,13.0,5,3,0,2025-05-14,2025-05 중순,60.0
103882,롯데)자일리톨알파용기6000,과자,껌,11,5,13.0,8,2,0,2025-05-15,2025-05 중순,25.0
108740,티젠)풋사과쏙50G,건강/기호식품,건강/이너뷰티,9,4,13.0,7,2,0,2025-05-11,2025-05 중순,28.5714
107133,G)보바티멜론배320ml,음료,차음료,14,9,13.0,8,2,1,2025-05-11,2025-05 중순,25.0
083326,롯데)빅단팥빵100g,빵,간식빵,11,8,13.0,10,1,0,2025-05-11,2025-05 중순,10.0
125250,PB)벡셀AA건전지4입,일용잡화,건전지,13,7,13.0,9,2,0,2025-05-11,2025-05 중순,22.2222
113190,G)가나프리미엄프랄린헤이즐넛49g,과자,초콜릿,10,3,13.0,8,1,1,2025-05-13,2025-05 중순,12.5
106712,롯데)켄터키직화핫바65g,냉장,냉장간식,16,8,13.0,9,2,1,2025-05-11,2025-05 중순,22.2222
202570,칠성)잔치집식혜500ml,음료,전통음료,9,2,13.0,5,3,0,2025-05-11,2025-05 중순,60.0
106818,삼립)뮤츠의밀크롤85g,빵,간식빵,13,7,13.0,13,0,0,2025-05-11,2025-05 중순,0.0
413655,디벤)굿민PD고속충전기(CtoC)_H,일용잡화,휴대폰/주변기기,9,3,13.0,7,2,0,2025-05-18,2025-05 중순,28.5714
109910,아까기리시마,전통주,기타전통주,9,6,13.0,7,2,0,2025-05-11,2025-05 중순,28.5714
124664,오츠카)데미소다레드애플350ml,음료,탄산음료,11,8,13.0,7,1,2,2025-05-11,2025-05 중순,14.2857
132862,팔도)틈새라면고기짬뽕큰컵105g,면,용기면,8,4,13.0,3,3,1,2025-05-12,2025-05 중순,100.0
115333,롯데)밀크캬라멜,과자,캔디류,7,4,13.0,4,3,0,2025-05-12,2025-05 중순,75.0
061579,서울)초코꿀단지180ml,유음료,가공우유,7,3,13.0,4,3,0,2025-05-11,2025-05 중순,75.0
123356,더 그레이프 그라인더 피노타쥐,양주와인,와인,13,11,13.0,13,0,0,2025-05-12,2025-05 중순,0.0
122761,이노엔)컨디션스틱망고18g,건강/기호식품,숙취해소제,10,4,13.0,6,2,1,2025-05-12,2025-05 중순,33.3333
221535,CJ)비비고청양고추찐만두168g,냉동,냉동만두,8,5,12.0,6,2,0,2025-05-13,2025-05 중순,33.3333
124143,크리오)덴티메이트1450고불소구취케어치약120g_H,H&B,치약,12,5,12.0,10,1,0,2025-05-11,2025-05 중순,10.0
106074,신세계)투핸즈헬프리즈샤도네이750ml,양주와인,와인,11,6,12.0,10,0,1,2025-05-11,2025-05 중순,0.0
123775,티머니)디즈니카드(미키/투명),서비스 상품,일반서비스,8,3,12.0,6,2,0,2025-05-11,2025-05 중순,33.3333
109855,삿포로맥주캔500ml(24입),맥주,수입맥주,10,9,12.0,9,1,0,2025-05-11,2025-05 중순,11.1111
061762,동서)맥심TOP블랙240ml,유음료,가공우유,8,4,12.0,6,2,0,2025-05-15,2025-05 중순,33.3333
073586,PB)된장술밥510g,냉장,냉장간편식,12,5,12.0,12,0,0,2025-05-11,2025-05 중순,0.0
061659,매일)두유오리지널190ml,유음료,두유,8,4,12.0,4,3,0,2025-05-16,2025-05 중순,75.0
107267,골드핑거치킨세트,즉석 식품,즉석치킨(삭제예정),8,4,12.0,6,2,0,2025-05-12,2025-05 중순,33.3333
123640,훼밀리)새콤팡팡젤리빈42g,과자,캔디류,9,5,12.0,7,1,1,2025-05-11,2025-05 중순,14.2857
160691,칠성)밀키스２５０ｍｌ캔,음료,탄산음료,6,2,12.0,3,3,0,2025-05-14,2025-05 중순,100.0
211496,빙그레)투게더미니어처270ml,아이스크림,홈타입,10,6,12.0,9,1,0,2025-05-11,2025-05 중순,11.1111
123299,스위트)트러플모찌초콜릿87g,과자,초콜릿,11,7,12.0,10,0,1,2025-05-11,2025-05 중순,0.0
815067,LG)바디피트볼록맞춤울날중4P,위생용품,생리대,8,5,12.0,6,2,0,2025-05-16,2025-05 중순,33.3333
600908,MZ)호올스멘토립토스27.9g,과자,캔디류,8,3,12.0,6,2,0,2025-05-14,2025-05 중순,33.3333
124762,삼립)더블딥초코꾸덕파이70g,빵,구움과자,9,8,12.0,7,1,1,2025-05-11,2025-05 중순,14.2857
160052,칠성)칠성사이다500ml,음료,탄산음료,8,3,12.0,6,2,0,2025-05-12,2025-05 중순,33.3333
071465,진주햄)천하장사28g,냉장,냉장간식,8,4,12.0,6,2,0,2025-05-11,2025-05 중순,33.3333
141489,동원)고등어캔300g,가공식품,캔,8,4,12.0,6,2,0,2025-05-11,2025-05 중순,33.3333
170844,하이네)타이거포멜로500ml캔,맥주,수입맥주,8,3,12.0,4,3,0,2025-05-14,2025-05 중순,75.0
170431,벨트)볼파스엔젤맨라거568ml캔,맥주,수입맥주,9,5,12.0,5,2,1,2025-05-11,2025-05 중순,40.0
117106,롯데)청포도캔디153g,과자,캔디류,8,1,12.0,4,3,0,2025-05-17,2025-05 중순,75.0
107129,PB)얼음컵(라지)(제주),즉석음료,얼음,8,4,12.0,6,2,0,2025-05-12,2025-05 중순,33.3333
391071,유한)좋은느낌유기농순면중형3P,위생용품,생리대,12,8,12.0,10,1,0,2025-05-12,2025-05 중순,10.0
061468,남양)초코에몽250ml,유음료,가공우유,11,9,12.0,8,1,1,2025-05-11,2025-05 중순,12.5
106462,MDS)NEW베이컨까르보나라230g,간식,냉장피자,8,4,12.0,4,3,0,2025-05-14,2025-05 중순,75.0
123486,라포데리나 로쏘 디 몬탈치노,양주와인,와인,9,5,12.0,7,1,1,2025-05-11,2025-05 중순,14.2857
105720,오리온)아이셔츄레몬라임48g,과자,캔디류,7,5,12.0,4,2,1,2025-05-11,2025-05 중순,50.0
124912,PB)수피마 블랙 티셔츠 100_H,패션잡화,팬티/내의,10,5,12.0,9,1,0,2025-05-11,2025-05 중순,11.1111
116503,롯데)졸음번쩍껌1200,과자,껌,8,4,12.0,4,3,0,2025-05-13,2025-05 중순,75.0
061966,매일)아몬드브리즈언스위트190ml,유음료,기능성우유,8,4,12.0,5,1,2,2025-05-13,2025-05 중순,20.0
108364,우진)루첸테 750ml,양주와인,와인,11,7,12.0,10,0,1,2025-05-11,2025-05 중순,0.0
117276,MZ)홀스xs멘토립터스,과자,캔디류,8,5,12.0,6,2,0,2025-05-11,2025-05 중순,33.3333
413641,라인)8핀일회용배터리2600_H,일용잡화,휴대폰/주변기기,10,2,12.0,7,2,0,2025-05-11,2025-05 중순,28.5714
124357,PB)디저트39솔티카라멜우유500ml,유음료,가공우유,8,6,12.0,6,2,0,2025-05-15,2025-05 중순,33.3333
102585,매일)로쉐T-8하트,과자,초콜릿,6,2,12.0,3,3,0,2025-05-11,2025-05 중순,100.0
123535,9 라이브스 리저브 소비뇽 블랑,양주와인,와인,11,5,12.0,8,1,1,2025-05-12,2025-05 중순,12.5
162268,코주부)치즈육포50g,안주,육포,7,1,12.0,4,2,1,2025-05-20,2025-05 중순,50.0
109708,디아)조니워커블론드500ml,양주와인,양주,10,6,12.0,7,2,0,2025-05-11,2025-05 중순,28.5714
191922,에스쿠도로호 카르메네르,양주와인,와인,11,3,12.0,8,1,1,2025-05-12,2025-05 중순,12.5
124766,초코텍)퍼지딸기100g,과자,초콜릿,12,9,12.0,8,2,0,2025-05-11,2025-05 중순,25.0
107087,K리그산리오)면티셔츠105,패션잡화,시즌/소품,9,7,12.0,6,0,3,2025-05-11,2025-05 중순,0.0
105873,PB)포도&파인애플아이스볼,아이스크림,노벨티,9,8,12.0,7,1,1,2025-05-11,2025-05 중순,14.2857
124613,오름주가다래와인3004 8도375ml(2입),전통주,기타전통주,9,7,12.0,7,1,1,2025-05-12,2025-05 중순,14.2857
123643,하리보)스위트러브100g,과자,젤리류,7,5,12.0,4,2,1,2025-05-12,2025-05 중순,50.0
372023,싸다고)홈스타뿌리는곰팡이싹750_H,가정용품,세제류,12,6,12.0,8,2,0,2025-05-12,2025-05 중순,25.0
113135,이탈리쿠스 700ml,양주와인,양주,11,10,12.0,10,0,1,2025-05-11,2025-05 중순,0.0
315381,B)글로 하이퍼 에어(오션블루),담배,전자담배,12,5,12.0,12,0,0,2025-05-14,2025-05 중순,0.0
402012,이브리얼003콘돔(3입)_H,약품/의료품,의약외품,8,3,12.0,6,2,0,2025-05-13,2025-05 중순,33.3333
109635,골든)골든블루쿼츠700ml,양주와인,양주,10,6,12.0,8,0,2,2025-05-11,2025-05 중순,0.0
170493,하이네)타이거맥주500ml캔,맥주,수입맥주,10,6,12.0,7,2,0,2025-05-13,2025-05 중순,28.5714
119910,롯데)마가렛트176g(8입),과자,비스킷류,10,5,12.0,9,1,0,2025-05-11,2025-05 중순,11.1111
211144,하겐)마카다미아넛브리틀80ml,아이스크림,고급,7,4,12.0,3,1,3,2025-05-13,2025-05 중순,33.3333
413120,PJ)애견양고기치즈100g_H,일용잡화,반려동물용품,8,2,12.0,4,3,0,2025-05-11,2025-05 중순,75.0
113315,롯데)카스타드138g(6입),과자,비스킷류,6,1,12.0,3,3,0,2025-05-12,2025-05 중순,100.0
124703,MDS)스틱참치마요50g,간식,샐러드(삭제예정),8,3,12.0,6,2,0,2025-05-13,2025-05 중순,33.3333
170126,칠성)비타파워100ml,음료,기능성드링크,8,6,12.0,6,2,0,2025-05-14,2025-05 중순,33.3333
106524,칠성)게토레이제로600ml ,음료,스포츠음료,12,7,12.0,8,2,0,2025-05-11,2025-05 중순,25.0
124130,롯데)이너프골든츄이바35g,과자,프로틴/시리얼,8,2,12.0,6,2,0,2025-05-13,2025-05 중순,33.3333
123351,로쉐마제 피노누아,양주와인,와인,10,9,12.0,9,1,0,2025-05-11,2025-05 중순,11.1111
390889,LG)바디피트볼록맞춤중형16P,위생용품,생리대,12,9,12.0,10,1,0,2025-05-11,2025-05 중순,10.0
124978,부나하벤12년700ml,양주와인,양주,10,9,12.0,8,0,2,2025-05-12,2025-05 중순,0.0
324300,SK텔링크)알뜰유심,서비스 상품,일반서비스,10,4,12.0,9,1,0,2025-05-15,2025-05 중순,11.1111
107677,K리그산리오)머플러(마이멜로디),패션잡화,시즌/소품,10,6,12.0,7,2,0,2025-05-11,2025-05 중순,28.5714
114403,크라운)땅콩캬라멜2000,과자,캔디류,8,5,12.0,6,2,0,2025-05-11,2025-05 중순,33.3333
062491,일동)하이뮨액티브250ml,유음료,프로틴 음료,12,7,12.0,12,0,0,2025-05-11,2025-05 중순,0.0
124509,신세계)프레스코발디 니포짜노끼안티21 ,양주와인,와인,12,9,12.0,9,0,2,2025-05-12,2025-05 중순,0.0
118447,롯데)핵짱셔요콜라50g,과자,젤리류,8,5,12.0,6,2,0,2025-05-11,2025-05 중순,33.3333
201114,칠성)게토레이레몬600ml,음료,스포츠음료,8,4,12.0,6,2,0,2025-05-14,2025-05 중순,33.3333
115438,주라 21년 700ml,양주와인,양주,12,12,12.0,12,0,0,2025-05-12,2025-05 중순,0.0
117824,오리온)태양의맛썬갈릭바게트,과자,스낵류,6,3,12.0,3,3,0,2025-05-11,2025-05 중순,100.0
109214,씨씨)남성소프트드로즈(105)_H,패션잡화,팬티/내의,10,8,12.0,9,1,0,2025-05-11,2025-05 중순,11.1111
114735,에이원)핫도그젤리500,과자,젤리류,6,3,12.0,3,3,0,2025-05-11,2025-05 중순,100.0
112056,오리온)참붕어빵174g(6입),과자,비스킷류,8,4,12.0,6,2,0,2025-05-11,2025-05 중순,33.3333
071968,목우촌)훈제치킨닭다리2입,냉장,냉장안주,10,6,12.0,9,1,0,2025-05-11,2025-05 중순,11.1111
192646,7P)스트롱사와자몽350ml,양주와인,하이볼,12,9,12.0,12,0,0,2025-05-11,2025-05 중순,0.0
109725,칭따오논알콜330ml24입,맥주,무알콜맥주,12,9,12.0,12,0,0,2025-05-12,2025-05 중순,0.0
107685,K리그)산리오캐리어(단체),과자,캔디류,9,5,12.0,7,1,1,2025-05-15,2025-05 중순,14.2857
141384,오뚜기)마포식차돌된장찌개,가공식품,상온간편식,10,6,12.0,9,1,0,2025-05-11,2025-05 중순,11.1111
421280,록타이트)순간접착제20g(액상)_H,문구/완구,일반문구,8,2,12.0,6,2,0,2025-05-11,2025-05 중순,33.3333
380179,애경)2080칫솔_H,H&B,칫솔,8,4,12.0,6,2,0,2025-05-12,2025-05 중순,33.3333
200694,칠성)칸타타콜드브루블랙275ml,음료,커피음료,8,3,12.0,4,3,0,2025-05-11,2025-05 중순,75.0
083073,롯데)미니연유크림샌드100g,빵,간식빵,8,5,12.0,3,2,2,2025-05-11,2025-05 중순,66.6667
115576,카발란 드라이 하이볼(24입),양주와인,양주,10,9,11.0,9,0,1,2025-05-11,2025-05 중순,0.0
107503,엠즈)애플망고케이크100g,디저트,냉장베이커리,9,6,11.0,8,1,0,2025-05-14,2025-05 중순,12.5
041259,뚜또)파인애플230g,디저트,젤리,11,6,11.0,7,2,0,2025-05-11,2025-05 중순,28.5714
124548,롯데)포켓델리베지스틱,미반,푸드 간편식,7,3,11.0,5,2,0,2025-05-11,2025-05 중순,40.0
107062,피죤)퓨어뽀드득주방세제레몬(1.2L)_H,가정용품,세제류,9,6,11.0,8,1,0,2025-05-11,2025-05 중순,12.5
124133,롯데)이너프베이크드쿠키애플43g,과자,비스킷류,11,6,11.0,7,2,0,2025-05-11,2025-05 중순,28.5714
220284,오뚜기)3분카레매운맛,가공식품,상온간편식,7,2,11.0,5,2,0,2025-05-18,2025-05 중순,40.0
124267,또스띠 핑크 모스까또,양주와인,와인,10,9,11.0,9,0,1,2025-05-11,2025-05 중순,0.0
113790,MQ)프링글스치즈맛110g,과자,스낵류,7,3,11.0,5,2,0,2025-05-11,2025-05 중순,40.0
202403,광동)더진한헛개차500ml,음료,차음료,7,3,11.0,5,2,0,2025-05-13,2025-05 중순,40.0
124518,오리온)코코망고알맹이67g,과자,젤리류,9,5,11.0,6,2,0,2025-05-12,2025-05 중순,33.3333
117054,삼양)맵탱청양고추대파라면소컵,면,용기면,11,10,11.0,11,0,0,2025-05-16,2025-05 중순,0.0
106166,이즐)기본형교통카드(K패스),서비스 상품,일반서비스,10,8,11.0,9,0,1,2025-05-11,2025-05 중순,0.0
112453,삼경)웨더스오리지널크림캔디90g,과자,캔디류,7,5,11.0,4,1,2,2025-05-13,2025-05 중순,25.0
371067,롯알)종이접시170mm(10입),가정용품,행락용품,7,3,11.0,5,2,0,2025-05-11,2025-05 중순,40.0
371867,피죤)액츠프리미엄(프레시)1L_H,가정용품,세제류,7,4,11.0,5,2,0,2025-05-14,2025-05 중순,40.0
162310,머거본)꿀땅콩300g,안주,너트류,8,2,11.0,4,2,1,2025-05-11,2025-05 중순,50.0
116130,TDF)생미쉘초코칩마들렝175g,과자,비스킷류,7,3,11.0,5,2,0,2025-05-14,2025-05 중순,40.0
191116,브라운)잭다니엘스허니200ml,양주와인,양주,9,4,11.0,8,1,0,2025-05-12,2025-05 중순,12.5
123786,삼진)1953어묵순살바80g(매운맛),냉장,냉장간식,9,6,11.0,8,1,0,2025-05-11,2025-05 중순,12.5
132817,오뚜기)참깨라면볶음면큰컵,면,용기면,9,4,11.0,6,2,0,2025-05-11,2025-05 중순,33.3333
123927,삼립)바나나블루베리샌드,조리빵,샌드위치,9,3,11.0,4,3,0,2025-05-11,2025-05 중순,75.0
114906,크라운)츄러스84g,과자,스낵류,9,8,11.0,7,0,2,2025-05-13,2025-05 중순,0.0
191082,레뱅드)로쉐마제까베르네쇼비뇽,양주와인,와인,8,2,11.0,4,2,1,2025-05-17,2025-05 중순,50.0
114931,코노수르 20배럴 샤도네이750ml,양주와인,와인,10,7,11.0,9,0,1,2025-05-11,2025-05 중순,0.0
030684,삼립)치킨찹찹미니샐러드145g,미반,샐러드 ,9,9,11.0,7,0,2,2025-05-12,2025-05 중순,0.0
132702,농심)카구리큰사발,면,용기면,10,6,11.0,5,2,1,2025-05-12,2025-05 중순,40.0
105655,PB)바프황치즈팝콘70g,과자,스낵류,10,5,11.0,7,1,1,2025-05-12,2025-05 중순,14.2857
162356,케이)칸한우수제육포30g,안주,육포,9,2,11.0,6,2,0,2025-05-17,2025-05 중순,33.3333
413410,동원)뉴트리플랜참치와닭가슴살_H,일용잡화,반려동물용품,9,1,11.0,6,2,0,2025-05-11,2025-05 중순,33.3333
109908,사쓰마시라나미소주,전통주,기타전통주,11,6,11.0,9,1,0,2025-05-11,2025-05 중순,11.1111
105970,매일)피크닉청포도240ml,유음료,냉장주스,7,4,11.0,5,2,0,2025-05-11,2025-05 중순,40.0
192466,라벨5 700ml,양주와인,양주,9,5,11.0,8,1,0,2025-05-15,2025-05 중순,12.5
153033,대상)명란바사삭김(6입),조미료/건물,건해산물,9,3,11.0,8,1,0,2025-05-11,2025-05 중순,12.5
125301,동원)윤곽NINE차500ml,음료,차음료,8,4,11.0,6,1,1,2025-05-16,2025-05 중순,16.6667
061633,매일)바리스타플라넬드립325ml,유음료,컵커피,6,4,11.0,3,2,1,2025-05-11,2025-05 중순,66.6667
420677,모나미)컴퓨터용싸인펜_후크형_H,문구/완구,일반문구,10,6,11.0,5,2,1,2025-05-12,2025-05 중순,40.0
240015,CJ)백설튀김가루500g,조미료/건물,분말가루,9,2,11.0,6,2,0,2025-05-14,2025-05 중순,33.3333
124602,제주탐라주20도375ml(2입),전통주,기타전통주,11,7,11.0,9,1,0,2025-05-14,2025-05 중순,11.1111
150253,나뚜루)바닐라컵100ml,아이스크림,고급,7,3,11.0,5,2,0,2025-05-11,2025-05 중순,40.0
108706,랍스터집게바,즉석 식품,즉석치킨,9,6,11.0,8,1,0,2025-05-11,2025-05 중순,12.5
112031,동서)오레오초코100g,과자,비스킷류,9,4,11.0,6,2,0,2025-05-12,2025-05 중순,33.3333
117694,오리온)치킨팝닭강정맛65g,과자,스낵류,11,5,11.0,7,2,0,2025-05-12,2025-05 중순,28.5714
124061,대호)Big블루레몬에이드320ml,즉석음료,파우치,6,3,11.0,3,2,1,2025-05-11,2025-05 중순,66.6667
141379,PB)칼칼북어국(컵),가공식품,상온간편식,11,6,11.0,7,2,0,2025-05-11,2025-05 중순,28.5714
105432,포유)EVA슬리퍼270(블랙),가정용품,행락용품,9,3,11.0,6,2,0,2025-05-12,2025-05 중순,33.3333
240118,오뚜기)참기름110ml,조미료/건물,식용유지,7,2,11.0,5,2,0,2025-05-11,2025-05 중순,40.0
372230,롯알)환경을생각하는종이컵10입,가정용품,행락용품,7,4,11.0,5,2,0,2025-05-11,2025-05 중순,40.0
123417,피치)체리쉬망고젤리64g,과자,젤리류,8,3,11.0,4,2,1,2025-05-11,2025-05 중순,50.0
220665,CJ)햇반오곡밥210g,가공식품,가공미반류,11,3,11.0,5,3,0,2025-05-13,2025-05 중순,60.0
124293,일신)캇예스프레드페르켈175g,과자,젤리류,11,9,11.0,11,0,0,2025-05-11,2025-05 중순,0.0
360795,존슨)리스테린쿨민트100ml_H,H&B,치약,6,1,11.0,3,2,1,2025-05-20,2025-05 중순,66.6667
112411,롯데)가나프리미엄헤이즐넛63g,과자,초콜릿,9,1,11.0,6,2,0,2025-05-13,2025-05 중순,33.3333
141439,샘표)밥도둑오징어채볶음60g,가공식품,상온간편식,7,3,11.0,4,1,2,2025-05-11,2025-05 중순,25.0
191072,하이트)써머스비500ml캔,양주와인,리쿼,8,4,11.0,4,2,1,2025-05-11,2025-05 중순,50.0
117039,로투스)비스코프93g,과자,비스킷류,9,4,11.0,6,2,0,2025-05-13,2025-05 중순,33.3333
083834,삼립)생크림보름달80g,빵,간식빵,9,4,11.0,8,1,0,2025-05-11,2025-05 중순,12.5
122822,삼양사)상쾌환스틱샤인머스캣18g,건강/기호식품,숙취해소제,7,3,11.0,5,2,0,2025-05-16,2025-05 중순,40.0
115301,롯데)허쉬키세스아몬드52g,과자,초콜릿,7,5,11.0,4,1,2,2025-05-11,2025-05 중순,25.0
108831,PB)피스타치오초코쿠키120g,과자,스낵류,9,4,11.0,8,1,0,2025-05-14,2025-05 중순,12.5
201703,동서)TOP마스터라떼380ml,음료,커피음료,7,3,11.0,5,2,0,2025-05-12,2025-05 중순,40.0
201985,쥬맥스)모구모구(요구르트)320ml,음료,주스,7,5,11.0,5,2,0,2025-05-11,2025-05 중순,40.0
062101,칠성)오가닉사과&당근주스125ml,유음료,냉장주스,7,3,11.0,5,2,0,2025-05-11,2025-05 중순,40.0
202715,코카)코카콜라제로제로250ml,음료,탄산음료,7,4,11.0,5,2,0,2025-05-13,2025-05 중순,40.0
132848,삼양)맵탱청양고추대파라면큰컵,면,용기면,10,8,11.0,7,1,1,2025-05-11,2025-05 중순,14.2857
125071,납크릭 버번,양주와인,양주,10,7,11.0,9,0,1,2025-05-12,2025-05 중순,0.0
119184,마즈)이클립스소프트레몬45g,과자,캔디류,7,3,11.0,5,2,0,2025-05-15,2025-05 중순,40.0
091971,돌코리아)후룻바틀황도666g,신선,과일,7,3,11.0,5,2,0,2025-05-12,2025-05 중순,40.0
125501,1865 더블배럴x골프공(형광) 패키지,양주와인,와인,11,11,11.0,11,0,0,2025-05-11,2025-05 중순,0.0
062506,덴마크)드링킹베리믹스275ml,유음료,요구르트,9,4,11.0,6,2,0,2025-05-11,2025-05 중순,33.3333
132170,농심)무파마큰사발면,면,용기면,9,6,11.0,6,2,0,2025-05-11,2025-05 중순,33.3333
061751,빙그레)사이즈업아메리카노350ml,유음료,가공우유,9,2,11.0,6,2,0,2025-05-13,2025-05 중순,33.3333
170813,칭따오퓨어드래프트*24입,맥주,수입맥주,9,5,11.0,8,1,0,2025-05-11,2025-05 중순,12.5
105575,삼립)빚은대박우유찹쌀떡95g,디저트,떡,9,6,11.0,8,1,0,2025-05-13,2025-05 중순,12.5
192647,7P)스트롱사와라임350ml,양주와인,하이볼,11,7,11.0,11,0,0,2025-05-11,2025-05 중순,0.0
123537,9 라이브스 리저브 리슬링 ,양주와인,와인,11,8,11.0,11,0,0,2025-05-11,2025-05 중순,0.0
115052,롯데)후라보노레이디,과자,껌,9,5,11.0,6,2,0,2025-05-12,2025-05 중순,33.3333
600193,크라운)츄러스시나몬애플84g,과자,스낵류,11,6,11.0,8,0,2,2025-05-15,2025-05 중순,0.0
191767,디아)라가불린16년700ml,양주와인,양주,10,9,11.0,9,0,1,2025-05-11,2025-05 중순,0.0
141292,CJ)스팸김치덮밥(컵반),가공식품,가공미반류,10,7,11.0,9,0,1,2025-05-11,2025-05 중순,0.0
105774,PB)카덴카키아게우동228g,냉장,냉장간편식,10,8,11.0,9,0,1,2025-05-11,2025-05 중순,0.0
124431,피치)트위젤미니츄블루베리맛28g,과자,캔디류,7,3,11.0,5,2,0,2025-05-16,2025-05 중순,40.0
124521,카브루)리얼패션후르츠하이볼355ml캔,양주와인,하이볼,9,6,11.0,6,2,0,2025-05-11,2025-05 중순,33.3333
124976,해태)오예스요것이그릭습니다,과자,비스킷류,9,5,11.0,8,1,0,2025-05-11,2025-05 중순,12.5
170954,시원)아오모리사과츄하이350ml,맥주,수입맥주,10,4,11.0,5,2,1,2025-05-11,2025-05 중순,40.0
030392,풀무원)올바른샐러드(콘)100g,미반,샐러드 ,11,6,11.0,9,1,0,2025-05-11,2025-05 중순,11.1111
108659,휴에르)KF94마스크 5입(블랙)_H,약품/의료품,의약외품,9,4,11.0,6,2,0,2025-05-18,2025-05 중순,33.3333
109779,J)플룸X 어드밴스드(블랙),담배,전자담배,10,3,11.0,9,0,1,2025-05-11,2025-05 중순,0.0
202754,코카)환타제로파인355ml캔,음료,탄산음료,10,5,11.0,7,1,1,2025-05-13,2025-05 중순,14.2857
041299,제이탑)NEW달달꿀떡200g,디저트,떡,9,6,11.0,8,1,0,2025-05-11,2025-05 중순,12.5
108660,휴에르)KF94마스크 5입(화이트)_H,약품/의료품,의약외품,7,4,11.0,5,2,0,2025-05-12,2025-05 중순,40.0
124290,훼밀리)사과무케루푸루푸루구미40g,과자,젤리류,7,3,11.0,3,3,0,2025-05-18,2025-05 중순,100.0
133734,종가집)열무김치80g,냉장,냉장간편식,7,5,11.0,5,2,0,2025-05-16,2025-05 중순,40.0
124699,풀무원)아임리얼100레몬140ml,유음료,냉장주스,9,6,11.0,6,2,0,2025-05-14,2025-05 중순,33.3333
109689,화요3종선물세트,전통주,소주,11,11,11.0,11,0,0,2025-05-11,2025-05 중순,0.0
162361,CJ)비비고칩스위트콘40g,안주,스낵안주,9,6,11.0,8,1,0,2025-05-12,2025-05 중순,12.5
124939,엠즈)쫀득라바녹차케이크80g,디저트,냉장베이커리,11,10,11.0,11,0,0,2025-05-13,2025-05 중순,0.0
112929,트롤리)스트로베리키스100g,과자,젤리류,6,4,11.0,3,2,1,2025-05-16,2025-05 중순,66.6667
124145,팔도)볼케이노까르보나라봉지,면,봉지면,9,4,11.0,4,3,0,2025-05-14,2025-05 중순,75.0
125045,농협)25년 한송이 카네이션,서비스 상품,기타,16,12,11.0,12,0,1,2025-05-12,2025-05 중순,0.0
124559,엠즈)유자크림롤80g,디저트,냉장베이커리,8,5,11.0,6,1,1,2025-05-12,2025-05 중순,16.6667
413470,포유)CtoC충전케이블_H,일용잡화,휴대폰/주변기기,11,4,11.0,11,0,0,2025-05-12,2025-05 중순,0.0
073456,PB)닭가슴살리얼바허브80g,냉장,냉장간식,8,7,10.0,6,0,2,2025-05-12,2025-05 중순,0.0
162146,바프)마늘빵아몬드40g,안주,너트류,7,4,10.0,3,2,1,2025-05-11,2025-05 중순,66.6667
202546,쟈뎅)제주청보리차500ml,음료,차음료,6,4,10.0,4,2,0,2025-05-12,2025-05 중순,50.0
124262,맥캘란 25년 셰리오크,양주와인,양주,10,8,10.0,10,0,0,2025-05-11,2025-05 중순,0.0
062314,매일)바리스타아메리카노PET475m,유음료,가공우유,8,4,10.0,5,2,0,2025-05-11,2025-05 중순,40.0
362018,애경)2080 자일리톨치약100g_H,H&B,치약,8,7,10.0,7,1,0,2025-05-11,2025-05 중순,14.2857
153075,훼밀리)엘막라임주스200ml,조미료/건물,소스류,8,5,10.0,5,2,0,2025-05-11,2025-05 중순,40.0
190981,디아)조니워커블랙200ml,양주와인,양주,10,6,10.0,10,0,0,2025-05-13,2025-05 중순,0.0
062258,빙그레)닥터캡슐베리믹스130ml,유음료,요구르트,6,4,10.0,4,2,0,2025-05-13,2025-05 중순,50.0
125042,농협)25년 하이브리드_아이비,서비스 상품,기타,8,5,10.0,5,2,0,2025-05-14,2025-05 중순,40.0
108730,페레로)로쉐바오리지널90g,과자,초콜릿,6,1,10.0,4,2,0,2025-05-13,2025-05 중순,50.0
105859,삼립)미각바닐라카스테라롤128g,빵,간식빵,8,7,10.0,7,1,0,2025-05-11,2025-05 중순,14.2857
190613,골든)골든블루사피루스450ml,양주와인,양주,7,3,10.0,5,1,1,2025-05-11,2025-05 중순,20.0
124541,칠성사이다490ml,음료,탄산음료,8,4,10.0,5,2,0,2025-05-11,2025-05 중순,40.0
150952,빙그레)요맘때딸기70ml,아이스크림,노벨티,9,6,10.0,8,0,1,2025-05-11,2025-05 중순,0.0
124263,롯데상사)생칵테일새우살200g,냉동,신선냉동,7,3,10.0,5,1,1,2025-05-12,2025-05 중순,20.0
202491,동서)스타벅스더블샷바닐라275ml,음료,커피음료,8,5,10.0,7,1,0,2025-05-12,2025-05 중순,14.2857
105478,서주)허쉬토피넛앤초코바90ml,아이스크림,노벨티,7,5,10.0,5,1,1,2025-05-13,2025-05 중순,20.0
108805,롯데)올뉴빅닭강정,미반,푸드 간편식,9,7,10.0,8,0,1,2025-05-12,2025-05 중순,0.0
106025,서주)허쉬초코앤쿠키콘150ml,아이스크림,노벨티,10,6,10.0,6,2,0,2025-05-11,2025-05 중순,33.3333
600345,하리보)골드배렌사우어80g,과자,젤리류,7,6,10.0,5,1,1,2025-05-11,2025-05 중순,20.0
030507,사조)한입피자콤비네이션80g,간식,냉장피자,10,4,10.0,7,0,2,2025-05-12,2025-05 중순,0.0
062428,매일)어메이징오트오리지널190ml,유음료,기능성우유,8,6,10.0,7,1,0,2025-05-11,2025-05 중순,14.2857
192628,메타)레벨스트레이트버번750ml,양주와인,양주,8,4,10.0,7,1,0,2025-05-11,2025-05 중순,14.2857
125020,농협)25년 모던스퀘어 생화카네이션,서비스 상품,기타,10,7,10.0,6,2,0,2025-05-11,2025-05 중순,33.3333
132649,오뚜기)크림진짬뽕큰컵,면,용기면,8,7,10.0,7,1,0,2025-05-11,2025-05 중순,14.2857
123360,까레 띤또 소브레 리아스,양주와인,와인,8,6,10.0,7,1,0,2025-05-11,2025-05 중순,14.2857
391102,깨끗한)디어스킨리얼모달대형14P,위생용품,생리대,8,5,10.0,7,1,0,2025-05-12,2025-05 중순,14.2857
117583,롯데)야채크래커83g,과자,비스킷류,6,3,10.0,4,2,0,2025-05-11,2025-05 중순,50.0
107244,오리온)오감자어니언50g,과자,스낵류,8,2,10.0,3,3,0,2025-05-14,2025-05 중순,100.0
121686,PB) NEW둥굴레차25입,건강/기호식품,차,6,2,10.0,4,2,0,2025-05-11,2025-05 중순,50.0
402053,동아)윙크001콘돔(3입)_H,약품/의료품,의약외품,8,1,10.0,5,2,0,2025-05-17,2025-05 중순,40.0
123985,다카라 시마네 샤인머스켓(여름추천),전통주,기타전통주,6,4,10.0,3,1,2,2025-05-12,2025-05 중순,33.3333
202145,OKF)옐로우스무디350ml,음료,주스,8,2,10.0,5,2,0,2025-05-16,2025-05 중순,40.0
104203,롯데)C박스,과자,캔디류,6,2,10.0,4,2,0,2025-05-20,2025-05 중순,50.0
053178,매콤후랑크꼬치,즉석 식품,즉석치킨,7,3,10.0,3,2,1,2025-05-11,2025-05 중순,66.6667
105702,오츠카)포카리스웨트340ml캔,음료,스포츠음료,6,3,10.0,4,2,0,2025-05-11,2025-05 중순,50.0
201504,광동)대추쌍화150ml,음료,기능성드링크,6,3,10.0,4,2,0,2025-05-13,2025-05 중순,50.0
132169,농심)오징어짬뽕큰사발,면,용기면,7,4,10.0,5,1,1,2025-05-13,2025-05 중순,20.0
108760,롯데)빅블랙페퍼마요불고기버거,조리빵,햄버거,8,3,10.0,5,2,0,2025-05-11,2025-05 중순,40.0
181017,선양)선양소주360ml병,전통주,소주,10,3,10.0,10,0,0,2025-05-11,2025-05 중순,0.0
107132,G)보바티딸기복숭아320ml,음료,차음료,8,7,10.0,7,1,0,2025-05-11,2025-05 중순,14.2857
201104,동서)레드불에너지250ml,음료,기능성드링크,6,4,10.0,4,2,0,2025-05-11,2025-05 중순,50.0
108445,돌코리아)후룻볼파인애플(113g),신선,과일,8,6,10.0,7,1,0,2025-05-11,2025-05 중순,14.2857
200539,51-03_페르)로얄살루트21년500ml,양주와인,양주,10,9,10.0,10,0,0,2025-05-11,2025-05 중순,0.0
109946,아벨라워아부나흐 700ml,양주와인,양주,11,10,10.0,9,0,1,2025-05-11,2025-05 중순,0.0
105855,하바네로매콤닭다리,즉석 식품,즉석치킨(삭제예정),10,7,10.0,8,1,0,2025-05-11,2025-05 중순,12.5
073277,대림)숯불구이후랑크커플140g,냉장,냉장간식,10,2,10.0,10,0,0,2025-05-11,2025-05 중순,0.0
106114,매크로)하이츄사우어(자몽맛),과자,캔디류,6,3,10.0,4,2,0,2025-05-11,2025-05 중순,50.0
107669,K리그)산리오캐리어(쿠로미),과자,캔디류,8,5,10.0,6,0,2,2025-05-11,2025-05 중순,0.0
141055,CJ)스팸마요덮밥(컵반),가공식품,가공미반류,9,7,10.0,6,1,1,2025-05-11,2025-05 중순,16.6667
124747,빙그레)요맘때콘레인보우150ml,아이스크림,노벨티,7,6,10.0,5,1,1,2025-05-11,2025-05 중순,20.0
062359,이디야)돌체콜드브루300ml,유음료,컵커피,8,7,10.0,7,1,0,2025-05-11,2025-05 중순,14.2857
062392,비알)민트초코우유190ml,유음료,가공우유,6,2,10.0,4,2,0,2025-05-12,2025-05 중순,50.0
073587,PB)김치짜글이480g,냉장,냉장간편식,10,6,10.0,10,0,0,2025-05-14,2025-05 중순,0.0
124705,롯데)초코우유크림소금빵120g,디저트,냉장베이커리,10,6,10.0,10,0,0,2025-05-12,2025-05 중순,0.0
191020,산토리)짐빔200ml,양주와인,양주,11,8,10.0,9,0,1,2025-05-11,2025-05 중순,0.0
354097,센카퍼펙트휩클렌징폼40g_H,미용/화장품,여성화장품,5,1,10.0,2,2,1,2025-05-19,2025-05 중순,100.0
107030,MQ)프로틴바K카라멜&넛,과자,프로틴/시리얼,6,1,10.0,4,2,0,2025-05-15,2025-05 중순,50.0
191546,다크호스 브뤼750ml,양주와인,와인,9,8,10.0,8,0,1,2025-05-12,2025-05 중순,0.0
106930,팔도)비락식혜제로238ml,음료,전통음료,9,4,10.0,6,1,1,2025-05-15,2025-05 중순,16.6667
124714,모나미)신신에어파스EX 200ml,약품/의료품,의약외품,8,2,10.0,5,2,0,2025-05-11,2025-05 중순,40.0
123534,블루넌 블루 에디션,양주와인,와인,7,5,10.0,5,1,1,2025-05-11,2025-05 중순,20.0
200951,칠성)레쓰비모카라떼200ml,음료,커피음료,6,1,10.0,4,2,0,2025-05-19,2025-05 중순,50.0
073125,하림)닭가슴살블랙페퍼100g,냉장,냉장간식,13,9,10.0,8,1,1,2025-05-11,2025-05 중순,12.5
030219,CJ)모닝두부2000,신선,야채,12,9,10.0,9,1,0,2025-05-11,2025-05 중순,11.1111
124947,삼립)끼리딸기크림치즈슈60g,디저트,냉장베이커리,7,4,10.0,5,1,1,2025-05-14,2025-05 중순,20.0
107214,동아)모닝케어간솔루션젤리스틱15g,건강/기호식품,건강/이너뷰티,7,2,10.0,5,1,1,2025-05-11,2025-05 중순,20.0
815099,싸다고)자연퐁솔잎 1.18L(리필)_H,가정용품,세제류,8,4,10.0,5,2,0,2025-05-11,2025-05 중순,40.0
109154,하림)매움주의장인라면봉지2입,면,봉지면,10,8,10.0,10,0,0,2025-05-12,2025-05 중순,0.0
150970,롯데)구구크러스터660ml,아이스크림,홈타입,10,5,10.0,8,1,0,2025-05-11,2025-05 중순,12.5
107785,동아)모닝케어프레스온(위),음료,기능성드링크,6,2,10.0,4,2,0,2025-05-13,2025-05 중순,50.0
115507,카발란 솔리스트 쉐리,양주와인,양주,9,8,10.0,8,0,1,2025-05-11,2025-05 중순,0.0
061634,매일)바리스타블랙325ml,유음료,컵커피,6,1,10.0,4,2,0,2025-05-16,2025-05 중순,50.0
124246,라포스톨 끌로 아팔타,양주와인,와인,10,10,10.0,10,0,0,2025-05-11,2025-05 중순,0.0
128123,세븐팜)소백산세척사과(1입),신선,과일,8,4,10.0,7,1,0,2025-05-11,2025-05 중순,14.2857
093722,세븐팜)깐양파2입,신선,야채,8,2,10.0,5,2,0,2025-05-16,2025-05 중순,40.0
106464,MDS)NEW투움바파스타230g,간식,냉장피자,8,4,10.0,7,1,0,2025-05-11,2025-05 중순,14.2857
105645,웅진)애플셔벗에이드제로500ml,음료,주스,8,4,10.0,7,1,0,2025-05-13,2025-05 중순,14.2857
170423,오비)스텔라아르투아330ml캔,맥주,수입맥주,8,3,10.0,7,1,0,2025-05-11,2025-05 중순,14.2857
600898,오리온)무뚝뚝고구마56g,과자,스낵류,9,7,10.0,8,0,1,2025-05-11,2025-05 중순,0.0
070212,칠성)콜드포도250ml,유음료,냉장주스,6,4,10.0,4,2,0,2025-05-14,2025-05 중순,50.0
170691,배민)굿기분좋은맥주500ml캔,맥주,국산맥주,7,4,10.0,5,1,1,2025-05-13,2025-05 중순,20.0
107735,K리그)산리오여행용티슈70매,위생용품,티슈,9,5,10.0,6,1,1,2025-05-11,2025-05 중순,16.6667
107543,유앤)한입허니꽈배기450g,과자,스낵류,6,3,10.0,4,2,0,2025-05-17,2025-05 중순,50.0
161739,PB)오늘의견과25g,안주,너트류,12,2,10.0,9,1,0,2025-05-11,2025-05 중순,11.1111
370362,깨끗한)깨끗한나라물티슈30,위생용품,티슈,6,2,10.0,4,2,0,2025-05-19,2025-05 중순,50.0
202596,칠성)펩시콜라제로1.5L,음료,탄산음료,8,6,10.0,7,1,0,2025-05-14,2025-05 중순,14.2857
107479,PB)빵빵이의떡볶이~!(보통맛),냉장,냉장간편식,10,8,10.0,10,0,0,2025-05-13,2025-05 중순,0.0
123378,파고 아일레스 세렌디피아 샤르도네,양주와인,와인,10,10,10.0,10,0,0,2025-05-11,2025-05 중순,0.0
161487,PB)우리맛밤70g,안주,농산안주,8,3,10.0,5,2,0,2025-05-12,2025-05 중순,40.0
072821,대림)매콤함에꼬치다90g,냉장,냉장간식,9,7,10.0,8,0,1,2025-05-14,2025-05 중순,0.0
123296,해태)가루비감자칩야키니쿠맛55g,과자,스낵류,8,4,10.0,5,2,0,2025-05-13,2025-05 중순,40.0
108516,하이포크)한돈목살300g,냉동,신선냉동,6,3,10.0,4,2,0,2025-05-12,2025-05 중순,50.0
109955,로얄살루트 21년 마이애미 폴로 에디션 700ml,양주와인,양주,10,8,10.0,7,0,2,2025-05-12,2025-05 중순,0.0
121971,동서)맥심화이트골드50입,건강/기호식품,커피,10,6,10.0,8,1,0,2025-05-12,2025-05 중순,12.5
114481,동서)오레오웨하스초코(5입),과자,비스킷류,9,6,10.0,6,1,1,2025-05-11,2025-05 중순,16.6667
123547,크라켄블랙스파이스럼,양주와인,양주,10,9,10.0,10,0,0,2025-05-11,2025-05 중순,0.0
124526,오마르셰리캐스크700ml,양주와인,양주,10,7,10.0,10,0,0,2025-05-12,2025-05 중순,0.0
162063,한양)꽃보다오징어소프트160g,안주,오징어,8,3,10.0,7,1,0,2025-05-11,2025-05 중순,14.2857
200842,칠성)쌕쌕오렌지240ml,음료,주스,8,6,10.0,7,1,0,2025-05-11,2025-05 중순,14.2857
106978,롯데)꼬마꿀호떡125g,빵,간식빵,6,3,10.0,4,2,0,2025-05-13,2025-05 중순,50.0
191941,미스티코브 소비뇽블랑,양주와인,와인,8,7,10.0,7,1,0,2025-05-13,2025-05 중순,14.2857
113166,돈훌리오 1942 750ml,양주와인,양주,8,8,9.0,7,0,1,2025-05-11,2025-05 중순,0.0
132351,PB)동원고추참치라면,면,용기면,7,3,9.0,6,1,0,2025-05-12,2025-05 중순,16.6667
180201,오비)카스큐팩1L,맥주,국산맥주,5,2,9.0,3,2,0,2025-05-13,2025-05 중순,66.6667
191288,리커)산밸리까베네쇼비뇽750ml,양주와인,와인,7,6,9.0,6,1,0,2025-05-11,2025-05 중순,16.6667
600914,이멕스)헬로키티껌27g,과자,껌,7,3,9.0,4,2,0,2025-05-11,2025-05 중순,50.0
123955,랩노쉬)프로틴파인트더블초코474ml,아이스크림,고급,9,5,9.0,7,1,0,2025-05-11,2025-05 중순,14.2857
107749,PB)백미밥210g,가공식품,가공미반류,6,3,9.0,4,1,1,2025-05-12,2025-05 중순,25.0
081445,CJ)얼큰우동221g(큰컵),냉장,냉장간편식,5,2,9.0,3,2,0,2025-05-13,2025-05 중순,66.6667
030329,풀무원)올바른샐러드고구마100g,간식,샐러드(삭제예정),7,3,9.0,6,1,0,2025-05-16,2025-05 중순,16.6667
114021,롯데)가나밀크2800,과자,초콜릿,5,3,9.0,3,2,0,2025-05-12,2025-05 중순,66.6667
061660,매일)두유99.89 190ml,유음료,두유,8,6,9.0,5,1,1,2025-05-14,2025-05 중순,20.0
124240,P)아이코스 일루마i(브리즈블루),담배,전자담배,7,5,9.0,6,1,0,2025-05-12,2025-05 중순,16.6667
601294,농심)린도볼밀크3P,과자,초콜릿,9,4,9.0,6,0,2,2025-05-11,2025-05 중순,0.0
133738,CJ)비비고썰은김치100g,냉장,냉장간편식,7,3,9.0,4,2,0,2025-05-11,2025-05 중순,50.0
125622,간바레오또상900ml(2입),전통주,기타전통주,7,5,9.0,5,0,2,2025-05-18,2025-05 중순,0.0
141022,CJ)햇반매일잡곡밥210g,가공식품,가공미반류,7,3,9.0,4,2,0,2025-05-11,2025-05 중순,50.0
124623,에이스)브릭벽돌초콜릿50g,과자,초콜릿,9,5,9.0,7,1,0,2025-05-12,2025-05 중순,14.2857
191267,레뱅드)로쉐마제쇼비뇽블랑250ml,양주와인,와인,9,8,9.0,9,0,0,2025-05-11,2025-05 중순,0.0
202501,광동)유자쌍화150ml,음료,전통음료,7,1,9.0,4,2,0,2025-05-17,2025-05 중순,50.0
117150,롯데)도리토스갈비천왕84g,과자,스낵류,9,5,9.0,7,1,0,2025-05-17,2025-05 중순,14.2857
101219,예스)지렁이젤리샤우워,과자,젤리류,6,3,9.0,2,2,1,2025-05-14,2025-05 중순,100.0
190975,산토리)호로요이피치350ml캔,양주와인,리쿼,7,6,9.0,6,1,0,2025-05-11,2025-05 중순,16.6667
123642,삼경)필러즈미스터리큐브46g,과자,젤리류,5,3,9.0,3,2,0,2025-05-11,2025-05 중순,66.6667
111380,네슬레)킷캣산타,과자,초콜릿,8,3,9.0,5,1,1,2025-05-11,2025-05 중순,20.0
105419,7P)블랙페퍼라이스크래커,과자,스낵류,8,4,9.0,7,0,1,2025-05-11,2025-05 중순,0.0
390058,유한)유한락스1L_H,가정용품,세제류,5,2,9.0,3,2,0,2025-05-12,2025-05 중순,66.6667
372231,롯알)환경을생각하는종이컵30입,가정용품,행락용품,5,3,9.0,3,2,0,2025-05-12,2025-05 중순,66.6667
106867,삼양)맵탱청양고추대파라면봉지,면,봉지면,9,4,9.0,7,1,0,2025-05-16,2025-05 중순,14.2857
105682,CJ)작은햇반흑미밥130g,가공식품,가공미반류,6,3,9.0,4,1,1,2025-05-12,2025-05 중순,25.0
106110,코카)코카콜라350ml캔,음료,탄산음료,5,3,9.0,3,2,0,2025-05-12,2025-05 중순,66.6667
124786,천하)구카누가필링크래커100g,과자,비스킷류,9,4,9.0,5,2,0,2025-05-14,2025-05 중순,40.0
072631,한성)몬스터크랩72g,냉장,냉장간식,8,5,9.0,3,2,1,2025-05-11,2025-05 중순,66.6667
401382,모나미)신신파프 쿨(5입)_H,약품/의료품,의약외품,5,2,9.0,3,2,0,2025-05-16,2025-05 중순,66.6667
105304,칠성)칸타타헤이즐넛320ml,즉석음료,파우치,5,2,9.0,3,2,0,2025-05-17,2025-05 중순,66.6667
412129,PB)4구1.5M멀티탭_H,일용잡화,전기용품,6,3,9.0,4,1,1,2025-05-16,2025-05 중순,25.0
123815,1키키쿼카)아크릴키링,과자,캔디류,10,6,9.0,6,1,1,2025-05-11,2025-05 중순,16.6667
123936,펜폴즈 빈 798 RWT 쉬라즈 (뱀띠 에디션),양주와인,와인,9,8,9.0,9,0,0,2025-05-11,2025-05 중순,0.0
123352,발레벨보 브라께또 NV,양주와인,와인,8,7,9.0,7,0,1,2025-05-11,2025-05 중순,0.0
060847,빙그레)아카페라바닐라라떼240ml,유음료,가공우유,5,2,9.0,3,2,0,2025-05-14,2025-05 중순,66.6667
105229,깨끗한)생분해물티슈에코70매(캡),위생용품,티슈,7,6,9.0,6,1,0,2025-05-14,2025-05 중순,16.6667
123264,위스트)미스터브라우니(벨지안초코칩)50g,과자,비스킷류,5,3,9.0,3,2,0,2025-05-14,2025-05 중순,66.6667
105919,LG)고농축아우라1L(프레시릴리)_H,가정용품,세제류,7,3,9.0,6,1,0,2025-05-11,2025-05 중순,16.6667
413277,PJ)비프야채(반려견)_H,일용잡화,반려동물용품,7,2,9.0,4,2,0,2025-05-11,2025-05 중순,50.0
141726,휴드)세븐틴매콤달콤떡볶이,가공식품,가공미반류,9,6,9.0,9,0,0,2025-05-12,2025-05 중순,0.0
202676,엠탑)아톰에너지파워업제로355ml,음료,기능성드링크,9,8,9.0,9,0,0,2025-05-11,2025-05 중순,0.0
109331,미성)피니과일모양껌20g,과자,껌,5,1,9.0,3,2,0,2025-05-12,2025-05 중순,66.6667
202207,해태)갈배사이다500ml,음료,탄산음료,5,3,9.0,3,2,0,2025-05-14,2025-05 중순,66.6667
831484, 제스)킷캣아이스크림스틱,아이스크림,노벨티,7,4,9.0,6,1,0,2025-05-12,2025-05 중순,16.6667
360459,해외)003콘돔3입_H,약품/의료품,의약외품,7,4,9.0,6,1,0,2025-05-12,2025-05 중순,16.6667
220027,"오뚜기)카레(약,매)100g",가공식품,상온간편식,5,2,9.0,3,2,0,2025-05-14,2025-05 중순,66.6667
141529,CJ)컵반철판김치덮밥,가공식품,가공미반류,5,2,9.0,3,2,0,2025-05-16,2025-05 중순,66.6667
162135,경진)빅꾸이맨60g,안주,생선류,5,2,9.0,3,2,0,2025-05-12,2025-05 중순,66.6667
107452,PB)불불나쵸칩70g,과자,스낵류,8,4,9.0,5,1,1,2025-05-11,2025-05 중순,20.0
162273,써라클)빼빼롱오징어다리,안주,오징어,5,1,9.0,3,2,0,2025-05-16,2025-05 중순,66.6667
124553,빙그레)딥앤로우저당소프트멜론160ml,아이스크림,노벨티,9,9,9.0,9,0,0,2025-05-11,2025-05 중순,0.0
413525,동원)뉴트리스틱(참치닭가슴살)_H,일용잡화,반려동물용품,7,5,9.0,6,1,0,2025-05-11,2025-05 중순,16.6667
071897,롯데)에센뽀득2입140g,냉장,냉장간식,7,1,9.0,4,2,0,2025-05-14,2025-05 중순,50.0
109054,B)글로 하이퍼(코발트블루),담배,전자담배,9,4,9.0,9,0,0,2025-05-13,2025-05 중순,0.0
108969,올덴)화롯불 핫팩 메가형_H,약품/의료품,의약외품,9,7,9.0,9,0,0,2025-05-11,2025-05 중순,0.0
601561,미스티)산리오마이캘린더10g,과자,캔디류,8,3,9.0,7,0,1,2025-05-11,2025-05 중순,0.0
180801,대선)대선소주640ml페트,전통주,소주,7,2,9.0,4,2,0,2025-05-17,2025-05 중순,50.0
160135,코카)환타오렌지1.5L,음료,탄산음료,5,2,9.0,3,2,0,2025-05-17,2025-05 중순,66.6667
382317,남영)비비안압박스타킹(누드)_H,패션잡화,스타킹,7,4,9.0,6,1,0,2025-05-11,2025-05 중순,16.6667
107670,K리그산리오)머플러(한교동),패션잡화,시즌/소품,6,3,9.0,4,1,1,2025-05-13,2025-05 중순,25.0
123676,바이엔슈테판 둔켈(12입),맥주,수입맥주,8,7,9.0,7,0,1,2025-05-12,2025-05 중순,0.0
053325,마일드숯불닭꼬치,즉석 식품,즉석치킨,7,5,9.0,6,1,0,2025-05-13,2025-05 중순,16.6667
070793,남양)불가리스사과150ml,유음료,요구르트,5,2,9.0,3,2,0,2025-05-13,2025-05 중순,66.6667
109695,글렌피딕12년쉐리700ml,양주와인,양주,9,6,9.0,7,1,0,2025-05-19,2025-05 중순,14.2857
391146,LG)쏘피안심숙면팬티4P(M),위생용품,생리대,9,6,9.0,7,1,0,2025-05-11,2025-05 중순,14.2857
107668,K리그)산리오캐리어(마이멜로디),과자,캔디류,9,5,9.0,7,1,0,2025-05-11,2025-05 중순,14.2857
601159,롯데)꼬깔콘매콤달콤(대),과자,스낵류,9,9,9.0,9,0,0,2025-05-12,2025-05 중순,0.0
141635,PB)머쉬룸스프25g,가공식품,상온간편식,7,5,9.0,3,1,2,2025-05-12,2025-05 중순,33.3333
107744,PB)스파클링워터레몬500ml,음료,생수,7,2,9.0,6,1,0,2025-05-11,2025-05 중순,16.6667
124688,삼립)주종발효초코크림소보루85g,빵,간식빵,7,6,9.0,6,1,0,2025-05-11,2025-05 중순,16.6667
150637,하겐)컵마카다미아,아이스크림,고급,5,2,9.0,3,2,0,2025-05-14,2025-05 중순,66.6667
191203,나라)몬테스알파까베르네쇼비뇽7,양주와인,와인,8,4,9.0,7,0,1,2025-05-11,2025-05 중순,0.0
124418,매크로)레옹사우어비타민C자몽젤리80g,과자,젤리류,7,3,9.0,6,1,0,2025-05-15,2025-05 중순,16.6667
124800,MDS)딸기크림고구마무스100g,디저트,냉장베이커리,9,9,9.0,9,0,0,2025-05-11,2025-05 중순,0.0
202438,동원)아이스티(레몬)500ml,음료,차음료,9,5,9.0,5,2,0,2025-05-11,2025-05 중순,40.0
123286,디카이퍼 그레이프후르트700ml,양주와인,양주,8,5,9.0,7,0,1,2025-05-11,2025-05 중순,0.0
107085,K리그산리오)면티셔츠95,패션잡화,시즌/소품,6,6,9.0,3,0,3,2025-05-11,2025-05 중순,0.0
124310,우드포드 리저브 버번 750ml,양주와인,양주,9,9,9.0,9,0,0,2025-05-11,2025-05 중순,0.0
180954,서주감자술13도300ml*3입,전통주,기타전통주,6,4,9.0,4,1,1,2025-05-11,2025-05 중순,25.0
115821,일신)쥬시드롭팝캔디4000,과자,캔디류,5,1,9.0,3,2,0,2025-05-17,2025-05 중순,66.6667
162025,머거본)꿀땅콩70g,안주,너트류,5,3,9.0,3,2,0,2025-05-11,2025-05 중순,66.6667
105131,PB)허니복숭아에이드230ml,즉석음료,파우치,5,3,9.0,3,2,0,2025-05-14,2025-05 중순,66.6667
109941,발렌타인15년 글렌버기 700ml,양주와인,양주,8,8,9.0,7,0,1,2025-05-11,2025-05 중순,0.0
161616,샘표)질러크레이지핫육포30g,안주,육포,7,5,9.0,6,1,0,2025-05-11,2025-05 중순,16.6667
153108,동원)더바삭한김5g,조미료/건물,건해산물,7,4,9.0,4,2,0,2025-05-11,2025-05 중순,50.0
152151,오뚜기)사과식초500ml,조미료/건물,소스류,5,3,9.0,3,2,0,2025-05-11,2025-05 중순,66.6667
071985,롯데)의성마늘빅프랑크90g,냉장,냉장간식,7,5,9.0,6,1,0,2025-05-13,2025-05 중순,16.6667
123956,랩노쉬)프로틴파인트피넛버터474ml,아이스크림,고급,6,4,9.0,4,1,1,2025-05-16,2025-05 중순,25.0
202708,동서)스타벅스셀렉트바닐라300,음료,커피음료,5,3,9.0,3,2,0,2025-05-12,2025-05 중순,66.6667
122438,이노엔)컨디션스틱그린애플,건강/기호식품,숙취해소제,7,6,9.0,6,1,0,2025-05-13,2025-05 중순,16.6667
111896,MZ)토블론밀크,과자,초콜릿,6,2,9.0,4,1,1,2025-05-16,2025-05 중순,25.0
362571,LG)핑크솔트바디워시200ml_H,H&B,화장비누/바디클렌저,7,3,9.0,4,2,0,2025-05-12,2025-05 중순,50.0
125599,조정식)탐나는 인재 티셔츠_L,패션잡화,시즌/소품,9,9,9.0,9,0,0,2025-05-17,2025-05 중순,0.0
105814,G)탑젤리(망고맛)80g,과자,젤리류,5,3,9.0,3,2,0,2025-05-11,2025-05 중순,66.6667
390263,유한)펑크린_H,가정용품,세제류,5,3,9.0,3,2,0,2025-05-13,2025-05 중순,66.6667
601115,PB)을지로약과팝콘80g,과자,스낵류,7,7,9.0,5,0,2,2025-05-14,2025-05 중순,0.0
170422,에이이)페로니500ml캔,맥주,수입맥주,7,3,9.0,6,1,0,2025-05-14,2025-05 중순,16.6667
109913,토마스파클링(12입),양주와인,와인,9,9,9.0,9,0,0,2025-05-12,2025-05 중순,0.0
181085,롯데)로제청하스파클링295ml병,전통주,기타전통주,7,3,9.0,6,1,0,2025-05-11,2025-05 중순,16.6667
805226,코카)환타파인애플600ml,음료,탄산음료,5,2,9.0,3,2,0,2025-05-13,2025-05 중순,66.6667
061126,남양)딸기에몽180ml,유음료,가공우유,7,4,9.0,6,1,0,2025-05-13,2025-05 중순,16.6667
162047,썬푸드)바베큐오징어30g,안주,오징어,8,7,9.0,7,0,1,2025-05-11,2025-05 중순,0.0
108739,티젠)푸룬쏙50G,건강/기호식품,건강/이너뷰티,8,6,9.0,7,0,1,2025-05-14,2025-05 중순,0.0
123138,하리보)계란프라이모양젤리80g,과자,젤리류,7,5,9.0,4,2,0,2025-05-13,2025-05 중순,50.0
124627,켈로그)그래놀라넛츠앤씨드220g,과자,비스킷류,7,5,9.0,6,1,0,2025-05-11,2025-05 중순,16.6667
124513,우진)루체 21 750ml,양주와인,와인,9,6,9.0,6,0,2,2025-05-13,2025-05 중순,0.0
240032,오뚜기)소형케찹65g,조미료/건물,소스류,7,3,9.0,4,2,0,2025-05-13,2025-05 중순,50.0
124630,투데이)무이티케이크마시멜로6입,과자,비스킷류,7,2,9.0,4,2,0,2025-05-11,2025-05 중순,50.0
111616,롯데)해바라기초코볼30g,과자,초콜릿,7,3,9.0,6,1,0,2025-05-11,2025-05 중순,16.6667
109147,SAMG)하츄핑비밀캔디리치맛,과자,캔디류,9,5,9.0,7,1,0,2025-05-11,2025-05 중순,14.2857
240309,오뚜기)연와사비35g,조미료/건물,조미료,5,3,9.0,3,2,0,2025-05-17,2025-05 중순,66.6667
202646,코카)닥터페퍼제로355ml,음료,탄산음료,8,4,9.0,7,0,1,2025-05-12,2025-05 중순,0.0
201424,농심)백산수2L,음료,생수,5,2,9.0,3,2,0,2025-05-13,2025-05 중순,66.6667
124466,칠성)칸타타헤이즐넛500ml,즉석음료,파우치,5,2,9.0,3,2,0,2025-05-13,2025-05 중순,66.6667
124628,하늘)브라우니약과60g,과자,비스킷류,9,3,9.0,7,1,0,2025-05-18,2025-05 중순,14.2857
141728,PB)진한사골곰탕(컵),가공식품,상온간편식,9,5,9.0,7,1,0,2025-05-11,2025-05 중순,14.2857
073607,PB)마이멜로디로제치즈떡볶이193,냉장,냉장간편식,9,5,9.0,7,1,0,2025-05-13,2025-05 중순,14.2857
124417,매크로)레옹사우어비타민c레몬젤리80g,과자,젤리류,7,5,9.0,6,1,0,2025-05-12,2025-05 중순,16.6667
115411,달모어 12년 700ml,양주와인,양주,7,7,9.0,5,0,2,2025-05-12,2025-05 중순,0.0
107170,PB)무팁머리끈(블랙)_H,미용/화장품,미용소품,7,5,9.0,6,1,0,2025-05-16,2025-05 중순,16.6667
601042,일신)쥬시드롭디퍼즈96g,과자,젤리류,7,5,9.0,6,1,0,2025-05-11,2025-05 중순,16.6667
081795,로투스)벨기에와플50g,빵,구움과자,7,5,9.0,6,1,0,2025-05-13,2025-05 중순,16.6667
107331,엠즈)에비스350ml캔(6입),맥주,수입맥주,10,2,9.0,8,0,1,2025-05-16,2025-05 중순,0.0
170082,광동)비타500 100ml병,음료,기능성드링크,7,5,9.0,6,1,0,2025-05-16,2025-05 중순,16.6667
361340,애경)프리미엄여행용세트_H,H&B,여행용상품,5,1,9.0,3,2,0,2025-05-19,2025-05 중순,66.6667
180863,명인안동소주22도360ml*3,전통주,소주,6,3,9.0,4,1,1,2025-05-14,2025-05 중순,25.0
150809,나뚜루) 초코컵,아이스크림,고급,5,2,9.0,3,2,0,2025-05-14,2025-05 중순,66.6667
050366,뚜또)후르츠믹스230g,디저트,젤리,5,2,9.0,3,2,0,2025-05-20,2025-05 중순,66.6667
124045,해태)자유시간쿠키앤티라미수,과자,초콜릿,7,3,9.0,4,2,0,2025-05-16,2025-05 중순,50.0
181079,서울탁)월매막걸리1L,전통주,막걸리,7,2,9.0,4,2,0,2025-05-14,2025-05 중순,50.0
391114,유한)좋은느낌울트라날개소18P,위생용품,생리대,9,2,9.0,5,2,0,2025-05-11,2025-05 중순,40.0
109911,연태아사간열500ml(2입),전통주,기타전통주,8,6,9.0,7,0,1,2025-05-13,2025-05 중순,0.0
123873,더 글렌그란트 15년,양주와인,양주,6,4,9.0,4,1,1,2025-05-12,2025-05 중순,25.0
124731,서주)허쉬이그조틱다크,아이스크림,노벨티,7,6,9.0,6,1,0,2025-05-13,2025-05 중순,16.6667
200740,웅진)자연은프리미엄세트,음료,선물세트,6,3,9.0,4,1,1,2025-05-11,2025-05 중순,25.0
123234,하이네켄500ml캔(24입),맥주,수입맥주,7,4,9.0,6,1,0,2025-05-11,2025-05 중순,16.6667
061852,동원)쿨피스복숭아180ml,유음료,냉장주스,8,3,8.0,5,0,2,2025-05-12,2025-05 중순,0.0
117359,롯데)구미당기는구미70g,과자,젤리류,6,1,8.0,3,2,0,2025-05-20,2025-05 중순,66.6667
413049,동원)뉴트리흰살참치연어(애묘)_H,일용잡화,반려동물용품,6,3,8.0,5,1,0,2025-05-11,2025-05 중순,20.0
112413,PB)오가다대추쌍화280ml,음료,전통음료,8,8,8.0,8,0,0,2025-05-11,2025-05 중순,0.0
123348,얄리 1881 싱글 레세르바 까베르네 소비뇽,양주와인,와인,5,2,8.0,3,1,1,2025-05-11,2025-05 중순,33.3333
191238,조닌프로세코750ml,양주와인,와인,8,7,8.0,8,0,0,2025-05-11,2025-05 중순,0.0
062034,서울)흰우유300ml,유음료,흰우유,6,5,8.0,5,1,0,2025-05-11,2025-05 중순,20.0
421337,모나미)쇼핑백(중)(블랙)_H,문구/완구,기타문구,8,3,8.0,8,0,0,2025-05-12,2025-05 중순,0.0
601574,오리온)핫브레이크오리지널45g,과자,초콜릿,6,3,8.0,3,2,0,2025-05-13,2025-05 중순,66.6667
180035,오비)카스355ml캔,맥주,국산맥주,8,5,8.0,6,1,0,2025-05-13,2025-05 중순,16.6667
210878,하겐)스위트러브케익755g,아이스크림,고급,6,2,8.0,5,1,0,2025-05-14,2025-05 중순,20.0
104653,롯데)허쉬쿠키앤크림화이트40g,과자,초콜릿,8,5,8.0,6,1,0,2025-05-12,2025-05 중순,16.6667
123681,키쿠스이 카라구치,전통주,기타전통주,8,6,8.0,8,0,0,2025-05-11,2025-05 중순,0.0
201812,웅진)꿀먹은헛개180ml,음료,전통음료,6,2,8.0,5,1,0,2025-05-16,2025-05 중순,20.0
108412,고운벗)워즈로프구미21g,과자,젤리류,6,3,8.0,5,1,0,2025-05-13,2025-05 중순,20.0
124299,옥토모어 15.2 700ml,양주와인,양주,5,4,8.0,3,1,1,2025-05-11,2025-05 중순,33.3333
170398,오비)new카프리330ml병,맥주,국산맥주,8,5,8.0,6,1,0,2025-05-13,2025-05 중순,16.6667
062592,PB)헬로맨바닐라라떼320ml,유음료,컵커피,6,4,8.0,5,1,0,2025-05-13,2025-05 중순,20.0
371760,피죤)스프레이80ml(미스틱레인)_H,가정용품,방향제,8,5,8.0,6,1,0,2025-05-11,2025-05 중순,16.6667
117286,MZ)밀카밀크초코렛100g,과자,초콜릿,6,4,8.0,5,1,0,2025-05-11,2025-05 중순,20.0
220047,동원)라이트참치100g,가공식품,캔,4,2,8.0,2,2,0,2025-05-13,2025-05 중순,100.0
123359,알타비스타 비베 스위트 스파클링 NV,양주와인,와인,7,7,8.0,6,0,1,2025-05-13,2025-05 중순,0.0
108594,대상)안주야소곱창볶음한판200g,냉동,조리냉동,7,3,8.0,6,0,1,2025-05-15,2025-05 중순,0.0
105708,아미)얼음컵(레귤러),즉석음료,얼음,7,4,8.0,4,1,1,2025-05-15,2025-05 중순,25.0
180265,한국술)국순당생막걸리750ml,전통주,막걸리,7,4,8.0,6,0,1,2025-05-11,2025-05 중순,0.0
132109,PB)김치쏭쏭칼국수,면,용기면,8,2,8.0,4,2,0,2025-05-14,2025-05 중순,50.0
211136,하겐)그린티아몬드바80ml,아이스크림,고급,6,5,8.0,4,0,2,2025-05-11,2025-05 중순,0.0
083548,삼립)크림치즈휘낭시에(8입),빵,구움과자,8,5,8.0,8,0,0,2025-05-12,2025-05 중순,0.0
125046,선우)25년 한송이 장미,서비스 상품,기타,6,2,8.0,5,1,0,2025-05-14,2025-05 중순,20.0
124792,유앤)한입땅콩꽈배기g,과자,스낵류,6,5,8.0,5,1,0,2025-05-12,2025-05 중순,20.0
071697,롯데)의성마늘2입140g,냉장,냉장간식,4,2,8.0,2,2,0,2025-05-17,2025-05 중순,100.0
109537,호재준)냉동다진마늘180g,냉동,신선냉동,5,3,8.0,3,1,1,2025-05-13,2025-05 중순,33.3333
133721,대상)순창양념듬뿍쌈장200g,조미료/건물,장류,10,3,8.0,5,2,0,2025-05-11,2025-05 중순,40.0
371091,롯알)투명테이프_H,가정용품,청소/작업용품,6,3,8.0,3,2,0,2025-05-11,2025-05 중순,66.6667
117122,롯데)스카치캔디157g,과자,캔디류,6,2,8.0,3,2,0,2025-05-15,2025-05 중순,66.6667
109912,연태아사간열250ml(2입),전통주,기타전통주,7,3,8.0,4,1,1,2025-05-14,2025-05 중순,25.0
123951,롯데)가나쇼콜라카스테라120g,빵,간식빵,10,6,8.0,5,2,0,2025-05-11,2025-05 중순,40.0
170504,하이트)테라피쳐1.6L,맥주,국산맥주,8,4,8.0,6,1,0,2025-05-11,2025-05 중순,16.6667
200245,인디)KGB보드카레몬275ml병,양주와인,리쿼,8,5,8.0,6,1,0,2025-05-11,2025-05 중순,16.6667
600838,롯데)꼬깔콘고소한맛(대용량)134,과자,스낵류,8,5,8.0,8,0,0,2025-05-12,2025-05 중순,0.0
122158,동서)맥심화이트골드180입,건강/기호식품,커피,7,2,8.0,6,0,1,2025-05-12,2025-05 중순,0.0
140303,CJ)큰햇반300g*3입,가공식품,가공미반류,6,2,8.0,3,2,0,2025-05-18,2025-05 중순,66.6667
360719,PB)도루코PACE4일회용면도기_H,H&B,면도용품,8,8,8.0,8,0,0,2025-05-11,2025-05 중순,0.0
105298,대호)Big헤이즐넛향320ml,즉석음료,파우치,6,2,8.0,3,2,0,2025-05-17,2025-05 중순,66.6667
161088,코카)코카콜라제로1ㆍ5L,음료,탄산음료,6,3,8.0,5,1,0,2025-05-11,2025-05 중순,20.0
109567,머거본)호두정과100g,안주,너트류,8,5,8.0,8,0,0,2025-05-14,2025-05 중순,0.0
118540,몽뜨)추억의쫀디기,과자,스낵류,6,3,8.0,3,2,0,2025-05-11,2025-05 중순,66.6667
124383,대림)안심닭가슴살(마일드)100g,냉장,냉장간식,6,4,8.0,5,1,0,2025-05-12,2025-05 중순,20.0
150306,나뚜루)딸기컵,아이스크림,고급,6,5,8.0,5,1,0,2025-05-11,2025-05 중순,20.0
108443,돌코리아)후룻볼복숭아(113g),신선,과일,5,3,8.0,3,1,1,2025-05-11,2025-05 중순,33.3333
109789,PB)훈제메추리알3입,냉장,냉장간식,8,7,8.0,6,1,0,2025-05-11,2025-05 중순,16.6667
061718,매일)바리스타쇼콜라모카325ml,유음료,컵커피,4,1,8.0,2,2,0,2025-05-14,2025-05 중순,100.0
192504,윌리엄)발베니 14년 캐리비안700ml,양주와인,양주,10,7,8.0,9,0,0,2025-05-11,2025-05 중순,0.0
125252,PB)벡셀AAA건전지4입,일용잡화,건전지,8,4,8.0,6,1,0,2025-05-11,2025-05 중순,16.6667
391032,LG)쏘피유기농100%무표백대형4P,위생용품,생리대,6,4,8.0,5,1,0,2025-05-13,2025-05 중순,20.0
162308,바프)와사비맛땅콩120g,안주,너트류,6,3,8.0,5,1,0,2025-05-11,2025-05 중순,20.0
124389,CJ)닭가슴살순살청양100g,냉장,냉장간식,5,3,8.0,3,1,1,2025-05-13,2025-05 중순,33.3333
083844,삼립)주종발효슈크림빵90g,빵,간식빵,6,4,8.0,5,1,0,2025-05-11,2025-05 중순,20.0
052750,허브안심꼬치,즉석 식품,즉석치킨,6,1,8.0,3,2,0,2025-05-14,2025-05 중순,66.6667
123865,레미마틴 XO 700ml,양주와인,양주,7,4,8.0,4,1,1,2025-05-12,2025-05 중순,25.0
161690,썬푸드)한치&땅콩55g,안주,오징어,6,4,8.0,5,1,0,2025-05-11,2025-05 중순,20.0
123408,하겐)파인트커피,아이스크림,고급,5,3,8.0,3,1,1,2025-05-11,2025-05 중순,33.3333
141135,CJ)비비고차돌된장찌개460g,가공식품,상온간편식,5,3,8.0,3,1,1,2025-05-12,2025-05 중순,33.3333
220646,농심)보노포르치니스프3입,가공식품,상온간편식,5,3,8.0,3,1,1,2025-05-12,2025-05 중순,33.3333
124552,빙그레)딥앤로우저당소프트바닐라160ml,아이스크림,노벨티,8,7,8.0,8,0,0,2025-05-11,2025-05 중순,0.0
108721,일신)클래식쌀쿠키300g,과자,스낵류,6,3,8.0,5,1,0,2025-05-11,2025-05 중순,20.0
202383,쥬맥스)모구모구(딸기)320ml,음료,주스,5,2,8.0,3,1,1,2025-05-17,2025-05 중순,33.3333
081796,로투스)벨기에초코와플57g,빵,구움과자,9,6,8.0,7,0,1,2025-05-12,2025-05 중순,0.0
104654,롯데)허쉬밀크초콜릿40g,과자,초콜릿,6,1,8.0,3,2,0,2025-05-20,2025-05 중순,66.6667
108411,PB)헬로맨카페라떼로슈거320ml,유음료,컵커피,10,10,8.0,9,0,0,2025-05-11,2025-05 중순,0.0
083973,에이스)전주수제초코파이90g,빵,구움과자,6,3,8.0,3,2,0,2025-05-14,2025-05 중순,66.6667
123817,1키키쿼카)마우스패드,과자,캔디류,6,3,8.0,4,0,2,2025-05-12,2025-05 중순,0.0
112123,크라운)새콤달콤복숭아29g,과자,캔디류,5,4,8.0,3,1,1,2025-05-11,2025-05 중순,33.3333
412645,마즈)템테이션맛있는닭고기맛_H,일용잡화,반려동물용품,6,4,8.0,5,1,0,2025-05-11,2025-05 중순,20.0
160047,칠성)칠성사이다２５０캔,음료,탄산음료,6,2,8.0,3,2,0,2025-05-11,2025-05 중순,66.6667
118576,훼미리)아폴로35g,과자,캔디류,6,3,8.0,3,2,0,2025-05-11,2025-05 중순,66.6667
162272,써라클)대왕발조미오징어다리,안주,오징어,6,3,8.0,5,1,0,2025-05-12,2025-05 중순,20.0
191011,페르)말리부200ml페트,양주와인,양주,7,7,8.0,6,0,1,2025-05-11,2025-05 중순,0.0
124272,MDS)로제햄마카로니콘치즈255g,간식,냉장피자,6,3,8.0,5,1,0,2025-05-11,2025-05 중순,20.0
073654,PB)쫄깃통통가래떡떡볶이300g,냉장,냉장간편식,7,5,8.0,6,0,1,2025-05-12,2025-05 중순,0.0
191874,디카이퍼 블루큐라소700ml,양주와인,리쿼,7,6,8.0,6,0,1,2025-05-12,2025-05 중순,0.0
123788,PB)직화불막창180g,냉장,냉장안주,6,4,8.0,5,1,0,2025-05-14,2025-05 중순,20.0
360717,PB)도루코터치3일회용면도기_H,H&B,면도용품,8,2,8.0,4,2,0,2025-05-17,2025-05 중순,50.0
117585,롯데)하비스트오리지널100g,과자,비스킷류,10,5,8.0,5,2,0,2025-05-11,2025-05 중순,40.0
109898,하쿠시카 쥰마이긴죠팩(2입),전통주,기타전통주,5,2,8.0,3,1,1,2025-05-16,2025-05 중순,33.3333
353527,LG)핑크솔트클렌징폼200ml_H,미용/화장품,여성화장품,6,4,8.0,5,1,0,2025-05-11,2025-05 중순,20.0
600416,PB)샤구르트젤리56G,과자,젤리류,7,2,8.0,6,0,1,2025-05-14,2025-05 중순,0.0
123084,더 글렌그란트 18년,양주와인,양주,5,3,8.0,3,1,1,2025-05-12,2025-05 중순,33.3333
141705,하림)더미식차돌육개장350g,가공식품,상온간편식,6,4,8.0,5,1,0,2025-05-11,2025-05 중순,20.0
060716,빙그레)아카페라카라멜240ml,유음료,가공우유,6,5,8.0,5,1,0,2025-05-11,2025-05 중순,20.0
123471,코폴라 다이아몬드 컬렉션 샤르도네,양주와인,와인,7,7,8.0,6,0,1,2025-05-11,2025-05 중순,0.0
133744,PB)한울맛김치80g,냉장,냉장간편식,4,2,8.0,2,2,0,2025-05-13,2025-05 중순,100.0
105810,대호)벤티아메리카노스위트500ml,즉석음료,파우치,4,1,8.0,2,2,0,2025-05-13,2025-05 중순,100.0
240016,CJ)백설부침가루500g,조미료/건물,분말가루,4,2,8.0,2,2,0,2025-05-17,2025-05 중순,100.0
413524,동원)뉴트리스틱(참치연어)_H,일용잡화,반려동물용품,6,2,8.0,3,2,0,2025-05-11,2025-05 중순,66.6667
170599,비어)칭따오무알콜330ml캔,맥주,무알콜맥주,10,6,8.0,9,0,0,2025-05-11,2025-05 중순,0.0
106094,MDS)젤리블리블랙사파이어60g,디저트,젤리,8,7,8.0,8,0,0,2025-05-13,2025-05 중순,0.0
123939,펜폴즈 로손 리트리트 쉬라즈,양주와인,와인,6,6,8.0,4,0,2,2025-05-11,2025-05 중순,0.0
123494,우븐 슈퍼블렌드 500ml,양주와인,양주,8,8,8.0,8,0,0,2025-05-11,2025-05 중순,0.0
123394,세븐브로이)가치필스너500ml캔,맥주,국산맥주,7,6,8.0,6,0,1,2025-05-11,2025-05 중순,0.0
160051,칠성)칠성사이다1.5L,음료,탄산음료,4,2,8.0,2,2,0,2025-05-12,2025-05 중순,100.0
113089,아사히)아사히쇼쿠사이340ml캔(6입),맥주,수입맥주,8,7,8.0,8,0,0,2025-05-11,2025-05 중순,0.0
105644,웅진)레몬셔벗에이드제로500ml,음료,주스,10,7,8.0,7,1,0,2025-05-12,2025-05 중순,14.2857
106545,HK)티로그복숭아스파클링355ml,음료,탄산음료,6,2,8.0,5,1,0,2025-05-16,2025-05 중순,20.0
108942,네슬레)킷캣딸기7입,과자,초콜릿,5,2,8.0,3,1,1,2025-05-13,2025-05 중순,33.3333
401935,유한)해피홈슈퍼쿨파스5입_H,약품/의료품,의약외품,4,2,8.0,2,2,0,2025-05-11,2025-05 중순,100.0
073649,CJ)닭가슴살순살케이준100g,냉장,냉장간식,5,3,8.0,3,1,1,2025-05-15,2025-05 중순,33.3333
161865,샘표)질러직화스틱육포45g,안주,육포,6,4,8.0,5,1,0,2025-05-12,2025-05 중순,20.0
211880,매일)상하목장아이스밀크474ml,아이스크림,고급,6,3,8.0,2,1,2,2025-05-15,2025-05 중순,50.0
109634,스퀴즈)하이볼에빠진라임500ml캔,양주와인,하이볼,7,4,8.0,4,1,1,2025-05-12,2025-05 중순,25.0
132828,농심)신라면더레드125g,면,봉지면,6,1,8.0,3,2,0,2025-05-13,2025-05 중순,66.6667
371889,피죤)액츠프리미엄(유칼립튜스)_H,가정용품,세제류,8,5,8.0,6,1,0,2025-05-11,2025-05 중순,16.6667
109488,오뚜기)짜슐랭큰컵,면,용기면,6,3,8.0,3,2,0,2025-05-16,2025-05 중순,66.6667
114255,농심)츄파춥스미니메가(10입),과자,캔디류,8,5,8.0,6,1,0,2025-05-11,2025-05 중순,16.6667
200104,칠성)스카치블루450ml,양주와인,양주,6,4,8.0,5,1,0,2025-05-12,2025-05 중순,20.0
600839,롯데)치토스매콤달콤(대용량)164,과자,스낵류,6,2,8.0,5,1,0,2025-05-13,2025-05 중순,20.0
220566,동원)양반영양닭죽285g,가공식품,가공미반류,6,3,8.0,5,1,0,2025-05-13,2025-05 중순,20.0
107415,동원)노슈가스위트콘340g,가공식품,캔,6,2,8.0,3,2,0,2025-05-16,2025-05 중순,66.6667
123977,남부비진 긴죠,전통주,기타전통주,8,8,8.0,8,0,0,2025-05-12,2025-05 중순,0.0
124960,로로)수건모양아이스케익바닐라,아이스크림,고급,8,5,8.0,8,0,0,2025-05-13,2025-05 중순,0.0
124072,롯데)리얼소프트햄샌드,조리빵,샌드위치,10,7,8.0,5,2,0,2025-05-11,2025-05 중순,40.0
113179,도멘 생 미셸 로제750ml ,양주와인,와인,7,6,8.0,6,0,1,2025-05-13,2025-05 중순,0.0
123406,PB)인절미찰떡크림빵90g,빵,간식빵,8,3,7.5,7,0,0,2025-05-11,2025-05 중순,0.0
440761,모나미)3M이어플러그(귀마개)_H,문구/완구,기타문구,5,1,7.0,2,2,0,2025-05-13,2025-05 중순,100.0
140968,CJ)철판제육덮밥(컵반),가공식품,가공미반류,6,5,7.0,5,0,1,2025-05-11,2025-05 중순,0.0
132209,오뚜기)참깨라면봉지,면,봉지면,5,4,7.0,4,1,0,2025-05-13,2025-05 중순,25.0
106852,브라운)잭다니엘스애플200ml,양주와인,양주,9,5,7.0,5,0,2,2025-05-13,2025-05 중순,0.0
109133,매일)바리스타락토프리라떼325ml,유음료,컵커피,6,6,7.0,5,0,1,2025-05-12,2025-05 중순,0.0
162187,정화)맥반석오징어45g,안주,오징어,7,3,7.0,3,2,0,2025-05-16,2025-05 중순,66.6667
191226,아포틱인페르노750ml,양주와인,와인,7,7,7.0,7,0,0,2025-05-13,2025-05 중순,0.0
202150,동서)콜롬비아나마스터블랙500ml,음료,커피음료,5,2,7.0,4,1,0,2025-05-11,2025-05 중순,25.0
240514,PB)참고소한식탁김15g,조미료/건물,건해산물,5,3,7.0,4,1,0,2025-05-11,2025-05 중순,25.0
052972,청솔)군고구마,즉석 식품,즉석간식,7,3,7.0,7,0,0,2025-05-15,2025-05 중순,0.0
160961,코카)레몬에이드350ml,음료,주스,5,4,7.0,4,1,0,2025-05-11,2025-05 중순,25.0
106140,개빼로)닭고기&치즈껌_H,일용잡화,반려동물용품,5,1,7.0,4,1,0,2025-05-11,2025-05 중순,25.0
200030,윈저)윈저12년500ml,양주와인,양주,7,4,7.0,7,0,0,2025-05-12,2025-05 중순,0.0
124722,PB)사골떡만둣국194g,냉동,냉동간편식,5,2,7.0,4,1,0,2025-05-11,2025-05 중순,25.0
113130,미클토어 더 쉐리 원 700ml,양주와인,양주,7,7,7.0,7,0,0,2025-05-12,2025-05 중순,0.0
092391,돌코리아)후룻컵파인애플198g,신선,과일,5,1,7.0,2,2,0,2025-05-18,2025-05 중순,100.0
105658,PB)명인수박에이드320ml,즉석음료,파우치,5,2,7.0,4,1,0,2025-05-13,2025-05 중순,25.0
124980,스위트)부르봉랑드샤말차16입,과자,비스킷류,9,7,7.0,8,0,0,2025-05-15,2025-05 중순,0.0
202712,베스킨)레인보우샤베트워터500,음료,주스,5,3,7.0,4,1,0,2025-05-19,2025-05 중순,25.0
123690,라쿠엔 시콰사(2입),전통주,기타전통주,5,5,7.0,3,0,2,2025-05-14,2025-05 중순,0.0
109954,로얄샬루트21년 500ml,양주와인,양주,6,5,7.0,5,0,1,2025-05-16,2025-05 중순,0.0
121084,삼양사)상쾌환3입,건강/기호식품,숙취해소제,5,3,7.0,4,1,0,2025-05-13,2025-05 중순,25.0
220014,CJ)스팸클래식200g,가공식품,캔,5,4,7.0,4,1,0,2025-05-11,2025-05 중순,25.0
381200,신영)비너스판타롱(살구)_H,패션잡화,스타킹,5,3,7.0,4,1,0,2025-05-11,2025-05 중순,25.0
102816,PB)초코우유500ml,유음료,가공우유,7,4,7.0,5,1,0,2025-05-11,2025-05 중순,20.0
124694,PB)고흥유자에이드320ml,즉석음료,파우치,5,1,7.0,4,1,0,2025-05-17,2025-05 중순,25.0
107306,PB)파리의이온비타레몬제로500ml,음료,스포츠음료,5,4,7.0,4,1,0,2025-05-12,2025-05 중순,25.0
107206,바프)추억의땅콩믹스120g,안주,너트류,6,5,7.0,5,0,1,2025-05-11,2025-05 중순,0.0
083910,엔제이)앙도넛100g,빵,간식빵,8,6,7.0,6,0,1,2025-05-11,2025-05 중순,0.0
132308,PB)강릉교동반점짬뽕(직화),면,용기면,6,4,7.0,3,1,1,2025-05-11,2025-05 중순,33.3333
123695,골든블루 쿼츠,양주와인,양주,5,3,7.0,4,1,0,2025-05-13,2025-05 중순,25.0
202616,PB)런던의오후밀크티270ml,음료,차음료,7,4,7.0,7,0,0,2025-05-11,2025-05 중순,0.0
107203,우진)조셉페리에로얄브뤼750ml,양주와인,와인,5,3,7.0,4,1,0,2025-05-12,2025-05 중순,25.0
191977,산펠리체비고렐로,양주와인,와인,5,3,7.0,4,1,0,2025-05-13,2025-05 중순,25.0
832776,오뚜기)옛날국수소면500g,가공식품,상온간편식,7,5,7.0,7,0,0,2025-05-12,2025-05 중순,0.0
360759,존슨)리스테린쿨민트250ml_H,H&B,치약,5,2,7.0,4,1,0,2025-05-16,2025-05 중순,25.0
106714,빙그레)사이즈업벤티아메리카노600ml,음료,커피음료,7,6,7.0,7,0,0,2025-05-11,2025-05 중순,0.0
116050,PB)밀크클래식쌀샌드180ml,아이스크림,노벨티,5,3,7.0,4,1,0,2025-05-12,2025-05 중순,25.0
362290,LG)죽염잇몸고치약120g_H,H&B,치약,7,4,7.0,5,1,0,2025-05-12,2025-05 중순,20.0
107495,삼립)탕종달콤연유샌드95g,빵,간식빵,7,6,7.0,7,0,0,2025-05-11,2025-05 중순,0.0
122508,네슬)스타벅스다크로스트10T,건강/기호식품,커피,7,4,7.0,4,0,2,2025-05-14,2025-05 중순,0.0
124768,오리온)아이셔츄쥬씨자두요구르트48g,과자,캔디류,5,3,7.0,4,1,0,2025-05-13,2025-05 중순,25.0
124795,PB)직화불곱창200g,냉장,냉장안주,5,3,7.0,4,1,0,2025-05-16,2025-05 중순,25.0
132806,오뚜기)빅컵누들매콤한맛61g,면,용기면,5,4,7.0,4,1,0,2025-05-11,2025-05 중순,25.0
390692,LG)볼록맞춤울날대16P,위생용품,생리대,5,4,7.0,4,1,0,2025-05-12,2025-05 중순,25.0
116259,천하)캐빈디쉬레몬캔디200g,과자,캔디류,5,1,7.0,4,1,0,2025-05-15,2025-05 중순,25.0
062429,매일)어메이징오트언스위트190ml,유음료,기능성우유,5,4,7.0,4,1,0,2025-05-12,2025-05 중순,25.0
062495,hy)야쿠르트1971 750ml,유음료,요구르트,4,3,7.0,2,1,1,2025-05-11,2025-05 중순,50.0
119757,해태)자유시간들60g,과자,초콜릿,5,3,7.0,4,1,0,2025-05-11,2025-05 중순,25.0
152280,CJ)올리브유500ml,조미료/건물,식용유지,7,1,7.0,7,0,0,2025-05-20,2025-05 중순,0.0
105297,대호)Big아메리카노스위트320ml,즉석음료,파우치,5,2,7.0,4,1,0,2025-05-14,2025-05 중순,25.0
192467,롯데)떼레디마리오화이트750ml,양주와인,와인,5,3,7.0,4,1,0,2025-05-13,2025-05 중순,25.0
123454,버블 넘버원 핑크라벨 NV,양주와인,와인,6,2,7.0,3,1,1,2025-05-11,2025-05 중순,33.3333
109858,에비스맥주캔500ml(24입),맥주,수입맥주,4,3,7.0,2,1,1,2025-05-17,2025-05 중순,50.0
109522,삼립)멸치칼국수182g,냉장,냉장간편식,7,2,7.0,7,0,0,2025-05-14,2025-05 중순,0.0
601160,롯데)몽쉘생크림케이크(대),과자,비스킷류,5,3,7.0,4,1,0,2025-05-19,2025-05 중순,25.0
421340,모나미)편지지세트_H,문구/완구,기타문구,6,2,7.0,5,0,1,2025-05-13,2025-05 중순,0.0
124210,그라바스 델 마이포 시라 ,양주와인,와인,7,7,7.0,7,0,0,2025-05-11,2025-05 중순,0.0
202528,광동)밀싹보리차500ml,음료,차음료,3,1,7.0,1,2,0,2025-05-13,2025-05 중순,200.0
116887,농심)츄파춥스부케,과자,캔디류,4,2,7.0,2,1,1,2025-05-14,2025-05 중순,50.0
094503,프레시팜)착한순두부(350g),신선,야채,5,3,7.0,4,1,0,2025-05-13,2025-05 중순,25.0
124269,비고르 화이트,양주와인,와인,7,7,7.0,7,0,0,2025-05-17,2025-05 중순,0.0
390940,유한)좋은느낌좋은순면울날대16P,위생용품,생리대,5,4,7.0,4,1,0,2025-05-11,2025-05 중순,25.0
109757,미성)허쉬다크초콜릿50g,과자,초콜릿,7,4,7.0,4,0,2,2025-05-12,2025-05 중순,0.0
073724,PB)촉촉닭안심바바질80g,냉장,냉장간식,5,3,7.0,4,1,0,2025-05-15,2025-05 중순,25.0
161578,정화)오징어의참맛30g,안주,오징어,5,3,7.0,4,1,0,2025-05-12,2025-05 중순,25.0
413677,포유)굿민C타입일체형충전기_H,일용잡화,휴대폰/주변기기,5,3,7.0,4,1,0,2025-05-17,2025-05 중순,25.0
371866,P&G)다우니세탁세제1L(블루)_H,가정용품,세제류,5,3,7.0,4,1,0,2025-05-11,2025-05 중순,25.0
119216,농심)츄파춥스탄산캔디(6입),과자,캔디류,5,3,7.0,4,1,0,2025-05-11,2025-05 중순,25.0
123132,PB)우리쌀사골떡국163g,가공식품,가공미반류,5,4,7.0,4,1,0,2025-05-11,2025-05 중순,25.0
070329,동원)쿨피스복숭아450ml,유음료,냉장주스,7,5,7.0,5,1,0,2025-05-11,2025-05 중순,20.0
115373,오리온)찍먹오감자스윗칠리75g,과자,스낵류,7,5,7.0,5,1,0,2025-05-11,2025-05 중순,20.0
073611,고래사)프로틴바(랍스터)80g,냉장,냉장간식,4,2,7.0,2,1,1,2025-05-11,2025-05 중순,50.0
124913,서주)초코츄로바90ml,아이스크림,노벨티,5,3,7.0,3,0,2,2025-05-13,2025-05 중순,0.0
170947,디아)기네스콜드브루440ml캔,맥주,수입맥주,7,7,7.0,7,0,0,2025-05-12,2025-05 중순,0.0
190455,롯데)옐로우테일쉬라즈187ml,양주와인,와인,7,6,7.0,7,0,0,2025-05-11,2025-05 중순,0.0
324783,SK텔링크)반값유심,서비스 상품,일반서비스,7,5,7.0,7,0,0,2025-05-19,2025-05 중순,0.0
123780,샘표)질러블랙앤레드페퍼육포30g,안주,육포,4,2,7.0,2,1,1,2025-05-14,2025-05 중순,50.0
111757,오리온)통아몬드캔디2000,과자,캔디류,7,2,7.0,3,2,0,2025-05-11,2025-05 중순,66.6667
192117,디아)조니워커레드500ml,양주와인,양주,5,2,7.0,4,1,0,2025-05-13,2025-05 중순,25.0
190189,진로)참이슬오리지날640ml페트,전통주,소주,4,2,7.0,2,1,1,2025-05-14,2025-05 중순,50.0
162243,정화)훈연왕오징어50g,안주,오징어,7,5,7.0,7,0,0,2025-05-12,2025-05 중순,0.0
125048,선우)25년 생화 코사지,서비스 상품,기타,7,5,7.0,5,1,0,2025-05-11,2025-05 중순,20.0
109278,에프투)매콤닭발&간장닭똥집200g,냉동,조리냉동,7,4,7.0,7,0,0,2025-05-13,2025-05 중순,0.0
062492,일동)하이뮨액티브초코250ml,유음료,프로틴 음료,7,4,7.0,7,0,0,2025-05-11,2025-05 중순,0.0
109545,하림)맛닭가슴살바베큐맛100g,냉장,냉장간식,5,3,7.0,4,1,0,2025-05-11,2025-05 중순,25.0
070621,빙그레)바나나라이트240ml,유음료,가공우유,5,4,7.0,4,1,0,2025-05-11,2025-05 중순,25.0
107679,K리그산리오)머플러(폼폼푸린),패션잡화,시즌/소품,5,2,7.0,4,1,0,2025-05-13,2025-05 중순,25.0
123652,하림)맛닭가슴살오징어100g,냉장,냉장간식,5,5,7.0,3,0,2,2025-05-13,2025-05 중순,0.0
123679,준마이다이긴죠겐슈 사카마이 키쿠스이,전통주,기타전통주,7,6,7.0,7,0,0,2025-05-11,2025-05 중순,0.0
123540,이스까이 시라 비오니에,양주와인,와인,6,4,7.0,5,0,1,2025-05-11,2025-05 중순,0.0
106944,테라톤)65W초고속충전기_H,일용잡화,휴대폰/주변기기,6,1,7.0,5,0,1,2025-05-16,2025-05 중순,0.0
113181,샴페인 알랭 베셀 트래디션 브뤼750ml ,양주와인,와인,7,6,7.0,7,0,0,2025-05-13,2025-05 중순,0.0
118745,씨믹스)계란모양구미90g,과자,젤리류,5,3,7.0,4,1,0,2025-05-12,2025-05 중순,25.0
108549,피치)까먹는곰모양젤리(샤인)40g,과자,젤리류,6,1,7.0,3,1,1,2025-05-13,2025-05 중순,33.3333
152490,오뚜기)미트스파게티소스400g,조미료/건물,소스류,5,3,7.0,4,1,0,2025-05-11,2025-05 중순,25.0
170526,하이트)1664블랑330ml캔,맥주,수입맥주,5,3,7.0,4,1,0,2025-05-11,2025-05 중순,25.0
109892,하쿠시카 도쿠베츠 쥰마이 야마다니시키,전통주,기타전통주,7,6,7.0,7,0,0,2025-05-11,2025-05 중순,0.0
124233,보모어 12년,양주와인,양주,8,7,7.0,6,0,1,2025-05-12,2025-05 중순,0.0
108819,PB)여행용티슈70매,위생용품,티슈,5,4,7.0,4,1,0,2025-05-11,2025-05 중순,25.0
315309,P)아이코스 일루마원(모스그린),담배,전자담배,7,5,7.0,7,0,0,2025-05-15,2025-05 중순,0.0
180648,롯데)new처음처럼360ml병,전통주,소주,5,4,7.0,4,1,0,2025-05-13,2025-05 중순,25.0
124907,삼양)맵탱쿨스파이시비빔면김치맛봉지,면,봉지면,5,4,7.0,4,1,0,2025-05-11,2025-05 중순,25.0
220673,CJ)햇반3번들600g,가공식품,가공미반류,5,3,7.0,4,1,0,2025-05-11,2025-05 중순,25.0
161829,정화)빅굿다리40g,안주,오징어,5,3,7.0,4,1,0,2025-05-12,2025-05 중순,25.0
062607,비알)자모카아몬드훠지밀키300ml,유음료,컵커피,5,2,7.0,4,1,0,2025-05-12,2025-05 중순,25.0
370977,PB)맥주종이컵5입,가정용품,행락용품,7,2,7.0,3,2,0,2025-05-15,2025-05 중순,66.6667
191939,JD라포레 부르고뉴 블랑,양주와인,와인,6,4,7.0,5,0,1,2025-05-14,2025-05 중순,0.0
119316,농심)츄파춥스사워크롤러60g,과자,젤리류,5,4,7.0,4,1,0,2025-05-14,2025-05 중순,25.0
109790,PB)훈제메추리알쏙쏙5입,냉장,냉장간식,5,4,7.0,4,1,0,2025-05-11,2025-05 중순,25.0
106715,빙그레)사이즈업벤티헤이즐넛600ml,음료,커피음료,7,4,7.0,5,1,0,2025-05-11,2025-05 중순,20.0
210232,오뚜기)옛날당면300g,가공식품,상온간편식,5,1,7.0,4,1,0,2025-05-17,2025-05 중순,25.0
118163,크라운)새콤달콤블루베리소다,과자,캔디류,6,6,7.0,5,0,1,2025-05-11,2025-05 중순,0.0
115437,달모어 18년 700ml,양주와인,양주,6,6,7.0,5,0,1,2025-05-11,2025-05 중순,0.0
141395,CJ)비비고돼지고기김치찌개460g,가공식품,상온간편식,4,3,7.0,2,1,1,2025-05-16,2025-05 중순,50.0
123477,펄리셔 샤르도네,양주와인,와인,7,6,7.0,7,0,0,2025-05-13,2025-05 중순,0.0
107207,PB)무팁머리끈(컬러)_H,미용/화장품,미용소품,5,2,7.0,4,1,0,2025-05-12,2025-05 중순,25.0
601051,오리온)닥터유PRO단백질크런치바,과자,프로틴/시리얼,5,3,7.0,4,1,0,2025-05-13,2025-05 중순,25.0
124307,잭다니엘스 허니700ml,양주와인,양주,7,6,7.0,7,0,0,2025-05-11,2025-05 중순,0.0
123677,바이엔슈테판 크리스탈(12입),맥주,수입맥주,5,5,7.0,3,0,2,2025-05-12,2025-05 중순,0.0
106684,농심)짜파게티더블랙4입,면,봉지면,6,6,7.0,5,0,1,2025-05-11,2025-05 중순,0.0
107185,CJ)비비고떡볶이치즈108g,가공식품,가공미반류,7,3,7.0,5,1,0,2025-05-11,2025-05 중순,20.0
124381,삼립)와우골든텐더치킨샐러드123g,간식,샐러드(삭제예정),6,5,7.0,5,0,1,2025-05-11,2025-05 중순,0.0
121748,다정)깔라만시원액500ml,건강/기호식품,차,5,2,7.0,4,1,0,2025-05-14,2025-05 중순,25.0
107009,글로브)버큇칩280g,과자,스낵류,7,1,7.0,5,1,0,2025-05-11,2025-05 중순,20.0
601331,7P)화이트초코러스크90g,과자,비스킷류,6,4,7.0,5,0,1,2025-05-11,2025-05 중순,0.0
106750,PB)피카츄콜라맛젤리40g,과자,젤리류,7,5,7.0,5,1,0,2025-05-11,2025-05 중순,20.0
124775,훼밀리)S&B다진와사비43g,조미료/건물,조미료,5,3,7.0,4,1,0,2025-05-12,2025-05 중순,25.0
107667,K리그)산리오캐리어(헬로키티),과자,캔디류,6,4,7.0,5,0,1,2025-05-11,2025-05 중순,0.0
123310,삼립)잼있는미니사과쿠키(20입),빵,구움과자,7,6,7.0,7,0,0,2025-05-14,2025-05 중순,0.0
119872,해태)알사탕(땅콩)2000,과자,캔디류,5,4,7.0,4,1,0,2025-05-14,2025-05 중순,25.0
141293,CJ)김치날치알밥(컵반),가공식품,가공미반류,5,4,7.0,4,1,0,2025-05-12,2025-05 중순,25.0
123795,1키키쿼카)쁘띠키링,과자,캔디류,12,8,7.0,8,0,1,2025-05-12,2025-05 중순,0.0
220645,농심)보노콘스프3입,가공식품,상온간편식,4,2,7.0,2,1,1,2025-05-12,2025-05 중순,50.0
123455,파고 아일레스 아일레스 센다 드 레나도레스,양주와인,와인,7,7,7.0,7,0,0,2025-05-12,2025-05 중순,0.0
062467,오리온)닥터유단백질프로250ml,유음료,프로틴 음료,6,5,7.0,5,0,1,2025-05-12,2025-05 중순,0.0
106873,오리온)스윙칩양파크림치즈50g,과자,스낵류,6,3,7.0,3,1,1,2025-05-11,2025-05 중순,33.3333
400801,아우성롱런콘돔_H,약품/의료품,의약외품,5,1,7.0,2,2,0,2025-05-12,2025-05 중순,100.0
807807,엠즈)삿포로350ml캔,맥주,수입맥주,6,4,6.0,4,1,0,2025-05-11,2025-05 중순,25.0
201825,그래)여명1004 140ml,음료,기능성드링크,4,2,6.0,3,1,0,2025-05-13,2025-05 중순,33.3333
123125,리치)럭히밥XXL마라떡볶이655g,냉장,냉장간편식,6,6,6.0,6,0,0,2025-05-11,2025-05 중순,0.0
391073,유한)좋은느낌유기농순면대형14P,위생용품,생리대,6,3,6.0,4,1,0,2025-05-11,2025-05 중순,25.0
192568,산펠리체깜포지오바니750ml,양주와인,와인,6,6,6.0,6,0,0,2025-05-12,2025-05 중순,0.0
118145,해태)후렌치파이사과192g,과자,비스킷류,4,3,6.0,3,1,0,2025-05-11,2025-05 중순,33.3333
124343,PB)착한도톰물티슈,위생용품,티슈,4,2,6.0,3,1,0,2025-05-19,2025-05 중순,33.3333
108547,삼경)하리보마시멜로우150g,과자,캔디류,6,5,6.0,3,0,2,2025-05-11,2025-05 중순,0.0
105290,올리)순수얼음3kg,즉석음료,얼음,6,6,6.0,6,0,0,2025-05-11,2025-05 중순,0.0
109761,하림)장인라면맵싸한맛큰컵,면,용기면,6,4,6.0,4,1,0,2025-05-12,2025-05 중순,25.0
161843,코주부)구운스틱쥐포20g,안주,생선류,3,2,6.0,1,1,1,2025-05-12,2025-05 중순,100.0
123993,아야 셀렉션,전통주,기타전통주,4,2,6.0,3,1,0,2025-05-16,2025-05 중순,33.3333
124787,천하)구카솔티커피누가크래커100g,과자,비스킷류,6,5,6.0,4,1,0,2025-05-11,2025-05 중순,25.0
108505,PB)맥주컵(3입),가정용품,행락용품,4,3,6.0,3,1,0,2025-05-16,2025-05 중순,33.3333
062333,매일)허쉬초코드링크프로틴235ml,유음료,프로틴 음료,4,2,6.0,3,1,0,2025-05-18,2025-05 중순,33.3333
132298,PB)강릉교동반점짬뽕,면,용기면,4,3,6.0,2,0,2,2025-05-16,2025-05 중순,0.0
371069,롯알)위생백100매_H,가정용품,주방용품,4,2,6.0,3,1,0,2025-05-14,2025-05 중순,33.3333
030328,풀무원)올바른샐러드(감자)100g,미반,샐러드 ,4,3,6.0,3,1,0,2025-05-17,2025-05 중순,33.3333
109886,핫카이산 다이긴죠,전통주,기타전통주,5,5,6.0,4,0,1,2025-05-11,2025-05 중순,0.0
061793,덴마크)얼라이브블러드오렌지250,유음료,냉장주스,4,1,6.0,3,1,0,2025-05-19,2025-05 중순,33.3333
072062,CJ)맥스봉치즈70g,냉장,냉장간식,4,3,6.0,3,1,0,2025-05-18,2025-05 중순,33.3333
222486,취영루)볶음짬뽕면350g,냉동,냉동간편식,5,4,6.0,4,0,1,2025-05-12,2025-05 중순,0.0
124209,그라바스 델 마이포 카베르네 소비뇽,양주와인,와인,7,4,6.0,5,0,1,2025-05-16,2025-05 중순,0.0
116653,MZ)홀스xs 레몬민트,과자,캔디류,6,1,6.0,6,0,0,2025-05-11,2025-05 중순,0.0
180318,우리술)톡쏘는햅쌀막걸리950ml,전통주,막걸리,5,5,6.0,4,0,1,2025-05-11,2025-05 중순,0.0
109174,오리온)아이셔샤베트젤리72g,과자,젤리류,4,3,6.0,3,1,0,2025-05-13,2025-05 중순,33.3333
371788,롯알)샤워타올_H,가정용품,욕실용품,4,1,6.0,3,1,0,2025-05-19,2025-05 중순,33.3333
053279,대파크림치즈스틱,즉석 식품,즉석치킨,4,2,6.0,3,1,0,2025-05-12,2025-05 중순,33.3333
107790,K리그산리오)인형_마이멜로디,문구/완구,일반완구,4,2,6.0,3,1,0,2025-05-16,2025-05 중순,33.3333
190406,롯데)카르멘샤도네이750ml,양주와인,와인,4,3,6.0,3,1,0,2025-05-12,2025-05 중순,33.3333
201675,웅진)하늘보리325ml,음료,차음료,4,3,6.0,3,1,0,2025-05-14,2025-05 중순,33.3333
124288,훼밀리)복숭아무케루푸루푸루구미40g,과자,젤리류,4,2,6.0,3,1,0,2025-05-19,2025-05 중순,33.3333
191263,샌드만화이트포트 580ml,양주와인,와인,6,2,6.0,6,0,0,2025-05-13,2025-05 중순,0.0
107422,K리그X산리오 스트랩키링(헬로키티/서울),문구/완구,일반완구,4,3,6.0,2,0,2,2025-05-15,2025-05 중순,0.0
107799,K리그산리오)인형_한교동,문구/완구,일반완구,5,4,6.0,4,0,1,2025-05-13,2025-05 중순,0.0
150924,디핀)구슬 레인보우,아이스크림,고급,4,3,6.0,3,1,0,2025-05-17,2025-05 중순,33.3333
170616,오비)버드와이저330ml캔,맥주,수입맥주,4,1,6.0,3,1,0,2025-05-14,2025-05 중순,33.3333
352911,유니)폰즈 립&아이리무버_H,미용/화장품,여성화장품,6,3,6.0,6,0,0,2025-05-13,2025-05 중순,0.0
170432,벨트)볼파스엔젤맨헤페568ml캔,맥주,수입맥주,3,1,6.0,1,1,1,2025-05-20,2025-05 중순,100.0
161867,유동)얼큰한번데기탕280g,가공식품,캔,4,3,6.0,3,1,0,2025-05-17,2025-05 중순,33.3333
192175,디아)조니워커더블블랙700ml,양주와인,양주,6,6,6.0,6,0,0,2025-05-14,2025-05 중순,0.0
109952,몽키47,양주와인,양주,6,4,6.0,6,0,0,2025-05-14,2025-05 중순,0.0
124289,훼밀리)포도무케루푸루푸루구미40g,과자,젤리류,4,3,6.0,3,1,0,2025-05-11,2025-05 중순,33.3333
351543,LG)리엔흑모비책염모제(흑갈색)_H,미용/화장품,헤어스타일링,6,3,6.0,6,0,0,2025-05-11,2025-05 중순,0.0
371106,롯알)면청테이프_H,가정용품,청소/작업용품,4,1,6.0,3,1,0,2025-05-20,2025-05 중순,33.3333
362495,존슨)리스테린쿨민트마일드250_H,H&B,치약,4,1,6.0,3,1,0,2025-05-17,2025-05 중순,33.3333
106469,스위트)부르봉페투치니(콜라)50g,과자,젤리류,4,3,6.0,3,1,0,2025-05-11,2025-05 중순,33.3333
109526,마즈)트윅스헤이즐넛50g,과자,초콜릿,4,3,6.0,3,1,0,2025-05-13,2025-05 중순,33.3333
401922,대웅)우루샷 2정_H,약품/의료품,의약외품,6,2,6.0,6,0,0,2025-05-11,2025-05 중순,0.0
124212,돈멜초2021,양주와인,와인,6,6,6.0,6,0,0,2025-05-11,2025-05 중순,0.0
162172,바다원)롤링오징어40g,안주,오징어,6,3,6.0,4,1,0,2025-05-11,2025-05 중순,25.0
190518,아영)디아블로까버네쇼비뇽750ml,양주와인,와인,6,6,6.0,6,0,0,2025-05-11,2025-05 중순,0.0
109949,하바나클럽아네호3아뇨스 750ml,양주와인,양주,6,6,6.0,6,0,0,2025-05-11,2025-05 중순,0.0
052809,웰그린)스위트칠리소스,즉석 식품,즉석치킨,7,6,6.0,5,0,1,2025-05-13,2025-05 중순,0.0
125072,라프로익 쿼터케스크,양주와인,양주,5,5,6.0,4,0,1,2025-05-11,2025-05 중순,0.0
108611,팜스)컷팅양배추1/4,신선,야채,6,4,6.0,6,0,0,2025-05-13,2025-05 중순,0.0
202367,서울)아침에주스사과350ml,음료,주스,4,2,6.0,3,1,0,2025-05-11,2025-05 중순,33.3333
107245,PB)착한청포도에이드320ml,즉석음료,파우치,4,3,6.0,3,1,0,2025-05-11,2025-05 중순,33.3333
083820,삼립)주종발효허니카스테라140g,빵,간식빵,6,3,6.0,6,0,0,2025-05-11,2025-05 중순,0.0
141101,삼양)불닭떡볶이(컵),가공식품,가공미반류,4,3,6.0,3,1,0,2025-05-11,2025-05 중순,33.3333
121025,미성)허쉬오리지널핫초코컵,건강/기호식품,원컵,5,3,6.0,4,0,1,2025-05-12,2025-05 중순,0.0
125398,더필)무기자차선크림50ml_H,미용/화장품,여성화장품,6,3,6.0,4,1,0,2025-05-14,2025-05 중순,25.0
070213,칠성)콜드오렌지250ml,유음료,냉장주스,4,2,6.0,3,1,0,2025-05-11,2025-05 중순,33.3333
123174,카스250ml캔(24입),맥주,수입맥주,5,5,6.0,4,0,1,2025-05-11,2025-05 중순,0.0
370514,PB)점박이장갑_H,가정용품,청소/작업용품,3,2,6.0,1,1,1,2025-05-17,2025-05 중순,100.0
190225,진로)참이슬500ml페트,전통주,소주,6,2,6.0,4,1,0,2025-05-16,2025-05 중순,25.0
109132,매일)바리스타설탕무첨가라떼325ml,유음료,컵커피,5,5,6.0,4,0,1,2025-05-11,2025-05 중순,0.0
123555,SAMG)위시캣발바닥모양캔디42g,과자,캔디류,4,2,6.0,3,1,0,2025-05-13,2025-05 중순,33.3333
152983,훼밀리)S&B생와사비43g,조미료/건물,조미료,4,2,6.0,3,1,0,2025-05-16,2025-05 중순,33.3333
391123,유한)좋은느낌무표백대형4P,위생용품,생리대,6,3,6.0,4,1,0,2025-05-16,2025-05 중순,25.0
072746,하림)닭가슴살갈릭100g,냉장,냉장간식,7,5,6.0,5,0,1,2025-05-17,2025-05 중순,0.0
190034,국순당)백세주375ml,전통주,기타전통주,4,2,6.0,3,1,0,2025-05-11,2025-05 중순,33.3333
109964,발렌타인30년 700ml,양주와인,양주,6,6,6.0,6,0,0,2025-05-11,2025-05 중순,0.0
115171,네슬레)프루팁스미니(젤리),과자,젤리류,4,2,6.0,3,1,0,2025-05-16,2025-05 중순,33.3333
391108,유한)좋은느낌무표백중형16P,위생용품,생리대,4,3,6.0,3,1,0,2025-05-14,2025-05 중순,33.3333
601706,켈로그)아몬드후레이크300g,과자,비스킷류,6,4,6.0,3,0,2,2025-05-11,2025-05 중순,0.0
124520,카브루)리얼자몽하이볼355ml캔,양주와인,하이볼,5,3,6.0,4,0,1,2025-05-18,2025-05 중순,0.0
123641,선우)O△□동결건조젤리13g,과자,젤리류,4,2,6.0,3,1,0,2025-05-13,2025-05 중순,33.3333
109836,다정)3시15분타로밀크티원컵16g,건강/기호식품,원컵,6,6,6.0,6,0,0,2025-05-11,2025-05 중순,0.0
211461,해태)아이스가이레몬200ml,아이스크림,노벨티,4,3,6.0,3,1,0,2025-05-13,2025-05 중순,33.3333
080064,롯데)미니비엔나140g,냉장,냉장간식,6,5,6.0,6,0,0,2025-05-12,2025-05 중순,0.0
391040,깨끗한)디어스킨에어엠보중형16P,위생용품,생리대,6,3,6.0,4,1,0,2025-05-19,2025-05 중순,25.0
162362,CJ)비비고칩포테이토40g,안주,스낵안주,6,2,6.0,6,0,0,2025-05-11,2025-05 중순,0.0
123725,농심)츄파춥스후르츠기프트팩,과자,캔디류,6,5,6.0,6,0,0,2025-05-11,2025-05 중순,0.0
371786,롯알)양면다목적수세미_H,가정용품,주방용품,4,2,6.0,3,1,0,2025-05-14,2025-05 중순,33.3333
210653,롯데)수박바75ml,아이스크림,노벨티,4,2,6.0,3,1,0,2025-05-13,2025-05 중순,33.3333
601028,해태)버터링딥카페103g,과자,비스킷류,5,5,6.0,4,0,1,2025-05-11,2025-05 중순,0.0
061761,동서)맥심TOP라떼240ml,유음료,가공우유,4,1,6.0,3,1,0,2025-05-20,2025-05 중순,33.3333
108517,하이포크)한돈뽈항정300g,냉동,신선냉동,4,1,6.0,3,1,0,2025-05-18,2025-05 중순,33.3333
106774,PKJ)밀키쌀과자240g(우유맛),과자,스낵류,6,2,6.0,3,0,2,2025-05-12,2025-05 중순,0.0
391141,동아)템포입는오버나이트5P,위생용품,생리대,5,1,6.0,2,1,1,2025-05-12,2025-05 중순,50.0
201107,칠성)아이시스2L(8.0),음료,생수,4,2,6.0,3,1,0,2025-05-19,2025-05 중순,33.3333
123705,샤를 도떼일 샴페인 브륏 프리미에크뤼 NV,양주와인,와인,6,6,6.0,6,0,0,2025-05-18,2025-05 중순,0.0
150926,디핀)구슬 초콜릿,아이스크림,고급,6,3,6.0,4,1,0,2025-05-11,2025-05 중순,25.0
123615,서주)망고쏙연유바70ml,아이스크림,노벨티,4,3,6.0,3,1,0,2025-05-13,2025-05 중순,33.3333
041508,이지텍)오리히로곤약젤리(샤인),디저트,젤리,5,4,6.0,4,0,1,2025-05-14,2025-05 중순,0.0
600837,롯데)꼬깔콘군옥수수맛(대용량),과자,스낵류,6,4,6.0,3,0,2,2025-05-12,2025-05 중순,0.0
108732,페레로)로쉐바다크90g,과자,초콜릿,4,3,6.0,3,1,0,2025-05-14,2025-05 중순,33.3333
106479,롯데)이지프로틴감자칩(매콤치즈맛)50g,과자,스낵류,4,3,6.0,3,1,0,2025-05-12,2025-05 중순,33.3333
124266,롯데)듬뿍에그유부초밥,미반,초밥류,8,6,6.0,7,0,0,2025-05-11,2025-05 중순,0.0
121795,네슬레)수프리모골드마일드20입,건강/기호식품,커피,6,3,6.0,6,0,0,2025-05-15,2025-05 중순,0.0
114315,롯데)졸음번쩍껌,과자,껌,4,3,6.0,3,1,0,2025-05-13,2025-05 중순,33.3333
062618,직납)아침미소그릭요구르트100g,유음료,요구르트,6,5,6.0,6,0,0,2025-05-11,2025-05 중순,0.0
106667,비달)사우어레드믹스젤리90g,과자,젤리류,5,4,6.0,4,0,1,2025-05-11,2025-05 중순,0.0
108454,청정원)부침두부300g,신선,야채,4,3,6.0,3,1,0,2025-05-12,2025-05 중순,33.3333
119777,로투스)비스코프샌드바닐라150g,과자,비스킷류,6,2,6.0,4,1,0,2025-05-11,2025-05 중순,25.0
123796,1키키쿼카)얼굴쿠션,과자,캔디류,4,2,6.0,3,1,0,2025-05-15,2025-05 중순,33.3333
073610,흥생)구데타마반숙란3입,냉장,냉장간식,10,4,6.0,8,0,0,2025-05-12,2025-05 중순,0.0
070512,롯데)쾌변사과150ml,유음료,요구르트,6,4,6.0,6,0,0,2025-05-13,2025-05 중순,0.0
123799,1키키쿼카)하트풍선,과자,캔디류,5,2,6.0,4,0,1,2025-05-13,2025-05 중순,0.0
150257,나뚜루)딸기파인트,아이스크림,고급,4,1,6.0,3,1,0,2025-05-12,2025-05 중순,33.3333
123112,파머스)피스터블밀크초콜릿60g,과자,초콜릿,4,3,6.0,3,1,0,2025-05-11,2025-05 중순,33.3333
109722,칭따오330ml24입,맥주,수입맥주,4,2,6.0,3,1,0,2025-05-14,2025-05 중순,33.3333
080960,CJ)가쓰오우동222.5g(큰컵),냉장,냉장간편식,4,3,6.0,3,1,0,2025-05-11,2025-05 중순,33.3333
073313,비오케이)을지로꼬들라볶이235g,냉장,냉장간편식,4,3,6.0,3,1,0,2025-05-12,2025-05 중순,33.3333
107848,B)글로 하이퍼 프로(옵시디안 블랙),담배,전자담배,6,2,6.0,4,1,0,2025-05-12,2025-05 중순,25.0
106073,언노운)드보오마주블랑드누아750ml,양주와인,와인,5,5,6.0,4,0,1,2025-05-11,2025-05 중순,0.0
141030,CJ)비비고스팸부대찌개460g,가공식품,상온간편식,3,2,6.0,1,1,1,2025-05-12,2025-05 중순,100.0
109735,PB)옳곡피넛버터크림소보로110g,빵,간식빵,5,5,6.0,4,0,1,2025-05-12,2025-05 중순,0.0
125043,농협)25년 용돈박스(대),서비스 상품,기타,4,2,6.0,3,1,0,2025-05-14,2025-05 중순,33.3333
381029,PB)세면타월(화이트)_H,패션잡화,시즌/소품,4,3,6.0,3,1,0,2025-05-11,2025-05 중순,33.3333
170446,아영)에딩거둔켈500ml캔,맥주,수입맥주,5,3,6.0,4,0,1,2025-05-12,2025-05 중순,0.0
124743,빙그레)요맘때블루베리70ml,아이스크림,노벨티,6,2,6.0,2,2,0,2025-05-15,2025-05 중순,100.0
210695,롯데)셀렉션500ml,아이스크림,홈타입,6,4,6.0,6,0,0,2025-05-11,2025-05 중순,0.0
123819,1키키쿼카)엽서set,과자,캔디류,3,1,6.0,1,1,1,2025-05-18,2025-05 중순,100.0
109909,구로기리시마,전통주,기타전통주,6,5,6.0,6,0,0,2025-05-12,2025-05 중순,0.0
118618,하리보)웜즈사우어80g,과자,젤리류,4,2,6.0,3,1,0,2025-05-12,2025-05 중순,33.3333
094204,세븐팜)고소한땅콩(100g),신선,과일,4,2,6.0,3,1,0,2025-05-20,2025-05 중순,33.3333
117133,훼밀리)골든카레중간맛230g,가공식품,상온간편식,5,2,6.0,2,1,1,2025-05-12,2025-05 중순,50.0
073330,에프투)들깨떡국219g,냉장,냉장간편식,4,2,6.0,3,1,0,2025-05-14,2025-05 중순,33.3333
109693,화요한글에디션3종세트,전통주,소주,6,4,6.0,6,0,0,2025-05-11,2025-05 중순,0.0
192596,52-05_제이)달모어12년(쉐리)700ml,양주와인,양주,8,7,6.0,7,0,0,2025-05-11,2025-05 중순,0.0
124285,한입)게맛살깡오리지널30g,안주,스낵안주,6,2,6.0,4,1,0,2025-05-16,2025-05 중순,25.0
107429,K리그X산리오 스트랩키링(한교동/수원),문구/완구,일반완구,4,3,6.0,2,0,2,2025-05-13,2025-05 중순,0.0
600016,매일)킨더부에노화이트39g,과자,초콜릿,6,5,6.0,4,1,0,2025-05-14,2025-05 중순,25.0
124385,대림)스노우크랩킹140g ,냉장,냉장간식,4,2,6.0,3,1,0,2025-05-15,2025-05 중순,33.3333
113147,글렌알라키 루비포트 10년 700ml,양주와인,양주,6,6,6.0,6,0,0,2025-05-11,2025-05 중순,0.0
202100,팔도)비락식혜500ml,음료,전통음료,4,2,6.0,3,1,0,2025-05-19,2025-05 중순,33.3333
107265,5개 이상 구매시 50% 할인 빙그레)생귤탱귤제로70ml,아이스크림,노벨티,6,4,6.0,6,0,0,2025-05-15,2025-05 중순,0.0
123614,서주푸드)망고요거트콘150ml,아이스크림,노벨티,5,4,6.0,4,0,1,2025-05-11,2025-05 중순,0.0
361290,유한양행)덴탈케어울트라치실_H,H&B,칫솔,5,5,6.0,4,0,1,2025-05-14,2025-05 중순,0.0
072838,리치푸드)오리지널스모크닭다리1,냉장,냉장안주,4,1,6.0,3,1,0,2025-05-18,2025-05 중순,33.3333
170549,하이트)테라355ml캔,맥주,국산맥주,4,3,6.0,3,1,0,2025-05-11,2025-05 중순,33.3333
162077,썬푸드)바베큐오징어매운맛30g,안주,오징어,5,2,6.0,2,1,1,2025-05-16,2025-05 중순,50.0
123645,CJ)햇반전복죽267g,가공식품,가공미반류,4,1,6.0,3,1,0,2025-05-12,2025-05 중순,33.3333
170256,아영)에딩거바이스비어500ml캔,맥주,수입맥주,6,6,6.0,6,0,0,2025-05-12,2025-05 중순,0.0
124448,사조)빠삭어묵칩오리지널40g,안주,생선류,5,4,6.0,4,0,1,2025-05-11,2025-05 중순,0.0
151038,오뚜기)옥수수마아가린200g,조미료/건물,식용유지,3,1,6.0,1,1,1,2025-05-17,2025-05 중순,100.0
201889,칠성)칸타타흑당라떼275ml,음료,커피음료,3,1,6.0,1,1,1,2025-05-16,2025-05 중순,100.0
114857,코노수르 20배럴 까베르네소비뇽750ml,양주와인,와인,6,6,6.0,6,0,0,2025-05-14,2025-05 중순,0.0
440985,모나미)3M포스트잇(대)654_H,문구/완구,노트/봉투,4,1,6.0,3,1,0,2025-05-20,2025-05 중순,33.3333
160965,칠성)제주감귤500ml,음료,주스,4,2,6.0,3,1,0,2025-05-11,2025-05 중순,33.3333
600259,농심)멘토스민트(피치)21g,과자,캔디류,5,5,6.0,4,0,1,2025-05-11,2025-05 중순,0.0
107212,PB)열파닭볶음면큰컵,면,용기면,4,2,6.0,3,1,0,2025-05-18,2025-05 중순,33.3333
109963,발렌타인21년 500ml,양주와인,양주,4,4,6.0,2,0,2,2025-05-14,2025-05 중순,0.0
133723,대상)순창재래식생된장500g,조미료/건물,장류,6,1,6.0,2,2,0,2025-05-20,2025-05 중순,100.0
152862,해표)감자맛전분350g,조미료/건물,분말가루,6,2,6.0,2,2,0,2025-05-13,2025-05 중순,100.0
073512,PB)을지로촙촙면270g,냉장,냉장간편식,6,3,6.0,3,0,2,2025-05-11,2025-05 중순,0.0
123481,라포스톨 뀌베 알렉상드르 메를로,양주와인,와인,6,6,6.0,6,0,0,2025-05-11,2025-05 중순,0.0
201418,칠성)트레비(라임)500ml,음료,생수,4,2,6.0,3,1,0,2025-05-17,2025-05 중순,33.3333
371759,피죤)스프레이80ml(플라워퍼퓸)_H,가정용품,방향제,4,2,6.0,3,1,0,2025-05-11,2025-05 중순,33.3333
072216,PB)히노아지돈코츠라멘213g,냉장,냉장간편식,6,5,6.0,6,0,0,2025-05-11,2025-05 중순,0.0
191183,롯데)솔리에라750ml,양주와인,와인,5,3,6.0,4,0,1,2025-05-14,2025-05 중순,0.0
123363,포르투 발도우로 화이트 포트 NV,양주와인,와인,6,6,6.0,6,0,0,2025-05-16,2025-05 중순,0.0
123542,토마시 팔랑카 콜롬비나,양주와인,와인,5,4,6.0,4,0,1,2025-05-15,2025-05 중순,0.0
123358,발레벨보 모스까또 다스띠 NV,양주와인,와인,5,2,6.0,4,0,1,2025-05-14,2025-05 중순,0.0
113392,오리온)후레쉬베리3300(6입),과자,비스킷류,4,2,6.0,3,1,0,2025-05-12,2025-05 중순,33.3333
123650,SAMG)캐치티니핑반짝립스틱캔디5g,과자,캔디류,6,4,6.0,4,1,0,2025-05-11,2025-05 중순,25.0
124948,삼립)끼리레몬크림치즈케익95g,디저트,냉장베이커리,7,5,6.0,5,0,1,2025-05-11,2025-05 중순,0.0
360528,PB)나노골드미세모칫솔_H,H&B,칫솔,4,2,6.0,3,1,0,2025-05-18,2025-05 중순,33.3333
123577,카구아 블랑&루즈 3병세트 (6본입),맥주,수입맥주,5,4,6.0,4,0,1,2025-05-12,2025-05 중순,0.0
109822,피치)스모어초콜릿55g,과자,초콜릿,5,5,6.0,4,0,1,2025-05-11,2025-05 중순,0.0
106523,칠성)탐스제로멜론355ml,음료,탄산음료,6,5,6.0,6,0,0,2025-05-12,2025-05 중순,0.0
220205,유성)유동골뱅이230G,가공식품,캔,4,3,6.0,3,1,0,2025-05-14,2025-05 중순,33.3333
108593,삼립)얼큰버섯칼국수183g,냉장,냉장간편식,5,3,6.0,4,0,1,2025-05-14,2025-05 중순,0.0
109993,탐두 12년,양주와인,양주,6,6,6.0,6,0,0,2025-05-12,2025-05 중순,0.0
123163,필스너우르켈 330ml병(24입),맥주,수입맥주,4,4,6.0,2,0,2,2025-05-12,2025-05 중순,0.0
107745,PB)스파클링워터라임500ml,음료,생수,4,2,6.0,3,1,0,2025-05-11,2025-05 중순,33.3333
113868,네슬레)킷캣청키38g,과자,초콜릿,4,3,6.0,2,0,2,2025-05-15,2025-05 중순,0.0
107323,PB)옷핀세트_H,미용/화장품,미용소품,6,2,6.0,6,0,0,2025-05-12,2025-05 중순,0.0
109502,오리온)더자일리톨리필껌122g,과자,껌,4,3,6.0,3,1,0,2025-05-11,2025-05 중순,33.3333
371766,P&G)다우니실내건조1L_H,가정용품,세제류,6,2,6.0,4,1,0,2025-05-12,2025-05 중순,25.0
052808,웰그린)겨자소스,즉석 식품,즉석치킨,4,3,6.0,3,1,0,2025-05-11,2025-05 중순,33.3333
132036,오뚜기)진라면순한맛5입,면,봉지면,7,5,6.0,5,0,1,2025-05-13,2025-05 중순,0.0
413336,벤투스)PD초고속충전기(C타입)_H,일용잡화,휴대폰/주변기기,4,1,6.0,3,1,0,2025-05-18,2025-05 중순,33.3333
124420,피치)트위젤미니츄애플망고맛28g,과자,캔디류,4,3,6.0,3,1,0,2025-05-15,2025-05 중순,33.3333
240033,오뚜기)토마토케찹500g,조미료/건물,소스류,4,2,6.0,3,1,0,2025-05-11,2025-05 중순,33.3333
191770,디아)오반14년700,양주와인,양주,6,6,6.0,6,0,0,2025-05-16,2025-05 중순,0.0
150154,하겐)파인트딸기,아이스크림,고급,5,4,6.0,4,0,1,2025-05-15,2025-05 중순,0.0
420755,비젼)번호자물쇠_H,문구/완구,사무용품,5,3,6.0,4,0,1,2025-05-12,2025-05 중순,0.0
391031,LG)쏘피유기농100%무표백중형4P,위생용품,생리대,6,5,6.0,6,0,0,2025-05-12,2025-05 중순,0.0
113429,롯데)드림카카오72%,과자,초콜릿,4,3,6.0,3,1,0,2025-05-12,2025-05 중순,33.3333
072008,CJ)맥스봉숯불구이맛핫바90g,냉장,냉장간식,4,2,6.0,3,1,0,2025-05-15,2025-05 중순,33.3333
106095,PB)한끼견과모닝도넛40g,빵,구움과자,6,4,6.0,6,0,0,2025-05-12,2025-05 중순,0.0
401704,아에르KF94마스크M(흰색)_H,약품/의료품,의약외품,5,3,5.0,3,1,0,2025-05-12,2025-05 중순,33.3333
119873,해태)자두캔디2000,과자,캔디류,3,2,5.0,2,1,0,2025-05-14,2025-05 중순,50.0
402018,쉬즈)사가미오리지널2입(0.01mm)_H,약품/의료품,의약외품,3,1,5.0,2,1,0,2025-05-20,2025-05 중순,50.0
109878,월계관 누벨 쥰마이긴죠720ml,전통주,기타전통주,5,4,5.0,5,0,0,2025-05-11,2025-05 중순,0.0
191778,금양)이스까이까버네프랑말벡750ml,양주와인,와인,5,4,5.0,5,0,0,2025-05-11,2025-05 중순,0.0
109246,팔도)비빔면Ⅱ큰컵,면,용기면,5,5,5.0,5,0,0,2025-05-11,2025-05 중순,0.0
108409,오리온)닥터유단백질프로딸기250ml,유음료,프로틴 음료,5,3,5.0,3,1,0,2025-05-12,2025-05 중순,33.3333
372213,롯알)사각때타올(2입)_H,가정용품,욕실용품,3,2,5.0,2,1,0,2025-05-17,2025-05 중순,50.0
105591,광동)썬키스트레몬에이드500ml,음료,주스,3,2,5.0,2,1,0,2025-05-17,2025-05 중순,50.0
202774,큐원)상쾌환부스터제로100ml,음료,기능성드링크,3,1,5.0,2,1,0,2025-05-18,2025-05 중순,50.0
113786,MQ)프링글스양파맛110g,과자,스낵류,3,2,5.0,2,1,0,2025-05-14,2025-05 중순,50.0
151288,오뚜기)씻어나온쌀(명품)3kg,신선,쌀/잡곡,3,2,5.0,2,1,0,2025-05-12,2025-05 중순,50.0
053176,후랑크꼬치,즉석 식품,즉석치킨,3,2,5.0,2,1,0,2025-05-13,2025-05 중순,50.0
601411,오리온)키위알맹이67g,과자,젤리류,3,2,5.0,2,1,0,2025-05-15,2025-05 중순,50.0
115109,TDF)생미쉘마들렝175g,과자,비스킷류,3,2,5.0,2,1,0,2025-05-12,2025-05 중순,50.0
600364,해태)버터링딥초코103g,과자,비스킷류,5,4,5.0,5,0,0,2025-05-14,2025-05 중순,0.0
601116,동서)포스트에너지바액티브45g,과자,프로틴/시리얼,3,1,5.0,2,1,0,2025-05-20,2025-05 중순,50.0
106775,고운벗)달콤바삭마늘빵35g,과자,비스킷류,3,2,5.0,2,1,0,2025-05-11,2025-05 중순,50.0
123347,라포스톨-달라멜 까베르네 소비뇽,양주와인,와인,5,5,5.0,5,0,0,2025-05-11,2025-05 중순,0.0
123368,알타비스타 비베 말벡,양주와인,와인,4,3,5.0,3,0,1,2025-05-12,2025-05 중순,0.0
113180,다렌버그 폴리750ml ,양주와인,와인,5,4,5.0,5,0,0,2025-05-12,2025-05 중순,0.0
160025,칠성)솔의눈240ml캔,음료,차음료,3,1,5.0,2,1,0,2025-05-16,2025-05 중순,50.0
412422,테라톤)차량용USB충전기(2구)_H,일용잡화,휴대폰/주변기기,4,1,5.0,1,1,1,2025-05-17,2025-05 중순,100.0
123460,우마니론끼 까살 디 쎄라,양주와인,와인,5,2,5.0,5,0,0,2025-05-12,2025-05 중순,0.0
123682,니시노세키 쿠니사키 토쿠베츠혼죠조,전통주,기타전통주,5,5,5.0,5,0,0,2025-05-14,2025-05 중순,0.0
109885,핫카이산쥰마이다이긴죠,전통주,기타전통주,3,3,5.0,1,0,2,2025-05-13,2025-05 중순,0.0
110723,삼양)짱구115g,과자,스낵류,5,5,5.0,5,0,0,2025-05-11,2025-05 중순,0.0
124789,드림)훈와리메이진벚꽃모찌26g,과자,스낵류,6,5,5.0,4,0,1,2025-05-11,2025-05 중순,0.0
201259,하이트)토닉워터300ml,음료,탄산음료,3,1,5.0,2,1,0,2025-05-19,2025-05 중순,50.0
200851,코카)조지아맥스240ml,음료,커피음료,3,2,5.0,2,1,0,2025-05-12,2025-05 중순,50.0
124573,동학195713도375ml(3입),전통주,기타전통주,5,5,5.0,5,0,0,2025-05-11,2025-05 중순,0.0
109837,다정)3시15분우롱밀크티원컵16g,건강/기호식품,원컵,3,2,5.0,2,1,0,2025-05-11,2025-05 중순,50.0
113154,엘리먼츠 오브 아일라 버번캐스크 700ml,양주와인,양주,5,5,5.0,5,0,0,2025-05-15,2025-05 중순,0.0
123086,더 글렌그란트 25년,양주와인,양주,5,5,5.0,5,0,0,2025-05-11,2025-05 중순,0.0
190226,진로)매화수,전통주,기타전통주,5,4,5.0,5,0,0,2025-05-11,2025-05 중순,0.0
123240,에델바이스500ml캔(24입),맥주,수입맥주,4,3,5.0,3,0,1,2025-05-11,2025-05 중순,0.0
421605,모나미)그리픽스Z지우개2입_H,문구/완구,일반문구,3,1,5.0,2,1,0,2025-05-16,2025-05 중순,50.0
109482,롯데)허쉬쿠앤크카라멜38g,과자,초콜릿,3,1,5.0,2,1,0,2025-05-14,2025-05 중순,50.0
124380,삼립)와우에그샐러드123g,간식,샐러드(삭제예정),4,4,5.0,3,0,1,2025-05-13,2025-05 중순,0.0
106558,PB)이프바닐라컵팝콘75g,과자,스낵류,3,1,5.0,2,1,0,2025-05-17,2025-05 중순,50.0
119863,PB)체다치즈맛팝콘50g,과자,스낵류,5,4,5.0,2,0,2,2025-05-12,2025-05 중순,0.0
122550,커피빈)바닐라라떼원컵,건강/기호식품,원컵,5,3,5.0,3,1,0,2025-05-13,2025-05 중순,33.3333
170497,오비)필굿500ml캔,맥주,국산맥주,3,2,5.0,2,1,0,2025-05-16,2025-05 중순,50.0
109134,매일)허쉬초코딸기190ml,유음료,가공우유,3,2,5.0,2,1,0,2025-05-11,2025-05 중순,50.0
105300,대호)Big청포도에이드320ml,즉석음료,파우치,3,2,5.0,2,1,0,2025-05-17,2025-05 중순,50.0
109859,삿포로실버컵캔650ml(12입),맥주,수입맥주,5,5,5.0,5,0,0,2025-05-13,2025-05 중순,0.0
124318,MQ)프링글스스윗어니언100g,과자,스낵류,5,4,5.0,3,1,0,2025-05-11,2025-05 중순,33.3333
421004,모나미)3색볼펜1000_후크형_H,문구/완구,일반문구,5,2,5.0,3,1,0,2025-05-12,2025-05 중순,33.3333
124551,빙그레)팝콘붕어싸만코150ml,아이스크림,노벨티,4,3,5.0,3,0,1,2025-05-19,2025-05 중순,0.0
353897,마녀공장)퓨어딥클렌징폼100ml_H,미용/화장품,여성화장품,4,2,5.0,3,0,1,2025-05-11,2025-05 중순,0.0
030683,삼립)흑임자치킨미니샐러드,미반,샐러드 ,4,4,5.0,3,0,1,2025-05-13,2025-05 중순,0.0
420684,제브라)3색볼펜_후크형_H,문구/완구,일반문구,3,2,5.0,2,1,0,2025-05-13,2025-05 중순,50.0
073569,PB)화육계몬스터계란말이300g,냉장,냉장안주,4,2,5.0,3,0,1,2025-05-17,2025-05 중순,0.0
106663,롯데)꼬깔콘매드핫고추장67g,과자,스낵류,5,5,5.0,5,0,0,2025-05-12,2025-05 중순,0.0
106427,칠성)오트몬드프로틴초코190ml,유음료,프로틴 음료,5,3,5.0,5,0,0,2025-05-14,2025-05 중순,0.0
420713,모나미)밀크A4복사지(250매)_H,문구/완구,사무용품,3,1,5.0,2,1,0,2025-05-19,2025-05 중순,50.0
200158,칠성)스카치블루350ml,양주와인,양주,5,5,5.0,5,0,0,2025-05-11,2025-05 중순,0.0
170299,비어)칭따오640ml병,맥주,수입맥주,5,4,5.0,5,0,0,2025-05-11,2025-05 중순,0.0
124314,올드 포레스터 750ml,양주와인,양주,5,5,5.0,5,0,0,2025-05-11,2025-05 중순,0.0
191921,디아블로 카르메네르,양주와인,와인,5,4,5.0,5,0,0,2025-05-11,2025-05 중순,0.0
202663,칠성)탐스제로파인애플355ml,음료,탄산음료,3,1,5.0,2,1,0,2025-05-13,2025-05 중순,50.0
371992,나무)은박돗자리(중형),가정용품,행락용품,5,2,5.0,5,0,0,2025-05-14,2025-05 중순,0.0
109570,7D)초코망고80g,안주,농산안주,3,1,5.0,2,1,0,2025-05-11,2025-05 중순,50.0
220178,동원)라이트참치150g,가공식품,캔,7,4,5.0,4,1,0,2025-05-12,2025-05 중순,25.0
122640,초월홍삼)발효홍삼진15ml,건강/기호식품,건강/이너뷰티,6,4,5.0,4,0,1,2025-05-11,2025-05 중순,0.0
372047,모나미)전기절연테이프_H,가정용품,청소/작업용품,3,1,5.0,2,1,0,2025-05-17,2025-05 중순,50.0
112154,오리온)오징어땅콩202g,과자,스낵류,3,1,5.0,2,1,0,2025-05-11,2025-05 중순,50.0
109985,아카시타이 토쿠베츠 준마이,전통주,기타전통주,4,3,5.0,3,0,1,2025-05-11,2025-05 중순,0.0
162298,머거본)볶음땅콩100g,안주,너트류,3,1,5.0,2,1,0,2025-05-12,2025-05 중순,50.0
170811,칭따오500ml*24입,맥주,수입맥주,3,1,5.0,2,1,0,2025-05-16,2025-05 중순,50.0
360871,PB)남성여행용세트_H,H&B,여행용상품,3,2,5.0,2,1,0,2025-05-12,2025-05 중순,50.0
202217,칠성)깨수깡160ml,음료,기능성드링크,3,1,5.0,2,1,0,2025-05-11,2025-05 중순,50.0
124740,리안)베이직 쿨토시 블랙_H,패션잡화,시즌/소품,5,5,5.0,5,0,0,2025-05-12,2025-05 중순,0.0
601085,롯데)도리토스치즈(대용량)172g,과자,스낵류,5,4,5.0,5,0,0,2025-05-17,2025-05 중순,0.0
105968,G)닛신컵누들칠리토마토맛70g,면,용기면,5,5,5.0,5,0,0,2025-05-12,2025-05 중순,0.0
421489,모나미)3색볼펜3000_H,문구/완구,일반문구,5,3,5.0,5,0,0,2025-05-12,2025-05 중순,0.0
372232,롯알)환경을생각하는종이컵50입,가정용품,행락용품,3,2,5.0,2,1,0,2025-05-17,2025-05 중순,50.0
401509,동국)마데카메디패치(스팟)33매_H,약품/의료품,의약외품,5,4,5.0,5,0,0,2025-05-14,2025-05 중순,0.0
201557,칠성)트레비(자몽)500ml,음료,생수,3,2,5.0,2,1,0,2025-05-20,2025-05 중순,50.0
150139,하겐)컵바닐라,아이스크림,고급,5,4,5.0,5,0,0,2025-05-17,2025-05 중순,0.0
360868,애경)케라시스데미지린스_H,H&B,샴푸/린스,5,5,5.0,5,0,0,2025-05-13,2025-05 중순,0.0
102819,PB)커피우유500ml,유음료,가공우유,5,5,5.0,5,0,0,2025-05-11,2025-05 중순,0.0
070791,남양)불가리스딸기150ml,유음료,요구르트,3,3,5.0,1,0,2,2025-05-12,2025-05 중순,0.0
413560,마즈)쉬바참치와닭가슴살70g_H,일용잡화,반려동물용품,3,1,5.0,2,1,0,2025-05-18,2025-05 중순,50.0
092882,프레시팜)바나나2입,신선,과일,5,5,5.0,5,0,0,2025-05-12,2025-05 중순,0.0
113143,세노테 아네호 700ml,양주와인,양주,5,5,5.0,5,0,0,2025-05-11,2025-05 중순,0.0
390842,LG)바디피트내몸에순한면대형16P,위생용품,생리대,5,5,5.0,5,0,0,2025-05-11,2025-05 중순,0.0
107453,PB)K리그팝콘200g,과자,스낵류,5,4,5.0,5,0,0,2025-05-11,2025-05 중순,0.0
115303,돈훌리오 블랑코 750ml,양주와인,양주,4,4,5.0,3,0,1,2025-05-11,2025-05 중순,0.0
109928,발렌타인7년 700ml,양주와인,양주,5,2,5.0,5,0,0,2025-05-11,2025-05 중순,0.0
361435,존슨)리스테린그린티100ml_H,H&B,치약,3,1,5.0,2,1,0,2025-05-16,2025-05 중순,50.0
391038,깨끗한)건강한순수한면중형16P,위생용품,생리대,3,2,5.0,2,1,0,2025-05-11,2025-05 중순,50.0
162301,바프)멸치아몬드100g,안주,너트류,5,3,5.0,5,0,0,2025-05-14,2025-05 중순,0.0
113153,글렌알라키 싱글몰트위스키 10년 스패니시 오크 700ml,양주와인,양주,5,4,5.0,5,0,0,2025-05-11,2025-05 중순,0.0
124686,나무)드럼스틱모양젤리(딸기&밀크)50g,과자,젤리류,3,2,5.0,2,1,0,2025-05-11,2025-05 중순,50.0
601414,스위트)부르봉페투치니(포도)50g,과자,젤리류,3,1,5.0,2,1,0,2025-05-12,2025-05 중순,50.0
170917,하이트)켈리1.6L페트,맥주,국산맥주,5,2,5.0,3,1,0,2025-05-11,2025-05 중순,33.3333
191966,아멜리에 샤를스파 리슬링,양주와인,와인,4,4,5.0,3,0,1,2025-05-11,2025-05 중순,0.0
190983,나라)몬테스클래식샤도네이750ml,양주와인,와인,3,1,5.0,2,1,0,2025-05-11,2025-05 중순,50.0
123848,윈저21년 500ml,양주와인,양주,4,4,5.0,3,0,1,2025-05-12,2025-05 중순,0.0
381648,신영)비너스스트롱팬티(블랙)_H,패션잡화,스타킹,3,1,5.0,2,1,0,2025-05-18,2025-05 중순,50.0
401741,신행)SKYN엘리트콘돔3P(초박형)_H,약품/의료품,의약외품,3,2,5.0,2,1,0,2025-05-13,2025-05 중순,50.0
123158,코젤라거 500ml캔(24입),맥주,수입맥주,5,4,5.0,5,0,0,2025-05-13,2025-05 중순,0.0
161735,홍선)쇠고기육포채16g,안주,육포,5,1,5.0,3,1,0,2025-05-20,2025-05 중순,33.3333
106291,롯데)스크류바0칼로리75ml,아이스크림,노벨티,5,3,5.0,3,1,0,2025-05-11,2025-05 중순,33.3333
112279,PB)머거본칼몬드60g,안주,너트류,4,3,5.0,3,0,1,2025-05-17,2025-05 중순,0.0
201964,HK)컨디션CEO150ml,음료,기능성드링크,3,2,5.0,2,1,0,2025-05-11,2025-05 중순,50.0
211881,매일)상하목장아이스딸기474ml,아이스크림,고급,4,4,5.0,3,0,1,2025-05-13,2025-05 중순,0.0
123946,APP전용)머쉬룸투움바비프버거,조리빵,햄버거,5,4,5.0,5,0,0,2025-05-13,2025-05 중순,0.0
201556,칠성)우엉차500ml,음료,차음료,5,3,5.0,3,1,0,2025-05-11,2025-05 중순,33.3333
192137,와인오브섭스텐스까버네소비,양주와인,와인,7,7,5.0,6,0,0,2025-05-11,2025-05 중순,0.0
124465,칠성)칸타타아이스블랙커피500ml,즉석음료,파우치,5,4,5.0,3,1,0,2025-05-11,2025-05 중순,33.3333
124756,삼립)런치킨브레스트콤보샐러드,간식,샐러드(삭제예정),4,4,5.0,3,0,1,2025-05-11,2025-05 중순,0.0
240277,CJ)백설콩기름1.8L,조미료/건물,식용유지,3,1,5.0,2,1,0,2025-05-18,2025-05 중순,50.0
202551,웅진)자연은샤인머스켓500ml,음료,주스,3,1,5.0,2,1,0,2025-05-13,2025-05 중순,50.0
601117,동서)포스트에너지바밸런스50g,과자,프로틴/시리얼,3,2,5.0,2,1,0,2025-05-17,2025-05 중순,50.0
180639,진로)참이슬오리지날360ml병,전통주,소주,5,2,5.0,3,1,0,2025-05-11,2025-05 중순,33.3333
106463,MDS)NEW미트파스타230g,간식,냉장피자,3,2,5.0,2,1,0,2025-05-18,2025-05 중순,50.0
107475,바삭블랙페퍼닭다리,즉석 식품,즉석치킨(삭제예정),4,4,5.0,3,0,1,2025-05-17,2025-05 중순,0.0
160765,칠성)델몬트망고1.5L,음료,주스,3,2,5.0,2,1,0,2025-05-15,2025-05 중순,50.0
161264,팔도)뽀로로밀크235ml,음료,주스,3,2,5.0,2,1,0,2025-05-11,2025-05 중순,50.0
170430,제주)제주위트에일500ml캔,맥주,국산맥주,3,2,5.0,2,1,0,2025-05-14,2025-05 중순,50.0
600584,마즈)스키틀즈와일드베리40g,과자,캔디류,4,4,5.0,3,0,1,2025-05-13,2025-05 중순,0.0
202599,동원)투명이온500ml,음료,스포츠음료,3,1,5.0,2,1,0,2025-05-17,2025-05 중순,50.0
391028,99.9%항균안심물티슈20매,위생용품,티슈,3,2,5.0,2,1,0,2025-05-11,2025-05 중순,50.0
123816,1키키쿼카)에코백,과자,캔디류,5,5,5.0,5,0,0,2025-05-13,2025-05 중순,0.0
123466,조쉬 샤르도네,양주와인,와인,4,4,5.0,3,0,1,2025-05-13,2025-05 중순,0.0
201163,칠성)게토레이블루볼트600ml,음료,스포츠음료,5,3,5.0,3,1,0,2025-05-16,2025-05 중순,33.3333
115302,롯데)허쉬키세스밀크52g,과자,초콜릿,3,2,5.0,2,1,0,2025-05-15,2025-05 중순,50.0
381658,남영)비비안스타킹2족입(살구)_H,패션잡화,스타킹,3,2,5.0,2,1,0,2025-05-11,2025-05 중순,50.0
133730,대상)남해멸치액젓골드500ml,조미료/건물,소스류,3,1,5.0,2,1,0,2025-05-18,2025-05 중순,50.0
073454,한양)쫄깃쫄깃훈제닭다리180g,냉장,냉장안주,3,2,5.0,2,1,0,2025-05-17,2025-05 중순,50.0
125073,수정방웰베이,전통주,기타전통주,4,4,5.0,3,0,1,2025-05-13,2025-05 중순,0.0
162373,아라움)크리스피오징어짬뽕맛40g,안주,오징어,5,1,5.0,3,1,0,2025-05-16,2025-05 중순,33.3333
105047,치킨너겟꼬치,즉석 식품,즉석치킨,3,2,5.0,2,1,0,2025-05-12,2025-05 중순,50.0
109853,삿포로맥주350ml(24입),맥주,수입맥주,4,4,5.0,3,0,1,2025-05-17,2025-05 중순,0.0
601413,스위트)알포트미니딸기초콜릿55g,과자,초콜릿,3,1,5.0,2,1,0,2025-05-11,2025-05 중순,50.0
124341,델토리)실타래초콜릿60g,과자,초콜릿,3,2,5.0,2,1,0,2025-05-15,2025-05 중순,50.0
191973,리카솔리 로카 기치아르다,양주와인,와인,7,7,5.0,6,0,0,2025-05-12,2025-05 중순,0.0
071837,계림)군계란2입,냉장,냉장간식,3,2,5.0,2,1,0,2025-05-15,2025-05 중순,50.0
382472,비비안)파인애플팬티스타킹_H,패션잡화,스타킹,3,2,5.0,2,1,0,2025-05-17,2025-05 중순,50.0
152489,오뚜기)돈까스소스290g,조미료/건물,소스류,3,1,5.0,2,1,0,2025-05-13,2025-05 중순,50.0
107465,서주)사각사각아이스젤리(감귤)50g,과자,젤리류,5,2,5.0,5,0,0,2025-05-11,2025-05 중순,0.0
440247,모나미)투명양면테이프_H,문구/완구,일반문구,3,1,5.0,2,1,0,2025-05-18,2025-05 중순,50.0
109688,화요41%750ml,전통주,소주,5,5,5.0,5,0,0,2025-05-11,2025-05 중순,0.0
124230,히비키 하모니,양주와인,양주,3,2,5.0,2,1,0,2025-05-12,2025-05 중순,50.0
201547,칠성)오렌지100 400ml,음료,주스,3,1,5.0,2,1,0,2025-05-11,2025-05 중순,50.0
202588,종근당)자황100ml,음료,기능성드링크,4,2,5.0,3,0,1,2025-05-18,2025-05 중순,0.0
123487,크레스만 쏘떼른,양주와인,와인,5,5,5.0,5,0,0,2025-05-11,2025-05 중순,0.0
109145,크라운)신짱맛탕120g,과자,스낵류,3,2,5.0,2,1,0,2025-05-14,2025-05 중순,50.0
118983,롯데)ABC초코쿠키쿠키앤크림43g,과자,비스킷류,3,2,5.0,2,1,0,2025-05-14,2025-05 중순,50.0
053278,오징어라이스볼꼬치,즉석 식품,즉석치킨,3,2,5.0,2,1,0,2025-05-13,2025-05 중순,50.0
220551,동원)고추참치100g,가공식품,캔,3,2,5.0,2,1,0,2025-05-12,2025-05 중순,50.0
117128,오리온)태양의맛썬핫135g,과자,스낵류,3,1,5.0,2,1,0,2025-05-17,2025-05 중순,50.0
819329,듀라셀)울트라AA4입_H,일용잡화,건전지,3,1,5.0,2,1,0,2025-05-11,2025-05 중순,50.0
141375,동원)꽁치300g,가공식품,캔,3,1,5.0,2,1,0,2025-05-12,2025-05 중순,50.0
600974,하늘)초코약과도넛60g,과자,비스킷류,4,3,5.0,3,0,1,2025-05-12,2025-05 중순,0.0
106987,칠성)칸타타딥블랙200ml,음료,커피음료,3,1,5.0,2,1,0,2025-05-13,2025-05 중순,50.0
600868,동서)오곡코코볼바33g,과자,프로틴/시리얼,5,4,5.0,5,0,0,2025-05-11,2025-05 중순,0.0
600715,오리온)꼬북칩크런치즈80g,과자,스낵류,5,3,5.0,5,0,0,2025-05-12,2025-05 중순,0.0
107791,K리그산리오)인형_쿠로미,문구/완구,일반완구,5,4,5.0,5,0,0,2025-05-14,2025-05 중순,0.0
109153,하림)용가리불볶음면큰컵,면,용기면,3,1,5.0,2,1,0,2025-05-11,2025-05 중순,50.0
114335,스위트)트롤리사우어글로웜즈미니200g,과자,젤리류,3,2,5.0,2,1,0,2025-05-12,2025-05 중순,50.0
413654,디벤)굿민8핀일체형충전기_H,일용잡화,휴대폰/주변기기,3,2,5.0,2,1,0,2025-05-16,2025-05 중순,50.0
108442,돌코리아)후룻볼망고(113g),신선,과일,5,3,5.0,3,1,0,2025-05-16,2025-05 중순,33.3333
180556,하이트)이슬톡톡355ml캔,전통주,기타전통주,5,4,5.0,5,0,0,2025-05-11,2025-05 중순,0.0
114678,투핸즈 릴리스 가든 750ml,양주와인,와인,4,4,5.0,3,0,1,2025-05-11,2025-05 중순,0.0
124921,하겐)파인트티라미수403ml,아이스크림,고급,3,1,5.0,2,1,0,2025-05-19,2025-05 중순,50.0
202140,코카)암바사345ml,음료,탄산음료,3,2,5.0,2,1,0,2025-05-17,2025-05 중순,50.0
191022,페르)발렌타인파이니스트200ml,양주와인,양주,5,1,5.0,3,1,0,2025-05-18,2025-05 중순,33.3333
140270,동원)매운고추참치150g,가공식품,캔,3,2,5.0,2,1,0,2025-05-11,2025-05 중순,50.0
124487,유앤)흔들흔들판다젤리68g,디저트,젤리,5,4,5.0,5,0,0,2025-05-11,2025-05 중순,0.0
118204,청우)쫀득초코칩90g,과자,비스킷류,3,1,5.0,2,1,0,2025-05-15,2025-05 중순,50.0
107320,PB)똑딱핀_H,미용/화장품,미용소품,3,1,5.0,2,1,0,2025-05-13,2025-05 중순,50.0
161181,칠성)칸타타프리미엄라떼200,음료,커피음료,3,1,5.0,2,1,0,2025-05-12,2025-05 중순,50.0
107560,농심)누들핏짜파구리맛,면,용기면,6,2,5.0,4,0,1,2025-05-18,2025-05 중순,0.0
109846,산미구엘페일필젠캔500ml(24입),맥주,수입맥주,5,5,5.0,5,0,0,2025-05-14,2025-05 중순,0.0
372129,유한)곰팡이제거제500g*2_H,가정용품,세제류,3,2,5.0,2,1,0,2025-05-13,2025-05 중순,50.0
124692,PB)아메리카노스위트1.5L,즉석음료,파우치,3,1,5.0,2,1,0,2025-05-16,2025-05 중순,50.0
190314,52-01_윈저17년450ml,양주와인,양주,5,5,5.0,5,0,0,2025-05-12,2025-05 중순,0.0
360794,아모레)메디안치석케어93%_H,H&B,치약,3,2,5.0,2,1,0,2025-05-16,2025-05 중순,50.0
601333,오리온)와우아이셔21g,과자,껌,3,2,5.0,2,1,0,2025-05-11,2025-05 중순,50.0
124449,사조)빠삭어묵칩매콤한맛40g,안주,생선류,4,4,5.0,3,0,1,2025-05-11,2025-05 중순,0.0
108247,오뚜기)열광라볶이큰컵,면,용기면,4,4,5.0,3,0,1,2025-05-11,2025-05 중순,0.0
107794,K리그산리오)인형_시나모롤,문구/완구,일반완구,4,3,5.0,3,0,1,2025-05-15,2025-05 중순,0.0
109786,엠즈)밤티라미수120g,디저트,냉장베이커리,5,4,5.0,5,0,0,2025-05-11,2025-05 중순,0.0
124142,훼밀리)BBQ마시멜로우30g,과자,캔디류,3,2,5.0,2,1,0,2025-05-11,2025-05 중순,50.0
117195,롯데)초코쿠키빼빼로37g,과자,비스킷류,5,1,5.0,3,1,0,2025-05-18,2025-05 중순,33.3333
370983,P&G)다우니핑크1L_H,가정용품,세제류,5,1,5.0,3,1,0,2025-05-13,2025-05 중순,33.3333
201076,코카)미닛프리미엄오렌지350ml,음료,주스,3,2,5.0,2,1,0,2025-05-11,2025-05 중순,50.0
170499,플래)골목대장골드에일500ml캔,맥주,국산맥주,5,3,5.0,5,0,0,2025-05-17,2025-05 중순,0.0
113152,글렌알라키 싱글몰트위스키 8년 스코티시 오크  700ml,양주와인,양주,5,5,5.0,5,0,0,2025-05-11,2025-05 중순,0.0
123157,코젤다크 500ml캔(24입),맥주,수입맥주,5,5,5.0,5,0,0,2025-05-16,2025-05 중순,0.0
106955,LG)쏘피유기농대형4P,위생용품,생리대,4,2,5.0,3,0,1,2025-05-12,2025-05 중순,0.0
125049,선우)25년 절화 바구니,서비스 상품,기타,3,1,5.0,2,1,0,2025-05-14,2025-05 중순,50.0
123680,키쿠스이 준마이,전통주,기타전통주,4,4,4.0,4,0,0,2025-05-11,2025-05 중순,0.0
123369,비네암 샤또 그랑 페랑 테르 아무레즈,양주와인,와인,4,4,4.0,4,0,0,2025-05-12,2025-05 중순,0.0
083909,엔제이)스위트도넛100g,빵,간식빵,4,2,4.0,4,0,0,2025-05-19,2025-05 중순,0.0
413164,알미늄)에탄올워셔액(브니)_H,일용잡화,자동차용품,2,1,4.0,1,1,0,2025-05-12,2025-05 중순,100.0
107150,해태)고향김치손만두330g,냉동,냉동만두,3,3,4.0,2,0,1,2025-05-16,2025-05 중순,0.0
140724,오뚜기)전복죽285g,가공식품,가공미반류,4,2,4.0,2,1,0,2025-05-12,2025-05 중순,50.0
123451,비네암 샤또 그랑 페랑 AOC 보르도,양주와인,와인,4,4,4.0,4,0,0,2025-05-11,2025-05 중순,0.0
114540,투핸즈 섹시 비스트750ml,양주와인,와인,3,3,4.0,2,0,1,2025-05-16,2025-05 중순,0.0
202659,링티)링티제로레몬라임500ml,음료,스포츠음료,2,1,4.0,1,1,0,2025-05-11,2025-05 중순,100.0
109960,마르텔XO 700ml,양주와인,양주,4,4,4.0,4,0,0,2025-05-11,2025-05 중순,0.0
114405,프레스코발디 니포짜노 몬테소디750ml,양주와인,와인,6,4,4.0,5,0,0,2025-05-11,2025-05 중순,0.0
123462,로르나노 끼안띠 클라시코,양주와인,와인,3,2,4.0,2,0,1,2025-05-12,2025-05 중순,0.0
109915,알카화이트(12입),양주와인,와인,4,3,4.0,4,0,0,2025-05-12,2025-05 중순,0.0
124525,오마르버번캐스크700ml,양주와인,양주,4,3,4.0,4,0,0,2025-05-12,2025-05 중순,0.0
113183,아스티카 토론테스750ml ,양주와인,와인,3,1,4.0,2,0,1,2025-05-17,2025-05 중순,0.0
109052,PB)진짜주스사과당근245ml,음료,주스,2,1,4.0,1,1,0,2025-05-13,2025-05 중순,100.0
113073,디아)조니워커블랙오징어게임에디션750ml,양주와인,양주,4,3,4.0,4,0,0,2025-05-15,2025-05 중순,0.0
106130,진로)진로골드360ml병,전통주,소주,3,2,4.0,2,0,1,2025-05-13,2025-05 중순,0.0
106805,삼립)꼬부기초코바닐라생크림빵,디저트,냉장베이커리,4,4,4.0,4,0,0,2025-05-13,2025-05 중순,0.0
420846,비젼)타포린쇼핑백_H,문구/완구,기타문구,2,1,4.0,1,1,0,2025-05-19,2025-05 중순,100.0
371082,롯알)위생장갑48매입_H,가정용품,주방용품,2,1,4.0,1,1,0,2025-05-13,2025-05 중순,100.0
104979,삼립)트리플미트부리또125g,간식,냉장피자,3,3,4.0,2,0,1,2025-05-13,2025-05 중순,0.0
121026,네슬레)수프리모병100g,건강/기호식품,커피,4,2,4.0,4,0,0,2025-05-16,2025-05 중순,0.0
381450,신영)비너스압박올풀림방지_살구_H,패션잡화,스타킹,4,1,4.0,2,1,0,2025-05-11,2025-05 중순,50.0
113177,씨씨)남성면트렁크(105)_H,패션잡화,팬티/내의,4,4,4.0,4,0,0,2025-05-11,2025-05 중순,0.0
192028,롯데)브레드앤버터까버네750ml,양주와인,와인,3,3,4.0,2,0,1,2025-05-19,2025-05 중순,0.0
109728,하림)더미식갈비교자140g,냉동,냉동만두,4,3,4.0,2,1,0,2025-05-11,2025-05 중순,50.0
190980,페르)제임슨200ml,양주와인,양주,4,4,4.0,4,0,0,2025-05-11,2025-05 중순,0.0
109876,월계관호린쥰마이다이긴죠720ml,전통주,기타전통주,4,4,4.0,4,0,0,2025-05-11,2025-05 중순,0.0
123560,로얄살루트 21년 패션 에디션 3 700ml,양주와인,양주,4,4,4.0,4,0,0,2025-05-11,2025-05 중순,0.0
115676,농심)닭다리너겟130g,과자,스낵류,4,2,4.0,2,1,0,2025-05-15,2025-05 중순,50.0
180200,오비)호가든330ml캔,맥주,수입맥주,4,1,4.0,2,1,0,2025-05-16,2025-05 중순,50.0
113593,사가모어 라이 더블오크700ml,양주와인,양주,5,4,4.0,3,0,1,2025-05-13,2025-05 중순,0.0
123874,러셀 리저브 싱글배럴 라이,양주와인,양주,5,3,4.0,3,0,1,2025-05-11,2025-05 중순,0.0
124577,능이주13도375ml(2입),전통주,기타전통주,2,1,4.0,1,1,0,2025-05-19,2025-05 중순,100.0
123452,얄리 그랑 레세르바 샤르도네,양주와인,와인,4,4,4.0,4,0,0,2025-05-14,2025-05 중순,0.0
119574,동서)오레오민트초코84g,과자,비스킷류,4,3,4.0,4,0,0,2025-05-13,2025-05 중순,0.0
107673,K리그산리오)머플러(시나모롤),패션잡화,시즌/소품,3,3,4.0,2,0,1,2025-05-12,2025-05 중순,0.0
108596,대상)안주야오치즈바질토마토30g,안주,스낵안주,4,4,4.0,4,0,0,2025-05-12,2025-05 중순,0.0
450230,마즈)시져쇠고기100G_H,일용잡화,반려동물용품,4,1,4.0,2,1,0,2025-05-18,2025-05 중순,50.0
112079,롯데)아라비카커피껌,과자,껌,2,1,4.0,1,1,0,2025-05-17,2025-05 중순,100.0
108707,비알)메롱멜론우유190ml,유음료,가공우유,4,2,4.0,2,1,0,2025-05-12,2025-05 중순,50.0
125724,간바레오또상900ml(6입),전통주,기타전통주,4,2,4.0,4,0,0,2025-05-19,2025-05 중순,0.0
192140,산토리)메이커스마크200ml,양주와인,양주,4,4,4.0,4,0,0,2025-05-13,2025-05 중순,0.0
192463,TB)글렌그란트15년700ml,양주와인,양주,4,2,4.0,4,0,0,2025-05-12,2025-05 중순,0.0
106097,에이스)전주수제딸기초코파이75g,빵,구움과자,2,1,4.0,1,1,0,2025-05-11,2025-05 중순,100.0
370428,동아)템포슈퍼10입,위생용품,생리대,4,4,4.0,4,0,0,2025-05-18,2025-05 중순,0.0
201488,동서)TOP더블랙380ml,음료,커피음료,4,1,4.0,2,1,0,2025-05-20,2025-05 중순,50.0
118919,롯데)허쉬바이츠쿠키앤초코36g,과자,초콜릿,2,1,4.0,1,1,0,2025-05-13,2025-05 중순,100.0
192481,트레드소프틀리핑크진700ml,양주와인,양주,4,4,4.0,4,0,0,2025-05-11,2025-05 중순,0.0
123869,글렌알라키 18년 700ml,양주와인,양주,3,3,4.0,2,0,1,2025-05-13,2025-05 중순,0.0
201151,칠성)칸타타카라멜마키아토275ml,음료,커피음료,5,4,4.0,3,0,1,2025-05-14,2025-05 중순,0.0
109920,시뇨리 모스카토다스티(12입),양주와인,와인,4,4,4.0,4,0,0,2025-05-12,2025-05 중순,0.0
362600,도루코)PACE5중날휴대면도기1입_H,H&B,면도용품,4,3,4.0,4,0,0,2025-05-12,2025-05 중순,0.0
121379,동서)미니카누마일드100입,건강/기호식품,커피,4,2,4.0,2,1,0,2025-05-14,2025-05 중순,50.0
108080,아미)레몬슬라이스얼음컵(라지),즉석음료,얼음,4,1,4.0,2,1,0,2025-05-14,2025-05 중순,50.0
192128,산타리타리저브샤도네,양주와인,와인,4,4,4.0,4,0,0,2025-05-14,2025-05 중순,0.0
141133,CJ)햇반소프트밀소고기죽,가공식품,가공미반류,5,4,4.0,3,0,1,2025-05-11,2025-05 중순,0.0
118206,일신)트리플파워푸시팝레드33g,과자,캔디류,4,4,4.0,4,0,0,2025-05-11,2025-05 중순,0.0
191653,르프롱드모스카토다스티,양주와인,와인,4,4,4.0,4,0,0,2025-05-12,2025-05 중순,0.0
361701,PB)도루코4중날시스템면도날4입_H,H&B,면도용품,4,2,4.0,4,0,0,2025-05-16,2025-05 중순,0.0
073275,삼립)강릉식장칼국수206g,냉장,냉장간편식,6,3,4.0,5,0,0,2025-05-14,2025-05 중순,0.0
110370,머거본)믹스너트135g,안주,너트류,2,1,4.0,1,1,0,2025-05-13,2025-05 중순,100.0
114391,플라네타 코메타750ml,양주와인,와인,4,4,4.0,4,0,0,2025-05-11,2025-05 중순,0.0
240117,오뚜기)고소한참기름55ml,조미료/건물,식용유지,4,1,4.0,2,1,0,2025-05-14,2025-05 중순,50.0
420797,모나미)이중봉투(5입)_H,문구/완구,노트/봉투,4,4,4.0,4,0,0,2025-05-17,2025-05 중순,0.0
124746,빙그레)요맘때콘블루베리150ml,아이스크림,노벨티,3,3,4.0,2,0,1,2025-05-11,2025-05 중순,0.0
108602,네슬레)폴로오리지널30g,과자,캔디류,6,4,4.0,3,1,0,2025-05-12,2025-05 중순,33.3333
111995,롯데)목캔디믹스베리38g,과자,캔디류,3,3,4.0,2,0,1,2025-05-14,2025-05 중순,0.0
190335,금양)1865까베르네쇼비뇽,양주와인,와인,3,3,4.0,2,0,1,2025-05-13,2025-05 중순,0.0
152568,대상)맛소금(용기)95g,조미료/건물,조미료,4,2,4.0,2,1,0,2025-05-11,2025-05 중순,50.0
105699,오츠카)나랑드사이다345ml캔,음료,탄산음료,4,4,4.0,4,0,0,2025-05-14,2025-05 중순,0.0
600990,엔제이)휘슬라무네포도향22g,과자,캔디류,2,1,4.0,1,1,0,2025-05-15,2025-05 중순,100.0
412643,"테라톤)카드형보조배터리5,000mA_H",일용잡화,휴대폰/주변기기,4,4,4.0,4,0,0,2025-05-13,2025-05 중순,0.0
124796,풀무원)고소하고부드럽게구운란75g,냉장,냉장간식,3,3,4.0,2,0,1,2025-05-14,2025-05 중순,0.0
202186,OKF)워터멜론500ml,음료,주스,4,1,4.0,2,1,0,2025-05-19,2025-05 중순,50.0
391039,깨끗한)건강한순수한면대형14P,위생용품,생리대,2,1,4.0,1,1,0,2025-05-13,2025-05 중순,100.0
123088,와일드 터키 라이,양주와인,양주,4,4,4.0,4,0,0,2025-05-13,2025-05 중순,0.0
371263,롯알)고무장갑(대)_H,가정용품,주방용품,2,1,4.0,1,1,0,2025-05-14,2025-05 중순,100.0
118205,삼양)사또밥67g,과자,스낵류,4,2,4.0,4,0,0,2025-05-15,2025-05 중순,0.0
211798,롯데)색고드름125ml,아이스크림,노벨티,4,2,4.0,4,0,0,2025-05-14,2025-05 중순,0.0
212076,매일)상하목장아이스초코474ml,아이스크림,고급,2,1,4.0,1,1,0,2025-05-14,2025-05 중순,100.0
190982,나라)몬테스클래식까버네쇼비뇽,양주와인,와인,4,3,4.0,4,0,0,2025-05-11,2025-05 중순,0.0
354098,센카클레이클렌징폼120g_H,미용/화장품,여성화장품,2,1,4.0,1,1,0,2025-05-16,2025-05 중순,100.0
123984,츠카사보탄 야마유즈 시보리,전통주,기타전통주,3,3,4.0,2,0,1,2025-05-14,2025-05 중순,0.0
413583,동원)뉴트리스틱(참치)_H,일용잡화,반려동물용품,4,4,4.0,4,0,0,2025-05-16,2025-05 중순,0.0
123774,삼립)개굴닌자밀키소다롤85g,빵,간식빵,4,4,4.0,4,0,0,2025-05-13,2025-05 중순,0.0
401387,해외)에이스밴드S(일반형)_H,약품/의료품,의약외품,2,1,4.0,1,1,0,2025-05-16,2025-05 중순,100.0
109877,월계관 쥰마이 다이긴죠720ml,전통주,기타전통주,4,3,4.0,4,0,0,2025-05-11,2025-05 중순,0.0
190839,롯데)L와인멜롯750ml,양주와인,와인,4,3,4.0,4,0,0,2025-05-11,2025-05 중순,0.0
124687,삼립)주종발효완듀앙금소보루95g,빵,간식빵,2,1,4.0,1,1,0,2025-05-16,2025-05 중순,100.0
202595,PB)NEW제주녹차500ml,음료,차음료,3,2,4.0,2,0,1,2025-05-13,2025-05 중순,0.0
123370,라포스톨 그랑 셀렉션 까르메네르,양주와인,와인,4,4,4.0,4,0,0,2025-05-12,2025-05 중순,0.0
153100,CJ)진한참기름160ml,조미료/건물,식용유지,2,1,4.0,1,1,0,2025-05-11,2025-05 중순,100.0
108570,하이트)블랙보리다크로스트520ml,음료,차음료,3,2,4.0,2,0,1,2025-05-11,2025-05 중순,0.0
191889,디카이퍼 망고700ml,양주와인,리쿼,3,2,4.0,2,0,1,2025-05-16,2025-05 중순,0.0
191651,금양)시데랄750ml,양주와인,와인,4,4,4.0,4,0,0,2025-05-13,2025-05 중순,0.0
210210,오뚜기)열라면큰컵,면,용기면,2,1,4.0,1,1,0,2025-05-18,2025-05 중순,100.0
123366,또스띠-모스까또 다스띠 NV,양주와인,와인,4,4,4.0,4,0,0,2025-05-11,2025-05 중순,0.0
107274,해태)충전시간40g,과자,초콜릿,2,1,4.0,1,1,0,2025-05-14,2025-05 중순,100.0
152339,오뚜기)올리고당700g,조미료/건물,조미료,3,2,4.0,2,0,1,2025-05-11,2025-05 중순,0.0
124594,귀리귀인1894고부25도500ml(2입),전통주,기타전통주,2,1,4.0,1,1,0,2025-05-18,2025-05 중순,100.0
116078,미성)허쉬초코칩싱글쿠키50g,과자,비스킷류,4,3,4.0,4,0,0,2025-05-13,2025-05 중순,0.0
371487,LG)아우라1L(윌유메리미)_H,가정용품,세제류,4,3,4.0,4,0,0,2025-05-12,2025-05 중순,0.0
124782,"4월 삼각김밥,김밥 구독",,,2,1,4.0,1,1,0,2025-05-18,2025-05 중순,100.0
201262,광동)헛개파워100ml,음료,기능성드링크,2,1,4.0,1,1,0,2025-05-20,2025-05 중순,100.0
421283,록타이트)순간접착제1g*3입(젤타_H,문구/완구,일반문구,4,4,4.0,4,0,0,2025-05-11,2025-05 중순,0.0
107073,롯데)몽쉘딸기12입408g,과자,비스킷류,4,3,4.0,4,0,0,2025-05-14,2025-05 중순,0.0
170740,오비)카스제로500ml캔,맥주,무알콜맥주,4,2,4.0,2,1,0,2025-05-17,2025-05 중순,50.0
062510,덴마크)드링킹플레인275ml,유음료,요구르트,2,1,4.0,1,1,0,2025-05-17,2025-05 중순,100.0
413640,라인)C타입일회용배터리2600_H,일용잡화,휴대폰/주변기기,4,3,4.0,4,0,0,2025-05-12,2025-05 중순,0.0
107086,K리그산리오)면티셔츠100,패션잡화,시즌/소품,3,2,4.0,2,0,1,2025-05-11,2025-05 중순,0.0
124046,델토리)스웨디시스타일초코홀릭47g,과자,초콜릿,4,4,4.0,4,0,0,2025-05-11,2025-05 중순,0.0
124595,귀리귀인1894혁명45도500ml,전통주,기타전통주,4,4,4.0,4,0,0,2025-05-14,2025-05 중순,0.0
124702,팔도)뽀로로멜론톡335ml,음료,탄산음료,3,2,4.0,2,0,1,2025-05-11,2025-05 중순,0.0
124306,잭다니엘스700ml,양주와인,양주,4,4,4.0,4,0,0,2025-05-11,2025-05 중순,0.0
400925,모나미)신신파프 핫(5입)_H,약품/의료품,의약외품,2,1,4.0,1,1,0,2025-05-14,2025-05 중순,100.0
106744,담터)콤부차애플망고10입(고라파덕),건강/기호식품,차,4,3,4.0,4,0,0,2025-05-12,2025-05 중순,0.0
133726,대상)순창양념쌈장190g,조미료/건물,장류,2,1,4.0,1,1,0,2025-05-20,2025-05 중순,100.0
121662,PB)NEW옥수수수염차25입,건강/기호식품,차,2,1,4.0,1,1,0,2025-05-13,2025-05 중순,100.0
107084,K리그산리오)면티셔츠90,패션잡화,시즌/소품,2,2,4.0,0,0,2,2025-05-15,2025-05 중순,0.0
108488,유앤)동결건조행성젤리,과자,젤리류,4,1,4.0,2,1,0,2025-05-18,2025-05 중순,50.0
360314, 모나미)아쿠아방수밴드_H,약품/의료품,의약외품,6,5,4.0,3,1,0,2025-05-11,2025-05 중순,33.3333
107385,PB)손톱깎이_H,미용/화장품,미용소품,6,5,4.0,5,0,0,2025-05-11,2025-05 중순,0.0
109926,디콘 700ml,양주와인,양주,4,4,4.0,4,0,0,2025-05-16,2025-05 중순,0.0
106638,코카)코카콜라체리제로500ml,음료,탄산음료,3,3,4.0,2,0,1,2025-05-17,2025-05 중순,0.0
601158,롯데)오잉노가리칩청양마요60g,과자,스낵류,2,1,4.0,1,1,0,2025-05-19,2025-05 중순,100.0
200820,웅진)꿀홍삼180ml,음료,전통음료,2,1,4.0,1,1,0,2025-05-12,2025-05 중순,100.0
125074,수정방레드포춘(홍운장),전통주,기타전통주,4,3,4.0,4,0,0,2025-05-11,2025-05 중순,0.0
107420,롯데)후르츠공식껌(레몬),과자,껌,2,1,4.0,1,1,0,2025-05-11,2025-05 중순,100.0
124739,빙그레)따옴바키위75ml,아이스크림,노벨티,3,3,4.0,2,0,1,2025-05-11,2025-05 중순,0.0
161180,칠성)칸타타아메리카노200ml,음료,커피음료,2,1,4.0,1,1,0,2025-05-13,2025-05 중순,100.0
109974,제주위트에일500ml캔(24입),맥주,수입맥주,4,4,4.0,4,0,0,2025-05-13,2025-05 중순,0.0
123809,선우)빅납작복숭아80g,과자,젤리류,3,3,4.0,2,0,1,2025-05-13,2025-05 중순,0.0
122202,이디야)골드블렌드커피믹스20입,건강/기호식품,커피,4,2,4.0,4,0,0,2025-05-19,2025-05 중순,0.0
106779,유디)하와이안마카다미아초코50g,과자,비스킷류,4,1,4.0,2,1,0,2025-05-17,2025-05 중순,50.0
123365,레오나르드 커리쉬-SS 아우스레제,양주와인,와인,4,3,4.0,4,0,0,2025-05-12,2025-05 중순,0.0
117189,롯데)애니타임2500,과자,캔디류,3,2,4.0,2,0,1,2025-05-18,2025-05 중순,0.0
170860,롱보드라거병24입,맥주,수입맥주,3,3,4.0,2,0,1,2025-05-12,2025-05 중순,0.0
210178,오뚜기)프레스코스파게티500g,가공식품,상온간편식,2,1,4.0,1,1,0,2025-05-16,2025-05 중순,100.0
123541,더 나파 레드,양주와인,와인,4,3,4.0,4,0,0,2025-05-11,2025-05 중순,0.0
200435,롯데)옐로우테일까버네750ml,양주와인,와인,4,3,4.0,4,0,0,2025-05-11,2025-05 중순,0.0
093380,SNJ)노랑옥수수1입,신선,야채,4,4,4.0,4,0,0,2025-05-11,2025-05 중순,0.0
370682,P&G)페브리즈에어(린넨스카이)_H,가정용품,방향제,4,1,4.0,2,1,0,2025-05-11,2025-05 중순,50.0
420220,모나미)생잉크유성매직(흑)_H,문구/완구,일반문구,4,3,4.0,4,0,0,2025-05-16,2025-05 중순,0.0
190931,디아)조니워커레드200ml,양주와인,양주,4,4,4.0,4,0,0,2025-05-13,2025-05 중순,0.0
192497,키노비700ml,양주와인,양주,4,4,4.0,4,0,0,2025-05-13,2025-05 중순,0.0
105934,스위트)트롤리피자젤리12g,과자,젤리류,4,4,4.0,4,0,0,2025-05-11,2025-05 중순,0.0
162309,머거본)커피땅콩300g,안주,너트류,2,1,4.0,1,1,0,2025-05-17,2025-05 중순,100.0
123450,얄리 그랑 레세르바 까베르네 소비뇽,양주와인,와인,4,4,4.0,4,0,0,2025-05-11,2025-05 중순,0.0
106549,동원)참치액진500g,조미료/건물,조미료,2,1,4.0,1,1,0,2025-05-11,2025-05 중순,100.0
123467,무가 블랑코,양주와인,와인,3,2,4.0,2,0,1,2025-05-12,2025-05 중순,0.0
170396,오비)new카스640ml병,맥주,국산맥주,3,2,4.0,2,0,1,2025-05-13,2025-05 중순,0.0
123982,송죽매 미오,전통주,기타전통주,4,4,4.0,4,0,0,2025-05-11,2025-05 중순,0.0
153104,CJ)청양초된장찌개양념450g,조미료/건물,소스류,4,1,4.0,4,0,0,2025-05-13,2025-05 중순,0.0
115354,롯데)가나프리미엄랑드샤모카프레소91g,과자,비스킷류,4,4,4.0,4,0,0,2025-05-13,2025-05 중순,0.0
053125,고래사)모둠어묵꼬치,즉석 식품,즉석간식,6,6,4.0,5,0,0,2025-05-11,2025-05 중순,0.0
191199,롯데)몬테프리오750ml,양주와인,와인,4,3,4.0,4,0,0,2025-05-16,2025-05 중순,0.0
170915,하이트)켈리355ml캔,맥주,국산맥주,4,4,4.0,4,0,0,2025-05-16,2025-05 중순,0.0
123941,펜폴즈 클럽 토니,양주와인,와인,3,3,4.0,2,0,1,2025-05-11,2025-05 중순,0.0
601420,훼밀리)케어베어자일리톨구미(포,과자,젤리류,2,1,4.0,1,1,0,2025-05-20,2025-05 중순,100.0
053211,대왕튀김만두,즉석 식품,즉석치킨,4,4,4.0,4,0,0,2025-05-13,2025-05 중순,0.0
420596,모나미)크립1400_H,문구/완구,사무용품,2,1,4.0,1,1,0,2025-05-13,2025-05 중순,100.0
106928,PB)복숭아아이스컵200ml,아이스크림,노벨티,3,2,4.0,2,0,1,2025-05-17,2025-05 중순,0.0
362313,LG)엘라스틴 러브미샴푸600ml_H,H&B,샴푸/린스,2,1,4.0,1,1,0,2025-05-12,2025-05 중순,100.0
170900,에이이)코젤화이트500ml캔,맥주,수입맥주,3,3,4.0,2,0,1,2025-05-13,2025-05 중순,0.0
123784,삼진)1953어묵순살바80g(야채맛),냉장,냉장간식,6,5,4.0,5,0,0,2025-05-11,2025-05 중순,0.0
053072,국내산매콤통가슴살,즉석 식품,즉석치킨(삭제예정),4,3,4.0,4,0,0,2025-05-15,2025-05 중순,0.0
123574,카구아 루즈 (6본입),맥주,수입맥주,4,4,4.0,4,0,0,2025-05-11,2025-05 중순,0.0
124794,PB)직화뼈없는불닭발200g,냉장,냉장안주,2,1,4.0,1,1,0,2025-05-17,2025-05 중순,100.0
161859,홍선)일품통육포40g,안주,육포,2,1,4.0,1,1,0,2025-05-11,2025-05 중순,100.0
109932,로얄샬루트21년그레인 700ml,양주와인,양주,4,4,4.0,4,0,0,2025-05-11,2025-05 중순,0.0
381657,남영)비비안스타킹2족입(커피)_H,패션잡화,스타킹,3,3,4.0,2,0,1,2025-05-11,2025-05 중순,0.0
202366,빙그레)아카페라헤이즐넛1L,음료,커피음료,4,4,4.0,4,0,0,2025-05-12,2025-05 중순,0.0
202446,코카)스프라이트제로355ml,음료,탄산음료,4,1,4.0,2,1,0,2025-05-17,2025-05 중순,50.0
151545,오뚜기)허니머스타드265g,조미료/건물,소스류,2,1,4.0,1,1,0,2025-05-13,2025-05 중순,100.0
109887,핫카이산도쿠베츠쥰마이,전통주,기타전통주,4,4,4.0,4,0,0,2025-05-12,2025-05 중순,0.0
201510,해태)포도봉봉340ml,음료,주스,2,1,4.0,1,1,0,2025-05-20,2025-05 중순,100.0
362559,LG)엘라스틴프로틴샴푸480ml_H,H&B,샴푸/린스,4,4,4.0,4,0,0,2025-05-11,2025-05 중순,0.0
132784,PB)매콤뽀요면큰컵,면,용기면,3,3,4.0,2,0,1,2025-05-11,2025-05 중순,0.0
192078,스마일리로제750ml(기념일추천),양주와인,와인,4,4,4.0,4,0,0,2025-05-11,2025-05 중순,0.0
191297,리커)제네시스까베네쇼비뇽750ml,양주와인,와인,4,3,4.0,4,0,0,2025-05-13,2025-05 중순,0.0
170501,비어)칭따오퓨어드래프트500ml캔,맥주,수입맥주,2,1,4.0,1,1,0,2025-05-20,2025-05 중순,100.0
102817,PB)딸기우유500ml,유음료,가공우유,4,4,4.0,4,0,0,2025-05-11,2025-05 중순,0.0
123128,훼밀리)왕왕어포60g,안주,스낵안주,2,1,4.0,1,1,0,2025-05-16,2025-05 중순,100.0
109691,화요200ml3종선물세트2호,전통주,소주,3,2,4.0,2,0,1,2025-05-16,2025-05 중순,0.0
390503,CJ)NEW참그린500g_H,가정용품,세제류,2,1,4.0,1,1,0,2025-05-18,2025-05 중순,100.0
401856,아에르KF94마스크M(그레이)_H,약품/의료품,의약외품,2,1,4.0,1,1,0,2025-05-17,2025-05 중순,100.0
062186,덴마크)인포켓치즈트러플20g,유음료,유제품,4,4,4.0,4,0,0,2025-05-18,2025-05 중순,0.0
106196,PB)초코쿠키파르페340ml,아이스크림,노벨티,3,2,4.0,2,0,1,2025-05-11,2025-05 중순,0.0
123957,PB)곱창볶음160g,냉동,조리냉동,4,2,4.0,2,1,0,2025-05-11,2025-05 중순,50.0
073424,비오케이)피카츄의치즈떡볶이288,냉장,냉장간편식,4,4,4.0,4,0,0,2025-05-11,2025-05 중순,0.0
153045,TDF)림미레몬주스200ml,조미료/건물,소스류,4,2,4.0,4,0,0,2025-05-14,2025-05 중순,0.0
450030,듀라셀)디럭스AA4입_H,일용잡화,건전지,4,1,4.0,2,1,0,2025-05-16,2025-05 중순,50.0
106168,하겐)마카롱블루베리바,아이스크림,고급,2,1,4.0,1,1,0,2025-05-11,2025-05 중순,100.0
153072,대상)감칠맛미원250g,조미료/건물,조미료,2,1,4.0,1,1,0,2025-05-14,2025-05 중순,100.0
192031,스미노프보드카레드700ml,양주와인,양주,4,4,4.0,4,0,0,2025-05-16,2025-05 중순,0.0
112408,PB)오가다레몬꿀물280ml,음료,전통음료,4,4,4.0,4,0,0,2025-05-11,2025-05 중순,0.0
401388,해외)에이스밴드S(혼합형)_H,약품/의료품,의약외품,2,1,4.0,1,1,0,2025-05-13,2025-05 중순,100.0
380001,유니)도브비누_H,H&B,화장비누/바디클렌저,2,1,4.0,1,1,0,2025-05-14,2025-05 중순,100.0
191371,프로페시로제750ml,양주와인,와인,4,4,4.0,4,0,0,2025-05-11,2025-05 중순,0.0
202670,코카)코카콜라제로레몬355ml,음료,탄산음료,4,2,4.0,2,1,0,2025-05-11,2025-05 중순,50.0
390710,깨끗한)깨끗한나라물티슈10매,위생용품,티슈,4,2,4.0,2,1,0,2025-05-11,2025-05 중순,50.0
106030,롯데)제로틴케이스캔디(레몬민트)28g,과자,캔디류,6,4,4.0,5,0,0,2025-05-13,2025-05 중순,0.0
421303,모나미)플러스펜(2입)_후크형_H,문구/완구,일반문구,2,1,4.0,1,1,0,2025-05-13,2025-05 중순,100.0
180387,한국술)국순당대박생막걸리700ml,전통주,막걸리,4,3,4.0,4,0,0,2025-05-16,2025-05 중순,0.0
106954,티젠)콤부차하이볼10T,건강/기호식품,차,4,2,4.0,1,0,2,2025-05-19,2025-05 중순,0.0
124609,밀담52도360ml,전통주,기타전통주,4,4,4.0,4,0,0,2025-05-11,2025-05 중순,0.0
132697,농심)신라면볶음면봉지,면,봉지면,4,2,4.0,4,0,0,2025-05-16,2025-05 중순,0.0
109692,화요200ml3종선물세트3호,전통주,소주,4,4,4.0,4,0,0,2025-05-14,2025-05 중순,0.0
141649,CJ)컵반빅소고기미역국밥,가공식품,가공미반류,2,2,3.0,1,0,1,2025-05-12,2025-05 중순,0.0
124064,유한)좋은느낌입오버대형4P,위생용품,생리대,2,2,3.0,1,0,1,2025-05-13,2025-05 중순,0.0
390841,LG)바디피트내몸에순한면중형18P,위생용품,생리대,3,3,3.0,3,0,0,2025-05-12,2025-05 중순,0.0
109888,핫카이산 혼죠조,전통주,기타전통주,3,3,3.0,3,0,0,2025-05-11,2025-05 중순,0.0
401855,유한양행)하이드로패치밴드6매_H,약품/의료품,의약외품,3,3,3.0,3,0,0,2025-05-11,2025-05 중순,0.0
073363,고래사)어묵탕(시원한맛)360g,냉장,냉장간편식,3,3,3.0,3,0,0,2025-05-11,2025-05 중순,0.0
124586,안동소주일품40도350ml(4입),전통주,기타전통주,3,3,3.0,3,0,0,2025-05-15,2025-05 중순,0.0
117115,롯데)화이트쿠키빼빼로37g,과자,비스킷류,3,1,3.0,3,0,0,2025-05-18,2025-05 중순,0.0
113119,미클토어 디 오리지널 700ml,양주와인,양주,3,3,3.0,3,0,0,2025-05-12,2025-05 중순,0.0
124296,LG)아우라퍼퓸캡슐1L(미스틱문라이즈)_H,가정용품,세제류,3,1,3.0,3,0,0,2025-05-12,2025-05 중순,0.0
062427,구르메)하몽슬라이스50g,유음료,유제품,3,3,3.0,3,0,0,2025-05-11,2025-05 중순,0.0
370848,롯알)eLife집과도_H,가정용품,주방용품,3,1,3.0,1,1,0,2025-05-19,2025-05 중순,100.0
141595,CJ)햇반현미쌀밥210g,가공식품,가공미반류,3,2,3.0,3,0,0,2025-05-12,2025-05 중순,0.0
107540,글로브)밀크쌀과자(치즈맛)240g,과자,스낵류,4,2,3.0,2,0,1,2025-05-11,2025-05 중순,0.0
105400,비알)던킨브라운치즈팝콘75g,과자,스낵류,3,3,3.0,3,0,0,2025-05-12,2025-05 중순,0.0
123712,발랑드 도멘 바로나크 07,양주와인,와인,3,3,3.0,3,0,0,2025-05-19,2025-05 중순,0.0
141722,MQ)통귀리밥컵50g,가공식품,가공미반류,3,3,3.0,3,0,0,2025-05-14,2025-05 중순,0.0
109727,하림)더미식땡초고기교자140g,냉동,냉동만두,3,3,3.0,3,0,0,2025-05-11,2025-05 중순,0.0
123476,마시 깜포피오린,양주와인,와인,3,3,3.0,3,0,0,2025-05-11,2025-05 중순,0.0
106778,유디)하와이안마카다미아쿠키50g,과자,비스킷류,2,2,3.0,1,0,1,2025-05-15,2025-05 중순,0.0
116162,세종)우리밀막걸리750ml,전통주,막걸리,3,3,3.0,3,0,0,2025-05-11,2025-05 중순,0.0
123216,마즈)엠앤엠즈튜브토퍼28g,과자,초콜릿,3,2,3.0,3,0,0,2025-05-11,2025-05 중순,0.0
140008,농심)보노체다치즈스프3입,가공식품,상온간편식,2,2,3.0,1,0,1,2025-05-12,2025-05 중순,0.0
600907,MZ)호올스오렌지27.9g,과자,캔디류,3,3,3.0,3,0,0,2025-05-14,2025-05 중순,0.0
600816,농심)멘토스2in1(그레이프소다),과자,캔디류,3,3,3.0,3,0,0,2025-05-16,2025-05 중순,0.0
107077,피치)동결건조젤리사우어웜즈,과자,젤리류,4,3,3.0,2,0,1,2025-05-11,2025-05 중순,0.0
601151,엔제이)얼음모양사탕115g,과자,캔디류,3,2,3.0,3,0,0,2025-05-16,2025-05 중순,0.0
124612,선운산 복분자주16도375ml(4입),전통주,기타전통주,3,3,3.0,3,0,0,2025-05-13,2025-05 중순,0.0
113148,글렌알라키 와인캐스크피니쉬 10년 그라타마코 700ml,양주와인,양주,3,3,3.0,3,0,0,2025-05-12,2025-05 중순,0.0
109843,발베니25년700ml,양주와인,양주,3,3,3.0,3,0,0,2025-05-20,2025-05 중순,0.0
109510,메디카)멀티비타12부스터샷25ml,건강/기호식품,건강/이너뷰티,2,2,3.0,1,0,1,2025-05-14,2025-05 중순,0.0
180870,안동소주일품21도350ml*4,전통주,소주,3,2,3.0,3,0,0,2025-05-14,2025-05 중순,0.0
170083,광동)진쌍화１００ＭＬ,음료,기능성드링크,3,3,3.0,3,0,0,2025-05-14,2025-05 중순,0.0
106202,오리온)초코파이하우스딸기12P,과자,비스킷류,4,2,3.0,2,0,1,2025-05-11,2025-05 중순,0.0
200394,롯데)옐로우테일쉬라즈750ml,양주와인,와인,3,3,3.0,3,0,0,2025-05-12,2025-05 중순,0.0
106424,몽블랑)에멘탈큐브치즈100g,유음료,유제품,3,3,3.0,3,0,0,2025-05-11,2025-05 중순,0.0
191971,시데랄 *2입,양주와인,와인,3,2,3.0,3,0,0,2025-05-14,2025-05 중순,0.0
073422,삼립)쓱닭쓱닭블랙페퍼100g,냉장,냉장간식,3,3,3.0,3,0,0,2025-05-17,2025-05 중순,0.0
362002,LG)마카다미아크랜베리바디워시_H,H&B,화장비누/바디클렌저,3,3,3.0,3,0,0,2025-05-11,2025-05 중순,0.0
107466,PB)산리오K리그베리베리사우어젤리40g,과자,젤리류,3,3,3.0,3,0,0,2025-05-18,2025-05 중순,0.0
180275,부산)생탁750ml(경남지역),전통주,막걸리,3,3,3.0,3,0,0,2025-05-11,2025-05 중순,0.0
123624,G)파스키에브레첼270g,빵,간식빵,3,3,3.0,3,0,0,2025-05-11,2025-05 중순,0.0
600817,농심)멘토스2in1(피치소다),과자,캔디류,3,3,3.0,3,0,0,2025-05-11,2025-05 중순,0.0
061931,몽블랑)까망베르큐브치즈100g,유음료,유제품,3,2,3.0,3,0,0,2025-05-17,2025-05 중순,0.0
600611,PB)푸린새콤한딸기별68g,과자,스낵류,3,2,3.0,3,0,0,2025-05-14,2025-05 중순,0.0
352402,존슨)뉴트로지나포뮬러핸드크림_H,미용/화장품,여성화장품,3,1,3.0,1,1,0,2025-05-13,2025-05 중순,100.0
070337,매일)우유속코코아300ml,유음료,가공우유,3,2,3.0,3,0,0,2025-05-12,2025-05 중순,0.0
124719,삼립)씨티델리BBQ치킨&누들불케이노340g,냉장,냉장안주,3,3,3.0,3,0,0,2025-05-16,2025-05 중순,0.0
062608,hy)야쿠르트1971 450ml,유음료,요구르트,2,2,3.0,1,0,1,2025-05-11,2025-05 중순,0.0
132852,농심)순하군안성탕면봉지,면,봉지면,3,3,3.0,3,0,0,2025-05-18,2025-05 중순,0.0
114396,플라네타 알라스트로750ml,양주와인,와인,3,2,3.0,3,0,0,2025-05-11,2025-05 중순,0.0
123558,농심)츄파춥스오션믹스젤리60g,과자,젤리류,3,3,3.0,3,0,0,2025-05-13,2025-05 중순,0.0
360862,LG)페리오46cm치약_H,H&B,치약,3,1,3.0,1,1,0,2025-05-11,2025-05 중순,100.0
109914,알카레드(12입),양주와인,와인,3,3,3.0,3,0,0,2025-05-12,2025-05 중순,0.0
170277,하이트)기린이치방350ml캔,맥주,수입맥주,3,1,3.0,3,0,0,2025-05-14,2025-05 중순,0.0
162357,케이)칸오징어한돈육포40g,안주,육포,3,3,3.0,3,0,0,2025-05-17,2025-05 중순,0.0
115497,카발란 디스틸러리셀렉트,양주와인,양주,3,3,3.0,3,0,0,2025-05-12,2025-05 중순,0.0
107349,MDS)베이컨로제파스타230g,간식,냉장피자,3,3,3.0,3,0,0,2025-05-13,2025-05 중순,0.0
105773,PB)카덴유부우동259g,냉장,냉장간편식,3,3,3.0,3,0,0,2025-05-11,2025-05 중순,0.0
361999,LG)엘라스틴실크리페어샴푸400ml_H,H&B,샴푸/린스,3,3,3.0,3,0,0,2025-05-12,2025-05 중순,0.0
132824,오뚜기)치즈게티큰컵,면,용기면,3,1,3.0,1,1,0,2025-05-16,2025-05 중순,100.0
124767,서주)마로마로레몬맛40g,과자,젤리류,3,3,3.0,3,0,0,2025-05-11,2025-05 중순,0.0
111992,롯데)목캔디허브(오리지날)38g,과자,캔디류,3,2,3.0,3,0,0,2025-05-14,2025-05 중순,0.0
072153,본죽)보양삼계죽270g,냉장,냉장간편식,2,2,3.0,1,0,1,2025-05-11,2025-05 중순,0.0
109890,하쿠시카 호화 쥰마이 다이긴죠 천년수,전통주,기타전통주,3,3,3.0,3,0,0,2025-05-11,2025-05 중순,0.0
191664,레뱅드)또스띠모스카토다스티750,양주와인,와인,3,2,3.0,3,0,0,2025-05-11,2025-05 중순,0.0
113165,싱글톤 더프타운12년 700ml,양주와인,양주,3,3,3.0,3,0,0,2025-05-11,2025-05 중순,0.0
061203,빙그레)따옴오렌지235ml,유음료,냉장주스,3,3,3.0,3,0,0,2025-05-16,2025-05 중순,0.0
113168,돈훌리오 아녜호 750ml,양주와인,양주,3,3,3.0,3,0,0,2025-05-12,2025-05 중순,0.0
107078,농심)마라샹구리큰사발,면,용기면,3,3,3.0,3,0,0,2025-05-12,2025-05 중순,0.0
381493,제미)남성스포티양말(흰색)_H,패션잡화,양말,3,2,3.0,3,0,0,2025-05-16,2025-05 중순,0.0
162274,바다원)먹태구이채35g,안주,생선류,3,1,3.0,1,1,0,2025-05-18,2025-05 중순,100.0
124499,존쿡)불닭킬바사비엔나140g,냉장,냉장간식,3,3,3.0,3,0,0,2025-05-12,2025-05 중순,0.0
109857,에비스맥주캔350ml(24입),맥주,수입맥주,4,3,3.0,2,0,1,2025-05-14,2025-05 중순,0.0
123469,마시 마시앙코,양주와인,와인,3,3,3.0,3,0,0,2025-05-13,2025-05 중순,0.0
124324,버드와이저 740ml(15입),맥주,수입맥주,3,3,3.0,3,0,0,2025-05-12,2025-05 중순,0.0
124585,민속주안동소주45도400ml,전통주,기타전통주,3,3,3.0,3,0,0,2025-05-11,2025-05 중순,0.0
808523,51-04_페르)발렌타인17년500ml,양주와인,양주,3,3,3.0,3,0,0,2025-05-13,2025-05 중순,0.0
123841,행사하리보)자몽젤리,과자,젤리류,3,2,3.0,3,0,0,2025-05-11,2025-05 중순,0.0
124259,P)아이코스 일루마i(비비드테라코타),담배,전자담배,3,1,3.0,3,0,0,2025-05-16,2025-05 중순,0.0
412956,벤투스)8핀분리형충전기(2포트)_H,일용잡화,휴대폰/주변기기,3,2,3.0,3,0,0,2025-05-16,2025-05 중순,0.0
162189,정화)해오징어버터구이45g,안주,오징어,3,1,3.0,1,1,0,2025-05-16,2025-05 중순,100.0
061641,매일)아몬드브리즈초콜릿190ml,유음료,가공우유,3,3,3.0,3,0,0,2025-05-16,2025-05 중순,0.0
053062,우리밀핫도그,즉석 식품,즉석치킨,3,2,3.0,3,0,0,2025-05-12,2025-05 중순,0.0
123938,펜폴즈 쿠능가 힐 샤르도네,양주와인,와인,2,2,3.0,1,0,1,2025-05-16,2025-05 중순,0.0
105681,CJ)작은햇반발아현미밥130g,가공식품,가공미반류,2,2,3.0,1,0,1,2025-05-12,2025-05 중순,0.0
108531,PB)빵빵이후랑크치즈90g,냉장,냉장간식,3,3,3.0,3,0,0,2025-05-18,2025-05 중순,0.0
109893,하쿠시카 도쿠베츠 혼죠조 야마다니시끼,전통주,기타전통주,3,2,3.0,3,0,0,2025-05-12,2025-05 중순,0.0
192124,킬리카눈킬러맨즈런카버네,양주와인,와인,3,2,3.0,3,0,0,2025-05-13,2025-05 중순,0.0
132140,튀김우동큰사발,면,용기면,2,2,3.0,1,0,1,2025-05-12,2025-05 중순,0.0
161228,칠성)델몬트알로에1.5L,음료,주스,3,1,3.0,1,1,0,2025-05-11,2025-05 중순,100.0
116330,MQ)켈로그레드베리에너지바25g,과자,프로틴/시리얼,3,3,3.0,3,0,0,2025-05-12,2025-05 중순,0.0
123504,닭가슴살스테이크도시락,미반,도시락,3,2,3.0,1,1,0,2025-05-19,2025-05 중순,100.0
112723,일신)푸쉬팝,과자,캔디류,3,1,3.0,3,0,0,2025-05-16,2025-05 중순,0.0
115929,씨믹스)오션 젤리(해양동물),과자,젤리류,3,3,3.0,3,0,0,2025-05-16,2025-05 중순,0.0
109930,로얄샬루트21년 700ml,양주와인,양주,3,3,3.0,3,0,0,2025-05-13,2025-05 중순,0.0
133728,대상)씨간장숙성양조간장500ml,조미료/건물,장류,3,1,3.0,1,1,0,2025-05-17,2025-05 중순,100.0
107845,유앤)제로톡젤리복숭아160g,과자,젤리류,2,2,3.0,1,0,1,2025-05-11,2025-05 중순,0.0
190506,52-09_FJ)예거마이스터700ml,양주와인,양주,3,1,3.0,3,0,0,2025-05-20,2025-05 중순,0.0
600987,오리온)와우레인보우21g,과자,껌,3,3,3.0,3,0,0,2025-05-11,2025-05 중순,0.0
124570,서영)모닝이즈백스틱(블루베리)20g,건강/기호식품,숙취해소제,3,2,3.0,3,0,0,2025-05-13,2025-05 중순,0.0
107433,K리그X산리오 스트랩키링(포차코/전북),문구/완구,일반완구,2,1,3.0,1,0,1,2025-05-11,2025-05 중순,0.0
123152,케이)칸명가매콤달콤먹태30g,안주,생선류,3,3,3.0,3,0,0,2025-05-11,2025-05 중순,0.0
192449,글랜카담13년700ml,양주와인,양주,3,3,3.0,3,0,0,2025-05-14,2025-05 중순,0.0
124608,밀담40도360ml,전통주,기타전통주,3,3,3.0,3,0,0,2025-05-13,2025-05 중순,0.0
401830,올텍트일회용마스크3입(국산)_H,약품/의료품,의약외품,3,2,3.0,3,0,0,2025-05-17,2025-05 중순,0.0
108481,썬푸드)오잉츄40g,안주,오징어,2,1,3.0,1,0,1,2025-05-17,2025-05 중순,0.0
062201,동서)맥심TOP너티카라멜300ml,유음료,컵커피,3,2,3.0,3,0,0,2025-05-11,2025-05 중순,0.0
105918,LG)고농축아우라1L(피오니로즈)_H,가정용품,세제류,3,2,3.0,3,0,0,2025-05-13,2025-05 중순,0.0
109961,마르텔꼬르동블루700ml,양주와인,양주,3,3,3.0,3,0,0,2025-05-11,2025-05 중순,0.0
191607,지비)서브미션샤도네이750ml,양주와인,와인,3,2,3.0,3,0,0,2025-05-13,2025-05 중순,0.0
191225,샤또에메750ml,양주와인,와인,3,3,3.0,3,0,0,2025-05-11,2025-05 중순,0.0
411569,존슨)뉴트로립모이스춰_H,미용/화장품,여성화장품,3,1,3.0,1,1,0,2025-05-18,2025-05 중순,100.0
190089,금복주)참소주640ml페트,전통주,소주,3,1,3.0,1,1,0,2025-05-20,2025-05 중순,100.0
210865,롯데)쿠키오130ml,아이스크림,노벨티,3,1,3.0,1,1,0,2025-05-11,2025-05 중순,100.0
123350,로쉐마제 로제,양주와인,와인,3,3,3.0,3,0,0,2025-05-11,2025-05 중순,0.0
105226,아미)봉지얼음(레귤러),즉석음료,얼음,3,3,3.0,3,0,0,2025-05-17,2025-05 중순,0.0
119028,농심)츄파춥스탄산캔디15g,과자,캔디류,3,2,3.0,1,1,0,2025-05-18,2025-05 중순,100.0
192053,롯데)브레드앤버터샤도네이750ml,양주와인,와인,2,2,3.0,1,0,1,2025-05-17,2025-05 중순,0.0
323707,KT엠모바일)실용유심,서비스 상품,일반서비스,3,3,3.0,3,0,0,2025-05-19,2025-05 중순,0.0
107431,K리그X산리오 스트랩키링(시나모롤/울산),문구/완구,일반완구,4,1,3.0,2,0,1,2025-05-15,2025-05 중순,0.0
124593,솔직25도375ml,전통주,기타전통주,3,2,3.0,3,0,0,2025-05-14,2025-05 중순,0.0
106848,롯데)제로아이스쿠키앤크림474ml,아이스크림,홈타입,3,3,3.0,3,0,0,2025-05-12,2025-05 중순,0.0
062386,PB)헬로맨아메리카노320ml,유음료,컵커피,3,3,3.0,3,0,0,2025-05-11,2025-05 중순,0.0
190121,배상면)산사춘300ml,전통주,기타전통주,3,1,3.0,1,1,0,2025-05-14,2025-05 중순,100.0
108925,롯데)빼빼로초코8갑432g뉴진스24년데이,과자,비스킷류,3,3,3.0,3,0,0,2025-05-12,2025-05 중순,0.0
105581,하겐)녹차앤레몬바75ml,아이스크림,고급,3,2,3.0,3,0,0,2025-05-11,2025-05 중순,0.0
370717,PB)다회용컵10입,가정용품,행락용품,3,1,3.0,1,1,0,2025-05-12,2025-05 중순,100.0
123818,1키키쿼카)스티커set,과자,캔디류,2,2,3.0,1,0,1,2025-05-14,2025-05 중순,0.0
124903,즉석도넛)단팥찹쌀도넛,즉석 식품,즉석치킨,3,3,3.0,3,0,0,2025-05-11,2025-05 중순,0.0
170645,오비)스텔라아르투아500ml캔_4입,맥주,수입맥주,3,3,3.0,3,0,0,2025-05-14,2025-05 중순,0.0
191256,롯데)옐로우테일까버네187ml,양주와인,와인,5,5,3.0,4,0,0,2025-05-11,2025-05 중순,0.0
200351,브라운)잭다니엘스500ml,양주와인,양주,3,2,3.0,3,0,0,2025-05-14,2025-05 중순,0.0
124258,P)아이코스 일루마i(디지털바이올렛),담배,전자담배,3,2,3.0,3,0,0,2025-05-12,2025-05 중순,0.0
181049,몽지람M9 500ml,전통주,기타전통주,3,3,3.0,3,0,0,2025-05-15,2025-05 중순,0.0
202747,오가다)더쌍화280ml,음료,전통음료,3,1,3.0,3,0,0,2025-05-16,2025-05 중순,0.0
115585,삼립)잼있는미니딸기쿠키(20입),빵,구움과자,3,3,3.0,3,0,0,2025-05-13,2025-05 중순,0.0
420681,모나미)유성매직(흑)_후크형_H,문구/완구,일반문구,3,3,3.0,3,0,0,2025-05-11,2025-05 중순,0.0
109880,오샤베리쿠지라 나마720ml,전통주,기타전통주,3,2,3.0,3,0,0,2025-05-15,2025-05 중순,0.0
108989,MZ)밀카스윗자판기패키지,과자,비스킷류,3,3,3.0,3,0,0,2025-05-11,2025-05 중순,0.0
192465,메종넘버나인로제750ml(기념일추천),양주와인,와인,3,3,3.0,3,0,0,2025-05-11,2025-05 중순,0.0
160892,웅진)자연은음료180ml12입,음료,선물세트,4,3,3.0,2,0,1,2025-05-12,2025-05 중순,0.0
124587,가무치소주25도375ml,전통주,기타전통주,4,1,3.0,2,0,1,2025-05-16,2025-05 중순,0.0
109959,발렌타인 마스터스 500ml,양주와인,양주,2,2,3.0,1,0,1,2025-05-14,2025-05 중순,0.0
118333,드림)프란찌요거트초코쿠키58g,과자,비스킷류,3,2,3.0,3,0,0,2025-05-11,2025-05 중순,0.0
120912,이디야)비니스트오리지널10입,건강/기호식품,커피,3,2,3.0,3,0,0,2025-05-19,2025-05 중순,0.0
170642,오비)버드와이저500ml캔(4입),맥주,수입맥주,3,3,3.0,3,0,0,2025-05-13,2025-05 중순,0.0
123686,오제키 원컵 엑스트라(5입) (캠핑추천),전통주,기타전통주,3,3,3.0,3,0,0,2025-05-11,2025-05 중순,0.0
123651,하림)맛닭가슴살새우100g,냉장,냉장간식,2,2,3.0,1,0,1,2025-05-17,2025-05 중순,0.0
123647,CJ)햇반누룽지닭백숙죽267g,가공식품,가공미반류,3,2,3.0,3,0,0,2025-05-12,2025-05 중순,0.0
125047,선우)25년 조화 코사지,서비스 상품,기타,3,2,3.0,3,0,0,2025-05-16,2025-05 중순,0.0
072929,이가)투움바파스타239.5g,냉장,냉장간편식,3,1,3.0,1,1,0,2025-05-17,2025-05 중순,100.0
161803,홍선)일품쇠고기육포40g,안주,육포,3,1,3.0,1,1,0,2025-05-12,2025-05 중순,100.0
150250,나뚜루)바닐라초코아몬드바,아이스크림,고급,3,3,3.0,3,0,0,2025-05-13,2025-05 중순,0.0
106780,해태)버터링딥황치즈103g,과자,비스킷류,2,2,3.0,1,0,1,2025-05-14,2025-05 중순,0.0
371076,롯알)종이공기150mm(10입),가정용품,행락용품,3,1,3.0,1,1,0,2025-05-12,2025-05 중순,100.0
190614,골든)골든블루다이아몬드450ml,양주와인,양주,2,2,3.0,1,0,1,2025-05-14,2025-05 중순,0.0
123474,로르나노 끼안띠 클라시코 리제르바 레 반디트,양주와인,와인,2,2,3.0,1,0,1,2025-05-12,2025-05 중순,0.0
107312,페르)발렌타인10년200ml,양주와인,양주,3,1,3.0,1,1,0,2025-05-11,2025-05 중순,100.0
601108,마즈)이클립스플러스꿀&레몬향,과자,캔디류,3,3,3.0,3,0,0,2025-05-16,2025-05 중순,0.0
124615,제주동백14도375ml(2입),전통주,기타전통주,3,3,3.0,3,0,0,2025-05-11,2025-05 중순,0.0
072885,이가)얼큰한우육탕면225g,냉장,냉장간편식,5,4,3.0,4,0,0,2025-05-11,2025-05 중순,0.0
192127,산타리타메달야레알그란샤도,양주와인,와인,3,3,3.0,3,0,0,2025-05-11,2025-05 중순,0.0
109903,기쿠마사무네 레몬 레이슈(2입),전통주,기타전통주,3,2,3.0,3,0,0,2025-05-18,2025-05 중순,0.0
362599,크리오)휴대용치약칫솔세트_H,H&B,칫솔치약세트,3,2,3.0,3,0,0,2025-05-16,2025-05 중순,0.0
192134,조닌발폴리첼라리파소,양주와인,와인,3,3,3.0,3,0,0,2025-05-11,2025-05 중순,0.0
123536,9 라이브스 리저브 카베르네 소비뇽,양주와인,와인,3,3,3.0,3,0,0,2025-05-11,2025-05 중순,0.0
124902,즉석도넛)꽈배기,즉석 식품,즉석치킨,3,3,3.0,3,0,0,2025-05-13,2025-05 중순,0.0
123617,크리오)엑스퍼트화이트케어불소육각초극세모1입_H,H&B,칫솔,3,3,3.0,3,0,0,2025-05-14,2025-05 중순,0.0
600784,오리온)톡핑아몬드그래놀라43g,과자,초콜릿,3,3,3.0,3,0,0,2025-05-11,2025-05 중순,0.0
170518,플래)에일의정석500ml캔,맥주,국산맥주,2,2,3.0,1,0,1,2025-05-11,2025-05 중순,0.0
105795,해태)연양갱쑥맛55g,과자,캔디류,1,1,3.0,0,1,0,2025-05-12,2025-05 중순,100.0
106722,마즈)스니커즈피넛70g,과자,초콜릿,3,2,3.0,3,0,0,2025-05-14,2025-05 중순,0.0
109696,글렌피딕15년700ml,양주와인,양주,5,5,3.0,4,0,0,2025-05-16,2025-05 중순,0.0
061318,정식품)베지밀국산검은콩병190ml,유음료,두유,3,3,3.0,3,0,0,2025-05-12,2025-05 중순,0.0
123798,1키키쿼카)봉제자석스마트톡,과자,캔디류,3,2,3.0,3,0,0,2025-05-16,2025-05 중순,0.0
109559,파머스)자스민크래커멀티그레인100g,과자,스낵류,3,3,3.0,3,0,0,2025-05-11,2025-05 중순,0.0
109882,월계관오쵸코다이긴죠(5입),전통주,기타전통주,3,3,3.0,3,0,0,2025-05-11,2025-05 중순,0.0
123096,삼경)푸쵸스틱캔디소다맛50g,과자,캔디류,3,3,3.0,3,0,0,2025-05-12,2025-05 중순,0.0
112228,오리온)비틀즈700,과자,캔디류,3,2,3.0,3,0,0,2025-05-14,2025-05 중순,0.0
115299,텐커레이 넘버텐 700ml,양주와인,양주,3,3,3.0,3,0,0,2025-05-12,2025-05 중순,0.0
190783,페르)깔루아200ml,양주와인,양주,3,3,3.0,3,0,0,2025-05-11,2025-05 중순,0.0
124315,더 글렌드로낙 12년 700ml,양주와인,양주,3,3,3.0,3,0,0,2025-05-11,2025-05 중순,0.0
191576,브라운)잭다니엘스허니500ml,양주와인,양주,3,2,3.0,3,0,0,2025-05-12,2025-05 중순,0.0
112734,캬라파키산리오초콜릿29g,과자,초콜릿,3,2,3.0,3,0,0,2025-05-13,2025-05 중순,0.0
120900,남양)프렌치카페프리미엄20입,건강/기호식품,커피,3,2,3.0,1,1,0,2025-05-11,2025-05 중순,100.0
105399,롯데)크러시355ml캔,맥주,국산맥주,3,2,3.0,3,0,0,2025-05-20,2025-05 중순,0.0
124610,오디랑12.5도330ml(4입),전통주,기타전통주,4,3,3.0,2,0,1,2025-05-11,2025-05 중순,0.0
109659,크라운)콘칩(대)148g,과자,스낵류,3,3,3.0,3,0,0,2025-05-14,2025-05 중순,0.0
109973,칸테라까버네쇼비뇽750ml(6입),양주와인,와인,3,3,3.0,3,0,0,2025-05-12,2025-05 중순,0.0
106478,롯데)이지프로틴감자칩(소금빵맛)50g,과자,스낵류,3,2,3.0,3,0,0,2025-05-11,2025-05 중순,0.0
106003,코카)환타제로오렌지355ml(캔),음료,탄산음료,3,2,3.0,1,1,0,2025-05-12,2025-05 중순,100.0
107013,CJ)백설꽃소금500g,조미료/건물,조미료,3,1,3.0,1,1,0,2025-05-20,2025-05 중순,100.0
191890,디카이퍼 카시스700ml,양주와인,리쿼,2,2,2.0,2,0,0,2025-05-12,2025-05 중순,0.0
192547,메종카스텔메를로750ml,양주와인,와인,2,2,2.0,2,0,0,2025-05-16,2025-05 중순,0.0
108069,나뚜루)알폰소망고소르베파인트474ml(비건),아이스크림,고급,1,1,2.0,0,0,1,2025-05-15,2025-05 중순,0.0
109897,하나코하쿠 사쿠란보,전통주,기타전통주,1,1,2.0,0,0,1,2025-05-14,2025-05 중순,0.0
371622,유한)유한락스욕실청소500g*2개_H,가정용품,세제류,2,2,2.0,2,0,0,2025-05-12,2025-05 중순,0.0
093092,풀무원)하트연두부118g,신선,야채,2,2,2.0,2,0,0,2025-05-14,2025-05 중순,0.0
150925,디핀)구슬 바나나스플릿,아이스크림,고급,2,1,2.0,2,0,0,2025-05-19,2025-05 중순,0.0
094203,세븐팜)국내산흙대파450g(봉),신선,야채,2,2,2.0,2,0,0,2025-05-16,2025-05 중순,0.0
118448,롯데)핵짱셔요후르츠50g,과자,젤리류,2,2,2.0,2,0,0,2025-05-14,2025-05 중순,0.0
106290,롯데)죠스바0칼로리75ml,아이스크림,노벨티,2,2,2.0,2,0,0,2025-05-13,2025-05 중순,0.0
192500,빈티지)니콜라스뿌이야트(벚꽃),양주와인,와인,2,2,2.0,2,0,0,2025-05-13,2025-05 중순,0.0
073614,씨티푸드)소고기무국밥500g,냉장,냉장간편식,2,2,2.0,2,0,0,2025-05-15,2025-05 중순,0.0
162411,봄날)군고구마칩40g,안주,농산안주,2,2,2.0,2,0,0,2025-05-15,2025-05 중순,0.0
160809,웅진)내사랑유자C280ml펫,음료,전통음료,1,1,2.0,0,0,1,2025-05-19,2025-05 중순,0.0
162367,더다믐)김칩스오리지널40g,안주,스낵안주,2,2,2.0,2,0,0,2025-05-14,2025-05 중순,0.0
132708,농심)사천백짬뽕봉지,면,봉지면,2,1,2.0,2,0,0,2025-05-16,2025-05 중순,0.0
124517,대호)밀크커피230ml,즉석음료,파우치,2,2,2.0,2,0,0,2025-05-11,2025-05 중순,0.0
124791,해태)후렌치파이매실맛192g,과자,비스킷류,2,2,2.0,2,0,0,2025-05-12,2025-05 중순,0.0
112644,서주)탱글탱글더리얼라임모히또40g,과자,젤리류,2,2,2.0,2,0,0,2025-05-14,2025-05 중순,0.0
161639,PB)매운맛양념육포45g,안주,육포,2,2,2.0,2,0,0,2025-05-14,2025-05 중순,0.0
123618,렌틸콩유부초밥&에그샐러드,미반,초밥류,4,3,2.0,1,1,0,2025-05-19,2025-05 중순,100.0
109916,제네시스 까베르네쇼비뇽(12입),양주와인,와인,2,2,2.0,2,0,0,2025-05-14,2025-05 중순,0.0
191333,리커)보마레레드750ml,양주와인,와인,2,2,2.0,2,0,0,2025-05-15,2025-05 중순,0.0
153099,CJ)하얀설탕400g(이지캡),조미료/건물,조미료,2,1,2.0,2,0,0,2025-05-17,2025-05 중순,0.0
601705,농심)포테토칩먹태청양마요맛,과자,스낵류,2,1,2.0,2,0,0,2025-05-20,2025-05 중순,0.0
391124,유한)좋은느낌무표백수퍼롱3P,위생용품,생리대,2,1,2.0,2,0,0,2025-05-16,2025-05 중순,0.0
391041,깨끗한)디어스킨에어엠보대형14P,위생용품,생리대,2,2,2.0,2,0,0,2025-05-11,2025-05 중순,0.0
123377,들라스 꼬뜨 뒤 론 생떼스프리,양주와인,와인,2,2,2.0,2,0,0,2025-05-15,2025-05 중순,0.0
124589,토끼소주화이트23도375ml(2입),전통주,기타전통주,2,2,2.0,2,0,0,2025-05-17,2025-05 중순,0.0
123361,더 그레이프 그라인더 쉬라즈,양주와인,와인,2,2,2.0,2,0,0,2025-05-14,2025-05 중순,0.0
062390,비알)쿠키앤크림우유190ml,유음료,가공우유,2,2,2.0,2,0,0,2025-05-16,2025-05 중순,0.0
191634,롯데)더슬라우치쉬라즈750ml,양주와인,와인,2,2,2.0,2,0,0,2025-05-12,2025-05 중순,0.0
109724,칭따오논알콜500ml24입,맥주,무알콜맥주,2,2,2.0,2,0,0,2025-05-18,2025-05 중순,0.0
202617,하이트)토닉워터홍차(제로)300ml,음료,탄산음료,2,2,2.0,2,0,0,2025-05-11,2025-05 중순,0.0
103114,천하)캐빈디쉬체리캔디200g,과자,캔디류,2,1,2.0,2,0,0,2025-05-15,2025-05 중순,0.0
109135,매일)허쉬초코바나나190ml,유음료,가공우유,2,2,2.0,2,0,0,2025-05-11,2025-05 중순,0.0
180808,롯데)처음처럼500ml페트,전통주,소주,2,2,2.0,2,0,0,2025-05-17,2025-05 중순,0.0
123573,PB)디저트39커피우유500ml,유음료,가공우유,2,2,2.0,2,0,0,2025-05-11,2025-05 중순,0.0
123041,크라운)죠리퐁핑크퐁마시멜로59g,과자,스낵류,2,2,2.0,2,0,0,2025-05-17,2025-05 중순,0.0
124575,명인한산소곡주18도700ml(2입),전통주,기타전통주,2,2,2.0,2,0,0,2025-05-17,2025-05 중순,0.0
109778,J)플룸X 어드밴스드(실버),담배,전자담배,2,1,2.0,2,0,0,2025-05-12,2025-05 중순,0.0
191572,3월 와인 구독,,,2,2,2.0,2,0,0,2025-05-13,2025-05 중순,0.0
124758,이즐)까까맛교통카드(자일리톨),서비스 상품,일반서비스,2,2,2.0,2,0,0,2025-05-12,2025-05 중순,0.0
124582,진도홍주루비콘40도500ml,전통주,기타전통주,2,2,2.0,2,0,0,2025-05-11,2025-05 중순,0.0
601707,행사하리보)골든배렌젤리100g,과자,젤리류,2,2,2.0,2,0,0,2025-05-11,2025-05 중순,0.0
141692,동원)야채참치90g,가공식품,캔,2,2,2.0,2,0,0,2025-05-18,2025-05 중순,0.0
108437,피치)두바이카다이프초콜릿80g,과자,초콜릿,2,2,2.0,2,0,0,2025-05-11,2025-05 중순,0.0
190229,진로)참이슬200ml포켓,전통주,소주,2,2,2.0,2,0,0,2025-05-13,2025-05 중순,0.0
109842,발베니14년캐리비안캐스크700ml,양주와인,양주,1,1,2.0,0,0,1,2025-05-20,2025-05 중순,0.0
161229,웅진)하늘보리1ㆍ0L,음료,차음료,2,1,2.0,2,0,0,2025-05-13,2025-05 중순,0.0
124427,CJ)하프칼로리참깨드레싱,조미료/건물,소스류,2,2,2.0,2,0,0,2025-05-11,2025-05 중순,0.0
115173,스미노프 그린애플 700ml,양주와인,양주,2,2,2.0,2,0,0,2025-05-12,2025-05 중순,0.0
115578,골든블루 사피루스,양주와인,양주,2,2,2.0,2,0,0,2025-05-11,2025-05 중순,0.0
124899,농심)배홍동칼빔면4입,면,봉지면,2,2,2.0,2,0,0,2025-05-13,2025-05 중순,0.0
123706,샤를 도떼일 샴페인 브륏 블랑드 블랑 그랑크뤼 NV,양주와인,와인,2,2,2.0,2,0,0,2025-05-18,2025-05 중순,0.0
123976,사쿠라 준마이,전통주,기타전통주,2,2,2.0,2,0,0,2025-05-13,2025-05 중순,0.0
124584,더한서울의밤25도375ml(3입),전통주,기타전통주,2,2,2.0,2,0,0,2025-05-16,2025-05 중순,0.0
062074,프리차드)무염버터200g,유음료,유제품,2,1,2.0,2,0,0,2025-05-18,2025-05 중순,0.0
390463,피죤)액츠후레쉬(겸용)1.4L_H,가정용품,세제류,2,2,2.0,2,0,0,2025-05-12,2025-05 중순,0.0
107186,오뚜기)현미쇠고기죽285g,가공식품,가공미반류,2,2,2.0,2,0,0,2025-05-15,2025-05 중순,0.0
180913,국순당)명작복분자375ml,전통주,기타전통주,2,1,2.0,2,0,0,2025-05-15,2025-05 중순,0.0
121301,동서)카누라떼10입,건강/기호식품,커피,2,2,2.0,2,0,0,2025-05-11,2025-05 중순,0.0
111272,해태)연양갱,과자,캔디류,2,2,2.0,2,0,0,2025-05-17,2025-05 중순,0.0
109996,글렌고인 12년 ,양주와인,양주,2,2,2.0,2,0,0,2025-05-16,2025-05 중순,0.0
123699,무가 레세르바,양주와인,와인,1,1,2.0,0,0,1,2025-05-17,2025-05 중순,0.0
123770,HY)길디필스너568ml캔,맥주,수입맥주,2,2,2.0,2,0,0,2025-05-14,2025-05 중순,0.0
100089,매일)로쉐T-3,과자,초콜릿,4,2,2.0,1,1,0,2025-05-20,2025-05 중순,100.0
123141,서주)후르츄키위맛42g,과자,젤리류,2,1,2.0,2,0,0,2025-05-14,2025-05 중순,0.0
211275,하겐)쿠키앤크림바 80ml,아이스크림,고급,1,1,2.0,0,0,1,2025-05-15,2025-05 중순,0.0
382318,남영)비비안압박스타킹(살구)_H,패션잡화,스타킹,2,2,2.0,2,0,0,2025-05-11,2025-05 중순,0.0
211133,하겐)바닐라카라멜아몬드80ml,아이스크림,고급,2,2,2.0,2,0,0,2025-05-19,2025-05 중순,0.0
380292,애경)2080치약칫솔세트_H,H&B,칫솔치약세트,2,2,2.0,2,0,0,2025-05-11,2025-05 중순,0.0
141160,PB)콘스프컵27g,가공식품,상온간편식,1,1,2.0,0,0,1,2025-05-19,2025-05 중순,0.0
192444,토민타울21년700ml,양주와인,양주,2,2,2.0,2,0,0,2025-05-14,2025-05 중순,0.0
371885,굿지앤)친환경일회용수저(10입),가정용품,행락용품,2,1,2.0,2,0,0,2025-05-20,2025-05 중순,0.0
160130,코카콜라250ml,음료,탄산음료,2,2,2.0,2,0,0,2025-05-20,2025-05 중순,0.0
124690,PB)복숭아아이스티1.5L,즉석음료,파우치,1,1,2.0,0,0,1,2025-05-11,2025-05 중순,0.0
123998,피치)트위젤바나나모양젤리50g,과자,젤리류,2,2,2.0,2,0,0,2025-05-17,2025-05 중순,0.0
107792,K리그산리오)인형_케로케로피,문구/완구,일반완구,2,1,2.0,2,0,0,2025-05-19,2025-05 중순,0.0
124951,동원)저스트후르츠칵테일822g,가공식품,캔,2,2,2.0,2,0,0,2025-05-17,2025-05 중순,0.0
061594,매일)바이오플레인드링킹250ml,유음료,요구르트,1,1,2.0,0,0,1,2025-05-20,2025-05 중순,0.0
161572,정화)숯불다리구이50g,안주,오징어,1,1,2.0,0,0,1,2025-05-17,2025-05 중순,0.0
109919,세익크리드그랑리져브(6입),양주와인,와인,2,2,2.0,2,0,0,2025-05-18,2025-05 중순,0.0
107804,동아)윙크초박형콘돔002스키니슬림_H,약품/의료품,의약외품,2,2,2.0,2,0,0,2025-05-13,2025-05 중순,0.0
371118,굿지앤)다회용맥주컵3입,가정용품,행락용품,2,1,2.0,2,0,0,2025-05-16,2025-05 중순,0.0
107808,K리그산리오)인형 키링_턱시도샘,문구/완구,일반완구,2,2,2.0,2,0,0,2025-05-15,2025-05 중순,0.0
081136,롯데)키스틱55g,냉장,냉장간식,2,2,2.0,2,0,0,2025-05-11,2025-05 중순,0.0
372159,선린)에어폼라이트장갑(L)_H,가정용품,청소/작업용품,2,1,2.0,2,0,0,2025-05-11,2025-05 중순,0.0
114262,롯데)아이스브레이커스쿨민트,과자,캔디류,2,1,2.0,2,0,0,2025-05-16,2025-05 중순,0.0
115498,카발란 트리플쉐리,양주와인,양주,2,2,2.0,2,0,0,2025-05-18,2025-05 중순,0.0
180591,한국술)대구불로쌀막걸리750ml,전통주,막걸리,2,2,2.0,2,0,0,2025-05-11,2025-05 중순,0.0
124580,금산인삼주12.5도360ml(4입),전통주,기타전통주,2,2,2.0,2,0,0,2025-05-16,2025-05 중순,0.0
123683,요네츠루 안단테 준마이,전통주,기타전통주,2,2,2.0,2,0,0,2025-05-11,2025-05 중순,0.0
141161,PB)포테이토스프컵29g,가공식품,상온간편식,1,1,2.0,0,0,1,2025-05-19,2025-05 중순,0.0
192490,제임슨700ml,양주와인,양주,2,2,2.0,2,0,0,2025-05-13,2025-05 중순,0.0
201487,동서)TOP스위트아메리카노380ml,음료,커피음료,2,2,2.0,2,0,0,2025-05-12,2025-05 중순,0.0
124901,크리오)대일안티스카메디혼합밴드4매_H,약품/의료품,의약외품,2,2,2.0,2,0,0,2025-05-11,2025-05 중순,0.0
191876,디카이퍼 그레이프후르트700,양주와인,리쿼,2,2,2.0,2,0,0,2025-05-15,2025-05 중순,0.0
107464,나무)빵빵이쫜득볼젤리18g,과자,젤리류,2,1,2.0,2,0,0,2025-05-14,2025-05 중순,0.0
105948,마즈)비카인드다크씨솔트40g,과자,프로틴/시리얼,2,2,2.0,2,0,0,2025-05-16,2025-05 중순,0.0
093734,세븐팜)모듬버섯140g(팩),신선,야채,2,1,2.0,2,0,0,2025-05-12,2025-05 중순,0.0
390753,깨끗한)콤팩트여행용티슈50매,위생용품,티슈,2,2,2.0,2,0,0,2025-05-11,2025-05 중순,0.0
093741,세븐팜)깻잎2묶음(봉),신선,야채,2,2,2.0,2,0,0,2025-05-14,2025-05 중순,0.0
191152,반피르리메,양주와인,와인,2,2,2.0,2,0,0,2025-05-17,2025-05 중순,0.0
092881,프레시팜)바나나1입,신선,과일,2,2,2.0,2,0,0,2025-05-12,2025-05 중순,0.0
412128,PB)3구5M멀티탭_H,일용잡화,전기용품,2,2,2.0,2,0,0,2025-05-16,2025-05 중순,0.0
600776,아이)탱글탱글젤리딸기헬로키티,과자,젤리류,2,1,2.0,2,0,0,2025-05-16,2025-05 중순,0.0
141219,에이트)뽀로로짜장떡볶이,가공식품,가공미반류,2,2,2.0,2,0,0,2025-05-17,2025-05 중순,0.0
062393,빙그레)아이스티복숭아300ml,유음료,가공우유,2,2,2.0,2,0,0,2025-05-15,2025-05 중순,0.0
109653,굿지앤)오마카세매콤직화닭오돌뼈,냉장,냉장안주,2,2,2.0,2,0,0,2025-05-17,2025-05 중순,0.0
212047,하겐)컵피스타치오앤크림100ml,아이스크림,고급,2,2,2.0,2,0,0,2025-05-13,2025-05 중순,0.0
202241,빙그레)감성아메리카노500ml,음료,커피음료,2,2,2.0,2,0,0,2025-05-11,2025-05 중순,0.0
109758,미성)허쉬크리미밀크초콜릿50g,과자,초콜릿,1,1,2.0,0,0,1,2025-05-17,2025-05 중순,0.0
180951,전주이강주19도375ml*4입,전통주,기타전통주,2,2,2.0,2,0,0,2025-05-18,2025-05 중순,0.0
371643,LG)홈스타뿌리는곰팡이싹500ml_H,가정용품,세제류,2,2,2.0,2,0,0,2025-05-11,2025-05 중순,0.0
315310,P)아이코스 일루마원(선셋레드),담배,전자담배,2,1,2.0,2,0,0,2025-05-18,2025-05 중순,0.0
109883,월계관 더컵(5입) (캠핑추천),전통주,기타전통주,2,2,2.0,2,0,0,2025-05-18,2025-05 중순,0.0
107230,대상)청정원고소한마요네즈300g,조미료/건물,소스류,2,2,2.0,2,0,0,2025-05-18,2025-05 중순,0.0
124141,훼밀리)멜로팝스트로베리15g,과자,캔디류,2,2,2.0,2,0,0,2025-05-14,2025-05 중순,0.0
106957,유한)올인원파워캡슐세탁세제(7입)_H,가정용품,세제류,3,1,2.0,1,0,1,2025-05-20,2025-05 중순,0.0
106817,삼립)피카피카바나나마들렌,빵,간식빵,4,4,2.0,3,0,0,2025-05-11,2025-05 중순,0.0
402112,수젠텍)코로나자가검사키트2입,약품/의료품,의료기기,2,2,2.0,2,0,0,2025-05-18,2025-05 중순,0.0
123787,삼진)1953어묵순살바80g(오징어맛),냉장,냉장간식,6,3,2.0,4,0,0,2025-05-11,2025-05 중순,0.0
108654,네슬레)다막피스타치오60G,과자,초콜릿,2,2,2.0,2,0,0,2025-05-11,2025-05 중순,0.0
150256,나뚜루)바닐라파인트474ml,아이스크림,고급,2,2,2.0,2,0,0,2025-05-18,2025-05 중순,0.0
123453,알타비스타 프리미엄 말벡,양주와인,와인,2,2,2.0,2,0,0,2025-05-12,2025-05 중순,0.0
109138,이너)유얼거트블루베리요거트190ml,유음료,요구르트,2,2,2.0,2,0,0,2025-05-12,2025-05 중순,0.0
109889,핫카이산 세이슈,전통주,기타전통주,2,2,2.0,2,0,0,2025-05-11,2025-05 중순,0.0
111366,롯데)가나초코바아몬드43g,과자,초콜릿,2,2,2.0,2,0,0,2025-05-15,2025-05 중순,0.0
094104,돌코리아)후룻버킷망고(425g),신선,과일,2,2,2.0,2,0,0,2025-05-15,2025-05 중순,0.0
108997,티머니)카카오카드(투명)_어피치,서비스 상품,일반서비스,2,1,2.0,2,0,0,2025-05-16,2025-05 중순,0.0
113146,브룩라디 포트샬롯 10년 700ml,양주와인,양주,2,2,2.0,2,0,0,2025-05-12,2025-05 중순,0.0
109917,레티자레드(12입),양주와인,와인,2,2,2.0,2,0,0,2025-05-15,2025-05 중순,0.0
124047,델토리)스웨디시스타일딸기홀릭47g,과자,초콜릿,2,2,2.0,2,0,0,2025-05-12,2025-05 중순,0.0
117187,오리온)아이셔청사과맛42g,과자,젤리류,2,2,2.0,2,0,0,2025-05-16,2025-05 중순,0.0
123581,농심)츄파춥스슈퍼메가 ,과자,캔디류,2,2,2.0,2,0,0,2025-05-11,2025-05 중순,0.0
114705,코노수르 싱글빈야드 쉬라750ml,양주와인,와인,2,2,2.0,2,0,0,2025-05-18,2025-05 중순,0.0
117134,훼밀리)골든카레순한맛230g,가공식품,상온간편식,1,1,2.0,0,0,1,2025-05-12,2025-05 중순,0.0
093863,롯데)한끼밥상양파400g,신선,야채,2,1,2.0,2,0,0,2025-05-16,2025-05 중순,0.0
161552,썬푸드)오징어&땅콩75g,안주,오징어,2,2,2.0,2,0,0,2025-05-11,2025-05 중순,0.0
421302,모나미)153(흑)_2입_H,문구/완구,일반문구,2,2,2.0,2,0,0,2025-05-12,2025-05 중순,0.0
141258,오뚜기)오뚜기밥210g*8입,가공식품,가공미반류,2,2,2.0,2,0,0,2025-05-12,2025-05 중순,0.0
371068,롯알)종이접시200mm(10입),가정용품,행락용품,2,1,2.0,2,0,0,2025-05-11,2025-05 중순,0.0
109900,하쿠시카 혼죠조팩(2입),전통주,기타전통주,2,2,2.0,2,0,0,2025-05-19,2025-05 중순,0.0
160771,일화)맥콜500ml,음료,탄산음료,2,2,2.0,2,0,0,2025-05-13,2025-05 중순,0.0
102014,롯데)자일리톨용기껌,과자,껌,2,2,2.0,2,0,0,2025-05-12,2025-05 중순,0.0
123736,덴마크)소화가잘되는우유딸기190ml,유음료,가공우유,4,3,2.0,3,0,0,2025-05-11,2025-05 중순,0.0
119464,하늘)약과도넛60g,과자,비스킷류,2,2,2.0,2,0,0,2025-05-12,2025-05 중순,0.0
124574,양촌우렁이쌀청주14도500ml(2입),전통주,기타전통주,2,2,2.0,2,0,0,2025-05-11,2025-05 중순,0.0
125044,농협)25년 감사장 한송이카네이션,서비스 상품,기타,2,2,2.0,2,0,0,2025-05-14,2025-05 중순,0.0
113149,글렌알라키 와인캐스크피니쉬 9년 도우로밸리 700ml,양주와인,양주,2,2,2.0,2,0,0,2025-05-15,2025-05 중순,0.0
109845,산미구엘페일필젠캔330ml(24입),맥주,수입맥주,2,2,2.0,2,0,0,2025-05-18,2025-05 중순,0.0
124386,굿지앤)오마카세직화불껍데기160g,냉장,냉장안주,2,2,2.0,2,0,0,2025-05-15,2025-05 중순,0.0
108548,피치)까먹는곰모양젤리(애플망고)40g,과자,젤리류,2,2,2.0,2,0,0,2025-05-12,2025-05 중순,0.0
202723,광동)진한헛개차500ml,음료,차음료,1,1,2.0,0,0,1,2025-05-19,2025-05 중순,0.0
125343,ITTA MAGAZINE TEMPEST ver(개인결제창),미디어 상품,잡지,2,1,2.0,2,0,0,2025-05-19,2025-05 중순,0.0
109256,PB)NEW한라봉유자차원컵45g,건강/기호식품,원컵,2,2,2.0,2,0,0,2025-05-14,2025-05 중순,0.0
170924,하이네)에델바이스500ml캔(4입),맥주,수입맥주,2,2,2.0,2,0,0,2025-05-15,2025-05 중순,0.0
191122,아사히)크루저블루베리275ml병,양주와인,리쿼,2,2,2.0,2,0,0,2025-05-13,2025-05 중순,0.0
107264,빙그레)더위사냥제로디카페인140ml,아이스크림,노벨티,2,2,2.0,2,0,0,2025-05-13,2025-05 중순,0.0
109942,레드브레스트15년 700ml,양주와인,양주,2,2,2.0,2,0,0,2025-05-13,2025-05 중순,0.0
191944,배비치 말보로 피노누아,양주와인,와인,2,2,2.0,2,0,0,2025-05-11,2025-05 중순,0.0
124131,롯데)이너프토스티드브레드45g,과자,비스킷류,2,2,2.0,2,0,0,2025-05-15,2025-05 중순,0.0
124312,벤리악 10년 700ml,양주와인,양주,2,2,2.0,2,0,0,2025-05-12,2025-05 중순,0.0
201778,칠성)잔치집식혜340ml,음료,전통음료,2,2,2.0,2,0,0,2025-05-19,2025-05 중순,0.0
111370,롯데)크런키34g,과자,초콜릿,2,2,2.0,2,0,0,2025-05-13,2025-05 중순,0.0
113150,글렌알라키 싱글몰트위스키 7년 헝가리안 오크 700ml,양주와인,양주,2,2,2.0,2,0,0,2025-05-11,2025-05 중순,0.0
105783,하림)더미식보리쌀밥180g,가공식품,가공미반류,1,1,2.0,0,0,1,2025-05-12,2025-05 중순,0.0
118185,롯데)초에너지바40g,과자,프로틴/시리얼,2,1,2.0,2,0,0,2025-05-17,2025-05 중순,0.0
107842,삼양)흰둥이짱구70g,과자,스낵류,3,1,2.0,1,0,1,2025-05-18,2025-05 중순,0.0
202365,빙그레)아카페라아메리카노1L,음료,커피음료,2,2,2.0,2,0,0,2025-05-11,2025-05 중순,0.0
109322,설성)내슈빌부채살스테이크150g,냉동,신선냉동,2,2,2.0,2,0,0,2025-05-14,2025-05 중순,0.0
109170,엡탑)까먹는애플망고젤리60g,과자,젤리류,1,1,2.0,0,0,1,2025-05-14,2025-05 중순,0.0
107847,서주)흔들어차차사우어45g,과자,젤리류,1,1,2.0,0,0,1,2025-05-14,2025-05 중순,0.0
108615,팜스)수미감자500g,신선,야채,2,1,2.0,2,0,0,2025-05-17,2025-05 중순,0.0
102789,천하)캐빈디쉬종합과일병캔디300g,과자,캔디류,2,1,2.0,2,0,0,2025-05-15,2025-05 중순,0.0
140890,CJ)비비고육개장500g,가공식품,상온간편식,2,2,2.0,2,0,0,2025-05-12,2025-05 중순,0.0
381030,PB)세면타월(블루)_H,패션잡화,시즌/소품,2,2,2.0,2,0,0,2025-05-11,2025-05 중순,0.0
123402,현대)신년운세떡만둣국,미반,푸드 간편식,4,4,2.0,3,0,0,2025-05-11,2025-05 중순,0.0
105580,하겐)딸기앤녹차바75ml,아이스크림,고급,1,1,2.0,0,0,1,2025-05-15,2025-05 중순,0.0
123779,스미)감숙왕다크초코바나나칩45g,안주,농산안주,2,2,2.0,2,0,0,2025-05-15,2025-05 중순,0.0
600705,비알)엄마는외계인초코볼,과자,초콜릿,2,1,2.0,2,0,0,2025-05-12,2025-05 중순,0.0
119883,롯데)아이스브레이커스체리36g,과자,캔디류,3,2,2.0,1,0,1,2025-05-13,2025-05 중순,0.0
372054,LG)샤프란아우라1L(스윗만다린),가정용품,세제류,2,2,2.0,2,0,0,2025-05-13,2025-05 중순,0.0
113694,파쏘아700ml,양주와인,양주,2,2,2.0,2,0,0,2025-05-15,2025-05 중순,0.0
105990,새롬)청포도/거봉/방울 혼합(270g),신선,과일,2,2,2.0,2,0,0,2025-05-12,2025-05 중순,0.0
202576,동서)TOP돌체라떼275,음료,커피음료,2,2,2.0,2,0,0,2025-05-14,2025-05 중순,0.0
132146,농심)오징어짬뽕봉지,면,봉지면,2,1,2.0,2,0,0,2025-05-16,2025-05 중순,0.0
105965,쟈뎅)아메리카노스위트1.5L,즉석음료,파우치,2,2,2.0,2,0,0,2025-05-20,2025-05 중순,0.0
391074,좋은느낌유기농순면수퍼롱오버8,위생용품,생리대,2,2,2.0,2,0,0,2025-05-16,2025-05 중순,0.0
107864,유앤)제로톡젤리애플망고160g,과자,젤리류,1,1,2.0,0,0,1,2025-05-11,2025-05 중순,0.0
123794,1키키쿼카)스트레스볼,과자,캔디류,2,1,2.0,2,0,0,2025-05-14,2025-05 중순,0.0
117286,MZ)밀카밀크초코렛90g,과자,초콜릿,1,1,2.0,0,0,1,2025-05-14,2025-05 중순,0.0
107480,PB)옥지의매운떡볶이~!(지옥맛),냉장,냉장간편식,2,2,2.0,2,0,0,2025-05-14,2025-05 중순,0.0
123317,PB)안유성장수회관마늘한돈육포30g,안주,육포,2,2,2.0,2,0,0,2025-05-11,2025-05 중순,0.0
391130,깨끗한)디어스킨입는오버4P(M),위생용품,생리대,2,2,2.0,2,0,0,2025-05-12,2025-05 중순,0.0
123316,PB)땅콩버터오징어50g,안주,오징어,2,2,2.0,2,0,0,2025-05-11,2025-05 중순,0.0
123376,파고 아일레스 아일레스 쿠에스타 델 에레로,양주와인,와인,2,2,2.0,2,0,0,2025-05-12,2025-05 중순,0.0
109894,하쿠시카 쿠로마츠 쥰마이 모찌요단,전통주,기타전통주,2,2,2.0,2,0,0,2025-05-11,2025-05 중순,0.0
192441,토민타울10년700ml,양주와인,양주,2,2,2.0,2,0,0,2025-05-11,2025-05 중순,0.0
837034,빙그레)파워캡레드피치120ml,아이스크림,노벨티,1,1,2.0,0,0,1,2025-05-19,2025-05 중순,0.0
360062,아우성콘돔3입돌출_H,약품/의료품,의약외품,2,1,2.0,2,0,0,2025-05-18,2025-05 중순,0.0
124495,와일드무어 23년,양주와인,양주,2,2,2.0,2,0,0,2025-05-20,2025-05 중순,0.0
401009,일신)바이오트루여행용60ml_H,약품/의료품,의약외품,2,1,2.0,2,0,0,2025-05-17,2025-05 중순,0.0
107406,어메이징)에반윌리엄스버번레몬355ml캔,양주와인,하이볼,2,2,2.0,2,0,0,2025-05-20,2025-05 중순,0.0
123877,러셀 리저브 6년 라이,양주와인,양주,2,2,2.0,2,0,0,2025-05-16,2025-05 중순,0.0
123800,2미미미누)스티커set,과자,캔디류,2,2,2.0,2,0,0,2025-05-11,2025-05 중순,0.0
118577,미성)빅마시멜로100g,과자,캔디류,1,1,2.0,0,0,1,2025-05-14,2025-05 중순,0.0
192600,칠성)탐두12년700ml,양주와인,양주,2,2,2.0,2,0,0,2025-05-11,2025-05 중순,0.0
105880,나무)빵빵이랜덤뱃지캔디5g,과자,캔디류,2,2,2.0,2,0,0,2025-05-12,2025-05 중순,0.0
133720,대상)순창(현미)찰고추장200g,조미료/건물,장류,2,2,2.0,2,0,0,2025-05-17,2025-05 중순,0.0
201329,코카)태양의마테차500ml,음료,차음료,2,1,2.0,2,0,0,2025-05-11,2025-05 중순,0.0
061665,빙그레)닥터캡슐플레인130ml,유음료,요구르트,2,2,2.0,2,0,0,2025-05-18,2025-05 중순,0.0
124429,CJ)하프칼로리발사믹드레싱,조미료/건물,소스류,2,2,2.0,2,0,0,2025-05-13,2025-05 중순,0.0
107426,K리그X산리오 스트랩키링(마이멜로디/대구),문구/완구,일반완구,2,2,2.0,2,0,0,2025-05-11,2025-05 중순,0.0
123458,델리카토 1924 버번 배럴 까베르네 소비뇽,양주와인,와인,2,2,2.0,2,0,0,2025-05-12,2025-05 중순,0.0
124014,PB)더블매콤야채땡초바160g,냉장,냉장간식,1,1,2.0,0,0,1,2025-05-19,2025-05 중순,0.0
124384,대림)안심닭가슴살(블랙페퍼)100g,냉장,냉장간식,2,2,2.0,2,0,0,2025-05-11,2025-05 중순,0.0
111548,크라운)초코하임3300(9입),과자,비스킷류,2,2,2.0,2,0,0,2025-05-16,2025-05 중순,0.0
190463,52-08_FJ)예거마이스터350ml,양주와인,양주,2,1,2.0,2,0,0,2025-05-11,2025-05 중순,0.0
190457,롯데)옐로우테일샤도네이187ml,양주와인,와인,2,2,2.0,2,0,0,2025-05-13,2025-05 중순,0.0
124632,피치)곤충모양젤리13g,과자,젤리류,2,2,2.0,2,0,0,2025-05-17,2025-05 중순,0.0
109931,로얄샬루트21년몰트 700ml,양주와인,양주,2,2,2.0,2,0,0,2025-05-18,2025-05 중순,0.0
124724,인디)247블라스트레몬490ml캔,양주와인,하이볼,2,2,2.0,2,0,0,2025-05-11,2025-05 중순,0.0
106026,LG)포켓몬꼬부기선크림80ml_H,미용/화장품,여성화장품,2,2,2.0,2,0,0,2025-05-12,2025-05 중순,0.0
600989,엔제이)도라에몽롤리팝80g,과자,캔디류,2,1,2.0,2,0,0,2025-05-11,2025-05 중순,0.0
106871,농심)포테토칩먹태고추장50g,과자,스낵류,2,2,2.0,2,0,0,2025-05-20,2025-05 중순,0.0
106029,롯데)더쌀로새우맛50g,과자,스낵류,2,2,2.0,2,0,0,2025-05-12,2025-05 중순,0.0
113163,조니워커레드 700ml,양주와인,양주,2,2,2.0,2,0,0,2025-05-11,2025-05 중순,0.0
413416,듀라셀)코인건전지2032(4입)_H,일용잡화,건전지,2,2,2.0,2,0,0,2025-05-14,2025-05 중순,0.0
192495,말피리모네700m,양주와인,양주,2,2,2.0,2,0,0,2025-05-16,2025-05 중순,0.0
107788,K리그산리오)인형_폼폼푸린,문구/완구,일반완구,2,2,2.0,2,0,0,2025-05-11,2025-05 중순,0.0
125005,글로브)도토리젤리15g,과자,젤리류,1,1,2.0,0,0,1,2025-05-14,2025-05 중순,0.0
600791,PB)바프마카다미아봉봉60g,과자,초콜릿,2,2,2.0,2,0,0,2025-05-17,2025-05 중순,0.0
109557,해태)피스타치오크림케이크336g,과자,비스킷류,2,1,2.0,2,0,0,2025-05-19,2025-05 중순,0.0
106834,동화)퀵앤써샤인머스캣향12ml,건강/기호식품,건강/이너뷰티,2,2,2.0,2,0,0,2025-05-17,2025-05 중순,0.0
123721,들라스 크로즈 에르미따쥐 화이트,양주와인,와인,2,2,2.0,2,0,0,2025-05-18,2025-05 중순,0.0
132875,오뚜기)진짬뽕소컵,면,용기면,2,1,2.0,2,0,0,2025-05-16,2025-05 중순,0.0
107407,어메이징)에반윌리엄스버번애플355ml캔,양주와인,하이볼,2,2,2.0,2,0,0,2025-05-15,2025-05 중순,0.0
132474,오뚜기)진짜쫄면봉지,면,봉지면,2,1,2.0,2,0,0,2025-05-12,2025-05 중순,0.0
124607,밀담24도360ml,전통주,기타전통주,2,2,2.0,2,0,0,2025-05-16,2025-05 중순,0.0
192123,인덜지)부나하벤스튜라더700ml,양주와인,양주,2,2,2.0,2,0,0,2025-05-12,2025-05 중순,0.0
105916,유한)좋은느낌무표백중형4P,위생용품,생리대,2,2,2.0,2,0,0,2025-05-14,2025-05 중순,0.0
815125,칠성)건강기원세트,음료,선물세트,1,1,2.0,0,0,1,2025-05-12,2025-05 중순,0.0
123570,PB)디저트39딸기우유500ml,유음료,가공우유,2,2,2.0,2,0,0,2025-05-13,2025-05 중순,0.0
115820,48-08_오퍼링,양주와인,와인,2,2,2.0,2,0,0,2025-05-15,2025-05 중순,0.0
107277,켈로그)콘푸로스트다크초코컵40g,과자,비스킷류,2,2,2.0,2,0,0,2025-05-13,2025-05 중순,0.0
114684,코노수르 싱글빈야드 까베르네소비뇽750ml,양주와인,와인,2,2,2.0,2,0,0,2025-05-14,2025-05 중순,0.0
192567,힐패밀리베럴블랜드750ml,양주와인,와인,2,2,2.0,2,0,0,2025-05-12,2025-05 중순,0.0
117124,롯데)말랑카우딸기맛(봉지),과자,캔디류,2,2,2.0,2,0,0,2025-05-14,2025-05 중순,0.0
030219,CJ)모닝두부,신선,야채,1,1,2.0,0,0,1,2025-05-12,2025-05 중순,0.0
191940,JD라포레 부르고뉴 피노누아,양주와인,와인,2,2,2.0,2,0,0,2025-05-12,2025-05 중순,0.0
381370,트라이엄프)파워힙업팬티(살구)_H,패션잡화,스타킹,2,2,2.0,2,0,0,2025-05-16,2025-05 중순,0.0
162405,아라)바프허니버터오징어튀김100,안주,스낵안주,2,2,2.0,2,0,0,2025-05-11,2025-05 중순,0.0
402042,대한)메디폼습윤밴드(3매)_H,약품/의료품,의약외품,2,2,2.0,2,0,0,2025-05-12,2025-05 중순,0.0
600785,오리온)톡핑헤이즐넛그래놀라43g,과자,초콜릿,2,2,2.0,2,0,0,2025-05-13,2025-05 중순,0.0
053123,고래사)접사각,즉석 식품,즉석간식,2,2,2.0,2,0,0,2025-05-11,2025-05 중순,0.0
191107,디아)벨즈블렌디드700ml,양주와인,양주,2,2,2.0,2,0,0,2025-05-11,2025-05 중순,0.0
108551,피치)수박모양미니젤리,과자,젤리류,2,2,2.0,2,0,0,2025-05-12,2025-05 중순,0.0
073248,PB)숯불삼치구이77g,냉장,냉장간편식,2,1,2.0,2,0,0,2025-05-13,2025-05 중순,0.0
190969,페르)앱솔루트보드카375ml,양주와인,양주,2,1,2.0,2,0,0,2025-05-17,2025-05 중순,0.0
202192,광동)비타500허니로열100ml,음료,기능성드링크,1,1,2.0,0,0,1,2025-05-12,2025-05 중순,0.0
832262,쏘피)안심숙면팬티무표백대형4,위생용품,생리대,2,2,2.0,2,0,0,2025-05-12,2025-05 중순,0.0
191979,킬리카눈킬러맨즈런쉬라즈,양주와인,와인,2,2,2.0,2,0,0,2025-05-11,2025-05 중순,0.0
600940,산리오)쿠로미포도구미,과자,젤리류,2,2,2.0,2,0,0,2025-05-12,2025-05 중순,0.0
170861,하날레이아일랜드병24입,맥주,수입맥주,1,1,2.0,0,0,1,2025-05-12,2025-05 중순,0.0
132839,삼양)맵탱흑후추소고기라면큰컵,면,용기면,5,5,2.0,2,0,1,2025-05-11,2025-05 중순,0.0
123840,행사하리보)축구공(피코발라),과자,젤리류,2,2,2.0,2,0,0,2025-05-15,2025-05 중순,0.0
109945,아벨라워16년 700ml,양주와인,양주,2,2,2.0,2,0,0,2025-05-13,2025-05 중순,0.0
109067,에이스)카다이프피스타치오30G,과자,초콜릿,2,2,2.0,2,0,0,2025-05-11,2025-05 중순,0.0
114679,톨라이니 알 파쏘 IGT750ml,양주와인,와인,2,2,2.0,2,0,0,2025-05-12,2025-05 중순,0.0
108464,PB)NBR그립코팅장갑_H,가정용품,청소/작업용품,2,2,2.0,2,0,0,2025-05-19,2025-05 중순,0.0
601360,롯데)제로마일드초콜릿50g,과자,초콜릿,2,1,2.0,2,0,0,2025-05-19,2025-05 중순,0.0
113155,엘리먼츠 오브 아일라 셰리캐스크 700ml,양주와인,양주,2,2,2.0,2,0,0,2025-05-11,2025-05 중순,0.0
109176,피치)킨조젤리76g,과자,젤리류,1,1,2.0,0,0,1,2025-05-15,2025-05 중순,0.0
412131,PB)3구3M멀티탭_H,일용잡화,전기용품,2,1,2.0,2,0,0,2025-05-18,2025-05 중순,0.0
141695,유성)유동골빔면골뱅이95g,가공식품,캔,2,2,2.0,2,0,0,2025-05-17,2025-05 중순,0.0
201895,오츠카)데자와500ml,음료,차음료,1,1,2.0,0,0,1,2025-05-20,2025-05 중순,0.0
124504,하림)더미식마파두부덮밥소스150g,가공식품,상온간편식,2,1,2.0,2,0,0,2025-05-12,2025-05 중순,0.0
093740,세븐팜)새송이버섯 2송이,신선,야채,2,2,2.0,2,0,0,2025-05-11,2025-05 중순,0.0
124600,오매락퍽40도500ml,전통주,기타전통주,2,2,2.0,2,0,0,2025-05-12,2025-05 중순,0.0
107424,K리그X산리오 스트랩키링(폼폼푸린/광주),문구/완구,일반완구,2,1,2.0,2,0,0,2025-05-14,2025-05 중순,0.0
123769,HY)길디오리지널라거568ml캔,맥주,수입맥주,2,2,2.0,2,0,0,2025-05-16,2025-05 중순,0.0
181069,롯데)새로소주640ml페트(4입),전통주,선물세트,2,2,2.0,2,0,0,2025-05-14,2025-05 중순,0.0
162305,써라클)오징어실채30g,안주,오징어,1,1,2.0,0,0,1,2025-05-16,2025-05 중순,0.0
109895,하나코하쿠 매실사케,전통주,기타전통주,1,1,2.0,0,0,1,2025-05-14,2025-05 중순,0.0
123241,잇웨이)하남돼지집불껍데기200g,냉동,조리냉동,2,2,2.0,2,0,0,2025-05-12,2025-05 중순,0.0
191259,페르)앱솔루트피치375ml,양주와인,양주,1,1,2.0,0,0,1,2025-05-14,2025-05 중순,0.0
073176,에프투)들깨수제비188g,냉장,냉장간편식,2,2,2.0,2,0,0,2025-05-18,2025-05 중순,0.0
601345,아띠)반두아코코넛델리150g,과자,비스킷류,2,1,2.0,2,0,0,2025-05-11,2025-05 중순,0.0
361291,LG)페리오이지클리닉칫솔_H,H&B,칫솔,2,2,2.0,2,0,0,2025-05-11,2025-05 중순,0.0
123543,토마시 팔랑카 아를레치노,양주와인,와인,2,2,2.0,2,0,0,2025-05-14,2025-05 중순,0.0
114209,에이원)스위트롤리팝,과자,캔디류,2,1,2.0,2,0,0,2025-05-11,2025-05 중순,0.0
123475,코폴라 다이아몬드 컬렉션 진판델,양주와인,와인,1,1,2.0,0,0,1,2025-05-17,2025-05 중순,0.0
202608,오츠카)나랑드사이다그린애플500,음료,탄산음료,2,2,2.0,2,0,0,2025-05-12,2025-05 중순,0.0
105722,오리온)아이셔츄포도샤인머스캣48g,과자,캔디류,1,1,2.0,0,0,1,2025-05-17,2025-05 중순,0.0
123655,닭가슴살잡곡샌드,조리빵,샌드위치,1,1,1.0,1,0,0,2025-05-16,2025-05 중순,0.0
105296,대호)Big블랙아메리카노320ml,즉석음료,파우치,1,1,1.0,1,0,0,2025-05-11,2025-05 중순,0.0
191019,브라운)잭다니엘스200ml,양주와인,양주,1,1,1.0,1,0,0,2025-05-12,2025-05 중순,0.0
160876,코카)파워에이드브라스트,음료,스포츠음료,1,1,1.0,1,0,0,2025-05-11,2025-05 중순,0.0
062123,롯데)위편한하루150ml,유음료,요구르트,1,1,1.0,1,0,0,2025-05-11,2025-05 중순,0.0
601341,PB)초코퐁당강냉이175g,과자,스낵류,1,1,1.0,1,0,0,2025-05-13,2025-05 중순,0.0
093735,프레시팜)청양고추150g(봉),신선,야채,1,1,1.0,1,0,0,2025-05-17,2025-05 중순,0.0
106844,칠성)칠성사이다제로그린플럼500ml,음료,탄산음료,1,1,1.0,1,0,0,2025-05-12,2025-05 중순,0.0
601103,유앤)뽐뽐스튜디오솜사탕12g,과자,캔디류,1,1,1.0,1,0,0,2025-05-19,2025-05 중순,0.0
362572,LG)핑크솔트시카샴푸200ml_H,H&B,샴푸/린스,1,1,1.0,1,0,0,2025-05-17,2025-05 중순,0.0
105997,롯데)제로쿠키&크림바80ml,아이스크림,노벨티,1,1,1.0,1,0,0,2025-05-12,2025-05 중순,0.0
220736,동원)리챔200g,가공식품,캔,1,1,1.0,1,0,0,2025-05-17,2025-05 중순,0.0
123444,와일드 터키 지미 러셀  70주년 릴리즈,양주와인,양주,1,1,1.0,1,0,0,2025-05-12,2025-05 중순,0.0
116121,롯데)아이스브레이커스 듀오딸기,과자,캔디류,1,1,1.0,1,0,0,2025-05-13,2025-05 중순,0.0
123777,스미)감숙왕밀크초코바나나칩45g,안주,농산안주,1,1,1.0,1,0,0,2025-05-17,2025-05 중순,0.0
124534,4월 도시락 구독,,,1,1,1.0,1,0,0,2025-05-18,2025-05 중순,0.0
106477,나무)파피플레이파피팝10g,과자,캔디류,1,1,1.0,1,0,0,2025-05-19,2025-05 중순,0.0
190556,페르)앱솔루트피치700ml,양주와인,양주,1,1,1.0,1,0,0,2025-05-20,2025-05 중순,0.0
191405,산펠리체끼안티750ml,양주와인,와인,1,1,1.0,1,0,0,2025-05-16,2025-05 중순,0.0
192548,오프리루비포트750ml,양주와인,와인,1,1,1.0,1,0,0,2025-05-18,2025-05 중순,0.0
109918,레티자화이트(12입),양주와인,와인,1,1,1.0,1,0,0,2025-05-16,2025-05 중순,0.0
600925,MZ)밀카초코그레인42g,과자,비스킷류,1,1,1.0,1,0,0,2025-05-18,2025-05 중순,0.0
601149,에이스)전천당우유맛캔디30g,과자,캔디류,1,1,1.0,1,0,0,2025-05-16,2025-05 중순,0.0
390902,LG)귀애랑대형4P,위생용품,생리대,1,1,1.0,1,0,0,2025-05-14,2025-05 중순,0.0
109879,월계관 쥰마이750ml,전통주,기타전통주,1,1,1.0,1,0,0,2025-05-19,2025-05 중순,0.0
107427,K리그X산리오 스트랩키링(케로피/대전),문구/완구,일반완구,1,1,1.0,1,0,0,2025-05-20,2025-05 중순,0.0
123576,파 이스트 화이트 (6본입),맥주,수입맥주,1,1,1.0,1,0,0,2025-05-18,2025-05 중순,0.0
124286,해태)팥붕슈붕젤리60g,과자,젤리류,1,1,1.0,1,0,0,2025-05-20,2025-05 중순,0.0
170942,오비)버드와이저330ml캔(6입),맥주,수입맥주,1,1,1.0,1,0,0,2025-05-18,2025-05 중순,0.0
124436,옥토모어 15.1 700ml,양주와인,양주,1,1,1.0,1,0,0,2025-05-18,2025-05 중순,0.0
123357,얄리 레세르바 까르메네르,양주와인,와인,1,1,1.0,1,0,0,2025-05-20,2025-05 중순,0.0
162354,아라움)BBQ치킨스낵황금올리브30,안주,스낵안주,1,1,1.0,1,0,0,2025-05-19,2025-05 중순,0.0
123373,크레스만 모노폴 화이트,양주와인,와인,1,1,1.0,1,0,0,2025-05-13,2025-05 중순,0.0
170796,에이이)코젤다크500ml(4입),맥주,수입맥주,1,1,1.0,1,0,0,2025-05-17,2025-05 중순,0.0
073418,PB)육즙가득비프함박150g,냉장,냉장간편식,2,1,1.0,0,0,1,2025-05-14,2025-05 중순,0.0
390857,하기스물놀이기저귀팬티5단계3입,위생용품,기저귀,1,1,1.0,1,0,0,2025-05-18,2025-05 중순,0.0
107879,4월 세븐카페 구독,,,1,1,1.0,1,0,0,2025-05-16,2025-05 중순,0.0
105962,쟈뎅)복숭아아이스티1.5L,즉석음료,파우치,1,1,1.0,1,0,0,2025-05-13,2025-05 중순,0.0
123484,랑메일 블랙스미스 까베르네 소비뇽,양주와인,와인,1,1,1.0,1,0,0,2025-05-11,2025-05 중순,0.0
112113,크라운)마이쮸복숭아44g,과자,캔디류,1,1,1.0,1,0,0,2025-05-17,2025-05 중순,0.0
370505,PB)완전코팅장갑_H,가정용품,청소/작업용품,1,1,1.0,1,0,0,2025-05-12,2025-05 중순,0.0
107168,PB)미니헤어빗_H,미용/화장품,미용소품,1,1,1.0,1,0,0,2025-05-19,2025-05 중순,0.0
123553,롯데)가득담은5찬도시락,미반,도시락,1,1,1.0,1,0,0,2025-05-19,2025-05 중순,0.0
107428,K리그X산리오 스트랩키링(위시미멜/부산),문구/완구,일반완구,1,1,1.0,1,0,0,2025-05-20,2025-05 중순,0.0
115433,달모어 15년 700ml,양주와인,양주,1,1,1.0,1,0,0,2025-05-19,2025-05 중순,0.0
124755,삼립)런치킨크랜베리콤보샐러드,간식,샐러드(삭제예정),1,1,1.0,1,0,0,2025-05-16,2025-05 중순,0.0
105751,잇웨이)치킨매니아새우닭강정250g,냉동,조리냉동,1,1,1.0,1,0,0,2025-05-13,2025-05 중순,0.0
062606,비알)초코나무숲밀키300ml,유음료,컵커피,1,1,1.0,1,0,0,2025-05-17,2025-05 중순,0.0
361972,P&G)헤드앤숄더두피샴푸550ml_H,H&B,샴푸/린스,1,1,1.0,1,0,0,2025-05-14,2025-05 중순,0.0
412077,마즈)위스카스오션피쉬1.2kg_H,일용잡화,반려동물용품,1,1,1.0,1,0,0,2025-05-14,2025-05 중순,0.0
372203,유한)해피홈아웃도어롤온50g,가정용품,살충제,1,1,1.0,1,0,0,2025-05-18,2025-05 중순,0.0
072715,아워홈)매콤오돌뼈160g,냉장,냉장안주,1,1,1.0,1,0,0,2025-05-11,2025-05 중순,0.0
132704,하림)장인라면얼큰한맛용기,면,용기면,3,3,1.0,2,0,0,2025-05-15,2025-05 중순,0.0
121777,티젠)콤부차10입,건강/기호식품,차,2,1,1.0,0,0,1,2025-05-19,2025-05 중순,0.0
370990,P&G)다우니향페브리즈370ml_H,가정용품,방향제,1,1,1.0,1,0,0,2025-05-11,2025-05 중순,0.0
123839,행사하리보)해피그레이프100g,과자,젤리류,1,1,1.0,1,0,0,2025-05-18,2025-05 중순,0.0
401250,유한)애프터 임신진단키트_H,약품/의료품,의료기기,1,1,1.0,1,0,0,2025-05-20,2025-05 중순,0.0
123353,크레스만 그랑 리저브 보르도 레드,양주와인,와인,1,1,1.0,1,0,0,2025-05-19,2025-05 중순,0.0
191257,아영)알파카카베르네메를로750ml,양주와인,와인,1,1,1.0,1,0,0,2025-05-15,2025-05 중순,0.0
160054,칠성)펩시콜라1.5P,음료,탄산음료,1,1,1.0,1,0,0,2025-05-17,2025-05 중순,0.0
108957,프로엠)트윙클다이아set,과자,비스킷류,1,1,1.0,1,0,0,2025-05-15,2025-05 중순,0.0
105980,셀퓨전씨)레이저썬스크린35ml_H,미용/화장품,여성화장품,1,1,1.0,1,0,0,2025-05-19,2025-05 중순,0.0
108607,미스티)산리오자판기캔디30g,과자,캔디류,1,1,1.0,1,0,0,2025-05-11,2025-05 중순,0.0
141437,샘표)밥도둑메추리알장조림150g,가공식품,상온간편식,3,2,1.0,2,0,0,2025-05-11,2025-05 중순,0.0
094700,돌코리아)건망고(80g),신선,과일,1,1,1.0,1,0,0,2025-05-14,2025-05 중순,0.0
061867,동서)맥심TOP트리플라떼컵300ml,유음료,컵커피,1,1,1.0,1,0,0,2025-05-12,2025-05 중순,0.0
133735,종가집)맛김치200g,냉장,냉장간편식,1,1,1.0,1,0,0,2025-05-15,2025-05 중순,0.0
109118,나뚜루)비건초콜릿&아몬드파인트474ml,아이스크림,고급,1,1,1.0,1,0,0,2025-05-13,2025-05 중순,0.0
440897,모나미)노크볼(흑)0．7mm_H,문구/완구,일반문구,1,1,1.0,1,0,0,2025-05-17,2025-05 중순,0.0
109252,네슬레)다막피스타치오60G,과자,초콜릿,1,1,1.0,1,0,0,2025-05-12,2025-05 중순,0.0
121661,PB)NEW현미녹차25입,건강/기호식품,차,1,1,1.0,1,0,0,2025-05-17,2025-05 중순,0.0
124922,하겐)컵티라미수100ml,아이스크림,고급,1,1,1.0,1,0,0,2025-05-17,2025-05 중순,0.0
107743,새롬)황도복숭아2입(380g내외),신선,과일,1,1,1.0,1,0,0,2025-05-18,2025-05 중순,0.0
420682,모나미)제트스트림_후크형_H,문구/완구,일반문구,1,1,1.0,1,0,0,2025-05-17,2025-05 중순,0.0
831060,피죤)고농축미스틱레인1.6L_H,가정용품,세제류,1,1,1.0,1,0,0,2025-05-11,2025-05 중순,0.0
120164,담터)호두아몬드율무차8입,건강/기호식품,차,1,1,1.0,1,0,0,2025-05-20,2025-05 중순,0.0
106675,나무)최애의아이랜덤뱃지캔디5g,과자,캔디류,1,1,1.0,1,0,0,2025-05-20,2025-05 중순,0.0
124557,해태)자일리톨은단청용기90g,과자,껌,1,1,1.0,1,0,0,2025-05-19,2025-05 중순,0.0
191947,란 리제르바,양주와인,와인,1,1,1.0,1,0,0,2025-05-17,2025-05 중순,0.0
382341,제우)스트라이프스포츠양말(남성_H,패션잡화,양말,1,1,1.0,1,0,0,2025-05-16,2025-05 중순,0.0
160661,호연)꿀물180ml,음료,전통음료,1,1,1.0,1,0,0,2025-05-19,2025-05 중순,0.0
601395,에이스)초코동물모양비스킷50G,과자,비스킷류,1,1,1.0,1,0,0,2025-05-12,2025-05 중순,0.0
120819,티젠)우엉차40입,건강/기호식품,차,1,1,1.0,1,0,0,2025-05-13,2025-05 중순,0.0
123375,크레스만 모노폴 레드,양주와인,와인,1,1,1.0,1,0,0,2025-05-12,2025-05 중순,0.0
361700,PB)도루코4중날시스템면도기_H,H&B,면도용품,1,1,1.0,1,0,0,2025-05-19,2025-05 중순,0.0
124638,APP키키쿼카)봉제자석스마트톡,과자,캔디류,1,1,1.0,1,0,0,2025-05-18,2025-05 중순,0.0
153098,부라보)스리라차핫칠리250g,조미료/건물,소스류,1,1,1.0,1,0,0,2025-05-18,2025-05 중순,0.0
070127,매일)우유속딸기300ml,유음료,가공우유,1,1,1.0,1,0,0,2025-05-12,2025-05 중순,0.0
107289,우양)박사마을곰핫도그120g,냉동,조리냉동,1,1,1.0,1,0,0,2025-05-14,2025-05 중순,0.0
106440,LG)에프킬라무향에어로솔500ml_H,가정용품,살충제,1,1,1.0,1,0,0,2025-05-18,2025-05 중순,0.0
071942,장충동)미니족발315g,냉장,냉장안주,1,1,1.0,1,0,0,2025-05-11,2025-05 중순,0.0
109756,삼경)필러즈바나나구미56g,과자,젤리류,1,1,1.0,1,0,0,2025-05-16,2025-05 중순,0.0
162368,더다믐)김칩스매운맛40g,안주,스낵안주,1,1,1.0,1,0,0,2025-05-20,2025-05 중순,0.0
124924,쉬즈)슈퍼쿨링파우더시트15매,미용/화장품,여성화장품,1,1,1.0,1,0,0,2025-05-12,2025-05 중순,0.0
421118,모나미)3M폼양면테이프강력형_H,문구/완구,사무용품,1,1,1.0,1,0,0,2025-05-19,2025-05 중순,0.0
113126,미클토어 더 친커핀 원 700ml,양주와인,양주,1,1,1.0,1,0,0,2025-05-20,2025-05 중순,0.0
062585,직납)아침미소요구르트150ml,유음료,요구르트,1,1,1.0,1,0,0,2025-05-16,2025-05 중순,0.0
105844,동화)부채표까스활75ml(10입),약품/의료품,의약외품,1,1,1.0,1,0,0,2025-05-18,2025-05 중순,0.0
123583,농심)츄파춥스디즈니플러피키링기획팩,과자,캔디류,1,1,1.0,1,0,0,2025-05-11,2025-05 중순,0.0
106439,PB)빵빵이아이스볼 사과&소다향,아이스크림,노벨티,1,1,1.0,1,0,0,2025-05-11,2025-05 중순,0.0
170943,오비)호가든330ml캔(6입),맥주,수입맥주,1,1,1.0,1,0,0,2025-05-13,2025-05 중순,0.0
115682,빙그레)뽀로로와친구들치즈맛65g,과자,비스킷류,1,1,1.0,1,0,0,2025-05-12,2025-05 중순,0.0
124591,대숲담양향화이트41도375ml,전통주,기타전통주,1,1,1.0,1,0,0,2025-05-16,2025-05 중순,0.0
600595,오리온)그래놀라바(철분)35g,과자,프로틴/시리얼,1,1,1.0,1,0,0,2025-05-18,2025-05 중순,0.0
124496,와일드무어 30년,양주와인,양주,1,1,1.0,1,0,0,2025-05-20,2025-05 중순,0.0
107394,PB)헤어롤(중)2P_H,미용/화장품,미용소품,1,1,1.0,1,0,0,2025-05-15,2025-05 중순,0.0
411007,존슨)뉴트로딥클린포밍클렌저100_H,미용/화장품,여성화장품,1,1,1.0,1,0,0,2025-05-18,2025-05 중순,0.0
123584,농심)츄파춥스디즈니아크릴키링기획팩,과자,캔디류,1,1,1.0,1,0,0,2025-05-14,2025-05 중순,0.0
107787,K리그산리오)인형_코로쿠리링,문구/완구,일반완구,1,1,1.0,1,0,0,2025-05-12,2025-05 중순,0.0
122959,미스티)별의커비프렌즈1.5g,과자,캔디류,1,1,1.0,1,0,0,2025-05-11,2025-05 중순,0.0
180411,서울탁)월매쌀막걸리750ml,전통주,막걸리,3,3,1.0,2,0,0,2025-05-11,2025-05 중순,0.0
092537,돌코리아)후룻컵망고198g,신선,과일,1,1,1.0,1,0,0,2025-05-15,2025-05 중순,0.0
191268,레뱅드)로쉐마제로제250ml,양주와인,와인,1,1,1.0,1,0,0,2025-05-17,2025-05 중순,0.0
106535,던킨)라임샤인머스캣녹차500ml,음료,차음료,1,1,1.0,1,0,0,2025-05-15,2025-05 중순,0.0
390979,PB)new미용티슈260매,위생용품,티슈,1,1,1.0,1,0,0,2025-05-13,2025-05 중순,0.0
061520,덴마크)대니쉬우유900ml*2입,유음료,흰우유,1,1,1.0,1,0,0,2025-05-12,2025-05 중순,0.0
141694,오뚜기)베이컨감자스프180g,가공식품,상온간편식,1,1,1.0,1,0,0,2025-05-13,2025-05 중순,0.0
109921,디아만테 모스카토다스티(6입),양주와인,와인,1,1,1.0,1,0,0,2025-05-13,2025-05 중순,0.0
421336,모나미)쇼핑백대(블랙)_H,문구/완구,기타문구,1,1,1.0,1,0,0,2025-05-19,2025-05 중순,0.0
420798,모나미)규격봉투(10입)_H,문구/완구,노트/봉투,1,1,1.0,1,0,0,2025-05-12,2025-05 중순,0.0
420750,모나미)A5스프링노트_H,문구/완구,노트/봉투,1,1,1.0,1,0,0,2025-05-13,2025-05 중순,0.0
391126,하기스)네이처기저귀4단계3P,위생용품,기저귀,1,1,1.0,1,0,0,2025-05-20,2025-05 중순,0.0
412326,네슬레)알포 성견용1.5kg_H,일용잡화,반려동물용품,1,1,1.0,1,0,0,2025-05-13,2025-05 중순,0.0
093784,롯데)컷팅파인애플540g,신선,과일,1,1,1.0,1,0,0,2025-05-17,2025-05 중순,0.0
192546,메종카스텔그랑리저브까버네,양주와인,와인,1,1,1.0,1,0,0,2025-05-15,2025-05 중순,0.0
109881,오샤베리쿠지라 쥰마이720ml,전통주,기타전통주,1,1,1.0,1,0,0,2025-05-17,2025-05 중순,0.0
202561,PB)명인녹차500ml,음료,차음료,1,1,1.0,1,0,0,2025-05-17,2025-05 중순,0.0
400691,PB)반코팅장갑_H,가정용품,청소/작업용품,1,1,1.0,1,0,0,2025-05-20,2025-05 중순,0.0
117123,시원)마키아또누가(초코)80g,과자,캔디류,1,1,1.0,1,0,0,2025-05-19,2025-05 중순,0.0
180909,롯데)순하리레몬진4.5 500ml캔,전통주,기타전통주,1,1,1.0,1,0,0,2025-05-18,2025-05 중순,0.0
151486,대상)연겨자35g,조미료/건물,조미료,1,1,1.0,1,0,0,2025-05-11,2025-05 중순,0.0
094537,프레시팜)대추방울토마토(500g),신선,과일,1,1,1.0,1,0,0,2025-05-13,2025-05 중순,0.0
181047,천지람500ml,전통주,기타전통주,1,1,1.0,1,0,0,2025-05-16,2025-05 중순,0.0
109997,글렌고인 10년 ,양주와인,양주,1,1,1.0,1,0,0,2025-05-20,2025-05 중순,0.0
382372,남영)비비안여성헴팬티블랙100_H,패션잡화,팬티/내의,1,1,1.0,1,0,0,2025-05-19,2025-05 중순,0.0
240035,오뚜기)골드마요네스500g,조미료/건물,소스류,1,1,1.0,1,0,0,2025-05-18,2025-05 중순,0.0
124313,젠틀맨 잭 700ml,양주와인,양주,1,1,1.0,1,0,0,2025-05-13,2025-05 중순,0.0
105224,아미)컵얼음(레귤러),즉석음료,얼음,1,1,1.0,1,0,0,2025-05-19,2025-05 중순,0.0
832251,유한)좋은느낌입는오버나이트3P,위생용품,생리대,1,1,1.0,1,0,0,2025-05-16,2025-05 중순,0.0
601113,선린)호박찹쌀약과,과자,비스킷류,1,1,1.0,1,0,0,2025-05-13,2025-05 중순,0.0
124108,롯데)클라우드논알롤릭500ml,맥주,무알콜맥주,1,1,1.0,1,0,0,2025-05-13,2025-05 중순,0.0
361007,LG)46Cm스프레이가글_H,H&B,치약,1,1,1.0,1,0,0,2025-05-12,2025-05 중순,0.0
202650,이디야)트리플스위트아메리500ml,음료,커피음료,1,1,1.0,1,0,0,2025-05-18,2025-05 중순,0.0
108414,크라운)참그레인샌드우리밀48g,과자,비스킷류,1,1,1.0,1,0,0,2025-05-15,2025-05 중순,0.0
411727,PJ)비프&치즈100g_H,일용잡화,반려동물용품,1,1,1.0,1,0,0,2025-05-20,2025-05 중순,0.0
123236,하이네켄실버500ml캔(24입),맥주,수입맥주,1,1,1.0,1,0,0,2025-05-17,2025-05 중순,0.0
370399,LG)바디피트귀애랑울날중4P,위생용품,생리대,1,1,1.0,1,0,0,2025-05-13,2025-05 중순,0.0
124598,국순당여주명주려40도375ml(2입),전통주,기타전통주,1,1,1.0,1,0,0,2025-05-11,2025-05 중순,0.0
123619,홀그레인머스타드닭가슴살김밥,미반,김밥,1,1,1.0,1,0,0,2025-05-16,2025-05 중순,0.0
162412,봄날)자색군고구마칩40g,안주,농산안주,1,1,1.0,1,0,0,2025-05-17,2025-05 중순,0.0
421246,모나미)시험용 연필세트_H,문구/완구,일반문구,1,1,1.0,1,0,0,2025-05-17,2025-05 중순,0.0
390928,유한)좋은는낌순면라이너롱18P,위생용품,생리대,1,1,1.0,1,0,0,2025-05-18,2025-05 중순,0.0
062478,비알)이상한나라솜사탕우유190ml,유음료,가공우유,1,1,1.0,1,0,0,2025-05-11,2025-05 중순,0.0
162377,썬푸드)피자파스타맛오징어30g,안주,오징어,1,1,1.0,1,0,0,2025-05-11,2025-05 중순,0.0
113133,믹터스 스몰배치 버번 700ml,양주와인,양주,1,1,1.0,1,0,0,2025-05-13,2025-05 중순,0.0
123702,들라스 지공다스 레드,양주와인,와인,1,1,1.0,1,0,0,2025-05-18,2025-05 중순,0.0
390516,무궁화)살균99%비누_H,가정용품,세제류,1,1,1.0,1,0,0,2025-05-14,2025-05 중순,0.0
220673,CJ)햇반200g*3입,가공식품,가공미반류,1,1,1.0,1,0,0,2025-05-12,2025-05 중순,0.0
124132,롯데)이너프베이크드쿠키크랜베리43g,과자,비스킷류,1,1,1.0,1,0,0,2025-05-14,2025-05 중순,0.0
202652,티젠)콤부차스파클링티(레몬)340,음료,탄산음료,1,1,1.0,1,0,0,2025-05-16,2025-05 중순,0.0
071550,CJ)맥스봉치즈플러스55g,냉장,냉장간식,1,1,1.0,1,0,0,2025-05-17,2025-05 중순,0.0
192080,스마일리멜롯750ml,양주와인,와인,1,1,1.0,1,0,0,2025-05-18,2025-05 중순,0.0
124897,휴마)라보타치 빈저6(멀미완화)_H,약품/의료품,의약외품,1,1,1.0,1,0,0,2025-05-16,2025-05 중순,0.0
073235,진주햄)천하장사치즈60g,냉장,냉장간식,1,1,1.0,1,0,0,2025-05-13,2025-05 중순,0.0
115579,골든블루 다이아몬드,양주와인,양주,1,1,1.0,1,0,0,2025-05-20,2025-05 중순,0.0
124936,비어)칭따오710ml캔,맥주,수입맥주,1,1,1.0,1,0,0,2025-05-17,2025-05 중순,0.0
113169,돈훌리오 레포사도 750ml,양주와인,양주,1,1,1.0,1,0,0,2025-05-16,2025-05 중순,0.0
123367,또스띠 레드 아모레 NV,양주와인,와인,1,1,1.0,1,0,0,2025-05-18,2025-05 중순,0.0
362162,PB)퍼펙트 양치세트_H,H&B,칫솔치약세트,1,1,1.0,1,0,0,2025-05-12,2025-05 중순,0.0
411173,맨담)갸스비왁스무광택80g_H,미용/화장품,헤어스타일링,1,1,1.0,1,0,0,2025-05-16,2025-05 중순,0.0
109948,더 글렌리벳파운더스리저브 700ml,양주와인,양주,1,1,1.0,1,0,0,2025-05-17,2025-05 중순,0.0
124918,산토리)메이커스마크375ml,양주와인,양주,1,1,1.0,1,0,0,2025-05-18,2025-05 중순,0.0
106167,빙그레)따옴바수박75ml,아이스크림,노벨티,1,1,1.0,1,0,0,2025-05-15,2025-05 중순,0.0
107140,롯데)돼지바파르페쿠앤크300ml,아이스크림,노벨티,1,1,1.0,1,0,0,2025-05-11,2025-05 중순,0.0
141688,CJ)비비고꼬리곰탕460g,가공식품,상온간편식,1,1,1.0,1,0,0,2025-05-18,2025-05 중순,0.0
072717,장충동)쫄깃한편육150g,냉장,냉장안주,1,1,1.0,1,0,0,2025-05-19,2025-05 중순,0.0
201629,오츠카)나랑드사이다500ml,음료,탄산음료,1,1,1.0,1,0,0,2025-05-17,2025-05 중순,0.0
104244,농심)츄파춥스슬림휠(120입),과자,캔디류,1,1,1.0,1,0,0,2025-05-11,2025-05 중순,0.0
124578,제주샘주오메기술13도375ml(2입),전통주,기타전통주,1,1,1.0,1,0,0,2025-05-12,2025-05 중순,0.0
108446,호재준)냉동블루베리150g,냉동,신선냉동,1,1,1.0,1,0,0,2025-05-12,2025-05 중순,0.0
106112,매일)페레로로쉐아이스크림70ml,아이스크림,고급,1,1,1.0,1,0,0,2025-05-14,2025-05 중순,0.0
192448,글랜카담10년700ml,양주와인,양주,1,1,1.0,1,0,0,2025-05-11,2025-05 중순,0.0
362318,P&G)오랄비 치간칫솔10입_H,H&B,칫솔,1,1,1.0,1,0,0,2025-05-14,2025-05 중순,0.0
220165,동원)라이트참치250g,가공식품,캔,1,1,1.0,1,0,0,2025-05-16,2025-05 중순,0.0
124255,P)아이코스 일루마i프라임(미드나잇블랙),담배,전자담배,1,1,1.0,1,0,0,2025-05-13,2025-05 중순,0.0
153102,CJ)바지락꽃게된장찌개양념450g,조미료/건물,소스류,1,1,1.0,1,0,0,2025-05-14,2025-05 중순,0.0
212035,나뚜루)넛츠크림에스프레소바,아이스크림,고급,1,1,1.0,1,0,0,2025-05-16,2025-05 중순,0.0
113962,롯데)허쉬쿠키앤초코40g,과자,초콜릿,1,1,1.0,1,0,0,2025-05-12,2025-05 중순,0.0
106665,해태)감자칩더블솔트(빵빵이)60g,과자,스낵류,1,1,1.0,1,0,0,2025-05-19,2025-05 중순,0.0
161988,씨드)촉촉철판구이오징어30g,안주,오징어,1,1,1.0,1,0,0,2025-05-15,2025-05 중순,0.0
106426,칠성)오트몬드프로틴190ml,유음료,프로틴 음료,1,1,1.0,1,0,0,2025-05-20,2025-05 중순,0.0
124579,왕주13도375ml(3입),전통주,기타전통주,1,1,1.0,1,0,0,2025-05-14,2025-05 중순,0.0
601419,훼밀리)케어베어자일리톨구미(요,과자,젤리류,1,1,1.0,1,0,0,2025-05-12,2025-05 중순,0.0
124923,하겐)티라미수바80ml,아이스크림,고급,1,1,1.0,1,0,0,2025-05-16,2025-05 중순,0.0
202409,빙그레)감성헤이즐넛500ml,음료,커피음료,1,1,1.0,1,0,0,2025-05-11,2025-05 중순,0.0
106672,아이)짱구는못말려입술캔디10g,과자,캔디류,1,1,1.0,1,0,0,2025-05-15,2025-05 중순,0.0
161615,샘표)질러갈릭바베큐육포30g,안주,육포,1,1,1.0,1,0,0,2025-05-12,2025-05 중순,0.0
108988,MZ)밀카네잎클로버패키지,과자,비스킷류,1,1,1.0,1,0,0,2025-05-11,2025-05 중순,0.0
117144,해태)자유시간아몬드36g,과자,초콜릿,1,1,1.0,1,0,0,2025-05-18,2025-05 중순,0.0
601086,롯데)치토스바비큐(대용량)164g,과자,스낵류,1,1,1.0,1,0,0,2025-05-16,2025-05 중순,0.0
401861,휘게덴탈마스크3매(국내의약외품_H,약품/의료품,의약외품,1,1,1.0,1,0,0,2025-05-16,2025-05 중순,0.0
123166,페로니 330ml병(24입),맥주,수입맥주,1,1,1.0,1,0,0,2025-05-18,2025-05 중순,0.0
601075,미스티)산리오마이리톨퓨어,과자,캔디류,1,1,1.0,1,0,0,2025-05-16,2025-05 중순,0.0
160730,칠성)델몬트혼합180ml12입,음료,선물세트,1,1,1.0,1,0,0,2025-05-11,2025-05 중순,0.0
150445,나뚜루)녹차바,아이스크림,고급,1,1,1.0,1,0,0,2025-05-17,2025-05 중순,0.0
109633,로로)스모어바닐라아이스110g,아이스크림,노벨티,1,1,1.0,1,0,0,2025-05-19,2025-05 중순,0.0
600775,롯데)왓따맹고말고망고23g,과자,껌,1,1,1.0,1,0,0,2025-05-13,2025-05 중순,0.0
123496,우븐 헤미스피어스 500ml,양주와인,양주,1,1,1.0,1,0,0,2025-05-17,2025-05 중순,0.0
116687,크라운)키커바 녹차,과자,초콜릿,1,1,1.0,1,0,0,2025-05-12,2025-05 중순,0.0
116692,켈로그)첵스초코컵30g,과자,비스킷류,1,1,1.0,1,0,0,2025-05-14,2025-05 중순,0.0
402041,대한)메디폼습윤드레싱(1매)_H,약품/의료품,의약외품,1,1,1.0,1,0,0,2025-05-18,2025-05 중순,0.0
191965,아멜리에 샤를스파 리베르테,양주와인,와인,1,1,1.0,1,0,0,2025-05-15,2025-05 중순,0.0
119776,로투스)비스코프샌드오리지널150,과자,비스킷류,1,1,1.0,1,0,0,2025-05-12,2025-05 중순,0.0
202139,쥬맥스)모구모구(파인애플)320ml,음료,주스,1,1,1.0,1,0,0,2025-05-18,2025-05 중순,0.0
073613,씨티푸드)제육덮밥324g,냉장,냉장간편식,1,1,1.0,1,0,0,2025-05-17,2025-05 중순,0.0
123371,라포스톨 그랑 셀렉션 까베르네 소비뇽,양주와인,와인,1,1,1.0,1,0,0,2025-05-19,2025-05 중순,0.0
390336,P&G)상쾌한향페브리즈370ml_H,가정용품,방향제,1,1,1.0,1,0,0,2025-05-14,2025-05 중순,0.0
123374,라포스톨 그랑 셀렉션 소비뇽블랑,양주와인,와인,1,1,1.0,1,0,0,2025-05-14,2025-05 중순,0.0
117107,시원)마키아또누가(딸기)80g,과자,캔디류,1,1,1.0,1,0,0,2025-05-15,2025-05 중순,0.0
115159,롯데)ID자일리톨화이트,과자,껌,1,1,1.0,1,0,0,2025-05-16,2025-05 중순,0.0
192542,4월 위스키 구독,,,1,1,1.0,1,0,0,2025-05-18,2025-05 중순,0.0
222591,오뚜기)XO교자만두324g,냉동,냉동만두,1,1,1.0,1,0,0,2025-05-19,2025-05 중순,0.0
109907,구로시라나미,전통주,기타전통주,1,1,1.0,1,0,0,2025-05-11,2025-05 중순,0.0
353124,존슨)화이트로션100ml(NEW)_H,미용/화장품,여성화장품,1,1,1.0,1,0,0,2025-05-17,2025-05 중순,0.0
160083,칠성)실론티240ml,음료,차음료,1,1,1.0,1,0,0,2025-05-18,2025-05 중순,0.0
123165,코젤다크 330ml병(24입),맥주,수입맥주,1,1,1.0,1,0,0,2025-05-19,2025-05 중순,0.0
410358,존슨)베이비오일125ml_H,미용/화장품,여성화장품,1,1,1.0,1,0,0,2025-05-12,2025-05 중순,0.0
123463,델리카토 노블바인 181 메를로,양주와인,와인,1,1,1.0,1,0,0,2025-05-20,2025-05 중순,0.0
062196,서울F)뽀로로딸기우유140ml,유음료,가공우유,1,1,1.0,1,0,0,2025-05-12,2025-05 중순,0.0
109988,아카시타이 시아우메 우메슈,전통주,기타전통주,1,1,1.0,1,0,0,2025-05-11,2025-05 중순,0.0
413305,PB)USB+(2구)멀티탭_H,일용잡화,전기용품,1,1,1.0,1,0,0,2025-05-20,2025-05 중순,0.0
114197,농심)후르츠텔라590g,과자,캔디류,1,1,1.0,1,0,0,2025-05-11,2025-05 중순,0.0
410684,존슨)CC오일컨트롤필름60매_H,미용/화장품,미용소품,1,1,1.0,1,0,0,2025-05-18,2025-05 중순,0.0
109734,PB)옳곡피넛버터크림빵90g,빵,간식빵,1,1,1.0,1,0,0,2025-05-16,2025-05 중순,0.0
413299,마즈)심플리닭고기당근_H,일용잡화,반려동물용품,1,1,1.0,1,0,0,2025-05-19,2025-05 중순,0.0
124576,솔송주13도375ml(2입),전통주,기타전통주,1,1,1.0,1,0,0,2025-05-14,2025-05 중순,0.0
192543,제이콥스크릭클래식쉬라즈,양주와인,와인,1,1,1.0,1,0,0,2025-05-14,2025-05 중순,0.0
162394,바다원)어포튀각50g,안주,생선류,1,1,1.0,1,0,0,2025-05-18,2025-05 중순,0.0
125164,발베니30년레어메리지,양주와인,양주,1,1,1.0,1,0,0,2025-05-20,2025-05 중순,0.0
141289,유성)유동골뱅이140g,가공식품,캔,1,1,1.0,1,0,0,2025-05-20,2025-05 중순,0.0
107316,하림)삼계탕면큰컵,면,용기면,1,1,1.0,1,0,0,2025-05-13,2025-05 중순,0.0
382185,남영)비비안여성헴팬티블랙95_H,패션잡화,팬티/내의,1,1,1.0,1,0,0,2025-05-16,2025-05 중순,0.0
371890,피죤)고농축라피에스타리필1.6L_H,가정용품,세제류,1,1,1.0,1,0,0,2025-05-20,2025-05 중순,0.0
107778,K리그산리오)인형_위시미멜,문구/완구,일반완구,1,1,1.0,1,0,0,2025-05-17,2025-05 중순,0.0
170904,엠즈)에비스500ml캔(6입),맥주,수입맥주,1,1,1.0,1,0,0,2025-05-11,2025-05 중순,0.0
109999,팔리니 리몬첼로 1L,양주와인,리쿼,1,1,1.0,1,0,0,2025-05-17,2025-05 중순,0.0
162406,아라)바프짬뽕맛오징어튀김100g,안주,스낵안주,1,1,1.0,1,0,0,2025-05-16,2025-05 중순,0.0
107816,K리그산리오)인형 키링_시나모롤,문구/완구,일반완구,1,1,1.0,1,0,0,2025-05-12,2025-05 중순,0.0
071835,장충동)부드러운순살족발235g,냉장,냉장안주,1,1,1.0,1,0,0,2025-05-11,2025-05 중순,0.0
450231,마즈)시져쇠고기와닭고기100G_H,일용잡화,반려동물용품,1,1,1.0,1,0,0,2025-05-20,2025-05 중순,0.0
073670,CJ)정통가쓰오어묵탕360g,냉장,냉장간편식,1,1,1.0,1,0,0,2025-05-11,2025-05 중순,0.0
421626,단순)미니수정테이프(투명)_H,문구/완구,일반문구,1,1,1.0,1,0,0,2025-05-13,2025-05 중순,0.0
093458,한스팜)1+등급란10입,신선,수축산/계란,1,1,1.0,1,0,0,2025-05-12,2025-05 중순,0.0
372032,나무)친환경종이컵10입,가정용품,행락용품,1,1,1.0,1,0,0,2025-05-16,2025-05 중순,0.0
191888,디카이퍼 민트 화이트700ml,양주와인,리쿼,1,1,1.0,1,0,0,2025-05-14,2025-05 중순,0.0
106304,해태)맛동산프레첼90g,과자,스낵류,1,1,1.0,1,0,0,2025-05-19,2025-05 중순,0.0
391027,유한)하기스물티슈캡형72매,위생용품,티슈,3,2,1.0,2,0,0,2025-05-14,2025-05 중순,0.0
201180,에스앤제이)천지개벽100ml,음료,기능성드링크,1,1,1.0,1,0,0,2025-05-11,2025-05 중순,0.0
093126,롯데)컷팅사과&방울토마토150g,신선,과일,1,1,1.0,1,0,0,2025-05-15,2025-05 중순,0.0
601296,MQ)프로틴바K헤이즐넛앤초코,과자,프로틴/시리얼,1,1,1.0,1,0,0,2025-05-12,2025-05 중순,0.0
094644,SNJ)미니감자(120g),신선,야채,1,1,1.0,1,0,0,2025-05-20,2025-05 중순,0.0
132788,농심)배홍동쫄쫄면(4입),면,봉지면,1,1,1.0,1,0,0,2025-05-14,2025-05 중순,0.0
170502,하이네)하이네켄710ml캔,맥주,수입맥주,1,1,1.0,1,0,0,2025-05-11,2025-05 중순,0.0
421499,모나미)스윕수정테이프(민트)_H,문구/완구,일반문구,1,1,1.0,1,0,0,2025-05-19,2025-05 중순,0.0
191981,피터르만멘토,양주와인,와인,1,1,1.0,1,0,0,2025-05-12,2025-05 중순,0.0
180207,부산)생탁750ml,전통주,막걸리,1,1,1.0,1,0,0,2025-05-20,2025-05 중순,0.0
170956,어메이징)이천쌀맥주500ml캔,맥주,국산맥주,1,1,1.0,1,0,0,2025-05-18,2025-05 중순,0.0
410017,맨담)갸스비셋&킵스프레이45g_H,미용/화장품,헤어스타일링,1,1,1.0,1,0,0,2025-05-17,2025-05 중순,0.0
113767,롯데)자일리톨W,과자,껌,1,1,1.0,1,0,0,2025-05-12,2025-05 중순,0.0
105946,맛장우고추장불백,미반,도시락,1,1,1.0,1,0,0,2025-05-17,2025-05 중순,0.0
390517,무궁화)하얀비누230g_H,가정용품,세제류,1,1,1.0,1,0,0,2025-05-19,2025-05 중순,0.0
601557,롯데)프리미엄가나다크밀크블렌,과자,초콜릿,1,1,1.0,1,0,0,2025-05-11,2025-05 중순,0.0
351838,존슨)뉴트로딥클렌징오일200ml_H,미용/화장품,여성화장품,1,1,1.0,1,0,0,2025-05-18,2025-05 중순,0.0
106027,LG)포켓몬피카츄선스틱19g_H,미용/화장품,여성화장품,1,1,1.0,1,0,0,2025-05-16,2025-05 중순,0.0
192491,마르텔VSOP700ml,양주와인,양주,1,1,1.0,1,0,0,2025-05-16,2025-05 중순,0.0
124257,P)아이코스 일루마i프라임(가넷레드),담배,전자담배,1,1,1.0,1,0,0,2025-05-16,2025-05 중순,0.0
401111,해외)002하이드로 3입콘돔_H,약품/의료품,의약외품,1,1,1.0,1,0,0,2025-05-19,2025-05 중순,0.0
402085,휴마)얼리임신진단키트_H,약품/의료품,의료기기,1,1,1.0,1,0,0,2025-05-16,2025-05 중순,0.0
192484,금양)올드버지니아허니700ml,양주와인,양주,1,1,1.0,1,0,0,2025-05-13,2025-05 중순,0.0
124484,제이탑)망고파르페85g,디저트,냉장베이커리,1,1,1.0,1,0,0,2025-05-14,2025-05 중순,0.0
124629,유앤)참깨롱꽈배기280g,과자,스낵류,1,1,1.0,1,0,0,2025-05-20,2025-05 중순,0.0
180642,보해)new잎새주360ml,전통주,소주,1,1,1.0,1,0,0,2025-05-12,2025-05 중순,0.0
411176,맨담)갸스비왁스와일드80g_H,미용/화장품,헤어스타일링,1,1,1.0,1,0,0,2025-05-13,2025-05 중순,0.0
117265,마즈)이클립스페퍼민트34g,과자,캔디류,1,1,1.0,1,0,0,2025-05-20,2025-05 중순,0.0
170898,배민)짠하기좋은얼그레이500ml캔,양주와인,하이볼,1,1,1.0,1,0,0,2025-05-20,2025-05 중순,0.0
181048,몽지람크리스탈550ml,전통주,기타전통주,1,1,1.0,1,0,0,2025-05-15,2025-05 중순,0.0
123470,얄리 프리미엄 리미티드 에디션 까르메네르,양주와인,와인,1,1,1.0,1,0,0,2025-05-18,2025-05 중순,0.0
240061,CJ)갈색설탕1kg,조미료/건물,조미료,3,3,1.0,2,0,0,2025-05-11,2025-05 중순,0.0
106113,매일)페레로란드누아아이스크림70ml,아이스크림,고급,1,1,1.0,1,0,0,2025-05-13,2025-05 중순,0.0
170801,에이이)코젤라거500ml(4입),맥주,수입맥주,1,1,1.0,1,0,0,2025-05-18,2025-05 중순,0.0
123457,버블 넘버원-로제 NV,양주와인,와인,1,1,1.0,1,0,0,2025-05-16,2025-05 중순,0.0
113145,브룩라디 스코티시 발리 700ml,양주와인,양주,1,1,1.0,1,0,0,2025-05-20,2025-05 중순,0.0
109953,발렌타인글렌버기18년 700ml,양주와인,양주,1,1,1.0,1,0,0,2025-05-16,2025-05 중순,0.0
123842,행사하리보)골드배렌사우어80g,과자,젤리류,1,1,1.0,1,0,0,2025-05-16,2025-05 중순,0.0
381966,자코비)여성정장양말(검정)_H,패션잡화,양말,1,1,1.0,1,0,0,2025-05-17,2025-05 중순,0.0
601314,코코)원피스캐릭마그넷9g,과자,캔디류,1,1,1.0,1,0,0,2025-05-17,2025-05 중순,0.0
105294,제주)삼다생얼음1kg,즉석음료,얼음,1,1,1.0,1,0,0,2025-05-20,2025-05 중순,0.0
161454,썬푸드)올리브유쥐포구이70g,안주,생선류,1,1,1.0,1,0,0,2025-05-18,2025-05 중순,0.0
124601,감홍로40도400ml,전통주,기타전통주,1,1,1.0,1,0,0,2025-05-14,2025-05 중순,0.0
106556,동아)박카스맛탱글젤리40g,과자,젤리류,1,1,1.0,1,0,0,2025-05-17,2025-05 중순,0.0
061610,매일)바이오딸기드링킹250ml,유음료,요구르트,1,1,1.0,1,0,0,2025-05-16,2025-05 중순,0.0
354092,센카아크네클렌징폼_H,미용/화장품,여성화장품,1,1,1.0,1,0,0,2025-05-14,2025-05 중순,0.0
201075,코카)미닛프리미엄오렌지1.5L,음료,주스,1,1,1.0,1,0,0,2025-05-11,2025-05 중순,0.0
118980,선물_교환권_핫딜_롯데)더블크런키바쿠키앤크림33g,과자,초콜릿,1,1,1.0,1,0,0,2025-05-16,2025-05 중순,0.0
600342,하림)닭가슴살단백질바(베리),과자,프로틴/시리얼,1,1,1.0,1,0,0,2025-05-15,2025-05 중순,0.0
121663,PB)NEW현미녹차50입,건강/기호식품,차,1,1,1.0,1,0,0,2025-05-13,2025-05 중순,0.0
123473,알타비스타 아템포랄 블렌드,양주와인,와인,1,1,1.0,1,0,0,2025-05-14,2025-05 중순,0.0
106554,파머스)더블에스노리마끼40g,안주,스낵안주,1,1,1.0,1,0,0,2025-05-19,2025-05 중순,0.0
421299,PB)이력서_H,문구/완구,노트/봉투,1,1,1.0,1,0,0,2025-05-19,2025-05 중순,0.0
122203,이디야)모카블렌드커피믹스20입,건강/기호식품,커피,1,1,1.0,1,0,0,2025-05-20,2025-05 중순,0.0
113136,아녹 싱글 몰트 위스키 12년 700ml,양주와인,양주,1,1,1.0,1,0,0,2025-05-17,2025-05 중순,0.0
123872,더 글렌그란트 12년,양주와인,양주,1,1,1.0,1,0,0,2025-05-16,2025-05 중순,0.0
123973,씨드)리얼닭가슴살칩오리지널30g,안주,스낵안주,1,1,1.0,1,0,0,2025-05-13,2025-05 중순,0.0
420012,모나미)컷팅자(15Cm)_H,문구/완구,일반문구,1,1,1.0,1,0,0,2025-05-17,2025-05 중순,0.0
062613,정식품)고단백검은콩두유병190ml,유음료,두유,1,1,1.0,1,0,0,2025-05-20,2025-05 중순,0.0
108927,롯데)빼빼로아몬드8갑296g뉴진스24년데이,과자,비스킷류,1,1,1.0,1,0,0,2025-05-16,2025-05 중순,0.0
161958,바다원)고소한마른멸치35g,안주,생선류,1,1,1.0,1,0,0,2025-05-18,2025-05 중순,0.0
108053,존슨)베드타임로션100ml_H,미용/화장품,여성화장품,1,1,1.0,1,0,0,2025-05-13,2025-05 중순,0.0
109976,제주거멍에일500ml캔(24입),맥주,수입맥주,1,1,1.0,1,0,0,2025-05-17,2025-05 중순,0.0
600169,마즈)이클립스소프트청포도45g,과자,캔디류,1,1,1.0,1,0,0,2025-05-12,2025-05 중순,0.0
601416,MZ)밀카초코슈프림30g,과자,비스킷류,1,1,1.0,1,0,0,2025-05-16,2025-05 중순,0.0
071088,풀무원)목초란 10입,신선,수축산/계란,1,1,1.0,1,0,0,2025-05-16,2025-05 중순,0.0
161606,샘표)질러부드러운우육포70g,안주,육포,1,1,1.0,1,0,0,2025-05-18,2025-05 중순,0.0
191936,에스쿠도로호 리제르바 까쇼,양주와인,와인,1,1,1.0,1,0,0,2025-05-12,2025-05 중순,0.0
109823,피치)동결건조망고모양젤리,과자,젤리류,1,1,1.0,1,0,0,2025-05-19,2025-05 중순,0.0
420585,모나미)샤프심HB(0.5)_H,문구/완구,일반문구,1,1,1.0,1,0,0,2025-05-17,2025-05 중순,0.0
140001,오뚜기)3분미트볼150g,가공식품,상온간편식,1,1,1.0,1,0,0,2025-05-12,2025-05 중순,0.0
094329,세븐팜)GAP부추(250g),신선,야채,1,1,1.0,1,0,0,2025-05-11,2025-05 중순,0.0
123483,랑메일 밸리 플로우 쉬라즈,양주와인,와인,1,1,1.0,1,0,0,2025-05-16,2025-05 중순,0.0
109816,미성)XXL마시멜로우43g,과자,캔디류,1,1,1.0,1,0,0,2025-05-20,2025-05 중순,0.0
109558,파머스)자스민크래커새우100g,과자,스낵류,1,1,1.0,1,0,0,2025-05-11,2025-05 중순,0.0
371084,롯알)지퍼백30매_H,가정용품,주방용품,1,1,1.0,1,0,0,2025-05-17,2025-05 중순,0.0
062565,오리온)닥터유단백질바나나250ml,유음료,프로틴 음료,1,1,1.0,1,0,0,2025-05-17,2025-05 중순,0.0
107782,K리그산리오)인형_우사하나,문구/완구,일반완구,1,1,1.0,1,0,0,2025-05-17,2025-05 중순,0.0
115415,달모어 포트우드리저브 700ml,양주와인,양주,1,1,1.0,1,0,0,2025-05-11,2025-05 중순,0.0
202780,광동)썬키스트허니유자280ml,음료,전통음료,1,1,1.0,1,0,0,2025-05-15,2025-05 중순,0.0
180968,금복주)제로투360ml병,전통주,소주,1,1,1.0,1,0,0,2025-05-13,2025-05 중순,0.0
201710,코카)씨그램(레몬)350ml,음료,생수,1,1,1.0,1,0,0,2025-05-14,2025-05 중순,0.0
141730,CJ)소고기듬뿍미역국460g,가공식품,상온간편식,1,1,1.0,1,0,0,2025-05-13,2025-05 중순,0.0
125238,엔시티위시2집미니앨범(6EA),미디어 상품,음반,1,1,1.0,1,0,0,2025-05-18,2025-05 중순,0.0
061795,동서)맥심TOP볼드라떼컵300ml,유음료,컵커피,1,1,1.0,1,0,0,2025-05-20,2025-05 중순,0.0
107795,PB)쿠션브러쉬_H,미용/화장품,미용소품,1,1,1.0,1,0,0,2025-05-17,2025-05 중순,0.0
601396,에이스)긴비스초코듬뿍비스킷,과자,비스킷류,1,1,1.0,1,0,0,2025-05-16,2025-05 중순,0.0
371023,P&G)차량용페브리즈(맑은바람_H,가정용품,방향제,1,1,1.0,1,0,0,2025-05-16,2025-05 중순,0.0
062617,직납)아침미소한라봉요구르트100ml,유음료,요구르트,1,1,1.0,1,0,0,2025-05-18,2025-05 중순,0.0
420751,모나미)1800기자수첩_H,문구/완구,노트/봉투,1,1,1.0,1,0,0,2025-05-14,2025-05 중순,0.0
107676,K리그산리오)머플러(쿠로미),패션잡화,시즌/소품,1,1,1.0,1,0,0,2025-05-13,2025-05 중순,0.0
440902,모나미)예감적중_H,문구/완구,일반문구,1,1,1.0,1,0,0,2025-05-11,2025-05 중순,0.0
421254,모나미)컷터칼(소)_H,문구/완구,일반문구,1,1,1.0,1,0,0,2025-05-13,2025-05 중순,0.0
601292,롯데)허쉬초코바이츠솔티카라멜,과자,초콜릿,1,1,1.0,1,0,0,2025-05-19,2025-05 중순,0.0
114432,켈로그)첵스초코230g,과자,비스킷류,1,1,1.0,1,0,0,2025-05-11,2025-05 중순,0.0
401993,신행)SKYN칵테일향콘돔3P_H,약품/의료품,의약외품,1,1,1.0,1,0,0,2025-05-17,2025-05 중순,0.0
390991,유한)좋은느낌수퍼롱4P,위생용품,생리대,1,1,1.0,1,0,0,2025-05-13,2025-05 중순,0.0
107675,K리그산리오)머플러(케로피),패션잡화,시즌/소품,1,1,1.0,1,0,0,2025-05-17,2025-05 중순,0.0
108308,더블불새버거,조리빵,햄버거,1,1,1.0,1,0,0,2025-05-17,2025-05 중순,0.0
105784,하이트)써머스비망고라임500ml캔,양주와인,리쿼,1,1,1.0,1,0,0,2025-05-17,2025-05 중순,0.0
072504,동원)더킹랍스터맛140g,냉장,냉장간식,1,1,1.0,1,0,0,2025-05-18,2025-05 중순,0.0
073609,흥생)구데타마훈제란3입,냉장,냉장간식,1,1,1.0,1,0,0,2025-05-11,2025-05 중순,0.0
030655,훈스)빅오리지널피자빵90g,간식,냉장피자,1,1,1.0,1,0,0,2025-05-13,2025-05 중순,0.0
123456,델리카토-날리헤드 올드바인 진판델,양주와인,와인,1,1,1.0,1,0,0,2025-05-12,2025-05 중순,0.0
030657,훈스)빅핫도그피자빵100g,간식,냉장피자,1,1,1.0,1,0,0,2025-05-12,2025-05 중순,0.0
106054,유앤)먹태이토마라맛70g,과자,스낵류,1,1,1.0,1,0,0,2025-05-11,2025-05 중순,0.0
106908,오비)엘파500ml캔,양주와인,리쿼,1,1,1.0,1,0,0,2025-05-16,2025-05 중순,0.0
162118,바프)허니버터아몬드130g,안주,너트류,1,1,1.0,1,0,0,2025-05-20,2025-05 중순,0.0
109180,에이트)밀크카다이프초콜릿80g,과자,초콜릿,1,1,1.0,1,0,0,2025-05-19,2025-05 중순,0.0
123330,마즈)몰티저스트러플200g,과자,초콜릿,1,1,1.0,1,0,0,2025-05-16,2025-05 중순,0.0
105737,해태)봉봉복숭아아이스티제로500ml,음료,차음료,1,1,1.0,1,0,0,2025-05-11,2025-05 중순,0.0
170478,에이이)코젤다크330ml캔,맥주,수입맥주,1,1,1.0,1,0,0,2025-05-17,2025-05 중순,0.0
091972,돌코리아)후룻바틀파인애플666g,신선,과일,1,1,1.0,1,0,0,2025-05-20,2025-05 중순,0.0
108597,대상)안주야오치즈할라피뇨페퍼30g,안주,스낵안주,1,1,1.0,1,0,0,2025-05-18,2025-05 중순,0.0
151315,대상)홍초석류900ml,조미료/건물,소스류,1,1,1.0,1,0,0,2025-05-11,2025-05 중순,0.0
371058,롯알)위생호일_H,가정용품,주방용품,1,1,1.0,1,0,0,2025-05-14,2025-05 중순,0.0
191927,제이스)발두지레드750ml,양주와인,와인,1,1,1.0,1,0,0,2025-05-14,2025-05 중순,0.0
123362,크레스만 그랑 리저브 메독,양주와인,와인,1,1,1.0,1,0,0,2025-05-18,2025-05 중순,0.0
118453,롯데)초단백질바40g,과자,프로틴/시리얼,1,1,1.0,1,0,0,2025-05-17,2025-05 중순,0.0
220180,동원)야채참치150g,가공식품,캔,1,1,1.0,1,0,0,2025-05-16,2025-05 중순,0.0
211135,하겐)스트로베리앤크림바80ml,아이스크림,고급,1,1,1.0,1,0,0,2025-05-13,2025-05 중순,0.0
600832,미스티)마이키링(원피스)10g,과자,캔디류,2,1,1.0,0,0,1,2025-05-19,2025-05 중순,0.0
170944,오비)스텔라아르투아330ml(6입),맥주,수입맥주,1,1,1.0,1,0,0,2025-05-13,2025-05 중순,0.0
371358,P&G)페브리즈MEN_370ml_H,가정용품,방향제,1,1,1.0,1,0,0,2025-05-13,2025-05 중순,0.0
103432,농심)츄파춥스(150입),과자,캔디류,1,1,1.0,1,0,0,2025-05-18,2025-05 중순,0.0
391127,하기스)네이처기저귀5단계3P,위생용품,기저귀,1,1,1.0,1,0,0,2025-05-14,2025-05 중순,0.0
109905,오우곤 코우시,전통주,기타전통주,1,1,1.0,1,0,0,2025-05-19,2025-05 중순,0.0
107125,하림)용가리불비빔면큰컵,면,용기면,1,1,1.0,1,0,0,2025-05-17,2025-05 중순,0.0
109609,모닝)부직포쇼핑백(대)_H,문구/완구,기타문구,1,1,1.0,1,0,0,2025-05-18,2025-05 중순,0.0
220531,동원)양반참치죽285g,가공식품,가공미반류,1,1,1.0,1,0,0,2025-05-13,2025-05 중순,0.0
112412,PB)오가다아카시아꿀물280ml,음료,전통음료,1,1,1.0,1,0,0,2025-05-18,2025-05 중순,0.0
402138,쉬즈)사가미오리지널001 2입(L)_H,약품/의료품,의약외품,1,1,1.0,1,0,0,2025-05-14,2025-05 중순,0.0
093112,돌코리아)바나나3~5입,신선,과일,1,1,1.0,1,0,0,2025-05-12,2025-05 중순,0.0
014516,그린)햄참치유부말이,미반,초밥류,3,3,1.0,2,0,0,2025-05-11,2025-05 중순,0.0
122561,경남)NEW레모나산10포,건강/기호식품,건강/이너뷰티,1,1,1.0,1,0,0,2025-05-11,2025-05 중순,0.0
109652,굿지앤)오마카세마늘항정살보쌈,냉장,냉장안주,1,1,1.0,1,0,0,2025-05-20,2025-05 중순,0.0
381952,자코비)여성캐주얼양말(흰색)_H,패션잡화,양말,1,1,1.0,1,0,0,2025-05-20,2025-05 중순,0.0
601295,농심)린도볼밀크4P,과자,초콜릿,1,1,1.0,1,0,0,2025-05-12,2025-05 중순,0.0
115281,매일)로쉐콜렉션T-24,과자,초콜릿,1,1,1.0,1,0,0,2025-05-18,2025-05 중순,0.0
115349,롯데)가나프리미엄랑드샤쇼콜라91g,과자,비스킷류,1,1,1.0,1,0,0,2025-05-13,2025-05 중순,0.0
382392,PB)프리미엄호텔세면타올,패션잡화,시즌/소품,1,1,1.0,1,0,0,2025-05-14,2025-05 중순,0.0
041509,이지텍)오리히로곤약젤리(복숭아,디저트,젤리,1,1,1.0,1,0,0,2025-05-14,2025-05 중순,0.0
124592,대숲담양향골드41도375ml,전통주,기타전통주,1,1,1.0,1,0,0,2025-05-18,2025-05 중순,0.0
113368,오리온)핫브레이크45g,과자,초콜릿,3,2,1.0,2,0,0,2025-05-11,2025-05 중순,0.0
150976,끌레도르)베리믹스바90ml,아이스크림,노벨티,1,1,1.0,1,0,0,2025-05-18,2025-05 중순,0.0
109168,롯데)제로시트러스유자젤리40g,과자,젤리류,1,1,1.0,1,0,0,2025-05-11,2025-05 중순,0.0
071565,장충동)슬라이스족발425g,냉장,냉장안주,1,1,1.0,1,0,0,2025-05-15,2025-05 중순,0.0
114332,삼립)크래프트치킨크림스프,가공식품,상온간편식,1,1,1.0,1,0,0,2025-05-15,2025-05 중순,0.0
421523,모나미)3색형광볼펜_H,문구/완구,일반문구,2,1,1.0,0,0,1,2025-05-12,2025-05 중순,0.0
108716,크라운)흑미하임142g,과자,비스킷류,1,1,1.0,1,0,0,2025-05-12,2025-05 중순,0.0
192494,말피로사700ml,양주와인,양주,1,1,1.0,1,0,0,2025-05-14,2025-05 중순,0.0
123415,마즈)스키틀즈오리지널45g,과자,캔디류,1,1,1.0,1,0,0,2025-05-13,2025-05 중순,0.0
412254,벤투스)8핀데이터케이블_H,일용잡화,휴대폰/주변기기,1,1,1.0,1,0,0,2025-05-12,2025-05 중순,0.0
362547,PB)도루코6중날면도기기획세트_H,H&B,면도용품,1,1,1.0,1,0,0,2025-05-11,2025-05 중순,0.0
093003,롯데)컷팅파인애플180g,신선,과일,1,1,1.0,1,0,0,2025-05-11,2025-05 중순,0.0
123845,크라운)마이쮸무화과44g,과자,캔디류,1,1,1.0,1,0,0,2025-05-18,2025-05 중순,0.0
102456,매일)로쉐T-5,과자,초콜릿,1,1,1.0,1,0,0,2025-05-18,2025-05 중순,0.0
421318,비젼)타포린쇼핑백(중)_H,문구/완구,기타문구,1,1,1.0,1,0,0,2025-05-19,2025-05 중순,0.0
108624,키다리)진실의미간잔치국수큰컵,면,용기면,2,2,1.0,0,0,1,2025-05-12,2025-05 중순,0.0
372256,피죤)액츠실내건조캡슐세제(15입_H,가정용품,세제류,1,1,1.0,1,0,0,2025-05-17,2025-05 중순,0.0
141664,동원)자연산골뱅이230g,가공식품,캔,1,1,1.0,1,0,0,2025-05-16,2025-05 중순,0.0
601670,롯데)허쉬너겟밀크56g,과자,초콜릿,1,1,1.0,1,0,0,2025-05-13,2025-05 중순,0.0
421331,모나미)쇼핑백중(화이트)_H,문구/완구,기타문구,1,1,1.0,1,0,0,2025-05-17,2025-05 중순,0.0
362380,크리오)옴팡이 치약칫솔세트_H,H&B,칫솔치약세트,1,1,1.0,1,0,0,2025-05-11,2025-05 중순,0.0
124387,굿지앤)오마카세순살닭갈비볶음200g,냉장,냉장안주,1,1,1.0,1,0,0,2025-05-14,2025-05 중순,0.0
107430,K리그X산리오 스트랩키링(우사하나/수원FC),문구/완구,일반완구,1,1,1.0,1,0,0,2025-05-19,2025-05 중순,0.0
123823,델리팜)투시팝미니어쳐50g,과자,캔디류,2,2,0.0,1,0,0,2025-05-11,2025-05 중순,0.0
115500,카발란 올로로소 쉐리오크,양주와인,양주,2,2,0.0,1,0,0,2025-05-13,2025-05 중순,0.0
361531,동아)가그린오리지널100ml_H,H&B,치약,2,1,0.0,1,0,0,2025-05-20,2025-05 중순,0.0
109698,글렌피딕18년700ml,양주와인,양주,2,2,0.0,1,0,0,2025-05-16,2025-05 중순,0.0
123502,롯데)홀그레인머스타드닭가슴살김밥,미반,김밥,2,2,0.0,1,0,0,2025-05-16,2025-05 중순,0.0
115562,카발란 솔리스트 비노바리끄,양주와인,양주,2,2,0.0,1,0,0,2025-05-13,2025-05 중순,0.0
109026,대상)고구마츄60g,안주,농산안주,2,2,0.0,1,0,0,2025-05-14,2025-05 중순,0.0
109699,글렌피딕21년그랑레제르바700ml,양주와인,양주,2,2,0.0,1,0,0,2025-05-16,2025-05 중순,0.0
192580,4월 와인 구독,,,1,1,-1.0,0,0,0,2025-05-15,2025-05 중순,0.0
170408,하이트)필라이트500ml캔,맥주,국산맥주,1,1,-1.0,0,0,0,2025-05-16,2025-05 중순,0.0
123306,안유성명장김밥명란타마고,미반,김밥,1,1,-1.0,0,0,0,2025-05-16,2025-05 중순,0.0
162247,PB)허니버터고구마말랭이60g,안주,농산안주,1,1,-1.0,0,0,0,2025-05-16,2025-05 중순,0.0
105874,농심)웰치제로체리스트로베리600ml,음료,탄산음료,1,1,-1.0,0,0,0,2025-05-12,2025-05 중순,0.0
161284,동서)TOP스위트아메리카노275ml,음료,커피음료,1,1,-1.0,0,0,0,2025-05-13,2025-05 중순,0.0
072055,CJ)맥스봉빅소시지150g,냉장,냉장간식,1,1,-1.0,0,0,0,2025-05-19,2025-05 중순,0.0
115337,머거본)구운감자아몬드50g,안주,너트류,1,1,-1.0,0,0,0,2025-05-17,2025-05 중순,0.0
123953,안유성명장 치킨난반정식,미반,도시락,1,1,-1.0,0,0,0,2025-05-18,2025-05 중순,0.0
123057,럭히밥 대왕치즈스틱&불닭우동볶이,미반,푸드 간편식,1,1,-1.0,0,0,0,2025-05-14,2025-05 중순,0.0
116129,롯데)럭히밥매콤닭갈비김밥,미반,김밥,1,1,-1.0,0,0,0,2025-05-16,2025-05 중순,0.0
132155,농심)무파마탕면봉지,면,봉지면,1,1,-1.0,0,0,0,2025-05-19,2025-05 중순,0.0
123500,롯데)닭가슴살스테이크도시락,미반,도시락,3,3,-1.0,1,0,0,2025-05-16,2025-05 중순,0.0
109694,글렌피딕12년700ml,양주와인,양주,1,1,-1.0,0,0,0,2025-05-16,2025-05 중순,0.0
123806,초코딸기샌드,조리빵,샌드위치,1,1,-1.0,0,0,0,2025-05-16,2025-05 중순,0.0
118430,마즈)몰티저스다크37g,과자,초콜릿,1,1,-1.0,0,0,0,2025-05-16,2025-05 중순,0.0
107419,롯데)후르츠공식껌(딸기),과자,껌,1,1,-1.0,0,0,0,2025-05-16,2025-05 중순,0.0
112107,롯데)자일리톨오리지날23g,과자,껌,1,1,-1.0,0,0,0,2025-05-20,2025-05 중순,0.0
123598,롯데)닭가슴살잡곡샌드,조리빵,샌드위치,1,1,-1.0,0,0,0,2025-05-17,2025-05 중순,0.0
061555,정식품)베지밀B검은콩190ml,유음료,두유,1,1,-1.0,0,0,0,2025-05-18,2025-05 중순,0.0
202639,오츠카)나랑드사이다(파인)245ml,음료,탄산음료,1,1,-1.0,0,0,0,2025-05-11,2025-05 중순,0.0
014277,제일맛집도시락2.0,미반,도시락,1,1,-1.0,0,0,0,2025-05-15,2025-05 중순,0.0
123601,롯데)렌틸콩유부초밥&에그샐러드,미반,초밥류,3,3,-1.0,1,0,0,2025-05-16,2025-05 중순,0.0
124229,하쿠슈 DR,양주와인,양주,1,1,-1.0,0,0,0,2025-05-12,2025-05 중순,0.0
123059,어메이징딸기샌드,조리빵,샌드위치,1,1,-1.0,0,0,0,2025-05-16,2025-05 중순,0.0
014412,함박&부대볶음_5찬,미반,도시락,1,1,-1.0,0,0,0,2025-05-20,2025-05 중순,0.0
109029,맛장우도시락 올데이뷔페,미반,도시락,1,1,-1.0,0,0,0,2025-05-20,2025-05 중순,0.0
123599,그린)맛장우도시락 오늘은소불고기닭!,미반,도시락,1,1,-1.0,0,0,0,2025-05-11,2025-05 중순,0.0
124330,샤또 꼬스데스뚜르넬18,양주와인,와인,1,1,-1.0,0,0,0,2025-05-13,2025-05 중순,0.0
106529,마라순살꼬치,즉석 식품,즉석치킨,1,1,-1.0,0,0,0,2025-05-19,2025-05 중순,0.0
123293,현대)안유성명장김밥명란타마고,미반,김밥,1,1,-1.0,0,0,0,2025-05-16,2025-05 중순,0.0
014628,롯데)베이컨김치볶음밥삼각,미반,삼각김밥,1,1,-1.0,0,0,0,2025-05-16,2025-05 중순,0.0
052659,칠성)칸타타헤이즐넛230ml,즉석음료,파우치,1,1,-1.0,0,0,0,2025-05-11,2025-05 중순,0.0
132150,농심)안성탕면봉지,면,봉지면,1,1,-1.0,0,0,0,2025-05-13,2025-05 중순,0.0
601009,엔제이)포지타노레몬캔디49g,과자,캔디류,1,1,-1.0,0,0,0,2025-05-15,2025-05 중순,0.0
153092,대상)순창초고추장170g,조미료/건물,장류,1,1,-1.0,0,0,0,2025-05-12,2025-05 중순,0.0
123503,롯데)더커진닭가슴살잡곡밥삼각,미반,삼각김밥,2,2,-2.0,0,0,0,2025-05-17,2025-05 중순,0.0
132142,농심)신라면120g,면,봉지면,2,2,-2.0,0,0,0,2025-05-11,2025-05 중순,0.0
