mapped_pos_item_code,mapped_item_name,category_l,category_m,total_events,unique_users,weighted_interest_score,view_count,cart_add_count,wishlist_add_count,first_event_date_in_period,period_label,cart_add_per_100_views
123101,G)오하요저지우유푸딩115g,디저트,젤리,10369,3313,12917.0,8467,1357,307,2025-04-11,2025-04 중순,16.0269
109055,G)크라시에유자셔벗140ml,아이스크림,고급,5424,3430,6021.0,4934,296,126,2025-04-11,2025-04 중순,5.9992
125237,엔시티위시2집미니앨범,미디어 상품,음반,4420,1726,5915.5,3551,715,120,2025-04-15,2025-04 중순,20.1352
123923,신동엽)블랙서클위스키700ml,양주와인,양주,5199,1818,5256.5,4939,6,183,2025-04-11,2025-04 중순,0.1215
014387,맛장우전주식비빔밥,미반,도시락,3053,1230,3998.5,2300,581,42,2025-04-11,2025-04 중순,25.2609
192634,지비)앙리마티스앨런스콧쇼비뇽,양주와인,와인,3575,820,3962.5,3262,160,124,2025-04-11,2025-04 중순,4.905
192580,4월 와인 구독,,,3428,1490,3958.0,3079,253,68,2025-04-11,2025-04 중순,8.217
125102,이장우)오일스타알리오올리오,면,용기면,2628,982,3286.5,2063,350,129,2025-04-16,2025-04 중순,16.9656
105770,시원)후와토로리치생초콜릿40g,디저트,냉동디저트,2373,976,2878.0,1767,376,71,2025-04-11,2025-04 중순,21.279
105887,롯데)맛장우맛자랑 전주식비빔밥,미반,도시락,2162,771,2557.0,1590,357,37,2025-04-11,2025-04 중순,22.4528
124530,최강록의간장들기름비빔밥,미반,도시락,2109,1245,2492.0,1778,238,31,2025-04-11,2025-04 중순,13.3858
109497, 미쓰이)홋카이도우유크림모찌56g,디저트,냉동디저트,1984,769,2366.0,1539,264,72,2025-04-11,2025-04 중순,17.154
014287,롯데)NEW참치마요네즈삼각,미반,삼각김밥,1772,775,2203.5,1183,381,28,2025-04-11,2025-04 중순,32.2063
109496, 미쓰이)생초콜릿모찌40g,디저트,냉동디저트,1858,818,2175.0,1363,278,64,2025-04-11,2025-04 중순,20.3962
108563,비노)콜미레이터러시안잭쇼비뇽블랑750ml,양주와인,와인,1589,584,1956.0,1318,180,63,2025-04-11,2025-04 중순,13.6571
192580,무학)드보뀌베D 750ml,양주와인,와인,1644,557,1844.0,1496,103,28,2025-04-11,2025-04 중순,6.885
125238,엔시티위시2집미니앨범(6EA),미디어 상품,음반,1588,888,1825.0,1372,120,60,2025-04-15,2025-04 중순,8.7464
124674,KBO)삼립기아타이거즈호랑이초코롤85g,빵,간식빵,1490,662,1825.0,1072,250,57,2025-04-11,2025-04 중순,23.3209
013782,New모둠초밥정식,미반,초밥류,1529,849,1787.0,1303,158,26,2025-04-11,2025-04 중순,12.1259
123397,앙리마티스)와인볼(화이트)500ml캔,양주와인,하이볼,1390,480,1761.5,1107,168,88,2025-04-11,2025-04 중순,15.1762
124534,4월 도시락 구독,,,1229,653,1742.0,952,251,20,2025-04-11,2025-04 중순,26.3655
132142,농심)신라면120g,면,봉지면,1379,253,1741.0,838,355,8,2025-04-11,2025-04 중순,42.3628
109131,신동엽)생드래프트비어500ml캔,맥주,국산맥주,1449,705,1712.5,1239,136,46,2025-04-11,2025-04 중순,10.9766
132168,농심)육개장사발면,면,용기면,1187,418,1703.0,712,356,14,2025-04-11,2025-04 중순,50.0
132159,농심)짜파게티큰사발,면,용기면,1120,372,1588.0,676,330,12,2025-04-11,2025-04 중순,48.8166
012679,11찬 도시락,미반,도시락,1216,636,1468.0,979,165,22,2025-04-11,2025-04 중순,16.8539
070092,서울)흰우유1L,유음료,흰우유,1002,288,1411.0,615,286,13,2025-04-11,2025-04 중순,46.5041
191660,아영)오이스터베이쇼비뇽블랑750,양주와인,와인,1032,317,1340.0,818,148,48,2025-04-11,2025-04 중순,18.0929
124677,KBO)삼립삼성라이온즈블루베리패스츄리100g,빵,간식빵,1042,470,1285.0,744,179,41,2025-04-11,2025-04 중순,24.0591
124675,KBO)삼립LG트윈스쌍둥이딸기샌드99g,빵,간식빵,987,449,1281.0,676,196,44,2025-04-11,2025-04 중순,28.9941
123396,앙리마티스)와인볼(레드)500ml캔,양주와인,하이볼,999,372,1259.0,795,116,68,2025-04-11,2025-04 중순,14.5912
110580,농심)포테토칩오리지널60g,과자,스낵류,897,295,1258.0,538,260,13,2025-04-11,2025-04 중순,48.3271
124676,KBO)삼립두산베어스곰발바닥꿀빵95g,빵,간식빵,926,388,1198.0,628,181,48,2025-04-11,2025-04 중순,28.8217
123552,롯데)7찬도시락,미반,도시락,956,419,1140.5,698,168,9,2025-04-11,2025-04 중순,24.0688
123556,롯데)밥먹자얘들아,미반,도시락,964,438,1123.0,748,141,9,2025-04-11,2025-04 중순,18.8503
109671,닭가슴살햄듬뿍샌드,조리빵,샌드위치,874,309,1119.0,638,162,23,2025-04-11,2025-04 중순,25.3918
109362,7찬도시락,미반,도시락,904,463,1106.5,733,123,17,2025-04-11,2025-04 중순,16.7804
124678,KBO)삼립KT위즈빅또리초코바닐라샌드60g,빵,간식빵,845,364,1096.0,557,176,41,2025-04-11,2025-04 중순,31.5978
109020,농심)신라면툼바큰사발,면,용기면,754,291,1037.0,477,204,7,2025-04-11,2025-04 중순,42.7673
124303,쉥크스 홈스테드 켄터키 사워매시 2024 700ml,양주와인,양주,997,124,1030.5,942,4,41,2025-04-11,2025-04 중순,0.4246
041567,PB)푸하하소금우유크림빵110g,디저트,냉장베이커리,807,352,1012.0,568,155,21,2025-04-11,2025-04 중순,27.2887
124549,PB)바밤바꿀밤생크림빵120g,디저트,냉장베이커리,946,613,1001.0,861,42,19,2025-04-11,2025-04 중순,4.878
990120,"모바일금액권 5,000원",기타,판촉물,686,349,999.0,519,158,5,2025-04-11,2025-04 중순,30.4432
114339,히밥)럭히밥김찌라면큰컵,면,용기면,733,280,982.5,520,164,6,2025-04-11,2025-04 중순,31.5385
124684,KBO)삼립한화이글스핫투움바브레드90g,빵,간식빵,733,324,962.0,500,143,41,2025-04-11,2025-04 중순,28.6
210345,오뚜기)진라면매운맛봉지,면,봉지면,710,171,953.0,429,196,7,2025-04-11,2025-04 중순,45.6876
132373,팔도)김치도시락,면,용기면,683,239,948.0,440,181,9,2025-04-11,2025-04 중순,41.1364
132157,농심)얼큰한너구리봉지,면,봉지면,791,148,941.0,493,185,2,2025-04-11,2025-04 중순,37.5254
070012,빙그레)바나나우유240ml,유음료,가공우유,701,308,909.0,437,178,8,2025-04-11,2025-04 중순,40.7323
123596,롯데)인가샌드위치,조리빵,샌드위치,757,297,892.0,529,138,13,2025-04-11,2025-04 중순,26.087
124779,언노운)드보뀌베D블랑드블랑750ml,양주와인,와인,815,305,891.5,728,42,27,2025-04-11,2025-04 중순,5.7692
108473,그린)불닭치즈소시지김밥,미반,김밥,688,268,853.0,516,116,15,2025-04-11,2025-04 중순,22.4806
107478,롯데)고기(肉)맥시멈도시락,미반,도시락,684,296,847.0,507,127,3,2025-04-11,2025-04 중순,25.0493
125131,모던 스퀘어 카네이션,서비스 상품,기타,692,401,843.0,607,75,7,2025-04-11,2025-04 중순,12.3558
013794,밥먹자얘들아 도시락,미반,도시락,679,365,838.5,547,95,14,2025-04-11,2025-04 중순,17.3675
124529,롯데)최강록의간장들기름비빔밥,미반,도시락,715,314,836.0,551,101,15,2025-04-11,2025-04 중순,18.3303
124531,현대)맛장우맛자랑 직화닭갈비,미반,도시락,718,344,835.0,547,108,9,2025-04-11,2025-04 중순,19.7441
132150,농심)안성탕면봉지,면,봉지면,664,119,801.0,422,153,3,2025-04-11,2025-04 중순,36.2559
202387,칠성)펩시콜라제로355ml,음료,탄산음료,569,233,801.0,332,172,6,2025-04-11,2025-04 중순,51.8072
124679,KBO)삼립KBO홈런배트롤150g,디저트,냉장베이커리,627,285,790.0,489,94,21,2025-04-11,2025-04 중순,19.2229
191642,롯데)배비치블랙쇼비뇽블랑750ml,양주와인,와인,703,225,788.5,620,49,18,2025-04-11,2025-04 중순,7.9032
124533,롯데)맛장우맛자랑 부대볶음,미반,도시락,661,345,777.0,521,93,8,2025-04-11,2025-04 중순,17.8503
132847,삼양)맵탱마늘조개라면큰컵,면,용기면,635,342,773.0,523,80,14,2025-04-11,2025-04 중순,15.2964
062346,PB)오구초코타임200ml,유음료,가공우유,582,302,769.0,403,128,11,2025-04-11,2025-04 중순,31.7618
123297,해태)생생감자칩오지치즈후라이맛60g,과자,스낵류,568,215,769.0,384,131,15,2025-04-11,2025-04 중순,34.1146
124485,7P)스트롱사와복숭아500ml,양주와인,하이볼,605,277,761.0,453,94,28,2025-04-11,2025-04 중순,20.7506
124683,KBO)삼립SSG랜더스소금버터우주선빵85g,빵,간식빵,565,246,755.0,333,138,34,2025-04-11,2025-04 중순,41.4414
123554,롯데)11찬도시락,미반,도시락,597,234,733.0,436,110,6,2025-04-11,2025-04 중순,25.2294
117574,PB)누네띠네55g,과자,비스킷류,592,290,730.0,369,140,8,2025-04-11,2025-04 중순,37.9404
021398,대만식 햄치즈샌드위치,조리빵,샌드위치,556,222,730.0,393,116,12,2025-04-11,2025-04 중순,29.5165
052382,세븐카페)아메리카노(R),즉석음료,세븐카페,519,291,713.0,400,105,4,2025-04-11,2025-04 중순,26.25
105698,인가샌드위치,조리빵,샌드위치,568,224,700.0,412,99,16,2025-04-11,2025-04 중순,24.0291
161188,코카)코카콜라제로500ml,음료,탄산음료,473,165,691.0,280,145,8,2025-04-11,2025-04 중순,51.7857
021802,롯데)대만식햄치즈샌드위치,조리빵,샌드위치,560,200,686.0,359,123,12,2025-04-11,2025-04 중순,34.2618
107053,롯데)맛장우삼각더커진참치마요,미반,삼각김밥,511,189,680.0,298,139,13,2025-04-11,2025-04 중순,46.6443
107879,4월 세븐카페 구독,,,539,361,679.0,462,69,6,2025-04-11,2025-04 중순,14.9351
202378,칠성)칠성사이다제로250ml,음료,탄산음료,645,239,675.0,401,122,10,2025-04-11,2025-04 중순,30.4239
192542,4월 위스키 구독,,,597,440,654.0,546,30,13,2025-04-11,2025-04 중순,5.4945
053163,매콤점보넓적다리,즉석 식품,즉석치킨(삭제예정),469,161,646.0,293,127,7,2025-04-11,2025-04 중순,43.3447
108543,불닭치즈소시지김밥,미반,김밥,488,213,642.0,345,95,20,2025-04-11,2025-04 중순,27.5362
132835,PB)대파열라면큰컵,면,용기면,501,333,641.0,393,86,4,2025-04-11,2025-04 중순,21.883
124486,7P)스트롱사와거봉500ml,양주와인,하이볼,496,220,639.0,364,83,25,2025-04-11,2025-04 중순,22.8022
124532,맛장우맛자랑 직화닭갈비,미반,도시락,532,314,626.0,452,56,10,2025-04-11,2025-04 중순,12.3894
125133,반전 용돈박스(대),서비스 상품,기타,574,479,622.5,544,23,5,2025-04-11,2025-04 중순,4.2279
021729,햄듬뿍치즈샌드,조리빵,샌드위치,506,209,617.0,378,82,13,2025-04-11,2025-04 중순,21.6931
106826,롯데)킹장우듬뿍참치김밥,미반,김밥,487,180,604.0,328,102,9,2025-04-11,2025-04 중순,31.0976
125132,하이브리드_아이비,서비스 상품,기타,521,393,590.5,481,34,4,2025-04-11,2025-04 중순,7.0686
124681,KBO)삼립NC다이노스공룡알흑임자컵케익130g,빵,간식빵,448,217,586.0,289,96,24,2025-04-11,2025-04 중순,33.218
107409, G)대파크래커80g,과자,비스킷류,497,262,584.0,398,57,19,2025-04-11,2025-04 중순,14.3216
160749,칠성)2%부족할때복숭아500ml,음료,스포츠음료,395,132,578.0,239,120,5,2025-04-11,2025-04 중순,50.2092
210332,팔도)도시락,면,용기면,391,137,573.0,237,118,6,2025-04-11,2025-04 중순,49.789
132667,농심)배홍동비빔면(봉지),면,봉지면,444,140,568.0,299,99,6,2025-04-11,2025-04 중순,33.1104
124726,"4월 샌드위치,햄버거 구독",,,433,261,564.5,355,64,10,2025-04-11,2025-04 중순,18.0282
132865,PB)우불식당즉석우동큰컵,면,용기면,433,172,560.0,318,81,11,2025-04-11,2025-04 중순,25.4717
210382,팔도)비빔면봉지,면,봉지면,434,105,555.0,253,117,5,2025-04-11,2025-04 중순,46.2451
108851,현대)맛장우도시락 올데이뷔페,미반,도시락,454,194,554.0,333,84,2,2025-04-11,2025-04 중순,25.2252
125084,PB)이봉원의봉짬뽕224g,냉장,냉장간편식,443,201,549.5,350,54,25,2025-04-17,2025-04 중순,15.4286
109029,맛장우도시락 올데이뷔페,미반,도시락,434,213,544.0,347,65,8,2025-04-11,2025-04 중순,18.732
014215,그린)NEW참치김치볶음밥삼각,미반,삼각김밥,411,148,544.0,226,122,5,2025-04-11,2025-04 중순,53.9823
140526,CJ)햇반미역국밥(컵반),가공식품,가공미반류,414,213,540.0,301,79,12,2025-04-11,2025-04 중순,26.2458
112645,PB)이비가짬뽕큰컵,면,용기면,435,189,538.0,330,73,7,2025-04-11,2025-04 중순,22.1212
111545,해태)크림웨하스50g,과자,비스킷류,388,137,536.0,238,106,8,2025-04-11,2025-04 중순,44.5378
124265,그린)스팸계란마요삼각,미반,삼각김밥,453,184,531.0,276,102,8,2025-04-11,2025-04 중순,36.9565
123444,와일드 터키 지미 러셀  70주년 릴리즈,양주와인,양주,517,226,529.0,474,2,30,2025-04-11,2025-04 중순,0.4219
124136,듬뿍참치유부초밥,미반,초밥류,425,187,527.0,327,67,10,2025-04-11,2025-04 중순,20.4893
124782,"4월 삼각김밥,김밥 구독",,,396,229,526.0,317,63,12,2025-04-11,2025-04 중순,19.8738
192098,앙리마티스나디아(화이트),양주와인,와인,463,317,524.5,404,25,26,2025-04-11,2025-04 중순,6.1881
123553,롯데)가득담은5찬도시락,미반,도시락,428,172,521.0,314,75,7,2025-04-11,2025-04 중순,23.8854
115940,오리온)무뚝뚝감자칩60g,과자,스낵류,384,151,510.0,230,101,10,2025-04-11,2025-04 중순,43.913
106875,킹장우듬뿍참치김밥,미반,김밥,368,147,501.0,260,79,11,2025-04-11,2025-04 중순,30.3846
109009,PB)피스타치오마카다미아봉봉50g,과자,초콜릿,396,191,501.0,271,82,9,2025-04-11,2025-04 중순,30.2583
124682,KBO)삼립키움히어로즈자색고구마팡100g,빵,간식빵,381,198,488.0,249,80,17,2025-04-11,2025-04 중순,32.1285
124534,맛장우맛자랑 부대볶음,미반,도시락,414,225,487.0,356,45,3,2025-04-11,2025-04 중순,12.6404
123059,어메이징딸기샌드,조리빵,샌드위치,370,157,486.0,260,72,16,2025-04-11,2025-04 중순,27.6923
118889,시원)후와토로리치피스타치오40g,디저트,냉동디저트,381,209,481.0,292,53,22,2025-04-11,2025-04 중순,18.1507
601347,엔제이)블랙썬더버터22g,과자,초콜릿,392,219,478.0,289,64,12,2025-04-11,2025-04 중순,22.1453
124782,롯데)최강록의소보로삼각,미반,삼각김밥,360,167,476.0,236,85,8,2025-04-11,2025-04 중순,36.0169
108632,뚠뚠햄치즈&포테이토샌드,조리빵,샌드위치,351,119,471.0,250,76,6,2025-04-11,2025-04 중순,30.4
124135,해태)구운버터옥수수60g,과자,스낵류,362,169,468.0,255,71,12,2025-04-11,2025-04 중순,27.8431
124757,이즐)까까맛교통카드(빼빼로),서비스 상품,일반서비스,437,340,467.0,382,23,16,2025-04-11,2025-04 중순,6.0209
124329,샤또 라퐁로쉐18,양주와인,와인,392,209,451.0,349,25,15,2025-04-11,2025-04 중순,7.1633
132675,오뚜기)육개장사발면104g,면,용기면,340,120,451.0,223,84,3,2025-04-11,2025-04 중순,37.6682
123517,롯데)비빔참치마요삼각김밥,미반,삼각김밥,349,127,450.0,201,94,7,2025-04-11,2025-04 중순,46.7662
014347,스팸마요계란김밥,미반,김밥,353,155,449.0,266,60,10,2025-04-11,2025-04 중순,22.5564
105946,맛장우고추장불백,미반,도시락,344,171,446.0,265,62,4,2025-04-11,2025-04 중순,23.3962
021692,삼립)프리미엄햄에그샌드,조리빵,샌드위치,331,135,440.0,217,76,11,2025-04-11,2025-04 중순,35.023
105367,4월 세븐카페 반값구독,,,375,283,439.0,341,30,4,2025-04-11,2025-04 중순,8.7977
118860,발베니 12년 싱글배럴 700ml,양주와인,양주,401,207,438.0,358,0,41,2025-04-11,2025-04 중순,0.0
132457,삼양)까르보불닭볶음면(큰컵),면,용기면,299,134,437.0,182,90,4,2025-04-11,2025-04 중순,49.4505
123516,롯데)전주비빔삼각김밥,미반,삼각김밥,334,127,434.0,173,98,10,2025-04-11,2025-04 중순,56.6474
108401,롯데)맛장우도시락 고기(肉)올인원,미반,도시락,356,171,433.0,272,59,3,2025-04-11,2025-04 중순,21.6912
210464,오뚜기)진라면매운맛큰컵,면,용기면,312,84,428.0,189,89,2,2025-04-11,2025-04 중순,47.0899
132730,오뚜기)짜슐랭봉지,면,봉지면,336,106,424.0,224,72,8,2025-04-11,2025-04 중순,32.1429
124932,버터치킨카레덮밥,미반,도시락,342,187,422.5,274,44,13,2025-04-11,2025-04 중순,16.0584
124516,롯데)최강록의로스팜에그샌드,조리빵,샌드위치,358,165,420.5,251,62,9,2025-04-11,2025-04 중순,24.7012
132140,농심)튀김우동큰사발,면,용기면,277,114,413.0,158,89,6,2025-04-11,2025-04 중순,56.3291
124508,최강록의로스팜에그샌드,조리빵,샌드위치,374,185,409.0,275,50,11,2025-04-11,2025-04 중순,18.1818
132290,농심)새우탕면(소컵),면,용기면,287,93,408.0,164,88,5,2025-04-11,2025-04 중순,53.6585
601328, 7P)랑그드샤화이트초코70g,과자,비스킷류,352,155,403.0,247,51,19,2025-04-11,2025-04 중순,20.6478
124372,현대)제일맛집도시락,미반,도시락,341,148,399.0,245,58,6,2025-04-11,2025-04 중순,23.6735
071778,마루카네)감동란2입,냉장,냉장간식,275,110,390.0,160,78,11,2025-04-11,2025-04 중순,48.75
601346,엔제이)블랙썬더21g,과자,초콜릿,323,167,389.0,228,55,12,2025-04-11,2025-04 중순,24.1228
202058,칠성)밀키스340ml,음료,탄산음료,268,105,388.0,147,89,2,2025-04-11,2025-04 중순,60.5442
115642,롯데)빠다코코낫100g,과자,비스킷류,295,144,383.0,201,66,4,2025-04-11,2025-04 중순,32.8358
115640,롯데)롯데샌드105g,과자,비스킷류,294,128,382.0,189,70,6,2025-04-11,2025-04 중순,37.037
115500,카발란 올로로소 쉐리오크,양주와인,양주,302,157,382.0,252,33,16,2025-04-11,2025-04 중순,13.0952
132171,농심)생생우동253g,면,봉지면,279,99,381.0,197,53,18,2025-04-11,2025-04 중순,26.9036
021693,삼립)NEW상하이스파이시버거,조리빵,햄버거,318,122,379.0,227,57,4,2025-04-11,2025-04 중순,25.1101
124446,제일맛집도시락,미반,도시락,316,178,379.0,261,38,7,2025-04-11,2025-04 중순,14.5594
124435,PB)바스켓팝콘,과자,스낵류,369,244,377.0,350,7,6,2025-04-11,2025-04 중순,2.0
124931,PB)바밤바알밤초콜릿16g,과자,초콜릿,288,134,372.0,212,47,16,2025-04-11,2025-04 중순,22.1698
107273,크라운)콘칩초당70g,과자,스낵류,280,120,370.0,183,68,4,2025-04-11,2025-04 중순,37.1585
123094,현대)맛장우 통등심돈까스&김치제육,미반,도시락,326,166,369.0,248,46,5,2025-04-11,2025-04 중순,18.5484
601329, 7P)랑그드샤초코70g,과자,비스킷류,296,119,367.0,195,51,23,2025-04-11,2025-04 중순,26.1538
062345,PB)오구딸기타임200ml,유음료,가공우유,279,114,363.0,163,73,8,2025-04-11,2025-04 중순,44.7853
192578,무학)앙리마티스보히가스에디션,양주와인,와인,304,110,351.0,272,21,9,2025-04-11,2025-04 중순,7.7206
125012,프롬더배럴500ml,양주와인,양주,320,225,349.0,294,12,11,2025-04-11,2025-04 중순,4.0816
124390,필리치즈스테이크버거,조리빵,햄버거,300,167,348.0,244,37,4,2025-04-11,2025-04 중순,15.1639
105729,11겹등심돈까스,미반,도시락,278,139,348.0,222,44,2,2025-04-11,2025-04 중순,19.8198
220178,4월 장보기 구독,,,320,254,347.0,303,13,3,2025-04-11,2025-04 중순,4.2904
094369,세븐팜)갓성비바나나(5입),신선,과일,269,111,345.0,182,55,10,2025-04-11,2025-04 중순,30.2198
112127,롯데)치토스매콤한맛82g,과자,스낵류,259,108,340.0,166,63,5,2025-04-11,2025-04 중순,37.9518
124150,롯데)함박&부대볶음 5찬도시락,미반,도시락,270,110,337.0,193,53,3,2025-04-11,2025-04 중순,27.4611
107585,고기(肉)맥시멈도시락,미반,도시락,288,150,336.0,228,36,8,2025-04-11,2025-04 중순,15.7895
124320,농심)먹태깡고추장마요60g,과자,스낵류,257,103,334.5,166,60,6,2025-04-11,2025-04 중순,36.1446
021805,그린)햄듬뿍치즈샌드,조리빵,샌드위치,265,98,331.5,184,50,9,2025-04-11,2025-04 중순,27.1739
124978,부나하벤12년700ml,양주와인,양주,294,189,329.0,272,16,5,2025-04-11,2025-04 중순,5.8824
124859,조니워커블루뱀띠에디션1L,양주와인,양주,310,237,326.0,294,9,4,2025-04-11,2025-04 중순,3.0612
107834,만쿠만구치킨(순살),즉석 식품,즉석치킨(삭제예정),254,92,322.0,199,43,2,2025-04-11,2025-04 중순,21.608
041426,제주우유생크림빵130g,디저트,냉장베이커리,258,87,321.0,176,47,13,2025-04-11,2025-04 중순,26.7045
124547,울진대게딱지장김밥,미반,김밥,256,125,320.0,190,40,12,2025-04-11,2025-04 중순,21.0526
105813,PB)쿠키바크씬80g,과자,초콜릿,294,173,319.0,250,20,11,2025-04-11,2025-04 중순,8.0
013643,치킨마요덮밥,미반,도시락,253,127,317.0,194,41,6,2025-04-11,2025-04 중순,21.134
123744,기본김밥,미반,김밥,258,107,317.0,187,45,7,2025-04-11,2025-04 중순,24.0642
109576,참고소한제육덮밥,미반,도시락,239,115,317.0,177,46,6,2025-04-11,2025-04 중순,25.9887
124774,농심)배홍동칼빔면봉지,면,봉지면,232,75,316.0,155,55,6,2025-04-11,2025-04 중순,35.4839
114320,오리온)미쯔미니700,과자,비스킷류,222,92,315.0,128,68,3,2025-04-11,2025-04 중순,53.125
124908,와일드터키롱브랜치,양주와인,양주,264,147,314.0,227,25,8,2025-04-11,2025-04 중순,11.0132
192642,7P)스트롱사와레몬500ml,양주와인,하이볼,281,114,310.0,228,21,17,2025-04-11,2025-04 중순,9.2105
021788,리얼소프트햄&에그샌드,조리빵,샌드위치,250,101,307.0,189,41,5,2025-04-11,2025-04 중순,21.6931
106839,CJ)맥스봉매콤불고기맛핫바65g,냉장,냉장간식,234,100,306.0,150,57,4,2025-04-11,2025-04 중순,38.0
014412,함박&부대볶음_5찬,미반,도시락,232,115,300.0,182,39,4,2025-04-11,2025-04 중순,21.4286
132041,오뚜기)진라면순한맛봉지,면,봉지면,222,59,298.0,143,57,2,2025-04-11,2025-04 중순,39.8601
014628,롯데)베이컨김치볶음밥삼각,미반,삼각김밥,212,73,298.0,117,66,4,2025-04-11,2025-04 중순,56.4103
094260,프레시팜)착한달걀10입(대란),신선,수축산/계란,227,83,296.0,147,55,3,2025-04-11,2025-04 중순,37.415
170186,현대)미에로화이바350ml,음료,기능성드링크,189,78,293.0,113,61,4,2025-04-11,2025-04 중순,53.9823
105995,PB)밀크초코콘170ml,아이스크림,노벨티,234,103,292.0,141,52,12,2025-04-11,2025-04 중순,36.8794
180959,화요X.Premium,전통주,소주,244,145,291.0,209,18,15,2025-04-11,2025-04 중순,8.6124
124261,맥캘란 12년 셰리오크,양주와인,양주,281,215,289.0,258,0,18,2025-04-11,2025-04 중순,0.0
123920,롯데)안유성명장 치킨난반정식,미반,도시락,253,132,285.0,201,31,4,2025-04-11,2025-04 중순,15.4229
113156,그린)11겹등심돈까스,미반,도시락,253,95,284.0,189,36,5,2025-04-11,2025-04 중순,19.0476
160053,칠성)펩시콜라600ml,음료,탄산음료,186,68,284.0,113,58,4,2025-04-11,2025-04 중순,51.3274
123315,디저트39)저당슈크림모나카,아이스크림,노벨티,228,90,282.0,142,55,2,2025-04-11,2025-04 중순,38.7324
220308,CJ)둥근햇반210g,가공식품,가공미반류,208,89,279.0,127,53,7,2025-04-11,2025-04 중순,41.7323
107052,롯데)소고기고추장&참치마요,미반,삼각김밥,203,70,279.0,116,58,6,2025-04-11,2025-04 중순,50.0
123588,롯데)맛장우삼각더커진비빔참치,미반,삼각김밥,209,73,279.0,111,59,10,2025-04-11,2025-04 중순,53.1532
132162,농심)생생우동용기,면,용기면,189,73,278.0,116,55,5,2025-04-11,2025-04 중순,47.4138
125040,PB)이봉원의봉새우볶음밥260g,냉동,냉동간편식,233,112,275.5,175,22,23,2025-04-17,2025-04 중순,12.5714
071847,CJ)청양고추후랑크80g,냉장,냉장간식,208,90,275.0,127,52,7,2025-04-11,2025-04 중순,40.9449
803186,농심)츄파춥스300,과자,캔디류,203,86,273.0,128,55,0,2025-04-11,2025-04 중순,42.9688
202136,코카)조지아블랙470ml,음료,커피음료,190,72,271.0,114,56,3,2025-04-11,2025-04 중순,49.1228
132145,농심)김치사발면,면,용기면,183,69,270.0,109,58,1,2025-04-11,2025-04 중순,53.211
113131,믹터스 싱글배럴 라이 700ml,양주와인,양주,239,167,269.5,215,17,3,2025-04-11,2025-04 중순,7.907
123594,롯데)햄치즈에그토스트샌드,조리빵,샌드위치,223,101,269.0,158,38,8,2025-04-11,2025-04 중순,24.0506
201131,코카)환타오렌지355ml(캔),음료,탄산음료,190,69,268.0,107,61,0,2025-04-11,2025-04 중순,57.0093
109628,그린)닭가슴살햄듬뿍샌드,조리빵,샌드위치,204,91,266.5,140,39,11,2025-04-11,2025-04 중순,27.8571
132148,농심)신라면소컵,면,용기면,179,65,264.0,108,56,1,2025-04-11,2025-04 중순,51.8519
170217,동화)쌍화원골드100ml,음료,기능성드링크,200,75,264.0,116,58,0,2025-04-11,2025-04 중순,50.0
124072,롯데)리얼소프트햄샌드,조리빵,샌드위치,214,84,261.0,139,41,11,2025-04-11,2025-04 중순,29.4964
124617,포켓델리베지스틱,미반,푸드 간편식,221,133,259.0,184,19,12,2025-04-11,2025-04 중순,10.3261
108601,롯데)뚠뚠햄치즈&포테이토샌드,조리빵,샌드위치,181,75,258.0,115,50,3,2025-04-11,2025-04 중순,43.4783
210084,삼양)삼양라면봉지,면,봉지면,177,59,257.0,107,55,0,2025-04-11,2025-04 중순,51.4019
191866,빈티지)도그포인트쇼비뇽블랑750,양주와인,와인,219,119,255.0,177,15,20,2025-04-11,2025-04 중순,8.4746
132226,삼양)불닭볶음면(큰컵),면,용기면,163,53,255.0,90,58,2,2025-04-11,2025-04 중순,64.4444
013541,순살닭강정,미반,푸드 간편식,221,103,255.0,179,25,6,2025-04-11,2025-04 중순,13.9665
119522,PB)숏다리오잉70g,과자,스낵류,174,89,254.0,101,52,6,2025-04-11,2025-04 중순,51.4851
132312,오뚜기)진라면순한맛큰컵,면,용기면,170,60,251.0,102,52,3,2025-04-11,2025-04 중순,50.9804
014635,그린)스팸마요계란김밥,미반,김밥,206,90,250.0,142,40,4,2025-04-11,2025-04 중순,28.169
108620,엔제이)훈와리밀크카스테라,빵,간식빵,195,108,250.0,140,33,11,2025-04-11,2025-04 중순,23.5714
132622,오뚜기)진비빔면봉지,면,봉지면,192,63,250.0,140,39,2,2025-04-12,2025-04 중순,27.8571
201428,칠성)칠성사이다355ml,음료,탄산음료,186,91,248.0,121,45,4,2025-04-11,2025-04 중순,37.1901
105886,롯데)맛장우도시락 고추장불백,미반,도시락,209,102,247.0,148,37,4,2025-04-11,2025-04 중순,25.0
202242,칠성)레쓰비그란데라떼500ml,음료,커피음료,166,68,246.0,96,52,4,2025-04-11,2025-04 중순,54.1667
123629,G)LOOK초콜릿(네가지과일)44g,과자,초콜릿,194,87,246.0,134,37,8,2025-04-11,2025-04 중순,27.6119
113430,크라운)키커바1000(30g),과자,초콜릿,183,73,245.0,116,46,4,2025-04-11,2025-04 중순,39.6552
123563,롯데)더꽉찬불고기&참치김밥,미반,김밥,206,67,243.0,126,47,3,2025-04-11,2025-04 중순,37.3016
014248,더꽉찬불고기&참치김밥,미반,김밥,193,83,243.0,136,35,8,2025-04-11,2025-04 중순,25.7353
123591,롯데)햄&참치샐러드샌드,조리빵,샌드위치,194,67,241.0,126,42,5,2025-04-11,2025-04 중순,33.3333
106559,오리온)찍먹나쵸치폴레마요84g,과자,스낵류,181,86,240.0,111,43,9,2025-04-11,2025-04 중순,38.7387
123654,맛장우도시락 오늘은소불고기닭!,미반,도시락,195,121,239.0,153,26,8,2025-04-11,2025-04 중순,16.9935
600592,PB)왕소라형스낵143g,과자,스낵류,180,75,239.0,99,53,3,2025-04-11,2025-04 중순,53.5354
107513,그린)더커진불닭콘참치마요삼각,미반,삼각김밥,193,70,238.0,131,37,7,2025-04-11,2025-04 중순,28.2443
124523,G)설화병오리지널90g,과자,캔디류,181,71,235.0,139,27,10,2025-04-12,2025-04 중순,19.4245
014425,그린)더꽉찬한돈돈까스김밥2.0,미반,김밥,172,78,234.0,109,44,4,2025-04-11,2025-04 중순,40.367
160446,칠성)마운틴듀355ml,음료,탄산음료,163,56,234.0,99,49,1,2025-04-11,2025-04 중순,49.4949
124040,해태)연양갱땅콩맛55g,과자,캔디류,154,59,233.5,91,48,4,2025-04-11,2025-04 중순,52.7473
123806,초코딸기샌드,조리빵,샌드위치,189,104,233.0,142,27,10,2025-04-11,2025-04 중순,19.0141
123599,그린)맛장우도시락 오늘은소불고기닭!,미반,도시락,207,125,233.0,170,22,4,2025-04-11,2025-04 중순,12.9412
315353,K)릴 하이브리드3(지알로옐로우),담배,전자담배,203,91,231.0,183,14,4,2025-04-11,2025-04 중순,7.6503
600166,PB)갈릭새우칩65g,과자,스낵류,161,77,229.0,91,49,4,2025-04-11,2025-04 중순,53.8462
062576,PB)앙리마티스바닐라라떼250ml,유음료,컵커피,181,92,229.0,128,37,2,2025-04-11,2025-04 중순,28.9062
084008,제스트)도쿄브레드소금버터빵,빵,간식빵,182,78,228.0,122,31,14,2025-04-11,2025-04 중순,25.4098
141243,오뚜기)발아현미밥210g,가공식품,가공미반류,170,65,228.0,105,41,8,2025-04-11,2025-04 중순,39.0476
014442,더꽉찬한돈돈까스김밥,미반,김밥,171,91,227.0,120,35,6,2025-04-11,2025-04 중순,29.1667
124962,불닭마요유부초밥,미반,초밥류,173,92,225.0,128,31,6,2025-04-11,2025-04 중순,24.2188
123595,롯데)참치인가샌드위치,조리빵,샌드위치,178,70,223.0,108,44,3,2025-04-11,2025-04 중순,40.7407
123338,"현대)3,900스크램블&불고기덮밥",미반,도시락,204,109,223.0,159,25,3,2025-04-11,2025-04 중순,15.7233
124939,엠즈)쫀득라바녹차케이크80g,디저트,냉장베이커리,198,128,222.0,174,9,12,2025-04-11,2025-04 중순,5.1724
053162,점보닭다리,즉석 식품,즉석치킨(삭제예정),148,64,222.0,94,41,6,2025-04-11,2025-04 중순,43.617
160598,코카)스프라이트500ml,음료,탄산음료,141,63,220.0,89,45,1,2025-04-11,2025-04 중순,50.5618
124560,PB)박은영셰프의유산슬탕면큰컵,면,용기면,174,82,219.0,121,34,5,2025-04-11,2025-04 중순,28.0992
132146,농심)오징어짬뽕봉지,면,봉지면,186,42,218.0,110,46,0,2025-04-11,2025-04 중순,41.8182
210381,팔도)비빔면큰컵,면,용기면,149,65,217.0,92,44,2,2025-04-11,2025-04 중순,47.8261
124245,롯데)리얼소프트에그샌드,조리빵,샌드위치,178,79,217.0,119,34,7,2025-04-11,2025-04 중순,28.5714
114361,농심)짜파게티더블랙사발면,면,용기면,160,68,216.0,104,39,4,2025-04-11,2025-04 중순,37.5
201819,칠성)2%아쿠아제로500ml,음료,스포츠음료,150,55,215.0,85,48,1,2025-04-11,2025-04 중순,56.4706
021479,햄참치샐러드샌드,조리빵,샌드위치,182,83,214.0,144,24,4,2025-04-11,2025-04 중순,16.6667
109575,롯데)참고소한 제육덮밥,미반,도시락,185,96,214.0,135,30,3,2025-04-11,2025-04 중순,22.2222
132630,농심)앵그리짜파구리큰사발,면,용기면,169,68,214.0,105,41,3,2025-04-11,2025-04 중순,39.0476
106024,맛장우김밥오리지널,미반,김밥,172,74,213.0,123,31,5,2025-04-11,2025-04 중순,25.2033
014441,스팸김치볶음김밥,미반,김밥,166,69,212.0,114,33,6,2025-04-11,2025-04 중순,28.9474
161245,동서)스타벅스더블샷200ml,음료,커피음료,141,56,210.0,92,41,1,2025-04-11,2025-04 중순,44.5652
113189,롯데)육즙가득삼겹살쌈장김밥,미반,김밥,168,68,209.0,119,31,5,2025-04-11,2025-04 중순,26.0504
122993,그린)어메이징딸기샌드,조리빵,샌드위치,166,64,209.0,110,32,9,2025-04-11,2025-04 중순,29.0909
106683,농심)짜파게티더블랙봉지,면,봉지면,171,32,209.0,106,39,4,2025-04-11,2025-04 중순,36.7925
106071,언노운)드보오마주오리지널브뤼750ml,양주와인,와인,192,107,209.0,170,7,11,2025-04-11,2025-04 중순,4.1176
132096,농심)멸치칼국수봉지,면,봉지면,164,41,208.0,97,43,2,2025-04-11,2025-04 중순,44.3299
124336,에이트)벤토오징어치킨맛7g,안주,생선류,157,57,206.0,95,41,3,2025-04-11,2025-04 중순,43.1579
112030,동서)오레오화이트100g,과자,비스킷류,153,50,204.0,91,40,5,2025-04-11,2025-04 중순,43.956
014071,그린)NEW햄참치마요네즈삼각,미반,삼각김밥,159,63,204.0,90,45,1,2025-04-11,2025-04 중순,50.0
104534,크라운)콘초66g,과자,스낵류,163,69,204.0,103,38,3,2025-04-11,2025-04 중순,36.8932
132288,농심)짜파게티범벅,면,용기면,151,64,203.0,87,42,4,2025-04-11,2025-04 중순,48.2759
107128,PB)얼음컵(라지),즉석음료,얼음,124,52,202.0,70,45,2,2025-04-11,2025-04 중순,64.2857
109548,PB)파스퇴르우유소프트콘190ml,아이스크림,노벨티,163,62,201.0,111,28,10,2025-04-11,2025-04 중순,25.2252
109008,PB)바닐라초코마카다미아봉봉50g,과자,초콜릿,171,90,201.0,121,25,10,2025-04-11,2025-04 중순,20.6612
140523,CJ)햇반황태국밥(컵반),가공식품,가공미반류,155,74,201.0,116,28,4,2025-04-11,2025-04 중순,24.1379
109252,네슬레)다막피스타치오60G,과자,초콜릿,197,129,200.5,189,0,6,2025-04-11,2025-04 중순,0.0
124340,G)LOOK초콜릿딸기복숭아46g,과자,초콜릿,196,103,200.0,139,22,10,2025-04-11,2025-04 중순,15.8273
202357,칠성)레쓰비그란데헤이즐넛500ml,음료,커피음료,150,53,199.0,90,40,3,2025-04-11,2025-04 중순,44.4444
109521,더커진유부초밥6입,미반,초밥류,157,84,197.0,113,26,8,2025-04-11,2025-04 중순,23.0088
124481,듬뿍크래미유부초밥,미반,초밥류,166,76,196.0,116,28,6,2025-04-11,2025-04 중순,24.1379
115858,농심)새우깡90g,과자,스낵류,140,58,196.0,77,44,2,2025-04-11,2025-04 중순,57.1429
123610,그린)더커진울진대게딱지장삼각,미반,삼각김밥,155,53,195.0,105,32,4,2025-04-11,2025-04 중순,30.4762
119548,농심)1M츄파춥스사워벨트55g,과자,젤리류,156,75,195.0,112,31,1,2025-04-11,2025-04 중순,27.6786
109729,"3,900김치피자탕수육",미반,푸드 간편식,171,100,194.0,152,13,3,2025-04-11,2025-04 중순,8.5526
115922,농심)감자깡75g,과자,스낵류,143,45,192.0,85,36,7,2025-04-11,2025-04 중순,42.3529
123590,롯데)케이준치킨&햄샌드,조리빵,샌드위치,156,66,192.0,99,33,6,2025-04-11,2025-04 중순,33.3333
106866,삼양)맵탱마늘조개라면봉지,면,봉지면,156,69,190.0,113,27,4,2025-04-11,2025-04 중순,23.8938
014381,롯데)숯불치킨치밥삼각,미반,삼각김밥,132,50,189.0,74,41,3,2025-04-11,2025-04 중순,55.4054
106843,PB)쿵야메론빙수270ml,아이스크림,노벨티,140,64,187.0,96,30,5,2025-04-11,2025-04 중순,31.25
104533,크라운)카라멜콘땅콩72g,과자,스낵류,124,52,185.0,77,35,5,2025-04-11,2025-04 중순,45.4545
021768,햄치즈에그토스트샌드2,조리빵,샌드위치,154,78,185.0,127,19,3,2025-04-11,2025-04 중순,14.9606
124729,엠즈)쫀득라바초코케이크80g,디저트,냉장베이커리,169,114,184.5,143,6,14,2025-04-11,2025-04 중순,4.1958
123562,롯데)더꽉찬직화불고기김밥,미반,김밥,155,63,183.0,97,33,4,2025-04-11,2025-04 중순,34.0206
105954,삼립)메가불고기체다버거,조리빵,햄버거,153,76,182.0,103,30,3,2025-04-11,2025-04 중순,29.1262
115736,PB)카라멜치즈팝콘70g,과자,스낵류,129,60,179.5,79,35,3,2025-04-11,2025-04 중순,44.3038
112128,롯데)치토스스모크바베큐82g,과자,스낵류,137,51,179.0,79,38,2,2025-04-11,2025-04 중순,48.1013
191659,무학)보히가스까바브룻750ml,양주와인,와인,172,66,179.0,156,0,13,2025-04-11,2025-04 중순,0.0
106716,엔제이)소프트카스테라,빵,간식빵,135,62,178.0,89,27,9,2025-04-11,2025-04 중순,30.3371
123587,롯데)맛장우삼각더커진전주비빔,미반,삼각김밥,131,51,178.0,74,38,3,2025-04-11,2025-04 중순,51.3514
109007,PB)피스타치오바크씬80g,과자,초콜릿,140,53,177.0,103,21,9,2025-04-11,2025-04 중순,20.3883
123414,클룹)제로소다포도500ml,음료,탄산음료,117,46,176.0,67,36,5,2025-04-11,2025-04 중순,53.7313
124159,리얼소프트햄샌드,조리빵,샌드위치,159,70,175.0,137,15,0,2025-04-11,2025-04 중순,10.9489
124726,삼립)로만밀햄치즈에그머핀,조리빵,햄버거,147,69,175.0,105,25,4,2025-04-11,2025-04 중순,23.8095
109583,신동엽)블랙서클하이볼레몬350ml캔,양주와인,하이볼,157,106,175.0,126,14,8,2025-04-11,2025-04 중순,11.1111
105887,롯데)맛장우전주식비빔밥,미반,도시락,131,77,174.0,104,22,3,2025-04-11,2025-04 중순,21.1538
071880,더커진국물떡볶이300g,냉장,냉장간편식,136,58,174.0,93,31,0,2025-04-11,2025-04 중순,33.3333
115848,에이스)옥수수브이콘50g,과자,스낵류,128,54,174.0,71,37,4,2025-04-11,2025-04 중순,52.1127
132143,농심)새우탕큰사발,면,용기면,125,50,174.0,68,40,1,2025-04-11,2025-04 중순,58.8235
105812,PB)아몬드바크씬80g,과자,초콜릿,144,74,173.0,102,23,7,2025-04-11,2025-04 중순,22.549
105982,그린)맛장우김밥오리지널,미반,김밥,141,59,173.0,87,32,4,2025-04-11,2025-04 중순,36.7816
123549,해태)오사쯔빠스50g,과자,스낵류,124,61,173.0,79,31,5,2025-04-11,2025-04 중순,39.2405
601082,농심)먹태깡청양마요맛60g,과자,스낵류,121,48,173.0,77,32,4,2025-04-11,2025-04 중순,41.5584
202654,이노엔)티로그복숭아아이스티500,음료,차음료,127,47,172.0,74,37,1,2025-04-11,2025-04 중순,50.0
108726,빅모짜치즈불고기버거,조리빵,햄버거,131,58,170.0,95,24,5,2025-04-11,2025-04 중순,25.2632
070124,정식품)베지밀B(병)190ml,유음료,두유,112,50,170.0,69,33,4,2025-04-11,2025-04 중순,47.8261
014383,가득담은5찬도시락,미반,도시락,149,75,170.0,124,17,1,2025-04-11,2025-04 중순,13.7097
123593,롯데)리얼소프트햄&에그샌드,조리빵,샌드위치,142,65,169.0,97,27,3,2025-04-11,2025-04 중순,27.8351
014634,그린)스팸김치볶음밥삼각,미반,삼각김밥,129,53,169.0,72,37,2,2025-04-11,2025-04 중순,51.3889
111370,롯데)크런키1400,과자,초콜릿,114,39,169.0,64,38,1,2025-04-11,2025-04 중순,59.375
123131,"3,900매콤닭껍질튀김",미반,푸드 간편식,139,82,167.0,119,11,8,2025-04-11,2025-04 중순,9.2437
109477,끌레도르)피스타치오앤초코바90ml,아이스크림,노벨티,158,62,167.0,115,17,9,2025-04-11,2025-04 중순,14.7826
117575,PB)미니쌀약과1100,과자,비스킷류,118,53,167.0,72,33,3,2025-04-11,2025-04 중순,45.8333
112762,골드후라이드치킨버거3.0,조리빵,햄버거,126,65,166.0,97,23,2,2025-04-11,2025-04 중순,23.7113
106282,PB)푸하하초코크림빵110g,디저트,냉장베이커리,138,45,164.0,97,24,4,2025-04-11,2025-04 중순,24.7423
109471,G)마루짱튀김소바99g,면,용기면,112,50,164.0,72,27,8,2025-04-11,2025-04 중순,37.5
115562,카발란 솔리스트 비노바리끄,양주와인,양주,129,65,163.0,104,15,8,2025-04-11,2025-04 중순,14.4231
014339,참치김밥,미반,김밥,136,70,163.0,109,18,3,2025-04-11,2025-04 중순,16.5138
123539,이스까이,양주와인,와인,138,82,163.0,119,12,5,2025-04-11,2025-04 중순,10.084
120092,제스트)도쿄브레드훗카이도크림빵,빵,간식빵,131,82,162.0,97,18,9,2025-04-11,2025-04 중순,18.5567
111366,롯데)가나초코바아몬드(골드),과자,초콜릿,122,41,162.0,66,35,4,2025-04-11,2025-04 중순,53.0303
014620,롯데)양념순살닭강정,미반,푸드 간편식,123,48,161.0,88,24,4,2025-04-11,2025-04 중순,27.2727
105775,빙그레)끌레도르츄러스앤크림바,아이스크림,노벨티,131,65,161.0,95,21,6,2025-04-11,2025-04 중순,22.1053
191778,금양)이스까이까버네프랑말벡750ml,양주와인,와인,146,58,161.0,134,6,5,2025-04-11,2025-04 중순,4.4776
192490,제임슨700ml,양주와인,양주,128,79,161.0,109,14,5,2025-04-11,2025-04 중순,12.844
111990,오리온)오징어땅콩98g,과자,스낵류,104,36,161.0,59,33,5,2025-04-11,2025-04 중순,55.9322
108715,크라운)국희고소한땅콩샌드93g,과자,비스킷류,125,55,161.0,76,32,2,2025-04-11,2025-04 중순,42.1053
109155,울트라더블빅불고기버거,조리빵,햄버거,118,51,161.0,84,27,1,2025-04-11,2025-04 중순,32.1429
108494,맛장우도시락 고기(肉)올인원,미반,도시락,136,92,160.0,116,13,4,2025-04-11,2025-04 중순,11.2069
094262,프레시팜)착한한끼두부300g,신선,야채,111,41,159.0,72,30,2,2025-04-11,2025-04 중순,41.6667
094522,프레시팜)착한달걀15입(대란),신선,수축산/계란,132,41,158.0,92,25,2,2025-04-11,2025-04 중순,27.1739
109253,PB)불짜계치(6인분)745g,면,용기면,123,23,156.0,106,16,1,2025-04-11,2025-04 중순,15.0943
014251,그린)스팸김치볶음김밥,미반,김밥,117,49,156.0,70,31,3,2025-04-11,2025-04 중순,44.2857
014255,그린)참치마요햄말이주먹밥,미반,삼각김밥,124,63,156.0,86,24,4,2025-04-11,2025-04 중순,27.907
107139,롯데)짜빙수130ml,아이스크림,노벨티,121,78,155.0,90,21,4,2025-04-11,2025-04 중순,23.3333
201382,동원)오미자차500ml,음료,전통음료,106,46,155.0,69,30,1,2025-04-11,2025-04 중순,43.4783
108444,롯데)맛장우삼각더커진제육볶음,미반,삼각김밥,113,49,154.0,63,33,3,2025-04-11,2025-04 중순,52.381
107291,제스트)도쿄브레드메이플빵,빵,간식빵,122,66,154.0,88,16,12,2025-04-11,2025-04 중순,18.1818
210030,오뚜기)열라면(봉지),면,봉지면,116,44,154.0,69,33,0,2025-04-11,2025-04 중순,47.8261
123742,NEW갈비맛닭강정,미반,푸드 간편식,144,80,154.0,109,17,4,2025-04-11,2025-04 중순,15.5963
132284,삼양)불닭볶음면소컵,면,용기면,110,47,153.0,61,33,3,2025-04-11,2025-04 중순,54.0984
109731,PB)바닐라라떼콘디카페인170ml,아이스크림,노벨티,111,47,153.0,70,22,12,2025-04-11,2025-04 중순,31.4286
112098,오리온)포카칩오리지널60g,과자,스낵류,106,42,152.0,55,34,4,2025-04-11,2025-04 중순,61.8182
132167,농심)튀김우동(소컵),면,용기면,99,30,152.0,60,32,1,2025-04-11,2025-04 중순,53.3333
192130,반피끼안티750ml,양주와인,와인,121,65,151.0,103,12,6,2025-04-11,2025-04 중순,11.6505
210437, 오뚜기)컵누들매콤한맛(소컵),면,용기면,108,45,150.0,70,28,2,2025-04-11,2025-04 중순,40.0
080279,대림)숯불구이맛후랑크70g,냉장,냉장간식,116,49,149.0,69,31,1,2025-04-11,2025-04 중순,44.9275
104492,롯데)몽쉘크림케익3300,과자,비스킷류,121,47,149.0,91,19,4,2025-04-11,2025-04 중순,20.8791
123491,디저트39)저당팥모나카140ml,아이스크림,노벨티,106,48,149.0,67,25,7,2025-04-11,2025-04 중순,37.3134
108483,매크로)코피코블리스터(슈가프리),과자,캔디류,108,35,149.0,75,26,1,2025-04-11,2025-04 중순,34.6667
108698,엔제이)훗카이도바나나카스테라,빵,간식빵,108,52,148.0,70,23,8,2025-04-11,2025-04 중순,32.8571
192644,7P)스트롱사와라임500ml,양주와인,하이볼,112,56,148.0,82,15,12,2025-04-11,2025-04 중순,18.2927
105638,삼립)스크램블소시지샌드,조리빵,샌드위치,115,54,148.0,78,23,5,2025-04-11,2025-04 중순,29.4872
120103,제스트)도쿄브레드메론빵,빵,간식빵,110,54,147.0,76,18,11,2025-04-11,2025-04 중순,23.6842
125051,사천식마파두부덮밥,미반,도시락,103,52,146.0,77,20,5,2025-04-16,2025-04 중순,25.974
053168,왕빅도그오리지날,즉석 식품,즉석치킨,104,34,146.0,57,31,4,2025-04-11,2025-04 중순,54.386
124619,포켓델리치킨난반,미반,푸드 간편식,131,97,146.0,117,7,5,2025-04-11,2025-04 중순,5.9829
113847,오리온)닥터유다이제초코225g,과자,비스킷류,107,30,145.0,63,30,2,2025-04-11,2025-04 중순,47.619
201668,농심)오이오차녹차525ml,음료,차음료,104,37,145.0,68,23,7,2025-04-11,2025-04 중순,33.8235
053220,사세)매콤순살꼬치,즉석 식품,즉석치킨,110,38,145.0,72,27,1,2025-04-11,2025-04 중순,37.5
211037,롯데)월드콘CVS160ml,아이스크림,노벨티,113,48,145.0,74,26,2,2025-04-11,2025-04 중순,35.1351
116320,오리온)도도한나쵸사워어니언92g,과자,스낵류,101,51,145.0,63,30,0,2025-04-11,2025-04 중순,47.619
021695,삼립)아메리칸베이컨체다버거,조리빵,햄버거,122,52,145.0,77,26,3,2025-04-11,2025-04 중순,33.7662
201993,동원)동원샘물500ml,음료,생수,108,48,145.0,69,28,1,2025-04-11,2025-04 중순,40.5797
070425,서울)비요뜨초코링138g,유음료,요구르트,115,50,145.0,87,20,2,2025-04-11,2025-04 중순,22.9885
109279,롯데)찰떡아이스부여알밤90ml,아이스크림,노벨티,115,53,144.0,77,21,7,2025-04-11,2025-04 중순,27.2727
123538,라파우라 스프링스 소비뇽 블랑,양주와인,와인,119,76,144.0,100,9,9,2025-04-11,2025-04 중순,9.0
315354,K)릴 하이브리드3(카민레드),담배,전자담배,119,60,144.0,99,14,3,2025-04-11,2025-04 중순,14.1414
014281,그린)참치김치햄말이주먹밥,미반,삼각김밥,112,61,143.0,86,17,5,2025-04-11,2025-04 중순,19.7674
061417,서울)커피우유300ml,유음료,가공우유,107,44,143.0,68,27,2,2025-04-11,2025-04 중순,39.7059
083775,삼립)로켓단초코롤85g,빵,간식빵,94,42,142.0,53,28,6,2025-04-11,2025-04 중순,52.8302
123490,신년운세떡만둣국,미반,푸드 간편식,118,65,142.0,96,17,0,2025-04-11,2025-04 중순,17.7083
115478,육즙가득삼겹살쌈장김밥,미반,김밥,110,62,142.0,77,20,6,2025-04-11,2025-04 중순,25.974
140239,오뚜기)발아흑미밥210g,가공식품,가공미반류,98,42,142.0,63,27,2,2025-04-11,2025-04 중순,42.8571
108514,삼립)메가불고기피자버거,조리빵,햄버거,105,50,141.0,66,27,2,2025-04-11,2025-04 중순,40.9091
124360,오뚜기)컵누들참깨라면소컵,면,용기면,108,47,141.0,70,25,3,2025-04-11,2025-04 중순,35.7143
053204,델리숯불닭꼬치,즉석 식품,즉석치킨,102,42,141.0,55,31,3,2025-04-11,2025-04 중순,56.3636
170452,HN)버지미스터500ml캔,맥주,수입맥주,125,63,140.0,100,14,3,2025-04-11,2025-04 중순,14.0
106867,삼양)맵탱청양고추대파라면봉지,면,봉지면,111,42,140.0,72,23,5,2025-04-11,2025-04 중순,31.9444
115643,롯데)제크100g,과자,비스킷류,104,44,139.0,64,28,1,2025-04-11,2025-04 중순,43.75
124563,해태)자가비사워크림맛45g,과자,스낵류,105,53,139.0,69,19,10,2025-04-11,2025-04 중순,27.5362
109799,에이스)한입미니도나스18g,빵,구움과자,119,53,139.0,71,26,4,2025-04-11,2025-04 중순,36.6197
053219,사세)순살꼬치,즉석 식품,즉석치킨,107,44,138.0,71,25,1,2025-04-11,2025-04 중순,35.2113
124524,G)설화병크랜베리90g,과자,캔디류,101,46,137.0,74,18,6,2025-04-12,2025-04 중순,24.3243
103841,농심)멘토스(미니)200,과자,캔디류,85,29,137.0,48,30,2,2025-04-12,2025-04 중순,62.5
201429,칠성)펩시콜라355ml,음료,탄산음료,105,43,137.0,62,28,2,2025-04-11,2025-04 중순,45.1613
113252,롯데)더커진육즙가득삼겹살삼각,미반,삼각김밥,107,51,136.0,72,24,1,2025-04-11,2025-04 중순,33.3333
123564,롯데)맛장우김밥매콤제육,미반,김밥,110,44,135.0,70,24,3,2025-04-11,2025-04 중순,34.2857
062287,풀무원)요거톡스타볼132g,유음료,요구르트,108,58,135.0,76,19,5,2025-04-11,2025-04 중순,25.0
124765,초코텍)퍼지초코100g,과자,초콜릿,109,58,134.0,80,20,1,2025-04-11,2025-04 중순,25.0
090024,해태)고향만두,냉동,냉동만두,101,35,132.0,67,24,1,2025-04-11,2025-04 중순,35.8209
124618,포켓델리햄&포테이토샐러드,미반,푸드 간편식,121,88,132.0,103,8,5,2025-04-11,2025-04 중순,7.767
013196,유부초밥4입,미반,초밥류,112,65,132.0,87,13,6,2025-04-11,2025-04 중순,14.9425
124759,이즐)까까맛교통카드(설레임),서비스 상품,일반서비스,113,82,132.0,92,13,3,2025-04-11,2025-04 중순,14.1304
107691,K)릴 하이브리드3(비앙카화이트),담배,전자담배,131,57,132.0,125,1,3,2025-04-11,2025-04 중순,0.8
061344,다논)액티비아업딸기210ml,유음료,요구르트,94,46,132.0,55,26,4,2025-04-11,2025-04 중순,47.2727
124082,PB)밀크딸기콘170ml,아이스크림,노벨티,110,54,132.0,73,18,8,2025-04-11,2025-04 중순,24.6575
123919,그린)더커진짜계치삼각김밥,미반,삼각김밥,100,49,132.0,56,27,4,2025-04-11,2025-04 중순,48.2143
191932,금양)신퀀타750ml,양주와인,와인,118,56,132.0,106,5,6,2025-04-11,2025-04 중순,4.717
191767,디아)라가불린16년700ml,양주와인,양주,122,51,132.0,117,5,0,2025-04-11,2025-04 중순,4.2735
105700,참치인가샌드위치,조리빵,샌드위치,103,67,131.0,80,14,6,2025-04-11,2025-04 중순,17.5
106639,오뚜기)골드치킨마요덮밥(컵밥),가공식품,가공미반류,111,30,131.0,84,17,2,2025-04-11,2025-04 중순,20.2381
132673,삼양)네가지치즈불닭볶음면(큰컵,면,용기면,80,33,130.0,47,29,0,2025-04-11,2025-04 중순,61.7021
124554,PB)바밤바알밤크림빵110g,빵,간식빵,100,42,130.0,68,19,6,2025-04-11,2025-04 중순,27.9412
113133,믹터스 스몰배치 버번 700ml,양주와인,양주,108,54,129.0,86,11,7,2025-04-11,2025-04 중순,12.7907
202714,코카)코카콜라제로레몬500ml,음료,탄산음료,93,37,129.0,62,20,6,2025-04-11,2025-04 중순,32.2581
113855,해태)포키극세,과자,비스킷류,96,33,129.0,53,26,5,2025-04-11,2025-04 중순,49.0566
124961,포켓델리푸실리파스타샐러드,미반,푸드 간편식,119,94,129.0,110,4,4,2025-04-11,2025-04 중순,3.6364
107171,그린)참치김치볶음밥&치킨마요,미반,삼각김밥,105,44,129.0,59,26,4,2025-04-11,2025-04 중순,44.0678
124566,오뚜기)보들보들치즈볶음면매운맛,면,용기면,92,40,128.0,59,24,2,2025-04-11,2025-04 중순,40.678
123743,그린)기본김밥,미반,김밥,108,43,127.5,66,24,2,2025-04-11,2025-04 중순,36.3636
201737,PB)아이시스2L(6입),음료,생수,91,34,127.0,50,28,2,2025-04-11,2025-04 중순,56.0
191943,배비치 말보로 쇼비뇽블랑,양주와인,와인,104,68,126.5,88,8,7,2025-04-11,2025-04 중순,9.0909
132839,삼양)맵탱흑후추소고기라면큰컵,면,용기면,96,47,126.0,54,21,10,2025-04-11,2025-04 중순,38.8889
109490,탱글탱글새우버거,조리빵,햄버거,97,42,126.0,66,22,1,2025-04-11,2025-04 중순,33.3333
108589,PB)착한닭가슴살(블랙페퍼),냉장,냉장간식,102,43,126.0,77,14,6,2025-04-11,2025-04 중순,18.1818
109820,하림)마라쌀볶음면큰컵,면,용기면,101,47,125.0,75,16,4,2025-04-11,2025-04 중순,21.3333
124335,에이트)벤토불징어맛7g,안주,생선류,94,42,123.0,59,24,1,2025-04-11,2025-04 중순,40.678
115920,농심)매운새우깡90g,과자,스낵류,96,39,123.0,48,30,1,2025-04-11,2025-04 중순,62.5
106638,코카)코카콜라체리제로500ml,음료,탄산음료,85,33,122.0,51,24,3,2025-04-11,2025-04 중순,47.0588
112119,크라운)새콤달콤딸기29g,과자,캔디류,83,25,122.0,43,29,1,2025-04-11,2025-04 중순,67.4419
021803,롯데)더블치즈불고기버거,조리빵,햄버거,106,35,122.0,68,20,4,2025-04-11,2025-04 중순,29.4118
123592,롯데)베스트콤보샌드,조리빵,샌드위치,103,52,121.0,77,13,6,2025-04-11,2025-04 중순,16.8831
202754,코카)환타제로파인355ml캔,음료,탄산음료,93,36,121.0,54,25,2,2025-04-11,2025-04 중순,46.2963
210057,팔도)왕뚜껑,면,용기면,70,28,121.0,36,29,1,2025-04-11,2025-04 중순,80.5556
132837,삼양)맵탱흑후추소고기라면(봉지,면,봉지면,91,37,120.0,58,23,1,2025-04-11,2025-04 중순,39.6552
124769,크라운)마이쮸써니피치44g,과자,캔디류,79,26,120.0,45,25,3,2025-04-11,2025-04 중순,55.5556
124958,롯데)새로소주다래360ml병,전통주,기타전통주,112,61,120.0,82,11,8,2025-04-11,2025-04 중순,13.4146
062110,빙그레)닥터캡슐사과130ml,유음료,요구르트,80,32,120.0,55,21,2,2025-04-11,2025-04 중순,38.1818
201275,광동)제주삼다수500ml,음료,생수,80,30,119.0,50,24,1,2025-04-11,2025-04 중순,48.0
061561,덴마크)딸기딸기우유300ml,유음료,가공우유,101,44,119.0,62,21,4,2025-04-11,2025-04 중순,33.871
052555,마일드넓적다리,즉석 식품,즉석치킨(삭제예정),85,38,118.0,59,19,3,2025-04-11,2025-04 중순,32.2034
108750,의성마늘프랑크김밥,미반,김밥,91,48,118.0,61,18,5,2025-04-11,2025-04 중순,29.5082
124764,삼립)순백우유식빵(6입),빵,식빵,88,36,117.0,62,18,3,2025-04-11,2025-04 중순,29.0323
109875,삼립)더블에그햄샌드위치,조리빵,샌드위치,103,51,116.0,73,16,3,2025-04-11,2025-04 중순,21.9178
210337,오뚜기)참깨라면큰컵,면,용기면,87,34,116.0,49,24,3,2025-04-11,2025-04 중순,48.9796
124744,PB)산리오포차코아망추망고350ml,음료,차음료,88,40,115.0,58,18,5,2025-04-11,2025-04 중순,31.0345
107127,PB)얼음컵(레귤러),즉석음료,얼음,71,30,115.0,43,25,0,2025-04-11,2025-04 중순,58.1395
112406,롯데)골드후라이드치킨버거3.0,조리빵,햄버거,95,47,115.0,64,16,5,2025-04-11,2025-04 중순,25.0
107704,삼립)그릴후랑크70g,냉장,냉장간식,87,42,114.0,59,20,1,2025-04-11,2025-04 중순,33.8983
192655,무학)드보밀레짐빈티지14,양주와인,와인,113,65,114.0,101,1,7,2025-04-11,2025-04 중순,0.9901
107391,롯데)맛장우김밥더블햄마요,미반,김밥,98,40,113.0,65,18,3,2025-04-11,2025-04 중순,27.6923
210445,오뚜기)스파게티큰컵,면,용기면,78,30,113.0,38,25,5,2025-04-12,2025-04 중순,65.7895
109582,신동엽)블랙서클하이볼오리지널350ml캔,양주와인,하이볼,89,50,113.0,66,13,6,2025-04-11,2025-04 중순,19.697
202391,칠성)칠성사이다제로355ml,음료,탄산음료,83,40,112.0,50,23,1,2025-04-11,2025-04 중순,46.0
124561,농심)마라짜파게티큰사발,면,용기면,82,41,112.0,57,17,4,2025-04-11,2025-04 중순,29.8246
123407,삼립)잘익은참쑥이야기110g,빵,간식빵,88,29,111.0,67,14,3,2025-04-11,2025-04 중순,20.8955
124509,신세계)프레스코발디 니포짜노끼안티21 ,양주와인,와인,102,36,111.0,93,6,1,2025-04-11,2025-04 중순,6.4516
109680,티머니_산리오키링(포차코),서비스 상품,일반서비스,97,84,111.0,87,4,6,2025-04-11,2025-04 중순,4.5977
109457,그린)참치김치볶음밥에그말이,미반,삼각김밥,96,44,111.0,64,19,1,2025-04-11,2025-04 중순,29.6875
107703,롯데)맛장우삼각더커진소고기고추장,미반,삼각김밥,76,41,110.0,46,22,2,2025-04-11,2025-04 중순,47.8261
123738,CJ)비비고군만두315g,냉동,냉동만두,84,41,110.0,54,20,2,2025-04-11,2025-04 중순,37.037
202625,웅진)자연은더말린복숭아500ml,음료,주스,83,36,110.0,53,21,1,2025-04-11,2025-04 중순,39.6226
170921,아사히)아사히생맥주캔340ml,맥주,수입맥주,90,52,110.0,68,16,0,2025-04-11,2025-04 중순,23.5294
124327,샤또 브랑깡뜨냑18,양주와인,와인,89,48,109.0,78,9,2,2025-04-11,2025-04 중순,11.5385
132155,농심)무파마탕면봉지,면,봉지면,97,22,109.0,59,22,0,2025-04-11,2025-04 중순,37.2881
013833,불고기크래미불닭유부,미반,김밥,99,63,109.0,91,5,2,2025-04-11,2025-04 중순,5.4945
132456,삼양)까르보불닭볶음면봉지,면,봉지면,79,31,109.0,50,22,0,2025-04-11,2025-04 중순,44.0
132848,삼양)맵탱청양고추대파라면큰컵,면,용기면,90,39,108.0,62,14,6,2025-04-11,2025-04 중순,22.5806
115924,농심)포스틱84g,과자,스낵류,76,32,108.0,41,24,2,2025-04-11,2025-04 중순,58.5366
108461,인테)코코제로망고340ml,음료,주스,84,35,108.0,46,22,4,2025-04-11,2025-04 중순,47.8261
123802,그린)초코딸기샌드,조리빵,샌드위치,89,58,108.0,69,11,5,2025-04-11,2025-04 중순,15.942
124785,하이트)머드하우스라파우라쇼비뇽블랑750ml,양주와인,와인,86,39,107.0,69,10,5,2025-04-11,2025-04 중순,14.4928
192102,앙리마티스하트750ml,양주와인,와인,92,58,107.0,77,6,7,2025-04-11,2025-04 중순,7.7922
106471,PB)산리오레몬아이스티제로350ml,음료,주스,78,38,107.0,52,18,3,2025-04-11,2025-04 중순,34.6154
106989,그린)킹장우치킨마요삼각,미반,삼각김밥,79,35,106.0,46,21,3,2025-04-11,2025-04 중순,45.6522
105748,지비)귀달베르토750ml,양주와인,와인,112,62,106.0,100,0,6,2025-04-11,2025-04 중순,0.0
132303,농심)사리곰탕면봉지,면,봉지면,85,21,105.0,49,23,0,2025-04-11,2025-04 중순,46.9388
141244,오뚜기)오곡밥210g,가공식품,가공미반류,89,38,105.0,60,17,2,2025-04-11,2025-04 중순,28.3333
107692,K)릴 하이브리드3(누아르블랙),담배,전자담배,104,49,105.0,100,0,3,2025-04-11,2025-04 중순,0.0
108365,우진)지오도라퀸타20/21 750ml,양주와인,와인,97,54,105.0,86,6,2,2025-04-11,2025-04 중순,6.9767
107817,K리그산리오)인형 키링_포차코,문구/완구,일반완구,95,63,104.0,83,3,7,2025-04-11,2025-04 중순,3.6145
092869,풀무원)소가찌개두부290g,신선,야채,75,31,104.0,53,16,3,2025-04-11,2025-04 중순,30.1887
105947,맛장우김밥매콤제육,미반,김밥,76,40,104.0,55,16,2,2025-04-11,2025-04 중순,29.0909
115925,농심)양파링80g,과자,스낵류,68,26,104.0,31,26,2,2025-04-11,2025-04 중순,83.871
132835,PB)#대파열라면큰컵,면,용기면,86,46,104.0,57,16,4,2025-04-11,2025-04 중순,28.0702
191618,롯데)앙리마티스나디아(화이트)7,양주와인,와인,92,51,104.0,73,5,10,2025-04-11,2025-04 중순,6.8493
124760,이즐)까까맛교통카드(가나),서비스 상품,일반서비스,85,42,104.0,59,14,5,2025-04-11,2025-04 중순,23.7288
106842,시원)흔들어먹는젤리소다포도280ml,음료,탄산음료,76,32,103.0,56,13,5,2025-04-11,2025-04 중순,23.2143
161260,칠성)레쓰비마일드200ml,음료,커피음료,63,14,103.0,34,23,2,2025-04-11,2025-04 중순,67.6471
123561,롯데)참치김밥,미반,김밥,78,38,103.0,52,17,3,2025-04-11,2025-04 중순,32.6923
108527,PB)푸하하통단팥크림빵125g,디저트,냉장베이커리,78,41,102.0,52,13,8,2025-04-11,2025-04 중순,25.0
062575,PB)앙리마티스카페라떼250ml,유음료,컵커피,76,29,102.0,55,17,0,2025-04-11,2025-04 중순,30.9091
123934,CJ)맥스봉고소한치즈후랑크65g,냉장,냉장간식,77,27,102.0,52,18,1,2025-04-11,2025-04 중순,34.6154
119586,PB)바프허니버터팝콘80g,과자,스낵류,83,41,102.0,50,19,3,2025-04-11,2025-04 중순,38.0
124032,에프투)검은콩두유190ml,유음료,두유,78,41,102.0,51,18,2,2025-04-11,2025-04 중순,35.2941
124118,오뚜기)컵누들짬뽕맛소컵,면,용기면,76,25,101.0,52,16,3,2025-04-11,2025-04 중순,30.7692
200718,웅진)오곡누룽지500ml,음료,차음료,70,35,101.0,41,20,3,2025-04-11,2025-04 중순,48.7805
132281,PB)우리쌀누룽지(큰컵),가공식품,가공미반류,70,27,100.0,49,18,0,2025-04-12,2025-04 중순,36.7347
109470,G)마루짱유부우동94g,면,용기면,73,30,100.0,44,13,11,2025-04-11,2025-04 중순,29.5455
124070,롯데)닭강정김밥,미반,김밥,86,46,100.0,60,12,6,2025-04-11,2025-04 중순,20.0
109276,롯데)뚠뚠햄치즈&참치샌드,조리빵,샌드위치,84,27,100.0,54,19,0,2025-04-11,2025-04 중순,35.1852
061365,서울)딸기우유300ml,유음료,가공우유,79,34,100.0,50,19,1,2025-04-11,2025-04 중순,38.0
124863,조니워커블랙셰리패키지,양주와인,양주,79,56,100.0,67,9,3,2025-04-11,2025-04 중순,13.4328
108657,롯데)빅모짜치즈불고기버거,조리빵,햄버거,82,35,99.5,51,18,2,2025-04-11,2025-04 중순,35.2941
124977,오뚜기)콘크림스프크리스피롤55g,과자,스낵류,64,24,99.0,36,19,5,2025-04-11,2025-04 중순,52.7778
107399,맛장우김밥 더블햄마요,미반,김밥,81,47,99.0,59,14,2,2025-04-11,2025-04 중순,23.7288
070751,동서)스타벅스라떼컵200ml,유음료,컵커피,63,21,99.0,35,23,0,2025-04-11,2025-04 중순,65.7143
117151,해태)오예스360g,과자,비스킷류,71,11,99.0,48,17,2,2025-04-11,2025-04 중순,35.4167
132149,농심)신라면큰사발,면,용기면,67,24,99.0,39,22,0,2025-04-11,2025-04 중순,56.4103
124766,초코텍)퍼지딸기100g,과자,초콜릿,78,44,98.5,57,13,3,2025-04-11,2025-04 중순,22.807
107166,서울)커피타운바닐라250ml,유음료,컵커피,77,37,98.0,48,19,1,2025-04-11,2025-04 중순,39.5833
083821,삼립)신선가득꿀호떡200g,빵,간식빵,79,33,97.0,46,18,4,2025-04-11,2025-04 중순,39.1304
114539,투핸즈 엔젤스 쉐어750ml,양주와인,와인,75,44,96.0,60,9,5,2025-04-11,2025-04 중순,15.0
104390,크라운)콘칩1500,과자,스낵류,64,28,96.0,33,22,2,2025-04-11,2025-04 중순,66.6667
191572,롯데)일그리지오끼안티750ml,양주와인,와인,96,69,96.0,88,1,4,2025-04-11,2025-04 중순,1.1364
124680,키노비오리지널진700ml,양주와인,양주,78,50,95.0,63,11,1,2025-04-11,2025-04 중순,17.4603
132209,오뚜기)참깨라면봉지,면,봉지면,69,21,95.0,43,18,2,2025-04-12,2025-04 중순,41.8605
192111,윌리엄)발베니 더블우드 12년,양주와인,양주,95,54,95.0,83,0,8,2025-04-11,2025-04 중순,0.0
070091,서울)흰우유500ml,유음료,흰우유,70,23,95.0,35,20,5,2025-04-11,2025-04 중순,57.1429
052864,후라이드한마리720g,즉석 식품,즉석치킨(삭제예정),74,27,95.0,54,13,3,2025-04-11,2025-04 중순,24.0741
123293,현대)안유성명장김밥명란타마고,미반,김밥,87,41,94.0,62,9,7,2025-04-11,2025-04 중순,14.5161
117048,오리온)태양의맛썬핫스파이시80g,과자,스낵류,69,36,94.0,38,21,1,2025-04-11,2025-04 중순,55.2632
106862,풀무원)그릭시그니처150g,유음료,요구르트,82,39,94.0,61,12,2,2025-04-11,2025-04 중순,19.6721
113132,믹터스 스몰배치 사워 매쉬 700ml,양주와인,양주,77,47,94.0,64,7,5,2025-04-11,2025-04 중순,10.9375
108471,인테)코코제로요구르트340ml,음료,주스,82,39,94.0,46,18,4,2025-04-12,2025-04 중순,39.1304
153136,CJ)비비고한식간장김자반20g,조미료/건물,건해산물,62,38,93.0,46,15,1,2025-04-11,2025-04 중순,32.6087
124433,농심)누들핏튀김우동맛,면,용기면,79,42,93.0,60,13,0,2025-04-11,2025-04 중순,21.6667
114906,크라운)츄러스84g,과자,스낵류,63,30,93.0,41,17,2,2025-04-11,2025-04 중순,41.4634
107044,PB)오백바레모네이드맛70ml,아이스크림,노벨티,70,29,93.0,48,16,1,2025-04-11,2025-04 중순,33.3333
108654, 네슬레)다막피스타치오60G,과자,초콜릿,82,36,93.0,52,17,1,2025-04-11,2025-04 중순,32.6923
061364,서울)초코우유300ml,유음료,가공우유,66,25,92.0,44,16,2,2025-04-11,2025-04 중순,36.3636
107378,K)릴 에이블2 (코튼블루),담배,전자담배,76,31,92.0,67,7,2,2025-04-11,2025-04 중순,10.4478
014247,더꽉찬직화불고기김밥,미반,김밥,69,35,92.0,52,12,3,2025-04-11,2025-04 중순,23.0769
112100,오리온)포카칩양파맛60g,과자,스낵류,60,23,92.0,33,20,2,2025-04-11,2025-04 중순,60.6061
220530,CJ)작은햇반130g,가공식품,가공미반류,61,19,92.0,33,18,5,2025-04-12,2025-04 중순,54.5455
061343,다논)액티비아업플레인210ml,유음료,요구르트,69,37,92.0,45,17,1,2025-04-11,2025-04 중순,37.7778
109146,이가)더블알리오올리오196.5g,냉장,냉장간편식,85,57,91.0,66,5,8,2025-04-11,2025-04 중순,7.5758
109616,PB)착한핫도그75g,냉동,조리냉동,67,22,90.0,44,15,3,2025-04-11,2025-04 중순,34.0909
053205,매콤숯불닭꼬치,즉석 식품,즉석치킨,66,23,90.0,37,19,2,2025-04-11,2025-04 중순,51.3514
191500,뽀므리브뤼로얄750,양주와인,와인,77,50,90.0,66,5,5,2025-04-11,2025-04 중순,7.5758
111992,롯데)목캔디(오리지날),과자,캔디류,60,24,89.0,33,20,1,2025-04-11,2025-04 중순,60.6061
061711,덴마크)초코초코우유300ml,유음료,가공우유,66,36,89.0,45,14,3,2025-04-11,2025-04 중순,31.1111
220653,오뚜기)오뚜기밥210g,가공식품,가공미반류,74,37,89.0,44,18,1,2025-04-11,2025-04 중순,40.9091
109679,티머니_산리오키링(시나모롤),서비스 상품,일반서비스,74,53,88.0,62,8,2,2025-04-11,2025-04 중순,12.9032
132164,농심)사리곰탕큰사발면,면,용기면,63,22,88.0,34,20,1,2025-04-11,2025-04 중순,58.8235
125111,뚠뚠치킨&에그샌드,조리빵,샌드위치,74,44,88.0,66,6,2,2025-04-15,2025-04 중순,9.0909
062468,동서)스타벅스라떼320ml,유음료,컵커피,61,23,87.0,36,19,0,2025-04-11,2025-04 중순,52.7778
123753,삼립)메가불고기에그버거,조리빵,햄버거,66,28,87.0,37,19,1,2025-04-11,2025-04 중순,51.3514
109107,그린)울트라더블빅불고기버거,조리빵,햄버거,69,32,86.0,46,15,1,2025-04-11,2025-04 중순,32.6087
110750,오리온)닥터유에너지바40g,과자,프로틴/시리얼,61,19,86.0,32,20,1,2025-04-11,2025-04 중순,62.5
117090,농심)신라면툼바봉지,면,봉지면,81,21,86.0,48,17,1,2025-04-11,2025-04 중순,35.4167
083771,PB)쏘스윗카스테라160g,빵,간식빵,74,41,86.0,57,10,2,2025-04-11,2025-04 중순,17.5439
109215,선우)카다이프하트초콜릿80g,과자,초콜릿,69,13,85.0,54,10,2,2025-04-11,2025-04 중순,18.5185
990124,"푸드전용 금액권 10,000원",기타,판촉물,79,68,85.0,76,3,0,2025-04-11,2025-04 중순,3.9474
202502,동원)테이크얼라이브스위티자몽5,음료,주스,58,23,85.0,38,16,1,2025-04-11,2025-04 중순,42.1053
990232,"세븐카페 금액권 10,000원",기타,판촉물,63,36,85.0,50,12,0,2025-04-11,2025-04 중순,24.0
124469,글렌드로낙캐스크바틀링1994 28년 700ml,양주와인,양주,78,58,85.0,73,2,3,2025-04-11,2025-04 중순,2.7397
124737,칠성)펩시콜라제로모히토500ml,음료,탄산음료,68,45,84.0,53,10,2,2025-04-11,2025-04 중순,18.8679
113512,맥캘란 12년 더블캐스크 700ml,양주와인,양주,73,50,84.0,65,6,1,2025-04-11,2025-04 중순,9.2308
118926,동서)리츠크래커(초코)77g,과자,비스킷류,63,31,83.0,37,15,4,2025-04-11,2025-04 중순,40.5405
118765,오리온)고래밥볶음양념맛46g,과자,비스킷류,66,30,83.0,34,18,3,2025-04-11,2025-04 중순,52.9412
123739,CJ)비비고찰보리감자만두300g,냉동,냉동만두,66,39,83.0,45,11,5,2025-04-12,2025-04 중순,24.4444
123110,치즈&치즈버거,조리빵,햄버거,61,31,83.0,40,13,4,2025-04-11,2025-04 중순,32.5
124777,오뚜기)열치즈라면큰컵,면,용기면,62,26,82.0,42,15,0,2025-04-11,2025-04 중순,35.7143
202503,동원)테이크얼라이브망고500ml,음료,주스,64,28,82.0,43,15,0,2025-04-11,2025-04 중순,34.8837
062604,덴마크)소화가잘되는우유900ml,유음료,기능성우유,63,12,82.0,42,13,3,2025-04-11,2025-04 중순,30.9524
124807,PB)버터스노우롤140g(4입),빵,간식빵,65,35,82.0,47,8,7,2025-04-11,2025-04 중순,17.0213
062567,매일)두유고단백190ml,유음료,프로틴 음료,65,15,81.0,52,9,2,2025-04-11,2025-04 중순,17.3077
106003,코카)환타제로오렌지355ml(캔),음료,탄산음료,61,22,81.0,36,16,2,2025-04-11,2025-04 중순,44.4444
108705,롯데)의성마늘프랑크김밥,미반,김밥,62,35,80.0,44,12,2,2025-04-11,2025-04 중순,27.2727
108810,올뉴빅닭강정,미반,푸드 간편식,71,38,80.0,60,7,1,2025-04-11,2025-04 중순,11.6667
052884,대향)군고구마,즉석 식품,즉석간식,62,27,80.0,45,13,0,2025-04-11,2025-04 중순,28.8889
113562,맥캘란 어 나잇 온 어스700ml,양주와인,양주,69,53,80.0,61,3,5,2025-04-11,2025-04 중순,4.918
124468,글렌드로낙캐스크바틀링1993 30년 700ml,양주와인,양주,76,61,80.0,72,0,4,2025-04-11,2025-04 중순,0.0
124480,화요3종세트(나혼렙에디션),전통주,소주,64,37,79.5,51,7,4,2025-04-11,2025-04 중순,13.7255
082505,삼립)크림빵75g,빵,간식빵,51,20,79.0,30,16,2,2025-04-11,2025-04 중순,53.3333
124745,PB)산리오마이멜로디아샷추복숭아350ml,음료,차음료,66,30,79.0,48,10,3,2025-04-11,2025-04 중순,20.8333
107818,K리그산리오)인형 키링_헬로키티,문구/완구,일반완구,61,32,79.0,50,7,4,2025-04-11,2025-04 중순,14.0
107201,신세계)앙드레끌루에엉쥬르드750ml,양주와인,와인,81,32,79.0,77,0,2,2025-04-11,2025-04 중순,0.0
220614,CJ)큰햇반300g,가공식품,가공미반류,60,23,79.0,37,14,3,2025-04-11,2025-04 중순,37.8378
109695,글렌피딕12년쉐리700ml,양주와인,양주,61,34,78.0,51,7,3,2025-04-11,2025-04 중순,13.7255
083856,삼립)잘익은찰옥수수이야기110g,빵,간식빵,60,26,78.0,45,9,4,2025-04-11,2025-04 중순,20.0
123921,그린)머쉬룸투움바비프버거,조리빵,햄버거,58,23,78.0,31,17,2,2025-04-11,2025-04 중순,54.8387
123589,롯데)모둠초밥정식,미반,초밥류,73,39,78.0,61,5,3,2025-04-11,2025-04 중순,8.1967
400960,동화)부채표까스활75ml,약품/의료품,의약외품,50,18,78.0,29,16,2,2025-04-11,2025-04 중순,55.1724
124620,하림)오늘단백초코라떼250ml,유음료,프로틴 음료,58,15,78.0,41,12,2,2025-04-12,2025-04 중순,29.2683
600322,PB)버터갈릭바게트120g,과자,스낵류,64,23,78.0,42,13,2,2025-04-12,2025-04 중순,30.9524
141021,오뚜기)참치마요덮밥(컵밥),가공식품,가공미반류,61,20,78.0,44,12,1,2025-04-11,2025-04 중순,27.2727
123767,"모바일금액권 50,000원",기타,판촉물,73,61,77.0,69,0,4,2025-04-11,2025-04 중순,0.0
109526,마즈)트윅스헤이즐넛50g,과자,초콜릿,60,32,77.0,43,12,1,2025-04-11,2025-04 중순,27.907
117267,마즈)이클립스복숭아31g,과자,캔디류,57,21,77.0,34,15,2,2025-04-11,2025-04 중순,44.1176
083847,삼립)주종발효단팥크림빵115g,빵,간식빵,57,20,77.0,34,15,2,2025-04-11,2025-04 중순,44.1176
062539,남양)아몬드데이언스위트190ml,유음료,기능성우유,70,37,77.0,45,12,3,2025-04-11,2025-04 중순,26.6667
109016,PB)피스타치오웨하스57g,과자,비스킷류,68,29,77.0,44,12,3,2025-04-11,2025-04 중순,27.2727
062133,매일)두유검은콩190ml,유음료,두유,60,20,77.0,39,14,1,2025-04-11,2025-04 중순,35.8974
211038,롯데)더블비얀코,아이스크림,노벨티,63,27,76.0,41,12,3,2025-04-11,2025-04 중순,29.2683
053120,모짜쫀득치즈볼,즉석 식품,즉석치킨,56,26,76.0,35,14,2,2025-04-11,2025-04 중순,40.0
124304,제이탑)큐브쫀득쿠키(초코쿠키)50g,디저트,냉장베이커리,63,26,76.0,52,8,1,2025-04-11,2025-04 중순,15.3846
122330,동서)맥심슈프림골드믹스,건강/기호식품,커피,68,9,76.0,59,5,2,2025-04-11,2025-04 중순,8.4746
112120,크라운)새콤달콤포도29g,과자,캔디류,52,19,76.0,30,17,0,2025-04-11,2025-04 중순,56.6667
124980,스위트)부르봉랑드샤말차16입,과자,비스킷류,54,15,75.0,40,10,3,2025-04-11,2025-04 중순,25.0
052908,농협)군고구마,즉석 식품,즉석간식,55,19,75.0,41,12,0,2025-04-11,2025-04 중순,29.2683
133747,PB)미니단무지120g,냉장,냉장간편식,56,31,75.0,35,13,3,2025-04-11,2025-04 중순,37.1429
060929,서울)흰우유1.8L,유음료,흰우유,51,23,74.0,32,13,3,2025-04-11,2025-04 중순,40.625
083832,삼립)정통보름달88g,빵,간식빵,51,19,74.0,27,17,1,2025-04-11,2025-04 중순,62.963
150954,해태)부라보바닐라160ml,아이스크림,노벨티,50,16,74.0,31,14,2,2025-04-11,2025-04 중순,45.1613
106868,러비어스)프라가500ml캔,맥주,수입맥주,70,38,74.0,63,3,2,2025-04-11,2025-04 중순,4.7619
061351,매일)바리스타로슈거250ml,유음료,컵커피,50,18,74.0,32,15,0,2025-04-11,2025-04 중순,46.875
124171,랏소베어)랜덤키링set,과자,초콜릿,58,38,73.0,48,8,1,2025-04-11,2025-04 중순,16.6667
109555,PB)착한요구르트280ml,유음료,요구르트,61,32,73.0,37,12,4,2025-04-11,2025-04 중순,32.4324
109458,그린)탱글탱글새우버거,조리빵,햄버거,63,32,73.0,41,12,2,2025-04-11,2025-04 중순,29.2683
124889,선우)푸투안초코모찌30g,과자,초콜릿,61,31,73.0,42,8,6,2025-04-11,2025-04 중순,19.0476
191865,아영)푸나무쇼비뇽블랑750ml,양주와인,와인,61,25,73.0,44,4,10,2025-04-12,2025-04 중순,9.0909
124391,그린)듬뿍크래미유부초밥,미반,초밥류,54,29,73.0,38,12,1,2025-04-11,2025-04 중순,31.5789
141542,오뚜기)카레컵밥,가공식품,가공미반류,54,24,72.0,34,13,2,2025-04-11,2025-04 중순,38.2353
124033,에프투)호두아몬드두유190ml,유음료,두유,56,27,72.0,35,13,2,2025-04-11,2025-04 중순,37.1429
102820,롯데)빵빠레소프트바바닐라,아이스크림,노벨티,53,18,71.0,35,12,2,2025-04-11,2025-04 중순,34.2857
115744,오리온)초코파이2입,과자,비스킷류,55,19,71.0,31,16,0,2025-04-11,2025-04 중순,51.6129
119910,롯데)마가렛트176g(8입),과자,비스킷류,58,22,71.0,39,12,1,2025-04-11,2025-04 중순,30.7692
600605,PB)파이리달콤한초코별82g,과자,스낵류,60,29,71.0,33,14,3,2025-04-11,2025-04 중순,42.4242
124706,지지)XXL슈퍼슈프림피자,간식,냉장피자,56,24,71.0,35,9,7,2025-04-11,2025-04 중순,25.7143
070123,정식품)베지밀A(병)190ml,유음료,두유,51,21,71.0,30,14,2,2025-04-11,2025-04 중순,46.6667
111179,CJ)만능계란볶음밥200g,냉동,냉동간편식,54,25,71.0,42,8,3,2025-04-11,2025-04 중순,19.0476
132057,오뚜기)치즈볶이큰컵,면,용기면,60,23,71.0,36,14,1,2025-04-11,2025-04 중순,38.8889
014622,롯데)유부초밥4입,미반,초밥류,58,30,71.0,41,11,1,2025-04-11,2025-04 중순,26.8293
124356,듬뿍에그유부초밥,미반,초밥류,52,31,71.0,40,10,1,2025-04-15,2025-04 중순,25.0
070730,매일)바리스타모카프레소250ml,유음료,컵커피,60,21,70.0,36,13,2,2025-04-11,2025-04 중순,36.1111
104486,롯데)몽쉘카카오3300,과자,비스킷류,55,23,70.0,36,11,3,2025-04-11,2025-04 중순,30.5556
191828,CSR)텍스트북까버네750ml,양주와인,와인,62,22,69.0,54,2,5,2025-04-11,2025-04 중순,3.7037
124134,닭강정김밥,미반,김밥,64,38,69.0,44,9,3,2025-04-11,2025-04 중순,20.4545
106025,서주)허쉬초코앤쿠키콘150ml,아이스크림,노벨티,50,16,68.0,31,11,4,2025-04-11,2025-04 중순,35.4839
202732,PB)내몸애70% 500ml,음료,생수,64,35,68.0,40,13,0,2025-04-11,2025-04 중순,32.5
073305,CJ)닭가슴살소시지(청양고추)80g,냉장,냉장간식,56,31,68.0,39,10,2,2025-04-11,2025-04 중순,25.641
132828,농심)신라면더레드125g,면,봉지면,55,21,68.0,36,12,1,2025-04-11,2025-04 중순,33.3333
105780,하림)더미식묵은지두부김치찌개350g,가공식품,상온간편식,57,44,68.0,51,5,1,2025-04-11,2025-04 중순,9.8039
123927,삼립)바나나블루베리샌드,조리빵,샌드위치,56,27,68.0,41,9,2,2025-04-11,2025-04 중순,21.9512
071465,진주햄)천하장사28g,냉장,냉장간식,48,18,68.0,30,14,0,2025-04-11,2025-04 중순,46.6667
160141,오츠카)포카리스웨트1.5L,음료,스포츠음료,46,22,68.0,32,11,2,2025-04-11,2025-04 중순,34.375
107684,K리그)산리오캐리어(포차코),과자,캔디류,56,21,67.0,45,6,3,2025-04-11,2025-04 중순,13.3333
106555,종근당)멀티비타부스터샷20ML,건강/기호식품,건강/이너뷰티,50,26,67.0,39,9,1,2025-04-11,2025-04 중순,23.0769
132221,농심)사천짜파게티큰사발,면,용기면,55,26,67.0,39,11,0,2025-04-11,2025-04 중순,28.2051
106470,PB)산리오복숭아아이스티제로350ml,음료,주스,57,27,67.0,44,6,4,2025-04-11,2025-04 중순,13.6364
121872,이노엔)컨디션환1입,건강/기호식품,숙취해소제,55,29,67.0,39,11,0,2025-04-12,2025-04 중순,28.2051
119573,동서)리츠화이트샌드77g,과자,비스킷류,54,22,67.0,38,9,3,2025-04-11,2025-04 중순,23.6842
062545,hy)쉼230ml,유음료,기능성우유,45,19,67.0,29,12,2,2025-04-11,2025-04 중순,41.3793
107159,서울)커피타운모카250ml,유음료,컵커피,54,19,66.5,32,13,1,2025-04-11,2025-04 중순,40.625
124704,종근당건강)아임비타에너지샷150ml,음료,기능성드링크,49,21,66.0,34,11,1,2025-04-11,2025-04 중순,32.3529
070090,서울)흰우유200ml,유음료,흰우유,50,18,65.0,20,15,5,2025-04-11,2025-04 중순,75.0
105003,옛날치킨한마리550g,즉석 식품,즉석치킨(삭제예정),52,29,65.0,45,6,1,2025-04-11,2025-04 중순,13.3333
124489,안유성)나폴리탄파스타230g,간식,냉장피자,51,25,65.0,36,11,0,2025-04-11,2025-04 중순,30.5556
118342,농심)벌집핏자90g,과자,스낵류,60,29,65.0,30,14,3,2025-04-11,2025-04 중순,46.6667
113846,오리온)닥터유다이제2000,과자,비스킷류,47,13,65.0,27,13,2,2025-04-11,2025-04 중순,48.1481
150929,해태)누가바70ml,아이스크림,노벨티,50,26,65.0,30,13,1,2025-04-11,2025-04 중순,43.3333
141152,오뚜기)차돌강된장보리밥컵밥,가공식품,가공미반류,55,36,64.0,40,9,1,2025-04-11,2025-04 중순,22.5
102863,롯데)빵빠레소프트바초코,아이스크림,노벨티,62,37,64.0,48,6,2,2025-04-11,2025-04 중순,12.5
390811,PB)키친타올150매*4롤,위생용품,티슈,46,10,64.0,37,9,0,2025-04-11,2025-04 중순,24.3243
202624,웅진)자연은더말린자몽500ml,음료,주스,50,23,64.0,32,11,2,2025-04-11,2025-04 중순,34.375
053069,양념닭강정세트,즉석 식품,즉석치킨(삭제예정),50,17,64.0,39,9,0,2025-04-11,2025-04 중순,23.0769
124727,SB)닭가슴살타코랩샌드,조리빵,샐러드모닝랩,54,31,63.0,45,6,1,2025-04-11,2025-04 중순,13.3333
124037,종근당)락토핏마시는유산균사과130ml,유음료,요구르트,48,25,63.0,32,11,1,2025-04-11,2025-04 중순,34.375
109699,글렌피딕21년그랑레제르바700ml,양주와인,양주,48,35,63.0,38,5,5,2025-04-11,2025-04 중순,13.1579
125119,럭히밥떡볶이김밥,미반,김밥,45,19,63.0,34,10,0,2025-04-18,2025-04 중순,29.4118
116687,크라운)키커바 녹차1000,과자,초콜릿,48,13,63.0,34,10,1,2025-04-12,2025-04 중순,29.4118
114915,오리온)스윙칩핫볶음고추장맛150,과자,스낵류,44,18,63.0,21,14,3,2025-04-11,2025-04 중순,66.6667
119524,PB)고메버터팝콘90g,과자,스낵류,54,26,63.0,38,8,3,2025-04-11,2025-04 중순,21.0526
202371,칠성)칠성사이다제로500ml,음료,탄산음료,59,48,62.0,41,9,1,2025-04-11,2025-04 중순,21.9512
210394,오뚜기)라면볶이큰컵,면,용기면,38,16,62.0,21,13,2,2025-04-12,2025-04 중순,61.9048
124254,맥캘란 18년 셰리오크,양주와인,양주,58,39,61.0,49,0,7,2025-04-11,2025-04 중순,0.0
124172,랏소베어)얼굴쿠션set,과자,초콜릿,52,36,61.0,44,4,3,2025-04-11,2025-04 중순,9.0909
600349,PB)신당동떡볶이스낵132g,과자,스낵류,43,23,61.0,24,14,0,2025-04-11,2025-04 중순,58.3333
117746,오리온)닥터유단백질바50g,과자,프로틴/시리얼,46,23,61.0,34,9,1,2025-04-11,2025-04 중순,26.4706
070813,매일)바리스타에스프레소250ml,유음료,컵커피,43,18,61.0,30,11,0,2025-04-12,2025-04 중순,36.6667
161092,오츠카)포카리스웨트620ml,음료,스포츠음료,42,18,61.0,25,11,3,2025-04-11,2025-04 중순,44.0
109128,MDS)스틱콘버터60g,미반,샐러드 ,41,19,61.0,29,11,0,2025-04-11,2025-04 중순,37.931
108862,롯데)스리라차골드후라이드치킨버거,조리빵,햄버거,53,22,60.0,37,9,1,2025-04-11,2025-04 중순,24.3243
170273,오비)산토리프리미엄500ml캔,맥주,수입맥주,49,32,60.0,39,7,1,2025-04-11,2025-04 중순,17.9487
123946,머쉬룸투움바비프버거,조리빵,햄버거,51,31,60.0,37,7,3,2025-04-11,2025-04 중순,18.9189
116155,해태)자가비짭짤한맛45g,과자,스낵류,46,18,60.0,32,9,2,2025-04-11,2025-04 중순,28.125
110724,크라운)콘치66g,과자,스낵류,43,21,60.0,30,10,1,2025-04-11,2025-04 중순,33.3333
115628,오리온)눈을감자56g,과자,스낵류,42,23,60.0,26,11,2,2025-04-11,2025-04 중순,42.3077
124062,롯데)듬뿍참치유부초밥,미반,초밥류,46,21,60.0,32,9,2,2025-04-11,2025-04 중순,28.125
109649,야구장크림새우,즉석 식품,즉석치킨(삭제예정),46,18,59.0,35,8,1,2025-04-11,2025-04 중순,22.8571
061713,덴마크)바나바나우유300ml,유음료,가공우유,46,20,59.0,29,11,1,2025-04-11,2025-04 중순,37.931
132787,농심)배홍동쫄쫄면129g,면,봉지면,42,23,59.0,29,10,1,2025-04-12,2025-04 중순,34.4828
112750,오리온)초코송이,과자,비스킷류,47,24,59.0,28,11,2,2025-04-11,2025-04 중순,39.2857
170865,빅웨이브캔24입,맥주,수입맥주,45,30,59.0,35,7,2,2025-04-11,2025-04 중순,20.0
123766,"모바일금액권 30,000원",기타,판촉물,57,43,59.0,52,0,4,2025-04-11,2025-04 중순,0.0
105641,동원)쿨피스에이드복숭아300ml,유음료,냉장주스,39,18,59.0,25,12,0,2025-04-11,2025-04 중순,48.0
108802,빅블랙페퍼마요불고기버거,조리빵,햄버거,45,25,59.0,35,7,2,2025-04-11,2025-04 중순,20.0
115569,하리보)스타믹스젤리100g,과자,젤리류,34,17,58.0,20,13,0,2025-04-11,2025-04 중순,65.0
162388,한양)꽃보다오징어50g,안주,오징어,37,8,58.0,26,10,1,2025-04-11,2025-04 중순,38.4615
052383,세븐카페)아메리카노(L),즉석음료,세븐카페,51,34,58.0,40,5,3,2025-04-11,2025-04 중순,12.5
180999,북극곰의눈물720ml*2입세트,전통주,기타전통주,48,35,58.0,43,5,0,2025-04-12,2025-04 중순,11.6279
391120,유한)크리넥스마이비데물티슈10,위생용품,티슈,46,29,58.0,31,9,2,2025-04-11,2025-04 중순,29.0323
201104,동서)레드불에너지250ml,음료,기능성드링크,42,14,58.0,30,10,0,2025-04-11,2025-04 중순,33.3333
115921,농심)바나나킥75g,과자,스낵류,42,25,58.0,28,8,4,2025-04-11,2025-04 중순,28.5714
106557,농심)배홍동비빔면큰사발,면,용기면,45,20,58.0,32,9,1,2025-04-11,2025-04 중순,28.125
132161,농심)오징어짬뽕(소컵),면,용기면,38,13,58.0,19,13,2,2025-04-11,2025-04 중순,68.4211
132701,삼양)로제불닭볶음면(큰컵),면,용기면,38,21,58.0,25,10,2,2025-04-11,2025-04 중순,40.0
112273,오리온)와우쿨소다껌500,과자,껌,50,19,58.0,28,13,0,2025-04-11,2025-04 중순,46.4286
210871,롯데)빵빠레바닐라175ml,아이스크림,노벨티,44,19,58.0,24,12,2,2025-04-11,2025-04 중순,50.0
070134,서울)커피우유200ml,유음료,가공우유,50,16,57.0,37,6,3,2025-04-11,2025-04 중순,16.2162
124947,삼립)끼리딸기크림치즈슈60g,디저트,냉장베이커리,48,12,57.0,39,6,1,2025-04-11,2025-04 중순,15.3846
108760,롯데)빅블랙페퍼마요불고기버거,조리빵,햄버거,43,17,57.0,31,8,2,2025-04-13,2025-04 중순,25.8065
013831,유부초밥&크림치즈롤,미반,김밥,55,46,57.0,51,1,2,2025-04-11,2025-04 중순,1.9608
123413,클룹)제로소다피치500ml,음료,탄산음료,44,20,57.0,28,9,3,2025-04-11,2025-04 중순,32.1429
124467,글렌드로낙캐스크바틀링1993 29년 700ml,양주와인,양주,55,52,57.0,53,0,2,2025-04-11,2025-04 중순,0.0
061844,다논)액티비아업복숭아210ml,유음료,요구르트,42,21,57.0,27,9,3,2025-04-11,2025-04 중순,33.3333
161186,코카)코카콜라500ml,음료,탄산음료,37,18,57.0,21,13,0,2025-04-11,2025-04 중순,61.9048
083772,PB)고소한버터도넛40g,빵,구움과자,46,23,57.0,30,10,1,2025-04-11,2025-04 중순,33.3333
124544,롯데)포켓델리햄&포테이토샐러드,미반,푸드 간편식,51,25,57.0,39,6,2,2025-04-12,2025-04 중순,15.3846
125069,산토리500ml(8입)*전용잔2개,맥주,수입맥주,38,18,57.0,27,8,3,2025-04-11,2025-04 중순,29.6296
113160,조니워커그린700ml,양주와인,양주,50,38,56.0,42,1,6,2025-04-11,2025-04 중순,2.381
210344,오뚜기)진라면매운맛소컵,면,용기면,39,15,56.0,22,12,1,2025-04-11,2025-04 중순,54.5455
109631,"롯데)3,900김치피자탕수육",미반,푸드 간편식,46,24,56.0,30,9,2,2025-04-11,2025-04 중순,30.0
124475,위드)유니프그린베지주스200ml,유음료,냉장주스,42,25,56.0,30,8,2,2025-04-11,2025-04 중순,26.6667
124634,키키쿼카)스트레스볼set,과자,캔디류,47,40,55.0,42,3,2,2025-04-12,2025-04 중순,7.1429
109520,롯데)더커진유부초밥6입,미반,초밥류,51,25,55.0,35,6,4,2025-04-11,2025-04 중순,17.1429
061660,매일)두유99.9 190ml,유음료,두유,47,24,55.0,34,7,2,2025-04-11,2025-04 중순,20.5882
116364,오리온)마이구미1000,과자,젤리류,35,15,55.0,19,13,0,2025-04-11,2025-04 중순,68.4211
105781,아사히)아사히쇼쿠사이340ml캔,맥주,수입맥주,47,31,54.0,41,4,1,2025-04-11,2025-04 중순,9.7561
118013,오리온)예감오리지널64g,과자,스낵류,39,18,54.0,22,10,3,2025-04-11,2025-04 중순,45.4545
123737,롯데)NEW갈비맛닭강정,미반,푸드 간편식,47,21,54.0,35,7,1,2025-04-12,2025-04 중순,20.0
124626,엠즈)39저당커스터드크림롤105g,디저트,냉장베이커리,48,27,54.0,34,4,6,2025-04-11,2025-04 중순,11.7647
124048,미스티)마이초코23g,과자,초콜릿,45,28,54.0,36,6,1,2025-04-11,2025-04 중순,16.6667
108482,매크로)코피코블리스터(커피맛),과자,캔디류,43,24,54.0,31,8,1,2025-04-11,2025-04 중순,25.8065
114811,하리보)골든배렌젤리100g,과자,젤리류,37,9,54.0,20,12,1,2025-04-11,2025-04 중순,60.0
062602,동서)스타벅스바닐라라떼320ml,유음료,컵커피,40,10,54.0,27,10,0,2025-04-11,2025-04 중순,37.037
191267,레뱅드)로쉐마제쇼비뇽블랑250ml,양주와인,와인,45,24,54.0,36,6,1,2025-04-11,2025-04 중순,16.6667
107379,K)릴 에이블2 (코지버건디),담배,전자담배,44,28,54.0,39,5,0,2025-04-11,2025-04 중순,12.8205
122909,오뚜기)종로식도가니탕500g,가공식품,상온간편식,44,29,54.0,38,4,2,2025-04-11,2025-04 중순,10.5263
109812,PB)옳곡땅콩버터생크림빵65g,디저트,냉장베이커리,47,25,53.5,33,6,3,2025-04-11,2025-04 중순,18.1818
124778,오리온)마켓오크림치즈브라우니12P,과자,비스킷류,41,15,53.0,29,9,0,2025-04-11,2025-04 중순,31.0345
061717,매일)바리스타바닐라빈라떼325ml,유음료,컵커피,43,14,53.0,38,5,0,2025-04-12,2025-04 중순,13.1579
133737,종가집)맛김치50g,냉장,냉장간편식,46,13,53.0,32,8,1,2025-04-11,2025-04 중순,25.0
107702,삼립)불고기맛후랑크70g,냉장,냉장간식,39,18,53.0,24,11,0,2025-04-11,2025-04 중순,45.8333
170276,하이트)기린이치방500ml캔,맥주,수입맥주,47,33,53.0,40,5,0,2025-04-11,2025-04 중순,12.5
014516,그린)햄참치유부말이,미반,초밥류,39,20,53.0,25,9,2,2025-04-11,2025-04 중순,36.0
080499,행복담기)구운란2입,냉장,냉장간식,49,17,53.0,30,9,2,2025-04-11,2025-04 중순,30.0
132632,농심)신라면건면사발,면,용기면,40,14,53.0,29,8,1,2025-04-12,2025-04 중순,27.5862
112095,오리온)초코칩쿠키104g,과자,비스킷류,33,14,53.0,18,11,2,2025-04-11,2025-04 중순,61.1111
062398,서울)비요뜨링크138g,유음료,요구르트,48,15,53.0,31,6,5,2025-04-11,2025-04 중순,19.3548
094261,프레시팜)안심콩나물300g,신선,야채,48,19,53.0,27,8,5,2025-04-12,2025-04 중순,29.6296
062337,빙그레)더단백초코250ml,유음료,프로틴 음료,34,13,53.0,22,10,1,2025-04-13,2025-04 중순,45.4545
123137,롯데)우유크림소금빵120g,디저트,냉장베이커리,39,22,52.0,26,9,1,2025-04-12,2025-04 중순,34.6154
141397,CJ)비비고한우사골곰탕500g,가공식품,상온간편식,47,17,52.0,30,9,1,2025-04-11,2025-04 중순,30.0
192115,탈리스커10년700ml,양주와인,양주,44,34,52.0,38,2,4,2025-04-11,2025-04 중순,5.2632
083776,삼립)파이리의핫소스팡90g,빵,간식빵,34,13,52.0,22,9,2,2025-04-13,2025-04 중순,40.9091
124474,위드)유니프믹스베리주스200ml,유음료,냉장주스,38,22,52.0,28,7,2,2025-04-11,2025-04 중순,25.0
123301,엄마)스트로베리바크씬80g,과자,초콜릿,44,29,52.0,34,4,4,2025-04-11,2025-04 중순,11.7647
390840,LG)바디피트내몸에순한면4P,위생용품,생리대,46,24,52.0,33,8,0,2025-04-11,2025-04 중순,24.2424
192467,롯데)떼레디마리오화이트750ml,양주와인,와인,38,13,52.0,28,7,2,2025-04-12,2025-04 중순,25.0
116101,동서)리츠크래커80g,과자,비스킷류,40,21,52.0,27,8,2,2025-04-11,2025-04 중순,29.6296
132546,PB)#대파라면큰컵,면,용기면,46,19,52.0,23,10,4,2025-04-11,2025-04 중순,43.4783
123390,롯데)오징어버거,조리빵,햄버거,38,17,51.0,25,9,1,2025-04-11,2025-04 중순,36.0
202326,한국)몽베스트생수500ml,음료,생수,41,19,51.0,32,7,0,2025-04-11,2025-04 중순,21.875
202774,큐원)상쾌환부스터제로100ml,음료,기능성드링크,46,21,51.0,26,9,3,2025-04-11,2025-04 중순,34.6154
109687,화요53%750ml,전통주,소주,45,33,51.0,41,2,2,2025-04-11,2025-04 중순,4.878
070475,남양)맛있는우유900ml,유음료,흰우유,37,11,51.0,19,11,2,2025-04-11,2025-04 중순,57.8947
132709,팔도)틈새라면매운김치컵,면,용기면,38,14,51.0,24,8,3,2025-04-11,2025-04 중순,33.3333
112114,크라운)마이쮸사과44g,과자,캔디류,30,13,51.0,17,11,1,2025-04-11,2025-04 중순,64.7059
106706,풍림)캐러멜커스터드푸딩120g,디저트,젤리,46,34,51.0,42,1,3,2025-04-11,2025-04 중순,2.381
132460,농심)신라면블랙봉지,면,봉지면,43,13,51.0,29,9,0,2025-04-12,2025-04 중순,31.0345
108590,PB)착한닭가슴살(오리지널),냉장,냉장간식,43,21,50.0,35,5,1,2025-04-11,2025-04 중순,14.2857
141729,CJ)작은햇반현미밥130g,가공식품,가공미반류,34,15,50.0,21,9,2,2025-04-11,2025-04 중순,42.8571
113158,조니워커 18년 750ml,양주와인,양주,50,37,50.0,45,1,2,2025-04-11,2025-04 중순,2.2222
062538,남양)아몬드데이오리지널190ml,유음료,기능성우유,36,17,50.0,26,7,2,2025-04-11,2025-04 중순,26.9231
212008,PB)오백바초코70ml,아이스크림,노벨티,35,15,50.0,27,7,1,2025-04-11,2025-04 중순,25.9259
123609,오츠카)소이조이마카다미아&레몬25g,과자,프로틴/시리얼,38,21,50.0,29,6,2,2025-04-11,2025-04 중순,20.6897
053233,맵단닭다리,즉석 식품,즉석치킨(삭제예정),31,11,50.0,17,11,1,2025-04-11,2025-04 중순,64.7059
108653, 네슬레)다막바클라바60G,과자,초콜릿,49,27,50.0,30,9,1,2025-04-11,2025-04 중순,30.0
106073,언노운)드보오마주블랑드누아750ml,양주와인,와인,47,28,50.0,42,1,3,2025-04-11,2025-04 중순,2.381
061213,남양)초코에몽190ml,유음료,가공우유,41,21,50.0,24,10,1,2025-04-11,2025-04 중순,41.6667
180697,배상면)느린마을늘봄막걸리750ml,전통주,막걸리,44,19,50.0,39,4,0,2025-04-12,2025-04 중순,10.2564
210870,롯데)빵빠레초코175ml,아이스크림,노벨티,34,16,50.0,21,9,2,2025-04-11,2025-04 중순,42.8571
112126,롯데)꼬깔콘군옥수수67g,과자,스낵류,34,15,50.0,16,13,0,2025-04-11,2025-04 중순,81.25
201711,코카)몬스터에너지(울트라)355ml,음료,기능성드링크,37,20,49.0,25,9,0,2025-04-11,2025-04 중순,36.0
601092,PB)마이멜로디베리베리팝콘80g,과자,스낵류,35,17,49.0,25,7,2,2025-04-11,2025-04 중순,28.0
124477,화요17도(나혼렙에디션),전통주,소주,37,22,49.0,29,4,4,2025-04-11,2025-04 중순,13.7931
083851,삼립)순우유밀크요팡65g,빵,간식빵,36,15,49.0,19,11,1,2025-04-11,2025-04 중순,57.8947
041407,제이탑)모찌롤우유110g,디저트,냉장베이커리,41,22,49.0,27,6,4,2025-04-12,2025-04 중순,22.2222
114538,폰토디 끼안티 클라시코 DOCG750ml,양주와인,와인,36,23,49.0,28,5,3,2025-04-11,2025-04 중순,17.8571
124712,하이트)블랙보리누룽지520ml,음료,차음료,38,14,49.0,22,10,1,2025-04-11,2025-04 중순,45.4545
053164,점보통다리,즉석 식품,즉석치킨(삭제예정),32,20,49.0,23,8,1,2025-04-11,2025-04 중순,34.7826
113367,오리온)촉촉한초코칩160g,과자,비스킷류,38,14,49.0,19,10,3,2025-04-11,2025-04 중순,52.6316
118950,오리온)꼬북칩쵸코츄러스맛80g,과자,스낵류,44,16,49.0,25,10,1,2025-04-11,2025-04 중순,40.0
600593,PB)고구마형스낵138g,과자,스낵류,39,15,49.0,21,10,2,2025-04-11,2025-04 중순,47.619
106166,이즐)기본형교통카드(K패스),서비스 상품,일반서비스,37,8,49.0,31,6,0,2025-04-11,2025-04 중순,19.3548
202366,빙그레)아카페라헤이즐넛1L,음료,커피음료,40,21,49.0,27,8,1,2025-04-11,2025-04 중순,29.6296
083223,삼립)잼있는사과쿠키75g,빵,구움과자,30,8,49.0,18,10,1,2025-04-11,2025-04 중순,55.5556
060974,덴마크)인포켓치즈20g,유음료,유제품,40,17,48.0,24,10,0,2025-04-12,2025-04 중순,41.6667
109698,글렌피딕18년700ml,양주와인,양주,38,23,48.0,30,5,2,2025-04-11,2025-04 중순,16.6667
191852,롯데)앙리마티스하트750ml,양주와인,와인,46,21,48.0,38,0,6,2025-04-11,2025-04 중순,0.0
122641,히말라야)파티스마트츄2입,건강/기호식품,숙취해소제,37,20,48.0,25,5,5,2025-04-11,2025-04 중순,20.0
053186,케이준순살치킨,즉석 식품,즉석치킨(삭제예정),33,16,48.0,23,8,1,2025-04-12,2025-04 중순,34.7826
210294,팔도)짬뽕왕뚜껑,면,용기면,33,8,48.0,19,10,1,2025-04-11,2025-04 중순,52.6316
112867,오리온)도도한나쵸치즈92g,과자,스낵류,37,17,48.0,21,10,1,2025-04-11,2025-04 중순,47.619
124247,APP)벤리악16년700ml,양주와인,양주,45,41,48.0,40,1,3,2025-04-11,2025-04 중순,2.5
109696,글렌피딕15년700ml,양주와인,양주,37,26,48.0,30,4,3,2025-04-11,2025-04 중순,13.3333
202648,일화)부르르제로사이다250ml,음료,탄산음료,35,20,48.0,24,8,1,2025-04-11,2025-04 중순,33.3333
117105,롯데)말랑카우(봉지),과자,캔디류,40,17,48.0,29,6,2,2025-04-11,2025-04 중순,20.6897
601580,PB)단백질바(베리)50g,과자,프로틴/시리얼,36,22,48.0,27,6,2,2025-04-11,2025-04 중순,22.2222
105998,광동)썬키스트제로자두자몽소다600ml,음료,탄산음료,35,17,48.0,20,10,1,2025-04-11,2025-04 중순,50.0
125003,오리온)핵아이셔츄깔라만시레몬48g,과자,캔디류,34,15,48.0,18,10,2,2025-04-11,2025-04 중순,55.5556
202782,칠성)핫식스더킹퍼플355ml,음료,기능성드링크,37,15,47.0,20,11,0,2025-04-11,2025-04 중순,55.0
990263,"모바일금액권 10,000원",기타,판촉물,44,40,47.0,41,0,3,2025-04-11,2025-04 중순,0.0
113162,조니워커블론드 700ml,양주와인,양주,40,22,47.0,32,5,1,2025-04-11,2025-04 중순,15.625
202433,코카)스프라이트제로500ml,음료,탄산음료,34,17,47.0,21,9,1,2025-04-11,2025-04 중순,42.8571
123307,PB)착한콘칩65g,과자,스낵류,38,13,47.0,21,10,1,2025-04-11,2025-04 중순,47.619
123515,그린)29피자벅,조리빵,햄버거,47,42,47.0,45,1,0,2025-04-11,2025-04 중순,2.2222
106542,웅진)유기농하늘보리500ml,음료,차음료,33,12,46.0,18,10,1,2025-04-11,2025-04 중순,55.5556
107542,PB)k리그허니황치즈감자칩60g,과자,스낵류,51,30,46.0,34,5,3,2025-04-11,2025-04 중순,14.7059
123411,클룹)애사비소다500ml,음료,탄산음료,29,11,46.0,18,9,1,2025-04-12,2025-04 중순,50.0
191607,지비)서브미션샤도네이750ml,양주와인,와인,40,7,46.0,36,2,2,2025-04-11,2025-04 중순,5.5556
119073,매일)킨더부에노43g,과자,초콜릿,33,16,46.0,20,9,1,2025-04-11,2025-04 중순,45.0
115862,농심)자갈치90g,과자,스낵류,34,13,46.0,14,10,4,2025-04-12,2025-04 중순,71.4286
191617,롯데)앙리마티스카티아(레드)750,양주와인,와인,42,22,46.0,35,0,6,2025-04-11,2025-04 중순,0.0
112112,크라운)마이쮸딸기44g,과자,캔디류,39,13,46.0,23,9,1,2025-04-11,2025-04 중순,39.1304
107456,덴마크)테이크얼라이브블렌드자몽히비스커스 300ml,유음료,냉장주스,34,18,46.0,25,6,2,2025-04-11,2025-04 중순,24.0
112031,동서)오레오초코100g,과자,비스킷류,38,17,46.0,27,6,2,2025-04-11,2025-04 중순,22.2222
600591,PB)이브이초코칩쿠키132g,과자,스낵류,39,22,46.0,27,7,1,2025-04-11,2025-04 중순,25.9259
124036,종근당)락토핏마시는유산균저당130ml,유음료,요구르트,36,17,46.0,21,7,4,2025-04-11,2025-04 중순,33.3333
105430,매일)셀렉스밀크바닐라250ml,유음료,프로틴 음료,34,12,45.0,22,8,1,2025-04-11,2025-04 중순,36.3636
180708,한국술)지평생막걸리750ml,전통주,막걸리,36,16,45.0,23,8,1,2025-04-11,2025-04 중순,34.7826
192053,롯데)브레드앤버터샤도네이750ml,양주와인,와인,43,14,45.0,33,1,6,2025-04-11,2025-04 중순,3.0303
124758,이즐)까까맛교통카드(자일리톨),서비스 상품,일반서비스,35,21,45.0,25,6,2,2025-04-11,2025-04 중순,24.0
123106,"롯데)3,900매콤닭껍질튀김",미반,푸드 간편식,33,16,45.0,27,6,0,2025-04-12,2025-04 중순,22.2222
111995,롯데)목캔디(믹스베리),과자,캔디류,36,17,45.0,21,9,1,2025-04-12,2025-04 중순,42.8571
108606,롯데)앙리마티스트리벤토재즈750ml,양주와인,와인,41,22,45.0,38,1,2,2025-04-11,2025-04 중순,2.6316
124285,한입)게맛살깡오리지널30g,안주,스낵안주,38,24,45.0,30,5,1,2025-04-11,2025-04 중순,16.6667
124448,사조)빠삭어묵칩오리지널40g,안주,생선류,40,24,45.0,28,5,3,2025-04-11,2025-04 중순,17.8571
124812,CJ)소바바소이허니치킨240g,냉동,조리냉동,40,16,45.0,27,7,1,2025-04-11,2025-04 중순,25.9259
108546,마즈)이클립스소프트리치45g,과자,캔디류,31,8,45.0,15,10,2,2025-04-12,2025-04 중순,66.6667
114020,롯데)가나마일드2800,과자,초콜릿,29,14,45.0,16,9,2,2025-04-11,2025-04 중순,56.25
123150,PB)두부칩92g,과자,스낵류,34,16,45.0,20,9,1,2025-04-11,2025-04 중순,45.0
070742,서울)저지방우유1L,유음료,기능성우유,32,15,45.0,21,8,1,2025-04-12,2025-04 중순,38.0952
202494,동아)박카스디카페120ml,음료,기능성드링크,36,15,44.0,24,8,0,2025-04-11,2025-04 중순,33.3333
210058, 팔도)김치왕뚜껑,면,용기면,30,14,44.0,17,10,0,2025-04-11,2025-04 중순,58.8235
115107,코퍼독 700ml,양주와인,양주,36,20,44.0,31,3,2,2025-04-11,2025-04 중순,9.6774
201423,농심)백산수500ml,음료,생수,31,12,44.0,18,9,1,2025-04-11,2025-04 중순,50.0
124709,디아)조니워커블랙루비700ml,양주와인,양주,41,18,44.0,35,3,1,2025-04-11,2025-04 중순,8.5714
124671,컵스)팝콘치킨,즉석 식품,즉석치킨(삭제예정),35,11,44.0,22,8,1,2025-04-11,2025-04 중순,36.3636
106872,오리온)포카칩스윗치즈60g,과자,스낵류,39,10,44.0,25,6,3,2025-04-12,2025-04 중순,24.0
115633,코노수르 싱글빈야드 샤도네이 750ml,양주와인,와인,37,30,44.0,32,2,3,2025-04-11,2025-04 중순,6.25
107135,G)보바티흑당밀크315ml,음료,차음료,39,15,44.0,25,6,3,2025-04-11,2025-04 중순,24.0
132109,PB)김치쏭쏭칼국수,면,용기면,29,10,43.0,19,7,2,2025-04-12,2025-04 중순,36.8421
390797,좋은느낌유기농순면라이너18P,위생용품,생리대,34,19,43.0,25,6,1,2025-04-11,2025-04 중순,24.0
192133,베어풋버블리핑크모스카토,양주와인,와인,35,27,43.0,29,2,4,2025-04-11,2025-04 중순,6.8966
110985,해태)자유시간,과자,초콜릿,24,9,43.0,12,10,1,2025-04-11,2025-04 중순,83.3333
070628,동원)슬라이스치즈100g,유음료,유제품,32,12,43.0,15,9,3,2025-04-12,2025-04 중순,60.0
124546,롯데)포켓델리치킨난반,미반,푸드 간편식,33,21,43.0,26,3,4,2025-04-11,2025-04 중순,11.5385
132042,오뚜기)참깨라면소컵,면,용기면,35,13,43.0,21,9,0,2025-04-11,2025-04 중순,42.8571
192645,7P)스트롱사와레몬350ml,양주와인,하이볼,39,26,43.0,33,1,4,2025-04-12,2025-04 중순,3.0303
106426,칠성)오트몬드프로틴190ml,유음료,프로틴 음료,40,19,43.0,26,7,1,2025-04-11,2025-04 중순,26.9231
211385,빙그레)부드러운빵또아180ml,아이스크림,노벨티,36,14,43.0,20,9,1,2025-04-11,2025-04 중순,45.0
600030,크라운)쿠크다스(커피)128g,과자,비스킷류,32,18,43.0,21,6,3,2025-04-11,2025-04 중순,28.5714
041488,MDS)젤리블리납작복숭아60g,디저트,젤리,31,13,43.0,18,8,2,2025-04-11,2025-04 중순,44.4444
601412,스위트)알포트미니초콜릿59g,과자,초콜릿,36,16,43.0,27,4,3,2025-04-12,2025-04 중순,14.8148
071827,CJ)숯불후랑크120g,냉장,냉장간식,36,19,42.0,25,7,0,2025-04-11,2025-04 중순,28.0
106113,매일)페레로란드누아아이스크림70ml,아이스크림,고급,32,14,42.0,19,6,4,2025-04-12,2025-04 중순,31.5789
115321,기네스 콜드브루 440ml(24입),맥주,수입맥주,29,10,42.0,22,6,1,2025-04-11,2025-04 중순,27.2727
124856,간치아모스카토다스티DOCG,양주와인,와인,31,17,42.0,24,4,3,2025-04-11,2025-04 중순,16.6667
230018,동서)맥심모카골드20입,건강/기호식품,커피,34,18,42.0,18,10,0,2025-04-11,2025-04 중순,55.5556
118014,오리온)예감치즈그라탕64g,과자,스낵류,31,17,42.0,17,9,1,2025-04-11,2025-04 중순,52.9412
202365,빙그레)아카페라아메리카노1L,음료,커피음료,31,13,42.0,21,7,1,2025-04-12,2025-04 중순,33.3333
115863,농심)오징어집78g,과자,스낵류,32,11,42.0,14,10,2,2025-04-11,2025-04 중순,71.4286
123879,풀무원다논)액티비아사과150g,유음료,요구르트,31,21,42.0,25,5,1,2025-04-11,2025-04 중순,20.0
105428,매일)셀렉스모카초코250ml,유음료,프로틴 음료,28,15,42.0,18,7,2,2025-04-11,2025-04 중순,38.8889
107819,K리그산리오)인형 키링_한교동,문구/완구,일반완구,36,22,42.0,33,3,0,2025-04-11,2025-04 중순,9.0909
124710,농심)츄파춥스딸사워코코레몬350ml,음료,주스,30,9,42.0,22,7,0,2025-04-12,2025-04 중순,31.8182
105873,PB)포도&파인애플아이스볼,아이스크림,노벨티,37,14,41.0,24,6,2,2025-04-11,2025-04 중순,25.0
202598,웅진)티즐제로자몽블랙티500ml,음료,차음료,28,9,41.0,16,7,3,2025-04-11,2025-04 중순,43.75
124510,우진)지오도BDM 18,양주와인,와인,39,25,41.0,34,0,4,2025-04-11,2025-04 중순,0.0
124548,롯데)포켓델리베지스틱,미반,푸드 간편식,32,14,41.0,26,3,3,2025-04-11,2025-04 중순,11.5385
140798,오뚜기)김치참치덮밥(컵밥),가공식품,가공미반류,32,11,41.0,21,7,1,2025-04-11,2025-04 중순,33.3333
161061,동서)스타벅스오리지날,음료,커피음료,39,13,41.0,21,8,2,2025-04-11,2025-04 중순,38.0952
083698,롯데)우유식빵400g,빵,식빵,34,13,41.0,24,6,1,2025-04-11,2025-04 중순,25.0
202340,코카)조지아스위트블랙470ml,음료,커피음료,30,17,41.0,20,7,1,2025-04-11,2025-04 중순,35.0
118533,오리온)예감볶은양파64g,과자,스낵류,36,13,41.0,19,9,1,2025-04-11,2025-04 중순,47.3684
200247,디아)조니워커블랙500ml,양주와인,양주,37,19,41.0,35,2,0,2025-04-11,2025-04 중순,5.7143
170289,하이트)하이트제로355ml캔,맥주,무알콜맥주,36,21,41.0,29,4,1,2025-04-11,2025-04 중순,13.7931
062258,빙그레)닥터캡슐베리믹스130ml,유음료,요구르트,30,15,41.0,19,6,3,2025-04-11,2025-04 중순,31.5789
132352,삼양)치즈불닭볶음면큰컵,면,용기면,35,13,41.0,24,7,0,2025-04-11,2025-04 중순,29.1667
070197,서울)초코우유200ml,유음료,가공우유,29,10,41.0,20,6,2,2025-04-11,2025-04 중순,30.0
181021,롯데)새로소주640ml페트,전통주,소주,23,10,40.0,12,9,1,2025-04-11,2025-04 중순,75.0
202370,칠성)아이시스500ml(12입),음료,생수,27,9,40.0,18,7,1,2025-04-13,2025-04 중순,38.8889
202676,엠탑)아톰에너지파워업제로355ml,음료,기능성드링크,32,12,40.0,24,6,0,2025-04-13,2025-04 중순,25.0
041371,MDS)젤리블리샤인머스켓60g,디저트,젤리,28,8,40.0,16,9,0,2025-04-11,2025-04 중순,56.25
192570,반피로사리갈750ml,양주와인,와인,26,10,40.0,18,6,2,2025-04-11,2025-04 중순,33.3333
070379,서울)저지방우유200ml,유음료,기능성우유,30,10,40.0,20,6,2,2025-04-11,2025-04 중순,30.0
124291,일신)캇예스레인보우75g,과자,젤리류,34,17,40.0,28,3,2,2025-04-13,2025-04 중순,10.7143
062180,빙그레)스페셜티예가체프460ml,유음료,가공우유,36,17,40.0,26,6,0,2025-04-11,2025-04 중순,23.0769
123988,쿠보타 준마이 다이긴죠,전통주,기타전통주,33,21,40.0,28,2,3,2025-04-11,2025-04 중순,7.1429
192175,디아)조니워커더블블랙700ml,양주와인,양주,36,9,40.0,34,2,0,2025-04-13,2025-04 중순,5.8824
083686,PB)버터크림앙모스180g,빵,간식빵,31,18,40.0,20,7,1,2025-04-11,2025-04 중순,35.0
108357,아영)빌라안티노리끼안티클라시코750ml,양주와인,와인,36,22,40.0,32,3,0,2025-04-11,2025-04 중순,9.375
124790,해태)구운고구마27g,과자,비스킷류,24,10,39.0,13,7,3,2025-04-11,2025-04 중순,53.8462
108981,스리라차골드후라이드치킨버거,조리빵,햄버거,32,26,39.0,28,3,1,2025-04-11,2025-04 중순,10.7143
115368,오리온)꼬북칩카라멜팝콘맛72g,과자,스낵류,25,14,39.0,16,8,0,2025-04-12,2025-04 중순,50.0
112251,세븐브로이)하이볼에빠진키위500ml캔,양주와인,하이볼,34,17,39.0,29,3,1,2025-04-12,2025-04 중순,10.3448
201417,칠성)트레비(레몬)500ml,음료,생수,29,10,39.0,16,9,0,2025-04-11,2025-04 중순,56.25
123627,빙그레)요맘때복숭아70ml,아이스크림,노벨티,29,9,39.0,22,6,0,2025-04-11,2025-04 중순,27.2727
210678,롯데)명가찰떡아이스90ml,아이스크림,노벨티,26,15,39.0,19,6,1,2025-04-13,2025-04 중순,31.5789
192643,7P)스트롱사와자몽500ml,양주와인,하이볼,37,28,39.0,29,0,6,2025-04-11,2025-04 중순,0.0
116392,PB)착한김(20입),조미료/건물,건해산물,28,10,39.0,20,6,1,2025-04-11,2025-04 중순,30.0
124972,롯데)찰떡파이초코바나나250g,과자,비스킷류,29,11,38.0,22,5,1,2025-04-11,2025-04 중순,22.7273
141411,삼양)로제불닭납작당면(컵),면,용기면,30,16,38.0,20,4,4,2025-04-11,2025-04 중순,20.0
124643,롯데)월드콘저당160ml,아이스크림,노벨티,29,20,38.0,22,5,1,2025-04-11,2025-04 중순,22.7273
601348,엔제이)딸기썬더파우치37g,과자,초콜릿,33,23,38.0,26,1,5,2025-04-12,2025-04 중순,3.8462
114405,프레스코발디 니포짜노 몬테소디750ml,양주와인,와인,36,28,38.0,35,1,0,2025-04-11,2025-04 중순,2.8571
108976,롯데)로제함박스파게티,미반,푸드 간편식,38,34,38.0,38,0,0,2025-04-11,2025-04 중순,0.0
123792,오뚜기)순후추팝콘50g,과자,스낵류,24,8,38.0,14,7,2,2025-04-14,2025-04 중순,50.0
124248,벤리악21년700ml,양주와인,양주,33,22,38.0,29,1,3,2025-04-11,2025-04 중순,3.4483
210610,삼양)볶음간짬뽕큰컵,면,용기면,23,9,38.0,11,9,1,2025-04-11,2025-04 중순,81.8182
107050,현대)동원고추참치유부말이,미반,초밥류,33,18,38.0,24,5,1,2025-04-11,2025-04 중순,20.8333
115543,카발란 솔리스트 포트,양주와인,양주,30,24,38.0,23,1,6,2025-04-11,2025-04 중순,4.3478
140963,오뚜기)톡톡김치알밥(컵밥),가공식품,가공미반류,32,12,38.0,25,5,0,2025-04-11,2025-04 중순,20.0
124699,풀무원)아임리얼100레몬140ml,유음료,냉장주스,27,6,38.0,17,7,1,2025-04-11,2025-04 중순,41.1765
170426,엠즈)에비스500ml캔,맥주,수입맥주,25,8,38.0,18,6,1,2025-04-11,2025-04 중순,33.3333
105133,아미)에코얼음컵(레귤러),즉석음료,얼음,22,4,38.0,14,8,0,2025-04-11,2025-04 중순,57.1429
123675,바이엔슈테판 헤페바이스(12입),맥주,수입맥주,32,20,38.0,24,1,6,2025-04-11,2025-04 중순,4.1667
132702,농심)카구리큰사발,면,용기면,24,9,38.0,15,8,0,2025-04-11,2025-04 중순,53.3333
082526,삼립)신선한치즈후레쉬팡140g,빵,간식빵,29,13,38.0,16,8,1,2025-04-11,2025-04 중순,50.0
094104,돌코리아)후룻버킷망고(425g),신선,과일,24,3,38.0,17,7,0,2025-04-13,2025-04 중순,41.1765
124325,카스라이트500ml(8입)+알통잔2개,맥주,수입맥주,27,14,37.0,22,5,0,2025-04-13,2025-04 중순,22.7273
124698,연세)아몬드잣고소한두유190ml,유음료,두유,27,10,37.0,18,7,0,2025-04-11,2025-04 중순,38.8889
132166,농심)너구리(소컵),면,용기면,31,16,37.0,20,7,0,2025-04-11,2025-04 중순,35.0
601391,오리온)비쵸비5P,과자,비스킷류,27,12,37.0,17,6,2,2025-04-11,2025-04 중순,35.2941
390977,PB)new미용티슈200매*3입,위생용품,티슈,24,11,37.0,15,7,1,2025-04-11,2025-04 중순,46.6667
105722,오리온)아이셔츄포도샤인머스캣48g,과자,캔디류,34,5,37.0,18,8,1,2025-04-12,2025-04 중순,44.4444
062570,요즘)블루베리콩포트그릭요거트,유음료,요구르트,27,7,37.0,18,7,0,2025-04-11,2025-04 중순,38.8889
061662,동서)스타벅스라떼270ml,유음료,컵커피,31,14,37.0,20,7,0,2025-04-11,2025-04 중순,35.0
123178,엘파 500ml캔(24입),맥주,수입맥주,29,18,37.0,23,5,0,2025-04-11,2025-04 중순,21.7391
105291,25년)얼음컵(벤티),즉석음료,얼음,34,16,37.0,15,8,3,2025-04-11,2025-04 중순,53.3333
113161,조니워커 블랙 700ml,양주와인,양주,34,26,37.0,30,2,1,2025-04-11,2025-04 중순,6.6667
124242,U+유모바일)반값유심,서비스 상품,일반서비스,28,8,37.0,19,6,1,2025-04-11,2025-04 중순,31.5789
116687,크라운)키커바 녹차,과자,초콜릿,24,7,37.0,17,6,1,2025-04-15,2025-04 중순,35.2941
210719,빙그레)투게더홈,아이스크림,홈타입,28,16,37.0,21,5,1,2025-04-11,2025-04 중순,23.8095
132448,농심)신라면블랙사발,면,용기면,31,12,37.0,16,9,0,2025-04-11,2025-04 중순,56.25
107749,PB)착한백미밥210g,가공식품,가공미반류,33,17,37.0,23,6,0,2025-04-11,2025-04 중순,26.087
111180,CJ)소바바양념치킨240g,냉동,조리냉동,28,13,37.0,19,6,1,2025-04-11,2025-04 중순,31.5789
124307,잭다니엘스 허니700ml,양주와인,양주,35,30,37.0,33,0,2,2025-04-11,2025-04 중순,0.0
210742,빙그레)뽕따소다130ml,아이스크림,노벨티,27,8,37.0,17,6,2,2025-04-11,2025-04 중순,35.2941
111382,농심)멘토스레인보우,과자,캔디류,22,10,36.0,13,8,0,2025-04-13,2025-04 중순,61.5385
109844,산미구엘페일필젠병320ml(24입),맥주,수입맥주,32,21,36.0,29,1,2,2025-04-11,2025-04 중순,3.4483
601579,PB)단백질바넛츠50g,과자,프로틴/시리얼,33,22,36.0,28,1,3,2025-04-11,2025-04 중순,3.5714
053325,마일드숯불닭꼬치,즉석 식품,즉석치킨,23,7,36.0,16,6,1,2025-04-11,2025-04 중순,37.5
105960,G)페양구야끼소바오리지널120g,면,용기면,31,19,36.0,27,1,3,2025-04-11,2025-04 중순,3.7037
117152,해태)맛동산90g,과자,스낵류,26,9,36.0,14,7,2,2025-04-12,2025-04 중순,50.0
123878,풀무원다논)액티비아딸기150g,유음료,요구르트,31,19,36.0,24,4,1,2025-04-11,2025-04 중순,16.6667
113789,MQ)프링글스매운맛110g,과자,스낵류,29,8,36.0,19,6,1,2025-04-12,2025-04 중순,31.5789
124251,벤리악40년700ml,양주와인,양주,29,26,36.0,23,1,5,2025-04-11,2025-04 중순,4.3478
106544,HK)티로그골드애플스파클링355ml,음료,탄산음료,23,14,36.0,14,7,1,2025-04-12,2025-04 중순,50.0
107671,K리그산리오)머플러(헬로키티),패션잡화,시즌/소품,34,11,36.0,32,0,2,2025-04-11,2025-04 중순,0.0
133746,한울)매운실비김치80g,냉장,냉장간편식,31,13,36.0,24,4,1,2025-04-11,2025-04 중순,16.6667
390869,LG)바디피트볼록맞춤오버4P,위생용품,생리대,32,15,36.0,26,4,0,2025-04-12,2025-04 중순,15.3846
120360,동서)맥심화이트골드20입,건강/기호식품,커피,30,11,36.0,19,7,0,2025-04-11,2025-04 중순,36.8421
109694,글렌피딕12년700ml,양주와인,양주,31,20,35.5,26,1,3,2025-04-11,2025-04 중순,3.8462
160128,코카)코카콜라１．５Ｐ,음료,탄산음료,24,14,35.0,16,6,1,2025-04-11,2025-04 중순,37.5
200606,광동)비타500 180ml,음료,기능성드링크,21,10,35.0,12,8,0,2025-04-12,2025-04 중순,66.6667
109556,매일)셀렉스바나나250ml,유음료,프로틴 음료,20,5,35.0,12,7,1,2025-04-13,2025-04 중순,58.3333
124438,코젤다크 디퓨저&전용잔 패키지(최적음용기한2025년11월30일),맥주,수입맥주,30,23,35.0,27,2,1,2025-04-11,2025-04 중순,7.4074
117408,동아)박카스맛젤리50g,과자,젤리류,26,15,35.0,19,5,1,2025-04-11,2025-04 중순,26.3158
107063,롯데)파스퇴르우유빙수230ml,아이스크림,노벨티,31,8,35.0,20,5,2,2025-04-12,2025-04 중순,25.0
391016,깨끗한)깨끗한나라물티슈20매,위생용품,티슈,31,21,35.0,23,5,0,2025-04-11,2025-04 중순,21.7391
109688,화요41%750ml,전통주,소주,27,19,35.0,22,3,2,2025-04-12,2025-04 중순,13.6364
124511,우진)르볼테21/22 750ml,양주와인,와인,44,25,35.0,32,0,5,2025-04-11,2025-04 중순,0.0
124459,PB)쫀득쿠키멜로바60g,과자,캔디류,29,17,35.0,21,4,2,2025-04-11,2025-04 중순,19.0476
105720,오리온)아이셔츄레몬라임48g,과자,캔디류,28,7,35.0,14,8,1,2025-04-12,2025-04 중순,57.1429
124656,호가든벚꽃잔패키지,맥주,수입맥주,35,31,35.0,32,0,2,2025-04-11,2025-04 중순,0.0
107274,해태)충전시간40g,과자,초콜릿,29,5,35.0,20,6,0,2025-04-12,2025-04 중순,30.0
124317,롯데)파이열매73g,과자,비스킷류,27,16,35.0,21,5,0,2025-04-11,2025-04 중순,23.8095
114488,오리온)왕고래밥볶음양념맛1200,과자,스낵류,29,13,35.0,18,7,0,2025-04-11,2025-04 중순,38.8889
124332,샤또 레오빌라스까스 18,양주와인,와인,35,30,35.0,35,0,0,2025-04-11,2025-04 중순,0.0
123533,블루넌 로제 에디션 24K,양주와인,와인,30,21,34.0,24,1,4,2025-04-11,2025-04 중순,4.1667
106668,PB)바닐라라떼300ml,유음료,컵커피,31,21,34.0,23,4,1,2025-04-12,2025-04 중순,17.3913
191233,산타캐롤리나까버네750ml,양주와인,와인,28,17,34.0,24,2,2,2025-04-12,2025-04 중순,8.3333
114536,프레스코발디 카스텔지오콘도 로쏘 디 몬탈치노750ml,양주와인,와인,30,14,34.0,26,3,0,2025-04-11,2025-04 중순,11.5385
106689,PB)카페라떼300ml,유음료,컵커피,25,8,34.0,20,4,1,2025-04-13,2025-04 중순,20.0
210824,해태)폴라포포도120ml,아이스크림,노벨티,26,8,34.0,16,7,0,2025-04-11,2025-04 중순,43.75
107883,리치)하이디라오마라쫄깃납작면,냉장,냉장간편식,33,12,34.0,32,0,1,2025-04-11,2025-04 중순,0.0
122438,이노엔)컨디션스틱그린애플,건강/기호식품,숙취해소제,28,14,34.0,18,5,2,2025-04-14,2025-04 중순,27.7778
113587,해태)버터링65g,과자,비스킷류,28,12,34.0,14,7,2,2025-04-11,2025-04 중순,50.0
107582,농심)까망베르치즈타라19g,안주,스낵안주,27,11,34.0,23,3,1,2025-04-11,2025-04 중순,13.0435
124151,오리온)마이구미제로54g,과자,젤리류,25,12,34.0,16,6,1,2025-04-11,2025-04 중순,37.5
118528,오리온)그래놀라바단백질바40g,과자,프로틴/시리얼,29,14,34.0,22,4,1,2025-04-12,2025-04 중순,18.1818
117969,오리온)고소미70g,과자,비스킷류,26,9,34.0,14,8,0,2025-04-11,2025-04 중순,57.1429
124834,유앤)쿼카푸딩젤리90g,과자,젤리류,31,26,34.0,26,1,3,2025-04-11,2025-04 중순,3.8462
101961,오뚜기)뿌셔뿌셔불고기90g,과자,스낵류,24,10,34.0,13,8,0,2025-04-12,2025-04 중순,61.5385
114611,해태)허니버터칩60g,과자,스낵류,24,13,33.0,12,6,3,2025-04-11,2025-04 중순,50.0
070083,매일)카페라떼마일드컵220ml,유음료,컵커피,27,10,33.0,16,7,0,2025-04-13,2025-04 중순,43.75
124917,산토리)가쿠빈180ml,양주와인,양주,27,17,33.0,23,2,2,2025-04-11,2025-04 중순,8.6957
132382,삼양)불닭볶음탕면(큰컵),면,용기면,28,16,33.0,19,5,1,2025-04-11,2025-04 중순,26.3158
124885,하루하나준마이,전통주,기타전통주,33,32,33.0,33,0,0,2025-04-11,2025-04 중순,0.0
170051,그래)여명808140ml,음료,기능성드링크,21,9,33.0,13,7,0,2025-04-12,2025-04 중순,53.8462
180915,국순당)국순당쌀막걸리750ml,전통주,막걸리,27,13,33.0,20,5,0,2025-04-11,2025-04 중순,25.0
202023,칠성)칸타타콘트라베이스블랙500,음료,커피음료,19,9,33.0,11,6,2,2025-04-12,2025-04 중순,54.5455
119517,동서)포스트단백질바50g,과자,프로틴/시리얼,24,9,33.0,15,6,1,2025-04-15,2025-04 중순,40.0
108549,피치)까먹는곰모양젤리(샤인)40g,과자,젤리류,26,14,33.0,20,4,1,2025-04-11,2025-04 중순,20.0
109788,PB)착한후랑크(불고기맛),냉장,냉장간식,25,11,33.0,21,4,0,2025-04-11,2025-04 중순,19.0476
170929,미쓰이)스카치위스키하이볼350ml,양주와인,하이볼,31,16,33.0,30,1,0,2025-04-11,2025-04 중순,3.3333
113164,싱글톤 더프타운15년 700ml,양주와인,양주,32,19,33.0,29,1,1,2025-04-11,2025-04 중순,3.4483
191970,샤또 생 미셸 리슬링 *2입,양주와인,와인,31,28,33.0,29,0,2,2025-04-11,2025-04 중순,0.0
108827,키다리)진실의미간김치국수큰컵,면,용기면,27,7,33.0,16,7,0,2025-04-12,2025-04 중순,43.75
062402,다논)액티비아스무디딸기바나나,유음료,요구르트,27,17,33.0,21,3,2,2025-04-11,2025-04 중순,14.2857
132201,농심)너구리큰사발,면,용기면,27,11,33.0,16,7,0,2025-04-11,2025-04 중순,43.75
124034,에프투)고칼슘두유190ml,유음료,두유,32,20,33.0,21,5,1,2025-04-11,2025-04 중순,23.8095
380462,애경)2080치약125g_H,H&B,치약,25,11,32.0,17,5,1,2025-04-12,2025-04 중순,29.4118
071186,종가집)새콤달콤볶음김치80g,냉장,냉장간편식,22,13,32.0,12,6,2,2025-04-13,2025-04 중순,50.0
061301,제니코)라면쏘옥치즈35g,유음료,유제품,19,11,32.0,12,6,1,2025-04-11,2025-04 중순,50.0
109176,피치)킨조젤리76g,과자,젤리류,22,8,32.0,17,5,0,2025-04-11,2025-04 중순,29.4118
191266,레뱅드)로쉐마제까버네쇼비뇽250,양주와인,와인,29,14,32.0,23,3,1,2025-04-11,2025-04 중순,13.0435
160945,오츠카)데자와240ml,음료,차음료,25,11,32.0,13,7,1,2025-04-11,2025-04 중순,53.8462
109763,LS)짠한형화깨수20g,건강/기호식품,숙취해소제,24,10,32.0,18,5,0,2025-04-12,2025-04 중순,27.7778
222634, 잇웨이)멕시카나양념닭강정250g,냉동,조리냉동,24,10,32.0,20,4,0,2025-04-13,2025-04 중순,20.0
132139,농심)육개장큰사발,면,용기면,22,9,32.0,13,7,0,2025-04-11,2025-04 중순,53.8462
124449,사조)빠삭어묵칩매콤한맛40g,안주,생선류,28,11,32.0,18,6,0,2025-04-12,2025-04 중순,33.3333
109744,PB)솔티캬라멜팝콘90g,과자,스낵류,19,10,32.0,10,7,1,2025-04-11,2025-04 중순,70.0
105397,롯데)크러시500ml캔,맥주,국산맥주,24,15,32.0,20,4,0,2025-04-11,2025-04 중순,20.0
108364,우진)루첸테 750ml,양주와인,와인,31,18,32.0,30,0,1,2025-04-11,2025-04 중순,0.0
124644,롯데)제로말차크림모나카140ml,아이스크림,노벨티,24,14,32.0,16,3,4,2025-04-11,2025-04 중순,18.75
180769,한국술)느린마을막걸리750ml,전통주,막걸리,33,16,32.0,31,0,1,2025-04-12,2025-04 중순,0.0
111739,크라운)참크래커56g,과자,비스킷류,30,12,32.0,15,8,0,2025-04-11,2025-04 중순,53.3333
191318,하이직모나폴750ml,양주와인,와인,32,26,32.0,32,0,0,2025-04-11,2025-04 중순,0.0
124858,도츠로제NV(벚꽃),양주와인,와인,33,25,32.0,28,0,3,2025-04-11,2025-04 중순,0.0
107511,빙그레)왕실쿠키샌드초코120ml,아이스크림,노벨티,25,15,32.0,15,3,5,2025-04-11,2025-04 중순,20.0
201127,HK)컨디션헛개수500ml,음료,차음료,24,9,32.0,14,7,0,2025-04-12,2025-04 중순,50.0
124637,키키쿼카)밍크담요set,과자,캔디류,29,25,32.0,27,1,1,2025-04-11,2025-04 중순,3.7037
062505,덴마크)드링킹딸기275ml,유음료,요구르트,25,12,32.0,18,3,3,2025-04-11,2025-04 중순,16.6667
124730,돌코리아)후룻컵알로코코198g,신선,과일,27,10,32.0,20,4,1,2025-04-11,2025-04 중순,20.0
220491,CJ)맛밤80g,안주,농산안주,27,11,32.0,13,6,3,2025-04-11,2025-04 중순,46.1538
132015,오뚜기)스낵면소컵,면,용기면,18,9,32.0,11,7,0,2025-04-12,2025-04 중순,63.6364
124868,맨시티 풀 크레스트 짐색,패션잡화,시즌/소품,19,5,31.0,13,6,0,2025-04-11,2025-04 중순,46.1538
062474,남양)테이크핏초코250ml,유음료,프로틴 음료,24,8,31.0,18,4,1,2025-04-11,2025-04 중순,22.2222
124979,SAMG)하츄핑비스킷65g,과자,비스킷류,22,11,31.0,15,5,1,2025-04-11,2025-04 중순,33.3333
105369,아미)순수얼음1kg,즉석음료,얼음,19,9,31.0,13,6,0,2025-04-12,2025-04 중순,46.1538
124518,오리온)코코망고알맹이67g,과자,젤리류,20,10,31.0,12,6,1,2025-04-12,2025-04 중순,50.0
061692,매일)소화가잘되는우유190ml,유음료,기능성우유,25,11,31.0,22,3,0,2025-04-12,2025-04 중순,13.6364
170642,오비)버드와이저500ml캔(4입),맥주,수입맥주,31,11,31.0,31,0,0,2025-04-11,2025-04 중순,0.0
124664,오츠카)데미소다레드애플350ml,음료,탄산음료,27,8,31.0,17,6,0,2025-04-11,2025-04 중순,35.2941
114027,남양)과수원사과팩190ml,유음료,냉장주스,21,8,31.0,12,7,0,2025-04-11,2025-04 중순,58.3333
181007,고구마소주난슈덴라쿠900ml,전통주,기타전통주,28,19,31.0,24,2,1,2025-04-11,2025-04 중순,8.3333
124133,롯데)이너프베이크드쿠키애플43g,과자,비스킷류,26,15,31.0,21,3,1,2025-04-11,2025-04 중순,14.2857
202251,웅진)티즐제로유자그린티500ml,음료,차음료,20,8,31.0,14,5,1,2025-04-11,2025-04 중순,35.7143
124720,동원)그릴리직화닭꼬치데리야끼75g,냉장,냉장안주,25,9,31.0,18,5,0,2025-04-11,2025-04 중순,27.7778
107668,K리그)산리오캐리어(마이멜로디),과자,캔디류,25,6,31.0,22,3,0,2025-04-12,2025-04 중순,13.6364
124964,CJ)햇반100%통곡물밥130g,가공식품,가공미반류,25,12,31.0,16,3,4,2025-04-11,2025-04 중순,18.75
113089,아사히)아사히쇼쿠사이340ml캔(6입),맥주,수입맥주,32,10,31.0,30,0,1,2025-04-12,2025-04 중순,0.0
107770,G)파스키에초코칩브리오쉬225g,빵,간식빵,22,11,31.0,17,4,1,2025-04-11,2025-04 중순,23.5294
108582,MDS)젤리블리제로오렌지망고60g,디저트,젤리,23,11,31.0,12,6,2,2025-04-12,2025-04 중순,50.0
141378,PB)얼큰대파육개장(컵),가공식품,상온간편식,23,9,31.0,17,5,0,2025-04-11,2025-04 중순,29.4118
113828,크라운)새콤달콤레몬29g,과자,캔디류,19,8,31.0,9,8,0,2025-04-11,2025-04 중순,88.8889
104674,크라운)빅파이216g,과자,비스킷류,23,16,31.0,17,5,0,2025-04-11,2025-04 중순,29.4118
124768,오리온)아이셔츄쥬씨자두요구르트48g,과자,캔디류,29,9,31.0,18,6,0,2025-04-11,2025-04 중순,33.3333
150955,롯데)구구콘160ml,아이스크림,노벨티,22,10,31.0,15,5,1,2025-04-11,2025-04 중순,33.3333
083807,PB)제주첫물녹차카스테라160g,빵,간식빵,26,16,31.0,18,3,3,2025-04-12,2025-04 중순,16.6667
123868,글렌알라키 15년 700ml,양주와인,양주,25,23,31.0,19,0,6,2025-04-11,2025-04 중순,0.0
192099,더슬라우치쉬라즈750ml,양주와인,와인,25,16,31.0,21,2,2,2025-04-11,2025-04 중순,9.5238
030328,풀무원)올바른샐러드(감자)100g,미반,샐러드 ,27,10,31.0,16,2,6,2025-04-11,2025-04 중순,12.5
132036,오뚜기)진라면순한맛5입,면,봉지면,30,14,31.0,29,0,1,2025-04-12,2025-04 중순,0.0
062393,빙그레)아이스티복숭아300ml,유음료,가공우유,26,10,30.0,14,7,0,2025-04-11,2025-04 중순,50.0
600965,PB)아몬드피넛초콜릿80g,과자,초콜릿,24,14,30.0,19,4,0,2025-04-11,2025-04 중순,21.0526
123650,SAMG)캐치티니핑반짝립스틱캔디5g,과자,캔디류,24,4,30.0,21,3,0,2025-04-11,2025-04 중순,14.2857
201662,코카)몬스터에너지355ml,음료,기능성드링크,17,8,30.0,10,6,1,2025-04-11,2025-04 중순,60.0
106560,크라운)와플샌드87g,과자,비스킷류,26,11,30.0,17,4,2,2025-04-11,2025-04 중순,23.5294
123089,와일드 터키 마스터스 킵 보이지,양주와인,양주,30,25,30.0,30,0,0,2025-04-11,2025-04 중순,0.0
390820,LG)바디피트슈퍼롱&와이드10P,위생용품,생리대,21,9,30.0,16,4,1,2025-04-12,2025-04 중순,25.0
124419,오리온)뉴비틀즈57g,과자,캔디류,22,11,30.0,14,6,0,2025-04-11,2025-04 중순,42.8571
107685,K리그)산리오캐리어(단체),과자,캔디류,24,11,30.0,20,2,2,2025-04-11,2025-04 중순,10.0
115926,농심)꿀꽈배기90g,과자,스낵류,24,10,30.0,11,5,4,2025-04-11,2025-04 중순,45.4545
107797,K리그산리오)인형_헬로키티,문구/완구,일반완구,27,8,30.0,25,1,1,2025-04-11,2025-04 중순,4.0
123299,스위트)트러플모찌초콜릿87g,과자,초콜릿,27,13,30.0,24,0,3,2025-04-12,2025-04 중순,0.0
132308,PB)강릉교동반점짬뽕(직화),면,용기면,19,8,30.0,13,5,1,2025-04-13,2025-04 중순,38.4615
220531,동원)양반참치죽285g,가공식품,가공미반류,28,12,30.0,17,6,0,2025-04-12,2025-04 중순,35.2941
124305,제이탑)큐브쫀득쿠키(후르츠)50g,디저트,냉장베이커리,26,13,30.0,19,3,2,2025-04-11,2025-04 중순,15.7895
111519,크라운)못말리는신짱1500,과자,스낵류,23,13,30.0,11,7,1,2025-04-11,2025-04 중순,63.6364
202655,이노엔)티로그청귤아이스티500ml,음료,차음료,23,8,30.0,13,6,1,2025-04-11,2025-04 중순,46.1538
123415,마즈)스키틀즈오리지널45g,과자,캔디류,24,13,30.0,17,5,0,2025-04-11,2025-04 중순,29.4118
124799,MDS)밀크크림고구마무스100g,디저트,냉장베이커리,29,18,30.0,24,2,1,2025-04-11,2025-04 중순,8.3333
109939,시바스리갈18년 700ml,양주와인,양주,25,18,30.0,22,2,1,2025-04-11,2025-04 중순,9.0909
083640,삼립)NEW초코블랑48g,빵,구움과자,26,12,30.0,15,5,2,2025-04-11,2025-04 중순,33.3333
211039,롯데)설레임160ml,아이스크림,노벨티,22,9,30.0,16,5,0,2025-04-11,2025-04 중순,31.25
109476,빙그레)요맘때리치피치270ml,아이스크림,홈타입,29,19,30.0,21,2,3,2025-04-11,2025-04 중순,9.5238
109843,발베니25년700ml,양주와인,양주,28,20,30.0,26,0,2,2025-04-12,2025-04 중순,0.0
100431,마즈)트윅스1500,과자,초콜릿,30,16,30.0,18,6,0,2025-04-12,2025-04 중순,33.3333
104535,크라운)죠리퐁1500,과자,스낵류,18,9,30.0,10,7,0,2025-04-12,2025-04 중순,70.0
107580,농심)치타라24g,안주,스낵안주,28,22,30.0,26,0,2,2025-04-11,2025-04 중순,0.0
124331,샤또 몽로즈 18,양주와인,와인,29,27,30.0,28,0,1,2025-04-12,2025-04 중순,0.0
162397,PB)고구마씬스틱50g,안주,농산안주,19,9,30.0,12,4,3,2025-04-11,2025-04 중순,33.3333
123108,롯데)치즈&치즈버거,조리빵,햄버거,26,16,30.0,21,2,2,2025-04-11,2025-04 중순,9.5238
083777,삼립)피카피카치즈케익80g,빵,간식빵,22,11,30.0,11,6,2,2025-04-11,2025-04 중순,54.5455
140624,오뚜기)쇠고기미역국밥컵밥,가공식품,가공미반류,29,9,30.0,26,1,1,2025-04-11,2025-04 중순,3.8462
123723,크라운)헬로키티스트로베리콘60g,과자,스낵류,19,9,30.0,13,5,1,2025-04-12,2025-04 중순,38.4615
202262,HK)컨디션헛개수EX500ml,음료,차음료,24,9,30.0,15,6,0,2025-04-11,2025-04 중순,40.0
192542,메타)글렌알라키8년에디션,양주와인,양주,28,19,30.0,24,1,2,2025-04-11,2025-04 중순,4.1667
083326,롯데)빅단팥빵100g,빵,간식빵,20,13,30.0,12,5,2,2025-04-11,2025-04 중순,41.6667
192468,페르)제임슨오리지널500ml,양주와인,양주,27,18,29.0,23,1,2,2025-04-11,2025-04 중순,4.3478
106094,MDS)젤리블리블랙사파이어60g,디저트,젤리,21,7,29.0,11,7,0,2025-04-11,2025-04 중순,63.6364
124540,그린)닭가슴살몸짱버거,조리빵,햄버거,27,17,29.0,23,1,2,2025-04-11,2025-04 중순,4.3478
104323,해태)초코홈런볼46g,과자,비스킷류,23,11,29.0,11,6,2,2025-04-11,2025-04 중순,54.5455
201966,웅진)초록매실마일드500ml,음료,전통음료,20,10,29.0,15,4,1,2025-04-12,2025-04 중순,26.6667
192646,7P)스트롱사와자몽350ml,양주와인,하이볼,26,13,29.0,21,1,3,2025-04-11,2025-04 중순,4.7619
109632,로로)스모어초코아이스110g,아이스크림,노벨티,27,16,29.0,20,4,0,2025-04-11,2025-04 중순,20.0
112246,세븐브로이)하이볼에빠진파인애플500ml캔,양주와인,하이볼,26,15,29.0,20,3,1,2025-04-12,2025-04 중순,15.0
123550,드림)프란찌딸기크림쿠키58g,과자,비스킷류,22,10,29.0,16,4,1,2025-04-11,2025-04 중순,25.0
191976,산타리타트리플C,양주와인,와인,28,22,29.0,25,1,1,2025-04-11,2025-04 중순,4.0
062168,매일)바리스타디카페인325ml,유음료,컵커피,26,9,29.0,20,3,1,2025-04-12,2025-04 중순,15.0
109500,PB)NEW푸하하리얼딸기크림빵110g,디저트,냉장베이커리,20,7,29.0,12,4,3,2025-04-11,2025-04 중순,33.3333
123942,롯데)산타리타트리플C블랙에디션750ml,양주와인,와인,28,20,29.0,25,1,1,2025-04-11,2025-04 중순,4.0
180151,아사히)아사히500ml캔,맥주,수입맥주,28,20,29.0,23,2,1,2025-04-11,2025-04 중순,8.6957
115052,롯데)후라보노레이디,과자,껌,18,9,29.0,10,6,1,2025-04-13,2025-04 중순,60.0
061524,남양)맛있는우유900ml*2입,유음료,흰우유,20,7,29.0,15,4,1,2025-04-13,2025-04 중순,26.6667
170956,어메이징)이천쌀맥주500ml캔,맥주,국산맥주,29,2,29.0,27,1,0,2025-04-11,2025-04 중순,3.7037
104437,해태)에이스121g,과자,비스킷류,24,11,29.0,11,7,1,2025-04-11,2025-04 중순,63.6364
113434,롯데)아몬드초코볼2300,과자,초콜릿,16,8,29.0,9,6,1,2025-04-11,2025-04 중순,66.6667
191238,조닌프로세코750ml,양주와인,와인,26,18,29.0,21,1,3,2025-04-11,2025-04 중순,4.7619
180179,하이네)하이네켄500ml캔,맥주,수입맥주,25,14,29.0,19,4,0,2025-04-11,2025-04 중순,21.0526
150976,끌레도르)베리믹스바90ml,아이스크림,노벨티,23,10,29.0,19,2,2,2025-04-11,2025-04 중순,10.5263
162143,바프)허니버터아몬드40g,안주,너트류,19,11,28.0,14,4,1,2025-04-11,2025-04 중순,28.5714
132869,농심)신라면더레드큰사발,면,용기면,18,6,28.0,11,6,0,2025-04-14,2025-04 중순,54.5455
180036,오비)카스500ml캔,맥주,국산맥주,26,20,28.0,21,3,0,2025-04-11,2025-04 중순,14.2857
124559,엠즈)유자크림롤80g,디저트,냉장베이커리,22,9,28.0,16,3,2,2025-04-11,2025-04 중순,18.75
600638,PB)바삭한튀김건빵200g,과자,스낵류,24,11,28.0,14,6,0,2025-04-11,2025-04 중순,42.8571
181017,선양)선양소주360ml병,전통주,소주,26,16,28.0,24,0,2,2025-04-11,2025-04 중순,0.0
116652,MZ)홀스xs후르츠믹스,과자,캔디류,22,9,28.0,12,5,2,2025-04-11,2025-04 중순,41.6667
105773,PB)카덴유부우동259g,냉장,냉장간편식,23,13,28.0,15,3,3,2025-04-11,2025-04 중순,20.0
202435,코카)몬스터(망고로코)355,음료,기능성드링크,27,13,28.0,16,5,1,2025-04-11,2025-04 중순,31.25
104288,해태)칼로리바란스치즈76g,과자,비스킷류,26,11,28.0,16,4,2,2025-04-11,2025-04 중순,25.0
062268,매일)셀렉스드링크초코330ml,유음료,프로틴 음료,23,12,28.0,18,3,1,2025-04-11,2025-04 중순,16.6667
116102,동서)리츠치즈샌드크래커96g,과자,비스킷류,23,16,28.0,17,2,3,2025-04-11,2025-04 중순,11.7647
113211,오리온)초코파이468g,과자,비스킷류,27,12,28.0,18,4,1,2025-04-11,2025-04 중순,22.2222
132798,농심)사리곰탕소컵,면,용기면,18,8,28.0,11,6,0,2025-04-12,2025-04 중순,54.5455
109383,즉석)블루치즈고르곤졸라피자,즉석 식품,즉석조리,26,12,28.0,21,3,0,2025-04-11,2025-04 중순,14.2857
192029,롯데)브레드앤버터피노누아750ml,양주와인,와인,27,9,28.0,26,0,1,2025-04-11,2025-04 중순,0.0
053143,즉석)한입쏙붕어빵(단팥),즉석 식품,즉석간식,24,19,28.0,22,2,0,2025-04-12,2025-04 중순,9.0909
117755,해태)포키오리지날46g,과자,비스킷류,22,11,28.0,12,5,2,2025-04-11,2025-04 중순,41.6667
106824,스윗)케이준치킨너겟샐러드165g,미반,샐러드 ,28,21,27.5,21,0,4,2025-04-11,2025-04 중순,0.0
109132,매일)바리스타설탕무첨가라떼325ml,유음료,컵커피,23,12,27.0,21,2,0,2025-04-12,2025-04 중순,9.5238
108805,롯데)올뉴빅닭강정,미반,푸드 간편식,18,8,27.0,13,4,1,2025-04-13,2025-04 중순,30.7692
123691,G)스틱휘낭시에초콜릿39g,빵,구움과자,23,13,27.0,17,4,0,2025-04-11,2025-04 중순,23.5294
106676,크라운)마이쮸리치44g,과자,캔디류,17,8,27.0,9,5,2,2025-04-11,2025-04 중순,55.5556
124912,PB)수피마 블랙 티셔츠 100_H,패션잡화,팬티/내의,23,13,27.0,18,2,2,2025-04-17,2025-04 중순,11.1111
108734,정관장)에너지활기력샷20ml,건강/기호식품,건강/이너뷰티,23,10,27.0,17,4,0,2025-04-14,2025-04 중순,23.5294
105927,스위트)지렁이젤리사우어미니10g,과자,젤리류,23,8,27.0,14,4,2,2025-04-11,2025-04 중순,28.5714
123281,디사론노700ml,양주와인,리쿼,23,18,27.0,19,0,4,2025-04-11,2025-04 중순,0.0
083973,에이스)전주수제초코파이90g,빵,구움과자,19,10,27.0,11,6,0,2025-04-11,2025-04 중순,54.5455
062034,서울)흰우유300ml,유음료,흰우유,16,7,27.0,10,5,1,2025-04-11,2025-04 중순,50.0
141102,삼양)까르보불닭떡볶이(컵),가공식품,가공미반류,22,14,27.0,17,3,1,2025-04-11,2025-04 중순,17.6471
201418,칠성)트레비(라임)500ml,음료,생수,21,6,27.0,14,5,0,2025-04-12,2025-04 중순,35.7143
124562,롯데)빼빼로인절미팥빙수맛37g,과자,비스킷류,18,8,27.0,13,4,1,2025-04-11,2025-04 중순,30.7692
107560,농심)누들핏짜파구리맛,면,용기면,23,19,27.0,21,2,0,2025-04-11,2025-04 중순,9.5238
123096,삼경)푸쵸스틱캔디소다맛50g,과자,캔디류,19,6,27.0,13,5,0,2025-04-12,2025-04 중순,38.4615
170456,하이트)필라이트후레쉬500ml캔,맥주,국산맥주,19,9,27.0,13,5,0,2025-04-12,2025-04 중순,38.4615
124948,삼립)끼리레몬크림치즈케익95g,디저트,냉장베이커리,22,16,27.0,17,3,1,2025-04-11,2025-04 중순,17.6471
192086,신세계)페데리코까바브뤼750ml,양주와인,와인,26,14,27.0,23,1,1,2025-04-11,2025-04 중순,4.3478
372019,싸다고)샤프란핑크센세이션리필2_H,가정용품,세제류,17,2,27.0,12,5,0,2025-04-11,2025-04 중순,41.6667
073125,하림)닭가슴살블랙페퍼100g,냉장,냉장간식,21,11,27.0,18,3,0,2025-04-11,2025-04 중순,16.6667
191924,본테라카베르네소비뇽,양주와인,와인,22,13,27.0,17,3,1,2025-04-11,2025-04 중순,17.6471
124156,블루밍)미니뿌인형키링set_브라운,과자,초콜릿,27,24,27.0,27,0,0,2025-04-11,2025-04 중순,0.0
125115,울트라트리플치즈버거,조리빵,햄버거,19,14,27.0,15,4,0,2025-04-16,2025-04 중순,26.6667
132649,오뚜기)크림진짬뽕큰컵,면,용기면,17,5,27.0,10,6,0,2025-04-12,2025-04 중순,60.0
201967,하이트)블랙보리520ml,음료,차음료,15,7,27.0,9,6,0,2025-04-11,2025-04 중순,66.6667
116670,롯데)도리토스나쵸치즈맛84g,과자,스낵류,23,10,27.0,13,6,0,2025-04-11,2025-04 중순,46.1538
105158,칠성)칸타타아이스블랙커피320ml,즉석음료,파우치,19,11,27.0,15,4,0,2025-04-11,2025-04 중순,26.6667
107455,덴마크)테이크얼라이브블렌드레몬캐모마일 300ml,유음료,냉장주스,24,15,27.0,16,4,1,2025-04-11,2025-04 중순,25.0
192529,피치트리700ml,양주와인,양주,25,18,27.0,21,1,2,2025-04-11,2025-04 중순,4.7619
115430,동서)오레오씬즈바닐라84g,과자,비스킷류,22,13,27.0,13,5,1,2025-04-12,2025-04 중순,38.4615
124042,일신)캇예스사우어구미75g,과자,젤리류,22,9,27.0,17,3,1,2025-04-12,2025-04 중순,17.6471
220749,오뚜기)작은밥150g,가공식품,가공미반류,19,11,27.0,12,4,2,2025-04-11,2025-04 중순,33.3333
124132,롯데)이너프베이크드쿠키크랜베리43g,과자,비스킷류,20,9,27.0,16,3,1,2025-04-11,2025-04 중순,18.75
113974,롯데)왓따(콜라),과자,껌,15,7,27.0,9,6,0,2025-04-14,2025-04 중순,66.6667
124266,롯데)듬뿍에그유부초밥,미반,초밥류,24,12,27.0,18,3,1,2025-04-11,2025-04 중순,16.6667
030329,풀무원)올바른샐러드고구마100g,간식,샐러드(삭제예정),20,9,26.0,11,3,4,2025-04-11,2025-04 중순,27.2727
106032,크라운)밤양갱,과자,캔디류,23,14,26.0,14,3,3,2025-04-11,2025-04 중순,21.4286
109913,토마스파클링(12입),양주와인,와인,24,20,26.0,22,0,2,2025-04-11,2025-04 중순,0.0
192572,조닌카스텔로모스카750ml,양주와인,와인,23,18,26.0,21,1,1,2025-04-11,2025-04 중순,4.7619
212050,빙그레)슈크림붕어싸만코150ml,아이스크림,노벨티,18,4,26.0,11,4,2,2025-04-11,2025-04 중순,36.3636
180948,롯데)새로소주360ml병,전통주,소주,22,12,26.0,14,5,0,2025-04-11,2025-04 중순,35.7143
600247,PB)미니쌀약과180g,과자,비스킷류,19,9,26.0,9,6,1,2025-04-11,2025-04 중순,66.6667
124909,PB)수피마 화이트 티셔츠 100_H,패션잡화,팬티/내의,21,12,26.0,18,2,1,2025-04-17,2025-04 중순,11.1111
201889,칠성)칸타타흑당라떼275ml,음료,커피음료,18,9,26.0,11,4,2,2025-04-12,2025-04 중순,36.3636
030682,삼립)에그가먼저닭미니샐러드,미반,샐러드 ,25,18,26.0,21,0,3,2025-04-11,2025-04 중순,0.0
083224,삼립)잼있는딸기쿠키75g,빵,구움과자,22,10,26.0,14,5,0,2025-04-11,2025-04 중순,35.7143
106769,PB)착한꿀호떡95g,빵,간식빵,20,9,26.0,12,4,2,2025-04-11,2025-04 중순,33.3333
070142,서울)딸기우유200ml,유음료,가공우유,20,10,26.0,10,5,2,2025-04-11,2025-04 중순,50.0
370527,LG)샤프란케어담배냄새탈취100ml_H,가정용품,방향제,18,8,26.0,10,6,0,2025-04-11,2025-04 중순,60.0
122437,이노엔)컨디션스틱오리지널,건강/기호식품,숙취해소제,18,10,26.0,11,4,2,2025-04-11,2025-04 중순,36.3636
124461,조니워커 블랙 루비 700ml,양주와인,양주,22,16,26.0,18,0,4,2025-04-11,2025-04 중순,0.0
132339,오뚜기)진짬뽕큰컵,면,용기면,19,10,26.0,11,5,1,2025-04-11,2025-04 중순,45.4545
062551,빙그레)스페셜티안티오키아460ml,유음료,가공우유,26,16,26.0,16,5,0,2025-04-12,2025-04 중순,31.25
132169,농심)오징어짬뽕큰사발,면,용기면,18,6,26.0,12,5,0,2025-04-11,2025-04 중순,41.6667
108682,PB)착한통닭다리(매콤),냉장,냉장안주,19,8,26.0,10,4,3,2025-04-11,2025-04 중순,40.0
362014,애경)2080슈퍼클린칫솔_H,H&B,칫솔,18,11,26.0,14,4,0,2025-04-11,2025-04 중순,28.5714
083853,삼립)발효버터스트로베리데니쉬,빵,간식빵,17,11,26.0,11,3,3,2025-04-11,2025-04 중순,27.2727
160463,웅진)아침햇살500ml,음료,전통음료,19,5,26.0,11,5,1,2025-04-12,2025-04 중순,45.4545
601674,농심)빵부장초코빵55g,과자,스낵류,24,11,26.0,17,4,0,2025-04-12,2025-04 중순,23.5294
119888,오리온)와우블랙레몬21g,과자,껌,16,10,26.0,11,5,0,2025-04-11,2025-04 중순,45.4545
150947,롯데)스크류바75ml,아이스크림,노벨티,26,8,26.0,16,5,0,2025-04-11,2025-04 중순,31.25
191235,조닌끼안티750ml,양주와인,와인,22,14,26.0,19,1,2,2025-04-11,2025-04 중순,5.2632
105969,매일)피크닉사과240ml,유음료,냉장주스,18,6,26.0,10,6,0,2025-04-11,2025-04 중순,60.0
109787,PB)착한후랑크(오리지널),냉장,냉장간식,23,10,26.0,15,4,1,2025-04-11,2025-04 중순,26.6667
124871,맨시티 솔리드 엠블럼 볼캡,패션잡화,시즌/소품,18,8,26.0,12,5,0,2025-04-11,2025-04 중순,41.6667
112115,크라운)마이쮸포도44g,과자,캔디류,17,7,26.0,10,5,1,2025-04-11,2025-04 중순,50.0
105292,25년)얼음컵(빅볼),즉석음료,얼음,18,8,25.0,12,4,1,2025-04-12,2025-04 중순,33.3333
124780,해태)구운양파명랑핫도그맛110g,과자,스낵류,19,7,25.0,13,3,2,2025-04-11,2025-04 중순,23.0769
083846,삼립)주종발효카스타드단팥빵,빵,간식빵,16,7,25.0,9,5,1,2025-04-11,2025-04 중순,55.5556
115477,탐나불린 쇼비뇽블랑 700ml,양주와인,양주,21,13,25.0,17,3,0,2025-04-11,2025-04 중순,17.6471
124621,하림)오늘단백돌체라떼250ml,유음료,프로틴 음료,20,5,25.0,13,4,1,2025-04-12,2025-04 중순,30.7692
170263,오비)호가든500ml캔,맥주,수입맥주,21,15,25.0,17,3,0,2025-04-11,2025-04 중순,17.6471
123412,클룹)애사비소다(체리)500ml,음료,탄산음료,21,7,25.0,18,1,2,2025-04-11,2025-04 중순,5.5556
083910,엔제이)앙도넛100g,빵,간식빵,15,6,25.0,9,4,2,2025-04-11,2025-04 중순,44.4444
109528,선우)스모어초콜릿55g,과자,초콜릿,17,8,25.0,11,5,0,2025-04-12,2025-04 중순,45.4545
170192,HK)헛개컨디션100ml,음료,기능성드링크,16,7,25.0,9,5,1,2025-04-11,2025-04 중순,55.5556
210720,롯데)빠삐코130ml,아이스크림,노벨티,19,8,25.0,9,5,2,2025-04-11,2025-04 중순,55.5556
124384,대림)안심닭가슴살(블랙페퍼)100g,냉장,냉장간식,21,10,25.0,13,2,4,2025-04-11,2025-04 중순,15.3846
361184,LG)페리오토탈7치약_H,H&B,치약,19,8,25.0,14,4,0,2025-04-13,2025-04 중순,28.5714
119516,동서)오레오씬즈초코무스84g,과자,비스킷류,20,13,25.0,12,3,3,2025-04-13,2025-04 중순,25.0
109726,발베니21년포트우드700ml,양주와인,양주,23,20,25.0,22,1,0,2025-04-17,2025-04 중순,4.5455
106895,네슬레)킷캣4핑거(녹차)35g,과자,초콜릿,22,9,25.0,14,4,1,2025-04-11,2025-04 중순,28.5714
601571,부르봉)랑그드샤블란츄78g,과자,비스킷류,20,14,25.0,17,2,1,2025-04-12,2025-04 중순,11.7647
092870,풀무원)소가부침두부290g,신선,야채,17,11,25.0,13,4,0,2025-04-11,2025-04 중순,30.7692
191576,브라운)잭다니엘스허니500ml,양주와인,양주,23,5,25.0,22,1,0,2025-04-11,2025-04 중순,4.5455
072764,한성)크래미90g,냉장,냉장간식,22,7,25.0,15,2,3,2025-04-12,2025-04 중순,13.3333
180865,제주와이너리귤로만10도*3병,전통주,기타전통주,22,17,25.0,20,1,1,2025-04-11,2025-04 중순,5.0
124976,해태)오예스요것이그릭습니다,과자,비스킷류,16,7,25.0,11,4,1,2025-04-12,2025-04 중순,36.3636
071550,CJ)맥스봉치즈플러스55g,냉장,냉장간식,24,21,25.0,21,1,1,2025-04-11,2025-04 중순,4.7619
402112,수젠텍)코로나자가검사키트2입,약품/의료품,의료기기,21,9,25.0,17,3,0,2025-04-11,2025-04 중순,17.6471
083774,삼립)고오스초코케익80g,빵,간식빵,17,10,25.0,12,3,2,2025-04-11,2025-04 중순,25.0
041568,PB)푸하하리얼딸기크림빵110g,디저트,냉장베이커리,23,16,25.0,18,0,4,2025-04-11,2025-04 중순,0.0
124635,키키쿼카)쁘띠키링set,과자,캔디류,22,18,25.0,18,2,1,2025-04-11,2025-04 중순,11.1111
112721,롯데)꼬깔콘매콤달콤67g,과자,스낵류,17,6,25.0,9,6,0,2025-04-11,2025-04 중순,66.6667
070588,서울)목장의신선한우유1L,유음료,흰우유,19,7,25.0,11,4,2,2025-04-11,2025-04 중순,36.3636
123148,유앤)슈퍼라지킹고구마칩258g,과자,스낵류,26,10,25.0,24,0,1,2025-04-11,2025-04 중순,0.0
192112,조니워커블루750ml,양주와인,양주,20,17,25.0,15,0,5,2025-04-11,2025-04 중순,0.0
115373,오리온)찍먹오감자스윗칠리75g,과자,스낵류,16,5,24.0,7,5,2,2025-04-13,2025-04 중순,71.4286
115820,48-08_오퍼링,양주와인,와인,24,21,24.0,24,0,0,2025-04-11,2025-04 중순,0.0
141705,하림)더미식차돌육개장350g,가공식품,상온간편식,16,7,24.0,12,4,0,2025-04-11,2025-04 중순,33.3333
124733,칠성)핫식스더킹메가제로500ml,음료,기능성드링크,20,14,24.0,18,2,0,2025-04-11,2025-04 중순,11.1111
124213,폴로져 비노테크 브뤼 빈티지 2002 NEW,양주와인,와인,24,20,24.0,24,0,0,2025-04-11,2025-04 중순,0.0
117144,해태)자유시간아몬드36g,과자,초콜릿,19,5,24.0,10,5,1,2025-04-12,2025-04 중순,50.0
107666,K리그)산리오캐리어(시나모롤),과자,캔디류,23,12,24.0,18,2,1,2025-04-11,2025-04 중순,11.1111
109943,레드브레스트12년 700ml,양주와인,양주,21,16,24.0,15,3,1,2025-04-11,2025-04 중순,20.0
240513,PB)참고소한도시락김5g,조미료/건물,건해산물,19,7,24.0,12,4,1,2025-04-12,2025-04 중순,33.3333
124633,유앤)드럼스틱젤리(두가지맛믹스)80g,과자,젤리류,20,16,24.0,18,2,0,2025-04-11,2025-04 중순,11.1111
113577,롯데)빈츠102g(12입),과자,비스킷류,24,6,24.0,11,5,2,2025-04-12,2025-04 중순,45.4545
124267,또스띠 핑크 모스까또,양주와인,와인,23,18,24.0,19,0,3,2025-04-12,2025-04 중순,0.0
600774,오리온)리찌알맹이67g,과자,젤리류,20,2,24.0,16,3,0,2025-04-12,2025-04 중순,18.75
190671,아영)디아블로까베르네소비뇽375,양주와인,와인,22,16,24.0,21,1,0,2025-04-11,2025-04 중순,4.7619
601333,오리온)와우아이셔21g,과자,껌,17,5,24.0,9,5,1,2025-04-12,2025-04 중순,55.5556
109461,롯데)켄터키직화핫바매콤화끈65g,냉장,냉장간식,23,17,24.0,18,2,1,2025-04-11,2025-04 중순,11.1111
107414,하이트)테라라이트500ml캔,맥주,국산맥주,17,10,24.0,13,3,1,2025-04-11,2025-04 중순,23.0769
201276,광동)제주삼다수2.0L,음료,생수,16,8,24.0,10,5,0,2025-04-11,2025-04 중순,50.0
161426,한양)숏다리20g,안주,오징어,15,7,24.0,8,5,1,2025-04-12,2025-04 중순,62.5
124045,해태)자유시간쿠키앤티라미수,과자,초콜릿,19,9,24.0,14,3,1,2025-04-11,2025-04 중순,21.4286
600639,PB)고소한검은깨건빵200g,과자,스낵류,18,12,24.0,13,4,0,2025-04-11,2025-04 중순,30.7692
390875,유한)좋은느낌울트라날개중18P,위생용품,생리대,18,12,24.0,15,3,0,2025-04-11,2025-04 중순,20.0
113722,롯데)스피아민트스틱,과자,껌,18,4,24.0,9,6,0,2025-04-12,2025-04 중순,66.6667
124328,샤또 피숑롱그빌바롱18,양주와인,와인,22,18,24.0,21,1,0,2025-04-11,2025-04 중순,4.7619
062380,PB)헬로맨카페라떼320ml,유음료,컵커피,22,6,24.0,19,2,0,2025-04-11,2025-04 중순,10.5263
170361,에이이)코젤다크500ml캔,맥주,수입맥주,18,7,24.0,11,5,0,2025-04-11,2025-04 중순,45.4545
109824,SAMG)캐치티니핑유기농솜사탕12g,과자,캔디류,17,9,24.0,11,4,1,2025-04-13,2025-04 중순,36.3636
106546,동원)동원샘물2L,음료,생수,18,9,24.0,13,4,0,2025-04-11,2025-04 중순,30.7692
106712,롯데)켄터키직화핫바65g,냉장,냉장간식,20,11,24.0,14,4,0,2025-04-11,2025-04 중순,28.5714
140876,CJ)햇반불고기덮밥(컵반),가공식품,가공미반류,17,9,24.0,13,3,1,2025-04-11,2025-04 중순,23.0769
111550,크라운)쿠크다스1500(9입),과자,비스킷류,18,5,24.0,11,5,0,2025-04-11,2025-04 중순,45.4545
160252,코카)파워에이드마운틴600ml,음료,스포츠음료,18,8,24.0,11,5,0,2025-04-11,2025-04 중순,45.4545
222637,잇웨이)멕시카나간장닭강정250g,냉동,조리냉동,20,4,24.0,16,3,0,2025-04-16,2025-04 중순,18.75
124218,에곤 뮬러 샤르초프베르거 카비넷 20,양주와인,와인,23,18,24.0,22,0,1,2025-04-11,2025-04 중순,0.0
191651,금양)시데랄750ml,양주와인,와인,18,7,24.0,15,3,0,2025-04-11,2025-04 중순,20.0
106714,빙그레)사이즈업벤티아메리카노600ml,음료,커피음료,22,10,24.0,15,4,0,2025-04-11,2025-04 중순,26.6667
107667,K리그)산리오캐리어(헬로키티),과자,캔디류,22,11,24.0,20,0,2,2025-04-11,2025-04 중순,0.0
106684,농심)짜파게티더블랙4입,면,봉지면,25,13,24.0,23,0,1,2025-04-12,2025-04 중순,0.0
132868,오뚜기)열라면소컵,면,용기면,17,4,23.0,10,5,0,2025-04-12,2025-04 중순,50.0
108828,하이트)기린이치방당류제로500ml캔,맥주,수입맥주,19,13,23.0,14,2,2,2025-04-11,2025-04 중순,14.2857
107133,G)보바티멜론배320ml,음료,차음료,21,12,23.0,19,0,2,2025-04-11,2025-04 중순,0.0
124250,벤리악30년700ml,양주와인,양주,20,17,23.0,17,0,3,2025-04-12,2025-04 중순,0.0
124157,블루밍)미니뿌인형키링set_화이트,과자,초콜릿,21,17,23.0,20,1,0,2025-04-11,2025-04 중순,5.0
073422,삼립)쓱닭쓱닭블랙페퍼100g,냉장,냉장간식,23,16,23.0,14,3,2,2025-04-11,2025-04 중순,21.4286
071092,풀무원)소가씻어나온콩나물220g,신선,야채,15,4,23.0,9,5,0,2025-04-14,2025-04 중순,55.5556
115577,카발란 하이볼 위스키소다(24입),양주와인,양주,23,22,23.0,23,0,0,2025-04-12,2025-04 중순,0.0
141522,PB)고기듬뿍미역국(컵),가공식품,상온간편식,21,10,23.0,16,3,0,2025-04-11,2025-04 중순,18.75
161177,칠성)칸타타아메리카노275ml,음료,커피음료,15,5,23.0,11,4,0,2025-04-12,2025-04 중순,36.3636
114391,플라네타 코메타750ml,양주와인,와인,21,18,23.0,19,0,2,2025-04-11,2025-04 중순,0.0
107466,PB)산리오K리그베리베리사우어젤리40g,과자,젤리류,19,10,23.0,14,2,2,2025-04-11,2025-04 중순,14.2857
180564,서울탁)장수생막걸리750ml(센터),전통주,막걸리,21,12,23.0,20,1,0,2025-04-11,2025-04 중순,5.0
120462,동서)미니카누마일드10입,건강/기호식품,커피,17,6,23.0,12,4,0,2025-04-12,2025-04 중순,33.3333
113193,롯데)칸쵸1300,과자,비스킷류,21,9,23.0,14,4,0,2025-04-12,2025-04 중순,28.5714
115136,하리보)푸르티부시젤리100g,과자,젤리류,18,8,23.0,11,4,1,2025-04-11,2025-04 중순,36.3636
121921,이노엔)컨디션환3입,건강/기호식품,숙취해소제,15,6,23.0,9,5,0,2025-04-13,2025-04 중순,55.5556
113788,MQ)프링글스오리지날110g,과자,스낵류,19,13,23.0,12,3,2,2025-04-11,2025-04 중순,25.0
107510,빙그레)왕실쿠키샌드바닐라120ml,아이스크림,노벨티,21,10,23.0,15,2,2,2025-04-12,2025-04 중순,13.3333
053179,오리지날소떡꼬치,즉석 식품,즉석치킨,21,10,23.0,9,5,2,2025-04-13,2025-04 중순,55.5556
115507,카발란 솔리스트 쉐리,양주와인,양주,19,14,23.0,16,1,2,2025-04-11,2025-04 중순,6.25
123637,엠즈)39저당초코크림롤105g,디저트,냉장베이커리,20,9,23.0,17,0,3,2025-04-13,2025-04 중순,0.0
105299,대호)Big복숭아아이스티320ml,즉석음료,파우치,14,6,23.0,9,4,1,2025-04-11,2025-04 중순,44.4444
372056,LG)테크실내건조1.4L(공용)_H,가정용품,세제류,19,11,23.0,14,2,2,2025-04-12,2025-04 중순,14.2857
123937,펜폴즈 쿠능가 힐 쉬라즈,양주와인,와인,19,13,23.0,14,2,2,2025-04-12,2025-04 중순,14.2857
123049,델토리)초코단짠새우칩60g,과자,스낵류,14,2,23.0,9,4,1,2025-04-15,2025-04 중순,44.4444
124142,훼밀리)BBQ마시멜로우30g,과자,캔디류,19,11,23.0,13,1,4,2025-04-11,2025-04 중순,7.6923
230019,동서)보리차300g,건강/기호식품,차,16,6,23.0,12,3,1,2025-04-12,2025-04 중순,25.0
192126,반피센티네750ml,양주와인,와인,16,9,23.0,12,3,1,2025-04-14,2025-04 중순,25.0
124289,훼밀리)포도무케루푸루푸루구미40g,과자,젤리류,15,7,23.0,8,4,2,2025-04-11,2025-04 중순,50.0
132805,대상)멸치쌀국수92g,면,용기면,17,9,23.0,12,4,0,2025-04-12,2025-04 중순,33.3333
113680,네이키드 몰트700ml,양주와인,양주,18,12,22.0,12,1,4,2025-04-11,2025-04 중순,8.3333
123090,러셀 리저브 10년,양주와인,양주,17,11,22.0,14,2,1,2025-04-11,2025-04 중순,14.2857
109554,PB)착한요구르트대용량500ml,유음료,요구르트,16,9,22.0,11,4,0,2025-04-11,2025-04 중순,36.3636
108654,네슬레)다막피스타치오60G,과자,초콜릿,13,4,22.0,8,4,1,2025-04-13,2025-04 중순,50.0
201004,칠성)립톤아이스티500ml,음료,차음료,15,7,22.0,9,4,1,2025-04-11,2025-04 중순,44.4444
124622,하림)오늘단백카라멜라떼250ml,유음료,프로틴 음료,18,7,22.0,14,3,0,2025-04-12,2025-04 중순,21.4286
601331,7P)화이트초코러스크90g,과자,비스킷류,17,11,22.0,12,0,5,2025-04-11,2025-04 중순,0.0
083884,삼립)발효버터빅스위트데니쉬,빵,간식빵,14,5,22.0,8,5,0,2025-04-11,2025-04 중순,62.5
122762,이노엔)컨디션스틱자두18g,건강/기호식품,숙취해소제,15,9,22.0,11,3,1,2025-04-12,2025-04 중순,27.2727
108547,삼경)하리보마시멜로우150g,과자,캔디류,20,10,22.0,17,2,0,2025-04-12,2025-04 중순,11.7647
113504,하겐)크리스피샌드로얄카페모카60ml,아이스크림,고급,18,9,22.0,13,2,2,2025-04-11,2025-04 중순,15.3846
362600,도루코)PACE5중날휴대면도기1입_H,H&B,면도용품,16,9,22.0,13,3,0,2025-04-11,2025-04 중순,23.0769
202702,칠성)핫식스더킹피치355ml,음료,기능성드링크,18,11,22.0,14,3,0,2025-04-13,2025-04 중순,21.4286
092392,돌코리아)후룻컵복숭아198g,신선,과일,18,3,22.0,14,3,0,2025-04-15,2025-04 중순,21.4286
124556,엔제이)훈와리스팀케이크카스타드,빵,간식빵,20,15,22.0,16,1,2,2025-04-11,2025-04 중순,6.25
390874,유한)좋은느낌울트라날개중4P,위생용품,생리대,18,7,22.0,14,3,0,2025-04-11,2025-04 중순,21.4286
124330,샤또 꼬스데스뚜르넬18,양주와인,와인,19,15,22.0,17,1,1,2025-04-11,2025-04 중순,5.8824
124262,맥캘란 25년 셰리오크,양주와인,양주,19,18,22.0,16,0,3,2025-04-11,2025-04 중순,0.0
105064,황금어묵바,즉석 식품,즉석치킨,13,5,22.0,8,4,1,2025-04-11,2025-04 중순,50.0
123354,더 그레이프 그라인더 슈냉블랑,양주와인,와인,22,17,22.0,19,0,2,2025-04-11,2025-04 중순,0.0
150143,하겐)컵딸기,아이스크림,고급,20,13,22.0,15,3,0,2025-04-12,2025-04 중순,20.0
123810,서주)허쉬생초코바90ml,아이스크림,노벨티,21,11,22.0,12,4,1,2025-04-11,2025-04 중순,33.3333
117276,MZ)홀스xs멘토립터스,과자,캔디류,17,7,22.0,10,4,1,2025-04-13,2025-04 중순,40.0
200603,동서)TOP마스터라떼200ml,음료,커피음료,14,7,22.0,8,5,0,2025-04-11,2025-04 중순,62.5
114021,롯데)가나밀크2800,과자,초콜릿,16,6,22.0,8,4,2,2025-04-12,2025-04 중순,50.0
192596,52-05_제이)달모어12년(쉐리)700ml,양주와인,양주,21,12,22.0,17,0,3,2025-04-11,2025-04 중순,0.0
132824,오뚜기)치즈게티큰컵,면,용기면,16,6,22.0,12,2,2,2025-04-12,2025-04 중순,16.6667
124326,스텔라330ml(6입)+큐피드 챌리스 2개,맥주,수입맥주,16,8,22.0,12,2,2,2025-04-12,2025-04 중순,16.6667
192049,루이스엠마티니소노마카운티,양주와인,와인,17,7,22.0,12,3,1,2025-04-12,2025-04 중순,25.0
112125,롯데)꼬깔콘고소67g,과자,스낵류,16,6,22.0,9,5,0,2025-04-11,2025-04 중순,55.5556
116130,TDF)생미쉘초코칩마들렝175g,과자,비스킷류,16,6,22.0,8,4,2,2025-04-11,2025-04 중순,50.0
161254,광동)옥수수수염차500ml,음료,차음료,13,5,22.0,8,4,1,2025-04-11,2025-04 중순,50.0
115360,오리온)오감자그라탕50g,과자,스낵류,17,7,21.0,8,4,2,2025-04-14,2025-04 중순,50.0
107747,G)파스키에팡오쇼콜라270g,빵,간식빵,16,5,21.0,13,2,1,2025-04-11,2025-04 중순,15.3846
162188,정화)세가지맛오징어36g,안주,오징어,16,9,21.0,11,3,1,2025-04-12,2025-04 중순,27.2727
107085,K리그산리오)면티셔츠95,패션잡화,시즌/소품,23,16,21.0,16,0,4,2025-04-11,2025-04 중순,0.0
170914,하이트)켈리500ml캔,맥주,국산맥주,17,13,21.0,15,2,0,2025-04-11,2025-04 중순,13.3333
105774,PB)카덴카키아게우동228g,냉장,냉장간편식,18,15,21.0,14,2,1,2025-04-11,2025-04 중순,14.2857
123167,런던 프라이드 330ml병(24입),맥주,수입맥주,21,18,21.0,21,0,0,2025-04-11,2025-04 중순,0.0
202638,칠성)밀키스제로250ml,음료,탄산음료,15,10,21.0,10,4,0,2025-04-12,2025-04 중순,40.0
106670,PB)카라멜마끼아또300ml,유음료,컵커피,17,8,21.0,15,2,0,2025-04-12,2025-04 중순,13.3333
150637,하겐)컵마카다미아,아이스크림,고급,22,15,21.0,20,0,1,2025-04-12,2025-04 중순,0.0
192500,빈티지)니콜라스뿌이야트(벚꽃),양주와인,와인,19,14,21.0,18,1,0,2025-04-11,2025-04 중순,5.5556
107245,PB)착한청포도에이드320ml,즉석음료,파우치,15,5,21.0,7,4,2,2025-04-11,2025-04 중순,57.1429
180123,하이네)하이네켄330ml캔,맥주,수입맥주,15,7,21.0,12,3,0,2025-04-13,2025-04 중순,25.0
102456,매일)로쉐T-5,과자,초콜릿,15,5,21.0,10,4,0,2025-04-14,2025-04 중순,40.0
112088,롯데)자일리톨오리지날16g,과자,껌,13,7,21.0,9,4,0,2025-04-11,2025-04 중순,44.4444
123775,티머니)디즈니카드(미키/투명),서비스 상품,일반서비스,17,3,21.0,15,2,0,2025-04-11,2025-04 중순,13.3333
191947,란 리제르바,양주와인,와인,18,16,21.0,16,1,1,2025-04-11,2025-04 중순,6.25
107137,PB)제로곤약젤리청포도140ml,디저트,젤리,19,12,21.0,11,3,2,2025-04-12,2025-04 중순,27.2727
107294,티머니)기후동행카드_ver2(해치),서비스 상품,일반서비스,19,11,21.0,18,1,0,2025-04-11,2025-04 중순,5.5556
191606,지비)서브미션까버네쇼비뇽750ml,양주와인,와인,18,12,21.0,16,1,1,2025-04-12,2025-04 중순,6.25
830736,롯데)미니딸기샌드(5입),빵,간식빵,16,7,21.0,9,4,1,2025-04-11,2025-04 중순,44.4444
191946,배비치블랙 피노누아,양주와인,와인,20,19,21.0,19,0,1,2025-04-11,2025-04 중순,0.0
124770,매크로)코피코블리스터(카푸치노),과자,캔디류,15,6,21.0,10,4,0,2025-04-11,2025-04 중순,40.0
107551,오츠카)소이조이아몬드초코30g,과자,프로틴/시리얼,13,6,21.0,9,4,0,2025-04-14,2025-04 중순,44.4444
601330,7P)초코바나나칩46g,과자,비스킷류,19,9,21.0,12,1,4,2025-04-11,2025-04 중순,8.3333
124543,동학)빅구슬아이스 포도&파인애플,아이스크림,노벨티,16,5,21.0,13,2,1,2025-04-13,2025-04 중순,15.3846
141519,CJ)햇반매일찰잡곡밥210g,가공식품,가공미반류,12,7,21.0,7,4,1,2025-04-13,2025-04 중순,57.1429
161843,코주부)구운스틱쥐포20g,안주,생선류,14,5,21.0,6,5,1,2025-04-11,2025-04 중순,83.3333
124380,삼립)와우에그샐러드123g,간식,샐러드(삭제예정),19,9,21.0,13,2,2,2025-04-11,2025-04 중순,15.3846
354096,센카퍼펙트휩클렌징폼120g_H,미용/화장품,여성화장품,17,4,21.0,11,4,0,2025-04-14,2025-04 중순,36.3636
113371,예스)트롤리미니버거10g,과자,젤리류,19,15,21.0,14,3,0,2025-04-13,2025-04 중순,21.4286
070512,롯데)쾌변사과150ml,유음료,요구르트,15,6,21.0,12,3,0,2025-04-12,2025-04 중순,25.0
094124,돌코리아)후룻버킷복숭아(425g),신선,과일,13,2,21.0,9,4,0,2025-04-15,2025-04 중순,44.4444
041408,제이탑)모찌롤초코110g,디저트,냉장베이커리,19,13,21.0,13,2,2,2025-04-12,2025-04 중순,15.3846
061665,빙그레)닥터캡슐플레인130ml,유음료,요구르트,21,12,21.0,16,1,2,2025-04-11,2025-04 중순,6.25
082544,롯데)프리미엄패스츄리슈크림,빵,간식빵,17,9,21.0,11,4,0,2025-04-12,2025-04 중순,36.3636
083845,삼립)주종발효카스타드소보루,빵,간식빵,19,10,21.0,12,4,0,2025-04-11,2025-04 중순,33.3333
041342,MDS)젤리블리애플망고60g,디저트,젤리,13,5,21.0,7,5,0,2025-04-11,2025-04 중순,71.4286
107138,PB)제로곤약젤리사과140ml,디저트,젤리,16,9,21.0,11,3,1,2025-04-12,2025-04 중순,27.2727
083852,삼립)순우유완듀완듀팡110g,빵,간식빵,17,11,21.0,11,4,0,2025-04-11,2025-04 중순,36.3636
119410,롯데)크런키초코바30g,과자,초콜릿,17,7,20.0,11,3,1,2025-04-11,2025-04 중순,27.2727
106481,해태)홈런볼소금우유49g,과자,비스킷류,17,8,20.0,11,3,1,2025-04-13,2025-04 중순,27.2727
411176,맨담)갸스비왁스와일드80g_H,미용/화장품,헤어스타일링,14,1,20.0,11,3,0,2025-04-13,2025-04 중순,27.2727
351782,유니)바세린 스킨젤리100ml_H,미용/화장품,여성화장품,12,3,20.0,7,3,2,2025-04-12,2025-04 중순,42.8571
124298,옥토모어 15.3 700ml,양주와인,양주,17,14,20.0,15,1,1,2025-04-11,2025-04 중순,6.6667
070170,매일)허쉬초코팩235ml,유음료,가공우유,15,7,20.0,8,4,1,2025-04-13,2025-04 중순,50.0
116640,오리온)통크1200,과자,비스킷류,14,6,20.0,6,4,2,2025-04-12,2025-04 중순,66.6667
125006,SAMG)오로라핑의오로라빛젤리50g,과자,젤리류,14,8,20.0,11,3,0,2025-04-11,2025-04 중순,27.2727
113192,크라운)카라멜콘메이플1500,과자,스낵류,15,9,20.0,10,3,1,2025-04-12,2025-04 중순,30.0
073456,PB)닭가슴살리얼바허브80g,냉장,냉장간식,14,9,20.0,10,2,2,2025-04-11,2025-04 중순,20.0
071942,장충동)미니족발315g,냉장,냉장안주,18,2,20.0,17,1,0,2025-04-13,2025-04 중순,5.8824
112105,오리온)땅콩강정80g,과자,스낵류,14,6,20.0,6,4,2,2025-04-12,2025-04 중순,66.6667
123465,조쉬 까베르네 소비뇽,양주와인,와인,15,10,20.0,12,2,1,2025-04-11,2025-04 중순,16.6667
123790,고운벗)스노우생초코레트오리지널32g,과자,초콜릿,15,9,20.0,10,3,1,2025-04-13,2025-04 중순,30.0
109690,델토리)마시멜로우하트초콜릿57g,과자,캔디류,17,11,20.0,15,1,1,2025-04-12,2025-04 중순,6.6667
114019,롯데)가나마일드1400,과자,초콜릿,14,8,20.0,8,3,2,2025-04-11,2025-04 중순,37.5
124292,일신)캇예스파티프레드175g,과자,젤리류,17,4,20.0,13,2,1,2025-04-15,2025-04 중순,15.3846
220562,동원)양반전복죽285g,가공식품,가공미반류,16,5,20.0,10,4,0,2025-04-11,2025-04 중순,40.0
202109,칠성)핫식스더킹파워355ml,음료,기능성드링크,16,9,20.0,12,3,0,2025-04-13,2025-04 중순,25.0
115938,농심)조청유과96g,과자,스낵류,13,5,20.0,7,4,1,2025-04-15,2025-04 중순,57.1429
132862,팔도)틈새라면고기짬뽕큰컵105g,면,용기면,17,7,20.0,10,2,3,2025-04-13,2025-04 중순,20.0
107055,카브루)리얼레몬하이볼355ml캔,양주와인,하이볼,18,11,20.0,17,1,0,2025-04-11,2025-04 중순,5.8824
601115,PB)을지로약과팝콘80g,과자,스낵류,16,9,20.0,11,2,2,2025-04-11,2025-04 중순,18.1818
123347,라포스톨-달라멜 까베르네 소비뇽,양주와인,와인,14,7,20.0,11,3,0,2025-04-14,2025-04 중순,27.2727
118878,CJ)밀국물떡볶이346g,냉장,냉장간편식,17,7,20.0,9,4,1,2025-04-13,2025-04 중순,44.4444
094390,프레시팜)착한국산콩두부300g,신선,야채,14,5,20.0,9,4,0,2025-04-13,2025-04 중순,44.4444
141380,PB)시금치된장국(컵),가공식품,상온간편식,16,10,20.0,14,2,0,2025-04-11,2025-04 중순,14.2857
108065,정관장)에브리타임맥스10ml,건강/기호식품,건강/이너뷰티,14,6,20.0,11,3,0,2025-04-13,2025-04 중순,27.2727
830735,롯데)미니땅콩크림샌드(5입),빵,간식빵,11,7,20.0,6,4,1,2025-04-11,2025-04 중순,66.6667
124713,이노엔)티로그자두아이스티500ml,음료,차음료,15,6,20.0,8,4,1,2025-04-11,2025-04 중순,50.0
123351,로쉐마제 피노누아,양주와인,와인,14,11,20.0,9,1,4,2025-04-11,2025-04 중순,11.1111
191871,예거마이스터700ml,양주와인,리쿼,15,9,20.0,12,2,1,2025-04-11,2025-04 중순,16.6667
123845,크라운)마이쮸무화과44g,과자,캔디류,16,6,20.0,7,4,2,2025-04-12,2025-04 중순,57.1429
073564,CJ)가래떡떡볶이310g,냉장,냉장간편식,16,6,20.0,13,1,2,2025-04-14,2025-04 중순,7.6923
109666,크라운)쌔콤달콤울트라키위29g,과자,캔디류,15,7,20.0,8,4,1,2025-04-12,2025-04 중순,50.0
192647,7P)스트롱사와라임350ml,양주와인,하이볼,18,13,20.0,16,0,2,2025-04-12,2025-04 중순,0.0
124636,키키쿼카)얼굴쿠션set,과자,캔디류,19,15,20.0,16,1,1,2025-04-11,2025-04 중순,6.25
123679,준마이다이긴죠겐슈 사카마이 키쿠스이,전통주,기타전통주,17,9,19.5,14,1,1,2025-04-13,2025-04 중순,7.1429
170903,하이트)하이트제로500ml캔,맥주,무알콜맥주,16,8,19.0,12,2,1,2025-04-12,2025-04 중순,16.6667
108245,PB)쿵야빠냐냐71g,과자,스낵류,28,20,19.0,16,3,1,2025-04-12,2025-04 중순,18.75
116078,미성)허쉬초코칩싱글쿠키50g,과자,비스킷류,12,4,19.0,8,3,1,2025-04-11,2025-04 중순,37.5
180762,진로)일품진로1924 375ml,전통주,소주,17,11,19.0,13,1,2,2025-04-12,2025-04 중순,7.6923
230281,동서)맥심모카골드50입,건강/기호식품,커피,15,10,19.0,11,3,0,2025-04-11,2025-04 중순,27.2727
141022,CJ)햇반매일잡곡밥210g,가공식품,가공미반류,13,7,19.0,9,2,2,2025-04-13,2025-04 중순,22.2222
202421,동서)TOP스모키라떼275ml,음료,커피음료,13,2,19.0,8,4,0,2025-04-20,2025-04 중순,50.0
071464,진주햄)천하장사50g,냉장,냉장간식,15,7,19.0,9,4,0,2025-04-12,2025-04 중순,44.4444
123955,랩노쉬)프로틴파인트더블초코474ml,아이스크림,고급,14,4,19.0,11,2,1,2025-04-15,2025-04 중순,18.1818
150293,나뚜루)녹차컵,아이스크림,고급,18,10,19.0,10,2,3,2025-04-11,2025-04 중순,20.0
061231,덴마크)인포켓치즈라이트20g,유음료,유제품,19,7,19.0,13,3,0,2025-04-16,2025-04 중순,23.0769
413361,디벤)Cto8핀초고속충전케이블_H,일용잡화,휴대폰/주변기기,15,2,19.0,13,2,0,2025-04-15,2025-04 중순,15.3846
200951,칠성)레쓰비모카라떼200ml,음료,커피음료,11,3,19.0,7,4,0,2025-04-11,2025-04 중순,57.1429
160194,팔도)비락식혜238ml,음료,전통음료,13,3,19.0,8,4,0,2025-04-11,2025-04 중순,50.0
132711,팔도)킹뚜껑110g,면,용기면,14,9,19.0,9,3,1,2025-04-13,2025-04 중순,33.3333
070793,남양)불가리스사과150ml,유음료,요구르트,15,10,19.0,12,1,2,2025-04-11,2025-04 중순,8.3333
125004,오리온)핵아이셔젤리깔라만시맛72g,과자,젤리류,13,7,19.0,8,4,0,2025-04-16,2025-04 중순,50.0
200842,칠성)쌕쌕오렌지240ml,음료,주스,14,6,19.0,11,2,1,2025-04-11,2025-04 중순,18.1818
124907,삼양)맵탱쿨스파이시비빔면김치맛봉지,면,봉지면,16,9,19.0,10,3,1,2025-04-11,2025-04 중순,30.0
200591,페르)앱솔루트보드카700ml,양주와인,양주,16,10,19.0,14,1,1,2025-04-11,2025-04 중순,7.1429
116249,롯데)오잉75g,과자,스낵류,16,7,19.0,10,3,1,2025-04-12,2025-04 중순,30.0
123811,익스트림)에너지퍼스트펭귄250ml,음료,기능성드링크,11,4,19.0,7,4,0,2025-04-17,2025-04 중순,57.1429
124800,MDS)딸기크림고구마무스100g,디저트,냉장베이커리,18,11,19.0,13,2,1,2025-04-12,2025-04 중순,15.3846
150419,하겐)파인트녹차,아이스크림,고급,15,11,19.0,13,2,0,2025-04-11,2025-04 중순,15.3846
162362,CJ)비비고칩포테이토40g,안주,스낵안주,17,5,19.0,14,2,0,2025-04-11,2025-04 중순,14.2857
072959,CJ)어묵떡볶이346g,냉장,냉장간편식,13,9,19.0,9,2,2,2025-04-14,2025-04 중순,22.2222
103043,매일)킨더초코릿50g(4입),과자,초콜릿,21,9,19.0,12,4,0,2025-04-11,2025-04 중순,33.3333
201351,HK)컨디션헛개수1.0L,음료,차음료,15,9,19.0,8,3,2,2025-04-11,2025-04 중순,37.5
116938,크리스탈)앙리지로오마주피노누아750ml,양주와인,와인,17,13,19.0,16,1,0,2025-04-11,2025-04 중순,6.25
124501,안유성)크림카레우동330g,냉동,냉동간편식,15,8,19.0,11,3,0,2025-04-11,2025-04 중순,27.2727
124629,유앤)참깨롱꽈배기280g,과자,스낵류,15,4,19.0,9,4,0,2025-04-11,2025-04 중순,44.4444
123352,발레벨보 브라께또 NV,양주와인,와인,17,10,19.0,12,0,4,2025-04-11,2025-04 중순,0.0
124905,팔도)볼케이노까르보나라큰컵,면,용기면,15,7,19.0,11,3,0,2025-04-11,2025-04 중순,27.2727
192047,브레드앤버터피노누아,양주와인,와인,17,17,19.0,15,0,2,2025-04-11,2025-04 중순,0.0
080915, 한성)크래미140g,냉장,냉장간식,16,6,19.0,10,3,1,2025-04-13,2025-04 중순,30.0
105642,동원)쿨피스에이드자두300ml,유음료,냉장주스,14,7,19.0,9,3,1,2025-04-11,2025-04 중순,33.3333
107788,K리그산리오)인형_폼폼푸린,문구/완구,일반완구,17,7,19.0,15,0,2,2025-04-11,2025-04 중순,0.0
115337,머거본)구운감자아몬드50g,안주,너트류,15,11,19.0,13,2,0,2025-04-12,2025-04 중순,15.3846
115051,롯데)후라보노오리지널,과자,껌,11,5,19.0,5,5,0,2025-04-11,2025-04 중순,100.0
437482,파니니EPL축구카드36팩,문구/완구,일반완구,17,14,19.0,16,1,0,2025-04-12,2025-04 중순,6.25
105999,광동)썬키스트오렌지소다600ml,음료,탄산음료,15,10,19.0,11,3,0,2025-04-11,2025-04 중순,27.2727
109174,오리온)아이셔샤베트젤리72g,과자,젤리류,17,6,19.0,8,5,0,2025-04-12,2025-04 중순,62.5
106196,PB)초코쿠키파르페340ml,아이스크림,노벨티,18,11,19.0,13,2,1,2025-04-11,2025-04 중순,15.3846
083896,PB)제주우유후레쉬크림빵85g,빵,간식빵,17,10,19.0,9,3,2,2025-04-11,2025-04 중순,33.3333
124478,화요25도(나혼렙에디션),전통주,소주,15,13,19.0,12,1,2,2025-04-12,2025-04 중순,8.3333
094225,세븐팜)신선한1등급달걀(1입),신선,수축산/계란,17,7,19.0,16,1,0,2025-04-11,2025-04 중순,6.25
124431,피치)트위젤미니츄블루베리맛28g,과자,캔디류,11,4,19.0,7,4,0,2025-04-16,2025-04 중순,57.1429
061534,덴마크)얼라이브망고250ml,유음료,냉장주스,15,4,19.0,9,4,0,2025-04-16,2025-04 중순,44.4444
073241,CJ)닭가슴살소시지80g,냉장,냉장간식,14,9,19.0,11,2,1,2025-04-12,2025-04 중순,18.1818
601028,해태)버터링딥카페103g,과자,비스킷류,19,13,19.0,14,1,2,2025-04-11,2025-04 중순,7.1429
116368,오리온)꼬북칩콘스프맛80g,과자,스낵류,15,5,19.0,7,5,0,2025-04-12,2025-04 중순,71.4286
072848,이가)누들떡볶이349.5g,냉장,냉장간편식,16,7,18.0,9,4,0,2025-04-11,2025-04 중순,44.4444
070322,빙그레)딸기맛우유240ml,유음료,가공우유,15,5,18.0,9,3,1,2025-04-12,2025-04 중순,33.3333
211040,빙그레)더위사냥140ml,아이스크림,노벨티,13,8,18.0,10,2,1,2025-04-13,2025-04 중순,20.0
073588,롯데)의성마늘프랑크매콤땡초65g,냉장,냉장간식,21,15,18.0,12,3,1,2025-04-11,2025-04 중순,25.0
191122,아사히)크루저블루베리275ml병,양주와인,리쿼,15,5,18.0,9,3,1,2025-04-12,2025-04 중순,33.3333
191288,리커)산밸리까베네쇼비뇽750ml,양주와인,와인,18,12,18.0,14,2,0,2025-04-11,2025-04 중순,14.2857
170947,디아)기네스콜드브루440ml캔,맥주,수입맥주,18,9,18.0,15,0,2,2025-04-12,2025-04 중순,0.0
116232,훼밀리)에낙라면스낵치킨맛30g,과자,스낵류,16,9,18.0,13,2,0,2025-04-13,2025-04 중순,15.3846
115349,롯데)가나프리미엄랑드샤쇼콜라91g,과자,비스킷류,15,6,18.0,9,3,1,2025-04-11,2025-04 중순,33.3333
108106,세븐브로이)하이볼에빠진레몬500ml캔,양주와인,하이볼,15,10,18.0,11,2,1,2025-04-11,2025-04 중순,18.1818
109331,미성)피니과일모양껌20g,과자,껌,14,3,18.0,12,2,0,2025-04-11,2025-04 중순,16.6667
371793,LG)퐁퐁주방세제리필오렌지1.2L_H,가정용품,세제류,14,6,18.0,12,2,0,2025-04-13,2025-04 중순,16.6667
240018,CJ)맛소금250g,조미료/건물,조미료,12,4,18.0,7,4,0,2025-04-12,2025-04 중순,57.1429
391044,깨끗한나라3겹소프트24롤(펄프),위생용품,티슈,12,7,18.0,9,3,0,2025-04-12,2025-04 중순,33.3333
210757,끌레도르)쿠앤크바90ml,아이스크림,노벨티,14,8,18.0,11,1,2,2025-04-11,2025-04 중순,9.0909
115409,PB)슈크림붕어스낵70g,과자,스낵류,14,4,18.0,7,3,2,2025-04-13,2025-04 중순,42.8571
220585,오뚜기)맛있는큰밥300g,가공식품,가공미반류,14,10,18.0,9,2,2,2025-04-11,2025-04 중순,22.2222
070403,서울)아침에주스오렌지PE210ml,유음료,냉장주스,17,11,18.0,12,2,1,2025-04-11,2025-04 중순,16.6667
106977,롯데)미니찰식빵330g,빵,식빵,18,9,18.0,18,0,0,2025-04-11,2025-04 중순,0.0
117212,해태)구운감자27g,과자,스낵류,14,5,18.0,8,4,0,2025-04-15,2025-04 중순,50.0
192628,메타)레벨스트레이트버번750ml,양주와인,양주,16,15,18.0,15,1,0,2025-04-11,2025-04 중순,6.6667
124732,칠성)핫식스더킹메가파워500ml,음료,기능성드링크,14,9,18.0,12,2,0,2025-04-13,2025-04 중순,16.6667
123334,아사히생맥주340ml(24입),맥주,수입맥주,13,8,18.0,10,2,1,2025-04-13,2025-04 중순,20.0
124993,미스티)별의커비솜사탕8g,과자,캔디류,13,7,18.0,10,2,1,2025-04-12,2025-04 중순,20.0
240122,CJ)백설식용유500ml,조미료/건물,식용유지,14,5,18.0,10,3,0,2025-04-13,2025-04 중순,30.0
220205,유성)유동골뱅이230G,가공식품,캔,14,5,18.0,10,3,0,2025-04-11,2025-04 중순,30.0
073385,리치푸드)로제쫄깃납작면(냉장),냉장,냉장간편식,16,7,18.0,14,0,2,2025-04-11,2025-04 중순,0.0
105229,깨끗한)생분해물티슈에코70매(캡),위생용품,티슈,18,17,18.0,18,0,0,2025-04-11,2025-04 중순,0.0
117106,롯데)청포도캔디2500,과자,캔디류,10,5,18.0,6,4,0,2025-04-12,2025-04 중순,66.6667
600870,동서)콘푸라이트바35g,과자,프로틴/시리얼,14,4,18.0,10,3,0,2025-04-15,2025-04 중순,30.0
109285,CJ)백설한입쏙후랑크115g,냉장,냉장간식,15,9,18.0,11,2,1,2025-04-12,2025-04 중순,18.1818
190840,롯데)L와인샤도네이750ml,양주와인,와인,12,7,18.0,9,3,0,2025-04-13,2025-04 중순,33.3333
108075,오리온)닥터유단백질드링크초코350ml,유음료,프로틴 음료,12,7,18.0,9,3,0,2025-04-11,2025-04 중순,33.3333
362322,LG)세꼼마버블항균핸드워시250_H,H&B,화장비누/바디클렌저,12,3,18.0,9,3,0,2025-04-13,2025-04 중순,33.3333
150909,롯데)옥동자70ml,아이스크림,노벨티,14,7,18.0,10,3,0,2025-04-11,2025-04 중순,30.0
601280,크라운)마이쮸애플망고,과자,캔디류,13,4,18.0,6,4,1,2025-04-13,2025-04 중순,66.6667
191268,레뱅드)로쉐마제로제250ml,양주와인,와인,14,9,18.0,10,3,0,2025-04-11,2025-04 중순,30.0
123643,하리보)스위트러브100g,과자,젤리류,10,4,18.0,6,4,0,2025-04-12,2025-04 중순,66.6667
600345,하리보)골드배렌사우어80g,과자,젤리류,12,7,18.0,7,4,0,2025-04-12,2025-04 중순,57.1429
123161,코젤다크 330ml캔(24입),맥주,수입맥주,12,7,18.0,9,3,0,2025-04-11,2025-04 중순,33.3333
192028,롯데)브레드앤버터까버네750ml,양주와인,와인,16,8,18.0,12,1,2,2025-04-11,2025-04 중순,8.3333
123693,G)스틱휘낭시에레몬티39g,빵,구움과자,12,9,18.0,8,2,2,2025-04-13,2025-04 중순,25.0
124288,훼밀리)복숭아무케루푸루푸루구미40g,과자,젤리류,13,9,18.0,8,3,1,2025-04-11,2025-04 중순,37.5
107669,K리그)산리오캐리어(쿠로미),과자,캔디류,14,6,18.0,12,2,0,2025-04-12,2025-04 중순,16.6667
123393,세븐브로이)나로IPA500ml캔,맥주,국산맥주,14,7,18.0,12,2,0,2025-04-11,2025-04 중순,16.6667
124479,화요41도(나혼렙에디션),전통주,소주,15,12,17.5,12,1,1,2025-04-11,2025-04 중순,8.3333
202656,일화)맥콜제로250ml,음료,탄산음료,16,11,17.0,11,2,1,2025-04-11,2025-04 중순,18.1818
160779,웅진)하늘보리500ml,음료,차음료,12,10,17.0,9,2,1,2025-04-11,2025-04 중순,22.2222
053172,왕빅도그치즈,즉석 식품,즉석치킨,13,8,17.0,9,3,0,2025-04-12,2025-04 중순,33.3333
124853,토트넘 홋스퍼 짐색,패션잡화,시즌/소품,14,8,17.0,10,2,1,2025-04-11,2025-04 중순,20.0
202247,칠성)옥수수수염차500ml,음료,차음료,11,6,17.0,7,2,2,2025-04-12,2025-04 중순,28.5714
107074,MQ)프링글스로제떡볶이100g,과자,스낵류,13,7,17.0,11,2,0,2025-04-11,2025-04 중순,18.1818
106112,매일)페레로로쉐아이스크림70ml,아이스크림,고급,14,10,17.0,12,1,1,2025-04-11,2025-04 중순,8.3333
192140,산토리)메이커스마크200ml,양주와인,양주,11,8,17.0,7,2,2,2025-04-11,2025-04 중순,28.5714
123986,다카라 후라노 멜론(여름추천),전통주,기타전통주,16,14,17.0,13,1,1,2025-04-11,2025-04 중순,7.6923
201972,해태)구론산스파클링150ml,음료,기능성드링크,11,6,17.0,8,3,0,2025-04-12,2025-04 중순,37.5
362008,LG)체리블라썸 휘핑비누_H,H&B,화장비누/바디클렌저,14,9,17.0,10,2,1,2025-04-11,2025-04 중순,20.0
107241,훼밀리)에낙스파이시라면스낵28g,과자,스낵류,13,6,17.0,5,5,0,2025-04-12,2025-04 중순,100.0
150153,하겐)파인트초코렛,아이스크림,고급,13,8,17.0,11,2,0,2025-04-12,2025-04 중순,18.1818
192602,산토리)짐빔하이볼레몬350ml캔,양주와인,하이볼,19,12,17.0,14,2,0,2025-04-11,2025-04 중순,14.2857
192489,아벨라워12년700ml,양주와인,양주,16,15,17.0,15,0,1,2025-04-11,2025-04 중순,0.0
124906,키다리)진실의미간대파육개장큰컵,면,용기면,13,7,17.0,9,3,0,2025-04-12,2025-04 중순,33.3333
107412,진주햄)천하장사콰트로치즈50g,냉장,냉장간식,13,7,17.0,9,3,0,2025-04-12,2025-04 중순,33.3333
117965,농심)닭다리후라이드치킨66g,과자,스낵류,13,6,17.0,7,4,0,2025-04-11,2025-04 중순,57.1429
109635,골든)골든블루쿼츠700ml,양주와인,양주,15,4,17.0,11,1,2,2025-04-11,2025-04 중순,9.0909
107305,PB)파리의이온비타납작복숭아제로500ml,음료,스포츠음료,18,10,17.0,9,2,3,2025-04-12,2025-04 중순,22.2222
106852,브라운)잭다니엘스애플200ml,양주와인,양주,16,12,17.0,15,0,1,2025-04-11,2025-04 중순,0.0
124383,대림)안심닭가슴살(마일드)100g,냉장,냉장간식,13,6,17.0,11,2,0,2025-04-11,2025-04 중순,18.1818
124131,롯데)이너프토스티드브레드45g,과자,비스킷류,13,3,17.0,8,2,2,2025-04-13,2025-04 중순,25.0
160130,코카)코카콜라250ml,음료,탄산음료,10,5,17.0,4,4,1,2025-04-11,2025-04 중순,100.0
201395,삼양사)상쾌환3g,건강/기호식품,숙취해소제,11,4,17.0,6,4,0,2025-04-12,2025-04 중순,66.6667
062549,매일)바리스타돌체라떼325ml,유음료,컵커피,13,6,17.0,6,3,2,2025-04-12,2025-04 중순,50.0
170297,오비)스텔라아르투아500ml캔,맥주,수입맥주,16,12,17.0,11,2,1,2025-04-11,2025-04 중순,18.1818
202532,칠성)솔의눈500ml,음료,차음료,13,5,17.0,11,2,0,2025-04-14,2025-04 중순,18.1818
160047,칠성)칠성사이다２５０캔,음료,탄산음료,16,8,17.0,9,3,1,2025-04-12,2025-04 중순,33.3333
191944,배비치 말보로 피노누아,양주와인,와인,16,14,17.0,15,0,1,2025-04-11,2025-04 중순,0.0
123791,고운벗)스노우생초코레트말차맛32g,과자,초콜릿,11,6,17.0,8,3,0,2025-04-13,2025-04 중순,37.5
220543,동원)양반단호박죽285g,가공식품,가공미반류,10,6,17.0,6,3,1,2025-04-14,2025-04 중순,50.0
105297,대호)Big아메리카노스위트320ml,즉석음료,파우치,13,6,17.0,9,3,0,2025-04-11,2025-04 중순,33.3333
109175,오리온)아이셔잼젤리72g,과자,젤리류,13,3,17.0,5,5,0,2025-04-12,2025-04 중순,100.0
062347,이디야)카페라떼300ml,유음료,컵커피,15,8,17.0,12,2,0,2025-04-11,2025-04 중순,16.6667
106722,마즈)스니커즈피넛70g,과자,초콜릿,15,9,17.0,10,3,0,2025-04-12,2025-04 중순,30.0
160875,웅진)자연은토마토340ml,음료,주스,10,4,17.0,6,3,1,2025-04-14,2025-04 중순,50.0
070897,롯데)의성마늘프랑크70g,냉장,냉장간식,14,7,17.0,7,2,3,2025-04-12,2025-04 중순,28.5714
121686,PB) NEW둥굴레차25입,건강/기호식품,차,11,1,17.0,8,3,0,2025-04-17,2025-04 중순,37.5
124767,서주)마로마로레몬맛40g,과자,젤리류,10,5,17.0,6,3,1,2025-04-14,2025-04 중순,50.0
192543,제이콥스크릭클래식쉬라즈,양주와인,와인,14,10,17.0,12,1,1,2025-04-12,2025-04 중순,8.3333
124687,삼립)주종발효완듀앙금소보루95g,빵,간식빵,14,6,17.0,8,3,1,2025-04-11,2025-04 중순,37.5
118163,크라운)새콤달콤블루베리소다,과자,캔디류,13,8,17.0,8,2,2,2025-04-11,2025-04 중순,25.0
109737,로베르드노정푸이휘세라크르와1.5L(매그넘),양주와인,와인,16,13,17.0,15,0,1,2025-04-11,2025-04 중순,0.0
601294,농심)린도볼밀크3P,과자,초콜릿,15,7,17.0,12,2,0,2025-04-11,2025-04 중순,16.6667
170395,오비)new카스500ml병,맥주,국산맥주,15,12,17.0,12,2,0,2025-04-11,2025-04 중순,16.6667
113469,삼립)치킨텐더샐러드132g,간식,샐러드(삭제예정),14,12,17.0,12,1,1,2025-04-11,2025-04 중순,8.3333
083855,삼립)탕종빅땅콩샌드160g,빵,간식빵,14,8,17.0,8,3,1,2025-04-11,2025-04 중순,37.5
160648,칠성)제주감귤1.5L,음료,주스,10,1,17.0,6,3,1,2025-04-13,2025-04 중순,50.0
192254,샹그리아오렌지750ml,양주와인,리쿼,17,13,17.0,15,1,0,2025-04-13,2025-04 중순,6.6667
180636,진로)new참이슬360ml병,전통주,소주,15,7,17.0,8,4,0,2025-04-11,2025-04 중순,50.0
109028,종근당)깨노니땡큐샷30ml,건강/기호식품,숙취해소제,15,7,17.0,12,2,0,2025-04-11,2025-04 중순,16.6667
200539,51-03_페르)로얄살루트21년500ml,양주와인,양주,17,16,17.0,17,0,0,2025-04-12,2025-04 중순,0.0
141728,PB)진한사골곰탕(컵),가공식품,상온간편식,15,6,17.0,8,4,0,2025-04-12,2025-04 중순,50.0
370362,깨끗한)깨끗한나라물티슈30,위생용품,티슈,12,3,17.0,5,4,1,2025-04-11,2025-04 중순,80.0
202199,코카)몬스터(파이프라인펀치)355,음료,기능성드링크,13,7,17.0,9,3,0,2025-04-11,2025-04 중순,33.3333
124058,PB)수건모양초코마시멜로100g,과자,초콜릿,13,9,16.0,11,1,1,2025-04-11,2025-04 중순,9.0909
062558,빙그레)사이즈업돌체라떼350ml,유음료,가공우유,12,6,16.0,9,1,2,2025-04-11,2025-04 중순,11.1111
106545,HK)티로그복숭아스파클링355ml,음료,탄산음료,17,9,16.0,9,3,1,2025-04-12,2025-04 중순,33.3333
107062,피죤)퓨어뽀드득주방세제레몬(1.2L)_H,가정용품,세제류,12,4,16.0,8,3,0,2025-04-13,2025-04 중순,37.5
107491,엔제이)소프트카스테라(대용량),빵,간식빵,13,10,16.0,10,0,3,2025-04-11,2025-04 중순,0.0
073586,PB)된장술밥510g,냉장,냉장간편식,11,5,16.0,8,2,1,2025-04-12,2025-04 중순,25.0
160130,코카콜라250ml,음료,탄산음료,10,5,16.0,7,3,0,2025-04-11,2025-04 중순,42.8571
108739,티젠)푸룬쏙50G,건강/기호식품,건강/이너뷰티,11,8,16.0,8,2,1,2025-04-11,2025-04 중순,25.0
124249,벤리악25년46%700ml,양주와인,양주,12,10,16.0,8,0,4,2025-04-12,2025-04 중순,0.0
370428,동아)템포슈퍼10입,위생용품,생리대,14,6,16.0,11,2,0,2025-04-11,2025-04 중순,18.1818
170245,오비)카스라이트500ml캔,맥주,국산맥주,16,11,16.0,14,1,0,2025-04-11,2025-04 중순,7.1429
124264,하이포크)한돈돌돌말이400g,냉동,신선냉동,11,6,16.0,6,3,1,2025-04-12,2025-04 중순,50.0
601559,오리온)치즈톡80g,과자,스낵류,12,7,16.0,8,3,0,2025-04-12,2025-04 중순,37.5
132140,튀김우동큰사발,면,용기면,9,4,16.0,5,3,1,2025-04-11,2025-04 중순,60.0
601160,롯데)몽쉘생크림케이크(대),과자,비스킷류,13,7,16.0,11,1,1,2025-04-11,2025-04 중순,9.0909
200851,코카)조지아맥스240ml,음료,커피음료,9,5,16.0,5,3,1,2025-04-11,2025-04 중순,60.0
211384,빙그레)떡붕어싸만코150ml,아이스크림,노벨티,10,6,16.0,4,3,2,2025-04-11,2025-04 중순,75.0
105855,하바네로매콤닭다리,즉석 식품,즉석치킨(삭제예정),15,10,16.0,10,2,1,2025-04-11,2025-04 중순,20.0
072821,대림)매콤함에꼬치다90g,냉장,냉장간식,13,10,16.0,9,2,1,2025-04-13,2025-04 중순,22.2222
132704,하림)장인라면얼큰한맛용기,면,용기면,14,4,16.0,9,3,0,2025-04-11,2025-04 중순,33.3333
061965,매일)아몬드브리즈오리지널190ml,유음료,기능성우유,13,7,16.0,11,1,1,2025-04-12,2025-04 중순,9.0909
116887,농심)츄파춥스부케,과자,캔디류,15,12,16.0,12,1,1,2025-04-11,2025-04 중순,8.3333
124272,MDS)로제햄마카로니콘치즈255g,간식,냉장피자,16,4,16.0,10,3,0,2025-04-14,2025-04 중순,30.0
111552,크라운)화이트하임3300(9입),과자,비스킷류,10,3,16.0,5,4,0,2025-04-11,2025-04 중순,80.0
080479,행복담기)훈제란2입,냉장,냉장간식,18,11,16.0,13,2,0,2025-04-11,2025-04 중순,15.3846
061659,매일)두유오리지널190ml,유음료,두유,14,6,16.0,9,3,0,2025-04-11,2025-04 중순,33.3333
106859,덴마크)하이요구르트280ml,유음료,요구르트,12,9,16.0,10,2,0,2025-04-11,2025-04 중순,20.0
202137,코카)조지아라떼470ml,음료,커피음료,10,6,16.0,6,2,2,2025-04-12,2025-04 중순,33.3333
107182,CJ)비비고떡볶이오리지널110g,가공식품,가공미반류,14,10,16.0,12,0,2,2025-04-11,2025-04 중순,0.0
116389,오리온)왕꿈틀이1000,과자,젤리류,14,9,16.0,6,3,2,2025-04-11,2025-04 중순,50.0
190517,아영)샤또기봉레드750ml,양주와인,와인,17,12,16.0,15,0,1,2025-04-11,2025-04 중순,0.0
114540,투핸즈 섹시 비스트750ml,양주와인,와인,15,11,16.0,14,0,1,2025-04-11,2025-04 중순,0.0
371927,피죤)무균무때욕실용500ml_H,가정용품,세제류,14,8,16.0,11,2,0,2025-04-12,2025-04 중순,18.1818
108082,PB)오렌지에이드제로500ml,음료,주스,15,12,16.0,9,1,3,2025-04-11,2025-04 중순,11.1111
420677,모나미)컴퓨터용싸인펜_후크형_H,문구/완구,일반문구,12,8,16.0,8,3,0,2025-04-11,2025-04 중순,37.5
115323,기네스 논알콜 440ml(24입),맥주,무알콜맥주,13,10,16.0,11,1,1,2025-04-11,2025-04 중순,9.0909
111272,해태)연양갱,과자,캔디류,12,5,16.0,8,3,0,2025-04-11,2025-04 중순,37.5
094227,세븐팜)신선한1등급달걀(15입),신선,수축산/계란,14,9,16.0,13,1,0,2025-04-12,2025-04 중순,7.6923
832776,오뚜기)옛날국수소면500g,가공식품,상온간편식,13,7,16.0,11,1,1,2025-04-11,2025-04 중순,9.0909
150946,롯데)돼지바70ml,아이스크림,노벨티,20,11,16.0,12,3,0,2025-04-11,2025-04 중순,25.0
123558,농심)츄파춥스오션믹스젤리60g,과자,젤리류,16,11,16.0,12,2,0,2025-04-11,2025-04 중순,16.6667
071985,롯데)의성마늘빅프랑크90g,냉장,냉장간식,13,3,16.0,7,3,1,2025-04-12,2025-04 중순,42.8571
082537,롯데)미니땅콩샌드65g,빵,간식빵,11,8,16.0,8,2,1,2025-04-11,2025-04 중순,25.0
123560,로얄살루트 21년 패션 에디션 3 700ml,양주와인,양주,14,11,16.0,12,0,2,2025-04-12,2025-04 중순,0.0
123534,블루넌 블루 에디션,양주와인,와인,13,9,16.0,11,1,1,2025-04-11,2025-04 중순,9.0909
108456,청정원)찌개두부300g,신선,야채,12,3,16.0,8,3,0,2025-04-12,2025-04 중순,37.5
109955,로얄살루트 21년 마이애미 폴로 에디션 700ml,양주와인,양주,14,11,16.0,12,0,2,2025-04-11,2025-04 중순,0.0
094497,돌코리아)바나나(2입),신선,과일,16,9,16.0,9,2,2,2025-04-11,2025-04 중순,22.2222
124725,하림)직화갈비맛핫바65g,냉장,냉장간식,16,3,16.0,10,3,0,2025-04-13,2025-04 중순,30.0
108548,피치)까먹는곰모양젤리(애플망고)40g,과자,젤리류,16,12,16.0,12,2,0,2025-04-11,2025-04 중순,16.6667
124520,카브루)리얼자몽하이볼355ml캔,양주와인,하이볼,13,6,15.0,10,2,0,2025-04-16,2025-04 중순,20.0
105286,푸드)순수얼음1kg,즉석음료,얼음,9,6,15.0,6,3,0,2025-04-11,2025-04 중순,50.0
093157,SNJ)순수고구마130g,신선,야채,16,9,15.0,12,1,1,2025-04-12,2025-04 중순,8.3333
093738,세븐팜)상추100g(봉),신선,야채,11,3,15.0,6,2,2,2025-04-11,2025-04 중순,33.3333
201355,동서)스타벅스더블샷(에스프레소,음료,커피음료,11,6,15.0,7,3,0,2025-04-12,2025-04 중순,42.8571
124309,잭 다니엘스 싱글배럴 700ml,양주와인,양주,14,14,15.0,13,0,1,2025-04-11,2025-04 중순,0.0
141691,동원)매운고추참치90g,가공식품,캔,11,7,15.0,9,2,0,2025-04-11,2025-04 중순,22.2222
123481,라포스톨 뀌베 알렉상드르 메를로,양주와인,와인,14,11,15.0,11,1,1,2025-04-11,2025-04 중순,9.0909
122966,유앤)스웨디시스타일젤리80g,과자,젤리류,10,6,15.0,7,2,1,2025-04-16,2025-04 중순,28.5714
123482,PB)착한아메리카노블랙230ml,즉석음료,파우치,12,8,15.0,8,2,1,2025-04-11,2025-04 중순,25.0
161770,정화)허니버터오징어52g,안주,오징어,11,5,15.0,7,3,0,2025-04-11,2025-04 중순,42.8571
108051,롯데)달콤한땅콩소보로75g,빵,간식빵,10,7,15.0,7,2,1,2025-04-13,2025-04 중순,28.5714
601283,동서)오레오오즈컵30g,과자,비스킷류,11,7,15.0,6,2,2,2025-04-11,2025-04 중순,33.3333
124630,투데이)무이티케이크마시멜로6입,과자,비스킷류,13,10,15.0,8,3,0,2025-04-11,2025-04 중순,37.5
192581,하이트)헨켈트로켄750ml,양주와인,와인,14,4,15.0,13,0,1,2025-04-11,2025-04 중순,0.0
106453,PB)카덴돈코츠라멘212.9g,냉장,냉장간편식,13,9,15.0,10,2,0,2025-04-11,2025-04 중순,20.0
601411,오리온)키위알맹이67g,과자,젤리류,11,4,15.0,9,2,0,2025-04-12,2025-04 중순,22.2222
116503,롯데)졸음번쩍껌1200,과자,껌,16,3,15.0,14,0,1,2025-04-11,2025-04 중순,0.0
125164,발베니30년레어메리지,양주와인,양주,15,12,15.0,15,0,0,2025-04-17,2025-04 중순,0.0
106107,아사히)오리온맥주500ml캔,맥주,수입맥주,14,11,15.0,13,0,1,2025-04-11,2025-04 중순,0.0
123537,9 라이브스 리저브 리슬링 ,양주와인,와인,12,9,15.0,10,1,1,2025-04-12,2025-04 중순,10.0
124268,비고르 레드,양주와인,와인,12,6,15.0,8,2,1,2025-04-14,2025-04 중순,25.0
117803,크라운)뽀또치즈타르트92g,과자,비스킷류,15,9,15.0,11,2,0,2025-04-11,2025-04 중순,18.1818
061660,매일)두유99.89 190ml,유음료,두유,13,8,15.0,10,2,0,2025-04-11,2025-04 중순,20.0
119637,해태)에이스샌드찐초코68g,과자,비스킷류,10,7,15.0,4,2,3,2025-04-11,2025-04 중순,50.0
600259,농심)멘토스민트(피치)21g,과자,캔디류,13,5,15.0,12,1,0,2025-04-11,2025-04 중순,8.3333
240041,오뚜기)순후추50g,조미료/건물,조미료,16,4,15.0,10,2,1,2025-04-11,2025-04 중순,20.0
170088,광동)위생천75ml 병,음료,기능성드링크,11,4,15.0,9,2,0,2025-04-12,2025-04 중순,22.2222
124293,일신)캇예스프레드페르켈175g,과자,젤리류,14,5,15.0,11,1,1,2025-04-13,2025-04 중순,9.0909
191019,브라운)잭다니엘스200ml,양주와인,양주,13,6,15.0,10,2,0,2025-04-11,2025-04 중순,20.0
109633,로로)스모어바닐라아이스110g,아이스크림,노벨티,15,13,15.0,15,0,0,2025-04-11,2025-04 중순,0.0
123532,블루넌 골드 에디션 24K (골드바 레이블),양주와인,와인,14,9,15.0,11,1,1,2025-04-11,2025-04 중순,9.0909
030673,MDS)옥수수콘치즈255g,간식,냉장피자,12,10,15.0,10,1,1,2025-04-11,2025-04 중순,10.0
109318, 해태)바밤바샌드180ml,아이스크림,노벨티,11,8,15.0,8,1,2,2025-04-12,2025-04 중순,12.5
200435,롯데)옐로우테일까버네750ml,양주와인,와인,13,11,15.0,12,1,0,2025-04-12,2025-04 중순,8.3333
123483,랑메일 밸리 플로우 쉬라즈,양주와인,와인,11,4,15.0,8,1,2,2025-04-13,2025-04 중순,12.5
123695,골든블루 쿼츠,양주와인,양주,15,10,15.0,13,1,0,2025-04-11,2025-04 중순,7.6923
421280,록타이트)순간접착제20g(액상)_H,문구/완구,일반문구,9,1,15.0,6,3,0,2025-04-11,2025-04 중순,50.0
106539,PB)카덴카라미소라멘212.9g,냉장,냉장간편식,10,7,15.0,7,2,1,2025-04-12,2025-04 중순,28.5714
401509,동국)마데카메디패치(스팟)33매_H,약품/의료품,의약외품,11,4,15.0,9,2,0,2025-04-13,2025-04 중순,22.2222
124705,롯데)초코우유크림소금빵120g,디저트,냉장베이커리,13,9,15.0,12,1,0,2025-04-11,2025-04 중순,8.3333
114481,동서)오레오웨하스초코(5입),과자,비스킷류,13,7,15.0,7,2,2,2025-04-13,2025-04 중순,28.5714
109937,발렌타인파이니스트 700ml,양주와인,양주,11,6,15.0,8,1,2,2025-04-13,2025-04 중순,12.5
201408,HK)컨디션(레이디)100ml,음료,기능성드링크,9,5,15.0,6,3,0,2025-04-12,2025-04 중순,50.0
073127,한일)김치우동200g,냉장,냉장간편식,16,5,15.0,14,0,1,2025-04-12,2025-04 중순,0.0
061326,매일)허쉬초코쿠키앤크림235ml,유음료,가공우유,9,4,15.0,6,3,0,2025-04-11,2025-04 중순,50.0
060777,남양)맛있는검은콩깨병200ml,유음료,두유,11,5,15.0,7,3,0,2025-04-12,2025-04 중순,42.8571
150445,나뚜루)녹차바,아이스크림,고급,13,8,15.0,9,1,2,2025-04-11,2025-04 중순,11.1111
123138,하리보)계란프라이모양젤리80g,과자,젤리류,9,4,15.0,6,3,0,2025-04-12,2025-04 중순,50.0
123993,아야 셀렉션,전통주,기타전통주,13,11,15.0,12,1,0,2025-04-11,2025-04 중순,8.3333
082543,롯데)프리미엄패스츄리스위트,빵,간식빵,11,5,15.0,7,3,0,2025-04-12,2025-04 중순,42.8571
360867,애경)케라시스데미지샴푸_H,H&B,샴푸/린스,15,11,15.0,13,1,0,2025-04-12,2025-04 중순,7.6923
132298,PB)강릉교동반점짬뽕,면,용기면,11,8,15.0,7,0,4,2025-04-11,2025-04 중순,0.0
118647,해태)사브레84g,과자,비스킷류,14,5,15.0,9,2,1,2025-04-11,2025-04 중순,22.2222
106837,CJ)숯불불닭맛후랑크120G,냉장,냉장간식,16,13,15.0,14,0,1,2025-04-11,2025-04 중순,0.0
105935,칠성)펩시라임제로카페인355ml,음료,탄산음료,15,11,15.0,11,2,0,2025-04-12,2025-04 중순,18.1818
162360,CJ)비비고칩오리지널40g,안주,스낵안주,12,6,15.0,8,2,1,2025-04-11,2025-04 중순,25.0
831349,칠성)2%부족할때복숭아240ml,음료,스포츠음료,9,4,15.0,6,3,0,2025-04-15,2025-04 중순,50.0
390876,유한)좋은느낌울트라날개대16P,위생용품,생리대,14,10,15.0,11,1,1,2025-04-11,2025-04 중순,9.0909
202439,동원)아이스티(복숭아)500ml,음료,차음료,15,9,15.0,9,3,0,2025-04-11,2025-04 중순,33.3333
072055,CJ)맥스봉빅소시지150g,냉장,냉장간식,10,7,15.0,7,2,1,2025-04-14,2025-04 중순,28.5714
210731,해태)바밤바70ml,아이스크림,노벨티,16,7,15.0,8,3,1,2025-04-11,2025-04 중순,37.5
112107,롯데)자일리톨오리지날23g,과자,껌,9,3,15.0,6,3,0,2025-04-12,2025-04 중순,50.0
170756,디아)기네스드래프트440ml캔_4입,맥주,수입맥주,14,12,15.0,13,0,1,2025-04-11,2025-04 중순,0.0
220178,동원)라이트참치150g,가공식품,캔,13,6,15.0,8,3,0,2025-04-11,2025-04 중순,37.5
106108,오비)카스레몬제로330ml캔,맥주,무알콜맥주,17,10,15.0,14,1,0,2025-04-11,2025-04 중순,7.1429
052661,칠성)칸타타아이스블랙230ml,즉석음료,파우치,9,2,15.0,6,3,0,2025-04-12,2025-04 중순,50.0
132170,농심)무파마큰사발면,면,용기면,9,5,15.0,4,4,0,2025-04-12,2025-04 중순,100.0
107745,PB)스파클링워터라임500ml,음료,생수,11,4,15.0,9,2,0,2025-04-12,2025-04 중순,22.2222
083929,삼립)순우유고구마팡80g,빵,간식빵,8,5,14.0,5,3,0,2025-04-13,2025-04 중순,60.0
600913,MZ)호올스자몽27.9g,과자,캔디류,12,6,14.0,4,3,2,2025-04-11,2025-04 중순,75.0
123402,현대)신년운세떡만둣국,미반,푸드 간편식,12,6,14.0,9,2,0,2025-04-12,2025-04 중순,22.2222
202173,HK)새싹보리500ml,음료,차음료,11,2,14.0,5,3,1,2025-04-17,2025-04 중순,60.0
601085,롯데)도리토스치즈(대용량)172g,과자,스낵류,13,10,14.0,12,0,1,2025-04-14,2025-04 중순,0.0
601556,미스티)짱구는못말려프렌즈1.5g,과자,캔디류,14,7,14.0,14,0,0,2025-04-13,2025-04 중순,0.0
150370,나뚜루)딸기초코바,아이스크림,고급,13,8,14.0,8,2,1,2025-04-12,2025-04 중순,25.0
202057,칠성)칸타타콘트라베이스라떼500,음료,커피음료,10,5,14.0,7,1,2,2025-04-11,2025-04 중순,14.2857
115576,카발란 드라이 하이볼(24입),양주와인,양주,14,14,14.0,14,0,0,2025-04-12,2025-04 중순,0.0
112113,크라운)마이쮸복숭아44g,과자,캔디류,12,5,14.0,10,0,2,2025-04-11,2025-04 중순,0.0
191301,롯데)떼레디마리오레드750ml,양주와인,와인,13,6,14.0,8,2,1,2025-04-13,2025-04 중순,25.0
191290,리커)산밸리샤도네이750ml,양주와인,와인,14,10,14.0,12,1,0,2025-04-11,2025-04 중순,8.3333
107893,CJ)동그란스팸160g,냉장,냉장간식,11,7,14.0,9,1,1,2025-04-13,2025-04 중순,11.1111
170904,엠즈)에비스500ml캔(6입),맥주,수입맥주,14,4,14.0,14,0,0,2025-04-11,2025-04 중순,0.0
109993,탐두 12년,양주와인,양주,10,5,14.0,8,2,0,2025-04-11,2025-04 중순,25.0
105970,매일)피크닉청포도240ml,유음료,냉장주스,11,8,14.0,7,2,1,2025-04-11,2025-04 중순,28.5714
105304,칠성)칸타타헤이즐넛320ml,즉석음료,파우치,13,4,14.0,6,3,1,2025-04-13,2025-04 중순,50.0
082538,롯데)미니딸기샌드65g,빵,간식빵,11,5,14.0,5,3,1,2025-04-12,2025-04 중순,60.0
111370,롯데)크런키34g,과자,초콜릿,11,6,14.0,7,2,1,2025-04-13,2025-04 중순,28.5714
111380,네슬레)킷캣산타,과자,초콜릿,14,7,14.0,10,2,0,2025-04-12,2025-04 중순,20.0
053279,대파크림치즈스틱,즉석 식품,즉석치킨,13,4,14.0,6,3,1,2025-04-17,2025-04 중순,50.0
061843,빙그레)사이즈업바닐라라떼350ml,유음료,가공우유,11,9,14.0,9,1,1,2025-04-11,2025-04 중순,11.1111
083749,삼립)허쉬초코샌드95g,빵,간식빵,12,7,14.0,8,1,2,2025-04-11,2025-04 중순,12.5
201336,코카)미닛정성담은선물세트,음료,선물세트,10,2,14.0,6,3,0,2025-04-15,2025-04 중순,50.0
108602,네슬레)폴로오리지널30g,과자,캔디류,8,3,14.0,5,3,0,2025-04-11,2025-04 중순,60.0
041508,이지텍)오리히로곤약젤리(샤인),디저트,젤리,9,5,14.0,6,2,1,2025-04-13,2025-04 중순,33.3333
600858,농심)딸기바나나킥60g,과자,스낵류,12,6,14.0,11,1,0,2025-04-11,2025-04 중순,9.0909
401695,휴마)세이플리임신진단키트_H,약품/의료품,의료기기,11,4,14.0,7,2,1,2025-04-12,2025-04 중순,28.5714
123771,웅진)카무트현미차500ml,음료,차음료,8,4,14.0,5,3,0,2025-04-11,2025-04 중순,60.0
118545,MZ)밀카무40g,과자,비스킷류,8,4,14.0,5,3,0,2025-04-11,2025-04 중순,60.0
151759,CJ)쇠고기다시다골드100g,조미료/건물,조미료,9,4,14.0,6,2,1,2025-04-11,2025-04 중순,33.3333
202468,웅진)옥수수수염차500ml,음료,차음료,8,5,14.0,4,2,2,2025-04-13,2025-04 중순,50.0
061530,뉴초이스)아쌈밀크티300ml,유음료,가공우유,13,7,14.0,8,2,1,2025-04-11,2025-04 중순,25.0
170622,오비)카스제로355ml캔,맥주,무알콜맥주,12,8,14.0,9,2,0,2025-04-11,2025-04 중순,22.2222
170425,하이트)파울라너바이스비어500ml,맥주,수입맥주,9,7,14.0,6,2,1,2025-04-12,2025-04 중순,33.3333
124916,일동)하이뮨액티브바나나250ml,유음료,프로틴 음료,8,3,14.0,4,2,2,2025-04-14,2025-04 중순,50.0
192123,인덜지)부나하벤스튜라더700ml,양주와인,양주,13,10,14.0,12,0,1,2025-04-12,2025-04 중순,0.0
160765,칠성)델몬트망고1.5L,음료,주스,11,3,14.0,5,3,1,2025-04-13,2025-04 중순,60.0
125071,납크릭 버번,양주와인,양주,12,11,14.0,10,0,2,2025-04-11,2025-04 중순,0.0
141258,오뚜기)오뚜기밥210g*8입,가공식품,가공미반류,14,12,14.0,14,0,0,2025-04-11,2025-04 중순,0.0
160054,칠성)펩시콜라1.5P,음료,탄산음료,8,2,14.0,5,3,0,2025-04-12,2025-04 중순,60.0
114919,롯데)더블크런키초코바,과자,초콜릿,11,7,14.0,9,1,1,2025-04-14,2025-04 중순,11.1111
600794,킨더)해피히포21g,과자,비스킷류,11,7,14.0,7,2,1,2025-04-12,2025-04 중순,28.5714
105364,올리)순얼음1kg,즉석음료,얼음,12,6,14.0,7,3,0,2025-04-12,2025-04 중순,42.8571
141385,오뚜기)대구식쇠고기육개장,가공식품,상온간편식,13,13,14.0,12,0,1,2025-04-13,2025-04 중순,0.0
107246,PB)착한청사과에이드320ml,즉석음료,파우치,10,5,14.0,3,3,2,2025-04-11,2025-04 중순,100.0
600600,PB)피카츄계란과자108g,과자,스낵류,16,10,14.0,9,3,0,2025-04-12,2025-04 중순,33.3333
109669,스미)감숙왕바나나1입,신선,과일,11,6,14.0,4,2,3,2025-04-12,2025-04 중순,50.0
107796,K리그산리오)인형_포차코,문구/완구,일반완구,11,9,14.0,8,0,3,2025-04-14,2025-04 중순,0.0
161487,PB)우리맛밤70g,안주,농산안주,11,4,14.0,9,1,1,2025-04-13,2025-04 중순,11.1111
371619,LG)테크베이킹소다액체세제1.4L_H,가정용품,세제류,11,7,14.0,9,1,1,2025-04-12,2025-04 중순,11.1111
123876,와일드 터키 81,양주와인,양주,13,12,14.0,12,0,1,2025-04-13,2025-04 중순,0.0
105871,하겐)크리스피샌드위치카라멜60ml,아이스크림,고급,19,10,14.0,10,1,3,2025-04-12,2025-04 중순,10.0
109092,네슬레)프루팁스하와이안,과자,젤리류,11,6,14.0,9,1,1,2025-04-15,2025-04 중순,11.1111
202704,광동)옥수수수염차1.5L,음료,차음료,9,4,14.0,4,3,1,2025-04-11,2025-04 중순,75.0
108551,피치)수박모양미니젤리,과자,젤리류,10,5,14.0,8,2,0,2025-04-12,2025-04 중순,25.0
081136,롯데)키스틱55g,냉장,냉장간식,14,12,14.0,12,1,0,2025-04-11,2025-04 중순,8.3333
107084,K리그산리오)면티셔츠90,패션잡화,시즌/소품,10,7,13.0,7,0,3,2025-04-17,2025-04 중순,0.0
111551,크라운)쵸코하임47g,과자,비스킷류,11,3,13.0,6,3,0,2025-04-11,2025-04 중순,50.0
123296,해태)가루비감자칩야키니쿠맛55g,과자,스낵류,12,5,13.0,5,3,1,2025-04-12,2025-04 중순,60.0
202608,오츠카)나랑드사이다그린애플500,음료,탄산음료,9,4,13.0,5,3,0,2025-04-11,2025-04 중순,60.0
124553,빙그레)딥앤로우저당소프트멜론160ml,아이스크림,노벨티,13,7,13.0,11,1,0,2025-04-13,2025-04 중순,9.0909
362571,LG)핑크솔트바디워시200ml_H,H&B,화장비누/바디클렌저,9,7,13.0,7,2,0,2025-04-11,2025-04 중순,28.5714
106690,PB)카페모카300ml,유음료,컵커피,9,4,13.0,7,2,0,2025-04-12,2025-04 중순,28.5714
124295,LG)아우라퍼퓸캡슐1L(베이비머스크)_H,가정용품,세제류,11,9,13.0,10,1,0,2025-04-11,2025-04 중순,10.0
123356,더 그레이프 그라인더 피노타쥐,양주와인,와인,12,11,13.0,11,0,1,2025-04-11,2025-04 중순,0.0
123544,돈 멜초 2021,양주와인,와인,13,13,13.0,13,0,0,2025-04-11,2025-04 중순,0.0
124495,와일드무어 23년,양주와인,양주,9,7,13.0,6,1,2,2025-04-12,2025-04 중순,16.6667
105968,G)닛신컵누들칠리토마토맛70g,면,용기면,10,7,13.0,7,0,3,2025-04-13,2025-04 중순,0.0
121777,티젠)콤부차10입,건강/기호식품,차,8,3,13.0,5,2,1,2025-04-11,2025-04 중순,40.0
211373,롯데)일품팥빙수240ml,아이스크림,노벨티,9,6,13.0,7,2,0,2025-04-11,2025-04 중순,28.5714
123958,오뚜기)순후추닭강정180g,냉동,조리냉동,9,6,13.0,7,2,0,2025-04-11,2025-04 중순,28.5714
202035,코카)몬스터울트라(시트라)355ml,음료,기능성드링크,7,3,13.0,4,3,0,2025-04-11,2025-04 중순,75.0
108515,하이포크)한돈삼겹살300g,냉동,신선냉동,13,6,13.0,11,1,0,2025-04-11,2025-04 중순,9.0909
053281,통살새우스틱,즉석 식품,즉석치킨,7,3,13.0,4,3,0,2025-04-13,2025-04 중순,75.0
106666,PB)아메리카노300ml,유음료,컵커피,9,5,13.0,5,3,0,2025-04-12,2025-04 중순,60.0
124781,해태)생생감자칩랍스터맛85g,과자,스낵류,11,10,13.0,10,1,0,2025-04-11,2025-04 중순,10.0
118333,드림)프란찌요거트초코쿠키58g,과자,비스킷류,14,6,13.0,8,2,1,2025-04-12,2025-04 중순,25.0
601353,농심)빵부장소금빵55g,과자,스낵류,9,4,13.0,5,3,0,2025-04-13,2025-04 중순,60.0
062172,서울)바나나우유300ml,유음료,가공우유,10,8,13.0,8,1,1,2025-04-13,2025-04 중순,12.5
124287,한입)게맛살깡와사비맛30g,안주,스낵안주,15,13,13.0,12,1,0,2025-04-11,2025-04 중순,8.3333
124882,토트넘 No.7 백마킹 화이트 티셔츠_105(개인결제창),패션잡화,시즌/소품,7,3,13.0,3,2,2,2025-04-15,2025-04 중순,66.6667
123557,SAMG)하츄핑의4D젤리42g,과자,젤리류,7,3,13.0,4,3,0,2025-04-11,2025-04 중순,75.0
116050,PB)밀크클래식쌀샌드180ml,아이스크림,노벨티,12,7,13.0,6,1,3,2025-04-14,2025-04 중순,16.6667
119865,하리보)믹스사우어100g,과자,젤리류,15,11,13.0,8,3,0,2025-04-11,2025-04 중순,37.5
118138,하리보)해피콜라사우어,과자,젤리류,11,4,13.0,6,3,0,2025-04-11,2025-04 중순,50.0
108733,정관장)아미노활기력샷20ml,건강/기호식품,건강/이너뷰티,11,6,13.0,8,2,0,2025-04-12,2025-04 중순,25.0
190983,나라)몬테스클래식샤도네이750ml,양주와인,와인,12,5,13.0,11,0,1,2025-04-11,2025-04 중순,0.0
107479,PB)빵빵이의떡볶이~!(보통맛),냉장,냉장간편식,13,12,13.0,13,0,0,2025-04-12,2025-04 중순,0.0
114680,톨라이니 끼안티 클라시코 DOCG 750ml,양주와인,와인,12,8,13.0,9,1,1,2025-04-11,2025-04 중순,11.1111
062314,매일)바리스타아메리카노PET475m,유음료,가공우유,10,7,13.0,6,2,1,2025-04-12,2025-04 중순,33.3333
360314, 모나미)아쿠아방수밴드_H,약품/의료품,의약외품,15,5,13.0,7,2,2,2025-04-12,2025-04 중순,28.5714
124067,박은영)마라마파두부덮밥380g,냉장,냉장간편식,13,10,13.0,11,1,0,2025-04-11,2025-04 중순,9.0909
202369,칠성)펩시콜라제로500ml,음료,탄산음료,15,13,13.0,14,0,0,2025-04-11,2025-04 중순,0.0
105997,롯데)제로쿠키&크림바80ml,아이스크림,노벨티,12,9,13.0,9,1,1,2025-04-11,2025-04 중순,11.1111
370951,LG)샤프란케어은은한향100ml_H,가정용품,방향제,11,8,13.0,10,1,0,2025-04-11,2025-04 중순,10.0
202546,쟈뎅)제주청보리차500ml,음료,차음료,11,3,13.0,8,2,0,2025-04-13,2025-04 중순,25.0
201895,오츠카)데자와500ml,음료,차음료,11,6,13.0,9,0,2,2025-04-12,2025-04 중순,0.0
061468,남양)초코에몽250ml,유음료,가공우유,12,8,13.0,9,1,1,2025-04-13,2025-04 중순,11.1111
109015,PB)바닐라빈슈크림빵105g,빵,간식빵,10,6,13.0,8,1,1,2025-04-11,2025-04 중순,12.5
117220,롯데)왓따 청포도,과자,껌,9,5,13.0,7,2,0,2025-04-11,2025-04 중순,28.5714
123477,펄리셔 샤르도네,양주와인,와인,10,8,13.0,8,1,1,2025-04-11,2025-04 중순,12.5
071565,장충동)슬라이스족발425g,냉장,냉장안주,9,1,13.0,5,3,0,2025-04-15,2025-04 중순,60.0
109322,설성)내슈빌부채살스테이크150g,냉동,신선냉동,7,3,13.0,4,3,0,2025-04-14,2025-04 중순,75.0
062074,프리차드)무염버터200g,유음료,유제품,11,5,13.0,8,2,0,2025-04-11,2025-04 중순,25.0
190171,서울탁)장수생막걸리750ml,전통주,막걸리,10,6,13.0,8,1,1,2025-04-11,2025-04 중순,12.5
083969,PB)달달크림빵105g,빵,간식빵,10,6,13.0,6,2,1,2025-04-11,2025-04 중순,33.3333
107311,산토리)가쿠빈700ml,양주와인,양주,14,11,13.0,12,0,1,2025-04-11,2025-04 중순,0.0
073454,한양)쫄깃쫄깃훈제닭다리180g,냉장,냉장안주,9,2,13.0,7,2,0,2025-04-13,2025-04 중순,28.5714
104349,롯데)칙촉비스켓2400,과자,비스킷류,10,5,13.0,6,2,1,2025-04-13,2025-04 중순,33.3333
083073,롯데)미니연유크림샌드100g,빵,간식빵,7,4,13.0,3,2,2,2025-04-13,2025-04 중순,66.6667
362366,LG)페리오듀얼클린칫솔 2입_H,H&B,칫솔,10,3,13.0,6,2,1,2025-04-12,2025-04 중순,33.3333
600974,하늘)초코약과도넛60g,과자,비스킷류,8,3,13.0,5,2,1,2025-04-14,2025-04 중순,40.0
106527,롯데)새로소주살구360ml병,전통주,기타전통주,14,8,13.0,10,1,1,2025-04-11,2025-04 중순,10.0
123946,APP전용)머쉬룸투움바비프버거,조리빵,햄버거,10,6,13.0,7,0,3,2025-04-16,2025-04 중순,0.0
124430,에스씨)이치미니쌀과자120g,과자,스낵류,11,7,13.0,10,1,0,2025-04-13,2025-04 중순,10.0
133738,CJ)비비고썰은김치100g,냉장,냉장간편식,12,4,13.0,7,2,1,2025-04-16,2025-04 중순,28.5714
052972,청솔)군고구마,즉석 식품,즉석간식,11,6,13.0,8,2,0,2025-04-12,2025-04 중순,25.0
106928,PB)복숭아아이스컵200ml,아이스크림,노벨티,12,7,13.0,7,2,1,2025-04-12,2025-04 중순,28.5714
108066,하겐)크리스피샌드위치딸기60ml,아이스크림,고급,11,4,13.0,8,2,0,2025-04-11,2025-04 중순,25.0
041119,제이탑)가나슈마카롱3입69g,디저트,냉장베이커리,14,10,13.0,12,0,1,2025-04-11,2025-04 중순,0.0
191546,다크호스 브뤼750ml,양주와인,와인,13,12,13.0,13,0,0,2025-04-11,2025-04 중순,0.0
109959,발렌타인 마스터스 500ml,양주와인,양주,13,12,13.0,13,0,0,2025-04-11,2025-04 중순,0.0
106953,티젠)콤부차매실10T,건강/기호식품,차,11,8,13.0,8,2,0,2025-04-11,2025-04 중순,25.0
070791,남양)불가리스딸기150ml,유음료,요구르트,13,7,13.0,10,0,2,2025-04-11,2025-04 중순,0.0
202576,동서)TOP돌체라떼275,음료,커피음료,9,3,13.0,3,4,0,2025-04-14,2025-04 중순,133.3333
132268,오뚜기)진라면순한맛소컵,면,용기면,9,4,13.0,5,3,0,2025-04-13,2025-04 중순,60.0
140968,CJ)철판제육덮밥(컵반),가공식품,가공미반류,8,4,13.0,5,2,1,2025-04-11,2025-04 중순,40.0
124130,롯데)이너프골든츄이바35g,과자,프로틴/시리얼,9,2,13.0,7,2,0,2025-04-12,2025-04 중순,28.5714
111757,오리온)통아몬드캔디2000,과자,캔디류,9,5,13.0,5,3,0,2025-04-13,2025-04 중순,60.0
600911,MZ)호올스허니레몬27.9g,과자,캔디류,12,5,13.0,7,2,1,2025-04-11,2025-04 중순,28.5714
124783,에이스)마루와유지크림브륄레130g,건강/기호식품,쨈/꿀,10,8,13.0,8,1,1,2025-04-11,2025-04 중순,12.5
240514,PB)참고소한식탁김15g,조미료/건물,건해산물,7,3,13.0,3,2,2,2025-04-12,2025-04 중순,66.6667
601413,스위트)알포트미니딸기초콜릿55g,과자,초콜릿,12,6,13.0,9,1,1,2025-04-12,2025-04 중순,11.1111
170912,오비)카스370ml캔(6입),맥주,국산맥주,11,5,12.5,9,1,0,2025-04-11,2025-04 중순,11.1111
106095,PB)한끼견과모닝도넛40g,빵,구움과자,13,9,12.5,7,1,2,2025-04-11,2025-04 중순,14.2857
114678,투핸즈 릴리스 가든 750ml,양주와인,와인,10,8,12.0,8,0,2,2025-04-12,2025-04 중순,0.0
391135,유한)좋은느낌입는데이팬티대형4,위생용품,생리대,8,3,12.0,6,2,0,2025-04-11,2025-04 중순,33.3333
162361,CJ)비비고칩스위트콘40g,안주,스낵안주,10,5,12.0,7,2,0,2025-04-12,2025-04 중순,28.5714
080960,CJ)가쓰오우동222.5g(큰컵),냉장,냉장간편식,10,5,12.0,9,1,0,2025-04-12,2025-04 중순,11.1111
092882,프레시팜)바나나2입,신선,과일,11,5,12.0,6,2,1,2025-04-11,2025-04 중순,33.3333
124145,팔도)볼케이노까르보나라봉지,면,봉지면,8,4,12.0,6,2,0,2025-04-12,2025-04 중순,33.3333
124740,리안)베이직 쿨토시 블랙_H,패션잡화,시즌/소품,10,5,12.0,7,2,0,2025-04-11,2025-04 중순,28.5714
109689,화요3종선물세트,전통주,소주,11,11,12.0,10,0,1,2025-04-11,2025-04 중순,0.0
161181,칠성)칸타타프리미엄라떼200,음료,커피음료,7,4,12.0,4,2,1,2025-04-16,2025-04 중순,50.0
113843,롯데)왓따(복숭아),과자,껌,8,4,12.0,4,3,0,2025-04-14,2025-04 중순,75.0
390823,깨끗한)퓨어물티슈60매,위생용품,티슈,7,5,12.0,4,2,1,2025-04-11,2025-04 중순,50.0
202014,해태)갈아만든배340ml캔,음료,주스,7,2,12.0,4,2,1,2025-04-19,2025-04 중순,50.0
221555,대상)안주야직화불막창160g,냉동,조리냉동,10,6,12.0,6,1,2,2025-04-11,2025-04 중순,16.6667
132474,오뚜기)진짜쫄면봉지,면,봉지면,11,7,12.0,8,1,1,2025-04-12,2025-04 중순,12.5
191971,시데랄 *2입,양주와인,와인,10,5,12.0,9,1,0,2025-04-11,2025-04 중순,11.1111
160278,코카)파워에이드마운틴1.5L,음료,스포츠음료,10,5,12.0,7,2,0,2025-04-12,2025-04 중순,28.5714
124541,칠성사이다490ml,음료,탄산음료,10,5,12.0,7,2,0,2025-04-12,2025-04 중순,28.5714
123058,나무)스웨디시젤리60g,과자,젤리류,9,8,12.0,7,1,1,2025-04-12,2025-04 중순,14.2857
141379,PB)칼칼북어국(컵),가공식품,상온간편식,10,6,12.0,7,2,0,2025-04-12,2025-04 중순,28.5714
124796,풀무원)고소하고부드럽게구운란75g,냉장,냉장간식,10,4,12.0,9,1,0,2025-04-12,2025-04 중순,11.1111
360868,애경)케라시스데미지린스_H,H&B,샴푸/린스,11,9,12.0,10,0,1,2025-04-12,2025-04 중순,0.0
601673,농심)멘토스사워파인애플37.5g,과자,캔디류,11,5,12.0,6,2,1,2025-04-11,2025-04 중순,33.3333
080421,CJ)오뎅한그릇(시원한맛)360g,냉장,냉장간편식,11,7,12.0,8,1,1,2025-04-12,2025-04 중순,12.5
062475,남양)테이크핏고소한맛250ml,유음료,프로틴 음료,9,7,12.0,7,1,1,2025-04-13,2025-04 중순,14.2857
107419,롯데)후르츠공식껌(딸기),과자,껌,8,6,12.0,6,2,0,2025-04-13,2025-04 중순,33.3333
108411,PB)헬로맨카페라떼로슈거320ml,유음료,컵커피,10,5,12.0,7,2,0,2025-04-11,2025-04 중순,28.5714
109251,네슬레)다막바클라바60G,과자,초콜릿,6,2,12.0,3,3,0,2025-04-15,2025-04 중순,100.0
110465,경진)꾸이맨30g,안주,생선류,7,3,12.0,4,2,1,2025-04-14,2025-04 중순,50.0
107132,G)보바티딸기복숭아320ml,음료,차음료,8,6,12.0,5,1,2,2025-04-13,2025-04 중순,20.0
150250,나뚜루)바닐라초코아몬드바,아이스크림,고급,10,5,12.0,7,2,0,2025-04-12,2025-04 중순,28.5714
211496,빙그레)투게더미니어처270ml,아이스크림,홈타입,8,2,12.0,4,3,0,2025-04-13,2025-04 중순,75.0
061641,매일)아몬드브리즈초콜릿190ml,유음료,가공우유,10,5,12.0,7,2,0,2025-04-12,2025-04 중순,28.5714
122761,이노엔)컨디션스틱망고18g,건강/기호식품,숙취해소제,7,4,12.0,4,2,1,2025-04-11,2025-04 중순,50.0
118036,오리온)마켓오브라우니120g,과자,비스킷류,8,5,12.0,6,2,0,2025-04-11,2025-04 중순,33.3333
030658,훈스)빅콘치즈피자빵100g,간식,냉장피자,10,7,12.0,7,2,0,2025-04-12,2025-04 중순,28.5714
202553,농심)웰치스제로포도355ml,음료,탄산음료,10,5,12.0,4,2,2,2025-04-14,2025-04 중순,50.0
190980,페르)제임슨200ml,양주와인,양주,11,3,12.0,10,0,1,2025-04-14,2025-04 중순,0.0
109522,삼립)멸치칼국수182g,냉장,냉장간편식,13,3,12.0,9,1,1,2025-04-12,2025-04 중순,11.1111
123690,라쿠엔 시콰사(2입),전통주,기타전통주,12,10,12.0,12,0,0,2025-04-11,2025-04 중순,0.0
360450, 일신)리뉴여행용60ml세트_H,약품/의료품,의약외품,8,3,12.0,6,2,0,2025-04-12,2025-04 중순,33.3333
124517,대호)밀크커피230ml,즉석음료,파우치,6,3,12.0,3,3,0,2025-04-14,2025-04 중순,100.0
062548,남양)테이크핏바나나250ml,유음료,프로틴 음료,9,7,12.0,7,1,1,2025-04-11,2025-04 중순,14.2857
107810,K리그산리오)인형 키링_폼폼푸린,문구/완구,일반완구,11,4,12.0,10,0,1,2025-04-16,2025-04 중순,0.0
117128,오리온)태양의맛썬핫135g,과자,스낵류,8,3,12.0,3,2,2,2025-04-14,2025-04 중순,66.6667
170503,하이트)테라500ml캔,맥주,국산맥주,14,12,12.0,11,1,0,2025-04-11,2025-04 중순,9.0909
061318,정식품)베지밀국산검은콩병190ml,유음료,두유,11,6,12.0,10,0,1,2025-04-13,2025-04 중순,0.0
108714,오리온)뉴룽지75g,과자,스낵류,8,3,12.0,4,3,0,2025-04-13,2025-04 중순,75.0
192557,타임)와인글라스모스카토187ml,양주와인,와인,12,11,12.0,12,0,0,2025-04-11,2025-04 중순,0.0
162025,머거본)꿀땅콩70g,안주,너트류,9,4,12.0,5,2,1,2025-04-14,2025-04 중순,40.0
062564,일동)하이뮨액티브커피250ml,유음료,프로틴 음료,9,6,12.0,7,1,1,2025-04-12,2025-04 중순,14.2857
202596,칠성)펩시콜라제로1.5L,음료,탄산음료,9,7,12.0,7,1,1,2025-04-11,2025-04 중순,14.2857
124734,빙그레)딥앤로우쫀득카라멜바70ml,아이스크림,노벨티,9,4,12.0,5,2,1,2025-04-14,2025-04 중순,40.0
360862,LG)페리오46cm치약_H,H&B,치약,10,2,12.0,7,2,0,2025-04-12,2025-04 중순,28.5714
124854,간치아모스카토로제,양주와인,와인,10,8,12.0,8,0,2,2025-04-11,2025-04 중순,0.0
114396,플라네타 알라스트로750ml,양주와인,와인,9,8,12.0,6,0,3,2025-04-11,2025-04 중순,0.0
114066,매일)바이오그릭요거트150g,유음료,요구르트,12,10,12.0,9,0,2,2025-04-11,2025-04 중순,0.0
124959,로로)수건모양아이스케익초코,아이스크림,고급,12,8,12.0,12,0,0,2025-04-13,2025-04 중순,0.0
108819,PB)여행용티슈70매,위생용품,티슈,8,5,12.0,5,1,2,2025-04-12,2025-04 중순,20.0
390841,LG)바디피트내몸에순한면중형18P,위생용품,생리대,8,3,12.0,6,2,0,2025-04-13,2025-04 중순,33.3333
109057,K)릴 솔리드3(갤럭틱블루),담배,전자담배,10,5,12.0,9,1,0,2025-04-13,2025-04 중순,11.1111
160771,일화)맥콜500ml,음료,탄산음료,8,4,12.0,4,3,0,2025-04-11,2025-04 중순,75.0
062499,남양)과수원사과200ml,유음료,냉장주스,10,3,12.0,7,2,0,2025-04-15,2025-04 중순,28.5714
107136,PB)제로곤약젤리복숭아140ml,디저트,젤리,8,7,12.0,5,1,2,2025-04-14,2025-04 중순,20.0
133739,CJ)비비고썰은김치60g,냉장,냉장간편식,8,4,12.0,4,3,0,2025-04-11,2025-04 중순,75.0
093380,SNJ)노랑옥수수1입,신선,야채,10,6,12.0,6,1,2,2025-04-13,2025-04 중순,16.6667
104203,롯데)C박스,과자,캔디류,7,4,12.0,4,2,1,2025-04-16,2025-04 중순,50.0
106851,브라운)잭다니엘스애플500ml,양주와인,양주,10,8,12.0,9,1,0,2025-04-12,2025-04 중순,11.1111
083985,엔제이)마루토나가사키카스테라,빵,간식빵,11,9,12.0,7,0,3,2025-04-13,2025-04 중순,0.0
124739,빙그레)따옴바키위75ml,아이스크림,노벨티,7,3,12.0,4,2,1,2025-04-11,2025-04 중순,50.0
141410,삼양)로제불닭떡볶이(컵),가공식품,가공미반류,12,10,12.0,12,0,0,2025-04-12,2025-04 중순,0.0
080259,대림)스모크치킨180g,냉장,냉장안주,8,3,12.0,4,3,0,2025-04-13,2025-04 중순,75.0
202341,해태)갈아만든배500ml,음료,주스,12,7,12.0,8,2,0,2025-04-11,2025-04 중순,25.0
070896,롯데)에센뽀득프랑크70g,냉장,냉장간식,8,4,12.0,6,2,0,2025-04-13,2025-04 중순,33.3333
140538,CJ)강된장보리비빔밥(컵반),가공식품,가공미반류,10,6,12.0,7,2,0,2025-04-11,2025-04 중순,28.5714
061677,덴마크)슈레드피자치즈25g,유음료,유제품,8,5,12.0,6,2,0,2025-04-13,2025-04 중순,33.3333
113130,미클토어 더 쉐리 원 700ml,양주와인,양주,12,11,12.0,12,0,0,2025-04-11,2025-04 중순,0.0
124513,우진)루체 21 750ml,양주와인,와인,17,8,12.0,13,0,1,2025-04-11,2025-04 중순,0.0
123692,G)스틱휘낭시에치즈39g,빵,구움과자,9,6,12.0,5,2,1,2025-04-13,2025-04 중순,40.0
202100,팔도)비락식혜500ml,음료,전통음료,8,4,12.0,6,2,0,2025-04-11,2025-04 중순,33.3333
114537,프레스코발디 카스틸리오니 토스카나750ml,양주와인,와인,12,8,12.0,12,0,0,2025-04-11,2025-04 중순,0.0
150931,빙그레)비비빅75ml,아이스크림,노벨티,8,5,12.0,6,2,0,2025-04-11,2025-04 중순,33.3333
030219,CJ)모닝두부,신선,야채,7,5,12.0,4,2,1,2025-04-13,2025-04 중순,50.0
123241,잇웨이)하남돼지집불껍데기200g,냉동,조리냉동,9,6,12.0,7,1,1,2025-04-14,2025-04 중순,14.2857
123867,글렌알라키 12년 700ml,양주와인,양주,9,8,12.0,6,0,3,2025-04-12,2025-04 중순,0.0
125067,트리펠330ml(4입)*전용잔1개 ,맥주,수입맥주,10,9,12.0,9,1,0,2025-04-11,2025-04 중순,11.1111
050283,뚜또)밀감230g,디저트,젤리,8,4,12.0,4,3,0,2025-04-14,2025-04 중순,75.0
220180,동원)야채참치150g,가공식품,캔,7,2,12.0,4,2,1,2025-04-11,2025-04 중순,50.0
124794,PB)직화뼈없는불닭발200g,냉장,냉장안주,13,4,12.0,9,1,1,2025-04-11,2025-04 중순,11.1111
161571,정화)오징어는땅콩을좋아해55g,안주,오징어,8,5,12.0,6,2,0,2025-04-11,2025-04 중순,33.3333
201163,칠성)게토레이블루볼트600ml,음료,스포츠음료,8,5,12.0,6,2,0,2025-04-12,2025-04 중순,33.3333
113148,글렌알라키 와인캐스크피니쉬 10년 그라타마코 700ml,양주와인,양주,12,10,12.0,12,0,0,2025-04-11,2025-04 중순,0.0
381658,남영)비비안스타킹2족입(살구)_H,패션잡화,스타킹,6,1,12.0,3,3,0,2025-04-11,2025-04 중순,100.0
109910,아까기리시마,전통주,기타전통주,12,11,12.0,12,0,0,2025-04-11,2025-04 중순,0.0
371091,롯알)투명테이프_H,가정용품,청소/작업용품,10,5,12.0,7,2,0,2025-04-11,2025-04 중순,28.5714
600915,일신)리콜라레몬민트40g,과자,캔디류,10,5,12.0,7,2,0,2025-04-11,2025-04 중순,28.5714
202707,동서)스타벅스셀렉트카페라떼300,음료,커피음료,12,7,12.0,8,2,0,2025-04-12,2025-04 중순,25.0
112079,롯데)아라비카커피껌,과자,껌,10,3,12.0,5,3,0,2025-04-14,2025-04 중순,60.0
108570,하이트)블랙보리다크로스트520ml,음료,차음료,14,8,12.0,7,3,0,2025-04-12,2025-04 중순,42.8571
362154,존슨)리스테린쿨민트 마일드_H,H&B,치약,11,3,12.0,8,1,1,2025-04-13,2025-04 중순,12.5
117187,오리온)아이셔청사과맛42g,과자,젤리류,11,4,12.0,6,2,1,2025-04-12,2025-04 중순,33.3333
132351,PB)동원고추참치라면,면,용기면,8,4,12.0,6,2,0,2025-04-11,2025-04 중순,33.3333
124616,호땅6도750ml(4입),전통주,기타전통주,11,6,11.0,9,1,0,2025-04-13,2025-04 중순,11.1111
123452,얄리 그랑 레세르바 샤르도네,양주와인,와인,9,8,11.0,7,0,2,2025-04-11,2025-04 중순,0.0
108453,동서)스타벅스더블샷돌체275ml,음료,커피음료,9,3,11.0,6,2,0,2025-04-11,2025-04 중순,33.3333
117105,롯데)말랑카우밀크79g,과자,캔디류,11,6,11.0,7,2,0,2025-04-11,2025-04 중순,28.5714
080064,롯데)미니비엔나140g,냉장,냉장간식,6,3,11.0,3,2,1,2025-04-12,2025-04 중순,66.6667
108067,정관장)에브리타임리프레시1포,건강/기호식품,건강/이너뷰티,9,8,11.0,8,1,0,2025-04-13,2025-04 중순,12.5
190518,아영)디아블로까버네쇼비뇽750ml,양주와인,와인,10,7,11.0,7,1,1,2025-04-11,2025-04 중순,14.2857
061535,덴마크)얼라이브스위티자몽250ml,유음료,냉장주스,10,4,11.0,7,1,1,2025-04-14,2025-04 중순,14.2857
133736,종가집)맛김치(컵)75g,냉장,냉장간편식,10,9,11.0,7,1,1,2025-04-11,2025-04 중순,14.2857
391141,동아)템포입는오버나이트5P,위생용품,생리대,10,5,11.0,7,1,1,2025-04-14,2025-04 중순,14.2857
107185,CJ)비비고떡볶이치즈108g,가공식품,가공미반류,7,3,11.0,5,2,0,2025-04-15,2025-04 중순,40.0
094196,세븐팜)신선한대란(30입),신선,수축산/계란,11,6,11.0,9,1,0,2025-04-11,2025-04 중순,11.1111
109488,오뚜기)짜슐랭큰컵,면,용기면,13,7,11.0,8,2,0,2025-04-13,2025-04 중순,25.0
192528,부쉬밀블랙부쉬700ml,양주와인,양주,11,10,11.0,11,0,0,2025-04-11,2025-04 중순,0.0
180919,롯데)별빛청하스파클링295ml병,전통주,기타전통주,13,7,11.0,10,1,0,2025-04-11,2025-04 중순,10.0
093456,한스팜)1등급란6입,신선,수축산/계란,9,3,11.0,6,2,0,2025-04-14,2025-04 중순,33.3333
123536,9 라이브스 리저브 카베르네 소비뇽,양주와인,와인,10,6,11.0,9,0,1,2025-04-12,2025-04 중순,0.0
140724,오뚜기)전복죽285g,가공식품,가공미반류,9,5,11.0,8,1,0,2025-04-12,2025-04 중순,12.5
450030,듀라셀)디럭스AA4입_H,일용잡화,건전지,7,4,11.0,5,2,0,2025-04-11,2025-04 중순,40.0
390944,PB)프리미엄3겹데코24롤,위생용품,티슈,9,7,11.0,6,2,0,2025-04-12,2025-04 중순,33.3333
062428,매일)어메이징오트오리지널190ml,유음료,기능성우유,14,9,11.0,9,1,1,2025-04-11,2025-04 중순,11.1111
106651,광동)비타500제로스파클링150ml,음료,기능성드링크,9,7,11.0,8,1,0,2025-04-11,2025-04 중순,12.5
102378,일신)지렁이젤리사우어,과자,젤리류,9,6,11.0,8,1,0,2025-04-12,2025-04 중순,12.5
192463,TB)글렌그란트15년700ml,양주와인,양주,10,5,11.0,9,0,1,2025-04-12,2025-04 중순,0.0
113183,아스티카 토론테스750ml ,양주와인,와인,11,11,11.0,11,0,0,2025-04-11,2025-04 중순,0.0
170954,시원)아오모리사과츄하이350ml,맥주,수입맥주,8,7,11.0,5,0,3,2025-04-12,2025-04 중순,0.0
106781,해태)에이스야채145g,과자,비스킷류,11,1,11.0,11,0,0,2025-04-11,2025-04 중순,0.0
124707,이그니스)랩노쉬프로틴350ml,음료,기능성드링크,9,4,11.0,8,1,0,2025-04-11,2025-04 중순,12.5
109659,크라운)콘칩(대)148g,과자,스낵류,9,7,11.0,8,1,0,2025-04-13,2025-04 중순,12.5
150139,하겐)컵바닐라,아이스크림,고급,11,8,11.0,7,2,0,2025-04-12,2025-04 중순,28.5714
124886,토트넘 No.7 백마킹 네이비 티셔츠_105 (개인결제창),패션잡화,시즌/소품,7,4,11.0,4,1,2,2025-04-15,2025-04 중순,25.0
109962,시바스리갈15년 700ml,양주와인,양주,13,9,11.0,10,1,0,2025-04-11,2025-04 중순,10.0
170497,오비)필굿500ml캔,맥주,국산맥주,9,4,11.0,6,2,0,2025-04-11,2025-04 중순,33.3333
119184,마즈)이클립스소프트레몬45g,과자,캔디류,9,5,11.0,6,2,0,2025-04-15,2025-04 중순,33.3333
124703,MDS)스틱참치마요50g,간식,샐러드(삭제예정),7,5,11.0,5,2,0,2025-04-12,2025-04 중순,40.0
180074,아사히)아사히350ml캔,맥주,수입맥주,11,10,11.0,11,0,0,2025-04-11,2025-04 중순,0.0
070729,매일)바리스타스모키250ml,유음료,컵커피,7,4,11.0,5,2,0,2025-04-12,2025-04 중순,40.0
161256,남양)17차(십칠차)500ml,음료,차음료,7,3,11.0,5,2,0,2025-04-13,2025-04 중순,40.0
109892,하쿠시카 도쿠베츠 쥰마이 야마다니시키,전통주,기타전통주,11,10,11.0,11,0,0,2025-04-11,2025-04 중순,0.0
152151,오뚜기)사과식초500ml,조미료/건물,소스류,10,6,11.0,5,2,1,2025-04-11,2025-04 중순,40.0
106537,던킨)화이트피치홍차제로500ml,음료,차음료,9,5,11.0,5,1,2,2025-04-11,2025-04 중순,20.0
107225,뉴트)비비랩밀크씨슬파워샷20ml,건강/기호식품,건강/이너뷰티,11,9,11.0,9,1,0,2025-04-14,2025-04 중순,11.1111
121971,동서)맥심화이트골드50입,건강/기호식품,커피,10,4,11.0,9,0,1,2025-04-12,2025-04 중순,0.0
061520,덴마크)대니쉬우유900ml*2입,유음료,흰우유,10,2,11.0,9,0,1,2025-04-13,2025-04 중순,0.0
072978,CJ)맥스봉직화구이꼬치바90g,냉장,냉장간식,9,6,11.0,6,2,0,2025-04-11,2025-04 중순,33.3333
180580,우리술)톡쏘는알밤동동750ml,전통주,막걸리,8,6,11.0,6,1,1,2025-04-14,2025-04 중순,16.6667
107735,K리그)산리오여행용티슈70매,위생용품,티슈,8,4,11.0,4,2,1,2025-04-11,2025-04 중순,50.0
030684,삼립)치킨찹찹미니샐러드145g,미반,샐러드 ,10,7,11.0,9,0,1,2025-04-11,2025-04 중순,0.0
123680,키쿠스이 준마이,전통주,기타전통주,9,5,11.0,8,1,0,2025-04-11,2025-04 중순,12.5
062429,매일)어메이징오트언스위트190ml,유음료,기능성우유,12,9,11.0,8,1,1,2025-04-11,2025-04 중순,12.5
105931,농심)누들핏김치사발면맛,면,용기면,9,3,11.0,6,2,0,2025-04-11,2025-04 중순,33.3333
211091,롯데)찰옥수수140ml,아이스크림,노벨티,7,6,11.0,4,1,2,2025-04-11,2025-04 중순,25.0
124567,동아제약)얼박_오리지널230ml,즉석음료,파우치,7,3,11.0,5,2,0,2025-04-11,2025-04 중순,40.0
070290,동원)쿨피스복숭아930ml,유음료,냉장주스,11,5,11.0,9,1,0,2025-04-11,2025-04 중순,11.1111
150306,나뚜루)딸기컵,아이스크림,고급,8,7,11.0,5,0,3,2025-04-11,2025-04 중순,0.0
600362,마즈)이클립스워터멜론30g,과자,캔디류,7,4,11.0,5,2,0,2025-04-11,2025-04 중순,40.0
123780,샘표)질러블랙앤레드페퍼육포30g,안주,육포,11,4,11.0,7,2,0,2025-04-12,2025-04 중순,28.5714
124911,PB)수피마 블랙 티셔츠 105_H,패션잡화,팬티/내의,8,7,11.0,6,1,1,2025-04-17,2025-04 중순,16.6667
124499,존쿡)불닭킬바사비엔나140g,냉장,냉장간식,9,5,11.0,8,1,0,2025-04-12,2025-04 중순,12.5
141725,CJ)비비고사골곰탕500g,가공식품,상온간편식,8,6,11.0,6,1,1,2025-04-11,2025-04 중순,16.6667
070028,빙그레)요플레딸기180g,유음료,요구르트,10,5,11.0,9,0,1,2025-04-12,2025-04 중순,0.0
600584,마즈)스키틀즈와일드베리40g,과자,캔디류,8,5,11.0,6,1,1,2025-04-14,2025-04 중순,16.6667
360499,멘소)멘소래담스프레이쿨_H,약품/의료품,의약외품,7,2,11.0,5,2,0,2025-04-12,2025-04 중순,40.0
220673,CJ)햇반3번들600g,가공식품,가공미반류,8,3,11.0,6,1,1,2025-04-13,2025-04 중순,16.6667
123335,아사히쇼쿠사이340ml(24입),맥주,수입맥주,11,8,11.0,11,0,0,2025-04-12,2025-04 중순,0.0
124504,하림)더미식마파두부덮밥소스150g,가공식품,상온간편식,11,6,11.0,9,1,0,2025-04-13,2025-04 중순,11.1111
061196,매일)바리스타카라멜250ml,유음료,컵커피,9,4,11.0,6,2,0,2025-04-13,2025-04 중순,33.3333
210853,해태)쌍쌍바70ml,아이스크림,노벨티,9,5,11.0,6,2,0,2025-04-11,2025-04 중순,33.3333
220013,CJ)스팸클래식340g,가공식품,캔,9,5,11.0,6,2,0,2025-04-12,2025-04 중순,33.3333
030507,사조)한입피자콤비네이션80g,간식,냉장피자,8,6,11.0,6,1,1,2025-04-12,2025-04 중순,16.6667
109482,롯데)허쉬레귤러바쿠앤크카라멜38g,과자,초콜릿,7,4,11.0,5,2,0,2025-04-13,2025-04 중순,40.0
600912,MZ)호올스블루베리27.9g,과자,캔디류,6,2,11.0,3,2,1,2025-04-14,2025-04 중순,66.6667
190455,롯데)옐로우테일쉬라즈187ml,양주와인,와인,13,12,11.0,12,0,0,2025-04-12,2025-04 중순,0.0
133743,PB)꼬마컵맛김치130g,냉장,냉장간편식,8,3,11.0,4,2,1,2025-04-13,2025-04 중순,50.0
211174,하겐)쿠키앤크림파인트473ml,아이스크림,고급,7,4,11.0,5,2,0,2025-04-13,2025-04 중순,40.0
109927,앱솔루트 앤디워홀 700ml,양주와인,양주,11,10,11.0,11,0,0,2025-04-11,2025-04 중순,0.0
123630,엠탑)커피우유맛원컵,건강/기호식품,원컵,9,7,11.0,7,0,2,2025-04-13,2025-04 중순,0.0
124299,옥토모어 15.2 700ml,양주와인,양주,10,9,11.0,9,0,1,2025-04-12,2025-04 중순,0.0
052659,칠성)칸타타헤이즐넛230ml,즉석음료,파우치,6,3,11.0,3,2,1,2025-04-18,2025-04 중순,66.6667
191770,디아)오반14년700,양주와인,양주,11,5,11.0,11,0,0,2025-04-15,2025-04 중순,0.0
113181,샴페인 알랭 베셀 트래디션 브뤼750ml ,양주와인,와인,11,11,11.0,11,0,0,2025-04-11,2025-04 중순,0.0
123358,발레벨보 모스까또 다스띠 NV,양주와인,와인,8,6,11.0,5,0,3,2025-04-11,2025-04 중순,0.0
124736,빙그레)딥앤로우쫀득초코바70ml,아이스크림,노벨티,10,6,11.0,7,1,1,2025-04-14,2025-04 중순,14.2857
390967,PB)new휴대용지갑형티슈24매,위생용품,티슈,8,2,11.0,4,2,1,2025-04-11,2025-04 중순,50.0
150666,하겐)파인트마카다미아,아이스크림,고급,7,3,11.0,4,1,2,2025-04-13,2025-04 중순,25.0
083831,삼립)풍미촉촉치즈케익95g,빵,간식빵,10,5,11.0,5,2,1,2025-04-11,2025-04 중순,40.0
111896,MZ)토블론밀크,과자,초콜릿,7,3,11.0,5,2,0,2025-04-12,2025-04 중순,40.0
109946,아벨라워아부나흐 700ml,양주와인,양주,10,8,11.0,9,0,1,2025-04-11,2025-04 중순,0.0
123869,글렌알라키 18년 700ml,양주와인,양주,9,9,11.0,7,0,2,2025-04-11,2025-04 중순,0.0
108110,세븐브로이)하이볼에빠진자몽500ml캔,양주와인,하이볼,10,6,11.0,7,1,1,2025-04-12,2025-04 중순,14.2857
117114,롯데)초코필드빼빼로53g,과자,비스킷류,10,7,11.0,5,2,1,2025-04-11,2025-04 중순,40.0
106955,LG)쏘피유기농대형4P,위생용품,생리대,9,5,11.0,6,2,0,2025-04-12,2025-04 중순,33.3333
160718,일화)맥콜２５０ｍｌ캔,음료,탄산음료,9,5,11.0,8,1,0,2025-04-11,2025-04 중순,12.5
191969,프레시넷 로제 스파클링(기념일추천),양주와인,와인,9,7,11.0,7,0,2,2025-04-12,2025-04 중순,0.0
180587,진로)참이슬후레쉬640ml페트,전통주,소주,11,4,11.0,5,3,0,2025-04-11,2025-04 중순,60.0
124552,빙그레)딥앤로우저당소프트바닐라160ml,아이스크림,노벨티,11,8,11.0,11,0,0,2025-04-13,2025-04 중순,0.0
202252,웅진)티즐제로피치우롱티500ml,음료,차음료,8,4,11.0,4,2,1,2025-04-16,2025-04 중순,50.0
123455,파고 아일레스 아일레스 센다 드 레나도레스,양주와인,와인,8,5,11.0,6,1,1,2025-04-12,2025-04 중순,16.6667
123489,GCF 포르투 발도우로 10년 숙성 포트 NV,양주와인,와인,8,3,11.0,6,1,1,2025-04-11,2025-04 중순,16.6667
133730,대상)남해멸치액젓골드500ml,조미료/건물,소스류,6,2,11.0,3,2,1,2025-04-13,2025-04 중순,66.6667
109911,연태아사간열500ml(2입),전통주,기타전통주,8,4,10.5,5,1,1,2025-04-12,2025-04 중순,20.0
123406,PB)인절미찰떡크림빵90g,빵,간식빵,8,5,10.5,4,0,3,2025-04-11,2025-04 중순,0.0
202078,코카)미닛메이드모과생강280ml,음료,전통음료,8,3,10.0,2,2,2,2025-04-13,2025-04 중순,100.0
124715,CJ)비비고칩버터오징어40g,안주,스낵안주,8,5,10.0,7,1,0,2025-04-13,2025-04 중순,14.2857
191653,르프롱드모스카토다스티,양주와인,와인,8,6,10.0,7,1,0,2025-04-11,2025-04 중순,14.2857
170493,하이네)타이거맥주500ml캔,맥주,수입맥주,7,5,10.0,5,1,1,2025-04-11,2025-04 중순,20.0
150253,나뚜루)바닐라컵100ml,아이스크림,고급,10,7,10.0,8,1,0,2025-04-14,2025-04 중순,12.5
062381,PB)헬로맨카라멜마끼아또320ml,유음료,컵커피,10,10,10.0,10,0,0,2025-04-11,2025-04 중순,0.0
222486,취영루)볶음짬뽕면350g,냉동,냉동간편식,8,7,10.0,7,1,0,2025-04-12,2025-04 중순,14.2857
107749,PB)백미밥210g,가공식품,가공미반류,7,2,10.0,3,2,1,2025-04-13,2025-04 중순,66.6667
190981,디아)조니워커블랙200ml,양주와인,양주,8,6,10.0,7,1,0,2025-04-11,2025-04 중순,14.2857
107212,PB)열파닭볶음면큰컵,면,용기면,8,6,10.0,7,1,0,2025-04-13,2025-04 중순,14.2857
124902,즉석도넛)꽈배기,즉석 식품,즉석치킨,8,6,10.0,7,1,0,2025-04-13,2025-04 중순,14.2857
191870,호세쿠엘보750ml,양주와인,양주,9,5,10.0,6,1,1,2025-04-13,2025-04 중순,16.6667
201424,농심)백산수2L,음료,생수,6,2,10.0,4,2,0,2025-04-17,2025-04 중순,50.0
123649,하이트)스타우트500ml캔,맥주,국산맥주,8,3,10.0,7,1,0,2025-04-12,2025-04 중순,14.2857
124697,연세)검은콩고칼슘두유190ml,유음료,두유,8,4,10.0,5,2,0,2025-04-11,2025-04 중순,40.0
073332,삼립)로스트치킨(버터갈릭)210g,냉장,냉장안주,6,2,10.0,4,2,0,2025-04-16,2025-04 중순,50.0
162047,썬푸드)바베큐오징어30g,안주,오징어,7,4,10.0,5,1,1,2025-04-12,2025-04 중순,20.0
123623,G)파스키에슬라이스브리오쉬500g,빵,간식빵,10,7,10.0,10,0,0,2025-04-13,2025-04 중순,0.0
191020,산토리)짐빔200ml,양주와인,양주,10,7,10.0,10,0,0,2025-04-11,2025-04 중순,0.0
162368,더다믐)김칩스매운맛40g,안주,스낵안주,10,2,10.0,8,1,0,2025-04-11,2025-04 중순,12.5
180720,화요)화요25도375ml,전통주,소주,10,9,10.0,10,0,0,2025-04-11,2025-04 중순,0.0
119693,롯데)ABC초코72g,과자,초콜릿,6,3,10.0,4,2,0,2025-04-11,2025-04 중순,50.0
124581,동강더덕주미니어처100ml(3입),전통주,기타전통주,10,9,10.0,10,0,0,2025-04-12,2025-04 중순,0.0
109921,디아만테 모스카토다스티(6입),양주와인,와인,9,7,10.0,8,0,1,2025-04-12,2025-04 중순,0.0
118618,하리보)웜즈사우어80g,과자,젤리류,10,5,10.0,4,3,0,2025-04-11,2025-04 중순,75.0
162118,바프)허니버터아몬드130g,안주,너트류,7,3,10.0,3,2,1,2025-04-11,2025-04 중순,66.6667
210990,롯데)와 바닐라190ml,아이스크림,노벨티,7,4,10.0,3,2,1,2025-04-13,2025-04 중순,66.6667
201114,칠성)게토레이레몬600ml,음료,스포츠음료,10,7,10.0,6,2,0,2025-04-11,2025-04 중순,33.3333
109761,하림)장인라면맵싸한맛큰컵,면,용기면,10,7,10.0,8,1,0,2025-04-11,2025-04 중순,12.5
140814,오뚜기)오뚜기밥210g*4입,가공식품,가공미반류,8,3,10.0,7,1,0,2025-04-13,2025-04 중순,14.2857
191072,하이트)써머스비500ml캔,양주와인,리쿼,8,4,10.0,5,2,0,2025-04-12,2025-04 중순,40.0
109661,드림)훈와리메이진콩가루35g,과자,스낵류,11,5,10.0,5,2,1,2025-04-11,2025-04 중순,40.0
106475,코카)파워에이드스칼렛스톰600ml,음료,스포츠음료,10,8,10.0,10,0,0,2025-04-11,2025-04 중순,0.0
160140,오츠카)포카리스웨트240ml캔,음료,스포츠음료,7,3,10.0,3,2,1,2025-04-12,2025-04 중순,66.6667
123628,빙그레)요맘때플레인70ml,아이스크림,노벨티,7,5,10.0,5,1,1,2025-04-11,2025-04 중순,20.0
108608,산토리)짐빔하이볼진저350ml캔,양주와인,하이볼,9,6,10.0,6,1,1,2025-04-14,2025-04 중순,16.6667
123782,CJ)1등급반숙대란2구,냉장,냉장간식,8,6,10.0,7,1,0,2025-04-11,2025-04 중순,14.2857
109136,덴마크)소화가잘되는초코190ml,유음료,가공우유,8,4,10.0,5,2,0,2025-04-13,2025-04 중순,40.0
117892,롯데)마가렛트1700,과자,비스킷류,7,5,10.0,3,2,1,2025-04-13,2025-04 중순,66.6667
201051,오츠카)나랑드사이다245ml,음료,탄산음료,10,3,10.0,6,2,0,2025-04-14,2025-04 중순,33.3333
370983,P&G)다우니핑크1L_H,가정용품,세제류,7,1,10.0,5,1,1,2025-04-12,2025-04 중순,20.0
240016,CJ)백설부침가루500g,조미료/건물,분말가루,8,4,10.0,7,1,0,2025-04-12,2025-04 중순,14.2857
170624,오비)한맥500ml캔,맥주,국산맥주,10,7,10.0,8,1,0,2025-04-11,2025-04 중순,12.5
360459,해외)003콘돔3입_H,약품/의료품,의약외품,6,2,10.0,4,2,0,2025-04-13,2025-04 중순,50.0
150944,빙그레)메로나75ml,아이스크림,노벨티,7,3,10.0,3,2,1,2025-04-17,2025-04 중순,66.6667
133745,한울)꼬마단무지120g,냉장,냉장간편식,6,4,10.0,4,2,0,2025-04-11,2025-04 중순,50.0
109822,피치)스모어초콜릿55g,과자,초콜릿,10,10,10.0,10,0,0,2025-04-11,2025-04 중순,0.0
123614,서주푸드)망고요거트콘150ml,아이스크림,노벨티,8,5,10.0,6,0,2,2025-04-11,2025-04 중순,0.0
192137,와인오브섭스텐스까버네소비,양주와인,와인,10,10,10.0,10,0,0,2025-04-11,2025-04 중순,0.0
123736,덴마크)소화가잘되는우유딸기190ml,유음료,가공우유,8,3,10.0,5,2,0,2025-04-11,2025-04 중순,40.0
191333,리커)보마레레드750ml,양주와인,와인,10,7,10.0,10,0,0,2025-04-11,2025-04 중순,0.0
119873,해태)자두캔디2000,과자,캔디류,8,2,10.0,3,3,0,2025-04-15,2025-04 중순,100.0
106110,코카)코카콜라350ml캔,음료,탄산음료,5,3,10.0,2,2,1,2025-04-15,2025-04 중순,100.0
170313,롯데)클라우드500ml캔,맥주,국산맥주,8,7,10.0,7,1,0,2025-04-14,2025-04 중순,14.2857
116688,농심)쫄병스낵안성탕면맛77g,과자,스낵류,7,5,10.0,5,1,1,2025-04-11,2025-04 중순,20.0
124708,이그니스)랩노쉬프로틴바나나350ml,음료,기능성드링크,9,7,10.0,6,1,1,2025-04-11,2025-04 중순,16.6667
109549,빙그레)빵또아고구마케이크180ml,아이스크림,노벨티,7,4,10.0,5,1,1,2025-04-12,2025-04 중순,20.0
123689,라쿠엔 유즈슈,전통주,기타전통주,7,6,10.0,5,1,1,2025-04-11,2025-04 중순,20.0
123936,펜폴즈 빈 798 RWT 쉬라즈 (뱀띠 에디션),양주와인,와인,10,9,10.0,10,0,0,2025-04-11,2025-04 중순,0.0
101949,롯데)자일리톨용기껌3000,과자,껌,9,5,10.0,4,2,1,2025-04-11,2025-04 중순,50.0
113190,G)가나프리미엄프랄린헤이즐넛49g,과자,초콜릿,9,5,10.0,6,1,1,2025-04-11,2025-04 중순,16.6667
062392,비알)민트초코우유190ml,유음료,가공우유,6,3,10.0,4,2,0,2025-04-11,2025-04 중순,50.0
123638,농심)후르츠텔라48g,과자,캔디류,8,6,10.0,7,1,0,2025-04-11,2025-04 중순,14.2857
124061,대호)Big블루레몬에이드320ml,즉석음료,파우치,6,3,10.0,4,2,0,2025-04-11,2025-04 중순,50.0
108550,피치)블루베리모양미니젤리,과자,젤리류,8,5,10.0,7,1,0,2025-04-15,2025-04 중순,14.2857
202566,칠성)핫식스더킹제로355ml,음료,기능성드링크,12,9,10.0,7,2,0,2025-04-11,2025-04 중순,28.5714
117113,롯데)아몬드빼빼로37g,과자,비스킷류,7,4,10.0,3,2,1,2025-04-14,2025-04 중순,66.6667
220027,"오뚜기)카레(약,매)100g",가공식품,상온간편식,10,5,10.0,6,2,0,2025-04-12,2025-04 중순,33.3333
109789,PB)훈제메추리알3입,냉장,냉장간식,6,3,10.0,4,2,0,2025-04-17,2025-04 중순,50.0
211081,빙그레)엔초바85ml,아이스크림,노벨티,10,8,10.0,8,1,0,2025-04-11,2025-04 중순,12.5
106294,하림)더미식김치콩나물국350g,가공식품,상온간편식,8,6,10.0,7,1,0,2025-04-12,2025-04 중순,14.2857
201629,오츠카)나랑드사이다500ml,음료,탄산음료,8,4,10.0,5,2,0,2025-04-11,2025-04 중순,40.0
115411,달모어 12년 700ml,양주와인,양주,10,7,10.0,10,0,0,2025-04-11,2025-04 중순,0.0
114255,농심)츄파춥스미니메가(10입),과자,캔디류,10,6,10.0,7,0,2,2025-04-11,2025-04 중순,0.0
117039,로투스)비스코프93g,과자,비스킷류,7,4,10.0,5,1,1,2025-04-14,2025-04 중순,20.0
093112,돌코리아)바나나3~5입,신선,과일,11,6,10.0,7,1,1,2025-04-14,2025-04 중순,14.2857
201909,쥬맥스)모구모구(복숭아)320ml,음료,주스,6,3,10.0,4,2,0,2025-04-15,2025-04 중순,50.0
162367,더다믐)김칩스오리지널40g,안주,스낵안주,11,5,10.0,7,1,1,2025-04-11,2025-04 중순,14.2857
117783,롯데)ABC초코쿠키50g,과자,비스킷류,8,5,10.0,3,3,0,2025-04-11,2025-04 중순,100.0
192504,윌리엄)발베니 14년 캐리비안700ml,양주와인,양주,10,8,10.0,10,0,0,2025-04-11,2025-04 중순,0.0
072008,CJ)맥스봉숯불구이맛핫바90g,냉장,냉장간식,10,4,10.0,8,1,0,2025-04-12,2025-04 중순,12.5
161280,코카)조지아240ml캔,음료,커피음료,6,2,10.0,4,2,0,2025-04-13,2025-04 중순,50.0
124386,굿지앤)오마카세직화불껍데기160g,냉장,냉장안주,8,4,10.0,5,2,0,2025-04-11,2025-04 중순,40.0
141293,CJ)김치날치알밥(컵반),가공식품,가공미반류,8,3,10.0,5,2,0,2025-04-11,2025-04 중순,40.0
191203,나라)몬테스알파까베르네쇼비뇽7,양주와인,와인,10,7,10.0,10,0,0,2025-04-14,2025-04 중순,0.0
170615,오비)호가든로제500ml캔,맥주,수입맥주,8,4,10.0,7,1,0,2025-04-12,2025-04 중순,14.2857
201883,OKF)알로에베라킹500ml,음료,주스,8,5,10.0,5,2,0,2025-04-11,2025-04 중순,40.0
119574,동서)오레오민트초코84g,과자,비스킷류,11,9,10.0,9,0,1,2025-04-12,2025-04 중순,0.0
123376,파고 아일레스 아일레스 쿠에스타 델 에레로,양주와인,와인,8,7,10.0,7,1,0,2025-04-11,2025-04 중순,14.2857
117287,MZ)밀카딸기초코렛100g,과자,초콜릿,6,3,10.0,4,2,0,2025-04-13,2025-04 중순,50.0
123939,펜폴즈 로손 리트리트 쉬라즈,양주와인,와인,9,4,10.0,8,0,1,2025-04-14,2025-04 중순,0.0
119316,농심)츄파춥스사워크롤러60g,과자,젤리류,8,4,10.0,5,2,0,2025-04-11,2025-04 중순,40.0
211560,하겐)쿠키앤크림미니컵,아이스크림,고급,8,3,10.0,7,1,0,2025-04-14,2025-04 중순,14.2857
191921,디아블로 카르메네르,양주와인,와인,8,7,10.0,7,1,0,2025-04-11,2025-04 중순,14.2857
106732,PB)오늘도쫄깃베이글플레인115g,간식,냉장간식,9,5,10.0,6,1,1,2025-04-13,2025-04 중순,16.6667
123464,알타비스타 엑스트라 브륏 블랑 드 블랑 NV,양주와인,와인,10,7,10.0,10,0,0,2025-04-11,2025-04 중순,0.0
180713,진로)진로360ml병(20입),전통주,소주,6,3,10.0,4,2,0,2025-04-12,2025-04 중순,50.0
083848,삼립)초당옥수수크림빵100g,빵,간식빵,6,4,10.0,4,2,0,2025-04-11,2025-04 중순,50.0
104883,삼립)트리플치즈부리또125g,간식,냉장피자,10,6,10.0,10,0,0,2025-04-13,2025-04 중순,0.0
125075,몽키숄더700ml,양주와인,양주,8,8,10.0,6,0,2,2025-04-12,2025-04 중순,0.0
152420,삼양)불닭소스200g,조미료/건물,소스류,8,5,10.0,4,1,2,2025-04-11,2025-04 중순,25.0
210878,하겐)스위트러브케익755g,아이스크림,고급,10,4,10.0,10,0,0,2025-04-12,2025-04 중순,0.0
123364,포르투 발도우로 토니 포트 NV,양주와인,와인,10,8,10.0,10,0,0,2025-04-11,2025-04 중순,0.0
202186,OKF)워터멜론500ml,음료,주스,8,5,10.0,5,2,0,2025-04-11,2025-04 중순,40.0
062383,PB)헬로맨초코라떼320ml,유음료,가공우유,10,3,10.0,10,0,0,2025-04-11,2025-04 중순,0.0
100990,농심)멘토스과일,과자,캔디류,10,5,10.0,6,2,0,2025-04-12,2025-04 중순,33.3333
202708,동서)스타벅스셀렉트바닐라300,음료,커피음료,7,4,10.0,5,1,1,2025-04-11,2025-04 중순,20.0
107306,PB)파리의이온비타레몬제로500ml,음료,스포츠음료,9,9,10.0,8,0,1,2025-04-14,2025-04 중순,0.0
202217,칠성)깨수깡160ml,음료,기능성드링크,6,2,10.0,4,2,0,2025-04-15,2025-04 중순,50.0
161316,코카)조지아라떼240ml캔,음료,커피음료,5,2,9.0,3,2,0,2025-04-16,2025-04 중순,66.6667
202460,칠성)칸타타콘트라베이스디카페,음료,커피음료,7,4,9.0,3,1,2,2025-04-11,2025-04 중순,33.3333
132875,오뚜기)진짬뽕소컵,면,용기면,7,2,9.0,4,2,0,2025-04-15,2025-04 중순,50.0
124446,3월 도시락 구독(100원),,,5,3,9.0,3,2,0,2025-04-11,2025-04 중순,66.6667
124963,CJ)햇반12곡밥210g,가공식품,가공미반류,6,4,9.0,4,1,1,2025-04-11,2025-04 중순,25.0
402048,신행)아머초박형콘돔3P_H,약품/의료품,의약외품,8,3,9.0,5,1,1,2025-04-13,2025-04 중순,20.0
124387,굿지앤)오마카세순살닭갈비볶음200g,냉장,냉장안주,9,2,9.0,5,2,0,2025-04-16,2025-04 중순,40.0
161178,칠성)칸타타프리미엄라떼275,음료,커피음료,9,5,9.0,5,2,0,2025-04-14,2025-04 중순,40.0
117266, 마즈)이클립스딸기31g,과자,캔디류,6,3,9.0,4,1,1,2025-04-11,2025-04 중순,25.0
108336,서주)허쉬초코모나카140ml,아이스크림,노벨티,6,3,9.0,4,1,1,2025-04-12,2025-04 중순,25.0
160109,칠성)펩시콜라２５０캔,음료,탄산음료,7,1,9.0,4,2,0,2025-04-20,2025-04 중순,50.0
104389,크라운)버터와플135g,과자,비스킷류,7,4,9.0,4,2,0,2025-04-11,2025-04 중순,50.0
180032,하이트)하이트500ml캔,맥주,국산맥주,7,6,9.0,6,1,0,2025-04-11,2025-04 중순,16.6667
191977,산펠리체비고렐로,양주와인,와인,8,8,9.0,7,0,1,2025-04-12,2025-04 중순,0.0
062592,PB)헬로맨바닐라라떼320ml,유음료,컵커피,7,4,9.0,6,1,0,2025-04-14,2025-04 중순,16.6667
104712,뉴트)비비랩멀티비타슈퍼샷20ml,건강/기호식품,건강/이너뷰티,11,10,9.0,10,0,0,2025-04-11,2025-04 중순,0.0
124763,삼립)녹차담은초코꾸덕파이70g,빵,구움과자,11,9,9.0,10,0,0,2025-04-11,2025-04 중순,0.0
170532,하이네)타이거라들러500ml캔,맥주,수입맥주,9,5,9.0,9,0,0,2025-04-12,2025-04 중순,0.0
124389,CJ)닭가슴살순살청양100g,냉장,냉장간식,8,4,9.0,5,1,1,2025-04-16,2025-04 중순,20.0
170939,오비)카스레몬500ml캔,맥주,국산맥주,8,5,9.0,5,1,1,2025-04-12,2025-04 중순,20.0
108445,돌코리아)후룻볼파인애플(113g),신선,과일,7,5,9.0,6,1,0,2025-04-11,2025-04 중순,16.6667
072912,동원)친친오리지널소시지70g,냉장,냉장간식,7,2,9.0,4,2,0,2025-04-11,2025-04 중순,50.0
202617,하이트)토닉워터홍차(제로)300ml,음료,탄산음료,7,5,9.0,6,1,0,2025-04-13,2025-04 중순,16.6667
162062,한양)꽃보다오징어슬라이스160g,안주,오징어,8,2,9.0,5,1,1,2025-04-12,2025-04 중순,20.0
107761,동아)모닝케어프레스온(간),음료,기능성드링크,7,6,9.0,6,1,0,2025-04-11,2025-04 중순,16.6667
141132,CJ)햇반치킨마요덮밥컵반,가공식품,가공미반류,7,4,9.0,3,1,2,2025-04-12,2025-04 중순,33.3333
381952,자코비)여성캐주얼양말(흰색)_H,패션잡화,양말,8,1,9.0,5,1,1,2025-04-19,2025-04 중순,20.0
109823,피치)동결건조망고모양젤리,과자,젤리류,7,2,9.0,4,2,0,2025-04-18,2025-04 중순,50.0
108831,PB)피스타치오초코쿠키120g,과자,스낵류,6,3,9.0,4,1,1,2025-04-15,2025-04 중순,25.0
123109,삼립)잭슨어니언미트치즈부리또125g,간식,냉장피자,7,5,9.0,6,1,0,2025-04-13,2025-04 중순,16.6667
170227,오비)버드와이저500ml캔,맥주,수입맥주,9,6,9.0,7,1,0,2025-04-11,2025-04 중순,14.2857
115920,매운새우깡90g,과자,스낵류,6,4,9.0,4,1,1,2025-04-13,2025-04 중순,25.0
192078,스마일리로제750ml(기념일추천),양주와인,와인,8,7,9.0,7,0,1,2025-04-11,2025-04 중순,0.0
200844,칠성)핫식스250ml,음료,기능성드링크,5,2,9.0,3,2,0,2025-04-11,2025-04 중순,66.6667
190406,롯데)카르멘샤도네이750ml,양주와인,와인,9,7,9.0,9,0,0,2025-04-11,2025-04 중순,0.0
124143,크리오)덴티메이트1450고불소구취케어치약120g_H,H&B,치약,7,3,9.0,6,1,0,2025-04-12,2025-04 중순,16.6667
108414,크라운)참그레인샌드우리밀48g,과자,비스킷류,9,1,9.0,7,1,0,2025-04-12,2025-04 중순,14.2857
170398,오비)new카프리330ml병,맥주,국산맥주,6,5,9.0,4,1,1,2025-04-11,2025-04 중순,25.0
161706,썬푸드)슬라이스오징어18g,안주,오징어,6,4,9.0,4,1,1,2025-04-16,2025-04 중순,25.0
202367,서울)아침에주스사과350ml,음료,주스,7,2,9.0,5,0,2,2025-04-16,2025-04 중순,0.0
361291,LG)페리오이지클리닉칫솔_H,H&B,칫솔,5,2,9.0,3,2,0,2025-04-12,2025-04 중순,66.6667
106114,매크로)하이츄사우어(자몽맛),과자,캔디류,7,5,9.0,6,1,0,2025-04-13,2025-04 중순,16.6667
116121,롯데)아이스브레이커스 듀오딸기,과자,캔디류,7,2,9.0,6,1,0,2025-04-13,2025-04 중순,16.6667
124784,에이스)마루와유지땅콩크림130g,건강/기호식품,쨈/꿀,7,5,9.0,6,1,0,2025-04-12,2025-04 중순,16.6667
119872,해태)알사탕(땅콩)2000,과자,캔디류,7,3,9.0,6,1,0,2025-04-14,2025-04 중순,16.6667
371263,롯알)고무장갑(대)_H,가정용품,주방용품,9,4,9.0,9,0,0,2025-04-17,2025-04 중순,0.0
124420,피치)트위젤미니츄애플망고맛28g,과자,캔디류,7,5,9.0,6,1,0,2025-04-13,2025-04 중순,16.6667
123378,파고 아일레스 세렌디피아 샤르도네,양주와인,와인,11,11,9.0,10,0,0,2025-04-12,2025-04 중순,0.0
124322,카스레몬 위글위글팩500ml(8입),맥주,수입맥주,8,7,9.0,7,0,1,2025-04-11,2025-04 중순,0.0
123773,티머니)디즈니카드(미니/자개),서비스 상품,일반서비스,9,3,9.0,9,0,0,2025-04-11,2025-04 중순,0.0
123041,크라운)죠리퐁핑크퐁마시멜로59g,과자,스낵류,7,3,9.0,6,1,0,2025-04-15,2025-04 중순,16.6667
160609,오츠카)데미소다애플250ml,음료,탄산음료,6,5,9.0,4,1,1,2025-04-13,2025-04 중순,25.0
123312,PB)미니초코피넛샌드(5입),빵,간식빵,6,5,9.0,4,1,1,2025-04-11,2025-04 중순,25.0
050281,뚜또)코코딸기230g,디저트,젤리,7,4,9.0,4,2,0,2025-04-16,2025-04 중순,50.0
115682,빙그레)뽀로로와친구들치즈맛65g,과자,비스킷류,6,2,9.0,2,2,1,2025-04-14,2025-04 중순,100.0
401861,휘게덴탈마스크3매(국내의약외품_H,약품/의료품,의약외품,7,1,9.0,4,2,0,2025-04-17,2025-04 중순,50.0
030508,사조)한입피자고르곤졸라80g,간식,냉장피자,6,4,9.0,4,1,1,2025-04-12,2025-04 중순,25.0
113767,롯데)자일리톨W,과자,껌,11,4,9.0,6,2,0,2025-04-12,2025-04 중순,33.3333
153108,동원)더바삭한김5g,조미료/건물,건해산물,9,6,9.0,4,1,2,2025-04-11,2025-04 중순,25.0
123624,G)파스키에브레첼270g,빵,간식빵,8,8,9.0,7,0,1,2025-04-13,2025-04 중순,0.0
170559,벨트)볼파스엔젤맨IPA568ml캔,맥주,수입맥주,9,6,9.0,7,1,0,2025-04-11,2025-04 중순,14.2857
108598,에이스)데일리유기농레몬즙20g,건강/기호식품,차,9,6,9.0,7,1,0,2025-04-11,2025-04 중순,14.2857
192466,라벨5 700ml,양주와인,양주,7,5,9.0,6,1,0,2025-04-14,2025-04 중순,16.6667
112154,오리온)오징어땅콩202g,과자,스낵류,5,4,9.0,2,1,2,2025-04-11,2025-04 중순,50.0
115064,코노수르 20배럴 피노누아750ml,양주와인,와인,9,5,9.0,7,1,0,2025-04-12,2025-04 중순,14.2857
210334,팔도)비빔면5입,면,봉지면,9,7,9.0,9,0,0,2025-04-11,2025-04 중순,0.0
180208,롯데)처음처럼640ml페트,전통주,소주,5,2,9.0,3,2,0,2025-04-11,2025-04 중순,66.6667
109734,PB)옳곡피넛버터크림빵90g,빵,간식빵,7,5,9.0,5,0,2,2025-04-11,2025-04 중순,0.0
190335,금양)1865까베르네쇼비뇽,양주와인,와인,9,6,9.0,9,0,0,2025-04-13,2025-04 중순,0.0
170341,산미)산미구엘500ml캔,맥주,수입맥주,7,5,9.0,6,1,0,2025-04-14,2025-04 중순,16.6667
107672,K리그산리오)머플러(포차코),패션잡화,시즌/소품,9,7,9.0,9,0,0,2025-04-12,2025-04 중순,0.0
362314,도루코)6중날 휴대용면도기3입_H,H&B,면도용품,9,5,9.0,9,0,0,2025-04-12,2025-04 중순,0.0
107677,K리그산리오)머플러(마이멜로디),패션잡화,시즌/소품,9,6,9.0,9,0,0,2025-04-11,2025-04 중순,0.0
124747,빙그레)요맘때콘레인보우150ml,아이스크림,노벨티,5,3,9.0,3,2,0,2025-04-11,2025-04 중순,66.6667
113315,롯데)카스타드138g(6입),과자,비스킷류,5,2,9.0,3,2,0,2025-04-13,2025-04 중순,66.6667
107150,해태)고향김치손만두330g,냉동,냉동만두,8,4,9.0,5,1,1,2025-04-12,2025-04 중순,20.0
191202,나라)몬테스알파샤도네이750ml,양주와인,와인,8,7,9.0,7,0,1,2025-04-13,2025-04 중순,0.0
600364,해태)버터링딥초코103g,과자,비스킷류,9,4,9.0,3,0,4,2025-04-13,2025-04 중순,0.0
124861,토트넘 코커렐 셔츠 베어 인형,패션잡화,시즌/소품,9,4,9.0,7,1,0,2025-04-11,2025-04 중순,14.2857
115497,카발란 디스틸러리셀렉트,양주와인,양주,8,6,9.0,7,0,1,2025-04-11,2025-04 중순,0.0
115169,크라운)딸기산도161g,과자,비스킷류,5,2,9.0,3,2,0,2025-04-12,2025-04 중순,66.6667
191405,산펠리체끼안티750ml,양주와인,와인,7,5,9.0,6,1,0,2025-04-11,2025-04 중순,16.6667
118919,롯데)허쉬바이츠쿠키앤초코36g,과자,초콜릿,6,4,9.0,4,1,1,2025-04-12,2025-04 중순,25.0
109920,시뇨리 모스카토다스티(12입),양주와인,와인,8,8,9.0,7,0,1,2025-04-11,2025-04 중순,0.0
192530,호세쿠엘보마가리타700ml,양주와인,양주,9,7,9.0,9,0,0,2025-04-11,2025-04 중순,0.0
123216,마즈)엠앤엠즈튜브토퍼28g,과자,초콜릿,6,3,9.0,4,1,1,2025-04-17,2025-04 중순,25.0
113182,베린저 메인앤바인 샤르도네750ml ,양주와인,와인,9,9,9.0,9,0,0,2025-04-11,2025-04 중순,0.0
107308,LG)쏘피유기농중형4P,위생용품,생리대,7,2,9.0,6,1,0,2025-04-16,2025-04 중순,16.6667
107538,동서)스타벅스카페모카320ml,유음료,컵커피,5,2,9.0,3,2,0,2025-04-15,2025-04 중순,66.6667
108320,삼양)스틱불닭소스16g,조미료/건물,소스류,7,6,9.0,5,0,2,2025-04-11,2025-04 중순,0.0
109170,엡탑)까먹는애플망고젤리60g,과자,젤리류,6,3,9.0,2,2,1,2025-04-12,2025-04 중순,100.0
124582,진도홍주루비콘40도500ml,전통주,기타전통주,5,2,9.0,3,2,0,2025-04-14,2025-04 중순,66.6667
141054,CJ)버터장조림비빔밥(컵반),가공식품,가공미반류,6,2,9.0,4,1,1,2025-04-12,2025-04 중순,25.0
123741,엠즈)39저당딸기크림롤105g,디저트,냉장베이커리,11,6,9.0,7,0,2,2025-04-14,2025-04 중순,0.0
108969,올덴)화롯불 핫팩 메가형_H,약품/의료품,의약외품,9,8,9.0,9,0,0,2025-04-11,2025-04 중순,0.0
105682,CJ)작은햇반흑미밥130g,가공식품,가공미반류,6,4,9.0,4,1,1,2025-04-12,2025-04 중순,25.0
062348,이디야)토피넛라떼300ml,유음료,컵커피,6,3,9.0,4,1,1,2025-04-11,2025-04 중순,25.0
062333,매일)허쉬초코드링크프로틴235ml,유음료,프로틴 음료,6,4,9.0,4,1,1,2025-04-11,2025-04 중순,25.0
220551,동원)고추참치100g,가공식품,캔,7,2,9.0,4,2,0,2025-04-12,2025-04 중순,50.0
202513,하이트)토닉워터제로300ml,음료,탄산음료,9,6,9.0,9,0,0,2025-04-11,2025-04 중순,0.0
041259,뚜또)파인애플230g,디저트,젤리,7,4,9.0,4,2,0,2025-04-11,2025-04 중순,50.0
106203,농심)푸팟퐁구리큰사발,면,용기면,8,6,9.0,7,0,1,2025-04-13,2025-04 중순,0.0
220566,동원)양반영양닭죽285g,가공식품,가공미반류,6,2,9.0,2,2,1,2025-04-17,2025-04 중순,100.0
062534,빙그레)메로나맛우유240ml,유음료,가공우유,7,4,9.0,4,2,0,2025-04-14,2025-04 중순,50.0
119001,동아)박카스맛젤리사우어50g,과자,젤리류,9,7,9.0,9,0,0,2025-04-15,2025-04 중순,0.0
132852,농심)순하군안성탕면봉지,면,봉지면,8,7,9.0,7,0,1,2025-04-11,2025-04 중순,0.0
109996,글렌고인 12년 ,양주와인,양주,7,5,9.0,6,1,0,2025-04-15,2025-04 중순,16.6667
108611,팜스)컷팅양배추1/4,신선,야채,6,4,9.0,4,1,1,2025-04-11,2025-04 중순,25.0
115498,카발란 트리플쉐리,양주와인,양주,6,4,9.0,4,1,1,2025-04-13,2025-04 중순,25.0
106455,PB)촉촉닭안심바오리지널80g,냉장,냉장간식,7,6,9.0,5,0,2,2025-04-11,2025-04 중순,0.0
104404,사이버)신짱초코비20g,과자,스낵류,9,5,9.0,9,0,0,2025-04-11,2025-04 중순,0.0
360795,존슨)리스테린쿨민트100ml_H,H&B,치약,7,1,9.0,6,1,0,2025-04-13,2025-04 중순,16.6667
202671,코카)몬스터에너지선라이즈355,음료,기능성드링크,5,2,9.0,3,2,0,2025-04-11,2025-04 중순,66.6667
123725,농심)츄파춥스후르츠기프트팩,과자,캔디류,7,4,9.0,6,1,0,2025-04-12,2025-04 중순,16.6667
123235,하이네켄 5L 케그(2입),맥주,수입맥주,8,6,8.5,6,0,1,2025-04-11,2025-04 중순,0.0
073261,고래사)통새우말이어묵90g,냉장,냉장간식,8,4,8.0,3,1,2,2025-04-13,2025-04 중순,33.3333
109334,뉴트)비비랩푸룬클렌즈샷20ml,건강/기호식품,건강/이너뷰티,8,6,8.0,6,1,0,2025-04-11,2025-04 중순,16.6667
073569,PB)화육계몬스터계란말이300g,냉장,냉장안주,7,4,8.0,6,0,1,2025-04-11,2025-04 중순,0.0
161356,동서)TOP스위트아메리카노200,음료,커피음료,8,4,8.0,4,2,0,2025-04-13,2025-04 중순,50.0
117694,오리온)치킨팝닭강정맛65g,과자,스낵류,8,3,8.0,6,1,0,2025-04-11,2025-04 중순,16.6667
160907,웅진)자연은토마토1ㆍ5L,음료,주스,6,3,8.0,5,1,0,2025-04-13,2025-04 중순,20.0
106558,PB)이프바닐라컵팝콘75g,과자,스낵류,8,5,8.0,6,1,0,2025-04-12,2025-04 중순,16.6667
108740,티젠)풋사과쏙50G,건강/기호식품,건강/이너뷰티,8,5,8.0,6,1,0,2025-04-11,2025-04 중순,16.6667
112641,롯데)오잉오징어랑버터구이칩55g,과자,스낵류,5,2,8.0,3,1,1,2025-04-18,2025-04 중순,33.3333
191973,리카솔리 로카 기치아르다,양주와인,와인,6,3,8.0,5,1,0,2025-04-12,2025-04 중순,20.0
123348,얄리 1881 싱글 레세르바 까베르네 소비뇽,양주와인,와인,7,6,8.0,6,0,1,2025-04-13,2025-04 중순,0.0
113368,오리온)핫브레이크45g,과자,초콜릿,6,4,8.0,5,1,0,2025-04-12,2025-04 중순,20.0
109941,발렌타인15년 글렌버기 700ml,양주와인,양주,6,5,8.0,4,0,2,2025-04-11,2025-04 중순,0.0
150257,나뚜루)딸기파인트,아이스크림,고급,8,3,8.0,6,1,0,2025-04-14,2025-04 중순,16.6667
161283,동서)TOP마스터라떼275ml,음료,커피음료,4,2,8.0,2,2,0,2025-04-14,2025-04 중순,100.0
052750,허브안심꼬치,즉석 식품,즉석치킨,6,3,8.0,3,2,0,2025-04-11,2025-04 중순,66.6667
413525,동원)뉴트리스틱(참치닭가슴살)_H,일용잡화,반려동물용품,6,4,8.0,5,1,0,2025-04-12,2025-04 중순,20.0
362599,크리오)휴대용치약칫솔세트_H,H&B,칫솔치약세트,6,2,8.0,5,1,0,2025-04-12,2025-04 중순,20.0
083909,엔제이)스위트도넛100g,빵,간식빵,7,5,8.0,6,0,1,2025-04-11,2025-04 중순,0.0
170329,하이트)1664블랑500ml캔,맥주,수입맥주,6,5,8.0,5,1,0,2025-04-12,2025-04 중순,20.0
124246,라포스톨 끌로 아팔타,양주와인,와인,8,8,8.0,8,0,0,2025-04-12,2025-04 중순,0.0
123320,피치)코하쿠토킨조젤리75g,과자,젤리류,6,2,8.0,5,1,0,2025-04-17,2025-04 중순,20.0
391032,LG)쏘피유기농100%무표백대형4P,위생용품,생리대,9,4,8.0,5,1,1,2025-04-12,2025-04 중순,20.0
030392,풀무원)올바른샐러드(콘)100g,미반,샐러드 ,7,4,8.0,4,1,1,2025-04-11,2025-04 중순,25.0
105497,동서)카누밀크티라떼8입,건강/기호식품,커피,8,2,8.0,6,1,0,2025-04-13,2025-04 중순,16.6667
202771,동화)배러라이트120ml,음료,기능성드링크,8,5,8.0,6,1,0,2025-04-12,2025-04 중순,16.6667
152568,대상)맛소금(용기)95g,조미료/건물,조미료,6,3,8.0,3,2,0,2025-04-14,2025-04 중순,66.6667
141489,동원)고등어캔300g,가공식품,캔,4,2,8.0,2,2,0,2025-04-11,2025-04 중순,100.0
083834,삼립)생크림보름달80g,빵,간식빵,4,2,8.0,2,2,0,2025-04-11,2025-04 중순,100.0
112413,PB)오가다대추쌍화280ml,음료,전통음료,8,8,8.0,8,0,0,2025-04-12,2025-04 중순,0.0
601349,엔제이)블랙썬더파우치49g,과자,초콜릿,8,5,8.0,8,0,0,2025-04-12,2025-04 중순,0.0
361007,LG)46Cm스프레이가글_H,H&B,치약,6,3,8.0,5,1,0,2025-04-12,2025-04 중순,20.0
107785,동아)모닝케어프레스온(위),음료,기능성드링크,6,3,8.0,3,2,0,2025-04-12,2025-04 중순,66.6667
107420,롯데)후르츠공식껌(레몬),과자,껌,6,3,8.0,3,2,0,2025-04-12,2025-04 중순,66.6667
402013,이브울트라씬콘돔(3입)_H,약품/의료품,의약외품,6,5,8.0,5,1,0,2025-04-12,2025-04 중순,20.0
412643,"테라톤)카드형보조배터리5,000mA_H",일용잡화,휴대폰/주변기기,8,7,8.0,8,0,0,2025-04-11,2025-04 중순,0.0
112581,마즈)스니커즈픽앤믹스20g,과자,초콜릿,8,6,8.0,6,1,0,2025-04-14,2025-04 중순,16.6667
122561,경남)NEW레모나산10포,건강/기호식품,건강/이너뷰티,10,4,8.0,7,1,0,2025-04-11,2025-04 중순,14.2857
105814,G)탑젤리(망고맛)80g,과자,젤리류,8,5,8.0,8,0,0,2025-04-11,2025-04 중순,0.0
210210,오뚜기)열라면큰컵,면,용기면,6,4,8.0,5,1,0,2025-04-12,2025-04 중순,20.0
123361,더 그레이프 그라인더 쉬라즈,양주와인,와인,7,6,8.0,6,0,1,2025-04-11,2025-04 중순,0.0
124385,대림)스노우크랩킹140g ,냉장,냉장간식,6,4,8.0,2,1,2,2025-04-16,2025-04 중순,50.0
100429,마즈)스니커즈피넛바51g,과자,초콜릿,6,4,8.0,5,1,0,2025-04-12,2025-04 중순,20.0
181082,롯데)순하리레몬진제로나인500ml,전통주,기타전통주,6,5,8.0,5,1,0,2025-04-12,2025-04 중순,20.0
109482,롯데)허쉬쿠앤크카라멜38g,과자,초콜릿,5,1,8.0,3,1,1,2025-04-20,2025-04 중순,33.3333
113147,글렌알라키 루비포트 10년 700ml,양주와인,양주,8,8,8.0,8,0,0,2025-04-11,2025-04 중순,0.0
107264,빙그레)더위사냥제로디카페인140ml,아이스크림,노벨티,5,3,8.0,3,1,1,2025-04-15,2025-04 중순,33.3333
106979,삼립)주종단팥도라야끼(2입),빵,구움과자,6,4,8.0,5,1,0,2025-04-11,2025-04 중순,20.0
124315,더 글렌드로낙 12년 700ml,양주와인,양주,6,5,8.0,4,0,2,2025-04-12,2025-04 중순,0.0
109947,래빗 홀 케이브힐 750ml,양주와인,양주,6,4,8.0,5,1,0,2025-04-11,2025-04 중순,20.0
124234,라프로익 10년,양주와인,양주,6,5,8.0,4,0,2,2025-04-12,2025-04 중순,0.0
220789,유성)유동번데기130g,가공식품,캔,5,2,8.0,3,1,1,2025-04-13,2025-04 중순,33.3333
123451,비네암 샤또 그랑 페랑 AOC 보르도,양주와인,와인,5,2,8.0,3,1,1,2025-04-11,2025-04 중순,33.3333
160518,동원)녹차350ml펫,음료,차음료,6,3,8.0,5,1,0,2025-04-11,2025-04 중순,20.0
109281,하겐)크리스피샌드커스타드쇼콜라60ml,아이스크림,고급,6,4,8.0,5,1,0,2025-04-12,2025-04 중순,20.0
030683,삼립)흑임자치킨미니샐러드,미반,샐러드 ,7,6,8.0,6,0,1,2025-04-11,2025-04 중순,0.0
124569,동아제약)얼박_복숭아230ml,즉석음료,파우치,6,4,8.0,5,1,0,2025-04-12,2025-04 중순,20.0
083844,삼립)주종발효슈크림빵90g,빵,간식빵,6,3,8.0,5,1,0,2025-04-11,2025-04 중순,20.0
211900,빙그레)호두과자붕어싸만코150ml,아이스크림,노벨티,7,3,8.0,4,1,1,2025-04-14,2025-04 중순,25.0
061750,빙그레)사이즈업라떼350ml,유음료,가공우유,6,3,8.0,2,1,2,2025-04-16,2025-04 중순,50.0
202731,PB)내몸애70% 2L,음료,생수,6,3,8.0,3,2,0,2025-04-15,2025-04 중순,66.6667
601281,동서)콘푸라이트컵30g,과자,비스킷류,5,2,8.0,3,1,1,2025-04-12,2025-04 중순,33.3333
083928,삼립)순우유연유요팡80g,빵,간식빵,8,2,8.0,4,2,0,2025-04-12,2025-04 중순,50.0
053173,버팔로윙봉,즉석 식품,즉석치킨(삭제예정),6,5,8.0,5,1,0,2025-04-11,2025-04 중순,20.0
122507,네슬)스타벅스미디엄로스트10T,건강/기호식품,커피,7,4,8.0,4,1,1,2025-04-12,2025-04 중순,25.0
115472,탐나불린 저먼피노누아 700ml,양주와인,양주,8,7,8.0,8,0,0,2025-04-11,2025-04 중순,0.0
109154,하림)매움주의장인라면봉지2입,면,봉지면,9,7,8.0,7,0,1,2025-04-12,2025-04 중순,0.0
072746,하림)닭가슴살갈릭100g,냉장,냉장간식,9,5,8.0,7,0,1,2025-04-11,2025-04 중순,0.0
124746,빙그레)요맘때콘블루베리150ml,아이스크림,노벨티,6,2,8.0,5,1,0,2025-04-11,2025-04 중순,20.0
109708,디아)조니워커블론드500ml,양주와인,양주,7,7,8.0,6,0,1,2025-04-11,2025-04 중순,0.0
109137,덴마크)소화가잘되는우유190ml,유음료,흰우유,8,6,8.0,6,1,0,2025-04-12,2025-04 중순,16.6667
108451,동서)레드불퍼플250ml,음료,기능성드링크,6,4,8.0,5,1,0,2025-04-11,2025-04 중순,20.0
109551,하겐)컵민트초콜릿100ml,아이스크림,고급,4,1,8.0,2,2,0,2025-04-19,2025-04 중순,100.0
190189,진로)참이슬오리지날640ml페트,전통주,소주,4,1,8.0,2,2,0,2025-04-14,2025-04 중순,100.0
141055,CJ)스팸마요덮밥(컵반),가공식품,가공미반류,4,2,8.0,1,1,2,2025-04-12,2025-04 중순,100.0
123678,바이엔슈테판 비투스(12입),맥주,수입맥주,8,8,8.0,8,0,0,2025-04-12,2025-04 중순,0.0
062313,매일)바리스타라떼PET475ml,유음료,가공우유,5,3,8.0,3,1,1,2025-04-14,2025-04 중순,33.3333
600868,동서)오곡코코볼바33g,과자,프로틴/시리얼,8,5,8.0,4,2,0,2025-04-11,2025-04 중순,50.0
073607,PB)마이멜로디로제치즈떡볶이193,냉장,냉장간편식,7,6,8.0,4,1,1,2025-04-13,2025-04 중순,25.0
123454,버블 넘버원 핑크라벨 NV,양주와인,와인,7,7,8.0,6,0,1,2025-04-11,2025-04 중순,0.0
202607,오츠카)나랑드사이다(파인)500ml,음료,탄산음료,6,4,8.0,5,1,0,2025-04-11,2025-04 중순,20.0
109952,몽키47,양주와인,양주,7,5,8.0,6,0,1,2025-04-12,2025-04 중순,0.0
109735,PB)옳곡피넛버터크림소보로110g,빵,간식빵,7,4,8.0,3,0,3,2025-04-13,2025-04 중순,0.0
123784,삼진)1953어묵순살바80g(야채맛),냉장,냉장간식,5,2,8.0,3,1,1,2025-04-17,2025-04 중순,33.3333
109918,레티자화이트(12입),양주와인,와인,7,6,8.0,6,0,1,2025-04-12,2025-04 중순,0.0
141730,CJ)소고기듬뿍미역국460g,가공식품,상온간편식,8,4,8.0,8,0,0,2025-04-16,2025-04 중순,0.0
107422,K리그X산리오 스트랩키링(헬로키티/서울),문구/완구,일반완구,8,2,8.0,5,0,2,2025-04-12,2025-04 중순,0.0
109498,덴마크)테이크얼라이브망고200ml,유음료,냉장주스,6,2,8.0,3,2,0,2025-04-11,2025-04 중순,66.6667
160647,칠성)델몬트오렌지100 1.5L,음료,주스,6,2,8.0,3,2,0,2025-04-12,2025-04 중순,66.6667
109752,삼경)필러즈망고구미56g,과자,젤리류,6,3,8.0,5,1,0,2025-04-17,2025-04 중순,20.0
107812,K리그산리오)인형 키링_마이멜로디,문구/완구,일반완구,7,6,8.0,6,0,1,2025-04-11,2025-04 중순,0.0
108815,PB)마롱호두단팥빵105g,빵,간식빵,6,5,8.0,4,0,2,2025-04-12,2025-04 중순,0.0
116653,MZ)홀스xs 레몬민트,과자,캔디류,6,5,8.0,5,1,0,2025-04-11,2025-04 중순,20.0
053072,국내산매콤통가슴살,즉석 식품,즉석치킨(삭제예정),6,5,8.0,5,1,0,2025-04-12,2025-04 중순,20.0
123769,HY)길디오리지널라거568ml캔,맥주,수입맥주,7,5,8.0,6,0,1,2025-04-12,2025-04 중순,0.0
117107,시원)마키아또누가(딸기)80g,과자,캔디류,9,2,8.0,5,1,1,2025-04-19,2025-04 중순,20.0
072062,CJ)맥스봉치즈70g,냉장,냉장간식,8,4,8.0,6,1,0,2025-04-11,2025-04 중순,16.6667
150446,나뚜루)녹차파인트,아이스크림,고급,6,4,8.0,5,1,0,2025-04-12,2025-04 중순,20.0
124721,동원)그릴리직화닭꼬치볼케이노75g,냉장,냉장안주,8,4,8.0,8,0,0,2025-04-13,2025-04 중순,0.0
123486,라포데리나 로쏘 디 몬탈치노,양주와인,와인,8,8,8.0,8,0,0,2025-04-11,2025-04 중순,0.0
160052, 칠성)칠성사이다500ml,음료,탄산음료,6,2,8.0,3,2,0,2025-04-15,2025-04 중순,66.6667
124306,잭다니엘스700ml,양주와인,양주,7,5,8.0,6,0,1,2025-04-12,2025-04 중순,0.0
106529,마라순살꼬치,즉석 식품,즉석치킨,6,3,8.0,3,2,0,2025-04-16,2025-04 중순,66.6667
123479,라포스톨 뀌베 알렉상드르 까르메네르,양주와인,와인,9,7,8.0,7,0,1,2025-04-11,2025-04 중순,0.0
202649,이디야)트리플아메리카노500ml,음료,커피음료,7,2,8.0,4,1,1,2025-04-12,2025-04 중순,25.0
107206,바프)추억의땅콩믹스120g,안주,너트류,8,5,8.0,6,1,0,2025-04-11,2025-04 중순,16.6667
072216,PB)히노아지돈코츠라멘213g,냉장,냉장간편식,7,6,8.0,6,0,1,2025-04-12,2025-04 중순,0.0
124390,"3월 샌드위치,햄버거 구독(100원)",,,4,2,8.0,2,2,0,2025-04-11,2025-04 중순,100.0
108452,동서)스타벅스셀렉트카라멜라떼300ml,음료,커피음료,5,4,8.0,3,1,1,2025-04-11,2025-04 중순,33.3333
105949,마즈)비카인드단백질바40g,과자,프로틴/시리얼,6,4,8.0,5,1,0,2025-04-17,2025-04 중순,20.0
180639,진로)참이슬오리지날360ml병,전통주,소주,8,3,8.0,4,2,0,2025-04-11,2025-04 중순,50.0
170866,롱보드라거캔24입,맥주,수입맥주,5,2,8.0,3,1,1,2025-04-17,2025-04 중순,33.3333
107428,K리그X산리오 스트랩키링(위시미멜/부산),문구/완구,일반완구,7,3,8.0,6,0,1,2025-04-15,2025-04 중순,0.0
150970,롯데)구구크러스터660ml,아이스크림,홈타입,4,1,8.0,2,2,0,2025-04-12,2025-04 중순,100.0
123951,롯데)가나쇼콜라카스테라120g,빵,간식빵,6,6,8.0,4,0,2,2025-04-12,2025-04 중순,0.0
124918,산토리)메이커스마크375ml,양주와인,양주,7,3,8.0,6,0,1,2025-04-11,2025-04 중순,0.0
104979,삼립)트리플미트부리또125g,간식,냉장피자,8,6,8.0,8,0,0,2025-04-13,2025-04 중순,0.0
118512,롯데)크런키빼빼로39g,과자,비스킷류,8,4,8.0,6,1,0,2025-04-11,2025-04 중순,16.6667
123132,PB)우리쌀사골떡국163g,가공식품,가공미반류,8,4,8.0,6,1,0,2025-04-13,2025-04 중순,16.6667
081795,로투스)벨기에와플50g,빵,구움과자,7,4,8.0,4,1,1,2025-04-12,2025-04 중순,25.0
807807,엠즈)삿포로350ml캔,맥주,수입맥주,7,6,7.0,7,0,0,2025-04-11,2025-04 중순,0.0
109915,알카화이트(12입),양주와인,와인,6,5,7.0,5,0,1,2025-04-13,2025-04 중순,0.0
105839,대호)벤티복숭아아이스티500ml,즉석음료,파우치,9,4,7.0,6,1,0,2025-04-12,2025-04 중순,16.6667
371867,피죤)액츠프리미엄(프레시)1L_H,가정용품,세제류,7,3,7.0,5,1,0,2025-04-13,2025-04 중순,20.0
107683,K리그산리오)머플러(위시미멜),패션잡화,시즌/소품,6,3,7.0,5,0,1,2025-04-15,2025-04 중순,0.0
202715,코카)코카콜라제로제로250ml,음료,탄산음료,5,2,7.0,1,1,2,2025-04-13,2025-04 중순,100.0
380179,애경)2080칫솔_H,H&B,칫솔,5,4,7.0,4,1,0,2025-04-13,2025-04 중순,25.0
109790,PB)훈제메추리알쏙쏙5입,냉장,냉장간식,7,5,7.0,2,1,2,2025-04-13,2025-04 중순,50.0
092881,프레시팜)바나나1입,신선,과일,5,2,7.0,1,1,2,2025-04-13,2025-04 중순,100.0
123774,삼립)개굴닌자밀키소다롤85g,빵,간식빵,7,4,7.0,5,1,0,2025-04-11,2025-04 중순,20.0
141529,CJ)컵반철판김치덮밥,가공식품,가공미반류,4,2,7.0,2,1,1,2025-04-14,2025-04 중순,50.0
600258,농심)멘토스민트(포도)21g,과자,캔디류,7,3,7.0,3,2,0,2025-04-12,2025-04 중순,66.6667
113073,디아)조니워커블랙오징어게임에디션750ml,양주와인,양주,7,6,7.0,7,0,0,2025-04-11,2025-04 중순,0.0
201300,동서)TOP(더블랙)200ml,음료,커피음료,5,3,7.0,4,1,0,2025-04-12,2025-04 중순,25.0
041509,이지텍)오리히로곤약젤리(복숭아,디저트,젤리,4,3,7.0,2,1,1,2025-04-13,2025-04 중순,50.0
111782,롯데)가나초코바45g,과자,초콜릿,4,2,7.0,2,1,1,2025-04-16,2025-04 중순,50.0
109692,화요200ml3종선물세트3호,전통주,소주,5,4,7.0,4,1,0,2025-04-12,2025-04 중순,25.0
200005,페르)시바스리갈12년500ml,양주와인,양주,6,5,7.0,5,0,1,2025-04-11,2025-04 중순,0.0
141772,하림)더미식닭곰탕350g,가공식품,상온간편식,5,3,7.0,4,1,0,2025-04-15,2025-04 중순,25.0
202659,링티)링티제로레몬라임500ml,음료,스포츠음료,5,3,7.0,4,1,0,2025-04-13,2025-04 중순,25.0
600987,오리온)와우레인보우21g,과자,껌,6,5,7.0,5,0,1,2025-04-15,2025-04 중순,0.0
161301,해태)아침에사과한개500ml,음료,주스,4,3,7.0,2,1,1,2025-04-14,2025-04 중순,50.0
071697,롯데)의성마늘2입140g,냉장,냉장간식,4,2,7.0,2,1,1,2025-04-17,2025-04 중순,50.0
124862,토트넘 코커렐 투톤 머그컵,패션잡화,시즌/소품,5,3,7.0,4,1,0,2025-04-11,2025-04 중순,25.0
062495,hy)야쿠르트1971 750ml,유음료,요구르트,6,4,7.0,5,0,1,2025-04-12,2025-04 중순,0.0
113149,글렌알라키 와인캐스크피니쉬 9년 도우로밸리 700ml,양주와인,양주,8,6,7.0,6,0,1,2025-04-11,2025-04 중순,0.0
109950,제퍼슨버번 700ml,양주와인,양주,9,8,7.0,8,0,0,2025-04-11,2025-04 중순,0.0
105751,잇웨이)치킨매니아새우닭강정250g,냉동,조리냉동,6,1,7.0,3,1,1,2025-04-18,2025-04 중순,33.3333
123941,펜폴즈 클럽 토니,양주와인,와인,5,2,7.0,4,1,0,2025-04-14,2025-04 중순,25.0
124381,삼립)와우골든텐더치킨샐러드123g,간식,샐러드(삭제예정),6,3,7.0,5,0,1,2025-04-11,2025-04 중순,0.0
114431,켈로그)콘푸로스트230g,과자,비스킷류,5,4,7.0,4,1,0,2025-04-12,2025-04 중순,25.0
202207,해태)갈배사이다500ml,음료,탄산음료,6,6,7.0,5,0,1,2025-04-16,2025-04 중순,0.0
108409,오리온)닥터유단백질프로딸기250ml,유음료,프로틴 음료,4,3,7.0,2,1,1,2025-04-14,2025-04 중순,50.0
220179,동원)고추참치150g,가공식품,캔,7,6,7.0,5,1,0,2025-04-12,2025-04 중순,20.0
150949,롯데)죠스바75ml,아이스크림,노벨티,5,3,7.0,4,1,0,2025-04-13,2025-04 중순,25.0
124631,나무)드럼스틱모양젤리(바나나&블루베리)50g,과자,젤리류,7,6,7.0,7,0,0,2025-04-12,2025-04 중순,0.0
109912,연태아사간열250ml(2입),전통주,기타전통주,6,4,7.0,5,0,1,2025-04-12,2025-04 중순,0.0
181002,준마이긴죠아카후지720ml,전통주,기타전통주,5,4,7.0,4,1,0,2025-04-12,2025-04 중순,25.0
123366,또스띠-모스까또 다스띠 NV,양주와인,와인,6,6,7.0,5,0,1,2025-04-12,2025-04 중순,0.0
170126,칠성)비타파워100ml,음료,기능성드링크,5,3,7.0,2,2,0,2025-04-13,2025-04 중순,100.0
070214,칠성)콜드오렌지900ml,유음료,냉장주스,9,4,7.0,4,2,0,2025-04-11,2025-04 중순,50.0
191226,아포틱인페르노750ml,양주와인,와인,7,7,7.0,7,0,0,2025-04-14,2025-04 중순,0.0
161264,팔도)뽀로로밀크235ml,음료,주스,5,3,7.0,4,1,0,2025-04-12,2025-04 중순,25.0
106873,오리온)스윙칩양파크림치즈50g,과자,스낵류,7,2,7.0,2,1,2,2025-04-13,2025-04 중순,50.0
141689,오뚜기)순후추순대국밥컵밥,가공식품,가공미반류,7,2,7.0,7,0,0,2025-04-14,2025-04 중순,0.0
324783,SK텔링크)반값유심,서비스 상품,일반서비스,5,1,7.0,4,1,0,2025-04-17,2025-04 중순,25.0
105978,파니니)EPL플러스 축구카드_H,문구/완구,일반완구,7,7,7.0,7,0,0,2025-04-11,2025-04 중순,0.0
123371,라포스톨 그랑 셀렉션 까베르네 소비뇽,양주와인,와인,5,2,7.0,4,1,0,2025-04-12,2025-04 중순,25.0
170599,비어)칭따오무알콜330ml캔,맥주,무알콜맥주,6,5,7.0,5,0,1,2025-04-11,2025-04 중순,0.0
141595,CJ)햇반현미쌀밥210g,가공식품,가공미반류,4,3,7.0,2,1,1,2025-04-14,2025-04 중순,50.0
201556,칠성)우엉차500ml,음료,차음료,5,4,7.0,4,1,0,2025-04-11,2025-04 중순,25.0
040813,르구르망)몬테스낵29g,디저트,냉장베이커리,5,4,7.0,4,1,0,2025-04-11,2025-04 중순,25.0
124521,카브루)리얼패션후르츠하이볼355ml캔,양주와인,하이볼,7,6,7.0,7,0,0,2025-04-11,2025-04 중순,0.0
190839,롯데)L와인멜롯750ml,양주와인,와인,7,7,7.0,7,0,0,2025-04-11,2025-04 중순,0.0
109725,칭따오논알콜330ml24입,맥주,무알콜맥주,7,6,7.0,7,0,0,2025-04-11,2025-04 중순,0.0
391040,깨끗한)디어스킨에어엠보중형16P,위생용품,생리대,6,4,7.0,5,0,1,2025-04-17,2025-04 중순,0.0
150004,하겐)파인트바닐라,아이스크림,고급,9,8,7.0,8,0,0,2025-04-13,2025-04 중순,0.0
161859,홍선)일품통육포40g,안주,육포,7,4,7.0,5,1,0,2025-04-12,2025-04 중순,20.0
202450,칠성)핫식스더킹러쉬355ml,음료,기능성드링크,9,4,7.0,4,2,0,2025-04-11,2025-04 중순,50.0
109949,하바나클럽아네호3아뇨스 750ml,양주와인,양주,7,5,7.0,7,0,0,2025-04-11,2025-04 중순,0.0
109499,덴마크)테이크얼라이브자몽200ml,유음료,냉장주스,7,4,7.0,5,1,0,2025-04-11,2025-04 중순,20.0
109960,마르텔XO 700ml,양주와인,양주,6,6,7.0,5,0,1,2025-04-11,2025-04 중순,0.0
210386,삼양)삼양라면큰컵,면,용기면,7,3,7.0,5,1,0,2025-04-12,2025-04 중순,20.0
108799,LG)온더바디발을씻자풋샴푸 레몬385ml_H,H&B,화장비누/바디클렌저,5,4,7.0,4,1,0,2025-04-12,2025-04 중순,25.0
162146,바프)마늘빵아몬드40g,안주,너트류,4,3,7.0,2,1,1,2025-04-14,2025-04 중순,50.0
201133,칠성)황금보리500ml,음료,차음료,10,6,7.0,2,1,3,2025-04-12,2025-04 중순,50.0
113152,글렌알라키 싱글몰트위스키 8년 스코티시 오크  700ml,양주와인,양주,7,7,7.0,7,0,0,2025-04-11,2025-04 중순,0.0
105655,PB)바프황치즈팝콘70g,과자,스낵류,5,3,7.0,4,1,0,2025-04-12,2025-04 중순,25.0
161865,샘표)질러직화스틱육포45g,안주,육포,7,4,7.0,5,1,0,2025-04-13,2025-04 중순,20.0
190783,페르)깔루아200ml,양주와인,양주,6,3,7.0,5,0,1,2025-04-13,2025-04 중순,0.0
115401,농심)빵부장마늘빵55g,과자,스낵류,7,5,7.0,5,1,0,2025-04-11,2025-04 중순,20.0
109767,티젠)말차라떼7입,건강/기호식품,차,7,3,7.0,7,0,0,2025-04-13,2025-04 중순,0.0
212009,PB)오백바딸기70ml,아이스크림,노벨티,5,3,7.0,4,1,0,2025-04-11,2025-04 중순,25.0
053123,고래사)접사각,즉석 식품,즉석간식,5,3,7.0,4,1,0,2025-04-13,2025-04 중순,25.0
124290,훼밀리)사과무케루푸루푸루구미40g,과자,젤리류,6,4,7.0,3,1,1,2025-04-12,2025-04 중순,33.3333
170943,오비)호가든330ml캔(6입),맥주,수입맥주,8,7,7.0,6,0,1,2025-04-13,2025-04 중순,0.0
412704,PB)커널형이어셋(화이트)_H,일용잡화,휴대폰/주변기기,5,4,7.0,4,1,0,2025-04-11,2025-04 중순,25.0
123640,훼밀리)새콤팡팡젤리빈42g,과자,캔디류,4,3,7.0,2,1,1,2025-04-13,2025-04 중순,50.0
362559,LG)엘라스틴프로틴샴푸480ml_H,H&B,샴푸/린스,7,4,7.0,5,1,0,2025-04-11,2025-04 중순,20.0
124685,삼립)시그니처파운드170g,빵,간식빵,7,4,7.0,7,0,0,2025-04-14,2025-04 중순,0.0
831484, 제스)킷캣아이스크림스틱,아이스크림,노벨티,5,4,7.0,4,1,0,2025-04-15,2025-04 중순,25.0
116579,롯데)쌀로별오리지널78g,과자,스낵류,7,3,7.0,4,0,2,2025-04-12,2025-04 중순,0.0
220428,CJ)햇반발아현미밥210g,가공식품,가공미반류,4,3,7.0,2,1,1,2025-04-15,2025-04 중순,50.0
141101,삼양)불닭떡볶이(컵),가공식품,가공미반류,5,4,7.0,4,1,0,2025-04-13,2025-04 중순,25.0
123469,마시 마시앙코,양주와인,와인,7,7,7.0,7,0,0,2025-04-11,2025-04 중순,0.0
061531,뉴초이스)아쌈블랙티400ml,유음료,가공우유,5,2,7.0,4,1,0,2025-04-13,2025-04 중순,25.0
062507,덴마크)드링킹복숭아275ml,유음료,요구르트,9,5,7.0,6,1,0,2025-04-11,2025-04 중순,16.6667
402012,이브리얼003콘돔(3입)_H,약품/의료품,의약외품,5,2,7.0,4,1,0,2025-04-11,2025-04 중순,25.0
362002,LG)마카다미아크랜베리바디워시_H,H&B,화장비누/바디클렌저,7,7,7.0,7,0,0,2025-04-11,2025-04 중순,0.0
107842,삼양)흰둥이짱구70g,과자,스낵류,5,3,7.0,4,1,0,2025-04-15,2025-04 중순,25.0
123555,SAMG)위시캣발바닥모양캔디42g,과자,캔디류,7,6,7.0,7,0,0,2025-04-14,2025-04 중순,0.0
400913,삼성)까스명수골드,약품/의료품,의약외품,5,4,7.0,4,1,0,2025-04-12,2025-04 중순,25.0
107799,K리그산리오)인형_한교동,문구/완구,일반완구,6,5,7.0,5,0,1,2025-04-13,2025-04 중순,0.0
083773,PB)담백한통밀도넛40g,빵,구움과자,11,11,7.0,9,0,0,2025-04-11,2025-04 중순,0.0
391052,LG)쏘피안심숙면팬티4P(L),위생용품,생리대,5,2,7.0,4,1,0,2025-04-14,2025-04 중순,25.0
061832,정식품)베지밀아몬드호두190ml,유음료,두유,4,2,7.0,2,1,1,2025-04-14,2025-04 중순,50.0
200245,인디)KGB보드카레몬275ml병,양주와인,리쿼,7,5,7.0,7,0,0,2025-04-14,2025-04 중순,0.0
109932,로얄샬루트21년그레인 700ml,양주와인,양주,6,4,7.0,5,0,1,2025-04-13,2025-04 중순,0.0
202382,웅진)자연은납작복숭아340ml,음료,주스,4,2,7.0,2,1,1,2025-04-14,2025-04 중순,50.0
105683,산토리)짐빔500ml,양주와인,양주,7,6,7.0,7,0,0,2025-04-13,2025-04 중순,0.0
107086,K리그산리오)면티셔츠100,패션잡화,시즌/소품,9,6,7.0,2,0,4,2025-04-14,2025-04 중순,0.0
115437,달모어 18년 700ml,양주와인,양주,5,4,7.0,3,0,2,2025-04-12,2025-04 중순,0.0
109888,핫카이산 혼죠조,전통주,기타전통주,4,2,7.0,2,1,1,2025-04-17,2025-04 중순,50.0
124604,추사40도500ml,전통주,기타전통주,6,6,7.0,5,0,1,2025-04-11,2025-04 중순,0.0
105918,LG)고농축아우라1L(피오니로즈)_H,가정용품,세제류,7,7,7.0,7,0,0,2025-04-11,2025-04 중순,0.0
123634,CJ)쁘띠첼과일젤리밀감90g,디저트,젤리,5,2,7.0,4,1,0,2025-04-14,2025-04 중순,25.0
123786,삼진)1953어묵순살바80g(매운맛),냉장,냉장간식,5,3,7.0,4,1,0,2025-04-11,2025-04 중순,25.0
421004,모나미)3색볼펜1000_후크형_H,문구/완구,일반문구,5,3,7.0,4,1,0,2025-04-15,2025-04 중순,25.0
400801,아우성롱런콘돔_H,약품/의료품,의약외품,5,3,7.0,4,1,0,2025-04-13,2025-04 중순,25.0
102817,PB)딸기우유500ml,유음료,가공우유,5,5,7.0,3,0,2,2025-04-16,2025-04 중순,0.0
062436,빙그레)더단백커피250ml,유음료,프로틴 음료,6,6,7.0,5,0,1,2025-04-13,2025-04 중순,0.0
370708,PB)나무젓가락 10입,가정용품,행락용품,5,3,7.0,4,1,0,2025-04-11,2025-04 중순,25.0
170083,광동)진쌍화１００ＭＬ,음료,기능성드링크,5,3,7.0,4,1,0,2025-04-15,2025-04 중순,25.0
600169,마즈)이클립스소프트청포도45g,과자,캔디류,4,4,7.0,1,0,3,2025-04-12,2025-04 중순,0.0
124722,PB)사골떡만둣국194g,냉동,냉동간편식,5,3,7.0,4,1,0,2025-04-12,2025-04 중순,25.0
192128,산타리타리저브샤도네,양주와인,와인,7,6,7.0,7,0,0,2025-04-11,2025-04 중순,0.0
221554,대상)안주야직화무뼈닭발160g,냉동,조리냉동,7,4,7.0,5,1,0,2025-04-11,2025-04 중순,20.0
107744,PB)스파클링워터레몬500ml,음료,생수,4,3,7.0,2,1,1,2025-04-11,2025-04 중순,50.0
192568,산펠리체깜포지오바니750ml,양주와인,와인,6,5,7.0,5,0,1,2025-04-14,2025-04 중순,0.0
123812,델토리)크랩새우땅콩카라멜60g,과자,스낵류,6,3,7.0,3,1,1,2025-04-14,2025-04 중순,33.3333
112604,오리온)아이셔자두맛42g,과자,캔디류,5,3,7.0,4,1,0,2025-04-18,2025-04 중순,25.0
361435,존슨)리스테린그린티100ml_H,H&B,치약,5,1,7.0,4,1,0,2025-04-17,2025-04 중순,25.0
162077,썬푸드)바베큐오징어매운맛30g,안주,오징어,5,4,7.0,3,0,2,2025-04-12,2025-04 중순,0.0
060847,빙그레)아카페라바닐라라떼240ml,유음료,가공우유,7,2,7.0,3,2,0,2025-04-17,2025-04 중순,66.6667
106663,롯데)꼬깔콘매드핫고추장67g,과자,스낵류,7,2,7.0,7,0,0,2025-04-12,2025-04 중순,0.0
390831,PB)천연펄프3겹데코12롤,위생용품,티슈,7,7,7.0,7,0,0,2025-04-11,2025-04 중순,0.0
105859,삼립)미각바닐라카스테라롤128g,빵,간식빵,4,3,7.0,2,1,1,2025-04-13,2025-04 중순,50.0
123365,레오나르드 커리쉬-SS 아우스레제,양주와인,와인,5,4,7.0,3,0,2,2025-04-12,2025-04 중순,0.0
105403,경남)레모나쮸잉28g,과자,캔디류,6,4,7.0,3,1,1,2025-04-15,2025-04 중순,33.3333
124791,해태)후렌치파이매실맛192g,과자,비스킷류,5,4,7.0,4,1,0,2025-04-11,2025-04 중순,25.0
124877,토트넘 No.7 마킹 네이비 티셔츠_105,패션잡화,시즌/소품,7,5,7.0,7,0,0,2025-04-11,2025-04 중순,0.0
122823,삼양사)상쾌환스틱ZERO18g(납작복숭아맛),건강/기호식품,숙취해소제,7,4,7.0,5,1,0,2025-04-14,2025-04 중순,20.0
220637,오뚜기)3분쇠고기카레200g,가공식품,상온간편식,8,6,7.0,4,1,1,2025-04-11,2025-04 중순,25.0
107503,엠즈)애플망고케이크100g,디저트,냉장베이커리,6,6,7.0,5,0,1,2025-04-12,2025-04 중순,0.0
106855,코카)몬스터오지레모네이드355ml,음료,기능성드링크,6,5,7.0,5,0,1,2025-04-11,2025-04 중순,0.0
124910,PB)수피마 화이트 티셔츠 105_H,패션잡화,팬티/내의,4,3,7.0,2,1,1,2025-04-18,2025-04 중순,50.0
124903,즉석도넛)단팥찹쌀도넛,즉석 식품,즉석치킨,6,5,7.0,5,0,1,2025-04-11,2025-04 중순,0.0
106292,한양)꽃보다오징어숏바디150g,안주,오징어,4,3,7.0,2,1,1,2025-04-13,2025-04 중순,50.0
372047,모나미)전기절연테이프_H,가정용품,청소/작업용품,5,4,7.0,4,1,0,2025-04-12,2025-04 중순,25.0
190226,진로)매화수,전통주,기타전통주,7,2,7.0,7,0,0,2025-04-16,2025-04 중순,0.0
202762,하이트)토닉워터600ml,음료,탄산음료,8,6,7.0,3,0,3,2025-04-11,2025-04 중순,0.0
107433,K리그X산리오 스트랩키링(포차코/전북),문구/완구,일반완구,5,2,7.0,3,0,2,2025-04-18,2025-04 중순,0.0
118983,롯데)ABC초코쿠키쿠키앤크림43g,과자,비스킷류,5,4,7.0,4,1,0,2025-04-11,2025-04 중순,25.0
106115,매크로)하이츄사우어(딸기맛),과자,캔디류,7,6,7.0,5,1,0,2025-04-14,2025-04 중순,20.0
104486,롯데)몽쉘카카오192g,과자,비스킷류,6,4,7.0,5,0,1,2025-04-11,2025-04 중순,0.0
162243,정화)훈연왕오징어50g,안주,오징어,7,3,7.0,5,1,0,2025-04-16,2025-04 중순,20.0
107675,K리그산리오)머플러(케로피),패션잡화,시즌/소품,7,5,6.5,6,0,0,2025-04-11,2025-04 중순,0.0
109502,오리온)더자일리톨리필껌122g,과자,껌,6,3,6.0,4,1,0,2025-04-11,2025-04 중순,25.0
202783,칠성)칠성사이다제로그린플럼355,음료,탄산음료,3,2,6.0,1,1,1,2025-04-14,2025-04 중순,100.0
600925,MZ)밀카초코그레인42g,과자,비스킷류,4,3,6.0,3,1,0,2025-04-12,2025-04 중순,33.3333
202705,광동)힘찬하루헛개차1.5L,음료,차음료,4,2,6.0,3,1,0,2025-04-12,2025-04 중순,33.3333
105221,PB)상주곶감수정과230ml,즉석음료,파우치,5,2,6.0,2,1,1,2025-04-13,2025-04 중순,50.0
111616,롯데)해바라기초코볼30g,과자,초콜릿,5,4,6.0,4,0,1,2025-04-11,2025-04 중순,0.0
170935,제주)곰표밀맥주500ml캔,맥주,국산맥주,6,4,6.0,6,0,0,2025-04-13,2025-04 중순,0.0
109877,월계관 쥰마이 다이긴죠720ml,전통주,기타전통주,5,5,6.0,4,0,1,2025-04-11,2025-04 중순,0.0
060716,빙그레)아카페라카라멜240ml,유음료,가공우유,4,3,6.0,3,1,0,2025-04-11,2025-04 중순,33.3333
162063,한양)꽃보다오징어소프트160g,안주,오징어,4,2,6.0,3,1,0,2025-04-11,2025-04 중순,33.3333
401517,동화)부채표미인활75ml,약품/의료품,의약외품,8,4,6.0,5,1,0,2025-04-11,2025-04 중순,20.0
124064,유한)좋은느낌입오버대형4P,위생용품,생리대,4,3,6.0,3,1,0,2025-04-15,2025-04 중순,33.3333
141649,CJ)컵반빅소고기미역국밥,가공식품,가공미반류,6,3,6.0,6,0,0,2025-04-11,2025-04 중순,0.0
115284,해태)포키블루베리41g,과자,비스킷류,3,2,6.0,1,1,1,2025-04-17,2025-04 중순,100.0
106030,롯데)제로틴케이스캔디(레몬민트)28g,과자,캔디류,6,5,6.0,6,0,0,2025-04-14,2025-04 중순,0.0
192031,스미노프보드카레드700ml,양주와인,양주,6,6,6.0,6,0,0,2025-04-12,2025-04 중순,0.0
052808,웰그린)겨자소스,즉석 식품,즉석치킨,5,2,6.0,2,1,1,2025-04-15,2025-04 중순,50.0
107679,K리그산리오)머플러(폼폼푸린),패션잡화,시즌/소품,6,3,6.0,6,0,0,2025-04-19,2025-04 중순,0.0
124465,칠성)칸타타아이스블랙커피500ml,즉석음료,파우치,4,2,6.0,3,1,0,2025-04-11,2025-04 중순,33.3333
124775,훼밀리)S&B다진와사비43g,조미료/건물,조미료,6,2,6.0,4,1,0,2025-04-13,2025-04 중순,25.0
600910,MZ)호올스아이스블루27.9g,과자,캔디류,6,4,6.0,4,1,0,2025-04-11,2025-04 중순,25.0
073363,고래사)어묵탕(시원한맛)360g,냉장,냉장간편식,3,2,6.0,1,1,1,2025-04-16,2025-04 중순,100.0
106818,삼립)뮤츠의밀크롤85g,빵,간식빵,5,5,6.0,4,0,1,2025-04-11,2025-04 중순,0.0
124106,쥬맥스)모구모구(망고)320ml,음료,주스,6,3,6.0,4,1,0,2025-04-17,2025-04 중순,25.0
220014,CJ)스팸클래식200g,가공식품,캔,4,3,6.0,3,1,0,2025-04-11,2025-04 중순,33.3333
124141,훼밀리)멜로팝스트로베리15g,과자,캔디류,4,3,6.0,2,0,2,2025-04-13,2025-04 중순,0.0
123779,스미)감숙왕다크초코바나나칩45g,안주,농산안주,6,4,6.0,6,0,0,2025-04-11,2025-04 중순,0.0
105148,PB)제주천혜향에이드230ml,즉석음료,파우치,6,2,6.0,4,1,0,2025-04-16,2025-04 중순,25.0
202597,칠성)실론티제로500ml,음료,차음료,3,3,6.0,0,0,3,2025-04-11,2025-04 중순,0.0
162307,바프)군옥수수맛땅콩앤콘프라이,안주,너트류,5,4,6.0,4,0,1,2025-04-14,2025-04 중순,0.0
124711,이노엔)티로그청포도아이스티500ml,음료,차음료,5,3,6.0,2,1,1,2025-04-11,2025-04 중순,50.0
170645,오비)스텔라아르투아500ml캔_4입,맥주,수입맥주,6,4,6.0,6,0,0,2025-04-12,2025-04 중순,0.0
150952,빙그레)요맘때딸기70ml,아이스크림,노벨티,4,3,6.0,3,1,0,2025-04-11,2025-04 중순,33.3333
153100,CJ)진한참기름160ml,조미료/건물,식용유지,4,1,6.0,3,1,0,2025-04-18,2025-04 중순,33.3333
191183,롯데)솔리에라750ml,양주와인,와인,6,5,6.0,6,0,0,2025-04-11,2025-04 중순,0.0
118980,롯데)더블크런키바쿠키앤크림33g,과자,초콜릿,4,3,6.0,3,1,0,2025-04-13,2025-04 중순,33.3333
121301,동서)카누라떼10입,건강/기호식품,커피,8,3,6.0,5,1,0,2025-04-13,2025-04 중순,20.0
200301,인디)KGB레몬330ml캔,양주와인,리쿼,6,5,6.0,6,0,0,2025-04-12,2025-04 중순,0.0
390911,유한)크리넥스수앤수캡80(라이언,위생용품,티슈,4,3,6.0,3,1,0,2025-04-11,2025-04 중순,33.3333
162301,바프)멸치아몬드100g,안주,너트류,6,1,6.0,6,0,0,2025-04-11,2025-04 중순,0.0
108454,청정원)부침두부300g,신선,야채,5,4,6.0,4,0,1,2025-04-11,2025-04 중순,0.0
124000,미스티)산리오립스틱캔디5g,과자,캔디류,4,2,6.0,3,1,0,2025-04-15,2025-04 중순,33.3333
170258,엠즈)삿포로실버컵650ml캔,맥주,수입맥주,7,4,6.0,5,0,1,2025-04-11,2025-04 중순,0.0
600907,MZ)호올스오렌지27.9g,과자,캔디류,4,3,6.0,2,0,2,2025-04-14,2025-04 중순,0.0
390945,"PB)롤티슈1롤(3겹,30M)",위생용품,티슈,4,2,6.0,3,1,0,2025-04-12,2025-04 중순,33.3333
062430,매일)상하치즈크림치즈48g,유음료,유제품,6,3,6.0,6,0,0,2025-04-14,2025-04 중순,0.0
107814,K리그산리오)인형 키링_케로케로피,문구/완구,일반완구,4,2,6.0,3,1,0,2025-04-13,2025-04 중순,33.3333
170262,에이이)필스너우르켈500ml캔,맥주,수입맥주,3,2,6.0,1,1,1,2025-04-11,2025-04 중순,100.0
124542,칠성)펩시콜라제로490ml,음료,탄산음료,4,2,6.0,3,1,0,2025-04-12,2025-04 중순,33.3333
201724,웅진)광명찾은결명자차500ml,음료,차음료,4,2,6.0,3,1,0,2025-04-16,2025-04 중순,33.3333
109467,세종)옥수수깡걸리750ml,전통주,막걸리,6,3,6.0,6,0,0,2025-04-12,2025-04 중순,0.0
115579,골든블루 다이아몬드,양주와인,양주,5,4,6.0,4,0,1,2025-04-11,2025-04 중순,0.0
180159,오비)카스라이트355ml캔,맥주,국산맥주,4,3,6.0,3,1,0,2025-04-11,2025-04 중순,33.3333
113781,빙그레)꽃게랑70g,과자,스낵류,5,4,6.0,4,0,1,2025-04-14,2025-04 중순,0.0
210653,롯데)수박바75ml,아이스크림,노벨티,3,2,6.0,1,1,1,2025-04-13,2025-04 중순,100.0
117583,롯데)야채크래커83g,과자,비스킷류,3,2,6.0,1,1,1,2025-04-11,2025-04 중순,100.0
118945,삼립)잭슨베이컨체다치즈부리또125g,간식,냉장피자,6,4,6.0,6,0,0,2025-04-14,2025-04 중순,0.0
160051,칠성)칠성사이다1.5L,음료,탄산음료,4,3,6.0,3,1,0,2025-04-11,2025-04 중순,33.3333
123457,버블 넘버원-로제 NV,양주와인,와인,6,5,6.0,6,0,0,2025-04-11,2025-04 중순,0.0
053125,고래사)모둠어묵꼬치,즉석 식품,즉석간식,6,6,6.0,6,0,0,2025-04-12,2025-04 중순,0.0
222681,오뚜기)순후추치킨180g,냉동,조리냉동,5,2,6.0,4,0,1,2025-04-12,2025-04 중순,0.0
114812,하리보)해피콜라젤리100g,과자,젤리류,5,2,6.0,2,1,1,2025-04-17,2025-04 중순,50.0
123453,알타비스타 프리미엄 말벡,양주와인,와인,7,7,6.0,5,0,1,2025-04-13,2025-04 중순,0.0
371295,롯알)고무장갑(중)_H,가정용품,주방용품,4,2,6.0,3,1,0,2025-04-17,2025-04 중순,33.3333
201422,해태)코코팜(요구르트)240ml,음료,주스,4,3,6.0,3,1,0,2025-04-11,2025-04 중순,33.3333
124460,PB)쫀득딸기멜로바60g,과자,캔디류,5,5,6.0,4,0,1,2025-04-12,2025-04 중순,0.0
117189,롯데)애니타임2500,과자,캔디류,4,3,6.0,3,1,0,2025-04-13,2025-04 중순,33.3333
161735,홍선)쇠고기육포채16g,안주,육포,5,3,6.0,2,1,1,2025-04-16,2025-04 중순,50.0
124228,야마자키 12년,양주와인,양주,3,3,6.0,0,0,3,2025-04-16,2025-04 중순,0.0
180265,한국술)국순당생막걸리750ml,전통주,막걸리,6,3,6.0,4,1,0,2025-04-13,2025-04 중순,25.0
124762,삼립)더블딥초코꾸덕파이70g,빵,구움과자,6,6,6.0,6,0,0,2025-04-11,2025-04 중순,0.0
210668,디핀)구슬 허니핑키블루,아이스크림,고급,4,2,6.0,3,1,0,2025-04-12,2025-04 중순,33.3333
108083,PB)배에이드제로500ml,음료,주스,7,5,6.0,5,0,1,2025-04-11,2025-04 중순,0.0
107073,롯데)몽쉘딸기12입408g,과자,비스킷류,6,4,6.0,6,0,0,2025-04-14,2025-04 중순,0.0
094108,세븐팜)신선한1등급달걀(10입),신선,수축산/계란,8,7,6.0,7,0,0,2025-04-12,2025-04 중순,0.0
170082,광동)비타500 100ml병,음료,기능성드링크,4,2,6.0,3,1,0,2025-04-12,2025-04 중순,33.3333
123977,남부비진 긴죠,전통주,기타전통주,7,6,6.0,5,0,1,2025-04-12,2025-04 중순,0.0
105916,유한)좋은느낌무표백중형4P,위생용품,생리대,6,6,6.0,6,0,0,2025-04-11,2025-04 중순,0.0
105644,웅진)레몬셔벗에이드제로500ml,음료,주스,5,5,6.0,4,0,1,2025-04-12,2025-04 중순,0.0
123417,피치)체리쉬망고젤리64g,과자,젤리류,6,2,6.0,4,1,0,2025-04-15,2025-04 중순,25.0
107265,5개 이상 구매시 50% 할인 빙그레)생귤탱귤제로70ml,아이스크림,노벨티,6,2,6.0,4,1,0,2025-04-11,2025-04 중순,25.0
160661,호연)꿀물180ml,음료,전통음료,5,3,6.0,2,1,1,2025-04-14,2025-04 중순,50.0
161088,코카)코카콜라제로1ㆍ5L,음료,탄산음료,4,3,6.0,3,1,0,2025-04-12,2025-04 중순,33.3333
070193,매일)커피속에모카치노300ml,유음료,가공우유,4,3,6.0,2,0,2,2025-04-11,2025-04 중순,0.0
123874,러셀 리저브 싱글배럴 라이,양주와인,양주,5,5,6.0,4,0,1,2025-04-12,2025-04 중순,0.0
108247,오뚜기)열광라볶이큰컵,면,용기면,4,2,6.0,3,1,0,2025-04-18,2025-04 중순,33.3333
132806,오뚜기)빅컵누들매콤한맛61g,면,용기면,5,2,6.0,4,0,1,2025-04-13,2025-04 중순,0.0
600176,빙그레)더단백크런치바초코,과자,프로틴/시리얼,6,6,6.0,6,0,0,2025-04-11,2025-04 중순,0.0
093593,풀무원)소가순두부350g,신선,야채,6,1,6.0,2,2,0,2025-04-12,2025-04 중순,100.0
161842,코주부)왕꼬마쥐포35g,안주,생선류,3,2,6.0,1,1,1,2025-04-17,2025-04 중순,100.0
202623,큐원)상쾌환부스터100ml,음료,기능성드링크,4,2,6.0,3,1,0,2025-04-11,2025-04 중순,33.3333
106751,PB)꼬부기소다향젤리40g,과자,젤리류,4,3,6.0,3,1,0,2025-04-16,2025-04 중순,33.3333
109938,시바스리갈12년 700ml,양주와인,양주,6,6,6.0,6,0,0,2025-04-15,2025-04 중순,0.0
106523,칠성)탐스제로멜론355ml,음료,탄산음료,3,3,6.0,0,0,3,2025-04-14,2025-04 중순,0.0
191922,에스쿠도로호 카르메네르,양주와인,와인,4,2,6.0,3,1,0,2025-04-12,2025-04 중순,33.3333
107784,K리그산리오)인형_타이니참,문구/완구,일반완구,4,3,6.0,2,0,2,2025-04-17,2025-04 중순,0.0
092537,돌코리아)후룻컵망고198g,신선,과일,4,3,6.0,3,1,0,2025-04-11,2025-04 중순,33.3333
601009,엔제이)포지타노레몬캔디49g,과자,캔디류,8,4,6.0,5,1,0,2025-04-12,2025-04 중순,20.0
124263,롯데상사)생칵테일새우살200g,냉동,신선냉동,4,3,6.0,3,1,0,2025-04-13,2025-04 중순,33.3333
118444,하리보)해피그레이프100g,과자,젤리류,7,3,6.0,3,1,1,2025-04-12,2025-04 중순,33.3333
170457,하이트)필라이트후레쉬피쳐1.6L,맥주,국산맥주,6,3,6.0,4,1,0,2025-04-11,2025-04 중순,25.0
105922,벤앤제리스)체리가르시아파인트473ml,아이스크림,고급,4,2,6.0,3,1,0,2025-04-15,2025-04 중순,33.3333
420683,모나미)UM-151흑_후크형_H,문구/완구,일반문구,4,2,6.0,3,1,0,2025-04-16,2025-04 중순,33.3333
123394,세븐브로이)가치필스너500ml캔,맥주,국산맥주,4,2,6.0,3,1,0,2025-04-16,2025-04 중순,33.3333
382472,비비안)파인애플팬티스타킹_H,패션잡화,스타킹,4,1,6.0,3,1,0,2025-04-11,2025-04 중순,33.3333
107077,피치)동결건조젤리사우어웜즈,과자,젤리류,5,5,6.0,4,0,1,2025-04-12,2025-04 중순,0.0
106291,롯데)스크류바0칼로리75ml,아이스크림,노벨티,5,3,6.0,2,1,1,2025-04-11,2025-04 중순,50.0
115781,PB)바프허니버터아몬드앤땅콩30g,안주,너트류,6,4,6.0,6,0,0,2025-04-12,2025-04 중순,0.0
819429,해태)초코픽45g,과자,비스킷류,5,4,6.0,4,0,1,2025-04-13,2025-04 중순,0.0
094672,풀무원)몽글순두부탕270g(들깨),신선,야채,6,4,6.0,3,0,2,2025-04-13,2025-04 중순,0.0
112734,캬라파키산리오초콜릿29g,과자,초콜릿,4,3,6.0,3,1,0,2025-04-15,2025-04 중순,33.3333
106075,CJ)맛밤프로틴밤맛250mL,유음료,프로틴 음료,6,3,6.0,4,1,0,2025-04-11,2025-04 중순,25.0
124231,메이커스 마크,양주와인,양주,5,5,6.0,4,0,1,2025-04-11,2025-04 중순,0.0
123984,츠카사보탄 야마유즈 시보리,전통주,기타전통주,6,6,6.0,6,0,0,2025-04-15,2025-04 중순,0.0
041299,제이탑)NEW달달꿀떡200g,디저트,떡,5,4,6.0,4,0,1,2025-04-11,2025-04 중순,0.0
421299,PB)이력서_H,문구/완구,노트/봉투,5,3,6.0,4,0,1,2025-04-13,2025-04 중순,0.0
123460,우마니론끼 까살 디 쎄라,양주와인,와인,6,4,6.0,3,0,2,2025-04-13,2025-04 중순,0.0
191938,본테라 에퀴녹스 레드,양주와인,와인,4,3,6.0,3,1,0,2025-04-13,2025-04 중순,33.3333
114931,코노수르 20배럴 샤도네이750ml,양주와인,와인,6,6,6.0,6,0,0,2025-04-11,2025-04 중순,0.0
123368,알타비스타 비베 말벡,양주와인,와인,5,3,6.0,4,0,1,2025-04-12,2025-04 중순,0.0
109634,스퀴즈)하이볼에빠진라임500ml캔,양주와인,하이볼,6,6,6.0,6,0,0,2025-04-13,2025-04 중순,0.0
124321,미켈롭울트라 330ml(6입),맥주,수입맥주,6,4,6.0,4,1,0,2025-04-15,2025-04 중순,25.0
192395,신세계)에반윌리엄스750ml,양주와인,양주,6,4,6.0,6,0,0,2025-04-11,2025-04 중순,0.0
123160,페로니 500ml캔(24입),맥주,수입맥주,4,2,6.0,3,1,0,2025-04-17,2025-04 중순,33.3333
381030,PB)세면타월(블루)_H,패션잡화,시즌/소품,5,3,6.0,2,1,1,2025-04-14,2025-04 중순,50.0
115434,달모어 킹렉산더3세 700ml,양주와인,양주,6,5,6.0,6,0,0,2025-04-14,2025-04 중순,0.0
105576,삼립)빚은대박쑥찹쌀떡95g,디저트,떡,5,4,6.0,4,0,1,2025-04-11,2025-04 중순,0.0
124296,LG)아우라퍼퓸캡슐1L(미스틱문라이즈)_H,가정용품,세제류,4,3,6.0,3,1,0,2025-04-12,2025-04 중순,33.3333
115354,롯데)가나프리미엄랑드샤모카프레소91g,과자,비스킷류,7,6,6.0,5,0,1,2025-04-11,2025-04 중순,0.0
124515,바이엔슈테판 헬레스라거(24입),맥주,수입맥주,6,6,6.0,6,0,0,2025-04-13,2025-04 중순,0.0
191940,JD라포레 부르고뉴 피노누아,양주와인,와인,4,2,6.0,3,1,0,2025-04-12,2025-04 중순,33.3333
109985,아카시타이 토쿠베츠 준마이,전통주,기타전통주,4,3,6.0,3,1,0,2025-04-13,2025-04 중순,33.3333
123617,크리오)엑스퍼트화이트케어불소육각초극세모1입_H,H&B,칫솔,4,2,6.0,3,1,0,2025-04-13,2025-04 중순,33.3333
162298,머거본)볶음땅콩100g,안주,너트류,3,2,6.0,1,1,1,2025-04-16,2025-04 중순,100.0
119757,해태)자유시간들60g,과자,초콜릿,3,1,6.0,1,1,1,2025-04-13,2025-04 중순,100.0
107794,K리그산리오)인형_시나모롤,문구/완구,일반완구,4,3,6.0,2,0,2,2025-04-12,2025-04 중순,0.0
191937,본테라 메를로,양주와인,와인,6,4,6.0,4,1,0,2025-04-13,2025-04 중순,25.0
108593,삼립)얼큰버섯칼국수183g,냉장,냉장간편식,5,2,6.0,4,0,1,2025-04-19,2025-04 중순,0.0
112228,오리온)비틀즈700,과자,캔디류,6,4,6.0,6,0,0,2025-04-16,2025-04 중순,0.0
401758,쉬즈)사가미오리지널2입(0.02mm)_H,약품/의료품,의약외품,3,1,6.0,1,1,1,2025-04-16,2025-04 중순,100.0
113515,맥캘란 15년 더블캐스크 700ml,양주와인,양주,6,6,6.0,6,0,0,2025-04-16,2025-04 중순,0.0
061718,매일)바리스타쇼콜라모카325ml,유음료,컵커피,4,2,6.0,3,1,0,2025-04-18,2025-04 중순,33.3333
105930,농심)누들핏육개장사발면맛,면,용기면,4,2,6.0,3,1,0,2025-04-15,2025-04 중순,33.3333
420220,모나미)생잉크유성매직(흑)_H,문구/완구,일반문구,4,1,6.0,3,1,0,2025-04-13,2025-04 중순,33.3333
201510,해태)포도봉봉340ml,음료,주스,4,1,6.0,3,1,0,2025-04-17,2025-04 중순,33.3333
412692,PJ)건강한육포(닭가슴살)100g_H,일용잡화,반려동물용품,4,3,6.0,3,1,0,2025-04-14,2025-04 중순,33.3333
123814,델토리)크랩새우딥초코60g,과자,스낵류,4,2,6.0,3,1,0,2025-04-15,2025-04 중순,33.3333
202657,칠성)콘트라베이스블랙&샷500ml,음료,커피음료,3,2,6.0,1,1,1,2025-04-13,2025-04 중순,100.0
123115,파머스)피스터블땅콩버터초콜릿60g,과자,초콜릿,4,1,6.0,3,1,0,2025-04-16,2025-04 중순,33.3333
817995,P&G)오랄비후레쉬클린칫솔_H,H&B,칫솔,4,3,6.0,3,1,0,2025-04-15,2025-04 중순,33.3333
202523,동원)테이크얼라이브블러드오렌,음료,주스,4,3,6.0,3,1,0,2025-04-12,2025-04 중순,33.3333
354097,센카퍼펙트휩클렌징폼40g_H,미용/화장품,여성화장품,4,2,6.0,3,1,0,2025-04-12,2025-04 중순,33.3333
109951,릴레블랑 750ml,양주와인,와인,4,3,6.0,3,1,0,2025-04-11,2025-04 중순,33.3333
190556,페르)앱솔루트피치700ml,양주와인,양주,6,2,6.0,6,0,0,2025-04-11,2025-04 중순,0.0
053176,후랑크꼬치,즉석 식품,즉석치킨,6,5,6.0,4,1,0,2025-04-11,2025-04 중순,25.0
211461,해태)아이스가이레몬200ml,아이스크림,노벨티,6,3,6.0,4,1,0,2025-04-13,2025-04 중순,25.0
112412,PB)오가다아카시아꿀물280ml,음료,전통음료,5,5,6.0,4,0,1,2025-04-14,2025-04 중순,0.0
413479,포유)C타입급속충전기_H,일용잡화,휴대폰/주변기기,4,2,6.0,3,1,0,2025-04-17,2025-04 중순,33.3333
109169,엠탑)까먹는복숭아젤리60g,과자,젤리류,3,2,6.0,1,1,1,2025-04-14,2025-04 중순,100.0
071968,목우촌)훈제치킨닭다리2입,냉장,냉장안주,4,1,6.0,3,1,0,2025-04-16,2025-04 중순,33.3333
105474,서주)허쉬초코바90ml,아이스크림,노벨티,5,3,6.0,2,1,1,2025-04-12,2025-04 중순,50.0
116330,MQ)켈로그레드베리에너지바25g,과자,프로틴/시리얼,5,3,6.0,4,0,1,2025-04-17,2025-04 중순,0.0
107394,PB)헤어롤(중)2P_H,미용/화장품,미용소품,4,1,6.0,3,1,0,2025-04-14,2025-04 중순,33.3333
124525,오마르버번캐스크700ml,양주와인,양주,6,5,6.0,6,0,0,2025-04-16,2025-04 중순,0.0
106978,롯데)꼬마꿀호떡125g,빵,간식빵,6,5,6.0,6,0,0,2025-04-12,2025-04 중순,0.0
600909,MZ)호올스라임27.9g,과자,캔디류,6,2,6.0,4,1,0,2025-04-14,2025-04 중순,25.0
161454,썬푸드)올리브유쥐포구이70g,안주,생선류,4,2,6.0,3,1,0,2025-04-13,2025-04 중순,33.3333
072631,한성)몬스터크랩72g,냉장,냉장간식,6,2,6.0,1,1,2,2025-04-13,2025-04 중순,100.0
125072,라프로익 쿼터케스크,양주와인,양주,5,5,6.0,4,0,1,2025-04-12,2025-04 중순,0.0
360719,PB)도루코PACE4일회용면도기_H,H&B,면도용품,6,6,6.0,6,0,0,2025-04-12,2025-04 중순,0.0
202409,빙그레)감성헤이즐넛500ml,음료,커피음료,4,3,6.0,2,0,2,2025-04-15,2025-04 중순,0.0
115339,머거본)요거트캐슈크랜카카오닙스30g,안주,너트류,6,6,6.0,6,0,0,2025-04-12,2025-04 중순,0.0
107791,K리그산리오)인형_쿠로미,문구/완구,일반완구,4,3,6.0,2,0,2,2025-04-12,2025-04 중순,0.0
109727,하림)더미식땡초고기교자140g,냉동,냉동만두,6,2,6.0,4,1,0,2025-04-13,2025-04 중순,25.0
123476,마시 깜포피오린,양주와인,와인,6,6,6.0,6,0,0,2025-04-12,2025-04 중순,0.0
192465,메종넘버나인로제750ml(기념일추천),양주와인,와인,5,4,6.0,4,0,1,2025-04-12,2025-04 중순,0.0
107453,PB)K리그팝콘200g,과자,스낵류,5,3,5.0,5,0,0,2025-04-12,2025-04 중순,0.0
162308,바프)와사비맛땅콩120g,안주,너트류,4,2,5.0,3,0,1,2025-04-16,2025-04 중순,0.0
191257,아영)알파카카베르네메를로750ml,양주와인,와인,6,4,5.0,4,0,1,2025-04-11,2025-04 중순,0.0
222124,천일)고추짜장면360g,냉동,냉동간편식,4,3,5.0,3,0,1,2025-04-12,2025-04 중순,0.0
141219,에이트)뽀로로짜장떡볶이,가공식품,가공미반류,4,2,5.0,3,0,1,2025-04-13,2025-04 중순,0.0
115415,달모어 포트우드리저브 700ml,양주와인,양주,4,3,5.0,3,0,1,2025-04-13,2025-04 중순,0.0
105365,올리)순얼음3kg,즉석음료,얼음,3,2,5.0,2,1,0,2025-04-12,2025-04 중순,50.0
106462,MDS)NEW베이컨까르보나라230g,간식,냉장피자,3,2,5.0,2,1,0,2025-04-12,2025-04 중순,50.0
362018,애경)2080 자일리톨치약100g_H,H&B,치약,7,7,5.0,6,0,0,2025-04-11,2025-04 중순,0.0
191927,제이스)발두지레드750ml,양주와인,와인,3,2,5.0,2,1,0,2025-04-18,2025-04 중순,50.0
114403,크라운)땅콩캬라멜2000,과자,캔디류,3,2,5.0,2,1,0,2025-04-11,2025-04 중순,50.0
190314,52-01_윈저17년450ml,양주와인,양주,5,5,5.0,5,0,0,2025-04-11,2025-04 중순,0.0
190457,롯데)옐로우테일샤도네이187ml,양주와인,와인,5,5,5.0,5,0,0,2025-04-12,2025-04 중순,0.0
124152,티젠)애플사이다비니거10T,건강/기호식품,차,5,3,5.0,3,1,0,2025-04-11,2025-04 중순,33.3333
123450,얄리 그랑 레세르바 까베르네 소비뇽,양주와인,와인,5,4,5.0,5,0,0,2025-04-12,2025-04 중순,0.0
118129,예스)트롤리지구젤리18g,과자,젤리류,3,2,5.0,2,1,0,2025-04-12,2025-04 중순,50.0
100991,농심)멘토스포도,과자,캔디류,4,1,5.0,1,1,1,2025-04-11,2025-04 중순,100.0
151163,대상)홍초석류미니50ml,조미료/건물,소스류,6,2,5.0,4,0,1,2025-04-16,2025-04 중순,0.0
070213,칠성)콜드오렌지250ml,유음료,냉장주스,3,2,5.0,2,1,0,2025-04-12,2025-04 중순,50.0
108713,빙그레)더단백멜론250ml,유음료,프로틴 음료,4,4,5.0,3,0,1,2025-04-14,2025-04 중순,0.0
093863,롯데)한끼밥상양파400g,신선,야채,5,3,5.0,5,0,0,2025-04-15,2025-04 중순,0.0
111992,롯데)목캔디허브(오리지날)38g,과자,캔디류,3,2,5.0,2,1,0,2025-04-16,2025-04 중순,50.0
105575,삼립)빚은대박우유찹쌀떡95g,디저트,떡,3,1,5.0,2,1,0,2025-04-16,2025-04 중순,50.0
150925,디핀)구슬 바나나스플릿,아이스크림,고급,3,2,5.0,2,1,0,2025-04-12,2025-04 중순,50.0
201879,칠성)아이시스(8.0)1L,음료,생수,3,1,5.0,2,1,0,2025-04-11,2025-04 중순,50.0
115573,맥코넬스 700ml,양주와인,양주,4,4,5.0,3,0,1,2025-04-17,2025-04 중순,0.0
400925,모나미)신신파프 핫(5입)_H,약품/의료품,의약외품,3,1,5.0,2,1,0,2025-04-12,2025-04 중순,50.0
153093,대상)순창초고추장300g(튜브),조미료/건물,장류,3,2,5.0,2,1,0,2025-04-16,2025-04 중순,50.0
180623,롯데)new청하화인300ml,전통주,기타전통주,3,1,5.0,2,1,0,2025-04-11,2025-04 중순,50.0
112123,크라운)새콤달콤복숭아29g,과자,캔디류,3,2,5.0,2,1,0,2025-04-14,2025-04 중순,50.0
124496,와일드무어 30년,양주와인,양주,3,3,5.0,1,0,2,2025-04-12,2025-04 중순,0.0
202383,쥬맥스)모구모구(딸기)320ml,음료,주스,3,1,5.0,2,1,0,2025-04-15,2025-04 중순,50.0
105140,웰그린)석류에이드230ml,즉석음료,파우치,5,3,5.0,3,1,0,2025-04-11,2025-04 중순,33.3333
123652,하림)맛닭가슴살오징어100g,냉장,냉장간식,4,2,5.0,1,1,1,2025-04-11,2025-04 중순,100.0
109926,디콘 700ml,양주와인,양주,5,5,5.0,5,0,0,2025-04-14,2025-04 중순,0.0
601557,롯데)프리미엄가나다크밀크블렌,과자,초콜릿,5,4,5.0,2,0,2,2025-04-11,2025-04 중순,0.0
073724,PB)촉촉닭안심바바질80g,냉장,냉장간식,4,4,5.0,3,0,1,2025-04-13,2025-04 중순,0.0
107495,삼립)탕종달콤연유샌드95g,빵,간식빵,4,4,5.0,3,0,1,2025-04-14,2025-04 중순,0.0
153033,대상)명란바사삭김(6입),조미료/건물,건해산물,3,1,5.0,1,0,2,2025-04-12,2025-04 중순,0.0
170430,제주)제주위트에일500ml캔,맥주,국산맥주,5,2,5.0,3,1,0,2025-04-19,2025-04 중순,33.3333
201871,동서)레드불에너지355ml,음료,기능성드링크,3,1,5.0,2,1,0,2025-04-13,2025-04 중순,50.0
119598,트롤리)애플향팝스100g,과자,젤리류,5,4,5.0,5,0,0,2025-04-11,2025-04 중순,0.0
109961,마르텔꼬르동블루700ml,양주와인,양주,5,4,5.0,5,0,0,2025-04-11,2025-04 중순,0.0
124230,히비키 하모니,양주와인,양주,7,7,5.0,0,0,4,2025-04-11,2025-04 중순,0.0
115333,롯데)밀크캬라멜,과자,캔디류,7,4,5.0,2,2,0,2025-04-11,2025-04 중순,100.0
109879,월계관 쥰마이750ml,전통주,기타전통주,4,3,5.0,3,0,1,2025-04-11,2025-04 중순,0.0
105948,마즈)비카인드다크씨솔트40g,과자,프로틴/시리얼,5,2,5.0,3,1,0,2025-04-11,2025-04 중순,33.3333
124568,동아제약)얼박_샤인머스캣230ml,즉석음료,파우치,5,3,5.0,3,1,0,2025-04-12,2025-04 중순,33.3333
117267,마즈)이클립스복숭아34g,과자,캔디류,5,5,5.0,5,0,0,2025-04-11,2025-04 중순,0.0
115469,주라 12년 700ml,양주와인,양주,5,5,5.0,5,0,0,2025-04-11,2025-04 중순,0.0
220665,CJ)햇반오곡밥210g,가공식품,가공미반류,4,4,5.0,3,0,1,2025-04-14,2025-04 중순,0.0
601395,에이스)초코동물모양비스킷50G,과자,비스킷류,3,2,5.0,1,0,2,2025-04-14,2025-04 중순,0.0
123540,이스까이 시라 비오니에,양주와인,와인,5,4,5.0,5,0,0,2025-04-11,2025-04 중순,0.0
124558,해태)자일리톨아카시아용기90g,과자,껌,3,2,5.0,2,1,0,2025-04-19,2025-04 중순,50.0
140725,오뚜기)단호박죽285g,가공식품,가공미반류,3,2,5.0,2,1,0,2025-04-13,2025-04 중순,50.0
401935,유한)해피홈슈퍼쿨파스5입_H,약품/의료품,의약외품,3,1,5.0,2,1,0,2025-04-12,2025-04 중순,50.0
600914,이멕스)헬로키티껌27g,과자,껌,4,2,5.0,1,1,1,2025-04-15,2025-04 중순,100.0
111764,해광)프레첼갈릭버터85g,과자,스낵류,3,2,5.0,2,1,0,2025-04-18,2025-04 중순,50.0
230546,동서)맥심모카골드180입,건강/기호식품,커피,3,2,5.0,2,1,0,2025-04-14,2025-04 중순,50.0
113153,글렌알라키 싱글몰트위스키 10년 스패니시 오크 700ml,양주와인,양주,5,5,5.0,5,0,0,2025-04-13,2025-04 중순,0.0
108798,취영루)담백물만두165g,냉동,냉동만두,5,3,5.0,5,0,0,2025-04-11,2025-04 중순,0.0
191928,제이스)발두지화이트750ml,양주와인,와인,5,5,5.0,5,0,0,2025-04-12,2025-04 중순,0.0
108447,호재준)냉동망고150g,냉동,신선냉동,3,2,5.0,2,1,0,2025-04-14,2025-04 중순,50.0
412218,듀라셀)디럭스AA2입_H,일용잡화,건전지,3,2,5.0,2,1,0,2025-04-16,2025-04 중순,50.0
420582,모나미)친환경투명풀_H,문구/완구,일반문구,3,2,5.0,2,1,0,2025-04-12,2025-04 중순,50.0
070127,매일)우유속딸기300ml,유음료,가공우유,3,2,5.0,1,0,2,2025-04-16,2025-04 중순,0.0
124690,PB)복숭아아이스티1.5L,즉석음료,파우치,5,3,5.0,5,0,0,2025-04-12,2025-04 중순,0.0
202300,칠성)핫식스더킹포스355ml,음료,기능성드링크,9,8,5.0,5,1,0,2025-04-11,2025-04 중순,20.0
124551,빙그레)팝콘붕어싸만코150ml,아이스크림,노벨티,3,1,5.0,2,1,0,2025-04-11,2025-04 중순,50.0
200394,롯데)옐로우테일쉬라즈750ml,양주와인,와인,4,4,5.0,3,0,1,2025-04-12,2025-04 중순,0.0
124047,델토리)스웨디시스타일딸기홀릭47g,과자,초콜릿,5,2,5.0,3,1,0,2025-04-15,2025-04 중순,33.3333
113119,미클토어 디 오리지널 700ml,양주와인,양주,5,5,5.0,5,0,0,2025-04-11,2025-04 중순,0.0
118448,롯데)핵짱셔요후르츠50g,과자,젤리류,3,2,5.0,2,1,0,2025-04-12,2025-04 중순,50.0
030219,CJ)모닝두부2000,신선,야채,5,3,5.0,2,0,2,2025-04-15,2025-04 중순,0.0
123234,하이네켄500ml캔(24입),맥주,수입맥주,3,1,5.0,2,1,0,2025-04-12,2025-04 중순,50.0
124686,나무)드럼스틱모양젤리(딸기&밀크)50g,과자,젤리류,6,4,5.0,4,0,1,2025-04-14,2025-04 중순,0.0
105298,대호)Big헤이즐넛향320ml,즉석음료,파우치,3,1,5.0,2,1,0,2025-04-20,2025-04 중순,50.0
151698,동원)들기름도시락김9입,조미료/건물,건해산물,4,4,5.0,3,0,1,2025-04-12,2025-04 중순,0.0
124310,우드포드 리저브 버번 750ml,양주와인,양주,5,4,5.0,5,0,0,2025-04-13,2025-04 중순,0.0
150926,디핀)구슬 초콜릿,아이스크림,고급,3,2,5.0,2,1,0,2025-04-12,2025-04 중순,50.0
170897,칭따오논알콜레몬330ml24입,맥주,수입맥주,5,4,5.0,5,0,0,2025-04-11,2025-04 중순,0.0
100089,매일)로쉐T-3,과자,초콜릿,3,2,5.0,2,1,0,2025-04-11,2025-04 중순,50.0
109964,발렌타인30년 700ml,양주와인,양주,4,4,5.0,3,0,1,2025-04-11,2025-04 중순,0.0
353426,에스디)블랙옴므 올인원로션80ml_H,미용/화장품,남성화장품,3,1,5.0,2,1,0,2025-04-20,2025-04 중순,50.0
106997,롯데)빅단팥슈크림빵105g,빵,간식빵,3,2,5.0,2,1,0,2025-04-11,2025-04 중순,50.0
170453,오비)카스740ml캔,맥주,국산맥주,3,2,5.0,2,1,0,2025-04-11,2025-04 중순,50.0
150809,나뚜루) 초코컵,아이스크림,고급,5,5,5.0,5,0,0,2025-04-11,2025-04 중순,0.0
111330,롯데)자일리톨리필껌,과자,껌,5,2,5.0,3,1,0,2025-04-11,2025-04 중순,33.3333
200104,칠성)스카치블루450ml,양주와인,양주,5,5,5.0,5,0,0,2025-04-11,2025-04 중순,0.0
113180,다렌버그 폴리750ml ,양주와인,와인,5,5,5.0,5,0,0,2025-04-11,2025-04 중순,0.0
601282,동서)오곡코코볼컵30g,과자,비스킷류,3,3,5.0,1,0,2,2025-04-12,2025-04 중순,0.0
191256,롯데)옐로우테일까버네187ml,양주와인,와인,5,4,5.0,5,0,0,2025-04-16,2025-04 중순,0.0
161690,썬푸드)한치&땅콩55g,안주,오징어,5,1,5.0,2,0,2,2025-04-16,2025-04 중순,0.0
107549,오츠카)소이조이애플30g,과자,프로틴/시리얼,3,2,5.0,2,1,0,2025-04-17,2025-04 중순,50.0
113577,롯데)빈츠12입102g,과자,비스킷류,3,2,5.0,2,1,0,2025-04-11,2025-04 중순,50.0
240010,CJ)하얀설탕1kg,조미료/건물,조미료,3,1,5.0,2,1,0,2025-04-20,2025-04 중순,50.0
162026,머거본)커피땅콩60g,안주,너트류,3,1,5.0,2,1,0,2025-04-13,2025-04 중순,50.0
124786,천하)구카누가필링크래커100g,과자,비스킷류,3,1,5.0,2,1,0,2025-04-15,2025-04 중순,50.0
124792,유앤)한입땅콩꽈배기g,과자,스낵류,5,4,5.0,3,1,0,2025-04-11,2025-04 중순,33.3333
108068,나뚜루)알폰소망고소르베컵100ml(비건),아이스크림,고급,4,3,5.0,3,0,1,2025-04-11,2025-04 중순,0.0
124960,로로)수건모양아이스케익바닐라,아이스크림,고급,4,3,5.0,3,0,1,2025-04-12,2025-04 중순,0.0
815125,칠성)건강기원세트,음료,선물세트,3,1,5.0,2,1,0,2025-04-16,2025-04 중순,50.0
160691,칠성)밀키스２５０ｍｌ캔,음료,탄산음료,3,1,5.0,2,1,0,2025-04-20,2025-04 중순,50.0
108774,유한)좋은느낌울트라날개대4P,위생용품,생리대,5,3,5.0,5,0,0,2025-04-13,2025-04 중순,0.0
109919,세익크리드그랑리져브(6입),양주와인,와인,4,3,5.0,3,0,1,2025-04-12,2025-04 중순,0.0
162405,아라)바프허니버터오징어튀김100,안주,스낵안주,4,3,5.0,3,0,1,2025-04-12,2025-04 중순,0.0
123535,9 라이브스 리저브 소비뇽 블랑,양주와인,와인,5,5,5.0,5,0,0,2025-04-11,2025-04 중순,0.0
390517,무궁화)하얀비누230g_H,가정용품,세제류,3,1,5.0,2,1,0,2025-04-20,2025-04 중순,50.0
354098,센카클레이클렌징폼120g_H,미용/화장품,여성화장품,3,2,5.0,2,1,0,2025-04-12,2025-04 중순,50.0
160052,칠성)칠성사이다500ml,음료,탄산음료,3,2,5.0,2,1,0,2025-04-11,2025-04 중순,50.0
121662,PB)NEW옥수수수염차25입,건강/기호식품,차,3,2,5.0,2,1,0,2025-04-16,2025-04 중순,50.0
062510,덴마크)드링킹플레인275ml,유음료,요구르트,3,3,5.0,1,0,2,2025-04-14,2025-04 중순,0.0
401830,올텍트일회용마스크3입(국산)_H,약품/의료품,의약외품,3,2,5.0,2,1,0,2025-04-15,2025-04 중순,50.0
107203,우진)조셉페리에로얄브뤼750ml,양주와인,와인,5,5,5.0,5,0,0,2025-04-11,2025-04 중순,0.0
202308,OKF)샤인머스켓500ml,음료,주스,3,1,5.0,2,1,0,2025-04-16,2025-04 중순,50.0
062186,덴마크)인포켓치즈트러플20g,유음료,유제품,5,2,5.0,5,0,0,2025-04-13,2025-04 중순,0.0
351295,니베아)립케어 모이스춰_H,미용/화장품,여성화장품,3,2,5.0,2,1,0,2025-04-15,2025-04 중순,50.0
180909,롯데)순하리레몬진4.5 500ml캔,전통주,기타전통주,4,4,5.0,3,0,1,2025-04-11,2025-04 중순,0.0
391072,유한)좋은느낌유기농순면중형14P,위생용품,생리대,5,5,5.0,5,0,0,2025-04-13,2025-04 중순,0.0
109756,삼경)필러즈바나나구미56g,과자,젤리류,3,2,5.0,2,1,0,2025-04-17,2025-04 중순,50.0
106715,빙그레)사이즈업벤티헤이즐넛600ml,음료,커피음료,5,2,5.0,3,1,0,2025-04-14,2025-04 중순,33.3333
160711,농심)웰치스포도３５５ｍｌ캔,음료,탄산음료,3,2,5.0,2,1,0,2025-04-16,2025-04 중순,50.0
201985,쥬맥스)모구모구(요구르트)320ml,음료,주스,5,2,5.0,3,1,0,2025-04-15,2025-04 중순,33.3333
150630,하겐)컵녹차100ml,아이스크림,고급,7,5,5.0,4,1,0,2025-04-12,2025-04 중순,25.0
170917,하이트)켈리1.6L페트,맥주,국산맥주,3,2,5.0,2,1,0,2025-04-13,2025-04 중순,50.0
061126,남양)딸기에몽180ml,유음료,가공우유,3,1,5.0,2,1,0,2025-04-11,2025-04 중순,50.0
124688,삼립)주종발효초코크림소보루85g,빵,간식빵,5,3,5.0,3,1,0,2025-04-15,2025-04 중순,33.3333
123651,하림)맛닭가슴살새우100g,냉장,냉장간식,3,2,5.0,2,1,0,2025-04-13,2025-04 중순,50.0
120912,이디야)비니스트오리지널10입,건강/기호식품,커피,5,1,5.0,3,1,0,2025-04-12,2025-04 중순,33.3333
109786,엠즈)밤티라미수120g,디저트,냉장베이커리,4,4,5.0,3,0,1,2025-04-11,2025-04 중순,0.0
070329,동원)쿨피스복숭아450ml,유음료,냉장주스,5,2,5.0,3,1,0,2025-04-12,2025-04 중순,33.3333
108592,동원)불참치90g,가공식품,캔,3,1,5.0,2,1,0,2025-04-12,2025-04 중순,50.0
112727,네슬레)킷캣4핑거36g,과자,초콜릿,5,2,5.0,3,1,0,2025-04-15,2025-04 중순,33.3333
107778,K리그산리오)인형_위시미멜,문구/완구,일반완구,3,2,5.0,1,0,2,2025-04-15,2025-04 중순,0.0
109858,에비스맥주캔500ml(24입),맥주,수입맥주,3,1,5.0,2,1,0,2025-04-13,2025-04 중순,50.0
061966,매일)아몬드브리즈언스위트190ml,유음료,기능성우유,3,2,5.0,2,1,0,2025-04-13,2025-04 중순,50.0
109846,산미구엘페일필젠캔500ml(24입),맥주,수입맥주,6,3,5.0,4,0,1,2025-04-14,2025-04 중순,0.0
124724,인디)247블라스트레몬490ml캔,양주와인,하이볼,5,5,5.0,5,0,0,2025-04-14,2025-04 중순,0.0
102819,PB)커피우유500ml,유음료,가공우유,4,4,5.0,3,0,1,2025-04-12,2025-04 중순,0.0
160020,칠성)게토레이레몬240ml캔,음료,스포츠음료,5,3,5.0,3,1,0,2025-04-12,2025-04 중순,33.3333
113179,도멘 생 미셸 로제750ml ,양주와인,와인,4,4,5.0,3,0,1,2025-04-12,2025-04 중순,0.0
180260,한국술)인천생소성주750ml,전통주,막걸리,5,3,5.0,5,0,0,2025-04-11,2025-04 중순,0.0
105450,동원)아이스티(애플)500ml,음료,차음료,5,3,5.0,3,1,0,2025-04-12,2025-04 중순,33.3333
202516,칠성)더하다옥수수수염차500ml,음료,차음료,3,1,5.0,2,1,0,2025-04-20,2025-04 중순,50.0
124789,드림)훈와리메이진벚꽃모찌26g,과자,스낵류,4,4,5.0,3,0,1,2025-04-12,2025-04 중순,0.0
200820,웅진)꿀홍삼180ml,음료,전통음료,3,1,5.0,2,1,0,2025-04-11,2025-04 중순,50.0
061751,빙그레)사이즈업아메리카노350ml,유음료,가공우유,4,2,5.0,1,1,1,2025-04-16,2025-04 중순,100.0
107816,K리그산리오)인형 키링_시나모롤,문구/완구,일반완구,5,4,5.0,5,0,0,2025-04-11,2025-04 중순,0.0
103431,농심)츄파춥스(50입),과자,캔디류,5,3,5.0,5,0,0,2025-04-13,2025-04 중순,0.0
200158,칠성)스카치블루350ml,양주와인,양주,5,5,5.0,5,0,0,2025-04-12,2025-04 중순,0.0
162356,케이)칸한우수제육포30g,안주,육포,3,2,5.0,2,1,0,2025-04-11,2025-04 중순,50.0
390463,피죤)액츠후레쉬(겸용)1.4L_H,가정용품,세제류,5,1,5.0,3,1,0,2025-04-20,2025-04 중순,33.3333
201107,칠성)아이시스2L(8.0),음료,생수,3,2,5.0,2,1,0,2025-04-11,2025-04 중순,50.0
200694,칠성)칸타타콜드브루블랙275ml,음료,커피음료,5,2,5.0,3,1,0,2025-04-17,2025-04 중순,33.3333
192544,제이콥스크릭클래식샤도네이,양주와인,와인,5,5,5.0,5,0,0,2025-04-11,2025-04 중순,0.0
109328,오뚜기)마라탕밥(컵밥),가공식품,가공미반류,5,3,5.0,5,0,0,2025-04-11,2025-04 중순,0.0
831045,피죤)퓨어애플밤주방세제750ml_H,가정용품,세제류,3,2,5.0,2,1,0,2025-04-12,2025-04 중순,50.0
240013,CJ)백설다목적밀가루1kg,조미료/건물,분말가루,5,3,5.0,3,1,0,2025-04-12,2025-04 중순,33.3333
073275,삼립)강릉식장칼국수206g,냉장,냉장간편식,5,4,5.0,5,0,0,2025-04-15,2025-04 중순,0.0
191116,브라운)잭다니엘스허니200ml,양주와인,양주,5,4,5.0,5,0,0,2025-04-11,2025-04 중순,0.0
123547,크라켄블랙스파이스럼,양주와인,양주,5,5,5.0,5,0,0,2025-04-11,2025-04 중순,0.0
117122,롯데)스카치캔디2500,과자,캔디류,5,3,5.0,3,1,0,2025-04-14,2025-04 중순,33.3333
106921,우리술)복숭아동동750ml,전통주,막걸리,5,3,5.0,5,0,0,2025-04-13,2025-04 중순,0.0
132144,농심)김치큰사발,면,용기면,3,2,5.0,2,1,0,2025-04-16,2025-04 중순,50.0
122203,이디야)모카블렌드커피믹스20입,건강/기호식품,커피,3,1,5.0,2,1,0,2025-04-17,2025-04 중순,50.0
124212,돈멜초2021,양주와인,와인,5,5,5.0,5,0,0,2025-04-11,2025-04 중순,0.0
123615,서주)망고쏙연유바70ml,아이스크림,노벨티,5,3,5.0,3,1,0,2025-04-11,2025-04 중순,33.3333
600775,롯데)왓따맹고말고망고23g,과자,껌,3,2,5.0,2,1,0,2025-04-15,2025-04 중순,50.0
123956,랩노쉬)프로틴파인트피넛버터474ml,아이스크림,고급,5,3,5.0,5,0,0,2025-04-17,2025-04 중순,0.0
123391,리치)럭히밥XXL로제떡볶이710g,냉장,냉장간편식,5,4,5.0,5,0,0,2025-04-13,2025-04 중순,0.0
109944,아벨라워14년 700ml,양주와인,양주,4,3,5.0,3,0,1,2025-04-12,2025-04 중순,0.0
161211,광동)옥수수수염차340ml,음료,차음료,3,3,5.0,1,0,2,2025-04-14,2025-04 중순,0.0
161829,정화)빅굿다리40g,안주,오징어,3,1,5.0,2,1,0,2025-04-12,2025-04 중순,50.0
094700,돌코리아)건망고(80g),신선,과일,3,2,5.0,2,1,0,2025-04-15,2025-04 중순,50.0
124216,동국)마데카스페셜패치30매_H,약품/의료품,의약외품,5,4,5.0,5,0,0,2025-04-11,2025-04 중순,0.0
124550,서주)허쉬초코콘150ml,아이스크림,노벨티,4,4,5.0,3,0,1,2025-04-12,2025-04 중순,0.0
105965,쟈뎅)아메리카노스위트1.5L,즉석음료,파우치,6,3,5.0,4,0,1,2025-04-15,2025-04 중순,0.0
107790,K리그산리오)인형_마이멜로디,문구/완구,일반완구,4,4,5.0,3,0,1,2025-04-11,2025-04 중순,0.0
123865,레미마틴 XO 700ml,양주와인,양주,4,4,5.0,3,0,1,2025-04-14,2025-04 중순,0.0
123976,사쿠라 준마이,전통주,기타전통주,4,4,5.0,3,0,1,2025-04-11,2025-04 중순,0.0
202694,칠성)핫식스제로250ml,음료,기능성드링크,3,2,5.0,2,1,0,2025-04-15,2025-04 중순,50.0
161607,머거본)맛땅콩40g,안주,너트류,3,2,5.0,2,1,0,2025-04-17,2025-04 중순,50.0
201151,칠성)칸타타카라멜마키아토275ml,음료,커피음료,3,2,5.0,2,1,0,2025-04-12,2025-04 중순,50.0
121026,네슬레)수프리모병100g,건강/기호식품,커피,3,1,5.0,2,1,0,2025-04-14,2025-04 중순,50.0
202670,코카)코카콜라제로레몬355ml,음료,탄산음료,4,2,5.0,0,0,3,2025-04-13,2025-04 중순,0.0
202492,코카)닥터페퍼500ml,음료,탄산음료,5,3,5.0,5,0,0,2025-04-12,2025-04 중순,0.0
123379,비네암 바이오 풀 AOC 보르도,양주와인,와인,4,4,5.0,3,0,1,2025-04-11,2025-04 중순,0.0
601314,코코)원피스캐릭마그넷9g,과자,캔디류,4,2,5.0,3,0,1,2025-04-13,2025-04 중순,0.0
112111,롯데)자일리톨F,과자,껌,3,2,5.0,2,1,0,2025-04-16,2025-04 중순,50.0
124427,CJ)하프칼로리참깨드레싱,조미료/건물,소스류,3,1,5.0,2,1,0,2025-04-13,2025-04 중순,50.0
105419,7P)블랙페퍼라이스크래커,과자,스낵류,4,3,5.0,3,0,1,2025-04-12,2025-04 중순,0.0
124591,대숲담양향화이트41도375ml,전통주,기타전통주,5,5,5.0,5,0,0,2025-04-11,2025-04 중순,0.0
202407,링티)링티제로500ml,음료,스포츠음료,7,7,5.0,6,0,0,2025-04-11,2025-04 중순,0.0
060726,서울)목장딸기요구르트225ml,유음료,요구르트,5,4,4.0,3,0,1,2025-04-16,2025-04 중순,0.0
109509,메디카)뷰티글루콜라겐부스터샷25ml,건강/기호식품,건강/이너뷰티,4,3,4.0,4,0,0,2025-04-11,2025-04 중순,0.0
106295,하림)더미식시래기된장국350g,가공식품,상온간편식,2,1,4.0,1,1,0,2025-04-15,2025-04 중순,100.0
170518,플래)에일의정석500ml캔,맥주,국산맥주,3,1,4.0,2,0,1,2025-04-17,2025-04 중순,0.0
222591,오뚜기)XO교자만두324g,냉동,냉동만두,3,3,4.0,2,0,1,2025-04-16,2025-04 중순,0.0
116331,MQ)켈로그크런치넛에너지바30g,과자,프로틴/시리얼,3,2,4.0,2,0,1,2025-04-16,2025-04 중순,0.0
381029,PB)세면타월(화이트)_H,패션잡화,시즌/소품,3,3,4.0,2,0,1,2025-04-14,2025-04 중순,0.0
124210,그라바스 델 마이포 시라 ,양주와인,와인,4,4,4.0,4,0,0,2025-04-13,2025-04 중순,0.0
390710,깨끗한)깨끗한나라물티슈10매,위생용품,티슈,4,3,4.0,2,1,0,2025-04-11,2025-04 중순,50.0
113126,미클토어 더 친커핀 원 700ml,양주와인,양주,4,4,4.0,4,0,0,2025-04-11,2025-04 중순,0.0
382317,남영)비비안압박스타킹(누드)_H,패션잡화,스타킹,4,4,4.0,4,0,0,2025-04-12,2025-04 중순,0.0
106028,해태)가루비감자칩55g,과자,스낵류,3,3,4.0,2,0,1,2025-04-11,2025-04 중순,0.0
240117,오뚜기)고소한참기름55ml,조미료/건물,식용유지,4,3,4.0,4,0,0,2025-04-12,2025-04 중순,0.0
818969,LG)뉴 퐁퐁400g_H,가정용품,세제류,2,1,4.0,1,1,0,2025-04-18,2025-04 중순,100.0
123998,피치)트위젤바나나모양젤리50g,과자,젤리류,2,1,4.0,1,1,0,2025-04-20,2025-04 중순,100.0
118338,마즈)이클립스스피아민트34g,과자,캔디류,4,3,4.0,2,1,0,2025-04-16,2025-04 중순,50.0
152983,훼밀리)S&B생와사비43g,조미료/건물,조미료,5,4,4.0,3,0,1,2025-04-13,2025-04 중순,0.0
109855,삿포로맥주캔500ml(24입),맥주,수입맥주,4,4,4.0,4,0,0,2025-04-12,2025-04 중순,0.0
123362,크레스만 그랑 리저브 메독,양주와인,와인,4,4,4.0,4,0,0,2025-04-12,2025-04 중순,0.0
109058,K)릴 솔리드3(새틴실버),담배,전자담배,4,2,4.0,4,0,0,2025-04-13,2025-04 중순,0.0
123971,네슬레)킷캣청키로투스,과자,초콜릿,2,1,4.0,1,1,0,2025-04-19,2025-04 중순,100.0
114857,코노수르 20배럴 까베르네소비뇽750ml,양주와인,와인,3,3,4.0,2,0,1,2025-04-11,2025-04 중순,0.0
190838,롯데)L와인까버네쇼비뇽750ml,양주와인,와인,4,4,4.0,4,0,0,2025-04-12,2025-04 중순,0.0
106805,삼립)꼬부기초코바닐라생크림빵,디저트,냉장베이커리,4,4,4.0,4,0,0,2025-04-11,2025-04 중순,0.0
123471,코폴라 다이아몬드 컬렉션 샤르도네,양주와인,와인,4,4,4.0,4,0,0,2025-04-11,2025-04 중순,0.0
106097,에이스)전주수제딸기초코파이75g,빵,구움과자,2,1,4.0,1,1,0,2025-04-20,2025-04 중순,100.0
109976,제주거멍에일500ml캔(24입),맥주,수입맥주,3,2,4.0,2,0,1,2025-04-13,2025-04 중순,0.0
106109,칠성)펩시제로파인355ml캔,음료,탄산음료,4,3,4.0,4,0,0,2025-04-16,2025-04 중순,0.0
390885,유한)좋은느낌입는오버4P,위생용품,생리대,4,4,4.0,4,0,0,2025-04-16,2025-04 중순,0.0
123359,알타비스타 비베 스위트 스파클링 NV,양주와인,와인,4,3,4.0,4,0,0,2025-04-14,2025-04 중순,0.0
390889,LG)바디피트볼록맞춤중형16P,위생용품,생리대,4,4,4.0,4,0,0,2025-04-12,2025-04 중순,0.0
107289,우양)박사마을곰핫도그120g,냉동,조리냉동,4,3,4.0,4,0,0,2025-04-11,2025-04 중순,0.0
107543,유앤)한입허니꽈배기450g,과자,스낵류,4,3,4.0,4,0,0,2025-04-11,2025-04 중순,0.0
123125,리치)럭히밥XXL마라떡볶이655g,냉장,냉장간편식,4,3,4.0,4,0,0,2025-04-16,2025-04 중순,0.0
202697,동화)비타천120ml,음료,기능성드링크,4,3,4.0,4,0,0,2025-04-12,2025-04 중순,0.0
201703,동서)TOP마스터라떼380ml,음료,커피음료,2,1,4.0,1,1,0,2025-04-14,2025-04 중순,100.0
191082,레뱅드)로쉐마제까베르네쇼비뇽,양주와인,와인,4,3,4.0,4,0,0,2025-04-11,2025-04 중순,0.0
072838,리치푸드)오리지널스모크닭다리1,냉장,냉장안주,3,2,4.0,2,0,1,2025-04-12,2025-04 중순,0.0
601537,에스씨)기가마시멜로우마일드,과자,캔디류,4,3,4.0,4,0,0,2025-04-15,2025-04 중순,0.0
401382,모나미)신신파프 쿨(5입)_H,약품/의료품,의약외품,2,1,4.0,1,1,0,2025-04-12,2025-04 중순,100.0
124884,하나코하쿠매실사케,전통주,기타전통주,4,4,4.0,4,0,0,2025-04-14,2025-04 중순,0.0
118204,청우)쫀득초코칩90g,과자,비스킷류,4,2,4.0,1,0,2,2025-04-14,2025-04 중순,0.0
371786,롯알)양면다목적수세미_H,가정용품,주방용품,2,1,4.0,1,1,0,2025-04-18,2025-04 중순,100.0
180411,서울탁)월매쌀막걸리750ml,전통주,막걸리,4,3,4.0,4,0,0,2025-04-13,2025-04 중순,0.0
162273,써라클)빼빼롱오징어다리,안주,오징어,2,1,4.0,1,1,0,2025-04-15,2025-04 중순,100.0
391031,LG)쏘피유기농100%무표백중형4P,위생용품,생리대,4,4,4.0,4,0,0,2025-04-12,2025-04 중순,0.0
123781,머거본)달고나아몬드40g,안주,너트류,3,3,4.0,2,0,1,2025-04-12,2025-04 중순,0.0
123493,달모어 2008빈티지 700ml,양주와인,양주,3,3,4.0,2,0,1,2025-04-12,2025-04 중순,0.0
109693,화요한글에디션3종세트,전통주,소주,4,4,4.0,4,0,0,2025-04-11,2025-04 중순,0.0
222165,오뚜기)바삭한빅핫도그120g,냉동,조리냉동,4,1,4.0,2,1,0,2025-04-12,2025-04 중순,50.0
191981,피터르만멘토,양주와인,와인,4,4,4.0,4,0,0,2025-04-13,2025-04 중순,0.0
111548,크라운)초코하임3300(9입),과자,비스킷류,2,1,4.0,1,1,0,2025-04-16,2025-04 중순,100.0
107013,CJ)백설꽃소금500g,조미료/건물,조미료,2,1,4.0,1,1,0,2025-04-14,2025-04 중순,100.0
220035,오뚜)3분쇠고기짜장200g,가공식품,상온간편식,2,1,4.0,1,1,0,2025-04-11,2025-04 중순,100.0
124314,올드 포레스터 750ml,양주와인,양주,6,5,4.0,5,0,0,2025-04-11,2025-04 중순,0.0
117195,롯데)초코쿠키빼빼로37g,과자,비스킷류,4,1,4.0,2,1,0,2025-04-11,2025-04 중순,50.0
161426,한양)숏다리20g ,안주,오징어,2,1,4.0,1,1,0,2025-04-19,2025-04 중순,100.0
190463,52-08_FJ)예거마이스터350ml,양주와인,양주,4,4,4.0,4,0,0,2025-04-13,2025-04 중순,0.0
124887,토트넘 No.7 백마킹 네이비 티셔츠_100,패션잡화,시즌/소품,4,3,4.0,4,0,0,2025-04-11,2025-04 중순,0.0
360717,PB)도루코터치3일회용면도기_H,H&B,면도용품,4,3,4.0,4,0,0,2025-04-17,2025-04 중순,0.0
114679,톨라이니 알 파쏘 IGT750ml,양주와인,와인,6,6,4.0,5,0,0,2025-04-13,2025-04 중순,0.0
122461,티젠)콤부차파인애플10T,건강/기호식품,차,4,4,4.0,4,0,0,2025-04-14,2025-04 중순,0.0
240015,CJ)백설튀김가루500g,조미료/건물,분말가루,2,1,4.0,1,1,0,2025-04-12,2025-04 중순,100.0
124755,삼립)런치킨크랜베리콤보샐러드,간식,샐러드(삭제예정),4,3,4.0,4,0,0,2025-04-11,2025-04 중순,0.0
170740,오비)카스제로500ml캔,맥주,무알콜맥주,3,3,4.0,2,0,1,2025-04-11,2025-04 중순,0.0
041457,뚜또)코코애플망고230g,디저트,젤리,2,1,4.0,1,1,0,2025-04-20,2025-04 중순,100.0
371058,롯알)위생호일_H,가정용품,주방용품,4,1,4.0,2,1,0,2025-04-12,2025-04 중순,50.0
162359,CJ)맛군밤60g,안주,농산안주,2,2,4.0,0,0,2,2025-04-16,2025-04 중순,0.0
834845,3월 도시락 구독,,,4,3,4.0,2,1,0,2025-04-11,2025-04 중순,50.0
122202,이디야)골드블렌드커피믹스20입,건강/기호식품,커피,4,1,4.0,4,0,0,2025-04-14,2025-04 중순,0.0
192080,스마일리멜롯750ml,양주와인,와인,4,4,4.0,4,0,0,2025-04-12,2025-04 중순,0.0
109876,월계관호린쥰마이다이긴죠720ml,전통주,기타전통주,4,3,4.0,4,0,0,2025-04-11,2025-04 중순,0.0
123408,하겐)파인트커피,아이스크림,고급,4,4,4.0,4,0,0,2025-04-11,2025-04 중순,0.0
162411,봄날)군고구마칩40g,안주,농산안주,3,2,4.0,2,0,1,2025-04-11,2025-04 중순,0.0
352525,LG)엘라스틴맨인매트스프레이200_H,미용/화장품,헤어스타일링,4,4,4.0,4,0,0,2025-04-15,2025-04 중순,0.0
601055,농심)포테토칩잭슨페퍼로니50g,과자,스낵류,4,2,4.0,1,0,2,2025-04-13,2025-04 중순,0.0
391071,유한)좋은느낌유기농순면중형3P,위생용품,생리대,4,4,4.0,4,0,0,2025-04-15,2025-04 중순,0.0
108070,칠성)펩시라임제로카페인500ml,음료,탄산음료,3,3,4.0,2,0,1,2025-04-14,2025-04 중순,0.0
115565,노마드 아웃랜드,양주와인,양주,2,2,4.0,0,0,2,2025-04-13,2025-04 중순,0.0
123467,무가 블랑코,양주와인,와인,4,4,4.0,4,0,0,2025-04-12,2025-04 중순,0.0
106908,오비)엘파500ml캔,양주와인,리쿼,5,2,4.0,3,0,1,2025-04-11,2025-04 중순,0.0
401902,휴마시스)자가검사키트2입,약품/의료품,의료기기,4,2,4.0,4,0,0,2025-04-11,2025-04 중순,0.0
105929,코카)몬스터에너지피치355ml,음료,기능성드링크,6,5,4.0,5,0,0,2025-04-11,2025-04 중순,0.0
107782,K리그산리오)인형_우사하나,문구/완구,일반완구,2,2,4.0,0,0,2,2025-04-17,2025-04 중순,0.0
450466,듀라셀)디럭스AAA2입_H,일용잡화,건전지,2,1,4.0,1,1,0,2025-04-17,2025-04 중순,100.0
109133,매일)바리스타락토프리라떼325ml,유음료,컵커피,4,4,4.0,4,0,0,2025-04-12,2025-04 중순,0.0
191935,디아블로 프리바다 까쇼,양주와인,와인,4,4,4.0,4,0,0,2025-04-11,2025-04 중순,0.0
117286,MZ)밀카밀크초코렛100g,과자,초콜릿,3,1,4.0,2,0,1,2025-04-11,2025-04 중순,0.0
191225,샤또에메750ml,양주와인,와인,4,4,4.0,4,0,0,2025-04-15,2025-04 중순,0.0
111995,롯데)목캔디믹스베리38g,과자,캔디류,2,1,4.0,1,1,0,2025-04-17,2025-04 중순,100.0
421489,모나미)3색볼펜3000_H,문구/완구,일반문구,4,2,4.0,2,1,0,2025-04-16,2025-04 중순,50.0
114332,삼립)크래프트치킨크림스프,가공식품,상온간편식,2,1,4.0,1,1,0,2025-04-15,2025-04 중순,100.0
123466,조쉬 샤르도네,양주와인,와인,4,3,4.0,4,0,0,2025-04-12,2025-04 중순,0.0
192569,반피엑셀수스750ml,양주와인,와인,4,4,4.0,4,0,0,2025-04-11,2025-04 중순,0.0
180648,롯데)new처음처럼360ml병,전통주,소주,4,2,4.0,4,0,0,2025-04-13,2025-04 중순,0.0
381492,제미)new남성스니커즈(회색)_H,패션잡화,양말,4,4,4.0,4,0,0,2025-04-18,2025-04 중순,0.0
202570,칠성)잔치집식혜500ml,음료,전통음료,3,3,4.0,2,0,1,2025-04-11,2025-04 중순,0.0
160730,칠성)델몬트혼합180ml12입,음료,선물세트,2,1,4.0,1,1,0,2025-04-20,2025-04 중순,100.0
123573,PB)디저트39커피우유500ml,유음료,가공우유,3,3,4.0,2,0,1,2025-04-16,2025-04 중순,0.0
109972,리베라까버네쇼비뇽750ml(6입),양주와인,와인,5,2,4.0,3,0,1,2025-04-12,2025-04 중순,0.0
110373,머거본)꿀땅콩135g,안주,너트류,2,2,4.0,0,0,2,2025-04-16,2025-04 중순,0.0
119350,롯데)왓따판박이(도라에몽),과자,껌,4,4,4.0,4,0,0,2025-04-12,2025-04 중순,0.0
361972,P&G)헤드앤숄더두피샴푸550ml_H,H&B,샴푸/린스,4,1,4.0,2,1,0,2025-04-20,2025-04 중순,50.0
061852,동원)쿨피스복숭아180ml,유음료,냉장주스,4,2,4.0,2,1,0,2025-04-12,2025-04 중순,50.0
391039,깨끗한)건강한순수한면대형14P,위생용품,생리대,4,2,4.0,4,0,0,2025-04-19,2025-04 중순,0.0
123787,삼진)1953어묵순살바80g(오징어맛),냉장,냉장간식,3,3,4.0,2,0,1,2025-04-13,2025-04 중순,0.0
107813,K리그산리오)인형 키링_쿠로미,문구/완구,일반완구,3,3,4.0,2,0,1,2025-04-12,2025-04 중순,0.0
119863,PB)체다치즈맛팝콘50g,과자,스낵류,3,3,4.0,2,0,1,2025-04-11,2025-04 중순,0.0
109764,에이스)데일리유기농애플사이다비니거15ml,건강/기호식품,차,4,4,4.0,4,0,0,2025-04-11,2025-04 중순,0.0
124613,오름주가다래와인3004 8도375ml(2입),전통주,기타전통주,4,4,4.0,4,0,0,2025-04-12,2025-04 중순,0.0
361532,동아)가그린제로100ml_H,H&B,치약,3,3,4.0,2,0,1,2025-04-14,2025-04 중순,0.0
070212,칠성)콜드포도250ml,유음료,냉장주스,2,1,4.0,1,1,0,2025-04-12,2025-04 중순,100.0
113143,세노테 아네호 700ml,양주와인,양주,4,4,4.0,4,0,0,2025-04-13,2025-04 중순,0.0
115470,주라 10년 글라스패키지 700ml,양주와인,양주,4,2,4.0,4,0,0,2025-04-11,2025-04 중순,0.0
103882,롯데)자일리톨알파용기6000,과자,껌,2,1,4.0,1,1,0,2025-04-18,2025-04 중순,100.0
109567,머거본)호두정과100g,안주,너트류,2,1,4.0,1,1,0,2025-04-16,2025-04 중순,100.0
109930,로얄샬루트21년 700ml,양주와인,양주,3,3,4.0,2,0,1,2025-04-12,2025-04 중순,0.0
053124,고래사)새우봉꼬치,즉석 식품,즉석간식,3,3,4.0,2,0,1,2025-04-11,2025-04 중순,0.0
161867,유동)얼큰한번데기탕280g,가공식품,캔,3,3,4.0,2,0,1,2025-04-13,2025-04 중순,0.0
361135,PB)미세모치약칫솔세트_H,H&B,칫솔치약세트,4,3,4.0,4,0,0,2025-04-12,2025-04 중순,0.0
192547,메종카스텔메를로750ml,양주와인,와인,4,4,4.0,4,0,0,2025-04-13,2025-04 중순,0.0
808523,51-04_페르)발렌타인17년500ml,양주와인,양주,3,3,4.0,2,0,1,2025-04-12,2025-04 중순,0.0
141437,샘표)밥도둑메추리알장조림150g,가공식품,상온간편식,3,3,4.0,2,0,1,2025-04-15,2025-04 중순,0.0
351543,LG)리엔흑모비책염모제(흑갈색)_H,미용/화장품,헤어스타일링,4,4,4.0,4,0,0,2025-04-11,2025-04 중순,0.0
391028,99.9%항균안심물티슈20매,위생용품,티슈,3,2,4.0,2,0,1,2025-04-13,2025-04 중순,0.0
109945,아벨라워16년 700ml,양주와인,양주,3,3,4.0,2,0,1,2025-04-12,2025-04 중순,0.0
162144,바프)와사비맛아몬드40g,안주,너트류,3,3,4.0,2,0,1,2025-04-15,2025-04 중순,0.0
202616,PB)런던의오후밀크티270ml,음료,차음료,3,2,4.0,2,0,1,2025-04-12,2025-04 중순,0.0
081445,CJ)얼큰우동221g(큰컵),냉장,냉장간편식,3,3,4.0,2,0,1,2025-04-16,2025-04 중순,0.0
108437,피치)두바이카다이프초콜릿80g,과자,초콜릿,3,3,4.0,2,0,1,2025-04-11,2025-04 중순,0.0
112183,롯데)칸쵸컵2700,과자,비스킷류,2,1,4.0,1,1,0,2025-04-12,2025-04 중순,100.0
121084,삼양사)상쾌환3입,건강/기호식품,숙취해소제,2,1,4.0,1,1,0,2025-04-12,2025-04 중순,100.0
141364,CJ)참치마요덮밥(컵반),가공식품,가공미반류,6,5,4.0,5,0,0,2025-04-11,2025-04 중순,0.0
151422,오뚜기)뉴슈가60g,조미료/건물,조미료,2,1,4.0,1,1,0,2025-04-13,2025-04 중순,100.0
062618,직납)아침미소그릭요구르트100g,유음료,요구르트,4,3,4.0,4,0,0,2025-04-15,2025-04 중순,0.0
123543,토마시 팔랑카 아를레치노,양주와인,와인,3,2,4.0,2,0,1,2025-04-16,2025-04 중순,0.0
222123,천일)매콤달달라볶이365g,냉동,냉동간편식,4,4,4.0,4,0,0,2025-04-13,2025-04 중순,0.0
200794,코카)미닛메이드허니유자280ml,음료,전통음료,2,1,4.0,1,1,0,2025-04-13,2025-04 중순,100.0
202780,광동)썬키스트허니유자280ml,음료,전통음료,4,1,4.0,2,1,0,2025-04-18,2025-04 중순,50.0
123367,또스띠 레드 아모레 NV,양주와인,와인,3,3,4.0,2,0,1,2025-04-12,2025-04 중순,0.0
062467,오리온)닥터유단백질프로250ml,유음료,프로틴 음료,6,6,4.0,5,0,0,2025-04-14,2025-04 중순,0.0
600839,롯데)치토스매콤달콤(대용량)164,과자,스낵류,3,3,4.0,2,0,1,2025-04-13,2025-04 중순,0.0
161988,씨드)촉촉철판구이오징어30g,안주,오징어,4,1,4.0,2,1,0,2025-04-16,2025-04 중순,50.0
832251,유한)좋은느낌입는오버나이트3P,위생용품,생리대,4,2,4.0,4,0,0,2025-04-17,2025-04 중순,0.0
107802,K리그산리오)인형 키링_위시미멜,문구/완구,일반완구,3,2,4.0,2,0,1,2025-04-14,2025-04 중순,0.0
370682,P&G)페브리즈에어(린넨스카이)_H,가정용품,방향제,2,1,4.0,1,1,0,2025-04-15,2025-04 중순,100.0
161578,정화)오징어의참맛30g,안주,오징어,2,1,4.0,1,1,0,2025-04-11,2025-04 중순,100.0
123162,필스너우르켈 330ml캔(24입),맥주,수입맥주,4,4,4.0,4,0,0,2025-04-14,2025-04 중순,0.0
390966,크리넥스)데코소프트3겹30X30롤,위생용품,티슈,2,1,4.0,1,1,0,2025-04-17,2025-04 중순,100.0
123468,크레스만 그랑 리저브 생떼밀리옹,양주와인,와인,4,3,4.0,4,0,0,2025-04-12,2025-04 중순,0.0
141695,유성)유동골빔면골뱅이95g,가공식품,캔,2,2,4.0,0,0,2,2025-04-12,2025-04 중순,0.0
141135,CJ)비비고차돌된장찌개460g,가공식품,상온간편식,4,1,4.0,2,1,0,2025-04-17,2025-04 중순,50.0
109885,핫카이산쥰마이다이긴죠,전통주,기타전통주,4,4,4.0,4,0,0,2025-04-13,2025-04 중순,0.0
390503,CJ)NEW참그린500g_H,가정용품,세제류,4,2,4.0,2,1,0,2025-04-11,2025-04 중순,50.0
192497,키노비700ml,양주와인,양주,4,4,4.0,4,0,0,2025-04-11,2025-04 중순,0.0
062565,오리온)닥터유단백질바나나250ml,유음료,프로틴 음료,3,3,4.0,2,0,1,2025-04-15,2025-04 중순,0.0
123686,오제키 원컵 엑스트라(5입) (캠핑추천),전통주,기타전통주,4,3,4.0,4,0,0,2025-04-14,2025-04 중순,0.0
118540,몽뜨)추억의쫀디기,과자,스낵류,2,1,4.0,1,1,0,2025-04-13,2025-04 중순,100.0
114665,해태)포키딸기,과자,비스킷류,3,3,4.0,2,0,1,2025-04-14,2025-04 중순,0.0
124107,롯데)클라우드논알롤릭350ml,맥주,무알콜맥주,2,1,4.0,1,1,0,2025-04-20,2025-04 중순,100.0
124436,옥토모어 15.1 700ml,양주와인,양주,3,3,4.0,2,0,1,2025-04-11,2025-04 중순,0.0
115303,돈훌리오 블랑코 750ml,양주와인,양주,3,2,4.0,2,0,1,2025-04-13,2025-04 중순,0.0
105923,삼립)정통크림미니샌드(4입),빵,간식빵,3,3,4.0,2,0,1,2025-04-11,2025-04 중순,0.0
110000,팔리니리몬첼로500ml,양주와인,리쿼,4,4,4.0,4,0,0,2025-04-11,2025-04 중순,0.0
124628,하늘)브라우니약과60g,과자,비스킷류,4,4,4.0,4,0,0,2025-04-13,2025-04 중순,0.0
123973,씨드)리얼닭가슴살칩오리지널30g,안주,스낵안주,4,4,4.0,4,0,0,2025-04-15,2025-04 중순,0.0
073501,동원)황금치킨닭가슴살오리지널,냉장,냉장간식,5,4,4.0,3,0,1,2025-04-15,2025-04 중순,0.0
220047,동원)라이트참치100g,가공식품,캔,2,1,4.0,1,1,0,2025-04-13,2025-04 중순,100.0
123264,위스트)미스터브라우니(벨지안초코칩)50g,과자,비스킷류,3,2,4.0,2,0,1,2025-04-15,2025-04 중순,0.0
230404,동서)맥심모카골드100입,건강/기호식품,커피,2,1,4.0,1,1,0,2025-04-19,2025-04 중순,100.0
420676,모나미)제도샤프_후크형_H,문구/완구,일반문구,2,1,4.0,1,1,0,2025-04-16,2025-04 중순,100.0
123462,로르나노 끼안띠 클라시코,양주와인,와인,4,4,4.0,4,0,0,2025-04-13,2025-04 중순,0.0
133735,종가집)맛김치200g,냉장,냉장간편식,5,3,4.0,3,0,1,2025-04-11,2025-04 중순,0.0
105934,스위트)트롤리피자젤리12g,과자,젤리류,4,3,4.0,4,0,0,2025-04-11,2025-04 중순,0.0
118577,미성)빅마시멜로100g,과자,캔디류,2,1,4.0,1,1,0,2025-04-12,2025-04 중순,100.0
114315,롯데)졸음번쩍껌,과자,껌,6,4,4.0,3,1,0,2025-04-11,2025-04 중순,33.3333
108516,하이포크)한돈목살300g,냉동,신선냉동,2,1,4.0,1,1,0,2025-04-12,2025-04 중순,100.0
191152,반피르리메,양주와인,와인,4,4,4.0,4,0,0,2025-04-14,2025-04 중순,0.0
072648,진주햄)천하장사70g,냉장,냉장간식,4,4,4.0,4,0,0,2025-04-13,2025-04 중순,0.0
201105,칠성)아이시스500ml(8.0),음료,생수,6,4,4.0,3,1,0,2025-04-14,2025-04 중순,33.3333
072487,대림)스노우크랩킹70g,냉장,냉장간식,4,2,4.0,1,0,2,2025-04-12,2025-04 중순,0.0
119777,로투스)비스코프샌드바닐라150g,과자,비스킷류,4,1,4.0,4,0,0,2025-04-15,2025-04 중순,0.0
220165,동원)라이트참치250g,가공식품,캔,2,1,4.0,1,1,0,2025-04-16,2025-04 중순,100.0
371960,피죤)고농축시그니처1L(플라워)_H,가정용품,세제류,2,1,4.0,1,1,0,2025-04-12,2025-04 중순,100.0
106817,삼립)피카피카바나나마들렌,빵,간식빵,3,3,4.0,2,0,1,2025-04-11,2025-04 중순,0.0
601561,미스티)산리오마이캘린더10g,과자,캔디류,4,3,4.0,4,0,0,2025-04-11,2025-04 중순,0.0
115779,오리온)후레쉬베리2입,과자,비스킷류,4,1,4.0,2,1,0,2025-04-16,2025-04 중순,50.0
191371,프로페시로제750ml,양주와인,와인,3,2,4.0,2,0,1,2025-04-12,2025-04 중순,0.0
124913,서주)초코츄로바90ml,아이스크림,노벨티,3,3,4.0,2,0,1,2025-04-13,2025-04 중순,0.0
113786,MQ)프링글스양파맛110g,과자,스낵류,3,2,4.0,2,0,1,2025-04-16,2025-04 중순,0.0
160809,웅진)내사랑유자C280ml펫,음료,전통음료,2,1,4.0,1,1,0,2025-04-14,2025-04 중순,100.0
118471,오리온)치즈뿌린치킨팝65g,과자,스낵류,4,3,4.0,4,0,0,2025-04-16,2025-04 중순,0.0
124615,제주동백14도375ml(2입),전통주,기타전통주,4,4,4.0,4,0,0,2025-04-12,2025-04 중순,0.0
062259,덴마크)얼라이브머스캣청포도250,유음료,냉장주스,4,1,4.0,2,1,0,2025-04-11,2025-04 중순,50.0
107045,삼립)미각초코소라빵90g,빵,간식빵,2,2,4.0,0,0,2,2025-04-14,2025-04 중순,0.0
124731,서주)허쉬이그조틱다크,아이스크림,노벨티,3,2,4.0,2,0,1,2025-04-13,2025-04 중순,0.0
170526,하이트)1664블랑330ml캔,맥주,수입맥주,4,2,4.0,2,1,0,2025-04-18,2025-04 중순,50.0
053169,숯불통다리,즉석 식품,즉석치킨(삭제예정),3,2,4.0,2,0,1,2025-04-14,2025-04 중순,0.0
124265,"3월 삼각김밥,김밥 구독(100원)",,,2,1,4.0,1,1,0,2025-04-11,2025-04 중순,100.0
093458,한스팜)1+등급란10입,신선,수축산/계란,2,1,4.0,1,1,0,2025-04-18,2025-04 중순,100.0
125005,글로브)도토리젤리15g,과자,젤리류,2,1,4.0,1,1,0,2025-04-12,2025-04 중순,100.0
094226,세븐팜)신선한1등급달걀(4입),신선,수축산/계란,4,4,4.0,4,0,0,2025-04-12,2025-04 중순,0.0
601705,농심)포테토칩먹태청양마요맛,과자,스낵류,4,2,4.0,4,0,0,2025-04-12,2025-04 중순,0.0
124864,토트넘 코커렐 메신저백,패션잡화,시즌/소품,4,4,4.0,4,0,0,2025-04-11,2025-04 중순,0.0
106861,빙그레)더단백딸기250ml,유음료,프로틴 음료,4,4,4.0,4,0,0,2025-04-11,2025-04 중순,0.0
211144,하겐)마카다미아넛브리틀80ml,아이스크림,고급,3,3,4.0,2,0,1,2025-04-12,2025-04 중순,0.0
110370,머거본)믹스너트135g,안주,너트류,4,2,4.0,2,1,0,2025-04-18,2025-04 중순,50.0
141694,오뚜기)베이컨감자스프180g,가공식품,상온간편식,4,3,4.0,4,0,0,2025-04-13,2025-04 중순,0.0
119883,롯데)아이스브레이커스체리36g,과자,캔디류,4,3,4.0,4,0,0,2025-04-12,2025-04 중순,0.0
150487,하겐)컵벨지안쵸코렛,아이스크림,고급,6,5,4.0,5,0,0,2025-04-12,2025-04 중순,0.0
161062,동서)스타벅스모카,음료,커피음료,6,3,4.0,3,1,0,2025-04-12,2025-04 중순,33.3333
105919,LG)고농축아우라1L(프레시릴리)_H,가정용품,세제류,4,4,4.0,4,0,0,2025-04-15,2025-04 중순,0.0
170499,플래)골목대장골드에일500ml캔,맥주,국산맥주,4,3,4.0,4,0,0,2025-04-15,2025-04 중순,0.0
191965,아멜리에 샤를스파 리베르테,양주와인,와인,4,4,4.0,4,0,0,2025-04-15,2025-04 중순,0.0
153098,부라보)스리라차핫칠리250g,조미료/건물,소스류,7,4,4.0,4,0,1,2025-04-12,2025-04 중순,0.0
052809,웰그린)스위트칠리소스,즉석 식품,즉석치킨,3,3,4.0,2,0,1,2025-04-16,2025-04 중순,0.0
220736,동원)리챔200g,가공식품,캔,4,3,4.0,4,0,0,2025-04-12,2025-04 중순,0.0
113150,글렌알라키 싱글몰트위스키 7년 헝가리안 오크 700ml,양주와인,양주,4,4,4.0,4,0,0,2025-04-11,2025-04 중순,0.0
123374,라포스톨 그랑 셀렉션 소비뇽블랑,양주와인,와인,4,4,4.0,4,0,0,2025-04-14,2025-04 중순,0.0
191936,에스쿠도로호 리제르바 까쇼,양주와인,와인,2,1,4.0,1,1,0,2025-04-11,2025-04 중순,100.0
170277,하이트)기린이치방350ml캔,맥주,수입맥주,4,3,4.0,4,0,0,2025-04-13,2025-04 중순,0.0
123608,오츠카)소이조이후르츠&치즈30g,과자,프로틴/시리얼,2,1,4.0,1,1,0,2025-04-20,2025-04 중순,100.0
124623,에이스)브릭벽돌초콜릿50g,과자,초콜릿,4,4,4.0,4,0,0,2025-04-14,2025-04 중순,0.0
390263,유한)펑크린_H,가정용품,세제류,2,1,4.0,1,1,0,2025-04-12,2025-04 중순,100.0
073512,PB)을지로촙촙면270g,냉장,냉장간편식,3,1,4.0,2,0,1,2025-04-12,2025-04 중순,0.0
106765,롯데)요리킥버터치킨카레170g,가공식품,상온간편식,2,1,4.0,1,1,0,2025-04-15,2025-04 중순,100.0
381368,PB)실크터치앵클(살구)_H,패션잡화,스타킹,2,1,4.0,1,1,0,2025-04-11,2025-04 중순,100.0
102014,롯데)자일리톨용기껌,과자,껌,6,4,4.0,3,1,0,2025-04-11,2025-04 중순,33.3333
180801,대선)대선소주640ml페트,전통주,소주,2,1,4.0,1,1,0,2025-04-14,2025-04 중순,100.0
141134,동원)리챔120g,가공식품,캔,2,1,4.0,1,1,0,2025-04-11,2025-04 중순,100.0
112736,SAMG)빛나핑새콤한사워젤리,과자,젤리류,2,1,4.0,1,1,0,2025-04-17,2025-04 중순,100.0
192030,롯데)루이마티니소노마까버네750,양주와인,와인,3,3,4.0,2,0,1,2025-04-12,2025-04 중순,0.0
352337,PB)순면멸균면봉(150입)_H,미용/화장품,미용소품,5,1,4.0,3,0,1,2025-04-18,2025-04 중순,0.0
450231,마즈)시져쇠고기와닭고기100G_H,일용잡화,반려동물용품,4,1,4.0,2,1,0,2025-04-15,2025-04 중순,50.0
601414,스위트)부르봉페투치니(포도)50g,과자,젤리류,3,3,4.0,2,0,1,2025-04-14,2025-04 중순,0.0
221210,CJ)비비고왕교자420g,냉동,냉동만두,3,3,4.0,2,0,1,2025-04-13,2025-04 중순,0.0
109931,로얄샬루트21년몰트 700ml,양주와인,양주,3,2,4.0,2,0,1,2025-04-13,2025-04 중순,0.0
201547,칠성)오렌지100 400ml,음료,주스,2,1,4.0,1,1,0,2025-04-15,2025-04 중순,100.0
108084,팔도)뽀로로샤인머스켓235ml,음료,주스,2,1,4.0,1,1,0,2025-04-12,2025-04 중순,100.0
361531,동아)가그린오리지널100ml_H,H&B,치약,3,3,3.0,3,0,0,2025-04-12,2025-04 중순,0.0
102816,PB)초코우유500ml,유음료,가공우유,2,2,3.0,1,0,1,2025-04-12,2025-04 중순,0.0
109724,칭따오논알콜500ml24입,맥주,무알콜맥주,3,3,3.0,3,0,0,2025-04-14,2025-04 중순,0.0
192134,조닌발폴리첼라리파소,양주와인,와인,3,3,3.0,3,0,0,2025-04-14,2025-04 중순,0.0
601384,미성)실카초콜릿(아몬드)38g,과자,초콜릿,3,3,3.0,3,0,0,2025-04-11,2025-04 중순,0.0
202241,빙그레)감성아메리카노500ml,음료,커피음료,4,4,3.0,2,0,1,2025-04-12,2025-04 중순,0.0
107480,PB)옥지의매운떡볶이~!(지옥맛),냉장,냉장간편식,3,2,3.0,3,0,0,2025-04-12,2025-04 중순,0.0
050366,뚜또)후르츠믹스230g,디저트,젤리,3,1,3.0,1,1,0,2025-04-18,2025-04 중순,100.0
062606,비알)초코나무숲밀키300ml,유음료,컵커피,3,3,3.0,3,0,0,2025-04-13,2025-04 중순,0.0
152280,CJ)올리브유500ml,조미료/건물,식용유지,3,2,3.0,3,0,0,2025-04-13,2025-04 중순,0.0
361434,라이온)아이깨끗해순250ml_H,H&B,화장비누/바디클렌저,3,1,3.0,3,0,0,2025-04-20,2025-04 중순,0.0
106774,PKJ)밀키쌀과자240g(우유맛),과자,스낵류,3,3,3.0,3,0,0,2025-04-14,2025-04 중순,0.0
093092,풀무원)하트연두부118g,신선,야채,4,1,3.0,2,0,1,2025-04-16,2025-04 중순,0.0
390928,유한)좋은는낌순면라이너롱18P,위생용품,생리대,3,3,3.0,3,0,0,2025-04-14,2025-04 중순,0.0
109153,하림)용가리불볶음면큰컵,면,용기면,3,3,3.0,3,0,0,2025-04-12,2025-04 중순,0.0
211143,PB)아이스요구르트170ml,아이스크림,노벨티,3,3,3.0,3,0,0,2025-04-11,2025-04 중순,0.0
362560,LG)엘라스틴프로틴컨디셔너480ml_H,H&B,샴푸/린스,5,4,3.0,4,0,0,2025-04-11,2025-04 중순,0.0
123163,필스너우르켈 330ml병(24입),맥주,수입맥주,2,2,3.0,1,0,1,2025-04-12,2025-04 중순,0.0
122508,네슬)스타벅스다크로스트10T,건강/기호식품,커피,3,2,3.0,3,0,0,2025-04-11,2025-04 중순,0.0
115433,달모어 15년 700ml,양주와인,양주,3,3,3.0,3,0,0,2025-04-16,2025-04 중순,0.0
123684,고쿠죠 아마구치,전통주,기타전통주,3,3,3.0,3,0,0,2025-04-11,2025-04 중순,0.0
071835,장충동)부드러운순살족발235g,냉장,냉장안주,3,2,3.0,3,0,0,2025-04-13,2025-04 중순,0.0
192527,부쉬밀오리지널700ml,양주와인,양주,3,3,3.0,3,0,0,2025-04-13,2025-04 중순,0.0
420684,제브라)3색볼펜_후크형_H,문구/완구,일반문구,3,3,3.0,3,0,0,2025-04-14,2025-04 중순,0.0
170255,칼스)칼스버그500ml캔,맥주,수입맥주,3,2,3.0,3,0,0,2025-04-16,2025-04 중순,0.0
123873,더 글렌그란트 15년,양주와인,양주,3,3,3.0,3,0,0,2025-04-11,2025-04 중순,0.0
108448,호재준)냉동딸기150g,냉동,신선냉동,3,2,3.0,3,0,0,2025-04-13,2025-04 중순,0.0
162142,바프)군옥수수맛아몬드40g,안주,너트류,2,2,3.0,1,0,1,2025-04-11,2025-04 중순,0.0
112572,롯데)이브껌,과자,껌,3,3,3.0,3,0,0,2025-04-15,2025-04 중순,0.0
061761,동서)맥심TOP라떼240ml,유음료,가공우유,3,2,3.0,3,0,0,2025-04-14,2025-04 중순,0.0
162358,바프)멸치아몬드구운양파맛100g,안주,너트류,3,3,3.0,3,0,0,2025-04-12,2025-04 중순,0.0
114705,코노수르 싱글빈야드 쉬라750ml,양주와인,와인,4,3,3.0,2,0,1,2025-04-12,2025-04 중순,0.0
152338,CJ)명품구운소금180g,조미료/건물,조미료,2,1,3.0,1,0,1,2025-04-15,2025-04 중순,0.0
072987,동원)양반전복죽287.5g(냉장),냉장,냉장간편식,3,2,3.0,3,0,0,2025-04-16,2025-04 중순,0.0
109963,발렌타인21년 500ml,양주와인,양주,3,3,3.0,3,0,0,2025-04-14,2025-04 중순,0.0
117150,롯데)도리토스갈비천왕84g,과자,스낵류,3,3,3.0,3,0,0,2025-04-11,2025-04 중순,0.0
124855,토트넘 머플러,패션잡화,시즌/소품,3,2,3.0,1,1,0,2025-04-11,2025-04 중순,100.0
123848,윈저21년 500ml,양주와인,양주,2,1,3.0,1,0,1,2025-04-13,2025-04 중순,0.0
180808,롯데)처음처럼500ml페트,전통주,소주,3,2,3.0,3,0,0,2025-04-13,2025-04 중순,0.0
119089,빙그레)야채타임70g,과자,스낵류,2,2,3.0,1,0,1,2025-04-16,2025-04 중순,0.0
210825,해태)탱크보이120ml,아이스크림,노벨티,3,3,3.0,3,0,0,2025-04-17,2025-04 중순,0.0
123778,스미)감숙왕화이트초코바나나칩45g,안주,농산안주,3,2,3.0,3,0,0,2025-04-12,2025-04 중순,0.0
124787,천하)구카솔티커피누가크래커100g,과자,비스킷류,3,3,3.0,3,0,0,2025-04-14,2025-04 중순,0.0
113144,발블레어 12년 700ml,양주와인,양주,2,2,3.0,1,0,1,2025-04-12,2025-04 중순,0.0
113693,마틴밀러스 진700ml,양주와인,양주,3,2,3.0,3,0,0,2025-04-12,2025-04 중순,0.0
200894,광동)힘찬하루헛개차340ml,음료,차음료,3,2,3.0,1,1,0,2025-04-16,2025-04 중순,100.0
123770,HY)길디필스너568ml캔,맥주,수입맥주,2,2,3.0,1,0,1,2025-04-12,2025-04 중순,0.0
105864,칠성)칸타타스위트아몬드제로230ml,즉석음료,파우치,3,1,3.0,1,1,0,2025-04-18,2025-04 중순,100.0
122640,초월홍삼)발효홍삼진15ml,건강/기호식품,건강/이너뷰티,3,2,3.0,3,0,0,2025-04-16,2025-04 중순,0.0
170604,하이네)타이거자몽500ml,맥주,수입맥주,3,2,3.0,3,0,0,2025-04-12,2025-04 중순,0.0
361290,유한양행)덴탈케어울트라치실_H,H&B,칫솔,2,2,3.0,1,0,1,2025-04-16,2025-04 중순,0.0
354112,마녀공장)퓨어클렌징티슈20입_H,미용/화장품,여성화장품,3,3,3.0,3,0,0,2025-04-12,2025-04 중순,0.0
093126,롯데)컷팅사과&방울토마토150g,신선,과일,3,2,3.0,3,0,0,2025-04-11,2025-04 중순,0.0
123938,펜폴즈 쿠능가 힐 샤르도네,양주와인,와인,3,3,3.0,3,0,0,2025-04-11,2025-04 중순,0.0
123682,니시노세키 쿠니사키 토쿠베츠혼죠조,전통주,기타전통주,3,3,3.0,3,0,0,2025-04-12,2025-04 중순,0.0
381200,신영)비너스판타롱(살구)_H,패션잡화,스타킹,3,3,3.0,3,0,0,2025-04-18,2025-04 중순,0.0
162253,안주야)먹태청양데리야끼맛25g,안주,생선류,3,3,3.0,3,0,0,2025-04-12,2025-04 중순,0.0
105707,올리)얼음컵(그란데),즉석음료,얼음,3,3,3.0,3,0,0,2025-04-12,2025-04 중순,0.0
053211,대왕튀김만두,즉석 식품,즉석치킨,3,3,3.0,3,0,0,2025-04-13,2025-04 중순,0.0
113654,페이머스 그라우스700ml,양주와인,양주,3,3,3.0,3,0,0,2025-04-13,2025-04 중순,0.0
170300,비어)칭따오맥주500ml캔,맥주,수입맥주,7,5,3.0,3,1,0,2025-04-11,2025-04 중순,33.3333
600832,미스티)마이키링(원피스)10g,과자,캔디류,3,3,3.0,3,0,0,2025-04-16,2025-04 중순,0.0
070621,빙그레)바나나라이트240ml,유음료,가공우유,2,2,3.0,1,0,1,2025-04-16,2025-04 중순,0.0
201979,팔도)뽀로로보리차220ml,음료,차음료,3,2,3.0,3,0,0,2025-04-12,2025-04 중순,0.0
108481,썬푸드)오잉츄40g,안주,오징어,2,2,3.0,1,0,1,2025-04-16,2025-04 중순,0.0
107789,K리그산리오)인형_배드바츠마루,문구/완구,일반완구,2,2,3.0,1,0,1,2025-04-15,2025-04 중순,0.0
192491,마르텔VSOP700ml,양주와인,양주,3,3,3.0,3,0,0,2025-04-14,2025-04 중순,0.0
094200,세븐팜)GAP상추&깻잎80g(봉),신선,야채,2,2,3.0,1,0,1,2025-04-15,2025-04 중순,0.0
124505,하림)더미식유니자장덮밥소스150g,가공식품,상온간편식,3,3,3.0,3,0,0,2025-04-17,2025-04 중순,0.0
109890,하쿠시카 호화 쥰마이 다이긴죠 천년수,전통주,기타전통주,3,3,3.0,3,0,0,2025-04-12,2025-04 중순,0.0
123088,와일드 터키 라이,양주와인,양주,3,3,3.0,3,0,0,2025-04-11,2025-04 중순,0.0
601042,일신)쥬시드롭디퍼즈96g,과자,젤리류,3,2,3.0,3,0,0,2025-04-18,2025-04 중순,0.0
600784,오리온)톡핑아몬드그래놀라43g,과자,초콜릿,2,2,3.0,1,0,1,2025-04-14,2025-04 중순,0.0
180434,무학)좋은데이640ml,전통주,소주,3,1,3.0,1,1,0,2025-04-11,2025-04 중순,100.0
370987,PB)소주컵10입,가정용품,행락용품,3,1,3.0,1,1,0,2025-04-20,2025-04 중순,100.0
073611,고래사)프로틴바(랍스터)80g,냉장,냉장간식,3,3,3.0,3,0,0,2025-04-13,2025-04 중순,0.0
124719,삼립)씨티델리BBQ치킨&누들불케이노340g,냉장,냉장안주,3,3,3.0,3,0,0,2025-04-16,2025-04 중순,0.0
201698,코카)토레타500ml,음료,스포츠음료,2,2,3.0,1,0,1,2025-04-16,2025-04 중순,0.0
123816,1키키쿼카)에코백,과자,캔디류,3,3,3.0,3,0,0,2025-04-12,2025-04 중순,0.0
201504,광동)대추쌍화150ml,음료,기능성드링크,3,1,3.0,1,1,0,2025-04-18,2025-04 중순,100.0
124535,진주햄)천하장사콰트로치즈70g,냉장,냉장간식,3,3,3.0,3,0,0,2025-04-11,2025-04 중순,0.0
123572,PB)디저트39초코우유500ml,유음료,가공우유,2,2,3.0,1,0,1,2025-04-12,2025-04 중순,0.0
140889,CJ)비비고소고기미역국500g,가공식품,상온간편식,3,2,3.0,3,0,0,2025-04-11,2025-04 중순,0.0
119028,농심)츄파춥스탄산캔디15g,과자,캔디류,2,2,3.0,1,0,1,2025-04-17,2025-04 중순,0.0
202154,하이트)블랙보리라이트520ml,음료,차음료,2,2,3.0,1,0,1,2025-04-18,2025-04 중순,0.0
092391,돌코리아)후룻컵파인애플198g,신선,과일,3,3,3.0,3,0,0,2025-04-14,2025-04 중순,0.0
162300,바프)로스티드앤솔티드땅콩120g,안주,너트류,2,2,3.0,1,0,1,2025-04-16,2025-04 중순,0.0
401175,코리아)발렌타인플래티넘콘돔5입_H,약품/의료품,의약외품,3,3,3.0,3,0,0,2025-04-13,2025-04 중순,0.0
109909,구로기리시마,전통주,기타전통주,3,3,3.0,3,0,0,2025-04-11,2025-04 중순,0.0
109857,에비스맥주캔350ml(24입),맥주,수입맥주,3,3,3.0,3,0,0,2025-04-13,2025-04 중순,0.0
114735,에이원)핫도그젤리500,과자,젤리류,3,3,3.0,3,0,0,2025-04-12,2025-04 중순,0.0
192600,칠성)탐두12년700ml,양주와인,양주,3,2,3.0,3,0,0,2025-04-15,2025-04 중순,0.0
105287,푸드)순수얼음3kg,즉석음료,얼음,3,3,3.0,3,0,0,2025-04-12,2025-04 중순,0.0
123317,PB)안유성장수회관마늘한돈육포30g,안주,육포,3,3,3.0,3,0,0,2025-04-14,2025-04 중순,0.0
162354,아라움)BBQ치킨스낵황금올리브30,안주,스낵안주,2,1,3.0,1,0,1,2025-04-13,2025-04 중순,0.0
211646,벤앤제리스)쿠키도우파인트473ml,아이스크림,고급,2,2,3.0,1,0,1,2025-04-16,2025-04 중순,0.0
202446,코카)스프라이트제로355ml,음료,탄산음료,3,3,3.0,3,0,0,2025-04-11,2025-04 중순,0.0
353527,LG)핑크솔트클렌징폼200ml_H,미용/화장품,여성화장품,3,3,3.0,3,0,0,2025-04-11,2025-04 중순,0.0
107786,K리그산리오)인형_턱시도샘,문구/완구,일반완구,2,2,3.0,1,0,1,2025-04-17,2025-04 중순,0.0
107787,K리그산리오)인형_코로쿠리링,문구/완구,일반완구,2,2,3.0,1,0,1,2025-04-16,2025-04 중순,0.0
106930,팔도)비락식혜제로238ml,음료,전통음료,2,2,3.0,1,0,1,2025-04-13,2025-04 중순,0.0
108594,대상)안주야소곱창볶음한판200g,냉동,조리냉동,4,1,3.0,2,0,1,2025-04-15,2025-04 중순,0.0
093427,세븐팜)레몬2입,신선,과일,3,1,3.0,3,0,0,2025-04-18,2025-04 중순,0.0
191572,3월 와인 구독,,,4,3,3.0,2,0,1,2025-04-13,2025-04 중순,0.0
106780,해태)버터링딥황치즈103g,과자,비스킷류,3,1,3.0,0,0,2,2025-04-13,2025-04 중순,0.0
201908,쥬맥스)모구모구(리치)320ml,음료,주스,3,2,3.0,1,1,0,2025-04-16,2025-04 중순,100.0
124865,맨시티 No.9 마킹 스카이블루 티셔츠_95,패션잡화,시즌/소품,3,3,3.0,3,0,0,2025-04-11,2025-04 중순,0.0
108607,미스티)산리오자판기캔디30g,과자,캔디류,3,3,3.0,3,0,0,2025-04-15,2025-04 중순,0.0
123375,크레스만 모노폴 레드,양주와인,와인,3,3,3.0,3,0,0,2025-04-12,2025-04 중순,0.0
062359,이디야)돌체콜드브루300ml,유음료,컵커피,3,3,3.0,3,0,0,2025-04-12,2025-04 중순,0.0
192634,(사용안함)4월 와인 구독,,,3,2,3.0,0,0,2,2025-04-17,2025-04 중순,0.0
123685,노모노모 원컵(5입),전통주,기타전통주,3,3,3.0,3,0,0,2025-04-13,2025-04 중순,0.0
106202,오리온)초코파이하우스딸기12P,과자,비스킷류,3,3,3.0,3,0,0,2025-04-12,2025-04 중순,0.0
201075,코카)미닛프리미엄오렌지1.5L,음료,주스,3,2,3.0,3,0,0,2025-04-12,2025-04 중순,0.0
382318,남영)비비안압박스타킹(살구)_H,패션잡화,스타킹,3,3,3.0,3,0,0,2025-04-12,2025-04 중순,0.0
600791,PB)바프마카다미아봉봉60g,과자,초콜릿,3,3,3.0,3,0,0,2025-04-12,2025-04 중순,0.0
106029,롯데)더쌀로새우맛50g,과자,스낵류,3,2,3.0,0,0,2,2025-04-11,2025-04 중순,0.0
108998,티머니)카카오카드(투명)_라이언,서비스 상품,일반서비스,3,2,3.0,3,0,0,2025-04-13,2025-04 중순,0.0
106478,롯데)이지프로틴감자칩(소금빵맛)50g,과자,스낵류,2,2,3.0,1,0,1,2025-04-11,2025-04 중순,0.0
105478,서주)허쉬토피넛앤초코바90ml,아이스크림,노벨티,2,2,3.0,1,0,1,2025-04-11,2025-04 중순,0.0
124466,칠성)칸타타헤이즐넛500ml,즉석음료,파우치,2,2,3.0,1,0,1,2025-04-16,2025-04 중순,0.0
600341,하림)닭가슴살단백질바(너츠),과자,프로틴/시리얼,2,1,3.0,1,0,1,2025-04-14,2025-04 중순,0.0
240061,CJ)갈색설탕1kg,조미료/건물,조미료,5,3,3.0,2,1,0,2025-04-12,2025-04 중순,50.0
124432,피치)슬라이스구미80g,과자,젤리류,2,2,3.0,1,0,1,2025-04-11,2025-04 중순,0.0
420681,모나미)유성매직(흑)_후크형_H,문구/완구,일반문구,3,2,3.0,3,0,0,2025-04-13,2025-04 중순,0.0
123838,행사하리보)프리마베라80g,과자,젤리류,2,1,3.0,1,0,1,2025-04-17,2025-04 중순,0.0
191664,레뱅드)또스띠모스카토다스티750,양주와인,와인,3,3,3.0,3,0,0,2025-04-13,2025-04 중순,0.0
123995,엠탑)서울우유인삼꿀라떼원컵,건강/기호식품,원컵,2,2,3.0,1,0,1,2025-04-17,2025-04 중순,0.0
123136,삼립)미각애플시나몬롤90g,빵,간식빵,3,1,3.0,1,1,0,2025-04-16,2025-04 중순,100.0
360062,아우성콘돔3입돌출_H,약품/의료품,의약외품,3,1,3.0,3,0,0,2025-04-14,2025-04 중순,0.0
600917,일신)리콜라크랜베리40g,과자,캔디류,3,3,3.0,3,0,0,2025-04-16,2025-04 중순,0.0
107244,오리온)오감자어니언50g,과자,스낵류,2,2,3.0,1,0,1,2025-04-13,2025-04 중순,0.0
162394,바다원)어포튀각50g,안주,생선류,2,2,3.0,1,0,1,2025-04-14,2025-04 중순,0.0
160961,코카)레몬에이드350ml,음료,주스,4,2,3.0,2,0,1,2025-04-14,2025-04 중순,0.0
073364,고래사)어묵탕(얼큰한맛)360g,냉장,냉장간편식,2,2,3.0,1,0,1,2025-04-16,2025-04 중순,0.0
413524,동원)뉴트리스틱(참치연어)_H,일용잡화,반려동물용품,2,2,3.0,1,0,1,2025-04-12,2025-04 중순,0.0
201557,칠성)트레비(자몽)500ml,음료,생수,3,3,3.0,3,0,0,2025-04-12,2025-04 중순,0.0
170992,롯데)크러시500ml병,맥주,국산맥주,3,3,3.0,3,0,0,2025-04-12,2025-04 중순,0.0
192546,메종카스텔그랑리저브까버네,양주와인,와인,3,3,3.0,3,0,0,2025-04-11,2025-04 중순,0.0
109138,이너)유얼거트블루베리요거트190ml,유음료,요구르트,2,2,3.0,1,0,1,2025-04-16,2025-04 중순,0.0
123353,크레스만 그랑 리저브 보르도 레드,양주와인,와인,3,3,3.0,3,0,0,2025-04-12,2025-04 중순,0.0
108488,유앤)동결건조행성젤리,과자,젤리류,2,2,3.0,1,0,1,2025-04-13,2025-04 중순,0.0
123370,라포스톨 그랑 셀렉션 까르메네르,양주와인,와인,3,3,3.0,3,0,0,2025-04-11,2025-04 중순,0.0
170761,하이네)하이네켄실버500ml캔,맥주,수입맥주,4,3,3.0,2,0,1,2025-04-12,2025-04 중순,0.0
105702,오츠카)포카리스웨트340ml캔,음료,스포츠음료,2,2,3.0,1,0,1,2025-04-17,2025-04 중순,0.0
191416,롯데)트로이목마까버네쇼비뇽750,양주와인,와인,3,3,3.0,3,0,0,2025-04-12,2025-04 중순,0.0
124886,토트넘 No.7 백마킹 네이비 티셔츠_105,패션잡화,시즌/소품,3,3,3.0,3,0,0,2025-04-11,2025-04 중순,0.0
124065,유한)좋은느낌무표백대형14P,위생용품,생리대,3,3,3.0,3,0,0,2025-04-11,2025-04 중순,0.0
411371,도루코)PACE6중날휴대면도기1입_H,H&B,면도용품,3,1,3.0,3,0,0,2025-04-12,2025-04 중순,0.0
109908,사쓰마시라나미소주,전통주,기타전통주,3,2,3.0,3,0,0,2025-04-11,2025-04 중순,0.0
191941,미스티코브 소비뇽블랑,양주와인,와인,3,3,3.0,3,0,0,2025-04-14,2025-04 중순,0.0
109997,글렌고인 10년 ,양주와인,양주,3,3,3.0,3,0,0,2025-04-12,2025-04 중순,0.0
412956,벤투스)8핀분리형충전기(2포트)_H,일용잡화,휴대폰/주변기기,3,2,3.0,3,0,0,2025-04-12,2025-04 중순,0.0
191888,디카이퍼 민트 화이트700ml,양주와인,리쿼,3,3,3.0,3,0,0,2025-04-12,2025-04 중순,0.0
202677,동서)스타벅스헤이즐넛(병)281ml,음료,커피음료,2,1,3.0,1,0,1,2025-04-11,2025-04 중순,0.0
391069,유한)좋은느낌좋은순면수퍼롱10P,위생용품,생리대,3,3,3.0,3,0,0,2025-04-11,2025-04 중순,0.0
104653,롯데)허쉬쿠키앤크림화이트40g,과자,초콜릿,2,2,3.0,1,0,1,2025-04-11,2025-04 중순,0.0
107168,PB)미니헤어빗_H,미용/화장품,미용소품,3,3,3.0,3,0,0,2025-04-11,2025-04 중순,0.0
073170,CJ)맥스봉직화청양꼬치바90g,냉장,냉장간식,2,2,3.0,1,0,1,2025-04-11,2025-04 중순,0.0
181048,몽지람크리스탈550ml,전통주,기타전통주,3,3,3.0,3,0,0,2025-04-18,2025-04 중순,0.0
240035,오뚜기)골드마요네스500g,조미료/건물,소스류,3,2,3.0,1,1,0,2025-04-13,2025-04 중순,100.0
073313,비오케이)을지로꼬들라볶이235g,냉장,냉장간편식,3,2,3.0,1,1,0,2025-04-11,2025-04 중순,100.0
061634,매일)바리스타블랙325ml,유음료,컵커피,4,2,3.0,2,0,1,2025-04-12,2025-04 중순,0.0
381966,자코비)여성정장양말(검정)_H,패션잡화,양말,3,2,3.0,3,0,0,2025-04-14,2025-04 중순,0.0
105131,PB)허니복숭아에이드230ml,즉석음료,파우치,3,3,3.0,3,0,0,2025-04-15,2025-04 중순,0.0
123576,파 이스트 화이트 (6본입),맥주,수입맥주,3,3,3.0,3,0,0,2025-04-15,2025-04 중순,0.0
420680,모나미)네임펜_후크형_H,문구/완구,일반문구,3,3,3.0,3,0,0,2025-04-16,2025-04 중순,0.0
119826,마즈)엠앤엠즈블록밀크46g,과자,초콜릿,3,2,3.0,1,1,0,2025-04-13,2025-04 중순,100.0
109026,대상)고구마츄60g,안주,농산안주,3,3,3.0,3,0,0,2025-04-11,2025-04 중순,0.0
062608,hy)야쿠르트1971 450ml,유음료,요구르트,3,2,3.0,3,0,0,2025-04-17,2025-04 중순,0.0
180437,서울탁)장수국산생막걸리750ml,전통주,막걸리,3,3,3.0,3,0,0,2025-04-13,2025-04 중순,0.0
123777,스미)감숙왕밀크초코바나나칩45g,안주,농산안주,3,2,3.0,3,0,0,2025-04-18,2025-04 중순,0.0
105684,산토리)메이커스마크750ml,양주와인,양주,2,2,3.0,1,0,1,2025-04-11,2025-04 중순,0.0
108721,일신)클래식쌀쿠키300g,과자,스낵류,3,1,3.0,3,0,0,2025-04-16,2025-04 중순,0.0
081796,로투스)벨기에초코와플57g,빵,구움과자,5,3,3.0,2,1,0,2025-04-11,2025-04 중순,50.0
123350,로쉐마제 로제,양주와인,와인,3,3,3.0,3,0,0,2025-04-14,2025-04 중순,0.0
106250,피죤)액츠퍼펙트딥클린(겸용)1.4L_H,가정용품,세제류,3,1,3.0,3,0,0,2025-04-20,2025-04 중순,0.0
124575,명인한산소곡주18도700ml(2입),전통주,기타전통주,3,3,3.0,3,0,0,2025-04-11,2025-04 중순,0.0
124108,롯데)클라우드논알롤릭500ml,맥주,무알콜맥주,3,1,3.0,1,1,0,2025-04-15,2025-04 중순,100.0
109975,제주펠롱에일500ml캔(24입),맥주,수입맥주,3,2,3.0,3,0,0,2025-04-13,2025-04 중순,0.0
123957,PB)곱창볶음160g,냉동,조리냉동,3,3,3.0,3,0,0,2025-04-15,2025-04 중순,0.0
161180,칠성)칸타타아메리카노200ml,음료,커피음료,3,1,3.0,1,1,0,2025-04-18,2025-04 중순,100.0
421523,모나미)3색형광볼펜_H,문구/완구,일반문구,3,1,3.0,1,1,0,2025-04-16,2025-04 중순,100.0
109948,더 글렌리벳파운더스리저브 700ml,양주와인,양주,3,3,3.0,3,0,0,2025-04-11,2025-04 중순,0.0
105308,대호)벤티블랙아메리카노500ml,즉석음료,파우치,2,2,3.0,1,0,1,2025-04-11,2025-04 중순,0.0
210972,롯데)잇츠와플바닐라140ml,아이스크림,노벨티,3,3,3.0,3,0,0,2025-04-11,2025-04 중순,0.0
123474,로르나노 끼안띠 클라시코 리제르바 레 반디트,양주와인,와인,2,2,3.0,1,0,1,2025-04-13,2025-04 중순,0.0
324113,티머니)전국교통카드(그레이)_통,서비스 상품,일반서비스,3,2,3.0,3,0,0,2025-04-12,2025-04 중순,0.0
180200,오비)호가든330ml캔,맥주,수입맥주,3,3,3.0,3,0,0,2025-04-12,2025-04 중순,0.0
150924,디핀)구슬 레인보우,아이스크림,고급,3,1,3.0,1,1,0,2025-04-12,2025-04 중순,100.0
170860,롱보드라거병24입,맥주,수입맥주,2,2,3.0,1,0,1,2025-04-15,2025-04 중순,0.0
202491,동서)스타벅스더블샷바닐라275ml,음료,커피음료,3,2,3.0,3,0,0,2025-04-16,2025-04 중순,0.0
073331,삼립)로스트치킨(소금구이)210g,냉장,냉장안주,2,2,3.0,1,0,1,2025-04-12,2025-04 중순,0.0
108603,롯데)졸음번쩍에너지껌87g,과자,껌,3,1,3.0,3,0,0,2025-04-11,2025-04 중순,0.0
119464,하늘)약과도넛60g,과자,비스킷류,2,1,3.0,1,0,1,2025-04-12,2025-04 중순,0.0
132697,농심)신라면볶음면봉지,면,봉지면,3,3,3.0,3,0,0,2025-04-13,2025-04 중순,0.0
113163,조니워커레드 700ml,양주와인,양주,2,1,3.0,1,0,1,2025-04-13,2025-04 중순,0.0
119866,하리보)프리마베라80g,과자,젤리류,2,2,3.0,1,0,1,2025-04-14,2025-04 중순,0.0
124312,벤리악 10년 700ml,양주와인,양주,3,3,3.0,3,0,0,2025-04-12,2025-04 중순,0.0
108014,대림)크라비아180g(90gx2),냉장,냉장간식,2,1,3.0,1,0,1,2025-04-16,2025-04 중순,0.0
109052,PB)진짜주스사과당근245ml,음료,주스,2,2,3.0,1,0,1,2025-04-11,2025-04 중순,0.0
362597,LG)히말라야핑크솔트치약100g_H,H&B,치약,3,3,3.0,3,0,0,2025-04-15,2025-04 중순,0.0
113136,아녹 싱글 몰트 위스키 12년 700ml,양주와인,양주,2,2,3.0,1,0,1,2025-04-12,2025-04 중순,0.0
073531,롯데)의성마늘직꾸닭매콤100g,냉장,냉장간식,3,1,3.0,1,1,0,2025-04-16,2025-04 중순,100.0
202599,동원)투명이온500ml,음료,스포츠음료,3,2,3.0,3,0,0,2025-04-16,2025-04 중순,0.0
152086,대상)허브맛솔트(마늘양파),조미료/건물,조미료,2,2,3.0,1,0,1,2025-04-13,2025-04 중순,0.0
061633,매일)바리스타플라넬드립325ml,유음료,컵커피,3,2,3.0,1,1,0,2025-04-12,2025-04 중순,100.0
109288,빙그레)쿠앤크바피스타치오70ml,아이스크림,노벨티,5,4,3.0,4,0,0,2025-04-16,2025-04 중순,0.0
106092,대림)로얄크랩100g,냉장,냉장간식,2,2,3.0,1,0,1,2025-04-15,2025-04 중순,0.0
108160,선명)원더풀피스타치오(가염)150g,안주,너트류,2,2,3.0,1,0,1,2025-04-14,2025-04 중순,0.0
106964,마즈)트윅스엑스트라72g,과자,초콜릿,2,1,3.0,1,0,1,2025-04-15,2025-04 중순,0.0
109691,화요200ml3종선물세트2호,전통주,소주,3,3,3.0,3,0,0,2025-04-17,2025-04 중순,0.0
106524,칠성)게토레이제로600ml ,음료,스포츠음료,3,2,3.0,3,0,0,2025-04-15,2025-04 중순,0.0
190982,나라)몬테스클래식까버네쇼비뇽,양주와인,와인,3,3,3.0,3,0,0,2025-04-15,2025-04 중순,0.0
123681,키쿠스이 카라구치,전통주,기타전통주,3,2,3.0,3,0,0,2025-04-11,2025-04 중순,0.0
109953,발렌타인글렌버기18년 700ml,양주와인,양주,2,2,3.0,1,0,1,2025-04-15,2025-04 중순,0.0
125073,수정방웰베이,전통주,기타전통주,3,3,3.0,3,0,0,2025-04-11,2025-04 중순,0.0
123983,이코몽 타루쵸조,전통주,기타전통주,4,2,3.0,2,0,1,2025-04-12,2025-04 중순,0.0
109898,하쿠시카 쥰마이긴죠팩(2입),전통주,기타전통주,2,2,3.0,1,0,1,2025-04-11,2025-04 중순,0.0
106871,농심)포테토칩먹태고추장50g,과자,스낵류,3,2,3.0,3,0,0,2025-04-12,2025-04 중순,0.0
122570,꽃샘)도밍고꿀캐모마일20T,건강/기호식품,차,2,1,3.0,1,0,1,2025-04-13,2025-04 중순,0.0
192444,토민타울21년700ml,양주와인,양주,3,2,3.0,3,0,0,2025-04-16,2025-04 중순,0.0
124294,선우)동결건조곰모양젤리13g,과자,젤리류,2,2,3.0,1,0,1,2025-04-14,2025-04 중순,0.0
030655,훈스)빅오리지널피자빵90g,간식,냉장피자,2,2,2.0,2,0,0,2025-04-11,2025-04 중순,0.0
124693,PB)아메리카노헤이즐넛향1.5L,즉석음료,파우치,2,2,2.0,2,0,0,2025-04-17,2025-04 중순,0.0
072504,동원)더킹랍스터맛140g,냉장,냉장간식,1,1,2.0,0,0,1,2025-04-16,2025-04 중순,0.0
124233,보모어 12년,양주와인,양주,1,1,2.0,0,0,1,2025-04-12,2025-04 중순,0.0
600898,오리온)무뚝뚝고구마56g,과자,스낵류,3,3,2.0,1,0,1,2025-04-16,2025-04 중순,0.0
108531,PB)빵빵이후랑크치즈90g,냉장,냉장간식,2,2,2.0,2,0,0,2025-04-12,2025-04 중순,0.0
401009,일신)바이오트루여행용60ml_H,약품/의료품,의약외품,2,2,2.0,2,0,0,2025-04-12,2025-04 중순,0.0
111763,해광)프레첼체다치즈85g,과자,스낵류,2,2,2.0,2,0,0,2025-04-13,2025-04 중순,0.0
124526,오마르셰리캐스크700ml,양주와인,양주,2,2,2.0,2,0,0,2025-04-15,2025-04 중순,0.0
062506,덴마크)드링킹베리믹스275ml,유음료,요구르트,3,3,2.0,1,0,1,2025-04-16,2025-04 중순,0.0
601137,PB)산리오초코쿠키(시나몬),과자,비스킷류,3,3,2.0,1,0,1,2025-04-11,2025-04 중순,0.0
160135,코카)환타오렌지1.5L,음료,탄산음료,2,2,2.0,2,0,0,2025-04-15,2025-04 중순,0.0
211136,하겐)그린티아몬드바80ml,아이스크림,고급,2,2,2.0,2,0,0,2025-04-12,2025-04 중순,0.0
109545,하림)맛닭가슴살바베큐맛100g,냉장,냉장간식,2,2,2.0,2,0,0,2025-04-16,2025-04 중순,0.0
133726,대상)순창양념쌈장190g,조미료/건물,장류,1,1,2.0,0,0,1,2025-04-16,2025-04 중순,0.0
123726,농심)미니멘토스기프트팩,과자,캔디류,2,2,2.0,2,0,0,2025-04-13,2025-04 중순,0.0
371858,피죤)핑크로즈리필1.6L_H,가정용품,세제류,2,2,2.0,2,0,0,2025-04-11,2025-04 중순,0.0
106304,해태)맛동산프레첼90g,과자,스낵류,1,1,2.0,0,0,1,2025-04-16,2025-04 중순,0.0
123377,들라스 꼬뜨 뒤 론 생떼스프리,양주와인,와인,2,2,2.0,2,0,0,2025-04-14,2025-04 중순,0.0
107792,K리그산리오)인형_케로케로피,문구/완구,일반완구,1,1,2.0,0,0,1,2025-04-17,2025-04 중순,0.0
601341,PB)초코퐁당강냉이175g,과자,스낵류,2,2,2.0,2,0,0,2025-04-15,2025-04 중순,0.0
162310,머거본)꿀땅콩300g,안주,너트류,1,1,2.0,0,0,1,2025-04-17,2025-04 중순,0.0
191939,JD라포레 부르고뉴 블랑,양주와인,와인,2,1,2.0,2,0,0,2025-04-15,2025-04 중순,0.0
109118,나뚜루)비건초콜릿&아몬드파인트474ml,아이스크림,고급,1,1,2.0,0,0,1,2025-04-17,2025-04 중순,0.0
113593,사가모어 라이 더블오크700ml,양주와인,양주,2,2,2.0,2,0,0,2025-04-14,2025-04 중순,0.0
123463,델리카토 노블바인 181 메를로,양주와인,와인,2,2,2.0,2,0,0,2025-04-12,2025-04 중순,0.0
124046,델토리)스웨디시스타일초코홀릭47g,과자,초콜릿,2,2,2.0,2,0,0,2025-04-17,2025-04 중순,0.0
180591,한국술)대구불로쌀막걸리750ml,전통주,막걸리,2,2,2.0,2,0,0,2025-04-15,2025-04 중순,0.0
141669,오뚜기)오즈키친푸팟퐁카레,가공식품,상온간편식,2,2,2.0,2,0,0,2025-04-15,2025-04 중순,0.0
124225,타케츠루 퓨어몰트 (개인결제창),양주와인,양주,1,1,2.0,0,0,1,2025-04-15,2025-04 중순,0.0
104326,해태)락맛동산165g,과자,스낵류,1,1,2.0,0,0,1,2025-04-16,2025-04 중순,0.0
115578,골든블루 사피루스,양주와인,양주,2,2,2.0,2,0,0,2025-04-11,2025-04 중순,0.0
132703,하림)장인라면담백한맛용기,면,용기면,2,2,2.0,2,0,0,2025-04-15,2025-04 중순,0.0
117112,롯데)초코빼빼로54g,과자,비스킷류,1,1,2.0,0,0,1,2025-04-16,2025-04 중순,0.0
390779,유한)화이트팬티라이너일반24P,위생용품,생리대,2,2,2.0,2,0,0,2025-04-15,2025-04 중순,0.0
124578,제주샘주오메기술13도375ml(2입),전통주,기타전통주,2,2,2.0,2,0,0,2025-04-13,2025-04 중순,0.0
191979,킬리카눈킬러맨즈런쉬라즈,양주와인,와인,2,2,2.0,2,0,0,2025-04-14,2025-04 중순,0.0
123126,PB)마라맛오징어30g,안주,오징어,2,2,2.0,2,0,0,2025-04-16,2025-04 중순,0.0
093735,프레시팜)청양고추150g(봉),신선,야채,2,1,2.0,2,0,0,2025-04-18,2025-04 중순,0.0
107452,PB)불불나쵸칩70g,과자,스낵류,2,2,2.0,2,0,0,2025-04-19,2025-04 중순,0.0
190229,진로)참이슬200ml포켓,전통주,소주,2,1,2.0,2,0,0,2025-04-12,2025-04 중순,0.0
124603,죽력고700ml,전통주,기타전통주,2,2,2.0,2,0,0,2025-04-14,2025-04 중순,0.0
109050,PB)진짜주스감귤천혜향245ml,음료,주스,1,1,2.0,0,0,1,2025-04-16,2025-04 중순,0.0
162299,바프)허니로스티드땅콩120g,안주,너트류,1,1,2.0,0,0,1,2025-04-16,2025-04 중순,0.0
123238,타이거라들러500ml캔(24입),맥주,수입맥주,3,3,2.0,1,0,1,2025-04-14,2025-04 중순,0.0
220652,동원)양반밤단팥죽285g,가공식품,가공미반류,1,1,2.0,0,0,1,2025-04-14,2025-04 중순,0.0
123815,1키키쿼카)아크릴키링,과자,캔디류,2,1,2.0,2,0,0,2025-04-13,2025-04 중순,0.0
123648,CJ)햇반버섯야채죽268g,가공식품,가공미반류,2,2,2.0,2,0,0,2025-04-14,2025-04 중순,0.0
118941,에스씨)수수깡젤리40g,과자,젤리류,1,1,2.0,0,0,1,2025-04-17,2025-04 중순,0.0
124880,토트넘 No.7 백마킹 화이트 티셔츠_95,패션잡화,시즌/소품,2,2,2.0,2,0,0,2025-04-11,2025-04 중순,0.0
108616,팜스)세척당근2입,신선,야채,2,1,2.0,2,0,0,2025-04-13,2025-04 중순,0.0
124921,하겐)파인트티라미수403ml,아이스크림,고급,2,2,2.0,2,0,0,2025-04-13,2025-04 중순,0.0
191966,아멜리에 샤를스파 리슬링,양주와인,와인,2,2,2.0,2,0,0,2025-04-16,2025-04 중순,0.0
601086,롯데)치토스바비큐(대용량)164g,과자,스낵류,1,1,2.0,0,0,1,2025-04-16,2025-04 중순,0.0
211134,하겐)초콜릿촉아몬드80ml,아이스크림,고급,2,2,2.0,2,0,0,2025-04-12,2025-04 중순,0.0
053278,오징어라이스볼꼬치,즉석 식품,즉석치킨,2,2,2.0,2,0,0,2025-04-12,2025-04 중순,0.0
123456,델리카토-날리헤드 올드바인 진판델,양주와인,와인,2,2,2.0,2,0,0,2025-04-17,2025-04 중순,0.0
123369,비네암 샤또 그랑 페랑 테르 아무레즈,양주와인,와인,2,2,2.0,2,0,0,2025-04-11,2025-04 중순,0.0
112644,서주)탱글탱글더리얼라임모히또40g,과자,젤리류,2,1,2.0,2,0,0,2025-04-16,2025-04 중순,0.0
152862,해표)감자맛전분350g,조미료/건물,분말가루,2,2,2.0,2,0,0,2025-04-16,2025-04 중순,0.0
093720,세븐팜)오이2입,신선,야채,1,1,2.0,0,0,1,2025-04-15,2025-04 중순,0.0
109884,비잔클리어,전통주,기타전통주,2,1,2.0,2,0,0,2025-04-11,2025-04 중순,0.0
180655,보해)new복분자375ml,전통주,기타전통주,2,2,2.0,2,0,0,2025-04-11,2025-04 중순,0.0
123575,카구아 블랑 (6본입),맥주,수입맥주,2,2,2.0,2,0,0,2025-04-16,2025-04 중순,0.0
191297,리커)제네시스까베네쇼비뇽750ml,양주와인,와인,2,2,2.0,2,0,0,2025-04-17,2025-04 중순,0.0
073574,진주햄)자메이카바베큐닭다리,냉장,냉장안주,2,2,2.0,2,0,0,2025-04-16,2025-04 중순,0.0
413583,동원)뉴트리스틱(참치)_H,일용잡화,반려동물용품,2,2,2.0,2,0,0,2025-04-12,2025-04 중순,0.0
123818,1키키쿼카)스티커set,과자,캔디류,2,2,2.0,2,0,0,2025-04-11,2025-04 중순,0.0
601570,나무)빵빵이DIY솜사탕11g,과자,캔디류,1,1,2.0,0,0,1,2025-04-17,2025-04 중순,0.0
106561,하늘)초코틴인틴89g,과자,비스킷류,1,1,2.0,0,0,1,2025-04-16,2025-04 중순,0.0
105157,칠성)칸타타스윗아메리카노제로320ml,즉석음료,파우치,4,3,2.0,1,1,0,2025-04-14,2025-04 중순,100.0
123583,농심)츄파춥스디즈니플러피키링기획팩,과자,캔디류,2,2,2.0,2,0,0,2025-04-14,2025-04 중순,0.0
170256,아영)에딩거바이스비어500ml캔,맥주,수입맥주,1,1,2.0,0,0,1,2025-04-14,2025-04 중순,0.0
124484,제이탑)망고파르페85g,디저트,냉장베이커리,2,2,2.0,2,0,0,2025-04-13,2025-04 중순,0.0
105432,포유)EVA슬리퍼270(블랙),가정용품,행락용품,2,1,2.0,2,0,0,2025-04-12,2025-04 중순,0.0
107676,K리그산리오)머플러(쿠로미),패션잡화,시즌/소품,2,1,2.0,2,0,0,2025-04-16,2025-04 중순,0.0
122337,삼양사)상쾌환스틱사과맛18g,건강/기호식품,숙취해소제,2,2,2.0,2,0,0,2025-04-12,2025-04 중순,0.0
180802,진로)진로640ml페트,전통주,소주,2,2,2.0,2,0,0,2025-04-15,2025-04 중순,0.0
421316,비젼)부직포쇼핑백(대)_H,문구/완구,기타문구,2,1,2.0,2,0,0,2025-04-14,2025-04 중순,0.0
123496,우븐 헤미스피어스 500ml,양주와인,양주,2,2,2.0,2,0,0,2025-04-20,2025-04 중순,0.0
052805,웰그린)고추핫소스,즉석 식품,즉석치킨,1,1,2.0,0,0,1,2025-04-17,2025-04 중순,0.0
124605,문배술40도도자기400ml,전통주,기타전통주,2,1,2.0,2,0,0,2025-04-20,2025-04 중순,0.0
124343,PB)착한도톰물티슈,위생용품,티슈,3,2,2.0,1,0,1,2025-04-20,2025-04 중순,0.0
600816,농심)멘토스2in1(그레이프소다),과자,캔디류,4,3,2.0,3,0,0,2025-04-14,2025-04 중순,0.0
440903,모나미)컴퓨터용싸인펜_H,문구/완구,일반문구,2,2,2.0,2,0,0,2025-04-18,2025-04 중순,0.0
132708,농심)사천백짬뽕봉지,면,봉지면,1,1,2.0,0,0,1,2025-04-17,2025-04 중순,0.0
123683,요네츠루 안단테 준마이,전통주,기타전통주,2,2,2.0,2,0,0,2025-04-13,2025-04 중순,0.0
160025,칠성)솔의눈240ml캔,음료,차음료,1,1,2.0,0,0,1,2025-04-14,2025-04 중순,0.0
170549,하이트)테라355ml캔,맥주,국산맥주,2,2,2.0,2,0,0,2025-04-12,2025-04 중순,0.0
115344,롯데)엄마손파이127g,과자,비스킷류,1,1,2.0,0,0,1,2025-04-16,2025-04 중순,0.0
202724,칠성)칠성사이다제로블루355ml,음료,탄산음료,1,1,2.0,0,0,1,2025-04-14,2025-04 중순,0.0
170938,비어)칭따오넌알콜레몬330ml캔,맥주,무알콜맥주,2,2,2.0,2,0,0,2025-04-15,2025-04 중순,0.0
124227,야마자키 DR,양주와인,양주,4,3,2.0,0,0,2,2025-04-16,2025-04 중순,0.0
109917,레티자레드(12입),양주와인,와인,2,2,2.0,2,0,0,2025-04-12,2025-04 중순,0.0
600416,PB)샤구르트젤리56G,과자,젤리류,1,1,2.0,0,0,1,2025-04-14,2025-04 중순,0.0
600611,PB)푸린새콤한딸기별68g,과자,스낵류,2,2,2.0,2,0,0,2025-04-11,2025-04 중순,0.0
360759,존슨)리스테린쿨민트250ml_H,H&B,치약,1,1,2.0,0,0,1,2025-04-16,2025-04 중순,0.0
108505,PB)맥주컵(3입),가정용품,행락용품,2,1,2.0,2,0,0,2025-04-14,2025-04 중순,0.0
123570,PB)디저트39딸기우유500ml,유음료,가공우유,1,1,2.0,0,0,1,2025-04-16,2025-04 중순,0.0
108942,네슬레)킷캣딸기7입,과자,초콜릿,2,1,2.0,2,0,0,2025-04-14,2025-04 중순,0.0
117098,몽뜨)설곤약향라맛30g,과자,젤리류,1,1,2.0,0,0,1,2025-04-13,2025-04 중순,0.0
380289,P&G)오랄비민트왁스치실_H,H&B,칫솔,1,1,2.0,0,0,1,2025-04-16,2025-04 중순,0.0
124592,대숲담양향골드41도375ml,전통주,기타전통주,2,2,2.0,2,0,0,2025-04-16,2025-04 중순,0.0
124897,휴마)라보타치 빈저6(멀미완화)_H,약품/의료품,의약외품,2,2,2.0,2,0,0,2025-04-13,2025-04 중순,0.0
123165,코젤다크 330ml병(24입),맥주,수입맥주,2,2,2.0,2,0,0,2025-04-12,2025-04 중순,0.0
107806,K리그산리오)인형 키링_우사하나,문구/완구,일반완구,2,1,2.0,2,0,0,2025-04-17,2025-04 중순,0.0
123985,다카라 시마네 샤인머스켓(여름추천),전통주,기타전통주,2,2,2.0,2,0,0,2025-04-16,2025-04 중순,0.0
061594,매일)바이오플레인드링킹250ml,유음료,요구르트,2,2,2.0,2,0,0,2025-04-14,2025-04 중순,0.0
108443,돌코리아)후룻볼복숭아(113g),신선,과일,2,2,2.0,2,0,0,2025-04-13,2025-04 중순,0.0
124795,PB)직화불곱창200g,냉장,냉장안주,2,2,2.0,2,0,0,2025-04-14,2025-04 중순,0.0
105290,올리)순수얼음3kg,즉석음료,얼음,2,2,2.0,2,0,0,2025-04-17,2025-04 중순,0.0
190975,산토리)호로요이피치350ml캔,양주와인,리쿼,1,1,2.0,0,0,1,2025-04-17,2025-04 중순,0.0
109278,에프투)매콤닭발&간장닭똥집200g,냉동,조리냉동,2,2,2.0,2,0,0,2025-04-16,2025-04 중순,0.0
109652,굿지앤)오마카세마늘항정살보쌈,냉장,냉장안주,2,1,2.0,2,0,0,2025-04-20,2025-04 중순,0.0
119216,농심)츄파춥스탄산캔디(6입),과자,캔디류,3,3,2.0,1,0,1,2025-04-15,2025-04 중순,0.0
170478,에이이)코젤다크330ml캔,맥주,수입맥주,2,2,2.0,2,0,0,2025-04-14,2025-04 중순,0.0
192448,글랜카담10년700ml,양주와인,양주,2,2,2.0,2,0,0,2025-04-12,2025-04 중순,0.0
162309,머거본)커피땅콩300g,안주,너트류,1,1,2.0,0,0,1,2025-04-17,2025-04 중순,0.0
105645,웅진)애플셔벗에이드제로500ml,음료,주스,1,1,2.0,0,0,1,2025-04-15,2025-04 중순,0.0
062617,직납)아침미소한라봉요구르트100ml,유음료,요구르트,1,1,2.0,0,0,1,2025-04-14,2025-04 중순,0.0
601401,델토리)먹태청양쿠키70g,과자,비스킷류,2,2,2.0,2,0,0,2025-04-13,2025-04 중순,0.0
061989,빙그레)따옴한라봉&청귤235ml,유음료,냉장주스,2,1,2.0,2,0,0,2025-04-11,2025-04 중순,0.0
073537,장충동)족발수육반반세트215g,냉장,냉장안주,2,1,2.0,2,0,0,2025-04-15,2025-04 중순,0.0
351090,니베아)익스프레스 바디로션_H,미용/화장품,여성화장품,1,1,2.0,0,0,1,2025-04-14,2025-04 중순,0.0
116162,세종)우리밀막걸리750ml,전통주,막걸리,2,2,2.0,2,0,0,2025-04-13,2025-04 중순,0.0
211645,벤앤제리스)초코퍼지파인트473ml,아이스크림,고급,2,2,2.0,2,0,0,2025-04-11,2025-04 중순,0.0
162406,아라)바프짬뽕맛오징어튀김100g,안주,스낵안주,1,1,2.0,0,0,1,2025-04-17,2025-04 중순,0.0
106844,칠성)칠성사이다제로그린플럼500ml,음료,탄산음료,1,1,2.0,0,0,1,2025-04-14,2025-04 중순,0.0
124146,팔도)볼케이노까르보나라4입,면,봉지면,2,2,2.0,2,0,0,2025-04-14,2025-04 중순,0.0
371643,LG)홈스타뿌리는곰팡이싹500ml_H,가정용품,세제류,2,2,2.0,2,0,0,2025-04-14,2025-04 중순,0.0
105294,제주)삼다생얼음1kg,즉석음료,얼음,2,1,2.0,2,0,0,2025-04-20,2025-04 중순,0.0
123850,윈저12년 500ml,양주와인,양주,2,2,2.0,2,0,0,2025-04-12,2025-04 중순,0.0
109853,삿포로맥주350ml(24입),맥주,수입맥주,2,1,2.0,2,0,0,2025-04-12,2025-04 중순,0.0
112743,SAMG)하츄핑달콤한별가루젤리,과자,젤리류,2,1,2.0,2,0,0,2025-04-14,2025-04 중순,0.0
201675,웅진)하늘보리325ml,음료,차음료,1,1,2.0,0,0,1,2025-04-16,2025-04 중순,0.0
390842,LG)바디피트내몸에순한면대형16P,위생용품,생리대,2,2,2.0,2,0,0,2025-04-11,2025-04 중순,0.0
108519,PB)빵빵이후랑크오리지널90g,냉장,냉장간식,2,2,2.0,2,0,0,2025-04-19,2025-04 중순,0.0
202641,칠성)탐스제로사과키위355ml,음료,탄산음료,1,1,2.0,0,0,1,2025-04-14,2025-04 중순,0.0
124595,귀리귀인1894혁명45도500ml,전통주,기타전통주,2,1,2.0,2,0,0,2025-04-16,2025-04 중순,0.0
107015,롯데)졸음번쩍껌울트라파워80g,과자,껌,2,2,2.0,2,0,0,2025-04-11,2025-04 중순,0.0
413560,마즈)쉬바참치와닭가슴살70g_H,일용잡화,반려동물용품,2,2,2.0,2,0,0,2025-04-12,2025-04 중순,0.0
062492,일동)하이뮨액티브초코250ml,유음료,프로틴 음료,2,2,2.0,2,0,0,2025-04-15,2025-04 중순,0.0
108732,페레로)로쉐바다크90g,과자,초콜릿,2,2,2.0,2,0,0,2025-04-15,2025-04 중순,0.0
601311,나무)짜릿새콤롤솜사탕9g,과자,캔디류,3,2,2.0,1,0,1,2025-04-17,2025-04 중순,0.0
124589,토끼소주화이트23도375ml(2입),전통주,기타전통주,2,2,2.0,2,0,0,2025-04-12,2025-04 중순,0.0
191255,롯데)옐로우테일제미레드루750ml,양주와인,와인,2,2,2.0,2,0,0,2025-04-15,2025-04 중순,0.0
107815,K리그산리오)인형 키링_페클,문구/완구,일반완구,2,2,2.0,2,0,0,2025-04-12,2025-04 중순,0.0
191853,제이)존바파이니스트750ml,양주와인,양주,2,1,2.0,2,0,0,2025-04-14,2025-04 중순,0.0
161828,경진)꾸이맨매콤한맛30g,안주,생선류,1,1,2.0,0,0,1,2025-04-17,2025-04 중순,0.0
351300,니베아)립케어 체리 샤인_H,미용/화장품,여성화장품,2,2,2.0,2,0,0,2025-04-15,2025-04 중순,0.0
181049,몽지람M9 500ml,전통주,기타전통주,2,2,2.0,2,0,0,2025-04-15,2025-04 중순,0.0
124869,맨시티 휴대용 선풍기,패션잡화,시즌/소품,4,3,2.0,3,0,0,2025-04-11,2025-04 중순,0.0
421340,모나미)편지지세트_H,문구/완구,기타문구,2,1,2.0,2,0,0,2025-04-19,2025-04 중순,0.0
133717,대상)두번달인진간장골드500ml,조미료/건물,장류,1,1,2.0,0,0,1,2025-04-14,2025-04 중순,0.0
180556,하이트)이슬톡톡355ml캔,전통주,기타전통주,2,2,2.0,2,0,0,2025-04-12,2025-04 중순,0.0
191199,롯데)몬테프리오750ml,양주와인,와인,2,1,2.0,2,0,0,2025-04-17,2025-04 중순,0.0
400828,해외)003리얼피트콘돔_H,약품/의료품,의약외품,2,2,2.0,2,0,0,2025-04-14,2025-04 중순,0.0
170861,하날레이아일랜드병24입,맥주,수입맥주,1,1,2.0,0,0,1,2025-04-16,2025-04 중순,0.0
141579,오뚜기)양평식선지해장국,가공식품,상온간편식,2,2,2.0,2,0,0,2025-04-15,2025-04 중순,0.0
402138,쉬즈)사가미오리지널001 2입(L)_H,약품/의료품,의약외품,2,2,2.0,2,0,0,2025-04-20,2025-04 중순,0.0
202748,오가다)더꿀물280ml,음료,전통음료,1,1,2.0,0,0,1,2025-04-16,2025-04 중순,0.0
201356,거림)블루레몬에이드350ml,음료,주스,2,2,2.0,2,0,0,2025-04-19,2025-04 중순,0.0
073670,CJ)정통가쓰오어묵탕360g,냉장,냉장간편식,1,1,2.0,0,0,1,2025-04-17,2025-04 중순,0.0
091972,돌코리아)후룻바틀파인애플666g,신선,과일,2,2,2.0,2,0,0,2025-04-13,2025-04 중순,0.0
133727,대상)순창청양초쌈장190g,조미료/건물,장류,1,1,2.0,0,0,1,2025-04-16,2025-04 중순,0.0
128123,세븐팜)소백산세척사과(1입),신선,과일,3,2,2.0,1,0,1,2025-04-16,2025-04 중순,0.0
109126,대림)한입에반하닭매콤청양90g,냉장,냉장간식,2,2,2.0,2,0,0,2025-04-13,2025-04 중순,0.0
210232,오뚜기)옛날당면300g,가공식품,상온간편식,2,2,2.0,2,0,0,2025-04-11,2025-04 중순,0.0
073610,흥생)구데타마반숙란3입,냉장,냉장간식,1,1,2.0,0,0,1,2025-04-19,2025-04 중순,0.0
115465,주라 18년 700ml,양주와인,양주,2,2,2.0,2,0,0,2025-04-11,2025-04 중순,0.0
210865,롯데)쿠키오130ml,아이스크림,노벨티,2,2,2.0,2,0,0,2025-04-16,2025-04 중순,0.0
093741,세븐팜)깻잎2묶음(봉),신선,야채,2,1,2.0,2,0,0,2025-04-12,2025-04 중순,0.0
600679,롯데)제로크런치초코볼34g,과자,초콜릿,2,1,2.0,2,0,0,2025-04-18,2025-04 중순,0.0
601019,동서)리츠어니언73g,과자,비스킷류,1,1,2.0,0,0,1,2025-04-16,2025-04 중순,0.0
124587,가무치소주25도375ml,전통주,기타전통주,2,2,2.0,2,0,0,2025-04-16,2025-04 중순,0.0
107140,롯데)돼지바파르페쿠앤크300ml,아이스크림,노벨티,2,2,2.0,2,0,0,2025-04-15,2025-04 중순,0.0
201778,칠성)잔치집식혜340ml,음료,전통음료,1,1,2.0,0,0,1,2025-04-18,2025-04 중순,0.0
123571,PB)디저트39바나나우유500ml,유음료,가공우유,3,3,2.0,1,0,1,2025-04-16,2025-04 중순,0.0
117263,하리보)애플후프사우어80g,과자,젤리류,2,2,2.0,2,0,0,2025-04-17,2025-04 중순,0.0
440902,모나미)예감적중_H,문구/완구,일반문구,2,2,2.0,2,0,0,2025-04-12,2025-04 중순,0.0
070337,매일)우유속코코아300ml,유음료,가공우유,1,1,2.0,0,0,1,2025-04-16,2025-04 중순,0.0
123333,아사히500ml(24입),맥주,수입맥주,2,2,2.0,2,0,0,2025-04-13,2025-04 중순,0.0
600776,아이)탱글탱글젤리딸기헬로키티,과자,젤리류,1,1,2.0,0,0,1,2025-04-14,2025-04 중순,0.0
391027,유한)하기스물티슈캡형72매,위생용품,티슈,2,2,2.0,2,0,0,2025-04-11,2025-04 중순,0.0
108053,존슨)베드타임로션100ml_H,미용/화장품,여성화장품,2,1,2.0,2,0,0,2025-04-20,2025-04 중순,0.0
192628,3월 위스키 구독,,,2,2,2.0,2,0,0,2025-04-15,2025-04 중순,0.0
072929,이가)투움바파스타239.5g,냉장,냉장간편식,2,2,2.0,2,0,0,2025-04-14,2025-04 중순,0.0
202376,칠성)레쓰비카페헤이즐넛라떼240,음료,커피음료,2,1,2.0,2,0,0,2025-04-11,2025-04 중순,0.0
124743,빙그레)요맘때블루베리70ml,아이스크림,노벨티,2,2,2.0,2,0,0,2025-04-11,2025-04 중순,0.0
162355,아라움)BBQ치킨스낵레드착착30g,안주,스낵안주,1,1,2.0,0,0,1,2025-04-13,2025-04 중순,0.0
141780,CJ)스팸닭가슴살200g,가공식품,캔,2,2,2.0,2,0,0,2025-04-12,2025-04 중순,0.0
118205,삼양)사또밥67g,과자,스낵류,2,2,2.0,2,0,0,2025-04-14,2025-04 중순,0.0
105581,하겐)녹차앤레몬바75ml,아이스크림,고급,2,1,2.0,2,0,0,2025-04-12,2025-04 중순,0.0
180207,부산)생탁750ml,전통주,막걸리,2,2,2.0,2,0,0,2025-04-12,2025-04 중순,0.0
601416,MZ)밀카초코슈프림30g,과자,비스킷류,2,1,2.0,2,0,0,2025-04-12,2025-04 중순,0.0
107349,MDS)베이컨로제파스타230g,간식,냉장피자,2,1,2.0,2,0,0,2025-04-19,2025-04 중순,0.0
073654,PB)쫄깃통통가래떡떡볶이300g,냉장,냉장간편식,2,2,2.0,2,0,0,2025-04-12,2025-04 중순,0.0
123872,더 글렌그란트 12년,양주와인,양주,2,2,2.0,2,0,0,2025-04-12,2025-04 중순,0.0
151315,대상)홍초석류900ml,조미료/건물,소스류,2,1,2.0,2,0,0,2025-04-13,2025-04 중순,0.0
109965,효성)고소한참깨봉90g,과자,비스킷류,6,3,2.0,2,1,0,2025-04-13,2025-04 중순,50.0
061793,덴마크)얼라이브블러드오렌지250,유음료,냉장주스,4,1,2.0,1,1,0,2025-04-12,2025-04 중순,100.0
211465,롯데)스크류바포도75ml,아이스크림,노벨티,1,1,2.0,0,0,1,2025-04-17,2025-04 중순,0.0
113141,세노테 블랑코 700ml,양주와인,양주,2,2,2.0,2,0,0,2025-04-11,2025-04 중순,0.0
124068,CJ)맥스봉오리지널70g,냉장,냉장간식,2,2,2.0,2,0,0,2025-04-16,2025-04 중순,0.0
109166,PB)생생감자칩페퍼솔트60g,과자,스낵류,5,5,2.0,2,0,1,2025-04-11,2025-04 중순,0.0
191874,디카이퍼 블루큐라소700ml,양주와인,리쿼,2,2,2.0,2,0,0,2025-04-12,2025-04 중순,0.0
391101,깨끗한)디어스킨리얼모달중형16P,위생용품,생리대,2,2,2.0,2,0,0,2025-04-11,2025-04 중순,0.0
601075,미스티)산리오마이리톨퓨어,과자,캔디류,2,2,2.0,2,0,0,2025-04-13,2025-04 중순,0.0
072839,리치푸드)허브스모크닭다리170g,냉장,냉장안주,1,1,2.0,0,0,1,2025-04-12,2025-04 중순,0.0
162305,써라클)오징어실채30g,안주,오징어,1,1,2.0,0,0,1,2025-04-17,2025-04 중순,0.0
109882,월계관오쵸코다이긴죠(5입),전통주,기타전통주,2,2,2.0,2,0,0,2025-04-12,2025-04 중순,0.0
122822,삼양사)상쾌환스틱샤인머스캣18g,건강/기호식품,숙취해소제,2,2,2.0,2,0,0,2025-04-15,2025-04 중순,0.0
107267,골드핑거치킨세트,즉석 식품,즉석치킨(삭제예정),3,2,2.0,1,0,1,2025-04-15,2025-04 중순,0.0
062596,남양)테이크핏호박고구마250ml,유음료,프로틴 음료,2,2,2.0,2,0,0,2025-04-11,2025-04 중순,0.0
072316,본죽)야채죽270g,냉장,냉장간편식,2,2,2.0,2,0,0,2025-04-17,2025-04 중순,0.0
123113,파머스)피스터블밀크크런치60g,과자,초콜릿,2,2,2.0,2,0,0,2025-04-16,2025-04 중순,0.0
124873,맨시티 메신저백,패션잡화,시즌/소품,4,3,2.0,3,0,0,2025-04-11,2025-04 중순,0.0
170447,하이네)에델바이스500ml캔,맥주,수입맥주,2,2,2.0,2,0,0,2025-04-17,2025-04 중순,0.0
201162,푸드사이언스)모닝파워175ml,음료,기능성드링크,2,2,2.0,2,0,0,2025-04-12,2025-04 중순,0.0
109758,미성)허쉬크리미밀크초콜릿50g,과자,초콜릿,2,2,2.0,2,0,0,2025-04-11,2025-04 중순,0.0
124612,선운산 복분자주16도375ml(4입),전통주,기타전통주,2,2,2.0,2,0,0,2025-04-12,2025-04 중순,0.0
202770,베스킨)망고탱고워터500ml,음료,주스,2,2,2.0,2,0,0,2025-04-14,2025-04 중순,0.0
190506,52-09_FJ)예거마이스터700ml,양주와인,양주,2,2,2.0,2,0,0,2025-04-17,2025-04 중순,0.0
105289,올리)순수얼음1kg,즉석음료,얼음,2,2,2.0,2,0,0,2025-04-14,2025-04 중순,0.0
117123,시원)마키아또누가(초코)80g,과자,캔디류,2,2,2.0,2,0,0,2025-04-11,2025-04 중순,0.0
073248,PB)숯불삼치구이77g,냉장,냉장간편식,1,1,2.0,0,0,1,2025-04-12,2025-04 중순,0.0
113155,엘리먼츠 오브 아일라 셰리캐스크 700ml,양주와인,양주,2,2,2.0,2,0,0,2025-04-11,2025-04 중순,0.0
109757,미성)허쉬다크초콜릿50g,과자,초콜릿,2,2,2.0,2,0,0,2025-04-12,2025-04 중순,0.0
124341,델토리)실타래초콜릿60g,과자,초콜릿,2,2,2.0,2,0,0,2025-04-15,2025-04 중순,0.0
093869,풀무원)국산콩찌개/부침두부600g,신선,야채,2,2,2.0,2,0,0,2025-04-11,2025-04 중순,0.0
162135,경진)빅꾸이맨60g,안주,생선류,1,1,2.0,0,0,1,2025-04-17,2025-04 중순,0.0
201534,오츠카)오로나민C120ml,음료,기능성드링크,4,4,2.0,3,0,0,2025-04-12,2025-04 중순,0.0
123635,CJ)쁘띠첼과일젤리포도90g,디저트,젤리,2,2,2.0,2,0,0,2025-04-19,2025-04 중순,0.0
072979,하림)닭가슴살리얼바오리지널80g,냉장,냉장간식,2,2,2.0,2,0,0,2025-04-17,2025-04 중순,0.0
202151,동서)콜롬비아나마스터라떼500ml,음료,커피음료,4,4,2.0,3,0,0,2025-04-11,2025-04 중순,0.0
113135,이탈리쿠스 700ml,양주와인,양주,2,2,2.0,2,0,0,2025-04-15,2025-04 중순,0.0
601051,오리온)닥터유PRO단백질크런치바,과자,프로틴/시리얼,2,2,2.0,2,0,0,2025-04-16,2025-04 중순,0.0
108596,대상)안주야오치즈바질토마토30g,안주,스낵안주,2,2,2.0,2,0,0,2025-04-11,2025-04 중순,0.0
094137,풀무원)국산콩무농약콩나물250g,신선,야채,2,1,2.0,2,0,0,2025-04-13,2025-04 중순,0.0
107804,동아)윙크초박형콘돔002스키니슬림_H,약품/의료품,의약외품,2,1,2.0,2,0,0,2025-04-13,2025-04 중순,0.0
202595,PB)NEW제주녹차500ml,음료,차음료,1,1,2.0,0,0,1,2025-04-14,2025-04 중순,0.0
371866,P&G)다우니세탁세제1L(블루)_H,가정용품,세제류,2,2,2.0,2,0,0,2025-04-12,2025-04 중순,0.0
062508,덴마크)드링킹사과275ml,유음료,요구르트,1,1,2.0,0,0,1,2025-04-16,2025-04 중순,0.0
141688,CJ)비비고꼬리곰탕460g,가공식품,상온간편식,2,1,2.0,2,0,0,2025-04-20,2025-04 중순,0.0
141030,CJ)비비고스팸부대찌개460g,가공식품,상온간편식,2,2,2.0,2,0,0,2025-04-15,2025-04 중순,0.0
109974,제주위트에일500ml캔(24입),맥주,수입맥주,2,1,2.0,2,0,0,2025-04-13,2025-04 중순,0.0
123174,카스250ml캔(24입),맥주,수입맥주,2,2,2.0,2,0,0,2025-04-14,2025-04 중순,0.0
601151,엔제이)얼음모양사탕115g,과자,캔디류,2,2,2.0,2,0,0,2025-04-12,2025-04 중순,0.0
200030,윈저)윈저12년500ml,양주와인,양주,2,2,2.0,2,0,0,2025-04-12,2025-04 중순,0.0
202530,칠성)탐스제로오렌지600ml,음료,탄산음료,1,1,2.0,0,0,1,2025-04-14,2025-04 중순,0.0
141635,PB)머쉬룸스프25g,가공식품,상온간편식,1,1,2.0,0,0,1,2025-04-17,2025-04 중순,0.0
124041,일신)캇예스베러버니75g,과자,젤리류,2,1,2.0,2,0,0,2025-04-16,2025-04 중순,0.0
191107,디아)벨즈블렌디드700ml,양주와인,양주,2,1,2.0,2,0,0,2025-04-11,2025-04 중순,0.0
119878,오리온)포도알맹이67g,과자,젤리류,4,3,2.0,1,1,0,2025-04-13,2025-04 중순,100.0
105810,대호)벤티아메리카노스위트500ml,즉석음료,파우치,2,2,2.0,2,0,0,2025-04-12,2025-04 중순,0.0
107807,K리그산리오)인형 키링_타이니참,문구/완구,일반완구,1,1,2.0,0,0,1,2025-04-18,2025-04 중순,0.0
601149,에이스)전천당우유맛캔디30g,과자,캔디류,2,2,2.0,2,0,0,2025-04-12,2025-04 중순,0.0
362495,존슨)리스테린쿨민트마일드250_H,H&B,치약,1,1,2.0,0,0,1,2025-04-16,2025-04 중순,0.0
107464,나무)빵빵이쫜득볼젤리18g,과자,젤리류,2,2,2.0,2,0,0,2025-04-15,2025-04 중순,0.0
109942,레드브레스트15년 700ml,양주와인,양주,2,2,2.0,2,0,0,2025-04-17,2025-04 중순,0.0
411569,존슨)뉴트로립모이스춰_H,미용/화장품,여성화장품,1,1,2.0,0,0,1,2025-04-16,2025-04 중순,0.0
109928,발렌타인7년 700ml,양주와인,양주,2,2,2.0,2,0,0,2025-04-18,2025-04 중순,0.0
107087,K리그산리오)면티셔츠105,패션잡화,시즌/소품,2,2,2.0,2,0,0,2025-04-14,2025-04 중순,0.0
107808,K리그산리오)인형 키링_턱시도샘,문구/완구,일반완구,2,1,2.0,2,0,0,2025-04-19,2025-04 중순,0.0
094644,SNJ)미니감자(120g),신선,야채,3,2,2.0,1,0,1,2025-04-12,2025-04 중순,0.0
108129,하림)더미식소고기뭇국350g,가공식품,상온간편식,2,2,2.0,2,0,0,2025-04-12,2025-04 중순,0.0
181069,롯데)새로소주640ml페트(4입),전통주,선물세트,1,1,2.0,0,0,1,2025-04-20,2025-04 중순,0.0
123817,1키키쿼카)마우스패드,과자,캔디류,2,2,2.0,2,0,0,2025-04-12,2025-04 중순,0.0
106846,칠성)모아비레몬라벤더500ml,음료,주스,1,1,2.0,0,0,1,2025-04-17,2025-04 중순,0.0
123577,카구아 블랑&루즈 3병세트 (6본입),맥주,수입맥주,2,2,2.0,2,0,0,2025-04-13,2025-04 중순,0.0
119317,오리온)단백질볼48g,과자,초콜릿,2,1,2.0,2,0,0,2025-04-13,2025-04 중순,0.0
106479,롯데)이지프로틴감자칩(매콤치즈맛)50g,과자,스낵류,2,1,2.0,2,0,0,2025-04-11,2025-04 중순,0.0
124882,토트넘 No.7 백마킹 화이트 티셔츠_105,패션잡화,시즌/소품,2,2,2.0,2,0,0,2025-04-11,2025-04 중순,0.0
109894,하쿠시카 쿠로마츠 쥰마이 모찌요단,전통주,기타전통주,2,1,2.0,2,0,0,2025-04-11,2025-04 중순,0.0
124576,솔송주13도375ml(2입),전통주,기타전통주,2,2,2.0,2,0,0,2025-04-13,2025-04 중순,0.0
601293,롯데)허쉬초코바이츠쿠앤크,과자,초콜릿,2,2,2.0,2,0,0,2025-04-11,2025-04 중순,0.0
123633,CJ)쁘띠첼과일젤리복숭아90g,디저트,젤리,2,1,2.0,2,0,0,2025-04-15,2025-04 중순,0.0
113166,돈훌리오 1942 750ml,양주와인,양주,2,2,2.0,2,0,0,2025-04-18,2025-04 중순,0.0
109977,곰표밀맥주500ml캔(24입),맥주,수입맥주,2,2,2.0,2,0,0,2025-04-11,2025-04 중순,0.0
124594,귀리귀인1894고부25도500ml(2입),전통주,기타전통주,2,2,2.0,2,0,0,2025-04-16,2025-04 중순,0.0
211135,하겐)스트로베리앤크림바80ml,아이스크림,고급,1,1,2.0,0,0,1,2025-04-16,2025-04 중순,0.0
141395,CJ)비비고돼지고기김치찌개460g,가공식품,상온간편식,2,2,2.0,2,0,0,2025-04-12,2025-04 중순,0.0
372230,롯알)환경을생각하는종이컵10입,가정용품,행락용품,2,2,2.0,2,0,0,2025-04-14,2025-04 중순,0.0
390882,유한)좋은느낌순면울날중18P,위생용품,생리대,2,2,2.0,2,0,0,2025-04-12,2025-04 중순,0.0
118399,농심)츄파춥스저금통(20입),과자,캔디류,2,2,2.0,2,0,0,2025-04-18,2025-04 중순,0.0
104387,해태)후렌치파이딸기(15입),과자,비스킷류,2,2,2.0,2,0,0,2025-04-14,2025-04 중순,0.0
073649,CJ)닭가슴살순살케이준100g,냉장,냉장간식,3,2,2.0,1,0,1,2025-04-14,2025-04 중순,0.0
192603,산토리)짐빔하이볼자몽350ml캔,양주와인,하이볼,4,4,2.0,3,0,0,2025-04-13,2025-04 중순,0.0
211790, 해태)시모나꿀호떡120ml,아이스크림,노벨티,2,2,2.0,2,0,0,2025-04-13,2025-04 중순,0.0
124694,PB)고흥유자에이드320ml,즉석음료,파우치,4,1,2.0,0,0,2,2025-04-13,2025-04 중순,0.0
094212,롯데)세척방울토마토(150g),신선,과일,1,1,2.0,0,0,1,2025-04-19,2025-04 중순,0.0
108925,롯데)빼빼로초코8갑432g뉴진스24년데이,과자,비스킷류,2,2,2.0,2,0,0,2025-04-13,2025-04 중순,0.0
109722,칭따오330ml24입,맥주,수입맥주,2,2,2.0,2,0,0,2025-04-12,2025-04 중순,0.0
123584,농심)츄파춥스디즈니아크릴키링기획팩,과자,캔디류,2,2,2.0,2,0,0,2025-04-12,2025-04 중순,0.0
124601,감홍로40도400ml,전통주,기타전통주,2,2,2.0,2,0,0,2025-04-18,2025-04 중순,0.0
191263,샌드만화이트포트 580ml,양주와인,와인,2,2,2.0,2,0,0,2025-04-14,2025-04 중순,0.0
102789,천하)캐빈디쉬종합과일병캔디300g,과자,캔디류,1,1,2.0,0,0,1,2025-04-14,2025-04 중순,0.0
600990,엔제이)휘슬라무네포도향22g,과자,캔디류,1,1,2.0,0,0,1,2025-04-17,2025-04 중순,0.0
061555,정식품)베지밀B검은콩190ml,유음료,두유,1,1,2.0,0,0,1,2025-04-14,2025-04 중순,0.0
109728,하림)더미식갈비교자140g,냉동,냉동만두,2,2,2.0,2,0,0,2025-04-13,2025-04 중순,0.0
123677,바이엔슈테판 크리스탈(12입),맥주,수입맥주,2,2,2.0,2,0,0,2025-04-14,2025-04 중순,0.0
170972,오비)스텔라아르투아740ml캔,맥주,수입맥주,2,2,2.0,2,0,0,2025-04-13,2025-04 중순,0.0
352872,니베아)프로텍트선세럼90ml,미용/화장품,여성화장품,1,1,2.0,0,0,1,2025-04-14,2025-04 중순,0.0
109605,대웅)우루샷이브 2정_H,약품/의료품,의약외품,2,2,2.0,2,0,0,2025-04-12,2025-04 중순,0.0
421626,단순)미니수정테이프(투명)_H,문구/완구,일반문구,2,1,2.0,2,0,0,2025-04-13,2025-04 중순,0.0
105458,동원)아이스티(샤인머스캣)500ml,음료,차음료,4,4,2.0,3,0,0,2025-04-11,2025-04 중순,0.0
380626,라이온)아이깨끗해레몬250ml_H,H&B,화장비누/바디클렌저,2,1,2.0,2,0,0,2025-04-20,2025-04 중순,0.0
371487,LG)아우라1L(윌유메리미)_H,가정용품,세제류,2,2,2.0,2,0,0,2025-04-13,2025-04 중순,0.0
170915,하이트)켈리355ml캔,맥주,국산맥주,2,2,2.0,2,0,0,2025-04-16,2025-04 중순,0.0
123574,카구아 루즈 (6본입),맥주,수입맥주,1,1,2.0,0,0,1,2025-04-16,2025-04 중순,0.0
107793,K리그산리오)인형_페클,문구/완구,일반완구,1,1,2.0,0,0,1,2025-04-17,2025-04 중순,0.0
170431,벨트)볼파스엔젤맨라거568ml캔,맥주,수입맥주,2,2,2.0,2,0,0,2025-04-16,2025-04 중순,0.0
170813,칭따오퓨어드래프트*24입,맥주,수입맥주,2,2,2.0,2,0,0,2025-04-18,2025-04 중순,0.0
107078,농심)마라샹구리큰사발,면,용기면,4,4,2.0,3,0,0,2025-04-13,2025-04 중순,0.0
073247,PB)숯불고등어구이100g,냉장,냉장간편식,1,1,2.0,0,0,1,2025-04-12,2025-04 중순,0.0
107418,G)파스키에팡올레280g,빵,간식빵,2,2,2.0,2,0,0,2025-04-18,2025-04 중순,0.0
124888,토트넘 No.7 백마킹 네이비 티셔츠_95,패션잡화,시즌/소품,2,1,2.0,2,0,0,2025-04-11,2025-04 중순,0.0
105874,농심)웰치제로체리스트로베리600ml,음료,탄산음료,1,1,2.0,0,0,1,2025-04-14,2025-04 중순,0.0
123458,델리카토 1924 버번 배럴 까베르네 소비뇽,양주와인,와인,2,2,2.0,2,0,0,2025-04-12,2025-04 중순,0.0
109893,하쿠시카 도쿠베츠 혼죠조 야마다니시끼,전통주,기타전통주,2,1,2.0,2,0,0,2025-04-11,2025-04 중순,0.0
202663,칠성)탐스제로파인애플355ml,음료,탄산음료,1,1,2.0,0,0,1,2025-04-14,2025-04 중순,0.0
123373,크레스만 모노폴 화이트,양주와인,와인,2,2,2.0,2,0,0,2025-04-12,2025-04 중순,0.0
600342,하림)닭가슴살단백질바(베리),과자,프로틴/시리얼,1,1,2.0,0,0,1,2025-04-14,2025-04 중순,0.0
381448,신영)비너스압박올풀림방지_블랙_H,패션잡화,스타킹,2,2,2.0,2,0,0,2025-04-11,2025-04 중순,0.0
112283,오리온)오감자딥양념바베큐70g,과자,스낵류,3,3,2.0,1,0,1,2025-04-11,2025-04 중순,0.0
106290,롯데)죠스바0칼로리75ml,아이스크림,노벨티,2,2,2.0,2,0,0,2025-04-16,2025-04 중순,0.0
413640,라인)C타입일회용배터리2600_H,일용잡화,휴대폰/주변기기,2,2,2.0,2,0,0,2025-04-14,2025-04 중순,0.0
105681,CJ)작은햇반발아현미밥130g,가공식품,가공미반류,1,1,2.0,0,0,1,2025-04-13,2025-04 중순,0.0
161729,썬푸드)오잉20g,안주,오징어,1,1,2.0,0,0,1,2025-04-17,2025-04 중순,0.0
123086,더 글렌그란트 25년,양주와인,양주,2,2,2.0,2,0,0,2025-04-15,2025-04 중순,0.0
170691,배민)굿기분좋은맥주500ml캔,맥주,국산맥주,2,2,2.0,2,0,0,2025-04-15,2025-04 중순,0.0
372231,롯알)환경을생각하는종이컵30입,가정용품,행락용품,2,2,2.0,2,0,0,2025-04-16,2025-04 중순,0.0
180035,오비)카스355ml캔,맥주,국산맥주,2,2,2.0,2,0,0,2025-04-12,2025-04 중순,0.0
105302,PB)명인딸기에이드230ml,즉석음료,파우치,2,1,2.0,2,0,0,2025-04-12,2025-04 중순,0.0
161266,웅진)자연은알로에500ml,음료,주스,2,2,2.0,2,0,0,2025-04-14,2025-04 중순,0.0
133721,대상)순창양념듬뿍쌈장200g,조미료/건물,장류,1,1,2.0,0,0,1,2025-04-16,2025-04 중순,0.0
161615,샘표)질러갈릭바베큐육포30g,안주,육포,2,1,2.0,2,0,0,2025-04-16,2025-04 중순,0.0
061203,빙그레)따옴오렌지235ml,유음료,냉장주스,2,1,2.0,2,0,0,2025-04-11,2025-04 중순,0.0
062478,비알)이상한나라솜사탕우유190ml,유음료,가공우유,2,2,2.0,2,0,0,2025-04-14,2025-04 중순,0.0
180318,우리술)톡쏘는햅쌀막걸리950ml,전통주,막걸리,2,1,2.0,2,0,0,2025-04-11,2025-04 중순,0.0
160023,칠성)게토레이레몬1.5L,음료,스포츠음료,2,2,2.0,2,0,0,2025-04-15,2025-04 중순,0.0
123084,더 글렌그란트 18년,양주와인,양주,2,1,2.0,2,0,0,2025-04-15,2025-04 중순,0.0
106954,티젠)콤부차하이볼10T,건강/기호식품,차,3,3,1.0,2,0,0,2025-04-12,2025-04 중순,0.0
152490,오뚜기)미트스파게티소스400g,조미료/건물,소스류,1,1,1.0,1,0,0,2025-04-14,2025-04 중순,0.0
118940,리얼촉촉001콘돔3입,약품/의료품,의약외품,1,1,1.0,1,0,0,2025-04-12,2025-04 중순,0.0
107129,PB)얼음컵(라지)(제주),즉석음료,얼음,1,1,1.0,1,0,0,2025-04-12,2025-04 중순,0.0
123825,안유성명장 마늘갈비정식,미반,도시락,1,1,1.0,1,0,0,2025-04-15,2025-04 중순,0.0
201487,동서)TOP스위트아메리카노380ml,음료,커피음료,1,1,1.0,1,0,0,2025-04-11,2025-04 중순,0.0
105844,동화)부채표까스활75ml(10입),약품/의료품,의약외품,1,1,1.0,1,0,0,2025-04-16,2025-04 중순,0.0
093722,세븐팜)깐양파2입,신선,야채,1,1,1.0,1,0,0,2025-04-17,2025-04 중순,0.0
123487,크레스만 쏘떼른,양주와인,와인,1,1,1.0,1,0,0,2025-04-12,2025-04 중순,0.0
202528,광동)밀싹보리차500ml,음료,차음료,1,1,1.0,1,0,0,2025-04-16,2025-04 중순,0.0
115307,불렛 버번 700ml,양주와인,양주,1,1,1.0,1,0,0,2025-04-17,2025-04 중순,0.0
161844,코주부)왕쥐포2마리70g,안주,생선류,1,1,1.0,1,0,0,2025-04-20,2025-04 중순,0.0
109883,월계관 더컵(5입) (캠핑추천),전통주,기타전통주,1,1,1.0,1,0,0,2025-04-12,2025-04 중순,0.0
123500,롯데)닭가슴살스테이크도시락,미반,도시락,1,1,1.0,1,0,0,2025-04-15,2025-04 중순,0.0
093125,롯데)컷팅오렌지180g,신선,과일,1,1,1.0,1,0,0,2025-04-11,2025-04 중순,0.0
161348,칠성)밀키스1．5pet,음료,탄산음료,1,1,1.0,1,0,0,2025-04-16,2025-04 중순,0.0
170944,오비)스텔라아르투아330ml(6입),맥주,수입맥주,1,1,1.0,1,0,0,2025-04-19,2025-04 중순,0.0
170506,에이이)코젤라거500ml캔,맥주,수입맥주,1,1,1.0,1,0,0,2025-04-18,2025-04 중순,0.0
162412,봄날)자색군고구마칩40g,안주,농산안주,1,1,1.0,1,0,0,2025-04-11,2025-04 중순,0.0
200740,웅진)자연은프리미엄세트,음료,선물세트,1,1,1.0,1,0,0,2025-04-12,2025-04 중순,0.0
124596,문배술40도200ml(2입),전통주,기타전통주,1,1,1.0,1,0,0,2025-04-20,2025-04 중순,0.0
104654,롯데)허쉬밀크초콜릿40g,과자,초콜릿,1,1,1.0,1,0,0,2025-04-11,2025-04 중순,0.0
114798,코노수르 싱글빈야드 피노누아750ml,양주와인,와인,1,1,1.0,1,0,0,2025-04-20,2025-04 중순,0.0
202372,칠성)칠성사이다제로1.5L,음료,탄산음료,1,1,1.0,1,0,0,2025-04-19,2025-04 중순,0.0
360568,건치)치간칫솔0.8mm_H,H&B,칫솔,1,1,1.0,1,0,0,2025-04-18,2025-04 중순,0.0
202139,쥬맥스)모구모구(파인애플)320ml,음료,주스,1,1,1.0,1,0,0,2025-04-15,2025-04 중순,0.0
124914,해태)부라보바닐라라이트160ml,아이스크림,노벨티,1,1,1.0,1,0,0,2025-04-11,2025-04 중순,0.0
109886,핫카이산 다이긴죠,전통주,기타전통주,1,1,1.0,1,0,0,2025-04-18,2025-04 중순,0.0
118185,롯데)초에너지바40g,과자,프로틴/시리얼,1,1,1.0,1,0,0,2025-04-17,2025-04 중순,0.0
162357,케이)칸오징어한돈육포40g,안주,육포,1,1,1.0,1,0,0,2025-04-11,2025-04 중순,0.0
107432,K리그X산리오 스트랩키링(페클/인천),문구/완구,일반완구,1,1,1.0,1,0,0,2025-04-15,2025-04 중순,0.0
212047,하겐)컵피스타치오앤크림100ml,아이스크림,고급,1,1,1.0,1,0,0,2025-04-14,2025-04 중순,0.0
190089,금복주)참소주640ml페트,전통주,소주,1,1,1.0,1,0,0,2025-04-19,2025-04 중순,0.0
109891,하쿠시카 긴죠 나마죠조,전통주,기타전통주,1,1,1.0,1,0,0,2025-04-11,2025-04 중순,0.0
052660,칠성)칸타타카라멜마끼야또230ml,즉석음료,파우치,1,1,1.0,1,0,0,2025-04-14,2025-04 중순,0.0
202633,쥬맥스)모구모구(블랙커런트),음료,주스,1,1,1.0,1,0,0,2025-04-18,2025-04 중순,0.0
601574,오리온)핫브레이크오리지널45g,과자,초콜릿,1,1,1.0,1,0,0,2025-04-12,2025-04 중순,0.0
161616,샘표)질러크레이지핫육포30g,안주,육포,1,1,1.0,1,0,0,2025-04-16,2025-04 중순,0.0
109537,호재준)냉동다진마늘180g,냉동,신선냉동,1,1,1.0,1,0,0,2025-04-19,2025-04 중순,0.0
410294,존슨)훼이셜포밍크렌져150ml_H,미용/화장품,여성화장품,1,1,1.0,1,0,0,2025-04-18,2025-04 중순,0.0
123153,케이)칸명가마라먹태30g,안주,생선류,1,1,1.0,1,0,0,2025-04-18,2025-04 중순,0.0
361999,LG)엘라스틴실크리페어샴푸400ml_H,H&B,샴푸/린스,1,1,1.0,1,0,0,2025-04-18,2025-04 중순,0.0
413298,마즈)쉬바멜티닭고기2가지맛_H,일용잡화,반려동물용품,1,1,1.0,1,0,0,2025-04-11,2025-04 중순,0.0
192481,트레드소프틀리핑크진700ml,양주와인,양주,1,1,1.0,1,0,0,2025-04-16,2025-04 중순,0.0
123372,들라스 꼬뜨 방뚜,양주와인,와인,1,1,1.0,1,0,0,2025-04-17,2025-04 중순,0.0
600873,삼경)코로로샤인머스켓48g,과자,젤리류,1,1,1.0,1,0,0,2025-04-20,2025-04 중순,0.0
124872,맨시티 페이드 머그컵,패션잡화,시즌/소품,1,1,1.0,1,0,0,2025-04-11,2025-04 중순,0.0
600838,롯데)꼬깔콘고소한맛(대)134g,과자,스낵류,1,1,1.0,1,0,0,2025-04-17,2025-04 중순,0.0
170687,칼스)칼스버그500ml캔(4입),맥주,수입맥주,1,1,1.0,1,0,0,2025-04-19,2025-04 중순,0.0
141668,오뚜기)오즈키친치킨마살라,가공식품,상온간편식,1,1,1.0,1,0,0,2025-04-16,2025-04 중순,0.0
181085,롯데)로제청하스파클링295ml병,전통주,기타전통주,1,1,1.0,1,0,0,2025-04-19,2025-04 중순,0.0
202652,티젠)콤부차스파클링티(레몬)340,음료,탄산음료,1,1,1.0,1,0,0,2025-04-13,2025-04 중순,0.0
108716,크라운)흑미하임142g,과자,비스킷류,1,1,1.0,1,0,0,2025-04-16,2025-04 중순,0.0
202150,동서)콜롬비아나마스터블랙500ml,음료,커피음료,1,1,1.0,1,0,0,2025-04-17,2025-04 중순,0.0
371155,롯알)맥스부탄가스220g,가정용품,행락용품,1,1,1.0,1,0,0,2025-04-16,2025-04 중순,0.0
201964,HK)컨디션CEO150ml,음료,기능성드링크,1,1,1.0,1,0,0,2025-04-18,2025-04 중순,0.0
094203,세븐팜)국내산흙대파450g(봉),신선,야채,1,1,1.0,1,0,0,2025-04-16,2025-04 중순,0.0
073514,진주햄)천하장사더건강하닭60g,냉장,냉장간식,1,1,1.0,1,0,0,2025-04-14,2025-04 중순,0.0
109887,핫카이산도쿠베츠쥰마이,전통주,기타전통주,1,1,1.0,1,0,0,2025-04-18,2025-04 중순,0.0
106665,해태)감자칩더블솔트(빵빵이)60g,과자,스낵류,1,1,1.0,1,0,0,2025-04-19,2025-04 중순,0.0
113165,싱글톤 더프타운12년 700ml,양주와인,양주,1,1,1.0,1,0,0,2025-04-14,2025-04 중순,0.0
061579,서울)초코꿀단지180ml,유음료,가공우유,1,1,1.0,1,0,0,2025-04-18,2025-04 중순,0.0
372023,싸다고)홈스타뿌리는곰팡이싹750_H,가정용품,세제류,1,1,1.0,1,0,0,2025-04-17,2025-04 중순,0.0
071088,풀무원)목초란 10입,신선,수축산/계란,1,1,1.0,1,0,0,2025-04-17,2025-04 중순,0.0
115821,일신)쥬시드롭팝캔디4000,과자,캔디류,1,1,1.0,1,0,0,2025-04-14,2025-04 중순,0.0
106130,진로)진로골드360ml병,전통주,소주,1,1,1.0,1,0,0,2025-04-17,2025-04 중순,0.0
352804,맨담)갸스비매트하드스프레이200_H,미용/화장품,헤어스타일링,1,1,1.0,1,0,0,2025-04-18,2025-04 중순,0.0
201488,동서)TOP더블랙380ml,음료,커피음료,1,1,1.0,1,0,0,2025-04-15,2025-04 중순,0.0
382341,제우)스트라이프스포츠양말(남성_H,패션잡화,양말,1,1,1.0,1,0,0,2025-04-19,2025-04 중순,0.0
105880,나무)빵빵이랜덤뱃지캔디5g,과자,캔디류,1,1,1.0,1,0,0,2025-04-16,2025-04 중순,0.0
106672,아이)짱구는못말려입술캔디10g,과자,캔디류,1,1,1.0,1,0,0,2025-04-16,2025-04 중순,0.0
601159,롯데)꼬깔콘매콤달콤(대),과자,스낵류,1,1,1.0,1,0,0,2025-04-17,2025-04 중순,0.0
372029,나무)친환경음료수컵20입,가정용품,행락용품,1,1,1.0,1,0,0,2025-04-14,2025-04 중순,0.0
119411,하리보)복숭아젤리(피치)100g,과자,젤리류,1,1,1.0,1,0,0,2025-04-16,2025-04 중순,0.0
124599,담솔40도375ml,전통주,기타전통주,1,1,1.0,1,0,0,2025-04-16,2025-04 중순,0.0
106744,담터)콤부차애플망고10입(고라파덕),건강/기호식품,차,1,1,1.0,1,0,0,2025-04-14,2025-04 중순,0.0
132689,하림)장인라면얼큰한맛봉지,면,봉지면,1,1,1.0,1,0,0,2025-04-18,2025-04 중순,0.0
119910,롯데)마가렛트8입176g,과자,비스킷류,1,1,1.0,1,0,0,2025-04-16,2025-04 중순,0.0
108800,새롬)사과 2입(400g내외),신선,과일,1,1,1.0,1,0,0,2025-04-16,2025-04 중순,0.0
381450,신영)비너스압박올풀림방지_살구_H,패션잡화,스타킹,1,1,1.0,1,0,0,2025-04-14,2025-04 중순,0.0
361136,PB)컴팩트헤드칫솔_H,H&B,칫솔,1,1,1.0,1,0,0,2025-04-11,2025-04 중순,0.0
109323,설성)내슈빌찹스테이크150g,냉동,신선냉동,1,1,1.0,1,0,0,2025-04-12,2025-04 중순,0.0
119776,로투스)비스코프샌드오리지널150,과자,비스킷류,1,1,1.0,1,0,0,2025-04-16,2025-04 중순,0.0
162081,PB)제주흑돈직화육포40g,안주,육포,1,1,1.0,1,0,0,2025-04-20,2025-04 중순,0.0
115438,주라 21년 700ml,양주와인,양주,1,1,1.0,1,0,0,2025-04-15,2025-04 중순,0.0
420585,모나미)샤프심HB(0.5)_H,문구/완구,일반문구,1,1,1.0,1,0,0,2025-04-20,2025-04 중순,0.0
141692,동원)야채참치90g,가공식품,캔,1,1,1.0,1,0,0,2025-04-11,2025-04 중순,0.0
117817,농심)멘토스콜라향,과자,캔디류,1,1,1.0,1,0,0,2025-04-12,2025-04 중순,0.0
109973,칸테라까버네쇼비뇽750ml(6입),양주와인,와인,1,1,1.0,1,0,0,2025-04-16,2025-04 중순,0.0
420012,모나미)컷팅자(15Cm)_H,문구/완구,일반문구,1,1,1.0,1,0,0,2025-04-17,2025-04 중순,0.0
220645,농심)보노콘스프3입,가공식품,상온간편식,2,2,1.0,0,0,1,2025-04-16,2025-04 중순,0.0
124901,크리오)대일안티스카메디혼합밴드4매_H,약품/의료품,의약외품,1,1,1.0,1,0,0,2025-04-19,2025-04 중순,0.0
141475,CJ)컵반빅치즈닭갈비덮밥,가공식품,가공미반류,1,1,1.0,1,0,0,2025-04-14,2025-04 중순,0.0
123484,랑메일 블랙스미스 까베르네 소비뇽,양주와인,와인,1,1,1.0,1,0,0,2025-04-15,2025-04 중순,0.0
202520,농심)카프리썬오렌지망고200ml,음료,주스,1,1,1.0,1,0,0,2025-04-11,2025-04 중순,0.0
094332,세븐팜)백오이3입(240g),신선,야채,2,1,1.0,0,0,1,2025-04-15,2025-04 중순,0.0
113429,롯데)드림카카오72%,과자,초콜릿,1,1,1.0,1,0,0,2025-04-20,2025-04 중순,0.0
107809,K리그산리오)인형 키링_코로쿠리링,문구/완구,일반완구,1,1,1.0,1,0,0,2025-04-17,2025-04 중순,0.0
150154,하겐)파인트딸기,아이스크림,고급,1,1,1.0,1,0,0,2025-04-17,2025-04 중순,0.0
191634,롯데)더슬라우치쉬라즈750ml,양주와인,와인,1,1,1.0,1,0,0,2025-04-11,2025-04 중순,0.0
202210,코카)스프라이트355ml,음료,탄산음료,1,1,1.0,1,0,0,2025-04-19,2025-04 중순,0.0
062101,칠성)오가닉사과&당근주스125ml,유음료,냉장주스,1,1,1.0,1,0,0,2025-04-11,2025-04 중순,0.0
421363,모나미)FX153(흑)_H,문구/완구,일반문구,1,1,1.0,1,0,0,2025-04-16,2025-04 중순,0.0
413416,듀라셀)코인건전지2032(4입)_H,일용잡화,건전지,1,1,1.0,1,0,0,2025-04-14,2025-04 중순,0.0
109902,기쿠마사무네 시보리다테 실버팩(2입),전통주,기타전통주,1,1,1.0,1,0,0,2025-04-11,2025-04 중순,0.0
108412,고운벗)워즈로프구미21g,과자,젤리류,1,1,1.0,1,0,0,2025-04-20,2025-04 중순,0.0
391074,좋은느낌유기농순면수퍼롱오버8,위생용품,생리대,1,1,1.0,1,0,0,2025-04-18,2025-04 중순,0.0
124756,삼립)런치킨브레스트콤보샐러드,간식,샐러드(삭제예정),1,1,1.0,1,0,0,2025-04-11,2025-04 중순,0.0
170422,에이이)페로니500ml캔,맥주,수입맥주,1,1,1.0,1,0,0,2025-04-17,2025-04 중순,0.0
192127,산타리타메달야레알그란샤도,양주와인,와인,1,1,1.0,1,0,0,2025-04-11,2025-04 중순,0.0
123676,바이엔슈테판 둔켈(12입),맥주,수입맥주,1,1,1.0,1,0,0,2025-04-19,2025-04 중순,0.0
440485,모나미)프로캇타칼날(대형)_H,문구/완구,일반문구,1,1,1.0,1,0,0,2025-04-16,2025-04 중순,0.0
180729,금복주)맛있는참오리지널360ml병,전통주,소주,1,1,1.0,1,0,0,2025-04-19,2025-04 중순,0.0
105366,대호)Big디카페인블랙320ml,즉석음료,파우치,1,1,1.0,1,0,0,2025-04-17,2025-04 중순,0.0
435951,티아츠)랜덤토미카_H,문구/완구,일반완구,1,1,1.0,1,0,0,2025-04-15,2025-04 중순,0.0
123310,삼립)잼있는미니사과쿠키(20입),빵,구움과자,1,1,1.0,1,0,0,2025-04-20,2025-04 중순,0.0
170522,오비)필굿1.6L페트,맥주,국산맥주,1,1,1.0,1,0,0,2025-04-15,2025-04 중순,0.0
113720,롯데)쥬시후레쉬스틱,과자,껌,1,1,1.0,1,0,0,2025-04-20,2025-04 중순,0.0
192631,페르)발렌타인파이니스트500ml,양주와인,양주,1,1,1.0,1,0,0,2025-04-17,2025-04 중순,0.0
170886,하이트)1664블랑로제500ml캔,맥주,수입맥주,1,1,1.0,1,0,0,2025-04-19,2025-04 중순,0.0
103432,농심)츄파춥스(150입),과자,캔디류,1,1,1.0,1,0,0,2025-04-16,2025-04 중순,0.0
191130,장성)원글라스산지오베제100ml,양주와인,와인,1,1,1.0,1,0,0,2025-04-12,2025-04 중순,0.0
121795,네슬레)수프리모골드마일드20입,건강/기호식품,커피,1,1,1.0,1,0,0,2025-04-14,2025-04 중순,0.0
106201,오리온)초코파이하우스초코12P,과자,비스킷류,1,1,1.0,1,0,0,2025-04-18,2025-04 중순,0.0
190121,배상면)산사춘300ml,전통주,기타전통주,1,1,1.0,1,0,0,2025-04-20,2025-04 중순,0.0
141142,오뚜기)옛날사골곰탕500ml,가공식품,상온간편식,1,1,1.0,1,0,0,2025-04-18,2025-04 중순,0.0
114263,롯데)아이스브레이커스멜론&레몬,과자,캔디류,1,1,1.0,1,0,0,2025-04-20,2025-04 중순,0.0
123330,마즈)몰티저스트러플200g,과자,초콜릿,1,1,1.0,1,0,0,2025-04-16,2025-04 중순,0.0
105665,서주)탱글탱글골드키위40g,과자,젤리류,1,1,1.0,1,0,0,2025-04-19,2025-04 중순,0.0
170616,오비)버드와이저330ml캔,맥주,수입맥주,1,1,1.0,1,0,0,2025-04-18,2025-04 중순,0.0
124923,하겐)티라미수바80ml,아이스크림,고급,1,1,1.0,1,0,0,2025-04-15,2025-04 중순,0.0
202693,칠성)칠성사이다제로블루500ml,음료,탄산음료,1,1,1.0,1,0,0,2025-04-18,2025-04 중순,0.0
220038,오뚜기)3분햄버그스테이크,가공식품,상온간편식,1,1,1.0,1,0,0,2025-04-12,2025-04 중순,0.0
202646,코카)닥터페퍼제로355ml,음료,탄산음료,1,1,1.0,1,0,0,2025-04-13,2025-04 중순,0.0
190969,페르)앱솔루트보드카375ml,양주와인,양주,1,1,1.0,1,0,0,2025-04-11,2025-04 중순,0.0
121379,동서)미니카누마일드100입,건강/기호식품,커피,1,1,1.0,1,0,0,2025-04-11,2025-04 중순,0.0
123152,케이)칸명가매콤달콤먹태30g,안주,생선류,1,1,1.0,1,0,0,2025-04-15,2025-04 중순,0.0
600715,오리온)꼬북칩크런치즈80g,과자,스낵류,2,1,1.0,0,0,1,2025-04-20,2025-04 중순,0.0
370984,P&G)다우니블루1L_H,가정용품,세제류,1,1,1.0,1,0,0,2025-04-12,2025-04 중순,0.0
132687,하림)장인라면담백한맛봉지,면,봉지면,1,1,1.0,1,0,0,2025-04-17,2025-04 중순,0.0
601521,에이트)스트라이킹금박스티커캔,과자,초콜릿,1,1,1.0,1,0,0,2025-04-17,2025-04 중순,0.0
124583,진도홍주40도375ml(2입),전통주,기타전통주,1,1,1.0,1,0,0,2025-04-17,2025-04 중순,0.0
123798,1키키쿼카)봉제자석스마트톡,과자,캔디류,1,1,1.0,1,0,0,2025-04-11,2025-04 중순,0.0
124418,매크로)레옹사우어비타민C자몽젤리80g,과자,젤리류,1,1,1.0,1,0,0,2025-04-15,2025-04 중순,0.0
170550,하이트)필라이트후레쉬355ml캔,맥주,국산맥주,1,1,1.0,1,0,0,2025-04-19,2025-04 중순,0.0
123322,피치)동결건조에그젤리12g,과자,젤리류,1,1,1.0,1,0,0,2025-04-11,2025-04 중순,0.0
107427,K리그X산리오 스트랩키링(케로피/대전),문구/완구,일반완구,1,1,1.0,1,0,0,2025-04-12,2025-04 중순,0.0
053062,우리밀핫도그,즉석 식품,즉석치킨,1,1,1.0,1,0,0,2025-04-14,2025-04 중순,0.0
123841,행사하리보)자몽젤리,과자,젤리류,1,1,1.0,1,0,0,2025-04-18,2025-04 중순,0.0
372213,롯알)사각때타올(2입)_H,가정용품,욕실용품,1,1,1.0,1,0,0,2025-04-11,2025-04 중순,0.0
109160,CJ)아삭열무김치보리밥295g,냉장,냉장간편식,1,1,1.0,1,0,0,2025-04-11,2025-04 중순,0.0
113392,오리온)후레쉬베리3300(6입),과자,비스킷류,1,1,1.0,1,0,0,2025-04-13,2025-04 중순,0.0
202307,OKF)그린스무디350ml,음료,주스,1,1,1.0,1,0,0,2025-04-11,2025-04 중순,0.0
119827,마즈)엠앤엠즈블록크리스피44g,과자,초콜릿,1,1,1.0,1,0,0,2025-04-18,2025-04 중순,0.0
123796,1키키쿼카)얼굴쿠션,과자,캔디류,1,1,1.0,1,0,0,2025-04-18,2025-04 중순,0.0
161572,정화)숯불다리구이50g,안주,오징어,1,1,1.0,1,0,0,2025-04-19,2025-04 중순,0.0
371023,P&G)차량용페브리즈(맑은바람_H,가정용품,방향제,1,1,1.0,1,0,0,2025-04-19,2025-04 중순,0.0
124584,더한서울의밤25도375ml(3입),전통주,기타전통주,1,1,1.0,1,0,0,2025-04-15,2025-04 중순,0.0
108781,유한)좋은느낌무표백입는오버대형4P,위생용품,생리대,1,1,1.0,1,0,0,2025-04-17,2025-04 중순,0.0
211133,하겐)바닐라카라멜아몬드80ml,아이스크림,고급,1,1,1.0,1,0,0,2025-04-17,2025-04 중순,0.0
123116,파머스)피스터블아몬드초콜릿60g,과자,초콜릿,1,1,1.0,1,0,0,2025-04-14,2025-04 중순,0.0
400926,동국)마데카솔연고_H,약품/의료품,의약외품,1,1,1.0,1,0,0,2025-04-13,2025-04 중순,0.0
191022,페르)발렌타인파이니스트200ml,양주와인,양주,1,1,1.0,1,0,0,2025-04-19,2025-04 중순,0.0
129673,딸기키티)베리베리마카롱75g,디저트,냉장베이커리,1,1,1.0,1,0,0,2025-04-11,2025-04 중순,0.0
834791,"3월 삼각김밥,김밥 구독",,,1,1,1.0,1,0,0,2025-04-20,2025-04 중순,0.0
062607,비알)자모카아몬드훠지밀키300ml,유음료,컵커피,1,1,1.0,1,0,0,2025-04-13,2025-04 중순,0.0
132817,오뚜기)참깨라면볶음면큰컵,면,용기면,1,1,1.0,1,0,0,2025-04-11,2025-04 중순,0.0
115574,얼리타임즈 700ml,양주와인,양주,1,1,1.0,1,0,0,2025-04-19,2025-04 중순,0.0
150758,나뚜루)초코파인트,아이스크림,고급,1,1,1.0,1,0,0,2025-04-11,2025-04 중순,0.0
170423,오비)스텔라아르투아330ml캔,맥주,수입맥주,1,1,1.0,1,0,0,2025-04-12,2025-04 중순,0.0
192124,킬리카눈킬러맨즈런카버네,양주와인,와인,1,1,1.0,1,0,0,2025-04-16,2025-04 중순,0.0
062390,비알)쿠키앤크림우유190ml,유음료,가공우유,2,1,1.0,0,0,1,2025-04-16,2025-04 중순,0.0
107198,한성)NEW숯불구이맛후랑크70g,냉장,냉장간식,5,5,1.0,3,0,0,2025-04-12,2025-04 중순,0.0
202640,오츠카)나랑드사이다그린애플245,음료,탄산음료,3,3,1.0,2,0,0,2025-04-14,2025-04 중순,0.0
124879,토트넘 No.7 마킹 네이비 티셔츠_95,패션잡화,시즌/소품,1,1,1.0,1,0,0,2025-04-11,2025-04 중순,0.0
106031,롯데)제로틴케이스캔디(페퍼민트)28g,과자,캔디류,1,1,1.0,1,0,0,2025-04-18,2025-04 중순,0.0
151288,오뚜기)씻어나온쌀(명품)3kg,신선,쌀/잡곡,1,1,1.0,1,0,0,2025-04-13,2025-04 중순,0.0
402018,쉬즈)사가미오리지널2입(0.01mm)_H,약품/의료품,의약외품,1,1,1.0,1,0,0,2025-04-11,2025-04 중순,0.0
106427,칠성)오트몬드프로틴초코190ml,유음료,프로틴 음료,1,1,1.0,1,0,0,2025-04-15,2025-04 중순,0.0
600313,해태)홈런볼128g,과자,비스킷류,2,2,1.0,0,0,1,2025-04-16,2025-04 중순,0.0
162337,썬푸드)치즈파스타맛오징어30g,안주,오징어,1,1,1.0,1,0,0,2025-04-19,2025-04 중순,0.0
105303,PB)구좌당근사과에이드230ml,즉석음료,파우치,1,1,1.0,1,0,0,2025-04-11,2025-04 중순,0.0
124598,국순당여주명주려40도375ml(2입),전통주,기타전통주,1,1,1.0,1,0,0,2025-04-12,2025-04 중순,0.0
133734,종가집)열무김치80g,냉장,냉장간편식,1,1,1.0,1,0,0,2025-04-18,2025-04 중순,0.0
202713,베스킨)피치요거트워터500,음료,주스,1,1,1.0,1,0,0,2025-04-20,2025-04 중순,0.0
117115,롯데)화이트쿠키빼빼로37g,과자,비스킷류,1,1,1.0,1,0,0,2025-04-16,2025-04 중순,0.0
107507,PB)코털가위_H,미용/화장품,미용소품,1,1,1.0,1,0,0,2025-04-13,2025-04 중순,0.0
181039,한라산)순한16 360ml병,전통주,소주,1,1,1.0,1,0,0,2025-04-11,2025-04 중순,0.0
210695,롯데)셀렉션500ml,아이스크림,홈타입,1,1,1.0,1,0,0,2025-04-11,2025-04 중순,0.0
201825,그래)여명1004 140ml,음료,기능성드링크,1,1,1.0,1,0,0,2025-04-17,2025-04 중순,0.0
107540,글로브)밀크쌀과자(치즈맛)240g,과자,스낵류,1,1,1.0,1,0,0,2025-04-20,2025-04 중순,0.0
107186,오뚜기)현미쇠고기죽285g,가공식품,가공미반류,1,1,1.0,1,0,0,2025-04-18,2025-04 중순,0.0
600817,농심)멘토스2in1(피치소다),과자,캔디류,2,2,1.0,0,0,1,2025-04-13,2025-04 중순,0.0
109988,아카시타이 시아우메 우메슈,전통주,기타전통주,1,1,1.0,1,0,0,2025-04-18,2025-04 중순,0.0
202336,칠성)델몬트포도100 1.5L,음료,주스,2,1,1.0,0,0,1,2025-04-13,2025-04 중순,0.0
390902,LG)귀애랑대형4P,위생용품,생리대,1,1,1.0,1,0,0,2025-04-11,2025-04 중순,0.0
118576,훼미리)아폴로35g,과자,캔디류,1,1,1.0,1,0,0,2025-04-14,2025-04 중순,0.0
202639,오츠카)나랑드사이다(파인)245ml,음료,탄산음료,1,1,1.0,1,0,0,2025-04-20,2025-04 중순,0.0
091971,돌코리아)후룻바틀황도666g,신선,과일,1,1,1.0,1,0,0,2025-04-13,2025-04 중순,0.0
202572,칠성)더하다보리차500ml,음료,차음료,1,1,1.0,1,0,0,2025-04-20,2025-04 중순,0.0
391077,유한)화이트수퍼흡수대형16P,위생용품,생리대,1,1,1.0,1,0,0,2025-04-17,2025-04 중순,0.0
421303,모나미)플러스펜(2입)_후크형_H,문구/완구,일반문구,1,1,1.0,1,0,0,2025-04-11,2025-04 중순,0.0
601309,크라운)짜먹는홍삼양갱1000,과자,캔디류,1,1,1.0,1,0,0,2025-04-15,2025-04 중순,0.0
106778,유디)하와이안마카다미아쿠키50g,과자,비스킷류,1,1,1.0,1,0,0,2025-04-17,2025-04 중순,0.0
108659,휴에르)KF94마스크 5입(블랙)_H,약품/의료품,의약외품,1,1,1.0,1,0,0,2025-04-16,2025-04 중순,0.0
112279,PB)머거본칼몬드60g,안주,너트류,1,1,1.0,1,0,0,2025-04-12,2025-04 중순,0.0
141292,CJ)스팸김치덮밥(컵반),가공식품,가공미반류,1,1,1.0,1,0,0,2025-04-14,2025-04 중순,0.0
601113,선린)호박찹쌀약과,과자,비스킷류,1,1,1.0,1,0,0,2025-04-14,2025-04 중순,0.0
391114,유한)좋은느낌울트라날개소18P,위생용품,생리대,1,1,1.0,1,0,0,2025-04-15,2025-04 중순,0.0
115173,스미노프 그린애플 700ml,양주와인,양주,1,1,1.0,1,0,0,2025-04-17,2025-04 중순,0.0
108957,프로엠)트윙클다이아set,과자,비스킷류,1,1,1.0,1,0,0,2025-04-18,2025-04 중순,0.0
391102,깨끗한)디어스킨리얼모달대형14P,위생용품,생리대,1,1,1.0,1,0,0,2025-04-13,2025-04 중순,0.0
123158,코젤라거 500ml캔(24입),맥주,수입맥주,1,1,1.0,1,0,0,2025-04-18,2025-04 중순,0.0
061931,몽블랑)까망베르큐브치즈100g,유음료,유제품,1,1,1.0,1,0,0,2025-04-20,2025-04 중순,0.0
124949,동원)저스트파인애플822g,가공식품,캔,1,1,1.0,1,0,0,2025-04-14,2025-04 중순,0.0
362572,LG)핑크솔트시카샴푸200ml_H,H&B,샴푸/린스,1,1,1.0,1,0,0,2025-04-17,2025-04 중순,0.0
107197,삼립)달콤한애플케익90g,빵,간식빵,1,1,1.0,1,0,0,2025-04-13,2025-04 중순,0.0
202438,동원)아이스티(레몬)500ml,음료,차음료,1,1,1.0,1,0,0,2025-04-19,2025-04 중순,0.0
202651,이디야)트리플바닐라라떼500ml,음료,커피음료,1,1,1.0,1,0,0,2025-04-12,2025-04 중순,0.0
113168,돈훌리오 아녜호 750ml,양주와인,양주,1,1,1.0,1,0,0,2025-04-17,2025-04 중순,0.0
123797,1키키쿼카)밍크담요,과자,캔디류,1,1,1.0,1,0,0,2025-04-15,2025-04 중순,0.0
123823,델리팜)투시팝미니어쳐50g,과자,캔디류,1,1,1.0,1,0,0,2025-04-17,2025-04 중순,0.0
141394,CJ)비비고갈비탕400g,가공식품,상온간편식,1,1,1.0,1,0,0,2025-04-20,2025-04 중순,0.0
115585,삼립)잼있는미니딸기쿠키(20입),빵,구움과자,1,1,1.0,1,0,0,2025-04-15,2025-04 중순,0.0
391126,하기스)네이처기저귀4단계3P,위생용품,기저귀,1,1,1.0,1,0,0,2025-04-20,2025-04 중순,0.0
160408,코카)환타오렌지600ml,음료,탄산음료,1,1,1.0,1,0,0,2025-04-15,2025-04 중순,0.0
601419,훼밀리)케어베어자일리톨구미(요,과자,젤리류,1,1,1.0,1,0,0,2025-04-17,2025-04 중순,0.0
601420,훼밀리)케어베어자일리톨구미(포,과자,젤리류,1,1,1.0,1,0,0,2025-04-20,2025-04 중순,0.0
371760,피죤)스프레이80ml(미스틱레인)_H,가정용품,방향제,1,1,1.0,1,0,0,2025-04-17,2025-04 중순,0.0
372232,롯알)환경을생각하는종이컵50입,가정용품,행락용품,1,1,1.0,1,0,0,2025-04-13,2025-04 중순,0.0
140008,농심)보노체다치즈스프3입,가공식품,상온간편식,1,1,1.0,1,0,0,2025-04-19,2025-04 중순,0.0
362251,P&G)질레트센서3일회용면도기1입_H,H&B,면도용품,1,1,1.0,1,0,0,2025-04-17,2025-04 중순,0.0
123581,농심)츄파춥스슈퍼메가 ,과자,캔디류,1,1,1.0,1,0,0,2025-04-14,2025-04 중순,0.0
123286,디카이퍼 그레이프후르트700ml,양주와인,양주,1,1,1.0,1,0,0,2025-04-11,2025-04 중순,0.0
371992,나무)은박돗자리(중형),가정용품,행락용품,1,1,1.0,1,0,0,2025-04-12,2025-04 중순,0.0
062386,PB)헬로맨아메리카노320ml,유음료,컵커피,1,1,1.0,1,0,0,2025-04-19,2025-04 중순,0.0
362313,LG)엘라스틴 러브미샴푸600ml_H,H&B,샴푸/린스,1,1,1.0,1,0,0,2025-04-20,2025-04 중순,0.0
122428,티젠)콤부차피치10입,건강/기호식품,차,1,1,1.0,1,0,0,2025-04-19,2025-04 중순,0.0
421253,모나미)컷터칼(대)_H,문구/완구,일반문구,1,1,1.0,1,0,0,2025-04-18,2025-04 중순,0.0
200408,롯데)옐로우테일샤도네750ml,양주와인,와인,1,1,1.0,1,0,0,2025-04-20,2025-04 중순,0.0
072885,이가)얼큰한우육탕면225g,냉장,냉장간편식,1,1,1.0,1,0,0,2025-04-18,2025-04 중순,0.0
122563,담터)콤부차레몬10T피카츄,건강/기호식품,차,1,1,1.0,1,0,0,2025-04-11,2025-04 중순,0.0
160597,코카)스프라이트250ml,음료,탄산음료,1,1,1.0,1,0,0,2025-04-18,2025-04 중순,0.0
108614,팜스)완숙토마토550g,신선,과일,1,1,1.0,1,0,0,2025-04-11,2025-04 중순,0.0
141726,휴드)세븐틴매콤달콤떡볶이,가공식품,가공미반류,1,1,1.0,1,0,0,2025-04-20,2025-04 중순,0.0
105670,티머니)라인프렌즈_강원도여행,서비스 상품,일반서비스,1,1,1.0,1,0,0,2025-04-15,2025-04 중순,0.0
202712,베스킨)레인보우샤베트워터500,음료,주스,1,1,1.0,1,0,0,2025-04-17,2025-04 중순,0.0
113146,브룩라디 포트샬롯 10년 700ml,양주와인,양주,1,1,1.0,1,0,0,2025-04-18,2025-04 중순,0.0
202723,광동)진한헛개차500ml,음료,차음료,1,1,1.0,1,0,0,2025-04-14,2025-04 중순,0.0
180910,롯데)순하리레몬진7.0 500ml캔,전통주,기타전통주,1,1,1.0,1,0,0,2025-04-19,2025-04 중순,0.0
112056,오리온)참붕어빵174g(6입),과자,비스킷류,1,1,1.0,1,0,0,2025-04-18,2025-04 중순,0.0
324300,SK텔링크)알뜰유심,서비스 상품,일반서비스,1,1,1.0,1,0,0,2025-04-15,2025-04 중순,0.0
108927,롯데)빼빼로아몬드8갑296g뉴진스24년데이,과자,비스킷류,1,1,1.0,1,0,0,2025-04-12,2025-04 중순,0.0
180641,선양)맑을린360ml병,전통주,소주,1,1,1.0,1,0,0,2025-04-14,2025-04 중순,0.0
115471,탐나불린 더블캐스크 700ml,양주와인,양주,1,1,1.0,1,0,0,2025-04-17,2025-04 중순,0.0
371118,굿지앤)다회용맥주컵3입,가정용품,행락용품,1,1,1.0,1,0,0,2025-04-16,2025-04 중순,0.0
114209,에이원)스위트롤리팝,과자,캔디류,1,1,1.0,1,0,0,2025-04-13,2025-04 중순,0.0
170299,비어)칭따오640ml병,맥주,수입맥주,1,1,1.0,1,0,0,2025-04-20,2025-04 중순,0.0
220646,농심)보노포르치니스프3입,가공식품,상온간편식,1,1,1.0,1,0,0,2025-04-19,2025-04 중순,0.0
123357,얄리 레세르바 까르메네르,양주와인,와인,1,1,1.0,1,0,0,2025-04-12,2025-04 중순,0.0
109246,팔도)비빔면Ⅱ큰컵,면,용기면,1,1,1.0,1,0,0,2025-04-13,2025-04 중순,0.0
109878,월계관 누벨 쥰마이긴죠720ml,전통주,기타전통주,1,1,1.0,1,0,0,2025-04-12,2025-04 중순,0.0
094330,세븐팜)오이맛고추(250g),신선,야채,1,1,1.0,1,0,0,2025-04-11,2025-04 중순,0.0
110372,머거본)칼몬드100g,안주,너트류,1,1,1.0,1,0,0,2025-04-17,2025-04 중순,0.0
402053,동아)윙크001콘돔(3입)_H,약품/의료품,의약외품,1,1,1.0,1,0,0,2025-04-17,2025-04 중순,0.0
109277,에프투)간장알곱창&매콤껍데기200g,냉동,조리냉동,1,1,1.0,1,0,0,2025-04-17,2025-04 중순,0.0
123788,PB)직화불막창180g,냉장,냉장안주,1,1,1.0,1,0,0,2025-04-11,2025-04 중순,0.0
062613,정식품)고단백검은콩두유병190ml,유음료,두유,1,1,1.0,1,0,0,2025-04-13,2025-04 중순,0.0
118145,해태)후렌치파이사과192g,과자,비스킷류,1,1,1.0,1,0,0,2025-04-11,2025-04 중순,0.0
073235,진주햄)천하장사치즈60g,냉장,냉장간식,1,1,1.0,1,0,0,2025-04-12,2025-04 중순,0.0
123123,PB)떡볶이맛오징어30g,안주,오징어,1,1,1.0,1,0,0,2025-04-11,2025-04 중순,0.0
124585,민속주안동소주45도400ml,전통주,기타전통주,1,1,1.0,1,0,0,2025-04-12,2025-04 중순,0.0
141722,MQ)통귀리밥컵50g,가공식품,가공미반류,2,1,1.0,0,0,1,2025-04-19,2025-04 중순,0.0
093732,세븐팜)인큐애호박1입,신선,야채,1,1,1.0,1,0,0,2025-04-16,2025-04 중순,0.0
109510,메디카)멀티비타12부스터샷25ml,건강/기호식품,건강/이너뷰티,1,1,1.0,1,0,0,2025-04-15,2025-04 중순,0.0
141487,오뚜기)옛날쌀떡국용기166.6g,가공식품,가공미반류,1,1,1.0,1,0,0,2025-04-13,2025-04 중순,0.0
123494,우븐 슈퍼블렌드 500ml,양주와인,양주,1,1,1.0,1,0,0,2025-04-19,2025-04 중순,0.0
170898,배민)짠하기좋은얼그레이500ml캔,양주와인,하이볼,1,1,1.0,1,0,0,2025-04-11,2025-04 중순,0.0
124470,꽃샘)생강차플러스10입 ,건강/기호식품,차,1,1,1.0,1,0,0,2025-04-15,2025-04 중순,0.0
073384,롯데)의성마늘직꾸닭100g,냉장,냉장간식,1,1,1.0,1,0,0,2025-04-15,2025-04 중순,0.0
124609,밀담52도360ml,전통주,기타전통주,1,1,1.0,1,0,0,2025-04-13,2025-04 중순,0.0
380292,애경)2080치약칫솔세트_H,H&B,칫솔치약세트,1,1,1.0,1,0,0,2025-04-16,2025-04 중순,0.0
370717,PB)다회용컵10입,가정용품,행락용품,1,1,1.0,1,0,0,2025-04-14,2025-04 중순,0.0
115929,씨믹스)오션 젤리(해양동물),과자,젤리류,1,1,1.0,1,0,0,2025-04-11,2025-04 중순,0.0
123112,파머스)피스터블밀크초콜릿60g,과자,초콜릿,1,1,1.0,1,0,0,2025-04-16,2025-04 중순,0.0
124593,솔직25도375ml,전통주,기타전통주,1,1,1.0,1,0,0,2025-04-16,2025-04 중순,0.0
124608,밀담40도360ml,전통주,기타전통주,1,1,1.0,1,0,0,2025-04-16,2025-04 중순,0.0
170033,현대)미에로화이바210ml,음료,기능성드링크,1,1,1.0,1,0,0,2025-04-18,2025-04 중순,0.0
211881,매일)상하목장아이스딸기474ml,아이스크림,고급,1,1,1.0,1,0,0,2025-04-19,2025-04 중순,0.0
105737,해태)봉봉복숭아아이스티제로500ml,음료,차음료,1,1,1.0,1,0,0,2025-04-17,2025-04 중순,0.0
109907,구로시라나미,전통주,기타전통주,1,1,1.0,1,0,0,2025-04-18,2025-04 중순,0.0
117134,훼밀리)골든카레순한맛230g,가공식품,상온간편식,1,1,1.0,1,0,0,2025-04-20,2025-04 중순,0.0
381676,남영)비비안여성헴팬티90_H,패션잡화,팬티/내의,1,1,1.0,1,0,0,2025-04-14,2025-04 중순,0.0
401883,루치온데일리마스크5입블랙(국산_H,약품/의료품,의약외품,1,1,1.0,1,0,0,2025-04-19,2025-04 중순,0.0
411177,맨담)갸스비왁스강력세움80g_H,미용/화장품,헤어스타일링,1,1,1.0,1,0,0,2025-04-13,2025-04 중순,0.0
123526,★미루)후루츠캔디(소),과자,캔디류,1,1,1.0,1,0,0,2025-04-18,2025-04 중순,0.0
170900,에이이)코젤화이트500ml캔,맥주,수입맥주,3,3,1.0,2,0,0,2025-04-12,2025-04 중순,0.0
108446,호재준)냉동블루베리150g,냉동,신선냉동,1,1,1.0,1,0,0,2025-04-20,2025-04 중순,0.0
105153,웰그린)수박에이드230ml,즉석음료,파우치,1,1,1.0,1,0,0,2025-04-15,2025-04 중순,0.0
061795,동서)맥심TOP볼드라떼컵300ml,유음료,컵커피,1,1,1.0,1,0,0,2025-04-17,2025-04 중순,0.0
124860,토트넘 패키지 세트,패션잡화,시즌/소품,3,3,1.0,2,0,0,2025-04-11,2025-04 중순,0.0
382392,PB)프리미엄호텔세면타올,패션잡화,시즌/소품,1,1,1.0,1,0,0,2025-04-18,2025-04 중순,0.0
123480,델리카토 아이러니 까베르네 소비뇽,양주와인,와인,1,1,1.0,1,0,0,2025-04-13,2025-04 중순,0.0
120164,담터)호두아몬드율무차8입,건강/기호식품,차,1,1,1.0,1,0,0,2025-04-15,2025-04 중순,0.0
125074,수정방레드포춘(홍운장),전통주,기타전통주,1,1,1.0,1,0,0,2025-04-11,2025-04 중순,0.0
114684,코노수르 싱글빈야드 까베르네소비뇽750ml,양주와인,와인,1,1,1.0,1,0,0,2025-04-16,2025-04 중순,0.0
073536,장충동)족발편육반반세트215g,냉장,냉장안주,1,1,1.0,1,0,0,2025-04-16,2025-04 중순,0.0
420219,모나미)생잉크네임펜(흑)_H,문구/완구,일반문구,1,1,1.0,1,0,0,2025-04-18,2025-04 중순,0.0
107030,MQ)프로틴바K카라멜&넛,과자,프로틴/시리얼,1,1,1.0,1,0,0,2025-04-11,2025-04 중순,0.0
071566,장충동)머릿고기265g,냉장,냉장안주,1,1,1.0,1,0,0,2025-04-16,2025-04 중순,0.0
124324,버드와이저 740ml(15입),맥주,수입맥주,1,1,1.0,1,0,0,2025-04-18,2025-04 중순,0.0
113169,돈훌리오 레포사도 750ml,양주와인,양주,1,1,1.0,1,0,0,2025-04-18,2025-04 중순,0.0
124714,모나미)신신에어파스EX 200ml,약품/의료품,의약외품,1,1,1.0,1,0,0,2025-04-20,2025-04 중순,0.0
115299,텐커레이 넘버텐 700ml,양주와인,양주,1,1,1.0,1,0,0,2025-04-18,2025-04 중순,0.0
123360,까레 띤또 소브레 리아스,양주와인,와인,1,1,1.0,1,0,0,2025-04-18,2025-04 중순,0.0
107076,해태)초코감자칩90g,과자,스낵류,1,1,1.0,1,0,0,2025-04-19,2025-04 중순,0.0
117041,오리온)마이구미청포도66g,과자,젤리류,2,1,1.0,0,0,1,2025-04-16,2025-04 중순,0.0
105399,롯데)크러시355ml캔,맥주,국산맥주,1,1,1.0,1,0,0,2025-04-12,2025-04 중순,0.0
420750,모나미)A5스프링노트_H,문구/완구,노트/봉투,1,1,1.0,1,0,0,2025-04-13,2025-04 중순,0.0
413655,디벤)굿민PD고속충전기(CtoC)_H,일용잡화,휴대폰/주변기기,1,1,1.0,1,0,0,2025-04-15,2025-04 중순,0.0
191890,디카이퍼 카시스700ml,양주와인,리쿼,2,1,1.0,0,0,1,2025-04-16,2025-04 중순,0.0
402086,해외)001콘돔2입_H,약품/의료품,의약외품,1,1,1.0,1,0,0,2025-04-17,2025-04 중순,0.0
072497,한성)몬스터크랩142g,냉장,냉장간식,2,1,1.0,0,0,1,2025-04-19,2025-04 중순,0.0
411727,PJ)비프&치즈100g_H,일용잡화,반려동물용품,1,1,1.0,1,0,0,2025-04-19,2025-04 중순,0.0
124417,매크로)레옹사우어비타민c레몬젤리80g,과자,젤리류,1,1,1.0,1,0,0,2025-04-20,2025-04 중순,0.0
109656,비알)우유에빠진딸기우유240ml,유음료,가공우유,1,1,1.0,1,0,0,2025-04-13,2025-04 중순,0.0
202140,코카)암바사345ml,음료,탄산음료,1,1,1.0,1,0,0,2025-04-19,2025-04 중순,0.0
133744,PB)한울맛김치80g,냉장,냉장간편식,1,1,1.0,1,0,0,2025-04-16,2025-04 중순,0.0
123166,페로니 330ml병(24입),맥주,수입맥주,1,1,1.0,1,0,0,2025-04-15,2025-04 중순,0.0
371067,롯알)종이접시170mm(10입),가정용품,행락용품,1,1,1.0,1,0,0,2025-04-13,2025-04 중순,0.0
124536,에프투)두레미니족발400g,냉장,냉장안주,1,1,1.0,1,0,0,2025-04-11,2025-04 중순,0.0
391134,유한)좋은느낌입는데이팬티중형4,위생용품,생리대,1,1,1.0,1,0,0,2025-04-16,2025-04 중순,0.0
600325,사이버)짱구21곡초코바15g,과자,초콜릿,1,1,1.0,1,0,0,2025-04-11,2025-04 중순,0.0
106117,G)라무네소다벚꽃에디션,음료,탄산음료,1,1,1.0,1,0,0,2025-04-11,2025-04 중순,0.0
601108,마즈)이클립스플러스꿀&레몬향,과자,캔디류,1,1,1.0,1,0,0,2025-04-18,2025-04 중순,0.0
107384,PB)바느질세트_H,미용/화장품,미용소품,1,1,1.0,1,0,0,2025-04-15,2025-04 중순,0.0
381493,제미)남성스포티양말(흰색)_H,패션잡화,양말,1,1,1.0,1,0,0,2025-04-18,2025-04 중순,0.0
601354,롯데)제로쿠앤크샌드96g,과자,비스킷류,1,1,1.0,1,0,0,2025-04-16,2025-04 중순,0.0
124140,PKJ)딸기모양마시멜로우48g,과자,캔디류,1,1,1.0,1,0,0,2025-04-18,2025-04 중순,0.0
190034,국순당)백세주375ml,전통주,기타전통주,1,1,1.0,1,0,0,2025-04-20,2025-04 중순,0.0
106980,삼립)주종고구마도라야끼(2입),빵,구움과자,1,1,1.0,1,0,0,2025-04-15,2025-04 중순,0.0
106667,비달)사우어레드믹스젤리90g,과자,젤리류,1,1,1.0,1,0,0,2025-04-18,2025-04 중순,0.0
123240,에델바이스500ml캔(24입),맥주,수입맥주,1,1,1.0,1,0,0,2025-04-17,2025-04 중순,0.0
117265,마즈)이클립스페퍼민트31g,과자,캔디류,1,1,1.0,1,0,0,2025-04-20,2025-04 중순,0.0
170501,비어)칭따오퓨어드래프트500ml캔,맥주,수입맥주,1,1,1.0,1,0,0,2025-04-14,2025-04 중순,0.0
440457,모나미)포스트잇(６５６)_H,문구/완구,노트/봉투,1,1,1.0,1,0,0,2025-04-16,2025-04 중순,0.0
073587,PB)김치짜글이480g,냉장,냉장간편식,1,1,1.0,1,0,0,2025-04-12,2025-04 중순,0.0
141664,동원)자연산골뱅이230g,가공식품,캔,1,1,1.0,1,0,0,2025-04-16,2025-04 중순,0.0
106535,던킨)라임샤인머스캣녹차500ml,음료,차음료,1,1,1.0,1,0,0,2025-04-13,2025-04 중순,0.0
105658,PB)명인수박에이드320ml,즉석음료,파우치,1,1,1.0,1,0,0,2025-04-20,2025-04 중순,0.0
192495,말피리모네700m,양주와인,양주,1,1,1.0,1,0,0,2025-04-15,2025-04 중순,0.0
106556,동아)박카스맛탱글젤리40g,과자,젤리류,3,3,1.0,2,0,0,2025-04-14,2025-04 중순,0.0
372033,나무)친환경종이컵50입,가정용품,행락용품,1,1,1.0,1,0,0,2025-04-16,2025-04 중순,0.0
105669,티머니)라인프렌즈_제주도여행,서비스 상품,일반서비스,1,1,1.0,1,0,0,2025-04-12,2025-04 중순,0.0
109936,발렌타인10년 700ml,양주와인,양주,1,1,1.0,1,0,0,2025-04-17,2025-04 중순,0.0
118610,농심)고구마깡83g,과자,스낵류,1,1,1.0,1,0,0,2025-04-14,2025-04 중순,0.0
220673,CJ)햇반200g*3입,가공식품,가공미반류,1,1,1.0,1,0,0,2025-04-15,2025-04 중순,0.0
381675,남영)비비안여성면팬티100_H,패션잡화,팬티/내의,1,1,1.0,1,0,0,2025-04-14,2025-04 중순,0.0
124922,하겐)컵티라미수100ml,아이스크림,고급,1,1,1.0,1,0,0,2025-04-19,2025-04 중순,0.0
391038,깨끗한)건강한순수한면중형16P,위생용품,생리대,3,2,1.0,2,0,0,2025-04-12,2025-04 중순,0.0
123866,레미마틴 1738 어코드 로얄 코냑 700ml,양주와인,양주,1,1,1.0,1,0,0,2025-04-14,2025-04 중순,0.0
118445,해태)오예스쿠키앤크림360g,과자,비스킷류,1,1,1.0,1,0,0,2025-04-19,2025-04 중순,0.0
124606,도원결의40도360ml(3입),전통주,기타전통주,1,1,1.0,1,0,0,2025-04-13,2025-04 중순,0.0
107125,하림)용가리불비빔면큰컵,면,용기면,1,1,1.0,1,0,0,2025-04-16,2025-04 중순,0.0
124574,양촌우렁이쌀청주14도500ml(2입),전통주,기타전통주,1,1,1.0,1,0,0,2025-04-15,2025-04 중순,0.0
073092,하림)닭가슴살리얼바블랙페퍼80g,냉장,냉장간식,1,1,1.0,1,0,0,2025-04-17,2025-04 중순,0.0
117124,롯데)말랑카우딸기맛(봉지),과자,캔디류,1,1,1.0,1,0,0,2025-04-14,2025-04 중순,0.0
161552,썬푸드)오징어&땅콩75g,안주,오징어,1,1,1.0,1,0,0,2025-04-16,2025-04 중순,0.0
108402,PB)원할머니육포순한맛50g,안주,육포,1,1,1.0,1,0,0,2025-04-16,2025-04 중순,0.0
401884,루치온데일리마스크5입흰색(국산_H,약품/의료품,의약외품,1,1,1.0,1,0,0,2025-04-16,2025-04 중순,0.0
106054,유앤)먹태이토마라맛70g,과자,스낵류,2,1,1.0,0,0,1,2025-04-17,2025-04 중순,0.0
413336,벤투스)PD초고속충전기(C타입)_H,일용잡화,휴대폰/주변기기,1,1,1.0,1,0,0,2025-04-12,2025-04 중순,0.0
601360,롯데)제로마일드초콜릿50g,과자,초콜릿,1,1,1.0,1,0,0,2025-04-18,2025-04 중순,0.0
240032,오뚜기)소형케찹65g,조미료/건물,소스류,1,1,1.0,1,0,0,2025-04-18,2025-04 중순,0.0
123819,1키키쿼카)엽서set,과자,캔디류,1,1,1.0,1,0,0,2025-04-13,2025-04 중순,0.0
390753,깨끗한)콤팩트여행용티슈50매,위생용품,티슈,1,1,1.0,1,0,0,2025-04-13,2025-04 중순,0.0
170396,오비)new카스640ml병,맥주,국산맥주,1,1,1.0,1,0,0,2025-04-18,2025-04 중순,0.0
109168,롯데)제로시트러스유자젤리40g,과자,젤리류,3,3,1.0,2,0,0,2025-04-13,2025-04 중순,0.0
201548,칠성)포도100 400ml,음료,주스,1,1,1.0,1,0,0,2025-04-11,2025-04 중순,0.0
401250,유한)애프터 임신진단키트_H,약품/의료품,의료기기,1,1,1.0,1,0,0,2025-04-18,2025-04 중순,0.0
601107,마즈)이클립스플러스배&비파향,과자,캔디류,1,1,1.0,1,0,0,2025-04-19,2025-04 중순,0.0
420797,모나미)이중봉투(5입)_H,문구/완구,노트/봉투,1,1,1.0,1,0,0,2025-04-12,2025-04 중순,0.0
600940,산리오)쿠로미포도구미,과자,젤리류,2,2,1.0,0,0,1,2025-04-11,2025-04 중순,0.0
123156,필스너우르켈 500ml캔(24입),맥주,수입맥주,1,1,1.0,1,0,0,2025-04-11,2025-04 중순,0.0
192605,페르)앱솔루트패션프루트700ml,양주와인,양주,1,1,1.0,1,0,0,2025-04-12,2025-04 중순,0.0
124286,해태)팥붕슈붕젤리60g,과자,젤리류,1,1,1.0,1,0,0,2025-04-15,2025-04 중순,0.0
192567,힐패밀리베럴블랜드750ml,양주와인,와인,1,1,1.0,1,0,0,2025-04-19,2025-04 중순,0.0
413470,포유)CtoC충전케이블_H,일용잡화,휴대폰/주변기기,1,1,1.0,1,0,0,2025-04-11,2025-04 중순,0.0
124429,CJ)하프칼로리발사믹드레싱,조미료/건물,소스류,1,1,1.0,1,0,0,2025-04-13,2025-04 중순,0.0
106169,하겐)마카롱블루베리컵,아이스크림,고급,1,1,1.0,1,0,0,2025-04-20,2025-04 중순,0.0
121673,담터)호두아몬드율무원컵13oz,건강/기호식품,원컵,1,1,1.0,1,0,0,2025-04-15,2025-04 중순,0.0
123645,CJ)햇반전복죽267g,가공식품,가공미반류,1,1,1.0,1,0,0,2025-04-13,2025-04 중순,0.0
391127,하기스)네이처기저귀5단계3P,위생용품,기저귀,1,1,1.0,1,0,0,2025-04-20,2025-04 중순,0.0
108165,선명)원더풀피스타치오(무염)150g,안주,너트류,1,1,1.0,1,0,0,2025-04-12,2025-04 중순,0.0
123529,★미루)러쉬캔디,과자,캔디류,1,1,1.0,1,0,0,2025-04-17,2025-04 중순,0.0
117824,오리온)태양의맛썬갈릭바게트,과자,스낵류,2,1,1.0,0,0,1,2025-04-16,2025-04 중순,0.0
123982,송죽매 미오,전통주,기타전통주,1,1,1.0,1,0,0,2025-04-12,2025-04 중순,0.0
440952,모나미)3M포스트잇(플래그)_H,문구/완구,노트/봉투,1,1,1.0,1,0,0,2025-04-18,2025-04 중순,0.0
140877,오뚜기)영양닭죽285g,가공식품,가공미반류,1,1,1.0,1,0,0,2025-04-18,2025-04 중순,0.0
123851,레미마틴 VSOP 700ml,양주와인,양주,1,1,1.0,1,0,0,2025-04-13,2025-04 중순,0.0
412326,네슬레)알포 성견용1.5kg_H,일용잡화,반려동물용품,1,1,1.0,1,0,0,2025-04-15,2025-04 중순,0.0
105962,쟈뎅)복숭아아이스티1.5L,즉석음료,파우치,1,1,1.0,1,0,0,2025-04-11,2025-04 중순,0.0
382315,남영)비비안팬티스타킹(누드)_H,패션잡화,스타킹,1,1,1.0,1,0,0,2025-04-12,2025-04 중순,0.0
372241,유한)해피홈바퀴제로에어로솔450,가정용품,살충제,1,1,1.0,1,0,0,2025-04-17,2025-04 중순,0.0
108464,PB)NBR그립코팅장갑_H,가정용품,청소/작업용품,1,1,1.0,1,0,0,2025-04-11,2025-04 중순,0.0
118347,마즈)몰티저스37g,과자,초콜릿,1,1,1.0,1,0,0,2025-04-15,2025-04 중순,0.0
123646,CJ)햇반소고기죽268g,가공식품,가공미반류,1,1,1.0,1,0,0,2025-04-17,2025-04 중순,0.0
106167,빙그레)따옴바수박75ml,아이스크림,노벨티,2,1,1.0,0,0,1,2025-04-17,2025-04 중순,0.0
170796,에이이)코젤다크500ml(4입),맥주,수입맥주,1,1,1.0,1,0,0,2025-04-11,2025-04 중순,0.0
107845,유앤)제로톡젤리복숭아160g,과자,젤리류,1,1,1.0,1,0,0,2025-04-14,2025-04 중순,0.0
413297,마즈)쉬바멜티참치2가지맛_H,일용잡화,반려동물용품,1,1,1.0,1,0,0,2025-04-15,2025-04 중순,0.0
170633,하이네)하이네켄넌알콜릭500ml캔,맥주,무알콜맥주,1,1,1.0,1,0,0,2025-04-17,2025-04 중순,0.0
132645,농심)신라면블랙두부김치큰사발,면,용기면,1,1,1.0,1,0,0,2025-04-15,2025-04 중순,0.0
160970,남양)17차(십칠차)340ml,음료,차음료,1,1,1.0,1,0,0,2025-04-15,2025-04 중순,0.0
170446,아영)에딩거둔켈500ml캔,맥주,수입맥주,1,1,1.0,1,0,0,2025-04-17,2025-04 중순,0.0
391041,깨끗한)디어스킨에어엠보대형14P,위생용품,생리대,1,1,1.0,1,0,0,2025-04-20,2025-04 중순,0.0
117585,롯데)하비스트오리지널100g,과자,비스킷류,1,1,1.0,1,0,0,2025-04-16,2025-04 중순,0.0
124600,오매락퍽40도500ml,전통주,기타전통주,1,1,1.0,1,0,0,2025-04-11,2025-04 중순,0.0
141388,CJ)컵반빅스팸김치덮밥,가공식품,가공미반류,1,1,1.0,1,0,0,2025-04-14,2025-04 중순,0.0
180275,부산)생탁750ml(경남지역),전통주,막걸리,1,1,1.0,1,0,0,2025-04-19,2025-04 중순,0.0
108069,나뚜루)알폰소망고소르베파인트474ml(비건),아이스크림,고급,1,1,1.0,1,0,0,2025-04-19,2025-04 중순,0.0
124700,풀무원)아임리얼100사과140ml,유음료,냉장주스,3,3,1.0,2,0,0,2025-04-11,2025-04 중순,0.0
093739,세븐팜)깐마늘120g(파우치),신선,야채,1,1,1.0,1,0,0,2025-04-12,2025-04 중순,0.0
370399,LG)바디피트귀애랑울날중4P,위생용품,생리대,1,1,1.0,1,0,0,2025-04-12,2025-04 중순,0.0
601072,PB)와릿이즌바나나맛젤리,과자,젤리류,1,1,1.0,1,0,0,2025-04-20,2025-04 중순,0.0
202588,종근당)자황100ml,음료,기능성드링크,1,1,1.0,1,0,0,2025-04-13,2025-04 중순,0.0
362574,LG)프로틴볼륨샴푸480ml_H,H&B,샴푸/린스,1,1,1.0,1,0,0,2025-04-15,2025-04 중순,0.0
117133,훼밀리)골든카레중간맛230g,가공식품,상온간편식,1,1,1.0,1,0,0,2025-04-13,2025-04 중순,0.0
112411,롯데)가나프리미엄헤이즐넛63g,과자,초콜릿,1,1,1.0,1,0,0,2025-04-20,2025-04 중순,0.0
108707,비알)메롱멜론우유190ml,유음료,가공우유,1,1,1.0,1,0,0,2025-04-19,2025-04 중순,0.0
105591,광동)썬키스트레몬에이드500ml,음료,주스,1,1,1.0,1,0,0,2025-04-18,2025-04 중순,0.0
124607,밀담24도360ml,전통주,기타전통주,1,1,1.0,1,0,0,2025-04-11,2025-04 중순,0.0
191876,디카이퍼 그레이프후르트700,양주와인,리쿼,1,1,1.0,1,0,0,2025-04-11,2025-04 중순,0.0
124878,토트넘 No.7 마킹 네이비 티셔츠_100,패션잡화,시즌/소품,1,1,1.0,1,0,0,2025-04-11,2025-04 중순,0.0
106750,PB)피카츄콜라맛젤리40g,과자,젤리류,1,1,1.0,1,0,0,2025-04-17,2025-04 중순,0.0
361137,오죤)1박2일칫솔치약세트_H,H&B,칫솔치약세트,1,1,1.0,1,0,0,2025-04-12,2025-04 중순,0.0
413641,라인)8핀일회용배터리2600_H,일용잡화,휴대폰/주변기기,1,1,1.0,1,0,0,2025-04-13,2025-04 중순,0.0
107670,K리그산리오)머플러(한교동),패션잡화,시즌/소품,1,1,1.0,1,0,0,2025-04-11,2025-04 중순,0.0
122098,꽃샘)쌍화차플러스8입,건강/기호식품,차,1,1,1.0,1,0,0,2025-04-11,2025-04 중순,0.0
107864,유앤)제로톡젤리애플망고160g,과자,젤리류,1,1,1.0,1,0,0,2025-04-14,2025-04 중순,0.0
391073,유한)좋은느낌유기농순면대형14P,위생용품,생리대,1,1,1.0,1,0,0,2025-04-12,2025-04 중순,0.0
160800,농심)카프리썬오렌지,음료,주스,1,1,1.0,1,0,0,2025-04-14,2025-04 중순,0.0
401741,신행)SKYN엘리트콘돔3P(초박형)_H,약품/의료품,의약외품,1,1,1.0,1,0,0,2025-04-13,2025-04 중순,0.0
107385,PB)손톱깎이_H,미용/화장품,미용소품,1,1,1.0,1,0,0,2025-04-14,2025-04 중순,0.0
108730,페레로)로쉐바오리지널90g,과자,초콜릿,1,1,1.0,1,0,0,2025-04-20,2025-04 중순,0.0
113694,파쏘아700ml,양주와인,양주,1,1,1.0,1,0,0,2025-04-15,2025-04 중순,0.0
601295,농심)린도볼밀크4P,과자,초콜릿,1,1,1.0,1,0,0,2025-04-18,2025-04 중순,0.0
601116,동서)포스트에너지바액티브45g,과자,프로틴/시리얼,1,1,1.0,1,0,0,2025-04-13,2025-04 중순,0.0
106463,MDS)NEW미트파스타230g,간식,냉장피자,1,1,1.0,1,0,0,2025-04-13,2025-04 중순,0.0
112408,PB)오가다레몬꿀물280ml,음료,전통음료,1,1,1.0,1,0,0,2025-04-12,2025-04 중순,0.0
601117,동서)포스트에너지바밸런스50g,과자,프로틴/시리얼,1,1,1.0,1,0,0,2025-04-16,2025-04 중순,0.0
123157,코젤다크 500ml캔(24입),맥주,수입맥주,1,1,1.0,1,0,0,2025-04-19,2025-04 중순,0.0
162272,써라클)대왕발조미오징어다리,안주,오징어,1,1,1.0,1,0,0,2025-04-14,2025-04 중순,0.0
113642,옐로우로즈 라이750ml,양주와인,양주,1,1,1.0,1,0,0,2025-04-17,2025-04 중순,0.0
109657,MQ)켈로그콘푸로스트바35g,과자,프로틴/시리얼,1,1,1.0,1,0,0,2025-04-17,2025-04 중순,0.0
073614,씨티푸드)소고기무국밥500g,냉장,냉장간편식,1,1,1.0,1,0,0,2025-04-13,2025-04 중순,0.0
191889,디카이퍼 망고700ml,양주와인,리쿼,1,1,1.0,1,0,0,2025-04-11,2025-04 중순,0.0
220542,동원)양반쇠고기죽285g,가공식품,가공미반류,1,1,1.0,1,0,0,2025-04-18,2025-04 중순,0.0
123795,1키키쿼카)쁘띠키링,과자,캔디류,1,1,1.0,1,0,0,2025-04-19,2025-04 중순,0.0
370349,동아)new템포레귤러10입,위생용품,생리대,1,1,1.0,1,0,0,2025-04-13,2025-04 중순,0.0
153101,CJ)궁중식쇠고기볶음고추장200G,조미료/건물,소스류,1,1,1.0,1,0,0,2025-04-15,2025-04 중순,0.0
371106,롯알)면청테이프_H,가정용품,청소/작업용품,1,1,1.0,1,0,0,2025-04-12,2025-04 중순,0.0
108463,화이트)오마이탐폰슈퍼8P,위생용품,생리대,1,1,1.0,1,0,0,2025-04-15,2025-04 중순,0.0
391124,유한)좋은느낌무표백수퍼롱3P,위생용품,생리대,1,1,1.0,1,0,0,2025-04-12,2025-04 중순,0.0
093004,롯데)컷팅사과150g,신선,과일,2,1,1.0,0,0,1,2025-04-19,2025-04 중순,0.0
192449,글랜카담13년700ml,양주와인,양주,1,1,1.0,1,0,0,2025-04-14,2025-04 중순,0.0
108801,새롬)홍로사과 6입(1.2kg내외),신선,과일,1,1,1.0,1,0,0,2025-04-13,2025-04 중순,0.0
062391,비알)베리베리스트로베리우유190,유음료,가공우유,2,1,1.0,0,0,1,2025-04-16,2025-04 중순,0.0
124866,맨시티 No.9 마킹 스카이블루 티셔츠_100,패션잡화,시즌/소품,2,2,0.0,1,0,0,2025-04-11,2025-04 중순,0.0
124487,유앤)흔들흔들판다젤리68g,디저트,젤리,2,2,0.0,1,0,0,2025-04-14,2025-04 중순,0.0
202522,동원)테이크얼라이브샤인머스켓,음료,주스,2,2,0.0,1,0,0,2025-04-13,2025-04 중순,0.0
115676,농심)닭다리너겟130g,과자,스낵류,3,3,0.0,0,0,1,2025-04-12,2025-04 중순,0.0
107392,PB)미니꼬리빗2P_H,미용/화장품,미용소품,2,2,0.0,1,0,0,2025-04-13,2025-04 중순,0.0
109859,삿포로실버컵캔650ml(12입),맥주,수입맥주,2,2,0.0,1,0,0,2025-04-16,2025-04 중순,0.0
140809,오뚜기)새송이쇠고기죽285g,가공식품,가공미반류,2,2,0.0,1,0,0,2025-04-18,2025-04 중순,0.0
114335,스위트)트롤리사우어글로웜즈미니200g,과자,젤리류,2,2,0.0,1,0,0,2025-04-11,2025-04 중순,0.0
073648,PB)대파김치수제비214g,냉장,냉장간편식,2,2,0.0,1,0,0,2025-04-11,2025-04 중순,0.0
107523,K리그산리오 마이멜로디인형,문구/완구,일반완구,1,1,-1.0,0,0,0,2025-04-17,2025-04 중순,0.0
162268,코주부)치즈육포50g,안주,육포,1,1,-1.0,0,0,0,2025-04-14,2025-04 중순,0.0
107525,K리그산리오 포차코인형,문구/완구,일반완구,1,1,-1.0,0,0,0,2025-04-17,2025-04 중순,0.0
113159,조니워커골드750ml,양주와인,양주,1,1,-1.0,0,0,0,2025-04-15,2025-04 중순,0.0
106763,그린)케이준치킨마요덮밥,미반,도시락,1,1,-1.0,0,0,0,2025-04-20,2025-04 중순,0.0
123953,안유성명장 치킨난반정식,미반,도시락,7,6,-1.0,1,1,0,2025-04-11,2025-04 중순,100.0
084009,제스트)도쿄브레드초콜릿빵,빵,간식빵,1,1,-1.0,0,0,0,2025-04-13,2025-04 중순,0.0
083997,엔제이)시아와세도 밀크케익,빵,간식빵,1,1,-1.0,0,0,0,2025-04-11,2025-04 중순,0.0
109340,뚠뚠햄치즈&참치샌드,조리빵,샌드위치,1,1,-1.0,0,0,0,2025-04-15,2025-04 중순,0.0
160932,칠성)밀키스500ml,음료,탄산음료,1,1,-1.0,0,0,0,2025-04-15,2025-04 중순,0.0
124229,하쿠슈 DR,양주와인,양주,1,1,-1.0,0,0,0,2025-04-16,2025-04 중순,0.0
115456,천하)골든씨씨쉘250g,과자,초콜릿,1,1,-1.0,0,0,0,2025-04-14,2025-04 중순,0.0
601696,농심)츄파춥스사워바이츠60g,과자,젤리류,1,1,-1.0,0,0,0,2025-04-20,2025-04 중순,0.0
062515,정식품)고단백검은콩두유190ml,유음료,두유,1,1,-1.0,0,0,0,2025-04-12,2025-04 중순,0.0
116939,매콤투움바파스타,미반,푸드 간편식,1,1,-1.0,0,0,0,2025-04-11,2025-04 중순,0.0
108773,롯데)의성마늘햄&직꾸닭도시락,미반,도시락,1,1,-1.0,0,0,0,2025-04-15,2025-04 중순,0.0
061762,동서)맥심TOP블랙240ml,유음료,가공우유,1,1,-1.0,0,0,0,2025-04-13,2025-04 중순,0.0
070312,정식품)베지밀B팩950ml,유음료,두유,1,1,-1.0,0,0,0,2025-04-12,2025-04 중순,0.0
123545,29피자벅,조리빵,햄버거,1,1,-1.0,0,0,0,2025-04-13,2025-04 중순,0.0
202434,코카)코카콜라제로355ml,음료,탄산음료,4,4,-1.0,0,0,1,2025-04-13,2025-04 중순,0.0
123926,매콤왕교자그라탕,미반,푸드 간편식,1,1,-1.0,0,0,0,2025-04-11,2025-04 중순,0.0
151486,대상)연겨자35g,조미료/건물,조미료,1,1,-1.0,0,0,0,2025-04-16,2025-04 중순,0.0
124225,타케츠루 퓨어몰트,양주와인,양주,1,1,-1.0,0,0,0,2025-04-16,2025-04 중순,0.0
107292,제스트)도쿄브레드커피빵,빵,간식빵,1,1,-1.0,0,0,0,2025-04-16,2025-04 중순,0.0
123601,롯데)렌틸콩유부초밥&에그샐러드,미반,초밥류,1,1,-1.0,0,0,0,2025-04-20,2025-04 중순,0.0
094503,프레시팜)착한순두부(350g),신선,야채,1,1,-1.0,0,0,0,2025-04-14,2025-04 중순,0.0
161229,웅진)하늘보리1ㆍ0L,음료,차음료,1,1,-1.0,0,0,0,2025-04-18,2025-04 중순,0.0
123503,롯데)더커진닭가슴살잡곡밥삼각,미반,삼각김밥,1,1,-1.0,0,0,0,2025-04-14,2025-04 중순,0.0
030615,PB)에그마요샐러드110g,간식,샐러드(삭제예정),1,1,-1.0,0,0,0,2025-04-20,2025-04 중순,0.0
122982,럭히밥 대왕돈까스도시락,미반,도시락,1,1,-1.0,0,0,0,2025-04-18,2025-04 중순,0.0
106760,진주햄)텍사스바베큐닭다리170g,냉장,냉장안주,1,1,-1.0,0,0,0,2025-04-12,2025-04 중순,0.0
083998,엔제이)야마우치밀크롤케이크,빵,간식빵,2,2,-2.0,0,0,0,2025-04-11,2025-04 중순,0.0
021780,리얼소프트에그샌드,조리빵,샌드위치,2,2,-2.0,0,0,0,2025-04-14,2025-04 중순,0.0
123502,롯데)홀그레인머스타드닭가슴살김밥,미반,김밥,3,3,-3.0,0,0,0,2025-04-13,2025-04 중순,0.0
123443,스크램블&불고기덮밥,미반,도시락,3,3,-3.0,0,0,0,2025-04-12,2025-04 중순,0.0
123147,불닭마요참치김밥,미반,김밥,4,3,-4.0,0,0,0,2025-04-11,2025-04 중순,0.0
123422,오징어핑크버거,조리빵,햄버거,4,4,-4.0,0,0,0,2025-04-11,2025-04 중순,0.0
123306,안유성명장김밥명란타마고,미반,김밥,5,5,-5.0,0,0,0,2025-04-11,2025-04 중순,0.0
123619,홀그레인머스타드닭가슴살김밥,미반,김밥,6,5,-6.0,0,0,0,2025-04-11,2025-04 중순,0.0
123655,닭가슴살잡곡샌드,조리빵,샌드위치,9,8,-9.0,0,0,0,2025-04-11,2025-04 중순,0.0
123504,닭가슴살스테이크도시락,미반,도시락,13,10,-11.0,1,0,0,2025-04-11,2025-04 중순,0.0
123618,렌틸콩유부초밥&에그샐러드,미반,초밥류,21,18,-19.0,1,0,0,2025-04-11,2025-04 중순,0.0
