mapped_pos_item_code,mapped_item_name,mapped_category_hierarchy,category_l,category_m,category_s,item_type,total_events,unique_users,weighted_interest_score,view_count,cart_add_count,cart_remove_count,wishlist_add_count,wishlist_remove_count,share_count,first_event_date,last_event_date,median_price,net_cart_count,net_wishlist_count,intent_score,cart_add_per_100_views,wishlist_add_per_100_views,net_cart_per_100_views,intent_score_per_user
123101,G)오하요저지우유푸딩115g,디저트>젤리>푸딩,디저트,젤리,푸딩,당일픽업,29153,8168,36389.0,23773,3854,568,856,94,8,2025-04-01,2025-04-30,4000.0,3286,762,36401,16.2117,3.6007,13.8224,4.4565
192580,4월 와인 구독,,,,,구독할인,19004,4336,24700.0,15679,2740,5,448,104,28,2025-04-01,2025-04-30,3900.0,2735,344,24742,17.4756,2.8573,17.4437,5.7062
123923,신동엽)블랙서클위스키700ml,양주와인>양주>위스키,양주와인,양주,위스키,당일픽업,15666,4316,15928.5,14828,53,13,570,191,11,2025-04-01,2025-04-30,19900.0,40,379,15945,0.3574,3.8441,0.2698,3.6944
125382,NCTWISH기획세트,과자>젤리류>국산젤리,과자,젤리류,국산젤리,사전예약,11042,2406,13576.0,9493,1126,13,362,20,28,2025-04-24,2025-04-30,11000.0,1113,342,13618,11.8614,3.8133,11.7244,5.66
014387,맛장우전주식비빔밥,미반>도시락>기타,미반,도시락,기타,사전예약,8802,3206,11546.5,6589,1697,366,126,21,3,2025-04-01,2025-04-30,4500.0,1331,105,11551,25.755,1.9123,20.2003,3.6029
192634,지비)앙리마티스앨런스콧쇼비뇽,양주와인>와인>화이트,양주와인,와인,화이트,당일픽업,8152,1805,9298.5,7297,491,36,296,29,3,2025-04-01,2025-04-30,15500.0,455,267,9303,6.7288,4.0565,6.2354,5.154
109055,G)크라시에유자셔벗140ml,아이스크림>고급>컵,아이스크림,고급,컵,당일픽업,7470,4341,8409.0,6676,463,87,219,13,12,2025-04-03,2025-04-30,2800.0,376,206,8427,6.9353,3.2804,5.6321,1.9413
105770,시원)후와토로리치생초콜릿40g,디저트>냉동디저트>냉동빵,디저트,냉동디저트,냉동빵,당일픽업,6628,2526,8152.5,4964,1074,359,184,44,3,2025-04-01,2025-04-30,3900.0,715,140,8157,21.6358,3.7067,14.4037,3.2292
124530,최강록의간장들기름비빔밥,미반>도시락>기타,미반,도시락,기타,사전예약,6464,3519,7624.5,5428,735,185,97,18,1,2025-04-01,2025-04-30,4900.0,550,79,7626,13.5409,1.787,10.1326,2.1671
124674,KBO)삼립기아타이거즈호랑이초코롤85g,빵>간식빵>캐릭터빵,빵,간식빵,캐릭터빵,당일픽업,5838,2075,7394.5,4270,1031,276,189,71,1,2025-04-01,2025-04-30,1900.0,755,118,7396,24.1452,4.4262,17.6815,3.5643
105887,롯데)맛장우맛자랑 전주식비빔밥,미반>도시락>도시락,미반,도시락,도시락,당일픽업,6004,1862,7260.0,4476,985,374,124,45,0,2025-04-01,2025-04-30,4500.0,611,79,7260,22.0063,2.7703,13.6506,3.899
125102,이장우)오일스타알리오올리오,면>용기면>숙면/건면,면,용기면,숙면/건면,당일픽업,5363,1926,6698.0,4213,770,120,184,74,2,2025-04-16,2025-04-30,3600.0,650,110,6701,18.2768,4.3674,15.4284,3.4792
109497, 미쓰이)홋카이도우유크림모찌56g,디저트>냉동디저트>냉동떡,디저트,냉동디저트,냉동떡,당일픽업,5605,2060,6693.5,4385,731,259,201,28,1,2025-04-01,2025-04-30,2400.0,472,173,6695,16.6705,4.5838,10.764,3.25
990120,"모바일금액권 5,000원",기타>판촉물>판촉물,기타,판촉물,판촉물,금액권,4905,2850,6685.0,3958,890,13,35,3,6,2025-04-01,2025-04-30,5000.0,877,32,6694,22.4861,0.8843,22.1577,2.3488
125237,엔시티위시2집미니앨범,미디어 상품>음반>CD,미디어 상품,음반,CD,사전예약,5001,1923,6576.5,4051,762,19,138,22,9,2025-04-15,2025-04-28,18700.0,743,116,6590,18.8102,3.4066,18.3412,3.4269
124534,4월 도시락 구독,,,,,구독할인,4213,1873,6111.5,3217,928,5,58,2,3,2025-04-01,2025-04-30,4000.0,923,56,6116,28.8468,1.8029,28.6913,3.2653
124932,버터치킨카레덮밥,미반>도시락>기타,미반,도시락,기타,사전예약,4525,1824,5927.0,3613,727,51,97,19,18,2025-04-09,2025-04-30,3900.0,676,78,5954,20.1218,2.6847,18.7102,3.2643
109496, 미쓰이)생초콜릿모찌40g,디저트>냉동디저트>냉동떡,디저트,냉동디저트,냉동떡,당일픽업,4784,2040,5792.0,3502,779,325,151,25,2,2025-04-01,2025-04-30,2400.0,454,126,5795,22.2444,4.3118,12.964,2.8407
124549,PB)바밤바꿀밤생크림빵120g,디저트>냉장베이커리>냉장빵,디저트,냉장베이커리,냉장빵,당일픽업,5213,3314,5468.0,4925,159,57,64,6,2,2025-04-01,2025-04-30,3500.0,102,58,5471,3.2284,1.2995,2.0711,1.6509
124532,맛장우맛자랑 직화닭갈비,미반>도시락>기타,미반,도시락,기타,사전예약,4179,1498,5405.5,3292,707,100,53,18,9,2025-04-01,2025-04-30,5500.0,607,35,5419,21.4763,1.61,18.4386,3.6175
108563,비노)콜미레이터러시안잭쇼비뇽블랑750ml,양주와인>와인>화이트,양주와인,와인,화이트,당일픽업,4255,1418,5306.0,3482,521,58,170,22,2,2025-04-01,2025-04-30,29000.0,463,148,5309,14.9627,4.8823,13.297,3.744
124677,KBO)삼립삼성라이온즈블루베리패스츄리100g,빵>간식빵>캐릭터빵,빵,간식빵,캐릭터빵,당일픽업,4115,1515,5290.5,2837,805,240,170,62,1,2025-04-01,2025-04-30,1900.0,565,108,5292,28.375,5.9922,19.9154,3.4931
124534,맛장우맛자랑 부대볶음,미반>도시락>기타,미반,도시락,기타,사전예약,3875,1390,5047.5,3073,669,89,29,6,9,2025-04-01,2025-04-30,5500.0,580,23,5061,21.7703,0.9437,18.8741,3.641
124675,KBO)삼립LG트윈스쌍둥이딸기샌드99g,빵>간식빵>캐릭터빵,빵,간식빵,캐릭터빵,당일픽업,3480,1312,4804.0,2309,816,190,134,31,0,2025-04-01,2025-04-30,1900.0,626,103,4804,35.34,5.8034,27.1113,3.6616
109131,신동엽)생드래프트비어500ml캔,맥주>국산맥주>수제맥주,맥주,국산맥주,수제맥주,당일픽업,4015,1790,4718.5,3400,393,73,118,26,5,2025-04-01,2025-04-30,5000.0,320,92,4726,11.5588,3.4706,9.4118,2.6402
125051,사천식마파두부덮밥,미반>도시락>기타,미반,도시락,기타,사전예약,3320,1414,4609.0,2538,666,42,59,7,8,2025-04-16,2025-04-30,3900.0,624,52,4621,26.2411,2.3247,24.5863,3.268
192580,무학)드보뀌베D 750ml,양주와인>와인>스파클링(샴페인),양주와인,와인,스파클링(샴페인),당일픽업,3966,1180,4608.5,3478,321,30,110,24,3,2025-04-02,2025-04-30,56000.0,291,86,4613,9.2294,3.1627,8.3669,3.9093
124678,KBO)삼립KT위즈빅또리초코바닐라샌드60g,빵>간식빵>캐릭터빵,빵,간식빵,캐릭터빵,당일픽업,3309,1194,4463.0,2232,719,178,144,36,0,2025-04-01,2025-04-30,1900.0,541,108,4463,32.2133,6.4516,24.2384,3.7379
013782,New모둠초밥정식,미반>초밥류>초밥,미반,초밥류,초밥,사전예약,3718,1892,4421.5,3163,405,63,64,22,1,2025-04-01,2025-04-30,6500.0,342,42,4423,12.8043,2.0234,10.8125,2.3377
014287,롯데)NEW참치마요네즈삼각,미반>삼각김밥>삼각김밥,미반,삼각김밥,삼각김밥,당일픽업,3501,1442,4408.5,2308,781,321,56,34,1,2025-04-01,2025-04-30,1100.0,460,22,4410,33.8388,2.4263,19.9307,3.0583
124676,KBO)삼립두산베어스곰발바닥꿀빵95g,빵>간식빵>캐릭터빵,빵,간식빵,캐릭터빵,당일픽업,3172,1138,4259.0,2137,676,169,151,39,0,2025-04-01,2025-04-30,1900.0,507,112,4259,31.6331,7.066,23.7248,3.7425
123397,앙리마티스)와인볼(화이트)500ml캔,양주와인>하이볼>국산하이볼,양주와인,하이볼,국산하이볼,당일픽업,3209,975,4106.5,2520,420,40,198,30,1,2025-04-03,2025-04-30,4500.0,380,168,4108,16.6667,7.8571,15.0794,4.2133
012679,11찬 도시락,미반>도시락>기타,미반,도시락,기타,사전예약,3089,1443,3839.0,2486,453,77,48,25,0,2025-04-01,2025-04-30,6300.0,376,23,3839,18.222,1.9308,15.1247,2.6604
124529,롯데)최강록의간장들기름비빔밥,미반>도시락>도시락,미반,도시락,도시락,당일픽업,3232,1338,3818.0,2604,408,128,68,20,4,2025-04-01,2025-04-30,4900.0,280,48,3824,15.6682,2.6114,10.7527,2.858
124684,KBO)삼립한화이글스핫투움바브레드90g,빵>간식빵>캐릭터빵,빵,간식빵,캐릭터빵,당일픽업,2749,1041,3723.0,1830,598,152,140,29,0,2025-04-01,2025-04-30,1900.0,446,111,3723,32.6776,7.6503,24.3716,3.5764
132159,농심)짜파게티큰사발,면>용기면>비빔/볶음면,면,용기면,비빔/볶음면,당일픽업,2665,926,3696.0,1649,741,232,33,10,0,2025-04-01,2025-04-30,1500.0,509,23,3696,44.9363,2.0012,30.8672,3.9914
132168,농심)육개장사발면,면>용기면>라면(소형컵),면,용기면,라면(소형컵),당일픽업,2496,920,3500.5,1508,726,234,25,2,1,2025-04-01,2025-04-30,1100.0,492,23,3502,48.1432,1.6578,32.626,3.8065
109362,7찬도시락,미반>도시락>기타,미반,도시락,기타,사전예약,2798,1391,3464.0,2274,397,71,40,12,4,2025-04-01,2025-04-30,5200.0,326,28,3470,17.4582,1.759,14.336,2.4946
124531,현대)맛장우맛자랑 직화닭갈비,미반>도시락>도시락,미반,도시락,도시락,당일픽업,2852,1211,3409.0,2235,420,146,37,14,0,2025-04-01,2025-04-30,5500.0,274,23,3409,18.7919,1.6555,12.2595,2.815
118860,발베니 12년 싱글배럴 700ml,양주와인>양주>위스키,양주와인,양주,위스키,사전예약,3125,705,3384.5,2813,45,0,231,29,7,2025-04-08,2025-04-30,139900.0,45,202,3395,1.5997,8.2119,1.5997,4.8156
114339,히밥)럭히밥김찌라면큰컵,면>용기면>라면(대형컵),면,용기면,라면(대형컵),당일픽업,2478,837,3294.5,1740,545,149,37,6,1,2025-04-01,2025-04-30,1900.0,396,31,3296,31.3218,2.1264,22.7586,3.9379
123552,롯데)7찬도시락,미반>도시락>도시락,미반,도시락,도시락,당일픽업,2687,984,3246.5,1918,497,222,36,13,1,2025-04-01,2025-04-30,5200.0,275,23,3248,25.9124,1.877,14.3379,3.3008
124679,KBO)삼립KBO홈런배트롤150g,디저트>냉장베이커리>롤케익,디저트,냉장베이커리,롤케익,당일픽업,2467,906,3227.5,1878,410,64,99,15,1,2025-04-01,2025-04-30,4900.0,346,84,3229,21.8317,5.2716,18.4239,3.564
124533,롯데)맛장우맛자랑 부대볶음,미반>도시락>도시락,미반,도시락,도시락,당일픽업,2717,1125,3207.0,2142,386,147,32,10,0,2025-04-01,2025-04-30,5500.0,239,22,3207,18.0205,1.4939,11.1578,2.8507
123396,앙리마티스)와인볼(레드)500ml캔,양주와인>하이볼>국산하이볼,양주와인,하이볼,국산하이볼,당일픽업,2475,846,3182.0,1965,317,26,153,14,0,2025-04-03,2025-04-30,4500.0,291,139,3182,16.1323,7.7863,14.8092,3.7612
124683,KBO)삼립SSG랜더스소금버터우주선빵85g,빵>간식빵>캐릭터빵,빵,간식빵,캐릭터빵,당일픽업,2276,962,3060.0,1489,504,144,114,25,0,2025-04-01,2025-04-30,1900.0,360,89,3060,33.8482,7.6561,24.1773,3.1809
110580,농심)포테토칩오리지널60g,과자>스낵류>감자스낵,과자,스낵류,감자스낵,당일픽업,2070,685,2983.0,1258,605,161,39,7,0,2025-04-01,2025-04-30,1700.0,444,32,2983,48.0922,3.1002,35.2941,4.3547
191660,아영)오이스터베이쇼비뇽블랑750,양주와인>와인>화이트,양주와인,와인,화이트,당일픽업,2235,693,2900.5,1782,313,15,106,18,1,2025-04-01,2025-04-30,32900.0,298,88,2902,17.5645,5.9484,16.7228,4.1876
052382,세븐카페)아메리카노(R),즉석음료>세븐카페>HOT,즉석음료,세븐카페,HOT,교환권,2064,1022,2897.5,1553,453,42,14,1,1,2025-04-01,2025-04-30,1200.0,411,13,2899,29.1693,0.9015,26.4649,2.8366
070092,서울)흰우유1L,유음료>흰우유>흰우유(대),유음료,흰우유,흰우유(대),당일픽업,2050,580,2878.0,1243,591,186,26,4,0,2025-04-01,2025-04-30,3200.0,405,22,2878,47.5463,2.0917,32.5825,4.9621
124508,최강록의로스팜에그샌드,조리빵>샌드위치>기타 ,조리빵,샌드위치,기타 ,사전예약,2374,1063,2831.5,1815,365,148,38,7,1,2025-04-01,2025-04-30,3200.0,217,31,2833,20.1102,2.0937,11.9559,2.6651
109020,농심)신라면툼바큰사발,면>용기면>비빔/볶음면,면,용기면,비빔/볶음면,당일픽업,2030,714,2808.0,1281,542,168,36,3,0,2025-04-01,2025-04-30,1800.0,374,33,2808,42.3107,2.8103,29.1959,3.9328
107879,4월 세븐카페 구독,,,,,구독할인,2111,1286,2799.5,1733,336,3,33,5,1,2025-04-01,2025-04-30,2000.0,333,28,2801,19.3883,1.9042,19.2152,2.1781
123556,롯데)밥먹자얘들아,미반>도시락>도시락,미반,도시락,도시락,당일픽업,2292,927,2725.0,1753,359,149,25,6,0,2025-04-01,2025-04-30,5000.0,210,19,2725,20.4792,1.4261,11.9795,2.9396
132142,농심)신라면120g,면>봉지면>라면,면,봉지면,라면,당일픽업,2168,395,2722.0,1322,548,270,18,10,0,2025-04-01,2025-04-30,1000.0,278,8,2722,41.4523,1.3616,21.0287,6.8911
192542,4월 위스키 구독,,,,,구독할인,2413,1549,2667.0,2220,133,5,36,19,0,2025-04-01,2025-04-30,9900.0,128,17,2667,5.991,1.6216,5.7658,1.7218
109671,닭가슴살햄듬뿍샌드,조리빵>샌드위치>기타 ,조리빵,샌드위치,기타 ,사전예약,2067,672,2649.5,1483,396,128,55,4,1,2025-04-01,2025-04-30,3200.0,268,51,2651,26.7026,3.7087,18.0715,3.9449
123742,NEW갈비맛닭강정,미반>푸드 간편식>안주/반찬,미반,푸드 간편식,안주/반찬,사전예약,2099,988,2515.0,1710,273,79,34,3,0,2025-04-01,2025-04-30,5700.0,194,31,2515,15.9649,1.9883,11.345,2.5455
220178,4월 장보기 구독,,,,,구독할인,2370,1890,2513.0,2266,75,6,17,6,0,2025-04-01,2025-04-30,3000.0,69,11,2513,3.3098,0.7502,3.045,1.3296
107478,롯데)고기(肉)맥시멈도시락,미반>도시락>도시락,미반,도시락,도시락,당일픽업,2055,777,2481.0,1521,360,148,18,8,0,2025-04-01,2025-04-30,5500.0,212,10,2481,23.6686,1.1834,13.9382,3.1931
124390,필리치즈스테이크버거,조리빵>햄버거>햄버거,조리빵,햄버거,햄버거,사전예약,2086,996,2460.0,1691,264,89,36,6,0,2025-04-01,2025-04-30,3600.0,175,30,2460,15.6121,2.1289,10.3489,2.4699
124681,KBO)삼립NC다이노스공룡알흑임자컵케익130g,빵>간식빵>캐릭터빵,빵,간식빵,캐릭터빵,당일픽업,1644,698,2282.0,1066,384,98,86,10,0,2025-04-01,2025-04-30,1900.0,286,76,2282,36.0225,8.0675,26.8293,3.2693
062346,PB)오구초코타임200ml,유음료>가공우유>초코우유,유음료,가공우유,초코우유,당일픽업,1745,832,2276.0,1203,379,125,33,5,0,2025-04-01,2025-04-30,1300.0,254,28,2276,31.5046,2.7431,21.1139,2.7356
013794,밥먹자얘들아 도시락,미반>도시락>기타,미반,도시락,기타,사전예약,1842,959,2232.0,1485,249,58,35,13,2,2025-04-01,2025-04-30,5000.0,191,22,2235,16.7677,2.3569,12.862,2.3306
125238,엔시티위시2집미니앨범(6EA),미디어 상품>음반>CD,미디어 상품,음반,CD,사전예약,1943,1065,2210.0,1676,138,7,80,36,6,2025-04-15,2025-04-28,112200.0,131,44,2219,8.2339,4.7733,7.8162,2.0836
124779,언노운)드보뀌베D블랑드블랑750ml,양주와인>와인>스파클링(샴페인),양주와인,와인,스파클링(샴페인),당일픽업,1998,662,2213.0,1748,112,19,88,29,2,2025-04-01,2025-04-30,84900.0,93,59,2216,6.4073,5.0343,5.3204,3.3474
108473,그린)불닭치즈소시지김밥,미반>김밥>말이김밥,미반,김밥,말이김밥,당일픽업,1784,609,2214.5,1348,287,84,51,13,1,2025-04-01,2025-04-30,3200.0,203,38,2216,21.2908,3.7834,15.0593,3.6388
202387,칠성)펩시콜라제로355ml,음료>탄산음료>제로탄산,음료,탄산음료,제로탄산,당일픽업,1551,598,2184.0,948,444,135,21,3,0,2025-04-01,2025-04-30,2000.0,309,18,2184,46.8354,2.2152,32.5949,3.6522
070012,빙그레)바나나우유240ml,유음료>가공우유>바나나우유,유음료,가공우유,바나나우유,당일픽업,1590,634,2171.5,960,445,160,20,4,1,2025-04-01,2025-04-30,1800.0,285,16,2173,46.3542,2.0833,29.6875,3.4274
125504,SEVENTEEN 5th Album ‘HAPPY BURSTDAY’ (일반반),미디어 상품>음반>CD,미디어 상품,음반,CD,사전예약,2081,1844,2160.0,2023,39,1,10,2,6,2025-04-29,2025-04-30,22400.0,38,8,2169,1.9278,0.4943,1.8784,1.1762
132373,팔도)김치도시락,면>용기면>라면(소형컵),면,용기면,라면(소형컵),당일픽업,1559,513,2113.0,982,403,135,32,7,0,2025-04-01,2025-04-30,1100.0,268,25,2113,41.0387,3.2587,27.2912,4.1189
124726,"4월 샌드위치,햄버거 구독",,,,,구독할인,1637,910,2087.5,1359,225,2,33,13,5,2025-04-01,2025-04-30,2000.0,223,20,2095,16.5563,2.4283,16.4091,2.3022
124757,이즐)까까맛교통카드(빼빼로),서비스 상품>일반서비스>교통카드판매,서비스 상품,일반서비스,교통카드판매,당일픽업,1773,1171,2022.5,1528,135,23,65,19,3,2025-04-01,2025-04-30,4000.0,112,46,2027,8.8351,4.2539,7.3298,1.731
124682,KBO)삼립키움히어로즈자색고구마팡100g,빵>간식빵>캐릭터빵,빵,간식빵,캐릭터빵,당일픽업,1462,620,2001.0,908,345,105,89,15,0,2025-04-01,2025-04-30,1900.0,240,74,2001,37.9956,9.8018,26.4317,3.2274
123596,롯데)인가샌드위치,조리빵>샌드위치>샌드위치,조리빵,샌드위치,샌드위치,당일픽업,1650,624,1968.0,1138,310,161,34,7,0,2025-04-01,2025-04-30,2800.0,149,27,1968,27.2408,2.9877,13.0931,3.1538
117574,PB)누네띠네55g,과자>비스킷류>파이,과자,비스킷류,파이,당일픽업,1522,679,1959.0,917,393,180,25,7,0,2025-04-01,2025-04-30,1500.0,213,18,1959,42.8571,2.7263,23.2279,2.8851
191642,롯데)배비치블랙쇼비뇽블랑750ml,양주와인>와인>화이트,양주와인,와인,화이트,당일픽업,1679,534,1944.0,1463,130,17,58,9,2,2025-04-01,2025-04-30,23400.0,113,49,1947,8.8859,3.9645,7.7239,3.6461
109521,더커진유부초밥6입,미반>초밥류>유부초밥,미반,초밥류,유부초밥,사전예약,1507,657,1925.5,1099,282,79,35,11,1,2025-04-01,2025-04-30,4900.0,203,24,1927,25.6597,3.1847,18.4713,2.933
161188,코카)코카콜라제로500ml,음료>탄산음료>제로탄산,음료,탄산음료,제로탄산,당일픽업,1283,435,1904.0,771,391,92,27,2,0,2025-04-01,2025-04-30,2400.0,299,25,1904,50.7134,3.5019,38.7808,4.377
105367,4월 세븐카페 반값구독,,,,,구독할인,1542,1064,1879.5,1349,164,2,22,4,1,2025-04-01,2025-04-30,5000.0,162,18,1881,12.1572,1.6308,12.0089,1.7679
132835,PB)대파열라면큰컵,면>용기면>라면(대형컵),면,용기면,라면(대형컵),교환권,1407,906,1859.0,1094,256,38,18,1,0,2025-04-01,2025-04-30,2000.0,218,17,1859,23.4004,1.6453,19.9269,2.0519
124485,7P)스트롱사와복숭아500ml,양주와인>하이볼>수입하이볼,양주와인,하이볼,수입하이볼,당일픽업,1459,643,1820.5,1095,230,70,56,7,1,2025-04-01,2025-04-30,4800.0,160,49,1822,21.0046,5.1142,14.6119,2.8336
132847,삼양)맵탱마늘조개라면큰컵,면>용기면>라면(대형컵),면,용기면,라면(대형컵),당일픽업,1584,858,1818.0,1346,158,50,26,4,0,2025-04-01,2025-04-30,1800.0,108,22,1818,11.7385,1.9316,8.0238,2.1189
105698,인가샌드위치,조리빵>샌드위치>샌드위치,조리빵,샌드위치,샌드위치,사전예약,1464,579,1795.0,1092,241,88,37,6,0,2025-04-01,2025-04-30,2800.0,153,31,1795,22.0696,3.3883,14.011,3.1002
124329,샤또 라퐁로쉐18,양주와인>와인>레드,양주와인,와인,레드,사전예약,1483,682,1771.0,1286,130,7,53,5,2,2025-04-01,2025-04-30,87840.0,123,48,1774,10.1089,4.1213,9.5645,2.6012
041567,PB)푸하하소금우유크림빵110g,디저트>냉장베이커리>냉장빵,디저트,냉장베이커리,냉장빵,당일픽업,1398,464,1764.0,879,315,150,48,6,0,2025-04-01,2025-04-30,2900.0,165,42,1764,35.8362,5.4608,18.7713,3.8017
021398,대만식 햄치즈샌드위치,조리빵>샌드위치>샌드위치,조리빵,샌드위치,샌드위치,사전예약,1336,522,1742.0,952,271,77,30,6,0,2025-04-01,2025-04-30,2600.0,194,24,1742,28.4664,3.1513,20.3782,3.3372
202378,칠성)칠성사이다제로250ml,음료>탄산음료>제로탄산,음료,탄산음료,제로탄산,당일픽업,1634,622,1740.0,1022,313,265,26,8,0,2025-04-01,2025-04-30,1700.0,48,18,1740,30.6262,2.544,4.6967,2.7974
125012,프롬더배럴500ml,양주와인>양주>위스키,양주와인,양주,위스키,사전예약,1464,682,1736.5,1288,134,10,29,2,1,2025-04-02,2025-04-30,77500.0,124,27,1738,10.4037,2.2516,9.6273,2.5484
124782,"4월 삼각김밥,김밥 구독",,,,,구독할인,1317,725,1737.0,1075,205,3,28,6,0,2025-04-01,2025-04-30,2000.0,202,22,1737,19.0698,2.6047,18.7907,2.3959
123554,롯데)11찬도시락,미반>도시락>도시락,미반,도시락,도시락,당일픽업,1405,518,1689.0,1004,252,111,26,12,0,2025-04-01,2025-04-30,6300.0,141,14,1689,25.0996,2.5896,14.0438,3.2606
210345,오뚜기)진라면매운맛봉지,면>봉지면>라면,면,봉지면,라면,당일픽업,1231,325,1673.0,748,340,121,16,6,0,2025-04-01,2025-04-30,1000.0,219,10,1673,45.4545,2.139,29.2781,5.1477
132865,PB)우불식당즉석우동큰컵,면>용기면>숙면/건면,면,용기면,숙면/건면,당일픽업,1301,457,1670.0,929,255,80,31,6,0,2025-04-01,2025-04-30,3800.0,175,25,1670,27.4489,3.3369,18.8375,3.6543
107409, G)대파크래커80g,과자>비스킷류>크래커,과자,비스킷류,크래커,당일픽업,1422,691,1662.0,1142,164,65,48,3,0,2025-04-01,2025-04-30,2500.0,99,45,1662,14.3608,4.2032,8.669,2.4052
124486,7P)스트롱사와거봉500ml,양주와인>하이볼>수입하이볼,양주와인,하이볼,수입하이볼,당일픽업,1263,543,1589.5,925,206,65,59,7,1,2025-04-01,2025-04-30,4500.0,141,52,1591,22.2703,6.3784,15.2432,2.93
107053,롯데)맛장우삼각더커진참치마요,미반>삼각김밥>기타주먹밥(더커진삼각),미반,삼각김밥,기타주먹밥(더커진삼각),당일픽업,1191,422,1579.5,687,330,137,25,11,1,2025-04-01,2025-04-30,1600.0,193,14,1581,48.0349,3.639,28.0932,3.7464
123297,해태)생생감자칩오지치즈후라이맛60g,과자>스낵류>감자스낵,과자,스낵류,감자스낵,당일픽업,1170,427,1577.0,799,264,73,31,3,0,2025-04-03,2025-04-30,2000.0,191,28,1577,33.0413,3.8798,23.9049,3.6932
125340,KBO)롯데자이언츠거인단팥빵100g,빵>간식빵>캐릭터빵,빵,간식빵,캐릭터빵,당일픽업,1407,623,1570.0,1190,0,0,199,18,0,2025-04-25,2025-04-30,1900.0,0,181,1570,0.0,16.7227,0.0,2.5201
180959,화요X.Premium,전통주>소주>증류식소주,전통주,소주,증류식소주,사전예약,1356,581,1564.0,1202,93,5,47,7,2,2025-04-01,2025-04-30,168000.0,88,40,1567,7.7371,3.9101,7.3211,2.6971
160749,칠성)2%부족할때복숭아500ml,음료>스포츠음료>스포츠음료(중),음료,스포츠음료,스포츠음료(중),당일픽업,1071,359,1556.0,637,324,88,19,3,0,2025-04-01,2025-04-30,1800.0,236,16,1556,50.8634,2.9827,37.0487,4.3343
053163,매콤점보넓적다리,즉석 식품>즉석치킨(삭제예정)>조각류_삭제예정,즉석 식품,즉석치킨(삭제예정),조각류_삭제예정,당일픽업,1126,427,1545.5,729,288,84,20,4,1,2025-04-01,2025-04-30,3100.0,204,16,1547,39.5062,2.7435,27.9835,3.623
108543,불닭치즈소시지김밥,미반>김밥>말이김밥,미반,김밥,말이김밥,사전예약,1167,474,1531.0,830,222,57,50,8,0,2025-04-01,2025-04-30,3200.0,165,42,1531,26.747,6.0241,19.8795,3.23
108401,롯데)맛장우도시락 고기(肉)올인원,미반>도시락>도시락,미반,도시락,도시락,당일픽업,1261,504,1521.0,946,212,84,14,5,0,2025-04-01,2025-04-30,5500.0,128,9,1521,22.4101,1.4799,13.5307,3.0179
108810,올뉴빅닭강정,미반>푸드 간편식>안주/반찬,미반,푸드 간편식,안주/반찬,사전예약,1295,653,1502.5,1106,137,39,12,0,1,2025-04-01,2025-04-30,9900.0,98,12,1504,12.387,1.085,8.8608,2.3032
021802,롯데)대만식햄치즈샌드위치,조리빵>샌드위치>샌드위치,조리빵,샌드위치,샌드위치,당일픽업,1227,434,1492.0,825,253,128,19,2,0,2025-04-01,2025-04-30,2600.0,125,17,1492,30.6667,2.303,15.1515,3.4378
112645,PB)이비가짬뽕큰컵,면>용기면>숙면/건면,면,용기면,숙면/건면,당일픽업,1208,482,1491.0,898,207,70,25,8,0,2025-04-01,2025-04-30,3600.0,137,17,1491,23.0512,2.784,15.2561,3.0934
021729,햄듬뿍치즈샌드,조리빵>샌드위치>샌드위치,조리빵,샌드위치,샌드위치,사전예약,1216,448,1487.0,865,220,97,31,3,0,2025-04-01,2025-04-30,2700.0,123,28,1487,25.4335,3.5838,14.2197,3.3192
108851,현대)맛장우도시락 올데이뷔페,미반>도시락>도시락,미반,도시락,도시락,당일픽업,1194,503,1472.0,880,213,78,18,5,0,2025-04-01,2025-04-30,4700.0,135,13,1472,24.2045,2.0455,15.3409,2.9264
202058,칠성)밀키스340ml,음료>탄산음료>과일향탄산(소),음료,탄산음료,과일향탄산(소),당일픽업,977,359,1437.0,561,311,88,16,1,0,2025-04-01,2025-04-30,1700.0,223,15,1437,55.4367,2.852,39.7504,4.0028
124134,닭강정김밥,미반>김밥>말이김밥,미반,김밥,말이김밥,사전예약,1163,538,1417.0,910,178,57,16,2,0,2025-04-01,2025-04-22,3400.0,121,14,1417,19.5604,1.7582,13.2967,2.6338
106826,롯데)킹장우듬뿍참치김밥,미반>김밥>말이김밥,미반,김밥,말이김밥,당일픽업,1133,409,1409.0,743,249,116,20,5,0,2025-04-01,2025-04-30,3200.0,133,15,1409,33.5128,2.6918,17.9004,3.445
041567,PB)푸하하소금우유크림빵110g,디저트>냉장베이커리>냉장빵,디저트,냉장베이커리,냉장빵,교환권,1059,595,1405.5,830,191,21,13,3,1,2025-04-01,2025-04-30,2900.0,170,10,1407,23.012,1.5663,20.4819,2.3647
124136,듬뿍참치유부초밥,미반>초밥류>유부초밥,미반,초밥류,유부초밥,사전예약,1140,493,1401.0,870,180,59,27,4,0,2025-04-01,2025-04-30,3500.0,121,23,1401,20.6897,3.1034,13.908,2.8418
115940,오리온)무뚝뚝감자칩60g,과자>스낵류>감자스낵,과자,스낵류,감자스낵,당일픽업,1034,365,1399.0,653,266,91,21,3,0,2025-04-01,2025-04-30,2000.0,175,18,1399,40.7351,3.2159,26.7994,3.8329
192098,앙리마티스나디아(화이트),양주와인>와인>화이트,양주와인,와인,화이트,사전예약,1227,794,1390.5,1073,77,13,54,9,1,2025-04-01,2025-04-30,12900.0,64,45,1392,7.1761,5.0326,5.9646,1.7531
124859,조니워커블루뱀띠에디션1L,양주와인>양주>위스키,양주와인,양주,위스키,사전예약,1270,735,1386.5,1193,59,3,11,3,1,2025-04-01,2025-04-30,454900.0,56,8,1388,4.9455,0.922,4.694,1.8884
124265,그린)스팸계란마요삼각,미반>삼각김밥>삼각김밥,미반,삼각김밥,삼각김밥,당일픽업,1124,485,1382.5,699,261,133,21,9,1,2025-04-01,2025-04-30,1400.0,128,12,1384,37.3391,3.0043,18.3119,2.8536
124261,맥캘란 12년 셰리오크,양주와인>양주>위스키,양주와인,양주,위스키,사전예약,1140,507,1349.5,953,105,17,54,10,1,2025-04-04,2025-04-30,149000.0,88,44,1351,11.0178,5.6663,9.234,2.6647
601328, 7P)랑그드샤화이트초코70g,과자>비스킷류>쿠키,과자,비스킷류,쿠키,당일픽업,1087,434,1340.0,757,187,81,55,7,0,2025-04-01,2025-04-30,4000.0,106,48,1340,24.7028,7.2655,14.0026,3.0876
140526,CJ)햇반미역국밥(컵반),가공식품>가공미반류>즉석컵밥,가공식품,가공미반류,즉석컵밥,당일픽업,1038,491,1334.0,761,196,56,22,3,0,2025-04-01,2025-04-30,4800.0,140,19,1334,25.7556,2.8909,18.3968,2.7169
109029,맛장우도시락 올데이뷔페,미반>도시락>기타,미반,도시락,기타,사전예약,1057,489,1323.0,825,163,40,26,3,0,2025-04-01,2025-04-30,4700.0,123,23,1323,19.7576,3.1515,14.9091,2.7055
014287,롯데)NEW참치마요네즈삼각,미반>삼각김밥>삼각김밥,미반,삼각김밥,삼각김밥,교환권,1008,628,1322.0,784,180,24,14,6,0,2025-04-01,2025-04-30,1100.0,156,8,1322,22.9592,1.7857,19.898,2.1051
210332,팔도)도시락,면>용기면>라면(소형컵),면,용기면,라면(소형컵),당일픽업,944,298,1315.0,561,273,93,15,2,0,2025-04-03,2025-04-30,1100.0,180,13,1315,48.6631,2.6738,32.0856,4.4128
132157,농심)얼큰한너구리봉지,면>봉지면>라면,면,봉지면,라면,당일픽업,1136,214,1310.0,707,255,168,4,2,0,2025-04-01,2025-04-30,1150.0,87,2,1310,36.0679,0.5658,12.3055,6.1215
124303,쉥크스 홈스테드 켄터키 사워매시 2024 700ml,양주와인>양주>위스키,양주와인,양주,위스키,사전예약,1225,194,1293.5,1148,20,0,46,8,3,2025-04-10,2025-04-30,258500.0,20,38,1298,1.7422,4.007,1.7422,6.6907
124782,롯데)최강록의소보로삼각,미반>삼각김밥>삼각김밥,미반,삼각김밥,삼각김밥,당일픽업,1034,500,1292.0,737,192,66,28,11,0,2025-04-01,2025-04-30,1400.0,126,17,1292,26.0516,3.7992,17.0963,2.584
125084,PB)이봉원의봉짬뽕224g,냉장>냉장간편식>냉장면,냉장,냉장간편식,냉장면,당일픽업,1082,457,1282.5,850,126,32,53,20,1,2025-04-17,2025-04-30,4500.0,94,33,1284,14.8235,6.2353,11.0588,2.8096
124435,PB)바스켓팝콘,과자>스낵류>옥수수스낵,과자,스낵류,옥수수스낵,당일픽업,1194,767,1259.5,1115,39,13,22,4,1,2025-04-01,2025-04-30,11900.0,26,18,1261,3.4978,1.9731,2.3318,1.6441
014215,그린)NEW참치김치볶음밥삼각,미반>삼각김밥>삼각김밥,미반,삼각김밥,삼각김밥,당일픽업,949,351,1257.0,539,270,120,16,4,0,2025-04-01,2025-04-30,1200.0,150,12,1257,50.0928,2.9685,27.8293,3.5812
123094,현대)맛장우 통등심돈까스&김치제육,미반>도시락>도시락,미반,도시락,도시락,당일픽업,1099,545,1250.0,872,140,67,15,5,0,2025-04-01,2025-04-30,5500.0,73,10,1250,16.055,1.7202,8.3716,2.2936
111545,해태)크림웨하스50g,과자>비스킷류>크래커,과자,비스킷류,크래커,당일픽업,888,306,1237.0,557,237,68,21,5,0,2025-04-01,2025-04-30,1000.0,169,16,1237,42.5494,3.7702,30.3411,4.0425
123553,롯데)가득담은5찬도시락,미반>도시락>도시락,미반,도시락,도시락,당일픽업,1046,377,1231.0,749,182,91,17,7,0,2025-04-01,2025-04-29,5000.0,91,10,1231,24.2991,2.2697,12.1495,3.2653
106875,킹장우듬뿍참치김밥,미반>김밥>말이김밥,미반,김밥,말이김밥,사전예약,908,341,1225.0,643,190,42,29,4,0,2025-04-01,2025-04-30,3200.0,148,25,1225,29.549,4.5101,23.0171,3.5924
192578,무학)앙리마티스보히가스에디션,양주와인>와인>스파클링(샴페인),양주와인,와인,스파클링(샴페인),당일픽업,1066,325,1222.0,948,74,8,32,4,0,2025-04-01,2025-04-30,18500.0,66,28,1222,7.8059,3.3755,6.962,3.76
109009,PB)피스타치오마카다미아봉봉50g,과자>초콜릿>볼초콜릿,과자,초콜릿,볼초콜릿,당일픽업,936,429,1215.0,658,187,56,29,6,0,2025-04-01,2025-04-30,3000.0,131,23,1215,28.4195,4.4073,19.9088,2.8322
014347,스팸마요계란김밥,미반>김밥>말이김밥,미반,김밥,말이김밥,사전예약,938,390,1202.0,695,165,42,30,6,0,2025-04-01,2025-04-30,2800.0,123,24,1202,23.741,4.3165,17.6978,3.0821
132150,농심)안성탕면봉지,면>봉지면>라면,면,봉지면,라면,당일픽업,1047,224,1202.0,660,227,152,7,1,0,2025-04-01,2025-04-24,900.0,75,6,1202,34.3939,1.0606,11.3636,5.3661
124135,해태)구운버터옥수수60g,과자>스낵류>옥수수스낵,과자,스낵류,옥수수스낵,당일픽업,911,384,1196.5,618,192,62,34,4,1,2025-04-01,2025-04-30,1700.0,130,30,1198,31.068,5.5016,21.0356,3.1198
132667,농심)배홍동비빔면(봉지),면>봉지면>비빔/볶음면,면,봉지면,비빔/볶음면,당일픽업,907,281,1175.0,596,212,79,14,6,0,2025-04-01,2025-04-30,1250.0,133,8,1175,35.5705,2.349,22.3154,4.1815
107273,크라운)콘칩초당70g,과자>스낵류>옥수수스낵,과자,스낵류,옥수수스낵,당일픽업,847,325,1165.0,555,212,60,18,2,0,2025-04-01,2025-04-30,1700.0,152,16,1165,38.1982,3.2432,27.3874,3.5846
124372,현대)제일맛집도시락,미반>도시락>도시락,미반,도시락,도시락,당일픽업,969,387,1163.0,716,163,67,16,7,0,2025-04-01,2025-04-30,5500.0,96,9,1163,22.7654,2.2346,13.4078,3.0052
125131,모던 스퀘어 카네이션,서비스 상품>기타>카네이션,서비스 상품,기타,카네이션,사전예약,939,504,1150.0,818,108,5,7,1,0,2025-04-10,2025-04-25,8900.0,103,6,1150,13.2029,0.8557,12.5917,2.2817
123517,롯데)비빔참치마요삼각김밥,미반>삼각김밥>삼각김밥,미반,삼각김밥,삼각김밥,당일픽업,896,300,1142.0,513,238,118,20,7,0,2025-04-01,2025-04-30,1300.0,120,13,1142,46.3938,3.8986,23.3918,3.8067
210382,팔도)비빔면봉지,면>봉지면>비빔/볶음면,면,봉지면,비빔/볶음면,당일픽업,868,210,1141.0,510,236,105,15,2,0,2025-04-01,2025-04-30,1110.0,131,13,1141,46.2745,2.9412,25.6863,5.4333
108632,뚠뚠햄치즈&포테이토샌드,조리빵>샌드위치>샌드위치,조리빵,샌드위치,샌드위치,사전예약,852,289,1124.0,602,175,47,24,4,0,2025-04-01,2025-04-30,3400.0,128,20,1124,29.0698,3.9867,21.2625,3.8893
125343,ITTA MAGAZINE TEMPEST ver,미디어 상품>잡지>일반잡지,미디어 상품,잡지,일반잡지,사전예약,819,140,1114.5,635,152,5,17,7,3,2025-04-21,2025-04-29,13900.0,147,10,1119,23.937,2.6772,23.1496,7.9929
601347,엔제이)블랙썬더버터22g,과자>초콜릿>바초콜릿,과자,초콜릿,바초콜릿,당일픽업,891,485,1095.0,663,141,48,32,7,0,2025-04-01,2025-04-30,1500.0,93,25,1095,21.267,4.8265,14.0271,2.2577
107585,고기(肉)맥시멈도시락,미반>도시락>기타,미반,도시락,기타,사전예약,903,394,1083.0,709,127,40,20,7,0,2025-04-01,2025-04-30,5500.0,87,13,1083,17.9126,2.8209,12.2708,2.7487
123516,롯데)전주비빔삼각김밥,미반>삼각김밥>삼각김밥,미반,삼각김밥,삼각김밥,당일픽업,824,287,1079.0,445,236,111,23,9,0,2025-04-01,2025-04-30,1200.0,125,14,1079,53.0337,5.1685,28.0899,3.7596
118889,시원)후와토로리치피스타치오40g,디저트>냉동디저트>냉동빵,디저트,냉동디저트,냉동빵,당일픽업,862,429,1075.0,665,121,28,41,7,0,2025-04-03,2025-04-30,3900.0,93,34,1075,18.1955,6.1654,13.985,2.5058
124908,와일드터키롱브랜치,양주와인>양주>위스키,양주와인,양주,위스키,사전예약,880,384,1074.0,736,95,11,34,4,0,2025-04-01,2025-04-30,48900.0,84,30,1074,12.9076,4.6196,11.413,2.7969
123444,와일드 터키 지미 러셀  70주년 릴리즈,양주와인>양주>위스키,양주와인,양주,위스키,사전예약,1056,481,1072.0,977,3,0,54,22,0,2025-04-01,2025-04-27,79000.0,3,32,1072,0.3071,5.5271,0.3071,2.2287
105946,맛장우고추장불백,미반>도시락>기타,미반,도시락,기타,사전예약,838,413,1059.0,641,144,37,13,3,0,2025-04-01,2025-04-29,5900.0,107,10,1059,22.4649,2.0281,16.6927,2.5642
123059,어메이징딸기샌드,조리빵>샌드위치>기타 ,조리빵,샌드위치,기타 ,사전예약,800,357,1057.0,566,155,39,35,5,0,2025-04-01,2025-04-30,3800.0,116,30,1057,27.3852,6.1837,20.4947,2.9608
601329, 7P)랑그드샤초코70g,과자>비스킷류>쿠키,과자,비스킷류,쿠키,당일픽업,827,342,1045.0,550,151,64,56,6,0,2025-04-01,2025-04-30,4000.0,87,50,1045,27.4545,10.1818,15.8182,3.0556
124516,롯데)최강록의로스팜에그샌드,조리빵>샌드위치>샌드위치,조리빵,샌드위치,샌드위치,당일픽업,873,426,1040.5,659,132,54,22,5,1,2025-04-01,2025-04-30,3200.0,78,17,1042,20.0303,3.3384,11.8361,2.446
132457,삼양)까르보불닭볶음면(큰컵),면>용기면>비빔/볶음면,면,용기면,비빔/볶음면,당일픽업,754,299,1017.0,439,212,78,15,10,0,2025-04-01,2025-04-30,1800.0,134,5,1017,48.2916,3.4169,30.5239,3.4013
124446,제일맛집도시락,미반>도시락>기타,미반,도시락,기타,사전예약,833,431,1016.0,687,106,17,17,6,0,2025-04-01,2025-04-30,5500.0,89,11,1016,15.4294,2.4745,12.9549,2.3573
094369,세븐팜)갓성비바나나(5입),신선>과일>수입과일,신선,과일,수입과일,당일픽업,776,286,1010.0,535,155,50,32,4,0,2025-04-01,2025-04-30,2500.0,105,28,1010,28.972,5.9813,19.6262,3.5315
109943,레드브레스트12년 700ml,양주와인>양주>위스키,양주와인,양주,위스키,사전예약,788,372,1004.0,647,114,10,12,1,4,2025-04-01,2025-04-25,78900.0,104,11,1010,17.6198,1.8547,16.0742,2.7151
124254,맥캘란 18년 셰리오크,양주와인>양주>위스키,양주와인,양주,위스키,사전예약,815,195,1009.0,666,102,12,28,7,0,2025-04-01,2025-04-30,629000.0,90,21,1009,15.3153,4.2042,13.5135,5.1744
021692,삼립)프리미엄햄에그샌드,조리빵>샌드위치>샌드위치,조리빵,샌드위치,샌드위치,당일픽업,795,308,984.0,551,155,68,19,2,0,2025-04-01,2025-04-30,2500.0,87,17,984,28.1307,3.4483,15.7895,3.1948
071778,마루카네)감동란2입,냉장>냉장간식>삶은계란,냉장,냉장간식,삶은계란,당일픽업,696,268,973.0,401,198,67,25,5,0,2025-04-01,2025-04-30,2600.0,131,20,973,49.3766,6.2344,32.6683,3.6306
013643,치킨마요덮밥,미반>도시락>기타,미반,도시락,기타,사전예약,770,360,971.0,575,132,37,21,5,0,2025-04-01,2025-04-30,4500.0,95,16,971,22.9565,3.6522,16.5217,2.6972
601346,엔제이)블랙썬더21g,과자>초콜릿>바초콜릿,과자,초콜릿,바초콜릿,당일픽업,806,414,968.0,589,125,51,32,9,0,2025-04-01,2025-04-30,1500.0,74,23,968,21.2224,5.4329,12.5637,2.3382
105813,PB)쿠키바크씬80g,과자>초콜릿>봉지초콜릿,과자,초콜릿,봉지초콜릿,당일픽업,853,478,958.0,728,67,22,29,7,0,2025-04-01,2025-04-30,4000.0,45,22,958,9.2033,3.9835,6.1813,2.0042
112127,롯데)치토스매콤한맛82g,과자>스낵류>옥수수스낵,과자,스낵류,옥수수스낵,당일픽업,704,269,947.0,443,180,63,15,3,0,2025-04-01,2025-04-30,1700.0,117,12,947,40.6321,3.386,26.4108,3.5204
124320,농심)먹태깡고추장마요60g,과자>스낵류>일반스낵,과자,스낵류,일반스낵,당일픽업,713,288,944.5,461,170,63,18,0,1,2025-04-01,2025-04-30,1700.0,107,18,946,36.8764,3.9046,23.2104,3.2847
021693,삼립)NEW상하이스파이시버거,조리빵>햄버거>햄버거,조리빵,햄버거,햄버거,당일픽업,777,291,934.0,536,153,78,8,0,2,2025-04-01,2025-04-30,2500.0,75,8,937,28.5448,1.4925,13.9925,3.2199
124150,롯데)함박&부대볶음 5찬도시락,미반>도시락>도시락,미반,도시락,도시락,당일픽업,770,304,924.5,521,150,72,17,9,1,2025-04-01,2025-04-30,5200.0,78,8,926,28.7908,3.263,14.9712,3.0461
132675,오뚜기)육개장사발면104g,면>용기면>라면(소형컵),면,용기면,라면(소형컵),당일픽업,660,214,895.0,405,178,65,11,1,0,2025-04-01,2025-04-30,1100.0,113,10,895,43.9506,2.716,27.9012,4.1822
210464,오뚜기)진라면매운맛큰컵,면>용기면>라면(대형컵),면,용기면,라면(대형컵),당일픽업,632,185,894.0,388,183,53,6,2,0,2025-04-03,2025-04-30,1400.0,130,4,894,47.1649,1.5464,33.5052,4.8324
170186,현대)미에로화이바350ml,음료>기능성드링크>비타민음료,음료,기능성드링크,비타민음료,당일픽업,581,199,889.0,356,182,33,10,0,0,2025-04-01,2025-04-30,2200.0,149,10,889,51.1236,2.809,41.8539,4.4673
132140,농심)튀김우동큰사발,면>용기면>라면(대형컵),면,용기면,라면(대형컵),당일픽업,616,221,875.0,348,192,66,9,1,0,2025-04-01,2025-04-30,1500.0,126,8,875,55.1724,2.5862,36.2069,3.9593
105729,11겹등심돈까스,미반>도시락>기타,미반,도시락,기타,사전예약,698,342,872.0,559,107,23,8,1,0,2025-04-01,2025-04-30,5900.0,84,7,872,19.1413,1.4311,15.0268,2.5497
107834,만쿠만구치킨(순살),즉석 식품>즉석치킨(삭제예정)>세트류_삭제예정,즉석 식품,즉석치킨(삭제예정),세트류_삭제예정,당일픽업,698,211,868.0,559,103,19,12,5,0,2025-04-01,2025-04-30,10900.0,84,7,868,18.4258,2.1467,15.0268,4.1137
062345,PB)오구딸기타임200ml,유음료>가공우유>딸기우유,유음료,가공우유,딸기우유,당일픽업,637,271,851.0,390,165,65,16,1,0,2025-04-01,2025-04-30,1300.0,100,15,851,42.3077,4.1026,25.641,3.1402
124547,울진대게딱지장김밥,미반>김밥>말이김밥,미반,김밥,말이김밥,사전예약,670,297,843.0,487,113,36,29,5,0,2025-04-01,2025-04-30,3200.0,77,24,843,23.2033,5.9548,15.8111,2.8384
123744,기본김밥,미반>김밥>말이김밥,미반,김밥,말이김밥,사전예약,682,242,840.0,500,117,45,18,2,0,2025-04-01,2025-04-30,2600.0,72,16,840,23.4,3.6,14.4,3.4711
191866,빈티지)도그포인트쇼비뇽블랑750,양주와인>와인>화이트,양주와인,와인,화이트,당일픽업,682,302,819.0,555,64,6,45,12,0,2025-04-01,2025-04-30,37400.0,58,33,819,11.5315,8.1081,10.4505,2.7119
132290,농심)새우탕면(소컵),면>용기면>라면(소형컵),면,용기면,라면(소형컵),당일픽업,594,174,813.0,351,171,63,7,2,0,2025-04-03,2025-04-30,1250.0,108,5,813,48.7179,1.9943,30.7692,4.6724
202242,칠성)레쓰비그란데라떼500ml,음료>커피음료>PET커피,음료,커피음료,PET커피,당일픽업,566,195,812.0,347,162,43,12,2,0,2025-04-01,2025-04-30,2200.0,119,10,812,46.6859,3.4582,34.2939,4.1641
160053,칠성)펩시콜라600ml,음료>탄산음료>콜라(중),음료,탄산음료,콜라(중),당일픽업,527,171,810.0,309,173,33,9,3,0,2025-04-01,2025-04-30,2300.0,140,6,810,55.9871,2.9126,45.3074,4.7368
201131,코카)환타오렌지355ml(캔),음료>탄산음료>과일향탄산(소),음료,탄산음료,과일향탄산(소),당일픽업,555,193,806.0,312,179,55,7,2,0,2025-04-01,2025-04-30,1700.0,124,5,806,57.3718,2.2436,39.7436,4.1762
132730,오뚜기)짜슐랭봉지,면>봉지면>비빔/볶음면,면,봉지면,비빔/볶음면,당일픽업,624,184,800.0,414,140,53,12,5,0,2025-04-02,2025-04-30,1200.0,87,7,800,33.8164,2.8986,21.0145,4.3478
803186,농심)츄파춥스300,과자>캔디류>과일향캔디,과자,캔디류,과일향캔디,당일픽업,592,253,798.0,372,160,58,2,0,0,2025-04-01,2025-04-30,300.0,102,2,798,43.0108,0.5376,27.4194,3.1542
106071,언노운)드보오마주오리지널브뤼750ml,양주와인>와인>스파클링(샴페인),양주와인,와인,스파클링(샴페인),당일픽업,717,330,794.0,642,29,3,37,6,0,2025-04-01,2025-04-30,56000.0,26,31,794,4.5171,5.7632,4.0498,2.4061
119522,PB)숏다리오잉70g,과자>스낵류>일반스낵,과자,스낵류,일반스낵,당일픽업,557,261,791.0,338,153,43,20,3,0,2025-04-01,2025-04-30,1800.0,110,17,791,45.2663,5.9172,32.5444,3.0307
115642,롯데)빠다코코낫100g,과자>비스킷류>크래커,과자,비스킷류,크래커,당일픽업,588,221,790.0,377,147,50,12,2,0,2025-04-01,2025-04-30,1700.0,97,10,790,38.992,3.183,25.7294,3.5747
114320,오리온)미쯔미니700,과자>비스킷류>쿠키,과자,비스킷류,쿠키,당일픽업,588,266,789.0,368,152,56,11,1,0,2025-04-01,2025-04-30,700.0,96,10,789,41.3043,2.9891,26.087,2.9662
094260,프레시팜)착한달걀10입(대란),신선>수축산/계란>계란,신선,수축산/계란,계란,당일픽업,608,218,788.0,397,140,55,14,2,0,2025-04-01,2025-04-30,3800.0,85,12,788,35.2645,3.5264,21.4106,3.6147
106839,CJ)맥스봉매콤불고기맛핫바65g,냉장>냉장간식>소형바,냉장,냉장간식,소형바,당일픽업,589,236,788.0,364,148,50,19,8,0,2025-04-01,2025-04-30,2400.0,98,11,788,40.6593,5.2198,26.9231,3.339
113156,그린)11겹등심돈까스,미반>도시락>도시락,미반,도시락,도시락,당일픽업,676,278,783.0,510,100,53,13,0,0,2025-04-01,2025-04-30,5900.0,47,13,783,19.6078,2.549,9.2157,2.8165
125132,하이브리드_아이비,서비스 상품>기타>카네이션,서비스 상품,기타,카네이션,사전예약,695,504,780.5,641,45,4,4,0,1,2025-04-10,2025-04-26,10900.0,41,4,782,7.0203,0.624,6.3963,1.5516
125133,반전 용돈박스(대),서비스 상품>기타>카네이션,서비스 상품,기타,카네이션,사전예약,724,587,778.5,689,27,2,5,0,1,2025-04-10,2025-04-26,16900.0,25,5,780,3.9187,0.7257,3.6284,1.3288
124617,포켓델리베지스틱,미반>푸드 간편식>안주/반찬,미반,푸드 간편식,안주/반찬,사전예약,648,348,777.0,537,63,13,33,2,0,2025-04-01,2025-04-30,2900.0,50,31,777,11.7318,6.1453,9.311,2.2328
124327,샤또 브랑깡뜨냑18,양주와인>와인>레드,양주와인,와인,레드,사전예약,618,308,761.5,521,69,4,20,3,1,2025-04-01,2025-04-30,142740.0,65,17,763,13.2438,3.8388,12.476,2.4773
109576,참고소한제육덮밥,미반>도시락>기타,미반,도시락,기타,사전예약,580,250,757.0,430,111,27,11,1,0,2025-04-01,2025-04-30,4500.0,84,10,757,25.814,2.5581,19.5349,3.028
115500,카발란 올로로소 쉐리오크,양주와인>양주>위스키,양주와인,양주,위스키,사전예약,633,331,754.5,538,55,5,30,4,1,2025-04-01,2025-04-30,189000.0,50,26,756,10.223,5.5762,9.2937,2.284
115640,롯데)롯데샌드105g,과자>비스킷류>쿠키,과자,비스킷류,쿠키,당일픽업,558,195,751.0,331,149,60,17,1,0,2025-04-01,2025-04-30,1700.0,89,16,751,45.0151,5.136,26.8882,3.8513
071847,CJ)청양고추후랑크80g,냉장>냉장간식>소형바,냉장,냉장간식,소형바,당일픽업,560,204,748.0,346,139,50,20,5,0,2025-04-01,2025-04-30,2700.0,89,15,748,40.1734,5.7803,25.7225,3.6667
324783,SK텔링크)반값유심,서비스 상품>일반서비스>MVNO,서비스 상품,일반서비스,MVNO,당일픽업,548,220,744.5,435,100,2,7,3,1,2025-04-17,2025-04-30,6600.0,98,4,746,22.9885,1.6092,22.5287,3.3909
202136,코카)조지아블랙470ml,음료>커피음료>PET커피,음료,커피음료,PET커피,당일픽업,526,197,744.0,311,153,48,12,2,0,2025-04-01,2025-04-30,2800.0,105,10,744,49.1961,3.8585,33.7621,3.7766
021788,리얼소프트햄&에그샌드,조리빵>샌드위치>샌드위치,조리빵,샌드위치,샌드위치,사전예약,585,220,743.0,436,102,28,16,3,0,2025-04-01,2025-04-30,2800.0,74,13,743,23.3945,3.6697,16.9725,3.3773
124931,PB)바밤바알밤초콜릿16g,과자>초콜릿>볼초콜릿,과자,초콜릿,볼초콜릿,당일픽업,564,240,741.0,421,94,14,29,6,0,2025-04-10,2025-04-30,1000.0,80,23,741,22.3278,6.8884,19.0024,3.0875
021805,그린)햄듬뿍치즈샌드,조리빵>샌드위치>샌드위치,조리빵,샌드위치,샌드위치,당일픽업,601,208,736.5,412,116,53,16,3,1,2025-04-01,2025-04-30,2700.0,63,13,738,28.1553,3.8835,15.2913,3.5481
105886,롯데)맛장우도시락 고추장불백,미반>도시락>도시락,미반,도시락,도시락,당일픽업,583,261,724.0,416,112,43,9,3,0,2025-04-01,2025-04-30,5900.0,69,6,724,26.9231,2.1635,16.5865,2.7739
124680,키노비오리지널진700ml,양주와인>양주>기타양주,양주와인,양주,기타양주,사전예약,577,239,720.0,480,76,6,10,3,2,2025-04-01,2025-04-30,53000.0,70,7,723,15.8333,2.0833,14.5833,3.0251
106559,오리온)찍먹나쵸치폴레마요84g,과자>스낵류>옥수수스낵,과자,스낵류,옥수수스낵,당일픽업,544,194,723.0,344,126,42,25,7,0,2025-04-01,2025-04-30,1700.0,84,18,723,36.6279,7.2674,24.4186,3.7268
324300,SK텔링크)알뜰유심,서비스 상품>일반서비스>MVNO,서비스 상품,일반서비스,MVNO,당일픽업,537,205,720.0,414,93,2,19,9,0,2025-04-15,2025-04-30,8800.0,91,10,720,22.4638,4.5894,21.9807,3.5122
202357,칠성)레쓰비그란데헤이즐넛500ml,음료>커피음료>PET커피,음료,커피음료,PET커피,당일픽업,495,171,717.0,295,148,41,10,1,0,2025-04-01,2025-04-30,2200.0,107,9,717,50.1695,3.3898,36.2712,4.193
107513,그린)더커진불닭콘참치마요삼각,미반>삼각김밥>기타주먹밥(더커진삼각),미반,삼각김밥,기타주먹밥(더커진삼각),당일픽업,552,188,711.0,369,117,41,19,6,0,2025-04-01,2025-04-30,1700.0,76,13,711,31.7073,5.1491,20.5962,3.7819
062576,PB)앙리마티스바닐라라떼250ml,유음료>컵커피>300ml 미만,유음료,컵커피,300ml 미만,당일픽업,531,242,707.0,368,121,36,6,0,0,2025-04-01,2025-04-30,3300.0,85,6,707,32.8804,1.6304,23.0978,2.9215
105887,롯데)맛장우전주식비빔밥,미반>도시락>도시락,미반,도시락,도시락,교환권,490,246,700.0,356,109,8,14,3,0,2025-04-01,2025-04-30,4500.0,101,11,700,30.618,3.9326,28.3708,2.8455
201428,칠성)칠성사이다355ml,음료>탄산음료>사이다(소),음료,탄산음료,사이다(소),당일픽업,493,216,699.0,309,136,37,10,1,0,2025-04-01,2025-04-30,2000.0,99,9,699,44.0129,3.2362,32.0388,3.2361
125374,PB)자이언츠피카츄냐냐71g,과자>스낵류>옥수수스낵,과자,스낵류,옥수수스낵,당일픽업,612,309,699.0,480,0,0,117,15,0,2025-04-25,2025-04-30,2100.0,0,102,699,0.0,24.375,0.0,2.2621
108620,엔제이)훈와리밀크카스테라,빵>간식빵>간식용케익,빵,간식빵,간식용케익,당일픽업,561,263,694.5,412,91,34,22,1,1,2025-04-01,2025-04-30,2900.0,57,21,696,22.0874,5.3398,13.835,2.6464
124978,부나하벤12년700ml,양주와인>양주>위스키,양주와인,양주,위스키,사전예약,635,337,693.0,598,24,0,12,1,0,2025-04-08,2025-04-30,116000.0,24,11,693,4.0134,2.0067,4.0134,2.0564
132145,농심)김치사발면,면>용기면>라면(소형컵),면,용기면,라면(소형컵),당일픽업,474,176,686.0,265,153,50,6,0,0,2025-04-01,2025-04-30,1100.0,103,6,686,57.7358,2.2642,38.8679,3.8977
123315,디저트39)저당슈크림모나카,아이스크림>노벨티>모나카,아이스크림,노벨티,모나카,당일픽업,505,219,682.0,327,125,42,11,0,0,2025-04-01,2025-04-30,3000.0,83,11,682,38.2263,3.3639,25.3823,3.1142
192642,7P)스트롱사와레몬500ml,양주와인>하이볼>수입하이볼,양주와인,하이볼,수입하이볼,당일픽업,596,286,681.0,481,51,19,37,8,0,2025-04-01,2025-04-30,4800.0,32,29,681,10.6029,7.6923,6.6528,2.3811
014412,함박&부대볶음_5찬,미반>도시락>기타,미반,도시락,기타,사전예약,539,271,676.0,426,81,16,13,3,0,2025-04-01,2025-04-28,5200.0,65,10,676,19.0141,3.0516,15.2582,2.4945
132171,농심)생생우동253g,면>봉지면>숙면/건면,면,봉지면,숙면/건면,당일픽업,502,167,674.0,345,102,25,26,4,0,2025-04-05,2025-04-30,2500.0,77,22,674,29.5652,7.5362,22.3188,4.0359
123594,롯데)햄치즈에그토스트샌드,조리빵>샌드위치>샌드위치,조리빵,샌드위치,샌드위치,당일픽업,571,231,674.0,400,100,54,15,2,0,2025-04-01,2025-04-30,3100.0,46,13,674,25.0,3.75,11.5,2.9177
014442,더꽉찬한돈돈까스김밥,미반>김밥>말이김밥,미반,김밥,말이김밥,사전예약,499,228,670.0,350,100,23,23,3,0,2025-04-01,2025-04-30,2800.0,77,20,670,28.5714,6.5714,22.0,2.9386
600166,PB)갈릭새우칩65g,과자>스낵류>일반스낵,과자,스낵류,일반스낵,당일픽업,468,208,662.0,266,139,48,14,1,0,2025-04-01,2025-04-30,1700.0,91,13,662,52.2556,5.2632,34.2105,3.1827
124774,농심)배홍동칼빔면봉지,면>봉지면>비빔/볶음면,면,봉지면,비빔/볶음면,당일픽업,508,160,662.0,335,119,44,8,2,0,2025-04-09,2025-04-30,1700.0,75,6,662,35.5224,2.3881,22.3881,4.1375
109008,PB)바닐라초코마카다미아봉봉50g,과자>초콜릿>볼초콜릿,과자,초콜릿,볼초콜릿,당일픽업,518,243,656.0,361,92,32,28,5,0,2025-04-01,2025-04-30,3000.0,60,23,656,25.4848,7.7562,16.6205,2.6996
123588,롯데)맛장우삼각더커진비빔참치,미반>삼각김밥>기타주먹밥(더커진삼각),미반,삼각김밥,기타주먹밥(더커진삼각),당일픽업,506,183,653.0,286,134,65,17,4,0,2025-04-01,2025-04-30,1700.0,69,13,653,46.8531,5.9441,24.1259,3.5683
123629,G)LOOK초콜릿(네가지과일)44g,과자>초콜릿>볼초콜릿,과자,초콜릿,볼초콜릿,당일픽업,497,211,652.0,352,94,24,23,4,0,2025-04-01,2025-04-30,2900.0,70,19,652,26.7045,6.5341,19.8864,3.09
109628,그린)닭가슴살햄듬뿍샌드,조리빵>샌드위치>샌드위치,조리빵,샌드위치,샌드위치,당일픽업,526,201,641.5,375,86,36,24,4,1,2025-04-01,2025-04-30,3200.0,50,20,643,22.9333,6.4,13.3333,3.199
106024,맛장우김밥오리지널,미반>김밥>말이김밥,미반,김밥,말이김밥,사전예약,515,200,643.0,374,92,31,14,4,0,2025-04-01,2025-04-30,3200.0,61,10,643,24.5989,3.7433,16.3102,3.215
109252,네슬레)다막피스타치오60G,과자>초콜릿>판초콜릿,과자,초콜릿,판초콜릿,당일픽업,628,450,636.5,615,0,0,11,1,1,2025-04-01,2025-04-30,3900.0,0,10,638,0.0,1.7886,0.0,1.4178
041426,제주우유생크림빵130g,디저트>냉장베이커리>냉장빵,디저트,냉장베이커리,냉장빵,당일픽업,509,176,638.0,329,105,50,23,2,0,2025-04-01,2025-04-30,2800.0,55,21,638,31.9149,6.9909,16.7173,3.625
170217,동화)쌍화원골드100ml,음료>기능성드링크>건강음료,음료,기능성드링크,건강음료,당일픽업,470,163,635.0,271,134,56,9,0,0,2025-04-01,2025-04-30,1200.0,78,9,635,49.4465,3.321,28.7823,3.8957
123654,맛장우도시락 오늘은소불고기닭!,미반>도시락>기타,미반,도시락,기타,사전예약,503,250,634.0,388,79,14,15,7,0,2025-04-01,2025-04-29,6500.0,65,8,634,20.3608,3.866,16.7526,2.536
053162,점보닭다리,즉석 식품>즉석치킨(삭제예정)>조각류_삭제예정,즉석 식품,즉석치킨(삭제예정),조각류_삭제예정,당일픽업,439,170,632.0,276,117,26,17,3,0,2025-04-01,2025-04-30,3100.0,91,14,632,42.3913,6.1594,32.971,3.7176
132312,오뚜기)진라면순한맛큰컵,면>용기면>라면(대형컵),면,용기면,라면(대형컵),당일픽업,447,147,631.0,267,130,42,8,0,0,2025-04-01,2025-04-30,1400.0,88,8,631,48.6891,2.9963,32.9588,4.2925
315353,K)릴 하이브리드3(지알로옐로우),담배>전자담배>전자담배(KT&G 릴),담배,전자담배,전자담배(KT&G 릴),당일픽업,530,209,628.0,459,51,1,12,7,0,2025-04-01,2025-04-30,88000.0,50,5,628,11.1111,2.6144,10.8932,3.0048
013541,순살닭강정,미반>푸드 간편식>안주/반찬,미반,푸드 간편식,안주/반찬,사전예약,549,263,625.0,440,63,29,14,3,0,2025-04-01,2025-04-30,5500.0,34,11,625,14.3182,3.1818,7.7273,2.3764
119548,농심)1M츄파춥스사워벨트55g,과자>젤리류>수입젤리,과자,젤리류,수입젤리,당일픽업,459,205,624.0,302,113,33,9,2,0,2025-04-01,2025-04-30,1800.0,80,7,624,37.4172,2.9801,26.4901,3.0439
210084,삼양)삼양라면봉지,면>봉지면>라면,면,봉지면,라면,당일픽업,430,142,622.0,254,133,39,4,0,0,2025-04-01,2025-04-30,760.0,94,4,622,52.3622,1.5748,37.0079,4.3803
124759,이즐)까까맛교통카드(설레임),서비스 상품>일반서비스>교통카드판매,서비스 상품,일반서비스,교통카드판매,당일픽업,483,248,617.0,366,74,11,24,8,0,2025-04-01,2025-04-30,4000.0,63,16,617,20.2186,6.5574,17.2131,2.4879
123806,초코딸기샌드,조리빵>샌드위치>기타 ,조리빵,샌드위치,기타 ,사전예약,492,262,614.0,380,67,16,26,3,0,2025-04-01,2025-04-29,3800.0,51,23,614,17.6316,6.8421,13.4211,2.3435
115858,농심)새우깡90g,과자>스낵류>일반스낵,과자,스낵류,일반스낵,당일픽업,414,163,611.0,226,138,43,7,0,0,2025-04-01,2025-04-30,1500.0,95,7,611,61.0619,3.0973,42.0354,3.7485
201819,칠성)2%아쿠아제로500ml,음료>스포츠음료>스포츠음료(중),음료,스포츠음료,스포츠음료(중),당일픽업,423,151,611.0,236,133,42,10,2,0,2025-04-01,2025-04-30,1800.0,91,8,611,56.3559,4.2373,38.5593,4.0464
109950,제퍼슨버번 700ml,양주와인>양주>위스키,양주와인,양주,위스키,사전예약,491,243,603.0,400,63,10,13,3,2,2025-04-01,2025-04-25,36900.0,53,10,606,15.75,3.25,13.25,2.4938
107128,PB)얼음컵(라지),즉석음료>얼음>컵얼음,즉석음료,얼음,컵얼음,당일픽업,385,122,606.0,217,134,25,7,2,0,2025-04-01,2025-04-30,900.0,109,5,606,61.7512,3.2258,50.2304,4.9672
123563,롯데)더꽉찬불고기&참치김밥,미반>김밥>말이김밥,미반,김밥,말이김밥,당일픽업,479,141,605.0,294,118,56,8,3,0,2025-04-01,2025-04-30,2900.0,62,5,605,40.1361,2.7211,21.0884,4.2908
124340,G)LOOK초콜릿딸기복숭아46g,과자>초콜릿>볼초콜릿,과자,초콜릿,볼초콜릿,당일픽업,521,243,603.0,369,71,39,34,8,0,2025-04-01,2025-04-30,2900.0,32,26,603,19.2412,9.2141,8.6721,2.4815
109575,롯데)참고소한 제육덮밥,미반>도시락>도시락,미반,도시락,도시락,당일픽업,510,236,597.0,371,86,45,7,1,0,2025-04-01,2025-04-30,4500.0,41,6,597,23.1806,1.8868,11.0512,2.5297
014635,그린)스팸마요계란김밥,미반>김밥>말이김밥,미반,김밥,말이김밥,당일픽업,497,201,597.0,328,99,55,14,1,0,2025-04-01,2025-04-30,2800.0,44,13,597,30.1829,4.2683,13.4146,2.9701
113131,믹터스 싱글배럴 라이 700ml,양주와인>양주>위스키,양주와인,양주,위스키,사전예약,527,339,594.5,461,39,7,14,5,1,2025-04-01,2025-04-30,82900.0,32,9,596,8.4599,3.0369,6.9414,1.7581
132630,농심)앵그리짜파구리큰사발,면>용기면>비빔/볶음면,면,용기면,비빔/볶음면,당일픽업,445,167,596.0,284,110,39,11,1,0,2025-04-01,2025-04-30,1800.0,71,10,596,38.7324,3.8732,25.0,3.5689
160598,코카)스프라이트500ml,음료>탄산음료>사이다(중),음료,탄산음료,사이다(중),당일픽업,380,160,595.0,234,123,18,5,0,0,2025-04-01,2025-04-30,2200.0,105,5,595,52.5641,2.1368,44.8718,3.7188
125435,KBO)롯데자이언츠씨앗호떡빵97g,빵>간식빵>캐릭터빵,빵,간식빵,캐릭터빵,당일픽업,481,285,594.0,344,0,0,129,8,0,2025-04-29,2025-04-30,1900.0,0,121,594,0.0,37.5,0.0,2.0842
109729,"3,900김치피자탕수육",미반>푸드 간편식>안주/반찬,미반,푸드 간편식,안주/반찬,사전예약,510,284,589.0,426,49,13,17,5,0,2025-04-01,2025-04-29,3900.0,36,12,589,11.5023,3.9906,8.4507,2.0739
070092,서울)흰우유1L,유음료>흰우유>흰우유(대),유음료,흰우유,흰우유(대),교환권,389,135,586.0,253,112,15,7,2,0,2025-04-01,2025-04-29,3200.0,97,5,586,44.2688,2.7668,38.3399,4.3407
084008,제스트)도쿄브레드소금버터빵,빵>간식빵>과자빵,빵,간식빵,과자빵,당일픽업,481,219,585.0,346,71,30,30,4,0,2025-04-01,2025-04-30,2800.0,41,26,585,20.5202,8.6705,11.8497,2.6712
105954,삼립)메가불고기체다버거,조리빵>햄버거>햄버거,조리빵,햄버거,햄버거,당일픽업,469,185,583.0,286,111,57,12,3,0,2025-04-01,2025-04-30,3500.0,54,9,583,38.8112,4.1958,18.8811,3.1514
123767,"모바일금액권 50,000원",기타>판촉물>판촉물,기타,판촉물,판촉물,금액권,415,251,581.0,326,77,0,12,0,0,2025-04-01,2025-04-30,50000.0,77,12,581,23.6196,3.681,23.6196,2.3147
014628,롯데)베이컨김치볶음밥삼각,미반>삼각김밥>삼각김밥,미반,삼각김밥,삼각김밥,당일픽업,431,152,579.0,235,129,54,8,5,0,2025-04-01,2025-04-29,1200.0,75,3,579,54.8936,3.4043,31.9149,3.8092
106866,삼양)맵탱마늘조개라면봉지,면>봉지면>라면,면,봉지면,라면,당일픽업,489,187,576.0,345,84,44,13,3,0,2025-04-01,2025-04-30,1500.0,40,10,576,24.3478,3.7681,11.5942,3.0802
014071,그린)NEW햄참치마요네즈삼각,미반>삼각김밥>삼각김밥,미반,삼각김밥,삼각김밥,당일픽업,431,142,575.0,248,123,51,6,3,0,2025-04-01,2025-04-30,1200.0,72,3,575,49.5968,2.4194,29.0323,4.0493
014425,그린)더꽉찬한돈돈까스김밥2.0,미반>김밥>말이김밥,미반,김밥,말이김밥,당일픽업,447,179,574.0,273,109,48,13,4,0,2025-04-01,2025-04-30,2800.0,61,9,574,39.9267,4.7619,22.3443,3.2067
104534,크라운)콘초66g,과자>스낵류>옥수수스낵,과자,스낵류,옥수수스낵,당일픽업,441,167,572.0,278,106,42,11,4,0,2025-04-01,2025-04-30,1500.0,64,7,572,38.1295,3.9568,23.0216,3.4251
109799,에이스)한입미니도나스18g,빵>구움과자>구움과자,빵,구움과자,구움과자,당일픽업,428,157,571.0,259,112,44,11,2,0,2025-04-01,2025-04-30,600.0,68,9,571,43.2432,4.2471,26.2548,3.6369
132288,농심)짜파게티범벅,면>용기면>비빔/볶음면,면,용기면,비빔/볶음면,당일픽업,422,167,570.0,232,126,55,8,1,0,2025-04-01,2025-04-30,1000.0,71,7,570,54.3103,3.4483,30.6034,3.4132
141243,오뚜기)발아현미밥210g,가공식품>가공미반류>즉석밥,가공식품,가공미반류,즉석밥,당일픽업,420,132,569.0,258,110,38,11,3,0,2025-04-01,2025-04-30,2700.0,72,8,569,42.6357,4.2636,27.907,4.3106
123338,"현대)3,900스크램블&불고기덮밥",미반>도시락>미니도시락,미반,도시락,미니도시락,당일픽업,499,240,566.0,375,72,40,9,3,0,2025-04-01,2025-04-28,3900.0,32,6,566,19.2,2.4,8.5333,2.3583
123414,클룹)제로소다포도500ml,음료>탄산음료>제로탄산,음료,탄산음료,제로탄산,당일픽업,394,126,565.0,252,107,25,9,1,0,2025-04-01,2025-04-30,2500.0,82,8,565,42.4603,3.5714,32.5397,4.4841
105995,PB)밀크초코콘170ml,아이스크림>노벨티>콘,아이스크림,노벨티,콘,당일픽업,438,207,563.0,274,93,37,27,7,0,2025-04-01,2025-04-30,3200.0,56,20,563,33.9416,9.854,20.438,2.7198
124336,에이트)벤토오징어치킨맛7g,안주>생선류>어육스낵,안주,생선류,어육스낵,당일픽업,407,143,563.0,243,115,41,8,0,0,2025-04-01,2025-04-30,1300.0,74,8,563,47.3251,3.2922,30.4527,3.9371
202654,이노엔)티로그복숭아아이스티500,음료>차음료>홍차,음료,차음료,홍차,당일픽업,412,160,562.0,242,115,40,10,5,0,2025-04-01,2025-04-30,2500.0,75,5,562,47.5207,4.1322,30.9917,3.5125
109583,신동엽)블랙서클하이볼레몬350ml캔,양주와인>하이볼>수입하이볼,양주와인,하이볼,수입하이볼,당일픽업,490,286,561.0,388,53,25,21,3,0,2025-04-01,2025-04-30,4500.0,28,18,561,13.6598,5.4124,7.2165,1.9615
107052,롯데)소고기고추장&참치마요,미반>삼각김밥>삼각김밥,미반,삼각김밥,삼각김밥,당일픽업,418,140,561.0,242,117,49,9,1,0,2025-04-01,2025-04-30,2200.0,68,8,561,48.3471,3.719,28.0992,4.0071
124072,롯데)리얼소프트햄샌드,조리빵>샌드위치>샌드위치,조리빵,샌드위치,샌드위치,당일픽업,457,170,558.0,310,89,41,13,4,0,2025-04-01,2025-04-30,3000.0,48,9,558,28.7097,4.1935,15.4839,3.2824
123599,그린)맛장우도시락 오늘은소불고기닭!,미반>도시락>도시락,미반,도시락,도시락,당일픽업,501,282,558.0,407,53,25,11,5,0,2025-04-01,2025-04-30,6500.0,28,6,558,13.0221,2.7027,6.8796,1.9787
113430,크라운)키커바1000(30g),과자>초콜릿>바초콜릿,과자,초콜릿,바초콜릿,당일픽업,418,120,558.0,259,110,43,6,0,0,2025-04-01,2025-04-30,1000.0,67,6,558,42.471,2.3166,25.8687,4.65
600592,PB)왕소라형스낵143g,과자>스낵류>전통스낵,과자,스낵류,전통스낵,당일픽업,401,171,556.0,230,116,44,11,0,0,2025-04-01,2025-04-30,1600.0,72,11,556,50.4348,4.7826,31.3043,3.2515
014634,그린)스팸김치볶음밥삼각,미반>삼각김밥>삼각김밥,미반,삼각김밥,삼각김밥,당일픽업,409,164,552.0,237,118,48,5,1,0,2025-04-01,2025-04-30,1400.0,70,4,552,49.789,2.1097,29.5359,3.3659
123920,롯데)안유성명장 치킨난반정식,미반>도시락>도시락,미반,도시락,도시락,당일픽업,481,250,549.0,379,59,27,12,4,0,2025-04-01,2025-04-27,5500.0,32,8,549,15.5673,3.1662,8.4433,2.196
132226,삼양)불닭볶음면(큰컵),면>용기면>비빔/볶음면,면,용기면,비빔/볶음면,당일픽업,363,118,549.0,201,123,33,6,0,0,2025-04-03,2025-04-30,1800.0,90,6,549,61.194,2.9851,44.7761,4.6525
124726,삼립)로만밀햄치즈에그머핀,조리빵>햄버거>햄버거,조리빵,햄버거,햄버거,당일픽업,449,194,549.0,312,86,40,10,1,0,2025-04-01,2025-04-30,3300.0,46,9,549,27.5641,3.2051,14.7436,2.8299
140523,CJ)햇반황태국밥(컵반),가공식품>가공미반류>즉석컵밥,가공식품,가공미반류,즉석컵밥,당일픽업,431,155,544.0,294,87,32,13,5,0,2025-04-01,2025-04-30,4800.0,55,8,544,29.5918,4.4218,18.7075,3.5097
124481,듬뿍크래미유부초밥,미반>초밥류>유부초밥,미반,초밥류,유부초밥,사전예약,427,197,540.0,305,78,25,15,4,0,2025-04-01,2025-04-30,3500.0,53,11,540,25.5738,4.918,17.377,2.7411
105812,PB)아몬드바크씬80g,과자>초콜릿>봉지초콜릿,과자,초콜릿,봉지초콜릿,당일픽업,427,198,540.0,315,67,17,23,5,0,2025-04-01,2025-04-30,4000.0,50,18,540,21.2698,7.3016,15.873,2.7273
062287,풀무원)요거톡스타볼132g,유음료>요구르트>떠먹는요구르트,유음료,요구르트,떠먹는요구르트,당일픽업,418,183,540.0,291,85,29,12,1,0,2025-04-01,2025-04-30,2200.0,56,11,540,29.2096,4.1237,19.244,2.9508
021768,햄치즈에그토스트샌드2,조리빵>샌드위치>샌드위치,조리빵,샌드위치,샌드위치,사전예약,446,201,540.0,351,65,21,8,1,0,2025-04-01,2025-04-30,3100.0,44,7,540,18.5185,2.2792,12.5356,2.6866
014381,롯데)숯불치킨치밥삼각,미반>삼각김밥>삼각김밥,미반,삼각김밥,삼각김밥,당일픽업,395,140,539.0,214,116,47,14,4,0,2025-04-01,2025-04-30,1200.0,69,10,539,54.2056,6.5421,32.243,3.85
114361,농심)짜파게티더블랙사발면,면>용기면>비빔/볶음면,면,용기면,비빔/볶음면,당일픽업,410,152,535.0,262,100,39,7,2,0,2025-04-01,2025-04-30,1800.0,61,5,535,38.1679,2.6718,23.2824,3.5197
220308,CJ)둥근햇반210g,가공식품>가공미반류>즉석밥,가공식품,가공미반류,즉석밥,당일픽업,381,138,529.0,228,109,36,6,2,0,2025-04-01,2025-04-30,2100.0,73,4,529,47.807,2.6316,32.0175,3.8333
124560,PB)박은영셰프의유산슬탕면큰컵,면>용기면>숙면/건면,면,용기면,숙면/건면,당일픽업,431,197,526.0,315,75,28,9,4,0,2025-04-09,2025-04-30,3600.0,47,5,526,23.8095,2.8571,14.9206,2.6701
990263,"모바일금액권 10,000원",기타>판촉물>판촉물,기타,판촉물,판촉물,금액권,368,223,525.0,277,75,1,13,2,0,2025-04-01,2025-04-30,10000.0,74,11,525,27.0758,4.6931,26.7148,2.3543
123538,라파우라 스프링스 소비뇽 블랑,양주와인>와인>화이트,양주와인,와인,화이트,사전예약,433,254,525.0,366,34,2,30,1,0,2025-04-01,2025-04-30,24000.0,32,29,525,9.2896,8.1967,8.7432,2.0669
070124,정식품)베지밀B(병)190ml,유음료>두유>병두유,유음료,두유,병두유,당일픽업,344,123,524.0,208,104,19,12,1,0,2025-04-01,2025-04-30,1800.0,85,11,524,50.0,5.7692,40.8654,4.2602
210381,팔도)비빔면큰컵,면>용기면>비빔/볶음면,면,용기면,비빔/볶음면,당일픽업,368,123,521.0,218,108,35,7,0,0,2025-04-01,2025-04-30,1500.0,73,7,521,49.5413,3.211,33.4862,4.2358
124040,해태)연양갱땅콩맛55g,과자>캔디류>소프트캔디,과자,캔디류,소프트캔디,당일픽업,347,112,517.5,205,108,25,7,1,1,2025-04-04,2025-04-30,900.0,83,6,519,52.6829,3.4146,40.4878,4.6339
132041,오뚜기)진라면순한맛봉지,면>봉지면>라면,면,봉지면,라면,당일픽업,389,105,518.0,249,100,35,3,2,0,2025-04-04,2025-04-30,1000.0,65,1,518,40.1606,1.2048,26.1044,4.9333
132148,농심)신라면소컵,면>용기면>라면(소형컵),면,용기면,라면(소형컵),당일픽업,356,131,517.0,206,113,34,3,0,0,2025-04-01,2025-04-30,1250.0,79,3,517,54.8544,1.4563,38.3495,3.9466
160446,칠성)마운틴듀355ml,음료>탄산음료>과일향탄산(소),음료,탄산음료,과일향탄산(소),당일픽업,370,141,516.0,227,105,32,4,2,0,2025-04-01,2025-04-30,1700.0,73,2,516,46.2555,1.7621,32.1586,3.6596
124760,이즐)까까맛교통카드(가나),서비스 상품>일반서비스>교통카드판매,서비스 상품,일반서비스,교통카드판매,당일픽업,392,157,515.0,279,67,9,27,10,0,2025-04-01,2025-04-30,4000.0,58,17,515,24.0143,9.6774,20.7885,3.2803
109548,PB)파스퇴르우유소프트콘190ml,아이스크림>노벨티>콘,아이스크림,노벨티,콘,당일픽업,391,156,514.0,260,76,27,27,1,0,2025-04-01,2025-04-30,2500.0,49,26,514,29.2308,10.3846,18.8462,3.2949
107139,롯데)짜빙수130ml,아이스크림>노벨티>펜슬,아이스크림,노벨티,펜슬,당일픽업,410,228,514.0,298,67,22,20,3,0,2025-04-01,2025-04-30,1800.0,45,17,514,22.4832,6.7114,15.1007,2.2544
124765,초코텍)퍼지초코100g,과자>초콜릿>판초콜릿,과자,초콜릿,판초콜릿,당일픽업,379,176,511.0,276,80,14,6,3,0,2025-04-04,2025-04-30,4200.0,66,3,511,28.9855,2.1739,23.913,2.9034
125040,PB)이봉원의봉새우볶음밥260g,냉동>냉동간편식>냉동밥,냉동,냉동간편식,냉동밥,당일픽업,441,198,509.5,345,43,11,29,12,1,2025-04-17,2025-04-30,4500.0,32,17,511,12.4638,8.4058,9.2754,2.5808
117575,PB)미니쌀약과1100,과자>비스킷류>쿠키,과자,비스킷류,쿠키,당일픽업,374,155,507.0,219,104,39,9,3,0,2025-04-01,2025-04-30,1200.0,65,6,507,47.4886,4.1096,29.6804,3.271
113189,롯데)육즙가득삼겹살쌈장김밥,미반>김밥>말이김밥,미반,김밥,말이김밥,당일픽업,425,168,506.0,294,76,39,13,3,0,2025-04-01,2025-04-30,3500.0,37,10,506,25.8503,4.4218,12.585,3.0119
014248,더꽉찬불고기&참치김밥,미반>김밥>말이김밥,미반,김밥,말이김밥,사전예약,399,170,505.0,281,75,26,14,3,0,2025-04-01,2025-04-30,2900.0,49,11,505,26.6904,4.9822,17.4377,2.9706
192490,제임슨700ml,양주와인>양주>위스키,양주와인,양주,위스키,사전예약,403,236,505.0,342,47,1,12,1,0,2025-04-01,2025-04-30,31100.0,46,11,505,13.7427,3.5088,13.4503,2.1398
123610,그린)더커진울진대게딱지장삼각,미반>삼각김밥>기타주먹밥(더커진삼각),미반,삼각김밥,기타주먹밥(더커진삼각),당일픽업,385,132,504.0,259,83,30,13,0,0,2025-04-01,2025-04-30,1800.0,53,13,504,32.0463,5.0193,20.4633,3.8182
080279,대림)숯불구이맛후랑크70g,냉장>냉장간식>소형바,냉장,냉장간식,소형바,당일픽업,384,144,503.0,248,88,31,13,4,0,2025-04-01,2025-04-30,2000.0,57,9,503,35.4839,5.2419,22.9839,3.4931
201993,동원)동원샘물500ml,음료>생수>500ml이하,음료,생수,500ml이하,당일픽업,350,144,502.0,217,100,27,6,0,0,2025-04-01,2025-04-30,1000.0,73,6,502,46.0829,2.765,33.6406,3.4861
124523,G)설화병오리지널90g,과자>캔디류>봉지캔디,과자,캔디류,봉지캔디,당일픽업,372,119,502.0,279,64,4,20,5,0,2025-04-03,2025-04-30,6000.0,60,15,502,22.9391,7.1685,21.5054,4.2185
123590,롯데)케이준치킨&햄샌드,조리빵>샌드위치>샌드위치,조리빵,샌드위치,샌드위치,당일픽업,415,155,501.0,293,75,34,10,3,0,2025-04-01,2025-04-30,2800.0,41,7,501,25.5973,3.413,13.9932,3.2323
108601,롯데)뚠뚠햄치즈&포테이토샌드,조리빵>샌드위치>샌드위치,조리빵,샌드위치,샌드위치,당일픽업,397,153,501.0,265,86,36,8,2,0,2025-04-01,2025-04-30,3400.0,50,6,501,32.4528,3.0189,18.8679,3.2745
124245,롯데)리얼소프트에그샌드,조리빵>샌드위치>샌드위치,조리빵,샌드위치,샌드위치,당일픽업,421,179,500.0,288,78,44,11,0,0,2025-04-01,2025-04-30,2900.0,34,11,500,27.0833,3.8194,11.8056,2.7933
021479,햄참치샐러드샌드,조리빵>샌드위치>샌드위치,조리빵,샌드위치,샌드위치,사전예약,427,192,497.0,329,59,27,10,2,0,2025-04-01,2025-04-30,2800.0,32,8,497,17.9331,3.0395,9.7264,2.5885
123131,"3,900매콤닭껍질튀김",미반>푸드 간편식>안주/반찬,미반,푸드 간편식,안주/반찬,사전예약,417,239,496.0,353,39,7,17,1,0,2025-04-01,2025-04-30,3900.0,32,16,496,11.0482,4.8159,9.0652,2.0753
123591,롯데)햄&참치샐러드샌드,조리빵>샌드위치>샌드위치,조리빵,샌드위치,샌드위치,당일픽업,413,149,495.0,270,86,48,8,1,0,2025-04-01,2025-04-30,2800.0,38,7,495,31.8519,2.963,14.0741,3.3221
108726,빅모짜치즈불고기버거,조리빵>햄버거>햄버거,조리빵,햄버거,햄버거,사전예약,387,153,492.0,279,72,23,11,2,0,2025-04-01,2025-04-30,3500.0,49,9,492,25.8065,3.9427,17.5627,3.2157
201382,동원)오미자차500ml,음료>전통음료>전통음료(중),음료,전통음료,전통음료(중),당일픽업,344,145,489.0,211,96,26,9,2,0,2025-04-01,2025-04-30,2200.0,70,7,489,45.4976,4.2654,33.1754,3.3724
211037,롯데)월드콘CVS160ml,아이스크림>노벨티>콘,아이스크림,노벨티,콘,당일픽업,361,135,485.0,230,92,32,6,1,0,2025-04-01,2025-04-30,2500.0,60,5,485,40.0,2.6087,26.087,3.5926
115478,육즙가득삼겹살쌈장김밥,미반>김밥>말이김밥,미반,김밥,말이김밥,사전예약,382,188,484.0,263,67,23,24,5,0,2025-04-01,2025-04-30,3500.0,44,19,484,25.4753,9.1255,16.73,2.5745
105775,빙그레)끌레도르츄러스앤크림바,아이스크림>노벨티>바,아이스크림,노벨티,바,당일픽업,384,166,484.0,278,69,24,12,1,0,2025-04-01,2025-04-30,2500.0,45,11,484,24.8201,4.3165,16.1871,2.9157
014441,스팸김치볶음김밥,미반>김밥>말이김밥,미반,김밥,말이김밥,사전예약,382,170,483.0,274,68,24,15,1,0,2025-04-01,2025-04-30,2800.0,44,14,483,24.8175,5.4745,16.0584,2.8412
061417,서울)커피우유300ml,유음료>가공우유>커피우유,유음료,가공우유,커피우유,당일픽업,348,126,482.0,216,92,28,10,2,0,2025-04-01,2025-04-30,2100.0,64,8,482,42.5926,4.6296,29.6296,3.8254
113133,믹터스 스몰배치 버번 700ml,양주와인>양주>위스키,양주와인,양주,위스키,사전예약,394,192,477.0,316,47,10,17,4,0,2025-04-08,2025-04-30,85900.0,37,13,477,14.8734,5.3797,11.7089,2.4844
108494,맛장우도시락 고기(肉)올인원,미반>도시락>기타,미반,도시락,기타,사전예약,415,242,476.0,346,40,10,13,6,0,2025-04-01,2025-04-30,5500.0,30,7,476,11.5607,3.7572,8.6705,1.9669
104533,크라운)카라멜콘땅콩72g,과자>스낵류>옥수수스낵,과자,스낵류,옥수수스낵,당일픽업,340,137,475.0,223,84,22,11,0,0,2025-04-01,2025-04-30,1500.0,62,11,475,37.6682,4.9327,27.8027,3.4672
115848,에이스)옥수수브이콘50g,과자>스낵류>전통스낵,과자,스낵류,전통스낵,당일픽업,334,147,474.0,189,97,33,14,1,0,2025-04-01,2025-04-30,1000.0,64,13,474,51.3228,7.4074,33.8624,3.2245
123766,"모바일금액권 30,000원",기타>판촉물>판촉물,기타,판촉물,판촉물,금액권,348,210,472.5,267,60,2,15,3,1,2025-04-01,2025-04-30,30000.0,58,12,474,22.4719,5.618,21.7228,2.2571
123595,롯데)참치인가샌드위치,조리빵>샌드위치>샌드위치,조리빵,샌드위치,샌드위치,당일픽업,373,145,471.0,241,86,39,6,1,0,2025-04-01,2025-04-30,2900.0,47,5,471,35.6846,2.4896,19.5021,3.2483
132284,삼양)불닭볶음면소컵,면>용기면>비빔/볶음면,면,용기면,비빔/볶음면,당일픽업,346,138,468.0,214,92,33,6,1,0,2025-04-01,2025-04-30,1300.0,59,5,468,42.9907,2.8037,27.5701,3.3913
132162,농심)생생우동용기,면>용기면>숙면/건면,면,용기면,숙면/건면,당일픽업,341,114,468.0,202,96,35,7,1,0,2025-04-03,2025-04-30,2600.0,61,6,468,47.5248,3.4653,30.198,4.1053
123738,CJ)비비고군만두315g,냉동>냉동만두>봉지만두,냉동,냉동만두,봉지만두,당일픽업,357,120,464.0,257,73,19,5,3,0,2025-04-01,2025-04-30,7800.0,54,2,464,28.4047,1.9455,21.0117,3.8667
108514,삼립)메가불고기피자버거,조리빵>햄버거>햄버거,조리빵,햄버거,햄버거,당일픽업,358,138,464.0,221,89,38,8,2,0,2025-04-01,2025-04-30,3500.0,51,6,464,40.2715,3.6199,23.0769,3.3623
201429,칠성)펩시콜라355ml,음료>탄산음료>콜라(소),음료,탄산음료,콜라(소),당일픽업,323,132,463.0,196,94,26,6,1,0,2025-04-01,2025-04-30,2000.0,68,5,463,47.9592,3.0612,34.6939,3.5076
070425,서울)비요뜨초코링138g,유음료>요구르트>떠먹는요구르트,유음료,요구르트,떠먹는요구르트,당일픽업,358,144,463.0,255,71,23,9,0,0,2025-04-01,2025-04-30,2300.0,48,9,463,27.8431,3.5294,18.8235,3.2153
014339,참치김밥,미반>김밥>말이김밥,미반,김밥,말이김밥,사전예약,382,175,460.0,304,51,15,10,2,0,2025-04-01,2025-04-30,3200.0,36,8,460,16.7763,3.2895,11.8421,2.6286
122993,그린)어메이징딸기샌드,조리빵>샌드위치>샌드위치,조리빵,샌드위치,샌드위치,당일픽업,375,129,459.0,254,71,34,14,2,0,2025-04-01,2025-04-29,3800.0,37,12,459,27.9528,5.5118,14.5669,3.5581
140239,오뚜기)발아흑미밥210g,가공식품>가공미반류>즉석밥,가공식품,가공미반류,즉석밥,당일픽업,317,103,454.0,200,89,23,5,0,0,2025-04-01,2025-04-30,2700.0,66,5,454,44.5,2.5,33.0,4.4078
107291,제스트)도쿄브레드메이플빵,빵>간식빵>과자빵,빵,간식빵,과자빵,당일픽업,369,188,453.0,275,50,18,24,2,0,2025-04-01,2025-04-30,2800.0,32,22,453,18.1818,8.7273,11.6364,2.4096
115736,PB)카라멜치즈팝콘70g,과자>스낵류>옥수수스낵,과자,스낵류,옥수수스낵,당일픽업,306,137,446.5,183,88,23,11,0,1,2025-04-01,2025-04-30,1700.0,65,11,448,48.0874,6.0109,35.5191,3.2701
014383,가득담은5찬도시락,미반>도시락>기타,미반,도시락,기타,사전예약,369,194,448.0,303,49,11,5,1,0,2025-04-01,2025-04-23,5000.0,38,4,448,16.1716,1.6502,12.5413,2.3093
108715,크라운)국희고소한땅콩샌드93g,과자>비스킷류>크래커,과자,비스킷류,크래커,당일픽업,349,125,448.0,215,85,38,9,2,0,2025-04-01,2025-04-30,1600.0,47,7,448,39.5349,4.186,21.8605,3.584
132622,오뚜기)진비빔면봉지,면>봉지면>비빔/볶음면,면,봉지면,비빔/볶음면,당일픽업,346,114,447.0,249,67,21,9,0,0,2025-04-01,2025-04-30,1250.0,46,9,447,26.9076,3.6145,18.4739,3.9211
123953,안유성명장 치킨난반정식,미반>도시락>기타,미반,도시락,기타,사전예약,396,248,443.0,332,37,17,9,1,0,2025-04-01,2025-04-29,5500.0,20,8,443,11.1446,2.7108,6.0241,1.7863
123539,이스까이,양주와인>와인>레드,양주와인,와인,레드,사전예약,361,200,442.0,312,38,1,9,1,0,2025-04-01,2025-04-30,79900.0,37,8,442,12.1795,2.8846,11.859,2.21
111370,롯데)크런키1400,과자>초콜릿>판초콜릿,과자,초콜릿,판초콜릿,당일픽업,310,112,441.0,178,95,32,5,0,0,2025-04-01,2025-04-30,1700.0,63,5,441,53.3708,2.809,35.3933,3.9375
109155,울트라더블빅불고기버거,조리빵>햄버거>햄버거,조리빵,햄버거,햄버거,사전예약,334,117,439.0,235,75,23,1,0,0,2025-04-01,2025-04-30,3500.0,52,1,439,31.9149,0.4255,22.1277,3.7521
120092,제스트)도쿄브레드훗카이도크림빵,빵>간식빵>과자빵,빵,간식빵,과자빵,당일픽업,344,184,437.0,254,54,15,19,2,0,2025-04-03,2025-04-30,2800.0,39,17,437,21.2598,7.4803,15.3543,2.375
123491,디저트39)저당팥모나카140ml,아이스크림>노벨티>모나카,아이스크림,노벨티,모나카,당일픽업,306,148,435.0,210,72,12,11,1,0,2025-04-01,2025-04-30,3000.0,60,10,435,34.2857,5.2381,28.5714,2.9392
109279,롯데)찰떡아이스부여알밤90ml,아이스크림>노벨티>모나카,아이스크림,노벨티,모나카,당일픽업,320,126,435.0,220,66,17,17,0,0,2025-04-01,2025-04-30,2500.0,49,17,435,30.0,7.7273,22.2727,3.4524
105982,그린)맛장우김밥오리지널,미반>김밥>말이김밥,미반,김밥,말이김밥,당일픽업,350,127,432.0,221,79,41,8,1,0,2025-04-01,2025-04-30,3200.0,38,7,432,35.7466,3.6199,17.1946,3.4016
109477,끌레도르)피스타치오앤초코바90ml,아이스크림>노벨티>바,아이스크림,노벨티,바,당일픽업,370,139,430.0,260,55,30,20,5,0,2025-04-01,2025-04-30,3000.0,25,15,430,21.1538,7.6923,9.6154,3.0935
112762,골드후라이드치킨버거3.0,조리빵>햄버거>햄버거,조리빵,햄버거,햄버거,사전예약,335,155,428.0,252,61,17,5,0,0,2025-04-01,2025-04-30,3600.0,44,5,428,24.2063,1.9841,17.4603,2.7613
123593,롯데)리얼소프트햄&에그샌드,조리빵>샌드위치>샌드위치,조리빵,샌드위치,샌드위치,당일픽업,370,160,427.0,252,68,40,7,3,0,2025-04-01,2025-04-30,2800.0,28,4,427,26.9841,2.7778,11.1111,2.6688
111366,롯데)가나초코바아몬드(골드),과자>초콜릿>바초콜릿,과자,초콜릿,바초콜릿,당일픽업,308,102,426.0,175,90,35,8,0,0,2025-04-01,2025-04-30,1300.0,55,8,426,51.4286,4.5714,31.4286,4.1765
061344,다논)액티비아업딸기210ml,유음료>요구르트>기능성요구르트,유음료,요구르트,기능성요구르트,당일픽업,328,131,423.0,205,77,35,11,0,0,2025-04-01,2025-04-30,2200.0,42,11,423,37.561,5.3659,20.4878,3.229
191932,금양)신퀀타750ml,양주와인>와인>레드,양주와인,와인,레드,당일픽업,375,146,423.0,327,21,4,20,3,0,2025-04-01,2025-04-30,39900.0,17,17,423,6.422,6.1162,5.1988,2.8973
108444,롯데)맛장우삼각더커진제육볶음,미반>삼각김밥>기타주먹밥(더커진삼각),미반,삼각김밥,기타주먹밥(더커진삼각),당일픽업,299,124,423.0,174,86,26,10,3,0,2025-04-01,2025-04-30,1500.0,60,7,423,49.4253,5.7471,34.4828,3.4113
161245,동서)스타벅스더블샷200ml,음료>커피음료>캔커피(일반),음료,커피음료,캔커피(일반),당일픽업,294,111,421.0,180,85,24,5,0,0,2025-04-01,2025-04-30,1800.0,61,5,421,47.2222,2.7778,33.8889,3.7928
123562,롯데)더꽉찬직화불고기김밥,미반>김밥>말이김밥,미반,김밥,말이김밥,당일픽업,346,132,421.0,214,78,38,9,7,0,2025-04-01,2025-04-30,3100.0,40,2,421,36.4486,4.2056,18.6916,3.1894
125149,부쉬밀10년싱글몰트700ml,양주와인>양주>위스키,양주와인,양주,위스키,사전예약,382,238,420.0,357,19,1,4,1,0,2025-04-28,2025-04-30,56900.0,18,3,420,5.3221,1.1204,5.042,1.7647
191778,금양)이스까이까버네프랑말벡750ml,양주와인>와인>레드,양주와인,와인,레드,당일픽업,367,139,420.0,328,23,2,13,1,0,2025-04-01,2025-04-30,79900.0,21,12,420,7.0122,3.9634,6.4024,3.0216
191659,무학)보히가스까바브룻750ml,양주와인>와인>스파클링(샴페인),양주와인,와인,스파클링(샴페인),당일픽업,393,152,417.0,357,3,0,28,5,0,2025-04-01,2025-04-30,18500.0,3,23,417,0.8403,7.8431,0.8403,2.7434
112030,동서)오레오화이트100g,과자>비스킷류>쿠키,과자,비스킷류,쿠키,당일픽업,304,103,415.0,184,81,29,9,1,0,2025-04-01,2025-04-30,2300.0,52,8,415,44.0217,4.8913,28.2609,4.0291
170452,HN)버지미스터500ml캔,맥주>수입맥주>캔맥주(중),맥주,수입맥주,캔맥주(중),당일픽업,360,158,413.0,299,40,14,5,2,0,2025-04-01,2025-04-30,2000.0,26,3,413,13.3779,1.6722,8.6957,2.6139
201668,농심)오이오차녹차525ml,음료>차음료>녹차,음료,차음료,녹차,당일픽업,322,98,410.0,234,54,16,16,2,0,2025-04-01,2025-04-30,2200.0,38,14,410,23.0769,6.8376,16.2393,4.1837
123564,롯데)맛장우김밥매콤제육,미반>김밥>말이김밥,미반,김밥,말이김밥,당일픽업,322,110,407.0,196,79,39,7,1,0,2025-04-01,2025-04-30,3500.0,40,6,407,40.3061,3.5714,20.4082,3.7
123293,현대)안유성명장김밥명란타마고,미반>김밥>말이김밥,미반,김밥,말이김밥,당일픽업,347,154,404.0,240,52,29,21,5,0,2025-04-01,2025-04-21,3500.0,23,16,404,21.6667,8.75,9.5833,2.6234
112128,롯데)치토스스모크바베큐82g,과자>스낵류>옥수수스낵,과자,스낵류,옥수수스낵,당일픽업,296,118,404.0,171,82,31,10,2,0,2025-04-01,2025-04-30,1700.0,51,8,404,47.9532,5.848,29.8246,3.4237
132143,농심)새우탕큰사발,면>용기면>라면(대형컵),면,용기면,라면(대형컵),당일픽업,282,111,401.0,156,89,30,5,2,0,2025-04-01,2025-04-30,1500.0,59,3,401,57.0513,3.2051,37.8205,3.6126
601082,농심)먹태깡청양마요맛60g,과자>스낵류>일반스낵,과자,스낵류,일반스낵,당일픽업,280,81,400.0,168,80,21,8,3,0,2025-04-03,2025-04-30,1700.0,59,5,400,47.619,4.7619,35.119,4.9383
107127,PB)얼음컵(레귤러),즉석음료>얼음>컵얼음,즉석음료,얼음,컵얼음,당일픽업,243,75,398.0,138,89,13,3,0,0,2025-04-01,2025-04-30,700.0,76,3,398,64.4928,2.1739,55.0725,5.3067
123490,신년운세떡만둣국,미반>푸드 간편식>조리면,미반,푸드 간편식,조리면,사전예약,323,176,398.0,265,44,8,5,1,0,2025-04-01,2025-04-30,4900.0,36,4,398,16.6038,1.8868,13.5849,2.2614
106843,PB)쿵야메론빙수270ml,아이스크림>노벨티>컵,아이스크림,노벨티,컵,당일픽업,312,148,398.0,214,60,23,14,1,0,2025-04-01,2025-04-30,3000.0,37,13,398,28.0374,6.5421,17.2897,2.6892
071880,더커진국물떡볶이300g,냉장>냉장간편식>냉장떡볶이,냉장,냉장간편식,냉장떡볶이,당일픽업,294,125,397.0,193,71,22,7,1,0,2025-04-01,2025-04-30,2600.0,49,6,397,36.7876,3.6269,25.3886,3.176
123549,해태)오사쯔빠스50g,과자>스낵류>일반스낵,과자,스낵류,일반스낵,당일픽업,294,139,394.0,188,69,22,12,3,0,2025-04-03,2025-04-30,1700.0,47,9,394,36.7021,6.383,25.0,2.8345
061561,덴마크)딸기딸기우유300ml,유음료>가공우유>딸기우유,유음료,가공우유,딸기우유,당일픽업,321,118,394.0,196,74,42,9,0,0,2025-04-01,2025-04-30,2100.0,32,9,394,37.7551,4.5918,16.3265,3.339
315354,K)릴 하이브리드3(카민레드),담배>전자담배>전자담배(KT&G 릴),담배,전자담배,전자담배(KT&G 릴),당일픽업,323,148,389.0,263,39,4,10,7,0,2025-04-01,2025-04-30,88000.0,35,3,389,14.8289,3.8023,13.308,2.6284
124962,불닭마요유부초밥,미반>초밥류>유부초밥,미반,초밥류,유부초밥,사전예약,303,172,389.0,231,50,11,10,1,0,2025-04-08,2025-04-30,3500.0,39,9,389,21.645,4.329,16.8831,2.2616
094522,프레시팜)착한달걀15입(대란),신선>수축산/계란>계란,신선,수축산/계란,계란,당일픽업,317,107,387.0,222,59,27,8,1,0,2025-04-01,2025-04-30,5300.0,32,7,387,26.5766,3.6036,14.4144,3.6168
124785,하이트)머드하우스라파우라쇼비뇽블랑750ml,양주와인>와인>화이트,양주와인,와인,화이트,당일픽업,327,142,387.0,274,28,2,18,5,0,2025-04-01,2025-04-30,24500.0,26,13,387,10.219,6.5693,9.4891,2.7254
123919,그린)더커진짜계치삼각김밥,미반>삼각김밥>기타주먹밥(더커진삼각),미반,삼각김밥,기타주먹밥(더커진삼각),당일픽업,311,136,383.0,180,76,42,10,3,0,2025-04-01,2025-04-30,1800.0,34,7,383,42.2222,5.5556,18.8889,2.8162
109457,그린)참치김치볶음밥에그말이,미반>삼각김밥>기타주먹밥(더커진삼각),미반,삼각김밥,기타주먹밥(더커진삼각),당일픽업,307,133,381.0,215,63,26,2,1,0,2025-04-01,2025-04-30,2400.0,37,1,381,29.3023,0.9302,17.2093,2.8647
112098,오리온)포카칩오리지널60g,과자>스낵류>감자스낵,과자,스낵류,감자스낵,당일픽업,270,93,381.0,145,85,32,7,1,0,2025-04-01,2025-04-30,1700.0,53,6,381,58.6207,4.8276,36.5517,4.0968
124863,조니워커블랙셰리패키지,양주와인>양주>위스키,양주와인,양주,위스키,사전예약,303,159,376.0,252,31,2,16,0,2,2025-04-01,2025-04-30,52900.0,29,16,379,12.3016,6.3492,11.5079,2.3836
124619,포켓델리치킨난반,미반>푸드 간편식>안주/반찬,미반,푸드 간편식,안주/반찬,사전예약,333,231,378.0,299,20,2,11,1,0,2025-04-04,2025-04-30,3300.0,18,10,378,6.689,3.6789,6.0201,1.6364
115922,농심)감자깡75g,과자>스낵류>감자스낵,과자,스낵류,감자스낵,당일픽업,287,88,378.0,178,72,28,7,2,0,2025-04-03,2025-04-30,1700.0,44,5,378,40.4494,3.9326,24.7191,4.2955
115920,농심)매운새우깡90g,과자>스낵류>일반스낵,과자,스낵류,일반스낵,당일픽업,279,118,376.0,143,87,42,7,0,0,2025-04-01,2025-04-30,1500.0,45,7,376,60.8392,4.8951,31.4685,3.1864
192130,반피끼안티750ml,양주와인>와인>레드,양주와인,와인,레드,사전예약,309,187,376.0,266,27,0,15,1,0,2025-04-01,2025-04-30,27000.0,27,14,376,10.1504,5.6391,10.1504,2.0107
192655,무학)드보밀레짐빈티지14,양주와인>와인>스파클링(샴페인),양주와인,와인,스파클링(샴페인),당일픽업,362,187,375.0,313,6,0,29,14,0,2025-04-01,2025-04-30,114900.0,6,15,375,1.9169,9.2652,1.9169,2.0053
113252,롯데)더커진육즙가득삼겹살삼각,미반>삼각김밥>기타주먹밥(더커진삼각),미반,삼각김밥,기타주먹밥(더커진삼각),당일픽업,285,115,375.0,181,70,27,6,1,0,2025-04-01,2025-04-30,1800.0,43,5,375,38.674,3.3149,23.7569,3.2609
105748,지비)귀달베르토750ml,양주와인>와인>레드,양주와인,와인,레드,당일픽업,374,183,375.0,340,3,5,19,7,0,2025-04-01,2025-04-30,74900.0,-2,12,375,0.8824,5.5882,-0.5882,2.0492
141244,오뚜기)오곡밥210g,가공식품>가공미반류>즉석밥,가공식품,가공미반류,즉석밥,당일픽업,281,109,370.0,188,65,23,5,0,0,2025-04-01,2025-04-30,2700.0,42,5,370,34.5745,2.6596,22.3404,3.3945
191572,롯데)일그리지오끼안티750ml,양주와인>와인>레드,양주와인,와인,레드,당일픽업,348,223,367.0,311,15,6,10,4,2,2025-04-01,2025-04-30,31000.0,9,6,370,4.8232,3.2154,2.8939,1.6592
123743,그린)기본김밥,미반>김밥>말이김밥,미반,김밥,말이김밥,당일픽업,298,119,365.5,188,67,36,6,0,1,2025-04-01,2025-04-30,2600.0,31,6,367,35.6383,3.1915,16.4894,3.084
014255,그린)참치마요햄말이주먹밥,미반>삼각김밥>기타주먹밥(더커진삼각),미반,삼각김밥,기타주먹밥(더커진삼각),당일픽업,290,133,367.0,201,57,23,9,0,0,2025-04-01,2025-04-30,2000.0,34,9,367,28.3582,4.4776,16.9154,2.7594
117048,오리온)태양의맛썬핫스파이시80g,과자>스낵류>옥수수스낵,과자,스낵류,옥수수스낵,당일픽업,254,103,367.0,138,84,29,3,0,0,2025-04-01,2025-04-30,1700.0,55,3,367,60.8696,2.1739,39.8551,3.5631
106716,엔제이)소프트카스테라,빵>간식빵>간식용케익,빵,간식빵,간식용케익,당일픽업,281,133,365.0,199,47,11,20,4,0,2025-04-01,2025-04-30,2900.0,36,16,365,23.6181,10.0503,18.0905,2.7444
124332,샤또 레오빌라스까스 18,양주와인>와인>레드,양주와인,와인,레드,사전예약,342,232,360.0,320,8,0,10,4,0,2025-04-01,2025-04-30,461160.0,8,6,360,2.5,3.125,2.5,1.5517
094262,프레시팜)착한한끼두부300g,신선>야채>두부/콩나물,신선,야채,두부/콩나물,당일픽업,265,94,359.0,169,61,18,14,3,0,2025-04-01,2025-04-30,1400.0,43,11,359,36.0947,8.284,25.4438,3.8191
107171,그린)참치김치볶음밥&치킨마요,미반>삼각김밥>삼각김밥,미반,삼각김밥,삼각김밥,당일픽업,270,98,359.0,161,73,30,5,1,0,2025-04-01,2025-04-30,2200.0,43,4,359,45.3416,3.1056,26.7081,3.6633
105700,참치인가샌드위치,조리빵>샌드위치>샌드위치,조리빵,샌드위치,샌드위치,사전예약,286,144,357.0,212,48,16,9,1,0,2025-04-01,2025-04-30,2900.0,32,8,357,22.6415,4.2453,15.0943,2.4792
108483,매크로)코피코블리스터(슈가프리),과자>캔디류>봉지캔디,과자,캔디류,봉지캔디,당일픽업,271,92,355.0,195,53,14,8,1,0,2025-04-01,2025-04-30,1200.0,39,7,355,27.1795,4.1026,20.0,3.8587
124618,포켓델리햄&포테이토샐러드,미반>푸드 간편식>안주/반찬,미반,푸드 간편식,안주/반찬,사전예약,319,200,353.0,269,26,10,10,4,0,2025-04-01,2025-04-30,2900.0,16,6,353,9.6654,3.7175,5.948,1.765
132835,PB)#대파열라면큰컵,면>용기면>라면(대형컵),면,용기면,라면(대형컵),당일픽업,263,122,352.0,163,64,24,11,1,0,2025-04-01,2025-04-30,2000.0,40,10,352,39.2638,6.7485,24.5399,2.8852
191500,뽀므리브뤼로얄750,양주와인>와인>레드,양주와인,와인,레드,사전예약,275,131,350.5,223,37,3,10,1,1,2025-04-01,2025-04-30,79000.0,34,9,352,16.5919,4.4843,15.2466,2.687
111990,오리온)오징어땅콩98g,과자>스낵류>일반스낵,과자,스낵류,일반스낵,당일픽업,232,79,351.0,130,74,19,9,0,0,2025-04-01,2025-04-30,1600.0,55,9,351,56.9231,6.9231,42.3077,4.443
115643,롯데)제크100g,과자>비스킷류>크래커,과자,비스킷류,크래커,당일픽업,264,99,350.0,160,69,29,6,0,0,2025-04-01,2025-04-30,1700.0,40,6,350,43.125,3.75,25.0,3.5354
124766,초코텍)퍼지딸기100g,과자>초콜릿>판초콜릿,과자,초콜릿,판초콜릿,당일픽업,263,144,347.0,193,47,7,11,3,2,2025-04-04,2025-04-30,4200.0,40,8,350,24.3523,5.6995,20.7254,2.4306
107704,삼립)그릴후랑크70g,냉장>냉장간식>소형바,냉장,냉장간식,소형바,당일픽업,254,97,349.0,166,61,16,9,2,0,2025-04-01,2025-04-30,2400.0,45,7,349,36.747,5.4217,27.1084,3.5979
210437, 오뚜기)컵누들매콤한맛(소컵),면>용기면>숙면/건면,면,용기면,숙면/건면,당일픽업,263,99,348.0,168,65,25,5,0,0,2025-04-01,2025-04-30,1800.0,40,5,348,38.6905,2.9762,23.8095,3.5152
053220,사세)매콤순살꼬치,즉석 식품>즉석치킨>꼬치류,즉석 식품,즉석치킨,꼬치류,당일픽업,256,104,344.0,179,59,16,2,0,0,2025-04-01,2025-04-30,2500.0,43,2,344,32.9609,1.1173,24.0223,3.3077
124758,이즐)까까맛교통카드(자일리톨),서비스 상품>일반서비스>교통카드판매,서비스 상품,일반서비스,교통카드판매,당일픽업,248,105,344.0,171,52,6,14,5,0,2025-04-01,2025-04-30,4000.0,46,9,344,30.4094,8.1871,26.9006,3.2762
124360,오뚜기)컵누들참깨라면소컵,면>용기면>숙면/건면,면,용기면,숙면/건면,당일픽업,261,103,344.0,175,60,19,5,2,0,2025-04-01,2025-04-30,1800.0,41,3,344,34.2857,2.8571,23.4286,3.3398
141152,오뚜기)차돌강된장보리밥컵밥,가공식품>가공미반류>즉석컵밥,가공식품,가공미반류,즉석컵밥,당일픽업,270,104,344.0,189,56,21,4,0,0,2025-04-01,2025-04-30,5400.0,35,4,344,29.6296,2.1164,18.5185,3.3077
107391,롯데)맛장우김밥더블햄마요,미반>김밥>말이김밥,미반,김밥,말이김밥,당일픽업,281,89,343.0,183,60,31,6,1,0,2025-04-01,2025-04-30,3200.0,29,5,343,32.7869,3.2787,15.847,3.8539
120103,제스트)도쿄브레드메론빵,빵>간식빵>과자빵,빵,간식빵,과자빵,당일픽업,249,115,343.0,167,51,13,18,0,0,2025-04-03,2025-04-30,2800.0,38,18,343,30.5389,10.7784,22.7545,2.9826
124159,리얼소프트햄샌드,조리빵>샌드위치>기타 ,조리빵,샌드위치,기타 ,사전예약,317,160,342.0,261,29,18,7,2,0,2025-04-01,2025-04-29,3000.0,11,5,342,11.1111,2.682,4.2146,2.1375
124561,농심)마라짜파게티큰사발,면>용기면>비빔/볶음면,면,용기면,비빔/볶음면,당일픽업,265,94,342.0,169,62,25,7,2,0,2025-04-03,2025-04-30,1800.0,37,5,342,36.6864,4.142,21.8935,3.6383
106867,삼양)맵탱청양고추대파라면봉지,면>봉지면>라면,면,봉지면,라면,당일픽업,269,102,341.0,187,53,19,8,2,0,2025-04-01,2025-04-30,1500.0,34,6,341,28.3422,4.2781,18.1818,3.3431
090024,해태)고향만두,냉동>냉동만두>봉지만두,냉동,냉동만두,봉지만두,당일픽업,272,97,340.0,197,50,15,6,4,0,2025-04-01,2025-04-30,5300.0,35,2,340,25.3807,3.0457,17.7665,3.5052
123587,롯데)맛장우삼각더커진전주비빔,미반>삼각김밥>기타주먹밥(더커진삼각),미반,삼각김밥,기타주먹밥(더커진삼각),당일픽업,247,82,340.0,140,73,29,5,0,0,2025-04-01,2025-04-22,1700.0,44,5,340,52.1429,3.5714,31.4286,4.1463
132848,삼양)맵탱청양고추대파라면큰컵,면>용기면>라면(대형컵),면,용기면,라면(대형컵),당일픽업,273,101,339.0,195,48,16,10,4,0,2025-04-01,2025-04-30,1800.0,32,6,339,24.6154,5.1282,16.4103,3.3564
210030,오뚜기)열라면(봉지),면>봉지면>라면,면,봉지면,라면,당일픽업,246,81,339.0,142,73,28,3,0,0,2025-04-03,2025-04-30,1000.0,45,3,339,51.4085,2.1127,31.6901,4.1852
106282,PB)푸하하초코크림빵110g,디저트>냉장베이커리>냉장빵,디저트,냉장베이커리,냉장빵,당일픽업,281,102,338.0,203,48,23,7,0,0,2025-04-01,2025-04-30,3500.0,25,7,338,23.6453,3.4483,12.3153,3.3137
014251,그린)스팸김치볶음김밥,미반>김밥>말이김밥,미반,김밥,말이김밥,당일픽업,257,103,338.0,157,65,26,7,2,0,2025-04-01,2025-04-30,2800.0,39,5,338,41.4013,4.4586,24.8408,3.2816
192644,7P)스트롱사와라임500ml,양주와인>하이볼>수입하이볼,양주와인,하이볼,수입하이볼,당일픽업,268,139,337.0,201,35,9,21,2,0,2025-04-01,2025-04-30,4800.0,26,19,337,17.4129,10.4478,12.9353,2.4245
109731,PB)바닐라라떼콘디카페인170ml,아이스크림>노벨티>콘,아이스크림,노벨티,콘,당일픽업,246,117,336.0,166,46,11,22,1,0,2025-04-01,2025-04-30,3200.0,35,21,336,27.7108,13.253,21.0843,2.8718
170921,아사히)아사히생맥주캔340ml,맥주>수입맥주>캔맥주(소),맥주,수입맥주,캔맥주(소),당일픽업,278,169,333.0,228,38,11,1,0,0,2025-04-01,2025-04-30,4900.0,27,1,333,16.6667,0.4386,11.8421,1.9704
201737,PB)아이시스2L(6입),음료>생수>1000ml이상,음료,생수,1000ml이상,당일픽업,252,87,333.0,147,69,30,5,1,0,2025-04-01,2025-04-30,3600.0,39,4,333,46.9388,3.4014,26.5306,3.8276
124729,엠즈)쫀득라바초코케이크80g,디저트>냉장베이커리>조각케익,디저트,냉장베이커리,조각케익,당일픽업,294,197,331.5,245,14,3,26,5,1,2025-04-03,2025-04-30,4500.0,11,21,333,5.7143,10.6122,4.4898,1.6904
124461,조니워커 블랙 루비 700ml,양주와인>양주>위스키,양주와인,양주,위스키,사전예약,318,236,333.0,302,2,0,13,1,0,2025-04-01,2025-04-30,64900.0,2,12,333,0.6623,4.3046,0.6623,1.411
108698,엔제이)훗카이도바나나카스테라,빵>간식빵>간식용케익,빵,간식빵,간식용케익,당일픽업,248,118,331.0,160,49,15,21,3,0,2025-04-03,2025-04-30,2900.0,34,18,331,30.625,13.125,21.25,2.8051
210057,팔도)왕뚜껑,면>용기면>라면(대형컵),면,용기면,라면(대형컵),당일픽업,231,91,330.0,121,76,29,5,0,0,2025-04-01,2025-04-30,1500.0,47,5,330,62.8099,4.1322,38.843,3.6264
124082,PB)밀크딸기콘170ml,아이스크림>노벨티>콘,아이스크림,노벨티,콘,당일픽업,293,156,329.0,197,45,31,16,4,0,2025-04-01,2025-04-30,3200.0,14,12,329,22.8426,8.1218,7.1066,2.109
132146,농심)오징어짬뽕봉지,면>봉지면>라면,면,봉지면,라면,당일픽업,291,60,329.0,178,66,47,0,0,0,2025-04-01,2025-04-25,1300.0,19,0,329,37.0787,0.0,10.6742,5.4833
013196,유부초밥4입,미반>초밥류>유부초밥,미반,초밥류,유부초밥,사전예약,264,152,328.0,201,37,9,14,3,0,2025-04-01,2025-04-30,3200.0,28,11,328,18.408,6.9652,13.9303,2.1579
105638,삼립)스크램블소시지샌드,조리빵>샌드위치>샌드위치,조리빵,샌드위치,샌드위치,당일픽업,273,111,327.0,185,50,26,10,2,0,2025-04-01,2025-04-30,2800.0,24,8,327,27.027,5.4054,12.973,2.9459
109820,하림)마라쌀볶음면큰컵,면>용기면>비빔/볶음면,면,용기면,비빔/볶음면,당일픽업,275,142,325.0,203,32,14,22,4,0,2025-04-01,2025-04-30,2400.0,18,18,325,15.7635,10.8374,8.867,2.2887
053204,델리숯불닭꼬치,즉석 식품>즉석치킨>꼬치류,즉석 식품,즉석치킨,꼬치류,당일픽업,236,98,323.5,138,66,23,6,2,1,2025-04-01,2025-04-30,2500.0,43,4,325,47.8261,4.3478,31.1594,3.3163
106842,시원)흔들어먹는젤리소다포도280ml,음료>탄산음료>과일향탄산(소),음료,탄산음료,과일향탄산(소),당일픽업,249,119,324.0,188,32,5,23,1,0,2025-04-01,2025-04-30,3200.0,27,22,324,17.0213,12.234,14.3617,2.7227
106989,그린)킹장우치킨마요삼각,미반>삼각김밥>기타주먹밥(더커진삼각),미반,삼각김밥,기타주먹밥(더커진삼각),당일픽업,239,88,324.0,140,64,23,9,3,0,2025-04-01,2025-04-30,1600.0,41,6,324,45.7143,6.4286,29.2857,3.6818
116320,오리온)도도한나쵸사워어니언92g,과자>스낵류>옥수수스낵,과자,스낵류,옥수수스낵,당일픽업,249,123,323.0,150,65,30,4,0,0,2025-04-01,2025-04-29,1500.0,35,4,323,43.3333,2.6667,23.3333,2.626
106471,PB)산리오레몬아이스티제로350ml,음료>주스>주스(중),음료,주스,주스(중),당일픽업,245,111,322.0,163,55,19,7,1,0,2025-04-01,2025-04-30,2800.0,36,6,322,33.7423,4.2945,22.0859,2.9009
107817,K리그산리오)인형 키링_포차코,문구/완구>일반완구>일반완구,문구/완구,일반완구,일반완구,당일픽업,316,174,322.0,293,4,4,12,3,0,2025-04-01,2025-04-30,15000.0,0,9,322,1.3652,4.0956,0.0,1.8506
109695,글렌피딕12년쉐리700ml,양주와인>양주>위스키,양주와인,양주,위스키,사전예약,251,138,320.0,201,28,2,19,1,0,2025-04-01,2025-04-18,88900.0,26,18,320,13.9303,9.4527,12.9353,2.3188
109471,G)마루짱튀김소바99g,면>용기면>라면(소형컵),면,용기면,라면(소형컵),당일픽업,233,105,319.0,152,47,14,20,0,0,2025-04-03,2025-04-30,3500.0,33,20,319,30.9211,13.1579,21.7105,3.0381
107703,롯데)맛장우삼각더커진소고기고추장,미반>삼각김밥>기타주먹밥(더커진삼각),미반,삼각김밥,기타주먹밥(더커진삼각),당일픽업,239,109,319.0,145,61,24,8,1,0,2025-04-01,2025-04-30,1700.0,37,7,319,42.069,5.5172,25.5172,2.9266
113562,맥캘란 어 나잇 온 어스700ml,양주와인>양주>위스키,양주와인,양주,위스키,사전예약,284,179,319.0,250,16,2,13,3,0,2025-04-01,2025-04-30,259000.0,14,10,319,6.4,5.2,5.6,1.7821
119586,PB)바프허니버터팝콘80g,과자>스낵류>옥수수스낵,과자,스낵류,옥수수스낵,당일픽업,234,106,318.0,138,63,25,8,0,0,2025-04-01,2025-04-30,1700.0,38,8,318,45.6522,5.7971,27.5362,3.0
108750,의성마늘프랑크김밥,미반>김밥>말이김밥,미반,김밥,말이김밥,사전예약,248,120,318.0,171,47,15,12,3,0,2025-04-01,2025-04-30,3200.0,32,9,318,27.4854,7.0175,18.7135,2.65
107166,서울)커피타운바닐라250ml,유음료>컵커피>300ml 미만,유음료,컵커피,300ml 미만,당일픽업,238,91,317.0,157,58,20,3,0,0,2025-04-01,2025-04-30,2600.0,38,3,317,36.9427,1.9108,24.2038,3.4835
202754,코카)환타제로파인355ml캔,음료>탄산음료>제로탄산,음료,탄산음료,제로탄산,당일픽업,239,105,315.0,140,61,23,10,5,0,2025-04-01,2025-04-30,1700.0,38,5,315,43.5714,7.1429,27.1429,3.0
021695,삼립)아메리칸베이컨체다버거,조리빵>햄버거>햄버거,조리빵,햄버거,햄버거,당일픽업,266,104,315.0,167,58,35,5,1,0,2025-04-01,2025-04-30,2800.0,23,4,315,34.7305,2.994,13.7725,3.0288
123561,롯데)참치김밥,미반>김밥>말이김밥,미반,김밥,말이김밥,당일픽업,241,99,312.0,158,54,21,7,1,0,2025-04-01,2025-04-30,3200.0,33,6,312,34.1772,4.4304,20.8861,3.1515
112406,롯데)골드후라이드치킨버거3.0,조리빵>햄버거>햄버거,조리빵,햄버거,햄버거,당일픽업,258,102,309.0,165,51,27,10,3,2,2025-04-02,2025-04-30,3600.0,24,7,312,30.9091,6.0606,14.5455,3.0588
191943,배비치 말보로 쇼비뇽블랑,양주와인>와인>화이트,양주와인,와인,화이트,사전예약,258,173,309.5,217,18,1,20,1,1,2025-04-01,2025-04-30,25000.0,17,19,311,8.2949,9.2166,7.8341,1.7977
109680,티머니_산리오키링(포차코),서비스 상품>일반서비스>교통카드판매,서비스 상품,일반서비스,교통카드판매,사전예약,264,194,311.0,227,19,2,15,1,0,2025-04-01,2025-04-30,18000.0,17,14,311,8.37,6.6079,7.489,1.6031
124939,엠즈)쫀득라바녹차케이크80g,디저트>냉장베이커리>조각케익,디저트,냉장베이커리,조각케익,당일픽업,279,174,310.0,240,13,4,19,3,0,2025-04-04,2025-04-30,4500.0,9,16,310,5.4167,7.9167,3.75,1.7816
124554,PB)바밤바알밤크림빵110g,빵>간식빵>과자빵,빵,간식빵,과자빵,당일픽업,251,104,310.0,173,44,18,13,3,0,2025-04-03,2025-04-30,2500.0,26,10,310,25.4335,7.5145,15.0289,2.9808
052555,마일드넓적다리,즉석 식품>즉석치킨(삭제예정)>조각류_삭제예정,즉석 식품,즉석치킨(삭제예정),조각류_삭제예정,당일픽업,230,104,310.0,161,50,13,6,0,0,2025-04-01,2025-04-30,3200.0,37,6,310,31.0559,3.7267,22.9814,2.9808
109582,신동엽)블랙서클하이볼오리지널350ml캔,양주와인>하이볼>수입하이볼,양주와인,하이볼,수입하이볼,당일픽업,245,136,309.0,181,36,9,16,3,0,2025-04-01,2025-04-30,4500.0,27,13,309,19.8895,8.8398,14.9171,2.2721
083775,삼립)로켓단초코롤85g,빵>간식빵>캐릭터빵,빵,간식빵,캐릭터빵,당일픽업,202,83,306.0,118,62,12,8,2,0,2025-04-03,2025-04-30,1800.0,50,6,306,52.5424,6.7797,42.3729,3.6867
200718,웅진)오곡누룽지500ml,음료>차음료>기타차,음료,차음료,기타차,당일픽업,213,86,304.0,118,65,22,7,1,0,2025-04-01,2025-04-30,2200.0,43,6,304,55.0847,5.9322,36.4407,3.5349
124321,미켈롭울트라 330ml(6입),맥주>수입맥주>캔맥주(소),맥주,수입맥주,캔맥주(소),사전예약,232,127,303.0,190,35,2,5,0,0,2025-04-01,2025-04-30,12900.0,33,5,303,18.4211,2.6316,17.3684,2.3858
124737,칠성)펩시콜라제로모히토500ml,음료>탄산음료>콜라(중),음료,탄산음료,콜라(중),당일픽업,224,114,302.0,163,44,7,8,2,0,2025-04-03,2025-04-30,2300.0,37,6,302,26.9939,4.908,22.6994,2.6491
109875,삼립)더블에그햄샌드위치,조리빵>샌드위치>샌드위치,조리빵,샌드위치,샌드위치,당일픽업,271,126,302.0,195,42,27,5,2,0,2025-04-01,2025-04-30,3300.0,15,3,302,21.5385,2.5641,7.6923,2.3968
132096,농심)멸치칼국수봉지,면>봉지면>숙면/건면,면,봉지면,숙면/건면,당일픽업,253,66,301.0,149,61,38,4,1,0,2025-04-01,2025-04-30,1150.0,23,3,301,40.9396,2.6846,15.4362,4.5606
061711,덴마크)초코초코우유300ml,유음료>가공우유>초코우유,유음료,가공우유,초코우유,당일픽업,228,111,300.0,153,48,17,10,0,0,2025-04-01,2025-04-30,2100.0,31,10,300,31.3725,6.5359,20.2614,2.7027
107691,K)릴 하이브리드3(비앙카화이트),담배>전자담배>전자담배(KT&G 릴),담배,전자담배,전자담배(KT&G 릴),당일픽업,289,126,300.0,264,7,0,11,7,0,2025-04-01,2025-04-30,88000.0,7,4,300,2.6515,4.1667,2.6515,2.381
113847,오리온)닥터유다이제초코225g,과자>비스킷류>쿠키,과자,비스킷류,쿠키,당일픽업,216,66,298.0,122,63,25,6,0,0,2025-04-02,2025-04-29,2800.0,38,6,298,51.6393,4.918,31.1475,4.5152
092869,풀무원)소가찌개두부290g,신선>야채>두부/콩나물,신선,야채,두부/콩나물,당일픽업,218,87,298.0,151,49,8,6,4,0,2025-04-01,2025-04-30,1700.0,41,2,298,32.4503,3.9735,27.1523,3.4253
021803,롯데)더블치즈불고기버거,조리빵>햄버거>햄버거,조리빵,햄버거,햄버거,당일픽업,257,82,296.0,162,52,33,7,3,0,2025-04-01,2025-04-30,2800.0,19,4,296,32.0988,4.321,11.7284,3.6098
106639,오뚜기)골드치킨마요덮밥(컵밥),가공식품>가공미반류>즉석컵밥,가공식품,가공미반류,즉석컵밥,당일픽업,233,75,296.0,169,44,15,5,0,0,2025-04-01,2025-04-30,5400.0,29,5,296,26.0355,2.9586,17.1598,3.9467
014620,롯데)양념순살닭강정,미반>푸드 간편식>안주/반찬,미반,푸드 간편식,안주/반찬,당일픽업,248,98,296.0,179,42,20,6,1,0,2025-04-01,2025-04-30,5500.0,22,5,296,23.4637,3.352,12.2905,3.0204
053219,사세)순살꼬치,즉석 식품>즉석치킨>꼬치류,즉석 식품,즉석치킨,꼬치류,당일픽업,237,123,295.0,163,47,20,6,1,0,2025-04-01,2025-04-30,2500.0,27,5,295,28.8344,3.681,16.5644,2.3984
124958,롯데)새로소주다래360ml병,전통주>기타전통주>과실주,전통주,기타전통주,과실주,당일픽업,252,116,295.0,186,28,6,21,11,0,2025-04-07,2025-04-30,1900.0,22,10,295,15.0538,11.2903,11.828,2.5431
053168,왕빅도그오리지날,즉석 식품>즉석치킨>꼬치류,즉석 식품,즉석치킨,꼬치류,당일픽업,205,61,294.0,113,63,22,7,0,0,2025-04-01,2025-04-30,2400.0,41,7,294,55.7522,6.1947,36.2832,4.8197
123592,롯데)베스트콤보샌드,조리빵>샌드위치>샌드위치,조리빵,샌드위치,샌드위치,당일픽업,251,108,293.0,180,40,22,8,1,0,2025-04-01,2025-04-30,2800.0,18,7,293,22.2222,4.4444,10.0,2.713
124032,에프투)검은콩두유190ml,유음료>두유>팩두유,유음료,두유,팩두유,당일픽업,219,107,293.0,141,50,17,10,1,0,2025-04-01,2025-04-30,1500.0,33,9,293,35.461,7.0922,23.4043,2.7383
115562,카발란 솔리스트 비노바리끄,양주와인>양주>위스키,양주와인,양주,위스키,사전예약,234,125,292.0,194,24,2,14,0,0,2025-04-07,2025-04-30,299000.0,22,14,292,12.3711,7.2165,11.3402,2.336
115924,농심)포스틱84g,과자>스낵류>감자스낵,과자,스낵류,감자스낵,당일픽업,202,81,290.0,109,64,21,6,2,0,2025-04-01,2025-04-30,1700.0,43,4,290,58.7156,5.5046,39.4495,3.5802
124563,해태)자가비사워크림맛45g,과자>스낵류>감자스낵,과자,스낵류,감자스낵,당일픽업,211,88,289.0,141,47,10,10,3,0,2025-04-03,2025-04-30,2000.0,37,7,289,33.3333,7.0922,26.2411,3.2841
140526,CJ)햇반미역국밥(컵반),가공식품>가공미반류>즉석컵밥,가공식품,가공미반류,즉석컵밥,교환권,209,117,286.5,156,41,3,6,2,1,2025-04-01,2025-04-29,4800.0,38,4,288,26.2821,3.8462,24.359,2.4615
013833,불고기크래미불닭유부,미반>김밥>트레이김밥,미반,김밥,트레이김밥,사전예약,268,178,287.0,244,13,4,5,2,0,2025-04-01,2025-04-30,9810.0,9,3,287,5.3279,2.0492,3.6885,1.6124
014281,그린)참치김치햄말이주먹밥,미반>삼각김밥>기타주먹밥(더커진삼각),미반,삼각김밥,기타주먹밥(더커진삼각),당일픽업,229,125,285.0,175,35,10,8,1,0,2025-04-01,2025-04-29,2100.0,25,7,285,20.0,4.5714,14.2857,2.28
104492,롯데)몽쉘크림케익3300,과자>비스킷류>파이,과자,비스킷류,파이,당일픽업,234,100,284.0,167,40,19,8,0,0,2025-04-01,2025-04-30,3500.0,21,8,284,23.9521,4.7904,12.5749,2.84
106638,코카)코카콜라체리제로500ml,음료>탄산음료>콜라(중),음료,탄산음료,콜라(중),당일픽업,198,77,283.0,121,53,15,9,0,0,2025-04-02,2025-04-30,2400.0,38,9,283,43.8017,7.438,31.405,3.6753
053069,양념닭강정세트,즉석 식품>즉석치킨(삭제예정)>세트류_삭제예정,즉석 식품,즉석치킨(삭제예정),세트류_삭제예정,당일픽업,232,42,283.0,196,30,5,1,0,0,2025-04-02,2025-04-29,4200.0,25,1,283,15.3061,0.5102,12.7551,6.7381
106862,풀무원)그릭시그니처150g,유음료>요구르트>떠먹는요구르트,유음료,요구르트,떠먹는요구르트,당일픽업,230,97,282.0,172,33,13,12,0,0,2025-04-01,2025-04-30,3900.0,20,12,282,19.186,6.9767,11.6279,2.9072
107201,신세계)앙드레끌루에엉쥬르드750ml,양주와인>와인>스파클링(샴페인),양주와인,와인,스파클링(샴페인),당일픽업,260,98,282.0,239,7,1,12,1,0,2025-04-01,2025-04-30,112400.0,6,11,282,2.9289,5.0209,2.5105,2.8776
107692,K)릴 하이브리드3(누아르블랙),담배>전자담배>전자담배(KT&G 릴),담배,전자담배,전자담배(KT&G 릴),당일픽업,279,135,281.0,271,0,0,6,2,0,2025-04-01,2025-04-30,88000.0,0,4,281,0.0,2.214,0.0,2.0815
124328,샤또 피숑롱그빌바롱18,양주와인>와인>레드,양주와인,와인,레드,사전예약,239,143,278.0,210,19,1,6,1,2,2025-04-01,2025-04-30,312320.0,18,5,281,9.0476,2.8571,8.5714,1.965
118765,오리온)고래밥볶음양념맛46g,과자>비스킷류>크래커,과자,비스킷류,크래커,당일픽업,200,74,281.0,100,65,28,7,0,0,2025-04-01,2025-04-30,800.0,37,7,281,65.0,7.0,37.0,3.7973
109679,티머니_산리오키링(시나모롤),서비스 상품>일반서비스>교통카드판매,서비스 상품,일반서비스,교통카드판매,사전예약,235,156,277.0,194,22,3,11,3,2,2025-04-01,2025-04-30,18000.0,19,8,280,11.3402,5.6701,9.7938,1.7949
124744,PB)산리오포차코아망추망고350ml,음료>차음료>홍차,음료,차음료,홍차,당일픽업,214,92,276.0,155,33,8,16,2,0,2025-04-03,2025-04-30,2800.0,25,14,276,21.2903,10.3226,16.129,3.0
123802,그린)초코딸기샌드,조리빵>샌드위치>샌드위치,조리빵,샌드위치,샌드위치,당일픽업,241,146,276.0,192,25,11,11,2,0,2025-04-01,2025-04-30,3800.0,14,9,276,13.0208,5.7292,7.2917,1.8904
192102,앙리마티스하트750ml,양주와인>와인>레드,양주와인,와인,레드,사전예약,224,143,276.0,180,20,2,20,2,0,2025-04-01,2025-04-30,14900.0,18,18,276,11.1111,11.1111,10.0,1.9301
210445,오뚜기)스파게티큰컵,면>용기면>비빔/볶음면,면,용기면,비빔/볶음면,당일픽업,202,79,276.0,107,60,26,8,1,0,2025-04-01,2025-04-30,1800.0,34,7,276,56.0748,7.4766,31.7757,3.4937
123297,해태)생생감자칩오지치즈후라이맛60g,과자>스낵류>감자스낵,과자,스낵류,감자스낵,교환권,198,98,274.0,132,40,7,16,3,0,2025-04-01,2025-04-30,2000.0,33,13,274,30.303,12.1212,25.0,2.7959
124524,G)설화병크랜베리90g,과자>캔디류>봉지캔디,과자,캔디류,봉지캔디,당일픽업,200,85,274.0,142,37,4,14,3,0,2025-04-03,2025-04-30,6000.0,33,11,274,26.0563,9.8592,23.2394,3.2235
192111,윌리엄)발베니 더블우드 12년,양주와인>양주>위스키,양주와인,양주,위스키,당일픽업,261,124,272.0,218,7,1,23,12,0,2025-04-01,2025-04-30,119900.0,6,11,272,3.211,10.5505,2.7523,2.1935
210337,오뚜기)참깨라면큰컵,면>용기면>라면(대형컵),면,용기면,라면(대형컵),당일픽업,222,93,272.0,122,58,34,6,2,0,2025-04-01,2025-04-30,1800.0,24,4,272,47.541,4.918,19.6721,2.9247
124331,샤또 몽로즈 18,양주와인>와인>레드,양주와인,와인,레드,사전예약,245,143,270.5,220,11,1,10,2,1,2025-04-01,2025-04-30,336720.0,10,8,272,5.0,4.5455,4.5455,1.9021
107378,K)릴 에이블2 (코튼블루),담배>전자담배>전자담배(KT&G 릴),담배,전자담배,전자담배(KT&G 릴),당일픽업,215,102,271.0,184,28,1,2,0,0,2025-04-01,2025-04-30,88000.0,27,2,271,15.2174,1.087,14.6739,2.6569
111992,롯데)목캔디(오리지날),과자>캔디류>기능성캔디,과자,캔디류,기능성캔디,당일픽업,186,71,270.0,106,58,18,4,0,0,2025-04-01,2025-04-30,1200.0,40,4,270,54.717,3.7736,37.7358,3.8028
124620,하림)오늘단백초코라떼250ml,유음료>프로틴 음료>250ml 이상 ,유음료,프로틴 음료,250ml 이상 ,당일픽업,224,44,269.0,185,27,6,5,1,0,2025-04-04,2025-04-30,2900.0,21,4,269,14.5946,2.7027,11.3514,6.1136
108657,롯데)빅모짜치즈불고기버거,조리빵>햄버거>햄버거,조리빵,햄버거,햄버거,당일픽업,225,81,267.5,153,44,24,3,0,1,2025-04-01,2025-04-30,3500.0,20,3,269,28.7582,1.9608,13.0719,3.321
124033,에프투)호두아몬드두유190ml,유음료>두유>팩두유,유음료,두유,팩두유,당일픽업,200,93,268.0,131,47,15,6,1,0,2025-04-01,2025-04-30,1500.0,32,5,268,35.8779,4.5802,24.4275,2.8817
124566,오뚜기)보들보들치즈볶음면매운맛,면>용기면>비빔/볶음면,면,용기면,비빔/볶음면,당일픽업,189,83,267.0,118,49,13,8,1,0,2025-04-03,2025-04-30,2000.0,36,7,267,41.5254,6.7797,30.5085,3.2169
211038,롯데)더블비얀코,아이스크림>노벨티>콘,아이스크림,노벨티,콘,당일픽업,197,70,267.0,136,45,11,4,1,0,2025-04-02,2025-04-30,2500.0,34,3,267,33.0882,2.9412,25.0,3.8143
062468,동서)스타벅스라떼320ml,유음료>컵커피>300ml 이상,유음료,컵커피,300ml 이상,당일픽업,193,54,265.0,123,50,16,4,0,0,2025-04-01,2025-04-30,3300.0,34,4,265,40.6504,3.252,27.6423,4.9074
115925,농심)양파링80g,과자>스낵류>옥수수스낵,과자,스낵류,옥수수스낵,당일픽업,178,73,264.0,83,66,24,4,1,0,2025-04-01,2025-04-30,1700.0,42,3,264,79.5181,4.8193,50.6024,3.6164
110750,오리온)닥터유에너지바40g,과자>프로틴/시리얼>영양바류,과자,프로틴/시리얼,영양바류,당일픽업,190,69,263.0,108,57,22,3,0,0,2025-04-01,2025-04-30,1300.0,35,3,263,52.7778,2.7778,32.4074,3.8116
070012,빙그레)바나나우유240ml,유음료>가공우유>바나나우유,유음료,가공우유,바나나우유,교환권,183,104,263.0,132,44,4,2,1,0,2025-04-01,2025-04-30,1800.0,40,1,263,33.3333,1.5152,30.303,2.5288
132167,농심)튀김우동(소컵),면>용기면>라면(소형컵),면,용기면,라면(소형컵),당일픽업,176,61,263.0,102,58,15,1,0,0,2025-04-03,2025-04-30,1250.0,43,1,263,56.8627,0.9804,42.1569,4.3115
202625,웅진)자연은더말린복숭아500ml,음료>주스>주스(중),음료,주스,주스(중),당일픽업,190,81,263.0,123,51,15,1,0,0,2025-04-01,2025-04-30,2500.0,36,1,263,41.4634,0.813,29.2683,3.2469
124656,호가든벚꽃잔패키지,맥주>수입맥주>캔맥주(소),맥주,수입맥주,캔맥주(소),사전예약,217,121,261.5,169,25,3,13,6,1,2025-04-01,2025-04-30,21000.0,22,7,263,14.7929,7.6923,13.0178,2.1736
114539,투핸즈 엔젤스 쉐어750ml,양주와인>와인>레드,양주와인,와인,레드,사전예약,203,118,262.0,163,22,0,17,1,0,2025-04-01,2025-04-30,39900.0,22,16,262,13.4969,10.4294,13.4969,2.2203
202714,코카)코카콜라제로레몬500ml,음료>탄산음료>제로탄산,음료,탄산음료,제로탄산,당일픽업,184,76,261.0,123,43,8,9,1,0,2025-04-01,2025-04-30,2400.0,35,8,261,34.9593,7.3171,28.4553,3.4342
124335,에이트)벤토불징어맛7g,안주>생선류>어육스낵,안주,생선류,어육스낵,당일픽업,197,98,261.0,129,47,17,4,0,0,2025-04-01,2025-04-30,1300.0,30,4,261,36.4341,3.1008,23.2558,2.6633
161260,칠성)레쓰비마일드200ml,음료>커피음료>캔커피(일반),음료,커피음료,캔커피(일반),당일픽업,156,27,261.0,84,60,9,3,0,0,2025-04-03,2025-04-30,1200.0,51,3,261,71.4286,3.5714,60.7143,9.6667
132787,농심)배홍동쫄쫄면129g,면>봉지면>숙면/건면,면,봉지면,숙면/건면,당일픽업,199,66,260.0,134,44,13,5,3,0,2025-04-01,2025-04-30,1700.0,31,2,260,32.8358,3.7313,23.1343,3.9394
070751,동서)스타벅스라떼컵200ml,유음료>컵커피>300ml 미만,유음료,컵커피,300ml 미만,당일픽업,182,61,260.0,112,50,12,6,2,0,2025-04-01,2025-04-30,2300.0,38,4,260,44.6429,5.3571,33.9286,4.2623
132837,삼양)맵탱흑후추소고기라면(봉지,면>봉지면>라면,면,봉지면,라면,당일픽업,191,76,260.0,127,47,14,3,0,0,2025-04-02,2025-04-30,1500.0,33,3,260,37.0079,2.3622,25.9843,3.4211
112119,크라운)새콤달콤딸기29g,과자>캔디류>소프트캔디,과자,캔디류,소프트캔디,당일픽업,187,59,260.0,100,61,25,1,0,0,2025-04-01,2025-04-29,500.0,36,1,260,61.0,1.0,36.0,4.4068
220530,CJ)작은햇반130g,가공식품>가공미반류>즉석밥,가공식품,가공미반류,즉석밥,당일픽업,186,61,259.0,110,54,19,3,0,0,2025-04-01,2025-04-30,1700.0,35,3,259,49.0909,2.7273,31.8182,4.2459
106683,농심)짜파게티더블랙봉지,면>봉지면>비빔/볶음면,면,봉지면,비빔/볶음면,당일픽업,211,42,259.0,133,48,25,4,1,0,2025-04-02,2025-04-24,1600.0,23,3,259,36.0902,3.0075,17.2932,6.1667
990124,"푸드전용 금액권 10,000원",기타>판촉물>판촉물,기타,판촉물,판촉물,금액권,238,185,259.0,225,11,0,1,1,0,2025-04-01,2025-04-30,10000.0,11,0,259,4.8889,0.4444,4.8889,1.4
201275,광동)제주삼다수500ml,음료>생수>500ml이하,음료,생수,500ml이하,당일픽업,164,64,257.0,101,51,6,5,1,0,2025-04-01,2025-04-30,1100.0,45,4,257,50.495,4.9505,44.5545,4.0156
109490,탱글탱글새우버거,조리빵>햄버거>햄버거,조리빵,햄버거,햄버거,사전예약,192,89,254.0,130,39,12,10,1,0,2025-04-01,2025-04-30,3600.0,27,9,254,30.0,7.6923,20.7692,2.8539
113855,해태)포키극세,과자>비스킷류>스틱과자,과자,비스킷류,스틱과자,당일픽업,181,73,253.0,103,51,19,8,0,0,2025-04-01,2025-04-30,1900.0,32,8,253,49.5146,7.767,31.068,3.4658
108471,인테)코코제로요구르트340ml,음료>주스>주스(중),음료,주스,주스(중),당일픽업,207,89,253.0,125,45,26,10,1,0,2025-04-01,2025-04-30,2500.0,19,9,253,36.0,8.0,15.2,2.8427
052383,세븐카페)아메리카노(L),즉석음료>세븐카페>HOT,즉석음료,세븐카페,HOT,교환권,210,131,252.0,172,25,3,6,4,0,2025-04-01,2025-04-30,1500.0,22,2,252,14.5349,3.4884,12.7907,1.9237
109253,PB)불짜계치(6인분)745g,면>용기면>비빔/볶음면,면,용기면,비빔/볶음면,당일픽업,208,44,252.0,179,24,3,2,0,0,2025-04-01,2025-04-30,15900.0,21,2,252,13.4078,1.1173,11.7318,5.7273
124480,화요3종세트(나혼렙에디션),전통주>소주>증류식소주,전통주,소주,증류식소주,사전예약,203,126,249.0,170,22,0,7,2,2,2025-04-01,2025-04-30,49000.0,22,5,252,12.9412,4.1176,12.9412,2.0
107818,K리그산리오)인형 키링_헬로키티,문구/완구>일반완구>일반완구,문구/완구,일반완구,일반완구,당일픽업,187,66,249.0,143,30,1,10,3,0,2025-04-01,2025-04-30,15000.0,29,7,249,20.979,6.993,20.2797,3.7727
391120,유한)크리넥스마이비데물티슈10,위생용품>티슈>물티슈,위생용품,티슈,물티슈,당일픽업,193,91,249.0,121,44,19,8,1,0,2025-04-01,2025-04-30,1600.0,25,7,249,36.3636,6.6116,20.6612,2.7363
123739,CJ)비비고찰보리감자만두300g,냉동>냉동만두>봉지만두,냉동,냉동만두,봉지만두,당일픽업,206,122,248.0,155,30,10,8,3,0,2025-04-01,2025-04-30,7800.0,20,5,248,19.3548,5.1613,12.9032,2.0328
108461,인테)코코제로망고340ml,음료>주스>주스(중),음료,주스,주스(중),당일픽업,184,86,248.0,109,46,19,10,0,0,2025-04-01,2025-04-30,2500.0,27,10,248,42.2018,9.1743,24.7706,2.8837
124070,롯데)닭강정김밥,미반>김밥>말이김밥,미반,김밥,말이김밥,당일픽업,203,91,248.0,138,37,18,9,1,0,2025-04-01,2025-04-30,3400.0,19,8,248,26.8116,6.5217,13.7681,2.7253
061343,다논)액티비아업플레인210ml,유음료>요구르트>기능성요구르트,유음료,요구르트,기능성요구르트,당일픽업,183,88,247.0,119,42,12,8,2,0,2025-04-01,2025-04-30,2200.0,30,6,247,35.2941,6.7227,25.2101,2.8068
132847,삼양)맵탱마늘조개라면큰컵,면>용기면>라면(대형컵),면,용기면,라면(대형컵),교환권,164,74,246.0,113,40,3,8,0,0,2025-04-01,2025-04-30,1800.0,37,8,246,35.3982,7.0796,32.7434,3.3243
061364,서울)초코우유300ml,유음료>가공우유>초코우유,유음료,가공우유,초코우유,당일픽업,188,69,246.0,129,41,12,4,2,0,2025-04-01,2025-04-30,2100.0,29,2,246,31.7829,3.1008,22.4806,3.5652
202391,칠성)칠성사이다제로355ml,음료>탄산음료>제로탄산,음료,탄산음료,제로탄산,당일픽업,178,86,245.0,106,49,17,5,1,0,2025-04-01,2025-04-30,2000.0,32,4,245,46.2264,4.717,30.1887,2.8488
124769,크라운)마이쮸써니피치44g,과자>캔디류>소프트캔디,과자,캔디류,소프트캔디,당일픽업,168,59,244.0,99,49,14,6,0,0,2025-04-03,2025-04-30,1000.0,35,6,244,49.4949,6.0606,35.3535,4.1356
124871,맨시티 솔리드 엠블럼 볼캡,패션잡화>시즌/소품>기타,패션잡화,시즌/소품,기타,사전예약,184,89,243.0,149,30,2,3,0,0,2025-04-01,2025-04-19,18900.0,28,3,243,20.1342,2.0134,18.7919,2.7303
105947,맛장우김밥매콤제육,미반>김밥>말이김밥,미반,김밥,말이김밥,사전예약,199,113,243.0,146,33,13,6,1,0,2025-04-01,2025-04-30,3500.0,20,5,243,22.6027,4.1096,13.6986,2.1504
132673,삼양)네가지치즈불닭볶음면(큰컵,면>용기면>비빔/볶음면,면,용기면,비빔/볶음면,당일픽업,154,59,243.0,93,52,8,1,0,0,2025-04-04,2025-04-30,1800.0,44,1,243,55.914,1.0753,47.3118,4.1186
202502,동원)테이크얼라이브스위티자몽5,음료>주스>주스(중),음료,주스,주스(중),당일픽업,174,73,243.0,118,43,9,3,1,0,2025-04-01,2025-04-30,2500.0,34,2,243,36.4407,2.5424,28.8136,3.3288
191618,롯데)앙리마티스나디아(화이트)7,양주와인>와인>화이트,양주와인,와인,화이트,당일픽업,212,129,243.0,175,12,4,19,2,0,2025-04-01,2025-04-30,12900.0,8,17,243,6.8571,10.8571,4.5714,1.8837
107399,맛장우김밥 더블햄마요,미반>김밥>말이김밥,미반,김밥,말이김밥,사전예약,194,110,243.0,147,29,6,9,3,0,2025-04-01,2025-04-30,3200.0,23,6,243,19.7279,6.1224,15.6463,2.2091
124745,PB)산리오마이멜로디아샷추복숭아350ml,음료>차음료>홍차,음료,차음료,홍차,당일픽업,192,79,241.0,151,26,6,9,0,0,2025-04-03,2025-04-30,2800.0,20,9,241,17.2185,5.9603,13.245,3.0506
123422,오징어핑크버거,조리빵>햄버거>햄버거,조리빵,햄버거,햄버거,사전예약,206,95,240.0,145,33,18,8,2,0,2025-04-01,2025-04-22,3500.0,15,6,240,22.7586,5.5172,10.3448,2.5263
124961,포켓델리푸실리파스타샐러드,미반>푸드 간편식>조리면,미반,푸드 간편식,조리면,사전예약,217,166,238.0,197,10,2,7,1,0,2025-04-08,2025-04-30,2900.0,8,6,238,5.0761,3.5533,4.0609,1.4337
113512,맥캘란 12년 더블캐스크 700ml,양주와인>양주>위스키,양주와인,양주,위스키,사전예약,200,133,235.0,170,14,2,13,1,0,2025-04-01,2025-04-30,129000.0,12,12,235,8.2353,7.6471,7.0588,1.7669
162388,한양)꽃보다오징어50g,안주>오징어>오징어,안주,오징어,오징어,당일픽업,180,21,235.0,141,31,4,3,1,0,2025-04-04,2025-04-30,8000.0,27,2,235,21.9858,2.1277,19.1489,11.1905
132149,농심)신라면큰사발,면>용기면>라면(대형컵),면,용기면,라면(대형컵),당일픽업,160,54,235.0,90,53,16,1,0,0,2025-04-01,2025-04-30,1500.0,37,1,235,58.8889,1.1111,41.1111,4.3519
117746,오리온)닥터유단백질바50g,과자>프로틴/시리얼>영양바류,과자,프로틴/시리얼,영양바류,당일픽업,174,58,235.0,114,43,14,3,0,0,2025-04-01,2025-04-30,1600.0,29,3,235,37.7193,2.6316,25.4386,4.0517
103841,농심)멘토스(미니)200,과자>캔디류>과일향캔디,과자,캔디류,과일향캔디,당일픽업,156,55,235.0,95,48,10,3,0,0,2025-04-03,2025-04-30,200.0,38,3,235,50.5263,3.1579,40.0,4.2727
106868,러비어스)프라가500ml캔,맥주>수입맥주>캔맥주(중),맥주,수입맥주,캔맥주(중),당일픽업,206,90,234.0,173,16,3,10,4,0,2025-04-03,2025-04-30,2000.0,13,6,234,9.2486,5.7803,7.5145,2.6
132456,삼양)까르보불닭볶음면봉지,면>봉지면>비빔/볶음면,면,봉지면,비빔/볶음면,당일픽업,166,55,234.0,101,45,13,6,1,0,2025-04-03,2025-04-30,1700.0,32,5,234,44.5545,5.9406,31.6832,4.2545
123934,CJ)맥스봉고소한치즈후랑크65g,냉장>냉장간식>소형바,냉장,냉장간식,소형바,당일픽업,175,57,233.0,104,47,19,4,1,0,2025-04-03,2025-04-30,2400.0,28,3,233,45.1923,3.8462,26.9231,4.0877
108654, 네슬레)다막피스타치오60G,과자>초콜릿>판초콜릿,과자,초콜릿,판초콜릿,당일픽업,208,85,233.0,134,38,27,7,2,0,2025-04-01,2025-04-30,3900.0,11,5,233,28.3582,5.2239,8.209,2.7412
062545,hy)쉼230ml,유음료>기능성우유>기능성 음료,유음료,기능성우유,기능성 음료,당일픽업,177,67,232.0,120,37,11,7,2,0,2025-04-01,2025-04-30,2400.0,26,5,232,30.8333,5.8333,21.6667,3.4627
109696,글렌피딕15년700ml,양주와인>양주>위스키,양주와인,양주,위스키,사전예약,192,133,232.0,163,14,1,14,0,0,2025-04-01,2025-04-18,129000.0,13,14,232,8.589,8.589,7.9755,1.7444
990232,"세븐카페 금액권 10,000원",기타>판촉물>판촉물,기타,판촉물,판촉물,금액권,181,121,230.0,152,26,2,1,0,0,2025-04-02,2025-04-29,10000.0,24,1,230,17.1053,0.6579,15.7895,1.9008
062110,빙그레)닥터캡슐사과130ml,유음료>요구르트>기능성요구르트,유음료,요구르트,기능성요구르트,당일픽업,162,67,230.0,109,39,8,6,0,0,2025-04-01,2025-04-30,2300.0,31,6,230,35.7798,5.5046,28.4404,3.4328
600322,PB)버터갈릭바게트120g,과자>스낵류>일반스낵,과자,스낵류,일반스낵,당일픽업,172,67,229.0,109,42,16,5,0,0,2025-04-01,2025-04-30,1700.0,26,5,229,38.5321,4.5872,23.8532,3.4179
132221,농심)사천짜파게티큰사발,면>용기면>비빔/볶음면,면,용기면,비빔/볶음면,당일픽업,186,85,229.0,134,33,12,5,2,0,2025-04-01,2025-04-30,1800.0,21,3,229,24.6269,3.7313,15.6716,2.6941
061365,서울)딸기우유300ml,유음료>가공우유>딸기우유,유음료,가공우유,딸기우유,당일픽업,182,65,229.0,115,43,20,3,1,0,2025-04-01,2025-04-30,2100.0,23,2,229,37.3913,2.6087,20.0,3.5231
014247,더꽉찬직화불고기김밥,미반>김밥>말이김밥,미반,김밥,말이김밥,사전예약,181,81,228.0,128,33,12,7,1,0,2025-04-01,2025-04-30,3100.0,21,6,228,25.7812,5.4688,16.4062,2.8148
114906,크라운)츄러스84g,과자>스낵류>일반스낵,과자,스낵류,일반스낵,당일픽업,168,67,228.0,114,39,10,4,1,0,2025-04-01,2025-04-30,1500.0,29,3,228,34.2105,3.5088,25.4386,3.403
102863,롯데)빵빠레소프트바초코,아이스크림>노벨티>바,아이스크림,노벨티,바,당일픽업,183,86,227.0,130,30,12,10,1,0,2025-04-01,2025-04-30,1500.0,18,9,227,23.0769,7.6923,13.8462,2.6395
220653,오뚜기)오뚜기밥210g,가공식품>가공미반류>즉석밥,가공식품,가공미반류,즉석밥,당일픽업,176,64,227.0,101,48,23,3,1,0,2025-04-02,2025-04-30,2000.0,25,2,227,47.5248,2.9703,24.7525,3.5469
108705,롯데)의성마늘프랑크김밥,미반>김밥>말이김밥,미반,김밥,말이김밥,당일픽업,183,88,226.0,127,35,15,5,1,0,2025-04-01,2025-04-30,3200.0,20,4,226,27.5591,3.937,15.748,2.5682
108589,PB)착한닭가슴살(블랙페퍼),냉장>냉장간식>냉장 프로틴,냉장,냉장간식,냉장 프로틴,당일픽업,193,91,226.0,147,23,8,11,4,0,2025-04-01,2025-04-30,2300.0,15,7,226,15.6463,7.483,10.2041,2.4835
104390,크라운)콘칩1500,과자>스낵류>옥수수스낵,과자,스낵류,옥수수스낵,당일픽업,158,72,226.0,83,50,19,6,0,0,2025-04-01,2025-04-30,1500.0,31,6,226,60.241,7.2289,37.3494,3.1389
112120,크라운)새콤달콤포도29g,과자>캔디류>소프트캔디,과자,캔디류,소프트캔디,당일픽업,151,60,225.0,87,49,13,2,0,0,2025-04-01,2025-04-30,500.0,36,2,225,56.3218,2.2989,41.3793,3.75
061844,다논)액티비아업복숭아210ml,유음료>요구르트>기능성요구르트,유음료,요구르트,기능성요구르트,당일픽업,191,84,225.0,129,35,21,6,0,0,2025-04-01,2025-04-30,2200.0,14,6,225,27.1318,4.6512,10.8527,2.6786
125468,PB)자이언츠육각꼬깔콘고소한맛134g,과자>스낵류>옥수수스낵,과자,스낵류,옥수수스낵,당일픽업,180,112,225.0,120,0,0,55,5,0,2025-04-29,2025-04-30,3600.0,0,50,225,0.0,45.8333,0.0,2.0089
153136,CJ)비비고한식간장김자반20g,조미료/건물>건해산물>농수산건물,조미료/건물,건해산물,농수산건물,당일픽업,176,110,224.0,133,29,7,6,1,0,2025-04-01,2025-04-30,3200.0,22,5,224,21.8045,4.5113,16.5414,2.0364
109470,G)마루짱유부우동94g,면>용기면>라면(소형컵),면,용기면,라면(소형컵),당일픽업,163,77,224.0,100,31,10,21,1,0,2025-04-03,2025-04-30,3500.0,21,20,224,31.0,21.0,21.0,2.9091
109699,글렌피딕21년그랑레제르바700ml,양주와인>양주>위스키,양주와인,양주,위스키,사전예약,188,140,224.0,164,12,0,12,0,0,2025-04-01,2025-04-30,319000.0,12,12,224,7.3171,7.3171,7.3171,1.6
170865,빅웨이브캔24입,맥주>수입맥주>캔맥주(중),맥주,수입맥주,캔맥주(중),사전예약,169,95,223.0,134,25,2,8,0,0,2025-04-01,2025-04-30,60000.0,23,8,223,18.6567,5.9701,17.1642,2.3474
052864,후라이드한마리720g,즉석 식품>즉석치킨(삭제예정)>세트류_삭제예정,즉석 식품,즉석치킨(삭제예정),세트류_삭제예정,당일픽업,168,63,222.0,123,33,6,4,2,0,2025-04-01,2025-04-28,13900.0,27,2,222,26.8293,3.252,21.9512,3.5238
132164,농심)사리곰탕큰사발면,면>용기면>라면(대형컵),면,용기면,라면(대형컵),당일픽업,159,58,222.0,87,51,20,1,0,0,2025-04-01,2025-04-30,1500.0,31,1,222,58.6207,1.1494,35.6322,3.8276
013831,유부초밥&크림치즈롤,미반>김밥>트레이김밥,미반,김밥,트레이김밥,사전예약,202,143,219.0,186,10,2,3,1,0,2025-04-01,2025-04-30,9720.0,8,2,219,5.3763,1.6129,4.3011,1.5315
113132,믹터스 스몰배치 사워 매쉬 700ml,양주와인>양주>위스키,양주와인,양주,위스키,사전예약,188,130,219.0,162,11,0,13,2,0,2025-04-08,2025-04-30,85900.0,11,11,219,6.7901,8.0247,6.7901,1.6846
191828,CSR)텍스트북까버네750ml,양주와인>와인>레드,양주와인,와인,레드,당일픽업,196,61,216.5,170,8,1,13,3,1,2025-04-01,2025-04-30,59900.0,7,10,218,4.7059,7.6471,4.1176,3.5738
123407,삼립)잘익은참쑥이야기110g,빵>간식빵>간식용케익,빵,간식빵,간식용케익,당일픽업,172,63,217.0,133,24,6,9,0,0,2025-04-03,2025-04-30,2200.0,18,9,217,18.0451,6.7669,13.5338,3.4444
061660,매일)두유99.9 190ml,유음료>두유>팩두유,유음료,두유,팩두유,당일픽업,187,66,216.0,137,30,16,3,1,0,2025-04-01,2025-04-30,1400.0,14,2,216,21.8978,2.1898,10.219,3.2727
062575,PB)앙리마티스카페라떼250ml,유음료>컵커피>300ml 미만,유음료,컵커피,300ml 미만,당일픽업,164,57,216.0,116,37,11,0,0,0,2025-04-03,2025-04-30,3300.0,26,0,216,31.8966,0.0,22.4138,3.7895
124304,제이탑)큐브쫀득쿠키(초코쿠키)50g,디저트>냉장베이커리>냉장과자,디저트,냉장베이커리,냉장과자,당일픽업,161,62,215.0,116,33,7,4,1,0,2025-04-01,2025-04-30,3700.0,26,3,215,28.4483,3.4483,22.4138,3.4677
132168,농심)육개장사발면,면>용기면>라면(소형컵),면,용기면,라면(소형컵),교환권,138,62,214.0,92,39,3,4,0,0,2025-04-01,2025-04-30,1100.0,36,4,214,42.3913,4.3478,39.1304,3.4516
109107,그린)울트라더블빅불고기버거,조리빵>햄버거>햄버거,조리빵,햄버거,햄버거,당일픽업,180,78,214.0,119,36,21,4,0,0,2025-04-01,2025-04-30,3500.0,15,4,214,30.2521,3.3613,12.605,2.7436
123753,삼립)메가불고기에그버거,조리빵>햄버거>햄버거,조리빵,햄버거,햄버거,당일픽업,170,65,213.0,103,42,22,3,0,0,2025-04-01,2025-04-30,3500.0,20,3,213,40.7767,2.9126,19.4175,3.2769
107379,K)릴 에이블2 (코지버건디),담배>전자담배>전자담배(KT&G 릴),담배,전자담배,전자담배(KT&G 릴),당일픽업,162,82,212.0,133,27,2,0,0,0,2025-04-01,2025-04-30,88000.0,25,0,212,20.3008,0.0,18.797,2.5854
123413,클룹)제로소다피치500ml,음료>탄산음료>제로탄산,음료,탄산음료,제로탄산,당일픽업,158,65,211.0,100,37,14,7,0,0,2025-04-01,2025-04-30,2500.0,23,7,211,37.0,7.0,23.0,3.2462
014622,롯데)유부초밥4입,미반>초밥류>유부초밥,미반,초밥류,유부초밥,당일픽업,169,85,211.0,119,34,14,2,0,0,2025-04-01,2025-04-30,3200.0,20,2,211,28.5714,1.6807,16.8067,2.4824
114915,오리온)스윙칩핫볶음고추장맛150,과자>스낵류>감자스낵,과자,스낵류,감자스낵,당일픽업,142,51,210.0,69,49,16,6,2,0,2025-04-01,2025-04-30,1700.0,33,4,210,71.0145,8.6957,47.8261,4.1176
132839,삼양)맵탱흑후추소고기라면큰컵,면>용기면>라면(대형컵),면,용기면,라면(대형컵),당일픽업,161,89,210.0,106,36,12,5,2,0,2025-04-01,2025-04-30,1800.0,24,3,210,33.9623,4.717,22.6415,2.3596
141542,오뚜기)카레컵밥,가공식품>가공미반류>즉석컵밥,가공식품,가공미반류,즉석컵밥,당일픽업,165,55,210.0,115,34,13,3,0,0,2025-04-02,2025-04-30,5400.0,21,3,210,29.5652,2.6087,18.2609,3.8182
123110,치즈&치즈버거,조리빵>햄버거>햄버거,조리빵,햄버거,햄버거,사전예약,155,71,209.0,108,31,7,8,1,0,2025-04-01,2025-04-29,3000.0,24,7,209,28.7037,7.4074,22.2222,2.9437
124469,글렌드로낙캐스크바틀링1994 28년 700ml,양주와인>양주>위스키,양주와인,양주,위스키,사전예약,192,123,209.0,178,6,0,7,1,0,2025-04-09,2025-04-30,1280000.0,6,6,209,3.3708,3.9326,3.3708,1.6992
108482,매크로)코피코블리스터(커피맛),과자>캔디류>봉지캔디,과자,캔디류,봉지캔디,당일픽업,155,77,209.0,104,33,10,8,0,0,2025-04-01,2025-04-30,1000.0,23,8,209,31.7308,7.6923,22.1154,2.7143
107044,PB)오백바레모네이드맛70ml,아이스크림>노벨티>바,아이스크림,노벨티,바,당일픽업,161,87,209.0,114,31,10,6,0,0,2025-04-01,2025-04-30,500.0,21,6,209,27.193,5.2632,18.4211,2.4023
124171,랏소베어)랜덤키링set,과자>초콜릿>행사상품,과자,초콜릿,행사상품,사전예약,168,106,209.0,143,19,1,5,0,0,2025-04-01,2025-04-30,19900.0,18,5,209,13.2867,3.4965,12.5874,1.9717
062539,남양)아몬드데이언스위트190ml,유음료>기능성우유>기능성 음료,유음료,기능성우유,기능성 음료,당일픽업,164,79,207.0,105,35,16,7,1,0,2025-04-01,2025-04-30,1700.0,19,6,207,33.3333,6.6667,18.0952,2.6203
124433,농심)누들핏튀김우동맛,면>용기면>숙면/건면,면,용기면,숙면/건면,당일픽업,173,86,207.0,131,28,11,2,1,0,2025-04-01,2025-04-30,1800.0,17,1,207,21.374,1.5267,12.9771,2.407
082505,삼립)크림빵75g,빵>간식빵>과자빵,빵,간식빵,과자빵,당일픽업,141,49,206.0,83,43,10,3,2,0,2025-04-04,2025-04-30,1600.0,33,1,206,51.8072,3.6145,39.759,4.2041
106025,서주)허쉬초코앤쿠키콘150ml,아이스크림>노벨티>콘,아이스크림,노벨티,콘,당일픽업,166,66,206.0,110,26,12,16,2,0,2025-04-01,2025-04-30,3000.0,14,14,206,23.6364,14.5455,12.7273,3.1212
115744,오리온)초코파이2입,과자>비스킷류>파이,과자,비스킷류,파이,당일픽업,159,54,205.0,84,46,25,4,0,0,2025-04-01,2025-04-30,900.0,21,4,205,54.7619,4.7619,25.0,3.7963
109526,마즈)트윅스헤이즐넛50g,과자>초콜릿>바초콜릿,과자,초콜릿,바초콜릿,당일픽업,160,55,204.0,117,28,9,6,0,0,2025-04-01,2025-04-28,1500.0,19,6,204,23.9316,5.1282,16.2393,3.7091
105291,25년)얼음컵(벤티),즉석음료>얼음>컵얼음,즉석음료,얼음,컵얼음,당일픽업,153,59,204.0,80,44,21,7,1,0,2025-04-01,2025-04-30,1400.0,23,6,204,55.0,8.75,28.75,3.4576
220308,CJ)둥근햇반210g,가공식품>가공미반류>즉석밥,가공식품,가공미반류,즉석밥,교환권,156,105,203.0,122,25,4,5,0,0,2025-04-01,2025-04-30,2100.0,21,5,203,20.4918,4.0984,17.2131,1.9333
124118,오뚜기)컵누들짬뽕맛소컵,면>용기면>숙면/건면,면,용기면,숙면/건면,당일픽업,161,56,203.0,109,32,13,6,1,0,2025-04-03,2025-04-30,1800.0,19,5,203,29.3578,5.5046,17.4312,3.625
109007,PB)피스타치오바크씬80g,과자>초콜릿>봉지초콜릿,과자,초콜릿,봉지초콜릿,당일픽업,168,64,203.0,123,23,9,11,2,0,2025-04-03,2025-04-30,4000.0,14,9,203,18.6992,8.9431,11.3821,3.1719
118342,농심)벌집핏자90g,과자>스낵류>일반스낵,과자,스낵류,일반스낵,당일픽업,166,69,202.0,83,49,32,2,0,0,2025-04-01,2025-04-30,1700.0,17,2,202,59.0361,2.4096,20.4819,2.9275
124474,위드)유니프믹스베리주스200ml,유음료>냉장주스>냉장주스(소),유음료,냉장주스,냉장주스(소),당일픽업,137,76,201.0,96,32,1,6,2,0,2025-04-01,2025-04-30,2200.0,31,4,201,33.3333,6.25,32.2917,2.6447
121872,이노엔)컨디션환1입,건강/기호식품>숙취해소제>환제형,건강/기호식품,숙취해소제,환제형,당일픽업,146,71,200.0,100,35,9,2,0,0,2025-04-01,2025-04-30,2900.0,26,2,200,35.0,2.0,26.0,2.8169
123589,롯데)모둠초밥정식,미반>초밥류>초밥,미반,초밥류,초밥,당일픽업,184,84,200.0,148,16,9,8,3,0,2025-04-01,2025-04-29,6500.0,7,5,200,10.8108,5.4054,4.7297,2.381
070091,서울)흰우유500ml,유음료>흰우유>흰우유(중),유음료,흰우유,흰우유(중),당일픽업,144,47,199.0,78,43,16,5,2,0,2025-04-01,2025-04-30,2200.0,27,3,199,55.1282,6.4103,34.6154,4.234
118926,동서)리츠크래커(초코)77g,과자>비스킷류>크래커,과자,비스킷류,크래커,당일픽업,156,71,199.0,97,35,16,7,1,0,2025-04-01,2025-04-30,2000.0,19,6,199,36.0825,7.2165,19.5876,2.8028
123137,롯데)우유크림소금빵120g,디저트>냉장베이커리>냉장빵,디저트,냉장베이커리,냉장빵,당일픽업,160,73,198.0,111,22,8,16,3,0,2025-04-01,2025-04-30,3500.0,14,13,198,19.8198,14.4144,12.6126,2.7123
202732,PB)내몸애70% 500ml,음료>생수>500ml이하,음료,생수,500ml이하,당일픽업,164,77,197.0,101,36,21,5,1,0,2025-04-01,2025-04-30,700.0,15,4,197,35.6436,4.9505,14.8515,2.5584
060929,서울)흰우유1.8L,유음료>흰우유>흰우유(대),유음료,흰우유,흰우유(대),당일픽업,139,50,197.0,87,36,8,6,2,0,2025-04-02,2025-04-30,6200.0,28,4,197,41.3793,6.8966,32.1839,3.94
061713,덴마크)바나바나우유300ml,유음료>가공우유>바나나우유,유음료,가공우유,바나나우유,당일픽업,156,38,197.0,110,31,12,3,0,0,2025-04-04,2025-04-30,2100.0,19,3,197,28.1818,2.7273,17.2727,5.1842
150929,해태)누가바70ml,아이스크림>노벨티>바,아이스크림,노벨티,바,당일픽업,144,62,196.0,86,39,13,4,2,0,2025-04-01,2025-04-30,1500.0,26,2,196,45.3488,4.6512,30.2326,3.1613
113158,조니워커 18년 750ml,양주와인>양주>위스키,양주와인,양주,위스키,사전예약,165,97,195.0,138,15,2,8,2,0,2025-04-01,2025-04-30,139000.0,13,6,195,10.8696,5.7971,9.4203,2.0103
105003,옛날치킨한마리550g,즉석 식품>즉석치킨(삭제예정)>세트류_삭제예정,즉석 식품,즉석치킨(삭제예정),세트류_삭제예정,당일픽업,150,67,194.0,120,23,2,4,1,0,2025-04-01,2025-04-30,10900.0,21,3,194,19.1667,3.3333,17.5,2.8955
124706,지지)XXL슈퍼슈프림피자,간식>냉장피자>냉장피자,간식,냉장피자,냉장피자,당일픽업,162,58,193.0,104,27,10,13,8,0,2025-04-04,2025-04-30,3900.0,17,5,193,25.9615,12.5,16.3462,3.3276
083772,PB)고소한버터도넛40g,빵>구움과자>구움과자,빵,구움과자,구움과자,당일픽업,151,79,193.0,95,34,15,6,1,0,2025-04-01,2025-04-30,1300.0,19,5,193,35.7895,6.3158,20.0,2.443
053205,매콤숯불닭꼬치,즉석 식품>즉석치킨>꼬치류,즉석 식품,즉석치킨,꼬치류,당일픽업,141,50,193.0,80,39,15,6,1,0,2025-04-01,2025-04-30,2500.0,24,5,193,48.75,7.5,30.0,3.86
116155,해태)자가비짭짤한맛45g,과자>스낵류>감자스낵,과자,스낵류,감자스낵,당일픽업,140,51,193.0,102,30,4,3,1,0,2025-04-06,2025-04-30,2000.0,26,2,193,29.4118,2.9412,25.4902,3.7843
106555,종근당)멀티비타부스터샷20ML,건강/기호식품>건강/이너뷰티>일반건강식품 ,건강/기호식품,건강/이너뷰티,일반건강식품 ,당일픽업,144,45,192.0,112,25,3,4,0,0,2025-04-02,2025-04-30,3800.0,22,4,192,22.3214,3.5714,19.6429,4.2667
083771,PB)쏘스윗카스테라160g,빵>간식빵>간식용케익,빵,간식빵,간식용케익,당일픽업,161,84,192.0,117,26,13,5,0,0,2025-04-04,2025-04-30,4200.0,13,5,192,22.2222,4.2735,11.1111,2.2857
124853,토트넘 홋스퍼 짐색,패션잡화>시즌/소품>기타,패션잡화,시즌/소품,기타,사전예약,155,81,192.0,130,18,2,5,0,0,2025-04-01,2025-04-13,17100.0,16,5,192,13.8462,3.8462,12.3077,2.3704
083821,삼립)신선가득꿀호떡200g,빵>간식빵>과자빵,빵,간식빵,과자빵,당일픽업,146,63,191.0,88,35,14,7,2,0,2025-04-03,2025-04-30,2300.0,21,5,191,39.7727,7.9545,23.8636,3.0317
125469,PB)자이언츠육각꼬깔콘군옥수수맛134g,과자>스낵류>옥수수스낵,과자,스낵류,옥수수스낵,당일픽업,140,84,191.0,86,0,0,53,1,0,2025-04-29,2025-04-30,3600.0,0,52,191,0.0,61.6279,0.0,2.2738
124489,안유성)나폴리탄파스타230g,간식>냉장피자>파스타/그라탕,간식,냉장피자,파스타/그라탕,당일픽업,143,66,190.0,101,29,7,5,1,0,2025-04-03,2025-04-30,4000.0,22,4,190,28.7129,4.9505,21.7822,2.8788
083847,삼립)주종발효단팥크림빵115g,빵>간식빵>과자빵,빵,간식빵,과자빵,당일픽업,135,56,190.0,84,37,11,3,0,0,2025-04-04,2025-04-30,1800.0,26,3,190,44.0476,3.5714,30.9524,3.3929
107684,K리그)산리오캐리어(포차코),과자>캔디류>행사상품,과자,캔디류,행사상품,당일픽업,171,80,189.0,151,7,2,10,1,0,2025-04-01,2025-04-30,29900.0,5,9,189,4.6358,6.6225,3.3113,2.3625
052884,대향)군고구마,즉석 식품>즉석간식>군고구마,즉석 식품,즉석간식,군고구마,당일픽업,144,56,189.0,95,35,13,1,0,0,2025-04-01,2025-04-30,2200.0,22,1,189,36.8421,1.0526,23.1579,3.375
123921,그린)머쉬룸투움바비프버거,조리빵>햄버거>햄버거,조리빵,햄버거,햄버거,당일픽업,151,56,189.0,91,38,20,2,0,0,2025-04-01,2025-04-30,3500.0,18,2,189,41.7582,2.1978,19.7802,3.375
132281,PB)우리쌀누룽지(큰컵),가공식품>가공미반류>쌀가공식,가공식품,가공미반류,쌀가공식,당일픽업,149,56,189.0,95,31,11,8,4,0,2025-04-01,2025-04-30,2300.0,20,4,189,32.6316,8.4211,21.0526,3.375
124727,SB)닭가슴살타코랩샌드,조리빵>샐러드모닝랩>샐러드랩,조리빵,샐러드모닝랩,샐러드랩,당일픽업,169,83,188.0,142,16,8,3,0,0,2025-04-03,2025-04-30,3900.0,8,3,188,11.2676,2.1127,5.6338,2.2651
117267,마즈)이클립스복숭아31g,과자>캔디류>기능성캔디,과자,캔디류,기능성캔디,당일픽업,145,56,188.0,92,35,15,3,0,0,2025-04-01,2025-04-30,3300.0,20,3,188,38.0435,3.2609,21.7391,3.3571
112100,오리온)포카칩양파맛60g,과자>스낵류>감자스낵,과자,스낵류,감자스낵,당일픽업,125,52,188.0,68,39,10,7,1,0,2025-04-01,2025-04-30,1700.0,29,6,188,57.3529,10.2941,42.6471,3.6154
053120,모짜쫀득치즈볼,즉석 식품>즉석치킨>기타류 ,즉석 식품,즉석치킨,기타류 ,당일픽업,136,63,188.0,94,31,7,4,0,0,2025-04-01,2025-04-30,600.0,24,4,188,32.9787,4.2553,25.5319,2.9841
124807,PB)버터스노우롤140g(4입),빵>간식빵>과자빵,빵,간식빵,과자빵,당일픽업,157,68,188.0,110,20,5,15,7,0,2025-04-07,2025-04-30,3200.0,15,8,188,18.1818,13.6364,13.6364,2.7647
070813,매일)바리스타에스프레소250ml,유음료>컵커피>300ml 미만,유음료,컵커피,300ml 미만,당일픽업,134,36,188.0,95,33,6,0,0,0,2025-04-01,2025-04-30,2900.0,27,0,188,34.7368,0.0,28.4211,5.2222
070730,매일)바리스타모카프레소250ml,유음료>컵커피>300ml 미만,유음료,컵커피,300ml 미만,당일픽업,156,52,188.0,111,29,14,2,0,0,2025-04-01,2025-04-30,2900.0,15,2,188,26.1261,1.8018,13.5135,3.6154
062337,빙그레)더단백초코250ml,유음료>프로틴 음료>250ml 이상 ,유음료,프로틴 음료,250ml 이상 ,당일픽업,130,44,187.0,80,34,7,7,2,0,2025-04-01,2025-04-30,2900.0,27,5,187,42.5,8.75,33.75,4.25
230018,동서)맥심모카골드20입,건강/기호식품>커피>믹스커피,건강/기호식품,커피,믹스커피,당일픽업,135,49,186.0,75,39,14,5,2,0,2025-04-01,2025-04-30,5700.0,25,3,186,52.0,6.6667,33.3333,3.7959
106706,풍림)캐러멜커스터드푸딩120g,디저트>젤리>푸딩,디저트,젤리,푸딩,당일픽업,171,117,186.0,153,6,2,9,1,0,2025-04-01,2025-04-30,3000.0,4,8,186,3.9216,5.8824,2.6144,1.5897
062133,매일)두유검은콩190ml,유음료>두유>팩두유,유음료,두유,팩두유,당일픽업,147,51,186.0,105,30,11,1,0,0,2025-04-01,2025-04-30,1400.0,19,1,186,28.5714,0.9524,18.0952,3.6471
124468,글렌드로낙캐스크바틀링1993 30년 700ml,양주와인>양주>위스키,양주와인,양주,위스키,사전예약,177,115,186.0,169,1,0,7,0,0,2025-04-09,2025-04-30,1720000.0,1,7,186,0.5917,4.142,0.5917,1.6174
105780,하림)더미식묵은지두부김치찌개350g,가공식품>상온간편식>레토르트 국탕찌개,가공식품,상온간편식,레토르트 국탕찌개,당일픽업,171,128,186.0,150,9,4,7,1,0,2025-04-01,2025-04-29,5500.0,5,6,186,6.0,4.6667,3.3333,1.4531
202503,동원)테이크얼라이브망고500ml,음료>주스>주스(중),음료,주스,주스(중),당일픽업,143,66,185.0,95,33,13,2,0,0,2025-04-01,2025-04-30,2500.0,20,2,185,34.7368,2.1053,21.0526,2.803
124621,하림)오늘단백돌체라떼250ml,유음료>프로틴 음료>250ml 이상 ,유음료,프로틴 음료,250ml 이상 ,당일픽업,160,17,184.0,115,27,16,2,0,0,2025-04-05,2025-04-30,2900.0,11,2,184,23.4783,1.7391,9.5652,10.8235
133747,PB)미니단무지120g,냉장>냉장간편식>김치/단무지,냉장,냉장간편식,김치/단무지,당일픽업,154,75,184.0,92,34,19,6,3,0,2025-04-01,2025-04-30,1400.0,15,3,184,36.9565,6.5217,16.3043,2.4533
110724,크라운)콘치66g,과자>스낵류>옥수수스낵,과자,스낵류,옥수수스낵,당일픽업,135,60,182.0,86,31,9,7,2,0,2025-04-01,2025-04-30,1500.0,22,5,182,36.0465,8.1395,25.5814,3.0333
070123,정식품)베지밀A(병)190ml,유음료>두유>병두유,유음료,두유,병두유,당일픽업,123,48,182.0,75,35,8,5,0,0,2025-04-01,2025-04-30,1800.0,27,5,182,46.6667,6.6667,36.0,3.7917
210058, 팔도)김치왕뚜껑,면>용기면>라면(대형컵),면,용기면,라면(대형컵),당일픽업,125,52,182.0,68,39,13,5,0,0,2025-04-01,2025-04-30,1500.0,26,5,182,57.3529,7.3529,38.2353,3.5
202371,칠성)칠성사이다제로500ml,음료>탄산음료>제로탄산,음료,탄산음료,제로탄산,당일픽업,171,112,182.0,105,35,29,1,1,0,2025-04-01,2025-04-30,2300.0,6,0,182,33.3333,0.9524,5.7143,1.625
117090,농심)신라면툼바봉지,면>봉지면>비빔/볶음면,면,봉지면,비빔/볶음면,당일픽업,164,31,181.0,89,41,32,1,1,0,2025-04-04,2025-04-30,1500.0,9,0,181,46.0674,1.1236,10.1124,5.8387
141397,CJ)비비고한우사골곰탕500g,가공식품>상온간편식>레토르트 국탕찌개,가공식품,상온간편식,레토르트 국탕찌개,당일픽업,141,52,181.0,97,29,11,4,0,0,2025-04-01,2025-04-30,3200.0,18,4,181,29.8969,4.1237,18.5567,3.4808
125119,럭히밥떡볶이김밥,미반>김밥>말이김밥,미반,김밥,말이김밥,사전예약,139,78,180.0,108,22,4,5,0,0,2025-04-18,2025-04-30,3000.0,18,5,180,20.3704,4.6296,16.6667,2.3077
211385,빙그레)부드러운빵또아180ml,아이스크림>노벨티>모나카,아이스크림,노벨티,모나카,당일픽업,135,49,180.0,87,33,12,3,0,0,2025-04-01,2025-04-30,2500.0,21,3,180,37.931,3.4483,24.1379,3.6735
108365,우진)지오도라퀸타20/21 750ml,양주와인>와인>레드,양주와인,와인,레드,당일픽업,175,101,179.0,154,7,5,6,3,0,2025-04-01,2025-04-30,74900.0,2,3,179,4.5455,3.8961,1.2987,1.7723
600593,PB)고구마형스낵138g,과자>스낵류>전통스낵,과자,스낵류,전통스낵,당일픽업,127,54,179.0,71,38,13,4,1,0,2025-04-01,2025-04-30,1600.0,25,3,179,53.5211,5.6338,35.2113,3.3148
083856,삼립)잘익은찰옥수수이야기110g,빵>간식빵>간식용케익,빵,간식빵,간식용케익,당일픽업,141,64,179.0,105,20,5,10,1,0,2025-04-03,2025-04-30,2200.0,15,9,179,19.0476,9.5238,14.2857,2.7969
124777,오뚜기)열치즈라면큰컵,면>용기면>라면(대형컵),면,용기면,라면(대형컵),당일픽업,143,59,179.0,98,30,13,2,0,0,2025-04-03,2025-04-30,2000.0,17,2,179,30.6122,2.0408,17.3469,3.0339
191767,디아)라가불린16년700ml,양주와인>양주>위스키,양주와인,양주,위스키,당일픽업,168,78,178.0,155,6,0,4,3,0,2025-04-01,2025-04-30,159000.0,6,1,178,3.871,2.5806,3.871,2.2821
125111,뚠뚠치킨&에그샌드,조리빵>샌드위치>샌드위치,조리빵,샌드위치,샌드위치,사전예약,148,81,178.0,125,16,3,4,0,0,2025-04-15,2025-04-30,3500.0,13,4,178,12.8,3.2,10.4,2.1975
600349,PB)신당동떡볶이스낵132g,과자>스낵류>일반스낵,과자,스낵류,일반스낵,당일픽업,139,63,177.0,78,37,20,4,0,0,2025-04-01,2025-04-30,1500.0,17,4,177,47.4359,5.1282,21.7949,2.8095
124509,신세계)프레스코발디 니포짜노끼안티21 ,양주와인>와인>레드,양주와인,와인,레드,당일픽업,164,61,177.0,151,9,2,1,1,0,2025-04-01,2025-04-30,37400.0,7,0,177,5.9603,0.6623,4.6358,2.9016
107159,서울)커피타운모카250ml,유음료>컵커피>300ml 미만,유음료,컵커피,300ml 미만,당일픽업,133,62,174.5,90,30,10,2,0,1,2025-04-01,2025-04-30,2600.0,20,2,176,33.3333,2.2222,22.2222,2.8387
124877,토트넘 No.7 마킹 네이비 티셔츠_105,패션잡화>시즌/소품>기타,패션잡화,시즌/소품,기타,사전예약,165,129,176.0,153,8,3,1,0,0,2025-04-01,2025-04-11,55200.0,5,1,176,5.2288,0.6536,3.268,1.3643
161186,코카)코카콜라500ml,음료>탄산음료>콜라(중),음료,탄산음료,콜라(중),당일픽업,122,54,176.0,74,36,9,2,1,0,2025-04-01,2025-04-30,2400.0,27,1,176,48.6486,2.7027,36.4865,3.2593
124977,오뚜기)콘크림스프크리스피롤55g,과자>스낵류>옥수수스낵,과자,스낵류,옥수수스낵,당일픽업,117,45,176.0,67,33,7,9,1,0,2025-04-03,2025-04-30,1800.0,26,8,176,49.2537,13.4328,38.806,3.9111
111179,CJ)만능계란볶음밥200g,냉동>냉동간편식>냉동밥,냉동,냉동간편식,냉동밥,당일픽업,142,72,176.0,114,18,4,6,0,0,2025-04-01,2025-04-30,4500.0,14,6,176,15.7895,5.2632,12.2807,2.4444
124764,삼립)순백우유식빵(6입),빵>식빵>식빵,빵,식빵,식빵,당일픽업,138,51,175.0,101,24,6,5,2,0,2025-04-05,2025-04-30,2500.0,18,3,175,23.7624,4.9505,17.8218,3.4314
109698,글렌피딕18년700ml,양주와인>양주>위스키,양주와인,양주,위스키,사전예약,149,96,173.5,128,11,1,7,1,1,2025-04-01,2025-04-30,219000.0,10,6,175,8.5938,5.4688,7.8125,1.8229
052908,농협)군고구마,즉석 식품>즉석간식>군고구마,즉석 식품,즉석간식,군고구마,당일픽업,130,48,175.0,94,27,6,3,0,0,2025-04-01,2025-04-30,2200.0,21,3,175,28.7234,3.1915,22.3404,3.6458
202782,칠성)핫식스더킹퍼플355ml,음료>기능성드링크>에너지음료,음료,기능성드링크,에너지음료,당일픽업,133,56,174.0,84,34,14,1,0,0,2025-04-01,2025-04-30,2300.0,20,1,174,40.4762,1.1905,23.8095,3.1071
119524,PB)고메버터팝콘90g,과자>스낵류>옥수수스낵,과자,스낵류,옥수수스낵,당일픽업,137,80,174.0,96,23,8,9,1,0,2025-04-01,2025-04-30,2000.0,15,8,174,23.9583,9.375,15.625,2.175
108606,롯데)앙리마티스트리벤토재즈750ml,양주와인>와인>레드,양주와인,와인,레드,당일픽업,159,64,174.0,140,8,1,7,3,0,2025-04-01,2025-04-30,13900.0,7,4,174,5.7143,5.0,5.0,2.7188
124391,그린)듬뿍크래미유부초밥,미반>초밥류>유부초밥,미반,초밥류,유부초밥,당일픽업,138,62,174.0,95,29,12,2,0,0,2025-04-01,2025-04-30,3500.0,17,2,174,30.5263,2.1053,17.8947,2.8065
061717,매일)바리스타바닐라빈라떼325ml,유음료>컵커피>300ml 이상,유음료,컵커피,300ml 이상,당일픽업,132,32,174.0,107,23,2,0,0,0,2025-04-01,2025-04-30,3500.0,21,0,174,21.4953,0.0,19.6262,5.4375
106470,PB)산리오복숭아아이스티제로350ml,음료>주스>주스(중),음료,주스,주스(중),당일픽업,137,67,174.0,101,22,5,7,2,0,2025-04-01,2025-04-30,2800.0,17,5,174,21.7822,6.9307,16.8317,2.597
105641,동원)쿨피스에이드복숭아300ml,유음료>냉장주스>유산균음료,유음료,냉장주스,유산균음료,당일픽업,127,58,174.0,83,33,10,1,0,0,2025-04-01,2025-04-30,2000.0,23,1,174,39.759,1.2048,27.7108,3.0
073305,CJ)닭가슴살소시지(청양고추)80g,냉장>냉장간식>냉장 프로틴,냉장,냉장간식,냉장 프로틴,당일픽업,138,59,174.0,100,25,9,4,0,0,2025-04-01,2025-04-30,2900.0,16,4,174,25.0,4.0,16.0,2.9492
132848,삼양)맵탱청양고추대파라면큰컵,면>용기면>라면(대형컵),면,용기면,라면(대형컵),교환권,120,51,173.0,77,31,6,5,1,0,2025-04-01,2025-04-30,1800.0,25,4,173,40.2597,6.4935,32.4675,3.3922
141021,오뚜기)참치마요덮밥(컵밥),가공식품>가공미반류>즉석컵밥,가공식품,가공미반류,즉석컵밥,당일픽업,130,34,172.0,95,28,7,0,0,0,2025-04-04,2025-04-29,5400.0,21,0,172,29.4737,0.0,22.1053,5.0588
124511,우진)르볼테21/22 750ml,양주와인>와인>레드,양주와인,와인,레드,당일픽업,169,85,172.0,134,7,7,15,6,0,2025-04-01,2025-04-30,39900.0,0,9,172,5.2239,11.194,0.0,2.0235
124048,미스티)마이초코23g,과자>초콜릿>어린이초콜릿,과자,초콜릿,어린이초콜릿,당일픽업,142,69,171.0,109,20,7,5,1,0,2025-04-01,2025-04-30,500.0,13,4,171,18.3486,4.5872,11.9266,2.4783
161092,오츠카)포카리스웨트620ml,음료>스포츠음료>스포츠음료(중),음료,스포츠음료,스포츠음료(중),당일픽업,117,54,170.0,72,32,8,5,0,0,2025-04-01,2025-04-30,2600.0,24,5,170,44.4444,6.9444,33.3333,3.1481
150954,해태)부라보바닐라160ml,아이스크림>노벨티>콘,아이스크림,노벨티,콘,당일픽업,119,41,170.0,76,32,8,3,0,0,2025-04-01,2025-04-30,2500.0,24,3,170,42.1053,3.9474,31.5789,4.1463
109458,그린)탱글탱글새우버거,조리빵>햄버거>햄버거,조리빵,햄버거,햄버거,당일픽업,144,67,170.0,95,28,16,4,1,0,2025-04-01,2025-04-30,3600.0,12,3,170,29.4737,4.2105,12.6316,2.5373
180999,북극곰의눈물720ml*2입세트,전통주>기타전통주>중국/일본주,전통주,기타전통주,중국/일본주,사전예약,149,99,170.0,127,11,1,7,3,0,2025-04-01,2025-04-30,48000.0,10,4,170,8.6614,5.5118,7.874,1.7172
106426,칠성)오트몬드프로틴190ml,유음료>프로틴 음료>250ml 미만,유음료,프로틴 음료,250ml 미만,당일픽업,139,63,169.0,95,25,13,6,0,0,2025-04-01,2025-04-30,2000.0,12,6,169,26.3158,6.3158,12.6316,2.6825
600605,PB)파이리달콤한초코별82g,과자>스낵류>일반스낵,과자,스낵류,일반스낵,당일픽업,133,67,169.0,80,31,15,6,1,0,2025-04-01,2025-04-30,2000.0,16,5,169,38.75,7.5,20.0,2.5224
123946,머쉬룸투움바비프버거,조리빵>햄버거>햄버거,조리빵,햄버거,햄버거,사전예약,145,91,168.0,112,17,7,7,2,0,2025-04-01,2025-04-29,3500.0,10,5,168,15.1786,6.25,8.9286,1.8462
192115,탈리스커10년700ml,양주와인>양주>위스키,양주와인,양주,위스키,사전예약,139,99,168.0,118,11,1,9,0,0,2025-04-01,2025-04-30,73900.0,10,9,168,9.322,7.6271,8.4746,1.697
106003,코카)환타제로오렌지355ml(캔),음료>탄산음료>제로탄산,음료,탄산음료,제로탄산,당일픽업,122,48,167.0,69,34,12,5,2,0,2025-04-02,2025-04-30,1700.0,22,3,167,49.2754,7.2464,31.8841,3.4792
124330,샤또 꼬스데스뚜르넬18,양주와인>와인>레드,양주와인,와인,레드,사전예약,152,92,167.0,137,6,1,7,1,0,2025-04-01,2025-04-30,370880.0,5,6,167,4.3796,5.1095,3.6496,1.8152
109812,PB)옳곡땅콩버터생크림빵65g,디저트>냉장베이커리>냉장빵,디저트,냉장베이커리,냉장빵,당일픽업,141,65,165.5,99,20,11,9,1,1,2025-04-01,2025-04-30,2400.0,9,8,167,20.202,9.0909,9.0909,2.5692
107819,K리그산리오)인형 키링_한교동,문구/완구>일반완구>일반완구,문구/완구,일반완구,일반완구,당일픽업,137,75,167.0,121,14,0,2,0,0,2025-04-01,2025-04-30,15000.0,14,2,167,11.5702,1.6529,11.5702,2.2267
105781,아사히)아사히쇼쿠사이340ml캔,맥주>수입맥주>캔맥주(소),맥주,수입맥주,캔맥주(소),당일픽업,146,86,167.0,116,18,7,3,2,0,2025-04-01,2025-04-30,4900.0,11,1,167,15.5172,2.5862,9.4828,1.9419
104486,롯데)몽쉘카카오3300,과자>비스킷류>파이,과자,비스킷류,파이,당일픽업,128,48,166.0,82,28,12,6,0,0,2025-04-01,2025-04-30,3500.0,16,6,166,34.1463,7.3171,19.5122,3.4583
109276,롯데)뚠뚠햄치즈&참치샌드,조리빵>샌드위치>샌드위치,조리빵,샌드위치,샌드위치,당일픽업,144,58,166.0,91,32,21,0,0,0,2025-04-01,2025-04-14,3400.0,11,0,166,35.1648,0.0,12.0879,2.8621
106073,언노운)드보오마주블랑드누아750ml,양주와인>와인>스파클링(샴페인),양주와인,와인,스파클링(샴페인),당일픽업,157,103,165.0,139,2,1,12,3,0,2025-04-01,2025-04-30,65900.0,1,9,165,1.4388,8.6331,0.7194,1.6019
122641,히말라야)파티스마트츄2입,건강/기호식품>숙취해소제>기타제형,건강/기호식품,숙취해소제,기타제형,당일픽업,132,72,164.0,100,18,4,8,2,0,2025-04-01,2025-04-30,3500.0,14,6,164,18.0,8.0,14.0,2.2778
122909,오뚜기)종로식도가니탕500g,가공식품>상온간편식>레토르트 국탕찌개,가공식품,상온간편식,레토르트 국탕찌개,당일픽업,144,90,163.0,124,11,4,5,0,0,2025-04-01,2025-04-30,10900.0,7,5,163,8.871,4.0323,5.6452,1.8111
201127,HK)컨디션헛개수500ml,음료>차음료>기타차,음료,차음료,기타차,당일픽업,106,42,163.0,64,33,6,3,0,0,2025-04-01,2025-04-30,2500.0,27,3,163,51.5625,4.6875,42.1875,3.881
109520,롯데)더커진유부초밥6입,미반>초밥류>유부초밥,미반,초밥류,유부초밥,당일픽업,140,61,163.0,97,19,5,11,8,0,2025-04-01,2025-04-30,4900.0,14,3,163,19.5876,11.3402,14.433,2.6721
170289,하이트)하이트제로355ml캔,맥주>무알콜맥주>무알콜맥주(국산),맥주,무알콜맥주,무알콜맥주(국산),당일픽업,138,54,162.0,94,25,12,4,3,0,2025-04-02,2025-04-30,2000.0,13,1,162,26.5957,4.2553,13.8298,3.0
202624,웅진)자연은더말린자몽500ml,음료>주스>주스(중),음료,주스,주스(중),당일픽업,115,52,162.0,74,30,8,3,0,0,2025-04-01,2025-04-30,2500.0,22,3,162,40.5405,4.0541,29.7297,3.1154
115640,롯데)롯데샌드105g,과자>비스킷류>쿠키,과자,비스킷류,쿠키,교환권,144,112,162.0,126,12,2,2,2,0,2025-04-01,2025-04-30,1700.0,10,0,162,9.5238,1.5873,7.9365,1.4464
109649,야구장크림새우,즉석 식품>즉석치킨(삭제예정)>세트류_삭제예정,즉석 식품,즉석치킨(삭제예정),세트류_삭제예정,당일픽업,130,56,162.0,103,20,4,2,1,0,2025-04-01,2025-04-29,9900.0,16,1,162,19.4175,1.9417,15.534,2.8929
109616,PB)착한핫도그75g,냉동>조리냉동>냉동간식류,냉동,조리냉동,냉동간식류,당일픽업,120,49,162.0,73,28,11,8,0,0,2025-04-01,2025-04-30,1300.0,17,8,162,38.3562,10.9589,23.2877,3.3061
109555,PB)착한요구르트280ml,유음료>요구르트>드링킹요구르트,유음료,요구르트,드링킹요구르트,당일픽업,132,58,162.0,80,29,16,6,1,0,2025-04-01,2025-04-30,1600.0,13,5,162,36.25,7.5,16.25,2.7931
124475,위드)유니프그린베지주스200ml,유음료>냉장주스>냉장주스(소),유음료,냉장주스,냉장주스(소),당일픽업,111,61,161.0,76,27,4,4,0,0,2025-04-01,2025-04-30,2200.0,23,4,161,35.5263,5.2632,30.2632,2.6393
114611,해태)허니버터칩60g,과자>스낵류>감자스낵,과자,스낵류,감자스낵,당일픽업,108,48,161.0,55,36,11,5,1,0,2025-04-01,2025-04-30,1700.0,25,4,161,65.4545,9.0909,45.4545,3.3542
201711,코카)몬스터에너지(울트라)355ml,음료>기능성드링크>에너지음료,음료,기능성드링크,에너지음료,당일픽업,120,62,161.0,82,27,8,3,0,0,2025-04-01,2025-04-30,2300.0,19,3,161,32.9268,3.6585,23.1707,2.5968
202366,빙그레)아카페라헤이즐넛1L,음료>커피음료>PET커피,음료,커피음료,PET커피,당일픽업,116,45,160.0,76,28,7,4,1,0,2025-04-01,2025-04-30,4200.0,21,3,160,36.8421,5.2632,27.6316,3.5556
140523,CJ)햇반황태국밥(컵반),가공식품>가공미반류>즉석컵밥,가공식품,가공미반류,즉석컵밥,교환권,109,55,160.0,81,26,1,1,0,0,2025-04-01,2025-04-29,4800.0,25,1,160,32.0988,1.2346,30.8642,2.9091
113846,오리온)닥터유다이제2000,과자>비스킷류>쿠키,과자,비스킷류,쿠키,당일픽업,121,34,159.0,67,35,17,2,0,0,2025-04-01,2025-04-30,2000.0,18,2,159,52.2388,2.9851,26.8657,4.6765
160141,오츠카)포카리스웨트1.5L,음료>스포츠음료>스포츠음료(대),음료,스포츠음료,스포츠음료(대),당일픽업,107,45,159.0,68,31,6,2,0,0,2025-04-02,2025-04-30,3900.0,25,2,159,45.5882,2.9412,36.7647,3.5333
125278,트윈샐러드샌드,조리빵>샌드위치>기타 ,조리빵,샌드위치,기타 ,사전예약,134,78,159.0,114,14,3,3,0,0,2025-04-23,2025-04-30,3500.0,11,3,159,12.2807,2.6316,9.6491,2.0385
108653, 네슬레)다막바클라바60G,과자>초콜릿>판초콜릿,과자,초콜릿,판초콜릿,당일픽업,141,69,159.0,84,30,22,4,1,0,2025-04-01,2025-04-30,3900.0,8,3,159,35.7143,4.7619,9.5238,2.3043
061662,동서)스타벅스라떼270ml,유음료>컵커피>300ml 미만,유음료,컵커피,300ml 미만,당일픽업,116,38,159.0,76,27,8,5,0,0,2025-04-01,2025-04-30,2800.0,19,5,159,35.5263,6.5789,25.0,4.1842
124062,롯데)듬뿍참치유부초밥,미반>초밥류>유부초밥,미반,초밥류,유부초밥,당일픽업,129,47,159.0,88,25,12,4,0,0,2025-04-01,2025-04-30,3500.0,13,4,159,28.4091,4.5455,14.7727,3.383
071465,진주햄)천하장사28g,냉장>냉장간식>간식/소시지,냉장,냉장간식,간식/소시지,당일픽업,111,55,158.0,72,29,7,3,0,0,2025-04-01,2025-04-30,1500.0,22,3,158,40.2778,4.1667,30.5556,2.8727
124307,잭다니엘스 허니700ml,양주와인>양주>위스키,양주와인,양주,위스키,사전예약,154,115,158.0,150,0,0,4,0,0,2025-04-01,2025-04-30,55000.0,0,4,158,0.0,2.6667,0.0,1.3739
123879,풀무원다논)액티비아사과150g,유음료>요구르트>떠먹는요구르트,유음료,요구르트,떠먹는요구르트,당일픽업,123,68,158.0,94,21,5,3,0,0,2025-04-01,2025-04-30,3200.0,16,3,158,22.3404,3.1915,17.0213,2.3235
108862,롯데)스리라차골드후라이드치킨버거,조리빵>햄버거>햄버거,조리빵,햄버거,햄버거,당일픽업,131,46,157.0,83,29,16,2,1,0,2025-04-01,2025-04-30,3600.0,13,1,157,34.9398,2.4096,15.6627,3.413
124172,랏소베어)얼굴쿠션set,과자>초콜릿>행사상품,과자,초콜릿,행사상품,사전예약,136,98,153.0,119,6,1,8,0,2,2025-04-01,2025-04-30,27900.0,5,8,156,5.042,6.7227,4.2017,1.5918
113162,조니워커블론드 700ml,양주와인>양주>위스키,양주와인,양주,위스키,사전예약,124,77,155.0,100,16,2,5,1,0,2025-04-01,2025-04-30,31900.0,14,4,155,16.0,5.0,14.0,2.013
109694,글렌피딕12년700ml,양주와인>양주>위스키,양주와인,양주,위스키,사전예약,122,81,153.5,99,13,1,8,0,1,2025-04-01,2025-04-18,89900.0,12,8,155,13.1313,8.0808,12.1212,1.9136
070090,서울)흰우유200ml,유음료>흰우유>흰우유(소),유음료,흰우유,흰우유(소),당일픽업,112,41,154.0,54,35,16,6,1,0,2025-04-01,2025-04-30,1200.0,19,5,154,64.8148,11.1111,35.1852,3.7561
202340,코카)조지아스위트블랙470ml,음료>커피음료>PET커피,음료,커피음료,PET커피,당일픽업,103,39,154.0,64,30,6,3,0,0,2025-04-01,2025-04-30,2800.0,24,3,154,46.875,4.6875,37.5,3.9487
124634,키키쿼카)스트레스볼set,과자>캔디류>행사상품,과자,캔디류,행사상품,사전예약,130,94,154.0,116,10,0,4,0,0,2025-04-01,2025-04-30,17500.0,10,4,154,8.6207,3.4483,8.6207,1.6383
170276,하이트)기린이치방500ml캔,맥주>수입맥주>캔맥주(중),맥주,수입맥주,캔맥주(중),당일픽업,133,89,153.0,114,13,3,2,1,0,2025-04-01,2025-04-30,4500.0,10,1,153,11.4035,1.7544,8.7719,1.7191
132155,농심)무파마탕면봉지,면>봉지면>라면,면,봉지면,라면,당일픽업,135,32,153.0,82,31,22,0,0,0,2025-04-01,2025-04-24,1300.0,9,0,153,37.8049,0.0,10.9756,4.7812
123609,오츠카)소이조이마카다미아&레몬25g,과자>프로틴/시리얼>영양바류,과자,프로틴/시리얼,영양바류,당일픽업,109,41,152.0,81,21,2,5,0,0,2025-04-05,2025-04-29,1700.0,19,5,152,25.9259,6.1728,23.4568,3.7073
124037,종근당)락토핏마시는유산균사과130ml,유음료>요구르트>기능성요구르트,유음료,요구르트,기능성요구르트,당일픽업,115,62,152.0,79,25,8,3,0,0,2025-04-01,2025-04-30,2200.0,17,3,152,31.6456,3.7975,21.519,2.4516
053186,케이준순살치킨,즉석 식품>즉석치킨(삭제예정)>조각류_삭제예정,즉석 식품,즉석치킨(삭제예정),조각류_삭제예정,당일픽업,114,52,152.0,73,27,9,4,1,0,2025-04-01,2025-04-30,2800.0,18,3,152,36.9863,5.4795,24.6575,2.9231
123927,삼립)바나나블루베리샌드,조리빵>샌드위치>샌드위치,조리빵,샌드위치,샌드위치,당일픽업,135,56,152.0,101,19,11,3,1,0,2025-04-01,2025-04-30,3300.0,8,2,152,18.8119,2.9703,7.9208,2.7143
400960,동화)부채표까스활75ml,약품/의료품>의약외품>의약외품,약품/의료품,의약외품,의약외품,당일픽업,104,39,152.0,58,32,10,4,0,0,2025-04-01,2025-04-30,1200.0,22,4,152,55.1724,6.8966,37.931,3.8974
180036,오비)카스500ml캔,맥주>국산맥주>캔맥주(중),맥주,국산맥주,캔맥주(중),당일픽업,128,62,151.0,88,25,14,1,0,0,2025-04-01,2025-04-30,2800.0,11,1,151,28.4091,1.1364,12.5,2.4355
115642,롯데)빠다코코낫100g,과자>비스킷류>크래커,과자,비스킷류,크래커,교환권,137,104,150.0,120,11,4,1,1,0,2025-04-05,2025-04-30,1700.0,7,0,150,9.1667,0.8333,5.8333,1.4423
124887,토트넘 No.7 백마킹 네이비 티셔츠_100,패션잡화>시즌/소품>기타,패션잡화,시즌/소품,기타,사전예약,107,46,147.5,83,21,1,1,0,1,2025-04-01,2025-04-11,55200.0,20,1,149,25.3012,1.2048,24.0964,3.2391
125166,한입쏙!들기름김밥,미반>김밥>트레이김밥,미반,김밥,트레이김밥,사전예약,129,90,149.0,111,11,2,4,1,0,2025-04-23,2025-04-30,3900.0,9,3,149,9.9099,3.6036,8.1081,1.6556
124704,종근당건강)아임비타에너지샷150ml,음료>기능성드링크>비타민음료,음료,기능성드링크,비타민음료,당일픽업,111,45,149.0,77,25,6,2,1,0,2025-04-03,2025-04-29,2300.0,19,1,149,32.4675,2.5974,24.6753,3.3111
109687,화요53%750ml,전통주>소주>증류식소주,전통주,소주,증류식소주,사전예약,127,88,148.0,115,9,0,3,0,0,2025-04-01,2025-04-28,71000.0,9,3,148,7.8261,2.6087,7.8261,1.6818
070628,동원)슬라이스치즈100g,유음료>유제품>치즈,유음료,유제품,치즈,당일픽업,100,40,148.0,54,32,8,4,2,0,2025-04-02,2025-04-30,2900.0,24,2,148,59.2593,7.4074,44.4444,3.7
105430,매일)셀렉스밀크바닐라250ml,유음료>프로틴 음료>250ml 이상 ,유음료,프로틴 음료,250ml 이상 ,당일픽업,107,44,148.0,70,25,7,5,0,0,2025-04-01,2025-04-30,2900.0,18,5,148,35.7143,7.1429,25.7143,3.3636
132209,오뚜기)참깨라면봉지,면>봉지면>라면,면,봉지면,라면,당일픽업,106,36,148.0,62,31,10,2,1,0,2025-04-02,2025-04-30,1500.0,21,1,148,50.0,3.2258,33.871,4.1111
062567,매일)두유고단백190ml,유음료>프로틴 음료>250ml 미만,유음료,프로틴 음료,250ml 미만,당일픽업,114,39,148.0,89,18,3,4,0,0,2025-04-05,2025-04-30,1800.0,15,4,148,20.2247,4.4944,16.8539,3.7949
210394,오뚜기)라면볶이큰컵,면>용기면>비빔/볶음면,면,용기면,비빔/볶음면,당일픽업,104,37,148.0,61,31,10,2,0,0,2025-04-05,2025-04-30,1800.0,21,2,148,50.8197,3.2787,34.4262,4.0
108590,PB)착한닭가슴살(오리지널),냉장>냉장간식>냉장 프로틴,냉장,냉장간식,냉장 프로틴,당일픽업,128,62,148.0,101,14,7,6,0,0,2025-04-01,2025-04-30,2300.0,7,6,148,13.8614,5.9406,6.9307,2.3871
123443,스크램블&불고기덮밥,미반>도시락>기타,미반,도시락,기타,사전예약,137,71,147.0,86,22,20,8,1,0,2025-04-01,2025-04-21,3900.0,2,7,147,25.5814,9.3023,2.3256,2.0704
123868,글렌알라키 15년 700ml,양주와인>양주>위스키,양주와인,양주,위스키,사전예약,122,74,145.5,94,9,4,14,0,1,2025-04-02,2025-04-30,242000.0,5,14,147,9.5745,14.8936,5.3191,1.9865
062180,빙그레)스페셜티예가체프460ml,유음료>가공우유>커피우유,유음료,가공우유,커피우유,당일픽업,130,55,146.0,83,26,19,2,0,0,2025-04-01,2025-04-30,3000.0,7,2,146,31.3253,2.4096,8.4337,2.6545
123737,롯데)NEW갈비맛닭강정,미반>푸드 간편식>안주/반찬,미반,푸드 간편식,안주/반찬,당일픽업,122,48,146.0,91,20,9,2,0,0,2025-04-01,2025-04-29,5700.0,11,2,146,21.978,2.1978,12.0879,3.0417
107883,리치)하이디라오마라쫄깃납작면,냉장>냉장간편식>냉장떡볶이,냉장,냉장간편식,냉장떡볶이,당일픽업,131,34,146.0,119,6,1,5,0,0,2025-04-02,2025-04-29,4800.0,5,5,146,5.042,4.2017,4.2017,4.2941
105133,아미)에코얼음컵(레귤러),즉석음료>얼음>컵얼음,즉석음료,얼음,컵얼음,당일픽업,91,17,145.0,60,29,2,0,0,0,2025-04-01,2025-04-30,700.0,27,0,145,48.3333,0.0,45.0,8.5294
191865,아영)푸나무쇼비뇽블랑750ml,양주와인>와인>화이트,양주와인,와인,화이트,당일픽업,123,64,143.5,98,6,1,15,2,1,2025-04-01,2025-04-30,32000.0,5,13,145,6.1224,15.3061,5.102,2.2656
124868,맨시티 풀 크레스트 짐색,패션잡화>시즌/소품>기타,패션잡화,시즌/소품,기타,사전예약,103,47,145.0,80,19,0,4,0,0,2025-04-01,2025-04-11,17100.0,19,4,145,23.75,5.0,23.75,3.0851
115633,코노수르 싱글빈야드 샤도네이 750ml,양주와인>와인>화이트,양주와인,와인,화이트,사전예약,126,97,145.0,113,6,0,7,0,0,2025-04-01,2025-04-30,26800.0,6,7,145,5.3097,6.1947,5.3097,1.4948
115628,오리온)눈을감자56g,과자>스낵류>감자스낵,과자,스낵류,감자스낵,당일픽업,104,45,145.0,61,28,9,5,1,0,2025-04-01,2025-04-29,2000.0,19,4,145,45.9016,8.1967,31.1475,3.2222
125069,산토리500ml(8입)*전용잔2개,맥주>수입맥주>캔맥주(중),맥주,수입맥주,캔맥주(중),사전예약,105,56,142.5,80,17,0,6,1,1,2025-04-05,2025-04-30,24000.0,17,5,144,21.25,7.5,21.25,2.5714
601579,PB)단백질바넛츠50g,과자>프로틴/시리얼>영양바류,과자,프로틴/시리얼,영양바류,당일픽업,115,60,144.0,86,18,5,5,1,0,2025-04-01,2025-04-30,1500.0,13,4,144,20.9302,5.814,15.1163,2.4
202648,일화)부르르제로사이다250ml,음료>탄산음료>제로탄산,음료,탄산음료,제로탄산,당일픽업,102,48,144.0,74,23,3,2,0,0,2025-04-02,2025-04-30,1300.0,20,2,144,31.0811,2.7027,27.027,3.0
124467,글렌드로낙캐스크바틀링1993 29년 700ml,양주와인>양주>위스키,양주와인,양주,위스키,사전예약,141,108,144.0,138,0,0,3,0,0,2025-04-09,2025-04-30,1550000.0,0,3,144,0.0,2.1739,0.0,1.3333
124622,하림)오늘단백카라멜라떼250ml,유음료>프로틴 음료>250ml 이상 ,유음료,프로틴 음료,250ml 이상 ,당일픽업,130,18,143.0,99,18,12,1,0,0,2025-04-05,2025-04-30,2900.0,6,1,143,18.1818,1.0101,6.0606,7.9444
124326,스텔라330ml(6입)+큐피드 챌리스 2개,맥주>수입맥주>캔맥주(소),맥주,수입맥주,캔맥주(소),사전예약,108,57,141.5,84,17,2,4,0,1,2025-04-01,2025-04-30,18800.0,15,4,143,20.2381,4.7619,17.8571,2.5088
112867,오리온)도도한나쵸치즈92g,과자>스낵류>옥수수스낵,과자,스낵류,옥수수스낵,당일픽업,102,46,143.0,60,29,9,3,1,0,2025-04-01,2025-04-30,1500.0,20,2,143,48.3333,5.0,33.3333,3.1087
192643,7P)스트롱사와자몽500ml,양주와인>하이볼>수입하이볼,양주와인,하이볼,수입하이볼,당일픽업,129,68,142.0,104,3,2,17,3,0,2025-04-01,2025-04-30,4800.0,1,14,142,2.8846,16.3462,0.9615,2.0882
070134,서울)커피우유200ml,유음료>가공우유>커피우유,유음료,가공우유,커피우유,당일픽업,126,45,142.0,93,16,11,6,0,0,2025-04-01,2025-04-30,1300.0,5,6,142,17.2043,6.4516,5.3763,3.1556
210344,오뚜기)진라면매운맛소컵,면>용기면>라면(소형컵),면,용기면,라면(소형컵),당일픽업,103,39,142.0,60,29,11,3,0,0,2025-04-01,2025-04-30,1100.0,18,3,142,48.3333,5.0,30.0,3.641
112750,오리온)초코송이,과자>비스킷류>크래커,과자,비스킷류,크래커,당일픽업,105,50,142.0,60,28,10,5,2,0,2025-04-01,2025-04-30,1200.0,18,3,142,46.6667,8.3333,30.0,2.84
170273,오비)산토리프리미엄500ml캔,맥주>수입맥주>캔맥주(중),맥주,수입맥주,캔맥주(중),당일픽업,121,74,141.0,98,15,6,2,0,0,2025-04-01,2025-04-30,4900.0,9,2,141,15.3061,2.0408,9.1837,1.9054
070742,서울)저지방우유1L,유음료>기능성우유>기능성 우유,유음료,기능성우유,기능성 우유,당일픽업,99,28,141.0,62,26,7,4,0,0,2025-04-01,2025-04-30,3400.0,19,4,141,41.9355,6.4516,30.6452,5.0357
220614,CJ)큰햇반300g,가공식품>가공미반류>즉석밥,가공식품,가공미반류,즉석밥,당일픽업,111,42,141.0,64,28,15,4,0,0,2025-04-01,2025-04-30,2900.0,13,4,141,43.75,6.25,20.3125,3.3571
123178,엘파 500ml캔(24입),맥주>수입맥주>캔맥주(중),맥주,수입맥주,캔맥주(중),사전예약,115,56,139.5,90,16,4,3,1,1,2025-04-01,2025-04-14,14900.0,12,2,141,17.7778,3.3333,13.3333,2.5179
391016,깨끗한)깨끗한나라물티슈20매,위생용품>티슈>물티슈,위생용품,티슈,물티슈,당일픽업,118,81,140.0,90,18,8,2,0,0,2025-04-01,2025-04-30,2000.0,10,2,140,20.0,2.2222,11.1111,1.7284
105812,PB)아몬드바크씬80g,과자>초콜릿>봉지초콜릿,과자,초콜릿,봉지초콜릿,교환권,97,53,139.0,66,23,4,4,0,0,2025-04-01,2025-04-30,4000.0,19,4,139,34.8485,6.0606,28.7879,2.6226
094261,프레시팜)안심콩나물300g,신선>야채>두부/콩나물,신선,야채,두부/콩나물,당일픽업,115,47,139.0,73,21,10,8,3,0,2025-04-01,2025-04-30,1200.0,11,5,139,28.7671,10.9589,15.0685,2.9574
106166,이즐)기본형교통카드(K패스),서비스 상품>일반서비스>교통카드판매,서비스 상품,일반서비스,교통카드판매,당일픽업,100,25,139.0,78,20,1,1,0,0,2025-04-03,2025-04-30,4000.0,19,1,139,25.641,1.2821,24.359,5.56
119910,롯데)마가렛트176g(8입),과자>비스킷류>쿠키,과자,비스킷류,쿠키,당일픽업,118,48,138.0,80,21,11,4,2,0,2025-04-02,2025-04-30,3400.0,10,2,138,26.25,5.0,12.5,2.875
192572,조닌카스텔로모스카750ml,양주와인>와인>화이트,양주와인,와인,화이트,사전예약,112,73,138.0,92,12,0,6,2,0,2025-04-01,2025-04-30,21000.0,12,4,138,13.0435,6.5217,13.0435,1.8904
201104,동서)레드불에너지250ml,음료>기능성드링크>에너지음료,음료,기능성드링크,에너지음료,당일픽업,93,23,138.0,61,25,4,3,0,0,2025-04-01,2025-04-30,2400.0,21,3,138,40.9836,4.918,34.4262,6.0
124356,듬뿍에그유부초밥,미반>초밥류>유부초밥,미반,초밥류,유부초밥,사전예약,106,63,137.0,78,18,5,5,0,0,2025-04-15,2025-04-30,3500.0,13,5,137,23.0769,6.4103,16.6667,2.1746
041426,제주우유생크림빵130g,디저트>냉장베이커리>냉장빵,디저트,냉장베이커리,냉장빵,교환권,95,57,137.0,65,21,3,6,0,0,2025-04-01,2025-04-30,2800.0,18,6,137,32.3077,9.2308,27.6923,2.4035
062604,덴마크)소화가잘되는우유900ml,유음료>기능성우유>기능성 우유,유음료,기능성우유,기능성 우유,당일픽업,104,35,137.0,70,20,4,7,3,0,2025-04-02,2025-04-30,3300.0,16,4,137,28.5714,10.0,22.8571,3.9143
108357,아영)빌라안티노리끼안티클라시코750ml,양주와인>와인>레드,양주와인,와인,레드,당일픽업,119,65,137.0,101,9,2,6,1,0,2025-04-01,2025-04-30,39900.0,7,5,137,8.9109,5.9406,6.9307,2.1077
124834,유앤)쿼카푸딩젤리90g,과자>젤리류>국산젤리,과자,젤리류,국산젤리,당일픽업,126,98,137.0,109,6,0,7,4,0,2025-04-03,2025-04-30,2800.0,6,3,137,5.5046,6.422,5.5046,1.398
112126,롯데)꼬깔콘군옥수수67g,과자>스낵류>옥수수스낵,과자,스낵류,옥수수스낵,당일픽업,100,44,136.0,49,33,16,2,0,0,2025-04-01,2025-04-30,1700.0,17,2,136,67.3469,4.0816,34.6939,3.0909
124285,한입)게맛살깡오리지널30g,안주>스낵안주>일반스낵,안주,스낵안주,일반스낵,당일픽업,103,58,136.0,75,20,5,3,0,0,2025-04-01,2025-04-30,4900.0,15,3,136,26.6667,4.0,20.0,2.3448
390977,PB)new미용티슈200매*3입,위생용품>티슈>박스티슈,위생용품,티슈,박스티슈,당일픽업,96,47,135.0,70,22,3,1,0,0,2025-04-01,2025-04-30,9700.0,19,1,135,31.4286,1.4286,27.1429,2.8723
202433,코카)스프라이트제로500ml,음료>탄산음료>제로탄산,음료,탄산음료,제로탄산,당일픽업,100,49,135.0,64,23,8,5,0,0,2025-04-01,2025-04-30,2200.0,15,5,135,35.9375,7.8125,23.4375,2.7551
109146,이가)더블알리오올리오196.5g,냉장>냉장간편식>냉장면,냉장,냉장간편식,냉장면,당일픽업,119,75,135.0,91,9,1,12,6,0,2025-04-01,2025-04-29,3800.0,8,6,135,9.8901,13.1868,8.7912,1.8
115107,코퍼독 700ml,양주와인>양주>위스키,양주와인,양주,위스키,사전예약,109,58,135.0,90,10,0,8,1,0,2025-04-01,2025-04-30,35900.0,10,7,135,11.1111,8.8889,11.1111,2.3276
113160,조니워커그린700ml,양주와인>양주>위스키,양주와인,양주,위스키,사전예약,119,85,134.0,102,4,0,11,2,0,2025-04-08,2025-04-30,99000.0,4,9,134,3.9216,10.7843,3.9216,1.5765
053143,즉석)한입쏙붕어빵(단팥),즉석 식품>즉석간식>기타,즉석 식품,즉석간식,기타,당일픽업,122,84,134.0,106,8,3,4,1,0,2025-04-01,2025-04-30,700.0,5,3,134,7.5472,3.7736,4.717,1.5952
108734,정관장)에너지활기력샷20ml,건강/기호식품>건강/이너뷰티>일반건강식품 ,건강/기호식품,건강/이너뷰티,일반건강식품 ,당일픽업,109,42,133.0,79,18,7,4,1,0,2025-04-01,2025-04-30,3500.0,11,3,133,22.7848,5.0633,13.9241,3.1667
124034,에프투)고칼슘두유190ml,유음료>두유>팩두유,유음료,두유,팩두유,당일픽업,106,52,133.0,72,20,9,5,0,0,2025-04-01,2025-04-30,1500.0,11,5,133,27.7778,6.9444,15.2778,2.5577
123167,런던 프라이드 330ml병(24입),맥주>수입맥주>병맥주,맥주,수입맥주,병맥주,사전예약,106,54,133.0,85,12,0,7,2,0,2025-04-01,2025-04-27,60000.0,12,5,133,14.1176,8.2353,14.1176,2.463
083832,삼립)정통보름달88g,빵>간식빵>간식용케익,빵,간식빵,간식용케익,당일픽업,84,28,133.0,47,30,6,1,0,0,2025-04-04,2025-04-29,1800.0,24,1,133,63.8298,2.1277,51.0638,4.75
112273,오리온)와우쿨소다껌500,과자>껌>풍선껌,과자,껌,풍선껌,당일픽업,108,43,133.0,63,28,16,1,0,0,2025-04-01,2025-04-30,500.0,12,1,133,44.4444,1.5873,19.0476,3.093
053164,점보통다리,즉석 식품>즉석치킨(삭제예정)>조각류_삭제예정,즉석 식품,즉석치킨(삭제예정),조각류_삭제예정,당일픽업,94,43,132.0,62,24,6,2,0,0,2025-04-01,2025-04-30,4900.0,18,2,132,38.7097,3.2258,29.0323,3.0698
053233,맵단닭다리,즉석 식품>즉석치킨(삭제예정)>조각류_삭제예정,즉석 식품,즉석치킨(삭제예정),조각류_삭제예정,당일픽업,96,36,132.0,59,26,8,2,1,0,2025-04-01,2025-04-30,2900.0,18,1,132,44.0678,3.3898,30.5085,3.6667
108527,PB)푸하하통단팥크림빵125g,디저트>냉장베이커리>냉장빵,디저트,냉장베이커리,냉장빵,교환권,97,50,132.0,69,19,4,5,0,0,2025-04-02,2025-04-30,3300.0,15,5,132,27.5362,7.2464,21.7391,2.64
140963,오뚜기)톡톡김치알밥(컵밥),가공식품>가공미반류>즉석컵밥,가공식품,가공미반류,즉석컵밥,당일픽업,104,40,132.0,82,18,4,0,0,0,2025-04-03,2025-04-30,5400.0,14,0,132,21.9512,0.0,17.0732,3.3
111995,롯데)목캔디(믹스베리),과자>캔디류>기능성캔디,과자,캔디류,기능성캔디,당일픽업,93,36,132.0,56,26,8,3,0,0,2025-04-01,2025-04-28,1200.0,18,3,132,46.4286,5.3571,32.1429,3.6667
201417,칠성)트레비(레몬)500ml,음료>생수>탄산수,음료,생수,탄산수,당일픽업,100,31,131.0,58,25,11,5,1,0,2025-04-01,2025-04-30,1800.0,14,4,131,43.1034,8.6207,24.1379,4.2258
132448,농심)신라면블랙사발,면>용기면>라면(대형컵),면,용기면,라면(대형컵),당일픽업,109,45,131.0,61,28,18,2,0,0,2025-04-01,2025-04-30,1800.0,10,2,131,45.9016,3.2787,16.3934,2.9111
123415,마즈)스키틀즈오리지널45g,과자>캔디류>소프트캔디,과자,캔디류,소프트캔디,당일픽업,99,37,131.0,63,26,10,0,0,0,2025-04-01,2025-04-30,1500.0,16,0,131,41.2698,0.0,25.3968,3.5405
132546,PB)#대파라면큰컵,면>용기면>라면(대형컵),면,용기면,라면(대형컵),당일픽업,107,55,131.0,64,20,11,10,2,0,2025-04-02,2025-04-30,1900.0,9,8,131,31.25,15.625,14.0625,2.3818
115368,오리온)꼬북칩카라멜팝콘맛72g,과자>스낵류>옥수수스낵,과자,스낵류,옥수수스낵,당일픽업,95,38,131.0,61,23,5,4,2,0,2025-04-03,2025-04-30,1700.0,18,2,131,37.7049,6.5574,29.5082,3.4474
123878,풀무원다논)액티비아딸기150g,유음료>요구르트>떠먹는요구르트,유음료,요구르트,떠먹는요구르트,당일픽업,99,53,131.0,71,19,5,4,0,0,2025-04-01,2025-04-30,3200.0,14,4,131,26.7606,5.6338,19.7183,2.4717
124325,카스라이트500ml(8입)+알통잔2개,맥주>수입맥주>캔맥주(중),맥주,수입맥주,캔맥주(중),사전예약,101,67,130.0,84,12,0,5,0,0,2025-04-01,2025-04-30,20800.0,12,5,130,14.2857,5.9524,14.2857,1.9403
105960,G)페양구야끼소바오리지널120g,면>용기면>비빔/볶음면,면,용기면,비빔/볶음면,당일픽업,115,54,130.0,99,5,1,9,1,0,2025-04-01,2025-04-30,3500.0,4,8,130,5.0505,9.0909,4.0404,2.4074
071186,종가집)새콤달콤볶음김치80g,냉장>냉장간편식>김치/단무지,냉장,냉장간편식,김치/단무지,당일픽업,93,44,130.0,60,22,4,5,2,0,2025-04-01,2025-04-30,2100.0,18,3,130,36.6667,8.3333,30.0,2.9545
108527,PB)푸하하통단팥크림빵125g,디저트>냉장베이커리>냉장빵,디저트,냉장베이커리,냉장빵,당일픽업,105,44,130.0,71,15,8,11,0,0,2025-04-03,2025-04-30,3300.0,7,11,130,21.1268,15.493,9.8592,2.9545
109476,빙그레)요맘때리치피치270ml,아이스크림>홈타입>카톤,아이스크림,홈타입,카톤,당일픽업,106,70,130.0,79,12,2,10,3,0,2025-04-01,2025-04-30,4000.0,10,7,130,15.1899,12.6582,12.6582,1.8571
124559,엠즈)유자크림롤80g,디저트>냉장베이커리>롤케익,디저트,냉장베이커리,롤케익,당일픽업,106,20,129.0,83,12,3,7,1,0,2025-04-04,2025-04-28,3300.0,9,6,129,14.4578,8.4337,10.8434,6.45
115862,농심)자갈치90g,과자>스낵류>일반스낵,과자,스낵류,일반스낵,당일픽업,89,38,129.0,44,28,9,6,2,0,2025-04-01,2025-04-30,1700.0,19,4,129,63.6364,13.6364,43.1818,3.3947
112095,오리온)초코칩쿠키104g,과자>비스킷류>쿠키,과자,비스킷류,쿠키,당일픽업,93,39,129.0,54,27,10,2,0,0,2025-04-01,2025-04-30,1600.0,17,2,129,50.0,3.7037,31.4815,3.3077
106542,웅진)유기농하늘보리500ml,음료>차음료>보리차,음료,차음료,보리차,당일픽업,88,38,128.0,50,26,8,4,0,0,2025-04-01,2025-04-30,2500.0,18,4,128,52.0,8.0,36.0,3.3684
115921,농심)바나나킥75g,과자>스낵류>옥수수스낵,과자,스낵류,옥수수스낵,당일픽업,92,52,128.0,55,23,7,6,1,0,2025-04-01,2025-04-30,1700.0,16,5,128,41.8182,10.9091,29.0909,2.4615
108802,빅블랙페퍼마요불고기버거,조리빵>햄버거>햄버거,조리빵,햄버거,햄버거,사전예약,111,50,128.0,81,17,10,3,0,0,2025-04-01,2025-04-26,3500.0,7,3,128,20.9877,3.7037,8.642,2.56
109215,선우)카다이프하트초콜릿80g,과자>초콜릿>판초콜릿,과자,초콜릿,판초콜릿,당일픽업,101,28,128.0,78,16,2,3,2,0,2025-04-04,2025-04-30,7000.0,14,1,128,20.5128,3.8462,17.9487,4.5714
108364,우진)루첸테 750ml,양주와인>와인>레드,양주와인,와인,레드,당일픽업,121,69,128.0,109,1,2,9,0,0,2025-04-01,2025-04-30,39900.0,-1,9,128,0.9174,8.2569,-0.9174,1.8551
191852,롯데)앙리마티스하트750ml,양주와인>와인>레드,양주와인,와인,레드,당일픽업,117,52,127.0,101,3,1,10,2,0,2025-04-01,2025-04-29,14900.0,2,8,127,2.9703,9.901,1.9802,2.4423
123150,PB)두부칩92g,과자>스낵류>전통스낵,과자,스낵류,전통스낵,당일픽업,90,41,127.0,60,22,5,3,0,0,2025-04-03,2025-04-30,1600.0,17,3,127,36.6667,5.0,28.3333,3.0976
106544,HK)티로그골드애플스파클링355ml,음료>탄산음료>제로탄산,음료,탄산음료,제로탄산,당일픽업,89,48,127.0,56,23,6,4,0,0,2025-04-01,2025-04-30,2000.0,17,4,127,41.0714,7.1429,30.3571,2.6458
132352,삼양)치즈불닭볶음면큰컵,면>용기면>비빔/볶음면,면,용기면,비빔/볶음면,당일픽업,93,41,127.0,64,20,5,4,0,0,2025-04-01,2025-04-30,1800.0,15,4,127,31.25,6.25,23.4375,3.0976
113430,크라운)키커바1000(30g),과자>초콜릿>바초콜릿,과자,초콜릿,바초콜릿,교환권,99,62,127.0,81,13,1,4,0,0,2025-04-02,2025-04-30,1000.0,12,4,127,16.0494,4.9383,14.8148,2.0484
123533,블루넌 로제 에디션 24K,양주와인>와인>스파클링(샴페인),양주와인,와인,스파클링(샴페인),사전예약,104,64,127.0,82,10,1,9,2,0,2025-04-01,2025-04-27,17900.0,9,7,127,12.1951,10.9756,10.9756,1.9844
202774,큐원)상쾌환부스터제로100ml,음료>기능성드링크>숙취해소음료,음료,기능성드링크,숙취해소음료,당일픽업,104,45,127.0,59,23,14,7,1,0,2025-04-01,2025-04-30,5000.0,9,6,127,38.9831,11.8644,15.2542,2.8222
123675,바이엔슈테판 헤페바이스(12입),맥주>수입맥주>병맥주,맥주,수입맥주,병맥주,사전예약,107,67,127.0,89,8,0,8,2,0,2025-04-01,2025-04-30,55680.0,8,6,127,8.9888,8.9888,8.9888,1.8955
132303,농심)사리곰탕면봉지,면>봉지면>라면,면,봉지면,라면,당일픽업,107,27,127.0,59,29,19,0,0,0,2025-04-02,2025-04-30,1200.0,10,0,127,49.1525,0.0,16.9492,4.7037
116687,크라운)키커바 녹차1000,과자>초콜릿>바초콜릿,과자,초콜릿,바초콜릿,당일픽업,97,26,126.0,67,20,7,3,0,0,2025-04-04,2025-04-30,1000.0,13,3,126,29.8507,4.4776,19.403,4.8462
061665,빙그레)닥터캡슐플레인130ml,유음료>요구르트>기능성요구르트,유음료,요구르트,기능성요구르트,당일픽업,92,41,126.0,64,21,5,2,0,0,2025-04-02,2025-04-30,2300.0,16,2,126,32.8125,3.125,25.0,3.0732
201423,농심)백산수500ml,음료>생수>500ml이하,음료,생수,500ml이하,당일픽업,80,29,125.0,50,24,3,3,0,0,2025-04-01,2025-04-30,1000.0,21,3,125,48.0,6.0,42.0,4.3103
210871,롯데)빵빠레바닐라175ml,아이스크림>노벨티>콘,아이스크림,노벨티,콘,당일픽업,92,40,125.0,56,24,9,3,0,0,2025-04-01,2025-04-30,2500.0,15,3,125,42.8571,5.3571,26.7857,3.125
123301,엄마)스트로베리바크씬80g,과자>초콜릿>봉지초콜릿,과자,초콜릿,봉지초콜릿,당일픽업,103,69,125.0,84,9,1,8,1,0,2025-04-01,2025-04-30,4000.0,8,7,125,10.7143,9.5238,9.5238,1.8116
220531,동원)양반참치죽285g,가공식품>가공미반류>죽,가공식품,가공미반류,죽,당일픽업,105,44,125.0,69,23,13,0,0,0,2025-04-01,2025-04-29,4500.0,10,0,125,33.3333,0.0,14.4928,2.8409
122330,동서)맥심슈프림골드믹스,건강/기호식품>커피>믹스커피,건강/기호식품,커피,믹스커피,당일픽업,116,20,124.0,101,8,5,2,0,0,2025-04-03,2025-04-30,6700.0,3,2,124,7.9208,1.9802,2.9703,6.2
390811,PB)키친타올150매*4롤,위생용품>티슈>롤티슈,위생용품,티슈,롤티슈,당일픽업,95,33,124.0,74,17,3,1,0,0,2025-04-01,2025-04-30,9800.0,14,1,124,22.973,1.3514,18.9189,3.7576
132675,오뚜기)육개장사발면104g,면>용기면>라면(소형컵),면,용기면,라면(소형컵),교환권,97,69,124.0,83,13,0,1,0,0,2025-04-01,2025-04-30,1100.0,13,1,124,15.6627,1.2048,15.6627,1.7971
107542,PB)k리그허니황치즈감자칩60g,과자>스낵류>감자스낵,과자,스낵류,감자스낵,당일픽업,126,75,124.0,85,14,12,8,7,0,2025-04-01,2025-04-30,1700.0,2,1,124,16.4706,9.4118,2.3529,1.6533
014516,그린)햄참치유부말이,미반>초밥류>유부초밥,미반,초밥류,유부초밥,당일픽업,94,45,124.0,65,19,6,4,0,0,2025-04-01,2025-04-30,2100.0,13,4,124,29.2308,6.1538,20.0,2.7556
124242,U+유모바일)반값유심,서비스 상품>일반서비스>MVNO,서비스 상품,일반서비스,MVNO,당일픽업,100,45,123.0,82,11,1,5,1,0,2025-04-02,2025-04-30,6600.0,10,4,123,13.4146,6.0976,12.1951,2.7333
119573,동서)리츠화이트샌드77g,과자>비스킷류>크래커,과자,비스킷류,크래커,당일픽업,93,42,123.0,68,17,4,4,0,0,2025-04-01,2025-04-30,2000.0,13,4,123,25.0,5.8824,19.1176,2.9286
191617,롯데)앙리마티스카티아(레드)750,양주와인>와인>레드,양주와인,와인,레드,당일픽업,113,59,123.0,95,1,1,14,2,0,2025-04-01,2025-04-30,12900.0,0,12,123,1.0526,14.7368,0.0,2.0847
600591,PB)이브이초코칩쿠키132g,과자>스낵류>일반스낵,과자,스낵류,일반스낵,당일픽업,93,49,123.0,58,22,9,4,0,0,2025-04-01,2025-04-30,2000.0,13,4,123,37.931,6.8966,22.4138,2.5102
107135,G)보바티흑당밀크315ml,음료>차음료>기타차,음료,차음료,기타차,당일픽업,94,45,123.0,60,19,6,7,2,0,2025-04-01,2025-04-30,2500.0,13,5,123,31.6667,11.6667,21.6667,2.7333
160128,코카)코카콜라１．５Ｐ,음료>탄산음료>콜라(대),음료,탄산음료,콜라(대),당일픽업,86,42,123.0,58,21,2,3,2,0,2025-04-01,2025-04-30,4000.0,19,1,123,36.2069,5.1724,32.7586,2.9286
116101,동서)리츠크래커80g,과자>비스킷류>크래커,과자,비스킷류,크래커,당일픽업,95,41,123.0,65,19,7,4,0,0,2025-04-01,2025-04-30,2000.0,12,4,123,29.2308,6.1538,18.4615,3.0
062258,빙그레)닥터캡슐베리믹스130ml,유음료>요구르트>기능성요구르트,유음료,요구르트,기능성요구르트,당일픽업,89,38,122.0,50,24,10,5,0,0,2025-04-01,2025-04-30,2300.0,14,5,122,48.0,10.0,28.0,3.2105
105428,매일)셀렉스모카초코250ml,유음료>프로틴 음료>250ml 이상 ,유음료,프로틴 음료,250ml 이상 ,당일픽업,88,43,122.0,63,18,2,4,1,0,2025-04-01,2025-04-29,2900.0,16,3,122,28.5714,6.3492,25.3968,2.8372
113828,크라운)새콤달콤레몬29g,과자>캔디류>소프트캔디,과자,캔디류,소프트캔디,당일픽업,91,39,122.0,45,30,15,1,0,0,2025-04-01,2025-04-29,500.0,15,1,122,66.6667,2.2222,33.3333,3.1282
060974,덴마크)인포켓치즈20g,유음료>유제품>치즈,유음료,유제품,치즈,당일픽업,87,34,122.0,50,25,9,3,0,0,2025-04-03,2025-04-30,1700.0,16,3,122,50.0,6.0,32.0,3.5882
083223,삼립)잼있는사과쿠키75g,빵>구움과자>구움과자,빵,구움과자,구움과자,당일픽업,78,25,122.0,46,24,4,4,0,0,2025-04-04,2025-04-30,1300.0,20,4,122,52.1739,8.6957,43.4783,4.88
124036,종근당)락토핏마시는유산균저당130ml,유음료>요구르트>기능성요구르트,유음료,요구르트,기능성요구르트,당일픽업,97,49,122.0,63,18,9,7,0,0,2025-04-01,2025-04-30,2200.0,9,7,122,28.5714,11.1111,14.2857,2.4898
124886,토트넘 No.7 백마킹 네이비 티셔츠_105,패션잡화>시즌/소품>기타,패션잡화,시즌/소품,기타,사전예약,111,70,121.0,99,7,2,2,1,0,2025-04-01,2025-04-11,55200.0,5,1,121,7.0707,2.0202,5.0505,1.7286
071827,CJ)숯불후랑크120g,냉장>냉장간식>햄/비엔나 ,냉장,냉장간식,햄/비엔나 ,당일픽업,101,50,121.0,70,19,9,2,1,0,2025-04-01,2025-04-28,3700.0,10,1,121,27.1429,2.8571,14.2857,2.42
600965,PB)아몬드피넛초콜릿80g,과자>초콜릿>볼초콜릿,과자,초콜릿,볼초콜릿,교환권,96,54,120.0,81,12,1,2,0,0,2025-04-01,2025-04-30,2400.0,11,2,120,14.8148,2.4691,13.5802,2.2222
191970,샤또 생 미셸 리슬링 *2입,양주와인>와인>화이트,양주와인,와인,화이트,사전예약,107,78,120.0,98,4,0,5,0,0,2025-04-01,2025-04-30,46900.0,4,5,120,4.0816,5.102,4.0816,1.5385
132057,오뚜기)치즈볶이큰컵,면>용기면>비빔/볶음면,면,용기면,비빔/볶음면,당일픽업,95,40,120.0,55,24,13,3,0,0,2025-04-02,2025-04-29,1800.0,11,3,120,43.6364,5.4545,20.0,3.0
202365,빙그레)아카페라아메리카노1L,음료>커피음료>PET커피,음료,커피음료,PET커피,당일픽업,83,36,119.0,55,20,4,4,0,0,2025-04-01,2025-04-30,4200.0,16,4,119,36.3636,7.2727,29.0909,3.3056
124448,사조)빠삭어묵칩오리지널40g,안주>생선류>어육스낵,안주,생선류,어육스낵,당일픽업,91,48,119.0,61,19,6,4,1,0,2025-04-01,2025-04-30,5900.0,13,3,119,31.1475,6.5574,21.3115,2.4792
141729,CJ)작은햇반현미밥130g,가공식품>가공미반류>즉석밥,가공식품,가공미반류,즉석밥,당일픽업,91,32,119.0,62,20,6,2,1,0,2025-04-04,2025-04-30,2600.0,14,1,119,32.2581,3.2258,22.5806,3.7188
062538,남양)아몬드데이오리지널190ml,유음료>기능성우유>기능성 음료,유음료,기능성우유,기능성 음료,당일픽업,94,52,118.0,71,13,4,6,0,0,2025-04-01,2025-04-30,1700.0,9,6,118,18.3099,8.4507,12.6761,2.2692
124643,롯데)월드콘저당160ml,아이스크림>노벨티>콘,아이스크림,노벨티,콘,당일픽업,84,42,118.0,55,20,4,4,1,0,2025-04-03,2025-04-30,3000.0,16,3,118,36.3636,7.2727,29.0909,2.8095
061351,매일)바리스타로슈거250ml,유음료>컵커피>300ml 미만,유음료,컵커피,300ml 미만,당일픽업,89,30,118.0,58,22,8,1,0,0,2025-04-01,2025-04-30,2900.0,14,1,118,37.931,1.7241,24.1379,3.9333
141522,PB)고기듬뿍미역국(컵),가공식품>상온간편식>즉석 국/스프,가공식품,상온간편식,즉석 국/스프,당일픽업,92,50,118.0,66,18,6,2,0,0,2025-04-01,2025-04-30,1500.0,12,2,118,27.2727,3.0303,18.1818,2.36
041407,제이탑)모찌롤우유110g,디저트>냉장베이커리>롤케익,디저트,냉장베이커리,롤케익,당일픽업,96,47,118.0,64,17,9,6,0,0,2025-04-01,2025-04-30,3900.0,8,6,118,26.5625,9.375,12.5,2.5106
212008,PB)오백바초코70ml,아이스크림>노벨티>바,아이스크림,노벨티,바,교환권,84,43,118.0,64,17,1,2,0,0,2025-04-01,2025-04-30,500.0,16,2,118,26.5625,3.125,25.0,2.7442
192468,페르)제임슨오리지널500ml,양주와인>양주>위스키,양주와인,양주,위스키,당일픽업,102,48,118.0,88,8,0,4,2,0,2025-04-03,2025-04-30,34900.0,8,2,118,9.0909,4.5455,9.0909,2.4583
109016,PB)피스타치오웨하스57g,과자>비스킷류>크래커,과자,비스킷류,크래커,당일픽업,116,62,118.0,70,19,18,6,3,0,2025-04-01,2025-04-30,1800.0,1,3,118,27.1429,8.5714,1.4286,1.9032
082526,삼립)신선한치즈후레쉬팡140g,빵>간식빵>과자빵,빵,간식빵,과자빵,당일픽업,88,35,117.0,52,23,10,3,0,0,2025-04-04,2025-04-30,2500.0,13,3,117,44.2308,5.7692,25.0,3.3429
102820,롯데)빵빠레소프트바바닐라,아이스크림>노벨티>바,아이스크림,노벨티,바,당일픽업,87,37,117.0,57,18,5,6,1,0,2025-04-01,2025-04-27,1500.0,13,5,117,31.5789,10.5263,22.807,3.1622
021780,리얼소프트에그샌드,조리빵>샌드위치>샌드위치,조리빵,샌드위치,샌드위치,사전예약,106,47,117.0,65,21,17,3,0,0,2025-04-01,2025-04-17,2600.0,4,3,117,32.3077,4.6154,6.1538,2.4894
124266,롯데)듬뿍에그유부초밥,미반>초밥류>유부초밥,미반,초밥류,유부초밥,당일픽업,91,36,116.0,61,19,8,3,0,0,2025-04-01,2025-04-30,3500.0,11,3,116,31.1475,4.918,18.0328,3.2222
105642,동원)쿨피스에이드자두300ml,유음료>냉장주스>유산균음료,유음료,냉장주스,유산균음료,당일픽업,85,40,116.0,56,20,5,3,1,0,2025-04-01,2025-04-30,2000.0,15,2,116,35.7143,5.3571,26.7857,2.9
123411,클룹)애사비소다500ml,음료>탄산음료>과일향탄산(중),음료,탄산음료,과일향탄산(중),당일픽업,89,34,116.0,62,18,5,3,1,0,2025-04-01,2025-04-30,2800.0,13,2,116,29.0323,4.8387,20.9677,3.4118
390797,좋은느낌유기농순면라이너18P,위생용품>생리대>팬티라이너,위생용품,생리대,팬티라이너,당일픽업,95,51,116.0,75,13,4,3,0,0,2025-04-01,2025-04-30,4900.0,9,3,116,17.3333,4.0,12.0,2.2745
105998,광동)썬키스트제로자두자몽소다600ml,음료>탄산음료>제로탄산,음료,탄산음료,제로탄산,당일픽업,86,38,115.0,55,19,7,5,0,0,2025-04-01,2025-04-30,2200.0,12,5,115,34.5455,9.0909,21.8182,3.0263
132701,삼양)로제불닭볶음면(큰컵),면>용기면>비빔/볶음면,면,용기면,비빔/볶음면,당일픽업,79,37,115.0,48,23,5,2,1,0,2025-04-04,2025-04-30,1800.0,18,1,115,47.9167,4.1667,37.5,3.1081
113089,아사히)아사히쇼쿠사이340ml캔(6입),맥주>수입맥주>캔맥주(소),맥주,수입맥주,캔맥주(소),당일픽업,115,30,115.0,109,0,0,4,2,0,2025-04-04,2025-04-30,29400.0,0,2,115,0.0,3.6697,0.0,3.8333
600638,PB)바삭한튀김건빵200g,과자>스낵류>일반스낵,과자,스낵류,일반스낵,당일픽업,83,31,115.0,49,22,8,4,0,0,2025-04-02,2025-04-30,1900.0,14,4,115,44.898,8.1633,28.5714,3.7097
106557,농심)배홍동비빔면큰사발,면>용기면>비빔/볶음면,면,용기면,비빔/볶음면,당일픽업,87,38,114.0,59,20,7,1,0,0,2025-04-01,2025-04-30,1800.0,13,1,114,33.8983,1.6949,22.0339,3.0
133737,종가집)맛김치50g,냉장>냉장간편식>김치/단무지,냉장,냉장간편식,김치/단무지,당일픽업,92,34,114.0,63,17,6,4,2,0,2025-04-01,2025-04-30,1200.0,11,2,114,26.9841,6.3492,17.4603,3.3529
080499,행복담기)구운란2입,냉장>냉장간식>삶은계란,냉장,냉장간식,삶은계란,당일픽업,98,36,114.0,66,17,10,4,1,0,2025-04-02,2025-04-29,2600.0,7,3,114,25.7576,6.0606,10.6061,3.1667
124812,CJ)소바바소이허니치킨240g,냉동>조리냉동>냉동안주류,냉동,조리냉동,냉동안주류,당일픽업,91,29,114.0,61,20,8,1,1,0,2025-04-10,2025-04-30,9900.0,12,0,114,32.7869,1.6393,19.6721,3.931
083776,삼립)파이리의핫소스팡90g,빵>간식빵>캐릭터빵,빵,간식빵,캐릭터빵,당일픽업,80,36,114.0,51,20,3,4,2,0,2025-04-03,2025-04-30,1700.0,17,2,114,39.2157,7.8431,33.3333,3.1667
191267,레뱅드)로쉐마제쇼비뇽블랑250ml,양주와인>와인>화이트,양주와인,와인,화이트,당일픽업,102,61,112.5,87,9,4,1,0,1,2025-04-01,2025-04-30,8000.0,5,1,114,10.3448,1.1494,5.7471,1.8689
107749,PB)착한백미밥210g,가공식품>가공미반류>즉석밥,가공식품,가공미반류,즉석밥,당일픽업,98,42,113.0,64,20,12,1,1,0,2025-04-01,2025-04-30,1500.0,8,0,113,31.25,1.5625,12.5,2.6905
124858,도츠로제NV(벚꽃),양주와인>와인>화이트,양주와인,와인,화이트,사전예약,107,78,113.0,95,3,1,6,2,0,2025-04-01,2025-04-30,133900.0,2,4,113,3.1579,6.3158,2.1053,1.4487
109007,PB)피스타치오바크씬80g,과자>초콜릿>봉지초콜릿,과자,초콜릿,봉지초콜릿,교환권,78,38,113.0,53,16,1,7,1,0,2025-04-01,2025-04-29,4000.0,15,6,113,30.1887,13.2075,28.3019,2.9737
109166,PB)생생감자칩페퍼솔트60g,과자>스낵류>감자스낵,과자,스낵류,감자스낵,교환권,92,50,113.0,68,15,6,3,0,0,2025-04-01,2025-04-29,1700.0,9,3,113,22.0588,4.4118,13.2353,2.26
124856,간치아모스카토다스티DOCG,양주와인>와인>화이트,양주와인,와인,화이트,사전예약,90,56,113.0,74,10,1,5,0,0,2025-04-01,2025-04-28,17000.0,9,5,113,13.5135,6.7568,12.1622,2.0179
101961,오뚜기)뿌셔뿌셔불고기90g,과자>스낵류>일반스낵,과자,스낵류,일반스낵,당일픽업,81,28,113.0,47,25,9,0,0,0,2025-04-04,2025-04-30,1300.0,16,0,113,53.1915,0.0,34.0426,4.0357
108981,스리라차골드후라이드치킨버거,조리빵>햄버거>햄버거,조리빵,햄버거,햄버거,사전예약,93,59,113.0,77,10,2,4,0,0,2025-04-01,2025-04-30,3600.0,8,4,113,12.987,5.1948,10.3896,1.9153
083851,삼립)순우유밀크요팡65g,빵>간식빵>페스트리,빵,간식빵,페스트리,당일픽업,81,28,112.0,45,25,10,1,0,0,2025-04-04,2025-04-30,1600.0,15,1,112,55.5556,2.2222,33.3333,4.0
107702,삼립)불고기맛후랑크70g,냉장>냉장간식>소형바,냉장,냉장간식,소형바,당일픽업,88,44,112.0,56,19,7,4,2,0,2025-04-01,2025-04-29,2400.0,12,2,112,33.9286,7.1429,21.4286,2.5455
141411,삼양)로제불닭납작당면(컵),면>용기면>숙면/건면,면,용기면,숙면/건면,당일픽업,85,41,112.0,57,17,5,5,1,0,2025-04-04,2025-04-30,3500.0,12,4,112,29.8246,8.7719,21.0526,2.7317
124477,화요17도(나혼렙에디션),전통주>소주>증류식소주,전통주,소주,증류식소주,사전예약,83,51,111.0,66,11,0,6,0,0,2025-04-01,2025-04-30,17200.0,11,6,111,16.6667,9.0909,16.6667,2.1765
109128,MDS)스틱콘버터60g,미반>샐러드 >조리샐러드,미반,샐러드 ,조리샐러드,당일픽업,85,48,111.0,61,17,5,2,0,0,2025-04-02,2025-04-30,1500.0,12,2,111,27.8689,3.2787,19.6721,2.3125
391044,깨끗한나라3겹소프트24롤(펄프),위생용품>티슈>롤티슈,위생용품,티슈,롤티슈,당일픽업,86,43,111.0,69,11,1,5,0,0,2025-04-01,2025-04-30,29800.0,10,5,111,15.942,7.2464,14.4928,2.5814
601580,PB)단백질바(베리)50g,과자>프로틴/시리얼>영양바류,과자,프로틴/시리얼,영양바류,당일픽업,83,43,111.0,59,16,4,4,0,0,2025-04-01,2025-04-30,1500.0,12,4,111,27.1186,6.7797,20.339,2.5814
107063,롯데)파스퇴르우유빙수230ml,아이스크림>노벨티>컵,아이스크림,노벨티,컵,당일픽업,89,34,111.0,64,15,6,4,0,0,2025-04-01,2025-04-30,3500.0,9,4,111,23.4375,6.25,14.0625,3.2647
112251,세븐브로이)하이볼에빠진키위500ml캔,양주와인>하이볼>국산하이볼,양주와인,하이볼,국산하이볼,당일픽업,93,50,111.0,70,10,5,8,0,0,2025-04-01,2025-04-30,4500.0,5,8,111,14.2857,11.4286,7.1429,2.22
211039,롯데)설레임160ml,아이스크림>노벨티>펜슬,아이스크림,노벨티,펜슬,당일픽업,73,27,110.0,52,19,1,1,0,0,2025-04-01,2025-04-30,2500.0,18,1,110,36.5385,1.9231,34.6154,4.0741
124980,스위트)부르봉랑드샤말차16입,과자>비스킷류>쿠키,과자,비스킷류,쿠키,당일픽업,78,21,110.0,57,14,1,6,0,0,2025-04-09,2025-04-30,8000.0,13,6,110,24.5614,10.5263,22.807,5.2381
114538,폰토디 끼안티 클라시코 DOCG750ml,양주와인>와인>레드,양주와인,와인,레드,사전예약,88,61,110.0,73,7,0,8,0,0,2025-04-01,2025-04-30,55000.0,7,8,110,9.589,10.9589,9.589,1.8033
124247,APP)벤리악16년700ml,양주와인>양주>위스키,양주와인,양주,위스키,사전예약,102,79,110.0,93,2,0,6,1,0,2025-04-07,2025-04-30,188320.0,2,5,110,2.1505,6.4516,2.1505,1.3924
124438,코젤다크 디퓨저&전용잔 패키지(최적음용기한2025년11월30일),맥주>수입맥주>병맥주,맥주,수입맥주,병맥주,사전예약,97,67,109.0,83,7,2,4,1,0,2025-04-01,2025-04-30,21000.0,5,3,109,8.4337,4.8193,6.0241,1.6269
114020,롯데)가나마일드2800,과자>초콜릿>판초콜릿,과자,초콜릿,판초콜릿,당일픽업,78,31,108.0,46,22,8,2,0,0,2025-04-02,2025-04-30,3400.0,14,2,108,47.8261,4.3478,30.4348,3.4839
132042,오뚜기)참깨라면소컵,면>용기면>라면(소형컵),면,용기면,라면(소형컵),당일픽업,87,30,108.0,46,25,14,1,1,0,2025-04-03,2025-04-30,1400.0,11,0,108,54.3478,2.1739,23.913,3.6
200606,광동)비타500 180ml,음료>기능성드링크>비타민음료,음료,기능성드링크,비타민음료,당일픽업,69,34,108.0,43,22,3,1,0,0,2025-04-01,2025-04-30,1900.0,19,1,108,51.1628,2.3256,44.186,3.1765
118013,오리온)예감오리지널64g,과자>스낵류>감자스낵,과자,스낵류,감자스낵,당일픽업,81,34,108.0,40,22,11,7,1,0,2025-04-01,2025-04-29,1500.0,11,6,108,55.0,17.5,27.5,3.1765
108976,롯데)로제함박스파게티,미반>푸드 간편식>조리면,미반,푸드 간편식,조리면,당일픽업,102,78,108.0,94,4,2,2,0,0,2025-04-01,2025-04-30,4700.0,2,2,108,4.2553,2.1277,2.1277,1.3846
070197,서울)초코우유200ml,유음료>가공우유>초코우유,유음료,가공우유,초코우유,당일픽업,79,33,108.0,56,15,3,5,0,0,2025-04-01,2025-04-30,1300.0,12,5,108,26.7857,8.9286,21.4286,3.2727
115926,농심)꿀꽈배기90g,과자>스낵류>일반스낵,과자,스낵류,일반스낵,당일픽업,82,31,108.0,38,24,13,6,1,0,2025-04-01,2025-04-30,1700.0,11,5,108,63.1579,15.7895,28.9474,3.4839
191266,레뱅드)로쉐마제까버네쇼비뇽250,양주와인>와인>레드,양주와인,와인,레드,당일픽업,95,56,107.0,84,7,2,2,0,0,2025-04-01,2025-04-30,8000.0,5,2,107,8.3333,2.381,5.9524,1.9107
113164,싱글톤 더프타운15년 700ml,양주와인>양주>위스키,양주와인,양주,위스키,사전예약,94,58,107.0,77,5,2,9,1,0,2025-04-01,2025-04-29,79900.0,3,8,107,6.4935,11.6883,3.8961,1.8448
122438,이노엔)컨디션스틱그린애플,건강/기호식품>숙취해소제>젤리제형,건강/기호식품,숙취해소제,젤리제형,당일픽업,83,36,107.0,52,20,9,2,0,0,2025-04-01,2025-04-29,3900.0,11,2,107,38.4615,3.8462,21.1538,2.9722
124790,해태)구운고구마27g,과자>비스킷류>스틱과자,과자,비스킷류,스틱과자,당일픽업,74,32,107.0,50,18,3,3,0,0,2025-04-05,2025-04-30,1000.0,15,3,107,36.0,6.0,30.0,3.3438
109009,PB)피스타치오마카다미아봉봉50g,과자>초콜릿>볼초콜릿,과자,초콜릿,볼초콜릿,교환권,83,49,107.0,58,14,5,6,0,0,2025-04-01,2025-04-28,3000.0,9,6,107,24.1379,10.3448,15.5172,2.1837
109844,산미구엘페일필젠병320ml(24입),맥주>수입맥주>병맥주,맥주,수입맥주,병맥주,사전예약,92,42,107.0,79,8,2,3,0,0,2025-04-01,2025-04-29,59400.0,6,3,107,10.1266,3.7975,7.5949,2.5476
132839,삼양)맵탱흑후추소고기라면큰컵,면>용기면>라면(대형컵),면,용기면,라면(대형컵),교환권,78,35,106.0,46,17,3,8,4,0,2025-04-01,2025-04-30,1800.0,14,4,106,36.9565,17.3913,30.4348,3.0286
390944,PB)프리미엄3겹데코24롤,위생용품>티슈>롤티슈,위생용품,티슈,롤티슈,당일픽업,73,36,106.0,50,19,3,1,0,0,2025-04-01,2025-04-30,26500.0,16,1,106,38.0,2.0,32.0,2.9444
123108,롯데)치즈&치즈버거,조리빵>햄버거>햄버거,조리빵,햄버거,햄버거,당일픽업,91,43,106.0,68,13,6,3,1,0,2025-04-02,2025-04-30,3000.0,7,2,106,19.1176,4.4118,10.2941,2.4651
062602,동서)스타벅스바닐라라떼320ml,유음료>컵커피>300ml 이상,유음료,컵커피,300ml 이상,당일픽업,76,20,106.0,49,21,6,0,0,0,2025-04-06,2025-04-30,3300.0,15,0,106,42.8571,0.0,30.6122,5.3
062474,남양)테이크핏초코250ml,유음료>프로틴 음료>250ml 이상 ,유음료,프로틴 음료,250ml 이상 ,당일픽업,79,24,106.0,55,18,5,1,0,0,2025-04-01,2025-04-30,2900.0,13,1,106,32.7273,1.8182,23.6364,4.4167
124317,롯데)파이열매73g,과자>비스킷류>파이,과자,비스킷류,파이,당일픽업,74,33,105.0,50,19,4,1,0,0,2025-04-01,2025-04-29,3600.0,15,1,105,38.0,2.0,30.0,3.1818
041488,MDS)젤리블리납작복숭아60g,디저트>젤리>마시는젤리,디저트,젤리,마시는젤리,당일픽업,72,29,105.0,45,18,2,5,2,0,2025-04-02,2025-04-30,900.0,16,3,105,40.0,11.1111,35.5556,3.6207
132161,농심)오징어짬뽕(소컵),면>용기면>라면(소형컵),면,용기면,라면(소형컵),당일픽업,71,25,105.0,39,23,7,2,0,0,2025-04-03,2025-04-30,1250.0,16,2,105,58.9744,5.1282,41.0256,4.2
062402,다논)액티비아스무디딸기바나나,유음료>요구르트>기능성요구르트,유음료,요구르트,기능성요구르트,당일픽업,85,53,104.0,67,10,2,5,1,0,2025-04-01,2025-04-30,2000.0,8,4,104,14.9254,7.4627,11.9403,1.9623
124626,엠즈)39저당커스터드크림롤105g,디저트>냉장베이커리>롤케익,디저트,냉장베이커리,롤케익,당일픽업,95,43,104.0,68,9,6,9,3,0,2025-04-03,2025-04-29,3900.0,3,6,104,13.2353,13.2353,4.4118,2.4186
052661,칠성)칸타타아이스블랙230ml,즉석음료>파우치>아이스커피,즉석음료,파우치,아이스커피,당일픽업,60,9,103.0,34,23,2,1,0,0,2025-04-03,2025-04-29,1400.0,21,1,103,67.6471,2.9412,61.7647,11.4444
140798,오뚜기)김치참치덮밥(컵밥),가공식품>가공미반류>즉석컵밥,가공식품,가공미반류,즉석컵밥,당일픽업,83,31,103.0,61,16,6,0,0,0,2025-04-03,2025-04-30,5400.0,10,0,103,26.2295,0.0,16.3934,3.3226
390840,LG)바디피트내몸에순한면4P,위생용품>생리대>4P,위생용품,생리대,4P,당일픽업,90,46,103.0,69,13,6,1,1,0,2025-04-01,2025-04-30,2800.0,7,0,103,18.8406,1.4493,10.1449,2.2391
062551,빙그레)스페셜티안티오키아460ml,유음료>가공우유>커피우유,유음료,가공우유,커피우유,당일픽업,85,48,103.0,57,17,9,2,0,0,2025-04-01,2025-04-30,3000.0,8,2,103,29.8246,3.5088,14.0351,2.1458
124698,연세)아몬드잣고소한두유190ml,유음료>두유>팩두유,유음료,두유,팩두유,당일픽업,70,27,103.0,41,22,5,1,1,0,2025-04-03,2025-04-30,1500.0,17,0,103,53.6585,2.439,41.4634,3.8148
124501,안유성)크림카레우동330g,냉동>냉동간편식>냉동면,냉동,냉동간편식,냉동면,당일픽업,79,37,102.0,61,11,2,5,0,0,2025-04-01,2025-04-30,5900.0,9,5,102,18.0328,8.1967,14.7541,2.7568
119073,매일)킨더부에노43g,과자>초콜릿>바초콜릿,과자,초콜릿,바초콜릿,당일픽업,74,35,102.0,44,19,7,4,0,0,2025-04-01,2025-04-30,2000.0,12,4,102,43.1818,9.0909,27.2727,2.9143
114027,남양)과수원사과팩190ml,유음료>냉장주스>냉장주스(소),유음료,냉장주스,냉장주스(소),당일픽업,68,26,102.0,38,22,5,2,1,0,2025-04-04,2025-04-30,1000.0,17,1,102,57.8947,5.2632,44.7368,3.9231
112246,세븐브로이)하이볼에빠진파인애플500ml캔,양주와인>하이볼>국산하이볼,양주와인,하이볼,국산하이볼,당일픽업,85,44,102.0,62,9,4,9,1,0,2025-04-01,2025-04-30,4500.0,5,8,102,14.5161,14.5161,8.0645,2.3182
107133,G)보바티멜론배320ml,음료>차음료>기타차,음료,차음료,기타차,당일픽업,82,43,102.0,69,10,1,2,0,0,2025-04-01,2025-04-30,2500.0,9,2,102,14.4928,2.8986,13.0435,2.3721
116364,오리온)마이구미1000,과자>젤리류>국산젤리,과자,젤리류,국산젤리,당일픽업,68,32,102.0,41,22,5,0,0,0,2025-04-01,2025-04-29,1000.0,17,0,102,53.6585,0.0,41.4634,3.1875
106714,빙그레)사이즈업벤티아메리카노600ml,음료>커피음료>PET커피,음료,커피음료,PET커피,당일픽업,77,35,101.0,55,17,5,0,0,0,2025-04-02,2025-04-30,3200.0,12,0,101,30.9091,0.0,21.8182,2.8857
105969,매일)피크닉사과240ml,유음료>냉장주스>냉장주스(소),유음료,냉장주스,냉장주스(소),당일픽업,69,28,101.0,42,20,5,2,0,0,2025-04-01,2025-04-30,1000.0,15,2,101,47.619,4.7619,35.7143,3.6071
230019,동서)보리차300g,건강/기호식품>차>티백차류,건강/기호식품,차,티백차류,당일픽업,79,27,101.0,57,12,3,6,1,0,2025-04-01,2025-04-28,3300.0,9,5,101,21.0526,10.5263,15.7895,3.7407
170051,그래)여명808140ml,음료>기능성드링크>숙취해소음료,음료,기능성드링크,숙취해소음료,당일픽업,60,23,101.0,35,22,2,1,0,0,2025-04-01,2025-04-27,5500.0,20,1,101,62.8571,2.8571,57.1429,4.3913
123627,빙그레)요맘때복숭아70ml,아이스크림>노벨티>바,아이스크림,노벨티,바,당일픽업,77,21,101.0,55,17,5,0,0,0,2025-04-03,2025-04-29,1500.0,12,0,101,30.9091,0.0,21.8182,4.8095
124156,블루밍)미니뿌인형키링set_브라운,과자>초콜릿>행사상품,과자,초콜릿,행사상품,사전예약,93,70,101.0,87,5,1,0,0,0,2025-04-01,2025-04-30,21900.0,4,0,101,5.7471,0.0,4.5977,1.4429
109631,"롯데)3,900김치피자탕수육",미반>푸드 간편식>안주/반찬,미반,푸드 간편식,안주/반찬,당일픽업,85,45,100.0,58,15,7,3,2,0,2025-04-01,2025-04-30,3900.0,8,1,100,25.8621,5.1724,13.7931,2.2222
192467,롯데)떼레디마리오화이트750ml,양주와인>와인>화이트,양주와인,와인,화이트,당일픽업,81,34,100.0,67,8,1,5,0,0,2025-04-01,2025-04-30,17000.0,7,5,100,11.9403,7.4627,10.4478,2.9412
106032,크라운)밤양갱,과자>캔디류>소프트캔디,과자,캔디류,소프트캔디,당일픽업,72,39,100.0,45,19,6,2,0,0,2025-04-01,2025-04-30,700.0,13,2,100,42.2222,4.4444,28.8889,2.5641
107560,농심)누들핏짜파구리맛,면>용기면>숙면/건면,면,용기면,숙면/건면,당일픽업,83,53,100.0,64,10,2,5,2,0,2025-04-01,2025-04-30,1800.0,8,3,100,15.625,7.8125,12.5,1.8868
180151,아사히)아사히500ml캔,맥주>수입맥주>캔맥주(중),맥주,수입맥주,캔맥주(중),당일픽업,90,53,100.0,72,10,4,2,2,0,2025-04-01,2025-04-30,4900.0,6,0,100,13.8889,2.7778,8.3333,1.8868
124778,오리온)마켓오크림치즈브라우니12P,과자>비스킷류>파이,과자,비스킷류,파이,당일픽업,79,31,99.0,55,17,7,0,0,0,2025-04-10,2025-04-30,6600.0,10,0,99,30.9091,0.0,18.1818,3.1935
180697,배상면)느린마을늘봄막걸리750ml,전통주>막걸리>살균막걸리,전통주,막걸리,살균막걸리,당일픽업,90,43,99.0,77,8,4,1,0,0,2025-04-01,2025-04-30,2550.0,4,1,99,10.3896,1.2987,5.1948,2.3023
390820,LG)바디피트슈퍼롱&와이드10P,위생용품>생리대>대형,위생용품,생리대,대형,당일픽업,73,31,99.0,56,12,0,4,1,0,2025-04-02,2025-04-30,9400.0,12,3,99,21.4286,7.1429,21.4286,3.1935
202023,칠성)칸타타콘트라베이스블랙500,음료>커피음료>PET커피,음료,커피음료,PET커피,당일픽업,62,20,99.0,38,19,1,3,1,0,2025-04-01,2025-04-30,2700.0,18,2,99,50.0,7.8947,47.3684,4.95
123307,PB)착한콘칩65g,과자>스낵류>옥수수스낵,과자,스낵류,옥수수스낵,당일픽업,75,32,99.0,47,17,7,4,0,0,2025-04-05,2025-04-30,1200.0,10,4,99,36.1702,8.5106,21.2766,3.0938
181021,롯데)새로소주640ml페트,전통주>소주>페트소주,전통주,소주,페트소주,당일픽업,68,30,99.0,40,21,6,1,0,0,2025-04-01,2025-04-30,3300.0,15,1,99,52.5,2.5,37.5,3.3
107796,K리그산리오)인형_포차코,문구/완구>일반완구>일반완구,문구/완구,일반완구,일반완구,당일픽업,84,47,99.0,70,4,0,9,1,0,2025-04-01,2025-04-30,25000.0,4,8,99,5.7143,12.8571,5.7143,2.1064
107666,K리그)산리오캐리어(시나모롤),과자>캔디류>행사상품,과자,캔디류,행사상품,당일픽업,79,33,98.0,63,9,2,5,0,0,2025-04-01,2025-04-28,29900.0,7,5,98,14.2857,7.9365,11.1111,2.9697
113587,해태)버터링65g,과자>비스킷류>쿠키,과자,비스킷류,쿠키,당일픽업,73,31,98.0,39,21,10,3,0,0,2025-04-01,2025-04-30,1500.0,11,3,98,53.8462,7.6923,28.2051,3.1613
192645,7P)스트롱사와레몬350ml,양주와인>하이볼>수입하이볼,양주와인,하이볼,수입하이볼,당일픽업,88,56,98.0,74,2,0,10,2,0,2025-04-01,2025-04-30,2000.0,2,8,98,2.7027,13.5135,2.7027,1.75
132339,오뚜기)진짬뽕큰컵,면>용기면>라면(대형컵),면,용기면,라면(대형컵),당일픽업,75,35,98.0,41,22,11,1,0,0,2025-04-01,2025-04-30,2000.0,11,1,98,53.6585,2.439,26.8293,2.8
202251,웅진)티즐제로유자그린티500ml,음료>차음료>기타차,음료,차음료,기타차,당일픽업,66,22,98.0,46,15,1,4,0,0,2025-04-05,2025-04-30,2500.0,14,4,98,32.6087,8.6957,30.4348,4.4545
108760,롯데)빅블랙페퍼마요불고기버거,조리빵>햄버거>햄버거,조리빵,햄버거,햄버거,당일픽업,78,36,98.0,53,16,7,2,0,0,2025-04-01,2025-04-28,3500.0,9,2,98,30.1887,3.7736,16.9811,2.7222
123390,롯데)오징어버거,조리빵>햄버거>햄버거,조리빵,햄버거,햄버거,당일픽업,73,39,98.0,51,15,4,3,0,0,2025-04-01,2025-04-28,3500.0,11,3,98,29.4118,5.8824,21.5686,2.5128
124909,PB)수피마 화이트 티셔츠 100_H,패션잡화>팬티/내의>내의류,패션잡화,팬티/내의,내의류,당일픽업,80,32,94.0,61,10,2,3,2,2,2025-04-17,2025-04-30,12500.0,8,1,97,16.3934,4.918,13.1148,3.0312
191318,하이직모나폴750ml,양주와인>와인>스파클링(샴페인),양주와인,와인,스파클링(샴페인),사전예약,97,83,97.0,97,0,0,0,0,0,2025-04-01,2025-04-30,85000.0,0,0,97,0.0,0.0,0.0,1.1687
111519,크라운)못말리는신짱1500,과자>스낵류>일반스낵,과자,스낵류,일반스낵,당일픽업,73,31,97.0,35,22,12,4,0,0,2025-04-01,2025-04-29,1500.0,10,4,97,62.8571,11.4286,28.5714,3.129
132159,농심)짜파게티큰사발,면>용기면>비빔/볶음면,면,용기면,비빔/볶음면,교환권,68,42,97.0,53,14,0,1,0,0,2025-04-03,2025-04-30,1500.0,14,1,97,26.4151,1.8868,26.4151,2.3095
104535,크라운)죠리퐁1500,과자>스낵류>일반스낵,과자,스낵류,일반스낵,당일픽업,68,25,97.0,42,18,5,3,0,0,2025-04-01,2025-04-29,1500.0,13,3,97,42.8571,7.1429,30.9524,3.88
150955,롯데)구구콘160ml,아이스크림>노벨티>콘,아이스크림,노벨티,콘,당일픽업,65,27,97.0,42,18,3,2,0,0,2025-04-03,2025-04-30,2500.0,15,2,97,42.8571,4.7619,35.7143,3.5926
117105,롯데)말랑카우(봉지),과자>캔디류>봉지캔디,과자,캔디류,봉지캔디,당일픽업,80,41,97.0,53,14,8,5,0,0,2025-04-03,2025-04-30,3000.0,6,5,97,26.4151,9.434,11.3208,2.3659
124291,일신)캇예스레인보우75g,과자>젤리류>수입젤리,과자,젤리류,수입젤리,당일픽업,76,35,97.0,61,9,1,5,0,0,2025-04-04,2025-04-30,2500.0,8,5,97,14.7541,8.1967,13.1148,2.7714
124563,해태)자가비사워크림맛45g,과자>스낵류>감자스낵,과자,스낵류,감자스낵,교환권,69,36,96.0,46,13,1,7,2,0,2025-04-01,2025-04-28,2000.0,12,5,96,28.2609,15.2174,26.087,2.6667
201351,HK)컨디션헛개수1.0L,음료>차음료>기타차,음료,차음료,기타차,당일픽업,61,29,96.0,36,19,2,3,1,0,2025-04-02,2025-04-30,3000.0,17,2,96,52.7778,8.3333,47.2222,3.3103
061213,남양)초코에몽190ml,유음료>가공우유>초코우유,유음료,가공우유,초코우유,당일픽업,74,39,96.0,42,20,10,2,0,0,2025-04-01,2025-04-29,1600.0,10,2,96,47.619,4.7619,23.8095,2.4615
124857,토트넘 코커렐 키링,패션잡화>시즌/소품>기타,패션잡화,시즌/소품,기타,사전예약,72,29,96.0,55,10,0,6,1,0,2025-04-01,2025-04-10,15300.0,10,5,96,18.1818,10.9091,18.1818,3.3103
112114,크라운)마이쮸사과44g,과자>캔디류>소프트캔디,과자,캔디류,소프트캔디,당일픽업,61,21,96.0,35,21,4,1,0,0,2025-04-01,2025-04-30,800.0,17,1,96,60.0,2.8571,48.5714,4.5714
170929,미쓰이)스카치위스키하이볼350ml,양주와인>하이볼>국산하이볼,양주와인,하이볼,국산하이볼,당일픽업,94,53,96.0,93,1,0,0,0,0,2025-04-01,2025-04-30,6000.0,1,0,96,1.0753,0.0,1.0753,1.8113
124889,선우)푸투안초코모찌30g,과자>초콜릿>볼초콜릿,과자,초콜릿,볼초콜릿,당일픽업,81,42,95.0,58,9,4,8,2,0,2025-04-05,2025-04-29,1500.0,5,6,95,15.5172,13.7931,8.6207,2.2619
109787,PB)착한후랑크(오리지널),냉장>냉장간식>소형바,냉장,냉장간식,소형바,당일픽업,84,37,95.0,57,14,9,3,1,0,2025-04-01,2025-04-30,1500.0,5,2,95,24.5614,5.2632,8.7719,2.5676
160252,코카)파워에이드마운틴600ml,음료>스포츠음료>스포츠음료(중),음료,스포츠음료,스포츠음료(중),당일픽업,63,26,95.0,37,21,5,0,0,0,2025-04-02,2025-04-30,2400.0,16,0,95,56.7568,0.0,43.2432,3.6538
132709,팔도)틈새라면매운김치컵,면>용기면>라면(대형컵),면,용기면,라면(대형컵),당일픽업,80,31,95.0,48,16,9,5,2,0,2025-04-05,2025-04-30,1800.0,7,3,95,33.3333,10.4167,14.5833,3.0645
170263,오비)호가든500ml캔,맥주>수입맥주>캔맥주(중),맥주,수입맥주,캔맥주(중),당일픽업,83,49,95.0,65,12,6,0,0,0,2025-04-01,2025-04-30,4900.0,6,0,95,18.4615,0.0,9.2308,1.9388
132015,오뚜기)스낵면소컵,면>용기면>라면(소형컵),면,용기면,라면(소형컵),당일픽업,63,29,95.0,37,21,5,0,0,0,2025-04-01,2025-04-30,1100.0,16,0,95,56.7568,0.0,43.2432,3.2759
380462,애경)2080치약125g_H,H&B>치약>일반치약,H&B,치약,일반치약,당일픽업,69,31,95.0,47,16,3,2,1,0,2025-04-01,2025-04-30,4400.0,13,1,95,34.0426,4.2553,27.6596,3.0645
124449,사조)빠삭어묵칩매콤한맛40g,안주>생선류>어육스낵,안주,생선류,어육스낵,당일픽업,74,30,95.0,43,20,10,1,0,0,2025-04-03,2025-04-30,5900.0,10,1,95,46.5116,2.3256,23.2558,3.1667
118014,오리온)예감치즈그라탕64g,과자>스낵류>감자스낵,과자,스낵류,감자스낵,당일픽업,77,32,95.0,39,22,14,2,0,0,2025-04-01,2025-04-30,1500.0,8,2,95,56.4103,5.1282,20.5128,2.9688
103043,매일)킨더초코릿50g(4입),과자>초콜릿>판초콜릿,과자,초콜릿,판초콜릿,당일픽업,81,24,94.0,45,19,14,3,0,0,2025-04-02,2025-04-29,2000.0,5,3,94,42.2222,6.6667,11.1111,3.9167
117151,해태)오예스360g,과자>비스킷류>파이,과자,비스킷류,파이,당일픽업,72,20,94.0,54,13,3,2,0,0,2025-04-02,2025-04-29,6600.0,10,2,94,24.0741,3.7037,18.5185,4.7
201004,칠성)립톤아이스티500ml,음료>차음료>홍차,음료,차음료,홍차,당일픽업,67,22,94.0,45,17,4,1,0,0,2025-04-01,2025-04-30,1700.0,13,1,94,37.7778,2.2222,28.8889,4.2727
210824,해태)폴라포포도120ml,아이스크림>노벨티>펜슬,아이스크림,노벨티,펜슬,당일픽업,64,19,94.0,41,19,4,0,0,0,2025-04-06,2025-04-30,2200.0,15,0,94,46.3415,0.0,36.5854,4.9474
202435,코카)몬스터(망고로코)355,음료>기능성드링크>에너지음료,음료,기능성드링크,에너지음료,당일픽업,69,31,94.0,41,18,5,3,2,0,2025-04-01,2025-04-30,2300.0,13,1,94,43.9024,7.3171,31.7073,3.0323
124860,토트넘 패키지 세트,패션잡화>시즌/소품>기타,패션잡화,시즌/소품,기타,사전예약,90,72,94.0,81,4,3,2,0,0,2025-04-01,2025-04-11,93600.0,1,2,94,4.9383,2.4691,1.2346,1.3056
083777,삼립)피카피카치즈케익80g,빵>간식빵>캐릭터빵,빵,간식빵,캐릭터빵,당일픽업,65,29,93.0,38,19,6,2,0,0,2025-04-03,2025-04-30,1800.0,13,2,93,50.0,5.2632,34.2105,3.2069
112031,동서)오레오초코100g,과자>비스킷류>쿠키,과자,비스킷류,쿠키,당일픽업,70,32,93.0,49,14,4,3,0,0,2025-04-01,2025-04-30,2300.0,10,3,93,28.5714,6.1224,20.4082,2.9062
122437,이노엔)컨디션스틱오리지널,건강/기호식품>숙취해소제>젤리제형,건강/기호식품,숙취해소제,젤리제형,당일픽업,70,31,93.0,45,16,5,3,1,0,2025-04-03,2025-04-30,3900.0,11,2,93,35.5556,6.6667,24.4444,3.0
124133,롯데)이너프베이크드쿠키애플43g,과자>비스킷류>쿠키,과자,비스킷류,쿠키,당일픽업,71,31,93.0,52,12,3,4,0,0,2025-04-03,2025-04-29,1500.0,9,4,93,23.0769,7.6923,17.3077,3.0
132308,PB)강릉교동반점짬뽕(직화),면>용기면>라면(대형컵),면,용기면,라면(대형컵),교환권,58,20,93.0,38,15,0,5,0,0,2025-04-01,2025-04-30,2000.0,15,5,93,39.4737,13.1579,39.4737,4.65
115863,농심)오징어집78g,과자>스낵류>옥수수스낵,과자,스낵류,옥수수스낵,당일픽업,68,25,93.0,34,21,9,3,1,0,2025-04-01,2025-04-27,1700.0,12,2,93,61.7647,8.8235,35.2941,3.72
141243,오뚜기)발아현미밥210g,가공식품>가공미반류>즉석밥,가공식품,가공미반류,즉석밥,교환권,65,34,93.0,43,15,2,4,1,0,2025-04-01,2025-04-29,2700.0,13,3,93,34.8837,9.3023,30.2326,2.7353
600600,PB)피카츄계란과자108g,과자>스낵류>일반스낵,과자,스낵류,일반스낵,당일픽업,80,42,93.0,49,18,11,1,1,0,2025-04-01,2025-04-30,2000.0,7,0,93,36.7347,2.0408,14.2857,2.2143
110985,해태)자유시간,과자>초콜릿>바초콜릿,과자,초콜릿,바초콜릿,당일픽업,52,21,93.0,29,21,1,1,0,0,2025-04-01,2025-04-30,1200.0,20,1,93,72.4138,3.4483,68.9655,4.4286
210678,롯데)명가찰떡아이스90ml,아이스크림>노벨티>모나카,아이스크림,노벨티,모나카,당일픽업,60,32,93.0,42,15,0,3,0,0,2025-04-02,2025-04-29,2200.0,15,3,93,35.7143,7.1429,35.7143,2.9062
601348,엔제이)딸기썬더파우치37g,과자>초콜릿>봉지초콜릿,과자,초콜릿,봉지초콜릿,당일픽업,71,39,92.0,52,8,2,9,0,0,2025-04-01,2025-04-30,3000.0,6,9,92,15.3846,17.3077,11.5385,2.359
132382,삼양)불닭볶음탕면(큰컵),면>용기면>라면(대형컵),면,용기면,라면(대형컵),당일픽업,74,39,92.0,50,12,6,6,0,0,2025-04-02,2025-04-30,1800.0,6,6,92,24.0,12.0,12.0,2.359
070142,서울)딸기우유200ml,유음료>가공우유>딸기우유,유음료,가공우유,딸기우유,당일픽업,72,35,92.0,44,13,7,8,0,0,2025-04-01,2025-04-30,1300.0,6,8,92,29.5455,18.1818,13.6364,2.6286
191233,산타캐롤리나까버네750ml,양주와인>와인>레드,양주와인,와인,레드,사전예약,77,44,92.0,67,5,0,5,0,0,2025-04-02,2025-04-30,10000.0,5,5,92,7.4627,7.4627,7.4627,2.0909
124709,디아)조니워커블랙루비700ml,양주와인>양주>위스키,양주와인,양주,위스키,당일픽업,83,41,92.0,74,6,1,1,1,0,2025-04-09,2025-04-30,69900.0,5,0,92,8.1081,1.3514,6.7568,2.2439
124712,하이트)블랙보리누룽지520ml,음료>차음료>기타차,음료,차음료,기타차,당일픽업,67,21,92.0,38,20,8,1,0,0,2025-04-03,2025-04-30,2200.0,12,1,92,52.6316,2.6316,31.5789,4.381
061843,빙그레)사이즈업바닐라라떼350ml,유음료>가공우유>기타,유음료,가공우유,기타,당일픽업,71,34,91.0,58,10,1,2,0,0,2025-04-01,2025-04-30,2600.0,9,2,91,17.2414,3.4483,15.5172,2.6765
192133,베어풋버블리핑크모스카토,양주와인>와인>스파클링(샴페인),양주와인,와인,스파클링(샴페인),사전예약,78,59,89.5,65,3,0,8,1,1,2025-04-01,2025-04-30,19900.0,3,7,91,4.6154,12.3077,4.6154,1.5424
114811,하리보)골든배렌젤리100g,과자>젤리류>수입젤리,과자,젤리류,수입젤리,당일픽업,68,22,91.0,40,19,8,1,0,0,2025-04-02,2025-04-29,2500.0,11,1,91,47.5,2.5,27.5,4.1364
123281,디사론노700ml,양주와인>리쿼>리쿼,양주와인,리쿼,리쿼,사전예약,85,60,91.0,79,0,0,6,0,0,2025-04-01,2025-04-30,30900.0,0,6,91,0.0,7.5949,0.0,1.5167
124637,키키쿼카)밍크담요set,과자>캔디류>행사상품,과자,캔디류,행사상품,사전예약,80,61,91.0,73,4,0,3,0,0,2025-04-01,2025-04-30,21900.0,4,3,91,5.4795,4.1096,5.4795,1.4918
124510,우진)지오도BDM 18,양주와인>와인>레드,양주와인,와인,레드,당일픽업,89,46,91.0,81,0,2,6,0,0,2025-04-01,2025-04-30,199900.0,-2,6,91,0.0,7.4074,-2.4691,1.9783
202326,한국)몽베스트생수500ml,음료>생수>500ml이하,음료,생수,500ml이하,당일픽업,74,42,91.0,61,10,2,1,0,0,2025-04-01,2025-04-30,1100.0,8,1,91,16.3934,1.6393,13.1148,2.1667
123106,"롯데)3,900매콤닭껍질튀김",미반>푸드 간편식>안주/반찬,미반,푸드 간편식,안주/반찬,당일픽업,74,35,90.0,56,13,5,0,0,0,2025-04-02,2025-04-30,3900.0,8,0,90,23.2143,0.0,14.2857,2.5714
124885,하루하나준마이,전통주>기타전통주>중국/일본주,전통주,기타전통주,중국/일본주,사전예약,87,80,90.0,85,1,0,1,0,0,2025-04-01,2025-04-30,28000.0,1,1,90,1.1765,1.1765,1.1765,1.125
109008,PB)바닐라초코마카다미아봉봉50g,과자>초콜릿>볼초콜릿,과자,초콜릿,볼초콜릿,교환권,67,43,90.0,52,11,1,3,0,0,2025-04-01,2025-04-28,3000.0,10,3,90,21.1538,5.7692,19.2308,2.093
107671,K리그산리오)머플러(헬로키티),패션잡화>시즌/소품>기타,패션잡화,시즌/소품,기타,당일픽업,83,35,90.0,77,1,0,5,0,0,2025-04-01,2025-04-30,20000.0,1,5,90,1.2987,6.4935,1.2987,2.5714
180865,제주와이너리귤로만10도*3병,전통주>기타전통주>기타,전통주,기타전통주,기타,사전예약,72,43,90.0,55,10,1,4,2,0,2025-04-02,2025-04-30,12600.0,9,2,90,18.1818,7.2727,16.3636,2.093
107511,빙그레)왕실쿠키샌드초코120ml,아이스크림>노벨티>모나카,아이스크림,노벨티,모나카,당일픽업,75,37,90.0,53,11,5,5,1,0,2025-04-02,2025-04-30,4000.0,6,4,90,20.7547,9.434,11.3208,2.4324
108549,피치)까먹는곰모양젤리(샤인)40g,과자>젤리류>수입젤리,과자,젤리류,수입젤리,당일픽업,71,47,90.0,60,8,0,3,0,0,2025-04-01,2025-04-29,2500.0,8,3,90,13.3333,5.0,13.3333,1.9149
062393,빙그레)아이스티복숭아300ml,유음료>가공우유>기타,유음료,가공우유,기타,당일픽업,72,31,89.0,43,18,9,1,1,0,2025-04-01,2025-04-30,1400.0,9,0,89,41.8605,2.3256,20.9302,2.871
170395,오비)new카스500ml병,맥주>국산맥주>병맥주,맥주,국산맥주,병맥주,당일픽업,70,38,89.0,54,12,2,1,1,0,2025-04-01,2025-04-30,2500.0,10,0,89,22.2222,1.8519,18.5185,2.3421
107668,K리그)산리오캐리어(마이멜로디),과자>캔디류>행사상품,과자,캔디류,행사상품,당일픽업,70,19,89.0,55,10,1,3,1,0,2025-04-02,2025-04-28,29900.0,9,2,89,18.1818,5.4545,16.3636,4.6842
124287,한입)게맛살깡와사비맛30g,안주>스낵안주>일반스낵,안주,스낵안주,일반스낵,당일픽업,74,41,89.0,51,13,7,3,0,0,2025-04-01,2025-04-30,4900.0,6,3,89,25.4902,5.8824,11.7647,2.1707
107138,PB)제로곤약젤리사과140ml,디저트>젤리>마시는젤리,디저트,젤리,마시는젤리,당일픽업,72,33,89.0,51,14,6,1,0,0,2025-04-01,2025-04-30,1600.0,8,1,89,27.451,1.9608,15.6863,2.697
123147,불닭마요참치김밥,미반>김밥>말이김밥,미반,김밥,말이김밥,사전예약,85,54,87.5,63,9,4,3,5,1,2025-04-01,2025-04-22,2700.0,5,-2,89,14.2857,4.7619,7.9365,1.6481
073422,삼립)쓱닭쓱닭블랙페퍼100g,냉장>냉장간식>냉장 프로틴,냉장,냉장간식,냉장 프로틴,당일픽업,76,47,89.0,50,11,6,7,2,0,2025-04-01,2025-04-30,4500.0,5,5,89,22.0,14.0,10.0,1.8936
390869,LG)바디피트볼록맞춤오버4P,위생용품>생리대>4P,위생용품,생리대,4P,당일픽업,79,47,89.0,67,7,2,2,1,0,2025-04-01,2025-04-29,4200.0,5,1,89,10.4478,2.9851,7.4627,1.8936
061692,매일)소화가잘되는우유190ml,유음료>기능성우유>기능성 우유,유음료,기능성우유,기능성 우유,당일픽업,67,28,88.0,45,14,5,3,0,0,2025-04-04,2025-04-30,1200.0,9,3,88,31.1111,6.6667,20.0,3.1429
210870,롯데)빵빠레초코175ml,아이스크림>노벨티>콘,아이스크림,노벨티,콘,당일픽업,62,30,88.0,42,15,3,2,0,0,2025-04-01,2025-04-30,2500.0,12,2,88,35.7143,4.7619,28.5714,2.9333
111739,크라운)참크래커56g,과자>비스킷류>크래커,과자,비스킷류,크래커,당일픽업,78,33,88.0,44,18,13,2,1,0,2025-04-01,2025-04-30,1200.0,5,1,88,40.9091,4.5455,11.3636,2.6667
200247,디아)조니워커블랙500ml,양주와인>양주>위스키,양주와인,양주,위스키,당일픽업,83,52,88.0,80,2,0,1,0,0,2025-04-03,2025-04-29,47200.0,2,1,88,2.5,1.25,2.5,1.6923
210294,팔도)짬뽕왕뚜껑,면>용기면>라면(대형컵),면,용기면,라면(대형컵),당일픽업,59,16,88.0,36,18,3,1,1,0,2025-04-09,2025-04-30,1500.0,15,0,88,50.0,2.7778,41.6667,5.5
202262,HK)컨디션헛개수EX500ml,음료>차음료>기타차,음료,차음료,기타차,당일픽업,66,26,88.0,38,18,6,2,2,0,2025-04-02,2025-04-30,3000.0,12,0,88,47.3684,5.2632,31.5789,3.3846
083686,PB)버터크림앙모스180g,빵>간식빵>과자빵,빵,간식빵,과자빵,당일픽업,71,36,88.0,46,13,7,5,0,0,2025-04-03,2025-04-30,3200.0,6,5,88,28.2609,10.8696,13.0435,2.4444
170245,오비)카스라이트500ml캔,맥주>국산맥주>캔맥주(중),맥주,국산맥주,캔맥주(중),당일픽업,75,38,88.0,60,10,4,1,0,0,2025-04-01,2025-04-29,2800.0,6,1,88,16.6667,1.6667,10.0,2.3158
132632,농심)신라면건면사발,면>용기면>숙면/건면,면,용기면,숙면/건면,당일픽업,65,27,88.0,47,14,3,1,0,0,2025-04-01,2025-04-30,1800.0,11,1,88,29.7872,2.1277,23.4043,3.2593
083224,삼립)잼있는딸기쿠키75g,빵>구움과자>구움과자,빵,구움과자,구움과자,당일픽업,68,21,88.0,45,15,6,2,0,0,2025-04-04,2025-04-30,1300.0,9,2,88,33.3333,4.4444,20.0,4.1905
104674,크라운)빅파이216g,과자>비스킷류>파이,과자,비스킷류,파이,당일픽업,70,36,88.0,51,11,3,4,1,0,2025-04-01,2025-04-29,3200.0,8,3,88,21.5686,7.8431,15.6863,2.4444
124865,맨시티 No.9 마킹 스카이블루 티셔츠_95,패션잡화>시즌/소품>기타,패션잡화,시즌/소품,기타,사전예약,78,62,87.0,73,4,0,1,0,0,2025-04-01,2025-04-11,55200.0,4,1,87,5.4795,1.3699,5.4795,1.4032
116102,동서)리츠치즈샌드크래커96g,과자>비스킷류>크래커,과자,비스킷류,크래커,당일픽업,69,36,87.0,45,12,6,6,0,0,2025-04-01,2025-04-30,2400.0,6,6,87,26.6667,13.3333,13.3333,2.4167
117755,해태)포키오리지날46g,과자>비스킷류>스틱과자,과자,비스킷류,스틱과자,당일픽업,65,28,87.0,38,16,6,4,1,0,2025-04-05,2025-04-30,1900.0,10,3,87,42.1053,10.5263,26.3158,3.1071
106824,스윗)케이준치킨너겟샐러드165g,미반>샐러드 >채소샐러드 ,미반,샐러드 ,채소샐러드 ,당일픽업,83,58,85.5,70,0,0,9,3,1,2025-04-01,2025-04-29,4900.0,0,6,87,0.0,12.8571,0.0,1.5
080479,행복담기)훈제란2입,냉장>냉장간식>삶은계란,냉장,냉장간식,삶은계란,당일픽업,76,28,87.0,51,13,9,3,0,0,2025-04-01,2025-04-30,2600.0,4,3,87,25.4902,5.8824,7.8431,3.1071
124546,롯데)포켓델리치킨난반,미반>푸드 간편식>안주/반찬,미반,푸드 간편식,안주/반찬,당일픽업,75,43,87.0,59,5,2,8,1,0,2025-04-01,2025-04-29,3300.0,3,7,87,8.4746,13.5593,5.0847,2.0233
062398,서울)비요뜨링크138g,유음료>요구르트>떠먹는요구르트,유음료,요구르트,떠먹는요구르트,당일픽업,78,31,87.0,49,10,6,9,4,0,2025-04-01,2025-04-29,2300.0,4,5,87,20.4082,18.3673,8.1633,2.8065
123515,그린)29피자벅,조리빵>햄버거>햄버거,조리빵,햄버거,햄버거,당일픽업,90,66,87.0,77,5,6,1,1,0,2025-04-01,2025-04-20,2900.0,-1,0,87,6.4935,1.2987,-1.2987,1.3182
083326,롯데)빅단팥빵100g,빵>간식빵>과자빵,빵,간식빵,과자빵,당일픽업,58,21,87.0,32,18,5,3,0,0,2025-04-04,2025-04-30,1600.0,13,3,87,56.25,9.375,40.625,4.1429
070475,남양)맛있는우유900ml,유음료>흰우유>흰우유(대),유음료,흰우유,흰우유(대),당일픽업,63,24,87.0,35,17,6,4,1,0,2025-04-01,2025-04-28,3200.0,11,3,87,48.5714,11.4286,31.4286,3.625
108827,키다리)진실의미간김치국수큰컵,면>용기면>숙면/건면,면,용기면,숙면/건면,당일픽업,63,15,87.0,40,16,5,2,0,0,2025-04-12,2025-04-30,2400.0,11,2,87,40.0,5.0,27.5,5.8
124248,벤리악21년700ml,양주와인>양주>위스키,양주와인,양주,위스키,사전예약,77,39,86.0,70,2,0,5,0,0,2025-04-07,2025-04-30,394200.0,2,5,86,2.8571,7.1429,2.8571,2.2051
124151,오리온)마이구미제로54g,과자>젤리류>국산젤리,과자,젤리류,국산젤리,당일픽업,61,23,86.0,36,15,4,5,1,0,2025-04-03,2025-04-29,1200.0,11,4,86,41.6667,13.8889,30.5556,3.7391
125416,자이언츠)마!비어라500ml캔,맥주>국산맥주>캔맥주(중),맥주,국산맥주,캔맥주(중),당일픽업,58,41,86.0,30,0,0,28,0,0,2025-04-29,2025-04-30,2800.0,0,28,86,0.0,93.3333,0.0,2.0976
191976,산타리타트리플C,양주와인>와인>레드,양주와인,와인,레드,사전예약,76,58,86.0,64,4,1,6,1,0,2025-04-01,2025-04-30,49000.0,3,5,86,6.25,9.375,4.6875,1.4828
111382,농심)멘토스레인보우,과자>캔디류>과일향캔디,과자,캔디류,과일향캔디,당일픽업,62,28,86.0,38,18,6,0,0,0,2025-04-01,2025-04-27,900.0,12,0,86,47.3684,0.0,31.5789,3.0714
202638,칠성)밀키스제로250ml,음료>탄산음료>제로탄산,음료,탄산음료,제로탄산,당일픽업,65,30,86.0,37,17,7,3,1,0,2025-04-02,2025-04-30,1500.0,10,2,86,45.9459,8.1081,27.027,2.8667
061524,남양)맛있는우유900ml*2입,유음료>흰우유>흰우유(대),유음료,흰우유,흰우유(대),당일픽업,64,16,85.0,45,11,1,5,2,0,2025-04-02,2025-04-30,5880.0,10,3,85,24.4444,11.1111,22.2222,5.3125
210742,빙그레)뽕따소다130ml,아이스크림>노벨티>펜슬,아이스크림,노벨티,펜슬,당일픽업,61,20,85.0,41,13,2,4,1,0,2025-04-06,2025-04-30,1800.0,11,3,85,31.7073,9.7561,26.8293,4.25
192099,더슬라우치쉬라즈750ml,양주와인>와인>레드,양주와인,와인,레드,사전예약,71,44,85.0,58,4,0,8,1,0,2025-04-01,2025-04-30,13900.0,4,7,85,6.8966,13.7931,6.8966,1.9318
107456,덴마크)테이크얼라이브블렌드자몽히비스커스 300ml,유음료>냉장주스>유산균음료,유음료,냉장주스,유산균음료,당일픽업,73,38,85.0,49,12,7,4,1,0,2025-04-01,2025-04-30,2200.0,5,3,85,24.4898,8.1633,10.2041,2.2368
118533,오리온)예감볶은양파64g,과자>스낵류>감자스낵,과자,스낵류,감자스낵,당일픽업,70,23,85.0,37,18,12,3,0,0,2025-04-03,2025-04-30,1500.0,6,3,85,48.6486,8.1081,16.2162,3.6957
124964,CJ)햇반100%통곡물밥130g,가공식품>가공미반류>즉석밥,가공식품,가공미반류,즉석밥,당일픽업,69,26,85.0,45,13,5,4,2,0,2025-04-10,2025-04-30,2600.0,8,2,85,28.8889,8.8889,17.7778,3.2692
115569,하리보)스타믹스젤리100g,과자>젤리류>수입젤리,과자,젤리류,수입젤리,당일픽업,56,31,85.0,33,18,4,1,0,0,2025-04-01,2025-04-30,2500.0,14,1,85,54.5455,3.0303,42.4242,2.7419
111180,CJ)소바바양념치킨240g,냉동>조리냉동>냉동안주류,냉동,조리냉동,냉동안주류,당일픽업,74,37,85.0,55,10,6,3,0,0,2025-04-01,2025-04-30,9900.0,4,3,85,18.1818,5.4545,7.2727,2.2973
105720,오리온)아이셔츄레몬라임48g,과자>캔디류>소프트캔디,과자,캔디류,소프트캔디,당일픽업,60,10,85.0,31,20,8,1,0,0,2025-04-01,2025-04-30,1000.0,12,1,85,64.5161,3.2258,38.7097,8.5
107685,K리그)산리오캐리어(단체),과자>캔디류>행사상품,과자,캔디류,행사상품,당일픽업,68,20,85.0,53,8,0,5,2,0,2025-04-01,2025-04-28,29900.0,8,3,85,15.0943,9.434,15.0943,4.25
123810,서주)허쉬생초코바90ml,아이스크림>노벨티>바,아이스크림,노벨티,바,당일픽업,69,27,85.0,43,14,7,4,1,0,2025-04-04,2025-04-29,3000.0,7,3,85,32.5581,9.3023,16.2791,3.1481
118950,오리온)꼬북칩쵸코츄러스맛80g,과자>스낵류>옥수수스낵,과자,스낵류,옥수수스낵,당일픽업,74,33,85.0,45,15,10,3,1,0,2025-04-01,2025-04-30,1700.0,5,2,85,33.3333,6.6667,11.1111,2.5758
070379,서울)저지방우유200ml,유음료>기능성우유>기능성 우유,유음료,기능성우유,기능성 우유,당일픽업,66,22,85.0,41,15,7,3,0,0,2025-04-01,2025-04-30,1200.0,8,3,85,36.5854,7.3171,19.5122,3.8636
117152,해태)맛동산90g,과자>스낵류>일반스낵,과자,스낵류,일반스낵,당일픽업,69,25,84.0,38,17,10,3,1,0,2025-04-01,2025-04-30,2000.0,7,2,84,44.7368,7.8947,18.4211,3.36
123089,와일드 터키 마스터스 킵 보이지,양주와인>양주>위스키,양주와인,양주,위스키,사전예약,83,60,84.0,82,0,0,1,0,0,2025-04-01,2025-04-30,320000.0,0,1,84,0.0,1.2195,0.0,1.4
191238,조닌프로세코750ml,양주와인>와인>화이트,양주와인,와인,화이트,사전예약,75,47,84.0,65,2,0,7,1,0,2025-04-01,2025-04-28,17900.0,2,6,84,3.0769,10.7692,3.0769,1.7872
124733,칠성)핫식스더킹메가제로500ml,음료>기능성드링크>에너지음료,음료,기능성드링크,에너지음료,당일픽업,66,35,84.0,53,11,2,0,0,0,2025-04-06,2025-04-29,3000.0,9,0,84,20.7547,0.0,16.9811,2.4
123988,쿠보타 준마이 다이긴죠,전통주>기타전통주>청주,전통주,기타전통주,청주,사전예약,71,44,84.0,58,6,0,5,2,0,2025-04-08,2025-04-30,55000.0,6,3,84,10.3448,8.6207,10.3448,1.9091
170914,하이트)켈리500ml캔,맥주>국산맥주>캔맥주(중),맥주,국산맥주,캔맥주(중),당일픽업,73,43,84.0,53,12,7,1,0,0,2025-04-01,2025-04-30,2800.0,5,1,84,22.6415,1.8868,9.434,1.9535
124544,롯데)포켓델리햄&포테이토샐러드,미반>푸드 간편식>안주/반찬,미반,푸드 간편식,안주/반찬,당일픽업,76,43,84.0,61,8,5,2,0,0,2025-04-01,2025-04-30,2900.0,3,2,84,13.1148,3.2787,4.918,1.9535
083774,삼립)고오스초코케익80g,빵>간식빵>캐릭터빵,빵,간식빵,캐릭터빵,당일픽업,60,26,84.0,36,15,5,4,0,0,2025-04-04,2025-04-29,1700.0,10,4,84,41.6667,11.1111,27.7778,3.2308
161061,동서)스타벅스오리지날,음료>커피음료>병커피,음료,커피음료,병커피,당일픽업,67,24,84.0,38,15,7,5,2,0,2025-04-01,2025-04-30,3100.0,8,3,84,39.4737,13.1579,21.0526,3.5
113367,오리온)촉촉한초코칩160g,과자>비스킷류>쿠키,과자,비스킷류,쿠키,당일픽업,62,26,84.0,35,16,5,4,2,0,2025-04-02,2025-04-29,2800.0,11,2,84,45.7143,11.4286,31.4286,3.2308
053325,마일드숯불닭꼬치,즉석 식품>즉석치킨>꼬치류,즉석 식품,즉석치킨,꼬치류,당일픽업,60,17,84.0,39,15,3,2,1,0,2025-04-02,2025-04-30,2400.0,12,1,84,38.4615,5.1282,30.7692,4.9412
107050,현대)동원고추참치유부말이,미반>초밥류>유부초밥,미반,초밥류,유부초밥,당일픽업,71,37,84.0,55,9,4,3,0,0,2025-04-01,2025-04-30,2400.0,5,3,84,16.3636,5.4545,9.0909,2.2703
133746,한울)매운실비김치80g,냉장>냉장간편식>김치/단무지,냉장,냉장간편식,김치/단무지,당일픽업,67,30,84.0,54,10,2,1,0,0,2025-04-04,2025-04-28,2200.0,8,1,84,18.5185,1.8519,14.8148,2.8
170192,HK)헛개컨디션100ml,음료>기능성드링크>숙취해소음료,음료,기능성드링크,숙취해소음료,당일픽업,53,21,83.0,31,17,3,2,0,0,2025-04-01,2025-04-30,5000.0,14,2,83,54.8387,6.4516,45.1613,3.9524
109939,시바스리갈18년 700ml,양주와인>양주>위스키,양주와인,양주,위스키,사전예약,67,44,83.0,57,6,0,4,0,0,2025-04-01,2025-04-30,133600.0,6,4,83,10.5263,7.0175,10.5263,1.8864
124671,컵스)팝콘치킨,즉석 식품>즉석치킨(삭제예정)>세트류_삭제예정,즉석 식품,즉석치킨(삭제예정),세트류_삭제예정,당일픽업,66,27,83.0,46,12,5,3,0,0,2025-04-04,2025-04-30,3500.0,7,3,83,26.087,6.5217,15.2174,3.0741
600639,PB)고소한검은깨건빵200g,과자>스낵류>일반스낵,과자,스낵류,일반스낵,당일픽업,67,35,83.0,40,16,8,2,1,0,2025-04-02,2025-04-30,1600.0,8,1,83,40.0,5.0,20.0,2.3714
120360,동서)맥심화이트골드20입,건강/기호식품>커피>믹스커피,건강/기호식품,커피,믹스커피,당일픽업,64,24,83.0,39,15,6,3,1,0,2025-04-01,2025-04-30,5900.0,9,2,83,38.4615,7.6923,23.0769,3.4583
117408,동아)박카스맛젤리50g,과자>젤리류>국산젤리,과자,젤리류,국산젤리,당일픽업,64,33,83.0,48,12,3,1,0,0,2025-04-05,2025-04-30,1500.0,9,1,83,25.0,2.0833,18.75,2.5152
109632,로로)스모어초코아이스110g,아이스크림>노벨티>기타,아이스크림,노벨티,기타,당일픽업,71,46,83.0,56,9,4,2,0,0,2025-04-01,2025-04-30,4500.0,5,2,83,16.0714,3.5714,8.9286,1.8043
083698,롯데)우유식빵400g,빵>식빵>식빵,빵,식빵,식빵,당일픽업,68,26,83.0,52,11,4,1,0,0,2025-04-04,2025-04-30,3500.0,7,1,83,21.1538,1.9231,13.4615,3.1923
124479,화요41도(나혼렙에디션),전통주>소주>증류식소주,전통주,소주,증류식소주,사전예약,64,41,81.5,50,8,1,4,0,1,2025-04-01,2025-04-30,40300.0,7,4,83,16.0,8.0,14.0,2.0244
124864,토트넘 코커렐 메신저백,패션잡화>시즌/소품>기타,패션잡화,시즌/소품,기타,사전예약,76,58,82.0,70,3,0,2,1,0,2025-04-01,2025-04-11,53100.0,3,1,82,4.2857,2.8571,4.2857,1.4138
132109,PB)김치쏭쏭칼국수,면>용기면>숙면/건면,면,용기면,숙면/건면,교환권,56,23,82.0,38,14,2,2,0,0,2025-04-01,2025-04-30,2300.0,12,2,82,36.8421,5.2632,31.5789,3.5652
114405,프레스코발디 니포짜노 몬테소디750ml,양주와인>와인>레드,양주와인,와인,레드,사전예약,78,58,82.0,75,1,0,2,0,0,2025-04-01,2025-04-30,92000.0,1,2,82,1.3333,2.6667,1.3333,1.4138
160875,웅진)자연은토마토340ml,음료>주스>주스(중),음료,주스,주스(중),당일픽업,52,25,82.0,34,15,1,2,0,0,2025-04-02,2025-04-30,1800.0,14,2,82,44.1176,5.8824,41.1765,3.28
117969,오리온)고소미70g,과자>비스킷류>크래커,과자,비스킷류,크래커,당일픽업,58,21,82.0,31,18,7,2,0,0,2025-04-01,2025-04-30,1200.0,11,2,82,58.0645,6.4516,35.4839,3.9048
107580,농심)치타라24g,안주>스낵안주>일반스낵,안주,스낵안주,일반스낵,당일픽업,69,43,82.0,53,6,3,7,0,0,2025-04-01,2025-04-29,3900.0,3,7,82,11.3208,13.2075,5.6604,1.907
124040,해태)연양갱땅콩맛55g,과자>캔디류>소프트캔디,과자,캔디류,소프트캔디,교환권,54,20,82.0,37,14,0,2,1,0,2025-04-07,2025-04-28,900.0,14,1,82,37.8378,5.4054,37.8378,4.1
106559,오리온)찍먹나쵸치폴레마요84g,과자>스낵류>옥수수스낵,과자,스낵류,옥수수스낵,교환권,56,21,81.0,32,13,1,7,3,0,2025-04-01,2025-04-28,1700.0,12,4,81,40.625,21.875,37.5,3.8571
100431,마즈)트윅스1500,과자>초콜릿>바초콜릿,과자,초콜릿,바초콜릿,당일픽업,65,34,81.0,44,13,6,2,0,0,2025-04-01,2025-04-28,1800.0,7,2,81,29.5455,4.5455,15.9091,2.3824
123482,PB)착한아메리카노블랙230ml,즉석음료>파우치>아이스커피,즉석음료,파우치,아이스커피,당일픽업,64,27,81.0,46,11,4,3,0,0,2025-04-01,2025-04-30,800.0,7,3,81,23.913,6.5217,15.2174,3.0
200591,페르)앱솔루트보드카700ml,양주와인>양주>기타양주,양주와인,양주,기타양주,당일픽업,57,24,81.0,41,11,0,4,1,0,2025-04-03,2025-04-29,35700.0,11,3,81,26.8293,9.7561,26.8293,3.375
192529,피치트리700ml,양주와인>양주>기타양주,양주와인,양주,기타양주,사전예약,74,57,81.0,66,2,0,5,1,0,2025-04-01,2025-04-30,24900.0,2,4,81,3.0303,7.5758,3.0303,1.4211
371619,LG)테크베이킹소다액체세제1.4L_H,가정용품>세제류>세탁세제,가정용품,세제류,세탁세제,당일픽업,69,38,81.0,59,5,1,4,0,0,2025-04-01,2025-04-30,12900.0,4,4,81,8.4746,6.7797,6.7797,2.1316
220562,동원)양반전복죽285g,가공식품>가공미반류>죽,가공식품,가공미반류,죽,당일픽업,59,23,81.0,42,14,3,0,0,0,2025-04-02,2025-04-29,4500.0,11,0,81,33.3333,0.0,26.1905,3.5217
104323,해태)초코홈런볼46g,과자>비스킷류>쿠키,과자,비스킷류,쿠키,당일픽업,63,32,81.0,34,16,9,4,0,0,2025-04-01,2025-04-29,1900.0,7,4,81,47.0588,11.7647,20.5882,2.5312
132702,농심)카구리큰사발,면>용기면>라면(대형컵),면,용기면,라면(대형컵),당일픽업,53,22,80.0,35,15,2,1,0,0,2025-04-05,2025-04-30,1800.0,13,1,80,42.8571,2.8571,37.1429,3.6364
112088,롯데)자일리톨오리지날16g,과자>껌>케이스껌,과자,껌,케이스껌,당일픽업,51,18,80.0,32,16,2,1,0,0,2025-04-01,2025-04-30,1200.0,14,1,80,50.0,3.125,43.75,4.4444
117212,해태)구운감자27g,과자>스낵류>감자스낵,과자,스낵류,감자스낵,당일픽업,58,23,80.0,34,16,5,2,1,0,2025-04-06,2025-04-30,1000.0,11,1,80,47.0588,5.8824,32.3529,3.4783
124799,MDS)밀크크림고구마무스100g,디저트>냉장베이커리>조각케익,디저트,냉장베이커리,조각케익,당일픽업,76,43,80.0,63,6,4,2,1,0,2025-04-03,2025-04-30,2700.0,2,1,80,9.5238,3.1746,3.1746,1.8605
114488,오리온)왕고래밥볶음양념맛1200,과자>스낵류>일반스낵,과자,스낵류,일반스낵,당일픽업,65,30,80.0,41,15,8,1,0,0,2025-04-03,2025-04-30,1100.0,7,1,80,36.5854,2.439,17.0732,2.6667
109763,LS)짠한형화깨수20g,건강/기호식품>숙취해소제>기타제형,건강/기호식품,숙취해소제,기타제형,당일픽업,62,26,80.0,45,13,4,0,0,0,2025-04-02,2025-04-30,3800.0,9,0,80,28.8889,0.0,20.0,3.0769
120462,동서)미니카누마일드10입,건강/기호식품>커피>원두커피,건강/기호식품,커피,원두커피,당일픽업,63,24,79.0,41,15,7,0,0,0,2025-04-01,2025-04-30,3800.0,8,0,79,36.5854,0.0,19.5122,3.2917
118528,오리온)그래놀라바단백질바40g,과자>프로틴/시리얼>영양바류,과자,프로틴/시리얼,영양바류,당일픽업,65,27,79.0,44,14,7,0,0,0,2025-04-02,2025-04-26,1200.0,7,0,79,31.8182,0.0,15.9091,2.9259
180708,한국술)지평생막걸리750ml,전통주>막걸리>생막걸리,전통주,막걸리,생막걸리,당일픽업,63,35,79.0,46,11,4,2,0,0,2025-04-02,2025-04-30,2300.0,7,2,79,23.913,4.3478,15.2174,2.2571
124305,제이탑)큐브쫀득쿠키(후르츠)50g,디저트>냉장베이커리>냉장과자,디저트,냉장베이커리,냉장과자,당일픽업,61,28,79.0,45,11,2,2,1,0,2025-04-02,2025-04-30,3700.0,9,1,79,24.4444,4.4444,20.0,2.8214
192602,산토리)짐빔하이볼레몬350ml캔,양주와인>하이볼>수입하이볼,양주와인,하이볼,수입하이볼,당일픽업,70,39,79.0,55,9,5,1,0,0,2025-04-04,2025-04-29,4000.0,4,1,79,16.3636,1.8182,7.2727,2.0256
201133,칠성)황금보리500ml,음료>차음료>보리차,음료,차음료,보리차,당일픽업,64,29,79.0,40,12,6,5,1,0,2025-04-01,2025-04-30,2000.0,6,4,79,30.0,12.5,15.0,2.7241
202598,웅진)티즐제로자몽블랙티500ml,음료>차음료>홍차,음료,차음료,홍차,당일픽업,58,19,79.0,36,14,4,3,1,0,2025-04-05,2025-04-30,2500.0,10,2,79,38.8889,8.3333,27.7778,4.1579
124478,화요25도(나혼렙에디션),전통주>소주>증류식소주,전통주,소주,증류식소주,사전예약,58,41,79.0,45,8,0,5,0,0,2025-04-01,2025-04-30,19400.0,8,5,79,17.7778,11.1111,17.7778,1.9268
124264,하이포크)한돈돌돌말이400g,냉동>신선냉동>냉동축산,냉동,신선냉동,냉동축산,당일픽업,58,22,79.0,39,14,4,1,0,0,2025-04-01,2025-04-30,11900.0,10,1,79,35.8974,2.5641,25.641,3.5909
124633,유앤)드럼스틱젤리(두가지맛믹스)80g,과자>젤리류>수입젤리,과자,젤리류,수입젤리,당일픽업,59,34,79.0,47,11,1,0,0,0,2025-04-03,2025-04-29,2500.0,10,0,79,23.4043,0.0,21.2766,2.3235
073125,하림)닭가슴살블랙페퍼100g,냉장>냉장간식>냉장 프로틴,냉장,냉장간식,냉장 프로틴,당일픽업,59,33,78.0,45,11,2,1,0,0,2025-04-01,2025-04-30,4700.0,9,1,78,24.4444,2.2222,20.0,2.3636
113788,MQ)프링글스오리지날110g,과자>스낵류>감자스낵,과자,스낵류,감자스낵,당일픽업,65,35,78.0,45,11,5,3,1,0,2025-04-01,2025-04-30,4000.0,6,2,78,24.4444,6.6667,13.3333,2.2286
062570,요즘)블루베리콩포트그릭요거트,유음료>요구르트>떠먹는요구르트,유음료,요구르트,떠먹는요구르트,당일픽업,59,22,78.0,45,11,2,1,0,0,2025-04-05,2025-04-30,4900.0,9,1,78,24.4444,2.2222,20.0,3.5455
117965,농심)닭다리후라이드치킨66g,과자>스낵류>일반스낵,과자,스낵류,일반스낵,당일픽업,47,19,78.0,27,17,2,1,0,0,2025-04-02,2025-04-30,1700.0,15,1,78,62.963,3.7037,55.5556,4.1053
115430,동서)오레오씬즈바닐라84g,과자>비스킷류>쿠키,과자,비스킷류,쿠키,당일픽업,66,35,78.0,42,12,8,4,0,0,2025-04-01,2025-04-30,2300.0,4,4,78,28.5714,9.5238,9.5238,2.2286
094225,세븐팜)신선한1등급달걀(1입),신선>수축산/계란>계란,신선,수축산/계란,계란,당일픽업,66,37,78.0,54,6,2,4,0,0,2025-04-01,2025-04-30,500.0,4,4,78,11.1111,7.4074,7.4074,2.1081
170642,오비)버드와이저500ml캔(4입),맥주>수입맥주>캔맥주(중),맥주,수입맥주,캔맥주(중),당일픽업,77,27,78.0,76,0,0,1,0,0,2025-04-01,2025-04-30,19600.0,0,1,78,0.0,1.3158,0.0,2.8889
053172,왕빅도그치즈,즉석 식품>즉석치킨>꼬치류,즉석 식품,즉석치킨,꼬치류,당일픽업,60,23,78.0,36,15,6,2,1,0,2025-04-02,2025-04-30,2700.0,9,1,78,41.6667,5.5556,25.0,3.3913
200603,동서)TOP마스터라떼200ml,음료>커피음료>캔커피(일반),음료,커피음료,캔커피(일반),당일픽업,52,22,78.0,33,16,3,0,0,0,2025-04-03,2025-04-30,1500.0,13,0,78,48.4848,0.0,39.3939,3.5455
107305,PB)파리의이온비타납작복숭아제로500ml,음료>스포츠음료>스포츠음료(중),음료,스포츠음료,스포츠음료(중),당일픽업,62,37,78.0,42,11,5,4,0,0,2025-04-01,2025-04-30,2500.0,6,4,78,26.1905,9.5238,14.2857,2.1081
109556,매일)셀렉스바나나250ml,유음료>프로틴 음료>250ml 이상 ,유음료,프로틴 음료,250ml 이상 ,당일픽업,54,16,78.0,35,14,3,2,0,0,2025-04-04,2025-04-30,2900.0,11,2,78,40.0,5.7143,31.4286,4.875
180179,하이네)하이네켄500ml캔,맥주>수입맥주>캔맥주(중),맥주,수입맥주,캔맥주(중),당일픽업,64,29,78.0,47,12,5,0,0,0,2025-04-03,2025-04-30,4900.0,7,0,78,25.5319,0.0,14.8936,2.6897
062436,빙그레)더단백커피250ml,유음료>프로틴 음료>250ml 이상 ,유음료,프로틴 음료,250ml 이상 ,당일픽업,52,19,77.0,32,14,3,3,0,0,2025-04-02,2025-04-29,2900.0,11,3,77,43.75,9.375,34.375,4.0526
109744,PB)솔티캬라멜팝콘90g,과자>스낵류>옥수수스낵,과자,스낵류,옥수수스낵,당일픽업,48,24,77.0,27,17,3,1,0,0,2025-04-03,2025-04-30,1900.0,14,1,77,62.963,3.7037,51.8519,3.2083
372056,LG)테크실내건조1.4L(공용)_H,가정용품>세제류>세탁세제,가정용품,세제류,세탁세제,당일픽업,56,29,77.0,40,11,1,3,1,0,2025-04-02,2025-04-30,12900.0,10,2,77,27.5,7.5,25.0,2.6552
132201,농심)너구리큰사발,면>용기면>라면(대형컵),면,용기면,라면(대형컵),당일픽업,61,23,77.0,33,18,10,0,0,0,2025-04-02,2025-04-30,1800.0,8,0,77,54.5455,0.0,24.2424,3.3478
107797,K리그산리오)인형_헬로키티,문구/완구>일반완구>일반완구,문구/완구,일반완구,일반완구,당일픽업,65,22,77.0,56,3,0,6,0,0,2025-04-01,2025-04-30,25000.0,3,6,77,5.3571,10.7143,5.3571,3.5
083773,PB)담백한통밀도넛40g,빵>구움과자>구움과자,빵,구움과자,구움과자,당일픽업,61,32,77.0,42,12,5,2,0,0,2025-04-01,2025-04-30,1300.0,7,2,77,28.5714,4.7619,16.6667,2.4062
601391,오리온)비쵸비5P,과자>비스킷류>쿠키,과자,비스킷류,쿠키,당일픽업,57,22,77.0,33,14,5,4,1,0,2025-04-01,2025-04-28,3600.0,9,3,77,42.4242,12.1212,27.2727,3.5
105873,PB)포도&파인애플아이스볼,아이스크림>노벨티>펜슬,아이스크림,노벨티,펜슬,당일픽업,69,31,77.0,44,10,8,6,1,0,2025-04-01,2025-04-30,2000.0,2,5,77,22.7273,13.6364,4.5455,2.4839
181017,선양)선양소주360ml병,전통주>소주>병소주,전통주,소주,병소주,당일픽업,70,46,76.0,63,2,0,4,1,0,2025-04-01,2025-04-28,1800.0,2,3,76,3.1746,6.3492,3.1746,1.6522
116670,롯데)도리토스나쵸치즈맛84g,과자>스낵류>옥수수스낵,과자,스낵류,옥수수스낵,당일픽업,59,29,76.0,30,18,10,1,0,0,2025-04-01,2025-04-30,1700.0,8,1,76,60.0,3.3333,26.6667,2.6207
107667,K리그)산리오캐리어(헬로키티),과자>캔디류>행사상품,과자,캔디류,행사상품,당일픽업,65,28,76.0,55,4,0,5,1,0,2025-04-01,2025-04-30,29900.0,4,4,76,7.2727,9.0909,7.2727,2.7143
106560,크라운)와플샌드87g,과자>비스킷류>쿠키,과자,비스킷류,쿠키,당일픽업,57,23,76.0,34,14,6,3,0,0,2025-04-01,2025-04-30,1600.0,8,3,76,41.1765,8.8235,23.5294,3.3043
190671,아영)디아블로까베르네소비뇽375,양주와인>와인>레드,양주와인,와인,레드,당일픽업,71,44,76.0,61,4,2,3,1,0,2025-04-01,2025-04-30,8900.0,2,2,76,6.5574,4.918,3.2787,1.7273
092870,풀무원)소가부침두부290g,신선>야채>두부/콩나물,신선,야채,두부/콩나물,당일픽업,49,24,76.0,33,14,1,1,0,0,2025-04-01,2025-04-30,1800.0,13,1,76,42.4242,3.0303,39.3939,3.1667
170456,하이트)필라이트후레쉬500ml캔,맥주>국산맥주>캔맥주(중),맥주,국산맥주,캔맥주(중),당일픽업,57,22,76.0,35,15,6,1,0,0,2025-04-02,2025-04-30,1750.0,9,1,76,42.8571,2.8571,25.7143,3.4545
124783,에이스)마루와유지크림브륄레130g,건강/기호식품>쨈/꿀>쨈,건강/기호식품,쨈/꿀,쨈,당일픽업,61,36,76.0,47,7,2,5,0,0,2025-04-04,2025-04-30,8000.0,5,5,76,14.8936,10.6383,10.6383,2.1111
117803,크라운)뽀또치즈타르트92g,과자>비스킷류>크래커,과자,비스킷류,크래커,당일픽업,63,26,76.0,38,15,9,1,0,0,2025-04-02,2025-04-30,1500.0,6,1,76,39.4737,2.6316,15.7895,2.9231
112581,마즈)스니커즈픽앤믹스20g,과자>초콜릿>바초콜릿,과자,초콜릿,바초콜릿,당일픽업,64,35,76.0,43,12,7,2,0,0,2025-04-01,2025-04-29,700.0,5,2,76,27.907,4.6512,11.6279,2.1714
109843,발베니25년700ml,양주와인>양주>위스키,양주와인,양주,위스키,사전예약,70,54,75.0,63,1,0,5,1,0,2025-04-08,2025-04-30,1250000.0,1,4,75,1.5873,7.9365,1.5873,1.3889
124947,삼립)끼리딸기크림치즈슈60g,디저트>냉장베이커리>냉장빵,디저트,냉장베이커리,냉장빵,당일픽업,68,15,75.0,58,6,3,1,0,0,2025-04-05,2025-04-30,2200.0,3,1,75,10.3448,1.7241,5.1724,5.0
115577,카발란 하이볼 위스키소다(24입),양주와인>양주>위스키,양주와인,양주,위스키,사전예약,73,65,75.0,69,1,0,2,1,0,2025-04-01,2025-04-28,96000.0,1,1,75,1.4493,2.8986,1.4493,1.1538
161177,칠성)칸타타아메리카노275ml,음료>커피음료>캔커피(보틀),음료,커피음료,캔커피(보틀),당일픽업,49,13,75.0,30,16,3,0,0,0,2025-04-01,2025-04-29,2500.0,13,0,75,53.3333,0.0,43.3333,5.7692
106668,PB)바닐라라떼300ml,유음료>컵커피>300ml 이상,유음료,컵커피,300ml 이상,당일픽업,68,34,75.0,50,10,7,1,0,0,2025-04-01,2025-04-28,2800.0,3,1,75,20.0,2.0,6.0,2.2059
123354,더 그레이프 그라인더 슈냉블랑,양주와인>와인>화이트,양주와인,와인,화이트,사전예약,68,42,75.0,54,5,1,5,3,0,2025-04-01,2025-04-30,22900.0,4,2,75,9.2593,9.2593,7.4074,1.7857
124540,그린)닭가슴살몸짱버거,조리빵>햄버거>햄버거,조리빵,햄버거,햄버거,당일픽업,71,49,75.0,61,3,3,4,0,0,2025-04-01,2025-04-30,3700.0,0,4,75,4.918,6.5574,0.0,1.5306
124262,맥캘란 25년 셰리오크,양주와인>양주>위스키,양주와인,양주,위스키,사전예약,66,51,75.0,58,1,0,7,0,0,2025-04-02,2025-04-29,3850000.0,1,7,75,1.7241,12.069,1.7241,1.4706
192570,반피로사리갈750ml,양주와인>와인>기타와인,양주와인,와인,기타와인,사전예약,55,27,75.0,42,7,0,6,0,0,2025-04-01,2025-04-30,32000.0,7,6,75,16.6667,14.2857,16.6667,2.7778
191946,배비치블랙 피노누아,양주와인>와인>레드,양주와인,와인,레드,사전예약,70,63,75.0,62,0,0,7,1,0,2025-04-01,2025-04-30,32900.0,0,6,75,0.0,11.2903,0.0,1.1905
123942,롯데)산타리타트리플C블랙에디션750ml,양주와인>와인>레드,양주와인,와인,레드,당일픽업,66,43,75.0,58,4,1,3,0,0,2025-04-03,2025-04-30,45500.0,3,3,75,6.8966,5.1724,5.1724,1.7442
124664,오츠카)데미소다레드애플350ml,음료>탄산음료>과일향탄산(소),음료,탄산음료,과일향탄산(소),당일픽업,57,21,74.0,36,14,6,1,0,0,2025-04-05,2025-04-30,1900.0,8,1,74,38.8889,2.7778,22.2222,3.5238
192175,디아)조니워커더블블랙700ml,양주와인>양주>위스키,양주와인,양주,위스키,당일픽업,68,30,74.0,64,2,0,2,0,0,2025-04-01,2025-04-29,62900.0,2,2,74,3.125,3.125,3.125,2.4667
124861,토트넘 코커렐 셔츠 베어 인형,패션잡화>시즌/소품>기타,패션잡화,시즌/소품,기타,사전예약,62,35,74.0,53,6,1,2,0,0,2025-04-01,2025-04-12,35100.0,5,2,74,11.3208,3.7736,9.434,2.1143
072848,이가)누들떡볶이349.5g,냉장>냉장간편식>냉장떡볶이,냉장,냉장간편식,냉장떡볶이,당일픽업,54,19,74.0,31,15,6,2,0,0,2025-04-08,2025-04-29,3200.0,9,2,74,48.3871,6.4516,29.0323,3.8947
132166,농심)너구리(소컵),면>용기면>라면(소형컵),면,용기면,라면(소형컵),당일픽업,59,31,74.0,37,14,7,1,0,0,2025-04-02,2025-04-30,1250.0,7,1,74,37.8378,2.7027,18.9189,2.3871
113789,MQ)프링글스매운맛110g,과자>스낵류>감자스낵,과자,스낵류,감자스낵,당일픽업,59,25,74.0,41,12,5,1,0,0,2025-04-03,2025-04-29,4000.0,7,1,74,29.2683,2.439,17.0732,2.96
123723,크라운)헬로키티스트로베리콘60g,과자>스낵류>옥수수스낵,과자,스낵류,옥수수스낵,당일픽업,52,27,73.0,38,10,1,3,0,0,2025-04-03,2025-04-30,1700.0,9,3,73,26.3158,7.8947,23.6842,2.7037
124548,롯데)포켓델리베지스틱,미반>푸드 간편식>안주/반찬,미반,푸드 간편식,안주/반찬,당일픽업,62,32,73.0,51,3,0,7,1,0,2025-04-03,2025-04-30,2900.0,3,6,73,5.8824,13.7255,5.8824,2.2812
123235,하이네켄 5L 케그(2입),맥주>수입맥주>캔맥주(중),맥주,수입맥주,캔맥주(중),사전예약,56,23,71.5,46,7,0,2,0,1,2025-04-01,2025-04-30,71000.0,7,2,73,15.2174,4.3478,15.2174,3.1739
124459,PB)쫀득쿠키멜로바60g,과자>캔디류>봉지캔디,과자,캔디류,봉지캔디,당일픽업,63,28,73.0,48,7,3,4,1,0,2025-04-03,2025-04-30,3000.0,4,3,73,14.5833,8.3333,8.3333,2.6071
170361,에이이)코젤다크500ml캔,맥주>수입맥주>캔맥주(중),맥주,수입맥주,캔맥주(중),당일픽업,54,25,73.0,36,13,4,1,0,0,2025-04-02,2025-04-30,4900.0,9,1,73,36.1111,2.7778,25.0,2.92
141258,오뚜기)오뚜기밥210g*8입,가공식품>가공미반류>즉석밥,가공식품,가공미반류,즉석밥,교환권,64,40,73.0,51,8,3,1,1,0,2025-04-01,2025-04-29,13400.0,5,0,73,15.6863,1.9608,9.8039,1.825
083807,PB)제주첫물녹차카스테라160g,빵>간식빵>간식용케익,빵,간식빵,간식용케익,당일픽업,60,32,73.0,40,8,5,7,0,0,2025-04-03,2025-04-30,4400.0,3,7,73,20.0,17.5,7.5,2.2812
115323,기네스 논알콜 440ml(24입),맥주>무알콜맥주>무알콜맥주(수입),맥주,무알콜맥주,무알콜맥주(수입),사전예약,56,34,73.0,45,6,0,5,0,0,2025-04-01,2025-04-30,29000.0,6,5,73,13.3333,11.1111,13.3333,2.1471
124699,풀무원)아임리얼100레몬140ml,유음료>냉장주스>냉장주스(소),유음료,냉장주스,냉장주스(소),당일픽업,54,18,73.0,32,15,5,1,1,0,2025-04-08,2025-04-30,1800.0,10,0,73,46.875,3.125,31.25,4.0556
094104,돌코리아)후룻버킷망고(425g),신선>과일>가공과일,신선,과일,가공과일,당일픽업,49,5,73.0,35,13,1,0,0,0,2025-04-10,2025-04-29,6000.0,12,0,73,37.1429,0.0,34.2857,14.6
202369,칠성)펩시콜라제로500ml,음료>탄산음료>제로탄산,음료,탄산음료,제로탄산,교환권,60,45,72.0,54,6,0,0,0,0,2025-04-01,2025-04-28,2300.0,6,0,72,11.1111,0.0,11.1111,1.6
105292,25년)얼음컵(빅볼),즉석음료>얼음>컵얼음,즉석음료,얼음,컵얼음,당일픽업,52,23,72.0,36,10,2,4,0,0,2025-04-01,2025-04-29,1400.0,8,4,72,27.7778,11.1111,22.2222,3.1304
124854,간치아모스카토로제,양주와인>와인>화이트,양주와인,와인,화이트,사전예약,53,35,72.0,40,6,0,7,0,0,2025-04-01,2025-04-29,15800.0,6,7,72,15.0,17.5,15.0,2.0571
123148,유앤)슈퍼라지킹고구마칩258g,과자>스낵류>전통스낵,과자,스낵류,전통스낵,당일픽업,57,18,72.0,46,7,1,3,0,0,2025-04-07,2025-04-28,6900.0,6,3,72,15.2174,6.5217,13.0435,4.0
201966,웅진)초록매실마일드500ml,음료>전통음료>전통음료(중),음료,전통음료,전통음료(중),당일픽업,56,27,72.0,39,11,4,2,0,0,2025-04-03,2025-04-29,2350.0,7,2,72,28.2051,5.1282,17.9487,2.6667
107137,PB)제로곤약젤리청포도140ml,디저트>젤리>마시는젤리,디저트,젤리,마시는젤리,당일픽업,61,34,71.0,38,11,8,4,0,0,2025-04-01,2025-04-30,1600.0,3,4,71,28.9474,10.5263,7.8947,2.0882
125227,럭히밥로제우동볶이&대왕치즈스틱,미반>푸드 간편식>조리면,미반,푸드 간편식,조리면,사전예약,61,40,71.0,50,5,1,4,1,0,2025-04-23,2025-04-30,5900.0,4,3,71,10.0,8.0,8.0,1.775
362008,LG)체리블라썸 휘핑비누_H,H&B>화장비누/바디클렌저>고형비누,H&B,화장비누/바디클렌저,고형비누,당일픽업,49,24,71.0,31,13,2,2,1,0,2025-04-01,2025-04-30,3000.0,11,1,71,41.9355,6.4516,35.4839,2.9583
191235,조닌끼안티750ml,양주와인>와인>레드,양주와인,와인,레드,사전예약,60,40,71.0,51,2,0,7,0,0,2025-04-01,2025-04-29,16900.0,2,7,71,3.9216,13.7255,3.9216,1.775
105064,황금어묵바,즉석 식품>즉석치킨>꼬치류,즉석 식품,즉석치킨,꼬치류,당일픽업,44,12,71.0,26,15,2,1,0,0,2025-04-02,2025-04-30,2200.0,13,1,71,57.6923,3.8462,50.0,5.9167
210719,빙그레)투게더홈,아이스크림>홈타입>카톤,아이스크림,홈타입,카톤,당일픽업,54,31,71.0,39,11,3,1,0,0,2025-04-01,2025-04-30,9800.0,8,1,71,28.2051,2.5641,20.5128,2.2903
108828,하이트)기린이치방당류제로500ml캔,맥주>수입맥주>캔맥주(중),맥주,수입맥주,캔맥주(중),당일픽업,53,34,71.0,38,9,2,4,0,0,2025-04-02,2025-04-30,4500.0,7,4,71,23.6842,10.5263,18.4211,2.0882
191871,예거마이스터700ml,양주와인>리쿼>리쿼,양주와인,리쿼,리쿼,사전예약,59,35,69.5,49,5,1,3,0,1,2025-04-02,2025-04-30,31900.0,4,3,71,10.2041,6.1224,8.1633,2.0286
124298,옥토모어 15.3 700ml,양주와인>양주>위스키,양주와인,양주,위스키,사전예약,61,41,71.0,55,4,0,2,0,0,2025-04-08,2025-04-30,589000.0,4,2,71,7.2727,3.6364,7.2727,1.7317
107669,K리그)산리오캐리어(쿠로미),과자>캔디류>행사상품,과자,캔디류,행사상품,당일픽업,53,23,71.0,43,8,0,2,0,0,2025-04-01,2025-04-30,29900.0,8,2,71,18.6047,4.6512,18.6047,3.087
170903,하이트)하이트제로500ml캔,맥주>무알콜맥주>무알콜맥주(국산),맥주,무알콜맥주,무알콜맥주(국산),당일픽업,66,22,71.0,53,7,5,1,0,0,2025-04-01,2025-04-29,2800.0,2,1,71,13.2075,1.8868,3.7736,3.2273
119517,동서)포스트단백질바50g,과자>프로틴/시리얼>영양바류,과자,프로틴/시리얼,영양바류,당일픽업,54,23,70.0,36,10,3,4,1,0,2025-04-01,2025-04-30,2100.0,7,3,70,27.7778,11.1111,19.4444,3.0435
210610,삼양)볶음간짬뽕큰컵,면>용기면>비빔/볶음면,면,용기면,비빔/볶음면,당일픽업,47,19,70.0,25,16,5,1,0,0,2025-04-05,2025-04-30,1600.0,11,1,70,64.0,4.0,44.0,3.6842
105397,롯데)크러시500ml캔,맥주>국산맥주>캔맥주(중),맥주,국산맥주,캔맥주(중),당일픽업,58,44,70.0,52,6,0,0,0,0,2025-04-01,2025-04-30,2800.0,6,0,70,11.5385,0.0,11.5385,1.5909
062172,서울)바나나우유300ml,유음료>가공우유>바나나우유,유음료,가공우유,바나나우유,당일픽업,61,16,70.0,49,6,2,3,1,0,2025-04-01,2025-04-28,2100.0,4,2,70,12.2449,6.1224,8.1633,4.375
107770,G)파스키에초코칩브리오쉬225g,빵>간식빵>과자빵,빵,간식빵,과자빵,당일픽업,55,23,70.0,41,7,0,5,2,0,2025-04-06,2025-04-30,6900.0,7,3,70,17.0732,12.1951,17.0732,3.0435
150976,끌레도르)베리믹스바90ml,아이스크림>노벨티>바,아이스크림,노벨티,바,당일픽업,54,23,70.0,43,8,1,2,0,0,2025-04-01,2025-04-30,2500.0,7,2,70,18.6047,4.6512,16.2791,3.0435
104437,해태)에이스121g,과자>비스킷류>크래커,과자,비스킷류,크래커,당일픽업,53,23,70.0,32,14,6,1,0,0,2025-04-01,2025-04-30,1700.0,8,1,70,43.75,3.125,25.0,3.0435
132139,농심)육개장큰사발,면>용기면>라면(대형컵),면,용기면,라면(대형컵),당일픽업,46,20,70.0,26,16,4,0,0,0,2025-04-01,2025-04-30,1500.0,12,0,70,61.5385,0.0,46.1538,3.5
062268,매일)셀렉스드링크초코330ml,유음료>프로틴 음료>250ml 이상 ,유음료,프로틴 음료,250ml 이상 ,당일픽업,56,28,70.0,42,9,3,2,0,0,2025-04-01,2025-04-29,3300.0,6,2,70,21.4286,4.7619,14.2857,2.5
109962,시바스리갈15년 700ml,양주와인>양주>위스키,양주와인,양주,위스키,사전예약,52,29,70.0,36,8,2,6,0,0,2025-04-01,2025-04-29,70700.0,6,6,70,22.2222,16.6667,16.6667,2.4138
191607,지비)서브미션샤도네이750ml,양주와인>와인>화이트,양주와인,와인,화이트,당일픽업,60,13,70.0,52,5,1,2,0,0,2025-04-02,2025-04-25,22400.0,4,2,70,9.6154,3.8462,7.6923,5.3846
600247,PB)미니쌀약과180g,과자>비스킷류>쿠키,과자,비스킷류,쿠키,당일픽업,55,27,70.0,33,14,6,1,1,0,2025-04-01,2025-04-28,2100.0,8,0,70,42.4242,3.0303,24.2424,2.5926
124948,삼립)끼리레몬크림치즈케익95g,디저트>냉장베이커리>조각케익,디저트,냉장베이커리,조각케익,당일픽업,57,35,70.0,43,8,2,3,1,0,2025-04-03,2025-04-30,4800.0,6,2,70,18.6047,6.9767,13.9535,2.0
437482,파니니EPL축구카드36팩,문구/완구>일반완구>일반완구,문구/완구,일반완구,일반완구,사전예약,64,49,70.0,56,4,0,2,2,0,2025-04-02,2025-04-30,72000.0,4,0,70,7.1429,3.5714,7.1429,1.4286
107294,티머니)기후동행카드_ver2(해치),서비스 상품>일반서비스>교통카드판매,서비스 상품,일반서비스,교통카드판매,당일픽업,60,29,70.0,55,5,0,0,0,0,2025-04-03,2025-04-30,3000.0,5,0,70,9.0909,0.0,9.0909,2.4138
105158,칠성)칸타타아이스블랙커피320ml,즉석음료>파우치>아이스커피,즉석음료,파우치,아이스커피,당일픽업,48,22,70.0,33,13,2,0,0,0,2025-04-01,2025-04-30,1700.0,11,0,70,39.3939,0.0,33.3333,3.1818
112112,크라운)마이쮸딸기44g,과자>캔디류>소프트캔디,과자,캔디류,소프트캔디,당일픽업,55,22,70.0,33,14,7,1,0,0,2025-04-02,2025-04-28,800.0,7,1,70,42.4242,3.0303,21.2121,3.1818
125075,몽키숄더700ml,양주와인>양주>위스키,양주와인,양주,위스키,사전예약,62,38,69.0,56,1,0,5,0,0,2025-04-05,2025-04-30,58000.0,1,5,69,1.7857,8.9286,1.7857,1.8158
109383,즉석)블루치즈고르곤졸라피자,즉석 식품>즉석조리>즉석피자,즉석 식품,즉석조리,즉석피자,당일픽업,60,36,69.0,51,6,2,1,0,0,2025-04-02,2025-04-30,7500.0,4,1,69,11.7647,1.9608,7.8431,1.9167
105813,PB)쿠키바크씬80g,과자>초콜릿>봉지초콜릿,과자,초콜릿,봉지초콜릿,교환권,54,35,69.0,40,7,1,5,1,0,2025-04-01,2025-04-28,4000.0,6,4,69,17.5,12.5,15.0,1.9714
108065,정관장)에브리타임맥스10ml,건강/기호식품>건강/이너뷰티>일반건강식품 ,건강/기호식품,건강/이너뷰티,일반건강식품 ,당일픽업,57,26,69.0,47,8,2,0,0,0,2025-04-01,2025-04-30,3500.0,6,0,69,17.0213,0.0,12.766,2.6538
601280,크라운)마이쮸애플망고,과자>캔디류>소프트캔디,과자,캔디류,소프트캔디,당일픽업,47,15,69.0,23,16,5,2,1,0,2025-04-01,2025-04-30,1000.0,11,1,69,69.5652,8.6957,47.8261,4.6
402112,수젠텍)코로나자가검사키트2입,약품/의료품>의료기기>코로나 자가검사키트,약품/의료품,의료기기,코로나 자가검사키트,당일픽업,55,24,69.0,46,8,1,0,0,0,2025-04-01,2025-04-28,11000.0,7,0,69,17.3913,0.0,15.2174,2.875
150947,롯데)스크류바75ml,아이스크림>노벨티>바,아이스크림,노벨티,바,당일픽업,59,24,69.0,40,12,7,0,0,0,2025-04-01,2025-04-30,1500.0,5,0,69,30.0,0.0,12.5,2.875
114536,프레스코발디 카스텔지오콘도 로쏘 디 몬탈치노750ml,양주와인>와인>레드,양주와인,와인,레드,사전예약,61,37,69.0,53,3,1,4,0,0,2025-04-01,2025-04-30,45000.0,2,4,69,5.6604,7.5472,3.7736,1.8649
160945,오츠카)데자와240ml,음료>차음료>홍차,음료,차음료,홍차,당일픽업,50,18,69.0,28,15,6,1,0,0,2025-04-03,2025-04-20,1600.0,9,1,69,53.5714,3.5714,32.1429,3.8333
601092,PB)마이멜로디베리베리팝콘80g,과자>스낵류>옥수수스낵,과자,스낵류,옥수수스낵,당일픽업,64,44,69.0,50,6,4,3,1,0,2025-04-01,2025-04-30,2000.0,2,2,69,12.0,6.0,4.0,1.5682
180948,롯데)새로소주360ml병,전통주>소주>병소주,전통주,소주,병소주,당일픽업,59,32,69.0,38,13,8,0,0,0,2025-04-01,2025-04-30,1800.0,5,0,69,34.2105,0.0,13.1579,2.1562
210853,해태)쌍쌍바70ml,아이스크림>노벨티>바,아이스크림,노벨티,바,당일픽업,54,25,69.0,34,13,6,1,0,0,2025-04-01,2025-04-30,1500.0,7,1,69,38.2353,2.9412,20.5882,2.76
109913,토마스파클링(12입),양주와인>와인>스파클링(샴페인),양주와인,와인,스파클링(샴페인),사전예약,54,37,68.0,45,5,0,4,0,0,2025-04-01,2025-04-30,72000.0,5,4,68,11.1111,8.8889,11.1111,1.8378
115321,기네스 콜드브루 440ml(24입),맥주>수입맥주>캔맥주(중),맥주,수입맥주,캔맥주(중),사전예약,53,25,68.0,45,7,0,1,0,0,2025-04-01,2025-04-29,63000.0,7,1,68,15.5556,2.2222,15.5556,2.72
083910,엔제이)앙도넛100g,빵>간식빵>도너츠,빵,간식빵,도너츠,당일픽업,48,26,68.0,31,9,2,6,0,0,2025-04-01,2025-04-29,3500.0,7,6,68,29.0323,19.3548,22.5806,2.6154
119548,농심)1M츄파춥스사워벨트55g,과자>젤리류>수입젤리,과자,젤리류,수입젤리,교환권,50,29,68.0,39,10,1,0,0,0,2025-04-03,2025-04-30,1800.0,9,0,68,25.641,0.0,23.0769,2.3448
141725,CJ)비비고사골곰탕500g,가공식품>상온간편식>레토르트 국탕찌개,가공식품,상온간편식,레토르트 국탕찌개,당일픽업,53,29,68.0,41,9,2,1,0,0,2025-04-01,2025-04-29,2900.0,7,1,68,21.9512,2.439,17.0732,2.3448
191606,지비)서브미션까버네쇼비뇽750ml,양주와인>와인>레드,양주와인,와인,레드,당일픽업,61,31,68.0,55,1,0,5,0,0,2025-04-01,2025-04-30,22400.0,1,5,68,1.8182,9.0909,1.8182,2.1935
230281,동서)맥심모카골드50입,건강/기호식품>커피>믹스커피,건강/기호식품,커피,믹스커피,당일픽업,51,24,68.0,33,11,4,3,0,0,2025-04-01,2025-04-30,12500.0,7,3,68,33.3333,9.0909,21.2121,2.8333
124720,동원)그릴리직화닭꼬치데리야끼75g,냉장>냉장안주>치킨안주,냉장,냉장안주,치킨안주,당일픽업,51,20,68.0,34,12,4,1,0,0,2025-04-03,2025-04-29,4500.0,8,1,68,35.2941,2.9412,23.5294,3.4
106872,오리온)포카칩스윗치즈60g,과자>스낵류>감자스낵,과자,스낵류,감자스낵,당일픽업,57,16,68.0,36,11,6,3,1,0,2025-04-06,2025-04-30,1700.0,5,2,68,30.5556,8.3333,13.8889,4.25
113161,조니워커 블랙 700ml,양주와인>양주>위스키,양주와인,양주,위스키,사전예약,61,50,68.0,54,3,1,3,0,0,2025-04-08,2025-04-30,59000.0,2,3,68,5.5556,5.5556,3.7037,1.36
062168,매일)바리스타디카페인325ml,유음료>컵커피>300ml 이상,유음료,컵커피,300ml 이상,당일픽업,58,18,68.0,44,8,4,2,0,0,2025-04-04,2025-04-30,3500.0,4,2,68,18.1818,4.5455,9.0909,3.7778
160463,웅진)아침햇살500ml,음료>전통음료>전통음료(중),음료,전통음료,전통음료(중),당일픽업,47,20,68.0,30,13,3,1,0,0,2025-04-01,2025-04-30,2350.0,10,1,68,43.3333,3.3333,33.3333,3.4
125003,오리온)핵아이셔츄깔라만시레몬48g,과자>캔디류>소프트캔디,과자,캔디류,소프트캔디,당일픽업,48,21,68.0,27,14,5,2,0,0,2025-04-11,2025-04-30,1000.0,9,2,68,51.8519,7.4074,33.3333,3.2381
062380,PB)헬로맨카페라떼320ml,유음료>컵커피>300ml 이상,유음료,컵커피,300ml 이상,당일픽업,51,14,68.0,38,10,2,1,0,0,2025-04-02,2025-04-30,3100.0,8,1,68,26.3158,2.6316,21.0526,4.8571
210720,롯데)빠삐코130ml,아이스크림>노벨티>펜슬,아이스크림,노벨티,펜슬,당일픽업,49,25,67.0,28,12,3,4,2,0,2025-04-01,2025-04-28,1800.0,9,2,67,42.8571,14.2857,32.1429,2.68
116938,크리스탈)앙리지로오마주피노누아750ml,양주와인>와인>스파클링(샴페인),양주와인,와인,스파클링(샴페인),당일픽업,64,41,67.0,59,1,0,3,1,0,2025-04-01,2025-04-30,182000.0,1,2,67,1.6949,5.0847,1.6949,1.6341
202655,이노엔)티로그청귤아이스티500ml,음료>차음료>홍차,음료,차음료,홍차,당일픽업,52,17,67.0,30,14,6,1,1,0,2025-04-07,2025-04-28,2500.0,8,0,67,46.6667,3.3333,26.6667,3.9412
181007,고구마소주난슈덴라쿠900ml,전통주>기타전통주>중국/일본주,전통주,기타전통주,중국/일본주,사전예약,60,44,67.0,52,2,0,5,1,0,2025-04-01,2025-04-30,33000.0,2,4,67,3.8462,9.6154,3.8462,1.5227
105999,광동)썬키스트오렌지소다600ml,음료>탄산음료>과일향탄산(중),음료,탄산음료,과일향탄산(중),당일픽업,51,27,67.0,32,12,4,2,1,0,2025-04-03,2025-04-30,2200.0,8,1,67,37.5,6.25,25.0,2.4815
104288,해태)칼로리바란스치즈76g,과자>비스킷류>쿠키,과자,비스킷류,쿠키,당일픽업,62,29,67.0,39,9,7,5,2,0,2025-04-01,2025-04-30,1900.0,2,3,67,23.0769,12.8205,5.1282,2.3103
119516,동서)오레오씬즈초코무스84g,과자>비스킷류>쿠키,과자,비스킷류,쿠키,당일픽업,51,29,67.0,37,8,2,4,0,0,2025-04-01,2025-04-29,2300.0,6,4,67,21.6216,10.8108,16.2162,2.3103
105927,스위트)지렁이젤리사우어미니10g,과자>젤리류>수입젤리,과자,젤리류,수입젤리,당일픽업,55,21,67.0,29,13,7,4,2,0,2025-04-01,2025-04-29,400.0,6,2,67,44.8276,13.7931,20.6897,3.1905
192500,빈티지)니콜라스뿌이야트(벚꽃),양주와인>와인>스파클링(샴페인),양주와인,와인,스파클링(샴페인),당일픽업,58,35,67.0,53,4,0,1,0,0,2025-04-01,2025-04-30,99800.0,4,1,67,7.5472,1.8868,7.5472,1.9143
113193,롯데)칸쵸1300,과자>비스킷류>쿠키,과자,비스킷류,쿠키,당일픽업,53,26,67.0,30,15,8,0,0,0,2025-04-01,2025-04-28,1500.0,7,0,67,50.0,0.0,23.3333,2.5769
150143,하겐)컵딸기,아이스크림>고급>컵,아이스크림,고급,컵,당일픽업,69,32,66.0,48,9,10,1,1,0,2025-04-01,2025-04-30,6900.0,-1,0,66,18.75,2.0833,-2.0833,2.0625
119865,하리보)믹스사우어100g,과자>젤리류>수입젤리,과자,젤리류,수입젤리,당일픽업,53,25,66.0,33,11,5,3,1,0,2025-04-01,2025-04-29,2500.0,6,2,66,33.3333,9.0909,18.1818,2.64
113974,롯데)왓따(콜라),과자>껌>풍선껌,과자,껌,풍선껌,당일픽업,43,22,66.0,25,14,3,1,0,0,2025-04-01,2025-04-30,600.0,11,1,66,56.0,4.0,44.0,3.0
123090,러셀 리저브 10년,양주와인>양주>위스키,양주와인,양주,위스키,사전예약,56,43,66.0,46,3,0,6,1,0,2025-04-02,2025-04-25,99000.0,3,5,66,6.5217,13.0435,6.5217,1.5349
121921,이노엔)컨디션환3입,건강/기호식품>숙취해소제>환제형,건강/기호식품,숙취해소제,환제형,당일픽업,44,19,66.0,31,12,1,0,0,0,2025-04-02,2025-04-30,8500.0,11,0,66,38.7097,0.0,35.4839,3.4737
106112,매일)페레로로쉐아이스크림70ml,아이스크림>고급>바,아이스크림,고급,바,당일픽업,53,31,66.0,46,6,0,1,0,0,2025-04-01,2025-04-30,5300.0,6,1,66,13.0435,2.1739,13.0435,2.129
201967,하이트)블랙보리520ml,음료>차음료>보리차,음료,차음료,보리차,당일픽업,44,16,66.0,28,12,0,2,2,0,2025-04-01,2025-04-29,2500.0,12,0,66,42.8571,7.1429,42.8571,4.125
600794,킨더)해피히포21g,과자>비스킷류>크래커,과자,비스킷류,크래커,당일픽업,45,22,66.0,27,12,2,3,1,0,2025-04-04,2025-04-30,1100.0,10,2,66,44.4444,11.1111,37.037,3.0
125115,울트라트리플치즈버거,조리빵>햄버거>햄버거,조리빵,햄버거,햄버거,사전예약,52,35,66.0,42,7,0,2,1,0,2025-04-16,2025-04-30,3600.0,7,1,66,16.6667,4.7619,16.6667,1.8857
113577,롯데)빈츠102g(12입),과자>비스킷류>크래커,과자,비스킷류,크래커,당일픽업,56,23,66.0,30,14,9,2,1,0,2025-04-01,2025-04-26,3300.0,5,1,66,46.6667,6.6667,16.6667,2.8696
061301,제니코)라면쏘옥치즈35g,유음료>유제품>치즈,유음료,유제품,치즈,당일픽업,42,23,66.0,27,12,1,2,0,0,2025-04-03,2025-04-30,1300.0,11,2,66,44.4444,7.4074,40.7407,2.8696
108547,삼경)하리보마시멜로우150g,과자>캔디류>봉지캔디,과자,캔디류,봉지캔디,당일픽업,52,19,66.0,42,7,1,2,0,0,2025-04-03,2025-04-30,3900.0,6,2,66,16.6667,4.7619,14.2857,3.4737
124880,토트넘 No.7 백마킹 화이트 티셔츠_95,패션잡화>시즌/소품>기타,패션잡화,시즌/소품,기타,사전예약,52,23,66.0,43,8,1,0,0,0,2025-04-01,2025-04-11,55200.0,7,0,66,18.6047,0.0,16.2791,2.8696
115820,48-08_오퍼링,양주와인>와인>레드,양주와인,와인,레드,당일픽업,66,53,66.0,66,0,0,0,0,0,2025-04-01,2025-04-29,59000.0,0,0,66,0.0,0.0,0.0,1.2453
113504,하겐)크리스피샌드로얄카페모카60ml,아이스크림>고급>기타,아이스크림,고급,기타,당일픽업,66,45,66.0,50,5,6,4,1,0,2025-04-01,2025-04-29,6900.0,-1,3,66,10.0,8.0,-2.0,1.4667
192126,반피센티네750ml,양주와인>와인>레드,양주와인,와인,레드,사전예약,54,28,66.0,43,7,1,2,1,0,2025-04-01,2025-04-29,23000.0,6,1,66,16.2791,4.6512,13.9535,2.3571
083973,에이스)전주수제초코파이90g,빵>구움과자>구움과자,빵,구움과자,구움과자,당일픽업,50,26,66.0,33,11,4,2,0,0,2025-04-03,2025-04-29,2000.0,7,2,66,33.3333,6.0606,21.2121,2.5385
150250,나뚜루)바닐라초코아몬드바,아이스크림>고급>바,아이스크림,고급,바,당일픽업,53,21,66.0,36,11,4,1,1,0,2025-04-01,2025-04-30,5900.0,7,0,66,30.5556,2.7778,19.4444,3.1429
202676,엠탑)아톰에너지파워업제로355ml,음료>기능성드링크>에너지음료,음료,기능성드링크,에너지음료,당일픽업,56,26,66.0,41,10,5,0,0,0,2025-04-01,2025-04-26,2200.0,5,0,66,24.3902,0.0,12.1951,2.5385
115052,롯데)후라보노레이디,과자>껌>스틱껌,과자,껌,스틱껌,당일픽업,48,25,66.0,26,14,6,2,0,0,2025-04-01,2025-04-30,1200.0,8,2,66,53.8462,7.6923,30.7692,2.64
070083,매일)카페라떼마일드컵220ml,유음료>컵커피>300ml 미만,유음료,컵커피,300ml 미만,당일픽업,49,20,65.0,30,12,5,2,0,0,2025-04-02,2025-04-30,2300.0,7,2,65,40.0,6.6667,23.3333,3.25
211091,롯데)찰옥수수140ml,아이스크림>노벨티>모나카,아이스크림,노벨티,모나카,당일픽업,47,28,65.0,32,9,2,4,0,0,2025-04-02,2025-04-30,2200.0,7,4,65,28.125,12.5,21.875,2.3214
083855,삼립)탕종빅땅콩샌드160g,빵>간식빵>샌드빵,빵,간식빵,샌드빵,당일픽업,55,23,65.0,33,12,6,2,2,0,2025-04-04,2025-04-30,1800.0,6,0,65,36.3636,6.0606,18.1818,2.8261
113371,예스)트롤리미니버거10g,과자>젤리류>수입젤리,과자,젤리류,수입젤리,당일픽업,56,39,65.0,39,10,4,1,2,0,2025-04-01,2025-04-30,500.0,6,-1,65,25.641,2.5641,15.3846,1.6667
371793,LG)퐁퐁주방세제리필오렌지1.2L_H,가정용품>세제류>주방세제,가정용품,세제류,주방세제,당일픽업,49,22,65.0,37,10,2,0,0,0,2025-04-01,2025-04-30,6900.0,8,0,65,27.027,0.0,21.6216,2.9545
116392,PB)착한김(20입),조미료/건물>건해산물>농수산건물,조미료/건물,건해산물,농수산건물,당일픽업,50,20,65.0,37,8,2,3,0,0,2025-04-04,2025-04-30,5930.0,6,3,65,21.6216,8.1081,16.2162,3.25
124419,오리온)뉴비틀즈57g,과자>캔디류>소프트캔디,과자,캔디류,소프트캔디,당일픽업,49,22,65.0,34,10,3,2,0,0,2025-04-04,2025-04-30,1000.0,7,2,65,29.4118,5.8824,20.5882,2.9545
123308,CJ)무항생제1등급계란10입,신선>수축산/계란>계란,신선,수축산/계란,계란,당일픽업,48,20,65.0,37,9,1,1,0,0,2025-04-23,2025-04-30,6400.0,8,1,65,24.3243,2.7027,21.6216,3.25
141378,PB)얼큰대파육개장(컵),가공식품>상온간편식>즉석 국/스프,가공식품,상온간편식,즉석 국/스프,당일픽업,47,20,65.0,32,12,3,0,0,0,2025-04-01,2025-04-30,1500.0,9,0,65,37.5,0.0,28.125,3.25
109633,로로)스모어바닐라아이스110g,아이스크림>노벨티>기타,아이스크림,노벨티,기타,당일픽업,57,40,65.0,52,3,0,2,0,0,2025-04-01,2025-04-30,4500.0,3,2,65,5.7692,3.8462,5.7692,1.625
124972,롯데)찰떡파이초코바나나250g,과자>비스킷류>파이,과자,비스킷류,파이,당일픽업,51,16,65.0,37,9,3,2,0,0,2025-04-10,2025-04-27,8000.0,6,2,65,24.3243,5.4054,16.2162,4.0625
107044,PB)오백바레모네이드맛70ml,아이스크림>노벨티>바,아이스크림,노벨티,바,교환권,43,25,65.0,31,10,0,2,0,0,2025-04-01,2025-04-30,500.0,10,2,65,32.2581,6.4516,32.2581,2.6
124710,농심)츄파춥스딸사워코코레몬350ml,음료>주스>주스(중),음료,주스,주스(중),당일픽업,47,15,65.0,34,11,2,0,0,0,2025-04-12,2025-04-28,1600.0,9,0,65,32.3529,0.0,26.4706,4.3333
062505,덴마크)드링킹딸기275ml,유음료>요구르트>드링킹요구르트,유음료,요구르트,드링킹요구르트,당일픽업,51,20,64.0,34,8,3,5,1,0,2025-04-01,2025-04-30,2400.0,5,4,64,23.5294,14.7059,14.7059,3.2
124251,벤리악40년700ml,양주와인>양주>위스키,양주와인,양주,위스키,사전예약,55,50,64.0,47,1,0,7,0,0,2025-04-07,2025-04-30,6438000.0,1,7,64,2.1277,14.8936,2.1277,1.28
362600,도루코)PACE5중날휴대면도기1입_H,H&B>면도용품>일회용면도기,H&B,면도용품,일회용면도기,당일픽업,47,24,64.0,34,10,2,1,0,0,2025-04-01,2025-04-30,2700.0,8,1,64,29.4118,2.9412,23.5294,2.6667
106107,아사히)오리온맥주500ml캔,맥주>수입맥주>캔맥주(중),맥주,수입맥주,캔맥주(중),당일픽업,58,33,64.0,48,5,3,2,0,0,2025-04-02,2025-04-30,5400.0,2,2,64,10.4167,4.1667,4.1667,1.9394
106676,크라운)마이쮸리치44g,과자>캔디류>소프트캔디,과자,캔디류,소프트캔디,당일픽업,49,17,64.0,26,13,6,3,1,0,2025-04-01,2025-04-29,1000.0,7,2,64,50.0,11.5385,26.9231,3.7647
192528,부쉬밀블랙부쉬700ml,양주와인>양주>위스키,양주와인,양주,위스키,사전예약,55,33,64.0,45,5,1,3,1,0,2025-04-01,2025-04-28,47700.0,4,2,64,11.1111,6.6667,8.8889,1.9394
106108,오비)카스레몬제로330ml캔,맥주>무알콜맥주>무알콜맥주(국산),맥주,무알콜맥주,무알콜맥주(국산),당일픽업,54,32,64.0,44,6,2,2,0,0,2025-04-02,2025-04-30,2000.0,4,2,64,13.6364,4.5455,9.0909,2.0
062549,매일)바리스타돌체라떼325ml,유음료>컵커피>300ml 이상,유음료,컵커피,300ml 이상,당일픽업,46,21,64.0,30,11,2,2,1,0,2025-04-01,2025-04-30,3500.0,9,1,64,36.6667,6.6667,30.0,3.0476
070170,매일)허쉬초코팩235ml,유음료>가공우유>초코우유,유음료,가공우유,초코우유,당일픽업,43,19,64.0,24,14,4,1,0,0,2025-04-04,2025-04-27,1600.0,10,1,64,58.3333,4.1667,41.6667,3.3684
041568,PB)푸하하리얼딸기크림빵110g,디저트>냉장베이커리>냉장빵,디저트,냉장베이커리,냉장빵,당일픽업,61,41,64.0,49,0,0,9,3,0,2025-04-01,2025-04-30,2900.0,0,6,64,0.0,18.3673,0.0,1.561
122761,이노엔)컨디션스틱망고18g,건강/기호식품>숙취해소제>젤리제형,건강/기호식품,숙취해소제,젤리제형,당일픽업,41,11,64.0,25,13,2,1,0,0,2025-04-01,2025-04-30,3900.0,11,1,64,52.0,4.0,44.0,5.8182
192053,롯데)브레드앤버터샤도네이750ml,양주와인>와인>화이트,양주와인,와인,화이트,당일픽업,60,22,64.0,49,2,1,6,2,0,2025-04-01,2025-04-30,34500.0,1,4,64,4.0816,12.2449,2.0408,2.9091
124780,해태)구운양파명랑핫도그맛110g,과자>스낵류>옥수수스낵,과자,스낵류,옥수수스낵,당일픽업,48,16,63.0,31,10,4,3,0,0,2025-04-03,2025-04-30,3000.0,6,3,63,32.2581,9.6774,19.3548,3.9375
201408,HK)컨디션(레이디)100ml,음료>기능성드링크>숙취해소음료,음료,기능성드링크,숙취해소음료,당일픽업,47,13,63.0,35,10,2,0,0,0,2025-04-03,2025-04-30,5000.0,8,0,63,28.5714,0.0,22.8571,4.8462
132828,농심)신라면더레드125g,면>봉지면>라면,면,봉지면,라면,당일픽업,56,23,63.0,36,11,8,1,0,0,2025-04-06,2025-04-23,1500.0,3,1,63,30.5556,2.7778,8.3333,2.7391
201662,코카)몬스터에너지355ml,음료>기능성드링크>에너지음료,음료,기능성드링크,에너지음료,당일픽업,38,14,63.0,21,14,2,1,0,0,2025-04-02,2025-04-28,2300.0,12,1,63,66.6667,4.7619,57.1429,4.5
106712,롯데)켄터키직화핫바65g,냉장>냉장간식>소형바,냉장,냉장간식,소형바,당일픽업,56,28,63.0,38,10,6,1,1,0,2025-04-01,2025-04-28,2500.0,4,0,63,26.3158,2.6316,10.5263,2.25
105855,하바네로매콤닭다리,즉석 식품>즉석치킨(삭제예정)>조각류_삭제예정,즉석 식품,즉석치킨(삭제예정),조각류_삭제예정,당일픽업,50,31,63.0,37,9,3,1,0,0,2025-04-01,2025-04-30,3200.0,6,1,63,24.3243,2.7027,16.2162,2.0323
600030,크라운)쿠크다스(커피)128g,과자>비스킷류>쿠키,과자,비스킷류,쿠키,당일픽업,54,35,63.0,44,5,2,3,0,0,2025-04-01,2025-04-30,3000.0,3,3,63,11.3636,6.8182,6.8182,1.8
108546,마즈)이클립스소프트리치45g,과자>캔디류>소프트캔디,과자,캔디류,소프트캔디,당일픽업,43,11,63.0,24,13,4,2,0,0,2025-04-04,2025-04-20,1800.0,9,2,63,54.1667,8.3333,37.5,5.7273
123393,세븐브로이)나로IPA500ml캔,맥주>국산맥주>수제맥주,맥주,국산맥주,수제맥주,당일픽업,58,16,63.0,53,3,1,1,0,0,2025-04-03,2025-04-30,4500.0,2,1,63,5.6604,1.8868,3.7736,3.9375
105871,하겐)크리스피샌드위치카라멜60ml,아이스크림>고급>기타,아이스크림,고급,기타,당일픽업,67,39,63.0,53,3,5,4,2,0,2025-04-01,2025-04-29,6900.0,-2,2,63,5.6604,7.5472,-3.7736,1.6154
112115,크라운)마이쮸포도44g,과자>캔디류>소프트캔디,과자,캔디류,소프트캔디,당일픽업,40,14,63.0,22,14,3,1,0,0,2025-04-08,2025-04-30,800.0,11,1,63,63.6364,4.5455,50.0,4.5
124635,키키쿼카)쁘띠키링set,과자>캔디류>행사상품,과자,캔디류,행사상품,사전예약,56,44,63.0,50,4,0,1,1,0,2025-04-01,2025-04-30,19500.0,4,0,63,8.0,2.0,8.0,1.4318
117106,롯데)청포도캔디2500,과자>캔디류>봉지캔디,과자,캔디류,봉지캔디,당일픽업,42,16,63.0,25,13,3,1,0,0,2025-04-01,2025-04-26,2500.0,10,1,63,52.0,4.0,40.0,3.9375
116640,오리온)통크1200,과자>비스킷류>스틱과자,과자,비스킷류,스틱과자,당일픽업,45,18,63.0,21,15,7,2,0,0,2025-04-01,2025-04-30,1200.0,8,2,63,71.4286,9.5238,38.0952,3.5
192029,롯데)브레드앤버터피노누아750ml,양주와인>와인>레드,양주와인,와인,레드,당일픽업,57,21,63.0,50,2,0,4,1,0,2025-04-01,2025-04-29,34500.0,2,3,63,4.0,8.0,4.0,3.0
094108,세븐팜)신선한1등급달걀(10입),신선>수축산/계란>계란,신선,수축산/계란,계란,당일픽업,58,16,63.0,49,5,3,1,0,0,2025-04-02,2025-04-30,4400.0,2,1,63,10.2041,2.0408,4.0816,3.9375
210337,오뚜기)참깨라면큰컵,면>용기면>라면(대형컵),면,용기면,라면(대형컵),교환권,44,22,63.0,32,10,1,1,0,0,2025-04-01,2025-04-30,1800.0,9,1,63,31.25,3.125,28.125,2.8636
109752,삼경)필러즈망고구미56g,과자>젤리류>수입젤리,과자,젤리류,수입젤리,교환권,44,16,63.0,31,9,1,3,0,0,2025-04-01,2025-04-29,1800.0,8,3,63,29.0323,9.6774,25.8065,3.9375
192542,메타)글렌알라키8년에디션,양주와인>양주>위스키,양주와인,양주,위스키,당일픽업,61,42,63.0,55,2,0,2,2,0,2025-04-01,2025-04-30,99800.0,2,0,63,3.6364,3.6364,3.6364,1.5
202439,동원)아이스티(복숭아)500ml,음료>차음료>홍차,음료,차음료,홍차,당일픽업,55,26,62.0,32,11,7,3,2,0,2025-04-01,2025-04-30,2200.0,4,1,62,34.375,9.375,12.5,2.3846
115543,카발란 솔리스트 포트,양주와인>양주>위스키,양주와인,양주,위스키,사전예약,55,47,62.0,46,1,0,7,1,0,2025-04-01,2025-04-24,360000.0,1,6,62,2.1739,15.2174,2.1739,1.3191
132460,농심)신라면블랙봉지,면>봉지면>라면,면,봉지면,라면,당일픽업,53,16,62.0,36,10,6,1,0,0,2025-04-06,2025-04-24,1900.0,4,1,62,27.7778,2.7778,11.1111,3.875
107510,빙그레)왕실쿠키샌드바닐라120ml,아이스크림>노벨티>모나카,아이스크림,노벨티,모나카,당일픽업,60,37,62.0,49,3,4,4,0,0,2025-04-01,2025-04-30,4000.0,-1,4,62,6.1224,8.1633,-2.0408,1.6757
041119,제이탑)가나슈마카롱3입69g,디저트>냉장베이커리>냉장과자,디저트,냉장베이커리,냉장과자,당일픽업,54,27,62.0,45,5,2,2,0,0,2025-04-02,2025-04-29,3700.0,3,2,62,11.1111,4.4444,6.6667,2.2963
109461,롯데)켄터키직화핫바매콤화끈65g,냉장>냉장간식>소형바,냉장,냉장간식,소형바,당일픽업,64,43,62.0,50,5,6,2,1,0,2025-04-01,2025-04-30,2500.0,-1,1,62,10.0,4.0,-2.0,1.4419
202702,칠성)핫식스더킹피치355ml,음료>기능성드링크>에너지음료,음료,기능성드링크,에너지음료,당일픽업,47,23,62.0,31,11,4,1,0,0,2025-04-02,2025-04-30,2300.0,7,1,62,35.4839,3.2258,22.5806,2.6957
201276,광동)제주삼다수2.0L,음료>생수>1000ml이상,음료,생수,1000ml이상,당일픽업,43,20,62.0,25,13,4,1,0,0,2025-04-01,2025-04-29,1950.0,9,1,62,52.0,4.0,36.0,3.1
124267,또스띠 핑크 모스까또,양주와인>와인>기타와인,양주와인,와인,기타와인,사전예약,59,42,62.0,48,1,0,7,3,0,2025-04-01,2025-04-30,29000.0,1,4,62,2.0833,14.5833,2.0833,1.4762
113211,오리온)초코파이468g,과자>비스킷류>파이,과자,비스킷류,파이,당일픽업,53,21,62.0,36,10,5,1,1,0,2025-04-02,2025-04-29,5400.0,5,0,62,27.7778,2.7778,13.8889,2.9524
107491,엔제이)소프트카스테라(대용량),빵>간식빵>간식용케익,빵,간식빵,간식용케익,당일픽업,51,33,62.0,36,5,2,7,1,0,2025-04-01,2025-04-29,7200.0,3,6,62,13.8889,19.4444,8.3333,1.8788
109554,PB)착한요구르트대용량500ml,유음료>요구르트>드링킹요구르트,유음료,요구르트,드링킹요구르트,당일픽업,43,20,62.0,27,12,3,1,0,0,2025-04-01,2025-04-30,2100.0,9,1,62,44.4444,3.7037,33.3333,3.1
106859,덴마크)하이요구르트280ml,유음료>요구르트>기능성요구르트,유음료,요구르트,기능성요구르트,당일픽업,45,24,62.0,30,11,3,1,0,0,2025-04-04,2025-04-30,1700.0,8,1,62,36.6667,3.3333,26.6667,2.5833
115349,롯데)가나프리미엄랑드샤쇼콜라91g,과자>비스킷류>쿠키,과자,비스킷류,쿠키,당일픽업,49,17,62.0,34,10,4,1,0,0,2025-04-01,2025-04-29,4800.0,6,1,62,29.4118,2.9412,17.6471,3.6471
211040,빙그레)더위사냥140ml,아이스크림>노벨티>펜슬,아이스크림,노벨티,펜슬,당일픽업,45,24,62.0,34,9,1,1,0,0,2025-04-04,2025-04-30,2200.0,8,1,62,26.4706,2.9412,23.5294,2.5833
124732,칠성)핫식스더킹메가파워500ml,음료>기능성드링크>에너지음료,음료,기능성드링크,에너지음료,당일픽업,45,21,61.0,37,8,0,0,0,0,2025-04-04,2025-04-30,3000.0,8,0,61,21.6216,0.0,21.6216,2.9048
104533,크라운)카라멜콘땅콩72g,과자>스낵류>옥수수스낵,과자,스낵류,옥수수스낵,교환권,48,16,61.0,34,8,2,3,1,0,2025-04-01,2025-04-30,1500.0,6,2,61,23.5294,8.8235,17.6471,3.8125
150637,하겐)컵마카다미아,아이스크림>고급>컵,아이스크림,고급,컵,당일픽업,64,37,61.0,49,6,8,1,0,0,2025-04-01,2025-04-22,6900.0,-2,1,61,12.2449,2.0408,-4.0816,1.6486
107551,오츠카)소이조이아몬드초코30g,과자>프로틴/시리얼>영양바류,과자,프로틴/시리얼,영양바류,교환권,38,16,61.0,26,11,0,1,0,0,2025-04-04,2025-04-29,1700.0,11,1,61,42.3077,3.8462,42.3077,3.8125
141379,PB)칼칼북어국(컵),가공식품>상온간편식>즉석 국/스프,가공식품,상온간편식,즉석 국/스프,당일픽업,44,18,61.0,29,11,3,1,0,0,2025-04-01,2025-04-30,1500.0,8,1,61,37.931,3.4483,27.5862,3.3889
124705,롯데)초코우유크림소금빵120g,디저트>냉장베이커리>냉장빵,디저트,냉장베이커리,냉장빵,당일픽업,50,29,61.0,41,2,0,7,0,0,2025-04-03,2025-04-30,3500.0,2,7,61,4.878,17.0732,4.878,2.1034
115333,롯데)밀크캬라멜,과자>캔디류>소프트캔디,과자,캔디류,소프트캔디,당일픽업,43,20,61.0,19,15,7,2,0,0,2025-04-01,2025-04-30,1000.0,8,2,61,78.9474,10.5263,42.1053,3.05
200851,코카)조지아맥스240ml,음료>커피음료>캔커피(일반),음료,커피음료,캔커피(일반),당일픽업,38,15,61.0,21,12,2,3,0,0,2025-04-02,2025-04-30,1400.0,10,3,61,57.1429,14.2857,47.619,4.0667
180769,한국술)느린마을막걸리750ml,전통주>막걸리>생막걸리,전통주,막걸리,생막걸리,당일픽업,59,28,61.0,55,1,1,2,0,0,2025-04-03,2025-04-29,3400.0,0,2,61,1.8182,3.6364,0.0,2.1786
108773,롯데)의성마늘햄&직꾸닭도시락,미반>도시락>도시락,미반,도시락,도시락,당일픽업,60,28,61.0,37,11,11,1,0,0,2025-04-01,2025-04-15,4900.0,0,1,61,29.7297,2.7027,0.0,2.1786
107414,하이트)테라라이트500ml캔,맥주>국산맥주>캔맥주(중),맥주,국산맥주,캔맥주(중),당일픽업,42,26,61.0,32,9,0,1,0,0,2025-04-01,2025-04-28,2800.0,9,1,61,28.125,3.125,28.125,2.3462
083686,PB)버터크림앙모스180g,빵>간식빵>과자빵,빵,간식빵,과자빵,교환권,49,24,61.0,33,8,4,4,0,0,2025-04-02,2025-04-30,3200.0,4,4,61,24.2424,12.1212,12.1212,2.5417
107212,PB)열파닭볶음면큰컵,면>용기면>비빔/볶음면,면,용기면,비빔/볶음면,교환권,43,17,61.0,29,10,2,2,0,0,2025-04-02,2025-04-28,2300.0,8,2,61,34.4828,6.8966,27.5862,3.5882
161426,한양)숏다리20g,안주>오징어>오징어,안주,오징어,오징어,당일픽업,50,25,61.0,28,13,7,1,1,0,2025-04-01,2025-04-29,2900.0,6,0,61,46.4286,3.5714,21.4286,2.44
362014,애경)2080슈퍼클린칫솔_H,H&B>칫솔>미세모,H&B,칫솔,미세모,당일픽업,47,28,61.0,38,8,1,0,0,0,2025-04-01,2025-04-30,2500.0,7,0,61,21.0526,0.0,18.4211,2.1786
222637,잇웨이)멕시카나간장닭강정250g,냉동>조리냉동>냉동안주류,냉동,조리냉동,냉동안주류,당일픽업,49,10,60.0,37,8,3,1,0,0,2025-04-03,2025-04-30,7900.0,5,1,60,21.6216,2.7027,13.5135,6.0
109500,PB)NEW푸하하리얼딸기크림빵110g,디저트>냉장베이커리>냉장빵,디저트,냉장베이커리,냉장빵,당일픽업,44,22,60.0,26,7,3,8,0,0,2025-04-03,2025-04-30,3000.0,4,8,60,26.9231,30.7692,15.3846,2.7273
124132,롯데)이너프베이크드쿠키크랜베리43g,과자>비스킷류>쿠키,과자,비스킷류,쿠키,당일픽업,49,24,60.0,36,7,2,3,1,0,2025-04-04,2025-04-30,1500.0,5,2,60,19.4444,8.3333,13.8889,2.5
107679,K리그산리오)머플러(폼폼푸린),패션잡화>시즌/소품>기타,패션잡화,시즌/소품,기타,당일픽업,54,15,60.0,46,1,0,6,1,0,2025-04-01,2025-04-28,20000.0,1,5,60,2.1739,13.0435,2.1739,4.0
124713,이노엔)티로그자두아이스티500ml,음료>차음료>홍차,음료,차음료,홍차,당일픽업,41,16,60.0,23,13,4,1,0,0,2025-04-03,2025-04-30,2500.0,9,1,60,56.5217,4.3478,39.1304,3.75
053176,후랑크꼬치,즉석 식품>즉석치킨>꼬치류,즉석 식품,즉석치킨,꼬치류,당일픽업,40,16,60.0,25,11,1,2,1,0,2025-04-01,2025-04-30,2600.0,10,1,60,44.0,8.0,40.0,3.75
200951,칠성)레쓰비모카라떼200ml,음료>커피음료>캔커피(일반),음료,커피음료,캔커피(일반),당일픽업,36,6,60.0,22,13,1,0,0,0,2025-04-04,2025-04-30,1200.0,12,0,60,59.0909,0.0,54.5455,10.0
030682,삼립)에그가먼저닭미니샐러드,미반>샐러드 >채소샐러드 ,미반,샐러드 ,채소샐러드 ,당일픽업,60,42,60.0,49,1,1,6,3,0,2025-04-01,2025-04-28,3800.0,0,3,60,2.0408,12.2449,0.0,1.4286
081136,롯데)키스틱55g,냉장>냉장간식>간식/소시지,냉장,냉장간식,간식/소시지,당일픽업,64,50,60.0,52,5,7,0,0,0,2025-04-01,2025-04-30,2400.0,-2,0,60,9.6154,0.0,-3.8462,1.2
123792,오뚜기)순후추팝콘50g,과자>스낵류>옥수수스낵,과자,스낵류,옥수수스낵,당일픽업,44,15,60.0,28,9,2,4,1,0,2025-04-04,2025-04-30,1800.0,7,3,60,32.1429,14.2857,25.0,4.0
041408,제이탑)모찌롤초코110g,디저트>냉장베이커리>롤케익,디저트,냉장베이커리,롤케익,당일픽업,49,27,60.0,32,9,5,3,0,0,2025-04-03,2025-04-30,3900.0,4,3,60,28.125,9.375,12.5,2.2222
109788,PB)착한후랑크(불고기맛),냉장>냉장간식>소형바,냉장,냉장간식,소형바,당일픽업,54,31,60.0,40,7,4,2,1,0,2025-04-01,2025-04-30,1500.0,3,1,60,17.5,5.0,7.5,1.9355
106113,매일)페레로란드누아아이스크림70ml,아이스크림>고급>바,아이스크림,고급,바,당일픽업,51,29,60.0,36,6,4,5,0,0,2025-04-01,2025-04-30,5300.0,2,5,60,16.6667,13.8889,5.5556,2.069
192646,7P)스트롱사와자몽350ml,양주와인>하이볼>수입하이볼,양주와인,하이볼,수입하이볼,당일픽업,54,33,60.0,43,1,0,8,2,0,2025-04-02,2025-04-30,2000.0,1,6,60,2.3256,18.6047,2.3256,1.8182
124730,돌코리아)후룻컵알로코코198g,신선>과일>가공과일,신선,과일,가공과일,당일픽업,50,17,60.0,38,7,2,2,1,0,2025-04-03,2025-04-29,3200.0,5,1,60,18.4211,5.2632,13.1579,3.5294
170297,오비)스텔라아르투아500ml캔,맥주>수입맥주>캔맥주(중),맥주,수입맥주,캔맥주(중),당일픽업,55,41,60.0,46,5,3,1,0,0,2025-04-01,2025-04-30,4900.0,2,1,60,10.8696,2.1739,4.3478,1.4634
107132,G)보바티딸기복숭아320ml,음료>차음료>기타차,음료,차음료,기타차,당일픽업,46,27,59.0,35,5,0,5,1,0,2025-04-01,2025-04-28,2500.0,5,4,59,14.2857,14.2857,14.2857,2.1852
106684,농심)짜파게티더블랙4입,면>봉지면>비빔/볶음면,면,봉지면,비빔/볶음면,당일픽업,60,29,59.0,58,0,0,1,1,0,2025-04-05,2025-04-30,6400.0,0,0,59,0.0,1.7241,0.0,2.0345
082544,롯데)프리미엄패스츄리슈크림,빵>간식빵>페스트리,빵,간식빵,페스트리,당일픽업,45,19,59.0,28,12,5,0,0,0,2025-04-04,2025-04-28,1800.0,7,0,59,42.8571,0.0,25.0,3.1053
601412,스위트)알포트미니초콜릿59g,과자>초콜릿>판초콜릿,과자,초콜릿,판초콜릿,당일픽업,52,27,59.0,38,5,4,5,0,0,2025-04-01,2025-04-30,3500.0,1,5,59,13.1579,13.1579,2.6316,2.1852
170756,디아)기네스드래프트440ml캔_4입,맥주>수입맥주>캔맥주(중),맥주,수입맥주,캔맥주(중),당일픽업,57,43,59.0,55,0,0,2,0,0,2025-04-01,2025-04-30,19600.0,0,2,59,0.0,3.6364,0.0,1.3721
030328,풀무원)올바른샐러드(감자)100g,미반>샐러드 >조리샐러드,미반,샐러드 ,조리샐러드,당일픽업,50,19,59.0,32,6,3,7,2,0,2025-04-01,2025-04-29,2500.0,3,5,59,18.75,21.875,9.375,3.1053
211081,빙그레)엔초바85ml,아이스크림>노벨티>바,아이스크림,노벨티,바,당일픽업,45,24,59.0,29,10,4,2,0,0,2025-04-03,2025-04-30,2200.0,6,2,59,34.4828,6.8966,20.6897,2.4583
190455,롯데)옐로우테일쉬라즈187ml,양주와인>와인>레드,양주와인,와인,레드,당일픽업,56,35,59.0,46,5,4,1,0,0,2025-04-01,2025-04-30,5000.0,1,1,59,10.8696,2.1739,2.1739,1.6857
124768,오리온)아이셔츄쥬씨자두요구르트48g,과자>캔디류>소프트캔디,과자,캔디류,소프트캔디,당일픽업,51,16,59.0,31,12,8,0,0,0,2025-04-03,2025-04-30,1000.0,4,0,59,38.7097,0.0,12.9032,3.6875
132170,농심)무파마큰사발면,면>용기면>라면(대형컵),면,용기면,라면(대형컵),당일픽업,43,20,59.0,21,15,7,0,0,0,2025-04-01,2025-04-29,1800.0,8,0,59,71.4286,0.0,38.0952,2.95
202494,동아)박카스디카페120ml,음료>기능성드링크>건강음료,음료,기능성드링크,건강음료,당일픽업,50,20,59.0,31,11,6,1,1,0,2025-04-01,2025-04-27,1000.0,5,0,59,35.4839,3.2258,16.129,2.95
190840,롯데)L와인샤도네이750ml,양주와인>와인>화이트,양주와인,와인,화이트,당일픽업,46,25,59.0,37,7,1,1,0,0,2025-04-03,2025-04-30,7900.0,6,1,59,18.9189,2.7027,16.2162,2.36
124855,토트넘 머플러,패션잡화>시즌/소품>기타,패션잡화,시즌/소품,기타,사전예약,51,26,59.0,42,5,2,2,0,0,2025-04-01,2025-04-12,26100.0,3,2,59,11.9048,4.7619,7.1429,2.2692
124556,엔제이)훈와리스팀케이크카스타드,빵>간식빵>간식용케익,빵,간식빵,간식용케익,당일픽업,48,28,58.0,37,5,1,4,1,0,2025-04-09,2025-04-30,7900.0,4,3,58,13.5135,10.8108,10.8108,2.0714
062548,남양)테이크핏바나나250ml,유음료>프로틴 음료>250ml 이상 ,유음료,프로틴 음료,250ml 이상 ,당일픽업,51,24,58.0,33,10,7,1,0,0,2025-04-01,2025-04-27,2900.0,3,1,58,30.303,3.0303,9.0909,2.4167
109666,크라운)쌔콤달콤울트라키위29g,과자>캔디류>소프트캔디,과자,캔디류,소프트캔디,당일픽업,43,11,58.0,25,12,5,1,0,0,2025-04-02,2025-04-30,700.0,7,1,58,48.0,4.0,28.0,5.2727
192086,신세계)페데리코까바브뤼750ml,양주와인>와인>스파클링(샴페인),양주와인,와인,스파클링(샴페인),당일픽업,55,30,58.0,48,2,1,3,1,0,2025-04-01,2025-04-29,16900.0,1,2,58,4.1667,6.25,2.0833,1.9333
109737,로베르드노정푸이휘세라크르와1.5L(매그넘),양주와인>와인>화이트,양주와인,와인,화이트,사전예약,56,45,58.0,52,1,0,2,1,0,2025-04-01,2025-04-30,174000.0,1,1,58,1.9231,3.8462,1.9231,1.2889
124644,롯데)제로말차크림모나카140ml,아이스크림>노벨티>모나카,아이스크림,노벨티,모나카,당일픽업,43,22,58.0,29,7,2,5,0,0,2025-04-05,2025-04-27,3000.0,5,5,58,24.1379,17.2414,17.2414,2.6364
107810,K리그산리오)인형 키링_폼폼푸린,문구/완구>일반완구>일반완구,문구/완구,일반완구,일반완구,당일픽업,51,21,58.0,45,1,0,5,0,0,2025-04-01,2025-04-26,15000.0,1,5,58,2.2222,11.1111,2.2222,2.7619
222634, 잇웨이)멕시카나양념닭강정250g,냉동>조리냉동>냉동안주류,냉동,조리냉동,냉동안주류,당일픽업,50,21,58.0,40,7,3,0,0,0,2025-04-01,2025-04-23,7900.0,4,0,58,17.5,0.0,10.0,2.7619
601674,농심)빵부장초코빵55g,과자>스낵류>일반스낵,과자,스낵류,일반스낵,당일픽업,47,24,58.0,31,10,5,1,0,0,2025-04-01,2025-04-30,1700.0,5,1,58,32.2581,3.2258,16.129,2.4167
202300,칠성)핫식스더킹포스355ml,음료>기능성드링크>에너지음료,음료,기능성드링크,에너지음료,당일픽업,52,35,58.0,34,9,6,2,1,0,2025-04-01,2025-04-30,2300.0,3,1,58,26.4706,5.8824,8.8235,1.6571
124067,박은영)마라마파두부덮밥380g,냉장>냉장간편식>냉장밥,냉장,냉장간편식,냉장밥,당일픽업,63,37,58.0,55,2,4,1,1,0,2025-04-01,2025-04-30,5700.0,-2,0,58,3.6364,1.8182,-3.6364,1.5676
132798,농심)사리곰탕소컵,면>용기면>라면(소형컵),면,용기면,라면(소형컵),당일픽업,42,20,58.0,26,12,4,0,0,0,2025-04-06,2025-04-30,1250.0,8,0,58,46.1538,0.0,30.7692,2.9
105474,서주)허쉬초코바90ml,아이스크림>노벨티>바,아이스크림,노벨티,바,당일픽업,43,18,58.0,26,10,2,3,2,0,2025-04-04,2025-04-30,3000.0,8,1,58,38.4615,11.5385,30.7692,3.2222
112721,롯데)꼬깔콘매콤달콤67g,과자>스낵류>옥수수스낵,과자,스낵류,옥수수스낵,당일픽업,49,24,58.0,26,13,9,1,0,0,2025-04-01,2025-04-30,1700.0,4,1,58,50.0,3.8462,15.3846,2.4167
108110,세븐브로이)하이볼에빠진자몽500ml캔,양주와인>하이볼>국산하이볼,양주와인,하이볼,국산하이볼,당일픽업,45,26,58.0,33,7,2,3,0,0,2025-04-01,2025-04-29,4500.0,5,3,58,21.2121,9.0909,15.1515,2.2308
132268,오뚜기)진라면순한맛소컵,면>용기면>라면(소형컵),면,용기면,라면(소형컵),당일픽업,39,16,58.0,21,13,4,1,0,0,2025-04-02,2025-04-30,1100.0,9,1,58,61.9048,4.7619,42.8571,3.625
083640,삼립)NEW초코블랑48g,빵>구움과자>구움과자,빵,구움과자,구움과자,당일픽업,48,23,58.0,32,9,4,2,1,0,2025-04-03,2025-04-29,1500.0,5,1,58,28.125,6.25,15.625,2.5217
119888,오리온)와우블랙레몬21g,과자>껌>풍선껌,과자,껌,풍선껌,당일픽업,46,22,58.0,28,12,6,0,0,0,2025-04-02,2025-04-29,500.0,6,0,58,42.8571,0.0,21.4286,2.6364
071550,CJ)맥스봉치즈플러스55g,냉장>냉장간식>간식/소시지,냉장,냉장간식,간식/소시지,당일픽업,57,50,58.0,52,2,2,1,0,0,2025-04-01,2025-04-29,2200.0,0,1,58,3.8462,1.9231,0.0,1.16
170426,엠즈)에비스500ml캔,맥주>수입맥주>캔맥주(중),맥주,수입맥주,캔맥주(중),당일픽업,45,22,58.0,36,7,1,1,0,0,2025-04-02,2025-04-29,5000.0,6,1,58,19.4444,2.7778,16.6667,2.6364
112125,롯데)꼬깔콘고소67g,과자>스낵류>옥수수스낵,과자,스낵류,옥수수스낵,당일픽업,47,24,57.0,30,11,6,0,0,0,2025-04-01,2025-04-30,1700.0,5,0,57,36.6667,0.0,16.6667,2.375
132140,튀김우동큰사발,면>용기면>라면(대형컵),면,용기면,라면(대형컵),교환권,38,13,57.0,22,12,3,1,0,0,2025-04-01,2025-04-29,1500.0,9,1,57,54.5455,4.5455,40.9091,4.3846
115409,PB)슈크림붕어스낵70g,과자>스낵류>일반스낵,과자,스낵류,일반스낵,교환권,41,16,57.0,28,9,1,2,1,0,2025-04-01,2025-04-29,1700.0,8,1,57,32.1429,7.1429,28.5714,3.5625
162143,바프)허니버터아몬드40g,안주>너트류>봉지너트,안주,너트류,봉지너트,당일픽업,42,24,57.0,32,8,1,1,0,0,2025-04-01,2025-04-26,2500.0,7,1,57,25.0,3.125,21.875,2.375
108548,피치)까먹는곰모양젤리(애플망고)40g,과자>젤리류>수입젤리,과자,젤리류,수입젤리,당일픽업,49,39,57.0,38,6,1,2,2,0,2025-04-01,2025-04-30,2500.0,5,0,57,15.7895,5.2632,13.1579,1.4615
132298,PB)강릉교동반점짬뽕,면>용기면>라면(대형컵),면,용기면,라면(대형컵),당일픽업,48,23,57.0,38,2,1,7,0,0,2025-04-01,2025-04-30,1900.0,1,7,57,5.2632,18.4211,2.6316,2.4783
192581,하이트)헨켈트로켄750ml,양주와인>와인>스파클링(샴페인),양주와인,와인,스파클링(샴페인),당일픽업,53,15,57.0,46,3,2,2,0,0,2025-04-01,2025-04-30,12400.0,1,2,57,6.5217,4.3478,2.1739,3.8
108106,세븐브로이)하이볼에빠진레몬500ml캔,양주와인>하이볼>국산하이볼,양주와인,하이볼,국산하이볼,당일픽업,50,33,57.0,36,5,2,5,2,0,2025-04-01,2025-04-30,4500.0,3,3,57,13.8889,13.8889,8.3333,1.7273
113680,네이키드 몰트700ml,양주와인>양주>위스키,양주와인,양주,위스키,사전예약,52,34,57.0,39,4,2,5,2,0,2025-04-01,2025-04-27,59000.0,2,3,57,10.2564,12.8205,5.1282,1.6765
106837,CJ)숯불불닭맛후랑크120G,냉장>냉장간식>햄/비엔나 ,냉장,냉장간식,햄/비엔나 ,당일픽업,46,27,57.0,36,7,2,1,0,0,2025-04-01,2025-04-25,3700.0,5,1,57,19.4444,2.7778,13.8889,2.1111
123628,빙그레)요맘때플레인70ml,아이스크림>노벨티>바,아이스크림,노벨티,바,당일픽업,38,21,57.0,26,10,1,1,0,0,2025-04-01,2025-04-30,1500.0,9,1,57,38.4615,3.8462,34.6154,2.7143
192504,윌리엄)발베니 14년 캐리비안700ml,양주와인>양주>위스키,양주와인,양주,위스키,당일픽업,55,39,57.0,50,0,0,4,1,0,2025-04-01,2025-04-30,174900.0,0,3,57,0.0,8.0,0.0,1.4615
105995,PB)밀크초코콘170ml,아이스크림>노벨티>콘,아이스크림,노벨티,콘,교환권,43,30,57.0,32,6,1,4,0,0,2025-04-01,2025-04-30,3200.0,5,4,57,18.75,12.5,15.625,1.9
124869,맨시티 휴대용 선풍기,패션잡화>시즌/소품>기타,패션잡화,시즌/소품,기타,사전예약,49,28,57.0,40,5,1,2,1,0,2025-04-01,2025-04-19,22500.0,4,1,57,12.5,5.0,10.0,2.0357
107136,PB)제로곤약젤리복숭아140ml,디저트>젤리>마시는젤리,디저트,젤리,마시는젤리,당일픽업,46,29,57.0,33,7,3,3,0,0,2025-04-01,2025-04-30,1600.0,4,3,57,21.2121,9.0909,12.1212,1.9655
094227,세븐팜)신선한1등급달걀(15입),신선>수축산/계란>계란,신선,수축산/계란,계란,당일픽업,52,20,57.0,49,2,0,1,0,0,2025-04-01,2025-04-30,6500.0,2,1,57,4.0816,2.0408,4.0816,2.85
123537,9 라이브스 리저브 리슬링 ,양주와인>와인>화이트,양주와인,와인,화이트,사전예약,48,36,57.0,43,4,0,1,0,0,2025-04-01,2025-04-29,15000.0,4,1,57,9.3023,2.3256,9.3023,1.5833
094196,세븐팜)신선한대란(30입),신선>수축산/계란>계란,신선,수축산/계란,계란,당일픽업,43,15,56.0,29,8,3,3,0,0,2025-04-06,2025-04-28,9800.0,5,3,56,27.5862,10.3448,17.2414,3.7333
191924,본테라카베르네소비뇽,양주와인>와인>레드,양주와인,와인,레드,사전예약,46,30,56.0,36,3,1,6,0,0,2025-04-02,2025-04-28,30000.0,2,6,56,8.3333,16.6667,5.5556,1.8667
123161,코젤다크 330ml캔(24입),맥주>수입맥주>캔맥주(소),맥주,수입맥주,캔맥주(소),사전예약,36,16,56.0,25,9,0,2,0,0,2025-04-03,2025-04-30,28000.0,9,2,56,36.0,8.0,36.0,3.5
107672,K리그산리오)머플러(포차코),패션잡화>시즌/소품>기타,패션잡화,시즌/소품,기타,당일픽업,51,26,56.0,45,2,1,3,0,0,2025-04-02,2025-04-30,20000.0,1,3,56,4.4444,6.6667,2.2222,2.1538
141380,PB)시금치된장국(컵),가공식품>상온간편식>즉석 국/스프,가공식품,상온간편식,즉석 국/스프,당일픽업,46,29,56.0,37,7,2,0,0,0,2025-04-01,2025-04-29,1500.0,5,0,56,18.9189,0.0,13.5135,1.931
132649,오뚜기)크림진짬뽕큰컵,면>용기면>비빔/볶음면,면,용기면,비빔/볶음면,당일픽업,40,16,56.0,26,11,3,0,0,0,2025-04-04,2025-04-29,2000.0,8,0,56,42.3077,0.0,30.7692,3.5
116887,농심)츄파춥스부케,과자>캔디류>행사상품,과자,캔디류,행사상품,당일픽업,52,38,56.0,45,3,1,2,1,0,2025-04-01,2025-04-30,8500.0,2,1,56,6.6667,4.4444,4.4444,1.4737
119693,롯데)ABC초코72g,과자>초콜릿>봉지초콜릿,과자,초콜릿,봉지초콜릿,당일픽업,39,17,56.0,24,11,3,1,0,0,2025-04-01,2025-04-30,3400.0,8,1,56,45.8333,4.1667,33.3333,3.2941
221555,대상)안주야직화불막창160g,냉동>조리냉동>냉동안주류,냉동,조리냉동,냉동안주류,당일픽업,48,29,56.0,37,6,2,2,1,0,2025-04-03,2025-04-30,9500.0,4,1,56,16.2162,5.4054,10.8108,1.931
601411,오리온)키위알맹이67g,과자>젤리류>국산젤리,과자,젤리류,국산젤리,당일픽업,40,13,56.0,26,11,3,0,0,0,2025-04-02,2025-04-30,1200.0,8,0,56,42.3077,0.0,30.7692,4.3077
600345,하리보)골드배렌사우어80g,과자>젤리류>수입젤리,과자,젤리류,수입젤리,당일픽업,41,25,56.0,25,11,4,1,0,0,2025-04-01,2025-04-29,2500.0,7,1,56,44.0,4.0,28.0,2.24
202247,칠성)옥수수수염차500ml,음료>차음료>옥수수차,음료,차음료,옥수수차,당일픽업,36,18,56.0,23,10,1,2,0,0,2025-04-03,2025-04-30,1600.0,9,2,56,43.4783,8.6957,39.1304,3.1111
600870,동서)콘푸라이트바35g,과자>프로틴/시리얼>영양바류,과자,프로틴/시리얼,영양바류,당일픽업,47,23,56.0,34,8,4,1,0,0,2025-04-01,2025-04-29,1900.0,4,1,56,23.5294,2.9412,11.7647,2.4348
108582,MDS)젤리블리제로오렌지망고60g,디저트>젤리>마시는젤리,디저트,젤리,마시는젤리,당일픽업,40,17,56.0,23,11,4,2,0,0,2025-04-03,2025-04-29,900.0,7,2,56,47.8261,8.6957,30.4348,3.2941
105814,G)탑젤리(망고맛)80g,과자>젤리류>수입젤리,과자,젤리류,수입젤리,당일픽업,46,17,55.0,39,5,1,1,0,0,2025-04-01,2025-04-26,2000.0,4,1,55,12.8205,2.5641,10.2564,3.2353
124157,블루밍)미니뿌인형키링set_화이트,과자>초콜릿>행사상품,과자,초콜릿,행사상품,사전예약,48,40,55.0,44,3,0,1,0,0,2025-04-03,2025-04-30,21900.0,3,1,55,6.8182,2.2727,6.8182,1.375
123790,고운벗)스노우생초코레트오리지널32g,과자>초콜릿>봉지초콜릿,과자,초콜릿,봉지초콜릿,당일픽업,40,19,55.0,27,8,2,3,0,0,2025-04-03,2025-04-29,2000.0,6,3,55,29.6296,11.1111,22.2222,2.8947
141021,오뚜기)참치마요덮밥(컵밥),가공식품>가공미반류>즉석컵밥,가공식품,가공미반류,즉석컵밥,교환권,36,20,55.0,24,10,1,1,0,0,2025-04-01,2025-04-28,5400.0,9,1,55,41.6667,4.1667,37.5,2.75
370428,동아)템포슈퍼10입,위생용품>생리대>탐폰,위생용품,생리대,탐폰,당일픽업,44,17,55.0,34,7,2,1,0,0,2025-04-01,2025-04-28,7900.0,5,1,55,20.5882,2.9412,14.7059,3.2353
192140,산토리)메이커스마크200ml,양주와인>양주>위스키,양주와인,양주,위스키,당일픽업,37,20,55.0,27,8,0,2,0,0,2025-04-01,2025-04-29,19900.0,8,2,55,29.6296,7.4074,29.6296,2.75
360862,LG)페리오46cm치약_H,H&B>치약>일반치약,H&B,치약,일반치약,당일픽업,43,9,55.0,28,9,3,2,1,0,2025-04-01,2025-04-30,3900.0,6,1,55,32.1429,7.1429,21.4286,6.1111
150909,롯데)옥동자70ml,아이스크림>노벨티>바,아이스크림,노벨티,바,당일픽업,39,18,55.0,27,10,2,0,0,0,2025-04-02,2025-04-30,1500.0,8,0,55,37.037,0.0,29.6296,3.0556
104534,크라운)콘초66g,과자>스낵류>옥수수스낵,과자,스낵류,옥수수스낵,교환권,36,13,55.0,23,9,1,3,0,0,2025-04-03,2025-04-30,1500.0,8,3,55,39.1304,13.0435,34.7826,4.2308
125161,최강록의진심)지파이,즉석 식품>즉석치킨(삭제예정)>조각류_삭제예정,즉석 식품,즉석치킨(삭제예정),조각류_삭제예정,당일픽업,43,22,55.0,33,5,1,4,0,0,2025-04-26,2025-04-30,3200.0,4,4,55,15.1515,12.1212,12.1212,2.5
202370,칠성)아이시스500ml(12입),음료>생수>500ml이하,음료,생수,500ml이하,당일픽업,41,16,55.0,28,7,1,4,1,0,2025-04-01,2025-04-26,4200.0,6,3,55,25.0,14.2857,21.4286,3.4375
109528,선우)스모어초콜릿55g,과자>초콜릿>판초콜릿,과자,초콜릿,판초콜릿,당일픽업,43,22,55.0,30,8,2,2,1,0,2025-04-03,2025-04-30,5000.0,6,1,55,26.6667,6.6667,20.0,2.5
107412,진주햄)천하장사콰트로치즈50g,냉장>냉장간식>간식/소시지,냉장,냉장간식,간식/소시지,당일픽업,44,19,55.0,28,10,4,1,1,0,2025-04-06,2025-04-30,2400.0,6,0,55,35.7143,3.5714,21.4286,2.8947
030673,MDS)옥수수콘치즈255g,간식>냉장피자>파스타/그라탕,간식,냉장피자,파스타/그라탕,당일픽업,42,23,55.0,33,7,1,1,0,0,2025-04-01,2025-04-30,5300.0,6,1,55,21.2121,3.0303,18.1818,2.3913
123351,로쉐마제 피노누아,양주와인>와인>레드,양주와인,와인,레드,사전예약,45,34,55.0,34,2,0,8,1,0,2025-04-01,2025-04-30,19900.0,2,7,55,5.8824,23.5294,5.8824,1.6176
106094,MDS)젤리블리블랙사파이어60g,디저트>젤리>마시는젤리,디저트,젤리,마시는젤리,당일픽업,38,13,55.0,21,12,4,1,0,0,2025-04-01,2025-04-30,900.0,8,1,55,57.1429,4.7619,38.0952,4.2308
124917,산토리)가쿠빈180ml,양주와인>양주>위스키,양주와인,양주,위스키,당일픽업,44,27,55.0,37,4,0,3,0,0,2025-04-09,2025-04-28,13000.0,4,3,55,10.8108,8.1081,10.8108,2.037
124888,토트넘 No.7 백마킹 네이비 티셔츠_95,패션잡화>시즌/소품>기타,패션잡화,시즌/소품,기타,사전예약,47,23,55.0,39,6,2,0,0,0,2025-04-01,2025-04-11,55200.0,4,0,55,15.3846,0.0,10.2564,2.3913
191301,롯데)떼레디마리오레드750ml,양주와인>와인>레드,양주와인,와인,레드,당일픽업,47,16,55.0,38,5,1,2,1,0,2025-04-01,2025-04-30,17000.0,4,1,55,13.1579,5.2632,10.5263,3.4375
152568,대상)맛소금(용기)95g,조미료/건물>조미료>소금,조미료/건물,조미료,소금,당일픽업,38,11,55.0,20,11,4,3,0,0,2025-04-01,2025-04-25,1900.0,7,3,55,55.0,15.0,35.0,5.0
108805,롯데)올뉴빅닭강정,미반>푸드 간편식>안주/반찬,미반,푸드 간편식,안주/반찬,당일픽업,45,24,54.0,38,5,1,1,0,0,2025-04-01,2025-04-27,9900.0,4,1,54,13.1579,2.6316,10.5263,2.25
111330,롯데)자일리톨리필껌,과자>껌>용기껌,과자,껌,용기껌,당일픽업,45,13,54.0,32,8,4,1,0,0,2025-04-02,2025-04-29,6000.0,4,1,54,25.0,3.125,12.5,4.1538
107542,PB)k리그허니황치즈감자칩60g,과자>스낵류>감자스낵,과자,스낵류,감자스낵,교환권,54,34,54.0,41,5,6,2,0,0,2025-04-01,2025-04-30,1700.0,-1,2,54,12.1951,4.878,-2.439,1.5882
106670,PB)카라멜마끼아또300ml,유음료>컵커피>300ml 이상,유음료,컵커피,300ml 이상,당일픽업,42,21,54.0,32,8,2,0,0,0,2025-04-03,2025-04-26,2800.0,6,0,54,25.0,0.0,18.75,2.5714
220543,동원)양반단호박죽285g,가공식품>가공미반류>죽,가공식품,가공미반류,죽,당일픽업,33,17,54.0,21,9,0,3,0,0,2025-04-03,2025-04-30,4500.0,9,3,54,42.8571,14.2857,42.8571,3.1765
109669,스미)감숙왕바나나1입,신선>과일>수입과일,신선,과일,수입과일,당일픽업,42,18,54.0,24,9,4,4,1,0,2025-04-02,2025-04-30,1200.0,5,3,54,37.5,16.6667,20.8333,3.0
105774,PB)카덴카키아게우동228g,냉장>냉장간편식>냉장면,냉장,냉장간편식,냉장면,당일픽업,46,23,54.0,34,5,3,4,0,0,2025-04-01,2025-04-30,4500.0,2,4,54,14.7059,11.7647,5.8824,2.3478
830736,롯데)미니딸기샌드(5입),빵>간식빵>샌드빵,빵,간식빵,샌드빵,당일픽업,39,13,54.0,25,10,3,1,0,0,2025-04-08,2025-04-30,2300.0,7,1,54,40.0,4.0,28.0,4.1538
105722,오리온)아이셔츄포도샤인머스캣48g,과자>캔디류>소프트캔디,과자,캔디류,소프트캔디,당일픽업,48,8,54.0,24,12,9,2,1,0,2025-04-03,2025-04-30,1000.0,3,1,54,50.0,8.3333,12.5,6.75
124781,해태)생생감자칩랍스터맛85g,과자>스낵류>감자스낵,과자,스낵류,감자스낵,당일픽업,39,24,54.0,29,8,1,1,0,0,2025-04-03,2025-04-28,3000.0,7,1,54,27.5862,3.4483,24.1379,2.25
390875,유한)좋은느낌울트라날개중18P,위생용품>생리대>중형,위생용품,생리대,중형,당일픽업,40,21,54.0,31,8,1,0,0,0,2025-04-02,2025-04-30,9900.0,7,0,54,25.8065,0.0,22.5806,2.5714
117276,MZ)홀스xs멘토립터스,과자>캔디류>기능성캔디,과자,캔디류,기능성캔디,당일픽업,40,19,54.0,24,10,4,2,0,0,2025-04-01,2025-04-29,2000.0,6,2,54,41.6667,8.3333,25.0,2.8421
083846,삼립)주종발효카스타드단팥빵,빵>간식빵>과자빵,빵,간식빵,과자빵,당일픽업,37,16,54.0,24,10,2,1,0,0,2025-04-04,2025-04-29,1800.0,8,1,54,41.6667,4.1667,33.3333,3.375
053179,오리지날소떡꼬치,즉석 식품>즉석치킨>꼬치류,즉석 식품,즉석치킨,꼬치류,당일픽업,45,21,54.0,23,11,6,3,2,0,2025-04-02,2025-04-27,2300.0,5,1,54,47.8261,13.0435,21.7391,2.5714
162188,정화)세가지맛오징어36g,안주>오징어>오징어,안주,오징어,오징어,당일픽업,44,27,53.0,34,5,2,3,0,0,2025-04-01,2025-04-30,6900.0,3,3,53,14.7059,8.8235,8.8235,1.963
071092,풀무원)소가씻어나온콩나물220g,신선>야채>두부/콩나물,신선,야채,두부/콩나물,당일픽업,39,14,53.0,28,9,2,0,0,0,2025-04-02,2025-04-29,1500.0,7,0,53,32.1429,0.0,25.0,3.7857
109688,화요41%750ml,전통주>소주>증류식소주,전통주,소주,증류식소주,사전예약,42,30,53.0,35,4,0,3,0,0,2025-04-01,2025-04-29,40000.0,4,3,53,11.4286,8.5714,11.4286,1.7667
116232,훼밀리)에낙라면스낵치킨맛30g,과자>스낵류>일반스낵,과자,스낵류,일반스낵,당일픽업,38,21,53.0,28,8,1,1,0,0,2025-04-07,2025-04-30,700.0,7,1,53,28.5714,3.5714,25.0,2.5238
220491,CJ)맛밤80g,안주>농산안주>농산물,안주,농산안주,농산물,당일픽업,42,16,53.0,23,10,5,3,1,0,2025-04-01,2025-04-30,3900.0,5,2,53,43.4783,13.0435,21.7391,3.3125
420677,모나미)컴퓨터용싸인펜_후크형_H,문구/완구>일반문구>팬시,문구/완구,일반문구,팬시,당일픽업,39,21,53.0,26,10,3,0,0,0,2025-04-03,2025-04-30,400.0,7,0,53,38.4615,0.0,26.9231,2.5238
107495,삼립)탕종달콤연유샌드95g,빵>간식빵>샌드빵,빵,간식빵,샌드빵,당일픽업,43,11,53.0,37,4,0,2,0,0,2025-04-01,2025-04-28,2200.0,4,2,53,10.8108,5.4054,10.8108,4.8182
104712,뉴트)비비랩멀티비타슈퍼샷20ml,건강/기호식품>건강/이너뷰티>일반건강식품 ,건강/기호식품,건강/이너뷰티,일반건강식품 ,당일픽업,45,24,53.0,36,5,1,2,1,0,2025-04-02,2025-04-28,3900.0,4,1,53,13.8889,5.5556,11.1111,2.2083
107812,K리그산리오)인형 키링_마이멜로디,문구/완구>일반완구>일반완구,문구/완구,일반완구,일반완구,당일픽업,48,22,53.0,42,2,1,3,0,0,2025-04-01,2025-04-24,15000.0,1,3,53,4.7619,7.1429,2.381,2.4091
124518,오리온)코코망고알맹이67g,과자>젤리류>국산젤리,과자,젤리류,국산젤리,당일픽업,34,14,53.0,22,10,0,1,1,0,2025-04-03,2025-04-23,1200.0,10,0,53,45.4545,4.5455,45.4545,3.7857
192596,52-05_제이)달모어12년(쉐리)700ml,양주와인>양주>위스키,양주와인,양주,위스키,당일픽업,55,34,53.0,45,0,1,6,3,0,2025-04-01,2025-04-29,189000.0,-1,3,53,0.0,13.3333,-2.2222,1.5588
124513,우진)루체 21 750ml,양주와인>와인>레드,양주와인,와인,레드,당일픽업,60,33,53.0,46,0,4,7,3,0,2025-04-01,2025-04-30,149000.0,-4,4,53,0.0,15.2174,-8.6957,1.6061
123465,조쉬 까베르네 소비뇽,양주와인>와인>레드,양주와인,와인,레드,사전예약,40,28,53.0,31,4,0,5,0,0,2025-04-01,2025-04-29,36900.0,4,5,53,12.9032,16.129,12.9032,1.8929
123876,와일드 터키 81,양주와인>양주>위스키,양주와인,양주,위스키,사전예약,49,40,53.0,46,1,0,2,0,0,2025-04-01,2025-04-30,60800.0,1,2,53,2.1739,4.3478,2.1739,1.325
202109,칠성)핫식스더킹파워355ml,음료>기능성드링크>에너지음료,음료,기능성드링크,에너지음료,당일픽업,40,22,52.0,27,8,3,2,0,0,2025-04-01,2025-04-30,2300.0,5,2,52,29.6296,7.4074,18.5185,2.3636
123544,돈 멜초 2021,양주와인>와인>레드,양주와인,와인,레드,사전예약,47,36,52.0,41,2,1,3,0,0,2025-04-01,2025-04-30,299000.0,1,3,52,4.878,7.3171,2.439,1.4444
124907,삼양)맵탱쿨스파이시비빔면김치맛봉지,면>봉지면>비빔/볶음면,면,봉지면,비빔/볶음면,당일픽업,43,22,52.0,28,9,4,1,1,0,2025-04-10,2025-04-30,1400.0,5,0,52,32.1429,3.5714,17.8571,2.3636
125330,미켈롭울트라330ml(24입),맥주>수입맥주>캔맥주(소),맥주,수입맥주,캔맥주(소),사전예약,47,38,52.0,41,2,0,3,1,0,2025-04-28,2025-04-30,49900.0,2,2,52,4.878,7.3171,4.878,1.3684
201889,칠성)칸타타흑당라떼275ml,음료>커피음료>캔커피(보틀),음료,커피음료,캔커피(보틀),당일픽업,36,15,52.0,21,10,3,2,0,0,2025-04-02,2025-04-21,2500.0,7,2,52,47.619,9.5238,33.3333,3.4667
117144,해태)자유시간아몬드36g,과자>초콜릿>바초콜릿,과자,초콜릿,바초콜릿,당일픽업,39,12,52.0,22,11,5,1,0,0,2025-04-03,2025-04-29,1200.0,6,1,52,50.0,4.5455,27.2727,4.3333
070588,서울)목장의신선한우유1L,유음료>흰우유>흰우유(대),유음료,흰우유,흰우유(대),당일픽업,40,17,52.0,22,9,4,4,1,0,2025-04-01,2025-04-27,3900.0,5,3,52,40.9091,18.1818,22.7273,3.0588
111550,크라운)쿠크다스1500(9입),과자>비스킷류>쿠키,과자,비스킷류,쿠키,당일픽업,40,14,52.0,24,11,5,0,0,0,2025-04-03,2025-04-30,1500.0,6,0,52,45.8333,0.0,25.0,3.7143
123845,크라운)마이쮸무화과44g,과자>캔디류>소프트캔디,과자,캔디류,소프트캔디,교환권,38,19,52.0,24,9,3,2,0,0,2025-04-02,2025-04-30,1000.0,6,2,52,37.5,8.3333,25.0,2.7368
083985,엔제이)마루토나가사키카스테라,빵>간식빵>간식용케익,빵,간식빵,간식용케익,당일픽업,40,23,52.0,26,4,2,8,0,0,2025-04-03,2025-04-30,7500.0,2,8,52,15.3846,30.7692,7.6923,2.2609
211373,롯데)일품팥빙수240ml,아이스크림>노벨티>컵,아이스크림,노벨티,컵,당일픽업,34,17,52.0,22,9,0,2,1,0,2025-04-04,2025-04-30,3000.0,9,1,52,40.9091,9.0909,40.9091,3.0588
106651,광동)비타500제로스파클링150ml,음료>기능성드링크>비타민음료,음료,기능성드링크,비타민음료,당일픽업,35,18,52.0,26,8,0,1,0,0,2025-04-01,2025-04-28,1600.0,8,1,52,30.7692,3.8462,30.7692,2.8889
192647,7P)스트롱사와라임350ml,양주와인>하이볼>수입하이볼,양주와인,하이볼,수입하이볼,당일픽업,49,39,52.0,43,0,0,5,1,0,2025-04-01,2025-04-29,2000.0,0,4,52,0.0,11.6279,0.0,1.3333
191290,리커)산밸리샤도네이750ml,양주와인>와인>화이트,양주와인,와인,화이트,당일픽업,45,30,52.0,39,4,1,1,0,0,2025-04-01,2025-04-30,8900.0,3,1,52,10.2564,2.5641,7.6923,1.7333
107893,CJ)동그란스팸160g,냉장>냉장간식>햄/비엔나 ,냉장,냉장간식,햄/비엔나 ,당일픽업,41,26,52.0,35,5,0,1,0,0,2025-04-04,2025-04-30,5500.0,5,1,52,14.2857,2.8571,14.2857,2.0
141410,삼양)로제불닭떡볶이(컵),가공식품>가공미반류>쌀가공식,가공식품,가공미반류,쌀가공식,당일픽업,45,25,52.0,39,4,1,1,0,0,2025-04-01,2025-04-29,3500.0,3,1,52,10.2564,2.5641,7.6923,2.08
083969,PB)달달크림빵105g,빵>간식빵>과자빵,빵,간식빵,과자빵,당일픽업,43,21,52.0,27,8,3,3,2,0,2025-04-03,2025-04-30,2000.0,5,1,52,29.6296,11.1111,18.5185,2.4762
124630,투데이)무이티케이크마시멜로6입,과자>비스킷류>쿠키,과자,비스킷류,쿠키,당일픽업,39,20,52.0,28,8,1,1,1,0,2025-04-03,2025-04-30,2000.0,7,0,52,28.5714,3.5714,25.0,2.6
191947,란 리제르바,양주와인>와인>레드,양주와인,와인,레드,사전예약,43,35,51.0,37,2,0,4,0,0,2025-04-01,2025-04-30,34000.0,2,4,51,5.4054,10.8108,5.4054,1.4571
107245,PB)착한청포도에이드320ml,즉석음료>파우치>아이스티,즉석음료,파우치,아이스티,당일픽업,38,19,51.0,22,9,4,3,0,0,2025-04-01,2025-04-28,900.0,5,3,51,40.9091,13.6364,22.7273,2.6842
370527,LG)샤프란케어담배냄새탈취100ml_H,가정용품>방향제>탈취제,가정용품,방향제,탈취제,당일픽업,39,21,51.0,26,8,3,2,0,0,2025-04-01,2025-04-30,4200.0,5,2,51,30.7692,7.6923,19.2308,2.4286
061965,매일)아몬드브리즈오리지널190ml,유음료>기능성우유>기능성 음료,유음료,기능성우유,기능성 음료,당일픽업,42,27,51.0,34,4,1,3,0,0,2025-04-01,2025-04-30,1300.0,3,3,51,11.7647,8.8235,8.8235,1.8889
370951,LG)샤프란케어은은한향100ml_H,가정용품>방향제>탈취제,가정용품,방향제,탈취제,당일픽업,44,27,51.0,38,4,1,1,0,0,2025-04-01,2025-04-30,4200.0,3,1,51,10.5263,2.6316,7.8947,1.8889
170329,하이트)1664블랑500ml캔,맥주>수입맥주>캔맥주(중),맥주,수입맥주,캔맥주(중),당일픽업,36,15,51.0,24,9,2,1,0,0,2025-04-01,2025-04-29,4500.0,7,1,51,37.5,4.1667,29.1667,3.4
123691,G)스틱휘낭시에초콜릿39g,빵>구움과자>구움과자,빵,구움과자,구움과자,당일픽업,40,24,51.0,30,7,2,1,0,0,2025-04-03,2025-04-30,2800.0,5,1,51,23.3333,3.3333,16.6667,2.125
220749,오뚜기)작은밥150g,가공식품>가공미반류>즉석밥,가공식품,가공미반류,즉석밥,당일픽업,32,11,51.0,18,11,1,1,1,0,2025-04-09,2025-04-30,1700.0,10,0,51,61.1111,5.5556,55.5556,4.6364
361184,LG)페리오토탈7치약_H,H&B>치약>일반치약,H&B,치약,일반치약,당일픽업,34,14,51.0,23,9,0,1,1,0,2025-04-01,2025-04-30,4700.0,9,0,51,39.1304,4.3478,39.1304,3.6429
113434,롯데)아몬드초코볼2300,과자>초콜릿>볼초콜릿,과자,초콜릿,볼초콜릿,당일픽업,38,20,51.0,20,10,5,3,0,0,2025-04-01,2025-04-30,2600.0,5,3,51,50.0,15.0,25.0,2.55
083852,삼립)순우유완듀완듀팡110g,빵>간식빵>페스트리,빵,간식빵,페스트리,당일픽업,43,21,51.0,25,11,7,0,0,0,2025-04-04,2025-04-30,2000.0,4,0,51,44.0,0.0,16.0,2.4286
124218,에곤 뮬러 샤르초프베르거 카비넷 20,양주와인>와인>화이트,양주와인,와인,화이트,사전예약,50,38,51.0,49,0,0,1,0,0,2025-04-01,2025-04-30,648000.0,0,1,51,0.0,2.0408,0.0,1.3421
192112,조니워커블루750ml,양주와인>양주>위스키,양주와인,양주,위스키,사전예약,43,39,50.0,33,0,1,9,0,0,2025-04-06,2025-04-30,329000.0,-1,9,50,0.0,27.2727,-3.0303,1.2821
107055,카브루)리얼레몬하이볼355ml캔,양주와인>하이볼>국산하이볼,양주와인,하이볼,국산하이볼,당일픽업,42,21,50.0,38,4,0,0,0,0,2025-04-03,2025-04-22,4000.0,4,0,50,10.5263,0.0,10.5263,2.381
170947,디아)기네스콜드브루440ml캔,맥주>수입맥주>캔맥주(중),맥주,수입맥주,캔맥주(중),당일픽업,46,20,50.0,41,2,0,2,1,0,2025-04-01,2025-04-21,5000.0,2,1,50,4.878,4.878,4.878,2.5
180915,국순당)국순당쌀막걸리750ml,전통주>막걸리>살균막걸리,전통주,막걸리,살균막걸리,당일픽업,43,22,50.0,31,7,3,1,1,0,2025-04-02,2025-04-27,2400.0,4,0,50,22.5806,3.2258,12.9032,2.2727
124309,잭 다니엘스 싱글배럴 700ml,양주와인>양주>위스키,양주와인,양주,위스키,사전예약,48,45,50.0,46,0,0,2,0,0,2025-04-01,2025-04-30,120000.0,0,2,50,0.0,4.3478,0.0,1.1111
118471,오리온)치즈뿌린치킨팝65g,과자>스낵류>일반스낵,과자,스낵류,일반스낵,당일픽업,36,18,50.0,26,7,1,2,0,0,2025-04-07,2025-04-30,1100.0,6,2,50,26.9231,7.6923,23.0769,2.7778
180564,서울탁)장수생막걸리750ml(센터),전통주>막걸리>생막걸리,전통주,막걸리,생막걸리,당일픽업,47,26,50.0,43,2,1,1,0,0,2025-04-04,2025-04-30,1600.0,1,1,50,4.6512,2.3256,2.3256,1.9231
083073,롯데)미니연유크림샌드100g,빵>간식빵>샌드빵,빵,간식빵,샌드빵,당일픽업,37,15,50.0,25,7,2,3,0,0,2025-04-03,2025-04-30,2300.0,5,3,50,28.0,12.0,20.0,3.3333
132351,PB)동원고추참치라면,면>용기면>라면(대형컵),면,용기면,라면(대형컵),교환권,36,18,50.0,29,7,0,0,0,0,2025-04-01,2025-04-29,2600.0,7,0,50,24.1379,0.0,24.1379,2.7778
109690,델토리)마시멜로우하트초콜릿57g,과자>캔디류>봉지캔디,과자,캔디류,봉지캔디,당일픽업,37,21,50.0,30,6,0,1,0,0,2025-04-04,2025-04-30,3900.0,6,1,50,20.0,3.3333,20.0,2.381
124763,삼립)녹차담은초코꾸덕파이70g,빵>구움과자>구움과자,빵,구움과자,구움과자,당일픽업,47,24,50.0,39,4,2,1,1,0,2025-04-04,2025-04-30,2000.0,2,0,50,10.2564,2.5641,5.1282,2.0833
124058,PB)수건모양초코마시멜로100g,과자>초콜릿>봉지초콜릿,과자,초콜릿,봉지초콜릿,당일픽업,38,16,50.0,30,4,0,4,0,0,2025-04-01,2025-04-14,5800.0,4,4,50,13.3333,13.3333,13.3333,3.125
192047,브레드앤버터피노누아,양주와인>와인>레드,양주와인,와인,레드,사전예약,42,39,50.0,35,1,0,6,0,0,2025-04-01,2025-04-29,36000.0,1,6,50,2.8571,17.1429,2.8571,1.2821
180074,아사히)아사히350ml캔,맥주>수입맥주>캔맥주(소),맥주,수입맥주,캔맥주(소),당일픽업,44,22,50.0,35,6,3,0,0,0,2025-04-03,2025-04-29,3600.0,3,0,50,17.1429,0.0,8.5714,2.2727
106115,매크로)하이츄사우어(딸기맛),과자>캔디류>소프트캔디,과자,캔디류,소프트캔디,당일픽업,40,19,50.0,26,8,4,2,0,0,2025-04-01,2025-04-30,1200.0,4,2,50,30.7692,7.6923,15.3846,2.6316
115477,탐나불린 쇼비뇽블랑 700ml,양주와인>양주>위스키,양주와인,양주,위스키,사전예약,46,35,50.0,39,3,1,2,1,0,2025-04-01,2025-04-30,58900.0,2,1,50,7.6923,5.1282,5.1282,1.4286
180762,진로)일품진로1924 375ml,전통주>소주>증류식소주,전통주,소주,증류식소주,당일픽업,46,22,50.0,36,3,2,4,1,0,2025-04-02,2025-04-29,13800.0,1,3,50,8.3333,11.1111,2.7778,2.2727
105299,대호)Big복숭아아이스티320ml,즉석음료>파우치>아이스티,즉석음료,파우치,아이스티,당일픽업,33,16,50.0,24,8,0,1,0,0,2025-04-01,2025-04-28,1300.0,8,1,50,33.3333,4.1667,33.3333,3.125
083853,삼립)발효버터스트로베리데니쉬,빵>간식빵>페스트리,빵,간식빵,페스트리,당일픽업,35,19,50.0,26,6,0,3,0,0,2025-04-04,2025-04-30,2000.0,6,3,50,23.0769,11.5385,23.0769,2.6316
080960,CJ)가쓰오우동222.5g(큰컵),냉장>냉장간편식>냉장면,냉장,냉장간편식,냉장면,당일픽업,35,16,50.0,25,8,1,1,0,0,2025-04-01,2025-04-30,3900.0,7,1,50,32.0,4.0,28.0,3.125
072764,한성)크래미90g,냉장>냉장간식>맛살,냉장,냉장간식,맛살,당일픽업,43,18,50.0,32,5,1,3,2,0,2025-04-02,2025-04-30,3500.0,4,1,50,15.625,9.375,12.5,2.7778
123356,더 그레이프 그라인더 피노타쥐,양주와인>와인>화이트,양주와인,와인,화이트,사전예약,46,36,49.0,42,2,0,1,1,0,2025-04-01,2025-04-28,22900.0,2,0,49,4.7619,2.381,4.7619,1.3611
116368,오리온)꼬북칩콘스프맛80g,과자>스낵류>옥수수스낵,과자,스낵류,옥수수스낵,당일픽업,42,20,49.0,22,11,8,1,0,0,2025-04-03,2025-04-30,1700.0,3,1,49,50.0,4.5455,13.6364,2.45
160648,칠성)제주감귤1.5L,음료>주스>주스(대),음료,주스,주스(대),당일픽업,30,9,49.0,18,10,1,1,0,0,2025-04-05,2025-04-30,3800.0,9,1,49,55.5556,5.5556,50.0,5.4444
107455,덴마크)테이크얼라이브블렌드레몬캐모마일 300ml,유음료>냉장주스>유산균음료,유음료,냉장주스,유산균음료,당일픽업,43,27,49.0,31,6,3,2,1,0,2025-04-01,2025-04-29,2200.0,3,1,49,19.3548,6.4516,9.6774,1.8148
061231,덴마크)인포켓치즈라이트20g,유음료>유제품>치즈,유음료,유제품,치즈,당일픽업,37,15,49.0,23,10,4,0,0,0,2025-04-03,2025-04-29,1700.0,6,0,49,43.4783,0.0,26.087,3.2667
108245,PB)쿵야빠냐냐71g,과자>스낵류>일반스낵,과자,스낵류,일반스낵,당일픽업,54,38,49.0,34,5,9,5,1,0,2025-04-01,2025-04-30,2000.0,-4,4,49,14.7059,14.7059,-11.7647,1.2895
212009,PB)오백바딸기70ml,아이스크림>노벨티>바,아이스크림,노벨티,바,교환권,31,13,49.0,21,8,0,2,0,0,2025-04-01,2025-04-30,500.0,8,2,49,38.0952,9.5238,38.0952,3.7692
124910,PB)수피마 화이트 티셔츠 105_H,패션잡화>팬티/내의>내의류,패션잡화,팬티/내의,내의류,당일픽업,32,14,49.0,23,8,0,1,0,0,2025-04-18,2025-04-29,12500.0,8,1,49,34.7826,4.3478,34.7826,3.5
117220,롯데)왓따 청포도,과자>껌>풍선껌,과자,껌,풍선껌,당일픽업,32,17,49.0,19,10,2,1,0,0,2025-04-02,2025-04-29,600.0,8,1,49,52.6316,5.2632,42.1053,2.8824
062381,PB)헬로맨카라멜마끼아또320ml,유음료>컵커피>300ml 이상,유음료,컵커피,300ml 이상,당일픽업,39,15,49.0,30,7,2,0,0,0,2025-04-01,2025-04-29,3100.0,5,0,49,23.3333,0.0,16.6667,3.2667
202566,칠성)핫식스더킹제로355ml,음료>기능성드링크>에너지음료,음료,기능성드링크,에너지음료,당일픽업,46,33,49.0,34,6,5,1,0,0,2025-04-01,2025-04-30,2300.0,1,1,49,17.6471,2.9412,2.9412,1.4848
141152,오뚜기)차돌강된장보리밥컵밥,가공식품>가공미반류>즉석컵밥,가공식품,가공미반류,즉석컵밥,교환권,34,22,49.0,23,7,0,3,1,0,2025-04-01,2025-04-29,5400.0,7,2,49,30.4348,13.0435,30.4348,2.2273
109328,오뚜기)마라탕밥(컵밥),가공식품>가공미반류>즉석컵밥,가공식품,가공미반류,즉석컵밥,당일픽업,40,16,43.0,31,3,1,1,0,4,2025-04-01,2025-04-30,4800.0,2,1,49,9.6774,3.2258,6.4516,3.0625
124543,동학)빅구슬아이스 포도&파인애플,아이스크림>노벨티>펜슬,아이스크림,노벨티,펜슬,당일픽업,37,15,49.0,30,5,0,2,0,0,2025-04-04,2025-04-30,2000.0,5,2,49,16.6667,6.6667,16.6667,3.2667
160130,코카)코카콜라250ml,음료>탄산음료>콜라(소),음료,탄산음료,콜라(소),당일픽업,31,15,49.0,16,9,2,4,0,0,2025-04-02,2025-04-30,1700.0,7,4,49,56.25,25.0,43.75,3.2667
108453,동서)스타벅스더블샷돌체275ml,음료>커피음료>캔커피(보틀),음료,커피음료,캔커피(보틀),당일픽업,34,14,49.0,22,9,2,1,0,0,2025-04-01,2025-04-30,3300.0,7,1,49,40.9091,4.5455,31.8182,3.5
105221,PB)상주곶감수정과230ml,즉석음료>파우치>아이스티,즉석음료,파우치,아이스티,당일픽업,34,11,49.0,22,9,2,1,0,0,2025-04-02,2025-04-30,1500.0,7,1,49,40.9091,4.5455,31.8182,4.4545
202656,일화)맥콜제로250ml,음료>탄산음료>제로탄산,음료,탄산음료,제로탄산,당일픽업,44,28,49.0,31,7,5,1,0,0,2025-04-01,2025-04-30,1600.0,2,1,49,22.5806,3.2258,6.4516,1.75
202762,하이트)토닉워터600ml,음료>탄산음료>과일향탄산(중),음료,탄산음료,과일향탄산(중),당일픽업,38,22,49.0,25,7,1,3,2,0,2025-04-01,2025-04-30,2900.0,6,1,49,28.0,12.0,24.0,2.2273
114019,롯데)가나마일드1400,과자>초콜릿>판초콜릿,과자,초콜릿,판초콜릿,당일픽업,37,16,49.0,22,9,4,2,0,0,2025-04-07,2025-04-30,1700.0,5,2,49,40.9091,9.0909,22.7273,3.0625
114066,매일)바이오그릭요거트150g,유음료>요구르트>떠먹는요구르트,유음료,요구르트,떠먹는요구르트,당일픽업,48,30,49.0,39,1,0,5,3,0,2025-04-04,2025-04-30,3400.0,1,2,49,2.5641,12.8205,2.5641,1.6333
082537,롯데)미니땅콩샌드65g,빵>간식빵>샌드빵,빵,간식빵,샌드빵,당일픽업,35,18,49.0,23,8,1,2,1,0,2025-04-05,2025-04-30,1600.0,7,1,49,34.7826,8.6957,30.4348,2.7222
112105,오리온)땅콩강정80g,과자>스낵류>전통스낵,과자,스낵류,전통스낵,당일픽업,33,15,48.0,16,10,4,3,0,0,2025-04-04,2025-04-29,1600.0,6,3,48,62.5,18.75,37.5,3.2
109285,CJ)백설한입쏙후랑크115g,냉장>냉장간식>햄/비엔나 ,냉장,냉장간식,햄/비엔나 ,당일픽업,40,25,48.0,29,6,3,2,0,0,2025-04-01,2025-04-28,3900.0,3,2,48,20.6897,6.8966,10.3448,1.92
041371,MDS)젤리블리샤인머스켓60g,디저트>젤리>마시는젤리,디저트,젤리,마시는젤리,당일픽업,34,11,48.0,19,11,4,0,0,0,2025-04-01,2025-04-17,900.0,7,0,48,57.8947,0.0,36.8421,4.3636
190517,아영)샤또기봉레드750ml,양주와인>와인>레드,양주와인,와인,레드,당일픽업,48,30,48.0,45,0,0,2,1,0,2025-04-01,2025-04-30,24000.0,0,1,48,0.0,4.4444,0.0,1.6
220179,동원)고추참치150g,가공식품>캔>참치캔,가공식품,캔,참치캔,당일픽업,33,10,48.0,23,8,1,1,0,0,2025-04-01,2025-04-30,4400.0,7,1,48,34.7826,4.3478,30.4348,4.8
109028,종근당)깨노니땡큐샷30ml,건강/기호식품>숙취해소제>기타제형,건강/기호식품,숙취해소제,기타제형,당일픽업,38,14,48.0,27,8,3,0,0,0,2025-04-02,2025-04-29,6000.0,5,0,48,29.6296,0.0,18.5185,3.4286
201163,칠성)게토레이블루볼트600ml,음료>스포츠음료>스포츠음료(중),음료,스포츠음료,스포츠음료(중),당일픽업,34,18,48.0,23,9,2,0,0,0,2025-04-01,2025-04-30,2200.0,7,0,48,39.1304,0.0,30.4348,2.6667
150253,나뚜루)바닐라컵100ml,아이스크림>고급>컵,아이스크림,고급,컵,당일픽업,35,15,48.0,26,7,1,1,0,0,2025-04-02,2025-04-30,5900.0,6,1,48,26.9231,3.8462,23.0769,3.2
109132,매일)바리스타설탕무첨가라떼325ml,유음료>컵커피>300ml 이상,유음료,컵커피,300ml 이상,당일픽업,43,24,48.0,36,4,2,1,0,0,2025-04-01,2025-04-30,3500.0,2,1,48,11.1111,2.7778,5.5556,2.0
124867,맨시티 No.9 마킹 스카이블루 티셔츠_105,패션잡화>시즌/소품>기타,패션잡화,시즌/소품,기타,사전예약,48,38,48.0,41,2,1,2,2,0,2025-04-01,2025-04-10,55200.0,1,0,48,4.878,4.878,2.439,1.2632
122762,이노엔)컨디션스틱자두18g,건강/기호식품>숙취해소제>젤리제형,건강/기호식품,숙취해소제,젤리제형,당일픽업,35,23,48.0,26,7,1,1,0,0,2025-04-01,2025-04-30,3900.0,6,1,48,26.9231,3.8462,23.0769,2.087
202057,칠성)칸타타콘트라베이스라떼500,음료>커피음료>PET커피,음료,커피음료,PET커피,당일픽업,34,17,48.0,26,6,0,2,0,0,2025-04-02,2025-04-30,2700.0,6,2,48,23.0769,7.6923,23.0769,2.8235
240018,CJ)맛소금250g,조미료/건물>조미료>소금,조미료/건물,조미료,소금,당일픽업,35,12,48.0,24,8,2,1,0,0,2025-04-01,2025-04-25,1200.0,6,1,48,33.3333,4.1667,25.0,4.0
170532,하이네)타이거라들러500ml캔,맥주>수입맥주>캔맥주(중),맥주,수입맥주,캔맥주(중),당일픽업,40,20,48.0,32,6,2,0,0,0,2025-04-01,2025-04-30,4500.0,4,0,48,18.75,0.0,12.5,2.4
192137,와인오브섭스텐스까버네소비,양주와인>와인>레드,양주와인,와인,레드,사전예약,40,26,48.0,35,3,0,2,0,0,2025-04-01,2025-04-30,38000.0,3,2,48,8.5714,5.7143,8.5714,1.8462
108083,PB)배에이드제로500ml,음료>주스>주스(중),음료,주스,주스(중),당일픽업,42,21,48.0,26,8,6,2,0,0,2025-04-01,2025-04-25,2200.0,2,2,48,30.7692,7.6923,7.6923,2.2857
106545,HK)티로그복숭아스파클링355ml,음료>탄산음료>제로탄산,음료,탄산음료,제로탄산,당일픽업,41,19,48.0,24,8,6,3,0,0,2025-04-02,2025-04-30,2000.0,2,3,48,33.3333,12.5,8.3333,2.5263
105297,대호)Big아메리카노스위트320ml,즉석음료>파우치>아이스커피,즉석음료,파우치,아이스커피,당일픽업,35,14,48.0,24,8,2,1,0,0,2025-04-02,2025-04-30,1600.0,6,1,48,33.3333,4.1667,25.0,3.4286
112641,롯데)오잉오징어랑버터구이칩55g,과자>스낵류>일반스낵,과자,스낵류,일반스낵,당일픽업,33,11,48.0,21,9,2,1,0,0,2025-04-06,2025-04-30,1700.0,7,1,48,42.8571,4.7619,33.3333,4.3636
114391,플라네타 코메타750ml,양주와인>와인>화이트,양주와인,와인,화이트,사전예약,46,35,48.0,44,0,0,2,0,0,2025-04-01,2025-04-28,62000.0,0,2,48,0.0,4.5455,0.0,1.3714
083845,삼립)주종발효카스타드소보루,빵>간식빵>과자빵,빵,간식빵,과자빵,당일픽업,39,18,47.0,25,9,5,0,0,0,2025-04-04,2025-04-29,1800.0,4,0,47,36.0,0.0,16.0,2.6111
192628,메타)레벨스트레이트버번750ml,양주와인>양주>위스키,양주와인,양주,위스키,당일픽업,44,40,47.0,42,1,0,1,0,0,2025-04-01,2025-04-30,46900.0,1,1,47,2.381,2.381,2.381,1.175
124145,팔도)볼케이노까르보나라봉지,면>봉지면>비빔/볶음면,면,봉지면,비빔/볶음면,당일픽업,41,19,47.0,28,8,5,0,0,0,2025-04-02,2025-04-30,1700.0,3,0,47,28.5714,0.0,10.7143,2.4737
072959,CJ)어묵떡볶이346g,냉장>냉장간편식>냉장떡볶이,냉장,냉장간편식,냉장떡볶이,당일픽업,37,19,47.0,29,5,1,2,0,0,2025-04-03,2025-04-27,3500.0,4,2,47,17.2414,6.8966,13.7931,2.4737
123301,엄마)스트로베리바크씬80g,과자>초콜릿>봉지초콜릿,과자,초콜릿,봉지초콜릿,교환권,39,15,47.0,25,9,5,0,0,0,2025-04-01,2025-04-28,4000.0,4,0,47,36.0,0.0,16.0,3.1333
220027,"오뚜기)카레(약,매)100g",가공식품>상온간편식>레토르트 소스/분말,가공식품,상온간편식,레토르트 소스/분말,당일픽업,37,21,47.0,26,8,3,0,0,0,2025-04-03,2025-04-30,2800.0,5,0,47,30.7692,0.0,19.2308,2.2381
124636,키키쿼카)얼굴쿠션set,과자>캔디류>행사상품,과자,캔디류,행사상품,사전예약,43,35,47.0,38,2,1,2,0,0,2025-04-01,2025-04-30,27900.0,1,2,47,5.2632,5.2632,2.6316,1.3429
105970,매일)피크닉청포도240ml,유음료>냉장주스>냉장주스(소),유음료,냉장주스,냉장주스(소),당일픽업,34,18,47.0,18,9,4,3,0,0,2025-04-01,2025-04-30,1000.0,5,3,47,50.0,16.6667,27.7778,2.6111
062475,남양)테이크핏고소한맛250ml,유음료>프로틴 음료>250ml 이상 ,유음료,프로틴 음료,250ml 이상 ,당일픽업,37,18,47.0,27,6,2,2,0,0,2025-04-01,2025-04-25,2900.0,4,2,47,22.2222,7.4074,14.8148,2.6111
105369,아미)순수얼음1kg,즉석음료>얼음>대용량얼음,즉석음료,얼음,대용량얼음,당일픽업,31,16,47.0,23,8,0,0,0,0,2025-04-03,2025-04-29,2200.0,8,0,47,34.7826,0.0,34.7826,2.9375
113515,맥캘란 15년 더블캐스크 700ml,양주와인>양주>위스키,양주와인,양주,위스키,사전예약,44,38,47.0,38,0,1,5,0,0,2025-04-01,2025-04-30,229000.0,-1,5,47,0.0,13.1579,-2.6316,1.2368
109959,발렌타인 마스터스 500ml,양주와인>양주>위스키,양주와인,양주,위스키,사전예약,45,39,47.0,43,0,0,2,0,0,2025-04-02,2025-04-30,52000.0,0,2,47,0.0,4.6512,0.0,1.2051
115507,카발란 솔리스트 쉐리,양주와인>양주>위스키,양주와인,양주,위스키,사전예약,41,32,47.0,36,1,0,4,0,0,2025-04-01,2025-04-30,360000.0,1,4,47,2.7778,11.1111,2.7778,1.4688
201698,코카)토레타500ml,음료>스포츠음료>스포츠음료(중),음료,스포츠음료,스포츠음료(중),당일픽업,39,15,47.0,24,8,5,2,0,0,2025-04-04,2025-04-30,2200.0,3,2,47,33.3333,8.3333,12.5,3.1333
190981,디아)조니워커블랙200ml,양주와인>양주>위스키,양주와인,양주,위스키,당일픽업,40,26,47.0,35,2,0,3,0,0,2025-04-01,2025-04-24,19900.0,2,3,47,5.7143,8.5714,5.7143,1.8077
100990,농심)멘토스과일,과자>캔디류>과일향캔디,과자,캔디류,과일향캔디,당일픽업,35,14,47.0,21,10,4,0,0,0,2025-04-01,2025-04-30,900.0,6,0,47,47.619,0.0,28.5714,3.3571
140239,오뚜기)발아흑미밥210g,가공식품>가공미반류>즉석밥,가공식품,가공미반류,즉석밥,교환권,31,11,47.0,21,9,1,0,0,0,2025-04-01,2025-04-26,2700.0,8,0,47,42.8571,0.0,38.0952,4.2727
240122,CJ)백설식용유500ml,조미료/건물>식용유지>식용유,조미료/건물,식용유지,식용유,당일픽업,34,11,47.0,21,9,3,1,0,0,2025-04-01,2025-04-30,3500.0,6,1,47,42.8571,4.7619,28.5714,4.2727
113192,크라운)카라멜콘메이플1500,과자>스낵류>옥수수스낵,과자,스낵류,옥수수스낵,당일픽업,39,21,47.0,25,9,5,0,0,0,2025-04-01,2025-04-27,1500.0,4,0,47,36.0,0.0,16.0,2.2381
109789,PB)훈제메추리알3입,냉장>냉장간식>삶은계란,냉장,냉장간식,삶은계란,당일픽업,32,13,47.0,22,8,0,1,1,0,2025-04-07,2025-04-30,1300.0,8,0,47,36.3636,4.5455,36.3636,3.6154
162360,CJ)비비고칩오리지널40g,안주>스낵안주>김스낵,안주,스낵안주,김스낵,당일픽업,36,23,47.0,25,6,1,3,1,0,2025-04-01,2025-04-29,4900.0,5,2,47,24.0,12.0,20.0,2.0435
107582,농심)까망베르치즈타라19g,안주>스낵안주>일반스낵,안주,스낵안주,일반스낵,당일픽업,38,12,47.0,33,4,0,1,0,0,2025-04-02,2025-04-29,3900.0,4,1,47,12.1212,3.0303,12.1212,3.9167
150946,롯데)돼지바70ml,아이스크림>노벨티>바,아이스크림,노벨티,바,당일픽업,43,17,47.0,27,9,7,0,0,0,2025-04-01,2025-04-25,1500.0,2,0,47,33.3333,0.0,7.4074,2.7647
180587,진로)참이슬후레쉬640ml페트,전통주>소주>페트소주,전통주,소주,페트소주,당일픽업,39,19,47.0,25,9,5,0,0,0,2025-04-01,2025-04-28,3300.0,4,0,47,36.0,0.0,16.0,2.4737
123096,삼경)푸쵸스틱캔디소다맛50g,과자>캔디류>소프트캔디,과자,캔디류,소프트캔디,당일픽업,32,13,46.0,20,8,2,2,0,0,2025-04-03,2025-04-30,2000.0,6,2,46,40.0,10.0,30.0,3.5385
105978,파니니)EPL플러스 축구카드_H,문구/완구>일반완구>일반완구,문구/완구,일반완구,일반완구,당일픽업,42,24,46.0,37,2,1,2,0,0,2025-04-01,2025-04-30,2000.0,1,2,46,5.4054,5.4054,2.7027,1.9167
107788,K리그산리오)인형_폼폼푸린,문구/완구>일반완구>일반완구,문구/완구,일반완구,일반완구,당일픽업,39,18,46.0,33,1,0,5,0,0,2025-04-02,2025-04-26,25000.0,1,5,46,3.0303,15.1515,3.0303,2.5556
106689,PB)카페라떼300ml,유음료>컵커피>300ml 이상,유음료,컵커피,300ml 이상,당일픽업,40,20,46.0,33,5,2,0,0,0,2025-04-02,2025-04-30,2800.0,3,0,46,15.1515,0.0,9.0909,2.3
053072,국내산매콤통가슴살,즉석 식품>즉석치킨(삭제예정)>조각류_삭제예정,즉석 식품,즉석치킨(삭제예정),조각류_삭제예정,당일픽업,40,15,46.0,28,6,3,2,1,0,2025-04-02,2025-04-30,2600.0,3,1,46,21.4286,7.1429,10.7143,3.0667
201895,오츠카)데자와500ml,음료>차음료>홍차,음료,차음료,홍차,당일픽업,40,11,46.0,28,6,4,2,0,0,2025-04-05,2025-04-30,2500.0,2,2,46,21.4286,7.1429,7.1429,4.1818
160194,팔도)비락식혜238ml,음료>전통음료>전통음료(소),음료,전통음료,전통음료(소),당일픽업,28,7,46.0,17,10,1,0,0,0,2025-04-03,2025-04-26,1300.0,9,0,46,58.8235,0.0,52.9412,6.5714
140624,오뚜기)쇠고기미역국밥컵밥,가공식품>가공미반류>즉석컵밥,가공식품,가공미반류,즉석컵밥,당일픽업,43,16,46.0,39,2,1,1,0,0,2025-04-01,2025-04-28,4800.0,1,1,46,5.1282,2.5641,2.5641,2.875
107538,동서)스타벅스카페모카320ml,유음료>컵커피>300ml 이상,유음료,컵커피,300ml 이상,당일픽업,26,9,46.0,16,10,0,0,0,0,2025-04-03,2025-04-30,3300.0,10,0,46,62.5,0.0,62.5,5.1111
109708,디아)조니워커블론드500ml,양주와인>양주>위스키,양주와인,양주,위스키,당일픽업,41,28,46.0,38,2,0,1,0,0,2025-04-04,2025-04-29,39900.0,2,1,46,5.2632,2.6316,5.2632,1.6429
192544,제이콥스크릭클래식샤도네이,양주와인>와인>화이트,양주와인,와인,화이트,사전예약,39,32,46.0,35,3,0,1,0,0,2025-04-01,2025-04-29,16800.0,3,1,46,8.5714,2.8571,8.5714,1.4375
113843,롯데)왓따(복숭아),과자>껌>풍선껌,과자,껌,풍선껌,당일픽업,31,13,46.0,15,11,4,1,0,0,2025-04-05,2025-04-30,600.0,7,1,46,73.3333,6.6667,46.6667,3.5385
170503,하이트)테라500ml캔,맥주>국산맥주>캔맥주(중),맥주,국산맥주,캔맥주(중),당일픽업,46,25,46.0,34,6,6,0,0,0,2025-04-01,2025-04-30,2800.0,0,0,46,17.6471,0.0,0.0,1.84
108608,산토리)짐빔하이볼진저350ml캔,양주와인>하이볼>수입하이볼,양주와인,하이볼,수입하이볼,당일픽업,36,16,46.0,26,6,0,2,2,0,2025-04-01,2025-04-27,4000.0,6,0,46,23.0769,7.6923,23.0769,2.875
200539,51-03_페르)로얄살루트21년500ml,양주와인>양주>위스키,양주와인,양주,위스키,당일픽업,47,35,46.0,45,0,0,1,1,0,2025-04-01,2025-04-30,189000.0,0,0,46,0.0,2.2222,0.0,1.3143
073588,롯데)의성마늘프랑크매콤땡초65g,냉장>냉장간식>소형바,냉장,냉장간식,소형바,당일픽업,51,30,46.0,31,8,10,1,1,0,2025-04-01,2025-04-30,2600.0,-2,0,46,25.8065,3.2258,-6.4516,1.5333
122561,경남)NEW레모나산10포,건강/기호식품>건강/이너뷰티>일반건강식품 ,건강/기호식품,건강/이너뷰티,일반건강식품 ,당일픽업,39,11,45.0,25,7,4,2,1,0,2025-04-02,2025-04-30,3500.0,3,1,45,28.0,8.0,12.0,4.0909
109734,PB)옳곡피넛버터크림빵90g,빵>간식빵>과자빵,빵,간식빵,과자빵,당일픽업,35,17,45.0,27,2,0,6,0,0,2025-04-01,2025-04-30,2300.0,2,6,45,7.4074,22.2222,7.4074,2.6471
094124,돌코리아)후룻버킷복숭아(425g),신선>과일>가공과일,신선,과일,가공과일,당일픽업,27,2,45.0,18,9,0,0,0,0,2025-04-10,2025-04-29,6000.0,9,0,45,50.0,0.0,50.0,22.5
124862,토트넘 코커렐 투톤 머그컵,패션잡화>시즌/소품>기타,패션잡화,시즌/소품,기타,사전예약,36,23,45.0,31,4,0,1,0,0,2025-04-01,2025-04-11,20700.0,4,1,45,12.9032,3.2258,12.9032,1.9565
061659,매일)두유오리지널190ml,유음료>두유>팩두유,유음료,두유,팩두유,당일픽업,35,16,45.0,26,7,2,0,0,0,2025-04-01,2025-04-29,1400.0,5,0,45,26.9231,0.0,19.2308,2.8125
106851,브라운)잭다니엘스애플500ml,양주와인>양주>기타양주,양주와인,양주,기타양주,당일픽업,39,22,45.0,36,3,0,0,0,0,2025-04-01,2025-04-30,39400.0,3,0,45,8.3333,0.0,8.3333,2.0455
123560,로얄살루트 21년 패션 에디션 3 700ml,양주와인>양주>위스키,양주와인,양주,위스키,사전예약,42,39,45.0,39,0,0,3,0,0,2025-04-01,2025-04-29,400000.0,0,3,45,0.0,7.6923,0.0,1.1538
201418,칠성)트레비(라임)500ml,음료>생수>탄산수,음료,생수,탄산수,당일픽업,35,16,45.0,26,7,2,0,0,0,2025-04-05,2025-04-30,1800.0,5,0,45,26.9231,0.0,19.2308,2.8125
105997,롯데)제로쿠키&크림바80ml,아이스크림>노벨티>바,아이스크림,노벨티,바,당일픽업,39,22,45.0,33,3,1,2,0,0,2025-04-02,2025-04-27,3000.0,2,2,45,9.0909,6.0606,6.0606,2.0455
062034,서울)흰우유300ml,유음료>흰우유>흰우유(중),유음료,흰우유,흰우유(중),당일픽업,27,13,45.0,15,9,1,2,0,0,2025-04-03,2025-04-28,1800.0,8,2,45,60.0,13.3333,53.3333,3.4615
116130,TDF)생미쉘초코칩마들렝175g,과자>비스킷류>파이,과자,비스킷류,파이,당일픽업,34,12,45.0,19,8,3,3,1,0,2025-04-03,2025-04-30,3900.0,5,2,45,42.1053,15.7895,26.3158,3.75
115940,오리온)무뚝뚝감자칩60g,과자>스낵류>감자스낵,과자,스낵류,감자스낵,교환권,31,18,45.0,24,7,0,0,0,0,2025-04-01,2025-04-30,2000.0,7,0,45,29.1667,0.0,29.1667,2.5
132869,농심)신라면더레드큰사발,면>용기면>라면(대형컵),면,용기면,라면(대형컵),당일픽업,31,10,45.0,18,10,3,0,0,0,2025-04-07,2025-04-30,1800.0,7,0,45,55.5556,0.0,38.8889,4.5
115576,카발란 드라이 하이볼(24입),양주와인>양주>위스키,양주와인,양주,위스키,사전예약,41,36,45.0,38,1,0,2,0,0,2025-04-01,2025-04-28,96000.0,1,2,45,2.6316,5.2632,2.6316,1.25
117151,해태)오예스360g,과자>비스킷류>파이,과자,비스킷류,파이,교환권,30,7,45.0,20,8,1,1,0,0,2025-04-01,2025-04-28,6600.0,7,1,45,40.0,5.0,35.0,6.4286
062392,비알)민트초코우유190ml,유음료>가공우유>기타,유음료,가공우유,기타,당일픽업,29,13,45.0,18,8,0,2,1,0,2025-04-02,2025-04-29,1500.0,8,1,45,44.4444,11.1111,44.4444,3.4615
104883,삼립)트리플치즈부리또125g,간식>냉장피자>브리또,간식,냉장피자,브리또,당일픽업,40,15,45.0,33,4,2,1,0,0,2025-04-01,2025-04-27,3500.0,2,1,45,12.1212,3.0303,6.0606,3.0
108570,하이트)블랙보리다크로스트520ml,음료>차음료>기타차,음료,차음료,기타차,당일픽업,43,21,45.0,29,6,6,2,0,0,2025-04-02,2025-04-26,2500.0,0,2,45,20.6897,6.8966,0.0,2.1429
124384,대림)안심닭가슴살(블랙페퍼)100g,냉장>냉장간식>냉장 프로틴,냉장,냉장간식,냉장 프로틴,당일픽업,39,16,45.0,26,5,2,4,2,0,2025-04-07,2025-04-30,4500.0,3,2,45,19.2308,15.3846,11.5385,2.8125
094390,프레시팜)착한국산콩두부300g,신선>야채>두부/콩나물,신선,야채,두부/콩나물,당일픽업,35,14,45.0,21,8,4,2,0,0,2025-04-02,2025-04-30,2200.0,4,2,45,38.0952,9.5238,19.0476,3.2143
116687,크라운)키커바 녹차,과자>초콜릿>바초콜릿,과자,초콜릿,바초콜릿,교환권,30,9,45.0,22,7,0,1,0,0,2025-04-02,2025-04-29,1000.0,7,1,45,31.8182,4.5455,31.8182,5.0
124250,벤리악30년700ml,양주와인>양주>위스키,양주와인,양주,위스키,사전예약,40,33,45.0,35,0,0,5,0,0,2025-04-07,2025-04-29,1859000.0,0,5,45,0.0,14.2857,0.0,1.3636
170622,오비)카스제로355ml캔,맥주>무알콜맥주>무알콜맥주(국산),맥주,무알콜맥주,무알콜맥주(국산),당일픽업,40,28,45.0,31,5,3,1,0,0,2025-04-01,2025-04-29,2000.0,2,1,45,16.129,3.2258,6.4516,1.6071
106769,PB)착한꿀호떡95g,빵>간식빵>과자빵,빵,간식빵,과자빵,교환권,34,18,45.0,23,6,1,3,1,0,2025-04-01,2025-04-28,1500.0,5,2,45,26.087,13.0435,21.7391,2.5
132868,오뚜기)열라면소컵,면>용기면>라면(소형컵),면,용기면,라면(소형컵),당일픽업,37,15,45.0,19,11,7,0,0,0,2025-04-01,2025-04-30,1100.0,4,0,45,57.8947,0.0,21.0526,3.0
132036,오뚜기)진라면순한맛5입,면>봉지면>라면,면,봉지면,라면,당일픽업,45,23,45.0,42,0,0,2,1,0,2025-04-03,2025-04-29,5000.0,0,1,45,0.0,4.7619,0.0,1.9565
124979,SAMG)하츄핑비스킷65g,과자>비스킷류>쿠키,과자,비스킷류,쿠키,당일픽업,34,16,45.0,24,7,2,1,0,0,2025-04-09,2025-04-30,1700.0,5,1,45,29.1667,4.1667,20.8333,2.8125
123637,엠즈)39저당초코크림롤105g,디저트>냉장베이커리>롤케익,디저트,냉장베이커리,롤케익,당일픽업,39,23,45.0,33,0,0,6,0,0,2025-04-01,2025-04-28,3900.0,0,6,45,0.0,18.1818,0.0,1.9565
123412,클룹)애사비소다(체리)500ml,음료>탄산음료>과일향탄산(중),음료,탄산음료,과일향탄산(중),당일픽업,37,17,45.0,32,3,0,2,0,0,2025-04-03,2025-04-30,2800.0,3,2,45,9.375,6.25,9.375,2.6471
362002,LG)마카다미아크랜베리바디워시_H,H&B>화장비누/바디클렌저>바디클렌저,H&B,화장비누/바디클렌저,바디클렌저,당일픽업,36,24,44.0,32,4,0,0,0,0,2025-04-01,2025-04-30,9900.0,4,0,44,12.5,0.0,12.5,1.8333
230404,동서)맥심모카골드100입,건강/기호식품>커피>믹스커피,건강/기호식품,커피,믹스커피,당일픽업,34,9,44.0,26,5,1,2,0,0,2025-04-01,2025-04-29,22400.0,4,2,44,19.2308,7.6923,15.3846,4.8889
104492,롯데)몽쉘크림케익3300,과자>비스킷류>파이,과자,비스킷류,파이,교환권,34,17,44.0,27,6,1,0,0,0,2025-04-02,2025-04-29,3500.0,5,0,44,22.2222,0.0,18.5185,2.5882
062429,매일)어메이징오트언스위트190ml,유음료>기능성우유>기능성 음료,유음료,기능성우유,기능성 음료,당일픽업,37,21,44.0,24,6,4,3,0,0,2025-04-01,2025-04-29,1500.0,2,3,44,25.0,12.5,8.3333,2.0952
083884,삼립)발효버터빅스위트데니쉬,빵>간식빵>페스트리,빵,간식빵,페스트리,당일픽업,28,13,44.0,18,9,1,0,0,0,2025-04-08,2025-04-30,1800.0,8,0,44,50.0,0.0,44.4444,3.3846
061718,매일)바리스타쇼콜라모카325ml,유음료>컵커피>300ml 이상,유음료,컵커피,300ml 이상,당일픽업,38,13,44.0,25,8,5,0,0,0,2025-04-01,2025-04-30,3500.0,3,0,44,32.0,0.0,12.0,3.3846
062558,빙그레)사이즈업돌체라떼350ml,유음료>가공우유>기타,유음료,가공우유,기타,당일픽업,32,15,44.0,25,5,0,2,0,0,2025-04-01,2025-04-18,2600.0,5,2,44,20.0,8.0,20.0,2.9333
190171,서울탁)장수생막걸리750ml,전통주>막걸리>생막걸리,전통주,막걸리,생막걸리,당일픽업,36,17,44.0,25,6,3,2,0,0,2025-04-01,2025-04-30,1600.0,3,2,44,24.0,8.0,12.0,2.5882
601556,미스티)짱구는못말려프렌즈1.5g,과자>캔디류>토이캔디,과자,캔디류,토이캔디,당일픽업,44,22,44.0,44,0,0,0,0,0,2025-04-01,2025-04-30,4800.0,0,0,44,0.0,0.0,0.0,2.0
601571,부르봉)랑그드샤블란츄78g,과자>비스킷류>쿠키,과자,비스킷류,쿠키,당일픽업,39,29,44.0,36,2,0,1,0,0,2025-04-03,2025-04-29,4500.0,2,1,44,5.5556,2.7778,5.5556,1.5172
180123,하이네)하이네켄330ml캔,맥주>수입맥주>캔맥주(소),맥주,수입맥주,캔맥주(소),당일픽업,34,20,44.0,27,6,1,0,0,0,2025-04-02,2025-04-29,3600.0,5,0,44,22.2222,0.0,18.5185,2.2
201424,농심)백산수2L,음료>생수>1000ml이상,음료,생수,1000ml이상,당일픽업,29,14,44.0,19,8,1,1,0,0,2025-04-01,2025-04-28,1900.0,7,1,44,42.1053,5.2632,36.8421,3.1429
109937,발렌타인파이니스트 700ml,양주와인>양주>위스키,양주와인,양주,위스키,사전예약,36,28,44.0,30,2,0,4,0,0,2025-04-01,2025-04-30,26400.0,2,4,44,6.6667,13.3333,6.6667,1.5714
106470,PB)산리오복숭아아이스티제로350ml,음료>주스>주스(중),음료,주스,주스(중),교환권,40,29,44.0,36,3,1,0,0,0,2025-04-01,2025-04-30,2800.0,2,0,44,8.3333,0.0,5.5556,1.5172
072055,CJ)맥스봉빅소시지150g,냉장>냉장간식>간식/소시지,냉장,냉장간식,간식/소시지,당일픽업,36,24,44.0,29,4,0,2,1,0,2025-04-01,2025-04-29,3900.0,4,1,44,13.7931,6.8966,13.7931,1.8333
117113,롯데)아몬드빼빼로37g,과자>비스킷류>스틱과자,과자,비스킷류,스틱과자,당일픽업,29,17,44.0,17,9,2,1,0,0,2025-04-01,2025-04-20,2000.0,7,1,44,52.9412,5.8824,41.1765,2.5882
107085,K리그산리오)면티셔츠95,패션잡화>시즌/소품>기타,패션잡화,시즌/소품,기타,당일픽업,38,21,44.0,26,3,0,6,3,0,2025-04-02,2025-04-30,18000.0,3,3,44,11.5385,23.0769,11.5385,2.0952
141728,PB)진한사골곰탕(컵),가공식품>상온간편식>즉석 국/스프,가공식품,상온간편식,즉석 국/스프,당일픽업,34,14,44.0,19,10,5,0,0,0,2025-04-01,2025-04-30,1500.0,5,0,44,52.6316,0.0,26.3158,3.1429
061196,매일)바리스타카라멜250ml,유음료>컵커피>300ml 미만,유음료,컵커피,300ml 미만,당일픽업,30,9,44.0,19,9,2,0,0,0,2025-04-04,2025-04-27,2900.0,7,0,44,47.3684,0.0,36.8421,4.8889
112154,오리온)오징어땅콩202g,과자>스낵류>알뜰절약상품,과자,스낵류,알뜰절약상품,당일픽업,34,12,44.0,24,6,2,2,0,0,2025-04-01,2025-04-30,3200.0,4,2,44,25.0,8.3333,16.6667,3.6667
202199,코카)몬스터(파이프라인펀치)355,음료>기능성드링크>에너지음료,음료,기능성드링크,에너지음료,당일픽업,34,20,44.0,23,8,3,0,0,0,2025-04-01,2025-04-29,2300.0,5,0,44,34.7826,0.0,21.7391,2.2
108682,PB)착한통닭다리(매콤),냉장>냉장안주>치킨안주,냉장,냉장안주,치킨안주,당일픽업,36,17,44.0,22,6,3,4,1,0,2025-04-01,2025-04-29,2900.0,3,3,44,27.2727,18.1818,13.6364,2.5882
105286,푸드)순수얼음1kg,즉석음료>얼음>대용량얼음,즉석음료,얼음,대용량얼음,당일픽업,26,13,43.0,15,9,1,1,0,0,2025-04-01,2025-04-30,2200.0,8,1,43,60.0,6.6667,53.3333,3.3077
124268,비고르 레드,양주와인>와인>레드,양주와인,와인,레드,사전예약,36,23,43.0,29,3,1,3,0,0,2025-04-01,2025-04-29,39000.0,2,3,43,10.3448,10.3448,6.8966,1.8696
124770,매크로)코피코블리스터(카푸치노),과자>캔디류>봉지캔디,과자,캔디류,봉지캔디,당일픽업,31,14,43.0,23,7,1,0,0,0,2025-04-03,2025-04-28,1000.0,6,0,43,30.4348,0.0,26.087,3.0714
123736,덴마크)소화가잘되는우유딸기190ml,유음료>가공우유>딸기우유,유음료,가공우유,딸기우유,당일픽업,28,13,43.0,18,8,1,1,0,0,2025-04-02,2025-04-30,1500.0,7,1,43,44.4444,5.5556,38.8889,3.3077
390874,유한)좋은느낌울트라날개중4P,위생용품>생리대>4P,위생용품,생리대,4P,당일픽업,31,14,43.0,23,7,1,0,0,0,2025-04-10,2025-04-30,2000.0,6,0,43,30.4348,0.0,26.087,3.0714
220673,CJ)햇반3번들600g,가공식품>가공미반류>즉석밥,가공식품,가공미반류,즉석밥,당일픽업,34,13,43.0,29,4,0,1,0,0,2025-04-01,2025-04-30,5700.0,4,1,43,13.7931,3.4483,13.7931,3.3077
123299,스위트)트러플모찌초콜릿87g,과자>초콜릿>볼초콜릿,과자,초콜릿,볼초콜릿,당일픽업,38,21,43.0,33,0,0,5,0,0,2025-04-06,2025-04-29,6000.0,0,5,43,0.0,15.1515,0.0,2.0476
114021,롯데)가나밀크2800,과자>초콜릿>판초콜릿,과자,초콜릿,판초콜릿,당일픽업,31,10,43.0,16,9,3,2,1,0,2025-04-12,2025-04-26,3400.0,6,1,43,56.25,12.5,37.5,4.3
141102,삼양)까르보불닭떡볶이(컵),가공식품>가공미반류>쌀가공식,가공식품,가공미반류,쌀가공식,당일픽업,37,23,43.0,29,4,2,2,0,0,2025-04-01,2025-04-30,3500.0,2,2,43,13.7931,6.8966,6.8966,1.8696
124289,훼밀리)포도무케루푸루푸루구미40g,과자>젤리류>수입젤리,과자,젤리류,수입젤리,당일픽업,30,14,43.0,16,8,3,3,0,0,2025-04-04,2025-04-29,1800.0,5,3,43,50.0,18.75,31.25,3.0714
106114,매크로)하이츄사우어(자몽맛),과자>캔디류>소프트캔디,과자,캔디류,소프트캔디,당일픽업,38,18,43.0,31,4,2,1,0,0,2025-04-01,2025-04-28,1200.0,2,1,43,12.9032,3.2258,6.4516,2.3889
124495,와일드무어 23년,양주와인>양주>위스키,양주와인,양주,위스키,사전예약,34,27,43.0,28,3,0,3,0,0,2025-04-01,2025-04-29,279000.0,3,3,43,10.7143,10.7143,10.7143,1.5926
354096,센카퍼펙트휩클렌징폼120g_H,미용/화장품>여성화장품>클렌징,미용/화장품,여성화장품,클렌징,당일픽업,33,9,43.0,20,9,4,0,0,0,2025-04-04,2025-04-30,9800.0,5,0,43,45.0,0.0,25.0,4.7778
104349,롯데)칙촉비스켓2400,과자>비스킷류>쿠키,과자,비스킷류,쿠키,당일픽업,36,16,43.0,20,9,6,1,0,0,2025-04-02,2025-04-30,2800.0,3,1,43,45.0,5.0,15.0,2.6875
202341,해태)갈아만든배500ml,음료>주스>주스(중),음료,주스,주스(중),당일픽업,33,11,43.0,20,9,4,0,0,0,2025-04-01,2025-04-30,2300.0,5,0,43,45.0,0.0,25.0,3.9091
109015,PB)바닐라빈슈크림빵105g,빵>간식빵>과자빵,빵,간식빵,과자빵,당일픽업,39,16,43.0,31,2,1,4,1,0,2025-04-01,2025-04-30,2300.0,1,3,43,6.4516,12.9032,3.2258,2.6875
124213,폴로져 비노테크 브뤼 빈티지 2002 NEW,양주와인>와인>스파클링(샴페인),양주와인,와인,스파클링(샴페인),사전예약,41,33,43.0,40,1,0,0,0,0,2025-04-08,2025-04-30,499000.0,1,0,43,2.5,0.0,2.5,1.303
124285,한입)게맛살깡오리지널30g,안주>스낵안주>일반스낵,안주,스낵안주,일반스낵,교환권,33,19,43.0,25,5,1,2,0,0,2025-04-01,2025-04-29,4900.0,4,2,43,20.0,8.0,16.0,2.2632
073385,리치푸드)로제쫄깃납작면(냉장),냉장>냉장간편식>냉장떡볶이,냉장,냉장간편식,냉장떡볶이,당일픽업,39,19,43.0,32,3,1,2,1,0,2025-04-01,2025-04-28,4200.0,2,1,43,9.375,6.25,6.25,2.2632
124045,해태)자유시간쿠키앤티라미수,과자>초콜릿>바초콜릿,과자,초콜릿,바초콜릿,당일픽업,36,19,43.0,23,6,4,3,0,0,2025-04-05,2025-04-30,1200.0,2,3,43,26.087,13.0435,8.6957,2.2632
202137,코카)조지아라떼470ml,음료>커피음료>PET커피,음료,커피음료,PET커피,당일픽업,27,16,43.0,18,7,0,2,0,0,2025-04-01,2025-04-30,2800.0,7,2,43,38.8889,11.1111,38.8889,2.6875
201355,동서)스타벅스더블샷(에스프레소,음료>커피음료>캔커피(보틀),음료,커피음료,캔커피(보틀),당일픽업,32,16,43.0,17,8,3,3,1,0,2025-04-01,2025-04-30,3300.0,5,2,43,47.0588,17.6471,29.4118,2.6875
141519,CJ)햇반매일찰잡곡밥210g,가공식품>가공미반류>즉석밥,가공식품,가공미반류,즉석밥,당일픽업,27,13,42.0,19,7,0,1,0,0,2025-04-04,2025-04-30,2800.0,7,1,42,36.8421,5.2632,36.8421,3.2308
124876,토트넘 No.7 마킹 화이트 티셔츠_105,패션잡화>시즌/소품>기타,패션잡화,시즌/소품,기타,사전예약,30,18,42.0,24,6,0,0,0,0,2025-04-01,2025-04-10,55200.0,6,0,42,25.0,0.0,25.0,2.3333
118545,MZ)밀카무40g,과자>비스킷류>크래커,과자,비스킷류,크래커,교환권,24,10,42.0,15,9,0,0,0,0,2025-04-01,2025-04-23,1500.0,9,0,42,60.0,0.0,60.0,4.2
191651,금양)시데랄750ml,양주와인>와인>레드,양주와인,와인,레드,당일픽업,36,15,42.0,27,3,0,4,2,0,2025-04-01,2025-04-30,45900.0,3,2,42,11.1111,14.8148,11.1111,2.8
210825,해태)탱크보이120ml,아이스크림>노벨티>펜슬,아이스크림,노벨티,펜슬,당일픽업,26,14,42.0,18,8,0,0,0,0,2025-04-01,2025-04-30,1800.0,8,0,42,44.4444,0.0,44.4444,3.0
220585,오뚜기)맛있는큰밥300g,가공식품>가공미반류>즉석밥,가공식품,가공미반류,즉석밥,당일픽업,32,14,42.0,20,7,3,2,0,0,2025-04-06,2025-04-30,2800.0,4,2,42,35.0,10.0,20.0,3.0
161178,칠성)칸타타프리미엄라떼275,음료>커피음료>캔커피(보틀),음료,커피음료,캔커피(보틀),당일픽업,30,12,42.0,20,8,2,0,0,0,2025-04-02,2025-04-29,2500.0,6,0,42,40.0,0.0,30.0,3.5
115938,농심)조청유과96g,과자>스낵류>전통스낵,과자,스낵류,전통스낵,당일픽업,30,12,42.0,17,8,3,2,0,0,2025-04-10,2025-04-30,1700.0,5,2,42,47.0588,11.7647,29.4118,3.5
124322,카스레몬 위글위글팩500ml(8입),맥주>수입맥주>캔맥주(중),맥주,수입맥주,캔맥주(중),사전예약,37,27,42.0,31,2,0,3,1,0,2025-04-01,2025-04-27,21600.0,2,2,42,6.4516,9.6774,6.4516,1.5556
123695,골든블루 쿼츠,양주와인>양주>위스키,양주와인,양주,위스키,사전예약,41,30,42.0,36,2,1,1,1,0,2025-04-01,2025-04-28,29800.0,1,0,42,5.5556,2.7778,2.7778,1.4
220178,동원)라이트참치150g,가공식품>캔>참치캔,가공식품,캔,참치캔,당일픽업,30,14,42.0,20,8,2,0,0,0,2025-04-04,2025-04-30,4400.0,6,0,42,40.0,0.0,30.0,3.0
105773,PB)카덴유부우동259g,냉장>냉장간편식>냉장면,냉장,냉장간편식,냉장면,당일픽업,37,21,42.0,28,2,1,5,1,0,2025-04-04,2025-04-30,4500.0,1,4,42,7.1429,17.8571,3.5714,2.0
111545,해태)크림웨하스50g,과자>비스킷류>크래커,과자,비스킷류,크래커,교환권,28,19,42.0,20,6,0,2,0,0,2025-04-01,2025-04-26,1000.0,6,2,42,30.0,10.0,30.0,2.2105
093157,SNJ)순수고구마130g,신선>야채>채소가공품,신선,야채,채소가공품,당일픽업,35,18,42.0,27,5,1,1,1,0,2025-04-07,2025-04-30,3000.0,4,0,42,18.5185,3.7037,14.8148,2.3333
109488,오뚜기)짜슐랭큰컵,면>용기면>비빔/볶음면,면,용기면,비빔/볶음면,당일픽업,37,18,42.0,24,7,5,1,0,0,2025-04-01,2025-04-30,2000.0,2,1,42,29.1667,4.1667,8.3333,2.3333
107677,K리그산리오)머플러(마이멜로디),패션잡화>시즌/소품>기타,패션잡화,시즌/소품,기타,당일픽업,38,22,42.0,35,1,0,2,0,0,2025-04-01,2025-04-26,20000.0,1,2,42,2.8571,5.7143,2.8571,1.9091
170956,어메이징)이천쌀맥주500ml캔,맥주>국산맥주>수제맥주,맥주,국산맥주,수제맥주,당일픽업,43,4,42.0,36,1,1,3,2,0,2025-04-04,2025-04-27,4500.0,0,1,42,2.7778,8.3333,0.0,10.5
170425,하이트)파울라너바이스비어500ml,맥주>수입맥주>캔맥주(중),맥주,수입맥주,캔맥주(중),당일픽업,35,18,42.0,24,5,2,3,1,0,2025-04-02,2025-04-30,4800.0,3,2,42,20.8333,12.5,12.5,2.3333
124993,미스티)별의커비솜사탕8g,과자>캔디류>소프트캔디,과자,캔디류,소프트캔디,당일픽업,29,13,42.0,22,6,0,1,0,0,2025-04-09,2025-04-30,2300.0,6,1,42,27.2727,4.5455,27.2727,3.2308
123775,티머니)디즈니카드(미키/투명),서비스 상품>일반서비스>교통카드판매,서비스 상품,일반서비스,교통카드판매,당일픽업,36,8,42.0,33,3,0,0,0,0,2025-04-11,2025-04-28,5000.0,3,0,42,9.0909,0.0,9.0909,5.25
123402,현대)신년운세떡만둣국,미반>푸드 간편식>조리면,미반,푸드 간편식,조리면,당일픽업,40,24,42.0,30,4,3,2,1,0,2025-04-02,2025-04-30,4900.0,1,1,42,13.3333,6.6667,3.3333,1.75
191288,리커)산밸리까베네쇼비뇽750ml,양주와인>와인>레드,양주와인,와인,레드,당일픽업,40,26,42.0,33,4,3,0,0,0,2025-04-01,2025-04-30,8900.0,1,0,42,12.1212,0.0,3.0303,1.6154
191268,레뱅드)로쉐마제로제250ml,양주와인>와인>기타와인,양주와인,와인,기타와인,당일픽업,37,20,42.0,26,6,4,1,0,0,2025-04-04,2025-04-30,8000.0,2,1,42,23.0769,3.8462,7.6923,2.1
192254,샹그리아오렌지750ml,양주와인>리쿼>리쿼,양주와인,리쿼,리쿼,사전예약,39,29,42.0,33,3,2,1,0,0,2025-04-01,2025-04-30,12000.0,1,1,42,9.0909,3.0303,3.0303,1.4483
191870,호세쿠엘보750ml,양주와인>양주>기타양주,양주와인,양주,기타양주,사전예약,38,29,42.0,32,1,0,4,1,0,2025-04-01,2025-04-27,33900.0,1,3,42,3.125,12.5,3.125,1.4483
150445,나뚜루)녹차바,아이스크림>고급>바,아이스크림,고급,바,당일픽업,38,21,42.0,27,5,4,2,0,0,2025-04-01,2025-04-27,5900.0,1,2,42,18.5185,7.4074,3.7037,2.0
108082,PB)오렌지에이드제로500ml,음료>주스>주스(중),음료,주스,주스(중),당일픽업,37,22,42.0,23,6,4,3,1,0,2025-04-02,2025-04-28,2200.0,2,2,42,26.087,13.0435,8.6957,1.9091
123773,티머니)디즈니카드(미니/자개),서비스 상품>일반서비스>교통카드판매,서비스 상품,일반서비스,교통카드판매,당일픽업,41,12,42.0,36,2,1,1,1,0,2025-04-03,2025-04-28,5000.0,1,0,42,5.5556,2.7778,2.7778,3.5
123623,G)파스키에슬라이스브리오쉬500g,빵>간식빵>과자빵,빵,간식빵,과자빵,당일픽업,34,18,42.0,29,3,0,2,0,0,2025-04-01,2025-04-30,9000.0,3,2,42,10.3448,6.8966,10.3448,2.3333
105968,G)닛신컵누들칠리토마토맛70g,면>용기면>라면(소형컵),면,용기면,라면(소형컵),당일픽업,32,15,41.0,22,2,1,7,0,0,2025-04-02,2025-04-29,1800.0,1,7,41,9.0909,31.8182,4.5455,2.7333
083909,엔제이)스위트도넛100g,빵>간식빵>도너츠,빵,간식빵,도너츠,당일픽업,34,22,41.0,23,5,3,3,0,0,2025-04-03,2025-04-28,3500.0,2,3,41,21.7391,13.0435,8.6957,1.8636
123558,농심)츄파춥스오션믹스젤리60g,과자>젤리류>수입젤리,과자,젤리류,수입젤리,당일픽업,30,17,41.0,20,7,2,1,0,0,2025-04-05,2025-04-26,1400.0,5,1,41,35.0,5.0,25.0,2.4118
413524,동원)뉴트리스틱(참치연어)_H,일용잡화>반려동물용품>반려묘,일용잡화,반려동물용품,반려묘,당일픽업,34,7,41.0,22,7,4,1,0,0,2025-04-04,2025-04-30,3000.0,3,1,41,31.8182,4.5455,13.6364,5.8571
190783,페르)깔루아200ml,양주와인>양주>기타양주,양주와인,양주,기타양주,당일픽업,37,18,41.0,33,0,0,4,0,0,2025-04-01,2025-04-29,11700.0,0,4,41,0.0,12.1212,0.0,2.2778
112283,오리온)오감자딥양념바베큐70g,과자>스낵류>감자스낵,과자,스낵류,감자스낵,당일픽업,31,13,41.0,17,8,4,2,0,0,2025-04-02,2025-04-30,1700.0,4,2,41,47.0588,11.7647,23.5294,3.1538
070322,빙그레)딸기맛우유240ml,유음료>가공우유>딸기우유,유음료,가공우유,딸기우유,당일픽업,29,13,41.0,18,7,2,2,0,0,2025-04-01,2025-04-30,1800.0,5,2,41,38.8889,11.1111,27.7778,3.1538
370399,LG)바디피트귀애랑울날중4P,위생용품>생리대>4P,위생용품,생리대,4P,당일픽업,31,13,41.0,24,6,1,0,0,0,2025-04-01,2025-04-27,2500.0,5,0,41,25.0,0.0,20.8333,3.1538
124912,PB)수피마 블랙 티셔츠 100_H,패션잡화>팬티/내의>내의류,패션잡화,팬티/내의,내의류,당일픽업,34,22,41.0,27,3,0,3,1,0,2025-04-17,2025-04-30,12500.0,3,2,41,11.1111,11.1111,11.1111,1.8636
190518,아영)디아블로까버네쇼비뇽750ml,양주와인>와인>레드,양주와인,와인,레드,당일픽업,36,25,41.0,31,3,1,1,0,0,2025-04-01,2025-04-28,14900.0,2,1,41,9.6774,3.2258,6.4516,1.64
132169,농심)오징어짬뽕큰사발,면>용기면>라면(대형컵),면,용기면,라면(대형컵),당일픽업,29,11,41.0,17,9,3,0,0,0,2025-04-08,2025-04-30,1800.0,6,0,41,52.9412,0.0,35.2941,3.7273
106928,PB)복숭아아이스컵200ml,아이스크림>노벨티>컵,아이스크림,노벨티,컵,당일픽업,33,20,41.0,21,5,3,4,0,0,2025-04-01,2025-04-30,2500.0,2,4,41,23.8095,19.0476,9.5238,2.05
150970,롯데)구구크러스터660ml,아이스크림>홈타입>카톤,아이스크림,홈타입,카톤,당일픽업,27,11,41.0,18,8,1,0,0,0,2025-04-02,2025-04-29,7700.0,7,0,41,44.4444,0.0,38.8889,3.7273
116652,MZ)홀스xs후르츠믹스,과자>캔디류>기능성캔디,과자,캔디류,기능성캔디,당일픽업,32,14,41.0,18,7,4,3,0,0,2025-04-04,2025-04-24,2000.0,3,3,41,38.8889,16.6667,16.6667,2.9286
124884,하나코하쿠매실사케,전통주>기타전통주>중국/일본주,전통주,기타전통주,중국/일본주,사전예약,38,31,41.0,35,0,0,3,0,0,2025-04-01,2025-04-30,26900.0,0,3,41,0.0,8.5714,0.0,1.3226
115411,달모어 12년 700ml,양주와인>양주>위스키,양주와인,양주,위스키,사전예약,36,27,39.5,29,1,1,4,0,1,2025-04-01,2025-04-30,129000.0,0,4,41,3.4483,13.7931,0.0,1.5185
107761,동아)모닝케어프레스온(간),음료>기능성드링크>숙취해소음료,음료,기능성드링크,숙취해소음료,당일픽업,32,20,41.0,25,5,1,1,0,0,2025-04-01,2025-04-30,6000.0,4,1,41,20.0,4.0,16.0,2.05
073241,CJ)닭가슴살소시지80g,냉장>냉장간식>냉장 프로틴,냉장,냉장간식,냉장 프로틴,당일픽업,36,21,41.0,29,4,2,1,0,0,2025-04-04,2025-04-30,2900.0,2,1,41,13.7931,3.4483,6.8966,1.9524
191969,프레시넷 로제 스파클링(기념일추천),양주와인>와인>스파클링(샴페인),양주와인,와인,스파클링(샴페인),사전예약,38,26,41.0,29,0,0,7,2,0,2025-04-01,2025-04-28,29800.0,0,5,41,0.0,24.1379,0.0,1.5769
062428,매일)어메이징오트오리지널190ml,유음료>기능성우유>기능성 음료,유음료,기능성우유,기능성 음료,당일픽업,37,26,41.0,26,5,3,2,1,0,2025-04-01,2025-04-30,1500.0,2,1,41,19.2308,7.6923,7.6923,1.5769
073564,CJ)가래떡떡볶이310g,냉장>냉장간편식>냉장떡볶이,냉장,냉장간편식,냉장떡볶이,당일픽업,34,10,40.0,28,3,1,2,0,0,2025-04-01,2025-04-30,3900.0,2,2,40,10.7143,7.1429,7.1429,4.0
123296,해태)가루비감자칩야키니쿠맛55g,과자>스낵류>감자스낵,과자,스낵류,감자스낵,당일픽업,33,17,40.0,18,7,4,3,1,0,2025-04-03,2025-04-29,1700.0,3,2,40,38.8889,16.6667,16.6667,2.3529
161356,동서)TOP스위트아메리카노200,음료>커피음료>캔커피(일반),음료,커피음료,캔커피(일반),당일픽업,34,10,40.0,19,9,6,0,0,0,2025-04-01,2025-04-24,1500.0,3,0,40,47.3684,0.0,15.7895,4.0
109824,SAMG)캐치티니핑유기농솜사탕12g,과자>캔디류>소프트캔디,과자,캔디류,소프트캔디,당일픽업,29,16,40.0,21,6,1,1,0,0,2025-04-08,2025-04-30,2500.0,5,1,40,28.5714,4.7619,23.8095,2.5
200844,칠성)핫식스250ml,음료>기능성드링크>에너지음료,음료,기능성드링크,에너지음료,당일픽업,24,8,40.0,14,9,1,0,0,0,2025-04-02,2025-04-30,1600.0,8,0,40,64.2857,0.0,57.1429,5.0
118036,오리온)마켓오브라우니120g,과자>비스킷류>파이,과자,비스킷류,파이,당일픽업,30,14,40.0,20,6,0,2,2,0,2025-04-06,2025-04-30,3300.0,6,0,40,30.0,10.0,30.0,2.8571
062347,이디야)카페라떼300ml,유음료>컵커피>300ml 이상,유음료,컵커피,300ml 이상,당일픽업,34,21,40.0,29,4,1,0,0,0,2025-04-01,2025-04-30,3200.0,3,0,40,13.7931,0.0,10.3448,1.9048
082543,롯데)프리미엄패스츄리스위트,빵>간식빵>페스트리,빵,간식빵,페스트리,당일픽업,32,13,40.0,20,8,4,0,0,0,2025-04-06,2025-04-27,1800.0,4,0,40,40.0,0.0,20.0,3.0769
113722,롯데)스피아민트스틱,과자>껌>스틱껌,과자,껌,스틱껌,당일픽업,26,4,40.0,13,10,3,0,0,0,2025-04-05,2025-04-24,1200.0,7,0,40,76.9231,0.0,53.8462,10.0
108733,정관장)아미노활기력샷20ml,건강/기호식품>건강/이너뷰티>일반건강식품 ,건강/기호식품,건강/이너뷰티,일반건강식품 ,당일픽업,35,25,40.0,30,3,1,1,0,0,2025-04-01,2025-04-30,3500.0,2,1,40,10.0,3.3333,6.6667,1.6
413525,동원)뉴트리스틱(참치닭가슴살)_H,일용잡화>반려동물용품>반려묘,일용잡화,반려동물용품,반려묘,당일픽업,33,15,40.0,27,4,1,1,0,0,2025-04-02,2025-04-30,3000.0,3,1,40,14.8148,3.7037,11.1111,2.6667
109726,발베니21년포트우드700ml,양주와인>양주>위스키,양주와인,양주,위스키,사전예약,37,31,40.0,35,1,0,1,0,0,2025-04-17,2025-04-28,579000.0,1,1,40,2.8571,2.8571,2.8571,1.2903
106895,네슬레)킷캣4핑거(녹차)35g,과자>초콜릿>판초콜릿,과자,초콜릿,판초콜릿,당일픽업,35,16,40.0,22,7,4,1,1,0,2025-04-02,2025-04-30,2200.0,3,0,40,31.8182,4.5455,13.6364,2.5
107241,훼밀리)에낙스파이시라면스낵28g,과자>스낵류>일반스낵,과자,스낵류,일반스낵,당일픽업,32,15,40.0,17,8,5,2,0,0,2025-04-01,2025-04-30,800.0,3,2,40,47.0588,11.7647,17.6471,2.6667
115373,오리온)찍먹오감자스윗칠리75g,과자>스낵류>감자스낵,과자,스낵류,감자스낵,당일픽업,26,9,40.0,13,7,1,4,1,0,2025-04-05,2025-04-30,1700.0,6,3,40,53.8462,30.7692,46.1538,4.4444
083848,삼립)초당옥수수크림빵100g,빵>간식빵>과자빵,빵,간식빵,과자빵,당일픽업,27,16,40.0,19,5,0,3,0,0,2025-04-06,2025-04-30,2000.0,5,3,40,26.3158,15.7895,26.3158,2.5
030392,풀무원)올바른샐러드(콘)100g,미반>샐러드 >조리샐러드,미반,샐러드 ,조리샐러드,당일픽업,32,19,40.0,23,5,2,2,0,0,2025-04-01,2025-04-29,2500.0,3,2,40,21.7391,8.6957,13.0435,2.1053
140963,오뚜기)톡톡김치알밥(컵밥),가공식품>가공미반류>즉석컵밥,가공식품,가공미반류,즉석컵밥,교환권,29,19,40.0,23,5,0,1,0,0,2025-04-01,2025-04-29,5400.0,5,1,40,21.7391,4.3478,21.7391,2.1053
080915, 한성)크래미140g,냉장>냉장간식>맛살,냉장,냉장간식,맛살,당일픽업,31,11,40.0,20,7,3,1,0,0,2025-04-01,2025-04-28,4900.0,4,1,40,35.0,5.0,20.0,3.6364
125006,SAMG)오로라핑의오로라빛젤리50g,과자>젤리류>국산젤리,과자,젤리류,국산젤리,당일픽업,31,14,40.0,22,6,2,1,0,0,2025-04-09,2025-04-29,2000.0,4,1,40,27.2727,4.5455,18.1818,2.8571
202382,웅진)자연은납작복숭아340ml,음료>주스>주스(중),음료,주스,주스(중),당일픽업,25,8,40.0,14,7,1,3,0,0,2025-04-01,2025-04-29,1800.0,6,3,40,50.0,21.4286,42.8571,5.0
401517,동화)부채표미인활75ml,약품/의료품>의약외품>의약외품,약품/의료품,의약외품,의약외품,당일픽업,35,15,39.0,25,6,4,0,0,0,2025-04-01,2025-04-30,1200.0,2,0,39,24.0,0.0,8.0,2.6
170954,시원)아오모리사과츄하이350ml,맥주>수입맥주>캔맥주(소),맥주,수입맥주,캔맥주(소),당일픽업,32,23,39.0,23,1,1,7,0,0,2025-04-01,2025-04-30,6000.0,0,7,39,4.3478,30.4348,0.0,1.6957
160130,코카콜라250ml,음료>탄산음료>콜라(소),음료,탄산음료,콜라(소),교환권,27,12,39.0,21,6,0,0,0,0,2025-04-06,2025-04-30,1700.0,6,0,39,28.5714,0.0,28.5714,3.25
124135,해태)구운버터옥수수60g,과자>스낵류>옥수수스낵,과자,스낵류,옥수수스낵,교환권,35,24,39.0,33,2,0,0,0,0,2025-04-01,2025-04-28,1700.0,2,0,39,6.0606,0.0,6.0606,1.625
180636,진로)new참이슬360ml병,전통주>소주>병소주,전통주,소주,병소주,당일픽업,31,15,39.0,17,9,5,0,0,0,2025-04-01,2025-04-28,1900.0,4,0,39,52.9412,0.0,23.5294,2.6
080421,CJ)오뎅한그릇(시원한맛)360g,냉장>냉장간편식>반찬/국탕류,냉장,냉장간편식,반찬/국탕류,당일픽업,32,18,39.0,24,5,1,1,1,0,2025-04-02,2025-04-29,3900.0,4,0,39,20.8333,4.1667,16.6667,2.1667
124142,훼밀리)BBQ마시멜로우30g,과자>캔디류>소프트캔디,과자,캔디류,소프트캔디,당일픽업,38,31,39.0,29,1,2,5,1,0,2025-04-01,2025-04-27,2000.0,-1,4,39,3.4483,17.2414,-3.4483,1.2581
150931,빙그레)비비빅75ml,아이스크림>노벨티>바,아이스크림,노벨티,바,당일픽업,25,14,39.0,16,8,1,0,0,0,2025-04-03,2025-04-30,1500.0,7,0,39,50.0,0.0,43.75,2.7857
070896,롯데)에센뽀득프랑크70g,냉장>냉장간식>소형바,냉장,냉장간식,소형바,당일픽업,30,15,39.0,19,7,2,1,1,0,2025-04-04,2025-04-29,2600.0,5,0,39,36.8421,5.2632,26.3158,2.6
124882,토트넘 No.7 백마킹 화이트 티셔츠_105,패션잡화>시즌/소품>기타,패션잡화,시즌/소품,기타,사전예약,35,25,39.0,31,3,1,0,0,0,2025-04-01,2025-04-11,55200.0,2,0,39,9.6774,0.0,6.4516,1.56
221210,CJ)비비고왕교자420g,냉동>냉동만두>봉지만두,냉동,냉동만두,봉지만두,교환권,34,19,39.0,25,5,3,1,0,0,2025-04-01,2025-04-29,6500.0,2,1,39,20.0,4.0,8.0,2.0526
109016,PB)피스타치오웨하스57g,과자>비스킷류>크래커,과자,비스킷류,크래커,교환권,30,12,39.0,24,3,0,3,0,0,2025-04-01,2025-04-30,1800.0,3,3,39,12.5,12.5,12.5,3.25
111272,해태)연양갱,과자>캔디류>소프트캔디,과자,캔디류,소프트캔디,당일픽업,30,17,39.0,19,7,3,1,0,0,2025-04-01,2025-04-29,900.0,4,1,39,36.8421,5.2632,21.0526,2.2941
124767,서주)마로마로레몬맛40g,과자>젤리류>국산젤리,과자,젤리류,국산젤리,당일픽업,24,9,39.0,14,8,1,1,0,0,2025-04-08,2025-04-30,2000.0,7,1,39,57.1429,7.1429,50.0,4.3333
105931,농심)누들핏김치사발면맛,면>용기면>숙면/건면,면,용기면,숙면/건면,당일픽업,27,12,39.0,16,7,2,2,0,0,2025-04-04,2025-04-30,1800.0,5,2,39,43.75,12.5,31.25,3.25
360868,애경)케라시스데미지린스_H,H&B>샴푸/린스>린스,H&B,샴푸/린스,린스,당일픽업,32,22,39.0,28,3,0,1,0,0,2025-04-02,2025-04-30,6000.0,3,1,39,10.7143,3.5714,10.7143,1.7727
210210,오뚜기)열라면큰컵,면>용기면>라면(대형컵),면,용기면,라면(대형컵),당일픽업,27,11,39.0,17,8,2,0,0,0,2025-04-04,2025-04-29,1400.0,6,0,39,47.0588,0.0,35.2941,3.5455
202407,링티)링티제로500ml,음료>스포츠음료>스포츠음료(중),음료,스포츠음료,스포츠음료(중),당일픽업,43,26,39.0,26,6,9,2,0,0,2025-04-02,2025-04-30,2900.0,-3,2,39,23.0769,7.6923,-11.5385,1.5
160278,코카)파워에이드마운틴1.5L,음료>스포츠음료>스포츠음료(대),음료,스포츠음료,스포츠음료(대),당일픽업,27,12,39.0,17,8,2,0,0,0,2025-04-03,2025-04-22,3500.0,6,0,39,47.0588,0.0,35.2941,3.25
170615,오비)호가든로제500ml캔,맥주>수입맥주>캔맥주(중),맥주,수입맥주,캔맥주(중),당일픽업,32,18,39.0,26,4,1,1,0,0,2025-04-03,2025-04-30,4900.0,3,1,39,15.3846,3.8462,11.5385,2.1667
124562,롯데)빼빼로인절미팥빙수맛37g,과자>비스킷류>스틱과자,과자,비스킷류,스틱과자,당일픽업,30,16,39.0,21,6,2,1,0,0,2025-04-03,2025-04-30,2000.0,4,1,39,28.5714,4.7619,19.0476,2.4375
124249,벤리악25년46%700ml,양주와인>양주>위스키,양주와인,양주,위스키,사전예약,33,27,39.0,27,0,0,6,0,0,2025-04-07,2025-04-29,775600.0,0,6,39,0.0,22.2222,0.0,1.4444
115051,롯데)후라보노오리지널,과자>껌>스틱껌,과자,껌,스틱껌,당일픽업,25,10,39.0,12,10,3,0,0,0,2025-04-01,2025-04-30,1200.0,7,0,39,83.3333,0.0,58.3333,3.9
109661,드림)훈와리메이진콩가루35g,과자>스낵류>옥수수스낵,과자,스낵류,옥수수스낵,당일픽업,29,12,39.0,17,7,2,2,1,0,2025-04-06,2025-04-25,2700.0,5,1,39,41.1765,11.7647,29.4118,3.25
073127,한일)김치우동200g,냉장>냉장간편식>냉장면,냉장,냉장간편식,냉장면,당일픽업,34,8,39.0,25,5,2,1,1,0,2025-04-06,2025-04-30,3800.0,3,0,39,20.0,4.0,12.0,4.875
050283,뚜또)밀감230g,디저트>젤리>떠먹는젤리,디저트,젤리,떠먹는젤리,당일픽업,30,13,39.0,17,8,4,1,0,0,2025-04-02,2025-04-25,2900.0,4,1,39,47.0588,5.8824,23.5294,3.0
107466,PB)산리오K리그베리베리사우어젤리40g,과자>젤리류>국산젤리,과자,젤리류,국산젤리,당일픽업,33,25,39.0,25,4,2,2,0,0,2025-04-01,2025-04-30,1500.0,2,2,39,16.0,8.0,8.0,1.56
133743,PB)꼬마컵맛김치130g,냉장>냉장간편식>김치/단무지,냉장,냉장간편식,김치/단무지,당일픽업,29,13,39.0,15,8,4,2,0,0,2025-04-01,2025-04-29,2400.0,4,2,39,53.3333,13.3333,26.6667,3.0
160779,웅진)하늘보리500ml,음료>차음료>보리차,음료,차음료,보리차,당일픽업,32,20,39.0,22,6,3,1,0,0,2025-04-01,2025-04-30,2200.0,3,1,39,27.2727,4.5455,13.6364,1.95
107274,해태)충전시간40g,과자>초콜릿>바초콜릿,과자,초콜릿,바초콜릿,당일픽업,31,5,39.0,21,7,3,0,0,0,2025-04-05,2025-04-18,1500.0,4,0,39,33.3333,0.0,19.0476,7.8
170227,오비)버드와이저500ml캔,맥주>수입맥주>캔맥주(중),맥주,수입맥주,캔맥주(중),당일픽업,31,19,39.0,25,5,1,0,0,0,2025-04-01,2025-04-30,4900.0,4,0,39,20.0,0.0,16.0,2.0526
212050,빙그레)슈크림붕어싸만코150ml,아이스크림>노벨티>모나카,아이스크림,노벨티,모나카,당일픽업,28,10,39.0,19,5,1,3,0,0,2025-04-02,2025-04-28,2500.0,4,3,39,26.3158,15.7895,21.0526,3.9
062314,매일)바리스타아메리카노PET475m,유음료>가공우유>기타,유음료,가공우유,기타,당일픽업,30,17,39.0,23,5,1,1,0,0,2025-04-01,2025-04-30,2700.0,4,1,39,21.7391,4.3478,17.3913,2.2941
125004,오리온)핵아이셔젤리깔라만시맛72g,과자>젤리류>국산젤리,과자,젤리류,국산젤리,당일픽업,26,13,39.0,15,8,2,1,0,0,2025-04-10,2025-04-29,1500.0,6,1,39,53.3333,6.6667,40.0,3.0
390823,깨끗한)퓨어물티슈60매,위생용품>티슈>물티슈,위생용품,티슈,물티슈,당일픽업,25,17,39.0,17,6,0,2,0,0,2025-04-03,2025-04-30,3900.0,6,2,39,35.2941,11.7647,35.2941,2.2941
240513,PB)참고소한도시락김5g,조미료/건물>건해산물>농수산건물,조미료/건물,건해산물,농수산건물,당일픽업,32,12,39.0,20,7,4,1,0,0,2025-04-04,2025-04-25,800.0,3,1,39,35.0,5.0,15.0,3.25
083896,PB)제주우유후레쉬크림빵85g,빵>간식빵>과자빵,빵,간식빵,과자빵,당일픽업,33,24,38.0,23,4,2,3,1,0,2025-04-04,2025-04-30,2100.0,2,2,38,17.3913,13.0435,8.6957,1.5833
124042,일신)캇예스사우어구미75g,과자>젤리류>수입젤리,과자,젤리류,수입젤리,당일픽업,32,13,38.0,26,3,1,2,0,0,2025-04-02,2025-04-19,2500.0,2,2,38,11.5385,7.6923,7.6923,2.9231
170939,오비)카스레몬500ml캔,맥주>국산맥주>캔맥주(중),맥주,국산맥주,캔맥주(중),당일픽업,28,14,38.0,17,5,2,4,0,0,2025-04-01,2025-04-29,2800.0,3,4,38,29.4118,23.5294,17.6471,2.7143
600868,동서)오곡코코볼바33g,과자>프로틴/시리얼>영양바류,과자,프로틴/시리얼,영양바류,당일픽업,31,15,38.0,21,6,3,1,0,0,2025-04-01,2025-04-29,1900.0,3,1,38,28.5714,4.7619,14.2857,2.5333
123132,PB)우리쌀사골떡국163g,가공식품>가공미반류>쌀가공식,가공식품,가공미반류,쌀가공식,당일픽업,33,12,38.0,20,7,5,1,0,0,2025-04-04,2025-04-30,3100.0,2,1,38,35.0,5.0,10.0,3.1667
106546,동원)동원샘물2L,음료>생수>1000ml이상,음료,생수,1000ml이상,당일픽업,30,19,38.0,24,5,1,0,0,0,2025-04-01,2025-04-27,1600.0,4,0,38,20.8333,0.0,16.6667,2.0
162397,PB)고구마씬스틱50g,안주>농산안주>농산물,안주,농산안주,농산물,당일픽업,27,17,38.0,18,5,1,3,0,0,2025-04-02,2025-04-29,2000.0,4,3,38,27.7778,16.6667,22.2222,2.2353
123791,고운벗)스노우생초코레트말차맛32g,과자>초콜릿>봉지초콜릿,과자,초콜릿,봉지초콜릿,당일픽업,27,14,38.0,17,7,1,1,1,0,2025-04-04,2025-04-30,2000.0,6,0,38,41.1765,5.8824,35.2941,2.7143
600974,하늘)초코약과도넛60g,과자>비스킷류>쿠키,과자,비스킷류,쿠키,교환권,25,13,38.0,17,5,0,3,0,0,2025-04-02,2025-04-30,1300.0,5,3,38,29.4118,17.6471,29.4118,2.9231
105949,마즈)비카인드단백질바40g,과자>프로틴/시리얼>영양바류,과자,프로틴/시리얼,영양바류,당일픽업,38,23,38.0,26,6,6,0,0,0,2025-04-01,2025-04-29,2500.0,0,0,38,23.0769,0.0,0.0,1.6522
111551,크라운)쵸코하임47g,과자>비스킷류>쿠키,과자,비스킷류,쿠키,당일픽업,30,14,38.0,18,8,4,0,0,0,2025-04-02,2025-04-29,1400.0,4,0,38,44.4444,0.0,22.2222,2.7143
116389,오리온)왕꿈틀이1000,과자>젤리류>국산젤리,과자,젤리류,국산젤리,당일픽업,34,16,38.0,17,8,6,2,1,0,2025-04-02,2025-04-25,1000.0,2,1,38,47.0588,11.7647,11.7647,2.375
210757,끌레도르)쿠앤크바90ml,아이스크림>노벨티>바,아이스크림,노벨티,바,당일픽업,32,20,38.0,25,2,0,4,1,0,2025-04-01,2025-04-30,2500.0,2,3,38,8.0,16.0,8.0,1.9
116249,롯데)오잉75g,과자>스낵류>일반스낵,과자,스낵류,일반스낵,당일픽업,31,16,38.0,19,7,4,1,0,0,2025-04-01,2025-04-29,1700.0,3,1,38,36.8421,5.2632,15.7895,2.375
114540,투핸즈 섹시 비스트750ml,양주와인>와인>레드,양주와인,와인,레드,사전예약,34,28,38.0,30,0,0,4,0,0,2025-04-03,2025-04-30,45000.0,0,4,38,0.0,13.3333,0.0,1.3571
220205,유성)유동골뱅이230G,가공식품>캔>수산캔,가공식품,캔,수산캔,당일픽업,28,9,38.0,19,7,2,0,0,0,2025-04-07,2025-04-28,10900.0,5,0,38,36.8421,0.0,26.3158,4.2222
170313,롯데)클라우드500ml캔,맥주>국산맥주>캔맥주(중),맥주,국산맥주,캔맥주(중),당일픽업,31,20,38.0,27,3,0,1,0,0,2025-04-01,2025-04-28,2750.0,3,1,38,11.1111,3.7037,11.1111,1.9
119598,트롤리)애플향팝스100g,과자>젤리류>수입젤리,과자,젤리류,수입젤리,교환권,28,8,38.0,19,7,2,0,0,0,2025-04-01,2025-04-23,2500.0,5,0,38,36.8421,0.0,26.3158,4.75
123406,PB)인절미찰떡크림빵90g,빵>간식빵>과자빵,빵,간식빵,과자빵,당일픽업,27,21,36.5,16,0,0,10,0,1,2025-04-01,2025-04-30,2400.0,0,10,38,0.0,62.5,0.0,1.8095
362366,LG)페리오듀얼클린칫솔 2입_H,H&B>칫솔>미세모,H&B,칫솔,미세모,당일픽업,30,11,38.0,21,5,1,2,1,0,2025-04-01,2025-04-29,3500.0,4,1,38,23.8095,9.5238,19.0476,3.4545
601330,7P)초코바나나칩46g,과자>비스킷류>쿠키,과자,비스킷류,쿠키,당일픽업,34,16,38.0,21,3,3,6,1,0,2025-04-03,2025-04-27,3500.0,0,5,38,14.2857,28.5714,0.0,2.375
093380,SNJ)노랑옥수수1입,신선>야채>채소가공품,신선,야채,채소가공품,당일픽업,32,13,38.0,24,4,0,2,2,0,2025-04-01,2025-04-27,3000.0,4,0,38,16.6667,8.3333,16.6667,2.9231
094497,돌코리아)바나나(2입),신선>과일>수입과일,신선,과일,수입과일,당일픽업,31,14,38.0,15,6,2,5,3,0,2025-04-03,2025-04-25,1800.0,4,2,38,40.0,33.3333,26.6667,2.7143
133739,CJ)비비고썰은김치60g,냉장>냉장간편식>김치/단무지,냉장,냉장간편식,김치/단무지,당일픽업,24,12,38.0,12,8,2,2,0,0,2025-04-05,2025-04-30,1350.0,6,2,38,66.6667,16.6667,50.0,3.1667
141022,CJ)햇반매일잡곡밥210g,가공식품>가공미반류>즉석밥,가공식품,가공미반류,즉석밥,당일픽업,26,12,38.0,19,5,0,2,0,0,2025-04-05,2025-04-30,2800.0,5,2,38,26.3158,10.5263,26.3158,3.1667
202708,동서)스타벅스셀렉트바닐라300,음료>커피음료>PET커피,음료,커피음료,PET커피,당일픽업,24,10,38.0,14,7,1,2,0,0,2025-04-07,2025-04-30,2900.0,6,2,38,50.0,14.2857,42.8571,3.8
109955,로얄살루트 21년 마이애미 폴로 에디션 700ml,양주와인>양주>위스키,양주와인,양주,위스키,사전예약,32,26,38.0,28,2,0,2,0,0,2025-04-01,2025-04-30,387000.0,2,2,38,7.1429,7.1429,7.1429,1.4615
390831,PB)천연펄프3겹데코12롤,위생용품>티슈>롤티슈,위생용품,티슈,롤티슈,당일픽업,28,19,38.0,23,5,0,0,0,0,2025-04-02,2025-04-30,17600.0,5,0,38,21.7391,0.0,21.7391,2.0
107273,크라운)콘칩초당70g,과자>스낵류>옥수수스낵,과자,스낵류,옥수수스낵,교환권,27,11,38.0,16,6,1,3,1,0,2025-04-07,2025-04-30,1700.0,5,2,38,37.5,18.75,31.25,3.4545
601559,오리온)치즈톡80g,과자>스낵류>감자스낵,과자,스낵류,감자스낵,당일픽업,27,16,37.0,17,6,2,2,0,0,2025-04-03,2025-04-30,1700.0,4,2,37,35.2941,11.7647,23.5294,2.3125
122966,유앤)스웨디시스타일젤리80g,과자>젤리류>수입젤리,과자,젤리류,수입젤리,당일픽업,30,16,37.0,24,4,1,1,0,0,2025-04-03,2025-04-29,2500.0,3,1,37,16.6667,4.1667,12.5,2.3125
132862,팔도)틈새라면고기짬뽕큰컵105g,면>용기면>라면(대형컵),면,용기면,라면(대형컵),당일픽업,31,11,37.0,20,4,1,4,2,0,2025-04-03,2025-04-30,1810.0,3,2,37,20.0,20.0,15.0,3.3636
105930,농심)누들핏육개장사발면맛,면>용기면>숙면/건면,면,용기면,숙면/건면,당일픽업,26,14,37.0,16,7,2,1,0,0,2025-04-01,2025-04-30,1800.0,5,1,37,43.75,6.25,31.25,2.6429
105929,코카)몬스터에너지피치355ml,음료>기능성드링크>에너지음료,음료,기능성드링크,에너지음료,당일픽업,29,18,37.0,21,6,2,0,0,0,2025-04-02,2025-04-30,2300.0,4,0,37,28.5714,0.0,19.0476,2.0556
109993,탐두 12년,양주와인>양주>위스키,양주와인,양주,위스키,사전예약,26,18,37.0,19,4,0,3,0,0,2025-04-01,2025-04-27,117000.0,4,3,37,21.0526,15.7895,21.0526,2.0556
118878,CJ)밀국물떡볶이346g,냉장>냉장간편식>냉장떡볶이,냉장,냉장간편식,냉장떡볶이,당일픽업,29,13,37.0,16,7,4,2,0,0,2025-04-07,2025-04-25,3900.0,3,2,37,43.75,12.5,18.75,2.8462
061534,덴마크)얼라이브망고250ml,유음료>냉장주스>유산균음료,유음료,냉장주스,유산균음료,당일픽업,31,8,37.0,18,8,5,0,0,0,2025-04-10,2025-04-30,1700.0,3,0,37,44.4444,0.0,16.6667,4.625
600774,오리온)리찌알맹이67g,과자>젤리류>국산젤리,과자,젤리류,국산젤리,당일픽업,33,3,37.0,29,3,1,0,0,0,2025-04-06,2025-04-26,1200.0,2,0,37,10.3448,0.0,6.8966,12.3333
083928,삼립)순우유연유요팡80g,빵>간식빵>페스트리,빵,간식빵,페스트리,당일픽업,31,12,37.0,20,7,4,0,0,0,2025-04-03,2025-04-30,1600.0,3,0,37,35.0,0.0,15.0,3.0833
060777,남양)맛있는검은콩깨병200ml,유음료>두유>병두유,유음료,두유,병두유,당일픽업,25,5,37.0,14,7,1,2,1,0,2025-04-02,2025-04-29,1700.0,6,1,37,50.0,14.2857,42.8571,7.4
117287,MZ)밀카딸기초코렛100g,과자>초콜릿>판초콜릿,과자,초콜릿,판초콜릿,당일픽업,27,14,37.0,20,6,1,0,0,0,2025-04-01,2025-04-29,4800.0,5,0,37,30.0,0.0,25.0,2.6429
202173,HK)새싹보리500ml,음료>차음료>보리차,음료,차음료,보리차,당일픽업,28,7,37.0,16,6,1,3,2,0,2025-04-02,2025-04-30,2500.0,5,1,37,37.5,18.75,31.25,5.2857
202513,하이트)토닉워터제로300ml,음료>탄산음료>제로탄산,음료,탄산음료,제로탄산,당일픽업,33,23,37.0,29,3,1,0,0,0,2025-04-01,2025-04-30,1900.0,2,0,37,10.3448,0.0,6.8966,1.6087
062383,PB)헬로맨초코라떼320ml,유음료>가공우유>초코우유,유음료,가공우유,초코우유,당일픽업,35,14,37.0,34,1,0,0,0,0,2025-04-02,2025-04-28,3100.0,1,0,37,2.9412,0.0,2.9412,2.6429
832776,오뚜기)옛날국수소면500g,가공식품>상온간편식>건면,가공식품,상온간편식,건면,당일픽업,32,17,37.0,27,3,1,1,0,0,2025-04-01,2025-04-30,3000.0,2,1,37,11.1111,3.7037,7.4074,2.1765
601331,7P)화이트초코러스크90g,과자>비스킷류>쿠키,과자,비스킷류,쿠키,당일픽업,28,17,37.0,19,0,0,9,0,0,2025-04-01,2025-04-26,4500.0,0,9,37,0.0,47.3684,0.0,2.1765
192489,아벨라워12년700ml,양주와인>양주>위스키,양주와인,양주,위스키,사전예약,34,32,37.0,31,0,0,3,0,0,2025-04-01,2025-04-29,145000.0,0,3,37,0.0,9.6774,0.0,1.1562
123937,펜폴즈 쿠능가 힐 쉬라즈,양주와인>와인>레드,양주와인,와인,레드,사전예약,34,25,37.0,27,2,0,3,2,0,2025-04-02,2025-04-29,30000.0,2,1,37,7.4074,11.1111,7.4074,1.48
105935,칠성)펩시라임제로카페인355ml,음료>탄산음료>제로탄산,음료,탄산음료,제로탄산,당일픽업,35,24,37.0,28,4,3,0,0,0,2025-04-01,2025-04-30,2000.0,1,0,37,14.2857,0.0,3.5714,1.5417
073586,PB)된장술밥510g,냉장>냉장간편식>냉장밥,냉장,냉장간편식,냉장밥,당일픽업,30,11,37.0,24,4,1,1,0,0,2025-04-03,2025-04-30,5500.0,3,1,37,16.6667,4.1667,12.5,3.3636
124866,맨시티 No.9 마킹 스카이블루 티셔츠_100,패션잡화>시즌/소품>기타,패션잡화,시즌/소품,기타,사전예약,37,29,37.0,35,1,1,0,0,0,2025-04-01,2025-04-12,55200.0,0,0,37,2.8571,0.0,0.0,1.2759
071464,진주햄)천하장사50g,냉장>냉장간식>간식/소시지,냉장,냉장간식,간식/소시지,당일픽업,27,14,37.0,18,7,2,0,0,0,2025-04-01,2025-04-30,2400.0,5,0,37,38.8889,0.0,27.7778,2.6429
132824,오뚜기)치즈게티큰컵,면>용기면>비빔/볶음면,면,용기면,비빔/볶음면,당일픽업,27,12,37.0,19,5,1,2,0,0,2025-04-06,2025-04-30,2300.0,4,2,37,26.3158,10.5263,21.0526,3.0833
108075,오리온)닥터유단백질드링크초코350ml,유음료>프로틴 음료>250ml 이상 ,유음료,프로틴 음료,250ml 이상 ,당일픽업,27,15,37.0,20,6,1,0,0,0,2025-04-03,2025-04-30,3900.0,5,0,37,30.0,0.0,25.0,2.4667
062313,매일)바리스타라떼PET475ml,유음료>가공우유>기타,유음료,가공우유,기타,당일픽업,27,10,36.0,16,7,3,1,0,0,2025-04-06,2025-04-30,2700.0,4,1,36,43.75,6.25,25.0,3.6
141705,하림)더미식차돌육개장350g,가공식품>상온간편식>레토르트 국탕찌개,가공식품,상온간편식,레토르트 국탕찌개,당일픽업,28,12,36.0,20,6,2,0,0,0,2025-04-05,2025-04-23,6500.0,4,0,36,30.0,0.0,20.0,3.0
122461,티젠)콤부차파인애플10T,건강/기호식품>차>분말차류,건강/기호식품,차,분말차류,당일픽업,33,17,36.0,31,1,0,1,0,0,2025-04-01,2025-04-27,8000.0,1,1,36,3.2258,3.2258,3.2258,2.1176
070512,롯데)쾌변사과150ml,유음료>요구르트>기능성요구르트,유음료,요구르트,기능성요구르트,당일픽업,28,16,36.0,23,3,0,2,0,0,2025-04-02,2025-04-29,1900.0,3,2,36,13.0435,8.6957,13.0435,2.25
124553,빙그레)딥앤로우저당소프트멜론160ml,아이스크림>노벨티>펜슬,아이스크림,노벨티,펜슬,당일픽업,37,22,36.0,33,1,2,1,0,0,2025-04-03,2025-04-30,3300.0,-1,1,36,3.0303,3.0303,-3.0303,1.6364
140876,CJ)햇반불고기덮밥(컵반),가공식품>가공미반류>즉석컵밥,가공식품,가공미반류,즉석컵밥,당일픽업,25,11,36.0,17,6,1,1,0,0,2025-04-01,2025-04-20,4800.0,5,1,36,35.2941,5.8824,29.4118,3.2727
123645,CJ)햇반전복죽267g,가공식품>가공미반류>죽,가공식품,가공미반류,죽,당일픽업,32,11,36.0,28,3,1,0,0,0,2025-04-02,2025-04-28,5500.0,2,0,36,10.7143,0.0,7.1429,3.2727
123650,SAMG)캐치티니핑반짝립스틱캔디5g,과자>캔디류>토이캔디,과자,캔디류,토이캔디,당일픽업,30,9,36.0,27,3,0,0,0,0,2025-04-06,2025-04-29,1500.0,3,0,36,11.1111,0.0,11.1111,4.0
115360,오리온)오감자그라탕50g,과자>스낵류>감자스낵,과자,스낵류,감자스낵,당일픽업,33,14,36.0,15,9,8,1,0,0,2025-04-02,2025-04-30,1400.0,1,1,36,60.0,6.6667,6.6667,2.5714
108815,PB)마롱호두단팥빵105g,빵>간식빵>과자빵,빵,간식빵,과자빵,당일픽업,28,20,36.0,21,1,0,6,0,0,2025-04-01,2025-04-30,2300.0,1,6,36,4.7619,28.5714,4.7619,1.8
115169,크라운)딸기산도161g,과자>비스킷류>크래커,과자,비스킷류,크래커,당일픽업,26,5,36.0,17,7,2,0,0,0,2025-04-04,2025-04-30,2500.0,5,0,36,41.1765,0.0,29.4118,7.2
062592,PB)헬로맨바닐라라떼320ml,유음료>컵커피>300ml 이상,유음료,컵커피,300ml 이상,당일픽업,28,12,36.0,16,8,4,0,0,0,2025-04-02,2025-04-29,3100.0,4,0,36,50.0,0.0,25.0,3.0
106421,삼립)덴마크요구르트딸기샌드,조리빵>샌드위치>샌드위치,조리빵,샌드위치,샌드위치,당일픽업,30,18,36.0,21,6,3,0,0,0,2025-04-01,2025-04-07,2800.0,3,0,36,28.5714,0.0,14.2857,2.0
202576,동서)TOP돌체라떼275,음료>커피음료>캔커피(보틀),음료,커피음료,캔커피(보틀),당일픽업,27,8,36.0,14,8,4,1,0,0,2025-04-01,2025-04-26,2700.0,4,1,36,57.1429,7.1429,28.5714,4.5
124879,토트넘 No.7 마킹 네이비 티셔츠_95,패션잡화>시즌/소품>기타,패션잡화,시즌/소품,기타,사전예약,34,19,36.0,29,3,2,0,0,0,2025-04-01,2025-04-11,55200.0,1,0,36,10.3448,0.0,3.4483,1.8947
150809,나뚜루) 초코컵,아이스크림>고급>컵,아이스크림,고급,컵,당일픽업,35,15,36.0,24,5,4,1,1,0,2025-04-01,2025-04-30,5900.0,1,0,36,20.8333,4.1667,4.1667,2.4
115337,머거본)구운감자아몬드50g,안주>너트류>봉지너트,안주,너트류,봉지너트,교환권,27,21,36.0,22,4,0,1,0,0,2025-04-08,2025-04-30,3000.0,4,1,36,18.1818,4.5455,18.1818,1.7143
191122,아사히)크루저블루베리275ml병,양주와인>리쿼>리쿼,양주와인,리쿼,리쿼,당일픽업,30,11,36.0,22,4,2,2,0,0,2025-04-01,2025-04-30,4500.0,2,2,36,18.1818,9.0909,9.0909,3.2727
161254,광동)옥수수수염차500ml,음료>차음료>옥수수차,음료,차음료,옥수수차,당일픽업,24,12,36.0,15,6,0,2,1,0,2025-04-02,2025-04-28,2200.0,6,1,36,40.0,13.3333,40.0,3.0
109176,피치)킨조젤리76g,과자>젤리류>수입젤리,과자,젤리류,수입젤리,당일픽업,28,9,36.0,24,4,0,0,0,0,2025-04-02,2025-04-28,2500.0,4,0,36,16.6667,0.0,16.6667,4.0
133738,CJ)비비고썰은김치100g,냉장>냉장간편식>김치/단무지,냉장,냉장간편식,김치/단무지,당일픽업,27,12,36.0,17,5,1,3,1,0,2025-04-01,2025-04-26,2000.0,4,2,36,29.4118,17.6471,23.5294,3.0
117114,롯데)초코필드빼빼로53g,과자>비스킷류>스틱과자,과자,비스킷류,스틱과자,당일픽업,24,14,36.0,13,7,2,2,0,0,2025-04-01,2025-04-30,2000.0,5,2,36,53.8462,15.3846,38.4615,2.5714
041299,제이탑)NEW달달꿀떡200g,디저트>떡>떡,디저트,떡,떡,당일픽업,28,17,36.0,23,3,0,2,0,0,2025-04-01,2025-04-27,2800.0,3,2,36,13.0435,8.6957,13.0435,2.1176
112604,오리온)아이셔자두맛42g,과자>캔디류>소프트캔디,과자,캔디류,소프트캔디,당일픽업,26,11,36.0,17,7,2,0,0,0,2025-04-04,2025-04-29,900.0,5,0,36,41.1765,0.0,29.4118,3.2727
202731,PB)내몸애70% 2L,음료>생수>1000ml이상,음료,생수,1000ml이상,당일픽업,24,11,36.0,14,8,2,0,0,0,2025-04-01,2025-04-30,1300.0,6,0,36,57.1429,0.0,42.8571,3.2727
830735,롯데)미니땅콩크림샌드(5입),빵>간식빵>샌드빵,빵,간식빵,샌드빵,당일픽업,30,15,36.0,14,8,5,2,1,0,2025-04-05,2025-04-30,2300.0,3,1,36,57.1429,14.2857,21.4286,2.4
151759,CJ)쇠고기다시다골드100g,조미료/건물>조미료>복합조미료/향신료,조미료/건물,조미료,복합조미료/향신료,당일픽업,26,7,36.0,18,5,1,2,0,0,2025-04-01,2025-04-30,4300.0,4,2,36,27.7778,11.1111,22.2222,5.1429
106855,코카)몬스터오지레모네이드355ml,음료>기능성드링크>에너지음료,음료,기능성드링크,에너지음료,당일픽업,26,10,36.0,18,5,0,2,1,0,2025-04-02,2025-04-28,2300.0,5,1,36,27.7778,11.1111,27.7778,3.6
113469,삼립)치킨텐더샐러드132g,간식>샐러드(삭제예정)>채소샐러드(삭제예정),간식,샐러드(삭제예정),채소샐러드(삭제예정),당일픽업,31,21,36.0,26,3,1,1,0,0,2025-04-05,2025-04-25,4500.0,2,1,36,11.5385,3.8462,7.6923,1.7143
123638,농심)후르츠텔라48g,과자>캔디류>소프트캔디,과자,캔디류,소프트캔디,당일픽업,26,21,35.0,18,4,1,3,0,0,2025-04-01,2025-04-29,1500.0,3,3,35,22.2222,16.6667,16.6667,1.6667
070793,남양)불가리스사과150ml,유음료>요구르트>기능성요구르트,유음료,요구르트,기능성요구르트,당일픽업,29,18,35.0,21,4,2,2,0,0,2025-04-02,2025-04-29,2000.0,2,2,35,19.0476,9.5238,9.5238,1.9444
115136,하리보)푸르티부시젤리100g,과자>젤리류>수입젤리,과자,젤리류,수입젤리,당일픽업,26,10,35.0,17,6,1,1,1,0,2025-04-03,2025-04-19,2500.0,5,0,35,35.2941,5.8824,29.4118,3.5
161843,코주부)구운스틱쥐포20g,안주>생선류>쥐포,안주,생선류,쥐포,당일픽업,27,13,35.0,14,7,3,2,1,0,2025-04-01,2025-04-28,2200.0,4,1,35,50.0,14.2857,28.5714,2.6923
192049,루이스엠마티니소노마카운티,양주와인>와인>레드,양주와인,와인,레드,사전예약,30,18,35.0,23,4,2,1,0,0,2025-04-01,2025-04-29,35000.0,2,1,35,17.3913,4.3478,8.6957,1.9444
124688,삼립)주종발효초코크림소보루85g,빵>간식빵>과자빵,빵,간식빵,과자빵,당일픽업,29,15,35.0,20,6,3,0,0,0,2025-04-03,2025-04-30,1800.0,3,0,35,30.0,0.0,15.0,2.3333
108654,네슬레)다막피스타치오60G,과자>초콜릿>판초콜릿,과자,초콜릿,판초콜릿,교환권,25,10,35.0,14,5,0,4,2,0,2025-04-06,2025-04-25,3900.0,5,2,35,35.7143,28.5714,35.7143,3.5
117783,롯데)ABC초코쿠키50g,과자>비스킷류>쿠키,과자,비스킷류,쿠키,당일픽업,26,13,35.0,13,8,4,1,0,0,2025-04-03,2025-04-29,1500.0,4,1,35,61.5385,7.6923,30.7692,2.6923
106095,PB)한끼견과모닝도넛40g,빵>구움과자>구움과자,빵,구움과자,구움과자,당일픽업,33,26,33.5,26,1,1,3,1,1,2025-04-01,2025-04-30,1700.0,0,2,35,3.8462,11.5385,0.0,1.3462
107062,피죤)퓨어뽀드득주방세제레몬(1.2L)_H,가정용품>세제류>주방세제,가정용품,세제류,주방세제,당일픽업,23,8,35.0,15,7,1,0,0,0,2025-04-09,2025-04-30,6900.0,6,0,35,46.6667,0.0,40.0,4.375
133745,한울)꼬마단무지120g,냉장>냉장간편식>김치/단무지,냉장,냉장간편식,김치/단무지,당일픽업,25,13,35.0,18,6,1,0,0,0,2025-04-05,2025-04-30,1000.0,5,0,35,33.3333,0.0,27.7778,2.6923
161842,코주부)왕꼬마쥐포35g,안주>생선류>쥐포,안주,생선류,쥐포,당일픽업,23,9,35.0,16,5,0,2,0,0,2025-04-01,2025-04-23,3800.0,5,2,35,31.25,12.5,31.25,3.8889
041342,MDS)젤리블리애플망고60g,디저트>젤리>마시는젤리,디저트,젤리,마시는젤리,당일픽업,23,9,35.0,13,8,2,0,0,0,2025-04-01,2025-04-17,900.0,6,0,35,61.5385,0.0,46.1538,3.8889
124905,팔도)볼케이노까르보나라큰컵,면>용기면>비빔/볶음면,면,용기면,비빔/볶음면,당일픽업,27,13,35.0,19,6,2,0,0,0,2025-04-09,2025-04-30,1800.0,4,0,35,31.5789,0.0,21.0526,2.6923
124906,키다리)진실의미간대파육개장큰컵,면>용기면>숙면/건면,면,용기면,숙면/건면,당일픽업,31,20,35.0,25,4,2,0,0,0,2025-04-04,2025-04-30,2400.0,2,0,35,16.0,0.0,8.0,1.75
108739,티젠)푸룬쏙50G,건강/기호식품>건강/이너뷰티>일반건강식품 ,건강/기호식품,건강/이너뷰티,일반건강식품 ,당일픽업,26,18,35.0,21,4,0,1,0,0,2025-04-03,2025-04-29,4000.0,4,1,35,19.0476,4.7619,19.0476,1.9444
160052, 칠성)칠성사이다500ml,음료>탄산음료>사이다(중),음료,탄산음료,사이다(중),당일픽업,21,7,35.0,12,8,1,0,0,0,2025-04-03,2025-04-30,2300.0,7,0,35,66.6667,0.0,58.3333,5.0
070403,서울)아침에주스오렌지PE210ml,유음료>냉장주스>냉장주스(소),유음료,냉장주스,냉장주스(소),당일픽업,32,20,35.0,24,4,3,1,0,0,2025-04-01,2025-04-30,2300.0,1,1,35,16.6667,4.1667,4.1667,1.75
106690,PB)카페모카300ml,유음료>컵커피>300ml 이상,유음료,컵커피,300ml 이상,당일픽업,27,10,35.0,19,6,2,0,0,0,2025-04-03,2025-04-28,2800.0,4,0,35,31.5789,0.0,21.0526,3.5
600911,MZ)호올스허니레몬27.9g,과자>캔디류>기능성캔디,과자,캔디류,기능성캔디,당일픽업,35,14,35.0,16,8,8,2,1,0,2025-04-01,2025-04-29,1200.0,0,1,35,50.0,12.5,0.0,2.5
123741,엠즈)39저당딸기크림롤105g,디저트>냉장베이커리>롤케익,디저트,냉장베이커리,롤케익,당일픽업,38,18,35.0,29,0,0,5,4,0,2025-04-01,2025-04-28,3900.0,0,1,35,0.0,17.2414,0.0,1.9444
123993,아야 셀렉션,전통주>기타전통주>청주,전통주,기타전통주,청주,사전예약,32,25,35.0,30,1,0,1,0,0,2025-04-08,2025-04-30,99000.0,1,1,35,3.3333,3.3333,3.3333,1.4
115064,코노수르 20배럴 피노누아750ml,양주와인>와인>레드,양주와인,와인,레드,사전예약,32,26,35.0,28,2,1,1,0,0,2025-04-01,2025-04-29,54700.0,1,1,35,7.1429,3.5714,3.5714,1.3462
106666,PB)아메리카노300ml,유음료>컵커피>300ml 이상,유음료,컵커피,300ml 이상,당일픽업,26,13,35.0,17,6,2,1,0,0,2025-04-02,2025-04-29,2800.0,4,1,35,35.2941,5.8824,23.5294,2.6923
115922,농심)감자깡75g,과자>스낵류>감자스낵,과자,스낵류,감자스낵,교환권,22,15,35.0,15,6,0,1,0,0,2025-04-01,2025-04-30,1700.0,6,1,35,40.0,6.6667,40.0,2.3333
123689,라쿠엔 유즈슈,전통주>기타전통주>청주,전통주,기타전통주,청주,사전예약,24,19,35.0,17,4,0,3,0,0,2025-04-02,2025-04-30,19500.0,4,3,35,23.5294,17.6471,23.5294,1.8421
062074,프리차드)무염버터200g,유음료>유제품>치즈,유음료,유제품,치즈,당일픽업,29,12,35.0,20,6,3,0,0,0,2025-04-02,2025-04-27,8500.0,3,0,35,30.0,0.0,15.0,2.9167
125151,칠리불새버거,조리빵>햄버거>햄버거,조리빵,햄버거,햄버거,사전예약,24,18,35.0,18,5,0,1,0,0,2025-04-23,2025-04-30,3800.0,5,1,35,27.7778,5.5556,27.7778,1.9444
119637,해태)에이스샌드찐초코68g,과자>비스킷류>크래커,과자,비스킷류,크래커,당일픽업,25,18,35.0,14,5,1,4,1,0,2025-04-02,2025-04-28,1700.0,4,3,35,35.7143,28.5714,28.5714,1.9444
070897,롯데)의성마늘프랑크70g,냉장>냉장간식>소형바,냉장,냉장간식,소형바,당일픽업,28,11,35.0,15,6,2,3,2,0,2025-04-02,2025-04-29,2600.0,4,1,35,40.0,20.0,26.6667,3.1818
108660,휴에르)KF94마스크 5입(화이트)_H,약품/의료품>의약외품>마스크,약품/의료품,의약외품,마스크,당일픽업,23,5,35.0,15,7,1,0,0,0,2025-04-03,2025-04-28,3500.0,6,0,35,46.6667,0.0,40.0,7.0
201114,칠성)게토레이레몬600ml,음료>스포츠음료>스포츠음료(중),음료,스포츠음료,스포츠음료(중),당일픽업,29,15,35.0,17,6,3,2,1,0,2025-04-01,2025-04-30,2200.0,3,1,35,35.2941,11.7647,17.6471,2.3333
073275,삼립)강릉식장칼국수206g,냉장>냉장간편식>냉장면,냉장,냉장간편식,냉장면,당일픽업,28,17,35.0,24,3,0,1,0,0,2025-04-01,2025-04-29,3800.0,3,1,35,12.5,4.1667,12.5,2.0588
132146,농심)오징어짬뽕봉지,면>봉지면>라면,면,봉지면,라면,교환권,24,9,35.0,14,7,2,1,0,0,2025-04-02,2025-04-30,1300.0,5,1,35,50.0,7.1429,35.7143,3.8889
402013,이브울트라씬콘돔(3입)_H,약품/의료품>의약외품>일반콘돔,약품/의료품,의약외품,일반콘돔,당일픽업,26,10,34.0,20,5,1,0,0,0,2025-04-03,2025-04-25,5000.0,4,0,34,25.0,0.0,20.0,3.4
132711,팔도)킹뚜껑110g,면>용기면>라면(대형컵),면,용기면,라면(대형컵),당일픽업,28,19,34.0,21,5,2,0,0,0,2025-04-01,2025-04-30,1800.0,3,0,34,23.8095,0.0,14.2857,1.7895
123679,준마이다이긴죠겐슈 사카마이 키쿠스이,전통주>기타전통주>청주,전통주,기타전통주,청주,사전예약,30,17,32.5,27,1,0,1,0,1,2025-04-01,2025-04-30,96900.0,1,1,34,3.7037,3.7037,3.7037,2.0
601283,동서)오레오오즈컵30g,과자>비스킷류>시리얼,과자,비스킷류,시리얼,당일픽업,25,13,34.0,15,5,1,3,1,0,2025-04-01,2025-04-26,2200.0,4,2,34,33.3333,20.0,26.6667,2.6154
201972,해태)구론산스파클링150ml,음료>기능성드링크>건강음료,음료,기능성드링크,건강음료,당일픽업,26,16,34.0,18,6,1,0,1,0,2025-04-01,2025-04-30,1300.0,5,-1,34,33.3333,0.0,27.7778,2.125
082538,롯데)미니딸기샌드65g,빵>간식빵>샌드빵,빵,간식빵,샌드빵,당일픽업,25,8,34.0,14,7,3,1,0,0,2025-04-09,2025-04-30,1600.0,4,1,34,50.0,7.1429,28.5714,4.25
202771,동화)배러라이트120ml,음료>기능성드링크>건강음료,음료,기능성드링크,건강음료,당일픽업,27,18,34.0,20,3,1,3,0,0,2025-04-01,2025-04-23,3500.0,2,3,34,15.0,15.0,10.0,1.8889
132673,삼양)네가지치즈불닭볶음면(큰컵,면>용기면>비빔/볶음면,면,용기면,비빔/볶음면,교환권,24,14,34.0,16,5,1,2,0,0,2025-04-01,2025-04-27,1800.0,4,2,34,31.25,12.5,25.0,2.4286
202369,칠성)펩시콜라제로500ml,음료>탄산음료>제로탄산,음료,탄산음료,제로탄산,당일픽업,32,18,34.0,23,5,4,0,0,0,2025-04-04,2025-04-30,2300.0,1,0,34,21.7391,0.0,4.3478,1.8889
101949,롯데)자일리톨용기껌3000,과자>껌>용기껌,과자,껌,용기껌,당일픽업,25,10,34.0,14,7,2,1,1,0,2025-04-06,2025-04-29,3000.0,5,0,34,50.0,7.1429,35.7143,3.4
124143,크리오)덴티메이트1450고불소구취케어치약120g_H,H&B>치약>일반치약,H&B,치약,일반치약,당일픽업,24,11,34.0,19,5,0,0,0,0,2025-04-02,2025-04-25,4000.0,5,0,34,26.3158,0.0,26.3158,3.0909
191977,산펠리체비고렐로,양주와인>와인>레드,양주와인,와인,레드,사전예약,30,27,34.0,25,2,0,2,1,0,2025-04-01,2025-04-30,80000.0,2,1,34,8.0,8.0,8.0,1.2593
150944,빙그레)메로나75ml,아이스크림>노벨티>바,아이스크림,노벨티,바,당일픽업,25,12,34.0,14,7,3,1,0,0,2025-04-03,2025-04-30,1500.0,4,1,34,50.0,7.1429,28.5714,2.8333
110724,크라운)콘치66g,과자>스낵류>옥수수스낵,과자,스낵류,옥수수스낵,교환권,26,11,34.0,16,7,3,0,0,0,2025-04-01,2025-04-26,1500.0,4,0,34,43.75,0.0,25.0,3.0909
150666,하겐)파인트마카다미아,아이스크림>고급>파인트,아이스크림,고급,파인트,당일픽업,26,13,34.0,17,5,2,2,0,0,2025-04-01,2025-04-26,17900.0,3,2,34,29.4118,11.7647,17.6471,2.6154
220530,CJ)작은햇반130g,가공식품>가공미반류>즉석밥,가공식품,가공미반류,즉석밥,교환권,20,6,34.0,12,6,0,2,0,0,2025-04-05,2025-04-30,1700.0,6,2,34,50.0,16.6667,50.0,5.6667
107747,G)파스키에팡오쇼콜라270g,빵>간식빵>과자빵,빵,간식빵,과자빵,당일픽업,25,13,34.0,19,3,0,3,0,0,2025-04-05,2025-04-30,7500.0,3,3,34,15.7895,15.7895,15.7895,2.6154
106481,해태)홈런볼소금우유49g,과자>비스킷류>크래커,과자,비스킷류,크래커,당일픽업,27,13,34.0,15,7,4,1,0,0,2025-04-02,2025-04-26,2000.0,3,1,34,46.6667,6.6667,20.0,2.6154
180032,하이트)하이트500ml캔,맥주>국산맥주>캔맥주(중),맥주,국산맥주,캔맥주(중),당일픽업,29,19,34.0,24,3,1,1,0,0,2025-04-01,2025-04-30,2800.0,2,1,34,12.5,4.1667,8.3333,1.7895
132144,농심)김치큰사발,면>용기면>라면(대형컵),면,용기면,라면(대형컵),당일픽업,24,11,34.0,13,8,3,0,0,0,2025-04-01,2025-04-29,1500.0,5,0,34,61.5385,0.0,38.4615,3.0909
202421,동서)TOP스모키라떼275ml,음료>커피음료>캔커피(보틀),음료,커피음료,캔커피(보틀),당일픽업,24,6,34.0,14,6,2,2,0,0,2025-04-01,2025-04-24,2700.0,4,2,34,42.8571,14.2857,28.5714,5.6667
124515,바이엔슈테판 헬레스라거(24입),맥주>수입맥주>캔맥주(중),맥주,수입맥주,캔맥주(중),사전예약,26,16,34.0,19,4,0,2,1,0,2025-04-02,2025-04-30,96000.0,4,1,34,21.0526,10.5263,21.0526,2.125
123692,G)스틱휘낭시에치즈39g,빵>구움과자>구움과자,빵,구움과자,구움과자,당일픽업,26,11,34.0,15,6,3,2,0,0,2025-04-03,2025-04-29,2800.0,3,2,34,40.0,13.3333,20.0,3.0909
123532,블루넌 골드 에디션 24K (골드바 레이블),양주와인>와인>스파클링(샴페인),양주와인,와인,스파클링(샴페인),사전예약,30,24,33.0,25,1,0,3,1,0,2025-04-01,2025-04-28,24900.0,1,2,33,4.0,12.0,4.0,1.375
170262,에이이)필스너우르켈500ml캔,맥주>수입맥주>캔맥주(중),맥주,수입맥주,캔맥주(중),당일픽업,29,18,33.0,24,2,1,2,0,0,2025-04-02,2025-04-30,4900.0,1,2,33,8.3333,8.3333,4.1667,1.8333
109318, 해태)바밤바샌드180ml,아이스크림>노벨티>모나카,아이스크림,노벨티,모나카,당일픽업,31,22,33.0,24,1,1,4,1,0,2025-04-01,2025-04-29,2500.0,0,3,33,4.1667,16.6667,0.0,1.5
108707,비알)메롱멜론우유190ml,유음료>가공우유>기타,유음료,가공우유,기타,당일픽업,27,8,33.0,19,4,1,2,1,0,2025-04-02,2025-04-29,1500.0,3,1,33,21.0526,10.5263,15.7895,4.125
110580,농심)포테토칩오리지널60g,과자>스낵류>감자스낵,과자,스낵류,감자스낵,교환권,21,14,33.0,15,6,0,0,0,0,2025-04-01,2025-04-29,1700.0,6,0,33,40.0,0.0,40.0,2.3571
061326,매일)허쉬초코쿠키앤크림235ml,유음료>가공우유>초코우유,유음료,가공우유,초코우유,당일픽업,19,5,33.0,10,8,1,0,0,0,2025-04-03,2025-04-30,1600.0,7,0,33,80.0,0.0,70.0,6.6
600915,일신)리콜라레몬민트40g,과자>캔디류>기능성캔디,과자,캔디류,기능성캔디,당일픽업,25,12,33.0,17,6,2,0,0,0,2025-04-03,2025-04-30,3300.0,4,0,33,35.2941,0.0,23.5294,2.75
053279,대파크림치즈스틱,즉석 식품>즉석치킨>기타류 ,즉석 식품,즉석치킨,기타류 ,당일픽업,28,12,33.0,17,6,3,1,1,0,2025-04-01,2025-04-27,2100.0,3,0,33,35.2941,5.8824,17.6471,2.75
109855,삿포로맥주캔500ml(24입),맥주>수입맥주>캔맥주(중),맥주,수입맥주,캔맥주(중),사전예약,29,24,33.0,27,2,0,0,0,0,2025-04-01,2025-04-28,61000.0,2,0,33,7.4074,0.0,7.4074,1.375
102456,매일)로쉐T-5,과자>초콜릿>볼초콜릿,과자,초콜릿,볼초콜릿,당일픽업,23,9,33.0,14,7,2,0,0,0,2025-04-01,2025-04-27,5300.0,5,0,33,50.0,0.0,35.7143,3.6667
192466,라벨5 700ml,양주와인>양주>위스키,양주와인,양주,위스키,사전예약,26,21,33.0,21,2,0,3,0,0,2025-04-01,2025-04-28,24900.0,2,3,33,9.5238,14.2857,9.5238,1.5714
123486,라포데리나 로쏘 디 몬탈치노,양주와인>와인>레드,양주와인,와인,레드,사전예약,29,24,33.0,26,1,0,2,0,0,2025-04-01,2025-04-30,49900.0,1,2,33,3.8462,7.6923,3.8462,1.375
070193,매일)커피속에모카치노300ml,유음료>가공우유>커피우유,유음료,가공우유,커피우유,당일픽업,25,10,33.0,15,4,1,4,1,0,2025-04-01,2025-04-30,2000.0,3,3,33,26.6667,26.6667,20.0,3.3
105304,칠성)칸타타헤이즐넛320ml,즉석음료>파우치>아이스커피,즉석음료,파우치,아이스커피,당일픽업,24,8,33.0,13,7,3,1,0,0,2025-04-02,2025-04-28,1700.0,4,1,33,53.8462,7.6923,30.7692,4.125
117892,롯데)마가렛트1700,과자>비스킷류>쿠키,과자,비스킷류,쿠키,당일픽업,24,16,33.0,13,7,3,1,0,0,2025-04-03,2025-04-28,1800.0,4,1,33,53.8462,7.6923,30.7692,2.0625
601160,롯데)몽쉘생크림케이크(대),과자>비스킷류>파이,과자,비스킷류,파이,당일픽업,28,13,33.0,25,2,0,1,0,0,2025-04-01,2025-04-17,7000.0,2,1,33,8.0,4.0,8.0,2.5385
141055,CJ)스팸마요덮밥(컵반),가공식품>가공미반류>즉석컵밥,가공식품,가공미반류,즉석컵밥,당일픽업,20,9,33.0,11,7,1,1,0,0,2025-04-01,2025-04-28,4800.0,6,1,33,63.6364,9.0909,54.5455,3.6667
192123,인덜지)부나하벤스튜라더700ml,양주와인>양주>위스키,양주와인,양주,위스키,당일픽업,32,26,33.0,31,0,0,1,0,0,2025-04-02,2025-04-30,87400.0,0,1,33,0.0,3.2258,0.0,1.2692
170398,오비)new카프리330ml병,맥주>국산맥주>병맥주,맥주,국산맥주,병맥주,당일픽업,26,14,33.0,20,4,1,1,0,0,2025-04-01,2025-04-30,2400.0,3,1,33,20.0,5.0,15.0,2.3571
107311,산토리)가쿠빈700ml,양주와인>양주>위스키,양주와인,양주,위스키,당일픽업,32,26,33.0,25,0,0,5,2,0,2025-04-04,2025-04-28,44800.0,0,3,33,0.0,20.0,0.0,1.2692
125072,라프로익 쿼터케스크,양주와인>양주>위스키,양주와인,양주,위스키,사전예약,27,18,33.0,23,2,0,2,0,0,2025-04-05,2025-04-28,125000.0,2,2,33,8.6957,8.6957,8.6957,1.8333
601673,농심)멘토스사워파인애플37.5g,과자>캔디류>소프트캔디,과자,캔디류,소프트캔디,당일픽업,28,10,33.0,14,6,4,3,1,0,2025-04-02,2025-04-30,900.0,2,2,33,42.8571,21.4286,14.2857,3.3
390876,유한)좋은느낌울트라날개대16P,위생용품>생리대>대형,위생용품,생리대,대형,당일픽업,28,19,33.0,23,3,0,1,1,0,2025-04-04,2025-04-27,9900.0,3,0,33,13.0435,4.3478,13.0435,1.7368
123771,웅진)카무트현미차500ml,음료>차음료>기타차,음료,차음료,기타차,당일픽업,21,8,33.0,11,8,2,0,0,0,2025-04-08,2025-04-30,2500.0,6,0,33,72.7273,0.0,54.5455,4.125
132284,삼양)불닭볶음면소컵,면>용기면>비빔/볶음면,면,용기면,비빔/볶음면,교환권,24,17,33.0,14,5,2,3,0,0,2025-04-01,2025-04-27,1300.0,3,3,33,35.7143,21.4286,21.4286,1.9412
390841,LG)바디피트내몸에순한면중형18P,위생용품>생리대>중형,위생용품,생리대,중형,당일픽업,23,12,33.0,18,5,0,0,0,0,2025-04-03,2025-04-27,10400.0,5,0,33,27.7778,0.0,27.7778,2.75
162362,CJ)비비고칩포테이토40g,안주>스낵안주>김스낵,안주,스낵안주,김스낵,당일픽업,33,19,33.0,27,3,3,0,0,0,2025-04-01,2025-04-29,4900.0,0,0,33,11.1111,0.0,0.0,1.7368
123477,펄리셔 샤르도네,양주와인>와인>화이트,양주와인,와인,화이트,사전예약,27,19,33.0,23,2,0,2,0,0,2025-04-01,2025-04-30,47900.0,2,2,33,8.6957,8.6957,8.6957,1.7368
170935,제주)곰표밀맥주500ml캔,맥주>국산맥주>수제맥주,맥주,국산맥주,수제맥주,당일픽업,28,13,32.0,22,4,2,0,0,0,2025-04-01,2025-04-28,4500.0,2,0,32,18.1818,0.0,9.0909,2.4615
201105,칠성)아이시스500ml(8.0),음료>생수>500ml이하,음료,생수,500ml이하,당일픽업,22,11,32.0,13,7,2,0,0,0,2025-04-06,2025-04-30,1100.0,5,0,32,53.8462,0.0,38.4615,2.9091
371927,피죤)무균무때욕실용500ml_H,가정용품>세제류>청소세제,가정용품,세제류,청소세제,당일픽업,28,16,32.0,22,4,2,0,0,0,2025-04-02,2025-04-30,8500.0,2,0,32,18.1818,0.0,9.0909,2.0
108598,에이스)데일리유기농레몬즙20g,건강/기호식품>차>액상차류,건강/기호식품,차,액상차류,당일픽업,28,16,32.0,24,3,1,0,0,0,2025-04-03,2025-04-30,1500.0,2,0,32,12.5,0.0,8.3333,2.0
109911,연태아사간열500ml(2입),전통주>기타전통주>중국/일본주,전통주,기타전통주,중국/일본주,사전예약,22,13,30.5,15,3,0,3,0,1,2025-04-02,2025-04-28,26500.0,3,3,32,20.0,20.0,20.0,2.4615
141705,하림)더미식차돌육개장350g,가공식품>상온간편식>레토르트 국탕찌개,가공식품,상온간편식,레토르트 국탕찌개,교환권,20,8,32.0,14,6,0,0,0,0,2025-04-03,2025-04-27,6500.0,6,0,32,42.8571,0.0,42.8571,4.0
125164,발베니30년레어메리지,양주와인>양주>위스키,양주와인,양주,위스키,사전예약,30,26,32.0,28,0,0,2,0,0,2025-04-17,2025-04-30,5090000.0,0,2,32,0.0,7.1429,0.0,1.2308
108411,PB)헬로맨카페라떼로슈거320ml,유음료>컵커피>300ml 이상,유음료,컵커피,300ml 이상,당일픽업,26,11,32.0,16,5,3,2,0,0,2025-04-01,2025-04-30,3100.0,2,2,32,31.25,12.5,12.5,2.9091
124430,에스씨)이치미니쌀과자120g,과자>스낵류>전통스낵,과자,스낵류,전통스낵,당일픽업,26,15,32.0,23,3,0,0,0,0,2025-04-03,2025-04-30,3500.0,3,0,32,13.0435,0.0,13.0435,2.1333
111757,오리온)통아몬드캔디2000,과자>캔디류>봉지캔디,과자,캔디류,봉지캔디,당일픽업,21,10,32.0,11,7,2,1,0,0,2025-04-02,2025-04-20,2000.0,5,1,32,63.6364,9.0909,45.4545,3.2
124380,삼립)와우에그샐러드123g,간식>샐러드(삭제예정)>채소샐러드(삭제예정),간식,샐러드(삭제예정),채소샐러드(삭제예정),당일픽업,28,13,32.0,19,4,2,2,1,0,2025-04-04,2025-04-25,2900.0,2,1,32,21.0526,10.5263,10.5263,2.4615
123049,델토리)초코단짠새우칩60g,과자>스낵류>일반스낵,과자,스낵류,일반스낵,교환권,20,5,32.0,13,5,0,2,0,0,2025-04-04,2025-04-18,2000.0,5,2,32,38.4615,15.3846,38.4615,6.4
083831,삼립)풍미촉촉치즈케익95g,빵>간식빵>간식용케익,빵,간식빵,간식용케익,당일픽업,29,13,32.0,21,4,3,1,0,0,2025-04-04,2025-04-30,2200.0,1,1,32,19.0476,4.7619,4.7619,2.4615
191770,디아)오반14년700,양주와인>양주>위스키,양주와인,양주,위스키,당일픽업,31,12,32.0,28,1,0,1,1,0,2025-04-01,2025-04-29,139000.0,1,0,32,3.5714,3.5714,3.5714,2.6667
124552,빙그레)딥앤로우저당소프트바닐라160ml,아이스크림>노벨티>펜슬,아이스크림,노벨티,펜슬,당일픽업,28,20,32.0,26,2,0,0,0,0,2025-04-05,2025-04-30,3300.0,2,0,32,7.6923,0.0,7.6923,1.6
114919,롯데)더블크런키초코바,과자>초콜릿>바초콜릿,과자,초콜릿,바초콜릿,당일픽업,25,11,32.0,15,6,3,1,0,0,2025-04-02,2025-04-22,1300.0,3,1,32,40.0,6.6667,20.0,2.9091
132281,PB)우리쌀누룽지(큰컵),가공식품>가공미반류>쌀가공식,가공식품,가공미반류,쌀가공식,교환권,19,7,32.0,12,6,0,1,0,0,2025-04-05,2025-04-30,2300.0,6,1,32,50.0,8.3333,50.0,4.5714
116503,롯데)졸음번쩍껌1200,과자>껌>케이스껌,과자,껌,케이스껌,당일픽업,27,11,32.0,22,3,1,1,0,0,2025-04-02,2025-04-26,1200.0,2,1,32,13.6364,4.5455,9.0909,2.9091
061318,정식품)베지밀국산검은콩병190ml,유음료>두유>병두유,유음료,두유,병두유,당일픽업,28,12,32.0,21,3,2,2,0,0,2025-04-02,2025-04-27,2100.0,1,2,32,14.2857,9.5238,4.7619,2.6667
107422,K리그X산리오 스트랩키링(헬로키티/서울),문구/완구>일반완구>일반완구,문구/완구,일반완구,일반완구,당일픽업,30,12,32.0,25,0,0,4,1,0,2025-04-02,2025-04-27,9000.0,0,3,32,0.0,16.0,0.0,2.6667
123334,아사히생맥주340ml(24입),맥주>수입맥주>캔맥주(중),맥주,수입맥주,캔맥주(중),사전예약,26,20,32.0,22,2,0,2,0,0,2025-04-01,2025-04-30,63900.0,2,2,32,9.0909,9.0909,9.0909,1.6
191944,배비치 말보로 피노누아,양주와인>와인>레드,양주와인,와인,레드,사전예약,29,26,32.0,26,0,0,3,0,0,2025-04-01,2025-04-29,29000.0,0,3,32,0.0,11.5385,0.0,1.2308
062499,남양)과수원사과200ml,유음료>냉장주스>냉장주스(소),유음료,냉장주스,냉장주스(소),당일픽업,23,8,32.0,14,6,2,1,0,0,2025-04-02,2025-04-30,1800.0,4,1,32,42.8571,7.1429,28.5714,4.0
202078,코카)미닛메이드모과생강280ml,음료>전통음료>전통음료(중),음료,전통음료,전통음료(중),당일픽업,20,4,32.0,9,7,1,2,1,0,2025-04-06,2025-04-27,2000.0,6,1,32,77.7778,22.2222,66.6667,8.0
220653,오뚜기)오뚜기밥210g,가공식품>가공미반류>즉석밥,가공식품,가공미반류,즉석밥,교환권,24,16,32.0,20,4,0,0,0,0,2025-04-01,2025-04-29,2000.0,4,0,32,20.0,0.0,20.0,2.0
372019,싸다고)샤프란핑크센세이션리필2_H,가정용품>세제류>섬유유연제,가정용품,세제류,섬유유연제,당일픽업,20,3,32.0,14,6,0,0,0,0,2025-04-11,2025-04-29,7500.0,6,0,32,42.8571,0.0,42.8571,10.6667
105229,깨끗한)생분해물티슈에코70매(캡),위생용품>티슈>물티슈,위생용품,티슈,물티슈,당일픽업,32,28,32.0,32,0,0,0,0,0,2025-04-02,2025-04-30,5500.0,0,0,32,0.0,0.0,0.0,1.1429
061677,덴마크)슈레드피자치즈25g,유음료>유제품>치즈,유음료,유제품,치즈,당일픽업,27,16,32.0,18,5,3,1,0,0,2025-04-01,2025-04-30,1400.0,2,1,32,27.7778,5.5556,11.1111,2.0
600898,오리온)무뚝뚝고구마56g,과자>스낵류>감자스낵,과자,스낵류,감자스낵,당일픽업,31,19,32.0,27,0,1,3,0,0,2025-04-01,2025-04-30,2000.0,-1,3,32,0.0,11.1111,-3.7037,1.6842
061750,빙그레)사이즈업라떼350ml,유음료>가공우유>기타,유음료,가공우유,기타,당일픽업,23,10,32.0,15,4,0,3,1,0,2025-04-02,2025-04-28,2600.0,4,2,32,26.6667,20.0,26.6667,3.2
360795,존슨)리스테린쿨민트100ml_H,H&B>치약>액상치약,H&B,치약,액상치약,당일픽업,21,6,32.0,15,5,0,1,0,0,2025-04-05,2025-04-22,2400.0,5,1,32,33.3333,6.6667,33.3333,5.3333
118163,크라운)새콤달콤블루베리소다,과자>캔디류>과일향캔디,과자,캔디류,과일향캔디,당일픽업,28,17,32.0,21,3,2,2,0,0,2025-04-01,2025-04-28,500.0,1,2,32,14.2857,9.5238,4.7619,1.8824
413361,디벤)Cto8핀초고속충전케이블_H,일용잡화>휴대폰/주변기기>스마트폰 액세서리,일용잡화,휴대폰/주변기기,스마트폰 액세서리,당일픽업,24,5,32.0,18,5,1,0,0,0,2025-04-05,2025-04-30,11900.0,4,0,32,27.7778,0.0,22.2222,6.4
180720,화요)화요25도375ml,전통주>소주>증류식소주,전통주,소주,증류식소주,당일픽업,32,22,32.0,27,1,0,2,2,0,2025-04-01,2025-04-30,13500.0,1,0,32,3.7037,7.4074,3.7037,1.4545
161578,정화)오징어의참맛30g,안주>오징어>오징어,안주,오징어,오징어,당일픽업,26,12,32.0,14,6,3,2,1,0,2025-04-01,2025-04-26,5700.0,3,1,32,42.8571,14.2857,21.4286,2.6667
124130,롯데)이너프골든츄이바35g,과자>프로틴/시리얼>영양바류,과자,프로틴/시리얼,영양바류,당일픽업,20,7,31.0,14,5,0,1,0,0,2025-04-08,2025-04-30,1500.0,5,1,31,35.7143,7.1429,35.7143,4.4286
113130,미클토어 더 쉐리 원 700ml,양주와인>양주>위스키,양주와인,양주,위스키,사전예약,31,30,31.0,31,0,0,0,0,0,2025-04-08,2025-04-30,129000.0,0,0,31,0.0,0.0,0.0,1.0333
200435,롯데)옐로우테일까버네750ml,양주와인>와인>레드,양주와인,와인,레드,당일픽업,26,17,31.0,21,3,1,1,0,0,2025-04-01,2025-04-28,17000.0,2,1,31,14.2857,4.7619,9.5238,1.8235
160140,오츠카)포카리스웨트240ml캔,음료>스포츠음료>스포츠음료(소),음료,스포츠음료,스포츠음료(소),당일픽업,25,10,31.0,11,7,5,2,0,0,2025-04-01,2025-04-29,1700.0,2,2,31,63.6364,18.1818,18.1818,3.1
105287,푸드)순수얼음3kg,즉석음료>얼음>대용량얼음,즉석음료,얼음,대용량얼음,당일픽업,23,10,31.0,19,4,0,0,0,0,2025-04-03,2025-04-30,4600.0,4,0,31,21.0526,0.0,21.0526,3.1
202617,하이트)토닉워터홍차(제로)300ml,음료>탄산음료>과일향탄산(중),음료,탄산음료,과일향탄산(중),당일픽업,25,13,31.0,22,3,0,0,0,0,2025-04-01,2025-04-26,1700.0,3,0,31,13.6364,0.0,13.6364,2.3846
141132,CJ)햇반치킨마요덮밥컵반,가공식품>가공미반류>즉석컵밥,가공식품,가공미반류,즉석컵밥,당일픽업,26,10,31.0,16,4,2,3,1,0,2025-04-02,2025-04-29,4800.0,2,2,31,25.0,18.75,12.5,3.1
123550,드림)프란찌딸기크림쿠키58g,과자>비스킷류>쿠키,과자,비스킷류,쿠키,당일픽업,26,16,31.0,21,3,0,1,1,0,2025-04-03,2025-04-30,2000.0,3,0,31,14.2857,4.7619,14.2857,1.9375
123624,G)파스키에브레첼270g,빵>간식빵>과자빵,빵,간식빵,과자빵,당일픽업,25,20,31.0,20,1,0,4,0,0,2025-04-02,2025-04-30,8500.0,1,4,31,5.0,20.0,5.0,1.55
041508,이지텍)오리히로곤약젤리(샤인),디저트>젤리>마시는젤리,디저트,젤리,마시는젤리,당일픽업,23,13,31.0,16,4,1,2,0,0,2025-04-03,2025-04-30,3500.0,3,2,31,25.0,12.5,18.75,2.3846
210731,해태)바밤바70ml,아이스크림>노벨티>바,아이스크림,노벨티,바,당일픽업,32,17,31.0,18,6,7,1,0,0,2025-04-01,2025-04-30,1500.0,-1,1,31,33.3333,5.5556,-5.5556,1.8235
105682,CJ)작은햇반흑미밥130g,가공식품>가공미반류>즉석밥,가공식품,가공미반류,즉석밥,교환권,19,6,31.0,12,5,0,2,0,0,2025-04-05,2025-04-28,2100.0,5,2,31,41.6667,16.6667,41.6667,5.1667
202100,팔도)비락식혜500ml,음료>전통음료>전통음료(중),음료,전통음료,전통음료(중),당일픽업,20,9,31.0,14,5,0,1,0,0,2025-04-06,2025-04-30,2200.0,5,1,31,35.7143,7.1429,35.7143,3.4444
210990,롯데)와 바닐라190ml,아이스크림>노벨티>컵,아이스크림,노벨티,컵,당일픽업,26,13,31.0,18,3,2,3,0,0,2025-04-05,2025-04-28,2200.0,1,3,31,16.6667,16.6667,5.5556,2.3846
191020,산토리)짐빔200ml,양주와인>양주>위스키,양주와인,양주,위스키,당일픽업,26,15,31.0,21,3,0,1,1,0,2025-04-01,2025-04-26,10900.0,3,0,31,14.2857,4.7619,14.2857,2.0667
052750,허브안심꼬치,즉석 식품>즉석치킨>꼬치류,즉석 식품,즉석치킨,꼬치류,당일픽업,28,13,31.0,20,4,2,1,1,0,2025-04-01,2025-04-29,2500.0,2,0,31,20.0,5.0,10.0,2.3846
201883,OKF)알로에베라킹500ml,음료>주스>주스(중),음료,주스,주스(중),당일픽업,25,15,31.0,17,4,2,2,0,0,2025-04-01,2025-04-28,2500.0,2,2,31,23.5294,11.7647,11.7647,2.0667
122909,오뚜기)종로식도가니탕500g,가공식품>상온간편식>레토르트 국탕찌개,가공식품,상온간편식,레토르트 국탕찌개,교환권,18,8,31.0,11,6,0,1,0,0,2025-04-01,2025-04-28,10900.0,6,1,31,54.5455,9.0909,54.5455,3.875
132828,농심)신라면더레드125g,면>봉지면>라면,면,봉지면,라면,교환권,21,10,31.0,16,5,0,0,0,0,2025-04-05,2025-04-30,1500.0,5,0,31,31.25,0.0,31.25,3.1
109137,덴마크)소화가잘되는우유190ml,유음료>흰우유>흰우유(소),유음료,흰우유,흰우유(소),당일픽업,28,18,31.0,17,4,2,3,2,0,2025-04-02,2025-04-28,1500.0,2,1,31,23.5294,17.6471,11.7647,1.7222
220637,오뚜기)3분쇠고기카레200g,가공식품>상온간편식>레토르트 소스/분말,가공식품,상온간편식,레토르트 소스/분말,당일픽업,31,12,31.0,15,5,5,4,2,0,2025-04-03,2025-04-24,2500.0,0,2,31,33.3333,26.6667,0.0,2.5833
162062,한양)꽃보다오징어슬라이스160g,안주>오징어>오징어,안주,오징어,오징어,당일픽업,24,7,31.0,16,5,1,1,1,0,2025-04-03,2025-04-30,19000.0,4,0,31,31.25,6.25,25.0,4.4286
115781,PB)바프허니버터아몬드앤땅콩30g,안주>너트류>봉지너트,안주,너트류,봉지너트,교환권,25,13,31.0,20,4,1,0,0,0,2025-04-01,2025-04-28,1400.0,3,0,31,20.0,0.0,15.0,2.3846
108067,정관장)에브리타임리프레시1포,건강/기호식품>건강/이너뷰티>일반건강식품 ,건강/기호식품,건강/이너뷰티,일반건강식품 ,당일픽업,27,21,31.0,25,2,0,0,0,0,2025-04-03,2025-04-30,3500.0,2,0,31,8.0,0.0,8.0,1.4762
107182,CJ)비비고떡볶이오리지널110g,가공식품>가공미반류>쌀가공식,가공식품,가공미반류,쌀가공식,당일픽업,26,12,31.0,21,3,1,1,0,0,2025-04-02,2025-04-30,3900.0,2,1,31,14.2857,4.7619,9.5238,2.5833
161280,코카)조지아240ml캔,음료>커피음료>캔커피(일반),음료,커피음료,캔커피(일반),당일픽업,17,7,31.0,10,7,0,0,0,0,2025-04-03,2025-04-26,1400.0,7,0,31,70.0,0.0,70.0,4.4286
124288,훼밀리)복숭아무케루푸루푸루구미40g,과자>젤리류>수입젤리,과자,젤리류,수입젤리,당일픽업,25,14,31.0,15,5,3,2,0,0,2025-04-06,2025-04-29,1800.0,2,2,31,33.3333,13.3333,13.3333,2.2143
141385,오뚜기)대구식쇠고기육개장,가공식품>상온간편식>레토르트 국탕찌개,가공식품,상온간편식,레토르트 국탕찌개,교환권,29,29,31.0,27,0,0,2,0,0,2025-04-01,2025-04-24,8500.0,0,2,31,0.0,7.4074,0.0,1.069
083929,삼립)순우유고구마팡80g,빵>간식빵>페스트리,빵,간식빵,페스트리,당일픽업,25,10,31.0,14,7,4,0,0,0,2025-04-04,2025-04-30,1600.0,3,0,31,50.0,0.0,21.4286,3.1
094226,세븐팜)신선한1등급달걀(4입),신선>수축산/계란>계란,신선,수축산/계란,계란,당일픽업,27,19,31.0,22,2,1,2,0,0,2025-04-01,2025-04-25,2000.0,1,2,31,9.0909,9.0909,4.5455,1.6316
114931,코노수르 20배럴 샤도네이750ml,양주와인>와인>화이트,양주와인,와인,화이트,사전예약,29,25,31.0,27,0,0,2,0,0,2025-04-01,2025-04-30,67000.0,0,2,31,0.0,7.4074,0.0,1.24
362018,애경)2080 자일리톨치약100g_H,H&B>치약>일반치약,H&B,치약,일반치약,당일픽업,28,23,31.0,21,2,0,3,2,0,2025-04-01,2025-04-30,4400.0,2,1,31,9.5238,14.2857,9.5238,1.3478
124616,호땅6도750ml(4입),전통주>기타전통주>기타,전통주,기타전통주,기타,사전예약,26,15,31.0,21,3,1,1,0,0,2025-04-01,2025-04-28,12000.0,2,1,31,14.2857,4.7619,9.5238,2.0667
030684,삼립)치킨찹찹미니샐러드145g,미반>샐러드 >채소샐러드 ,미반,샐러드 ,채소샐러드 ,당일픽업,30,22,31.0,26,0,0,3,1,0,2025-04-01,2025-04-29,3800.0,0,2,31,0.0,11.5385,0.0,1.4091
109170,엡탑)까먹는애플망고젤리60g,과자>젤리류>수입젤리,과자,젤리류,수입젤리,당일픽업,23,8,31.0,12,6,3,2,0,0,2025-04-02,2025-04-29,1800.0,3,2,31,50.0,16.6667,25.0,3.875
107791,K리그산리오)인형_쿠로미,문구/완구>일반완구>일반완구,문구/완구,일반완구,일반완구,당일픽업,25,14,31.0,17,1,0,6,1,0,2025-04-01,2025-04-26,25000.0,1,5,31,5.8824,35.2941,5.8824,2.2143
240041,오뚜기)순후추50g,조미료/건물>조미료>복합조미료/향신료,조미료/건물,조미료,복합조미료/향신료,당일픽업,33,7,31.0,19,5,7,2,0,0,2025-04-03,2025-04-25,5500.0,-2,2,31,26.3158,10.5263,-10.5263,4.4286
170088,광동)위생천75ml 병,음료>기능성드링크>건강음료,음료,기능성드링크,건강음료,당일픽업,23,11,31.0,15,6,2,0,0,0,2025-04-02,2025-04-29,1100.0,4,0,31,40.0,0.0,26.6667,2.8182
201395,삼양사)상쾌환3g,건강/기호식품>숙취해소제>환제형,건강/기호식품,숙취해소제,환제형,당일픽업,23,9,31.0,13,7,3,0,0,0,2025-04-03,2025-04-29,2900.0,4,0,31,53.8462,0.0,30.7692,3.4444
150306,나뚜루)딸기컵,아이스크림>고급>컵,아이스크림,고급,컵,당일픽업,25,18,31.0,21,2,0,2,0,0,2025-04-01,2025-04-30,5900.0,2,2,31,9.5238,9.5238,9.5238,1.7222
124762,삼립)더블딥초코꾸덕파이70g,빵>구움과자>구움과자,빵,구움과자,구움과자,당일픽업,30,21,31.0,25,2,2,1,0,0,2025-04-03,2025-04-30,2000.0,0,1,31,8.0,4.0,0.0,1.4762
370349,동아)new템포레귤러10입,위생용품>생리대>탐폰,위생용품,생리대,탐폰,당일픽업,25,8,31.0,19,3,1,2,0,0,2025-04-01,2025-04-25,7900.0,2,2,31,15.7895,10.5263,10.5263,3.875
202450,칠성)핫식스더킹러쉬355ml,음료>기능성드링크>에너지음료,음료,기능성드링크,에너지음료,당일픽업,31,16,30.0,19,5,6,1,0,0,2025-04-01,2025-04-30,2300.0,-1,1,30,26.3158,5.2632,-5.2632,1.875
106453,PB)카덴돈코츠라멘212.9g,냉장>냉장간편식>냉장면,냉장,냉장간편식,냉장면,당일픽업,25,14,30.0,14,6,4,1,0,0,2025-04-03,2025-04-27,4500.0,2,1,30,42.8571,7.1429,14.2857,2.1429
191971,시데랄 *2입,양주와인>와인>레드,양주와인,와인,레드,사전예약,24,14,30.0,21,3,0,0,0,0,2025-04-06,2025-04-30,82900.0,3,0,30,14.2857,0.0,14.2857,2.1429
113181,샴페인 알랭 베셀 트래디션 브뤼750ml ,양주와인>와인>스파클링(샴페인),양주와인,와인,스파클링(샴페인),사전예약,30,29,30.0,30,0,0,0,0,0,2025-04-01,2025-04-29,89000.0,0,0,30,0.0,0.0,0.0,1.0345
192530,호세쿠엘보마가리타700ml,양주와인>양주>기타양주,양주와인,양주,기타양주,사전예약,29,22,30.0,28,0,0,1,0,0,2025-04-01,2025-04-28,24900.0,0,1,30,0.0,3.5714,0.0,1.3636
113148,글렌알라키 와인캐스크피니쉬 10년 그라타마코 700ml,양주와인>양주>위스키,양주와인,양주,위스키,사전예약,30,25,30.0,27,0,0,2,1,0,2025-04-02,2025-04-29,156000.0,0,1,30,0.0,7.4074,0.0,1.2
133736,종가집)맛김치(컵)75g,냉장>냉장간편식>김치/단무지,냉장,냉장간편식,김치/단무지,당일픽업,25,15,30.0,17,3,1,3,1,0,2025-04-01,2025-04-20,1800.0,2,2,30,17.6471,17.6471,11.7647,2.0
124381,삼립)와우골든텐더치킨샐러드123g,간식>샐러드(삭제예정)>채소샐러드(삭제예정),간식,샐러드(삭제예정),채소샐러드(삭제예정),당일픽업,23,10,30.0,14,4,1,3,1,0,2025-04-05,2025-04-30,2900.0,3,2,30,28.5714,21.4286,21.4286,3.0
070329,동원)쿨피스복숭아450ml,유음료>냉장주스>유산균음료,유음료,냉장주스,유산균음료,당일픽업,23,10,30.0,15,5,1,1,1,0,2025-04-03,2025-04-30,1000.0,4,0,30,33.3333,6.6667,26.6667,3.0
109946,아벨라워아부나흐 700ml,양주와인>양주>위스키,양주와인,양주,위스키,사전예약,25,16,30.0,22,2,0,1,0,0,2025-04-04,2025-04-30,257400.0,2,1,30,9.0909,4.5455,9.0909,1.875
191653,르프롱드모스카토다스티,양주와인>와인>화이트,양주와인,와인,화이트,사전예약,25,20,30.0,22,2,0,1,0,0,2025-04-01,2025-04-29,25000.0,2,1,30,9.0909,4.5455,9.0909,1.5
360314, 모나미)아쿠아방수밴드_H,약품/의료품>의약외품>응급위생용품,약품/의료품,의약외품,응급위생용품,당일픽업,30,14,30.0,16,4,3,4,3,0,2025-04-02,2025-04-24,1700.0,1,1,30,25.0,25.0,6.25,2.1429
201336,코카)미닛정성담은선물세트,음료>선물세트>주스선물세트,음료,선물세트,주스선물세트,당일픽업,20,7,30.0,13,6,1,0,0,0,2025-04-03,2025-04-30,15500.0,5,0,30,46.1538,0.0,38.4615,4.2857
202532,칠성)솔의눈500ml,음료>차음료>기타차,음료,차음료,기타차,당일픽업,22,6,30.0,16,5,1,0,0,0,2025-04-01,2025-04-29,2000.0,4,0,30,31.25,0.0,25.0,5.0
601353,농심)빵부장소금빵55g,과자>스낵류>일반스낵,과자,스낵류,일반스낵,당일픽업,26,11,30.0,18,5,3,0,0,0,2025-04-08,2025-04-30,1700.0,2,0,30,27.7778,0.0,11.1111,2.7273
124230,히비키 하모니,양주와인>양주>위스키,양주와인,양주,위스키,사전예약,38,31,30.0,25,0,0,6,7,0,2025-04-01,2025-04-26,148000.0,0,-1,30,0.0,24.0,0.0,0.9677
124800,MDS)딸기크림고구마무스100g,디저트>냉장베이커리>조각케익,디저트,냉장베이커리,조각케익,당일픽업,30,20,30.0,23,2,1,2,2,0,2025-04-03,2025-04-28,2700.0,1,0,30,8.6957,8.6957,4.3478,1.5
107265,5개 이상 구매시 50% 할인 빙그레)생귤탱귤제로70ml,아이스크림>노벨티>바,아이스크림,노벨티,바,당일픽업,28,9,30.0,19,5,4,0,0,0,2025-04-01,2025-04-30,1500.0,1,0,30,26.3158,0.0,5.2632,3.3333
160771,일화)맥콜500ml,음료>탄산음료>과일향탄산(중),음료,탄산음료,과일향탄산(중),당일픽업,19,7,30.0,11,6,1,1,0,0,2025-04-06,2025-04-28,2200.0,5,1,30,54.5455,9.0909,45.4545,4.2857
113190,G)가나프리미엄프랄린헤이즐넛49g,과자>초콜릿>볼초콜릿,과자,초콜릿,볼초콜릿,당일픽업,25,12,30.0,17,3,2,3,0,0,2025-04-03,2025-04-28,4000.0,1,3,30,17.6471,17.6471,5.8824,2.5
052972,청솔)군고구마,즉석 식품>즉석간식>군고구마,즉석 식품,즉석간식,군고구마,당일픽업,25,16,30.0,18,4,2,1,0,0,2025-04-01,2025-04-30,2200.0,2,1,30,22.2222,5.5556,11.1111,1.875
220542,동원)양반쇠고기죽285g,가공식품>가공미반류>죽,가공식품,가공미반류,죽,당일픽업,23,7,30.0,13,6,3,1,0,0,2025-04-03,2025-04-27,4500.0,3,1,30,46.1538,7.6923,23.0769,4.2857
062333,매일)허쉬초코드링크프로틴235ml,유음료>프로틴 음료>250ml 미만,유음료,프로틴 음료,250ml 미만,당일픽업,21,15,30.0,16,4,0,1,0,0,2025-04-01,2025-04-29,1600.0,4,1,30,25.0,6.25,25.0,2.0
113182,베린저 메인앤바인 샤르도네750ml ,양주와인>와인>스파클링(샴페인),양주와인,와인,스파클링(샴페인),사전예약,31,28,30.0,29,0,0,1,1,0,2025-04-01,2025-04-24,19900.0,0,0,30,0.0,3.4483,0.0,1.0714
123481,라포스톨 뀌베 알렉상드르 메를로,양주와인>와인>레드,양주와인,와인,레드,사전예약,27,21,30.0,22,1,0,3,1,0,2025-04-01,2025-04-30,48900.0,1,2,30,4.5455,13.6364,4.5455,1.4286
125067,트리펠330ml(4입)*전용잔1개 ,맥주>수입맥주>캔맥주(중),맥주,수입맥주,캔맥주(중),사전예약,25,21,30.0,22,2,0,1,0,0,2025-04-06,2025-04-30,29900.0,2,1,30,9.0909,4.5455,9.0909,1.4286
161181,칠성)칸타타프리미엄라떼200,음료>커피음료>캔커피(일반),음료,커피음료,캔커피(일반),당일픽업,18,8,30.0,9,6,1,2,0,0,2025-04-05,2025-04-30,1500.0,5,2,30,66.6667,22.2222,55.5556,3.75
106453,PB)카덴돈코츠라멘212.9g,냉장>냉장간편식>냉장면,냉장,냉장간편식,냉장면,교환권,22,12,30.0,15,4,0,2,1,0,2025-04-03,2025-04-30,4500.0,4,1,30,26.6667,13.3333,26.6667,2.5
400913,삼성)까스명수골드,약품/의료품>의약외품>의약외품,약품/의료품,의약외품,의약외품,당일픽업,24,11,30.0,17,5,2,0,0,0,2025-04-01,2025-04-30,1200.0,3,0,30,29.4118,0.0,17.6471,2.7273
160961,코카)레몬에이드350ml,음료>주스>주스(중),음료,주스,주스(중),당일픽업,23,10,30.0,13,6,3,1,0,0,2025-04-06,2025-04-29,2100.0,3,1,30,46.1538,7.6923,23.0769,3.0
107735,K리그)산리오여행용티슈70매,위생용품>티슈>여행용티슈,위생용품,티슈,여행용티슈,당일픽업,21,10,30.0,13,4,1,3,0,0,2025-04-02,2025-04-30,1300.0,3,3,30,30.7692,23.0769,23.0769,3.0
123535,9 라이브스 리저브 소비뇽 블랑,양주와인>와인>화이트,양주와인,와인,화이트,사전예약,27,23,30.0,25,1,0,1,0,0,2025-04-02,2025-04-29,15000.0,1,1,30,4.0,4.0,4.0,1.3043
109941,발렌타인15년 글렌버기 700ml,양주와인>양주>위스키,양주와인,양주,위스키,사전예약,26,23,30.0,22,0,0,4,0,0,2025-04-01,2025-04-30,140000.0,0,4,30,0.0,18.1818,0.0,1.3043
123609,오츠카)소이조이마카다미아&레몬25g,과자>프로틴/시리얼>영양바류,과자,프로틴/시리얼,영양바류,교환권,27,17,30.0,21,3,2,1,0,0,2025-04-02,2025-04-29,1700.0,1,1,30,14.2857,4.7619,4.7619,1.7647
181082,롯데)순하리레몬진제로나인500ml,전통주>기타전통주>과실주,전통주,기타전통주,과실주,당일픽업,28,16,30.0,22,2,1,2,1,0,2025-04-04,2025-04-30,2900.0,1,1,30,9.0909,9.0909,4.5455,1.875
412643,"테라톤)카드형보조배터리5,000mA_H",일용잡화>휴대폰/주변기기>스마트폰 액세서리,일용잡화,휴대폰/주변기기,스마트폰 액세서리,당일픽업,29,21,30.0,28,0,0,1,0,0,2025-04-02,2025-04-30,21000.0,0,1,30,0.0,3.5714,0.0,1.4286
106722,마즈)스니커즈피넛70g,과자>초콜릿>바초콜릿,과자,초콜릿,바초콜릿,당일픽업,26,14,30.0,18,5,3,0,0,0,2025-04-02,2025-04-30,2200.0,2,0,30,27.7778,0.0,11.1111,2.1429
123352,발레벨보 브라께또 NV,양주와인>와인>스파클링(샴페인),양주와인,와인,스파클링(샴페인),사전예약,27,17,30.0,21,0,0,5,1,0,2025-04-02,2025-04-28,21900.0,0,4,30,0.0,23.8095,0.0,1.7647
118528,오리온)그래놀라바단백질바40g,과자>프로틴/시리얼>영양바류,과자,프로틴/시리얼,영양바류,교환권,21,13,30.0,16,4,0,1,0,0,2025-04-03,2025-04-29,1200.0,4,1,30,25.0,6.25,25.0,2.3077
105839,대호)벤티복숭아아이스티500ml,즉석음료>파우치>아이스티,즉석음료,파우치,아이스티,당일픽업,25,9,30.0,16,5,3,1,0,0,2025-04-01,2025-04-28,1900.0,2,1,30,31.25,6.25,12.5,3.3333
191576,브라운)잭다니엘스허니500ml,양주와인>양주>기타양주,양주와인,양주,기타양주,당일픽업,28,8,30.0,27,1,0,0,0,0,2025-04-01,2025-04-30,39400.0,1,0,30,3.7037,0.0,3.7037,3.75
108451,동서)레드불퍼플250ml,음료>기능성드링크>에너지음료,음료,기능성드링크,에너지음료,당일픽업,22,11,30.0,15,4,1,2,0,0,2025-04-01,2025-04-25,2400.0,3,2,30,26.6667,13.3333,20.0,2.7273
191257,아영)알파카카베르네메를로750ml,양주와인>와인>레드,양주와인,와인,레드,당일픽업,27,11,30.0,21,3,1,1,1,0,2025-04-03,2025-04-30,11800.0,2,0,30,14.2857,4.7619,9.5238,2.7273
390967,PB)new휴대용지갑형티슈24매,위생용품>티슈>여행용티슈,위생용품,티슈,여행용티슈,당일픽업,23,8,30.0,13,6,3,1,0,0,2025-04-01,2025-04-30,1100.0,3,1,30,46.1538,7.6923,23.0769,3.75
073456,PB)닭가슴살리얼바허브80g,냉장>냉장간식>냉장 프로틴,냉장,냉장간식,냉장 프로틴,당일픽업,25,19,30.0,19,2,1,3,0,0,2025-04-01,2025-04-30,2900.0,1,3,30,10.5263,15.7895,5.2632,1.5789
123534,블루넌 블루 에디션,양주와인>와인>스파클링(샴페인),양주와인,와인,스파클링(샴페인),사전예약,26,20,30.0,23,1,0,2,0,0,2025-04-02,2025-04-28,19900.0,1,2,30,4.3478,8.6957,4.3478,1.5
123378,파고 아일레스 세렌디피아 샤르도네,양주와인>와인>화이트,양주와인,와인,화이트,사전예약,28,23,28.5,24,1,0,1,1,1,2025-04-02,2025-04-26,29900.0,1,0,30,4.1667,4.1667,4.1667,1.3043
124784,에이스)마루와유지땅콩크림130g,건강/기호식품>쨈/꿀>쨈,건강/기호식품,쨈/꿀,쨈,당일픽업,26,18,29.0,20,3,2,1,0,0,2025-04-05,2025-04-30,8000.0,1,1,29,15.0,5.0,5.0,1.6111
124875,토트넘 No.7 마킹 화이트 티셔츠_100,패션잡화>시즌/소품>기타,패션잡화,시즌/소품,기타,사전예약,28,19,29.0,25,1,0,1,1,0,2025-04-01,2025-04-09,55200.0,1,0,29,4.0,4.0,4.0,1.5263
180655,보해)new복분자375ml,전통주>기타전통주>과실주,전통주,기타전통주,과실주,당일픽업,19,8,29.0,14,5,0,0,0,0,2025-04-08,2025-04-30,10200.0,5,0,29,35.7143,0.0,35.7143,3.625
113183,아스티카 토론테스750ml ,양주와인>와인>스파클링(샴페인),양주와인,와인,스파클링(샴페인),사전예약,27,25,29.0,26,1,0,0,0,0,2025-04-02,2025-04-27,18500.0,1,0,29,3.8462,0.0,3.8462,1.16
116050,PB)밀크클래식쌀샌드180ml,아이스크림>노벨티>모나카,아이스크림,노벨티,모나카,당일픽업,26,17,29.0,19,2,1,3,1,0,2025-04-03,2025-04-30,2500.0,1,2,29,10.5263,15.7895,5.2632,1.7059
109215,선우)카다이프하트초콜릿80g,과자>초콜릿>판초콜릿,과자,초콜릿,판초콜릿,교환권,24,11,29.0,19,3,0,1,1,0,2025-04-06,2025-04-30,7000.0,3,0,29,15.7895,5.2632,15.7895,2.6364
124708,이그니스)랩노쉬프로틴바나나350ml,음료>기능성드링크>건강음료,음료,기능성드링크,건강음료,당일픽업,26,15,29.0,20,3,1,1,1,0,2025-04-06,2025-04-29,3800.0,2,0,29,15.0,5.0,10.0,1.9333
114812,하리보)해피콜라젤리100g,과자>젤리류>수입젤리,과자,젤리류,수입젤리,당일픽업,20,9,29.0,13,5,1,1,0,0,2025-04-01,2025-04-29,2500.0,4,1,29,38.4615,7.6923,30.7692,3.2222
202707,동서)스타벅스셀렉트카페라떼300,음료>커피음료>PET커피,음료,커피음료,PET커피,당일픽업,28,14,29.0,17,5,5,1,0,0,2025-04-01,2025-04-20,2900.0,0,1,29,29.4118,5.8824,0.0,2.0714
062606,비알)초코나무숲밀키300ml,유음료>컵커피>300ml 이상,유음료,컵커피,300ml 이상,당일픽업,20,11,29.0,15,4,0,1,0,0,2025-04-01,2025-04-30,2900.0,4,1,29,26.6667,6.6667,26.6667,2.6364
160047,칠성)칠성사이다２５０캔,음료>탄산음료>사이다(소),음료,탄산음료,사이다(소),당일픽업,26,12,29.0,14,6,5,1,0,0,2025-04-01,2025-04-21,1700.0,1,1,29,42.8571,7.1429,7.1429,2.4167
107670,K리그산리오)머플러(한교동),패션잡화>시즌/소품>기타,패션잡화,시즌/소품,기타,당일픽업,27,14,29.0,23,1,1,2,0,0,2025-04-01,2025-04-30,20000.0,0,2,29,4.3478,8.6957,0.0,2.0714
108051,롯데)달콤한땅콩소보로75g,빵>간식빵>과자빵,빵,간식빵,과자빵,당일픽업,22,12,29.0,14,5,2,1,0,0,2025-04-08,2025-04-30,1600.0,3,1,29,35.7143,7.1429,21.4286,2.4167
123483,랑메일 밸리 플로우 쉬라즈,양주와인>와인>레드,양주와인,와인,레드,사전예약,24,14,29.0,18,2,0,3,1,0,2025-04-01,2025-04-29,48900.0,2,2,29,11.1111,16.6667,11.1111,2.0714
124721,동원)그릴리직화닭꼬치볼케이노75g,냉장>냉장안주>치킨안주,냉장,냉장안주,치킨안주,당일픽업,24,9,29.0,17,4,2,1,0,0,2025-04-03,2025-04-27,4500.0,2,1,29,23.5294,5.8824,11.7647,3.2222
600913,MZ)호올스자몽27.9g,과자>캔디류>기능성캔디,과자,캔디류,기능성캔디,당일픽업,25,11,29.0,14,5,4,2,0,0,2025-04-05,2025-04-25,1200.0,1,2,29,35.7143,14.2857,7.1429,2.6364
210334,팔도)비빔면5입,면>봉지면>비빔/볶음면,면,봉지면,비빔/볶음면,당일픽업,29,15,29.0,26,0,0,2,1,0,2025-04-11,2025-04-30,5550.0,0,1,29,0.0,7.6923,0.0,1.9333
600925,MZ)밀카초코그레인42g,과자>비스킷류>크래커,과자,비스킷류,크래커,교환권,19,11,29.0,14,5,0,0,0,0,2025-04-04,2025-04-29,1500.0,5,0,29,35.7143,0.0,35.7143,2.6364
109175,오리온)아이셔잼젤리72g,과자>젤리류>국산젤리,과자,젤리류,국산젤리,당일픽업,23,6,29.0,14,6,3,0,0,0,2025-04-02,2025-04-23,1500.0,3,0,29,42.8571,0.0,21.4286,4.8333
141542,오뚜기)카레컵밥,가공식품>가공미반류>즉석컵밥,가공식품,가공미반류,즉석컵밥,교환권,22,15,29.0,16,4,1,1,0,0,2025-04-01,2025-04-29,5400.0,3,1,29,25.0,6.25,18.75,1.9333
105644,웅진)레몬셔벗에이드제로500ml,음료>주스>주스(중),음료,주스,주스(중),당일픽업,27,19,29.0,21,2,0,2,2,0,2025-04-01,2025-04-30,2500.0,2,0,29,9.5238,9.5238,9.5238,1.5263
190980,페르)제임슨200ml,양주와인>양주>위스키,양주와인,양주,위스키,당일픽업,22,11,29.0,17,2,0,3,0,0,2025-04-01,2025-04-29,14200.0,2,3,29,11.7647,17.6471,11.7647,2.6364
123335,아사히쇼쿠사이340ml(24입),맥주>수입맥주>캔맥주(중),맥주,수입맥주,캔맥주(중),사전예약,28,22,29.0,27,0,0,1,0,0,2025-04-02,2025-04-30,63900.0,0,1,29,0.0,3.7037,0.0,1.3182
132875,오뚜기)진짬뽕소컵,면>용기면>라면(소형컵),면,용기면,라면(소형컵),당일픽업,18,7,29.0,10,6,1,1,0,0,2025-04-08,2025-04-30,1700.0,5,1,29,60.0,10.0,50.0,4.1429
115434,달모어 킹렉산더3세 700ml,양주와인>양주>위스키,양주와인,양주,위스키,사전예약,28,22,29.0,24,0,0,3,1,0,2025-04-02,2025-04-28,598000.0,0,2,29,0.0,12.5,0.0,1.3182
601333,오리온)와우아이셔21g,과자>껌>풍선껌,과자,껌,풍선껌,당일픽업,21,9,29.0,12,5,1,2,1,0,2025-04-02,2025-04-25,500.0,4,1,29,41.6667,16.6667,33.3333,3.2222
111370,롯데)크런키34g,과자>초콜릿>판초콜릿,과자,초콜릿,판초콜릿,교환권,22,14,29.0,16,4,1,1,0,0,2025-04-02,2025-04-30,1700.0,3,1,29,25.0,6.25,18.75,2.0714
191256,롯데)옐로우테일까버네187ml,양주와인>와인>레드,양주와인,와인,레드,당일픽업,26,15,29.0,20,3,2,1,0,0,2025-04-02,2025-04-30,5000.0,1,1,29,15.0,5.0,5.0,1.9333
072062,CJ)맥스봉치즈70g,냉장>냉장간식>간식/소시지,냉장,냉장간식,간식/소시지,당일픽업,24,11,29.0,17,4,2,1,0,0,2025-04-01,2025-04-29,2600.0,2,1,29,23.5294,5.8824,11.7647,2.6364
061468,남양)초코에몽250ml,유음료>가공우유>초코우유,유음료,가공우유,초코우유,당일픽업,25,16,29.0,20,2,1,2,0,0,2025-04-01,2025-04-29,1900.0,1,2,29,10.0,10.0,5.0,1.8125
104404,사이버)신짱초코비20g,과자>스낵류>옥수수스낵,과자,스낵류,옥수수스낵,당일픽업,23,9,29.0,20,3,0,0,0,0,2025-04-03,2025-04-30,2500.0,3,0,29,15.0,0.0,15.0,3.2222
053125,고래사)모둠어묵꼬치,즉석 식품>즉석간식>어묵,즉석 식품,즉석간식,어묵,당일픽업,28,24,29.0,27,0,0,1,0,0,2025-04-01,2025-04-30,1600.0,0,1,29,0.0,3.7037,0.0,1.2083
123782,CJ)1등급반숙대란2구,냉장>냉장간식>삶은계란,냉장,냉장간식,삶은계란,당일픽업,23,14,29.0,18,4,1,0,0,0,2025-04-07,2025-04-30,2400.0,3,0,29,22.2222,0.0,16.6667,2.0714
100429,마즈)스니커즈피넛바51g,과자>초콜릿>바초콜릿,과자,초콜릿,바초콜릿,교환권,24,17,29.0,19,3,0,1,1,0,2025-04-02,2025-04-30,1800.0,3,0,29,15.7895,5.2632,15.7895,1.7059
123540,이스까이 시라 비오니에,양주와인>와인>레드,양주와인,와인,레드,사전예약,24,17,29.0,21,2,0,1,0,0,2025-04-02,2025-04-30,79900.0,2,1,29,9.5238,4.7619,9.5238,1.7059
220566,동원)양반영양닭죽285g,가공식품>가공미반류>죽,가공식품,가공미반류,죽,당일픽업,23,13,29.0,13,5,2,2,1,0,2025-04-01,2025-04-26,4500.0,3,1,29,38.4615,15.3846,23.0769,2.2308
118647,해태)사브레84g,과자>비스킷류>쿠키,과자,비스킷류,쿠키,당일픽업,22,9,29.0,14,5,2,1,0,0,2025-04-02,2025-04-30,1500.0,3,1,29,35.7143,7.1429,21.4286,3.2222
831045,피죤)퓨어애플밤주방세제750ml_H,가정용품>세제류>주방세제,가정용품,세제류,주방세제,당일픽업,19,4,29.0,10,7,2,0,0,0,2025-04-08,2025-04-15,9900.0,5,0,29,70.0,0.0,50.0,7.25
108515,하이포크)한돈삼겹살300g,냉동>신선냉동>냉동축산,냉동,신선냉동,냉동축산,당일픽업,25,13,29.0,21,3,1,0,0,0,2025-04-03,2025-04-28,12900.0,2,0,29,14.2857,0.0,9.5238,2.2308
109174,오리온)아이셔샤베트젤리72g,과자>젤리류>국산젤리,과자,젤리류,국산젤리,당일픽업,25,9,29.0,13,7,5,0,0,0,2025-04-03,2025-04-17,1500.0,2,0,29,53.8462,0.0,15.3846,3.2222
102378,일신)지렁이젤리사우어,과자>젤리류>수입젤리,과자,젤리류,수입젤리,당일픽업,27,19,29.0,22,3,2,0,0,0,2025-04-01,2025-04-28,1500.0,1,0,29,13.6364,0.0,4.5455,1.5263
123088,와일드 터키 라이,양주와인>양주>위스키,양주와인,양주,위스키,사전예약,29,28,29.0,29,0,0,0,0,0,2025-04-01,2025-04-30,68000.0,0,0,29,0.0,0.0,0.0,1.0357
123690,라쿠엔 시콰사(2입),전통주>기타전통주>청주,전통주,기타전통주,청주,사전예약,28,21,29.0,27,0,0,1,0,0,2025-04-01,2025-04-30,27900.0,0,1,29,0.0,3.7037,0.0,1.381
106097,에이스)전주수제딸기초코파이75g,빵>구움과자>구움과자,빵,구움과자,구움과자,당일픽업,23,10,29.0,13,5,3,2,0,0,2025-04-03,2025-04-30,2000.0,2,2,29,38.4615,15.3846,15.3846,2.9
170904,엠즈)에비스500ml캔(6입),맥주>수입맥주>캔맥주(중),맥주,수입맥주,캔맥주(중),당일픽업,29,10,29.0,29,0,0,0,0,0,2025-04-03,2025-04-27,30000.0,0,0,29,0.0,0.0,0.0,2.9
108831,PB)피스타치오초코쿠키120g,과자>스낵류>일반스낵,과자,스낵류,일반스낵,당일픽업,22,13,29.0,15,3,1,3,0,0,2025-04-01,2025-04-29,2000.0,2,3,29,20.0,20.0,13.3333,2.2308
601092,PB)마이멜로디베리베리팝콘80g,과자>스낵류>옥수수스낵,과자,스낵류,옥수수스낵,교환권,20,11,28.0,14,5,1,0,0,0,2025-04-04,2025-04-23,2000.0,4,0,28,35.7143,0.0,28.5714,2.5455
109340,뚠뚠햄치즈&참치샌드,조리빵>샌드위치>샌드위치,조리빵,샌드위치,샌드위치,사전예약,24,12,28.0,16,5,3,0,0,0,2025-04-01,2025-04-15,3400.0,2,0,28,31.25,0.0,12.5,2.3333
201879,칠성)아이시스(8.0)1L,음료>생수>1000ml이상,음료,생수,1000ml이상,당일픽업,16,8,28.0,10,6,0,0,0,0,2025-04-03,2025-04-30,1400.0,6,0,28,60.0,0.0,60.0,3.5
180919,롯데)별빛청하스파클링295ml병,전통주>기타전통주>기타,전통주,기타전통주,기타,당일픽업,28,14,28.0,19,3,3,2,1,0,2025-04-01,2025-04-30,2700.0,0,1,28,15.7895,10.5263,0.0,2.0
192527,부쉬밀오리지널700ml,양주와인>양주>위스키,양주와인,양주,위스키,사전예약,24,18,28.0,21,1,0,2,0,0,2025-04-01,2025-04-28,31900.0,1,2,28,4.7619,9.5238,4.7619,1.5556
123634,CJ)쁘띠첼과일젤리밀감90g,디저트>젤리>떠먹는젤리,디저트,젤리,떠먹는젤리,당일픽업,20,10,28.0,16,4,0,0,0,0,2025-04-04,2025-04-28,2000.0,4,0,28,25.0,0.0,25.0,2.8
062534,빙그레)메로나맛우유240ml,유음료>가공우유>기타,유음료,가공우유,기타,당일픽업,22,8,28.0,13,6,3,0,0,0,2025-04-01,2025-04-30,1800.0,3,0,28,46.1538,0.0,23.0769,3.5
124567,동아제약)얼박_오리지널230ml,즉석음료>파우치>아이스티,즉석음료,파우치,아이스티,당일픽업,17,9,28.0,11,5,0,1,0,0,2025-04-09,2025-04-29,1800.0,5,1,28,45.4545,9.0909,45.4545,3.1111
105140,웰그린)석류에이드230ml,즉석음료>파우치>아이스티,즉석음료,파우치,아이스티,당일픽업,20,10,28.0,12,6,2,0,0,0,2025-04-10,2025-04-28,1200.0,4,0,28,50.0,0.0,33.3333,2.8
109735,PB)옳곡피넛버터크림소보로110g,빵>간식빵>과자빵,빵,간식빵,과자빵,당일픽업,23,12,28.0,13,1,0,7,2,0,2025-04-02,2025-04-30,2500.0,1,5,28,7.6923,53.8462,7.6923,2.3333
114255,농심)츄파춥스미니메가(10입),과자>캔디류>행사상품,과자,캔디류,행사상품,당일픽업,28,20,28.0,23,1,1,2,1,0,2025-04-01,2025-04-21,6400.0,0,1,28,4.3478,8.6957,0.0,1.4
070214,칠성)콜드오렌지900ml,유음료>냉장주스>냉장주스(대),유음료,냉장주스,냉장주스(대),당일픽업,21,7,28.0,11,6,3,1,0,0,2025-04-05,2025-04-29,4200.0,3,1,28,54.5455,9.0909,27.2727,4.0
162144,바프)와사비맛아몬드40g,안주>너트류>봉지너트,안주,너트류,봉지너트,당일픽업,21,10,28.0,12,4,1,3,1,0,2025-04-06,2025-04-29,2500.0,3,2,28,33.3333,25.0,25.0,2.8
110465,경진)꾸이맨30g,안주>생선류>어육스낵,안주,생선류,어육스낵,당일픽업,19,9,28.0,10,6,1,1,1,0,2025-04-02,2025-04-26,2500.0,5,0,28,60.0,10.0,50.0,3.1111
108713,빙그레)더단백멜론250ml,유음료>프로틴 음료>250ml 이상 ,유음료,프로틴 음료,250ml 이상 ,당일픽업,18,9,28.0,12,4,0,2,0,0,2025-04-05,2025-04-25,2900.0,4,2,28,33.3333,16.6667,33.3333,3.1111
150293,나뚜루)녹차컵,아이스크림>고급>컵,아이스크림,고급,컵,당일픽업,26,16,28.0,15,3,3,4,1,0,2025-04-02,2025-04-25,5900.0,0,3,28,20.0,26.6667,0.0,1.75
124048,미스티)마이초코23g,과자>초콜릿>어린이초콜릿,과자,초콜릿,어린이초콜릿,교환권,22,12,28.0,19,3,0,0,0,0,2025-04-02,2025-04-22,500.0,3,0,28,15.7895,0.0,15.7895,2.3333
083749,삼립)허쉬초코샌드95g,빵>간식빵>간식용케익,빵,간식빵,간식용케익,당일픽업,22,12,28.0,16,3,1,2,0,0,2025-04-03,2025-04-23,2200.0,2,2,28,18.75,12.5,12.5,2.3333
107267,골드핑거치킨세트,즉석 식품>즉석치킨(삭제예정)>세트류_삭제예정,즉석 식품,즉석치킨(삭제예정),세트류_삭제예정,당일픽업,18,8,28.0,10,5,0,2,1,0,2025-04-02,2025-04-26,9900.0,5,1,28,50.0,20.0,50.0,3.5
113371,예스)트롤리미니버거10g,과자>젤리류>수입젤리,과자,젤리류,수입젤리,교환권,20,8,28.0,16,4,0,0,0,0,2025-04-02,2025-04-30,500.0,4,0,28,25.0,0.0,25.0,3.5
123867,글렌알라키 12년 700ml,양주와인>양주>위스키,양주와인,양주,위스키,사전예약,24,21,28.0,17,0,0,6,1,0,2025-04-08,2025-04-28,136500.0,0,5,28,0.0,35.2941,0.0,1.3333
601349,엔제이)블랙썬더파우치49g,과자>초콜릿>봉지초콜릿,과자,초콜릿,봉지초콜릿,당일픽업,23,12,28.0,19,1,0,3,0,0,2025-04-03,2025-04-26,3000.0,1,3,28,5.2632,15.7895,5.2632,2.3333
201909,쥬맥스)모구모구(복숭아)320ml,음료>주스>주스(중),음료,주스,주스(중),당일픽업,18,9,28.0,11,6,1,0,0,0,2025-04-03,2025-04-28,1700.0,5,0,28,54.5455,0.0,45.4545,3.1111
109761,하림)장인라면맵싸한맛큰컵,면>용기면>라면(대형컵),면,용기면,라면(대형컵),당일픽업,25,16,28.0,19,3,2,1,0,0,2025-04-01,2025-04-30,2800.0,1,1,28,15.7895,5.2632,5.2632,1.75
030329,풀무원)올바른샐러드고구마100g,간식>샐러드(삭제예정)>조리샐러드(삭제예정),간식,샐러드(삭제예정),조리샐러드(삭제예정),당일픽업,26,13,28.0,15,3,3,4,1,0,2025-04-01,2025-04-27,2500.0,0,3,28,20.0,26.6667,0.0,2.1538
124234,라프로익 10년,양주와인>양주>위스키,양주와인,양주,위스키,사전예약,23,16,28.0,16,1,1,5,0,0,2025-04-02,2025-04-30,110000.0,0,5,28,6.25,31.25,0.0,1.75
201487,동서)TOP스위트아메리카노380ml,음료>커피음료>캔커피(보틀),음료,커피음료,캔커피(보틀),당일픽업,17,9,28.0,11,5,0,1,0,0,2025-04-01,2025-04-30,3300.0,5,1,28,45.4545,9.0909,45.4545,3.1111
125071,납크릭 버번,양주와인>양주>위스키,양주와인,양주,위스키,사전예약,23,20,28.0,19,1,0,3,0,0,2025-04-05,2025-04-30,85000.0,1,3,28,5.2632,15.7895,5.2632,1.4
105365,올리)순얼음3kg,즉석음료>얼음>대용량얼음,즉석음료,얼음,대용량얼음,당일픽업,22,7,28.0,17,4,1,0,0,0,2025-04-03,2025-04-30,4600.0,3,0,28,23.5294,0.0,17.6471,4.0
061641,매일)아몬드브리즈초콜릿190ml,유음료>가공우유>기타,유음료,가공우유,기타,교환권,26,16,28.0,19,4,3,0,0,0,2025-04-01,2025-04-29,1500.0,1,0,28,21.0526,0.0,5.2632,1.75
191546,다크호스 브뤼750ml,양주와인>와인>스파클링(샴페인),양주와인,와인,스파클링(샴페인),사전예약,31,24,28.0,28,0,0,1,2,0,2025-04-02,2025-04-24,26000.0,0,-1,28,0.0,3.5714,0.0,1.1667
117039,로투스)비스코프93g,과자>비스킷류>쿠키,과자,비스킷류,쿠키,당일픽업,19,10,28.0,14,4,0,1,0,0,2025-04-03,2025-04-28,2000.0,4,1,28,28.5714,7.1429,28.5714,2.8
413583,동원)뉴트리스틱(참치)_H,일용잡화>반려동물용품>반려묘,일용잡화,반려동물용품,반려묘,당일픽업,28,10,28.0,24,2,2,0,0,0,2025-04-02,2025-04-30,3000.0,0,0,28,8.3333,0.0,0.0,2.8
192557,타임)와인글라스모스카토187ml,양주와인>와인>화이트,양주와인,와인,화이트,당일픽업,26,20,28.0,25,1,0,0,0,0,2025-04-01,2025-04-29,5000.0,1,0,28,4.0,0.0,4.0,1.4
109331,미성)피니과일모양껌20g,과자>껌>풍선껌,과자,껌,풍선껌,교환권,22,9,28.0,19,3,0,0,0,0,2025-04-01,2025-04-25,700.0,3,0,28,15.7895,0.0,15.7895,3.1111
124046,델토리)스웨디시스타일초코홀릭47g,과자>초콜릿>판초콜릿,과자,초콜릿,판초콜릿,당일픽업,23,10,28.0,16,4,1,1,1,0,2025-04-03,2025-04-30,3500.0,3,0,28,25.0,6.25,18.75,2.8
073648,PB)대파김치수제비214g,냉장>냉장간편식>냉장면,냉장,냉장간편식,냉장면,당일픽업,22,7,28.0,13,6,3,0,0,0,2025-04-03,2025-04-30,3600.0,3,0,28,46.1538,0.0,23.0769,4.0
161062,동서)스타벅스모카,음료>커피음료>병커피,음료,커피음료,병커피,당일픽업,25,7,28.0,11,7,6,1,0,0,2025-04-01,2025-04-17,3100.0,1,1,28,63.6364,9.0909,9.0909,4.0
123678,바이엔슈테판 비투스(12입),맥주>수입맥주>병맥주,맥주,수입맥주,병맥주,사전예약,27,25,28.0,26,0,0,1,0,0,2025-04-01,2025-04-20,55680.0,0,1,28,0.0,3.8462,0.0,1.12
118618,하리보)웜즈사우어80g,과자>젤리류>수입젤리,과자,젤리류,수입젤리,당일픽업,22,10,28.0,13,6,3,0,0,0,2025-04-01,2025-04-26,2500.0,3,0,28,46.1538,0.0,23.0769,2.8
123394,세븐브로이)가치필스너500ml캔,맥주>국산맥주>수제맥주,맥주,국산맥주,수제맥주,당일픽업,26,8,28.0,22,1,0,2,1,0,2025-04-04,2025-04-30,4500.0,1,1,28,4.5455,9.0909,4.5455,3.5
141134,동원)리챔120g,가공식품>캔>육가공캔,가공식품,캔,육가공캔,당일픽업,18,7,28.0,10,5,0,2,1,0,2025-04-01,2025-04-30,4200.0,5,1,28,50.0,20.0,50.0,4.0
124792,유앤)한입땅콩꽈배기g,과자>스낵류>전통스낵,과자,스낵류,전통스낵,당일픽업,20,10,28.0,14,5,1,0,0,0,2025-04-04,2025-04-30,9900.0,4,0,28,35.7143,0.0,28.5714,2.8
124315,더 글렌드로낙 12년 700ml,양주와인>양주>위스키,양주와인,양주,위스키,사전예약,24,19,28.0,17,0,0,6,1,0,2025-04-01,2025-04-29,120000.0,0,5,28,0.0,35.2941,0.0,1.4737
123455,파고 아일레스 아일레스 센다 드 레나도레스,양주와인>와인>레드,양주와인,와인,레드,사전예약,23,17,28.0,20,2,0,1,0,0,2025-04-01,2025-04-28,32900.0,2,1,28,10.0,5.0,10.0,1.6471
123138,하리보)계란프라이모양젤리80g,과자>젤리류>수입젤리,과자,젤리류,수입젤리,당일픽업,21,13,28.0,13,5,2,1,0,0,2025-04-03,2025-04-30,2500.0,3,1,28,38.4615,7.6923,23.0769,2.1538
360867,애경)케라시스데미지샴푸_H,H&B>샴푸/린스>샴푸,H&B,샴푸/린스,샴푸,당일픽업,28,19,28.0,24,2,1,0,1,0,2025-04-01,2025-04-30,6000.0,1,-1,28,8.3333,0.0,4.1667,1.4737
109952,몽키47,양주와인>양주>기타양주,양주와인,양주,기타양주,사전예약,24,22,28.0,20,0,0,4,0,0,2025-04-01,2025-04-26,68400.0,0,4,28,0.0,20.0,0.0,1.2727
161865,샘표)질러직화스틱육포45g,안주>육포>육포,안주,육포,육포,당일픽업,25,12,27.0,20,3,2,0,0,0,2025-04-01,2025-04-30,6500.0,1,0,27,15.0,0.0,5.0,2.25
115920,매운새우깡90g,과자>스낵류>일반스낵,과자,스낵류,일반스낵,교환권,18,9,27.0,11,5,1,1,0,0,2025-04-03,2025-04-30,1500.0,4,1,27,45.4545,9.0909,36.3636,3.0
202252,웅진)티즐제로피치우롱티500ml,음료>차음료>기타차,음료,차음료,기타차,당일픽업,20,10,27.0,14,4,1,1,0,0,2025-04-07,2025-04-20,2500.0,3,1,27,28.5714,7.1429,21.4286,2.7
170258,엠즈)삿포로실버컵650ml캔,맥주>수입맥주>캔맥주(중),맥주,수입맥주,캔맥주(중),당일픽업,23,12,27.0,16,3,1,2,1,0,2025-04-01,2025-04-30,7900.0,2,1,27,18.75,12.5,12.5,2.25
072821,대림)매콤함에꼬치다90g,냉장>냉장간식>소형바,냉장,냉장간식,소형바,당일픽업,22,17,27.0,17,3,1,1,0,0,2025-04-01,2025-04-29,2700.0,2,1,27,17.6471,5.8824,11.7647,1.5882
170082,광동)비타500 100ml병,음료>기능성드링크>비타민음료,음료,기능성드링크,비타민음료,교환권,19,11,27.0,13,5,1,0,0,0,2025-04-05,2025-04-29,1100.0,4,0,27,38.4615,0.0,30.7692,2.4545
124047,델토리)스웨디시스타일딸기홀릭47g,과자>초콜릿>판초콜릿,과자,초콜릿,판초콜릿,당일픽업,22,12,27.0,17,3,1,1,0,0,2025-04-01,2025-04-27,3500.0,2,1,27,17.6471,5.8824,11.7647,2.25
132805,대상)멸치쌀국수92g,면>용기면>숙면/건면,면,용기면,숙면/건면,당일픽업,22,12,27.0,15,4,1,1,1,0,2025-04-12,2025-04-28,2600.0,3,0,27,26.6667,6.6667,20.0,2.25
106843,PB)쿵야메론빙수270ml,아이스크림>노벨티>컵,아이스크림,노벨티,컵,교환권,20,10,27.0,16,3,0,1,0,0,2025-04-01,2025-04-30,3000.0,3,1,27,18.75,6.25,18.75,2.7
124061,대호)Big블루레몬에이드320ml,즉석음료>파우치>아이스티,즉석음료,파우치,아이스티,당일픽업,19,9,27.0,13,5,1,0,0,0,2025-04-06,2025-04-28,1400.0,4,0,27,38.4615,0.0,30.7692,3.0
115682,빙그레)뽀로로와친구들치즈맛65g,과자>비스킷류>쿠키,과자,비스킷류,쿠키,당일픽업,16,7,27.0,8,6,1,1,0,0,2025-04-01,2025-04-30,1700.0,5,1,27,75.0,12.5,62.5,3.8571
118983,롯데)ABC초코쿠키쿠키앤크림43g,과자>비스킷류>쿠키,과자,비스킷류,쿠키,당일픽업,22,12,27.0,13,5,3,1,0,0,2025-04-05,2025-04-28,1500.0,2,1,27,38.4615,7.6923,15.3846,2.25
601082,농심)먹태깡청양마요맛60g,과자>스낵류>일반스낵,과자,스낵류,일반스낵,교환권,19,11,27.0,11,3,1,4,0,0,2025-04-01,2025-04-25,1700.0,2,4,27,27.2727,36.3636,18.1818,2.4545
114481,동서)오레오웨하스초코(5입),과자>비스킷류>크래커,과자,비스킷류,크래커,당일픽업,25,13,27.0,14,3,3,4,1,0,2025-04-01,2025-04-30,3400.0,0,3,27,21.4286,28.5714,0.0,2.0769
123946,APP전용)머쉬룸투움바비프버거,조리빵>햄버거>햄버거,조리빵,햄버거,햄버거,당일픽업,23,19,27.0,19,0,0,4,0,0,2025-04-07,2025-04-30,3500.0,0,4,27,0.0,21.0526,0.0,1.4211
105751,잇웨이)치킨매니아새우닭강정250g,냉동>조리냉동>냉동안주류,냉동,조리냉동,냉동안주류,당일픽업,22,10,27.0,15,4,2,1,0,0,2025-04-04,2025-04-30,8500.0,2,1,27,26.6667,6.6667,13.3333,2.7
124872,맨시티 페이드 머그컵,패션잡화>시즌/소품>기타,패션잡화,시즌/소품,기타,사전예약,22,18,27.0,19,2,0,1,0,0,2025-04-01,2025-04-11,20700.0,2,1,27,10.5263,5.2632,10.5263,1.5
123630,엠탑)커피우유맛원컵,건강/기호식품>원컵>국산차,건강/기호식품,원컵,국산차,당일픽업,24,16,27.0,15,3,2,3,1,0,2025-04-03,2025-04-27,1800.0,1,2,27,20.0,20.0,6.6667,1.6875
123811,익스트림)에너지퍼스트펭귄250ml,음료>기능성드링크>에너지음료,음료,기능성드링크,에너지음료,당일픽업,17,8,27.0,12,5,0,0,0,0,2025-04-10,2025-04-28,2300.0,5,0,27,41.6667,0.0,41.6667,3.375
202014,해태)갈아만든배340ml캔,음료>주스>주스(중),음료,주스,주스(중),당일픽업,20,8,27.0,12,5,2,1,0,0,2025-04-01,2025-04-30,1700.0,3,1,27,41.6667,8.3333,25.0,3.375
152151,오뚜기)사과식초500ml,조미료/건물>소스류>식초류,조미료/건물,소스류,식초류,당일픽업,19,8,27.0,10,5,2,2,0,0,2025-04-11,2025-04-22,2500.0,3,2,27,50.0,20.0,30.0,3.375
211496,빙그레)투게더미니어처270ml,아이스크림>홈타입>카톤,아이스크림,홈타입,카톤,당일픽업,19,9,27.0,13,5,1,0,0,0,2025-04-05,2025-04-30,3500.0,4,0,27,38.4615,0.0,30.7692,3.0
152420,삼양)불닭소스200g,조미료/건물>소스류>드레싱/디핑소스,조미료/건물,소스류,드레싱/디핑소스,당일픽업,25,14,27.0,14,3,2,4,2,0,2025-04-02,2025-04-30,5000.0,1,2,27,21.4286,28.5714,7.1429,1.9286
211647, 제스)오레오바닐라바92ml,아이스크림>노벨티>바,아이스크림,노벨티,바,당일픽업,17,5,27.0,12,5,0,0,0,0,2025-04-03,2025-04-29,3500.0,5,0,27,41.6667,0.0,41.6667,5.4
150370,나뚜루)딸기초코바,아이스크림>고급>바,아이스크림,고급,바,당일픽업,26,16,27.0,19,3,3,1,0,0,2025-04-01,2025-04-30,5900.0,0,1,27,15.7895,5.2632,0.0,1.6875
071942,장충동)미니족발315g,냉장>냉장안주>족발/순대,냉장,냉장안주,족발/순대,당일픽업,24,6,27.0,22,1,0,1,0,0,2025-04-01,2025-04-17,8600.0,1,1,27,4.5455,4.5455,4.5455,4.5
119410,롯데)크런키초코바30g,과자>초콜릿>바초콜릿,과자,초콜릿,바초콜릿,당일픽업,23,11,27.0,14,4,2,2,1,0,2025-04-01,2025-04-24,1300.0,2,1,27,28.5714,14.2857,14.2857,2.4545
390889,LG)바디피트볼록맞춤중형16P,위생용품>생리대>중형,위생용품,생리대,중형,당일픽업,21,13,27.0,18,3,0,0,0,0,2025-04-08,2025-04-30,8400.0,3,0,27,16.6667,0.0,16.6667,2.0769
124796,풀무원)고소하고부드럽게구운란75g,냉장>냉장간식>삶은계란,냉장,냉장간식,삶은계란,당일픽업,21,10,27.0,18,3,0,0,0,0,2025-04-08,2025-04-30,2600.0,3,0,27,16.6667,0.0,16.6667,2.7
030683,삼립)흑임자치킨미니샐러드,미반>샐러드 >채소샐러드 ,미반,샐러드 ,채소샐러드 ,당일픽업,23,18,27.0,17,1,0,4,1,0,2025-04-01,2025-04-28,3800.0,1,3,27,5.8824,23.5294,5.8824,1.5
150419,하겐)파인트녹차,아이스크림>고급>파인트,아이스크림,고급,파인트,당일픽업,21,15,27.0,18,3,0,0,0,0,2025-04-03,2025-04-24,17900.0,3,0,27,16.6667,0.0,16.6667,1.8
132474,오뚜기)진짜쫄면봉지,면>봉지면>비빔/볶음면,면,봉지면,비빔/볶음면,당일픽업,26,15,27.0,23,1,0,1,1,0,2025-04-04,2025-04-30,1650.0,1,0,27,4.3478,4.3478,4.3478,1.8
123312,PB)미니초코피넛샌드(5입),빵>간식빵>샌드빵,빵,간식빵,샌드빵,당일픽업,20,13,27.0,13,3,1,3,0,0,2025-04-07,2025-04-30,2300.0,2,3,27,23.0769,23.0769,15.3846,2.0769
107503,엠즈)애플망고케이크100g,디저트>냉장베이커리>조각케익,디저트,냉장베이커리,조각케익,당일픽업,26,22,27.0,25,0,0,1,0,0,2025-04-01,2025-04-26,3800.0,0,1,27,0.0,4.0,0.0,1.2273
108774,유한)좋은느낌울트라날개대4P,위생용품>생리대>4P,위생용품,생리대,4P,당일픽업,25,13,27.0,20,3,2,0,0,0,2025-04-01,2025-04-28,2800.0,1,0,27,15.0,0.0,5.0,2.0769
121686,PB) NEW둥굴레차25입,건강/기호식품>차>티백차류,건강/기호식품,차,티백차류,당일픽업,21,5,27.0,14,5,2,0,0,0,2025-04-01,2025-04-29,3500.0,3,0,27,35.7143,0.0,21.4286,5.4
105934,스위트)트롤리피자젤리12g,과자>젤리류>수입젤리,과자,젤리류,수입젤리,당일픽업,19,14,27.0,15,4,0,0,0,0,2025-04-01,2025-04-30,700.0,4,0,27,26.6667,0.0,26.6667,1.9286
123547,크라켄블랙스파이스럼,양주와인>양주>기타양주,양주와인,양주,기타양주,사전예약,24,21,27.0,21,0,0,3,0,0,2025-04-02,2025-04-30,52000.0,0,3,27,0.0,14.2857,0.0,1.2857
111552,크라운)화이트하임3300(9입),과자>비스킷류>쿠키,과자,비스킷류,쿠키,당일픽업,17,6,27.0,10,6,1,0,0,0,2025-04-10,2025-04-29,3300.0,5,0,27,60.0,0.0,50.0,4.5
220652,동원)양반밤단팥죽285g,가공식품>가공미반류>죽,가공식품,가공미반류,죽,당일픽업,19,5,27.0,12,4,1,2,0,0,2025-04-01,2025-04-25,4500.0,3,2,27,33.3333,16.6667,25.0,5.4
601028,해태)버터링딥카페103g,과자>비스킷류>쿠키,과자,비스킷류,쿠키,당일픽업,23,13,27.0,14,4,3,2,0,0,2025-04-01,2025-04-20,3000.0,1,2,27,28.5714,14.2857,7.1429,2.0769
119878,오리온)포도알맹이67g,과자>젤리류>국산젤리,과자,젤리류,국산젤리,당일픽업,22,9,27.0,11,6,4,1,0,0,2025-04-01,2025-04-30,1200.0,2,1,27,54.5455,9.0909,18.1818,3.0
123571,PB)디저트39바나나우유500ml,유음료>가공우유>바나나우유,유음료,가공우유,바나나우유,당일픽업,25,12,27.0,19,2,2,2,0,0,2025-04-02,2025-04-29,2200.0,0,2,27,10.5263,10.5263,0.0,2.25
240061,CJ)갈색설탕1kg,조미료/건물>조미료>설탕,조미료/건물,조미료,설탕,당일픽업,21,8,27.0,12,6,3,0,0,0,2025-04-07,2025-04-30,3100.0,3,0,27,50.0,0.0,25.0,3.375
124976,해태)오예스요것이그릭습니다,과자>비스킷류>파이,과자,비스킷류,파이,당일픽업,20,8,27.0,12,5,2,1,0,0,2025-04-12,2025-04-22,7000.0,3,1,27,41.6667,8.3333,25.0,3.375
061530,뉴초이스)아쌈밀크티300ml,유음료>가공우유>기타,유음료,가공우유,기타,당일픽업,25,15,27.0,19,2,0,2,2,0,2025-04-01,2025-04-25,1900.0,2,0,27,10.5263,10.5263,10.5263,1.8
190406,롯데)카르멘샤도네이750ml,양주와인>와인>화이트,양주와인,와인,화이트,당일픽업,28,21,27.0,26,0,1,1,0,0,2025-04-01,2025-04-30,15000.0,-1,1,27,0.0,3.8462,-3.8462,1.2857
192031,스미노프보드카레드700ml,양주와인>양주>기타양주,양주와인,양주,기타양주,사전예약,28,26,27.0,26,0,0,1,1,0,2025-04-01,2025-04-29,19800.0,0,0,27,0.0,3.8462,0.0,1.0385
211900,빙그레)호두과자붕어싸만코150ml,아이스크림>노벨티>모나카,아이스크림,노벨티,모나카,당일픽업,18,8,27.0,11,5,1,1,0,0,2025-04-06,2025-04-25,2500.0,4,1,27,45.4545,9.0909,36.3636,3.375
123614,서주푸드)망고요거트콘150ml,아이스크림>노벨티>콘,아이스크림,노벨티,콘,당일픽업,21,12,27.0,17,2,0,2,0,0,2025-04-01,2025-04-23,2500.0,2,2,27,11.7647,11.7647,11.7647,2.25
108714,오리온)뉴룽지75g,과자>스낵류>전통스낵,과자,스낵류,전통스낵,당일픽업,21,9,27.0,12,6,3,0,0,0,2025-04-06,2025-04-30,1500.0,3,0,27,50.0,0.0,25.0,3.0
105153,웰그린)수박에이드230ml,즉석음료>파우치>아이스티,즉석음료,파우치,아이스티,당일픽업,19,9,27.0,11,6,2,0,0,0,2025-04-01,2025-04-29,1200.0,4,0,27,54.5455,0.0,36.3636,3.0
109910,아까기리시마,전통주>기타전통주>중국/일본주,전통주,기타전통주,중국/일본주,사전예약,23,20,26.0,21,1,0,1,0,0,2025-04-02,2025-04-27,65300.0,1,1,26,4.7619,4.7619,4.7619,1.3
123536,9 라이브스 리저브 카베르네 소비뇽,양주와인>와인>레드,양주와인,와인,레드,사전예약,22,15,26.0,16,1,1,4,0,0,2025-04-01,2025-04-30,15000.0,0,4,26,6.25,25.0,0.0,1.7333
170912,오비)카스370ml캔(6입),맥주>국산맥주>캔맥주(소),맥주,국산맥주,캔맥주(소),당일픽업,23,9,24.5,16,2,1,2,1,1,2025-04-03,2025-04-24,12100.0,1,1,26,12.5,12.5,6.25,2.8889
109334,뉴트)비비랩푸룬클렌즈샷20ml,건강/기호식품>건강/이너뷰티>이너뷰티,건강/기호식품,건강/이너뷰티,이너뷰티,당일픽업,21,13,26.0,16,3,1,1,0,0,2025-04-02,2025-04-30,3900.0,2,1,26,18.75,6.25,12.5,2.0
081796,로투스)벨기에초코와플57g,빵>구움과자>구움과자,빵,구움과자,구움과자,당일픽업,24,14,26.0,12,5,5,2,0,0,2025-04-01,2025-04-28,1700.0,0,2,26,41.6667,16.6667,0.0,1.8571
070028,빙그레)요플레딸기180g,유음료>요구르트>떠먹는요구르트,유음료,요구르트,떠먹는요구르트,당일픽업,25,14,26.0,22,1,1,1,0,0,2025-04-02,2025-04-30,2200.0,0,1,26,4.5455,4.5455,0.0,1.8571
124707,이그니스)랩노쉬프로틴350ml,음료>기능성드링크>건강음료,음료,기능성드링크,건강음료,당일픽업,24,13,26.0,23,1,0,0,0,0,2025-04-08,2025-04-30,3800.0,1,0,26,4.3478,0.0,4.3478,2.0
141689,오뚜기)순후추순대국밥컵밥,가공식품>가공미반류>즉석컵밥,가공식품,가공미반류,즉석컵밥,당일픽업,25,7,26.0,24,0,0,1,0,0,2025-04-01,2025-04-18,4800.0,0,1,26,0.0,4.1667,0.0,3.7143
123936,펜폴즈 빈 798 RWT 쉬라즈 (뱀띠 에디션),양주와인>와인>레드,양주와인,와인,레드,사전예약,27,22,26.0,25,0,0,1,1,0,2025-04-01,2025-04-28,338000.0,0,0,26,0.0,4.0,0.0,1.1818
222486,취영루)볶음짬뽕면350g,냉동>냉동간편식>냉동면,냉동,냉동간편식,냉동면,당일픽업,19,14,26.0,15,3,0,1,0,0,2025-04-03,2025-04-27,4700.0,3,1,26,20.0,6.6667,20.0,1.8571
109879,월계관 쥰마이750ml,전통주>기타전통주>중국/일본주,전통주,기타전통주,중국/일본주,사전예약,25,13,26.0,19,1,0,3,2,0,2025-04-04,2025-04-29,20500.0,1,1,26,5.2632,15.7895,5.2632,2.0
123869,글렌알라키 18년 700ml,양주와인>양주>위스키,양주와인,양주,위스키,사전예약,19,17,26.0,13,1,0,5,0,0,2025-04-08,2025-04-30,440000.0,1,5,26,7.6923,38.4615,7.6923,1.5294
161264,팔도)뽀로로밀크235ml,음료>주스>주스(중),음료,주스,주스(중),당일픽업,18,11,26.0,14,4,0,0,0,0,2025-04-03,2025-04-30,1600.0,4,0,26,28.5714,0.0,28.5714,2.3636
113153,글렌알라키 싱글몰트위스키 10년 스패니시 오크 700ml,양주와인>양주>위스키,양주와인,양주,위스키,사전예약,25,21,26.0,24,0,0,1,0,0,2025-04-01,2025-04-27,209000.0,0,1,26,0.0,4.1667,0.0,1.2381
073724,PB)촉촉닭안심바바질80g,냉장>냉장간식>냉장 프로틴,냉장,냉장간식,냉장 프로틴,당일픽업,22,16,26.0,17,2,1,2,0,0,2025-04-01,2025-04-25,2900.0,1,2,26,11.7647,11.7647,5.8824,1.625
109635,골든)골든블루쿼츠700ml,양주와인>양주>위스키,양주와인,양주,위스키,당일픽업,24,11,26.0,20,1,0,2,1,0,2025-04-02,2025-04-27,34900.0,1,1,26,5.0,10.0,5.0,2.3636
123417,피치)체리쉬망고젤리64g,과자>젤리류>수입젤리,과자,젤리류,수입젤리,당일픽업,22,8,26.0,17,2,1,2,0,0,2025-04-02,2025-04-30,1800.0,1,2,26,11.7647,11.7647,5.8824,3.25
124431,피치)트위젤미니츄블루베리맛28g,과자>캔디류>소프트캔디,과자,캔디류,소프트캔디,당일픽업,18,7,26.0,12,5,1,0,0,0,2025-04-04,2025-04-29,800.0,4,0,26,41.6667,0.0,33.3333,3.7143
108549,피치)까먹는곰모양젤리(샤인)40g,과자>젤리류>수입젤리,과자,젤리류,수입젤리,교환권,19,12,26.0,13,4,1,1,0,0,2025-04-01,2025-04-28,2500.0,3,1,26,30.7692,7.6923,23.0769,2.1667
105148,PB)제주천혜향에이드230ml,즉석음료>파우치>아이스티,즉석음료,파우치,아이스티,당일픽업,23,11,26.0,17,3,2,1,0,0,2025-04-02,2025-04-28,1300.0,1,1,26,17.6471,5.8824,5.8824,2.3636
141293,CJ)김치날치알밥(컵반),가공식품>가공미반류>즉석컵밥,가공식품,가공미반류,즉석컵밥,당일픽업,18,7,26.0,12,5,1,0,0,0,2025-04-02,2025-04-30,4800.0,4,0,26,41.6667,0.0,33.3333,3.7143
115565,노마드 아웃랜드,양주와인>양주>위스키,양주와인,양주,위스키,사전예약,21,13,26.0,15,2,1,3,0,0,2025-04-01,2025-04-29,69900.0,1,3,26,13.3333,20.0,6.6667,2.0
124791,해태)후렌치파이매실맛192g,과자>비스킷류>파이,과자,비스킷류,파이,당일픽업,20,12,26.0,13,5,2,0,0,0,2025-04-03,2025-04-30,4200.0,3,0,26,38.4615,0.0,23.0769,2.1667
112107,롯데)자일리톨오리지날23g,과자>껌>케이스껌,과자,껌,케이스껌,당일픽업,16,6,26.0,11,5,0,0,0,0,2025-04-05,2025-04-28,1200.0,5,0,26,45.4545,0.0,45.4545,4.3333
123986,다카라 후라노 멜론(여름추천),전통주>기타전통주>청주,전통주,기타전통주,청주,사전예약,24,22,26.0,20,1,0,2,1,0,2025-04-08,2025-04-30,43000.0,1,1,26,5.0,10.0,5.0,1.1818
600259,농심)멘토스민트(피치)21g,과자>캔디류>기능성캔디,과자,캔디류,기능성캔디,당일픽업,22,11,26.0,20,2,0,0,0,0,2025-04-01,2025-04-20,2000.0,2,0,26,10.0,0.0,10.0,2.3636
601085,롯데)도리토스치즈(대용량)172g,과자>스낵류>옥수수스낵,과자,스낵류,옥수수스낵,당일픽업,25,16,26.0,24,0,0,1,0,0,2025-04-07,2025-04-27,3400.0,0,1,26,0.0,4.1667,0.0,1.625
161770,정화)허니버터오징어52g,안주>오징어>오징어,안주,오징어,오징어,당일픽업,18,9,26.0,11,4,1,2,0,0,2025-04-05,2025-04-16,7200.0,3,2,26,36.3636,18.1818,27.2727,2.8889
191928,제이스)발두지화이트750ml,양주와인>와인>화이트,양주와인,와인,화이트,당일픽업,22,16,26.0,20,2,0,0,0,0,2025-04-01,2025-04-30,8900.0,2,0,26,10.0,0.0,10.0,1.625
123557,SAMG)하츄핑의4D젤리42g,과자>젤리류>국산젤리,과자,젤리류,국산젤리,당일픽업,18,8,26.0,12,5,1,0,0,0,2025-04-02,2025-04-30,2500.0,4,0,26,41.6667,0.0,33.3333,3.25
115472,탐나불린 저먼피노누아 700ml,양주와인>양주>위스키,양주와인,양주,위스키,사전예약,25,18,26.0,22,1,1,1,0,0,2025-04-01,2025-04-28,55900.0,0,1,26,4.5455,4.5455,0.0,1.4444
124581,동강더덕주미니어처100ml(3입),전통주>기타전통주>기타,전통주,기타전통주,기타,사전예약,23,17,26.0,19,2,0,1,1,0,2025-04-01,2025-04-27,9000.0,2,0,26,10.5263,5.2632,10.5263,1.5294
160661,호연)꿀물180ml,음료>전통음료>전통음료(소),음료,전통음료,전통음료(소),당일픽업,19,7,26.0,11,5,2,1,0,0,2025-04-03,2025-04-30,1600.0,3,1,26,45.4545,9.0909,27.2727,3.7143
124520,카브루)리얼자몽하이볼355ml캔,양주와인>하이볼>국산하이볼,양주와인,하이볼,국산하이볼,당일픽업,24,17,26.0,21,2,1,0,0,0,2025-04-03,2025-04-30,4000.0,1,0,26,9.5238,0.0,4.7619,1.5294
106196,PB)초코쿠키파르페340ml,아이스크림>노벨티>컵,아이스크림,노벨티,컵,당일픽업,24,17,26.0,18,2,2,2,0,0,2025-04-02,2025-04-25,3500.0,0,2,26,11.1111,11.1111,0.0,1.5294
071565,장충동)슬라이스족발425g,냉장>냉장안주>족발/순대,냉장,냉장안주,족발/순대,당일픽업,20,5,26.0,15,4,1,0,0,0,2025-04-01,2025-04-17,11000.0,3,0,26,26.6667,0.0,20.0,5.2
200842,칠성)쌕쌕오렌지240ml,음료>주스>주스(소캔),음료,주스,주스(소캔),당일픽업,19,10,26.0,15,3,0,1,0,0,2025-04-01,2025-04-20,1200.0,3,1,26,20.0,6.6667,20.0,2.6
105157,칠성)칸타타스윗아메리카노제로320ml,즉석음료>파우치>아이스커피,즉석음료,파우치,아이스커피,당일픽업,18,10,26.0,10,6,2,0,0,0,2025-04-05,2025-04-28,1700.0,4,0,26,60.0,0.0,40.0,2.6
324113,티머니)전국교통카드(그레이)_통,서비스 상품>일반서비스>교통카드판매,서비스 상품,일반서비스,교통카드판매,당일픽업,22,14,26.0,19,1,0,2,0,0,2025-04-03,2025-04-30,3000.0,1,2,26,5.2632,10.5263,5.2632,1.8571
123874,러셀 리저브 싱글배럴 라이,양주와인>양주>위스키,양주와인,양주,위스키,사전예약,24,22,26.0,19,0,0,4,1,0,2025-04-02,2025-04-29,139000.0,0,3,26,0.0,21.0526,0.0,1.1818
202468,웅진)옥수수수염차500ml,음료>차음료>옥수수차,음료,차음료,옥수수차,당일픽업,17,9,26.0,9,4,1,3,0,0,2025-04-04,2025-04-30,2200.0,3,3,26,44.4444,33.3333,33.3333,2.8889
600591,PB)이브이초코칩쿠키132g,과자>스낵류>일반스낵,과자,스낵류,일반스낵,교환권,21,13,26.0,16,3,1,1,0,0,2025-04-01,2025-04-25,2000.0,2,1,26,18.75,6.25,12.5,2.0
140724,오뚜기)전복죽285g,가공식품>가공미반류>죽,가공식품,가공미반류,죽,당일픽업,19,9,26.0,15,3,0,1,0,0,2025-04-04,2025-04-29,4500.0,3,1,26,20.0,6.6667,20.0,2.8889
108320,삼양)스틱불닭소스16g,조미료/건물>소스류>드레싱/디핑소스,조미료/건물,소스류,드레싱/디핑소스,교환권,20,14,26.0,16,2,0,2,0,0,2025-04-02,2025-04-30,700.0,2,2,26,12.5,12.5,12.5,1.8571
105774,PB)카덴카키아게우동228g,냉장>냉장간편식>냉장면,냉장,냉장간편식,냉장면,교환권,20,15,26.0,16,2,0,2,0,0,2025-04-03,2025-04-30,4500.0,2,2,26,12.5,12.5,12.5,1.7333
105859,삼립)미각바닐라카스테라롤128g,빵>간식빵>과자빵,빵,간식빵,과자빵,당일픽업,22,14,26.0,17,2,0,2,1,0,2025-04-01,2025-04-30,2500.0,2,1,26,11.7647,11.7647,11.7647,1.8571
124881,토트넘 No.7 백마킹 화이트 티셔츠_100,패션잡화>시즌/소품>기타,패션잡화,시즌/소품,기타,사전예약,23,18,26.0,21,1,0,1,0,0,2025-04-01,2025-04-09,55200.0,1,1,26,4.7619,4.7619,4.7619,1.4444
124293,일신)캇예스프레드페르켈175g,과자>젤리류>수입젤리,과자,젤리류,수입젤리,당일픽업,25,13,26.0,22,1,1,1,0,0,2025-04-06,2025-04-29,6000.0,0,1,26,4.5455,4.5455,0.0,2.0
124663,코카)몬스터스트로베리355ml,음료>기능성드링크>에너지음료,음료,기능성드링크,에너지음료,당일픽업,16,6,26.0,9,6,1,0,0,0,2025-04-04,2025-04-30,2300.0,5,0,26,66.6667,0.0,55.5556,4.3333
107814,K리그산리오)인형 키링_케로케로피,문구/완구>일반완구>일반완구,문구/완구,일반완구,일반완구,당일픽업,23,13,26.0,21,1,0,1,0,0,2025-04-01,2025-04-29,15000.0,1,1,26,4.7619,4.7619,4.7619,2.0
362322,LG)세꼼마버블항균핸드워시250_H,H&B>화장비누/바디클렌저>액체비누,H&B,화장비누/바디클렌저,액체비누,당일픽업,18,5,26.0,12,5,1,0,0,0,2025-04-13,2025-04-28,7900.0,4,0,26,41.6667,0.0,33.3333,5.2
114680,톨라이니 끼안티 클라시코 DOCG 750ml,양주와인>와인>레드,양주와인,와인,레드,사전예약,25,20,26.0,22,1,0,1,1,0,2025-04-01,2025-04-30,32800.0,1,0,26,4.5455,4.5455,4.5455,1.3
201300,동서)TOP(더블랙)200ml,음료>커피음료>캔커피(일반),음료,커피음료,캔커피(일반),당일픽업,19,9,26.0,11,5,2,1,0,0,2025-04-01,2025-04-30,1500.0,3,1,26,45.4545,9.0909,27.2727,2.8889
124152,티젠)애플사이다비니거10T,건강/기호식품>차>분말차류,건강/기호식품,차,분말차류,당일픽업,20,6,26.0,15,4,1,0,0,0,2025-04-06,2025-04-28,8000.0,3,0,26,26.6667,0.0,20.0,4.3333
362559,LG)엘라스틴프로틴샴푸480ml_H,H&B>샴푸/린스>샴푸,H&B,샴푸/린스,샴푸,당일픽업,19,10,25.0,14,4,1,0,0,0,2025-04-02,2025-04-30,12900.0,3,0,25,28.5714,0.0,21.4286,2.5
124873,맨시티 메신저백,패션잡화>시즌/소품>기타,패션잡화,시즌/소품,기타,사전예약,25,22,25.0,23,1,1,0,0,0,2025-04-01,2025-04-12,53100.0,0,0,25,4.3478,0.0,0.0,1.1364
391031,LG)쏘피유기농100%무표백중형4P,위생용품>생리대>4P,위생용품,생리대,4P,당일픽업,20,13,25.0,17,2,0,1,0,0,2025-04-01,2025-04-25,3400.0,2,1,25,11.7647,5.8824,11.7647,1.9231
062478,비알)이상한나라솜사탕우유190ml,유음료>가공우유>기타,유음료,가공우유,기타,당일픽업,18,9,25.0,12,4,1,1,0,0,2025-04-01,2025-04-28,1500.0,3,1,25,33.3333,8.3333,25.0,2.7778
070729,매일)바리스타스모키250ml,유음료>컵커피>300ml 미만,유음료,컵커피,300ml 미만,당일픽업,17,8,25.0,13,4,0,0,0,0,2025-04-01,2025-04-23,2900.0,4,0,25,30.7692,0.0,30.7692,3.125
106873,오리온)스윙칩양파크림치즈50g,과자>스낵류>감자스낵,과자,스낵류,감자스낵,당일픽업,19,8,25.0,9,5,2,2,1,0,2025-04-02,2025-04-28,1700.0,3,1,25,55.5556,22.2222,33.3333,3.125
123693,G)스틱휘낭시에레몬티39g,빵>구움과자>구움과자,빵,구움과자,구움과자,당일픽업,18,13,25.0,11,3,1,3,0,0,2025-04-03,2025-04-24,2800.0,2,3,25,27.2727,27.2727,18.1818,1.9231
200408,롯데)옐로우테일샤도네750ml,양주와인>와인>화이트,양주와인,와인,화이트,당일픽업,18,11,25.0,14,3,0,1,0,0,2025-04-01,2025-04-30,17000.0,3,1,25,21.4286,7.1429,21.4286,2.2727
831349,칠성)2%부족할때복숭아240ml,음료>스포츠음료>스포츠음료(소),음료,스포츠음료,스포츠음료(소),당일픽업,15,8,25.0,10,5,0,0,0,0,2025-04-01,2025-04-28,1200.0,5,0,25,50.0,0.0,50.0,3.125
118129,예스)트롤리지구젤리18g,과자>젤리류>수입젤리,과자,젤리류,수입젤리,당일픽업,15,7,25.0,10,5,0,0,0,0,2025-04-09,2025-04-30,1000.0,5,0,25,50.0,0.0,50.0,3.5714
132546,PB)#대파라면큰컵,면>용기면>라면(대형컵),면,용기면,라면(대형컵),교환권,18,10,25.0,11,3,0,3,1,0,2025-04-03,2025-04-29,1900.0,3,2,25,27.2727,27.2727,27.2727,2.5
170497,오비)필굿500ml캔,맥주>국산맥주>캔맥주(중),맥주,국산맥주,캔맥주(중),당일픽업,20,7,25.0,11,5,3,1,0,0,2025-04-07,2025-04-28,1750.0,2,1,25,45.4545,9.0909,18.1818,3.5714
073610,흥생)구데타마반숙란3입,냉장>냉장간식>삶은계란,냉장,냉장간식,삶은계란,당일픽업,24,2,25.0,17,3,2,1,1,0,2025-04-19,2025-04-30,3400.0,1,0,25,17.6471,5.8824,5.8824,12.5
141244,오뚜기)오곡밥210g,가공식품>가공미반류>즉석밥,가공식품,가공미반류,즉석밥,교환권,18,9,25.0,12,4,1,1,0,0,2025-04-02,2025-04-28,2700.0,3,1,25,33.3333,8.3333,25.0,2.7778
107479,PB)빵빵이의떡볶이~!(보통맛),냉장>냉장간편식>냉장떡볶이,냉장,냉장간편식,냉장떡볶이,당일픽업,27,21,25.0,23,0,0,2,2,0,2025-04-01,2025-04-29,3000.0,0,0,25,0.0,8.6957,0.0,1.1905
124541,칠성사이다490ml,음료>탄산음료>사이다(중),음료,탄산음료,사이다(중),당일픽업,19,6,25.0,12,5,2,0,0,0,2025-04-07,2025-04-24,2300.0,3,0,25,41.6667,0.0,25.0,4.1667
240013,CJ)백설다목적밀가루1kg,조미료/건물>분말가루>밀가루/프리믹스,조미료/건물,분말가루,밀가루/프리믹스,당일픽업,20,12,25.0,13,4,2,1,0,0,2025-04-04,2025-04-29,2200.0,2,1,25,30.7692,7.6923,15.3846,2.0833
062564,일동)하이뮨액티브커피250ml,유음료>프로틴 음료>250ml 이상 ,유음료,프로틴 음료,250ml 이상 ,당일픽업,18,8,25.0,14,3,0,1,0,0,2025-04-12,2025-04-30,2900.0,3,1,25,21.4286,7.1429,21.4286,3.125
124383,대림)안심닭가슴살(마일드)100g,냉장>냉장간식>냉장 프로틴,냉장,냉장간식,냉장 프로틴,당일픽업,19,11,25.0,16,3,0,0,0,0,2025-04-03,2025-04-26,4500.0,3,0,25,18.75,0.0,18.75,2.2727
106529,마라순살꼬치,즉석 식품>즉석치킨>꼬치류,즉석 식품,즉석치킨,꼬치류,당일픽업,20,12,25.0,13,4,2,1,0,0,2025-04-01,2025-04-28,2100.0,2,1,25,30.7692,7.6923,15.3846,2.0833
180639,진로)참이슬오리지날360ml병,전통주>소주>병소주,전통주,소주,병소주,당일픽업,19,6,25.0,10,6,3,0,0,0,2025-04-11,2025-04-30,1900.0,3,0,25,60.0,0.0,30.0,4.1667
161739,PB)오늘의견과25g,안주>너트류>봉지너트,안주,너트류,봉지너트,당일픽업,19,9,25.0,12,5,1,0,1,0,2025-04-02,2025-04-29,1500.0,4,-1,25,41.6667,0.0,33.3333,2.7778
119873,해태)자두캔디2000,과자>캔디류>봉지캔디,과자,캔디류,봉지캔디,당일픽업,19,4,25.0,8,7,4,0,0,0,2025-04-06,2025-04-26,2000.0,3,0,25,87.5,0.0,37.5,6.25
106537,던킨)화이트피치홍차제로500ml,음료>차음료>기타차,음료,차음료,기타차,당일픽업,19,10,25.0,13,3,1,2,0,0,2025-04-01,2025-04-24,2200.0,2,2,25,23.0769,15.3846,15.3846,2.5
124878,토트넘 No.7 마킹 네이비 티셔츠_100,패션잡화>시즌/소품>기타,패션잡화,시즌/소품,기타,사전예약,23,18,25.0,22,1,0,0,0,0,2025-04-01,2025-04-11,55200.0,1,0,25,4.5455,0.0,4.5455,1.3889
108819,PB)여행용티슈70매,위생용품>티슈>여행용티슈,위생용품,티슈,여행용티슈,당일픽업,17,8,25.0,10,4,1,2,0,0,2025-04-01,2025-04-30,1100.0,3,2,25,40.0,20.0,30.0,3.125
062348,이디야)토피넛라떼300ml,유음료>컵커피>300ml 이상,유음료,컵커피,300ml 이상,당일픽업,20,9,25.0,13,4,2,1,0,0,2025-04-02,2025-04-30,3200.0,2,1,25,30.7692,7.6923,15.3846,2.7778
181002,준마이긴죠아카후지720ml,전통주>기타전통주>중국/일본주,전통주,기타전통주,중국/일본주,사전예약,23,17,25.0,19,1,0,2,1,0,2025-04-02,2025-04-30,33000.0,1,1,25,5.2632,10.5263,5.2632,1.4706
315381,B)글로 하이퍼 에어(오션블루),담배>전자담배>전자담배(BAT 글로),담배,전자담배,전자담배(BAT 글로),당일픽업,19,6,25.0,16,3,0,0,0,0,2025-04-25,2025-04-30,19900.0,3,0,25,18.75,0.0,18.75,4.1667
140877,오뚜기)영양닭죽285g,가공식품>가공미반류>죽,가공식품,가공미반류,죽,교환권,15,5,25.0,10,5,0,0,0,0,2025-04-01,2025-04-26,4500.0,5,0,25,50.0,0.0,50.0,5.0
162397,PB)고구마씬스틱50g,안주>농산안주>농산물,안주,농산안주,농산물,교환권,18,11,25.0,14,3,0,1,0,0,2025-04-05,2025-04-24,2000.0,3,1,25,21.4286,7.1429,21.4286,2.2727
211384,빙그레)떡붕어싸만코150ml,아이스크림>노벨티>모나카,아이스크림,노벨티,모나카,당일픽업,17,11,25.0,10,4,1,2,0,0,2025-04-04,2025-04-30,2500.0,3,2,25,40.0,20.0,30.0,2.2727
123464,알타비스타 엑스트라 브륏 블랑 드 블랑 NV,양주와인>와인>스파클링(샴페인),양주와인,와인,스파클링(샴페인),사전예약,24,19,25.0,23,0,0,1,0,0,2025-04-01,2025-04-30,36900.0,0,1,25,0.0,4.3478,0.0,1.3158
118333,드림)프란찌요거트초코쿠키58g,과자>비스킷류>쿠키,과자,비스킷류,쿠키,교환권,23,9,25.0,14,2,2,4,1,0,2025-04-05,2025-04-30,2000.0,0,3,25,14.2857,28.5714,0.0,2.7778
180035,오비)카스355ml캔,맥주>국산맥주>캔맥주(소),맥주,국산맥주,캔맥주(소),당일픽업,20,9,25.0,15,3,1,1,0,0,2025-04-03,2025-04-29,2500.0,2,1,25,20.0,6.6667,13.3333,2.7778
124703,MDS)스틱참치마요50g,간식>샐러드(삭제예정)>조리샐러드(삭제예정),간식,샐러드(삭제예정),조리샐러드(삭제예정),당일픽업,21,13,25.0,17,3,1,0,0,0,2025-04-05,2025-04-28,1300.0,2,0,25,17.6471,0.0,11.7647,1.9231
072631,한성)몬스터크랩72g,냉장>냉장간식>맛살,냉장,냉장간식,맛살,당일픽업,19,10,25.0,11,4,1,2,1,0,2025-04-07,2025-04-29,2900.0,3,1,25,36.3636,18.1818,27.2727,2.5
107225,뉴트)비비랩밀크씨슬파워샷20ml,건강/기호식품>건강/이너뷰티>일반건강식품 ,건강/기호식품,건강/이너뷰티,일반건강식품 ,당일픽업,22,15,25.0,18,2,1,1,0,0,2025-04-02,2025-04-30,3900.0,1,1,25,11.1111,5.5556,5.5556,1.6667
106953,티젠)콤부차매실10T,건강/기호식품>차>분말차류,건강/기호식품,차,분말차류,당일픽업,19,10,25.0,14,4,1,0,0,0,2025-04-01,2025-04-23,8000.0,3,0,25,28.5714,0.0,21.4286,2.5
111272,해태)연양갱,과자>캔디류>소프트캔디,과자,캔디류,소프트캔디,교환권,15,6,25.0,10,5,0,0,0,0,2025-04-01,2025-04-26,900.0,5,0,25,50.0,0.0,50.0,4.1667
061520,덴마크)대니쉬우유900ml*2입,유음료>흰우유>흰우유(대),유음료,흰우유,흰우유(대),당일픽업,24,8,25.0,20,0,0,3,1,0,2025-04-03,2025-04-24,5750.0,0,2,25,0.0,15.0,0.0,3.125
107206,바프)추억의땅콩믹스120g,안주>너트류>봉지너트,안주,너트류,봉지너트,당일픽업,19,11,25.0,14,4,1,0,0,0,2025-04-04,2025-04-29,2900.0,3,0,25,28.5714,0.0,21.4286,2.2727
092392,돌코리아)후룻컵복숭아198g,신선>과일>가공과일,신선,과일,가공과일,당일픽업,21,5,25.0,17,3,1,0,0,0,2025-04-09,2025-04-24,3200.0,2,0,25,17.6471,0.0,11.7647,5.0
105364,올리)순얼음1kg,즉석음료>얼음>대용량얼음,즉석음료,얼음,대용량얼음,당일픽업,19,9,25.0,10,6,3,0,0,0,2025-04-07,2025-04-20,2200.0,3,0,25,60.0,0.0,30.0,2.7778
106732,PB)오늘도쫄깃베이글플레인115g,간식>냉장간식>냉장간식,간식,냉장간식,냉장간식,당일픽업,22,12,25.0,16,3,2,1,0,0,2025-04-01,2025-04-24,2900.0,1,1,25,18.75,6.25,6.25,2.0833
113192,크라운)카라멜콘메이플1500,과자>스낵류>옥수수스낵,과자,스낵류,옥수수스낵,교환권,18,12,25.0,14,3,0,1,0,0,2025-04-01,2025-04-29,1500.0,3,1,25,21.4286,7.1429,21.4286,2.0833
170083,광동)진쌍화１００ＭＬ,음료>기능성드링크>건강음료,음료,기능성드링크,건강음료,당일픽업,15,6,25.0,10,5,0,0,0,0,2025-04-05,2025-04-28,1400.0,5,0,25,50.0,0.0,50.0,4.1667
124631,나무)드럼스틱모양젤리(바나나&블루베리)50g,과자>젤리류>수입젤리,과자,젤리류,수입젤리,당일픽업,21,14,25.0,19,2,0,0,0,0,2025-04-03,2025-04-29,2000.0,2,0,25,10.5263,0.0,10.5263,1.7857
807807,엠즈)삿포로350ml캔,맥주>수입맥주>캔맥주(소),맥주,수입맥주,캔맥주(소),당일픽업,20,13,24.0,16,3,1,0,0,0,2025-04-02,2025-04-26,3500.0,2,0,24,18.75,0.0,12.5,1.8462
124068,CJ)맥스봉오리지널70g,냉장>냉장간식>간식/소시지,냉장,냉장간식,간식/소시지,당일픽업,16,7,24.0,12,4,0,0,0,0,2025-04-05,2025-04-29,2600.0,4,0,24,33.3333,0.0,33.3333,3.4286
180208,롯데)처음처럼640ml페트,전통주>소주>페트소주,전통주,소주,페트소주,당일픽업,18,6,24.0,11,5,2,0,0,0,2025-04-02,2025-04-28,3300.0,3,0,24,45.4545,0.0,27.2727,4.0
106861,빙그레)더단백딸기250ml,유음료>프로틴 음료>250ml 이상 ,유음료,프로틴 음료,250ml 이상 ,당일픽업,19,11,24.0,12,4,2,1,0,0,2025-04-05,2025-04-25,2900.0,2,1,24,33.3333,8.3333,16.6667,2.1818
109659,크라운)콘칩(대)148g,과자>스낵류>옥수수스낵,과자,스낵류,옥수수스낵,당일픽업,20,12,24.0,16,3,1,0,0,0,2025-04-04,2025-04-29,3000.0,2,0,24,18.75,0.0,12.5,2.0
391069,유한)좋은느낌좋은순면수퍼롱10P,위생용품>생리대>대형,위생용품,생리대,대형,당일픽업,20,10,24.0,18,2,0,0,0,0,2025-04-10,2025-04-30,10400.0,2,0,24,11.1111,0.0,11.1111,2.4
073363,고래사)어묵탕(시원한맛)360g,냉장>냉장간편식>반찬/국탕류,냉장,냉장간편식,반찬/국탕류,당일픽업,17,8,24.0,11,4,0,1,1,0,2025-04-06,2025-04-26,3900.0,4,0,24,36.3636,9.0909,36.3636,3.0
124794,PB)직화뼈없는불닭발200g,냉장>냉장안주>치킨안주,냉장,냉장안주,치킨안주,당일픽업,24,9,24.0,19,1,1,2,1,0,2025-04-03,2025-04-28,8900.0,0,1,24,5.2632,10.5263,0.0,2.6667
106852,브라운)잭다니엘스애플200ml,양주와인>양주>기타양주,양주와인,양주,기타양주,당일픽업,23,18,24.0,22,0,0,1,0,0,2025-04-04,2025-04-26,17900.0,0,1,24,0.0,4.5455,0.0,1.3333
109786,엠즈)밤티라미수120g,디저트>냉장베이커리>조각케익,디저트,냉장베이커리,조각케익,당일픽업,18,12,24.0,14,2,0,2,0,0,2025-04-01,2025-04-25,4900.0,2,2,24,14.2857,14.2857,14.2857,2.0
391040,깨끗한)디어스킨에어엠보중형16P,위생용품>생리대>중형,위생용품,생리대,중형,당일픽업,19,8,24.0,15,1,0,3,0,0,2025-04-04,2025-04-27,8100.0,1,3,24,6.6667,20.0,6.6667,3.0
111616,롯데)해바라기초코볼30g,과자>초콜릿>어린이초콜릿,과자,초콜릿,어린이초콜릿,당일픽업,19,9,24.0,12,4,2,1,0,0,2025-04-01,2025-04-30,2000.0,2,1,24,33.3333,8.3333,16.6667,2.6667
109136,덴마크)소화가잘되는초코190ml,유음료>가공우유>초코우유,유음료,가공우유,초코우유,당일픽업,18,10,24.0,11,5,2,0,0,0,2025-04-03,2025-04-30,1500.0,3,0,24,45.4545,0.0,27.2727,2.4
124697,연세)검은콩고칼슘두유190ml,유음료>두유>팩두유,유음료,두유,팩두유,당일픽업,18,11,24.0,13,4,1,0,0,0,2025-04-04,2025-04-30,1500.0,3,0,24,30.7692,0.0,23.0769,2.1818
141691,동원)매운고추참치90g,가공식품>캔>참치캔,가공식품,캔,참치캔,당일픽업,20,13,24.0,16,3,1,0,0,0,2025-04-01,2025-04-25,3300.0,2,0,24,18.75,0.0,12.5,1.8462
600912,MZ)호올스블루베리27.9g,과자>캔디류>기능성캔디,과자,캔디류,기능성캔디,당일픽업,17,8,24.0,9,5,2,1,0,0,2025-04-03,2025-04-30,1000.0,3,1,24,55.5556,11.1111,33.3333,3.0
030658,훈스)빅콘치즈피자빵100g,간식>냉장피자>냉장피자,간식,냉장피자,냉장피자,당일픽업,21,14,24.0,15,3,2,1,0,0,2025-04-07,2025-04-29,2000.0,1,1,24,20.0,6.6667,6.6667,1.7143
162188,정화)세가지맛오징어36g,안주>오징어>오징어,안주,오징어,오징어,교환권,14,5,24.0,8,4,0,2,0,0,2025-04-01,2025-04-25,6900.0,4,2,24,50.0,25.0,50.0,4.8
190983,나라)몬테스클래식샤도네이750ml,양주와인>와인>화이트,양주와인,와인,화이트,당일픽업,25,11,24.0,23,0,0,1,1,0,2025-04-01,2025-04-30,21900.0,0,0,24,0.0,4.3478,0.0,2.1818
107203,우진)조셉페리에로얄브뤼750ml,양주와인>와인>스파클링(샴페인),양주와인,와인,스파클링(샴페인),당일픽업,23,17,24.0,22,0,0,1,0,0,2025-04-01,2025-04-30,74900.0,0,1,24,0.0,4.5455,0.0,1.4118
107246,PB)착한청사과에이드320ml,즉석음료>파우치>아이스티,즉석음료,파우치,아이스티,당일픽업,15,8,24.0,7,4,1,3,0,0,2025-04-07,2025-04-30,900.0,3,3,24,57.1429,42.8571,42.8571,3.0
109522,삼립)멸치칼국수182g,냉장>냉장간편식>냉장면,냉장,냉장간편식,냉장면,당일픽업,23,8,24.0,16,3,2,1,1,0,2025-04-10,2025-04-29,3800.0,1,0,24,18.75,6.25,6.25,3.0
124686,나무)드럼스틱모양젤리(딸기&밀크)50g,과자>젤리류>수입젤리,과자,젤리류,수입젤리,당일픽업,21,15,24.0,16,1,0,3,1,0,2025-04-03,2025-04-30,2000.0,1,2,24,6.25,18.75,6.25,1.6
191939,JD라포레 부르고뉴 블랑,양주와인>와인>화이트,양주와인,와인,화이트,사전예약,19,12,24.0,16,2,0,1,0,0,2025-04-05,2025-04-29,34900.0,2,1,24,12.5,6.25,12.5,2.0
124385,대림)스노우크랩킹140g ,냉장>냉장간식>맛살,냉장,냉장간식,맛살,당일픽업,16,7,24.0,9,4,0,2,1,0,2025-04-08,2025-04-25,5000.0,4,1,24,44.4444,22.2222,44.4444,3.4286
601413,스위트)알포트미니딸기초콜릿55g,과자>초콜릿>판초콜릿,과자,초콜릿,판초콜릿,당일픽업,20,14,24.0,14,1,0,4,1,0,2025-04-06,2025-04-30,3500.0,1,3,24,7.1429,28.5714,7.1429,1.7143
123347,라포스톨-달라멜 까베르네 소비뇽,양주와인>와인>레드,양주와인,와인,레드,사전예약,18,9,24.0,15,3,0,0,0,0,2025-04-06,2025-04-27,13900.0,3,0,24,20.0,0.0,20.0,2.6667
192543,제이콥스크릭클래식쉬라즈,양주와인>와인>레드,양주와인,와인,레드,사전예약,20,15,24.0,17,1,0,2,0,0,2025-04-03,2025-04-18,16800.0,1,2,24,5.8824,11.7647,5.8824,1.6
113149,글렌알라키 와인캐스크피니쉬 9년 도우로밸리 700ml,양주와인>양주>위스키,양주와인,양주,위스키,사전예약,24,21,24.0,21,0,0,2,1,0,2025-04-01,2025-04-26,152000.0,0,1,24,0.0,9.5238,0.0,1.1429
124604,추사40도500ml,전통주>기타전통주>기타,전통주,기타전통주,기타,사전예약,22,20,24.0,20,0,0,2,0,0,2025-04-01,2025-04-29,67000.0,0,2,24,0.0,10.0,0.0,1.2
109790,PB)훈제메추리알쏙쏙5입,냉장>냉장간식>삶은계란,냉장,냉장간식,삶은계란,당일픽업,21,9,24.0,10,4,2,3,2,0,2025-04-03,2025-04-30,2000.0,2,1,24,40.0,30.0,20.0,2.6667
124231,메이커스 마크,양주와인>양주>위스키,양주와인,양주,위스키,사전예약,18,17,24.0,13,1,0,4,0,0,2025-04-02,2025-04-29,68000.0,1,4,24,7.6923,30.7692,7.6923,1.4118
601028,해태)버터링딥카페103g,과자>비스킷류>쿠키,과자,비스킷류,쿠키,교환권,17,10,24.0,12,2,0,3,0,0,2025-04-01,2025-04-30,3000.0,2,3,24,16.6667,25.0,16.6667,2.4
381658,남영)비비안스타킹2족입(살구)_H,패션잡화>스타킹>팬티스타킹,패션잡화,스타킹,팬티스타킹,당일픽업,17,7,24.0,9,5,2,1,0,0,2025-04-04,2025-04-30,5500.0,3,1,24,55.5556,11.1111,33.3333,3.4286
201488,동서)TOP더블랙380ml,음료>커피음료>캔커피(보틀),음료,커피음료,캔커피(보틀),당일픽업,19,7,24.0,12,4,2,1,0,0,2025-04-01,2025-04-27,3300.0,2,1,24,33.3333,8.3333,16.6667,3.4286
201051,오츠카)나랑드사이다245ml,음료>탄산음료>제로탄산,음료,탄산음료,제로탄산,당일픽업,20,8,24.0,12,5,3,0,0,0,2025-04-02,2025-04-28,1500.0,2,0,24,41.6667,0.0,16.6667,3.0
601115,PB)을지로약과팝콘80g,과자>스낵류>옥수수스낵,과자,스낵류,옥수수스낵,당일픽업,22,16,24.0,18,1,1,2,0,0,2025-04-01,2025-04-30,1700.0,0,2,24,5.5556,11.1111,0.0,1.5
180159,오비)카스라이트355ml캔,맥주>국산맥주>캔맥주(소),맥주,국산맥주,캔맥주(소),당일픽업,18,10,24.0,15,3,0,0,0,0,2025-04-05,2025-04-30,2500.0,3,0,24,20.0,0.0,20.0,2.4
108602,네슬레)폴로오리지널30g,과자>캔디류>봉지캔디,과자,캔디류,봉지캔디,당일픽업,14,4,24.0,9,5,0,0,0,0,2025-04-09,2025-04-29,1800.0,5,0,24,55.5556,0.0,55.5556,6.0
170761,하이네)하이네켄실버500ml캔,맥주>수입맥주>캔맥주(중),맥주,수입맥주,캔맥주(중),당일픽업,20,7,24.0,13,3,2,2,0,0,2025-04-03,2025-04-28,4900.0,1,2,24,23.0769,15.3846,7.6923,3.4286
116078,미성)허쉬초코칩싱글쿠키50g,과자>비스킷류>쿠키,과자,비스킷류,쿠키,당일픽업,17,8,24.0,13,3,0,1,0,0,2025-04-05,2025-04-22,2000.0,3,1,24,23.0769,7.6923,23.0769,3.0
191072,하이트)써머스비500ml캔,양주와인>리쿼>리쿼,양주와인,리쿼,리쿼,당일픽업,21,11,24.0,15,3,2,1,0,0,2025-04-01,2025-04-30,4500.0,1,1,24,20.0,6.6667,6.6667,2.1818
141730,CJ)소고기듬뿍미역국460g,가공식품>상온간편식>레토르트 국탕찌개,가공식품,상온간편식,레토르트 국탕찌개,당일픽업,22,13,24.0,18,1,1,2,0,0,2025-04-01,2025-04-29,9900.0,0,2,24,5.5556,11.1111,0.0,1.8462
109927,앱솔루트 앤디워홀 700ml,양주와인>양주>위스키,양주와인,양주,위스키,사전예약,23,20,24.0,22,0,0,1,0,0,2025-04-01,2025-04-27,34000.0,0,1,24,0.0,4.5455,0.0,1.2
108969,올덴)화롯불 핫팩 메가형_H,약품/의료품>의약외품>핫팩/쿨팩,약품/의료품,의약외품,핫팩/쿨팩,당일픽업,23,16,24.0,22,0,0,1,0,0,2025-04-01,2025-04-25,1600.0,0,1,24,0.0,4.5455,0.0,1.5
121777,티젠)콤부차10입,건강/기호식품>차>분말차류,건강/기호식품,차,분말차류,당일픽업,18,10,24.0,14,2,0,2,0,0,2025-04-03,2025-04-28,8000.0,2,2,24,14.2857,14.2857,14.2857,2.4
124265,"3월 삼각김밥,김밥 구독(100원)",,,,,구독할인,12,6,23.0,6,5,0,1,0,0,2025-04-01,2025-04-26,100.0,5,1,23,83.3333,16.6667,83.3333,3.8333
112127,롯데)치토스매콤한맛82g,과자>스낵류>옥수수스낵,과자,스낵류,옥수수스낵,교환권,17,13,23.0,14,3,0,0,0,0,2025-04-03,2025-04-29,1700.0,3,0,23,21.4286,0.0,21.4286,1.7692
093593,풀무원)소가순두부350g,신선>야채>두부/콩나물,신선,야채,두부/콩나물,당일픽업,17,7,23.0,10,5,2,0,0,0,2025-04-01,2025-04-29,1500.0,3,0,23,50.0,0.0,30.0,3.2857
106523,칠성)탐스제로멜론355ml,음료>탄산음료>제로탄산,음료,탄산음료,제로탄산,당일픽업,18,9,23.0,8,4,3,3,0,0,2025-04-03,2025-04-30,1500.0,1,3,23,50.0,37.5,12.5,2.5556
170300,비어)칭따오맥주500ml캔,맥주>수입맥주>캔맥주(중),맥주,수입맥주,캔맥주(중),당일픽업,21,13,23.0,14,4,3,0,0,0,2025-04-02,2025-04-29,4500.0,1,0,23,28.5714,0.0,7.1429,1.7692
421341,모나미)브니A4복사지(100매)_H,문구/완구>사무용품>사무정리용품,문구/완구,사무용품,사무정리용품,당일픽업,17,2,23.0,12,4,1,0,0,0,2025-04-22,2025-04-27,3500.0,3,0,23,33.3333,0.0,25.0,11.5
106977,롯데)미니찰식빵330g,빵>식빵>식빵,빵,식빵,식빵,당일픽업,23,14,23.0,23,0,0,0,0,0,2025-04-02,2025-04-30,3500.0,0,0,23,0.0,0.0,0.0,1.6429
240016,CJ)백설부침가루500g,조미료/건물>분말가루>밀가루/프리믹스,조미료/건물,분말가루,밀가루/프리믹스,당일픽업,16,8,23.0,12,3,0,1,0,0,2025-04-09,2025-04-24,2800.0,3,1,23,25.0,8.3333,25.0,2.875
106475,코카)파워에이드스칼렛스톰600ml,음료>스포츠음료>스포츠음료(중),음료,스포츠음료,스포츠음료(중),당일픽업,19,14,23.0,17,2,0,0,0,0,2025-04-04,2025-04-28,2400.0,2,0,23,11.7647,0.0,11.7647,1.6429
112581,마즈)스니커즈픽앤믹스20g,과자>초콜릿>바초콜릿,과자,초콜릿,바초콜릿,교환권,17,8,23.0,12,4,1,0,0,0,2025-04-01,2025-04-18,700.0,3,0,23,33.3333,0.0,25.0,2.875
119574,동서)오레오민트초코84g,과자>비스킷류>크래커,과자,비스킷류,크래커,당일픽업,20,15,23.0,15,1,1,3,0,0,2025-04-01,2025-04-28,2300.0,0,3,23,6.6667,20.0,0.0,1.5333
160518,동원)녹차350ml펫,음료>차음료>녹차,음료,차음료,녹차,당일픽업,18,10,23.0,13,3,0,1,1,0,2025-04-06,2025-04-29,1500.0,3,0,23,23.0769,7.6923,23.0769,2.3
124448,사조)빠삭어묵칩오리지널40g,안주>생선류>어육스낵,안주,생선류,어육스낵,교환권,20,14,23.0,16,2,0,1,1,0,2025-04-01,2025-04-29,5900.0,2,0,23,12.5,6.25,12.5,1.6429
190189,진로)참이슬오리지날640ml페트,전통주>소주>페트소주,전통주,소주,페트소주,당일픽업,13,4,23.0,8,5,0,0,0,0,2025-04-05,2025-04-24,3300.0,5,0,23,62.5,0.0,62.5,5.75
124446,3월 도시락 구독(100원),,,,,구독할인,14,9,23.0,9,4,0,1,0,0,2025-04-01,2025-04-26,100.0,4,1,23,44.4444,11.1111,44.4444,2.5556
115779,오리온)후레쉬베리2입,과자>비스킷류>파이,과자,비스킷류,파이,당일픽업,17,7,23.0,8,6,3,0,0,0,2025-04-03,2025-04-30,1200.0,3,0,23,75.0,0.0,37.5,3.2857
202207,해태)갈배사이다500ml,음료>탄산음료>과일향탄산(중),음료,탄산음료,과일향탄산(중),당일픽업,18,13,23.0,15,2,0,1,0,0,2025-04-01,2025-04-29,2300.0,2,1,23,13.3333,6.6667,13.3333,1.7692
108516,하이포크)한돈목살300g,냉동>신선냉동>냉동축산,냉동,신선냉동,냉동축산,당일픽업,15,7,23.0,11,4,0,0,0,0,2025-04-09,2025-04-28,12900.0,4,0,23,36.3636,0.0,36.3636,3.2857
109689,화요3종선물세트,전통주>소주>증류식소주,전통주,소주,증류식소주,사전예약,21,20,23.0,19,0,0,2,0,0,2025-04-01,2025-04-29,55000.0,0,2,23,0.0,10.5263,0.0,1.15
121026,네슬레)수프리모병100g,건강/기호식품>커피>커피분말,건강/기호식품,커피,커피분말,당일픽업,17,5,23.0,14,3,0,0,0,0,2025-04-03,2025-04-24,11700.0,3,0,23,21.4286,0.0,21.4286,4.6
123058,나무)스웨디시젤리60g,과자>젤리류>수입젤리,과자,젤리류,수입젤리,당일픽업,20,17,23.0,18,1,0,1,0,0,2025-04-06,2025-04-27,2500.0,1,1,23,5.5556,5.5556,5.5556,1.3529
124272,MDS)로제햄마카로니콘치즈255g,간식>냉장피자>파스타/그라탕,간식,냉장피자,파스타/그라탕,당일픽업,21,6,23.0,14,4,3,0,0,0,2025-04-06,2025-04-20,5700.0,1,0,23,28.5714,0.0,7.1429,3.8333
113152,글렌알라키 싱글몰트위스키 8년 스코티시 오크  700ml,양주와인>양주>위스키,양주와인,양주,위스키,사전예약,22,20,23.0,21,0,0,1,0,0,2025-04-01,2025-04-19,189000.0,0,1,23,0.0,4.7619,0.0,1.15
112079,롯데)아라비카커피껌,과자>껌>스틱껌,과자,껌,스틱껌,당일픽업,17,6,23.0,9,4,2,2,0,0,2025-04-01,2025-04-24,1200.0,2,2,23,44.4444,22.2222,22.2222,3.8333
123958,오뚜기)순후추닭강정180g,냉동>조리냉동>냉동안주류,냉동,조리냉동,냉동안주류,당일픽업,17,9,23.0,14,3,0,0,0,0,2025-04-10,2025-04-25,5600.0,3,0,23,21.4286,0.0,21.4286,2.5556
061579,서울)초코꿀단지180ml,유음료>가공우유>초코우유,유음료,가공우유,초코우유,당일픽업,16,6,23.0,12,3,0,1,0,0,2025-04-04,2025-04-28,1700.0,3,1,23,25.0,8.3333,25.0,3.8333
132697,농심)신라면볶음면봉지,면>봉지면>비빔/볶음면,면,봉지면,비빔/볶음면,당일픽업,24,19,23.0,22,0,0,1,1,0,2025-04-03,2025-04-30,1250.0,0,0,23,0.0,4.5455,0.0,1.2105
123365,레오나르드 커리쉬-SS 아우스레제,양주와인>와인>화이트,양주와인,와인,화이트,사전예약,18,13,23.0,13,0,0,5,0,0,2025-04-02,2025-04-29,25900.0,0,5,23,0.0,38.4615,0.0,1.7692
115401,농심)빵부장마늘빵55g,과자>스낵류>일반스낵,과자,스낵류,일반스낵,당일픽업,19,10,23.0,11,5,3,0,0,0,2025-04-06,2025-04-30,1700.0,2,0,23,45.4545,0.0,18.1818,2.3
161487,PB)우리맛밤70g,안주>농산안주>농산물,안주,농산안주,농산물,당일픽업,20,10,23.0,16,2,0,1,1,0,2025-04-02,2025-04-28,3800.0,2,0,23,12.5,6.25,12.5,2.3
106997,롯데)빅단팥슈크림빵105g,빵>간식빵>과자빵,빵,간식빵,과자빵,당일픽업,17,10,23.0,12,4,1,0,0,0,2025-04-04,2025-04-26,1600.0,3,0,23,33.3333,0.0,25.0,2.3
115497,카발란 디스틸러리셀렉트,양주와인>양주>위스키,양주와인,양주,위스키,사전예약,20,16,23.0,17,0,0,3,0,0,2025-04-01,2025-04-26,110000.0,0,3,23,0.0,17.6471,0.0,1.4375
192030,롯데)루이마티니소노마까버네750,양주와인>와인>레드,양주와인,와인,레드,당일픽업,18,13,23.0,13,0,0,5,0,0,2025-04-01,2025-04-30,29900.0,0,5,23,0.0,38.4615,0.0,1.7692
106203,농심)푸팟퐁구리큰사발,면>용기면>비빔/볶음면,면,용기면,비빔/볶음면,당일픽업,21,18,23.0,19,0,0,2,0,0,2025-04-02,2025-04-30,2000.0,0,2,23,0.0,10.5263,0.0,1.2778
116688,농심)쫄병스낵안성탕면맛77g,과자>스낵류>일반스낵,과자,스낵류,일반스낵,당일픽업,19,12,23.0,12,3,1,2,1,0,2025-04-10,2025-04-30,1200.0,2,1,23,25.0,16.6667,16.6667,1.9167
124390,"3월 샌드위치,햄버거 구독(100원)",,,,,구독할인,12,6,23.0,6,5,0,1,0,0,2025-04-01,2025-04-14,100.0,5,1,23,83.3333,16.6667,83.3333,3.8333
160135,코카)환타오렌지1.5L,음료>탄산음료>과일향탄산(대),음료,탄산음료,과일향탄산(대),당일픽업,15,6,23.0,9,5,1,0,0,0,2025-04-03,2025-04-29,3500.0,4,0,23,55.5556,0.0,44.4444,3.8333
062359,이디야)돌체콜드브루300ml,유음료>컵커피>300ml 이상,유음료,컵커피,300ml 이상,당일픽업,18,11,23.0,11,4,2,1,0,0,2025-04-01,2025-04-29,3200.0,2,1,23,36.3636,9.0909,18.1818,2.0909
161829,정화)빅굿다리40g,안주>오징어>오징어,안주,오징어,오징어,당일픽업,13,4,23.0,8,5,0,0,0,0,2025-04-04,2025-04-22,4700.0,5,0,23,62.5,0.0,62.5,5.75
123241,잇웨이)하남돼지집불껍데기200g,냉동>조리냉동>냉동안주류,냉동,조리냉동,냉동안주류,당일픽업,20,12,23.0,11,3,1,3,2,0,2025-04-01,2025-04-29,9900.0,2,1,23,27.2727,27.2727,18.1818,1.9167
210386,삼양)삼양라면큰컵,면>용기면>라면(대형컵),면,용기면,라면(대형컵),당일픽업,21,10,23.0,12,5,4,0,0,0,2025-04-01,2025-04-30,1250.0,1,0,23,41.6667,0.0,8.3333,2.3
118945,삼립)잭슨베이컨체다치즈부리또125g,간식>냉장피자>브리또,간식,냉장피자,브리또,당일픽업,22,10,23.0,19,1,1,1,0,0,2025-04-04,2025-04-30,3500.0,0,1,23,5.2632,5.2632,0.0,2.3
124874,토트넘 No.7 마킹 화이트 티셔츠_95,패션잡화>시즌/소품>기타,패션잡화,시즌/소품,기타,사전예약,20,12,23.0,16,2,1,1,0,0,2025-04-01,2025-04-10,55200.0,1,1,23,12.5,6.25,6.25,1.9167
071985,롯데)의성마늘빅프랑크90g,냉장>냉장간식>소형바,냉장,냉장간식,소형바,당일픽업,18,5,23.0,9,5,2,1,1,0,2025-04-05,2025-04-30,2900.0,3,0,23,55.5556,11.1111,33.3333,4.6
105497,동서)카누밀크티라떼8입,건강/기호식품>커피>믹스커피,건강/기호식품,커피,믹스커피,당일픽업,18,9,23.0,13,3,1,1,0,0,2025-04-01,2025-04-16,7100.0,2,1,23,23.0769,7.6923,15.3846,2.5556
202704,광동)옥수수수염차1.5L,음료>차음료>보리차,음료,차음료,보리차,당일픽업,18,7,23.0,8,4,1,3,2,0,2025-04-02,2025-04-27,3300.0,3,1,23,50.0,37.5,37.5,3.2857
220014,CJ)스팸클래식200g,가공식품>캔>육가공캔,가공식품,캔,육가공캔,당일픽업,17,6,23.0,7,5,2,2,1,0,2025-04-01,2025-04-29,6900.0,3,1,23,71.4286,28.5714,42.8571,3.8333
114396,플라네타 알라스트로750ml,양주와인>와인>화이트,양주와인,와인,화이트,사전예약,18,15,23.0,14,1,0,3,0,0,2025-04-01,2025-04-28,29000.0,1,3,23,7.1429,21.4286,7.1429,1.5333
153108,동원)더바삭한김5g,조미료/건물>건해산물>농수산건물,조미료/건물,건해산물,농수산건물,당일픽업,19,12,23.0,10,4,2,2,1,0,2025-04-02,2025-04-30,1000.0,2,1,23,40.0,20.0,20.0,1.9167
202596,칠성)펩시콜라제로1.5L,음료>탄산음료>제로탄산,음료,탄산음료,제로탄산,당일픽업,20,17,23.0,18,1,0,1,0,0,2025-04-04,2025-04-28,3900.0,1,1,23,5.5556,5.5556,5.5556,1.3529
140538,CJ)강된장보리비빔밥(컵반),가공식품>가공미반류>즉석컵밥,가공식품,가공미반류,즉석컵밥,당일픽업,20,12,23.0,12,4,2,1,1,0,2025-04-02,2025-04-29,4800.0,2,0,23,33.3333,8.3333,16.6667,1.9167
160691,칠성)밀키스２５０ｍｌ캔,음료>탄산음료>과일향탄산(소),음료,탄산음료,과일향탄산(소),당일픽업,13,4,23.0,8,5,0,0,0,0,2025-04-09,2025-04-30,1500.0,5,0,23,62.5,0.0,62.5,5.75
192028,롯데)브레드앤버터까버네750ml,양주와인>와인>레드,양주와인,와인,레드,당일픽업,21,12,23.0,17,1,0,2,1,0,2025-04-03,2025-04-29,34500.0,1,1,23,5.8824,11.7647,5.8824,1.9167
240010,CJ)하얀설탕1kg,조미료/건물>조미료>설탕,조미료/건물,조미료,설탕,당일픽업,14,8,23.0,9,4,0,1,0,0,2025-04-02,2025-04-24,2700.0,4,1,23,44.4444,11.1111,44.4444,2.875
080259,대림)스모크치킨180g,냉장>냉장안주>치킨안주,냉장,냉장안주,치킨안주,당일픽업,17,6,23.0,10,5,2,0,0,0,2025-04-05,2025-04-30,6000.0,3,0,23,50.0,0.0,30.0,3.8333
201151,칠성)칸타타카라멜마키아토275ml,음료>커피음료>캔커피(보틀),음료,커피음료,캔커피(보틀),당일픽업,16,8,22.0,11,4,1,0,0,0,2025-04-02,2025-04-24,2500.0,3,0,22,36.3636,0.0,27.2727,2.75
108066,하겐)크리스피샌드위치딸기60ml,아이스크림>고급>기타,아이스크림,고급,기타,당일픽업,18,9,22.0,14,3,1,0,0,0,2025-04-02,2025-04-27,6900.0,2,0,22,21.4286,0.0,14.2857,2.4444
371091,롯알)투명테이프_H,가정용품>청소/작업용품>테이프류,가정용품,청소/작업용품,테이프류,당일픽업,18,9,22.0,12,4,2,0,0,0,2025-04-04,2025-04-29,2100.0,2,0,22,33.3333,0.0,16.6667,2.4444
061660,매일)두유99.89 190ml,유음료>두유>팩두유,유음료,두유,팩두유,교환권,20,15,22.0,17,2,1,0,0,0,2025-04-01,2025-04-30,1400.0,1,0,22,11.7647,0.0,5.8824,1.4667
170599,비어)칭따오무알콜330ml캔,맥주>무알콜맥주>무알콜맥주(수입),맥주,무알콜맥주,무알콜맥주(수입),당일픽업,21,15,22.0,20,0,0,1,0,0,2025-04-01,2025-04-30,2000.0,0,1,22,0.0,5.0,0.0,1.4667
124736,빙그레)딥앤로우쫀득초코바70ml,아이스크림>노벨티>바,아이스크림,노벨티,바,당일픽업,19,13,22.0,14,1,1,3,0,0,2025-04-14,2025-04-30,2200.0,0,3,22,7.1429,21.4286,0.0,1.6923
161211,광동)옥수수수염차340ml,음료>차음료>옥수수차,음료,차음료,옥수수차,당일픽업,17,12,22.0,11,2,0,3,1,0,2025-04-01,2025-04-28,1600.0,2,2,22,18.1818,27.2727,18.1818,1.8333
191941,미스티코브 소비뇽블랑,양주와인>와인>화이트,양주와인,와인,화이트,사전예약,19,15,22.0,16,0,0,3,0,0,2025-04-02,2025-04-30,23900.0,0,3,22,0.0,18.75,0.0,1.4667
390966,크리넥스)데코소프트3겹30X30롤,위생용품>티슈>롤티슈,위생용품,티슈,롤티슈,당일픽업,16,11,22.0,13,3,0,0,0,0,2025-04-01,2025-04-30,37400.0,3,0,22,23.0769,0.0,23.0769,2.0
108799,LG)온더바디발을씻자풋샴푸 레몬385ml_H,H&B>화장비누/바디클렌저>바디클렌저,H&B,화장비누/바디클렌저,바디클렌저,당일픽업,18,14,22.0,13,2,1,2,0,0,2025-04-01,2025-04-30,11900.0,1,2,22,15.3846,15.3846,7.6923,1.5714
124687,삼립)주종발효완듀앙금소보루95g,빵>간식빵>과자빵,빵,간식빵,과자빵,당일픽업,19,10,22.0,13,3,2,1,0,0,2025-04-07,2025-04-28,1800.0,1,1,22,23.0769,7.6923,7.6923,2.2
109965,효성)고소한참깨봉90g,과자>비스킷류>스틱과자,과자,비스킷류,스틱과자,당일픽업,19,8,22.0,9,5,4,1,0,0,2025-04-01,2025-04-28,2000.0,1,1,22,55.5556,11.1111,11.1111,2.75
190839,롯데)L와인멜롯750ml,양주와인>와인>레드,양주와인,와인,레드,당일픽업,20,17,22.0,17,2,1,0,0,0,2025-04-01,2025-04-30,7900.0,1,0,22,11.7647,0.0,5.8824,1.2941
118138,하리보)해피콜라사우어,과자>젤리류>수입젤리,과자,젤리류,수입젤리,당일픽업,20,9,22.0,11,5,4,0,0,0,2025-04-01,2025-04-29,2500.0,1,0,22,45.4545,0.0,9.0909,2.4444
170559,벨트)볼파스엔젤맨IPA568ml캔,맥주>수입맥주>캔맥주(중),맥주,수입맥주,캔맥주(중),당일픽업,22,11,22.0,18,2,2,0,0,0,2025-04-04,2025-04-28,4500.0,0,0,22,11.1111,0.0,0.0,2.0
053281,통살새우스틱,즉석 식품>즉석치킨>기타류 ,즉석 식품,즉석치킨,기타류 ,당일픽업,13,7,22.0,8,4,0,1,0,0,2025-04-09,2025-04-29,2000.0,4,1,22,50.0,12.5,50.0,3.1429
123364,포르투 발도우로 토니 포트 NV,양주와인>와인>기타와인,양주와인,와인,기타와인,사전예약,22,18,22.0,22,0,0,0,0,0,2025-04-01,2025-04-30,25900.0,0,0,22,0.0,0.0,0.0,1.2222
105575,삼립)빚은대박우유찹쌀떡95g,디저트>떡>떡,디저트,떡,떡,당일픽업,18,11,22.0,16,2,0,0,0,0,2025-04-02,2025-04-28,2000.0,2,0,22,12.5,0.0,12.5,2.0
093112,돌코리아)바나나3~5입,신선>과일>수입과일,신선,과일,수입과일,당일픽업,21,11,22.0,16,2,1,1,1,0,2025-04-10,2025-04-27,3400.0,1,0,22,12.5,6.25,6.25,2.0
050281,뚜또)코코딸기230g,디저트>젤리>떠먹는젤리,디저트,젤리,떠먹는젤리,당일픽업,14,8,22.0,8,5,1,0,0,0,2025-04-02,2025-04-25,2900.0,4,0,22,62.5,0.0,50.0,2.75
132041,오뚜기)진라면순한맛봉지,면>봉지면>라면,면,봉지면,라면,교환권,15,12,22.0,11,3,0,1,0,0,2025-04-05,2025-04-30,1000.0,3,1,22,27.2727,9.0909,27.2727,1.8333
114537,프레스코발디 카스틸리오니 토스카나750ml,양주와인>와인>레드,양주와인,와인,레드,사전예약,21,14,22.0,20,0,0,1,0,0,2025-04-01,2025-04-30,45000.0,0,1,22,0.0,5.0,0.0,1.5714
117266, 마즈)이클립스딸기31g,과자>캔디류>기능성캔디,과자,캔디류,기능성캔디,당일픽업,15,7,22.0,9,4,1,1,0,0,2025-04-05,2025-04-19,3300.0,3,1,22,44.4444,11.1111,33.3333,3.1429
114906,크라운)츄러스84g,과자>스낵류>일반스낵,과자,스낵류,일반스낵,교환권,15,10,22.0,11,3,0,1,0,0,2025-04-03,2025-04-28,1500.0,3,1,22,27.2727,9.0909,27.2727,2.2
200394,롯데)옐로우테일쉬라즈750ml,양주와인>와인>레드,양주와인,와인,레드,당일픽업,18,13,22.0,12,1,0,4,1,0,2025-04-02,2025-04-29,17000.0,1,3,22,8.3333,33.3333,8.3333,1.6923
191203,나라)몬테스알파까베르네쇼비뇽7,양주와인>와인>레드,양주와인,와인,레드,당일픽업,20,14,22.0,19,1,0,0,0,0,2025-04-01,2025-04-25,39900.0,1,0,22,5.2632,0.0,5.2632,1.5714
170341,산미)산미구엘500ml캔,맥주>수입맥주>캔맥주(중),맥주,수입맥주,캔맥주(중),당일픽업,22,17,22.0,18,2,2,0,0,0,2025-04-01,2025-04-30,4500.0,0,0,22,11.1111,0.0,0.0,1.2941
180713,진로)진로360ml병(20입),전통주>소주>병소주,전통주,소주,병소주,당일픽업,16,8,22.0,9,5,2,0,0,0,2025-04-01,2025-04-30,1800.0,3,0,22,55.5556,0.0,33.3333,2.75
200005,페르)시바스리갈12년500ml,양주와인>양주>위스키,양주와인,양주,위스키,당일픽업,20,15,22.0,18,0,0,2,0,0,2025-04-03,2025-04-30,45000.0,0,2,22,0.0,11.1111,0.0,1.4667
200301,인디)KGB레몬330ml캔,양주와인>리쿼>리쿼,양주와인,리쿼,리쿼,당일픽업,22,14,22.0,17,1,1,2,1,0,2025-04-02,2025-04-30,3500.0,0,1,22,5.8824,11.7647,0.0,1.5714
170972,오비)스텔라아르투아740ml캔,맥주>수입맥주>캔맥주(중),맥주,수입맥주,캔맥주(중),당일픽업,16,9,22.0,13,3,0,0,0,0,2025-04-06,2025-04-30,5400.0,3,0,22,23.0769,0.0,23.0769,2.4444
124551,빙그레)팝콘붕어싸만코150ml,아이스크림>노벨티>모나카,아이스크림,노벨티,모나카,당일픽업,16,6,22.0,11,4,1,0,0,0,2025-04-10,2025-04-27,2500.0,3,0,22,36.3636,0.0,27.2727,3.6667
192497,키노비700ml,양주와인>양주>기타양주,양주와인,양주,기타양주,사전예약,22,19,22.0,22,0,0,0,0,0,2025-04-01,2025-04-28,106000.0,0,0,22,0.0,0.0,0.0,1.1579
106954,티젠)콤부차하이볼10T,건강/기호식품>차>분말차류,건강/기호식품,차,분말차류,당일픽업,21,12,22.0,16,2,2,1,0,0,2025-04-01,2025-04-23,7500.0,0,1,22,12.5,6.25,0.0,1.8333
112228,오리온)비틀즈700,과자>캔디류>소프트캔디,과자,캔디류,소프트캔디,당일픽업,21,14,22.0,20,0,0,1,0,0,2025-04-01,2025-04-27,700.0,0,1,22,0.0,5.0,0.0,1.5714
124521,카브루)리얼패션후르츠하이볼355ml캔,양주와인>하이볼>국산하이볼,양주와인,하이볼,국산하이볼,당일픽업,22,21,22.0,22,0,0,0,0,0,2025-04-04,2025-04-30,4000.0,0,0,22,0.0,0.0,0.0,1.0476
062467,오리온)닥터유단백질프로250ml,유음료>프로틴 음료>250ml 이상 ,유음료,프로틴 음료,250ml 이상 ,당일픽업,21,13,22.0,18,1,1,1,0,0,2025-04-01,2025-04-28,2900.0,0,1,22,5.5556,5.5556,0.0,1.6923
092391,돌코리아)후룻컵파인애플198g,신선>과일>가공과일,신선,과일,가공과일,당일픽업,18,8,22.0,16,2,0,0,0,0,2025-04-02,2025-04-24,3200.0,2,0,22,12.5,0.0,12.5,2.75
107150,해태)고향김치손만두330g,냉동>냉동만두>봉지만두,냉동,냉동만두,봉지만두,당일픽업,21,12,22.0,16,2,1,1,1,0,2025-04-01,2025-04-30,5300.0,1,0,22,12.5,6.25,6.25,1.8333
109057,K)릴 솔리드3(갤럭틱블루),담배>전자담배>전자담배(KT&G 릴),담배,전자담배,전자담배(KT&G 릴),당일픽업,20,11,22.0,19,1,0,0,0,0,2025-04-02,2025-04-30,88000.0,1,0,22,5.2632,0.0,5.2632,2.0
112123,크라운)새콤달콤복숭아29g,과자>캔디류>소프트캔디,과자,캔디류,소프트캔디,당일픽업,16,10,22.0,13,3,0,0,0,0,2025-04-01,2025-04-25,500.0,3,0,22,23.0769,0.0,23.0769,2.2
109092,네슬레)프루팁스하와이안,과자>젤리류>수입젤리,과자,젤리류,수입젤리,당일픽업,19,9,22.0,15,2,1,1,0,0,2025-04-02,2025-04-18,3000.0,1,1,22,13.3333,6.6667,6.6667,2.4444
108551,피치)수박모양미니젤리,과자>젤리류>수입젤리,과자,젤리류,수입젤리,교환권,15,7,21.0,12,3,0,0,0,0,2025-04-01,2025-04-18,2800.0,3,0,21,25.0,0.0,25.0,3.0
113147,글렌알라키 루비포트 10년 700ml,양주와인>양주>위스키,양주와인,양주,위스키,사전예약,20,20,21.0,19,0,0,1,0,0,2025-04-01,2025-04-30,186000.0,0,1,21,0.0,5.2632,0.0,1.05
124000,미스티)산리오립스틱캔디5g,과자>캔디류>토이캔디,과자,캔디류,토이캔디,당일픽업,17,12,21.0,14,1,0,2,0,0,2025-04-01,2025-04-30,1800.0,1,2,21,7.1429,14.2857,7.1429,1.75
170453,오비)카스740ml캔,맥주>국산맥주>캔맥주(대),맥주,국산맥주,캔맥주(대),당일픽업,17,11,21.0,13,3,1,0,0,0,2025-04-01,2025-04-30,4500.0,2,0,21,23.0769,0.0,15.3846,1.9091
161256,남양)17차(십칠차)500ml,음료>차음료>기타차,음료,차음료,기타차,당일픽업,15,6,21.0,10,4,1,0,0,0,2025-04-01,2025-04-26,2200.0,3,0,21,40.0,0.0,30.0,3.5
115498,카발란 트리플쉐리,양주와인>양주>위스키,양주와인,양주,위스키,사전예약,16,13,21.0,12,1,0,3,0,0,2025-04-01,2025-04-30,210000.0,1,3,21,8.3333,25.0,8.3333,1.6154
108245,PB)쿵야빠냐냐71g,과자>스낵류>일반스낵,과자,스낵류,일반스낵,교환권,22,16,21.0,16,2,2,1,1,0,2025-04-01,2025-04-30,2000.0,0,0,21,12.5,6.25,0.0,1.3125
180623,롯데)new청하화인300ml,전통주>기타전통주>청주,전통주,기타전통주,청주,당일픽업,17,8,21.0,13,3,1,0,0,0,2025-04-01,2025-04-24,2700.0,2,0,21,23.0769,0.0,15.3846,2.625
108740,티젠)풋사과쏙50G,건강/기호식품>건강/이너뷰티>일반건강식품 ,건강/기호식품,건강/이너뷰티,일반건강식품 ,당일픽업,19,10,21.0,14,3,2,0,0,0,2025-04-03,2025-04-28,4000.0,1,0,21,21.4286,0.0,7.1429,2.1
150153,하겐)파인트초코렛,아이스크림>고급>파인트,아이스크림,고급,파인트,교환권,17,12,21.0,15,2,0,0,0,0,2025-04-02,2025-04-26,17900.0,2,0,21,13.3333,0.0,13.3333,1.75
400926,동국)마데카솔연고_H,약품/의료품>의약외품>의약외품,약품/의료품,의약외품,의약외품,당일픽업,15,7,21.0,12,3,0,0,0,0,2025-04-01,2025-04-30,7800.0,3,0,21,25.0,0.0,25.0,3.0
118444,하리보)해피그레이프100g,과자>젤리류>수입젤리,과자,젤리류,수입젤리,당일픽업,16,7,21.0,9,4,2,1,0,0,2025-04-06,2025-04-16,2500.0,2,1,21,44.4444,11.1111,22.2222,3.0
124535,진주햄)천하장사콰트로치즈70g,냉장>냉장간식>간식/소시지,냉장,냉장간식,간식/소시지,당일픽업,21,10,21.0,17,2,2,0,0,0,2025-04-07,2025-04-30,2800.0,0,0,21,11.7647,0.0,0.0,2.1
115437,달모어 18년 700ml,양주와인>양주>위스키,양주와인,양주,위스키,사전예약,18,13,21.0,15,0,0,3,0,0,2025-04-01,2025-04-28,690000.0,0,3,21,0.0,20.0,0.0,1.6154
107580,농심)치타라24g,안주>스낵안주>일반스낵,안주,스낵안주,일반스낵,교환권,18,15,21.0,15,0,0,3,0,0,2025-04-01,2025-04-30,3900.0,0,3,21,0.0,20.0,0.0,1.4
124725,하림)직화갈비맛핫바65g,냉장>냉장간식>소형바,냉장,냉장간식,소형바,당일픽업,21,7,21.0,15,3,3,0,0,0,2025-04-10,2025-04-30,2400.0,0,0,21,20.0,0.0,0.0,3.0
162077,썬푸드)바베큐오징어매운맛30g,안주>오징어>오징어,안주,오징어,오징어,당일픽업,14,8,21.0,7,3,1,3,0,0,2025-04-03,2025-04-17,4200.0,2,3,21,42.8571,42.8571,28.5714,2.625
162025,머거본)꿀땅콩70g,안주>너트류>봉지너트,안주,너트류,봉지너트,당일픽업,16,6,21.0,9,4,2,1,0,0,2025-04-02,2025-04-30,2000.0,2,1,21,44.4444,11.1111,22.2222,3.5
601294,농심)린도볼밀크3P,과자>초콜릿>볼초콜릿,과자,초콜릿,볼초콜릿,당일픽업,19,10,21.0,14,3,2,0,0,0,2025-04-05,2025-04-30,3700.0,1,0,21,21.4286,0.0,7.1429,2.1
402048,신행)아머초박형콘돔3P_H,약품/의료품>의약외품>일반콘돔,약품/의료품,의약외품,일반콘돔,당일픽업,14,4,21.0,8,4,1,1,0,0,2025-04-13,2025-04-30,4500.0,3,1,21,50.0,12.5,37.5,5.25
123608,오츠카)소이조이후르츠&치즈30g,과자>프로틴/시리얼>영양바류,과자,프로틴/시리얼,영양바류,당일픽업,15,9,21.0,10,4,1,0,0,0,2025-04-07,2025-04-29,1700.0,3,0,21,40.0,0.0,30.0,2.3333
600362,마즈)이클립스워터멜론30g,과자>캔디류>기능성캔디,과자,캔디류,기능성캔디,당일픽업,14,9,21.0,10,3,0,1,0,0,2025-04-04,2025-04-19,3300.0,3,1,21,30.0,10.0,30.0,2.3333
070290,동원)쿨피스복숭아930ml,유음료>냉장주스>유산균음료,유음료,냉장주스,유산균음료,당일픽업,21,14,21.0,19,1,1,0,0,0,2025-04-03,2025-04-30,1700.0,0,0,21,5.2632,0.0,0.0,1.5
109938,시바스리갈12년 700ml,양주와인>양주>위스키,양주와인,양주,위스키,사전예약,20,18,21.0,19,0,0,1,0,0,2025-04-03,2025-04-28,50500.0,0,1,21,0.0,5.2632,0.0,1.1667
109054,B)글로 하이퍼(코발트블루),담배>전자담배>전자담배(BAT 글로),담배,전자담배,전자담배(BAT 글로),당일픽업,15,4,21.0,12,3,0,0,0,0,2025-04-27,2025-04-30,25000.0,3,0,21,25.0,0.0,25.0,5.25
070621,빙그레)바나나라이트240ml,유음료>가공우유>바나나우유,유음료,가공우유,바나나우유,당일픽업,14,7,21.0,8,4,1,1,0,0,2025-04-01,2025-04-24,1800.0,3,1,21,50.0,12.5,37.5,3.0
353896,마녀공장)퓨어클렌징오일100ml_H,미용/화장품>여성화장품>클렌징,미용/화장품,여성화장품,클렌징,당일픽업,16,1,21.0,11,3,1,1,0,0,2025-04-01,2025-04-25,9900.0,2,1,21,27.2727,9.0909,18.1818,21.0
123489,GCF 포르투 발도우로 10년 숙성 포트 NV,양주와인>와인>기타와인,양주와인,와인,기타와인,사전예약,16,9,21.0,12,1,0,3,0,0,2025-04-02,2025-04-28,51900.0,1,3,21,8.3333,25.0,8.3333,2.3333
106539,PB)카덴카라미소라멘212.9g,냉장>냉장간편식>냉장면,냉장,냉장간편식,냉장면,교환권,16,13,21.0,13,2,0,1,0,0,2025-04-01,2025-04-29,4500.0,2,1,21,15.3846,7.6923,15.3846,1.6154
117746,오리온)닥터유단백질바50g,과자>프로틴/시리얼>영양바류,과자,프로틴/시리얼,영양바류,교환권,13,8,21.0,8,3,0,2,0,0,2025-04-07,2025-04-30,1600.0,3,2,21,37.5,25.0,37.5,2.625
073313,비오케이)을지로꼬들라볶이235g,냉장>냉장간편식>냉장떡볶이,냉장,냉장간편식,냉장떡볶이,당일픽업,16,8,21.0,9,4,2,1,0,0,2025-04-01,2025-04-29,3700.0,2,1,21,44.4444,11.1111,22.2222,2.625
106109,칠성)펩시제로파인355ml캔,음료>탄산음료>제로탄산,음료,탄산음료,제로탄산,당일픽업,21,14,21.0,17,2,1,0,1,0,2025-04-01,2025-04-30,2000.0,1,-1,21,11.7647,0.0,5.8824,1.5
132704,하림)장인라면얼큰한맛용기,면>용기면>숙면/건면,면,용기면,숙면/건면,교환권,17,5,21.0,11,4,2,0,0,0,2025-04-11,2025-04-30,2800.0,2,0,21,36.3636,0.0,18.1818,4.2
124746,빙그레)요맘때콘블루베리150ml,아이스크림>노벨티>콘,아이스크림,노벨티,콘,당일픽업,15,7,21.0,12,3,0,0,0,0,2025-04-07,2025-04-29,2500.0,3,0,21,25.0,0.0,25.0,3.0
111896,MZ)토블론밀크,과자>초콜릿>바초콜릿,과자,초콜릿,바초콜릿,교환권,17,7,21.0,11,4,2,0,0,0,2025-04-01,2025-04-28,2400.0,2,0,21,36.3636,0.0,18.1818,3.0
160800,농심)카프리썬오렌지,음료>주스>주스(소병),음료,주스,주스(소병),당일픽업,17,9,21.0,11,4,2,0,0,0,2025-04-03,2025-04-29,1100.0,2,0,21,36.3636,0.0,18.1818,2.3333
141102,삼양)까르보불닭떡볶이(컵),가공식품>가공미반류>쌀가공식,가공식품,가공미반류,쌀가공식,교환권,13,8,21.0,9,4,0,0,0,0,2025-04-01,2025-04-18,3500.0,4,0,21,44.4444,0.0,44.4444,2.625
106979,삼립)주종단팥도라야끼(2입),빵>구움과자>구움과자,빵,구움과자,구움과자,당일픽업,17,11,21.0,13,3,1,0,0,0,2025-04-01,2025-04-30,2600.0,2,0,21,23.0769,0.0,15.3846,1.9091
141101,삼양)불닭떡볶이(컵),가공식품>가공미반류>쌀가공식,가공식품,가공미반류,쌀가공식,당일픽업,17,8,21.0,13,3,1,0,0,0,2025-04-06,2025-04-30,3500.0,2,0,21,23.0769,0.0,15.3846,2.625
107675,K리그산리오)머플러(케로피),패션잡화>시즌/소품>기타,패션잡화,시즌/소품,기타,당일픽업,19,16,19.5,17,0,0,1,0,1,2025-04-02,2025-04-29,20000.0,0,1,21,0.0,5.8824,0.0,1.3125
104389,크라운)버터와플135g,과자>비스킷류>쿠키,과자,비스킷류,쿠키,당일픽업,16,9,21.0,9,4,2,1,0,0,2025-04-01,2025-04-30,3000.0,2,1,21,44.4444,11.1111,22.2222,2.3333
132806,오뚜기)빅컵누들매콤한맛61g,면>용기면>숙면/건면,면,용기면,숙면/건면,당일픽업,22,13,21.0,15,1,1,3,2,0,2025-04-02,2025-04-29,2500.0,0,1,21,6.6667,20.0,0.0,1.6154
191940,JD라포레 부르고뉴 피노누아,양주와인>와인>레드,양주와인,와인,레드,사전예약,16,11,21.0,13,2,0,1,0,0,2025-04-04,2025-04-30,34900.0,2,1,21,15.3846,7.6923,15.3846,1.9091
112413,PB)오가다대추쌍화280ml,음료>전통음료>전통음료(중),음료,전통음료,전통음료(중),당일픽업,23,15,21.0,18,2,3,0,0,0,2025-04-01,2025-04-26,2000.0,-1,0,21,11.1111,0.0,-5.5556,1.4
191921,디아블로 카르메네르,양주와인>와인>레드,양주와인,와인,레드,사전예약,19,16,21.0,18,1,0,0,0,0,2025-04-04,2025-04-30,29800.0,1,0,21,5.5556,0.0,5.5556,1.3125
107745,PB)스파클링워터라임500ml,음료>생수>탄산수,음료,생수,탄산수,당일픽업,17,8,21.0,15,2,0,0,0,0,2025-04-01,2025-04-27,1300.0,2,0,21,13.3333,0.0,13.3333,2.625
201908,쥬맥스)모구모구(리치)320ml,음료>주스>주스(중),음료,주스,주스(중),당일픽업,13,8,21.0,7,5,1,0,0,0,2025-04-02,2025-04-30,1700.0,4,0,21,71.4286,0.0,57.1429,2.625
109725,칭따오논알콜330ml24입,맥주>무알콜맥주>무알콜맥주(수입),맥주,무알콜맥주,무알콜맥주(수입),사전예약,22,19,21.0,20,0,0,1,1,0,2025-04-02,2025-04-29,24000.0,0,0,21,0.0,5.0,0.0,1.1053
104979,삼립)트리플미트부리또125g,간식>냉장피자>브리또,간식,냉장피자,브리또,당일픽업,20,11,21.0,19,0,0,1,0,0,2025-04-07,2025-04-25,3500.0,0,1,21,0.0,5.2632,0.0,1.9091
123955,랩노쉬)프로틴파인트더블초코474ml,아이스크림>고급>파인트,아이스크림,고급,파인트,당일픽업,16,5,21.0,13,2,0,1,0,0,2025-04-15,2025-04-30,13900.0,2,1,21,15.3846,7.6923,15.3846,4.2
119089,빙그레)야채타임70g,과자>스낵류>일반스낵,과자,스낵류,일반스낵,당일픽업,20,10,21.0,13,3,3,1,0,0,2025-04-03,2025-04-28,1700.0,0,1,21,23.0769,7.6923,0.0,2.1
123125,리치)럭히밥XXL마라떡볶이655g,냉장>냉장간편식>냉장떡볶이,냉장,냉장간편식,냉장떡볶이,당일픽업,20,14,21.0,19,0,0,1,0,0,2025-04-02,2025-04-30,13900.0,0,1,21,0.0,5.2632,0.0,1.5
124290,훼밀리)사과무케루푸루푸루구미40g,과자>젤리류>수입젤리,과자,젤리류,수입젤리,당일픽업,15,9,21.0,7,4,2,2,0,0,2025-04-04,2025-04-24,1800.0,2,2,21,57.1429,28.5714,28.5714,2.3333
180910,롯데)순하리레몬진7.0 500ml캔,전통주>기타전통주>과실주,전통주,기타전통주,과실주,당일픽업,18,10,21.0,12,3,2,1,0,0,2025-04-01,2025-04-30,2750.0,1,1,21,25.0,8.3333,8.3333,2.1
201703,동서)TOP마스터라떼380ml,음료>커피음료>캔커피(보틀),음료,커피음료,캔커피(보틀),당일픽업,12,5,21.0,7,4,0,1,0,0,2025-04-01,2025-04-29,3300.0,4,1,21,57.1429,14.2857,57.1429,4.2
361531,동아)가그린오리지널100ml_H,H&B>치약>액상치약,H&B,치약,액상치약,당일픽업,17,8,21.0,13,3,1,0,0,0,2025-04-02,2025-04-24,2300.0,2,0,21,23.0769,0.0,15.3846,2.625
106639,오뚜기)골드치킨마요덮밥(컵밥),가공식품>가공미반류>즉석컵밥,가공식품,가공미반류,즉석컵밥,교환권,16,14,21.0,13,2,0,1,0,0,2025-04-02,2025-04-29,5400.0,2,1,21,15.3846,7.6923,15.3846,1.5
109892,하쿠시카 도쿠베츠 쥰마이 야마다니시키,전통주>기타전통주>중국/일본주,전통주,기타전통주,중국/일본주,사전예약,20,17,21.0,19,0,0,1,0,0,2025-04-01,2025-04-30,34300.0,0,1,21,0.0,5.2632,0.0,1.2353
109823,피치)동결건조망고모양젤리,과자>젤리류>수입젤리,과자,젤리류,수입젤리,교환권,17,10,21.0,13,3,1,0,0,0,2025-04-01,2025-04-29,1500.0,2,0,21,23.0769,0.0,15.3846,2.1
080064,롯데)미니비엔나140g,냉장>냉장간식>햄/비엔나 ,냉장,냉장간식,햄/비엔나 ,당일픽업,16,8,21.0,9,4,2,1,0,0,2025-04-01,2025-04-29,4400.0,2,1,21,44.4444,11.1111,22.2222,2.625
160718,일화)맥콜２５０ｍｌ캔,음료>탄산음료>과일향탄산(소),음료,탄산음료,과일향탄산(소),당일픽업,15,8,21.0,12,3,0,0,0,0,2025-04-02,2025-04-20,1600.0,3,0,21,25.0,0.0,25.0,2.625
123814,델토리)크랩새우딥초코60g,과자>스낵류>일반스낵,과자,스낵류,일반스낵,당일픽업,17,6,21.0,11,4,2,0,0,0,2025-04-07,2025-04-27,2000.0,2,0,21,36.3636,0.0,18.1818,3.5
124292,일신)캇예스파티프레드175g,과자>젤리류>수입젤리,과자,젤리류,수입젤리,당일픽업,18,5,21.0,14,2,1,1,0,0,2025-04-10,2025-04-19,6000.0,1,1,21,14.2857,7.1429,7.1429,4.2
030655,훈스)빅오리지널피자빵90g,간식>냉장피자>냉장피자,간식,냉장피자,냉장피자,당일픽업,16,10,21.0,11,3,1,1,0,0,2025-04-01,2025-04-30,2000.0,2,1,21,27.2727,9.0909,18.1818,2.1
118919,롯데)허쉬바이츠쿠키앤초코36g,과자>초콜릿>볼초콜릿,과자,초콜릿,볼초콜릿,당일픽업,12,8,20.0,7,3,0,2,0,0,2025-04-08,2025-04-29,1800.0,3,2,20,42.8571,28.5714,42.8571,2.5
170624,오비)한맥500ml캔,맥주>국산맥주>캔맥주(중),맥주,국산맥주,캔맥주(중),당일픽업,19,13,20.0,16,1,1,1,0,0,2025-04-01,2025-04-30,2800.0,0,1,20,6.25,6.25,0.0,1.5385
201504,광동)대추쌍화150ml,음료>기능성드링크>건강음료,음료,기능성드링크,건강음료,당일픽업,12,6,20.0,6,5,1,0,0,0,2025-04-04,2025-04-28,2000.0,4,0,20,83.3333,0.0,66.6667,3.3333
140798,오뚜기)김치참치덮밥(컵밥),가공식품>가공미반류>즉석컵밥,가공식품,가공미반류,즉석컵밥,교환권,16,15,20.0,13,1,0,2,0,0,2025-04-02,2025-04-28,5400.0,1,2,20,7.6923,15.3846,7.6923,1.3333
109549,빙그레)빵또아고구마케이크180ml,아이스크림>노벨티>모나카,아이스크림,노벨티,모나카,당일픽업,19,11,20.0,14,2,1,1,1,0,2025-04-02,2025-04-27,2500.0,1,0,20,14.2857,7.1429,7.1429,1.8182
601537,에스씨)기가마시멜로우마일드,과자>캔디류>봉지캔디,과자,캔디류,봉지캔디,당일픽업,18,9,20.0,17,1,0,0,0,0,2025-04-01,2025-04-30,3000.0,1,0,20,5.8824,0.0,5.8824,2.2222
105576,삼립)빚은대박쑥찹쌀떡95g,디저트>떡>떡,디저트,떡,떡,당일픽업,23,19,20.0,17,0,1,3,2,0,2025-04-01,2025-04-29,2000.0,-1,1,20,0.0,17.6471,-5.8824,1.0526
121084,삼양사)상쾌환3입,건강/기호식품>숙취해소제>환제형,건강/기호식품,숙취해소제,환제형,당일픽업,14,8,20.0,9,4,1,0,0,0,2025-04-03,2025-04-27,8500.0,3,0,20,44.4444,0.0,33.3333,2.5
401695,휴마)세이플리임신진단키트_H,약품/의료품>의료기기>임신배란테스트기,약품/의료품,의료기기,임신배란테스트기,당일픽업,17,8,20.0,13,2,1,1,0,0,2025-04-01,2025-04-20,5000.0,1,1,20,15.3846,7.6923,7.6923,2.5
109964,발렌타인30년 700ml,양주와인>양주>위스키,양주와인,양주,위스키,사전예약,18,18,20.0,16,0,0,2,0,0,2025-04-01,2025-04-30,1119000.0,0,2,20,0.0,12.5,0.0,1.1111
190335,금양)1865까베르네쇼비뇽,양주와인>와인>레드,양주와인,와인,레드,당일픽업,19,11,20.0,18,0,0,1,0,0,2025-04-01,2025-04-22,50000.0,0,1,20,0.0,5.5556,0.0,1.8182
201534,오츠카)오로나민C120ml,음료>기능성드링크>건강음료,음료,기능성드링크,건강음료,교환권,18,10,20.0,13,3,2,0,0,0,2025-04-02,2025-04-30,1500.0,1,0,20,23.0769,0.0,7.6923,2.0
192463,TB)글렌그란트15년700ml,양주와인>양주>위스키,양주와인,양주,위스키,당일픽업,19,8,20.0,18,0,0,1,0,0,2025-04-05,2025-04-25,148000.0,0,1,20,0.0,5.5556,0.0,2.5
109921,디아만테 모스카토다스티(6입),양주와인>와인>화이트,양주와인,와인,화이트,사전예약,19,17,20.0,18,0,0,1,0,0,2025-04-01,2025-04-29,90000.0,0,1,20,0.0,5.5556,0.0,1.1765
220165,동원)라이트참치250g,가공식품>캔>참치캔,가공식품,캔,참치캔,당일픽업,12,3,20.0,8,4,0,0,0,0,2025-04-10,2025-04-30,6000.0,4,0,20,50.0,0.0,50.0,6.6667
220180,동원)야채참치150g,가공식품>캔>참치캔,가공식품,캔,참치캔,당일픽업,11,3,20.0,6,4,0,1,0,0,2025-04-02,2025-04-30,4400.0,4,1,20,66.6667,16.6667,66.6667,6.6667
150139,하겐)컵바닐라,아이스크림>고급>컵,아이스크림,고급,컵,당일픽업,24,18,20.0,16,3,5,0,0,0,2025-04-02,2025-04-27,6900.0,-2,0,20,18.75,0.0,-12.5,1.1111
124629,유앤)참깨롱꽈배기280g,과자>스낵류>전통스낵,과자,스낵류,전통스낵,당일픽업,16,5,20.0,10,4,2,0,0,0,2025-04-11,2025-04-28,6900.0,2,0,20,40.0,0.0,20.0,4.0
413640,라인)C타입일회용배터리2600_H,일용잡화>휴대폰/주변기기>스마트폰 액세서리,일용잡화,휴대폰/주변기기,스마트폰 액세서리,당일픽업,16,8,20.0,12,3,1,0,0,0,2025-04-01,2025-04-25,5000.0,2,0,20,25.0,0.0,16.6667,2.5
124484,제이탑)망고파르페85g,디저트>냉장베이커리>냉장빵,디저트,냉장베이커리,냉장빵,당일픽업,14,11,20.0,10,2,0,2,0,0,2025-04-01,2025-04-30,3700.0,2,2,20,20.0,20.0,20.0,1.8182
202151,동서)콜롬비아나마스터라떼500ml,음료>커피음료>PET커피,음료,커피음료,PET커피,당일픽업,15,10,20.0,10,3,1,1,0,0,2025-04-01,2025-04-20,2900.0,2,1,20,30.0,10.0,20.0,2.0
124299,옥토모어 15.2 700ml,양주와인>양주>위스키,양주와인,양주,위스키,사전예약,18,17,20.0,16,0,0,2,0,0,2025-04-08,2025-04-28,489000.0,0,2,20,0.0,12.5,0.0,1.1765
124743,빙그레)요맘때블루베리70ml,아이스크림>노벨티>바,아이스크림,노벨티,바,당일픽업,16,10,20.0,14,2,0,0,0,0,2025-04-04,2025-04-29,1500.0,2,0,20,14.2857,0.0,14.2857,2.0
105918,LG)고농축아우라1L(피오니로즈)_H,가정용품>세제류>섬유유연제,가정용품,세제류,섬유유연제,당일픽업,18,13,20.0,15,2,1,0,0,0,2025-04-03,2025-04-29,12900.0,1,0,20,13.3333,0.0,6.6667,1.5385
190982,나라)몬테스클래식까버네쇼비뇽,양주와인>와인>레드,양주와인,와인,레드,당일픽업,20,16,20.0,20,0,0,0,0,0,2025-04-01,2025-04-29,21900.0,0,0,20,0.0,0.0,0.0,1.25
105707,올리)얼음컵(그란데),즉석음료>얼음>컵얼음,즉석음료,얼음,컵얼음,당일픽업,14,9,20.0,11,3,0,0,0,0,2025-04-08,2025-04-30,1200.0,3,0,20,27.2727,0.0,27.2727,2.2222
072978,CJ)맥스봉직화구이꼬치바90g,냉장>냉장간식>소형바,냉장,냉장간식,소형바,당일픽업,16,12,20.0,12,3,1,0,0,0,2025-04-03,2025-04-26,2700.0,2,0,20,25.0,0.0,16.6667,1.6667
109153,하림)용가리불볶음면큰컵,면>용기면>비빔/볶음면,면,용기면,비빔/볶음면,당일픽업,17,14,20.0,15,1,0,1,0,0,2025-04-01,2025-04-29,2200.0,1,1,20,6.6667,6.6667,6.6667,1.4286
160109,칠성)펩시콜라２５０캔,음료>탄산음료>콜라(소),음료,탄산음료,콜라(소),당일픽업,14,5,20.0,9,4,1,0,0,0,2025-04-05,2025-04-25,1600.0,3,0,20,44.4444,0.0,33.3333,4.0
391141,동아)템포입는오버나이트5P,위생용품>생리대>4P,위생용품,생리대,4P,당일픽업,17,10,20.0,13,2,0,1,1,0,2025-04-03,2025-04-28,11900.0,2,0,20,15.3846,7.6923,15.3846,2.0
162026,머거본)커피땅콩60g,안주>너트류>봉지너트,안주,너트류,봉지너트,당일픽업,15,7,20.0,8,4,2,1,0,0,2025-04-02,2025-04-30,2000.0,2,1,20,50.0,12.5,25.0,2.8571
122645,티젠)콤부차샤인머스켓10입,건강/기호식품>차>분말차류,건강/기호식품,차,분말차류,당일픽업,16,7,20.0,14,2,0,0,0,0,2025-04-02,2025-04-29,8000.0,2,0,20,14.2857,0.0,14.2857,2.8571
109133,매일)바리스타락토프리라떼325ml,유음료>컵커피>300ml 이상,유음료,컵커피,300ml 이상,당일픽업,18,11,20.0,15,2,1,0,0,0,2025-04-05,2025-04-30,3500.0,1,0,20,13.3333,0.0,6.6667,1.8182
107419,롯데)후르츠공식껌(딸기),과자>껌>스틱껌,과자,껌,스틱껌,당일픽업,14,11,20.0,11,3,0,0,0,0,2025-04-01,2025-04-20,1200.0,3,0,20,27.2727,0.0,27.2727,1.8182
111764,해광)프레첼갈릭버터85g,과자>스낵류>일반스낵,과자,스낵류,일반스낵,당일픽업,16,8,20.0,8,5,3,0,0,0,2025-04-01,2025-04-20,1700.0,2,0,20,62.5,0.0,25.0,2.5
391052,LG)쏘피안심숙면팬티4P(L),위생용품>생리대>4P,위생용품,생리대,4P,당일픽업,16,11,20.0,14,2,0,0,0,0,2025-04-01,2025-04-29,10500.0,2,0,20,14.2857,0.0,14.2857,1.8182
109954,로얄샬루트21년 500ml,양주와인>양주>위스키,양주와인,양주,위스키,사전예약,18,11,20.0,16,0,0,2,0,0,2025-04-01,2025-04-28,210000.0,0,2,20,0.0,12.5,0.0,1.8182
106689,PB)카페라떼300ml,유음료>컵커피>300ml 이상,유음료,컵커피,300ml 이상,교환권,15,10,20.0,10,3,0,1,1,0,2025-04-07,2025-04-23,2800.0,3,0,20,30.0,10.0,30.0,2.0
106527,롯데)새로소주살구360ml병,전통주>기타전통주>과실주,전통주,기타전통주,과실주,당일픽업,24,16,20.0,17,1,2,2,2,0,2025-04-01,2025-04-30,1900.0,-1,0,20,5.8824,11.7647,-5.8824,1.25
221554,대상)안주야직화무뼈닭발160g,냉동>조리냉동>냉동안주류,냉동,조리냉동,냉동안주류,당일픽업,16,8,20.0,10,4,2,0,0,0,2025-04-11,2025-04-29,9500.0,2,0,20,40.0,0.0,20.0,2.5
201114,칠성)게토레이레몬600ml,음료>스포츠음료>스포츠음료(중),음료,스포츠음료,스포츠음료(중),교환권,16,7,20.0,9,3,1,2,1,0,2025-04-02,2025-04-28,2200.0,2,1,20,33.3333,22.2222,22.2222,2.8571
161301,해태)아침에사과한개500ml,음료>주스>주스(소병),음료,주스,주스(소병),당일픽업,11,6,20.0,6,4,0,1,0,0,2025-04-08,2025-04-30,2300.0,4,1,20,66.6667,16.6667,66.6667,3.3333
411176,맨담)갸스비왁스와일드80g_H,미용/화장품>헤어스타일링>왁스,미용/화장품,헤어스타일링,왁스,당일픽업,14,1,20.0,11,3,0,0,0,0,2025-04-13,2025-04-15,9800.0,3,0,20,27.2727,0.0,27.2727,20.0
391135,유한)좋은느낌입는데이팬티대형4,위생용품>생리대>4P,위생용품,생리대,4P,당일픽업,16,7,20.0,12,3,1,0,0,0,2025-04-09,2025-04-27,10900.0,2,0,20,25.0,0.0,16.6667,2.8571
123109,삼립)잭슨어니언미트치즈부리또125g,간식>냉장피자>브리또,간식,냉장피자,브리또,당일픽업,17,9,20.0,13,2,1,1,0,0,2025-04-07,2025-04-25,3500.0,1,1,20,15.3846,7.6923,7.6923,2.2222
072008,CJ)맥스봉숯불구이맛핫바90g,냉장>냉장간식>소형바,냉장,냉장간식,소형바,당일픽업,20,12,20.0,18,1,1,0,0,0,2025-04-02,2025-04-28,2700.0,0,0,20,5.5556,0.0,0.0,1.6667
040813,르구르망)몬테스낵29g,디저트>냉장베이커리>냉장과자,디저트,냉장베이커리,냉장과자,당일픽업,19,14,20.0,16,1,0,1,1,0,2025-04-01,2025-04-30,1600.0,1,0,20,6.25,6.25,6.25,1.4286
391146,LG)쏘피안심숙면팬티4P(M),위생용품>생리대>4P,위생용품,생리대,4P,당일픽업,14,6,20.0,11,3,0,0,0,0,2025-04-03,2025-04-29,10500.0,3,0,20,27.2727,0.0,27.2727,3.3333
362154,존슨)리스테린쿨민트 마일드_H,H&B>치약>액상치약,H&B,치약,액상치약,당일픽업,16,7,20.0,11,2,1,2,0,0,2025-04-01,2025-04-24,2400.0,1,2,20,18.1818,18.1818,9.0909,2.8571
107433,K리그X산리오 스트랩키링(포차코/전북),문구/완구>일반완구>일반완구,문구/완구,일반완구,일반완구,당일픽업,16,11,20.0,12,0,0,4,0,0,2025-04-01,2025-04-27,9000.0,0,4,20,0.0,33.3333,0.0,1.8182
421299,PB)이력서_H,문구/완구>노트/봉투>노트/수첩류,문구/완구,노트/봉투,노트/수첩류,당일픽업,13,5,20.0,9,3,0,1,0,0,2025-04-13,2025-04-25,1600.0,3,1,20,33.3333,11.1111,33.3333,4.0
117694,오리온)치킨팝닭강정맛65g,과자>스낵류>일반스낵,과자,스낵류,일반스낵,당일픽업,14,5,20.0,9,4,1,0,0,0,2025-04-01,2025-04-17,1100.0,3,0,20,44.4444,0.0,33.3333,4.0
351782,유니)바세린 스킨젤리100ml_H,미용/화장품>여성화장품>핸드바디용품,미용/화장품,여성화장품,핸드바디용품,당일픽업,12,3,20.0,7,3,0,2,0,0,2025-04-12,2025-04-19,3900.0,3,2,20,42.8571,28.5714,42.8571,6.6667
106955,LG)쏘피유기농대형4P,위생용품>생리대>4P,위생용품,생리대,4P,당일픽업,18,11,20.0,13,3,2,0,0,0,2025-04-09,2025-04-30,3500.0,1,0,20,23.0769,0.0,7.6923,1.8182
220673,CJ)햇반200g*3입,가공식품>가공미반류>즉석밥,가공식품,가공미반류,즉석밥,교환권,13,5,20.0,7,4,1,1,0,0,2025-04-01,2025-04-28,5700.0,3,1,20,57.1429,14.2857,42.8571,4.0
107543,유앤)한입허니꽈배기450g,과자>스낵류>전통스낵,과자,스낵류,전통스낵,당일픽업,18,8,20.0,16,0,0,2,0,0,2025-04-09,2025-04-27,9900.0,0,2,20,0.0,12.5,0.0,2.5
114678,투핸즈 릴리스 가든 750ml,양주와인>와인>레드,양주와인,와인,레드,사전예약,17,15,20.0,14,0,0,3,0,0,2025-04-03,2025-04-27,110000.0,0,3,20,0.0,21.4286,0.0,1.3333
107453,PB)K리그팝콘200g,과자>스낵류>옥수수스낵,과자,스낵류,옥수수스낵,당일픽업,22,16,20.0,21,0,0,0,1,0,2025-04-01,2025-04-24,5000.0,0,-1,20,0.0,0.0,0.0,1.25
124496,와일드무어 30년,양주와인>양주>위스키,양주와인,양주,위스키,사전예약,16,15,20.0,12,0,0,4,0,0,2025-04-01,2025-04-25,729000.0,0,4,20,0.0,33.3333,0.0,1.3333
412704,PB)커널형이어셋(화이트)_H,일용잡화>휴대폰/주변기기>이어폰/이어셋,일용잡화,휴대폰/주변기기,이어폰/이어셋,당일픽업,15,8,20.0,12,2,0,1,0,0,2025-04-11,2025-04-29,10500.0,2,1,20,16.6667,8.3333,16.6667,2.5
240015,CJ)백설튀김가루500g,조미료/건물>분말가루>밀가루/프리믹스,조미료/건물,분말가루,밀가루/프리믹스,당일픽업,16,5,20.0,12,3,1,0,0,0,2025-04-01,2025-04-25,2800.0,2,0,20,25.0,0.0,16.6667,4.0
191973,리카솔리 로카 기치아르다,양주와인>와인>레드,양주와인,와인,레드,사전예약,15,9,20.0,12,2,0,1,0,0,2025-04-02,2025-04-29,51900.0,2,1,20,16.6667,8.3333,16.6667,2.2222
114335,스위트)트롤리사우어글로웜즈미니200g,과자>젤리류>수입젤리,과자,젤리류,수입젤리,당일픽업,16,4,20.0,12,3,1,0,0,0,2025-04-08,2025-04-29,8000.0,2,0,20,25.0,0.0,16.6667,5.0
370708,PB)나무젓가락 10입,가정용품>행락용품>일회용품,가정용품,행락용품,일회용품,당일픽업,16,6,20.0,10,4,2,0,0,0,2025-04-05,2025-04-24,1000.0,2,0,20,40.0,0.0,20.0,3.3333
391101,깨끗한)디어스킨리얼모달중형16P,위생용품>생리대>중형,위생용품,생리대,중형,당일픽업,16,9,20.0,11,2,0,2,1,0,2025-04-01,2025-04-29,8600.0,2,1,20,18.1818,18.1818,18.1818,2.2222
117122,롯데)스카치캔디2500,과자>캔디류>봉지캔디,과자,캔디류,봉지캔디,당일픽업,14,8,20.0,9,4,1,0,0,0,2025-04-01,2025-04-24,2500.0,3,0,20,44.4444,0.0,33.3333,2.5
109926,디콘 700ml,양주와인>양주>위스키,양주와인,양주,위스키,사전예약,20,17,20.0,17,0,0,2,1,0,2025-04-02,2025-04-30,64800.0,0,1,20,0.0,11.7647,0.0,1.1765
108452,동서)스타벅스셀렉트카라멜라떼300ml,음료>커피음료>PET커피,음료,커피음료,PET커피,당일픽업,12,7,20.0,7,3,0,2,0,0,2025-04-01,2025-04-28,2900.0,3,2,20,42.8571,28.5714,42.8571,2.8571
421280,록타이트)순간접착제20g(액상)_H,문구/완구>일반문구>수정/접착용품,문구/완구,일반문구,수정/접착용품,당일픽업,12,2,20.0,8,4,0,0,0,0,2025-04-08,2025-04-11,5300.0,4,0,20,50.0,0.0,50.0,10.0
161316,코카)조지아라떼240ml캔,음료>커피음료>캔커피(일반),음료,커피음료,캔커피(일반),당일픽업,12,5,20.0,8,4,0,0,0,0,2025-04-07,2025-04-25,1400.0,4,0,20,50.0,0.0,50.0,4.0
401883,루치온데일리마스크5입블랙(국산_H,약품/의료품>의약외품>마스크,약품/의료품,의약외품,마스크,당일픽업,13,8,19.0,10,3,0,0,0,0,2025-04-01,2025-04-30,2500.0,3,0,19,30.0,0.0,30.0,2.375
105773,PB)카덴유부우동259g,냉장>냉장간편식>냉장면,냉장,냉장간편식,냉장면,교환권,14,8,19.0,11,2,0,1,0,0,2025-04-03,2025-04-29,4500.0,2,1,19,18.1818,9.0909,18.1818,2.375
119316,농심)츄파춥스사워크롤러60g,과자>젤리류>수입젤리,과자,젤리류,수입젤리,당일픽업,17,9,19.0,9,3,2,2,1,0,2025-04-05,2025-04-29,1400.0,1,1,19,33.3333,22.2222,11.1111,2.1111
123361,더 그레이프 그라인더 쉬라즈,양주와인>와인>레드,양주와인,와인,레드,사전예약,18,17,19.0,17,0,0,1,0,0,2025-04-02,2025-04-29,24900.0,0,1,19,0.0,5.8824,0.0,1.1176
030219,CJ)모닝두부,신선>야채>두부/콩나물,신선,야채,두부/콩나물,교환권,12,9,19.0,7,2,0,3,0,0,2025-04-01,2025-04-30,2000.0,2,3,19,28.5714,42.8571,28.5714,2.1111
124295,LG)아우라퍼퓸캡슐1L(베이비머스크)_H,가정용품>세제류>섬유유연제,가정용품,세제류,섬유유연제,당일픽업,17,14,19.0,16,1,0,0,0,0,2025-04-06,2025-04-23,13900.0,1,0,19,6.25,0.0,6.25,1.3571
124460,PB)쫀득딸기멜로바60g,과자>캔디류>봉지캔디,과자,캔디류,봉지캔디,당일픽업,18,15,19.0,14,0,0,3,1,0,2025-04-03,2025-04-30,3000.0,0,2,19,0.0,21.4286,0.0,1.2667
124319,글렌알라키 10CS #11,양주와인>양주>위스키,양주와인,양주,위스키,사전예약,17,12,19.0,15,0,0,2,0,0,2025-04-23,2025-04-29,205000.0,0,2,19,0.0,13.3333,0.0,1.5833
162146,바프)마늘빵아몬드40g,안주>너트류>봉지너트,안주,너트류,봉지너트,당일픽업,14,8,19.0,9,3,1,1,0,0,2025-04-05,2025-04-25,2500.0,2,1,19,33.3333,11.1111,22.2222,2.375
123479,라포스톨 뀌베 알렉상드르 까르메네르,양주와인>와인>레드,양주와인,와인,레드,사전예약,19,17,19.0,16,0,0,2,1,0,2025-04-01,2025-04-28,48900.0,0,1,19,0.0,12.5,0.0,1.1176
108070,칠성)펩시라임제로카페인500ml,음료>탄산음료>콜라(중),음료,탄산음료,콜라(중),당일픽업,19,13,19.0,14,1,0,2,2,0,2025-04-01,2025-04-30,2300.0,1,0,19,7.1429,14.2857,7.1429,1.4615
123549,해태)오사쯔빠스50g,과자>스낵류>일반스낵,과자,스낵류,일반스낵,교환권,18,15,19.0,15,1,1,1,0,0,2025-04-01,2025-04-26,1700.0,0,1,19,6.6667,6.6667,0.0,1.2667
105916,유한)좋은느낌무표백중형4P,위생용품>생리대>4P,위생용품,생리대,4P,당일픽업,17,16,19.0,16,1,0,0,0,0,2025-04-03,2025-04-26,3900.0,1,0,19,6.25,0.0,6.25,1.1875
123391,리치)럭히밥XXL로제떡볶이710g,냉장>냉장간편식>냉장떡볶이,냉장,냉장간편식,냉장떡볶이,당일픽업,19,14,19.0,19,0,0,0,0,0,2025-04-01,2025-04-30,13900.0,0,0,19,0.0,0.0,0.0,1.3571
162047,썬푸드)바베큐오징어30g,안주>오징어>오징어,안주,오징어,오징어,당일픽업,15,9,19.0,10,2,1,2,0,0,2025-04-01,2025-04-25,4200.0,1,2,19,20.0,20.0,10.0,2.1111
111380,네슬레)킷캣산타,과자>초콜릿>봉지초콜릿,과자,초콜릿,봉지초콜릿,당일픽업,25,18,19.0,20,1,2,0,2,0,2025-04-01,2025-04-30,5900.0,-1,-2,19,5.0,0.0,-5.0,1.0556
123367,또스띠 레드 아모레 NV,양주와인>와인>스파클링(샴페인),양주와인,와인,스파클링(샴페인),사전예약,13,7,19.0,9,2,0,2,0,0,2025-04-01,2025-04-17,26900.0,2,2,19,22.2222,22.2222,22.2222,2.7143
124504,하림)더미식마파두부덮밥소스150g,가공식품>상온간편식>레토르트 소스/분말,가공식품,상온간편식,레토르트 소스/분말,당일픽업,19,9,19.0,15,2,2,0,0,0,2025-04-02,2025-04-28,4000.0,0,0,19,13.3333,0.0,0.0,2.1111
061535,덴마크)얼라이브스위티자몽250ml,유음료>냉장주스>유산균음료,유음료,냉장주스,유산균음료,당일픽업,14,5,19.0,9,3,1,1,0,0,2025-04-14,2025-04-25,1700.0,2,1,19,33.3333,11.1111,22.2222,3.8
370362,깨끗한)깨끗한나라물티슈30,위생용품>티슈>물티슈,위생용품,티슈,물티슈,당일픽업,14,5,19.0,7,4,2,1,0,0,2025-04-11,2025-04-30,1900.0,2,1,19,57.1429,14.2857,28.5714,3.8
601009,엔제이)포지타노레몬캔디49g,과자>캔디류>과일향캔디,과자,캔디류,과일향캔디,당일픽업,16,7,19.0,8,4,3,1,0,0,2025-04-02,2025-04-30,2000.0,1,1,19,50.0,12.5,12.5,2.7143
202553,농심)웰치스제로포도355ml,음료>탄산음료>제로탄산,음료,탄산음료,제로탄산,당일픽업,17,10,19.0,9,3,2,2,1,0,2025-04-02,2025-04-30,1500.0,1,1,19,33.3333,22.2222,11.1111,1.9
160054,칠성)펩시콜라1.5P,음료>탄산음료>콜라(대),음료,탄산음료,콜라(대),당일픽업,12,5,19.0,8,3,0,1,0,0,2025-04-04,2025-04-27,3900.0,3,1,19,37.5,12.5,37.5,3.8
202608,오츠카)나랑드사이다그린애플500,음료>탄산음료>제로탄산,음료,탄산음료,제로탄산,당일픽업,12,6,19.0,6,4,1,1,0,0,2025-04-08,2025-04-25,2000.0,3,1,19,66.6667,16.6667,50.0,3.1667
124287,한입)게맛살깡와사비맛30g,안주>스낵안주>일반스낵,안주,스낵안주,일반스낵,교환권,16,10,19.0,11,1,1,3,0,0,2025-04-02,2025-04-28,4900.0,0,3,19,9.0909,27.2727,0.0,1.9
118338,마즈)이클립스스피아민트34g,과자>캔디류>기능성캔디,과자,캔디류,기능성캔디,당일픽업,15,5,19.0,9,4,2,0,0,0,2025-04-04,2025-04-30,3300.0,2,0,19,44.4444,0.0,22.2222,3.8
141142,오뚜기)옛날사골곰탕500ml,가공식품>상온간편식>레토르트 국탕찌개,가공식품,상온간편식,레토르트 국탕찌개,당일픽업,10,1,19.0,5,4,0,1,0,0,2025-04-28,2025-04-30,3000.0,4,1,19,80.0,20.0,80.0,19.0
391027,유한)하기스물티슈캡형72매,위생용품>티슈>물티슈,위생용품,티슈,물티슈,당일픽업,15,6,19.0,11,3,1,0,0,0,2025-04-06,2025-04-30,6800.0,2,0,19,27.2727,0.0,18.1818,3.1667
180580,우리술)톡쏘는알밤동동750ml,전통주>막걸리>살균막걸리,전통주,막걸리,살균막걸리,당일픽업,16,11,19.0,14,1,0,1,0,0,2025-04-05,2025-04-30,2600.0,1,1,19,7.1429,7.1429,7.1429,1.7273
107785,동아)모닝케어프레스온(위),음료>기능성드링크>숙취해소음료,음료,기능성드링크,숙취해소음료,당일픽업,15,9,19.0,11,3,1,0,0,0,2025-04-02,2025-04-29,6000.0,2,0,19,27.2727,0.0,18.1818,2.1111
160052,칠성)칠성사이다500ml,음료>탄산음료>사이다(중),음료,탄산음료,사이다(중),교환권,15,5,19.0,9,4,2,0,0,0,2025-04-06,2025-04-29,2300.0,2,0,19,44.4444,0.0,22.2222,3.8
124517,대호)밀크커피230ml,즉석음료>파우치>아이스커피,즉석음료,파우치,아이스커피,당일픽업,11,7,19.0,7,4,0,0,0,0,2025-04-14,2025-04-28,1400.0,4,0,19,57.1429,0.0,57.1429,2.7143
108603,롯데)졸음번쩍에너지껌87g,과자>껌>용기껌,과자,껌,용기껌,당일픽업,13,5,19.0,10,3,0,0,0,0,2025-04-03,2025-04-28,6000.0,3,0,19,30.0,0.0,30.0,3.8
601416,MZ)밀카초코슈프림30g,과자>비스킷류>크래커,과자,비스킷류,크래커,교환권,14,10,19.0,11,2,0,1,0,0,2025-04-02,2025-04-28,1500.0,2,1,19,18.1818,9.0909,18.1818,1.9
391074,좋은느낌유기농순면수퍼롱오버8,위생용품>생리대>대형,위생용품,생리대,대형,당일픽업,15,8,19.0,13,2,0,0,0,0,2025-04-05,2025-04-30,10600.0,2,0,19,15.3846,0.0,15.3846,2.375
114431,켈로그)콘푸로스트230g,과자>비스킷류>시리얼,과자,비스킷류,시리얼,당일픽업,15,12,19.0,13,2,0,0,0,0,2025-04-02,2025-04-28,4000.0,2,0,19,15.3846,0.0,15.3846,1.5833
123358,발레벨보 모스까또 다스띠 NV,양주와인>와인>스파클링(샴페인),양주와인,와인,스파클링(샴페인),사전예약,16,13,19.0,13,0,0,3,0,0,2025-04-01,2025-04-28,23900.0,0,3,19,0.0,23.0769,0.0,1.4615
102014,롯데)자일리톨용기껌,과자>껌>용기껌,과자,껌,용기껌,당일픽업,17,9,19.0,10,4,3,0,0,0,2025-04-01,2025-04-29,6000.0,1,0,19,40.0,0.0,10.0,2.1111
421693,선린)평화100 인주_H,문구/완구>사무용품>일반사무용품,문구/완구,사무용품,일반사무용품,당일픽업,12,1,19.0,6,4,0,1,1,0,2025-04-08,2025-04-09,2700.0,4,0,19,66.6667,16.6667,66.6667,19.0
105109,PB)샤인머스켓에이드230ml,즉석음료>파우치>아이스티,즉석음료,파우치,아이스티,당일픽업,15,8,19.0,9,4,2,0,0,0,2025-04-03,2025-04-28,1300.0,2,0,19,44.4444,0.0,22.2222,2.375
124131,롯데)이너프토스티드브레드45g,과자>비스킷류>쿠키,과자,비스킷류,쿠키,교환권,15,5,19.0,10,2,0,2,1,0,2025-04-05,2025-04-19,3800.0,2,1,19,20.0,20.0,20.0,3.8
133730,대상)남해멸치액젓골드500ml,조미료/건물>소스류>양념장/조리소스,조미료/건물,소스류,양념장/조리소스,당일픽업,12,4,19.0,8,3,0,1,0,0,2025-04-05,2025-04-23,4300.0,3,1,19,37.5,12.5,37.5,4.75
124499,존쿡)불닭킬바사비엔나140g,냉장>냉장간식>햄/비엔나 ,냉장,냉장간식,햄/비엔나 ,당일픽업,17,12,19.0,16,1,0,0,0,0,2025-04-08,2025-04-29,5500.0,1,0,19,6.25,0.0,6.25,1.5833
117187,오리온)아이셔청사과맛42g,과자>젤리류>국산젤리,과자,젤리류,국산젤리,당일픽업,20,7,19.0,10,4,4,1,1,0,2025-04-05,2025-04-26,900.0,0,0,19,40.0,10.0,0.0,2.7143
071968,목우촌)훈제치킨닭다리2입,냉장>냉장안주>치킨안주,냉장,냉장안주,치킨안주,당일픽업,15,6,19.0,13,2,0,0,0,0,2025-04-02,2025-04-30,3900.0,2,0,19,15.3846,0.0,15.3846,3.1667
112113,크라운)마이쮸복숭아44g,과자>캔디류>소프트캔디,과자,캔디류,소프트캔디,당일픽업,17,7,19.0,15,0,0,2,0,0,2025-04-08,2025-04-17,800.0,0,2,19,0.0,13.3333,0.0,2.7143
107306,PB)파리의이온비타레몬제로500ml,음료>스포츠음료>스포츠음료(중),음료,스포츠음료,스포츠음료(중),당일픽업,16,15,19.0,14,1,0,1,0,0,2025-04-01,2025-04-24,2500.0,1,1,19,7.1429,7.1429,7.1429,1.2667
190226,진로)매화수,전통주>기타전통주>과실주,전통주,기타전통주,과실주,당일픽업,19,6,19.0,17,1,1,0,0,0,2025-04-02,2025-04-26,2500.0,0,0,19,5.8824,0.0,0.0,3.1667
104674,크라운)빅파이216g,과자>비스킷류>파이,과자,비스킷류,파이,교환권,13,9,19.0,10,3,0,0,0,0,2025-04-01,2025-04-30,3200.0,3,0,19,30.0,0.0,30.0,2.1111
161571,정화)오징어는땅콩을좋아해55g,안주>오징어>오징어,안주,오징어,오징어,당일픽업,13,7,19.0,8,4,1,0,0,0,2025-04-11,2025-04-30,7200.0,3,0,19,50.0,0.0,37.5,2.7143
116330,MQ)켈로그레드베리에너지바25g,과자>프로틴/시리얼>영양바류,과자,프로틴/시리얼,영양바류,당일픽업,18,7,19.0,17,0,0,1,0,0,2025-04-01,2025-04-25,1500.0,0,1,19,0.0,5.8824,0.0,2.7143
109942,레드브레스트15년 700ml,양주와인>양주>위스키,양주와인,양주,위스키,사전예약,20,13,19.0,15,0,0,3,2,0,2025-04-01,2025-04-27,208000.0,0,1,19,0.0,20.0,0.0,1.4615
106539,PB)카덴카라미소라멘212.9g,냉장>냉장간편식>냉장면,냉장,냉장간편식,냉장면,당일픽업,17,10,19.0,10,1,2,4,0,0,2025-04-01,2025-04-30,4500.0,-1,4,19,10.0,40.0,-10.0,1.9
109882,월계관오쵸코다이긴죠(5입),전통주>기타전통주>중국/일본주,전통주,기타전통주,중국/일본주,사전예약,17,10,19.0,10,1,0,4,2,0,2025-04-03,2025-04-30,23900.0,1,2,19,10.0,40.0,10.0,1.9
160765,칠성)델몬트망고1.5L,음료>주스>주스(대),음료,주스,주스(대),당일픽업,14,4,19.0,7,4,1,1,1,0,2025-04-08,2025-04-15,4500.0,3,0,19,57.1429,14.2857,42.8571,4.75
600169,마즈)이클립스소프트청포도45g,과자>캔디류>과일향캔디,과자,캔디류,과일향캔디,당일픽업,13,8,19.0,9,2,0,2,0,0,2025-04-01,2025-04-14,1800.0,2,2,19,22.2222,22.2222,22.2222,2.375
362571,LG)핑크솔트바디워시200ml_H,H&B>화장비누/바디클렌저>바디클렌저,H&B,화장비누/바디클렌저,바디클렌저,당일픽업,17,13,19.0,14,2,1,0,0,0,2025-04-02,2025-04-30,5500.0,1,0,19,14.2857,0.0,7.1429,1.4615
202035,코카)몬스터울트라(시트라)355ml,음료>기능성드링크>에너지음료,음료,기능성드링크,에너지음료,당일픽업,11,6,19.0,7,4,0,0,0,0,2025-04-03,2025-04-25,2300.0,4,0,19,57.1429,0.0,57.1429,3.1667
401509,동국)마데카메디패치(스팟)33매_H,약품/의료품>의약외품>응급위생용품,약품/의료품,의약외품,응급위생용품,당일픽업,15,5,19.0,13,2,0,0,0,0,2025-04-13,2025-04-27,3900.0,2,0,19,15.3846,0.0,15.3846,3.8
072648,진주햄)천하장사70g,냉장>냉장간식>간식/소시지,냉장,냉장간식,간식/소시지,당일픽업,14,11,19.0,11,2,0,1,0,0,2025-04-03,2025-04-23,2800.0,2,1,19,18.1818,9.0909,18.1818,1.7273
202649,이디야)트리플아메리카노500ml,음료>커피음료>PET커피,음료,커피음료,PET커피,당일픽업,16,8,19.0,12,2,1,1,0,0,2025-04-02,2025-04-30,2700.0,1,1,19,16.6667,8.3333,8.3333,2.375
114857,코노수르 20배럴 까베르네소비뇽750ml,양주와인>와인>레드,양주와인,와인,레드,사전예약,17,16,18.0,16,0,0,1,0,0,2025-04-01,2025-04-26,67000.0,0,1,18,0.0,6.25,0.0,1.125
202492,코카)닥터페퍼500ml,음료>탄산음료>콜라(중),음료,탄산음료,콜라(중),당일픽업,19,10,18.0,13,2,3,1,0,0,2025-04-01,2025-04-28,2200.0,-1,1,18,15.3846,7.6923,-7.6923,1.8
124734,빙그레)딥앤로우쫀득카라멜바70ml,아이스크림>노벨티>바,아이스크림,노벨티,바,당일픽업,16,10,18.0,10,2,2,2,0,0,2025-04-10,2025-04-30,2200.0,0,2,18,20.0,20.0,0.0,1.8
073569,PB)화육계몬스터계란말이300g,냉장>냉장안주>육가공안주,냉장,냉장안주,육가공안주,당일픽업,17,10,18.0,14,1,1,1,0,0,2025-04-01,2025-04-30,6600.0,0,1,18,7.1429,7.1429,0.0,1.8
124212,돈멜초2021,양주와인>와인>레드,양주와인,와인,레드,사전예약,18,17,18.0,18,0,0,0,0,0,2025-04-02,2025-04-29,299000.0,0,0,18,0.0,0.0,0.0,1.0588
108550,피치)블루베리모양미니젤리,과자>젤리류>수입젤리,과자,젤리류,수입젤리,당일픽업,15,8,18.0,13,1,0,1,0,0,2025-04-07,2025-04-19,2800.0,1,1,18,7.6923,7.6923,7.6923,2.25
108456,청정원)찌개두부300g,신선>야채>두부/콩나물,신선,야채,두부/콩나물,당일픽업,14,5,18.0,10,3,1,0,0,0,2025-04-05,2025-04-29,1900.0,2,0,18,30.0,0.0,20.0,3.6
412956,벤투스)8핀분리형충전기(2포트)_H,일용잡화>휴대폰/주변기기>스마트폰 액세서리,일용잡화,휴대폰/주변기기,스마트폰 액세서리,당일픽업,16,11,18.0,15,1,0,0,0,0,2025-04-01,2025-04-28,17500.0,1,0,18,6.6667,0.0,6.6667,1.6364
601579,PB)단백질바넛츠50g,과자>프로틴/시리얼>영양바류,과자,프로틴/시리얼,영양바류,교환권,16,12,18.0,12,1,0,2,1,0,2025-04-02,2025-04-21,1500.0,1,1,18,8.3333,16.6667,8.3333,1.5
372047,모나미)전기절연테이프_H,가정용품>청소/작업용품>테이프류,가정용품,청소/작업용품,테이프류,당일픽업,14,10,18.0,10,3,1,0,0,0,2025-04-04,2025-04-30,1500.0,2,0,18,30.0,0.0,20.0,1.8
030507,사조)한입피자콤비네이션80g,간식>냉장피자>냉장피자,간식,냉장피자,냉장피자,당일픽업,15,11,18.0,13,1,0,1,0,0,2025-04-01,2025-04-18,2500.0,1,1,18,7.6923,7.6923,7.6923,1.6364
600258,농심)멘토스민트(포도)21g,과자>캔디류>기능성캔디,과자,캔디류,기능성캔디,당일픽업,14,5,18.0,8,4,2,0,0,0,2025-04-08,2025-04-29,2000.0,2,0,18,50.0,0.0,25.0,3.6
109526,마즈)트윅스헤이즐넛50g,과자>초콜릿>바초콜릿,과자,초콜릿,바초콜릿,교환권,13,8,18.0,9,1,0,3,0,0,2025-04-01,2025-04-30,1500.0,1,3,18,11.1111,33.3333,11.1111,2.25
210878,하겐)스위트러브케익755g,아이스크림>고급>케익,아이스크림,고급,케익,당일픽업,17,6,18.0,16,0,0,1,0,0,2025-04-05,2025-04-25,39000.0,0,1,18,0.0,6.25,0.0,3.0
123454,버블 넘버원 핑크라벨 NV,양주와인>와인>스파클링(샴페인),양주와인,와인,스파클링(샴페인),사전예약,16,14,18.0,14,0,0,2,0,0,2025-04-05,2025-04-30,32900.0,0,2,18,0.0,14.2857,0.0,1.2857
107349,MDS)베이컨로제파스타230g,간식>냉장피자>파스타/그라탕,간식,냉장피자,파스타/그라탕,당일픽업,12,4,18.0,9,3,0,0,0,0,2025-04-19,2025-04-29,4200.0,3,0,18,33.3333,0.0,33.3333,4.5
109920,시뇨리 모스카토다스티(12입),양주와인>와인>화이트,양주와인,와인,화이트,사전예약,17,15,18.0,16,0,0,1,0,0,2025-04-02,2025-04-27,142800.0,0,1,18,0.0,6.25,0.0,1.2
170645,오비)스텔라아르투아500ml캔_4입,맥주>수입맥주>캔맥주(중),맥주,수입맥주,캔맥주(중),당일픽업,18,13,18.0,18,0,0,0,0,0,2025-04-02,2025-04-28,19600.0,0,0,18,0.0,0.0,0.0,1.3846
220035,오뚜)3분쇠고기짜장200g,가공식품>상온간편식>레토르트 소스/분말,가공식품,상온간편식,레토르트 소스/분말,당일픽업,18,7,18.0,7,4,3,2,2,0,2025-04-03,2025-04-26,2500.0,1,0,18,57.1429,28.5714,14.2857,2.5714
109634,스퀴즈)하이볼에빠진라임500ml캔,양주와인>하이볼>국산하이볼,양주와인,하이볼,국산하이볼,당일픽업,16,13,18.0,15,1,0,0,0,0,2025-04-01,2025-04-27,4500.0,1,0,18,6.6667,0.0,6.6667,1.3846
390710,깨끗한)깨끗한나라물티슈10매,위생용품>티슈>물티슈,위생용품,티슈,물티슈,당일픽업,12,7,18.0,7,4,1,0,0,0,2025-04-03,2025-04-29,1000.0,3,0,18,57.1429,0.0,42.8571,2.5714
053173,버팔로윙봉,즉석 식품>즉석치킨(삭제예정)>조각류_삭제예정,즉석 식품,즉석치킨(삭제예정),조각류_삭제예정,당일픽업,14,11,18.0,12,2,0,0,0,0,2025-04-02,2025-04-23,8900.0,2,0,18,16.6667,0.0,16.6667,1.6364
124228,야마자키 12년,양주와인>양주>위스키,양주와인,양주,위스키,사전예약,11,10,18.0,4,0,0,7,0,0,2025-04-01,2025-04-20,315000.0,0,7,18,0.0,175.0,0.0,1.8
200794,코카)미닛메이드허니유자280ml,음료>전통음료>전통음료(중),음료,전통음료,전통음료(중),당일픽업,10,2,18.0,6,4,0,0,0,0,2025-04-02,2025-04-25,2000.0,4,0,18,66.6667,0.0,66.6667,9.0
105289,올리)순수얼음1kg,즉석음료>얼음>대용량얼음,즉석음료,얼음,대용량얼음,당일픽업,14,7,18.0,10,3,1,0,0,0,2025-04-03,2025-04-28,2200.0,2,0,18,30.0,0.0,20.0,2.5714
107790,K리그산리오)인형_마이멜로디,문구/완구>일반완구>일반완구,문구/완구,일반완구,일반완구,당일픽업,16,12,18.0,14,0,0,2,0,0,2025-04-02,2025-04-28,25000.0,0,2,18,0.0,14.2857,0.0,1.5
123643,하리보)스위트러브100g,과자>젤리류>수입젤리,과자,젤리류,수입젤리,당일픽업,10,4,18.0,6,4,0,0,0,0,2025-04-12,2025-04-18,2500.0,4,0,18,66.6667,0.0,66.6667,4.5
124960,로로)수건모양아이스케익바닐라,아이스크림>고급>기타,아이스크림,고급,기타,당일픽업,14,12,18.0,11,1,0,2,0,0,2025-04-09,2025-04-30,4500.0,1,2,18,9.0909,18.1818,9.0909,1.5
413479,포유)C타입급속충전기_H,일용잡화>휴대폰/주변기기>스마트폰 액세서리,일용잡화,휴대폰/주변기기,스마트폰 액세서리,당일픽업,14,7,18.0,12,2,0,0,0,0,2025-04-02,2025-04-28,17000.0,2,0,18,16.6667,0.0,16.6667,2.5714
124487,유앤)흔들흔들판다젤리68g,디저트>젤리>떠먹는젤리,디저트,젤리,떠먹는젤리,당일픽업,16,10,18.0,13,2,1,0,0,0,2025-04-01,2025-04-26,2200.0,1,0,18,15.3846,0.0,7.6923,1.8
124959,로로)수건모양아이스케익초코,아이스크림>고급>기타,아이스크림,고급,기타,당일픽업,16,11,18.0,15,1,0,0,0,0,2025-04-13,2025-04-29,4500.0,1,0,18,6.6667,0.0,6.6667,1.6364
107816,K리그산리오)인형 키링_시나모롤,문구/완구>일반완구>일반완구,문구/완구,일반완구,일반완구,당일픽업,16,12,18.0,14,0,0,2,0,0,2025-04-02,2025-04-26,15000.0,0,2,18,0.0,14.2857,0.0,1.5
061634,매일)바리스타블랙325ml,유음료>컵커피>300ml 이상,유음료,컵커피,300ml 이상,당일픽업,15,9,18.0,9,3,1,1,1,0,2025-04-04,2025-04-29,3500.0,2,0,18,33.3333,11.1111,22.2222,2.0
200820,웅진)꿀홍삼180ml,음료>전통음료>전통음료(소),음료,전통음료,전통음료(소),당일픽업,10,4,18.0,6,4,0,0,0,0,2025-04-03,2025-04-30,1500.0,4,0,18,66.6667,0.0,66.6667,4.5
132709,팔도)틈새라면매운김치컵,면>용기면>라면(대형컵),면,용기면,라면(대형컵),교환권,16,10,18.0,11,3,2,0,0,0,2025-04-01,2025-04-27,1800.0,1,0,18,27.2727,0.0,9.0909,1.8
180909,롯데)순하리레몬진4.5 500ml캔,전통주>기타전통주>과실주,전통주,기타전통주,과실주,당일픽업,12,9,18.0,8,2,0,2,0,0,2025-04-02,2025-04-21,2750.0,2,2,18,25.0,25.0,25.0,2.0
106032,크라운)밤양갱,과자>캔디류>소프트캔디,과자,캔디류,소프트캔디,교환권,16,8,18.0,10,2,1,2,1,0,2025-04-02,2025-04-30,700.0,1,1,18,20.0,20.0,10.0,2.25
061832,정식품)베지밀아몬드호두190ml,유음료>두유>병두유,유음료,두유,병두유,당일픽업,14,7,18.0,7,3,1,2,1,0,2025-04-02,2025-04-26,2000.0,2,1,18,42.8571,28.5714,28.5714,2.5714
061531,뉴초이스)아쌈블랙티400ml,유음료>가공우유>기타,유음료,가공우유,기타,당일픽업,13,3,18.0,10,2,0,1,0,0,2025-04-10,2025-04-25,1900.0,2,1,18,20.0,10.0,20.0,6.0
124700,풀무원)아임리얼100사과140ml,유음료>냉장주스>냉장주스(소),유음료,냉장주스,냉장주스(소),당일픽업,16,8,18.0,11,3,2,0,0,0,2025-04-06,2025-04-30,1800.0,1,0,18,27.2727,0.0,9.0909,2.25
123957,PB)곱창볶음160g,냉동>조리냉동>냉동안주류,냉동,조리냉동,냉동안주류,당일픽업,14,8,18.0,12,2,0,0,0,0,2025-04-01,2025-04-29,8900.0,2,0,18,16.6667,0.0,16.6667,2.25
108336,서주)허쉬초코모나카140ml,아이스크림>노벨티>모나카,아이스크림,노벨티,모나카,당일픽업,17,5,18.0,12,2,2,1,0,0,2025-04-03,2025-04-24,3000.0,0,1,18,16.6667,8.3333,0.0,3.6
053211,대왕튀김만두,즉석 식품>즉석치킨>기타류 ,즉석 식품,즉석치킨,기타류 ,당일픽업,17,17,18.0,16,0,0,1,0,0,2025-04-02,2025-04-30,1700.0,0,1,18,0.0,6.25,0.0,1.0588
372256,피죤)액츠실내건조캡슐세제(15입_H,가정용품>세제류>세탁세제,가정용품,세제류,세탁세제,당일픽업,14,11,18.0,12,2,0,0,0,0,2025-04-01,2025-04-29,11900.0,2,0,18,16.6667,0.0,16.6667,1.6364
109168,롯데)제로시트러스유자젤리40g,과자>젤리류>국산젤리,과자,젤리류,국산젤리,교환권,18,10,18.0,12,3,3,0,0,0,2025-04-03,2025-04-30,1200.0,0,0,18,25.0,0.0,0.0,1.8
600858,농심)딸기바나나킥60g,과자>스낵류>옥수수스낵,과자,스낵류,옥수수스낵,당일픽업,15,8,18.0,13,1,0,1,0,0,2025-04-07,2025-04-23,1700.0,1,1,18,7.6923,7.6923,7.6923,2.25
191202,나라)몬테스알파샤도네이750ml,양주와인>와인>화이트,양주와인,와인,화이트,당일픽업,16,15,18.0,14,0,0,2,0,0,2025-04-03,2025-04-30,39900.0,0,2,18,0.0,14.2857,0.0,1.2
360459,해외)003콘돔3입_H,약품/의료품>의약외품>일반콘돔,약품/의료품,의약외품,일반콘돔,당일픽업,14,5,18.0,12,2,0,0,0,0,2025-04-10,2025-04-30,6500.0,2,0,18,16.6667,0.0,16.6667,3.6
107185,CJ)비비고떡볶이치즈108g,가공식품>가공미반류>쌀가공식,가공식품,가공미반류,쌀가공식,교환권,12,6,18.0,9,3,0,0,0,0,2025-04-03,2025-04-22,3900.0,3,0,18,33.3333,0.0,33.3333,3.0
073454,한양)쫄깃쫄깃훈제닭다리180g,냉장>냉장안주>치킨안주,냉장,냉장안주,치킨안주,당일픽업,12,4,18.0,9,3,0,0,0,0,2025-04-04,2025-04-14,4700.0,3,0,18,33.3333,0.0,33.3333,4.5
123784,삼진)1953어묵순살바80g(야채맛),냉장>냉장간식>소형바,냉장,냉장간식,소형바,당일픽업,12,7,18.0,8,2,0,2,0,0,2025-04-07,2025-04-28,3500.0,2,2,18,25.0,25.0,25.0,2.5714
115339,머거본)요거트캐슈크랜카카오닙스30g,안주>너트류>봉지너트,안주,너트류,봉지너트,교환권,16,14,18.0,15,1,0,0,0,0,2025-04-03,2025-04-24,3000.0,1,0,18,6.6667,0.0,6.6667,1.2857
161426,한양)숏다리20g ,안주>오징어>오징어,안주,오징어,오징어,교환권,10,3,18.0,6,4,0,0,0,0,2025-04-03,2025-04-19,2900.0,4,0,18,66.6667,0.0,66.6667,6.0
132148,농심)신라면소컵,면>용기면>라면(소형컵),면,용기면,라면(소형컵),교환권,14,11,18.0,12,2,0,0,0,0,2025-04-05,2025-04-27,1250.0,2,0,18,16.6667,0.0,16.6667,1.6364
192078,스마일리로제750ml(기념일추천),양주와인>와인>기타와인,양주와인,와인,기타와인,사전예약,16,13,18.0,14,0,0,2,0,0,2025-04-01,2025-04-27,33400.0,0,2,18,0.0,14.2857,0.0,1.3846
351543,LG)리엔흑모비책염모제(흑갈색)_H,미용/화장품>헤어스타일링>케어/염모제,미용/화장품,헤어스타일링,케어/염모제,당일픽업,18,15,18.0,18,0,0,0,0,0,2025-04-01,2025-04-30,13900.0,0,0,18,0.0,0.0,0.0,1.2
180434,무학)좋은데이640ml,전통주>소주>페트소주,전통주,소주,페트소주,당일픽업,14,7,18.0,8,4,2,0,0,0,2025-04-02,2025-04-27,3300.0,2,0,18,50.0,0.0,25.0,2.5714
123123,PB)떡볶이맛오징어30g,안주>오징어>오징어,안주,오징어,오징어,교환권,12,5,18.0,9,3,0,0,0,0,2025-04-02,2025-04-30,4500.0,3,0,18,33.3333,0.0,33.3333,3.6
123939,펜폴즈 로손 리트리트 쉬라즈,양주와인>와인>레드,양주와인,와인,레드,사전예약,17,8,18.0,13,0,0,3,1,0,2025-04-01,2025-04-18,16000.0,0,2,18,0.0,23.0769,0.0,2.25
123452,얄리 그랑 레세르바 샤르도네,양주와인>와인>화이트,양주와인,와인,화이트,사전예약,16,14,18.0,14,0,0,2,0,0,2025-04-03,2025-04-29,31900.0,0,2,18,0.0,14.2857,0.0,1.2857
124106,쥬맥스)모구모구(망고)320ml,음료>주스>주스(중),음료,주스,주스(중),당일픽업,14,6,18.0,8,4,2,0,0,0,2025-04-05,2025-04-28,1700.0,2,0,18,50.0,0.0,25.0,3.0
119872,해태)알사탕(땅콩)2000,과자>캔디류>봉지캔디,과자,캔디류,봉지캔디,당일픽업,14,5,18.0,12,2,0,0,0,0,2025-04-14,2025-04-29,2000.0,2,0,18,16.6667,0.0,16.6667,3.6
202372,칠성)칠성사이다제로1.5L,음료>탄산음료>제로탄산,음료,탄산음료,제로탄산,당일픽업,12,6,18.0,9,3,0,0,0,0,2025-04-02,2025-04-30,3900.0,3,0,18,33.3333,0.0,33.3333,3.0
191199,롯데)몬테프리오750ml,양주와인>와인>레드,양주와인,와인,레드,당일픽업,16,11,18.0,15,1,0,0,0,0,2025-04-01,2025-04-29,7500.0,1,0,18,6.6667,0.0,6.6667,1.6364
124526,오마르셰리캐스크700ml,양주와인>양주>위스키,양주와인,양주,위스키,사전예약,16,14,18.0,14,0,0,2,0,0,2025-04-01,2025-04-29,155000.0,0,2,18,0.0,14.2857,0.0,1.2857
105419,7P)블랙페퍼라이스크래커,과자>스낵류>일반스낵,과자,스낵류,일반스낵,당일픽업,15,10,18.0,9,0,0,5,1,0,2025-04-05,2025-04-25,3200.0,0,4,18,0.0,55.5556,0.0,1.8
362314,도루코)6중날 휴대용면도기3입_H,H&B>면도용품>일회용면도기,H&B,면도용품,일회용면도기,당일픽업,18,12,18.0,18,0,0,0,0,0,2025-04-01,2025-04-29,8600.0,0,0,18,0.0,0.0,0.0,1.5
162367,더다믐)김칩스오리지널40g,안주>스낵안주>일반스낵,안주,스낵안주,일반스낵,당일픽업,19,6,18.0,13,2,2,1,1,0,2025-04-04,2025-04-18,4500.0,0,0,18,15.3846,7.6923,0.0,3.0
361007,LG)46Cm스프레이가글_H,H&B>치약>액상치약,H&B,치약,액상치약,당일픽업,15,8,18.0,11,2,0,1,1,0,2025-04-04,2025-04-30,4200.0,2,0,18,18.1818,9.0909,18.1818,2.25
052659,칠성)칸타타헤이즐넛230ml,즉석음료>파우치>아이스커피,즉석음료,파우치,아이스커피,당일픽업,11,6,18.0,7,3,0,1,0,0,2025-04-04,2025-04-21,1400.0,3,1,18,42.8571,14.2857,42.8571,3.0
107466,PB)산리오K리그베리베리사우어젤리40g,과자>젤리류>국산젤리,과자,젤리류,국산젤리,교환권,15,10,18.0,13,1,0,1,0,0,2025-04-01,2025-04-29,1500.0,1,1,18,7.6923,7.6923,7.6923,1.8
390842,LG)바디피트내몸에순한면대형16P,위생용품>생리대>대형,위생용품,생리대,대형,당일픽업,14,9,18.0,12,2,0,0,0,0,2025-04-01,2025-04-30,10400.0,2,0,18,16.6667,0.0,16.6667,2.0
061126,남양)딸기에몽180ml,유음료>가공우유>딸기우유,유음료,가공우유,딸기우유,당일픽업,12,7,18.0,9,3,0,0,0,0,2025-04-01,2025-04-30,1600.0,3,0,18,33.3333,0.0,33.3333,2.5714
072912,동원)친친오리지널소시지70g,냉장>냉장간식>간식/소시지,냉장,냉장간식,간식/소시지,당일픽업,12,3,18.0,7,4,1,0,0,0,2025-04-11,2025-04-30,2200.0,3,0,18,57.1429,0.0,42.8571,6.0
191405,산펠리체끼안티750ml,양주와인>와인>레드,양주와인,와인,레드,사전예약,14,9,18.0,12,2,0,0,0,0,2025-04-06,2025-04-29,28000.0,2,0,18,16.6667,0.0,16.6667,2.0
118347,마즈)몰티저스37g,과자>초콜릿>볼초콜릿,과자,초콜릿,볼초콜릿,당일픽업,16,4,17.0,10,1,0,3,2,0,2025-04-06,2025-04-29,1800.0,1,1,17,10.0,30.0,10.0,4.25
132852,농심)순하군안성탕면봉지,면>봉지면>라면,면,봉지면,라면,당일픽업,18,11,17.0,14,1,1,1,1,0,2025-04-11,2025-04-28,900.0,0,0,17,7.1429,7.1429,0.0,1.5455
124310,우드포드 리저브 버번 750ml,양주와인>양주>위스키,양주와인,양주,위스키,사전예약,14,12,17.0,11,0,0,3,0,0,2025-04-01,2025-04-29,95000.0,0,3,17,0.0,27.2727,0.0,1.4167
150004,하겐)파인트바닐라,아이스크림>고급>파인트,아이스크림,고급,파인트,교환권,13,10,17.0,11,2,0,0,0,0,2025-04-01,2025-04-30,17900.0,2,0,17,18.1818,0.0,18.1818,1.7
420750,모나미)A5스프링노트_H,문구/완구>노트/봉투>노트/수첩류,문구/완구,노트/봉투,노트/수첩류,당일픽업,15,5,17.0,14,1,0,0,0,0,2025-04-09,2025-04-27,2500.0,1,0,17,7.1429,0.0,7.1429,3.4
123951,롯데)가나쇼콜라카스테라120g,빵>간식빵>간식용케익,빵,간식빵,간식용케익,당일픽업,16,13,17.0,10,1,1,3,1,0,2025-04-04,2025-04-30,4500.0,0,2,17,10.0,30.0,0.0,1.3077
180265,한국술)국순당생막걸리750ml,전통주>막걸리>생막걸리,전통주,막걸리,생막걸리,당일픽업,15,9,17.0,12,2,1,0,0,0,2025-04-02,2025-04-29,2200.0,1,0,17,16.6667,0.0,8.3333,1.8889
118204,청우)쫀득초코칩90g,과자>비스킷류>쿠키,과자,비스킷류,쿠키,교환권,12,5,17.0,6,2,0,3,1,0,2025-04-01,2025-04-28,2000.0,2,2,17,33.3333,50.0,33.3333,3.4
202659,링티)링티제로레몬라임500ml,음료>스포츠음료>스포츠음료(중),음료,스포츠음료,스포츠음료(중),당일픽업,13,6,17.0,11,2,0,0,0,0,2025-04-06,2025-04-30,2900.0,2,0,17,18.1818,0.0,18.1818,2.8333
190229,진로)참이슬200ml포켓,전통주>소주>페트소주,전통주,소주,페트소주,당일픽업,12,6,17.0,9,2,0,1,0,0,2025-04-01,2025-04-27,1700.0,2,1,17,22.2222,11.1111,22.2222,2.8333
220789,유성)유동번데기130g,가공식품>캔>기타캔,가공식품,캔,기타캔,당일픽업,17,7,17.0,8,3,3,2,1,0,2025-04-02,2025-04-27,2400.0,0,1,17,37.5,25.0,0.0,2.4286
092537,돌코리아)후룻컵망고198g,신선>과일>가공과일,신선,과일,가공과일,당일픽업,15,8,17.0,12,2,1,0,0,0,2025-04-04,2025-04-24,3200.0,1,0,17,16.6667,0.0,8.3333,2.125
191152,반피르리메,양주와인>와인>화이트,양주와인,와인,화이트,사전예약,16,15,17.0,15,0,0,1,0,0,2025-04-01,2025-04-28,25000.0,0,1,17,0.0,6.6667,0.0,1.1333
124306,잭다니엘스700ml,양주와인>양주>위스키,양주와인,양주,위스키,사전예약,15,11,15.5,13,0,0,1,0,1,2025-04-01,2025-04-30,55000.0,0,1,17,0.0,7.6923,0.0,1.5455
141804,오뚜기)순후추돼지국밥(컵밥),가공식품>가공미반류>즉석컵밥,가공식품,가공미반류,즉석컵밥,교환권,17,3,17.0,11,3,3,0,0,0,2025-04-04,2025-04-28,4800.0,0,0,17,27.2727,0.0,0.0,5.6667
124747,빙그레)요맘때콘레인보우150ml,아이스크림>노벨티>콘,아이스크림,노벨티,콘,당일픽업,11,7,17.0,8,3,0,0,0,0,2025-04-03,2025-04-29,2500.0,3,0,17,37.5,0.0,37.5,2.4286
109961,마르텔꼬르동블루700ml,양주와인>양주>브랜디,양주와인,양주,브랜디,사전예약,17,16,17.0,17,0,0,0,0,0,2025-04-01,2025-04-30,305000.0,0,0,17,0.0,0.0,0.0,1.0625
115354,롯데)가나프리미엄랑드샤모카프레소91g,과자>비스킷류>쿠키,과자,비스킷류,쿠키,당일픽업,16,11,17.0,13,1,1,1,0,0,2025-04-01,2025-04-23,4800.0,0,1,17,7.6923,7.6923,0.0,1.5455
106781,해태)에이스야채145g,과자>비스킷류>크래커,과자,비스킷류,크래커,당일픽업,17,2,17.0,17,0,0,0,0,0,2025-04-10,2025-04-21,2500.0,0,0,17,0.0,0.0,0.0,8.5
108409,오리온)닥터유단백질프로딸기250ml,유음료>프로틴 음료>250ml 이상 ,유음료,프로틴 음료,250ml 이상 ,당일픽업,13,9,17.0,8,2,1,2,0,0,2025-04-02,2025-04-24,2900.0,1,2,17,25.0,25.0,12.5,1.8889
124916,일동)하이뮨액티브바나나250ml,유음료>프로틴 음료>250ml 이상 ,유음료,프로틴 음료,250ml 이상 ,당일픽업,11,4,17.0,7,2,0,2,0,0,2025-04-10,2025-04-26,2900.0,2,2,17,28.5714,28.5714,28.5714,4.25
123780,샘표)질러블랙앤레드페퍼육포30g,안주>육포>육포,안주,육포,육포,당일픽업,17,7,17.0,13,2,2,0,0,0,2025-04-01,2025-04-30,4200.0,0,0,17,15.3846,0.0,0.0,2.4286
123377,들라스 꼬뜨 뒤 론 생떼스프리,양주와인>와인>레드,양주와인,와인,레드,사전예약,16,13,17.0,13,1,1,1,0,0,2025-04-02,2025-04-29,29900.0,0,1,17,7.6923,7.6923,0.0,1.3077
113368,오리온)핫브레이크45g,과자>초콜릿>바초콜릿,과자,초콜릿,바초콜릿,당일픽업,13,9,17.0,11,2,0,0,0,0,2025-04-09,2025-04-28,1100.0,2,0,17,18.1818,0.0,18.1818,1.8889
113135,이탈리쿠스 700ml,양주와인>양주>위스키,양주와인,양주,위스키,사전예약,16,14,17.0,15,0,0,1,0,0,2025-04-04,2025-04-27,109000.0,0,1,17,0.0,6.6667,0.0,1.2143
191664,레뱅드)또스띠모스카토다스티750,양주와인>와인>기타와인,양주와인,와인,기타와인,당일픽업,17,13,17.0,17,0,0,0,0,0,2025-04-01,2025-04-29,18900.0,0,0,17,0.0,0.0,0.0,1.3077
812444,엠즈)삿포로500ml캔,맥주>수입맥주>캔맥주(중),맥주,수입맥주,캔맥주(중),당일픽업,13,5,17.0,11,2,0,0,0,0,2025-04-23,2025-04-28,4500.0,2,0,17,18.1818,0.0,18.1818,3.4
109482,롯데)허쉬레귤러바쿠앤크카라멜38g,과자>초콜릿>판초콜릿,과자,초콜릿,판초콜릿,당일픽업,11,8,17.0,7,2,0,2,0,0,2025-04-06,2025-04-21,2000.0,2,2,17,28.5714,28.5714,28.5714,2.125
361532,동아)가그린제로100ml_H,H&B>치약>액상치약,H&B,치약,액상치약,당일픽업,12,9,17.0,9,2,0,1,0,0,2025-04-02,2025-04-27,2300.0,2,1,17,22.2222,11.1111,22.2222,1.8889
834845,3월 도시락 구독,,,,,구독할인,17,13,17.0,11,3,3,0,0,0,2025-04-01,2025-04-25,4000.0,0,0,17,27.2727,0.0,0.0,1.3077
191019,브라운)잭다니엘스200ml,양주와인>양주>위스키,양주와인,양주,위스키,당일픽업,15,8,17.0,12,2,1,0,0,0,2025-04-02,2025-04-19,17900.0,1,0,17,16.6667,0.0,8.3333,2.125
601281,동서)콘푸라이트컵30g,과자>비스킷류>시리얼,과자,비스킷류,시리얼,당일픽업,14,5,17.0,8,3,2,1,0,0,2025-04-10,2025-04-29,2200.0,1,1,17,37.5,12.5,12.5,3.4
124582,진도홍주루비콘40도500ml,전통주>기타전통주>기타,전통주,기타전통주,기타,사전예약,14,10,17.0,10,2,0,1,1,0,2025-04-01,2025-04-18,19000.0,2,0,17,20.0,10.0,20.0,1.7
109498,덴마크)테이크얼라이브망고200ml,유음료>냉장주스>냉장주스(소),유음료,냉장주스,냉장주스(소),당일픽업,11,4,17.0,6,4,1,0,0,0,2025-04-04,2025-04-30,1500.0,3,0,17,66.6667,0.0,50.0,4.25
191226,아포틱인페르노750ml,양주와인>와인>레드,양주와인,와인,레드,사전예약,15,13,17.0,14,1,0,0,0,0,2025-04-03,2025-04-30,21900.0,1,0,17,7.1429,0.0,7.1429,1.3077
107799,K리그산리오)인형_한교동,문구/완구>일반완구>일반완구,문구/완구,일반완구,일반완구,당일픽업,14,10,17.0,11,0,0,3,0,0,2025-04-02,2025-04-26,25000.0,0,3,17,0.0,27.2727,0.0,1.7
061326,매일)허쉬초코쿠키앤크림235ml,유음료>가공우유>초코우유,유음료,가공우유,초코우유,교환권,11,6,17.0,8,3,0,0,0,0,2025-04-08,2025-04-29,1600.0,3,0,17,37.5,0.0,37.5,2.8333
106471,PB)산리오레몬아이스티제로350ml,음료>주스>주스(중),음료,주스,주스(중),교환권,15,12,17.0,14,1,0,0,0,0,2025-04-02,2025-04-27,2800.0,1,0,17,7.1429,0.0,7.1429,1.4167
073607,PB)마이멜로디로제치즈떡볶이193,냉장>냉장간편식>냉장떡볶이,냉장,냉장간편식,냉장떡볶이,당일픽업,14,12,17.0,9,1,1,3,0,0,2025-04-01,2025-04-30,3700.0,0,3,17,11.1111,33.3333,0.0,1.4167
118512,롯데)크런키빼빼로39g,과자>비스킷류>스틱과자,과자,비스킷류,스틱과자,교환권,15,9,17.0,14,1,0,0,0,0,2025-04-02,2025-04-25,2000.0,1,0,17,7.1429,0.0,7.1429,1.8889
401830,올텍트일회용마스크3입(국산)_H,약품/의료품>의약외품>마스크,약품/의료품,의약외품,마스크,당일픽업,11,8,17.0,8,3,0,0,0,0,2025-04-03,2025-04-30,1500.0,3,0,17,37.5,0.0,37.5,2.125
191936,에스쿠도로호 리제르바 까쇼,양주와인>와인>레드,양주와인,와인,레드,사전예약,14,10,17.0,10,2,1,1,0,0,2025-04-01,2025-04-26,25000.0,1,1,17,20.0,10.0,10.0,1.7
141219,에이트)뽀로로짜장떡볶이,가공식품>가공미반류>쌀가공식,가공식품,가공미반류,쌀가공식,당일픽업,13,7,17.0,10,1,0,2,0,0,2025-04-03,2025-04-30,3400.0,1,2,17,10.0,20.0,10.0,2.4286
112572,롯데)이브껌,과자>껌>스틱껌,과자,껌,스틱껌,당일픽업,14,9,17.0,10,2,0,1,1,0,2025-04-04,2025-04-30,1200.0,2,0,17,20.0,10.0,20.0,1.8889
113179,도멘 생 미셸 로제750ml ,양주와인>와인>스파클링(샴페인),양주와인,와인,스파클링(샴페인),사전예약,15,12,17.0,13,0,0,2,0,0,2025-04-01,2025-04-26,25900.0,0,2,17,0.0,15.3846,0.0,1.4167
107794,K리그산리오)인형_시나모롤,문구/완구>일반완구>일반완구,문구/완구,일반완구,일반완구,당일픽업,13,10,17.0,9,0,0,4,0,0,2025-04-02,2025-04-29,25000.0,0,4,17,0.0,44.4444,0.0,1.7
109909,구로기리시마,전통주>기타전통주>중국/일본주,전통주,기타전통주,중국/일본주,사전예약,16,11,17.0,15,0,0,1,0,0,2025-04-08,2025-04-26,49100.0,0,1,17,0.0,6.6667,0.0,1.5455
450030,듀라셀)디럭스AA4입_H,일용잡화>건전지>AA사이즈,일용잡화,건전지,AA사이즈,당일픽업,11,7,17.0,8,3,0,0,0,0,2025-04-01,2025-04-17,10800.0,3,0,17,37.5,0.0,37.5,2.4286
202546,쟈뎅)제주청보리차500ml,음료>차음료>보리차,음료,차음료,보리차,당일픽업,17,6,17.0,13,2,2,0,0,0,2025-04-04,2025-04-25,2000.0,0,0,17,15.3846,0.0,0.0,2.8333
106978,롯데)꼬마꿀호떡125g,빵>간식빵>과자빵,빵,간식빵,과자빵,당일픽업,19,13,17.0,18,0,1,0,0,0,2025-04-02,2025-04-24,1600.0,-1,0,17,0.0,0.0,-5.5556,1.3077
109482,롯데)허쉬쿠앤크카라멜38g,과자>초콜릿>판초콜릿,과자,초콜릿,판초콜릿,교환권,10,4,17.0,6,3,0,1,0,0,2025-04-04,2025-04-25,2000.0,3,1,17,50.0,16.6667,50.0,4.25
124387,굿지앤)오마카세순살닭갈비볶음200g,냉장>냉장안주>육가공안주,냉장,냉장안주,육가공안주,당일픽업,15,6,17.0,10,3,2,0,0,0,2025-04-06,2025-04-26,7900.0,1,0,17,30.0,0.0,10.0,2.8333
107086,K리그산리오)면티셔츠100,패션잡화>시즌/소품>기타,패션잡화,시즌/소품,기타,당일픽업,17,11,17.0,6,1,0,6,4,0,2025-04-02,2025-04-26,18000.0,1,2,17,16.6667,100.0,16.6667,1.5455
123466,조쉬 샤르도네,양주와인>와인>화이트,양주와인,와인,화이트,사전예약,16,15,17.0,15,0,0,1,0,0,2025-04-03,2025-04-28,36900.0,0,1,17,0.0,6.6667,0.0,1.1333
123366,또스띠-모스까또 다스띠 NV,양주와인>와인>스파클링(샴페인),양주와인,와인,스파클링(샴페인),사전예약,15,10,17.0,11,1,0,2,1,0,2025-04-04,2025-04-28,26900.0,1,1,17,9.0909,18.1818,9.0909,1.7
201629,오츠카)나랑드사이다500ml,음료>탄산음료>제로탄산,음료,탄산음료,제로탄산,당일픽업,13,8,17.0,9,3,1,0,0,0,2025-04-03,2025-04-29,2000.0,2,0,17,33.3333,0.0,22.2222,2.125
117286,MZ)밀카밀크초코렛100g,과자>초콜릿>판초콜릿,과자,초콜릿,판초콜릿,당일픽업,14,10,17.0,12,1,0,1,0,0,2025-04-01,2025-04-29,4800.0,1,1,17,8.3333,8.3333,8.3333,1.7
105458,동원)아이스티(샤인머스캣)500ml,음료>차음료>홍차,음료,차음료,홍차,당일픽업,14,11,17.0,10,2,1,1,0,0,2025-04-01,2025-04-13,2500.0,1,1,17,20.0,10.0,10.0,1.5455
123348,얄리 1881 싱글 레세르바 까베르네 소비뇽,양주와인>와인>레드,양주와인,와인,레드,사전예약,16,14,17.0,15,0,0,1,0,0,2025-04-02,2025-04-29,14900.0,0,1,17,0.0,6.6667,0.0,1.2143
111763,해광)프레첼체다치즈85g,과자>스낵류>일반스낵,과자,스낵류,일반스낵,당일픽업,12,8,17.0,9,2,0,1,0,0,2025-04-10,2025-04-30,1700.0,2,1,17,22.2222,11.1111,22.2222,2.125
180802,진로)진로640ml페트,전통주>소주>페트소주,전통주,소주,페트소주,당일픽업,13,7,17.0,9,3,1,0,0,0,2025-04-01,2025-04-26,3300.0,2,0,17,33.3333,0.0,22.2222,2.4286
107074,MQ)프링글스로제떡볶이100g,과자>스낵류>감자스낵,과자,스낵류,감자스낵,교환권,10,5,17.0,6,3,0,1,0,0,2025-04-04,2025-04-28,4000.0,3,1,17,50.0,16.6667,50.0,3.4
601115,PB)을지로약과팝콘80g,과자>스낵류>옥수수스낵,과자,스낵류,옥수수스낵,교환권,15,8,17.0,9,2,2,2,0,0,2025-04-02,2025-04-24,1700.0,0,2,17,22.2222,22.2222,0.0,2.125
061852,동원)쿨피스복숭아180ml,유음료>냉장주스>유산균음료,유음료,냉장주스,유산균음료,당일픽업,17,10,17.0,13,2,2,0,0,0,2025-04-01,2025-04-30,600.0,0,0,17,15.3846,0.0,0.0,1.7
191183,롯데)솔리에라750ml,양주와인>와인>레드,양주와인,와인,레드,당일픽업,17,16,17.0,17,0,0,0,0,0,2025-04-04,2025-04-30,7500.0,0,0,17,0.0,0.0,0.0,1.0625
220428,CJ)햇반발아현미밥210g,가공식품>가공미반류>즉석밥,가공식품,가공미반류,즉석밥,당일픽업,13,8,17.0,8,2,0,2,1,0,2025-04-01,2025-04-30,2800.0,2,1,17,25.0,25.0,25.0,2.125
105922,벤앤제리스)체리가르시아파인트473ml,아이스크림>고급>파인트,아이스크림,고급,파인트,당일픽업,13,7,17.0,11,2,0,0,0,0,2025-04-03,2025-04-27,16900.0,2,0,17,18.1818,0.0,18.1818,2.4286
123376,파고 아일레스 아일레스 쿠에스타 델 에레로,양주와인>와인>레드,양주와인,와인,레드,사전예약,15,13,17.0,14,1,0,0,0,0,2025-04-01,2025-04-25,28900.0,1,0,17,7.1429,0.0,7.1429,1.3077
160051,칠성)칠성사이다1.5L,음료>탄산음료>사이다(대),음료,탄산음료,사이다(대),당일픽업,13,7,17.0,7,4,2,0,0,0,2025-04-03,2025-04-24,3900.0,2,0,17,57.1429,0.0,28.5714,2.4286
124246,라포스톨 끌로 아팔타,양주와인>와인>레드,양주와인,와인,레드,사전예약,16,16,17.0,15,0,0,1,0,0,2025-04-08,2025-04-27,340000.0,0,1,17,0.0,6.6667,0.0,1.0625
122823,삼양사)상쾌환스틱ZERO18g(납작복숭아맛),건강/기호식품>숙취해소제>젤리제형,건강/기호식품,숙취해소제,젤리제형,당일픽업,18,12,17.0,14,1,2,1,0,0,2025-04-01,2025-04-29,3900.0,-1,1,17,7.1429,7.1429,-7.1429,1.4167
161088,코카)코카콜라제로1ㆍ5L,음료>탄산음료>제로탄산,음료,탄산음료,제로탄산,당일픽업,13,7,17.0,9,3,1,0,0,0,2025-04-02,2025-04-25,4000.0,2,0,17,33.3333,0.0,22.2222,2.4286
390945,"PB)롤티슈1롤(3겹,30M)",위생용품>티슈>롤티슈,위생용품,티슈,롤티슈,당일픽업,11,6,17.0,8,3,0,0,0,0,2025-04-06,2025-04-28,1500.0,3,0,17,37.5,0.0,37.5,2.8333
124870,맨시티 키링,패션잡화>시즌/소품>기타,패션잡화,시즌/소품,기타,사전예약,16,13,17.0,15,0,0,1,0,0,2025-04-01,2025-04-09,18900.0,0,1,17,0.0,6.6667,0.0,1.3077
220047,동원)라이트참치100g,가공식품>캔>참치캔,가공식품,캔,참치캔,당일픽업,9,4,17.0,5,4,0,0,0,0,2025-04-02,2025-04-29,3300.0,4,0,17,80.0,0.0,80.0,4.25
030508,사조)한입피자고르곤졸라80g,간식>냉장피자>냉장피자,간식,냉장피자,냉장피자,당일픽업,13,7,17.0,10,1,0,2,0,0,2025-04-02,2025-04-30,2500.0,1,2,17,10.0,20.0,10.0,2.4286
105780,하림)더미식묵은지두부김치찌개350g,가공식품>상온간편식>레토르트 국탕찌개,가공식품,상온간편식,레토르트 국탕찌개,교환권,14,10,17.0,9,1,0,3,1,0,2025-04-01,2025-04-23,5500.0,1,2,17,11.1111,33.3333,11.1111,1.7
124296,LG)아우라퍼퓸캡슐1L(미스틱문라이즈)_H,가정용품>세제류>섬유유연제,가정용품,세제류,섬유유연제,당일픽업,13,8,17.0,11,2,0,0,0,0,2025-04-04,2025-04-27,13900.0,2,0,17,18.1818,0.0,18.1818,2.125
132711,팔도)킹뚜껑110g,면>용기면>라면(대형컵),면,용기면,라면(대형컵),교환권,13,8,17.0,8,2,0,2,1,0,2025-04-06,2025-04-26,1800.0,2,1,17,25.0,25.0,25.0,2.125
161988,씨드)촉촉철판구이오징어30g,안주>오징어>오징어,안주,오징어,오징어,당일픽업,11,6,16.0,6,3,1,1,0,0,2025-04-05,2025-04-25,4900.0,2,1,16,50.0,16.6667,33.3333,2.6667
123725,농심)츄파춥스후르츠기프트팩,과자>캔디류>행사상품,과자,캔디류,행사상품,당일픽업,17,11,16.0,13,1,1,1,1,0,2025-04-03,2025-04-21,3000.0,0,0,16,7.6923,7.6923,0.0,1.4545
125167,현대)럭히밥로제우동볶이&대왕치즈스틱,미반>푸드 간편식>조리면,미반,푸드 간편식,조리면,당일픽업,17,14,16.0,15,0,0,1,1,0,2025-04-28,2025-04-30,5900.0,0,0,16,0.0,6.6667,0.0,1.1429
123676,바이엔슈테판 둔켈(12입),맥주>수입맥주>병맥주,맥주,수입맥주,병맥주,사전예약,16,16,16.0,16,0,0,0,0,0,2025-04-01,2025-04-30,55680.0,0,0,16,0.0,0.0,0.0,1.0
361290,유한양행)덴탈케어울트라치실_H,H&B>칫솔>치실/치간칫솔,H&B,칫솔,치실/치간칫솔,당일픽업,11,6,16.0,8,2,0,1,0,0,2025-04-06,2025-04-23,3700.0,2,1,16,25.0,12.5,25.0,2.6667
109134,매일)허쉬초코딸기190ml,유음료>가공우유>딸기우유,유음료,가공우유,딸기우유,당일픽업,12,7,16.0,10,2,0,0,0,0,2025-04-01,2025-04-28,1600.0,2,0,16,20.0,0.0,20.0,2.2857
107427,K리그X산리오 스트랩키링(케로피/대전),문구/완구>일반완구>일반완구,문구/완구,일반완구,일반완구,당일픽업,14,10,16.0,12,0,0,2,0,0,2025-04-01,2025-04-28,9000.0,0,2,16,0.0,16.6667,0.0,1.6
102816,PB)초코우유500ml,유음료>가공우유>초코우유,유음료,가공우유,초코우유,당일픽업,14,9,16.0,8,2,1,2,1,0,2025-04-02,2025-04-16,2100.0,1,1,16,25.0,25.0,12.5,1.7778
083844,삼립)주종발효슈크림빵90g,빵>간식빵>과자빵,빵,간식빵,과자빵,당일픽업,12,8,16.0,10,2,0,0,0,0,2025-04-05,2025-04-29,1800.0,2,0,16,20.0,0.0,20.0,2.0
062430,매일)상하치즈크림치즈48g,유음료>유제품>치즈,유음료,유제품,치즈,당일픽업,12,7,16.0,9,1,0,2,0,0,2025-04-07,2025-04-28,2800.0,1,2,16,11.1111,22.2222,11.1111,2.2857
124902,즉석도넛)꽈배기,즉석 식품>즉석치킨>기타류 ,즉석 식품,즉석치킨,기타류 ,당일픽업,13,11,16.0,11,1,0,1,0,0,2025-04-13,2025-04-30,1000.0,1,1,16,9.0909,9.0909,9.0909,1.4545
109050,PB)진짜주스감귤천혜향245ml,음료>주스>주스(소병),음료,주스,주스(소병),당일픽업,9,5,16.0,5,3,0,1,0,0,2025-04-08,2025-04-30,2500.0,3,1,16,60.0,20.0,60.0,3.2
109281,하겐)크리스피샌드커스타드쇼콜라60ml,아이스크림>고급>기타,아이스크림,고급,기타,당일픽업,17,12,16.0,13,1,2,1,0,0,2025-04-01,2025-04-28,6900.0,-1,1,16,7.6923,7.6923,-7.6923,1.3333
170126,칠성)비타파워100ml,음료>기능성드링크>비타민음료,음료,기능성드링크,비타민음료,당일픽업,16,13,16.0,10,3,3,0,0,0,2025-04-04,2025-04-30,1000.0,0,0,16,30.0,0.0,0.0,1.2308
107415,동원)노슈가스위트콘340g,가공식품>캔>농산캔,가공식품,캔,농산캔,당일픽업,13,2,16.0,5,4,3,1,0,0,2025-04-24,2025-04-29,3000.0,1,1,16,80.0,20.0,20.0,8.0
192395,신세계)에반윌리엄스750ml,양주와인>양주>위스키,양주와인,양주,위스키,당일픽업,16,8,16.0,16,0,0,0,0,0,2025-04-01,2025-04-25,34800.0,0,0,16,0.0,0.0,0.0,2.0
053169,숯불통다리,즉석 식품>즉석치킨(삭제예정)>조각류_삭제예정,즉석 식품,즉석치킨(삭제예정),조각류_삭제예정,당일픽업,13,7,16.0,11,1,0,1,0,0,2025-04-01,2025-04-30,4800.0,1,1,16,9.0909,9.0909,9.0909,2.2857
202154,하이트)블랙보리라이트520ml,음료>차음료>보리차,음료,차음료,보리차,당일픽업,11,6,16.0,6,3,1,1,0,0,2025-04-18,2025-04-29,2200.0,2,1,16,50.0,16.6667,33.3333,2.6667
109692,화요200ml3종선물세트3호,전통주>소주>증류식소주,전통주,소주,증류식소주,사전예약,13,12,16.0,11,1,0,1,0,0,2025-04-01,2025-04-25,53000.0,1,1,16,9.0909,9.0909,9.0909,1.3333
106745,훼밀리)엘막레몬주스200ml,조미료/건물>소스류>식초류,조미료/건물,소스류,식초류,당일픽업,12,4,16.0,6,4,2,0,0,0,2025-04-07,2025-04-27,3000.0,2,0,16,66.6667,0.0,33.3333,4.0
114679,톨라이니 알 파쏘 IGT750ml,양주와인>와인>레드,양주와인,와인,레드,사전예약,17,16,16.0,15,0,0,1,1,0,2025-04-01,2025-04-27,41900.0,0,0,16,0.0,6.6667,0.0,1.0
192568,산펠리체깜포지오바니750ml,양주와인>와인>레드,양주와인,와인,레드,사전예약,14,11,16.0,12,0,0,2,0,0,2025-04-03,2025-04-29,89000.0,0,2,16,0.0,16.6667,0.0,1.4545
352525,LG)엘라스틴맨인매트스프레이200_H,미용/화장품>헤어스타일링>스프레이,미용/화장품,헤어스타일링,스프레이,당일픽업,14,13,16.0,13,1,0,0,0,0,2025-04-01,2025-04-26,8900.0,1,0,16,7.6923,0.0,7.6923,1.2308
123467,무가 블랑코,양주와인>와인>화이트,양주와인,와인,화이트,사전예약,14,12,16.0,13,1,0,0,0,0,2025-04-01,2025-04-26,36900.0,1,0,16,7.6923,0.0,7.6923,1.3333
123774,삼립)개굴닌자밀키소다롤85g,빵>간식빵>캐릭터빵,빵,간식빵,캐릭터빵,당일픽업,12,7,16.0,8,3,1,0,0,0,2025-04-04,2025-04-22,2000.0,2,0,16,37.5,0.0,25.0,2.2857
162243,정화)훈연왕오징어50g,안주>오징어>오징어,안주,오징어,오징어,당일픽업,16,7,16.0,12,2,2,0,0,0,2025-04-03,2025-04-29,6900.0,0,0,16,16.6667,0.0,0.0,2.2857
124589,토끼소주화이트23도375ml(2입),전통주>기타전통주>기타,전통주,기타전통주,기타,사전예약,13,8,16.0,11,1,0,1,0,0,2025-04-08,2025-04-28,59000.0,1,1,16,9.0909,9.0909,9.0909,2.0
123647,CJ)햇반누룽지닭백숙죽267g,가공식품>가공미반류>죽,가공식품,가공미반류,죽,당일픽업,12,8,16.0,10,2,0,0,0,0,2025-04-01,2025-04-24,5500.0,2,0,16,20.0,0.0,20.0,2.0
600176,빙그레)더단백크런치바초코,과자>프로틴/시리얼>영양바류,과자,프로틴/시리얼,영양바류,당일픽업,14,9,16.0,11,2,1,0,0,0,2025-04-09,2025-04-29,2500.0,1,0,16,18.1818,0.0,9.0909,1.7778
191371,프로페시로제750ml,양주와인>와인>기타와인,양주와인,와인,기타와인,사전예약,13,7,16.0,10,0,0,3,0,0,2025-04-02,2025-04-17,30000.0,0,3,16,0.0,30.0,0.0,2.2857
202597,칠성)실론티제로500ml,음료>차음료>홍차,음료,차음료,홍차,당일픽업,9,7,16.0,4,2,0,3,0,0,2025-04-01,2025-04-15,2000.0,2,3,16,50.0,75.0,50.0,2.2857
072885,이가)얼큰한우육탕면225g,냉장>냉장간편식>냉장면,냉장,냉장간편식,냉장면,당일픽업,16,9,16.0,14,1,1,0,0,0,2025-04-02,2025-04-30,2900.0,0,0,16,7.1429,0.0,0.0,1.7778
121971,동서)맥심화이트골드50입,건강/기호식품>커피>믹스커피,건강/기호식품,커피,믹스커피,당일픽업,14,8,16.0,12,0,0,2,0,0,2025-04-01,2025-04-30,13100.0,0,2,16,0.0,16.6667,0.0,2.0
109058,K)릴 솔리드3(새틴실버),담배>전자담배>전자담배(KT&G 릴),담배,전자담배,전자담배(KT&G 릴),당일픽업,16,10,16.0,16,0,0,0,0,0,2025-04-01,2025-04-30,88000.0,0,0,16,0.0,0.0,0.0,1.6
108659,휴에르)KF94마스크 5입(블랙)_H,약품/의료품>의약외품>마스크,약품/의료품,의약외품,마스크,당일픽업,12,4,16.0,8,3,1,0,0,0,2025-04-03,2025-04-23,3500.0,2,0,16,37.5,0.0,25.0,4.0
105131,PB)허니복숭아에이드230ml,즉석음료>파우치>아이스티,즉석음료,파우치,아이스티,당일픽업,16,9,16.0,12,2,2,0,0,0,2025-04-06,2025-04-28,1200.0,0,0,16,16.6667,0.0,0.0,1.7778
113150,글렌알라키 싱글몰트위스키 7년 헝가리안 오크 700ml,양주와인>양주>위스키,양주와인,양주,위스키,사전예약,15,13,16.0,14,0,0,1,0,0,2025-04-01,2025-04-17,179000.0,0,1,16,0.0,7.1429,0.0,1.2308
119464,하늘)약과도넛60g,과자>비스킷류>쿠키,과자,비스킷류,쿠키,교환권,11,7,16.0,7,1,0,3,0,0,2025-04-01,2025-04-27,1100.0,1,3,16,14.2857,42.8571,14.2857,2.2857
113429,롯데)드림카카오72%,과자>초콜릿>볼초콜릿,과자,초콜릿,볼초콜릿,당일픽업,12,5,16.0,8,3,1,0,0,0,2025-04-03,2025-04-25,5000.0,2,0,16,37.5,0.0,25.0,3.2
109288,빙그레)쿠앤크바피스타치오70ml,아이스크림>노벨티>바,아이스크림,노벨티,바,당일픽업,22,15,16.0,17,1,3,0,1,0,2025-04-01,2025-04-30,1500.0,-2,-1,16,5.8824,0.0,-11.7647,1.0667
160730,칠성)델몬트혼합180ml12입,음료>선물세트>주스선물세트,음료,선물세트,주스선물세트,당일픽업,10,4,16.0,5,4,1,0,0,0,2025-04-20,2025-04-28,15500.0,3,0,16,80.0,0.0,60.0,4.0
124613,오름주가다래와인3004 8도375ml(2입),전통주>기타전통주>기타,전통주,기타전통주,기타,사전예약,15,14,16.0,14,0,0,1,0,0,2025-04-01,2025-04-30,28000.0,0,1,16,0.0,7.1429,0.0,1.1429
093456,한스팜)1등급란6입,신선>수축산/계란>계란,신선,수축산/계란,계란,당일픽업,14,4,16.0,9,3,2,0,0,0,2025-04-05,2025-04-18,2900.0,1,0,16,33.3333,0.0,11.1111,4.0
105302,PB)명인딸기에이드230ml,즉석음료>파우치>아이스티,즉석음료,파우치,아이스티,당일픽업,12,7,16.0,7,2,1,2,0,0,2025-04-01,2025-04-28,1300.0,1,2,16,28.5714,28.5714,14.2857,2.2857
601051,오리온)닥터유PRO단백질크런치바,과자>프로틴/시리얼>영양바류,과자,프로틴/시리얼,영양바류,당일픽업,10,6,16.0,7,3,0,0,0,0,2025-04-03,2025-04-29,2700.0,3,0,16,42.8571,0.0,42.8571,2.6667
220551,동원)고추참치100g,가공식품>캔>참치캔,가공식품,캔,참치캔,당일픽업,12,4,16.0,6,4,2,0,0,0,2025-04-07,2025-04-29,3300.0,2,0,16,66.6667,0.0,33.3333,4.0
105655,PB)바프황치즈팝콘70g,과자>스낵류>옥수수스낵,과자,스낵류,옥수수스낵,당일픽업,13,10,16.0,11,1,0,1,0,0,2025-04-01,2025-04-27,1700.0,1,1,16,9.0909,9.0909,9.0909,1.6
601574,오리온)핫브레이크오리지널45g,과자>초콜릿>바초콜릿,과자,초콜릿,바초콜릿,당일픽업,18,11,16.0,11,3,4,0,0,0,2025-04-01,2025-04-30,1100.0,-1,0,16,27.2727,0.0,-9.0909,1.4545
201556,칠성)우엉차500ml,음료>차음료>기타차,음료,차음료,기타차,당일픽업,16,11,16.0,12,2,2,0,0,0,2025-04-02,2025-04-30,1600.0,0,0,16,16.6667,0.0,0.0,1.4545
123469,마시 마시앙코,양주와인>와인>화이트,양주와인,와인,화이트,사전예약,16,14,16.0,16,0,0,0,0,0,2025-04-01,2025-04-24,38900.0,0,0,16,0.0,0.0,0.0,1.1429
124685,삼립)시그니처파운드170g,빵>간식빵>간식용케익,빵,간식빵,간식용케익,당일픽업,15,11,16.0,14,0,0,1,0,0,2025-04-06,2025-04-30,3800.0,0,1,16,0.0,7.1429,0.0,1.4545
600990,엔제이)휘슬라무네포도향22g,과자>캔디류>과일향캔디,과자,캔디류,과일향캔디,당일픽업,10,6,16.0,6,2,0,2,0,0,2025-04-03,2025-04-30,1800.0,2,2,16,33.3333,33.3333,33.3333,2.6667
371867,피죤)액츠프리미엄(프레시)1L_H,가정용품>세제류>세탁세제,가정용품,세제류,세탁세제,당일픽업,14,8,16.0,11,2,1,0,0,0,2025-04-06,2025-04-30,10900.0,1,0,16,18.1818,0.0,9.0909,2.0
123374,라포스톨 그랑 셀렉션 소비뇽블랑,양주와인>와인>화이트,양주와인,와인,화이트,사전예약,16,15,16.0,16,0,0,0,0,0,2025-04-01,2025-04-24,28900.0,0,0,16,0.0,0.0,0.0,1.0667
123935,CJ)아삭안심콩나물180g,신선>야채>두부/콩나물,신선,야채,두부/콩나물,당일픽업,12,6,16.0,10,2,0,0,0,0,2025-04-24,2025-04-30,1600.0,2,0,16,20.0,0.0,20.0,2.6667
372232,롯알)환경을생각하는종이컵50입,가정용품>행락용품>종이컵,가정용품,행락용품,종이컵,당일픽업,12,8,16.0,10,2,0,0,0,0,2025-04-01,2025-04-26,2300.0,2,0,16,20.0,0.0,20.0,2.0
202186,OKF)워터멜론500ml,음료>주스>주스(중),음료,주스,주스(중),당일픽업,11,7,16.0,6,3,0,1,1,0,2025-04-11,2025-04-29,2500.0,3,0,16,50.0,16.6667,50.0,2.2857
116331,MQ)켈로그크런치넛에너지바30g,과자>프로틴/시리얼>영양바류,과자,프로틴/시리얼,영양바류,당일픽업,15,3,16.0,10,2,2,1,0,0,2025-04-08,2025-04-25,1500.0,0,1,16,20.0,10.0,0.0,5.3333
109724,칭따오논알콜500ml24입,맥주>무알콜맥주>무알콜맥주(수입),맥주,무알콜맥주,무알콜맥주(수입),사전예약,15,8,16.0,12,1,0,1,1,0,2025-04-01,2025-04-26,34000.0,1,0,16,8.3333,8.3333,8.3333,2.0
106524,칠성)게토레이제로600ml ,음료>스포츠음료>스포츠음료(중),음료,스포츠음료,스포츠음료(중),당일픽업,14,5,16.0,9,3,2,0,0,0,2025-04-08,2025-04-22,2200.0,1,0,16,33.3333,0.0,11.1111,3.2
109756,삼경)필러즈바나나구미56g,과자>젤리류>수입젤리,과자,젤리류,수입젤리,교환권,15,9,16.0,9,1,0,3,2,0,2025-04-04,2025-04-29,1800.0,1,1,16,11.1111,33.3333,11.1111,1.7778
200694,칠성)칸타타콜드브루블랙275ml,음료>커피음료>캔커피(보틀),음료,커피음료,캔커피(보틀),당일픽업,14,9,16.0,9,3,2,0,0,0,2025-04-02,2025-04-28,2500.0,1,0,16,33.3333,0.0,11.1111,1.7778
601580,PB)단백질바(베리)50g,과자>프로틴/시리얼>영양바류,과자,프로틴/시리얼,영양바류,교환권,12,7,16.0,9,1,0,2,0,0,2025-04-03,2025-04-29,1500.0,1,2,16,11.1111,22.2222,11.1111,2.2857
116887,농심)츄파춥스부케,과자>캔디류>행사상품,과자,캔디류,행사상품,교환권,12,10,16.0,10,2,0,0,0,0,2025-04-02,2025-04-29,8500.0,2,0,16,20.0,0.0,20.0,1.6
160711,농심)웰치스포도３５５ｍｌ캔,음료>탄산음료>과일향탄산(소),음료,탄산음료,과일향탄산(소),당일픽업,12,7,16.0,10,2,0,0,0,0,2025-04-05,2025-04-30,1500.0,2,0,16,20.0,0.0,20.0,2.2857
123160,페로니 500ml캔(24입),맥주>수입맥주>캔맥주(중),맥주,수입맥주,캔맥주(중),사전예약,11,7,16.0,8,2,0,1,0,0,2025-04-05,2025-04-28,54000.0,2,1,16,25.0,12.5,25.0,2.2857
390779,유한)화이트팬티라이너일반24P,위생용품>생리대>팬티라이너,위생용품,생리대,팬티라이너,당일픽업,14,8,16.0,11,2,1,0,0,0,2025-04-03,2025-04-25,4300.0,1,0,16,18.1818,0.0,9.0909,2.0
114611,해태)허니버터칩60g,과자>스낵류>감자스낵,과자,스낵류,감자스낵,교환권,9,6,16.0,5,3,0,1,0,0,2025-04-07,2025-04-29,1700.0,3,1,16,60.0,20.0,60.0,2.6667
107084,K리그산리오)면티셔츠90,패션잡화>시즌/소품>기타,패션잡화,시즌/소품,기타,당일픽업,12,9,16.0,8,0,0,4,0,0,2025-04-02,2025-04-20,18000.0,0,4,16,0.0,50.0,0.0,1.7778
109822,피치)스모어초콜릿55g,과자>초콜릿>판초콜릿,과자,초콜릿,판초콜릿,교환권,15,14,16.0,14,0,0,1,0,0,2025-04-01,2025-04-29,4900.0,0,1,16,0.0,7.1429,0.0,1.1429
124466,칠성)칸타타헤이즐넛500ml,즉석음료>파우치>아이스커피,즉석음료,파우치,아이스커피,당일픽업,9,4,16.0,5,3,0,1,0,0,2025-04-16,2025-04-24,2500.0,3,1,16,60.0,20.0,60.0,4.0
150630,하겐)컵녹차100ml,아이스크림>고급>컵,아이스크림,고급,컵,당일픽업,22,16,16.0,13,3,5,0,1,0,2025-04-01,2025-04-26,6900.0,-2,-1,16,23.0769,0.0,-15.3846,1.0
050366,뚜또)후르츠믹스230g,디저트>젤리>떠먹는젤리,디저트,젤리,떠먹는젤리,당일픽업,12,7,16.0,8,3,1,0,0,0,2025-04-03,2025-04-30,2900.0,2,0,16,37.5,0.0,25.0,2.2857
116162,세종)우리밀막걸리750ml,전통주>막걸리>살균막걸리,전통주,막걸리,살균막걸리,당일픽업,16,13,16.0,16,0,0,0,0,0,2025-04-04,2025-04-30,1700.0,0,0,16,0.0,0.0,0.0,1.2308
107792,K리그산리오)인형_케로케로피,문구/완구>일반완구>일반완구,문구/완구,일반완구,일반완구,당일픽업,13,8,16.0,10,0,0,3,0,0,2025-04-02,2025-04-25,25000.0,0,3,16,0.0,30.0,0.0,2.0
124569,동아제약)얼박_복숭아230ml,즉석음료>파우치>아이스티,즉석음료,파우치,아이스티,당일픽업,13,10,16.0,11,1,0,1,0,0,2025-04-10,2025-04-30,1800.0,1,1,16,9.0909,9.0909,9.0909,1.6
124542,칠성)펩시콜라제로490ml,음료>탄산음료>제로탄산,음료,탄산음료,제로탄산,당일픽업,16,8,16.0,9,2,1,2,2,0,2025-04-03,2025-04-28,2300.0,1,0,16,22.2222,22.2222,11.1111,2.0
062618,직납)아침미소그릭요구르트100g,유음료>요구르트>드링킹요구르트,유음료,요구르트,드링킹요구르트,당일픽업,16,8,16.0,16,0,0,0,0,0,2025-04-01,2025-04-30,4300.0,0,0,16,0.0,0.0,0.0,2.0
160609,오츠카)데미소다애플250ml,음료>탄산음료>과일향탄산(소),음료,탄산음료,과일향탄산(소),당일픽업,11,9,16.0,8,2,0,1,0,0,2025-04-01,2025-04-29,1700.0,2,1,16,25.0,12.5,25.0,1.7778
123573,PB)디저트39커피우유500ml,유음료>가공우유>커피우유,유음료,가공우유,커피우유,당일픽업,13,9,16.0,10,0,0,3,0,0,2025-04-01,2025-04-30,2200.0,0,3,16,0.0,30.0,0.0,1.7778
162172,바다원)롤링오징어40g,안주>오징어>오징어,안주,오징어,오징어,당일픽업,13,2,16.0,11,1,0,1,0,0,2025-04-25,2025-04-30,6500.0,1,1,16,9.0909,9.0909,9.0909,8.0
110000,팔리니리몬첼로500ml,양주와인>리쿼>리쿼,양주와인,리쿼,리쿼,사전예약,18,15,16.0,14,0,1,2,1,0,2025-04-02,2025-04-28,22900.0,-1,1,16,0.0,14.2857,-7.1429,1.0667
191333,리커)보마레레드750ml,양주와인>와인>레드,양주와인,와인,레드,당일픽업,16,12,16.0,16,0,0,0,0,0,2025-04-07,2025-04-22,16000.0,0,0,16,0.0,0.0,0.0,1.3333
141635,PB)머쉬룸스프25g,가공식품>상온간편식>즉석 국/스프,가공식품,상온간편식,즉석 국/스프,당일픽업,15,9,15.0,10,1,1,2,1,0,2025-04-03,2025-04-26,2100.0,0,1,15,10.0,20.0,0.0,1.6667
150925,디핀)구슬 바나나스플릿,아이스크림>고급>구슬아이스,아이스크림,고급,구슬아이스,당일픽업,12,9,15.0,8,2,0,1,1,0,2025-04-04,2025-04-30,3200.0,2,0,15,25.0,12.5,25.0,1.6667
124623,에이스)브릭벽돌초콜릿50g,과자>초콜릿>판초콜릿,과자,초콜릿,판초콜릿,당일픽업,11,8,15.0,9,2,0,0,0,0,2025-04-07,2025-04-29,2900.0,2,0,15,22.2222,0.0,22.2222,1.875
161284,동서)TOP스위트아메리카노275ml,음료>커피음료>캔커피(보틀),음료,커피음료,캔커피(보틀),당일픽업,10,6,15.0,5,3,1,1,0,0,2025-04-01,2025-04-23,2700.0,2,1,15,60.0,20.0,40.0,2.5
128123,세븐팜)소백산세척사과(1입),신선>과일>국산과일,신선,과일,국산과일,당일픽업,14,9,15.0,11,1,0,1,1,0,2025-04-02,2025-04-24,2700.0,1,0,15,9.0909,9.0909,9.0909,1.6667
062495,hy)야쿠르트1971 750ml,유음료>요구르트>기능성요구르트,유음료,요구르트,기능성요구르트,당일픽업,12,7,15.0,10,1,0,1,0,0,2025-04-06,2025-04-30,3600.0,1,1,15,10.0,10.0,10.0,2.1429
202657,칠성)콘트라베이스블랙&샷500ml,음료>커피음료>PET커피,음료,커피음료,PET커피,당일픽업,8,3,15.0,4,3,0,1,0,0,2025-04-07,2025-04-16,2700.0,3,1,15,75.0,25.0,75.0,5.0
202520,농심)카프리썬오렌지망고200ml,음료>주스>주스(중),음료,주스,주스(중),당일픽업,9,6,15.0,6,3,0,0,0,0,2025-04-03,2025-04-30,1100.0,3,0,15,50.0,0.0,50.0,2.5
421004,모나미)3색볼펜1000_후크형_H,문구/완구>일반문구>팬시,문구/완구,일반문구,팬시,당일픽업,9,5,15.0,6,3,0,0,0,0,2025-04-10,2025-04-25,1200.0,3,0,15,50.0,0.0,50.0,3.0
109322,설성)내슈빌부채살스테이크150g,냉동>신선냉동>냉동축산,냉동,신선냉동,냉동축산,당일픽업,9,4,15.0,6,3,0,0,0,0,2025-04-02,2025-04-18,10900.0,3,0,15,50.0,0.0,50.0,3.75
170493,하이네)타이거맥주500ml캔,맥주>수입맥주>캔맥주(중),맥주,수입맥주,캔맥주(중),당일픽업,12,8,15.0,8,2,1,1,0,0,2025-04-04,2025-04-18,4500.0,1,1,15,25.0,12.5,12.5,1.875
109949,하바나클럽아네호3아뇨스 750ml,양주와인>양주>기타양주,양주와인,양주,기타양주,사전예약,13,10,15.0,11,0,0,2,0,0,2025-04-05,2025-04-25,30000.0,0,2,15,0.0,18.1818,0.0,1.5
200245,인디)KGB보드카레몬275ml병,양주와인>리쿼>리쿼,양주와인,리쿼,리쿼,당일픽업,15,11,15.0,15,0,0,0,0,0,2025-04-04,2025-04-30,3900.0,0,0,15,0.0,0.0,0.0,1.3636
123570,PB)디저트39딸기우유500ml,유음료>가공우유>딸기우유,유음료,가공우유,딸기우유,당일픽업,10,7,15.0,6,1,0,3,0,0,2025-04-01,2025-04-28,2200.0,1,3,15,16.6667,50.0,16.6667,2.1429
070791,남양)불가리스딸기150ml,유음료>요구르트>기능성요구르트,유음료,요구르트,기능성요구르트,당일픽업,15,8,15.0,12,0,0,2,1,0,2025-04-06,2025-04-24,2000.0,0,1,15,0.0,16.6667,0.0,1.875
107182,CJ)비비고떡볶이오리지널110g,가공식품>가공미반류>쌀가공식,가공식품,가공미반류,쌀가공식,교환권,14,11,15.0,13,0,0,1,0,0,2025-04-01,2025-04-18,3900.0,0,1,15,0.0,7.6923,0.0,1.3636
093738,세븐팜)상추100g(봉),신선>야채>센터채소,신선,야채,센터채소,당일픽업,11,3,15.0,6,2,0,2,1,0,2025-04-11,2025-04-20,1900.0,2,1,15,33.3333,33.3333,33.3333,5.0
119001,동아)박카스맛젤리사우어50g,과자>젤리류>국산젤리,과자,젤리류,국산젤리,당일픽업,15,11,15.0,15,0,0,0,0,0,2025-04-09,2025-04-30,1500.0,0,0,15,0.0,0.0,0.0,1.3636
123973,씨드)리얼닭가슴살칩오리지널30g,안주>스낵안주>일반스낵,안주,스낵안주,일반스낵,당일픽업,12,6,15.0,8,2,1,1,0,0,2025-04-01,2025-04-19,4400.0,1,1,15,25.0,12.5,12.5,2.5
108445,돌코리아)후룻볼파인애플(113g),신선>과일>가공과일,신선,과일,가공과일,당일픽업,13,10,15.0,9,1,1,2,0,0,2025-04-01,2025-04-24,1900.0,0,2,15,11.1111,22.2222,0.0,1.5
081795,로투스)벨기에와플50g,빵>구움과자>구움과자,빵,구움과자,구움과자,당일픽업,13,10,15.0,9,1,1,2,0,0,2025-04-05,2025-04-19,1700.0,0,2,15,11.1111,22.2222,0.0,1.5
123680,키쿠스이 준마이,전통주>기타전통주>청주,전통주,기타전통주,청주,사전예약,15,10,15.0,13,1,1,0,0,0,2025-04-02,2025-04-27,17200.0,0,0,15,7.6923,0.0,0.0,1.5
109169,엠탑)까먹는복숭아젤리60g,과자>젤리류>수입젤리,과자,젤리류,수입젤리,당일픽업,8,4,15.0,4,3,0,1,0,0,2025-04-07,2025-04-27,1800.0,3,1,15,75.0,25.0,75.0,3.75
124789,드림)훈와리메이진벚꽃모찌26g,과자>스낵류>옥수수스낵,과자,스낵류,옥수수스낵,당일픽업,12,11,15.0,10,1,0,1,0,0,2025-04-08,2025-04-29,2700.0,1,1,15,10.0,10.0,10.0,1.3636
105948,마즈)비카인드다크씨솔트40g,과자>프로틴/시리얼>영양바류,과자,프로틴/시리얼,영양바류,당일픽업,15,3,15.0,9,3,3,0,0,0,2025-04-01,2025-04-24,2500.0,0,0,15,33.3333,0.0,0.0,5.0
192600,칠성)탐두12년700ml,양주와인>양주>위스키,양주와인,양주,위스키,당일픽업,16,9,15.0,14,0,1,1,0,0,2025-04-01,2025-04-17,119000.0,-1,1,15,0.0,7.1429,-7.1429,1.6667
105308,대호)벤티블랙아메리카노500ml,즉석음료>파우치>아이스커피,즉석음료,파우치,아이스커피,당일픽업,10,7,15.0,7,2,0,1,0,0,2025-04-05,2025-04-28,2100.0,2,1,15,28.5714,14.2857,28.5714,2.1429
123769,HY)길디오리지널라거568ml캔,맥주>수입맥주>캔맥주(중),맥주,수입맥주,캔맥주(중),당일픽업,14,8,15.0,11,1,1,1,0,0,2025-04-04,2025-04-18,4500.0,0,1,15,9.0909,9.0909,0.0,1.875
092882,프레시팜)바나나2입,신선>과일>수입과일,신선,과일,수입과일,당일픽업,13,7,15.0,7,2,1,2,1,0,2025-04-07,2025-04-20,1600.0,1,1,15,28.5714,28.5714,14.2857,2.1429
105481,풀무원)워터루틴500ml(20입),음료>생수>500ml이하,음료,생수,500ml이하,당일픽업,11,3,15.0,7,3,1,0,0,0,2025-04-25,2025-04-29,6980.0,2,0,15,42.8571,0.0,28.5714,5.0
122640,초월홍삼)발효홍삼진15ml,건강/기호식품>건강/이너뷰티>일반건강식품 ,건강/기호식품,건강/이너뷰티,일반건강식품 ,당일픽업,14,12,15.0,13,0,0,1,0,0,2025-04-01,2025-04-25,3000.0,0,1,15,0.0,7.6923,0.0,1.25
132149,농심)신라면큰사발,면>용기면>라면(대형컵),면,용기면,라면(대형컵),교환권,11,6,15.0,7,3,1,0,0,0,2025-04-06,2025-04-30,1500.0,2,0,15,42.8571,0.0,28.5714,2.5
124427,CJ)하프칼로리참깨드레싱,조미료/건물>소스류>드레싱/디핑소스,조미료/건물,소스류,드레싱/디핑소스,당일픽업,11,4,15.0,7,3,1,0,0,0,2025-04-02,2025-04-25,4500.0,2,0,15,42.8571,0.0,28.5714,3.75
118577,미성)빅마시멜로100g,과자>캔디류>봉지캔디,과자,캔디류,봉지캔디,당일픽업,8,4,15.0,4,3,0,1,0,0,2025-04-03,2025-04-30,1500.0,3,1,15,75.0,25.0,75.0,3.75
106769,PB)착한꿀호떡95g,빵>간식빵>과자빵,빵,간식빵,과자빵,당일픽업,13,13,15.0,11,0,0,2,0,0,2025-04-01,2025-04-30,1500.0,0,2,15,0.0,18.1818,0.0,1.1538
105864,칠성)칸타타스위트아몬드제로230ml,즉석음료>파우치>아이스커피,즉석음료,파우치,아이스커피,당일픽업,11,3,15.0,7,3,1,0,0,0,2025-04-18,2025-04-28,1400.0,2,0,15,42.8571,0.0,28.5714,5.0
109467,세종)옥수수깡걸리750ml,전통주>막걸리>살균막걸리,전통주,막걸리,살균막걸리,당일픽업,13,8,15.0,12,1,0,0,0,0,2025-04-02,2025-04-30,2300.0,1,0,15,8.3333,0.0,8.3333,1.875
107312,페르)발렌타인10년200ml,양주와인>양주>위스키,양주와인,양주,위스키,당일픽업,11,6,15.0,9,2,0,0,0,0,2025-04-02,2025-04-25,15900.0,2,0,15,22.2222,0.0,22.2222,2.5
062391,비알)베리베리스트로베리우유190,유음료>가공우유>딸기우유,유음료,가공우유,딸기우유,당일픽업,13,6,15.0,7,2,1,2,1,0,2025-04-01,2025-04-28,1500.0,1,1,15,28.5714,28.5714,14.2857,2.5
160020,칠성)게토레이레몬240ml캔,음료>스포츠음료>스포츠음료(소),음료,스포츠음료,스포츠음료(소),당일픽업,16,9,15.0,8,3,4,1,0,0,2025-04-01,2025-04-22,1200.0,-1,1,15,37.5,12.5,-12.5,1.6667
073170,CJ)맥스봉직화청양꼬치바90g,냉장>냉장간식>소형바,냉장,냉장간식,소형바,당일픽업,16,8,15.0,12,1,2,1,0,0,2025-04-01,2025-04-27,2700.0,-1,1,15,8.3333,8.3333,-8.3333,1.875
105296,대호)Big블랙아메리카노320ml,즉석음료>파우치>아이스커피,즉석음료,파우치,아이스커피,당일픽업,11,6,15.0,7,3,1,0,0,0,2025-04-02,2025-04-29,1600.0,2,0,15,42.8571,0.0,28.5714,2.5
114332,삼립)크래프트치킨크림스프,가공식품>상온간편식>즉석 국/스프,가공식품,상온간편식,즉석 국/스프,교환권,13,6,15.0,10,2,1,0,0,0,2025-04-01,2025-04-28,4500.0,1,0,15,20.0,0.0,10.0,2.5
108596,대상)안주야오치즈바질토마토30g,안주>스낵안주>일반스낵,안주,스낵안주,일반스낵,당일픽업,12,6,15.0,8,2,1,1,0,0,2025-04-01,2025-04-26,6500.0,1,1,15,25.0,12.5,12.5,2.5
109996,글렌고인 12년 ,양주와인>양주>위스키,양주와인,양주,위스키,사전예약,12,9,15.0,10,1,0,1,0,0,2025-04-02,2025-04-28,99800.0,1,1,15,10.0,10.0,10.0,1.6667
109960,마르텔XO 700ml,양주와인>양주>브랜디,양주와인,양주,브랜디,사전예약,14,13,15.0,13,0,0,1,0,0,2025-04-04,2025-04-27,350000.0,0,1,15,0.0,7.6923,0.0,1.1538
601294,농심)린도볼밀크3P,과자>초콜릿>볼초콜릿,과자,초콜릿,볼초콜릿,교환권,11,6,15.0,9,2,0,0,0,0,2025-04-10,2025-04-17,3700.0,2,0,15,22.2222,0.0,22.2222,2.5
124131,롯데)이너프토스티드브레드45g,과자>비스킷류>쿠키,과자,비스킷류,쿠키,당일픽업,13,8,15.0,10,2,1,0,0,0,2025-04-03,2025-04-28,3800.0,1,0,15,20.0,0.0,10.0,1.875
192134,조닌발폴리첼라리파소,양주와인>와인>레드,양주와인,와인,레드,사전예약,13,10,15.0,12,1,0,0,0,0,2025-04-03,2025-04-27,29000.0,1,0,15,8.3333,0.0,8.3333,1.5
123408,하겐)파인트커피,아이스크림>고급>파인트,아이스크림,고급,파인트,당일픽업,11,8,15.0,9,2,0,0,0,0,2025-04-11,2025-04-30,17900.0,2,0,15,22.2222,0.0,22.2222,1.875
124739,빙그레)따옴바키위75ml,아이스크림>노벨티>바,아이스크림,노벨티,바,당일픽업,10,6,15.0,7,2,0,1,0,0,2025-04-05,2025-04-30,2000.0,2,1,15,28.5714,14.2857,28.5714,2.5
391071,유한)좋은느낌유기농순면중형3P,위생용품>생리대>4P,위생용품,생리대,4P,당일픽업,15,10,15.0,13,1,1,0,0,0,2025-04-01,2025-04-27,1800.0,0,0,15,7.6923,0.0,0.0,1.5
150952,빙그레)요맘때딸기70ml,아이스크림>노벨티>바,아이스크림,노벨티,바,당일픽업,11,8,15.0,9,2,0,0,0,0,2025-04-03,2025-04-26,1500.0,2,0,15,22.2222,0.0,22.2222,1.875
202570,칠성)잔치집식혜500ml,음료>전통음료>전통음료(중),음료,전통음료,전통음료(중),당일픽업,10,7,15.0,7,2,0,1,0,0,2025-04-05,2025-04-30,2200.0,2,1,15,28.5714,14.2857,28.5714,2.1429
202671,코카)몬스터에너지선라이즈355,음료>기능성드링크>에너지음료,음료,기능성드링크,에너지음료,당일픽업,11,5,15.0,7,3,1,0,0,0,2025-04-02,2025-04-30,2300.0,2,0,15,42.8571,0.0,28.5714,3.0
124963,CJ)햇반12곡밥210g,가공식품>가공미반류>즉석밥,가공식품,가공미반류,즉석밥,당일픽업,12,6,15.0,8,2,1,1,0,0,2025-04-11,2025-04-28,2800.0,1,1,15,25.0,12.5,12.5,2.5
601137,PB)산리오초코쿠키(시나몬),과자>비스킷류>쿠키,과자,비스킷류,쿠키,교환권,13,10,15.0,9,1,1,2,0,0,2025-04-01,2025-04-29,2000.0,0,2,15,11.1111,22.2222,0.0,1.5
151698,동원)들기름도시락김9입,조미료/건물>건해산물>농수산건물,조미료/건물,건해산물,농수산건물,당일픽업,14,10,15.0,11,1,1,1,0,0,2025-04-05,2025-04-30,5800.0,0,1,15,9.0909,9.0909,0.0,1.5
106558,PB)이프바닐라컵팝콘75g,과자>스낵류>옥수수스낵,과자,스낵류,옥수수스낵,당일픽업,15,11,15.0,13,1,1,0,0,0,2025-04-01,2025-04-30,2000.0,0,0,15,7.6923,0.0,0.0,1.3636
201724,웅진)광명찾은결명자차500ml,음료>차음료>기타차,음료,차음료,기타차,당일픽업,11,3,15.0,9,2,0,0,0,0,2025-04-05,2025-04-30,2200.0,2,0,15,22.2222,0.0,22.2222,5.0
211646,벤앤제리스)쿠키도우파인트473ml,아이스크림>고급>파인트,아이스크림,고급,파인트,당일픽업,14,7,15.0,11,1,1,1,0,0,2025-04-08,2025-04-28,16900.0,0,1,15,9.0909,9.0909,0.0,2.1429
413560,마즈)쉬바참치와닭가슴살70g_H,일용잡화>반려동물용품>반려묘,일용잡화,반려동물용품,반려묘,당일픽업,9,3,15.0,6,3,0,0,0,0,2025-04-03,2025-04-30,2000.0,3,0,15,50.0,0.0,50.0,5.0
124775,훼밀리)S&B다진와사비43g,조미료/건물>조미료>복합조미료/향신료,조미료/건물,조미료,복합조미료/향신료,당일픽업,13,7,15.0,10,2,1,0,0,0,2025-04-06,2025-04-29,4000.0,1,0,15,20.0,0.0,10.0,2.1429
170866,롱보드라거캔24입,맥주>수입맥주>캔맥주(중),맥주,수입맥주,캔맥주(중),사전예약,12,9,15.0,10,1,0,1,0,0,2025-04-07,2025-04-29,65000.0,1,1,15,10.0,10.0,10.0,1.6667
132784,PB)매콤뽀요면큰컵,면>용기면>라면(대형컵),면,용기면,라면(대형컵),교환권,12,7,15.0,10,1,0,1,0,0,2025-04-03,2025-04-30,2500.0,1,1,15,10.0,10.0,10.0,2.1429
060847,빙그레)아카페라바닐라라떼240ml,유음료>가공우유>기타,유음료,가공우유,기타,당일픽업,14,8,15.0,7,3,3,1,0,0,2025-04-01,2025-04-28,2000.0,0,1,15,42.8571,14.2857,0.0,1.875
041259,뚜또)파인애플230g,디저트>젤리>떠먹는젤리,디저트,젤리,떠먹는젤리,당일픽업,13,10,15.0,10,2,1,0,0,0,2025-04-02,2025-04-26,2900.0,1,0,15,20.0,0.0,10.0,1.5
119693,롯데)ABC초코72g,과자>초콜릿>봉지초콜릿,과자,초콜릿,봉지초콜릿,교환권,11,4,15.0,9,2,0,0,0,0,2025-04-01,2025-04-28,3400.0,2,0,15,22.2222,0.0,22.2222,3.75
160023,칠성)게토레이레몬1.5L,음료>스포츠음료>스포츠음료(대),음료,스포츠음료,스포츠음료(대),당일픽업,11,7,15.0,9,2,0,0,0,0,2025-04-01,2025-04-30,3400.0,2,0,15,22.2222,0.0,22.2222,2.1429
107549,오츠카)소이조이애플30g,과자>프로틴/시리얼>영양바류,과자,프로틴/시리얼,영양바류,교환권,11,6,15.0,9,2,0,0,0,0,2025-04-06,2025-04-21,1700.0,2,0,15,22.2222,0.0,22.2222,2.5
150926,디핀)구슬 초콜릿,아이스크림>고급>구슬아이스,아이스크림,고급,구슬아이스,당일픽업,9,4,15.0,6,3,0,0,0,0,2025-04-05,2025-04-12,3200.0,3,0,15,50.0,0.0,50.0,3.75
391032,LG)쏘피유기농100%무표백대형4P,위생용품>생리대>4P,위생용품,생리대,4P,당일픽업,14,7,15.0,9,2,1,1,1,0,2025-04-02,2025-04-29,3900.0,1,0,15,22.2222,11.1111,11.1111,2.1429
190931,디아)조니워커레드200ml,양주와인>양주>위스키,양주와인,양주,위스키,당일픽업,14,14,15.0,13,0,0,1,0,0,2025-04-01,2025-04-29,12300.0,0,1,15,0.0,7.6923,0.0,1.0714
121872,이노엔)컨디션환1입,건강/기호식품>숙취해소제>환제형,건강/기호식품,숙취해소제,환제형,교환권,13,11,15.0,12,1,0,0,0,0,2025-04-02,2025-04-29,2900.0,1,0,15,8.3333,0.0,8.3333,1.3636
170447,하이네)에델바이스500ml캔,맥주>수입맥주>캔맥주(중),맥주,수입맥주,캔맥주(중),당일픽업,13,9,15.0,8,3,2,0,0,0,2025-04-01,2025-04-29,4900.0,1,0,15,37.5,0.0,12.5,1.6667
106455,PB)촉촉닭안심바오리지널80g,냉장>냉장간식>냉장 프로틴,냉장,냉장간식,냉장 프로틴,당일픽업,14,11,15.0,11,1,1,1,0,0,2025-04-01,2025-04-18,2900.0,0,1,15,9.0909,9.0909,0.0,1.3636
061633,매일)바리스타플라넬드립325ml,유음료>컵커피>300ml 이상,유음료,컵커피,300ml 이상,당일픽업,11,5,15.0,7,3,1,0,0,0,2025-04-02,2025-04-27,3500.0,2,0,15,42.8571,0.0,28.5714,3.0
123096,삼경)푸쵸스틱캔디소다맛50g,과자>캔디류>소프트캔디,과자,캔디류,소프트캔디,교환권,11,4,15.0,7,3,1,0,0,0,2025-04-06,2025-04-20,2000.0,2,0,15,42.8571,0.0,28.5714,3.75
123174,카스250ml캔(24입),맥주>수입맥주>캔맥주(소),맥주,수입맥주,캔맥주(소),사전예약,17,9,15.0,10,0,0,4,3,0,2025-04-01,2025-04-29,29600.0,0,1,15,0.0,40.0,0.0,1.6667
202438,동원)아이스티(레몬)500ml,음료>차음료>홍차,음료,차음료,홍차,당일픽업,14,8,15.0,8,1,0,3,2,0,2025-04-02,2025-04-26,2200.0,1,1,15,12.5,37.5,12.5,1.875
119410,롯데)크런키초코바30g,과자>초콜릿>바초콜릿,과자,초콜릿,바초콜릿,교환권,12,6,15.0,5,2,1,3,1,0,2025-04-11,2025-04-30,1300.0,1,2,15,40.0,60.0,20.0,2.5
202523,동원)테이크얼라이브블러드오렌,음료>주스>주스(중),음료,주스,주스(중),당일픽업,12,9,15.0,8,2,0,1,1,0,2025-04-01,2025-04-27,2500.0,2,0,15,25.0,12.5,25.0,1.6667
381030,PB)세면타월(블루)_H,패션잡화>시즌/소품>타올,패션잡화,시즌/소품,타올,당일픽업,11,8,15.0,6,2,1,2,0,0,2025-04-03,2025-04-26,4900.0,1,2,15,33.3333,33.3333,16.6667,1.875
108068,나뚜루)알폰소망고소르베컵100ml(비건),아이스크림>고급>컵,아이스크림,고급,컵,당일픽업,12,5,15.0,8,2,1,1,0,0,2025-04-08,2025-04-29,5900.0,1,1,15,25.0,12.5,12.5,3.0
072746,하림)닭가슴살갈릭100g,냉장>냉장간식>냉장 프로틴,냉장,냉장간식,냉장 프로틴,당일픽업,16,11,15.0,14,0,0,1,1,0,2025-04-02,2025-04-30,4700.0,0,0,15,0.0,7.1429,0.0,1.3636
113119,미클토어 디 오리지널 700ml,양주와인>양주>위스키,양주와인,양주,위스키,사전예약,15,14,15.0,15,0,0,0,0,0,2025-04-08,2025-04-28,130000.0,0,0,15,0.0,0.0,0.0,1.0714
107479,PB)빵빵이의떡볶이~!(보통맛),냉장>냉장간편식>냉장떡볶이,냉장,냉장간편식,냉장떡볶이,교환권,14,14,14.0,14,0,0,0,0,0,2025-04-03,2025-04-30,3000.0,0,0,14,0.0,0.0,0.0,1.0
192128,산타리타리저브샤도네,양주와인>와인>화이트,양주와인,와인,화이트,사전예약,14,13,14.0,14,0,0,0,0,0,2025-04-02,2025-04-28,21000.0,0,0,14,0.0,0.0,0.0,1.0769
124787,천하)구카솔티커피누가크래커100g,과자>비스킷류>크래커,과자,비스킷류,크래커,당일픽업,10,7,14.0,8,2,0,0,0,0,2025-04-06,2025-04-28,2500.0,2,0,14,25.0,0.0,25.0,2.0
115307,불렛 버번 700ml,양주와인>양주>위스키,양주와인,양주,위스키,사전예약,12,8,14.0,8,1,1,2,0,0,2025-04-04,2025-04-27,59000.0,0,2,14,12.5,25.0,0.0,1.75
211174,하겐)쿠키앤크림파인트473ml,아이스크림>고급>파인트,아이스크림,고급,파인트,당일픽업,10,7,14.0,8,2,0,0,0,0,2025-04-05,2025-04-20,17900.0,2,0,14,25.0,0.0,25.0,2.0
190463,52-08_FJ)예거마이스터350ml,양주와인>양주>기타양주,양주와인,양주,기타양주,당일픽업,12,10,14.0,11,1,0,0,0,0,2025-04-04,2025-04-29,23500.0,1,0,14,9.0909,0.0,9.0909,1.4
202145,OKF)옐로우스무디350ml,음료>주스>주스(중),음료,주스,주스(중),당일픽업,13,7,14.0,8,2,2,1,0,0,2025-04-02,2025-04-27,2500.0,0,1,14,25.0,12.5,0.0,2.0
123872,더 글렌그란트 12년,양주와인>양주>위스키,양주와인,양주,위스키,사전예약,12,9,14.0,10,0,0,2,0,0,2025-04-02,2025-04-27,109000.0,0,2,14,0.0,20.0,0.0,1.5556
819429,해태)초코픽45g,과자>비스킷류>스틱과자,과자,비스킷류,스틱과자,당일픽업,11,6,14.0,7,2,1,1,0,0,2025-04-03,2025-04-21,1800.0,1,1,14,28.5714,14.2857,14.2857,2.3333
111992,롯데)목캔디허브(오리지날)38g,과자>캔디류>기능성캔디,과자,캔디류,기능성캔디,교환권,12,8,14.0,8,1,0,2,1,0,2025-04-01,2025-04-30,1200.0,1,1,14,12.5,25.0,12.5,1.75
190034,국순당)백세주375ml,전통주>기타전통주>약주,전통주,기타전통주,약주,당일픽업,14,5,14.0,8,3,3,0,0,0,2025-04-02,2025-04-30,5100.0,0,0,14,37.5,0.0,0.0,2.8
201259,하이트)토닉워터300ml,음료>탄산음료>과일향탄산(중),음료,탄산음료,과일향탄산(중),당일픽업,10,6,14.0,8,2,0,0,0,0,2025-04-01,2025-04-23,1900.0,2,0,14,25.0,0.0,25.0,2.3333
124436,옥토모어 15.1 700ml,양주와인>양주>위스키,양주와인,양주,위스키,사전예약,13,12,14.0,12,0,0,1,0,0,2025-04-08,2025-04-30,459000.0,0,1,14,0.0,8.3333,0.0,1.1667
123685,노모노모 원컵(5입),전통주>기타전통주>청주,전통주,기타전통주,청주,사전예약,11,8,14.0,9,1,0,1,0,0,2025-04-05,2025-04-18,16500.0,1,1,14,11.1111,11.1111,11.1111,1.75
106668,PB)바닐라라떼300ml,유음료>컵커피>300ml 이상,유음료,컵커피,300ml 이상,교환권,11,9,14.0,9,1,0,1,0,0,2025-04-01,2025-04-27,2800.0,1,1,14,11.1111,11.1111,11.1111,1.5556
123817,1키키쿼카)마우스패드,과자>캔디류>행사상품,과자,캔디류,행사상품,당일픽업,12,6,14.0,9,2,1,0,0,0,2025-04-01,2025-04-22,10500.0,1,0,14,22.2222,0.0,11.1111,2.3333
113720,롯데)쥬시후레쉬스틱,과자>껌>스틱껌,과자,껌,스틱껌,당일픽업,10,6,14.0,5,2,0,2,1,0,2025-04-02,2025-04-28,1200.0,2,1,14,40.0,40.0,40.0,2.3333
071835,장충동)부드러운순살족발235g,냉장>냉장안주>족발/순대,냉장,냉장안주,족발/순대,당일픽업,13,6,14.0,12,0,0,1,0,0,2025-04-01,2025-04-27,10600.0,0,1,14,0.0,8.3333,0.0,2.3333
112128,롯데)치토스스모크바베큐82g,과자>스낵류>옥수수스낵,과자,스낵류,옥수수스낵,교환권,11,7,14.0,9,1,0,1,0,0,2025-04-05,2025-04-30,1700.0,1,1,14,11.1111,11.1111,11.1111,2.0
360450, 일신)리뉴여행용60ml세트_H,약품/의료품>의약외품>렌즈용품,약품/의료품,의약외품,렌즈용품,당일픽업,10,5,14.0,8,2,0,0,0,0,2025-04-09,2025-04-27,4000.0,2,0,14,25.0,0.0,25.0,2.8
115573,맥코넬스 700ml,양주와인>양주>위스키,양주와인,양주,위스키,사전예약,13,13,14.0,12,0,0,1,0,0,2025-04-01,2025-04-29,89000.0,0,1,14,0.0,8.3333,0.0,1.0769
123156,필스너우르켈 500ml캔(24입),맥주>수입맥주>캔맥주(중),맥주,수입맥주,캔맥주(중),사전예약,12,9,14.0,11,1,0,0,0,0,2025-04-01,2025-04-28,54000.0,1,0,14,9.0909,0.0,9.0909,1.5556
123983,이코몽 타루쵸조,전통주>기타전통주>청주,전통주,기타전통주,청주,사전예약,14,8,14.0,11,0,0,2,1,0,2025-04-08,2025-04-28,65000.0,0,1,14,0.0,18.1818,0.0,1.75
107045,삼립)미각초코소라빵90g,빵>간식빵>과자빵,빵,간식빵,과자빵,당일픽업,11,8,14.0,6,1,0,3,1,0,2025-04-03,2025-04-29,2100.0,1,2,14,16.6667,50.0,16.6667,1.75
370983,P&G)다우니핑크1L_H,가정용품>세제류>섬유유연제,가정용품,세제류,섬유유연제,당일픽업,11,2,14.0,7,2,1,1,0,0,2025-04-02,2025-04-12,15000.0,1,1,14,28.5714,14.2857,14.2857,7.0
140968,CJ)철판제육덮밥(컵반),가공식품>가공미반류>즉석컵밥,가공식품,가공미반류,즉석컵밥,교환권,8,3,14.0,4,2,0,2,0,0,2025-04-05,2025-04-27,4800.0,2,2,14,50.0,50.0,50.0,4.6667
192603,산토리)짐빔하이볼자몽350ml캔,양주와인>하이볼>수입하이볼,양주와인,하이볼,수입하이볼,당일픽업,13,8,14.0,8,2,1,1,1,0,2025-04-04,2025-04-26,4000.0,1,0,14,25.0,12.5,12.5,1.75
113166,돈훌리오 1942 750ml,양주와인>양주>위스키,양주와인,양주,위스키,사전예약,13,12,12.5,12,0,0,0,0,1,2025-04-01,2025-04-20,319000.0,0,0,14,0.0,0.0,0.0,1.1667
107078,농심)마라샹구리큰사발,면>용기면>비빔/볶음면,면,용기면,비빔/볶음면,당일픽업,12,10,14.0,9,2,1,0,0,0,2025-04-02,2025-04-29,2000.0,1,0,14,22.2222,0.0,11.1111,1.4
150446,나뚜루)녹차파인트,아이스크림>고급>파인트,아이스크림,고급,파인트,당일픽업,10,7,14.0,8,2,0,0,0,0,2025-04-06,2025-04-21,15900.0,2,0,14,25.0,0.0,25.0,2.0
124525,오마르버번캐스크700ml,양주와인>양주>위스키,양주와인,양주,위스키,사전예약,12,11,14.0,10,0,0,2,0,0,2025-04-01,2025-04-29,145000.0,0,2,14,0.0,20.0,0.0,1.2727
161283,동서)TOP마스터라떼275ml,음료>커피음료>캔커피(보틀),음료,커피음료,캔커피(보틀),당일픽업,9,6,14.0,4,3,1,1,0,0,2025-04-01,2025-04-15,2700.0,2,1,14,75.0,25.0,50.0,2.3333
106663,롯데)꼬깔콘매드핫고추장67g,과자>스낵류>옥수수스낵,과자,스낵류,옥수수스낵,당일픽업,12,2,14.0,11,1,0,0,0,0,2025-04-08,2025-04-13,1700.0,1,0,14,9.0909,0.0,9.0909,7.0
113788,MQ)프링글스오리지날110g,과자>스낵류>감자스낵,과자,스낵류,감자스낵,교환권,10,5,14.0,8,2,0,0,0,0,2025-04-03,2025-04-29,4000.0,2,0,14,25.0,0.0,25.0,2.8
123112,파머스)피스터블밀크초콜릿60g,과자>초콜릿>판초콜릿,과자,초콜릿,판초콜릿,당일픽업,13,5,14.0,10,1,0,1,1,0,2025-04-10,2025-04-28,8000.0,1,0,14,10.0,10.0,10.0,2.8
113315,롯데)카스타드138g(6입),과자>비스킷류>파이,과자,비스킷류,파이,당일픽업,8,4,14.0,5,3,0,0,0,0,2025-04-03,2025-04-20,3500.0,3,0,14,60.0,0.0,60.0,3.5
105795,해태)연양갱쑥맛55g,과자>캔디류>소프트캔디,과자,캔디류,소프트캔디,당일픽업,11,6,14.0,9,1,0,1,0,0,2025-04-02,2025-04-25,900.0,1,1,14,11.1111,11.1111,11.1111,2.3333
107198,한성)NEW숯불구이맛후랑크70g,냉장>냉장간식>소형바,냉장,냉장간식,소형바,당일픽업,20,17,14.0,15,1,4,0,0,0,2025-04-01,2025-04-29,2000.0,-3,0,14,6.6667,0.0,-20.0,0.8235
191927,제이스)발두지레드750ml,양주와인>와인>레드,양주와인,와인,레드,당일픽업,12,10,14.0,11,1,0,0,0,0,2025-04-01,2025-04-29,8900.0,1,0,14,9.0909,0.0,9.0909,1.4
371106,롯알)면청테이프_H,가정용품>청소/작업용품>테이프류,가정용품,청소/작업용품,테이프류,당일픽업,8,3,14.0,5,3,0,0,0,0,2025-04-12,2025-04-26,2500.0,3,0,14,60.0,0.0,60.0,4.6667
107784,K리그산리오)인형_타이니참,문구/완구>일반완구>일반완구,문구/완구,일반완구,일반완구,당일픽업,9,7,14.0,5,1,0,3,0,0,2025-04-01,2025-04-25,25000.0,1,3,14,20.0,60.0,20.0,2.0
123615,서주)망고쏙연유바70ml,아이스크림>노벨티>바,아이스크림,노벨티,바,당일픽업,14,11,14.0,10,2,2,0,0,0,2025-04-01,2025-04-17,1500.0,0,0,14,20.0,0.0,0.0,1.2727
124386,굿지앤)오마카세직화불껍데기160g,냉장>냉장안주>육가공안주,냉장,냉장안주,육가공안주,당일픽업,12,7,14.0,9,2,1,0,0,0,2025-04-05,2025-04-18,7900.0,1,0,14,22.2222,0.0,11.1111,2.0
124711,이노엔)티로그청포도아이스티500ml,음료>차음료>홍차,음료,차음료,홍차,당일픽업,11,6,14.0,7,2,1,1,0,0,2025-04-03,2025-04-18,2500.0,1,1,14,28.5714,14.2857,14.2857,2.3333
123460,우마니론끼 까살 디 쎄라,양주와인>와인>화이트,양주와인,와인,화이트,사전예약,14,12,14.0,11,0,0,2,1,0,2025-04-01,2025-04-29,35900.0,0,1,14,0.0,18.1818,0.0,1.1667
124911,PB)수피마 블랙 티셔츠 105_H,패션잡화>팬티/내의>내의류,패션잡화,팬티/내의,내의류,당일픽업,11,10,14.0,9,1,0,1,0,0,2025-04-17,2025-04-30,12500.0,1,1,14,11.1111,11.1111,11.1111,1.4
211560,하겐)쿠키앤크림미니컵,아이스크림>고급>컵,아이스크림,고급,컵,당일픽업,14,7,14.0,10,2,2,0,0,0,2025-04-03,2025-04-29,6900.0,0,0,14,20.0,0.0,0.0,2.0
123286,디카이퍼 그레이프후르트700ml,양주와인>양주>기타양주,양주와인,양주,기타양주,사전예약,14,13,14.0,12,1,1,0,0,0,2025-04-01,2025-04-26,22500.0,0,0,14,8.3333,0.0,0.0,1.0769
202491,동서)스타벅스더블샷바닐라275ml,음료>커피음료>캔커피(보틀),음료,커피음료,캔커피(보틀),당일픽업,14,9,14.0,7,2,2,2,1,0,2025-04-01,2025-04-28,3300.0,0,1,14,28.5714,28.5714,0.0,1.5556
124568,동아제약)얼박_샤인머스캣230ml,즉석음료>파우치>아이스티,즉석음료,파우치,아이스티,당일픽업,11,7,14.0,7,2,1,1,0,0,2025-04-10,2025-04-28,1800.0,1,1,14,28.5714,14.2857,14.2857,2.0
220013,CJ)스팸클래식340g,가공식품>캔>육가공캔,가공식품,캔,육가공캔,당일픽업,10,6,14.0,6,3,1,0,0,0,2025-04-03,2025-04-20,8900.0,2,0,14,50.0,0.0,33.3333,2.3333
073247,PB)숯불고등어구이100g,냉장>냉장간편식>반찬/국탕류,냉장,냉장간편식,반찬/국탕류,당일픽업,10,6,14.0,7,1,0,2,0,0,2025-04-04,2025-04-30,4600.0,1,2,14,14.2857,28.5714,14.2857,2.3333
109251,네슬레)다막바클라바60G,과자>초콜릿>판초콜릿,과자,초콜릿,판초콜릿,교환권,8,4,14.0,5,3,0,0,0,0,2025-04-03,2025-04-15,3900.0,3,0,14,60.0,0.0,60.0,3.5
140624,오뚜기)쇠고기미역국밥컵밥,가공식품>가공미반류>즉석컵밥,가공식품,가공미반류,즉석컵밥,교환권,10,5,14.0,8,2,0,0,0,0,2025-04-02,2025-04-24,4800.0,2,0,14,25.0,0.0,25.0,2.8
440903,모나미)컴퓨터용싸인펜_H,문구/완구>일반문구>팬시,문구/완구,일반문구,팬시,당일픽업,12,8,14.0,11,1,0,0,0,0,2025-04-03,2025-04-26,400.0,1,0,14,9.0909,0.0,9.0909,1.75
117128,오리온)태양의맛썬핫135g,과자>스낵류>알뜰절약상품,과자,스낵류,알뜰절약상품,당일픽업,12,7,14.0,6,2,1,2,1,0,2025-04-01,2025-04-26,2800.0,1,1,14,33.3333,33.3333,16.6667,2.0
107318,PB)참징어1마리60g,안주>오징어>오징어,안주,오징어,오징어,당일픽업,10,6,14.0,6,3,1,0,0,0,2025-04-01,2025-04-28,10900.0,2,0,14,50.0,0.0,33.3333,2.3333
124233,보모어 12년,양주와인>양주>위스키,양주와인,양주,위스키,사전예약,10,8,14.0,6,0,0,4,0,0,2025-04-03,2025-04-28,105000.0,0,4,14,0.0,66.6667,0.0,1.75
111782,롯데)가나초코바45g,과자>초콜릿>바초콜릿,과자,초콜릿,바초콜릿,당일픽업,9,5,14.0,4,3,1,1,0,0,2025-04-01,2025-04-28,1300.0,2,1,14,75.0,25.0,50.0,2.8
202732,PB)내몸애70% 500ml,음료>생수>500ml이하,음료,생수,500ml이하,교환권,10,7,14.0,8,2,0,0,0,0,2025-04-06,2025-04-30,700.0,2,0,14,25.0,0.0,25.0,2.0
190457,롯데)옐로우테일샤도네이187ml,양주와인>와인>레드,양주와인,와인,레드,당일픽업,15,13,14.0,13,0,1,1,0,0,2025-04-02,2025-04-30,5000.0,-1,1,14,0.0,7.6923,-7.6923,1.0769
108594,대상)안주야소곱창볶음한판200g,냉동>조리냉동>냉동안주류,냉동,조리냉동,냉동안주류,당일픽업,13,8,14.0,10,1,0,1,1,0,2025-04-03,2025-04-30,12900.0,1,0,14,10.0,10.0,10.0,1.75
180125,오비)카스큐팩1.6L,맥주>국산맥주>PET맥주,맥주,국산맥주,PET맥주,당일픽업,12,6,14.0,7,3,2,0,0,0,2025-04-04,2025-04-28,8300.0,1,0,14,42.8571,0.0,14.2857,2.3333
123471,코폴라 다이아몬드 컬렉션 샤르도네,양주와인>와인>화이트,양주와인,와인,화이트,사전예약,14,12,14.0,14,0,0,0,0,0,2025-04-05,2025-04-27,40900.0,0,0,14,0.0,0.0,0.0,1.1667
190314,52-01_윈저17년450ml,양주와인>양주>위스키,양주와인,양주,위스키,당일픽업,13,10,14.0,12,0,0,1,0,0,2025-04-05,2025-04-30,57500.0,0,1,14,0.0,8.3333,0.0,1.4
121301,동서)카누라떼10입,건강/기호식품>커피>믹스커피,건강/기호식품,커피,믹스커피,당일픽업,12,5,14.0,6,2,1,2,1,0,2025-04-01,2025-04-26,7100.0,1,1,14,33.3333,33.3333,16.6667,2.8
601561,미스티)산리오마이캘린더10g,과자>캔디류>토이캔디,과자,캔디류,토이캔디,당일픽업,11,8,14.0,9,1,0,1,0,0,2025-04-02,2025-04-25,4500.0,1,1,14,11.1111,11.1111,11.1111,1.75
420676,모나미)제도샤프_후크형_H,문구/완구>일반문구>팬시,문구/완구,일반문구,팬시,당일픽업,8,3,14.0,5,3,0,0,0,0,2025-04-04,2025-04-25,1200.0,3,0,14,60.0,0.0,60.0,4.6667
123450,얄리 그랑 레세르바 까베르네 소비뇽,양주와인>와인>레드,양주와인,와인,레드,사전예약,13,11,14.0,12,0,0,1,0,0,2025-04-01,2025-04-20,31900.0,0,1,14,0.0,8.3333,0.0,1.2727
162118,바프)허니버터아몬드130g,안주>너트류>봉지너트,안주,너트류,봉지너트,당일픽업,11,4,14.0,7,2,1,1,0,0,2025-04-08,2025-04-28,5000.0,1,1,14,28.5714,14.2857,14.2857,3.5
123617,크리오)엑스퍼트화이트케어불소육각초극세모1입_H,H&B>칫솔>미세모,H&B,칫솔,미세모,당일픽업,9,5,14.0,6,2,0,1,0,0,2025-04-13,2025-04-29,3500.0,2,1,14,33.3333,16.6667,33.3333,2.8
106291,롯데)스크류바0칼로리75ml,아이스크림>노벨티>바,아이스크림,노벨티,바,당일픽업,12,5,14.0,6,2,2,2,0,0,2025-04-09,2025-04-29,1500.0,0,2,14,33.3333,33.3333,0.0,2.8
106930,팔도)비락식혜제로238ml,음료>전통음료>전통음료(소),음료,전통음료,전통음료(소),당일픽업,8,6,14.0,4,2,0,2,0,0,2025-04-02,2025-04-30,1300.0,2,2,14,50.0,50.0,50.0,2.3333
073654,PB)쫄깃통통가래떡떡볶이300g,냉장>냉장간편식>냉장떡볶이,냉장,냉장간편식,냉장떡볶이,당일픽업,11,10,14.0,8,0,0,3,0,0,2025-04-01,2025-04-30,2500.0,0,3,14,0.0,37.5,0.0,1.4
107424,K리그X산리오 스트랩키링(폼폼푸린/광주),문구/완구>일반완구>일반완구,문구/완구,일반완구,일반완구,당일픽업,11,8,14.0,8,0,0,3,0,0,2025-04-01,2025-04-28,9000.0,0,3,14,0.0,37.5,0.0,1.75
123686,오제키 원컵 엑스트라(5입) (캠핑추천),전통주>기타전통주>청주,전통주,기타전통주,청주,사전예약,12,9,14.0,10,0,0,2,0,0,2025-04-02,2025-04-30,18900.0,0,2,14,0.0,20.0,0.0,1.5556
380179,애경)2080칫솔_H,H&B>칫솔>일반모,H&B,칫솔,일반모,당일픽업,10,8,14.0,8,2,0,0,0,0,2025-04-05,2025-04-30,3000.0,2,0,14,25.0,0.0,25.0,1.75
112412,PB)오가다아카시아꿀물280ml,음료>전통음료>전통음료(중),음료,전통음료,전통음료(중),당일픽업,11,7,14.0,7,2,1,1,0,0,2025-04-07,2025-04-22,2000.0,1,1,14,28.5714,14.2857,14.2857,2.0
201547,칠성)오렌지100 400ml,음료>주스>주스(중),음료,주스,주스(중),당일픽업,8,2,14.0,5,3,0,0,0,0,2025-04-15,2025-04-30,2200.0,3,0,14,60.0,0.0,60.0,7.0
062381,PB)헬로맨카라멜마끼아또320ml,유음료>컵커피>300ml 이상,유음료,컵커피,300ml 이상,교환권,12,10,14.0,11,1,0,0,0,0,2025-04-04,2025-04-28,3100.0,1,0,14,9.0909,0.0,9.0909,1.4
114403,크라운)땅콩캬라멜2000,과자>캔디류>소프트캔디,과자,캔디류,소프트캔디,당일픽업,14,7,14.0,8,3,3,0,0,0,2025-04-01,2025-04-28,2000.0,0,0,14,37.5,0.0,0.0,2.0
124420,피치)트위젤미니츄애플망고맛28g,과자>캔디류>소프트캔디,과자,캔디류,소프트캔디,당일픽업,12,8,14.0,9,2,1,0,0,0,2025-04-04,2025-04-30,800.0,1,0,14,22.2222,0.0,11.1111,1.75
124558,해태)자일리톨아카시아용기90g,과자>껌>용기껌,과자,껌,용기껌,당일픽업,10,4,14.0,6,3,1,0,0,0,2025-04-07,2025-04-29,5000.0,2,0,14,50.0,0.0,33.3333,3.5
170813,칭따오퓨어드래프트*24입,맥주>수입맥주>캔맥주(중),맥주,수입맥주,캔맥주(중),사전예약,11,10,13.0,10,1,0,0,0,0,2025-04-02,2025-04-30,55000.0,1,0,13,10.0,0.0,10.0,1.3
108488,유앤)동결건조행성젤리,과자>젤리류>수입젤리,과자,젤리류,수입젤리,당일픽업,10,10,13.0,7,0,0,3,0,0,2025-04-05,2025-04-30,1000.0,0,3,13,0.0,42.8571,0.0,1.3
083834,삼립)생크림보름달80g,빵>간식빵>간식용케익,빵,간식빵,간식용케익,당일픽업,10,5,13.0,4,3,1,1,1,0,2025-04-07,2025-04-29,1800.0,2,0,13,75.0,25.0,50.0,2.6
123849,윈저17년 450ml,양주와인>양주>위스키,양주와인,양주,위스키,사전예약,11,6,13.0,7,1,1,2,0,0,2025-04-01,2025-04-22,57000.0,0,2,13,14.2857,28.5714,0.0,2.1667
141364,CJ)참치마요덮밥(컵반),가공식품>가공미반류>즉석컵밥,가공식품,가공미반류,즉석컵밥,당일픽업,9,6,13.0,7,2,0,0,0,0,2025-04-02,2025-04-27,4800.0,2,0,13,28.5714,0.0,28.5714,2.1667
122337,삼양사)상쾌환스틱사과맛18g,건강/기호식품>숙취해소제>젤리제형,건강/기호식품,숙취해소제,젤리제형,당일픽업,9,7,13.0,7,2,0,0,0,0,2025-04-04,2025-04-29,3900.0,2,0,13,28.5714,0.0,28.5714,1.8571
123625,G)파스키에팬케이크280g,빵>간식빵>과자빵,빵,간식빵,과자빵,당일픽업,12,7,13.0,11,0,0,1,0,0,2025-04-01,2025-04-23,7500.0,0,1,13,0.0,9.0909,0.0,1.8571
107077,피치)동결건조젤리사우어웜즈,과자>젤리류>국산젤리,과자,젤리류,국산젤리,당일픽업,10,9,13.0,8,1,0,1,0,0,2025-04-01,2025-04-18,2000.0,1,1,13,12.5,12.5,12.5,1.4444
353527,LG)핑크솔트클렌징폼200ml_H,미용/화장품>여성화장품>클렌징,미용/화장품,여성화장품,클렌징,당일픽업,11,8,13.0,10,1,0,0,0,0,2025-04-03,2025-04-29,11000.0,1,0,13,10.0,0.0,10.0,1.625
123476,마시 깜포피오린,양주와인>와인>레드,양주와인,와인,레드,사전예약,15,14,13.0,14,0,0,0,1,0,2025-04-01,2025-04-21,45900.0,0,-1,13,0.0,0.0,0.0,0.9286
180648,롯데)new처음처럼360ml병,전통주>소주>병소주,전통주,소주,병소주,당일픽업,11,5,13.0,8,2,1,0,0,0,2025-04-05,2025-04-13,1900.0,1,0,13,25.0,0.0,12.5,2.6
105645,웅진)애플셔벗에이드제로500ml,음료>주스>주스(중),음료,주스,주스(중),당일픽업,12,7,13.0,7,2,2,1,0,0,2025-04-01,2025-04-30,2500.0,0,1,13,28.5714,14.2857,0.0,1.8571
240514,PB)참고소한식탁김15g,조미료/건물>건해산물>농수산건물,조미료/건물,건해산물,농수산건물,당일픽업,10,4,13.0,6,2,1,1,0,0,2025-04-04,2025-04-17,1950.0,1,1,13,33.3333,16.6667,16.6667,3.25
123333,아사히500ml(24입),맥주>수입맥주>캔맥주(중),맥주,수입맥주,캔맥주(중),사전예약,11,9,13.0,10,1,0,0,0,0,2025-04-03,2025-04-27,63900.0,1,0,13,10.0,0.0,10.0,1.4444
113073,디아)조니워커블랙오징어게임에디션750ml,양주와인>양주>위스키,양주와인,양주,위스키,당일픽업,13,12,13.0,13,0,0,0,0,0,2025-04-01,2025-04-30,59900.0,0,0,13,0.0,0.0,0.0,1.0833
123649,하이트)스타우트500ml캔,맥주>국산맥주>캔맥주(중),맥주,국산맥주,캔맥주(중),당일픽업,11,6,13.0,10,1,0,0,0,0,2025-04-04,2025-04-18,2800.0,1,0,13,10.0,0.0,10.0,2.1667
117105,롯데)말랑카우밀크79g,과자>캔디류>봉지캔디,과자,캔디류,봉지캔디,교환권,13,8,13.0,9,2,2,0,0,0,2025-04-08,2025-04-24,3000.0,0,0,13,22.2222,0.0,0.0,1.625
062506,덴마크)드링킹베리믹스275ml,유음료>요구르트>드링킹요구르트,유음료,요구르트,드링킹요구르트,당일픽업,12,8,13.0,7,2,2,1,0,0,2025-04-01,2025-04-27,2400.0,0,1,13,28.5714,14.2857,0.0,1.625
109246,팔도)비빔면Ⅱ큰컵,면>용기면>비빔/볶음면,면,용기면,비빔/볶음면,당일픽업,9,6,13.0,7,2,0,0,0,0,2025-04-03,2025-04-26,1800.0,2,0,13,28.5714,0.0,28.5714,2.1667
124064,유한)좋은느낌입오버대형4P,위생용품>생리대>4P,위생용품,생리대,4P,당일픽업,11,6,13.0,8,2,1,0,0,0,2025-04-03,2025-04-27,10500.0,1,0,13,25.0,0.0,12.5,2.1667
200158,칠성)스카치블루350ml,양주와인>양주>위스키,양주와인,양주,위스키,당일픽업,12,10,13.0,9,1,0,1,1,0,2025-04-01,2025-04-27,26000.0,1,0,13,11.1111,11.1111,11.1111,1.3
600584,마즈)스키틀즈와일드베리40g,과자>캔디류>소프트캔디,과자,캔디류,소프트캔디,교환권,9,5,13.0,7,2,0,0,0,0,2025-04-01,2025-04-30,1500.0,2,0,13,28.5714,0.0,28.5714,2.6
211135,하겐)스트로베리앤크림바80ml,아이스크림>고급>바,아이스크림,고급,바,당일픽업,15,10,13.0,7,2,4,2,0,0,2025-04-01,2025-04-29,6900.0,-2,2,13,28.5714,28.5714,-28.5714,1.3
220585,오뚜기)맛있는큰밥300g,가공식품>가공미반류>즉석밥,가공식품,가공미반류,즉석밥,교환권,9,5,13.0,7,2,0,0,0,0,2025-04-07,2025-04-19,2800.0,2,0,13,28.5714,0.0,28.5714,2.6
371960,피죤)고농축시그니처1L(플라워)_H,가정용품>세제류>섬유유연제,가정용품,세제류,섬유유연제,당일픽업,7,2,13.0,4,3,0,0,0,0,2025-04-08,2025-04-29,12900.0,3,0,13,75.0,0.0,75.0,6.5
118540,몽뜨)추억의쫀디기,과자>스낵류>전통스낵,과자,스낵류,전통스낵,당일픽업,7,4,13.0,4,3,0,0,0,0,2025-04-06,2025-04-24,1500.0,3,0,13,75.0,0.0,75.0,3.25
161690,썬푸드)한치&땅콩55g,안주>오징어>오징어,안주,오징어,오징어,당일픽업,13,7,13.0,8,1,1,2,1,0,2025-04-01,2025-04-29,7500.0,0,1,13,12.5,25.0,0.0,1.8571
072447,롯데)마늘&뽀득2입140g,냉장>냉장간식>소형바,냉장,냉장간식,소형바,당일픽업,11,1,13.0,6,3,2,0,0,0,2025-04-22,2025-04-24,4400.0,1,0,13,50.0,0.0,16.6667,13.0
107074,MQ)프링글스로제떡볶이100g,과자>스낵류>감자스낵,과자,스낵류,감자스낵,당일픽업,13,10,13.0,13,0,0,0,0,0,2025-04-08,2025-04-29,4000.0,0,0,13,0.0,0.0,0.0,1.3
162310,머거본)꿀땅콩300g,안주>너트류>봉지너트,안주,너트류,봉지너트,당일픽업,10,3,13.0,6,2,0,1,1,0,2025-04-02,2025-04-26,6900.0,2,0,13,33.3333,16.6667,33.3333,4.3333
123726,농심)미니멘토스기프트팩,과자>캔디류>행사상품,과자,캔디류,행사상품,당일픽업,9,6,13.0,7,2,0,0,0,0,2025-04-02,2025-04-16,3000.0,2,0,13,28.5714,0.0,28.5714,2.1667
361340,애경)프리미엄여행용세트_H,H&B>여행용상품>여행용상품,H&B,여행용상품,여행용상품,당일픽업,10,3,13.0,8,1,0,1,0,0,2025-04-08,2025-04-30,8900.0,1,1,13,12.5,12.5,12.5,4.3333
105432,포유)EVA슬리퍼270(블랙),가정용품>행락용품>레져시트/기타,가정용품,행락용품,레져시트/기타,당일픽업,11,6,13.0,10,1,0,0,0,0,2025-04-04,2025-04-26,6500.0,1,0,13,10.0,0.0,10.0,2.1667
600987,오리온)와우레인보우21g,과자>껌>풍선껌,과자,껌,풍선껌,당일픽업,10,7,13.0,8,1,0,1,0,0,2025-04-05,2025-04-22,500.0,1,1,13,12.5,12.5,12.5,1.8571
109767,티젠)말차라떼7입,건강/기호식품>차>분말차류,건강/기호식품,차,분말차류,당일픽업,13,8,13.0,13,0,0,0,0,0,2025-04-02,2025-04-30,7000.0,0,0,13,0.0,0.0,0.0,1.625
123723,크라운)헬로키티스트로베리콘60g,과자>스낵류>옥수수스낵,과자,스낵류,옥수수스낵,교환권,10,8,13.0,8,1,0,1,0,0,2025-04-01,2025-04-29,1700.0,1,1,13,12.5,12.5,12.5,1.625
124882,토트넘 No.7 백마킹 화이트 티셔츠_105(개인결제창),패션잡화>시즌/소품>기타,패션잡화,시즌/소품,기타,사전예약,7,3,13.0,3,2,0,2,0,0,2025-04-15,2025-04-18,55200.0,2,2,13,66.6667,66.6667,66.6667,4.3333
170407,오비)버드와이저740ml캔,맥주>수입맥주>캔맥주(중),맥주,수입맥주,캔맥주(중),당일픽업,10,6,13.0,8,1,0,1,0,0,2025-04-24,2025-04-30,5400.0,1,1,13,12.5,12.5,12.5,2.1667
202460,칠성)칸타타콘트라베이스디카페,음료>커피음료>PET커피,음료,커피음료,PET커피,당일픽업,11,6,13.0,5,2,1,2,1,0,2025-04-08,2025-04-23,2700.0,1,1,13,40.0,40.0,20.0,2.1667
391038,깨끗한)건강한순수한면중형16P,위생용품>생리대>중형,위생용품,생리대,중형,당일픽업,13,7,13.0,11,1,1,0,0,0,2025-04-01,2025-04-29,8900.0,0,0,13,9.0909,0.0,0.0,1.8571
124715,CJ)비비고칩버터오징어40g,안주>스낵안주>김스낵,안주,스낵안주,김스낵,당일픽업,11,8,13.0,10,1,0,0,0,0,2025-04-09,2025-04-29,4900.0,1,0,13,10.0,0.0,10.0,1.625
108446,호재준)냉동블루베리150g,냉동>신선냉동>냉동과일,냉동,신선냉동,냉동과일,당일픽업,11,5,13.0,8,2,1,0,0,0,2025-04-01,2025-04-24,3400.0,1,0,13,25.0,0.0,12.5,2.6
124142,훼밀리)BBQ마시멜로우30g,과자>캔디류>소프트캔디,과자,캔디류,소프트캔디,교환권,10,7,13.0,8,1,0,1,0,0,2025-04-01,2025-04-30,2000.0,1,1,13,12.5,12.5,12.5,1.8571
118980,롯데)더블크런키바쿠키앤크림33g,과자>초콜릿>바초콜릿,과자,초콜릿,바초콜릿,당일픽업,11,8,13.0,8,2,1,0,0,0,2025-04-03,2025-04-20,1300.0,1,0,13,25.0,0.0,12.5,1.625
390911,유한)크리넥스수앤수캡80(라이언,위생용품>티슈>물티슈,위생용품,티슈,물티슈,당일픽업,10,6,13.0,6,2,1,1,0,0,2025-04-02,2025-04-24,6600.0,1,1,13,33.3333,16.6667,16.6667,2.1667
115415,달모어 포트우드리저브 700ml,양주와인>양주>위스키,양주와인,양주,위스키,사전예약,11,8,13.0,9,0,0,2,0,0,2025-04-04,2025-04-23,199000.0,0,2,13,0.0,22.2222,0.0,1.625
105366,대호)Big디카페인블랙320ml,즉석음료>파우치>아이스커피,즉석음료,파우치,아이스커피,당일픽업,10,8,13.0,8,1,0,1,0,0,2025-04-04,2025-04-30,1600.0,1,1,13,12.5,12.5,12.5,1.625
191022,페르)발렌타인파이니스트200ml,양주와인>양주>위스키,양주와인,양주,위스키,당일픽업,11,9,13.0,10,1,0,0,0,0,2025-04-03,2025-04-30,12900.0,1,0,13,10.0,0.0,10.0,1.4444
118512,롯데)크런키빼빼로39g,과자>비스킷류>스틱과자,과자,비스킷류,스틱과자,당일픽업,11,8,13.0,8,2,1,0,0,0,2025-04-01,2025-04-26,2000.0,1,0,13,25.0,0.0,12.5,1.625
115863,농심)오징어집78g,과자>스낵류>옥수수스낵,과자,스낵류,옥수수스낵,교환권,7,3,13.0,4,3,0,0,0,0,2025-04-03,2025-04-30,1700.0,3,0,13,75.0,0.0,75.0,4.3333
112111,롯데)자일리톨F,과자>껌>스틱껌,과자,껌,스틱껌,당일픽업,9,4,13.0,7,2,0,0,0,0,2025-04-09,2025-04-26,1200.0,2,0,13,28.5714,0.0,28.5714,3.25
105683,산토리)짐빔500ml,양주와인>양주>위스키,양주와인,양주,위스키,당일픽업,13,9,13.0,13,0,0,0,0,0,2025-04-04,2025-04-19,26900.0,0,0,13,0.0,0.0,0.0,1.4444
170457,하이트)필라이트후레쉬피쳐1.6L,맥주>국산맥주>PET맥주,맥주,국산맥주,PET맥주,당일픽업,13,7,13.0,9,2,2,0,0,0,2025-04-02,2025-04-29,3900.0,0,0,13,22.2222,0.0,0.0,1.8571
116579,롯데)쌀로별오리지널78g,과자>스낵류>전통스낵,과자,스낵류,전통스낵,당일픽업,11,5,13.0,7,1,0,2,1,0,2025-04-12,2025-04-29,1700.0,1,1,13,14.2857,28.5714,14.2857,2.6
107813,K리그산리오)인형 키링_쿠로미,문구/완구>일반완구>일반완구,문구/완구,일반완구,일반완구,당일픽업,10,9,13.0,7,0,0,3,0,0,2025-04-02,2025-04-27,15000.0,0,3,13,0.0,42.8571,0.0,1.4444
123816,1키키쿼카)에코백,과자>캔디류>행사상품,과자,캔디류,행사상품,당일픽업,13,7,13.0,13,0,0,0,0,0,2025-04-01,2025-04-27,28000.0,0,0,13,0.0,0.0,0.0,1.8571
191572,3월 와인 구독,,,,,구독할인,19,14,13.0,7,0,1,6,5,0,2025-04-01,2025-04-19,3900.0,-1,1,13,0.0,85.7143,-14.2857,0.9286
192444,토민타울21년700ml,양주와인>양주>위스키,양주와인,양주,위스키,사전예약,12,8,13.0,11,0,0,1,0,0,2025-04-03,2025-04-28,570000.0,0,1,13,0.0,9.0909,0.0,1.625
061966,매일)아몬드브리즈언스위트190ml,유음료>기능성우유>기능성 음료,유음료,기능성우유,기능성 음료,당일픽업,9,5,13.0,7,2,0,0,0,0,2025-04-07,2025-04-29,1300.0,2,0,13,28.5714,0.0,28.5714,2.6
118342,농심)벌집핏자90g,과자>스낵류>일반스낵,과자,스낵류,일반스낵,교환권,13,5,13.0,6,2,2,2,1,0,2025-04-13,2025-04-30,1700.0,0,1,13,33.3333,33.3333,0.0,2.6
191966,아멜리에 샤를스파 리슬링,양주와인>와인>화이트,양주와인,와인,화이트,사전예약,13,12,13.0,13,0,0,0,0,0,2025-04-01,2025-04-28,49900.0,0,0,13,0.0,0.0,0.0,1.0833
161607,머거본)맛땅콩40g,안주>너트류>봉지너트,안주,너트류,봉지너트,당일픽업,9,6,13.0,7,2,0,0,0,0,2025-04-03,2025-04-30,1400.0,2,0,13,28.5714,0.0,28.5714,2.1667
123652,하림)맛닭가슴살오징어100g,냉장>냉장간식>냉장 프로틴,냉장,냉장간식,냉장 프로틴,당일픽업,12,10,13.0,9,1,0,1,1,0,2025-04-04,2025-04-29,4700.0,1,0,13,11.1111,11.1111,11.1111,1.3
211143,PB)아이스요구르트170ml,아이스크림>노벨티>펜슬,아이스크림,노벨티,펜슬,교환권,12,8,13.0,9,1,1,1,0,0,2025-04-03,2025-04-25,1500.0,0,1,13,11.1111,11.1111,0.0,1.625
062507,덴마크)드링킹복숭아275ml,유음료>요구르트>드링킹요구르트,유음료,요구르트,드링킹요구르트,당일픽업,14,7,13.0,8,2,2,1,1,0,2025-04-01,2025-04-26,2400.0,0,0,13,25.0,12.5,0.0,1.8571
062607,비알)자모카아몬드훠지밀키300ml,유음료>컵커피>300ml 이상,유음료,컵커피,300ml 이상,당일픽업,12,8,13.0,11,0,0,1,0,0,2025-04-07,2025-04-29,2900.0,0,1,13,0.0,9.0909,0.0,1.625
123216,마즈)엠앤엠즈튜브토퍼28g,과자>초콜릿>어린이초콜릿,과자,초콜릿,어린이초콜릿,당일픽업,9,6,13.0,7,2,0,0,0,0,2025-04-01,2025-04-25,3000.0,2,0,13,28.5714,0.0,28.5714,2.1667
107582,농심)까망베르치즈타라19g,안주>스낵안주>일반스낵,안주,스낵안주,일반스낵,교환권,10,7,13.0,8,1,0,1,0,0,2025-04-06,2025-04-19,3900.0,1,1,13,12.5,12.5,12.5,1.8571
192491,마르텔VSOP700ml,양주와인>양주>기타양주,양주와인,양주,기타양주,사전예약,12,10,13.0,11,0,0,1,0,0,2025-04-07,2025-04-29,103000.0,0,1,13,0.0,9.0909,0.0,1.3
600364,해태)버터링딥초코103g,과자>비스킷류>쿠키,과자,비스킷류,쿠키,당일픽업,13,8,13.0,7,0,0,4,2,0,2025-04-01,2025-04-30,3100.0,0,2,13,0.0,57.1429,0.0,1.625
113767,롯데)자일리톨W,과자>껌>스틱껌,과자,껌,스틱껌,당일픽업,13,4,13.0,7,3,3,0,0,0,2025-04-05,2025-04-20,1200.0,0,0,13,42.8571,0.0,0.0,3.25
113855,해태)포키극세,과자>비스킷류>스틱과자,과자,비스킷류,스틱과자,교환권,9,8,13.0,6,1,0,2,0,0,2025-04-06,2025-04-29,1900.0,1,2,13,16.6667,33.3333,16.6667,1.625
361291,LG)페리오이지클리닉칫솔_H,H&B>칫솔>미세모,H&B,칫솔,미세모,당일픽업,11,6,13.0,8,2,1,0,0,0,2025-04-01,2025-04-24,2200.0,1,0,13,25.0,0.0,12.5,2.1667
112736,SAMG)빛나핑새콤한사워젤리,과자>젤리류>국산젤리,과자,젤리류,국산젤리,당일픽업,10,5,13.0,6,2,1,1,0,0,2025-04-05,2025-04-27,2000.0,1,1,13,33.3333,16.6667,16.6667,2.6
104203,롯데)C박스,과자>캔디류>기능성캔디,과자,캔디류,기능성캔디,당일픽업,8,5,13.0,5,2,0,1,0,0,2025-04-16,2025-04-28,1200.0,2,1,13,40.0,20.0,40.0,2.6
191107,디아)벨즈블렌디드700ml,양주와인>양주>위스키,양주와인,양주,위스키,당일픽업,12,5,13.0,11,0,0,1,0,0,2025-04-01,2025-04-11,22600.0,0,1,13,0.0,9.0909,0.0,2.6
112056,오리온)참붕어빵174g(6입),과자>비스킷류>파이,과자,비스킷류,파이,당일픽업,11,8,13.0,10,1,0,0,0,0,2025-04-02,2025-04-29,4500.0,1,0,13,10.0,0.0,10.0,1.625
123487,크레스만 쏘떼른,양주와인>와인>화이트,양주와인,와인,화이트,사전예약,13,9,13.0,13,0,0,0,0,0,2025-04-01,2025-04-28,49900.0,0,0,13,0.0,0.0,0.0,1.4444
108607,미스티)산리오자판기캔디30g,과자>캔디류>토이캔디,과자,캔디류,토이캔디,당일픽업,11,8,13.0,9,0,0,2,0,0,2025-04-03,2025-04-25,4800.0,0,2,13,0.0,22.2222,0.0,1.625
601414,스위트)부르봉페투치니(포도)50g,과자>젤리류>수입젤리,과자,젤리류,수입젤리,당일픽업,11,7,13.0,7,1,1,2,0,0,2025-04-03,2025-04-16,2500.0,0,2,13,14.2857,28.5714,0.0,1.8571
106818,삼립)뮤츠의밀크롤85g,빵>간식빵>캐릭터빵,빵,간식빵,캐릭터빵,당일픽업,11,9,13.0,9,0,0,2,0,0,2025-04-02,2025-04-29,2000.0,0,2,13,0.0,22.2222,0.0,1.4444
162142,바프)군옥수수맛아몬드40g,안주>너트류>봉지너트,안주,너트류,봉지너트,당일픽업,11,10,13.0,9,0,0,2,0,0,2025-04-02,2025-04-30,2500.0,0,2,13,0.0,22.2222,0.0,1.3
107563,농심)누들핏카구리맛,면>용기면>숙면/건면,면,용기면,숙면/건면,당일픽업,8,7,13.0,4,1,0,3,0,0,2025-04-05,2025-04-28,1800.0,1,3,13,25.0,75.0,25.0,1.8571
202651,이디야)트리플바닐라라떼500ml,음료>커피음료>PET커피,음료,커피음료,PET커피,당일픽업,12,7,13.0,9,1,0,1,1,0,2025-04-01,2025-04-30,2700.0,1,0,13,11.1111,11.1111,11.1111,1.8571
140876,CJ)햇반불고기덮밥(컵반),가공식품>가공미반류>즉석컵밥,가공식품,가공미반류,즉석컵밥,교환권,8,3,12.0,3,2,1,2,0,0,2025-04-05,2025-04-27,4800.0,1,2,12,66.6667,66.6667,33.3333,4.0
201422,해태)코코팜(요구르트)240ml,음료>주스>주스(소캔),음료,주스,주스(소캔),당일픽업,10,6,12.0,7,2,1,0,0,0,2025-04-04,2025-04-29,1500.0,1,0,12,28.5714,0.0,14.2857,2.0
180411,서울탁)월매쌀막걸리750ml,전통주>막걸리>살균막걸리,전통주,막걸리,살균막걸리,당일픽업,10,7,12.0,9,1,0,0,0,0,2025-04-02,2025-04-30,1700.0,1,0,12,11.1111,0.0,11.1111,1.7143
601674,농심)빵부장초코빵55g,과자>스낵류>일반스낵,과자,스낵류,일반스낵,교환권,10,7,12.0,9,1,0,0,0,0,2025-04-05,2025-04-27,1700.0,1,0,12,11.1111,0.0,11.1111,1.7143
107676,K리그산리오)머플러(쿠로미),패션잡화>시즌/소품>기타,패션잡화,시즌/소품,기타,당일픽업,10,6,12.0,8,0,0,2,0,0,2025-04-02,2025-04-25,20000.0,0,2,12,0.0,25.0,0.0,2.0
362313,LG)엘라스틴 러브미샴푸600ml_H,H&B>샴푸/린스>샴푸,H&B,샴푸/린스,샴푸,당일픽업,10,6,12.0,9,1,0,0,0,0,2025-04-02,2025-04-26,13900.0,1,0,12,11.1111,0.0,11.1111,2.0
150419,하겐)파인트녹차,아이스크림>고급>파인트,아이스크림,고급,파인트,교환권,12,12,12.0,12,0,0,0,0,0,2025-04-04,2025-04-16,17900.0,0,0,12,0.0,0.0,0.0,1.0
122428,티젠)콤부차피치10입,건강/기호식품>차>분말차류,건강/기호식품,차,분말차류,당일픽업,9,5,12.0,7,1,0,1,0,0,2025-04-07,2025-04-22,8000.0,1,1,12,14.2857,14.2857,14.2857,2.4
109278,에프투)매콤닭발&간장닭똥집200g,냉동>조리냉동>냉동안주류,냉동,조리냉동,냉동안주류,당일픽업,12,11,12.0,12,0,0,0,0,0,2025-04-01,2025-04-29,10900.0,0,0,12,0.0,0.0,0.0,1.0909
117817,농심)멘토스콜라향,과자>캔디류>과일향캔디,과자,캔디류,과일향캔디,당일픽업,10,7,12.0,7,2,1,0,0,0,2025-04-01,2025-04-28,900.0,1,0,12,28.5714,0.0,14.2857,1.7143
061203,빙그레)따옴오렌지235ml,유음료>냉장주스>냉장주스(소),유음료,냉장주스,냉장주스(소),당일픽업,12,4,12.0,12,0,0,0,0,0,2025-04-07,2025-04-25,2700.0,0,0,12,0.0,0.0,0.0,3.0
106462,MDS)NEW베이컨까르보나라230g,간식>냉장피자>파스타/그라탕,간식,냉장피자,파스타/그라탕,당일픽업,8,6,12.0,6,2,0,0,0,0,2025-04-04,2025-04-23,4200.0,2,0,12,33.3333,0.0,33.3333,2.0
108442,돌코리아)후룻볼망고(113g),신선>과일>가공과일,신선,과일,가공과일,당일픽업,11,4,12.0,6,2,2,1,0,0,2025-04-02,2025-04-28,1900.0,0,1,12,33.3333,16.6667,0.0,3.0
053123,고래사)접사각,즉석 식품>즉석간식>어묵,즉석 식품,즉석간식,어묵,당일픽업,10,7,12.0,9,1,0,0,0,0,2025-04-01,2025-04-27,1000.0,1,0,12,11.1111,0.0,11.1111,1.7143
062492,일동)하이뮨액티브초코250ml,유음료>프로틴 음료>250ml 이상 ,유음료,프로틴 음료,250ml 이상 ,당일픽업,12,7,12.0,8,2,2,0,0,0,2025-04-01,2025-04-17,2900.0,0,0,12,25.0,0.0,0.0,1.7143
102817,PB)딸기우유500ml,유음료>가공우유>딸기우유,유음료,가공우유,딸기우유,당일픽업,10,9,12.0,8,0,0,2,0,0,2025-04-01,2025-04-29,2100.0,0,2,12,0.0,25.0,0.0,1.3333
117267,마즈)이클립스복숭아34g,과자>캔디류>기능성캔디,과자,캔디류,기능성캔디,교환권,10,9,12.0,9,1,0,0,0,0,2025-04-04,2025-04-28,3300.0,1,0,12,11.1111,0.0,11.1111,1.3333
123371,라포스톨 그랑 셀렉션 까베르네 소비뇽,양주와인>와인>레드,양주와인,와인,레드,사전예약,10,7,12.0,9,1,0,0,0,0,2025-04-01,2025-04-27,28900.0,1,0,12,11.1111,0.0,11.1111,1.7143
109655,비알)바나나쥬빌레우유240ml,유음료>가공우유>바나나우유,유음료,가공우유,바나나우유,당일픽업,9,6,12.0,7,1,0,1,0,0,2025-04-01,2025-04-28,2000.0,1,1,12,14.2857,14.2857,14.2857,2.0
201985,쥬맥스)모구모구(요구르트)320ml,음료>주스>주스(중),음료,주스,주스(중),당일픽업,10,4,12.0,5,3,2,0,0,0,2025-04-15,2025-04-29,1700.0,1,0,12,60.0,0.0,20.0,3.0
104486,롯데)몽쉘카카오192g,과자>비스킷류>파이,과자,비스킷류,파이,교환권,11,8,12.0,10,0,0,1,0,0,2025-04-03,2025-04-27,3500.0,0,1,12,0.0,10.0,0.0,1.5
030219,CJ)모닝두부2000,신선>야채>두부/콩나물,신선,야채,두부/콩나물,당일픽업,13,7,12.0,8,0,0,3,2,0,2025-04-10,2025-04-28,2000.0,0,1,12,0.0,37.5,0.0,1.7143
113163,조니워커레드 700ml,양주와인>양주>위스키,양주와인,양주,위스키,사전예약,8,6,12.0,5,1,0,2,0,0,2025-04-05,2025-04-29,41000.0,1,2,12,20.0,40.0,20.0,2.0
115579,골든블루 다이아몬드,양주와인>양주>위스키,양주와인,양주,위스키,사전예약,11,10,12.0,10,0,0,1,0,0,2025-04-08,2025-04-28,59000.0,0,1,12,0.0,10.0,0.0,1.2
106715,빙그레)사이즈업벤티헤이즐넛600ml,음료>커피음료>PET커피,음료,커피음료,PET커피,당일픽업,10,6,12.0,7,2,1,0,0,0,2025-04-06,2025-04-30,3200.0,1,0,12,28.5714,0.0,14.2857,2.0
191935,디아블로 프리바다 까쇼,양주와인>와인>레드,양주와인,와인,레드,사전예약,11,9,12.0,10,0,0,1,0,0,2025-04-02,2025-04-27,29800.0,0,1,12,0.0,10.0,0.0,1.3333
124795,PB)직화불곱창200g,냉장>냉장안주>육가공안주,냉장,냉장안주,육가공안주,당일픽업,8,5,12.0,6,2,0,0,0,0,2025-04-04,2025-04-16,7900.0,2,0,12,33.3333,0.0,33.3333,2.4
390517,무궁화)하얀비누230g_H,가정용품>세제류>세탁세제,가정용품,세제류,세탁세제,당일픽업,8,3,12.0,6,2,0,0,0,0,2025-04-06,2025-04-29,1800.0,2,0,12,33.3333,0.0,33.3333,4.0
124740,리안)베이직 쿨토시 블랙_H,패션잡화>시즌/소품>계절용품,패션잡화,시즌/소품,계절용품,당일픽업,10,5,12.0,7,2,1,0,0,0,2025-04-11,2025-04-17,5500.0,1,0,12,28.5714,0.0,14.2857,2.4
125226,글렌피딕34년셰리캐스크피니쉬 700ml,양주와인>양주>위스키,양주와인,양주,위스키,사전예약,12,12,12.0,12,0,0,0,0,0,2025-04-22,2025-04-30,2580000.0,0,0,12,0.0,0.0,0.0,1.0
140724,오뚜기)전복죽285g,가공식품>가공미반류>죽,가공식품,가공미반류,죽,교환권,9,7,12.0,7,1,0,1,0,0,2025-04-03,2025-04-29,4500.0,1,1,12,14.2857,14.2857,14.2857,1.7143
162361,CJ)비비고칩스위트콘40g,안주>스낵안주>김스낵,안주,스낵안주,김스낵,당일픽업,12,7,12.0,8,2,2,0,0,0,2025-04-02,2025-04-26,4900.0,0,0,12,25.0,0.0,0.0,1.7143
371643,LG)홈스타뿌리는곰팡이싹500ml_H,가정용품>세제류>청소세제,가정용품,세제류,청소세제,당일픽업,12,12,12.0,12,0,0,0,0,0,2025-04-01,2025-04-30,7900.0,0,0,12,0.0,0.0,0.0,1.0
123787,삼진)1953어묵순살바80g(오징어맛),냉장>냉장간식>소형바,냉장,냉장간식,소형바,당일픽업,11,6,12.0,8,1,1,1,0,0,2025-04-09,2025-04-27,3500.0,0,1,12,12.5,12.5,0.0,2.0
062390,비알)쿠키앤크림우유190ml,유음료>가공우유>기타,유음료,가공우유,기타,당일픽업,10,5,12.0,4,2,1,2,1,0,2025-04-01,2025-04-28,1500.0,1,1,12,50.0,50.0,25.0,2.4
108247,오뚜기)열광라볶이큰컵,면>용기면>라면(대형컵),면,용기면,라면(대형컵),당일픽업,11,7,12.0,6,2,2,1,0,0,2025-04-02,2025-04-29,2000.0,0,1,12,33.3333,16.6667,0.0,1.7143
161706,썬푸드)슬라이스오징어18g,안주>오징어>오징어,안주,오징어,오징어,당일픽업,9,6,12.0,7,1,0,1,0,0,2025-04-08,2025-04-28,5200.0,1,1,12,14.2857,14.2857,14.2857,2.0
123648,CJ)햇반버섯야채죽268g,가공식품>가공미반류>죽,가공식품,가공미반류,죽,당일픽업,12,6,12.0,10,1,1,0,0,0,2025-04-03,2025-04-19,5500.0,0,0,12,10.0,0.0,0.0,2.0
109180,에이트)밀크카다이프초콜릿80g,과자>초콜릿>판초콜릿,과자,초콜릿,판초콜릿,교환권,8,2,12.0,6,2,0,0,0,0,2025-04-27,2025-04-28,6800.0,2,0,12,33.3333,0.0,33.3333,6.0
400801,아우성롱런콘돔_H,약품/의료품>의약외품>특수콘돔,약품/의료품,의약외품,특수콘돔,당일픽업,10,7,12.0,9,1,0,0,0,0,2025-04-10,2025-04-30,7000.0,1,0,12,11.1111,0.0,11.1111,1.7143
109846,산미구엘페일필젠캔500ml(24입),맥주>수입맥주>캔맥주(중),맥주,수입맥주,캔맥주(중),사전예약,11,7,12.0,8,1,0,1,1,0,2025-04-01,2025-04-28,57500.0,1,0,12,12.5,12.5,12.5,1.7143
107842,삼양)흰둥이짱구70g,과자>스낵류>일반스낵,과자,스낵류,일반스낵,교환권,9,7,12.0,7,1,0,1,0,0,2025-04-01,2025-04-30,1700.0,1,1,12,14.2857,14.2857,14.2857,1.7143
831484, 제스)킷캣아이스크림스틱,아이스크림>노벨티>바,아이스크림,노벨티,바,당일픽업,8,6,12.0,6,2,0,0,0,0,2025-04-06,2025-04-20,3500.0,2,0,12,33.3333,0.0,33.3333,2.0
123320,피치)코하쿠토킨조젤리75g,과자>젤리류>수입젤리,과자,젤리류,수입젤리,당일픽업,8,2,12.0,6,2,0,0,0,0,2025-04-17,2025-04-28,2500.0,2,0,12,33.3333,0.0,33.3333,6.0
116121,롯데)아이스브레이커스 듀오딸기,과자>캔디류>기능성캔디,과자,캔디류,기능성캔디,당일픽업,10,3,12.0,9,1,0,0,0,0,2025-04-06,2025-04-20,3500.0,1,0,12,11.1111,0.0,11.1111,4.0
222123,천일)매콤달달라볶이365g,냉동>냉동간편식>냉동면,냉동,냉동간편식,냉동면,당일픽업,10,8,12.0,9,1,0,0,0,0,2025-04-03,2025-04-29,4900.0,1,0,12,11.1111,0.0,11.1111,1.5
362599,크리오)휴대용치약칫솔세트_H,H&B>칫솔치약세트>칫솔치약세트,H&B,칫솔치약세트,칫솔치약세트,당일픽업,10,5,12.0,9,1,0,0,0,0,2025-04-01,2025-04-26,3500.0,1,0,12,11.1111,0.0,11.1111,2.4
052809,웰그린)스위트칠리소스,즉석 식품>즉석치킨>기타류 ,즉석 식품,즉석치킨,기타류 ,당일픽업,13,12,12.0,11,0,0,1,1,0,2025-04-01,2025-04-29,600.0,0,0,12,0.0,9.0909,0.0,1.0
170255,칼스)칼스버그500ml캔,맥주>수입맥주>캔맥주(중),맥주,수입맥주,캔맥주(중),당일픽업,12,9,12.0,12,0,0,0,0,0,2025-04-02,2025-04-30,4900.0,0,0,12,0.0,0.0,0.0,1.3333
108548,피치)까먹는곰모양젤리(애플망고)40g,과자>젤리류>수입젤리,과자,젤리류,수입젤리,교환권,11,10,12.0,10,0,0,1,0,0,2025-04-05,2025-04-30,2500.0,0,1,12,0.0,10.0,0.0,1.2
200894,광동)힘찬하루헛개차340ml,음료>차음료>옥수수차,음료,차음료,옥수수차,당일픽업,9,4,12.0,3,3,1,1,1,0,2025-04-02,2025-04-28,1600.0,2,0,12,100.0,33.3333,66.6667,3.0
162368,더다믐)김칩스매운맛40g,안주>스낵안주>일반스낵,안주,스낵안주,일반스낵,당일픽업,11,3,12.0,8,1,1,1,0,0,2025-04-11,2025-04-24,4500.0,0,1,12,12.5,12.5,0.0,4.0
109915,알카화이트(12입),양주와인>와인>화이트,양주와인,와인,화이트,사전예약,11,10,12.0,10,0,0,1,0,0,2025-04-01,2025-04-29,90000.0,0,1,12,0.0,10.0,0.0,1.2
141135,CJ)비비고차돌된장찌개460g,가공식품>상온간편식>레토르트 국탕찌개,가공식품,상온간편식,레토르트 국탕찌개,당일픽업,10,5,12.0,7,2,1,0,0,0,2025-04-02,2025-04-24,7900.0,1,0,12,28.5714,0.0,14.2857,2.4
191922,에스쿠도로호 카르메네르,양주와인>와인>레드,양주와인,와인,레드,사전예약,12,9,12.0,10,1,0,0,1,0,2025-04-01,2025-04-25,25000.0,1,-1,12,10.0,0.0,10.0,1.3333
600584,마즈)스키틀즈와일드베리40g,과자>캔디류>소프트캔디,과자,캔디류,소프트캔디,당일픽업,9,6,12.0,7,1,0,1,0,0,2025-04-05,2025-04-21,1500.0,1,1,12,14.2857,14.2857,14.2857,2.0
817995,P&G)오랄비후레쉬클린칫솔_H,H&B>칫솔>일반모,H&B,칫솔,일반모,당일픽업,10,5,12.0,9,1,0,0,0,0,2025-04-10,2025-04-28,2000.0,1,0,12,11.1111,0.0,11.1111,2.4
073509,대광)찰진순대273g,냉장>냉장안주>족발/순대,냉장,냉장안주,족발/순대,당일픽업,8,3,12.0,6,2,0,0,0,0,2025-04-01,2025-04-07,4200.0,2,0,12,33.3333,0.0,33.3333,4.0
160647,칠성)델몬트오렌지100 1.5L,음료>주스>주스(대),음료,주스,주스(대),당일픽업,8,3,12.0,4,3,1,0,0,0,2025-04-12,2025-04-23,5000.0,2,0,12,75.0,0.0,50.0,4.0
124886,토트넘 No.7 백마킹 네이비 티셔츠_105 (개인결제창),패션잡화>시즌/소품>기타,패션잡화,시즌/소품,기타,사전예약,9,5,12.0,4,1,0,3,1,0,2025-04-15,2025-04-22,55200.0,1,2,12,25.0,75.0,25.0,2.4
093863,롯데)한끼밥상양파400g,신선>야채>센터채소,신선,야채,센터채소,당일픽업,12,9,12.0,12,0,0,0,0,0,2025-04-03,2025-04-26,2690.0,0,0,12,0.0,0.0,0.0,1.3333
222681,오뚜기)순후추치킨180g,냉동>조리냉동>냉동안주류,냉동,조리냉동,냉동안주류,당일픽업,11,7,12.0,10,0,0,1,0,0,2025-04-04,2025-04-24,5600.0,0,1,12,0.0,10.0,0.0,1.7143
123350,로쉐마제 로제,양주와인>와인>기타와인,양주와인,와인,기타와인,사전예약,9,7,12.0,7,1,0,1,0,0,2025-04-06,2025-04-28,17900.0,1,1,12,14.2857,14.2857,14.2857,1.7143
119826,마즈)엠앤엠즈블록밀크46g,과자>초콜릿>판초콜릿,과자,초콜릿,판초콜릿,당일픽업,10,8,12.0,7,2,1,0,0,0,2025-04-03,2025-04-29,1800.0,1,0,12,28.5714,0.0,14.2857,1.5
191937,본테라 메를로,양주와인>와인>레드,양주와인,와인,레드,사전예약,12,10,12.0,7,1,1,2,1,0,2025-04-01,2025-04-30,30000.0,0,1,12,14.2857,28.5714,0.0,1.2
109930,로얄샬루트21년 700ml,양주와인>양주>위스키,양주와인,양주,위스키,사전예약,10,10,12.0,8,0,0,2,0,0,2025-04-01,2025-04-29,324000.0,0,2,12,0.0,25.0,0.0,1.2
123451,비네암 샤또 그랑 페랑 AOC 보르도,양주와인>와인>레드,양주와인,와인,레드,사전예약,9,6,12.0,7,1,0,1,0,0,2025-04-06,2025-04-25,31900.0,1,1,12,14.2857,14.2857,14.2857,2.0
124731,서주)허쉬이그조틱다크,아이스크림>노벨티>바,아이스크림,노벨티,바,당일픽업,8,7,12.0,4,0,0,4,0,0,2025-04-03,2025-04-30,3000.0,0,4,12,0.0,100.0,0.0,1.7143
105810,대호)벤티아메리카노스위트500ml,즉석음료>파우치>아이스커피,즉석음료,파우치,아이스커피,당일픽업,11,5,12.0,8,1,0,1,1,0,2025-04-03,2025-04-28,2100.0,1,0,12,12.5,12.5,12.5,2.4
106427,칠성)오트몬드프로틴초코190ml,유음료>프로틴 음료>250ml 미만,유음료,프로틴 음료,250ml 미만,당일픽업,12,7,12.0,10,1,1,0,0,0,2025-04-01,2025-04-30,2000.0,0,0,12,10.0,0.0,0.0,1.7143
202616,PB)런던의오후밀크티270ml,음료>차음료>홍차,음료,차음료,홍차,당일픽업,10,8,12.0,8,0,0,2,0,0,2025-04-07,2025-04-30,2500.0,0,2,12,0.0,25.0,0.0,1.5
105923,삼립)정통크림미니샌드(4입),빵>간식빵>과자빵,빵,간식빵,과자빵,당일픽업,9,6,12.0,7,1,0,1,0,0,2025-04-03,2025-04-14,2000.0,1,1,12,14.2857,14.2857,14.2857,2.0
141410,삼양)로제불닭떡볶이(컵),가공식품>가공미반류>쌀가공식,가공식품,가공미반류,쌀가공식,교환권,7,5,12.0,4,2,0,1,0,0,2025-04-03,2025-04-18,3500.0,2,1,12,50.0,25.0,50.0,2.4
220178,동원)라이트참치150g,가공식품>캔>참치캔,가공식품,캔,참치캔,교환권,10,7,12.0,9,1,0,0,0,0,2025-04-05,2025-04-30,4400.0,1,0,12,11.1111,0.0,11.1111,1.7143
123373,크레스만 모노폴 화이트,양주와인>와인>화이트,양주와인,와인,화이트,사전예약,11,10,12.0,10,0,0,1,0,0,2025-04-01,2025-04-29,28900.0,0,1,12,0.0,10.0,0.0,1.2
191225,샤또에메750ml,양주와인>와인>레드,양주와인,와인,레드,사전예약,10,9,12.0,9,1,0,0,0,0,2025-04-01,2025-04-26,13900.0,1,0,12,11.1111,0.0,11.1111,1.3333
109963,발렌타인21년 500ml,양주와인>양주>위스키,양주와인,양주,위스키,사전예약,11,11,12.0,10,0,0,1,0,0,2025-04-01,2025-04-28,200000.0,0,1,12,0.0,10.0,0.0,1.0909
412645,마즈)템테이션맛있는닭고기맛_H,일용잡화>반려동물용품>반려묘,일용잡화,반려동물용품,반려묘,당일픽업,6,1,12.0,3,3,0,0,0,0,2025-04-22,2025-04-30,4500.0,3,0,12,100.0,0.0,100.0,12.0
123582,농심)츄파춥스노래방기획팩,과자>캔디류>행사상품,과자,캔디류,행사상품,당일픽업,12,2,12.0,12,0,0,0,0,0,2025-04-02,2025-04-02,45000.0,0,0,12,0.0,0.0,0.0,6.0
109948,더 글렌리벳파운더스리저브 700ml,양주와인>양주>위스키,양주와인,양주,위스키,사전예약,12,12,12.0,12,0,0,0,0,0,2025-04-01,2025-04-30,87000.0,0,0,12,0.0,0.0,0.0,1.0
108414,크라운)참그레인샌드우리밀48g,과자>비스킷류>크래커,과자,비스킷류,크래커,당일픽업,11,3,12.0,8,1,1,1,0,0,2025-04-07,2025-04-24,1400.0,0,1,12,12.5,12.5,0.0,4.0
240117,오뚜기)고소한참기름55ml,조미료/건물>식용유지>참기름,조미료/건물,식용유지,참기름,당일픽업,12,7,12.0,10,1,1,0,0,0,2025-04-02,2025-04-26,4300.0,0,0,12,10.0,0.0,0.0,1.7143
170604,하이네)타이거자몽500ml,맥주>수입맥주>캔맥주(중),맥주,수입맥주,캔맥주(중),당일픽업,11,7,12.0,10,0,0,1,0,0,2025-04-01,2025-04-25,4500.0,0,1,12,0.0,10.0,0.0,1.7143
119777,로투스)비스코프샌드바닐라150g,과자>비스킷류>크래커,과자,비스킷류,크래커,당일픽업,10,5,12.0,9,1,0,0,0,0,2025-04-03,2025-04-29,4200.0,1,0,12,11.1111,0.0,11.1111,2.4
124550,서주)허쉬초코콘150ml,아이스크림>노벨티>콘,아이스크림,노벨티,콘,당일픽업,10,8,12.0,6,1,0,2,1,0,2025-04-04,2025-04-27,3000.0,1,1,12,16.6667,33.3333,16.6667,1.5
108463,화이트)오마이탐폰슈퍼8P,위생용품>생리대>탐폰,위생용품,생리대,탐폰,당일픽업,10,7,12.0,9,1,0,0,0,0,2025-04-03,2025-04-29,10900.0,1,0,12,11.1111,0.0,11.1111,1.7143
123462,로르나노 끼안띠 클라시코,양주와인>와인>레드,양주와인,와인,레드,사전예약,10,9,12.0,8,0,0,2,0,0,2025-04-06,2025-04-24,35900.0,0,2,12,0.0,25.0,0.0,1.3333
601116,동서)포스트에너지바액티브45g,과자>프로틴/시리얼>영양바류,과자,프로틴/시리얼,영양바류,당일픽업,10,6,12.0,6,1,1,2,0,0,2025-04-01,2025-04-30,2100.0,0,2,12,16.6667,33.3333,0.0,2.0
202383,쥬맥스)모구모구(딸기)320ml,음료>주스>주스(중),음료,주스,주스(중),당일픽업,7,3,12.0,4,2,0,1,0,0,2025-04-03,2025-04-28,1700.0,2,1,12,50.0,25.0,50.0,4.0
109932,로얄샬루트21년그레인 700ml,양주와인>양주>위스키,양주와인,양주,위스키,사전예약,11,9,12.0,10,0,0,1,0,0,2025-04-03,2025-04-28,324000.0,0,1,12,0.0,10.0,0.0,1.3333
170796,에이이)코젤다크500ml(4입),맥주>수입맥주>캔맥주(중),맥주,수입맥주,캔맥주(중),당일픽업,12,6,12.0,12,0,0,0,0,0,2025-04-01,2025-04-25,19600.0,0,0,12,0.0,0.0,0.0,2.0
123113,파머스)피스터블밀크크런치60g,과자>초콜릿>판초콜릿,과자,초콜릿,판초콜릿,당일픽업,9,7,12.0,7,1,0,1,0,0,2025-04-09,2025-04-28,8000.0,1,1,12,14.2857,14.2857,14.2857,1.7143
112727,네슬레)킷캣4핑거36g,과자>초콜릿>판초콜릿,과자,초콜릿,판초콜릿,교환권,10,5,12.0,7,2,1,0,0,0,2025-04-06,2025-04-30,2000.0,1,0,12,28.5714,0.0,14.2857,2.4
202409,빙그레)감성헤이즐넛500ml,음료>커피음료>PET커피,음료,커피음료,PET커피,당일픽업,12,11,12.0,9,0,1,2,0,0,2025-04-01,2025-04-29,2700.0,-1,2,12,0.0,22.2222,-11.1111,1.0909
107420,롯데)후르츠공식껌(레몬),과자>껌>스틱껌,과자,껌,스틱껌,당일픽업,10,7,12.0,7,2,1,0,0,0,2025-04-05,2025-04-24,1200.0,1,0,12,28.5714,0.0,14.2857,1.7143
108593,삼립)얼큰버섯칼국수183g,냉장>냉장간편식>냉장면,냉장,냉장간편식,냉장면,당일픽업,11,6,12.0,8,1,1,1,0,0,2025-04-01,2025-04-20,3800.0,0,1,12,12.5,12.5,0.0,2.0
114315,롯데)졸음번쩍껌,과자>껌>용기껌,과자,껌,용기껌,당일픽업,12,6,12.0,8,2,2,0,0,0,2025-04-03,2025-04-19,6000.0,0,0,12,25.0,0.0,0.0,2.0
123781,머거본)달고나아몬드40g,안주>너트류>봉지너트,안주,너트류,봉지너트,당일픽업,10,7,12.0,8,0,0,2,0,0,2025-04-01,2025-04-27,3000.0,0,2,12,0.0,25.0,0.0,1.7143
191011,페르)말리부200ml페트,양주와인>양주>기타양주,양주와인,양주,기타양주,당일픽업,9,6,12.0,7,1,0,1,0,0,2025-04-02,2025-04-29,10200.0,1,1,12,14.2857,14.2857,14.2857,2.0
109727,하림)더미식땡초고기교자140g,냉동>냉동만두>트레이만두,냉동,냉동만두,트레이만두,당일픽업,9,3,11.0,6,2,1,0,0,0,2025-04-13,2025-04-27,5500.0,1,0,11,33.3333,0.0,16.6667,3.6667
141529,CJ)컵반철판김치덮밥,가공식품>가공미반류>즉석컵밥,가공식품,가공미반류,즉석컵밥,교환권,6,2,11.0,3,2,0,1,0,0,2025-04-14,2025-04-27,4800.0,2,1,11,66.6667,33.3333,66.6667,5.5
109537,호재준)냉동다진마늘180g,냉동>신선냉동>냉동과일,냉동,신선냉동,냉동과일,당일픽업,7,4,11.0,5,2,0,0,0,0,2025-04-07,2025-04-25,5000.0,2,0,11,40.0,0.0,40.0,2.75
124628,하늘)브라우니약과60g,과자>비스킷류>쿠키,과자,비스킷류,쿠키,당일픽업,9,8,11.0,8,1,0,0,0,0,2025-04-03,2025-04-30,2200.0,1,0,11,12.5,0.0,12.5,1.375
109884,비잔클리어,전통주>기타전통주>중국/일본주,전통주,기타전통주,중국/일본주,사전예약,8,5,11.0,6,1,0,1,0,0,2025-04-02,2025-04-21,24800.0,1,1,11,16.6667,16.6667,16.6667,2.2
107749,PB)백미밥210g,가공식품>가공미반류>즉석밥,가공식품,가공미반류,즉석밥,교환권,8,3,11.0,4,2,0,1,1,0,2025-04-08,2025-04-16,1500.0,2,0,11,50.0,25.0,50.0,3.6667
072979,하림)닭가슴살리얼바오리지널80g,냉장>냉장간식>냉장 프로틴,냉장,냉장간식,냉장 프로틴,당일픽업,11,10,11.0,11,0,0,0,0,0,2025-04-01,2025-04-29,2900.0,0,0,11,0.0,0.0,0.0,1.1
105901,웰그린)수박에이드1.5L,즉석음료>파우치>아이스티,즉석음료,파우치,아이스티,당일픽업,7,3,11.0,5,2,0,0,0,0,2025-04-09,2025-04-26,4500.0,2,0,11,40.0,0.0,40.0,3.6667
106817,삼립)피카피카바나나마들렌,빵>간식빵>캐릭터빵,빵,간식빵,캐릭터빵,당일픽업,12,10,11.0,8,1,2,1,0,0,2025-04-07,2025-04-27,2200.0,-1,1,11,12.5,12.5,-12.5,1.1
160809,웅진)내사랑유자C280ml펫,음료>전통음료>전통음료(중),음료,전통음료,전통음료(중),당일픽업,7,4,11.0,5,2,0,0,0,0,2025-04-02,2025-04-29,2000.0,2,0,11,40.0,0.0,40.0,2.75
211461,해태)아이스가이레몬200ml,아이스크림>노벨티>컵,아이스크림,노벨티,컵,당일픽업,10,7,11.0,7,1,1,1,0,0,2025-04-13,2025-04-30,3000.0,0,1,11,14.2857,14.2857,0.0,1.5714
107426,K리그X산리오 스트랩키링(마이멜로디/대구),문구/완구>일반완구>일반완구,문구/완구,일반완구,일반완구,당일픽업,9,4,11.0,7,0,0,2,0,0,2025-04-01,2025-04-21,9000.0,0,2,11,0.0,28.5714,0.0,2.75
150004,하겐)파인트바닐라,아이스크림>고급>파인트,아이스크림,고급,파인트,당일픽업,13,10,11.0,10,1,2,0,0,0,2025-04-02,2025-04-29,17900.0,-1,0,11,10.0,0.0,-10.0,1.1
123359,알타비스타 비베 스위트 스파클링 NV,양주와인>와인>스파클링(샴페인),양주와인,와인,스파클링(샴페인),사전예약,10,8,11.0,9,0,0,1,0,0,2025-04-01,2025-04-19,23900.0,0,1,11,0.0,11.1111,0.0,1.375
107013,CJ)백설꽃소금500g,조미료/건물>조미료>소금,조미료/건물,조미료,소금,당일픽업,6,3,11.0,3,2,0,1,0,0,2025-04-01,2025-04-22,2500.0,2,1,11,66.6667,33.3333,66.6667,3.6667
600679,롯데)제로크런치초코볼34g,과자>초콜릿>볼초콜릿,과자,초콜릿,볼초콜릿,당일픽업,11,4,11.0,11,0,0,0,0,0,2025-04-02,2025-04-27,1500.0,0,0,11,0.0,0.0,0.0,2.75
140809,오뚜기)새송이쇠고기죽285g,가공식품>가공미반류>죽,가공식품,가공미반류,죽,당일픽업,9,5,11.0,6,2,1,0,0,0,2025-04-04,2025-04-30,4500.0,1,0,11,33.3333,0.0,16.6667,2.2
109997,글렌고인 10년 ,양주와인>양주>위스키,양주와인,양주,위스키,사전예약,10,7,11.0,9,0,0,1,0,0,2025-04-06,2025-04-23,77000.0,0,1,11,0.0,11.1111,0.0,1.5714
109912,연태아사간열250ml(2입),전통주>기타전통주>중국/일본주,전통주,기타전통주,중국/일본주,사전예약,9,6,11.0,7,0,0,2,0,0,2025-04-06,2025-04-28,17800.0,0,2,11,0.0,28.5714,0.0,1.8333
107077,피치)동결건조젤리사우어웜즈,과자>젤리류>국산젤리,과자,젤리류,국산젤리,교환권,7,5,11.0,5,2,0,0,0,0,2025-04-06,2025-04-27,2000.0,2,0,11,40.0,0.0,40.0,2.2
192127,산타리타메달야레알그란샤도,양주와인>와인>화이트,양주와인,와인,화이트,사전예약,10,10,11.0,9,0,0,1,0,0,2025-04-02,2025-04-30,25000.0,0,1,11,0.0,11.1111,0.0,1.1
133716,대상)순창(현미)찰고추장500g,조미료/건물>장류>장,조미료/건물,장류,장,당일픽업,7,3,11.0,3,3,1,0,0,0,2025-04-21,2025-04-29,10900.0,2,0,11,100.0,0.0,66.6667,3.6667
108715,크라운)국희고소한땅콩샌드93g,과자>비스킷류>크래커,과자,비스킷류,크래커,교환권,8,6,11.0,5,0,0,3,0,0,2025-04-03,2025-04-26,1600.0,0,3,11,0.0,60.0,0.0,1.8333
123493,달모어 2008빈티지 700ml,양주와인>양주>위스키,양주와인,양주,위스키,사전예약,9,9,11.0,7,0,0,2,0,0,2025-04-01,2025-04-24,369000.0,0,2,11,0.0,28.5714,0.0,1.2222
109907,구로시라나미,전통주>기타전통주>중국/일본주,전통주,기타전통주,중국/일본주,사전예약,11,6,11.0,11,0,0,0,0,0,2025-04-08,2025-04-28,45900.0,0,0,11,0.0,0.0,0.0,1.8333
202217,칠성)깨수깡160ml,음료>기능성드링크>숙취해소음료,음료,기능성드링크,숙취해소음료,교환권,7,3,11.0,5,2,0,0,0,0,2025-04-02,2025-04-29,5000.0,2,0,11,40.0,0.0,40.0,3.6667
141395,CJ)비비고돼지고기김치찌개460g,가공식품>상온간편식>레토르트 국탕찌개,가공식품,상온간편식,레토르트 국탕찌개,당일픽업,9,6,11.0,8,1,0,0,0,0,2025-04-01,2025-04-30,9900.0,1,0,11,12.5,0.0,12.5,1.8333
124341,델토리)실타래초콜릿60g,과자>초콜릿>판초콜릿,과자,초콜릿,판초콜릿,당일픽업,9,7,11.0,8,1,0,0,0,0,2025-04-01,2025-04-26,5000.0,1,0,11,12.5,0.0,12.5,1.5714
390263,유한)펑크린_H,가정용품>세제류>청소세제,가정용품,세제류,청소세제,당일픽업,7,4,11.0,5,2,0,0,0,0,2025-04-12,2025-04-26,4100.0,2,0,11,40.0,0.0,40.0,2.75
109567,머거본)호두정과100g,안주>너트류>봉지너트,안주,너트류,봉지너트,당일픽업,7,4,11.0,5,2,0,0,0,0,2025-04-02,2025-04-29,7900.0,2,0,11,40.0,0.0,40.0,2.75
601348,엔제이)딸기썬더파우치37g,과자>초콜릿>봉지초콜릿,과자,초콜릿,봉지초콜릿,교환권,12,8,11.0,10,0,0,1,1,0,2025-04-02,2025-04-26,3000.0,0,0,11,0.0,10.0,0.0,1.375
123848,윈저21년 500ml,양주와인>양주>위스키,양주와인,양주,위스키,사전예약,9,6,11.0,5,1,1,2,0,0,2025-04-03,2025-04-13,119000.0,0,2,11,20.0,40.0,0.0,1.8333
362560,LG)엘라스틴프로틴컨디셔너480ml_H,H&B>샴푸/린스>린스,H&B,샴푸/린스,린스,당일픽업,11,8,11.0,9,1,1,0,0,0,2025-04-03,2025-04-27,12900.0,0,0,11,11.1111,0.0,0.0,1.375
109154,하림)매움주의장인라면봉지2입,면>봉지면>라면,면,봉지면,라면,당일픽업,12,10,11.0,10,0,0,1,1,0,2025-04-10,2025-04-29,5800.0,0,0,11,0.0,10.0,0.0,1.1
124263,롯데상사)생칵테일새우살200g,냉동>신선냉동>냉동수산,냉동,신선냉동,냉동수산,당일픽업,7,5,11.0,5,2,0,0,0,0,2025-04-01,2025-04-16,7900.0,2,0,11,40.0,0.0,40.0,2.2
106292,한양)꽃보다오징어숏바디150g,안주>오징어>오징어,안주,오징어,오징어,당일픽업,8,6,11.0,6,1,0,1,0,0,2025-04-01,2025-04-17,15000.0,1,1,11,16.6667,16.6667,16.6667,1.8333
123770,HY)길디필스너568ml캔,맥주>수입맥주>캔맥주(중),맥주,수입맥주,캔맥주(중),당일픽업,10,5,11.0,7,1,1,1,0,0,2025-04-04,2025-04-22,4500.0,0,1,11,14.2857,14.2857,0.0,2.2
161483,샘표)질러부드러운우육포30g,안주>육포>육포,안주,육포,육포,교환권,6,1,11.0,3,2,0,1,0,0,2025-04-24,2025-04-24,4900.0,2,1,11,66.6667,33.3333,66.6667,11.0
109931,로얄샬루트21년몰트 700ml,양주와인>양주>위스키,양주와인,양주,위스키,사전예약,10,9,11.0,9,0,0,1,0,0,2025-04-02,2025-04-28,345200.0,0,1,11,0.0,11.1111,0.0,1.2222
141161,PB)포테이토스프컵29g,가공식품>상온간편식>즉석 국/스프,가공식품,상온간편식,즉석 국/스프,당일픽업,10,2,11.0,7,1,1,1,0,0,2025-04-06,2025-04-08,2100.0,0,1,11,14.2857,14.2857,0.0,5.5
109135,매일)허쉬초코바나나190ml,유음료>가공우유>바나나우유,유음료,가공우유,바나나우유,당일픽업,6,3,11.0,3,2,0,1,0,0,2025-04-23,2025-04-30,1600.0,2,1,11,66.6667,33.3333,66.6667,3.6667
108014,대림)크라비아180g(90gx2),냉장>냉장간식>맛살,냉장,냉장간식,맛살,당일픽업,8,2,11.0,6,1,0,1,0,0,2025-04-16,2025-04-24,4500.0,1,1,11,16.6667,16.6667,16.6667,5.5
211136,하겐)그린티아몬드바80ml,아이스크림>고급>바,아이스크림,고급,바,당일픽업,15,10,11.0,11,1,2,0,1,0,2025-04-03,2025-04-28,6900.0,-1,-1,11,9.0909,0.0,-9.0909,1.1
093092,풀무원)하트연두부118g,신선>야채>두부/콩나물,신선,야채,두부/콩나물,당일픽업,11,7,11.0,8,0,0,2,1,0,2025-04-07,2025-04-28,1800.0,0,1,11,0.0,25.0,0.0,1.5714
125073,수정방웰베이,전통주>기타전통주>중국/일본주,전통주,기타전통주,중국/일본주,사전예약,11,11,11.0,11,0,0,0,0,0,2025-04-08,2025-04-27,350000.0,0,0,11,0.0,0.0,0.0,1.0
105580,하겐)딸기앤녹차바75ml,아이스크림>고급>바,아이스크림,고급,바,당일픽업,9,5,11.0,6,2,1,0,0,0,2025-04-04,2025-04-30,6900.0,1,0,11,33.3333,0.0,16.6667,2.2
124314,올드 포레스터 750ml,양주와인>양주>위스키,양주와인,양주,위스키,사전예약,11,7,11.0,9,1,1,0,0,0,2025-04-07,2025-04-27,65000.0,0,0,11,11.1111,0.0,0.0,1.5714
123041,크라운)죠리퐁핑크퐁마시멜로59g,과자>스낵류>일반스낵,과자,스낵류,일반스낵,교환권,9,5,11.0,8,1,0,0,0,0,2025-04-07,2025-04-18,1700.0,1,0,11,12.5,0.0,12.5,2.2
124722,PB)사골떡만둣국194g,냉동>냉동간편식>냉동밀키트,냉동,냉동간편식,냉동밀키트,당일픽업,8,6,11.0,6,1,0,1,0,0,2025-04-05,2025-04-29,4500.0,1,1,11,16.6667,16.6667,16.6667,1.8333
123572,PB)디저트39초코우유500ml,유음료>가공우유>초코우유,유음료,가공우유,초코우유,당일픽업,8,7,11.0,6,1,0,1,0,0,2025-04-03,2025-04-23,2200.0,1,1,11,16.6667,16.6667,16.6667,1.5714
123084,더 글렌그란트 18년,양주와인>양주>위스키,양주와인,양주,위스키,사전예약,10,7,11.0,9,0,0,1,0,0,2025-04-07,2025-04-27,262000.0,0,1,11,0.0,11.1111,0.0,1.5714
222591,오뚜기)XO교자만두324g,냉동>냉동만두>봉지만두,냉동,냉동만두,봉지만두,교환권,8,6,11.0,6,1,0,1,0,0,2025-04-01,2025-04-21,7200.0,1,1,11,16.6667,16.6667,16.6667,1.8333
123086,더 글렌그란트 25년,양주와인>양주>위스키,양주와인,양주,위스키,사전예약,11,11,11.0,11,0,0,0,0,0,2025-04-01,2025-04-30,1300000.0,0,0,11,0.0,0.0,0.0,1.0
150154,하겐)파인트딸기,아이스크림>고급>파인트,아이스크림,고급,파인트,당일픽업,9,6,11.0,8,1,0,0,0,0,2025-04-03,2025-04-30,17900.0,1,0,11,12.5,0.0,12.5,1.8333
072487,대림)스노우크랩킹70g,냉장>냉장간식>맛살,냉장,냉장간식,맛살,당일픽업,9,4,11.0,5,1,0,2,1,0,2025-04-03,2025-04-16,2700.0,1,1,11,20.0,40.0,20.0,2.75
421110,모나미)3500인덱스PP노트_H,문구/완구>노트/봉투>노트/수첩류,문구/완구,노트/봉투,노트/수첩류,당일픽업,11,3,11.0,11,0,0,0,0,0,2025-04-09,2025-04-26,3500.0,0,0,11,0.0,0.0,0.0,3.6667
109502,오리온)더자일리톨리필껌122g,과자>껌>용기껌,과자,껌,용기껌,교환권,11,6,11.0,7,2,2,0,0,0,2025-04-01,2025-04-28,4000.0,0,0,11,28.5714,0.0,0.0,1.8333
123976,사쿠라 준마이,전통주>기타전통주>청주,전통주,기타전통주,청주,사전예약,10,10,11.0,9,0,0,1,0,0,2025-04-01,2025-04-27,29900.0,0,1,11,0.0,11.1111,0.0,1.1
119028,농심)츄파춥스탄산캔디15g,과자>캔디류>과일향캔디,과자,캔디류,과일향캔디,당일픽업,8,7,11.0,6,1,0,1,0,0,2025-04-03,2025-04-29,300.0,1,1,11,16.6667,16.6667,16.6667,1.5714
107428,K리그X산리오 스트랩키링(위시미멜/부산),문구/완구>일반완구>일반완구,문구/완구,일반완구,일반완구,당일픽업,9,5,11.0,7,0,0,2,0,0,2025-04-02,2025-04-15,9000.0,0,2,11,0.0,28.5714,0.0,2.2
108611,팜스)컷팅양배추1/4,신선>야채>센터채소,신선,야채,센터채소,당일픽업,8,6,11.0,6,1,0,1,0,0,2025-04-11,2025-04-27,1990.0,1,1,11,16.6667,16.6667,16.6667,1.8333
124227,야마자키 DR,양주와인>양주>위스키,양주와인,양주,위스키,사전예약,11,9,11.0,5,0,0,4,2,0,2025-04-01,2025-04-19,158000.0,0,2,11,0.0,80.0,0.0,1.2222
191981,피터르만멘토,양주와인>와인>레드,양주와인,와인,레드,사전예약,11,10,11.0,11,0,0,0,0,0,2025-04-01,2025-04-19,62600.0,0,0,11,0.0,0.0,0.0,1.1
190556,페르)앱솔루트피치700ml,양주와인>양주>기타양주,양주와인,양주,기타양주,당일픽업,10,4,11.0,9,0,0,1,0,0,2025-04-01,2025-04-22,39400.0,0,1,11,0.0,11.1111,0.0,2.75
123633,CJ)쁘띠첼과일젤리복숭아90g,디저트>젤리>떠먹는젤리,디저트,젤리,떠먹는젤리,당일픽업,9,6,11.0,8,1,0,0,0,0,2025-04-04,2025-04-26,2000.0,1,0,11,12.5,0.0,12.5,1.8333
072838,리치푸드)오리지널스모크닭다리1,냉장>냉장안주>치킨안주,냉장,냉장안주,치킨안주,당일픽업,8,4,11.0,6,1,0,1,0,0,2025-04-12,2025-04-30,5700.0,1,1,11,16.6667,16.6667,16.6667,2.75
123640,훼밀리)새콤팡팡젤리빈42g,과자>캔디류>과일향캔디,과자,캔디류,과일향캔디,당일픽업,9,6,11.0,5,1,0,2,1,0,2025-04-06,2025-04-28,1000.0,1,1,11,20.0,40.0,20.0,1.8333
061751,빙그레)사이즈업아메리카노350ml,유음료>가공우유>기타,유음료,가공우유,기타,당일픽업,10,5,11.0,5,2,2,1,0,0,2025-04-02,2025-04-23,2600.0,0,1,11,40.0,20.0,0.0,2.2
123788,PB)직화불막창180g,냉장>냉장안주>육가공안주,냉장,냉장안주,육가공안주,당일픽업,11,10,11.0,11,0,0,0,0,0,2025-04-06,2025-04-28,9500.0,0,0,11,0.0,0.0,0.0,1.1
200030,윈저)윈저12년500ml,양주와인>양주>위스키,양주와인,양주,위스키,당일픽업,10,8,11.0,9,0,0,1,0,0,2025-04-03,2025-04-30,39500.0,0,1,11,0.0,11.1111,0.0,1.375
111995,롯데)목캔디믹스베리38g,과자>캔디류>기능성캔디,과자,캔디류,기능성캔디,교환권,7,5,11.0,4,1,0,2,0,0,2025-04-02,2025-04-30,1200.0,1,2,11,25.0,50.0,25.0,2.2
073332,삼립)로스트치킨(버터갈릭)210g,냉장>냉장안주>치킨안주,냉장,냉장안주,치킨안주,당일픽업,7,3,11.0,5,2,0,0,0,0,2025-04-16,2025-04-25,8900.0,2,0,11,40.0,0.0,40.0,3.6667
162298,머거본)볶음땅콩100g,안주>너트류>봉지너트,안주,너트류,봉지너트,당일픽업,6,4,11.0,3,2,0,1,0,0,2025-04-04,2025-04-28,3000.0,2,1,11,66.6667,33.3333,66.6667,2.75
192117,디아)조니워커레드500ml,양주와인>양주>위스키,양주와인,양주,위스키,당일픽업,9,6,11.0,7,0,0,2,0,0,2025-04-01,2025-04-26,32500.0,0,2,11,0.0,28.5714,0.0,1.8333
123115,파머스)피스터블땅콩버터초콜릿60g,과자>초콜릿>판초콜릿,과자,초콜릿,판초콜릿,당일픽업,10,5,11.0,7,1,0,1,1,0,2025-04-10,2025-04-27,8000.0,1,0,11,14.2857,14.2857,14.2857,2.2
390463,피죤)액츠후레쉬(겸용)1.4L_H,가정용품>세제류>세탁세제,가정용품,세제류,세탁세제,당일픽업,9,4,11.0,6,2,1,0,0,0,2025-04-09,2025-04-28,12900.0,1,0,11,33.3333,0.0,16.6667,2.75
360499,멘소)멘소래담스프레이쿨_H,약품/의료품>의약외품>의약외품,약품/의료품,의약외품,의약외품,당일픽업,7,2,11.0,5,2,0,0,0,0,2025-04-12,2025-04-13,4800.0,2,0,11,40.0,0.0,40.0,5.5
400925,모나미)신신파프 핫(5입)_H,약품/의료품>의약외품>의약외품,약품/의료품,의약외품,의약외품,당일픽업,7,3,11.0,5,2,0,0,0,0,2025-04-02,2025-04-29,4300.0,2,0,11,40.0,0.0,40.0,3.6667
390885,유한)좋은느낌입는오버4P,위생용품>생리대>4P,위생용품,생리대,4P,당일픽업,9,8,11.0,8,1,0,0,0,0,2025-04-01,2025-04-27,10500.0,1,0,11,12.5,0.0,12.5,1.375
114735,에이원)핫도그젤리500,과자>젤리류>국산젤리,과자,젤리류,국산젤리,당일픽업,9,5,11.0,6,2,1,0,0,0,2025-04-12,2025-04-25,600.0,1,0,11,33.3333,0.0,16.6667,2.2
410684,존슨)CC오일컨트롤필름60매_H,미용/화장품>미용소품>미용 소도구,미용/화장품,미용소품,미용 소도구,당일픽업,7,1,11.0,5,2,0,0,0,0,2025-04-10,2025-04-30,5000.0,2,0,11,40.0,0.0,40.0,11.0
108481,썬푸드)오잉츄40g,안주>오징어>오징어,안주,오징어,오징어,당일픽업,8,6,11.0,6,1,0,1,0,0,2025-04-02,2025-04-23,5500.0,1,1,11,16.6667,16.6667,16.6667,1.8333
123317,PB)안유성장수회관마늘한돈육포30g,안주>육포>육포,안주,육포,육포,교환권,10,8,11.0,7,1,1,1,0,0,2025-04-05,2025-04-29,3500.0,0,1,11,14.2857,14.2857,0.0,1.375
124312,벤리악 10년 700ml,양주와인>양주>위스키,양주와인,양주,위스키,사전예약,11,8,11.0,8,0,0,2,1,0,2025-04-01,2025-04-20,100000.0,0,1,11,0.0,25.0,0.0,1.375
109887,핫카이산도쿠베츠쥰마이,전통주>기타전통주>중국/일본주,전통주,기타전통주,중국/일본주,사전예약,9,4,11.0,8,1,0,0,0,0,2025-04-06,2025-04-25,29100.0,1,0,11,12.5,0.0,12.5,2.75
808523,51-04_페르)발렌타인17년500ml,양주와인>양주>위스키,양주와인,양주,위스키,당일픽업,10,10,11.0,9,0,0,1,0,0,2025-04-02,2025-04-27,105000.0,0,1,11,0.0,11.1111,0.0,1.1
109857,에비스맥주캔350ml(24입),맥주>수입맥주>캔맥주(소),맥주,수입맥주,캔맥주(소),사전예약,10,7,11.0,7,1,1,1,0,0,2025-04-08,2025-04-25,61000.0,0,1,11,14.2857,14.2857,0.0,1.5714
122437,이노엔)컨디션스틱오리지널,건강/기호식품>숙취해소제>젤리제형,건강/기호식품,숙취해소제,젤리제형,교환권,9,7,11.0,8,1,0,0,0,0,2025-04-01,2025-04-30,3900.0,1,0,11,12.5,0.0,12.5,1.5714
125005,글로브)도토리젤리15g,과자>젤리류>국산젤리,과자,젤리류,국산젤리,당일픽업,7,4,11.0,5,2,0,0,0,0,2025-04-12,2025-04-29,600.0,2,0,11,40.0,0.0,40.0,2.75
161729,썬푸드)오잉20g,안주>오징어>오징어,안주,오징어,오징어,당일픽업,10,4,11.0,5,2,1,1,1,0,2025-04-01,2025-04-26,3500.0,1,0,11,40.0,20.0,20.0,2.75
117107,시원)마키아또누가(딸기)80g,과자>캔디류>봉지캔디,과자,캔디류,봉지캔디,당일픽업,12,5,11.0,8,1,1,1,1,0,2025-04-03,2025-04-27,3500.0,0,0,11,12.5,12.5,0.0,2.2
123558,농심)츄파춥스오션믹스젤리60g,과자>젤리류>수입젤리,과자,젤리류,수입젤리,교환권,9,8,11.0,8,1,0,0,0,0,2025-04-06,2025-04-30,1400.0,1,0,11,12.5,0.0,12.5,1.375
222124,천일)고추짜장면360g,냉동>냉동간편식>냉동면,냉동,냉동간편식,냉동면,당일픽업,11,8,11.0,8,0,0,2,1,0,2025-04-01,2025-04-17,4900.0,0,1,11,0.0,25.0,0.0,1.375
108402,PB)원할머니육포순한맛50g,안주>육포>육포,안주,육포,육포,당일픽업,7,4,11.0,5,2,0,0,0,0,2025-04-07,2025-04-29,4300.0,2,0,11,40.0,0.0,40.0,2.75
108550,피치)블루베리모양미니젤리,과자>젤리류>수입젤리,과자,젤리류,수입젤리,교환권,7,4,11.0,5,2,0,0,0,0,2025-04-01,2025-04-30,2800.0,2,0,11,40.0,0.0,40.0,2.75
412692,PJ)건강한육포(닭가슴살)100g_H,일용잡화>반려동물용품>반려견,일용잡화,반려동물용품,반려견,당일픽업,9,6,11.0,8,1,0,0,0,0,2025-04-02,2025-04-16,4500.0,1,0,11,12.5,0.0,12.5,1.8333
202367,서울)아침에주스사과350ml,음료>주스>주스(중),음료,주스,주스(중),당일픽업,9,4,11.0,7,0,0,2,0,0,2025-04-01,2025-04-17,2500.0,0,2,11,0.0,28.5714,0.0,2.75
381448,신영)비너스압박올풀림방지_블랙_H,패션잡화>스타킹>팬티스타킹,패션잡화,스타킹,팬티스타킹,당일픽업,10,10,11.0,9,0,0,1,0,0,2025-04-04,2025-04-26,9900.0,0,1,11,0.0,11.1111,0.0,1.1
210668,디핀)구슬 허니핑키블루,아이스크림>고급>구슬아이스,아이스크림,고급,구슬아이스,당일픽업,9,4,11.0,8,1,0,0,0,0,2025-04-05,2025-04-15,3200.0,1,0,11,12.5,0.0,12.5,2.75
108464,PB)NBR그립코팅장갑_H,가정용품>청소/작업용품>장갑류,가정용품,청소/작업용품,장갑류,당일픽업,7,1,11.0,5,2,0,0,0,0,2025-04-09,2025-04-24,3500.0,2,0,11,40.0,0.0,40.0,11.0
413336,벤투스)PD초고속충전기(C타입)_H,일용잡화>휴대폰/주변기기>스마트폰 액세서리,일용잡화,휴대폰/주변기기,스마트폰 액세서리,당일픽업,7,4,11.0,5,2,0,0,0,0,2025-04-02,2025-04-30,18000.0,2,0,11,40.0,0.0,40.0,2.75
123545,29피자벅,조리빵>햄버거>햄버거,조리빵,햄버거,햄버거,사전예약,15,6,11.0,9,2,4,0,0,0,2025-04-01,2025-04-13,2900.0,-2,0,11,22.2222,0.0,-22.2222,1.8333
123453,알타비스타 프리미엄 말벡,양주와인>와인>레드,양주와인,와인,레드,사전예약,12,11,11.0,10,0,0,1,1,0,2025-04-01,2025-04-21,31900.0,0,0,11,0.0,10.0,0.0,1.0
124719,삼립)씨티델리BBQ치킨&누들불케이노340g,냉장>냉장안주>치킨안주,냉장,냉장안주,치킨안주,당일픽업,9,7,11.0,8,1,0,0,0,0,2025-04-08,2025-04-30,8900.0,1,0,11,12.5,0.0,12.5,1.5714
123368,알타비스타 비베 말벡,양주와인>와인>레드,양주와인,와인,레드,사전예약,9,6,11.0,7,0,0,2,0,0,2025-04-10,2025-04-30,27900.0,0,2,11,0.0,28.5714,0.0,1.8333
601396,에이스)긴비스초코듬뿍비스킷,과자>비스킷류>크래커,과자,비스킷류,크래커,당일픽업,7,5,10.0,5,1,0,1,0,0,2025-04-03,2025-04-28,3300.0,1,1,10,20.0,20.0,20.0,2.0
601282,동서)오곡코코볼컵30g,과자>비스킷류>시리얼,과자,비스킷류,시리얼,당일픽업,8,8,10.0,6,0,0,2,0,0,2025-04-01,2025-04-29,2200.0,0,2,10,0.0,33.3333,0.0,1.25
391127,하기스)네이처기저귀5단계3P,위생용품>기저귀>유아용,위생용품,기저귀,유아용,당일픽업,10,3,10.0,10,0,0,0,0,0,2025-04-20,2025-04-27,5200.0,0,0,10,0.0,0.0,0.0,3.3333
391134,유한)좋은느낌입는데이팬티중형4,위생용품>생리대>4P,위생용품,생리대,4P,당일픽업,10,5,10.0,8,1,1,0,0,0,2025-04-01,2025-04-27,10900.0,0,0,10,12.5,0.0,0.0,2.0
191259,페르)앱솔루트피치375ml,양주와인>양주>기타양주,양주와인,양주,기타양주,당일픽업,9,6,10.0,6,1,0,1,1,0,2025-04-01,2025-04-04,20500.0,1,0,10,16.6667,16.6667,16.6667,1.6667
124923,하겐)티라미수바80ml,아이스크림>고급>바,아이스크림,고급,바,당일픽업,8,6,10.0,7,1,0,0,0,0,2025-04-07,2025-04-30,6900.0,1,0,10,14.2857,0.0,14.2857,1.6667
372231,롯알)환경을생각하는종이컵30입,가정용품>행락용품>종이컵,가정용품,행락용품,종이컵,당일픽업,10,7,10.0,8,1,1,0,0,0,2025-04-01,2025-04-26,1900.0,0,0,10,12.5,0.0,0.0,1.4286
109947,래빗 홀 케이브힐 750ml,양주와인>양주>위스키,양주와인,양주,위스키,사전예약,8,6,10.0,7,1,0,0,0,0,2025-04-01,2025-04-27,85000.0,1,0,10,14.2857,0.0,14.2857,1.6667
162299,바프)허니로스티드땅콩120g,안주>너트류>봉지너트,안주,너트류,봉지너트,당일픽업,6,4,10.0,3,1,0,2,0,0,2025-04-03,2025-04-24,3900.0,1,2,10,33.3333,66.6667,33.3333,2.5
230546,동서)맥심모카골드180입,건강/기호식품>커피>믹스커피,건강/기호식품,커피,믹스커피,당일픽업,6,3,10.0,4,2,0,0,0,0,2025-04-14,2025-04-24,38000.0,2,0,10,50.0,0.0,50.0,3.3333
382317,남영)비비안압박스타킹(누드)_H,패션잡화>스타킹>팬티스타킹,패션잡화,스타킹,팬티스타킹,당일픽업,9,9,10.0,8,0,0,1,0,0,2025-04-08,2025-04-26,5500.0,0,1,10,0.0,12.5,0.0,1.1111
121662,PB)NEW옥수수수염차25입,건강/기호식품>차>티백차류,건강/기호식품,차,티백차류,당일픽업,8,3,10.0,5,2,1,0,0,0,2025-04-16,2025-04-25,3300.0,1,0,10,40.0,0.0,20.0,3.3333
160932,칠성)밀키스500ml,음료>탄산음료>과일향탄산(중),음료,탄산음료,과일향탄산(중),당일픽업,9,5,10.0,4,2,2,1,0,0,2025-04-02,2025-04-29,2200.0,0,1,10,50.0,25.0,0.0,2.0
124903,즉석도넛)단팥찹쌀도넛,즉석 식품>즉석치킨>기타류 ,즉석 식품,즉석치킨,기타류 ,당일픽업,8,6,10.0,6,0,0,2,0,0,2025-04-11,2025-04-25,1500.0,0,2,10,0.0,33.3333,0.0,1.6667
109691,화요200ml3종선물세트2호,전통주>소주>증류식소주,전통주,소주,증류식소주,사전예약,10,7,10.0,8,1,1,0,0,0,2025-04-01,2025-04-22,47000.0,0,0,10,12.5,0.0,0.0,1.4286
115360,오리온)오감자그라탕50g,과자>스낵류>감자스낵,과자,스낵류,감자스낵,교환권,7,5,10.0,5,1,0,1,0,0,2025-04-15,2025-04-30,1400.0,1,1,10,20.0,20.0,20.0,2.0
123651,하림)맛닭가슴살새우100g,냉장>냉장간식>냉장 프로틴,냉장,냉장간식,냉장 프로틴,당일픽업,7,6,10.0,5,1,0,1,0,0,2025-04-07,2025-04-24,4700.0,1,1,10,20.0,20.0,20.0,1.6667
124324,버드와이저 740ml(15입),맥주>수입맥주>캔맥주(중),맥주,수입맥주,캔맥주(중),사전예약,10,9,10.0,10,0,0,0,0,0,2025-04-01,2025-04-30,54000.0,0,0,10,0.0,0.0,0.0,1.1111
117189,롯데)애니타임2500,과자>캔디류>봉지캔디,과자,캔디류,봉지캔디,당일픽업,8,5,10.0,5,2,1,0,0,0,2025-04-06,2025-04-28,2500.0,1,0,10,40.0,0.0,20.0,2.0
109877,월계관 쥰마이 다이긴죠720ml,전통주>기타전통주>중국/일본주,전통주,기타전통주,중국/일본주,사전예약,9,9,10.0,8,0,0,1,0,0,2025-04-08,2025-04-29,43100.0,0,1,10,0.0,12.5,0.0,1.1111
210719,빙그레)투게더홈,아이스크림>홈타입>카톤,아이스크림,홈타입,카톤,교환권,10,9,10.0,10,0,0,0,0,0,2025-04-01,2025-04-25,9800.0,0,0,10,0.0,0.0,0.0,1.1111
052808,웰그린)겨자소스,즉석 식품>즉석치킨>기타류 ,즉석 식품,즉석치킨,기타류 ,당일픽업,9,3,10.0,4,2,1,1,1,0,2025-04-15,2025-04-28,600.0,1,0,10,50.0,25.0,25.0,3.3333
180437,서울탁)장수국산생막걸리750ml,전통주>막걸리>생막걸리,전통주,막걸리,생막걸리,당일픽업,9,8,10.0,8,0,0,1,0,0,2025-04-02,2025-04-30,2000.0,0,1,10,0.0,12.5,0.0,1.25
105298,대호)Big헤이즐넛향320ml,즉석음료>파우치>아이스커피,즉석음료,파우치,아이스커피,당일픽업,6,3,10.0,4,2,0,0,0,0,2025-04-20,2025-04-28,1600.0,2,0,10,50.0,0.0,50.0,3.3333
170526,하이트)1664블랑330ml캔,맥주>수입맥주>캔맥주(소),맥주,수입맥주,캔맥주(소),당일픽업,10,7,10.0,8,1,1,0,0,0,2025-04-02,2025-04-28,3500.0,0,0,10,12.5,0.0,0.0,1.4286
372054,LG)샤프란아우라1L(스윗만다린),가정용품>세제류>섬유유연제,가정용품,세제류,섬유유연제,당일픽업,8,6,10.0,7,1,0,0,0,0,2025-04-07,2025-04-30,12900.0,1,0,10,14.2857,0.0,14.2857,1.6667
100991,농심)멘토스포도,과자>캔디류>과일향캔디,과자,캔디류,과일향캔디,당일픽업,11,5,10.0,5,2,3,1,0,0,2025-04-01,2025-04-30,900.0,-1,1,10,40.0,20.0,-20.0,2.0
109176,피치)킨조젤리76g,과자>젤리류>수입젤리,과자,젤리류,수입젤리,교환권,6,3,10.0,4,2,0,0,0,0,2025-04-11,2025-04-19,2500.0,2,0,10,50.0,0.0,50.0,3.3333
062491,일동)하이뮨액티브250ml,유음료>프로틴 음료>250ml 이상 ,유음료,프로틴 음료,250ml 이상 ,당일픽업,9,6,10.0,6,1,1,1,0,0,2025-04-03,2025-04-30,2900.0,0,1,10,16.6667,16.6667,0.0,1.6667
161348,칠성)밀키스1．5pet,음료>탄산음료>과일향탄산(대),음료,탄산음료,과일향탄산(대),당일픽업,8,4,10.0,5,2,1,0,0,0,2025-04-02,2025-04-28,3800.0,1,0,10,40.0,0.0,20.0,2.5
381952,자코비)여성캐주얼양말(흰색)_H,패션잡화>양말>여성양말,패션잡화,양말,여성양말,당일픽업,11,2,10.0,7,1,1,1,1,0,2025-04-19,2025-04-29,3800.0,0,0,10,14.2857,14.2857,0.0,5.0
062515,정식품)고단백검은콩두유190ml,유음료>두유>팩두유,유음료,두유,팩두유,당일픽업,9,4,10.0,6,1,1,1,0,0,2025-04-04,2025-04-12,1600.0,0,1,10,16.6667,16.6667,0.0,2.5
413688,선린)C타입일회용배터리2000신규_H,일용잡화>휴대폰/주변기기>스마트폰 액세서리,일용잡화,휴대폰/주변기기,스마트폰 액세서리,당일픽업,6,2,10.0,4,2,0,0,0,0,2025-04-25,2025-04-26,5000.0,2,0,10,50.0,0.0,50.0,5.0
170900,에이이)코젤화이트500ml캔,맥주>수입맥주>캔맥주(중),맥주,수입맥주,캔맥주(중),당일픽업,9,7,10.0,6,1,1,1,0,0,2025-04-04,2025-04-29,4900.0,0,1,10,16.6667,16.6667,0.0,1.4286
421316,비젼)부직포쇼핑백(대)_H,문구/완구>기타문구>봉투/카드,문구/완구,기타문구,봉투/카드,당일픽업,9,1,10.0,8,0,0,1,0,0,2025-04-14,2025-04-29,3500.0,0,1,10,0.0,12.5,0.0,10.0
161229,웅진)하늘보리1ㆍ0L,음료>차음료>보리차,음료,차음료,보리차,당일픽업,10,3,10.0,4,3,3,0,0,0,2025-04-05,2025-04-18,2500.0,0,0,10,75.0,0.0,0.0,3.3333
107264,빙그레)더위사냥제로디카페인140ml,아이스크림>노벨티>펜슬,아이스크림,노벨티,펜슬,당일픽업,7,4,10.0,5,1,0,1,0,0,2025-04-08,2025-04-19,2200.0,1,1,10,20.0,20.0,20.0,2.5
119184,마즈)이클립스소프트레몬45g,과자>캔디류>소프트캔디,과자,캔디류,소프트캔디,당일픽업,10,8,10.0,8,1,1,0,0,0,2025-04-02,2025-04-29,1800.0,0,0,10,12.5,0.0,0.0,1.25
109693,화요한글에디션3종세트,전통주>소주>증류식소주,전통주,소주,증류식소주,사전예약,11,9,10.0,9,0,0,1,1,0,2025-04-07,2025-04-25,59000.0,0,0,10,0.0,11.1111,0.0,1.1111
150293,나뚜루)녹차컵,아이스크림>고급>컵,아이스크림,고급,컵,교환권,8,6,10.0,7,1,0,0,0,0,2025-04-06,2025-04-30,5900.0,1,0,10,14.2857,0.0,14.2857,1.6667
107683,K리그산리오)머플러(위시미멜),패션잡화>시즌/소품>기타,패션잡화,시즌/소품,기타,당일픽업,8,5,10.0,6,0,0,2,0,0,2025-04-02,2025-04-24,20000.0,0,2,10,0.0,33.3333,0.0,2.0
117150,롯데)도리토스갈비천왕84g,과자>스낵류>옥수수스낵,과자,스낵류,옥수수스낵,당일픽업,11,8,10.0,9,0,0,1,1,0,2025-04-02,2025-04-30,1700.0,0,0,10,0.0,11.1111,0.0,1.25
115433,달모어 15년 700ml,양주와인>양주>위스키,양주와인,양주,위스키,사전예약,10,8,10.0,10,0,0,0,0,0,2025-04-02,2025-04-28,248000.0,0,0,10,0.0,0.0,0.0,1.25
170502,하이네)하이네켄710ml캔,맥주>수입맥주>캔맥주(중),맥주,수입맥주,캔맥주(중),당일픽업,10,5,10.0,10,0,0,0,0,0,2025-04-03,2025-04-30,5400.0,0,0,10,0.0,0.0,0.0,2.0
107744,PB)스파클링워터레몬500ml,음료>생수>탄산수,음료,생수,탄산수,당일픽업,9,8,10.0,6,1,1,1,0,0,2025-04-01,2025-04-24,1300.0,0,1,10,16.6667,16.6667,0.0,1.25
112453,삼경)웨더스오리지널크림캔디90g,과자>캔디류>봉지캔디,과자,캔디류,봉지캔디,당일픽업,6,4,10.0,4,2,0,0,0,0,2025-04-07,2025-04-30,3200.0,2,0,10,50.0,0.0,50.0,2.5
106110,코카)코카콜라350ml캔,음료>탄산음료>콜라(소),음료,탄산음료,콜라(소),당일픽업,7,4,10.0,3,2,1,1,0,0,2025-04-15,2025-04-28,2100.0,1,1,10,66.6667,33.3333,33.3333,2.5
202633,쥬맥스)모구모구(블랙커런트),음료>주스>주스(중),음료,주스,주스(중),당일픽업,7,2,10.0,5,1,0,1,0,0,2025-04-18,2025-04-29,1700.0,1,1,10,20.0,20.0,20.0,5.0
192569,반피엑셀수스750ml,양주와인>와인>레드,양주와인,와인,레드,사전예약,10,10,10.0,10,0,0,0,0,0,2025-04-03,2025-04-29,96000.0,0,0,10,0.0,0.0,0.0,1.0
132701,삼양)로제불닭볶음면(큰컵),면>용기면>비빔/볶음면,면,용기면,비빔/볶음면,교환권,6,4,10.0,3,1,0,2,0,0,2025-04-02,2025-04-25,1800.0,1,2,10,33.3333,66.6667,33.3333,2.5
071697,롯데)의성마늘2입140g,냉장>냉장간식>소형바,냉장,냉장간식,소형바,당일픽업,9,6,10.0,6,1,1,1,0,0,2025-04-07,2025-04-26,4400.0,0,1,10,16.6667,16.6667,0.0,1.6667
108448,호재준)냉동딸기150g,냉동>신선냉동>냉동과일,냉동,신선냉동,냉동과일,당일픽업,8,4,10.0,5,2,1,0,0,0,2025-04-05,2025-04-28,3400.0,1,0,10,40.0,0.0,20.0,2.5
200104,칠성)스카치블루450ml,양주와인>양주>위스키,양주와인,양주,위스키,당일픽업,12,11,10.0,11,0,1,0,0,0,2025-04-07,2025-04-28,36000.0,-1,0,10,0.0,0.0,-9.0909,0.9091
211144,하겐)마카다미아넛브리틀80ml,아이스크림>고급>바,아이스크림,고급,바,당일픽업,11,7,10.0,7,1,2,1,0,0,2025-04-04,2025-04-30,6900.0,-1,1,10,14.2857,14.2857,-14.2857,1.4286
109894,하쿠시카 쿠로마츠 쥰마이 모찌요단,전통주>기타전통주>중국/일본주,전통주,기타전통주,중국/일본주,사전예약,10,4,10.0,10,0,0,0,0,0,2025-04-03,2025-04-25,27000.0,0,0,10,0.0,0.0,0.0,2.5
109659,크라운)콘칩(대)148g,과자>스낵류>옥수수스낵,과자,스낵류,옥수수스낵,교환권,6,4,10.0,4,2,0,0,0,0,2025-04-02,2025-04-30,3000.0,2,0,10,50.0,0.0,50.0,2.5
202623,큐원)상쾌환부스터100ml,음료>기능성드링크>숙취해소음료,음료,기능성드링크,숙취해소음료,당일픽업,8,3,10.0,5,2,1,0,0,0,2025-04-11,2025-04-26,5000.0,1,0,10,40.0,0.0,20.0,3.3333
115470,주라 10년 글라스패키지 700ml,양주와인>양주>위스키,양주와인,양주,위스키,사전예약,9,6,10.0,8,0,0,1,0,0,2025-04-09,2025-04-28,79900.0,0,1,10,0.0,12.5,0.0,1.6667
109918,레티자화이트(12입),양주와인>와인>화이트,양주와인,와인,화이트,사전예약,9,8,10.0,8,0,0,1,0,0,2025-04-02,2025-04-19,82800.0,0,1,10,0.0,12.5,0.0,1.25
112098,오리온)포카칩오리지널60g,과자>스낵류>감자스낵,과자,스낵류,감자스낵,교환권,8,5,10.0,5,2,1,0,0,0,2025-04-03,2025-04-30,1700.0,1,0,10,40.0,0.0,20.0,2.0
073248,PB)숯불삼치구이77g,냉장>냉장간편식>반찬/국탕류,냉장,냉장간편식,반찬/국탕류,당일픽업,6,4,10.0,3,1,0,2,0,0,2025-04-05,2025-04-30,4600.0,1,2,10,33.3333,66.6667,33.3333,2.5
113781,빙그레)꽃게랑70g,과자>스낵류>일반스낵,과자,스낵류,일반스낵,당일픽업,7,5,10.0,5,1,0,1,0,0,2025-04-14,2025-04-29,1700.0,1,1,10,20.0,20.0,20.0,2.0
106294,하림)더미식김치콩나물국350g,가공식품>상온간편식>레토르트 국탕찌개,가공식품,상온간편식,레토르트 국탕찌개,당일픽업,10,8,10.0,10,0,0,0,0,0,2025-04-03,2025-04-24,4500.0,0,0,10,0.0,0.0,0.0,1.25
072216,PB)히노아지돈코츠라멘213g,냉장>냉장간편식>냉장면,냉장,냉장간편식,냉장면,당일픽업,9,8,10.0,8,0,0,1,0,0,2025-04-02,2025-04-27,3900.0,0,1,10,0.0,12.5,0.0,1.25
123812,델토리)크랩새우땅콩카라멜60g,과자>스낵류>일반스낵,과자,스낵류,일반스낵,당일픽업,8,5,10.0,4,1,1,2,0,0,2025-04-07,2025-04-28,2000.0,0,2,10,25.0,50.0,0.0,2.0
106075,CJ)맛밤프로틴밤맛250mL,유음료>프로틴 음료>250ml 이상 ,유음료,프로틴 음료,250ml 이상 ,당일픽업,10,6,10.0,8,1,1,0,0,0,2025-04-02,2025-04-14,2900.0,0,0,10,12.5,0.0,0.0,1.6667
210972,롯데)잇츠와플바닐라140ml,아이스크림>노벨티>모나카,아이스크림,노벨티,모나카,당일픽업,10,10,10.0,10,0,0,0,0,0,2025-04-02,2025-04-28,2200.0,0,0,10,0.0,0.0,0.0,1.0
123550,드림)프란찌딸기크림쿠키58g,과자>비스킷류>쿠키,과자,비스킷류,쿠키,교환권,8,5,10.0,7,1,0,0,0,0,2025-04-02,2025-04-12,2000.0,1,0,10,14.2857,0.0,14.2857,2.0
450466,듀라셀)디럭스AAA2입_H,일용잡화>건전지>AAA사이즈,일용잡화,건전지,AAA사이즈,당일픽업,6,3,10.0,4,2,0,0,0,0,2025-04-08,2025-04-25,6100.0,2,0,10,50.0,0.0,50.0,3.3333
114209,에이원)스위트롤리팝,과자>캔디류>행사상품,과자,캔디류,행사상품,당일픽업,9,8,10.0,6,1,1,1,0,0,2025-04-01,2025-04-30,2000.0,0,1,10,16.6667,16.6667,0.0,1.25
202697,동화)비타천120ml,음료>기능성드링크>비타민음료,음료,기능성드링크,비타민음료,당일픽업,10,9,10.0,10,0,0,0,0,0,2025-04-02,2025-04-30,1200.0,0,0,10,0.0,0.0,0.0,1.1111
123555,SAMG)위시캣발바닥모양캔디42g,과자>캔디류>봉지캔디,과자,캔디류,봉지캔디,당일픽업,10,9,10.0,10,0,0,0,0,0,2025-04-14,2025-04-29,2000.0,0,0,10,0.0,0.0,0.0,1.1111
600775,롯데)왓따맹고말고망고23g,과자>껌>풍선껌,과자,껌,풍선껌,당일픽업,8,5,10.0,5,2,1,0,0,0,2025-04-05,2025-04-30,600.0,1,0,10,40.0,0.0,20.0,2.0
122507,네슬)스타벅스미디엄로스트10T,건강/기호식품>커피>원두커피,건강/기호식품,커피,원두커피,당일픽업,9,5,10.0,6,1,1,1,0,0,2025-04-04,2025-04-28,5500.0,0,1,10,16.6667,16.6667,0.0,2.0
371155,롯알)맥스부탄가스220g,가정용품>행락용품>레져시트/기타,가정용품,행락용품,레져시트/기타,당일픽업,8,6,10.0,7,1,0,0,0,0,2025-04-03,2025-04-28,2600.0,1,0,10,14.2857,0.0,14.2857,1.6667
105699,오츠카)나랑드사이다345ml캔,음료>탄산음료>사이다(소),음료,탄산음료,사이다(소),당일픽업,8,4,10.0,5,2,1,0,0,0,2025-04-02,2025-04-28,1800.0,1,0,10,40.0,0.0,20.0,2.5
124465,칠성)칸타타아이스블랙커피500ml,즉석음료>파우치>아이스커피,즉석음료,파우치,아이스커피,당일픽업,8,4,10.0,5,2,1,0,0,0,2025-04-09,2025-04-27,2500.0,1,0,10,40.0,0.0,20.0,2.5
141437,샘표)밥도둑메추리알장조림150g,가공식품>상온간편식>레토르트 반찬/간식/안주,가공식품,상온간편식,레토르트 반찬/간식/안주,당일픽업,11,10,10.0,9,0,0,1,1,0,2025-04-01,2025-04-26,4000.0,0,0,10,0.0,11.1111,0.0,1.0
161180,칠성)칸타타아메리카노200ml,음료>커피음료>캔커피(일반),음료,커피음료,캔커피(일반),당일픽업,10,1,10.0,4,3,3,0,0,0,2025-04-03,2025-04-19,1500.0,0,0,10,75.0,0.0,0.0,10.0
112279,PB)머거본칼몬드60g,안주>너트류>봉지너트,안주,너트류,봉지너트,당일픽업,10,5,10.0,8,1,1,0,0,0,2025-04-01,2025-04-30,4900.0,0,0,10,12.5,0.0,0.0,2.0
092881,프레시팜)바나나1입,신선>과일>수입과일,신선,과일,수입과일,당일픽업,9,6,10.0,3,1,1,3,1,0,2025-04-07,2025-04-20,1000.0,0,2,10,33.3333,100.0,0.0,1.6667
123162,필스너우르켈 330ml캔(24입),맥주>수입맥주>캔맥주(소),맥주,수입맥주,캔맥주(소),사전예약,9,8,10.0,8,0,0,1,0,0,2025-04-05,2025-04-28,44000.0,0,1,10,0.0,12.5,0.0,1.25
191116,브라운)잭다니엘스허니200ml,양주와인>양주>위스키,양주와인,양주,위스키,당일픽업,12,11,10.0,11,0,1,0,0,0,2025-04-02,2025-04-25,17900.0,-1,0,10,0.0,0.0,-9.0909,0.9091
105403,경남)레모나쮸잉28g,과자>캔디류>소프트캔디,과자,캔디류,소프트캔디,당일픽업,9,6,10.0,4,2,2,1,0,0,2025-04-04,2025-04-25,1200.0,0,1,10,50.0,25.0,0.0,1.6667
041509,이지텍)오리히로곤약젤리(복숭아,디저트>젤리>마시는젤리,디저트,젤리,마시는젤리,당일픽업,6,5,10.0,3,1,0,2,0,0,2025-04-06,2025-04-17,3500.0,1,2,10,33.3333,66.6667,33.3333,2.0
372213,롯알)사각때타올(2입)_H,가정용품>욕실용품>욕실용품,가정용품,욕실용품,욕실용품,당일픽업,6,3,10.0,4,2,0,0,0,0,2025-04-06,2025-04-11,1700.0,2,0,10,50.0,0.0,50.0,3.3333
600817,농심)멘토스2in1(피치소다),과자>캔디류>행사상품,과자,캔디류,행사상품,당일픽업,8,2,10.0,3,3,2,0,0,0,2025-04-03,2025-04-08,1500.0,1,0,10,100.0,0.0,33.3333,5.0
107073,롯데)몽쉘딸기12입408g,과자>비스킷류>파이,과자,비스킷류,파이,당일픽업,10,8,10.0,10,0,0,0,0,0,2025-04-01,2025-04-26,7000.0,0,0,10,0.0,0.0,0.0,1.25
115284,해태)포키블루베리41g,과자>비스킷류>스틱과자,과자,비스킷류,스틱과자,교환권,7,3,10.0,5,1,0,1,0,0,2025-04-01,2025-04-19,1900.0,1,1,10,20.0,20.0,20.0,3.3333
201871,동서)레드불에너지355ml,음료>기능성드링크>에너지음료,음료,기능성드링크,에너지음료,당일픽업,7,5,10.0,5,1,0,1,0,0,2025-04-01,2025-04-24,3200.0,1,1,10,20.0,20.0,20.0,2.0
124210,그라바스 델 마이포 시라 ,양주와인>와인>레드,양주와인,와인,레드,사전예약,10,10,10.0,10,0,0,0,0,0,2025-04-08,2025-04-27,135000.0,0,0,10,0.0,0.0,0.0,1.0
115676,농심)닭다리너겟130g,과자>스낵류>알뜰절약상품,과자,스낵류,알뜰절약상품,당일픽업,11,6,10.0,3,3,4,1,0,0,2025-04-02,2025-04-23,3300.0,-1,1,10,100.0,33.3333,-33.3333,1.6667
124584,더한서울의밤25도375ml(3입),전통주>기타전통주>기타,전통주,기타전통주,기타,사전예약,10,5,10.0,8,1,1,0,0,0,2025-04-01,2025-04-29,23700.0,0,0,10,12.5,0.0,0.0,2.0
170430,제주)제주위트에일500ml캔,맥주>국산맥주>수제맥주,맥주,국산맥주,수제맥주,당일픽업,8,4,10.0,5,2,1,0,0,0,2025-04-04,2025-04-25,4500.0,1,0,10,40.0,0.0,20.0,2.5
109885,핫카이산쥰마이다이긴죠,전통주>기타전통주>중국/일본주,전통주,기타전통주,중국/일본주,사전예약,10,9,10.0,10,0,0,0,0,0,2025-04-02,2025-04-24,51100.0,0,0,10,0.0,0.0,0.0,1.1111
192548,오프리루비포트750ml,양주와인>와인>레드,양주와인,와인,레드,사전예약,5,2,10.0,2,2,0,1,0,0,2025-04-01,2025-04-04,26000.0,2,1,10,100.0,50.0,100.0,5.0
106744,담터)콤부차애플망고10입(고라파덕),건강/기호식품>차>분말차류,건강/기호식품,차,분말차류,당일픽업,8,4,10.0,7,1,0,0,0,0,2025-04-02,2025-04-14,8000.0,1,0,10,14.2857,0.0,14.2857,2.5
360719,PB)도루코PACE4일회용면도기_H,H&B>면도용품>일회용면도기,H&B,면도용품,일회용면도기,교환권,10,10,10.0,10,0,0,0,0,0,2025-04-03,2025-04-22,2300.0,0,0,10,0.0,0.0,0.0,1.0
200810,동서)TOP블랙275ml,음료>커피음료>캔커피(보틀),음료,커피음료,캔커피(보틀),당일픽업,5,3,10.0,2,2,0,1,0,0,2025-04-01,2025-04-25,2700.0,2,1,10,100.0,50.0,100.0,3.3333
152086,대상)허브맛솔트(마늘양파),조미료/건물>조미료>소금,조미료/건물,조미료,소금,당일픽업,7,4,10.0,3,2,1,1,0,0,2025-04-01,2025-04-30,2700.0,1,1,10,66.6667,33.3333,33.3333,2.5
170992,롯데)크러시500ml병,맥주>국산맥주>병맥주,맥주,국산맥주,병맥주,당일픽업,10,7,10.0,10,0,0,0,0,0,2025-04-03,2025-04-30,2400.0,0,0,10,0.0,0.0,0.0,1.4286
115574,얼리타임즈 700ml,양주와인>양주>위스키,양주와인,양주,위스키,사전예약,9,7,10.0,8,0,0,1,0,0,2025-04-04,2025-04-28,25900.0,0,1,10,0.0,12.5,0.0,1.4286
150487,하겐)컵벨지안쵸코렛,아이스크림>고급>컵,아이스크림,고급,컵,당일픽업,14,11,10.0,12,0,2,0,0,0,2025-04-01,2025-04-27,6900.0,-2,0,10,0.0,0.0,-16.6667,0.9091
141054,CJ)버터장조림비빔밥(컵반),가공식품>가공미반류>즉석컵밥,가공식품,가공미반류,즉석컵밥,당일픽업,7,3,10.0,5,1,0,1,0,0,2025-04-12,2025-04-28,4800.0,1,1,10,20.0,20.0,20.0,3.3333
600907,MZ)호올스오렌지27.9g,과자>캔디류>기능성캔디,과자,캔디류,기능성캔디,당일픽업,8,5,10.0,6,0,0,2,0,0,2025-04-14,2025-04-29,1000.0,0,2,10,0.0,33.3333,0.0,2.0
115354,롯데)가나프리미엄랑드샤모카프레소91g,과자>비스킷류>쿠키,과자,비스킷류,쿠키,교환권,9,5,10.0,6,1,1,1,0,0,2025-04-02,2025-04-28,4800.0,0,1,10,16.6667,16.6667,0.0,2.0
161735,홍선)쇠고기육포채16g,안주>육포>육포,안주,육포,육포,당일픽업,9,6,10.0,6,1,1,1,0,0,2025-04-01,2025-04-18,2500.0,0,1,10,16.6667,16.6667,0.0,1.6667
109858,에비스맥주캔500ml(24입),맥주>수입맥주>캔맥주(중),맥주,수입맥주,캔맥주(중),사전예약,8,6,10.0,7,1,0,0,0,0,2025-04-04,2025-04-23,78000.0,1,0,10,14.2857,0.0,14.2857,1.6667
402018,쉬즈)사가미오리지널2입(0.01mm)_H,약품/의료품>의약외품>일반콘돔,약품/의료품,의약외품,일반콘돔,당일픽업,8,4,10.0,7,1,0,0,0,0,2025-04-01,2025-04-26,14800.0,1,0,10,14.2857,0.0,14.2857,2.5
170917,하이트)켈리1.6L페트,맥주>국산맥주>PET맥주,맥주,국산맥주,PET맥주,당일픽업,8,4,10.0,5,2,1,0,0,0,2025-04-02,2025-04-20,8300.0,1,0,10,40.0,0.0,20.0,2.5
105399,롯데)크러시355ml캔,맥주>국산맥주>캔맥주(소),맥주,국산맥주,캔맥주(소),당일픽업,8,6,10.0,7,1,0,0,0,0,2025-04-05,2025-04-29,2250.0,1,0,10,14.2857,0.0,14.2857,1.6667
181085,롯데)로제청하스파클링295ml병,전통주>기타전통주>기타,전통주,기타전통주,기타,당일픽업,8,6,10.0,7,1,0,0,0,0,2025-04-01,2025-04-30,2800.0,1,0,10,14.2857,0.0,14.2857,1.6667
192481,트레드소프틀리핑크진700ml,양주와인>양주>기타양주,양주와인,양주,기타양주,사전예약,8,8,10.0,6,0,0,2,0,0,2025-04-04,2025-04-28,58000.0,0,2,10,0.0,33.3333,0.0,1.25
123305,정지선)동파육180g,냉장>냉장안주>육가공안주,냉장,냉장안주,육가공안주,당일픽업,10,8,10.0,10,0,0,0,0,0,2025-04-01,2025-04-30,9900.0,0,0,10,0.0,0.0,0.0,1.25
191082,레뱅드)로쉐마제까베르네쇼비뇽,양주와인>와인>레드,양주와인,와인,레드,당일픽업,9,6,9.0,9,0,0,0,0,0,2025-04-04,2025-04-28,15900.0,0,0,9,0.0,0.0,0.0,1.5
391073,유한)좋은느낌유기농순면대형14P,위생용품>생리대>대형,위생용품,생리대,대형,당일픽업,9,7,9.0,7,1,1,0,0,0,2025-04-03,2025-04-28,12000.0,0,0,9,14.2857,0.0,0.0,1.2857
601341,PB)초코퐁당강냉이175g,과자>스낵류>전통스낵,과자,스낵류,전통스낵,당일픽업,5,2,9.0,3,2,0,0,0,0,2025-04-15,2025-04-29,3300.0,2,0,9,66.6667,0.0,66.6667,4.5
401861,휘게덴탈마스크3매(국내의약외품_H,약품/의료품>의약외품>마스크,약품/의료품,의약외품,마스크,당일픽업,7,1,9.0,4,2,1,0,0,0,2025-04-17,2025-04-17,1800.0,1,0,9,50.0,0.0,25.0,9.0
124918,산토리)메이커스마크375ml,양주와인>양주>위스키,양주와인,양주,위스키,당일픽업,8,3,9.0,7,0,0,1,0,0,2025-04-11,2025-04-22,35900.0,0,1,9,0.0,14.2857,0.0,3.0
107246,PB)착한청사과에이드320ml,즉석음료>파우치>아이스티,즉석음료,파우치,아이스티,교환권,7,3,9.0,4,2,1,0,0,0,2025-04-04,2025-04-27,900.0,1,0,9,50.0,0.0,25.0,3.0
381029,PB)세면타월(화이트)_H,패션잡화>시즌/소품>타올,패션잡화,시즌/소품,타올,당일픽업,7,7,9.0,5,0,0,2,0,0,2025-04-03,2025-04-27,4900.0,0,2,9,0.0,40.0,0.0,1.2857
073512,PB)을지로촙촙면270g,냉장>냉장간편식>냉장면,냉장,냉장간편식,냉장면,당일픽업,6,4,9.0,3,0,0,3,0,0,2025-04-03,2025-04-22,3900.0,0,3,9,0.0,100.0,0.0,2.25
170943,오비)호가든330ml캔(6입),맥주>수입맥주>캔맥주(소),맥주,수입맥주,캔맥주(소),당일픽업,10,9,9.0,8,0,0,1,1,0,2025-04-09,2025-04-27,21600.0,0,0,9,0.0,12.5,0.0,1.0
202607,오츠카)나랑드사이다(파인)500ml,음료>탄산음료>제로탄산,음료,탄산음료,제로탄산,당일픽업,7,5,9.0,6,1,0,0,0,0,2025-04-11,2025-04-24,2000.0,1,0,9,16.6667,0.0,16.6667,1.8
093722,세븐팜)깐양파2입,신선>야채>센터채소,신선,야채,센터채소,당일픽업,9,6,9.0,9,0,0,0,0,0,2025-04-02,2025-04-27,3500.0,0,0,9,0.0,0.0,0.0,1.5
109985,아카시타이 토쿠베츠 준마이,전통주>기타전통주>청주,전통주,기타전통주,청주,사전예약,7,6,9.0,6,1,0,0,0,0,2025-04-04,2025-04-24,43200.0,1,0,9,16.6667,0.0,16.6667,1.5
094672,풀무원)몽글순두부탕270g(들깨),신선>야채>두부/콩나물,신선,야채,두부/콩나물,당일픽업,9,7,9.0,6,0,0,2,1,0,2025-04-08,2025-04-28,5000.0,0,1,9,0.0,33.3333,0.0,1.2857
390692,LG)볼록맞춤울날대16P,위생용품>생리대>대형,위생용품,생리대,대형,당일픽업,7,4,9.0,6,1,0,0,0,0,2025-04-03,2025-04-29,9400.0,1,0,9,16.6667,0.0,16.6667,2.25
107786,K리그산리오)인형_턱시도샘,문구/완구>일반완구>일반완구,문구/완구,일반완구,일반완구,당일픽업,6,6,9.0,3,0,0,3,0,0,2025-04-02,2025-04-28,25000.0,0,3,9,0.0,100.0,0.0,1.5
070212,칠성)콜드포도250ml,유음료>냉장주스>냉장주스(소),유음료,냉장주스,냉장주스(소),당일픽업,7,3,9.0,4,2,1,0,0,0,2025-04-05,2025-04-28,1600.0,1,0,9,50.0,0.0,25.0,3.0
106479,롯데)이지프로틴감자칩(매콤치즈맛)50g,과자>스낵류>감자스낵,과자,스낵류,감자스낵,당일픽업,9,4,9.0,9,0,0,0,0,0,2025-04-11,2025-04-30,2500.0,0,0,9,0.0,0.0,0.0,2.25
834791,"3월 삼각김밥,김밥 구독",,,,,구독할인,7,5,9.0,4,2,1,0,0,0,2025-04-01,2025-04-20,2000.0,1,0,9,50.0,0.0,25.0,1.8
601055,농심)포테토칩잭슨페퍼로니50g,과자>스낵류>감자스낵,과자,스낵류,감자스낵,당일픽업,8,5,9.0,4,0,0,3,1,0,2025-04-06,2025-04-30,1700.0,0,2,9,0.0,75.0,0.0,1.8
401741,신행)SKYN엘리트콘돔3P(초박형)_H,약품/의료품>의약외품>일반콘돔,약품/의료품,의약외품,일반콘돔,당일픽업,9,7,9.0,9,0,0,0,0,0,2025-04-01,2025-04-30,7000.0,0,0,9,0.0,0.0,0.0,1.2857
105702,오츠카)포카리스웨트340ml캔,음료>스포츠음료>스포츠음료(중),음료,스포츠음료,스포츠음료(중),당일픽업,7,6,9.0,5,0,0,2,0,0,2025-04-06,2025-04-29,1900.0,0,2,9,0.0,40.0,0.0,1.5
192465,메종넘버나인로제750ml(기념일추천),양주와인>와인>기타와인,양주와인,와인,기타와인,사전예약,8,7,9.0,7,0,0,1,0,0,2025-04-09,2025-04-27,69000.0,0,1,9,0.0,14.2857,0.0,1.2857
170422,에이이)페로니500ml캔,맥주>수입맥주>캔맥주(중),맥주,수입맥주,캔맥주(중),당일픽업,9,5,9.0,9,0,0,0,0,0,2025-04-03,2025-04-28,4900.0,0,0,9,0.0,0.0,0.0,1.8
123850,윈저12년 500ml,양주와인>양주>위스키,양주와인,양주,위스키,사전예약,8,6,9.0,7,0,0,1,0,0,2025-04-06,2025-04-22,39000.0,0,1,9,0.0,14.2857,0.0,1.5
121795,네슬레)수프리모골드마일드20입,건강/기호식품>커피>믹스커피,건강/기호식품,커피,믹스커피,당일픽업,9,9,9.0,9,0,0,0,0,0,2025-04-01,2025-04-29,5300.0,0,0,9,0.0,0.0,0.0,1.0
601557,롯데)프리미엄가나다크밀크블렌,과자>초콜릿>판초콜릿,과자,초콜릿,판초콜릿,당일픽업,9,8,9.0,6,0,0,2,1,0,2025-04-05,2025-04-21,4000.0,0,1,9,0.0,33.3333,0.0,1.125
141668,오뚜기)오즈키친치킨마살라,가공식품>상온간편식>레토르트 소스/분말,가공식품,상온간편식,레토르트 소스/분말,교환권,5,3,9.0,3,2,0,0,0,0,2025-04-01,2025-04-16,4800.0,2,0,9,66.6667,0.0,66.6667,3.0
109951,릴레블랑 750ml,양주와인>와인>기타와인,양주와인,와인,기타와인,사전예약,7,6,9.0,6,1,0,0,0,0,2025-04-03,2025-04-14,41000.0,1,0,9,16.6667,0.0,16.6667,1.5
401884,루치온데일리마스크5입흰색(국산_H,약품/의료품>의약외품>마스크,약품/의료품,의약외품,마스크,당일픽업,5,2,9.0,3,2,0,0,0,0,2025-04-03,2025-04-30,2500.0,2,0,9,66.6667,0.0,66.6667,4.5
600715,오리온)꼬북칩크런치즈80g,과자>스낵류>옥수수스낵,과자,스낵류,옥수수스낵,당일픽업,8,6,9.0,4,0,0,3,1,0,2025-04-02,2025-04-25,1700.0,0,2,9,0.0,75.0,0.0,1.5
109859,삿포로실버컵캔650ml(12입),맥주>수입맥주>캔맥주(중),맥주,수입맥주,캔맥주(중),사전예약,11,8,9.0,8,1,1,0,1,0,2025-04-03,2025-04-29,61000.0,0,-1,9,12.5,0.0,0.0,1.125
123474,로르나노 끼안띠 클라시코 리제르바 레 반디트,양주와인>와인>레드,양주와인,와인,레드,사전예약,6,5,9.0,3,0,0,3,0,0,2025-04-08,2025-04-24,41900.0,0,3,9,0.0,100.0,0.0,1.8
391028,99.9%항균안심물티슈20매,위생용품>티슈>물티슈,위생용품,티슈,물티슈,당일픽업,6,3,9.0,4,1,0,1,0,0,2025-04-13,2025-04-30,1700.0,1,1,9,25.0,25.0,25.0,3.0
141132,CJ)햇반치킨마요덮밥컵반,가공식품>가공미반류>즉석컵밥,가공식품,가공미반류,즉석컵밥,교환권,7,6,9.0,6,1,0,0,0,0,2025-04-02,2025-04-28,4800.0,1,0,9,16.6667,0.0,16.6667,1.5
180200,오비)호가든330ml캔,맥주>수입맥주>캔맥주(소),맥주,수입맥주,캔맥주(소),당일픽업,9,7,9.0,7,1,1,0,0,0,2025-04-02,2025-04-28,3600.0,0,0,9,14.2857,0.0,0.0,1.2857
070127,매일)우유속딸기300ml,유음료>가공우유>딸기우유,유음료,가공우유,딸기우유,당일픽업,7,3,9.0,2,0,0,4,1,0,2025-04-02,2025-04-17,2000.0,0,3,9,0.0,200.0,0.0,3.0
420713,모나미)밀크A4복사지(250매)_H,문구/완구>사무용품>사무정리용품,문구/완구,사무용품,사무정리용품,당일픽업,5,3,9.0,3,2,0,0,0,0,2025-04-07,2025-04-30,6000.0,2,0,9,66.6667,0.0,66.6667,3.0
053178,매콤후랑크꼬치,즉석 식품>즉석치킨>꼬치류,즉석 식품,즉석치킨,꼬치류,당일픽업,8,3,9.0,3,2,1,1,1,0,2025-04-01,2025-04-29,2600.0,1,0,9,66.6667,33.3333,33.3333,3.0
041457,뚜또)코코애플망고230g,디저트>젤리>떠먹는젤리,디저트,젤리,떠먹는젤리,당일픽업,5,2,9.0,3,2,0,0,0,0,2025-04-20,2025-04-29,2600.0,2,0,9,66.6667,0.0,66.6667,4.5
180318,우리술)톡쏘는햅쌀막걸리950ml,전통주>막걸리>살균막걸리,전통주,막걸리,살균막걸리,당일픽업,9,7,9.0,9,0,0,0,0,0,2025-04-02,2025-04-30,1900.0,0,0,9,0.0,0.0,0.0,1.2857
103431,농심)츄파춥스(50입),과자>캔디류>행사상품,과자,캔디류,행사상품,당일픽업,9,6,9.0,9,0,0,0,0,0,2025-04-01,2025-04-27,15000.0,0,0,9,0.0,0.0,0.0,1.5
421489,모나미)3색볼펜3000_H,문구/완구>일반문구>팬시,문구/완구,일반문구,팬시,당일픽업,7,4,9.0,4,2,1,0,0,0,2025-04-09,2025-04-25,3000.0,1,0,9,50.0,0.0,25.0,2.25
106250,피죤)액츠퍼펙트딥클린(겸용)1.4L_H,가정용품>세제류>세탁세제,가정용품,세제류,세탁세제,당일픽업,7,3,9.0,6,1,0,0,0,0,2025-04-09,2025-04-30,12900.0,1,0,9,16.6667,0.0,16.6667,3.0
160892,웅진)자연은음료180ml12입,음료>선물세트>주스선물세트,음료,선물세트,주스선물세트,당일픽업,7,3,9.0,4,2,1,0,0,0,2025-04-03,2025-04-10,15000.0,1,0,9,50.0,0.0,25.0,3.0
108084,팔도)뽀로로샤인머스켓235ml,음료>주스>주스(중),음료,주스,주스(중),당일픽업,9,3,9.0,5,2,2,0,0,0,2025-04-06,2025-04-12,1600.0,0,0,9,40.0,0.0,0.0,3.0
123496,우븐 헤미스피어스 500ml,양주와인>양주>위스키,양주와인,양주,위스키,사전예약,8,8,9.0,7,0,0,1,0,0,2025-04-02,2025-04-24,89900.0,0,1,9,0.0,14.2857,0.0,1.125
081445,CJ)얼큰우동221g(큰컵),냉장>냉장간편식>냉장면,냉장,냉장간편식,냉장면,당일픽업,6,4,9.0,4,1,0,1,0,0,2025-04-10,2025-04-28,3900.0,1,1,9,25.0,25.0,25.0,2.25
141030,CJ)비비고스팸부대찌개460g,가공식품>상온간편식>레토르트 국탕찌개,가공식품,상온간편식,레토르트 국탕찌개,교환권,9,6,9.0,7,1,1,0,0,0,2025-04-03,2025-04-29,7900.0,0,0,9,14.2857,0.0,0.0,1.5
107848,B)글로 하이퍼 프로(옵시디안 블랙),담배>전자담배>전자담배(BAT 글로),담배,전자담배,전자담배(BAT 글로),당일픽업,9,3,9.0,9,0,0,0,0,0,2025-04-30,2025-04-30,49000.0,0,0,9,0.0,0.0,0.0,3.0
108437,피치)두바이카다이프초콜릿80g,과자>초콜릿>판초콜릿,과자,초콜릿,판초콜릿,당일픽업,6,4,9.0,4,1,0,1,0,0,2025-04-09,2025-04-17,6800.0,1,1,9,25.0,25.0,25.0,2.25
105902,웰그린)애플망고320ml,즉석음료>파우치>아이스티,즉석음료,파우치,아이스티,당일픽업,5,3,9.0,3,2,0,0,0,0,2025-04-22,2025-04-28,1500.0,2,0,9,66.6667,0.0,66.6667,3.0
191634,롯데)더슬라우치쉬라즈750ml,양주와인>와인>레드,양주와인,와인,레드,당일픽업,9,6,9.0,9,0,0,0,0,0,2025-04-03,2025-04-26,12900.0,0,0,9,0.0,0.0,0.0,1.5
108447,호재준)냉동망고150g,냉동>신선냉동>냉동과일,냉동,신선냉동,냉동과일,당일픽업,7,4,9.0,6,1,0,0,0,0,2025-04-03,2025-04-27,3400.0,1,0,9,16.6667,0.0,16.6667,2.25
107418,G)파스키에팡올레280g,빵>간식빵>과자빵,빵,간식빵,과자빵,당일픽업,7,7,9.0,5,0,0,2,0,0,2025-04-04,2025-04-20,7500.0,0,2,9,0.0,40.0,0.0,1.2857
140814,오뚜기)오뚜기밥210g*4입,가공식품>가공미반류>즉석밥,가공식품,가공미반류,즉석밥,당일픽업,9,6,9.0,9,0,0,0,0,0,2025-04-02,2025-04-24,7200.0,0,0,9,0.0,0.0,0.0,1.5
123635,CJ)쁘띠첼과일젤리포도90g,디저트>젤리>떠먹는젤리,디저트,젤리,떠먹는젤리,당일픽업,9,6,9.0,7,1,1,0,0,0,2025-04-04,2025-04-21,2000.0,0,0,9,14.2857,0.0,0.0,1.5
412218,듀라셀)디럭스AA2입_H,일용잡화>건전지>AA사이즈,일용잡화,건전지,AA사이즈,당일픽업,5,3,9.0,3,2,0,0,0,0,2025-04-16,2025-04-28,6100.0,2,0,9,66.6667,0.0,66.6667,3.0
112183,롯데)칸쵸컵2700,과자>비스킷류>쿠키,과자,비스킷류,쿠키,당일픽업,5,3,9.0,3,2,0,0,0,0,2025-04-12,2025-04-26,2800.0,2,0,9,66.6667,0.0,66.6667,3.0
191979,킬리카눈킬러맨즈런쉬라즈,양주와인>와인>레드,양주와인,와인,레드,사전예약,10,9,9.0,8,0,0,1,1,0,2025-04-01,2025-04-25,33900.0,0,0,9,0.0,12.5,0.0,1.0
371263,롯알)고무장갑(대)_H,가정용품>주방용품>조리기구/소모품,가정용품,주방용품,조리기구/소모품,당일픽업,9,4,9.0,9,0,0,0,0,0,2025-04-17,2025-04-18,3500.0,0,0,9,0.0,0.0,0.0,2.25
071566,장충동)머릿고기265g,냉장>냉장안주>족발/순대,냉장,냉장안주,족발/순대,당일픽업,8,6,9.0,7,0,0,1,0,0,2025-04-02,2025-04-16,10000.0,0,1,9,0.0,14.2857,0.0,1.5
107087,K리그산리오)면티셔츠105,패션잡화>시즌/소품>기타,패션잡화,시즌/소품,기타,당일픽업,8,7,9.0,7,0,0,1,0,0,2025-04-02,2025-04-30,18000.0,0,1,9,0.0,14.2857,0.0,1.2857
109656,비알)우유에빠진딸기우유240ml,유음료>가공우유>딸기우유,유음료,가공우유,딸기우유,당일픽업,6,3,9.0,4,1,0,1,0,0,2025-04-06,2025-04-28,2000.0,1,1,9,25.0,25.0,25.0,3.0
061594,매일)바이오플레인드링킹250ml,유음료>요구르트>드링킹요구르트,유음료,요구르트,드링킹요구르트,당일픽업,7,4,9.0,6,1,0,0,0,0,2025-04-14,2025-04-29,2400.0,1,0,9,16.6667,0.0,16.6667,2.25
104387,해태)후렌치파이딸기(15입),과자>비스킷류>파이,과자,비스킷류,파이,당일픽업,11,8,9.0,10,0,1,0,0,0,2025-04-02,2025-04-29,4200.0,-1,0,9,0.0,0.0,-10.0,1.125
073092,하림)닭가슴살리얼바블랙페퍼80g,냉장>냉장간식>냉장 프로틴,냉장,냉장간식,냉장 프로틴,당일픽업,9,6,9.0,9,0,0,0,0,0,2025-04-02,2025-04-29,2900.0,0,0,9,0.0,0.0,0.0,1.5
104653,롯데)허쉬쿠키앤크림화이트40g,과자>초콜릿>판초콜릿,과자,초콜릿,판초콜릿,교환권,8,8,9.0,7,0,0,1,0,0,2025-04-01,2025-04-28,2000.0,0,1,9,0.0,14.2857,0.0,1.125
107480,PB)옥지의매운떡볶이~!(지옥맛),냉장>냉장간편식>냉장떡볶이,냉장,냉장간편식,냉장떡볶이,당일픽업,11,9,9.0,7,0,0,2,2,0,2025-04-06,2025-04-29,3000.0,0,0,9,0.0,28.5714,0.0,1.0
161615,샘표)질러갈릭바베큐육포30g,안주>육포>육포,안주,육포,육포,당일픽업,7,3,9.0,6,1,0,0,0,0,2025-04-02,2025-04-16,4900.0,1,0,9,16.6667,0.0,16.6667,3.0
160907,웅진)자연은토마토1ㆍ5L,음료>주스>주스(대),음료,주스,주스(대),당일픽업,7,4,9.0,6,1,0,0,0,0,2025-04-13,2025-04-21,4900.0,1,0,9,16.6667,0.0,16.6667,2.25
124216,동국)마데카스페셜패치30매_H,약품/의료품>의약외품>의약외품,약품/의료품,의약외품,의약외품,당일픽업,9,6,9.0,9,0,0,0,0,0,2025-04-06,2025-04-27,4500.0,0,0,9,0.0,0.0,0.0,1.5
162356,케이)칸한우수제육포30g,안주>육포>육포,안주,육포,육포,당일픽업,7,5,9.0,6,1,0,0,0,0,2025-04-02,2025-04-30,4500.0,1,0,9,16.6667,0.0,16.6667,1.8
123792,오뚜기)순후추팝콘50g,과자>스낵류>옥수수스낵,과자,스낵류,옥수수스낵,교환권,6,3,9.0,4,1,0,1,0,0,2025-04-03,2025-04-22,1800.0,1,1,9,25.0,25.0,25.0,3.0
105450,동원)아이스티(애플)500ml,음료>차음료>홍차,음료,차음료,홍차,당일픽업,8,6,9.0,5,1,1,1,0,0,2025-04-03,2025-04-30,2500.0,0,1,9,20.0,20.0,0.0,1.5
202640,오츠카)나랑드사이다그린애플245,음료>탄산음료>제로탄산,음료,탄산음료,제로탄산,당일픽업,7,4,9.0,4,2,1,0,0,0,2025-04-03,2025-04-19,1500.0,1,0,9,50.0,0.0,25.0,2.25
220614,CJ)큰햇반300g,가공식품>가공미반류>즉석밥,가공식품,가공미반류,즉석밥,교환권,9,9,9.0,9,0,0,0,0,0,2025-04-02,2025-04-30,2900.0,0,0,9,0.0,0.0,0.0,1.0
106732,PB)오늘도쫄깃베이글플레인115g,간식>냉장간식>냉장간식,간식,냉장간식,냉장간식,교환권,8,7,9.0,7,0,0,1,0,0,2025-04-01,2025-04-25,2900.0,0,1,9,0.0,14.2857,0.0,1.2857
180951,전주이강주19도375ml*4입,전통주>기타전통주>기타,전통주,기타전통주,기타,사전예약,9,7,9.0,9,0,0,0,0,0,2025-04-01,2025-04-28,23200.0,0,0,9,0.0,0.0,0.0,1.2857
372230,롯알)환경을생각하는종이컵10입,가정용품>행락용품>종이컵,가정용품,행락용품,종이컵,당일픽업,7,6,9.0,6,1,0,0,0,0,2025-04-06,2025-04-23,850.0,1,0,9,16.6667,0.0,16.6667,1.5
062565,오리온)닥터유단백질바나나250ml,유음료>프로틴 음료>250ml 이상 ,유음료,프로틴 음료,250ml 이상 ,당일픽업,7,6,9.0,5,0,0,2,0,0,2025-04-04,2025-04-24,2900.0,0,2,9,0.0,40.0,0.0,1.5
123375,크레스만 모노폴 레드,양주와인>와인>화이트,양주와인,와인,화이트,사전예약,8,7,9.0,7,0,0,1,0,0,2025-04-01,2025-04-29,28900.0,0,1,9,0.0,14.2857,0.0,1.2857
120912,이디야)비니스트오리지널10입,건강/기호식품>커피>원두커피,건강/기호식품,커피,원두커피,당일픽업,9,4,9.0,7,1,1,0,0,0,2025-04-04,2025-04-25,2700.0,0,0,9,14.2857,0.0,0.0,2.25
106750,PB)피카츄콜라맛젤리40g,과자>젤리류>국산젤리,과자,젤리류,국산젤리,당일픽업,7,5,9.0,6,1,0,0,0,0,2025-04-03,2025-04-30,1500.0,1,0,9,16.6667,0.0,16.6667,1.8
108616,팜스)세척당근2입,신선>야채>센터채소,신선,야채,센터채소,당일픽업,7,3,9.0,6,1,0,0,0,0,2025-04-02,2025-04-24,2500.0,1,0,9,16.6667,0.0,16.6667,3.0
109509,메디카)뷰티글루콜라겐부스터샷25ml,건강/기호식품>건강/이너뷰티>이너뷰티,건강/기호식품,건강/이너뷰티,이너뷰티,당일픽업,7,4,9.0,6,1,0,0,0,0,2025-04-03,2025-04-20,4500.0,1,0,9,16.6667,0.0,16.6667,2.25
122507,네슬)스타벅스미디엄로스트10T,건강/기호식품>커피>원두커피,건강/기호식품,커피,원두커피,교환권,7,6,9.0,6,1,0,0,0,0,2025-04-01,2025-04-23,5500.0,1,0,9,16.6667,0.0,16.6667,1.5
220014,CJ)스팸클래식200g,가공식품>캔>육가공캔,가공식품,캔,육가공캔,교환권,7,4,9.0,4,2,1,0,0,0,2025-04-07,2025-04-15,6900.0,1,0,9,50.0,0.0,25.0,2.25
109972,리베라까버네쇼비뇽750ml(6입),양주와인>와인>레드,양주와인,와인,레드,사전예약,10,7,9.0,8,0,0,1,1,0,2025-04-01,2025-04-16,59400.0,0,0,9,0.0,12.5,0.0,1.2857
123677,바이엔슈테판 크리스탈(12입),맥주>수입맥주>병맥주,맥주,수입맥주,병맥주,사전예약,8,8,9.0,7,0,0,1,0,0,2025-04-01,2025-04-20,55680.0,0,1,9,0.0,14.2857,0.0,1.125
109722,칭따오330ml24입,맥주>수입맥주>캔맥주(중),맥주,수입맥주,캔맥주(중),사전예약,9,7,9.0,9,0,0,0,0,0,2025-04-02,2025-04-29,40000.0,0,0,9,0.0,0.0,0.0,1.2857
124615,제주동백14도375ml(2입),전통주>기타전통주>기타,전통주,기타전통주,기타,사전예약,10,10,9.0,8,0,1,1,0,0,2025-04-01,2025-04-29,20000.0,-1,1,9,0.0,12.5,-12.5,0.9
105684,산토리)메이커스마크750ml,양주와인>양주>위스키,양주와인,양주,위스키,당일픽업,8,4,9.0,7,0,0,1,0,0,2025-04-02,2025-04-29,71300.0,0,1,9,0.0,14.2857,0.0,2.25
107138,PB)제로곤약젤리사과140ml,디저트>젤리>마시는젤리,디저트,젤리,마시는젤리,교환권,6,5,9.0,4,1,0,1,0,0,2025-04-05,2025-04-27,1600.0,1,1,9,25.0,25.0,25.0,1.8
108798,취영루)담백물만두165g,냉동>냉동만두>트레이만두,냉동,냉동만두,트레이만두,당일픽업,7,4,9.0,6,1,0,0,0,0,2025-04-09,2025-04-15,4500.0,1,0,9,16.6667,0.0,16.6667,2.25
401704,아에르KF94마스크M(흰색)_H,약품/의료품>의약외품>마스크,약품/의료품,의약외품,마스크,당일픽업,5,1,9.0,3,2,0,0,0,0,2025-04-25,2025-04-25,2000.0,2,0,9,66.6667,0.0,66.6667,9.0
060726,서울)목장딸기요구르트225ml,유음료>요구르트>기능성요구르트,유음료,요구르트,기능성요구르트,당일픽업,10,9,9.0,8,0,0,1,1,0,2025-04-03,2025-04-28,2700.0,0,0,9,0.0,12.5,0.0,1.0
107308,LG)쏘피유기농중형4P,위생용품>생리대>4P,위생용품,생리대,4P,당일픽업,9,3,9.0,7,1,1,0,0,0,2025-04-10,2025-04-21,3100.0,0,0,9,14.2857,0.0,0.0,3.0
191130,장성)원글라스산지오베제100ml,양주와인>와인>레드,양주와인,와인,레드,당일픽업,10,6,9.0,8,0,0,1,1,0,2025-04-02,2025-04-30,5000.0,0,0,9,0.0,12.5,0.0,1.5
202210,코카)스프라이트355ml,음료>탄산음료>사이다(소),음료,탄산음료,사이다(소),당일픽업,5,3,9.0,3,2,0,0,0,0,2025-04-09,2025-04-22,1900.0,2,0,9,66.6667,0.0,66.6667,3.0
109893,하쿠시카 도쿠베츠 혼죠조 야마다니시끼,전통주>기타전통주>중국/일본주,전통주,기타전통주,중국/일본주,사전예약,9,4,9.0,9,0,0,0,0,0,2025-04-02,2025-04-15,27000.0,0,0,9,0.0,0.0,0.0,2.25
600838,롯데)꼬깔콘고소한맛(대용량)134,과자>스낵류>옥수수스낵,과자,스낵류,옥수수스낵,당일픽업,7,5,9.0,6,1,0,0,0,0,2025-04-08,2025-04-30,3400.0,1,0,9,16.6667,0.0,16.6667,1.8
124573,동학195713도375ml(3입),전통주>기타전통주>기타,전통주,기타전통주,기타,사전예약,7,4,9.0,5,0,0,2,0,0,2025-04-04,2025-04-10,13500.0,0,2,9,0.0,40.0,0.0,2.25
212047,하겐)컵피스타치오앤크림100ml,아이스크림>고급>컵,아이스크림,고급,컵,당일픽업,9,6,9.0,7,1,1,0,0,0,2025-04-03,2025-04-26,6900.0,0,0,9,14.2857,0.0,0.0,1.5
108721,일신)클래식쌀쿠키300g,과자>스낵류>전통스낵,과자,스낵류,전통스낵,당일픽업,7,3,9.0,6,1,0,0,0,0,2025-04-03,2025-04-30,5900.0,1,0,9,16.6667,0.0,16.6667,3.0
202723,광동)진한헛개차500ml,음료>차음료>홍차,음료,차음료,홍차,당일픽업,7,4,9.0,3,1,0,2,1,0,2025-04-04,2025-04-28,2500.0,1,1,9,33.3333,66.6667,33.3333,2.25
600873,삼경)코로로샤인머스켓48g,과자>젤리류>수입젤리,과자,젤리류,수입젤리,당일픽업,5,3,9.0,3,2,0,0,0,0,2025-04-08,2025-04-21,2500.0,2,0,9,66.6667,0.0,66.6667,3.0
600909,MZ)호올스라임27.9g,과자>캔디류>기능성캔디,과자,캔디류,기능성캔디,당일픽업,9,4,9.0,7,1,1,0,0,0,2025-04-14,2025-04-30,1200.0,0,0,9,14.2857,0.0,0.0,2.25
150257,나뚜루)딸기파인트,아이스크림>고급>파인트,아이스크림,고급,파인트,당일픽업,9,4,9.0,7,1,1,0,0,0,2025-04-10,2025-04-19,15900.0,0,0,9,14.2857,0.0,0.0,2.25
113593,사가모어 라이 더블오크700ml,양주와인>양주>위스키,양주와인,양주,위스키,사전예약,9,7,9.0,9,0,0,0,0,0,2025-04-02,2025-04-29,139000.0,0,0,9,0.0,0.0,0.0,1.2857
124786,천하)구카누가필링크래커100g,과자>비스킷류>크래커,과자,비스킷류,크래커,당일픽업,5,2,9.0,3,2,0,0,0,0,2025-04-15,2025-04-28,2500.0,2,0,9,66.6667,0.0,66.6667,4.5
162268,코주부)치즈육포50g,안주>육포>육포,안주,육포,육포,교환권,7,4,9.0,3,1,1,2,0,0,2025-04-04,2025-04-14,3500.0,0,2,9,33.3333,66.6667,0.0,2.25
161859,홍선)일품통육포40g,안주>육포>육포,안주,육포,육포,당일픽업,9,6,9.0,7,1,1,0,0,0,2025-04-09,2025-04-28,3500.0,0,0,9,14.2857,0.0,0.0,1.5
116653,MZ)홀스xs 레몬민트,과자>캔디류>기능성캔디,과자,캔디류,기능성캔디,당일픽업,6,5,9.0,4,1,0,1,0,0,2025-04-01,2025-04-24,1800.0,1,1,9,25.0,25.0,25.0,1.8
105784,하이트)써머스비망고라임500ml캔,양주와인>리쿼>리쿼,양주와인,리쿼,리쿼,당일픽업,9,6,9.0,7,1,1,0,0,0,2025-04-01,2025-04-27,4500.0,0,0,9,14.2857,0.0,0.0,1.5
202150,동서)콜롬비아나마스터블랙500ml,음료>커피음료>PET커피,음료,커피음료,PET커피,당일픽업,8,5,9.0,7,0,0,1,0,0,2025-04-01,2025-04-22,2900.0,0,1,9,0.0,14.2857,0.0,1.8
119910,롯데)마가렛트8입176g,과자>비스킷류>쿠키,과자,비스킷류,쿠키,교환권,6,3,9.0,4,1,0,1,0,0,2025-04-01,2025-04-16,3400.0,1,1,9,25.0,25.0,25.0,3.0
053062,우리밀핫도그,즉석 식품>즉석치킨>꼬치류,즉석 식품,즉석치킨,꼬치류,당일픽업,7,6,9.0,6,1,0,0,0,0,2025-04-06,2025-04-14,2200.0,1,0,9,16.6667,0.0,16.6667,1.5
450231,마즈)시져쇠고기와닭고기100G_H,일용잡화>반려동물용품>반려견,일용잡화,반려동물용품,반려견,당일픽업,7,3,9.0,4,2,1,0,0,0,2025-04-02,2025-04-25,2500.0,1,0,9,50.0,0.0,25.0,3.0
124286,해태)팥붕슈붕젤리60g,과자>젤리류>국산젤리,과자,젤리류,국산젤리,교환권,8,4,8.0,8,0,0,0,0,0,2025-04-01,2025-04-15,1500.0,0,0,8,0.0,0.0,0.0,2.0
123798,1키키쿼카)봉제자석스마트톡,과자>캔디류>행사상품,과자,캔디류,행사상품,당일픽업,6,5,8.0,5,1,0,0,0,0,2025-04-01,2025-04-27,23300.0,1,0,8,20.0,0.0,20.0,1.6
210610,삼양)볶음간짬뽕큰컵,면>용기면>비빔/볶음면,면,용기면,비빔/볶음면,교환권,4,3,8.0,1,1,0,2,0,0,2025-04-05,2025-04-25,1600.0,1,2,8,100.0,200.0,100.0,2.6667
191965,아멜리에 샤를스파 리베르테,양주와인>와인>화이트,양주와인,와인,화이트,사전예약,8,8,8.0,8,0,0,0,0,0,2025-04-09,2025-04-30,89900.0,0,0,8,0.0,0.0,0.0,1.0
106722,마즈)스니커즈피넛70g,과자>초콜릿>바초콜릿,과자,초콜릿,바초콜릿,교환권,6,4,8.0,5,1,0,0,0,0,2025-04-06,2025-04-15,2200.0,1,0,8,20.0,0.0,20.0,2.0
401758,쉬즈)사가미오리지널2입(0.02mm)_H,약품/의료품>의약외품>일반콘돔,약품/의료품,의약외품,일반콘돔,당일픽업,5,3,8.0,3,1,0,1,0,0,2025-04-07,2025-04-30,8400.0,1,1,8,33.3333,33.3333,33.3333,2.6667
091971,돌코리아)후룻바틀황도666g,신선>과일>가공과일,신선,과일,가공과일,당일픽업,6,4,8.0,5,1,0,0,0,0,2025-04-01,2025-04-27,9000.0,1,0,8,20.0,0.0,20.0,2.0
106028,해태)가루비감자칩55g,과자>스낵류>감자스낵,과자,스낵류,감자스낵,당일픽업,7,7,8.0,6,0,0,1,0,0,2025-04-02,2025-04-29,1700.0,0,1,8,0.0,16.6667,0.0,1.1429
109889,핫카이산 세이슈,전통주>기타전통주>중국/일본주,전통주,기타전통주,중국/일본주,사전예약,8,8,8.0,8,0,0,0,0,0,2025-04-02,2025-04-30,28500.0,0,0,8,0.0,0.0,0.0,1.0
410364,맨담)갸스비수퍼하드스프레이180_H,미용/화장품>헤어스타일링>스프레이,미용/화장품,헤어스타일링,스프레이,당일픽업,6,3,8.0,5,1,0,0,0,0,2025-04-02,2025-04-25,9000.0,1,0,8,20.0,0.0,20.0,2.6667
141595,CJ)햇반현미쌀밥210g,가공식품>가공미반류>즉석밥,가공식품,가공미반류,즉석밥,당일픽업,7,5,8.0,4,1,1,1,0,0,2025-04-01,2025-04-25,2800.0,0,1,8,25.0,25.0,0.0,1.6
105300,대호)Big청포도에이드320ml,즉석음료>파우치>아이스티,즉석음료,파우치,아이스티,당일픽업,5,3,8.0,3,1,0,1,0,0,2025-04-07,2025-04-28,1300.0,1,1,8,33.3333,33.3333,33.3333,2.6667
190838,롯데)L와인까버네쇼비뇽750ml,양주와인>와인>레드,양주와인,와인,레드,당일픽업,8,7,8.0,8,0,0,0,0,0,2025-04-07,2025-04-29,7900.0,0,0,8,0.0,0.0,0.0,1.1429
123977,남부비진 긴죠,전통주>기타전통주>청주,전통주,기타전통주,청주,사전예약,9,8,8.0,7,0,0,1,1,0,2025-04-08,2025-04-22,35000.0,0,0,8,0.0,14.2857,0.0,1.0
073501,동원)황금치킨닭가슴살오리지널,냉장>냉장간식>냉장 프로틴,냉장,냉장간식,냉장 프로틴,당일픽업,9,8,8.0,7,0,0,1,1,0,2025-04-03,2025-04-20,4500.0,0,0,8,0.0,14.2857,0.0,1.0
109919,세익크리드그랑리져브(6입),양주와인>와인>레드,양주와인,와인,레드,사전예약,7,6,8.0,6,0,0,1,0,0,2025-04-08,2025-04-25,77400.0,0,1,8,0.0,16.6667,0.0,1.3333
150924,디핀)구슬 레인보우,아이스크림>고급>구슬아이스,아이스크림,고급,구슬아이스,당일픽업,7,5,8.0,4,1,1,1,0,0,2025-04-01,2025-04-30,3200.0,0,1,8,25.0,25.0,0.0,1.6
162359,CJ)맛군밤60g,안주>농산안주>농산물,안주,농산안주,농산물,당일픽업,6,4,8.0,2,1,0,2,1,0,2025-04-07,2025-04-29,3900.0,1,1,8,50.0,100.0,50.0,2.0
140968,CJ)철판제육덮밥(컵반),가공식품>가공미반류>즉석컵밥,가공식품,가공미반류,즉석컵밥,당일픽업,6,5,8.0,5,1,0,0,0,0,2025-04-03,2025-04-23,4800.0,1,0,8,20.0,0.0,20.0,1.6
202308,OKF)샤인머스켓500ml,음료>주스>주스(중),음료,주스,주스(중),당일픽업,5,3,8.0,3,1,0,1,0,0,2025-04-16,2025-04-30,2500.0,1,1,8,33.3333,33.3333,33.3333,2.6667
153100,CJ)진한참기름160ml,조미료/건물>식용유지>참기름,조미료/건물,식용유지,참기름,당일픽업,6,3,8.0,5,1,0,0,0,0,2025-04-01,2025-04-20,8300.0,1,0,8,20.0,0.0,20.0,2.6667
360717,PB)도루코터치3일회용면도기_H,H&B>면도용품>일회용면도기,H&B,면도용품,일회용면도기,교환권,8,6,8.0,8,0,0,0,0,0,2025-04-03,2025-04-19,1200.0,0,0,8,0.0,0.0,0.0,1.3333
109758,미성)허쉬크리미밀크초콜릿50g,과자>초콜릿>볼초콜릿,과자,초콜릿,볼초콜릿,당일픽업,8,5,8.0,6,1,1,0,0,0,2025-04-04,2025-04-24,5000.0,0,0,8,16.6667,0.0,0.0,1.6
391039,깨끗한)건강한순수한면대형14P,위생용품>생리대>대형,위생용품,생리대,대형,당일픽업,9,5,8.0,7,0,0,1,1,0,2025-04-19,2025-04-30,8900.0,0,0,8,0.0,14.2857,0.0,1.6
073176,에프투)들깨수제비188g,냉장>냉장간편식>냉장면,냉장,냉장간편식,냉장면,당일픽업,5,3,8.0,3,1,0,1,0,0,2025-04-02,2025-04-29,3900.0,1,1,8,33.3333,33.3333,33.3333,2.6667
123234,하이네켄500ml캔(24입),맥주>수입맥주>캔맥주(중),맥주,수입맥주,캔맥주(중),사전예약,7,3,8.0,4,1,0,1,1,0,2025-04-01,2025-04-12,61900.0,1,0,8,25.0,25.0,25.0,2.6667
133735,종가집)맛김치200g,냉장>냉장간편식>김치/단무지,냉장,냉장간편식,김치/단무지,당일픽업,10,7,8.0,6,0,0,2,2,0,2025-04-01,2025-04-20,3700.0,0,0,8,0.0,33.3333,0.0,1.1429
109999,팔리니 리몬첼로 1L,양주와인>리쿼>리쿼,양주와인,리쿼,리쿼,사전예약,7,6,8.0,6,0,0,1,0,0,2025-04-01,2025-04-30,44500.0,0,1,8,0.0,16.6667,0.0,1.3333
124691,PB)아메리카노리얼블랙1.5L,즉석음료>파우치>아이스커피,즉석음료,파우치,아이스커피,당일픽업,5,4,8.0,3,1,0,1,0,0,2025-04-09,2025-04-24,4600.0,1,1,8,33.3333,33.3333,33.3333,2.0
106944,테라톤)65W초고속충전기_H,일용잡화>휴대폰/주변기기>스마트폰 액세서리,일용잡화,휴대폰/주변기기,스마트폰 액세서리,당일픽업,6,3,8.0,5,1,0,0,0,0,2025-04-03,2025-04-30,34900.0,1,0,8,20.0,0.0,20.0,2.6667
073330,에프투)들깨떡국219g,냉장>냉장간편식>냉장면,냉장,냉장간편식,냉장면,당일픽업,6,4,8.0,5,1,0,0,0,0,2025-04-23,2025-04-28,3900.0,1,0,8,20.0,0.0,20.0,2.0
132702,농심)카구리큰사발,면>용기면>라면(대형컵),면,용기면,라면(대형컵),교환권,6,4,8.0,5,1,0,0,0,0,2025-04-01,2025-04-18,1800.0,1,0,8,20.0,0.0,20.0,2.0
123316,PB)땅콩버터오징어50g,안주>오징어>오징어,안주,오징어,오징어,교환권,6,5,8.0,5,1,0,0,0,0,2025-04-01,2025-04-28,7200.0,1,0,8,20.0,0.0,20.0,1.6
113642,옐로우로즈 라이750ml,양주와인>양주>위스키,양주와인,양주,위스키,사전예약,8,8,8.0,8,0,0,0,0,0,2025-04-01,2025-04-24,89000.0,0,0,8,0.0,0.0,0.0,1.0
180260,한국술)인천생소성주750ml,전통주>막걸리>생막걸리,전통주,막걸리,생막걸리,당일픽업,8,5,8.0,8,0,0,0,0,0,2025-04-11,2025-04-30,1500.0,0,0,8,0.0,0.0,0.0,1.6
062186,덴마크)인포켓치즈트러플20g,유음료>유제품>치즈,유음료,유제품,치즈,당일픽업,8,2,8.0,8,0,0,0,0,0,2025-04-07,2025-04-27,1700.0,0,0,8,0.0,0.0,0.0,4.0
202522,동원)테이크얼라이브샤인머스켓,음료>주스>주스(중),음료,주스,주스(중),당일픽업,12,10,8.0,10,0,2,0,0,0,2025-04-01,2025-04-30,2500.0,-2,0,8,0.0,0.0,-20.0,0.8
107802,K리그산리오)인형 키링_위시미멜,문구/완구>일반완구>일반완구,문구/완구,일반완구,일반완구,당일픽업,6,5,8.0,4,0,0,2,0,0,2025-04-02,2025-04-27,15000.0,0,2,8,0.0,50.0,0.0,1.6
600832,미스티)마이키링(원피스)10g,과자>캔디류>토이캔디,과자,캔디류,토이캔디,당일픽업,8,7,8.0,8,0,0,0,0,0,2025-04-04,2025-04-29,3000.0,0,0,8,0.0,0.0,0.0,1.1429
361135,PB)미세모치약칫솔세트_H,H&B>칫솔치약세트>칫솔치약세트,H&B,칫솔치약세트,칫솔치약세트,당일픽업,8,7,8.0,8,0,0,0,0,0,2025-04-08,2025-04-30,3800.0,0,0,8,0.0,0.0,0.0,1.1429
073611,고래사)프로틴바(랍스터)80g,냉장>냉장간식>냉장 프로틴,냉장,냉장간식,냉장 프로틴,당일픽업,7,6,8.0,6,0,0,1,0,0,2025-04-03,2025-04-18,3300.0,0,1,8,0.0,16.6667,0.0,1.3333
152420,삼양)불닭소스200g,조미료/건물>소스류>드레싱/디핑소스,조미료/건물,소스류,드레싱/디핑소스,교환권,6,4,8.0,5,1,0,0,0,0,2025-04-02,2025-04-30,5000.0,1,0,8,20.0,0.0,20.0,2.0
073261,고래사)통새우말이어묵90g,냉장>냉장간식>소형바,냉장,냉장간식,소형바,당일픽업,11,6,8.0,3,1,1,3,3,0,2025-04-06,2025-04-27,3800.0,0,0,8,33.3333,100.0,0.0,1.3333
181048,몽지람크리스탈550ml,전통주>기타전통주>청주,전통주,기타전통주,청주,사전예약,8,8,8.0,8,0,0,0,0,0,2025-04-02,2025-04-24,329000.0,0,0,8,0.0,0.0,0.0,1.0
133721,대상)순창양념듬뿍쌈장200g,조미료/건물>장류>장,조미료/건물,장류,장,당일픽업,5,3,8.0,3,1,0,1,0,0,2025-04-02,2025-04-21,2550.0,1,1,8,33.3333,33.3333,33.3333,2.6667
141726,휴드)세븐틴매콤달콤떡볶이,가공식품>가공미반류>쌀가공식,가공식품,가공미반류,쌀가공식,당일픽업,8,8,8.0,8,0,0,0,0,0,2025-04-01,2025-04-29,3900.0,0,0,8,0.0,0.0,0.0,1.0
115578,골든블루 사피루스,양주와인>양주>위스키,양주와인,양주,위스키,사전예약,8,8,8.0,8,0,0,0,0,0,2025-04-08,2025-04-28,39000.0,0,0,8,0.0,0.0,0.0,1.0
120900,남양)프렌치카페프리미엄20입,건강/기호식품>커피>믹스커피,건강/기호식품,커피,믹스커피,당일픽업,8,2,8.0,4,2,2,0,0,0,2025-04-08,2025-04-08,5400.0,0,0,8,50.0,0.0,0.0,4.0
117263,하리보)애플후프사우어80g,과자>젤리류>수입젤리,과자,젤리류,수입젤리,당일픽업,9,8,8.0,7,0,1,1,0,0,2025-04-03,2025-04-30,2500.0,-1,1,8,0.0,14.2857,-14.2857,1.0
117133,훼밀리)골든카레중간맛230g,가공식품>상온간편식>레토르트 소스/분말,가공식품,상온간편식,레토르트 소스/분말,교환권,6,4,8.0,5,1,0,0,0,0,2025-04-05,2025-04-24,4800.0,1,0,8,20.0,0.0,20.0,2.0
390753,깨끗한)콤팩트여행용티슈50매,위생용품>티슈>여행용티슈,위생용품,티슈,여행용티슈,당일픽업,8,6,8.0,6,1,1,0,0,0,2025-04-01,2025-04-13,1000.0,0,0,8,16.6667,0.0,0.0,1.3333
390940,유한)좋은느낌좋은순면울날대16P,위생용품>생리대>대형,위생용품,생리대,대형,당일픽업,6,4,8.0,5,1,0,0,0,0,2025-04-09,2025-04-27,10400.0,1,0,8,20.0,0.0,20.0,2.0
153093,대상)순창초고추장300g(튜브),조미료/건물>장류>장,조미료/건물,장류,장,당일픽업,6,3,8.0,3,2,1,0,0,0,2025-04-05,2025-04-20,3400.0,1,0,8,66.6667,0.0,33.3333,2.6667
124432,피치)슬라이스구미80g,과자>젤리류>국산젤리,과자,젤리류,국산젤리,당일픽업,5,4,8.0,3,1,0,1,0,0,2025-04-05,2025-04-29,2000.0,1,1,8,33.3333,33.3333,33.3333,2.0
061535,덴마크)얼라이브스위티자몽250ml,유음료>냉장주스>유산균음료,유음료,냉장주스,유산균음료,교환권,8,5,8.0,6,1,1,0,0,0,2025-04-04,2025-04-30,1700.0,0,0,8,16.6667,0.0,0.0,1.6
141489,동원)고등어캔300g,가공식품>캔>수산캔,가공식품,캔,수산캔,당일픽업,4,2,8.0,2,2,0,0,0,0,2025-04-11,2025-04-14,3500.0,2,0,8,100.0,0.0,100.0,4.0
123938,펜폴즈 쿠능가 힐 샤르도네,양주와인>와인>화이트,양주와인,와인,화이트,사전예약,8,8,8.0,8,0,0,0,0,0,2025-04-05,2025-04-28,30000.0,0,0,8,0.0,0.0,0.0,1.0
191297,리커)제네시스까베네쇼비뇽750ml,양주와인>와인>레드,양주와인,와인,레드,당일픽업,8,5,8.0,8,0,0,0,0,0,2025-04-04,2025-04-27,14500.0,0,0,8,0.0,0.0,0.0,1.6
160965,칠성)제주감귤500ml,음료>주스>주스(중),음료,주스,주스(중),당일픽업,4,2,8.0,2,2,0,0,0,0,2025-04-10,2025-04-26,2000.0,2,0,8,100.0,0.0,100.0,4.0
191888,디카이퍼 민트 화이트700ml,양주와인>리쿼>리쿼,양주와인,리쿼,리쿼,사전예약,7,6,8.0,6,0,0,1,0,0,2025-04-05,2025-04-28,26200.0,0,1,8,0.0,16.6667,0.0,1.3333
162307,바프)군옥수수맛땅콩앤콘프라이,안주>너트류>봉지너트,안주,너트류,봉지너트,당일픽업,7,6,8.0,6,0,0,1,0,0,2025-04-07,2025-04-16,3900.0,0,1,8,0.0,16.6667,0.0,1.3333
124593,솔직25도375ml,전통주>기타전통주>기타,전통주,기타전통주,기타,사전예약,6,4,8.0,5,1,0,0,0,0,2025-04-04,2025-04-21,20000.0,1,0,8,20.0,0.0,20.0,2.0
110373,머거본)꿀땅콩135g,안주>너트류>캔너트,안주,너트류,캔너트,당일픽업,8,4,8.0,3,1,1,2,1,0,2025-04-06,2025-04-27,3900.0,0,1,8,33.3333,66.6667,0.0,2.0
601520,에이트투)터녹스티케이크,과자>초콜릿>행사상품,과자,초콜릿,행사상품,당일픽업,7,3,8.0,4,1,1,1,0,0,2025-04-03,2025-04-29,6000.0,0,1,8,25.0,25.0,0.0,2.6667
123238,타이거라들러500ml캔(24입),맥주>수입맥주>캔맥주(중),맥주,수입맥주,캔맥주(중),사전예약,9,8,8.0,7,0,0,1,1,0,2025-04-02,2025-04-25,55500.0,0,0,8,0.0,14.2857,0.0,1.0
108997,티머니)카카오카드(투명)_어피치,서비스 상품>일반서비스>교통카드판매,서비스 상품,일반서비스,교통카드판매,당일픽업,8,3,8.0,6,1,1,0,0,0,2025-04-21,2025-04-27,5000.0,0,0,8,16.6667,0.0,0.0,2.6667
124612,선운산 복분자주16도375ml(4입),전통주>기타전통주>기타,전통주,기타전통주,기타,사전예약,7,5,8.0,6,0,0,1,0,0,2025-04-01,2025-04-28,33200.0,0,1,8,0.0,16.6667,0.0,1.6
105478,서주)허쉬토피넛앤초코바90ml,아이스크림>노벨티>바,아이스크림,노벨티,바,당일픽업,5,4,8.0,3,1,0,1,0,0,2025-04-10,2025-04-25,3000.0,1,1,8,33.3333,33.3333,33.3333,2.0
123494,우븐 슈퍼블렌드 500ml,양주와인>양주>위스키,양주와인,양주,위스키,사전예약,8,8,8.0,8,0,0,0,0,0,2025-04-01,2025-04-29,79900.0,0,0,8,0.0,0.0,0.0,1.0
162273,써라클)빼빼롱오징어다리,안주>오징어>오징어,안주,오징어,오징어,당일픽업,7,2,8.0,2,2,1,1,1,0,2025-04-15,2025-04-26,6000.0,1,0,8,100.0,50.0,50.0,4.0
170897,칭따오논알콜레몬330ml24입,맥주>수입맥주>캔맥주(소),맥주,수입맥주,캔맥주(소),사전예약,8,7,8.0,8,0,0,0,0,0,2025-04-08,2025-04-22,24000.0,0,0,8,0.0,0.0,0.0,1.1429
162405,아라)바프허니버터오징어튀김100,안주>스낵안주>일반스낵,안주,스낵안주,일반스낵,당일픽업,8,4,8.0,5,0,0,2,1,0,2025-04-12,2025-04-26,11900.0,0,1,8,0.0,40.0,0.0,2.0
108517,하이포크)한돈뽈항정300g,냉동>신선냉동>냉동축산,냉동,신선냉동,냉동축산,당일픽업,6,3,8.0,5,1,0,0,0,0,2025-04-22,2025-04-30,8900.0,1,0,8,20.0,0.0,20.0,2.6667
123468,크레스만 그랑 리저브 생떼밀리옹,양주와인>와인>레드,양주와인,와인,레드,사전예약,7,6,8.0,6,0,0,1,0,0,2025-04-03,2025-04-25,36900.0,0,1,8,0.0,16.6667,0.0,1.3333
070213,칠성)콜드오렌지250ml,유음료>냉장주스>냉장주스(소),유음료,냉장주스,냉장주스(소),당일픽업,5,4,8.0,3,1,0,1,0,0,2025-04-12,2025-04-30,1600.0,1,1,8,33.3333,33.3333,33.3333,2.0
118205,삼양)사또밥67g,과자>스낵류>옥수수스낵,과자,스낵류,옥수수스낵,당일픽업,8,8,8.0,8,0,0,0,0,0,2025-04-06,2025-04-25,1500.0,0,0,8,0.0,0.0,0.0,1.0
202516,칠성)더하다옥수수수염차500ml,음료>차음료>옥수수차,음료,차음료,옥수수차,당일픽업,7,2,8.0,4,1,0,1,1,0,2025-04-02,2025-04-20,2000.0,1,0,8,25.0,25.0,25.0,4.0
062040,빙그레)쥬시쿨자두450ml,유음료>냉장주스>유산균음료,유음료,냉장주스,유산균음료,당일픽업,4,2,8.0,2,2,0,0,0,0,2025-04-23,2025-04-23,1000.0,2,0,8,100.0,0.0,100.0,4.0
107778,K리그산리오)인형_위시미멜,문구/완구>일반완구>일반완구,문구/완구,일반완구,일반완구,당일픽업,5,4,8.0,2,0,0,3,0,0,2025-04-02,2025-04-24,25000.0,0,3,8,0.0,150.0,0.0,2.0
600910,MZ)호올스아이스블루27.9g,과자>캔디류>기능성캔디,과자,캔디류,기능성캔디,당일픽업,11,8,8.0,6,1,3,1,0,0,2025-04-02,2025-04-28,1200.0,-2,1,8,16.6667,16.6667,-33.3333,1.0
073418,PB)육즙가득비프함박150g,냉장>냉장간편식>반찬/국탕류,냉장,냉장간편식,반찬/국탕류,당일픽업,6,3,8.0,5,1,0,0,0,0,2025-04-22,2025-04-27,3900.0,1,0,8,20.0,0.0,20.0,2.6667
402012,이브리얼003콘돔(3입)_H,약품/의료품>의약외품>일반콘돔,약품/의료품,의약외품,일반콘돔,당일픽업,6,2,8.0,5,1,0,0,0,0,2025-04-10,2025-04-12,5500.0,1,0,8,20.0,0.0,20.0,4.0
109138,이너)유얼거트블루베리요거트190ml,유음료>요구르트>드링킹요구르트,유음료,요구르트,드링킹요구르트,당일픽업,5,4,8.0,3,1,0,1,0,0,2025-04-01,2025-04-30,2900.0,1,1,8,33.3333,33.3333,33.3333,2.0
201675,웅진)하늘보리325ml,음료>차음료>보리차,음료,차음료,보리차,당일픽업,5,4,8.0,3,1,0,1,0,0,2025-04-02,2025-04-16,1700.0,1,1,8,33.3333,33.3333,33.3333,2.0
117755,해태)포키오리지날46g,과자>비스킷류>스틱과자,과자,비스킷류,스틱과자,교환권,6,4,8.0,2,1,1,2,0,0,2025-04-01,2025-04-28,1900.0,0,2,8,50.0,100.0,0.0,2.0
413677,포유)굿민C타입일체형충전기_H,일용잡화>휴대폰/주변기기>스마트폰 액세서리,일용잡화,휴대폰/주변기기,스마트폰 액세서리,당일픽업,6,3,8.0,5,1,0,0,0,0,2025-04-02,2025-04-25,9000.0,1,0,8,20.0,0.0,20.0,2.6667
382472,비비안)파인애플팬티스타킹_H,패션잡화>스타킹>팬티스타킹,패션잡화,스타킹,팬티스타킹,당일픽업,6,2,8.0,5,1,0,0,0,0,2025-04-11,2025-04-30,7900.0,1,0,8,20.0,0.0,20.0,4.0
600313,해태)홈런볼128g,과자>비스킷류>쿠키,과자,비스킷류,쿠키,당일픽업,5,3,8.0,3,1,0,1,0,0,2025-04-05,2025-04-16,5000.0,1,1,8,33.3333,33.3333,33.3333,2.6667
202639,오츠카)나랑드사이다(파인)245ml,음료>탄산음료>제로탄산,음료,탄산음료,제로탄산,당일픽업,6,3,8.0,3,2,1,0,0,0,2025-04-02,2025-04-20,1500.0,1,0,8,66.6667,0.0,33.3333,2.6667
113577,롯데)빈츠12입102g,과자>비스킷류>크래커,과자,비스킷류,크래커,교환권,7,6,8.0,4,1,0,1,1,0,2025-04-02,2025-04-13,3300.0,1,0,8,25.0,25.0,25.0,1.3333
114705,코노수르 싱글빈야드 쉬라750ml,양주와인>와인>레드,양주와인,와인,레드,사전예약,7,4,8.0,4,1,0,1,1,0,2025-04-07,2025-04-15,31600.0,1,0,8,25.0,25.0,25.0,2.0
109551,하겐)컵민트초콜릿100ml,아이스크림>고급>컵,아이스크림,고급,컵,당일픽업,4,1,8.0,2,2,0,0,0,0,2025-04-19,2025-04-19,6900.0,2,0,8,100.0,0.0,100.0,8.0
109881,오샤베리쿠지라 쥰마이720ml,전통주>기타전통주>중국/일본주,전통주,기타전통주,중국/일본주,사전예약,8,7,8.0,8,0,0,0,0,0,2025-04-02,2025-04-28,25500.0,0,0,8,0.0,0.0,0.0,1.1429
106667,비달)사우어레드믹스젤리90g,과자>젤리류>수입젤리,과자,젤리류,수입젤리,당일픽업,7,4,8.0,3,0,0,3,1,0,2025-04-01,2025-04-29,2500.0,0,2,8,0.0,100.0,0.0,2.0
109510,메디카)멀티비타12부스터샷25ml,건강/기호식품>건강/이너뷰티>일반건강식품 ,건강/기호식품,건강/이너뷰티,일반건강식품 ,당일픽업,6,5,8.0,5,1,0,0,0,0,2025-04-15,2025-04-29,4500.0,1,0,8,20.0,0.0,20.0,1.6
152338,CJ)명품구운소금180g,조미료/건물>조미료>소금,조미료/건물,조미료,소금,당일픽업,7,4,8.0,4,1,1,1,0,0,2025-04-05,2025-04-22,3200.0,0,1,8,25.0,25.0,0.0,2.0
107782,K리그산리오)인형_우사하나,문구/완구>일반완구>일반완구,문구/완구,일반완구,일반완구,당일픽업,5,5,8.0,2,0,0,3,0,0,2025-04-02,2025-04-19,25000.0,0,3,8,0.0,150.0,0.0,1.6
132166,농심)너구리(소컵),면>용기면>라면(소형컵),면,용기면,라면(소형컵),교환권,6,4,8.0,5,1,0,0,0,0,2025-04-03,2025-04-22,1250.0,1,0,8,20.0,0.0,20.0,2.0
060716,빙그레)아카페라카라멜240ml,유음료>가공우유>기타,유음료,가공우유,기타,당일픽업,6,5,8.0,5,1,0,0,0,0,2025-04-03,2025-04-29,2000.0,1,0,8,20.0,0.0,20.0,1.6
124505,하림)더미식유니자장덮밥소스150g,가공식품>상온간편식>레토르트 소스/분말,가공식품,상온간편식,레토르트 소스/분말,당일픽업,8,8,8.0,8,0,0,0,0,0,2025-04-06,2025-04-30,4000.0,0,0,8,0.0,0.0,0.0,1.0
106780,해태)버터링딥황치즈103g,과자>비스킷류>쿠키,과자,비스킷류,쿠키,당일픽업,7,4,8.0,3,0,0,3,1,0,2025-04-10,2025-04-30,3100.0,0,2,8,0.0,100.0,0.0,2.0
371916,P&G)다우니실내건조(세탁세제)_H,가정용품>세제류>세탁세제,가정용품,세제류,세탁세제,당일픽업,6,5,8.0,5,1,0,0,0,0,2025-04-03,2025-04-30,21500.0,1,0,8,20.0,0.0,20.0,1.6
411173,맨담)갸스비왁스무광택80g_H,미용/화장품>헤어스타일링>왁스,미용/화장품,헤어스타일링,왁스,당일픽업,4,2,8.0,2,2,0,0,0,0,2025-04-05,2025-04-05,9800.0,2,0,8,100.0,0.0,100.0,4.0
124694,PB)고흥유자에이드320ml,즉석음료>파우치>아이스티,즉석음료,파우치,아이스티,당일픽업,10,2,8.0,1,1,0,4,4,0,2025-04-10,2025-04-28,1500.0,1,0,8,100.0,400.0,100.0,4.0
202770,베스킨)망고탱고워터500ml,음료>주스>주스(중),음료,주스,주스(중),당일픽업,8,7,8.0,8,0,0,0,0,0,2025-04-04,2025-04-24,2500.0,0,0,8,0.0,0.0,0.0,1.1429
370987,PB)소주컵10입,가정용품>행락용품>종이컵,가정용품,행락용품,종이컵,당일픽업,6,2,8.0,3,2,1,0,0,0,2025-04-03,2025-04-20,500.0,1,0,8,66.6667,0.0,33.3333,4.0
123982,송죽매 미오,전통주>기타전통주>청주,전통주,기타전통주,청주,사전예약,7,6,8.0,6,0,0,1,0,0,2025-04-09,2025-04-28,32000.0,0,1,8,0.0,16.6667,0.0,1.3333
072914,진주햄)매콤달콤후랑크90g,냉장>냉장간식>소형바,냉장,냉장간식,소형바,당일픽업,7,4,8.0,4,1,0,1,1,0,2025-04-02,2025-04-26,2500.0,1,0,8,25.0,25.0,25.0,2.0
113180,다렌버그 폴리750ml ,양주와인>와인>스파클링(샴페인),양주와인,와인,스파클링(샴페인),사전예약,8,8,8.0,8,0,0,0,0,0,2025-04-02,2025-04-17,39900.0,0,0,8,0.0,0.0,0.0,1.0
108123,오뚜기)현미닭고기죽285g,가공식품>가공미반류>죽,가공식품,가공미반류,죽,교환권,5,3,8.0,3,1,0,1,0,0,2025-04-05,2025-04-26,4500.0,1,1,8,33.3333,33.3333,33.3333,2.6667
107185,CJ)비비고떡볶이치즈108g,가공식품>가공미반류>쌀가공식,가공식품,가공미반류,쌀가공식,당일픽업,6,4,8.0,5,1,0,0,0,0,2025-04-03,2025-04-29,3900.0,1,0,8,20.0,0.0,20.0,2.0
123457,버블 넘버원-로제 NV,양주와인>와인>스파클링(샴페인),양주와인,와인,스파클링(샴페인),사전예약,8,7,8.0,8,0,0,0,0,0,2025-04-04,2025-04-21,33900.0,0,0,8,0.0,0.0,0.0,1.1429
354097,센카퍼펙트휩클렌징폼40g_H,미용/화장품>여성화장품>클렌징,미용/화장품,여성화장품,클렌징,당일픽업,8,5,8.0,6,1,1,0,0,0,2025-04-05,2025-04-29,3700.0,0,0,8,16.6667,0.0,0.0,1.6
123456,델리카토-날리헤드 올드바인 진판델,양주와인>와인>레드,양주와인,와인,레드,사전예약,8,7,8.0,8,0,0,0,0,0,2025-04-01,2025-04-25,32900.0,0,0,8,0.0,0.0,0.0,1.1429
119866,하리보)프리마베라80g,과자>젤리류>수입젤리,과자,젤리류,수입젤리,당일픽업,5,4,8.0,3,1,0,1,0,0,2025-04-03,2025-04-28,2500.0,1,1,8,33.3333,33.3333,33.3333,2.0
150949,롯데)죠스바75ml,아이스크림>노벨티>바,아이스크림,노벨티,바,당일픽업,6,4,8.0,5,1,0,0,0,0,2025-04-09,2025-04-19,1500.0,1,0,8,20.0,0.0,20.0,2.0
124313,젠틀맨 잭 700ml,양주와인>양주>위스키,양주와인,양주,위스키,사전예약,6,3,8.0,5,1,0,0,0,0,2025-04-05,2025-04-10,75000.0,1,0,8,20.0,0.0,20.0,2.6667
201557,칠성)트레비(자몽)500ml,음료>생수>탄산수,음료,생수,탄산수,당일픽업,6,5,8.0,5,1,0,0,0,0,2025-04-02,2025-04-17,1800.0,1,0,8,20.0,0.0,20.0,1.6
170506,에이이)코젤라거500ml캔,맥주>수입맥주>캔맥주(중),맥주,수입맥주,캔맥주(중),당일픽업,6,5,8.0,5,1,0,0,0,0,2025-04-03,2025-04-27,4900.0,1,0,8,20.0,0.0,20.0,1.6
832251,유한)좋은느낌입는오버나이트3P,위생용품>생리대>4P,위생용품,생리대,4P,당일픽업,8,6,8.0,8,0,0,0,0,0,2025-04-02,2025-04-24,9100.0,0,0,8,0.0,0.0,0.0,1.3333
124585,민속주안동소주45도400ml,전통주>기타전통주>기타,전통주,기타전통주,기타,사전예약,7,6,8.0,6,0,0,1,0,0,2025-04-09,2025-04-30,29000.0,0,1,8,0.0,16.6667,0.0,1.3333
132201,농심)너구리큰사발,면>용기면>라면(대형컵),면,용기면,라면(대형컵),교환권,8,2,8.0,4,2,2,0,0,0,2025-04-16,2025-04-23,1800.0,0,0,8,50.0,0.0,0.0,4.0
371788,롯알)샤워타올_H,가정용품>욕실용품>욕실용품,가정용품,욕실용품,욕실용품,당일픽업,4,1,8.0,2,2,0,0,0,0,2025-04-25,2025-04-25,2400.0,2,0,8,100.0,0.0,100.0,8.0
141388,CJ)컵반빅스팸김치덮밥,가공식품>가공미반류>즉석컵밥,가공식품,가공미반류,즉석컵밥,당일픽업,8,3,8.0,8,0,0,0,0,0,2025-04-04,2025-04-28,5400.0,0,0,8,0.0,0.0,0.0,2.6667
124389,CJ)닭가슴살순살청양100g,냉장>냉장간식>냉장 프로틴,냉장,냉장간식,냉장 프로틴,당일픽업,9,4,8.0,5,1,1,1,1,0,2025-04-16,2025-04-23,4500.0,0,0,8,20.0,20.0,0.0,2.0
106675,나무)최애의아이랜덤뱃지캔디5g,과자>캔디류>토이캔디,과자,캔디류,토이캔디,당일픽업,8,2,8.0,8,0,0,0,0,0,2025-04-29,2025-04-30,1500.0,0,0,8,0.0,0.0,0.0,4.0
202307,OKF)그린스무디350ml,음료>주스>주스(중),음료,주스,주스(중),당일픽업,6,4,8.0,5,1,0,0,0,0,2025-04-02,2025-04-11,2500.0,1,0,8,20.0,0.0,20.0,2.0
123379,비네암 바이오 풀 AOC 보르도,양주와인>와인>레드,양주와인,와인,레드,사전예약,7,7,8.0,6,0,0,1,0,0,2025-04-03,2025-04-16,29900.0,0,1,8,0.0,16.6667,0.0,1.1429
220736,동원)리챔200g,가공식품>캔>육가공캔,가공식품,캔,육가공캔,당일픽업,6,4,8.0,5,1,0,0,0,0,2025-04-12,2025-04-28,6200.0,1,0,8,20.0,0.0,20.0,2.0
601395,에이스)초코동물모양비스킷50G,과자>비스킷류>크래커,과자,비스킷류,크래커,당일픽업,4,3,7.0,1,0,0,3,0,0,2025-04-06,2025-04-20,3500.0,0,3,7,0.0,300.0,0.0,2.3333
170691,배민)굿기분좋은맥주500ml캔,맥주>국산맥주>수제맥주,맥주,국산맥주,수제맥주,당일픽업,8,5,7.0,6,0,0,1,1,0,2025-04-04,2025-04-23,4000.0,0,0,7,0.0,16.6667,0.0,1.4
202713,베스킨)피치요거트워터500,음료>주스>주스(중),음료,주스,주스(중),당일픽업,5,2,7.0,4,1,0,0,0,0,2025-04-20,2025-04-24,2500.0,1,0,7,25.0,0.0,25.0,3.5
170408,하이트)필라이트500ml캔,맥주>국산맥주>캔맥주(중),맥주,국산맥주,캔맥주(중),당일픽업,5,4,7.0,4,1,0,0,0,0,2025-04-03,2025-04-29,1750.0,1,0,7,25.0,0.0,25.0,1.75
170740,오비)카스제로500ml캔,맥주>무알콜맥주>무알콜맥주(국산),맥주,무알콜맥주,무알콜맥주(국산),당일픽업,7,4,7.0,4,0,0,2,1,0,2025-04-11,2025-04-26,2800.0,0,1,7,0.0,50.0,0.0,1.75
600169,마즈)이클립스소프트청포도45g,과자>캔디류>과일향캔디,과자,캔디류,과일향캔디,교환권,4,3,7.0,2,1,0,1,0,0,2025-04-05,2025-04-18,1800.0,1,1,7,50.0,50.0,50.0,2.3333
123353,크레스만 그랑 리저브 보르도 레드,양주와인>와인>레드,양주와인,와인,레드,사전예약,6,6,7.0,5,0,0,1,0,0,2025-04-03,2025-04-30,22900.0,0,1,7,0.0,20.0,0.0,1.1667
109052,PB)진짜주스사과당근245ml,음료>주스>주스(소병),음료,주스,주스(소병),당일픽업,6,5,7.0,5,0,0,1,0,0,2025-04-10,2025-04-30,2500.0,0,1,7,0.0,20.0,0.0,1.4
601354,롯데)제로쿠앤크샌드96g,과자>비스킷류>쿠키,과자,비스킷류,쿠키,교환권,5,3,7.0,4,1,0,0,0,0,2025-04-08,2025-04-16,2000.0,1,0,7,25.0,0.0,25.0,2.3333
111366,롯데)가나초코바아몬드43g,과자>초콜릿>바초콜릿,과자,초콜릿,바초콜릿,교환권,5,5,7.0,3,0,0,2,0,0,2025-04-04,2025-04-28,1300.0,0,2,7,0.0,66.6667,0.0,1.4
106751,PB)꼬부기소다향젤리40g,과자>젤리류>국산젤리,과자,젤리류,국산젤리,당일픽업,7,5,7.0,5,1,1,0,0,0,2025-04-01,2025-04-30,1500.0,0,0,7,20.0,0.0,0.0,1.4
601314,코코)원피스캐릭마그넷9g,과자>캔디류>토이캔디,과자,캔디류,토이캔디,당일픽업,6,4,7.0,5,0,0,1,0,0,2025-04-09,2025-04-29,2800.0,0,1,7,0.0,20.0,0.0,1.75
115299,텐커레이 넘버텐 700ml,양주와인>양주>기타양주,양주와인,양주,기타양주,사전예약,6,6,7.0,5,0,0,1,0,0,2025-04-04,2025-04-27,56800.0,0,1,7,0.0,20.0,0.0,1.1667
119757,해태)자유시간들60g,과자>초콜릿>바초콜릿,과자,초콜릿,바초콜릿,교환권,4,2,7.0,2,1,0,1,0,0,2025-04-13,2025-04-25,1500.0,1,1,7,50.0,50.0,50.0,3.5
152786,삼경)메이플시럽114ml,조미료/건물>조미료>설탕,조미료/건물,조미료,설탕,당일픽업,7,3,7.0,7,0,0,0,0,0,2025-04-05,2025-04-21,5900.0,0,0,7,0.0,0.0,0.0,2.3333
109908,사쓰마시라나미소주,전통주>기타전통주>중국/일본주,전통주,기타전통주,중국/일본주,사전예약,7,6,7.0,7,0,0,0,0,0,2025-04-06,2025-04-24,30100.0,0,0,7,0.0,0.0,0.0,1.1667
210653,롯데)수박바75ml,아이스크림>노벨티>바,아이스크림,노벨티,바,당일픽업,4,3,7.0,2,1,0,1,0,0,2025-04-13,2025-04-21,1500.0,1,1,7,50.0,50.0,50.0,2.3333
113654,페이머스 그라우스700ml,양주와인>양주>위스키,양주와인,양주,위스키,사전예약,7,6,7.0,7,0,0,0,0,0,2025-04-05,2025-04-27,30900.0,0,0,7,0.0,0.0,0.0,1.1667
191938,본테라 에퀴녹스 레드,양주와인>와인>레드,양주와인,와인,레드,사전예약,5,4,7.0,4,1,0,0,0,0,2025-04-04,2025-04-20,30000.0,1,0,7,25.0,0.0,25.0,1.75
112929,트롤리)스트로베리키스100g,과자>젤리류>수입젤리,과자,젤리류,수입젤리,당일픽업,4,2,7.0,2,1,0,1,0,0,2025-04-23,2025-04-26,2500.0,1,1,7,50.0,50.0,50.0,3.5
162063,한양)꽃보다오징어소프트160g,안주>오징어>오징어,안주,오징어,오징어,당일픽업,5,3,7.0,4,1,0,0,0,0,2025-04-03,2025-04-20,19000.0,1,0,7,25.0,0.0,25.0,2.3333
124294,선우)동결건조곰모양젤리13g,과자>젤리류>국산젤리,과자,젤리류,국산젤리,당일픽업,4,2,7.0,2,1,0,1,0,0,2025-04-08,2025-04-17,2500.0,1,1,7,50.0,50.0,50.0,3.5
123322,피치)동결건조에그젤리12g,과자>젤리류>수입젤리,과자,젤리류,수입젤리,교환권,5,4,7.0,4,1,0,0,0,0,2025-04-04,2025-04-11,1500.0,1,0,7,25.0,0.0,25.0,1.75
202715,코카)코카콜라제로제로250ml,음료>탄산음료>제로탄산,음료,탄산음료,제로탄산,당일픽업,5,2,7.0,1,1,0,2,1,0,2025-04-13,2025-04-16,1700.0,1,1,7,100.0,200.0,100.0,3.5
108454,청정원)부침두부300g,신선>야채>두부/콩나물,신선,야채,두부/콩나물,당일픽업,6,5,7.0,5,0,0,1,0,0,2025-04-11,2025-04-30,1900.0,0,1,7,0.0,20.0,0.0,1.4
600914,이멕스)헬로키티껌27g,과자>껌>풍선껌,과자,껌,풍선껌,당일픽업,6,4,7.0,3,1,1,1,0,0,2025-04-03,2025-04-26,1200.0,0,1,7,33.3333,33.3333,0.0,1.75
123786,삼진)1953어묵순살바80g(매운맛),냉장>냉장간식>소형바,냉장,냉장간식,소형바,당일픽업,5,3,7.0,4,1,0,0,0,0,2025-04-11,2025-04-20,3500.0,1,0,7,25.0,0.0,25.0,2.3333
123360,까레 띤또 소브레 리아스,양주와인>와인>레드,양주와인,와인,레드,사전예약,6,5,7.0,5,0,0,1,0,0,2025-04-18,2025-04-27,23900.0,0,1,7,0.0,20.0,0.0,1.4
114665,해태)포키딸기,과자>비스킷류>스틱과자,과자,비스킷류,스틱과자,교환권,6,5,7.0,5,0,0,1,0,0,2025-04-05,2025-04-26,1900.0,0,1,7,0.0,20.0,0.0,1.4
601384,미성)실카초콜릿(아몬드)38g,과자>초콜릿>판초콜릿,과자,초콜릿,판초콜릿,교환권,7,7,7.0,7,0,0,0,0,0,2025-04-02,2025-04-30,1500.0,0,0,7,0.0,0.0,0.0,1.0
112582,해태)얼초슈의외출준비,과자>초콜릿>어린이초콜릿,과자,초콜릿,어린이초콜릿,교환권,4,2,7.0,2,1,0,1,0,0,2025-04-06,2025-04-28,5000.0,1,1,7,50.0,50.0,50.0,3.5
391072,유한)좋은느낌유기농순면중형14P,위생용품>생리대>중형,위생용품,생리대,중형,당일픽업,7,7,7.0,7,0,0,0,0,0,2025-04-02,2025-04-25,10300.0,0,0,7,0.0,0.0,0.0,1.0
113165,싱글톤 더프타운12년 700ml,양주와인>양주>위스키,양주와인,양주,위스키,사전예약,6,6,7.0,5,0,0,1,0,0,2025-04-01,2025-04-30,77000.0,0,1,7,0.0,20.0,0.0,1.1667
600839,롯데)치토스매콤달콤(대용량)164,과자>스낵류>옥수수스낵,과자,스낵류,옥수수스낵,당일픽업,6,6,7.0,5,0,0,1,0,0,2025-04-01,2025-04-29,3400.0,0,1,7,0.0,20.0,0.0,1.1667
109876,월계관호린쥰마이다이긴죠720ml,전통주>기타전통주>중국/일본주,전통주,기타전통주,중국/일본주,사전예약,7,5,7.0,7,0,0,0,0,0,2025-04-02,2025-04-24,69500.0,0,0,7,0.0,0.0,0.0,1.4
391124,유한)좋은느낌무표백수퍼롱3P,위생용품>생리대>4P,위생용품,생리대,4P,당일픽업,7,6,7.0,7,0,0,0,0,0,2025-04-03,2025-04-26,4800.0,0,0,7,0.0,0.0,0.0,1.1667
109611,모닝)부직포쇼핑백(소)_H,문구/완구>기타문구>봉투/카드,문구/완구,기타문구,봉투/카드,당일픽업,7,1,7.0,7,0,0,0,0,0,2025-04-28,2025-04-29,2500.0,0,0,7,0.0,0.0,0.0,7.0
201356,거림)블루레몬에이드350ml,음료>주스>주스(중),음료,주스,주스(중),당일픽업,7,6,7.0,7,0,0,0,0,0,2025-04-03,2025-04-25,1200.0,0,0,7,0.0,0.0,0.0,1.1667
105047,치킨너겟꼬치,즉석 식품>즉석치킨>꼬치류,즉석 식품,즉석치킨,꼬치류,당일픽업,5,4,7.0,4,1,0,0,0,0,2025-04-03,2025-04-25,1900.0,1,0,7,25.0,0.0,25.0,1.75
162308,바프)와사비맛땅콩120g,안주>너트류>봉지너트,안주,너트류,봉지너트,당일픽업,6,4,7.0,5,0,0,1,0,0,2025-04-10,2025-04-27,3900.0,0,1,7,0.0,20.0,0.0,1.75
600791,PB)바프마카다미아봉봉60g,과자>초콜릿>볼초콜릿,과자,초콜릿,볼초콜릿,당일픽업,7,6,7.0,7,0,0,0,0,0,2025-04-06,2025-04-23,3500.0,0,0,7,0.0,0.0,0.0,1.1667
124600,오매락퍽40도500ml,전통주>기타전통주>기타,전통주,기타전통주,기타,사전예약,7,7,7.0,7,0,0,0,0,0,2025-04-04,2025-04-24,63000.0,0,0,7,0.0,0.0,0.0,1.0
093458,한스팜)1+등급란10입,신선>수축산/계란>계란,신선,수축산/계란,계란,당일픽업,5,3,7.0,4,1,0,0,0,0,2025-04-18,2025-04-28,5100.0,1,0,7,25.0,0.0,25.0,2.3333
123795,1키키쿼카)쁘띠키링,과자>캔디류>행사상품,과자,캔디류,행사상품,당일픽업,7,4,7.0,7,0,0,0,0,0,2025-04-06,2025-04-29,19500.0,0,0,7,0.0,0.0,0.0,1.75
106455,PB)촉촉닭안심바오리지널80g,냉장>냉장간식>냉장 프로틴,냉장,냉장간식,냉장 프로틴,교환권,5,5,7.0,3,0,0,2,0,0,2025-04-01,2025-04-29,2900.0,0,2,7,0.0,66.6667,0.0,1.4
121959,삼양사)상쾌환스틱망고맛18g,건강/기호식품>숙취해소제>젤리제형,건강/기호식품,숙취해소제,젤리제형,당일픽업,5,2,7.0,4,1,0,0,0,0,2025-04-01,2025-04-25,3900.0,1,0,7,25.0,0.0,25.0,3.5
161487,PB)우리맛밤70g,안주>농산안주>농산물,안주,농산안주,농산물,교환권,6,4,7.0,3,1,1,1,0,0,2025-04-16,2025-04-30,3800.0,0,1,7,33.3333,33.3333,0.0,1.75
113143,세노테 아네호 700ml,양주와인>양주>위스키,양주와인,양주,위스키,사전예약,6,6,7.0,5,0,0,1,0,0,2025-04-08,2025-04-29,165000.0,0,1,7,0.0,20.0,0.0,1.1667
106561,하늘)초코틴인틴89g,과자>비스킷류>크래커,과자,비스킷류,크래커,당일픽업,4,4,7.0,1,0,0,3,0,0,2025-04-05,2025-04-26,2200.0,0,3,7,0.0,300.0,0.0,1.75
141292,CJ)스팸김치덮밥(컵반),가공식품>가공미반류>즉석컵밥,가공식품,가공미반류,즉석컵밥,당일픽업,5,4,7.0,4,1,0,0,0,0,2025-04-01,2025-04-14,4800.0,1,0,7,25.0,0.0,25.0,1.75
371076,롯알)종이공기150mm(10입),가정용품>행락용품>일회용품,가정용품,행락용품,일회용품,당일픽업,7,2,7.0,3,2,2,0,0,0,2025-04-05,2025-04-06,2400.0,0,0,7,66.6667,0.0,0.0,3.5
115349,롯데)가나프리미엄랑드샤쇼콜라91g,과자>비스킷류>쿠키,과자,비스킷류,쿠키,교환권,6,4,7.0,5,0,0,1,0,0,2025-04-02,2025-04-28,4800.0,0,1,7,0.0,20.0,0.0,1.75
062508,덴마크)드링킹사과275ml,유음료>요구르트>드링킹요구르트,유음료,요구르트,드링킹요구르트,당일픽업,4,3,7.0,2,1,0,1,0,0,2025-04-09,2025-04-24,2400.0,1,1,7,50.0,50.0,50.0,2.3333
106921,우리술)복숭아동동750ml,전통주>막걸리>살균막걸리,전통주,막걸리,살균막걸리,당일픽업,7,5,7.0,7,0,0,0,0,0,2025-04-01,2025-04-19,2900.0,0,0,7,0.0,0.0,0.0,1.4
123873,더 글렌그란트 15년,양주와인>양주>위스키,양주와인,양주,위스키,사전예약,7,7,7.0,7,0,0,0,0,0,2025-04-01,2025-04-16,159000.0,0,0,7,0.0,0.0,0.0,1.0
133744,PB)한울맛김치80g,냉장>냉장간편식>김치/단무지,냉장,냉장간편식,김치/단무지,당일픽업,7,4,7.0,3,2,2,0,0,0,2025-04-02,2025-04-30,1800.0,0,0,7,66.6667,0.0,0.0,1.75
161454,썬푸드)올리브유쥐포구이70g,안주>생선류>쥐포,안주,생선류,쥐포,당일픽업,5,3,7.0,4,1,0,0,0,0,2025-04-02,2025-04-14,5900.0,1,0,7,25.0,0.0,25.0,2.3333
180954,서주감자술13도300ml*3입,전통주>기타전통주>약주,전통주,기타전통주,약주,사전예약,6,6,7.0,5,0,0,1,0,0,2025-04-02,2025-04-30,13500.0,0,1,7,0.0,20.0,0.0,1.1667
115303,돈훌리오 블랑코 750ml,양주와인>양주>위스키,양주와인,양주,위스키,사전예약,5,4,7.0,3,0,0,2,0,0,2025-04-04,2025-04-27,94000.0,0,2,7,0.0,66.6667,0.0,1.75
160025,칠성)솔의눈240ml캔,음료>차음료>기타차,음료,차음료,기타차,당일픽업,4,3,7.0,2,1,0,1,0,0,2025-04-08,2025-04-25,1300.0,1,1,7,50.0,50.0,50.0,2.3333
108942,네슬레)킷캣딸기7입,과자>초콜릿>봉지초콜릿,과자,초콜릿,봉지초콜릿,당일픽업,5,3,7.0,3,0,0,2,0,0,2025-04-01,2025-04-30,5500.0,0,2,7,0.0,66.6667,0.0,2.3333
123985,다카라 시마네 샤인머스켓(여름추천),전통주>기타전통주>청주,전통주,기타전통주,청주,사전예약,7,7,7.0,7,0,0,0,0,0,2025-04-09,2025-04-30,43000.0,0,0,7,0.0,0.0,0.0,1.0
124014,PB)더블매콤야채땡초바160g,냉장>냉장간식>소형바,냉장,냉장간식,소형바,당일픽업,6,3,7.0,3,1,1,1,0,0,2025-04-05,2025-04-28,3800.0,0,1,7,33.3333,33.3333,0.0,2.3333
107673,K리그산리오)머플러(시나모롤),패션잡화>시즌/소품>기타,패션잡화,시즌/소품,기타,당일픽업,5,4,7.0,3,0,0,2,0,0,2025-04-02,2025-04-29,20000.0,0,2,7,0.0,66.6667,0.0,1.75
114919,롯데)더블크런키초코바36g,과자>초콜릿>바초콜릿,과자,초콜릿,바초콜릿,교환권,5,2,7.0,4,1,0,0,0,0,2025-04-09,2025-04-28,1300.0,1,0,7,25.0,0.0,25.0,3.5
111380,네슬레)킷캣산타,과자>초콜릿>봉지초콜릿,과자,초콜릿,봉지초콜릿,교환권,7,4,7.0,5,1,0,0,1,0,2025-04-08,2025-04-17,5900.0,1,-1,7,20.0,0.0,20.0,1.75
107384,PB)바느질세트_H,미용/화장품>미용소품>미용 소도구,미용/화장품,미용소품,미용 소도구,당일픽업,5,4,7.0,4,1,0,0,0,0,2025-04-08,2025-04-29,2900.0,1,0,7,25.0,0.0,25.0,1.75
107244,오리온)오감자어니언50g,과자>스낵류>일반스낵,과자,스낵류,일반스낵,당일픽업,5,5,7.0,3,0,0,2,0,0,2025-04-09,2025-04-30,1400.0,0,2,7,0.0,66.6667,0.0,1.4
109256,PB)NEW한라봉유자차원컵45g,건강/기호식품>원컵>국산차,건강/기호식품,원컵,국산차,당일픽업,5,3,7.0,4,1,0,0,0,0,2025-04-09,2025-04-30,1600.0,1,0,7,25.0,0.0,25.0,2.3333
123871,더 글렌그란트 아보랄리스,양주와인>양주>위스키,양주와인,양주,위스키,사전예약,7,7,7.0,7,0,0,0,0,0,2025-04-03,2025-04-29,68000.0,0,0,7,0.0,0.0,0.0,1.0
132143,농심)새우탕큰사발,면>용기면>라면(대형컵),면,용기면,라면(대형컵),교환권,6,3,7.0,3,1,1,1,0,0,2025-04-01,2025-04-01,1500.0,0,1,7,33.3333,33.3333,0.0,2.3333
117115,롯데)화이트쿠키빼빼로37g,과자>비스킷류>스틱과자,과자,비스킷류,스틱과자,당일픽업,5,3,7.0,4,1,0,0,0,0,2025-04-16,2025-04-30,2000.0,1,0,7,25.0,0.0,25.0,2.3333
109890,하쿠시카 호화 쥰마이 다이긴죠 천년수,전통주>기타전통주>중국/일본주,전통주,기타전통주,중국/일본주,사전예약,7,5,7.0,7,0,0,0,0,0,2025-04-03,2025-04-24,50900.0,0,0,7,0.0,0.0,0.0,1.4
123646,CJ)햇반소고기죽268g,가공식품>가공미반류>죽,가공식품,가공미반류,죽,당일픽업,7,3,7.0,5,1,1,0,0,0,2025-04-03,2025-04-17,5500.0,0,0,7,20.0,0.0,0.0,2.3333
102819,PB)커피우유500ml,유음료>가공우유>커피우유,유음료,가공우유,커피우유,당일픽업,6,6,7.0,5,0,0,1,0,0,2025-04-12,2025-04-26,2100.0,0,1,7,0.0,20.0,0.0,1.1667
124724,인디)247블라스트레몬490ml캔,양주와인>하이볼>수입하이볼,양주와인,하이볼,수입하이볼,당일픽업,7,7,7.0,7,0,0,0,0,0,2025-04-03,2025-04-27,3500.0,0,0,7,0.0,0.0,0.0,1.0
107432,K리그X산리오 스트랩키링(페클/인천),문구/완구>일반완구>일반완구,문구/완구,일반완구,일반완구,당일픽업,6,5,7.0,5,0,0,1,0,0,2025-04-02,2025-04-28,9000.0,0,1,7,0.0,20.0,0.0,1.4
124587,가무치소주25도375ml,전통주>기타전통주>기타,전통주,기타전통주,기타,사전예약,7,6,7.0,7,0,0,0,0,0,2025-04-01,2025-04-20,18000.0,0,0,7,0.0,0.0,0.0,1.1667
107316,하림)삼계탕면큰컵,면>용기면>라면(대형컵),면,용기면,라면(대형컵),당일픽업,6,6,7.0,5,0,0,1,0,0,2025-04-01,2025-04-30,2800.0,0,1,7,0.0,20.0,0.0,1.1667
220749,오뚜기)작은밥150g,가공식품>가공미반류>즉석밥,가공식품,가공미반류,즉석밥,교환권,6,5,7.0,5,0,0,1,0,0,2025-04-13,2025-04-20,1700.0,0,1,7,0.0,20.0,0.0,1.4
106774,PKJ)밀키쌀과자240g(우유맛),과자>스낵류>전통스낵,과자,스낵류,전통스낵,당일픽업,7,7,7.0,7,0,0,0,0,0,2025-04-14,2025-04-27,4500.0,0,0,7,0.0,0.0,0.0,1.0
123866,레미마틴 1738 어코드 로얄 코냑 700ml,양주와인>양주>브랜디,양주와인,양주,브랜디,사전예약,7,7,7.0,7,0,0,0,0,0,2025-04-02,2025-04-26,153000.0,0,0,7,0.0,0.0,0.0,1.0
202336,칠성)델몬트포도100 1.5L,음료>주스>주스(중),음료,주스,주스(중),당일픽업,6,3,7.0,3,1,0,1,1,0,2025-04-02,2025-04-29,5000.0,1,0,7,33.3333,33.3333,33.3333,2.3333
119863,PB)체다치즈맛팝콘50g,과자>스낵류>옥수수스낵,과자,스낵류,옥수수스낵,당일픽업,5,5,7.0,3,0,0,2,0,0,2025-04-04,2025-04-30,1600.0,0,2,7,0.0,66.6667,0.0,1.4
109499,덴마크)테이크얼라이브자몽200ml,유음료>냉장주스>냉장주스(소),유음료,냉장주스,냉장주스(소),당일픽업,7,4,7.0,5,1,1,0,0,0,2025-04-11,2025-04-19,1500.0,0,0,7,20.0,0.0,0.0,1.75
170431,벨트)볼파스엔젤맨라거568ml캔,맥주>수입맥주>캔맥주(중),맥주,수입맥주,캔맥주(중),당일픽업,9,6,7.0,6,1,2,0,0,0,2025-04-01,2025-04-29,4500.0,-1,0,7,16.6667,0.0,-16.6667,1.1667
113786,MQ)프링글스양파맛110g,과자>스낵류>감자스낵,과자,스낵류,감자스낵,당일픽업,6,3,7.0,3,1,1,1,0,0,2025-04-01,2025-04-19,4000.0,0,1,7,33.3333,33.3333,0.0,2.3333
106294,하림)더미식김치콩나물국350g,가공식품>상온간편식>레토르트 국탕찌개,가공식품,상온간편식,레토르트 국탕찌개,교환권,5,3,7.0,4,1,0,0,0,0,2025-04-13,2025-04-15,4500.0,1,0,7,25.0,0.0,25.0,2.3333
240514,PB)참고소한식탁김15g,조미료/건물>건해산물>농수산건물,조미료/건물,건해산물,농수산건물,교환권,4,3,7.0,2,1,0,1,0,0,2025-04-13,2025-04-22,1950.0,1,1,7,50.0,50.0,50.0,2.3333
420680,모나미)네임펜_후크형_H,문구/완구>일반문구>팬시,문구/완구,일반문구,팬시,당일픽업,7,4,7.0,5,1,1,0,0,0,2025-04-02,2025-04-18,1200.0,0,0,7,20.0,0.0,0.0,1.75
170886,하이트)1664블랑로제500ml캔,맥주>수입맥주>캔맥주(중),맥주,수입맥주,캔맥주(중),당일픽업,7,7,7.0,7,0,0,0,0,0,2025-04-03,2025-04-30,4500.0,0,0,7,0.0,0.0,0.0,1.0
108160,선명)원더풀피스타치오(가염)150g,안주>너트류>봉지너트,안주,너트류,봉지너트,당일픽업,4,3,7.0,2,1,0,1,0,0,2025-04-07,2025-04-15,9500.0,1,1,7,50.0,50.0,50.0,2.3333
141375,동원)꽁치300g,가공식품>캔>수산캔,가공식품,캔,수산캔,당일픽업,4,2,7.0,2,1,0,1,0,0,2025-04-23,2025-04-23,5500.0,1,1,7,50.0,50.0,50.0,3.5
141772,하림)더미식닭곰탕350g,가공식품>상온간편식>레토르트 국탕찌개,가공식품,상온간편식,레토르트 국탕찌개,교환권,5,3,7.0,4,1,0,0,0,0,2025-04-15,2025-04-20,6500.0,1,0,7,25.0,0.0,25.0,2.3333
061761,동서)맥심TOP라떼240ml,유음료>가공우유>기타,유음료,가공우유,기타,당일픽업,6,5,7.0,5,0,0,1,0,0,2025-04-01,2025-04-20,2300.0,0,1,7,0.0,20.0,0.0,1.4
118940,리얼촉촉001콘돔3입,약품/의료품>의약외품>일반콘돔,약품/의료품,의약외품,일반콘돔,당일픽업,7,5,7.0,7,0,0,0,0,0,2025-04-05,2025-04-26,6000.0,0,0,7,0.0,0.0,0.0,1.4
103882,롯데)자일리톨알파용기6000,과자>껌>용기껌,과자,껌,용기껌,당일픽업,5,4,7.0,4,1,0,0,0,0,2025-04-10,2025-04-28,6000.0,1,0,7,25.0,0.0,25.0,1.75
123941,펜폴즈 클럽 토니,양주와인>와인>기타와인,양주와인,와인,기타와인,사전예약,5,2,7.0,4,1,0,0,0,0,2025-04-14,2025-04-17,31000.0,1,0,7,25.0,0.0,25.0,3.5
123584,농심)츄파춥스디즈니아크릴키링기획팩,과자>캔디류>행사상품,과자,캔디류,행사상품,당일픽업,7,5,7.0,5,1,1,0,0,0,2025-04-01,2025-04-26,6600.0,0,0,7,20.0,0.0,0.0,1.4
119350,롯데)왓따판박이(도라에몽),과자>껌>풍선껌,과자,껌,풍선껌,당일픽업,6,5,7.0,5,0,0,1,0,0,2025-04-07,2025-04-15,600.0,0,1,7,0.0,20.0,0.0,1.4
124429,CJ)하프칼로리발사믹드레싱,조미료/건물>소스류>드레싱/디핑소스,조미료/건물,소스류,드레싱/디핑소스,당일픽업,5,2,7.0,4,1,0,0,0,0,2025-04-09,2025-04-29,4500.0,1,0,7,25.0,0.0,25.0,3.5
151163,대상)홍초석류미니50ml,조미료/건물>소스류>식초류,조미료/건물,소스류,식초류,당일픽업,8,4,7.0,6,0,0,1,1,0,2025-04-06,2025-04-20,1300.0,0,0,7,0.0,16.6667,0.0,1.75
202595,PB)NEW제주녹차500ml,음료>차음료>녹차,음료,차음료,녹차,당일픽업,5,5,7.0,3,0,0,2,0,0,2025-04-03,2025-04-30,2000.0,0,2,7,0.0,66.6667,0.0,1.4
152152,오뚜기)프리미엄굴소스255g,조미료/건물>소스류>양념장/조리소스,조미료/건물,소스류,양념장/조리소스,당일픽업,5,3,7.0,4,1,0,0,0,0,2025-04-04,2025-04-08,6600.0,1,0,7,25.0,0.0,25.0,2.3333
601107,마즈)이클립스플러스배&비파향,과자>캔디류>기능성캔디,과자,캔디류,기능성캔디,교환권,5,3,7.0,4,1,0,0,0,0,2025-04-01,2025-04-24,3500.0,1,0,7,25.0,0.0,25.0,2.3333
390882,유한)좋은느낌순면울날중18P,위생용품>생리대>중형,위생용품,생리대,중형,당일픽업,5,4,7.0,4,1,0,0,0,0,2025-04-01,2025-04-27,10400.0,1,0,7,25.0,0.0,25.0,1.75
123800,2미미미누)스티커set,과자>캔디류>행사상품,과자,캔디류,행사상품,당일픽업,7,3,7.0,7,0,0,0,0,0,2025-04-04,2025-04-29,11700.0,0,0,7,0.0,0.0,0.0,2.3333
380289,P&G)오랄비민트왁스치실_H,H&B>칫솔>치실/치간칫솔,H&B,칫솔,치실/치간칫솔,당일픽업,6,3,7.0,3,1,1,1,0,0,2025-04-02,2025-04-30,4200.0,0,1,7,33.3333,33.3333,0.0,2.3333
124320,농심)먹태깡고추장마요60g,과자>스낵류>일반스낵,과자,스낵류,일반스낵,교환권,5,5,7.0,3,0,0,2,0,0,2025-04-01,2025-04-26,1700.0,0,2,7,0.0,66.6667,0.0,1.4
124591,대숲담양향화이트41도375ml,전통주>기타전통주>기타,전통주,기타전통주,기타,사전예약,7,7,7.0,7,0,0,0,0,0,2025-04-09,2025-04-23,28000.0,0,0,7,0.0,0.0,0.0,1.0
202783,칠성)칠성사이다제로그린플럼355,음료>탄산음료>사이다(중),음료,탄산음료,사이다(중),당일픽업,4,3,7.0,2,1,0,1,0,0,2025-04-06,2025-04-16,2000.0,1,1,7,50.0,50.0,50.0,2.3333
381966,자코비)여성정장양말(검정)_H,패션잡화>양말>여성양말,패션잡화,양말,여성양말,당일픽업,5,3,7.0,4,1,0,0,0,0,2025-04-14,2025-04-25,3800.0,1,0,7,25.0,0.0,25.0,2.3333
105681,CJ)작은햇반발아현미밥130g,가공식품>가공미반류>즉석밥,가공식품,가공미반류,즉석밥,교환권,5,5,7.0,3,0,0,2,0,0,2025-04-04,2025-04-13,2100.0,0,2,7,0.0,66.6667,0.0,1.4
107436,K리그X산리오 스트랩키링(쿠로미/포항),문구/완구>일반완구>일반완구,문구/완구,일반완구,일반완구,당일픽업,5,5,7.0,3,0,0,2,0,0,2025-04-02,2025-04-25,9000.0,0,2,7,0.0,66.6667,0.0,1.4
106908,오비)엘파500ml캔,양주와인>리쿼>리쿼,양주와인,리쿼,리쿼,당일픽업,9,5,7.0,5,0,0,2,2,0,2025-04-02,2025-04-12,4500.0,0,0,7,0.0,40.0,0.0,1.4
107540,글로브)밀크쌀과자(치즈맛)240g,과자>스낵류>전통스낵,과자,스낵류,전통스낵,당일픽업,7,6,7.0,7,0,0,0,0,0,2025-04-01,2025-04-30,4800.0,0,0,7,0.0,0.0,0.0,1.1667
381368,PB)실크터치앵클(살구)_H,패션잡화>스타킹>풋커버/앵클삭스,패션잡화,스타킹,풋커버/앵클삭스,당일픽업,5,4,7.0,4,1,0,0,0,0,2025-04-04,2025-04-11,2300.0,1,0,7,25.0,0.0,25.0,1.75
202780,광동)썬키스트허니유자280ml,음료>전통음료>전통음료(중),음료,전통음료,전통음료(중),당일픽업,7,1,7.0,3,2,2,0,0,0,2025-04-05,2025-04-19,2000.0,0,0,7,66.6667,0.0,0.0,7.0
220491,CJ)맛밤80g,안주>농산안주>농산물,안주,농산안주,농산물,교환권,5,5,7.0,3,0,0,2,0,0,2025-04-05,2025-04-17,3900.0,0,2,7,0.0,66.6667,0.0,1.4
435951,티아츠)랜덤토미카_H,문구/완구>일반완구>일반완구,문구/완구,일반완구,일반완구,당일픽업,7,6,7.0,7,0,0,0,0,0,2025-04-03,2025-04-27,6900.0,0,0,7,0.0,0.0,0.0,1.1667
107429,K리그X산리오 스트랩키링(한교동/수원),문구/완구>일반완구>일반완구,문구/완구,일반완구,일반완구,당일픽업,6,5,7.0,5,0,0,1,0,0,2025-04-02,2025-04-28,9000.0,0,1,7,0.0,20.0,0.0,1.4
361435,존슨)리스테린그린티100ml_H,H&B>치약>액상치약,H&B,치약,액상치약,당일픽업,5,1,7.0,4,1,0,0,0,0,2025-04-17,2025-04-18,2400.0,1,0,7,25.0,0.0,25.0,7.0
073587,PB)김치짜글이480g,냉장>냉장간편식>냉장밥,냉장,냉장간편식,냉장밥,당일픽업,7,7,7.0,7,0,0,0,0,0,2025-04-02,2025-04-23,5500.0,0,0,7,0.0,0.0,0.0,1.0
124603,죽력고700ml,전통주>기타전통주>기타,전통주,기타전통주,기타,사전예약,7,5,7.0,7,0,0,0,0,0,2025-04-03,2025-04-16,100000.0,0,0,7,0.0,0.0,0.0,1.4
190506,52-09_FJ)예거마이스터700ml,양주와인>양주>기타양주,양주와인,양주,기타양주,당일픽업,6,6,6.0,6,0,0,0,0,0,2025-04-04,2025-04-27,39900.0,0,0,6,0.0,0.0,0.0,1.0
112734,캬라파키산리오초콜릿29g,과자>초콜릿>어린이초콜릿,과자,초콜릿,어린이초콜릿,당일픽업,6,4,6.0,4,1,1,0,0,0,2025-04-06,2025-04-27,2800.0,0,0,6,25.0,0.0,0.0,1.5
352337,PB)순면멸균면봉(150입)_H,미용/화장품>미용소품>기타소품,미용/화장품,미용소품,기타소품,당일픽업,7,3,6.0,5,0,0,1,1,0,2025-04-01,2025-04-22,2500.0,0,0,6,0.0,20.0,0.0,2.0
170299,비어)칭따오640ml병,맥주>수입맥주>병맥주,맥주,수입맥주,병맥주,당일픽업,6,6,6.0,6,0,0,0,0,0,2025-04-08,2025-04-25,5000.0,0,0,6,0.0,0.0,0.0,1.0
140538,CJ)강된장보리비빔밥(컵반),가공식품>가공미반류>즉석컵밥,가공식품,가공미반류,즉석컵밥,교환권,4,4,6.0,2,0,0,2,0,0,2025-04-01,2025-04-17,4800.0,0,2,6,0.0,100.0,0.0,1.5
109067,에이스)카다이프피스타치오30G,과자>초콜릿>바초콜릿,과자,초콜릿,바초콜릿,당일픽업,7,3,6.0,5,0,0,1,1,0,2025-04-25,2025-04-29,2500.0,0,0,6,0.0,20.0,0.0,2.0
180556,하이트)이슬톡톡355ml캔,전통주>기타전통주>기타,전통주,기타전통주,기타,당일픽업,7,6,6.0,5,0,0,1,1,0,2025-04-10,2025-04-28,2000.0,0,0,6,0.0,20.0,0.0,1.0
094503,프레시팜)착한순두부(350g),신선>야채>두부/콩나물,신선,야채,두부/콩나물,당일픽업,5,3,6.0,2,1,1,1,0,0,2025-04-05,2025-04-14,1000.0,0,1,6,50.0,50.0,0.0,2.0
600193,크라운)츄러스시나몬애플84g,과자>스낵류>일반스낵,과자,스낵류,일반스낵,당일픽업,5,3,6.0,4,0,0,1,0,0,2025-04-06,2025-04-26,1500.0,0,1,6,0.0,25.0,0.0,2.0
106556,동아)박카스맛탱글젤리40g,과자>젤리류>국산젤리,과자,젤리류,국산젤리,당일픽업,8,8,6.0,7,0,1,0,0,0,2025-04-09,2025-04-30,2500.0,-1,0,6,0.0,0.0,-14.2857,0.75
141142,오뚜기)옛날사골곰탕500ml,가공식품>상온간편식>레토르트 국탕찌개,가공식품,상온간편식,레토르트 국탕찌개,교환권,4,3,6.0,3,1,0,0,0,0,2025-04-18,2025-04-28,3000.0,1,0,6,33.3333,0.0,33.3333,2.0
151315,대상)홍초석류900ml,조미료/건물>소스류>식초류,조미료/건물,소스류,식초류,당일픽업,6,3,6.0,4,1,1,0,0,0,2025-04-13,2025-04-26,10900.0,0,0,6,25.0,0.0,0.0,2.0
191416,롯데)트로이목마까버네쇼비뇽750,양주와인>와인>레드,양주와인,와인,레드,당일픽업,6,5,6.0,6,0,0,0,0,0,2025-04-12,2025-04-26,12900.0,0,0,6,0.0,0.0,0.0,1.2
109888,핫카이산 혼죠조,전통주>기타전통주>중국/일본주,전통주,기타전통주,중국/일본주,사전예약,5,3,6.0,2,1,0,1,1,0,2025-04-02,2025-04-18,33000.0,1,0,6,50.0,50.0,50.0,2.0
106295,하림)더미식시래기된장국350g,가공식품>상온간편식>레토르트 국탕찌개,가공식품,상온간편식,레토르트 국탕찌개,당일픽업,6,2,6.0,6,0,0,0,0,0,2025-04-04,2025-04-28,4500.0,0,0,6,0.0,0.0,0.0,3.0
123684,고쿠죠 아마구치,전통주>기타전통주>청주,전통주,기타전통주,청주,사전예약,6,6,6.0,6,0,0,0,0,0,2025-04-06,2025-04-30,25900.0,0,0,6,0.0,0.0,0.0,1.0
601521,에이트)스트라이킹금박스티커캔,과자>초콜릿>행사상품,과자,초콜릿,행사상품,교환권,6,6,6.0,6,0,0,0,0,0,2025-04-01,2025-04-25,22900.0,0,0,6,0.0,0.0,0.0,1.0
201510,해태)포도봉봉340ml,음료>주스>주스(소캔),음료,주스,주스(소캔),당일픽업,4,1,6.0,3,1,0,0,0,0,2025-04-17,2025-04-17,1700.0,1,0,6,33.3333,0.0,33.3333,6.0
180591,한국술)대구불로쌀막걸리750ml,전통주>막걸리>생막걸리,전통주,막걸리,생막걸리,당일픽업,6,6,6.0,6,0,0,0,0,0,2025-04-07,2025-04-30,1800.0,0,0,6,0.0,0.0,0.0,1.0
109988,아카시타이 시아우메 우메슈,전통주>기타전통주>청주,전통주,기타전통주,청주,사전예약,6,6,6.0,6,0,0,0,0,0,2025-04-01,2025-04-29,37000.0,0,0,6,0.0,0.0,0.0,1.0
124575,명인한산소곡주18도700ml(2입),전통주>기타전통주>기타,전통주,기타전통주,기타,사전예약,6,6,6.0,6,0,0,0,0,0,2025-04-02,2025-04-20,36000.0,0,0,6,0.0,0.0,0.0,1.0
093591,돌코리아)후룻바틀망고666g,신선>과일>가공과일,신선,과일,가공과일,당일픽업,4,2,6.0,3,1,0,0,0,0,2025-04-02,2025-04-28,9000.0,1,0,6,33.3333,0.0,33.3333,3.0
371295,롯알)고무장갑(중)_H,가정용품>주방용품>조리기구/소모품,가정용품,주방용품,조리기구/소모품,당일픽업,4,2,6.0,3,1,0,0,0,0,2025-04-17,2025-04-19,3300.0,1,0,6,33.3333,0.0,33.3333,3.0
372029,나무)친환경음료수컵20입,가정용품>행락용품>종이컵,가정용품,행락용품,종이컵,당일픽업,4,2,6.0,3,1,0,0,0,0,2025-04-14,2025-04-25,2500.0,1,0,6,33.3333,0.0,33.3333,3.0
123984,츠카사보탄 야마유즈 시보리,전통주>기타전통주>청주,전통주,기타전통주,청주,사전예약,6,6,6.0,6,0,0,0,0,0,2025-04-15,2025-04-20,48000.0,0,0,6,0.0,0.0,0.0,1.0
121379,동서)미니카누마일드100입,건강/기호식품>커피>믹스커피,건강/기호식품,커피,믹스커피,당일픽업,4,3,6.0,3,1,0,0,0,0,2025-04-08,2025-04-11,32600.0,1,0,6,33.3333,0.0,33.3333,2.0
071088,풀무원)목초란 10입,신선>수축산/계란>계란,신선,수축산/계란,계란,당일픽업,4,3,6.0,3,1,0,0,0,0,2025-04-10,2025-04-21,7500.0,1,0,6,33.3333,0.0,33.3333,2.0
119411,하리보)복숭아젤리(피치)100g,과자>젤리류>수입젤리,과자,젤리류,수입젤리,당일픽업,6,3,6.0,6,0,0,0,0,0,2025-04-01,2025-04-29,2500.0,0,0,6,0.0,0.0,0.0,2.0
370984,P&G)다우니블루1L_H,가정용품>세제류>섬유유연제,가정용품,세제류,섬유유연제,당일픽업,4,2,6.0,3,1,0,0,0,0,2025-04-02,2025-04-12,15000.0,1,0,6,33.3333,0.0,33.3333,3.0
371858,피죤)핑크로즈리필1.6L_H,가정용품>세제류>섬유유연제,가정용품,세제류,섬유유연제,당일픽업,6,5,6.0,6,0,0,0,0,0,2025-04-01,2025-04-27,6900.0,0,0,6,0.0,0.0,0.0,1.2
109898,하쿠시카 쥰마이긴죠팩(2입),전통주>기타전통주>중국/일본주,전통주,기타전통주,중국/일본주,사전예약,5,5,6.0,4,0,0,1,0,0,2025-04-07,2025-04-30,31700.0,0,1,6,0.0,25.0,0.0,1.2
220665,CJ)햇반오곡밥210g,가공식품>가공미반류>즉석밥,가공식품,가공미반류,즉석밥,당일픽업,5,5,6.0,4,0,0,1,0,0,2025-04-09,2025-04-18,2800.0,0,1,6,0.0,25.0,0.0,1.2
202694,칠성)핫식스제로250ml,음료>기능성드링크>에너지음료,음료,기능성드링크,에너지음료,당일픽업,4,3,6.0,3,1,0,0,0,0,2025-04-10,2025-04-19,1600.0,1,0,6,33.3333,0.0,33.3333,2.0
109545,하림)맛닭가슴살바베큐맛100g,냉장>냉장간식>냉장 프로틴,냉장,냉장간식,냉장 프로틴,당일픽업,4,3,6.0,3,1,0,0,0,0,2025-04-16,2025-04-30,4700.0,1,0,6,33.3333,0.0,33.3333,2.0
113216,마즈)엠앤엠즈밀크37g,과자>초콜릿>볼초콜릿,과자,초콜릿,볼초콜릿,당일픽업,6,3,6.0,4,1,1,0,0,0,2025-04-02,2025-04-07,1800.0,0,0,6,25.0,0.0,0.0,2.0
115469,주라 12년 700ml,양주와인>양주>위스키,양주와인,양주,위스키,사전예약,6,6,6.0,6,0,0,0,0,0,2025-04-11,2025-04-26,88900.0,0,0,6,0.0,0.0,0.0,1.0
115471,탐나불린 더블캐스크 700ml,양주와인>양주>위스키,양주와인,양주,위스키,사전예약,6,6,6.0,6,0,0,0,0,0,2025-04-01,2025-04-21,55900.0,0,0,6,0.0,0.0,0.0,1.0
601151,엔제이)얼음모양사탕115g,과자>캔디류>기능성캔디,과자,캔디류,기능성캔디,당일픽업,5,4,6.0,4,0,0,1,0,0,2025-04-03,2025-04-14,3000.0,0,1,6,0.0,25.0,0.0,1.5
381659,남영)비비안스타킹2족입(블랙)_H,패션잡화>스타킹>팬티스타킹,패션잡화,스타킹,팬티스타킹,당일픽업,6,2,6.0,4,1,1,0,0,0,2025-04-04,2025-04-30,5500.0,0,0,6,25.0,0.0,0.0,3.0
124108,롯데)클라우드논알롤릭500ml,맥주>무알콜맥주>무알콜맥주(국산),맥주,무알콜맥주,무알콜맥주(국산),당일픽업,6,2,6.0,2,2,2,0,0,0,2025-04-08,2025-04-15,2800.0,0,0,6,100.0,0.0,0.0,3.0
070337,매일)우유속코코아300ml,유음료>가공우유>초코우유,유음료,가공우유,초코우유,당일픽업,5,3,6.0,4,0,0,1,0,0,2025-04-07,2025-04-27,2000.0,0,1,6,0.0,25.0,0.0,2.0
107452,PB)불불나쵸칩70g,과자>스낵류>옥수수스낵,과자,스낵류,옥수수스낵,교환권,6,6,6.0,6,0,0,0,0,0,2025-04-03,2025-04-25,1700.0,0,0,6,0.0,0.0,0.0,1.0
094137,풀무원)국산콩무농약콩나물250g,신선>야채>두부/콩나물,신선,야채,두부/콩나물,당일픽업,5,4,6.0,4,0,0,1,0,0,2025-04-07,2025-04-29,2600.0,0,1,6,0.0,25.0,0.0,1.5
124602,제주탐라주20도375ml(2입),전통주>기타전통주>기타,전통주,기타전통주,기타,사전예약,5,3,6.0,4,0,0,1,0,0,2025-04-04,2025-04-28,14000.0,0,1,6,0.0,25.0,0.0,2.0
360794,아모레)메디안치석케어93%_H,H&B>치약>일반치약,H&B,치약,일반치약,당일픽업,4,2,6.0,3,1,0,0,0,0,2025-04-02,2025-04-10,5400.0,1,0,6,33.3333,0.0,33.3333,3.0
601107,마즈)이클립스플러스배&비파향,과자>캔디류>기능성캔디,과자,캔디류,기능성캔디,당일픽업,4,3,6.0,3,1,0,0,0,0,2025-04-04,2025-04-19,3500.0,1,0,6,33.3333,0.0,33.3333,2.0
420220,모나미)생잉크유성매직(흑)_H,문구/완구>일반문구>팬시,문구/완구,일반문구,팬시,당일픽업,4,1,6.0,3,1,0,0,0,0,2025-04-13,2025-04-13,1200.0,1,0,6,33.3333,0.0,33.3333,6.0
170616,오비)버드와이저330ml캔,맥주>수입맥주>캔맥주(소),맥주,수입맥주,캔맥주(소),당일픽업,6,5,6.0,6,0,0,0,0,0,2025-04-05,2025-04-30,3600.0,0,0,6,0.0,0.0,0.0,1.2
108443,돌코리아)후룻볼복숭아(113g),신선>과일>가공과일,신선,과일,가공과일,당일픽업,7,7,6.0,5,0,1,1,0,0,2025-04-01,2025-04-15,1900.0,-1,1,6,0.0,20.0,-20.0,0.8571
170499,플래)골목대장골드에일500ml캔,맥주>국산맥주>수제맥주,맥주,국산맥주,수제맥주,당일픽업,6,5,6.0,6,0,0,0,0,0,2025-04-01,2025-04-17,3900.0,0,0,6,0.0,0.0,0.0,1.2
116259,천하)캐빈디쉬레몬캔디200g,과자>캔디류>행사상품,과자,캔디류,행사상품,당일픽업,4,3,6.0,3,1,0,0,0,0,2025-04-05,2025-04-28,5500.0,1,0,6,33.3333,0.0,33.3333,2.0
118445,해태)오예스쿠키앤크림360g,과자>비스킷류>파이,과자,비스킷류,파이,교환권,4,3,6.0,3,1,0,0,0,0,2025-04-05,2025-04-19,6600.0,1,0,6,33.3333,0.0,33.3333,2.0
391126,하기스)네이처기저귀4단계3P,위생용품>기저귀>유아용,위생용품,기저귀,유아용,당일픽업,6,4,6.0,6,0,0,0,0,0,2025-04-05,2025-04-28,5200.0,0,0,6,0.0,0.0,0.0,1.5
600989,엔제이)도라에몽롤리팝80g,과자>캔디류>과일향캔디,과자,캔디류,과일향캔디,당일픽업,3,2,6.0,1,1,0,1,0,0,2025-04-03,2025-04-30,3000.0,1,1,6,100.0,100.0,100.0,3.0
109764,에이스)데일리유기농애플사이다비니거15ml,건강/기호식품>차>액상차류,건강/기호식품,차,액상차류,당일픽업,8,8,6.0,7,0,1,0,0,0,2025-04-02,2025-04-29,1500.0,-1,0,6,0.0,0.0,-14.2857,0.75
420582,모나미)친환경투명풀_H,문구/완구>일반문구>수정/접착용품,문구/완구,일반문구,수정/접착용품,당일픽업,4,3,6.0,3,1,0,0,0,0,2025-04-10,2025-04-16,800.0,1,0,6,33.3333,0.0,33.3333,2.0
109944,아벨라워14년 700ml,양주와인>양주>위스키,양주와인,양주,위스키,사전예약,5,4,6.0,4,0,0,1,0,0,2025-04-10,2025-04-20,210000.0,0,1,6,0.0,25.0,0.0,1.5
122508,네슬)스타벅스다크로스트10T,건강/기호식품>커피>원두커피,건강/기호식품,커피,원두커피,교환권,6,5,6.0,6,0,0,0,0,0,2025-04-06,2025-04-30,5500.0,0,0,6,0.0,0.0,0.0,1.2
202139,쥬맥스)모구모구(파인애플)320ml,음료>주스>주스(중),음료,주스,주스(중),당일픽업,5,3,6.0,4,0,0,1,0,0,2025-04-15,2025-04-29,1700.0,0,1,6,0.0,25.0,0.0,2.0
124065,유한)좋은느낌무표백대형14P,위생용품>생리대>대형,위생용품,생리대,대형,당일픽업,6,6,6.0,6,0,0,0,0,0,2025-04-03,2025-04-24,12500.0,0,0,6,0.0,0.0,0.0,1.0
601075,미스티)산리오마이리톨퓨어,과자>캔디류>기능성캔디,과자,캔디류,기능성캔디,교환권,5,5,6.0,4,0,0,1,0,0,2025-04-02,2025-04-25,3800.0,0,1,6,0.0,25.0,0.0,1.2
192547,메종카스텔메를로750ml,양주와인>와인>레드,양주와인,와인,레드,사전예약,6,6,6.0,6,0,0,0,0,0,2025-04-04,2025-04-30,19900.0,0,0,6,0.0,0.0,0.0,1.0
109277,에프투)간장알곱창&매콤껍데기200g,냉동>조리냉동>냉동안주류,냉동,조리냉동,냉동안주류,당일픽업,6,5,6.0,6,0,0,0,0,0,2025-04-03,2025-04-25,10900.0,0,0,6,0.0,0.0,0.0,1.2
181079,서울탁)월매막걸리1L,전통주>막걸리>살균막걸리,전통주,막걸리,살균막걸리,당일픽업,6,5,6.0,6,0,0,0,0,0,2025-04-09,2025-04-30,2100.0,0,0,6,0.0,0.0,0.0,1.2
123821,천하)캐빈디쉬트로피칼캔디200g,과자>캔디류>행사상품,과자,캔디류,행사상품,당일픽업,4,3,6.0,3,1,0,0,0,0,2025-04-04,2025-04-29,5500.0,1,0,6,33.3333,0.0,33.3333,2.0
117195,롯데)초코쿠키빼빼로37g,과자>비스킷류>스틱과자,과자,비스킷류,스틱과자,당일픽업,6,3,6.0,4,1,1,0,0,0,2025-04-10,2025-04-27,2000.0,0,0,6,25.0,0.0,0.0,2.0
124690,PB)복숭아아이스티1.5L,즉석음료>파우치>아이스티,즉석음료,파우치,아이스티,당일픽업,6,4,6.0,6,0,0,0,0,0,2025-04-12,2025-04-21,4600.0,0,0,6,0.0,0.0,0.0,1.5
192080,스마일리멜롯750ml,양주와인>와인>레드,양주와인,와인,레드,사전예약,6,6,6.0,6,0,0,0,0,0,2025-04-06,2025-04-28,33400.0,0,0,6,0.0,0.0,0.0,1.0
351618,맨담)갸스비파우더기름종이_H,미용/화장품>미용소품>미용 소도구,미용/화장품,미용소품,미용 소도구,당일픽업,6,2,6.0,4,1,1,0,0,0,2025-04-02,2025-04-24,3900.0,0,0,6,25.0,0.0,0.0,3.0
117583,롯데)야채크래커83g,과자>비스킷류>크래커,과자,비스킷류,크래커,당일픽업,3,2,6.0,1,1,0,1,0,0,2025-04-11,2025-04-14,1700.0,1,1,6,100.0,100.0,100.0,3.0
124610,오디랑12.5도330ml(4입),전통주>기타전통주>기타,전통주,기타전통주,기타,사전예약,5,4,6.0,4,0,0,1,0,0,2025-04-01,2025-04-24,20000.0,0,1,6,0.0,25.0,0.0,1.5
211880,매일)상하목장아이스밀크474ml,아이스크림>고급>파인트,아이스크림,고급,파인트,당일픽업,4,3,6.0,3,1,0,0,0,0,2025-04-02,2025-04-08,14900.0,1,0,6,33.3333,0.0,33.3333,2.0
072929,이가)투움바파스타239.5g,냉장>냉장간편식>냉장면,냉장,냉장간편식,냉장면,당일픽업,6,5,6.0,6,0,0,0,0,0,2025-04-05,2025-04-24,3200.0,0,0,6,0.0,0.0,0.0,1.2
162301,바프)멸치아몬드100g,안주>너트류>봉지너트,안주,너트류,봉지너트,당일픽업,6,1,6.0,6,0,0,0,0,0,2025-04-11,2025-04-11,7900.0,0,0,6,0.0,0.0,0.0,6.0
413655,디벤)굿민PD고속충전기(CtoC)_H,일용잡화>휴대폰/주변기기>스마트폰 액세서리,일용잡화,휴대폰/주변기기,스마트폰 액세서리,당일픽업,6,4,6.0,6,0,0,0,0,0,2025-04-01,2025-04-29,11000.0,0,0,6,0.0,0.0,0.0,1.5
141780,CJ)스팸닭가슴살200g,가공식품>캔>육가공캔,가공식품,캔,육가공캔,교환권,6,3,6.0,4,1,1,0,0,0,2025-04-09,2025-04-16,6900.0,0,0,6,25.0,0.0,0.0,2.0
161266,웅진)자연은알로에500ml,음료>주스>주스(중),음료,주스,주스(중),당일픽업,6,3,6.0,4,1,1,0,0,0,2025-04-03,2025-04-15,2350.0,0,0,6,25.0,0.0,0.0,2.0
062196,서울F)뽀로로딸기우유140ml,유음료>가공우유>딸기우유,유음료,가공우유,딸기우유,당일픽업,4,2,6.0,3,1,0,0,0,0,2025-04-09,2025-04-27,1300.0,1,0,6,33.3333,0.0,33.3333,3.0
211133,하겐)바닐라카라멜아몬드80ml,아이스크림>고급>바,아이스크림,고급,바,당일픽업,6,3,6.0,4,1,1,0,0,0,2025-04-09,2025-04-21,6900.0,0,0,6,25.0,0.0,0.0,2.0
152983,훼밀리)S&B생와사비43g,조미료/건물>조미료>복합조미료/향신료,조미료/건물,조미료,복합조미료/향신료,당일픽업,7,6,6.0,5,0,1,1,0,0,2025-04-06,2025-04-17,4000.0,-1,1,6,0.0,20.0,-20.0,1.0
371058,롯알)위생호일_H,가정용품>주방용품>랩/호일,가정용품,주방용품,랩/호일,당일픽업,6,2,6.0,4,1,1,0,0,0,2025-04-06,2025-04-12,5600.0,0,0,6,25.0,0.0,0.0,3.0
107808,K리그산리오)인형 키링_턱시도샘,문구/완구>일반완구>일반완구,문구/완구,일반완구,일반완구,당일픽업,4,3,6.0,2,0,0,2,0,0,2025-04-02,2025-04-25,15000.0,0,2,6,0.0,100.0,0.0,2.0
141293,CJ)김치날치알밥(컵반),가공식품>가공미반류>즉석컵밥,가공식품,가공미반류,즉석컵밥,교환권,5,2,6.0,2,1,1,1,0,0,2025-04-05,2025-04-05,4800.0,0,1,6,50.0,50.0,0.0,3.0
220013,CJ)스팸클래식340g,가공식품>캔>육가공캔,가공식품,캔,육가공캔,교환권,4,2,6.0,3,1,0,0,0,0,2025-04-12,2025-04-13,8900.0,1,0,6,33.3333,0.0,33.3333,3.0
153101,CJ)궁중식쇠고기볶음고추장200G,조미료/건물>소스류>양념장/조리소스,조미료/건물,소스류,양념장/조리소스,교환권,4,2,6.0,3,1,0,0,0,0,2025-04-02,2025-04-15,5800.0,1,0,6,33.3333,0.0,33.3333,3.0
161867,유동)얼큰한번데기탕280g,가공식품>캔>기타캔,가공식품,캔,기타캔,당일픽업,5,5,6.0,4,0,0,1,0,0,2025-04-13,2025-04-22,3600.0,0,1,6,0.0,25.0,0.0,1.2
117112,롯데)초코빼빼로54g,과자>비스킷류>스틱과자,과자,비스킷류,스틱과자,당일픽업,5,4,6.0,2,1,1,1,0,0,2025-04-01,2025-04-30,2000.0,0,1,6,50.0,50.0,0.0,1.5
123956,랩노쉬)프로틴파인트피넛버터474ml,아이스크림>고급>파인트,아이스크림,고급,파인트,당일픽업,6,4,6.0,6,0,0,0,0,0,2025-04-17,2025-04-27,13900.0,0,0,6,0.0,0.0,0.0,1.5
107015,롯데)졸음번쩍껌울트라파워80g,과자>껌>용기껌,과자,껌,용기껌,당일픽업,6,5,6.0,6,0,0,0,0,0,2025-04-03,2025-04-29,6000.0,0,0,6,0.0,0.0,0.0,1.2
354092,센카아크네클렌징폼_H,미용/화장품>여성화장품>클렌징,미용/화장품,여성화장품,클렌징,당일픽업,4,3,6.0,3,1,0,0,0,0,2025-04-02,2025-04-30,9800.0,1,0,6,33.3333,0.0,33.3333,2.0
123865,레미마틴 XO 700ml,양주와인>양주>브랜디,양주와인,양주,브랜디,사전예약,5,5,6.0,4,0,0,1,0,0,2025-04-14,2025-04-22,370000.0,0,1,6,0.0,25.0,0.0,1.2
202705,광동)힘찬하루헛개차1.5L,음료>차음료>기타차,음료,차음료,기타차,당일픽업,4,2,6.0,3,1,0,0,0,0,2025-04-12,2025-04-14,3300.0,1,0,6,33.3333,0.0,33.3333,3.0
123542,토마시 팔랑카 콜롬비나,양주와인>와인>화이트,양주와인,와인,화이트,사전예약,5,4,6.0,4,0,0,1,0,0,2025-04-06,2025-04-27,19600.0,0,1,6,0.0,25.0,0.0,1.5
180201,오비)카스큐팩1L,맥주>국산맥주>PET맥주,맥주,국산맥주,PET맥주,당일픽업,4,3,6.0,3,1,0,0,0,0,2025-04-02,2025-04-26,5800.0,1,0,6,33.3333,0.0,33.3333,2.0
141649,CJ)컵반빅소고기미역국밥,가공식품>가공미반류>즉석컵밥,가공식품,가공미반류,즉석컵밥,당일픽업,7,4,6.0,5,0,0,1,1,0,2025-04-05,2025-04-18,5400.0,0,0,6,0.0,20.0,0.0,1.5
413654,디벤)굿민8핀일체형충전기_H,일용잡화>휴대폰/주변기기>스마트폰 액세서리,일용잡화,휴대폰/주변기기,스마트폰 액세서리,당일픽업,6,3,6.0,6,0,0,0,0,0,2025-04-01,2025-04-25,9000.0,0,0,6,0.0,0.0,0.0,2.0
052660,칠성)칸타타카라멜마끼야또230ml,즉석음료>파우치>아이스커피,즉석음료,파우치,아이스커피,당일픽업,6,4,6.0,4,1,1,0,0,0,2025-04-09,2025-04-28,1400.0,0,0,6,25.0,0.0,0.0,1.5
600030,크라운)쿠크다스(커피)128g,과자>비스킷류>쿠키,과자,비스킷류,쿠키,교환권,6,3,6.0,4,1,1,0,0,0,2025-04-05,2025-04-26,3000.0,0,0,6,25.0,0.0,0.0,2.0
170549,하이트)테라355ml캔,맥주>국산맥주>캔맥주(소),맥주,국산맥주,캔맥주(소),당일픽업,6,4,6.0,4,1,1,0,0,0,2025-04-08,2025-04-25,2500.0,0,0,6,25.0,0.0,0.0,1.5
124141,훼밀리)멜로팝스트로베리15g,과자>캔디류>소프트캔디,과자,캔디류,소프트캔디,당일픽업,4,3,6.0,2,0,0,2,0,0,2025-04-13,2025-04-20,1800.0,0,2,6,0.0,100.0,0.0,2.0
122822,삼양사)상쾌환스틱샤인머스캣18g,건강/기호식품>숙취해소제>젤리제형,건강/기호식품,숙취해소제,젤리제형,당일픽업,6,3,6.0,6,0,0,0,0,0,2025-04-02,2025-04-17,3900.0,0,0,6,0.0,0.0,0.0,2.0
401008,대일)대일밴드스마트큐_H,약품/의료품>의약외품>응급위생용품,약품/의료품,의약외품,응급위생용품,당일픽업,4,2,6.0,3,1,0,0,0,0,2025-04-28,2025-04-30,5400.0,1,0,6,33.3333,0.0,33.3333,3.0
106670,PB)카라멜마끼아또300ml,유음료>컵커피>300ml 이상,유음료,컵커피,300ml 이상,교환권,4,2,6.0,3,1,0,0,0,0,2025-04-12,2025-04-21,2800.0,1,0,6,33.3333,0.0,33.3333,3.0
112723,일신)푸쉬팝,과자>캔디류>토이캔디,과자,캔디류,토이캔디,당일픽업,4,1,6.0,3,1,0,0,0,0,2025-04-01,2025-04-01,1500.0,1,0,6,33.3333,0.0,33.3333,6.0
108592,동원)불참치90g,가공식품>캔>참치캔,가공식품,캔,참치캔,당일픽업,4,2,6.0,3,1,0,0,0,0,2025-04-04,2025-04-12,3300.0,1,0,6,33.3333,0.0,33.3333,3.0
105965,쟈뎅)아메리카노스위트1.5L,즉석음료>파우치>아이스커피,즉석음료,파우치,아이스커피,당일픽업,7,4,6.0,5,0,0,1,1,0,2025-04-15,2025-04-26,4500.0,0,0,6,0.0,20.0,0.0,1.5
105290,올리)순수얼음3kg,즉석음료>얼음>대용량얼음,즉석음료,얼음,대용량얼음,당일픽업,6,4,6.0,6,0,0,0,0,0,2025-04-02,2025-04-17,4600.0,0,0,6,0.0,0.0,0.0,1.5
108706,랍스터집게바,즉석 식품>즉석치킨>꼬치류,즉석 식품,즉석치킨,꼬치류,당일픽업,6,3,6.0,4,1,1,0,0,0,2025-04-01,2025-04-24,1800.0,0,0,6,25.0,0.0,0.0,2.0
107394,PB)헤어롤(중)2P_H,미용/화장품>미용소품>미용 소도구,미용/화장품,미용소품,미용 소도구,교환권,4,1,6.0,3,1,0,0,0,0,2025-04-14,2025-04-14,2000.0,1,0,6,33.3333,0.0,33.3333,6.0
107425,K리그X산리오 스트랩키링(턱시도샘/김천),문구/완구>일반완구>일반완구,문구/완구,일반완구,일반완구,당일픽업,4,4,6.0,2,0,0,2,0,0,2025-04-02,2025-04-25,9000.0,0,2,6,0.0,100.0,0.0,1.5
105919,LG)고농축아우라1L(프레시릴리)_H,가정용품>세제류>섬유유연제,가정용품,세제류,섬유유연제,당일픽업,6,6,6.0,6,0,0,0,0,0,2025-04-10,2025-04-28,12900.0,0,0,6,0.0,0.0,0.0,1.0
124922,하겐)컵티라미수100ml,아이스크림>고급>컵,아이스크림,고급,컵,당일픽업,6,4,6.0,4,1,1,0,0,0,2025-04-05,2025-04-30,6900.0,0,0,6,25.0,0.0,0.0,1.5
123940,CJ)유기농콩나물270g,신선>야채>두부/콩나물,신선,야채,두부/콩나물,당일픽업,6,6,6.0,6,0,0,0,0,0,2025-04-23,2025-04-30,2300.0,0,0,6,0.0,0.0,0.0,1.0
124755,삼립)런치킨크랜베리콤보샐러드,간식>샐러드(삭제예정)>채소샐러드(삭제예정),간식,샐러드(삭제예정),채소샐러드(삭제예정),당일픽업,6,5,6.0,6,0,0,0,0,0,2025-04-04,2025-04-11,4000.0,0,0,6,0.0,0.0,0.0,1.2
123683,요네츠루 안단테 준마이,전통주>기타전통주>청주,전통주,기타전통주,청주,사전예약,6,6,6.0,6,0,0,0,0,0,2025-04-06,2025-04-30,37900.0,0,0,6,0.0,0.0,0.0,1.0
113169,돈훌리오 레포사도 750ml,양주와인>양주>위스키,양주와인,양주,위스키,사전예약,5,5,6.0,4,0,0,1,0,0,2025-04-07,2025-04-29,109000.0,0,1,6,0.0,25.0,0.0,1.2
061555,정식품)베지밀B검은콩190ml,유음료>두유>병두유,유음료,두유,병두유,당일픽업,5,3,6.0,1,0,0,3,1,0,2025-04-02,2025-04-26,2000.0,0,2,6,0.0,300.0,0.0,2.0
201825,그래)여명1004 140ml,음료>기능성드링크>숙취해소음료,음료,기능성드링크,숙취해소음료,당일픽업,4,3,6.0,3,1,0,0,0,0,2025-04-08,2025-04-21,10000.0,1,0,6,33.3333,0.0,33.3333,2.0
123818,1키키쿼카)스티커set,과자>캔디류>행사상품,과자,캔디류,행사상품,당일픽업,6,5,6.0,6,0,0,0,0,0,2025-04-04,2025-04-22,12300.0,0,0,6,0.0,0.0,0.0,1.2
106029,롯데)더쌀로새우맛50g,과자>스낵류>일반스낵,과자,스낵류,일반스낵,당일픽업,7,3,6.0,2,0,0,3,2,0,2025-04-03,2025-04-16,1700.0,0,1,6,0.0,150.0,0.0,2.0
109880,오샤베리쿠지라 나마720ml,전통주>기타전통주>중국/일본주,전통주,기타전통주,중국/일본주,사전예약,6,5,6.0,6,0,0,0,0,0,2025-04-02,2025-04-28,25500.0,0,0,6,0.0,0.0,0.0,1.2
117098,몽뜨)설곤약향라맛30g,과자>젤리류>수입젤리,과자,젤리류,수입젤리,당일픽업,3,2,6.0,1,1,0,1,0,0,2025-04-13,2025-04-30,1200.0,1,1,6,100.0,100.0,100.0,3.0
123812,델토리)크랩새우땅콩카라멜60g,과자>스낵류>일반스낵,과자,스낵류,일반스낵,교환권,6,4,6.0,6,0,0,0,0,0,2025-04-01,2025-04-10,2000.0,0,0,6,0.0,0.0,0.0,1.5
152280,CJ)올리브유500ml,조미료/건물>식용유지>식용유,조미료/건물,식용유지,식용유,당일픽업,6,4,6.0,6,0,0,0,0,0,2025-04-04,2025-04-20,16600.0,0,0,6,0.0,0.0,0.0,1.5
109822,피치)스모어초콜릿55g,과자>초콜릿>판초콜릿,과자,초콜릿,판초콜릿,당일픽업,6,6,6.0,6,0,0,0,0,0,2025-04-10,2025-04-17,4900.0,0,0,6,0.0,0.0,0.0,1.0
124574,양촌우렁이쌀청주14도500ml(2입),전통주>기타전통주>기타,전통주,기타전통주,기타,사전예약,5,5,6.0,4,0,0,1,0,0,2025-04-02,2025-04-28,37600.0,0,1,6,0.0,25.0,0.0,1.2
106290,롯데)죠스바0칼로리75ml,아이스크림>노벨티>바,아이스크림,노벨티,바,당일픽업,4,3,6.0,3,1,0,0,0,0,2025-04-10,2025-04-20,1500.0,1,0,6,33.3333,0.0,33.3333,2.0
117965,농심)닭다리후라이드치킨66g,과자>스낵류>일반스낵,과자,스낵류,일반스낵,교환권,4,2,6.0,3,1,0,0,0,0,2025-04-04,2025-04-05,1700.0,1,0,6,33.3333,0.0,33.3333,3.0
211798,롯데)색고드름125ml,아이스크림>노벨티>컵,아이스크림,노벨티,컵,당일픽업,5,4,6.0,4,0,0,1,0,0,2025-04-01,2025-04-30,3000.0,0,1,6,0.0,25.0,0.0,1.5
220645,농심)보노콘스프3입,가공식품>상온간편식>즉석 국/스프,가공식품,상온간편식,즉석 국/스프,당일픽업,5,5,6.0,4,0,0,1,0,0,2025-04-07,2025-04-29,4400.0,0,1,6,0.0,25.0,0.0,1.2
370682,P&G)페브리즈에어(린넨스카이)_H,가정용품>방향제>탈취제,가정용품,방향제,탈취제,당일픽업,4,3,6.0,3,1,0,0,0,0,2025-04-03,2025-04-15,9000.0,1,0,6,33.3333,0.0,33.3333,2.0
141695,유성)유동골빔면골뱅이95g,가공식품>캔>수산캔,가공식품,캔,수산캔,당일픽업,7,3,6.0,2,0,0,3,2,0,2025-04-12,2025-04-28,5200.0,0,1,6,0.0,150.0,0.0,2.0
106030,롯데)제로틴케이스캔디(레몬민트)28g,과자>캔디류>기능성캔디,과자,캔디류,기능성캔디,당일픽업,6,5,6.0,6,0,0,0,0,0,2025-04-14,2025-04-20,3500.0,0,0,6,0.0,0.0,0.0,1.2
108531,PB)빵빵이후랑크치즈90g,냉장>냉장간식>소형바,냉장,냉장간식,소형바,당일픽업,5,5,6.0,4,0,0,1,0,0,2025-04-01,2025-04-14,2500.0,0,1,6,0.0,25.0,0.0,1.2
200740,웅진)자연은프리미엄세트,음료>선물세트>주스선물세트,음료,선물세트,주스선물세트,당일픽업,4,1,6.0,3,1,0,0,0,0,2025-04-10,2025-04-12,15000.0,1,0,6,33.3333,0.0,33.3333,6.0
117265,마즈)이클립스페퍼민트31g,과자>캔디류>기능성캔디,과자,캔디류,기능성캔디,당일픽업,8,4,6.0,3,2,3,0,0,0,2025-04-01,2025-04-24,3300.0,-1,0,6,66.6667,0.0,-33.3333,1.5
109976,제주거멍에일500ml캔(24입),맥주>수입맥주>캔맥주(중),맥주,수입맥주,캔맥주(중),사전예약,5,4,6.0,4,0,0,1,0,0,2025-04-02,2025-04-29,66000.0,0,1,6,0.0,25.0,0.0,1.5
382318,남영)비비안압박스타킹(살구)_H,패션잡화>스타킹>팬티스타킹,패션잡화,스타킹,팬티스타킹,당일픽업,6,6,6.0,6,0,0,0,0,0,2025-04-06,2025-04-19,5500.0,0,0,6,0.0,0.0,0.0,1.0
061931,몽블랑)까망베르큐브치즈100g,유음료>유제품>치즈,유음료,유제품,치즈,당일픽업,4,3,6.0,3,1,0,0,0,0,2025-04-06,2025-04-30,8000.0,1,0,6,33.3333,0.0,33.3333,2.0
818969,LG)뉴 퐁퐁400g_H,가정용품>세제류>주방세제,가정용품,세제류,주방세제,당일픽업,4,3,6.0,3,1,0,0,0,0,2025-04-18,2025-04-30,3700.0,1,0,6,33.3333,0.0,33.3333,2.0
062259,덴마크)얼라이브머스캣청포도250,유음료>냉장주스>유산균음료,유음료,냉장주스,유산균음료,당일픽업,6,2,6.0,4,1,1,0,0,0,2025-04-11,2025-04-23,1700.0,0,0,6,25.0,0.0,0.0,3.0
107197,삼립)달콤한애플케익90g,빵>간식빵>간식용케익,빵,간식빵,간식용케익,당일픽업,6,5,6.0,3,0,0,2,1,0,2025-04-02,2025-04-29,1800.0,0,1,6,0.0,66.6667,0.0,1.2
162253,안주야)먹태청양데리야끼맛25g,안주>생선류>수산물,안주,생선류,수산물,당일픽업,6,6,6.0,6,0,0,0,0,0,2025-04-06,2025-04-27,5900.0,0,0,6,0.0,0.0,0.0,1.0
109945,아벨라워16년 700ml,양주와인>양주>위스키,양주와인,양주,위스키,사전예약,5,5,6.0,4,0,0,1,0,0,2025-04-04,2025-04-20,299000.0,0,1,6,0.0,25.0,0.0,1.2
162412,봄날)자색군고구마칩40g,안주>농산안주>농산물,안주,농산안주,농산물,당일픽업,4,3,6.0,3,1,0,0,0,0,2025-04-02,2025-04-29,2500.0,1,0,6,33.3333,0.0,33.3333,2.0
106805,삼립)꼬부기초코바닐라생크림빵,디저트>냉장베이커리>냉장빵,디저트,냉장베이커리,냉장빵,당일픽업,6,5,6.0,6,0,0,0,0,0,2025-04-06,2025-04-28,2900.0,0,0,6,0.0,0.0,0.0,1.2
420683,모나미)UM-151흑_후크형_H,문구/완구>일반문구>팬시,문구/완구,일반문구,팬시,당일픽업,4,2,6.0,3,1,0,0,0,0,2025-04-16,2025-04-18,2200.0,1,0,6,33.3333,0.0,33.3333,3.0
073424,비오케이)피카츄의치즈떡볶이288,냉장>냉장간편식>냉장떡볶이,냉장,냉장간편식,냉장떡볶이,당일픽업,5,4,6.0,4,0,0,1,0,0,2025-04-03,2025-04-25,3700.0,0,1,6,0.0,25.0,0.0,1.5
202572,칠성)더하다보리차500ml,음료>차음료>보리차,음료,차음료,보리차,당일픽업,6,3,6.0,6,0,0,0,0,0,2025-04-05,2025-04-20,2000.0,0,0,6,0.0,0.0,0.0,2.0
109975,제주펠롱에일500ml캔(24입),맥주>수입맥주>캔맥주(중),맥주,수입맥주,캔맥주(중),사전예약,5,4,6.0,4,0,0,1,0,0,2025-04-09,2025-04-21,66000.0,0,1,6,0.0,25.0,0.0,1.5
108998,티머니)카카오카드(투명)_라이언,서비스 상품>일반서비스>교통카드판매,서비스 상품,일반서비스,교통카드판매,당일픽업,6,5,6.0,6,0,0,0,0,0,2025-04-13,2025-04-27,5000.0,0,0,6,0.0,0.0,0.0,1.2
170550,하이트)필라이트후레쉬355ml캔,맥주>국산맥주>캔맥주(소),맥주,국산맥주,캔맥주(소),당일픽업,6,4,6.0,4,1,1,0,0,0,2025-04-06,2025-04-23,1250.0,0,0,6,25.0,0.0,0.0,1.5
401935,유한)해피홈슈퍼쿨파스5입_H,약품/의료품>의약외품>의약외품,약품/의료품,의약외품,의약외품,당일픽업,4,2,6.0,3,1,0,0,0,0,2025-04-12,2025-04-26,3900.0,1,0,6,33.3333,0.0,33.3333,3.0
170504,하이트)테라피쳐1.6L,맥주>국산맥주>PET맥주,맥주,국산맥주,PET맥주,당일픽업,4,2,6.0,3,1,0,0,0,0,2025-04-04,2025-04-08,8300.0,1,0,6,33.3333,0.0,33.3333,3.0
119718,MZ)밀카버블리100g,과자>초콜릿>판초콜릿,과자,초콜릿,판초콜릿,교환권,4,2,6.0,3,1,0,0,0,0,2025-04-01,2025-04-25,4800.0,1,0,6,33.3333,0.0,33.3333,3.0
107435,K리그X산리오 스트랩키링(바츠마루/K리그),문구/완구>일반완구>일반완구,문구/완구,일반완구,일반완구,당일픽업,6,4,6.0,3,0,0,2,1,0,2025-04-02,2025-04-25,9000.0,0,1,6,0.0,66.6667,0.0,1.5
110723,삼양)짱구115g,과자>스낵류>일반스낵,과자,스낵류,일반스낵,당일픽업,5,5,5.0,5,0,0,0,0,0,2025-04-02,2025-04-29,1500.0,0,0,5,0.0,0.0,0.0,1.0
133720,대상)순창(현미)찰고추장200g,조미료/건물>장류>장,조미료/건물,장류,장,당일픽업,3,2,5.0,2,1,0,0,0,0,2025-04-08,2025-04-25,4750.0,1,0,5,50.0,0.0,50.0,2.5
124606,도원결의40도360ml(3입),전통주>기타전통주>기타,전통주,기타전통주,기타,사전예약,4,4,5.0,3,0,0,1,0,0,2025-04-08,2025-04-25,45000.0,0,1,5,0.0,33.3333,0.0,1.25
105669,티머니)라인프렌즈_제주도여행,서비스 상품>일반서비스>교통카드판매,서비스 상품,일반서비스,교통카드판매,당일픽업,4,4,5.0,3,0,0,1,0,0,2025-04-06,2025-04-28,5000.0,0,1,5,0.0,33.3333,0.0,1.25
104326,해태)락맛동산165g,과자>스낵류>일반스낵,과자,스낵류,일반스낵,당일픽업,4,2,5.0,1,1,1,1,0,0,2025-04-02,2025-04-16,3200.0,0,1,5,100.0,100.0,0.0,2.5
413049,동원)뉴트리흰살참치연어(애묘)_H,일용잡화>반려동물용품>반려묘,일용잡화,반려동물용품,반려묘,당일픽업,4,1,5.0,1,1,0,1,1,0,2025-04-08,2025-04-08,2000.0,1,0,5,100.0,100.0,100.0,5.0
107392,PB)미니꼬리빗2P_H,미용/화장품>미용소품>미용 소도구,미용/화장품,미용소품,미용 소도구,당일픽업,5,3,5.0,2,0,0,2,1,0,2025-04-05,2025-04-18,2500.0,0,1,5,0.0,100.0,0.0,1.6667
073364,고래사)어묵탕(얼큰한맛)360g,냉장>냉장간편식>반찬/국탕류,냉장,냉장간편식,반찬/국탕류,당일픽업,4,4,5.0,3,0,0,1,0,0,2025-04-06,2025-04-17,3900.0,0,1,5,0.0,33.3333,0.0,1.25
413416,듀라셀)코인건전지2032(4입)_H,일용잡화>건전지>기타사이즈,일용잡화,건전지,기타사이즈,당일픽업,5,4,5.0,5,0,0,0,0,0,2025-04-06,2025-04-22,10900.0,0,0,5,0.0,0.0,0.0,1.25
371786,롯알)양면다목적수세미_H,가정용품>주방용품>수세미/행주류,가정용품,주방용품,수세미/행주류,당일픽업,3,2,5.0,2,1,0,0,0,0,2025-04-03,2025-04-18,2000.0,1,0,5,50.0,0.0,50.0,2.5
093735,프레시팜)청양고추150g(봉),신선>야채>센터채소,신선,야채,센터채소,당일픽업,5,3,5.0,5,0,0,0,0,0,2025-04-03,2025-04-30,2700.0,0,0,5,0.0,0.0,0.0,1.6667
062500,서울F)뽀로로초코우유140ml,유음료>가공우유>초코우유,유음료,가공우유,초코우유,당일픽업,3,1,5.0,2,1,0,0,0,0,2025-04-02,2025-04-02,1300.0,1,0,5,50.0,0.0,50.0,5.0
107787,K리그산리오)인형_코로쿠리링,문구/완구>일반완구>일반완구,문구/완구,일반완구,일반완구,당일픽업,3,3,5.0,1,0,0,2,0,0,2025-04-02,2025-04-17,25000.0,0,2,5,0.0,200.0,0.0,1.6667
600838,롯데)꼬깔콘고소한맛(대)134g,과자>스낵류>옥수수스낵,과자,스낵류,옥수수스낵,교환권,5,5,5.0,5,0,0,0,0,0,2025-04-05,2025-04-30,3400.0,0,0,5,0.0,0.0,0.0,1.0
123463,델리카토 노블바인 181 메를로,양주와인>와인>레드,양주와인,와인,레드,사전예약,5,5,5.0,5,0,0,0,0,0,2025-04-04,2025-04-27,36900.0,0,0,5,0.0,0.0,0.0,1.0
108413,스위트)트롤리베리향구미,과자>젤리류>수입젤리,과자,젤리류,수입젤리,당일픽업,3,1,5.0,2,1,0,0,0,0,2025-04-24,2025-04-24,2500.0,1,0,5,50.0,0.0,50.0,5.0
600835,미스티)마이키링(도라에몽)10g,과자>캔디류>토이캔디,과자,캔디류,토이캔디,교환권,3,2,5.0,2,1,0,0,0,0,2025-04-05,2025-04-10,3000.0,1,0,5,50.0,0.0,50.0,2.5
354098,센카클레이클렌징폼120g_H,미용/화장품>여성화장품>클렌징,미용/화장품,여성화장품,클렌징,당일픽업,3,2,5.0,2,1,0,0,0,0,2025-04-12,2025-04-15,10800.0,1,0,5,50.0,0.0,50.0,2.5
106980,삼립)주종고구마도라야끼(2입),빵>구움과자>구움과자,빵,구움과자,구움과자,당일픽업,5,5,5.0,5,0,0,0,0,0,2025-04-01,2025-04-29,2600.0,0,0,5,0.0,0.0,0.0,1.0
240309,오뚜기)연와사비35g,조미료/건물>조미료>복합조미료/향신료,조미료/건물,조미료,복합조미료/향신료,당일픽업,5,1,5.0,3,1,1,0,0,0,2025-04-24,2025-04-25,2300.0,0,0,5,33.3333,0.0,0.0,5.0
107431,K리그X산리오 스트랩키링(시나모롤/울산),문구/완구>일반완구>일반완구,문구/완구,일반완구,일반완구,당일픽업,3,3,5.0,1,0,0,2,0,0,2025-04-02,2025-04-28,9000.0,0,2,5,0.0,200.0,0.0,1.6667
124595,귀리귀인1894혁명45도500ml,전통주>기타전통주>기타,전통주,기타전통주,기타,사전예약,5,4,5.0,5,0,0,0,0,0,2025-04-03,2025-04-16,50000.0,0,0,5,0.0,0.0,0.0,1.25
116670,롯데)도리토스나쵸치즈맛84g,과자>스낵류>옥수수스낵,과자,스낵류,옥수수스낵,교환권,5,5,5.0,5,0,0,0,0,0,2025-04-01,2025-04-28,1700.0,0,0,5,0.0,0.0,0.0,1.0
114798,코노수르 싱글빈야드 피노누아750ml,양주와인>와인>레드,양주와인,와인,레드,사전예약,4,4,5.0,3,0,0,1,0,0,2025-04-08,2025-04-29,31600.0,0,1,5,0.0,33.3333,0.0,1.25
413297,마즈)쉬바멜티참치2가지맛_H,일용잡화>반려동물용품>반려묘,일용잡화,반려동물용품,반려묘,당일픽업,5,5,5.0,5,0,0,0,0,0,2025-04-01,2025-04-15,3500.0,0,0,5,0.0,0.0,0.0,1.0
112743,SAMG)하츄핑달콤한별가루젤리,과자>젤리류>국산젤리,과자,젤리류,국산젤리,당일픽업,5,3,5.0,5,0,0,0,0,0,2025-04-03,2025-04-30,2000.0,0,0,5,0.0,0.0,0.0,1.6667
093869,풀무원)국산콩찌개/부침두부600g,신선>야채>두부/콩나물,신선,야채,두부/콩나물,당일픽업,5,4,5.0,5,0,0,0,0,0,2025-04-02,2025-04-16,6000.0,0,0,5,0.0,0.0,0.0,1.25
421626,단순)미니수정테이프(투명)_H,문구/완구>일반문구>수정/접착용품,문구/완구,일반문구,수정/접착용품,당일픽업,4,2,5.0,3,0,0,1,0,0,2025-04-13,2025-04-28,2200.0,0,1,5,0.0,33.3333,0.0,2.5
601042,일신)쥬시드롭디퍼즈96g,과자>젤리류>수입젤리,과자,젤리류,수입젤리,당일픽업,5,4,5.0,5,0,0,0,0,0,2025-04-05,2025-04-28,5000.0,0,0,5,0.0,0.0,0.0,1.25
100089,매일)로쉐T-3,과자>초콜릿>볼초콜릿,과자,초콜릿,볼초콜릿,당일픽업,5,3,5.0,3,1,1,0,0,0,2025-04-11,2025-04-27,3500.0,0,0,5,33.3333,0.0,0.0,1.6667
107815,K리그산리오)인형 키링_페클,문구/완구>일반완구>일반완구,문구/완구,일반완구,일반완구,당일픽업,4,3,5.0,3,0,0,1,0,0,2025-04-02,2025-04-19,15000.0,0,1,5,0.0,33.3333,0.0,1.6667
410168,맨담)갸스비수퍼하드젤200Ｇ_H,미용/화장품>헤어스타일링>젤,미용/화장품,헤어스타일링,젤,당일픽업,3,2,5.0,2,1,0,0,0,0,2025-04-03,2025-04-08,6500.0,1,0,5,50.0,0.0,50.0,2.5
421255,모나미)수정테이프8M_H,문구/완구>일반문구>칼/가위/테이프,문구/완구,일반문구,칼/가위/테이프,당일픽업,5,3,5.0,5,0,0,0,0,0,2025-04-21,2025-04-29,2300.0,0,0,5,0.0,0.0,0.0,1.6667
140814,오뚜기)오뚜기밥210g*4입,가공식품>가공미반류>즉석밥,가공식품,가공미반류,즉석밥,교환권,3,1,5.0,2,1,0,0,0,0,2025-04-17,2025-04-17,7200.0,1,0,5,50.0,0.0,50.0,5.0
370513,PB)예식장갑_H,가정용품>청소/작업용품>장갑류,가정용품,청소/작업용품,장갑류,당일픽업,3,1,5.0,2,1,0,0,0,0,2025-04-02,2025-04-02,1500.0,1,0,5,50.0,0.0,50.0,5.0
401175,코리아)발렌타인플래티넘콘돔5입_H,약품/의료품>의약외품>일반콘돔,약품/의료품,의약외품,일반콘돔,당일픽업,5,5,5.0,5,0,0,0,0,0,2025-04-13,2025-04-30,5500.0,0,0,5,0.0,0.0,0.0,1.0
370977,PB)맥주종이컵5입,가정용품>행락용품>종이컵,가정용품,행락용품,종이컵,당일픽업,5,3,5.0,3,1,1,0,0,0,2025-04-05,2025-04-09,800.0,0,0,5,33.3333,0.0,0.0,1.6667
170938,비어)칭따오넌알콜레몬330ml캔,맥주>무알콜맥주>무알콜맥주(수입),맥주,무알콜맥주,무알콜맥주(수입),당일픽업,5,4,5.0,5,0,0,0,0,0,2025-04-02,2025-04-20,2000.0,0,0,5,0.0,0.0,0.0,1.25
117266,마즈)이클립스딸기31g,과자>캔디류>기능성캔디,과자,캔디류,기능성캔디,교환권,3,1,5.0,2,1,0,0,0,0,2025-04-06,2025-04-06,3300.0,1,0,5,50.0,0.0,50.0,5.0
107186,오뚜기)현미쇠고기죽285g,가공식품>가공미반류>죽,가공식품,가공미반류,죽,당일픽업,5,2,5.0,3,1,1,0,0,0,2025-04-02,2025-04-26,4500.0,0,0,5,33.3333,0.0,0.0,2.5
106304,해태)맛동산프레첼90g,과자>스낵류>일반스낵,과자,스낵류,일반스낵,당일픽업,4,4,5.0,3,0,0,1,0,0,2025-04-03,2025-04-25,2000.0,0,1,5,0.0,33.3333,0.0,1.25
192546,메종카스텔그랑리저브까버네,양주와인>와인>레드,양주와인,와인,레드,사전예약,5,5,5.0,5,0,0,0,0,0,2025-04-08,2025-04-16,23800.0,0,0,5,0.0,0.0,0.0,1.0
815125,칠성)건강기원세트,음료>선물세트>주스선물세트,음료,선물세트,주스선물세트,당일픽업,3,1,5.0,2,1,0,0,0,0,2025-04-16,2025-04-16,15500.0,1,0,5,50.0,0.0,50.0,5.0
122202,이디야)골드블렌드커피믹스20입,건강/기호식품>커피>믹스커피,건강/기호식품,커피,믹스커피,당일픽업,5,2,5.0,5,0,0,0,0,0,2025-04-07,2025-04-15,4800.0,0,0,5,0.0,0.0,0.0,2.5
052658,칠성)칸타타스윗아메리카노제로230ml,즉석음료>파우치>아이스커피,즉석음료,파우치,아이스커피,당일픽업,3,2,5.0,2,1,0,0,0,0,2025-04-02,2025-04-05,1400.0,1,0,5,50.0,0.0,50.0,2.5
411371,도루코)PACE6중날휴대면도기1입_H,H&B>면도용품>일회용면도기,H&B,면도용품,일회용면도기,당일픽업,5,2,5.0,5,0,0,0,0,0,2025-04-09,2025-04-12,3200.0,0,0,5,0.0,0.0,0.0,2.5
106666,PB)아메리카노300ml,유음료>컵커피>300ml 이상,유음료,컵커피,300ml 이상,교환권,7,7,5.0,6,0,0,0,1,0,2025-04-05,2025-04-27,2800.0,0,-1,5,0.0,0.0,0.0,0.7143
123128,훼밀리)왕왕어포60g,안주>스낵안주>어육스낵,안주,스낵안주,어육스낵,당일픽업,3,1,5.0,2,1,0,0,0,0,2025-04-06,2025-04-06,5000.0,1,0,5,50.0,0.0,50.0,5.0
160869,해태)과일촌180ml혼합 12입,음료>선물세트>주스선물세트,음료,선물세트,주스선물세트,당일픽업,5,3,5.0,3,1,1,0,0,0,2025-04-03,2025-04-29,16200.0,0,0,5,33.3333,0.0,0.0,1.6667
118145,해태)후렌치파이사과192g,과자>비스킷류>파이,과자,비스킷류,파이,당일픽업,5,4,5.0,5,0,0,0,0,0,2025-04-03,2025-04-25,4200.0,0,0,5,0.0,0.0,0.0,1.25
053124,고래사)새우봉꼬치,즉석 식품>즉석간식>어묵,즉석 식품,즉석간식,어묵,당일픽업,4,4,5.0,3,0,0,1,0,0,2025-04-01,2025-04-13,1600.0,0,1,5,0.0,33.3333,0.0,1.25
391041,깨끗한)디어스킨에어엠보대형14P,위생용품>생리대>대형,위생용품,생리대,대형,당일픽업,5,4,5.0,5,0,0,0,0,0,2025-04-04,2025-04-20,8100.0,0,0,5,0.0,0.0,0.0,1.25
113155,엘리먼츠 오브 아일라 셰리캐스크 700ml,양주와인>양주>위스키,양주와인,양주,위스키,사전예약,5,5,5.0,5,0,0,0,0,0,2025-04-04,2025-04-26,169000.0,0,0,5,0.0,0.0,0.0,1.0
062101,칠성)오가닉사과&당근주스125ml,유음료>냉장주스>냉장주스(소),유음료,냉장주스,냉장주스(소),당일픽업,5,5,5.0,5,0,0,0,0,0,2025-04-03,2025-04-28,1500.0,0,0,5,0.0,0.0,0.0,1.0
053278,오징어라이스볼꼬치,즉석 식품>즉석치킨>꼬치류,즉석 식품,즉석치킨,꼬치류,당일픽업,5,5,5.0,5,0,0,0,0,0,2025-04-09,2025-04-30,2300.0,0,0,5,0.0,0.0,0.0,1.0
353426,에스디)블랙옴므 올인원로션80ml_H,미용/화장품>남성화장품>기초화장품,미용/화장품,남성화장품,기초화장품,당일픽업,3,1,5.0,2,1,0,0,0,0,2025-04-20,2025-04-20,9500.0,1,0,5,50.0,0.0,50.0,5.0
180641,선양)맑을린360ml병,전통주>소주>병소주,전통주,소주,병소주,당일픽업,5,5,5.0,5,0,0,0,0,0,2025-04-04,2025-04-24,1900.0,0,0,5,0.0,0.0,0.0,1.0
107464,나무)빵빵이쫜득볼젤리18g,과자>젤리류>국산젤리,과자,젤리류,국산젤리,당일픽업,5,5,5.0,5,0,0,0,0,0,2025-04-01,2025-04-29,1000.0,0,0,5,0.0,0.0,0.0,1.0
062386,PB)헬로맨아메리카노320ml,유음료>컵커피>300ml 이상,유음료,컵커피,300ml 이상,당일픽업,5,5,5.0,5,0,0,0,0,0,2025-04-02,2025-04-19,3100.0,0,0,5,0.0,0.0,0.0,1.0
115300,롯데)허쉬키세스쿠키앤크림52g,과자>초콜릿>봉지초콜릿,과자,초콜릿,봉지초콜릿,당일픽업,6,2,5.0,2,1,1,1,1,0,2025-04-06,2025-04-23,2700.0,0,0,5,50.0,50.0,0.0,2.5
120783,네슬레)수프리모커피믹스20입,건강/기호식품>커피>믹스커피,건강/기호식품,커피,믹스커피,당일픽업,4,2,5.0,3,0,0,1,0,0,2025-04-02,2025-04-03,5300.0,0,1,5,0.0,33.3333,0.0,2.5
600784,오리온)톡핑아몬드그래놀라43g,과자>초콜릿>판초콜릿,과자,초콜릿,판초콜릿,당일픽업,4,3,5.0,3,0,0,1,0,0,2025-04-10,2025-04-27,1600.0,0,1,5,0.0,33.3333,0.0,1.6667
109728,하림)더미식갈비교자140g,냉동>냉동만두>트레이만두,냉동,냉동만두,트레이만두,당일픽업,5,4,5.0,5,0,0,0,0,0,2025-04-03,2025-04-27,5500.0,0,0,5,0.0,0.0,0.0,1.25
107136,PB)제로곤약젤리복숭아140ml,디저트>젤리>마시는젤리,디저트,젤리,마시는젤리,교환권,4,4,5.0,3,0,0,1,0,0,2025-04-14,2025-04-28,1600.0,0,1,5,0.0,33.3333,0.0,1.25
062510,덴마크)드링킹플레인275ml,유음료>요구르트>드링킹요구르트,유음료,요구르트,드링킹요구르트,당일픽업,3,3,5.0,1,0,0,2,0,0,2025-04-14,2025-04-18,2400.0,0,2,5,0.0,200.0,0.0,1.6667
211134,하겐)초콜릿촉아몬드80ml,아이스크림>고급>바,아이스크림,고급,바,당일픽업,13,10,5.0,7,1,5,0,0,0,2025-04-01,2025-04-15,6900.0,-4,0,5,14.2857,0.0,-57.1429,0.5
402138,쉬즈)사가미오리지널001 2입(L)_H,약품/의료품>의약외품>일반콘돔,약품/의료품,의약외품,일반콘돔,당일픽업,5,5,5.0,5,0,0,0,0,0,2025-04-01,2025-04-20,14800.0,0,0,5,0.0,0.0,0.0,1.0
360871,PB)남성여행용세트_H,H&B>여행용상품>여행용상품,H&B,여행용상품,여행용상품,당일픽업,3,2,5.0,2,1,0,0,0,0,2025-04-25,2025-04-25,8900.0,1,0,5,50.0,0.0,50.0,2.5
391108,유한)좋은느낌무표백중형16P,위생용품>생리대>중형,위생용품,생리대,중형,당일픽업,5,5,5.0,5,0,0,0,0,0,2025-04-05,2025-04-28,12500.0,0,0,5,0.0,0.0,0.0,1.0
362597,LG)히말라야핑크솔트치약100g_H,H&B>치약>일반치약,H&B,치약,일반치약,당일픽업,5,5,5.0,5,0,0,0,0,0,2025-04-02,2025-04-20,6000.0,0,0,5,0.0,0.0,0.0,1.0
180801,대선)대선소주640ml페트,전통주>소주>페트소주,전통주,소주,페트소주,당일픽업,3,2,5.0,2,1,0,0,0,0,2025-04-14,2025-04-21,3300.0,1,0,5,50.0,0.0,50.0,2.5
122563,담터)콤부차레몬10T피카츄,건강/기호식품>차>분말차류,건강/기호식품,차,분말차류,당일픽업,5,4,5.0,5,0,0,0,0,0,2025-04-02,2025-04-24,8000.0,0,0,5,0.0,0.0,0.0,1.25
124756,삼립)런치킨브레스트콤보샐러드,간식>샐러드(삭제예정)>채소샐러드(삭제예정),간식,샐러드(삭제예정),채소샐러드(삭제예정),당일픽업,5,5,5.0,5,0,0,0,0,0,2025-04-05,2025-04-25,4000.0,0,0,5,0.0,0.0,0.0,1.0
113694,파쏘아700ml,양주와인>양주>위스키,양주와인,양주,위스키,사전예약,5,5,5.0,5,0,0,0,0,0,2025-04-01,2025-04-30,25900.0,0,0,5,0.0,0.0,0.0,1.0
113789,MQ)프링글스매운맛110g,과자>스낵류>감자스낵,과자,스낵류,감자스낵,교환권,4,4,5.0,3,0,0,1,0,0,2025-04-04,2025-04-18,4000.0,0,1,5,0.0,33.3333,0.0,1.25
140725,오뚜기)단호박죽285g,가공식품>가공미반류>죽,가공식품,가공미반류,죽,당일픽업,3,2,5.0,2,1,0,0,0,0,2025-04-18,2025-04-30,4500.0,1,0,5,50.0,0.0,50.0,2.5
420585,모나미)샤프심HB(0.5)_H,문구/완구>일반문구>팬시,문구/완구,일반문구,팬시,당일픽업,3,2,5.0,2,1,0,0,0,0,2025-04-09,2025-04-20,700.0,1,0,5,50.0,0.0,50.0,2.5
150306,나뚜루)딸기컵,아이스크림>고급>컵,아이스크림,고급,컵,교환권,5,4,5.0,2,0,0,2,1,0,2025-04-05,2025-04-21,5900.0,0,1,5,0.0,100.0,0.0,1.25
202599,동원)투명이온500ml,음료>스포츠음료>스포츠음료(중),음료,스포츠음료,스포츠음료(중),당일픽업,5,4,5.0,5,0,0,0,0,0,2025-04-03,2025-04-22,2200.0,0,0,5,0.0,0.0,0.0,1.25
191263,샌드만화이트포트 580ml,양주와인>와인>화이트,양주와인,와인,화이트,사전예약,5,5,5.0,5,0,0,0,0,0,2025-04-02,2025-04-24,26000.0,0,0,5,0.0,0.0,0.0,1.0
351295,니베아)립케어 모이스춰_H,미용/화장품>여성화장품>립케어,미용/화장품,여성화장품,립케어,당일픽업,3,2,5.0,2,1,0,0,0,0,2025-04-15,2025-04-17,5500.0,1,0,5,50.0,0.0,50.0,2.5
123574,카구아 루즈 (6본입),맥주>수입맥주>병맥주,맥주,수입맥주,병맥주,사전예약,4,4,5.0,3,0,0,1,0,0,2025-04-04,2025-04-29,87300.0,0,1,5,0.0,33.3333,0.0,1.25
119827,마즈)엠앤엠즈블록크리스피44g,과자>초콜릿>판초콜릿,과자,초콜릿,판초콜릿,당일픽업,3,2,5.0,2,1,0,0,0,0,2025-04-18,2025-04-29,1800.0,1,0,5,50.0,0.0,50.0,2.5
601311,나무)짜릿새콤롤솜사탕9g,과자>캔디류>소프트캔디,과자,캔디류,소프트캔디,당일픽업,5,3,5.0,2,0,0,2,1,0,2025-04-02,2025-04-20,1800.0,0,1,5,0.0,100.0,0.0,1.6667
073537,장충동)족발수육반반세트215g,냉장>냉장안주>족발/순대,냉장,냉장안주,족발/순대,당일픽업,5,2,5.0,3,1,1,0,0,0,2025-04-01,2025-04-16,12500.0,0,0,5,33.3333,0.0,0.0,2.5
170915,하이트)켈리355ml캔,맥주>국산맥주>캔맥주(소),맥주,국산맥주,캔맥주(소),당일픽업,5,4,5.0,5,0,0,0,0,0,2025-04-03,2025-04-19,2250.0,0,0,5,0.0,0.0,0.0,1.25
113217,마즈)엠앤엠즈피넛37g,과자>초콜릿>볼초콜릿,과자,초콜릿,볼초콜릿,당일픽업,3,2,5.0,2,1,0,0,0,0,2025-04-04,2025-04-07,1800.0,1,0,5,50.0,0.0,50.0,2.5
162394,바다원)어포튀각50g,안주>생선류>어육스낵,안주,생선류,어육스낵,당일픽업,4,4,5.0,3,0,0,1,0,0,2025-04-07,2025-04-23,4500.0,0,1,5,0.0,33.3333,0.0,1.25
361972,P&G)헤드앤숄더두피샴푸550ml_H,H&B>샴푸/린스>샴푸,H&B,샴푸/린스,샴푸,당일픽업,5,2,5.0,3,1,1,0,0,0,2025-04-10,2025-04-20,15800.0,0,0,5,33.3333,0.0,0.0,2.5
201107,칠성)아이시스2L(8.0),음료>생수>1000ml이상,음료,생수,1000ml이상,당일픽업,3,2,5.0,2,1,0,0,0,0,2025-04-11,2025-04-19,1950.0,1,0,5,50.0,0.0,50.0,2.5
115438,주라 21년 700ml,양주와인>양주>위스키,양주와인,양주,위스키,사전예약,6,5,5.0,4,0,1,1,0,0,2025-04-02,2025-04-23,480000.0,-1,1,5,0.0,25.0,-25.0,1.0
124146,팔도)볼케이노까르보나라4입,면>봉지면>비빔/볶음면,면,봉지면,비빔/볶음면,당일픽업,5,4,5.0,5,0,0,0,0,0,2025-04-14,2025-04-30,6800.0,0,0,5,0.0,0.0,0.0,1.25
108732,페레로)로쉐바다크90g,과자>초콜릿>판초콜릿,과자,초콜릿,판초콜릿,당일픽업,5,4,5.0,5,0,0,0,0,0,2025-04-15,2025-04-29,5500.0,0,0,5,0.0,0.0,0.0,1.25
390928,유한)좋은는낌순면라이너롱18P,위생용품>생리대>팬티라이너,위생용품,생리대,팬티라이너,당일픽업,5,5,5.0,5,0,0,0,0,0,2025-04-08,2025-04-23,4500.0,0,0,5,0.0,0.0,0.0,1.0
401902,휴마시스)자가검사키트2입,약품/의료품>의료기기>코로나 자가검사키트,약품/의료품,의료기기,코로나 자가검사키트,당일픽업,5,3,5.0,5,0,0,0,0,0,2025-04-09,2025-04-15,12000.0,0,0,5,0.0,0.0,0.0,1.6667
600816,농심)멘토스2in1(그레이프소다),과자>캔디류>행사상품,과자,캔디류,행사상품,당일픽업,5,2,5.0,3,1,1,0,0,0,2025-04-03,2025-04-19,1500.0,0,0,5,33.3333,0.0,0.0,2.5
113145,브룩라디 스코티시 발리 700ml,양주와인>양주>위스키,양주와인,양주,위스키,사전예약,5,5,5.0,5,0,0,0,0,0,2025-04-03,2025-04-27,146000.0,0,0,5,0.0,0.0,0.0,1.0
161483,샘표)질러부드러운우육포30g,안주>육포>육포,안주,육포,육포,당일픽업,5,3,5.0,3,1,1,0,0,0,2025-04-01,2025-04-09,4900.0,0,0,5,33.3333,0.0,0.0,1.6667
170501,비어)칭따오퓨어드래프트500ml캔,맥주>수입맥주>캔맥주(중),맥주,수입맥주,캔맥주(중),당일픽업,5,4,5.0,5,0,0,0,0,0,2025-04-08,2025-04-30,4500.0,0,0,5,0.0,0.0,0.0,1.25
211465,롯데)스크류바포도75ml,아이스크림>노벨티>바,아이스크림,노벨티,바,당일픽업,3,3,5.0,1,0,0,2,0,0,2025-04-17,2025-04-30,1500.0,0,2,5,0.0,200.0,0.0,1.6667
220645,농심)보노콘스프3입,가공식품>상온간편식>즉석 국/스프,가공식품,상온간편식,즉석 국/스프,교환권,5,1,5.0,3,1,1,0,0,0,2025-04-02,2025-04-17,4400.0,0,0,5,33.3333,0.0,0.0,5.0
140890,CJ)비비고육개장500g,가공식품>상온간편식>레토르트 국탕찌개,가공식품,상온간편식,레토르트 국탕찌개,교환권,5,3,5.0,5,0,0,0,0,0,2025-04-02,2025-04-21,5900.0,0,0,5,0.0,0.0,0.0,1.6667
106054,유앤)먹태이토마라맛70g,과자>스낵류>일반스낵,과자,스낵류,일반스낵,당일픽업,5,4,5.0,2,0,0,2,1,0,2025-04-02,2025-04-17,1700.0,0,1,5,0.0,100.0,0.0,1.25
107807,K리그산리오)인형 키링_타이니참,문구/완구>일반완구>일반완구,문구/완구,일반완구,일반완구,당일픽업,3,3,5.0,1,0,0,2,0,0,2025-04-01,2025-04-18,15000.0,0,2,5,0.0,200.0,0.0,1.6667
117134,훼밀리)골든카레순한맛230g,가공식품>상온간편식>레토르트 소스/분말,가공식품,상온간편식,레토르트 소스/분말,교환권,4,4,5.0,3,0,0,1,0,0,2025-04-05,2025-04-29,4800.0,0,1,5,0.0,33.3333,0.0,1.25
362547,PB)도루코6중날면도기기획세트_H,H&B>면도용품>면도기,H&B,면도용품,면도기,당일픽업,3,2,5.0,2,1,0,0,0,0,2025-04-05,2025-04-10,21900.0,1,0,5,50.0,0.0,50.0,2.5
108519,PB)빵빵이후랑크오리지널90g,냉장>냉장간식>소형바,냉장,냉장간식,소형바,당일픽업,5,4,5.0,5,0,0,0,0,0,2025-04-01,2025-04-19,2500.0,0,0,5,0.0,0.0,0.0,1.25
153098,부라보)스리라차핫칠리250g,조미료/건물>소스류>드레싱/디핑소스,조미료/건물,소스류,드레싱/디핑소스,당일픽업,8,5,5.0,5,0,1,1,1,0,2025-04-12,2025-04-23,5900.0,-1,0,5,0.0,20.0,-20.0,1.0
123583,농심)츄파춥스디즈니플러피키링기획팩,과자>캔디류>행사상품,과자,캔디류,행사상품,당일픽업,5,5,5.0,5,0,0,0,0,0,2025-04-01,2025-04-19,19500.0,0,0,5,0.0,0.0,0.0,1.0
191874,디카이퍼 블루큐라소700ml,양주와인>리쿼>리쿼,양주와인,리쿼,리쿼,사전예약,5,5,5.0,5,0,0,0,0,0,2025-04-03,2025-04-14,26200.0,0,0,5,0.0,0.0,0.0,1.0
109126,대림)한입에반하닭매콤청양90g,냉장>냉장간식>소형바,냉장,냉장간식,소형바,당일픽업,5,5,5.0,5,0,0,0,0,0,2025-04-06,2025-04-23,3900.0,0,0,5,0.0,0.0,0.0,1.0
170522,오비)필굿1.6L페트,맥주>국산맥주>PET맥주,맥주,국산맥주,PET맥주,당일픽업,5,2,5.0,3,1,1,0,0,0,2025-04-01,2025-04-30,3900.0,0,0,5,33.3333,0.0,0.0,2.5
113693,마틴밀러스 진700ml,양주와인>양주>위스키,양주와인,양주,위스키,사전예약,5,4,5.0,5,0,0,0,0,0,2025-04-01,2025-04-18,52900.0,0,0,5,0.0,0.0,0.0,1.25
117123,시원)마키아또누가(초코)80g,과자>캔디류>봉지캔디,과자,캔디류,봉지캔디,당일픽업,4,4,5.0,3,0,0,1,0,0,2025-04-10,2025-04-28,3500.0,0,1,5,0.0,33.3333,0.0,1.25
411727,PJ)비프&치즈100g_H,일용잡화>반려동물용품>반려견,일용잡화,반려동물용품,반려견,당일픽업,3,2,5.0,2,1,0,0,0,0,2025-04-09,2025-04-19,2200.0,1,0,5,50.0,0.0,50.0,2.5
123362,크레스만 그랑 리저브 메독,양주와인>와인>레드,양주와인,와인,레드,사전예약,5,5,5.0,5,0,0,0,0,0,2025-04-03,2025-04-17,25900.0,0,0,5,0.0,0.0,0.0,1.0
151422,오뚜기)뉴슈가60g,조미료/건물>조미료>설탕,조미료/건물,조미료,설탕,당일픽업,3,2,5.0,2,1,0,0,0,0,2025-04-13,2025-04-26,800.0,1,0,5,50.0,0.0,50.0,2.5
180808,롯데)처음처럼500ml페트,전통주>소주>페트소주,전통주,소주,페트소주,당일픽업,5,4,5.0,5,0,0,0,0,0,2025-04-06,2025-04-21,2400.0,0,0,5,0.0,0.0,0.0,1.25
162080,정화)왕커다란쥐포2마리95g,안주>생선류>쥐포,안주,생선류,쥐포,당일픽업,3,1,5.0,2,1,0,0,0,0,2025-04-09,2025-04-09,5700.0,1,0,5,50.0,0.0,50.0,5.0
390866,LG)내몸에순한면 수퍼롱3P,위생용품>생리대>4P,위생용품,생리대,4P,당일픽업,5,3,5.0,5,0,0,0,0,0,2025-04-25,2025-04-27,4500.0,0,0,5,0.0,0.0,0.0,1.6667
117585,롯데)하비스트오리지널100g,과자>비스킷류>크래커,과자,비스킷류,크래커,당일픽업,3,2,5.0,2,1,0,0,0,0,2025-04-16,2025-04-23,1700.0,1,0,5,50.0,0.0,50.0,2.5
202528,광동)밀싹보리차500ml,음료>차음료>보리차,음료,차음료,보리차,당일픽업,3,2,5.0,2,1,0,0,0,0,2025-04-07,2025-04-16,2200.0,1,0,5,50.0,0.0,50.0,2.5
190975,산토리)호로요이피치350ml캔,양주와인>리쿼>리쿼,양주와인,리쿼,리쿼,당일픽업,4,4,5.0,3,0,0,1,0,0,2025-04-02,2025-04-28,3200.0,0,1,5,0.0,33.3333,0.0,1.25
361999,LG)엘라스틴실크리페어샴푸400ml_H,H&B>샴푸/린스>샴푸,H&B,샴푸/린스,샴푸,당일픽업,5,5,5.0,5,0,0,0,0,0,2025-04-02,2025-04-27,11900.0,0,0,5,0.0,0.0,0.0,1.0
124594,귀리귀인1894고부25도500ml(2입),전통주>기타전통주>기타,전통주,기타전통주,기타,사전예약,4,4,5.0,3,0,0,1,0,0,2025-04-02,2025-04-20,40000.0,0,1,5,0.0,33.3333,0.0,1.25
600313,해태)홈런볼128g,과자>비스킷류>쿠키,과자,비스킷류,쿠키,교환권,5,3,5.0,3,1,1,0,0,0,2025-04-05,2025-04-18,5000.0,0,0,5,33.3333,0.0,0.0,1.6667
123369,비네암 샤또 그랑 페랑 테르 아무레즈,양주와인>와인>레드,양주와인,와인,레드,사전예약,5,5,5.0,5,0,0,0,0,0,2025-04-03,2025-04-27,27900.0,0,0,5,0.0,0.0,0.0,1.0
601712,행사하리보)해피콜라젤리100g,과자>젤리류>수입젤리,과자,젤리류,수입젤리,당일픽업,4,3,5.0,3,0,0,1,0,0,2025-04-08,2025-04-27,2200.0,0,1,5,0.0,33.3333,0.0,1.6667
118448,롯데)핵짱셔요후르츠50g,과자>젤리류>국산젤리,과자,젤리류,국산젤리,당일픽업,3,2,5.0,2,1,0,0,0,0,2025-04-12,2025-04-19,1200.0,1,0,5,50.0,0.0,50.0,2.5
107289,우양)박사마을곰핫도그120g,냉동>조리냉동>냉동간식류,냉동,조리냉동,냉동간식류,당일픽업,5,4,5.0,5,0,0,0,0,0,2025-04-11,2025-04-24,3200.0,0,0,5,0.0,0.0,0.0,1.25
115173,스미노프 그린애플 700ml,양주와인>양주>기타양주,양주와인,양주,기타양주,사전예약,5,5,5.0,5,0,0,0,0,0,2025-04-06,2025-04-30,37000.0,0,0,5,0.0,0.0,0.0,1.0
106478,롯데)이지프로틴감자칩(소금빵맛)50g,과자>스낵류>감자스낵,과자,스낵류,감자스낵,당일픽업,4,4,5.0,3,0,0,1,0,0,2025-04-10,2025-04-21,2500.0,0,1,5,0.0,33.3333,0.0,1.25
101219,예스)지렁이젤리샤우워,과자>젤리류>수입젤리,과자,젤리류,수입젤리,당일픽업,5,5,5.0,5,0,0,0,0,0,2025-04-02,2025-04-25,2500.0,0,0,5,0.0,0.0,0.0,1.0
401382,모나미)신신파프 쿨(5입)_H,약품/의료품>의약외품>의약외품,약품/의료품,의약외품,의약외품,당일픽업,3,2,5.0,2,1,0,0,0,0,2025-04-12,2025-04-29,4300.0,1,0,5,50.0,0.0,50.0,2.5
123543,토마시 팔랑카 아를레치노,양주와인>와인>레드,양주와인,와인,레드,사전예약,4,3,5.0,3,0,0,1,0,0,2025-04-10,2025-04-18,19600.0,0,1,5,0.0,33.3333,0.0,1.6667
124913,서주)초코츄로바90ml,아이스크림>노벨티>바,아이스크림,노벨티,바,당일픽업,4,4,5.0,3,0,0,1,0,0,2025-04-13,2025-04-23,2500.0,0,1,5,0.0,33.3333,0.0,1.25
190225,진로)참이슬500ml페트,전통주>소주>페트소주,전통주,소주,페트소주,당일픽업,5,4,5.0,5,0,0,0,0,0,2025-04-01,2025-04-21,2600.0,0,0,5,0.0,0.0,0.0,1.25
070312,정식품)베지밀B팩950ml,유음료>두유>팩두유,유음료,두유,팩두유,당일픽업,8,5,5.0,3,1,3,1,0,0,2025-04-06,2025-04-28,3600.0,-2,1,5,33.3333,33.3333,-66.6667,1.0
093741,세븐팜)깻잎2묶음(봉),신선>야채>센터채소,신선,야채,센터채소,당일픽업,4,3,5.0,3,0,0,1,0,0,2025-04-07,2025-04-27,2000.0,0,1,5,0.0,33.3333,0.0,1.6667
191876,디카이퍼 그레이프후르트700,양주와인>리쿼>리쿼,양주와인,리쿼,리쿼,사전예약,5,5,5.0,5,0,0,0,0,0,2025-04-01,2025-04-11,26200.0,0,0,5,0.0,0.0,0.0,1.0
819376,롯데)허쉬아몬드초콜렛40g,과자>초콜릿>판초콜릿,과자,초콜릿,판초콜릿,교환권,3,1,5.0,2,1,0,0,0,0,2025-04-02,2025-04-02,2000.0,1,0,5,50.0,0.0,50.0,5.0
106202,오리온)초코파이하우스딸기12P,과자>비스킷류>파이,과자,비스킷류,파이,당일픽업,5,4,5.0,5,0,0,0,0,0,2025-04-04,2025-04-26,6000.0,0,0,5,0.0,0.0,0.0,1.25
153072,대상)감칠맛미원250g,조미료/건물>조미료>복합조미료/향신료,조미료/건물,조미료,복합조미료/향신료,당일픽업,5,2,5.0,3,1,1,0,0,0,2025-04-26,2025-04-30,6500.0,0,0,5,33.3333,0.0,0.0,2.5
106760,진주햄)텍사스바베큐닭다리170g,냉장>냉장안주>치킨안주,냉장,냉장안주,치킨안주,당일픽업,9,7,5.0,7,0,1,0,1,0,2025-04-08,2025-04-30,4900.0,-1,-1,5,0.0,0.0,-14.2857,0.7143
202670,코카)코카콜라제로레몬355ml,음료>탄산음료>제로탄산,음료,탄산음료,제로탄산,당일픽업,8,5,5.0,2,0,1,3,2,0,2025-04-02,2025-04-21,2100.0,-1,1,5,0.0,150.0,-50.0,1.0
112408,PB)오가다레몬꿀물280ml,음료>전통음료>전통음료(중),음료,전통음료,전통음료(중),당일픽업,5,5,5.0,5,0,0,0,0,0,2025-04-08,2025-04-30,2000.0,0,0,5,0.0,0.0,0.0,1.0
113168,돈훌리오 아녜호 750ml,양주와인>양주>위스키,양주와인,양주,위스키,사전예약,3,3,5.0,1,0,0,2,0,0,2025-04-02,2025-04-29,127000.0,0,2,5,0.0,200.0,0.0,1.6667
112411,롯데)가나프리미엄헤이즐넛63g,과자>초콜릿>볼초콜릿,과자,초콜릿,볼초콜릿,당일픽업,4,4,5.0,3,0,0,1,0,0,2025-04-05,2025-04-24,4800.0,0,1,5,0.0,33.3333,0.0,1.25
123575,카구아 블랑 (6본입),맥주>수입맥주>병맥주,맥주,수입맥주,병맥주,사전예약,5,5,5.0,5,0,0,0,0,0,2025-04-02,2025-04-26,87300.0,0,0,5,0.0,0.0,0.0,1.0
125193,PB)럭히밥사골곰탕꾹밥225g,가공식품>가공미반류>즉석컵밥,가공식품,가공미반류,즉석컵밥,당일픽업,5,2,5.0,3,1,1,0,0,0,2025-04-27,2025-04-28,4200.0,0,0,5,33.3333,0.0,0.0,2.5
123841,행사하리보)자몽젤리,과자>젤리류>수입젤리,과자,젤리류,수입젤리,당일픽업,4,3,5.0,3,0,0,1,0,0,2025-04-05,2025-04-18,2200.0,0,1,5,0.0,33.3333,0.0,1.6667
371992,나무)은박돗자리(중형),가정용품>행락용품>레져시트/기타,가정용품,행락용품,레져시트/기타,당일픽업,5,4,5.0,5,0,0,0,0,0,2025-04-04,2025-04-26,5600.0,0,0,5,0.0,0.0,0.0,1.25
601293,롯데)허쉬초코바이츠쿠앤크,과자>초콜릿>판초콜릿,과자,초콜릿,판초콜릿,교환권,5,5,5.0,5,0,0,0,0,0,2025-04-01,2025-04-25,1800.0,0,0,5,0.0,0.0,0.0,1.0
030657,훈스)빅핫도그피자빵100g,간식>냉장피자>냉장피자,간식,냉장피자,냉장피자,당일픽업,3,1,5.0,2,1,0,0,0,0,2025-04-25,2025-04-25,2000.0,1,0,5,50.0,0.0,50.0,5.0
121661,PB)NEW현미녹차25입,건강/기호식품>차>티백차류,건강/기호식품,차,티백차류,당일픽업,5,3,5.0,3,1,1,0,0,0,2025-04-04,2025-04-25,3100.0,0,0,5,33.3333,0.0,0.0,1.6667
353897,마녀공장)퓨어딥클렌징폼100ml_H,미용/화장품>여성화장품>클렌징,미용/화장품,여성화장품,클렌징,당일픽업,5,2,5.0,3,1,1,0,0,0,2025-04-01,2025-04-07,8900.0,0,0,5,33.3333,0.0,0.0,2.5
122203,이디야)모카블렌드커피믹스20입,건강/기호식품>커피>믹스커피,건강/기호식품,커피,믹스커피,당일픽업,3,1,5.0,2,1,0,0,0,0,2025-04-17,2025-04-17,4800.0,1,0,5,50.0,0.0,50.0,5.0
113136,아녹 싱글 몰트 위스키 12년 700ml,양주와인>양주>위스키,양주와인,양주,위스키,사전예약,4,4,5.0,3,0,0,1,0,0,2025-04-05,2025-04-26,102000.0,0,1,5,0.0,33.3333,0.0,1.25
119776,로투스)비스코프샌드오리지널150,과자>비스킷류>크래커,과자,비스킷류,크래커,당일픽업,5,5,5.0,5,0,0,0,0,0,2025-04-05,2025-04-29,4200.0,0,0,5,0.0,0.0,0.0,1.0
371069,롯알)위생백100매_H,가정용품>주방용품>랩/호일,가정용품,주방용품,랩/호일,당일픽업,3,2,5.0,2,1,0,0,0,0,2025-04-02,2025-04-23,2500.0,1,0,5,50.0,0.0,50.0,2.5
190969,페르)앱솔루트보드카375ml,양주와인>양주>기타양주,양주와인,양주,기타양주,당일픽업,5,5,5.0,5,0,0,0,0,0,2025-04-08,2025-04-27,18200.0,0,0,5,0.0,0.0,0.0,1.0
201262,광동)헛개파워100ml,음료>기능성드링크>숙취해소음료,음료,기능성드링크,숙취해소음료,당일픽업,3,1,5.0,2,1,0,0,0,0,2025-04-10,2025-04-10,5000.0,1,0,5,50.0,0.0,50.0,5.0
420684,제브라)3색볼펜_후크형_H,문구/완구>일반문구>팬시,문구/완구,일반문구,팬시,당일픽업,5,5,5.0,5,0,0,0,0,0,2025-04-02,2025-04-18,5000.0,0,0,5,0.0,0.0,0.0,1.0
115301,롯데)허쉬키세스아몬드52g,과자>초콜릿>봉지초콜릿,과자,초콜릿,봉지초콜릿,당일픽업,3,1,5.0,2,1,0,0,0,0,2025-04-29,2025-04-29,2700.0,1,0,5,50.0,0.0,50.0,5.0
109026,대상)고구마츄60g,안주>농산안주>농산물,안주,농산안주,농산물,교환권,5,5,5.0,5,0,0,0,0,0,2025-04-02,2025-04-14,3900.0,0,0,5,0.0,0.0,0.0,1.0
119757,해태)자유시간들60g,과자>초콜릿>바초콜릿,과자,초콜릿,바초콜릿,당일픽업,3,2,5.0,2,1,0,0,0,0,2025-04-03,2025-04-03,1500.0,1,0,5,50.0,0.0,50.0,2.5
123682,니시노세키 쿠니사키 토쿠베츠혼죠조,전통주>기타전통주>청주,전통주,기타전통주,청주,사전예약,5,4,5.0,5,0,0,0,0,0,2025-04-07,2025-04-27,24200.0,0,0,5,0.0,0.0,0.0,1.25
202324,한독)레디큐프로120ml,음료>기능성드링크>숙취해소음료,음료,기능성드링크,숙취해소음료,당일픽업,3,1,5.0,2,1,0,0,0,0,2025-04-28,2025-04-28,6000.0,1,0,5,50.0,0.0,50.0,5.0
832262,쏘피)안심숙면팬티무표백대형4,위생용품>생리대>4P,위생용품,생리대,4P,당일픽업,3,2,5.0,2,1,0,0,0,0,2025-04-24,2025-04-29,11900.0,1,0,5,50.0,0.0,50.0,2.5
094700,돌코리아)건망고(80g),신선>과일>가공과일,신선,과일,가공과일,당일픽업,3,2,5.0,2,1,0,0,0,0,2025-04-15,2025-04-17,5000.0,1,0,5,50.0,0.0,50.0,2.5
107789,K리그산리오)인형_배드바츠마루,문구/완구>일반완구>일반완구,문구/완구,일반완구,일반완구,당일픽업,3,3,5.0,1,0,0,2,0,0,2025-04-02,2025-04-17,25000.0,0,2,5,0.0,200.0,0.0,1.6667
108800,새롬)사과 2입(400g내외),신선>과일>국산과일,신선,과일,국산과일,당일픽업,4,3,4.0,4,0,0,0,0,0,2025-04-04,2025-04-21,4500.0,0,0,4,0.0,0.0,0.0,1.3333
600600,PB)피카츄계란과자108g,과자>스낵류>일반스낵,과자,스낵류,일반스낵,교환권,5,3,4.0,3,0,0,1,1,0,2025-04-01,2025-04-26,2000.0,0,0,4,0.0,33.3333,0.0,1.3333
123779,스미)감숙왕다크초코바나나칩45g,안주>농산안주>과일,안주,농산안주,과일,교환권,4,2,4.0,4,0,0,0,0,0,2025-04-13,2025-04-15,3600.0,0,0,4,0.0,0.0,0.0,2.0
107680,K리그산리오)머플러(턱시도샘),패션잡화>시즌/소품>기타,패션잡화,시즌/소품,기타,당일픽업,2,2,4.0,0,0,0,2,0,0,2025-04-02,2025-04-25,20000.0,0,2,4,0.0,200.0,0.0,2.0
210865,롯데)쿠키오130ml,아이스크림>노벨티>모나카,아이스크림,노벨티,모나카,당일픽업,4,4,4.0,4,0,0,0,0,0,2025-04-16,2025-04-29,2200.0,0,0,4,0.0,0.0,0.0,1.0
094644,SNJ)미니감자(120g),신선>야채>채소가공품,신선,야채,채소가공품,당일픽업,5,4,4.0,3,0,0,1,1,0,2025-04-08,2025-04-27,3000.0,0,0,4,0.0,33.3333,0.0,1.0
108730,페레로)로쉐바오리지널90g,과자>초콜릿>판초콜릿,과자,초콜릿,판초콜릿,당일픽업,4,3,4.0,4,0,0,0,0,0,2025-04-10,2025-04-29,5500.0,0,0,4,0.0,0.0,0.0,1.3333
119216,농심)츄파춥스탄산캔디(6입),과자>캔디류>행사상품,과자,캔디류,행사상품,당일픽업,5,5,4.0,3,0,1,1,0,0,2025-04-03,2025-04-18,1800.0,-1,1,4,0.0,33.3333,-33.3333,0.8
141291,롯데)로스팜97 200g,가공식품>캔>육가공캔,가공식품,캔,육가공캔,당일픽업,4,2,4.0,2,1,1,0,0,0,2025-04-25,2025-04-28,6600.0,0,0,4,50.0,0.0,0.0,2.0
192495,말피리모네700m,양주와인>양주>기타양주,양주와인,양주,기타양주,사전예약,3,3,4.0,2,0,0,1,0,0,2025-04-07,2025-04-27,58000.0,0,1,4,0.0,50.0,0.0,1.3333
123163,필스너우르켈 330ml병(24입),맥주>수입맥주>병맥주,맥주,수입맥주,병맥주,사전예약,3,3,4.0,2,0,0,1,0,0,2025-04-12,2025-04-28,54000.0,0,1,4,0.0,50.0,0.0,1.3333
162047,썬푸드)바베큐오징어30g,안주>오징어>오징어,안주,오징어,오징어,교환권,4,4,4.0,4,0,0,0,0,0,2025-04-08,2025-04-30,4200.0,0,0,4,0.0,0.0,0.0,1.0
162354,아라움)BBQ치킨스낵황금올리브30,안주>스낵안주>일반스낵,안주,스낵안주,일반스낵,당일픽업,3,2,4.0,2,0,0,1,0,0,2025-04-05,2025-04-13,5500.0,0,1,4,0.0,50.0,0.0,2.0
123877,러셀 리저브 6년 라이,양주와인>양주>위스키,양주와인,양주,위스키,사전예약,4,4,4.0,4,0,0,0,0,0,2025-04-02,2025-04-22,99000.0,0,0,4,0.0,0.0,0.0,1.0
601418,미스티)4D구미쿠로미55g,과자>젤리류>수입젤리,과자,젤리류,수입젤리,교환권,3,2,4.0,2,0,0,1,0,0,2025-04-10,2025-04-27,2500.0,0,1,4,0.0,50.0,0.0,2.0
107678,K리그산리오)머플러(배드바츠마루),패션잡화>시즌/소품>기타,패션잡화,시즌/소품,기타,당일픽업,3,2,4.0,2,0,0,1,0,0,2025-04-02,2025-04-24,20000.0,0,1,4,0.0,50.0,0.0,2.0
083820,삼립)주종발효허니카스테라140g,빵>간식빵>간식용케익,빵,간식빵,간식용케익,당일픽업,3,3,4.0,2,0,0,1,0,0,2025-04-07,2025-04-29,3400.0,0,1,4,0.0,50.0,0.0,1.3333
073331,삼립)로스트치킨(소금구이)210g,냉장>냉장안주>치킨안주,냉장,냉장안주,치킨안주,당일픽업,3,3,4.0,2,0,0,1,0,0,2025-04-01,2025-04-15,8900.0,0,1,4,0.0,50.0,0.0,1.3333
116695,오리온)마이구미 복숭아,과자>젤리류>국산젤리,과자,젤리류,국산젤리,당일픽업,4,4,4.0,4,0,0,0,0,0,2025-04-02,2025-04-25,1000.0,0,0,4,0.0,0.0,0.0,1.0
124583,진도홍주40도375ml(2입),전통주>기타전통주>기타,전통주,기타전통주,기타,사전예약,5,4,4.0,3,0,0,1,1,0,2025-04-04,2025-04-25,38000.0,0,0,4,0.0,33.3333,0.0,1.0
201964,HK)컨디션CEO150ml,음료>기능성드링크>숙취해소음료,음료,기능성드링크,숙취해소음료,당일픽업,4,3,4.0,2,1,1,0,0,0,2025-04-03,2025-04-18,10000.0,0,0,4,50.0,0.0,0.0,1.3333
401993,신행)SKYN칵테일향콘돔3P_H,약품/의료품>의약외품>일반콘돔,약품/의료품,의약외품,일반콘돔,당일픽업,5,4,4.0,3,0,0,1,1,0,2025-04-02,2025-04-02,7000.0,0,0,4,0.0,33.3333,0.0,1.0
162357,케이)칸오징어한돈육포40g,안주>육포>육포,안주,육포,육포,당일픽업,4,4,4.0,4,0,0,0,0,0,2025-04-02,2025-04-30,4500.0,0,0,4,0.0,0.0,0.0,1.0
124041,일신)캇예스베러버니75g,과자>젤리류>수입젤리,과자,젤리류,수입젤리,당일픽업,3,2,4.0,2,0,0,1,0,0,2025-04-06,2025-04-16,2500.0,0,1,4,0.0,50.0,0.0,2.0
030542,삼립)슈퍼슈프림치즈부리또120g,간식>냉장피자>브리또,간식,냉장피자,브리또,당일픽업,4,1,4.0,4,0,0,0,0,0,2025-04-06,2025-04-06,3200.0,0,0,4,0.0,0.0,0.0,4.0
202646,코카)닥터페퍼제로355ml,음료>탄산음료>제로탄산,음료,탄산음료,제로탄산,당일픽업,4,4,4.0,4,0,0,0,0,0,2025-04-06,2025-04-26,1900.0,0,0,4,0.0,0.0,0.0,1.0
132708,농심)사천백짬뽕봉지,면>봉지면>숙면/건면,면,봉지면,숙면/건면,당일픽업,4,3,4.0,1,0,0,2,1,0,2025-04-01,2025-04-29,1600.0,0,1,4,0.0,200.0,0.0,1.3333
600908,MZ)호올스멘토립토스27.9g,과자>캔디류>기능성캔디,과자,캔디류,기능성캔디,당일픽업,4,1,4.0,2,1,1,0,0,0,2025-04-28,2025-04-29,1200.0,0,0,4,50.0,0.0,0.0,4.0
192448,글랜카담10년700ml,양주와인>양주>위스키,양주와인,양주,위스키,사전예약,5,4,4.0,3,0,0,1,1,0,2025-04-03,2025-04-24,99000.0,0,0,4,0.0,33.3333,0.0,1.0
120361,동서)맥심화이트골드100입,건강/기호식품>커피>믹스커피,건강/기호식품,커피,믹스커피,당일픽업,2,2,4.0,0,0,0,2,0,0,2025-04-01,2025-04-05,23200.0,0,2,4,0.0,200.0,0.0,2.0
141380,PB)시금치된장국(컵),가공식품>상온간편식>즉석 국/스프,가공식품,상온간편식,즉석 국/스프,교환권,3,3,4.0,2,0,0,1,0,0,2025-04-05,2025-04-29,1500.0,0,1,4,0.0,50.0,0.0,1.3333
410685,존슨)딥액션폼클렌저120g_H,미용/화장품>여성화장품>클렌징,미용/화장품,여성화장품,클렌징,당일픽업,2,1,4.0,1,1,0,0,0,0,2025-04-10,2025-04-10,10500.0,1,0,4,100.0,0.0,100.0,4.0
108069,나뚜루)알폰소망고소르베파인트474ml(비건),아이스크림>고급>파인트,아이스크림,고급,파인트,당일픽업,4,4,4.0,4,0,0,0,0,0,2025-04-02,2025-04-21,15900.0,0,0,4,0.0,0.0,0.0,1.0
411007,존슨)뉴트로딥클린포밍클렌저100_H,미용/화장품>여성화장품>클렌징,미용/화장품,여성화장품,클렌징,당일픽업,4,1,4.0,2,1,1,0,0,0,2025-04-30,2025-04-30,9900.0,0,0,4,50.0,0.0,0.0,4.0
123303,PB)하트뻥튀기90g,과자>스낵류>전통스낵,과자,스낵류,전통스낵,당일픽업,4,4,4.0,4,0,0,0,0,0,2025-04-04,2025-04-29,3000.0,0,0,4,0.0,0.0,0.0,1.0
170277,하이트)기린이치방350ml캔,맥주>수입맥주>캔맥주(소),맥주,수입맥주,캔맥주(소),당일픽업,4,3,4.0,4,0,0,0,0,0,2025-04-13,2025-04-20,3500.0,0,0,4,0.0,0.0,0.0,1.3333
220646,농심)보노포르치니스프3입,가공식품>상온간편식>즉석 국/스프,가공식품,상온간편식,즉석 국/스프,교환권,4,2,4.0,2,1,1,0,0,0,2025-04-06,2025-04-28,4400.0,0,0,4,50.0,0.0,0.0,2.0
124258,P)아이코스 일루마i(디지털바이올렛),담배>전자담배>전자담배(PMI 아이코스),담배,전자담배,전자담배(PMI 아이코스),당일픽업,4,3,4.0,4,0,0,0,0,0,2025-04-29,2025-04-30,89000.0,0,0,4,0.0,0.0,0.0,1.3333
072504,동원)더킹랍스터맛140g,냉장>냉장간식>맛살,냉장,냉장간식,맛살,당일픽업,3,3,4.0,2,0,0,1,0,0,2025-04-03,2025-04-29,4200.0,0,1,4,0.0,50.0,0.0,1.3333
162300,바프)로스티드앤솔티드땅콩120g,안주>너트류>봉지너트,안주,너트류,봉지너트,당일픽업,3,3,4.0,2,0,0,1,0,0,2025-04-03,2025-04-18,3900.0,0,1,4,0.0,50.0,0.0,1.3333
151288,오뚜기)씻어나온쌀(명품)3kg,신선>쌀/잡곡>백미,신선,쌀/잡곡,백미,당일픽업,4,4,4.0,4,0,0,0,0,0,2025-04-01,2025-04-24,23000.0,0,0,4,0.0,0.0,0.0,1.0
124627,켈로그)그래놀라넛츠앤씨드220g,과자>비스킷류>시리얼,과자,비스킷류,시리얼,당일픽업,4,1,4.0,2,1,1,0,0,0,2025-04-05,2025-04-05,6000.0,0,0,4,50.0,0.0,0.0,4.0
201438,광동)비타500 240ml,음료>기능성드링크>비타민음료,음료,기능성드링크,비타민음료,당일픽업,4,1,4.0,2,1,1,0,0,0,2025-04-06,2025-04-06,1600.0,0,0,4,50.0,0.0,0.0,4.0
106439,PB)빵빵이아이스볼 사과&소다향,아이스크림>노벨티>펜슬,아이스크림,노벨티,펜슬,교환권,4,4,4.0,4,0,0,0,0,0,2025-04-02,2025-04-22,2000.0,0,0,4,0.0,0.0,0.0,1.0
124229,하쿠슈 DR,양주와인>양주>위스키,양주와인,양주,위스키,사전예약,7,6,4.0,4,0,0,1,2,0,2025-04-01,2025-04-25,158000.0,0,-1,4,0.0,25.0,0.0,0.6667
601149,에이스)전천당우유맛캔디30g,과자>캔디류>과일향캔디,과자,캔디류,과일향캔디,교환권,4,4,4.0,4,0,0,0,0,0,2025-04-12,2025-04-30,1500.0,0,0,4,0.0,0.0,0.0,1.0
181047,천지람500ml,전통주>기타전통주>청주,전통주,기타전통주,청주,사전예약,4,4,4.0,4,0,0,0,0,0,2025-04-02,2025-04-24,159000.0,0,0,4,0.0,0.0,0.0,1.0
109904,타카사고 야마하이 유즈슈,전통주>기타전통주>중국/일본주,전통주,기타전통주,중국/일본주,사전예약,4,4,4.0,4,0,0,0,0,0,2025-04-01,2025-04-25,41100.0,0,0,4,0.0,0.0,0.0,1.0
073531,롯데)의성마늘직꾸닭매콤100g,냉장>냉장간식>소형바,냉장,냉장간식,소형바,당일픽업,4,2,4.0,2,1,1,0,0,0,2025-04-16,2025-04-26,3200.0,0,0,4,50.0,0.0,0.0,2.0
123777,스미)감숙왕밀크초코바나나칩45g,안주>농산안주>과일,안주,농산안주,과일,교환권,3,2,4.0,2,0,0,1,0,0,2025-04-03,2025-04-19,3600.0,0,1,4,0.0,50.0,0.0,2.0
601360,롯데)제로마일드초콜릿50g,과자>초콜릿>판초콜릿,과자,초콜릿,판초콜릿,당일픽업,3,3,4.0,2,0,0,1,0,0,2025-04-02,2025-04-18,3400.0,0,1,4,0.0,50.0,0.0,1.3333
105658,PB)명인수박에이드320ml,즉석음료>파우치>아이스티,즉석음료,파우치,아이스티,당일픽업,4,3,4.0,4,0,0,0,0,0,2025-04-20,2025-04-28,1500.0,0,0,4,0.0,0.0,0.0,1.3333
370717,PB)다회용컵10입,가정용품>행락용품>종이컵,가정용품,행락용품,종이컵,당일픽업,4,2,4.0,2,1,1,0,0,0,2025-04-06,2025-04-14,2700.0,0,0,4,50.0,0.0,0.0,2.0
141292,CJ)스팸김치덮밥(컵반),가공식품>가공미반류>즉석컵밥,가공식품,가공미반류,즉석컵밥,교환권,3,3,4.0,2,0,0,1,0,0,2025-04-05,2025-04-26,4800.0,0,1,4,0.0,50.0,0.0,1.3333
083548,삼립)크림치즈휘낭시에(8입),빵>구움과자>대용량구움과자,빵,구움과자,대용량구움과자,당일픽업,4,1,4.0,2,1,1,0,0,0,2025-04-29,2025-04-29,9900.0,0,0,4,50.0,0.0,0.0,4.0
072987,동원)양반전복죽287.5g(냉장),냉장>냉장간편식>냉장죽,냉장,냉장간편식,냉장죽,당일픽업,4,3,4.0,4,0,0,0,0,0,2025-04-16,2025-04-21,4500.0,0,0,4,0.0,0.0,0.0,1.3333
181049,몽지람M9 500ml,전통주>기타전통주>청주,전통주,기타전통주,청주,사전예약,4,4,4.0,4,0,0,0,0,0,2025-04-02,2025-04-26,599000.0,0,0,4,0.0,0.0,0.0,1.0
113126,미클토어 더 친커핀 원 700ml,양주와인>양주>위스키,양주와인,양주,위스키,사전예약,4,4,4.0,4,0,0,0,0,0,2025-04-11,2025-04-13,129000.0,0,0,4,0.0,0.0,0.0,1.0
161086,코카)코카콜라제로250ml,음료>탄산음료>제로탄산,음료,탄산음료,제로탄산,당일픽업,2,1,4.0,1,1,0,0,0,0,2025-04-25,2025-04-25,1700.0,1,0,4,100.0,0.0,100.0,4.0
180863,명인안동소주22도360ml*3,전통주>소주>증류식소주,전통주,소주,증류식소주,사전예약,4,4,4.0,4,0,0,0,0,0,2025-04-02,2025-04-25,16500.0,0,0,4,0.0,0.0,0.0,1.0
601708,행사하리보)스타믹스젤리100g,과자>젤리류>수입젤리,과자,젤리류,수입젤리,당일픽업,4,3,4.0,4,0,0,0,0,0,2025-04-06,2025-04-09,2200.0,0,0,4,0.0,0.0,0.0,1.3333
181069,롯데)새로소주640ml페트(4입),전통주>선물세트>일반선물세트,전통주,선물세트,일반선물세트,당일픽업,3,3,4.0,2,0,0,1,0,0,2025-04-03,2025-04-21,12800.0,0,1,4,0.0,50.0,0.0,1.3333
201979,팔도)뽀로로보리차220ml,음료>차음료>보리차,음료,차음료,보리차,당일픽업,4,3,4.0,4,0,0,0,0,0,2025-04-07,2025-04-17,1600.0,0,0,4,0.0,0.0,0.0,1.3333
601117,동서)포스트에너지바밸런스50g,과자>프로틴/시리얼>영양바류,과자,프로틴/시리얼,영양바류,당일픽업,3,3,4.0,2,0,0,1,0,0,2025-04-01,2025-04-16,2100.0,0,1,4,0.0,50.0,0.0,1.3333
600416,PB)샤구르트젤리56G,과자>젤리류>국산젤리,과자,젤리류,국산젤리,당일픽업,2,2,4.0,0,0,0,2,0,0,2025-04-05,2025-04-14,1300.0,0,2,4,0.0,200.0,0.0,2.0
125074,수정방레드포춘(홍운장),전통주>기타전통주>중국/일본주,전통주,기타전통주,중국/일본주,사전예약,4,4,4.0,4,0,0,0,0,0,2025-04-08,2025-04-11,230000.0,0,0,4,0.0,0.0,0.0,1.0
201162,푸드사이언스)모닝파워175ml,음료>기능성드링크>숙취해소음료,음료,기능성드링크,숙취해소음료,당일픽업,4,4,4.0,4,0,0,0,0,0,2025-04-01,2025-04-28,4000.0,0,0,4,0.0,0.0,0.0,1.0
133726,대상)순창양념쌈장190g,조미료/건물>장류>장,조미료/건물,장류,장,당일픽업,3,2,4.0,2,0,0,1,0,0,2025-04-10,2025-04-16,3300.0,0,1,4,0.0,50.0,0.0,2.0
123458,델리카토 1924 버번 배럴 까베르네 소비뇽,양주와인>와인>레드,양주와인,와인,레드,사전예약,6,5,4.0,5,0,0,0,1,0,2025-04-02,2025-04-13,33900.0,0,-1,4,0.0,0.0,0.0,0.8
151486,대상)연겨자35g,조미료/건물>조미료>복합조미료/향신료,조미료/건물,조미료,복합조미료/향신료,당일픽업,4,2,4.0,2,1,1,0,0,0,2025-04-16,2025-04-23,2000.0,0,0,4,50.0,0.0,0.0,2.0
170518,플래)에일의정석500ml캔,맥주>국산맥주>수제맥주,맥주,국산맥주,수제맥주,당일픽업,3,1,4.0,2,0,0,1,0,0,2025-04-17,2025-04-17,3900.0,0,1,4,0.0,50.0,0.0,4.0
192449,글랜카담13년700ml,양주와인>양주>위스키,양주와인,양주,위스키,사전예약,4,4,4.0,4,0,0,0,0,0,2025-04-05,2025-04-14,156000.0,0,0,4,0.0,0.0,0.0,1.0
124588,우리도가가평소주25도375ml(3입),전통주>기타전통주>기타,전통주,기타전통주,기타,사전예약,4,3,4.0,4,0,0,0,0,0,2025-04-06,2025-04-10,20700.0,0,0,4,0.0,0.0,0.0,1.3333
133727,대상)순창청양초쌈장190g,조미료/건물>장류>장,조미료/건물,장류,장,당일픽업,3,2,4.0,2,0,0,1,0,0,2025-04-09,2025-04-16,3300.0,0,1,4,0.0,50.0,0.0,2.0
371766,P&G)다우니실내건조1L_H,가정용품>세제류>섬유유연제,가정용품,세제류,섬유유연제,당일픽업,4,1,4.0,4,0,0,0,0,0,2025-04-30,2025-04-30,15400.0,0,0,4,0.0,0.0,0.0,4.0
123608,오츠카)소이조이후르츠&치즈30g,과자>프로틴/시리얼>영양바류,과자,프로틴/시리얼,영양바류,교환권,3,3,4.0,2,0,0,1,0,0,2025-04-02,2025-04-29,1700.0,0,1,4,0.0,50.0,0.0,1.3333
073614,씨티푸드)소고기무국밥500g,냉장>냉장간편식>냉장밥,냉장,냉장간편식,냉장밥,당일픽업,4,3,4.0,4,0,0,0,0,0,2025-04-04,2025-04-13,5900.0,0,0,4,0.0,0.0,0.0,1.3333
202140,코카)암바사345ml,음료>탄산음료>과일향탄산(소),음료,탄산음료,과일향탄산(소),당일픽업,4,3,4.0,4,0,0,0,0,0,2025-04-04,2025-04-29,1600.0,0,0,4,0.0,0.0,0.0,1.3333
124586,안동소주일품40도350ml(4입),전통주>기타전통주>기타,전통주,기타전통주,기타,사전예약,3,3,4.0,2,0,0,1,0,0,2025-04-04,2025-04-28,38400.0,0,1,4,0.0,50.0,0.0,1.3333
119883,롯데)아이스브레이커스체리36g,과자>캔디류>기능성캔디,과자,캔디류,기능성캔디,당일픽업,4,3,4.0,4,0,0,0,0,0,2025-04-12,2025-04-20,3500.0,0,0,4,0.0,0.0,0.0,1.3333
124107,롯데)클라우드논알롤릭350ml,맥주>무알콜맥주>무알콜맥주(국산),맥주,무알콜맥주,무알콜맥주(국산),당일픽업,2,1,4.0,1,1,0,0,0,0,2025-04-20,2025-04-20,1500.0,1,0,4,100.0,0.0,100.0,4.0
105880,나무)빵빵이랜덤뱃지캔디5g,과자>캔디류>토이캔디,과자,캔디류,토이캔디,당일픽업,4,4,4.0,4,0,0,0,0,0,2025-04-01,2025-04-16,1500.0,0,0,4,0.0,0.0,0.0,1.0
072316,본죽)야채죽270g,냉장>냉장간편식>냉장죽,냉장,냉장간편식,냉장죽,당일픽업,4,4,4.0,4,0,0,0,0,0,2025-04-17,2025-04-28,4700.0,0,0,4,0.0,0.0,0.0,1.0
600917,일신)리콜라크랜베리40g,과자>캔디류>기능성캔디,과자,캔디류,기능성캔디,당일픽업,4,4,4.0,4,0,0,0,0,0,2025-04-16,2025-04-27,3300.0,0,0,4,0.0,0.0,0.0,1.0
123145,델토리)땅콩카라멜새우칩60g,과자>스낵류>일반스낵,과자,스낵류,일반스낵,교환권,4,4,4.0,4,0,0,0,0,0,2025-04-01,2025-04-21,2000.0,0,0,4,0.0,0.0,0.0,1.0
107806,K리그산리오)인형 키링_우사하나,문구/완구>일반완구>일반완구,문구/완구,일반완구,일반완구,당일픽업,3,2,4.0,2,0,0,1,0,0,2025-04-02,2025-04-17,15000.0,0,1,4,0.0,50.0,0.0,2.0
150153,하겐)파인트초코렛,아이스크림>고급>파인트,아이스크림,고급,파인트,당일픽업,4,4,4.0,4,0,0,0,0,0,2025-04-02,2025-04-12,17900.0,0,0,4,0.0,0.0,0.0,1.0
123264,위스트)미스터브라우니(벨지안초코칩)50g,과자>비스킷류>파이,과자,비스킷류,파이,당일픽업,3,2,4.0,2,0,0,1,0,0,2025-04-15,2025-04-19,1500.0,0,1,4,0.0,50.0,0.0,2.0
600664,미스티)마이키링(춘식이)10g,과자>캔디류>토이캔디,과자,캔디류,토이캔디,교환권,4,3,4.0,4,0,0,0,0,0,2025-04-07,2025-04-26,3000.0,0,0,4,0.0,0.0,0.0,1.3333
123794,1키키쿼카)스트레스볼,과자>캔디류>행사상품,과자,캔디류,행사상품,당일픽업,4,4,4.0,4,0,0,0,0,0,2025-04-01,2025-04-10,17500.0,0,0,4,0.0,0.0,0.0,1.0
180275,부산)생탁750ml(경남지역),전통주>막걸리>생막걸리,전통주,막걸리,생막걸리,당일픽업,6,4,4.0,5,0,0,0,1,0,2025-04-10,2025-04-30,1800.0,0,-1,4,0.0,0.0,0.0,1.0
073649,CJ)닭가슴살순살케이준100g,냉장>냉장간식>냉장 프로틴,냉장,냉장간식,냉장 프로틴,당일픽업,5,4,4.0,3,0,0,1,1,0,2025-04-03,2025-04-20,4500.0,0,0,4,0.0,33.3333,0.0,1.0
072733,진주햄)롱앤빅숯불후랑크110g,냉장>냉장간식>소형바,냉장,냉장간식,소형바,당일픽업,3,3,4.0,2,0,0,1,0,0,2025-04-01,2025-04-25,2300.0,0,1,4,0.0,50.0,0.0,1.3333
123330,마즈)몰티저스트러플200g,과자>초콜릿>봉지초콜릿,과자,초콜릿,봉지초콜릿,교환권,3,2,4.0,2,0,0,1,0,0,2025-04-16,2025-04-28,11900.0,0,1,4,0.0,50.0,0.0,2.0
141694,오뚜기)베이컨감자스프180g,가공식품>상온간편식>즉석 국/스프,가공식품,상온간편식,즉석 국/스프,교환권,4,3,4.0,4,0,0,0,0,0,2025-04-13,2025-04-19,3800.0,0,0,4,0.0,0.0,0.0,1.3333
105294,제주)삼다생얼음1kg,즉석음료>얼음>대용량얼음,즉석음료,얼음,대용량얼음,당일픽업,4,3,4.0,4,0,0,0,0,0,2025-04-09,2025-04-28,2200.0,0,0,4,0.0,0.0,0.0,1.3333
413277,PJ)비프야채(반려견)_H,일용잡화>반려동물용품>반려견,일용잡화,반려동물용품,반려견,당일픽업,2,1,4.0,1,1,0,0,0,0,2025-04-03,2025-04-03,4500.0,1,0,4,100.0,0.0,100.0,4.0
123998,피치)트위젤바나나모양젤리50g,과자>젤리류>국산젤리,과자,젤리류,국산젤리,당일픽업,2,1,4.0,1,1,0,0,0,0,2025-04-20,2025-04-20,1800.0,1,0,4,100.0,0.0,100.0,4.0
106053,델토리)대파리아나쵸칩60g,과자>스낵류>일반스낵,과자,스낵류,일반스낵,당일픽업,2,2,4.0,0,0,0,2,0,0,2025-04-02,2025-04-07,1500.0,0,2,4,0.0,200.0,0.0,2.0
115929,씨믹스)오션 젤리(해양동물),과자>젤리류>국산젤리,과자,젤리류,국산젤리,당일픽업,4,4,4.0,4,0,0,0,0,0,2025-04-06,2025-04-30,500.0,0,0,4,0.0,0.0,0.0,1.0
106117,G)라무네소다벚꽃에디션,음료>탄산음료>사이다(중),음료,탄산음료,사이다(중),당일픽업,4,4,4.0,4,0,0,0,0,0,2025-04-02,2025-04-11,2500.0,0,0,4,0.0,0.0,0.0,1.0
123681,키쿠스이 카라구치,전통주>기타전통주>청주,전통주,기타전통주,청주,사전예약,4,3,4.0,4,0,0,0,0,0,2025-04-02,2025-04-18,17200.0,0,0,4,0.0,0.0,0.0,1.3333
106295,하림)더미식시래기된장국350g,가공식품>상온간편식>레토르트 국탕찌개,가공식품,상온간편식,레토르트 국탕찌개,교환권,2,1,4.0,1,1,0,0,0,0,2025-04-15,2025-04-15,4500.0,1,0,4,100.0,0.0,100.0,4.0
162337,썬푸드)치즈파스타맛오징어30g,안주>오징어>오징어,안주,오징어,오징어,교환권,4,3,4.0,4,0,0,0,0,0,2025-04-06,2025-04-21,4200.0,0,0,4,0.0,0.0,0.0,1.3333
105309,대호)벤티헤이즐넛향500ml,즉석음료>파우치>아이스커피,즉석음료,파우치,아이스커피,당일픽업,4,2,4.0,2,1,1,0,0,0,2025-04-25,2025-04-28,2100.0,0,0,4,50.0,0.0,0.0,2.0
115302,롯데)허쉬키세스밀크52g,과자>초콜릿>봉지초콜릿,과자,초콜릿,봉지초콜릿,당일픽업,4,2,4.0,4,0,0,0,0,0,2025-04-08,2025-04-29,2700.0,0,0,4,0.0,0.0,0.0,2.0
108129,하림)더미식소고기뭇국350g,가공식품>상온간편식>레토르트 국탕찌개,가공식품,상온간편식,레토르트 국탕찌개,당일픽업,4,3,4.0,4,0,0,0,0,0,2025-04-05,2025-04-23,5500.0,0,0,4,0.0,0.0,0.0,1.3333
107809,K리그산리오)인형 키링_코로쿠리링,문구/완구>일반완구>일반완구,문구/완구,일반완구,일반완구,당일픽업,3,3,4.0,2,0,0,1,0,0,2025-04-01,2025-04-17,15000.0,0,1,4,0.0,50.0,0.0,1.3333
240033,오뚜기)토마토케찹500g,조미료/건물>소스류>드레싱/디핑소스,조미료/건물,소스류,드레싱/디핑소스,당일픽업,2,1,4.0,1,1,0,0,0,0,2025-04-27,2025-04-27,4500.0,1,0,4,100.0,0.0,100.0,4.0
106167,빙그레)따옴바수박75ml,아이스크림>노벨티>바,아이스크림,노벨티,바,당일픽업,4,2,4.0,1,0,0,2,1,0,2025-04-02,2025-04-24,2000.0,0,1,4,0.0,200.0,0.0,2.0
073536,장충동)족발편육반반세트215g,냉장>냉장안주>족발/순대,냉장,냉장안주,족발/순대,당일픽업,4,4,4.0,4,0,0,0,0,0,2025-04-01,2025-04-16,10500.0,0,0,4,0.0,0.0,0.0,1.0
125444,히밥)럭히밥울트라면볶이(4인분),면>용기면>라면(대형컵),면,용기면,라면(대형컵),당일픽업,4,2,4.0,4,0,0,0,0,0,2025-04-29,2025-04-30,5000.0,0,0,4,0.0,0.0,0.0,2.0
202217,칠성)깨수깡160ml,음료>기능성드링크>숙취해소음료,음료,기능성드링크,숙취해소음료,당일픽업,4,4,4.0,4,0,0,0,0,0,2025-04-04,2025-04-25,5000.0,0,0,4,0.0,0.0,0.0,1.0
222165,오뚜기)바삭한빅핫도그120g,냉동>조리냉동>냉동간식류,냉동,조리냉동,냉동간식류,당일픽업,4,1,4.0,2,1,1,0,0,0,2025-04-12,2025-04-20,2800.0,0,0,4,50.0,0.0,0.0,4.0
106765,롯데)요리킥버터치킨카레170g,가공식품>상온간편식>레토르트 소스/분말,가공식품,상온간편식,레토르트 소스/분말,교환권,2,1,4.0,1,1,0,0,0,0,2025-04-15,2025-04-15,4700.0,1,0,4,100.0,0.0,100.0,4.0
170687,칼스)칼스버그500ml캔(4입),맥주>수입맥주>캔맥주(중),맥주,수입맥주,캔맥주(중),당일픽업,4,4,4.0,4,0,0,0,0,0,2025-04-03,2025-04-19,19600.0,0,0,4,0.0,0.0,0.0,1.0
110370,머거본)믹스너트135g,안주>너트류>캔너트,안주,너트류,캔너트,당일픽업,4,2,4.0,2,1,1,0,0,0,2025-04-18,2025-04-18,5000.0,0,0,4,50.0,0.0,0.0,2.0
106092,대림)로얄크랩100g,냉장>냉장간식>맛살,냉장,냉장간식,맛살,당일픽업,3,3,4.0,2,0,0,1,0,0,2025-04-15,2025-04-30,4600.0,0,1,4,0.0,50.0,0.0,1.3333
381492,제미)new남성스니커즈(회색)_H,패션잡화>양말>남성양말,패션잡화,양말,남성양말,당일픽업,4,4,4.0,4,0,0,0,0,0,2025-04-18,2025-04-20,3600.0,0,0,4,0.0,0.0,0.0,1.0
210695,롯데)셀렉션500ml,아이스크림>홈타입>멀티,아이스크림,홈타입,멀티,당일픽업,4,3,4.0,4,0,0,0,0,0,2025-04-05,2025-04-21,9000.0,0,0,4,0.0,0.0,0.0,1.3333
106130,진로)진로골드360ml병,전통주>소주>병소주,전통주,소주,병소주,당일픽업,4,3,4.0,4,0,0,0,0,0,2025-04-02,2025-04-21,1800.0,0,0,4,0.0,0.0,0.0,1.3333
102585,매일)로쉐T-8하트,과자>초콜릿>행사상품,과자,초콜릿,행사상품,당일픽업,4,2,4.0,2,1,1,0,0,0,2025-04-06,2025-04-08,12700.0,0,0,4,50.0,0.0,0.0,2.0
107879,3월 세븐카페 구독,,,,,구독할인,4,4,4.0,4,0,0,0,0,0,2025-04-01,2025-04-23,2000.0,0,0,4,0.0,0.0,0.0,1.0
601159,롯데)꼬깔콘매콤달콤(대),과자>스낵류>일반스낵,과자,스낵류,일반스낵,교환권,4,4,4.0,4,0,0,0,0,0,2025-04-07,2025-04-30,3400.0,0,0,4,0.0,0.0,0.0,1.0
124592,대숲담양향골드41도375ml,전통주>기타전통주>기타,전통주,기타전통주,기타,사전예약,4,4,4.0,4,0,0,0,0,0,2025-04-02,2025-04-20,39000.0,0,0,4,0.0,0.0,0.0,1.0
440902,모나미)예감적중_H,문구/완구>일반문구>팬시,문구/완구,일반문구,팬시,당일픽업,4,4,4.0,4,0,0,0,0,0,2025-04-04,2025-04-13,700.0,0,0,4,0.0,0.0,0.0,1.0
123995,엠탑)서울우유인삼꿀라떼원컵,건강/기호식품>원컵>국산차,건강/기호식품,원컵,국산차,당일픽업,3,3,4.0,2,0,0,1,0,0,2025-04-17,2025-04-30,1800.0,0,1,4,0.0,50.0,0.0,1.3333
382315,남영)비비안팬티스타킹(누드)_H,패션잡화>스타킹>팬티스타킹,패션잡화,스타킹,팬티스타킹,당일픽업,4,3,4.0,4,0,0,0,0,0,2025-04-06,2025-04-28,3800.0,0,0,4,0.0,0.0,0.0,1.3333
123577,카구아 블랑&루즈 3병세트 (6본입),맥주>수입맥주>병맥주,맥주,수입맥주,병맥주,사전예약,4,4,4.0,4,0,0,0,0,0,2025-04-01,2025-04-22,87300.0,0,0,4,0.0,0.0,0.0,1.0
161552,썬푸드)오징어&땅콩75g,안주>오징어>오징어,안주,오징어,오징어,당일픽업,4,3,4.0,4,0,0,0,0,0,2025-04-10,2025-04-28,11900.0,0,0,4,0.0,0.0,0.0,1.3333
111548,크라운)초코하임3300(9입),과자>비스킷류>쿠키,과자,비스킷류,쿠키,당일픽업,5,3,4.0,1,1,2,1,0,0,2025-04-07,2025-04-30,3300.0,-1,1,4,100.0,100.0,-100.0,1.3333
109914,알카레드(12입),양주와인>와인>레드,양주와인,와인,레드,사전예약,4,3,4.0,4,0,0,0,0,0,2025-04-01,2025-04-06,90000.0,0,0,4,0.0,0.0,0.0,1.3333
123484,랑메일 블랙스미스 까베르네 소비뇽,양주와인>와인>레드,양주와인,와인,레드,사전예약,4,3,4.0,4,0,0,0,0,0,2025-04-09,2025-04-30,48900.0,0,0,4,0.0,0.0,0.0,1.3333
202403,광동)더진한헛개차500ml,음료>차음료>기타차,음료,차음료,기타차,당일픽업,3,1,4.0,2,0,0,1,0,0,2025-04-28,2025-04-28,3300.0,0,1,4,0.0,50.0,0.0,4.0
202693,칠성)칠성사이다제로블루500ml,음료>탄산음료>제로탄산,음료,탄산음료,제로탄산,당일픽업,4,4,4.0,4,0,0,0,0,0,2025-04-01,2025-04-30,2300.0,0,0,4,0.0,0.0,0.0,1.0
072913,진주햄)오리지널후랑크90g,냉장>냉장간식>소형바,냉장,냉장간식,소형바,당일픽업,5,3,4.0,3,0,0,1,1,0,2025-04-02,2025-04-03,2700.0,0,0,4,0.0,33.3333,0.0,1.3333
108801,새롬)홍로사과 6입(1.2kg내외),신선>과일>국산과일,신선,과일,국산과일,당일픽업,4,3,4.0,4,0,0,0,0,0,2025-04-01,2025-04-13,11000.0,0,0,4,0.0,0.0,0.0,1.3333
162411,봄날)군고구마칩40g,안주>농산안주>농산물,안주,농산안주,농산물,당일픽업,3,2,4.0,2,0,0,1,0,0,2025-04-11,2025-04-16,2500.0,0,1,4,0.0,50.0,0.0,2.0
119184,마즈)이클립스소프트레몬45g,과자>캔디류>소프트캔디,과자,캔디류,소프트캔디,교환권,4,1,4.0,2,1,1,0,0,0,2025-04-19,2025-04-19,1800.0,0,0,4,50.0,0.0,0.0,4.0
124607,밀담24도360ml,전통주>기타전통주>기타,전통주,기타전통주,기타,사전예약,4,4,4.0,4,0,0,0,0,0,2025-04-10,2025-04-30,15000.0,0,0,4,0.0,0.0,0.0,1.0
123357,얄리 레세르바 까르메네르,양주와인>와인>레드,양주와인,와인,레드,사전예약,4,4,4.0,4,0,0,0,0,0,2025-04-03,2025-04-12,22900.0,0,0,4,0.0,0.0,0.0,1.0
094200,세븐팜)GAP상추&깻잎80g(봉),신선>야채>센터채소,신선,야채,센터채소,당일픽업,3,3,4.0,2,0,0,1,0,0,2025-04-15,2025-04-27,3500.0,0,1,4,0.0,50.0,0.0,1.3333
108925,롯데)빼빼로초코8갑432g뉴진스24년데이,과자>비스킷류>스틱과자,과자,비스킷류,스틱과자,당일픽업,4,2,4.0,4,0,0,0,0,0,2025-04-13,2025-04-30,14400.0,0,0,4,0.0,0.0,0.0,2.0
105933,대상)종가고춧가루(매운맛)200g,조미료/건물>조미료>복합조미료/향신료,조미료/건물,조미료,복합조미료/향신료,당일픽업,2,1,4.0,1,1,0,0,0,0,2025-04-08,2025-04-08,17900.0,1,0,4,100.0,0.0,100.0,4.0
133734,종가집)열무김치80g,냉장>냉장간편식>김치/단무지,냉장,냉장간편식,김치/단무지,당일픽업,8,4,4.0,4,1,3,0,0,0,2025-04-02,2025-04-18,2100.0,-2,0,4,25.0,0.0,-50.0,1.0
123370,라포스톨 그랑 셀렉션 까르메네르,양주와인>와인>레드,양주와인,와인,레드,사전예약,4,4,4.0,4,0,0,0,0,0,2025-04-11,2025-04-24,28900.0,0,0,4,0.0,0.0,0.0,1.0
124914,해태)부라보바닐라라이트160ml,아이스크림>노벨티>콘,아이스크림,노벨티,콘,당일픽업,4,4,4.0,4,0,0,0,0,0,2025-04-05,2025-04-23,2500.0,0,0,4,0.0,0.0,0.0,1.0
109878,월계관 누벨 쥰마이긴죠720ml,전통주>기타전통주>중국/일본주,전통주,기타전통주,중국/일본주,사전예약,4,3,4.0,4,0,0,0,0,0,2025-04-07,2025-04-12,29000.0,0,0,4,0.0,0.0,0.0,1.3333
107170,PB)무팁머리끈(블랙)_H,미용/화장품>미용소품>액세서리,미용/화장품,미용소품,액세서리,당일픽업,4,4,4.0,4,0,0,0,0,0,2025-04-05,2025-04-30,2100.0,0,0,4,0.0,0.0,0.0,1.0
107245,PB)착한청포도에이드320ml,즉석음료>파우치>아이스티,즉석음료,파우치,아이스티,교환권,4,3,4.0,4,0,0,0,0,0,2025-04-24,2025-04-30,900.0,0,0,4,0.0,0.0,0.0,1.3333
180870,안동소주일품21도350ml*4,전통주>소주>증류식소주,전통주,소주,증류식소주,사전예약,4,2,4.0,4,0,0,0,0,0,2025-04-06,2025-04-28,22800.0,0,0,4,0.0,0.0,0.0,2.0
116653,MZ)홀스xs 레몬민트,과자>캔디류>기능성캔디,과자,캔디류,기능성캔디,교환권,4,4,4.0,4,0,0,0,0,0,2025-04-15,2025-04-24,1800.0,0,0,4,0.0,0.0,0.0,1.0
601295,농심)린도볼밀크4P,과자>초콜릿>볼초콜릿,과자,초콜릿,볼초콜릿,교환권,4,3,4.0,4,0,0,0,0,0,2025-04-05,2025-04-30,3900.0,0,0,4,0.0,0.0,0.0,1.3333
421499,모나미)스윕수정테이프(민트)_H,문구/완구>일반문구>수정/접착용품,문구/완구,일반문구,수정/접착용품,당일픽업,2,1,4.0,1,1,0,0,0,0,2025-04-04,2025-04-04,2000.0,1,0,4,100.0,0.0,100.0,4.0
600611,PB)푸린새콤한딸기별68g,과자>스낵류>일반스낵,과자,스낵류,일반스낵,당일픽업,3,3,4.0,2,0,0,1,0,0,2025-04-08,2025-04-14,2000.0,0,1,4,0.0,50.0,0.0,1.3333
410358,존슨)베이비오일125ml_H,미용/화장품>여성화장품>핸드바디용품,미용/화장품,여성화장품,핸드바디용품,당일픽업,4,2,4.0,2,1,1,0,0,0,2025-04-01,2025-04-05,6000.0,0,0,4,50.0,0.0,0.0,2.0
170860,롱보드라거병24입,맥주>수입맥주>병맥주,맥주,수입맥주,병맥주,사전예약,3,3,4.0,2,0,0,1,0,0,2025-04-15,2025-04-25,88000.0,0,1,4,0.0,50.0,0.0,1.3333
123971,네슬레)킷캣청키로투스,과자>초콜릿>바초콜릿,과자,초콜릿,바초콜릿,당일픽업,2,1,4.0,1,1,0,0,0,0,2025-04-19,2025-04-19,2000.0,1,0,4,100.0,0.0,100.0,4.0
381449,신영)비너스압박올풀림방지_커피_H,패션잡화>스타킹>팬티스타킹,패션잡화,스타킹,팬티스타킹,당일픽업,3,3,4.0,2,0,0,1,0,0,2025-04-04,2025-04-27,9900.0,0,1,4,0.0,50.0,0.0,1.3333
109845,산미구엘페일필젠캔330ml(24입),맥주>수입맥주>캔맥주(소),맥주,수입맥주,캔맥주(소),사전예약,3,3,4.0,2,0,0,1,0,0,2025-04-02,2025-04-28,44000.0,0,1,4,0.0,50.0,0.0,1.3333
107793,K리그산리오)인형_페클,문구/완구>일반완구>일반완구,문구/완구,일반완구,일반완구,당일픽업,2,2,4.0,0,0,0,2,0,0,2025-04-02,2025-04-17,25000.0,0,2,4,0.0,200.0,0.0,2.0
402085,휴마)얼리임신진단키트_H,약품/의료품>의료기기>임신배란테스트기,약품/의료품,의료기기,임신배란테스트기,당일픽업,5,3,4.0,3,0,0,1,1,0,2025-04-01,2025-04-28,6000.0,0,0,4,0.0,33.3333,0.0,1.3333
123638,농심)후르츠텔라48g,과자>캔디류>소프트캔디,과자,캔디류,소프트캔디,교환권,4,4,4.0,4,0,0,0,0,0,2025-04-10,2025-04-17,1500.0,0,0,4,0.0,0.0,0.0,1.0
106846,칠성)모아비레몬라벤더500ml,음료>주스>주스(중),음료,주스,주스(중),당일픽업,3,3,4.0,2,0,0,1,0,0,2025-04-07,2025-04-17,2500.0,0,1,4,0.0,50.0,0.0,1.3333
108546,마즈)이클립스소프트리치45g,과자>캔디류>소프트캔디,과자,캔디류,소프트캔디,교환권,3,3,4.0,2,0,0,1,0,0,2025-04-06,2025-04-10,1800.0,0,1,4,0.0,50.0,0.0,1.3333
123500,롯데)닭가슴살스테이크도시락,미반>도시락>도시락,미반,도시락,도시락,당일픽업,14,11,4.0,5,2,6,0,1,0,2025-04-02,2025-04-24,6500.0,-4,-1,4,40.0,0.0,-80.0,0.3636
420681,모나미)유성매직(흑)_후크형_H,문구/완구>일반문구>팬시,문구/완구,일반문구,팬시,당일픽업,4,3,4.0,4,0,0,0,0,0,2025-04-04,2025-04-13,1200.0,0,0,4,0.0,0.0,0.0,1.3333
116364,오리온)마이구미,과자>젤리류>국산젤리,과자,젤리류,국산젤리,교환권,2,1,4.0,1,1,0,0,0,0,2025-04-29,2025-04-29,1000.0,1,0,4,100.0,0.0,100.0,4.0
132645,농심)신라면블랙두부김치큰사발,면>용기면>라면(대형컵),면,용기면,라면(대형컵),당일픽업,4,4,4.0,4,0,0,0,0,0,2025-04-06,2025-04-30,1800.0,0,0,4,0.0,0.0,0.0,1.0
413559,마즈)쉬바참치와연어70g_H,일용잡화>반려동물용품>반려묘,일용잡화,반려동물용품,반려묘,당일픽업,2,1,4.0,1,1,0,0,0,0,2025-04-30,2025-04-30,2000.0,1,0,4,100.0,0.0,100.0,4.0
180033,하이트)하이트355ml캔,맥주>국산맥주>캔맥주(소),맥주,국산맥주,캔맥주(소),당일픽업,4,3,4.0,4,0,0,0,0,0,2025-04-07,2025-04-27,2250.0,0,0,4,0.0,0.0,0.0,1.3333
109690,델토리)마시멜로우하트초콜릿57g,과자>캔디류>봉지캔디,과자,캔디류,봉지캔디,교환권,4,4,4.0,4,0,0,0,0,0,2025-04-01,2025-04-20,3900.0,0,0,4,0.0,0.0,0.0,1.0
123576,파 이스트 화이트 (6본입),맥주>수입맥주>병맥주,맥주,수입맥주,병맥주,사전예약,5,4,4.0,3,0,0,1,1,0,2025-04-10,2025-04-17,57700.0,0,0,4,0.0,33.3333,0.0,1.0
152489,오뚜기)돈까스소스290g,조미료/건물>소스류>드레싱/디핑소스,조미료/건물,소스류,드레싱/디핑소스,당일픽업,2,1,4.0,1,1,0,0,0,0,2025-04-27,2025-04-27,3000.0,1,0,4,100.0,0.0,100.0,4.0
141384,오뚜기)마포식차돌된장찌개,가공식품>상온간편식>레토르트 국탕찌개,가공식품,상온간편식,레토르트 국탕찌개,교환권,3,3,4.0,2,0,0,1,0,0,2025-04-02,2025-04-05,8500.0,0,1,4,0.0,50.0,0.0,1.3333
191890,디카이퍼 카시스700ml,양주와인>리쿼>리쿼,양주와인,리쿼,리쿼,사전예약,5,4,4.0,3,0,0,1,1,0,2025-04-02,2025-04-28,26200.0,0,0,4,0.0,33.3333,0.0,1.0
123415,마즈)스키틀즈오리지널45g,과자>캔디류>소프트캔디,과자,캔디류,소프트캔디,교환권,4,4,4.0,4,0,0,0,0,0,2025-04-01,2025-04-29,1500.0,0,0,4,0.0,0.0,0.0,1.0
122564,담터)콤부차샤인머스캣10T꼬부기,건강/기호식품>차>분말차류,건강/기호식품,차,분말차류,당일픽업,4,2,4.0,2,1,1,0,0,0,2025-04-09,2025-04-22,8000.0,0,0,4,50.0,0.0,0.0,2.0
107306,PB)파리의이온비타레몬제로500ml,음료>스포츠음료>스포츠음료(중),음료,스포츠음료,스포츠음료(중),교환권,4,4,4.0,4,0,0,0,0,0,2025-04-05,2025-04-16,2500.0,0,0,4,0.0,0.0,0.0,1.0
202569,코카)몬스터에너지제로355,음료>기능성드링크>에너지음료,음료,기능성드링크,에너지음료,당일픽업,2,1,4.0,1,1,0,0,0,0,2025-04-10,2025-04-10,2300.0,1,0,4,100.0,0.0,100.0,4.0
107137,PB)제로곤약젤리청포도140ml,디저트>젤리>마시는젤리,디저트,젤리,마시는젤리,교환권,2,2,4.0,0,0,0,2,0,0,2025-04-03,2025-04-14,1600.0,0,2,4,0.0,200.0,0.0,2.0
202402,팔도)뽀로로사과235ml,음료>주스>주스(중),음료,주스,주스(중),당일픽업,4,1,4.0,2,1,1,0,0,0,2025-04-10,2025-04-10,1600.0,0,0,4,50.0,0.0,0.0,4.0
380001,유니)도브비누_H,H&B>화장비누/바디클렌저>고형비누,H&B,화장비누/바디클렌저,고형비누,당일픽업,2,1,4.0,1,1,0,0,0,0,2025-04-02,2025-04-02,2700.0,1,0,4,100.0,0.0,100.0,4.0
191853,제이)존바파이니스트750ml,양주와인>양주>위스키,양주와인,양주,위스키,당일픽업,5,3,4.0,3,0,0,1,1,0,2025-04-02,2025-04-27,14900.0,0,0,4,0.0,33.3333,0.0,1.3333
161844,코주부)왕쥐포2마리70g,안주>생선류>쥐포,안주,생선류,쥐포,당일픽업,4,2,4.0,4,0,0,0,0,0,2025-04-01,2025-04-20,4800.0,0,0,4,0.0,0.0,0.0,2.0
390503,CJ)NEW참그린500g_H,가정용품>세제류>주방세제,가정용품,세제류,주방세제,당일픽업,4,2,4.0,2,1,1,0,0,0,2025-04-11,2025-04-17,4500.0,0,0,4,50.0,0.0,0.0,2.0
220284,오뚜기)3분카레매운맛,가공식품>상온간편식>레토르트 소스/분말,가공식품,상온간편식,레토르트 소스/분말,당일픽업,4,1,4.0,2,1,1,0,0,0,2025-04-03,2025-04-03,2500.0,0,0,4,50.0,0.0,0.0,4.0
153033,대상)명란바사삭김(6입),조미료/건물>건해산물>농수산건물,조미료/건물,건해산물,농수산건물,당일픽업,3,2,4.0,2,0,0,1,0,0,2025-04-06,2025-04-12,5500.0,0,1,4,0.0,50.0,0.0,2.0
140889,CJ)비비고소고기미역국500g,가공식품>상온간편식>레토르트 국탕찌개,가공식품,상온간편식,레토르트 국탕찌개,당일픽업,4,3,4.0,4,0,0,0,0,0,2025-04-03,2025-04-19,5900.0,0,0,4,0.0,0.0,0.0,1.3333
094212,롯데)세척방울토마토(150g),신선>과일>간편과일,신선,과일,간편과일,당일픽업,5,3,4.0,3,0,0,1,1,0,2025-04-03,2025-04-28,4900.0,0,0,4,0.0,33.3333,0.0,1.3333
210232,오뚜기)옛날당면300g,가공식품>상온간편식>건면,가공식품,상온간편식,건면,당일픽업,4,4,4.0,4,0,0,0,0,0,2025-04-02,2025-04-30,5300.0,0,0,4,0.0,0.0,0.0,1.0
600940,산리오)쿠로미포도구미,과자>젤리류>국산젤리,과자,젤리류,국산젤리,당일픽업,4,4,4.0,1,0,1,2,0,0,2025-04-11,2025-04-29,2000.0,-1,2,4,0.0,200.0,-100.0,1.0
601705,농심)포테토칩먹태청양마요맛,과자>스낵류>감자스낵,과자,스낵류,감자스낵,당일픽업,4,2,4.0,4,0,0,0,0,0,2025-04-12,2025-04-16,1700.0,0,0,4,0.0,0.0,0.0,2.0
600325,사이버)짱구21곡초코바15g,과자>초콜릿>바초콜릿,과자,초콜릿,바초콜릿,당일픽업,4,2,4.0,2,1,1,0,0,0,2025-04-02,2025-04-28,700.0,0,0,4,50.0,0.0,0.0,2.0
107795,PB)쿠션브러쉬_H,미용/화장품>미용소품>미용 소도구,미용/화장품,미용소품,미용 소도구,교환권,2,1,4.0,1,1,0,0,0,0,2025-04-07,2025-04-07,4600.0,1,0,4,100.0,0.0,100.0,4.0
161706,썬푸드)슬라이스오징어18g,안주>오징어>오징어,안주,오징어,오징어,교환권,3,3,4.0,2,0,0,1,0,0,2025-04-02,2025-04-25,5200.0,0,1,4,0.0,50.0,0.0,1.3333
141669,오뚜기)오즈키친푸팟퐁카레,가공식품>상온간편식>레토르트 소스/분말,가공식품,상온간편식,레토르트 소스/분말,교환권,3,3,4.0,2,0,0,1,0,0,2025-04-04,2025-04-18,4800.0,0,1,4,0.0,50.0,0.0,1.3333
109816,미성)XXL마시멜로우43g,과자>캔디류>봉지캔디,과자,캔디류,봉지캔디,교환권,4,3,4.0,4,0,0,0,0,0,2025-04-01,2025-04-08,1000.0,0,0,4,0.0,0.0,0.0,1.3333
170678,비어)칭따오맥주500ml(6입),맥주>수입맥주>캔맥주(중),맥주,수입맥주,캔맥주(중),당일픽업,4,4,4.0,4,0,0,0,0,0,2025-04-03,2025-04-08,27000.0,0,0,4,0.0,0.0,0.0,1.0
192567,힐패밀리베럴블랜드750ml,양주와인>와인>레드,양주와인,와인,레드,사전예약,3,3,3.0,3,0,0,0,0,0,2025-04-19,2025-04-29,90000.0,0,0,3,0.0,0.0,0.0,1.0
192634,(사용안함)4월 와인 구독,,,,,구독할인,3,2,3.0,0,0,0,2,1,0,2025-04-17,2025-04-18,3900.0,0,1,3,0.0,200.0,0.0,1.5
202712,베스킨)레인보우샤베트워터500,음료>주스>주스(중),음료,주스,주스(중),당일픽업,2,1,3.0,1,0,0,1,0,0,2025-04-02,2025-04-17,2500.0,0,1,3,0.0,100.0,0.0,3.0
115643,롯데)제크100g,과자>비스킷류>크래커,과자,비스킷류,크래커,교환권,5,5,3.0,4,0,1,0,0,0,2025-04-04,2025-04-26,1700.0,-1,0,3,0.0,0.0,-25.0,0.6
105874,농심)웰치제로체리스트로베리600ml,음료>탄산음료>제로탄산,음료,탄산음료,제로탄산,당일픽업,2,2,3.0,1,0,0,1,0,0,2025-04-07,2025-04-14,2000.0,0,1,3,0.0,100.0,0.0,1.5
124608,밀담40도360ml,전통주>기타전통주>기타,전통주,기타전통주,기타,사전예약,3,3,3.0,3,0,0,0,0,0,2025-04-16,2025-04-27,19900.0,0,0,3,0.0,0.0,0.0,1.0
109652,굿지앤)오마카세마늘항정살보쌈,냉장>냉장안주>육가공안주,냉장,냉장안주,육가공안주,당일픽업,3,2,3.0,3,0,0,0,0,0,2025-04-01,2025-04-20,8500.0,0,0,3,0.0,0.0,0.0,1.5
113141,세노테 블랑코 700ml,양주와인>양주>위스키,양주와인,양주,위스키,사전예약,3,3,3.0,3,0,0,0,0,0,2025-04-08,2025-04-13,120000.0,0,0,3,0.0,0.0,0.0,1.0
123116,파머스)피스터블아몬드초콜릿60g,과자>초콜릿>판초콜릿,과자,초콜릿,판초콜릿,당일픽업,3,3,3.0,3,0,0,0,0,0,2025-04-10,2025-04-25,8000.0,0,0,3,0.0,0.0,0.0,1.0
115344,롯데)엄마손파이127g,과자>비스킷류>파이,과자,비스킷류,파이,당일픽업,2,2,3.0,1,0,0,1,0,0,2025-04-16,2025-04-27,3400.0,0,1,3,0.0,100.0,0.0,1.5
381450,신영)비너스압박올풀림방지_살구_H,패션잡화>스타킹>팬티스타킹,패션잡화,스타킹,팬티스타킹,당일픽업,3,3,3.0,3,0,0,0,0,0,2025-04-09,2025-04-30,9900.0,0,0,3,0.0,0.0,0.0,1.0
124209,그라바스 델 마이포 카베르네 소비뇽,양주와인>와인>레드,양주와인,와인,레드,사전예약,3,3,3.0,3,0,0,0,0,0,2025-04-08,2025-04-24,135000.0,0,0,3,0.0,0.0,0.0,1.0
170478,에이이)코젤다크330ml캔,맥주>수입맥주>캔맥주(소),맥주,수입맥주,캔맥주(소),당일픽업,3,3,3.0,3,0,0,0,0,0,2025-04-14,2025-04-26,3500.0,0,0,3,0.0,0.0,0.0,1.0
421254,모나미)컷터칼(소)_H,문구/완구>일반문구>칼/가위/테이프,문구/완구,일반문구,칼/가위/테이프,당일픽업,3,3,3.0,3,0,0,0,0,0,2025-04-09,2025-04-27,1200.0,0,0,3,0.0,0.0,0.0,1.0
123236,하이네켄실버500ml캔(24입),맥주>수입맥주>캔맥주(중),맥주,수입맥주,캔맥주(중),사전예약,3,3,3.0,3,0,0,0,0,0,2025-04-01,2025-04-03,62900.0,0,0,3,0.0,0.0,0.0,1.0
114827,매일)누텔라앤고52g,과자>비스킷류>스틱과자,과자,비스킷류,스틱과자,당일픽업,3,1,3.0,1,1,1,0,0,0,2025-04-09,2025-04-09,3400.0,0,0,3,100.0,0.0,0.0,3.0
093740,세븐팜)새송이버섯 2송이,신선>야채>센터채소,신선,야채,센터채소,당일픽업,3,2,3.0,3,0,0,0,0,0,2025-04-01,2025-04-09,1900.0,0,0,3,0.0,0.0,0.0,1.5
202724,칠성)칠성사이다제로블루355ml,음료>탄산음료>사이다(중),음료,탄산음료,사이다(중),당일픽업,2,2,3.0,1,0,0,1,0,0,2025-04-14,2025-04-30,2000.0,0,1,3,0.0,100.0,0.0,1.5
402086,해외)001콘돔2입_H,약품/의료품>의약외품>일반콘돔,약품/의료품,의약외품,일반콘돔,당일픽업,3,3,3.0,3,0,0,0,0,0,2025-04-02,2025-04-17,14900.0,0,0,3,0.0,0.0,0.0,1.0
109903,기쿠마사무네 레몬 레이슈(2입),전통주>기타전통주>중국/일본주,전통주,기타전통주,중국/일본주,사전예약,3,3,3.0,3,0,0,0,0,0,2025-04-02,2025-04-25,36800.0,0,0,3,0.0,0.0,0.0,1.0
601420,훼밀리)케어베어자일리톨구미(포,과자>젤리류>수입젤리,과자,젤리류,수입젤리,교환권,4,2,3.0,2,0,0,1,1,0,2025-04-02,2025-04-20,2200.0,0,0,3,0.0,50.0,0.0,1.5
108597,대상)안주야오치즈할라피뇨페퍼30g,안주>스낵안주>일반스낵,안주,스낵안주,일반스낵,교환권,2,2,3.0,1,0,0,1,0,0,2025-04-06,2025-04-24,6500.0,0,1,3,0.0,100.0,0.0,1.5
062102,칠성)오가닉레드비트&토마토주스,유음료>냉장주스>냉장주스(소),유음료,냉장주스,냉장주스(소),당일픽업,3,2,3.0,3,0,0,0,0,0,2025-04-03,2025-04-27,1500.0,0,0,3,0.0,0.0,0.0,1.5
107140,롯데)돼지바파르페쿠앤크300ml,아이스크림>노벨티>컵,아이스크림,노벨티,컵,당일픽업,3,3,3.0,3,0,0,0,0,0,2025-04-15,2025-04-24,3500.0,0,0,3,0.0,0.0,0.0,1.0
093720,세븐팜)오이2입,신선>야채>센터채소,신선,야채,센터채소,당일픽업,2,2,3.0,1,0,0,1,0,0,2025-04-03,2025-04-15,4300.0,0,1,3,0.0,100.0,0.0,1.5
123240,에델바이스500ml캔(24입),맥주>수입맥주>캔맥주(중),맥주,수입맥주,캔맥주(중),사전예약,3,2,3.0,3,0,0,0,0,0,2025-04-17,2025-04-28,59000.0,0,0,3,0.0,0.0,0.0,1.5
123838,행사하리보)프리마베라80g,과자>젤리류>수입젤리,과자,젤리류,수입젤리,당일픽업,2,1,3.0,1,0,0,1,0,0,2025-04-17,2025-04-17,2200.0,0,1,3,0.0,100.0,0.0,3.0
124921,하겐)파인트티라미수403ml,아이스크림>고급>파인트,아이스크림,고급,파인트,당일픽업,3,3,3.0,3,0,0,0,0,0,2025-04-13,2025-04-25,17900.0,0,0,3,0.0,0.0,0.0,1.0
108614,팜스)완숙토마토550g,신선>과일>국산과일,신선,과일,국산과일,당일픽업,3,2,3.0,3,0,0,0,0,0,2025-04-02,2025-04-11,3500.0,0,0,3,0.0,0.0,0.0,1.5
161606,샘표)질러부드러운우육포70g,안주>육포>육포,안주,육포,육포,당일픽업,3,2,3.0,3,0,0,0,0,0,2025-04-09,2025-04-29,9500.0,0,0,3,0.0,0.0,0.0,1.5
109953,발렌타인글렌버기18년 700ml,양주와인>양주>위스키,양주와인,양주,위스키,사전예약,2,2,3.0,1,0,0,1,0,0,2025-04-15,2025-04-17,211000.0,0,1,3,0.0,100.0,0.0,1.5
106957,유한)올인원파워캡슐세탁세제(7입)_H,가정용품>세제류>세탁세제,가정용품,세제류,세탁세제,당일픽업,3,3,3.0,3,0,0,0,0,0,2025-04-02,2025-04-29,7900.0,0,0,3,0.0,0.0,0.0,1.0
106871,농심)포테토칩먹태고추장50g,과자>스낵류>감자스낵,과자,스낵류,감자스낵,당일픽업,3,2,3.0,3,0,0,0,0,0,2025-04-12,2025-04-16,1700.0,0,0,3,0.0,0.0,0.0,1.5
220038,오뚜기)3분햄버그스테이크,가공식품>상온간편식>레토르트 반찬/간식/안주,가공식품,상온간편식,레토르트 반찬/간식/안주,당일픽업,3,3,3.0,3,0,0,0,0,0,2025-04-07,2025-04-12,3300.0,0,0,3,0.0,0.0,0.0,1.0
062596,남양)테이크핏호박고구마250ml,유음료>프로틴 음료>250ml 이상 ,유음료,프로틴 음료,250ml 이상 ,당일픽업,3,3,3.0,3,0,0,0,0,0,2025-04-06,2025-04-13,2900.0,0,0,3,0.0,0.0,0.0,1.0
601641,유앤)포켓몬비타톤멀티비타캔디,과자>캔디류>행사상품,과자,캔디류,행사상품,교환권,3,3,3.0,3,0,0,0,0,0,2025-04-03,2025-04-10,15000.0,0,0,3,0.0,0.0,0.0,1.0
160047,칠성)칠성사이다２５０캔,음료>탄산음료>사이다(소),음료,탄산음료,사이다(소),교환권,3,3,3.0,3,0,0,0,0,0,2025-04-08,2025-04-18,1700.0,0,0,3,0.0,0.0,0.0,1.0
440952,모나미)3M포스트잇(플래그)_H,문구/완구>노트/봉투>노트/수첩류,문구/완구,노트/봉투,노트/수첩류,당일픽업,3,2,3.0,3,0,0,0,0,0,2025-04-05,2025-04-18,3000.0,0,0,3,0.0,0.0,0.0,1.5
124357,PB)디저트39솔티카라멜우유500ml,유음료>가공우유>기타,유음료,가공우유,기타,당일픽업,2,2,3.0,1,0,0,1,0,0,2025-04-22,2025-04-30,2200.0,0,1,3,0.0,100.0,0.0,1.5
124343,PB)착한도톰물티슈,위생용품>티슈>물티슈,위생용품,티슈,물티슈,당일픽업,4,3,3.0,2,0,0,1,1,0,2025-04-20,2025-04-30,3000.0,0,0,3,0.0,50.0,0.0,1.0
192496,말피콘아란치아700ml,양주와인>양주>기타양주,양주와인,양주,기타양주,사전예약,2,2,3.0,1,0,0,1,0,0,2025-04-27,2025-04-27,58000.0,0,1,3,0.0,100.0,0.0,1.5
202241,빙그레)감성아메리카노500ml,음료>커피음료>PET커피,음료,커피음료,PET커피,당일픽업,4,4,3.0,2,0,1,1,0,0,2025-04-12,2025-04-17,2700.0,-1,1,3,0.0,50.0,-50.0,0.75
124449,사조)빠삭어묵칩매콤한맛40g,안주>생선류>어육스낵,안주,생선류,어육스낵,교환권,3,3,3.0,3,0,0,0,0,0,2025-04-09,2025-04-18,5900.0,0,0,3,0.0,0.0,0.0,1.0
073574,진주햄)자메이카바베큐닭다리,냉장>냉장안주>치킨안주,냉장,냉장안주,치킨안주,당일픽업,5,5,3.0,4,0,0,0,1,0,2025-04-04,2025-04-30,4900.0,0,-1,3,0.0,0.0,0.0,0.6
170861,하날레이아일랜드병24입,맥주>수입맥주>병맥주,맥주,수입맥주,병맥주,사전예약,2,2,3.0,1,0,0,1,0,0,2025-04-08,2025-04-16,88000.0,0,1,3,0.0,100.0,0.0,1.5
170633,하이네)하이네켄넌알콜릭500ml캔,맥주>무알콜맥주>무알콜맥주(수입),맥주,무알콜맥주,무알콜맥주(수입),당일픽업,3,3,3.0,3,0,0,0,0,0,2025-04-01,2025-04-17,4900.0,0,0,3,0.0,0.0,0.0,1.0
109328,오뚜기)마라탕밥(컵밥),가공식품>가공미반류>즉석컵밥,가공식품,가공미반류,즉석컵밥,교환권,3,3,3.0,3,0,0,0,0,0,2025-04-02,2025-04-27,4800.0,0,0,3,0.0,0.0,0.0,1.0
105844,동화)부채표까스활75ml(10입),약품/의료품>의약외품>의약외품,약품/의료품,의약외품,의약외품,당일픽업,3,3,3.0,3,0,0,0,0,0,2025-04-02,2025-04-16,12000.0,0,0,3,0.0,0.0,0.0,1.0
107430,K리그X산리오 스트랩키링(우사하나/수원FC),문구/완구>일반완구>일반완구,문구/완구,일반완구,일반완구,당일픽업,2,1,3.0,1,0,0,1,0,0,2025-04-02,2025-04-02,9000.0,0,1,3,0.0,100.0,0.0,3.0
124241,P)아이코스 일루마i(미드나잇블랙),담배>전자담배>전자담배(PMI 아이코스),담배,전자담배,전자담배(PMI 아이코스),당일픽업,3,3,3.0,3,0,0,0,0,0,2025-04-29,2025-04-30,89000.0,0,0,3,0.0,0.0,0.0,1.0
202677,동서)스타벅스헤이즐넛(병)281ml,음료>커피음료>병커피,음료,커피음료,병커피,당일픽업,2,1,3.0,1,0,0,1,0,0,2025-04-11,2025-04-11,3000.0,0,1,3,0.0,100.0,0.0,3.0
600016,매일)킨더부에노화이트39g,과자>초콜릿>바초콜릿,과자,초콜릿,바초콜릿,당일픽업,3,2,3.0,3,0,0,0,0,0,2025-04-28,2025-04-28,2000.0,0,0,3,0.0,0.0,0.0,1.5
108505,PB)맥주컵(3입),가정용품>행락용품>종이컵,가정용품,행락용품,종이컵,당일픽업,3,2,3.0,3,0,0,0,0,0,2025-04-14,2025-04-26,1200.0,0,0,3,0.0,0.0,0.0,1.5
381675,남영)비비안여성면팬티100_H,패션잡화>팬티/내의>여성팬티,패션잡화,팬티/내의,여성팬티,당일픽업,3,3,3.0,3,0,0,0,0,0,2025-04-08,2025-04-27,8900.0,0,0,3,0.0,0.0,0.0,1.0
170898,배민)짠하기좋은얼그레이500ml캔,양주와인>하이볼>국산하이볼,양주와인,하이볼,국산하이볼,당일픽업,3,3,3.0,3,0,0,0,0,0,2025-04-04,2025-04-21,5000.0,0,0,3,0.0,0.0,0.0,1.0
106477,나무)파피플레이파피팝10g,과자>캔디류>토이캔디,과자,캔디류,토이캔디,당일픽업,2,2,3.0,1,0,0,1,0,0,2025-04-02,2025-04-30,1500.0,0,1,3,0.0,100.0,0.0,1.5
162253,안주야)먹태청양데리야끼맛25g,안주>생선류>수산물,안주,생선류,수산물,교환권,3,3,3.0,3,0,0,0,0,0,2025-04-12,2025-04-24,5900.0,0,0,3,0.0,0.0,0.0,1.0
141579,오뚜기)양평식선지해장국,가공식품>상온간편식>레토르트 국탕찌개,가공식품,상온간편식,레토르트 국탕찌개,교환권,2,2,3.0,1,0,0,1,0,0,2025-04-05,2025-04-16,8500.0,0,1,3,0.0,100.0,0.0,1.5
107214,동아)모닝케어간솔루션젤리스틱15g,건강/기호식품>건강/이너뷰티>일반건강식품 ,건강/기호식품,건강/이너뷰티,일반건강식품 ,교환권,3,3,3.0,3,0,0,0,0,0,2025-04-03,2025-04-25,3200.0,0,0,3,0.0,0.0,0.0,1.0
119317,오리온)단백질볼48g,과자>초콜릿>볼초콜릿,과자,초콜릿,볼초콜릿,당일픽업,3,2,3.0,3,0,0,0,0,0,2025-04-03,2025-04-13,1500.0,0,0,3,0.0,0.0,0.0,1.5
107864,유앤)제로톡젤리애플망고160g,과자>젤리류>국산젤리,과자,젤리류,국산젤리,교환권,2,2,3.0,1,0,0,1,0,0,2025-04-06,2025-04-14,3000.0,0,1,3,0.0,100.0,0.0,1.5
106964,마즈)트윅스엑스트라72g,과자>초콜릿>바초콜릿,과자,초콜릿,바초콜릿,당일픽업,2,1,3.0,1,0,0,1,0,0,2025-04-15,2025-04-15,2200.0,0,1,3,0.0,100.0,0.0,3.0
113790,MQ)프링글스치즈맛110g,과자>스낵류>감자스낵,과자,스낵류,감자스낵,당일픽업,3,2,3.0,3,0,0,0,0,0,2025-04-04,2025-04-22,4000.0,0,0,3,0.0,0.0,0.0,1.5
107321,PB)귀이개_H,미용/화장품>미용소품>미용 소도구,미용/화장품,미용소품,미용 소도구,당일픽업,2,1,3.0,1,0,0,1,0,0,2025-04-26,2025-04-26,2300.0,0,1,3,0.0,100.0,0.0,3.0
421523,모나미)3색형광볼펜_H,문구/완구>일반문구>팬시,문구/완구,일반문구,팬시,당일픽업,3,1,3.0,1,1,1,0,0,0,2025-04-16,2025-04-16,3000.0,0,0,3,100.0,0.0,0.0,3.0
221535,CJ)비비고청양고추찐만두168g,냉동>냉동만두>트레이만두,냉동,냉동만두,트레이만두,당일픽업,3,2,3.0,3,0,0,0,0,0,2025-04-03,2025-04-07,4900.0,0,0,3,0.0,0.0,0.0,1.5
106721,롯데)오잉노가리땅콩청양마요80g,과자>스낵류>일반스낵,과자,스낵류,일반스낵,당일픽업,2,2,3.0,1,0,0,1,0,0,2025-04-02,2025-04-08,1700.0,0,1,3,0.0,100.0,0.0,1.5
123529,★미루)러쉬캔디,과자>캔디류>행사상품,과자,캔디류,행사상품,당일픽업,3,1,3.0,3,0,0,0,0,0,2025-04-17,2025-04-21,6500.0,0,0,3,0.0,0.0,0.0,3.0
105581,하겐)녹차앤레몬바75ml,아이스크림>고급>바,아이스크림,고급,바,당일픽업,3,2,3.0,3,0,0,0,0,0,2025-04-12,2025-04-30,6900.0,0,0,3,0.0,0.0,0.0,1.5
104654,롯데)허쉬밀크초콜릿40g,과자>초콜릿>판초콜릿,과자,초콜릿,판초콜릿,교환권,3,3,3.0,3,0,0,0,0,0,2025-04-04,2025-04-11,2000.0,0,0,3,0.0,0.0,0.0,1.0
124576,솔송주13도375ml(2입),전통주>기타전통주>기타,전통주,기타전통주,기타,사전예약,3,3,3.0,3,0,0,0,0,0,2025-04-13,2025-04-26,18000.0,0,0,3,0.0,0.0,0.0,1.0
202446,코카)스프라이트제로355ml,음료>탄산음료>제로탄산,음료,탄산음료,제로탄산,당일픽업,3,3,3.0,3,0,0,0,0,0,2025-04-11,2025-04-19,1900.0,0,0,3,0.0,0.0,0.0,1.0
123796,1키키쿼카)얼굴쿠션,과자>캔디류>행사상품,과자,캔디류,행사상품,당일픽업,3,3,3.0,3,0,0,0,0,0,2025-04-04,2025-04-23,27900.0,0,0,3,0.0,0.0,0.0,1.0
211881,매일)상하목장아이스딸기474ml,아이스크림>고급>파인트,아이스크림,고급,파인트,당일픽업,3,3,3.0,3,0,0,0,0,0,2025-04-05,2025-04-19,14900.0,0,0,3,0.0,0.0,0.0,1.0
052805,웰그린)고추핫소스,즉석 식품>즉석치킨>기타류 ,즉석 식품,즉석치킨,기타류 ,당일픽업,4,3,3.0,2,0,0,1,1,0,2025-04-08,2025-04-29,600.0,0,0,3,0.0,50.0,0.0,1.0
600874,삼경)코로로복숭아젤리40g,과자>젤리류>수입젤리,과자,젤리류,수입젤리,교환권,3,2,3.0,3,0,0,0,0,0,2025-04-03,2025-04-24,2500.0,0,0,3,0.0,0.0,0.0,1.5
160083,칠성)실론티240ml,음료>차음료>홍차,음료,차음료,홍차,당일픽업,3,1,3.0,3,0,0,0,0,0,2025-04-05,2025-04-10,1300.0,0,0,3,0.0,0.0,0.0,3.0
107434,K리그X산리오 스트랩키링(쿠리링/제주),문구/완구>일반완구>일반완구,문구/완구,일반완구,일반완구,당일픽업,2,2,3.0,1,0,0,1,0,0,2025-04-02,2025-04-09,9000.0,0,1,3,0.0,100.0,0.0,1.5
600342,하림)닭가슴살단백질바(베리),과자>프로틴/시리얼>영양바류,과자,프로틴/시리얼,영양바류,당일픽업,2,2,3.0,1,0,0,1,0,0,2025-04-10,2025-04-14,2000.0,0,1,3,0.0,100.0,0.0,1.5
107170,PB)무팁머리끈(블랙)_H,미용/화장품>미용소품>액세서리,미용/화장품,미용소품,액세서리,교환권,3,3,3.0,3,0,0,0,0,0,2025-04-01,2025-04-30,2100.0,0,0,3,0.0,0.0,0.0,1.0
400828,해외)003리얼피트콘돔_H,약품/의료품>의약외품>일반콘돔,약품/의료품,의약외품,일반콘돔,당일픽업,3,3,3.0,3,0,0,0,0,0,2025-04-14,2025-04-27,6900.0,0,0,3,0.0,0.0,0.0,1.0
381674,남영)비비안여성면팬티95_H,패션잡화>팬티/내의>여성팬티,패션잡화,팬티/내의,여성팬티,당일픽업,3,3,3.0,3,0,0,0,0,0,2025-04-26,2025-04-30,8900.0,0,0,3,0.0,0.0,0.0,1.0
105591,광동)썬키스트레몬에이드500ml,음료>주스>주스(중),음료,주스,주스(중),당일픽업,4,3,3.0,2,0,0,1,1,0,2025-04-03,2025-04-18,2500.0,0,0,3,0.0,50.0,0.0,1.0
117803,크라운)뽀또치즈타르트92g,과자>비스킷류>크래커,과자,비스킷류,크래커,교환권,3,3,3.0,3,0,0,0,0,0,2025-04-06,2025-04-16,1500.0,0,0,3,0.0,0.0,0.0,1.0
600341,하림)닭가슴살단백질바(너츠),과자>프로틴/시리얼>영양바류,과자,프로틴/시리얼,영양바류,당일픽업,2,1,3.0,1,0,0,1,0,0,2025-04-14,2025-04-14,2000.0,0,1,3,0.0,100.0,0.0,3.0
107125,하림)용가리불비빔면큰컵,면>용기면>비빔/볶음면,면,용기면,비빔/볶음면,당일픽업,3,3,3.0,3,0,0,0,0,0,2025-04-03,2025-04-16,2200.0,0,0,3,0.0,0.0,0.0,1.0
170256,아영)에딩거바이스비어500ml캔,맥주>수입맥주>캔맥주(중),맥주,수입맥주,캔맥주(중),당일픽업,2,2,3.0,1,0,0,1,0,0,2025-04-05,2025-04-14,4600.0,0,1,3,0.0,100.0,0.0,1.5
192494,말피로사700ml,양주와인>양주>기타양주,양주와인,양주,기타양주,사전예약,2,2,3.0,1,0,0,1,0,0,2025-04-27,2025-04-27,58000.0,0,1,3,0.0,100.0,0.0,1.5
109883,월계관 더컵(5입) (캠핑추천),전통주>기타전통주>중국/일본주,전통주,기타전통주,중국/일본주,사전예약,3,3,3.0,3,0,0,0,0,0,2025-04-02,2025-04-12,22500.0,0,0,3,0.0,0.0,0.0,1.0
108615,팜스)수미감자500g,신선>야채>센터채소,신선,야채,센터채소,당일픽업,3,3,3.0,3,0,0,0,0,0,2025-04-02,2025-04-10,3000.0,0,0,3,0.0,0.0,0.0,1.0
381200,신영)비너스판타롱(살구)_H,패션잡화>스타킹>판타롱스타킹,패션잡화,스타킹,판타롱스타킹,당일픽업,3,3,3.0,3,0,0,0,0,0,2025-04-18,2025-04-20,3000.0,0,0,3,0.0,0.0,0.0,1.0
123153,케이)칸명가마라먹태30g,안주>생선류>수산물,안주,생선류,수산물,교환권,2,2,3.0,1,0,0,1,0,0,2025-04-05,2025-04-18,6500.0,0,1,3,0.0,100.0,0.0,1.5
361434,라이온)아이깨끗해순250ml_H,H&B>화장비누/바디클렌저>액체비누,H&B,화장비누/바디클렌저,액체비누,당일픽업,3,1,3.0,3,0,0,0,0,0,2025-04-20,2025-04-20,8900.0,0,0,3,0.0,0.0,0.0,3.0
161616,샘표)질러크레이지핫육포30g,안주>육포>육포,안주,육포,육포,당일픽업,3,2,3.0,3,0,0,0,0,0,2025-04-09,2025-04-16,4900.0,0,0,3,0.0,0.0,0.0,1.5
141135,CJ)비비고차돌된장찌개460g,가공식품>상온간편식>레토르트 국탕찌개,가공식품,상온간편식,레토르트 국탕찌개,교환권,2,1,3.0,1,0,0,1,0,0,2025-04-05,2025-04-05,7900.0,0,1,3,0.0,100.0,0.0,3.0
113144,발블레어 12년 700ml,양주와인>양주>위스키,양주와인,양주,위스키,사전예약,2,2,3.0,1,0,0,1,0,0,2025-04-12,2025-04-14,137000.0,0,1,3,0.0,100.0,0.0,1.5
123136,삼립)미각애플시나몬롤90g,빵>간식빵>페스트리,빵,간식빵,페스트리,당일픽업,3,1,3.0,1,1,1,0,0,0,2025-04-16,2025-04-16,2200.0,0,0,3,100.0,0.0,0.0,3.0
109900,하쿠시카 혼죠조팩(2입),전통주>기타전통주>중국/일본주,전통주,기타전통주,중국/일본주,사전예약,3,3,3.0,3,0,0,0,0,0,2025-04-24,2025-04-30,33000.0,0,0,3,0.0,0.0,0.0,1.0
118430,마즈)몰티저스다크37g,과자>초콜릿>볼초콜릿,과자,초콜릿,볼초콜릿,교환권,3,3,3.0,3,0,0,0,0,0,2025-04-01,2025-04-08,1800.0,0,0,3,0.0,0.0,0.0,1.0
105737,해태)봉봉복숭아아이스티제로500ml,음료>차음료>홍차,음료,차음료,홍차,당일픽업,3,3,3.0,3,0,0,0,0,0,2025-04-05,2025-04-17,2000.0,0,0,3,0.0,0.0,0.0,1.0
107207,PB)무팁머리끈(컬러)_H,미용/화장품>미용소품>액세서리,미용/화장품,미용소품,액세서리,당일픽업,3,2,3.0,3,0,0,0,0,0,2025-04-02,2025-04-06,2100.0,0,0,3,0.0,0.0,0.0,1.5
371067,롯알)종이접시170mm(10입),가정용품>행락용품>일회용품,가정용품,행락용품,일회용품,당일픽업,4,3,3.0,2,0,0,1,1,0,2025-04-04,2025-04-13,2300.0,0,0,3,0.0,50.0,0.0,1.0
420798,모나미)규격봉투(10입)_H,문구/완구>노트/봉투>봉투/카드,문구/완구,노트/봉투,봉투/카드,당일픽업,3,3,3.0,3,0,0,0,0,0,2025-04-09,2025-04-25,800.0,0,0,3,0.0,0.0,0.0,1.0
109891,하쿠시카 긴죠 나마죠조,전통주>기타전통주>중국/일본주,전통주,기타전통주,중국/일본주,사전예약,3,3,3.0,3,0,0,0,0,0,2025-04-07,2025-04-28,30000.0,0,0,3,0.0,0.0,0.0,1.0
124536,에프투)두레미니족발400g,냉장>냉장안주>족발/순대,냉장,냉장안주,족발/순대,당일픽업,3,3,3.0,3,0,0,0,0,0,2025-04-04,2025-04-11,9900.0,0,0,3,0.0,0.0,0.0,1.0
115456,천하)골든씨씨쉘250g,과자>초콜릿>행사상품,과자,초콜릿,행사상품,당일픽업,3,2,3.0,1,1,1,0,0,0,2025-04-14,2025-04-30,13000.0,0,0,3,100.0,0.0,0.0,1.5
109258,PB)NEW생강꿀차원컵45g,건강/기호식품>원컵>국산차,건강/기호식품,원컵,국산차,당일픽업,3,1,3.0,1,1,1,0,0,0,2025-04-10,2025-04-10,1600.0,0,0,3,100.0,0.0,0.0,3.0
202663,칠성)탐스제로파인애플355ml,음료>탄산음료>제로탄산,음료,탄산음료,제로탄산,당일픽업,2,2,3.0,1,0,0,1,0,0,2025-04-03,2025-04-14,1500.0,0,1,3,0.0,100.0,0.0,1.5
072839,리치푸드)허브스모크닭다리170g,냉장>냉장안주>치킨안주,냉장,냉장안주,치킨안주,당일픽업,2,2,3.0,1,0,0,1,0,0,2025-04-12,2025-04-26,5700.0,0,1,3,0.0,100.0,0.0,1.5
107407,어메이징)에반윌리엄스버번애플355ml캔,양주와인>하이볼>국산하이볼,양주와인,하이볼,국산하이볼,당일픽업,3,2,3.0,3,0,0,0,0,0,2025-04-03,2025-04-29,4000.0,0,0,3,0.0,0.0,0.0,1.5
123470,얄리 프리미엄 리미티드 에디션 까르메네르,양주와인>와인>레드,양주와인,와인,레드,사전예약,3,3,3.0,3,0,0,0,0,0,2025-04-10,2025-04-27,38900.0,0,0,3,0.0,0.0,0.0,1.0
200351,브라운)잭다니엘스500ml,양주와인>양주>위스키,양주와인,양주,위스키,당일픽업,3,3,3.0,3,0,0,0,0,0,2025-04-27,2025-04-28,39400.0,0,0,3,0.0,0.0,0.0,1.0
123778,스미)감숙왕화이트초코바나나칩45g,안주>농산안주>과일,안주,농산안주,과일,당일픽업,3,2,3.0,3,0,0,0,0,0,2025-04-01,2025-04-12,3600.0,0,0,3,0.0,0.0,0.0,1.5
109853,삿포로맥주350ml(24입),맥주>수입맥주>캔맥주(소),맥주,수입맥주,캔맥주(소),사전예약,3,2,3.0,3,0,0,0,0,0,2025-04-09,2025-04-12,49500.0,0,0,3,0.0,0.0,0.0,1.5
113170,엠즈)시나모롤우유케이크140g,디저트>시즌케익>시즌케익 ,디저트,시즌케익,시즌케익 ,당일픽업,3,1,3.0,1,1,1,0,0,0,2025-04-29,2025-04-29,7500.0,0,0,3,100.0,0.0,0.0,3.0
123473,알타비스타 아템포랄 블렌드,양주와인>와인>레드,양주와인,와인,레드,사전예약,3,3,3.0,3,0,0,0,0,0,2025-04-03,2025-04-30,40900.0,0,0,3,0.0,0.0,0.0,1.0
062617,직납)아침미소한라봉요구르트100ml,유음료>요구르트>드링킹요구르트,유음료,요구르트,드링킹요구르트,당일픽업,2,2,3.0,1,0,0,1,0,0,2025-04-01,2025-04-14,2500.0,0,1,3,0.0,100.0,0.0,1.5
109936,발렌타인10년 700ml,양주와인>양주>위스키,양주와인,양주,위스키,사전예약,3,3,3.0,3,0,0,0,0,0,2025-04-06,2025-04-29,57000.0,0,0,3,0.0,0.0,0.0,1.0
202461,칠성)게토레이오렌지240ml,음료>스포츠음료>스포츠음료(소),음료,스포츠음료,스포츠음료(소),당일픽업,2,1,3.0,1,0,0,1,0,0,2025-04-22,2025-04-22,1100.0,0,1,3,0.0,100.0,0.0,3.0
120164,담터)호두아몬드율무차8입,건강/기호식품>차>분말차류,건강/기호식품,차,분말차류,당일픽업,3,3,3.0,3,0,0,0,0,0,2025-04-01,2025-04-15,3500.0,0,0,3,0.0,0.0,0.0,1.0
192628,3월 위스키 구독,,,,,구독할인,6,5,3.0,3,0,1,1,1,0,2025-04-01,2025-04-17,9900.0,-1,0,3,0.0,33.3333,-33.3333,0.6
362251,P&G)질레트센서3일회용면도기1입_H,H&B>면도용품>일회용면도기,H&B,면도용품,일회용면도기,당일픽업,3,3,3.0,3,0,0,0,0,0,2025-04-08,2025-04-17,3000.0,0,0,3,0.0,0.0,0.0,1.0
362574,LG)프로틴볼륨샴푸480ml_H,H&B>샴푸/린스>샴푸,H&B,샴푸/린스,샴푸,당일픽업,3,3,3.0,3,0,0,0,0,0,2025-04-15,2025-04-28,12900.0,0,0,3,0.0,0.0,0.0,1.0
072717,장충동)쫄깃한편육150g,냉장>냉장안주>족발/순대,냉장,냉장안주,족발/순대,당일픽업,3,2,3.0,3,0,0,0,0,0,2025-04-09,2025-04-09,8000.0,0,0,3,0.0,0.0,0.0,1.5
093427,세븐팜)레몬2입,신선>과일>수입과일,신선,과일,수입과일,당일픽업,3,1,3.0,3,0,0,0,0,0,2025-04-18,2025-04-18,2500.0,0,0,3,0.0,0.0,0.0,3.0
191255,롯데)옐로우테일제미레드루750ml,양주와인>와인>레드,양주와인,와인,레드,당일픽업,3,3,3.0,3,0,0,0,0,0,2025-04-06,2025-04-16,17000.0,0,0,3,0.0,0.0,0.0,1.0
601108,마즈)이클립스플러스꿀&레몬향,과자>캔디류>기능성캔디,과자,캔디류,기능성캔디,교환권,2,2,3.0,1,0,0,1,0,0,2025-04-01,2025-04-06,3500.0,0,1,3,0.0,100.0,0.0,1.5
062123,롯데)위편한하루150ml,유음료>요구르트>기능성요구르트,유음료,요구르트,기능성요구르트,당일픽업,2,2,3.0,1,0,0,1,0,0,2025-04-03,2025-04-04,1800.0,0,1,3,0.0,100.0,0.0,1.5
202658,칠성)콘트라베이스스윗아몬드500,음료>커피음료>PET커피,음료,커피음료,PET커피,당일픽업,3,2,3.0,3,0,0,0,0,0,2025-04-27,2025-04-30,2700.0,0,0,3,0.0,0.0,0.0,1.5
109974,제주위트에일500ml캔(24입),맥주>수입맥주>캔맥주(중),맥주,수입맥주,캔맥주(중),사전예약,3,2,3.0,3,0,0,0,0,0,2025-04-02,2025-04-13,66000.0,0,0,3,0.0,0.0,0.0,1.5
123159,코젤화이트 500ml캔(24입),맥주>수입맥주>캔맥주(중),맥주,수입맥주,캔맥주(중),사전예약,3,3,3.0,3,0,0,0,0,0,2025-04-02,2025-04-10,54000.0,0,0,3,0.0,0.0,0.0,1.0
170811,칭따오500ml*24입,맥주>수입맥주>캔맥주(중),맥주,수입맥주,캔맥주(중),사전예약,3,3,3.0,3,0,0,0,0,0,2025-04-04,2025-04-29,52800.0,0,0,3,0.0,0.0,0.0,1.0
117150,롯데)도리토스갈비천왕84g,과자>스낵류>옥수수스낵,과자,스낵류,옥수수스낵,교환권,3,3,3.0,3,0,0,0,0,0,2025-04-03,2025-04-16,1700.0,0,0,3,0.0,0.0,0.0,1.0
124418,매크로)레옹사우어비타민C자몽젤리80g,과자>젤리류>수입젤리,과자,젤리류,수입젤리,당일픽업,3,3,3.0,3,0,0,0,0,0,2025-04-07,2025-04-22,2500.0,0,0,3,0.0,0.0,0.0,1.0
123126,PB)마라맛오징어30g,안주>오징어>오징어,안주,오징어,오징어,교환권,3,3,3.0,3,0,0,0,0,0,2025-04-16,2025-04-29,4500.0,0,0,3,0.0,0.0,0.0,1.0
181039,한라산)순한16 360ml병,전통주>소주>병소주,전통주,소주,병소주,당일픽업,3,3,3.0,3,0,0,0,0,0,2025-04-11,2025-04-30,1900.0,0,0,3,0.0,0.0,0.0,1.0
109605,대웅)우루샷이브 2정_H,약품/의료품>의약외품>의약외품,약품/의료품,의약외품,의약외품,당일픽업,3,3,3.0,3,0,0,0,0,0,2025-04-12,2025-04-29,3000.0,0,0,3,0.0,0.0,0.0,1.0
180387,한국술)국순당대박생막걸리700ml,전통주>막걸리>생막걸리,전통주,막걸리,생막걸리,당일픽업,3,3,3.0,3,0,0,0,0,0,2025-04-02,2025-04-30,1400.0,0,0,3,0.0,0.0,0.0,1.0
421340,모나미)편지지세트_H,문구/완구>기타문구>봉투/카드,문구/완구,기타문구,봉투/카드,당일픽업,3,2,3.0,3,0,0,0,0,0,2025-04-19,2025-04-24,1500.0,0,0,3,0.0,0.0,0.0,1.5
124596,문배술40도200ml(2입),전통주>기타전통주>기타,전통주,기타전통주,기타,사전예약,3,3,3.0,3,0,0,0,0,0,2025-04-10,2025-04-22,25600.0,0,0,3,0.0,0.0,0.0,1.0
123165,코젤다크 330ml병(24입),맥주>수입맥주>병맥주,맥주,수입맥주,병맥주,사전예약,3,3,3.0,3,0,0,0,0,0,2025-04-12,2025-04-30,54000.0,0,0,3,0.0,0.0,0.0,1.0
201075,코카)미닛프리미엄오렌지1.5L,음료>주스>주스(대),음료,주스,주스(대),당일픽업,3,2,3.0,3,0,0,0,0,0,2025-04-12,2025-04-18,5000.0,0,0,3,0.0,0.0,0.0,1.5
141055,CJ)스팸마요덮밥(컵반),가공식품>가공미반류>즉석컵밥,가공식품,가공미반류,즉석컵밥,교환권,2,2,3.0,1,0,0,1,0,0,2025-04-15,2025-04-28,4800.0,0,1,3,0.0,100.0,0.0,1.5
108129,하림)더미식소고기뭇국350g,가공식품>상온간편식>레토르트 국탕찌개,가공식품,상온간편식,레토르트 국탕찌개,교환권,4,3,3.0,2,0,0,1,1,0,2025-04-05,2025-04-12,5500.0,0,0,3,0.0,50.0,0.0,1.0
106031,롯데)제로틴케이스캔디(페퍼민트)28g,과자>캔디류>기능성캔디,과자,캔디류,기능성캔디,당일픽업,3,3,3.0,3,0,0,0,0,0,2025-04-04,2025-04-24,3500.0,0,0,3,0.0,0.0,0.0,1.0
124701,팔도)뽀로로밀크톡335ml,음료>탄산음료>제로탄산,음료,탄산음료,제로탄산,당일픽업,2,1,3.0,1,0,0,1,0,0,2025-04-24,2025-04-24,1700.0,0,1,3,0.0,100.0,0.0,3.0
440761,모나미)3M이어플러그(귀마개)_H,문구/완구>기타문구>팬시,문구/완구,기타문구,팬시,당일픽업,3,2,3.0,3,0,0,0,0,0,2025-04-27,2025-04-29,2000.0,0,0,3,0.0,0.0,0.0,1.5
072153,본죽)보양삼계죽270g,냉장>냉장간편식>냉장죽,냉장,냉장간편식,냉장죽,당일픽업,3,3,3.0,3,0,0,0,0,0,2025-04-24,2025-04-26,4700.0,0,0,3,0.0,0.0,0.0,1.0
152862,해표)감자맛전분350g,조미료/건물>분말가루>밀가루/프리믹스,조미료/건물,분말가루,밀가루/프리믹스,당일픽업,3,3,3.0,3,0,0,0,0,0,2025-04-16,2025-04-27,5000.0,0,0,3,0.0,0.0,0.0,1.0
093127,풀무원)국산콩한끼찌개두부110g,신선>야채>두부/콩나물,신선,야채,두부/콩나물,당일픽업,4,2,3.0,2,0,0,1,1,0,2025-04-05,2025-04-08,1600.0,0,0,3,0.0,50.0,0.0,1.5
123324,안유성명장토핑유부초밥,미반>초밥류>유부초밥,미반,초밥류,유부초밥,사전예약,3,2,3.0,1,1,1,0,0,0,2025-04-01,2025-04-09,3500.0,0,0,3,100.0,0.0,0.0,1.5
141384,오뚜기)마포식차돌된장찌개,가공식품>상온간편식>레토르트 국탕찌개,가공식품,상온간편식,레토르트 국탕찌개,당일픽업,3,3,3.0,3,0,0,0,0,0,2025-04-06,2025-04-28,8500.0,0,0,3,0.0,0.0,0.0,1.0
124897,휴마)라보타치 빈저6(멀미완화)_H,약품/의료품>의약외품>의약외품,약품/의료품,의약외품,의약외품,당일픽업,3,3,3.0,3,0,0,0,0,0,2025-04-13,2025-04-30,5500.0,0,0,3,0.0,0.0,0.0,1.0
140889,CJ)비비고소고기미역국500g,가공식품>상온간편식>레토르트 국탕찌개,가공식품,상온간편식,레토르트 국탕찌개,교환권,2,2,3.0,1,0,0,1,0,0,2025-04-05,2025-04-07,5900.0,0,1,3,0.0,100.0,0.0,1.5
202652,티젠)콤부차스파클링티(레몬)340,음료>탄산음료>과일향탄산(중),음료,탄산음료,과일향탄산(중),당일픽업,3,3,3.0,3,0,0,0,0,0,2025-04-07,2025-04-28,2000.0,0,0,3,0.0,0.0,0.0,1.0
192124,킬리카눈킬러맨즈런카버네,양주와인>와인>레드,양주와인,와인,레드,사전예약,3,3,3.0,3,0,0,0,0,0,2025-04-05,2025-04-25,29500.0,0,0,3,0.0,0.0,0.0,1.0
107662,K리그산리오)머플러(쿠리링),패션잡화>시즌/소품>기타,패션잡화,시즌/소품,기타,당일픽업,2,2,3.0,1,0,0,1,0,0,2025-04-02,2025-04-07,20000.0,0,1,3,0.0,100.0,0.0,1.5
240035,오뚜기)골드마요네스500g,조미료/건물>소스류>드레싱/디핑소스,조미료/건물,소스류,드레싱/디핑소스,당일픽업,3,2,3.0,1,1,1,0,0,0,2025-04-13,2025-04-18,6800.0,0,0,3,100.0,0.0,0.0,1.5
109928,발렌타인7년 700ml,양주와인>양주>위스키,양주와인,양주,위스키,사전예약,3,3,3.0,3,0,0,0,0,0,2025-04-06,2025-04-20,47000.0,0,0,3,0.0,0.0,0.0,1.0
124417,매크로)레옹사우어비타민c레몬젤리80g,과자>젤리류>수입젤리,과자,젤리류,수입젤리,당일픽업,3,3,3.0,3,0,0,0,0,0,2025-04-07,2025-04-22,2500.0,0,0,3,0.0,0.0,0.0,1.0
093126,롯데)컷팅사과&방울토마토150g,신선>과일>간편과일,신선,과일,간편과일,당일픽업,3,2,3.0,3,0,0,0,0,0,2025-04-11,2025-04-11,5000.0,0,0,3,0.0,0.0,0.0,1.5
450230,마즈)시져쇠고기100G_H,일용잡화>반려동물용품>반려견,일용잡화,반려동물용품,반려견,당일픽업,3,1,3.0,1,1,1,0,0,0,2025-04-02,2025-04-02,2500.0,0,0,3,100.0,0.0,0.0,3.0
354112,마녀공장)퓨어클렌징티슈20입_H,미용/화장품>여성화장품>클렌징,미용/화장품,여성화장품,클렌징,당일픽업,3,3,3.0,3,0,0,0,0,0,2025-04-12,2025-04-16,4500.0,0,0,3,0.0,0.0,0.0,1.0
161639,PB)매운맛양념육포45g,안주>육포>육포,안주,육포,육포,당일픽업,3,2,3.0,3,0,0,0,0,0,2025-04-04,2025-04-09,5000.0,0,0,3,0.0,0.0,0.0,1.5
109916,제네시스 까베르네쇼비뇽(12입),양주와인>와인>레드,양주와인,와인,레드,사전예약,3,3,3.0,3,0,0,0,0,0,2025-04-02,2025-04-26,90000.0,0,0,3,0.0,0.0,0.0,1.0
114403,크라운)땅콩캬라멜2000,과자>캔디류>소프트캔디,과자,캔디류,소프트캔디,교환권,3,3,3.0,3,0,0,0,0,0,2025-04-02,2025-04-10,2000.0,0,0,3,0.0,0.0,0.0,1.0
062608,hy)야쿠르트1971 450ml,유음료>요구르트>기능성요구르트,유음료,요구르트,기능성요구르트,당일픽업,3,2,3.0,3,0,0,0,0,0,2025-04-17,2025-04-19,2400.0,0,0,3,0.0,0.0,0.0,1.5
106202,오리온)초코파이하우스딸기12P,과자>비스킷류>파이,과자,비스킷류,파이,교환권,3,3,3.0,3,0,0,0,0,0,2025-04-06,2025-04-18,6000.0,0,0,3,0.0,0.0,0.0,1.0
201778,칠성)잔치집식혜340ml,음료>전통음료>전통음료(소),음료,전통음료,전통음료(소),당일픽업,2,2,3.0,1,0,0,1,0,0,2025-04-18,2025-04-30,1400.0,0,1,3,0.0,100.0,0.0,1.5
362572,LG)핑크솔트시카샴푸200ml_H,H&B>샴푸/린스>샴푸,H&B,샴푸/린스,샴푸,당일픽업,3,3,3.0,3,0,0,0,0,0,2025-04-08,2025-04-17,7000.0,0,0,3,0.0,0.0,0.0,1.0
360062,아우성콘돔3입돌출_H,약품/의료품>의약외품>특수콘돔,약품/의료품,의약외품,특수콘돔,당일픽업,3,1,3.0,3,0,0,0,0,0,2025-04-14,2025-04-14,7000.0,0,0,3,0.0,0.0,0.0,3.0
109147,SAMG)하츄핑비밀캔디리치맛,과자>캔디류>토이캔디,과자,캔디류,토이캔디,당일픽업,3,2,3.0,3,0,0,0,0,0,2025-04-22,2025-04-30,2800.0,0,0,3,0.0,0.0,0.0,1.5
113146,브룩라디 포트샬롯 10년 700ml,양주와인>양주>위스키,양주와인,양주,위스키,사전예약,3,3,3.0,3,0,0,0,0,0,2025-04-18,2025-04-24,179000.0,0,0,3,0.0,0.0,0.0,1.0
122570,꽃샘)도밍고꿀캐모마일20T,건강/기호식품>차>티백차류,건강/기호식품,차,티백차류,당일픽업,2,1,3.0,1,0,0,1,0,0,2025-04-13,2025-04-13,7800.0,0,1,3,0.0,100.0,0.0,3.0
192605,페르)앱솔루트패션프루트700ml,양주와인>양주>기타양주,양주와인,양주,기타양주,당일픽업,3,3,3.0,3,0,0,0,0,0,2025-04-04,2025-04-12,39400.0,0,0,3,0.0,0.0,0.0,1.0
162358,바프)멸치아몬드구운양파맛100g,안주>너트류>봉지너트,안주,너트류,봉지너트,당일픽업,3,3,3.0,3,0,0,0,0,0,2025-04-12,2025-04-18,7900.0,0,0,3,0.0,0.0,0.0,1.0
600837,롯데)꼬깔콘군옥수수맛(대)134g,과자>스낵류>옥수수스낵,과자,스낵류,옥수수스낵,교환권,3,3,3.0,3,0,0,0,0,0,2025-04-01,2025-04-27,3400.0,0,0,3,0.0,0.0,0.0,1.0
113171,엠즈)마이멜로디딸기케이크140g,디저트>시즌케익>시즌케익 ,디저트,시즌케익,시즌케익 ,당일픽업,3,3,3.0,3,0,0,0,0,0,2025-04-29,2025-04-30,7500.0,0,0,3,0.0,0.0,0.0,1.0
141649,CJ)컵반빅소고기미역국밥,가공식품>가공미반류>즉석컵밥,가공식품,가공미반류,즉석컵밥,교환권,3,1,3.0,3,0,0,0,0,0,2025-04-11,2025-04-11,5400.0,0,0,3,0.0,0.0,0.0,3.0
220646,농심)보노포르치니스프3입,가공식품>상온간편식>즉석 국/스프,가공식품,상온간편식,즉석 국/스프,당일픽업,3,3,3.0,3,0,0,0,0,0,2025-04-04,2025-04-28,4400.0,0,0,3,0.0,0.0,0.0,1.0
109757,미성)허쉬다크초콜릿50g,과자>초콜릿>볼초콜릿,과자,초콜릿,볼초콜릿,당일픽업,3,3,3.0,3,0,0,0,0,0,2025-04-08,2025-04-14,5000.0,0,0,3,0.0,0.0,0.0,1.0
351780,유니)바세린핸드앤네일60ml_H,미용/화장품>여성화장품>핸드바디용품,미용/화장품,여성화장품,핸드바디용품,당일픽업,3,1,3.0,1,1,1,0,0,0,2025-04-22,2025-04-28,3500.0,0,0,3,100.0,0.0,0.0,3.0
114684,코노수르 싱글빈야드 까베르네소비뇽750ml,양주와인>와인>레드,양주와인,와인,레드,사전예약,3,3,3.0,3,0,0,0,0,0,2025-04-01,2025-04-16,31900.0,0,0,3,0.0,0.0,0.0,1.0
107682,K리그산리오)머플러(우사하나),패션잡화>시즌/소품>기타,패션잡화,시즌/소품,기타,당일픽업,3,2,3.0,0,0,0,2,1,0,2025-04-02,2025-04-27,20000.0,0,1,3,0.0,200.0,0.0,1.5
140725,오뚜기)단호박죽285g,가공식품>가공미반류>죽,가공식품,가공미반류,죽,교환권,2,2,3.0,1,0,0,1,0,0,2025-04-05,2025-04-13,4500.0,0,1,3,0.0,100.0,0.0,1.5
202747,오가다)더쌍화280ml,음료>전통음료>전통음료(중),음료,전통음료,전통음료(중),당일픽업,3,2,3.0,3,0,0,0,0,0,2025-04-03,2025-04-09,2000.0,0,0,3,0.0,0.0,0.0,1.5
109897,하나코하쿠 사쿠란보,전통주>기타전통주>중국/일본주,전통주,기타전통주,중국/일본주,사전예약,2,2,3.0,1,0,0,1,0,0,2025-04-02,2025-04-05,35000.0,0,1,3,0.0,100.0,0.0,1.5
107845,유앤)제로톡젤리복숭아160g,과자>젤리류>국산젤리,과자,젤리류,국산젤리,교환권,2,2,3.0,1,0,0,1,0,0,2025-04-06,2025-04-14,3000.0,0,1,3,0.0,100.0,0.0,1.5
124578,제주샘주오메기술13도375ml(2입),전통주>기타전통주>기타,전통주,기타전통주,기타,사전예약,3,3,3.0,3,0,0,0,0,0,2025-04-06,2025-04-15,17000.0,0,0,3,0.0,0.0,0.0,1.0
211275,하겐)쿠키앤크림바 80ml,아이스크림>고급>바,아이스크림,고급,바,당일픽업,5,4,3.0,4,0,1,0,0,0,2025-04-02,2025-04-09,6900.0,-1,0,3,0.0,0.0,-25.0,0.75
401856,아에르KF94마스크M(그레이)_H,약품/의료품>의약외품>마스크,약품/의료품,의약외품,마스크,당일픽업,3,1,3.0,1,1,1,0,0,0,2025-04-01,2025-04-23,2000.0,0,0,3,100.0,0.0,0.0,3.0
380292,애경)2080치약칫솔세트_H,H&B>칫솔치약세트>칫솔치약세트,H&B,칫솔치약세트,칫솔치약세트,당일픽업,3,3,3.0,3,0,0,0,0,0,2025-04-08,2025-04-16,3900.0,0,0,3,0.0,0.0,0.0,1.0
123783,CJ)1등급훈제대란2구,냉장>냉장간식>삶은계란,냉장,냉장간식,삶은계란,당일픽업,3,3,3.0,3,0,0,0,0,0,2025-04-04,2025-04-10,2400.0,0,0,3,0.0,0.0,0.0,1.0
106535,던킨)라임샤인머스캣녹차500ml,음료>차음료>기타차,음료,차음료,기타차,당일픽업,3,3,3.0,3,0,0,0,0,0,2025-04-08,2025-04-30,2200.0,0,0,3,0.0,0.0,0.0,1.0
124599,담솔40도375ml,전통주>기타전통주>기타,전통주,기타전통주,기타,사전예약,3,3,3.0,3,0,0,0,0,0,2025-04-10,2025-04-21,22000.0,0,0,3,0.0,0.0,0.0,1.0
106931,유한)내일N100ml,음료>기능성드링크>숙취해소음료,음료,기능성드링크,숙취해소음료,당일픽업,3,3,3.0,3,0,0,0,0,0,2025-04-02,2025-04-07,5000.0,0,0,3,0.0,0.0,0.0,1.0
413641,라인)8핀일회용배터리2600_H,일용잡화>휴대폰/주변기기>스마트폰 액세서리,일용잡화,휴대폰/주변기기,스마트폰 액세서리,당일픽업,3,3,3.0,3,0,0,0,0,0,2025-04-02,2025-04-13,5000.0,0,0,3,0.0,0.0,0.0,1.0
109559,파머스)자스민크래커멀티그레인100g,과자>스낵류>전통스낵,과자,스낵류,전통스낵,당일픽업,3,1,3.0,1,1,1,0,0,0,2025-04-22,2025-04-30,5900.0,0,0,3,100.0,0.0,0.0,3.0
600874,삼경)코로로복숭아젤리40g,과자>젤리류>수입젤리,과자,젤리류,수입젤리,당일픽업,3,2,3.0,3,0,0,0,0,0,2025-04-03,2025-04-06,2500.0,0,0,3,0.0,0.0,0.0,1.5
170446,아영)에딩거둔켈500ml캔,맥주>수입맥주>캔맥주(중),맥주,수입맥주,캔맥주(중),당일픽업,2,2,2.0,2,0,0,0,0,0,2025-04-03,2025-04-17,4600.0,0,0,2,0.0,0.0,0.0,1.0
601341,PB)초코퐁당강냉이175g,과자>스낵류>전통스낵,과자,스낵류,전통스낵,교환권,3,2,2.0,1,0,0,1,1,0,2025-04-06,2025-04-15,3300.0,0,0,2,0.0,100.0,0.0,1.0
107804,동아)윙크초박형콘돔002스키니슬림_H,약품/의료품>의약외품>일반콘돔,약품/의료품,의약외품,일반콘돔,당일픽업,2,1,2.0,2,0,0,0,0,0,2025-04-13,2025-04-13,5000.0,0,0,2,0.0,0.0,0.0,2.0
123310,삼립)잼있는미니사과쿠키(20입),빵>구움과자>구움과자,빵,구움과자,구움과자,당일픽업,2,2,2.0,2,0,0,0,0,0,2025-04-03,2025-04-20,6000.0,0,0,2,0.0,0.0,0.0,1.0
440352,모나미)다용도테이프_H,문구/완구>일반문구>칼/가위/테이프,문구/완구,일반문구,칼/가위/테이프,당일픽업,1,1,2.0,0,0,0,1,0,0,2025-04-27,2025-04-27,2000.0,0,1,2,0.0,100.0,0.0,2.0
132703,하림)장인라면담백한맛용기,면>용기면>숙면/건면,면,용기면,숙면/건면,교환권,2,2,2.0,2,0,0,0,0,0,2025-04-15,2025-04-18,2800.0,0,0,2,0.0,0.0,0.0,1.0
191889,디카이퍼 망고700ml,양주와인>리쿼>리쿼,양주와인,리쿼,리쿼,사전예약,2,2,2.0,2,0,0,0,0,0,2025-04-09,2025-04-11,26200.0,0,0,2,0.0,0.0,0.0,1.0
601671,롯데)허쉬너겟쿠앤크56g,과자>초콜릿>봉지초콜릿,과자,초콜릿,봉지초콜릿,교환권,2,2,2.0,2,0,0,0,0,0,2025-04-21,2025-04-28,3000.0,0,0,2,0.0,0.0,0.0,1.0
413286,PB)USB+(3구2M)멀티탭_H,일용잡화>전기용품>배선기구,일용잡화,전기용품,배선기구,당일픽업,2,2,2.0,2,0,0,0,0,0,2025-04-02,2025-04-24,27000.0,0,0,2,0.0,0.0,0.0,1.0
362495,존슨)리스테린쿨민트마일드250_H,H&B>치약>액상치약,H&B,치약,액상치약,당일픽업,1,1,2.0,0,0,0,1,0,0,2025-04-16,2025-04-16,5000.0,0,1,2,0.0,100.0,0.0,2.0
162355,아라움)BBQ치킨스낵레드착착30g,안주>스낵안주>일반스낵,안주,스낵안주,일반스낵,당일픽업,1,1,2.0,0,0,0,1,0,0,2025-04-13,2025-04-13,5500.0,0,1,2,0.0,100.0,0.0,2.0
123815,1키키쿼카)아크릴키링,과자>캔디류>행사상품,과자,캔디류,행사상품,당일픽업,2,1,2.0,2,0,0,0,0,0,2025-04-13,2025-04-13,11900.0,0,0,2,0.0,0.0,0.0,2.0
124693,PB)아메리카노헤이즐넛향1.5L,즉석음료>파우치>아이스커피,즉석음료,파우치,아이스커피,당일픽업,2,2,2.0,2,0,0,0,0,0,2025-04-17,2025-04-19,4600.0,0,0,2,0.0,0.0,0.0,1.0
105400,비알)던킨브라운치즈팝콘75g,과자>스낵류>옥수수스낵,과자,스낵류,옥수수스낵,당일픽업,2,2,2.0,2,0,0,0,0,0,2025-04-03,2025-04-10,2500.0,0,0,2,0.0,0.0,0.0,1.0
402130,선린)휴에르KF94마스크블랙1입_H,약품/의료품>의약외품>마스크,약품/의료품,의약외품,마스크,당일픽업,2,1,2.0,2,0,0,0,0,0,2025-04-23,2025-04-23,2000.0,0,0,2,0.0,0.0,0.0,2.0
411177,맨담)갸스비왁스강력세움80g_H,미용/화장품>헤어스타일링>왁스,미용/화장품,헤어스타일링,왁스,당일픽업,2,2,2.0,2,0,0,0,0,0,2025-04-01,2025-04-13,9800.0,0,0,2,0.0,0.0,0.0,1.0
105654,대상)안주야먹태열풍군옥수수맛25g,안주>생선류>수산물,안주,생선류,수산물,당일픽업,2,2,2.0,2,0,0,0,0,0,2025-04-02,2025-04-25,5900.0,0,0,2,0.0,0.0,0.0,1.0
106027,LG)포켓몬피카츄선스틱19g_H,미용/화장품>여성화장품>시즌 화장품,미용/화장품,여성화장품,시즌 화장품,당일픽업,2,2,2.0,2,0,0,0,0,0,2025-04-26,2025-04-30,17900.0,0,0,2,0.0,0.0,0.0,1.0
093004,롯데)컷팅사과150g,신선>과일>간편과일,신선,과일,간편과일,당일픽업,3,2,2.0,1,0,0,1,1,0,2025-04-19,2025-04-28,4900.0,0,0,2,0.0,100.0,0.0,1.0
117124,롯데)말랑카우딸기맛(봉지),과자>캔디류>봉지캔디,과자,캔디류,봉지캔디,당일픽업,2,2,2.0,2,0,0,0,0,0,2025-04-14,2025-04-30,3000.0,0,0,2,0.0,0.0,0.0,1.0
151038,오뚜기)옥수수마아가린200g,조미료/건물>식용유지>식용유,조미료/건물,식용유지,식용유,당일픽업,2,1,2.0,2,0,0,0,0,0,2025-04-06,2025-04-06,2500.0,0,0,2,0.0,0.0,0.0,2.0
115159,롯데)ID자일리톨화이트,과자>껌>케이스껌,과자,껌,케이스껌,당일픽업,3,1,2.0,1,0,0,1,1,0,2025-04-01,2025-04-01,1200.0,0,0,2,0.0,100.0,0.0,2.0
150946,롯데)돼지바70ml,아이스크림>노벨티>바,아이스크림,노벨티,바,교환권,2,2,2.0,2,0,0,0,0,0,2025-04-04,2025-04-17,1500.0,0,0,2,0.0,0.0,0.0,1.0
123522,★미루)캔디파티,과자>캔디류>행사상품,과자,캔디류,행사상품,당일픽업,2,1,2.0,2,0,0,0,0,0,2025-04-04,2025-04-04,5500.0,0,0,2,0.0,0.0,0.0,2.0
192484,금양)올드버지니아허니700ml,양주와인>양주>위스키,양주와인,양주,위스키,당일픽업,2,2,2.0,2,0,0,0,0,0,2025-04-05,2025-04-10,40000.0,0,0,2,0.0,0.0,0.0,1.0
109977,곰표밀맥주500ml캔(24입),맥주>수입맥주>캔맥주(중),맥주,수입맥주,캔맥주(중),사전예약,2,2,2.0,2,0,0,0,0,0,2025-04-11,2025-04-15,66000.0,0,0,2,0.0,0.0,0.0,1.0
108716,크라운)흑미하임142g,과자>비스킷류>크래커,과자,비스킷류,크래커,당일픽업,3,2,2.0,1,0,0,1,1,0,2025-04-06,2025-04-16,3500.0,0,0,2,0.0,100.0,0.0,1.0
161803,홍선)일품쇠고기육포40g,안주>육포>육포,안주,육포,육포,당일픽업,2,2,2.0,2,0,0,0,0,0,2025-04-01,2025-04-09,5500.0,0,0,2,0.0,0.0,0.0,1.0
124225,타케츠루 퓨어몰트 (개인결제창),양주와인>양주>위스키,양주와인,양주,위스키,사전예약,1,1,2.0,0,0,0,1,0,0,2025-04-15,2025-04-15,129800.0,0,1,2,0.0,100.0,0.0,2.0
124598,국순당여주명주려40도375ml(2입),전통주>기타전통주>기타,전통주,기타전통주,기타,사전예약,2,2,2.0,2,0,0,0,0,0,2025-04-12,2025-04-21,48000.0,0,0,2,0.0,0.0,0.0,1.0
119826,마즈)엠앤엠즈블록밀크46g,과자>초콜릿>판초콜릿,과자,초콜릿,판초콜릿,교환권,2,2,2.0,2,0,0,0,0,0,2025-04-03,2025-04-05,1800.0,0,0,2,0.0,0.0,0.0,1.0
140008,농심)보노체다치즈스프3입,가공식품>상온간편식>즉석 국/스프,가공식품,상온간편식,즉석 국/스프,교환권,2,2,2.0,2,0,0,0,0,0,2025-04-19,2025-04-26,4400.0,0,0,2,0.0,0.0,0.0,1.0
107168,PB)미니헤어빗_H,미용/화장품>미용소품>미용 소도구,미용/화장품,미용소품,미용 소도구,당일픽업,2,2,2.0,2,0,0,0,0,0,2025-04-11,2025-04-18,2200.0,0,0,2,0.0,0.0,0.0,1.0
132817,오뚜기)참깨라면볶음면큰컵,면>용기면>라면(대형컵),면,용기면,라면(대형컵),당일픽업,2,2,2.0,2,0,0,0,0,0,2025-04-02,2025-04-11,2300.0,0,0,2,0.0,0.0,0.0,1.0
118745,씨믹스)계란모양구미90g,과자>젤리류>수입젤리,과자,젤리류,수입젤리,당일픽업,2,1,2.0,2,0,0,0,0,0,2025-04-28,2025-04-28,2000.0,0,0,2,0.0,0.0,0.0,2.0
106690,PB)카페모카300ml,유음료>컵커피>300ml 이상,유음료,컵커피,300ml 이상,교환권,4,4,2.0,3,0,0,0,1,0,2025-04-07,2025-04-27,2800.0,0,-1,2,0.0,0.0,0.0,0.5
123779,스미)감숙왕다크초코바나나칩45g,안주>농산안주>과일,안주,농산안주,과일,당일픽업,2,2,2.0,2,0,0,0,0,0,2025-04-11,2025-04-12,3600.0,0,0,2,0.0,0.0,0.0,1.0
421303,모나미)플러스펜(2입)_후크형_H,문구/완구>일반문구>팬시,문구/완구,일반문구,팬시,당일픽업,2,2,2.0,2,0,0,0,0,0,2025-04-11,2025-04-25,800.0,0,0,2,0.0,0.0,0.0,1.0
117287,MZ)밀카딸기초코렛100g,과자>초콜릿>판초콜릿,과자,초콜릿,판초콜릿,교환권,2,2,2.0,2,0,0,0,0,0,2025-04-01,2025-04-08,4800.0,0,0,2,0.0,0.0,0.0,1.0
124240,P)아이코스 일루마i(브리즈블루),담배>전자담배>전자담배(PMI 아이코스),담배,전자담배,전자담배(PMI 아이코스),당일픽업,2,1,2.0,2,0,0,0,0,0,2025-04-29,2025-04-29,89000.0,0,0,2,0.0,0.0,0.0,2.0
123777,스미)감숙왕밀크초코바나나칩45g,안주>농산안주>과일,안주,농산안주,과일,당일픽업,2,1,2.0,2,0,0,0,0,0,2025-04-18,2025-04-18,3600.0,0,0,2,0.0,0.0,0.0,2.0
240011,CJ)하얀설탕3kg,조미료/건물>조미료>설탕,조미료/건물,조미료,설탕,당일픽업,2,1,2.0,2,0,0,0,0,0,2025-04-04,2025-04-04,7800.0,0,0,2,0.0,0.0,0.0,2.0
153033,대상)명란바사삭김(6입),조미료/건물>건해산물>농수산건물,조미료/건물,건해산물,농수산건물,교환권,1,1,2.0,0,0,0,1,0,0,2025-04-13,2025-04-13,5500.0,0,1,2,0.0,100.0,0.0,2.0
351090,니베아)익스프레스 바디로션_H,미용/화장품>여성화장품>핸드바디용품,미용/화장품,여성화장품,핸드바디용품,당일픽업,1,1,2.0,0,0,0,1,0,0,2025-04-14,2025-04-14,5500.0,0,1,2,0.0,100.0,0.0,2.0
370546,LG)테크4KG_H,가정용품>세제류>세탁세제,가정용품,세제류,세탁세제,당일픽업,2,2,2.0,2,0,0,0,0,0,2025-04-07,2025-04-10,17900.0,0,0,2,0.0,0.0,0.0,1.0
115821,일신)쥬시드롭팝캔디4000,과자>캔디류>토이캔디,과자,캔디류,토이캔디,당일픽업,2,2,2.0,2,0,0,0,0,0,2025-04-08,2025-04-14,4000.0,0,0,2,0.0,0.0,0.0,1.0
371023,P&G)차량용페브리즈(맑은바람_H,가정용품>방향제>탈취제,가정용품,방향제,탈취제,당일픽업,2,2,2.0,2,0,0,0,0,0,2025-04-19,2025-04-23,8500.0,0,0,2,0.0,0.0,0.0,1.0
162272,써라클)대왕발조미오징어다리,안주>오징어>오징어,안주,오징어,오징어,당일픽업,2,2,2.0,2,0,0,0,0,0,2025-04-09,2025-04-14,6000.0,0,0,2,0.0,0.0,0.0,1.0
093734,세븐팜)모듬버섯140g(팩),신선>야채>센터채소,신선,야채,센터채소,당일픽업,2,2,2.0,2,0,0,0,0,0,2025-04-09,2025-04-27,2500.0,0,0,2,0.0,0.0,0.0,1.0
162025,머거본)꿀땅콩70g,안주>너트류>봉지너트,안주,너트류,봉지너트,교환권,2,2,2.0,2,0,0,0,0,0,2025-04-05,2025-04-16,2000.0,0,0,2,0.0,0.0,0.0,1.0
106464,MDS)NEW투움바파스타230g,간식>냉장피자>파스타/그라탕,간식,냉장피자,파스타/그라탕,당일픽업,1,1,2.0,0,0,0,1,0,0,2025-04-05,2025-04-05,4200.0,0,1,2,0.0,100.0,0.0,2.0
123926,매콤왕교자그라탕,미반>푸드 간편식>안주/반찬,미반,푸드 간편식,안주/반찬,사전예약,6,6,2.0,2,1,2,0,1,0,2025-04-02,2025-04-29,4300.0,-1,-1,2,50.0,0.0,-50.0,0.3333
371487,LG)아우라1L(윌유메리미)_H,가정용품>세제류>섬유유연제,가정용품,세제류,섬유유연제,당일픽업,2,2,2.0,2,0,0,0,0,0,2025-04-13,2025-04-15,10900.0,0,0,2,0.0,0.0,0.0,1.0
122959,미스티)별의커비프렌즈1.5g,과자>캔디류>토이캔디,과자,캔디류,토이캔디,당일픽업,2,2,2.0,2,0,0,0,0,0,2025-04-01,2025-04-03,4800.0,0,0,2,0.0,0.0,0.0,1.0
107506,더필)순면화장솜50매_H,미용/화장품>미용소품>기타소품,미용/화장품,미용소품,기타소품,교환권,2,1,2.0,2,0,0,0,0,0,2025-04-01,2025-04-01,2000.0,0,0,2,0.0,0.0,0.0,2.0
123157,코젤다크 500ml캔(24입),맥주>수입맥주>캔맥주(중),맥주,수입맥주,캔맥주(중),사전예약,2,2,2.0,2,0,0,0,0,0,2025-04-02,2025-04-19,54000.0,0,0,2,0.0,0.0,0.0,1.0
202530,칠성)탐스제로오렌지600ml,음료>탄산음료>과일향탄산(중),음료,탄산음료,과일향탄산(중),당일픽업,1,1,2.0,0,0,0,1,0,0,2025-04-14,2025-04-14,2000.0,0,1,2,0.0,100.0,0.0,2.0
113217,마즈)엠앤엠즈피넛37g,과자>초콜릿>볼초콜릿,과자,초콜릿,볼초콜릿,교환권,2,1,2.0,2,0,0,0,0,0,2025-04-03,2025-04-03,1800.0,0,0,2,0.0,0.0,0.0,2.0
124609,밀담52도360ml,전통주>기타전통주>기타,전통주,기타전통주,기타,사전예약,2,2,2.0,2,0,0,0,0,0,2025-04-04,2025-04-13,23400.0,0,0,2,0.0,0.0,0.0,1.0
601086,롯데)치토스바비큐(대용량)164g,과자>스낵류>일반스낵,과자,스낵류,일반스낵,당일픽업,1,1,2.0,0,0,0,1,0,0,2025-04-16,2025-04-16,3400.0,0,1,2,0.0,100.0,0.0,2.0
141487,오뚜기)옛날쌀떡국용기166.6g,가공식품>가공미반류>쌀가공식,가공식품,가공미반류,쌀가공식,당일픽업,2,2,2.0,2,0,0,0,0,0,2025-04-03,2025-04-13,3500.0,0,0,2,0.0,0.0,0.0,1.0
352872,니베아)프로텍트선세럼90ml,미용/화장품>여성화장품>시즌 화장품,미용/화장품,여성화장품,시즌 화장품,당일픽업,1,1,2.0,0,0,0,1,0,0,2025-04-14,2025-04-14,20800.0,0,1,2,0.0,100.0,0.0,2.0
060847,빙그레)아카페라바닐라라떼240ml,유음료>가공우유>기타,유음료,가공우유,기타,교환권,1,1,2.0,0,0,0,1,0,0,2025-04-25,2025-04-25,2000.0,0,1,2,0.0,100.0,0.0,2.0
109973,칸테라까버네쇼비뇽750ml(6입),양주와인>와인>레드,양주와인,와인,레드,사전예약,2,2,2.0,2,0,0,0,0,0,2025-04-16,2025-04-24,69900.0,0,0,2,0.0,0.0,0.0,1.0
061762,동서)맥심TOP블랙240ml,유음료>가공우유>기타,유음료,가공우유,기타,당일픽업,3,3,2.0,1,0,1,1,0,0,2025-04-01,2025-04-13,2300.0,-1,1,2,0.0,100.0,-100.0,0.6667
190187,선양)맑을린640ml페트,전통주>소주>페트소주,전통주,소주,페트소주,당일픽업,2,2,2.0,2,0,0,0,0,0,2025-04-08,2025-04-25,3300.0,0,0,2,0.0,0.0,0.0,1.0
601019,동서)리츠어니언73g,과자>비스킷류>크래커,과자,비스킷류,크래커,당일픽업,1,1,2.0,0,0,0,1,0,0,2025-04-16,2025-04-16,2000.0,0,1,2,0.0,100.0,0.0,2.0
108462,화이트)오마이탐폰레귤러8P,위생용품>생리대>탐폰,위생용품,생리대,탐폰,당일픽업,2,2,2.0,2,0,0,0,0,0,2025-04-24,2025-04-30,10900.0,0,0,2,0.0,0.0,0.0,1.0
601709,행사하리보)푸르티부시젤리100g,과자>캔디류>행사상품,과자,캔디류,행사상품,당일픽업,2,1,2.0,2,0,0,0,0,0,2025-04-01,2025-04-01,2200.0,0,0,2,0.0,0.0,0.0,2.0
240032,오뚜기)소형케찹65g,조미료/건물>소스류>드레싱/디핑소스,조미료/건물,소스류,드레싱/디핑소스,당일픽업,2,2,2.0,2,0,0,0,0,0,2025-04-18,2025-04-26,1200.0,0,0,2,0.0,0.0,0.0,1.0
835012,"3월 샌드위치,햄버거 구독",,,,,구독할인,4,4,2.0,3,0,1,0,0,0,2025-04-01,2025-04-09,2000.0,-1,0,2,0.0,0.0,-33.3333,0.5
141643,CJ)스팸라이트340g,가공식품>캔>육가공캔,가공식품,캔,육가공캔,당일픽업,2,2,2.0,2,0,0,0,0,0,2025-04-05,2025-04-25,8900.0,0,0,2,0.0,0.0,0.0,1.0
601072,PB)와릿이즌바나나맛젤리,과자>젤리류>국산젤리,과자,젤리류,국산젤리,당일픽업,2,2,2.0,2,0,0,0,0,0,2025-04-04,2025-04-20,1500.0,0,0,2,0.0,0.0,0.0,1.0
371084,롯알)지퍼백30매_H,가정용품>주방용품>조리기구/소모품,가정용품,주방용품,조리기구/소모품,당일픽업,2,2,2.0,2,0,0,0,0,0,2025-04-23,2025-04-26,3300.0,0,0,2,0.0,0.0,0.0,1.0
420751,모나미)1800기자수첩_H,문구/완구>노트/봉투>노트/수첩류,문구/완구,노트/봉투,노트/수첩류,당일픽업,2,2,2.0,2,0,0,0,0,0,2025-04-06,2025-04-29,1800.0,0,0,2,0.0,0.0,0.0,1.0
601417,미스티)4D구미폼폼푸린55g,과자>젤리류>수입젤리,과자,젤리류,수입젤리,교환권,2,1,2.0,2,0,0,0,0,0,2025-04-26,2025-04-26,2500.0,0,0,2,0.0,0.0,0.0,2.0
106895,네슬레)킷캣4핑거(녹차)35g,과자>초콜릿>판초콜릿,과자,초콜릿,판초콜릿,교환권,2,1,2.0,2,0,0,0,0,0,2025-04-14,2025-04-14,2200.0,0,0,2,0.0,0.0,0.0,2.0
600041,효성)무직타이거찹쌀손약과50g,과자>스낵류>전통스낵,과자,스낵류,전통스낵,당일픽업,1,1,2.0,0,0,0,1,0,0,2025-04-07,2025-04-07,1000.0,0,1,2,0.0,100.0,0.0,2.0
124257,P)아이코스 일루마i프라임(가넷레드),담배>전자담배>전자담배(PMI 아이코스),담배,전자담배,전자담배(PMI 아이코스),당일픽업,2,1,2.0,2,0,0,0,0,0,2025-04-29,2025-04-29,129000.0,0,0,2,0.0,0.0,0.0,2.0
202748,오가다)더꿀물280ml,음료>전통음료>전통음료(중),음료,전통음료,전통음료(중),당일픽업,1,1,2.0,0,0,0,1,0,0,2025-04-16,2025-04-16,2000.0,0,1,2,0.0,100.0,0.0,2.0
420755,비젼)번호자물쇠_H,문구/완구>사무용품>사무정리용품,문구/완구,사무용품,사무정리용품,당일픽업,2,2,2.0,2,0,0,0,0,0,2025-04-06,2025-04-21,4000.0,0,0,2,0.0,0.0,0.0,1.0
105949,마즈)비카인드단백질바40g,과자>프로틴/시리얼>영양바류,과자,프로틴/시리얼,영양바류,교환권,2,2,2.0,2,0,0,0,0,0,2025-04-17,2025-04-26,2500.0,0,0,2,0.0,0.0,0.0,1.0
106201,오리온)초코파이하우스초코12P,과자>비스킷류>파이,과자,비스킷류,파이,교환권,2,2,2.0,2,0,0,0,0,0,2025-04-18,2025-04-30,6000.0,0,0,2,0.0,0.0,0.0,1.0
107681,K리그산리오)머플러(타이니참),패션잡화>시즌/소품>기타,패션잡화,시즌/소품,기타,당일픽업,1,1,2.0,0,0,0,1,0,0,2025-04-02,2025-04-02,20000.0,0,1,2,0.0,100.0,0.0,2.0
202159,칠성)칸타타콘트라베이스스위트,음료>커피음료>PET커피,음료,커피음료,PET커피,당일픽업,2,2,2.0,2,0,0,0,0,0,2025-04-01,2025-04-01,2700.0,0,0,2,0.0,0.0,0.0,1.0
118399,농심)츄파춥스저금통(20입),과자>캔디류>행사상품,과자,캔디류,행사상품,당일픽업,2,2,2.0,2,0,0,0,0,0,2025-04-18,2025-04-19,6000.0,0,0,2,0.0,0.0,0.0,1.0
421007,모나미) 브니향균가위3500_H,문구/완구>일반문구>수정/접착용품,문구/완구,일반문구,수정/접착용품,당일픽업,2,2,2.0,2,0,0,0,0,0,2025-04-27,2025-04-29,3700.0,0,0,2,0.0,0.0,0.0,1.0
402053,동아)윙크001콘돔(3입)_H,약품/의료품>의약외품>일반콘돔,약품/의료품,의약외품,일반콘돔,당일픽업,2,2,2.0,2,0,0,0,0,0,2025-04-10,2025-04-17,6000.0,0,0,2,0.0,0.0,0.0,1.0
109570,7D)초코망고80g,안주>농산안주>과일,안주,농산안주,과일,당일픽업,1,1,2.0,0,0,0,1,0,0,2025-04-28,2025-04-28,6500.0,0,1,2,0.0,100.0,0.0,2.0
109653,굿지앤)오마카세매콤직화닭오돌뼈,냉장>냉장안주>치킨안주,냉장,냉장안주,치킨안주,당일픽업,2,2,2.0,2,0,0,0,0,0,2025-04-24,2025-04-30,7900.0,0,0,2,0.0,0.0,0.0,1.0
125250,PB)벡셀AA건전지4입,일용잡화>건전지>AA사이즈,일용잡화,건전지,AA사이즈,당일픽업,1,1,2.0,0,0,0,1,0,0,2025-04-28,2025-04-28,5000.0,0,1,2,0.0,100.0,0.0,2.0
133717,대상)두번달인진간장골드500ml,조미료/건물>장류>간장,조미료/건물,장류,간장,당일픽업,1,1,2.0,0,0,0,1,0,0,2025-04-14,2025-04-14,5300.0,0,1,2,0.0,100.0,0.0,2.0
420012,모나미)컷팅자(15Cm)_H,문구/완구>일반문구>수정/접착용품,문구/완구,일반문구,수정/접착용품,당일픽업,2,2,2.0,2,0,0,0,0,0,2025-04-17,2025-04-22,1400.0,0,0,2,0.0,0.0,0.0,1.0
132687,하림)장인라면담백한맛봉지,면>봉지면>숙면/건면,면,봉지면,숙면/건면,교환권,3,2,2.0,1,0,0,1,1,0,2025-04-05,2025-04-17,2200.0,0,0,2,0.0,100.0,0.0,1.0
361700,PB)도루코4중날시스템면도기_H,H&B>면도용품>면도기,H&B,면도용품,면도기,당일픽업,2,1,2.0,2,0,0,0,0,0,2025-04-09,2025-04-10,9900.0,0,0,2,0.0,0.0,0.0,2.0
106778,유디)하와이안마카다미아쿠키50g,과자>비스킷류>쿠키,과자,비스킷류,쿠키,당일픽업,2,2,2.0,2,0,0,0,0,0,2025-04-08,2025-04-17,2900.0,0,0,2,0.0,0.0,0.0,1.0
109917,레티자레드(12입),양주와인>와인>레드,양주와인,와인,레드,사전예약,2,2,2.0,2,0,0,0,0,0,2025-04-12,2025-04-19,82800.0,0,0,2,0.0,0.0,0.0,1.0
351300,니베아)립케어 체리 샤인_H,미용/화장품>여성화장품>립케어,미용/화장품,여성화장품,립케어,당일픽업,2,2,2.0,2,0,0,0,0,0,2025-04-15,2025-04-17,5500.0,0,0,2,0.0,0.0,0.0,1.0
105303,PB)구좌당근사과에이드230ml,즉석음료>파우치>아이스티,즉석음료,파우치,아이스티,당일픽업,2,2,2.0,2,0,0,0,0,0,2025-04-08,2025-04-11,1300.0,0,0,2,0.0,0.0,0.0,1.0
105783,하림)더미식보리쌀밥180g,가공식품>가공미반류>즉석밥,가공식품,가공미반류,즉석밥,교환권,3,2,2.0,1,0,0,1,1,0,2025-04-05,2025-04-30,2800.0,0,0,2,0.0,100.0,0.0,1.0
202561,PB)명인녹차500ml,음료>차음료>녹차,음료,차음료,녹차,당일픽업,1,1,2.0,0,0,0,1,0,0,2025-04-09,2025-04-09,2000.0,0,1,2,0.0,100.0,0.0,2.0
413470,포유)CtoC충전케이블_H,일용잡화>휴대폰/주변기기>스마트폰 액세서리,일용잡화,휴대폰/주변기기,스마트폰 액세서리,당일픽업,2,2,2.0,2,0,0,0,0,0,2025-04-11,2025-04-27,9500.0,0,0,2,0.0,0.0,0.0,1.0
202588,종근당)자황100ml,음료>기능성드링크>건강음료,음료,기능성드링크,건강음료,당일픽업,2,2,2.0,2,0,0,0,0,0,2025-04-08,2025-04-13,5000.0,0,0,2,0.0,0.0,0.0,1.0
118941,에스씨)수수깡젤리40g,과자>젤리류>수입젤리,과자,젤리류,수입젤리,당일픽업,5,3,2.0,2,0,0,1,2,0,2025-04-04,2025-04-26,2900.0,0,-1,2,0.0,50.0,0.0,0.6667
170396,오비)new카스640ml병,맥주>국산맥주>병맥주,맥주,국산맥주,병맥주,당일픽업,2,2,2.0,2,0,0,0,0,0,2025-04-05,2025-04-18,3100.0,0,0,2,0.0,0.0,0.0,1.0
109213,씨씨)남성소프트드로즈(100)_H,패션잡화>팬티/내의>남성팬티,패션잡화,팬티/내의,남성팬티,당일픽업,2,2,2.0,2,0,0,0,0,0,2025-04-09,2025-04-21,10900.0,0,0,2,0.0,0.0,0.0,1.0
124256,P)아이코스 일루마i프라임(브리즈블루),담배>전자담배>전자담배(PMI 아이코스),담배,전자담배,전자담배(PMI 아이코스),당일픽업,2,1,2.0,2,0,0,0,0,0,2025-04-29,2025-04-29,129000.0,0,0,2,0.0,0.0,0.0,2.0
109118,나뚜루)비건초콜릿&아몬드파인트474ml,아이스크림>고급>파인트,아이스크림,고급,파인트,당일픽업,3,2,2.0,1,0,0,1,1,0,2025-04-05,2025-04-26,15900.0,0,0,2,0.0,100.0,0.0,1.0
162302,리피아)오리지널육포40g,안주>육포>육포,안주,육포,육포,당일픽업,2,2,2.0,2,0,0,0,0,0,2025-04-02,2025-04-03,7100.0,0,0,2,0.0,0.0,0.0,1.0
211645,벤앤제리스)초코퍼지파인트473ml,아이스크림>고급>파인트,아이스크림,고급,파인트,당일픽업,2,2,2.0,2,0,0,0,0,0,2025-04-11,2025-04-18,16900.0,0,0,2,0.0,0.0,0.0,1.0
106844,칠성)칠성사이다제로그린플럼500ml,음료>탄산음료>제로탄산,음료,탄산음료,제로탄산,당일픽업,1,1,2.0,0,0,0,1,0,0,2025-04-14,2025-04-14,2300.0,0,1,2,0.0,100.0,0.0,2.0
072952,굿지앤)직화무뼈불닭발210g,냉장>냉장안주>육가공안주,냉장,냉장안주,육가공안주,당일픽업,2,2,2.0,2,0,0,0,0,0,2025-04-09,2025-04-24,8900.0,0,0,2,0.0,0.0,0.0,1.0
073723,PB)사골떡국181g,냉장>냉장간편식>냉장면,냉장,냉장간편식,냉장면,당일픽업,1,1,2.0,0,0,0,1,0,0,2025-04-28,2025-04-28,3900.0,0,1,2,0.0,100.0,0.0,2.0
153103,CJ)차돌된장찌개양념450g,조미료/건물>소스류>양념장/조리소스,조미료/건물,소스류,양념장/조리소스,교환권,1,1,2.0,0,0,0,1,0,0,2025-04-05,2025-04-05,6900.0,0,1,2,0.0,100.0,0.0,2.0
150758,나뚜루)초코파인트,아이스크림>고급>파인트,아이스크림,고급,파인트,당일픽업,2,2,2.0,2,0,0,0,0,0,2025-04-08,2025-04-11,15900.0,0,0,2,0.0,0.0,0.0,1.0
412131,PB)3구3M멀티탭_H,일용잡화>전기용품>배선기구,일용잡화,전기용품,배선기구,당일픽업,2,1,2.0,2,0,0,0,0,0,2025-04-02,2025-04-02,15000.0,0,0,2,0.0,0.0,0.0,2.0
105670,티머니)라인프렌즈_강원도여행,서비스 상품>일반서비스>교통카드판매,서비스 상품,일반서비스,교통카드판매,당일픽업,2,2,2.0,2,0,0,0,0,0,2025-04-15,2025-04-23,5000.0,0,0,2,0.0,0.0,0.0,1.0
601401,델토리)먹태청양쿠키70g,과자>비스킷류>쿠키,과자,비스킷류,쿠키,당일픽업,2,2,2.0,2,0,0,0,0,0,2025-04-13,2025-04-14,1500.0,0,0,2,0.0,0.0,0.0,1.0
093128,풀무원)국산콩한끼부침두부110g,신선>야채>두부/콩나물,신선,야채,두부/콩나물,당일픽업,2,1,2.0,2,0,0,0,0,0,2025-04-03,2025-04-03,1650.0,0,0,2,0.0,0.0,0.0,2.0
421246,모나미)시험용 연필세트_H,문구/완구>일반문구>팬시,문구/완구,일반문구,팬시,당일픽업,2,1,2.0,2,0,0,0,0,0,2025-04-07,2025-04-07,1200.0,0,0,2,0.0,0.0,0.0,2.0
108781,유한)좋은느낌무표백입는오버대형4P,위생용품>생리대>4P,위생용품,생리대,4P,당일픽업,2,2,2.0,2,0,0,0,0,0,2025-04-17,2025-04-24,11200.0,0,0,2,0.0,0.0,0.0,1.0
123797,1키키쿼카)밍크담요,과자>캔디류>행사상품,과자,캔디류,행사상품,당일픽업,2,2,2.0,2,0,0,0,0,0,2025-04-06,2025-04-15,21900.0,0,0,2,0.0,0.0,0.0,1.0
108613,팜스)스테비아방울토마토200g,신선>과일>국산과일,신선,과일,국산과일,당일픽업,2,1,2.0,2,0,0,0,0,0,2025-04-28,2025-04-28,4000.0,0,0,2,0.0,0.0,0.0,2.0
391130,깨끗한)디어스킨입는오버4P(M),위생용품>생리대>4P,위생용품,생리대,4P,당일픽업,4,4,2.0,3,0,0,0,1,0,2025-04-05,2025-04-28,10900.0,0,-1,2,0.0,0.0,0.0,0.5
170801,에이이)코젤라거500ml(4입),맥주>수입맥주>캔맥주(중),맥주,수입맥주,캔맥주(중),당일픽업,2,1,2.0,2,0,0,0,0,0,2025-04-05,2025-04-05,19600.0,0,0,2,0.0,0.0,0.0,2.0
600776,아이)탱글탱글젤리딸기헬로키티,과자>젤리류>국산젤리,과자,젤리류,국산젤리,당일픽업,1,1,2.0,0,0,0,1,0,0,2025-04-14,2025-04-14,2500.0,0,1,2,0.0,100.0,0.0,2.0
107277,켈로그)콘푸로스트다크초코컵40g,과자>비스킷류>시리얼,과자,비스킷류,시리얼,당일픽업,2,1,2.0,2,0,0,0,0,0,2025-04-21,2025-04-21,2000.0,0,0,2,0.0,0.0,0.0,2.0
390902,LG)귀애랑대형4P,위생용품>생리대>4P,위생용품,생리대,4P,당일픽업,2,2,2.0,2,0,0,0,0,0,2025-04-11,2025-04-26,2800.0,0,0,2,0.0,0.0,0.0,1.0
212016,롯데)델몬트오렌지아이스120ML,아이스크림>노벨티>펜슬,아이스크림,노벨티,펜슬,당일픽업,2,2,2.0,2,0,0,0,0,0,2025-04-23,2025-04-26,1800.0,0,0,2,0.0,0.0,0.0,1.0
153045,TDF)림미레몬주스200ml,조미료/건물>소스류>식초류,조미료/건물,소스류,식초류,당일픽업,2,1,2.0,2,0,0,0,0,0,2025-04-07,2025-04-07,2900.0,0,0,2,0.0,0.0,0.0,2.0
107423,K리그X산리오 스트랩키링(타이니참/강원),문구/완구>일반완구>일반완구,문구/완구,일반완구,일반완구,당일픽업,1,1,2.0,0,0,0,1,0,0,2025-04-02,2025-04-02,9000.0,0,1,2,0.0,100.0,0.0,2.0
109609,모닝)부직포쇼핑백(대)_H,문구/완구>기타문구>봉투/카드,문구/완구,기타문구,봉투/카드,당일픽업,2,2,2.0,2,0,0,0,0,0,2025-04-26,2025-04-28,3500.0,0,0,2,0.0,0.0,0.0,1.0
421363,모나미)FX153(흑)_H,문구/완구>일반문구>팬시,문구/완구,일반문구,팬시,당일픽업,2,2,2.0,2,0,0,0,0,0,2025-04-06,2025-04-16,1500.0,0,0,2,0.0,0.0,0.0,1.0
123526,★미루)후루츠캔디(소),과자>캔디류>행사상품,과자,캔디류,행사상품,당일픽업,2,2,2.0,2,0,0,0,0,0,2025-04-04,2025-04-18,7500.0,0,0,2,0.0,0.0,0.0,1.0
123814,델토리)크랩새우딥초코60g,과자>스낵류>일반스낵,과자,스낵류,일반스낵,교환권,1,1,2.0,0,0,0,1,0,0,2025-04-05,2025-04-05,2000.0,0,1,2,0.0,100.0,0.0,2.0
190089,금복주)참소주640ml페트,전통주>소주>페트소주,전통주,소주,페트소주,당일픽업,2,2,2.0,2,0,0,0,0,0,2025-04-04,2025-04-19,3300.0,0,0,2,0.0,0.0,0.0,1.0
440985,모나미)3M포스트잇(대)654_H,문구/완구>노트/봉투>노트/수첩류,문구/완구,노트/봉투,노트/수첩류,당일픽업,2,2,2.0,2,0,0,0,0,0,2025-04-05,2025-04-10,3000.0,0,0,2,0.0,0.0,0.0,1.0
106700,제너럴)후르츠롤업(크레이지컬러)14g,과자>젤리류>수입젤리,과자,젤리류,수입젤리,당일픽업,2,2,2.0,2,0,0,0,0,0,2025-04-04,2025-04-06,1000.0,0,0,2,0.0,0.0,0.0,1.0
360719,PB)도루코PACE4일회용면도기_H,H&B>면도용품>일회용면도기,H&B,면도용품,일회용면도기,당일픽업,2,2,2.0,2,0,0,0,0,0,2025-04-10,2025-04-19,2300.0,0,0,2,0.0,0.0,0.0,1.0
093732,세븐팜)인큐애호박1입,신선>야채>센터채소,신선,야채,센터채소,당일픽업,2,2,2.0,2,0,0,0,0,0,2025-04-10,2025-04-16,3800.0,0,0,2,0.0,0.0,0.0,1.0
141688,CJ)비비고꼬리곰탕460g,가공식품>상온간편식>레토르트 국탕찌개,가공식품,상온간편식,레토르트 국탕찌개,당일픽업,2,1,2.0,2,0,0,0,0,0,2025-04-20,2025-04-20,9900.0,0,0,2,0.0,0.0,0.0,2.0
124047,델토리)스웨디시스타일딸기홀릭47g,과자>초콜릿>판초콜릿,과자,초콜릿,판초콜릿,교환권,2,2,2.0,2,0,0,0,0,0,2025-04-10,2025-04-10,3500.0,0,0,2,0.0,0.0,0.0,1.0
107331,엠즈)에비스350ml캔(6입),맥주>수입맥주>캔맥주(소),맥주,수입맥주,캔맥주(소),당일픽업,2,2,2.0,2,0,0,0,0,0,2025-04-03,2025-04-08,27000.0,0,0,2,0.0,0.0,0.0,1.0
413653,디벤)굿민8핀데이터케이블_H,일용잡화>휴대폰/주변기기>스마트폰 액세서리,일용잡화,휴대폰/주변기기,스마트폰 액세서리,당일픽업,2,2,2.0,2,0,0,0,0,0,2025-04-03,2025-04-09,6000.0,0,0,2,0.0,0.0,0.0,1.0
161572,정화)숯불다리구이50g,안주>오징어>오징어,안주,오징어,오징어,교환권,2,2,2.0,2,0,0,0,0,0,2025-04-04,2025-04-19,6900.0,0,0,2,0.0,0.0,0.0,1.0
113154,엘리먼츠 오브 아일라 버번캐스크 700ml,양주와인>양주>위스키,양주와인,양주,위스키,사전예약,2,2,2.0,2,0,0,0,0,0,2025-04-01,2025-04-26,155000.0,0,0,2,0.0,0.0,0.0,1.0
411569,존슨)뉴트로립모이스춰_H,미용/화장품>여성화장품>립케어,미용/화장품,여성화장품,립케어,당일픽업,1,1,2.0,0,0,0,1,0,0,2025-04-16,2025-04-16,5100.0,0,1,2,0.0,100.0,0.0,2.0
141692,동원)야채참치90g,가공식품>캔>참치캔,가공식품,캔,참치캔,당일픽업,2,2,2.0,2,0,0,0,0,0,2025-04-11,2025-04-30,3300.0,0,0,2,0.0,0.0,0.0,1.0
109160,CJ)아삭열무김치보리밥295g,냉장>냉장간편식>냉장밥,냉장,냉장간편식,냉장밥,당일픽업,2,2,2.0,2,0,0,0,0,0,2025-04-11,2025-04-27,5500.0,0,0,2,0.0,0.0,0.0,1.0
061793,덴마크)얼라이브블러드오렌지250,유음료>냉장주스>유산균음료,유음료,냉장주스,유산균음료,당일픽업,4,1,2.0,1,1,2,0,0,0,2025-04-12,2025-04-17,1700.0,-1,0,2,100.0,0.0,-100.0,2.0
109779,J)플룸X 어드밴스드(블랙),담배>전자담배>전자담배(JTI 플룸),담배,전자담배,전자담배(JTI 플룸),당일픽업,2,1,2.0,2,0,0,0,0,0,2025-04-30,2025-04-30,59000.0,0,0,2,0.0,0.0,0.0,2.0
106750,PB)피카츄콜라맛젤리40g,과자>젤리류>국산젤리,과자,젤리류,국산젤리,교환권,2,2,2.0,2,0,0,0,0,0,2025-04-05,2025-04-07,1500.0,0,0,2,0.0,0.0,0.0,1.0
108957,프로엠)트윙클다이아set,과자>비스킷류>행사상품,과자,비스킷류,행사상품,교환권,2,2,2.0,2,0,0,0,0,0,2025-04-18,2025-04-29,19600.0,0,0,2,0.0,0.0,0.0,1.0
118610,농심)고구마깡83g,과자>스낵류>일반스낵,과자,스낵류,일반스낵,당일픽업,2,2,2.0,2,0,0,0,0,0,2025-04-14,2025-04-25,1700.0,0,0,2,0.0,0.0,0.0,1.0
192631,페르)발렌타인파이니스트500ml,양주와인>양주>위스키,양주와인,양주,위스키,당일픽업,2,2,2.0,2,0,0,0,0,0,2025-04-03,2025-04-17,32900.0,0,0,2,0.0,0.0,0.0,1.0
190121,배상면)산사춘300ml,전통주>기타전통주>과실주,전통주,기타전통주,과실주,당일픽업,2,2,2.0,2,0,0,0,0,0,2025-04-20,2025-04-30,4100.0,0,0,2,0.0,0.0,0.0,1.0
360759,존슨)리스테린쿨민트250ml_H,H&B>치약>액상치약,H&B,치약,액상치약,당일픽업,1,1,2.0,0,0,0,1,0,0,2025-04-16,2025-04-16,5000.0,0,1,2,0.0,100.0,0.0,2.0
601570,나무)빵빵이DIY솜사탕11g,과자>캔디류>토이캔디,과자,캔디류,토이캔디,당일픽업,1,1,2.0,0,0,0,1,0,0,2025-04-17,2025-04-17,2300.0,0,1,2,0.0,100.0,0.0,2.0
421006,모나미) 사무용가위3000_H,문구/완구>일반문구>칼/가위/테이프,문구/완구,일반문구,칼/가위/테이프,당일픽업,2,2,2.0,2,0,0,0,0,0,2025-04-08,2025-04-29,3000.0,0,0,2,0.0,0.0,0.0,1.0
102789,천하)캐빈디쉬종합과일병캔디300g,과자>캔디류>행사상품,과자,캔디류,행사상품,당일픽업,1,1,2.0,0,0,0,1,0,0,2025-04-14,2025-04-14,9500.0,0,1,2,0.0,100.0,0.0,2.0
421253,모나미)컷터칼(대)_H,문구/완구>일반문구>칼/가위/테이프,문구/완구,일반문구,칼/가위/테이프,당일픽업,2,2,2.0,2,0,0,0,0,0,2025-04-18,2025-04-27,4000.0,0,0,2,0.0,0.0,0.0,1.0
103432,농심)츄파춥스(150입),과자>캔디류>과일향캔디,과자,캔디류,과일향캔디,당일픽업,2,2,2.0,2,0,0,0,0,0,2025-04-09,2025-04-16,45000.0,0,0,2,0.0,0.0,0.0,1.0
141160,PB)콘스프컵27g,가공식품>상온간편식>즉석 국/스프,가공식품,상온간편식,즉석 국/스프,당일픽업,2,2,2.0,2,0,0,0,0,0,2025-04-05,2025-04-07,2100.0,0,0,2,0.0,0.0,0.0,1.0
162359,CJ)맛군밤60g,안주>농산안주>농산물,안주,농산안주,농산물,교환권,1,1,2.0,0,0,0,1,0,0,2025-04-05,2025-04-05,3900.0,0,1,2,0.0,100.0,0.0,2.0
421599,비젼)B5스프링노트(70매)_H,문구/완구>노트/봉투>노트/수첩류,문구/완구,노트/봉투,노트/수첩류,당일픽업,2,2,2.0,2,0,0,0,0,0,2025-04-23,2025-04-24,3000.0,0,0,2,0.0,0.0,0.0,1.0
153075,훼밀리)엘막라임주스200ml,조미료/건물>소스류>식초류,조미료/건물,소스류,식초류,당일픽업,2,1,2.0,2,0,0,0,0,0,2025-04-28,2025-04-28,2500.0,0,0,2,0.0,0.0,0.0,2.0
107811,K리그산리오)인형 키링_배드바츠마루,문구/완구>일반완구>일반완구,문구/완구,일반완구,일반완구,당일픽업,1,1,2.0,0,0,0,1,0,0,2025-04-02,2025-04-02,15000.0,0,1,2,0.0,100.0,0.0,2.0
170899,배민)짠하기좋은체리콕향500ml캔,양주와인>하이볼>국산하이볼,양주와인,하이볼,국산하이볼,당일픽업,2,2,2.0,2,0,0,0,0,0,2025-04-04,2025-04-04,5000.0,0,0,2,0.0,0.0,0.0,1.0
202641,칠성)탐스제로사과키위355ml,음료>탄산음료>과일향탄산(중),음료,탄산음료,과일향탄산(중),당일픽업,1,1,2.0,0,0,0,1,0,0,2025-04-14,2025-04-14,1500.0,0,1,2,0.0,100.0,0.0,2.0
133733,종가집)맛김치400g,냉장>냉장간편식>김치/단무지,냉장,냉장간편식,김치/단무지,당일픽업,2,2,2.0,2,0,0,0,0,0,2025-04-05,2025-04-06,7300.0,0,0,2,0.0,0.0,0.0,1.0
107129,PB)얼음컵(라지)(제주),즉석음료>얼음>컵얼음,즉석음료,얼음,컵얼음,당일픽업,2,2,2.0,2,0,0,0,0,0,2025-04-01,2025-04-12,900.0,0,0,2,0.0,0.0,0.0,1.0
112644,서주)탱글탱글더리얼라임모히또40g,과자>젤리류>국산젤리,과자,젤리류,국산젤리,당일픽업,2,1,2.0,2,0,0,0,0,0,2025-04-16,2025-04-16,2500.0,0,0,2,0.0,0.0,0.0,2.0
380626,라이온)아이깨끗해레몬250ml_H,H&B>화장비누/바디클렌저>액체비누,H&B,화장비누/바디클렌저,액체비누,당일픽업,2,1,2.0,2,0,0,0,0,0,2025-04-20,2025-04-20,8900.0,0,0,2,0.0,0.0,0.0,2.0
371866,P&G)다우니세탁세제1L(블루)_H,가정용품>세제류>세탁세제,가정용품,세제류,세탁세제,당일픽업,2,2,2.0,2,0,0,0,0,0,2025-04-12,2025-04-20,20300.0,0,0,2,0.0,0.0,0.0,1.0
123581,농심)츄파춥스슈퍼메가 ,과자>캔디류>행사상품,과자,캔디류,행사상품,당일픽업,2,2,2.0,2,0,0,0,0,0,2025-04-14,2025-04-30,39000.0,0,0,2,0.0,0.0,0.0,1.0
162305,써라클)오징어실채30g,안주>오징어>오징어,안주,오징어,오징어,당일픽업,1,1,2.0,0,0,0,1,0,0,2025-04-17,2025-04-17,5000.0,0,1,2,0.0,100.0,0.0,2.0
125252,PB)벡셀AAA건전지4입,일용잡화>건전지>AAA사이즈,일용잡화,건전지,AAA사이즈,당일픽업,1,1,2.0,0,0,0,1,0,0,2025-04-28,2025-04-28,5000.0,0,1,2,0.0,100.0,0.0,2.0
061989,빙그레)따옴한라봉&청귤235ml,유음료>냉장주스>냉장주스(소),유음료,냉장주스,냉장주스(소),당일픽업,2,1,2.0,2,0,0,0,0,0,2025-04-11,2025-04-11,2700.0,0,0,2,0.0,0.0,0.0,2.0
210381,팔도)비빔면큰컵,면>용기면>비빔/볶음면,면,용기면,비빔/볶음면,교환권,2,2,2.0,2,0,0,0,0,0,2025-04-04,2025-04-20,1500.0,0,0,2,0.0,0.0,0.0,1.0
162026,머거본)커피땅콩60g,안주>너트류>봉지너트,안주,너트류,봉지너트,교환권,2,2,2.0,2,0,0,0,0,0,2025-04-01,2025-04-01,2000.0,0,0,2,0.0,0.0,0.0,1.0
105964,새롬)청포도(200g),신선>과일>수입과일,신선,과일,수입과일,당일픽업,2,1,2.0,2,0,0,0,0,0,2025-04-30,2025-04-30,4600.0,0,0,2,0.0,0.0,0.0,2.0
202376,칠성)레쓰비카페헤이즐넛라떼240,음료>커피음료>캔커피(일반),음료,커피음료,캔커피(일반),당일픽업,2,1,2.0,2,0,0,0,0,0,2025-04-11,2025-04-11,1400.0,0,0,2,0.0,0.0,0.0,2.0
123461,까레 핀카 반깔레스,양주와인>와인>화이트,양주와인,와인,화이트,사전예약,2,2,2.0,2,0,0,0,0,0,2025-04-09,2025-04-24,35900.0,0,0,2,0.0,0.0,0.0,1.0
107076,해태)초코감자칩90g,과자>스낵류>감자스낵,과자,스낵류,감자스낵,교환권,2,2,2.0,2,0,0,0,0,0,2025-04-08,2025-04-19,3000.0,0,0,2,0.0,0.0,0.0,1.0
105966,쟈뎅)아메리카노헤이즐넛향1.5L,즉석음료>파우치>아이스커피,즉석음료,파우치,아이스커피,당일픽업,2,2,2.0,2,0,0,0,0,0,2025-04-07,2025-04-23,4500.0,0,0,2,0.0,0.0,0.0,1.0
109026,대상)고구마츄60g,안주>농산안주>농산물,안주,농산안주,농산물,당일픽업,2,2,2.0,2,0,0,0,0,0,2025-04-09,2025-04-11,3900.0,0,0,2,0.0,0.0,0.0,1.0
372129,유한)곰팡이제거제500g*2_H,가정용품>세제류>청소세제,가정용품,세제류,청소세제,당일픽업,2,2,2.0,2,0,0,0,0,0,2025-04-26,2025-04-30,9900.0,0,0,2,0.0,0.0,0.0,1.0
601309,크라운)짜먹는홍삼양갱1000,과자>캔디류>소프트캔디,과자,캔디류,소프트캔디,당일픽업,2,2,2.0,2,0,0,0,0,0,2025-04-15,2025-04-28,1000.0,0,0,2,0.0,0.0,0.0,1.0
107674,K리그산리오)머플러(페클),패션잡화>시즌/소품>기타,패션잡화,시즌/소품,기타,당일픽업,1,1,2.0,0,0,0,1,0,0,2025-04-02,2025-04-02,20000.0,0,1,2,0.0,100.0,0.0,2.0
106665,해태)감자칩더블솔트(빵빵이)60g,과자>스낵류>감자스낵,과자,스낵류,감자스낵,당일픽업,2,2,2.0,2,0,0,0,0,0,2025-04-01,2025-04-19,1700.0,0,0,2,0.0,0.0,0.0,1.0
073235,진주햄)천하장사치즈60g,냉장>냉장간식>간식/소시지,냉장,냉장간식,간식/소시지,당일픽업,2,2,2.0,2,0,0,0,0,0,2025-04-02,2025-04-12,2400.0,0,0,2,0.0,0.0,0.0,1.0
108927,롯데)빼빼로아몬드8갑296g뉴진스24년데이,과자>비스킷류>스틱과자,과자,비스킷류,스틱과자,당일픽업,2,2,2.0,2,0,0,0,0,0,2025-04-12,2025-04-30,14400.0,0,0,2,0.0,0.0,0.0,1.0
106463,MDS)NEW미트파스타230g,간식>냉장피자>파스타/그라탕,간식,냉장피자,파스타/그라탕,당일픽업,2,2,2.0,2,0,0,0,0,0,2025-04-04,2025-04-13,4200.0,0,0,2,0.0,0.0,0.0,1.0
601419,훼밀리)케어베어자일리톨구미(요,과자>젤리류>수입젤리,과자,젤리류,수입젤리,교환권,2,2,2.0,2,0,0,0,0,0,2025-04-10,2025-04-17,2200.0,0,0,2,0.0,0.0,0.0,1.0
124601,감홍로40도400ml,전통주>기타전통주>기타,전통주,기타전통주,기타,사전예약,2,2,2.0,2,0,0,0,0,0,2025-04-18,2025-04-20,45000.0,0,0,2,0.0,0.0,0.0,1.0
180207,부산)생탁750ml,전통주>막걸리>생막걸리,전통주,막걸리,생막걸리,당일픽업,2,2,2.0,2,0,0,0,0,0,2025-04-12,2025-04-13,1800.0,0,0,2,0.0,0.0,0.0,1.0
162135,경진)빅꾸이맨60g,안주>생선류>어육스낵,안주,생선류,어육스낵,당일픽업,1,1,2.0,0,0,0,1,0,0,2025-04-17,2025-04-17,4000.0,0,1,2,0.0,100.0,0.0,2.0
124605,문배술40도도자기400ml,전통주>기타전통주>기타,전통주,기타전통주,기타,사전예약,2,1,2.0,2,0,0,0,0,0,2025-04-20,2025-04-20,29200.0,0,0,2,0.0,0.0,0.0,2.0
600595,오리온)그래놀라바(철분)35g,과자>프로틴/시리얼>영양바류,과자,프로틴/시리얼,영양바류,당일픽업,2,1,2.0,2,0,0,0,0,0,2025-04-24,2025-04-25,1200.0,0,0,2,0.0,0.0,0.0,2.0
170667,비어)칭따오퓨어드래프트500_4입,맥주>수입맥주>캔맥주(중),맥주,수입맥주,캔맥주(중),당일픽업,2,2,2.0,2,0,0,0,0,0,2025-04-25,2025-04-30,18000.0,0,0,2,0.0,0.0,0.0,1.0
401855,유한양행)하이드로패치밴드6매_H,약품/의료품>의약외품>응급위생용품,약품/의료품,의약외품,응급위생용품,당일픽업,2,1,2.0,2,0,0,0,0,0,2025-04-07,2025-04-07,5900.0,0,0,2,0.0,0.0,0.0,2.0
124590,해치주조해치소주22도375ml(2입),전통주>기타전통주>기타,전통주,기타전통주,기타,사전예약,2,2,2.0,2,0,0,0,0,0,2025-04-10,2025-04-25,24000.0,0,0,2,0.0,0.0,0.0,1.0
124577,능이주13도375ml(2입),전통주>기타전통주>기타,전통주,기타전통주,기타,사전예약,2,2,2.0,2,0,0,0,0,0,2025-04-03,2025-04-09,28000.0,0,0,2,0.0,0.0,0.0,1.0
060777,남양)맛있는검은콩깨병200ml,유음료>두유>병두유,유음료,두유,병두유,교환권,2,1,2.0,2,0,0,0,0,0,2025-04-15,2025-04-16,1700.0,0,0,2,0.0,0.0,0.0,2.0
212035,나뚜루)넛츠크림에스프레소바,아이스크림>고급>바,아이스크림,고급,바,당일픽업,2,2,2.0,2,0,0,0,0,0,2025-04-10,2025-04-27,5900.0,0,0,2,0.0,0.0,0.0,1.0
190614,골든)골든블루다이아몬드450ml,양주와인>양주>위스키,양주와인,양주,위스키,당일픽업,2,2,2.0,2,0,0,0,0,0,2025-04-01,2025-04-02,57500.0,0,0,2,0.0,0.0,0.0,1.0
072497,한성)몬스터크랩142g,냉장>냉장간식>맛살,냉장,냉장간식,맛살,당일픽업,3,2,2.0,1,0,0,1,1,0,2025-04-09,2025-04-20,5100.0,0,0,2,0.0,100.0,0.0,1.0
600325,사이버)짱구21곡초코바15g,과자>초콜릿>바초콜릿,과자,초콜릿,바초콜릿,교환권,2,2,2.0,2,0,0,0,0,0,2025-04-11,2025-04-30,700.0,0,0,2,0.0,0.0,0.0,1.0
161828,경진)꾸이맨매콤한맛30g,안주>생선류>어육스낵,안주,생선류,어육스낵,당일픽업,1,1,2.0,0,0,0,1,0,0,2025-04-17,2025-04-17,2500.0,0,1,2,0.0,100.0,0.0,2.0
124924,쉬즈)슈퍼쿨링파우더시트15매,미용/화장품>여성화장품>시즌 화장품,미용/화장품,여성화장품,시즌 화장품,당일픽업,2,2,2.0,2,0,0,0,0,0,2025-04-28,2025-04-30,4900.0,0,0,2,0.0,0.0,0.0,1.0
413298,마즈)쉬바멜티닭고기2가지맛_H,일용잡화>반려동물용품>반려묘,일용잡화,반려동물용품,반려묘,당일픽업,2,2,2.0,2,0,0,0,0,0,2025-04-07,2025-04-11,3500.0,0,0,2,0.0,0.0,0.0,1.0
401009,일신)바이오트루여행용60ml_H,약품/의료품>의약외품>렌즈용품,약품/의료품,의약외품,렌즈용품,당일픽업,2,2,2.0,2,0,0,0,0,0,2025-04-12,2025-04-18,4400.0,0,0,2,0.0,0.0,0.0,1.0
108412,고운벗)워즈로프구미21g,과자>젤리류>수입젤리,과자,젤리류,수입젤리,당일픽업,2,2,2.0,2,0,0,0,0,0,2025-04-08,2025-04-20,1000.0,0,0,2,0.0,0.0,0.0,1.0
118576,훼미리)아폴로35g,과자>캔디류>과일향캔디,과자,캔디류,과일향캔디,당일픽업,2,2,2.0,2,0,0,0,0,0,2025-04-14,2025-04-30,800.0,0,0,2,0.0,0.0,0.0,1.0
161958,바다원)고소한마른멸치35g,안주>생선류>수산물,안주,생선류,수산물,당일픽업,2,1,2.0,2,0,0,0,0,0,2025-04-10,2025-04-10,2600.0,0,0,2,0.0,0.0,0.0,2.0
360568,건치)치간칫솔0.8mm_H,H&B>칫솔>치실/치간칫솔,H&B,칫솔,치실/치간칫솔,당일픽업,2,2,2.0,2,0,0,0,0,0,2025-04-10,2025-04-18,3500.0,0,0,2,0.0,0.0,0.0,1.0
105962,쟈뎅)복숭아아이스티1.5L,즉석음료>파우치>아이스티,즉석음료,파우치,아이스티,당일픽업,2,2,2.0,2,0,0,0,0,0,2025-04-01,2025-04-11,4500.0,0,0,2,0.0,0.0,0.0,1.0
123166,페로니 330ml병(24입),맥주>수입맥주>병맥주,맥주,수입맥주,병맥주,사전예약,2,2,2.0,2,0,0,0,0,0,2025-04-08,2025-04-15,54000.0,0,0,2,0.0,0.0,0.0,1.0
107385,PB)손톱깎이_H,미용/화장품>미용소품>미용 소도구,미용/화장품,미용소품,미용 소도구,당일픽업,2,2,2.0,2,0,0,0,0,0,2025-04-10,2025-04-14,3900.0,0,0,2,0.0,0.0,0.0,1.0
073613,씨티푸드)제육덮밥324g,냉장>냉장간편식>냉장밥,냉장,냉장간편식,냉장밥,당일픽업,2,2,2.0,2,0,0,0,0,0,2025-04-22,2025-04-28,5900.0,0,0,2,0.0,0.0,0.0,1.0
123480,델리카토 아이러니 까베르네 소비뇽,양주와인>와인>레드,양주와인,와인,레드,사전예약,2,2,2.0,2,0,0,0,0,0,2025-04-04,2025-04-13,48900.0,0,0,2,0.0,0.0,0.0,1.0
361685,라이온)식물나라미용비누100g_H,H&B>화장비누/바디클렌저>고형비누,H&B,화장비누/바디클렌저,고형비누,당일픽업,2,1,2.0,2,0,0,0,0,0,2025-04-08,2025-04-08,1800.0,0,0,2,0.0,0.0,0.0,2.0
108053,존슨)베드타임로션100ml_H,미용/화장품>여성화장품>핸드바디용품,미용/화장품,여성화장품,핸드바디용품,당일픽업,2,1,2.0,2,0,0,0,0,0,2025-04-20,2025-04-20,6000.0,0,0,2,0.0,0.0,0.0,2.0
105803,칠성)밀키스딸기바나나제로340ml,음료>탄산음료>제로탄산,음료,탄산음료,제로탄산,당일픽업,1,1,2.0,0,0,0,1,0,0,2025-04-06,2025-04-06,1700.0,0,1,2,0.0,100.0,0.0,2.0
107743,새롬)황도복숭아2입(380g내외),신선>과일>국산과일,신선,과일,국산과일,당일픽업,2,2,2.0,2,0,0,0,0,0,2025-04-06,2025-04-24,6200.0,0,0,2,0.0,0.0,0.0,1.0
211373,롯데)일품팥빙수240ml,아이스크림>노벨티>컵,아이스크림,노벨티,컵,교환권,2,2,2.0,2,0,0,0,0,0,2025-04-21,2025-04-28,3000.0,0,0,2,0.0,0.0,0.0,1.0
440457,모나미)포스트잇(６５６)_H,문구/완구>노트/봉투>노트/수첩류,문구/완구,노트/봉투,노트/수첩류,당일픽업,2,2,2.0,2,0,0,0,0,0,2025-04-16,2025-04-22,2500.0,0,0,2,0.0,0.0,0.0,1.0
370848,롯알)eLife집과도_H,가정용품>주방용품>조리기구/소모품,가정용품,주방용품,조리기구/소모품,당일픽업,2,2,2.0,2,0,0,0,0,0,2025-04-07,2025-04-22,5000.0,0,0,2,0.0,0.0,0.0,1.0
062144,매일)엔요280ml,유음료>요구르트>기능성요구르트,유음료,요구르트,기능성요구르트,당일픽업,2,2,2.0,2,0,0,0,0,0,2025-04-10,2025-04-27,1700.0,0,0,2,0.0,0.0,0.0,1.0
108596,대상)안주야오치즈바질토마토30g,안주>스낵안주>일반스낵,안주,스낵안주,일반스낵,교환권,1,1,2.0,0,0,0,1,0,0,2025-04-05,2025-04-05,6500.0,0,1,2,0.0,100.0,0.0,2.0
073384,롯데)의성마늘직꾸닭100g,냉장>냉장간식>소형바,냉장,냉장간식,소형바,당일픽업,2,2,2.0,2,0,0,0,0,0,2025-04-05,2025-04-15,3200.0,0,0,2,0.0,0.0,0.0,1.0
391019,동아)템포팬티라이너18P,위생용품>생리대>팬티라이너,위생용품,생리대,팬티라이너,당일픽업,3,1,2.0,1,0,0,1,1,0,2025-04-07,2025-04-07,4000.0,0,0,2,0.0,100.0,0.0,2.0
123216,마즈)엠앤엠즈튜브토퍼28g,과자>초콜릿>어린이초콜릿,과자,초콜릿,어린이초콜릿,교환권,1,1,2.0,0,0,0,1,0,0,2025-04-19,2025-04-19,3000.0,0,1,2,0.0,100.0,0.0,2.0
109902,기쿠마사무네 시보리다테 실버팩(2입),전통주>기타전통주>중국/일본주,전통주,기타전통주,중국/일본주,사전예약,2,2,2.0,2,0,0,0,0,0,2025-04-11,2025-04-30,43400.0,0,0,2,0.0,0.0,0.0,1.0
132689,하림)장인라면얼큰한맛봉지,면>봉지면>숙면/건면,면,봉지면,숙면/건면,교환권,2,2,2.0,2,0,0,0,0,0,2025-04-18,2025-04-29,2200.0,0,0,2,0.0,0.0,0.0,1.0
115585,삼립)잼있는미니딸기쿠키(20입),빵>구움과자>구움과자,빵,구움과자,구움과자,당일픽업,2,2,2.0,2,0,0,0,0,0,2025-04-15,2025-04-27,6000.0,0,0,2,0.0,0.0,0.0,1.0
201395,삼양사)상쾌환3g,건강/기호식품>숙취해소제>환제형,건강/기호식품,숙취해소제,환제형,교환권,2,2,2.0,2,0,0,0,0,0,2025-04-06,2025-04-25,2900.0,0,0,2,0.0,0.0,0.0,1.0
107030,MQ)프로틴바K카라멜&넛,과자>프로틴/시리얼>영양바류,과자,프로틴/시리얼,영양바류,당일픽업,2,2,2.0,2,0,0,0,0,0,2025-04-11,2025-04-30,2200.0,0,0,2,0.0,0.0,0.0,1.0
091972,돌코리아)후룻바틀파인애플666g,신선>과일>가공과일,신선,과일,가공과일,당일픽업,2,2,2.0,2,0,0,0,0,0,2025-04-13,2025-04-18,9000.0,0,0,2,0.0,0.0,0.0,1.0
093433,프레시팜)대추방울토마토200g,신선>야채>센터채소,신선,야채,센터채소,당일픽업,2,1,2.0,2,0,0,0,0,0,2025-04-29,2025-04-29,3500.0,0,0,2,0.0,0.0,0.0,2.0
202501,광동)유자쌍화150ml,음료>전통음료>전통음료(중),음료,전통음료,전통음료(중),당일픽업,2,2,2.0,2,0,0,0,0,0,2025-04-10,2025-04-28,2000.0,0,0,2,0.0,0.0,0.0,1.0
108165,선명)원더풀피스타치오(무염)150g,안주>너트류>봉지너트,안주,너트류,봉지너트,당일픽업,2,2,2.0,2,0,0,0,0,0,2025-04-07,2025-04-12,9500.0,0,0,2,0.0,0.0,0.0,1.0
211790, 해태)시모나꿀호떡120ml,아이스크림>노벨티>모나카,아이스크림,노벨티,모나카,당일픽업,2,2,2.0,2,0,0,0,0,0,2025-04-13,2025-04-18,2500.0,0,0,2,0.0,0.0,0.0,1.0
073514,진주햄)천하장사더건강하닭60g,냉장>냉장간식>냉장 프로틴,냉장,냉장간식,냉장 프로틴,당일픽업,2,2,2.0,2,0,0,0,0,0,2025-04-04,2025-04-14,2200.0,0,0,2,0.0,0.0,0.0,1.0
118185,롯데)초에너지바40g,과자>프로틴/시리얼>영양바류,과자,프로틴/시리얼,영양바류,당일픽업,1,1,1.0,1,0,0,0,0,0,2025-04-17,2025-04-17,1400.0,0,0,1,0.0,0.0,0.0,1.0
107507,PB)코털가위_H,미용/화장품>미용소품>미용 소도구,미용/화장품,미용소품,미용 소도구,당일픽업,1,1,1.0,1,0,0,0,0,0,2025-04-13,2025-04-13,4600.0,0,0,1,0.0,0.0,0.0,1.0
352804,맨담)갸스비매트하드스프레이200_H,미용/화장품>헤어스타일링>스프레이,미용/화장품,헤어스타일링,스프레이,당일픽업,1,1,1.0,1,0,0,0,0,0,2025-04-18,2025-04-18,9500.0,0,0,1,0.0,0.0,0.0,1.0
600816,농심)멘토스2in1(그레이프소다),과자>캔디류>행사상품,과자,캔디류,행사상품,교환권,3,3,1.0,2,0,1,0,0,0,2025-04-10,2025-04-20,1500.0,-1,0,1,0.0,0.0,-50.0,0.3333
160876,코카)파워에이드브라스트,음료>스포츠음료>스포츠음료(소),음료,스포츠음료,스포츠음료(소),당일픽업,1,1,1.0,1,0,0,0,0,0,2025-04-02,2025-04-02,1300.0,0,0,1,0.0,0.0,0.0,1.0
372241,유한)해피홈바퀴제로에어로솔450,가정용품>살충제>방충제,가정용품,살충제,방충제,당일픽업,1,1,1.0,1,0,0,0,0,0,2025-04-17,2025-04-17,7900.0,0,0,1,0.0,0.0,0.0,1.0
420219,모나미)생잉크네임펜(흑)_H,문구/완구>일반문구>팬시,문구/완구,일반문구,팬시,당일픽업,1,1,1.0,1,0,0,0,0,0,2025-04-18,2025-04-18,1200.0,0,0,1,0.0,0.0,0.0,1.0
153038,효성)한주본소금1kg,조미료/건물>조미료>소금,조미료/건물,조미료,소금,당일픽업,1,1,1.0,1,0,0,0,0,0,2025-04-25,2025-04-25,2700.0,0,0,1,0.0,0.0,0.0,1.0
061708,매일)바이오블루베리드링킹250ml,유음료>요구르트>드링킹요구르트,유음료,요구르트,드링킹요구르트,당일픽업,1,1,1.0,1,0,0,0,0,0,2025-04-27,2025-04-27,2400.0,0,0,1,0.0,0.0,0.0,1.0
141522,PB)고기듬뿍미역국(컵),가공식품>상온간편식>즉석 국/스프,가공식품,상온간편식,즉석 국/스프,교환권,1,1,1.0,1,0,0,0,0,0,2025-04-13,2025-04-13,1500.0,0,0,1,0.0,0.0,0.0,1.0
123158,코젤라거 500ml캔(24입),맥주>수입맥주>캔맥주(중),맥주,수입맥주,캔맥주(중),사전예약,1,1,1.0,1,0,0,0,0,0,2025-04-18,2025-04-18,54000.0,0,0,1,0.0,0.0,0.0,1.0
118884,매일)로쉐틴T-18,과자>초콜릿>행사상품,과자,초콜릿,행사상품,당일픽업,1,1,1.0,1,0,0,0,0,0,2025-04-22,2025-04-22,25500.0,0,0,1,0.0,0.0,0.0,1.0
123778,스미)감숙왕화이트초코바나나칩45g,안주>농산안주>과일,안주,농산안주,과일,교환권,1,1,1.0,1,0,0,0,0,0,2025-04-20,2025-04-20,3600.0,0,0,1,0.0,0.0,0.0,1.0
381676,남영)비비안여성헴팬티90_H,패션잡화>팬티/내의>여성팬티,패션잡화,팬티/내의,여성팬티,당일픽업,1,1,1.0,1,0,0,0,0,0,2025-04-14,2025-04-14,8900.0,0,0,1,0.0,0.0,0.0,1.0
161460,머거본)칼몬드35g,안주>너트류>봉지너트,안주,너트류,봉지너트,당일픽업,1,1,1.0,1,0,0,0,0,0,2025-04-02,2025-04-02,3000.0,0,0,1,0.0,0.0,0.0,1.0
124714,모나미)신신에어파스EX 200ml,약품/의료품>의약외품>의약외품,약품/의료품,의약외품,의약외품,당일픽업,1,1,1.0,1,0,0,0,0,0,2025-04-20,2025-04-20,4800.0,0,0,1,0.0,0.0,0.0,1.0
113142,세노테 레포사도 700ml,양주와인>양주>위스키,양주와인,양주,위스키,사전예약,1,1,1.0,1,0,0,0,0,0,2025-04-05,2025-04-05,145000.0,0,0,1,0.0,0.0,0.0,1.0
072719,대림)한입에꼬치다90g,냉장>냉장간식>소형바,냉장,냉장간식,소형바,당일픽업,1,1,1.0,1,0,0,0,0,0,2025-04-28,2025-04-28,2700.0,0,0,1,0.0,0.0,0.0,1.0
201548,칠성)포도100 400ml,음료>주스>주스(중),음료,주스,주스(중),당일픽업,1,1,1.0,1,0,0,0,0,0,2025-04-11,2025-04-11,2200.0,0,0,1,0.0,0.0,0.0,1.0
124557,해태)자일리톨은단청용기90g,과자>껌>용기껌,과자,껌,용기껌,당일픽업,1,1,1.0,1,0,0,0,0,0,2025-04-08,2025-04-08,5000.0,0,0,1,0.0,0.0,0.0,1.0
601706,켈로그)아몬드후레이크300g,과자>비스킷류>시리얼,과자,비스킷류,시리얼,당일픽업,1,1,1.0,1,0,0,0,0,0,2025-04-27,2025-04-27,6600.0,0,0,1,0.0,0.0,0.0,1.0
420596,모나미)크립1400_H,문구/완구>사무용품>일반사무용품,문구/완구,사무용품,일반사무용품,당일픽업,1,1,1.0,1,0,0,0,0,0,2025-04-27,2025-04-27,1400.0,0,0,1,0.0,0.0,0.0,1.0
170423,오비)스텔라아르투아330ml캔,맥주>수입맥주>캔맥주(소),맥주,수입맥주,캔맥주(소),당일픽업,1,1,1.0,1,0,0,0,0,0,2025-04-12,2025-04-12,3600.0,0,0,1,0.0,0.0,0.0,1.0
600943,스위트)트롤리퍼니벌스100g,과자>젤리류>수입젤리,과자,젤리류,수입젤리,당일픽업,1,1,1.0,1,0,0,0,0,0,2025-04-05,2025-04-05,2500.0,0,0,1,0.0,0.0,0.0,1.0
421262,모나미) 피스 줄자(3m)_H,문구/완구>사무용품>일반사무용품,문구/완구,사무용품,일반사무용품,당일픽업,1,1,1.0,1,0,0,0,0,0,2025-04-25,2025-04-25,4600.0,0,0,1,0.0,0.0,0.0,1.0
170944,오비)스텔라아르투아330ml(6입),맥주>수입맥주>캔맥주(소),맥주,수입맥주,캔맥주(소),당일픽업,1,1,1.0,1,0,0,0,0,0,2025-04-19,2025-04-19,21600.0,0,0,1,0.0,0.0,0.0,1.0
412254,벤투스)8핀데이터케이블_H,일용잡화>휴대폰/주변기기>스마트폰 액세서리,일용잡화,휴대폰/주변기기,스마트폰 액세서리,당일픽업,1,1,1.0,1,0,0,0,0,0,2025-04-08,2025-04-08,12000.0,0,0,1,0.0,0.0,0.0,1.0
108988,MZ)밀카네잎클로버패키지,과자>비스킷류>행사상품,과자,비스킷류,행사상품,당일픽업,1,1,1.0,1,0,0,0,0,0,2025-04-06,2025-04-06,7900.0,0,0,1,0.0,0.0,0.0,1.0
106848,롯데)제로아이스쿠키앤크림474ml,아이스크림>홈타입>카톤,아이스크림,홈타입,카톤,당일픽업,1,1,1.0,1,0,0,0,0,0,2025-04-04,2025-04-04,12000.0,0,0,1,0.0,0.0,0.0,1.0
107200,CJ)햇반컵반나주곰탕276g,냉장>냉장간편식>냉장밥,냉장,냉장간편식,냉장밥,당일픽업,1,1,1.0,1,0,0,0,0,0,2025-04-27,2025-04-27,5900.0,0,0,1,0.0,0.0,0.0,1.0
122158,동서)맥심화이트골드180입,건강/기호식품>커피>믹스커피,건강/기호식품,커피,믹스커피,당일픽업,1,1,1.0,1,0,0,0,0,0,2025-04-25,2025-04-25,40700.0,0,0,1,0.0,0.0,0.0,1.0
107323,PB)옷핀세트_H,미용/화장품>미용소품>미용 소도구,미용/화장품,미용소품,미용 소도구,당일픽업,1,1,1.0,1,0,0,0,0,0,2025-04-02,2025-04-02,2000.0,0,0,1,0.0,0.0,0.0,1.0
115281,매일)로쉐콜렉션T-24,과자>초콜릿>행사상품,과자,초콜릿,행사상품,당일픽업,1,1,1.0,1,0,0,0,0,0,2025-04-02,2025-04-02,34300.0,0,0,1,0.0,0.0,0.0,1.0
153099,CJ)하얀설탕400g(이지캡),조미료/건물>조미료>설탕,조미료/건물,조미료,설탕,당일픽업,1,1,1.0,1,0,0,0,0,0,2025-04-09,2025-04-09,2400.0,0,0,1,0.0,0.0,0.0,1.0
106788,케이준치킨마요덮밥,미반>도시락>기타,미반,도시락,기타,사전예약,1,1,1.0,1,0,0,0,0,0,2025-04-09,2025-04-09,4200.0,0,0,1,0.0,0.0,0.0,1.0
061795,동서)맥심TOP볼드라떼컵300ml,유음료>컵커피>300ml 이상,유음료,컵커피,300ml 이상,당일픽업,1,1,1.0,1,0,0,0,0,0,2025-04-17,2025-04-17,2900.0,0,0,1,0.0,0.0,0.0,1.0
094330,세븐팜)오이맛고추(250g),신선>야채>센터채소,신선,야채,센터채소,당일픽업,1,1,1.0,1,0,0,0,0,0,2025-04-11,2025-04-11,4990.0,0,0,1,0.0,0.0,0.0,1.0
371889,피죤)액츠프리미엄(유칼립튜스)_H,가정용품>세제류>세탁세제,가정용품,세제류,세탁세제,당일픽업,1,1,1.0,1,0,0,0,0,0,2025-04-09,2025-04-09,10900.0,0,0,1,0.0,0.0,0.0,1.0
109657,MQ)켈로그콘푸로스트바35g,과자>프로틴/시리얼>영양바류,과자,프로틴/시리얼,영양바류,당일픽업,1,1,1.0,1,0,0,0,0,0,2025-04-17,2025-04-17,1700.0,0,0,1,0.0,0.0,0.0,1.0
141664,동원)자연산골뱅이230g,가공식품>캔>수산캔,가공식품,캔,수산캔,당일픽업,1,1,1.0,1,0,0,0,0,0,2025-04-16,2025-04-16,9900.0,0,0,1,0.0,0.0,0.0,1.0
141475,CJ)컵반빅치즈닭갈비덮밥,가공식품>가공미반류>즉석컵밥,가공식품,가공미반류,즉석컵밥,당일픽업,1,1,1.0,1,0,0,0,0,0,2025-04-14,2025-04-14,5400.0,0,0,1,0.0,0.0,0.0,1.0
211040,빙그레)더위사냥140ml,아이스크림>노벨티>펜슬,아이스크림,노벨티,펜슬,교환권,1,1,1.0,1,0,0,0,0,0,2025-04-01,2025-04-01,2200.0,0,0,1,0.0,0.0,0.0,1.0
109557,해태)피스타치오크림케이크336g,과자>비스킷류>파이,과자,비스킷류,파이,교환권,1,1,1.0,1,0,0,0,0,0,2025-04-08,2025-04-08,6600.0,0,0,1,0.0,0.0,0.0,1.0
413120,PJ)애견양고기치즈100g_H,일용잡화>반려동물용품>반려견,일용잡화,반려동물용품,반려견,당일픽업,1,1,1.0,1,0,0,0,0,0,2025-04-09,2025-04-09,2200.0,0,0,1,0.0,0.0,0.0,1.0
109538,호재준)냉동다진청양고추180g,냉동>신선냉동>냉동과일,냉동,신선냉동,냉동과일,당일픽업,1,1,1.0,1,0,0,0,0,0,2025-04-08,2025-04-08,5000.0,0,0,1,0.0,0.0,0.0,1.0
153092,대상)순창초고추장170g,조미료/건물>장류>장,조미료/건물,장류,장,당일픽업,1,1,1.0,1,0,0,0,0,0,2025-04-10,2025-04-10,2200.0,0,0,1,0.0,0.0,0.0,1.0
361136,PB)컴팩트헤드칫솔_H,H&B>칫솔>미세모,H&B,칫솔,미세모,당일픽업,1,1,1.0,1,0,0,0,0,0,2025-04-11,2025-04-11,2400.0,0,0,1,0.0,0.0,0.0,1.0
220561,동원)양반야채죽285g,가공식품>가공미반류>죽,가공식품,가공미반류,죽,당일픽업,1,1,1.0,1,0,0,0,0,0,2025-04-08,2025-04-08,4500.0,0,0,1,0.0,0.0,0.0,1.0
360871,PB)남성여행용세트_H,H&B>여행용상품>여행용상품,H&B,여행용상품,여행용상품,교환권,1,1,1.0,1,0,0,0,0,0,2025-04-28,2025-04-28,8900.0,0,0,1,0.0,0.0,0.0,1.0
372023,싸다고)홈스타뿌리는곰팡이싹750_H,가정용품>세제류>청소세제,가정용품,세제류,청소세제,당일픽업,1,1,1.0,1,0,0,0,0,0,2025-04-17,2025-04-17,8900.0,0,0,1,0.0,0.0,0.0,1.0
200987,HK)컨디션헛개수340ml,음료>차음료>기타차,음료,차음료,기타차,당일픽업,1,1,1.0,1,0,0,0,0,0,2025-04-05,2025-04-05,1500.0,0,0,1,0.0,0.0,0.0,1.0
124318,MQ)프링글스스윗어니언100g,과자>스낵류>감자스낵,과자,스낵류,감자스낵,당일픽업,1,1,1.0,1,0,0,0,0,0,2025-04-07,2025-04-07,4000.0,0,0,1,0.0,0.0,0.0,1.0
124901,크리오)대일안티스카메디혼합밴드4매_H,약품/의료품>의약외품>응급위생용품,약품/의료품,의약외품,응급위생용품,당일픽업,1,1,1.0,1,0,0,0,0,0,2025-04-19,2025-04-19,5600.0,0,0,1,0.0,0.0,0.0,1.0
106775,고운벗)달콤바삭마늘빵35g,과자>비스킷류>파이,과자,비스킷류,파이,당일픽업,1,1,1.0,1,0,0,0,0,0,2025-04-23,2025-04-23,1800.0,0,0,1,0.0,0.0,0.0,1.0
123152,케이)칸명가매콤달콤먹태30g,안주>생선류>수산물,안주,생선류,수산물,교환권,1,1,1.0,1,0,0,0,0,0,2025-04-15,2025-04-15,6500.0,0,0,1,0.0,0.0,0.0,1.0
116692,켈로그)첵스초코컵30g,과자>비스킷류>시리얼,과자,비스킷류,시리얼,당일픽업,1,1,1.0,1,0,0,0,0,0,2025-04-07,2025-04-07,2200.0,0,0,1,0.0,0.0,0.0,1.0
109252,네슬레)다막피스타치오60G,과자>초콜릿>판초콜릿,과자,초콜릿,판초콜릿,교환권,1,1,1.0,1,0,0,0,0,0,2025-04-23,2025-04-23,3900.0,0,0,1,0.0,0.0,0.0,1.0
124140,PKJ)딸기모양마시멜로우48g,과자>캔디류>소프트캔디,과자,캔디류,소프트캔디,당일픽업,1,1,1.0,1,0,0,0,0,0,2025-04-18,2025-04-18,2500.0,0,0,1,0.0,0.0,0.0,1.0
152861,대상)맛선생멸치가쓰오80g,조미료/건물>소스류>양념장/조리소스,조미료/건물,소스류,양념장/조리소스,교환권,1,1,1.0,1,0,0,0,0,0,2025-04-08,2025-04-08,5900.0,0,0,1,0.0,0.0,0.0,1.0
192441,토민타울10년700ml,양주와인>양주>위스키,양주와인,양주,위스키,사전예약,1,1,1.0,1,0,0,0,0,0,2025-04-25,2025-04-25,85000.0,0,0,1,0.0,0.0,0.0,1.0
381677,남영)비비안여성헴팬티95_H,패션잡화>팬티/내의>여성팬티,패션잡화,팬티/내의,여성팬티,당일픽업,1,1,1.0,1,0,0,0,0,0,2025-04-24,2025-04-24,8900.0,0,0,1,0.0,0.0,0.0,1.0
180729,금복주)맛있는참오리지널360ml병,전통주>소주>병소주,전통주,소주,병소주,당일픽업,1,1,1.0,1,0,0,0,0,0,2025-04-19,2025-04-19,1900.0,0,0,1,0.0,0.0,0.0,1.0
141439,샘표)밥도둑오징어채볶음60g,가공식품>상온간편식>레토르트 반찬/간식/안주,가공식품,상온간편식,레토르트 반찬/간식/안주,당일픽업,1,1,1.0,1,0,0,0,0,0,2025-04-26,2025-04-26,4400.0,0,0,1,0.0,0.0,0.0,1.0
121673,담터)호두아몬드율무원컵13oz,건강/기호식품>원컵>국산차,건강/기호식품,원컵,국산차,교환권,1,1,1.0,1,0,0,0,0,0,2025-04-15,2025-04-15,1800.0,0,0,1,0.0,0.0,0.0,1.0
114263,롯데)아이스브레이커스멜론&레몬,과자>캔디류>기능성캔디,과자,캔디류,기능성캔디,당일픽업,1,1,1.0,1,0,0,0,0,0,2025-04-20,2025-04-20,3500.0,0,0,1,0.0,0.0,0.0,1.0
832260,라엘)라엘오가닉중형4P,위생용품>생리대>4P,위생용품,생리대,4P,당일픽업,1,1,1.0,1,0,0,0,0,0,2025-04-03,2025-04-03,3900.0,0,0,1,0.0,0.0,0.0,1.0
600705,비알)엄마는외계인초코볼,과자>초콜릿>볼초콜릿,과자,초콜릿,볼초콜릿,당일픽업,1,1,1.0,1,0,0,0,0,0,2025-04-01,2025-04-01,2000.0,0,0,1,0.0,0.0,0.0,1.0
391102,깨끗한)디어스킨리얼모달대형14P,위생용품>생리대>대형,위생용품,생리대,대형,당일픽업,1,1,1.0,1,0,0,0,0,0,2025-04-13,2025-04-13,8600.0,0,0,1,0.0,0.0,0.0,1.0
362318,P&G)오랄비 치간칫솔10입_H,H&B>칫솔>치실/치간칫솔,H&B,칫솔,치실/치간칫솔,당일픽업,1,1,1.0,1,0,0,0,0,0,2025-04-07,2025-04-07,9500.0,0,0,1,0.0,0.0,0.0,1.0
390891,LG)내몸에순한면라이너28P,위생용품>생리대>팬티라이너,위생용품,생리대,팬티라이너,당일픽업,1,1,1.0,1,0,0,0,0,0,2025-04-02,2025-04-02,5900.0,0,0,1,0.0,0.0,0.0,1.0
123113,파머스)피스터블밀크크런치60g,과자>초콜릿>판초콜릿,과자,초콜릿,판초콜릿,교환권,1,1,1.0,1,0,0,0,0,0,2025-04-18,2025-04-18,8000.0,0,0,1,0.0,0.0,0.0,1.0
108080,아미)레몬슬라이스얼음컵(라지),즉석음료>얼음>컵얼음,즉석음료,얼음,컵얼음,당일픽업,1,1,1.0,1,0,0,0,0,0,2025-04-26,2025-04-26,1500.0,0,0,1,0.0,0.0,0.0,1.0
123825,안유성명장 마늘갈비정식,미반>도시락>기타,미반,도시락,기타,사전예약,3,2,1.0,2,0,1,0,0,0,2025-04-15,2025-04-23,6900.0,-1,0,1,0.0,0.0,-50.0,0.5
412135,PB)3구T자형멀티탭_H,일용잡화>전기용품>배선기구,일용잡화,전기용품,배선기구,당일픽업,1,1,1.0,1,0,0,0,0,0,2025-04-04,2025-04-04,5500.0,0,0,1,0.0,0.0,0.0,1.0
160408,코카)환타오렌지600ml,음료>탄산음료>과일향탄산(중),음료,탄산음료,과일향탄산(중),당일픽업,1,1,1.0,1,0,0,0,0,0,2025-04-15,2025-04-15,2200.0,0,0,1,0.0,0.0,0.0,1.0
161919,7D)7D망고80g,안주>농산안주>과일,안주,농산안주,과일,당일픽업,1,1,1.0,1,0,0,0,0,0,2025-04-07,2025-04-07,6700.0,0,0,1,0.0,0.0,0.0,1.0
160970,남양)17차(십칠차)340ml,음료>차음료>기타차,음료,차음료,기타차,당일픽업,1,1,1.0,1,0,0,0,0,0,2025-04-15,2025-04-15,1800.0,0,0,1,0.0,0.0,0.0,1.0
371118,굿지앤)다회용맥주컵3입,가정용품>행락용품>종이컵,가정용품,행락용품,종이컵,당일픽업,1,1,1.0,1,0,0,0,0,0,2025-04-16,2025-04-16,1000.0,0,0,1,0.0,0.0,0.0,1.0
222554,하림)간장닭강정250g,냉동>조리냉동>냉동안주류,냉동,조리냉동,냉동안주류,당일픽업,1,1,1.0,1,0,0,0,0,0,2025-04-22,2025-04-22,9900.0,0,0,1,0.0,0.0,0.0,1.0
106987,칠성)칸타타딥블랙200ml,음료>커피음료>캔커피(일반),음료,커피음료,캔커피(일반),당일픽업,1,1,1.0,1,0,0,0,0,0,2025-04-02,2025-04-02,1500.0,0,0,1,0.0,0.0,0.0,1.0
094504,세븐팜)굿민아삭숙주나물(300g),신선>야채>두부/콩나물,신선,야채,두부/콩나물,당일픽업,1,1,1.0,1,0,0,0,0,0,2025-04-08,2025-04-08,1500.0,0,0,1,0.0,0.0,0.0,1.0
071837,계림)군계란2입,냉장>냉장간식>삶은계란,냉장,냉장간식,삶은계란,당일픽업,1,1,1.0,1,0,0,0,0,0,2025-04-09,2025-04-09,2500.0,0,0,1,0.0,0.0,0.0,1.0
124702,팔도)뽀로로멜론톡335ml,음료>탄산음료>제로탄산,음료,탄산음료,제로탄산,당일픽업,1,1,1.0,1,0,0,0,0,0,2025-04-30,2025-04-30,1700.0,0,0,1,0.0,0.0,0.0,1.0
381648,신영)비너스스트롱팬티(블랙)_H,패션잡화>스타킹>팬티스타킹,패션잡화,스타킹,팬티스타킹,당일픽업,1,1,1.0,1,0,0,0,0,0,2025-04-04,2025-04-04,4400.0,0,0,1,0.0,0.0,0.0,1.0
123237,타이거500ml캔(24입),맥주>수입맥주>캔맥주(중),맥주,수입맥주,캔맥주(중),사전예약,1,1,1.0,1,0,0,0,0,0,2025-04-04,2025-04-04,55000.0,0,0,1,0.0,0.0,0.0,1.0
401250,유한)애프터 임신진단키트_H,약품/의료품>의료기기>임신배란테스트기,약품/의료품,의료기기,임신배란테스트기,당일픽업,1,1,1.0,1,0,0,0,0,0,2025-04-18,2025-04-18,5000.0,0,0,1,0.0,0.0,0.0,1.0
141722,MQ)통귀리밥컵50g,가공식품>가공미반류>즉석밥,가공식품,가공미반류,즉석밥,당일픽업,2,1,1.0,0,0,0,1,1,0,2025-04-19,2025-04-20,2400.0,0,0,1,0.0,100.0,0.0,1.0
109323,설성)내슈빌찹스테이크150g,냉동>신선냉동>냉동축산,냉동,신선냉동,냉동축산,당일픽업,1,1,1.0,1,0,0,0,0,0,2025-04-12,2025-04-12,10200.0,0,0,1,0.0,0.0,0.0,1.0
107168,PB)미니헤어빗_H,미용/화장품>미용소품>미용 소도구,미용/화장품,미용소품,미용 소도구,교환권,1,1,1.0,1,0,0,0,0,0,2025-04-17,2025-04-17,2200.0,0,0,1,0.0,0.0,0.0,1.0
112154,오리온)오징어땅콩202g,과자>스낵류>알뜰절약상품,과자,스낵류,알뜰절약상품,교환권,1,1,1.0,1,0,0,0,0,0,2025-04-23,2025-04-23,3200.0,0,0,1,0.0,0.0,0.0,1.0
117284,오리온)그래놀라바유산균30g,과자>프로틴/시리얼>영양바류,과자,프로틴/시리얼,영양바류,당일픽업,1,1,1.0,1,0,0,0,0,0,2025-04-03,2025-04-03,1200.0,0,0,1,0.0,0.0,0.0,1.0
093739,세븐팜)깐마늘120g(파우치),신선>야채>센터채소,신선,야채,센터채소,당일픽업,1,1,1.0,1,0,0,0,0,0,2025-04-12,2025-04-12,2100.0,0,0,1,0.0,0.0,0.0,1.0
833078,담터)생강차플러스원컵,건강/기호식품>원컵>국산차,건강/기호식품,원컵,국산차,교환권,1,1,1.0,1,0,0,0,0,0,2025-04-03,2025-04-03,1800.0,0,0,1,0.0,0.0,0.0,1.0
124597,국순당여주명주려25도375ml(2입),전통주>기타전통주>기타,전통주,기타전통주,기타,사전예약,1,1,1.0,1,0,0,0,0,0,2025-04-06,2025-04-06,30000.0,0,0,1,0.0,0.0,0.0,1.0
161865,샘표)질러직화스틱육포45g,안주>육포>육포,안주,육포,육포,교환권,1,1,1.0,1,0,0,0,0,0,2025-04-10,2025-04-10,6500.0,0,0,1,0.0,0.0,0.0,1.0
390516,무궁화)살균99%비누_H,가정용품>세제류>세탁세제,가정용품,세제류,세탁세제,당일픽업,1,1,1.0,1,0,0,0,0,0,2025-04-09,2025-04-09,2600.0,0,0,1,0.0,0.0,0.0,1.0
124957,LG)OFF미스트기피제177ml_H,가정용품>살충제>기피제,가정용품,살충제,기피제,당일픽업,1,1,1.0,1,0,0,0,0,0,2025-04-24,2025-04-24,9900.0,0,0,1,0.0,0.0,0.0,1.0
370990,P&G)다우니향페브리즈370ml_H,가정용품>방향제>탈취제,가정용품,방향제,탈취제,당일픽업,1,1,1.0,1,0,0,0,0,0,2025-04-03,2025-04-03,12000.0,0,0,1,0.0,0.0,0.0,1.0
105654,대상)안주야먹태열풍군옥수수맛25g,안주>생선류>수산물,안주,생선류,수산물,교환권,1,1,1.0,1,0,0,0,0,0,2025-04-30,2025-04-30,5900.0,0,0,1,0.0,0.0,0.0,1.0
421600,비젼)B5스프링노트(90매)_H,문구/완구>노트/봉투>노트/수첩류,문구/완구,노트/봉투,노트/수첩류,당일픽업,1,1,1.0,1,0,0,0,0,0,2025-04-09,2025-04-09,3800.0,0,0,1,0.0,0.0,0.0,1.0
117286,MZ)밀카밀크초코렛90g,과자>초콜릿>판초콜릿,과자,초콜릿,판초콜릿,교환권,1,1,1.0,1,0,0,0,0,0,2025-04-03,2025-04-03,4800.0,0,0,1,0.0,0.0,0.0,1.0
352402,존슨)뉴트로지나포뮬러핸드크림_H,미용/화장품>여성화장품>핸드바디용품,미용/화장품,여성화장품,핸드바디용품,당일픽업,1,1,1.0,1,0,0,0,0,0,2025-04-09,2025-04-09,8900.0,0,0,1,0.0,0.0,0.0,1.0
123780,샘표)질러블랙앤레드페퍼육포30g,안주>육포>육포,안주,육포,육포,교환권,1,1,1.0,1,0,0,0,0,0,2025-04-16,2025-04-16,4200.0,0,0,1,0.0,0.0,0.0,1.0
401194,해외)003알로에콘돔3입_H,약품/의료품>의약외품>일반콘돔,약품/의료품,의약외품,일반콘돔,당일픽업,1,1,1.0,1,0,0,0,0,0,2025-04-10,2025-04-10,6900.0,0,0,1,0.0,0.0,0.0,1.0
141030,CJ)비비고스팸부대찌개460g,가공식품>상온간편식>레토르트 국탕찌개,가공식품,상온간편식,레토르트 국탕찌개,당일픽업,1,1,1.0,1,0,0,0,0,0,2025-04-29,2025-04-29,7900.0,0,0,1,0.0,0.0,0.0,1.0
161510,정화)제사포45g,안주>생선류>수산물,안주,생선류,수산물,당일픽업,1,1,1.0,1,0,0,0,0,0,2025-04-29,2025-04-29,5400.0,0,0,1,0.0,0.0,0.0,1.0
123819,1키키쿼카)엽서set,과자>캔디류>행사상품,과자,캔디류,행사상품,당일픽업,1,1,1.0,1,0,0,0,0,0,2025-04-13,2025-04-13,13700.0,0,0,1,0.0,0.0,0.0,1.0
413027,네슬레)퓨레키스참치_H,일용잡화>반려동물용품>반려묘,일용잡화,반려동물용품,반려묘,당일픽업,1,1,1.0,1,0,0,0,0,0,2025-04-29,2025-04-29,3500.0,0,0,1,0.0,0.0,0.0,1.0
390316,P&G)향기나는페브리즈370ml_H,가정용품>방향제>탈취제,가정용품,방향제,탈취제,당일픽업,1,1,1.0,1,0,0,0,0,0,2025-04-06,2025-04-06,11000.0,0,0,1,0.0,0.0,0.0,1.0
601108,마즈)이클립스플러스꿀&레몬향,과자>캔디류>기능성캔디,과자,캔디류,기능성캔디,당일픽업,1,1,1.0,1,0,0,0,0,0,2025-04-18,2025-04-18,3500.0,0,0,1,0.0,0.0,0.0,1.0
190613,골든)골든블루사피루스450ml,양주와인>양주>위스키,양주와인,양주,위스키,당일픽업,1,1,1.0,1,0,0,0,0,0,2025-04-05,2025-04-05,39000.0,0,0,1,0.0,0.0,0.0,1.0
124144,오죤)부드러운초극세모칫솔1입_H,H&B>칫솔>미세모,H&B,칫솔,미세모,당일픽업,1,1,1.0,1,0,0,0,0,0,2025-04-28,2025-04-28,2000.0,0,0,1,0.0,0.0,0.0,1.0
180653,진로)new자몽에이슬360ml,전통주>기타전통주>기타,전통주,기타전통주,기타,당일픽업,1,1,1.0,1,0,0,0,0,0,2025-04-30,2025-04-30,2100.0,0,0,1,0.0,0.0,0.0,1.0
382341,제우)스트라이프스포츠양말(남성_H,패션잡화>양말>남성양말,패션잡화,양말,남성양말,당일픽업,1,1,1.0,1,0,0,0,0,0,2025-04-19,2025-04-19,5500.0,0,0,1,0.0,0.0,0.0,1.0
118338,마즈)이클립스스피아민트34g,과자>캔디류>기능성캔디,과자,캔디류,기능성캔디,교환권,1,1,1.0,1,0,0,0,0,0,2025-04-20,2025-04-20,3300.0,0,0,1,0.0,0.0,0.0,1.0
371068,롯알)종이접시200mm(10입),가정용품>행락용품>일회용품,가정용품,행락용품,일회용품,당일픽업,2,1,1.0,0,0,0,1,1,0,2025-04-04,2025-04-04,2400.0,0,0,1,0.0,100.0,0.0,1.0
440485,모나미)프로캇타칼날(대형)_H,문구/완구>일반문구>칼/가위/테이프,문구/완구,일반문구,칼/가위/테이프,당일픽업,1,1,1.0,1,0,0,0,0,0,2025-04-16,2025-04-16,1500.0,0,0,1,0.0,0.0,0.0,1.0
170755,오비)한맥1.6L페트,맥주>국산맥주>PET맥주,맥주,국산맥주,PET맥주,당일픽업,1,1,1.0,1,0,0,0,0,0,2025-04-30,2025-04-30,8300.0,0,0,1,0.0,0.0,0.0,1.0
117106,롯데)청포도캔디153g,과자>캔디류>봉지캔디,과자,캔디류,봉지캔디,교환권,1,1,1.0,1,0,0,0,0,0,2025-04-26,2025-04-26,2500.0,0,0,1,0.0,0.0,0.0,1.0
114432,켈로그)첵스초코230g,과자>비스킷류>시리얼,과자,비스킷류,시리얼,당일픽업,1,1,1.0,1,0,0,0,0,0,2025-04-07,2025-04-07,4800.0,0,0,1,0.0,0.0,0.0,1.0
180642,보해)new잎새주360ml,전통주>소주>병소주,전통주,소주,병소주,당일픽업,1,1,1.0,1,0,0,0,0,0,2025-04-28,2025-04-28,1900.0,0,0,1,0.0,0.0,0.0,1.0
201576,코카)씨그램(라임)350ml,음료>생수>탄산수,음료,생수,탄산수,당일픽업,1,1,1.0,1,0,0,0,0,0,2025-04-01,2025-04-01,1500.0,0,0,1,0.0,0.0,0.0,1.0
391114,유한)좋은느낌울트라날개소18P,위생용품>생리대>소형,위생용품,생리대,소형,당일픽업,1,1,1.0,1,0,0,0,0,0,2025-04-15,2025-04-15,9200.0,0,0,1,0.0,0.0,0.0,1.0
180968,금복주)제로투360ml병,전통주>소주>병소주,전통주,소주,병소주,당일픽업,1,1,1.0,1,0,0,0,0,0,2025-04-27,2025-04-27,1800.0,0,0,1,0.0,0.0,0.0,1.0
361701,PB)도루코4중날시스템면도날4입_H,H&B>면도용품>면도날,H&B,면도용품,면도날,당일픽업,1,1,1.0,1,0,0,0,0,0,2025-04-09,2025-04-09,9900.0,0,0,1,0.0,0.0,0.0,1.0
170033,현대)미에로화이바210ml,음료>기능성드링크>비타민음료,음료,기능성드링크,비타민음료,당일픽업,1,1,1.0,1,0,0,0,0,0,2025-04-18,2025-04-18,1700.0,0,0,1,0.0,0.0,0.0,1.0
141638,CJ)비비고사골시래기된장국460g,가공식품>상온간편식>레토르트 국탕찌개,가공식품,상온간편식,레토르트 국탕찌개,당일픽업,1,1,1.0,1,0,0,0,0,0,2025-04-30,2025-04-30,5900.0,0,0,1,0.0,0.0,0.0,1.0
161449,썬푸드)실속삼색오징어75g,안주>오징어>오징어,안주,오징어,오징어,당일픽업,1,1,1.0,1,0,0,0,0,0,2025-04-08,2025-04-08,13000.0,0,0,1,0.0,0.0,0.0,1.0
601103,유앤)뽐뽐스튜디오솜사탕12g,과자>캔디류>소프트캔디,과자,캔디류,소프트캔디,당일픽업,1,1,1.0,1,0,0,0,0,0,2025-04-29,2025-04-29,1800.0,0,0,1,0.0,0.0,0.0,1.0
390979,PB)new미용티슈260매,위생용품>티슈>박스티슈,위생용품,티슈,박스티슈,당일픽업,1,1,1.0,1,0,0,0,0,0,2025-04-30,2025-04-30,4000.0,0,0,1,0.0,0.0,0.0,1.0
117219,일신)트리플푸시팝34g,과자>캔디류>토이캔디,과자,캔디류,토이캔디,당일픽업,1,1,1.0,1,0,0,0,0,0,2025-04-29,2025-04-29,4000.0,0,0,1,0.0,0.0,0.0,1.0
601349,엔제이)블랙썬더파우치49g,과자>초콜릿>봉지초콜릿,과자,초콜릿,봉지초콜릿,교환권,1,1,1.0,1,0,0,0,0,0,2025-04-12,2025-04-12,3000.0,0,0,1,0.0,0.0,0.0,1.0
601345,아띠)반두아코코넛델리150g,과자>비스킷류>크래커,과자,비스킷류,크래커,당일픽업,1,1,1.0,1,0,0,0,0,0,2025-04-02,2025-04-02,3000.0,0,0,1,0.0,0.0,0.0,1.0
125341,5월 도시락 구독(첫구독100원),,,,,구독할인,1,1,1.0,1,0,0,0,0,0,2025-04-29,2025-04-29,100.0,0,0,1,0.0,0.0,0.0,1.0
109905,오우곤 코우시,전통주>기타전통주>중국/일본주,전통주,기타전통주,중국/일본주,사전예약,1,1,1.0,1,0,0,0,0,0,2025-04-07,2025-04-07,23800.0,0,0,1,0.0,0.0,0.0,1.0
410294,존슨)훼이셜포밍크렌져150ml_H,미용/화장품>여성화장품>클렌징,미용/화장품,여성화장품,클렌징,당일픽업,1,1,1.0,1,0,0,0,0,0,2025-04-18,2025-04-18,9700.0,0,0,1,0.0,0.0,0.0,1.0
413410,동원)뉴트리플랜참치와닭가슴살_H,일용잡화>반려동물용품>반려묘,일용잡화,반려동물용품,반려묘,당일픽업,1,1,1.0,1,0,0,0,0,0,2025-04-08,2025-04-08,2000.0,0,0,1,0.0,0.0,0.0,1.0
240118,오뚜기)참기름110ml,조미료/건물>식용유지>참기름,조미료/건물,식용유지,참기름,당일픽업,1,1,1.0,1,0,0,0,0,0,2025-04-02,2025-04-02,8500.0,0,0,1,0.0,0.0,0.0,1.0
210058,팔도)김치왕뚜껑,면>용기면>라면(대형컵),면,용기면,라면(대형컵),교환권,1,1,1.0,1,0,0,0,0,0,2025-04-21,2025-04-21,1500.0,0,0,1,0.0,0.0,0.0,1.0
170964,에이이)코젤화이트500ml캔(4입),맥주>수입맥주>캔맥주(중),맥주,수입맥주,캔맥주(중),당일픽업,1,1,1.0,1,0,0,0,0,0,2025-04-26,2025-04-26,19600.0,0,0,1,0.0,0.0,0.0,1.0
212076,매일)상하목장아이스초코474ml,아이스크림>고급>파인트,아이스크림,고급,파인트,당일픽업,1,1,1.0,1,0,0,0,0,0,2025-04-08,2025-04-08,14900.0,0,0,1,0.0,0.0,0.0,1.0
109886,핫카이산 다이긴죠,전통주>기타전통주>중국/일본주,전통주,기타전통주,중국/일본주,사전예약,1,1,1.0,1,0,0,0,0,0,2025-04-18,2025-04-18,51000.0,0,0,1,0.0,0.0,0.0,1.0
412326,네슬레)알포 성견용1.5kg_H,일용잡화>반려동물용품>반려견,일용잡화,반려동물용품,반려견,당일픽업,1,1,1.0,1,0,0,0,0,0,2025-04-15,2025-04-15,14500.0,0,0,1,0.0,0.0,0.0,1.0
382392,PB)프리미엄호텔세면타올,패션잡화>시즌/소품>타올,패션잡화,시즌/소품,타올,당일픽업,1,1,1.0,1,0,0,0,0,0,2025-04-18,2025-04-18,5900.0,0,0,1,0.0,0.0,0.0,1.0
124580,금산인삼주12.5도360ml(4입),전통주>기타전통주>기타,전통주,기타전통주,기타,사전예약,1,1,1.0,1,0,0,0,0,0,2025-04-10,2025-04-10,24000.0,0,0,1,0.0,0.0,0.0,1.0
124611,선운복분자주13도375ml(4입),전통주>기타전통주>기타,전통주,기타전통주,기타,사전예약,3,3,1.0,2,0,1,0,0,0,2025-04-03,2025-04-28,31200.0,-1,0,1,0.0,0.0,-50.0,0.3333
113427,롯데)크런키볼2800,과자>초콜릿>볼초콜릿,과자,초콜릿,볼초콜릿,당일픽업,1,1,1.0,1,0,0,0,0,0,2025-04-06,2025-04-06,3400.0,0,0,1,0.0,0.0,0.0,1.0
124949,동원)저스트파인애플822g,가공식품>캔>농산캔,가공식품,캔,농산캔,당일픽업,1,1,1.0,1,0,0,0,0,0,2025-04-14,2025-04-14,6000.0,0,0,1,0.0,0.0,0.0,1.0
202537,광동)비타500피지라임스파클링24,음료>탄산음료>과일향탄산(중),음료,탄산음료,과일향탄산(중),당일픽업,1,1,1.0,1,0,0,0,0,0,2025-04-24,2025-04-24,1600.0,0,0,1,0.0,0.0,0.0,1.0
162406,아라)바프짬뽕맛오징어튀김100g,안주>스낵안주>일반스낵,안주,스낵안주,일반스낵,당일픽업,2,1,1.0,0,0,0,1,1,0,2025-04-17,2025-04-26,11900.0,0,0,1,0.0,100.0,0.0,1.0
106762,P&G)페브리즈실내건조370ml_H,가정용품>방향제>탈취제,가정용품,방향제,탈취제,당일픽업,1,1,1.0,1,0,0,0,0,0,2025-04-06,2025-04-06,12000.0,0,0,1,0.0,0.0,0.0,1.0
390991,유한)좋은느낌수퍼롱4P,위생용품>생리대>4P,위생용품,생리대,4P,당일픽업,1,1,1.0,1,0,0,0,0,0,2025-04-26,2025-04-26,4100.0,0,0,1,0.0,0.0,0.0,1.0
109676,선우)로얄후르츠젤리(망고)320g,과자>젤리류>수입젤리,과자,젤리류,수입젤리,당일픽업,1,1,1.0,1,0,0,0,0,0,2025-04-21,2025-04-21,5500.0,0,0,1,0.0,0.0,0.0,1.0
391077,유한)화이트수퍼흡수대형16P,위생용품>생리대>대형,위생용품,생리대,대형,당일픽업,1,1,1.0,1,0,0,0,0,0,2025-04-17,2025-04-17,9700.0,0,0,1,0.0,0.0,0.0,1.0
371885,굿지앤)친환경일회용수저(10입),가정용품>행락용품>일회용품,가정용품,행락용품,일회용품,당일픽업,1,1,1.0,1,0,0,0,0,0,2025-04-09,2025-04-09,1600.0,0,0,1,0.0,0.0,0.0,1.0
105367,3월 세븐카페 반값구독,,,,,구독할인,1,1,1.0,1,0,0,0,0,0,2025-04-09,2025-04-09,5000.0,0,0,1,0.0,0.0,0.0,1.0
123521,★미루)하트캔,과자>캔디류>행사상품,과자,캔디류,행사상품,당일픽업,1,1,1.0,1,0,0,0,0,0,2025-04-10,2025-04-10,4500.0,0,0,1,0.0,0.0,0.0,1.0
421336,모나미)쇼핑백대(블랙)_H,문구/완구>기타문구>봉투/카드,문구/완구,기타문구,봉투/카드,당일픽업,1,1,1.0,1,0,0,0,0,0,2025-04-30,2025-04-30,2200.0,0,0,1,0.0,0.0,0.0,1.0
107167,PB)접이식눈썹면도기_H,미용/화장품>미용소품>미용 소도구,미용/화장품,미용소품,미용 소도구,교환권,1,1,1.0,1,0,0,0,0,0,2025-04-29,2025-04-29,3800.0,0,0,1,0.0,0.0,0.0,1.0
421331,모나미)쇼핑백중(화이트)_H,문구/완구>기타문구>봉투/카드,문구/완구,기타문구,봉투/카드,당일픽업,1,1,1.0,1,0,0,0,0,0,2025-04-10,2025-04-10,1800.0,0,0,1,0.0,0.0,0.0,1.0
106442,LG)에프킬라모기향(10입)_H,가정용품>살충제>모기향,가정용품,살충제,모기향,당일픽업,1,1,1.0,1,0,0,0,0,0,2025-04-26,2025-04-26,2900.0,0,0,1,0.0,0.0,0.0,1.0
107186,오뚜기)현미쇠고기죽285g,가공식품>가공미반류>죽,가공식품,가공미반류,죽,교환권,1,1,1.0,1,0,0,0,0,0,2025-04-18,2025-04-18,4500.0,0,0,1,0.0,0.0,0.0,1.0
124692,PB)아메리카노스위트1.5L,즉석음료>파우치>아이스커피,즉석음료,파우치,아이스커피,당일픽업,1,1,1.0,1,0,0,0,0,0,2025-04-26,2025-04-26,4600.0,0,0,1,0.0,0.0,0.0,1.0
122098,꽃샘)쌍화차플러스8입,건강/기호식품>차>액상차류,건강/기호식품,차,액상차류,당일픽업,1,1,1.0,1,0,0,0,0,0,2025-04-11,2025-04-11,3000.0,0,0,1,0.0,0.0,0.0,1.0
601711,행사하리보)해피콜라사우어100g,과자>캔디류>행사상품,과자,캔디류,행사상품,당일픽업,1,1,1.0,1,0,0,0,0,0,2025-04-10,2025-04-10,2200.0,0,0,1,0.0,0.0,0.0,1.0
117359,롯데)구미당기는구미70g,과자>젤리류>국산젤리,과자,젤리류,국산젤리,당일픽업,1,1,1.0,1,0,0,0,0,0,2025-04-07,2025-04-07,1200.0,0,0,1,0.0,0.0,0.0,1.0
162377,썬푸드)피자파스타맛오징어30g,안주>오징어>오징어,안주,오징어,오징어,교환권,1,1,1.0,1,0,0,0,0,0,2025-04-08,2025-04-08,4200.0,0,0,1,0.0,0.0,0.0,1.0
113392,오리온)후레쉬베리3300(6입),과자>비스킷류>파이,과자,비스킷류,파이,당일픽업,1,1,1.0,1,0,0,0,0,0,2025-04-13,2025-04-13,3600.0,0,0,1,0.0,0.0,0.0,1.0
094332,세븐팜)백오이3입(240g),신선>야채>센터채소,신선,야채,센터채소,당일픽업,2,1,1.0,0,0,0,1,1,0,2025-04-15,2025-04-15,5690.0,0,0,1,0.0,100.0,0.0,1.0
837034,빙그레)파워캡레드피치120ml,아이스크림>노벨티>펜슬,아이스크림,노벨티,펜슬,당일픽업,1,1,1.0,1,0,0,0,0,0,2025-04-25,2025-04-25,1800.0,0,0,1,0.0,0.0,0.0,1.0
106549,동원)참치액진500g,조미료/건물>조미료>복합조미료/향신료,조미료/건물,조미료,복합조미료/향신료,당일픽업,1,1,1.0,1,0,0,0,0,0,2025-04-28,2025-04-28,8900.0,0,0,1,0.0,0.0,0.0,1.0
600362,마즈)이클립스워터멜론30g,과자>캔디류>기능성캔디,과자,캔디류,기능성캔디,교환권,1,1,1.0,1,0,0,0,0,0,2025-04-01,2025-04-01,3300.0,0,0,1,0.0,0.0,0.0,1.0
123372,들라스 꼬뜨 방뚜,양주와인>와인>레드,양주와인,와인,레드,사전예약,3,2,1.0,2,0,0,0,1,0,2025-04-02,2025-04-17,28900.0,0,-1,1,0.0,0.0,0.0,0.5
153102,CJ)바지락꽃게된장찌개양념450g,조미료/건물>소스류>양념장/조리소스,조미료/건물,소스류,양념장/조리소스,교환권,1,1,1.0,1,0,0,0,0,0,2025-04-06,2025-04-06,6900.0,0,0,1,0.0,0.0,0.0,1.0
370241,깨끗한)깨끗한나라280매,위생용품>티슈>박스티슈,위생용품,티슈,박스티슈,당일픽업,1,1,1.0,1,0,0,0,0,0,2025-04-02,2025-04-02,4900.0,0,0,1,0.0,0.0,0.0,1.0
105665,서주)탱글탱글골드키위40g,과자>젤리류>국산젤리,과자,젤리류,국산젤리,당일픽업,1,1,1.0,1,0,0,0,0,0,2025-04-19,2025-04-19,2500.0,0,0,1,0.0,0.0,0.0,1.0
117041,오리온)마이구미청포도66g,과자>젤리류>국산젤리,과자,젤리류,국산젤리,당일픽업,2,1,1.0,0,0,0,1,1,0,2025-04-16,2025-04-16,1000.0,0,0,1,0.0,100.0,0.0,1.0
819329,듀라셀)울트라AA4입_H,일용잡화>건전지>AA사이즈,일용잡화,건전지,AA사이즈,당일픽업,1,1,1.0,1,0,0,0,0,0,2025-04-10,2025-04-10,11900.0,0,0,1,0.0,0.0,0.0,1.0
123840,행사하리보)축구공(피코발라),과자>젤리류>수입젤리,과자,젤리류,수입젤리,당일픽업,1,1,1.0,1,0,0,0,0,0,2025-04-09,2025-04-09,2200.0,0,0,1,0.0,0.0,0.0,1.0
106672,아이)짱구는못말려입술캔디10g,과자>캔디류>토이캔디,과자,캔디류,토이캔디,당일픽업,1,1,1.0,1,0,0,0,0,0,2025-04-16,2025-04-16,2000.0,0,0,1,0.0,0.0,0.0,1.0
124638,APP키키쿼카)봉제자석스마트톡,과자>캔디류>행사상품,과자,캔디류,행사상품,당일픽업,1,1,1.0,1,0,0,0,0,0,2025-04-22,2025-04-22,2330.0,0,0,1,0.0,0.0,0.0,1.0
114262,롯데)아이스브레이커스쿨민트,과자>캔디류>기능성캔디,과자,캔디류,기능성캔디,당일픽업,1,1,1.0,1,0,0,0,0,0,2025-04-01,2025-04-01,3500.0,0,0,1,0.0,0.0,0.0,1.0
110465,경진)꾸이맨30g,안주>생선류>어육스낵,안주,생선류,어육스낵,교환권,1,1,1.0,1,0,0,0,0,0,2025-04-24,2025-04-24,2500.0,0,0,1,0.0,0.0,0.0,1.0
315309,P)아이코스 일루마원(모스그린),담배>전자담배>전자담배(PMI 아이코스),담배,전자담배,전자담배(PMI 아이코스),당일픽업,1,1,1.0,1,0,0,0,0,0,2025-04-30,2025-04-30,39000.0,0,0,1,0.0,0.0,0.0,1.0
371358,P&G)페브리즈MEN_370ml_H,가정용품>방향제>탈취제,가정용품,방향제,탈취제,당일픽업,1,1,1.0,1,0,0,0,0,0,2025-04-07,2025-04-07,12000.0,0,0,1,0.0,0.0,0.0,1.0
113868,네슬레)킷캣청키38g,과자>초콜릿>바초콜릿,과자,초콜릿,바초콜릿,당일픽업,1,1,1.0,1,0,0,0,0,0,2025-04-06,2025-04-06,2000.0,0,0,1,0.0,0.0,0.0,1.0
371622,유한)유한락스욕실청소500g*2개_H,가정용품>세제류>청소세제,가정용품,세제류,청소세제,당일픽업,1,1,1.0,1,0,0,0,0,0,2025-04-21,2025-04-21,9200.0,0,0,1,0.0,0.0,0.0,1.0
371760,피죤)스프레이80ml(미스틱레인)_H,가정용품>방향제>탈취제,가정용품,방향제,탈취제,당일픽업,1,1,1.0,1,0,0,0,0,0,2025-04-17,2025-04-17,4200.0,0,0,1,0.0,0.0,0.0,1.0
124657,K리그산리오 머플러(시나모롤),패션잡화>시즌/소품>기타,패션잡화,시즌/소품,기타,사전예약,1,1,1.0,1,0,0,0,0,0,2025-04-28,2025-04-28,20000.0,0,0,1,0.0,0.0,0.0,1.0
362161,PB)커플 칫솔치약세트_H,H&B>칫솔치약세트>칫솔치약세트,H&B,칫솔치약세트,칫솔치약세트,당일픽업,1,1,1.0,1,0,0,0,0,0,2025-04-08,2025-04-08,4600.0,0,0,1,0.0,0.0,0.0,1.0
421605,모나미)그리픽스Z지우개2입_H,문구/완구>일반문구>수정/접착용품,문구/완구,일반문구,수정/접착용품,당일픽업,1,1,1.0,1,0,0,0,0,0,2025-04-25,2025-04-25,1200.0,0,0,1,0.0,0.0,0.0,1.0
073670,CJ)정통가쓰오어묵탕360g,냉장>냉장간편식>반찬/국탕류,냉장,냉장간편식,반찬/국탕류,당일픽업,2,1,1.0,0,0,0,1,1,0,2025-04-17,2025-04-26,4900.0,0,0,1,0.0,100.0,0.0,1.0
421283,록타이트)순간접착제1g*3입(젤타_H,문구/완구>일반문구>수정/접착용품,문구/완구,일반문구,수정/접착용품,당일픽업,1,1,1.0,1,0,0,0,0,0,2025-04-08,2025-04-08,4700.0,0,0,1,0.0,0.0,0.0,1.0
073532,에프투)짬뽕수제비176g,냉장>냉장간편식>냉장면,냉장,냉장간편식,냉장면,당일픽업,1,1,1.0,1,0,0,0,0,0,2025-04-01,2025-04-01,3900.0,0,0,1,0.0,0.0,0.0,1.0
600817,농심)멘토스2in1(피치소다),과자>캔디류>행사상품,과자,캔디류,행사상품,교환권,2,2,1.0,0,0,1,1,0,0,2025-04-13,2025-04-14,1500.0,-1,1,1,0.0,100.0,-100.0,0.5
107009,글로브)버큇칩280g,과자>스낵류>전통스낵,과자,스낵류,전통스낵,당일픽업,1,1,1.0,1,0,0,0,0,0,2025-04-30,2025-04-30,5900.0,0,0,1,0.0,0.0,0.0,1.0
601113,선린)호박찹쌀약과,과자>비스킷류>쿠키,과자,비스킷류,쿠키,교환권,1,1,1.0,1,0,0,0,0,0,2025-04-14,2025-04-14,1000.0,0,0,1,0.0,0.0,0.0,1.0
170793,에이이)필스너우르켈500ml(4입),맥주>수입맥주>캔맥주(중),맥주,수입맥주,캔맥주(중),당일픽업,1,1,1.0,1,0,0,0,0,0,2025-04-24,2025-04-24,19600.0,0,0,1,0.0,0.0,0.0,1.0
107388,PB)실핀_H,미용/화장품>미용소품>액세서리,미용/화장품,미용소품,액세서리,당일픽업,1,1,1.0,1,0,0,0,0,0,2025-04-06,2025-04-06,2700.0,0,0,1,0.0,0.0,0.0,1.0
062613,정식품)고단백검은콩두유병190ml,유음료>두유>병두유,유음료,두유,병두유,당일픽업,1,1,1.0,1,0,0,0,0,0,2025-04-13,2025-04-13,2300.0,0,0,1,0.0,0.0,0.0,1.0
831045,피죤)퓨어애플밤주방세제750ml_H,가정용품>세제류>주방세제,가정용품,세제류,주방세제,교환권,1,1,1.0,1,0,0,0,0,0,2025-04-06,2025-04-06,9900.0,0,0,1,0.0,0.0,0.0,1.0
129673,딸기키티)베리베리마카롱75g,디저트>냉장베이커리>냉장과자,디저트,냉장베이커리,냉장과자,당일픽업,1,1,1.0,1,0,0,0,0,0,2025-04-11,2025-04-11,3900.0,0,0,1,0.0,0.0,0.0,1.0
362071,PB)와이드헤드칫솔(1입)_H,H&B>칫솔>미세모,H&B,칫솔,미세모,당일픽업,1,1,1.0,1,0,0,0,0,0,2025-04-28,2025-04-28,2800.0,0,0,1,0.0,0.0,0.0,1.0
105980,셀퓨전씨)레이저썬스크린35ml_H,미용/화장품>여성화장품>시즌 화장품,미용/화장품,여성화장품,시즌 화장품,당일픽업,1,1,1.0,1,0,0,0,0,0,2025-04-06,2025-04-06,13900.0,0,0,1,0.0,0.0,0.0,1.0
421302,모나미)153(흑)_2입_H,문구/완구>일반문구>팬시,문구/완구,일반문구,팬시,당일픽업,1,1,1.0,1,0,0,0,0,0,2025-04-24,2025-04-24,800.0,0,0,1,0.0,0.0,0.0,1.0
160597,코카)스프라이트250ml,음료>탄산음료>사이다(소),음료,탄산음료,사이다(소),당일픽업,1,1,1.0,1,0,0,0,0,0,2025-04-18,2025-04-18,1600.0,0,0,1,0.0,0.0,0.0,1.0
600873,삼경)코로로샤인머스켓48g,과자>젤리류>수입젤리,과자,젤리류,수입젤리,교환권,1,1,1.0,1,0,0,0,0,0,2025-04-24,2025-04-24,2500.0,0,0,1,0.0,0.0,0.0,1.0
420682,모나미)제트스트림_후크형_H,문구/완구>일반문구>팬시,문구/완구,일반문구,팬시,당일픽업,1,1,1.0,1,0,0,0,0,0,2025-04-10,2025-04-10,2400.0,0,0,1,0.0,0.0,0.0,1.0
601385,미성)실카초콜릿(크리스피)36g,과자>초콜릿>판초콜릿,과자,초콜릿,판초콜릿,교환권,1,1,1.0,1,0,0,0,0,0,2025-04-02,2025-04-02,1500.0,0,0,1,0.0,0.0,0.0,1.0
107224,굿지앤)춘천식직화닭갈비매콤양념,냉장>냉장안주>치킨안주,냉장,냉장안주,치킨안주,당일픽업,1,1,1.0,1,0,0,0,0,0,2025-04-01,2025-04-01,8900.0,0,0,1,0.0,0.0,0.0,1.0
362420,P&G)오랄비센시클린칫솔_H,H&B>칫솔>일반모,H&B,칫솔,일반모,당일픽업,1,1,1.0,1,0,0,0,0,0,2025-04-01,2025-04-01,1800.0,0,0,1,0.0,0.0,0.0,1.0
108989,MZ)밀카스윗자판기패키지,과자>비스킷류>행사상품,과자,비스킷류,행사상품,당일픽업,1,1,1.0,1,0,0,0,0,0,2025-04-03,2025-04-03,5700.0,0,0,1,0.0,0.0,0.0,1.0
201163,칠성)게토레이블루볼트600ml,음료>스포츠음료>스포츠음료(중),음료,스포츠음료,스포츠음료(중),교환권,1,1,1.0,1,0,0,0,0,0,2025-04-06,2025-04-06,2200.0,0,0,1,0.0,0.0,0.0,1.0
123541,더 나파 레드,양주와인>와인>레드,양주와인,와인,레드,사전예약,1,1,1.0,1,0,0,0,0,0,2025-04-27,2025-04-27,39000.0,0,0,1,0.0,0.0,0.0,1.0
113178,씨씨)남성면트렁크(100)_H,패션잡화>팬티/내의>남성팬티,패션잡화,팬티/내의,남성팬티,당일픽업,1,1,1.0,1,0,0,0,0,0,2025-04-25,2025-04-25,9900.0,0,0,1,0.0,0.0,0.0,1.0
170925,칼스)브루클린필스너500ml(6입),맥주>수입맥주>캔맥주(중),맥주,수입맥주,캔맥주(중),당일픽업,1,1,1.0,1,0,0,0,0,0,2025-04-09,2025-04-09,27000.0,0,0,1,0.0,0.0,0.0,1.0
133723,대상)순창재래식생된장500g,조미료/건물>장류>장,조미료/건물,장류,장,당일픽업,1,1,1.0,1,0,0,0,0,0,2025-04-04,2025-04-04,5750.0,0,0,1,0.0,0.0,0.0,1.0
107530,K리그산리오 한교동인형,문구/완구>일반완구>일반완구,문구/완구,일반완구,일반완구,사전예약,1,1,1.0,1,0,0,0,0,0,2025-04-28,2025-04-28,25000.0,0,0,1,0.0,0.0,0.0,1.0
201329,코카)태양의마테차500ml,음료>차음료>기타차,음료,차음료,기타차,당일픽업,1,1,1.0,1,0,0,0,0,0,2025-04-04,2025-04-04,1700.0,0,0,1,0.0,0.0,0.0,1.0
106671,키즈웰)젤리스트로우77g,과자>젤리류>수입젤리,과자,젤리류,수입젤리,당일픽업,1,1,1.0,1,0,0,0,0,0,2025-04-01,2025-04-01,1500.0,0,0,1,0.0,0.0,0.0,1.0
381673,남영)비비안여성면팬티90_H,패션잡화>팬티/내의>여성팬티,패션잡화,팬티/내의,여성팬티,당일픽업,1,1,1.0,1,0,0,0,0,0,2025-04-30,2025-04-30,8900.0,0,0,1,0.0,0.0,0.0,1.0
420846,비젼)타포린쇼핑백_H,문구/완구>기타문구>봉투/카드,문구/완구,기타문구,봉투/카드,당일픽업,1,1,1.0,1,0,0,0,0,0,2025-04-27,2025-04-27,6000.0,0,0,1,0.0,0.0,0.0,1.0
073502,동원)황금치킨닭가슴살블랙페퍼,냉장>냉장간식>냉장 프로틴,냉장,냉장간식,냉장 프로틴,당일픽업,1,1,1.0,1,0,0,0,0,0,2025-04-28,2025-04-28,4500.0,0,0,1,0.0,0.0,0.0,1.0
094203,세븐팜)국내산흙대파450g(봉),신선>야채>센터채소,신선,야채,센터채소,당일픽업,1,1,1.0,1,0,0,0,0,0,2025-04-16,2025-04-16,1990.0,0,0,1,0.0,0.0,0.0,1.0
107798,PB)미니원형거울_H,미용/화장품>미용소품>미용 소도구,미용/화장품,미용소품,미용 소도구,교환권,1,1,1.0,1,0,0,0,0,0,2025-04-26,2025-04-26,3600.0,0,0,1,0.0,0.0,0.0,1.0
141544,오뚜기)청주식돼지김치짜글이,가공식품>상온간편식>레토르트 국탕찌개,가공식품,상온간편식,레토르트 국탕찌개,당일픽업,1,1,1.0,1,0,0,0,0,0,2025-04-08,2025-04-08,8500.0,0,0,1,0.0,0.0,0.0,1.0
110372,머거본)칼몬드100g,안주>너트류>캔너트,안주,너트류,캔너트,당일픽업,1,1,1.0,1,0,0,0,0,0,2025-04-17,2025-04-17,6900.0,0,0,1,0.0,0.0,0.0,1.0
162309,머거본)커피땅콩300g,안주>너트류>봉지너트,안주,너트류,봉지너트,당일픽업,2,1,1.0,0,0,0,1,1,0,2025-04-17,2025-04-26,6900.0,0,0,1,0.0,100.0,0.0,1.0
191064,페르)앱솔루트라임375ml,양주와인>양주>기타양주,양주와인,양주,기타양주,당일픽업,1,1,1.0,1,0,0,0,0,0,2025-04-22,2025-04-22,20500.0,0,0,1,0.0,0.0,0.0,1.0
124660,K리그산리오 머플러(한교동),패션잡화>시즌/소품>기타,패션잡화,시즌/소품,기타,사전예약,1,1,1.0,1,0,0,0,0,0,2025-04-28,2025-04-28,20000.0,0,0,1,0.0,0.0,0.0,1.0
381493,제미)남성스포티양말(흰색)_H,패션잡화>양말>남성양말,패션잡화,양말,남성양말,당일픽업,1,1,1.0,1,0,0,0,0,0,2025-04-18,2025-04-18,4000.0,0,0,1,0.0,0.0,0.0,1.0
107207,PB)무팁머리끈(컬러)_H,미용/화장품>미용소품>액세서리,미용/화장품,미용소품,액세서리,교환권,1,1,1.0,1,0,0,0,0,0,2025-04-06,2025-04-06,2100.0,0,0,1,0.0,0.0,0.0,1.0
202368,서울)아침에주스포도350ml,음료>주스>주스(중),음료,주스,주스(중),당일픽업,1,1,1.0,1,0,0,0,0,0,2025-04-01,2025-04-01,2500.0,0,0,1,0.0,0.0,0.0,1.0
170844,하이네)타이거포멜로500ml캔,맥주>수입맥주>캔맥주(중),맥주,수입맥주,캔맥주(중),당일픽업,1,1,1.0,1,0,0,0,0,0,2025-04-05,2025-04-05,4500.0,0,0,1,0.0,0.0,0.0,1.0
108597,대상)안주야오치즈할라피뇨페퍼30g,안주>스낵안주>일반스낵,안주,스낵안주,일반스낵,당일픽업,1,1,1.0,1,0,0,0,0,0,2025-04-10,2025-04-10,6500.0,0,0,1,0.0,0.0,0.0,1.0
124579,왕주13도375ml(3입),전통주>기타전통주>기타,전통주,기타전통주,기타,사전예약,1,1,1.0,1,0,0,0,0,0,2025-04-05,2025-04-05,21000.0,0,0,1,0.0,0.0,0.0,1.0
123641,선우)O△□동결건조젤리13g,과자>젤리류>국산젤리,과자,젤리류,국산젤리,당일픽업,1,1,1.0,1,0,0,0,0,0,2025-04-29,2025-04-29,2800.0,0,0,1,0.0,0.0,0.0,1.0
123844,행사하리보)스위트러브100g,과자>젤리류>수입젤리,과자,젤리류,수입젤리,당일픽업,1,1,1.0,1,0,0,0,0,0,2025-04-08,2025-04-08,2200.0,0,0,1,0.0,0.0,0.0,1.0
125186,PB)럭히밥든든미역꾹밥225g,가공식품>가공미반류>즉석컵밥,가공식품,가공미반류,즉석컵밥,당일픽업,1,1,1.0,1,0,0,0,0,0,2025-04-26,2025-04-26,4200.0,0,0,1,0.0,0.0,0.0,1.0
381657,남영)비비안스타킹2족입(커피)_H,패션잡화>스타킹>팬티스타킹,패션잡화,스타킹,팬티스타킹,당일픽업,1,1,1.0,1,0,0,0,0,0,2025-04-30,2025-04-30,5500.0,0,0,1,0.0,0.0,0.0,1.0
412128,PB)3구5M멀티탭_H,일용잡화>전기용품>배선기구,일용잡화,전기용품,배선기구,당일픽업,1,1,1.0,1,0,0,0,0,0,2025-04-01,2025-04-01,19500.0,0,0,1,0.0,0.0,0.0,1.0
372033,나무)친환경종이컵50입,가정용품>행락용품>종이컵,가정용품,행락용품,종이컵,당일픽업,1,1,1.0,1,0,0,0,0,0,2025-04-16,2025-04-16,2200.0,0,0,1,0.0,0.0,0.0,1.0
420797,모나미)이중봉투(5입)_H,문구/완구>노트/봉투>봉투/카드,문구/완구,노트/봉투,봉투/카드,당일픽업,1,1,1.0,1,0,0,0,0,0,2025-04-12,2025-04-12,800.0,0,0,1,0.0,0.0,0.0,1.0
601386,미성)콴타브레이크25g,과자>초콜릿>판초콜릿,과자,초콜릿,판초콜릿,교환권,1,1,1.0,1,0,0,0,0,0,2025-04-03,2025-04-03,800.0,0,0,1,0.0,0.0,0.0,1.0
161615,샘표)질러갈릭바베큐육포30g,안주>육포>육포,안주,육포,육포,교환권,1,1,1.0,1,0,0,0,0,0,2025-04-02,2025-04-02,4900.0,0,0,1,0.0,0.0,0.0,1.0
124046,델토리)스웨디시스타일초코홀릭47g,과자>초콜릿>판초콜릿,과자,초콜릿,판초콜릿,교환권,1,1,1.0,1,0,0,0,0,0,2025-04-17,2025-04-17,3500.0,0,0,1,0.0,0.0,0.0,1.0
170432,벨트)볼파스엔젤맨헤페568ml캔,맥주>수입맥주>캔맥주(중),맥주,수입맥주,캔맥주(중),당일픽업,1,1,1.0,1,0,0,0,0,0,2025-04-02,2025-04-02,4500.0,0,0,1,0.0,0.0,0.0,1.0
123851,레미마틴 VSOP 700ml,양주와인>양주>브랜디,양주와인,양주,브랜디,사전예약,1,1,1.0,1,0,0,0,0,0,2025-04-13,2025-04-13,109000.0,0,0,1,0.0,0.0,0.0,1.0
391046,동아)템포에코내츄럴슈퍼10P,위생용품>생리대>탐폰,위생용품,생리대,탐폰,당일픽업,1,1,1.0,1,0,0,0,0,0,2025-04-25,2025-04-25,9500.0,0,0,1,0.0,0.0,0.0,1.0
115465,주라 18년 700ml,양주와인>양주>위스키,양주와인,양주,위스키,사전예약,3,3,1.0,2,0,1,0,0,0,2025-04-02,2025-04-15,185000.0,-1,0,1,0.0,0.0,-50.0,0.3333
201710,코카)씨그램(레몬)350ml,음료>생수>탄산수,음료,생수,탄산수,당일픽업,1,1,1.0,1,0,0,0,0,0,2025-04-24,2025-04-24,1500.0,0,0,1,0.0,0.0,0.0,1.0
361137,오죤)1박2일칫솔치약세트_H,H&B>칫솔치약세트>칫솔치약세트,H&B,칫솔치약세트,칫솔치약세트,당일픽업,1,1,1.0,1,0,0,0,0,0,2025-04-12,2025-04-12,1900.0,0,0,1,0.0,0.0,0.0,1.0
116939,매콤투움바파스타,미반>푸드 간편식>조리면,미반,푸드 간편식,조리면,사전예약,9,8,1.0,3,1,4,0,1,0,2025-04-01,2025-04-29,4900.0,-3,-1,1,33.3333,0.0,-100.0,0.125
600837,롯데)꼬깔콘군옥수수맛(대용량),과자>스낵류>옥수수스낵,과자,스낵류,옥수수스낵,당일픽업,1,1,1.0,1,0,0,0,0,0,2025-04-30,2025-04-30,3400.0,0,0,1,0.0,0.0,0.0,1.0
412078,마즈)위스카스고등어와연어_H,일용잡화>반려동물용품>반려묘,일용잡화,반려동물용품,반려묘,당일픽업,1,1,1.0,1,0,0,0,0,0,2025-04-07,2025-04-07,1500.0,0,0,1,0.0,0.0,0.0,1.0
170924,하이네)에델바이스500ml캔(4입),맥주>수입맥주>캔맥주(중),맥주,수입맥주,캔맥주(중),당일픽업,1,1,1.0,1,0,0,0,0,0,2025-04-26,2025-04-26,19600.0,0,0,1,0.0,0.0,0.0,1.0
600834,미스티)마이키링(신비아파트)10g,과자>캔디류>토이캔디,과자,캔디류,토이캔디,교환권,1,1,1.0,1,0,0,0,0,0,2025-04-30,2025-04-30,3000.0,0,0,1,0.0,0.0,0.0,1.0
202420,동서)TOP스모키블랙275,음료>커피음료>캔커피(보틀),음료,커피음료,캔커피(보틀),당일픽업,2,1,1.0,0,0,0,1,1,0,2025-04-01,2025-04-01,2700.0,0,0,1,0.0,100.0,0.0,1.0
093125,롯데)컷팅오렌지180g,신선>과일>간편과일,신선,과일,간편과일,당일픽업,1,1,1.0,1,0,0,0,0,0,2025-04-11,2025-04-11,4500.0,0,0,1,0.0,0.0,0.0,1.0
202192,광동)비타500허니로열100ml,음료>기능성드링크>비타민음료,음료,기능성드링크,비타민음료,당일픽업,1,1,1.0,1,0,0,0,0,0,2025-04-09,2025-04-09,1500.0,0,0,1,0.0,0.0,0.0,1.0
180952,전주이강주25도375ml*2입,전통주>기타전통주>기타,전통주,기타전통주,기타,사전예약,1,1,1.0,1,0,0,0,0,0,2025-04-04,2025-04-04,26000.0,0,0,1,0.0,0.0,0.0,1.0
123823,델리팜)투시팝미니어쳐50g,과자>캔디류>행사상품,과자,캔디류,행사상품,당일픽업,1,1,1.0,1,0,0,0,0,0,2025-04-17,2025-04-17,2500.0,0,0,1,0.0,0.0,0.0,1.0
105974,메디힐)알로에베라겔300g_H,미용/화장품>여성화장품>시즌 화장품,미용/화장품,여성화장품,시즌 화장품,당일픽업,1,1,1.0,1,0,0,0,0,0,2025-04-22,2025-04-22,4400.0,0,0,1,0.0,0.0,0.0,1.0
106473,칠성)코코리치복숭아280ml,음료>주스>주스(중),음료,주스,주스(중),당일픽업,1,1,1.0,1,0,0,0,0,0,2025-04-09,2025-04-09,1600.0,0,0,1,0.0,0.0,0.0,1.0
412705,PB)커널형이어셋(블랙)_H,일용잡화>휴대폰/주변기기>이어폰/이어셋,일용잡화,휴대폰/주변기기,이어폰/이어셋,당일픽업,1,1,1.0,1,0,0,0,0,0,2025-04-23,2025-04-23,10500.0,0,0,1,0.0,0.0,0.0,1.0
123842,행사하리보)골드배렌사우어80g,과자>젤리류>수입젤리,과자,젤리류,수입젤리,당일픽업,1,1,1.0,1,0,0,0,0,0,2025-04-30,2025-04-30,2200.0,0,0,1,0.0,0.0,0.0,1.0
061610,매일)바이오딸기드링킹250ml,유음료>요구르트>기능성요구르트,유음료,요구르트,기능성요구르트,당일픽업,1,1,1.0,1,0,0,0,0,0,2025-04-27,2025-04-27,2400.0,0,0,1,0.0,0.0,0.0,1.0
402041,대한)메디폼습윤드레싱(1매)_H,약품/의료품>의약외품>응급위생용품,약품/의료품,의약외품,응급위생용품,당일픽업,1,1,1.0,1,0,0,0,0,0,2025-04-01,2025-04-01,3900.0,0,0,1,0.0,0.0,0.0,1.0
140971,CJ)비비고소고기무국500g,가공식품>상온간편식>레토르트 국탕찌개,가공식품,상온간편식,레토르트 국탕찌개,당일픽업,1,1,1.0,1,0,0,0,0,0,2025-04-05,2025-04-05,5900.0,0,0,1,0.0,0.0,0.0,1.0
124470,꽃샘)생강차플러스10입 ,건강/기호식품>차>액상차류,건강/기호식품,차,액상차류,당일픽업,1,1,1.0,1,0,0,0,0,0,2025-04-15,2025-04-15,4000.0,0,0,1,0.0,0.0,0.0,1.0
141394,CJ)비비고갈비탕400g,가공식품>상온간편식>레토르트 국탕찌개,가공식품,상온간편식,레토르트 국탕찌개,당일픽업,1,1,1.0,1,0,0,0,0,0,2025-04-20,2025-04-20,7900.0,0,0,1,0.0,0.0,0.0,1.0
141579,오뚜기)양평식선지해장국,가공식품>상온간편식>레토르트 국탕찌개,가공식품,상온간편식,레토르트 국탕찌개,당일픽업,1,1,1.0,1,0,0,0,0,0,2025-04-15,2025-04-15,8500.0,0,0,1,0.0,0.0,0.0,1.0
220179,동원)고추참치150g,가공식품>캔>참치캔,가공식품,캔,참치캔,교환권,1,1,1.0,1,0,0,0,0,0,2025-04-05,2025-04-05,4400.0,0,0,1,0.0,0.0,0.0,1.0
107795,PB)쿠션브러쉬_H,미용/화장품>미용소품>미용 소도구,미용/화장품,미용소품,미용 소도구,당일픽업,1,1,1.0,1,0,0,0,0,0,2025-04-30,2025-04-30,4600.0,0,0,1,0.0,0.0,0.0,1.0
124659,K리그산리오 머플러(헬로키티),패션잡화>시즌/소품>기타,패션잡화,시즌/소품,기타,사전예약,1,1,1.0,1,0,0,0,0,0,2025-04-28,2025-04-28,20000.0,0,0,1,0.0,0.0,0.0,1.0
162081,PB)제주흑돈직화육포40g,안주>육포>육포,안주,육포,육포,교환권,1,1,1.0,1,0,0,0,0,0,2025-04-20,2025-04-20,4300.0,0,0,1,0.0,0.0,0.0,1.0
180913,국순당)명작복분자375ml,전통주>기타전통주>과실주,전통주,기타전통주,과실주,당일픽업,1,1,1.0,1,0,0,0,0,0,2025-04-07,2025-04-07,9500.0,0,0,1,0.0,0.0,0.0,1.0
119083,MZ)밀카레오33g,과자>초콜릿>바초콜릿,과자,초콜릿,바초콜릿,교환권,1,1,1.0,1,0,0,0,0,0,2025-04-05,2025-04-05,1400.0,0,0,1,0.0,0.0,0.0,1.0
161552,썬푸드)오징어&땅콩75g,안주>오징어>오징어,안주,오징어,오징어,교환권,1,1,1.0,1,0,0,0,0,0,2025-04-10,2025-04-10,11900.0,0,0,1,0.0,0.0,0.0,1.0
372166,유한)유한젠스포츠1.4L(액체형)_H,가정용품>세제류>표백제,가정용품,세제류,표백제,당일픽업,1,1,1.0,1,0,0,0,0,0,2025-04-26,2025-04-26,14900.0,0,0,1,0.0,0.0,0.0,1.0
371890,피죤)고농축라피에스타리필1.6L_H,가정용품>세제류>섬유유연제,가정용품,세제류,섬유유연제,당일픽업,1,1,1.0,1,0,0,0,0,0,2025-04-25,2025-04-25,13900.0,0,0,1,0.0,0.0,0.0,1.0
391123,유한)좋은느낌무표백대형4P,위생용품>생리대>4P,위생용품,생리대,4P,당일픽업,1,1,1.0,1,0,0,0,0,0,2025-04-06,2025-04-06,3900.0,0,0,1,0.0,0.0,0.0,1.0
124926,하겐)컵츄러스100ml,아이스크림>고급>컵,아이스크림,고급,컵,당일픽업,1,1,1.0,1,0,0,0,0,0,2025-04-05,2025-04-05,6900.0,0,0,1,0.0,0.0,0.0,1.0
413469,포유)C타입충전케이블_H,일용잡화>휴대폰/주변기기>스마트폰 액세서리,일용잡화,휴대폰/주변기기,스마트폰 액세서리,당일픽업,1,1,1.0,1,0,0,0,0,0,2025-04-08,2025-04-08,6500.0,0,0,1,0.0,0.0,0.0,1.0
117824,오리온)태양의맛썬갈릭바게트,과자>스낵류>옥수수스낵,과자,스낵류,옥수수스낵,당일픽업,2,1,1.0,0,0,0,1,1,0,2025-04-16,2025-04-16,1700.0,0,0,1,0.0,100.0,0.0,1.0
371082,롯알)위생장갑48매입_H,가정용품>주방용품>조리기구/소모품,가정용품,주방용품,조리기구/소모품,당일픽업,1,1,1.0,1,0,0,0,0,0,2025-04-30,2025-04-30,2200.0,0,0,1,0.0,0.0,0.0,1.0
152490,오뚜기)미트스파게티소스400g,조미료/건물>소스류>양념장/조리소스,조미료/건물,소스류,양념장/조리소스,당일픽업,1,1,1.0,1,0,0,0,0,0,2025-04-14,2025-04-14,5500.0,0,0,1,0.0,0.0,0.0,1.0
106169,하겐)마카롱블루베리컵,아이스크림>고급>컵,아이스크림,고급,컵,당일픽업,3,3,1.0,2,0,1,0,0,0,2025-04-03,2025-04-20,6900.0,-1,0,1,0.0,0.0,-50.0,0.3333
141364,CJ)참치마요덮밥(컵반),가공식품>가공미반류>즉석컵밥,가공식품,가공미반류,즉석컵밥,교환권,3,2,1.0,2,0,1,0,0,0,2025-04-11,2025-04-15,4800.0,-1,0,1,0.0,0.0,-50.0,0.5
390336,P&G)상쾌한향페브리즈370ml_H,가정용품>방향제>탈취제,가정용품,방향제,탈취제,당일픽업,2,2,0.0,1,0,1,0,0,0,2025-04-02,2025-04-30,11000.0,-1,0,0,0.0,0.0,-100.0,0.0
162372,아라움)크리스피오징어오리지날,안주>오징어>오징어,안주,오징어,오징어,당일픽업,2,2,0.0,1,0,1,0,0,0,2025-04-01,2025-04-01,6500.0,-1,0,0,0.0,0.0,-100.0,0.0
114197,농심)후르츠텔라590g,과자>캔디류>행사상품,과자,캔디류,행사상품,당일픽업,2,2,0.0,1,0,1,0,0,0,2025-04-02,2025-04-04,11300.0,-1,0,0,0.0,0.0,-100.0,0.0
112719,하림)고기슈마이6입,간식>냉장간식>냉장간식,간식,냉장간식,냉장간식,당일픽업,2,2,0.0,1,0,0,0,1,0,2025-04-05,2025-04-08,3200.0,0,-1,0,0.0,0.0,0.0,0.0
109732,롯데)찰떡인절미바75ml,아이스크림>노벨티>바,아이스크림,노벨티,바,당일픽업,2,2,0.0,1,0,0,0,1,0,2025-04-08,2025-04-30,1800.0,0,-1,0,0.0,0.0,0.0,0.0
124225,타케츠루 퓨어몰트,양주와인>양주>위스키,양주와인,양주,위스키,사전예약,2,2,0.0,1,0,0,0,1,0,2025-04-01,2025-04-16,129800.0,0,-1,0,0.0,0.0,0.0,0.0
107128,PB)얼음컵(라지),즉석음료>얼음>컵얼음,즉석음료,얼음,컵얼음,교환권,3,2,0.0,0,0,1,1,1,0,2025-04-08,2025-04-21,900.0,-1,0,0,0.0,100.0,-100.0,0.0
106168,하겐)마카롱블루베리바,아이스크림>고급>바,아이스크림,고급,바,당일픽업,2,2,0.0,1,0,1,0,0,0,2025-04-04,2025-04-04,6900.0,-1,0,0,0.0,0.0,-100.0,0.0
083997,엔제이)시아와세도 밀크케익,빵>간식빵>간식용케익,빵,간식빵,간식용케익,당일픽업,1,1,-1.0,0,0,0,0,1,0,2025-04-11,2025-04-11,7800.0,0,-1,-1,0.0,0.0,0.0,-1.0
041432,MDS)젤리블리자두60g,디저트>젤리>마시는젤리,디저트,젤리,마시는젤리,당일픽업,1,1,-1.0,0,0,1,0,0,0,2025-04-09,2025-04-09,900.0,-1,0,-1,0.0,0.0,-100.0,-1.0
084009,제스트)도쿄브레드초콜릿빵,빵>간식빵>과자빵,빵,간식빵,과자빵,당일픽업,1,1,-1.0,0,0,0,0,1,0,2025-04-13,2025-04-13,2600.0,0,-1,-1,0.0,0.0,0.0,-1.0
601696,농심)츄파춥스사워바이츠60g,과자>젤리류>수입젤리,과자,젤리류,수입젤리,당일픽업,1,1,-1.0,0,0,0,0,1,0,2025-04-20,2025-04-20,1400.0,0,-1,-1,0.0,0.0,0.0,-1.0
124670,SF9화보매거진기획set,과자>젤리류>수입젤리,과자,젤리류,수입젤리,사전예약,1,1,-1.0,0,0,1,0,0,0,2025-04-09,2025-04-09,25000.0,-1,0,-1,0.0,0.0,-100.0,-1.0
106815,삼립)망나뇽의앙버터100g,빵>간식빵>캐릭터빵,빵,간식빵,캐릭터빵,당일픽업,1,1,-1.0,0,0,1,0,0,0,2025-04-07,2025-04-07,2000.0,-1,0,-1,0.0,0.0,-100.0,-1.0
123287,롯데)안유성명장토핑유부초밥,미반>초밥류>유부초밥,미반,초밥류,유부초밥,당일픽업,1,1,-1.0,0,0,1,0,0,0,2025-04-02,2025-04-02,3500.0,-1,0,-1,0.0,0.0,-100.0,-1.0
030615,PB)에그마요샐러드110g,간식>샐러드(삭제예정)>채소샐러드(삭제예정),간식,샐러드(삭제예정),채소샐러드(삭제예정),당일픽업,1,1,-1.0,0,0,1,0,0,0,2025-04-20,2025-04-20,2500.0,-1,0,-1,0.0,0.0,-100.0,-1.0
107292,제스트)도쿄브레드커피빵,빵>간식빵>과자빵,빵,간식빵,과자빵,당일픽업,1,1,-1.0,0,0,1,0,0,0,2025-04-16,2025-04-16,2600.0,-1,0,-1,0.0,0.0,-100.0,-1.0
021694,삼립)더블불고기포테이토버거,조리빵>햄버거>햄버거,조리빵,햄버거,햄버거,당일픽업,1,1,-1.0,0,0,1,0,0,0,2025-04-10,2025-04-10,2800.0,-1,0,-1,0.0,0.0,-100.0,-1.0
113159,조니워커골드750ml,양주와인>양주>위스키,양주와인,양주,위스키,사전예약,1,1,-1.0,0,0,1,0,0,0,2025-04-15,2025-04-15,87000.0,-1,0,-1,0.0,0.0,-100.0,-1.0
122982,럭히밥 대왕돈까스도시락,미반>도시락>기타,미반,도시락,기타,사전예약,1,1,-1.0,0,0,1,0,0,0,2025-04-18,2025-04-18,5900.0,-1,0,-1,0.0,0.0,-100.0,-1.0
107525,K리그산리오 포차코인형,문구/완구>일반완구>일반완구,문구/완구,일반완구,일반완구,사전예약,1,1,-1.0,0,0,0,0,1,0,2025-04-17,2025-04-17,25000.0,0,-1,-1,0.0,0.0,0.0,-1.0
105988,LG)피지오겔DMT썬스크린30ml_H,미용/화장품>여성화장품>시즌 화장품,미용/화장품,여성화장품,시즌 화장품,당일픽업,1,1,-1.0,0,0,1,0,0,0,2025-04-07,2025-04-07,12900.0,-1,0,-1,0.0,0.0,-100.0,-1.0
107519,K리그산리오 헬로키티인형,문구/완구>일반완구>일반완구,문구/완구,일반완구,일반완구,사전예약,1,1,-1.0,0,0,1,0,0,0,2025-04-01,2025-04-01,25000.0,-1,0,-1,0.0,0.0,-100.0,-1.0
124224,요이치 싱글몰트,양주와인>양주>위스키,양주와인,양주,위스키,사전예약,2,2,-2.0,0,0,2,0,0,0,2025-04-05,2025-04-09,129800.0,-2,0,-2,0.0,0.0,-200.0,-1.0
109274,롯데)맛장우삼각더커진묵은지참치,미반>삼각김밥>기타주먹밥(더커진삼각),미반,삼각김밥,기타주먹밥(더커진삼각),당일픽업,2,2,-2.0,0,0,2,0,0,0,2025-04-01,2025-04-03,1700.0,-2,0,-2,0.0,0.0,-200.0,-1.0
115109,TDF)생미쉘마들렝175g,과자>비스킷류>파이,과자,비스킷류,파이,당일픽업,2,2,-2.0,0,0,2,0,0,0,2025-04-22,2025-04-24,3900.0,-2,0,-2,0.0,0.0,-200.0,-1.0
107523,K리그산리오 마이멜로디인형,문구/완구>일반완구>일반완구,문구/완구,일반완구,일반완구,사전예약,2,2,-2.0,0,0,1,0,1,0,2025-04-01,2025-04-17,25000.0,-1,-1,-2,0.0,0.0,-100.0,-1.0
083998,엔제이)야마우치밀크롤케이크,빵>간식빵>간식용케익,빵,간식빵,간식용케익,당일픽업,2,2,-2.0,0,0,1,0,1,0,2025-04-11,2025-04-13,6800.0,-1,-1,-2,0.0,0.0,-100.0,-1.0
114927,농심)츄파춥스사워게코,과자>젤리류>수입젤리,과자,젤리류,수입젤리,당일픽업,2,2,-2.0,0,0,2,0,0,0,2025-04-06,2025-04-08,2000.0,-2,0,-2,0.0,0.0,-200.0,-1.0
105961,G)페양구야끼소바지옥의맛117g,면>용기면>비빔/볶음면,면,용기면,비빔/볶음면,당일픽업,2,2,-2.0,0,0,2,0,0,0,2025-04-05,2025-04-05,3500.0,-2,0,-2,0.0,0.0,-200.0,-1.0
123598,롯데)닭가슴살잡곡샌드,조리빵>샌드위치>샌드위치,조리빵,샌드위치,샌드위치,당일픽업,8,6,-2.0,1,1,4,0,2,0,2025-04-01,2025-04-10,3000.0,-3,-2,-2,100.0,0.0,-300.0,-0.3333
106763,그린)케이준치킨마요덮밥,미반>도시락>도시락,미반,도시락,도시락,당일픽업,5,5,-3.0,1,0,4,0,0,0,2025-04-01,2025-04-20,4200.0,-4,0,-3,0.0,0.0,-400.0,-0.6
202434,코카)코카콜라제로355ml,음료>탄산음료>제로탄산,음료,탄산음료,제로탄산,당일픽업,14,13,-3.0,4,0,9,1,0,0,2025-04-01,2025-04-21,2100.0,-9,1,-3,0.0,25.0,-225.0,-0.2308
123601,롯데)렌틸콩유부초밥&에그샐러드,미반>초밥류>유부초밥,미반,초밥류,유부초밥,당일픽업,11,10,-3.0,4,0,6,0,1,0,2025-04-02,2025-04-20,3900.0,-6,-1,-3,0.0,0.0,-150.0,-0.3
123504,닭가슴살스테이크도시락,미반>도시락>기타,미반,도시락,기타,사전예약,32,27,-4.0,10,2,12,0,8,0,2025-04-02,2025-04-29,6500.0,-10,-8,-4,20.0,0.0,-100.0,-0.1481
123655,닭가슴살잡곡샌드,조리빵>샌드위치>기타 ,조리빵,샌드위치,기타 ,사전예약,17,15,-7.0,3,1,10,0,3,0,2025-04-01,2025-04-24,3000.0,-9,-3,-7,33.3333,0.0,-300.0,-0.4667
123502,롯데)홀그레인머스타드닭가슴살김밥,미반>김밥>말이김밥,미반,김밥,말이김밥,당일픽업,17,16,-7.0,3,1,13,0,0,0,2025-04-01,2025-04-20,3500.0,-12,0,-7,33.3333,0.0,-400.0,-0.4375
123503,롯데)더커진닭가슴살잡곡밥삼각,미반>삼각김밥>기타주먹밥(더커진삼각),미반,삼각김밥,기타주먹밥(더커진삼각),당일픽업,20,18,-9.0,4,0,13,1,2,0,2025-04-01,2025-04-24,1800.0,-13,-1,-9,0.0,25.0,-325.0,-0.5
123619,홀그레인머스타드닭가슴살김밥,미반>김밥>말이김밥,미반,김밥,말이김밥,사전예약,23,21,-11.0,4,1,14,0,4,0,2025-04-01,2025-04-16,3500.0,-13,-4,-11,25.0,0.0,-325.0,-0.5238
123306,안유성명장김밥명란타마고,미반>김밥>말이김밥,미반,김밥,말이김밥,사전예약,21,20,-21.0,0,0,21,0,0,0,2025-04-01,2025-04-18,3500.0,-21,0,-21,0.0,0.0,-2100.0,-1.05
123618,렌틸콩유부초밥&에그샐러드,미반>초밥류>유부초밥,미반,초밥류,유부초밥,사전예약,66,59,-26.0,12,4,46,0,4,0,2025-04-01,2025-04-24,3900.0,-42,-4,-26,33.3333,0.0,-350.0,-0.4407
