keyword,title,description,content,link,bloggername,postdate,crawled_at
세븐일레븐 립서비스위스키,2026년 4월 이야기,"가끔 외식도 하고^^,, 고냥이도 만나고,,, 중국 고향 다녀오신 직원 아저씨가 위스키 선물해 주셨다^^ 나... 아님.) 서비스로 나온 만두가 그렇게 맛있었다요? 양꼬치먹고 디저트로 세븐일레븐 가서 과일 스무디 사... ","​
​
​
​
​
사과가 되지 말고 도마도가 되자.
​
​
​
​
​
3월 29일 창억떡 첫 경험,,, ☺️
호박인절미 처음 먹어봤는데
젼말루 내서타일이쟈냐,,,
슴슴하고 많이 안 달고 고소하고,,
엄청 사가지고 와서 진짜 그날 친구들, 가족들
다 나눠주고 왔잖아,,,
이르케 맛난 걸 나만 먹을 수 없잖아,,,
​
​
​
​
​
이웃 주민 권곤듀님한테
창억떡 나눔 하고 돌아온 것,,,
이웃 주민 체고다,,,🤍
​
​
​
​
​
우리는 진짜 집에서 잘 해먹는다.
주말에 감자씨가 오면
주방에서 음식 냄새가 끊이질 않아...
나 너무 행복하잖아...
​
​
​
​
​
가끔 외식도 하고^^,,
청화집
충청남도 천안시 동남구 병천면 충절로 1749
​
​
​
​
​
고냥이도 만나고,,,
​
​
​
​
​
중국 고향 다녀오신 직원 아저씨가
위스키 선물해 주셨다^^
나 위스키 좋아하는 거 어떻게 아셨지^^,,
​
​
​
​
​
다들 청년월세지원 신청하셨나요..?
이거 서류 너무 어려워요,,,
서류 보완만 두 번 했음,,
​
​
​
​
​
벚꽃이 피었다는 건...🌸
중간고사가 머지않았다는 것...🌸
만두공쥬랑 같이 학교에서 벚꽃 구경도 했다🌸
​
​
​
​
​
잠깐 본가 갈 일이 있었는데
칫솔이 없어서 칫솔 사러 편의점 갔다가
시즌 한정 빼빼로를 만난 것 아니겠슨?
바로 샀지모에오,,^^
넘넘 맛도리다이말이에오💙
​
​
​
​
​
감자씨랑 일정이 안 맞아서
벚꽃 구경 같이 못할 줄 알았는데
감자씨가 시간을 만들어왔다🌸
감자씨가 왜 이리 무리해,,,
같이 시험공부도 했다,,
+꽃가루 알레르기로 인한 수상한 용모
저녁으로 맘터 후덕죽메뉴도 먹었는데
최근 먹었던 햄버거 콜라보 메뉴 중에서
진짜 제일 맛있었던 것 같다🍔
역시 후사부님👍
​
​
​
​
​
엄마가 파김치를 담갔다🥬
짜파게티가 빠질 수 없다.
​
​
​
​
​
저!! 먹었어요!!!
천안 학화버터쫀득호도과자 먹었어요!!!
쌰!!갈!!
개존맛탱이에요!!!
감자씨가 오픈런 해서 사 왔다.
진짜 다른 곳에서 버터떡 먹었던 것보다
이게 훠어어어얼씬 더 맛있었다.
아직도 오픈런 하는 사람 많은 거 같던데,,,
언제 또 먹을 수 있을까...?
평일에 오전 반차 내고 사러 가야겠다,,,
​
​
​
​
​
감자씨랑 공부하러 스벅갔는데
젠장 또 대상혁이야,,,
​
​
​
​
​
진짜 집에서 잘해먹는 우리임...
후덕죽 라초짜파게티도 해먹고,
스키야키도 해먹고,
장 보는 김에 마트에서 회도 사서
같이 곁들여 먹고~
격주 주말마다 만나는데
만날 때마다 진심으로 요리함.
​
​
​
​
​
요즘 날씨가 너무 좋아서,
지금 아니면 밖에서 햇빛 받으면서
공부할 기회가 없을 것 같았다.
바람도 적당히 불고 햇살도 딱 기분 좋은 정도라,
괜히 실내에만 있기 아까운 느낌.
그래서 감자씨랑 같이 굳이 멀지만
야외 자리가 예쁜 카페로 왔다.
연애는 역시 '굳이'스러운 것들을
같이 하는 것이다.
목적지 나인
경기도 안성시 양성면 이화1길 33-4 카페 목적지9
​
​
​
​
​
저녁엔 이북식 찜닭, 토마토탕,
배홍동막국수를 먹었다.
근데 토마토탕 진짜 미쳤다.
ㄹㅇ요망한 맛임.
그릇에 저당마라소스 뿌려놓고
토마토탕 덜어서 섞어먹었는데
진짜 하이디라오 왜가냐;;
진심 30배 싸게 먹을 수 있는데;;
​
​
​
​
​
회사에서 점심시간에
너어어무 일하기 싫어서
궁평항 가서 튀김 몇 개 사들고
농땡이 좀 피웠다.
이런 것도 좀 해줘야
회사 생활하는 거 아니겠냐구~
​
​
​
​
​
중간고사미쳐버린대학생.jpg
조댕비가 원했던 것🏃‍♀️ vs 내가 이해한 것💨
​
​
​
​
​
중간고사는 왜 이렇게
날씨가 좋을 때 볼까?
요즘 날씨 완전 럽온탑임,,,
​
​
​
​
​
공부하기 실ㅌr,,,,📚
​
​
​
​
​
중간고사는 왜 코첼라 시즌에 볼까?
일단 아침을 먹고 카페를 가고,
일단 코첼라를 틀어놓고,
공부를 해,,,
아니 근데 이번 코첼라 라인업이
너무 내 취향이라 안 볼 수가 없었음..
뜨또, 사브리나, 기브온 등등,,,
애니마 무대에 리사까지,,,
눈, 귀가 호강하는 라인업,,,
​
​
​
​
​
안히 그리고 카페에서 공부하고 나왔는데
왜 겹벚꽃이 벌써 피어있을까요?
중간고사 끝나고 보러 가려고 했는데
벌써 피어있어서 몹시 당황,,,
​
​
​
​
​
그렇게 시험공부하다가 지쳐서
그냥 양꼬치 먹으러 갔는데요,,
(막 공부를 열심히 한 건 아님.)
서비스로 나온 만두가 그렇게 맛있었다요?
미유동북
충청남도 천안시 서북구 오성로 61 이지빌딩
​
​
​
​
​
양꼬치먹고 디저트로
세븐일레븐 가서 과일 스무디 사 먹었다.
그리고 감자씨가 일주일 치
파스타 밀프렙을 해주고 갔다 ㅠ
​
​
​
​
​
그래도 중간고사 끝났잖아~
한잔해~🍻
​
​
​
​
​
회사 점심 사 오는 길이 이렇게 예쁠 일인가,,,
​
​
​
​
​
안성재 명란오이무침 이거 힛뚜다🥒
​
​
​
​
​
아 요즘엔 화순 옥수수기정떡이
Hype✨ 된다고 하더라고요?
트민쑥 참을 수 없어.
바로 시켜서 먹어봤는데
여러분 진짜 너무 맛있어요.
옥수수의 꼬소한 맛이랑
기정떡 특유의 술빵 같은 느낌이
딱 적절하게 섞여있어서
안 질리고 계속 먹을 수 있는 맛🌽
우체국 쇼핑몰에서 택배 배송하니까요
당장 사드세요.
​
​
​
​
​
다정한 감자씨.
4월 마지막 주말에도 오셔서
식사를 열심히 챙겨주심.
금요일엔 김풍 파스타랑 팽버튀김,
또북식 찜닭 해먹음.
디저트로 수박도 사 와서 먹었다.
​
​
​
​
​
시험 끝난 기념 서산 당일치기도 다녀왔다.
쭈꾸미 막차도 탑승했다🐙
쭈꾸미 알이 다 꽉 차있어서
진짜 먹는 내내 감탄하면서 먹었다.
맛있게먹는날 본점
충청남도 서산시 시장2로 13 맛있게먹는날 1호점
​
​
​
​
​
꽃이 다 져버릴까 걱정했던 겹벚꽃은
다행히도 우리가 갔을 때 제철이었다🌸
문수사
충청남도 서산시 운산면 문수골길 201 문수사
​
​
​
​
​
바로 집에 가서 쉴까 하다가
목화반점에서 저녁 먹기로 했다.
오후 2시 반쯤? 도착해서
두 시간 동안 차에서 웨이팅 했다.
그렇게 기다려서 먹은 탕수육은
맛있는 옛날 탕수육 맛이었다.
그리고 진짜 복병은 간짜장이었다.
나 진짜 짜장면 달고 느끼해서 잘 못 먹는데
여기는 양파도 아작아작 식감 살아있고
많이 안 달고 짭짤한 간짜장이었다.
너무 맛있어서 한 그릇 다 비움.
아 그리고 탕수육은 소스 꼭 따로 달라고 해야
남았을 때 포장하기 편하다.
그리고 간짜장 소스도 양이 많아서 무조건 남는다.
이거 꼭 챙겨와야만 한다.
목화반점
충청남도 아산시 온주길 28-8
​
​
​
​
​
일요일 아침부터 창억떡을 또 픽업해왔다.
한 달 만에 그 맛이 또 그리워서
또 픽업 예약을 했다.
2kg 혼자 다 먹을 거다.
창억떡집 대전점
대전광역시 유성구 유성대로 775
​
​
​
​
​
전날 포장해온 탕수육과 간짜장 소스는
우리가 일용할 양식이 되었다.
남은 간짜장 소스로
짜장밥을 해먹었는데 너무 맛있었다.
진심으로 개맛도리다.
​
​
​
​
​
저녁엔 간장게장을 택배로 시킨 게 와서
먹어봤는데 식당에서 먹는 게 안 부러웠다.
진짜 식당 갈 필요가 없다!
#내돈내산
임. 진심으로...
여수엄마 간장게장 양념게장 알배기 간장꽃게장 : 여수엄마게장
[여수엄마게장] 여수엄마와 꼼꼼한 딸의 수제게장 🧡
brand.naver.com
​
​
​
​
​
다들 사라져 가는 봄을 잘 즐기고 계신가요?
저는 이번 봄을 눈으로
마음껏 담아낸 것 같습니다.
따뜻한 햇살과 흩날리는 꽃들,
짧아서 더 소중한 계절의 순간들까지요.
이렇게 금세 지나가버리는
봄이 아쉽기만 합니다.
정말 봄이 다 가기 전에,
꼭 한 번 더 만끽해 보셨으면 좋겠습니다 🌸
​",https://blog.naver.com/ssookk513/224266530572,안녕하세요. 수경입니다.,20260427,2026-04-27 15:28:46
세븐일레븐 립서비스위스키,집들이음식 추천 홈파티 하이볼만드는법 진토닉 바비스 드라이... ,"가능 서비스로 같은 브로치와 오프너 바비스진은 네덜란드 전통 진에 인도네시안의 향신료를 더해... (스마트오더), 세븐일레븐(스마트오더) 춘천세계주류마켓 등에서 판매중 일본과 한국의 몇몇 프리미엄... ","​
​
바비스 드라이 진
드라이진 & 토닉워터
​
​
[인기세트] 피버트리 프리미엄 진저비어 6병+ 프리미엄 토닉워터 6병 : 피버트리 프리미엄 믹서
[피버트리 프리미엄 믹서] 12연속 세계판매 1위 프리미엄 믹서 브랜드 [피버트리]
sbz.kr
​
​
집들이나 홈파티 할 때 기분내기 좋은
드라이진 & 토닉워터 세트 구성
​
​
​
​
레몬, 라임, 홀그레인 후추, 시나몬 스틱, 허브 잎, 오렌지 등
가능한 재료는 어떤 것이든 가능
​
​
​
​
서비스로 같은 브로치와 오프너
​
​
​
​
바비스진은 네덜란드 전통 진에 인도네시안의 향신료를 더해
기존 진들과 다르게 동양적인 향신료의 향이 나는 특징이
있어  더욱 상쾌하고 맛있게 먹을 수 있다
국내에 바비스 드라이진, 바비스 쥬네버, 바비스 피날라씨 진  이렇게 세 가지가 입점 되어 있으며
그 중 가장 인기가 많은
바비스 드라이 진
​
​
​
​
Bobby's Gin
Bobby’s Gin은 네덜란드 전통 진과
인도네시아 향신료 문화를 결합해 탄생한 프리미엄 진 브랜드
브랜드의 이름은 창립자의 할아버지 애칭 ‘Bobby’에서 유래했으며 그의 인도네시아 경험에서 영감을 받아 만들어졌다
​
​
​
​
데일리샷(스마트오더), 이마트24(스마트오더)
와인25(스마트오더), 세븐일레븐(스마트오더)
춘천세계주류마켓 등에서 판매중
​
​
​
​
일본과 한국의 몇몇 프리미엄 바에서는 바비스 진토닉에
일본의 깻잎이라고 불리우는 시소 잎을 한 장 넣어
시소진토닉으로 드시는 경우가 많고
바비스진의 이국적인 맛과 잘 어울리는 가니쉬
​
​
​
​
MIX WITH THE BEST, FEVER-TREE
피버트리 프리미엄 토닉워터는
콩고민주공화국 키나나무에서
추출한 천연 퀴닌을 사용한 토닉워터
토닉워터는 과거 말라리아 치료에 쓰이던 퀴닌을 보다
쉽게 섭취하기 위해 탄산수에 섞어 마시면서 시작된 음료
​
​
​
​
네이버 스마트스토어, 쿠팡, 마켓컬리, 롯데마트
보틀벙커 등에서 구매 가능
​
​
​
​
피버트리는 전통적인 방식에 기반해
대부분 국내 제품과 달리 천연 퀴닌을 사용한
프리미엄 토닉워터로 균형 잡힌 맛을 제공
​
​
​
​
피버트리 프리미엄 믹서는 세계적으로
가장 권위 있는 리서치 기관인
Drinks International
이 선정한
2015년 부터 2026년까지 12년 연속 글로벌 판매 1위
프리미엄 스파클링 믹서 브랜드
​
​
​
​
피버트리는 방부제, 색소, 대체당을 일절 사용하지 않으며
전 세계 농장들과 직접 계약해 공급받는
100% 천연 원재료
만을 사용
이러한 원칙을 바탕으로 원재료 고유의 풍부한 풍미와
섬세하고 균형 잡힌 탄산감을 구현했으며
모든 주류와 음료가 가장 아름다운 조화를 이루도록 설계
​
​
​
​
피버트리는 알코올이 전혀 들어있지 않은
프리미엄 탄산음료로
단독으로 즐겨도 훌륭한 맛과 품질을 자랑 @
​
​
​
​
피버트리의 핵심 메시지
당신의 잔의 3/4이 믹서라면, 최고의 믹서를 사용하세요
이 문장처럼 한 잔을 즐기더라도 더 건강하고
더 프리미엄하게 경험할 수 있다
​
​
​
​
네덜란드의 전통 증류 도시 Schiedam에서 생산되며
주니퍼 중심의 전통적인 진에 팔각, 레몬그라스
정향, 큐베브, 페퍼 등  인도네시아 향신료를 더해
일반적인 런던 드라이 진과는 다른
스파이시하고 이국적인 아로마가 특징
​
​
​
​
유럽의 증류 기술과 동남아 향신료 유산이
결합된 독창적인 스타일로
클래식 진과 차별화된 풍미를 보여주는 브랜드
​
​
​
​
Bobby's Dry Gin 바비스 드라이 진
보태니컬을 각각 개별 증류하여 선명하고
균형 잡힌 향을 만들어내며
클래식 진토닉에서도 향의 레이어가 뚜렷하게 느껴진다
​
​
​
​
홈텐딩족들이 선택한 넘버원
​
​
​
​
바비스 드라이진과 피버트리 토닉워터는 해외에서도 많이
사용하는 조합으로 완벽한 진토닉을 만들기에 최고의 조합
​
​
​
​
다같이 모여서 먹기 좋은 위스키
​
​
​
​
집에서 간단하게 피자랑 먹어도 찰떡
​
​
​
​
느끼한 피자랑 찰떡조합
​
​
​
​
얼음없이 그냥 제조해서 먹어도 맛있다
뭐랄까, 상큼하면서도 부드럽고 시원한 허브 느낌
​
​
​
​
생각보다 느끼한 음식이랑 굉장히 잘 어울린다
쓴맛과 단맛이 섞여서 부드러워지고 맛있어
숱 보다는 향 좋은 탄산 음료 느낌 (!)
​
​
​
​
피자랑 합격 !!!!!!
​
​
단독으로 먹으면 바비스 드라이 진은 상큼하면서도
쌉싸름하고 허브느낌인데 토닉워터랑 같이 배합해서 먹으면
레몬 같은 상큼한 향에 약간 상큼한 허브 ?
쌉싸름하지 않고 달콤한 맛이 더 강하고 맛있다
끝맛도 너무 좋고 진짜 달달해서 음료처럼 먹게 되는 ㅋㅋㅋ
진짜 향 좋은 탄산 음료는 먹는 느낌이다
허브+레몬 껍질 넣은 토닉이라고 해야되나 상큼하고 맛있다
진이랑 토닉워터가 꿀조합 !!!
​
#진토닉
#하이볼만드는법
#홈파티
#홈파티음식
#위스키종류
#토닉워터
#양주추천
#홈바
#위스키추천
#드라이진
#하이볼레시피
#집들이음식추천
#바비스드라이진
#진토닉추천
#하이볼만드는법추천
#홈파티추천
#홈파티음식추천
#위스키종류추천
#토닉워터추천
#양주
#홈바추천
#위스키
#드라이진추천
#하이볼레시피추천
#바비스드라이진
#피버트리프리미엄토닉워터
​",https://blog.naver.com/su00092/224265760556,권집사의 하루이틀,20260426,2026-04-27 15:28:48
세븐일레븐 립서비스위스키,나 오캬언니들이 왜 그렇게 샹하이로 가고싶어했는지 이제... ,그리고 전반적으로 하이디라오식 서비스에 디팡 디제이오빠들 섞어놓은 느낌이라 걍 .. 웃겻음 ㅋㅋㅋㅋㅋㅋㅋㅋㅋㅋㅋㅋㅋㅋㅋㅋㅋㅋㅋㅋㅋㅋㅋㅋㅋㅋㅋㅋㅋㅋㅋㅋㅋㅋㅋ (참고로 묘미는 딩초시절에 디팡... ,"​
안냐세요
너무 오랜만이죠 ㅎㅎ
​
​
제가 드디어 노래를 부르고 부르던 상하이에 다녀왔습니다 !!!!!! 🥢🥡👲🏻🇨🇳🥟🥮
​
정말 좋은 곳이더군요 ... 저 정말 오렌지캬라멜 언니들이 왜 그렇게 상하이로 가고싶어서 울먹울먹였는지 이해했습니다 ..  나. 알아들엇긔.
​
​
​
​
아무도 모르셨겠지만 ... 제가 나름 여행유튜버(?)라서 해외여행은 꼭 브이로그로 찍으려고 하는데 ..
상하이 가서도 영상 다 찍어왔는데 .. 정말로 편집할 시간이 없어서 .. 언젠가는 올리겠지 하고 블로그에도 안 썼다가 그렇게 아무 기록도 없이 지나간 여행이 두세 개라서 ..
블로그로나마 먼저 깔짝여두려고요 하하
(근데 브이로그 진짜 언제 올릴 수 있을지 감도 안 와서 일단 모든 걸 다 적어 넣었습니다)
언젠가 브이로그로 올려도 처음 본 척해 주시길 바라며 ..
상하이 4박 5일 블로기 시작 ~ ..
​
🔪  🙏🏻  🔨  🚬
블로그에 올라온 사진은
절대 저장 금지입니다
‼️
🚫  ❌  💢
​
​
​
🥢 討厭 - ECHORA & Karencici
저는 3월에 다녀왔고, 1월에 상하이 가자 !!!!! 계획하자마자
바로 비행기를 끊어서 대한항공 기준 왕복 33, 호텔 4박 5일 기준 인당 22, 디즈니랜드 입장권 11 해서 경비로만은 70안팎으로 다녀왓습니다
​
​
​
Just for your 인포메이숀 .. ☝🏻
​
~ Day 1 ~
​
​
딱 요맘때쯤 회사에 일이 정말 ㅈ나게 많아가지고 맨날 야근하고 아침에 지구 멸망만을 기원하며 힘겹게 몸을 일으켰던 것 같은데 ... 출근을 위하지 않은 아침은 정말로 ... truly ...
​
​
​
​
상쾌하더군요
​
​
​
​
2터미널 리뉴얼하고 첨 왔는데 좋음
​
​
​
​
메이크업 맛집 = 인천공항 화장실
​
저는 해외여행 갈 때 항상 공버에서 개 맛있는 잠을 자고 공항 화장실와서 화장한 다음 캐리어에 다시 넣어 짐을 부치는 게 루틴이랍니다
​
​
​
​
이때가 전쟁으로 환율이
니인생에다시없을커리어하이
찍던 시점이라 면세찬스가 찬스가 아니었어요 ..
그치만 개많이샀다죠 ?
​
​
​
​
나도 트위터에서 유행하는 의자샷 찍고 싶었는데 다들 대체 어디서 그렇게 감성샷을 찍는거임
​
​
​
​
왜 나에게는 이런 보정으로도 살릴 수 없는 개푸르딩딩이라는 똥이 ... ㅜㅜ
​
​
​
​
이제는 서로 가져오자고 맞추지 않아도 각자의 목숨을 위해 비타민을 쟁여오는 예쁜나이 아흔육십살
​
​
​
​
가자 상하이로 !!!!!!!
​
​
​
​
비행기 뜨고도 바쁘게 핸드폰 보시길래 뭐하나 햇더니
ㅈㄴ 저 난리 ;;
​
​
​
​
그치만 ....
그것이 우리가 친구인 이유랄까
​
​
​
​
제 출근시간보다 짧은(ㅅㅂ) 비행시간 동안 기내식도 나와서
허겁지겁 푸파하다보니
​
​
​
​
​
중국에 ..도착을 .. 했습니다 !!!!!!!!!
@@잇님들: 인증 사진이 뭔 이따구?
​
​
​
​
​
사유:
ㄹㅇ 제 다리길이만 한 캐리어 들고 갔는데
택시 부른 장소를 대체 어케 가는지를 몰라서 결국 캐리어 들고 계단 1000개(같은 한 30개정도 ㅎㅎ)타고 올라가느라 제 목숨 하나 부지하기도 바빴네요 ...
​
​
​
​
다행히 산 채로 호텔 이동하다 ... :)
​
중국이 택시가 진짜 싸다는 말은 들었는데 정말 싸서 여행내내 택시만타고 다녔던 것 같아요
아마 일 년 동안 탈 택시 횟수 상하이에서 다 채우고 온 듯
​
​
​
​
📍
The Eton Hotel Shanghai (裕景大饭店)
​
호텔은 걍 트위터에 많이 올라온 곳으로 골랐습니다
​
흠 .. 근데 저는 좀 불편했어요 ... 계속 놀러 다니는 장소랑은 동떨어져있는 외딴섬이기도 하고,
뷰가 좋다고들 하지만 걍 상하이 도시 자체가 10시면 거의 소등이라 막상 놀고 들어오면 볼 것도 없음 ㄱ-
​
그치만!!!! 그래서 제가 여길 추천하는지 안 하는지는
저 밑에서 .. 최종 알려드림 (그때까지 맘 졸이고 계세요)
​
​
​
​
호텔 내부여요
저 섹시화장실은 .. 안에서 블라인드 내리면 되긴 한데, 틈새가 많아서 보려면 다 보임
​
​
​
​
선진국 맵다 매워 ✋🏻🥵🔞❤️‍🔥♨️♨️
​
​
​
​
but. 섹시화장실답게 사진은 죽여주게 나와서
둘 다 나갈 생각도 못 하고 이천 장 찍다가 지쳣다네요
​
​
​
​
오색저고리(묘미)와 까마귀(이짠)
​
​
​
​
정신 차리고 호텔에서 탈출해 줍니다
​
​
​
​
📍
Super Brand Mall (正大广场)
​
첫 일정은 동방명주 구경 ~ ..
​
야경이 유명하긴 한데 낮에 크기 체감해 보는 것도 좋다길래
쇼핑도 할 겸 정대광장에 왔어요
​
​
​
​
ㄹㅇ 압도됨
​
​
​
​
사실 상하이는 음료수 들이키러 온 거죠
​
​
​
​
한국에서 제 첫 헤이티가 구아바 어쩌구였는데 진짜 맛있었거든요?
근데 이게 시즌 메뉴라 그 뒤로는 다른 어떤 걸 먹어도 구아바만큼 만족하지 못하다가 이번에 상하이에서 주문하려는데, 상시 메뉴인건지 시즌인건지는 몰라도 그 메뉴가 있길래 방방 뛰면서 주문함 ㅜㅜ
가격은 한국의 절반? 정도였던 것 같아요
싸다고 느껴지지도 않고 그냥
​
​
​
​
그래 .. 이게 음료 가격이지 ... 상하이는 세상이 옳게 돌아가는구나 ... 대한민국에 누가 자꾸 싸가지 없이 음료에 밥값 매기는 거니?
다시생각해도울분터지네
​
​
​
​
이짠양이 세포라 간다길래 따라갔다가 저도 틴트 겟했습니다
​
​
​
​
제가 산 호수는 토끼혀립으로 유명한 색 중 하나였는데, 이게 플럼핑 효과가 있어서 매운 것까진 아니고 뭔가 시원하더라구요? ㄹㅇ 중독되는 느낌이라 맨날 바르고 있음 ... 실제로 색도 예쁩니다
​
​
​
뒤에서 나오겠지만 저희가 중국에서 화장 한번 받은 뒤로 메이크업 용기가 붐업돼가지고 ;; (좀 과감해졌다는 뜻)
여행 내내 저희 최대 관심사는 중국산 화장품 사냥이엇어요
꽤나 많이 삼 ㅎㅎ 이따 소개해드림 !!
​
​
​
​
또 이동
또 택시
밥 먹으러 가자
​
​
​
​
와이탄으로 넘어왔더니 갑자기 유럽 느낌이 ..
​
​
​
​
📍
해가대원 (蟹家大院)
​
제가 매 여행마다 음식만큼은 예민하게 구는 거 아시죠?
음식을 가리느라 예민한 게 아니고 맛있는 거 못 먹고 갈까 봐 개예민떪
무튼 그래서 이번 여행에서도 매우 신중했는데요 ..
첫 끼니 .. 뭔가 중국에서만 먹을 수 있는 걸로 골라봤습니다
​
​
​
​
털게국수 앤나 털게비빔밥 ~~
​
이짠양이 할명수 보고 가보고 싶다고 해서 간 곳인데
일단 털게라는 재료가 특이하기도 했고, 한국에서는 못 먹어보는 맛이라 저는 완전 만족 !!  녹진 ~ 한 게장 맛이 굉장히 맛있었습니다 .. 먹으면서 둘이 계속 부모님 모셔오고 싶다함 🥹
​
여기 메뉴가 밥이랑 면. 딱 2개밖에 없는데, 찾아보니까 두 명이서 가도 밥이랑 면 둘 다 시켜드시더라구요? 저희도 그렇게 시켜 먹었는데 생각보다 양은 많았어요 ; 그래도 둘이 각자의 맛 특징이 있어서 뭐 하나만 시켜먹으라고는 못 하겠음
​
아 근데 게가 많이 들어가서 가격이 꽤 있으니 참고하세요 ..
진짜 ㅈㄴ 비쌈
​
​
​
​
관광객이 많이 와서인지 나갈 때 기념품 주심
씨에씨에 😄
​
​
​
​
밥 먹고 앞에 바로 와이탄이 있어서 돌아다니는데
어째 밤이 되니까 더 유럽 같죠?
걷는 내내 계속 여기가 중궈야 유럽이야 혼란스러웠음
​
사실 도착한 뒤로 중국이라는 걸 실감할 게 없어서 그냥 둘이 한국 어디선가 노는 것 같은 기분이었는데, 이때 처음으로 해외에 놀러 온 게 와닿아서 정말 신났어요 ...
찍은 영상 돌려보면 나 정말 방방 뛰고 있음 ;;
​
그냥 왼쪽은 고즈넉~한 유럽풍이다가도
고개만 살짝 돌리면
​
​
​
휘황찬란번쩍번쩍오바쌈바쥐랄난리가 남
이게 정말 땅덩어리가 큰 대륙의 여유랄까
​
​
​
​
풍경이 예뻐가지고 서로 찍어주려고 1초만 멈춰도
사진 업자들 허겁지겁 달려옴 ㅅㅂ
​
저희는 미감이슈로 스냅 찍을 생각을 안 했던 사람들이라 걍 대꾸도 안 했더니, 우리끼리 서로 찍고 있으면 옆에서 연사를
촤라르를르르르르르를르르륽륵ㄱ
갈김
​
​
​
​
하. 도망가자 .....
​
​
​
​
📍
Sisyphus Camera (西西弗斯相机商店)
​
상하이에 유명한 디카샵이 있다길래 이짠양이랑 디카 사서 여행내내 좋느샷 건질 생각하고 뛰쳐갔는데
한국이랑 가격 똑같아서 걍 실물 영접하러 간 사람 됨
​
​
​
​
그래두 찍어볼 수 있어서 아예 소득이 없는건 아니었요 ... 기종이 진짜 많았긔 .. 아이돌들이 쓰는 유명 라인은 거의 다 있어서 유의미한 시간이었습니더
I'm fine ...
​
​
​
저는 캐논 익서스만 노리고 간 거라 거기 있는 시리즈를 거의 다 찍어봤는데 이 870 IS가 젤 맘에 들었어요 !!
조만간 위시병 치료 드갈게
​
​
​
​
✌🏻
​
​
​
​
와이탄에서 택시타고 꽤나 온 건데 너무 허무하게 끝나서
일단 좀 걷기로 함
​
​
​
​
확실히 밤이 되니 중국에 왔다는 게 더 실감나네요
화려한 네온이 날 막.. 막 막막 감싸 안음
​
​
​
​
하 .. 더 꽉 밀착해서 안아줘
​
​
​
​
난징동루쪽으로 다시 걸어왔더니 팝마트가 크게 있길래 구경 갔는데 라부부 말고도 캐릭터가 많던데요? 난 몰 랏 어.
근데 진짜 팝마트는 내 스타일이 확실히 아닌 듯
​
저희는 그냥 트윙클? 그 쌍둥이 팝시클이나 먹고 싶엇는데 여기서 파는 게 아니라서 걍 입맛이나 다시면서 나왔습니다 ..
​
​
​
​
중국에도 일본 애니가 굿즈가 참 많더라구요
저는 인형파가 아니라서 이번 여행에선 하나도 안 샀는데, 인형파이신 분들은 중국 오면 ㄹㅇ 눈 뒤집히실 듯
​
​
​
​
중국이랑 엠앤엠즈 둘이 대체 무슨 사이.
왤케 엠앤엠즈 가게들이 전부 개크게 있는 거죠 ... 그저 땅덩어리가 넓어서라기엔 너무 유난스러웠음. 궁금해서 들어갔다가 ㄹㅇ 하루 종일 구경했긔 ;;
​
​
​
​
아니 이거 너무 나에게는 여러모로 의미있는 (///) 초콜릿이 될 것 같아서 사려고 눈깔 돌아있는데 ... 각인돼서 파는 건 없고
저 문구 박으려면 나보고 3만원 내고 초콜릿 먹으라는데?
​
​
​
​
너 내가 우스워?
​
​
​
​
그래놓고 살까 말까 10분동안 머리 싸매고 고민한 슬리퍼 ;;
안 샀으니까 비난 삼가줘
​
​
​
​
에스프레소 잔은 귀여워서 샀어요
원색중독자답게 이런 거 보면 환장함
​
​
​
​
근데 최근에 여기에 소주 따라 마셨어요 ...
삶이 너무 고단해서 그만 ...
​
​
​
​
나와서 돌아다니다가 토끼유과를 사야 한다길래
쫄래쫄래 따라들어가서 뭔지도 모르고 일단 삼
​
그냥 이빨 빠질 것 같은 맛
​
달아서가 아니고 딱딱해서 진짜 이빨 빠질 것 같다고
​
​
​
​
또 돌아다녀줍니다
​
중국어라서 네온사인 가득한 길이 멋있어 보이는 것 같다고 하면 너무나도 사대주의같을까요 ..
그치만 이게 한국어였다면 나 정말 팍 식었을 것 같은데
​
​
​
​
읽을 수 있는 한자가 거의 없어!
아좋아 ...
아아, 제길!
... ♡
​
​
​
​
인상적이었던 것 1나 더 ...
​
여기가 아마 미니소랜드였던 것 같은데
안에 정말 돌아다닐 수 없을 만큼 사람이 많았거든요?
저는 일본만 자주 갔던 사람인지라 이 정도 인파면 결제하는 데만 또 1시간 걸리겠거니 ~ ㅅㅂㅅㅂ 거리고 있었는데
그 끝없는 줄을 단 캐셔 4명이서 해치우고 있음 ;; QR결제라서 가능한 건지 .. 10분도 안 기다려서 결제하고 나왓던 것 같아요
너무 쾌적해 ............
​
​
​
​
저는 여행 내내 중국의 기술력이 높은 것도 높은 건데
그게 인간의 편의를 위한 방향으로 발전했다는 느낌을 계속 받아서 .. 쾌적하다 못해 좀 부러웠어요 ..
​
인구가 많아서 그런가? 끙 ;;
​
​
​
​
이미 유행 다 지났지만
실제로 보니 너무나도 그이.him.같아서 참지 못하고 구매함
​
오른쪽 여자아이는 제 언니 거예요
​
​
​
​
📍
헌지우이치엔 제일백화점 (很久以前 第一百货商)
​
털게국수 먹을 때부터 걸어놨던 웨이팅 ㄹㅇ 300분 다 채우고 들어감 ;; 이날 주말도 아니고 금요일도 아니고 걍 평일이었는데?
원격웨이팅이 가능하니 잇님들도 꼭 점심 먹으면서 웨이팅 걸어두세요 ..
​
​
​
​
입장하자마자 생맥주 시켰는데
나보고 이런개같은탄산다빠진노란물 처마시란다
이딴거 진짜 니나먹어
​
​
​
​
아까 해가대원은 분위기가 너무 고급진 탓에 포카고 뭐고
꺼낼 엄두도 못 내서 여기서 야랄 2배로 떨어줌
​
#성찬이의_진수성찬
#끼끼한끼
​
​
​
​
我要开动了！！！！！
​
​
맛 평가를 해보자면요 .. 맛있긴 한데 honestly .. 300분 웨이팅 할 정도인지는 모르겠다. 그리고 전반적으로 하이디라오식 서비스에 디팡 디제이오빠들 섞어놓은 느낌이라 걍 .. 웃겻음 ㅋㅋㅋㅋㅋㅋㅋㅋㅋㅋㅋㅋㅋㅋㅋㅋㅋㅋㅋㅋㅋㅋㅋㅋㅋㅋㅋㅋㅋㅋㅋㅋㅋㅋㅋ
(참고로 묘미는 딩초시절에 디팡 디제이오빠들을 보며 꼴값 떤다고 생각했다 ...)
​
​
​
​
밥 먹고 나왔을 때가 한 11시였거든요?
백화점 문 닫은거야 그렇다 쳐. 근데 진짜 밖에 가게들이 싹 다 닫아서 거리가 무슨 암전 된 것 같았음 ..
​
걍 택시타고 강제 보수적귀가했습니다
​
​
​
​
​
오늘의 수확
저 젤리들 .. 여행 동안 먹어보고 맛있으면 한국에 한가득 사 가려고 사본 건데 집 갈 때까지 하나도 못 먹음 ;; 내가 왜이리 나약해진 걸까요 ...
🎧Delulu - KiiiKiii
​
~ Day 2 ~
​
​
다소 부담스러운 구도로 시작하는 하루
​
​
​
​
I see no difference ~~
다소 양심없는 행보
​
​
​
​
오늘은 디즈니랜드에 가는 날이라 미니마우스st로 입어봤어요 TPO 확실히 챙기는 여자니까
​
​
​
​
그리고 도우인 메이크업까지 예약함 ㅎㅎ 꺄 ~~~
디즈니랜드 가서 사진 야랄 떨어야 하니까.
그래서 세상 화려하게 입어놓고 개초췌한 쌩얼로 출발 ^^ ;;a
​
​
​
​
카페인 보충
​
​
​
​
메이크업 샵 가는 길에 택시가 예쁘길래 ...
​
​
​
​
📍
V-ta 메이크업샵(V-Ta班柠美妆 外滩店)
​
한국에서 제일 유명한 그 메이크업 샵으로 갔고, 예약은 한 달 전쯤 했던 것 같아요. 위챗(ID: wxid_fgb548bogcri12)으로 연락하면 됨!
​
​
​
들어가서 이짠양이랑 각자 자리 안내받아 앉는데
그때 이미 화장을 다 마친 한국인 무리가 있었거든요?
근데 한 명 빼고는 망했다고 난리가 난 거임 ;;
제가 보기에도 어떤 레퍼런스를 보여줬는지는 모르겠지만 ..
그래도 저런 느낌을 요청하지는 않았을 것 같은 느낌이었음
​
​
시발 !!!!!!!!!!!!!!!!!!!!!!!!!!!
​
그때부터 좌불안석 시작.
괜히 제일 중요한 날에 메이크업 받겠다고 설쳤나?
메이크업 끝나고 바로 이동해야 해서 여기서 망하면 수정할 방법도 없는데 뭔 생각으로 화장품도 안 들고 왔지?
오만가지 생각이 나면서 ... 벌써부터 돈이 아깝고 ...
기대가 하나도 안되는 거예요 .. 하
​
​
​
​
근데 이미 시작됨. 말도 안 통해서 돌이킬 수도 없음.
​
그래서 토너팩이 얹힌 채 방치되던 그 찰나의 순간동안 짱구를 욘~~~나게 굴려 망할 가능성을 내 선에서 최대한 줄일 방법을 생각해보았습니다 ..
​
​
​
​
제가 전날까지 핀터를 뒤지면서 고른 추구미는 2개였는데요
​
​
1번. ㄹㅇ 개앙큼.한 도도 고양이 st
특: 컨투어링이 걍 빡.빡.빡 들어가고 눈화장 음영 개짙어야함
​
​
​
​
2번. 뵤잉 ... 촤르르르륵 ~ . 또잉st
(제 작명센스에 비난말아주세요)
특: 눈 화장에 힘을 덜고 베이스색조와 촉촉광이 포인트
​
​
​
​
생각을 해보니까 저 사람들도 다 눈화장이 진했고, 찾아봤을 때
망했다고 올린 사람들은 주로 언더음영이랑 코쉐이딩이 대참사였을 때였단 말이죠?
​
그래서 저는 2번을 레퍼런스로 보여줘서 받았습니다 ..✌🏻
​
(그러나. 이짠양은 완전 1번st로 받았거든요? 근데 ㅈㄴ 걍 도우인중녀언니였음 ;; ㄹㅇ 성공함. 1번이라고 다 망하는 것도 아닌가 봐요 .. 이게 그 추구미를 잘 살릴 수 있는 쌤을 만나는 게 중요한듯 ..)
​
​
​
​
그럼에도 걱정이 끊이질 않아서 메이크업 받는 내내 유난 존나 떨었다 ........
메이크업쌤: ㅅㅂ
​
근데 화장이 얹히면 얹힐수록 .. 이거 된다.. 이거 진짜 된다.
혼자 점점 사르르 녹아버렸어요 ...
​
​
​
​
글구 중녀들 ㄹㅇ 야사시 ~ 한 게 자꾸 baby라고 부름 ㅋㅋ
이 쌤도 눈 화장할 때 baby, look👇🏻자꾸만 이래가지고 나 혼자 저렇게 부끄러워하면서 눈 내리깔앗어 .. ////
​
암튼 !!
막판에는 걍 뭐하나 얹을 때마다 마음에 들어서 거의 우와!!! 와!!!! 헐!!!!!! 이러면서 받은 것 같아요 😅
​
​
​
(화장은 보여주고 싶고 .. 얼굴은 가리고 싶은 ... 이 마음은 뭘까)
​
ㅎㅎ ... 어떤가욤 //
애굣살이 진짜 너무 마음에 들어요 !!!! 애초에 애굣살이라곤 없는 채로 태어난 사람인데 어케 이렇게 도톰~하게 만들어줬는지 모르겟음 ;; ㄹㅇ 실제로 보고 있어도 이상하지가 않았어요
저 날을 시작으로 아직도 애굣살 그리기 연마 중이랍니다 .. ^^
​
글고 레퍼런스보여준다고 그대로 해주는 것 같지는 않는 듯 .. 블러셔로 코 쉐이딩을 하는 디테일까지 해주지는 못하더라구요
걍 색깔이랑 전체적인 화장 강도만 참고되는 정도?이니 참고하셔요
​
​
​
​
메이크업 받고 나오자마자 사진 1000장 찍은 것 같은데
둘 다 이걸 그냥 넘길 수가 없다면서 포토이즘 찾아서 찍었어요
​
약간 중국 포토이즘은 색감도 중티같음(p) ..
대신 간이 부스로 되어있는 데에 서는 찍지 마시길 ..
무조건 가게로 찾아가 ... !!!!!!!
​
​
​
​
이제 다시 이동하는데 걷는 내내 서로가 서로의 파파리치가 되어 (중국에서는 셔터음이 자동으로 무음설정돼서 개좋네욘 ..) 장소마다 연사를 갈겨줬습니다
​
근데 어케 찍어도 마음에 들엇음 ..
이게 도우인메이크업인걸까 ㅜㅜ
​
​
​
​
I peach 이소희 ///
(이런거 절대 못 지나침)
​
​
​
​
📍
혹사 비스트로 더 번드 샤메이(现代新疆小酒馆 外滩沙美店)
​
본격적으로 디즈니 가기 전에 밥을 먹으러 왔습니다
​
​
​
​
무슨 화덕피자랑 까르보나라 파스타를 시켰던 것 같은데 ... (정확히 무슨 메뉴였는지 기억 안남) ㄹㅇ 맛있게 먹었어요
특히 까르보나라가 정말 계란 노른자로 만든듯한 ... 개ㅐㅐㅐ 꾸덕하고 고소한 파스타였음 ! 대신 음료는 살구음료 말고 다른 거 드셔보시길
​
​
​
​
헐
나두 피자 먹는데 !!!!!!!!!!!!! 👉🏻⚡️💕👈🏻
​
​
​
​
여기가 호텔 안에 있기도 하고 분위기 자체가 고급지고 조용해서 주변에 비즈니스 미팅도 많이 하는 것 같더라구요
​
그래도 저희는 꿋꿋하게 포토타임 갈겨줌
아앙?! 이 몸은 포토 미팅 중이다
~ ㅋ
​
​
​
​
​
​
​
사실 여기가 동방명주가 잘 보이는 곳으로 유명해서 사진 찍으려고 온 게 더 컸는데요
뒤에 먼지 쌓인 크리스마스트리를 아직도 안 치웠더라구요 ... 지금이 3월인데 ^^ ... 그래서 저걸 잘리게 구도를 잡으면 뒷건물 공사 중인 게 대문짝만하게 찍히고 ㅎㅎ
​
야 !!!!!!!! 나 안해.
밥맛 좋았으니 참는다.
​
​
​
​
비타민 카탁카탁해주고 디즈니로 떠나줍니다
​
​
​
​
📍
Shanghai Disneyland (上海迪士尼乐园)
​
저희가 가는 날이 딱 상하이 디즈니랜드 10주년 이벤트를 시작하는 날이어서 평일 낮인데도 현지인들이 진짜 많았음
​
아니 저는 대포카메라 들고 다니는 사람이 많길래
오늘 무슨 연예인이 오나 싶었는데 알고 보니 10주년 기념 옷 입고 돌아다니는 캐릭터(인형탈)들 찍으려고 오신 분들이었더라구요? 대륙은 덕질의 범위도 정말 넓구나 ...
​
​
​
​
글고 업자들도 개 많았음
10주년 기념으로 나온 캐릭터 굿즈들을 진심 무슨 자기 몸만 한 타포린백 5개에 꽉 채워서 저러고 다님 ;;;
​
그래서 그런지 입장한 사람들에 비해 놀이기구 줄은 엄청 짧아서 전부 20분도 안 기다리고 탔던 것 같아요
ㅋㅌㅋㅋㅋㅌ 난 좋아
​
​
​
​
여기 왔는데 머리띠를 안 살 수 없죠.
오기 전까지는 디즈니가 뭐 별거 있나 ~ 그냥 기분 낼 겸 간단한 머리띠 정도로 사야겠다 ~ 생각했는데 기념품샵 들어갔다가 둘 다 눈깔 돌아서 거기 있는 모자는 전부 다 써본 듯 ;;;
​
아니 디즈니 캐릭터들 왤케 많고 왤케 귀여운 거임 ????
​
​
​
​
여기서 다시 꿀팁 !!!!☝🏻☝🏻
상하이 디즈니랜드 가서 모자나 머리띠 사실 분들은 꼭 입장 전에 있는 굿즈샵(World Disney)에서 사세요 ..
​
걍 거기가 많고 있는 캐릭터들은 싹 다 모여있었던 듯?
저희도 안에 더 많겠지 싶어서 구경만하고 나왔다가, 안에있는 굿즈샵에는 디자인당 거의 하나씩 밖에 안 남아있고 캐릭터들이 여기저기 흩어져 있어서 다시 퇴장해서 저기로 갔어요
입구에서도 은근 멀어요 .. 그냥 처음에 사서 들어가 꼭 !!!!!
​
​
​
​
그렇게 30분 정도 고심한 끝에 결국엔 닉&주디 모자로 결정
상하이니까요 ^^
글고 다행히 둘의 추구미가 닉과 주디로 딱 나눠져서
그냥 커플템으로 햇어요 !!!! 👩🏻‍❤️‍💋‍👩🏻👩🏻‍❤️‍💋‍👩🏻
​
​
​
​
귀엽쥬?
​
​
​
​
다시 입장하자마자 모자 버프 받고 주토피아 존부터 뛰어감
진짜 ... 진짜 영화 그대로 구현해놨잖아 ...
(밤에 더 멋있어서 그 사진으로 밑에 보여주겟음 ...)
​
이짠양은 주토피아를 안 봐서 그냥 우와 ~ 하고 마는데 ㄹㅇ 감명 깊게 봤던 저는 거의 주토피아 처음 가는 즌1 주디상태로 구경했어요 ㅜㅜ ...
​
귀에서 try everything 들리길래 머리에서 자동재생되고 되는 줄 알고 와 감동 개심하네 ;;; 생각햇는데
다행히 실제로 스피커에서 재생되고 있었긔
​
​
​
​
오늘 도우인 메이크업 받은 거랑
모자 닉주디로 산 건 정말 최고의 선택인 듯
사진 찍을맛이 나 ...
​
​
​
​
발바닥 팝시클도 있길래 사 먹었어요
너무 귀엽지만은 ... 그 맛은 ... 쓰레기라 두입먹고 버림
​
어쩐지 사진 오백 장 찍을 동안에도 안 녹더라
​
​
​
​
슬슬 사진 찍기 지칠 때쯤 놀이기구 타러 왔습니다
​
​
​
​
주토피아는 줄이 길어도 구경하는 맛이 있다고 해서 일부러 DPA 안 샀는데, 아까 말했듯 이날 놀이기구 줄에는 사람이 없어서 걍 뚜벅뚜벅 걸어들어가느라 하낫또 구경 못함 ㅜㅜ
주토피아에 있는 모든 실내를 거의 구현한 것 같아서 신기했는데 ~ 끄응 ..
​
사진 찍으려하면 뒤에서 사람들이 햄스터군단마냥 제자리걸음을 시전하셔서 눈치 보여가지고 그냥 저도 거의 파워워킹했던 것 같아요 ... 내 힘들다 ..........
​
​
​
​
주토피아 후기는 !!! 놀이 기구보다는 어트랙션 느낌이에요
근데 한국이랑은 비교가 안되는 규모라 시시하다고 느껴지진 않앗음. 글고 중간중간 개ㅐㅐ큰 돔 형태의 스크린으로 보여줘서 그럴 때는 좀 압도돼요(ㄹㅇ 겁 먹음) ... 어느정도냐면 언제 한번 정말 빨리 달리는 장면이 있었는데 거기서 좀 멀미 났어요 ㅋㅋㅌㅋ ㅜㅜ
​
가장 결정적인 건 중국어 하는 닉과 주디 ...
진짜 미안한데 몰입 하나도 안됨 😅💦
​
​
​
​
서방님과 나
​
​
​
​
지금부터 괴담 시작
​
사실 입장했을 때부터 날씨가 심상치 않다고는 생각하고 있었는데 .. 그래서 주토피아 존에서 사진 찍을 때도 풍경 하나도 못 찍고(개구려서) 위에서 아래로 내리꽂아서 찍었는데 ...
​
주토피아 타고 나왔더니 비가 ㅈㄴ 내리고 있었음
​
​
​
​
그래서 급하게 굿즈샵에서 우비를 사 입었는데 성인용이라는데도 ㅈㄴ 타이트했고 ;;; 설상가상으로 바람도 불어서 비가 걍 ㄹㅇ 수평으로 옴 .. 그래서 얼굴은 물론 닉 모자 넣어둔 호피바꾸는 흠뻑 젖어서 쥐어짜면 물이 쪼로록 .. 하고 나왔어요
썅 !!!!!!
​
일단 음식점에라도 가 있을까 하다가
가는 족족 사람 한 바가지 있는 거 보고 어떠한 결심을 합니다
​
​
​
​
놀이기구를 강행군할 결심.
​
이겨낸다는 건 아니고 걍
비? 맞아주마. 추위? 떨어주마. 고통? 느껴주마. 상태로
일단 놀건 놀아보려구요
​
그래서! 지금부터는 야외 사진 전혀 없고
사진이 ㄹㅇ 개 띄엄띄엄 있습니다 ^^ 이해해주시길
​
​
​
​
제일 기대하던 트론을 타러 왔어요
(사실 줄 길 것 같은 걸로 타러 가서 우리가 타고 나왔을 때 비가 멈춰주길 바라는 계획이엇음을 ... )
​
트론은 줄이 별로 없어도 기다리는데 꽤 지루하다길래 입장하자마자 DPA를 샀고, DPA 줄도 한 20분은 기다렸던 것 같아요. 이런 상황에도 일반 대기는 1시간 안내하는 것으로 보아 평소라면 2시간까지도 갈 것 같으니 잇님들도 걍 DPA 사세요
​
​
​
​
들어가자마자 이런 광경이 눈앞에 펼쳐져서 진심 과몰입하게 됨 ;;; 엄청 크고 어두운 내부에 저렇게 다 야광 같은 네온으로 돼있고 영상도 전부 미래 통신 같으면서 놀이기구에서 쉬잉 .. 슝 - .. 시스템같은 소리만 나와서 ㄹㅇ 간지나요
​
어떤 상황인지는 몰라도(영화 안 봤음) 나한테 중국의 생사가 걸려있는(그런 내용 아님) 에이전트가 된 것 같아서
마음가짐부터 달라집니다 ...
​
​
​
​
실제로 탈 때 나도 모르게 이 표정으로 탄 듯
​
​
암튼 트론 후기는 !!!!!!!!
일단 기대한 것보다 훨씬 훠어어얼씬 재미있었구요 .. 이거 타면서 영상 찍으신 분들 ㄹㅇ 리스펙함. 처음에 위에서 아래로 떨어질 때가 진짜 빨랐는데 생각보다 이 오토바이 자세로 정강이랑 명치가 어딘가에 닿아있는 게 안정감 미쳐가지고 일반 롤러코스터 탈 때보다는 덜 무서웠어요 걍 재미있었음 !
​
글고 저도 처음에 무서워서 눈 감았다가 중간에 눈 떴더니 안에가 너무 멋있어서 잇님들은 반드시 트론 탈 때 눈을 뜨고 타시라는 권유인지 챌린지인지 모를 제안을 드립니다 ... 사실 우리나라는 이런 롤러코스터는 주변 풍경에 그렇게 신경 쓰는 편이 아니라 속도감을 즐기기 바쁜데 트론은 ... 와 .. 어두워서 어케했는지는 몰라도 ㄹㅇ 우주에서 타는 기분이엇긔 ;;
​
꼭 눈 뜨고 즐기세요 !!!!!!!!!!!!!!!!!!!!!!!!!
트론 무조건 타 !!!!!!!!!!!!!!!!!!!!!!!!!!!!!!!!!
개추 !!!!!!!!!!!!!!!!!!!!!!!!!!!!!!!!!!!
​
​
​
(머리 개산발 미쳣네)
​
타고 나왔는데 비가 멎기는커녕 더 심하게 와서 바로 옆에 있는 버즈라이트로 뛰어 들어갔어요
버즈는 진짜 10분도 안 기다렸던 것 같은데, 그럴만한 게 얘도 걍 어트랙션이더만요 ...
이걸 1시간 기다려서 타지 않았음에 그저 감사했습니다 ... ^^
​
DPA 사서 탈 건 진짜 아닌 듯
​
​
🎧 Gravity - IN A MINUTE
​
​
​
​
버즈라이트까지 타고 나왔는데도 비가 오길래 걍 밥이나 먹으러 갔습니다 .. 나름 디즈니 성이 보이는 위치에 자리를 잡아서 나쁘지 않았어요 호호
​
​
​
​
그이가 햄버거랑 너무 잘 어울려서 그만 ...
#끼끼한끼
​
​
​
​
실제 햄버거 권력자 모셨습니다
​
​
​
​
우비를 입었어도 얼굴이 다 젖어서 사실 큰 기대는 안 했는데
이런 미친 !!!!!!!!!! 얼굴이 그대로예요 ...
아침에 만난 도우인중녀가 아직도 계셨긔 ;;;
​
다행히 머리는 모자로 가릴 수 있어서 (머리띠 안 사길 다행) 또 한참을 셀카 삼매경에 빠지다가 햄버거가 다 식고 나서야 먹음 .. ^^ 여느 놀이공원이 그러듯 햄버거 맛은 걍 그랫어요
​
​
​
​
이날이 상하이 디즈니랜드 10주년 이벤트 시작이다 보니 일루미네이션도 10주년 에디션으로 한다고 해서 진짜 기대했거든요? 그래서 춥고 돌아다닐 수도 없지만 일단 일루미네이션까지 버텨보자 .. 해서 기다렸는데, 햄버거를 깨작이면서 아무리 시간을 보내도, 일루미네이션 40분 전까지도 비가 그칠 기미가 안 보이는 거임 ㅜㅜ ..
​
그래서 걍 다 포기하고 그냥 집에 가자 .. ㅅㅂ
상하이 디즈니랜드 첫 만남 진짜 개같네 ;; ㅅㅂㅅㅂ
하면서 광장 쪽을 지나가는데 사람들이 좀 모여있어서 지나갈 수가 없었기도 하고, 딱 저희가 지나갈 때 안내방송이 나오길래
​
​
​
​
저희도 일단 서서 디즈니 성 사진이라도 찍자 .. 하고 있는데
​
구라 안치고.
일루미네이션 시작하는 정각에.
비가 멈춤.
​
진짜 구라 아니고.
​
정각 딱 되니까 빗방울이 멎어서
일루미네이션 바로 시작함.
​
아니
이게 진짜.
​
마법의 나라라서 이런 것도 컨트롤하는거임?
​
​
​
​
아니 나 진짜 개감동받음 ...................끄앙 ㅜㅜㅜ
​
​
​
​
사실 주토피아에 나와서 트론까지 거의 뛰어가면서
다른 존 (ex. 토이스토리 허리 긴 강아띠 존 ...)은 구경도 못하는 게 은근 속상했거든요 ..
이것만 보고 가야하는게 솔직히 너무 돈 아깝고 짜증났는데
그거 싹 다 잊었어요
​
​
​
​
아니 스케일 미 ㅋㅋ쳤엌ㅋㅋㅌㅋㅋㅋㅋ
​
10주년 이벤트답게 모든 디즈니 캐릭터를 테마로 진행이 됐는데, 저는 마블을 원래도 엄청 좋아해서 그런지 어벤져스가 제일 좋았습니다 !!
​
저번 글에서도 불꽃놀이는 보고 있으면 압도되다 못해 그냥 아름다워서 눈물이 난다고 했던 것 같은데 .. 이건 불꽃놀이 비주얼 말고도 ost를 편곡한 bgm, 성에 레이저를 쏴서 보여주는 영상 그리고 의도적인지는 몰라도 자꾸 디즈니 로고처럼 성을 가로지르는 불꽃 한줄기 등등 부가적인 요소들 때문에 더 울컥했던 것 같아요
​
무엇보다 극적으로 비가 그쳐서 내가 이걸 볼 수 있다는 상황이 최종 낭만치사량최고치 찍게 만드심
​
​
​
​
상하이 디즈니랜드 첫 만남 진짜 아름답다 얘들아 ....
​
​
​
​
일루미네이션 끝나고 펜스 다시 치기 전에
이짠양이랑 뛰어가서 아까 못 찍은 디즈니성 샷 찍었어요
​
아름다워 ...
​
​
​
​
계속 서로만 찍어주다가 여기서는 한번 같이 찍고 싶어서
주변에 (일녀로 추정되는) 귀여운 소녀들께 사진 요청했는데 .. 너무 떨린다면서 바짝 긴장하신 채로 찍어주심 ㅋㅌㅋㅋㅋ
정말 고마우시다 .. ㅜㅜ
​
본인이 마음에 안 드신다면서 한장 더 찍어주셧는데 저희는 걍 개마음에 드는 사진 세장을 얻은 사람들이 됐습니다
역시 미감 좋아 보이는 소녀에게 부탁하길 잘햇긔
​
​
​
​
나가는 길에 회전목마가 있길래 거기서 또 몇십 분 동안 화보 찍어줬습니다. 마지막까지 최선을 다하는 여자들 ...
​
​
​
​
이제 집에 갑ㄴ
​
​
​
​
려고 했는데 주토피아가 눈에 아른거려서 재입장해줍니다
​
​
​
​
묘미: 아 .. 주토피아 밤에 보면 진짜 더 예쁠 텐데 ....
이짠: ... 갈까?
묘미: 갈래?
이짠: ㄱ
​
​
​
​
하 ... 이거지 ......
​
이거잖아.
내가 잇님들한테 이거 보여주고 싶어서 개같은 대낮 사진 따위 생략한 거잖아.
​
​
​
​
비 덕분에 안개도 걷혀가지고 네온사인들이 너무 쨍하고 예뻤어요 .. 나 그냥 여기서 살래 ...
​
​
​
​
그 먼 길을 다시 돌아온 게 후회되지 않을 만큼
플래시 팡팡 터뜨리고 갑니다
​
​
​
​
이제 진짜 퇴장 ㅜㅜ ~
​
저는 어렸을 때 에버랜드에서 집 갈 때마다 (특히 주차장 가는 셔틀버스에서)항상 울었던 것 같은데, 동심 가득한 세계에 내가 있다가 저기는 여전한 채 나만 현실로 돌아오는 기분을 느끼는 게 힘들었던 것 같아요. 꿈에서 깨야 하는 듯한 그 기분이 ..
​
​
​
이번에 디즈니랜드에서 퇴장할 때는 좀 더 힘들었던 게
일단 여기는 에버랜드만큼 오고 싶다 해서 쉽게 올 수 있는 곳이 아니고, 비가 오긴 했지만 그래도 가장 중요한 순간에는 멎어서 기대했던 걸 볼 수 있었고, 오늘 샵에서 메이크업을 받았으니 이렇게 비를 맞았어도 끝까지 사진을 찍을 수 있었던 거고, 비가 왔으니 밤에는 안개 없이 예쁜 사진을 건질 수 있었던 거고  ..
​
이런 식으로 행운인 일들만 있었던 하루라 저한테는 좀 더 꿈같았나 봐요 .. 뭔가 조금 더 울적했던 것 같아요
ㄹㅇ 유난임
​
암튼 결론은 정말 좋은 하루엿다 ^^ ...
​
​
​
​
숙소로 돌아가면서 서로 찍어준 거 에어드랍하는데
6시간 동안 거의 700장 뭐죠 진짜
​
​
​
​
숙소 들어와서 씻으려는데 화장 지우기 아까워서
둘이 또 포토 타임 가져줌 .. 100장 추가요
​
​
​
​
저는 다음날 입을 옷으로 갈아입기까지 했어요
내일 분명히 이 느낌이 아닐 걸 알기 때문에 ... ^^
​
​
​
​
룩 설명을 미리 하자면
그이(LSH)룩이자
엄마가모르셔서그렇지요즘은다들이렇게입어요 룩입니다
​
​
​
​
사진 야랄 다 떨고
씻기 전에 배달 시켜서 뽀송뽀송한 상태로 저녁밥 맞이해줌
​
여기는 로봇 서빙은 아닌데 로비에 배달 존이 있어서 굳이 기사마다 안 나가봐도 됐어요! 도착하는 거 보다가 다 왔을 때 한 번에 픽업 다녀왔습니다 .. 정말 좋다 ...
​
​
​
​
아마 다들 아시겠지만 배달은 메이투안으로 시켯어요!!
혹시나 몰랏을 저의 잇님들을 위해 저에게 매우 도움이
되었던 사진을 공유합니다 .. ~_~
​
​
​
​
메뉴는
도미노피자 에그마요감자피자(美国风情土豆培根披萨)
양꼬치
지리우따런(鸡柳大人)
그리고 차백도 !!
​
피자는 도미노피자 중국 한정 메뉴라길래 시켜봤는데
첫입에는 ㄹㅇ 퐁신퐁신 ~ 아 부드러워 💕💕인데 두 번째 바이트부턴 걍.물림🤢.ㅈㄴ물림.이느끼함🖕🏻어쩌지.상태라 살짝 넘어갈게요 .. (크기가 작으니 다인원이라면 맛보기로 한번 시켜보시는 것도 나쁘진 않을 듯 ...)
​
​
​
양꼬치는 할말개많음
​
사실 이날 가게들이 이렇게 다 일찍 닫는지 모르고 좀 늦게 시키는 바람에 열어있는 곳 중 걍 가까운 데서 시킨 거였거든요?
📍
淄博烧烤·相约浦东·熊猫说 (지보샤오카오·샹웨이푸동·슝마오슈오)
​
양고기+오리창?+소고기 총 35꼬치가 한 세트로 오는 건데
고기 크기가 되게 작아요. 걍 한 꼬치에 한입 크기?
근데 여기 양꼬치 시즈닝? 마라? 진짜 개.개쌉.존맛 ;;;;
이짠양의 1위 음식 되시겠다 ...
​
​
​
​
저 날 시켜 먹고 계속 생각나서 다음날 또 시켜먹음
​
세트에 같이 오는 오리창?은 이날 처음 봤는데 뭔진 몰라도 식감이 너무 좋아서 저는 양,소 꼬치보다 훨씬 맛있게 먹었어요
​
​
​
​
제 친구 잼민나이에게 물어보니 이렇다네요 ..
​
식감을 비유하자면 약간 그 꽃게 모래주머니?를 먹는 느낌이에요 .. 저는 그걸 되게 좋아해서 맛있게 먹었는데 잇님들도 한번 츄라이 해보셨으면 !!
​
​
​
​
글고
鸡留大人(지리우따런)
은
닭+떡+감자 삼합튀김을 파는 프랜차이즈인데 이게 중국에서 요즘 유행하는 간식이라고 하더라구요? 약간 매콤한 시즈닝이 뿌려져있어서 맛있음!
근데 배달이다보니 눅눅해서 아쉽긴했어요 .. 다음에 가면 픽업해서 받자마자 먹어봐야지 ..
​
​
​
​
차백도에서는 망고사고랑 다른 거 1잔 총 2잔씩 시킴 !!
​
저는 洛神梅子柠檬茶 (낙신매자영몽차)를 시켜봤는데,
이거 진짜 개ㅐㅐㅐㅐ맛잇어요 ...ㅜㅜ
로젤이라는 히비스커스 계열에 매실, 레몬이 들어간 과일차인데 엄청 새콤달콤하고 맛있어서 개추임. 제발 드셔봐 ㅠㅜ ~~
​
​
​
​
싹 다 불태우고 잡니다 ♨️♨️
💋Pretty Girl Things - Karencici
​
~ Day 3 ~
​
주의: 오늘부터 다시 selfie 많이 없음
​
사유: 전날 얼굴 상실로 둘 다 사진 찍으면 마음에 안 들어함
아침마다 평소 2배로 진하게 화장했는데도 ㄹㅇ 정병 걸림
​
​
Girls problem ..
​
​
​
​
오늘은 하늘이 어제랑 다르게 매우 맑네요 하하
​
​
​
​
역시나 택시타고 이동합니다
​
​
​
아침 먹으러 왔는데 오픈 시간보다 빨리 도착해서
바로 앞에 와이탄 다시 구경 왔어요
​
​
​
3일 만에 드디어 선구리를 용도에 맞게 쓸 수 있게 됨
​
​
​
​
동방명주 가두기 !!!
​
​
​
​
포치타는 덴지 안에서 사라졌지만
내 안의 광각의 악마는 아직 안 죽은듯 ㅋㅋ
​
​
​
​
무슨 말인지 모르는 잇님들은 정우하세요
제가 유타하겠습니다
​
​
​
​
셀카 찍는 그녀 옆에서
포토이즘 체험해 보는 훈자님
​
​
​
​
식당 오픈 시간 다 돼서 다시 걸어가면서도
풍경이 하도 좋으니까 제발 한 번만 서봐 !!!! 서로 애원하느라 오픈 시간 한참 지나서 감 .. 이쯤 되니 중국 와서 사진 별로 안 찍는 사람들이 신기하다
​
​
​
​
📍
Shanghai Grandmother (上海姥姥)
​
상하이 가정식을 파는 식당이어요
서치했을 때 한국인들 사이에서 유명한 것 같긴 했는데, 실제로 들어갔을 때 양옆, 뒤, 대가선 전부 한국인이라 조금 민망햇슨 ^^ .. 잠만.시팔한국인만모아앉힌건가?
​
​
​
​
God Damn ~ !!!!!!!!!!!
여자들 밥 먹기도 전에 배부른 사태 발생
​
두 번째 사진은 진짜 보자마자 눈알 튀어나오는 줄 알아서 급하게 눈 틀어막음 ;;
너진짜뭐하는데아좋아나없는나라에서대체뭐하는짓인데이게이런걸내가사진으로소식들어야겟니소식더전해다오
​
​
​
​
밥이나 먹자 ...
​
여기는 홍소육이라고 돼지 삼겹살을 졸인 메뉴가 인기라길래 시켜봤는데 약간 족발 같음
마파두부랑 볶음밥도 시켰는데, 저는 시킨 메뉴 통틀어서 마파두부가 진짜 맛있었어요!! 제가 한국에서는 마파두부를 그렇게 즐겨먹진않는데 여긴 조금 더 얼얼한 느낌이 있어서 싹싹 긁어먹었습니다 ^^ 잇님들 꼭 마파두부를 시켜보시길
​
​
​
​
사담이긴 한데 밥 먹을 때 저희 라인에 저희빼고는 다 커플이 앉았거든요? 근데 그중 두 커플이 밥 먹는 내내 ㅈㄴ 논리적인 척 서로를 공격하는 ... 티켝태격도아니고 걍 개ㅐㅐ 떽떽거리는 말투로 밥 먹는 내내 지랄발광을 해서 중간부터는 둘 다 밥맛 개 떨어짐 .. 아오 안 듣고 싶어도 귀에 박히는 옥타브라 무시도 안되고 하 ... 한국말 알아듣는 내 잘못이겟죠. ^^
​
다음에는 중국인인척해서 다른 자리 안내받을 거임 ㅜㅜ
​
​
​
​
밥 다 먹고 신천지 쪽으로 걸어와서 산책했어요
사실은 폴럭스 가려고 온 건데, 암만 생각해도 프토에 내가 그 돈 태울 수 없담서 줄 서다가 별안간 탈주함
​
여기도 되게 서양 느낌인데 특히나 브랜드별로 가게가 크고 각자 특성 있게 꾸며놔서 구경하는 맛이 납니다 .. 근데 사람이 꽤나 많아서 가게를 들어가 보지는 않앗어요 ^^ 걍 밖에서
우와 ~ 다음.
우와 ~~ 다음.
​
​
​
​
머리가 마음에 안 들어서 급 틀어올려줌
전에 인스타에 이 헤어밴드 쓴 거 한번 올렷는데 다들 잘 어울린다고 해줘서 기뻣어요 ^^ 실제로 요즘 제 최애템입니다
​
​
​
​
📍
13DE MARZO
​
지나가다가 이 유명한 곰돌이 커피가 있길래 못 참고 주문함.
이거 후기 볼 때마다 분명 음료는 그저 그러니 참고하라고 햇는데 저도 그 말에 동감합니다 .. 하우에버! 인형 ㅈㄴ 귀여워서 저는 잇님들께 그냥 한잔 마시라고 추천하겟어요 ...
​
​
​
​
왜냐면 인형을 가방에 달고 다니면 곰아띠가 하루 종일 나만 쳐다보고 있음 ... 따흑 ㅜㅜ ~ 세상이 너무 팍팍할 때마다 얘 데리고 나가면 20번 빡칠 거 17번만 빡칠 수 잇어 ...
​
​
​
​
​
​
📍
JUST. FOTO
​
곰돌이 커피가게 옆에 무슨 사진 부스가 있길래 궁금해서 줄 서 있엇는데 사람들이 한번 들어가면 너무 오래 걸려서 정말 승질이 났었던 ^^ ...
​
​
​
​
하지만 들어가자마자 왜인지 바로 알게 됨
이게 거의 보정 어플만큼 이목구비를 하나하나 뜯어 보정할 수가 있어서 오래걸리는거엿어 !!!!!!!
물론 저희도 오래 걸렸어요
​
​
​
​
중티나는 프레임으로 하고 싶어서 저걸로 했더니
배경이랑 살짝 미스인 느낌은 있지만 사진 색감 자체가 (위에서 말했던 중티나는 포토이즘느낌) 예뻐서 개ㅐ 마음에 들엇슨 ~
잇님들도 한번 츄라이츄라이해보세여
​
​
​
​
엔시티위시 콜라보도 하고 프레임 이벤트도 많은 것으로 보아
우리에게 포토이즘같은 존재인듯하다 ...
​
​
​
​
📍
Ah Ma Hand made (阿嬷手作)
​
사실 곰돌이 카페 가기 전에 아마수작부터 와서 아무 생각 없이 주문했는데 뭔 1시간이 걸린다는 거예요. 응?
내가 시킨 게 음료 아닌가? 응뚜엔 ..?
​
그래서 다른데 둘러보고 오자 해서 떠났다가 곰돌이 커피도 먹고 사진도 찍은 거임 ^^ ... 그렇게 돌아다니다 와도 기다리래서 줄 서있다가 겨우 받았어요
​
나 정말 힘들다 ...
​
​
​
​
사실 나 정말 즐겁다 ...
​
​
​
​
​
제가 시킨 건 杨桃与青提(양타오위칭티)라고, 스타프루트랑 청포도 등등 초록색이 잔뜩 들어간 걍 상큼한 슬러쉬였는데요, 바닥에 청포도가 깔려 있어 아삭아삭 씹히는데 아주 맛잇었음 !!! 스타프루트가 뭔지는 모르겟는데 약간 오이 느낌이 있었던 것 같아요. 약간 수분감 많고, 풋풋한 향 .. 그래서 저는 맛있게 먹었는데 오이 싫어하는 잇님들한테는 취향이 아닐지도?
​
​
​
​
자신의 메뉴에 있는 존맛 떡을 한껏 어필하는 그녀
​
​
​
​
지나가다가 3CE 구경 갔는데 신상 에디션이랑 뭔 상관인지는 몰라도 사방팔방에 개커여운 수제비반죽귀 투성이길래
눈 돌아서 판넬하고 사진 개 많이 찍음 .. 땨 ㅜㅜㅜㅜㅜ
닥스훈트 에디션은 아니엇어요 ㅜㅜ ...
​
​
​
​
또 돌아다니는데 길이 예쁘길래 막 찍다가
핀터에서 본 항공샷 찍고 싶어서 둘이 ㄹㅇ 고군분투함
​
그치만 결과물 끝내주죠
핀터걸로 다시 태어낫죠
​
​
​
​
📍
신천지 스타일 (新天地时尚)
​
무슨 옷 가게 찾으려고 들어간 쇼핑몰인데 예쁘죠
마지막 사진에 AMAM LONBAKERY TOWN이라고 쓰여있는 빵집이 찾아보니 꽤 유명한 빵집인데 그때는 몰라서 걍
우와 ~ 예쁘다 ~ 뚝. 하고 지나쳤던 기억이 ...
외부를 패션브랜드랑 꾸준히 콜라보 하나 봐요
저희가 갔을 때는 UGG였는데 전에 발렌티노랑 했을 때는 완전 핑크라 더 예뻐보였음
​
​
​
​
찾는 옷 가게는 없었지만 그래도 안에 뭐가 많아서
중티다스 구경하고 몬치치 히퍼도 샀어요
​
​
​
​
뚜벅뚜벅 .. 에그타르트 먹으러 가는 여정 ..
​
​
​
​
📍
릴리안 베이커리 (莉莲蛋挞)
​
다들 중국 오면 릴리안 에그타르트 먹어봐야 한다길래 나만 안 먹어볼 순 없지. 하고 찾아갔는데 역시나 줄에 한국인뿐이엇긔 ^^ .. 저희는 인민광장 신세계 백화점 지하 1층에 있는 지점으로 갔는데 그냥 상하이 여기저기에 체인점이 많은 것 같아요
​
저희는 기본 에타로 하나씩 사 먹었고, 이짠양 피셜 홍콩에그타르트가 더 맛있다고 함. 그래도 딱 저희부터 갓 나온 걸로 줘서 태어나서 이렇데 따끈따끈한 에타는 처음이었다!는 저의 한줄평입니다.
​
끝
​
​
​
​
📍
Molly Tea (茉莉奶白)
닌징동루로 나와서 돌아다니다가 처음 보는 브랜드가 있길래
일단 먹어. 모드로 시켜봄
​
여기는 밀크티가 주력인 오리엔탈 플라워 티 브랜드라고 보시면 될 것 같아요
​
​
​
​
뭐가 뭔지 모르겠어서 가장 기본 메뉴 같은 白兰(백란)으로 시켰는데 화이트 모링가를 베이스로 한 밀크티래요
​
자스민차 사랑하는 저한테는 향은 좋앗으나 ... 우유를 안 먹는 사람이라 세 입 먹고 배불러서 버림 ㅜ
지금 찾아보니까 우유 없는 버전(茗茶)도 있던데 잘 찾아보고 시킬 걸 ... 향이 진짜 좋으니 저처럼 꽃차 좋아하시는 잇님들은 꼭 츄라이츄라이해보세욘
​
​
​
​
📍
산리오 기프트 게이트 (Sanrio Gift Gate)
​
제 언니 심부름으로 다니엘키티를 사러 갔다가 너무 귀여워서 나도 살까 고민햇던 우주?사이버펑키?에디션 친구들 ...
​
원래는 만두 에디션을 사고 싶엇는데 저희가 갔을 때는 이미 끝나고 없는 것 같더라구요
​
​
​
​
이 쇠맛 에디션은 여기서 처음 봤는데
날개 헤드셋이랑 옷이 은근 고퀄이라 개귀여웟음 ㅜㅜ
근데 개당 거의 3만원이엇어요 ㅈㄴ 비싸네
​
​
​
​
어딘지 기억은 안 나는데 (아마 조이시티 안에 있는 젤리캣일듯) 또 수제비반죽귀 강아띠 만나서 잔뜩 예뻐해 줬습니다 👩🏻‍❤️‍💋‍👩🏻💕아훙예뻐아우우웅우
​
​
​
​
​
그니까 저는 닥스훈트면 일단 다 품고 봐요
그게 비록 트럼프 핏 모자일지언정
​
내 사랑이 얼마나 지독한지 알겟지.
​
​
​
​
📍
YESCICI
​
자자 주목. 돌아온 묘미 추천이다.☝🏻
​
중국 여행 후기에서 옷 쇼핑으로 WMmanagement를 많이 추천하던데 저는 거긴 너무 난해한 스타일(정말 한 끗 차이로 중티작렬인 ...)이라 5분 만에 나왔고 YESCICI를 개추천합니다 !!! 약간 중국의 브랜멜빌같음
​
저랑 이짠양 둘 다 여기서 마음에 드는 옷 많이 발견해서
몇벌씩 입어보고 샀어요
​
​
​
​
저는 실패한 옷까지 총 4벌 입어봤는데
첫 번째 사진 상의를 끝까지 고민하다가 너무 기본st라 어디서든 사 입을 수 있을 것 같아서 걍 두 번째 사진 위아래 착장으로만 샀어요
​
하늘색 나시는 여름에 굉장히 귀엽게 입을 것임 .. 후후
​
​
​
​
특히 이 바지는 저랑 이짠양이 들어가자마자 만져보고
촉감에 반해서 다른 디자인으로 둘 다 산 바지인데요
진짜 약간 찰랑찰랑 ~ .. 하면서 보들보들 🧺 ...
암튼 입으면 바로 잠들 것 같은 겁나게 기분 좋은 촉감이여요
색감도 넘 예쁜 하늘색이라 입어보자마자 바로 살 결심함
​
​
​
​
​
​
📍
WOW BEAUTY
​
오늘 하루 종일 사진 찍은 거 보면서 둘 다 외모정병 심하게 도져서 어제 메이크업 받을 때 썼던 화장품 사러 왔어요
사실 첫날에도 정대광장에서 갔는데 그때는 그냥 딱히 사고 싶은 게 없어서 발색만 하다가 나왔는데 이때는 직원 붙잡고
이거 있냐 저거 있냐 틴트 어딨냐 이거 몇 호 재고 있냐
​
ㄹㅇ 현지인이었음 걍
​
​
​
​
일단 메이크업 받을 때 가장 마음에 들었던 3개만 사봤어요
​
아니 저 속눈썹 진짜 개좋음 !!!!!!!!!!!
노글루인데 지속력 씹상타치고 긴 가닥이 가운데에만 있는 커팅 타입이라 붙이면 바로 인형 됨 ;; 다음날 바로 붙여보고 공항 가는 길에도 한판 더 사갔어요 .. 요즘 저의 최애템임 💅🏻
​
글고 가운데는 무펄 하이라이터인데요
메이크업 받은 날 하이라이터가 하루 종일 지속되고 너무 예뻐서 바로 샀어요 ;; 근데 저거는 아마 와우 뷰티 아니고 The colorist라고 다른 가게에서 샀던 것 같아요
거기도 걍 올리브영처럼 화장품 브랜드 모여있는 곳임
​
맨 오른쪽은 라벤더 메이크업 베이스인데
이짠양이랑 샵에서 화장품 뭐 썼는지 얘기하다가 둘이 아무것도 안 겹치는데 이건 겹쳐서 좋은 건가 싶어서 사봤어요
​
제거는 쿠로미에디션이고 기본 디자인은 이렇게 생겼습니다
실제로 좀 도톰하게 올라가는데 펴 바를수록 베이지색으로 변하는 타입이라 자연스럽게 톤업되고 좋음 !! 이것두 요즘 맨날 써요
​
​
​
​
저기를 마지막으로 나머지는 전부 구경(이라고는 하지만 사실상 허탕인)이라 사진은 없습니다 😅 뭔가 투디 굿즈를 사러 온 거라 막 돌아다니는데 제가 투디에 식은 건지 ... 너무 중티인건지 .. 생각보다 사고 싶은 게 없어서 걍 돌아다니다가
​
​
​
​
낡고 지쳐버림
​
​
​
... 빠르게 오늘의 마지막 일정으로 이동해 줄게요
​
​
🎧 360 - Charli xcx
​
​
​
​
📍
따룬파(大润发)
​
슬슬 한국에 가져갈 간식이나 선물을 생각에 똥줄탈 타이밍이라 따룬파에 왔습니다. 걍 우리나라 이마트, 홈플러스, 롯데마트같은 대형마트여요
​
​
​
​
뭔가 일본 돈키호테를 생각하고 왔는데, 그 정도는 아닌 듯
​
​
​
​
들어가자마자 I❤️SH 티셔츠 발견해서 바로 샀어요
​
다들 주로 티엔즈팡 상점이나 시장 같은 데 가서 사는 것 같던데, 이것도 퀄리티 좋고 폰트가 나쁘지 않아서 걍 따룬파에서 싸게 사는 것도 추천 !!
​
​
​
​
따룬파 명물이라는 천장 트레일 장바구니도 봤어요
저게 아마 배달용 장바구니를 옮기는 걸로 아는데 ㅈㄴ 인정함
​
​
​
​
사유:
1시간 만에 내가 쓸어 담은 것. 저도 배달 절실해요.
​
​
​
​
한국에서 좀 맛있다고 추천받은 거나 현장에서 맛있어 보이는 거 한두 개 담았더니 어느새 가방 4개가 터지려고 해서 진심 황당해짐 .. 중국 왜 이리 맛도리가 많은 거임 ??
​
근데 더 황당한 건 이렇게 사도 막상 한국 가면 너무 적게 사 온 것 같아서 다시 상하이 방문할 결심을 하다
​
​
​
​
숙소에 짐 내려두자마자 아이러브티셔츠로 갈아입고
바로 뛰쳐나와서 택시타고 북와이탄으로 날라옴
​
​
​
​
사유1:
동방명주 인증샷도 라이즈 손민수하고 싶은 못 말리는 여자들
​
​
​
​
사유2:
10시 소등이라는데 숙소 도착했을 때 이미 9시 30분
​
​
​
​
북와이탄 공원으로 가면 앤톤군이 찍은 지점이 있다길래
한 손에는 내 폰으로 라이즈 사진, 한 손에는 이짠양폰으로 셔터연사 발광을 하면서 계속 딱 맞는 지점 찾느라 ㅈㄴ 뛰어다님
ㅋㅌㅋㅋㅋㅋㅋㅌㅋㅋㅋㅋㅋㅋㅋㅋ하
개즐겁네 진심
ㅋㅋ
..
​
​
​
그에 반해 처참한 결과물.
​
​
​
​
점점 반대쪽으로 뛰어가서 결국 저 구도를 못 찾았어요 ㅜㅜ
​
​
​
​
걍 이렇게 된 거 I❤️SH 전광판이랑 티셔츠나 같이 찍자 싶어서 정면으로 보일 때까지 개 뛰어가는데
​
​
​
​
뛰어가는 도중에
이랬던 동방명주가 단 5초 만에
​
​
​
​
요래됐어요.
​
​
​
​
나 정말 북와이탄 길 한복판에서 절규함
​
​
​
​
그 와중에 I❤️ 전광판은 아직 켜져 있길래
또 헛된 꿈을 갖고
또 뛰었는데
또 중간에 꺼짐
​
​
​
​
아오씨 졸려 집이나 가자
​
​
​
​
어제와 같은 실수를 반복하지 않고자
숙소 들어가는 길에 저녁 잔뜩 시켜줬습니다
​
​
​
​
음식에 한해서는 끊임없이 level up 하는 나
​
​
​
​
​
밥 기다리는 동안
아까 내팽개치고 간 짐을 정리해 줄게요 ... 아 하기 싫어
​
​
​
​
오늘의 소비 ~ ..
따룬파뿐만 아니라 좀좀따리 하루종일 산 게 많아서 역대급 쇼핑량이네요  💅🏻🛒🛍️
​
​
​
​
짐 정리(=널부러트리기) 끝 ^^
​
​
​
​
아직도 밥이 안 왔길래 아이러브티셔츠입고
핀터걸로 다시 태어나기 시즌2
방영해줬습니다
​
​
​
​
예상반응: 세면대에는 왜.
​
​
​
​
이걸 따라 했는데 정말 안타깝게 되었다 .......
​
​
​
​
모자이크를 뚫고 나오는 저의 건치미소 이슈로 인해
즌2 급히 방영종료합니다
​
​
​
저랑 이짠양이 입은 바지들이 YESCICI에서 산 바지예요
디자인만 다르고 재질이랑 핏은 걍 똑같음! 보들보들 후들후들
​
​
​
​
그리고 빠질 수 없는 어떤 인증샷
: 여러모로 I ❤️ SH 🈁🈁
​
​
​
​
​
​
​
​
​
야랄을 끝도 없이 떨었더니 어느새 배달이 다 도착함
꺄 ~~~~ 과일까지 정말 제대로쥬
​
​
​
​
칭따오의 나라에 와서 드디어 칭따오를 먹어보네
숙소 들어오면서 1층 편의점에서 야무지게 사옴 ㅎㅎ
​
메뉴를 간단히 소개해보자면 ..
일단 어제 먹었던 양꼬치가 아른거려서 또 시켰구요
트위터에서 많이 본 레드립스 마라반 시켜봤습니다
​
​
​
​
마라반 재료로는 위에서부터 새우완자, 소시지, 감자, 넓적당면, 연근, 팽이버섯, 알배추, 우삼겹, 푸주, 두부피, 목이버섯
걍 인기 재료는 다 때려 넣음
​
맛 후기는 확실히 마라탕처럼 맵지는 않고 땅콩소스 맛이 엄청 강해서 .. 음 고소 꾸덕꾸덕하달까? 다행히 어제 시킨 양꼬치를 또 시켜서 괜찮았지만 단독으로 먹으면 저는 느끼해서 빨리 물렸을 것 같아요 .. 다음에 먹을 땐 마라탕을 같이 시켜야겟음
​
​
​
​
그리고 만두도 시켰습니다
📍
小杨生煎 (Yang's Dumpling/ 샤오양성젠/ 소양생전)
이라고, 관광객보다 로컬 손님이 더 많은 현지인 맛집이래요
ㄹㅇ 개두근대네
​
제일 인기 메뉴인 셩젠바오를 시켜봤는데, 찌는 게 아니고 바닥은 바삭하게 굽고 위에는 물을 뿌려 증기로 익히는 만두임 !!
그래서 그런지 육즙이 ㄹㅇ 어마 무시합니다 ...
얼마나 무시무시하냐면
​
​
​
한입 먹자마자 바로 이민호됨. ㄹㅇ로.
​
배달 온 지 한참 됐는데도 밑바닥 바삭함이 ㄹㅇ 살아있어서 감동적이었습니다 ...
​
​
​
셴지탕 샤오훈툰 (鲜鸡汤小馄饨)은 걍 완탕?같은거라고 생각하시면 되는데 이게 진짜 개ㅐㅐㅐ맛잇습니다 .. 국물이 ㄹㅇ 맑고 깔끔해서 마라반의 느끼함과 만두의 기름짐을 싹 잡아줌
​
저 여기 진짜 개추천하니까
잇님들 제발 저 두 조합으로 꼭 시켜드셔보세욘 ... 쥐발.
​
​
​
​
디저트로는 멜론, 망고, 용과 과일세트랑
꼭 먹어보라고 귀에 딱지가 앉게 들었던 양쯔간루 시켰어요
​
일단 중국 과일 ㄹㅇ 권력 미쳣긔 ;;;;
망고가 물컹한 식감이 아니고 ㄹㅇ 다부지다고 해야 하나 .. 걍 비싼 애플망고 사야만 먹을 수 있는 알찬 식감이라 ㄹㅇ 한 입 먹자마자 눈물고임 .. 글고 주황 멜론도 너무 달고 맛있었어요 ㅜㅜ 하 과일 먹으러 또 가고 싶네
​
양쯔간루는 그 꾸 ~~ 덕한 망고식감에 쫀득한 사고까지 올라가서 걍 맛없없 조합이더라구요? 생크림, 치즈크림 싫어하는 인간으로서 입에 넣기 직전까지 저 크림을 경계했는데 다행히 그릭요거트 같은 거라 ㄹㅇ 개맛잇게 먹었습니다
​
​
​
​
먹고 싶었던 메뉴들이 거의 다 성공적이라 나 정말 행복해
^ㄷ^
​
​
​
​
포카홀더 너무 귀엽죠
산리오기프트샵에서 봤는데 너무 기갈지길래 얼른 데려왔어요
이제 나도 위즈니 만나도 기죽지 않는다 이거야
(모르는잇님들을 위한 스토리텔링: 묘미 주변 위즈니들은 전부 휘황찬란한 포카홀더에 포카를 넣어 다녀서 묘미는 포카샷을 찍을 때마다 기가 죽곤 했다 ...)
​
​
​
​
아 나 너무 활짝 웃고 있네
아까 산 몬치치 히퍼도 뜯어봣는데 젤 갖고 싶었던 기본 디자인으로 나와서 걍 펄쩍펄쩍뛰어버리다가 그대로 기절잠잤습니다
두잇두잇 츄 ~~~~~ 💕💕
🎧 908 - 차울
​
~ Day 4 ~
​
​
📍
바오이치에(包一切)
​
호텔 1층에 지엔빙(煎饼果子)이라고, 중국 국민 아침 식사인 크레페가 있다 해서 저희도 먹어보려고 눈곱도 못 떼고 나왔어요
​
​
​
​
밑에서도 말하겠지만
제가 이 맛을 첫날부터 알았다면 있는 동안 매일 아침 사 먹었을 거예요 ㅜㅜ 가격도 2000원대로 쏘 저렴 ~
​
​
​
​
근데 제가 중국어를 하나도 못 해서 뭘 시켰는지도 모르겟어요 .. 메뉴 추천은 다른 블로그를 참고 부탁합니다 ...
​
이런 먹을 줄만 아는 블로거라 미안해 ......
​
​
​
​
📍
백과원 (百果园)
​
호텔 1층에 중국에서 가장 유명한 과일 전문 프랜차이즈도 있다고 해서 와봤어요
일반 마트에서 파는 것보다 훨씬 품질도 좋고 당도가 높다는데, 과일 사면 현장에서 바로 손질도 바로 해줌 ;;
호텔 위치적 단점을 이렇게 커버 치다니 ... 이제 공개할게요
​
​
​
​
저. 포브스 선정 가장 영향력 미약한 블로거 묘미는.
더이튼호텔을 매우 매우 추천합니다 ... :)
​
1층 지엔빙, 과일가게가 너무 큰 메리트임
다음에 가면 또 오고 첫날부터 맨날 사 먹을 거예요 ㅠㅠㅠ
​
​
​
​
안에 과일 종류가 진짜 개. 개ㅐㅐㅐ 많고
처음 보는 것들도 있어서 과일 고르는 데도 한참 걸려요
​
​
​
​
이게 그 아마수작에서 먹었던 스타프루트, 양타오(杨桃)래요
엄청 신기했는데 .. 왜 안 먹었을까요 ... 진짜 기억 안남
먹어볼걸
​
안되겠다 올해 상하이 한 번 더 다녀온다
​
​
​
​
수많은 과일이 있었지만
어제 감동을 잊을 수 없어 저희의 픽은 결국 망고였습니다 ㅎ
아는 맛이 더 무서운 법 ...
그리고 망고스틴 있길래 같이 샀어욤
​
​
​
​
바로 옆에 있는 편의점도 구경해줬습니다
호텔 입구 바로 옆에 세븐일레븐이 있는데 걍 우리나라랑 똑같아서 사실 그렇게 일본만큼 감흥은 없었거든요? 근데 여기는 무슨 브랜드인지 몰라도 한국이랑 완전 다른 느낌이라 첫날부터 여기 올걸 ㄹㅇ 바닥을 치면서 후회함 ㅜ 먹거리 종류도 훨씬 많아요
​
더이튼호텔가실 잇님들아 건물 뒤편을 제발 살펴보세요 ^_ㅜ
​
​
​
​
드디어 완성된 아침상
​
통창으로 풍경 보면서 먹는다고 개코딱지만한 구석에서
둘이 의자 넘어 다니면서 먹었습니다
​
​
​
​
맛 후기는요
일단 지엔빙. 제가 맵찔이기도하지만 생각보다 매움 !
안에 소세지, 계란, 야채절임, 무장아찌 등등 뭐가 엄청 다양하게 들어있고, 제가 고른 튀김은 닭인 것 같았는데 이게 약간 매콤했던 것 같아요
양도 은근 많은데 (아침식사가 아니라 걍 폭식 수준) 일단 저는 맛있어서 다 먹었어요 ^____^
둘이서 나눠먹을까 싶었는데 1인 1지엔빙하길 잘한 듯
​
​
​
​
Holy Shit ~~~~~
때깔 미쳣죠?
근데 솔직히 .. 아니 이 망고도 쫀쫀하고 진짜 맛있었어요. 이거 정말 한국에서 먹는 거랑은 비교도 안되는 그런 당도와 식감의 망고임. 얘 진짜 맛있는 거 나도 아는데.
​
어제 먹은 게 유독 너무 기깔나서였을까 ..
주제도 모르고 건방지게 아쉽다고 생각했어 ...
​
​
​
​
저 망고스틴은 걍 젤리로만 맛을 느껴봤던 것 같은데
진짜 과일로 먹으니까 ㄹㅇ 입에 침 계속 고일만큼 맛있음
이거 진짜 미친놈입니다
식감도 약간 입에서 실타래엿같이 사르르르르르르rr 녹음
와 잠만 나 또 먹고 싶다. 와 나 상하이 다시 가야 됨.
​
중국 가면 제발 열대과일 보일 때마다 사 먹자 ㅜㅜ
​
​
​
​
밥 다 먹고 나갈 준비햇어욘
오늘의 오오티디데스 ~ ..
일정상 약간 고급진 곳에 갈 예정이라 살짝 차려입어줌
​
​
​
​
오늘도 어김없이 비타민
​
​
​
​
OMG REAL VITAMIN IS HERE
​
​
​
​
아침부터 힘 난다 정말 ~ 나두 사랑해 ㅜㅜ 💕💕
저 화면 어디에도 사랑한다는 말은 없지만요 ...
​
​
​
​
📍
티엔즈팡 (田子坊)
​
상하이의 인사동이라는 티엔즈팡에 왔습니다
들어가자마자 그 말 이해함
​
무엇보다 저 빨랫줄 보고 나 정말 중국이구나 생각했어
​
​
​
​
📍
TAOXIA (桃夏)
​
티엔즈팡 들어가는 길에 엄청 핑크핑크한 핸드크림 가게가 있길래 가족들 선물 사러 들어갔어요
​
​
​
​
여기도 이렇게 생일별로 핸드크림을 파는데, 생일 말고도 이름의 성, 십이간지 띠 등 엄청 종류가 다양하더라요? 글고 그냥 아무 의미도 없이 향기별로도 엄청 다양하게 팔고 있음
​
중국에 생일 핸드크림이 유명한 건 알았는데
저는 주로 칭즈 핸드크림을 많이 들어보고 선물 받았거든요?
​
이날 둘 다 가서 맡아본 결과 저는 여기 타오시아가 훠어얼씬 좋았습니다 .. 솔직히 생일 핸드크림은 둘이 비슷한데
타오시아에 좋은 꽃향이 많았어요
​
​
​
​
찍은 게 없어서 홈페이지 사진 훔쳐옴 ㅎㅎ
​
저는 저 두 시리즈가 좋았는데,
첫 번째는 동백꽃 시리즈 중에서는 가운데 분홍 꽃(Pink Face) 향이 제일 생화 느낌이라 마음에 들어서 저걸로 샀어요
두 번째 시리즈는 클래식 플로럴 시리즈라고 가장 대중적이고 인기 있는 꽃인데, 젤 왼쪽(초록 배경)에 자스민이 진짜 은은하고 .. 화이트 플로럴은 약간 느끼하게 마무리되는 게 보통인데 이건 걍 청량하게 마무리되길래 바로 하나 집었습니다
​
하루 종일 킁킁거리는 중
​
​
​
​
​
​
​
칭즈도 궁금해서 가봤다가
걍 내 최애는 무슨 향?! 놀이하다가 나왔어요
​
​
​
​
아 개웃기다 .. 내가 탕탕후루후루를 사 먹다니.
하지만 탕후루의 나라에 와서 탕후루를 안 먹어볼 순 없죠?
평범한 과일로는 먹기 싫어서 돈 조금 더 내고 백설향딸기 플렉스했는 샀는데 와 이거진짜개ㅐㅐㅐ 달아 ㅜㅜ (positive)
​
설탕 코팅은 제가 한국에서 탕후루를 살면서 한 번인가 먹어봐서 비교불가임 ... 암튼 중국과일 캐리인지는 몰라도 개맛잇게 먹고 혈당 쫙 올려줬습니다
​
​
​
​
📍
Blan Bunny's Tea (布兰兔的植物庄园)
​
저에게는 꽤나 오래된 특기가 있습니다 ...
바로 차 개많이 마시기인데요.
제가 음료수는 많이 안 먹는데 차를 ㄹㅇ 입에 달고 살아요
그래서 상하이 오면 차 파는 샵들을 꼭 와보고 싶었습니다
​
​
​
​
내부가 너무 좁고 사람은 많아서 저따구로밖에 못 찍었지만
디자인이 약간 이상한 나라의 앨리스 느낌으로 앤티크하고
찻잎 조합이 어마어마하게 다양했어요 ... 여기가 내 천국이야
​
​
​
​
마음에 드는 향 위주로 시음해 보다가 상하이 한정판 테이스트라는 커피보이차랑 자스민녹차로 골랐습니다 !!
(사실 저렇게 in shanghai라고 되어있어서 더 끌렷음)
​
​
​
​
하트모양 티 인퓨저가 예뻐서 걍 세트구성으로 질렀는데
​
​
​
​
박스 진짜 욘나게 커서 하루 종일 낑낑거리고 들고댕김
​
​
​
​
여기 와서 찻잔이나 다른 식기도 사고 싶었는데
이거 사는 순간 뒤에 남은 일정들이 되돌릴 수 없을 만큼 빠갈날 것 같았고(이거 오늘 첫 일정임) 이미 숙소 방에서 터지고 있는 캐리어 생각에 그만 눈을 질끈 감아버렸습니다 ...
다음에 데리러 올게 ...
​
​
​
​
쇼핑 다 하고는 그냥 걸어 다니면서
풍경 좋으면 또 서로 제발 서보라고 난리 한 번씩 쳐주고
​
​
​
​
인사동스럽지만 귀여운 키링 하나 장만하고
티엔즈팡 탈출
​
​
​
사진 속 장소 말하는 거 아님
​
티엔즈팡에서 다음 장소까지 막 걸어가는 데 도착할 때쯤에
연남동처럼 작은 카페가 쫘르륵 있고 사람들이 야외 테이블에서 햇볕 쬐면서 커피 마시는 동네가 있는 거예요
​
우리도 시간만 있으면 함께하고 싶었어 ...
의외로 여기 못 간 게 아쉬워서 하루만 더 있고 싶었음 .. ㅜ
​
​
​
​
📍
G3-STUDIO集合(延平路店)
​
또 다른 한국인 유명 코스.
츄랑 미연이 찍었다는 스티커사진 찍으러 왔습니다
​
이짠양이 이 일정을 최소 2시간으로 잡길래
제가
응??? 사진 찍는데 무슨???
경악을 했는데 (츄 미연 영상 안 봄)
​
​
​
​
알고 보니까 이게 프레임이 진짜 미친 듯이 많더라고요 ?? 약간 핀터에서 프레임이랑 프레임은 죄다 긁어모은 느낌
​
바인더 한 20개 정도를 펼쳐봐도 절반은 봤으려나 ...
​
​
​
​
암튼 둘이 같이 찍을 프레임 한 판, 혼자 찍을 프레임 절반씩으로 한 판을 약 1시간 10분 동안 골라주고요
​
​
​
​
2층으로 올라오면 이렇게 일본틱한 공간에 부스가 있는데 너무 간이 부스라서 걍 선거투표하는 곳 같음
​
​
​
​
갸루력 영끌
​
​
​
​
찍기까지 너무 힘들었는데 막상 찍고 나니
쏘 큐리 ~ >.,<💕해서 넘 마음에 들었어욘
​
​
​
​
📍
마이당라오(麦当劳)
​
택시타고 다음 일정으로 넘어왔는데 입장까지 좀 시간이 남아서 근처에 맥도날드 먹으러 왔습니다
여긴 외래어도 다 중국어로 바꿔서 쓰고 읽더라구요? 간판도 중국어로 쓰여있음 ;; 나같은사람어떡하라고?
​
아니 저 중국에서 영어가 안 통한다는 말은 들었는데 여행 내내 이 정도일 줄은 몰라서 식은땀 꽤 흘렸어요
아이스워터 달라고 했다가 빠꾸먹고 기죽어서 그 뒤로 말 한마디도 못 함 ㅅㅂ
​
​
​
​
뭔가 중국 한정 메뉴로 시키고 싶어서
걍 처음보고 맛있어보이는 걸로 시켰습니다 (필승법)
​
오리지널 닭다리구이버거(原味板烧鸡腿堡)라는데 이거 정말맛있었음! 굽네치킨처럼 튀기지 않고 구운닭이라 느끼하지 않고 담백~하니 아주 맛나요
​
근데 버거보다 감튀가 ㄹㅇ 미친놈임
클링클컷 감자튀김인데 겉에 무슨 시즈닝을 뿌린 건지 케이준 맛이 나서 .. 하 정말 개맛도리 .. 중국에서 맥날 먹을 때 무조건 Crispy Fries로 변경해 !!!!!!
​
​
​
​
밥 잘 먹고 드디어 오늘의 하이라이트 일정을 향해 갑니다
근데 여기 가는 길에 여행 처음이자 마지막으로 너무 귀여운 중남을 마주쳐서 오직 그 기억 하나만으로 중남 가능됨 ;;
아 내 왕자님 ....
​
​
​
​
📍
프라다 미샹 (Prada 荣宅)
​
왕가위 감독과 협업해서 만든 레스토랑 겸 카페인데, 이짠양이 중경상림, 화양연화 등 왕가위 감독 작품을 엄청 좋아해서 한국에서 예약해서 왔어요
​
​
​
​
내부를 둘러보는데 예쁘다를 넘어서 대체 어떤 생각을 갖고 있으면 이런 미감이 가능할까 궁금해지는 지경임
사소한 인테리어 하나하나 예사롭지 않았고 그냥 너무 아름다웠어요 ... 끙 ~ ㅜㅜ
​
​
​
​
저희는 카페로 예약해서 왔고
따뜻한 라떼류로 시켰더니 이렇게 간지나는 아트로 내주심
한 입 먹고 물렸지만 다음에 가도 따뜻한 라떼로 시켜주마 ..
​
​
​
​
건물 뒤쪽으로 나가면 정원인데 저는 여기가 제일 좋았어요
열대식물과 유럽풍 건물 조합은 생각도 못 해봤는데 좋더라 ..
아 자연 좋아 ....
​
​
​
​
그리고 여기서 내가 살면서 볼 중녀언니들 다 보고 온 듯
막 드레스를 입고 와서 연사를 갈기시는데 ... 실제로 도우인 미녀들이 많아서 너무 .. 너무 ... 기뻤음 ///
내 사진에 집중 못 하고 시선 막 돌아가서 어쩔 줄 몰랐어 //
​
​
​
​
(체력이슈로 아마 아무것도 못 찍은 듯하다 ...)
첫날에 갔던 와우뷰티가 가장 컸던 것 같아서
계속 못 사고 찾아다녔던 화장품들 사러 정대광장으로 왔어요
역시나 큰 만큼 종류랑 재고가 많아서 하나씩은 건진 듯
​
​
​
​
저는 베이비몬치치도 샀어요
이것도 첫날에 갔을 때 발견한 건데, 그때는 매대에 한 3줄 정도 꽉 차있었거든요? 근데 다시 갔을 때 2개밖에 안 남았길래 허겁지겁 삼 ;;
무슨 테마인지는 모르겠지만 초록 모자가 넘 귀여워잉
​
​
​
​
그리고 어제와 같은 실수를 반복하지 않기 위해
오늘은 저녁 먹기 전에 동방명주부터 왔습니다
​
​
​
​
사실은 이걸 보러 왔다고 할 수 있죠
왜냐하면
​
​
​
나 이거 못 찍으면
정말 죽을 것 같으니까.
​
​
​
​
제가 오기 전부터 저 샷은 정말 기대했던지라
내심 조마조마했는데 건져서 정말 기쁘네욘 ^___^ ..
​
​
​
​
와이탄 배경 삼아 한 장 찍어주고
동방명주 탈출
​
​
​
​
이제 맘 편히 저녁 먹으러 갑니다 ..
​
​
​
​
📍
홍쿠이지아 (红盔甲)
​
마지막 저녁은 가재먹으러 왔어요
이것도 상하이 가기 전에 꼭 시켜 먹으라고 추천받았는데, 전날 배달 시키려다가 마늘롱샤만 품절이길래 걍 저희가 왔습니다
​
역시나 한국인 맛집답게
우리 라인 전부 한국인이고 웨이팅도 한국인들이더라 ... ^^
​
​
​
​
중국 왜이리 쇼맨십의 나라?
음식이 나오면 정장 입은 남자가 와서 껍질을 까주시는데
가재에서 연기가 폴폴 나서 ㄹㅇ 어케한거임.됨
​
​
​
​
때깔미쳣네 .... 여기 와서 처음으로 생맥주다운 생맥주를 먹어서 감동심했습니다
​
마늘롱샤 맛 후기를 말해보자면 ~ ..
아예 안 맵고 한국인이라면 좋아할 마늘의 맛이여요
근데 이것도 기름이라 첫입의 감동에 비해 좀 빨리 물리는 듯?
​
​
​
​
이것이 진짜로다. 자 다들 받아적으세요.
홍쿠이지아가서 마늘롱샤 먹을 때 옥수수튀김을 반드시. 무조건. 필히. 시켜드세요 !!!!!!!! 느끼할 때마다 맥주도 도움 됐지만 저는 저 옥수수튀김이 진짜 킥이었다고 생각합니다
저 튀김가루가 진짜 장난 아님 ;;
글고 짭짤한 시즈닝 때문에 다시 장갑 끼게 돼요
ㄹㅇ 무조건 시켜
​
​
​
​
추천대로 마지막에 소면도 야무지게 넣어먹었습니다
한국인들 왜 이리 쩝쩝박사?
​
​
​
​
이제 숙소에 갑ㄴ
​
​
​
​
갔다가 바로 나와서 제가 가보고 싶었던 술집에 가요 ...
원래 마지막 밤은 일찍 들어가서 짐 정리하는 게 맞는데 너무 가보고 싶었던 곳이라 안 가면 후회할 것 같아서 이짠양한테 미안하지만 강행군을 펼침
​
​
... 그냥 짐이나 싸고 빨리 처자야했거늘 :)
​
​
​
​
📍
The Drinkery
​
한국에서 상하이추천인스타를 보다가 너무 분위기가 좋아 보여서 꼭 가봐야지 !!!! 너무 기대돼 ... 했던 바인데요
​
결론은
우리나라도일요일밤에는다들출근준비하느라일찍곯아떨어지는데내가왜여길일요일밤에왔을까
입니다
​
​
​
​
들어가자마자 텅 빈 바에 절망하다 ...
​
​
​
​
그 와중에 메뉴판도 제대로 안 읽어서 고추맛밖에 안 나는 술 시킴. 가지가지한다 ㅋㅋㅌㅋㅋㅋㅋㅋㅋ
진심 상상을 초월하는 맛이라 입도 못 댔어요
​
​
​
​
결국 다른 거 다시 주문했더니 바텐더께서 그냥 술 바꿔주셨어요 ... 너무 고마우시다 .. ㅜㅜ
​
​
​
​
저는 여기가 현지 젊은이들에게도 매우 핫한 곳이라길래 사람 붐비고 느좋노래가 빵빵하게 나오는 데서 신나게 놀다가 오는 상상을 했는데 .. 일단 우리만 있는 상황에서 신나기에는 둘 다 너무 피곤햇고 ... ㅜ 대실망햇고 ... ㄱ- 그 와중에 술잔도 깸
ㅋㅋㅌㅋㅋㅋ
​
도망가자 .... 니게로!!!!!!
​
​
​
​
오늘의 소비 ~
숙소 오자마자 박박 씻고 짐정리 대충 하다가
소비샷 정성들여 찍고 바로 곯아떨어져줬습니다
​
🎧Apple Pie - hearts2hearts
​
~ Day 5 ~
​
​
마지막 날 아침이 밝았습니다 ...
​
내일부터 다시 아무 일도 없었다는 듯 출근해야 한다는 생각에 눈 뜨자마자 정신병걸림.
​
​
​
​
이른 비행기라 아침 일찍부터 일어나서 남은 짐 쌌어요
짐 싸면서 현실이 안 믿겨서 거의 울었음
​
​
​
​
비행기에서 편할 거만 생각하고
공항에서 소지품 검사할 때 외투 벗어야 하는 건 생각 못 한 채 아이러브티셔츠 입고 갑니다 .... 하 너무 창피햇어 진짜 ...
​
아
으아
아ㅏ악!!!!!!!
​
​
​
​
안녕 ㅜㅜ
내가 왜 떠나야 해
내가 왜 출근을 해야 해
이렇게 맛있는 걸 두고 내가 왜
카페 거리도 못 가고 내가 왜
​
​
​
​
그런 내 마음을 알아주기라도 하는 듯 ...
어우씨 카페트가 캐리어를 존나 붙잡음 ;;;;
힘껏 해도 안 밀려서 온몸으로 미느라 1층 내려왔을 땐 내 모자 걍 연락처주세요주기싫음제얼굴을열라쳐주세요 아저씨됨
​
​
​
​
저기..🛎 맘💓에들어📟그러는데💖연락처☎주세요🎤주기 싫음🛠제👴얼굴😋을열라🔥쳐🖐주세요💥연락처🤙❓아님열라🌋쳐💥❗연락처📞주고⤴꼭🙏연락줘😉
​
​
​
​
📍
강변성외 (江边城外)
​
공항 가기 전에 마지막 만찬으로 카오위먹으러 왔습니다
마지막까지 노력하는 떵개들 어떤데
​
​
​
​
저 카오위 처음 먹어보는데 원래 이렇게 맛있는 건가요
ㄹㅇ 생선좋아인간한테 최고의 메뉴네요 ... 제 이번 중국여행 1위 음식 되시겠다
​
저희는 마라반 마늘반으로 시켰는데 양은 좀 많아도 강추임 !!
생선 자체는 마라가 더 맛있는데 단독으로 먹기엔 너ㅓㅓ무 맵고, 마늘은 빨리 물리는 대신 얹어 나온 채소가 훨씬 맛있어서 두 개 같이 먹으면 딱이여요
근데 여기 마라가 ... 진심 개 얼얼함 ... 둘 다 먹으면서 정신이 하나도 없엇어요 ㅋㅋㅌㅋㅋ 마지막에서야 마라 다운 마라를 먹고 가는군
​
​
​
​
볶음밥 필수
​
​
​
​
이건 에피타이저로 시켜 먹었던 떡튀김인데, 이것도 진짜 무조건 시켜 드셔야 해요 ... 인절미 아니고 그냥 떡튀김 !
식감이 진짜 쫀딕하구 ... 흑당에 찍어 먹으면 달달해서 ㄹㅇ 극락감 ;; 솔직히 이것 때문에 한국에 강변성외 들어왔음 좋겟다 생각해 ...
​
​
​
​
(밑에 좀 처참하긴한데, 사건현장 뭐 그런 거 아닙니다 ..)
​
가기 전에 헤이티 한잔 더 마시고 싶은데 공항 가는 길에 없길래 식당으로 배달 시켰어요
시키기 전에 혹시 몰라서 직원분께 파파고로 물어봤는데
이게 된다네 ... 아 중국 너무 살기 좋은 나라야 .. 아 ..... ㅜ
​
​
​
​
저번에 망고사고 맛있게 먹었어가지고 헤이티가 찐이라길래 한번 시켜봤어요
​
​
​
​
하 .. 이제 진짜 공항으로 갑ㄴ
​
​
​
​
려고 했는데 1층에 와우컬러가 있길래(와우뷰티랑 무슨 차인지는 모름 ..) 못 샀던 것들 재고 있나 기웃거렸는데 크림블러셔가 원하는 호수로 재고 있길래 얼른 집었어요 럭키 ~ !!!!
​
그리고 이때 속눈썹 한판 더 안 샀으면 큰일 날 뻔
한판 벌써 거의 다 써감
​
​
​
​
이제 진짜 공항으로 갑니다 ...
​
​
​
​
아니 중국 공항 보안대 왤케 빡셈 ??
저 진짜 짐 3번은 재검사한것같아요 .. 의심되는 거 하나 빼고 다시 통과하고 하나 또 빼고 또 통과시키고 .. ;;;;
줄에 사람은 적은데 너무 오래 걸리길래 뭔가 싶었더니 이렇게 빡세게 하느라 오래 걸리는 거였음
​
​
​
​
근데 문제점은 제가 아까 뭘 입고 나왔다고 햇죠?
​
그래
내가 내 짐이 3번 빠꾸먹어서 우두커니 기다리는 그 10분 동안 후집이 그 바구니에 있어서 누가 봐도 관광객인 I❤️SH 티셔츠 차림새로 서 있었다고
​
​
​
​
그래도 덕분에 공항보안대소지품샷도 찍어보고 좋다 ...
핀터걸로 다시태어나 ^^
​
​
​
​
상하이 여행 진짜 끝 !!!!
정말 꿈만 같은 5일이었습니다 ...
​
다들 저의 상하이여행기 같이 즐기셧는지요 호호 ...
​
생각해 보니 해외여행은 재작년에 다녀온 게 마지막이었더라구요? 엄청 오랜만에 가는 거기도 하고, 한 번도 안 가본 나라를 가는 거라 무지 떨리고 기대됐는데, 생각보다 더 좋았고 더 많은 걸 하고 와서 좋았어요 ... ㅜㅜ
상하이 4박 5일 간다고 했을 때 주변에서 그렇게 길게 가서 뭐 하냐고 했는데 저희는 ㄹㅇ 더 있고 싶었음
​
이래서 다들 상하이와 사랑에 빠지는구나?
​
이렇게 많은 걸 먹고 많은 걸 하고 왔어도 못 먹고 못 해본 게 더 많으니 저는 다음에 또 한 번 가고 싶네욘 .. 누구 상하이 갈 생각 있으면 나한테 제발 같아가자고 해주라 ~ !
잇님들도 이 글을 통해 상하이에 가고 싶어지셨길 바라며 ..
이만 마치겠습니다. 빠이 !!!!!!
​
​
​
궁금한 정보가 있으시다면 언제든 댓글이나 스핀 남갸주시와요
궁금증해소박스 ..
묘미님의 리퀘박스에 방문해보세요!
spin-spin.com
​
​
​
​
​
​
​
​
​
​",https://blog.naver.com/ckck-/224265523349,Lucky !,20260426,2026-04-27 15:28:53
세븐일레븐 립서비스위스키,"[성수 팝업] 성수 놀거리 막차 탑승, 쿠팡 알럭스 위스키부터... ",26 2호선 성수역 3번 출구 세븐일레븐 맞은편 팜플릿 받고 찾은 Salon de R.LUX 공간 1F Brand Gallery... 선물하기 서비스 R.LUX 시그니처 패키지 상품 포장 ROOF PHOTO SPOT 상업 촬영 및 장비 사용 제한으로 개인... ,"쿠팡 알럭스 팝업
서울특별시 성동구 연무장11길 11 (성수동2가, 1111빌딩) 1층
주소 : 서울 성동구 연무장 11길 11 1111빌딩 1층
운영시간 : 매일 11:00 ~20:00
2026.01.30 ~ 2026.04.26
2호선 성수역 3번 출구 세븐일레븐 맞은편
팜플릿 받고 찾은
Salon de R.LUX 공간
1F Brand Gallery 체크인 후 마스터키 받기
산타마리아 노벨라 Santa Aaria Nouella
화사한 프리지아 향기로 가득 찬 정원으로 변신한
Salon de R.LUX🇮🇹
봄의 설렘을 담은 프리지아 오 드 코롱의
은은한 향기와 함께 피렌체의 낭만이
머무는 플라워 마켓!!!
Previous image
Next image
방문 당시 2F 제한되어 3F R.LUX Boutique
스킨케어/ 베이스 메이크업 분류되어
브랜드별 상품
설화수/ 숨/ 헤라/ 프리메라/ 맥/ 나스~~~
위 전시 제품 외 아래
태그 가능 제품
TAP HERE 최대 5개까지 선택 & 테스트 가능
화장품 말고도 향수도 시향 킁카킁카ㅎㅎ
Previous image
Next image
시크릿 쿠폰 코드 및 제품 구매가 아니라도
스티커 붙은 안내장 가져가면 뷰티 파우치 증정!!!
Special GIFT 튼튼하니 호불호 없는 블랙
계단 통해 갈 수 있는
루프탑 야외 포토 스팟
1팀씩 순서대로 이용 가능이지만, 아무도 없음
안전을 위해 난간 및 구조물 위 올라가기 금지~~
Previous image
Next image
4F SALON LOUNGE 마스터키 반납 후,
굿즈 증정ㅜㅜ
아메리카노 핫 or 아이스/ 스타벅스 하우스
블랜드 원두 or 에스프레소 로스트 원두 중
1잔 선택해 1인 1회 제공 COFFEE BAR
(혼잡 시 음료 제공에 대기 시간 발생/
추가 제공은 어려울 수 있음)
만족도조사 참여 완료 시, 뷰티 사은품
THE WHOO 비첩 자생 에센스 4종 세트 증정
도리도리 Dori Dori 미니 물티슈/ 초코바
화장품 샘플 3종 수령함!!!!
Previous image
Next image
주소 : 서울 성동구 연무장길 57
운영시간 : 매일 11:00 ~20:00
2026.04.16 ~ 2026.04.26
현장 방문 및 네이버 사전 예약자 방문 가능한
키엘 울트라 응급 구조대 팝업
손상 레벨 키오스크 2대에서 피부 손상도 체크해
처방전 수령 → 응급 트리트먼트 존에서
S.O.S 손상 피부 긴급 진압 여정 확인
메디크림 & 콜라겐 UV 선세럼 손등 테스트
제품 설명을 보면서 읽어주심.....
Previous image
Next image
1 대 1 더 마리더 진단은 네이버 사전 예약
고객 우선 제공
기계 2대 아무도 없지만, 취소해야 체험 가능ㅠ
키엘 인스타그램 & 카플친 모두 팔로우 시,
디럭스 샘플 선착순 무료 증정
선착순 키엘x김쿼카 그립톡 이미 소진으로
방문 시에 구매 혜택뿐, 샘플만 줍줍ㅋㅋ
사전 예약에도 대기 = 팝업 체험 5분 내외로
휘리릭
제품 구매나 큰 목적이 없는 이상, 대기하면서
샘플 받기에는 아쉬운 팝업스토어임
스타벅스 커피 종아한다면
이웃과 좋아요, 댓글 부탁드려요!
☆꿀팁★
브랜드 본사 정품/ 와우 전용 10% 캐시 적립/
전 상품 로켓 배송/ 무료 선물 포장 및 무료배송/
와우 전용 30일 무료 반품/ 내일 받는 선물하기
서비스 R.LUX 시그니처 패키지 상품 포장
ROOF PHOTO SPOT 상업 촬영 및
장비 사용 제한으로 개인 촬영 가능
만족도조사 참여 1인 1회로 중복 수령 불가
(1일 준비된 수량 소진 시, 조기 종료될 수 있음)
굿즈 수령 찍은 사진이나 포토 필터 중 나만의 순간
SNS 인증 살롱드알럭스 알럭스 salonderlux
rlux 필수 해시태그와 함께 업로드
지하 1층 Men's cave Brand Bar
kiehls 입장 전 회원가입 확인 후
사전예약자 우선 입장
3만원 이상 구매 시, 국민 수분 장벽 크림
여행용 샘플
4만원 이상 구매 시, 위 제품 + 키엘X김쿼카
틴케이스
8만원 이상 구매 시, 울트라 수분 장벽 루틴
여행용 샘플 3종 + 키엘X김쿼카 퍼파우치
NEW 콜라겐 선세럼 구매 시, 키캡 키링
선착순 증정 (중복 증정 가능)
끝!
​
Instagram의 R.LUX(알럭스)님 : ""✨Salon de R.LUX 서울 성수 오프라인 팝업✨​ #이벤트 있어요.​ 취향의 깊이가 다른 당신을 위해,​ 성수동에서 새로운 럭셔리의 서사가 펼쳐집니다.​ ​ 감각과 취향을 공유하며 새로운 문화를 만들어가는 공간,​ 🏛️Salon de R.LUX에서의 교류는 단순한 만남을 넘어, ​ 럭셔리를 새롭게 정의하는 특별한 시작이 될 것입니다.​ ​ 오직 현장에서만 만날 수 있는 프리미엄 혜택과 함께​ 당신만의 럭셔리한 모먼트를 경험해 보세요. 🥂​ ​ [ Salon de R.LUX Popup Store]​ 📍장소 : 살롱 드 알럭스 (성동구 연무장 11길 11)​ 📅 기간 : 2026. 01. 30(금) ~​ 04. 26(일) ⏰ 운영시간 : 11:00 AM – 08:00 PM​ 🌟 더 자세한 정보는 프로필 링크에서 확인​ ​ #EVENT​ 살롱 드 알럭스에서 함께 럭셔리한 순간을 누리고 싶은 친구를 소환해 주세요!​ 추첨을 통해 팝업 초대권과 R.LUX 정품을 선물해 드려요🎁​ ​ ① R.LUX 공식 계정(@r.lux_official) 팔로우​ ② 게시글에 '좋아요' 누르기​ ③ 댓글을 통해 함께 가고 싶은 '친구 소환'하기​ ​ ※ 이벤트 기간: 2.27(금) ~ 3.11(수)​ ※ 당첨자 발표: 3.18(수) *개별 DM 안내​ ※ 경품: 살롱 드 알럭스 초대권 & R.LUX 정품 랜덤 1개 (5명)​ ​ 🖤​​ 럭셔리와 대화가 시작되는 공간 🖤​ #RLUX #알럭스 #럭셔리뷰티 #luxurybeauty​ #salonderlux #살롱드알럭스 #성수팝업​""
110 likes, 66 comments - r.lux_official - February 26, 2026: ""✨Salon de R.LUX 서울 성수 오프라인 팝업✨​ #이벤트 있어요.​ 취향의 깊이가 다른 당신을 위해,​ 성수동에서 새로운 럭셔리의 서사가 펼쳐집니다.​ ​ 감각과 취향을 공유하며 새로운 문화를 만들어가는 공간,​ 🏛️Salon de R.LUX에서의 교류는 단순한 만남을 넘어, ​ 럭셔리를 새롭게 정의하는 특별한 시작이 될 것입니다.​ ​ 오직 현장에서만 만날 수 있는 프리미엄 혜택과 함께​ 당신만의 럭셔리한 모먼...
www.instagram.com
키엘 코리아 (Kiehl's Korea)(@kiehlskorea) • Instagram 사진 및 동영상
팔로워 73K명, 팔로잉 45명, 게시물 2,884개 - 키엘 코리아 (Kiehl's Korea)(@kiehlskorea)님의 Instagram 사진 및 동영상 보기
www.instagram.com
[성수 팝업] 봄 컬러 치크밤, 네이밍 실버 아틀리에 팝업스토어 in 올리브영N 성수 & 커피 위스키 시음, 쿠팡 알럭스 팝업
주소 : 서울 성동구 연무장 7길 13 팩토리얼 성수 1층 운영시간 : 매일 11:00 ~ 22:00 2026.02.04 ~ 2026.0...
blog.naver.com
주소 : 서울 성동구 연무장 7길 13 팩토리얼 성수
1층 올리브영N 성수
운영시간 : 매일 11:00 ~20:00
2026.04.16 ~ 2026.04.27
도보 10분 내 거리로 뉴욕 패션계의 전설적인
패션 매거진 런웨이 쇼룸
<악마는 프라다를 입는다2> 쇼룸 성수점
개봉한지 20년이라니 4월 29일 전 세계
최초 극장 대개봉
Previous image
Next image
미란다 포토존 촬영 후
#악마는프라다를입는다2
#쇼룸성수점
필수 해시태그 SNS 업로드 후
스태프 인증하면 전원
정샘물 에센셜 물크림 1ml 샤쉐/
추첨 10명 추가 증정
(경품 랜덤 제공/ 소진 시, 조기 종료될 수 있음)
퀴즈 정답 시, 캡슐 뽑기로 엽서 외 경품 증정
CJ온스타일 with 워크스테이션 패키지 응모해
조명/ 스티커/ 메모지/ 키링/ 헤어 스크런치 받기
캠페인 기간 5월 14일까지 참여 가능
이십세기 스튜디오 코리아(@20thcenturystudioskr) • Instagram 사진 및 동영상
팔로워 38K명, 팔로잉 7명, 게시물 3,934개 - 이십세기 스튜디오 코리아(@20thcenturystudioskr)님의 Instagram 사진 및 동영상 보기
www.instagram.com
​",https://blog.naver.com/yoochunkun/224264172414,돼지처럼 맛있게 먹고 부지런히 정보를 나눈다,20260426,2026-04-27 15:28:55
세븐일레븐 립서비스위스키,대만여행 1일차 _ 이스타 김포-송산 ZE887/ 대만 송산 이지카드... ,가격은 1인당 400원정도에 서비스차지도있어서 1잔씬만 먹어도 바로5만원~ 그래도 분위기있고 요거... 패밀리마트는없두 세븐일레븐은 있더라구용. 맥주는 49원이었고 일반맥주(타이완골드메달) 는 큰게... ,"안녕하세요! 뽀삐에요. 오늘은 대만 타이페이
여행기를 가져왔어요.
​
출국시에는 김포공항 - 송산공항
입국시에는 타오위안공항 - 인천공항
이용했는데
​
김포공항 국제선이 정말 가깝고 편하고
또 송산공항도 생소한분이 있을거같아 공유해봅니다.
​
대만 시먼딩역 추천 에어비앤비 숙소부터
맛집 삼미식당 탐방
따다오청광장 - 디화스트릿 - 닝샤야시장
까지 함께해요!
#대만환전
#대만이중환전
​
환전 준비가 전혀~~~ 안되어있던 뽀삐는
미리 한국에서 은행을 통해서 바로 횐전을 하려고보니 돈이아까워서
(현재 기준환율 47원
한국에서 직접바꿔서 나가면 49원
공항에서 바꿔나가면  51원
대만현지에서 ATM 이용은 찝찝함)
​
한국에서는 달러로 90% 우대환전 받아서 나가고
대만현지에서 달러를 대만돈으로 바꾸기로 결정했어요.
여행전날밤 10시에 ㅋㅋㅋ우리은행을 통해
환전예약을하구 김포공항 롯데몰 도착!
모바일체크인하고 짐만 부친다음 바로 도보 3분거리
김포공항롯데몰 입구에 우리은행이있어요.
​
사람도하나도없고 동선도 예뻐서 환전 편리했답니다
체크인이 텅텅~ 너무 좋았던 김포공항
역시 굳이굳이 김포출국하길 잘했어
텅텅
출국장면세점은 롯데면세점 위주였고
명품쇼핑이없을뿐 화장품 담배 향수 선글라스
코치 등등 가방
악세서리 다 있었어요. 사진에보이는 규모로 한 3군데 있어요.
인터넷면세점 수령카운터는 34번게이트앞인데요.
김포공항 국제선 자체가 한 34~37 이정도만 운영하고있어서
진짜 짧고 편해요. 면세품 인도장도 텅텅 ㅋㅋ ❤️
​
크으으 바로 수령하고
라운지필수죠?
#김포공항국제선라운지
는 스카이허브인데 여기도 텅텅 ❤️
여유로웠고, 또 보통 인천공항은 수속하고 짐검색이
​
최고 30분이상이라 막상 면세품수령 + 라운지입장에 또 30분쓰면 30분밖에여유가없잖어요ㅠㅠ
​
여기서는 라운지 1시간넘게 이용하며 여유를 부렸어요.
메뉴도 괜찮았답니다 .
오뎅이 아주 존맛
주류도 많구요.
일품진로 오크가 있네 대박~바로 온더락 갔어요.
모듬튀림이랑 볶음밥, 떡갈비 샌드위치 만두
떡볶이와 오뎅
데리야끼치킨
비빔밥도 야무지게먹어야지~
라운지는 역시 비빔밥이죠
2차로 또 치킨에 샐러드, 와인타임
3차는 국밥 말아서 맥주랑 ㅋㅋㅋ
😆😆😆
그리고 출국준비
#이스타ZE887
3-3 좌석이었고, 김포- 송산 노선이라 너무 좋았는데
기장님은 별로였어요 안내방송도 안하더라는~
현지도착시간 날씨 등 안알려주는 사람 처음봄
송산공항도착! 송산공항은 도심한가운데있어서
숙소까지 20분컷 ㅋㅋㅋ진짜미쳤다 .
​
도착하자마자 그냥 나오면
공항내에 패밀리마트 편의점있어요. 거기서 바로 이지카드 사고 충전도하면되요.
​
이지카드 가격은 150- 250원선이구
충전은 300원-400원만 하시면 3박~ 4박 놀기 충분할듯.
​
(대만 MRT 지하철 1회 승차비용은 20원입니다.
타오위안 공항 1회 가는 비용은 160원입니다.)
​
뽀삐는 10번정도타겠지 200원 + 공항갈꺼 160원
그정도 사용을 예상했는데 500원
넉넉하게 충전했어요.
​
-
환전은 1달러당 31.15원정도에 공항에서 바로
환전했는데요.  수수료는 30원받더라구요 ❤️
​
계산해보니 이중환전덕분에 47원에 환전했답니다.
별다른 준비없이도 좋은가격에 환전완료~
도착해서 바로 먹어준건 중샤오푸싱역의
호호미소보루에요.
​
공항에 이른시간 도착한 편이라서 늦은 오후간식으로
소보로에 버터가 끼워진 이녀석을 먹어봤어요.
호호미소보루 중샤오푸싱점
No. 19號, Lane 107, Section 1, Fuxing S Rd, Da’an District, Taipei City, 대만 106
가격은 버터가 뭐가 들어가느냐에따라
45 55 65원인데
뽀삐는 가장 최상급 애쉬레 버터 들어간 65원짜리
음 맛은..! 다들 극찬하면서 파인애플 소보루인데
전혀 파인애플맛이안나고 버터풍미가 예술이라고들
했거든요?
​
그냥 따듯~ 한 소보루.
그 위에 아주 바삭한 소보루가있고
안에는 소금빵처럼 짭짤해요.
그리고 버터풍미가 있습니다.
​
하지만 국내 소금빵이 더 맛있어요.
우리나라가 빵을 너무잘해 ㅋㅋㅋ
찾아가서 먹는건 빵수니 뽀삐의입장에서 굳이굳이!
호호미였습니다.
그리고 다시 지하철을 타고 시먼딩역 도착~
가장 번화가는 6번출구 되시겠습니다.
제일먼저 반겨주는건 행복당인데요
#시먼역버블티
#시먼딩버블티
#시먼딩행복당
가장 유명한 버블티가 120원입니다.
직접 끓이는 버블
공장처럼 만들고있어서 5분도안기다려요.
이렇게! 직접 수제로 바로바로 만드는
버블이라고하던데
​
기계쓰는데요 ㅋㅋㅋ이게 무슨 수제냐 ㅋㅋㅋ
그래도 매장에서 직접 만든 반죽이라는것에
의의를 두고 먹어봅니다
맛은 이야~ 맛있었어요.
따끈한 펄 위에 차가운 우유맛이
서로 온도가 달라서 맛있었어요.
위에올라간 폼과 흑당도 너무 과하지않고 적당해서
그냥 먹어도 섞어 먹어도 맛있습니다.
​
그리고 펄이 기성품펄은 쪼온득하잖어요.
요건 좐득합니다. 그러면서도 향이나 맛이 더 잘 배고 부드러워서 죤득죤득 펄이 괜찮아요.
​
행복당은 한번씩 추천드릴게요!
귀여운 맥주잔과 굿즈샵을 구경하고 마그넷도 사고
짐을 잠시 두고 숙소로 고고!
​
뽀삐는 에어비앤비 이용했어요.
#시먼딩숙소에어비앤비추천
시먼역이 번화가다보니까 거점으로 삼고 호텔을
봤는데 보통 3박에 40-50만원대?
​
뽀삐는 3박에 31만원에 에어비앤비를 잡았고
시먼역에서 도보 10분이내였습니다.
베이먼역에서는 3분!
타이베이역쪽으로도 약간 가는쪽이라서10분정도.
​
시먼역 타이베이역 모두 가기 좋았어요.
공동 주택 · 완화구 · ★4.87 · 침실 1개 · 침대 1개 · 단독 사용 욕실 1개
H54/리프트/와이파이/시먼딩/350mToBeimenStation
www.airbnb.co.kr
직접찍은 사진!
위치는 무조건 깨끗하고 깔끔하면서
호스트가 슈퍼호스트인지부터 봤어요.
​
No. 4-11, Xining Rd
No. 4-11, Xining Rd, Wanhua District, Taipei City, 대만 108
위치는 대략 참고해주시구요.
위치가 Xining market으로 찍혀있지만
그 건물이아니라 바로 마주보고있는
패밀리마트 있는 건물
그 같은 라인 어딘가에있어요.
​
체크인은 호스트가 나중에 보여주시는
문 사진과 비밀번호를  보고 들어가시면되겠습니다
​
이제 저녁먹으러 삼미식당으로 고고!
2층까지있는 삼미식당 .
브레이크타임 후
5시반 오픈인가 그랬는데
한 15분남기고 일찍 가서 웨이팅리스트 16번으로
들어갔고요.
​
바로 착석 및 음식도 5분내로 바로 나왔어요.
​
오픈~ 30분이내로가면 기다리지않고
식사 가능하실거에요.
#삼미식당메뉴판
​
뽀삐는
연어초밥 오징어초밥 대자 440원
닭꼬치 2개  80원*2
새우모듬튀김 220원
타이완골드맥주 100원
이렇게 식사했어요.
주먹만하다더니 주먹보다는 작구만.
밥도 약간 떡밥이라서 반 갈라먹음!
근데 다른곳에서 느낄수없는
입에 꽉차는 회맛이있어요
회 스시러버라면 여기를 싫어할수가없죠 ㅋㅋ
​
그리고 소스가 너무 짜지도 달지도 않아요.
달지않아서 너무 좋았어요.
​
​
닭꼬치는 통통한 매력이있어서 시켜봤는데
그냥 닭꼬치맛 !
튀김 굿~~ 아스파라거스 4개 새우4개 나와요
같이나오는 튀김소스도 굿
정말 달지도 짜지도않아
옆테이블이라서 소심하게 찍었는데
저 롤이 진짜 알차고 맛있겠더라고요.
3/6/9 개로 나누어파니까
요거 꼭 드셔보셔요.
​
이거랑 연어뱃살사시미도 필렛그대로 그냥 썰어서
길이가 얼굴만함 ㅋㅋㅋㅋ대박이더라고요.
​
다음에오면
연어뱃살사시미, 롤 , 오징어초밥 ,튀김
이렇게 먹어야지
그리고 우버택시타서
#따다오청마터우
에왔어요.
숙소에서 아래로 10분걸어 시먼딩이고
시먼딩에서  아래로 10분걸어 삼미식당이라서
​
여기까지 올라오려면
또 숙소위로 10분이라  걸어서 30분이었거든요.
우버로  택시비 만원정도였던듯!
요기 루프탑에서 강 뷰를 보며 맥주를 먹으면
그렇게 한가롭고 좋다고하던데 우천이슈..^^
구경만 하고 총총
​
메뉴는 한강 밤도깨비야시장마냥 치킨 떡볶이 맥주
타코 등등 다 있더라는.
슬슬 걸어서 디화스트릿!
기대를 했는데 소품샵 몇개있고 별건없어서
빠르게 슥슥 보고 또 슬슬 걸어서 닝샤야시장으로
여긴진짜 젤 별로였어요ㅠ
넘 로컬푸드라서 먹을게 별로없었고.
​
닝샤야시장에서 유명하다고 하는
고구마볼 , 굴전 먹었는데 다 별로
고구마볼은 50원에 10개였던가
찹쌀도너츠처럼 생겨선 멥쌀로 만들었는지
존득함은 없고 파삭함만 있었구요
속에 고구마무스를 기대했는데
그냥 고구마 말랭이있죠? 그거를 0.5그람을 발라(?)
놓은정도로 거의 안들어있어요.
그래서 무맛입니다. 맛이 안나요.
그리고 취두부냄새애 어지럽고 실망해서 들어가려다가
요기 미슐랭이 바닥바닥 붙어있길래
알고보니 여기가 굴전!!
닝샤 야시장
Ningxia Rd, Datong District, Taipei City, 대만 103
위엔환볜
No. 46號, Ningxia Rd, Datong District, Taipei City, 대만 103
따다오청마터우광창
103 대만 타이베이 다퉁 구
디화 스트릿
Section 1, Dihua St, Datong District, Taipei City, 대만 103
장인의솜씨로 리듬감있게 구워내는
굴과 계란반죽
메뉴가 많았는데
굴전이랑 튀긴돼지고기국(?)
국밥맛을 기대하며 시켰고
​
여기 이거 완전 술안주인데 술을 안팔아요 띠로리ㅠ
국은 정말 한약맛나는... 맛대가리상실 퉤퉤 진짜
여기서 국 시키지마세요
그리고 숟가락도 1개줌..
굴전인데 하 ~ 양념이 달아요ㅠㅠㅠ
간장으로 달지않게 잘 할수있었잖아!ㅠㅠ
그리고 전분같은 찐덕함이..
​
소스좀 덜어내고 계란이랑 굴만 걷어먹고 나옴.
​
한국가서 굴전먹구싶당 ㅠ
아무튼 이번 닝샤야시장은 대실망이었답니다
#위엔환볜굴전
별로여
들어가는길에 자만추
#석가
140원주고 사먹었지요
진짜 진짜 너무너무 맛있더라고오
잘 익은 싱그러운 복숭아향이 나고 부드럽고 ㅠㅠ
너무 맛있어요.
그리고 시내로 가서 바에 갔어요
지오그라피 바!
가격은 1인당 400원정도에 서비스차지도있어서
1잔씬만 먹어도 바로5만원~
그래도 분위기있고 요거 맛있었어요.
달달해
요건 약간 도수있는 위스키있는거
​
숙소가는길에 만두 사가기 ㅋㅋ
여기는 정말 많은 체인점이던데요
맛이 진짜 굿굿이에요!
​
그리고 1개씩 살수있어요 가격은 7원 (350원~)
​
만두 12개 사고 5000원 ❤️
숙소들어가는길에 18일맥주도샀어요
집앞 편의점중에 패밀리마트는없두 세븐일레븐은
있더라구용.
​
맥주는 49원이었고
일반맥주(타이완골드메달) 는 큰게 49원정도
레이즈감차집 김맛
석가
만두
18일맥주로 하루마무리!
석가 사랑해 ❤️
석가는 이게 600그람정도였고 뽀삐가 140원 주고 먹긴 했는데 ,
까르푸나 다른곳에서는
200원 300원정도가 보통 가격이고
​
길거리 사기치는 과일집은 100g 당 100원받아서
갑자기 600원 700원 정말 비싸요ㅠㅠ 그런데서
사기당하지말고 1개 200원이하로드세요!",https://blog.naver.com/kkaptype/224265406054,POPPI log,20260426,2026-04-27 15:28:57
세븐일레븐 립서비스위스키,부천맛집 마초스테이크 부천점 추성훈스테이크 부천데이트로... ,후 세븐일레븐 쪽에서 꺽어서 쭉 들어오면 보여요 ! 외관부터 시선을 사로잡는 마초스테이크 우드... 한국어뿐만 아니라 외국어 서비스도 지원하고요 메뉴 사진이 큼직하게 들어가 있어 선택이 수월해요... ,"​
​
​
안녕하세요 메리예요:)
​
오늘은 부천맛집 마초스테이크 부천점을
소개드리려고 하는데요~
​
든든한 한 끼 식사는 물론
데이트 코스로도 손색없는
마초스테이크의 매력을 자세히 소개해 드릴게요🤍
​
마초스테이크 부천점
경기도 부천시 원미구 석천로178번길 17 1층
📍마초스테이크 부천점
경기 부천시 원미구 석천로178번길 17 1층
​
✔️영업시간: 매일 11:30~21:00
✔️브레이크타임 15:00~16:00
✔️단체 이용 가능, 예약🙆‍♀️
🚘주차(부천시청 공영주차장 추천)
​
부천맛집 부천데이트 마초스테이크 부천점
​
​
​
​
​
​
부천시청 건너편에 뒤치한 마초스테이크 부천점
부천시청역 1번출구로 나와 쭉 직진 후
세븐일레븐 쪽에서 꺽어서 쭉 들어오면 보여요 !
​
외관부터 시선을 사로잡는 마초스테이크🔥🔥
우드 인테리으로 깔끔하면서도 강렬한 간판이 유니크했어요
​
​
​
​
​
​
​
​
입구에는 모델 추성훈님이 맞아주셨어요(?)ㅋㅋㅋ
마초라는 이름에 걸맞은 에너지가 느껴집니다🔥🔥
​
통창을 다 열어두셔서 개방감이 좋고요
​
깔끔한 데크 공간이 마련되어 있어 들어가기 전부터
관리가 잘 된 식당이라는 인상을 받았어요:)
​
​
​
​
​
​
​
주문은 매장 입구의 키오스크를 통해 간편하게 할 수 있는데요:)
테이블 먼저 선택하고 메뉴를 선택하면 끝 !
​
한국어뿐만 아니라 외국어 서비스도 지원하고요
메뉴 사진이 큼직하게 들어가 있어 선택이 수월해요🙏
​
메뉴는 1파운드 스테이크부터
5파운드 챌린지 메뉴까지 다양했고요:)
​
합리적인 가격의 세트 메뉴가 구성되어 있어
커플 가족 손님에게 인기가 많을 것 같아요🙏
​
​
​
​
​
안으로 들어서 일본 오꼬노미야키 맛집에 들어온 느낌..?
일명 다찌석이죠 바 테이블도 있고요
커플 또는 가족과 오붓하게 식사할 수 있는
2인석, 4인석까지 알차게 구성되어 있었어요:)
벽면에는 추성훈님의 사진과
친필 사인이 걸려 있었는데요
되게 신기하더라구요 !
​
구경하는 재미까지 쏠쏠😆😆
그리고 전체적으로 조명이 은은해서
편안한 분위기 속에서 대화하며 식사하기 좋아요🤍✨
​
​
​
​
​
​
매장 중간에는 앞치마도 준비되어 있으니
참고해주세요 🙏🙏
​
​
​
​
​
​
메뉴가 나오기 전 꼼꼼하게 읽어봤는데요
테이블마다 친절하게 안내된  맛있게 즐기는 법🔥🔥
​
1.스테이크는 기본적으로 레어로 제공되니
고기를 한번 뒤집은 후 그릴 자국을 따라 잘라주세요.
​
2.소스 활용: 잘라낸 고기 위에 소스를
조금씩 뿌려 먹으면 풍미가 깊어져요
더 익히고 싶다면 철판 잔열을 이용해 취향껏 익혀 드세요:)
​
3.마무리는 비빔밥!
남은 밥은 철판에 소스와 콘을 함께 넣고
비벼 먹는 것이 마초스테이크만의 별미🔥
​
4.무료 제공 팁
소스, 밥, 콘이 부족할 경우 직원분께 요청하면
무료로 추가 제공되니 든든하게 즐기시길 바래요🙏🙏
​
​
​
​
​
​
​
부천맛집 부천데이트 마초스테이크 부천점
더블비프세트(립아이+비프비빔밥+음료)51,800원
제가 주문한 메뉴는 알찬 구성!!!
더블 비프 세트인데요🤍
​
립아이 스테이크와 비프 비빔밥의 조화
딱 2명이서 다양하게 즐기기 좋은 메뉴예요:)
​
​
​
​
​
뜨거운 철판 위에 두툼한 립아이가 올라가 있고
그 위에서 사르르 녹는 버터의 풍미가 예술..✨
곁들임으로 나오는 옥수수 콘과 함께 먹으면 고소함이 배..😆
​
​
​
​
​
​
​
​
고기 결이 살아있고
육즙이 가득해서 씹는 맛이 일품이에요..
​
​
​
​
​
​
​
질기지 않는 고기라 너무 좋았고
철판 열에 의해서 오랫동안 따끈하게 먹을 수 있었어요🤍
​
​
​
​
​
​
비프비빔밥은 비주얼부터 압도적인 비빔밥..
고기 양도 엄청나고 옥수수콘까지 완전 혜자🔥🔥
​
​
​
​
​
​
비빔밥 역시 철판의 열기 덕분에
마지막까지 따뜻하게 즐길 수 있었어요🔥🔥
​
​
​
​
​
​
​
고기가 넘 부드럽고 식감이 좋아서
아이들도 잘 먹을 것 같더라고요:)
​
2인이서 시키기 너무 좋은 메뉴 더블 비프 세트🤍
​
마초스테이크는 일단 양도 진짜 많고
뭔가 일본 여행 온 느낌..?
분위기가 참 좋더라고요..✨
​
추성훈님이 모델인 마초스테이크는
꼭 한번 드셔보셨으면 좋겠어요 🙏
그럼 다들 즐거운 주말 되세요🤍
​
​",https://blog.naver.com/rin2811/224265034477,메리의 일상,20260425,2026-04-27 15:28:59
세븐일레븐 립서비스위스키,대만 타이베이 2박 3일  (1),"왔습니다 ♥️ 위스키판다에 대한 자세한 내용은 따로 포스팅 하겠습니다 대만 편의점 대만 타이베이 패밀리마트, 세븐일레븐 추천 일본 편의점 투어하듯 대만 편의점도 탈탈 털어봤습니다! 순서대로... ","​
눈코 뜰 새 없이 바쁘진 않지만
그렇다고 안 바쁘다 하기도 애매한
그런 나날들을 보내며
​
2026년 처음으로 다녀온 여행은 대만입니다 🇹🇼🇹🇼
​
어쩌다보니 남자친구에게 매년 주는 생일 선물이
대만 비행기표네요…
​
​
일본 특유의 감성을 좋아한다면
안 좋아할 수가 없는 여행지인데요!
​
특히 제 남자친구와 함께 하는 취미가 위스키이기에
더 자주 가고 있습니다💸💨
​
​
​
이용한 항공사는 타이거에어로
악명이 높아 걱정을 많이 했지만
​
결론부터 말씀드리자면
나쁘지 않아요!
​
1. 짐 검사가 깐깐한가?
-> X, 무게 체크 따로 안 함
​
2. 앱 사용이 불편한가?
-> O,
동반인과 같이 체크인이 안 돼서
자리 배정이 랜덤인 점은 분명한 단점
​
​
타이거에어 셀프체크인하다 이런 문구가 나왔다면
카운터 가야만 해결되기 때문에 그냥 일찍 공항가는 걸 추천드립니다~
​
(대만에서 한국 입국하고자 할 때 나온 문구입니다)
​
​
3. 좌석이 좁은가?
-> O,
저는 괜찮았으나(16x)
성인남성 평균 키가 넘는다면 살짝 거슬릴 정도로
앞뒤 간격 좁음
​
4. 이 항공사를 추천하는 이유는?
-> 밤비행기 !!
누군가에겐 단점일 수 있지만 새벽 출발이 큰 장점입니다
+ 저렴한 가격
​
연차를 하루라도 아끼고 싶은 직장인들이라면
당연한 거 아닙니가…
​
​
​
참고로 단순히 표가 저렴해서 끊고자 한다면…
한국 LCC가 더 낫습니다
​
(수화물 추가 및 자리 선정 이런 거 감안하면 비슷해요)
​
✈️대만 새벽 비행기, 심야버스 타는 법
1819 국광버스 이용
​
​
새벽 2시에 대만에 도착했기 때문에
택시랑 심야버스 중 고민하다 심야버스를 탔습니다.
​
피곤함을 잘 느끼고 그 컨디션이 여행을 좌지우지한다면
택시 및 픽업서비스 추천 ‼️
​
그게 아니라면 심야버스도 충분합니다
​
🔍 1819번 국광버스 탑승 시,
지하로 내려온 후 편의점을 기준으로 왼쪽으로 가서
5번 탑승구
에 서있으면 됩니다
​
📌Tip.
2명이서 간다면
한 명은 미리 줄 서고, 한 명은 이지카드 충전 or 티켓 구매하세요
​
분담해야 일찍 버스 탈 수 있습니다…
마치 잠실역 환승센터급 치열한 자리싸움😵‍💫
​
📍Master of Rice Ball
대만 타이베이 현지인 아침[조식] 추천, 판퇀
​
Master of Rice Ball
No. 2號, Xuchang St, Zhongzheng District, Taipei City, 대만 100
​
대만에서 아침 식사로 먹는다는 판퇀(판투안)
​
타이베이역 인근에 위치한 곳이고,
유명한 매장인지 현지인 분들이 굉장히 많았습니다
​
​
주문한 건 A로 가격은 60twd(약 2,800원)입니다
​
밥은 찹쌀느낌이라 쫀득했고,
속 재료들이 다양해서 맛있었습니다!
​
다음에 간다면 참치만 들어있는 걸로 먹어보려고요🤤
​
📍타이베이 시립 동물원
대만 타이베이 관광지[놀거리] 추천
​
타이베이 시립 동물원
No. 30號, Section 2, Xinguang Rd, Wenshan District, Taipei City, 대만 116
​
아시아 최대 규모라는 타이베이 시립 동물원!
​
다 둘러보려면 3시간 정도면 충분하겠지 싶었지만
부족하더라고요…
​
언덕도 많고 대지도 넓어서 다리가 아픈 관계로
몇개는 포기했습니다 🐾
​
영문 & 한글 지도
​
​
​
한국에서도 동물원 가는 걸 좋아해서
유명한 동물원은 다 가본 입장에서 말씀 드리자면
​
가족 단위라 어린 아기가 있다, 추천 👍
타이베이 첫 방문이다, 비추천 👎
그냥 동물이 좋다, 추천 👍
​
​
에버랜드 사파리에서도 충분히 이 정도는 다 보는 것 같아요
​
다만 좀 더 집약적인 차이?
​
타이베이 동물원이 확실히 더 자연 친화적이고,
동물들이 행복해할 환경이긴 하더라고요
​
허락 받았습니다
​
낭만 한 스푼 🎨🥄
​
📍Liquide Ambré 琥泊
대만 타이베이 찻집[카페] 추천
​
Liquide Ambré
106 대만 Taipei City, Da’an District, Lane 72, Leli Rd, 15號2樓
​
다안구에 위치한 찻집으로
워크인 x, 예약 o
​
​
좌석이 많은 편이 아니기 때문에
워크인하면 차를 못 마실 확률이 높습니다
(마치 저처럼…)
​
다음엔 꼭 예약하고 방문해 봐야겠네요
​
은은한 인센스스틱 향과 통창 밖의 푸릇함이 어우러져
분위기가 정말 좋았습니다 🥺
​
📍풍격양주 - 문화점/반차오
대만 타이베이 리쿼샵[위스키 살 곳] 추천
풍격양주-문화점/반차오
No. 253號, Section 1, Wenhua Rd, Banqiao District, New Taipei City, 대만 220
Previous image
Next image
​
신베이시에서도 살기 좋은 동네(=중심지)라는
반차오구에 위치해 있는 리쿼샵입니다!
​
다들 대만 위스키산다고 하면
융캉제에 있는 가품양주만 가시더라고요
​
거기 진짜 좁고 복잡합니다..
구경은 둘째치고,
가격도 다 안 적혀있어서
계속 여쭤보기도 애매해요
​
그래서 저는 오히려
풍격양주나 만화양주 추천드려요!!
​
재고는 유튜버 ‘때때와 정선장’ 참고하세요
​
때때와 정선장 - 제주 어드벤처 (JEJU Adventure)
전 세계, 위스키 소개 및 증류소, 위스키 리쿼샵을 탐방하며, 제주 거주민 ""때때 와 정선장"" 2명이 함께 위스키 토크 그리고 배 선상, 갯바위에서 낚시로 횟감을 바로 잡아, 위스키 리뷰하는 위스키 TV! ""위스키 + 맛집, 싱싱한 회"" 컨텐츠를 담아, 어디든 떠나는 Episode로, 생동감 넘치게 전달드리겠습니다. 교관소개: 때때 - 위스키 교관 정선장 - 바다 교관 메일: jejuadv@naver.com 인스타그램: www.instagram.com/jeju_ad 라인 ID: noeljeju 유튜브: 때때와 정선장 www.yout...
youtube.com
​
대만 가기 전 가장 도움된 1등 공신 유튜버,,,
위스키바에서 우연히 뵙게 돼서 더 반가웠습니다 🥺
​
다시 본론으로 돌아와
풍격양주 만화점은 라인을 통해
한국에서 미리 주문 및 호텔 배송도 가능합니다!
​
지점이 2개라 라인 아이디가
헷갈릴 수 있으니 첨부드립니다
(실제로 메세지 잘못 보낸 사람 저예요…)
​
風格洋酒-文化店 | LINE 공식 계정
風格洋酒-文化店 인증된 계정 친구 수 4,536 威士忌|調酒|菸草|各式酒類 歡迎洽詢 新北市板橋區 文化路一段253號 www.facebook.com/whiskystylebanqiao 대화 게시글 SNS 최근 게시글 기본 정보 SNS SNS 팔로우 최근 게시글 기본 정보 風格洋酒 文化店 풍격양주-문화점/반차오 일 12:00 - 21:00 營業時間：每日12：00~21：00 일 12:00 - 21:00 월 12:00 - 21:00 화 12:00 - 21:00 수 12:00 - 21:00 목 12:00 - 21:00 금 12:00 - 21:0...
line.me
​
때때님 구독 인증하고 위스키 5% 할인도 받았습니다
+
유니온페이 추가할인 10%
​
덕분에 대만에서
글렌드로낙 배치 3: 5643twd(약 26만 원)
글렌드로낙 21년 (빌리.ver): 7330twd(약 34만 원)
​
이렇게 구매했네요 ㅎ.ㅎ
​
한국에서는 70~90만 원에 파는 배치3을
대만에서 사면 26만원이라니 …
​
주세 좀 낮춰라 제발
​
참고로 할인 없으면
풍격양주보단 만화양주가 더 저렴하긴해요
​
📍복주세조호초병, 후추빵
대만 타이베이 간식, 먹거리 추천
복주세조호초병
No. 13, Section 1, Chongqing S Rd, Zhongzheng District, Taipei City, 대만 100
​
대만에서 후추빵으로 제일 유명한
복주세조호초병입니다!
​
가격은 1개 당 65twd(약 3,000원)
​
평일 오후라 그런가 웨이팅 없이 바로 먹을 수 있었고,
명성대로 아주 맛있었습니다.
​
바삭한 겉면에 뜨끈한 고기 속
호빵의 민족들에게 맛이 없을 수 없는 맛 …
​
후추를 좋아하신다면
꼭 드셔보세요!
​
그리고 2개 이상은 조금 느끼할 거 같아요
저한테는 1개가 딱 적당했습니다.
​
📍삼미식당
대만 타이베이 맛집 추천
여긴 말 안 해도 너무 유명한 곳이죠
대왕 연어초밥을 파는 삼미식당입니다!!
​
사실 호불호가 좀 갈리더라고요
-> 너무 비싸다, 현금만 가능해 불편하다
​
이런 단점들을 주로 봤던 것 같아요!
​
대만에 갈 때마다 이 곳을 갔던
제가 살짝 쉴드해보자면
​
-> 양에 비하면 별로 안 비싸요ㅠ
연어도 두껍고, 밥도 맛있습니다
+
대만은 원래 카드보다 현금결제 매장이 더 많습니다
​
아 물론 웨이팅 1시간 해서 먹을 맛은 아닙니다
그렇게 기다리고 먹으면 실망하긴 하겠네요..
​
저는 항상 포장하거나 마감 전에 가서
웨이팅이 없었습니다~
​
삼미식당 웨이팅이 궁금하신 분들은 참고하세요 ㅎㅎ
​
​
Previous image
Next image
​
포장과 매장 식사의 차이가 있다면
​
포장하면 소스를 안 주네요 …
​
시먼딩이랑 가깝기 때문에 구경하다가
밥 먹기도 딱 좋은 위치에 있습니다 🍴
​
시먼딩 맛집을 찾는다면 추천드려요!
​
참고로 의외로 장국 맛집이라
포장보다는 매장식사가 더 낫습니다
​
​
​
용산사
대만 타이베이 볼거리, 가볼 만한 곳 추천
용산사
No. 211, Guangzhou St, Wanhua District, Taipei City, 대만 10853
불교, 도교, 유교 등 중요한 신을 모시고 있는 종합사찰
용산사입니다!
​
대만 여행 릴스를 보다보면
절에서 점괘보는 영상을 한 번 쯤 보셨을텐데요
​
실제로 현지인 분들도
정말 진심으로 소원을 빌고 계셨습니다
​
간절한 마음은 통하는 법이죠..
근데 이 점괘가 정말정말 간절해야 가능해요
​
왜 그런지는 이제부터 알려드리겠습니다
​
대만 점괘 보는 법
용산사 공식 홈페이지
​
1. 먼저 경건한 마음가짐과 사찰 내 신들께 인사를 드립니다
2.
반달 모양의 블럭(=포괘)을 든다
​
➡️이름, 사는 곳, 생년월일을 관세음보살께 밝힌다
(참고로 부처와 관세음보살은 다른 존재입니다!)
​
➡️딱 한 가지만 물어보며,
“오늘 답을 주시겠습니까?” 말한다
​
​
3. 포괘를 던진다
​
평평한 면+볼록한 면
이 나왔다면 성공!
(성괘,聖筊)
​
신께서 대답을 해준다는 의미입니다
​
But‼️
​
평평 + 평평 = 소괘(笑筊)
➡️ 신께서 좀 애매모호하므로 질문을 다시 하라는 뜻
​
eg. 올해 돈 많이 벌까요? X
➡️ 올해 부동산 투자 하면 잘 될까요 O
​
​
볼록 + 볼록 = 음괘(陰筊)
➡️ No, 오늘 질문은 답해줄 게 없다는 뜻
​
다음 기회에 계속 ,,, 🥵
​
​
4. 포괘 던지기에 성공했다면
위 사진처럼 생긴 막대기를 뽑아 숫자를 확인하세요!
​
이때 숫자만 확인 후, 다시 통에 집어넣으시면 됩니다.
​
5. 마지막으로 이 숫자가 내 점괘가 맞는지
확인을 하기 위해
다시 포괘를 던져야 합니다😵‍💫
​
성괘(평평+볼록)가 3연속
나왔다면 찐 성공🍀
​
그렇지만 3연속이 쉽습니까 …
​
실패하면 다시 막대를 뽑아 숫자를 확인하세요
그리고 또 세 번 연속 성괘가 나와야 합니다
​
세 번 연속 성공할 때까지
막대 번호 확인 ➡️ 포괘 던지기 반복 🔁
​
​
6. 3연속에 성공하신 분들은 막대기 숫자와 일치한 함에서
점괘를 꺼내 읽으시면 됩니다
​
전 시도도 안 했어요..
​
📍위스키판다
대만 타이베이 위스키바, 시음 추천
📝예약제 매장입니다🙏위스키판다(위스키 테이스팅/바이알 테이크아웃/호텔 배송서비스) 카발란위스키 전품목 최저가 전문점
108 대만 Taipei City, Wanhua District, Nanning Rd, 1號1樓
​
대만에서 가장 유명한 위스키 바는
역시 더몰트죠
​
거기도 하루는 다녀올까 했는데
위스키판다가 너무 만족스러워서
여행 내내 이 곳만 왔습니다 🥺♥️
​
위스키판다에 대한 자세한 내용은
따로 포스팅 하겠습니다
​
Previous image
Next image
Previous image
Next image
📍대만 편의점
대만 타이베이 패밀리마트, 세븐일레븐 추천
​
​
일본 편의점 투어하듯
대만 편의점도 탈탈 털어봤습니다!
​
순서대로
​
- 炭火燒肉 숯불구이 돼지고기 주먹밥
대만 편의점은 주먹밥이 정말 맛있어요
무슨 맛을 먹어도 중간은 갑니다!!
​
- 滿漢大餐 牛肉麵 만한대찬 우육면
참고로 만한대찬은 고기 때문에 한국 반입이 안돼요!
그래서 대만에서만 먹을 수 있습니다
물론 한국 편의점에서도 가끔 보이지만,
(그 가격 주고 먹을 맛은 아님..)
​
- 자색미 주먹밥
오전에 먹은 판퇀 느낌이 날까싶어 먹어봤는데
전자레인지에 잘못 돌렸었는지 그렇게 맛있진 않았습니다..
​
- 계란 소고기 덮밥
현지인 분들이 많이 사가시길래 사봤는데
이게 제일 별로였습니다.
​
- 코이케야 매운 감자칩
매운 고추가 시즈닝으로 뿌려져있던 감자칩인데
맛있게 매웠고, 맵찔이라면 그냥 안 먹는 게 낫습니다.
남자친구가 매운 걸 잘 먹는 편인데 다 먹고 나서 입에서 불 났어요ㅠ
​
- ⭐️패밀리마트 크레이지 치즈 샌드위치
일명 피자샌드위치라고 불리는 건데 진짜 맛있어요!!!!
추천드립니다 🤤
​
- 대건면
볶음 컵라면이었는데 조금 느끼했어요
두 번 먹을 맛은 아니지만
기념품으로 사가기는 나쁘지 않을 것 같습니다!
​
- ⭐️오무라이스 카레 함박(?)
대만 갈 때마다 먹고 있는데 여전히 맛있습니다🤤
계란 지단도 두껍고 쌀도 맛있고, 고기도 든든하게 들어가 있어요
​
- ⭐️포도왕 콤부차
소화가 필요할 때, 쎄지 않은 탄산감을 원할 때 등등 추천드립니다.
이거 맛있더라고요!
대만 편의점에서 차 종류 음료수 4개 이상 마셔봤는데
다 무난무난한 정도였고, 이게 제일 나았어요
​
한국 콤부차보다 가루 떫은 맛이 덜 나고,
불필요한 단맛도 덜합니다!
​
​
길고 길었던 1일차를 마무리 짓고,
2일차로 돌아오겠습니다…
​",https://blog.naver.com/sipadram/224264912832,sip a dram,20260425,2026-04-27 15:29:03
세븐일레븐 립서비스위스키,신현송표 CBDC·스테이블코인 공존 구상 — 디지털 원화 시대... ,"단순한 립서비스가 아니라, BIS 경험에서 나온 판단인 셈이에요. 실제로 여당 TF에서도 &quot;이러한 입장... 소비자들이 예금토큰으로 세븐일레븐, 이디야커피, 교보문고 같은 오프라인 매장은 물론 현대홈쇼핑... ","​
​
안녕하세요 올빼미형이에요 🦉 오늘은 주가보다 더 큰 그림을 한번 그려볼까 해요. 신현송 한국은행 총재 후보자가 꺼낸 'CBDC와 스테이블코인 공존' 구상, 다들 뉴스에서 보셨죠? ""그게 내 주식이랑 무슨 상관이야?"" 싶으실 수 있는데, 이게 생각보다 파급력이 커요. 핀테크·블록체인·은행 섹터 전반에 영향을 줄 수 있는 정책 방향이거든요.
​
​
🦉 무슨 일이 있었나 — 팩트 정리
​
신현송 한국은행 총재 후보자는 국회 인사청문회에서 중앙은행 디지털화폐(CBDC)와 민간 스테이블코인의 관계를 '대체'가 아닌 '공존'으로 재정의했어요. 핵심 발언을 정리하면 이래요.
​
미래 통화 생태계 내에서 원화 스테이블코인도 보완·경쟁적으로 공존할 수 있을 것
신현송 한국은행 총재 후보자
​
이게 왜 의미 있냐면, 신현송 후보자는 BIS(국제결제은행)에서 12년간 근무하면서 CBDC를 설계한 핵심 인물이에요. 그런 분이 ""과거에는 스테이블코인이나 가상자산에 부정적이었던 건 사실""이라고 인정하면서도, 이제는 공존이 가능하다고 입장을 바꾼 거거든요. 단순한 립서비스가 아니라, BIS 경험에서 나온 판단인 셈이에요.
​
실제로 여당 TF에서도 ""이러한 입장 변화가 그간 제기돼 온 우려를 상당 부분 해소하는 전환점""이라고 평가했고, 국회 정무위원회 법안심사 제1소위원회가 4월 27일에 열려서 계류 중인 8건의 디지털자산 관련 법안 논의가 본격화될 전망이에요.
​
📐 설계 방향 — CBDC 중심, 스테이블코인은 보조
​
공존이라고 해서 둘이 동등한 건 아니에요. 신현송 후보자가 제시한 구조는 명확해요.
​
구분
CBDC + 예금토큰
원화 스테이블코인
위치
디지털 통화 생태계의 중심
보조적·보완적 수단
발행 주체
한국은행 / 시중은행
은행 우선 → 비은행 점진 확대
규제 수준
기존 금융 규제 적용
AML·KYC 충족 필수
목적
통화 안정성·신뢰 확보
혁신·편의성 경쟁 촉진
​
​
​
쉽게 말해서, CBDC와 예금토큰이 '국도'라면 스테이블코인은 '샛길' 같은 거예요. 메인은 중앙은행이 깔되, 민간 혁신의 여지도 열어두겠다는 거죠. 특히 원화 스테이블코인 발행은 ""규제 수준이 높은 은행 중심으로 우선 허용한 뒤 점차 확대""하겠다는 게 핵심이에요.
​
🟢 핵심 이슈 ① 프로젝트 한강 2단계 — 실생활 검증 시작
​
말로만 하는 게 아니라 이미 실험이 진행 중이에요. 한국은행의 '프로젝트 한강' 2단계는 올해 4~6월 진행되는 대형 CBDC 실증 사업이에요.
​
참여 은행은 1단계 7개(KB국민·신한·우리·하나·기업·NH농협·BNK부산)에 BNK경남은행과 iM뱅크가 새로 합류해서
총 9개 은행
체제로 확대됐어요. 소비자들이 예금토큰으로 세븐일레븐, 이디야커피, 교보문고 같은 오프라인 매장은 물론 현대홈쇼핑 등 온라인 쇼핑까지 실제 결제를 테스트하고 있어요.
​
더 주목할 점은 기후에너지환경부와 협력해서 전기차 충전 인프라 보조금(연간 약 110조원 규모 정부 보조금 중 일부)을 예금토큰 형태로 지급하는 실험도 시작한다는 거예요. 이건 단순 결제가 아니라 정부 보조금 유통까지 디지털화폐로 하겠다는 의지인 셈이죠.
​
📌 프로젝트 한강이 성공하면, CBDC 기반 디지털 화폐 인프라 전체의 상용화 시계가 빨라진다
​
🟢 핵심 이슈 ② 디지털자산기본법 — 입법 탄력
​
사실 이 이슈의 진짜 임팩트는 입법이에요. 국회에는 디지털자산 관련 법안이 8건이나 계류 중인데, 신현송 후보자의 '공존론'이 교착 상태를 풀 열쇠가 될 수 있거든요.
​
4월 27일 정무위 법안심사 소위가 예정돼 있고, 디지털자산기본법이 통과되면 스테이블코인 발행 구조, 거래소 지배구조 등 업계 전체의 게임 룰이 정해져요. 그동안 ""규제 불확실성"" 때문에 발목 잡혔던 핀테크·블록체인 기업들에게는 상당한 호재가 될 수 있어요.
​
📌 디지털자산기본법 통과 여부가 관련 섹터의 중장기 방향성을 결정짓는 변수
​
💰 수혜·영향 섹터 분석
​
1) 은행 — 디지털 원화의 주인공
​
신현송 구상의 핵심은 ""은행 중심 발행""이에요. CBDC 예금토큰도, 원화 스테이블코인 초기 발행도 모두 은행이 맡게 돼요. KB국민·신한·하나·우리 등 프로젝트 한강 참여 은행들이 디지털 화폐 인프라의 핵심 플레이어가 되는 구조예요. 다만 이건 이미 기대감이 주가에 반영된 측면이 있어서, 추가 업사이드보다는 중장기 구조적 수혜로 봐야 해요.
​
2) 블록체인 인프라 — 삼성SDS, LG CNS
​
CBDC든 스테이블코인이든 결국 블록체인 네트워크 위에서 돌아가요. 삼성SDS는 프로젝트 한강의 '블록체인 네트워크 구축 파트너'로 선정된 바 있고, LG CNS는 자체 블록체인 플랫폼 '모나체인'으로 원화 스테이블코인 기술 검증 파일럿에 참여 중이에요. 이 두 기업은 디지털 화폐 인프라의 백본(backbone)을 담당하는 셈이죠.
​
3) 핀테크·결제 — 카카오페이, NHN KCP, 쿠콘
​
디지털 화폐가 실생활에서 쓰이려면 결제 인프라가 필수예요. 카카오페이·카카오뱅크는 원화 스테이블코인 대장주로 꼽히고 있고, 쿠콘은 국내 200만 개 이상의 오프라인 가맹점과 ATM 인프라를 바탕으로 QR 결제 서비스를 제공하고 있어요. NHN KCP도 온라인 결제 연동 측면에서 수혜가 기대돼요.
​
4) 보안·인증 — 드림시큐리티, 아톤
​
디지털 화폐 생태계에서 AML(자금세탁방지)·KYC(고객확인의무) 인프라는 필수예요. 드림시큐리티는 신현송 후보자의 공존론 발언 직후 테마주로 상한가를 기록한 바 있고요. 아톤은 NH농협은행과 CBDC 디지털 화폐 시스템 구축 경험이 있어서 관련 수혜주로 주목받고 있어요.
​
참고로 핑거(163730)도 핀테크 + 블록체인 신사업을 선언한 기업이에요. CB 500억+BW 300억 총 800억 자금조달로 사업 확장을 추진 중이니, 디지털 화폐 생태계 확장의 간접 수혜도 기대해볼 수 있어요.
핑거(163730) 종목분석 — CB 500억+BW 300억 총 800억 자금조달에 상한가 직행, AI·블록체인 신사업 선언한 핀테크 기업의 현주소
안녕하세요 올빼미형이에요 🦉 오늘 핑거가 장 초반부터 상한가로 직행했더라고요. 전환사채 500억, 신주...
blog.naver.com
​
⚠️ 리스크 요인 — 장밋빛만은 아니에요
​
솔직히 좋은 얘기만 하면 안 되겠죠. 몇 가지 리스크도 짚어볼게요.
​
첫째, 신현송 후보자가 총재로 취임한 뒤 첫 정책 연설에서는 CBDC와 예금토큰만 언급하고
스테이블코인은 빠졌어요.
인사청문회에서의 '공존론'과 실제 정책 간 온도차가 있을 수 있다는 신호예요.
​
둘째, 은행 중심 발행 구조는 기존 핀테크·가상자산 업체들에게는 오히려 진입장벽이 될 수 있어요. 비은행 발행이 허용되더라도 AML·KYC 규제를 충족해야 하니까, 소규모 업체는 비용 부담이 클 거예요.
​
셋째, 디지털자산기본법이 4월 27일 소위에서 논의되더라도 본회의 통과까지는 시간이 더 걸릴 수 있어요. 거래소 지배구조(은행 50%+1주 지분) 문제가 아직 합의되지 않았거든요.
​
📌 정책 방향은 긍정적이나, 인사청문회 발언과 실제 정책 간 간극에 주의 필요
​
🔮 시나리오별 전망
​
시나리오
전개
시장 영향
낙관
디지털자산기본법 상반기 통과 + 프로젝트 한강 성공
핀테크·블록체인 섹터 본격 리레이팅
기본
법안 일부만 통과, CBDC 실험 연장
테마성 관심 유지, 종목별 차별화
비관
법안 재계류 + 스테이블코인 규제 강화
관련주 차익실현 압력
​
​
​
개인적으로는 기본 시나리오가 가장 가능성이 높다고 봐요. 신현송 총재가 BIS 출신답게 신중한 스타일인 만큼, 급진적 변화보다는 단계적 접근을 할 가능성이 높거든요. 다만 프로젝트 한강 2단계 결과가 좋으면 속도가 빨라질 수 있으니, 6월 실험 종료 시점이 중요한 체크포인트예요.
​
📝 투자 시사점 — 개인 투자자 대응 전략
​
이건 단기 테마가 아니라 중장기 구조적 변화예요. 단기 급등 종목을 쫓기보다는 실제 CBDC·스테이블코인 인프라를 구축하는 기업을 선별하는 게 중요해요.
​
체크 포인트를 정리하면요. ① 4월 27일 정무위 법안심사 소위 결과 확인 ② 프로젝트 한강 2단계 중간 결과(5~6월) ③ 신현송 총재의 추가 정책 발언 — 이 세 가지 이벤트를 순서대로 지켜보면서 대응하는 게 좋겠어요.
​
특히 ""CBDC 테마주""라는 이름만으로 급등한 종목은 주의하세요. 실제 사업 연관성이 있는지, 매출에 기여할 수 있는 구체적 경로가 있는지를 꼭 확인하셔야 해요.
​
❓ 자주 묻는 질문
​
Q. CBDC랑 스테이블코인이랑 뭐가 다른 건가요?
​
A. 쉽게 말해서 CBDC는 중앙은행(한국은행)이 직접 발행하는 디지털 화폐예요. 지폐의 디지털 버전이라고 보면 돼요. 반면 스테이블코인은 민간 기업이 발행하는 건데, 원화 같은 법정화폐에 1:1로 가치를 연동시킨 거예요. CBDC가 '관영', 스테이블코인이 '민영'이라고 이해하시면 됩니다.
​
Q. 이게 지금 당장 주가에 영향을 주나요?
​
A. 솔직히 단기적으로는 테마성 이슈에 가까워요. 드림시큐리티가 상한가를 가는 등 테마주 움직임은 이미 나왔고요. 하지만 실제 사업 매출로 이어지려면 디지털자산기본법 통과와 프로젝트 한강 상용화가 전제돼야 해서, 최소 하반기 이후를 봐야 해요. 지금 시점에서는 '관심 종목 리스트에 넣어두는' 정도가 적절해요.
​
Q. 달러 스테이블코인(USDT, USDC)은 한국에서 어떻게 되나요?
​
A. 신현송 총재 후보자의 구상은 철저히 '원화 기반'이에요. 비기축통화국인 한국 입장에서 달러 스테이블코인이 국내에서 널리 쓰이면 원화 주권이 약화될 수 있거든요. 그래서 달러 스테이블코인 사용은 오히려 억제되는 방향으로 갈 가능성이 높고, 원화 스테이블코인 중심으로 생태계가 조성될 거예요.
​
​
📋 출처
​
· 파이낸셜뉴스 ""신현송 '스테이블코인 공존' 선회…꽉 막힌 입법 '청신호'"" (2026.04.17)
​
· 헤럴드경제 ""신현송, 스테이블코인 긍정 선회…중심은 'CBDC'"" (2026.04.17)
​
· 아시아경제 ""CBDC·스테이블코인 공존…'디지털 통화 투트랙' 현실화되나"" (2026.04.20)
​
· 파이낸셜뉴스 ""첫날부터 CBDC 띄운 신현송…'한발 앞서 디지털화폐 준비'"" (2026.04.21)
​
· 뉴스웨이 ""'한강 프로젝트' 2단계 출격…수익성·편의성 난제 푼다"" (2026.04.10)
​
​
본 글은 개인적인 분석 공유이며 투자 권유가 아닙니다. 투자 판단은 본인이 하세요 :) 다음에 또 정리해올게요 🦉
​
​",https://blog.naver.com/owlstock-/224263334421,야간연구소 by 올빼미형,20260424,2026-04-27 15:29:05
세븐일레븐 립서비스위스키,"한국 여행 갈 곳 추천 (외국인용,for foreigners)","Brand: 다비치안경 (Davich Optical) — 전국 체인 Why Davich: 서비스가 친절하고, 시력검사 → 렌즈 가공 → 수령까지 30분~1시간이면 끝나요. 영어 가능 직원이 있는... ","Hello everyone,
​
This post will be the introduction of Korea and recommendation places for foreigners.
If you are hesitating where to go, where to eat,
you found the right post!
​
feel free to share this post to your friends.
you can easily translate this page in english through chrome website.
​
This post is for my friend, Klaudia from poland.
​
안녕하세요.
이번 포스팅은 제 외국인 친구들이
한국 여행시에 갈 곳을 항상 추천해달라고 해서 써보는
추천글입니다.
우리 플레이스는 핫플이다. 추천한다 하는 장소가 있으시면
댓글에 추천해주세요. 나중에 더 다뤄볼게요.
​
1. 한국에서 맛볼 수 있는 먹거리와 식당들
​
일단 한국 음식점을 쉽게 찾으려면 한국인들이 애용하는 식당 앱을 까는것을 추천합니다.
한국은 대체적으로 웨이팅이 많고 맛집들은 앱을 통해 원격으로 웨이팅을 하는게 보편적이기 때문에
추천합니다.
플레이스토어나 애플앱스토어에서
​
네이버 지도 (Naver Map)
스푼 (spoon)
다운받습니다.
​
가끔 리스트를 보면 구글지도에서 맛집 저장 리스트가 있듯이,
이곳에도 저장리스트 들이 있는데요.
​
블루리본 (michellin과 비슷하나 미슐렝보다 훨씬 싸고 가격이 아닌 맛으로만 평가하는 로컬 딱지)
흑백요리사의 식당리스트. 넷플릭스에서 흑백요리사가 아주 유행했었죠? 유명 맛집들을 가볼 기회입니다.
​
제가 추천하는 먹어볼 음식들은
김치찌개 (kimchi stew)
감자탕 (pork bone stew)
간장게장 (soy sauce marinated raw crab)
bbq 치킨, 뿌링클 치킨 (korean fried chicken, especially ppulinkle cheese chicken)
시장 길거리 음식 (gwangjang street market food)
이에요.
​
위 음식들은 해외에도 수많은 한국 음식점에서 불고기, 비빔밥등
한식들을 쉽게 접할 수 있지만 특히 한국에서 먹으면 맛있는 음식들이에요.
​
🍽️ Must-Try Restaurants & Food Spots in Seoul
Below are my personal picks + curated recommendations from
Blue Ribbon Survey
and
Netflix's Culinary Class Wars (흑백요리사)
. I focused on places that are
delicious but won't destroy your wallet.
📍 1. Gwangjang Market (광장시장) — The Ultimate Street Food Experience
What it is:
Korea's oldest and most iconic traditional market. This is THE place for street food — it's chaotic, loud, and absolutely delicious. You've probably seen it on Netflix or YouTube.
Must-eat items:
Food
Korean
Price Range
Mung bean pancake
빈대떡
₩5,000–₩8,000
Addictive mini kimbap
마약김밥
₩3,000–₩5,000
Raw beef tartare
육회
₩12,000–₩18,000
Knife-cut noodles
칼국수
₩7,000–₩9,000
Tteokbokki & sundae
떡볶이 & 순대
₩4,000–₩6,000
Famous vendors to look for:
순희네 빈대떡
(Sunhee's Bindaetteok) — the most iconic stall, always has a line. Crispy mung bean pancake. You can't miss the ajumma flipping them on a giant griddle.
모녀 마약김밥
(Mother-Daughter Mayak Gimbap) — the original ""addictive"" mini gimbap. Dipped in mustard-soy sauce. Dangerously good.
육회자매
(Yukhoe Sisters) — for raw beef tartare lovers. Fresh and served with sesame oil and egg yolk.
📍
Address:
88 Changgyeonggung-ro, Jongno-gu, Seoul (서울 종로구 창경궁로 88)
🚇
Subway:
Jongno 5-ga Station (종로5가역), Exit 8 — 2 min walk
⏰
Hours:
Most stalls open 9:00 AM–11:00 PM (varies; some closed Sundays)
🔗
Naver Map:
""광장시장"" 검색
Tip:
Go around 11 AM or after 2 PM to avoid the worst crowds. Weekday lunch is best.
📍 2. Ganjang Gejang (간장게장) — ""Rice Thief"" Soy-Marinated Raw Crab
This dish is nicknamed 밥도둑 (rice thief) because you'll eat SO much rice with it. Sweet, savory raw crab marinated in soy sauce — uniquely Korean and hard to find abroad.
Recommended Restaurants:
⭐ Pro Ganjang Gejang (프로간장게장)
One of the most popular ganjang gejang chains in Seoul. Great quality, reasonable price, and less intimidating for first-timers.
💰
Price:
Lunch set ₩15,000–₩18,000 / Dinner ₩20,000–₩30,000
📍
Recommended branch:
Sinsa branch (신사점) — 서울 강남구 도산대로15길 20
🚇 Sinsa Station (신사역), Exit 8, 5 min walk
⏰ 11:00–22:00
🔗
Naver Map
⭐ Jinmi Sikdang (진미식당)
A neighborhood legend in Mapo — no-frills, authentic, and Blue Ribbon certified. The gejang here is incredibly fresh.
💰
Price:
₩16,000–₩25,000
📍 서울 마포구 마포대로16길 9
🚇 Mapo Station (마포역), Exit 2, 5 min walk
⏰ 11:00–21:30 (break 15:00–17:00)
🏷️
Blue Ribbon Certified
🔵
Tip for foreigners:
You eat it with rice, seaweed, and side dishes. Don't be afraid of ""raw"" — it's marinated. Crack the shell, scoop the insides onto rice. Heaven.
📍 3. Blue Ribbon Picks (블루리본) — Quality Without the Michelin Price Tag
What is Blue Ribbon?
Think of it as Korea's local version of Michelin — but focused purely on
taste
, not ambiance or service. Many Blue Ribbon spots are humble, affordable restaurants that just happen to make incredible food.
💡 You can check Blue Ribbon restaurants on the
Naver Map app
— look for the 🔵 blue ribbon badge on restaurant listings.
My affordable Blue Ribbon picks in Seoul:
Restaurant
Cuisine
Price Range
Location
이문설농탕
(Imun Seolnongtang)
Ox bone soup (설렁탕)
₩11,000–₩14,000
Jongno 종로
진미식당
(Jinmi Sikdang)
Ganjang gejang
₩16,000–₩25,000
Mapo 마포
을지면옥
(Eulji Myeonok)
Cold noodles (냉면)
₩13,000–₩16,000
Euljiro 을지로
남포면옥
(Nampo Myeonok)
Cold noodles & Korean BBQ
₩12,000–₩35,000
Jongno
만두집
(Mandujip)
Dumplings & kalguksu
₩8,000–₩12,000
Euljiro
​
🏆 Spotlight: 이문설농탕 (Imun Seolnongtang)
Korea's oldest restaurant — established in 1904.
Over 120 years of history. The ox bone soup is milky white, deeply savory, and simple. A must-visit for food history nerds.
📍 서울 종로구 우정국로2길 38-13
🚇 Jongno 3-ga Station (종로3가역), Exit 4, 5 min walk
💰 설렁탕 ₩12,000
⏰ 08:00–21:00
🔗
Naver Map
📍 4. Culinary Class Wars (흑백요리사) Restaurants — Best Value Picks
Netflix's
Culinary Class Wars (흑백요리사)
was a massive hit in Korea. Many contestants run their own restaurants. Here are the
budget-friendly
ones worth visiting:
​
1) 나폴리맛피아 (Napoli Matfia) — 권성준 셰프
Menu:
이탈리안 (파스타, 피자)
Address:
서울 용산구 이태원로 226 / 226 Itaewon-ro, Yongsan-gu
Pr
ice:
파스타 ₩12,000 / 피자 ₩25,000
Why:
흑백요리사 우승자! 이태원에 위치해 외국
인 접근성도 좋아요.
Winner of the show! Located in Itaewon, foreigner-friendly area.
2) 미정국수 (Mijeong Guksu) — 미정 셰프
Menu:
잔치국수, 비빔국수 (Korean noodles)
Address:
서울 서초구 사평대로 지하 210 / Express Bus Terminal Underground Mall
Price:
₩6,000~9,000 💰 가성비 최강
Why:
₩만원 이하로 따뜻한 한 끼. 고터 지하상가에 있어서 쇼핑 겸 가능.
Under ₩10,000 for a warm meal. In the Express Bus Terminal underground—combine with shopping.
3) 흥부찜닭 (Heungbu Jjimdak) — 흥부 셰프
Menu:
찜닭 (braised chicken)
Address:
서울 종로구 돈화문로 28-1 / 28-1 Donhwamun-ro, Jongno-gu (종로)
Price:
2인 ₩28,000~35,000
Why:
2인이서 배터지게 먹을 수 있는 찜닭. 매콤달콤 한국 맛.
Huge portion of sweet-spicy braised chicken for 2.
4) 만돌식당 (Mandol Sikdang)
Menu:
제육볶음, 김치찌개 (Korean home-style)
Address:
서울 마포구 동교로 241 / Hongdae area
Price:
₩9,000~12,000
Why:
한국 가정식의 정석. 외국인이 한국 집밥 경험하기 딱.
​
흑백요리사 : 네이버 검색
'흑백요리사'의 네이버 검색 결과입니다.
m.site.naver.com
Tip:
Many 흑백요리사 restaurants now have INSANE wait times.
Book ahead on Catchtable (캐치테이블) or Tabling (테이블링) apps.
Download them before you go!
📍 5. Korean Fried Chicken — Eat It In-Store!
You can order delivery, but I HIGHLY recommend eating fried chicken at the actual restaurant. It's crispier, hotter, and the vibe is part of the experience — beer + chicken (치맥, chimaek) is a Korean institution.
⭐ My Pick: BBQ Chicken — Ppuringkle (뿌링클)
The
Ppuringkle cheese seasoning
is addictive. It's a sweet, cheesy powder that coats the crispiest fried chicken. You CANNOT get this flavor outside Korea.
🍗
Must-order:
뿌링클 치킨 (Ppuringkle Chicken) + 뿌링클 감자 (Ppuringkle Fries)
💰 ₩18,000–₩22,000 per chicken
📍 BBQ Chicken branches are EVERYWHERE. Find the nearest one on Naver Map.
🍺
Pair with:
Korean beer (Cass, Terra) or soju for the full 치맥 experience
🔗
BBQ Chicken Store Finder
​
개인적으로 꼭 추천하는 치킨이에요.
매장에서 먹는 걸 추천합니다.
갓 튀긴 뿌링클은 배달과 차원이 달라요.
치즈 파우더가 바삭한 치킨 위에 뿌려져 있는데,
맥주랑 먹으면 이게 한국이구나 싶을 거예요.
I personally recommend eating this
in-store (dine-in)
. Freshly fried Ppuringkle is on a different level from delivery. Cheese powder on crispy chicken + Korean beer = heaven.
Brand:
BBQ치킨 (BBQ Chicken) — 전국 어디든 매장 있음
What to order:
뿌링클 (Ppuringkle) + 치즈볼 (Cheese Ball) + 맥주 (Beer)
Price:
뿌링클 한 마리 ₩20,000~22,000
How to find:
네이버 지도에서 ""BBQ치킨"" 검색하면 가장 가까운 매장 나와요
Search ""BBQ Chicken"" on Naver Map for the nearest location.
​
Tip:
Other great chicken brands to try —
Kyochon (교촌)
for soy-garlic,
Puradak (푸라닭)
for black garlic,
Goobne (굽네)
for oven-roasted.
📍 6. Kimchi Jjigae & Gamjatang — Korean Soul Food
Kimchi Jjigae (김치찌개)
Recommended:
김치찌개 is best at small, local restaurants. Look for places where Korean office workers eat lunch — that's always a good sign.
Easy pick:
청와옥 (Cheongwaok)
in Jongno — simple, classic, cheap. ₩8,000–₩10,000.
Gamjatang (감자탕) — Pork Bone Stew
Recommended:
감자골 (Gamjagol)
— open 24 hours, great for a late-night warm-up after drinking.
💰 ₩10,000–₩12,000
📍 Multiple locations — Sinchon/Hongdae area is convenient
🔗 Search ""감자골"" on Naver Map
​
👓 안경 맞추기 — 다비치안경 (Davich Optical)
한국에서 안경 맞추는 건 외국인들이 정말 놀라는 경험 중 하나예요.
당일 수령 가능 + 가격도 해외 대비 훨씬 저렴
하거든요.
Getting glasses in Korea is something that genuinely shocks foreigners.
Same-day pickup + way cheaper than most countries.
Brand:
다비치안경 (Davich Optical) — 전국 체인
Why Davich:
서비스가 친절하고, 시력검사 → 렌즈 가공 → 수령까지
30분~1시간
이면 끝나요. 영어 가능 직원이 있는 지점도 많아요.
Friendly service, eye test → lens grinding → pickup in
30 min to 1 hour
. Many branches have English-speaking staff.
Price range:
프레임+렌즈 ₩50,000~200,000 (depending on frame brand & lens type)
Tip:
명동, 홍대, 강남 지점은 외국인 응대 경험이 많아요.
Myeongdong, Hongdae, and Gangnam branches are used to serving foreigners.
Naver Map:
""다비치안경 홍대"" 또는 ""다비치안경 명동"" 검색
🔮 사주카페 (Saju Cafe — Korean Fortune Telling)
사주는 한국의 전통 운세 시스템이에요. 생년월일시를 기반으로 인생의 흐름을 봐주는 건데, 요즘은 카페 형태로 편하게 상담받을 수 있어요.
외국인도 영어 상담 가능한 곳
을 추천할게요.
Saju is Korea's traditional fortune-telling system based on your birth date and time. These days, you can get readings in a cozy cafe setting—and yes, in English!
추천: 신점살롱 or 사주살롱 홍대 (Hongdae area)
홍대 근처에 외국인 상담이 가능한 사주카페들이 여러 곳 있어요. 그중 유명한 곳:
1) 점점서울 (Jeomjeom Seoul)
Address:
서울 마포구 와우산로29길 19 / Hongdae area
Price:
₩20,000~40,000 (기본 사주 상담)
Features:
영어 통역 가능, 외국인 후기 많음, 인스타에서 예약 가능
English interpretation available. Many foreigner reviews. Book via Instagram.
Instagram:
@jeomjeom_seoul (예약 및 정보 확인)
​
​
PART 1: 서울 사주카페 상세 가이드
외국인 영어 상담 가능한 곳 위주로 정리했어요
1)
재미난 조각가 (The Funny Sculptor)
What is this place?
홍대에 있는 독특한 컨셉의 공간이에요. 원래 **미니 초상 조각(캐리커처 조각상)**을 만들어주는 곳으로 유명한데, 사주·타로 상담도 함께 운영하고 있어요. 외국인 관광객 사이에서도 입소문 타서 방문이 꽤 많아요.
It's a unique spot in Hongdae famous for making mini portrait sculptures (caricature figurines) of you. They also offer saju & tarot readings. Very popular among foreign tourists!
​
📍 Location:
서울 마포구 홍대 일대 (홍대입구역 9번 출구 도보 약 5
10분)
Hongdae area, Mapo-gu — about 10 m
in walk from Hongdae Station Exit 9
💡 정확한 주소는 네이버 지도에서
""재미난 조각가 홍대""
검색하면 바로 나와요!
Search
""재미난 조각가""
on Naver Map for exact location & directions.
🎨 할 수 있는 것들:
체험
내용
가격대
미니 초상 조각
작가가 얼굴을 보고 미니어처 조각상을 만들어줌. 세상에 하나뿐인 기념품!
₩20,000~50,000 (크기/디테일에 따라)
사주 상담
생년월일시 기반 운세 상담
₩20,000~40,000
타로 상담
카드 기반 운세
₩15,000~30,000
🌍 외국인 포인트:
✅ 외국인 방문 경험 많음 — 홍대 관광 코스에 포함된 곳
✅ 영어 소통 가능 (기본적인 상담은 OK)
✅ 조각 + 사주를 한 곳에서 둘 다 할 수 있어서 시간 절약
📸 조각상은 세상에 하나뿐인 여행 기념품이 됨!
⏰ 운영 정보:
보통 오후~저녁 영업 (정확한 시간은 네이버 지도에서 확인)
주말은 웨이팅 있을 수 있음
예약 없이 워크인 가능하지만, 조각은 시간 소요되므로 여유 있게 방문
확인해볼 곳들:
연남동 타로카페 거리
— 연남동 경의선숲길 주변에 타로·사주 카페 밀집
홍대 KT&G 상상마당 근처
— 예술가 운영 점술 카페들이 간간이 팝업으로도 열림
​
점점서울 (Jeomjeom Seoul)
⭐ 기존 추천
Address:
서울 마포구 와우산로29길 19 (홍대)
Price:
사주 기본 상담 ₩25,000~40,000
Language:
영어 통역 가능 (사전 예약 시 요청)
Instagram:
@jeomjeom_seoul
특징:
카페 분위기, 외국인 후기 많음. MZ세대 감성.
2) 사주카페 살롱드사주 (Salon de Saju)
⭐ 추천
Address:
서울 마포구 양화로 186 (홍대입구역 근처)
Price:
₩20,000~50,000 (상담 종류에 따라)
Features:
깔끔한 카페 인테리어
영어 상담 가능 세션 운영
사주 + 타로 조합 상담도 가능
예약:
네이버 예약 or 인스타 DM
Best for:
사주가 처음인 외국인. 분위기가 편안해서 부담 없음.
3) 신점살롱 홍대 (Sinjeom Salon Hongdae)
Area:
홍대 / 연남동
Price:
₩30,000~50,000
Features:
신점 (Sinjeom)
= 무속인(shaman) 스타일의 점. 사주와는 다른 느낌!
더 신비로운 분위기를 원하면 추천
일부 상담사 영어 가능, 통역 동반도 OK
Instagram:
@sinjeom_salon (확인 필요)
Note:
사주는 생년월일 기반이고, 신점은 영적 교감 기반이에요. 외국인 친구에게 차이를 설명해주면 좋아요.
Saju
= based on birth date/time (like astrology)
Sinjeom
= spiritual/shaman-style reading (more mystical)
4) 운세카페 궁 (Fortune Cafe Gung)
Area:
인사동 (Insadong) — 전통 거리 분위기
Price:
₩15,000~35,000
Features:
인사동 전통 거리에 위치해서 관광 코스와 합치기 좋음
한옥 느낌 인테리어
외국인 관광객 비율 높아서 영어 대응 익숙
간단한 운세부터 심층 사주까지 선택 가능
Nearest Subway:
안국역 (Anguk Station) Line 3
​
5) 포춘인서울 (Fortune in Seoul)
Area:
명동 / 을지로 일대
Price:
₩20,000~40,000
Features:
외국인 전문 사주 상담
영어, 일본어, 중국어
상담 가능
관광객 특화 → 설명이 친절하고 이해하기 쉽게 해줌
Best for:
한국어 전혀 못하는 외국인도 혼자 갈 수 있음
📋 사주카페 비교 정리표
카페
위치
가격
영어
분위기
추천 대상
점점서울
홍대
₩25,000~
✅
MZ 카페
처음 가보는 외국인
살롱드사주
홍대
₩20,000~
✅
깔끔 모던
사주+타로 둘 다
신점살롱
홍대/연남
₩30,000~
⚠️ 일부
신비로움
독특한 경험 원할 때
운세카페 궁
인사동
₩15,000~
✅
한옥 전통
관광+사주 동시에
포춘인서울
명동
₩20,000~
✅✅
관광객 특화
한국어 0인 외국인
🔮 사주카페 방문 팁 (Tips for Foreigners)
text
준비물: ✅ 생년월일 (Date of birth) ✅ 태어난 시간 (Birth time) — 모르면 ""모른다""고 해도 OK ✅ 질문 리스트 (Questions) — 연애, 커리어, 건강 등 ✅ 현금 (일부 카페는 현금만 받음) 예약: 📱 인스타 DM 또는 네이버 예약 📅 주말은 예약 필수! 평일은 워크인 가능한 곳도 있음
​
💡 사주카페 예약 시 **생년월일 + 태어난 시간(모르면 대략적으로)**을 준비하세요.
When booking, prepare your
exact birth date + birth time
(approximate is OK if unsure).
👘 한국 스타일 의류 — 삼청동 & 북촌 (Samcheong-dong & Bukchon)
경복궁 옆 **삼청동(Samcheong-dong)**과
북촌한옥마을(Bukchon Hanok Village)
일대에 한국 감성 의류 편집숍, 모던 한복 가게, 독립 디자이너 브랜드 숍이 밀집해 있어요. 갤러리도 많아서 구경하면서 쇼핑하기 좋아요.
The area around Gyeongbokgung Palace —
Samcheong-dong
and
Bukchon
— is packed with Korean-style clothing boutiques, modern hanbok shops, and indie designer stores. Lots of galleries too!
추천 거리 & 가게:
장소
뭐가 있나
위치
삼청동 메인 거리
모던한복, 독립 디자이너 숍, 갤러리
경복궁역 5번 출구 → 도보 10분
북촌한옥마을 입구
한복 체험 대여, 전통 공예숍
안국역 2번 출구 → 도보 5분
익선동 (Ikseon-dong)
레트로 감성 편집숍, 한복 퓨전 의류
종로3가역 4번 출구 → 도보 3분
통인시장 근처
빈티지 + 한국 감성 소품숍
경복궁역 2번 출구
💡
익선동
은 최근 몇 년간 가장 핫한 동네예요. 한옥 골목에 트렌디한 카페와 옷가게가 들어서 있어서 외국인 친구가 사진 찍기도 좋아요.
Ikseon-dong
is one of Seoul's trendiest neighborhoods. Traditional hanok alley + trendy cafes and boutiques = perfect for photos.
🏥 외국인 진료 가능 한의원 (Korean Traditional Medicine for Foreigners)
한의학 체험은 한국에서만 할 수 있는 특별한 경험이에요. 침, 부항, 한약 상담 등을 받아볼 수 있어요.
Korean Traditional Medicine (한의학, Hanuihak) is a unique experience. Acupuncture, cupping, herbal medicine consultations—all available for foreigners.
추천:
1) 강남경희한의원 (Gangnam Kyunghee Korean Medicine Clinic)
Address:
서울 강남구 테헤란로 지역 (정확한 주소는 네이버맵 참고)
Features:
영어 상담 가능, 외국인 환자 다수
What you can try:
침술 (Acupuncture), 부항 (Cupping), 체질 진단
Price:
초진 ₩50,000 / 침치료 ₩30,000
2) 자생한방병원 (Jaseng Hospital of Korean Medicine)
Address:
서울 강남구 강남대로 536 / 536 Gangnam-daero, Gangnam-gu
Website:
jaseng.co.kr
(English page available)
Features:
대형 한방병원. 외국인 전담 데스크 있음. 통역 서비스.
Large-scale Korean medicine hospital. Dedicated foreign patient desk + interpretation.
Best for:
체계적인 진료를 원할 때. 관광 + 치료 병행 가능.
3) 서울대학교 한방병원 (SNU Korean Medicine Hospital)
Address:
서울 동대문구 경희대로 1 (경희의료원 내)
Features:
대학병원급. 신뢰도 높음. 외국인 진료 가능.
💡 한의원 방문 전
여권
을 꼭 챙기세요. 외국인 등록이 필요할 수 있어요.
Bring your
passport
when visiting. Foreign patient registration may be required.
✅ PART 3: 팝업스토어 & 한강
🎪 서울 팝업스토어 (Pop-up Stores — Late April 2025)
서울은 팝업의 성지예요. 성수동, 홍대, 강남 일대에 매주 새로운 팝업이 열려요.
활동이 많고, 럭키드로우가 있는 곳
위주로 찾는 법을 알려드릴게요.
Seoul is the pop-up capital of Korea. New pop-ups open every week in Seongsu-dong, Hongdae, and Gangnam.
⚠️ 팝업스토어는 특성상
날짜와 장소가 수시로 바뀌기 때문에
, 아래 사이트에서 실시간으로 확인하는 걸 추천해요:
팝업 정보 확인 사이트 & 앱:
플랫폼
링크
특징
팝플리 (Popply)
popply.co.kr
팝업 전용 플랫폼. 날짜/지역별 필터
서울팝업 인스타
@seoul.popup
매주 업데이트
팝업진 (Pop-up Zine)
인스타 @popupzine
럭키드로우/체험형 팝업 위주 소개
네이버 ""팝업스토어"" 검색
naver.com
""서울 팝업스토어 4월"" 검색
팝업 핫스팟 (가면 뭐라도 있는 동네):
1) 성수동 (Seongsu-dong)
🔥
서울 팝업의 메카. 거의 매일 2~3개 팝업이 동시 진행.
Nearest Subway:
성수역 (Seongsu Station) Line 2
거리 자체가 카페 + 팝업 + 편집숍으로 가득해서, 팝업 하나 보고 주변 구경만 해도 반나절.
The mecca of Seoul pop-ups. Almost always 2-3 running simultaneously. The neighborhood itself is worth exploring.
2) 더현대 서울 (The Hyundai Seoul)
Address:
서울 영등포구 여의대방로 108
백화점이지만 지하 1~2층이 항상 팝업 + 전시로 채워져 있어요.
Department store with constant pop-ups and exhibitions on B1-B2 floors.
3) 홍대 (Hongdae)
거리 곳곳에 소규모 팝업, 특히 KT&G 상상마당 근처.
💡
럭키드로우 팁:
팝업 입장 시 인스타그램 팔로우나 앱 다운로드를 요구하는 경우가 많아요. 한국 번호가 없어도 참여 가능한 곳이 대부분이지만,
카카오톡
은 미리 설치해두면 편해요.
Many pop-ups require Instagram follow or app download for lucky draws. Install
KakaoTalk
beforehand—it helps!
실시간 팝업 확인하는 법 (Best Way to Find Pop-ups RIGHT NOW)
1) 팝플리 (Popply)
⭐ 최강 추천
Website:
popply.co.kr
App:
iOS / Android 모두 있음
날짜별, 지역별 필터 가능
""진행중"" 탭
누르면 오늘 열려있는 팝업 전부 나옴
럭키드로우, 체험형, 무료 여부도 표시됨
사용법:
앱 열기 → 서울 → 날짜 4/23~4/30 → 필터: ""체험형"" ""럭키드로우""
2) 서울팝업 인스타그램
@seoul.popup
— 매주 월요일 ""이번 주 팝업"" 정리 게시물 올림
@popupzine
— 체험형/활동형 팝업 위주
@popup_store_korea
— 전국 팝업 소개
3) 네이버 검색
""서울 팝업스토어 2026년 4월""
검색
""성수동 팝업 이번주""
검색
블로그 탭에서 최신순 정렬하면 방문 후기 바로 나옴
4) 카카오톡 채널
""팝플리"" 카카오톡 채널 추가 → 매일 알림 받기 가능
📍 서울 팝업 핫스팟 — 가면 거의 항상 뭔가 있는 곳
1) 성수동 (Seongsu-dong)
🔥🔥🔥
​
📍 성수역 (Line 2) Exit 3, 4 왜: 서울 팝업의 성지. 매일 최소 2~5개 동시 진행. 특징: 패션, 뷰티, 식품, 캐릭터 팝업 다양 럭키드로우: 거의 매 팝업마다 있음 핫 스팟: - 성수 연방 (대형 팝업 공간) - 에스팩토리 (S-Factory) - 성수동 뚝딱거리 일대 - XYZ 성수 (복합 팝업 공간)
2) 더현대 서울 (The Hyundai Seoul)
🔥🔥
​
📍 여의도 여의나루역 인근 왜: B1~B2층이 항상 팝업+전시로 채워짐 특징: 브랜드 팝업 (럭셔리~캐주얼), 포토존 많음 럭키드로우: 대형 브랜드 팝업일수록 확률 높음 체크: 더현대 서울 인스타 @thehyundai_seoul
3) 잠실 롯데월드몰 (Lotte World Mall)
🔥
​
📍 잠실역 (Line 2, 8) 왜: 1층 아뜨리에 공간에서 대형 팝업 상시 진행 특징: 캐릭터/IP 팝업 많음 (짱구, 산리오, 디즈니 등) 활동: 스탬프 투어, 포토존, 굿즈 판매
4) 코엑스 (COEX Mall)
🔥
​
📍 삼성역 (Line 2) 왜: 코엑스 내부 + 별마당 도서관 주변 팝업 특징: 테크, 게임, 뷰티 팝업이 특히 많음 보너스: 별마당 도서관 자체도 인스타 스팟
5) 홍대 (Hongdae)
🔥
​
📍 홍대입구역 (Line 2) 왜: 소규모 인디 팝업, 아티스트 팝업 많음 특징: 대형보다는 개성 있는 소규모 팝업 주말: 홍대 프리마켓 + 팝업 동시에 즐기기
🎯 럭키드로우 & 활동 많은 팝업 찾는 꿀팁
​
✅ 팝플리 앱에서 필터: → ""럭키드로우"" 태그 → ""체험"" 태그 → ""무료입장"" 태그 ✅ 인스타 해시태그 검색:
#팝업스토어
#성수팝업
#럭키드로우
#서울팝업
#팝업추천
#팝업후기
✅ 대형 브랜드 팝업일수록 럭키드로우 확률 높음: 나이키, 아디다스, 무신사, 올리브영, 넷플릭스, 산리오, 디즈니 등 ✅ 참여 조건 체크: - 인스타 팔로우 + 게시물 공유 - 앱 다운로드 - 카카오톡 채널 추가 → 한국 번호 없어도 대부분 참여 가능! → KakaoTalk은 미리 설치해두세요
​
🎪 Pop-up Stores in Seoul
Seoul is the pop-up capital of Asia! New pop-ups open literally every day, especially in
Seongsu-dong
(the Brooklyn of Seoul).
How to find what's open right now:
Download the
Popply app
(팝플리) — filter by date, area, and type
Check
@seoul.popup
on Instagram every Monday for weekly roundups
Search Naver:
""서울 팝업스토어 이번주""
Where to go for pop-ups:
🥇
Seongsu-dong
— Seongsu Station (Line 2) Exit 3. Always 2~5 pop-ups running.
🥈
The Hyundai Seoul
— Yeouido. B1-B2 floors always have exhibitions & pop-ups.
🥉
COEX Mall
— Samsung Station. Tech & beauty pop-ups.
Lucky Draw Tips:
Most pop-ups offer lucky draws! Usually you need to follow their Instagram or download an app. Install
KakaoTalk
beforehand — you'll need it. No Korean phone number required for most events!
💡
Pro tip:
Visit Seongsu-dong on a weekday to avoid crowds. Weekends can have 30+ minute waits for popular pop-ups.
​
🌊 한강 (Han River — Hangang)
한강은 서울의 심장이에요. 낮에도 밤에도 좋고, 치킨 시켜먹으면서 강바람 맞는 게 진짜 한국 감성이에요.
The Han River is Seoul's heart. Great day or night. Ordering chicken by the river is the ultimate Korean experience.
추천 한강공원 & 코스:
1) 여의도 한강공원 (Yeouido Hangang Park)
⭐ 가장 추천
Nearest Subway:
여의나루역 (Yeoinaru Station) Line 5, Exit 2 → 도보 1분
Why:
넓고, 편의점 가까움, 자전거 대여 가능, 밤에 야경 최고
Spacious, convenience stores nearby, bike rental available, best night view
Must-do:
편의점에서 라면+삼각김밥 사서 한강 라면 먹기 🍜
Buy instant ramyeon at the CU/GS25 convenience store and eat it with the river view!
2) 뚝섬 한강공원 (Ttukseom Hangang Park)
Nearest Subway:
뚝섬유원지역 (Ttukseom Resort Station) Line 7
Why:
성수동과 가까워서 팝업 일정과 합치기 좋아요. 수영장도 여름에 오픈.
Close to Seongsu-dong—combine with pop-up visits.
3) 반포 한강공원 (Banpo Hangang Park)
Nearest Subway:
고속터미널역 (Express Bus Terminal Station)
Why:
반포대교 달빛무지개분수
(Banpo Bridge Rainbow Fountain)! 밤에 무지개 분수쇼가 장관.
The
Banpo Bridge Moonlight Rainbow Fountain
is spectacular at night.
🌈 운영: 4~10월, 매일 여러 차례 (시간은 네이버에서 ""반포분수 시간"" 검색)
한강에서 할 것 (Things to do):
🍗 치맥 (Chimaek) — 치킨 배달시켜 먹기 (배달의민족 앱 사용)
🚲 자전거 타기 — ""서울자전거 따릉이"" 앱 (₩1,000/1시간, 외국인도 이용 가능)
🌃 야경 감상
📸 피크닉 사진 찍기 (돗자리는 편의점에서 ₩5,000~10,000)
⛵ 유람선 (Han River Cruise) — 여의도 선착장에서 탑승 (₩15,000~)
✅ PART 4: 5일 일정표 (5-Day Itinerary)
📅 Day 1: 종로 & 전통 서울 (Jongno & Traditional Seoul)
시간
일정
메모
09:30
경복궁 (Gyeongbokgung Palace)
한복 입으면 입장 무료! Wear hanbok = free entry
11:00
북촌한옥마을 (Bukchon Hanok Village)
산책
사진 스팟 많음. 주민 배려 조용히.
12:00
삼청동 (Samcheong-dong)
한국 감성 의류 쇼핑 & 갤러리
모던한복 가게, 독립 디자이너숍 구경
13:00
점심:
이문설농탕
(설렁탕) 🎖️🎖️🎖️
120년 전통 블루리본 3관왕
14:30
익선동 (Ikseon-dong)
카페 & 쇼핑
한옥 골목 트렌디 카페, 레트로 숍
16:00
광장시장 (Gwangjang Market)
빈대떡, 마약김밥, 육회!
18:00
저녁: 광장시장에서 소주 한 잔 or 근처 식당
20:00
청계천 (Cheonggyecheon Stream)
야경 산책
광장시장에서 도보 5분
📅 Day 2: 홍대 & 마포 (Hongdae & Mapo)
시간
일정
메모
10:00
홍대 거리 (Hongdae Street)
구경
벽화, 버스킹, 빈티지숍
11:30
사주카페 (점점서울)
🔮
영어 상담 가능. 사전 예약 필수!
13:00
점심:
프로간장게장 홍대점
🦀
간장게장 정식 ₩16,900~
14:30
홍대 쇼핑 계속 or
카카오프렌즈 플래그십
16:00
다비치안경 홍대점
👓
시력검사 → 30분~1시간 후 수령
17:30
안경 찾으러 가면서 홍대 카페 탐방
19:00
저녁:
BBQ치킨 매장
🍗 뿌링클 + 맥주
꼭 매장에서 갓 튀긴 걸로!
21:00
홍대 클럽/바 or 야시장
금토엔 홍대 프리마켓도 있어요
📅 Day 3: 을지로 & 성수동 (Euljiro & Seongsu)
시간
일정
메모
10:00
을지로 (Euljiro)
힙한 골목 투어
오래된 공장+힙한 카페 공존하는 동네
11:00
브런치:
진미식당
(낙지볶음) 🎖️🎖️
블루리본 + 흑백요리사
13:00
이동 →
성수동 (Seongsu-dong)
성수역 Line 2
13:30
팝업스토어 투어
🎪
팝플리에서 당일 진행 팝업 체크!
15:30
성수동 카페 거리
대림창고, 오눌 등 유명 카페
17:00
뚝섬 한강공원
🌊
성수에서 도보 15분. 자전거도 가능
18:30
한강에서 치킨 배달 시켜먹기 🍗🍺
배달의민족 앱으로 주문
20:30
한강 야경 감상 후 숙소 이동
📅 Day 4: 강남 & 여의도 (Gangnam & Yeouido)
시간
일정
메모
10:00
자생한방병원
or 한의원 방문 🏥
침술/부항 체험. 여권 지참!
12:00
점심:
미정국수
(고속터미널 지하) 🍜
흑백요리사 셰프. ₩6,000~9,000 가성비
13:30
고속터미널 지하상가
쇼핑
한국 여성들의 쇼핑 성지. 옷/액세서리 저렴
15:30
더현대 서울 (The Hyundai Seoul)
팝업 + 전시 + 푸드코트
17:30
여의도 한강공원
🌊
여의나루역에서 도보 1분
18:00
한강 자전거 (따릉이) 🚲
앱 다운 → ₩1,000/hr
19:30
편의점 라면 + 삼각김밥 한강 먹방 🍜
이게 진짜 한국 감성!
21:00
반포대교 달빛무지개분수
🌈
야경 + 분수쇼 (4~10월 운영)
📅 Day 5: 이태원 & 용산 + 마무리 (Itaewon & Yongsan)
시간
일정
메모
10:30
이태원 (Itaewon)
브런치 카페
외국인 친화적 동네. 다국적 음식도 많음
12:00
점심:
나폴리맛피아
🍝
흑백요리사 우승! 파스타 ₩15,000~
14:00
국립중앙박물관 (National Museum of Korea)
무료 입장! 한국 역사 한눈에. Free entry!
16:00
용산 아이파크몰 / 용리단길
쇼핑 + 카페 + 마지막 팝업 체크
18:00
마지막 저녁:
흥부찜닭
(종로) or 취향껏
매콤달콤 찜닭으로 마무리
20:00
남산타워 (N Seoul Tower)
🗼 야경
케이블카 타고 올라가기. 자물쇠도 걸기!
22:00
마지막 밤 자유 시간
편의점 털기, 기념품 쇼핑
✅ PART 5: 유용한 정보 총정리 (Useful Info Summary)
📱 필수 앱 (Must-Have Apps)
앱
용도
네이버 지도 (Naver Map)
길찾기, 맛집 검색, 웨이팅
카카오맵 (KakaoMap)
길찾기 (택시 호출도 가능)
카카오톡 (KakaoTalk)
한국 국민 메신저. 팝업/이벤트 참여에도 필요
배달의민족 (Baemin)
배달 앱. 한강 치킨에 필수
망고플레이트 (MangoPlate)
맛집 리뷰 & 블루리본/흑백요리사 리스트
서울자전거 따릉이 (Seoul Bike)
한강 자전거 대여
팝플리 (Popply)
팝업스토어 일정 확인
💳 결제 팁 (Payment Tips)
한국은 거의 모든 곳에서
카드 결제
가능 (시장 일부 제외)
VISA / Mastercard
사용 가능
체크카드도 대부분 OK
T-money 카드 (교통카드) 편의점에서 구매 가능 (₩2,500 + 충전
​
🚇 교통 (Transportation)
지하철이 최고!
서울 지하철은 깨끗하고 정확해요.
T-money로 지하철 + 버스 환승 할인
택시: 카카오T 앱으로 호출 (기본료 ₩4,800)
​
음식점 검색 & 리뷰
1) 네이버 지도 (Naver Map) ⭐⭐⭐ 최필수
text
용도: 길찾기 + 맛집 검색 + 웨이팅 + 예약 + 리뷰 왜 필수: 구글맵은 한국에서 정확도가 떨어져요. 네이버 지도가 한국의 구글맵이에요. 영어 지원: ✅ (영어 설정 가능하나 리뷰는 대부분 한국어) 다운로드: App Store / Play Store → ""Naver Map"" 검색
핵심 기능:
🔍 식당 검색 시 영업시간, 메뉴, 가격, 사진, 리뷰 한눈에
📋 웨이팅 접수 — 매장 가지 않고 원격으로 줄서기 가능
📅 네이버 예약 — 식당, 미용실, 카페 등 앱 내에서 바로 예약
⭐ 별점 + 블로그 리뷰 — 한국인들의 진짜 후기
📌 저장 리스트 — 이게 핵심! 아래에서 자세히 설명할게요
2) 캐치테이블 (Catchtable) ⭐⭐⭐ 예약 필수앱
text
용도: 맛집 예약 전문 앱 왜 필수: 인기 맛집은 네이버 예약이 아닌 캐치테이블로만 예약받는 곳이 많아요 가격: 무료 (예약 수수료 없음) 영어 지원: ⚠️ 부분적 (앱은 한국어 위주지만 UI가 직관적)
이런 곳 예약할 때:
오마카세
흑백요리사 출연 식당
블루리본 맛집
웨이팅 2시간 이상인 핫플
💡
Tip:
인기 식당은 예약 오픈 시간에
자리가 순삭
돼요. 오픈런을 하는것이 좋아요..
3) 망고플레이트 (MangoPlate) ⭐⭐
​
용도: 맛집 리뷰 & 평점 (한국판 Yelp) 왜 좋냐: 블루리본, 흑백요리사 리스트가 태그로 정리되어 있음 영어 지원: ✅ (영어 버전 있음! 외국인에게 특히 추천) 특징: 네이버보다 리뷰가 솔직한 편
4) 식신 (Sikshin) ⭐
​
용도: 맛집 검색 & 리뷰 특징: TV 맛집, 연예인 맛집 등 미디어 출연 식당 태그가 잘 되어 있음 흑백요리사 식당 찾기에도 유용
5) 다이닝코드 (DiningCode) ⭐
​
용도: 빅데이터 기반 맛집 랭킹 특징: 블로그, SNS 등 여러 소스의 데이터를 종합 분석 ""이 동네 1위 맛집"" 같은 랭킹이 직관적
⏳ 웨이팅 (줄서기) 전문
6) 테이블링 (Tabling) ⭐⭐
​
용도: 원격 웨이팅 전문 앱 왜 필요: 네이버 지도 웨이팅 안 되는 식당 중 테이블링으로만 웨이팅 받는 곳이 있어요 사용법: 앱 열기 → 식당 검색 → ""원격 줄서기"" 버튼 → 내 차례 가까워지면 알림
7) 나우웨이트 (NowWait)
​
용도: 테이블링과 비슷한 웨이팅 앱 특징: 일부 식당은 나우웨이트로만 웨이팅 가능
💡
웨이팅 앱 정리:
한국 맛집의 웨이팅 시스템이
앱마다 달라요.
A 식당: 네이버 지도로 웨이팅
B 식당: 테이블링으로 웨이팅
C 식당: 캐치테이블로 예약만
D 식당: 현장 대기만
그래서
네이버 지도 + 캐치테이블 + 테이블링
이 3개는 꼭 깔아두는 게 좋아요.
🚗 교통 & 이동
8) 카카오맵 (KakaoMap) ⭐⭐
​
용도: 길찾기 + 대중교통 검색 특징: 네이버 지도와 비슷하지만 카카오T(택시)와 연동
9) 카카오T (KakaoT) ⭐⭐⭐ 택시 필수
​
용도: 택시 호출 (한국판 Uber) 왜 필수: 한국에서 Uber는 거의 안 써요. 카카오T가 표준. 가격: 기본료 ₩4,800~ 결제: 앱 내 카드 등록 (VISA/Master OK) 영어: ✅ 영어 모드 지원
10) 서울자전거 따릉이 (Seoul Bike — Ttareungyi) ⭐
​
용도: 공공 자전거 대여 가격: 1시간 ₩1,000 / 2시간 ₩2,000 한강: 한강 자전거 탈 때 필수! 외국인: ✅ 이용 가능 (앱에서 외국인 인증)
🚇 교통카드
11) 모바일 티머니 (Mobile T-money) or 실물 T-money 카드
​
- 편의점 (CU, GS25, 세븐일레븐)에서 구매: ₩2,500 - 현금으로 충전 - 지하철 + 버스 + 편의점 결제까지 가능 - 환승 할인 적용 💡 아이폰: Apple Pay에 WOWPASS 연동하면 편함 💡 안드로이드: 모바일 티머니 앱 사용 가능
​
12) 와우패스 (WOWPASS) ⭐ 외국인 특화
​
용도: 외국인 전용 선불카드 + 교통카드 + 환전 왜 좋냐: 공항에서 발급 → 충전 → 카드결제 + 지하철 + 환전 올인원 발급 장소: 인천공항, 명동, 홍대 등 WOWPASS 키오스크 환전: ATM에서 자국 통화 → 원화 환전 가능 앱: WOWPASS 앱에서 잔액 확인, 충전
🍕 배달
13) 배달의민족 (Baemin) ⭐⭐
​
용도: 음식 배달 (한국 1위 배달앱) 한강: 한강에서 치킨 시켜먹을 때 필수! 영어: ⚠️ 제한적 (한국어 위주) 결제: 카드 등록 필요
​
14) 쿠팡이츠 (Coupang Eats) ⭐
​
용도: 음식 배달 (배민과 양대산맥) 특징: 단건배달 (한 번에 한 주문)이라 배달 빠름
💬 소통 & 기타
15) 카카오톡 (KakaoTalk) ⭐⭐⭐ 초필수
​
한국의 국민 메신저. 없으면 한국 생활 불가. 용도: 메시지, 택시 호출, 송금, 팝업 참여, 예약 확인 외국 번호: ✅ 가입 가능
16) 파파고 (Papago) ⭐⭐ 번역
​
용도: 번역 (구글 번역보다 한국어 정확도 높음) 기능: 텍스트, 음성, 카메라(사진) 번역 메뉴판: 카메라로 한국어 메뉴판 찍으면 바로 번역!
17) 팝플리 (Popply) ⭐
​
용도: 팝업스토어 일정 확인 기능: 날짜/지역별 필터, 럭키드로우 표시
📋 앱 우선순위 정리
블로그에 바로 쓸 수 있는 표:
📱 Must-Have Apps for Korea Travel
Priority
App
What For
English
🔴 필수
Naver Map
Navigation, restaurants, waiting
✅
🔴 필수
KakaoTalk
Messaging, events, everything
✅
🔴 필수
KakaoT
Taxi
✅
🟠 강추
Catchtable
Restaurant reservations
⚠️
🟠 강추
Tabling
Remote waitlist
⚠️
🟠 강추
Papago
Translation (camera!)
✅
🟠 강추
WOWPASS
Prepaid card + transit + exchange
✅
🟡 추천
MangoPlate
Restaurant reviews
✅
🟡 추천
Baemin
Food delivery
⚠️
🟡 추천
Seoul Bike
Han River cycling
✅
🟡 추천
Popply
Pop-up store finder
⚠️
⚪ 선택
Coupang Eats
Food delivery (faster)
⚠️
⚪ 선택
DiningCode
Restaurant rankings
⚠️
⚪ 선택
Sikshin
TV restaurant finder
⚠️
✅ PART 2: 네이버 지도 맛집 리스트 활용법
이게 네가 물어본 핵심이지! 네이버 지도에서 사람들이 만든 맛집지도 + 오피셜 리스트 둘 다 있어요.
📌 네이버 지도 ""테마 리스트"" (공식 큐레이션)
네이버 지도 앱에서 아래 경로로 찾을 수 있어요:
​
네이버 지도 앱 열기 → 검색창 탭 → ""테마"" 또는 하단 배너에서 큐레이션 리스트 확인 → 또는 직접 검색: ""블루리본 맛집"", ""흑백요리사 맛집""
네이버에서 공식으로 제공하는 리스트들:
리스트
검색어
설명
🎖️
블루리본 서베이
""블루리본 맛집""
맛 기준으로만 평가한 리스트. 가성비 맛집 많음
🍳
흑백요리사 맛집
""흑백요리사 식당""
넷플릭스 출연 셰프들의 식당 지도
📺
수요미식회 맛집
""수요미식회""
TV 프로그램 출연 맛집
🏆
네이버 맛집 TOP
""OO동 맛집""
지역별 리뷰 많은 인기 식당
​
​
How to Find the Best Restaurants in Seoul
​
Forget Google Maps — in Korea,
Naver Map
is king. Here's how to find amazing restaurants like a local:
Step 1: Download Naver Map
This is your main navigation + restaurant app. Search any restaurant and you'll see ratings, reviews, photos, menus with prices, and real-time waiting status.
​
Step 2: Look for the Blue Ribbon tag 🎖️
When you search a restaurant on Naver Map, look for the
Blue Ribbon (블루리본)
badge. This is Korea's local version of Michelin — but better for travelers because it rates
purely on taste, not price
. A ₩8,000 soup shop can earn 3 ribbons alongside a ₩200,000 omakase.
​
Step 3: Download Catchtable for reservations
Popular restaurants often require reservations through
Catchtable
, not Naver. Many hot spots are booked 2 weeks in advance!
​
Step 4: Download Tabling for waitlists
Korean restaurants are famous for long waits.
Tabling
lets you join the waitlist remotely — no standing in line! Some restaurants use Naver Map's built-in waiting system instead, so have both ready.
​
Step 5: Use MangoPlate for English reviews
If Naver Map's Korean reviews are hard to read,
MangoPlate
has an English version with foreigner-friendly reviews.
Pro tip:
Search
""블루리본 가성비 서울""
on Naver Map to find the best affordable restaurants rated by Korea's top food critics. You're welcome. 😎
​
Olive Young is Korea's
#1
beauty & health store. If you're into K-beauty, this is your heaven. Products here are
2~3x cheaper
than buying Korean skincare abroad. Don't skip this.
If you walk in, and if you need any recommendation, actually seller knows the best.
They can recommend very nicely.
📍 어디에나 있지만, 외국인 특화 매장 추천
매장
위치
특징
올리브영 명동 타운점
명동역 6번 출구
외국인 최다 방문. 영어 가능 직원.
Tax Refund
현장 가능
올리브영 홍대점
홍대입구역 9번 출구
2층 규모. 테스터 많음
올리브영 강남점
강남역 10번 출구
대형 매장. 신제품 빠름
💡
Tax Refund:
외국인은 ₩30,000 이상 구매 시
즉석 세금 환급
가능! 여권 꼭 챙기세요.
Foreigners can get an
instant tax refund
for purchases over ₩30,000. Bring your passport!
say that directly in olive young, for tax free.
🧴 기초 스킨케어 추천 — 20대 (For Klaudia)
20대는
보습 + 진정 + 가벼운 텍스처
위주로!
단계
제품
브랜드
가격대
왜 좋냐
클렌징
녹차 클렌징폼
이니스프리 (Innisfree)
₩7,000~9,000
순하고 개운함. 베스트셀러
토너
무궁화 토너
라운드랩 (Round Lab)
₩13,000~15,000
올리브영 토너 1위. 보습+진정
세럼
그린티 세럼
이니스프리 (Innisfree)
₩15,000~18,000
가볍고 수분감 좋음. 20대 피부에 딱
세럼
디씨엘 갈락토미세스 세럼
닥터지 (Dr.G)
₩18,000~22,000
피부결 정리. 2030 사이 입소문
수분크림
빙하 수분 히알루론산 크림
라운드랩 (Round Lab)
₩15,000~18,000
무겁지 않은 수분감. 올영 크림 1위급
선크림
맑은 톤업 선크림
라운드랩 (Round Lab)
₩12,000~15,000
톤업 + SPF50+. 백탁 적음
선크림
아쿠아 선 젤
미샤 (MISSHA)
₩8,000~11,000
가성비 갑. 가볍고 끈적임 없음
마스크팩
메디힐 마스크팩
메디힐 (Mediheal)
10매 ₩12,000~
한국 마스크팩의 정석. 선물용으로도 👍
립
쥬시 래스팅 틴트
롬앤 (rom&nd)
₩8,000~10,000
한국 틴트 1위. 색감 예쁨
20대 세트로 사면 이 정도:
클렌징 + 토너 + 세럼 + 수분크림 + 선크림 + 마스크팩
≈ ₩70,000 (약 $45)
해외에서 같은 거 사면 2배 이상이에요!
🧴 기초 스킨케어 추천 — 어머니 (40~50대)
어머니 연령대는
탄력 + 주름 개선 + 영양감 있는 텍스처
위주로!
단계
제품
브랜드
가격대
왜 좋냐
클렌징
쌀 브라이트 클렌징폼
라운드랩 (Round Lab)
₩9,000~12,000
쌀 성분으로 맑고 촉촉하게 세안
토너
자작나무 수분 토너
라운드랩 (Round Lab)
₩13,000~16,000
깊은 보습. 건조한 피부에 좋음
에센스
갈락토미세스 발효 에센스
마녀공장 (Ma:nyo)
₩18,000~22,000
올영 에센스 전설. 피부 결+톤+탄력
세럼
레티놀 인텐스 세럼
토리든 (Torriden)
₩18,000~23,000
주름 개선. 자극 적은 레티놀
크림
달팽이 크림 (Snail Cream)
코스알엑스 (COSRX)
₩15,000~20,000
재생+탄력. 해외에서도 유명한 K-beauty 대표
아이크림
콜라겐 아이크림
AHC
₩12,000~16,000
눈가 주름. 가성비 아이크림 1위
선크림
톤업 선크림 SPF50+
라운드랩 or AHC
₩12,000~15,000
자외선 차단 필수!
마스크팩
콜라겐 임팩트 마스크
메디힐 (Mediheal)
10매 ₩13,000~
탄력+영양. 어머니 선물로 최고
어머니 세트로 사면:
클렌징 + 토너 + 에센스 + 세럼 + 크림 + 아이크림 + 선크림
≈ ₩100,000 (약 $70)
🎁 선물용 (Souvenirs) — 이것만 사도 성공
외국인 친구들한테 선물하기 좋은 올리브영 아이템:
제품
가격
왜
메디힐 마스크팩 세트
₩12,000~
가볍고, 누구나 좋아함. 선물 국룰
롬앤 틴트
₩8,000~
한국 립 틴트 = K-beauty 상징
라네즈 립 슬리핑 마스크
₩15,000~
해외에서 2배 가격. 여기서 사야 함
조선미녀 선크림
₩12,000~18,000
해외 틱톡에서 난리난 선크림. 외국인들 다 앎
마녀공장 클렌징 오일
₩15,000~
해외 K-beauty 유튜버들이 극찬
💚 Olive Young — Korea's Beauty Paradise
If there's ONE store you must visit in Korea, it's
Olive Young (올리브영)
. It's Korea's biggest beauty & health store, and K-beauty products here are
2~3x cheaper
than abroad.
Where to go:
Olive Young Myeongdong Town (명동 타운점) is the biggest and most foreigner-friendly. Tax refund available on-site for purchases over ₩30,000!
For 20s — Light & Hydrating:
🧴 Round Lab Mugwort Toner (라운드랩 무궁화 토너) — #1 toner in Korea
💧 Innisfree Green Tea Serum — lightweight hydration
☀️ Round Lab Sun Cream SPF50+ — no white cast
💋 rom&nd Juicy Lasting Tint — THE Korean lip tint
😷 Mediheal Mask Pack (10 sheets) — the classic K-beauty souvenir
For Mom (40s~50s) — Firming & Anti-aging:
✨ Ma:nyo Galactomyces Essence — legendary Korean essence for glow + firmness
🔄 Torriden Retinol Serum — gentle anti-wrinkle
🐌 COSRX Snail Cream — repair + elasticity (K-beauty icon!)
👁️ AHC Collagen Eye Cream — #1 budget eye cream
😷 Mediheal Collagen Mask Pack — firming + nourishing
Budget:
Full skincare set for about
₩70,000130,000 ($5095)
— this would cost double or triple overseas!
💡 Pro tip:
Download the
Olive Young app
for member discounts and check the ""Best"" tab to see what's trending right now. Some products sell out fast — especially anything that went viral on TikTok!
​",https://blog.naver.com/jici_life/224263174786,여행 좋아하는 작가의 특별한 이야기,20260424,2026-04-27 15:29:07
세븐일레븐 립서비스위스키,4월 비수기 삿포로 3박4일 여행 둘째날 - 쇼핑하고 먹고... ,"구경하며 기다리니까 다됐대서 ㄱㄱ 윙윙~ 일본가면 한번은 꼭 사먹는 세븐일레븐 스무디 둘째날... 위스키때문임ㅋㅋㅋ 봉이가 이번엔 위스키 욕심 버리겠다고 했지만, 가격도 궁금하고 블루라벨 말에디션이... ","2026년 4월 비수기 삿포로여행 둘째날
2026년 4월 10일
​
둘째날이 밝았다.
아직 하루 더 있어서 여유로웠음.
호텔에서 9시 넘어 설렁설렁 나왔고, 나오기 전에 아침으로 무엇을 먹을까에 대한 고민을 했다.
​
홋카이도 하면 카이센동을 먹어야지.
나고야에서 맛없는 카이센동을 먹어본 봉이에게 신선한 카이센동을 알려주고싶었다.
(하지만, 나는 홋카이도 카이센동을 한번밖에 안먹어봄ㅋ)
특히 이시기에는 우니동을 먹어야한다고.....
하지만 나는 현재 임산부이고 봉이는 우니, 참치, 연어 안좋아함ㅋㅋㅋ
지금 생각하면 그냥 가지말았어야했던거같다. ㅋㅋㅋㅋ 다른 맛있는거나 먹을걸 하는 후회막심.
​
​
몇군데 알아뒀는데 호텔근처 니조시장으로 감
가까우니까 ~
​
​
​
​
​
​
호텔에서 조금만 가면 니조시장이 나왔다.
​
​
​
​
​
니조시장은 소문대로 작았다.
​
​
​
​
​
​
​
우리나라 사람들도 많이가고, 다른 해외관광객들도 많이 오는 그런 식당
대기는 앞에 2팀있었다.
​
성수기에는 오픈런 하는 사람들이 많다고 함.
나는 대기가 어마어마하면 안가려고 했었음.
아쉽다 대기가 짧아서. ;
​
​
​
​
​
​
​
​
​
결국 우리가 시킨건 카니동(게덮밥)
​
​
​
​
뭐 그냥 엄청난 노가다가 들어간 게덮밥이였다.
배채운다는 생각으로 먹음
다른사람들은 비주얼 좋은 카이센동이나 우니동을 먹거나 생선구이도 먹던데
차라리 생선구이를 먹을걸 그랬나보다.
​
​
​
​
​
찝찝한 식사를 마치고 가챠구경
​
우와 추억의 물건이다
이게 뭐하는 물건인지 모르는 사람이랑은 안놀겠음.ㅋㅋㅋ
반대로 뭐하는 물건인지 아는 사람은 건강검진받아야함.
​
추억삼아 하나 뽑을걸그랬나.. ㅋㅋㅋㅋㅋ
현재는 잊혀진 물건인데
​
​
​
​
​
​
알수없는 가챠의 세계
​
​
​
​
​
​
​
이거 위에있는 가챠 실사본
역시 뽑았어야했나 ㅋㅋㅋ
지금와서 왜 난리람
​
난 밑에꺼 산리오 도전했다.
​
​
​
​
​
요것.
​
개구리랑 오리만 안나오길 바랬다.
마이멜로디도 그닥 ?
​
봉이는 옆에서 자꾸 내가 뽑으면 개구리 나올거라고 꼽준다.
사실 이거 할 생각은 없었는데 자꾸 옆에서 깐족거리니 두고보자며 해봤음.
​
​
​
​
​
​
ㅋ
ㅅ뎅구.
​
한번 더 재도전
​
​
​
​
​
​
ㅋ
ㅋ
ㅋ
​
같은거 두개니까 쌍둥이템이라고 좋게 받아들이라는 봉.
ㅋ......
​
​
​
​
​
​
​
카니동을 먹고, 입안이 비려서 세븐스무디를 사먹으러 갔음.
​
지금 머신청소중이라 10분만 기다려달라함.
구경하며 기다리니까 다됐대서 ㄱㄱ
​
​
​
​
​
​
윙윙~
​
​
일본가면 한번은 꼭 사먹는 세븐일레븐 스무디
​
​
​
​
​
​
​
둘째날 계획은 그냥 쇼핑이였다. 셋째날도 쇼핑이기는 함.
삿포로가 쇼핑하러 가기에 좋은 도시는 아니였다.
오사카나 후쿠오카는 몰려있는 반면, 삿포로는 여기저기 퍼져있음..
그래서 동선을 매우 잘짜야함.
​
​
우린 빅카메라, 유니클로, 지유, 아카짱혼포, 세리아, 로프트 이게 목적이였는데.... .................
아무튼 빅카메라부터 갔다.
​
​
​
​
​
​
아침에 보는 티비타워
​
​
날이 흐려서 그런지 꾸리꾸리 ~
​
​
​
​
​
​
​
​
여긴 어제 봤던 홋카이도청
​
​
​
​
​
​
​
​
빨간색 옛 홋카이도청 옆에 있는 일본특유의 회색건물.
저것도 도청이겠지
그 옆에 새로지은거 같은 건물도 도청이고
​
​
​
​
​
​
​
​
도청 정원 꽤 둘러볼만함 잘 관리되어있음.
​
​
​
​
​
​
​
​
​
​
하지만 실내들어가려면 입장료내야하는듯.
우린 패스~
​
입장료는 300엔인거 같음
​
​
​
​
​
정문을 통해 나와서, 빅카메라로 ㄱㄱ..
​
​
​
​
​
​
​
​
​
안녕,
정원구경 잘하고 갑니다.
​
​
​
​
​
​
​
​
공사하고 있길래
그럴듯하게 기린으로 해놨네 라는 봉
​
우왕ㅋㅋㅋㅋㅋㅋ
건설중장비가 저렇게 귀여울수가.
​
​
​
​
​
​
​
​
​
TOKYU
이게 보이면 빅카메라에 다왔음.
​
​
​
삿포로 내에 유니클로 지유 등등 생각보다 많지만 굳이 빅카메라로 온 이유는 ?
​
​
​
​
​
​
​
​
위스키때문임ㅋㅋㅋ
​
봉이가 이번엔 위스키 욕심 버리겠다고 했지만, 가격도 궁금하고
블루라벨 말에디션이 있나없나 확인차 방문했음.
​
역시 위스키 성지라 해야할까.. 일본.. 가격이 매우 좋음
​
​
​
​
블루라벨 만팔천엔.
삿포로에서 많이 다니며 비교해본건 아니지만 빅카메라가 제일 저렴했음 (리쿼마운틴, 돈키호테 기타등등)
​
게다가 현대카드 있으면 5%추가할인됨
​
여기서 샀어야했는데
호텔 근처에 빅카메라셀렉트라고 간이빅카메라 같은 곳이 있어서, 지금사서 무겁게 들고다니지말고 거기서 사자고 하고 나옴
근데 샀어야했다...........ㅋㅋㅋㅋㅋㅋㅋㅋㅋㅋ
​
​
또 빅카메라에 간 이유는 호빵맨 장난감이 저렴하다길래 굳이굳이 갔는데
삿포로 빅카메라는 장난감매장 규모가 매우 작았다. 그래서 걍 훅 보고 나옴.
결국 빅카메라에서 빈손.
​
​
그냥 바로 위에 있는. 우리의 사랑인 GU와 유니클로에 감
​
​
​
​
​
여긴 또 나고야랑 다르네
나고야는 테바사키티셔츠가 있었는데, 삿포로는 역시.. 굿즈가 달랐다
삿포로 맥주, 쟈가비 등등 ㅋㅋㅋ
귀엽잖아 ?
티셔츠는 한장에 1990엔.
​
나고야에서는 기념티 한장 사오긴 했는데, 이번엔 말았음.
​
빅카메라안에 있는 유니클로가 삿포로에서 젤 큰곳인지는 모르겠지만, 커스텀티를 만들 수 있는 매장이였다.
이것도 매장마다 다르니 잘 알아보고 가시오....
​
​
​
​
그 후, 우린 지유에서 쇼핑을 했다.
여름끝물이나, 초겨울에 왔으면 살거 많았을거같은데................
지금은 아쉽다
세일을 많이 안한다.
그래도 많이 저렴한편이라 이것저것 담았음.
또 한가지 아쉬운건 앱회원할인 제품이 많았다.
앱회원이면 무려 천엔이나 할인해줘서 그자리에서 가입하려고 했더니..................
가입은 쉬웠지만 어플까는게 문제였음ㅋㅋㅋ 해당주소지는 서비스안한다고.....
그래서 주소지변경하려고하니까 카드정보까지 기입해야해서 걍 포기 ㅠㅠㅠ
할인안해도 저렴하기때문에 그냥 구입함.
​
내꺼 청바지2장, 봉이 반집업티 1장, 봉이 바지1장 빤쓰4장 총 11만원 ㅋㅋ
싸다싸
​
​
지유에서 인기템인 발레슈즈 ? ?? 나도 살까했는데 봉이가 구리다고 질색했음.
쇼핑하느라 사진생략..
​
​
​
그 후 옆에 있는 유니클로 ㄱㄱ
​
​
와 바디슈트사러 왔는데 할인하잖아 ?
​
우리나라에서 한벌에 9900원하는 바디슈트가 우리가 갔을때 590엔으로 기간한정할인하고 있었음.
애가 어떻게 태어날지 몰라서.... 일단 60사이즈만 6벌사옴
10개 채워서 텍스리펀받을까하다가 그냥 말았음....
​
근데 그냥 다른거 더 살걸 그랬나 싶음. 텍스리펀 10%가 꽤 크거든
​
​
​
​
​
​
​
​
공사중인 삿포로역
​
​
​
​
​
​
일본 특유의 입체간판
그리고 특유의 건물
​
​
​
​
이제 배고프다.
이때가 한시였음.
삿포로역 근처왔으니 또 찾아놓은 식당에 갔다.
​
삿포로에서 맛있다는 부타동을 먹으러 감
삿포로에 맛있다는 음식 많은듯.
​
​
​
요기.
​
여기도 웨이팅한다는 곳인데 바로 입장함
이쯤되니 봉이가 의심함 ㅋㅋㅋㅋㅋㅋ
​
​
​
​
​
봉이는 세트로 시키고
나는 단품으로 시키고
​
​
​
솔직히 맛없없.
불맛입힌 간장돼지고기덮밥 존맛이여
​
​
​
​
​
호텔로 돌아가는 길에.
​
​
삿포로가 유제품이 유명해서 아이스크림을 꼭 먹어야됨.
가는길에 아이스크림 유명한 곳 있어서 들렸다
잠깐 쉬어주기도 해야했고.
​
​
​
​
​
​
​
​
아이스크림과 커피 그리고 디저트
​
​
봉이는 특별할 거 없는 그냥 우유아이스크림이라고 함
봉이씨는 그냥 편의점가야할듯
​
​
​
​
​
​
비와서 지하상가로 들어감
​
​
ㅈㅣ하는 또 새로운 세계같았다.
눈이 많이 와서 지하쇼핑몰이 되게 잘되어 있다고 했는데 옛날에 왔을 때는 여길 안들어갔던건가 ? 흠.... 오래돼서 기억나지않는다.
​
​
​
​
여기저기 들어가보진 않고 그냥 눈으로 구경하며 지나옴.
그러다가 돈키발견
​
​
안그래도 과일이 먹고 싶었는데. 살걸그랬다
저녁에 가니까 다 품절이였음 ㅠㅠ
​
​
​
​
​
이와중에 일본 딸기는 참 비싸다.
​
​
​
​
​
​
유바리멜론은 아니고 그냥 멜론한덩이 980엔
과도가 없어서 못먹음
​
​
​
​
​
돈키에서 파는 술들
블루라벨은 빅카메라보다 999엔 비싸네
나머진 모르겠음
​
​
​
​
​
​
​
​
작년까지 구경하기도 힘들었던 야마자키
​
​
​
​
​
​
이틀지내면서 먹을 과일쥬스 하나사고
​
​
​
​
​
처음보는 포키있어서 포키하나 구입해서 나옴
​
​
​
​
​
​
​
비오는 스스키노
​
​
​
​
​
​
호텔가면서 뽑기방구경ㅋㅋ
​
흰머리원피스네
​
​
​
구경하다보면, 일본인들도 엄청 돈을 넣어서 뽑더라..
​
​
​
​
​
​
​
​
나는 귀여운 몬치치가 있어서
100엔 넣어봤다가 포기 ㅋㅋㅋㅋ
놓치면서 통으로 떨어지지않을까하는 그런 행운을 바랬지만 역시는 역시다.
​
​
​
​
​
​
호텔들어가서 2시간정도 휴식하고 저녁에 다시 나옴
저녁먹어야징
​
​
비가 오락가락
​
​
​
​
​
​
​
매우 화려한 간판
​
​
​
​
​
​
​
니카상 너머로 가로등이 꽤나 운치있다
봉이는 왠지 버블경제때의 화려함같다고.
​
​
​
​
​
​
​
​
둘째날 저녁은 램
​
​
여기도 거절당할 생각하고 감
요새 워낙 예약제가 많고... 웨이팅이 심하다길래
​
예약안했다니까 잠깐 기다려보라더니 들어오라고 하신다.
히히
​
​
자꾸 쉽게 들어오니까 또 의심하는 봉 ㅋㅋㅋㅋㅋㅋㅋㅋㅋ
​
​
​
​
​
다들 세트를 드시던데 우린 그냥 단품으로 이것저것 주문해서 먹음.
한 5인분먹었나... ?
오토시+주류 포함해서 8590엔 나옴
​
​
​
​
​
이후 다시 지하상가 구경. 비왔나봄
삿포로내에서 유명한 체인빵집이 보였다.
동구리베이커리였나 ?
동그리 ? 머 그런거였음
​
​
​
맛있어보이는거 천지..
근데 막 손이 가는건 없었음
낼 아침으로 먹어야겠다며 몇가지 담음
​
가라아게와 빵3개 담고 가격은 1511엔.
​
​
​
​
그 후 또다른 위스키샵 방문
​
​
​
구글리뷰보고 간 곳
봉이가 구경하는 재미가 있다며 한참을 서서 구경했다.
​
못보던 위스키가 많다고 그랬나 ?
나만 모르는 위스키의 세계.
​
​
​
​
​
​
​
배경이 수시로 바뀌는 니카상.
​
​
​
​
​
​
​
​
​
아까 갈까말까했던 빅카메라 셀렉트에 들어감.
위스키살라구 ㅋㅋㅋ
​
​
​
​
​
​
니카 위스키들.
​
​
​
​
​
​
메이커스마크
여긴 옷입은게 없네. 그거 사려고 했는데...
결국 빅카메라 삿포로점에 다시 가야할판.ㅋㅋㅋㅋㅋㅋ
​
​
​
​
​
​
​
홋카이도기념품점에서 본것.
​
​
봉이가 곰굿즈를 사고 싶어했다
이런거 차에 붙이면 귀여울거같다고 ㅋㅋㅋ 인정 ㅇㅇ
근데 아쉽게 자석이나 바깥에 붙이는 코팅종이가 아니라.... 내려뒀음
​
​
​
​
​
​
​
​
​
​
다양한 홋카이도 오미야게
​
아케이드가 깔려있는 다누키코지 상점가에는 홋카이도기념품샵들이 몇개 있음.
포키 멜론맛 먹을만함 ㅇㅇ
하이츄는 아주 순삭이지.
​
​
​
​
​
​
쿠크다스 고급 버전으로 알려진 시로이코히비토는 쿠키말고도 푸딩으로도 나왔다.
1개만 사서 먹어볼까하다가 푸딩을 그닥 좋아하지않아서........... 패스 ㅋㅋ
​
예전엔 먹는거, 군것질거리 엄청 사왔는데 이제는 욕심을 많이 내려둠.......
아니였음 여기서 종류별로 이것저것 하나씩 샀을듯 ?
​
​
​
​
​
​
호텔돌아가는 길에 본 아이스자판기
이 중에 멜론이 있어서 한번 뽑아봤다.
이렇게라도 먹어보자며.
​
시장이나 관광지 돌아다니면 유바리멜론을 파는 곳이 있기는 함
매우 비싸서 그렇지..
한컵에 800엔인가... 두조각에 1500엔이었나 ? 그랬던거같다.
​
​
이건 냉동으로 즐기는거 ㅋㅋ
​
​
​
​
오잉
​
​
​
​
​
​
이게 500엔
​
너무 꽁꽁 얼었다.
일단 다시 봉지에 담아서 호텔에 가져감..
​
​
​
​
​
​
​
다누키코지상점
​
​
여기만 왔다갔다해도 하루다보낼듯.
​
​
​
​
​
​
​
우린 또.. 오락실에 갔다
​
봉이가 3판에 100엔이라며 시도해봄
300엔인가 넣었나 ? ㅋㅋㅋ
안되더라.
어떻게 하는거야 도대체
이제 그만해
​
​
​
​
호텔은 안가고 다시 돈키호테 ㅋㅋㅋㅋㅋ
호텔과 돈키호테가 가까우면 자주 가게됨..
숏츠나 릴스보면 이걸로 다양하게 요리해서 먹던데, 한봉 사봄
염장다시마라고 봐야하나 ?
다시마를 좋아하지 않지만 이걸 넣으면 맛이 확 달라진다길래 구입했음.
하지만 언제할지 모름 또 쳐박아두고 유통기한지나서 버리겠지.
​
​
​
​
​
​
카페오레
​
​
일본올때마다 사먹었는데 이젠 안사먹지.
밍밍한 커피우유맛남.
​
일본은 우리나라의 초코우유같은게 없다
왜 갑자기 초코우유가 땡길까 ㅋㅋㅋㅋㅋ
코코아두유라도 샀어야했나... 그냥 내려둠
​
​
​
​
​
​
봉이씨 야식을 끝으로 둘째날 마무리.
​
​
​
​
​
​
​
​
​
​
​
​
​
​
​",https://blog.naver.com/bong_log9088/224262683954,보통날이고 싶은,20260423,2026-04-27 15:29:10
