keyword,title,description,content,link,bloggername,postdate,crawled_at
세븐일레븐 삼립 25년듬뿍피자호빵,코스트코 12월 넷째주 할인상품 12/22~28 신상품 추천상품,"시간의 흐름 무엇..ㅠㅠ 정말 얼마 남지 않은 25년, 이웃님들 행복한 시간 보내시길 바라면서 12월... 통단팥호빵 삼립 우리밀야채호빵 SNAKYARD 표고버섯 칩 이롬 1일 영양건강식 헤이그램 서리태 스낵... ","코스트코
12월 넷째주 12/22~28
할인정보 및 신상품, 추천상품
안녕하세요!
모카쿠키입니다. 😆🎶
​
이웃님들,
한주간 또 잘 보내셨나요?? :)
벌써 12월 넷째주라니요...!ㅠㅠ
와.. 시간의 흐름 무엇..ㅠㅠ
정말 얼마 남지 않은 25년,
이웃님들 행복한 시간 보내시길 바라면서
12월 22일에 다녀온
코스트코 양재점 12월 넷째주
할인정보 소식을 전해드릴게요! :)
​
12월 22일 방문일 기준의 할인정보이며
각 지점마다 품목이나 기간 등이
다를 수 있다는 점 유의해주세요!
​
그럼 시작해볼게요~
스타트!! 😻😻
​
코스트코 양재점
​
​
영업시간: 매일 08:00-22:00
12월 휴무일:
28일(일)
1월 휴무일: 1월 1일(목/신정휴무),
1/11
​
*이번 주 일요일(28일)은
정기휴무입니다.
쇼핑에 참고하세요. :)
​
양재점 신상품 및 행사 안내
​
​
​
코스트코 입구에 있는
간단한 세일상품과 신상품 안내입니다.
​
​
​
​
​
​
코스트코 양재점 12월 넷째주
행사안내입니다.
​
클라베 드 제이 주얼리 로드쇼,
동원 즉석밥 수퍼데모,
비비고 만두 수퍼데모 행사가
오늘부터 2주간 진행합니다.
​
​
​
​
​
​
코스트코 양재점
연말기간 제휴 주차장 안내입니다.
​
참고로 12월 31일은 오후 7시 폐점,
1월 1일은 신정휴무,
1월 2일부터 정상영업입니다.
​
그리고 이번주 일요일인 28일은
정기휴무일입니다.
쇼핑에 참고하세요! :)
​
​
​
1층 공산품 생활관 할인
​
​
​
코스트코 12월 넷째주 12/22~28 생활관 공산품 할인
​
오랄비 전동칫솔 PRO 1 DUAL PACK
브라운 전기 면도기 8시리즈 8663CC
질레트 프로쉴드파워 면도기세트 1+9
질레트 프로쉴드 면도날
오랄비 글라이드 치실 민트향
​
​
​
​
​
​
오랄비 크로스액션컴플리트7 칫솔
헤드앤숄더 울트라 쿨멘솔샴푸
팬틴 멀티태스커 10 샴푸
팬틴 멀티태스커 10 컨디셔너
팬틴 콜라겐 극손상케어 트리트먼트
​
팬틴 콜라겐 극손상케어트리트먼트
저 사용하고 있는데 좋더라구요..!
가성비도 좋고 조만간 리뷰해볼게요! :)
​
​
​
​
​
​
스위퍼 헤비듀티먼지청소포 핸들+청소포
페브리즈 섬유탈취제/항균
페브리즈 공기탈취제
페브리즈 화장실 비치형 방향제/탈취제
다우니언스탑퍼블 부스터 오션미스트
​
페브리즈 섬유탈취제/항균 이 제품
N번째 재구매템이에요..!
저는 침구류에도 매일 사용하고 있고
특히 운동 다녀와서 운동복에 뿌리는데
섬유탈취도 되고 항균제품이라
괜찮더라구요 추천해요! :)
​
​
​
​
​
​
콜럼비아 남성용 장갑
티롤리아 아동용장갑
네파 귀마개
세이프라이프 소화기 Z07
콜럼비아 등산가방 23L
​
​
​
​
​
​
꾸버스 버너 바람막이
본보야지 멀티 파우치 8종
스위스밀리터리 여행가방 44CM(18)
썬빔 어깨 온열패드
토마스빌 패브릭 섹셔널소파
​
​
​
​
​
​
DOWNLITE 소프트 터치 베개
썸니아 면/극세사 이불 싱글사이즈
아이리스 포켓용핫팩
아이리스 부착용 핫팩
​
​
​
​
​
​
애플 워치 SE2 202440MM GPS 스타라이트
삼성 갤럭시 제트플립7 256GB 코랄레드/블루쉐도우
삼성 갤럭시 제트폴드7 256GB 실버쉐도우
삼성 갤럭시 워치8 클래식 화이트
ACER 에이서 스위프트 GO
​
​
​
​
​
​
삼성 OLED TV 65형
TCL QD-MINI LED TV 75형
TCL QD-MINI LED TV 65형
BOSE 보스 무선 헤드폰 QC SC 블랙
보스 사운드링크 플렉스 블루투스스피커 SE 2세대 블랙
​
​
​
​
​
​
야외용 천정형 히터
GEEK 긱 파티오 전기히터
선플라워 가스히터 25KG
로지텍 게이밍 마우스세트 블랙
플레이스테이션5 슬림, 디스크 1TB
​
​
​
​
​
​
바툼 듀얼 히터 2.0 BTF-903
루메나 무선 가습기 1L
케어팟 가습기 스탠드 4L
골든듀 보뇌르 반지 18K
​
​
​
​
​
​
양재점 1층에서
클라베 드 제이 주얼리 로드쇼 행사가
오늘부터 2주간 진행합니다.
​
​
​
​
​
​
일렉트로룩스 인덕션 전기레인지 3구
마이어 여행포트 0.8L SH0802
오랄비 전동칫솔모 미세모, 크로스액션
킴보 네스프레소호환캡슐
칼레오 네스프레소호환캡슐
​
​
​
​
​
​
디프로매트 금고 BEYOND 500(36L)/700(64L)
글라스락 그리들팬 39CM
마리슈타이거 미니웍 20CM
쿡에버 통5중 뚝배기세트
차량용 성에방지커버 전면+사이드미러 세트
​
​
​
​
​
​
불스원 김서림방지 스프레이
불스원 그라스디퓨저
아이나비 블랙박스 VX1000
글라스락 보온도시락
브리타 정수용기 3.6L 필터 포함
​
​
​
​
​
​
모네프 고블렛
프리즘 LED 데스크 램프 PL-2900WH
3M 쓰리엠 박스 테이프
페브리즈 차량용방향제클립
아머올 클리닝&유리세정 티슈 세트
​
​
​
​
​
​
에셜론 스테어 크라이머
마이스토 FRESH METAL 다이캐스트 자동차
서전지구 LED 지구본 별자리/트레블
시스맥스 시스템 멀티박스
​
​
​
​
​
​
커튼 명가 창
커튼 500X230/240CM
360X 230/240CM
생활암막커튼
380X230CM/240CM
520X230CM/240CM
650X230CM/240CM
​
​
​
​
​
​
현관 매트
스피드랙 다용도 5단 선반
아이리스 서랍형 수납함
개별 멀티탭 세트
LED 전등선 LED 전구 포함 주광색/전구색
​
​
​
​
​
​
스탠리 접이식 핸드트럭
디월트 20V 햄머드릴세트
대림 분리형비데 자가설치
듀라셀 울트라알카라인건전지 AA/AAA
​
​
​
​
​
​
아이리스 서랍형 수납함 40L
네추럴코어 천연 오리가슴살
ANF 식스프리골드 애견사료
네추럴코어 애견사료 70%유기농
뉴트리플랜 애견용 홀릭소시지
​
​
​
​
​
​
아르르 강아지&고양이 열빙어간식
슈퍼포우 베리츄 강아지껌
시리우스 강아지 발씻자
팬시피스트 고양이 주식캔
ANF 식프리골드 고양이 사료
​
​
​
​
​
​
존스팜스 애견용 연어저키
펫노리터 애견매트
시디즈 베이직 사무용의자
이지엔 에어프라이어종이호일
이지엔 페이퍼호일
​
​
​
​
​
​
글래드 밀폐용기 1.1L 용기+뚜껑
이지엔 비닐백 (중형)
지퍼락 스마트지퍼백(중형)
지퍼락 스마트지퍼백(대형)
이지엔 슬라이더스탠딩지퍼백
​
​
​
​
​
​
커클랜드 시그니처 콜드브루
풀무원 하루귀리
코카콜라 갈아만든배
닥터페퍼제로 팩
산펠레그리노 멜로그라노아란시아타
​
​
​
​
​
​
칠성사이다제로 팩
펩시콜라 캔
펩시콜라제로 라임 팩
코카콜라 캔
갈바니나 유기농 가소사
​
​
​
​
​
​
몬스터 에너지 울트라 캔
핫시그 더프로오리지널
토레타 과채이온음료
코카콜라 제로 팩
후지산 탄산수
​
​
​
​
​
​
퍼실 어드밴스드젤세탁세제
퍼실 디스크캡슐세제
다우니섬유유연제 에이프릴프레쉬
FIJI 피지 모락셀라 냄새제거부스터
라브아캡슐세제 아이리스&피오니
​
​
​
​
​
​
퍼울 머스크블룸세탁세제
프로쉬 주방세제
액츠 파워젤세탁세제
액츠데오후레쉬 세탁세제+베이킹소다
다우니 인퓨젼캄 섬유유연제
​
​
​
​
​
​
프로쉬 코튼블라썸섬유유연제
레노아섬유유연제 화이트머스크향
다우니섬유유연제 삶음탈취
다우니 섬유유연제 실내 건조 플러스
홈스타 욕실청소용클리너
​
​
​
​
​
​
질레트 퓨전프로글라이드젤
파로돈탁스 쿨링민트치약
페브리즈 섬유탈취제/다우니향
스카트 살균소독티슈
스카트 유리거울 세정티슈
​
​
​
​
​
​
동아제약 검가드 오리지널
브레프 변기세정볼
센소다인 엑스트라 화이트 치약
블랙포레 쿨&딥클린 탈모 완화샴푸
아비노 바디로션
​
​
​
​
​
​
버츠비 립밤
니베아 크림
​
닥터지 더모이스처 베리어D 멀티밤은
세일아니구요!
신상품 같아서 찍어봤어요! :)
​
크리넥스 휴대용 티슈 3겹
크리넥스 소프트엠보싱 물티슈
​
​
​
​
​
​
CJ BYO 생유산균 프리미엄
CJ 아이시안 루테인지아잔틴
디펜드 스타일 라이너
디펜드 안심성인용기저귀
하기스 네이처메이드 팬티형 4단계/6단계
(5단계는 제가 갔을 때는 없었어요!)
​
CJ 바이오 생유산균 리뷰했었죠!
정말 오랜만에 할인이에요!
저희집도 여러개 재구매..!ㅎㅎ
저희집은 CJ BYO 생유산균이 제일 맞더라구요!
무난하게 좋은 유산균으로 추천해요! :)
​
​
​
​
​
​
AHC 텐 레볼루션 아이크림
​
성분에디터 그린토마토 앰플은 세일 아니구요!
신상품이라 찍어봤어요! :)
​
센텔리안24 멜라캡쳐 앰플 프로
바이탈 프로틴 콜라겐
​
하이뮨 액티브비건단백질제로도
세일 아니구요!
신상품이라 찍어봤어요.
​
​
​
​
​
​
일리윤 가려움토탈케어크림
메디웰 고단백 플러스 K
정관장 홍삼진 현
정관장 홍삼정 현
대웅제약 임팩타뮨
​
​
​
​
​
​
코스트코 12월 넷째주 건강기능식품 할인
​
한미헤파케어 밀크씨슬&홍경천
경남제약 레모나C
뉴트리코어 하이퍼셀식물성오메가
바슈롬 오큐비전50 플러스
세노비스 아연 면역 구미
​
​
​
​
​
​
얼라이브 슈퍼에너지젤
네이처스트루스 애플사이다비니거구미
한미양행 다이어트가르시니아
덴프스 NMN 250
덴프스 트루바이타민이뮨
​
​
​
​
​
​
커클랜드 시그니처 다목적 렌즈관리용액
락토핏 듀얼바이오틱스
영진 구론산
DR.ROOTEM THE 맥주효모 4000
관절N 리프리놀 초록입홍합 추출오일
​
​
​
​
​
​
덴프스 트루바이타민이뮨
에이프릴앳홈 목화솜 워싱면 요 싱글/퀸 사이즈
럭스나인 라텍스 토퍼 슈퍼싱글/퀸/킹 사이즈
​
​
​
​
​
​
JSPORT 여성 슬립온
네파 성인 워킹화
디어폼즈 남성 클로그
스케쳐스 여성밥스스위프트핏
커클랜드 시그니처 아동 셔링 부츠
​
​
​
​
​
​
게스 주니어밴드브라
푸마 주니어팬티 여/남
삭스탑 아동 파일양말 남/여
게스 아동드로즈
질바이질스튜어트 여성부티양말
​
​
​
​
​
​
갭 남성울양말
슬로기 브라탑
코데즈컴바인 퓨징 헴팬티
바디블루 헴 팬티
코데즈 컴바인 브라
​
​
​
​
​
​
리복 남성브리프
푸마 미드박서브리프
아웃도어프로덕츠 면라운드티셔츠
커클랜드 시그니처 여성 양털 부츠
디아도라 성인 방한 부츠
지프 소가죽 벨트
​
​
​
​
​
​
코스트코 12월 넷째주 12/22~28 의류 할인입니다.
양재점은 직원분들께서
늘 가까이에 계신 관계로
사진없이 목록언급으로 대체합니다.
양해부탁드려요. :)
​
리디아바인 여성캐시미어모크넥 67,900
리디아바인 캐시미어&실크니트 119,900
케네스콜 남성 본딩 청바지 29,990
아디다스 골프 남성 골프 바지 55,900
리디아바인 여성캐시미어가디건 89,900
케네스콜 여성 카고 조거 26,390
비지트인뉴욕 여성 스웨트셔츠 23.990
아웃도어 프로덕츠 여성 스웨트셔츠 23.990
푸마 남성 골프 바지 31,990
바인 알파카울 니트 55,900
밀레 쿼터집업 긴팔티 31,990
아디다스 남성 카고 조거 30,990
슈페리어 남성 골프 바지 36,470
케네스콜 카고 조거 바지 27,990
알로봇 키즈 파자마 세트 19,990
베네통 키즈 벨로아 팬츠 15,990
지프키즈 키즈 본딩 청바지 21,990
웨더프루프 빈티지 여성페어아일스웨터 19,990
베네통 키즈 코듀로이바지 21,990
지프 키즈 그래픽 후드 20,490
콜럼비아 유니버시티 키즈 플리스 후드 17,990
코데즈컴바인 남성 라운지 바지 19,990
JACHS 잭스 울 블렌디드 셔츠 21,490
베네통 키즈 벨로아 크루 15,990
휠라 키즈 보아 자켓 21,490
아디다스 여성 3S 플리스조거 23,990
아이더 키즈롱다운자켓 111,900
노이즈 키즈 패딩 자켓 55,900
게스 여성 롱다운 자켓 127,900
아디다스 상하의 세트 54,900
​
​
이제 지하 1층으로 내려가볼게요!
​
지하 1층 식품관 할인
​
​
​
코스트코 12월 넷째주 식품관 세일상품들을
영상으로 담아봤어요. :)
​
​
​
​
​
​
코스트코 12월 넷째주 12/22~28 식품관 할인
​
까시제로델디아블로 까베르네쇼비뇽
옐로우테일 쉬라즈
옐로우테일 까베르네 쇼비뇽
옐로우테일 샤도네이
까시제로델디아블로 샤도네이
​
​
​
​
​
​
칼로로시 화이트
벨지오이오소 비노로쏘
돈육 고추장불고기
우삼겹낙곱새
페스토 새우펜네
​
돈육 고추장불고기 세일이에요!
맛있고 양도 많고요!
다른 야채들 많이 넣어 먹어도 맛있어요
추천해요! :)
​
​
​
​
​
​
더건강한 허니 슬라이스햄
벨 미니베이비벨프로틴
쟌슨빌 베다체다 소시지
ILE DE FRANCE 브리슬라이스
맥코믹 발사믹 드레싱
​
​
​
​
​
​
DAILY DELIGHT 포로타브레드는
세일 아니구요!
신상품이라 찍어봤어요. :)
​
오리늘보 무항생제훈제슬라이스
존쿡델리미트 간장삼겹조림
비비고 고등어구이
해드림 부추 고기순대
​
​
​
​
​
​
하림 허브를입힌닭가슴살
미국산 프라임 부채살 스테이크
생물민물장어
봉지굴 (대)
생물자숙새꼬막살
​
​
​
​
​
​
블랙타이거새우
하리보 윈터 딜라이트
스위트 스페이스 크리스마스 선물세트
BASIC PROMOTIONS 미니 캔디 케인
​
​
​
​
​
​
코스트코 12월 넷째주 12/22~28 주류 할인
​
모에샹동 로제 샴페인
페리에주에 그랑브뤼샴페인
멈 꼬르동루즈샴페인
1865유니크 까베르네쇼비뇽
에밀리오 모로 뗌쁘라니요
집집 락 쉬라즈
투핸즈 블루스카이
카비앙카 무스카토 다스티
산테로 피노샤도스푸만테
필리터리비달 카레토아이스와인
​
​
​
​
​
​
몬테스 리미티드 샤도네이
켄달 잭슨 샤도네이
에밀리아나아말루나 유기농스파클링 브륏
아도베 까베르네 쇼비뇽 유기농와인
샤또 테시에르 생떼밀리옹 그랑크뤼
아마란타 몬테풀치아노다부르쪼
켄달잭슨 까베르네 쇼비뇽
아포틱 까베르네쇼비뇽
​
​
​
​
​
​
골든 스텔리온 유기농 와인
벨 스카치 위스키
몽키숄더
산토리위스키 가쿠빈
짐빔 버번위스키
잭다니엘 테네시 허니 위스키
제임슨 아이리쉬 위스키
​
​
​
​
​
​
바카디 슈페리에 럼
말리부 캐리비안 럼
붐베이 사파이어 런던 드라이 진
깔루아 리큐르
아페롤 아페리티보 리큐르
헤네시 꼬냑 VSOP
카발란 콘서트마스터 쉐리 싱글몰트위스키
​
​
​
​
​
​
산토리 프리미엄몰트 캔
기네스 드래프트 흑맥주
카사리토 무스카토 다스티
삿포로 캔맥주
타이거 레몬라들러 캔
​
​
​
​
​
​
코젤 믹스팩/라거, 다크 캔
하이네켄 캔맥주
밸러스 그로우 CCA 착즙 주스
허쉬 초콜릿드링크
삼육두유 국산 검은콩 두유
​
​
​
​
​
​
FIOR DI 라임주스
쥬비스 애플사이다비니거
마르티넬리 스파클링 사과주스
커클랜드 시그니처 엑스트라버진올리브유
비비고 참기름
백설 옥수수유
MARIANNE'S 아보카도오일
​
​
​
​
​
​
자몽 1박스
루비향
제스프리 골드키위
레드 체리
황금사과
​
​
​
​
​
​
썬키스트 레몬
칵테일 토마토
미니천홍사과
양구 건시래기
무농약 카이피라
​
​
​
​
​
​
깐양파
친환경 깐마늘
덴마크 소화가잘되는우유
풀무원다논 무가당 그릭요거트
서울우유 무가당플레인요거트
커클랜드 시그니처 무지방 그릭요거트
​
​
​
​
​
​
예천농협 한아름쌀
CJ 유기농 맛밤
HOODY'S 허니 로스티드 피넛
그린너트 호두 정과
대성 농협 국산 볶음 땅콩
​
​
​
​
​
​
원더풀 가염 아몬드
신라명과 달콤바삭 크룽지
삼립 촉촉한 꿀카스테라
화과방 바질스콘
삼립 우리밀 통단팥호빵
삼립 우리밀야채호빵
​
​
​
​
​
​
SNAKYARD 표고버섯 칩
이롬 1일 영양건강식
헤이그램 서리태 스낵
본마망 무화과잼
하바나 밀크캐러멜 스프레드
​
​
​
​
​
​
양재점 지하 1층에서
비비고 만두 수퍼데모 행사가
오늘부터 2주간 진행합니다.
​
비비고 진한고기만두,
비비고 군만두,
비비고 깻잎만두 제품 할인이에요!
​
​
​
​
​
​
켈로그 크랜베리 아몬드 그래놀라
그래놀라 하우스 그래놀라 파로이츠
켈로그 아몬드 푸레이크
제네럴밀스 시나몬토스트크런치
켈로그 리얼 그래놀라
​
​
​
​
​
​
포스트 콘푸라이트
포스트 오레오 오즈
​
오그래놀라 오트통넛츠는
세일 아니구요!
신상품이라 찍어봤어요. :)
​
제네럴밀스 골든 그레이엄
삼진어묵 종합꼬치어묵
​
​
​
​
​
​
삼진어묵 김치어묵우동
브룩팜 에센셜 그래놀라
LESLEY STOWE 레인코스트크리스프
크리스피스모어 오갓멜로
청년떡집 말랑말랑 꿀오랑
​
크리스미스모어 오갓멜로 리뷰했었죠!
칼로리도 부담스럽지 않으면서 맛있어요!
특히 데워먹으면 더 맛있어요
추천해요! :)
​
​
​
​
​
​
마마스초이스 티각태각 야채부각
STOCKMEYER 뮤직틴카라멜버터쿠키
쿠키아 뚜부 크래커
RICHY KENJU 리치 켄주 야채크래커
밀카 초코무
​
리치켄주 야채크래커 리뷰했었죠!
많이 달지 않은 크래커 과자에요 추천해요!
​
밀카 초코무 지난주에 들어와서
세일 하면 사려고 했더니 마침 딱!ㅎㅎ
바로 사봤어요! 조만간 리뷰 예정! :)
​
​
​
​
​
​
LIKESKY 틴인틴 비스켓
삼립 궁중 꿀약과
​
MCVITIE'S 미니체다크래커는
세일 아니구요!
신상품이라 찍어봤어요. :)
​
콤보스 체다 치즈 크래커
카디나 감자 스틱
​
​
​
​
​
​
마마스초이스 구운 오징어채
곰표 후라이드 오징어
​
CHERRY GRANDFATHER 오리지널 누가,
생미쉘 초콜릿 하트케익도
세일 아니고요!
신상품이라 찍어봤어요. :)
​
MEITO 푸쿠푸쿠 타이
​
​
​
​
​
​
모리나가 문라이트
자케 미니브라우니믹스
비카인드 다크초콜릿 너트바
네이처밸리 프로틴 바
네이처밸리 트레일 믹스 바
​
모리나가 문라이트 리뷰했었죠!
부드럽고 맛있어요 추천해요! :)
​
​
​
​
​
​
멘토스 미니사이즈/과일맛
후룻텔라 과일맛 요구르트츄
​
CHOCXO 아몬드 버터컵
위토스 이탈리안 트러플도
세일 아니구요
신상품이라 찍어봤어요. :)
​
아라비안 딜라이트 대추&아몬드초콜릿
​
​
​
​
​
​
킨더 맥시 초콜릿
익사이클 바삭칩 믹스
농심 와사비 새우깡
맥스봉 치즈플러스
하리보 메가 파티 젤리
​
​
​
​
​
​
후르츠 거셔서 트로피칼 펀치
라아부엘라 감자칩
오리히로 과일 곤약 젤리
트롤리 지구본 젤리
킷캣 오리지널 초콜릿
​
​
​
​
​
​
엠앤엠즈 믹스 초콜릿
스니커즈 미니스 초콜릿
제네럴밀스 후룻 바이 풋
아라우카리아 크리스마스시즌용 플라스틱 화분
​
​
이제 냉동냉장 코너쪽으로
가볼게요!
​
​
​
​
​
코스트코 12월 넷째주 냉동냉장 할인
​
더건강한 샌드위치햄
한성기업 크래미
동원 더킹 크랩스
동원 그릴리 트러플 도이치햄
백설 햄스빌 베이컨
​
​
​
​
​
​
동원 도이치비엔나 소시지
상하치즈 유기농 체다치즈
필라델피아 크림치즈 플레인
미정당 말랑쫄깃떡국떡
하겐다즈 스틱바
​
​
​
​
​
​
하겐다즈 미니컵 컬렉션
​
상하목장 그릭요거트프로즌은 세일 아니구요!
신상품이라 찍어봤어요. :)
​
하겐다즈 크리스피샌드위치
EURO POMELLA 부라타치즈
리스토란테 모짜렐라 피자
​
​
​
​
​
​
명랑 모짜렐라핫도그
알찬해 해물잔치
커클랜드 시그니처 생새우(21-25)
생새우 (50-70)
하림 용가리 치킨
​
​
​
​
​
​
고삼농협 한우곰탕
애슐리 바비큐 폭립
오뚜기 맛있는 물만두
하겐다즈 쿠키 컬렉션 파이트 3종
CJ 자메이카치킨
​
​
​
​
​
​
고메 크리스피 핫도그
비비고 왕교자
햇반 김치치즈주먹밥
참치마요 주먹밥
베이컨 계란볶음밥
​
​
​
​
​
​
비비고 수제만둣집 진한김치만두
풀무원 소고기버섯비빔밥
비비고 수제만둣집 든든한섬만두
비비고 통새우만두
개성 제주돼지 감자만두
​
​
​
​
​
​
동원 딤섬새우하가우
이연복셰프의 새우통통멘보샤
고메 중화짬뽕
비비고 바지락칼국수
왕애밥상 묵은지고기김치찌개
​
​
​
​
​
​
비비고 남도 떡갈비
씨제이 꼬마돈까스
동원7겹돈까스
비비큐 닭강정
고메 함박 스테이크
​
​
​
​
​
​
고메 소바바소이허니순살
하림자연실록 스파이시닭가슴살
요플레 프로틴딸기바나나
아임리얼 딸기주스
서정옥의 느린부엌 느린식혜
​
​
​
​
​
​
서정옥의 느린부엌 느린수정과
CJ 베이컨 까르보나라
청정원 콩담백면
미정당 가래떡 떡볶이
다담 된장찌개 양념
아워홈 청잎김치
​
​
​
​
​
​
팀홀튼 그라운드 커피
소스락 백년육수
동원 EPA 참치 캔
티젠 레몬콤부차
맥심 카누미니
​
​
​
​
​
​
스타벅스 미디엄 아메리카노
스위스미스 핫코코아 기프트
맥심 모카골드 마일드
본비 호두아몬드율무차
본비 6년근 홍삼본
​
​
​
​
​
​
MAILLE 홀그레인 머스타드
SIAS 오리엔탈 드레싱
햇님마을 청양고춧가루
오뚜기 참깨돈까스소스
크래프트 A1 스테이크소스
​
​
​
​
​
​
백설 소갈비양념
백설 소불고기양념
백설 하선정멸치액젓
이금기 프리미엄 굴소스
백설 프리미엄 굴소스
​
​
​
​
​
​
비비고 김치요리용소스
해찬들 궁중식볶음고추장
해찬들 고기전용쌈장
하인즈 유기농 토마토케찹
크래프트 미라클 휩
​
​
​
​
​
​
큐원 스테비아
ACETUM 유기농 사과식초
햇반 발아현미밥
동원 고추참치 캔
스팸 닭가슴살
​
​
​
​
​
​
그릭슈바인 동물복지햄라이트
풀무원 식물성런천미트
스팸 클래식
리챔 오리지널
햇반 컵반 치킨마요덮밥
​
​
​
​
​
​
햇반컵반 된장&김치찌개밥
햇반 솥반 꿀약밥
서리태 흑미밥
이천쌀밥
쌀눈가득 쌀밥
파로 통곡물밥
스팸 라이트
​
​
​
​
​
​
양재점 지하 1층에서
동원 즉석밥 수퍼데모 행사가
오늘부터 2주간 진행합니다.
​
양반 100% 통곡물밥,
100% 현비밥을
판매하고 있어요. :)
​
​
​
​
​
​
오뚜기 백세카레 약간매운맛
면사랑 남해 멸치칼제비
양반 그릴리부대전골
상하키친 양송이 크림스프
보노 바질크림 스프
​
​
​
​
​
​
데체코 바질페스토
RAO'S 마리나라소스
비비고 사골곰탕 진
사골시래기된장국
육개장
​
​
​
​
​
​
양반 진국 소고기무국
통다리 닭볶음탕
마마스초이스 황태 양념구이
비비고 스팸듬뿍부대찌개
비비고 김치볶음
​
​
​
​
​
​
본죽 쇠고기 장조림
ARTISAN 라자냐 키트
고메 베이컨트러플파스타
면발의 신 마라탕면
풀무원 볶음짬뽕
​
​
​
​
​
​
비비고 떡볶이
오뚜기 초간편 감자전 믹스
오뚜기 열라면
농심 신라면 건면
신라면 블랙
​
​
​
​
​
​
농심 새우탕/튀김우동
​
삼양 1963 라면은 세일 아니구요!
신상품이라 찍어봤어요. :)
​
농심 너구리
양반 어쏘티드 칼떡볶이
풍국면 들기름막국수
풍국면 들깨칼국수
​
백제 가마타마 우동도 세일 아니구요!
신상품이라 찍어봤어요. :)
​
​
​
​
​
​
오늘의 장바구니샷!
생유산균 오래간만의 세일이라
저희집 4세트 구입..!
카누 미니도 오랜만이라 사구요!
오리히로 곤약젤리는 수친동생 주려고 구입..!
(먹을걸로 꼬셔야지...ㅠㅠㅎㅎ)
​
밀카 초코무 아까 말씀드린대로 구입..!
조만간 리뷰 예정! :)
가르시니아랑 사진에는 안 찍혔지만
섬유탈취제도 사구요!
스웨트셔츠 맨투맨도 하나 샀어요!ㅎㅎ
​
지금까지
코스트코 12월 넷째주 12/22~28
할인상품이었어요!
​
제가 방문한 지점은 양재점이며
각 지점마다 품목이나 기간 등이
다를 수 있다는 점 유의해주세요. :)
​
이번주는 시작부터 매우 춥네요..!
이제 열흘 남은 2025년..
남은 열흘 동안 이웃님들의 25년도는
즐겁고 행복한 추억만 생기시길 바랄게요..!
한주간 또 건강하게 잘 보내시고
우린 또 다음주에 뵈어요~😻😻🩷
​
그럼 이만,
안뇨오오옹~~😆🎶
​
​
함께 보면 좋은 글 더 보기 😀
​
코스트코 냉동 추천상품 햇반 베이컨계란볶음밥 후기 +가격 영양성분
코스트코 냉동 추천상품 햇반 베이컨계란볶음밥 후기 코스트코에서 자주 할인하는 냉동볶음밥 햇반 베이컨...
m.blog.naver.com
​
코스트코 과자 추천상품 모리나가 문라이트 갈레트샌드 후기 +가격 영양성분
코스트코 과자 추천상품 모리나가 문라이트 갈레트샌드 후기 예전에 코스트코에 과자 신상품으로 들어온 후...
m.blog.naver.com
​
​",https://blog.naver.com/mokkacookie/224118746913,Hallo!! Willkommen! :),20251222,2026-04-27 16:20:23
세븐일레븐 삼립 25년듬뿍피자호빵,[삼립 단팥호빵 성분 비교] 팥 31% 함유 코스트코 VS 팥 22.66... ,"특히 코스트코와 편의점(CU, GS25, 세븐일레븐, 이마트24)에서 판매되는 단팥호빵은 가성비와... 편의점 삼립호빵 정통단팥은 밀가루 기반 반죽에 국내산 고운 단팥앙금을 듬뿍 충전해 증숙한 가열 빵류로... ","찬바람이 불어오는 겨울철, 따뜻한 호빵이 생각나는 계절입니다. 대한민국 대표 겨울 간식인 삼립호빵은 1971년부터 이어져온 전통으로, 매년 수많은 소비자들의 사랑을 받고 있습니다. 특히 코스트코와 편의점(CU, GS25, 세븐일레븐, 이마트24)에서 판매되는 단팥호빵은 가성비와 편의성으로 인기입니다.
​
이번 포스팅에서는 코스트코에서 판매되는 삼립 우리밀 통단팥 호빵(90g x 12개, 8,790원)과 편의점에서 판매되는 삼립호빵 정통단팥(1개, 1,500원)을 비교해 보겠습니다. 성분, 영양 정보, 식품첨가물, 규격, 가격 등을 자세히 분석하여 어떤 제품이 더 나은 선택인지 도와드리겠습니다.
​
[식품첨가물 공전] 초가공식품 위험성과 필수 영양표시 읽는 법
초가공식품과 식품첨가물 우리는 매일 수많은 가공식품을 접하고 있습니다. 바쁜 현대인의 삶에서 가공식품...
vo.la
단팥호빵의 정의
""제5. 식품별 기준 및 규격""에 따르면,
빵류
는 다음과 같이 정의됩니다:
밀가루 또는 기타 곡분, 설탕, 유지, 달걀 등을 주원료로 하여 이를 발효시키거나 발효하지 않고 반죽한 것 또는 크림, 설탕, 달걀 등을 주원료로 하여 반죽하여 냉동한 것과 이를 익힌 것으로서 식빵, 케이크, 카스텔라, 도넛,
피자
, 파이, 핫도그, 티라미스, 무스케익 등을 말한다.
코스트코 우리밀 통단팥 호빵은 우리밀가루를 사용한 반죽에 통팥앙금을 듬뿍 충전해 증숙한 가열 빵류로, 부드러운 식감과 깊은 단맛이 특징입니다.
​
편의점 삼립호빵 정통단팥은 밀가루 기반 반죽에 국내산 고운 단팥앙금을 듬뿍 충전해 증숙한 가열 빵류로, 1971년부터 이어진 정통 레시피 그대로의 부드러움과 깊은 단맛이 특징입니다.
​
제품 등록 현황 (식품안전나라)
​
코스트코 우리밀 통단팥 호빵과 편의점 정통단팥은 ㈜에스피씨삼립(경기도 시흥시 공단1대로 101)에서 제조·유통 중이며, 현재 회수나 판매 중지 사례 없이 정상 유통되고 있습니다. 알레르기 유발 성분(밀, 대두, 우유)를 함유하고 있어 해당 성분에 민감하신 분은 주의가 필요합니다.
​
코스트코 편의점 단팥호빵 비교
영양성분 비교
​
항목
코스트코 우리밀 통단팥 호빵 (1개당 90g당)
편의점 정통단팥 (1개당, 100g)
열량
243 kcal
265 kcal
당류
28g
28g
​
식품첨가물 비교
1. 유통기한 연장을 위한 첨가물
첨가물
삼립 우리밀 통단팥 호빵
삼립호빵 정통단팥
역할
주정
⭕
⭕
미생물 증식 억제
​
2. 맛 관련 첨가물
첨가물
삼립 우리밀 통단팥 호빵
삼립호빵 정통단팥
역할
정제소금
⭕
⭕
풍미 조절
혼합제제(변성전분, 덱스트린)
⭕
⭕
점도 조절
말티톨액
❌
⭕
설탕 대체 감미료
설탕, 단팥앙금
❌
⭕
주된 단맛 제공
잔탄검
❌
⭕
앙금 점도 안정화
3. 외관 및 식감 관련 첨가물
첨가물
삼립 우리밀 통단팥 호빵
삼립호빵 정통단팥
역할
글리세린에스테르
⭕
⭕
유화 안정화, 부드러움 유지
산성피로인산나트륨, 탄산수소나트륨
⭕
⭕
팽창제 (폭신한 식감)
L-시스틴, a-아밀라아제
⭕
⭕
반죽 개선
폴리글리세린 지방산에스테르
❌
⭕
유화 안정화
가격 비교
제품
용량
가격
개당 가격 (환산)
삼립 우리밀 통단팥 호빵
90g x 12개
8,790원
약 732원
삼립호빵 정통단팥
1개
1,500원
1,500원
마무리
코스트코
삼립 우리밀 통단팥 호빵은 12개 대용량으로 개당 약 732원의 가성비가 뛰어나며, 우리밀 함유와 높은 팥앙금 비율(46.72%)로 더 건강하고 든든한 선택입니다. 243kcal로 칼로리가 낮고, 통팥의 깊은 맛을 즐길 수 있습니다.
​
반면,
편의점
삼립호빵 정통단팥은 즉시 구매 가능한 편의성과 1971년 정통 레시피의 부드러운 맛이 강점이고, 개당 1,500원으로 가격이 높고 칼로리(265kcal)가 조금 더 높습니다.
​
다음 포스팅에서 더 유익한
식품 분석
정보로 찾아뵙겠습니다!
​
코스트코 단팥 호빵 성분 (자세히)
​
코스트코 추천상품 8,790원 [삼립 우리밀 통단팥 호빵] 1개당 732원 · 243kcal
찬바람이 불어오면 생각나는 겨울 필수 간식, 삼립호빵. 특히 코스트코에서 판매되는 우리밀 통단팥 호빵이...
vo.la
편의점 단팥 호빵 성분 (자세히)
​
CU, GS25, 세븐일레븐, 이마트24 편의점 겨울 간식 1,500원 [삼립호빵 정통단팥] 1개당 265칼로리
2024.10.31. SINCE 1971 찬바람이 불어오면 생각나는 삼립호빵. 삼립호빵은 매년 추운 겨울을 따뜻하...
vo.la
​",https://blog.naver.com/excuse__j/224116791311,건강한 정보로 더 나은 삶을,20251220,2026-04-27 16:20:24
세븐일레븐 삼립 25년듬뿍피자호빵,"코스트코 양평점 12월 둘째주 메이플시럽 등 간식, 양념... ","880G 삼립 토마토피자브레드 110G X 10 삼립 콘마요 빅브레드 110G X 10 화과방 크림... 18 삼립 우리밀야채 호탕 90G X 12 삼립 우리밀 통단팥호빵 90G X 12 6. 스팸, 참치 등 통조림류... ","25년 12월 8일(월)
코스트코 양평점으로 다녀왔습니다.
​
해당게시물은
코스트코 베이커리, 양념, 통조림류, 간편식,
라면, 음료, 간식 등
실온보관식품의 할인을 안내하고있고,
아래 목차 참고하시면 좋습니다.
​
목차
1. 코스트코 베이커리
2. 간식 : 견과류, 안주, 쿠키 등 과자
3. 간식: 젤리, 초콜렛, 껌
4. 오일, 소스, 양념, 드레싱, 스파게티면
5. 빵류, 스프레드, 시리얼, 시럽
6. 스팸, 참치 등 통조림류, 즉석밥, 간편식
7. 라면 등 면류, 떡볶이, 칼제비
8. 커피, 탄산, 두유, 차, 코코아 등 음료
​
​
​
1. 코스트코 베이커리
딸기프로마쥬 나오네요!
가격은 작년과 동일하게 33,990원입니다
버라이어티크림도넛 6СT/PACK
고대 곡물 바게트 2CT/PACK
피타 브레드 6CT/PACK
소보로단팥빵 6СТ/PACK
2. 간식 : 견과류, 안주, 쿠키 등 과자
C-WEED 찹쌀 김부각 250G
CADINA 감자 스틱 600G / 60G X 10
신화에프에스 갓 튀김 어포 400G
대성 농협 국산 볶음 땅콩 1KG
농심 스낵 모음 1080G / 36개입
NATURE VALLEY 프로틴 바 1.2KG / 40G X 30
KIRKLAND SIGNATURE 쇼트브레드 쿠키 2.1KG
궁 골든올리브 육포 250G
궁 쇠고기 육포 280 G
MAMA'S CHOICE 바삭한닭껍질후라이드 200G
FISH TREE 먹태깡 레드 200G
FERRERO 누텔라 앤 고 624G / 52G X 12
KIRKLAND SIGNATURE 벨기에 초콜릿쿠키 1.4 KG
ALLI & ROSE 미니 초코 와퍼콘 397G
DEL DESTINO 복숭아절임 1.9KG
MAMA'S CHOICE 쌀크래커 김파래맛 450G / 50G X 9
3. 간식: 젤리, 초콜렛, 껌
TROLLI 지구본 젤리 1147G / 18.8G X 61
ORIHIRO 과일 곤약 젤리 1,040G / 130G X 8
LEON 사워 젤리모음 900G / 30G X 30
후르츠 거셔스 트로피칼 펀치 1000G / 40G X 25
SWEETORY 자일리톨 껌 450G / 150G X 3
WITOR'S 시타디탈리아 틴 490G
SNICKERS 펀사이즈 초콜릿 1,360G
KINDER 킨더 조이 초콜릿 240 G / 20G X 12
MALTESERS 밀크 초코볼 720G
HAWAIIAN HOST 마카다미아 초콜릿 681G / 227G X 3
CORNE PORT 로얄 박스 초콜릿 315G
GODIVA 크런치 초콜릿 288G
DELAFAILLE 박스 초콜릿 400G / 200G x 2
GUYLIAN 씨쉘 초콜릿 500G
LINDT 린도르 초콜릿 600G
GHIRARDELLI 다크 스퀘어 초콜릿 543G
​
​
​
크리스마스 간식은 1층에 있습니다!
HARIBO 원터 딜라이트 980G
SWEET SPACE 크리스마스 선물세트 908G
SILVER CRANE 초코 트러플 350G
BASIC PROMOTIONS 미니 캔디 케인 1KG
SWEETORY 스탬프 캔디 1216G / 80봉
4. 오일, 소스, 양념, 드레싱, 스파게티면
몽고 송표PREMIUM 간장 1.8L X 2
GAROFALO 스파게티 500G X 8
오뚜기 우리밀부침가루 1.8KG
OLITALIA 유기농엑스트라버진 올리브유 1L
MARIANNE'S 아보카도오일 2L
KIRKLAND SIGNATURE
엑스트라버진올리브유 2L (이탈리아)
청정원 순창 조개멸치 양념된장 900G X 2
MCCORMICK 시저 샐러드 드레싱 1KG
HEINZ 굿마요네즈 500ML X 3
HEINZ 유기농 토마토케찹 1.25KG X 2
CHIN-SU FOODS 남늑 피쉬소스 2L
비비고 김치요리용소스 1.3KG
백설 소불고기양념 840G X 2
해찬들 구수한가정식집된장 3.15KG
해찬들 궁중식볶음고추장 500G X 2
백설 하선정멸치액젓 1KG X 3
해리농협 천만금탈수천일염 5KG
S&B 생와사비 175G X 3
KRAFT A1스테이크소스 425G x 3병
STAR 케이퍼 709G
KRAFT 미라클 휩 887ML X 2
5. 빵류, 스프레드, 시리얼, 시럽
KELLOGG'S 콘푸로스트라이트슈거 530G X 4
POST 통보리 그래놀라 500G X 3
KELLOGG'S 첵스초코 콤보팩 570G X 2 + 400G
신라명과 프리미엄 탕종식빵 880G
삼립 토마토피자브레드 110G X 10
삼립 콘마요 빅브레드 110G X 10
화과방 크림&딸기붓세 55G X 8
화과방 우피파이 30G X 12
LES COMTES DE PROVENCE 캐러멜 스프레 750G
KIRKLAND SIGNATURE 유기농골든메이플시럽 740ML
PISTI 아몬드크림스프레드 600G
KELLOGG'S 컵 시리얼 40G X 18
삼립 우리밀야채 호탕 90G X 12
삼립 우리밀 통단팥호빵 90G X 12
6. 스팸, 참치 등 통조림류, 즉석밥, 간편식
햇반 발아현미밥 210G X 18
KRAFT 양송이 스프 198G X 12
동원 EPA 참치 150G X 10
HEINZ 베이크드 빈즈 415G X 8
SPAM 스팸 라이트 340G X 6
SPAM 스팸 닭가슴살 200G X 9
JOHNSONVILLE 시그니처햄 200G X 8
SPAM 스팸 클래식 340G X 6
동원 EPA 참치 3KG
리챔 오리지널 2.22KG
비비고 스팸듬뿍부대찌개 460G X 4
비비고 사골곰탕 진 500G X 12
CAMPBELL'S 클램차우더 스프캔 505G X 6
보노 옥수수알 콘스프 21G X 18
햇반 소프트밀 소고기죽 420G X 5
비비고 사골시래기된장국 460G X 5
양반 진국 소고기무국 460G X 5
비비고 소고기 미역국 500G X 5
비비고 육개장 500G X 5
비비고 김치볶음 150G X 10
양반 통다리 닭볶음탕 490G X 4
햇반컵반 된장&김치찌개밥 270G X 3 + 280G X 3
햇반 서리태 흑미밥 210G X 18
햇반 솥반 꿀약밥 210G X 6
햇반 파로 통곡물밥 190G X 12
햇반 컵반 치킨마요덮밥 233G X 6
햇반 이천쌀밥 210G X 18
양반 그릴리부대전골 690G X 2세트
7. 라면 등 면류, 떡볶이, 칼제비
농심 육개장 사발면 86G X 24
농심 김치 사발면 86G X 24
삼양 까르보불닭볶음면컵 105G X 16
삼양 불닭볶음면 큰컵 105G X 16
고메 베이컨트러플파스타 251.8G X 6
이가자연면 얼큰 누룽제비 133.5G X 6
백제 필승의 잔치국수 235G X 8
백제 당초밀면 496G X 6
비비고 떡볶이(8인분) 1440G
떡볶이의 신 짜장 라볶이 482G X 3
양반 어쏘티드 칼떡볶이 1,412G (3가지맛)
면발의 신 마라탕면 85G X 6
백제 알리오올리오파스타 230G X 8
풍국면 들기름막국수 798G (6인분)
오뚜기 오라면 120G X 32
농심 올리브 짜파게티 140G X 20
농심 안성탕면 125G X 20
농심 신라면 블랙 134G X 20
면사랑 남해 멸치칼제비 180G X 6
8. 커피, 탄산, 두유, 차, 코코아 등 음료
코카콜라 제로 300ML X 24팩
웰치스 탄산소다 / 포도맛 355ML X 24캔
칸타타 콘트라베이스COLDBREW 400ML X 24PK
연세우유 멸균우유 200ML X 24
갈바니나 유기동 레몬에이드 355ML X 12
이롬 ABC주스 100ml x 20 (착즙)
O'RGANIC 사과&당근 주스 125ML X 24 (유기농)
더'진한 레드 주스 125ML X 24
롯데 쌕쌕오렌지주스 240ML X 30
BALANCE GROW 수박 주스 230ML X 10
카프리썬 오렌지망고주스 200ML X 20
카프리썬 멀티 비타민주스 200ML X 20
DENMARK 스위티자몽주스 200ML X 24
베지밀 아몬드& 호두 두유 190ML X 24
상하목장 유기농 멸균우유 200ML X 24
STARBUCKS 다크 아메리카노 1.1G X 170CT
이름 유기농레몬즙 20G X 50
MAXIM 화이트골드 190 X 2
BOHEMIAN ROASTERS 박이추드립백커피 33입
STARBUCKS 드립백커피 9G X 20
KANU 카페블렌드 원두커피 1.13KG
하이트진로 블랙보리 340ML X 24
광동 옥수수 수염차 340ML X 24
하이트진로 토닉워터 플레인 600ML X 15PET
게토레이 레몬 240ML X 30캔
토레타 과채이온음료 500ML X 20PK
SAN PELLEGRINO 멜로그라노아란시아타 330ML X 24캔
산가리아코코 복숭아&청포도 500ML X 12
분다버그 핑크자몽 375ML X 12병
분다버그 트로피칼 망고 375ML X 12병
닥터페퍼제로 350ML X 24팩
펩시콜라 355ML X 24캔
코카콜라 350ML X 24캔
오랑지나 탄산음료 355ML X 24CAN
칠성사이다 190ML X 30캔
몬스터에너지 울트라 500ML X 12캔
KIRKLAND SIGNATURE 콜드브루 325ML X 12
코카콜라 600ML X 12팩
파워에이드 이온음료 520ML X 20
VONBEE 생강청 2KG
VONBEE 본비 레몬청 2KG
VONBEE 유자청 2KG
씨밀레 자몽오렌지청 2KG
SWISS MISS 마시멜로코코아 28G X 60
SWISS MISS 밀크초콜릿코코아 28G X 60
​
​
커피캡슐은 할인하는거 없었고
탄산수는 체크 못했어요 😅
금요일에 확인하겠습니다!",https://blog.naver.com/wulda/224102863141,너의 곁에.,20251208,2026-04-27 16:20:26
세븐일레븐 삼립 25년듬뿍피자호빵,코스트코 12월 첫째주 할인상품 1-7일 회원권 추천 세일 품목... ,통단팥 호빵 삼립 우리밀 야채 호빵 보노 옥수수알 콘스프 햇반 이천쌀밥 비비고 사골곰탕 진 고메... 스팸 듬뿍 부대찌개 비비고 육개장 면사랑 남해 멸치 칼제비 비비고 소고기 미역국 떡볶이의 신... ,"코스트코 12월 첫째주 할인상품
​
1-7일 회원권 추천 세일 품목 추천템
휴무일 정보
​
안녕하세요! 코코 알리미 퐁퐁이에요~
어느덧 2025년도 한달밖에 남지 않았는데요, 올해도 정말 빠르게 지나간 것 같아 아쉬움이 남는 한해에요!
25년 마지막 남은 한달 12월 첫째주 코스트코에서는 어떤 상품들이 할인중인지 자세하게 살펴볼게요~
​
1. 코스트코 할인상품 : 식품
​
​
MANNA MALL 국산 볶음 땅콩
​
​
​
​
GHIRAREDELLI 다크 스퀘어 초콜릿
​
​
​
​
CADINA 감자스틱
​
​
​
​
프링글스 미니 사워크림 & 어니언
​
​
​
​
MAMA'S CHOICE 고구마 프라이즈
​
​
​
​
동원 저스트 육포 화이트 페퍼
​
​
​
​
한라식품 수참치액
​
​
​
​
몽고 송표 간장
​
​
​
​
햇반 발아현미밥
​
​
​
​
햇반 파로 통곡물밥
​
​
​
​
동원 EPA 참치
​
​
​
​
KRAFT 양송이 스프
​
​
​
​
삼립 우리밀 통단팥 호빵
​
​
​
​
삼립 우리밀 야채 호빵
​
​
​
​
보노 옥수수알 콘스프
​
​
​
​
햇반 이천쌀밥
​
​
​
​
비비고 사골곰탕 진
​
​
​
​
고메 베이컨 트러플 파스타
​
​
​
​
햇반 서리태 흑미밥
​
​
​
​
햇반 쌀눈가득 쌀밥
​
​
​
​
햇반 컵반 된장 & 김치찌개밥
​
​
​
​
햇반 솥반 꿀약밥
​
​
​
​
햇반 컵반 치킨마요 덮밥
​
​
​
​
온가족 누룽지 미니
​
​
​
​
풍국면 들깨 칼국수
​
​
​
​
비비고 스팸 듬뿍 부대찌개
​
​
​
​
비비고 육개장
​
​
​
​
면사랑 남해 멸치 칼제비
​
​
​
​
비비고 소고기 미역국
​
​
​
​
떡볶이의 신 짜장 라볶이
​
​
​
​
양반 어쏘티드 칼떡볶이
​
​
​
​
백제 당초 밀면
​
​
​
​
풍국면 들기름 막국수
​
​
​
​
설빙 옛날 미숫가루
​
​
​
​
켈로그 첵스 초코 콤보팩
​
​
​
'
켈로그 콘푸로스트 라이트 슈거
​
​
​
​
GENERAL MILLS 골든 그레이엄
​
​
​
​
켈로그 리얼 그래놀라
​
​
​
​
켈로그 크랜베리 아몬드 그래놀라
​
​
​
​
포스트 콘푸라이트
​
​
​
​
비비고 떡볶이
​
​
​
​
양반 그릴리 부대전골
​
​
​
​
우불식당 즉석우동
​
​
​
​
백제 필승의 잔치국수
​
​
​
​
팽성농협 고시히카리쌀
​
​
​
​
BASIC PROMOTIONS 미니 캔디 케인
​
​
​
​
하리보 윈터 딜라이트
​
​
​
스타벅스 코코아 파우더
​
​
​
​
LINDT TEDDY 초콜릿
​
​
​
​
STEENLAND 크리스마스 초콜릿
​
​
​
​
SILVER CRANE 초코 트러플
​
​
​
​
광저우 레스토랑 문 케이크 월병
​
​
​
​
청년떡지 말랑말랑 꿀오랑
​
​
​
​
CARR'S 테이블워터 크래커
​
​
​
​
DIGESTIVE 다이제스티브
​
​
​
​
TREFIN 벨기에 커피 스위트
​
​
​
​
MAMA'S CHOICE 후라이트 쥐포 튀김
​
​
​
​
뉴트리원 유기농 엑스트라버진 올리브유
​
​
​
​
해찬들 고기전용 쌈장
​
​
​
​
SACLA 페페론치니 튜나
​
​
​
​
그릭슈바인 동물복지 햄 라이트
​
​
​
​
소스락 바싹말린 의성마늘
​
​
​
​
해찬들 구수한 가정식 집된장
​
​
​
​
HEINZ 유기농 토마토 케찹
​
​
​
​
스팸 클래식
​
​
​
​
스팸 라이트
​
​
​
​
리챔 오리지널
​
​
​
​
풀무원 식물성 런천미트
​
​
​
​
스팸 닭가슴살
​
​
​
​
유동 자연산 다시마 골뱅이
​
2. 신선식품
​
​
메로골드 자몽
​
​
​
​
엔비 사과
​
​
​
​
대봉감
​
​
​
​
DOLE 컷 파인애플
​
​
​
​
데일리 샐러드 믹스
​
​
​
​
빙그레 딸기맛 & 메로나맛
​
​
​
​
버라이어티 크림 도넛
​
​
​
​
주꾸미 볶음
​
​
​
​
꼬막 비빔밥
​
3. 냉장 & 냉동식품
​
​
국내산 동물복지 돈육 목심 로스
​
​
​
​
미국산 초이스 등신 스테이크
​
​
​
​
미국산 초이스 앞다리 불고기
​
​
​
​
미국산 초이스 토시살 로스
​
​
​
​
호주산 냉동 소꼬리
​
​
​
​
냉동손질 오징어
​
​
​
​
생물가리비
​
​
​
​
민어맑은탕
​
​
​
​
굴무침
​
​
​
​
봉지굴
​
​
​
​
오리늘보 무항생제 훈제 슬라이스
​
​
​
​
SOIGNON 스프레더블 치즈
​
​
​
​
BELGIOIOSO 부라타치즈
​
​
​
​
동원 무첨가 레겐스부르거
​
​
​
​
라쿠치나 방울토마토 마리네이드
​
​
​
​
​
​
CP 사각 통새우 패티
​
​
​
​
TROPICAL MARIA 망고 청크
​
​
​
​
하겐다크 크리스피샌드위치
​
​
​
​
하겐다즈 스틱바
​
​
​
​
BBQ 훈연치킨
​
​
​
​
고메 소바바 소이 허니순살
​
​
​
​
고메 함박 스테이크
​
​
​
​
고메 바삭 쫄깃한 탕수육
​
​
​
​
사옹원 부침명장 바삭 김치전
​
​
​
​
씨제이 꼬마돈까스
​
​
​
​
궁 소곱창 전골
​
​
​
​
고메 중화짬뽕
​
​
​
​
비비고 바지락 칼국수
​
​
​
​
동원 딤섬 새우 하가우
​
​
​
​
비비고 수제만둣집 진한 김치만두
​
​
​
​
비비고 수제만둣집 든든한섬만두
​
​
​
​
비비고 통새우만두
​
​
​
​
고삼농협 한우곰탕
​
​
​
​
햇반 베이컨 계란볶음밥
​
​
​
​
애슐리 케이준볶음밥
​
​
​
​
햇반 김치치즈 주먹밥
​
​
​
​
하림 용가리 치킨
​
​
​
​
THE LAUGNING COW 플레이 포션 치즈
​
​
​
​
KIRKLAND SIGNATURE REAL HEAVY 휘핑크림
​
​
​
​
DOLE 황도 슬라이스
​
​
​
​
매이바이오 그릭 드링킹 플레인
​
​
​
​
풀무원 리얼 해초 미역면
​
​
​
​
한성기업 크래미
​
​
​
​
동원 더킹 크랩스
​
​
​
​
종가 파김치
​
​
​
​
아워홈 청잎 김치
​
​
​
​
다담 된장찌개 양념
​
​
​
​
백종원의 빽쿡 돼지 김치찜
​
​
​
​
롯데햄 에센뽀득
​
​
​
​
롯데햄 의성 마늘햄
​
​
​
​
미정당 가래떡 떡볶이
​
​
​
​
풀무원 직화 짜장면
​
​
​
​
삼호어묵 시원한 오뎅 한그릇
​
​
​
​
더건강한 샌드위치 햄
​
​
​
​
CJ 얼큰우동
​
​
​
​
애슐리 피자바이트 토마토 치즈
​
​
​
​
애슐리 피자바이트 고구마
​
​
​
오뚜기 맛있는 물만두
​
​
​
​
삼립 브렉퍼스트 샌드위치
​
​
​
​
비비고 남도 떡갈비
​
​
4. 코스트코 휴무일 : 12월 7일 휴무일 아님
이번주 일요일은 코스트코 대전점 휴무일이 아니라 마음놓고 쇼핑계획 세우셔도 좋을것 같아요!
지점별로 휴무일이 다르기 때문에 방문하시고자 하는 지점의 휴무일을 확인하셔서 방문하셔야 한답니다~
​
5. 코스트코 회원권 종류 및 연회비 가격
코스트코는 회원제 매장으로 회원권이 있어야 쇼핑이 가능한데요,
코스트코 상품권으로도 입장및 구매가 가능해서 코스트코 회원권 없는 분들께 선물도 많이 한다고 해요!
그래도 회원권이 있어야 할인상품 구매가 가능하기 때문에 주기적으로 코스트코를 방문하시는 분들께는 회원권 가입하시는게 좋답니다~
​
​
골드스타 : 일반회원권 / 연회비 43,000원
비즈니스 : 사업자회원권 / 연회비 38,000원
이그제큐티브 : 일반 및 사업자회원 가능 / 연회비 86,000원 / 구매금액의 2% 포인트 적립
​
이상으로 코스트코 12월 첫째주 할인상품 소식과 회원권, 휴무일 소식을 알아보았는데요!
춥지만 따뜻한 연말 되시길 기원하며 빠르게 공산품 소식도 전해드릴게요~
​
코스트코코리아 대전점
대전광역시 중구 오류로 41
코스트코 대전점
기준으로 작성되었습니다
​
​
#코스트코
#코스트코대전
#코스트코세일
#코스트코할인
#코스트코12월할인상품
#코스트코12월할인
#코스트코12월세일품목
#코스트코추천템
#코스트코회원권
#코스트코휴무일",https://blog.naver.com/ahyun35/224094082377,JOANNEY & HONEY : 우리부부가 사는 법,20251201,2026-04-27 16:20:28
세븐일레븐 삼립 25년듬뿍피자호빵,"이삭토스트, 버터베어, 삼립호빵, 초코칩피스타치오크림빵)","봉지째 전자레인지에 데우면 방금 쪄낸 듯 촉촉한 삼립호빵 4종! 호빵의 근본 프레이버 정통단팥호빵, 단팥 호빵을 위협하는 야채호빵, 진한 토마토 피자의 맛 피자호빵, K-호빵의 매콤한 만남... ","오늘은 준비한 제품은 편의점 빵입니다. 어떤 제품들이 있는지 확인해보세요.
[GS25]
호빵이 땡기는 계절이 왔습니다. 봉지째 전자레인지에 데우면 방금 쪄낸 듯 촉촉한 삼립호빵 4종! 호빵의 근본 프레이버
정통단팥호빵
, 단팥 호빵을 위협하는
야채호빵
, 진한 토마토 피자의 맛
피자호빵
, K-호빵의 매콤한 만남
김치만두호빵
! 1개씩 개별 포장되어 있어 먹고 싶을 때마다 간편하게! 단팥은 1,500원, 나머지는 1,700원입니다.
[GS25] 경주의 감성을 그대로 담아낸 경주빵, 통팥이 만드는 달콤함의 정상! 시원한 우유와 함께 먹어도 좋고, 에프 180도 5분이면 갓 구운 빵처럼 먹어도 좋고, 아이스크림과 함께 부드럽게 먹어도 좋습니다. 가격은 한개에 1,000원입니다.
[세븐일레븐]
하인즈 콜라보 제품 3종이 나왔습니다. 매콤한 불닭토핑에 진한 풍미의 슈레드치즈와 하인즈 마요네즈로 부드럽고 고소하게! 따뜻한 스팀번으로 촉촉하고 즐기는
치킨치즈파니니
! 그리고 기존의 체다치즈의 진한 풍미에 맥앤치즈까지 추가한
맥앤치즈파니니
! 가격은 각 4,500원입니다. 그리고
베이컨맥앤치즈버거
가 3,700원, 미국식 홈메이드 버거의 맛을 느껴보고 싶다면? 미국 겨울 간식으로 알려진 고소한 맥앤치즈를 버거 안에 넣은 겨울 시즌 한정 메뉴입니다. 소고기 패티 안에 맥앤치즈가 꽉 차게 들어가 풍미가 가득합니다.
[이마트24] 성수 감성을 그대로 옮겨 온 성수310 베이커리 출시! 언제 어디서나 성수 감성을 느낄 수 있도록 성수 감성 커피에 베이커리까지 완성! 버터크루아상, 뺑오쇼콜라, 오렌지머핀, 초코머핀, 버터휘낭시에, 초코휘낭시에가 각각 1,900원입니다.
[GS25]
서울우유 초코칩피스타치오크림빵
출시! 서울우유 생크림과 피스타치오가 만나 고소한 피스타치오 풍미 가득, 달콤함과 식감을 더해주는 초코칩까지! 가격은 3,200원입니다.
[GS25]
태국의 인기 캐릭터 '버터베어'가 GS25에 크리스마스 산타처럼 등장! 크리스마스 무드가 가득 담긴 초록과 빨강 알록달록 시트 사이에 찐한 크림치즈가 쏙! 버터베어와 함께 달콤한 크리스마스를 맞아하세요.
버터베어 크리스마스 미니 케이크
가격은 4,900원입니다.
[씨유]
씨유와 이삭토스트 콜라보 2탄! 고로케번 속 새우 가득한 패티에 시그니처 키위맛 소스까지 들어간
새우치즈고로케
가 4,300원, 촉촉한 베이크 안에 키위맛 소스와 피자 소스가 듬뿍 들어가 쭉 늘어나는 치즈까지 완벽한
미트피자베이크
가 3,200원입니다.
오늘 준비한 제품은 여기까지입니다. 마음에 드는 제품이 있으셨다면 공감이나 댓글로 표현해주세요. 그럼 Buy, Bye-!",https://blog.naver.com/cay97_blog/224086367290,life is good,20251124,2026-04-27 16:20:30
세븐일레븐 삼립 25년듬뿍피자호빵,코스트코 25년 11월 다섯째주 블랙 프라이데이 할인 정보... ,"단팥 호빵 7,890원 삼립 우리밀 야채 호빵 8,990원 수플레 치즈 케익 14,690원 GENERAL MILLS 골든... 화덕 피자 18,990원 삼립 브렉퍼스트 샌드위치 14,990원 부라타 치즈 13,690원 비비고 만두 *2주... ","​
※코스트코 휴무
​
11월 24일 (월)
코스트코 대구점, 코스트코 대구혁신점
​
11월26일 (수)
코스트코 일산점
​
※광명점 진입 불가 광명역 끼고 돌아오세요.
​
※신상 미리보기
J&E 씨네마 카라멜 팝콘, CJ 자메이카 치킨, 찜ㆍ구이용 석화, 킹스베리 딸기
​
※재입고
커클랜드시그니춰 섬유유연제 라벤더, 테라 델리사 엑스트라버진 올리브유
​
※난각번호 1번 계란, 초슨푸드 아보카도 오일 미입고
​
※베이커리
무엘르스틱 없고, 치즈 베이글 판매 중
​
※11월 다섯째주 추가 할인
코스트코 11월 다섯째주 추가 할인 정보(11월 25일~)
※코스트코 휴무 11월26일 (수) 코스트코 일산점 ※12월 우유크림 롤케익 판매 일정 12월 2일, 3일, 4일 3...
m.blog.naver.com
코스트코 11월 다섯째주 추가 할인 정보, 마감 할인 정보(11월 26일~)
※신상 687797 햇님마을 청양 고춧가루 15,990원 ※11월 다섯째주 추가 할인 11월 26일 오늘부터 시작한 할...
m.blog.naver.com
코스트코 11월 다섯째주 추가 할인 정보, 핫딜 정보(11월 27일~)
※신상 미리보기 빙그레 바나나맛 우유 무가당, 까눌레, 커클랜드시그니춰 압착 귀리, 나노캠 일산화탄소 ...
m.blog.naver.com
​
※11월 다섯째주 할인
​
에스트라 아토베리어 365 크림 플러스 46,300원
​
바이오더마 아토덤 울트라크림 27,990원
​
웰라쥬 히알루로닉 블루 앰플 19,990원
​
셀리맥스 어성초 지우개 패드 17,990원
​
헤라 센슈얼 누드 밤 43,900원
​
센카 퍼펙트 휩 클렌저 15,490원
​
오스트레일리안 보태니컬 비누 15,490원 구매제한 3개
​
모다모다 제로 그레이 블랙 샴푸 24,990원
​
시스테마 치석케어 콤팩트 칫솔 22,990원
​
센소다인 멀티케어 치약 16,990원
​
리스테린 구강청결제 쿨민트 15,490원
​
스타벅스 네스프레소 캡슐 33,990원
스타벅스 돌체구스토 캡슐 29,990원
​
691226 게스 여성 롱다운 자켓 127,900원
​
삼성 냉장고 615L 649,000원
​
INSTA360 ACE PRO2 액션 카메라 529,000원
​
MSI 맥 코덱스 R2 게이밍 데스크탑 1,349,000원
​
애플 에어팟 프로 2ND GEN 289,900원
​
씨게이트 외장 하드 5TB 169,900원
​
씨게이트 외장 하드 2TB 89,900원
​
에디르 복합식 가습기 133,900원
​
필립스 PTC 히터 94,900원
​
컬럼비아 바라클라바 10,390원
​
네파 귀마개 14,990원
​
트롤리아 스키 장갑 성인용 20,790원
​
트롤리아 남성용 장갑 16,990원
​
트롤리아 여성용 장갑 14,990원
​
671173 게스 남성 긴소매 맨투맨 23,990원
​
670594 아디다스 상하의 세트 54,900원
​
671689 컬럼비아 남성 패딩 바지 39,990원
​
닌자 4IN1 블렌더196,900원
​
필립스 소닉케어 전동 칫솔 2인용 세트 109,900원
​
필립스 전동 칫솔모 34,990원
​
메디로 등&허리 마사지 쿠션 43,900원
​
나이키 브라질리아 JDI 백팩 18,790원
​
프리즘 브로드윙 데스크 램프 70,900원
​
네스프레소 버츄오 팝+디럭스 커피 캡슐 머신 110,900원
​
브리타 막스트라 프로 필터 중국 33,590원
​
써모플라스크 보온 머그 세트 16,990원
​
아틱앤베이스 파스타볼 세트 23,990원
​
마리슈타이거 채망 세트 14,990원
​
XENICE 아레나 게이밍 의자 134,900원
​
아이리스 5단 슬림 서랍장 19,990원
​
VOVO 도기 일체형 비데 519,000원
​
1600302 콜러 페달형 쓰레기통 6L 2개 37,590원
​
창 콤비 블라인드 33,990원/43,900원/55,900원/67,900원
​
지라프 가스 바베큐 그릴 109,900원
​
파이어폭스 에탄올 고체 연료 16,990원
​
파이어폭스 알루미늄 직화용기 버라이어티팩 16,990원
​
고로고로 테이프 클리너 10,990원
​
고로고로 테이프 클리너 리필 12,990원
​
스탠리 12V 햄머 드릴 세트 79,900원
​
ROLLING GARAGE STOOL 이동식 바퀴달린 다용도 작업 스툴 37,900원
​
보쉬 활성탄 에어컨 필터 20,490원
​
불스원 프리미엄 연료 첨가제 26,990원
​
에너자이저 차량용 스마트폰 무선 충전 거치대 23,990원
​
시저 애견 사료 33,490원
​
정직하개 애견용 소고기 육포 16,990원
​
뉴트리플랜 애견용 홀릭 소시지 11,490원
​
아르르 강아지&고양이 열빙어 간식 15,990원
​
MAX FUSION 애견용 장난감 13,390원
​
마미손 고무장갑 11,990원
​
윙크 잘라쓰는 주방 후드 필터 10,490원
​
윙크 위생 롤도마 12,490원
​
커클랜드시그니춰 프렌치 로스트 26,990원
​
맥심 모카골드 마일드 49,490원
​
UCC 하와이 코나 커피 15,990원
​
본비 견과류가 풍성한 쌍화차 15,990원
​
르꼼드프로방스 캐러멜 스프레드 5,990원
​
페레로 누텔라 11,590원
​
삼립 오븐에 구운 버터도넛 9,990원
​
화과광 도넛 팥빵 9,990원
​
삼립 호두 타르트 10,990원
​
신라명과 달콤 바삭 크룽지 12,290원
​
삼립 우리밀 통 단팥 호빵 7,890원
​
삼립 우리밀 야채 호빵 8,990원
​
수플레 치즈 케익 14,690원
​
GENERAL MILLS 골든 그레이엄 16,990원
​
황금 사과 22,990원
​
제스프리 골드키위 25,990원
26일까지 할인
​
씨없는 청포도 10,890원
​
스낵 토마토 16,990원
​
토마토 3kg 17,990원
오늘까지
​
유기농 달수고구마 12,690원
​
양송이 버섯 7,790원
​
친환경 깐마늘 13,990원
무농약 다진마늘 17,990원
​
꼬막 비빔밥
​
호주산 냉동 소꼬리 48,400원
​
미국산 초이스 앞다리 불고기 100g 2,799원 팩당 5천원 할인
​
선동 오징어 19,990원
​
굴무침 16,790원
​
하림 허브를 입힌 닭가슴살 13,190원
​
수지스 페퍼콘 닭가슴살 13,490원
​
한끼통살 닭가슴살 큐브 7,990원
​
해드림 부추고기 순댓국 15,590원
​
덴마크 구워먹는 치즈 16,490원
​
일드프랑스 미니쉘 딸기향 10,990원
​
BEL 미니 베이비벨 프로틴 18,090원
​
SOIGNON 스프레더블 치즈 13,590원
​
액츠 데오 후레쉬 세탁세제+베이킹소다 14,990원
​
비트 세탁세제 11,790원
​
다우니 섬유유연제 실내 건조 플러스 17,390원
​
슈가버블 애플향 주방세제 10,790원
​
롯데 칠성 밀키스 제로 12,990원
​
칠성사이다 11,490원
​
코카콜라 350ml 21,090원
​
코카콜라 600ml 18,690원
​
코카콜라 제로 18,990원
​
펩시콜라 제로 12,390원
​
스프라이트 탄산소다 16,390원
​
오랑지나 탄산음료 16,990원
​
하이네켄 드래프트 케그 27,390원
​
기린 캔맥주 11,390원
​
옐로우테일 쉬라즈 10,390원
옐로우테일 까베르네쇼비뇽 10,390원
옐로우테일 샤도네이 10,390원
​
저스틴 까베르네쇼비뇽 34,990원
​
샤또 뒤도멘 드 레글리즈 뽀므롤 91,900원
​
베라짜노 끼안티 클라시코 28,990원
​
꽁떼 디 깜삐아노 프리미티보 만두리아 15,990원
​
후안길 라이세스 36,790원
​
덕혼 포스트마크 파소 로블스 까베르네 25,590원
​
커클랜드시그니춰 캘리포니아 레드 블렌드 16,990원
​
브레드앤버터 샤도네이 23,990원
브레드앤버터 피노누아 23,990원
​
로얄살루트 21년 203,900원
​
발렌타인 17년 118,900원
​
잭다니엘스 테니시 애플 위스키 44,690원
​
잭다니엘스 테니시 위스키 44,690원
​
깔루아 리큐르 24,590원
​
예거마이스터 29,990원
​
봄베이 런던 드라이 진 31,390원
​
비비고 고등어구이 15,190원
​
매일 마이 카페라테 브라운 슈가 밀크티 9,590원
​
남양 떠먹는 불가리스 7,190원
​
매일 바이오 플레인 요거트 8,390원
​
풀무원 다논 무가당 그릭요거트 6,390원
​
조미 오징어채 19,990원
​
백설 그릴 후랑크 소시지 11,990원
​
더 건강한 샌드위치 햄 9,390원
​
상하치즈 더블업 체다 슬라이스 16,990원
​
삼진어묵 정통 어묵탕 모듬 10,290원
​
미정당 가래떡 떡볶이 8,690원
​
CJ 베이컨 까르보나라 9,490원
​
풀무원 보리쫄면 7,990원
​
비비고 총각김치 20,390원
​
다담 된장찌개 양념 11,390원
​
비비고 바지락 칼국수 15,990원
​
고메 중화짬뽕 15,990원
​
왕애밥상 묵은지 고기 김치찌개 14,990원
​
BBQ 닭강정 13,990원
​
궁 소곱창 대창 볶음 21,290원
​
고메 함박 스테이크 10,490원
​
씨제이 꼬마 돈까스 12,490원
​
이연복 셰프의 새우 통통 멘보샤 23,490원
​
동원 딤섬 새우 하가우 13,490원
​
비비고 수제만둣집 진한김치만두 13,490원
비비고 수제만둣집 든든한섬만두 12,490원
​
비비고 왕교자 12,490원
​
햇반 참치 마요 주먹밥 11,490원
햇반 김치 치즈 주먹밥 11,490원
​
한우물 새우 볶음밥 11,390원
​
하림 치킨 너겟 11,990원
​
비비고 남도 떡갈비 11,490원
​
고메 크리스피 핫도그 11,990원
​
애슐리 고르곤졸라 화덕 피자 18,990원
​
삼립 브렉퍼스트 샌드위치 14,990원
​
부라타 치즈 13,690원
​
비비고 만두 *2주 로드쇼
​
고메 소바바 양념 순살 *2주 로드쇼
​
고메 소바바 양념 봉 *2주 로드쇼
​
오뚜기 참깨라면 컵 12,490원
​
뉴트리원 유기농 엑스트라버진 올리브유 21,490원
​
백설 옥수수유 12,790원
​
스카트 살균 소독 티슈 12,990원
​
에비앙 천연 광천수 13,990원
​
캐나다드라이 진저에일 9,990원
​
백설 하선정 멸치액젓 10,990원
​
하인즈 토마토케찹 9,990원
​
BLAZE 발사믹 글레이즈 8,990원
​
크래프트 미라클 휩 7,990원
​
샘표 진간장 금F3 7,990원
​
몽고 송표 간장 16,990원
​
해리농협 천만금 탈수 천일염 10,490원
​
해찬들 고기전용 쌈장 10,390원
​
청정원 순창 조개멸치 양념 된장 11,890원
​
고메 베이컨 트러플 파스타 16,990원
​
데체코 바질 페스토 16,990원
​
동원 EPA 참치 150G*10 19,890원
​
스팸 라이트 25,190원
​
스팸 클래식 26,490원
​
스팸 닭가슴살 23,490원
​
맥스봉 치즈 플러스 10,690원
​
유동 자연산 다시마 골뱅이 26,990원
​
오뚜기 초간편 감자전 믹스 11,490원
​
SACLA 페페론치니 튜나 14,290원
​
비비고 사골곰탕진 12,39 원
​
비비고 스팸 듬뿍 부대찌개 18,990원
​
풍국면 들기름 막국수 10,990원
​
햇반 파로 통곡물밥 19,990원
​
햇반 발아현미밥 18,990원
​
CRISPY S'MORE 오갓멜로 9,690원
​
MILKA 초코 그레인 쿠키 9,590원
​
GOLD STANDARD 웨이 단백질 보충제 초코릿맛 105,900원
​
버츠비 립밤 11,790원
​
AGE20'S 디 오리진 에센스 팩트 22,390원
​
니베아 크림 10,990원
​
아쿠아퍼 리페어링 오인트먼트 14,990원
​
동국제약 센텔리안 더 마데카 크림 23,990원
​
아비노 스킨 릴리프 크림 19,990원
​
뉴트로지나 레인바스 샤워젤 15,990원
​
오랄비 치간칫솔 17,590원
​
쉬크 인튜이션 제모기 세트 19,990원
​
오가니스트 키즈 샴푸 앤 바디워시 14,990원
​
실크테라피 헤어 밀크 17,490원
​
질레트 프로글라이드 면도기 세트 34,490원
​
질레트 프로글라이드 면도날 47,900원
​
좋은느낌 유기농 순면 수퍼롱 오버나이트 13,590원
​
좋은느낌 유기농 순면 맥시 슬림 대형 13,590원
​
디펜드 프리미엄 성인용 기저귀 26,390원
​
3M 넥스케어 블레미쉬 커버 세트 9,390원
​
로트벡쉔 이뮨플러스 11 바이탈 32,990원
​
오로라민C 드링크 12,790원
​
영진 구론산 12,490원
​
광동 보감 쌍화 진액 25,490원
​
광동 홍삼 배도라지 진액 27,990원
​
대웅제약 임팩타뮨 26,490원
​
뉴트리코어 유기농 밀크씨슬 100,900원
​
GNC 아연 30 22,490원
​
세노비스 프로폴리스 스프레이 15,190원
​
얼라이브 삼부커스 엘더베리 23,490원
​
얌그루 어린이 눈건강 구미 15,990원
​
쎌바이오텍 듀오락 키즈 유산균 23,990원
​
본비 6년근 홍삼본 13,490원
​
커클랜드시그니춰 코엔자임 큐텐 18,990원
​
뉴트리원 비비랩 파인애플 효소 22,390원
​
마스터바이옴 지노마스터 40,790원
​
CJ 웰케어 전립소 + 옥타코사놀 27,990원
​
CJ 유기농 맛밤 13,490원
​
동원 저스트 육포 화이트 페퍼 12,690원
​
MAMA'S CHOICE 치즈 오징어 13,490원
​
웨더스 오리지날 카라멜 팝콘 클래식 11,890원
​
익사이클 바삭칩 믹스 11,390원
​
농심 쫄병 스낵 3종 11,590원
​
MAMA'S CHOICE 티각태각 야채부각 11,590원
​
싹스탑 여성 울양말 6족 11,990원
​
GAP 남성 울양말 6족 12,490원
​
락포트 남성 캐주얼 양말 10,990원
​
HOUSE&HOME 인조 퍼 데코 쿠션 11,990원
​
CASUAL LIVING 극세사 바디필로우 19,990원
​
681603 리복 남성 신발 23,990원
​
779977 바이네르 남성 가죽화 69,900원
​
711155 푸마 성인 운동화 23,990원
​
681647 푸마 성인 코트화 26,970원
​
685748 스케쳐스 여성 밥스 스위프트핏 34,990원
​
1925180 바인 캐시미어 가디건 87,900원
​
671720 리디아 바인 여성 캐시미어 니트 67,900원
​
681790 CRESSON 여성 울 100%니트 19,970원
최초판매가 39,990원
​
1912107 보니스팍스 여성 밴딩 팬츠 22,290원
​
681970 네파 여성 구스다운 자켓 119,900원
​
게스 아동 팬티 10매 18,990원
​
게스 노와이어 브라 2매 23,990원
​
슬로기 브라탑 2매 30,990원
​
크리스마스 장식 봉제인형 오너먼트 15,490원
​
크리스마스 장식 강아지 모형 58,900원
​
크리스마스 장식 LED 메탈 트리 44,900원
​
크리스마스 장식 LED 펭귄과 트리 149,900원
​
크리스마스 장식 LED 눈사람 가족 202,900원
​
크리스마스 장식 멜로디 티비 76,900원
​
크리스마스 장식 산타의 워크숍 79,900원
​
크리스마스 장식 레트로 주크 박스 19,990원
​
크리스마스 장식 LED 글리터 트리 29,990원
​
크리스마스 장식 LED 글라스 콘 17,990원
​
크리스마스 장식 눈사람 인형 27,790원
​
크리스마스 장식 펭귄 인형 50,900원
​
크리스마스 장식 LED 트리 2개 1세트 74,900원
​
크리스마스 트리 LED 전구 포함 1.3M 129,900원
​
넘버블록스 플레이&런 47,900원
​
ZURU ROBO ALIVE 라이트업 아쿠아리움 세트 53,900원
​
레고시티 경찰과 도둑 39,900원
#레고60449
​
※실리만 실리콘 멀티찜기
온라인몰 할인 합니다.
실리만 실리콘 멀티 찜기 세트 2PK
https://www.costco.co.kr/p/679318
​
※핫딜
681803 보니스팍스 여성 롱다운 자켓 74,970원
최초판매가 99,900원 할인가 79,900원
​
681645 아디다스 남성 액티브 팬츠 27,970원
최초판매가 35,990원 지난 핫딜가 24,970원
​
7771045 커클랜드시그니춰 여성 울양말 4족 12,990원
최초판매가 19,990원
​
※할인표시 없이 저렴
머스크 메론 16,990원(19,990원)
​
사과 한상자 73,900원(78,900원)
​
석류 19,990원(22,990원)
​
레드 체리 19,990원(23,990원)
​
무농약 황제버섯 8,790원(9,790원)
​
셀러리 3,990원
​
대봉 곶감 14,990원
홍시감 11,490원
​
※가격 변동 상품
부샤드 다크 72% 초콜릿 30,390원(30,990원)
​
부샤드 카라멜 씨솔트 초콜릿 30,390원(30,990원)
​
커클랜드시그니춰 주방용랩 중형 19,990원(요즘 21~22천원대였어요)
​
※관심 상품
지난주 저렴했던 비닐봉투, 오리 슬라이스 정상가
커클랜드시그니춰 쓰레기통 비닐봉투 20,990원
무항생제 오리 슬라이스 불고기용 25,490원
​
커클랜드시그니춰 성인용 언더웨어 여성용 49,990원
커클랜드시그니춰 성인용 언더웨어 남성용 51,990원
​
딥티크 향수 189,900원
​
청화농산 국산 들깨 가루 17,990원
​
미니 프렌치롤 7,290원
​
커클랜드시그니춰 무지방 그릭요거트 15,290원
​
1730389 커클랜드시그니춰 데킬라 크리스탈리노 아네호 89,900원
​
커클랜드시그니춰 12년 스카치 위스키 88,900원
​
커클랜드시그니춰 보드카+소다 47,990원
​
TIPCO 오렌지 자몽 주스 16,990원
TIPCO 파인애플 주스 17,590원
​
ARLA 하바티 슬라이스 16,290원
​
네더랜드 팜 가염 버터 49,990원
​
파타고니아 가리비살 39,990원
​
미국산 초이스 꽃갈비살 로스 100g 7,690원
​
국내산 돈육 앞다리살 진공팩 100g 1,279원
​
국내산 돈육 삼겹살 도매 100g 1,999원
​
양구 건시래기 10,890원
​
무농약 루꼴라 8,990원
​
아스파라거스 호주 9,990원
​
백오이 1봉 9,890원
​
미니 당근 10,490원
친환경 당근 11,990원
​
애호박 1봉 7,890원
​
친환경 양상추 9,290원
​
고구마 1박스 39,990원
친환경 감자 1봉 15,490원
​
골드 망고 19,990원
애플 망고 19,990원
​
단감 12,790원
​
캠벨 포도 14,890원
​
점보 블루베리 19,990원
블루베리 13,790원
​
자몽 1박스 15,990원
메로골드 자몽 16,690원
​
C-WEED 두번 구운 감태김 9,790원
​
하마야 드립백 13,790원
​
퀘이커 심플리 그래놀라 21,790원
​
바리스타 커피 헤이즐넛 커피볼 16,490원
​
쿠진아트 에어프라이어 오븐 159,900원
​
※지난주부터 시작한 할인
코스트코 11월 넷째주 블랙 프라이데이 할인 정보, 핫딜 정보(11월 17일~)
※ 이번주 코스트코 휴무 11월 23일 (일) 코스트코 양평점, 코스트코 대전점, 코스트코 양재점, 코스트코 ...
m.blog.naver.com",https://blog.naver.com/ymwoo82/224086130107,♡알아두면 쓸모있는 마트 정보♡,20251124,2026-04-27 16:20:33
세븐일레븐 삼립 25년듬뿍피자호빵,"SPC삼립 신상 2,000원 [삼립호빵 흑당단팥] 255칼로리","삼립호빵 흑당단팥은 2025년 겨울 시즌 한정 신제품으로, 깊고 진한 흑당 맛이 듬뿍 들어간... 11 살모넬라 영양 성분 삼립호빵 흑당단팥 칼로리 마무리 삼립호빵 흑당단팥은 CU, GS25, 세븐일레븐, 이마트24... ","​
삼립호빵 흑당단팥
은 2025년 겨울 시즌 한정 신제품으로, 깊고 진한
흑당
맛이 듬뿍 들어간 단팥호빵입니다. 1개당 100g, 255kcal로 든든하면서도 부담 없는 겨울 간식!
CU
,
GS25
,
세븐일레븐
,
이마트24
에서 1개당
2,000원
에 판매 중이며, 특허 받은 호빵호찜팩™ 기술로 봉지째 전자레인지에 데워 먹을 수 있어 편리합니다.
​
이 글에서는
삼립호빵 흑당단팥
의 정의, 성분, 영양 정보, 식품첨가물, 그리고 빵류의 규격과 시험방법을 표로 정리해드리겠습니다.
호빵
의 정의
(식품 공전 기준)
""제5. 식품별 기준 및 규격""에 따르면,
빵류
는 다음과 같이 정의됩니다:
밀가루 또는 기타 곡분, 설탕, 유지, 달걀 등을 주원료로 하여 이를 발효시키거나 발효하지 않고 반죽한 것 또는 크림, 설탕, 달걀 등을 주원료로 하여 반죽하여 냉동한 것과 이를 익힌 것으로서 식빵, 케이크, 카스텔라, 도넛,
피자
, 파이, 핫도그, 티라미스, 무스케익 등을 말한다.
삼립호빵 흑당단팥
은 밀가루 기반 반죽에 흑당고운앙금과 흑당페이스트를 충전해 증숙한 가열 빵류(찐빵)에 해당합니다.
​
제품 등록 현황 (식품안전나라)
삼립호빵 흑당단팥
은 품목보고번호
19950338015-9210
으로 등록된 제품으로, 현재 회수·판매중지 사례 없이 정상 유통 중입니다. 제조사는
㈜에스피씨삼립
(경기도 시흥시 공단1대로 101)이며, 소비기한은 별도 표기일까지입니다. 실온 보관(1~35℃) 가능.
식품첨가물
1. 유통기한 연장을 위한 첨가물
​
주정
: 미생물 증식 억제
​
2. 맛 관련 첨가물
​
트레할로스, 말티톨액, 물엿: 보습 및 단맛 강화
정제소금, 흑당: 풍미 강화
​
3. 외관 및 식감 관련 첨가물
​
산성피로인산나트륨, 탄산수소나트륨: 팽창제 → 폭신한 호빵 식감
변성전분, 덱스트린: 점도 조절 및 수분 유지
스테아릴젖산나트륨, 글리세린지방산에스테르, 폴리글리세린지방산에스테르: 유화제
L-시스틴, α-아밀라아제: 반죽 개선 및 소화 촉진
χ-카로틴, 치자황색소, 코치닐추출색소 등: 착색
​
삼립호빵 흑당단팥 성분
​
삼립호빵 흑당단팥
의 규격과 시험방법 (표 정리)
항목
규격
시험방법
산가
2.0 이하 (유탕･유처리한 제품에 한함)
제8. 일반시험법 2.1.5.3.1 산가
허용외 타르색소
검출되어서는 안 된다
제8. 일반시험법 3.4 착색료
산화방지제
BHA, BHT, TBHQ 0.4g/kg 이하 (병용 시 합계 0.4g/kg 이하)
제8. 일반시험법 3.3 산화방지제
보존료
프로피온산, 프로피온산나트륨, 프로피온산칼슘 2.5g/kg 이하 (프로피온산 기준)
제8. 일반시험법 3.1 보존료
세균수
n=5, c=2, m=10,000, M=50,000 (밀봉제품, 발효제품 제외)
제8. 일반시험법 4.5.1 일반세균수
황색포도상구균
n=5, c=0, m=0/10g (크림 도포/충전 후 비가열 제품)
제8. 일반시험법 4.12 황색포도상구균
살모넬라
n=5, c=0, m=0/10g (크림 도포/충전 후 비가열 제품)
제8. 일반시험법 4.11 살모넬라
영양 성분
삼립호빵 흑당단팥 칼로리
마무리
삼립호빵 흑당단팥
은
CU
,
GS25
,
세븐일레븐
,
이마트24
등 전국 편의점에서 만날 수 있는 2025년 겨울 대표 간식입니다. 진한 흑당 향과 부드러운 단팥앙금, 호빵호찜팩™ 기술로 집에서도 찜기 맛 그대로 즐길 수 있으며, 1개당 255kcal로 든든한 한 끼 대용도 가능!
​
앞으로 다양한 가공식품을 하나하나 분석하여 여러분께 더욱 유익한 정보를 제공할 예정입니다.
다음 포스팅에서 또 만나요~!
​
영양성분표 A to Z: 열량, 나트륨, 당류 기준 총정리🖊️
식품을 구매할 때 영양성분표를 꼼꼼히 확인하시나요? 포장지에 적힌 숫자와 단위는 단순한 정보가 아니라,...
vo.la
​
​
​
삼립호빵 흑당단팥",https://blog.naver.com/excuse__j/224085591731,건강한 정보로 더 나은 삶을,20251123,2026-04-27 16:20:35
세븐일레븐 삼립 25년듬뿍피자호빵,뭐 먹을래? f.저메추 &amp; 점메추,ㅠ 반택 보낼일이있어서 GS를 걸어갔다가 오면서 어제 먹었던 피자호빵이 세븐일레븐에 있다고해서... ♥︎ 19일 :  오전에 상담이 있어서 호빵 &lt;&lt; 내 원픽 :¨·.·¨: 삼립 삼립호빵 발효미종 듬뿍피자 380g 삼립... ,"​
​
​
​
그만 먹어라 나 자신 ...
​
그치만 맛잇는 걸 ᆞᆞᆞ
<< 이게 찐
​
​
​
૮₍ ⸝⸝´ ˘ `⸝⸝ ₎ა
( ヽ∩∩ ) 11월
​
🆂🄰🆃
1일부터 쿠팡 알바 신청한게 되서 다녀왔다가
가족들이랑 다같이 고기먹으러 =3
🥩
​
​
대패삼겹살이랑은 비빔냉면이 최고의 조합이라고 생각했지만
그냥 최고의 후식은 볶음밥이거늘 !!!!!
​
오늘도 든든하게 먹었다
​
​
​
⌒➴ 📋
​
˗'ˏ 대패삼겹살 & 볶음밥 ˎˊ˗
♡ 저메추
​
​
2일
: 🅂🆄🄽
​
​
일요일 저녁에는 역시 돈까스(?) 아니겠습니까.
사실 고구마치즈돈까스 처돌이로서 .. 그거 먹고싶었는데
엄마가 시켜서 그냥 먹었는데
​
다먹음 😋
​
​
오므라이스랑 우동도 시켰는데 오므라이스는 밥이
김치볶음밥
이라서
그런지 되게 더 잘 어울리고 소스가 좀 그래서 그렇지만
​
나름 먹을 만했다 ｡
​
​
​
​
⌒➴ 📋
​
˗'ˏ 돈까스 ˎˊ˗
♡ 점메추, 저메추
​
​
​
3일
: 🅼🄾🅽
​
하루종일 쉬다가 갑자기
명량핫도그
가 먹고싶어서
주변에 어딧나 검색해보고
🔎
명량핫도그 ♡♡점
​
걸어갈 수 있는 거리라서 운동도 할 겸 걸어가서 사오기로 했다. !!
​
​
몇 개만 사오려고 했는데 엄마의 임무는 . .
엄.청.났.다.
​
ㅋㅋㅋㅋㅋㅋㅋㅋㅋㅋㅋㅋ
​
🌭
• 점보핫도그
ㄴ 고구마, 감자토핑 추가
• 통가래떡핫도그
• 명량핫도그
ㄴ 고구마토핑 추추추가 !!!
ㄴ 내꺼 ❤️
​
​
⁝ ⊹     ⁝
✧ ⋆     .
˚✦
​
​
무튼
든든하게 사들고가서 먹었다는
이
야
기 .. ♥︎
​
∧ ∧
( ´･ω･)　배불러
/　　⌒ヽ
（人＿__つ_つ
​
​
⌒➴ 📋
​
˗'ˏ 명량핫도그 (토핑추가) ˎˊ˗
♡ 간식추천
​
​
​
6일
: 🅃🅷🅄
​
갑자기 밀면이나 냉면쪽으로 시원한게 먹고싶었는데
마침 비빔밥집에 냉면도 같이 팔길래 바로 시켰다 ,, //
거기에
갈비만두
까지 ⭐️⭐️⭐️
​
진짜 완전 꿀 조합  ꒰>؂•̀꒱  !!!
​
​
주먹밥도 같이 먹으면 . . 맛은 있지만 배가 터질 수 있음 주의 ⚠️
(물론 나만의 기준 ㅋㅋ)
​
​
🍀💚
조금뒤에 확인해보니까
행운
이 찾아왔는데
블로그 열심히 쓴 보람이 ..♥︎
​
╭──────────.★..─╮
╰─..★.──────────╯
​
​
Previous image
Next image
🌕 이 날은 달이 진짜 크더라 🌕
(찍은 사진 자랑)
​
​
​
⌒➴ 📋
​
˗'ˏ 냉면 + 갈비만두 ˎˊ˗
♡ 점메추
​
++ )) 저녁에 식스센스2 방영됐었는데 저번에 대전에서 연예인 봤었던 이야기 썰 더 풀자면
​
∘ ───♡༉─── ∘
∘ ───♡༉─── ∘
​
​
블로그에 썼었지만 영상은 안 찍어서 방송을 보는데 혹시?
하고 보는데 나 나와서 ㅋㅋㅋㅋㅋ
​
신기해서 캡쳐
​
저 흰 옷 세트가 접니다 🤍🤍🤍🤍🤍 (싱기)
아 근데 진짜
짧.다.
ㅋㅋ
​
​
9일
: 🅂🆄🄽
​
경주월드 갔던 날
다 놀고 집에 와서 옷 갈아입고 마라탕 먹으러
​
마라탕은 솔직히 언제 먹어도 넘 ... 맛있숴 .... ㅠ
​
​
내가
마라탕
넣을 때 꼭 넣는 거.
숙주 ★★★★★, 고구마떡 ★★★★★, 햄, 당면(넙적×××)
​
솔직히 이것만 넣어서 먹어도 됨 😋
​
​
(( 쓰고있는데 너무 먹고싶어서 입맛 다시는 중 ⭑ ⊹₊ ⋆.ᐟ
​
​
٩(๑꒪﹏꒪๑)۶
근데 저기는 .. 향신료가 너무 쌔써 별로였는데 먹다보니 괜춘
밥도 공짜라 굿굿 🍚
​
​
​
​
⌒➴ 📋
​
˗'ˏ 마라탕 ˎˊ˗
♡ 점메추, 저메추
​
​
​
​
11일
: 🆃🅄🅴
​
​
빼빼로데이인데 못받고 지나가나 했는데 ㅠ
​
고맙다 ,, 감격 🥹💛
심지어 둘 다 누드에다가 ..♥︎
우리집 주변엔 CU 밖에 없는데 센스있게 다들 CU로 쥐어쥬움 ,, 😍
​
2개 다 제가 아주 맛있게 싹싹 먹었습니다｡
​
​
​
13일
: 🅃🅷🅄
​
어제 원래 개봉했었던 영화였던
《 명탐정코난, 척안의 잔상 》을 스크린X랑, 4DX가 새로 개봉한다고 해서 엄마랑 같이 보려고 걸어서 갔다.
​
점심도 안 먹고 들어가는거라서
오랜만에 핫도그 사서 들어갑니다 🌭🧡
​
​
밑에 이디야 있어서 블루베리 안사고 요번엔 플레인으로 ♡
​
​
포스터도 받았어요 ✌🏻
​
​
​
⌒➴ 📋
​
˗'ˏ 핫도그 ˎˊ˗
♡ 간식추천
​
​
​
​
14일
: 🅵🅁🅸
​
​
아니 무슨 바람이 불었는지 ,, 갑자기 돼지바베큐가 너무 먹고싶어서
저번에 봐둔 곳에 오늘 혹시 있을까 싶어서 걸어서 갔는데
​
🐽 ꔛ
​
다행히도(?) 발견 !!!!! ㅠ
완전 배터지게 먹고나니까 동생이랑 영화보러가기로 했음 ♥︎
​
​
. ݁₊ ⊹ . ݁˖ . ݁   ᯓ★
5시까지 먹어서 8시쯤에 또 먹을수있을까 했는데
백소정에 간김에 난 냉모밀 시키고 동생은 치즈돈까스
시켜서 야무지게 걱정이 무색하게 다 먹음 ㅋ
​
​
​
​
이제 진짜 곧 크리스마스다 🎄
​
미리
o　　　ﾟ　o　　　　ﾟ　　ﾟ　　o
○ ＜""￣＼ 。　o .　ﾟ　　　｡
。 ﾟ.o |＿＿__） 。.ﾟ　　메리크리스마스!
。ヽ(´・ω・`)/　。ﾟ　　　　o
。　 （::. 　　 ）。　ﾟ.　　o
​
​
와중에
산타
귀욥 🎅 //
​
엘베앞에서 찍는데 갑자기 바로 1층에 와서 타야되는 상황에서
대충 찍었는데 잘 나온 상황 ㅋ
​
​
​
저녁 9시 50분 거의 10시 영화라 우리 뿐 ,, 😁
아주 재밌게 즐겼다 ♥︎
​
Previous image
Next image
​
롯데시네마를 너무 오랜만에 갔더니 . . . 요기에 뿌링팝콘이 있는 줄은
처음 알았 😳
​
🎥🍿🖤
​
끝나니까 거의 12시라서 ,,,, 빠르게 집으로 걸어갔다 =3
​
​
​
​
⌒➴ 📋
​
˗'ˏ 돼지바베큐 & 냉모밀 ˎˊ˗
♡ 저메추
​
​
​
​
​
15일
: 🆂🄰🆃
​
어제 저녁 늦게까지 먹고 들어와서 12시쯤에
=͟͟͞͞(๑•̀д•́๑)
헬스장 내려가서 30분? 정도 빡세게 달리고 집에 와서 햄버거 시켜둔게
딱.
맞춰서 와서
​
🍔
​
쉐이크랑 햄버거
ㄴ 사실 햄버거를 먹을 생각이 전혀 없었는데
동생이 먹고싶다고해서 요ㅅㅐ 빠진 맥스파이시 상하이 버거 🔥 로 -♥︎
​
먹고 . . .
​
몇 시간 뒤에
또
또
또
토요일 저녁 하면 빠질 수 없는 메뉴 ,, 감자탕 ❤️
​
​
감자탕에 깍두기는 왜 그렇게 맛있는지 모르겠어 🥹 ﾟ･♪⁺
​
∧ ∧
(´･ω･)
/　 ⌒ヽ
(人＿＿つ_つ
​
​
​
​
​
⌒➴ 📋
​
➊
˗'ˏ 햄버거 ˎˊ˗
♡ 점메추
​
​
➁
˗'ˏ 감자탕 ˎˊ˗
♡ 저메추
​
​
​
​
​
16일
: 🅂🆄🄽
​
점심 때 라면을 먹으려는데
엄마는 피자시키고,, 동생은 치킨시켜서
라면이랑 같이 뺏어먹음 ..ㅋ
ㄴ 물론 피자 꽁다리 (고구마무스있는거) 랑 크크크치킨 2조각 😏
​
​
​
🚗💨
엄마랑 드라이브도하고 홈플러스 근처에서
구경 좀 하다가 🧡
​
•················· ⭑·················•
•················· ⭑·················•
​
Previous image
Next image
​
ᐢ⸝⸝•⩊•⸝⸝ᐡ
노을도 보고 🌆
좋은 시간 보내고 장도 보고 집에 와서는
​
:¨·.·¨:
`·..➭ 아빠가 잡아온
생선
이랑
엄마가 끓여준
된장찌개
해서
​
둔둔하게 저녁을 먹었다 !
​
​
역시 집밥이 최고 👍🏻😍
​
​
​
⌒➴ 📋
​
˗'ˏ 생선 + 된장찌개 ˎˊ˗
♡ 저메추
​
​
​
​
​
17일
: 🅼🄾🅽
​
사실 어제 홈플러스에 갔었을 때 피자 호빵이 너무 먹고싶어서 살까 했었는데 ㅠ 안사고 온게 후회됐는데
​
🍕🧋
​
엄마가 하나 사와주셔서 버블티랑 같이 먹었는데
​
내 최애됨.
​
처돌이 됐다?
이건 피자호빵이 남아나질 않는다는거지.
​
​
​
⌒➴ 📋
​
˗'ˏ 피자호빵 ˎˊ˗
♡ 간식추천
​
​
​
​
18일
: 🅃🆄🄴
​
​
엄마가 아침부터 시장갔다가? 무튼 갔다가 사온 갈비탕 ..♥︎
갈비탕은
사랑입니다만
고백입니다.
​
​
🌷🌸🌷🌸
🌸🌷🌸🌷🌸
Λ🌷🌸🌷🌸🌷
( ˘ ᵕ ˘🌷🌸🌷
ヽ つ＼　 ／
UU  / 🎀 ＼
​
​
계란 후라이까지 더해지면 완｡벽｡ 조합｡
​
갈비탕이 아주 없어보이지만 보이는 것보다 고기가 많고 맛있고
국물이
끝내줘요
👍🏻
​
​
​
이 날 무슨 일이 있었냐면 .. ㅠ
반택 보낼일이있어서 GS를 걸어갔다가 오면서 어제 먹었던 피자호빵이
세븐일레븐에 있다고해서 갔는데 하나있길래 사고
​
건너편에 CU도있어서 혹시 하고 갔는데
1+1 이라고 써있어서 살려고 하다가 피자호빵은 하나고 다른 뭐더라
무슨 김치만두호빵 .. 이 있어서 고민하다가
​
그냥 샀는데 3,400원이라고 해서 뭐지 하고 그냥 나와서 검색해봤더니
​
​
15일까지였다는 슬픈 사실이 ................ ㅎ ㅏ
왜 아직 붙혀놓으셨어요ㅠ
​
내가두개다피자호빵이면이렇게억울하진않지 🥲
​
​
​
​
​
아무튼
오늘 저녁은
​
눈물 젖은
피자호빵
​
​
​
​
​
⌒➴ 📋
​
˗'ˏ 갈비탕 ˎˊ˗
♡ 점메추
​
​
​
++)) 이 날 중드 마스터 (?)
​
​
중드 처음 접했을 때 투투장부주를 보고 어느새 3개 다 마스터 ..♥︎
암격리적비밀이랑 아적반파남우 둘 다 재밌는데
​
아적반파남우는 좀 마지막에 🐶 슬퍼 ...ㅠ
​
(드라마보는기준은남주⭐️)
​
​
/) /)
(｡･-･) 💕⁾⁾
다 봤고 이제는 다른 남주를 찾아서 총총 ............... ♥︎
​
​
​
​
19일
: 🆆🄴🅳
​
​
오전에 상담이 있어서 호빵 << 내 원픽
​
​
:¨·.·¨:
삼립 삼립호빵 발효미종 듬뿍피자 380g 삼립 에스피씨삼립
G마켓
네이버페이
5,670
`·..·‘
​
​
30초만 데워도 엄청 뜨거워져서 따뜻하게 먹으면 더 맛있고
치즈도 쭈우욱 - 늘어나서 더 맛있음 😋
​
​
먹고 나와서
동생이 직접 떠준 목도리하고🧣❤️
​
​
상담받고 엄마랑 같이 PC방에서 티켓팅하는데
!!!!!!!!! ..^^ 이런씨
( l|l⚆ᗝ⚆) Ⓦⓗⓐⓣ❔️❕️❔️❔️❕️
​
대체
누가
로그인을 안하고 대기를 하죠.
ㄴ 네 제가 그 누입니다 ..ㅋ
​
​
ㅋ 진짜 12시에 딱 눌렀는데 로그인하라는 창이 똿 !!!
진짜 바보세요 ........ ㅎ ㅏ
​
​
​
😭
😭
😭
​
그냥 나와서 엄마랑 점심 뭐 먹을까 하다가
비빔밥으로 결정 ( ˶  ᷇ 𖥦  ᷆ ˵ )‬
​
​
거기에 순두부찌개까지 있으면 얼마나 맛있게요 😋
​
​
​
기분 싸악 - 풀고
​
​
디저트까지 사주면 아주 알찬 데이트 끗 .
​
​
​
​
​
​
​
이 아니라
중드 메이트
랑 함께 중드 볼 예정 ✌🏻💕
기대만땅 ..
​
이 날만을 기다려왔다고 !!
​
Previous image
Next image
​
피시방에 먹을거 있고,, 좋은 사람이 같이 있고,,,
좋은 중드가 있으면 그게 행복이다 ♥︎
​
츄러스는 기본이고
피카츄돈까스
는 처음 먹어봤는데 완전 맛있 ❤️
​
​
​
​
​
​
⋆⁺₊⋆ ☾⋆⁺₊⋆
​
/)_ /)
(      )
૮/ʚɞ |ა
​
그렇게 몇시간만에 .. 9화까지 다 보고 헤어졌다 ,, ♥︎
​
사실 내일이 메인임 .
ㄴ 내일 만나서 중드 보기로 했는데 오늘보고 내일까지 다 보면 완벽 .ᐟ
​
​
​
⌒➴ 📋
​
˗'ˏ 비빔밥 + 순두부찌개 ˎˊ˗
♡ 점메추
​
​
​
​
​
20일
: 🅃🅷🅄
​
2시부터 특강이 있어서
점심에
모닝빵에 야채샐러드
만들어서 넣어주고
거기에
칠리새우
까지 더해주면 완벽한 점심 ❕️
​
​
칠리새우의 값을 다시 한 번 느끼는데 ..
비싼 몸임을 인지 ...... ㅎ ㅏ
​
근데 너무 맛있어ㅠ 🦐 ❤️
​
​
​
강의듣고
어제부터 찍고싶었던거 일찍가서 혼자 몰래 찍고 ..♥︎
드라마 보고 너무 좋았는데 ,, 왜 저기서 기타치고있냐고 .. !!!! 🎸
ㄴ 반함 𖦹
​
​
✦•┈๑⋅⋯ ࿔‧ ֶָ֢˚˖𐦍˖˚ֶָ֢ ‧࿔ ⋯⋅๑┈•✦
​
​
​
카페에 가서 머리 하는 동생 기다렸다가
사진찍으러 가자고해서
ㅋㅋㅋㅋㅋㅋㅋㅋㅋㅋㅋㅋㅋ
하루에 2탕 쉽지않아
​
​
🤍
​
​
찍고 바로 앞에 위치해있는 보드게임카페인데
여기는 . . 무제한으로 볼 수 있는 곳이더라고 !!!!
우리한텐 아주 좋은 곳
​
​
홈즈앤루팡 보드게임카페 서면점
부산광역시 부산진구 중앙대로692번길 37 3층 보드게임카페 홈즈앤루팡 서면점
​
✨️
평일엔 7,000원
주말엔 10,000원
​
무제한으로 ★ 중.드 ★ 끝날 때까지 정주행 가능 ㅋ
무려 .. 5시~10시까지 거의 5시간 넘게 0_♡
​
​
​
어제 PC방에서 9화까지 보고 ,, 급하게 집에서 15회까지 보고오라는
과제를 완료 후 오늘은 16회부터 달리기로 😏
​
배불러서 나중에 시키고 싶었는데 ㅠ
음료는 시켜야된다고해서 난
복숭아요거트스무디
로 🍑
​
​
​
​
​
​
당아비분향니 .. 진짜 개 설ㄹ ㅔ 💕
​
​
보다가 ..
저녁으로 떡볶이랑 치킨으로 결정 ✔️
​
​
기본 떡볶이에 슈프림? 이었나
아무튼 저 양념치킨 먹고싶어서 시켰는데 ..
J.M.T !!!!!!!
​
​
둘의 조합도 아주 굿굿 ❤️
​
​
​
ㄴ 24화까지 정주행 성공 ... 🥹
아주 좋았다 ..♥︎
​
​
​
​
⌒➴ 📋
​
˗'ˏ 떡볶이 + 치킨 ˎˊ˗
♡ 저메추
​
​
​
​
21일
: 🅵🅁🅸
​
아빠가 오늘 회식하신다고 엄마한테 차 가지고 집에 가달라고
하셔서 나랑 엄마랑 아빠회사로 가서 차 가지고
🚗
드라이브
GO~ GO~
​
​
💛🌳
​
​
홈플러스에 잠깐 들러서 피.자.호.빵. 은 무조건 ☆ 사고
이것저것 쇼핑하고 동생이 7시에 마쳐서
근처에서 기다리고있자해서 카페로 갔다 ❤️💚
​
─── ⋆⋅ ꒰ა ♡ ໒꒱ ⋅⋆ ──
​
야경이 이쁜 곳이더라 🌃 🖤
아이스크림 크로플 ,, ౨ৎ  ‧₊ .ᐟ 먹었는데 아이스티랑 완전 찰떡조합
​
Previous image
Next image
​
7시까지 기다렸다가 데리고 집에 와서 보니 초밥이 먹고싶어져서 🍣
시키고 운동 몇 분 하고 오니까 와있어서
​
맛있게 먹었다 🧡
​
​
연어초밥
은 진짜 언제 먹어도 안질려 >؂•̀
​
​
♪　∧,＿∧
(´･ω･`) ))
(( (　つ　ヽ、　♪
〉 とノ　)))
（__ノ^(＿)
​
​
​
⌒➴ 📋
​
˗'ˏ 연어초밥 ˎˊ˗
♡ 점메추
​
​
​
​
​
++)) 당아비 다보고 보고있는 중드 . .
​
​
tmi.. ♥︎
​
​
​
​
​
22일
: 🆂🄰🆃
​
​
​
​
​
명량 핫도그로 시작해서
명량 핫도그로 끝나는 블로그 😘
​
​
​
​
​
​
11월달도 많이 먹겠구나 . . .
오히려좋아
(?)
​
​
​
​
​",https://blog.naver.com/kmk991128/224085146854,늘LOG,20251123,2026-04-27 16:20:37
세븐일레븐 삼립 25년듬뿍피자호빵,2025년 11월 17일 08시 ~ 10시 - 뉴스 모음,"사이트 메인 - http://thdtjsdn.com SNS - 트위터(X) - https://x.com/TtwStockBot - 서버 상황 실시간 알림, 관리자 실시간 메세지 SNS - 텔레그램 - https://t.me/TtwStockBot - 서버 상황 실시간 알림, 관리자... ","사이트 메인 -
http://thdtjsdn.com
​
SNS - 트위터(X) -
https://x.com/TtwStockBot - 서버 상황 실시간 알림, 관리자 실시간 메세지
​
SNS - 텔레그램 -
https://t.me/TtwStockBot - 서버 상황 실시간 알림, 관리자 실시간 메세지
​
​
실시간 코인, 한국/미국 증시 알림 실행 프로그램(슈퍼차트, AI분석, 레이더차트, 아트모스피어차트, 실시간 상하락 음성알, 실시간 보조지표분석 알림, 레이스차트, 기타등등)
(한국 증시 넥스트 거래소 실시간 정보 제공)
https://github.com/thdtjsdn/thdtjsdn.com--Applicatioon
​
​
뉴스 - 레포트 - 종목 뉴스
http://thdtjsdn.com:49310/app_news/html_page/InfoGraphics/AllStockNews/index.html.gz
​
뉴스 - 레포트 - 핫이슈
http://thdtjsdn.com:49310/app_news/html_page/InfoGraphics/Issue/index.html.gz
​
​
뉴스 모음 - 필터링, 검색기능, 종목뉴스 식별
http://thdtjsdn.com:49310/app_stocks_kr/html_page/StockNewsHTS/index.html?t=20241123
​
뉴스 모음(워드 클라우드) - 필터링, 검색기능, 종목뉴스 식별
http://thdtjsdn.com:49310/app_stocks_kr/html_page/StockNewsHTSWordCloud/index.html?t=20241201
​
​
코인 - 바이낸스 - 전체종목 보조지표 분석 목록(일봉)
http://thdtjsdn.com:49310/app_vcurrency_w/html_page/AnalysisReportBinance/index.html.gz
​
​
주식 - 미국 - 선별종목 보조지표 분석 목록(일봉)
http://thdtjsdn.com:49310/app_stocks_us/html_page/AnalysisReportAllStocks/index.html.gz
​
주식 - 미국 - 선별종목 보조지표 분석 목록(주봉)
http://thdtjsdn.com:49310/app_stocks_us/html_page/AnalysisReportAllStocksW/index.html.gz
​
주식 - 미국 - 선별종목 보조지표 분석 목록(월봉)
http://thdtjsdn.com:49310/app_stocks_us/html_page/AnalysisReportAllStocksM/index.html.gz
​
​
주식 - 미국 - 전체종목 보조지표 분석 목록(일봉)
http://thdtjsdn.com:49310/app_stocks_us/html_page/AnalysisReportAllStocks0/index.html.gz
​
주식 - 미국 - 전체종목 보조지표 분석 목록(주봉)
http://thdtjsdn.com:49310/app_stocks_us/html_page/AnalysisReportAllStocks0W/index.html.gz
​
주식 - 미국 - 전체종목 보조지표 분석 목록(월봉)
http://thdtjsdn.com:49310/app_stocks_us/html_page/AnalysisReportAllStocks0M/index.html.gz
​
​
주식 - 한국 - 전체종목 보조지표 분석 목록(일봉)
http://thdtjsdn.com:49310/app_stocks_kr/html_page/AnalysisReportAllStocks/index.html.gz
​
주식 - 한국 - 전체종목 보조지표 분석 목록(주봉)
http://thdtjsdn.com:49310/app_stocks_kr/html_page/AnalysisReportAllStocksW/index.html.gz
​
주식 - 한국 - 전체종목 보조지표 분석 목록(월봉)
http://thdtjsdn.com:49310/app_stocks_kr/html_page/AnalysisReportAllStocksM/index.html.gz
​
​
주식 - 한국 - 관심종목(Ver 2) 성적확인(관심종목 버전은 1 ~ 6까지 존재)
http://thdtjsdn.com:49310/app_stocks_kr/html_page/CheckStockResultsOfInterest/index.html
​
​
​
​
​
09:59:56 日다카이치 내각 지지율 69 9% 출범 직후보다 5 5%p ↑ 파이낸셜뉴스
​
09:59:53 오전 10:00 현재 코스닥은 37:63으로 매수우위 매수강세 업종은 종이·목재업(0 74%↓) 그린광학 서울경제
​
09:59:53 KCC 中 유기실리콘 감축 합의 반사 수혜 기대감 속 4%대 강세[특징주] KCC 이데일리
​
09:59:51 수원 경제자유구역이 지향해야 할 도시 방향 1위 AI·반도체 대상 헤럴드경제
​
09:59:49 대교 초6~중3 대상 중등수능챌린지 진행 대교 이데일리
​
09:59:47 오전 10:00 현재 코스피는 45:55으로 매수우위 매도강세 업종은 전기가스업(3 68%↑) 코리아써우 서울경제
​
09:59:46 CNPC캐피털(000617 SZ) 신흥산업 투자 확대 전망 '목표가 1 연합인포맥스
​
09:59:32 교원 빨간펜 2025 도요새잉글리시 말하기 대회' 진행 아시아경제
​
09:59:31 지제이텍 중소 운용사 위한 '책무구조도 원스톱 솔루션' 출시 파이낸셜뉴스
​
09:59:27 박범계 이번 판결로 1차 수사팀 정당했다 확인 이데일리
​
09:59:23 [리포트 브리핑]인터플렉스 '다시 정상화로 전환' 목표가 12 500원 - 대신증권 인터플렉스 뉴스핌
​
09:59:23 [리포트 브리핑]빙그레 '성수기 효과에도 원가 부담 지속' 목표가 100 000원 - 대신증권 빙그레 뉴스핌
​
09:59:23 [리포트 브리핑]삼양식품 '기대를 뛰어넘은 매출 성장' 목표가 1 800 000원 - 대신증권 삼양식품 뉴스핌
​
09:59:21 S-OIL 삼성SDS와 통합 ITO 계약 IT 운영·보안 강화 아시아경제
​
09:59:21 연간 2만5000원 문화소비쿠폰 제공 '경기 컬처패스' 2개월만에 가입자 10만 돌파 파이낸셜뉴스
​
09:59:16 KPMG 'ESG 공시·인증 준비지수' 초기·선도기업간 격차 2배로 확대 머니투데이
​
09:59:02 지스타 2025 나흘 간 20만여명 방문 후 종료 조선비즈
​
09:59:01 넷마블 킹오브파이터 AFK 신규 파이터 루갈 번스타인 추가 매일경제
​
09:59:00 동서식품 카누 바리스타 머신·캡슐 신제품 선봬 헤럴드경제
​
09:58:57 AI 버블? 10만전자 회복했다 코스피 4070대 상승 출발 [투자360] 두산 헤럴드경제
​
09:58:57 ESG 성과 한 눈에 경기교통공사 '지속가능경영보고서' 공개 머니투데이
​
09:58:54 한국 코카콜라 이준엽 신임 대표이사 선임 뉴스핌
​
09:58:52 경기교통공사 '지속가능 경영보고서' 첫 공개 뉴스핌
​
09:58:52 [특징주] 서부T&D 3분기 호실적에 20% 급등 서부T&D 조선비즈
​
09:58:41 여의도 첫 '래미안' 뜬다 삼성물산 대교아파트 재건축 수주 삼성물산 인포스탁
​
09:58:39 배추가 공짜래 가짜뉴스에 800명 우르르 2억 어치 털린 中 농부 아시아경제
​
09:58:39 공짜로 가져가래 800명 우르르 아무리 말려도 통제 되지 않았다 가짜뉴스에 털린 中 농부 아시아경제
​
09:58:36 세라젬 '셀트론 순환 체어' 굿디자인 코리아 동상 아시아경제
​
09:58:36 더벤티 내년 라스베이거스에 '미국 1호점' 연다 연합뉴스
​
09:58:35 유상증자 80% 이상 줄었다 코스피 고점 랠리 속 자금조달 속도조절 [투자360] 헤럴드경제
​
09:58:30 [인사] 국립현대미술관 뉴스핌
​
09:58:30 수험표 버리지 마세요 기차 타고 할인 받으세요 매일경제
​
09:58:19 이준석 李 공무원들에게 판옵티콘 강요···전체주의적 발상 서울경제
​
09:58:17 [리포트 브리핑]농심 '국내 수익성 개선' 목표가 520 000원 - 대신증권 농심 뉴스핌
​
09:58:17 [리포트 브리핑]하이트진로 '맥주 부진 지속' 목표가 24 000원 - 대신증권 하이트진로 뉴스핌
​
09:58:16 건기식 키우는 신세계면세점 오니스트 케라그로우 단독 선봬 신세계 이투데이
​
09:58:08 NH농협은행 기업금융 전면 비대면 시스템 '더 퀴커' 오픈 뉴스핌
​
09:58:03 에버랜드 겨울 신규 굿즈 '베이글 위시 베어' 출시 아시아경제
​
09:58:00 부산시 오륜터널 상황감시시스템 개선 공사 교통통제 뉴스핌
​
09:58:00 삼성·현대차·SK·LG 국내 800조 투자 정부 관세인하 '화답' 삼성전자 딜사이트
​
09:57:57 우리은행 AI가 관리하는 퇴직연금 로보어드바이저 일임서비스 출시 우리금융지주 뉴스핌
​
09:57:46 한수원 SMR·신재생에너지 집약 'SSNC' 전시 공간 문 연다 한국전력 뉴스핌
​
09:57:23 신한운용 SOL 코리아고배당 ETF 첫 월배당 지급 조선비즈
​
09:57:23 아들은 배달 뛰는데 며느리는 10년 할부 외제차 구매 이해 안돼 티비씨 헤럴드경제
​
09:57:16 [리포트 브리핑]HPSP '부활의 시점이 다가온다' 목표가 42 000원 - 대신증권 HPSP 뉴스핌
​
09:57:16 [리포트 브리핑]영원무역 '노는 물이 다르다' 목표가 100 000원 - 대신증권 영원무역 뉴스핌
​
09:57:11 부천시 내년 예산 2조5천억원 편성 올해 대비 3% 증액 이데일리
​
09:57:09 '깨끗한 경기 만들기' 평가 화성·시흥·양평 최우수 선정 뉴스핌
​
09:57:09 면세업계 관광객 증가·임차료 부담 속 3분기 실적 엇갈려 연합뉴스
​
09:57:03 엑시큐어하이트론 경영권 또 바뀐다 코스닥 적자기업들이 인수 나서 엑시큐어하이트론 한국경제
​
09:57:01 '美 마이크론 깐부' 한미반도체 최고 파트너사로 선정 한미반도체 서울경제
​
09:57:01 아이패밀리에스씨 롬앤 유리아쥬와 손잡고 컬러립밤 출시 '완판 행진' 아이패밀리에스씨 머니투데이
​
09:57:00 텔레픽스 국내 최초 AI 위성 궤도상 영상처리 SW 업데이트 및 성능 검증 완료 매일경제
​
09:56:50 하이트진로 주가 회복 모멘텀 부족 목표가↓-IBK 하이트진로 인포스탁
​
09:56:49 [특징주] 증권가 목표주가 상향에 농심·삼양식품 강세 농심 연합뉴스
​
09:56:47 NH프라임리츠 0 00% VI 발동 NH프라임리츠 조선비즈
​
09:56:39 [로펌은 지금]세종 '미래상속센터' 출범 다음달 3일 상속·승계전략 세미나 아시아경제
​
09:56:39 용인문화재단 수험생 위한 토크쇼 Z Fun Up! with 이상준 개최 헤럴드경제
​
09:56:35 [부고]정정욱(신세계프라퍼티인베스트먼트 대표)씨 부친상 이데일리
​
09:56:32 영원무역 3분기 호실적에 신고가 경신 영원무역 한국경제
​
09:56:29 [고침] 문화(107년 전 창녕 가야 무덤서 찾은 '글자' CT ) 연합뉴스
​
09:56:26 함께 만드는 성장 이야기 대전시교육청 위센터 멘토링 3차 진행 뉴스핌
​
09:56:17 [리포트 브리핑]솔브레인 '이럴 때 사야 하는 주식' 목표가 360 000원 - 대신증권 솔브레인 뉴스핌
​
09:56:17 [리포트 브리핑]이마트 '부진한 상황은 지나간 ' 목표가 105 000원 - 대신증권 이마트 뉴스핌
​
09:56:17 무신사 스탠다드 올해 2000만명 다녀갔다 전년比 2 3배 증가 헤럴드경제
​
09:56:12 이 대통령 G20 참석 차 출국 중동·아프리카 4개국 방문 뉴스토마토
​
09:56:11 디에스케이 -7 68% VI 발동 디에스케이 조선비즈
​
09:56:06 샤위신에너지소재(688778 SH) 다수 제품 일제히 성장 비중확대 연합인포맥스
​
09:56:00 투자금 4배 금리는 4%대! 반대매매 위기? 오늘 안에 해결 셀트리온 아시아경제
​
09:55:57 신한자산운용 월배당 ETF 첫 배당금 1주당 95원 지급 인포스탁
​
09:55:50 에스엔시스 삼성重 100억원 수주 운항제어·배전반·BWMS '풀패키지' 계약 에스엔시스 이데일리
​
09:55:45 GS건설 자이 리브랜딩 1주년 맞아 고객 참여 행사 아시아경제
​
09:55:42 전남 보성서 노인 치어 숨지게 한 60대 입건 뉴스핌
​
09:55:41 BMW 그룹 코리아 2025 BMW 그룹 협력사의 날 행사 개최 이투데이
​
09:55:33 [인사]삼양라운드스퀘어 머니투데이
​
09:55:25 한전 글로벌 전력 유틸리티 기업 최초로 'CES 혁신상' 5관왕 달성 한전KPS 뉴스핌
​
09:55:25 소아 천식 치료용 스테로이드 골절 위험 3배까지 높여 연합뉴스
​
09:55:25 한복 입고 남산 걷는 외국인들 서울 에코 하이킹 페스타 개막 이데일리
​
09:55:16 플로 11번가와 더블 혜택 프로모션 진행 조선비즈
​
09:55:12 (헬스&사이언스)채소 섭취는 1위 운동은 꼴찌 뉴스토마토
​
09:55:09 [부고] 김민정(이데일리 디지털콘텐츠부 기자)씨 시조부상 이데일리
​
09:55:08 소프트센 3분기 누적 영업이익 흑자 전환 소프트센 아시아경제
​
09:55:02 인터플렉스(051370) 상승폭 확대 +7 23% 외국계 매수 유입 인터플렉스 인포스탁
​
09:55:00 기술주 집중도 심화 속 바이오·금융·자동차로 관심 이동 셀트리온 이데일리
​
09:54:57 S-Oil우 +0 71% 52주 신고가 S-Oil우 조선비즈
​
09:54:53 354억 원대 전세사기 일당 21명 검거 9채 짓고 돌려막기 뉴스핌
​
09:54:53 (주)선익시스템 기업설명회(IR) 개최 선익시스템 코스닥공시
​
09:54:49 기가비스 日 반도체 기업과 38억 규모 공급계약 체결 기가비스 이데일리
​
09:54:33 나이벡(138610) 소폭 상승세 +3 02% 4거래일 연속 상승 나이벡 인포스탁
​
09:54:24 새우탕 용기면 130㎉에 즐긴다 농심 '누들핏 새우탕맛' 출시 농심 인포스탁
​
09:54:21 삼기 3분기 누적 영업익 전년비 510%↑ 당기순익 흑전 삼기 이데일리
​
09:54:12 (특별기고)안보·국익에는 여·야·정 한 목소리 내야 뉴스토마토
​
09:54:12 (헬스&사이언스)브라질에서 새 익룡 화석 발견 뉴스토마토
​
09:54:09 현대글로비스 폴란드에 K2·K9 운송 특수화물 시장 공략 연합뉴스
​
09:54:06 [단독] 흥국생명 지방 사옥 12곳 매각 착수 건전성 부담+M&A 선제 대응 한국경제
​
09:54:04 롯데건설 3분기 영업익 511억 매출 증가에도 순익 '감소' 뉴스핌
​
09:54:00 비나텍주식회사 기업설명회(IR) 개최 비나텍 코스닥공시
​
09:53:56 4호선 혜화역 정상 운행 재개 무정차 통과 종료 파이낸셜뉴스
​
09:53:55 하림그룹-전북기계공고 채용연계형 협약 '산학일체형' 모델 가동 뉴스핌
​
09:53:47 보훈부 日 경찰 검거 항일운동 261명 재일한국인 명부 공개 서울경제
​
09:53:45 네이버 클립에 '피드형 보상' 도입 '정보 태그' 강화 NAVER 머니투데이
​
09:53:43 [MK 골든크로스 돌파종목 : 데이원컴퍼니(373160) & 로킷헬스케어(376900)] 매일경제
​
09:53:42 대원미디어 '아머사우루스' 북미 호평 글로벌 IP 프랜차이즈 도약 주목 대원미디어 머니투데이
​
09:53:29 네이버웹툰 대규모 프로모션 웹툰프렌즈 팡팡위크 개최 조선비즈
​
09:53:26 박현우 라온시큐어 보안개발본부장 과기부 장관 표창 라온시큐어 딜사이트
​
09:53:24 [특징주]코리아써키트 지속적 실적 개선 기대↑ 아시아경제
​
09:53:13 우리은행 퇴직연금 로보어드바이저 일임서비스 출시 헤럴드경제
​
09:53:10 에콰도르의 외국 군사 기지 허용 법안? 일부 개표에서 패소 로이터뉴스
​
09:53:08 '현대백화점' 52주 신고가 경신 내수 소비 회복에 더해질 외국인 인바운드 소비자 창출 - 메리츠증권 BUY 현대백화점 한국경제
​
09:53:04 [카드] KB국민은행 관세 피해 기업 맞춤형 컨설팅 KB금융 인포스탁
​
09:52:58 박범계 법무부 '대장동 항명' 검사 진상조사 통해 징계해야 뉴스핌
​
09:52:55 온코닉테라퓨틱스(476060) 소폭 상승세 +5 46% 4거래일 연속 상승 온코닉테라퓨틱스 인포스탁
​
09:52:52 청소년에서 사회초년생으로 토스 수능 마친 고3 금융교육 매일경제
​
09:52:51 성남시 시민고충처리위원회 원주시에 선도적 운영 사례 전수 신흥 헤럴드경제
​
09:52:49 [클릭 e종목] 디오 본격 영업이익 레버리지 300억 영업익 실현 기대 디오 아시아경제
​
09:52:44 엔비디아 지포스 노트북 사면 네이버 쿠폰 준다 '게임 체인지 프로모션' NAVER 머니투데이
​
09:52:42 에버랜드 겨울 굿즈 출시 17일 '카톡 선물하기' 사전예약 삼성물산 머니투데이
​
09:52:40 이용배 현대로템 사장 AI 대전환·공급망 변동의 시기 협력업체들과 변화·혁신 이어갈 것 현대로템 헤럴드경제
​
09:52:39 이마트 손잡은 SSG닷컴 신선식품 반값 19일까지 특가전 이마트 헤럴드경제
​
09:52:29 한울반도체 MLCC 기반 인덕터 외관검사기 개발 한울반도체 딜사이트
​
09:52:26 괴산 산막이옛길 '리본(RE:Born) 프로젝트' 선정 뉴스핌
​
09:52:26 페리지에어로스페이스 필리핀 우주청 대상 사운딩로켓 협력 프로그램 성료 매일경제
​
09:52:17 한국전력 CES 2026 '혁신상' 5관왕 달성 머니투데이
​
09:52:16 핑거(163730) 소폭 상승세 +3 00% 핑거 인포스탁
​
09:52:05 한국투자파트너스 중국 제약사 투자로 2000억 넘는 '잭팟' 한국금융지주 한국경제
​
09:51:59 4호선 혜화역 정상 운행 재개 무정차 통과 종료 뉴스핌
​
09:51:56 퓨릿 +12 38% VI 발동 퓨릿 조선비즈
​
09:51:52 GS건설 자이 리브랜딩 1주년 맞아 고객 참여 행사 진행 GS건설 이투데이
​
09:51:51 미스토홀딩스 3분기 영업이익 1319억원··· 전년比 41 2% 증가 미스토홀딩스 서울경제
​
09:51:41 제주 해안서 또 차(茶)봉지 마약 발견 관계기관 대대적 수색 연합뉴스
​
09:51:34 남편이 北해커에 수천만원 송금 안다르 창업자 결혼 전 일 심경 머니투데이
​
09:51:30 삼천당제약(000250) 소폭 상승세 +3 97% 삼천당제약 인포스탁
​
09:51:29 신한투자증권 주식모으기 '정기투자 서비스' 개편 뉴스핌
​
09:51:28 경기도 특사경 홀덤펍 청소년 출입·고용 집중 단속 뉴스핌
​
09:51:28 [특징주]그린광학 코스닥 상장 첫날 90% 넘는 급등세 그린광학 아시아경제
​
09:51:22 [한경유레카]로킷헬스케어 오전 강세 유레카 수익률 21% 달성 로킷헬스케어 한국경제
​
09:51:16 카카오페이 소상공인시장진흥공단 이사장 표창 수상 카카오페이 뉴스핌
​
09:51:13 폴라리스오피스 3Q 매출·영업익 두자릿수 성장 폴라리스오피스 딜사이트
​
09:51:11 [게시판] NH농협은행 비대면 기업금융 시스템 개설 연합뉴스
​
09:51:08 한반도 배타적 경제수역서 국내 미기록종 7종 발견 아열대종 파이낸셜뉴스
​
09:51:03 [특징주] 그룹 총수들 정부와 협력 약속 '삼성전자·SK하이닉스' 대형株 강세 SK하이닉스 뉴스핌
​
09:51:01 대신證 DB손해보험 10월 경험요율 조정 효과 기대 목표가↑ DB손해보험 조선비즈
​
09:51:00 카카오페이 소상공인시장진흥공단 이사장 표창 수상 카카오페이 뉴스핌
​
09:50:55 자이 리브랜딩 1주년 고객 참여 행사 개최 GS건설 헤럴드경제
​
09:50:54 코스콤 전통시장 활성화 위한 하반기 임직원 장보기 사회공헌활동 이투데이
​
09:50:49 '삼양식품' 3세 전병우 COO 전무 승진 글로벌 성과 반영 삼양식품 인포스탁
​
09:50:48 땅속의 소방관 서울 중구 전통시장 21곳에 매립식 소화장치 연합뉴스
​
09:50:46 당일 자사주 체결 현황 인포스탁
​
09:50:40 디케이티 -6 59% VI 발동 디케이티 조선비즈
​
09:50:39 피지컬 AI 시대 속 국내 기업 '눈길' 산업 자동화 핵심 파트너는 컨슈머타임스
​
09:50:37 [마켓칼럼] 축소할 기미가 보이지 않는 중국의 산업계획 한국경제
​
09:50:34 'BUZZ-EUR/USD가 아시아에서 평소처럼 빠르게 움직이지 않습니다 로이터뉴스
​
09:50:33 성남시 겨울철 자연재난 대비 종합대책 본격 가동 헤럴드경제
​
09:50:28 이스트소프트 EMNLP 2025′에서 AI 자동 더빙 연구 성과 발표 조선비즈
​
09:50:27 시지메드텍 3분기 누적 영업이익 34 9억 흑자전환 최대 실적 전망 시지메드텍 머니투데이
​
09:50:24 현대백화점 +3 63% 52주 신고가 현대백화점 조선비즈
​
09:50:21 수능끝난 수험생 시력교정 난시 해결 잘 돼야 시력 만족도 높다 대상 헤럴드경제
​
09:50:16 전일대비 거래량 증가 종목(코스닥) 이엘피 인포스탁
​
09:50:16 [리포트 브리핑]미스토홀딩스 '남은 과제는 미스토 부문 매출 턴어라운드' 목표가 54 000원 - 삼성증권 미스토홀딩스 뉴스핌
​
09:50:16 [리포트 브리핑]아이에스동서 '3Q review: 4월 경산 지구 분양으로 화려한 복귀' 목표가 27 000원 - 삼성증권 아이에스동서 뉴스핌
​
09:50:16 BUZZ-호주 캘릭스 리오 틴토와의 거래로 상승세 로이터뉴스
​
09:50:15 전일대비 거래량 증가 종목(코스피) 아센디오 인포스탁
​
09:50:09 고창군-전북연구원 군정 현안사업 정책간담회 개최 뉴스핌
​
09:50:05 IMA 기대감·정책 수혜 증권주에 불붙은 매수세 SK하이닉스 한국경제
​
09:50:04 현대백화점(069960) 소폭 상승세 +3 52% 현대백화점 인포스탁
​
09:50:02 뉴트리 +9 54% VI 발동 뉴트리 조선비즈
​
09:50:00 토스 수능 친 고3 금융교육 지원 아시아경제
​
09:50:00 한울소재과학 JKM 中 OLED 필름 소재 수주 한울소재과학 딜사이트
​
09:49:59 알바니즈 호주 총리 터키와 COP31 공동 개최 배제 선언 로이터뉴스
​
09:49:57 디에스케이 子 프로톡스 보톡스 국내 품목허가 完 글로벌 공략 본격화 디에스케이 아시아경제
​
09:49:57 카카오모빌리티 미디어렙 3사와 디지털 옥외광고 협력 KT나스미디어 연합뉴스
​
09:49:57 유일에너테크 -9 65% VI 발동 유일에너테크 조선비즈
​
09:49:51 서진오토모티브 -9 60% VI 발동 서진오토모티브 조선비즈
​
09:49:50 네이버 클립 피드형 보상 모델 도입 창작자 보상 강화해 생태계 활성화 이투데이
​
09:49:46 '전국노래자랑 백댄서 논란' 광주 북구청장 결국 사과 한국경제
​
09:49:40 풀무원 올 3분기 매출 8884억원 영업이익 381억 원 역대 최고 실적 기록 풀무원 조세일보
​
09:49:40 화처내비게이션(300627 SZ) 해외 사업 규모 고속 성장 기대 '매 연합인포맥스
​
09:49:38 장동혁 대장동 항소 포기 대통령 의중 실려···與 국조 협조해야 서울경제
​
09:49:37 캄보디아서 숨진 대학생 신체 훼손 없어 ···사인은 구타로 인한 '외상성 쇼크' 서울경제
​
09:49:35 엑셀세라퓨틱스 CDO로 사업 확장 세포치료제 시장 잡는다 엑셀세라퓨틱스 이데일리
​
09:49:18 (주)아스테라시스 기업설명회(IR) 개최 아스테라시스 코스닥공시
​
09:49:11 [리포트 브리핑]영원무역 '역시 OEM 대장은 다르다' 목표가 85 000원 - 삼성증권 영원무역 뉴스핌
​
09:49:11 경찰 서부지법 난동 배후 혐의 전광훈 목사 내일 첫 소환조사 조선비즈
​
09:49:09 토스 라이프스타일 매거진 더 머니이슈 출간 헤럴드경제
​
09:49:08 EY한영 '제19회 EY 최우수 기업가상' 마스터 부문에 정몽원 회장 선정 아시아경제
​
09:49:08 깨끗한나라 야외활동에 최적화된 초미니 물티슈 2종 출시 아시아경제
​
09:49:06 유안타저축은행 최대주주 유안타금융지주로 변경 지배구조 단순화 매일경제
​
09:48:55 잔돈 모으고 푸드·뷰티 헤택 카카오뱅크·CJ 저금통 출시 매일경제
​
09:48:54 잔돈 모으면 올리브영 할인 카뱅 '저금통 with CJ' 출시 한국경제
​
09:48:51 코빗 '코인 렌딩' 정식 개시 머니투데이
​
09:48:45 한국코카콜라 신임 대표에 이준엽 한국P&G 부사장 선임 LG생활건강 이투데이
​
09:48:36 본느 -2 42% VI 발동 본느 조선비즈
​
09:48:34 홀로코스트 참상 물품이 대거 경매에 생존자 반발로 결국 취소 연합뉴스
​
09:48:33 의사단체 성분명 처방·한의사 엑스레이·검체개편은 의료악법 철회 촉구 매일경제
​
09:48:33 다시 거리로 나온 의사단체 3대 의료악법 강행땐 전면투쟁 매일경제
​
09:48:30 대전시 공영 수소충전 600원 인상 전국 평균 수준 뉴스핌
​
09:48:25 출판진흥원 UAE 두바이 K엑스포서 K북 중동 진출 지원 뉴스핌
​
09:48:24 몸통 누구겠나 국힘 대통령실 찾아 '대장동 항소 포기' 규탄 한국경제
​
09:48:24 [더벨]드림텍 'ECG 스테이션' 앞세워 일본 부정맥 시장 안착 드림텍 머니투데이
​
09:48:23 9조 넘게 팔아치운 외국인에 코스피 석달만에 마이너스 SK하이닉스 아시아경제
​
09:48:18 美 베네수엘라 솔레스카르텔 테러 조직 지정 주축은 마두로 행정부 조선비즈
​
09:48:17 D1 캐피털 3분기에 'AI주' 편입 엔비디아·메타 신규 투자 연합인포
​
09:48:15 업데이트 1-트럼프 베네수엘라 마두로와 대화할 수 있다고 말하다 로이터뉴스
​
09:48:12 LS일렉트릭 잇단 수주 미 데이터센터 전력 인프라 수주 뉴스토마토
​
09:48:12 미 조지아 현대차-LG엔솔 합작공장 사망사고로 벌금 뉴스토마토
​
09:48:11 김치의 깊은 맛 발효 속 미생물이 만든다 매일경제
​
09:48:11 왜 내 김치는 엄마 손맛 안날까 양념 아닌 이것 에 달렸다는데 매일경제
​
09:48:10 [인사] 삼양라운드스퀘어 아시아경제
​
09:48:05 콘진원 지스타서 K-웹툰 기반 게임 글로벌 시장 진출 본격화 조선비즈
​
09:48:03 대한광통신 -8 92% VI 발동 대한광통신 조선비즈
​
09:48:02 에어프레미아 예비엔진 4호기 도입 운항 안정성 강화 이투데이
​
09:48:02 올해 상승분 반납한 비트코인 하락 이유는 연합인포
​
09:48:00 최저 4%대 금리로 4배 레버리지···오늘 신청 오늘 이용 삼성전자 서울경제
​
09:47:46 [마켓인]美 톱골프캘러웨이 구조조정 시동 사업부 매각 추진 이데일리
​
09:47:45 삼성SDS 에쓰오일 IT 통합 운영 계약 체결 조선비즈
​
09:47:41 미스토홀딩스 3분기 영업익 전년比 41 2% ↑ 골프 사업 호조 미스토홀딩스 아시아경제
​
09:47:37 빛샘전자 +9 11% VI 발동 빛샘전자 조선비즈
​
09:47:32 국힘 용산 집결해 대장동 항소 포기 규탄 한국 전체가 범죄자 놀이터 조선비즈
​
09:47:24 겨울철 대비 무상 진단 서비스 제공 폭스바겐코리아 겨울 캠페인 실시 파이낸셜뉴스
​
09:47:22 경기 컬처패스 가입자 10만명 돌파 문화소비 활력 뉴스핌
​
09:47:18 성수동에 '대형 호찜이'가 떴다 SPC삼립 무신사와 팝업 오픈 SPC삼립 인포스탁
​
09:47:18 [리포트 브리핑]한화생명 '3Q review: 신계약 성장 동력 지속은 긍정적' 목표가 3 500원 - 삼성증권 한화생명 뉴스핌
​
09:47:18 [리포트 브리핑]현대해상 '3Q review: 상대적으로 안정적인 실적' 목표가 35 000원 - 삼성증권 현대해상 뉴스핌
​
09:47:17 美·中 지역 수출 감소에도 10월 수출 역대 최대 서울경제
​
09:47:09 NICE인프라(063570) 소폭 상승세 +5 63% 외국계 매수 유입 NICE인프라 인포스탁
​
09:47:06 농협은행 기업금융 비대면 시스템 '더퀴커' 출시 아시아경제
​
09:47:04 [오늘의신상]'하얀눈 속 매화' 설화수 홀리데이 컬렉션 공개 아시아경제
​
09:47:03 동성제약·어메이징브루잉컴퍼니 M&A 공고 동성제약 한국경제
​
09:46:57 경콘진 2025 의정부 혁신도시 스타트업 챌린지 결선 개최 대상 헤럴드경제
​
09:46:50 에스투더블유 인터폴 주도 '인신매매 조직' 소탕 작전 참여 美 메타와 데이터분석 제공 에스투더블유 이데일리
​
09:46:47 대통령실 찾아간 국힘 항소 포기로 국민 7800억 날아가 국정조사 해야 매일경제
​
09:46:46 민주주의 체험의 장 순천시 제1기 청소년의회 수료 신흥 헤럴드경제
​
09:46:39 KODEX 미국나스닥100 올해 개인 순매수 1조 돌파 이투데이
​
09:46:37 삼성SDS 에쓰오일 디지털 전환 파트너로 IT 통합 운영 수주 연합뉴스
​
09:46:35 2030은 '꼰대'라지만 업무 몰입도 최강 직장 중추 영포티 ['영포티' 세대전쟁] 한국경제
​
09:46:17 [리포트 브리핑]에스에프에이 '본업 가치가 전혀 반영되지 못한 저평가 주식' 목표가 28 000원 - 삼성증권 에스에프에이 뉴스핌
​
09:46:17 [리포트 브리핑]DB손해보험 '3Q review - 보험손익 악화 폭 확대' 목표가 155 000원 - 삼성증권 DB손해보험 뉴스핌
​
09:46:13 메모리 칩 최대 60% 인상 소식에 삼성전자·하이닉스 동반 강세 삼성전자 한국경제
​
09:46:10 인텔 등 채권 천억원대 또 사들인 트럼프 이해충돌 논란 여전 연합인포
​
09:46:06 말해보카 대만 애플 앱스토어 인기순위 1위 챗GPT·스레드 제쳤다 이데일리
​
09:46:05 ?한화 라이프플러스 'LIFEPLUS NY 2025' 성료 한화투자증권 인포스탁
​
09:46:02 마을이 빛나는 날 세종시 마을공동체 '성과공유회' 개최 뉴스핌
​
09:46:02 한국투자증권 ELW 517종 신규 상장 조선비즈
​
09:45:53 현대차 아반떼 N TCR 8번의 TCR 월드투어서 우승컵 5개 차지 매일경제
​
09:45:52 집에서 '이렇게' 청소하면 큰 일 20년간 흡연한 폐와 비슷 [건강잇슈] 파이낸셜뉴스
​
09:45:51 중국 지방정부 22곳 외사담당 방한 한중 지방교류 증진 모색 연합뉴스
​
09:45:50 'K-광학 자존심' 그린광학 코스닥 상장 독일·일본 주도 글로벌 시장 도전장 그린광학 이데일리
​
09:45:49 현대차 '더 뉴 아반떼 N TCR' '2025 TCR 월드투어' 최종전 우승 현대차 인포스탁
​
09:45:47 반도체·조선까지 중국 5년 후 '10대 주력업종' 한국 추월 머니투데이
​
09:45:45 자이 리브랜딩 1주년 GS건설 고객 참여 행사 열어 이데일리
​
09:45:38 정성호 장관·구자현 총장 대행 검사장 '평검사 전보' 논란에 침묵 머니투데이
​
09:45:34 한컴인스페이스 누리호에 '세종 4호' 실어 발사 이데일리
​
09:45:34 KT 차기 CEO 공모 마감 구현모 전 대표는 불참 KT 인포스탁
​
09:45:32 마약하다 걸린 사람처럼 질질 끌려갔다 하와이 간 랄랄에 무슨일이 매일경제
​
09:45:28 예산서 단독주택 화재로 전소 원인 조사 중 뉴스핌
​
09:45:28 기가비스 수주공시 - 반도체 기판 검사장비 38 2억원 (매출액대비 14 62 %) 한국경제
​
09:45:26 S&P500 선물 亞 시장서 상승 美 국채금리 ↑ 연합인포
​
09:45:19 한국신문협회 오는 20일 'AI와 뉴스의 미래' 세미나 개최 머니투데이
​
09:45:18 BNK부산은행 임직원들 부산 지역 곳곳서 봉사활동 파이낸셜뉴스
​
09:45:18 [리포트 브리핑]메리츠금융지주 '3Q review - 중기 주주환원정책 업데이트' 목표가 150 000원 - 삼성증권 메리츠금융지주 뉴스핌
​
09:45:18 [리포트 브리핑]한솔케미칼 '메모리 업황 회복의 확실하고 직접적 수혜' 목표가 270 000원 - 삼성증권 한솔케미칼 뉴스핌
​
09:45:09 불륜 사산아 냉동실 유기한 귀화 여성 법원은 소재파악 못해 구속 불발 조선비즈
​
09:45:09 불륜 사산아 냉동실 유기한 귀화 여성 구속 기각되고 재판도 불출석 조선비즈
​
09:45:02 삼양식품 오너家 3세 전병우 2년 만에 전무 승진 삼양식품 아시아경제
​
09:45:00 미리 사둘걸 지금부터 신고가 노릴 본격 강세 임박한 이 종목은 에이프로젠 아시아경제
​
09:44:55 산림청 신임 차장에 '박은식 산림산업정책국장' 임명 머니투데이
​
09:44:49 드라이브인 시스템 갖춘 현대 테라타워 구리갈매 물류·제조기업 맞춤 복합단지 파이낸셜뉴스
​
09:44:34 제주항공 '어린이 항공안전체험교실' 진행 제주항공 뉴스핌
​
09:44:31 김용진 GH 사장 첫선 기술평가 통합관리시스템 돌풍 헤럴드경제
​
09:44:26 비트코인 연초 상승분 모두 반납 충격 트럼프 랠리 끝났나 매일경제
​
09:44:26 올해 불어났던 계좌 그대로 다 녹았다 진짜 거품론은 AI 아닌 이 자산 매일경제
​
09:44:23 진에어·에어부산·에어서울 임직원 합동 마라톤 대회 참가 뉴스핌
​
09:44:20 삼양식품 3세 전병우 전무 승진 정기 임원인사 조선비즈
​
09:44:19 기아 국내 최대 인증중고차 센터·PBV 거점 평택에 열었다 기아 헤럴드경제
​
09:44:07 독도비행 트집 에 韓日 국방교류 먹구름 공동수색·구조훈련 보류 레이 헤럴드경제
​
09:44:05 산업부 韓 제2위 교역국 아세안에 중견기업 공략 모색 샘표 헤럴드경제
​
09:44:00 [게시판] 금호건설 지역아동센터에 '사랑의 쌀' 40포대 기부 연합뉴스
​
09:43:57 롯데건설 샤워의자 '엔젤시트'로 2025 굿디자인 어워드 동상 수상 파이낸셜뉴스
​
09:43:55 한미반도체 美 마이크론서 '탑 서플라이어상' 수상 한미반도체 인포스탁
​
09:43:53 728조+α 예산 전쟁 대미투자특별법·대장동 논란 곳곳 뇌관 [이런정치] 대상 헤럴드경제
​
09:43:51 한화 라이프플러스 LIFEPLUS NY 2025 성료 한화생명 헤럴드경제
​
09:43:50 셀리드 '530만 도즈' 수입 의존 코로나19 변이 LP 8 1 백신 국산화 국가 전임상 지원사업 셀리드 이데일리
​
09:43:47 네이버 클립 숏폼도 '수익화' 피드형 광고 보상 도입 연합뉴스
​
09:43:46 매출 100억 화장품 용기업체 M&A 매물로 한국경제
​
09:43:39 데이터센터 전기요금 공동부담하라고? 美 밀집州 전기료 15%이상 올랐다 서한 헤럴드경제
​
09:43:36 롯데건설 '제18회 대한민국 소통어워즈' 2년 연속 대상 수상 이데일리
​
09:43:29 [TOP's Pick] 오늘이엔엠 자본잠식률 대폭 개선 재무 개선 속도 오늘이엔엠 인포스탁
​
09:43:26 NS홈쇼핑 NS라이즈 크루 우수활동상 시상식·견학 진행 이데일리
​
09:43:17 '800조 투자' 대기업들 대외불안 털고 국내서 미래동력 확보 연합뉴스
​
09:43:09 한미 사이버 동맹 훈련 17~21일까지 실시 서울경제
​
09:43:05 1호(롯데·HD현대) 석화재편 발표 임박 타사 동참 이어질까 롯데케미칼 헤럴드경제
​
09:43:03 미국 경제 체감 둔화 신호 IMF 성장 압박 커져 경고 에이피알 한국경제
​
09:42:45 한국 코카콜라 이준엽 신임 대표이사 선임 조선비즈
​
09:42:33 에어프레미아 예비엔진 4호기 도입 운항안정성 대폭 강화 하이브 헤럴드경제
​
09:42:30 상주영천고속도로서 유조차 등 연쇄추돌 2명 숨지고 4명 부상 매일경제
​
09:42:30 우진아이엔에스 +8 92% VI 발동 우진아이엔에스 조선비즈
​
09:42:22 신한운용 SOL코리아고배당 ETF 첫 월배당 지급 주당 95원 이투데이
​
09:42:20 현대차 전·현직 카마스터와 함께 소아암 환아에 후원금 전달 현대차 헤럴드경제
​
09:42:19 韓협력사 글로벌 가치 사슬서 중요한 역할 BMW그룹 협력사의 날 행사 개최 파이낸셜뉴스
​
09:42:08 레인보우로보틱스 4족보행 로봇 RBQ 시리즈 10대 기계기술 선정 한국항공우주 헤럴드경제
​
09:42:02 'AI 거품론' 속 엔비디아 실적 발표 젠슨 황의 상자는 선물? 폭탄?[오늘M7] 이데일리
​
09:42:02 'AI 거품론' 속 엔비디아 실적 발표 젠슨 황의 상자는 선물? 폭탄?[오늘M7] 이데일리FX
​
09:41:58 노타 -8 71% VI 발동 노타 조선비즈
​
09:41:47 기가비스 38억 규모 반도체 기판 검사장비 공급계약 기가비스 헤럴드경제
​
09:41:47 (주)후성 주식선물 2단계 가격제한폭 확대요건 도달(하락) 후성 파생상품공시
​
09:41:43 제주항공 이마트 스타필드서 어린이 항공안전체험교실 진행 제주항공 조선비즈
​
09:41:43 *日 10년 금리 1 72% 2008년 이후 최고치 연합인포
​
09:41:39 한솔케미칼(014680) 소폭 상승세 +3 82% 한솔케미칼 인포스탁
​
09:41:26 네이버 클립 콘텐츠 소비변화에 맞춰 '피드형 보상' 모델 도입 NAVER 인포스탁
​
09:41:24 붉게 물든 24 굽이 영동 도마령 단풍 절정 뉴스핌
​
09:41:23 이재명 대통령 오늘부터 7박10일 중동·아프리카 순방···G20 등 참석 머니투데이
​
09:41:19 뉴트리(270870) 상승폭 확대 +8 34% 뉴트리 인포스탁
​
09:41:18 잠시 눈에 띄지 않더니 등산 중 실종된 70대 해변에서 숨진 채 발견 머니투데이
​
09:41:14 [TOP's Pick] 한울소재과학 JKM 中 C사 OLED 필름 소재 수주 한울소재과학 인포스탁
​
09:41:11 헤퍼코리아 네팔로 보낸 한국 젖소들 현지 낙농업에 혁신적 도움 서울경제
​
09:40:59 '면역 단백질' p300 알레르기 천식 억제 핵심 역할 확인 파이낸셜뉴스
​
09:40:46 플랜티넷 3분기 누적 영업익34억 전년比97 6%↑ 플랜티넷 컨슈머타임스
​
09:40:41 상주영천고속도로서 13대 연쇄충돌 2명 심정지 머니투데이
​
09:40:35 코스콤 전통시장 활성화 위한 하반기 임직원 장보기 사회공헌활동 이데일리
​
09:40:33 필름 전해질 쭉 당겼더니 폭발없는 전고체배터리 수명 쑥 상용화 청신호 헤럴드경제
​
09:40:32 오너 3세 전병우 전무 승진 삼양라운드스퀘어 임원인사 헤럴드경제
​
09:40:30 요약-시라 리소스 테슬라 오프테이크의 채무 불이행 치료 날짜 연장 발표 로이터뉴스
​
09:40:29 파인텍 수주공시 - OLED 제조장비 공급 계약 150 3억원 (매출액대비 21 16 %) 파인텍 한국경제
​
09:40:20 디아이씨(092200) 상승폭 확대 +6 17% 디아이씨 인포스탁
​
09:40:20 [특징주] 美 반도체 훈풍에 삼성전자·SK하이닉스 강세 삼성전자 조선비즈
​
09:40:20 유안타증권 글로벌 마켓·메이저 5 해외주식 이벤트 헤럴드경제
​
09:40:19 디스플레이 장비 디엠에스 3분기 매출 2배 '껑충' DMS 파이낸셜뉴스
​
09:40:17 [리포트 브리핑]천보 '판가 상승의 기회와 F의 숙제' 목표가 56 000원 - 삼성증권 천보 뉴스핌
​
09:40:17 [리포트 브리핑]신흥에스이씨 '고마운 BBU' 목표가 6 800원 - 삼성증권 신흥에스이씨 뉴스핌
​
09:40:13 코스피 'AI 버블' 우려 딛고 4 070대 상승 출발(종합) 삼성전자 연합뉴스
​
09:40:03 광주 북구의회 문인 구청장 백댄서 논란 깊은 유감 뉴스핌
​
09:40:01 산업부 관세협상 후속조치 논의 비관세 후속조치 만전 이투데이
​
09:40:00 NHN KCP 통합매장 솔루션 QR·NFC 주문기능 출시 소상공인 비용부담 완화 NHN KCP 아시아경제
​
09:39:51 미래에셋증권(주) 주식워런트증권 발행인의 순자본비율 미래에셋증권 코스피공시
​
09:39:48 女공무원 백댄서 논란 광주 북구청장 심려 끼쳐 사과 대동 헤럴드경제
​
09:39:45 NHN 수집형 RPG 어비스디아 AGF 2025 참가 조선비즈
​
09:39:44 저상버스에 '정상인이라면 팔을 뻗어 벨을 누르세요' 문구 논란 파이낸셜뉴스
​
09:39:44 미래에셋증권(주) 상장지수증권 발행인의 순자본비율 미래에셋 코스피200 ETN공시
​
09:39:39 [더벨][씨유메디칼시스템 줌인]생산시설 고도화 실적 성장기반 마련 씨유메디칼 머니투데이
​
09:39:37 美무역대표 EU에 경고 관세인하 너무 느려 유에스티 헤럴드경제
​
09:39:35 [특징주] 그린광학 코스닥 상장 첫날 '급등' 컨슈머타임스
​
09:39:34 대웅제약 K-AI 국책과제 연구기관 선정 대웅제약 한국경제
​
09:39:31 삼익제약 -0 98% 상승폭 확대 삼익제약 조선비즈
​
09:39:31 [박스오피스] '나우 유 씨 미 3' 개봉 첫 주말 1위 연합뉴스
​
09:39:25 iM증권 장애 예측 관리 시스템 구축 등 'IT인프라 고도화' 추진 뉴스핌
​
09:39:22 신한투자증권 주식모으기 정기투자 서비스 고도화 매일경제
​
09:39:22 '퓨쳐켐' 52주 신고가 경신 전일 기관 대량 순매수 퓨쳐켐 한국경제
​
09:39:21 디엔에프(092070) 상승폭 확대 +7 65% 4거래일만에 반등 디엔에프 인포스탁
​
09:39:19 웨이브일렉트로 -3 72% 상승폭 확대 웨이브일렉트로 조선비즈
​
09:39:15 현대글로비스 K-방산 화물 폴란드 운송 성공 특수화물 글로벌 경쟁력 입증 현대글로비스 헤럴드경제
​
09:39:05 '시장이 정보 파이프라인을 고려하면서 BUZZ-AUD/USD가 약세를 보임 로이터뉴스
​
09:39:04 제주항공 어린이 항공안전체험교실 개최 수강료 전액 제주보육원 기부 제주항공 이투데이
​
09:39:03 올해 하반기 풍력 경쟁입찰 공고 육상 230MW 해상 협의 후 결정 대상 헤럴드경제
​
09:38:59 삼성 국내에 향후 5년간 450조원 투자 평택공장 5라인 공사 개시 삼성전자 인포스탁
​
09:38:59 행안부도 '인구소멸기금' 문제 인식 인센티브 440억으로 인구 유입 유도 한국경제
​
09:38:57 AI 버블론 걷히자 기술주 반등 코스피 1%대 상승 출발 매일경제
​
09:38:50 기가비스 38억원 규모 반도체 기판 검사장비 계약 기가비스 이데일리
​
09:38:47 입술 너무 커 의사들이 혐오? 매달 '필러' 맞은 20대 여성 사진 보니 머니투데이
​
09:38:41 '31세' 삼양식품 3세 전병우 2년 만에 전무로 승진 삼양식품 연합뉴스
​
09:38:39 국제식품규격위원회 총회서 韓 가공과채류분과 의장국 선출 파이낸셜뉴스
​
09:38:32 파인텍 150억 규모 OLED 제조장비 공급계약 파인텍 헤럴드경제
​
09:38:28 KB운용 온국민·다이나믹 TDF 수탁고 2조 돌파 이데일리
​
09:38:26 기가비스 38 21억원 규모 공급계약(반도체 기판 검사장비) 체결 기가비스 인포스탁
​
09:38:19 중기중앙회 한일 중소기업 2세 간담회 개최 가업 승계 논의 연합뉴스
​
09:38:09 기가비스(주) 단일판매ㆍ공급계약체결 기가비스 코스닥공시
​
09:38:08 전국 아침 출근길 영하권 서울 영하 4도 [내일 날씨] 한국경제
​
09:38:05 큐로셀(372320) 소폭 상승세 +4 60% 큐로셀 인포스탁
​
09:38:02 르노코리아 코리아세일페스타 혜택 11월말까지 연장 파이낸셜뉴스
​
09:38:01 베선트 트럼프 2000달러 관세배당 구상 의회 승인 필요 이데일리
​
09:38:01 베선트 트럼프 2000달러 관세배당 구상 의회 승인 필요 이데일리FX
​
09:37:59 [특징주] 이수페타시스 ASP 상승 기대감에 목표가 일제히 상향 15%대 강세 이수페타시스 조선비즈
​
09:37:58 에코캡(128540) 상승폭 확대 +10 25% 에코캡 인포스탁
​
09:37:57 유진홈센터 에이스하드웨어 PL 브랜드 자체 개발 권한 획득 유진기업 인포스탁
​
09:37:56 링크솔루션 +12 12% VI 발동 링크솔루션 조선비즈
​
09:37:46 서울성모병원 희귀 유전질환 '윌슨병' 혈장교환술 치료 사례 첫 보고 한국경제
​
09:37:45 인스피언(주) 기업설명회(IR) 개최 인스피언 코스닥공시
​
09:37:44 '여행 자제령'에 이어 '유학 자제령'까지 日 압박 가하는 中 파이낸셜뉴스
​
09:37:38 해군 한미 연합대잠전 훈련 사일런트 샤크 참가 서울경제
​
09:37:30 '신세계' 52주 신고가 경신 전일 기관 대량 순매수 신세계 한국경제
​
09:37:29 문화유산 속 목재의 가치 과학으로 재조명 서울경제
​
09:37:27 [설비] 전력 시장 변화 가능성에 ESS 배터리 수요 급증 전망 연합인포맥스
​
09:37:20 플랜티넷 올해 누적 매출 360억 3분기 만에 전년 실적 98% 달성 플랜티넷 이데일리
​
09:37:18 광주시교육청 수험생 대입 지원 팔 걷었다 뉴스핌
​
09:37:18 슈콤마보니 도톰한 퍼 부츠·뮬로 완성한 '볼륨업' 겨울 라인 출시 컨슈머타임스
​
09:37:17 '보로노이' 52주 신고가 경신 증명하고 있는 전임상 결과들 - 유안타증권 BUY 보로노이 한국경제
​
09:37:13 후성 -7 52% VI 발동 후성 조선비즈
​
09:36:56 SK이노 새 뉴스룸 '애스크 이노' 오픈 에너지 소식 전한다 SK이노베이션 인포스탁
​
09:36:47 시노펙스(025320) 소폭 상승세 +5 52% 시노펙스 인포스탁
​
09:36:46 금호건설 청암지역아동센터에 사랑의 쌀 기부 금호건설 이투데이
​
09:36:42 뉴트리 +5 37% 상승폭 확대 뉴트리 조선비즈
​
09:36:41 여러 종목 한번에 모아봐요 신한투자증권 주식모으기 '정기투자 서비스' 고도화 이투데이
​
09:36:38 면역 기능에 영향 주는 단백질 천식 치료 키 였다 이데일리
​
09:36:34 퓨쳐켐(220100) 소폭 상승세 +3 34% 5거래일 연속 상승 퓨쳐켐 인포스탁
​
09:36:30 에코캡 +8 13% 상승폭 확대 에코캡 조선비즈
​
09:36:29 한스바이오메드 +13 49% 상승폭 확대 한스바이오메드 조선비즈
​
09:36:29 조태용 구속 적부심 기각 배정남 산책 도중 시신 발견 外 [오늘의 주요뉴스] 이투데이
​
09:36:27 CJ온스타일 퍼·양모 텍스처 패션 매출 급증 헤럴드경제
​
09:36:26 에이디테크놀로지(200710) 상승폭 확대 +6 77% 에이디테크놀로지 인포스탁
​
09:36:26 오늘의집 '집요한 블랙 프라이데이' 진행 역대급 혜택 아시아경제
​
09:36:26 내년 6월 GTX 성남역 개통되는데 환승센터 손 놓은 성남시 한국경제
​
09:36:24 기아 평택에 PBV 체험공간 마련 미래 모빌리티 체험 기아 인포스탁
​
09:36:21 미래아이앤지 +5 99% 상승폭 확대 미래아이앤지 조선비즈
​
09:36:19 <코>젠큐릭스 상한가 진입 +29 97% ↑ 젠큐릭스 서울경제
​
09:36:15 정부 한미 무역협상 후속조치 논의 비관세 협의 마무리 최선 유에스티 헤럴드경제
​
09:36:05 BMW코리아 '협력사의 날' 개최 미래 방향성 공유 인포스탁
​
09:36:04 쌀쌀한 날씨에 신일전자 팬히터 출고량 103% 증가 신일전자 이데일리
​
09:36:01 삼성전기(601567 SH) 배전 해외 수출 계속 호경기 시장수익률 연합인포맥스
​
09:35:57 신세계 +2 55% 52주 신고가 신세계 조선비즈
​
09:35:56 에버랜드 겨울 한정 베이글 위시 베어 굿즈 출시···수험생 할인 이벤트도 삼성물산 서울경제
​
09:35:48 삼양식품 2026 정기인사 오너 3세 '전병우' 전무 승진 인포스탁
​
09:35:32 탑코미디어 -9 95% VI 발동 탑코미디어 조선비즈
​
09:35:28 퓨쳐켐 +3 34% 52주 신고가 퓨쳐켐 조선비즈
​
09:35:26 한국공항공사 국내 최초 공항 연계 UAM 2단계 실증 성공 한화시스템 아시아경제
​
09:35:23 젠큐릭스 +29 97% 상한가 젠큐릭스 조선비즈
​
09:35:22 성폭행 무혐의 김건모 6년만의 복귀 후배와 엄지 척 헤럴드경제
​
09:35:10 교보생명 임직원 가족 초청 교보 패밀리 데이 개최 헤럴드경제
​
09:35:08 호프만에이전시코리아 '제33회 한국PR대상' 최우수상 3관왕 서울경제
​
09:35:03 그린광학 코스닥 상장 첫날 따블 달성 공모가 대비 3배 치솟기도 그린광학 매일경제
​
09:35:00 신한카드 아름인도서관 개관 사회공헌활동 실천 신한지주 아시아경제
​
09:35:00 깜짝 실적+배당매력+세제혜택 증권주 삼중 호재에 강세 SK하이닉스 이데일리
​
09:34:45 K-방산 숨은 공신 현대글로비스···특수화물 운송 시장 확장한다 현대로템 서울경제
​
09:34:44 GKL(114090) 소폭 상승세 +3 55% GKL 인포스탁
​
09:34:32 동운아나텍(094170) 소폭 상승세 +5 36% 동운아나텍 인포스탁
​
09:34:31 엘앤씨바이오 공급부족 '리투오' 질주 연내 2천곳 목표·글로벌 확장 '투트랙 성장' 가속 엘앤씨바이오 인포스탁
​
09:34:29 [강세 토픽] 인쇄회로기판(PCB) 테마 코리아써키트 +19 74% 이수페타시스 +16 29% 코리아써키트 조선비즈
​
09:34:18 [김태열의 생생건강S펜] 소아 천식 치료제 스테로이드 골절 위험 최대 3배 높여 디아이 헤럴드경제
​
09:34:17 코리아써키트 +19 74% VI 발동 코리아써키트 조선비즈
​
09:34:16 점심값 1만원 시대 홍콩반점·역전우동 실속세트 소비 77% 늘었다 더본코리아 헤럴드경제
​
09:34:14 에스투더블유 메타와 국제 공조 '쾌거' 인터폴 유로폴 국제 범죄 작전에 '핵심 데이터' 제공 에스투더블유 인포스탁
​
09:34:10 농심·삼양식품 3분기 호실적에 동반 '급등' 농심 한국경제
​
09:34:07 에스투더블유 +3 86% 상승폭 확대 에스투더블유 조선비즈
​
09:34:07 iM증권 IT인프라 고도화 착수 사업자에 코스콤 선정 이투데이
​
09:34:02 오름테라퓨틱 +10 75% VI 발동 오름테라퓨틱 조선비즈
​
09:34:00 李대통령 UAE로 출국 G20 계기 7박10일 해외 순방 시작 뉴스핌
​
09:33:59 CJ +8 58% VI 발동 CJ 조선비즈
​
09:33:53 카마스터 손잡고 소아암 환아 돕는다 현대차 기부금 5780만원 전달 파이낸셜뉴스
​
09:33:52 반등한 코스피 장 초반 1 5%대 상승 SK하이닉스 아시아경제
​
09:33:51 한스바이오메드 +12 11% VI 발동 한스바이오메드 조선비즈
​
09:33:42 [프로필] 안권섭 '관봉권·쿠팡 불기소 외압' 특검 형사분야 전문가 연합뉴스
​
09:33:40 오너 3세 전병우 전무로 승진 삼양라운드스퀘어 정기인사 이데일리
​
09:33:38 삼양식품 '오너 3세' 전병우 전무 승진 글로벌 사업 성과 인정 삼양식품 머니투데이
​
09:33:35 유엔젤(주) 기업설명회(IR) 개최(안내공시) 유엔젤 코스피공시
​
09:33:34 한투운용 ACE 글로벌반도체TOP4 Plus 3년 수익률 337% 반도체 ETF 중 1위 SK하이닉스 이투데이
​
09:33:31 삼전·하닉 강세에 코스피 다시 오름세 출발 코스닥도 올라 매일경제
​
09:33:28 AI 데이터 폭증 속 DRAMㆍHBM 한계 도달 'HBF' 차세대 메모리 부상 SK하이닉스 인포스탁
​
09:33:27 제핏 CES 2026 '인류 안보' 부문 혁신상 수상 한국경제
​
09:33:15 파인텍 150 26억원 규모 공급계약(OLED 제조장비) 체결 파인텍 인포스탁
​
09:33:13 오너 3세 전병우 전무 승진 삼양라운드스퀘어 임원인사 삼양식품 이투데이
​
09:33:11 버크셔 알파벳 포지션 구축 애플 추가 축소 연합인포맥스
​
09:33:10 대봉엘에스 3분기 누적 매출 772억 역대 최대 대봉엘에스 파이낸셜뉴스
​
09:33:10 비싸도 흥행할 단지는 흥행 10월 청약경쟁률 2배 껑충 매일경제
​
09:33:07 일본·중국 갈등 격화 아시아 경제 불안 요인으로 급부상 올릭스 한국경제
​
09:33:07 에스투더블유 인터폴·유로폴 주도 국제 범죄 네트워크 와해 작전 참여 에스투더블유 이데일리
​
09:33:06 신한투자증권 발행어음 실사 완료 제재 넘어 인가 속도 연합인포
​
09:33:00 벨로크 +14 05% 상승폭 확대 벨로크 조선비즈
​
09:32:59 대웅제약 'K-AI 신약개발' 국책과제 연구기관 선정 대웅제약 머니투데이
​
09:32:58 파인텍 +3 98% 상승폭 확대 파인텍 조선비즈
​
09:32:55 (주)파인텍 단일판매ㆍ공급계약체결 파인텍 코스닥공시
​
09:32:53 파인텍 150억원 규모 OLED 제조장비 공급 계약 파인텍 이데일리
​
09:32:50 [특징주]국내 유일 양산용 PECVD 아이에스티이 SK하이닉스 공급 이어 글로벌 고객사向 공급 본격화에↑ 아이에스티이 이데일리
​
09:32:38 3000만원 요구 받은 김호중 소망교도소 직원은 왜 다가갔나 [종합] 매일경제
​
09:32:32 롯데지주(004990) 소폭 상승세 +3 00% 롯데지주 인포스탁
​
09:32:30 [인사] 삼양식품 오너3세 전병우 2년 만에 상무→전무 승진 삼양식품 인포스탁
​
09:32:26 교촌에프앤비 치킨프랜차이즈 업계 최초 국제표준 ISO27001′ 인증 획득 교촌에프앤비 조선비즈
​
09:32:25 'MAGA 간판' 그린 트럼프 '배신자' 낙인에 생명 위협 아시아경제
​
09:32:20 '다이소·올리브영 비켜라' 요즘 한국 오면 '이것'부터 산다 한국경제
​
09:32:18 iM증권 장애 예측 관리시스템 구축 등 IT인프라 고도화 추진 헤럴드경제
​
09:32:12 젠큐릭스(229000) 급등세 기록중 +24 51% 젠큐릭스 인포스탁
​
09:32:06 美 관세 中 경쟁 에 제조업↓ 서비스업↑ 한국 경제 부가가치 역전 디아이 헤럴드경제
​
09:32:05 통합 LCC 진에어·에어부산·에어서울 임직원 마라톤으로 원팀 결집 진에어 이투데이
​
09:32:04 고환율에 여행수요 감소까지 항공업 투자의견 '중립'-한국투자 대한항공 머니투데이
​
09:31:58 양자컴퓨터 내부를 그림처럼 재구성해 CT처럼 본다 이데일리
​
09:31:50 젠큐릭스 +27 27% 상승폭 확대 젠큐릭스 조선비즈
​
09:31:50 李 대통령 국정수행 지지율 54 5% 3주 만에 소폭 하락 [리얼미터] 조선비즈
​
09:31:49 전장연 시위로 4호선 혜화역 하행선 무정차 통과 파이낸셜뉴스
​
09:31:46 [인사] 삼양라운드스퀘어 삼양식품 뉴스핌
​
09:31:36 대전 꿈씨패밀리 서울 진출 서울경제
​
09:31:34 외국계 순매도 수량 상위 20선 - 코스피 삼성전자 조선비즈
​
09:31:34 외국계 순매도 수량 상위 20선 - 코스닥 아진산업 조선비즈
​
09:31:34 외국계 순매도 금액 상위 20선 - 코스피 삼성전자 조선비즈
​
09:31:33 외국계 순매도 금액 상위 20선 - 코스닥 알테오젠 조선비즈
​
09:31:33 외국계 순매수 수량 상위 20선 - 코스피 SK하이닉스 조선비즈
​
09:31:33 외국계 순매수 수량 상위 20선 - 코스닥 제이스코홀딩스 조선비즈
​
09:31:32 외국계 순매수 금액 상위 20선 - 코스피 SK하이닉스 조선비즈
​
09:31:32 외국계 순매수 금액 상위 20선 - 코스닥 에코프로비엠 조선비즈
​
09:31:24 코스닥 프로그램 순매도 상위종목 인포스탁
​
09:31:23 코스피 프로그램 순매도 상위종목 인포스탁
​
09:31:22 코스닥 프로그램 순매수 상위종목 인포스탁
​
09:31:21 코스피 프로그램 순매수 상위종목 인포스탁
​
09:31:21 [개장시황] 코스피 외국이 '사자'에 1%대 상승 삼성전자 뉴스핌
​
09:31:15 변동성완화장치(VI) 발동 종목 발동시간 기준 비나텍 인포스탁
​
09:31:14 변동성완화장치(VI) 발동 종목 발동횟수 기준 씨싸이트 인포스탁
​
09:31:13 美무역대표 EU 관세인하 너무 느려 무역은 여전히 화약고 연합뉴스
​
09:31:12 카카오모빌리티 미디어렙 3사와 '디지털 옥외광고' 연동 협력 뉴스핌
​
09:31:12 씨싸이트 +8 07% VI 발동 씨싸이트 조선비즈
​
09:31:10 씨싸이트 +6 22% 상승폭 확대 씨싸이트 조선비즈
​
09:31:09 美에 관세 '항복' 비판에 스위스 장관 악마에 영혼 안 팔았다 파이낸셜뉴스
​
09:31:07 김정관 美 200억달러 투자 韓 기업 우선 터프하게 관리 연합인포
​
09:31:00 비나텍 +11 70% VI 발동 비나텍 조선비즈
​
09:31:00 [개장시황] 코스피 외국인 '사자'에 1%대 상승 삼성전자 뉴스핌
​
09:30:54 긴장하는 반발 검사장들 정성호 징계설에 어떤 것이 좋은 방법인지 고민중 [세상&] 헤럴드경제
​
09:30:53 오름테라퓨틱 +7 29% 52주 신고가 오름테라퓨틱 조선비즈
​
09:30:52 KB자산운용 온국민·다이나믹 TDF 수탁고 2조 돌파 헤럴드경제
​
09:30:51 주요 가상화폐 일제 하락···비트코인 6개월래 최저 [디센터 시황] 서울경제
​
09:30:42 두 달간 사고만 10여 차례 위기의 한강버스 지방선거 뇌관되나 [논설실 Pick] 매일경제
​
09:30:40 '전국노래자랑 백댄서 논란' 광주 북구청장 심려 끼쳐 사과 한국경제
​
09:30:37 제44회 김수영문학상에 나하늘 시인 연합뉴스
​
09:30:35 기후변화 대응위해 문화유산 국내외 전문가 모인다 뉴스핌
​
09:30:35 'SK디스커버리' 52주 신고가 경신 전일 기관 대량 순매수 SK디스커버리 한국경제
​
09:30:33 카티스 3Q 누적 매출 185억원 전년比 5 2%↑ 글로벌 수주 증가 카티스 이데일리
​
09:30:30 S2W 인터폴·유로폴 주도 국제 범죄 네트워크 와해 작전 참여 에스투더블유 이데일리
​
09:30:25 코리아써키트2우B +3 16% 52주 신고가 조선비즈
​
09:30:25 코리아써키트2우B +21 65% 상승폭 확대 조선비즈
​
09:30:20 네패스(033640) 소폭 상승세 +4 86% 외국계 매수 유입 네패스 인포스탁
​
09:30:20 기보 신한銀과 베트남 진출기업 금융지원 '맞손' 아시아경제
​
09:30:12 한미사이언스(008930) 소폭 상승세 +3 31% 한미사이언스 인포스탁
​
09:30:11 KB證 경북 의성·전북 익산 아동양육시설 2곳 리모델링 ·냉난방기 지원 헤럴드경제
​
09:30:09 코스피 장초반 오름세 삼전·SK하이닉스 급등 컨슈머타임스
​
09:30:00 예비 유니콘 시나몬랩 신용보증기금 프리아이콘 최종 선정 조선비즈
​
09:30:00 창업보육센터서도 수입식품 영업 등록 가능해진다 연합뉴스
​
09:29:59 삼양라운드스퀘어 2026년 임원인사 전병우 COO 전무 승진 삼양식품 컨슈머타임스
​
09:29:57 한미사이언스 +0 98% VI 발동 한미사이언스 조선비즈
​
09:29:48 오전 9:30 현재 코스닥은 40:60으로 매수우위 매수강세 업종은 종이·목재업(1 26%↓) 그린광학 서울경제
​
09:29:45 오전 9:30 현재 코스피는 46:54으로 매수우위 매도강세 업종은 전기가스업(3 05%↑) 코리아써우 서울경제
​
09:29:40 [표] [채권계산 참고사항] 토지주택채권550(17일) 연합인포
​
09:29:38 특별기획전 개최 레이 헤럴드경제
​
09:29:35 [특징주] 노랑풍선 中 외교부 자국민 일본 여행 자제 권고에 '급등' 노랑풍선 컨슈머타임스
​
09:29:29 [특징주]'3분기 호실적' 영원무역 11%대 상승 영원무역 아시아경제
​
09:29:25 [속보]李대통령 G20 참석차 출국···아프리카·중동 4개국 순방 일정 시작 서울경제
​
09:29:10 금리 인하 안 되면? 변동성 커지는 시장엔 레버리지로 대응! SK하이닉스 한국경제
​
09:29:07 교원 빨간펜 2025 도요새잉글리시 말하기 대회 성료 헤럴드경제
​
09:29:06 日 닛케이 美 추가 금리 인하 기대 약화에 5만 선 하회 연합인포
​
09:29:05 [특징주] 현대오토에버 현대차그룹 투자 소식에 6%대 강세 현대오토에버 조선비즈
​
09:29:05 금호건설 쌀 40포대 서울 청암지역아동센터 기부 한국경제
​
09:28:55 HD현대미포(010620) 소폭 상승세 +3 03% 4거래일 연속 상승 HD현대미포 인포스탁
​
09:28:55 美 해군참모총장 HD현대重 방문 HD현대미포 헤럴드경제
​
09:28:50 與 김남근 새벽배송 금지 논쟁 바람직하지 않아 이데일리
​
09:28:49 CJ CGV(079160) 소폭 상승세 +3 25% 외국계 매수 유입 4거래일 연속 상승 CJ CGV 인포스탁
​
09:28:49 직방 10·15대책에도 청약 시장 활기 수요 분화·조정 과정 연합뉴스
​
09:28:43 [종합] 코스피 외인 '사자' 속 1%대 상승 출발 SK하이닉스 이투데이
​
09:28:39 나인테크(267320) 소폭 상승세 +4 95% 5거래일만에 반등 나인테크 인포스탁
​
09:28:38 인천공항 제2국제업무지역에 '신규 항공업무시설' 조성 파이낸셜뉴스
​
09:28:22 신세계 센텀시티 미국 아웃도어 헤리티지 브랜드 시에라디자인 선봬 신세계 헤럴드경제
​
09:28:11 [리포트 브리핑]이수페타시스 '병목 해소 퀘스트 완료' 목표가 140 000원 - NH투자증권 이수페타시스 뉴스핌
​
09:28:10 세브란스 연구팀 면역 기능 영향 주는 단백질 천식 치료에 효과 입증 디아이 헤럴드경제
​
09:27:59 코빗 코인 렌딩 서비스 개시 - 국내 최초 복합 담보 설정 도입 헤럴드경제
​
09:27:43 한류1위 인도네시아서 한국여행주간 12만명 운집 열광 헤럴드경제
​
09:27:39 韓 협력사 공급망 중요한 역할 BMW그룹 협력사의 날 행사 개최 아시아경제
​
09:27:32 BMW 2025 BMW 그룹 협력사의 날 행사 개최 이데일리
​
09:27:31 [특징주] 농심 3분기 실적 호조에 9%대 강세 농심 조선비즈
​
09:27:30 로킷헬스케어 동결경화 기술 관련 中 원천특허 등록 주가 급등 로킷헬스케어 한국경제
​
09:27:30 에쓰오 삼성SDS와 통합 ITO 계약 체결 이데일리
​
09:27:30 에쓰오일 삼성SDS와 통합 ITO 계약 체결 이데일리
​
09:27:22 현대자동차 '더 뉴 아반떼 N TCR' '2025 TCR 월드투어' 최종전 우승 파이낸셜뉴스
​
09:27:17 롯데건설 샤워의자 엔젤시트 2025 굿디자인 어워드 동상 수상 이투데이
​
09:27:14 한국캐피탈 3Q 누적 순익 727억 전년 동기 대비 20%↑ 한국캐피탈 아시아경제
​
09:27:11 EY한영 최우수 기업가상 정몽원 HL그룹 회장 선정 HL만도 헤럴드경제
​
09:27:09 코스피 외국인·기관 매수 1%대 상승 고점 상향 돌파 여부 주목 삼성전자 인포스탁
​
09:27:07 조이웍스앤코 -4 63% VI 발동 조이웍스앤코 조선비즈
​
09:27:06 李대통령 UAE 향발 아프리카·중동 4개국 순방 시작 파이낸셜뉴스
​
09:27:04 [리포트 브리핑]솔브레인 '시간이 조금 더 필요해' 목표가 315 000원 - NH투자증권 솔브레인 뉴스핌
​
09:27:00 배당정책 드라이브 본격화 고배당 테마 지금이 기회다 삼성전자 아시아경제
​
09:26:56 매킬로이 DP 월드투어 올해의 선수 4연패 시즌 최종전은 2위 조선비즈
​
09:26:54 농심 가격 인상 효과 본격화 등 실적 개선 기대감 속 9%대 강세[특징주] 농심 이데일리
​
09:26:50 삼성SDS 에쓰오일 IT 통합운영 3년 계약 체결 S-Oil 서울경제
​
09:26:43 무임손실 국비보전 법제화 부산교통공사 국민동의 청원 캠페인 파이낸셜뉴스
​
09:26:31 로킷헬스케어 中 동결 경화 바이오프린터 원천 특허 등록 소식에 22%↑[특징주] 로킷헬스케어 이데일리
​
09:26:29 파주시 노인맞춤돌봄서비스 전국 우수 기관 선정 파이낸셜뉴스
​
09:26:27 [속보] 李 G20 참석차 출국 중동·아프리카 4개국 순방 한국경제
​
09:26:26 [특징주]이수페타시스 증권가 목표가 줄상향에 급등 이수페타시스 아시아경제
​
09:26:12 이 대통령 관봉권 띠지·쿠팡 외압 의혹 상설특검에 안권섭 임명 뉴스토마토
​
09:26:10 제주항공 객실승무원 어린이 항공안전 선생님으로 제주항공 파이낸셜뉴스
​
09:26:02 삼성SDS 3년간 에쓰오일 IT 통합 운영 책임진다 연합인포
​
09:26:00 SK디스커버리 +3 84% 52주 신고가 SK디스커버리 조선비즈
​
09:25:54 정관장 '2025 UN청소년환경총회' 공식 후원 파이낸셜뉴스
​
09:25:45 삼양라운드스퀘어 2026년 임원인사 단행 '삼양식품 3세' 전병우 전무 승진 삼양식품 뉴스핌
​
09:25:44 신임 산림청 차장에 산림산업정책국장 임명 파이낸셜뉴스
​
09:25:44 한화로보틱스 AI-로봇 테크 커넥트 세미나 개최 제조 혁신 협력 확대 조선비즈
​
09:25:43 아이티켐 -2 85% VI 발동 아이티켐 조선비즈
​
09:25:39 나이스정보통신(036800) 상승폭 확대 +8 31% 나이스정보통신 인포스탁
​
09:25:37 교촌 업계 최초 ISO27001 인증 정보보호체계 인정 교촌에프앤비 헤럴드경제
​
09:25:34 한국 코카콜라 이준엽 신임 대표이사 선임 서울경제
​
09:25:32 [서환] 당국개입 따른 급락 이후 일부 되돌림 0 80원↑ 연합인포
​
09:25:31 [서환] 당국개입 따른 급락 이후 일부 되돌림 0 80원↑ 연합인포맥스
​
09:25:29 '외인'이 사는 코스피 '개인'이 사는 코스닥 SK하이닉스 머니투데이
​
09:25:23 기아 인증 중고차 PBV 한 곳에서 만난다 평택에 거점 개소 머니투데이
​
09:25:21 한국네트웍스 'ASOCIO 어워드' 우수기술기업상 수상···AI 기반 스마트물류 혁신 성과 한국앤컴퍼니 이투데이
​
09:25:20 '투자주체별 매매동향 / 프로그램 매매동향 인포스탁
​
09:25:19 [게시판] 한솔홈데코 디지털프린팅 적용 'SB스톤 스퀘어800' 출시 연합뉴스
​
09:25:07 美무역대표 EU 관세·규제 여전 무역합의 이행 압박 아시아경제
​
09:25:06 [기자수첩] 논란만 남긴 '대장동 항소 포기' 책임은 누가? 뉴스핌
​
09:25:04 S-OIL 삼성SDS와 통합 ITO 계약 체결··· 디지털 혁신 가속화 S-Oil 서울경제
​
09:25:00 쿠콘 3분기 영업익 48억 전년비 6 3% 증가 웹케시 아시아경제
​
09:25:00 투자금 4배 금리는 4%대! 반대매매 위기? 오늘 안에 해결 이뮨온시아 서울경제
​
09:24:52 전장연 출근길 탑승시위 4호선 혜화역 하행선 무정차 통과 아시아경제
​
09:24:51 동일스틸럭스 -9 92% VI 발동 동일스틸럭스 조선비즈
​
09:24:44 싸이토젠 +8 10% VI 발동 싸이토젠 조선비즈
​
09:24:41 KCC글라스 '2025 대한민국 실내건축대전' 성료 아시아경제
​
09:24:35 KB국민은행 관세 피해 기업 지원 맞춤형 컨설팅 헤럴드경제
​
09:24:34 KB자산운용 온국민TDF 2055 수탁고 2조 돌파 5년 수익률 115%로 1위 이투데이
​
09:24:22 LG유플러스 '2025년 6G 백서' 발간 통신·센싱 융합 기술 소개 LG유플러스 뉴스핌
​
09:24:20 레인보우로보틱스 'AI 4족보행 로봇' 韓 10대 기계기술 선정 이데일리
​
09:24:15 일본전 2경기서 23사사구 허용 치명적 약점 노출한 한국 마운드 뉴스핌
​
09:24:15 [특징주] 그린광학 코스닥 상장 첫날 공모가 대비 80%대 상승 그린광학 연합뉴스
​
09:24:12 (특징주) 그린광학 상장 첫날 급등 뉴스토마토
​
09:23:53 신한투자증권 주식모으기 정기투자서비스 고도화 컨슈머타임스
​
09:23:53 대전 꿈씨패밀리 서울 진출 지역홍보 나서 동서 헤럴드경제
​
09:23:52 李 지지율 2 2%p↓ 54 5% 대장동 항소 포기 영향 [리얼미터] 한국경제
​
09:23:49 아이디어스 오뚜기 라면 IP 활용한 핸드메이드 19종 출시 아시아경제
​
09:23:46 소아 천식 치료제 스테로이드 골절 위험 최대 3배 높여 이데일리
​
09:23:45 코스피 AI 버블 우려 완화에 반등 SK하이닉스 5%대 강세 한국경제
​
09:23:45 법인 정보만으로 입점 틱톡 K-브랜드 동남아 진출 '관문' 확 낮췄다 머니투데이
​
09:23:41 KODEX 미국나스닥100 올해 개인순매수 1조 돌파 KODEX 미국나스닥100 파이낸셜뉴스
​
09:23:29 서울시 모아타운 법령 궁금증 해소···질의회신 사례집 발간[집슐랭] 서울경제
​
09:23:23 [윤영숙의 시선] 우리에게 '사이언스 캐피털'은 있는가 연합인포
​
09:23:20 나라가 범죄자 저수지 돼 국힘 용산 몰려가 '대장동 항소 포기' 성토 머니투데이
​
09:23:16 '시장이 방향성을 확신하지 못하는 BUZZ-USD/JPY 혼조세 로이터뉴스
​
09:23:14 설화수 매화의 아름다움 담은 '2025 홀리데이 컬렉션' 출시 컨슈머타임스
​
09:23:09 동서식품 '카누 바리스타' 신제품 캡슐·머신 출시 라인업 확대 동서 인포스탁
​
09:23:08 [TOP's Pick] [유통] 무신사 스탠다드 올해 누적 방문객 2000만명 돌파 外 해태제과식품 인포스탁
​
09:23:07 기아 인증중고차 평택 직영점 개소 전용 시승 트랙 마련 연합뉴스
​
09:23:06 [특징주] 반도체 투심 돌아온다 삼성전자·하이닉스 강세 인포스탁
​
09:23:06 CJ메조미디어 타겟픽 카카오모빌리티 카카오T RSE 와 제휴 이데일리
​
09:23:04 日외무성 국장 오늘 中 방문 갈등 진정될까 파이낸셜뉴스
​
09:23:04 지난 금요일 환율급등에 당국 개입 원·달러 환율 1450원대 회복 삼양식품 한국경제
​
09:23:04 대만 유사시 개입 에 목 베어버릴 수 밖에 日외무성 국장 중국행 파이낸셜뉴스
​
09:23:03 성수동에 대형 호찜이 SPC삼립 무신사와 팝업 스토어 개장 조선비즈
​
09:23:01 LG유플러스 통신-센싱 융합 6G 미래 인프라 비전 제시 LG유플러스 서울경제
​
09:22:56 런던베이글뮤지엄 근로환경 개선 계획 발표 근본부터 재점검 조선비즈
​
09:22:52 아주스틸 +9 60% VI 발동 아주스틸 조선비즈
​
09:22:50 풀무원(017810) 소폭 상승세 +5 82% 풀무원 인포스탁
​
09:22:50 KB오토텍 국내 최초 전기버스용 BTMS 히트 펌프 시스템 개발 이투데이
​
09:22:47 국경을 초월한 K-영웅을 찾습니다 자생한방병원 제5회 보훈 콘텐츠 공모전 아시아경제
​
09:22:43 링크솔루션(474650) 상승폭 확대 +6 50% 링크솔루션 인포스탁
​
09:22:36 장동혁 추징보전 해체 요청한 남욱 두목 믿고 날뛰는 조폭 아시아경제
​
09:22:36 BMW그룹코리아 '2025 BMW 그룹 협력사의 날' 행사 개최 한국경제
​
09:22:31 패딩 입어야 하나 광주·전남 초겨울 날씨 이어진다 카카오 헤럴드경제
​
09:22:30 한일 양국 中企 2세 한자리에 모여 '가업 승계' 논의 아시아경제
​
09:22:26 한국카본 -9 39% VI 발동 한국카본 조선비즈
​
09:22:23 S-OIL 삼성SDS와 통합 IT 아웃소싱 계약 체결 S-Oil 인포스탁
​
09:22:22 청주 성화근린공원 무장애 숲으로 재탄생 뉴스핌
​
09:22:19 '텔레칩스 오픈소스 국제표준 'ISO/IEC 5230' 인증 텔레칩스 파이낸셜뉴스
​
09:22:17 롯데건설 샤워의자 엔젤시트 굿디자인 어워드 동상 수상 매일경제
​
09:22:16 케데헌 OST 빌보드 앨범차트 3위 TXT 연준 10위 진입 조선비즈
​
09:22:12 현대로템 협력업체와 동반성장 생태계 강화 현대로템 서울경제
​
09:22:09 기아 평택에 인증중고차 센터·PBV 익스피리언스 센터 개소 기아 아시아경제
​
09:21:57 기아 인증중고차 센터 평택 직영점·PBV 익스피리언스 센터 개소 파이낸셜뉴스
​
09:21:39 넥슨 메이플스토리 '단풍잎 놀이터' 2호 2025 행정안전부 우수 어린이 놀이시설 선정 넥슨게임즈 인포스탁
​
09:21:35 (주)한국카본 주식선물 2단계 가격제한폭 확대요건 도달(하락) 한국카본 파생상품공시
​
09:21:34 '런던베이글뮤지엄' 강관구 엘비엠 대표 실망드려 죄송 12월 중 HR 전문가 영입 뉴스핌
​
09:21:32 美USTR 대표 EU 관세·규제 완화 더뎌 불균형적 경고 뉴스핌
​
09:21:15 휴온스글로벌(084110) 소폭 상승세 +4 99% 휴온스글로벌 인포스탁
​
09:21:12 코스피 외인 매수에 강세 코스닥은 보합 뉴스토마토
​
09:21:11 랩지노믹스 3분기 별도 영업이익 흑자전환 경영 효율화·매출 채널 다변화로 실적 개선 랩지노믹스 아시아경제
​
09:21:11 '코오롱생명과학' 52주 신고가 경신 전일 외국인 대량 순매수 코오롱생명과학 한국경제
​
09:21:09 오뚜기X아이디어스 라면 IP 활용 핸드메이드 작품 19종 출시 오뚜기 인포스탁
​
09:21:08 이스타항공 인천·김해공항서 코트룸 서비스 이데일리
​
09:21:07 강동구 고덕 동명근린공원 부지에 축구장·주차장 건립 연합뉴스
​
09:21:05 보성 오봉산·여수 거문도 수월산 일대 명승됐다 뉴스핌
​
09:20:59 카카오뱅크 '저금통 with CJ' 출시 열 번째 브랜드 저금통 카카오뱅크 인포스탁
​
09:20:56 게임 축제 지스타 4일간 20만명 찾았다 이데일리
​
09:20:50 카티스 3분기 누적 매출 185억원 글로벌 데이터센터 수주가 견인 카티스 이데일리
​
09:20:46 엘앤케이바이오 -7 41% VI 발동 엘앤케이바이오 조선비즈
​
09:20:42 농협은행 NH포인트 기부 이벤트 실시 아시아경제
​
09:20:37 SK디스커버리(006120) 소폭 상승세 +3 04% SK디스커버리 인포스탁
​
09:20:26 레인보우로보틱스 AI 4족보행 로봇 '올해 10대 기계기술' 선정 연합뉴스
​
09:20:25 KB금융 임원ㆍ주요주주 특정증권등 소유주식수 변동 KB금융 인포스탁
​
09:20:25 [속보]삼양식품 '오너 3세' 전병우 상무 전무로 승진 머니투데이
​
09:20:22 벨로크(424760) 급등세 기록중 +28 55% VI발동 52주 신고가 벨로크 인포스탁
​
09:20:22 하이퍼코퍼레이션 -13 31% VI 발동 하이퍼코퍼레이션 조선비즈
​
09:20:21 SG 친환경 K아스콘 韓-美 동맹 글로벌 시장 공략 시동 SG 머니투데이
​
09:20:20 [속보] 李대통령 UAE로 출발 7박10일 순방 시작 뉴스핌
​
09:20:15 에쓰오일 삼성SDS와 통합 ITO 계약 체결 S-Oil 이투데이
​
09:20:15 GS25 블랙프라이데이 주류 행사 '2025 와와페' 연합뉴스
​
09:20:06 HDC현대산업개발 울산 '태화강 센트럴 아이파크' 12월 분양 뉴스핌
​
09:20:02 인베스트리에셋 표용호 애널리스트 영입 리서치 역량 강화 이데일리
​
09:20:01 제조혁신 미래 여는 '대구국제기계산업대전' 개최 파이낸셜뉴스
​
09:19:57 한화 라이프플러스 'LIFEPLUS NY 2025' 성료 컨슈머타임스
​
09:19:57 통위(600438 SH) 반과당경쟁 실시로 가격 상승 비중확대 연합인포맥스
​
09:19:54 올해 김장비 전통시장 35만원 대형마트보다 4 2만원 싸다 이데일리
​
09:19:54 여기가 4 2만원 싸다 올해 김장 비용 아끼려면 이데일리
​
09:19:44 트럼프 스위스·리히텐슈타인과 무역협상 발표 연합인포맥스
​
09:19:44 벨로크 +28 55% 52주 신고가 벨로크 조선비즈
​
09:19:33 에쓰오일 삼성SDS와 통합 ITO 계약 체결 S-Oil 파이낸셜뉴스
​
09:19:32 싱가포르 PDG 한국에 첫 데이터센터 착공 1조원 투자 연합뉴스
​
09:19:31 엔비디아 실적 AI 랠리 위한 중대 고비 주목할 부분은 연합인포
​
09:19:30 중국 관영매체들 일제히 일본 비난 머리 깨져 피 흘릴 것 뉴스핌
​
09:19:29 엔젠바이오 +9 69% VI 발동 엔젠바이오 조선비즈
​
09:19:29 한미반도체 마이크론 탑 서플라이어 수상 한미반도체 헤럴드경제
​
09:19:22 정성호 법무장관 '검사장 징계 검토' 질문에 가장 좋은 방법 고민 구자현 대행은 '침묵' 뉴스핌
​
09:19:17 [인사] 삼양라운드스퀘어 이데일리
​
09:19:16 경찰 '서부지법 난동 배후 의혹' 전광훈 목사 18일 소환(종합) 연합뉴스
​
09:19:15 에너지 정보 한눈에···SK이노베이션 새 뉴스룸 ASK inno 오픈 SK이노베이션 서울경제
​
09:19:14 [속보] 李 G20 참석차 출국 중동·아프리카 4개국 순방 한국경제
​
09:19:12 라파스 3분기 누적 매출 248억원 최대 실적 달성 라파스 이데일리
​
09:19:01 [속보] G20 참석 李대통령 UAE로 출국 서울경제
​
09:19:00 대웅제약 '역이행 연구' AI 플랫폼 개발 국가 과제 선정 대웅제약 컨슈머타임스
​
09:19:00 정성호 법무장관 '검사장 징계 검토' 질문에 가장 좋은 방법 고민 구자현 대행은 '침묵' 뉴스핌
​
09:18:57 하반기 육상풍력 230㎿ 경쟁입찰 공고 해상풍력도 곧 진행 이데일리
​
09:18:55 현지화 전략이 답 LIG넥스원 해외 JV 설립한다 [비즈360] LIG넥스원 헤럴드경제
​
09:18:54 [특징주] 중국의 일본행 자제 권고 반사이익? 여행株 상승 노랑풍선 연합뉴스
​
09:18:50 [TOP's Pick] 한울반도체 MLCC 기술 기반 인덕터 외관검사기 개발 한울반도체 인포스탁
​
09:18:47 라온시큐어 보안 인재 디지털 이노베이션 어워드 서 과기정통부 장관 표창 라온시큐어 이데일리
​
09:18:39 '면비디아' 라면주 랠리 계속되나 삼양식품·농심 동반 강세 삼양식품 머니투데이
​
09:18:36 제주항공 스타필드 일산서 어린이 안전교실 제주항공 이데일리
​
09:18:29 kt 스튜디오지니 2025년 드라마 4연타 흥행 이데일리
​
09:18:28 TYM 3분기 영업이익 159억 흑자 전환 조선비즈
​
09:18:27 코스피 상승 출발해 4050선 반도체주 강세 삼성전자 조선비즈
​
09:18:25 현대해상 안정적인 실적 흐름 투자의견·목표가 상향-삼성 현대해상 인포스탁
​
09:18:23 '모바일 단말기 제조사' 알트 스팩 상장 첫날 기준가 대비 6%대↓[특징주] 알트 이데일리
​
09:18:18 '코리아써키트' 52주 신고가 경신 기관 4일 연속 순매수(47 0만주) 코리아써키트 한국경제
​
09:18:14 버즈-호주의 아이페리온X 공매도 신고에 대응하며 하락세 로이터뉴스
​
09:18:13 보로노이 +5 49% 52주 신고가 보로노이 조선비즈
​
09:18:11 <유>코리아써우 상한가 진입 +29 97% ↑ 코리아써우 서울경제
​
09:18:08 코오롱생명과학 +4 81% 52주 신고가 코오롱생명과학 조선비즈
​
09:18:03 코리아써우 +29 97% 상한가 코리아써우 조선비즈
​
09:17:55 젠큐릭스 -0 07% VI 발동 젠큐릭스 조선비즈
​
09:17:51 비트코인 年수익률 마이너스 전환 기로 9만3000달러도 이탈 [투자360] 헤럴드경제
​
09:17:48 한국네트웍스 'ASOCIO 어워드' 우수기술기업상 AI 혁신 인정 뉴스핌
​
09:17:43 부산 에코델타 스마트시티 조성 본격화 로봇이 순찰 돌고 청소까지 파이낸셜뉴스
​
09:17:43 현대글로비스 K-방산 화물 폴란드 운송 특수화물 글로벌 경쟁력 입증 현대글로비스 이투데이
​
09:17:41 폴라리스오피스 3분기 매출 2390억원 전년비 18% 증가 폴라리스오피스 뉴스핌
​
09:17:41 한국해군 日자위대에 이달 공동수색훈련 보류 의사 전달 요미우리 공중급유 거부 영향 매일경제
​
09:17:37 [마켓인]칼라일 러 루코일 해외 자산 인수 타진 이데일리
​
09:17:35 영원무역홀딩스(009970) 소폭 상승세 +3 09% 3거래일 연속 상승 영원무역홀딩스 인포스탁
​
09:17:32 '원/달러 환율 달러 강세에 장 초반 소폭 상승 연합뉴스
​
09:17:31 한국코카콜라 이준엽 신임 대표이사 선임 연합뉴스
​
09:17:29 오스코텍(039200) 소폭 상승세 +3 05% 52주 신고가 4거래일 연속 상승 오스코텍 인포스탁
​
09:17:29 현대로템 주요 협력업체와 동반성장 및 상생협력 생태계 강화 현대로템 뉴스핌
​
09:17:27 (주)영원무역 주식선물 2단계 가격제한폭 확대요건 도달(상승) 영원무역 파생상품공시
​
09:17:20 [인사] 삼양라운드스퀘어 삼양식품 컨슈머타임스
​
09:17:18 '앱클론' 52주 신고가 경신 전일 외국인 대량 순매도 앱클론 한국경제
​
09:17:03 보로노이(310210) 소폭 상승세 +3 43% 보로노이 인포스탁
​
09:17:02 엘링 홀란 8경기 16골 원맨쇼 노르웨이 28년 만에 월드컵 본선 진출 조선비즈
​
09:17:02 미스토홀딩스 3분기 영업익 1319억원 전년 대비 41 2% ↑ 컨슈머타임스
​
09:16:59 삼성전자 올해 R&D비용 역대최대 전망 기술패권 굳힌다 삼성전자 헤럴드경제
​
09:16:57 KCC글라스 홈씨씨 2025 대한민국 실내건축대전 시상식 성료 KCC글라스 이투데이
​
09:16:56 AI 신약개발 혁신 이끈다 대웅제약 K-AI 국책과제 연구기관 선정 아시아경제
​
09:16:54 교보생명 임직원 가족 초청 행사 '교보 패밀리 데이' 개최 컨슈머타임스
​
09:16:54 엔비디아 네이버와 '게임 체인지 프로모션' 연합뉴스
​
09:16:51 中증시에 '외국인' 자금 4년 만에 최대 일등공신 '개미' 아시아경제
​
09:16:46 코오롱생명과학(102940) 소폭 상승세 +4 27% 4거래일 연속 상승 코오롱생명과학 인포스탁
​
09:16:45 뉴스캐스트 - 영국 기업 폭풍 클라우디아로 인한 홍수 피해 비용 계산하기 로이터뉴스
​
09:16:44 피엔케이피부임상연구센타 3분기 누적 170억 최대 실적 청신호 피엔케이피부임상연구 파이낸셜뉴스
​
09:16:22 [리포트 브리핑]HPSP '3Q25 Review: 2026년을 기다리며' 목표가 40 000원 - NH투자증권 HPSP 뉴스핌
​
09:16:22 [리포트 브리핑]태웅 '단기 실적보다 장기 성장 궤적이 더 중요' 목표가 38 000원 - NH투자증권 태웅 뉴스핌
​
09:16:22 [리포트 브리핑]서부T&D '호재의 물결' 목표가 13 500원 - NH투자증권 서부T&D 뉴스핌
​
09:16:20 불륜 사산아 냉동실 유기하고도 구속 면했던 귀화 여성 잠적 매일경제
​
09:16:15 '올릭스' 52주 신고가 경신 RNA의 꿈 - 현대차증권 BUY 올릭스 한국경제
​
09:16:08 '저금통'에 CJ 혜택 더했다 카카오뱅크 '저금통 with CJ' 출시 뉴스핌
​
09:16:07 쿠콘 3분기 영업익 47 9억원 전년 동기 대비 6 3%↑ 파이낸셜뉴스
​
09:16:07 '영원무역' 52주 신고가 경신 10년 만에 상방이 뚫린다 - NH투자증권 BUY 영원무역 한국경제
​
09:16:03 알파칩스 국방 및 AI 반도체 연구 위한 산학연 MOU 체결 알파칩스 인포스탁
​
09:16:00 배당정책 드라이브 본격화··· 고배당 테마 지금이 기회다 큐리오시스 서울경제
​
09:15:59 디앤디파마텍(347850) 소폭 상승세 +3 16% 5거래일 연속 상승 디앤디파마텍 인포스탁
​
09:15:55 아이페리온X 거래 중단 후 주가 24% 급락으로 공매도 보고서 발표 로이터뉴스
​
09:15:54 경찰 서부지법 폭동 배후 의혹 전광훈 소환 서울경제
​
09:15:45 대전시 공영 수소충전소 수소 판매단가 조정 서산 헤럴드경제
​
09:15:40 [속보]이재명 대통령 UAE로 출국···4개국 순방 일정 시작 머니투데이
​
09:15:33 안다르 국보법 위반 창업자 남편 회사와 무관?2021년 사임 대현 헤럴드경제
​
09:15:33 국민은행 관세 피해 수출기업 100개사에 맞춤형 컨설팅 지원 머니투데이
​
09:15:32 정성호 내부 반발 검사장 징계 관련 검찰 안정에 어떤 게 좋은지 고민 조선비즈
​
09:15:31 삼성SDS S-OIL IT 통합 운영 계약 체결 삼성에스디에스 이데일리
​
09:15:29 '한양이엔지' 52주 신고가 경신 전일 외국인 대량 순매수 한양이엔지 한국경제
​
09:15:28 모코엠시스 3분기 매출 219억· 영업이익 30% 증가 성장세 지속 모코엠시스 이데일리
​
09:15:28 모코엠시스 3분기 매출 219억· 영업이익 30% 증가 성장세 지속 이데일리FX
​
09:15:24 LS일렉트릭 1100억원 규모 美 데이터센터 전력 인프라 사업 수주 조선비즈
​
09:15:24 LS일렉트릭 1100억원 규모 美 데이터센터 전력 인프라 수주 조선비즈
​
09:15:18 [리포트 브리핑]영원무역 '10년 만에 상방이 뚫린다' 목표가 100 000원 - NH투자증권 영원무역 뉴스핌
​
09:15:18 [리포트 브리핑]미스토홀딩스 '본업 실적 우상향' 목표가 54 000원 - NH투자증권 미스토홀딩스 뉴스핌
​
09:15:18 [리포트 브리핑]대주전자재료 '전사 실적은 우수하나' 목표가 99 000원 - NH투자증권 대주전자재료 뉴스핌
​
09:15:17 잔돈 모아 올리브영 혜택 받으세요 카뱅 '저금통 with CJ' 출시 머니투데이
​
09:15:11 '고양콘' 효과로 109억 매출···공연이 도시경제 견인 '페스타노믹스' 실현 서울경제
​
09:15:02 저거 쥐야? 붕어빵 자리에 회색 물체가 길거리음식 위생 어쩌나 머니투데이
​
09:15:02 저거 쥐야? 붕어빵 기계 위에서 '킁킁 쩝쩝' 노점 위생 '도마 위' 머니투데이
​
09:15:00 [속보] 李대통령 서울공항서 UAE로 출발 7박10일 순방 시작 헤럴드경제
​
09:14:56 집값 30억 찍더니 내 사돈도 같은 아파트 살았으면 한국경제
​
09:14:52 삼성자산운용 KODEX 미국나스닥100 올해 개인 순매수 1조 돌파 KODEX 미국나스닥100 헤럴드경제
​
09:14:50 카카오모빌리티 KT나스미디어-CJ메조미디어-인크로스와 옥외매체 실시간 연동 4자 MOU SK네트웍스 이데일리
​
09:14:46 KX 3분기 누적 매출액 2537억원 달성 KX 뉴스핌
​
09:14:42 니트 텀블러와 평온한 연말되세요 스타벅스 '버디 위크' 진행 파이낸셜뉴스
​
09:14:41 'JW생명과학' 52주 신고가 경신 전일 외국인 대량 순매수 JW생명과학 한국경제
​
09:14:40 영등포구 지식산업센터 입주 업종 확대 핀테크 스타트업 등 디오 헤럴드경제
​
09:14:37 올릭스(226950) 소폭 상승세 +3 95% 올릭스 인포스탁
​
09:14:33 에스투더블유 인터폴·유로폴 글로벌 합동작전 참여 아시아경제
​
09:14:32 열쇠공 불러 남의 식당 문 딴 남성 선처할 생각 없냐 오히려 큰소리 파이낸셜뉴스
​
09:14:31 [특징주] 영원무역 3분기 영업익 시장 기대치 상회 1년 중 최고가 영원무역 조선비즈
​
09:14:28 삼성 광주에 세계공조 생산라인 추진 지역민 대환영 한화 헤럴드경제
​
09:14:26 하나금융 발달장애 예술가 미술공모전 '제5회 하나 아트버스' 개최 머니투데이
​
09:14:14 '오스코텍' 52주 신고가 경신 전일 기관 대량 순매수 오스코텍 한국경제
​
09:14:13 레인보우로보틱스 RBQ 시리즈 '올해의 10대 기계기술' 선정 레인보우로보틱스 인포스탁
​
09:14:13 특별한 날도 새벽배송 쿠팡 프리미엄 프레시위크 연다 이데일리
​
09:14:10 잔돈 모으고 올리브영 할인도 카카오뱅크 '저금통 with CJ' 출시 카카오뱅크 이데일리
​
09:14:05 한울소재과학 자회사 JKM 中서 OLED 소재 수주 글로벌확대 한울소재과학 머니투데이
​
09:14:01 아우디 코리아 아우디 수성 전시장 리뉴얼 오픈 컨슈머타임스
​
09:13:59 일동홀딩스(000230) 소폭 상승세 +4 04% 일동홀딩스 인포스탁
​
09:13:58 또라이 중에 상또라이 사장 폭언에 '못 참아' 금융치료 나섰다 [김대영의 노무스쿨] 한국경제
​
09:13:56 한국투자증권 ELW 517종목 신규 상장 SK하이닉스 헤럴드경제
​
09:13:53 미스토홀딩스(081660) 소폭 상승세 +3 11% 미스토홀딩스 인포스탁
​
09:13:51 뉴질랜드 美 일부 농축산물 관세 폐지 환영 파이낸셜뉴스
​
09:13:50 홈캐스트 AI 기업 '제네시스랩'과 손잡고 AI 전환·헬스케어 신사업 진출 홈캐스트 이데일리
​
09:13:40 [특징주] 초정밀 광학 시스템 그린광학 코스닥 입성 첫날 따블 조선비즈
​
09:13:38 107년 전 창녕 가야 무덤서 찾은 '글자' CT 촬영 거쳐 재판독 연합뉴스
​
09:13:37 한전 CES 2026서 '혁신상 5관왕' 글로벌 전력유틸리티 최초 기록 인포스탁
​
09:13:34 KB국민은행 관세 피해 기업 지원 맞춤형 컨설팅 아시아경제
​
09:13:31 현대차 전·현직 카마스터와 함께 소아암 환아에 후원금 전달 현대차 이투데이
​
09:13:29 트럼프 베네수엘라 마두로와 대화 할 수 있다고 말하다 로이터뉴스
​
09:13:26 박주민 한강버스·서울링은 본인 위한 오세훈표 사업 전면 재검토 [요즘여의섬] 매일경제
​
09:13:26 박주민 한강버스·서울링은 본인 위한 오세훈표 사업 전면 재검토 [요즘여의섬] 매일경제
​
09:13:24 한국공항공사 국내 최초 'UAM 2단계 실증' 성공 파이낸셜뉴스
​
09:13:23 '이수페타시스' 52주 신고가 경신 전일 외국인 대량 순매수 이수페타시스 한국경제
​
09:13:22 [특징주] 삼양식품 증권가 목표가 줄상향에 7%대 강세 삼양식품 조선비즈
​
09:13:17 그린광학 코스닥 상장 첫날 기준가 대비 129%↑[특징주] 그린광학 이데일리
​
09:13:06 한국 코카콜라 이준엽 신임 대표이사 선임 파이낸셜뉴스
​
09:13:04 '기술-상품 장중 목표/주요 레벨 로이터뉴스
​
09:13:02 제1198회 로또 1등 10명 자동 7곳·수동 3곳에서 행운 HLB 한국경제
​
09:13:01 LS일렉 1100억 규모 북미 DC 전력 인프라 사업 추가 수주 LS ELECTRIC 서울경제
​
09:12:50 [스코프노트] 에스엠: 4Q~2026년 대형 IP 컴백·투어로 성장 모멘텀 확대 에스엠 이데일리
​
09:12:49 퓨릿(445180) 상승폭 확대 +7 94% 3거래일 연속 상승 퓨릿 인포스탁
​
09:12:44 가볍게 떠나세요 이스타항공 인천·김해공항 코트룸 서비스 할인 한국경제
​
09:12:43 [에너지 메가트렌드] 美 최대 전력업체 '넥스트에라 에너지' 어떤 기업인가? 머니투데이
​
09:12:36 코스피 변동성 장세 진행형 반도체 저가 매수에 4 060선 상승 연합인포
​
09:12:25 코오롱(002020) 소폭 상승세 +4 05% 코오롱 인포스탁
​
09:12:20 비나텍(126340) 상승폭 확대 +8 49% 5거래일만에 반등 비나텍 인포스탁
​
09:12:14 LG유플 6G 백서 발간 통신·센싱 융합한 인프라 비전 제시 이투데이
​
09:12:13 코오롱인더(120110) 상승폭 확대 +6 07% 코오롱인더 인포스탁
​
09:12:10 [속보] 정성호 법무·檢 안정이 우선 가장 좋은 방법 고민 한국경제
​
09:12:07 동국제약(086450) 소폭 상승세 +3 27% 동국제약 인포스탁
​
09:12:07 '브이엠' 52주 신고가 경신 전일 기관 대량 순매수 브이엠 한국경제
​
09:12:04 유안타증권 삼양식품 글로벌 수요 구조적 확대···목표가 200만원 삼양식품 이투데이
​
09:12:02 마카체프 UFC 웰터급마저 정복 최다연승도 눈앞 헤럴드경제
​
09:11:58 코스피 'AI 버블' 우려딛고 4 070대 상승 출발 코스닥도 올라 연합뉴스
​
09:11:57 삼성운용 KODEX미국나스닥100올해 개인순매수1조원 돌파 뉴스핌
​
09:11:50 제천시장배 전국 e-스포츠대회 내달 20일 개최 뉴스핌
​
09:11:43 브이엠(089970) +9 43% 유니셈 +6 54% 아이에스티이 +6 93% 하나마이크론 +6 33% 티에스이 +5 10% 브이엠 인포스탁
​
09:11:43 헤지펀드 매니저 댄 로브 빅테크 투자 확대 MS 지분 2배 늘려 연합인포
​
09:11:42 양천구 신정동서 버스 등 7대 연쇄추돌 14명 다쳐 연합뉴스
​
09:11:39 '삼영' 52주 신고가 경신 전일 기관 대량 순매수 삼영 한국경제
​
09:11:30 美데이터센터 밀집 주 전기요금 15% 이상 올랐다 서한 헤럴드경제
​
09:11:28 농심 130㎉ 누들핏 새우탕맛 출시 조선비즈
​
09:11:28 국힘 대통령실 앞서 '항소포기' 규탄 국정조사 수용하라 연합뉴스
​
09:11:26 '씨어스테크놀로지' 52주 신고가 경신 '스마트 병동' 시대를 선도하는 기업 - 유진투자증권 BUY(신규) 한국경제
​
09:11:26 [게시판] 제48회 한국에너지대상 개최 24명에 정부포상 연합뉴스
​
09:11:23 '쓰리빌리언' 52주 신고가 경신 2026년은 미국 진출의 해 한국경제
​
09:11:21 한국네트웍스 'ASOCIO 어워드' 우수기술기업상 수상 AI기반 스마트물류 혁신 인정 파이낸셜뉴스
​
09:11:21 기아 '인증중고차 센터 평택 직영점' 및 'PBV 익스피리언스 센터' 개소 기아 컨슈머타임스
​
09:11:20 트럼프에 굴복 비판 폭주 악마에 영혼 안 팔았다 스위스 장관 항변 아시아경제
​
09:11:16 日 3분기 실질 GDP 연율 1 8% 감소 예상보다 선방(상보) 연합인포
​
09:11:14 한미반도체 미국 마이크론 탑 서플라이어상 수상 조선비즈
​
09:11:14 [이항영의 월가이드] 뉴욕증시 저가매수에 혼조세 변동성 장세 이어질까? 머니투데이
​
09:11:08 셧다운 종료 후 美 여론 트럼프·공화당이 더 얻어냈다 파이낸셜뉴스
​
09:11:08 경동제약 고혈압 3제 복합제 '발디핀플러스정' 허가 획득 경동제약 컨슈머타임스
​
09:10:58 10월 美동부 수출 운임 넉 달째 하락 서부는 상승 연합뉴스
​
09:10:57 서대문구 서울시 금연사업 성과대회 최우수상 4년 연속 수상 대상 헤럴드경제
​
09:10:57 네이버웹툰 IP 굿즈 최대 87% 할인 7일간 매일 신상품 공개 머니투데이
​
09:10:55 한국 코카-콜라 신임 대표에 이준엽 전 한국P&G 부사장 헤럴드경제
​
09:10:52 단양군 공공형 외국인 계절근로자 제도 운영 '성과' 뉴스핌
​
09:10:50 삼성증권 농심 광군제 마케팅 수익 악화에도 전사 영업익 161%↑ 예상 농심 인포스탁
​
09:10:41 최대 77% 싸다 컬리 홀리데이마켓 얼리버드 기획전 이데일리
​
09:10:40 자가 없는 김부장 600만원 벌어도 140만원 월세로 서울 전세 씨말랐다 파이낸셜뉴스
​
09:10:36 오늘이엔엠 3분기 '자본잠식률 1553%→482%' 개선 실질 재무위기 벗어났다 오늘이엔엠 아시아경제
​
09:10:31 '글로벌 CGM 빅3' 진입 노리는 아이센스 복안은? 아이센스 이데일리
​
09:10:28 김창규 제천시장 국회서 지역사업 예산 요청 뉴스핌
​
09:10:26 아이즈비전 3분기 매출 372억 전년 동기비 21%↑ 아이즈비전 머니투데이
​
09:10:24 현대오토에버(307950) +6 74% 유니트론텍 +3 29% 라닉스 +2 13% 에이스테크 +2 60% 현대오토에버 인포스탁
​
09:10:22 현대차 '더 뉴 엘란트라 N TCR'·'2025 TCR 월드투어' 최종전 우승 현대차 이투데이
​
09:10:14 와이바이오로직스(338840) 상승폭 확대 +9 36% VI발동 와이바이오로직스 인포스탁
​
09:10:10 CBOT 대두 배송 - 11월 17일 로이터뉴스
​
09:10:01 라메디텍 3분기 매출 53억원 전년比 17 7% ↑ 라메디텍 뉴스핌
​
09:10:01 [단기자금시장 분석] 당일 지준 잉여 연합인포
​
09:09:55 조용히 좀 해주세요 한마디에 이웃집 중학생 폭행·협박한 60대 매일경제
​
09:09:55 한국투자證 ELW 517종목 신규 상장 SK하이닉스 파이낸셜뉴스
​
09:09:50 새우탕의 진화 농심 누들핏 새우탕면 출시 농심 머니투데이
​
09:09:43 쓰리빌리언(394800) 상승폭 확대 +10 95% VI발동 신고가 경신 쓰리빌리언 인포스탁
​
09:09:43 관봉권 띠지 분실·쿠팡 외압 의혹 특검에 안권섭 변호사 임명 매일경제
​
09:09:41 인천시 스마트빌리지 사업 조기 발굴 대상 헤럴드경제
​
09:09:20 성수 한복판에 등장하는 대형 호빵 짐기 누구 작품? 헤럴드경제
​
09:09:18 트럼프 공화당 러시아와 무역하는 국가를 제재하는 법안 초안 작성 중 로이터뉴스
​
09:09:12 NC AI '바르코 보이스' 활용한 제2회 게임제작 공모전 개최 엔씨소프트 머니투데이
​
09:09:10 韓해군 日자위대에 이달 공동수색 훈련 보류 전달 서울경제
​
09:09:08 환율 전망·환헤지 전략 제시 NH선물 거래소와 2026 연간전망 세미나 개최 대상 헤럴드경제
​
09:08:58 삼영(003720) 상승폭 확대 +11 72% 신고가 경신 삼영 인포스탁
​
09:08:57 고객 경험의 새 기준 기아 '인증중고차 센터 평택 직영점' 문 열었다 현대차3우B 인포스탁
​
09:08:55 '캠핑족' 사이에서 인기 전년 대비 구매량 103% 는 '이 제품' 한국경제
​
09:08:52 '시장 기대치 높았나' 쿠팡Inc 주가 실적발표 후 하락 이유는 연합인포
​
09:08:50 볼보그룹코리아 차세대 6t 크롤러·타이어 굴착기 공개 고객 경험 늘렸다 파이낸셜뉴스
​
09:08:45 업데이트 1-일본 경제가 6분기 만에 처음으로 위축되다 로이터뉴스
​
09:08:41 7000원 금배추 두 달 만에 반값 김장철 물가 숨통 이투데이
​
09:08:36 스피어(347700) +6 37% 한국항공우주 +3 59% 이노스페이스 +3 06% 에이치브이엠 +1 32% 스피어 인포스탁
​
09:08:36 충남 누리소통망 온라인 소통 리더 입증 대상 헤럴드경제
​
09:08:35 NC AI '바르코 보이스' 활용 제2회 게임제작 공모전 개최 뉴스핌
​
09:08:34 KX 3분기 누적 매출 2537억원 달성 한국경제
​
09:08:25 [속보] 코스피 AI 버블 논란 완화에 반등 SK하이닉스 5 8%↑ 한국경제
​
09:08:22 아센디오(012170) 상승폭 확대 +10 26% VI발동 아센디오 인포스탁
​
09:08:22 코스피 외국인·기관 매수 속 상승 출발 삼성전자 이데일리
​
09:08:21 유안타증권 글로벌 마켓:메이저5 해외주식이벤트 뉴스핌
​
09:08:20 TYM 3분기 매출 2241억 원 전년比 19% 증가 한국경제
​
09:08:19 폴라리스오피스 3분기 매출 2390억 전년 동기비 18%↑ 폴라리스오피스 머니투데이
​
09:08:15 [더벨]미래컴퍼니 레보아이 튀니지 공급 완료 미래컴퍼니 머니투데이
​
09:08:14 한투운용 글로벌 반도체 ETF 최근 3년 수익률 336 75%로 1위 인포스탁
​
09:08:14 정성호 집단반발 검사장 징계설에 중요한건 법무·검찰 안정 연합뉴스
​
09:08:04 한국코카콜라 P&G출신 이준엽 신임 대표이사 선임 머니투데이
​
09:07:59 [게시판] 세라젬 셀트론순환체어로 굿디자인코리아 특허청장상 연합뉴스
​
09:07:57 브이엠 SK하이닉스 수혜 기대에 8%대↑ 52주 신고가[특징주] 브이엠 이데일리
​
09:07:54 벨로크(424760) 강세 출발 +8 52% 벨로크 인포스탁
​
09:07:54 KB오토텍 국내 최초 전기버스용 BTMS 개발 한국경제
​
09:07:53 한국 코카-콜라 이준엽 신임 대표이사 선임 아시아경제
​
09:07:53 한투운용 'ACE 글로벌반도체TOP4 Plus ETF' 3년 수익률 반도체 ETF 중 1위 서울경제
​
09:07:48 국민의힘 대통령실 앞서 항소 포기 국정조사특위 구성하라 이재명이 몸통 파이낸셜뉴스
​
09:07:47 [박진섭의 황금선] 이달 중 산업용 ESS 부품 양산 돌입 '유니테크노' 유니테크노 머니투데이
​
09:07:46 KB국민은행 관세 피해 수출기업 경쟁력 강화 '맞춤형 컨설팅' 운영 뉴스핌
​
09:07:44 고양특례시 올해 공연 수익 109억원 돌파 관객 70만명 달성 파이낸셜뉴스
​
09:07:40 [특징주] 삼양식품 증권가 목표가 상향에 '강세' 삼양식품 컨슈머타임스
​
09:07:40 1시간에 7100개씩 29CM 이구위크 역대 최고 성과 이데일리
​
09:07:38 서진시스템 3분기 매출액 2155억원 전년比 31 6%↓ 서진시스템 뉴스핌
​
09:07:32 트럼프 8200만불 채권 매입 반도체·기술·은행채 이해충돌 논란 헤럴드경제
​
09:07:31 SPC삼립 무신사와 이색 협업 호빵 굿즈·체험 공간 운영 SPC삼립 아시아경제
​
09:07:31 상주영천고속도서 유조차·화물차 등 13대 연쇄충돌 2명 사망 조선비즈
​
09:07:29 [소매] '광군제' 행사 동안 중국산 화장품 판매량 양호 연합인포맥스
​
09:07:25 대양전기공업(108380) 상승폭 확대 +12 41% 대양전기공업 인포스탁
​
09:07:24 코스닥 6 25P 오른 904 15 출발(0 70%↑) 아시아경제
​
09:07:20 한울소재과학 JKM 中 C사 OLED 필름 소재 수주 글로벌 고객 확대 한울소재과학 아시아경제
​
09:07:18 코빗 코인 렌딩 서비스 정식 출시 최대 24종 대여 파이낸셜뉴스
​
09:07:17 이노인스트루먼트(215790) +7 94% 다산네트웍스 +4 66% 삼지전자 +4 24% RF머트리얼즈 +3 73% 이노인스트루먼트 인포스탁
​
09:07:15 KODEX 미국나스닥100 올해 개인순매수 1조 돌파 아시아경제
​
09:07:15 아이텍 3분기 누적 영업익 흑자전환 달성 차량용 및 AI반도체 테스트 호조 아이텍 이투데이
​
09:07:11 코스피 67 00P 오른 4078 57 출발(1 67%↑) 아시아경제
​
09:07:11 카카오모빌리티 미디어렙 3사와 DOOH 맞손 광고학회 주최 디지털 혁신상 수상 카카오 인포스탁
​
09:06:57 로킷헬스케어(376900) 상승폭 확대 +18 31% 4거래일 연속 상승 로킷헬스케어 인포스탁
​
09:06:55 '동시에 다른 화면' LGD 차량용 디스플레이 CES 혁신상 2관왕 LG디스플레이 머니투데이
​
09:06:54 독점 깨진 한국거래소 사상 첫 점유율 방어 칼 빼 들다 연합인포
​
09:06:38 셀바스AI 3분기 흑자전환·영업익 10억 AI 의료솔루션 성과 셀바스AI 머니투데이
​
09:06:37 코르티스 일본 방송·라디오·신문 장식 올해 최고의 신인 향한 폭발적인 관심 디오 헤럴드경제
​
09:06:33 메디오젠 다낭난소증후군 치료기능성 균주 관련 특허등록 한국경제
​
09:06:30 보성파워텍(006910) +4 17% LS ELECTRIC +4 19% 비츠로테크 +2 58% HD현대일렉트릭 +2 31% 보성파워텍 인포스탁
​
09:06:28 [서환] 개장 전 마(MAR) '+0 05원' 거래 픽싱 스퀘어 연합인포
​
09:06:27 [서환] 개장 전 마(MAR) '+0 05원' 거래 픽싱 스퀘어 연합인포맥스
​
09:06:25 미 주요 품목 관세 철회 수혜 예상 7종목 연합인포맥스
​
09:06:18 [건설人터뷰] 권좌근 송파한양2차 조합장 중부권 랜드마크로 재건축 뉴스핌
​
09:06:16 국채선물 소폭 하락 출발 심리 부진 속 美 금리 상승 소화 연합인포
​
09:06:12 <코>오토앤 상한가 진입 +29 98% ↑ 오토앤 서울경제
​
09:06:12 (단독)서유석 금투협회장 연임 도전 뉴스토마토
​
09:06:11 에버랜드 겨울 신규 굿즈 '베이글 위시 베어' 출시 삼성물산 이데일리
​
09:06:09 오토앤(353590) 상한가 진입 오토앤 인포스탁
​
09:06:00 [부고] 오경원(더큐브앤 대표이사)씨 부친상 인포스탁
​
09:05:57 채권시장 오늘의 입찰 한국가스공사 이투데이
​
09:05:53 런던베이글 '쪼개기 계약' 비판에 단기계약 구조 개선 연합뉴스
​
09:05:51 에스피시스템스(317830) +7 67% 클로봇 +6 83% 두산 +4 42% 휴림로봇 +4 00% 에스피시스템스 인포스탁
​
09:05:44 카마스터와 함께 소아암 환아 돕는다 현대차 기부금 5780만원 전달 머니투데이
​
09:05:30 연말 분위기 확 달라진다 겨울 메뉴로 입소문 난 강남 호텔 매일경제
​
09:05:27 텔레픽스 국내 최초 궤도상 인공위성 무선 업데이트 성공 서울경제
​
09:05:26 [특징주] SK하이닉스 글로벌 AI 수요 확대에 '강세' SK하이닉스 컨슈머타임스
​
09:05:26 예보한도 1억 상향에도 머니무브 주춤 새마을금고 준비금 더 쌓을까 연합인포
​
09:05:24 현대글로비스 K-방산 운송 이상무 특수화물 운송 사업 확대 한화에어로스페이스 파이낸셜뉴스
​
09:05:20 신축 아파트도 아닌데 이럴 수가 15일 만에 '완판'된 집 [강영연의 건축 그리고 건축가] 한국경제
​
09:05:17 SK하이닉스(000660) +6 25% 삼성전자 +3 70% 케이씨텍 +3 43% 오로스테크놀로지 +3 43% SK하이닉스 인포스탁
​
09:05:15 에어프레미아 예비엔진 4호기 도입 운항안정성 강화 한국경제
​
09:05:15 항공사들은 FAA가 미국 주요 공항에서 3 %의 항공편 감축을 종료 할 것으로 예상한다고 소식통은 말합니다 로이터뉴스
​
09:04:59 현대차 '더 뉴 아반떼 N TCR' 월드투어 최종전서 '더블 포디움' 머니투데이
​
09:04:55 현대차 더 뉴 아반떼 N TCR 2025 TCR 월드투어 최종전 우승 헤럴드경제
​
09:04:54 한울반도체 MLCC 기술 기반 인덕터 외관검사기 개발 한울반도체 아시아경제
​
09:04:50 러시아 자포리자 2개 정착지 접수 겨울전쟁 공세 강화 뉴스핌
​
09:04:50 SG 美 하스코와 '친환경 아스콘' 동맹 글로벌 시장 공략 시동 SG 이데일리
​
09:04:45 [개장 시황] 코스닥 904 15 개인의 순매수에 상승 출발 (▲6 25 +0 70%) 그린광학 서울경제
​
09:04:44 호텔 셰프가 직접 가르치는 김장 클래스 예약 경쟁 붙었다 매일경제
​
09:04:44 [개장 시황] 코스피 4078 57 외국인과 기관의 순매수에 상승 출발 (▲67 00 +1 67%) 동부건설우 서울경제
​
09:04:44 KB증권 아동양육시설 환경개선 통한 돌봄 실천 컨슈머타임스
​
09:04:43 대원제약 취약계층 이웃에 김장 나눔 봉사 대원제약 컨슈머타임스
​
09:04:41 LG유플러스 6G 백서서 통신-센싱 융합 인프라 비전 제시 LG유플러스 연합뉴스
​
09:04:38 LG유플러스 '6G 백서' 통해 통신·센싱 미래 인프라 비전 제시 LG유플러스 인포스탁
​
09:04:31 [사이언스샷] 매머드에서 세계 最古 RNA 추출 성공 조선비즈
​
09:04:31 진에어·에어부산·에어서울 임직원 마라톤 대회 참가 이데일리
​
09:04:26 노랑풍선(104620) +8 33% 참좋은여행 +7 37% 모두투어 +2 11% 노랑풍선 인포스탁
​
09:04:26 LG유플러스 6G 시대 통신·센싱 융합 기술 백서 발간 조선비즈
​
09:04:25 아이큐어 3분기 매출 587억 전년 동기비 69 8%↑ 아이큐어 머니투데이
​
09:04:22 원·달러 환율 6 0원 내린 1451 0원 개장 아시아경제
​
09:04:20 [특징주] 그린광학 상장 첫날 급등 출발 그린광학 이투데이
​
09:04:19 LS일렉 1100억원 규모 북미 변압기 공급 계약 체결 LS ELECTRIC 인포스탁
​
09:04:18 전용칸 넉넉 경차 일반칸에 주차 안돼 아파트 안내문 시끌 아시아경제
​
09:04:18 경차는 일반 칸에 주차 금지 전용 칸에만 세워요 아파트 안내문 아시아경제
​
09:04:13 오토앤(353590) 급등 출발 +23 56% 4거래일만에 반등 오토앤 인포스탁
​
09:04:13 기아 인증 중고차 센터 평택 직영점·PBV 익스피리언스 센터 개소 이투데이
​
09:04:10 링크솔루션 3D 파운드리 사업 가시화로 내년 주목할 핵심 업체 하나證 링크솔루션 뉴스핌
​
09:04:05 경기교통공사 창립 첫 지속가능경영보고서 발간···ESG 경영 본격화 서울경제
​
09:04:04 진에어·에어부산·에어서울 임직원 60여 명 마라톤 참가 진에어 파이낸셜뉴스
​
09:04:04 [더벨]제이에스링크 희토류 영구자석 공급망 확보 '속도' 제이에스링크 머니투데이
​
09:04:02 李대통령 '관봉권 띠지·쿠팡 외압' 의혹 특검에 안권섭 변호사 임명 파이낸셜뉴스
​
09:04:02 오스테오닉 3분기 최대 실적 경신 매출 118 8억·영업익 22 3억 오스테오닉 이데일리
​
09:03:56 현대차 카마스터와 소아암 환아 후원 5780만원 기부 현대차 인포스탁
​
09:03:55 로킷헬스케어 '세계 최대' 中 당뇨 재생 원천 특허 등록 완료 1억5000만명 치료 나선다 로킷헬스케어 인포스탁
​
09:03:52 한국코카콜라 이준엽 신임 대표이사 선임 컨슈머타임스
​
09:03:47 서부T&D(006730) +11 83% GS피앤엘 +6 72% 파라다이스 +5 03% 롯데관광개발 +3 39% 서부T&D 인포스탁
​
09:03:46 젝시믹스(337930) 급등 출발 +14 48% 젝시믹스 인포스탁
​
09:03:46 대웅제약 AI 신약개발 국책과제 연구기관 선정 대웅제약 이투데이
​
09:03:43 김장재료 4만2000원 아끼려면 대형마트 대신 전통시장 조선비즈
​
09:03:42 투숙객만 본다 제주 이곳 연말 파티 예약 서두르는 이유 매일경제
​
09:03:40 이용배 현대로템 사장 수주 잔고 29 6조원 협력사 동반성장 결과 현대로템 인포스탁
​
09:03:38 HDC현산 '태화강 센트럴 아이파크' 12월 분양 예정 HDC현대산업개발 컨슈머타임스
​
09:03:37 현대차 '더 뉴 아반떼 N TCR' '2025 TCR 월드투어' 최종전 우승 현대차 아시아경제
​
09:03:30 '원/달러 환율 6원 내린 1451원 출발 머니투데이
​
09:03:27 [오늘의신상] 묵직한 초콜릿향 '카누 바리스타' 신제품 동서 아시아경제
​
09:03:23 개인투자자 1100억 매수 신한운용 코리아고배당 ETF 첫 월배당 지급 기아 헤럴드경제
​
09:03:22 점심 한끼 1만원 시대 이젠 '실속 세트'가 대세 파이낸셜뉴스
​
09:03:20 현대글로비스 폴란드에 K2 전차·K9 자주포 운송 성공 현대글로비스 인포스탁
​
09:03:15 알트(459550) 스팩합병 상장 첫날 급등 +25 67% VI발동 알트 인포스탁
​
09:03:08 현대차 '더 뉴 아반떼 N TCR' 2025 TCR 월드투어 최종 우승 현대차 인포스탁
​
09:03:03 삼일PwC·삼일미래재단 신입 회계사 180명 봉사활동 아시아경제
​
09:02:58 SK그룹 2028년까지 128조원 국내 투자 SK 인포스탁
​
09:02:53 LGD '전장 동맹' 벤츠 차세대 전기차에 초대형 디스플레이 공급 LG디스플레이 인포스탁
​
09:02:52 [AI픽] 대웅제약 K-AI 국책과제 연구기관 선정 AI SW 개발 대웅제약 연합뉴스
​
09:02:51 대기업 사상 최대 국내 투자 청년층 백수 탈출 가능할까 한화 헤럴드경제
​
09:02:50 남욱 자산 동결 풀어달라 장동혁 뒷배 없으면 불가능 한국경제
​
09:02:49 이엘피(063760) +9 09% 한울반도체 +5 10% 원익IPS +4 71% 한솔아이원스 +3 73% 이엘피 인포스탁
​
09:02:48 한화생명 예실차·손실 부담 계약 비용 악화 [모닝 리포트] 한화생명 뉴스핌
​
09:02:47 우신시스템 3분기 순이익 '흑자 전환' 성공 영업이익 238% 급증 우신시스템 머니투데이
​
09:02:46 [속보] 코스닥 6 25포인트(0 70%) 오른 904 15 출발 인포스탁
​
09:02:44 방한후 美입국했다 구금된 한인과학자 4개월 만에 석방 서울경제
​
09:02:42 현대로템 협력업체와 교류 자리 마련···동반성장·협력 강화 현대로템 이투데이
​
09:02:36 컬러레이 -0 17% VI 발동 컬러레이 조선비즈
​
09:02:35 코퍼스코리아 +7 61% 상승폭 확대 코퍼스코리아 조선비즈
​
09:02:35 메리츠 인버스 2X 대표 농산물 선물 ETN(H) +5 73% 상승폭 확대 조선비즈
​
09:02:34 월드비전 '글로벌 6K 마라톤 캠페인'에 시민 1만1천700명 참가 연합뉴스
​
09:02:33 [코스피] 67 00포인트(1 67%) 오른 4078 57 출발 서울경제
​
09:02:33 [속보] 코스피 67p(1 67%) 오른 4078 57(개장) 이투데이
​
09:02:30 슈어소프트테크 +12 36% 상승폭 확대 슈어소프트테크 조선비즈
​
09:02:27 키움 레버리지 바이오TOP10 ETN +8 54% 상승폭 확대 조선비즈
​
09:02:25 증권주 혼조세 출발 한양증권 +2 54% 한양증권 인포스탁
​
09:02:24 TXT 연준 첫 솔로앨범으로 美 빌보드 10위 BTS 이후 '최고' 뉴스핌
​
09:02:17 석유화학주 상승 출발 LG화학 +1 60% LG화학 인포스탁
​
09:02:15 영등포구 대림1구역 재개발 추진위 승인 35층 1천26세대 연합뉴스
​
09:02:14 [테크스냅] 틱톡 한국 법인으로 동남아 틱톡샵 입점 가능 코난테크놀로지 연합뉴스
​
09:02:13 코리아써키트(007810) +12 78% 이수페타시스 +8 46% 대덕전자 +5 40% 티엘비 +4 85% 심텍 +3 81% 코리아써키트 인포스탁
​
09:02:13 AI 기반 가사·돌봄 서비스 인구위기 해법 될 것 아시아경제
​
09:02:12 [스팟] 코스닥 6 25포인트(0 70%) 오른 904 15 출발 머니투데이
​
09:02:10 알트 +14 58% 52주 신고가 조선비즈
​
09:02:02 [속보] 코스피 67 00포인트(1 67%) 오른 4078 57 출발 인포스탁
​
09:02:02 유안타證 YG 블랙핑크 실적 선반영으로 숨 고르기 국면 목표가 18 3% ↓ 조선비즈
​
09:02:01 테스(095610) +8 39% 한양이엔지 +5 00% 피에스케이홀딩스 +5 38% 에스티아이 +4 88% 테스 인포스탁
​
09:01:59 솔직히 오타니 야마모토 사사키는 속대 드러낸 LA다저스 감독 매일경제
​
09:01:59 솔직히 오타니 야마모토 사사키는 속내 드러낸 LA다저스 감독 매일경제
​
09:01:54 증권주 혼조세 출발 미래에셋증권 -0 64% 미래에셋증권 인포스탁
​
09:01:54 [코스닥] 6 54포인트(0 73%) 오른 904 44 출발 서울경제
​
09:01:53 뚜레쥬르 홀리데이 케이크 출시 산리오캐릭터즈와 협업 연합뉴스
​
09:01:52 하나금융 발달장애 예술가를 위한 '제5회 하나 아트버스' 개최 아시아경제
​
09:01:47 iM증권 IT선진화 위한 인프라 고도화 추진 컨슈머타임스
​
09:01:46 [강세 토픽] 반도체 - 전공정 장비 테마 테스 +8 39% 피에스케이홀딩스 +5 38% 테스 조선비즈
​
09:01:46 [강세 토픽] 반도체 - 후공정 장비 테마 피에스케이홀딩스 +5 38% 디아이 +4 92% 피에스케이홀딩스 조선비즈
​
09:01:45 니케이지수(일본) 약보합 출발 ▼94 14엔(-0 19%) 50 282 39엔 [개장] 인포스탁
​
09:01:43 아이톡시 -1 27% VI 발동 아이톡시 조선비즈
​
09:01:42 [속보] 코스피 1 67% 상승한 4078 57 출발 코스닥 904 15 파이낸셜뉴스
​
09:01:42 이원컴포텍 3분기 누적 매출 464억·영업익 28억 달성 이원컴포텍 뉴스핌
​
09:01:38 자동차대표주 혼조세 출발 현대차 +0 37% 현대차 인포스탁
​
09:01:33 [강세 토픽] 여행·레저 테마 노랑풍선 +5 89% 참좋은여행 +5 24% 노랑풍선 조선비즈
​
09:01:33 [강세 토픽] 반도체 - 후공정 소재 테마 ISC +5 54% 샘씨엔에스 +4 35% ISC 조선비즈
​
09:01:31 상상인 -0 53% VI 발동 상상인 조선비즈
​
09:01:30 유비쿼스 0 00% 52주 신고가 유비쿼스 조선비즈
​
09:01:29 코스닥지수 장 초반 상승 ▲5 50P(+0 61%) 903 40P 인포스탁
​
09:01:29 K방산 4사 올 영업익 4조 훌쩍 수주잔액도 100조원 넘어 아시아경제
​
09:01:29 [강세 토픽] 반도체 - 전공정 소재 테마 브이엠 +5 11% 한솔아이원스 +4 08% 브이엠 조선비즈
​
09:01:29 벨로크 +10 61% VI 발동 벨로크 조선비즈
​
09:01:29 K방산 4사 올 1~3분기 영업익 지난해 넘었다 아시아경제
​
09:01:28 '탄탄한 말레이시아 성장 전망에 따른 BUZZ-USD/MYR 목표 4 1000 로이터뉴스
​
09:01:26 해군 한미 연합대잠전 훈련 '사일런트 샤크' 참가 연합뉴스
​
09:01:25 신인감독 김연경 원더독스 프로팀 정관장 꺾고 총 4승으로 생존 확정 언더독의 대반란 흥국 헤럴드경제
​
09:01:25 '직장 내 괴롭힘' 가해자 경기→전남 전보 法 부당 이데일리
​
09:01:25 신인감독 김연경 원더독스 정관장 꺾고 총 4승으로 생존 확정 몽골 듀오 인쿠시?타미라 맹활약 흥국 헤럴드경제
​
09:01:23 은행주 하락 출발 우리금융지주 -1 12% 우리금융지주 인포스탁
​
09:01:21 SK케미칼 -1 14% VI 발동 SK케미칼 조선비즈
​
09:01:20 아직 성장해야 할 韓 PEF 눈앞 과제 산더미 연합인포
​
09:01:19 오토앤 +15 49% VI 발동 오토앤 조선비즈
​
09:01:19 [코스피] 67 00p(1 67%) 오른 4 078 57(개장) 연합뉴스
​
09:01:18 코스피지수 장 초반 강세 ▲63 76P(+1 59%) 4 075 33P 인포스탁
​
09:01:16 에이텀 자회사 DST 한화엔진 단독 벤더 등록 후 첫 실린더 모듈 수주 글로벌 확장 신호탄 에이텀 머니투데이
​
09:01:16 서진시스템 관세 영향 및 ESS 발주 이연에 3Q 실적 일시적 감소 서진시스템 이데일리
​
09:01:14 하이트진로 베트남 학생 20명에 장학금 전달 하이트진로 아시아경제
​
09:01:13 한국전력(015760) 상승 출발 +0 74% 한국전력 인포스탁
​
09:01:13 [코스닥] 6 54p(0 73%) 오른 904 44(개장) 연합뉴스
​
09:01:12 [속보] 코스닥 6 25p(0 69%) 오른 904 15(개장) 이투데이
​
09:01:12 보도자료 다이제스트 - 파이낸셜 타임즈 - 11월 17일 로이터뉴스
​
09:01:11 [스팟] 코스피 67 00포인트(1 67%) 오른 4078 57 출발 머니투데이
​
09:01:10 코리아써우 +14 42% 52주 신고가 코리아써우 조선비즈
​
09:01:07 POSCO홀딩스(005490) 상승 출발 +1 11% POSCO홀딩스 인포스탁
​
09:01:07 엔씨소프트 -3 89% VI 발동 엔씨소프트 조선비즈
​
09:01:04 홈플러스 반값가전 매출 전년比 66%↑ 협력사 동반성장 헤럴드경제
​
09:01:03 성호전자 +1 12% 52주 신고가 성호전자 조선비즈
​
09:01:03 카카오페이 스테이블코인 기대감과 플랫폼 성장 모멘텀이 불러온 주가 급반등과 후속 조정 카카오페이 한국경제
​
09:01:02 엠케이전자 반도체 부문 3분기 누적 최대 실적 갱신 엠케이전자 이데일리
​
09:01:00 셀트리온(068270) 상승 출발 +0 41% 셀트리온 인포스탁
​
09:01:00 [속보] 전장연 시위로 4호선 혜화역 하행선 무정차 통과 이투데이
​
09:01:00 영국 주택 가격이 예산에 못 미치면 Rightmove는 다음과 같이 말합니다 로이터뉴스
​
09:01:00 다이어리 - 1월 30일까지의 정부 부채 경매 로이터뉴스
​
09:01:00 다이어리-이머징 마켓 경제 이벤트 1월 30일까지 로이터뉴스
​
09:00:58 세보엠이씨 +3 38% 52주 신고가 세보엠이씨 조선비즈
​
09:00:57 조선주 혼조세 출발 한화오션 +1 94% 한화오션 인포스탁
​
09:00:55 SPC삼립 '삼립호빵X무신사 무진장' 팝업스토어 운영 SPC삼립 컨슈머타임스
​
09:00:52 외국환시세(11월17일·하나은행 1차 고시 기준) 연합뉴스
​
09:00:51 그린광학(0015G0) 급등 출발 +215 00% 금일 신규 상장 그린광학 인포스탁
​
09:00:50 코스피 시총상위종목들 대부분 상승 출발 인포스탁
​
09:00:48 라온시큐어 박현우 보안개발본부장 '디지털 이노베이션 어워드' 과기부 장관 표창 수상 라온시큐어 뉴스핌
​
09:00:47 영원무역 +3 03% VI 발동 영원무역 조선비즈
​
09:00:46 NAVER(035420) 상승 출발 +1 18% NAVER 인포스탁
​
09:00:45 'A1' 전단채도 유찰 초단기 금리 급등 속 자금 여력은 연합인포
​
09:00:44 한전 CES 혁신상 5관왕 글로벌 유틸리티 최초 연합뉴스
​
09:00:43 삼성전자(005930) 상승 출발 +3 19% 삼성전자 인포스탁
​
09:00:41 '선전 증시 주력자금(기관성 자금) 순매수/순매도 상위 5개 종목(전 거래 연합인포맥스
​
09:00:40 '원/달러 환율 하락 출발 1 451 0원(▼2 1 ) 인포스탁
​
09:00:40 엘앤케이바이오 3분기 매출 101억 팩투스 신규 매출 반영 엘앤케이바이오 뉴스핌
​
09:00:40 은행권 LTV 제재 생산적 금융에 차질 서울경제
​
09:00:39 SK이노베이션 새 에너지 지식 플랫폼 'ASK 이노' 선보여 SK이노베이션 아시아경제
​
09:00:39 세라젬 셀트론 순환 체어 로 굿디자인 코리아 특허청장상 수상 헤럴드경제
​
09:00:38 씨어스테크놀로지 0 00% 52주 신고가 씨어스테크놀로지 조선비즈
​
09:00:37 '[외환] 원/달러 환율 6 0원 내린 1 451 0원(개장) 연합뉴스
​
09:00:35 쿠팡 '프리미엄 프레시위크' 새벽배송으로 특별한 날 상차림 아시아경제
​
09:00:34 '상하이 증시 주력자금(기관성 자금) 순매수/순매도 상위 5개 종목(전 거 연합인포맥스
​
09:00:29 코리아써키트 +15 04% 52주 신고가 코리아써키트 조선비즈
​
09:00:27 SK하이닉스(000660) 상승 출발 +5 00% SK하이닉스 인포스탁
​
09:00:27 메타랩스 0 00% VI 발동 메타랩스 조선비즈
​
09:00:27 '주력자금(기관성 자금) 산업별 순매수/순매도 동향(전 거래일 기준) 연합인포맥스
​
09:00:26 현대오토에버 0 00% VI 발동 현대오토에버 조선비즈
​
09:00:25 이스타항공 공항 내 외투 보관 할인 파이낸셜뉴스
​
09:00:24 성도이엔지 +2 91% 52주 신고가 성도이엔지 조선비즈
​
09:00:23 영원무역 +3 18% 52주 신고가 영원무역 조선비즈
​
09:00:21 원바이오젠 0 00% VI 발동 원바이오젠 조선비즈
​
09:00:21 슈어소프트테크 0 00% VI 발동 슈어소프트테크 조선비즈
​
09:00:21 주력자금(기관성 자금) 유출입 데이터(전 거래일 기준) 연합인포맥스
​
09:00:20 서부T&D 0 00% VI 발동 HDC 조선비즈
​
09:00:20 신라섬유 -1 88% VI 발동 신라섬유 조선비즈
​
09:00:20 JTC -5 17% VI 발동 JTC 조선비즈
​
09:00:19 오로라 0 00% VI 발동 오로라 조선비즈
​
09:00:18 비전옥스 낙방한 야스 CSOT 8 6G OLED 재도전 야스 딜사이트
​
09:00:17 코드커팅 심화 통신3사 유료방송 긴축 불가피 스카이라이프 딜사이트
​
09:00:16 IBKS제22호스팩 -9 40% VI 발동 IBKS제22호스팩 조선비즈
​
09:00:16 [엔비디아 날개 단 현대차그룹] 보스턴다이내믹스 GPU 공급에도 사업화까진 장기전 현대차 딜사이트
​
09:00:15 그린광학 +237 50% 52주 신고가 조선비즈
​
09:00:12 동부건설우 +29 96% 상한가 동부건설우 조선비즈
​
09:00:11 [리포트 브리핑]농심 '반가운 호실적' 목표가 560 000원 - NH투자증권 농심 뉴스핌
​
09:00:09 <유>동부건설우 상한가 진입 +29 96% ↑ 동부건설우 서울경제
​
09:00:08 한양여대 학생 주도 '자유 설계' 기반 학사 혁신 가속화 한국경제
​
09:00:08 CBOT 쌀 배송 - 11월 17일 로이터뉴스
​
09:00:07 아진산업 0 00% VI 발동 아진산업 조선비즈
​
09:00:07 알트 0 00% VI 발동 조선비즈
​
09:00:04 하루 한 포로 즐기는 청국장가루 냄새 없이 고소하게 미라클 발효콩 환 출시 파이낸셜뉴스
​
09:00:04 아톤 '2025 대한민국 Digital Innovation Award' 과기정통부 부총리 겸 장관 표창 수상 한국경제
​
09:00:04 KB국민은행 '관세 피해 기업' 지원 맞춤형 컨설팅 실시 이데일리
​
09:00:02 현대글로비스 전차·자주포 폴란드 수송 'K-방산' 물류 경쟁력 입증 현대글로비스 아시아경제
​
09:00:02 '직무유기' 조태용 전 국정원장 구속적부심 기각 구속 유지 머니투데이
​
09:00:02 SK이노베이션 새 뉴스룸 ASK inno 오픈 이데일리
​
09:00:01 어려운 에너지 정보는 안녕 SK이노 새 뉴스룸 'ASK inno' 오픈 SK이노베이션 인포스탁
​
09:00:01 [내일날씨] 파주 -8도·서울 -4도 '강추위' 서해안엔 비 또는 눈 연합뉴스
​
09:00:01 독일의 클링 베일 무역 걸프가 확대되고 공급망이 흔들리면서 마침내 베이징에 도착했습니다 로이터뉴스
​
09:00:00 LG유플러스 통신ㆍ센싱 융합 6G 미래 인프라 비전 제시 고부가가치 서비스 '블루오션' LG유플러스 인포스탁
​
09:00:00 SK이노베이션 새 뉴스룸 '애스크 이노' 공개 SK이노베이션 파이낸셜뉴스
​
09:00:00 SK이노베이션 새 뉴스룸 '애스크 이노(ASK inno)' 공개 SK이노베이션 뉴스핌
​
09:00:00 국제 교육 연구기관 써밋 인스티튜트 고등학생 대상 온라인 세미나 개최 매일경제
​
09:00:00 [IRFOCUS] [IR] 코난테크놀로지 도메인 특화 LLM 사업 기반 공고 매출 전년比 2배↑ 코난테크놀로지 IR GO
​
09:00:00 '원/달러 환율 전일과 동일 1458 5원 조선비즈
​
09:00:00 레뷰코퍼레이션 2025년 3분기 역대 최대 실적 조선비즈
​
09:00:00 SK이노베이션 새 뉴스룸 애스크 이노 오픈 SK이노베이션 이투데이
​
09:00:00 [뉴욕인사이트] 엔비디아 19일 실적 발표···AI 기술주 흐름 핵심 분수령 이투데이
​
09:00:00 LG유플러스 통신-센싱 융합 6G 미래 인프라 비전 제시 LG유플러스 헤럴드경제
​
09:00:00 SK이노 새 뉴스룸 오픈 에너지 이슈·해설 등 제공 SK 헤럴드경제
​
09:00:00 아프리카 제대로 알자 반크-연합뉴스 우분투홍보대사 2기 모집 연합뉴스
​
09:00:00 LGU+ ISAC 기반 6G 전략 공개 미래 네트워크 사업 로드맵 제시 LG유플러스 머니투데이
​
09:00:00 이용자 편의성 강화 SK이노베이션 뉴스룸 '애스크 이노'로 개편 머니투데이
​
09:00:00 SK이노베이션 뉴스룸 정보포털 '애스크 이노'로 개편 연합뉴스
​
08:59:59 기아 평택에 '인증중고차·PBV·EV' 복합 거점 개소 모빌리티 전 영역 한곳에 기아 뉴스핌
​
08:59:57 현금 부자 이렇게 많았어? 지난달 청약 경쟁률 2배 올랐다[부동산360] 헤럴드경제
​
08:59:45 이베코코리아 X-WAY 구매고객 연말 특별 프로모션 이데일리
​
08:59:41 투썸 크리스마스 케이크 더 저렴하게 11번가 e쿠폰 특가 판매 아시아경제
​
08:59:39 [부고]장소연(삼성전자 한국총괄 마케팅팀 부사장)씨 부친상 이데일리
​
08:59:29 대웅제약 K-AI 연구기관으로 선정 신약개발 혁신 주도 대웅제약 인포스탁
​
08:59:25 디어유 현 주가서 하락한다면 바겐세일 목표가는 하향 -유안타 디어유 한국경제
​
08:59:24 한국자유총연맹 대전시지부 이웃 사랑 김장 나눔 봉사 서울경제
​
08:59:19 KB자산운용 '온국민·다이나믹TDF' 수탁고2조원 돌파 뉴스핌
​
08:59:18 DB손보 '한국 금융소비자보호 우수기업' 손해보험 부문 2년 연속 1위 DB손해보험 인포스탁
​
08:59:09 아파트는 거래절벽 오피스텔은 활짝 10·15 대책 후 거래량 2 6배↑ 매일경제
​
08:59:04 코스피 하락에도 코스닥 버틴 이유 'K바이오'의 힘 에이비엘바이오 인포스탁
​
08:59:01 르노코리아 코리아세일페스타 혜택 11월말까지 연장 이데일리
​
08:58:57 이원컴포텍 3Q 누적 영업익 28억 전년비 29 9%↑ 이원컴포텍 이데일리
​
08:58:55 이수페타시스 내년 실적 전망치 또 상향 목표가↑-하나 이수페타시스 머니투데이
​
08:58:52 인산가 주식등의 대량보유자 소유주식수 변동 인산가 인포스탁
​
08:58:52 신한證 고환율 시대 초입 원·달러 환율 1420원 박스권 전망 이투데이
​
08:58:36 모아주택·모아타운 궁금증 모두 담았다 질의 사례집 발간 이데일리
​
08:58:33 삼양식품 해외 매출 고성장에 주가 상승 기대 삼양식품 인포스탁
​
08:58:23 한국딜로이트 '2025 결산대응 세미나' AI 기반 재무혁신·결산 포인트 총정리 아시아경제
​
08:58:20 우양 3분기 누적 영업이익 30억 전년比 2322%↑ 우양 뉴스핌
​
08:58:13 제니·카리나도 입었대 난리나더니 기업가치 7조 돌파 아시아경제
​
08:58:13 체형에 맞는 속옷 찾기 힘들어 직접 만들어 연예인이 직접 만든 브랜드 돌풍 아시아경제
​
08:58:08 에어서울 타고 '코난' 굿즈 받고 테마 이벤트 파이낸셜뉴스
​
08:58:06 라온시큐어 박현우 보안개발본부장 '디지털 이노베이션 어워드' 과기부 장관 표창 수상 라온시큐어 아시아경제
​
08:58:01 아우디 코리아 수성 전시장 리뉴얼 대구·영남 고객 위한 핵심 전시장 파이낸셜뉴스
​
08:57:58 '온국민·다이나믹 TDF' 중장기 성과 앞세워 수탁고 2조 돌파 아시아경제
​
08:57:58 에이직랜드 3분기 매출 증가 AI 칩렛 선단공정 중심 전략 투자로 수주 기반 확대 에이직랜드 인포스탁
​
08:57:58 HDC현대산업개발 태화강 센트럴 아이파크 내달 분양 이데일리
​
08:57:57 LS일렉트릭 1100억 규모 북미 데이터센터 전력 인프라 수주 LS ELECTRIC 인포스탁
​
08:57:54 인천이냐 사천이냐 항공MRO 특화단지 법안에 신경전 연합인포
​
08:57:54 민통선 갈대가 한우 사료로···경기도 4년 만에 '군협력 수거' 재개 서울경제
​
08:57:51 해태제과 MZ세대 홀린 연세우유 크림 샌드에이스 과자로 출시 파이낸셜뉴스
​
08:57:49 미래 사업 성공 위해 동행 현대로템 파트너스 데이 개최 머니투데이
​
08:57:49 에콰도르에서 버스 추락 사고로 최소 12명 사망 로이터뉴스
​
08:57:42 세븐틴 민규·버논도 반했다 케이팝 스타 홀린 홍콩 야경 코스 매일경제
​
08:57:22 볼링장 기계는 건물의 종물 경매로 건물 사면 기계 소유권도 이전 한국경제
​
08:57:18 한국투자증권 ELW 517종목 신규 상장 뉴스핌
​
08:57:18 이스타항공 인천·김해공항 코트룸 서비스 시작 컨슈머타임스
​
08:57:18 현대차 더 뉴 아반떼 N TCR '2025 TCR 월드투어' 최종전 우승 연합뉴스
​
08:57:15 IBK證 하이트진로 주류 시장 침체 흐름 장기화 목표가↓ 하이트진로 조선비즈
​
08:57:14 KT 고객이면 모두 VIP KT알파 멤버십 통합 개편 파격 승급 KT 이데일리
​
08:57:10 KB오토텍 국내 최초 전기버스용 BTMS 개발 한국경제
​
08:57:09 마음AI '수백 배 빠른' 자율지능 로봇 만든다 '국내 최초' 양자컴퓨팅 기반 피지컬 AI 데이터 구축 마음AI 인포스탁
​
08:57:07 [리포트 브리핑]인텔리안테크 '드디어 나타나는 저궤도 사업 매출 고성장' - NH투자증권 인텔리안테크 뉴스핌
​
08:57:07 [리포트 브리핑]나이스정보통신 '소비쿠폰 효과 반영' 목표가 25 000원 - NH투자증권 나이스정보통신 뉴스핌
​
08:57:05 핫플 올리브영N 성수 벌써 1년 방문객 250만명 돌파 CJ 헤럴드경제
​
08:57:03 낙태하면 30년형 미국서 가장 강경한 낙태 처벌법 추진 논란 파이낸셜뉴스
​
08:56:49 현대로템 4 2조 일감 발주 협력업체 동반성장 현대로템 파이낸셜뉴스
​
08:56:46 경동제약 최초 고혈압 3제 복합제 '발디핀플러스정' 승인 경동제약 인포스탁
​
08:56:42 J&J 메디테크 최대5일 심장 펌프 기능해주는 초소형 인공심장펌프 출시 한국경제
​
08:56:37 [마켓PRO] Today's Pick : 삼양식품 200만원까지 가능 글로벌 판매 호조 한국경제
​
08:56:34 소진공 전통시장 김장비용 35만원 대형마트보다 4만2천원↓ 연합뉴스
​
08:56:28 파이브가이즈 여주 프리미엄 아울렛 9호점 개장 1년 무료 경품행사 아시아경제
​
08:56:10 불륜 사산아 냉동실 유기하고도 구속 면했던 귀화여성 행방 묘연(종합) 연합뉴스
​
08:56:06 성수동에 대형 호찜이 SPC삼립 무신사와 팝업 스토어 오픈 이데일리
​
08:56:02 스타벅스 25일까지 '버디 위크' 니트 감성 '마이 코지 룸' 출시 아시아경제
​
08:55:54 기초과학지원硏-오송바이오의료재단 바이오의약 R&D 강화 맞손 헤럴드경제
​
08:55:48 3분기 영업이익 증가폭 1위는 SK하이닉스 반도체 훈풍에 수혜 연합인포
​
08:55:44 그립 도·소매 실시간 연결하는 라이브 커머스 진행 한국경제
​
08:55:31 르노코리아 코리아세일페스타 혜택 11월말까지 연장 컨슈머타임스
​
08:55:29 인산가 임원ㆍ주요주주 특정증권등 소유주식수 변동 인산가 인포스탁
​
08:55:24 넥센타이어 윈가드 스노보드팀과 국내 동계스포츠 지원 이데일리
​
08:55:23 입학식에 벚꽃 안폈다 급식 맛없다 日 교사들 떨게 만든 '괴물'의 정체 아시아경제
​
08:55:23 우리 아이가 벌레에 물렸잖아요 교사들 떨게 만든 '괴물 부모' 아시아경제
​
08:55:22 주펑에너지(605090 SH) 장기 성장 가능성 주목 비중확대 연합인포맥스
​
08:55:13 삼일PwC 지스타 2025 서 게임산업 글로벌 전략과 AI 혁신 논의 아시아경제
​
08:55:13 부채비율 폭발 에코비트 신종자본증권 활용 개시 딜사이트
​
08:55:10 [리포트 브리핑]SK '주주환원 확대 가능성' 목표가 330 000원 - NH투자증권 SK 뉴스핌
​
08:55:10 [리포트 브리핑]KG이니시스 '다시 시작' 목표가 14 000원 - NH투자증권 KG이니시스 뉴스핌
​
08:55:08 하나금융그룹 발달장애 예술가 대상 미술 공모전 개최 뉴스핌
​
08:55:05 엡스타인 성(性)스캔들 확산···주고받은 이메일 절반에 '트럼프' 등장 이투데이
​
08:55:05 바이오 플랫폼 '조 단위 빅딜' 잇단 성사 K-바이오 기술력 입증 리가켐바이오 컨슈머타임스
​
08:55:04 삼성 향후 5년간 R&D 포함해 국내에 450조원 투자한다 삼성전자 컨슈머타임스
​
08:55:00 퍼·양모 헤어리룩 뜬다 CJ온스타일 패션 매출 134% 급등 이데일리
​
08:54:50 코빗 '코인 렌딩 서비스' 정식 오픈 아시아경제
​
08:54:49 김윤세 대표이사 인산가 주식 2만5000주 ↑ 지분율 21 92% 인산가 이데일리
​
08:54:47 예비엔진만 4대 에어프레미아 운항 안정성 강화 파이낸셜뉴스
​
08:54:43 AI 신약개발 혁신 이끈다 대웅제약 K-AI 연구기관 선정 대웅제약 뉴스핌
​
08:54:34 위메이드커넥트 서브컬처 RPG 신작 '노아' 지스타 출품 성료 뉴스핌
​
08:54:29 한투운용 'ACE글로벌반도체TOP4 Plus ETF' 3년 수익률1위 뉴스핌
​
08:54:22 현대글로비스 K-방산 화물 폴란드 운송 특수화물 글로벌 경쟁력 입증 현대글로비스 뉴스핌
​
08:54:11 日 세븐일레븐냉동디저트1위'돌(Dole)아사이볼'국내상륙 뉴스핌
​
08:54:06 K-바이오 스퀘어 국가 바이오 혁신거점 브랜드 선점 서울경제
​
08:53:58 한국 딜로이트그룹 '2025 결산대응 세미나' 개최 이투데이
​
08:53:50 [아침밥] 교보증권 농심 미국 가격인상 효과로 실적 회복 본격화 농심 인포스탁
​
08:53:50 트럼프 커피·바나나·소고기 등 수입품 관세 철회 연합인포맥스
​
08:53:45 퓨처코어 3Q 영업익 193%↑ 매출·비용 효율화 주효 퓨처코어 아시아경제
​
08:53:41 SK에코플랜트는 변신 중 반도체 역량 보여준 3분기 실적 연합인포
​
08:53:38 하이트진로 베트남 현지 대학생에 장학금 전달 하이트진로 컨슈머타임스
​
08:53:36 신한운용 SOL코리아고배당ETF첫월배당지급 뉴스핌
​
08:53:25 플리토 AI 언어 데이터 수요 확대 따른 성장 기대 -iM證 플리토 파이낸셜뉴스
​
08:53:22 빌 애크먼 '패니메이·프레디맥' 개편 제안 18일 발표 연합인포
​
08:53:21 현대차 초록우산에 소아암 환아 후원금 5천780만원 전달 연합뉴스
​
08:53:19 불닭 인기 여전히 뜨겁다···삼양식품 목표가 200만 원 또 나왔다 [줍줍리포트] 삼양식품 서울경제
​
08:53:06 *日 3분기 실질 GDP 연율 1 8% 감소 예상보다 선방 연합인포
​
08:53:00 에어프레미아 예비엔진 4호기 도입 운항안정성 강화 조선비즈
​
08:52:59 한국네트웍스 아태 최대 IT 산업협력기구서 우수기업상 수상 한국앤컴퍼니 이데일리
​
08:52:55 경찰 '서부지법 난동 배후 의혹' 전광훈 18일 소환 연합뉴스
​
08:52:50 탑코미디어 3분기 영업이익 17억원 흑자전환 성공 탑코미디어 뉴스핌
​
08:52:46 대웅제약 AI 국책과제 연구기관 선정 신약개발 혁신 이끈다 대웅제약 파이낸셜뉴스
​
08:52:46 갑자기 추워진 날씨에··· 신일전자 팬히터 판매량 '쑥' 서울경제
​
08:52:45 현대로템 '2025 파트너스 데이' 개최 협력사와 동반성장 강화 아시아경제
​
08:52:45 현대차 '더 뉴 아반떼 N TCR' 2025 TCR 월드투어 최종전 우승 현대차 인포스탁
​
08:52:44 장동혁 이재명이 대통령 돼 대한민국 범죄자 놀이터 돼 가는 중 헤럴드경제
​
08:52:42 한울소재과학 JKM 중국 C사 OLED 필름 소재 수주 한울소재과학 파이낸셜뉴스
​
08:52:32 7~9월 일본 3분기 GDP는 연간 1 8% 성장률을 기록했습니다 로이터뉴스
​
08:52:30 칠레대선 내달 결선 치를듯 '공산당 vs 극우' 양자구도 연합뉴스
​
08:52:25 용산 찾은 국힘···장동혁 李 기다리는 건 국정조사·특검 서울경제
​
08:52:16 LS일렉트릭 1100억 규모 미국 데이터센터 전력 사업 수주 머니투데이
​
08:52:12 한국투자증권 ELW 517종목 신규 상장 컨슈머타임스
​
08:52:00 [현대차증권 데일리] Morning Meeting Notes 현대차증권 인포스탁
​
08:51:50 3년만에 360조→450조 삼성 AI 수요에 '본진 강화'로 대응 연합인포
​
08:51:45 아우디 코리아 아우디 수성 전시장 리뉴얼 오픈 이데일리
​
08:51:36 전장연 출근길 탑승시위로 4호선 혜화역 하행선 무정차 통과 연합뉴스
​
08:51:09 폴라리스오피스 3분기 매출 2390억·영업이익 104억 계열사 호조 속 성장 가속 폴라리스오피스 아시아경제
​
08:51:04 로킷헬스케어 중국서 동결 경화 바이오프린터 원천 특허 등록 완료 로킷헬스케어 이데일리
​
08:50:50 경찰 서부지법 난동 배후 의혹 전광훈 목사 18일 소환조사 이데일리
​
08:50:45 에이블리·지그재그 등 패션플랫폼 '블프' 상품 할인에 쿠폰도 연합뉴스
​
08:50:43 DB손보 금융소비자보호 우수기업 2년 연속 1위 컨슈머타임스
​
08:50:43 '[경제지표] 일본 3분기 GDP 성장률(잠정) QoQ -0 4% / 예측 연합인포
​
08:50:42 파이브가이즈 신세계 여주 프리미엄 아울렛 입점 이데일리
​
08:50:41 엘앤케이바이오메드 실적 개선 흐름 이어가 美 공급망 확대 전망 엘앤케이바이오 아시아경제
​
08:50:41 '[경제지표] 일본 3분기 GDP 성장률(연율)(잠정) -1 8% / 예측 연합인포
​
08:50:32 미래에셋생명 '보장성 보험 성장' 3분기 순익 1638억원 전년比 134 8%↑ CS 조세일보
​
08:50:28 AI 시대 이끌 첨단인재 수시 2차서 선발하는 영진전문대 파이낸셜뉴스
​
08:50:20 '지난주 자사주 매수/매도 현황(자사주 체결수량 순) 인포스탁
​
08:50:10 신용거래증가율 상위 인포스탁
​
08:50:04 서울 지하철 4호선 혜화역 전장연 시위로 무정차 통과 뉴스핌
​
08:50:03 외국인 연속 순매수일 상위 20선 - 코스닥 로스웰 조선비즈
​
08:50:01 공모 일정 인포스탁
​
08:50:00 시장조치 종목 인포스탁
​
08:49:53 비트코인 14억까지 간다 외친 부자아빠 가격 하락하자 꺼낸 한마디 파이낸셜뉴스
​
08:49:49 위닉스 파라타항공 국제선 취항 기념 '패밀리가 떴다' 프로모션 진행 위닉스 머니투데이
​
08:49:49 이제 신선함 없다 신한투자 메리츠금융지주 목표주가 하향 연합인포
​
08:49:46 디즈니와 유튜브 TV 다년간 계약 합의 연합인포맥스
​
08:49:43 한투운용 글로벌반도체TOP4 Plus 3년 수익률 337% 반도체 ETF 중 1위 SK하이닉스 헤럴드경제
​
08:49:40 재정부 적극적인 재정정책 기조 유지할 것 연합인포맥스
​
08:49:31 일본 가상자산 세율 55%→20% 전환 검토 비트코인 금융상품 등록 추진 [투자360] 헤럴드경제
​
08:49:26 그립 도·소매 실시간 연결하는 라이브 커머스 진행 한국경제
​
08:49:10 도이치모터스 3분기 영업익 63억원 전년比 116%↑ 도이치모터스 이데일리
​
08:49:08 신용비율 상위 종목 아난티 인포스탁
​
08:49:07 기관 연속 순매수일 상위 20선 - 코스피 SK디스커버리 조선비즈
​
08:49:07 최근 5거래일 누적 공매도 비중 순위(코스닥) 인포스탁
​
08:49:07 기관 연속 순매수일 상위 20선 - 코스피 SK디스커버리 조선비즈
​
08:49:06 최근 5거래일 누적 공매도 비중 순위(코스피) 인포스탁
​
08:49:05 최근 5거래일 누적 공매도량 순위(코스닥) 인포스탁
​
08:49:04 최근 5거래일 누적 공매도량 순위(코스피) 인포스탁
​
08:49:04 볼링장 기계는 필수 시설물 부동산과 함께 소유권 이전돼야 이데일리
​
08:49:04 [리포트 브리핑]아이패밀리에스씨 '성장의 축이 이동하는 와중에 잠깐 주춤했을 뿐' Not Rated - 키움증권 아이패밀리에스씨 뉴스핌
​
08:49:03 최근 15거래일 누적 공매도 비중 순위(코스닥) 인포스탁
​
08:49:02 최근 15거래일 누적 공매도 비중 순위(코스피) 인포스탁
​
08:49:02 김건희 母 치매 진단서 제출 특검 건강문제·일가족 수사' 고려 불구속 방침 파이낸셜뉴스
​
08:49:01 최근 15거래일 누적 공매도량 순위(코스닥) 인포스탁
​
08:49:00 최근 15거래일 누적 공매도량 순위(코스피) 인포스탁
​
08:48:59 무신사 스탠다드 올해 오프라인 방문객 2천만명 돌파 연합뉴스
​
08:48:53 유소년 멘토링·올림픽 국가대표 육성 넥센타이어 윈가드 스노보드팀과 국내 동계스포츠 지원 파이낸셜뉴스
​
08:48:49 아우디 코리아 아우디 수성 전시장 리뉴얼 오픈 대구·영남 지역 고객을 위한 핵심 전시장 헤럴드경제
​
08:48:24 신임 산림청 차장에 박은식 산림산업정책국장 임명 서울경제
​
08:48:24 동작구 26일 '한수진 바이올린 리사이틀' 개최 연합뉴스
​
08:48:23 분당선 기흥-동탄-오산 연장 '급물살' 국토부 국회 부대의견 수용 파이낸셜뉴스
​
08:48:16 내년에도 주식투자 계속된다 증권업 구조적 성장할 것 이투데이
​
08:48:03 '외국인/기관 연속 순매도일 상위 20종목(코스닥) 인포스탁
​
08:48:03 기관 연속 순매수일 상위 20선 - 코스닥 인포뱅크 조선비즈
​
08:48:02 '외국인/기관 연속 순매도일 상위 20종목(코스피) 인포스탁
​
08:48:01 '외국인/기관 연속 순매수일 상위 20종목(코스닥) 인포스탁
​
08:48:00 '외국인/기관 연속 순매수일 상위 20종목(코스피) 인포스탁
​
08:47:56 外人 매도는 단기 차익실현 성격 코스피 변동 저가 매수 기회로 [투자360] 헤럴드경제
​
08:47:50 국제유가 마감시황 인포스탁
​
08:47:38 아우디코리아 대구·영남 고객 '아우디 수성 전시장' 리뉴얼 오픈 뉴스핌
​
08:47:34 플래티어 3분기 매출 267억원 전년비 17%↑ 플래티어 뉴스핌
​
08:47:33 열 폭주 전기차 화재 무서운데 이거 있으면 우리 아파트도 안심? 매일경제
​
08:47:27 현대차 전·현직 카마스터와 함께 소아암 환아에 후원금 전달 현대차 뉴스핌
​
08:47:17 현대차 카마스터와 소아암 환아 후원금 5700만원 전달 이데일리
​
08:47:15 [속보] 정성호 법무·檢 안정이 우선 가장 좋은 방법 고민 한국경제
​
08:47:13 AI가 직접 통신 ETRI 6G 지능형 무선액세스 기술 개발 헤럴드경제
​
08:47:10 올리브영N 성수 1년 만에 K뷰티 랜드마크로 누적 250만 이데일리
​
08:47:07 외국인 연속 순매도일 상위 20선 - 코스피 LX하우시스우 조선비즈
​
08:47:04 미스토홀딩스 3분기 영업익 41%↑ 미스토 흑전 미스토홀딩스 이데일리
​
08:47:00 WSJ 엡스타인 이메일 절반서 트럼프 언급 클린턴·오바마 줄줄이 등장 매일경제
​
08:46:50 삼성증권(주) 상장지수증권 투자유의 안내(삼성 미국 대형 성장주 ETN) 삼성 미국 대형 성장 ETN공시
​
08:46:49 이스트소프트 음성 길이 맞춘 AI 자동 더빙 EMNLP서 발표 이스트소프트 이데일리
​
08:46:47 현대차 더 뉴 엘란트라 N TCR 마카오서 1·2위 석권 시즌 5승으로 완승 마무리 현대차 뉴스핌
​
08:46:42 경차는 일반칸 주차 금지 아파트 관리사무소 단속 안내문 논란 머니투데이
​
08:46:42 경차는 일반칸 주차 금지 강력 접착 스티커 '쫙' 논란의 아파트 머니투데이
​
08:46:41 삼성증권(주) 상장지수증권 투자유의 안내(삼성 미국 대형 성장주 ETN(H)) 삼성 미국 대형 성장 ETN공시
​
08:46:40 이스타항공 인천·김해공항 코트룸 서비스 시작 헤럴드경제
​
08:46:36 하이트진로 베트남 장학사업 6년째 누적 110명 지원 하이트진로 이데일리
​
08:46:35 삼성증권(주) 상장지수증권 투자유의 안내(삼성 미국 대형 가치주 ETN) 삼성 미국 대형 가치 ETN공시
​
08:46:34 인터플렉스 실적 정상화 본격화 목표가 1만2500원으로 상향 [모닝리포트] 인터플렉스 뉴스핌
​
08:46:29 삼성증권(주) 상장지수증권 투자유의 안내(삼성 미국 대형 가치주 ETN(H)) 삼성 미국 대형 가치 ETN공시
​
08:46:27 이스타항공 인천·김해공항 코트룸 서비스 시작 뉴스핌
​
08:46:22 삼성증권(주) 상장지수증권 투자유의 안내(삼성 China A50 선물 ETN(H)) 삼성 China A50 선물 ETN공시
​
08:46:21 [오늘의신상]CU 하와이 매장 오픈 기념 현지 먹거리 10종 출시 BGF리테일 아시아경제
​
08:46:20 대원미디어 북미서 '아머사우루스' 호평 획득 대원미디어 뉴스핌
​
08:46:16 엔에이치투자증권(주) 상장지수증권 투자유의 안내(N2 미국달러 SOFR금리 플러스 ETN) N2 미국달러 SOFR금리 ETN공시
​
08:46:14 한국부동산개발협회 창립 20주년 기념행사 'A N D 20' 개막 파이낸셜뉴스
​
08:46:14 농심 '누들핏 새우탕맛' 출시 농심 컨슈머타임스
​
08:46:10 코스닥 프로그램 매매현황(20거래일) 인포스탁
​
08:46:09 하나증권(주) 상장지수증권 괴리율 초과 발생(하나 반도체 ETN) 하나 반도체 ETN ETN공시
​
08:46:05 파워넷 3분기 최대실적 달성 밸류업 본격 시작 파워넷 아시아경제
​
08:46:05 LG전자 'E-순환페스티벌' 개최 식세기·세탁기 환급·혜택 중복 적용 가능 LG전자 뉴스핌
​
08:46:03 외국인 연속 순매도일 상위 20선 - 코스닥 우리엔터프라이즈 조선비즈
​
08:46:00 코스피 프로그램 매매현황(20거래일) 인포스탁
​
08:45:57 [보험사 이모저모] '톱스타' 모델 보면 전략 보인다 연합인포
​
08:45:49 셀바스AI 3분기 영업익 10억원 셀바스AI 뉴스핌
​
08:45:45 SG 친환경 K-아스콘 韓美 동맹 글로벌 시장 공략 시동 SG 이데일리
​
08:45:32 도미노피자 도미노 인생네컷 Festa 진행 이데일리
​
08:45:30 미국 주요 ETF 등락률 인포스탁
​
08:45:28 하나증권(주) 상장지수증권 괴리율 초과 발생(하나 레버리지 코스닥150 선물 ETN) 하나 레버리지 코스닥 ETN공시
​
08:45:27 SK 주주환원 확대 가능성 목표가 상항 -NH SK 한국경제
​
08:45:26 신문협 디지털협의회 'AI와 뉴스의 미래' 세미나 개최 서울경제
​
08:45:22 태웅 풍력 부진에도 발전 부문 고성장 목표가 ↓ [모닝 리포트] 태웅 뉴스핌
​
08:45:21 삼성증권(주) 상장지수증권 괴리율 초과 발생(삼성 KRX 레버리지 2차전지 TOP10 TR ETN) 삼성 KRX 레버리지 2 ETN공시
​
08:45:20 미국 주요기업 주가등락률(마감) 인포스탁
​
08:45:19 네이버웹툰 대규모 프로모션 웹툰프렌즈 팡팡위크 개최 헤럴드경제
​
08:45:12 다올투자證 농심 케데헌 마케팅 효과 시작··· 목표가 55만원 농심 조선비즈
​
08:45:12 KB증권(주) 상장지수증권 괴리율 초과 발생(KB 코스닥 150 TR ETN) KB 코스닥 150 TR ETN ETN공시
​
08:45:12 다올투자證 농심 케데헌 마케팅 효과 시작··· 목표가 55만원 농심 조선비즈
​
08:45:10 [리포트 브리핑]미스토홀딩스 '증명된 실행력' 목표가 50 000원 - 키움증권 미스토홀딩스 뉴스핌
​
08:45:04 조정장에 사야 진짜 수익 보유주식은 그대로 투자자금은 4배 오리엔탈정공 한국경제
​
08:45:03 토스 수능 마친 고3 금융교육 지원 뉴스핌
​
08:45:03 기관 연속 순매도일 상위 20선 - 코스닥 모비릭스 조선비즈
​
08:45:01 [키움증권 데일리] 엔비디아 실적을 둘러싼 버블 공방전 키움증권 인포스탁
​
08:45:00 신규상장 종목 인포스탁
​
08:45:00 튀니지 최초 로봇수술 한국산 장비로 실시 연합뉴스
​
08:45:00 브레이킹뷰 - 한 주간의 브레이킹뷰: 25년 후 로이터뉴스
​
08:44:59 한투證 삼양식품 밀양 2공장 가동에도 공급 부족 최선호주 유지 삼양식품 조선비즈
​
08:44:56 삼정KPMG ESG 공시 우수 기업 격차 두 배 벌렸다 [투자360] 헤럴드경제
​
08:44:54 NH투자 대주전자재료 단기 실적은 조정에도 성장 흐름은 유효 대주전자재료 이투데이
​
08:44:51 카티스 3분기 누적 매출 185억원 전년比 5 2%↑ 카티스 뉴스핌
​
08:44:49 부동산개발協 20일 창립 20주년 행사 '공공성' 앞세워 새 비전 선포 아시아경제
​
08:44:47 세입자도 조합원 가능? 서울시 모아주택·타운 '질의 사례집' 발간 파이낸셜뉴스
​
08:44:47 하나금융 발달장애 예술가 미술 공모전 '하나 아트버스' 개최 컨슈머타임스
​
08:44:45 SOL코리아고배당 ETF '첫 월배당' 지급 분배율 0 86% 수준 삼성화재 파이낸셜뉴스
​
08:44:40 [오늘 외환딜러 환율 예상레인지] 연합인포
​
08:44:39 [오늘 외환딜러 환율 예상레인지] 연합인포맥스
​
08:44:36 '힐스테이트 광명11' 17일 특별공급 18일 1순위 접수 파이낸셜뉴스
​
08:44:34 한라캐스트 3분기 누적 매출 1149억원 한라캐스트 뉴스핌
​
08:44:23 아워홈 고우림의 '황금빛 유자동치미' 출시 컨슈머타임스
​
08:44:17 [리포트 브리핑]한화생명 '기대치 하회 CSM 순증했으나 보험이익 안정화 필요' 목표가 3 500원 - 키움증권 한화생명 뉴스핌
​
08:44:17 [리포트 브리핑]이수페타시스 'Capa 증설로 추가 성장 사이클 진입' 목표가 140 000원 - 키움증권 이수페타시스 뉴스핌
​
08:44:15 이용배 현대로템 대표 협력사 덕분에 변화와 혁신 가능 현대로템 이데일리
​
08:44:13 한미 사이버 동맹 훈련 오늘부터 닷새간 실시 연합뉴스
​
08:44:12 김장 용품 대형마트보다 전통시장이 10 8% 저렴 아시아경제
​
08:44:12 오늘이엔엠 3분기 자본잠식률 극적 개선 1000%p 낮춰 오늘이엔엠 이데일리
​
08:44:10 알트 코스닥 상장 AI·로봇으로 성장 가속 알트 뉴스핌
​
08:44:07 외국인 연속 순매수일 상위 20선 - 코스피 JW생명과학 조선비즈
​
08:44:07 하이트진로 주류 시장 침체 장기화 목표가↓ -IBK 하이트진로 한국경제
​
08:44:06 [원롯데 담금질] 신유열 경영능력 입증 핵심 전략 부각 롯데지주 딜사이트
​
08:44:00 [다올투자증권 데일리] DAOL Morning Brief 다올투자증권 인포스탁
​
08:43:57 토스 돈과 삶의 관계 다룬 매거진 '더 머니이슈' 출간 뉴스핌
​
08:43:56 일동제약 경구형 비만치료제 선봉 글로벌 임상 자금도 충분해 일동제약 머니투데이
​
08:43:54 거품론에 하락? 지금이 기회! 서학개미 美 AI주·3배 레버리지 ETF 폭풍 매수 [투자360] 헤럴드경제
​
08:43:53 (주)모니터랩 기업설명회(IR) 개최 모니터랩 코스닥공시
​
08:43:51 이재명 대통령 관봉권·쿠팡 의혹 상설특검에 안권섭 임명 아시아경제
​
08:43:46 코빗 '코인 렌딩 서비스' 정식 오픈 뉴스핌
​
08:43:45 코빗 복합 담보 기반 코인 렌딩 서비스 오픈 최대 10억 대여 이투데이
​
08:43:42 코난테크놀로지 공공 산업 특화 LLM 사업 두각 코난테크놀로지 인포스탁
​
08:43:36 인크로스-카카오모빌리티 '디지털 옥외광고' 사업 협력 MOU 체결 카카오 파이낸셜뉴스
​
08:43:28 또라이 중에 상또라이 사장 폭언에 못참아 금융치료 나섰다 [김대영의 노무스쿨] 한국경제
​
08:43:24 SK證 이수페타시스 다중적층 MLB 판매가 상승으로 수익성 개선 목표가 14만4000 이수페타시스 조선비즈
​
08:43:22 [아침밥] SK증권 영원무역 3분기 실적 시장 예상치 상회 영원무역 인포스탁
​
08:43:20 'K뷰티 성지' 올리브영N 성수 개점 1년 만에 방문객 250만명 연합뉴스
​
08:43:20 BBQ 연말 프로모션 '홀리데이 인 파리' 선봬 이데일리
​
08:43:17 [리포트 브리핑]농심 '4분기부터 케데헌 효과 본격화 기대' 목표가 540 000원 - 키움증권 농심 뉴스핌
​
08:43:17 [리포트 브리핑]DB손해보험 '기대치 하회 예실차와 자동차보험 부진' 목표가 160 000원 - 키움증권 DB손해보험 뉴스핌
​
08:43:13 iM뱅크 행장 후보 면접 돌입 시중銀 확장 전략 '시험대' 연합인포
​
08:43:09 '김정균 체제' 보령 우주사업 드라이브 추가 투자도 가시화 보령 딜사이트
​
08:43:07 기관 연속 순매도일 상위 20선 - 코스피 한국공항 조선비즈
​
08:43:05 하나카드 2025 명동 빛 축제 이벤트 파이낸셜뉴스
​
08:43:04 셀바스AI 3분기 누적 매출 802억원·이익 7억원 흑자전환 셀바스AI 한국경제
​
08:43:03 美 내년 중간선거 2000불 지원금 필승카드 쓰나[이태규의 워싱턴 플레이북] 서울경제
​
08:43:03 '[전문] 웬만해선 서학 개미를 막을 수 없다 / 신한은행 연합인포
​
08:43:03 '[전문] 당국에 맞서지 말라는 격언 / 국민은행 연합인포
​
08:43:01 충남 SNS 온라인 소통 어워즈 3관왕 빛났다 파이낸셜뉴스
​
08:42:52 [아침밥] 한투증권 삼양식품 관세에도 사상 최대 매출 경신 삼양식품 인포스탁
​
08:42:51 NH투자증권 SK 주주환원 확대 가능성 컨슈머타임스
​
08:42:49 금결원 '코리아 핀테크 위크 2025'서 AI가 가져올 금융의 혁신 방향 논의 이투데이
​
08:42:44 CU 하와이 그랜드 오픈 기념 하와이 먹거리 10종 출시 조선비즈
​
08:42:42 하나카드 '2025 명동 빛 축제' 이벤트 개최 컨슈머타임스
​
08:42:42 [전문] Metal Futures - 금리 동결과 중국 침체 우려에 하락 연합인포
​
08:42:42 '[전문] Commodity Futures - 베네수엘라 리스크 / 삼성선 연합인포
​
08:42:42 [전문] <USD Futures Daily> 수많은 재료 높은 상방과 연합인포
​
08:42:42 '[전문] 롱심리 과열 1차 진화 작업 완료 / 우리은행 연합인포
​
08:42:42 [전문] <채권일간 - 251117> Bond Morning Brief 연합인포
​
08:42:29 SG 친환경 K아스콘 韓-美 동맹 글로벌 시장 공략 시동 SG 아시아경제
​
08:42:28 [인사 줌인] 김경아 삼성에피스홀딩스 초대 대표 '신약기업' 탈바꿈 시험대 삼성바이오로직스 딜사이트
​
08:42:27 애플 맥 프로 출시 불투명 고급 데스크톱 라인업 재편되나[모닝폰] 이데일리
​
08:42:18 삼성전자 공급가 60% 인상 뉴스에 美 마이크론 4%↑ 코스피 반도체發 반등? [투자360] 삼성전자 헤럴드경제
​
08:42:14 겨울템 장착하고 여행간다 NOL 무신사와 블랙프라이데이 맞손 한국경제
​
08:42:13 코나아이 세계 최초 지문인식 메탈카드 상용화 방글라데시서 공식 출시 코나아이 이데일리
​
08:42:10 '주요 증권사 수익률 상위 개인 투자자 전일 매수/매도 상위 종목 현황 (2025 11 14 기준) 엔케이 인포스탁
​
08:42:09 [리포트 브리핑]메리츠금융지주 '기대치 부합 견조한 수익성 주주환원 정책도 유지' 목표가 150 000원 - 키움증권 메리츠금융지주 뉴스핌
​
08:42:09 [리포트 브리핑]삼양식품 '판매량 증가와 가격 인상으로 수익성 회복 전망' 목표가 1 850 000원 - 키움증권 삼양식품 뉴스핌
​
08:42:06 한울소재과학 JKM 中 C사 OLED 필름 소재 수주 한울소재과학 뉴스핌
​
08:42:03 한덕수 내란재판에 최상목·추경호 증인 출석 계엄의 밤 재구성 매일경제
​
08:42:02 전일자 증권사 투자의견(신규) 인포스탁
​
08:42:01 전일자 증권사 투자의견(하향) 인포스탁
​
08:42:00 전일자 증권사 투자의견(상향) 인포스탁
​
08:42:00 [IRFOCUS] [IR] 엘앤케이바이오메드 3Q 실적 상승세 이어가 글로벌 메이저사 품질 실사 성료로 美 공급망 확대 본격 타진! 엘앤케이바이오 IR GO
​
08:41:56 그랑 콜레오스 구매 기회 르노코리아 이달말까지 세일페스타 아시아경제
​
08:41:54 넷마블 '킹 오브 파이터 AFK' 새 파이터 '루갈 번스타인' 업데이트 넷마블 인포스탁
​
08:41:54 탁보그룹(601689 SH) 4분기 고객 판매량 증가로 실적 성장 기대 연합인포맥스
​
08:41:51 KG이니시스 본업 회복·계열사 안정 목표가↑ [모닝 리포트] KG이니시스 뉴스핌
​
08:41:50 [아침밥]IBK증권 하이트진로 맥주·소주 동반 약세에 3분기 실적 뚝 하이트진로 인포스탁
​
08:41:47 골프존홀딩스 손자회사 대여금 출자전환 나선 속내는 골프존홀딩스 딜사이트
​
08:41:39 월가 기술주 조정 차익실현·셧다운 따른 단기 침체일 뿐 연합인포
​
08:41:34 한미반도체 미국 마이크론 '탑 서플라이어상' 수상 연합뉴스
​
08:41:30 [IPO 프리즘] 리브스메드 1조 벨류 유지 오버행·케파 '변수' 딜사이트
​
08:41:28 에이직랜드 3분기 매출 161억원 전년比 14% ↑ 에이직랜드 뉴스핌
​
08:41:23 기아 인증중고차 센터 평택 직영점·PBV 익스피리언스 센터 개소 이데일리
​
08:41:22 [속보]서울 지하철 4호선 혜화역 하행선 집회·시위로 무정차 통과 머니투데이
​
08:41:20 컬리 홀리데이마켓 기획전 홈파티 메뉴와 장식용품 연합뉴스
​
08:41:16 국힘 대변인 같은 당 김예지 향해 피해의식 똘똘 뭉쳐 이데일리
​
08:41:10 제놀루션 3분기 매출 70억 전년比 40% ↑ 제놀루션 뉴스핌
​
08:41:10 현대글로비스 폴란드에 K2 전차·K9 자주포 배송 완료 현대글로비스 이데일리
​
08:41:00 '자사주 취득중/완료기업 금강철강 인포스탁
​
08:40:57 피츠패트릭 DP월드투어 최종전 우승 연장서 매킬로이 꺾어 레이 헤럴드경제
​
08:40:52 일본 새로운 암호 화폐 규칙 고려 아사히 신문 보도 로이터뉴스
​
08:40:50 아이에스티이 PECVD 신규 장비 사업 확대 리레이팅 기대 [모닝 리포트] 아이에스티이 뉴스핌
​
08:40:50 알파칩스 '국방 AI 반도체' 기술 자립 시동 산·학·연 5자 MOU 체결 알파칩스 이데일리
​
08:40:47 시어스랩 AI 스마트 글래스 국제 안경광학산업전시회서 대중에 첫 선 이데일리
​
08:40:45 신한카드 삼척 도계지역아동센터에 '아름인도서관' 개관 컨슈머타임스
​
08:40:44 美 베네수 '솔레스카르텔'은 테러조직 마두로정권이 이끌어 연합뉴스
​
08:40:43 삼정KPMG 'ESG 공시·인증' 선도·초기 그룹 간 격차 2배로 확대 아시아경제
​
08:40:38 윤석금 회장의 노하우 바이백으로 보여준 락인 전략 '정수' 웅진 딜사이트
​
08:40:38 니트처럼 포근한 혜택 스타벅스 연말 맞이 버디 위크 진행 이데일리
​
08:40:37 강원문화재단 대관령아카데미 강릉·춘천서 진행 파이낸셜뉴스
​
08:40:30 삼성 KODEX 미국S&P500버퍼6월액티브증권상장지수투자신탁[주식-파생형] ETF기타시장안내 KODEX 미국S&P500버퍼 코스피공시
​
08:40:26 동원홈푸드 비비드키친 저당 브리또 3종 출시 컨슈머타임스
​
08:40:25 삼성 KODEX 미국S&P500버퍼3월액티브증권상장지수투자신탁[주식-파생형] ETF기타시장안내 KODEX 미국S&P500버퍼 코스피공시
​
08:40:24 삼양엔씨켐 ArF·EUV 매출 본격 확대 마진 개선 지속 [모닝 리포트] 삼양엔씨켐 뉴스핌
​
08:40:18 KB RISE 차이나테크TOP10위클리타겟커버드콜증권상장지수투자신탁(주식-파생형) ETF 괴리율 초과 발생 RISE 차이나테크TOP10 코스피공시
​
08:40:15 매일새옷 '2025 재도전의 날' 대상 수상 세탁 DX 시장 핵심 스케일업 공식 인정 뉴스핌
​
08:40:14 부동산개발협회 20주년 기념행사 개최 K-REDII 출범·CI 교체 이투데이
​
08:40:11 KB RISE 인도디지털성장증권상장지수투자신탁(주식-파생형) ETF 괴리율 초과 발생 RISE 인도디지털성장 코스피공시
​
08:40:09 한화로보틱스 산학연 협력 'AI 로봇 기술 세미나' 열어 이투데이
​
08:40:08 한솔케미칼 올해도 좋고 내년은 더 좋다 [모닝 리포트] 한솔케미칼 뉴스핌
​
08:40:07 [리포트 브리핑]나노 '이제는 데이터센터 수혜주' Not Rated - 키움증권 나노 뉴스핌
​
08:40:06 [원롯데 담금질] 식품·호텔·모빌리티·바이오까지 韓·日 전방위 협력 롯데지주 딜사이트
​
08:40:03 인천시 EAAFP 관리위원회 상임위원 선임 파이낸셜뉴스
​
08:40:00 일자별 반대매매 추이 인포스탁
​
08:40:00 에이비엘바이오 펩트론 오리엔트 등 바이오 강세! 대응전략은 에이비프로바이오 아시아경제
​
08:39:57 보험사 컨콜 들어보니 '자본 규제' 방향에 쏠린 관심 연합인포
​
08:39:52 NH투자 조선 성장 국면 계속 LNG선·군함 덕에 입지 강화 HD현대중공업 연합뉴스
​
08:39:49 송혜교-서경덕 여성독립운동가 김향화 국내외에 알린다 연합뉴스
​
08:39:49 익풍약국(603939 SH) 중국 선두의 체인 약국 시장수익률 상회 연합인포맥스
​
08:39:45 삼일PwC 중소·중견기업 ESG 대응 세미나 개최 아시아경제
​
08:39:43 [원롯데 담금질] 신동빈 지배구조 개편보다 급한 생존 '방점' 롯데지주 딜사이트
​
08:39:41 농심 실적 턴어라운드 국내·북미 모두 성장 신호 [모닝 리포트] 농심 뉴스핌
​
08:39:40 현대차그룹 2030년까지 국내에 역대 최대 규모 125 2조 투자 기아 컨슈머타임스
​
08:39:38 삼양식품 관세 영향 최소화·수출 모멘텀 확대 목표가↑-신한 삼양식품 머니투데이
​
08:39:24 [TOP's Pick] 아이즈비전 가입자 수 증가에 3Q 누적 영업익 134% 성장 아이즈비전 인포스탁
​
08:39:24 르노코리아 코리아세일페스타 혜택 11월까지 연장 최대 490만원 혜택 파이낸셜뉴스
​
08:39:23 이수페타시스 역대 실적 돌파 [모닝 리포트] 이수페타시스 뉴스핌
​
08:39:21 [폴폴뉴스]李대통령 지지율 3주만 하락세 '팩트시트' 공개 후 상승 전환 아시아경제
​
08:39:14 SK 자사주 소각 추진 수혜 기대 SK 인포스탁
​
08:39:14 롯데웰푸드 크리스마스 에디션 아이스크림 3종 출시 롯데웰푸드 이데일리
​
08:39:06 한화 PLUS 200선물인버스2X증권상장지수투자신탁(주식-파생형) ETF 괴리율 초과 발생 PLUS 200선물인버스2X 코스피공시
​
08:38:57 삼양식품 글로벌 불닭 수요 폭발 목표가 200만원 ↑ [모닝 리포트] 삼양식품 뉴스핌
​
08:38:54 삼성 KODEX 미국서학개미증권상장지수투자신탁[주식] ETF 괴리율 초과 발생 KODEX 미국서학개미 코스피공시
​
08:38:54 매서운 북풍에 월요일 출근길 '겨울추위' 내일 아침은 더 추워 연합뉴스
​
08:38:50 DB손보 금융소비자보호 우수기업 2년 연속 1위 선정 이데일리
​
08:38:50 클로봇 무브로보틱스와 제조물류 자동화 전략적 MOU 체결 클로봇 이데일리
​
08:38:48 아이텍 3분기 누적 영업이익 '흑자전환 달성' 차량용 및 AI반도체 테스트 호조 아이텍 인포스탁
​
08:38:48 이재명 대통령 지지율 '55%' 3주 만에 하락 대장동 항소 포기 여파 머니투데이
​
08:38:43 삼성전기 AI발 고부가 수요 폭증 목표주가 30만원 [모닝 리포트] 삼성전기 뉴스핌
​
08:38:38 증권가 삼양식품 목표주가 줄상향 외형 성장 가속화 삼양식품 연합뉴스
​
08:38:38 LS 2026년 글로벌 전력 인프라 고도화 수혜 본격화-대신 LS 인포스탁
​
08:38:35 한국투자 ACE 엔비디아채권혼합증권상장지수투자신탁(채권혼합) ETF 괴리율 초과 발생 ACE 엔비디아채권혼합 코스피공시
​
08:38:22 송파구 관광기념품 판매액 급증세 3년새 3 6배로 연합뉴스
​
08:38:17 보툴리눔 톡신 업계 '국가핵심기술 지정' 해제 논의 불붙나 컨슈머타임스
​
08:38:10 외국인 매도세에 춤추는 코스피 엔비디아 실적만 '오매불망' [오늘장 미리보기] 한국경제
​
08:38:00 오늘의 이슈&테마 스케줄 그린광학 인포스탁
​
08:38:00 오늘의 이슈&테마 스케줄 그린광학 인포스탁
​
08:38:00 남양유업 네이버 '푸드페스타'서 최대 64% 할인 남양유업 컨슈머타임스
​
08:37:56 [부고] 장소연(삼성전자 한국총괄 마케팅팀 부사장)씨 부친상 연합뉴스
​
08:37:50 신한운용 'SOL 코리아고배당' 첫 월배당 지급 이데일리
​
08:37:43 강호동 농협중앙회장 '2025 한국전문경영인 대상' 수상 컨슈머타임스
​
08:37:33 하나證 SK 자회사 순자산가치 대거 상승 목표가 29% 상향 SK 조선비즈
​
08:37:27 상주영천고속도로서 유조차 등 13대 교통사고 6명 사상 파이낸셜뉴스
​
08:37:21 LS일렉트릭 1천100억원 규모 美 데이터센터 전력인프라 수주 연합뉴스
​
08:37:18 [오늘의신상]농심 '누들핏 새우탕맛' 출시 농심 아시아경제
​
08:37:12 [K-VIBE] 신종근의 'K-리큐르' 이야기 전통과 과학이 만난 구기자 술 연합뉴스
​
08:37:10 부천시 그래픽아트 작가교류 업무협약 체결 레이 헤럴드경제
​
08:37:04 [리포트 브리핑]유진테크 '3Q25 review: 쇼크는 뼈 아프지만 진검승부는 내년부터' 목표가 110 000원 - 삼성증권 유진테크 뉴스핌
​
08:37:01 미국 테마시황 인포스탁
​
08:37:00 뉴욕 마감시황 인포스탁
​
08:36:49 삼성전기 2026년 큰 폭 이익 성장세 기대-KB 삼성전기 인포스탁
​
08:36:45 무탠다드 올해 누적 방문 2000만명 방문객 수 2 3배 증가 아시아경제
​
08:36:42 삼일PwC '지스타 2025'서 게임산업 글로벌 전략과 AI 혁신 논의 이투데이
​
08:36:42 한국투자 ACE 싱가포르리츠부동산상장지수투자신탁(재간접형) ETF 괴리율 초과 발생 ACE 싱가포르리츠 코스피공시
​
08:36:41 찜질방서 60대女 신체 촬영하고 바지 속까지 들춘 40대男 파이낸셜뉴스
​
08:36:39 아반떼 N TCR 월드투어 최종전서 더블 포디움 이데일리
​
08:36:33 한국투자 ACE 러시아MSCI증권상장지수투자신탁(주식-파생형)(합성) ETF 괴리율 초과 발생 ACE 러시아MSCI(합성) 코스피공시
​
08:36:31 [더벨]한라캐스트 관세 영향에도 호실적 흐름 유지 한라캐스트 머니투데이
​
08:36:26 유안타證 에스엠 주가 조정 마무리 국면 목표가 16만→13만원 에스엠 조선비즈
​
08:36:23 한국투자 ACE MSCI인도네시아증권상장지수투자신탁(주식-파생형)(합성) ETF 괴리율 초과 발생 ACE MSCI인도네시아( 코스피공시
​
08:36:15 국제게임전시회 '지스타 2025' 성료 나흘간 20만명 방문 뉴스핌
​
08:36:04 SOL코리아고배당 ETF 첫 월배당 지급 아시아경제
​
08:35:54 아이즈비전 영업익 전년比 134% 성장···라이프모바일로 진화 아이즈비전 이투데이
​
08:35:52 미국 국경 순찰대 샬럿 이민 단속 첫날 81명 체포 로이터뉴스
​
08:35:49 GS25 와인25플러스 연말 주류 페스타 희귀 와인·VIP투어 티켓까지 아시아경제
​
08:35:43 비트코인 9만3000달러 '터치'↓ 하락세 계속 이데일리
​
08:35:35 李대통령 관봉권·쿠팡 의혹 '상설특검'에 안권섭 임명 뉴스핌
​
08:35:33 [표] 주요 농산물 선물 종가 (11월 14일) 연합인포
​
08:35:30 인크로스-카카오모빌리티 '디지털 옥외광고 사업 협력' MOU 체결 인크로스 이데일리
​
08:35:28 캄보디아서 숨진 대학생 온몸에 구타 흔적 국과수 부검 결과 나왔다 머니투데이
​
08:35:27 관광공사 인도네시아서 한국여행주간 개최 뉴스핌
​
08:35:24 [뉴욕은 지금] 최측근이 전하는 트럼프의 정책 결정 방식 연합인포
​
08:35:19 [리포트 브리핑]넥스틴 '3Q25 review - 적자는 뒤로 하고 턴어라운드에 집중할 때' 목표가 73 000원 - 삼성증권 넥스틴 뉴스핌
​
08:35:19 [리포트 브리핑]농심 '3Q25 review: 더 좋아질 4분기' 목표가 509 000원 - 삼성증권 농심 뉴스핌
​
08:35:19 [리포트 브리핑]삼양식품 '3Q25 review: 기대치를 상회한 매출; 4Q는 수익성 개선까지' 목표가 1 800 000원 - 삼성증권 삼양식품 뉴스핌
​
08:35:17 한미반도체 마이크론 탑 서플라이어상 수상 한미반도체 뉴스핌
​
08:35:07 신세계사이먼 여주 프리미엄 아울렛 '파이브가이즈' 입점 첫 교외형 매장 이마트 뉴스핌
​
08:34:46 하나금융 발달장애 예술가 미술 공모전 하나 아트버스 개최 이데일리
​
08:34:45 에어프레미아 예비엔진 4호기 도입 운항안정성 강화 뉴스핌
​
08:34:40 헬스장서 맨발로 샤워하지 마 실험 영상 보니 세균 '드글' 머니투데이
​
08:34:40 헬스장서 맨발로 샤워하지 마 바닥에 세균 '드글' 충격 영상 머니투데이
​
08:34:34 LS일렉트릭 북미 AI 데이터센터 전력 인프라 1100억 수주 LS ELECTRIC 뉴스핌
​
08:34:29 [오늘의신상]세가지 메뉴를 한 번에 버거킹 '베이비버거' 아시아경제
​
08:34:18 르노코리아 코세페 혜택 11월 말까지 연장 그랑 콜레오스 구매 기회 뉴스핌
​
08:34:15 꼬막 데침파 with 육즙 vs 무침파 벌교꼬막축제에 물어봐[함영훈의 멋·맛·쉼] 헤럴드경제
​
08:34:12 농심 누들핏 새우탕맛 출시 농심 이데일리
​
08:34:11 유진證 원화 약세 국면 국내 증시에 반드시 악재 아냐 유진투자증권 이투데이
​
08:34:02 증권사별 추천종목(종합) 인포스탁
​
08:34:01 증권사 신규추천 종목 KCC 인포스탁
​
08:34:00 전일 장마감 후 주요 종목 공시 메리츠금융지주 인포스탁
​
08:33:59 상주영천고속도로서 유조차 등 13중 연쇄 추돌 6명 사상 한국경제
​
08:33:57 넥센타이어 윈가드 스노보드팀과 동계스포츠 저변 확대 지원 넥센타이어 뉴스핌
​
08:33:55 남양유업 '푸드페스타' 참여 제품 최대 64% 할인 아시아경제
​
08:33:51 서울시 모아주택·모아타운 질의 267건 담은 사례집 첫 공개 이투데이
​
08:33:50 '모바일 단말기 국내 3위' 알트 코스닥 입성 美·日 진출하고 AI·로봇으로 성장 가 알트 이데일리
​
08:33:48 홀란 앞세운 노르웨이 28년 만에 월드컵 본선 진출 뉴스핌
​
08:33:47 이수페타시스 3분기 영업익 시장 기대치 웃돌아 목표가↑ 이수페타시스 매일경제
​
08:33:41 한투운용 'ACE 글로벌반도체TOP4 Plus' ETF 장기수익률 1위 이데일리
​
08:33:34 상주영천고속도서 유조차 등 13대 연쇄충돌 2명 사망·4명 부상(종합2보) 연합뉴스
​
08:33:28 한국부동산개발산업연구원 출범 맞춰 '부동산개발과 공공기여 출간 파이낸셜뉴스
​
08:33:26 세븐일레븐 냉동 과일 디저트 '돌 스무디볼' 출시 연합뉴스
​
08:33:11 오상헬스케어 올 3분기 실적 전년동기 대비 25% 증가한 255억원 오상헬스케어 한국경제
​
08:33:07 [속보] 전장연 시위로 지하철 4호선 혜화역 무정차 통과중 조선비즈
​
08:33:07 전장연 시위로 지하철 4호선 혜화역 무정차 통과중 조선비즈
​
08:33:07 전장연 시위로 지하철 4호선 혜화역 1시간 무정차 통과(종합) 조선비즈
​
08:33:03 日 세븐일레븐 냉동 디저트 1위 돌 아사이볼 국내 상륙 헤럴드경제
​
08:33:03 런던베이글뮤지엄 운영사 근로환경 개선안 발표 이데일리
​
08:33:03 현장 인력 1 5배 확대 런베뮤 근로환경 개선안 발표 이데일리
​
08:33:02 서울성모병원 연구팀 희귀 유전질환 윌슨병 혈장교환술 치료 사례 첫 보고 대상 헤럴드경제
​
08:33:01 '주요환율 및 반도체/상품동향 인포스탁
​
08:33:01 [리포트 브리핑]DB손해보험 '경험요율 조정 효과를 기대' 목표가 136 000원 - 대신증권 DB손해보험 뉴스핌
​
08:33:01 [리포트 브리핑]농심 '국내 마진 개선으로 서프라이즈' 목표가 570 000원 - KB증권 농심 뉴스핌
​
08:33:01 [리포트 브리핑]농심 '왕의 귀환' 목표가 600 000원 - 한화투자증권 농심 뉴스핌
​
08:33:01 [리포트 브리핑]LG '영업이익 개선 추세 전망' 목표가 105 000원 - 하나증권 LG 뉴스핌
​
08:33:01 [리포트 브리핑]삼양식품 '바뀌지 않은 방향성' 목표가 1 750 000원 - KB증권 삼양식품 뉴스핌
​
08:33:01 [리포트 브리핑]KCC '중국 유기실리콘 감축 합의의 반사 수혜' 목표가 520 000원 - 하나증권 KCC 뉴스핌
​
08:33:01 [리포트 브리핑]현대해상 '제한적인 손해율 상승' 목표가 35 000원 - 대신증권 현대해상 뉴스핌
​
08:33:01 [리포트 브리핑]현대해상 'K-ICS와 장기보험 손익에서 긍정적인 변화 확인' 목표가 34 500원 - KB증권 현대해상 뉴스핌
​
08:33:01 [리포트 브리핑]동아쏘시오홀딩스 '기업체질 개선으로 성장 잠재력이 커졌다' 목표가 170 000원 - 상상인증권 동아쏘시오홀딩스 뉴스핌
​
08:33:01 [리포트 브리핑]이수페타시스 '26년 다중적층 MLB 실적 기여 본격화' 목표가 140 000원 - 하나증권 이수페타시스 뉴스핌
​
08:33:01 [리포트 브리핑]금호석유화학 'NBL 적자 축소와 SSBR 증설로 내년에도 증익 예상' 목표가 160 000원 - BNK투자증권 금호석유화학 뉴스핌
​
08:33:01 [리포트 브리핑]명신산업 '그래도 다행이다' 목표가 11 000원 - 대신증권 명신산업 뉴스핌
​
08:33:01 [리포트 브리핑]코리아써키트 '4Q 실적 호조 이제 시작' 목표가 40 000원 - 대신증권 코리아써키트 뉴스핌
​
08:33:01 [리포트 브리핑]이수페타시스 '대장의 품격 증명 목표 시가총액 10조원' 목표가 140 000원 - DB증권 이수페타시스 뉴스핌
​
08:33:01 '[리포트 브리핑]DN오토모티브 '항공/우주/방산으로부터 수요 증가' Not Rated - 하나증권 DN오토모티브 뉴스핌
​
08:33:01 [리포트 브리핑]LS '2026년 글로벌 전력 인프라 고도화 수혜 본격화' 목표가 255 000원 - 대신증권 LS 뉴스핌
​
08:33:01 [리포트 브리핑]에스엘 '주가는 관세를 선반영 램프 공급은 미반영' 목표가 41 000원 - 하나증권 에스엘 뉴스핌
​
08:33:01 [리포트 브리핑]에스엘 '봐야 할 때가 또 옵니다' 목표가 50 000원 - 대신증권 에스엘 뉴스핌
​
08:33:01 [리포트 브리핑]DB손해보험 '부진한 예실차 시현으로 컨센서스 하회' 목표가 156 000원 - KB증권 DB손해보험 뉴스핌
​
08:33:01 [리포트 브리핑]KH바텍 '폴더블폰 슬림화 효과는 이익 증가로' 목표가 18 000원 - 대신증권 KH바텍 뉴스핌
​
08:33:01 [리포트 브리핑]한화생명 '신계약 CSM 성장은 지속되지만 보험손익 개선은 지연' 목표가 3 400원 - KB증권 한화생명 뉴스핌
​
08:33:01 [리포트 브리핑]서울반도체 '적자가 길어지다' 목표가 7 500원 - 대신증권 서울반도체 뉴스핌
​
08:33:01 [리포트 브리핑]피에이치에이 '신공장 초기 비용은 성장으로 해결됩니다' 목표가 15 000원 - 하나증권 피에이치에이 뉴스핌
​
08:33:01 [리포트 브리핑]SK 'NAV 상승 반영 중인 주가 변동성 확대는 불확실성 요인' 목표가 290 000원 - 하나증권 SK 뉴스핌
​
08:33:01 [리포트 브리핑]SBS '광고만 탓하기에는 ' 목표가 25 000원 - 대신증권 SBS 뉴스핌
​
08:33:01 [리포트 브리핑]자화전자 'OIS 경쟁력은 실적 호조로' 목표가 27 000원 - 대신증권 자화전자 뉴스핌
​
08:33:01 [리포트 브리핑]한국단자 '영업이익률 11%로 회복' Not Rated - 하나증권 한국단자 뉴스핌
​
08:33:01 [리포트 브리핑]테스 '수익성 레벨업에도 저평가 영역' 목표가 60 000원 - 하나증권 테스 뉴스핌
​
08:33:01 [리포트 브리핑]링크솔루션 '제조업의 미래: Big Magic Box' Not Rated - 하나증권 링크솔루션 뉴스핌
​
08:33:00 국내외 주요 마감지수 인포스탁
​
08:32:54 나인테크 전고체 전지 적층장비 개발 완료 나인테크 컨슈머타임스
​
08:32:53 한라캐스트 3Q 누적 매출 1149억 연말부터 신제품 양산 결실 한라캐스트 이데일리
​
08:32:29 탑코미디어 3분기 영업익 17억 흑자 전환 탑코미디어 컨슈머타임스
​
08:32:29 탑텐 '슈퍼 에어다운'부터 '에어테크'까지 보온·스타일 잡은 숏패딩 인기 컨슈머타임스
​
08:32:29 같은 단지 사람과 결혼 '국평 30억' 헬리오시티에 등장한 결정사 머니투데이
​
08:32:29 사돈댁도 '30억' 집주인이어야 돼 헬리오시티에도 '결정사' 등장 머니투데이
​
08:32:24 초강력 대책에도 10월 청약경쟁률 전월비 2배 상승 한국경제
​
08:32:22 李대통령 관봉권 띠지·쿠팡 외압 특검에 안권섭 임명 파이낸셜뉴스
​
08:32:19 도어대시 DashPass 구독자 기반 확대하며 펀더멘털 강화 니덤 연합인포맥스
​
08:32:04 구글플레이 네이버웹툰·콘진원과 '글로벌 웹툰 게임스' 사업 연합뉴스
​
08:32:00 IMF 위기도 국민 탓하더니 '환율 상승' 주범이 서학개미? [김익환의 부처 핸즈업] 한국경제
​
08:31:52 주간 이슈&테마 스케줄 JYP Ent 인포스탁
​
08:31:52 라면 한 그릇 먹고 죽이네 장녀 애니 데뷔후 달라진 신세계家 분위기 매일경제
​
08:31:38 인천항 크루즈 2025년 30항 차 운항 마무리··· 세븐시즈 익스플로러 호 기항 서울경제
​
08:31:33 그린피스 프랑스 재처리 우라늄 러로 보내 재사용 목적 처리 연합뉴스
​
08:31:32 은퇴했던 선수를 세계 톱랭커로 한국계 코치 제임스 오가 도운 그리핀의 반전 드라마 매일경제
​
08:31:20 한화로보틱스 AI-로봇 테크 커넥트 세미나 개최 한화비전 헤럴드경제
​
08:31:02 배당수익률 상위 종목 인포스탁
​
08:31:00 전일자 주요 지분 변동 공시 GRT 인포스탁
​
08:30:29 삼정KPMG ESG 공시·인증 대응 전략적 준비와 내부 체계화가 핵심 이투데이
​
08:30:22 한울반도체 MLCC 기술 기반 인덕터 외관검사기 개발 대기업 S사 독점 공급 한울반도체 인포스탁
​
08:30:18 [지스타2025] 당정 총출동 게임 '전략산업'으로 육성 기조 선명해져 엔씨소프트 딜사이트
​
08:30:17 [현대차그룹 밸류업] 현대로템 PBR 7배 '압도적 존재감' 현대로템 딜사이트
​
08:30:17 외국인 매도세에 춤추는 코스피 엔비디아 실적만 '오매불망'[오늘장 미리보기] 한국경제
​
08:30:16 KB부동산신탁 책준 손해배상 소송 급증 KB금융 딜사이트
​
08:30:12 [마켓PRO] Today's Pick : 삼양식품 200만원까지 가능 글로벌 판매 호조 한국경제
​
08:30:12 강성지 웰트 대표 디지털치료제 6주면 불면증 완치 이데일리
​
08:30:05 애큐온캐피탈·저축은행 소아암 환우 지원 행복 트레일런 축제 참여 이데일리
​
08:30:03 주간 인포스탁 테마별 등락률(11월07일 ~ 11월14일) 인포스탁
​
08:30:02 전일 인포스탁 테마별 등락률(11월14일) 인포스탁
​
08:30:02 [표] 미국 주요기업 실적 발표(17일) 연합인포
​
08:30:00 개장전★주요이슈 점검 삼성전자 인포스탁
​
08:30:00 다보링크 1년 6개월 만에 '흑자 전환' 성공 일본 시장 개척 효과 다보링크 머니투데이
​
08:29:59 대형 투자자들이 'AI 버블' 걱정하지 않는 이유 연합인포
​
08:29:55 업데이트 1- 펜타곤은 태평양에서 또 다른 마약 의심 보트를 공격하여 3 명이 사망했다고 밝혔습니다 로이터뉴스
​
08:29:49 '관봉권 띠지 분실·쿠팡 수사 외압 의혹' 특검에 안권섭 임명 머니투데이
​
08:29:40 파이브가이즈 17일 신세계여주아울렛에 9호점 오픈 컨슈머타임스
​
08:29:35 [AI 엔터 브리핑] 김수용 실신으로 본 '촬영장 사고' 연예인 뉴스핌
​
08:29:15 파워넷 3분기 최대실적 달성···신사업·B2C 확대 가속 파워넷 이투데이
​
08:29:15 신세계百 폐유니폼 1만벌로 벤치 조성 시민쉼터로 신세계 헤럴드경제
​
08:29:14 칠레의 카이저 12월 결선투표에서 극우 대선 후보 카스트 지지 로이터뉴스
​
08:29:09 한미반도체 미국 마이크론 탑서플라이어상 수상 한미반도체 파이낸셜뉴스
​
08:29:03 부천시 내년도 예산안 2조5145억 편성 민생회복 중점 경농 헤럴드경제
​
08:28:58 중국산 안사요 돌아선 이탈리아 토마토 수출 급감에 난리난 '이곳' 아시아경제
​
08:28:54 NHN KCP 'KCP오더'QR·NFC주문 기능 신규 출시 컨슈머타임스
​
08:28:47 한미반도체 마이크론 탑 서플라이어상 수상 한미반도체 이투데이
​
08:28:42 리서치알음 LG씨엔에스 클라우드·AI 전환 본격화 피지컬 AI 수혜로 성장 가속 LG씨엔에스 이투데이
​
08:28:12 파이브가이즈 신세계 여주 프리미엄 아울렛에 9호점 헤럴드경제
​
08:28:11 강릉 주문진 향호정원 조성 본격화 2026년 지방이양사업 선정 파이낸셜뉴스
​
08:28:10 알트 코스닥 상장 AI·로봇 신사업 가속화 예정 컨슈머타임스
​
08:28:10 엑셀세라퓨틱스 세포치료제 CDO 분야로 사업영역 확장 엑셀세라퓨틱스 한국경제
​
08:28:08 SSG닷컴 이마트와 신선식품 특가전 과일·축수산물 최대 반값 이마트 연합뉴스
​
08:28:07 원하시는 더 많은 종목에 4배 집중 투자 NXT 거래 가능한 이곳에서 가능합니다 금강공업 한국경제
​
08:28:06 기술력·품질 개선해 소비 능력 키울 것 연합인포맥스
​
08:28:05 미국육류수출협회 코리안 바비큐 위크 첫 개최 이데일리
​
08:28:01 11월 17일 장전 조회상위 Top 20종목 키움뉴스
​
08:28:00 LS일렉 북미 데이터센터 전력인프라 수주 1100억원 규모 대상 헤럴드경제
​
08:27:26 [기고] AI커닝이 쏘아 올린 화살 뉴스핌
​
08:27:13 경북 딸기 말레이시아 시장 공략 해외 수출 본격화 파이낸셜뉴스
​
08:27:05 '일본 관광·유학 자제령'은 예비조치 中 푸젠함 동원해 위력시위 나설까 뉴스핌
​
08:27:04 [IT썰] 애플 아이폰 출시 주기 10년 만에 개편 폴더블 내년 출시 머니투데이
​
08:26:58 10년 평균 수익률 2 34% 퇴직연금 기금형 도입 논의 재점화 대상 헤럴드경제
​
08:26:57 KG이니시스 본업 PG 회복세 확인 주요 계열사 안정화에 '지배력 강화' KG이니시스 인포스탁
​
08:26:45 코빗 '코인 렌딩 서비스' 정식 오픈 컨슈머타임스
​
08:26:02 [표] 국내투자자 미국 주식투자 상위 종목(14일) 연합인포
​
08:25:59 LS일렉트릭 1100억 규모 북미 데이터센터 전력 인프라 사업 수주 아시아경제
​
08:25:54 [더벨]'SiC 강자' 케이엔제이 글로벌 수출이 견인한 호실적 케이엔제이 머니투데이
​
08:25:48 [표] 국내투자자 일본 주식투자 상위 종목(14일) 연합인포
​
08:25:46 한미반도체 마이크론 탑 서플라이어상 수상 한미반도체 아시아경제
​
08:25:45 [표] 국내투자자 중국 주식투자 상위 종목(14일) 연합인포
​
08:25:43 [표] 국내투자자 홍콩 주식투자 상위 종목(14일) 연합인포
​
08:25:37 토마토시스템 '제26회 공공솔루션마켓'서 '엑스빌더6 아이젠' 선봬 토마토시스템 컨슈머타임스
​
08:25:34 29CM 이구위크 열흘간 1400억원 넘겨 역대 최대 헤럴드경제
​
08:25:20 한투증권 코스피 변동 저가 매수 기회로 활용해야 연합뉴스
​
08:25:13 [기자수첩] GPU 26만장 그 무게를 버텨라 삼성전자 딜사이트
​
08:25:08 [환율전망] 강달러 부담에도 역외 롱스탑 네고 물량 유입에 하락 이투데이
​
08:25:05 DS투자증권 하이트진로 해외 성장으로 국내 시장 부진 돌파 기대 하이트진로 이투데이
​
08:24:57 LS일렉트릭 북미 데이터센터 전력 인프라 수주 1100억 규모 LS ELECTRIC 이데일리
​
08:24:50 엔화보다 더 약했던 원화 당국 움직이게 한 쏠림의 증거 연합인포
​
08:24:46 동생 결혼식 다녀왔다가 재미 한인 과학자 구금 넉 달 만에 석방 이투데이
​
08:24:35 GS25 와인25플러스 블프 맞아 4일간 와와페 연다 GS리테일 이데일리
​
08:24:26 닥터지 연말 맞아 '2025 온기나눔 김장봉사' 진행 컨슈머타임스
​
08:24:22 양자컴퓨터 연산 CT 처럼 들여다본다 헤럴드경제
​
08:24:17 리노공업 3Q 또다시 서프라이즈 목표주가 7만2000원-신한 리노공업 머니투데이
​
08:24:12 李대통령 지지율 54 5%···민주 46 7%·국힘 34 2% [리얼미터] 서울경제
​
08:24:04 아내 냉동 보존하더니 혼자 사니 겁나 여친 구한 남편 中서 논란 아시아경제
​
08:24:04 울산박물관 울산문화유산센터 건립 순항 한국경제
​
08:23:48 고객과 사회공헌 실천 신한카드 아름인도서관 개관 이데일리
​
08:23:43 하나證 골드만삭스의 AI 버블 진단? 아직 멀었다 조정은 매수 기회 삼성전자 이투데이
​
08:23:42 강세장 종료는 시기상조?···프리마켓서 1%대 상승 [마켓시그널] SK하이닉스 서울경제
​
08:23:42 한울반도체 MLCC 기술 기반 인덕터 외관검사기 개발 대기업 S사 독점 공급 한울반도체 이투데이
​
08:23:37 삼성重 美기술 벤처 손잡고 탈탄소 속도낸다 삼성중공업 서울경제
​
08:23:11 더벤티 미국 서부 시장 진출 내년 라스베이거스 매장 오픈 이데일리
​
08:23:10 상주영천고속도로서 유조차 등 연쇄추돌·충돌 2명 숨지고 4명 부상 [세상&] 아이컴포넌트 헤럴드경제
​
08:23:08 윤이나 극적으로 시즌 최종전 진출 60위 턱걸이로 출전권 획득 진영 헤럴드경제
​
08:23:08 린 그랜트 더 아니카 드리븐 우승 유해란은 공동 7위 진영 헤럴드경제
​
08:23:07 [특징주] 3Q 실적에 방향 돌린 한세실업 대미 수출물량 관건 한세실업 인포스탁
​
08:22:48 CU 하와이 먹거리 10종 출시 하와이 1호점 개점 기념 연합뉴스
​
08:22:43 내 사돈도 같은 아파트 살았으면 집값 30억 찍더니 한국경제
​
08:22:42 상대 골키퍼가 이재성 살려 매너손 누리꾼 칭찬 쏟아진 이유 파이낸셜뉴스
​
08:22:35 엔비디아 실적 앞두고 전 세계 긴장 美 9월 고용지표 발표도 [글로벌마켓레이더] 레이 헤럴드경제
​
08:22:34 인텔리안테크 비수기에도 성장 지속 분기 최대 영업이익 달성 기대 인텔리안테크 인포스탁
​
08:22:30 경기회복세 뚜렷하다는데 '아픈 손가락' 건설투자 언제 살아나나 연합인포
​
08:22:14 삼성증권 농심 목표가↑ 3분기 이어 4분기도 호실적 전망 삼성증권 연합뉴스
​
08:22:00 [1117개장체크]美 증시 AI 거품론 확산 속 투자심리 위축 메리츠금융지주 인포스탁
​
08:22:00 [AI MY 뉴스] 이번주 日증시 엔비디아 실적·美 고용지표 주목 뉴스핌
​
08:21:54 현대약품 온냉장 겸용 음료 '꿀모과배숙' 출시 아시아경제
​
08:21:27 토스 라이프스타일 매거진 '더 머니이슈' 출간 컨슈머타임스
​
08:21:25 다이먼의 '바퀴벌레' 존재 암시하는 세 가지 차트 연합인포
​
08:21:18 NH투자證 SK 자사주 소각 의무화 추진에 주주환원 확대 가능성 기대 SK 이투데이
​
08:21:17 SHH 마진 거래 - 중국 몰리 <603993 SS> 마진 롱 금액 : 37 751 (x10000) 위안 공매도 거래대금 : 2 (x10000) 주식 로이터뉴스
​
08:21:13 SHH 마진 거래 - 피닉스 미디어 <601928 SS> 마진 롱 금액 : 1 340 (x10000) 위안 공매도 거래대금 : 0 07 (x10000) 주식 로이터뉴스
​
08:21:10 SHH 마진 거래 - 상하이 일렉트릭 <601727 SS> 마진 롱 금액 : 10 652 (x10000) 위안 공매도 거래대금 : 0 04 (x10000) 주식 로이터뉴스
​
08:21:08 가상자산 일제히 급락 비트코인 9만3800달러 조선비즈
​
08:21:06 SHH 마진 거래 - CITIC HIC <601608 SS> 마진 롱 금액 : 3 607 (x10000) 위안 공매도 거래대금 : 2 (x10000) 주 로이터뉴스
​
08:21:02 볼링장 기계는 건물의 종물 경매로 건물 사면 기계 소유권도 이전 한국경제
​
08:21:00 SHH 마진 거래 - Ggzhou Auto Grp <601238 SS> 마진 롱 금액 : 3 248 (x10000) 위안 공매도 거래대금 : 0 10 (x10000) 주식 로이터뉴스
​
08:20:57 밸로프 3분기 누적 영업익 10억 흑자 전환 성공 밸로프 컨슈머타임스
​
08:20:54 李 지지율 소폭 하락한 54 5% 민주 46 7% 국힘 34 2% [리얼미터] 한국경제
​
08:20:54 SHH 마진 거래 - 첫 트랙터 <601038 SS> 마진 롱 금액 : 847 (x10000) 위안 공매도 거래대금 : 0 00 (x10000) 주식 로이터뉴스
​
08:20:45 에어비앤비 견고한 수요가 실적 성장세 지지 D A 연합인포맥스
​
08:20:32 SHH 마진 거래 - 텍스타일 시티 <600790 SS> 마진 롱 금액 : 888 (x10000) 위안 공매도 거래대금 : 0 01 (x10000) 주 로이터뉴스
​
08:20:31 SHH 마진 거래 - 스웰펀 <600779 SS> 마진 롱 금액 : 1 534 (x10000) 위안 공매도 거래대금 : 0 00 (x10000) 주 로이터뉴스
​
08:20:28 SHH 마진 거래 - JZYY <600750 SS> 마진 롱 금액 : 2 329 (x10000) 위안 공매도 거래대금 : 0 00 (x10000) 주식 로이터뉴스
​
08:20:25 [AI MY 뉴스] 17일 중국증시 '대내외 주요 이벤트 속 고점 변동성' 뉴스핌
​
08:20:23 SHH 마진 거래 - 톈진항 <600717 SS> 마진 롱 금액 : 2 476 (x10000) 위안 공매도 거래대금 : 0 00 (x10000) 주식 로이터뉴스
​
08:20:22 SHH 마진 거래 - 투오파이 셰데 <600702 SS> 마진 롱 금액 : 10 348 (x10000) 위안 공매도 거래대금 : 0 00 (x10000) 주 로이터뉴스
​
08:20:15 [IB Banker - 삼정KPMG] 금융사 거래는 숫자 너머 구조 해석력 싸움 딜사이트
​
08:20:13 SHH 마진 거래 - Sh Jiabao <600622 SS> 마진 롱 금액 : 1 863 (x10000) 위안 공매도 거래대금 : 1 (x10000) 주식 로이터뉴스
​
08:20:07 한화로보틱스 AI-로봇 테크 세미나 개최 산학연관 협력 강화 이데일리
​
08:20:07 한화로보틱스 AI-로봇 테크 세미나 개최 산학연관 협력 강화 이데일리FX
​
08:20:00 [오늘의 투자전략] 엔비디아 실적ㆍFOMC 의사록 대기···분위기 반전 시도 이투데이
​
08:19:58 SHH 마진 거래 - SZ 고속도로 <600548 SS> 마진 롱 금액 : 438 (x10000) 위안 공매도 거래대금 : 0 03 (x10000) 주 로이터뉴스
​
08:19:57 SHH 마진 거래 - TASLY <600535 SS> 마진 롱 금액 : 3 598 (x10000) 위안 공매도 거래대금 : 1 (x10000) 주 로이터뉴스
​
08:19:57 SHH 마진 거래 - 중국 소프트웨어 <600536 SS> 마진 롱 금액 : 4 853 (x10000) 위안 공매도 거래대금 : 1 (x10000) 주 로이터뉴스
​
08:19:57 SHH 마진 거래-에깅 포토볼타 <600537 SS> 마진 롱 금액 : 9 457 (x10000) 위안 공매도 거래대금 : 0 00 (x10000) 주 로이터뉴스
​
08:19:52 [전문] 민희진 뉴진스 다섯일 때 존재 불필요한 분란 안 돼 뉴스핌
​
08:19:47 SHH 마진 거래 - 타임즈 뉴 매트 <600458 SS> 마진 롱 금액 : 1 222 (x10000) 위안 공매도 거래대금 : 0 05 (x10000) 주식 로이터뉴스
​
08:19:38 SHH 마진 거래 - 레드스타 <600367 SS> 마진 롱 금액 : 8 791 (x10000) 위안 공매도 거래대금 : 0 00 (x10000) 주 로이터뉴스
​
08:19:37 범죄인 거 알면서도 식당 문 딴 남성 되레 선처 안해주냐 큰소리 머니투데이
​
08:19:37 강달러 부담 속 당국 경계 고조 환율 1450원 하회 시도[외환브리핑] 이데일리
​
08:19:37 강달러 부담 속 당국 경계 고조 환율 1450원 하회 시도[외환브리핑] 이데일리FX
​
08:19:37 열쇠공 불러 남의 식당 문 딴 남성 선처할 생각 없냐 되레 큰소리 머니투데이
​
08:19:37 난 알바생 속이고 식당 문 딴 손님 분실물 때문 선처해달라 뻔뻔 머니투데이
​
08:19:32 코스피 원화 약세에도 견조 외국인 없이도 ETF 자금이 버팀목 [모닝 리포트] 뉴스핌
​
08:19:29 DB증권 3분기 누적 영업이익 1010억 전년比 92 5%↑ DB증권 아시아경제
​
08:19:27 핵잠·정찰위성에 함구하는 北 한국 패싱전략 노골화 뉴스핌
​
08:19:26 SHH 마진 거래 - 티벳 파마 <600211 SS> 마진 롱 금액 : 4 676 (x10000) 위안 공매도 거래대금 : 0 45 (x10000) 주식 로이터뉴스
​
08:19:25 SHH 마진 거래-포선제약 <600196 SS> 마진 롱 금액 : 9 588 (x10000) 위안 공매도 거래대금 : 0 46 (x10000) 주 로이터뉴스
​
08:19:23 셧다운 해제에도 단기 자금시장 경색 양극화된 미국 아시아경제
​
08:19:23 남양유업 네이버 '푸드페스타'서 최대 64% 할인 남양유업 이데일리
​
08:19:22 SHH 증거금 거래 - SH건설 <600170 SS> 증거금 롱 거래대금 : 12 134 (x10000) 원 공매도 거래대금 : 120 (x10000) 주 로이터뉴스
​
08:19:16 미군 동태평양서 마약선 공격 '테러리스트' 3명 사살 뉴스핌
​
08:19:16 SHH 마진 거래 - 중국 동방항공 <600115 SS> 마진 롱 금액 : 2 059 (x10000) 위안 공매도 거래대금 : 0 07 (x10000) 주식 로이터뉴스
​
08:19:14 SHH 마진 거래 -- 야성 그룹 <600108 SS> 마진 롱 금액 : 1 338 (x10000) 위안 공매도 거래대금 : 0 12 (x10000) 주식 로이터뉴스
​
08:19:10 SHH 마진 거래 - 시티챔프 <600067 SS> 마진 롱 금액 : 8 102 (x10000) 위안 공매도 거래대금 : 0 00 (x10000) 주 로이터뉴스
​
08:19:08 SHH 마진 거래 - 차이나 유니콤 주식회사 <600050 SS> 마진 롱 금액 : 9 328 (x10000) 위안 공매도 거래대금 : 12 (x10000) 주식 로이터뉴스
​
08:19:01 SHH 마진 거래 - SSE 배당 <510880 SS> 마진 롱 금액 : 2 131 (x10000) 위안 공매도 거래대금 : 3 (x10000) 주 로이터뉴스
​
08:19:00 주요 가상화폐 일제 하락···비트코인 6개월래 최저 [디센터 시황] 서울경제
​
08:18:31 세종문화회관 꿈나무오케스트라 정기연주회 23일 개최 뉴스핌
​
08:18:30 '원화 약세=주가 하락' 공식 변했다 국내증시 받치는 ETF 자금 연합인포
​
08:18:28 14년간 물품 기증하더니 송혜교 만세운동 영상 후원 매일경제
​
08:18:27 아워홈 편스토랑 우승메뉴 '고우림의 황금빛 유자동치미' 출시 이데일리
​
08:18:12 호주 시라 리소스 테슬라 흑연 공급 계약 기한 추가 연장 로이터뉴스
​
08:17:58 'BUZZ-GBP/USD- 영국 재정 우려로 신중한 출발 로이터뉴스
​
08:17:46 나이스정보통신 소비쿠폰 효과로 VAN·PG 개선 [모닝 리포트] 나이스정보통신 뉴스핌
​
08:17:39 [클릭 e종목] 지니언스 우호적인 사업 환경 지니언스 아시아경제
​
08:17:31 모나용평 3분기 누적 매출 2080억 전년比 7 4% 성장 모나용평 아시아경제
​
08:17:31 코스피 4000선 유지 엔비디아·FOMC 의사록이 분위기 반전 핵심 변수 [모닝 리포트] 뉴스핌
​
08:17:26 韓해군 日자위대에 이달 공동수색 훈련 보류 의사 전달 연합뉴스
​
08:17:19 보잉 아파치 개발 50주년 2862대 인도 파이낸셜뉴스
​
08:17:07 더본코리아 외식 실속 세트 소비 77% 늘었다 더본코리아 이데일리
​
08:17:02 [마켓뷰] 마이크론 4% 상승 코스피 반도체 중심으로 반등할까 삼성전자 연합뉴스
​
08:16:42 에어프레미아 4번째 예비엔진 도입 이데일리
​
08:16:41 버즈-아시아 하루 전-일본 부양책 논의 위험선호심리 약화 주도 로이터뉴스
​
08:16:30 (주)퀀텀온 (정정)기타시장안내(분기보고서 미제출 관련 상장폐지 절차 미진행) 퀀텀온 코스닥공시
​
08:16:30 NHC 열대 날씨 전망 로이터뉴스
​
08:16:14 우양 3분기 누적 영업익 30억 흑자 전환 성공 우양 컨슈머타임스
​
08:16:06 한 번에 즐기는 세가지 미식 버거킹 베이비버거 출시 이데일리
​
08:15:58 삼성전자·현대차·조선사 만난 외환당국 꼬인 달러 수급 풀리나 연합인포
​
08:15:40 NHC 열대 날씨 전망 로이터뉴스
​
08:15:38 연세유업·해태제과 샌드에이스 우유크림 출시 이데일리
​
08:15:36 [17일 써치엠차이나 모닝브리프] 연합인포맥스
​
08:15:30 SK 주주환원 확대 기대 목표가 33만원 상향 [모닝 리포트] SK 뉴스핌
​
08:15:23 SK 자사주 약 25% 소각 기대감 목표가 9 6% 상향-NH SK 머니투데이
​
08:15:20 메타랩스 3분기 매출 300억 전년比 237%↑ 메타랩스 아시아경제
​
08:15:17 목표주가 200만원 또 등장 삼양식품 실적 딛고 다시 비상할까[오늘 나온 보고서] 매일경제
​
08:15:17 목표주가 200만원 또 나왔다 깜짝실적 삼양식품 다시 비상할까 [오늘 나온 보고서] 매일경제
​
08:15:13 삼성SRA 역삼동 강남 358타워 매물로 내놔 딜사이트
​
08:15:10 李대통령 지지율 54 5%···민주 46 7%·국힘 34 2% 서울경제
​
08:15:05 코스피 외국인 차익 실현에 단기 변동성 확대 저가 매수 기회 [모닝 리포트] 뉴스핌
​
08:14:47 관악구 내년 예산안 1조922억원 편성 3 5% 증가 연합뉴스
​
08:14:38 '모바일 단말기 제조' 알트 코스닥 상장 美·日 진출 AI·로봇으로 성장 가속 알트 이데일리
​
08:14:09 AI 버블일까 아닐까? 제조업 경기를 보면 안다 아시아경제
​
08:14:09 AI 버블일까 아닐까? 제조업 경기를 보면 안다 아시아경제
​
08:14:05 LS일렉트릭 북미 AI 데이터센터 전력 인프라 대규모 수주 현지 레퍼런스 선순환 본격화 LS 이투데이
​
08:14:05 금리 상승에 약세장 지속 1 6조원 규모 10년물 입찰 주시[채권브리핑] 이데일리
​
08:14:05 금리 상승에 약세장 지속 1 6조원 규모 10년물 입찰 주시[채권브리핑] 이데일리FX
​
08:14:00 [IRFOCUS] [IR] '광동제약 계열사' 프리시젼바이오-씨티바이오 합병···진단사업 시너지 극대화 위한 전략적 결정 프리시젼바이오 IR GO
​
08:13:52 [미리보는 증시재료] 엔비디아 20일 실적에 코스피 방향 결정될 듯 삼성전자 뉴스핌
​
08:13:46 콩고 광산 또 참사 채굴꾼 몰려 다리 붕괴로 수십명 사망 연합뉴스
​
08:13:45 주소가 스펙 사돈도 강남끼리 헬리오시티 결정사 개업 이데일리
​
08:13:29 삼성물산 여의도 대교아파트 재건축 시공사 선정 삼성물산 딜사이트
​
08:13:28 SPY보다 수익률 높다 키움운용 '한국판 SPMO' 내달 출시 연합인포
​
08:12:51 엔비디아 실적을 둘러싼 버블 공방전(11 17시황) 키움증권 키움뉴스
​
08:12:44 K웹툰 게임 글로벌 시장 진출 본격화 콘진원 지원 확대 뉴스핌
​
08:12:35 엔비디아 실적을 둘러싼 버블 공방전(키움위클리) 키움뉴스
​
08:12:25 엔터株 트리토노믹스 트렌드 최대 수혜 전망 -NH 하이브 한국경제
​
08:12:22 제이스코홀딩스 3분기 누적 매출 290억 전년 분기 매출 초과 달성 제이스코홀딩스 아시아경제
​
08:12:05 매일 7만명 찾아 무신사 스탠다드 누적 방문객 2000만명 돌파 이데일리
​
08:11:53 경남도 지방하천 안전·유지 관리 실태 종합 점검 서울경제
​
08:11:49 [속보]李대통령 국정지지도 54 5% 민주 46 7%-국힘 34 2% [리얼미터] 헤럴드경제
​
08:11:38 한울반도체 MLCC 기술 기반 인덕터 외관검사기 개발 한울반도체 컨슈머타임스
​
08:11:33 [속보] 이 대통령 지지율 54 5% 3주 만에 하락 전환 [리얼미터] 매일경제
​
08:11:18 찜닭까지 맛있게 샘표 저당 찜닭 양념 출시 이데일리
​
08:11:12 정병찬 한화로보틱스 대표 AI와 로봇 융합 선택이 아닌 생존 한화비전 파이낸셜뉴스
​
08:11:07 마스가만 있나···국내 최대 조선그룹 HD현대 공들이는 이곳 HD현대 서울경제
​
08:11:04 [속보]李대통령 관봉권 띠지·쿠팡 외압 특검에 안권섭 임명 파이낸셜뉴스
​
08:10:38 번거로움 덜어준다 풀무원 공식몰에서 김장김치 기획전 진행 풀무원 이데일리
​
08:10:34 롯데건설 대한민국 소통어워즈 2년 연속 대상 수상 헤럴드경제
​
08:10:33 캄보디아 대학생 사인은 구타로 인한 외상성 쇼크 마약·독극물 검출 無 한국경제
​
08:10:12 한울소재과학 JKM 中 대형사 OLED 필름 소재 수주 글로벌 고객 확대 한울소재과학 이투데이
​
08:10:00 [AI의 종목 이야기] RTX 자회사 프랫&휘트니 에어버스와 3년 엔진 공급 계약 논의 뉴스핌
​
08:09:49 퇴근 후 자기계발? 그냥 혼자 누워서 유튜브 봐요 한국경제
​
08:09:48 폴라리스오피스 3Q 매출 2390억·영업익 104억 계열사 호조 속 전년比 18%·11% 성장 폴라리스오피스 이투데이
​
08:09:31 넥센타이어 윈가드 스노보드팀과 함께 국내 동계스포츠 저변 확대 지원 대상 헤럴드경제
​
08:09:20 스몰인사이트 일동제약 경구 비만치료제로 변화 주도 비만약의 타이레놀 도전 일동제약 이투데이
​
08:09:19 르노코리아 코리아세일페스타 혜택 11월말까지 연장 캐프 헤럴드경제
​
08:09:18 한국타이어 폭스바겐 타이론에 벤투스 에보 SUV 공급 TP 헤럴드경제
​
08:09:00 [AI의 종목 이야기] '라부부 열풍' 팝마트 주가 황금기는 이미 끝났을 수도 뉴스핌
​
08:08:55 삼성물산 여의도 대교 재건축 수주 래미안 와이츠 제안 대교 헤럴드경제
​
08:08:49 '원·달러 NDF 1445 6/1446 0원 9 0원 하락 당국 개입의지 확인 이투데이
​
08:08:24 킵스파마 3분기 누적 매출 1250억 견조한 성장세 지속 킵스파마 아시아경제
​
08:08:14 스팡지바오자동화(601126 SH) 실적 안정적으로 성장 매수 연합인포맥스
​
08:08:01 농심 4분기 주가 반등 호재 줄줄이 대기 목표가↑ 농심 매일경제
​
08:07:29 [속보] 李 대통령 관봉권·쿠팡 의혹 상설특검에 안권섭 임명 한국경제
​
08:06:51 李대통령 지지율 54 5%·2 2%p↓ 민주 46 7%·국힘 34 2%[ 연합인포
​
08:06:43 동원홈푸드 비비드키친 저당 브리또 3종 출시 간편식 라인업 확대 이데일리
​
08:06:26 [속보]이재명 대통령 '관봉권·쿠팡' 특검에 안권섭 변호사 임명 머니투데이
​
08:06:17 환경단체 보령 채석장 사고는 중대재해법 위반 사업주·보령시 경찰 고발 한국경제
​
08:06:12 생명↑·화재↓ 삼성가 보험형제 3분기 실적 온도차 현대해상 뉴스핌
​
08:05:58 농심 국내 원가개선·해외 매출확대 목표가 52만원으로 16%↑-대신 머니투데이
​
08:05:53 [오늘의 증시리포트] 이수페타시스ㆍ두산테스나ㆍ명신산업 등 이수페타시스 이투데이
​
08:05:39 다올투자증권 3분기 누적 순이익 416억 사업 체질 개선 '결실' 다올투자증권 아시아경제
​
08:05:39 신한투자證 리노공업 AI 시장 개화 성장성 입증 리노공업 이투데이
​
08:05:25 17~18일 사이 광주·전남 첫눈 내린다 뉴스핌
​
08:05:22 신한투자증권 삼양식품 미국 관세 영향 최소화 목표가↑ 삼양식품 컨슈머타임스
​
08:05:13 [디시인사이드 M&A] 한국판 레딧 기대되지만 구설수 많아 LP 출자난항 딜사이트
​
08:04:46 12년 연속 1위 세계가 인정한 국내 스키 리조트 어디 매일경제
​
08:04:41 [속보] 李 관봉권 띠지 분실·쿠팡 의혹 상설특검에 안권섭 임명 조선비즈
​
08:04:41 李 관봉권 띠지 분실·쿠팡 의혹 상설특검에 안권섭 임명 조선비즈
​
08:04:38 SK 주주환원 확대 가능성 목표가 상향 -NH SK 이데일리
​
08:04:37 국힘 대변인 김예지 피해의식 똘똘 뭉쳐 논란된 장애인 비하 발언 파이낸셜뉴스
​
08:04:22 中열연 반덤핑 제재에도 시장 정상화 먼 길 POSCO홀딩스 서울경제
​
08:04:14 상주시 2026년 고향사랑기부제 답례품 공개모집 대상 헤럴드경제
​
08:04:12 사우디 국부펀드 빈살만 방미 앞두고 美지분 추가 매각 이데일리
​
08:04:12 사우디 국부펀드 빈살만 방미 앞두고 美지분 추가 매각 이데일리FX
​
08:04:11 [속보]이 대통령 관봉권·쿠팡 의혹 상설특검에 안권섭 임명 아시아경제
​
08:04:08 물가가 오르면 모두가 고통받는다는 건 착각 연합뉴스
​
08:04:04 비트코인 올해 상승분 모두 반납 깊어지는 약세장 이데일리
​
08:04:04 비트코인 올해 상승분 모두 반납 깊어지는 약세장 이데일리FX
​
08:03:49 올해만 난민 4만명 英 여론 악화에 망명 문 닫는다 이데일리
​
08:03:49 올해만 난민 4만명 英 여론 악화에 망명 문 닫는다 이데일리FX
​
08:03:43 에스넷시스템 올 3분기 누적 매출 2660억 영업익 전년比 63%↑ 에스넷 아시아경제
​
08:03:06 러 흑해 항구 우크라 폭격 이틀 만에 원유 수출 재개 연합뉴스
​
08:03:03 [속보] 李대통령 관봉권 띠지·쿠팡 의혹 특검에 안권섭 변호사 임명 헤럴드경제
​
08:03:01 美 해군참모총장 HD현대·한화 조선소 방문 마스가 동맹 시동 한화 헤럴드경제
​
08:02:19 高환율 이젠 호재 아닌 악재 기업들 내년도 사업계획 수립 자체가 어렵다 전방 헤럴드경제
​
08:01:54 기타시장안내(금일 NXT 경쟁매매 대상 종목 지정으로 인한 KRX 시간외단일가매매 제외 종목 안내(유가증권시장)) 코스피공시
​
08:01:44 iM 이번주 환율 전망 달러당 1420~1470원 아시아경제
​
08:01:29 14일 코스닥 시장 공매도 비중 상위 종목  인탑스 스튜디오드래곤 등 인탑스 조선비즈
​
08:01:29 14일 코스닥 시장 공매도 금액 상위 종목  펩트론 에이비엘바이오 등 펩트론 조선비즈
​
08:01:29 14일 코스피 시장 공매도 금액 상위 종목  HD현대중공업 두산에너빌리티 등 HD현대중공업 조선비즈
​
08:01:29 14일 코스피 시장 공매도 비중 상위 종목  한진칼 HD현대중공업 등 한진칼 조선비즈
​
08:01:29 14일 코스닥 시장 공매도 수량 상위 종목  우리기술 SFA반도체 등 우리기술 조선비즈
​
08:01:28 14일 코스피 시장 공매도 수량 상위 종목  두산에너빌리티 삼성전자 등 두산에너빌리티 조선비즈
​
08:01:11 기타시장안내(금일 NXT 경쟁매매 대상 종목 지정으로 인한 KRX 시간외단일가매매 제외 종목 안내(코스닥시장)) 코스닥공시
​
08:01:03 주요 기업 영업이익 예상치 및 실적 발표 일정 (2025년 3분기 2025 11 17 기준 연결) -4 레인보우로보틱스 인포스탁
​
08:01:02 주요 기업 영업이익 예상치 및 실적 발표 일정 (2025년 3분기 2025 11 17 기준 연결) -3 레인보우로보틱스 인포스탁
​
08:01:01 주요 기업 영업이익 예상치 및 실적 발표 일정 (2025년 3분기 2025 11 17 기준 연결) -2 레인보우로보틱스 인포스탁
​
08:01:00 주요 기업 영업이익 예상치 및 실적 발표 일정 (2025년 3분기 2025 11 17 기준 연결) -1 레인보우로보틱스 인포스탁
​
08:00:57 심혈관질환 주범 EU 내년부터 고가공식품에 과세 추진 헤럴드경제
​
08:00:44 '근면 자조 협동' 새마을운동 55주년 부산서 전국지도자대회 연합뉴스
​
08:00:18 [4대그룹 사업점검] [LG] 전장 사업으로 계열사 '동반성장' 드라이브 LG전자 딜사이트
​
08:00:18 [4대그룹 사업점검] [LG] 중국 공세에 구광모 '선택과 집중' 경영 내년 더 탄력 LG 딜사이트
​
08:00:17 [K-클라우드 빅4 리포트] KT클라우드 액체냉각 AIDC로 AI 인프라 전면 가동 KT 딜사이트
​
08:00:16 기업은행 내년에도 CES 참가한다 유망 스타트업 지원 '앞장' 기업은행 딜사이트
​
08:00:16 [스타워즈] KB 민동욱 1위 질주 누적 수익률 30% 돌파 리가켐바이오 한국경제
​
08:00:15 브이티 올 3분기 연결 기준 누적 매출 3222억 달성 美 시장에서 433% 고성장 브이티 아시아경제
​
08:00:04 다용도 게퍼·건축용 테이프로 글로벌 시장 공략 한국경제
​
08:00:03 불륜 사산아 냉동실 유기하고도 구속 면했던 귀화여성 행방 묘연 연합뉴스
​
08:00:02 [오늘의 증시일정](17일) 연합뉴스
​
08:00:02 野김미애 '허위후기·부당요구 땐 온라인몰 접근제한' 법안 발의 연합뉴스
​
08:00:01 [전국 주요 신문 사설](17일 조간) 연합뉴스
​
08:00:01 [전국 주요 신문 톱뉴스](17일 조간) 연합뉴스
​
08:00:00 전일 3분기 실적 발표 주요 기업(2025 11 14 발표) 알테오젠 인포스탁
​
08:00:00 환율 급등에 수입 물가 9개월 만에 최대폭 상승 [3분 브리프] 아시아경제
​
08:00:00 간단공정으로 폭발 없는 배터리 성능 늘렸다 파이낸셜뉴스
​
08:00:00 해외 관심 늘었지만 정부 관심 줄어 지스타 2025 '명과 암' 엔씨소프트 컨슈머타임스
​
08:00:00 [컨슈머리뷰] 36년 '억까'를 뒤집다 정통 '우지라면'의 귀환 삼양식품 컨슈머타임스
​
08:00:00 세계 셀럽들이 주목한 'K-뷰티' 글로벌 시장서 또 한 번 영향력 확대 컨슈머타임스
​
08:00:00 환절기엔 고혈압 환자 위험↑ '복합제' 초기 요법 새 선택지 유한양행 컨슈머타임스
​
08:00:00 '여성보험' 선두 한화손보 이번엔 비보험 마케팅 강화 한화손해보험 컨슈머타임스
​
08:00:00 브랜드와 모델 더블 임팩트 켈리 1초당 9 3병 팔렸다 하이트진로 헤럴드경제
​
08:00:00 돈 뽑으러 왕복 50㎞? 은행 떠난 곳 지킨 상호금융 '당근' 줘야 산다 머니투데이
​
08:00:00 동남아서 통하는 'K-완구기업' 육성 더인벤션랩-토이트론 맞손 머니투데이
​
08:00:00 광복 80년 수교 60년 '풀지 못한 숙제' 韓日 학자들 만나 해법 모색 머니투데이
​
08:00:00 염색 머리와 네일 아트도 괜찮아! 더 많은 일본 기업들이 근로자를 위해 규칙을 완화합니다 로이터뉴스
​
08:00:00 RPT- 독점- 배릭 마이닝? 두 개의 독립 체로 분할을 고려하고 있다고 소식통은 말합니다 로이터뉴스
​",https://blog.naver.com/thdtjsdn1/224078470006,thdtjsdn.blogspot.com,20251117,2026-04-27 16:20:40
세븐일레븐 삼립 25년듬뿍피자호빵,"편의점 신상 1,700원 [삼립호빵 김치만두 호빵] 206kcal","삼립호빵 이벤트 호마이레시피 &quot; &quot; &quot; 삼립호빵 알찬피자 1개 1,700원 판매처: CU, GS25, 세븐일레븐... 삼립호빵 김치만두 호빵은 밀가루 기반 반죽에 국산 김치, 돼지고기, 채소 등을 듬뿍 충전해 증숙한 가열... ","​
SPC삼립이 ‘
1입 포장 호빵
’을 출시한다고 13일 밝혔습니다.
​
​
‘
1입 포장 호빵
’은 호빵을 한 개씩 구매할 수 있으며, 특허 기술이 적용된 포장으로 봉지째 전자레인지에 데워 먹을 수 있습니다. 조리 중 포장 내부의 증기 압력이 일정 수준에 이르면 자동으로 배출구가 형성되는 기술을 이용했습니다.
​
삼립호빵 전자레인지
​
‘
1입 포장 호빵
’은 단팥·야채·피자·김치만두 맛 호빵 등 총 4종이 판매됩니다.
​
​
SPC삼립은 호빵 시즌을 맞아 SNS 이벤트도 진행합니다. 호빵을 즐기는 자신만의 다양한 레시피를 공유하면, 추첨을 통해 △아이슬란드 항공권 △황금호빵(1돈) △호빵굿즈 △커피교환권 등 다양한 경품을 증정할 예정입니다. 이벤트는 오는 30일까지 진행되며, 삼립 공식 인스타그램에 공개되는 온라인 이벤트 페이지를 통해 자세한 내용을 확인할 수 있습니다.
​
삼립호빵 이벤트 호마이레시피
​
Instagram의 삼립 공식 인스타그램님 : ""⠀ ♡⊹˚₊☃️˚₊‧【𝙃𝙊! 𝙈𝙔 𝙍𝙀𝘾𝙄𝙋𝙀 𝙀𝙑𝙀𝙉𝙏】‧₊˚🩵₊˚⊹♡ #호빵 이렇게도 즐긴다고? 😮 맛따라 멋따라 취향따라 즐기는 #삼립호빵 호빵을 즐기는 특별한 #호마이레시피 를 알려줘 .ᐟ✌🏻 맛있게 또는 재미있게! (((( *＇ч＇ *)っΨ 누구도 상상한 적 없던 나만의 ✨호마이레시피✨ 공유하면 #아이슬란드 항공권부터 #호찜이 굿즈까지! #EVENT 참여 방법 1⃣ 나만의 호마이레시피를 촬영 📸 (영상, 이미지 모두 𝐎𝐊!) 2⃣ 삼립 공식 인스타 계정 (@samlip.official) 태그 필수! 3⃣ 필수 해시태그와 함께 피드 업로드! #삼립호빵 #호마이레시피 #호마이레시피이벤트 #호빵레시피 4⃣ 호마이레시피 페이지 내 구글폼으로 콘텐츠 링크 제출 ✅ ❄ 이벤트 기간 : 11/12(수) ~ 12/12(금) ❄ 당첨자 발표 : 12/19(금) *개별 DM 발표 ❄ 이벤트 경품 - 1등 : 아이슬란드 항공권 (1명) - 2등 : 호빵 모양 금 1돈 (3명) - 3등 : 사무엘스몰즈 호찜이 (10명) - 4등 : 편의점 모바일 쿠폰 1만원 권 (50명) 📌 다른 레시피가 궁금하다면 프로필 상단 ‘호마이레시피 페이지’ 클릭! 👆🏻 ✔️ 본 이벤트는 만 18세 이상 참여 가능합니다. ✔️ 사정에 따라 경품은 변경될 수 있습니다. ✔️ 경품 이미지는 실제와 다를 수 있습니다. ✔️ 이벤트 참여 계정은 당첨자 발표일까지 ’전체공개‘로 설정되어 있어야 참여가 인정됩니다. ✔️ 5만원 초과 경품의 경우 제세공과금 22% 발생하며, 해당 금액은 당사에서 부담합니다. 📌 이외 이벤트 관련 유의사항은 ’호마이레시피 페이지‘에서 확인 가능하니, 꼭 확인해주세요! #삼립 #samlip""
218 likes, 24 comments - samlip.official - November 11, 2025: ""⠀ ♡⊹˚₊☃️˚₊‧【𝙃𝙊! 𝙈𝙔 𝙍𝙀𝘾𝙄𝙋𝙀 𝙀𝙑𝙀𝙉𝙏】‧₊˚🩵₊˚⊹♡ #호빵 이렇게도 즐긴다고? 😮 맛따라 멋따라 취향따라 즐기는 #삼립호빵 호빵을 즐기는 특별한 #호마이레시피 를 알려줘 .ᐟ✌🏻 맛있게 또는 재미있게! (((( *＇ч＇ *)っΨ 누구도 상상한 적 없던 나만의 ✨호마이레시피✨ 공유하면 #아이슬란드 항공권부터 #호찜이 굿즈까지! #EVENT 참여 방법 1⃣ 나만의 호마이레...
vo.la
삼립호빵 알찬피자
1개
1,700원
​
판매처: CU, GS25, 세븐일레븐, 이마트24 전국 매장
이 글에서는
삼립호빵 김치만두 호빵
의 정의, 성분, 영양 정보, 식품첨가물, 그리고 규격과 시험방법을 자세히 정리해드리겠습니다.
호빵
의 정의
(식품 공전 기준)
""제5. 식품별 기준 및 규격""에 따르면,
빵류
는 다음과 같이 정의됩니다:
밀가루 또는 기타 곡분, 설탕, 유지, 달걀 등을 주원료로 하여 이를 발효시키거나 발효하지 않고 반죽한 것 또는 크림, 설탕, 달걀 등을 주원료로 하여 반죽하여 냉동한 것과 이를 익힌 것으로서 식빵, 케이크, 카스텔라, 도넛,
피자
, 파이, 핫도그, 티라미스, 무스케익 등을 말한다.
삼립호빵 김치만두 호빵
은 밀가루 기반 반죽에 국산 김치, 돼지고기, 채소 등을 듬뿍 충전해 증숙한 가열 빵류로, 1971년부터 이어진
SPC삼립
의 전통 기술로 구현한 김치만두 맛 호빵입니다.
제품 등록 현황 (식품안전나라)
삼립호빵 김치만두 호빵
은 ㈜에스피씨삼립(경기도 시흥시 공단1대로 101)에서 제조·유통 중이며, 현재 회수나 판매 중지 사례 없이 정상 유통되고 있습니다.
알레르기 유발 성분(밀, 대두, 우유, 새우, 돼지고기, 닭고기, 쇠고기, 조개류(굴))
를 함유하고 있어 해당 성분에 민감하신 분은 주의가 필요합니다.
식품첨가물
1. 유통기한 연장을 위한 첨가물
​
주정
: 미생물 증식 억제
​
2. 맛 관련 첨가물
​
정제소금
: 보존 및 풍미 조절
복합조미식품
: 김치·만두 풍미 강화
참기름, 멸치액젓
: 감칠맛 제공
​
3. 외관 및 식감 관련 첨가물
​
변성전분, 덱스트린
: 반죽 및 충전재 점도 조절
글리세린에스테르, 폴리글리세린지방산에스테르
: 유화 안정화, 부드러움 유지
산성피로인산나트륨, 탄산수소나트륨
: 팽창제 (호빵의 폭신한 식감)
L-시스틴, a-아밀라아제
: 반죽 개선 및 소화 촉진
​
​
삼립호빵 김치만두호빵 원재료명
삼립호빵 김치만두 호빵
의 규격과 시험방법 (표 정리)
항목
규격
시험방법
산가
2.0 이하 (유탕･유처리한 제품에 한함)
제8. 일반시험법 2.1.5.3.1 산가
허용외 타르색소
검출되어서는 안 된다
제8. 일반시험법 3.4 착색료
산화방지제
BHA, BHT, TBHQ 0.4g/kg 이하 (병용 시 합계 0.4g/kg 이하)
제8. 일반시험법 3.3 산화방지제
보존료
프로피온산, 프로피온산나트륨, 프로피온산칼슘 2.5g/kg 이하 (프로피온산 기준)
제8. 일반시험법 3.1 보존료
세균수
n=5, c=2, m=10,000, M=50,000 (밀봉제품, 발효제품 제외)
제8. 일반시험법 4.5.1 일반세균수
황색포도상구균
n=5, c=0, m=0/10g (크림 도포/충전 후 비가열 제품)
제8. 일반시험법 4.12 황색포도상구균
살모넬라
n=5, c=0, m=0/10g (크림 도포/충전 후 비가열 제품)
제8. 일반시험법 4.11 살모넬라
영양 성분
삼립호빵 김치만두호빵 칼로리
마무리
삼립호빵 김치만두 호빵
은 CU, GS25, 세븐일레븐, 이마트24 등 전국 편의점에서 구매 가능한 겨울 필수 간식입니다.
전자레인지용 1입 포장
과
호빵호찜팩™ 기술
로 집에서도 찜기 갓찐 맛을 즐길 수 있으며,
1개당 206kcal, 당류 5g
으로 든든하면서도 부담 없는 간식으로 딱!입니다.
​
앞으로 다양한 가공식품을 하나하나 분석하여 여러분께 더욱 유익한 정보를 제공할 예정입니다.
다음 포스팅에서 또 만나요~!
​
영양성분표 A to Z: 열량, 나트륨, 당류 기준 총정리🖊️
식품을 구매할 때 영양성분표를 꼼꼼히 확인하시나요? 포장지에 적힌 숫자와 단위는 단순한 정보가 아니라,...
vo.la
​
​
​
삼립호빵 김치만두호빵",https://blog.naver.com/excuse__j/224076889750,건강한 정보로 더 나은 삶을,20251115,2026-04-27 16:20:41
