keyword,title,description,content,link,bloggername,postdate,crawled_at
옐로우로즈해리카운티,코스트코 4월 넷째주 4월 20일 할인정보,"KING 옐로우콘 토티야칩스 8,390원 린트 린도르 초콜릿 25,490원 CAFFAREL 헤이즐넛 초콜릿 14,490원... 소노마 카운티 올드 바인 진판델 21,990원 커클랜드시그니춰 쉬레드 모짜렐라 23,490원 무띠... ","​
※사진 도용 사례가 있어 안내드립니다.
본 블로그 사진은 무단 사용 및 캡처, 재업로드를 금지합니다.
확인 시 삭제 요청 및 신고 조치 진행합니다.
​
※코스트코 4월 휴무일
​
4월 22일 (수)
코스트코 일산점
​
4월 26일 (일)
​
수도권 : 코스트코 양평점, 코스트코 고척점, 코스트코 상봉점, 코스트코 의정부점, 코스트코 공세점, 코스트코 공세점, 코스트코 평택점, 코스트코 송도점, 코스트코 청라점
충청권 : 코스트코 천안점, 코스트코 세종점, 코스트코 대전점
경상권 : 코스트코 울산점, 코스트코 김해점, 코스트코 부산점
​
4월 27일 (월)
코스트코 대구점, 코스트코 대구혁신점
​
한바퀴 돌고 치킨 냄새에 홀려 모닝 치킨 먹었어요.
울산점도 내일부터 치킨 판매 시작한다고 합니다~
​
※신상 미리보기
락피쉬 여성 첼시 레인부츠, 루치펠로 스틱 가글, 카네이션
​
※미입고
커클랜드시그니춰 그릭요거트, 두판란, 난각번호 1번 계란
​
※코스트코 4월 넷째주 할인
엘지 오브제 양문형 매직스페이스 832L 1,749,000원
​
엘지 오브제 AI 매직 871L 2,999,000원
​
엘지 UHD TV 65 969,000원
​
엘지 오브제 건조기 25kg 1,799,000원
엘지 오브제 세탁기/건조기 세트 25kg 3,249,000원
엘지 오브제 세탁기 25kg 1,639,000원
​
엘지 오브제 빌트인 3구 인덕션 999,000원
​
엘지 오브제 식기세척기 14인용 프리스탠딩 1,199,000원
엘지 오브제 식기세척기 빌트인 1,199,000원
​
일레트로룩스 인덕션 전기레인지 499,000원
​
야마하 디지털 피아노 909,000원
​
삼성 갤럭시 S26 울트라 1,599,000원
삼성 갤럭시 S26 플러스 1,299,000원
삼성 갤럭시 S26 1,099,000원
​
삼성 무풍 창문형 에어컨 679,000원 / 619,000원
​
엘지 그램 2,149,000원
엘지 그램 1,799,000원
​
루메나 제습기 8L 159,900원
​
쿠오레 이동식 대형 냉풍기 352,900원
​
쿠오레 산업용 에어컨 1구 367,900원
​
신일 BLDC 선풍기 91,900원
​
무아스 플라즈마 BLDC 헤어 드라이어 63,900원
​
해마루 와이드 전기그릴 43,900원
​
비앙코 음식물 처리기 5.5L 269,900원
​
마이어 티포트 1.5L 31,990원
​
듀오백 각도 조절 발받침 29,990원
​
브라이튼 여행가방 26인치 79,900원
​
베스트모먼트 돌체구스토 호환 캡슐커피 37,490원
​
킴보 네스프레소 호환 캡슐 33,490원
​
노비타 비데 BD-H721H0 286,900원
노비타 비데 BD-C300G0 214,900원
​
쿡에버 스텐레스 2단 확장형 식기건조대 58,900원
​
옥소 야채 탈수기 23,990원
​
스테들러 문구 세트 15,990원
​
서전지구 LED 지구본 39,990원
​
MIMI PET 옷입는 아기고양이 냥이 23,990원
​
아모스 글라스데코 산리오 캐릭터즈 15,990원
​
MATTEL BRICK SHOP 핫휠 브릭레이스카 캐딜락&콜벳 43,900원
​
세이프라이프 소화기 Z07 29,490원
​
소나텍 익스트림 나노 엔진코팅 29,490원
​
불스원 크리스탈 듀얼코트 10,990원
​
불스원 레인OK 스피드 발수코팅 10,990원
​
카스모 자전거 헬멧 23,990원
​
카스모 싸이클럽 폴딩 자전거 179,900원
​
카스모 보체 MTB 자전거 179,900원
​
젝시믹스 EVA 폼 롤러 15,990원
​
홈매트 스마트 리퀴드 세트 훈증기+리필 17,490원
​
홈매트 스마트 리퀴드 리필 15,990원
​
타카쇼 걸이형 버그 트랩 22,990원
​
듀라셀 알카라인 건전지 40개입 14,390원
​
VOVO 도기 일체형 비데 539,900원
​
대림바스 세면대 필터 헤드 15,990원
​
뉴트리플랜 애견용 홀릭 소시지 11,790원
​
내추럴코어 애견사료 70% 유기농 38,990원
​
뉴트리플랜 소프트뮨 화식 19,990원
​
시저 애견사료 / 소고기 29,990원
​
시리우스 강아지 발씻자 19,990원
​
유니참 뿌려쓰는 탈취제 13,990원
​
PETS GUARD 고양이 두부모래 15,990원
​
이나바 마구로쥬레 유산균 23,990원
​
ANF 식스프리골드 고양이 사료 61,900원
​
벨버드 오리고기 껌말이 18,990원
​
파미데이즈 황태유산균 덴탈껌 밀키베이스 16,990원
​
윙크 잘라쓰는 주방후드 필터 10,490원
​
윙크 위생 롤도마 12,490원
​
집락 버라이어티 냉장백 10,990원
​
집락 냉장용 지퍼백 중형 16,190원
​
집락 냉장용 지퍼백 대형 17,990원
​
스카치브라이트 베이킹소다 크린스틱 15,690원
​
맥심 모카골드 마일드 49,490원
​
칸타타 콘트라베이스 콜드브루 18,690원
​
칸타타 콘트라베이스 디카페인 16,590원
​
삼육두유 국산 검은콩 두유 14,790원
​
이디야 요거트 파우더 7,790원
​
이디야 토피넛 라떼 13,790원
​
동서 둥굴레차 16,990원
​
태광선식 퀴노아 10곡 미숫가루 10,990원
​
본마망 무화과잼 7,790원
​
신라명과 달콤바삭 크룽지 11,390원
​
화과방 땅콩빵 10,990원
​
삼립 토종효모 로만밀 식빵 7,790원
​
미니 필링 도넛 11,990원
​
브룩팜 에센셜 그래놀라 11,190원
​
네이처밸리 트레일 믹스 바 21,590원
​
참외 3kg 16,990원
​
네이블 오렌지 3.5kg 14,390원
​
제스프리 골드키위 23,390원
​
제스프리 골드키위 5.7kg 50,900원
​
블랙 사파이어 포도 10,790원
(왼)4월 20일
(오)4월 14일
​
애플망고 12,490원
​
칵테일 토마토 9,990원
​
C-WEED 올리브유 파래김 12,990원
​
친환경 호박 고구마 11,790원
​
무농약 팽이버섯 3,890원
​
친환경 컷 앤 슬라이스 5,190원
​
깐 대파 4,290원
​
미니 당근 12,090원
​
파프리카 1봉 8,490원
​
주꾸미 볶음 100g 2,399원 팩당 4,800원 할인
​
지난주부터 할인하는 캐나다산 돈육
​
미국산 초이스 냉동 칼집 포갈비 39,990원
​
미국산 프라임 채끝 스테이크 100g 7,390원 팩당 16,000원 할인
​
미국산 초이스 토시살 로스 100g 3,999원 팩당 8천원 할인
​
하림 토종닭 백숙용 9,490원
​
생물 자숙 새꼬막살 100g 1,899원 팩당 3,800원 할인
​
더 건강한 허니 슬라이스햄 11,990원
​
FRICO 미니 고다&에담 12,590원
​
C-WEED 해초 샐러드 7,990원
​
라브아 캡슐세제 아이리스&피오니 21,890원
​
피지 모락셀라 냄새제거 부스터 24,790원
​
피지 모락셀라 스포츠 세탁세제 17,790원
​
액츠 데오 후레쉬 세탁세제+베이킹소다 15,490원
​
비트 세탁세제 11,990원
​
아우라 시트형 섬유유연제 16,590원
​
라브아 섬유유연제 프랑지파니&가이악 18,990원
​
메르센트 섬유유연제 로즈드메이 15,690원
​
샤프란 꽃담초 섬유유연제 14,090원
​
덴마크 스위티 자몽주스 8,990원
​
몬스터에너지 울트라 23,990원
​
썬키스트 애사비 제로 스파클링 16,590원
​
코카콜라 제로 18,590원
​
펩시콜라 13,390원
​
오랑지나 탄산음료 15,990원
​
헤를링아 애플 사이다 24,990원
​
스프라이트 탄산소다 15,590원
​
칠성사이다 10,790원
​
칠성사이다 제로 10,790원
​
삼양 까르보 불닭볶음면 17,790원
삼양 불닭볶음면 큰컵 16,990원
​
팔도 왕뚜껑 14,590원
​
농심 신라면 블랙 19,990원
​
돈 훌리오 데킬라 블랑코 64,900원
​
산토리 위스키 가쿠빈 27,690원
​
니피스 착즙 애플 주스 12,390원
​
풀무원 데일리 프레쉬 주스 11,990원
​
삼립 시티델리 함박 스테이크 9,190원
​
롯데햄 의성마늘 직꾸닭 9,990원
​
동원 도이치 비엔나 소시지 8,990원
​
동원 그릴리 트러플 도이치햄 11,190원
​
커클랜드시그니춰 슬라이스 베이컨 25,790원
​
상하치즈 미니 칼슘 체다&크림 치즈 11,790원
​
브레드앤버터 피노누아 23,990원
브레드앤버터 샤도네이 23,990원
​
아마란타 몬테풀치아노 다부르쪼 30,990원
​
빌라마리아 쇼비뇽 블랑 17,990원
​
프레지오 로마냐 산지오베제 15,990원
​
몬테스 알파 블랙라벨 까베르네쇼비뇽 29,990원
​
KG 케미칼 바로바로 액비 13,490원
​
KG 케미칼 잡초 제거제 18,390원
​
KG 케미칼 라이브 파워 비료 11,490원
​
아이리스 스탠드형 호스릴 50M 59,900원
​
삼진어묵 정통 어묵탕 모듬 10,290원
​
삼호어묵 부산어묵 골드 5,390원
​
비비고 총각김치 20,390원
​
아워홈 구씨반가 갈치김치 14,490원
​
한성기업 크래미 8,590원
​
CJ 동치미 물냉면 6,590원
​
청정원 콩담백면 9,790원
​
백종원의 빽쿡 돼지 김치찜 21,290원
​
한성기업 유부초밥 박사 7,690원
​
다담 된장찌개 양념 10,990원
​
비요뜨 초코링 10,290원
​
매일 바이오 드링킹 블루베리 7,990원
​
비비고 바지락 칼국수 15,990원
​
고메 중화짬뽕 15,990원
​
고메 흑백요리사 고기짜장 13,490원
​
하림 버팔로 핫 봉 12,290원
​
고메 소바바 소이 허니 순살 14,990원
고메 소바바 양념 순살 치킨 13,990원
​
CJ 자메이카 치킨 16,990원
​
고메 함박 스테이크 10,490원
​
비비고 남도 떡갈비 11,490원
​
씨제이 꼬마 돈까스 12,490원
​
동원 7겹 돈까스 12,990원
​
사옹원 부침명장 바삭 김치전 10,490원
​
커클랜드시그니춰 판코새우 24,990원
​
비비고 플랜테이블 오리지널 왕교자 10,490원
비비고 플랜테이블 물만두 9,790원
​
비비고 왕교자 12,990원
비비고 깻잎만두 12,990원
비비고 통새우만두 13,990원
​
동원 딤섬 새우 하가우 12,990원
​
천일 낙지 볶음밥 10,890원
​
한우물 유기농 곤드레나물밥 10,990원
​
햇반 베이컨 계란볶음밥 11,990원
​
햇반 참치 마요 주먹밥 11,490원
햇반 김치 치즈 주먹밥 11,490원
​
애슐리 트리플 치즈피자 16,990원
​
고메 크리스피 핫도그 11,990원
​
두바이 스타일 쫀득 찹쌀떡 22,490원
​
나탈리스 레몬 착즙액 16,990원
​
하겐다즈 스틱바 24,790원
​
요뽀끼 컵라볶이 10,990원
​
이가자연면 감자 수제비 11,090원
​
비비고 참기름 11,790원
​
명가랑 정이 담긴 참기름 37,990원
​
트레비 탄산수 10,390원
​
광동 옥수수 수염차 13,690원
​
동원 보성 말차 14,990원
​
크리넥스 소프트 엠보싱 물티슈 8,790원
​
아이리스 포켓형 물티슈 9,990원
​
크리넥스 빨아쓰는 행주타월 15,190원
​
크리넥스 소프트터치 미용티슈 14,590원
​
크리넥스 안심 키친타월 17,890원
​
상하키친 양송이 크림스프 12,990원
​
예맛 오곡 누룽지 11,990원
​
샘표 만능 장아찌 간장 7,590원
​
해리농협 고창 구운 천일염 7,790원
​
청정원 순창 조개멸치 양념된장 11,890원
​
오뚜기 우리밀 부침가루 7,990원
​
미이랑 찹쌀가루 9,990원
​
크래프트 아보카도 마요네즈 12,790원
​
상하키친 비프 카레 13,490원
​
본죽 쇠고기 장조림 14,490원
​
오레오 쿠키 13,590원
​
LESLEY STOWE 레인코스트 크리스프 19,890원
​
쿠키아 뚜부 크래커 8,990원
​
비스퀴트리 쿠키 초코 앤 플뢰르 드 셀 14,990원
​
모리나가 문라이트 12,490원
​
해태 오예스 미니 9,690원
​
VICENZI 테소로 아마레나 쿠키 13,490원
​
GILLE 스웨덴 쿠키 7종 21,990원
​
ICKX 초콜릿 마카롱 21,990원
​
이볼루덤 미셀라 워터 11,990원
​
닥터 브로너스 퓨어 캐스틸 솝 시트러스 19,990원
​
이니스프리 레티놀 시카 리페어 앰플 26,990원
​
아비브 어성초 에센스 18,990원
​
비오레 UV 리치 워터리 에센스 23,990원
​
센텔리안24 멜라캡쳐 앰플 프로 25,990원
​
피지오겔 DMT 포맨 20,790원
​
다슈 울트라 홀딩 왁스 19,990원
​
센소다인 엑스트라 화이트 치약 20,790원
쉬크 인튜이션 제모기 세트 20,490원
​
덴프스 트루바이타민 이뮨 25,590원
​
얼라이브 원스데일리 멀티비타민 21,190원
​
얼라이브 삼부커스 엘더베리 22,390원
​
콴첼 MBP 18,790원
​
CJ BYO 생 유산균 프리미엄 35,990원
​
뉴트리원 비비랩 파인애플 효소 22,390원
뉴트리원 비비랩 더콜라겐 1500 23,990원
​
덴프스 NMN 250 27,990원
​
한독 테라큐민 슈퍼 커큐민 50 29,590원
​
종근당건강 알로에 이뮨 스틱 22,390원
​
바이탈뷰티 슈퍼 레티놀C 31,990원
​
한미양행 다이어트 가르시니아 11,990원
​
종근당건강 침향환 23,990원
​
동원천지인 홍삼 절편 31,990원
​
종근당건강 키즈 홍삼 튼튼업 27,190원
​
리콜라 레몬민트 허브캔디 17,990원
​
라이프타임 피크닉테이블 192,900원
​
선빌라 야외용 쿠션 그네 529,000원
​
루이지애나 7PC 세트 849,000원
​
스노우피크 어메니티S 텐트 299,900원
​
콜맨 캐노피 129,900원
​
차량용 대형천막 279,900원
​
코데즈컴바인 캐미솔/런닝 15,990원
​
게스 아동 런닝 5매 14,990원
​
게스 아동 팬티 10매 18,990원
​
게스 주니어 브리프 8매 19,990원
​
캘빈클라인 박서 브리프 3매 23,990원
​
1959396 BRIGGS 여성 리넨 팬츠 15,990원
​
687552 카운테스 마라 린넨 혼방 셔츠 27,990원
​
1956400 SOUP 여성 블라우스 23,990원
​
에이프릴앳홈 순면 누빔 요 싱글 40,900원
​
크리스피바바 고밀도 양모 이불 99,900원/ 91,900원
​
오리고 면 시어서커 담요 19,990원
​
베네통 비치타올 11,990원
​
푸마 성인 슬라이드 12,990원
​
뉴트리원 퓨어 산양유 단백질 18,990원
​
웨이더 혈닷 케어 프로틴 18,990원
​
것플렉스 두부 현미 스낵 10,990원
​
SNAKYARD 표고버섯 칩 10,990원
​
커클랜드시그니춰 전자렌지 팝콘 21,990원
​
SNAK KING 옐로우콘 토티야칩스 8,390원
​
린트 린도르 초콜릿 25,490원
​
CAFFAREL 헤이즐넛 초콜릿 14,490원
​
WITOR'S 이탈리안 트러플 18,690원
​
CHOCMOD 프렌치 트러플 20,990원
​
STEENLAND 해적 동전 초콜릿 27,990원
​
스니커즈 미니스 초콜릿 25,390원
​
동원 저스트 육포 화이트 페퍼 12,690원
​
루메나 M3 LED 캠핑 랜턴 31,990원
​
※울산점 할인
AUDIO-TECHNICA 휴대용 턴테이블 AT-SB727 149,900원
​
국내산 돈육 등갈비 100g 2,499원 팩당 11,000원 할인
​
커클랜드시그니춰 슬라이스 베이컨 라이트 25,790원
광명점은 라이트 할인 안해요.
​
아임리얼 딸기 주스 9,990원(12,990원)
​
서울우유 듀오안 6,990원(8,690원)
​
※광명점 핫딜
K2 성인 트레킹화 89,970원
최초판매가 109,900원 할인가 87,900원
​
B&W 무선 스피커 제플린 프로 에디션
최초판매가 879,000원 지난 핫딜가 749,970원
​
엘지 휘센 뷰1 18PY 스탠드 1,949,970원
최초판매가 2,459,000원 할인가 2,059,000원
​
로보락 로봇청소기 Q REVO C 649,970원
최초판매가 849,000원 할인가 759,000원
​
오버 앤 백 볼 세트 11,970원
최초판매가 13,490원
​
다용도 하이브리드 작업용 장갑 19,970원
최초판매가 27,990원 지난 핫딜가 22,970원
​
캠플러스 올인원 보안카메라 8CH, 4CAM 449,970원 최초판매가 469,900원 할인가 375,900원
​
※할인표시 없이 저렴
썬키스트 레몬 9,990원(12,990원)
​
대저 토마토 15,990원(18,990원)
​
러셋 포테이토 9,990원(11,890원)
​
통마늘 1맛 26,990원(29,990원)
​
데일리 샐러드 믹스 7,990원(9,990원)
​
로메인 하트 6입 미국 8,990원(10,990원)
​
친환경 브로콜리 3입 9,490원
​
파채 3,990원(4,590원)
​
아스파라거스 15,990원(17,490원)
​
미니 파프리카 12,990원(13,990원)
​
친환경 부추 2,990원(5,290원)
​
고등어 필렛 국산 12,990원(13,990원)
​
※가격 변동 상품
한우 1++8등급 등심 로스 100g 11,490원(12,990원)
​
생물 낙지 100g 4,299원(3,899원)
​
SOLESTADO 무화과 스프레드 11,990원(12,490원)
​
파마지아노 스낵치즈 18,490원(17,990원)
​
생물 봄 암 꽃게 62,900원(68,900원)
​
※관심 상품
포켓몬 RC 피카츄 17,990원
​
블루베리 25,190원
​
골드망고 3입 태국 12,490원
​
제주 한라봉 25,990원
제주 카라향 17,790원
​
사과 2.5kg 24,990원
​
신고배 1봉 14,990원
​
아보카도 칠레 14,990원
​
씨없는 청포도 14,890원
씨없는 적포도 10,190원
​
청경채 3,890원
​
딸기 9,790원
산딸기 26,990원
킹스베리 딸기 11,490원
​
우유크림 롤케익 19,990원
​
한우 1++8등급 채끝 로스 100g 13,490원
한우 1++8등급 안심 100g 16,490원
​
미국산 프라임 척아이롤 로스 100g 3,479원
​
오늘 양갈비, 등갈비 소량 포장되어 마음에 들어요.
호주산 냉장 프렌치드랙 100g 6,290원
​
미국산 냉동 돈육 등갈비 100g 1,249원
​
미국산 초이스 앞다리 불고기 100g 2,999원
미국산 초이스 치마양지 100g 4,999원
​
생물 호래기 100g 3,799원
​
라 페르미에 허니 요거트 14,990원
​
커클랜드시그니춰 소노마 카운티 올드 바인 진판델 21,990원
​
커클랜드시그니춰 쉬레드 모짜렐라 23,490원
​
무띠 파사타 토마토 퓨레 18,990원",https://blog.naver.com/ymwoo82/224258569537,♡알아두면 쓸모있는 마트 정보♡,20260420,2026-04-27 14:44:28
옐로우로즈해리카운티,푸드투데이 오늘의 식품 경제 생활 이슈,"‘가공사업 경영대상’은 ▲대상 공덕농협 ▲금상 고삼농협, 해리농협 ▲은상 영월농협, 북안동농협... 특히 미국 버지니아주 페어팩스 카운티는 12월 7일을 ‘저탄소 식생활의 날 노태영 기자 2024-05-16 15:43... ","[이슈브리핑]승복 입은 식단이 뜬다...사찰식, 24조원 비건 시장 출사표
[푸드투데이 = 조성윤기자] 비건 식단이 트렌드로 떠오르면서 사찰음식도 주목받고 있다. 16일 업계에 따르면 CJ제일제당은 최근 대한불교조계종과 협업해 신제품을 출시했다. CJ제일제당이 이번에 내놓은 사찰식 신제품은 조계종 사업지주회사 도반HC와 공동 개발한 '사찰식 팥죽', '꽈리고추 식물성 장조림'이다. 사찰식 팥죽은 일반적인 팥죽과 다르게 오곡(팥·현미·수수·찰보리쌀·차좁쌀)을 담은 사찰식 죽이다. 불교에서 복을 부르고 액운을 물리치는 팥의 문화적 의미는 물론, 스님들의 조언을 받아 곡물 본연의 고소한 맛과 팥의 향, 다채로운 식감까지 살렸다. 또한, 설탕을 넣지 않아 슴슴하고 담백한 맛으로 건강하게 즐길 수 있다. 꽈리고추 식물성 장조림은 식물성 원료로 만든 콩고기 장조림으로, 불교의 생명 존중 정신을 담아 CJ제일제당의 독자 개발 식물성 단백질을 활용해 고기 맛과 탄력 있는 식감을 구현했다. 앞서 CJ제일제당은 지난해 6월에도 도반HC와 함께 '사찰식 왕교자'를 선보인 바 있다. 고기와 오신채를 넣지 않고 양배추와 숙주나물, 무, 청양고추 등 채소들을 큼직하게 썰어 넣어 씹는 식감을 살리고, 채즙과 소금, 후추, 참기름만을 사용해 만들었다. 2년 연
조성윤 기자
2024-05-16 16:59
강호동 회장 ""급변하는 식품소비 트렌드 발맞춰 가공공장 종합지원체계 구축""
[푸드투데이 = 황인선기자] 농협(회장 강호동)이 16일 서울 농협중앙회 본관에서 ‘2024년 농협농식품가공공장전국협의회 정기총회’를 개최했다. 이날 정기총회에는 강호동 농협중앙회장, 박서홍 농업경제대표이사, 회원 조합장 등 60여명이 참석한 가운데 2023년 사업결산 및 2024년 사업계획 심의를 진행하고 가공사업 경쟁력 강화를 위한 주요 현안을 논의했다. 또한 가공사업 경영성과 우수 농협 10개소에 ‘2023년 농식품 가공사업 경영대상’, 가공사업 매출액 신장에 기여한 2개 농협에 ‘2023년 가공사업 매출액 달성탑’, 농협 가공사업 발전 및 육성에 기여한 농협 1개소에는 ‘가공사업 발전상’을 시상했다.  ‘가공사업 경영대상’은 ▲대상 공덕농협 ▲금상 고삼농협, 해리농협 ▲은상 영월농협, 북안동농협 ▲동상 정남농협, 선도농협, 두원농협, 새남해농협 ▲우수상 안동농협이 수상했다.  ‘가공사업 매출액 달성탑’은 ▲한국농협김치조합공동사업법인 ▲두원농협이, ‘가공사업 발전상’은 ▲충북원예농협이 수상했다. 강호동 농협중앙회장은 “농협 가공사업은 우리 농축산물의 부가가치를 창출하고 농업인에게 안정적인 판로를 제공하는 중요한 역할을 수행한다”며 “급변하는 식품소비
황인선 기자
2024-05-16 16:08
한국농수산식품유통공사-구례군, 저탄소 식생활 확산 협약
[푸드투데이 = 노태영기자] 한국농수산식품유통공사(사장 김춘진)는 구례군(군수 김순호)과 16일 구례군에서 K-푸드 수출 확대와 저탄소 식생활 확산을 위한 업무협약을 체결했다고 밝혔다. 이번 협약으로▲ 지역경제 발전을 위한 상호 교류 협력과 ESG 경영 강화 ▲ ‘저탄소 식생활’ 동참과 흙 살리기 활동 협력 ▲ 농수산식품 수급 안정, 소비 촉진, 수출 확대, 국산 밀 산업 발전 등에 적극 협력하기로 했다. 특히 대한민국의 미래 먹거리 확보와 먹거리 탄소중립 실천에 앞장서고 있는 한국농수산식품유통공사와 다양한 환경친화적 정책과 미래 첨단 산업 발전에 앞장서는 구례군이 긴밀히 협력해 다양한 시너지 효과를 낼 것으로 기대된다. 한국농수산식품유통공사가 추진하는 ‘저탄소 식생활 실천 운동’은 먹거리의 생산-유통-가공-소비 전 과정에서 발생하는 온실가스 배출을 줄이는 생활 실천 캠페인으로 국내 34개 행정․교육 광역자치단체는 물론, 미국 아마존, 중국 알리바바, 프랑스 까르푸 등 세계적인 기업과 미국 워싱턴D.C, 캄보디아 농림부 등 세계 45개국 680여 기관이 저탄소 식생활에 동참하고 있다. 특히 미국 버지니아주 페어팩스 카운티는 12월 7일을 ‘저탄소 식생활의 날
노태영 기자
2024-05-16 15:43
6월부터 안전 인증 없는 제품 '해외 직구' 차단한다
[푸드투데이 = 황인선기자] 정부가 다음 달부터 안전 인증을 받지 않은 제품의 해외 직적구매를 원천 차단한다. 정부는 16일 인천공항 세관에서 한덕수 국무총리 주재로 개최된 국정현안관계장관회의를 통해 '해외직구 급증에 따른 소비자 안전 강화 및 기업 경쟁력 제고 방안'을 발표했다. 이는 최근 해외직구가 급증함에 따라 위해제품 반입 등 현재 제기되고 있는 다양한 문제에 대응하기 위한 것으로, 정부는 지난 3월부터 국무조정실 주관 관계부처 TF(팀장 : 국무2차장)를 구성해 관련 상황을 점검하고 대책을 논의해 왔다. 범정부 TF는 ▴소비자 안전 확보 ▴소비자 피해 예방 및 구제 강화 ▴기업 경쟁력 제고 ▴면세 및 통관 시스템 개편 등 분야별 대책을 검토, 마련했다. 위해제품 관리 강화...안전 인증 없이 해외직구 금지 그동안 국민 안전‧건강에 직결되는 제품이 해외직구를 통해서는 안전장치 없이 국내 반입이 돼왔으나, 앞으로는 안전한 제품이 국내에 반입될 수 있도록 위해제품에 대한 관리를 강화한다. 첫째, 국민 안전·건강 위해성이 큰 해외직구 제품은 안전 인증이 없는 경우 해외직구가 금지된다. 우선, 13세 이하의 어린이가 사용하는 유모차, 완구 등 어린이 제품 3
황인선 기자
2024-05-16 15:42
[포토] '농협 떡 변신은 어디까지?' 익산농협 생크림찹쌀떡 팝업스토어
[푸드투데이 = 노태영기자] 오는 23일까지 농협경제지주(농업경제대표 박서홍)는 현대백화점 더현대 서울에서 ‘익산농협 생크림찹쌀떡’ 팝업스토어를 운영한다. 16일 팝업스토어에는 익산농협 생크림찹쌀떡을 비롯해 이달 2일 출시한 신제품 2종(쑥대팥맛, 메론맛)을 구매하는 시민들 발길이 이어지고 있다.
노태영 기자
2024-05-16 15:39
전남도, 유기농데이 선포 친환경 농산물 직거래장터 개장
[푸드투데이 = 노태영기자] 전남도(도지사 김영록)는 ‘2024 유기농데이 기념식 및 친환경농산물 직거래장터’가 오는 6월 1일 도청 앞 남악 중앙공원에서 다채로운 내용으로 펼쳐진다고 16일 밝혔다. 올해는 ‘지구를 위한 순수한 선택, 2024 유기농데이’를 슬로건으로 친환경농업협회, 한 살림생협, 아이쿱생협, 지오쿱, 소비자연맹, 전여농, 유기농 생태마을 등 12개 단체가 참가하고 소비자가 친환경농산물을 할인 가격에 구입하고 편리하게 택배로 받는 사전 온라인 예약 판매를 운영하며 1인 1품목 5천 원 할인과 택배비 무료 특별할인 혜택도 제공한다. 기념식을 시작으로 친환경농산물과 유기농가공식품 판매 부스 41동, 체험부스 8동 등을 운영한다. 특히 새롭게 기획한 전남 초·중·고 학생 2인 1팀으로 50팀이 참가하는 유기농 골든벨 퀴즈대회, 지난해 인기가 많았던 청소년 춤 경연대회를 열어 미래 소비자와 가족 단위 방문객 참여 기회를 높일 예정이다. 친환경농업단체는 매년 6월 2일을 ‘유기농데이’로 지정하고 친환경농산물 홍보·판매 행사를 개최하고 있다. 유덕규 도 친환경농업과장은 “올해 열리는 제2회 유기농데이 행사를 통해 ‘유기농 1번지 전남’ 이미지를 높이고
노태영 기자
2024-05-16 13:45
경기도, 민생회복 프로젝트 농협.로컬푸드 직매장 할인행사 실시
[푸드투데이 = 노태영기자] 경기도(도지사 김동연)가 고금리와 고물가로 어려움을 겪는 소상공인과 취약계층, 청년들을 위해 ‘민생회복 렛츠고(Let’s Go)!’ 프로젝트를 추진한다고 16일 밝혔다. 민생회복을 위한 프로젝트의 첫 번째로 이번에 공개한 경기 살리GO는 5~6월 지역상권에서 각종 판촉·할인행사 등을 진행하는 것으로, 도의 민생회복 프로젝트는 지속 추진될 예정이다. 김현곤 도 경제부지사는 16일 경기도청에서 기자회견을 열고 “정부는 반도체 등 수출이 증가해 경기회복이 이뤄질 것이라는 낙관적인 전망을 내놓고 있지만 실제 서민들 피부에 와닿는 체감경기는 여전히 좋지 않다”며 “도민 체감도가 높은 민생회복 사업들을 계속 이어 나가겠다”고 말했다. 도는 서민과 소상공인을 위해 ‘경기 살리GO’를 추진한다. 농산물 가격은 급등하고, 외식비는 상승해 서민들이 지갑을 닫고 있으며 소상공인은 매출 감소로 어려움을 겪고 있다. 도 소매판매액지수의 경우 2023년 1분기 이후 계속 감소하고 있는데, 올해 1분기에는 전년동기 대비 5.5% 감소해 2010년 이후 가장 큰 감소 폭을 기록했다. 침체된 경기를 활성화할 수 있는 도약판을 만들고, 7~8월 휴가철과 9월 추
노태영 기자
2024-05-16 11:29
""이상기상으로 ‘인삼’ 병 발생 양상 달라져...예방 필수""
[푸드투데이 = 황인선기자] 농촌진흥청(청장 조재호)은 이상기상으로 인삼잎과 줄기 부분의 곰팡이병 발생 양상이 달라지고 있다며 꼼꼼한 예방과 방제를 당부했다. 점무늬병, 잿빛곰팡이병, 탄저병은 인삼에서 흔히 발생하는 병으로 잎과 줄기뿐 아니라, 심하면 뿌리까지 썩게 해 품질과 수확량을 떨어뜨린다. 보통은 5월 점무늬병을 시작으로 6월 말 잿빛곰팡이병 발생이 늘고, 장마철 이후 기온이 높고 습기가 많을 때 탄저병 발생이 증가하는 데 지난해에는 예년과 병 양상이 달랐다. 농촌진흥청이 2023년 강원 철원, 경기 연천, 경북 풍기, 전북특별자치도 진안, 충북 음성 등 인삼 주요 생산지 6곳의 병 발생을 조사한 결과, 점무늬병은 고온기로 갈수록 증가세를 보였고, 8월 기준 잎에서 10.2~23.6% 발생했다. 잿빛곰팡이병은 5월 2곳에서 처음 관찰됐고 탄저병 또한 평년보다 이른 5월 증상이 관찰됐다. 특히 탄저병이 심한 곳은 8월께 잎 발병률이 59.7%에 달했다. 이는 지난해 5~7월 사이 강수량이 최근 10년 평균(2012~2022년 평년값, 5월; 81.4mm, 6월; 115.0mm, 7월; 249.8mm, 기상청 자료 기준)보다 많게는 4배 이상 증가한 데
황인선 기자
2024-05-16 11:24
국민 10명 중 7명 “의대 2천 명 증원 필요하다”
[푸드투데이 = 황인선기자] 국민 10명 중 7명 이상은 의대 정원 2000명 증원이 필요하다고 생각한다는 조사 결과가 나왔다. 문화체육관광부(장관 유인촌)가 14일과 15일 양일간 여론조사 전문기관 한국리서치에 의뢰해 실시한 ‘의대 증원 방안 관련 국민인식조사’(전국 18세 이상 남녀 1000명 대상) 결과, 의대 정원 2000명 확대가 필요하다고 응답한 국민이 72.4%(매우 필요하다 26.1%, 필요한 편이다 46.3%)로 나타났다고 밝혔다. 의료계의 ‘의대 증원 원점 재검토’ 주장에 대해서는 ‘동의하지 않는다’는 응답이 57.8%, 의대 교수 집단행동에 대해서는 ‘공감하지 않는다’는 응답이 78.7%를 차지했다. 이와 함께 정부의 의료개혁특별위원회에 의료계가 참여하지 않는 것에 대해서는 ‘공감하지 않는다’는 응답이 71.8%로 우세했다. 2025학년도 대학입시 의대 정원 50~100% 자율 모집 조치에 대해서는 ‘잘한 결정이다’라는 평가가 51.4%로 절반이 넘었다. 이탈 전공의 면허정지 처분 방향에 대해서는 ‘법과 원칙에 따라 면허정지 처분을 해야 한다’는 응답이 55.7%였고, ‘면허정지 처분을 중지하고 대화를 통해 설득해나가야 한다’는 응답은 3
황인선 기자
2024-05-16 11:08
동서식품, 7호선 자양역에서 ‘카누 휴식역’ 팝업스토어
[푸드투데이 = 조성윤기자] 동서식품(대표 김광수)은 6월 16일까지 한 달 동안 서울 지하철 7호선 자양역 내 공간에서 ‘카누 휴식역’ 팝업스토어를 진행한다. 카누 휴식역 팝업스토어는 서울시, 서울교통공사와 협업하여 진행하는 행사이다. 지하철 역사 내 유휴공간을 활용하여 ‘휴식’이라는 콘셉트로 소비자에게 이색적인 브랜드 경험을 선사하기 위해 기획됐다. 팝업스토어에서는 카누 바리스타 캡슐 커피 시음과 함께 ‘고민 자판기’, ‘포토존’, ‘티켓존’ 등 일반인들이 즐길 수 있는 각종 체험 프로그램을 마련했다. ‘고민 자판기’는 일상 속에서 느끼는 고민을 선택하면 위로가 담긴 메시지와 함께 추천하는 커피 캡슐이 적힌 티켓이 출력된다. 해당 티켓을 제시하면 카누 바리스타 캡슐커피를 무료로 시음할 수 있다. 포토존은 카누 바리스타 제품명을 활용하여 지하철과 어울리는 3가지 콘셉트로 구성됐다. 핑크빛 일몰이 떠오르는 ‘어반 선셋’, 로맨틱한 분위기의 ‘로맨틱 브리즈’, 우주처럼 몽환적인 ‘페블 유니버스’ 등 다양한 분위기의 포토존을 즐길 수 있다. 티켓존에서는 내가 가고 싶은 역 티켓 만들기 체험이 가능하다. 키오스크에 원하는 역 이름을 입력하면 티켓으로 출력되는 형식
조성윤 기자
2024-05-16 10:59
한국농수산식품유통공사-농심, 유럽시장 라면 수출 확대 위한 방안 논의
[푸드투데이 = 노태영기자] 한국농수산식품유통공사는 김춘진 사장이 지난 14일 서울 동작구에 위치한 농심 본사에서 이병학 농심 대표를 만나 유럽지역 수출 확대 방안을 논의했다고 16일 밝혔다. 이날 간담회에서는 K-푸드의 유럽시장 공략을 위한 각 국가별 현지 최적화 마케팅 전략과 유럽 전역의 트렌드 분석 등 EU시장 공략을 위한 방안 등을 논의했다. 한편, 농심은 다음 달부터 프랑스 대형유통업체 ‘까르푸’와 ‘르클레르’에 주요 라면 제품의 공급 물량을 늘려 공식 입점하는 등 프랑스 파리를 중심으로 유럽시장 공략에 본격적으로 나설 계획이라고 전했다.
노태영 기자
2024-05-16 10:50
식약처, 중국 약감국과 규제협력 통해 화장품 글로벌 진출 지원한다
[푸드투데이 = 황인선기자] 식품의약품안전처(처장 오유경)는 의료제품 분야 중국 규제당국과 교류 협력을 강화하고 국내 화장품 수출업계의 어려움을 해소하기 위해 중국 약품감독관리국(이하 ‘약감국’이라 한다)의 고위 공무원(Deputy Commissioner)을 초청해 16일 화장품 분야 고위급 협력회의를 실시하고 의료제품 규제협력 양해각서를 체결했다고 밝혔다. 중국은 국산 화장품의 수출 비중이 1위인 국가로서, 전체 화장품 수출의 32.8%(‘23년)를 차지하는 등 화장품 산업에 미치는 영향이 매우 큰 국가이나, 최근 중국 수출액이 크게 감소하고 중국 화장품 규정의 변화가 있는 만큼 규제당국과의 교류협력이 더욱 중요한 시점이다. 이번 중국 고위 공무원의 방한 및 고위급 회의는 지난해 식약처가 중국에 방문하여 개최한 국장급 협력회의(‘23.5월)시 우리 측의 제안으로 성사됐다. 식약처와 중국 약감국은 이번 회의를 통해 안전성평가 등 최근 규제동향을 공유하고, 기능성화장품의 상호 허가심사 간소화 방안 등에 대해 논의했다. 또한 이번 고위급 회의를 계기로 식약처와 중국 약감국은 ‘의약품, 의료기기 및 화장품의 규제협력에 관한 양해각서’를 체결했다. 지난 2019년에
황인선 기자
2024-05-16 10:50
청양군, 상반기 먹거리 순환 종합계획 실무 협의회 개최
[푸드투데이 = 노태영기자] 충남 청양군(군수 김돈곤)은 지난 14일 군청 대회의실에서 ‘2024년 청양군 상반기 먹거리 순환 종합계획(푸드플랜) 실무협의회’를 개최해 40개 연관 사업에 대해 추진 상황을 점검했다고 16일 밝혔다. 이번 실무협의회는 농촌공동체과장 등 관련 부서 팀장 25명과 지역농업 네트워크 실무자, 지역활성화재단 상임이사, 먹거리통합지원센터장 등 총 29명이 참석한 가운데 진행됐다. 먹거리 순환 종합계획(푸드플랜) 실무협의회는 실무자 중심의 토론 문화 확산과 현실성 있는 계획 수립을 위해 구성됐다. 앞으로 먹거리 순환 종합계획(푸드플랜) 연계사업의 실질적이고 적시성 있는 계획 반영을 위해 연 2회 정기적으로 개최할 예정이다. 이종필 부군수는 “먹거리 순환 종합계획(푸드플랜)은 단순 농산물 생산과 유통에만 그치는 것이 아닌 복지, 안전, 영양, 일자리, 환경 등을 포괄하는 먹거리 종합전략이기 때문에 부서별 칸막이 없이 정보를 공유하고 긴밀한 협력체계를 통해야만 성공적으로 안착할 수 있다”라며 각 연관부서의 적극적인 참여를 주문했다.
노태영 기자
2024-05-16 10:01
한솥도시락, ‘2024 고객사랑 브랜드 대상’ 10년 연속 수상
[푸드투데이 = 조성윤기자] 도시락 프랜차이즈 한솥도시락이 지난 14일 ‘2024 고객사랑 브랜드 대상’ 도시락 프랜차이즈 부문에서 10년 연속 수상을 했다. ‘고객사랑 브랜드 대상’은 우수한 품질과 서비스로 소비자들의 기대가치를 충족시키고 소비자들에게 신뢰와 사랑을 얻고 있는 브랜드에게 주어지는 상이다. 소비자들이 보다 합리적인 소비를 할 수 있도록 새로운 가치를 제시하기 위해 제정됐다. 중앙일보, 중앙선데이가 주최하고 산업통상자원부와 농림축산식품부가 후원한다. 시상 부문은 크게 소비재, 내구재, 서비스 분야로 나뉘어 진행되며, ‘브랜드 전략 및 정책(Brand Strategy/Policy)’, ‘브랜드 고객 만족 측정 및 로열티(Brand Customer Satisfaction Measurement & Loyalty)’, ‘브랜드 기여도(Brand Level of Contribution)’를 종합적으로 평가해 최종 수상 브랜드를 선정한다. 한솥도시락은 1993년 창업 이래 ‘따끈한 도시락으로 지역사회에 공헌한다’는 기업 이념 아래 ESG 경영을 이어오고 있다. 우수한 품질의 맛있는 도시락을 제공하며 소비자 만족을 충족시킨 점을 인정받아 이 같은 수
조성윤 기자
2024-05-16 09:43
써모스,온라인 공식몰서 여름철 텀블러족 위한 신제품 기획전
[푸드투데이 = 황인선기자] 써모스가 텀블러 사용이 늘어나는 계절을 맞아 5월에 출시되는 신제품들을 깜짝 할인해 선보이는 ‘써모스 새식구 들이다’ 기획전을 진행한다. 16일부터 20일까지 5일간 써모스 온라인 공식몰에서 진행되는 이번 기획전에서는 써모스의 신제품들을 최대 20%까지 할인된 금액으로 구매가 가능하며, 사은품 및 이벤트도 다양하게 준비했다. 이번 기획전에서 가장 눈 여겨 볼 제품은 실리콘 뚜껑과 빨대, 진공단열 컵으로 구성돼 가정과 사무실 등에서 컵으로도, 텀블러로도 사용할 수 있는 ‘더 콤팩트 스트로 컵앤텀블러’이다. 본체와 구성품 모두 식기세척기 사용이 가능하며, 고온의 세척과 건조에도 변형되거나 보온·보냉 성능이 떨어질 걱정없이 간편하게 관리할 수 있다. 무더워진 날씨에 대용량 커피나 음료를 선호하는 트렌드에 따라 ▲600ml ▲720ml ▲1L 의 넉넉한 용량으로 구성되었고, 경량·콤팩트 기술을 적용해 동급 용량의 타사제품 대비 크기가 작고 가벼운 것이 특징이다. 또한, 가정과 사무실 어디에서나 사용하기 좋은 디자인과 크림, 라임 옐로우, 그레이, 스카이블루의 트렌디한 컬러감이 돋보인다. 써모스코리아는 이번 기획전을 통해 ‘더 콤팩트 스트
황인선 기자
2024-05-16 09:42
제주삼다수, 임영웅과 함께한 두 번째 광고 ‘수질관리 편’ 공개
[푸드투데이 = 황인선기자] 제주삼다수가 브랜드 모델 임영웅과 함께한 2024년 두 번째 광고 영상을 17일 공개한다. 지난 3월 온에어한 토지보호 편에 이어 공개되는 이번 광고는 수질관리 편으로 임영웅의 청량한 보이스를 통해 “어떤 빈틈도 용납할 수 없으니까”라는 메시지를 전달한다. 연간 2만 번의 수질검사와 106개의 관측망을 통한 실시간 모니터링으로 수질 걱정 없는 깨끗한 물을 완성했다는 내용으로, 뛰어난 수질을 유지하기 위한 제주삼다수의 빈틈없는 노력을 강조한다. 제주삼다수는 변함없는 우수한 물맛과 철저한 수질 관리를 위해 환경부에서 정한 기준보다 10배 많은 연간 2만 회 이상의 수질 검사를 진행하고, 3시간 단위로 무작위 수질분석을 실시하는 등 24시간 모니터링 체계를 갖추고 있다. 또한 106개소의 수자원 관측망을 두고 실시간으로 지하 수위와 취수량, 수질, 하천 유출, 토양 등의 상황을 종합 모니터링해 분석하고 있다. 제주개발공사 백경훈 사장은 “임영웅과 함께한 두 번째 광고를 통해 물에 대한 제주삼다수의 빈틈없는 노력을 알리고자 했다”며 “앞으로도 ‘믿고 마시는 물’ 제주삼다수에 걸맞은 최고의 수질관리를 이어갈 것”이라고 말했다. 임영웅은 “
황인선 기자
2024-05-16 09:39
맥도날드, ‘뉴 1955 스낵랩’ 포함 ‘해피 스낵’ 라인업 공개
[푸드투데이 = 조성윤기자] 맥도날드가 신메뉴 ‘뉴 1955 스낵랩’이 포함된 올해 두 번째 ‘해피 스낵’ 라인업을 공개했다. ‘해피 스낵’은 하루 종일 할인된 가격으로 사이드 메뉴, 디저트, 음료 등 맥도날드의 대표 인기 스낵 메뉴을 즐길 수 있도록 하는 고객 혜택 플랫폼이다. 맥도날드는 매 시즌마다 달라지는 해피 스낵 라인업을 선보이며 고객들에게 다양한 가성비 선택지를 제공해오고 있다. 올해 두 번째 시즌 라인업은 ▲뉴 1955 스낵랩 ▲맥너겟 4조각 ▲바닐라 선데이 아이스크림 ▲아이스 드립 커피(M) ▲아이스 드립 커피(L) ▲환타(M) 등 총 6종으로 구성됐다. 이번 해피 스낵 신규 라인업을 통해 만나볼 수 있는 ‘뉴 1955 스낵랩’은 맥도날드의 대표 버거 메뉴 ‘1955 버거’의 맛을 ‘스낵랩’의 형태로 고스란히 옮겨 놓은 신메뉴다. 기존 1955 버거 속 육즙 가득한 100% 순 쇠고기 패티와 스페셜 스모키 소스, 달달한 그릴드 어니언의 조합을 쫄깃하고 담백한 또띠아로 감싸 탄생했다. 뉴 1955 스낵랩은 간편하게 즐길 수 있는 스낵랩 형태에 1955 버거 고유의 맛이 더해져 기존 ‘1955 마니아’와 ‘스낵랩 마니아’ 모두를 만족시킬 것으로 예
조성윤 기자
2024-05-16 09:39
오뚜기, 2024년 상반기 대졸신입사원 및 외국인유학생 채용
[푸드투데이 = 황인선기자] 오뚜기(대표 황성만)가 2024년 상반기 대졸신입사원 및 외국인유학생 채용을 진행한다. 지원서 접수 기간은 오는 26일까지 총 13일간이며, 오뚜기 홈페이지를 통해 지원할 수 있다. 내국인 채용직무는 B2C영업, B2B영업, 홍보영양, 글로벌영업, 마케팅(PM), 디자인, 판매전략, 영업지원, 브랜드경험(BX), 생산기술, 환경안전, 생산설비, 품질보증, 식품안전(식품성분 분석), R&D, 디지털•보안, 구매, 인사, 총무이며, 외국인유학생 채용직무는 브랜드경험(BX), 마케팅(PM), 글로벌영업, 구매이다. 공통 지원자격은 4년제 대학교(대학원) 2024년 8월 졸업예정자 및 기졸업자다. 직무 별 담당업무, 지원자격 등 상세정보는 채용공고를 통해 확인할 수 있다. 내국인 채용전형절차는 서류전형, 인성 및 직무능력검사, 1차 실무면접 및 심층인성검사, 2차 임원면접으로 진행되며, 외국인유학생 채용전형절차는 서류전형, 1차 실무면접, 2차 임원면접을 거쳐 2024년 7월 최종 입사하게 된다. 오뚜기 관계자는 “변화를 두려워하지 않는 도전정신과 식품, 음식에 대한 열정이 있는 인재들의 많은 지원을 기대한다”고 말했다.
황인선 기자
2024-05-16 09:36
SPC 티트라, ‘스탠다드 파우치’ 신규 플레이버 3종 판매
[푸드투데이 = 조성윤기자] SPC가 운영하는 프리미엄 블렌디드 티 브랜드 ‘티트라(teatra)’가 ‘스탠다드 파우치’ 신규 플레이버 3종을 출시했다. ‘스탠다드 파우치’는 파우치 형태의 패키지에 20개입의 티백이 들어있는 가성비 제품으로, 기존 패키지 제품 대비 용량을 늘려 합리적인 가격으로 티하우스 수준의 맛과 향을 경험할 수 있다. 가벼운 파우치 포장으로 간편하게 휴대할 수 있어 언제 어디서든 티를 즐길 수 있는 것이 특징이다. 신규 플레이버 3종은 △녹차의 신선한 향미에 부드러운 청포도의 여운이 조화로운 ‘샤인머스캣 그린티’ △망고의 새콤달콤한 맛과 말린 사과 조각과 허브, 블랙베리 등의 달콤함을 즐길 수 있는 ‘콜드브루 피치&망고’, △히비스커스 베이스에 딸기를 더해 잘 익은 딸기를 한 입 베어 문 듯한 ‘선라이즈 히비스커스 스트로베리’로 구성됐다. 티트라는 ‘스탠다드 파우치’는 이번 신규 플레이버 3종을 추가로 출시해 총 6종으로 라인업을 확대한다. 이번 신제품의 패키지 일러스트는 유명 작가들과의 협업으로 완성됐다. ‘샤인 머스캣 그린티’의 패키지는 구찌, 리버티 런던 등과의 작업으로 알려진 영국 펜드로잉 일러스트 작가 ‘피 그리닝(Fee
조성윤 기자
2024-05-16 09:34
한식진흥원, 가정의 달 한식 복합문화공간 프로그램 소개
[푸드투데이 = 노태영기자] 한식진흥원(이사장 임경숙)는 가족과 함께 가면 좋을 한식 쿠킹 클래스부터 아티스트들의 야외공연, 아이와 함께 즐길 수 있는 아트북 기반 전시 등 다채로운 프로그램으로 발길을 이끄는 도심 속 복합문화공간을 16일 소개했다. 서울 종로구 북촌에 위치한 한식문화공간 이음은 한식진흥원이 운영하는 복합문화공간으로 내외국인 방문객을 위한 다양한 한식 프로그램이 준비돼 있다. 한식을 직접 만들고 체험해보는 한식 쿠킹 클래스가 정기적으로 열리고, 매월 명사를 초청해 성인 또는 어린이를 대상으로 한식 북콘서트가 개최된다. 18일에는 ‘가족과 함께 즐기는 소풍음식’을 주제로 어린이 대상 ‘불고기 쌈밥과 주먹밥 만들기’ 쿠킹 클래스가 열린다. 불고기를 활용한 알록달록한 도시락을 만들어보며 쌈의 건강한 맛을 느낄 수 있는 프로그램으로 구성됐다. 24일에는 2024년 제1차 한식연구 학술세미나 ‘한식과 전통주 페어링’을 개최해 전통주의 현재와 미래를 탐구하고 전통주를 시음해보는 시간을 갖는다. 이번 세미나에서는 한식과 전통주 관련 민간 전문가가 함께 전통주의 중요성에 대해 알아볼 예정이다. 25일에는 레스토랑 온지음의 조은희 셰프를 초청해 ‘나물’을 주
노태영 기자
2024-05-16 09:34
광주시, 올바른 손 씻기 실천 캠페인 실시
[푸드투데이 = 노태영기자] 광주광역시(시장 강기정)는 오는 17일 조선대학교 장미축제장에서 감염병 예방 행태개선을 위해 ‘올바른 손 씻기 실천’을 주제로 캠페인을 실시한다고 밝혔다. 이날번 캠페인은 시, 5개 자치구 보건소, 감염병관리지원단이 함께 ▲올바른 손 씻기 6단계 교육 ▲미생물오염검사기(ATP)를 활용한 손 오염도 측정 ▲수인성·식품매개감염병 예방자료 배포 등 감염병 예방 실천의 중요성을 알리는 내용으로 진행된다. 미국 질병예방통제센터(CDC)에 따르면 올바른 손 씻기만 실천해도 코로나19, 인플루엔자 등 호흡기감염증뿐 아니라 장티푸스 등 다양한 감염병을 예방할 수 있다. 올바른 손 씻기는 흐르는 물에 비누를 사용해 손의 모든 표면을 문질러 30초 이상 씻는 것이다. 올바르게 수행하지 않을 경우 상당수 세균이 손에 그대로 남아 감염병 예방 효과가 떨어진다. 송혜자 공공보건의료과장은 “코로나19 위기 단계 하향에 따른 방역정책 완화로 감염병 발생이 증가하고 있어 예방수칙 준수가 더욱 중요한 시점이다”며 “시민 대상 캠페인을 전개하는 등 감염병 예방 실천 문화가 정착될 수 있도록 더욱 노력하겠다”고 말했다.
노태영 기자
2024-05-16 09:31
롯데칠성음료, ‘시티포레스티벌 2024’ 참여
[푸드투데이 = 조성윤기자] 롯데칠성음료가 오는 18일 한강 노들섬에서 개최되는 페스티벌 '시티포레스티벌 2024' 후원사로 참여한다. 시포레 2024는 도심 속 건강한 활기를 불어넣기 위해 2017년부터 시작된 운동 페스티벌이다. 올해 페스티벌은 ‘헬시클럽’ 콘셉트로 강하나(스트레칭), 배윤정(댄스), 심으뜸(필라테스), 아미라(요가), 홍강사(스피닝) 등과 함께 하는 운동 프로그램과 부스 행사 등이 펼쳐진다. 롯데칠성음료는 도심 속 공원에서 ‘오트몬드’ 브랜드 체험과 휴식을 즐길 수 있는 ‘오트몬트 포레스트 파크’ 부스를 운영한다. 오트몬드 포레스트 파크는 게임존, 시음존, 휴식존으로 구성된다. 관람객은 게임존에서 농구 게임과 림보 게임, 제자리멀리뛰기 등에 참여해 즉석 뽑기 응모권을 획득하고 소니 얼트웨어, 나이키 런 암밴드, 안다르 마사지 스틱 등 다양한 경품을 받을 수 있다. 시음존에서는 식물성 음료 3종 ‘오트몬드 오리지널’, ‘오트몬드 프로틴’, ‘오트몬드 프로틴 초코’를 시음할 수 있으며, 휴식을 즐길 수 있는 휴식존도 마련된다. 롯데칠성음료 관계자는 ”도심 속에서 펼쳐지는 운동 페스티벌과 어울리는 오트몬드 관련 행사를 다양하게 준비한 만큼 관
조성윤 기자
2024-05-16 09:22
코카-콜라, 뉴진스와 함께 하는 ‘Coke & Meal’ 공개
[푸드투데이 = 조성윤기자] 코카-콜라가 뉴진스와 함께 맛있는 음식과 행복한 분위기를 완성하는 코카-콜라의 마법을 소개한 ‘Coke & Meal’ 캠페인 TV 광고를 공개했다. 새롭게 선보인 ‘Coke & Meal’ 캠페인 광고는 맛있는 음식과 코카-콜라의 짜릿함이 어우러지는 순간에 경험할 수 있는 맛과 행복한 분위기를 뉴진스 특유의 밝고 상큼한 에너지로 전달한다. 뉴진스 멤버 별 5인 5색 스토리를 통해 맛있는 음식과 행복을 완성하는 마법 같은 존재로 코카-콜라를 조명한 것이 특징이다. 광고 속 뉴진스 멤버들은 국민 간식 떡볶이부터 타코, 숯불고기 등 다양한 맛집에서 코카-콜라와 함께 즐기는 맛있는 음식과 행복에 관해 이야기한다. 광고는 “행복을 완성하는 두 가지”라는 민지의 내레이션을 따라 타코를 들고 즐거움에 리듬을 타는 하니와 함께 궁금증을 자아내며 시작된다. 이어서 “맛있는 음식, 그리고 코카-콜라”라고 말하는 해린과 다니엘을 따라 “맛있는 마법을 더해요!”라고 외치며 행복한 미소를 머금은 혜인의 모습을 통해 ‘Coke & Meal’이 선사하는 행복을 경쾌하면서도 직관적으로 전하며 마무리된다. 이번 TV 광고는 뉴진스 멤버 전원
조성윤 기자
2024-05-16 09:16
파파이스, 신메뉴 ‘버거&맥주 콤보’ 판매
[푸드투데이 = 조성윤기자] 치킨 브랜드인 파파이스가 지난해 선보인 ‘치맥세트’에 이어 ‘버거&맥주 콤보’를 판매한다. ‘양념치킨버거&맥주 콤보’는 파파이스의 신메뉴 ‘양념치킨 샌드위치’와 제주맥주로 구성되어 있다. ‘양념치킨 샌드위치’는 육즙이 풍부한 통닭다리살 패티에 K-양념치킨 맛을 구현한 단짠 소스가 더 해져 출시 이후 큰 사랑을 받고 있는 제품이다. 맥주로는 제주맥주의 제주펠롱에일과 제주누보 중에서 선택할 수 있으며, 펠롱에일 콤보 기준 8900원의 할인가에 구매할 수 있다. 여기에 1000원 추가 시 베이컨, 토마토, 체다치즈가 더 해진 프리미엄 라인의 ‘양념치킨 BLT치즈’로 변경 또한 가능하다. 기존 판매 제품인 ‘치맥세트’는 100% 국내산 생닭의 파파이스 고퀄리티 치킨과 제주맥주 조합으로 꾸준한 인기를 얻고 있다. ‘간편 치맥세트’는 매콤한 케이준 스파이시 윙 4조각, 부드러운 레그 순살 치킨 2조각과 맥주 1캔의 구성으로, ‘든든 치맥세트’는 겉바속촉 시그니처 치킨 3조각, 케이준 후라이와 맥주 1캔의 구성으로 이루어져 있다. 이번 메뉴에 대해 파파이스 관계자는 “K-치킨만의 단짠 스타일로 큰 호평을 받고 있는 양념치킨 샌드
조성윤 기자
2024-05-16 09:11
하이트진로, ‘진로골드’ 첫 팝업스토어 성료
[푸드투데이 = 조성윤기자] 하이트진로(대표 김인규)는 서울 성수동과 부산 서면에 순차적으로 오픈한 진로골드 팝업스토어가 4월 5일부터 30일간 누적방문객 15만여명을 돌파하는 흥행을 끝으로 성공적으로 마무리됐다. 일 평균 4800여명이 방문하면서 서울 성수동과 부산 서면 지역에서 핫플레이스로 인기를 끌었다. 이번 팝업스토어는 진로골드의 핵심 색상인 로즈골드와 에메랄드 블루를 활용해 카니발 콘셉트 아래, 자유롭게 이동하며 브랜드를 경험할 수 있도록 했다. 또, 이색적인 볼거리와 즐길거리를 다채롭게 선보이며 소비자들에게 브랜드 고유의 가치를 잘 보여줬다는 평이다. 팝업스토어를 방문한 김모양(23)은 “성수동에서 여러 팝업스토어를 가봤는데 이정도의 대규모 팝업스토어는 오랜만이다”라며 “축제에 온 것 같은 기분이 들어 진로골드가 더 맛있게 느껴졌다”고 긍정적인 반응을 보였다. 팝업스토어 외관은 진로골드 제품을 4층 높이로 규모감 있게 배치하고 황금 두꺼비 캐릭터를 부각 시켜 방문객들의 발길을 사로잡았다. 또, 내부는 게임존, 포토존, 굿즈존 등으로 구성, 특히 SNS에 남기기 좋은 쏘맥자격증 발급, 항공샷 등이 큰 인기를 끌었다. 실제, SNS에서 진로골드 판타지
조성윤 기자
2024-05-16 09:05
삼양그룹 수당재단, 제33회 수당상 수상자 선정
[푸드투데이 = 황인선기자] 삼양그룹의 장학재단인 수당재단(이사장: 김윤 삼양홀딩스 회장)이 ‘제33회 수당상’ 수상자로 이현우 포항공과대학교 물리학과 교수와 조길원 포항공과대학교 화학공학과 교수를 선정했다고 16일 밝혔다. 수당상은 삼양그룹 창업주인 수당 김연수 선생의 산업보국과 인재육성 정신을 계승해 우리나라 사회와 학문 발전에 훌륭한 업적을 이룬 연구자를 격려하기 위해 제정된 상이다. 1973년 제정되어 올해로 33회를 맞았으며, 매년 우수 연구자 2인을 선정해 상패와 상금 2억원을 각각 수여한다. 제33회 수당상 시상식은 5월 29일 롯데호텔에서 열릴 예정이다. 이번에 기초과학 부문 수상자로 선정된 이현우 교수는 차세대 반도체공학분야로 각광받고 있는 스핀트로닉스(Spintronics: 전자의 회전을 이용한 전자공학)를 20년간 연구한 물리학자로 수십 나노미터 이하의 작은 물질에서 생기는 스핀 전류에 대해 연구하며 ‘스핀오비트로닉스(Spin-Orbitronics)’라는 새로운 학문 분야를 만들어냈다. 특히, 2023년 7월 국제학술지 ‘네이처(Nature)’에 발표한 논문이 학계의 큰 관심을 받으며, 2023년 금속 다층 국제 심포지엄(Internati
황인선 기자
2024-05-16 08:52
대상다이브스 복음자리, 액상형 음료 베이스 ‘이지라떼•제로 복숭아 아이스티’ 출시
[푸드투데이 = 황인선기자] 대상다이브스 복음자리가 여름을 맞아 제조 편의성을 높인 액상형 음료 베이스 신제품 ‘이지라떼’ 2종과 ‘제로 복숭아 아이스티’를 출시한다. 먼저, 액상형 라떼 베이스 이지라떼 신제품은 ‘카라멜라떼’, ‘그린티라떼’ 등 2종이다. ‘카라멜라떼’는 달콤하고 진한 카라멜 맛으로 에스프레소와 블렌딩한 커피의 맛을 부드럽게 만들어준다. 찻잎을 그대로 갈아 넣은 ‘그린티라떼’는 녹진한 녹차 맛을 느낄 수 있고, 분말 특유의 텁텁함을 줄여 부드럽게 즐길 수 있다. 지난 2022년 출시한 ▲바닐라라떼 ▲토피모카라떼 ▲밀크티라떼 ▲코코넛라떼 ▲콘버터라떼 ▲크림치즈라떼 등 6종에 대한 카페 점주들의 호평에 힘입어, 인기 메뉴인 카라멜, 그린티 플레이버를 추가하며 라인업을 강화한다. 제로(Zero) 음료 열풍에 발맞춰 선보이는 신제품 ‘제로 복숭아 아이스티’는 체내 흡수 없이 배출되는 감미료 ‘알룰로스’, ‘에리스리톨’을 사용한 액상형 음료 베이스다. 제로 음료이지만 복숭아 농축액이 들어 있어 상큼하면서도 익숙한 복숭아 아이스티 맛을 그대로 느낄 수 있다. 무엇보다 100ml 기준 3kcal로 칼로리 부담 없이 즐길 수 있다. 신제품 3종은 액상 제
황인선 기자
2024-05-16 08:46
농관원, 배달 음식 원산지 표시 정착 위해 교육컨텐츠 보급
[푸드투데이 = 노태영기자] 국립농산물품질관리원(원장 박성우, 이하 농관원)은 배달의민족(운영사 우아한 형제들, 이하 배민)과 협업으로 원산지 표시 방법을 알려주는 교육용 동영상 원산지 표시 이렇게 합니다!를 제작·보급한다고 16일 밝혔다. 배달앱 등 온라인을 이용한 농축산물, 음식 등 식품 구매는 크게 늘어나고 있지만, 배달앱 입점업체들은 교육기회 부족 등으로 정확한 원산지 표시방법을 잘 몰라 이로 인해 위반하는 경우가 많아 이를 예방하기 위한 것이다. 이번 동영상은 통신판매 원산지 자율관리 협의체 에서 통신판매 원산지 표시 관리 방안의 일환으로 지난 3월 중순 배민에서 동영상 제작 협업을 농관원에 요청하여 농관원이 시나리오와 강사를 지원하고 배민에서 동영상을 제작했다. 특히 내용으로 음식점과 농산물·가공품의 원산지 표시 2개 분야로 나누어 ▲원산지표시 의무자, ▲대상품목, ▲대상품목별 표시방법, ▲통신판매 시 표시방법 ▲위반 시 처벌기준 등 10분짜리로 현장에서 원산지 단속 활동을 하고 있는 농관원 담당자가 원산지 표시방법을 쉽고 자세히 설명하여 입점업체가 원산지를 표시할 때 바로 활용할 수 있도록 하였다. 교육 동영상은 17일부터 농관원과 배민아카데미(
노태영 기자
2024-05-16 08:44
풀무원푸드앤컬처, 부산엑스더스카이서 ‘라그나로크’ 캐릭터 컬래버레이션 이벤트
[푸드투데이 = 황인선기자] 풀무원의 푸드서비스 전문 기업 풀무원푸드앤컬처(대표 이동훈)는 부산 해운대구에서 운영 중인 국내 최대 규모 전망대 부산엑스더스카이에서 글로벌 게임 기업 그라비티와 함께 라그나로크 캐릭터를 활용한 브랜드 컬래버레이션을 진행한다고 16일 밝혔다. 이번 브랜드 컬래버레이션은 부산 최고층에서 해운대 오션뷰를 한눈에 조망할 수 있는 부산엑스더스카이에서 ‘라그나로크 몬스터즈와 즐기는 여름 해변’ 테마로 기획된 조형물, 포토존을 만나볼 수 있는 유저 친화형 오프라인 이벤트로 준비됐다. 고객들은 부산엑스더스카이 1층, 98층에 설치된 ‘라그나로크 몬스터즈’의 조형물, 포토존, 윈도우랩핑 등의 테마시설을 즐기는 것은 물론 라그나로크 신규 굿즈를 포함한 라그나로크 굿즈 총 30종을 만나볼 수 있다. 컬래버레이션은 오는 6월 30일까지 운영된다. 라그나로크 유저들은 공식 커뮤니티에 제공된 웹페이지를 통해 일반 입장료보다 30% 저렴한 가격으로 부산엑스더스카이 입장권을 구매할 수 있다. 부산엑스더스카이 현장에서는 게임에서 사용할 수 있는 쿠폰 혜택을 받을 수 있다. 행사 기간 중 매주 토요일에 코스어(캐릭터로 분장한 사람) 포토타임도 운영한다. 그라비
황인선 기자
2024-05-16 08:44
풀무원다논 액티비아, 장 건강 위한 맛있는 습관 '것생 챌린지' 이벤트 진행
[푸드투데이 = 황인선기자] 풀무원다논의 장 전문 특화 발효유 브랜드 ‘액티비아(ACTIVIA)’는 일상 속 장 건강 습관을 만들어 가는 '것생(Gut+生) 챌린지'를 진행한다고 16일 밝혔다. ‘것생 챌린지’는 액티비아의 브랜드 앰버서더인 월드클래스 배구선수 김연경의 데일리 루틴에서 착안한 것으로, 액티비아와 함께 일상 속에서 간편하고 즐겁게 장 건강 습관(Gut-생)을 만드는 것이 갓생(God+生)의 시작임을 알리고자 하는 캠페인이다. 지난 3월부터 진행되고 있는 ‘것생 챌린지’는 ‘헬시플레저’, ‘갓생’ 등의 라이프스타일 트렌드와 맞물려 MZ세대의 자발적인 참여를 이끌어내며 큰 관심을 받고 있다. ‘것생'은 장을 뜻하는 ‘것(Gut)’과 ‘인생’의 합성어로 바쁜 일상 속 장 건강을 지키는 작은 습관으로 건강을 유지하는 삶을 의미한다. 액티비아는 것생을 사는 3가지 단계로 ▲아침이나 운동 후 액티비아와 일상 속 건강 습관 지키기 ▲액티비아와 다양한 재료로 건강한 조합 즐기기 ▲것생 습관으로 액티비아와 하나되기를 소개하고 있다. 이번 이벤트는 것생으로 향하는 마지막 단계인 '것생 습관으로 액티비아와 하나 되기'를 주제로 오는 29일까지 진행된다. '세계 판
황인선 기자
2024-05-16 08:41
경기도, 온라인 유통 축산물 위생점검, 수거검사
[푸드투데이 = 노태영기자] 경기도(도지사 김동연)는 북부동물위생시험소가 4월 5일부터 같은 달 30일까지 온라인 쇼핑몰에서 판매되는 다소비 유통축산물에 대한 점검, 수거검사를 실시한 결과 모두 안전한 것으로 나타났다고 16일 밝혔다. 이번 점검은 비대면·온라인을 통해 유통되고 판매되는 축산물이 증가함에 따라 이를 생산하는 14개 업소에 대한 축산물 수거 검사 및 위생점검 등 식품 안전성 확보를 위한 예방관리 차원에서 진행됐다. 점검 내역으로 ▲원재료와 최종제품의 보관상태 및 위생적 취급 여부 ▲작업장과 제조 시 사용되는 기계, 기계류의 청결관리 ▲작업자의 위생복, 위생모 착용 여부 ▲소비기한 및 포장방법 등 표시 사항의 적정 여부 등을 확인했다. 이달 검사 결과 부적합 제품은 없었으나, 부적합 판정될 경우에는 유통축산물을 신속하게 판매 금지 및 회수‧폐기 조치 가능토록 부적합 정보를 식품안전나라에 공개하고 있다. 북부동물위생시험소는 5월 포장육, 식육 제조 유통업체 점검 및 수거검사를 진행 중이고, 6월 하절기 축산물 위생 취약분야 점검, 추석 성수기 대비 점검 등 시기별로 위생점검 및 수거검사를 통해 꾸준히 도민에게 안전한 축산물이 공급되도록 힘쓸 예정이
노태영 기자
2024-05-16 07:34
충남도, 식품별 곰팡이 독소 오염도 검사...연말까지 1,155건
[푸드투데이 = 노태영기자] 충남도(도지사 김태흠)는 보건환경연구원이 식품별 유해오염물질 중 곰팡이독소 오염도를 지속 관리한다고 16일 밝혔다. 식품별 유해오염물질 중 곰팡이독소 오염도는 식품 중 유해오염물질 기준 및 규격에 따른 것으로, 오염물질의 노출로 인한 위해 방지가 목표이다. 올해는 오염 가능성이 높은 곡류와 장류 등 26개 유형 57품목 231건을 수거해 연말까지 1,155건을 검사할 예정이다. 검사 항목은 곰팡이독소 중 총아플라톡신(B1, B2, G1, G2의 합), 아플라톡신B1, 푸모니신, 오크라톡신A, 제랄레논 등 8종이며, 액체크로마토질량분석기로 동시 분석한다. 곰팡이독소는 환경에서 유래하거나 식품의 제조, 가공과정에서 의도치 않게 생성되는 비의도적 오염 물질이다. 국제암연구소(IARC)는 곰팡이독소 중 아플라톡신을 1급 인체 발암성물질로 분류했으며, 국제적으로 규제가 실행되고 있다. 지난해는 감귤(건조) 등 44품목 239건을 대상으로 곰팡이독소 검사를 실시했으며, 모두 적합한 것으로 나타났다. 김옥 보건환경연구원장은 “곰팡이독소는 열에 강해 조리 후에도 완전히 파괴되지 않고 식품에 남아 있을 수 있어 안전성 확보가 매우 중요하다”며 “
노태영 기자
2024-05-16 06:30
청주시, 식중독 예방, 먹거리 안전 강화 정책 실시
[푸드투데이 = 노태영기자] 충북 청주시(시장 이범석)는 시민에게 위생적이고 건강한 먹거리를 제공하기 위해 총력을 기울인다고 16일 밝혔다. 이를 위해 식품 안심거리 조성, 식품 안전점검, 집단 급식소 위생점검 등 다양한 정책을 집중 실시하고 있다. 소비자에게 안전한 음식을 선택할 수 있는 기회를 제공하고, 영업자에게는 위생관리에 대한 동기부여를 제공해 식품 안전에 대한 인식을 높이고 식품 위생 수준 향상에 기여한다. 시는 위생등급 지정 확대를 위해 위생관리에 어려움을 겪는 영업자가 위생등급을 지정받을 수 있도록 전문가 맞춤형 컨설팅을 지원하고 있다. 또한, 안전한 외식 환경 구현을 위해 지난해 12월 식품의약품안전처, 한국식품안전관리인증원, 충청북도와 연계해 오송읍에 식품 안심거리를 조성했다. 안심거리가 있는 오송읍 만수리 구역 일반ㆍ휴게 음식점의 65%를 위생등급 업소로 지정했으며, 구역 내 전체 음식점을 대상으로 확대할 예정이다. 올해도 위생등급 지정업소 지정 확대를 위한 방문 홍보, 지정업소에 대한 인센티브 지원 등 소비자들이 안전하고 위생적인 음식점을 선택할 수 있도록 위생 등급제 활성화에 총력을 쏟고 있다. 음식점 위생등급제는 음식점의 위생 상태를
노태영 기자
2024-05-16 06:26
​",https://blog.naver.com/foodtoday1/223448713505,푸드투데이 '식품산업경제 미디어',20240516,2026-04-27 14:44:30
옐로우로즈해리카운티,중앙대 와인바 흑석동 맛집 더큐어링에서 샤퀴테리와... ,"몽키숄더, 아란 10년, 옐로우로즈 해리스 카운티, 와일드티키 8년, 총 4가지 위스키가 30 ml 씩 제공되니, 위알못(위스키 알지 못하는..) 나 같은 사람도 접하기 쉬울 것 같다. 위스키에 잘 어울리는 메뉴인... ","​
샤퀴테리(Charcuterie)
라는 것을 처음 알게 된 것은,
2019년 9월 17일 수제소시지를 주제로 한 220회 수요미식회 방송을 통해서였다.
​
​
그 때는 내가 고강도의 업무로 주말이 뭔지 밤낮이 뭔지 잠이 뭔지 집이 직장이다 생각하고 모든 것을 포기하고 살았던 시절이라 샤퀴테리를 먹어보러 가고 싶었는데 그럴 수가 없었다.
그래서인가, 그 이후로 샤퀴테리를 몇 번 먹어본 적은 있었지만, 내 마음 속 샤퀴테리는 항상 먹고 싶은 고급 음식 느낌이다.
샤퀴테리에 와인 한 잔이면, 마치 프랑스로 휴가를 떠나온 듯 한 기분이 든다.
​
​
그래서 내가 좋아하는 음식 중 하나인 샤퀴테리.
​
​
고급 샤퀴테리를 먹을 수 있는 흑석동 맛집 더큐어링에 다녀왔다.
​
​
참고로
CURING 은 절임, 염장
이라는 뜻이다. 염장 등으로 만들어진 샤퀴테리 맛집에 어울리는 이름이다.
​
#흑석동맛집
#더큐어링
#중앙대
#중앙대학교
#중앙대맛집
#뇨끼
#수제뇨끼
#샤퀴테리
#수제샤퀴테리
#다이닝펍
#와인바
#레스토랑
​
​
위치정보📍
더큐어링
서울특별시 동작구 서달로14길 12 2층 더 큐어링
더큐어링
서울특별시 동작구 서달로14길 12 2층 더 큐어링
Tel. 070-4400-4912
​
네이버 온라인 예약 가능
​
​
​
중앙대 와인바 더큐어링 외관부터 굉장히 심상치 않은 느낌이다.
주변 다른 매장들에 비해 확실하게 눈에 띈다.
​
9호선 흑석역 3번출구에서 내리면 바로 코앞에 위치하고 있다.
​
주차정보🚘
​
더큐어링 주차는 인근 유료주차장에 주차해야 된다.
빗물펌프 공영주차장 (1,140원/30분) 혹은 중앙대 주차장 (1,500원/30분)
을 이용하면 된다.
​
나는 빗물펌프 공영주차장에 평일 6시 경 주차했는데, 그 때에는 주차 가능 자리가 3자리 쯤 남아있었다.
더큐어링에서 샤퀴테리를 다 먹고 시간이 충분히 흐른 다음 나오니 주차장이 거의 텅텅 비었다.
​
빗물펌프 공영주차장에 주차 자리가 없으면 중앙대 주차장을 이용하려 하였는데, 걱정할 필요 없이 주차가 가능했다.
​
​
육아와 직장생활로 지친 몸과 마음을 달래기 위해 퇴근하자마자 흑석동 맛집 더큐어링으로 달려왔다.
메인메뉴인 샤퀴테리가 외부에도 달려있다. 메뉴판도 있어서, 그냥 지나가다가도 궁금해서 한번 메뉴판 보고 먹으러 들어올 사람들 많을 것 같다.
​
영업시간⏰
​
오후 5시부터 자정까지, 일요일은 휴무이다.
​
참고✔️
​
월요일부터 토요일까지 오후 5시부터 오후 30분까지는 주류 포함 모든 메뉴 20% d/c 의 해피아워가 있다.
다음에는 해피아워에 맞춰 와야지 ( ღ'ᴗ'ღ )
​
​
​
​
문을 열고 계단을 올라가니 해리포터와 비밀의방 같은 느낌으로 비밀스러운 공간에 들어온 느낌이다.
​
​
외관과는 또 다른 반전 매력의 내부 분위기 '◡'✿
​
​
바 테이블은 U자형이어서 사람들이 많이 앉을 수 있다.
뒤쪽에는 룸도 있어서 프라이빗한 모임 장소로도 좋다.
​
정말 좋았던 중앙대 데이트코스 와인바 분위기
​
​
기본 테이블 셋팅에 더큐어링 샤퀴테리 설명문도 같이 앞에 놓여 있으니 음식이 나오기 전에 빠르게 훑어봐도 좋다.
​
​
🍷와인바에서 와인 주문도 빼놓을 수 없지!
화이트 하우스와인 까보 다 로카 비뉴 베르드 Cabo da Roca Vinho verde (Portugal) (12,000원/glass)
를 주문했다.
​
하우스와인은 바로 앞에서 따라주신다.
​
​
우리 남편은 내가 끌고 온 차를 다시 운전해서 가야 하기에 콜라를 주문했다 ㅋㅋㅋ
콜라 잔도 예쁜 얼음컵에 담아 주니 기분이 좋다.
​
​
다음에는 하이볼과 위스키 샘플러 Whisky Sampler 를 먹어보러 와야겠다.
몽키숄더, 아란 10년, 옐로우로즈 해리스 카운티, 와일드티키 8년, 총 4가지 위스키가 30 ml 씩 제공
되니, 위알못(위스키 알지 못하는..) 나 같은 사람도 접하기 쉬울 것 같다.
​
위스키에 잘 어울리는 메뉴인 테린을 같이 주문해서 먹으면 딱이다.
​
​
메뉴판 뒷면에는 재료의 원산지가 적혀 있다.
​
중앙대 와인바 더큐어링에서 우리가 주문한 것은,
샤퀴테리 플래터 2인, 화이트 뇨끼, 하우스 화이트 와인, 코카콜라
였다.
​
​
메인메뉴가 나오기 전, 식전빵이 먼저 나왔다.
​
​
치아바타, 바게트, 블랙 올리브 소스, 잠봉
이렇게 해서 두 접시로 푸짐하게 나왔다.
​
잠봉 JANMBON 은 돼지 뒷다리를 4일 동안 염지액에서 숙성한 후 낮은 온도에서 익혀 부드럽고 고소한 짠맛을 낸다.
​
​
치아바타와 바게트 빵에 블랙 올리브 소스를 바른 다음 잠봉 햄을 얹어 먹으면 된다.
​
블랙 올리브 소스가 진짜 엄청나게 맛있다 ( ღ'ᴗ'ღ )
거기에 잠봉까지 얹어먹으니, 입 안에 풍부한 맛이 감돈다.
잠봉은 부드럽고 짭쪼롬하고 고소한데 블랙 올리브 소스 덕에 깊은 맛까지 나서 간단하게 만드는 완벽한 샌드위치가 되어버렸다.
​
그 다음 메뉴는 화이트 뇨끼,
화이트 라구 소스의 감자 뇨끼 (22,000원)
이다.
​
​
화이트 뇨끼도 와인에 정말 잘 어울렸다.
​
​
화이트라구 소스에 양고기, 소고기, 돼지고기 (= 맛있는 고기들) 들어가는데, 사진에서도 보이듯이 소스 자체에 고기 덩이리들이 많이 들어가서 쫄깃한 식감이 정말 좋다.
​
​
고기가 잔뜩 들어간 소스 자체가 굉장히 꾸덕꾸덕하고 고소한데, 뇨끼 알맹이 자체도 굉장히 크고 쫄깃쫄깃하고 맛있다. 거기에 고소하고 부드러운 치즈까지 올라가니, 금상첨화다.
​
​
맛없없.. 맛이 없을 수 없는 조합이다.
여기서 먹는 화이트 뇨끼가 정말 마음에 들엇던 것은, 고기가 정말 많은 소스였다는 점!!!!
짭쪼롬한 라구 소스에 감자 뇨끼가 잘 어우러져 풍미를 더했다.
​
​
감자 뇨끼 알맹이가 큼직큼직한 것이 정말 쫄깃쫄깃했다.
​
​
소스가 풍부한 뇨끼를 한 입 먹고 화이트 와인을 한 모금 마시면, 입 안에서 그 향이 퍼져 음미하기에 너무 좋다.
​
​
꾸덕꾸덕한 고기 듬뿍 라구 소스의 질감, 정말 여태 먹은 뇨끼 중에 탑이다.
많은 사람들이 이 곳에서 인생 뇨끼를 찾은 이유가 있다.
​
​
​
​
​
오늘 우리가 중앙대 와인바 여기에 온 주 목적은 샤퀴테리맛집 더큐어링에서 샤퀴테리를 먹는 것이다.
​
​
샤퀴테리플래터는 1인 37,000원
으로 2인 이상 주문 가능하다.
​
그림에도 친절하게 햄, 치즈, 소스의 이름까지 라벨링 되어 있어 처음 먹어 보는 사람도 걱정할 이유가 없다.
​
메뉴에 대해서 매우 상세하게 하나하나 설명해주기도 한다.
​
​
​
샤퀴테리(Charcuterie) 란?
​
샤퀴테리는 프랑스어로
살(flesh)
를 뜻하는 Chair와
요리한(cooked)
를 뜻하는  cuit가 합성된 말로,
돼지고기 정육점
혹은
델리
를 의미하기도 하는데, 돼지고기를 비롯하여 소고기, 닭고기, 토끼고기 등 육류나 가금류를 가공해서 만든 모든 제품을 말한다.
이러한 사퀴테리는 프랑스뿐만 아니라 이탈리아와 유럽 전역에 걸쳐 현대에 이르기까지 다양하게 발전되었는데, 대표적으로
햄, 소시지, 살라미, 베이컨, 초리조, 하몽, 파테, 테린, 콩피
등이 있고, 한식에서의
편육, 육포, 머릿고기
등도
한국식 샤퀴테리
에 속한다 할 수 있다.
​
​
* 오늘의 샤퀴테리 6종 : 로인햄(LOINHAM), 론지노(LONZINO), 브레사올라(BRESAOLA), 소시송(SAUCISSON), 카피콜라(CAPICOLA), 페퍼로니(PEPPERONI)
​
먼저, 돼지고기 등심으로 만든 로인햄 LOINHAM 과 론지노 LONZINO 를 비교하면서 먹을 수 있다.
​
로인햄
론지노
​
둘 다 돼지 등심으로 만들었는데, 로인햄은 돼지 등심을 염지한 후 훈연해 만들어 은은하게 퍼지는 훈제 향에 식감이 부드러워서 입 안에서 살살 녹고, 론지노는 돼지 등짐을 향신료에 염지한 후 건조해 만드는 햄으로, 먹었을 때 쫄깃하게 입 안에서 퍼지는 풍미를 가지고 있다.
개인적으로는 건조 햄을 좋아해서 론지노가 더 맛있었지만 로인햄의 부드러운 식감은 다시 생각해도 또 먹고 싶다.
​
브레사올라
브레사올라 BRESAOLA 는 소고기 홍두깨살을 레드와인에 절여서 말리는 햄으로, 입에 넣은 순간 레드와인 향이 깊게 퍼진다.
개인적으로 더큐어링 샤퀴테리 플래터 중 원탑이었다.
​
​
소시송과 페퍼로니는 비슷하게 생겼는데, 왼쪽에 있는 것이 소시송, 오른쪽에 있는 것이 페퍼로니다. 페퍼로니가 조금 더 빨갛다.
​
소시송 SAUCISSON 은 프랑스의 건조 소시지로 이탈리아의 살라미와 비슷한 햄으로 두툼하게 썰려 있어 쫄깃한 식감과 지방이 많아 부드러운 풍미가 있다.
페퍼로니
​
페퍼로니 PEPPERONI 는 아마 많이들 접해봤을 햄일 터이다. 피자에 사용되는 익혀서 나오는 것과 다르게 건조해서 나와서 쫄깃쫄깃한 식감에 햄 특유의 향이 더 깊다.
​
​
카피콜라 CAPICOLA 는 목전지 부분을 사용해서 염지한 다음 건조한 것으로 딱 봐도 지방이 많은 부위로 보이는데, 건조햄이지만 굉장히 부드러운 식감이 있다.
​
​
테린 Terrine 육류나 해산물을 틀에 익혀 차갑게 나온 것인데, 닭가슴살, 다리살, 표고버섯으로 만들어진 치킨 테린이 같이 나왔다. 테린은 이번에 처음 먹어보게 되었는데, 고기 식감이 나면서도 정말 부드럽게 입에서 살살 녹았다.
​
​
* 오늘의 치즈 3종 : 에멘탈, 고다, 까망베르
​
샤퀴테리의 풍미를 깊게 더해주는 치즈 3종은 에멘탈 치즈, 고다치즈, 까망베르치즈가 준비되었다.
어떤 치즈를 같이 먹어도 샤퀴테리의 맛이 더욱 부드럽게 퍼진다.
​
* 제철과일 : 사과, 배, 귤, 체리, 무화과절임
​
샤퀴테리에 과일까지 얹어 먹으면 짭쪼롬한 햄의 맛을 중화시켜주는 상큼하고 깨끗한 과일 향이 입 안에서 퍼진다.
​
​
* 특제 소스 8종 : 당근라페, 당근퓨레, 체다딥, 치포틀레, 치미츄리, 트러플페스토, 과카몰리, 바질페스토
​
​
소스는 순서대로 당근라페, 당근퓨레, 체다딥, 치포틀레, 치미츄리, 트러플페스토, 과카몰리, 바질페스토 8가지 종류가 나왔다.
​
모든 소스를 다 먹어봤는데, 계속 손이 갔던 것은 치미츄리와 트러플페스토였다.
치미츄리와 치포틀레는 매콤한 맛이 났고, 트러플페스토는 트러플 향이 진하게 났다.
체다딥과 과카몰리는 정말 부드러운 소스였다.
​
​
​
빵에 소스 바르고 그 위에 치즈와 과일을 올리고 루꼴라, 샤퀴테리 올리고 올리브까지 올려 먹으면 직접 만드는 오픈 샌드위치가 된다.
​
샤퀴테리를 처음 접하는 분들이라면, 익힌 것 위주로, 건조햄 중에서는 지방이 많은 로인햄과 소시송 위주로 먹기 시작하면 좋다고 한다.
​
​
정말 하나하나 모든 것이 다 맛있어서, 이런 것이야 말로 파인다이닝이지 싶었다.
캐쥬얼 다이닝 펍에서도 파인다이닝을 즐길 수 있는 흑석동 맛집 더큐어링 ๑•‿•๑
​
참고로 화장실도 완전 깔끔하고 예뻤던 중앙대 와인바 ! (๑❛ᴗ❛๑)
​
나는 항상 퇴근길에 흑석을 지나 퇴근을 하는데,
이런 나의 퇴근길에 맛드러지고 멋드러진 와인바가 있으니까 정말 좋다.
​
퇴근길에 들러서 좋은 데이트를 할 수 있어서 정말 좋았다.
​
분위기 만점, 맛도 만점, 와인도 만점이었던 중앙대 와인바,
혹시라도 중앙대 데이트코스 찾으시는 분들이 있다면 완전 강추합니다 ✿˘◡˘✿
​
​
워킹맘 제이비의 행복을 찾는 일상
​
#일상
#데이트
#맛집
​",https://blog.naver.com/vpgljy/223163165201,워킹맘 제이비의 행복을 찾는 일상,20230722,2026-04-27 14:44:32
옐로우로즈해리카운티,[정보] 2023년 전남 청년 문화복지카드 사용처 목록 확인... ,청년 문화복지카드 전체 사용처는 아래 첨부파일 확인 ↓↓ 올해 기준 파일 올라와서 바로 업로드 했어요 ! 아래 글에 있는 내용은 22년 기준이라 23년 사용처는 파일 다운로드 후 봐주세요 그리고 혹시 모르니... ,"청년 문화복지카드 전체 사용처는
아래 첨부파일 확인 ↓↓
​
올해 기준 파일 올라와서 바로 업로드 했어요 !
아래 글에 있는 내용은 22년 기준이라 23년 사용처는 파일 다운로드 후 봐주세요
​
그리고 혹시 모르니
방문전에 꼭 전화로 확인
하세요
​
첨부파일
전남청년 문화복지카드 사용처 목록(광주카드)
.xlsx
파일 다운로드
​
전남 순천시
JK Dance Company
아놀드 피트니스 컴퍼니
아놀드짐
크로스핏아놀드역도장
인토가곡독서실
가나인쇄재료
ENI BRAIN 영어교습소
찬찬팬시문구
수정상사
씨제이상사
색깔나라미술보습학원
디앤투제이 디자인(d&2j)
오피스플러스
동양민속
우정화원
여미지식물원
웨스턴스퀘시
가곡아이옥스입시속셈학원
순천스크린골프연습장
슈퍼스타 당구클럽
조은난원
운성식물원
다현플라워
파인슐레꿈초롱어학원
코리아각
잠모텔
엠존모텔
백제장여관
허니킹컴퍼니
동서여관
아이엔비유(I.N.V.U)단과전문학원
광주전남진학사
순천각호텔
순천모텔
순천모텔
순천모텔
순천모텔
가나악기
씨티팔레스
그날그꽃
그날그꽃
개구쟁이서적
피씨네오 피씨방 (PCNEO PC방)
미몽디자인공방
나라광고산업
한국간호학원,대한요양보호사교육원
윈드빌호스텔B
아름다운사람들미용학원
현대과학교재
순천게스트하우스느림
강변장여관
모아디자인
그린썸905(green thumb905)
그린썸 컴퍼니(greenthumb company)
강산애
S-ONE(원)
S-ONE 당구장
에듀누리 사회적 협동조합
순천 아이퍼니아트
동부지업사
(주) 우리안전기술원
비제이풋살장
비 에이블 투
주식회사 벚꽃길
갈대밭사랑채
흙내음
한고을민박
보육사/다음세대
퐁당퐁당어린이전용수영장
퐁당퐁당어린이전용수영장
에이비씨
혜은도서
혜은전문도서
도서유통서원
송안나(밀크러닝)
인토연향독서실
니치홀
홍익갤러리
맥스체대입시 순천교육원
라이언 스위밍센터
프랜즈스크린골프 덕연점
하루무인텔
하루무인텔
순천만정원 가든센타
순천시 순천만관리센터
토닮
와이제이 아뜰리에
골목책방 서성이다
소프트토이
심여옥 공예방
한치랑지헤랑
뮤제이옹
꽃그림그리는날
아기자기가죽공방
56공방
미스터플라워
공예 창작소
문화예술ATO&비스트Ent.
건일기획
단오전각연구원
노마더양말목
옥봉이네
이브화원
우리당구장
우리당구장
금당당구클럽
덕성평생교육원
열공독서실
경문학원
동부직업전문학교
동부직업전문학원
스타PC방
스타PC방
오르다코리아
필독서실
이지영어학원
무공체육관
석현철골프연습장
윤선생우리집앞영어교실대석영어교습소
매스캔수학교습소
한솔학원
굿모닝피아노
순천 헌책방 책마실
형설서점
삼성영어 금당학원
통문장영어대석학원
피어나는아름다움을 노래하는 피아노교습소
인핏점핑클럽
예음피아노교습소
주혜진음악학원
홍지수피아노교습소
오피스넥스순천점
박시윤유일수학학원
아이앤피인쇄프라자
장원한자
ADEN PC
에스폴댄스학원
삼성유아교재총판
순천광양짐보리
힘찬슬링운동센터
당구풍월
전남혁신교육시민모임
참좋은교육
이투월드
금당서일어학원
벨리(교습소)
낙안전통가옥체험장
전통악기만들기 체험장
궁전
이화어린이집
지향
뚤방민박
순천승마장
전통예절학교순천이화서당
사계절민박
달빛사랑
농업회사법인 주식회사 요술모자정원
참살이민박/1등가람한옥민박
가고파초롱이네
순천꽃마차마을
요술모자정원공방
라온공방
오드리마법사
송산제 낙안민박
비송
낙안한옥펜션혜윰
낙안돌탑공원
쥴리어드피아노학원
해밀
아름나무공방
황금당구장
황금당구장
이레관광호스텔
낙안민속화훼
낙안읍성 이을도예방
형설서점
치즈캠프
배꽃피는마을
낙안풍경소리다육농장
해오름민박
해오름 한옥민박2호
최가네민박
바른영농조합법인
행복한한옥펜션
초가원조
(주)낙안읍성큰샘
초가원조
이방집
청사초롱
현대민박
토공방
다운
(주)호텔금강
중앙행정고시학원
스포타임
순천중국어학원
수메이드순천점
라우더 유아체육
봄비
마음디자인
한번에끝내는강센세한끝일본어
용호태권도장
꽃길플라워
놀러와PC방
풍덕화원
매니아 당구클럽
스타킥복싱복싱체육관
주식회사 다온 구일일 구급센터
산수휘트니스
에이스골프연습장
산수휘트니스
골드 타켓 실내양궁장
골드타겟
순천만 에코정원
조례탁구센터
디스무인텔
셀픽스
보보스
비전골프존
꿀벌어린이집
청담스크린골프
청담 스크린 골프존
청담 스크린 골프
레이즈
스트라이크존 순천조례구장
J골프아카데미연습장
유한회사 보그
하루모텔
하루모텔
타임 (김현준외2명)
아이비스PC방 순천조례점
힘피트니스
아이비스PC방 조례점
힘피트니스
타이
샤인호텔
리무진모텔
리무진모텔
호텔야자 순천조례점
버킹검모텔
플러스입시학원
동부디비앤아이티
동부컴퓨터전문서적
율곡보습외국어학원
남정서점
플라워시티
음식점엽소
순천대우자동차학원
순천대우자동차학원
꽃순이를아시나요
드림플라워
팔마화원
갈대밭꽃식물원
갈대밭꽃식물원
순천만 꽃뜨락
서원서적
청암대학 당구장
보문당서점 청암대학구내
청암대학교
현우당
청운당
목양산방
하울당
현우각
순천만황토한옥샘터
순천만 여행스케치
순천만민속한옥
순천만바람의언덕하우스
순천만늘솔길민박
용마루
순천만쉼표
순천만 스파빌
꽃물드리
꽃물드리
대동꽃농원
밀짚모자
비욘드서적
해오름심리상담센터
동부심리상담교육원
파크빌딩
더블유(W)폴댄스 스튜디오
해오름심리상담센터
(주)폴리엠교육
북경중국어학원
박경숙R&B플라워
퀼트쟁이
중앙과학상사
은하독서실
민스키즈클럽영어학원
탑PC
복음서관
민스키즈클럽영어학원
예체능당구클럽
선경플라워
순천크리스챤백화점,e-랜드공인중개사사무
순천크리스찬백화점
주식회사 아이디어꿈
남도스토리
이스턴영어예원어학원
순천삼익피아노
튼튼영어마스터클럽대석점
튼튼영어마스터클럽대석학원
파스텔미술교습소
이은영개인과외
개인과외
솔로몬교육
고이핀플라워
99실내풋살장
(주)더블나인
맥스체대입시 순천교육원
맥스체대입시 순천교육원
맥스체대입시 순천교육원
백제종합악기
백제종합악기
중앙교육문화사
피아노모텔
린지플라워
궁전스파랜드골프.헬스
(주)어린농부딸기가좋아순천점
그꽃길
준플라워
푸른솔스크린골프
플러스서점
플러스원더랜드어학원
퀘스트아카데미학원
국민서관순천지사
푸른솔골프존
골프존스크린
푸른솔비젼골프존
천재서점
어썸PC방카페
아해뜰 미술학원
아해뜰미술학원
K아해뜰미술교습소
알파 순천 청암대점
봉송난원
윤희농원
도담농원
백종원 플라워
꽃과나무
꽃길14st
순천시화훼단지영농조합법인
황금농장
다복농원
소라커피나무
순천만꿈에 정원
아해뜰미술학원
엠버서더
주식회사동부사랑방신문사
난창고
디오스모텔
체리당구클럽
체리당구클럽
칸 당구장
드론PC
드론PC
도그책방
정명인쇄기획
순천시뿌리깊은나무박물관
순천그림책도서관
세종직업전문학교
블럭월드
아름다운공예사랑
허브
용인대율산태권도장
플레이앤조이(Play&Joy)
리틀뮤지션음악학원
창조화원
창조플라워
신나라음악학원
Let'stalk영어학원
율산독서실
뉴-색연필
팔마검도관
팔마검도관
푸른솔
아트플라워
윤선생영어연향학원
윤선생영어연향학원
도로시피아노교습소
윤선생영어연향학원
영수바다공부방
정혜경피아노학원
개인과외교습
예술의전당미술학원
하루애민박
순천만32가민박
순천만하루애
순천만뜰펜션
순천만 하루애펜션
순천만 송암S관광호텔
하루야호텔
더베이호텔앤풀빌라
갈대이야기
비너스모텔
에덴모텔
바울피아노학원
하은&제이공방
(주)대교순천지점
순천난원전시장
하모니전자음향
오성각모텔
순천장여관
엠죤모텔
명인아크릴/인쇄
명문모텔
성동교재문구
디오스모텔
명문모텔
대성인쇄사
꿈꾸는정원
큐수학교습소
에일린 퍼퓸스토리
정원스크리골프존
남샘수학교습소
금강즐거운피아노학원
이레교육
금강해법영어교습소
금강태권도체육관
순천제책소
한우리
기적의샵탁구장
유일문구
광재도예
금강문구센타
세종서림
제일속셈학원
수석입시학원
매곡교일학원
GHB영어전문학원
성문학원
용봉요양보호사교육원
순천제일고시학원
아젤리아모텔
공예사랑
북교문구
삼풍피아노음악원
휘트니스UP
와이비엠(YBM)영어수학학원
가든샵
스크린WE골프장(1층.2층)
태평양식물원
꽃과나무이야기
자연을담은정원(3호점)
휘트니스
골프아카데미
BK GYM
순천화훼영농조합법인
주식회사 에코그라드레저개발
(주)한성
책을 읽는 아이들 서점
골프존파크
에코그라드호텔
유한회사금당골프클럽
(주)제이제이
주식회사동원산업
순천화훼문화발전협의회
다프네(Daphne)
동부액자
금이플라워
동부화훼유통
다육사랑
다육사랑
미스터플라워
예삐꽃방
플라데코
황금화원
사랑화원
황금화원
리더스스크린골프장
리더스스크린골프
리더스스크린골프
타이거휘트니스
골프존파크
창의와탐구순천지사
이아이이금당어학원
새턴영어제3교실왕지조례학습관학원
뮤즈음악학원
뮤즈음악학원
한국포슬린앤포크아트
광무관 유성 GYM스포츠클럽
순천농업협동조합
순천농업협동조합
문화장터
키키로봇과학
이샘학원
이보영의토킹클럽왕지학원
뿌리교습소
뿌리학원
애록원분재원
꿈애그린농장
남도수중골프연습장
(주)순천 테마관광랜드
개랭이영노조합법인
전망좋은곳민박
거차어촌계자율관리어업공동체
모텔탑
사단법인순천정원문화산업발전협의회
순천만조경수유통영농조합법인
순천만조경수유통영농조합법인
순천만조경수유통영농조합법인
순천만조경수유통영농조합법인
비바무인텔
순천스카이드론교육원
더소풍 1
더소풍2
죽산기업(주)
은빛피아노
금당구장
화담별서
순천만명품무인호텔
태랑도예원
장산마을 영농조합법인
전망좋은곳
노을펜션
순천만트리스쿨
민속돌마당
D무인텔
나무향기 목공
새늘뷰티아카데미학원
오렌지문구
에듀로시
금선화
킨더교육
클라르피아노
햇살담은 다락방
봄날악기사
무한도전 태권도
(주)웅인
태백체육관
창조아일랜드
참사랑공방
강한태권도
oxpc 순천조조례점
햇살어린이집
윤선생우리집앞영어교실조례봉화영어교습소
SONGFLUTE 송지현플룻교습소
선율피아노학원
선율피아노학원
선율피아노학원
봉화해법영어교습소
포유음악학원
동산서점
엔조당구클럽
청어람독서실
이숙영개인과외
참된학원
나라무용학원
영어사관학원
인토조례독서실
블럭키즈
인토조례독서실
그랜드뮤직아카데미
킨더아트미술학원
오케이영어(OK영어)
미리뮤직클래스 음악교습소
미리뮤직클래스음악교습소
숲속
사회복지법인도레미어린이집
엔조당구클럽
엔조당구클럽
인싸포토 조례점
프롬당구클럽
봉화당구클럽
병아리당구장
레전드스크린야구존
리얼스크린야구장 순천조례점
리얼스크린야구
리얼야구존 순천조례점
이글당구클럽
조례당구장
조례당구클럽
에쿠스호텔
에쿠스모텔
OK모텔
스카이호텔
V7호텔
호텔루이
프리미엄 당구클럽 THE K
(주)연수에듀
(주)연수에듀
모나리자 당구장
모나리자당구장
모나리자당구장(5층)
모나리자 당구장
명성유도관
조례서일어학원
코리아당구클럽
1프로바디
1프로바디요가
손박사컴퓨터학원
엔젤PC방
크라우드피시 조례점
달빛기타실용음악학원
그랜드뮤직
부마헤학원
탐바루요가수련원
더해봄주식회사
대림농원
비바체악기사
봉화골프존
다프네
클로이음악학원
타임영어학원
팡팡야구사격장
실내낚시(러브낚시카페)
시그니처아레나PC/시그니처아레나PC카페
뮤엠영어다리아 교습소
에듀플러스
미뜨개방
수작(풀꽃향기)
순천봉투인쇄사
새론인쇄
엔조이넷
(주)이엔에스
늘봄
디어 오션(dear ocean)
나이스상사
나이스상사
워커힐모텔
잉글랜드모텔
모텔잉글랜드
잉글랜드모텔
잉글랜드 모텔
헤이42
명문모텔
명문모텔
선영상사
누리태권도
매곡한결음악미술학원
배수빈외국어학원
최선조리전문학원
뜨개하라
에덴플라워
바이올렛 플라워
쌍용자동차학원
백합화원
꽃집언니
진영꽃
유한회사스카이휘트니스
아이지미술순천1호지사
대박풍수공예
써니문(SUNNYMOON)
뮤직프라자
NC백화점순천점문화센터
리더스짐
LOL PC방(NC점)
암낫짐(조례지관)
오스튜디오(5 studio)
에스엠(SM)보컬아카데미음악교습소
다솜학원
다향
꽃을봄
강남화랑
스카이수영장
스카이필
스카이필
(주)잉글리시에그순천센터
ANT실내골프연습장
에이앤티 (A.N.T)스크린골프
에이엔티스크린골프
(유)에이,엔,티
스터디윗미
세븐당구장
비봉태권도장
비봉태권도장
락당구클럽
NC당구클럽
팀 엑시옴 탁구장
런투유 피시(Run to you PC)
김치당구클럽
10분 운동샵
세븐당구장
세븐당구클럽
세븐당구장클럽
탑스크린골프연습장
드림온
퍼스트짐
김(Kim)선생  휘트니스클럽
고(GO)선생복싱
탑스크린골프존
피노키오문구, 완구
해법HB ENGLISH(에이치비잉글리쉬)비봉영어교습
해법영어
나무별음악교습소
초석바둑학원
유진피아노
차오름태권도장
헤윰요가
미소지움고시원
개인교습소
서향학원
엘리트고시텔
KSA체대입시
향림한문교습소
이영숙피아노학원
킴스스크린골프연습장
와이비엠시사순천지사
톨잉글리시어학원
정쌤'S수&과학교실
어린음악대용당원음악학원
류명음악학원
예쁜손피아노학원
예일사
명문서림
주식회사교육일등급
주식회사 교육일등급
(주)공생교육
용당어학원
(주)교육일등급(신대점)
(주)교육일등급(동광양점)
명문서점(용당점)
대한합기도장북부관
빅스토아문구팬시
빅스토아화원
한게임 당구클럽(2층)
제이앤제이(J&J)
도래미음악학원
미르탁구장
장혜원음악학원
아이세상
더(THE)이룸독서실
더(THE) 이룸독서실
용당대성N학원
용당이지스영어학원
초록꽃
용당검도관
삼랑검도관
글라라피아노학원
서연학원
공예나라
삼성과외교실
풀학원
기운복싱파이트GYM
유로 인터네셔널(URO International)
솔로스타독서실
솔로스타독서실
궤방 한지공예
프린트하라
AROMATIQUE(아로마티크)
미소영어
삼산골프랜드
라이브 필라테스
라이브휘트니스
천지사우나스포츠센터
어울림공방
어울림공방
팀쌤 스마트 해법영어 학원
봉화체육관
신선생과학교습소
비전잉글리쉬
잉글리쉬무무용당학원
바른돌바둑학원
더 요가다움
큐당구장
용당구클럽
용당구클럽
J.Y파크짐
연&희요가앤필라테스
킴스골프
킴스스크린골프
형설지공독서실
플라워샵 솔레이
프랑캔스타 순천본점
알바트로스 창의센터
어린음악대용당원 음악학원
어린이음악대용당원음악학원
스타용담점
어린음악대용당원음악학원
행복드림화원
쏭스잉글리시영어교습소
이에스엘(ESL)학원
영어를만나다학원
어린이음악대용당2관음악학원
케이(K)빌리아드
탑클래스스마트해법영어학원
탑클래스스마트해법영어학원
포르테피아노
용당K-타이거즈태권도
튼튼영어 마스터 클럽
이룸교육
필라핏 스튜디오pilatfit studio)
진쌤과외
에이치앤제이(H&J English)
퀸즈로즈
쑥쑥드로잉미술학원
쑥쑥드로잉미술학원
용당삼성영어교습소
피오레음악학원
라이언 스위밍 센터 (용당점)
피코인(PCOIN)멀티플렉스
하이런당구장
하이런당구장
피코인멀티플렉스
46차순천중고총동창가족체육대회준비위원회
하이런당구장
에이치짐
주식회사엘엔케이(L&K)
원광서예교습소
스마트해법영어교습소
뮤직아이 음악교습소
럽센트유 Luvscent U
아델라 필라테스
(주)승광
(주)승광
(주)승광
꽃과나무
순천다육식물연구소
고운세상
상사골프클럽
키다리파티풍선(성신유통)
더쉴
더쉴
오죽원펜션
토형원
토형원
레이크754펜션
레이크754펜션
레이크754
로얄맨션호텔
호숫가 민박
토마토빌리지
대신인쇄광고
아이비플라워
상사골프파크
유한회사 순천에프씨
상사골프클럽연습장
순천만풀리조트
포레스트152
트라이벌마커스코리아(TRIBALMARKERSKOREA)
초곡민박
농업회사법인 주식회사 에스펠리어
엠버서더
엠버서더
나우도자
나우도자
나우도자
나무시장
드림독서실
다겸 플라잉 필라테스
브라운호텔
비타민모텔
모텔몬타나
별빛내리는무인텔
브라운호텔
캐슬사이드
호텔캐슬
소리숲음악학원
꽃. 가게 (kkot. gage)
대인입시외국어학원
나경희미술교습소
엘리트 과외교실
정석컴퓨터학원
유명음악학원
성지개인과외
농업회사법인 순천가든마켓 주식회사
(주)순천자동차학원
옹기마을꽃동네
경호석재
에듀비타학원
모아네트
순천드램랜드사계절썰매장
즐거운미션음악원
전남조경수유통영농조합법인
은서피아노학원
배들당구장
순천꽃돌이
화유,코베썰매장
우즈골프연습장
참교육태권도
순천철쭉영농조합법인
원목 가구 공방
소미영어교습소
참교육태권도
또래음악학원
라송힐링음악학원
또래음악학원
윤 Flower
플라워차일드(Flower Child)
국제승마장
조선농원
동아잔듸(디)
영재들의미술상자
사운드팩토리실용음악학원
배들음악학원
서면태권도장
배들문구
윤선생 우리집앞 영어교실
밀알해법학원
타임스타음악학원
타임스타
원앙당구클럽
욜로(YOLO)PC
배들당구장
해동검도빛찬들도장
한국사회교육원 순천서면한GLO제1교육실지부
주식회사 금호조경
이오오 도자기 공방
대박플라워
동부과학상사
유한회사 진성난원
에코누리
기후변화체험학습장
기후변화체험학습장
에듀펜교육
토우영농조합법인
조경수 유통조합
조경수 유통조합
순천 경매장
안산골농촌체험휴양마을협의회
아이디어플러스
꽃을든남자
에덴문구사
꼼지락마녀작은공방
두희농장
순천풋살장.민박
순천청소골민박
청궁민박
모이라
허경님 차문화연구소
주식회사 꿈앤삶터
주식회사 드로잉라이프
뮤엠영어교습소
한국웃음교육원
글리츠
라이크앤디스라이크
정지영피아노 개인과외
왕자웅변학원
기적공방 순천카빙
순천YWCA여성인력개발센터
오늘하루
이화피아노학원
I-co
시나브로스티치
스토리하우스
캘리디자인공감
오늘도네일
두드림공방
EZS학원
히트피시방
히트피시방
예은피아노교습소
성경문구
성경편의점
에스더피아노학원
에스더피아노학원
유아이학원
에스더피아노학원
도란도란공방
향림현대공부방
피아노포르테학원
현산문화사
호박난원
MBC홈아카데미
이지스영어학원
순천복사
석사제일태권도
석사제일태권도
최영진입시학원
사단법인 에듀펀플러스
사단법인에듀펀플러스
S&하제
예서's house
주식회사 연우
호연체육관
금강보습학원
순천탁구인의집
디지탈사무기
아침신문
암낫짐
현대음악사
묘한제작소
동천텔
순천만모링가협동조합
레츠리드서적
순광서적
창조화원
안전드림
송광여관
금광여관
후곡마을번영회
풍경
두메유기농원
농업회사법인 (주) 따숨
대한불교조계종송광사
광신민박
왕대민박
미래교육
케이에듀
세광태권도장
킹콩에듀
현대피아노교습소
정원 플라워
미플라워
블루밍플라워
청란 플라워
청란플라워
순천다솜꽃도매
하트덩쿨
다솜꽃도매
명성플라워
그랜드플라워
송촌꽃농원
순천서적
소영꽃농원
교수학원
강물쌤토익방
누가 기린목에 꽃을 둘렀을까?
로버트조토익전문학원
플렉스PC방
알프스당구클럽
준당구클럽
순천만풍경민박
순천만힐링
정문호스텔
들마루펜션
순천만정원하우스
순천만팬션민박
순천만별빛펜션
늘꽃바라기
1박2일펜션
청해게스트하우스
순천만무한도전민박
순천만무한도전민박
로맨스펜션
순천만346A
순천만 346 A
순천만346B
순천만346 B
순천만빌리지(4)
순천만빌리지4
순천만뉴빌리지호스텔3
순천만뉴빌리지호스텔-2
숨펜션
순천만숨
순천만뉴빌리지호스텔1
순천만야생화
와니엘배팅센터 순천점
와니엘배팅센터 순천점
리버사이드정원펜션
인테리어수족관
순천만생태펜션
순천만생태펜션
순천만가나
순천만흑두루미팬션
순천게스트하우스 무진호스텔
순천만무지개펜션
순천만어린왕자
순천만어린왕자
뜰애팬션
순천만포시즌호스텔
순천만갈대숲 호스텔
세모광고디자인
순천만 갈대밭 호스텔
바람개비공방
더스카이풀빌라
순천만풍경
순천만 ECO 빌리지 다동
순천만빌리지3
순천만ECO빌리지2동
순천만ECO빌리지
스테이도담
순천만놀러와펜션A구역
순천만쉼표호스텔
순천만 놀러와 1
놀아줘
순천만 놀러와 5
순천만 쉼표
순천만쉼표2호스텔
토바기민박
인토오천독서실
정철어학원오천캠퍼스학원
인토오천독서실
라이브휘트니스
라온댄스학원
청학석사태권도장 (4층)
조이스감성미술학원
윤피아노음악학원
잉글리쉬무무오천학원
명인바둑학원
더블유게임이펙트전문학원
오천스크린골프
데일리바디핏&월요가
주우짐 (JOO GYM)
퍼니판
주짐(JOO GYM(8층))
드림스포츠트레이닝센터
한빛수학
GS학원
초원장.식당
오성난원
남일각온천장
준모텔
죤모텔1호
오죽원
순천생태마을
우리안 펜션
쌈지팬션
지역사랑농촌체험휴양마을
꽃밥순자
비봉농원
로뎀나무 정원
해품달 한옥민박
초원장
태영테크
라임다육
스타트당구클럽
쉬가민박
죤모텔2호
준모텔
준모텔
죤모텔1호
산골
죤모텔2호
주식회사 신화교육개발원
임정심댄스스포츠
디어마이플레르
카누여관
누에이야기
꽃히다
원당구장
국제레코드
행복화소
고실용예술아카데미순천학원
순천한샘키친프라자
국제애견미용학원
국제애견미용학원
꽃히다
꽃을든남쟈
신행운장
챌린지러닝코리아주식회사
(주)순천정보
장천씨앤씨미술학원
아이비
아이비
라파 교정 운동 센터
다이아몬드모텔
다이아몬드
오페라모텔
썬플라워
더캠프PC 조례점
청담 아트 필라테스 순천지점
GO PC방
청담어학원
청담어학원
글로벌중국어어학원
아이리스PC POP 순천조례점
아이비스PC
구슬방 당구장
아이비스PC
한큐당구장
브이알플러스 순천조례점
패밀리건강랜드
하우스터디 순천조례센터 독서실
대국합기도체육관
유앤아이조례어학원
라이프러리독서실
VIP당구클럽
VIP당구장
윤선생조례북영어숲
GMA개념원리국제수학전문학원.순천조례제2
놀부조경
더바른몸
창재스쿨
박명희피아노학원
순천만 대대민박
솔향기펜션민박
하은음악학원
GMA개념원리국제수학전문연향학원
바하음악학원
문현섭영어교습소
바하음악학원
멘사SG연향교육원
알파 순천연향점
쁘띠몽드
튼튼영어마스터클럽연향어학원
연대와이티 어학원
아이티컴퓨터학원
튼튼영어마스터클럽
연대와이티(YT)어학원
작은화가들
빈피아노교습소
제니피아노 교습소
작은화가들
교학사영어랩율산학원
민족사관체육관
율산피아노교습소
율산피아노교습소
김보민
제일종합서적
율산피아노교습소
류피아노학원
한솔수학학원
영웅음악학원
영웅음악학원
라라피아노학원
계명태권스쿨
글로리아 음악학원
특공무술현무도장
지니스토리
프리베이크
호반태권도장
비바체윈음악학원
청송힐링요가
영어공방
롤리폴리
롤리폴리
호반서점
대한스쿼시클럽
순천스쿼시
도서출판고인돌
펀에듀테인먼트
피닉스모텔
피닉스모텔
신영인쇄기획
도서출판디앤피
호텔 더휴
썬프라자
하얏트모텔
하얏트
순천만의추억
순천중장비학원
중앙서점
순천동아서림
교육자료
장운교재사
트라이앵고에듀케이션어학원
세명여인숙
미라클모텔
미라클
미라클모텔
쉼게스트하우스
별장여인숙
심다
오프스크립트
호텔아이엠/주식회사 아이엠
광주여인숙
광주여인숙
태흥장
블루모텔
수연장모텔
수연장모텔
블루모텔
블루모텔
황금모텔
황금장여관
행복여행
강남여관
코자자모텔
코자자모텔
코자자모텔
행운장
영빈장
제이모텔
휴모텔
거북장여관
강원여관
풍운장모텔
광일장
동아장여관
순천24게스트하우스
(유)순천24게스트하우스
오성식중학영어
순천게스트하우스
순천게스트하우스 정원
제일여인숙
럭셔리모텔
럭셔리모텔
경주장
아담장여관
광명여인숙
광명여인숙
발리모텔
발리모텔
뉴즐거운오락실
디자인어니언
헤아로플라워
옐로
태화장여관
유한회사순천젠틀맨
(주)쇼핑라이프
(유)에코시티
디바인순천점/유한회사 디바인순천점
디바인 호텔 순천점
단꿈STAY
샵모텔
순천역 게스트하우스
순천역게스트하우스
심다
순천역 게스트하우스
길건너 게스트하우스
하나유통
주영주밸리댄스
서강정일학원
한솔 플러스수학
한솔플러스영어교습소
현수학교습소
뮤직플롯피아노학원
장혜정음악학원
심수학학원
버클리음악학원
푸른태권도장
하노별독서실
하노별독서실
하노별독서실
강호체육관
앤하우스
스페이스 이스케이프
에셀공예
한국글렌도만
즐거운교육
상상펀아트학원
반짝반짝빛나는디자인연구소
꽃동산문구
꽃동산문구
김선규스피치센터
에듀스타
꽃동산문구사
조이북스
푸르넷 공부방
키즈칼리지어린이집
코앤코바이올린
튼튼영어마스터클럽순천왕지영어교습소
MERR
푸르넷 왕지
꾸메땅영어
가브리엘영어교습소
와이비엠잉글루순천왕지학원
가브리엘영어학원
서울리더왕지학원
모닝오피스
(주)한국지식인력개발원
두산중장비운전학원
잇츠레더
그림도자기415
아이캔캔디
(주)시티관광호텔
로라무용학원
나의취향
스포타임
중앙자뎅 (자뎅드보)
인생네컷
두산중장비운전학원
핫요가 스튜디오
송춘무용학원
도도아카데미미용학원
연향입시수학학원
뉴욕영어학원
송현승개인과외교습소
명품수석원
스토리하우스
인쇄할인마트
한마음미디어
책동네
명성종드럼스튜디오
튼튼영어
순천플라워
와이비엠(YBM)리딩클럽영어교습소
금호문구
드림교육
위캔방문운동센터41호
소나타피아노학원
리치북
연향어학원
연향어학원
연향어학원
예술피아노학원
석사체육관(태권도)
대우꽃집(청과)
영수정복학원고호미술교습소
예술피아노학원
강승어학원
박은영음악학원
아이탑학원
아이니행복한영어중국어도서관어학원
위너컴퓨터교습소
핑퐁탁구장
부영피아노학원
서일&강승어학원
순천바둑더쎈스터디학원
한국딜레마
하늘빛피아노학원
민 선생
우리당구장
표정남바이올린교습소
한우리독서논술학원
장암한문서예학원
jns영어
ABC태권스쿨
진인지
캘리포니아휘트니스센터
에이스핏(ACE FIT)
에이스핏(ACEFIT)
로자나(LOZANA)
로자나기구필라테스
드림디포.모던문구
백학두번째독서실
캘리포니아 휘트니스센터
PC크루(연향점)
PC크루(연향점)
PC크루(연향점)
문 휘트니스
김광훈 색소폰 스튜다오
황경하한국무용학원
예찬드럼(음악)교습소
스타덤PC순천본점
라인플라잉요가
에듀스카이독서실
에듀스카이독서실
인중무태극권
비더베스트학원
동방문화사
말과글의집웅변학원
(주)순천프뢰벨
타워모텔
비손미디어순천지사
한국유아교육정보
클레오모텔
엑센스
한국사회체육진흥회순천연수원
뉴욕영어학원
카이저모텔
아이젠모텔
원더랜드순천어학원
윤선생영어교실
김아트공방
순천학습능력개발원
신도시컴퓨터학원
새으뜸미술학원
연향웅변학원
디딤돌보습학원
지운학원
동양난농원
화이트모텔
한국영재교육학원
진성교역
카피랜드
테라칸
한샘독서논술학원
가우스아카데미
메니아매카클럽
람세스
정통합기도 순천도장
연향정철외국어학원
참조은간호학원
포도나무입시학원
베베궁
프라임모텔
이나연아카데미입시학원
CF모텔
금당골프클럽
신라모텔
책사랑아이사랑
김현어학원
피플에어로빅
금탑수학교습소
풍란꽃농원
크리스탈모텔
페르마학원
김프로골프
조대체육관
일류입시학원
푸른영어순천지사
UP학습코칭
재즈아카데미
동성이화피아노학원
M.B.M(엠비엠)
순천중장비운전학원
화랑체육관
김원옥어학원
피아노학원
노벨문구완구
스터디빌독서실
해피한유러닝순천지국
윤선생영어교실
아이젠모텔
엘리트영재
순천사이언피아학원
윌리캠퍼스어학원
NYE킨더학원
뉴욕영어학원
호반스크린골프장
에듀프라임(어드밴처피아노)순천광양지사
분석수학학원
생각하는수학교습소
멀티플러스
엠카이스트학원
예일독서실
윤정화피아노학원
플러스원더랜드어학원
한국종이접기협회순천연향지회
최혁남수학교습소
베레타사격연습장
연세화상영어
아름다운소잉 순천점
비전클럽
골드광고
인쇄백화점
호남애드컴.순천신문유통
신문종합지국
전문화랑 표구액자 복원전문점
아름다운요가
정광실업
로뎀나무
정원드론교육원
피그마리온교육
주식회사 미라클뮤지엄
브라운학원
스카이교육
애이미외국어교육학원
김현미피아노학원
동아수학원
골든벨독서실
골든벨독서실
꿈꾸는 아이/주식회사 미래융합교육원
패밀리수학교습소
패밀리요가원
Win Top독서실
지역공동체활성화센터남도를이야기하는사람
이화스터디독서실
홍익미술학원
김수학크리닉
다른학원
엔젤악기사
유담아뜰리에
순천유도관
INC통합영어교육
인성사
구름공방
연향탁구장
동성당구장
동성당구클럽(2층)
월드모텔
김원옥어학원
김원옥 어학원
비플로라
비플로라
로얄댄스스포츠
블록피아
그린피아게임센타
The댄스
순천 블랙 맘바(BLACK MAMBA)주짓수,킥복싱
황포당구장
아이존팝
다경당
MVP당구클럽
준헬스클럽에어로빅
맨투맨
순천복싱클럽
순천복싱클럽
위드피아레트
해룡복싱짐
강승학원
해룡복싱체육관
베토벤피아노
징인영색소폰Ent.
굿모닝플라워
굿모닝플라워
손미경플라워
임근국어교습소
벨로드
세종피아노교습소
W폴댄스 스튜디오
에스라인댄스
한GLO순천1지사(참사랑본부)
에스(s)점핑클럽
순천만 다육
가나컴퓨터학원
연향체육관
맥수학교습소
카이로스수학학원
NEW-클래스
순천클럽볼링장
바바 플라워
라포렛
롤러팝
유에프오 볼링센타
도예향기
오직하나
스타당구클럽
스타당구장
레전드스크린야구존 연향점
아이리스(IRIS)PC POP연향점
IRIS(아이리스)PC POP순천연향점
휴타이아로마
e모텔
이모텔
e모텔
화이트모텔
화이트모텔
화이트모텔
화이트모텔
화이트모텔
푸른길독서실
금강산모텔
앙띠브모텔
푸른길독서실
모닝글로리연향점
유주나무
아이젠모텔
호텔 여기어때/(주)아이덱스 순천지점
호텔얌 순천연향점
호텔얌 순천연향점
람세스모텔
람세스모텔
나무늘보 순천점
나무늘보 순천점
CF모텔
호텔TT
호텔TT
호텔TT
유한회사 백운산
카이져
놀숲순천연향점
비트컴퓨터학원
인트로만화미술학원
69모텔
6.9모텔
중앙서림
세븐당구장
세븐
밀당당구장
짝 무인텔
짝모텔
짝모텔
짝모텔
당구장
젠모텔
리츠모텔
리츠모텔
리츠모텔
리츠모텔
타워모텔
신라모텔
프라자모텔
프라자모텔
스미스 당구클럽
알프스모텔
블루탑볼링장
코리아복싱헬스휘트니스
사파이어모텔
사파이어
테라칸
테라칸모텔
코리아복싱휘트니스
인형나라공예방
리스쿨
에벤에셀
트립스 보드카페
드라이빙존 운전면허 순천연향점
강남컴퓨터그래픽학원
백학독서실
MBC아카데미뷰티미용학원
실내양궁장 블랙샷
쓰리팝 피씨 카페 (3pop pc cafe) 순천연향
쓰리팝 피씨카페
다저스모텔
호박PC방
다저스모텔
플레이방
티디(TD)댄스학원
케이스타 피씨 순천연향점
아뜰리에뷰티미용학원
오페라당구장
쿤당구클럽
제니스PC방
제니스PC방
더오름 (THE ORUM)
지엔비영어한빛학원
Q당구클럽
지앤비영어한빛학원
갤러리pc연향점
빈 피아노 아카데미 교습소
김율아과외
욜로PC방순천연향점
빈피아노아카데미교습소
생각나무
이앤솝
연향문구
색연필
수향캘리
JAM JAM 이벤트
개인과외교습
현대문구사
삼육외국어학원순천지점
취산화랑
Season (시즌)
갤러리 하얀
다다(DaDa)갤러리
하유글씨 문화연구실
리홍 갤러리
주식회사 순천독립신문
따숨 스테인드글라스
카메라타
자뎅드메르시(JARDIN DE MERCl)
영어공간영어교습소
최민희요가
순천화원
순천청수호스텔
아비앙또 플라워스튜디오
릴리프 플라워샵(relief flower shop)
래프
푸르넷신경수영어교실
해동검도제일도장
한결음악학원
라이또 피씨(PC) 순천본점
헐PC방
하은 필라테스
도도음악학원
오천보스톤음악학원
삼미술학원
이아이이오천어학원
오팟 순천오천점
탑 태권도(403호)
튼튼영어 마스터클럽 오천점
튼튼영어마스터클럽오천어학원
탑태권도장 (403호)
용인대석사아이사랑태권도장
바른운동
책방사진관
엠티에이 태권도장
굿플레이스오천독서실
책방사진관
다온 필라테스
나우필라테스
빌리아드클럽당구마당
스마일줄넘기
굿플레이스오천독서실
인싸포토 오천점
임여진
요가하는집
경희대우리들의태권도
까사플로라
까사 플로라(CASA FLORA)
오천경희대인성태권도(2층)
블록피아 트리즈센터 오천학원
미스터Q당구클럽
PC토랑순천오천점
미스터Q당구클럽
기적클래쓰
새김나무
이룸창의융합교육
이룸창의융합교육
도손도손
4(사)차원균형다이어트요가
4차원균형다이어트요가원
순천오천센터바짝독서실
순천 아이퍼니아트
영재교육
월드플라워
지니영어교습소
민화의정원
프리존PC방
갤러리 소극장 상화지연
연경책방
청년會館
소꿉놀이
일상모과
취미는 독서
몽실공방
에벤에셀어학원
순천 오션 주짓수&복싱
지비케이순천주짓수킥복싱(왕지)
플라워스튜디오 그루
에스-빌리어드(S-BILLIARDS)
에스빌리아드(S-Billiards)
에스빌리어드(S-BILLIADS)
링구아어학원
제이드스터디학원
보이는영어학원
리틀팍스어학원
정상학원
차일드유어학원
확인영어영어치료
탑독서실
e독서실
작은그림미술학원
하나용인대태권스쿨
색연필 왕지점
참사랑태권도
유심천건강랜드
식물나라화원
한양라온 유도관
태양무용학원
윤선생 영어교실
윤선생영어숲조례동학원
광전 엠트레이닝 센터
아이피시(iPC)토랑
오투미래독서실
커브스왕조클럽
D.R.교육시스템
헤일리 영어학원
TOP슬링운동센터
비투영어학원
SKY스크린골프
Yefleur 예플레르
연수학원
왕지스크린골프연습장
왕지스크린골프연습장
타이틀다이어트복싱클럽
타이틀복싱클럽
타이틀복싱클럽
타이틀 복싱클럽
타이틀 복싱클럽
플레이팡팡
레삐아카데미학원
순천왕지점작심독서실
지앤비왕지학원
잉글리쉬무무왕지영어학원
동그라미서점
레인보우당구클럽
레인보우당구클럽
라이노짐
레인보우 당구클럽
엔젤PC방
SPATIUM(스파티움) yoga&pilates
더에이치바디 (THE H BODY)
힘수학순천학원
Park's 잉글리쉬
네스트영어
스카이탁구클럽
주연필라테스
주연플라잉
주연플라잉요가
도하캘리
곽쌤 수학
조이풀피아노
스포츠당구클럽 (2층)
스포츠당구클럽
이헌수학입시학원
김수운피아노학원
스마트하이영수학원
독일피아노학원
꽃길플라워&가든
최강학원
윈썸유(WINSOME_U)
아이빛 태권도
홍문아카데미영어교습소
라라음악학원
초록꿈미술교습소
리틀누보미술교습소
해법수학왕지대점교습소
리틀누보미술교습소
스마트어학원
한빛태권도장
클아이미래교육
아르센트 (ArSCENT)
스터디앤카페독서실
순천클라이밍
유캔학원
순천클라이밍
에스라인점핑다이어트
24팻앤뉴트리션
광양만권인재개발원
파란
엘스파치오미술교습소
아임릴리공방
김완우어학원
아이엠해법영어학원
몬쁘띠자뎅 (베스트인테리어 필름)
김경수수학.박선영영어전문학원
써클30
리딩타운어학원순천캠퍼스학원
리딩타운어학원순천캠퍼스
리딩타운어학원순천캠퍼스학원
닷컴컴퓨터학원
후-음 힐링 스튜디오
유창혁바둑학원
열린교육
에듀파크
꿈꾸는음악교습소
한맥학원
돌탱이PC방
시엘피아노
SNS스피치교습소
밤벨뮤직 MD뮤직스타디움
비틀즈실용음악아카데미
전진특공무술
왕지서점문구
반석입시학원
특공무술전진체육관
왕지서점
왕지서점문구
순천미래평생교육원
루씨다영어도서관어학원
B.M미용직업전문학교
모짜르트 악기
B.M 미용직업전문학교
토피아어학원
탑홀스
유일음악학원
위너컴퓨터학원
오유주심리상담센터
쌤즈잉글리시영어교습소
까치스크린
순천법원센터바짝독서실
터틀샘영어교습소
베테랑미술학원
Onlyf
캘리포니아 GX
김선생기구필라테스
파크짐
JY파크집
캘리포니아GX센터
이에스엘(ESL)영어전문학원
소크라테스에게말걸기학원
순천당구클럽.대호빌딩
순천당구클럽
순천당구클럽
바디플라잉
더꿈독서실(the 꿈독서실)
놀숲 순천호수공원점
블럭팡팡 순천 호수공원점
대한미용산업협동조합
이지원 필라테스
시현 필라테스
아비야사 Abhyasa
라인필라테스(Line Pilates)
릴라 요가 & 필라테스 아카데미
꿈독서실
이화음악교습소
꿈독서실
꿈독서실
라온스터디카페 순천호수공원점
요가포레스트(YOGA FORREST)
포토이즘박스 순천호수공원점
어센트 클라이밍
호수공원점 라온댄스학원
마법의성 당구장
마법의 성 당구장
인아우어(inour flower & plant)
배대원수학학원
에이원영어학원
유한회사 인스파이어영어(INSPIRE ENGLISH LTD)
KTI태권도순천열정관
프레(Pre)
발코니 가드닝 스튜디오
아난다요가
그린오피스순천점
그림아트스튜디오미술학원
wow코딩교육학원
루체음악교습소
이룸독서실
주식회사 청윤
이지희 수학
꿈샘공부방
모리(Mori)
라젬플라워 (RAZEM FLOWER)
라젬 플라워
코딩앤플레이
코딩앤플레이(순천조례왕지센터)
디자인나무 주식회사
오늘너핏
참교육
안나플라워
프라우드영어교습소
아이크미 순천왕지교육원
블라썸컴퍼니
손영신미술교습소
프라하음악학원
이효진 골프연습장
김지유골프연습장
플로인(FLO.IN)
이지희수학
캐슬아카데미태권도장
뫼비우스왕운학원
몬테소리
아이마주미술학원
현인교육
The Maze VR (더 메이즈 브이알)
꽃기운(KKOT_GIWOON)
1000데이즈(1000days)
조물조물
팔마바리스타학원
임뷰티토탈뷰티학원
케이&엠(K&M)영어음악학원
요가하다
시크릿바디
헬로바디핏(HELLO BODY FIT)
시크릿바디
헤이, 로지
세계음료와인칵테일커피학원
염렘브란트순천왕지센타학원
에이피(AP)수학전문
코리아퀼트스쿨순천지점
오르세미술학원
순천왕운서점
블럭캐슬
블럭캐슬
플라톤학원
이민호어학원
CAREGYM케어짐
예일음악학원
블럭캐슬
S.K.Y 영어학원
김경주에듀국어독토논학원
인토순천독서실
인토순천독서실
한국사회교육원 순천왕지한GLO제1교육실지
달
튼튼영어마스터클럽영어교습소
홍선생미술 순천지사
홍선생미술 순천지사
아랑음악학원
호수요가
씨엠에스스피치학원(C.M.S스피치학원)
공부고수메타포스어학원
그린플라워
윤선생아카데미왕운학원
왕운 스마트해법영어학원
삼성영어학원
상위5%그룹전문 길미어학원
튼튼영어 마스터클럽 순천법원점어학원
왕운태권도예절관
토브토리순천광양여수지사
소리샘음악학원
왕운태권도예절관
에이미스토리텔링영어교습소
요미요미
YBM잉글루영어교습소
솔루션해법영어교습소
클로이영어교습소
플레이팩토
수뮤직음악교습소
이엠영어교습소
순천왕운서점
솔로몬영어학원
꾸러기나라(두산위브점)
Carrie J 어학원
색연필(왕운사랑점)
순천국제바리스타학원
성음사
THE FIT (더핏)
더핏 (THE FIT)
순천꽃집 엘리플라워
몸이야 필라테스
몸이야필라테스왕지점평생교육원
THE FIT
라젬플라워
폴댄스코리아.ems스튜디오
파라다이스골프클럽
주식회사 힐링필라테스
힐링짐
모던필라테스 순천점
청암경매공매학원
함께하는 점핑법원점
함께하는점핑클럽 법원점
순천심리상담코칭센터
나무향 꽃내음
농업회사법인 주식회사 선경열 농부이야기
월암마실
봄날다육이농원
옥스퍼드영어학원
아이비리그영어회화학원
레벨업입시학원
대한부동산경매학원
봉화꽃집
멘토스어학원
나무사랑
피아노치는아이들
주영갤러리
제이에이치(JH)공터영어전문학원
김수진
봄날 다육이 농원
시원영어학원
이클음악학원
향토아뜨리에
히엘음악학원
용당T1태권도장
크리아트창의미술교습소
더클래식필라테스
용당골프존
플라워 차한잔
신나게골프존
코리아골프연습장
김프로골프연습장
코리아골프연습장
영애플라워
순천만BM모텔
BMW모텔
풀벗
금화독서실
파크PC존
남산과학태권도장
LOL PC방
한묶음화원
지혜서림
낙원악기전자음향
은별피아노교습소
챔피온체육관
두산컴퓨터학원
금화독서실
월정화랑
한국안전예방서비스교육원
우주서점문구잡화
우주서점.문구
오누오피스
문예서점
일등서적
일등독서실
일취월장독서실
신보당구클럽
난여행
베스트 라띠에라
서정직업전문학교
짐스순천센터
꽃집하늘타리
벽산당구클럽
백산당구클럽
라이언스포츠
파인슐레어학원순천캠퍼스
마이요가
피어나라
내안에 공부방
순천코팅
평화인쇄출판공사
레더하우스
연향골프클럽
팔마전기학원
황금다육이와 선인장
황금다육이와선인장
J무인텔/주식회사 아이덱스
근목분재원
향토관광농원
순천향매실마을
큐 당구장
월등사계절썰매장
순천박문각행정고시학원
박문각서점
에바다독서실
디자인2710
한컴CQ교실순천광양지사
남양스크린골프존
남양스크린골프존
에스엠필라테스(SM Pilates)
이루자교육
흙과불(지리산이야기)
필라테소로(PILA TESORO)
제일액자
이십오도씨
가유
호산나악기사
김태옥스피치학원
순천실용음악학원
호반스크린골프
헤르테크
호반스크린
케이이엠 마스터즈단과학원
로즈멜리아플라워(Rosemelia Flower)
애플pc존
정상영어교습소
정상독서실.정상수학교습소
얼그레이
회전무술연수원
다정2호점
그린힐스스크린골프클럽
달인당구장
초이스당구장
초이스당구장
초이스당구클럽
초이스당구클럽
나비방
세븐에어로빅
세븐휘트니스클럽
아네스상점
에벤에셀꽃아카데미
테니스오픈
늘푸른피아노학원
메리요가
방과후강사
스트레칭운동센터
원리쏘오옥수학교습소
세라상사
순천시생태환경센터
현대종합피아노
박광미플라워
라인아트
글라썸
코리아태권도
이수피아노학원
한라태권도장
한라태권도체육관
생목당구클럽
생목화원
영플라워
호남꽃화원
스페이스 236
천연비누공방
호남꽃화원
고고점핑클럽(gogo)
포인트입시속셈학원
이수중고피아노사
영동스크린골프
오즈키즈카페
가야선상스크린승마
가야선상스크린승마
런PC방
월드
순천중앙간호학원
순천중앙 요양보호사교육원
훼미리유통.연향실용음악학원
오진용색소폰강습스튜디오
순천단무도
붕붕화원
주식회사붕붕플라워
중앙악기사
참조은간호학원
참조은간호학원
다짐 피티(THE GYM P.T) 스피닝(6층)
다짐휘트니스(요가)
다짐휘트니스(요가)
THE GYM P.T스피닝
다짐휘트니스(요가)
CROWD PC
뉴바른손문구
키네필라테스
목화
전남간호학원
책방가을
해동서적
영교
글셈웅변학원
금도운컴퓨터전산회계학원
일등수학
게스트하우스기적소리
엠무인호텔
주식회사엠투프로퍼티순천지점
순천시청(순천만에코촌유스호스텔)
순천시청
태양화원
(주)남호호텔
(주)프리머스시네마순천지점
CGV순천
업템포댄스스튜디오
가우 정인
기독교역사박물관/순천시청
순천시청/뿌리깊은나무박물관 매표
순천시청
순천만자연생태위원회
세광복사
강남당
카드피아인쇄
정문사
태종각
신문유통업 남순천센터
머문스튜디오
순천간호학원
순천정철외국어학원
블레싱 자기경영 연구소
하브루타 작은도서관
새움화방
칸모텔
칸모텔
모텔칸
투앤포모텔
투앤포모텔
투앤포모텔
쿤 (koon)아로마
(주)워터피아관리단
(주)대웅/워터피아휘트니스헬스크럽
워터피아스크린골프장
파스텔
파스텔
필모텔
필모텔
카프리모텔
까르페
까르페호텔
써드호텔.미술관room
머스탱 주짓수
리멤버
리멤버모텔
리멤버
올레당구장
올레당구장
올레당구장
올레당구장
새한전기토목학원
올레당구장(2층)
꽃요일
순천기독교백화점
노블레스호텔
크로스핏노빠꾸 (NOBBAGGU)
금당비전골프존
금당비전골프존
민(MIN)당구클럽
MIN당구클럽
칼튼모텔
칼튼모텔
칼튼모텔
이젠호텔
이젠
lol pc방
블랙째즈댄스
밀라노모텔
밀라노모텔
프리짐(Free GYM)
키다리어학원
송호일본어전문학원
어게인모텔
어게인모텔
딩동댕피아노학원
아트당구클럽
아이조은음악학원
둘리문구
창호당구클럽
호산나기독교백화점
샤론화원
프라임독서실
교연e스카이
순천전산회계학원
사단법인 대한산업안전협회 전남지회
한국산업인력공단전남지사/필기,실기검정
한국산업인력공단전남지사/자격증교부
대한체육관
소리사랑피아노교습소
동신문구
미림조경
경희대태권도
미켈란젤로미술교습소
금당문구
윤선생 우리집앞 영어교실 금당신흥
금당신흥우리집앞영어교실
금당태권도
문방사우금당점
신나는아이들웅변학원
튼튼영어 마스터클럽 금당
머스트국영수학원
문예원웅변학원
금당챔피온태권스쿨
나는 몸짱이다
나는몸짱이다
나는 몸짱이다
토탈공예사랑
SIM비행기 로봇 3D프린터 교육센터
개인과외교습소
김민경 벨리댄스
영창피아노
더바른교정운동센터
너의화실
조례피아노학원
박병훈우리태권도
스터디엔카페순천강남센터독서실
스터디엔카페순천강남센터독서실
오늘하루쉼표
피케이(PK)휘트니스
에이치짐
알리골프연습장
김지현실내골프연습장
임선생수학교습소
아이들의모임
서울당구장
수_수 보자기
체인지점핑센터
꽃그림 천아트
국선도순천연향지원
늘편안체형
(주)순천시민의 신문
행복한 평생교육원
효자요양보호사교육원
책울타리
연향기타교습소
으뜸인쇄기획
파워핏&점핑다이어트
남도민요판소리연구소
마스터브레인순천평생교육원(주)
길스테이
예스모텔
예스모텔
썬모텔
썬모텔
가든각여관
럭키장여관
호텔 어나더 홈(Hotel another home)
한우광고인쇄
사모아모텔
주식회사 순천레저
제일디자인
STORY휴
PC NEO 터미널점
잡지
(주)제석관광
한국간호학원, 대한요양보호사교육원
한국간호학원, 대한요양보호사교육원
도움투자전문(주)순천중앙지점
조선각여관
(주)동방
순천관광호텔
순천로얄관광호텔
모텔르네상스
로마공방
프린스장여관
아비숑모텔
정성산업개발 주식회사
아비숑모텔
아비숑모텔
제이에이(JA)무인텔
자(JA)무인텔
자((JA)무인텔
하토르모텔
JA무인텔
드림 브루잉
용궁모텔
대영각여관
휴모텔
휴모텔
옥담우
원마트
에메랄드모텔
중앙정보통신
종합상사
크라운모텔
명문서점
순천취업정보은행
앙겔로스간호학원
바른손문구
국제장여관
대천각여관
금마화랑
영화장여관
순천정철어학원
상승입시학원
아비숑
크라운모텔
로얄스포렉스
신바른손문구사
시네마극장1,2,3관
남도검정고시학원
행운장
예스모텔
환희당구장
정겨운꽃집
모드실용음악학원
국제스티카인쇄
디자인길
환희당구장
순천패션디자인학원
아름다운쌀화환순천지사
봉춘여관
교육문화사
나무게스트하우스
순천대성학원
씽커토이
I-ZONE
레인보우 엔터테인먼트
나르샤 엔터테인먼트
사단법인한국운동건강협회순천지부
I-ZONE
OK플라워
글로리모텔
뷰티풀러브순천
뷰티풀 러브
호텔 The B
호텔더비
퍼팩트볼링장
코코모텔
벤츠모텔
동천여관
정원무인텔
주식회사 거란
캘리포니아모텔
세종교육학원
꼬마마녀
온어데이(on a day)
바디바디여성헬스
순천SOS아동복지센터
밤비니 몬테소리
주식회사 밤비니몬테소리
초원미디어
따르릉당구장
따르릉 당구장
나이스당구장
나이스당구장
드림인쇄&하이원전남동부지사
성진척추건강
남원칠기
서울모텔
브리앙뜨
화사하다
몬스터실용음악학원
순천 에이스미술학원
꽃, 피어나
해바라기화원
정원스즈끼음악학원
소리샘피아노학원
투아앤무아
지앤지기획
열린서적
한샘에듀비젼
삼익악기순천특약점
그린화방
사계레코드
종합입시학원
고려입시,속셈학원
호남교재문구
해피에듀스카이학원
순천YWCA여성인력개발센터
베스트학원
성화사
문덕기탁구클럽
최연숙탁구클럽
순천드론교육원
늘보기획
노벨서적
팔마정
쉐라톤모텔
포스컴
우성장여관
은성입시학원
에이스모텔
순천골프연습장
궁전장여관
바구니 호스텔
조례태권도도장
선문대양호찬태권박사
특강수학
송화당구클럽
에꼴미술학원
시카고잉글리쉬학원
피아노이야기 음악학원
오페라하우스
김현주음악학원
순천 서면 풋살장
양지서점
아이코치교실
퍼스트클래스
개인과외
알로카시아
오!빵순이
이즈(IZ)악기
리더스교육
리더스교육
조은농장
황금화원
글로벌크리어
한국정원식물관리협동조합
실록원
왕지당구장
(주)천우
온누리화원
소망식물원
민플라워숍
다솜난농원
성진화원
진플라워
플라데코
순천외국어학원
하나기획
하트덩쿨
경희대체육관
뉴에이스모텔
반석입시외국어속셈학원
태양입시외국어학원
그랜드화원
모텔투앤포
팔마스쿼시
송이플라워
딩동댕피아노학원
장성란피아노
행운화원
동부꽃식물원
튼튼영어
유정학원
미술로생각하기
노블레스호텔
은성입시학원
제자사랑보습학원
두산동아ECN넷스쿨
순천잔디
동그라미종합서적
새한전기학원
모텔칸
한뜻입시학원
아이아이지학원
광주일등학원
버킹검모텔
해피한연수학원
통문장영어교습소
올림수학보습학원
야생초난농원
버킹검모텔
지구촌난원
린지플라워
제우스
토스잉글리시어학원
미래학원
동서휘트니스
인제학원
대주한문학원
순천교재센타
삼성당출판사
아트플라워
왕지한문학원
이(e)독서실
교수학원
에듀클래스수학교습소
종로엠스쿨조례학원
하이탑학원
팔마스쿼시클럽
왕자와공주어린이집
중흥미술학원
뮤즈피아노학원
주식회사보보스
파스텔
오피스웨이순천점
순천직업훈련원
클래식피아노음악학원
GNB이수학원
금당제일어린이집
대덕영재교육학원
왕지음악학원
동서휘트니스
미지교육
에바다화원
피터팬,탄탄스토리
동서스크린골프장
해동검도 조례도장
지명음악학원
명성헬스클럽
동서휘트니스클럽
쏘핫요가
특강수학
와이즈리더 영어독서전문학원
엔젤화원
둘리문구
파워수학교습소
유아나라
대주문구
알찬학원
해법영어학원
해신음악학원
전인입시학원
통큰딱따구리문구
신한교육
메가교육
순천한국유도관특수체육
유아나라교재사
예스교육
수정
매쓰 파인더
수학의길
경희골프연습장
킹타이거 무에타이
청록독서실
PCK멀티짐
요가&힐링헬퍼스
경희골프연습장
돌체피아노학원
경희골프연습장
풀잎화원
엘이화입시학원
김지나음악학원
4차원균형다이어트요가원
4차원균형다이어트요가
4차원균형다이어트요가원
4차원균형다이어트요가원
으뜸독서실
희망문화연합회
요한드럼스튜디오
쟁이드럼studio
리더파이터(킥복싱,이종격투기)
성음교육
아시오 요가
유아나라교육사
유아나라
예림한자교습소
밸런스바디
바른체형만들기
밸런스바디필라테스
알파문구금당점
순천알파문구금당점
꽃방플라원
경희대석사태권도
로그인PC방
순천엘리트복싱
대국합기도
대국체육관
쿠스타 필라테스
도애화
라떼블라썸(LatteBlossom)
아트-i미술공작소
해.봄 요가
청호태권도대주도장
청호태권도장
윤디자인
다움
머물 인 어우림
향림골프연습장
향림목공방
이십사시
무인텔 캐슬
용오름전통테마마을
주암발전추진위원회
베누스모텔
베누스 당구장
베누스 당구장
나무사랑원예농원
농업회사법인 서당골주식회사
무인텔캐슬
주식회사 파인힐스
용오름전통테마마을
순천용오름마을 영농조합법인
물통정미소민박
현당구장
주식회사 골프존카운티 순천
주식회사레이크힐스순천
순천민속원
애플기획
이사벨모텔
아세아기획
순천스티카
자무코리아
공간건설기능사양성전문학원
와우쥬
카드랜드
유한회사 중앙기획
하나당구장
사단법인 사회안전 국민행복진흥원전남연합
순천일보
인터넷뉴스순천신문
천하빌리아드
주식회사 드론체험마을
웰빙스포렉스
예림디자인학원
순천언론협동조합
태광미디어
한국유통
한국유통
한국유통
동백장여관
순천치매예방센타
푸른 디자인
푸른인쇄마을
소뇨
(주)아트박스 순천점
한마음
셜록홈즈 순천점
폭스타운 당구장 II
폭스타운당구장1
FOX PC방 동전노래연습장 I
팔마모텔
둘리존게임랜드
남성사
남성사
현대미용상사
MBC아카데미뷰티
종합문구사
팔마모텔
순천정철외국어학원
고진당화방
도도아카데미미용학원
국제인쇄소
배움마루학원
학이재(순천대구내서점)
꽃시절
비프로젝트영어학원
아로마 플라워마켓
(주)에이트에이엠순천지점
순천중앙애견미용학원
퍼니주
탑액터스연기학원
카톨릭서원
종합악기사
팔마문구쎈타
고진당화방
대성수족관,조류원(새)
순천추천게스트하우스
알파
현대인쇄소
TM학원
다솜요양보호사교육원
디자인애니위너 미술학원
농업회사법인 주식회사 더힐링
노벨어학연구사
기독교전남방송
순천종합피아노사
디자인24
새롬인쇄기획
동성컴퓨터학원
플러스디자인
시리홈
시리홈
플로르봄
제일공인중개사학원
불일서점
캠프앤잉글리쉬
21세기음악사
토탈공예 노리아트
향림꽃화원
모범문구
아이캔독서실
아이캔독서실
넥스트
4층당구장
워스드PC
더블유피시(W PC)
순천대학교
순천대학생백화점
레이어
순천대 BTL생활관
순천대학교
마초토익어학원
마초토익어학원
마초토익어학원
PC크루
대학가당구장
피씨크루
피씨(PC)크루
라온스터디카페 순천대점
청춘문화쌀롱
메카피시방
메카피시방
PC메카스테이션
랜드스케이프스튜디오학원
아뜰리에 레지던스 하우스
이뜰리에/주식회사 한국리얼
아뜰리에
유심천스포츠관광호텔
유심천
유심천스포츠관광호텔
대호수족관
피크바이짐 순천가곡점
마스터짐(MASTER GYM)
피크바이짐 순천가곡점
마스터 짐 (MASTER GYM)
애플볼링센타
MASTER GYM
누리기획
나라플라워
꽃나드리
서광화분
순천화훼직매장
명동화원
샬롬꽃식물원
더코이비단잉어
산호식물원
가곡화원
순천그린섬미술학원
순천그린섬미술학원
엘림꽃마을
플라워뱅크
삼성식물원
플라워시티
엘림꽃마을
제일식물원
순천화원
심여옥공예방
소나무미술학원
마스터플랜입시학원
디투스카이독서실
디투디자인미술학원
디투스카이독서실
순천그린섬미술학원
아기자기
용인대명문태권도스쿨
애피스토리
디자인쏘울미술학원
청해화원
소꿉(soggup)
라인아트그래픽디자인학원
에스엠에이 (SMA)연기학원
에스엠에이(SMA) 연기학원
에스엠에이(SMA)연기학원
고실용예술아카데미순천학원
하늘창독서실
하늘창독서실
한국비디오교육원순천
전설의 연기학원
디자인 숲 미술학원
미소플라워
갤러리오
플라워 데일리(flower daily)
풀잎문화연합회
바른체형 슬림센터
SBS방송아카데미미용학원
순천아트
자연모아솔이네다육
규츠
굿즈패밀리
사단법인자연환경해설가협회
중앙당구클럽
중앙당구클럽(2층)
중앙당구클럽
보인화원
터틀장
일등학원
음악교육
장군문구
프리저브드 플라워 ""봄""
한울정보통신
순호공방
고전피아노음악교습소
고전피아노교습소
브레인아트 순천지사
이수장
이수장
이수장
대화장여관
대화모텔
대화장여관
한국창작종이 문화원
해피데이 순천1호점
해피데이 순천1호점
수힐링아로마교육센터
김효진과외
전남도민일보
대주해법수학교습소
사랑이가득한피아노교습소
바네사요가&필라테스
왕운스크린골프
바디스미스(Body's Smith)
순천다육아트
주식회사 모터스포터즈
황금당구장
좋은친구들서점
월드서적
영창악기 전남동부
식음료아카데미로스뱅학원
오밀조밀공방
크로스핏 야인 조아짐
순천 아이유케어
금양종합개발(주)
올패스 관리형 독서실
전남요리제빵학원
크로스핏야인조아짐
전남요리제빵직업전문학교
미플뢰르(Mee Fleur)
연향골프연습장
순천요리학원
사(4)차원균형다이어트요가원
미르클라이밍
순천팔마장애인평생교육원
프렌즈스크린 연향점
글로벌컴퓨터학원
승주골프연습장
골프존파크 연향 이글스크린골프장
이글스크린
이글스크린골프장
파란직업전문학교
한국체대골프아카데미
신순임꽃꽂이화훼장식학원
굿샷스크린 (3층)
굿샷실내골프.스크린
탑
헤리티지골프클럽
글로벌ICT직업전문학교
꽃통
JC골프아카데미
스타볼링장
메가박스중앙(주)순천지점
유한회사 더 마더힐
린취미샵
스타PC
유한회사 위너
소율의 캘리그라피
(유)씨네구백
메가박스씨너스순천점
메가박스타석스크린연습장
H2 모텔
H2 무인텔
에이치투(H2)무인텔
로즈모텔
수무인텔
수무인텔
상명
호텔 아리아
호텔 아리아
동원골프연습장
순천악기사새순천중고피아노
밀땅휘트니스
밀땅휘트니스
Y휘트니스GYM
글로링크미술학원
나우필라테스
코코래빗 순천조례점
엔이능률영어조례2영어교습소
시카고잉글리쉬학원
바른운동
강남스크린
다인금이플라워
리얼짐 (REAL GYM)
강남스크린
리얼짐(REAL)
오렌지팟(연향점)
WTA태권도장(2층)
클림트미술학원
클림트미술학원
성균관대지킴이태권도
애플스터디학원
거꾸로생각하는교육
클라라슈만음악학원
윤선생우리집앞영어교실연향3지구영어교습
태듀(Taedu)개인과외
(주)어드벤처
글로리독서실
문화놀이장 협동조합
레더 보
광성난화원
광성난화원
차와도자기요가원
금산리조트(주)순천지점
인덕검도관
필라테스 슬 PILATES SEUL
(주)베네치아관광호텔
캣츠모텔
Hotel 여기어때 순천점
아미고모텔
정수아요가
호텔리오
카라모텔
데일리무인호텔
데일리무인호텔
마스호텔
아우디모텔
힘피트니스
롯데골프
피시프레소 PC방
롯데골프연습장(2층)
애니호텔
순천만에스호텔/유한회사 에버그린
이바마모텔
풀잎사랑
호텔디에이치
나우스크린골프
디투쥬니어아트스쿨미술교습소
즐거운태권도장
준당구클럽
준당구클럽
물당구클럽
메이트학원
비바체음악학원
엘리꽃집
아이러브피아노학원
블루II당구클럽
민현주
순천연향세영기타교습소
잉글리쉬무무 풍덕학원
탱탱당구클럽
채 드로잉
천지한지공예방
즐거운골프아카데미
꽃동산화원
상록수화원
상록수화원
서울여관
현대장모텔
연봉당구크럽
등용문고시학원
순천농업협동조합
아트앤스테이
럭셔리더존PC방
강남여인숙
사이게스트하우스
종합선물코너
브라운도트호텔순천역점
가든베이호텔
에코그린플라워
엔타임 PC방
월드킹(순천점)
월드킹
월드킹순천점
주식회사순천건강랜드
베스트평생교육원
홈플러스테스코(주)순천풍덕점문화센터
허브모텔
허브모텔
루벤스무인모텔
루벤스무인모텔
루벤스무인모텔
주식회사다빈치호텔
사단법인 순천스포츠클럽
팔마골프연습장
체육시설관리소
순천시영상미디어센터
팔마골프연습장
밀라노패션디자인학원
탑
이천광고
전정화랑
신성사
유월
싱싱꽃집
고려원문화사업단연향점
쌀화환(사랑의나눔쌀)순천점
토탈화원
그레이스모텔
세일아트미술관
하랑 애드
T에듀케이션
미래교육
중앙로맨틱
백송당구클럽 (1층)
우리공예
대우디지탈순천점
클래식모텔
로미오모텔
미네르바모텔
(주)동경파크
대성N스카이학원
순천마포
굵은터치미술학원
참신학원
중앙농원
순천꽃백화점
탑클래스보습학원
중앙아카데미입시학원
모텔파사드
벤츠모텔
캘리포니아모텔
줄리엣
줄리엣
대성N스카이학원
캘리포니아모텔
조은교육사
모텔몬타나
매일경제역전지국 조선일보 중순천지국
김훈이용전문학원
색연필 오천점
박병현
바른운동
아뜰리에미술학원
박쌤수학
청명학습관
남산음악교습소
현주쌤 수학교실
소영쌤수학교실
아르케공부방
백송난원
동그라미아이교육
참신학원
대흥여인숙
땡큐당구클럽
땡큐당구클럽
현대태권도
순천투어게스트하우스
순천투어게스트하우스
모범 여인숙
늘푸른화원
늘푸른 라임
티에이케이(TAK) Stadium
순천팔마헬스클럽
순천게스트하우스 도란도란
근화농원
자기주도멘토학원
비채요가
최주현무용교습소
리트릿요가
금당PAMUS어학원
대한논리속독학원
금당PAMUS어학원
분석수학학원
프레스티지어학원
멘토음악학원
유노기타실용음악학원
최거룡색소폰교습소
유노기타뮤직스튜디오
세종무용학원
시즌아이PC방 연향동점
제이
주식회사도서출판유아원
아이센스리그PC순천연향점
스토리 PC ZONE
스토리PC
순천봉&죽도아카데미
풀당구장
풀당구장
아주특별한학원
빅박스 당구장
오아시스미용학원
장운교재사
웨이브
성남인쇄소
대명기획
지앤비영어전문성남학원
피아노리브레음악학원
유진피아노학원
순천국악기
누리아이
재능아이
꼼지락
하나로탁구장
줄리엣
줄리엣모텔
로미오모텔
나인투나인
나인투나인
나인투나인
호텔라움 주식회사
로미오모텔
한마음독서실
한마음수학교습소
한마음영어교습소
벨라지오모텔
벨라지오모텔
힐링다육
가나플라워
카라도스플라워
개똥이네 순천점
다정다육
현대자동차운전전문학원
산들바람 다육이마을
삼산조경임업
흰여울다육뜰
드림디포
현대골프레인지
신세계화훼유통
진명중장비학원
우리서점
세광레코드
부영화원
가람꽃농원
대한화훼상사
세광음악출판사
튼튼영어
포커스입시학원
교신입시학원
홍익미술학원
박선경피아노학원
무지개웅변학원
꿈의궁전
교학사영어전문학원
이레공예방
아카데미태권도
희망꽃나라
영아트전남대리점
모닝글로리
쇼팽피아노음악학원
사단법인책과도서관문화
순천아이스링크
영재바둑학원
하나둘셋어린이집
아림어린이집
(유)타임
SEVENSPORTTOWN
위드클레이
사과나무스쿨
흙담농원
세븐휘트니스클럽
세븐에어로빅
아이조은피아노학원
OA컴퓨터학원
다육식물
라이프태권스쿨
샤샤교육
지음서점
왕성태권도장
에이스영어수학학원
한국종이접기협회순천
웨이컵영어전문학원
꽃사시요꽃사
엄지교육
낙원화원
솔로몬독서실
아발론(AVALON English+)학원
예랑민박2호
용줄다리기 전통테마마을
순천풋살클럽
이아이이신대어학원
시들지않는생화&메세지플라워
We모텔
빈음악학원
G7무인텔
도도한다육
친구다육
롤리폴리순천신대지구점
멘토스학원
다육이마을
그림먹는사자미술학원
블럭하우스
다정다육식물(5호점)
선월풋살구장
나리네도서(지지북)
힘스어학원
모아모아문구사
뉴(Nex)스쿨
동명해법영어교습소
아이즐거운피아노교습소
나라문구
에이블독서실
지니공방
한그루교육
퀸즈로즈
튼튼영어
기적클래스
써머빌리지영어교습소
매직큐당구장
(주)매스티지
와이비엠어학원
블루당구장
에이피엠피시카페
김준입시학원
비욘드어학원동명캠퍼스학원
바른몸
수학전문홍선생수학원
아이지미술순천
원앙피아노학원
꿈꾸는피아노학원
아카데미태권도
비비디바비디부
금당우미셀파공부방
에덴미술교습소
홍연목공예학원
미엔느공예학원
놀자놀자 흙과놀자
워텍스클럽(WATEX CLUB)
워텍스스위밍&키즈
차일드짐유아체육
순천제일탁구장
다엘언어발달센터
루씨다영어
제일탁구장
누리교육
꽃잔디뜨락
화수분
뷔센브라인
꽃
이서진(꽃)플라워
젤로스 교육
다담교육 전남동부지사
나이스데이 요가
필라테스 벨
유니플라워 uniflower
크레센트
캘리디자인 붓꽃피우다
크레센트
뮤직스타음악학원
명품독서실
쿠킹 아카데미학원
로하(LOHA)
조선대힘찬태권도
뮤직스타음악학원
뮤직스타음악학원
뮤직스타음악학원
신대청호태권도
윤선생영어숲신대학원
윤선생영어교실 동순천교육본부
튼튼영어마스터클럽어학원
그레이스리피아노학원
튼튼영어마스터클럽어학원
아트앤하트학원
가베놀이터
라베일르
라 플레르(La fleur)
자뎅드보
쟈뎅드보카페
매안음악학원
블라썸
꽃모닝
위너비영어학원
신대레고
해법중국어매안캠퍼스
색연필
노래하는크레용 순천지사
노래하는크레용 순천지사
뜨는작업실
색연필
홍익미술학원
아이캔태권도장
신대 해동검도
행복한바둑학원
애니비트만화애니전문학원
이랩영어학원
이랩영어학원
이랩영어학원
튼튼영어 순천센터
바디스타
신대서점
키즈팡팡순천신대점
레전드야구존
올라영어학원
신대주짓수 킥복싱
아이엠미술학원
아쿠아차일드 순천점
아쿠아차일드 순천점
스트라이크존 순천신대구장
스트라이크존야구장
신대복싱
엠엔비(M&B)무용학원
더최강영어학원
그로잉 플라워
놀숲 순천신대점
뮤고박스 전남센터
차이나통중국어학원
백인백색프로젝트학원
최강영어
쟁이드럼학원
신대드림태권도장
리베피아노학원
영렘브란트미술학원
내일지식창고 주식회사
위플영어학원
비끄아트 미술학원
순천키즈에이원
우림유도관
윤우현 영어교습소
루바토음악학원
키다리서점
디알에듀시스템
장인영색소폰실용음악학원
순천체육관
도서총판책길
교원문화사
뮤엠영어팔마점 영어교습소
고래영어팔마지점영어교습소
배수정포크아트갤러리
팔마해법영어교습소
(JJ)점핑클럽
태양당구클럽
조아당구장
빛누리 교육
플라워 데이지(FLOWER DAISY)
주식회사 누미
드림오피스 순천점
골프파트너연습장
동부공인중개사.경매학원
골드골프존
(주)유유코리아 순천지점
순천만에코촌유스호스텔
한솔디자인
이천광고기획
펫 퀄(Pet Q.L.L)
신대음악학원
해룡골프연습장
골프존파크 해룡신대점
영미플라워
모두플라워
한국디지털교육진흥원
동심
즐거운 교육
알로카시아 (Alocacia flower cafe)
르네플레르
르네플레르
순천꽃백화점
페이퍼스토리
히트당구클럽
히트당구클럽
리엠피지오트레이닝센터
리엠피지오트레이닝센터
맥스피드PC신대점
신대당구클럽
빅스크린볼링 순천점
글로벌서적
샹떼PC
샹떼PC방 (신대점)
삼층피시방
리본바디케어
퍼스트PC카페
(주)로드데코 순천지점
바른 몸 스튜디오
링컨더글라스(Lincoln Douglas)어학원
해피로PC방(순천)
이앤에스 신대학원
에스디(SD)클래스학원
신명문고
신명 팬시(카카오)
서원문고
재즈아카데미실용음악학원
오하운폴댄스학원
에스제이 스포츠클럽
숨 필라테스
책먹는미술관 순천신대교육원 미술학원
에스제이음악학원
키즈다쿵
키즈다쿵
핏조아짐 신대
목원음악학원
153어학원
라이온pc
4차원 균형 다이어트 요가원
비에스(BS)실용음악학원
점프노리 신대점
마스터캘리포토그라피
더클래식필라테스순천센터
리틀바하피아노교습소
아이러브피아노학원
강동준
신대광고기획
니팅쭈루 (knitting JJ)
김정민
신대기획
(주)부영주택순천부영C.C
태양의바디스토리
순천검도관
대국 유.소년스포츠
대국유,소년스포츠
대국합기도
대국태권도
가든꽃도매시장
삼산조경
순천검도관
에덴요양보호사 교육원
골드당구클럽
신대영어전문학원
플라워마켓
좌야공부방
프라나 요가앤플라잉(Prana Yoganflying)
키즈니 미술 교습소
알로카시아
쇼팽음악학원
토니스음악교습소
비타민헬스
디데이 손발조형물
디데이
필아트 신대점
한국 라이스클레이협회 순천점
천정숙
셀파우등생교실 신대3차교실
더피아노음악교습소
으뜸 공부방(해법영어 신대3차)
푸르넷 린다 영어 공부방
파레트
경희대인성태권도
모티브피아노음악학원
영어공부방
한국라이스클레이협회순천교육원라이스토리
신대수학교실
전남유아교구총판
영어의꿈영어전문학원
피오나 해법영어
튼튼영어 마스터클럽 영어교습소
메종음악학원
키쌤영어
유니팝미술
염승엽
바디테크
용인대멋진태권도
필즈수학학원
띵킹박스학원
차쌤수학
하늘정원농원
목향뿌리공예
목향갤러리
소풍
연안주유주식회사
주식회사 순천만잡월드 순천지점
라엘음악학원
일몰이아름다운한옥
노을한옥
토황민박
놀펜션
순천만나폴리
주식회사 리조트라움
플레임민박
플레임펜션A
놀펜션
갈리아꽃자재
갈리아유통
동부화훼유통
프라임교육
제3교실금당우미수학교습소
신우독서실
힐링피아노음악학원
우리누리
개인과외
영문피아노
들국화도예공방
환이화원
금당합기도
금당 대한합기도 특공무술
신우독서실
우리셈수학교습소
박희선피아노학원
송지혜음악학원
아현 컴퓨터학원
e해법수학 순천광양여수지사
꽃마을화원
팔마외국어학원
바움어학원
팔마외국어학원
개인과외
하엘음악학원
빅뱅피시방
플레이방
금당연수입시학원
보림피아노학원
반석서점
색연필(금당점)
채니공예
솔찬태권도장
개인과외교습소
금당제일어학원
제니퍼니영어학원
창의숲공부방
초중등영어전문공부방
새세대입시학원
박영주피아노음악학원
브레이니영어학원
키즈키즈
리틀모짜르트음악학원
송촌문구
힘스어학원
(주)바른맘
이레공예방
등대요양보호사교육원
순천에덴요양보호사교육원
순천에덴 요양보호사 교육원
금당검도관
두드림학원
메이드제이(Made J)
무울드린
옐로우버드
Hi솔로몬어학원
아지트PC방
하람PC방
보헤미안
두드림학원
아쉬레플라워
꽃#그리다
엘리트입시학원
카틀레야(cattleya)
슈베르트음악학원
순천커피바리스타학원
매티스(Mathis)학원
세계무드라요가
재즈아카데미음악학원
(주)한국공학기술연구원
왕지종합피아노사
엣지점핑클럽
엣지점핑클럽
인쇄프라자
엘림피아노교습소
재즈아카데미음악학원
월드영어학원
나무향꽃내음
제일바리스타교육학원
한샘국어전문학원
원키영어학원
밸런스워킹PT 전남교육센터
순천커피바리스타학원
금당검도관
세광음악사
비움요가
계명대태권스쿨
해법수학
탑(TOP)수학
그미공방
소율의 캘리그라피
씽크톡창의한글순천지사
기탄사고력 신대중흥1차교실
원쌤영어교실
샵-class뮤직
키즈순천영업소
레고피아 창의교육
김경범골프아카데미
플로르달(Flor Dar)
씽씽큐뮤직 순천여수광양지사
연세수학
스튜어트
단정
필음악학원
원석수학
잉글리쉬튜터
김완우 영어학원
예스음악학원
예울음악학원
신대MTA태권도
미라클두드림영어전문학원
키튼태권도장
좋은문구 아이비스
김보형
이지혜음악학원
어린화가들신대지구원미술학원
신대캠퍼스 정철어학원
토브수학개인과외
튼튼영어마스터클럽학원한쌤수학과학학원
윤선생 우리집앞 영어교실 중흥7차
초이스영어한쌤수학과학학원
김선영매쓰클럽신대학원
위즈덤 HB English
정다이
윤선생우리집앞영어교실 중흥9차
최화영개인과외
클랑음악학원
뮤직아토개인교습
로고스영어
경희대 챔피온태권도
김윤정
베스트(Best)교습소
전동규바둑
퍼니판
더웨딩
디코럼영어교습소
아이엘음악학원
꿈그린미술교습소
STAY
둘리문구
흰여울다육뜰
신대풋살장
신대풋살장
아르시스피아노교습소
하나난직매장
여수.광양한국아인슈타인지사
브라보퍼블릭골프 순천해룡26
에이치짐
성균관독서실
세븐휘트니스
VR-X (브이알엑스) 월드순천신대메가박스점
CGV순천신대
(주)메가박스 순천신대점
벽조의호수
순천만예랑펜션
제이앤제이빌리지
디블랙아카데미순천점
캐롬당구
월드스크린골프
월드스크린골프(301호,302호)3층
신대 플라워
신대플라워
신대휘트니스
(주)씨에이치 사랑방
SM스포츠클럽
서원문고
짐212
케이앤에이치 중고등영어.공터영어
신대RCC학원
아트앤하트미술학원
리드앤톡 순천신대센터
최프로골프아카데미
소담꽃
원키영어학원
다온운동센터
조은 중장비운전학원
개똥이네 순천점
킹콩점프
신대롤러와
센트럴피트니스
신대 골프 아카데미
나우필라테스 신대점
플리에무용학원
에스이씨시(SECC) 영학원
글로벌어학원
신대해버중국어어학원
신대아이비독서실
the봄pilates
어썸팩토리 순천신대플레이스독서실
에스제이(sj)선무용학원
인토스터디카페신대점
인토신대독서실
라운드3
인토신대독서실
인토신대독서실
제이엠FC
꽃물드리
갤러리대나무
도담갤러리
공방와
바느질 공방 마루
짜투리공간
순천정원 주식회사
열매공방
순천판화화실 CUBE207
아름원색
아트샵수
삼익악기중앙특약점
물음표음악학원
물음표음악학원
제일화원
사단법인남호청소년회
순천화랑
순천화랑
순천화랑
유럽도자기박물관호스텔
생각구름
그냥과보통
옛스러운꽃
금풍공예
K-POP댄스아카데미
순천부읍성 서문안내소/도시여행 협동조합
성지서점
매산서점
카이로봇 코딩교습쇼
조길정English교습소
오색공방
수공예디자인연구소
옛살비
수공예디자인화원
지영공방
(유) 선비문화 예다회
찰리의 흙 공작소
푸른봄
세자매작업실
호바라기베이킹스튜디오
주식회사두레아트
애플PC
보니아틀리에
나라테크닉스
11월도예공방
소리엘음악교습소
순천만해룡성고택
해리공작소
운성화원
유성화원
칼라월드
여순광신문 주식회사
규방칠우
엘레강스모텔
엘레강스모텔
모텔리베라
리베라여관
아가화원
순천인쇄사
파란직업전문학교
우리당구장
포토시그니처
포레스트152
허니드림스
금강관광호텔
(주)금강관광
(주)아트박스순천점
중앙무용학원
메디요가
전규나의 메디요가
신성장온천여관
4차산업 체험학습센터
강변민박
신성장 온천여관
엔젤다육
전남 신안군
수도여인숙
금성장
금성장
신흥여인숙
창성장
보광민박
코리아모텔
코리아모텔
힘찬컴퓨터학원
삼양모텔
빨간집모텔&빨간집호프
비금하우스
비금하우스
명가한옥민박
천사의 사랑 펜션
꼭그집
엔젤민박
향나무 전통한옥 민박
가산펜션
우리민박
우리민박
희망민박
청도펜션민박
신의 스크린골프존
혜원민박
하영당구장
유성모텔
호남문구사
정원장,일반식당
낚시민박
낚시민박
천사당구장
너랑나랑민박
지원공방
안좌
하늘바다오토캠핑장
해피하우스민박
정이깃든민박
영농법인 캠핑나라 주식회사
뮤지엄샵
암태영어교실
꽃길민박
엉클북
남강당구클럽
남강하하
기동민박
새천년펜션
암태한옥민박
천사바다펜션
벧엘피아노학원
성민종합기획압해점
압해카트비치
도형화원
도형화원
한국치매예방협회
신안 금송재 한옥 호텔&찻집
압해관광농원민박
주식회사 부설나라항공드론교육원
다솜영농조합법인
아름다운펜션
다해펜션
사랑이 가득한 집
거시기민박
신안군산림조합(나무꽃직매장)
대호태권도체육관
압해도 용마을
압해도용마을
신안군청/인동초의집
세계화석광물박물관
1004 뮤지엄파크
퍼플교
새공예박물관
철새박물관
신안군청(슬로시티방문자센터)
에로스서각박물관/신안군청
소풍관광펜션
소풍 민박
학동펜션
풍차하우스
(주)비엠랜드개발 달비치모텔,식당
(주)비엠랜드개밸해비치모텔,해비치식당
임자해변승마장
대광골프클럽
보라민박
대광장
해송민박
신안튤립축제추진위원회
튤립
유랜드모텔
신안군청소년수련원/사단법인 한국청소년수
신안군청소년수련원
동백민박
임자펜션민박
단지 공방
대광장여관
임자만났네협동조합
임자해변승마공원
임자승마공원
대성모텔
황금장
(주)신안레저
섬사랑민박
청푸름교육농장나무늘보민박
청푸름농장나무늘보민박
자은민박
밀알촌
은실민박
힐링하우스
신안힐링민박
시골향기 민박
자은황토펜션
해변민박
자은사월포민박
자은도
라마다프라자호텔&씨원리조트 자은도
섬마을
케이에스씨수상레저
지니비치향민박
지니비치
농부이야기
자은해변승마장
신안자연휴양림관리사무소
신안자연휴양관
분계정숙민박
썬무인호텔
조아조아민박
쉼터당구장
자은의 언덕
천사섬캠핑&글램핑
신안여인숙
신안
백수장
증도카트체험장
사단법인 신안군관광협의회 중도병풍도지점
(주)한백리조트
증도태평소금전시장
꽃섬
엘파소
섬그린펜션
에버리스
북촌민박
대기정민박
노두길민박
한옥민박
1004민박
블루마레
썬코스트리조트
썬코스트리조트
썬코스트
에버리스민박
에버리스
유앤아이민박
갯풍펜션
희망펜션민박
기점소악도가고싶은섬협동조합
소악도민박
홀리데이펜션
예송한옥민박
(주)엘도라도리조트신안지점
채리티민박
사계절민박
영농조합법인 우전권역 설레미마을운영위원
우전권역영농조합법인
반올림민박
화도펜션
우성장
신안장
일심화원
용 스크린골프 연습장
청목당구장
강한태권도장
비타민
일번지모텔
지도학원
지도학원
김선생힐링센터
백조민박
거북민박
용스크린골프연습장
음마학원
천사다육
중앙민박
연꽃섬
바다향기모텔
율이네
하의 유스호스텔
금수장여관
보경영어조합법인
산호장여관
개천장
황금모텔
유성장
코리아모텔,식당
탑아일랜드
광성장
그린빌펜션2
대한장
그린빌펜션3
독실산 산장
동해민박
중앙민박
제일민박
영진수산 영진민박
희순
태양민박
가거도 태양
섬민박
엔젤민박
둥구민박
섬누리민박
영산도 명품마을 복합 영어조합법인
다모아 리조트
한양장
아시아장
영일민박
발리장
한양모텔
한양모텔
관광장모텔
오렌지모텔
큰손민박
큰손민박
여로모텔
명성민박
엄마가 좋아하는 바느질
홍도엘도라도
금성장
하나민박
광성장
승기민박
등대펜션민박
대한
1004好호모텔
흑산비치호텔/홍민개발 주식회사
주식회사 흑산문화관광호텔
큰바다 민박
전남 여수시
쥬니어케이씨씨농구교실여수점
여천고서점
우정각
이순신1인텔
한국몬테소리전남동부판매(주)
가든모텔
가든장
프라자모텔
은산 요양보호사교육원
여천요양보호사교육원
바로복사코팅
THE ONE GYM(더원짐)
J모텔
제이모텔
리츠모텔
모텔리베라
화신각
호텔 얌 여수학동점
호텔얌여수학동점
그랜드모텔
올림틱탁구장
거북여관
ING모텔
아이앤지 모텔(ING 모텔)
아이엔지(ING)모텔
JA(자)2
ZA(자)2호점
자(JA)2호점
자(ZA) 2호점
호텔TT
여수 경도 외동 해상유어장
외동어촌계
여수경도개발주식회사
동명
편지
여수스테이
거부장
믿음서점
인생네컷 여수벽화마을점
다육 STORY
운수창작소
아따올라ATTAOLA
인싸포토
하멜 호스텔
이엠에듀마스터
동양당표구사
에덴컴퓨터학원
탑학원
힘찬학원
패이스 잉글리쉬 영어교습소
낯가리는 책방
용인대 태극체육관
샹보르관광호텔
꿀잠호텔
백패커스인여수
백패커스인여수호스텔
다담
여수INN
이화각
나의사계
세종관광호텔
백운장
백운모텔
24게스트하우스
24게스트하우스 여수점
삼일문화사
조선,한경,매경
여수관광호텔
여수고서점
한승하숙
미니하우스
신진사
동서학원(종로엠스쿨)
화미화원
상록수
상아탑단과학원
열린하숙
현대컴퓨터학원
능률학원
여수고서점,문구
미리심포니음악학원
다와모텔
모텔리빙
팔도모텔
예림공예
스웨븐
여수게스트하우스플라잉피그B&B
하늘하우스
하늘하우스
달빛게스트하우스
여수게스트하우스벨루가A
궁실장
여수게스트하우스벨루가B
오길
여수여행
빅오쇼게스트하우스
여수로 게스트하우스
캡틴피싱
제21행운호
썬하우스
세종서점
뿌리서점
센스문구
골든플라워
반도장
(주)구풍산업
(주)구풍산업
여수파크관광호텔
화인각
장미의화원
공방심즈
현대체육서점,문구사
엑스포모텔
홍은장
화음비디오
잠자리 게스트하우스
황태자모텔
대한해기사학원
수지꽃인테리어
국민화원
제일학원
신광상집
베이징중국어학원
보금자리
국제상사
아모르
여행하기 좋은날
모텔스카이
모텔티
모텔 티
다이아모텔
해안통갤러리
종달새레코드사
여수낭만
바다야
조일화원
정도관
바하피아노학원
송서진과외교습소
엄지보습학원
예인미술학원
엘리트학원
제일학원
동천학원
키즈사이언스여수점
현대헬스클럽
국동꽃화원2호점
화정활기원
이강산 한증막
리더스수학교습소
와이엠(YM)수학학원
뉴피닉스호
엘리트탁구장
향기노리
성원화원
신명화원
예인 미술학원
무덕체육관
예스플라워
김명자 야생화겔러리
KIS 플라워
세자매꽃화원
주식회사 여수하이오션
썬마레 인 여수 마린시티(주)
유탑유블레스
(주)온다매니지먼트 쏘타컬렉션 여수지점
유한회사 여수경도레지던스
(주)썬샤인브릿지
(주)플레이타임그룹 LM여수점 상상블럭
(주)플레이타임그룹 LM여수점 챔피언
소호앤노호
유한회사 호텔더원
호텔더원
샤론하임
안도모텔민박
대부산민박
성장회민박
써니아일랜드
포시즌민박
바다정원
면수민박
금오도별밤지기펜션
금오도별밤지기
금오도스쿠바리조트
시공간
금오도바다펜션민박
제일민박
안도
황금모텔민박
남쪽바다
하랑채펜션
솔레이유
해녀민박
프린스호
금오아일랜드펜션
금오도 초원의 집
우실바다팬션민박
반석 민박
추억에바다민박
다도해힐링펜션
해수펜션
양지뜰 민박
어업회사법인주식회사마도로스여수
금파
김정수컴퓨터학원김정수회계교습소
헤밍웨이펜션
블랑호텔앤리조트/주식회사 원
여수경도펜션카라반
와이케이디벨롭먼트주식회사
여수경도골프&리조트(전남개발공사)
(주) 연합진흥 경도글램핑파크
경호동외동어촌계
서울장
대교꽃화원
포시즌호
나비잠모텔
무지개재활치료센터
주니어그린섬미술학원
그린오피스
즐겨찾기
대치공방
정영숙음악학원
바른학원
콤비당구장
힐링독서실
우봉서예학원
김선피아노학원
조이피아노음악교습소
김영덕최진음악학원
엔이(NE)능률영어교습소
천재바둑학원
청림학원
예담미술학원
꽃구경화원
플레이랜드
콤비당구장
댄스핏body&soul
팡팡키즈랜드
지와이엠(GYM)승
이룸학원
와글와글 문구&분식
용인대성산체육관
리리크닉
안단테피아노교습소
전남학생교육문화회관
아트플라워
여천직업전문학교
일출 난 농원
일출난농원
김철오어학원
젠아이수학과학학원
가스펠영어
복사쟁이
미평 중앙 영어 교습소
에듀마스터
희자플라워
박효순수학학원
여수미평영어숲학원
하나피아노
엔젤피아노교습소
PC홀릭
김희자피아노미술학원
선경컴퓨터학원
우리쌀로빚은놀이체험'쌀노리학교'
해태기아 플라워
전대생협 여수캠퍼스영업소
라이온태권도
행복초
이채주당구클럽
엑스포로 펜션
정경희밸리아카데미
한국요리학원
세진피아노교습소
이지숙논술교습소
한옥호텔 오동재(전남개발공사)
여수엔
재단법인2012여수세계박람회조직위원회
신식N교실
퍼니더함미술학원
킹콩짐
더본 필라테스
엑스포골프존
아담리즈놀이수학
박신충수학학원
드림음악학원
베이징어학원
국화향기
베이징중국어학원
죽림골프연습장
죽림스크린골프연습장
(주)여수신문
여천검도관
꽃집아저씨
김현정피아노학원
J&K공부방학원
익스트림복싱다이어트짐
제이스크린골프
GS골프
스터디엔카페독서실
오즈
앨리스플라워
센스영어학원
SM(에스엠)어학원
선진학원
SM어학원
리드앤톡영어학원
놀작 나의별 미술학원
창의다비수헤럴드어학원
도원GnB영어전문학원
파워헬스
IVY아카데미GnB어학원
정석수학교습소
정인태권도체육관
자스실용음악학원
테크닉수학,도원바둑학원
자스실용음악학원
한우리독서논술여수학원
옥스퍼드어학원
무림체육관
비앤비 스튜디오
ILS독서실
여수레고교육센터
반올림피아노학원
반올림피아노교습소
소리대장간
프레야의 말하는 영어학원
도원서점
잉글리쉬스칼러어학원
이화피아노학원
신흥당구장
이민주피아노학원
텝스영어이형국어학원
이형국어학원
김민정피아노학원
백쌤에어로빅점핑피트니스
로사퀼트
차움 필라테스
차핏 필라테스
메드델링여수
드로잉 데이
자연수학원
소소한하루공방
엘엔케이영어학원
도유공방
행복한요가
영소공시영어학원
삼일주산학원
이화영수학전문학원
심재민어학원
폴앤서킷트레이닝
김상현영어정운산수학학원
엘림악기이벤트
심종식영어교습소
레이디플라워
지혜의숲
디자인애니위너미술학원
새여수신문(주)
태양화원
씨티화원
큐브호스텔
라온펜션
라테라스빌라호스텔
시골아낙 덕이
라테라스 코브 스위트
여수월드서커스 아트홀
더블루망고 풀빌라앤리조트
루비모텔
동궁각
천마모텔
일출모텔
뿌리탓컴
양지꽃샘농장
히딩크모텔
우등생보습학원
동성장모텔
(사)여수종합문화예술원
다도해모텔
동산헬스클럽
(주)시드바이오테크
돌산관광해수타운
한울어린이학원
바다가있는풍경
오페라모텔
보보스모텔
궁
젠
해와달
향일암흙집민박
굼
다인체육관
전망대
청솔태권도
라파엘영농조합법인
오동도뷰민박
숲속애(愛)민박
돌고래
달마도
해맞이펜션
젠
보보스모텔
들꽃마을펜션
끌리오민박
플림인 블루펜션
전라남도해양수산과학관
여수스머프흙집
오페라온돌모텔
골드
VIP
자연속으로 팬션
케이블카펜션
여수밤바다팬션
여수카트체험장
엑스포1#
까르마 풀빌라
해뜨락펜션
수지
오페라모텔
여수엠마오펜션
나무펜션
연이네민박
지인호스텔&게스트하우스
스위티펜션
스위티 투 펜션민박
진아리랑호스텔
베르니아
여수돌산민박
다올
여수스포키
루비모텔
무인텔락
진영주식회사
성심호스텔
새싹펜션
아이튼튼태권도
유한회사락
필무인호텔
하얀학원
필 당구장
당구친구
SG골프 돌산점
에스지골프
엑스포1#
바로크피아노학원
쇼무인텔
드림토이
뉴스타2호
하랑호
와이비엠(YBM) 시사공부방
윈드빌호스텔 A
윈드빌호스텔B
라마다프라자 바이원덤 여수
라마다 in 펀존
정현펜션
DS 호텔
오페라온돌모텔
굿썸 모텔
유한회사 치평개발
와이제이디벨롭먼트 주식회사
유한회사 치평개발
여수궁무인텔
여수 궁 무인텔
궁무인텔
현진엔 유한회사
김상수당구클럽
윈드빌호스텔B
청솔화원
엘로디
돌산탁구클럽
그리다
민들레호스텔
민들레펜션민박
인 디자인
갤러리안
오션힐호텔
드림여수 오션힐호텔
주식회사호레나
해뜨락펜션
(주)노블
파스텔
바닷가 펜션
하늘보라2
하늘보라
가든 피어
여수마리나유스호스텔
마리나
여수마리나팬션
까사413민박
아일리아돌산
아일리아돌산
여수 아일리아
아일리아
느낌풀빌라
달콤에이 펜션
달콤
티볼리
523밀라그로
모래알펜션
보이다펜션
아일랜드 보인다펜션
여수느낌
갯가솔향민박
소담민박
참살이
해오름
미하스빌1
포트빌리지
(주) 블루망고풀빌라앤리조트
미하스빌
미하스빌2
미하우스빌
자연민박
카멜리아
블루홀
봉황산자연휴양림/여수시도시관리공단
한우드림
송시마을 관광농원
팜트리펜션
산과바다
쌍둥이네흙집
제이제이
아하! 수학
여수굴전여가캠핑장
농업회사법인 여수돌산관광농원 주식회사
톡톡월드 (민박)
풀잎사랑
자연담은
THE끌림
The끌림
쥬얼리펜션호스텔
쥬얼리호스텔
쥬얼리
폴라리스호스텔
폴라리스 화원
​
폴라리스 호스텔
케이파크 (K-PARK)
까치펜션민박
카펠라펜션
주식회사 라이프플러스
웰스테이
웰스테이
라포즈호스텔
노을담은 호스텔
디아크리조트
디아크리조트코퍼레이션 주식회사
여수 돌산 반딧불 황토민박
우두리 포펫
코지호텔
동궁각
동궁모텔
시나브로민박
여수해상케이블카 주식회사
좌수영거북선체험관
타포니 민박
서펜션
카르페디엠
카르페디엠민박
언덕에바람
돌산황칠농원
언덕에바람
아름다운동행민박
쏠레이유
여수돔비치펜션
여수나폴리하우스
여수황토민박
영농조합법인 이순신
자리움 풀빌라
레이지데이
하이락4
도그펄슨
히든비치 펜션
뷰가
하이락1
하이락2
라비주키즈앤풀빌라
나들이펜션
오션스케치
웨스트힐스 프라이빗 풀빌라
슈가브리움
그리운바다
하이클래스 클리프
HIGH-CLASS (하이클래스)
씨앤블루펜션
유한회사 아트스페이스
씨앤블루민박펜션
판타지아 드림
해바라기
예술랜드명가
주식회사 라피끄
르그랑블루
그랑블루
핀란드의아침
라메르 (La mer)
여수올레펜션
청홍펜션
뷰포레
해안통 아카데미
가고파민박
들가민박
리틀포레스트펜션
The Star 오토캠핑장
소라의꿈 민박
그랜드맥스호
마린
달링
썬힐호텔
굿타임호스텔
바다와의 동행
바다와별밤
바다와 별밤 B
유한회사 더호텔수
(주)여수수호텔
더블루 호텔
더블루
(주)여수돌산관광타운
바다정원호스텔
솔 스테이 호스텔
그랜드맥스호
화이트빌리지호스텔
유한회사 에스엔에스
백초어촌계
폴링인 블루
폴링인블루
여수들꽃마을펜션
들꽃마을펜션
줄리아펜션
여수프롬갤러리펜션
엘하우스
백초어촌계
THE여수우두민박
큐브호스텔
큐브펜션
명품 무인호텔
명품호텔
주식회사 호텔헤이븐
Hotel Haven
썬힐B
모아민박
신우펜션민박
파도소리 펜션
소나무펜션
탐엔탐스민박
아델카페호스텔
나폴리펜션
(주)리움
용비치관광호스텔
장군도호스텔
주식회사 볼락스
여수스머프흙집 여수드림호스텔
여수드림흙집
대신피싱호
쉼터민박
더휴(THEHUA)
섬마을펜션민박
디마레풀빌라
디마레풀&스파
아모르펜션
디마레 풀빌라 루나펜션
해가람하우스민박
해가람하우스
해가람하우스펜션
하월
해질녘펜션
가우디힐링민박
까사고니민박
복자펜션
라스텔라
라스텔라펜션
안단테
다시,봄
다시 봄1
키놀
키놀풀빌라
까르마풀빌라
까르마풀빌라2
까르마
아렌스펜션
울랄라
울랄라 펜션
여수 꿈에그린 애견펜션
여수바다향기민박
바다향기펜션
여수바다향기 키즈가족 독채펜션
여수바다향기애견독채펜션
피에르몽민박펜션
피에르몽 가족 키즈 펜션
돌산민박(pierremont)
여수 하늘땅 민박 펜션
리에또
벨라
초이스
르시엘민박
르시엘
레브민박
메르민박
르시엘풀빌라(메르펜션)
노을정원
해바다#2
아르떼민박
남도자연속으로관광농원펜션
자연속으로 관광농원
지금! 여수
여수지점
카페,메르씨
아름
라 테라스 호스텔 여수
HIGH-CLASS 153(하이클래스)
굿타임팬션
노체델마르
은경민박
향일암풍경펜션
향일암흙집
갈치야펜션
황토방
스테이 멍
첫사랑 민박펜션
서울민박
고향모텔
해오름펜션
해오름 스파펜션
해오름펜션(방주포해수욕장)
꿈에바다 펜션
갓고을영농조합법인
진남컴퓨터전문학원
모드실용음악학원
한큐당구클럽
한큐당구장
청란화원
최한나음악학원
SPA&하우스
유다비다 영어교습소
여수블라썸호텔
인사동액자
낭만in호스텔
삼일문화사
새서울당구장
신진사
여수시공예협회
스톤하우스
호스텔 폴로니아
카멜리아
기차와바다
해동빌
테디베어스 호스텔
길
제니스학원
복고표구사
형설서점
묵선방
보람문구사
더오름학원
1004호스텔
여수도배학원
실로암간호학원
중앙요양보호사교육원
관문동 네이처PC방
이네이처PC방
성호복싱클럽
성호복싱클럽
스피드PC
대림장
이루다게스트하우스
쉼표더하기
락수학&영어전문학원
프린스모텔
용인대 태극 태권도
태극 태권도
휴앤고게스트하우스
화랑PC
퀸`s다육
스위트모텔
제이앤에스 컴퍼니(로부파크)
로부모텔
트윈스모텔
트윈스파크모텔
드림모텔
칼튼모텔
벤츠모텔
(주)디비엘미디어
이민관 골프스쿨
국화천국
바디스미스 미평
여수스쿼시
동아,한겨레,무등일보미평지국
화담화원
국동사
하이츠보습학원
디자인메종
고은꽃화원
벤츠모텔
고궁스포츠클럽
선경볼링경기장
필음악학원
여수엑스포크루즈(주)
자이언트골프존
유앤아이단과학원
비호체육관
더디자인
여수드론항공교육원
주식회사 여수드론교육원
여수드론체험협동조합
(주)영진자동차운전전문학원
쌍둥이농원
쌍둥이농원주식회사 농업회사법인
만성로272
주식회사 신원
블랙비치
Flora Hostel (플로라호스텔)
성화플라워
해바라기꽃집
그날 그꽃
02(꽃)FLOWER
선경꽃농장
성화플라워
드림어학원
인터로드당구장
여수제일도장
2002당구장
대한해동검도미평도장
2002 당구회관
동인체육관
학사체육관
선경서점
양지당구클럽
엑스포펜션
해변민박펜션
바다의도시
하모니펜션
(주)여유도예공방
여유 (YeoU)
메리엘펜션
모모민박
만성상회
블랭크
엑스포펜션
아이비플라워
이기봉김성수복싱다이어트클럽
우리i(아이)수학교습소
포인트당구장
청담뷰티미용학원
로체당구클럽
미라클광고
인쇄백화점
엉뚱한공작미술교습소
엉뚱한 공작소
테레사피아노학원
제이앤발레스튜디오학원
마스터브레인(주)여수평생교육원
에스(S)골프존
천하명당
엠제이필라테스
엠제이발레스튜디오학원
뉴스터디수학영어전문학원
Best휘트니스센타
오앤엘스튜디오
오앰핫요가
이대진전산회계세무학원
화유플라워
레전드 야구존
레전드야구존여천점
디블랙 아카데미 여수점
삼이뷰티미용학원
로체당구클럽
퍼펙트실내양궁까페
하이런 당구클럽
아카데미 당구클럽
리얼야구존
MUST ENGLISH(머스트잉글리쉬)영어교습소
나라서적
한우리요가원
M2 PC방
마블 PC방
해솔태권도
엠에스 댄스
코리아 탑 태권도
이보영의토킹클럽신기웅천여서어학원
튼튼영어여수동부교육본부
무지개피아노학원
여수실내암벽
노진식 취업멘토스쿨
향기담은떡 체험관
폴인폴(Fall in Pole)
극단파도소리
실력플러스학원
카이와로봇과학
하모니플라워
임박사영어전문학원
(주)쿠키아
(유)바다
주식회사여수오션관광호텔
아리아호스텔
여수해양관광개발
카프아일랜드호스텔
주식회사첼시카운티(스테이더딜라잇)
유한회사 여수국가대표패러글라이딩
헤밍웨이글램핑
레돈도
해들채
하루쉼표(펜션)
팔레트펜션
르파라디펜션
미래인재교육원 (주)
여수가죽공방
전남일보,보디가드호
매쓰캔수학교습소
길쌤영어교습소
GTS수학과외교습소
피노키오문구,완구
공존하는 세상
여명수학학원
하이스트영어교습소
slow&steady학원
유토피아
썬 플라워
에스(S)모텔
향기플라워
카라모텔
전남제지상사
다육이랑
서울모텔(여관)
카라모텔
여수숙박호스텔
에스모텔(S)
대도종합상사
화담꽃화원
조은표현핸드메이드
무선컴퓨터학원
뉴무선컴퓨터학원
에이플러스교육
꿈이룸터
빌리실용음악학원
물벼락서적
정창덕 수학교습소
티아이지1인독서실
튼튼베이비리그여수센터
쎈학원
유리달
김세연 요가 자연치유센터
바른요가원
55점핑&찜질다이어트클럽
시나브로요가원
동아일보 서여천지국 경향신문 여천지국
임선영헬스에어로빅
지캠프영어교습소
액자복사
대한종합악기피아노
고은서림
슈프림에듀파트너학원
윤선생영어교실
현수수학학원
명품스크린골프
당구카페24
명품스크린골프
나누리요양보호사교육원
여천제일입시단과학원
자연꽃다육
You&i(유앤아이) 어학원
유앤아이어학원
딤스학원
김진탁구클럽
프로탁구클럽
윤이네공방
윤선생영어교실
윤선생영어교실 여천센터
아이센스리그 PC방
청명학원
주식회사잉글리시에그 여수센터
정승리수학학원
포르투나호
란샘영어교습소
애니영어교습소
김윤환 개인과외
파밀리에골프존
서울수학학원
한빛서점
봉무다이어트클럽
아우라PC방(도원점)
아우라 PC방
김선생휘트니스클럽
더본 필라테스
해동검도
댄스스토리
커브스 학동클럽
에이티주짓수(A T BJJ)
조정환골프아카데미
팡팡플레이
로뎀입시전문학원
K(케이)학원
서울이화음악학원
더프라임영어학원
혜움단과학원
무선당구클럽
자연꽃조경
은하수독서실
S다이어트 요가
고산옥힐링요가
라이또 PC방 선원점
무선문구
최은정영어교습소
네오당구장
IVY학원
김숙희한지공예방
호반당구장
공선생미술창작소
김성진 음악학원
포시즌호
여문휘트니스
종이문화원
멘토kim보습영수학원
메인당구장
김C미술학원
향기은
아트인미술학원
베타니아 아동발달지원센터
고운피아노학원
밀드플뢰르(mille de fleur)
색오름공방
파라다이스호텔
알찬속셈학원
이레스포츠타운
늘봄화원
ENGLISH+여수지점
유성게임랜드
자연어린이집
뉴IT컴퓨터학원
TLC어학원
채플린
여명컴퓨터학원
리더학원
한길학원
에듀베스트잉글리쉬학원
라구란도파크
정운학원
해커학원
한국교육개발원
금수강산
G&G휘트니스센터
박학천예스스카이(SKY)학원
지에스엘영어교습소
엘리자베스
한려꽃직매장
리더스골프클럽
위버보습학원
피터팬 아동도서
MVP스포츠클럽
고동운영어학원
소리바다피아노학원
매직볼당구클럽
이튼수학교습소
리아트미술교습소
KJ모텔
태풍체육관(1관)
피아노숲
조이스포츠
이병기수학학원
두드림어학원
태풍체육관
위캔어학원
뉴IT컴퓨터학원
비바학원
제이매쓰수학학원
사단법인굿네이버스인터내셔날전남동부지부
수목꽃화원
꿈꾸들미술학원
홍익입시미술학원
엘레나휘트니스클럽
TOP 유소년 스포츠 클럽
여수시도시관리공단
(주)엘레나호텔
주식회사 엘레나코퍼레이션 여수지점
(주)와이제이홀딩스
엘레나호텔
(주)엘레나코퍼레이션여수지점
한국해양구조협회전남동부지부
고대희국어교육학원
여수의향기
진품도자기전시장
CGV광양아울렛
바짝 여서센터 독서실
디자인스타미술학원
공예아트표구사
문구센타서영사
한려꽃직매장
한국체대태권도장
여문문구사
메가파워학원
비전토익스쿨
영스포츠댄스학원
김성호바른체형연구원
HR뮤직
여수클래식학원
일등학원
새일등영어전문학원
리턴PC존
인쇄프라자
주식회사 춤추는사람들
요나수족관꽃화원
아이캔영어교습소
한솔속셈학원
감성앤바이블협동조합
상상바리스타학원
파트너당구장
정진학원
파트너당구클럽
한성컴퓨터학원
금자탑미술보습학원
더블제이
조이골프존
힐링무인텔
한국화원
크로스핏 도마
미디어내일주식회사
렉스클럽 당구
유성민골프아카데미
렉스당구클럽
갤러리카스
리더스골프클럽
산토샤요가
두잇바디핏(DO IT BODYFIT)
벨독서실
벨독서실
큐&큐당구클럽
호남요리학원
e베스트영어학원
호남요리학원
여수정상어학원
최혜영수학학원
JEEC(제이이이시)
임숙경과학교습소
김성은,염양숙영수학원
청학동독서실
와이즈만영재교육원
잉글리쉬하우스영어교습소
여수직업능력개발학원
이대성탁구클럽
오월의향기
중원학원
구동현컴퓨터학원
박은태영어전문학원
문수잉글리쉬무무
보망드미용학원
여수직업능력개발학원
이제마체질독서실
강철수보습어학원
한솔잉크여수대리점
4차원균형다이어트요가원
여서스크린골프장
캘리포니아헬스클럽
진짜스크린골프
스파이더짐
리틀팍스학원
박정영어학원
열공오투(O2)독서실
박정영어학원
미술로 생각하기 학원
미술로 생각하기여수학원
미술로생각하기학원
시사외국어학원
제이이에스(JES)정욱영어학원
알앤비 비즈니스 호텔
사임당독서실
in(아이엔)
FUNM&E펀미학원
재원독서실
디자인위너여수본원미술학원
진호타이거체육관
박종민일본어학원
로버트조영어토익전문학원
앤써니잉글리쉬(Anthony English)학원
아이비 (IVY)영어학원
바른체형만들기- 한국발기공
여일직업전문학교
이상국어교육학원
김현기수학학원
이창현수학교습소
여일직업전문학교
띠따오중국어교습소
꽃과나무사이
여수요양보호사교육원
공때리는당구클럽
영어종결센터 여서학원
김종림수학학원
김쌤푸르넷학원
김선중국어.논술학원
공때리는당구클럽
이왕재영어
이의후미술학원
여수작심독서실
샤인재즈아카데미
정스재즈아카데미학원
중앙골프죤
피오레당구장
교육예술협동조합 교문
김준골프아카데미
알음독서실
룩스문디(lux mundi)
산수화분재
행복상점
잉글리쉬월드영어교습소
성복쌤피아노
오영은피아노학원
디다스코 푸르넷 공부방
도현 꽃 분재
쿠킹숲제과제빵학원
도야보습,ENG어학원
동산꽃농원
지원꽃자재 충무화원
O2휘트니스
백년당구클럽
샤론요양보호사교육원
로젠
로젠모텔
목련화원
스마일화훼유통
트윈스파크
로부파크
아미가파크모텔
CK.J어학원
공신보습학원
헬스플러스
상지학원
엠에스어학원
새선경보습학원
최강학원
공단꽃농원
야베스피아노교습소
이하은피아노
인터로드PC방
음악나라피아노학원
꼬마손피아노교습소
빛담유리
신원장의논리서술수학학원
로코코공간사랑
봉화식물원
천오상사
끌림
스마일 PC방
어울림작은공간
환희당구장
명품당구클럽
선경헬스클럽
팀 싸크 체육관(TEAM SSAK GYM)
주식회사 영천레포츠
(주) 드림팩토리코리아
롤러온
주식회사 꿈드림
케이킥아트컴퍼니
(주)현대퓨처넷아르떼뮤지엄 여수
씨엔디코퍼레이션 주식회사
이아이이(EIE)고려대학교영어교육프로그램 여수엑스포캠퍼스 학원
여수석경하우스
주식회사 광물
주쌤영어교습소
한점순수
루츠보컬학원
4차원균형다이어트요가원
힐당구클럽
힐당구클럽
NU PC방
앤유(NU) PC방
비상잉글리시아이엑스포학원
와이즈학원
라루체음악학원
잉글리쉬 인 런던 영어교습소
H 12.5
마이캔바스미술교습소
클랑음악학원
손노리터
리브로 아르츠 여수
군단호
한우리독서토론논술
코코래빗 엑스포점
푸르넷 잉글리쉬버디
꽃노래
트라이브 주식회사
천일스크린골프
천일풋살파크
우드DIY공방
금강태권도도장
하이스타피싱
들샘미술교습소
교문학원
흙의향기
노브랜드PC방 여수봉계점
그린헬스클럽
코아스피닝
굿샷 스크린 골프 연습장
더클래식피아노학원
쿠삐스키강습
아마대우스피아노학원
여수경희대체육관
뮤엠영어 여도점학원
참수학
해동검도
신나는공예
대광음악학원
꽃을담는그릇(꽃가게)
나무정원
들꽃다육
모아농원
들꽃다육
산들애 채라다육농장
나우 다육
다육까페
대원꽃농장
사계절농원
화분나라
모아농원
공단꽃농원
행복화원
명륜학원
킨더하우스
여산공과기술학원
주은음악미술학원
경훈꽃농원
뉴산골당구장
천지비디오
아이칸스 pc방
모이리당구클럽
아이젠모텔
그린골프클리닉
월드파크 모텔
월드파크
아라&마루
H모텔
다이빙월드
거북선호스텔
금강
초원장
유빈학원
봉화모텔
파타야
다올장
더스테이호스텔
렉시
크로바모텔
휘가로호텔
팔레스
팔레스모텔
띠아모모텔
미래모텔
모이리 게스트하우스
초콜릿모텔
썬플라워 모텔
띠아모호텔
쉘스톤
마리나 무인호텔
베니스모텔
뮤
에쿠스모텔
클래식모텔
자바(ZAVA)
호텔자바(HOTEL ZAVA)
하모니모텔
씨에프모텔
비쥬모텔
나폴리모텔
비쥬게스트하우스
제우스모텔
리오모텔
마이다스
마이다스모텔
리화모텔
리화모텔
대영당구클럽
킹덤모텔
산무인텔
아테네모텔
썸모텔
천지모텔
헤라모텔
그랑프리모텔
알프스모텔
파파야
HI&J(하이앤제이)
하이앤제이
좌수영모텔
캐슬모텔
좌수영모텔
성원각
킹덤모텔
에덴파크
필하우스모텔
서린장
알프스모텔
나폴리모텔
리오모텔
왕독서실
리오모텔
천지모텔
조선,한경,매경 여
금창모텔
S1모텔
S모텔
손끝작업실
거문장
시랜드 모텔
해밀턴모텔
뉴백도여관
주식회사거문도섬호텔
동백여관
서도민박
하얀집
영빈장
민박 도선
백도민박
아람민박
늘푸른민박
거문황토민박
삼도펜션민박
엘지민박
엑스포민박
거문장
고도민박
섬마을민박
에덴민박
무작정
솔지오
패밀리모텔
미화
강동민박
삼호교민박
덕성민박
관광민박
힐링호
두산민박
노루섬민박
영취산민박
뜨레놀레 키즈풀빌라
원상암분재원
한우리독서논술여수지부
이은진영어교습소
여수
라온유 공인중개사사무소
색연필문구
파우제키즈풀빌라A
파우제 키즈풀빌라
에이스엔터테인먼트
알록달록 문구점
STC 키드태권도
샤방샤방꽃
청음음악학원
한려컴퓨터전산회계학원
한려직업전문학교
무지개꽃화원
중앙그래픽
은성문화사
중앙당구클럽
대니스학원
정남당구클럽
아이디당구클럽
양기웅슬링&필라테스
아이디 당구클럽
유성태권도스쿨
달콤한 피아노 학원
유성태권도스쿨
칸타빌레 음악학원
광무체육관
물오름 muroreum
로뎀아트센터
율진독서실
EIC외국어학원
멘토플러스학원
극단파도소리
아튼포
스틸미술보습학원
보컬시크릿매쏘드
청음악기
레드 댄스발레핏 학원
문화예술협동조합 해마루
한국생활예술연구회
노리터사람들(주)
핑크음악교습소
하이든피아노교습소
김혜진피아노학원
그린장여관
황제플라워
동운장
이이비스여수점
삼부장
구동현컴퓨터학원
PC캠프
원플라워
서정만물상사
TIG독서실
디자인온(ON)학원
거북당구클럽
거북당구클럽
중앙미용학원
꽃마을
빅스타연기학원
휴정서예교습소
시민감동연구소
크리스챤쇼보뷰티미용학원
전남제과제빵기술학원
동아사무기
비엔에프호텔(B&F HOTEL)
버디버디스크린
마리나 볼링
포토시그니쳐
블루GYM
리아트리스
플렌테리어 샵 마인74
뷰티풀 러브 여수
호텔 THE B
킹하우스모텔
범짐 필라테스
범GYM
차미희음악교습소
이네이처 PC방
해동검도
시매쓰수학학원
마이너리티실용음악학원
힐링필라테스
제닉스아레나 PC
코리아빌리어드클럽
제이엠(JM)음악학원
슬라임팩토리
목아조기교육실
중앙체육관
신기해법영어
송호영과외교습소
(유)신화스포츠센타
(주)비바스포츠센타
스페이스핏 호남
어썸음악학원/주식회사 버스킹랩
에이치타투
타이거체육관
에카필라테스요가연합회
첨단컴퓨터학원
4차원균형다이어트요가원
4차원균형다이어트요가
WOW실용음악학원
최첨단컴퓨터학원
숲속공방
도원태권도스쿨
김유정수학학원
더꿈독서실
로뎀아카데미학원
정훈쌤영어학원
조경수영어학원
블록&매쓰교육원
아이뜰미술학원
해오름독서실
더꿈독서실
케이이에스(K.E.S)어학원
도원스크린골프
하이탑독서실
위성아카데미
밥잉글리쉬영어학원
하이탑독서실
엘르 폴스튜디오
고운소리음악학원
강난희음악학원
피아노숲음악학원
짱문구
신)해성 유소년스포츠클럽태권스쿨
해성유소년스포츠클럽태권스쿨
그네신음악학원
김성희미르퀼트
여수이보영토킹클럽쌍봉분원
에이스 매직(아카데미)
여천뮤엠영어도원학원
청아어학원
성진아음악학원
오리엔트호
소담공방
엔에이와이무용학원
동화사
윤진호수학교습소/태산독서실
세화웅변학원
파란들학원
석탑튜터교실학원
일등속셈학원
소망피아노학원
연대학원
정평입시단과의원
현대웅변미술학원
영재사관학원
창암태권도
놀이미술학교
요미요미여천교육원
미술놀이터
여천검도관
쌍봉요양보호사교육원
피플문화센터
소망피아노학원
국화향기미술교습소
사랑의나눔쌀 여수1호점
담은독서실
밀알평생교육원
여수난원
날고싶은자작나무
일번지당구장
스페이스호스텔
스페이스게스트하우스
무선스크린골프존
발리모텔
식스모텔
6&9모텔
유한회사 웨스트인
카이PC
(주)케이부띠크호텔
6&9모텔
제니스 무인텔
다다무인텔
식스모텔
아리랑힐호텔
애플호텔
루나(LUNA)
엔젤PC방
호텔와이
텐텐당구장
리버모텔
제이모텔
제이무인텔
이탈리안골프존
달콤설기&클레이
달곰북
풍란화원
피씨 (PC) Sian
천지플라워
PC SIAN
쿠키앤쿡학원
위너PC방
3구4구당구장
아이센스리그PC방 여수무선점
미스터Q당구클럽
그린아트
문건일색소폰아카데미학원
어느멋진날민박
남면꽃집
우리화원
(주)유심천온천리조트
다온다육
죽림모텔
이화당
용문도예
용문도자기
여천눈썰매장
나무
서틀러다육&공방
농천전통테마마을
유퍼스트골프연습장
아이부끄
파스텔
하이원스포츠문화센타
유캐슬호텔&웨딩
연무인텔
죽림꽃농원
모닝글로리 죽림점
유심천풋살클럽
해풍오디농장
삐삐다육
여수YMCA가사리생태교육관
여수체대입시&배드민턴및농구교실
태란플라워샵
폴랑
들뫼야생화
들뫼영농조합법인
들뫼영농조합
꼬물꼬물곤충나라협동조합
농업회사법인꼬물꼬물곤충나라주식회사
포시즌리조트 리베라 10
포시즌리조트리베라12
포시즌리조트리베라14
포시즌리조트리베라15
포시즌리조트리베라16
포시즌리조트리베라02
포시즌리조트리베라08
호스텔소라노을
서틀러영농조합법인
아임펜션
어웨이브B
힐링뮤직음악학원
정도태권도
힐스피아노음악교습소
녹색그룹
이은선 음악 개인교습
베스트골프연습장
타이슨호
여수한옥체험관
우리풋살
목림화원
현천눈썰매장
현천가족놀이공원
농업회사법인현천승마장(주)
농촌전통테마마을(여수갯벌노을마을)
산토리니호스텔
황토민박펜션
여수노을산책펜션민박
여수노을산책 펜션민박
황금빛 민박
캐나다 썬셋 빌리지 호스텔
일마레
유캐슬호텔/주식회사 유심천레저산업
주식회사 유심천레저산업
엘론
산들애채라다육
연화당
재단법인범민문화재단
두두크래프트
나무다공방
르누아르 공방
네스플라워쇼룸
아이엠트리
죽림워터테마파크
피움플라워 (꽃: 피움)
케익마녀의 오븐
조이 세라믹
인서울학원
트램폴린파크여수죽림점
하이텐독서실
공부방
죽림 셀파 우등생 교실
바다2호
재능스스로러닝센터 여수죽림점
삼공삼공(3030)영어학원
더본 필라테스
즐거운피아노
즐거운피아노학원
박현진과학최혜영수학학원
챔프태권도장
EIE고려대학교국제어학원 영어교육프로그램
조례태권도장
해피
비바체피아노교습소
바디엠스튜디오
미래서점
미래서점/문화비
은별피아노클래스교습소
시찌다(SHICHIDA)속독교습소
모나쉬(Monash)어학원
복싱 스토리 짐
조아GYM
죽림헬스코아
점프노리스포츠 여수죽림점
4차원균형다이어트요가원
꿈두드림평생교육원<데일리바디핏&월요가>
점프노리 스포츠 여수죽림점
꿈두드림평생교육원(데일리바디핏&월(wall)요가)
데일리바디핏&월(wall) 요가
예원피아노학원
아트리미술교습소
프렌잉글리시여수죽림학원
뮤엠영어죽림초점학원
여수 팀 싸크체육관(전남총본관)
여수 팀 싸크체육관
여천에덴요양보호사교육원
골프존파크죽림점
말리브호텔
말리부(MALIBU)
말리브 무인텔
피우다아이발달연구소
더 엑스 PC 여수 죽림점
탑실내골프연습장
여수챌린지파크관광 (주)
현대당구클럽
플로아(floa)
뮤엠영어죽림학원
플라워느린
온더리프플라워
민철스윙(MINCHEOL SWING)
죽림당구장
요가하루
VIP골프존
오션스크린
몸을짓다
글마루독서실
에듀라이프평생교육원
A&C소풍 주식회사
MUSIC PLUS-W
메아리글램핑장
자연애호
아름화원
동행발달재활센터
현대영어사
여수꽃직매장
여수사랑이네집
엘비노민박
여수자동차극장
다학도서실
반짝반짝 키즈카페
스칸디
SEASTAR(씨스타)호스텔
온다도로
산책
푸른학원
정샘음악그리고미술학원
포시즌호
미르태권도장
뮤직팩토리
달팽이실용음악학원
몸과맘
빅 애플 요트투어
IMT영어전문학원
아이엠티(IMT)영어전문학원
IMT영어전문학원
광무체육관
광무GYM
소호독서실
핑거피아노교습소
주은문구
손으로만나는음악학원
한얼체육관
경희대체육관
교구놀이수학학원
꿈꾸는화가마을학원
주은태권도체육관
오감팡팡
오피스
마가렛홈
탑클래스학원
코끼리아트미술학원
블랙벨트태권스쿨
큰사람학원
코끼리아트미술학원
데일리 영어 교습소
빅토리호
#음악학원
우미팬시
초.중.고. 전문교습소
여수심포니오케스트라
한우리독서토론논술교습소
삼성영어소호학원
키즈엠전남동부지사
소호물꽃호스텔
오션독채호스텔
소호 호스텔
한국헬스클럽
즐거운피아노학원
리틀캐나다(캐나디아나)어학원
무무잉글리쉬학원
피아노피아음악학원
한국조형미술학원제2캠퍼스학원
주니어그린섬미술학원
이삭토스트(소호점),주은문구
e-당구클럽
손으로만나는음악학원
여수꽃다육
소호휘트니스클럽
터틀문구점
함빛독서논술학원
뮤엠영어여천도원학원
행복한도자기공방
쉴모텔
쉴모텔2
골드비치리조트/주식회사 해일
블루오션 무인호텔
오션텔
M무인텔
엠 (M)무인텔
올리브코코펜션
(주)여천자동차운전학원
사단법인 한국시민안전교육진흥원 전남지부
(주)에이치제이매그놀리아용평디오션호텔앤
(주)에이치제이매그놀리아용평디오션호텔앤리조트
사단법인여수공공스포츠클럽
소리엘실용음악학원
최영미 예능스쿨
사랑과우정화원
필라테스바다
바디스토리 여천점
나의 작업실 바다
포비트뮤직학원
여수소호센터바짝독서실
책이랑아이랑
주식회사 가치보다
스피노요가원
착한어린이수영장
The purple
여일문구사
시즈닝플라워
So핫요가
대동꽃난농원
퍼스트 무용학원
보디가드호
민플라워
정순택
PC앤피플(PC&People)
팀제로백 주식회사
탑매쓰수학학원
코쿤플레이스재즈피아노학원
빛고을철쭉
샘스잉글리시
로얄패밀리댄스스포츠센타
김경주언어,논술전문학원
조영주태권도스쿨
지이티영어
피씨앤피플
여수게스트하우스
학송각
밍크장
모터보트(영진호)
황금장
화신여관
수정장여관
(주)쓰리디넥스텝(지점)
오동도 모터보트협회
피스호
월드플라워
한겨례,매일경제,한국경제 여천지국
해화캘리그라피
필립영어교습소
토닥토닥공방
나의 별
아이사랑
주식회사일진스포렉스
우미문구
제일문구
당구 더테라스
센트럴당구클럽
센트럴당구장
더피티 앤 필라테스
알천인쇄기획
버디모텔
샵모텔
호텔야자 여수학동점
조아모텔
호텔YOU
하얏트모텔
김현종 골프레슨
샵모텔
후스크린골프
버디모텔
어썸호텔
호텔 앙코르
호텔 앙코르
여천각
여천각
원무인텔
신기골프존
맨하탄모텔
조아당구클럽
비룸 스튜디오
한려당구장
뉴한려당구장
존 케이지빌리어즈여수시청점
존케이지 빌리어즈 여수시청점
존케이지 빌리어즈
크로바 당구클럽
아리랑당구클럽
엘디아호텔
풀카운트
우리골프존
식스티
비앤디 아카데미
학동골프존
케이오스튜디오
학동골프존
호텔The클래식
주식회사 노가네
뉴월드모텔
호텔The클래식
굿모닝모텔
주식회사 웨이트
나비잠
모텔 투헤븐
셜록홈즈 여수점
벌툰 여수본점
그랜드관광주식회사
모텔스위스
자(JA)무인텔
그랜드관광주식회사
탑스크린골프
아이센스PC방(여수학동점)
금양
나비
셀픽스
명동당구클럽
태후
SBS당구클럽
여천중앙요리학원
랑데부당구장
뽑기천국
위저드멀티플렉스PC존
부삼(BUSAM)PC
캠프브이알 여수학동점
스위치 여수학동점
당구나라
어메이징 이스케이프 여수 방탈출 카페
어메이징 이스케이프
리얼슈터양궁
준빌리아드클럽
아우라PC방
스트라이크존 학동구장
스트라이크돈 학동2구장
엑스포스크린골프
금양
피에스타 PC
제일당구클럽
제일당구장
베레타사격연습장
Everyday English
유한회사이엑스산업
진남수영장/여수시청
여수시청(산림과)
여수시청
토기백화점
여천꽃농원
석창꽃농원
한사랑요양보호사교육원
뉴하나컴퓨터학원
복사편의방
툰스테이션만화애니미술학원
김현숙요가
여수공과기술학원
SM스포츠
동양탁구장
동양탁구장
서영완 탁구교실
에스엔텐(S&10) football academy
우리스포츠센터
SM스포츠
여수여성인력개발센터
준요가장
동양탁구장
준요가장
URI 멀티플랙스
문탁구카페
싸이버월드PC방
고운화훼
드림스포츠랜드
여수치매예방센터
공간수족관
은혜노인복지센터
레인보우2호
花요일
한국몬테소리전남동부판매(주)
한국몬테소리전남동부점
프라하호텔
썬하우스
기쁨화원
송림그라픽스
산수액자
(주)다온플러스
LAFLE(라플)
한국건강리더십교육원
Lees English
평화꽃직매장
러브피스
큐 당구장
큐당구장
마스터스골프존
케어필라테스 안산점
아라당구장
디자인위너미술학원
주식회사희망키움
녹색지대
Mk호텔
갤럭시당구장
여수골프아카데미
대박PC
부킹스크린
정병석골프아카데미
아일랜드모텔
프랑스
힐하우스호텔
벨라지오호텔
(주)벨라지오관광호텔
마린베이호텔
(주)블루오션
엠 오르트 호텔
비앤비치관광호텔
주식회사 나르샤관광호텔
나르샤관광호텔
여수해비치호텔
여수 해비치 호텔
주식회사 해비치/해비치모텔
PGA골프존
와이제이(YJ)산업
어 데이즈 숲(A Days Sup)
김경훈화실
이프링
나무늘보
런던트리
윤플라워
꽃처럼
즐겨찾기
그림쟁이
마리플라워
못난이만화
못난이만화
제이필라테스
앨is
연안플라워
정심관
아름다운사람들미용학원
반스러블리돌
레지던스 쏭뇨
그림도자기415
왕자와공주
꽃과나무
여천인쇄광고기획
광고천재
제이플라워
여수도자기학원
보람인쇄기획
놀숲(카툰앤북카페)여수신기점
놀숲 (여수신기점)
형제인쇄/광고
한결
수수꽃다리공방
비에스디자인
대성인쇄소
들꽃향기
유제
모나미센트
더블제이(Double.J)
여수직업전문학교
플라워다
신기꽃화원
한국기술학원
위드미댄스스튜디오
풀잎평생교육원
힐링빌드존
여수기술학원
온앤오프(on&off)영어학원
마움디자인
(주)아이월드여수여천지사
클럽키드여천점
중앙미용학원
시대이용학원
뉴스기획
디자인파워
정철프라임학원
그리심아트기획
신한려학원
무궁화학원
현대인업사
비에스디자인
모아헬스클럽
김래경이지댄스클리닉
연안플라워
태권도중앙체육관
효성학원
파워스터디학원
샤콘느피아노학원
대성옵셋
청담학원
동문보습학원
아이비플라워
제이씨일본어중국어학원
산하국악사
카일하우교육원
풀잎문화연합회
아이그림미술학원
한려컴퓨터 전산회계학원
즐거운학원
영뮤직클래스학원
뜰공예
샬롬
하늘로항공
핑플라워
이지디자인
엔젤화원
밸런스자연슬링운동센타
밸런스 자연슬링 운동센터
푸른봄
디자인애드
브레인창의센터
육일문화사
나의봄애
(주)동백
윤영영어교습소
팀유소년스포츠
팀스포츠
뉴스포츠클럽
신기탑스터디독서논술교습소
한진인쇄사
주순엽프레스플라워
연합전단
꽃담은플라워
여수교육사
노진식취업멘토학원
세계일보
소트네
태봉호
제21청용호
세계속셈학원
해연플라워
고은꽃직매장
명음피아노학원
일루와학원
어깨동무피아노
임경화독서논술학원
금호태권도체육관
OK철쭉화원
김대용어학원
(유)GA EDUCATION
서희태권도
새지평독서실
무진발란스 슬링 운동센터
인쇄마트
바다야놀자협동조합
여천꽃화원
드림골프존
하우스479
(주)동성자동차학원
(주)여수일보사
(주)히든베이호텔
스쿠버이야기
멋진하루
헬스피아
윤광유통
케이앤시코리아
3030영어
금호태권도체육관
바이올렛
영주네꽃이야기
여수친구
신월골프존
예담플라워
꽃단지
프린스턴수학교습소
한국체대 효 태권도
시티당구클럽
안나피아노학원
뮤엠영어신월네스트
퍼니미술학원
동아스쿨학원
주니어그린별미술학원
켈리쌤의 명품영어학원
김은아피아노학원
꿈실용음악학원
레츠비 (Let's be)영어교습소
펫뿌
국동꽃화원
G.B.S보습학원
씨티엔비학원
와이케이샵
누리 Teaching and Study
서희영어교습소
소리별피아노학원
서희피아노학원
서희당구클럽
타이거짐 국동수련관
현대헬스클럽
대중웅변학원
파인학원
예스수학교습소
사이버피아국동점
해동검도중앙도장
새마음점핑
새마음점핑다이어트
새지평독서실
탑(TOP)영어학원
사(4)차원균형다이어트요가원
4차원균형다이어트요가원
예맥표구사
TNT PC존
티앤티 PC존
티앤티당구장
왕독서실
페르마학원
대치구문정독 영어학원
고려성민태권도장
케이디 몰
대우인쇄기획
김주석고교수학
형제광고사
김은아영어교습소
일문유통
동방목형공예사
나라미술학원
대한민국플라워
시민난마을꽃마을
보람직업전문학교
삼부장
숲과사람꽃방
알파여수서교점
(주)플레이타임그룹 메가박스웅천플레이타
메가박스중앙(주)여수웅천점/유한회사 씨네
유한회사 씨네드림
물댄동산
(유)메가박스여수영화관
장용일과학교습소
전통예술기획여수풍물
김선형플루트학원
제이미어학원
고궁스포츠클럽
무림체육관
만필화원
여수디지털
동산피아노(교습소)
개나리꽃농원
개나리화원
여수정보신문
셀라기획
사부작목공방
동원신쇄기획
고고 점핑클럽
미래독서실
Chance GYM
백호체육관본관
여수학동작심독서실
종합문구상사
미래컴퓨터전산회계학원
니하오중국어오하요일본어학원
정은자종합피아노사
신동아PC방
백성주수학학원
백선생TOP학원
M+ 심영술수학학원
수빈꽃갤러리
시전꽃농원
나나다육
제이핏퍼스널트레이닝
뉴욕애플학원
(주)일진스포렉스
Ace(에이스)영수전문학원
신동아당구장
해피로PC
라이언체대입시태권도
라이언체대입시
밝은미래(주) 신동아점
오 슬라임 (O SLIME)
이정훈영어학원
신동아블럭
리라피아노학원
나우필라테스
크로스핏레인보우
이혜영미술학원
리라피아노학원
준태(JTLI)어학원
예향문화예술공방
보육사
비엔나레코드
박쌤영어학원
매쓰홀릭. 성호영어학원
매쓰홀릭학원
꽃날 플라워
SEM(샘)학원
여수꽃문화원
박쌤영어교습소
링구아포럼조영민영어수학학원
주식회사 여수문구센타
황제독서실
꽃피는마을
수플러스학원
포인원 어학원
해법중국어학원
비상서점
한국사회교육원제B377506지부
꽃나라플라워샵
잉글리쉬아트스쿨미술학원
신유스트학원
명동체육관
토즈 스터디센터 학동 독서실
탑인재학원
여천심스간호학원
커틴외국어학원
도레미피아노학원
힐링캠프수학교습소
엠에스글로벌코리아
클라라음악학원
마이더스학원
부영스쿼시
윈마인드입시학원
디에스(D.S)실용음악학원
그녀의라탄
포스컴여수지사
부영서림
박광선수학한자전문학원
상승학원
하이스트명문아카데미학원
정인태권도체육관
김민영피아노학원
다육이야기
꼼지락 공예교실
공부방
지오디문구사
위드뮤직클래스음악교습소
신바람문구사
꽃길플로라
양지문구사
대국플라워
소정공방
GNB영어전문학원
즐겨찾기독서실
날마다수학교습소
모모랑
엄신애
브레노스 수학 여수지사
세계영어학원
리틀피아니스트교습소
서영독서실
수석텔고시원
더 퍼플2
백옥골프연습장
제우스
뉴스타1호
손계빈피아노교습소
유진화원
봉산화원
뉴스파
행복당구장
김정미수학교습소
여수펜션
청홍피싱호
해솔학원
여명컴퓨터세무회계학원
위더스영어교습소
나만의 서재
재키리영어학원
이성우수학학원
류성진영어교습소
알파수학교습소
국선도연맹여수지원
동백체조교실
최연진밸리댄스
김병오탁구교실
위더스영어교습소
강성윤영어학원
블루스카이수학학원
김수열수학학원
로또모텔
숲미술학원
리모텔
크리스탈모텔
1번가호텔
마이하우스모텔
1번가호텔
PGA스포츠클럽
피지에이 (PGA)골프연습장
GS
G모텔
더메이즈VR
엣지PC방
타이거당구장
청도요가원
히트당구클럽
김세실바둑학원
트렘플린파크
탑에듀영수단과학원
우뇌교육개발협회
수학나무학원
미라클스터디영어교습소
별찌라탄스튜디오
아리아뜨미술교습소
원앙피아노학원
한겨레태권도장
라엘피아노교습소
삼성영어문수여서영어교습소
원앙피아노학원
비전골프존
채움수학교습소
훈GYM헬스
국민서관
유나코드
아르띠실용음악학원
여서스터디엔카페독서실
여수검도관
까르페스터디학원
용인대 여수유도관
여연
강한태권도장
한결태권도
정명클라비어피아노교습소
임혜강 (다비수)
한빛공방
부영9차 푸르넷
이연우
루트수학교습소
블럭스쿨
두뇌계발한자속독
꽃통
제일음악학원
이선생 어학원
YBM잉글루어학원
루체음악학원
창성이스턴학원
하얀건반피아노교습소
박사태양태권도장
예카피시방
박사태양태권도장
쌩Q당구장
하늘땅문구
하늘땅문구사
매직볼당구클럽
지앤비어학원
기구필라테스B
차핏 필라테스
주식회사 다움
신나는 점핑 다이어트
햇살마루(손세상)
# VR zzang
최희라댄스스포츠 (월드)
낭만당구장
프렌즈스크린 여수여서점
지니어스학원
필당구장
좋은교육
아레스모텔
김경숙댄스스포츠
김경신어학원
KJ모텔
에듀베스트학원
박연옥수학교습소
25모텔
호텔 라라썸
엘리자베스모텔
좋은교육
성균관독서실
하이 무인모텔
MJ모텔
잉글리쉬스페이스어학원
날마다당구장
월드당구클럽
베레타사격연습장
한-GYM
시티실내골프연습장
시티스크린골프연습장
시티실내골프연습장
이아이이(EIE)어학원 여수여문캠퍼스
영 플라워
마실당구장
뉴메인컴퓨터회계세무학원
대두단신박인철수학전문학원
메인컴퓨터회계세무학원
스카이당구장
서숙경수학학원
스카이당구클럽
코모도모텔
김회성영어전문학원
녹색오피스써플라이
친환경독서실
우진엠앤엠(주)여수지점
오앰핫요가
천사미술학원
당구에빠지다 당구장
FIT1:1 studio
고궁파크
찰리어학원
그린건강관리센타
친환경독서실
조문준영어단과학원
김효선피아노클래스학원
부영당구장
한수위학원
가을문고
점핑다이어트클럽
스타당구장
아이프랜즈여수점
용호체육관
럭셔리당구장
정스재즈피아노학원
해성기획
주식회사 이에이피커뮤니케이션
명성요양보호사 교육원
아이센스리그PC방 여수여서본점
금수산헬스,찜질방
SG골프
카이스트독서실
타이탄 PC방
윤용현의수학나라학원
웨스턴코럴잉글리쉬학원
범짐
점핑 플레이방
커브스 여서클럽
로얄당구장
아뜰리에뷰티아카데미미용학원
피에스타 PC방(여수여서점)
아뜰리에미용학원
원리에강한힘 수학학원
아발론교육여수캠퍼스학원
세종독서실
박성수영어교실
3볼링장
아시아볼링장
3볼링장
베스트탑 PC방
짱 PC방
여수YWCA
여수탁구회관
스트라이크존여수여서구장
SM당구클럽
KB당구클럽
우노PC방
마이티PC방
해피로PC여서점
필당구장
필대대클럽
필당구장
폴앤서킷트레이닝
유로당구클럽
맥스체대입시 여수 교육원
유로당구포켓클럽
키스당구장
엠에스(MS)뷰티컨설팅
올드앤뉴댄스스튜디오학원
로얄여성전용헬스클럽
서울표구사
여수크리스챤백화점
더요가 앤 필라테스
제이요가앤필라테스
Lim's(림스)어학원
한려서점
엘버드외국어학원
한려간호학원
엘버드외국어학원
신수학학원
골프존파크
고궁파크
포시즌모텔
유진TNT어학원
하이베스트문구센터
김가람
동서음악출판
김광복 영어학원
은혜피아노학원
김선희수학사관학원
YLC어학원
윤석진어학원
해와달학원
명화플라워
허미숙과학교습소
디엠(DM)수학학원
명화플라워
황선생수학전문학원
위즈(WIZ)학원
아지트PC Zone
우리통상
옥설선식
힐탑모텔
공부하는학원
여수크리스챤백화점
헐리우드시네마
밀레주식회사
여수탁구회관
훈민정음학원
WHITEGYM
철우서각
(주)백경
디자인헬스클럽
대성N스쿨학원
진성보습학원
송미숙피아노학원
디자인헬스클럽
배우는숲학원
요미요미여수교육원
한국조형미술학원
플로라
이성엽피아노학원
5차원전면교육원
시민체육관
정철영어여서캠퍼스
여수""꽃""미남
김유진T.N.T어학원
책방가을문고
신진희수학교습소
(주)일교시여수배움터
바른학원
마술학원(조박사의매직스쿨,레크웃음센타)
J&J댄스휘트니스헬스
똘이비디오
아이넷폴리스
주니어그린섬미술학원여서점
코바센터
김수영피아노클래스학원
행복플라워
빨간펜 수학의달인 여서교습소
조은소리음악학원
글샘논술학원
팝아트공방린
환희피아노학원
바디복싱다이어트클럽
쿠킹아카데미
바디복싱
오세중영어학원
성균관테솔(Tesol) 어학원
배울[학]어린이집
성진광고기획
디엔씨영어교습소
주식회사 엑스포레저
주식회사 여수레져
주식회사 지니레저
골프존 파크 어썸점
여수풋살경기장
주식회사 블루윈마린코리아
자수공작소/강경미수학원
김유진TNT학원
후니플라워
영플라워
택견여수전수관
창의교육
샤방샤방플라워
E플러스음악학원
이현G 음악학원
현대건설 학습센터
E현G음악학원
예진꽃백화점
최동호 Drum Class 실용음악학웡
바른체형SUKI테라피
로뎀나무공방
이형모미술학원
3030웅쌤영어학원
대호태권도체육관
알파여서점
진솔문고
마초복싱다이어트
반도탁구장
천마태권도장
롤러팝
볼러스앨리
뉴에이스볼링장
삼일체육관
대한요가협회
이수재요가교실
김용우수학클리닉학원
김N(앤)신어학원
더존
우리들슬림운동센터
박사태권도장&스포츠클럽
디자인헬스클럽
유노영어학원
유한회사 여수교차로
하이뮤직 음악학원
파라다이브
엘사피아노교습소
루시영수학원
대박쌤컴퓨터교습소
태권도 박사 체육관
유한회사프리머스시네마여수
유한회사 보스휘트니스
유한회사지앤비개발/롯데시네마여수관
그랜드골프클럽
그리니미술학원
오늘도피아노음악학원
이즈골프
(주)휴맥
해냄유통
화수목(화원)
거북선펜션
21세기식물원
로즈플라워
전남유통
여양사
남도야생화
여양사
들꽃다육
우미수학
롤리폴리문구
빈센트미술교습소
베스트음악학원
주식회사통제영
NE(엔이)능률신기영어교습소
소피아음악학원
디자인라드(designRAD)
이스마트(E.Smart)영어교습소
통래수학교습소
주식회사조이스포츠
미호 아쿠아
여도각
여도각모텔
Partyll 모텔
천재도서
동아서적
하림각모텔
대양서림
동성인쇄사
비치센타(골프존)
개인과외(책읽는미술)
크리아트 미술
쥬디영어교실
희노애락 플라워
윤혜은피아노학원
야호창작소미술학원
키키스튜디오
정심관
정심관킥복싱멀티짐
모모pc방
비상태권도장
비상태권도장
꿈꾸는화가마을미술학원
고고짐(GoGogym)
더마나
엘리스학원
킹덤 휘트니스
바짝독서실
김지유 골프연습장
강남하이클래스 영어학원
바짝독서실
주식회사 현웅씨앤씨
예울태권도
뉴바디짐
프렌즈스크린골프 여수웅천점
비치센타(골프존)(더비치)(더비치샤브샤브
비치센타골프존
스위밍차일드 여수웅천점
비치골프아카데미
비치 골프 아카데미
비치센타골프존
비치센타(골프존)(더비치)/더비치키즈랜드
다욧이엠에스
더(The) 연필라테스
경희대인성태권도
블럭월드
지웰당구클럽
블럭월드
지웰당구클럽
크로스핏 여수
크로스핏 여수
블럭월드
블럭월드
포니비베이비카페
포니비베이비카페
팀 타일런트여수지부
주식회사에버산업개발
화신
오동도관광호텔
오동도호텔
(주)소노인터내셔널 여수지점
(주)소노인터내셔널
더마스(THE MAS)/주식회사 에버산업개발
여수시청
오동도 모터보트 협회
포유
코인호텔
이코노미호텔 여수
(주)여수씨월드
낭만바다
베네치아 호텔 앤 리조트/(주)푸른산업
주식회사 푸른산업
호텔프로방스
(주)유탑마리나 호텔&리조트
주식회사 여수낭만바다요트
여수엑스포비치펜션
안녕,여수
세화 모텔
밍크모텔
파라다이스스파호스텔
여수애 펜션
HS관광호텔
골든파크호텔
MJ관광호스텔
(뉴)낙원모텔
꿈
덕원장
두리모텔
동원장
비닐엘피컴퍼니
여수모텔
황제파크
파티
머루장
옥돌당구장
수림장
광무관
광무 짐(GYM)
이하우스(e-house)
시드니
챔피언당구장
챔피언 당구장
노리터 PC CAFE
라벤다모텔
황금모텔
로얄모텔
쥬얼리모텔
수안모텔
두바이 모텔
E하우스모텔
W모텔
화요일
동서볼링센타
타워모텔
로얄각
박영숙요가연구소 척추골반운동원
나산각여관
동원장
라벤다
동서볼링쎈타
해적선
풍경민박
비치,다 펜션
해림민박
호스텔
여수펜션
우리누리 스포츠
동아문고
플로잉뮤직교습소
오감키즈카페 꼼지락 여수웅천점
아르떼(Arte)음악학원
고은소리피아노학원
EE고려대학교국제어학원영어교육프로그램웅
수학의 신
광무교육관
웅천광무관
시니에스타(SHINIESTA)
주식회사 아이앤맘산모전문케어센터
뮤엠영어웅천학원
플레이팩토 여수웅천센터
웅천바둑교실
마리앤모리
웅천필라테스
데이유 플라워
예울음악학원
돌체음악학원
차수학조앤영어학원
엘피아노
신명화원
오늘도요가
해맑은 어린이서점
별책방
비밀의화원
로도울
토화
웅천요양보호사교육원
노드 필라테스
공감플라워
위스터디
E.J엔터테인먼트한독아카데미
더그린(The Green)
여수시육아종합지원센터
시선
웅천하이텐수학&뮤엠영어학원
바디스미스
책을읽는아이들 서점
크리아트여수웅천송현원미술교습소
아이크미 여수 웅천센터
호텔퍼스트시티
유한회사 퍼스트숙박
요니의 작업실
웜브리즈
주식회사 가우도해양레저(여수지점)
주식회사 지오클럽
주식회사 펀오션
(주)대한이앤씨
한화호텔앤드리조트(주)여수벨메르
유토피스트(UTOPISTE)
바디엠스튜디오
키즈다쿵2
주니어1234
에스브이오 잉글리쉬학원
능률영어
꿈에그린수학
심시완
포레나뮤엠영어
여수 오감스토리
신홍식
양동순
DEAR BODY PILATES STUDIO
캐피타운여수웅천어학원
유한회사 여수해양레저
웅천쿠킹클래스
지웰피아노교습소
웅천꽃농장
IBT주니어어학원
유한회사 여수안전체험장
인피니트 수학학원
세경건설(주) 여수지점
작심여수웅천점독서실
큐이디(QED) 2% 골프아카데미
모아음악학원
조이팩토리
개인교습
CGV여수웅천
주식회사 동아씨네
에스핏점핑
윤피아노하우스
송현 쎈 클래스
새나피아노학원
조이매스창의수학웅천
마인드
송현피아노학원
블루밍 제인 여수점
차일드유웅천PLS학원
웅천MTA태권도장
애플몽키 웅천점
웅동음악학원
전용창피아노개인레슨
그림쟁이
쿠스타 필라테스
여수베이원파크
이월드(E-world)어학원
웅천베이원파크322호
피아노가있는풍경
이월드(E-world) 어학원
사단법인대한수상안전교육협회전남동부지부
유빅어학원
테드 (TED)어학원
유진TNT웅천어학원
김진옥 벨리댄스학원
꽃을봄
흙놀이터
스윗하우스(J아뜰리에)
좌수영해동검도관
행복한동행KTI 용인대 웅천태권도
라임미술학원
로사음악학원
트라움 음악학원
수스잉글리쉬영어교습소
그림아트스튜디오미술학원
지웰영어교습소
페르마타음악전문학원
클라비에음악학원
포토플라워
도손도손
웅천 검도관
그곳애
아시아자동차운전학원
여수승마장
이화파크모텔
재능속셈학원
쉐르빌모텔
황토방모텔
코리아
바다수족관
공항서점,문구
상봉야생화
에그갤러리
나라찬태권도장
진남서적
주식회사 빅스
두언 27
피스테라
주식회사 드론세상
치유의숲
오늘
국가대표탁구장
아름다운 갤러리
여수공항명품갤러리
바다수족관
브라보
왕바위길
황토방모텔
여수다육농장
더엘관광호텔
바다의언덕
KEY WEST (키웨스트)
키웨스트 엔터테인먼트
낭만밤바다펜션,리조트
여수PC방
썬비치타운 펜션
스위치 여수낭만점
썬비치 펜션 호스텔
아모르호스텔
꽃뜰펜션
에이플랜
삼학1947
여수야호스텔펜션
여수낭만153
여수낭만153
주식회사 바다153
오성모텔
여수125
(주)수
휴고펜션&호스텔
시원아키브
주식회사 판타지아트뮤지엄
제이케이 골프 탑라이너
종로엠스쿨여수안산학원
올리비아
메디치 가든
하얀나무미술학원
캘리한조각
젠떼(Gente)커피교육전문학원
플라워컨셉
느루플라워(NEURU FLOWER)
프로당구클럽
프로당구장
여수악기가구
동동책방
유앤라
모립스터디독서실
클래스듀
빠끔살이
빠끔사리
잉글리쉬퍼스트(English First)
스타태권도장
Jy헬스클럽
도도27호스텔
갤러리민박
(주)다민디엔아이
휴 호스텔
거북선펜션
시티골프연습장
모닝글로리여수봉계점
방방놀이터(점폴린파크)
키즈엠전남동부지사
여수 (J댄스)
여수스티카
청실홍실수예점
천일서점
엘리제피아노학원
서정문구사
인쇄.출판그리을
아트올
터미널 휘트니스
여수중앙영창피아노
호남무용학원
이당표구사
서울화랑
해피클래스독서실
해피클래스인터넷독서실
큰사랑요양보호사교육원
슬리스짐
여수골프존
늘푸른스터디학원
여수식물원
아띠pop예쁜글씨
여수식물원
리드미피아노학원
희망문구
주식회사여수아이티신도리코
지센학원
토킹클래스학원
오피스디포여수점
미평잉글리쉬무무학원
미평 스크린골프장
여수에덴 요양보호사 교육원
여수에덴요양보호사교육원
여수스크린골프장
남천플라워샵
정
이지학원
김기빈종합피아노
성심화원
호남요리제과직업전문학교
리하이필라테스
튼튼영어
라벨로즈플라워
주식회사 여수관광레저
골프P
박휘철골프아카데미
골프존P
루카스영어학원
더클래식피아노학원
더클래식음악학원
바른무용학원
힐링태극권
방방놀이터
용인대체육관
해냄독서실
윤미라피아노학원
명리학원
마초Boxing다이어트아카데미Gym
방방놀이터
놀이로여는세상
정인호 영어공부방
왕호태권도장
루카스영어교습소
아마빌레음악학원
MG꿈키우미 미술교습소
매글리시 공부방
로얄과외교실
개인과외
떡나무
한국도예
그리다 기획
여수중장비학원
여수시농업기술센터
(주)파인밸리골프클럽
한미애드
(주)갤럭시스포츠
아뜰리에 감성 천사점
꽃동네
삼익피아노
김정문알로에중앙대리점
시험정보은행영진서점
보망드뷰티아카데미미
실로암간호학원
예인컴퓨터학원
유성모텔
대음사레코드
김성호컴퓨터.전산회계학원
아우라뷰티칼리지미용학원
고향문구
(주)광주은행여수지점
세인푸드.K 그랜드 호스텔
구동현컴퓨터전산회계학원
중앙컴퓨터직업능력개발학원
중앙시티당구장
화단
신광공예사
드림메이드
유한회사 드림메이드
센트베이지
메가시티
헬스까페
여수기독교백화점
여수기독교서적백화점
중앙산업(주)
성문인쇄사
서울수족관
서울수족관
황하인쇄출판사
올굿띵스
국일문화사
업사이클 팩토리
제일화원
진남맨숀
푸른화원
미스터힐링 여수 이순신광장점
알로하디자인스튜디오
사회복지시설여수다문화복지원
스노우 화이트 하우스
에프원유한회사
알로하플라워스튜디오
고흥화원
한양민속불기사
더엠앤제이
(사)여수진남거북선축제보존회
씨티당구클럽
모든오피스여수점
코딩아이두 여수지사
키노스크린
중앙화원
서향아랑고고장구
탑플레이스PC방
J요가교실
(주)아트박스여수점
신선골프존
커뮤니케이션조은,조은기획
(유)신선스포렉스
더베스트점핑클럽
우리노리 협동조합
블루밍민박
홍지서림
알파 여수점
홍지서림
신생모텔
라스베가스
썬라이즈
썬모텔
산수장
산수장여관
삼성당
와이틴
태진관광(주)
MBC아카데미미용학원
주식회사맑음관광
헤어창조아카데미학원
풍경꽃방
여수꽃화원
교동여관
명성간호학원
별무인텔
달무인텔
제이미모텔
주식회사 호텔케니여수
사또주류전문점
아이엔지(ING)핫요가
충무당구장
여수당구장
오페라뮤직
망고네
현대서점
여수서림
대박
(이)E. 프렌즈 영어
미라클헬스클럽
난주시장
여수국악사
포르투나2호
사회복지법인홍익
별 달
아우라PC방(AULA PC ZONE)
타이티디브이디영화관
봄날공방
오거리플라워샵
신나라레코드
셀픽스
터틀빈게스트하우스
하루필름
대음레코드
오동도2
청탐수학교습소
윤혜진피아노교습소
뮤엠영어 중앙초점
그런봄날
러블리공방
오늘이호스텔
오늘이 펜션&호스텔
더여수호스텔
주식회사 비치
(주)건웅디앤아이
오동도2
오동도
낭만스테이
여수해랑
여천삼익피아노
프라자모텔각
서울각
리츠칼튼(시드니파크)
(주)코아
아일랜드모텔
모텔비젼
노블하우스
여수문구센터
킹하우스
비디오세계
관광호텔노블레스
중앙꽃직매장
아일랜드모텔
국제학원
햇살가득한집
미광컴퓨터학원
삼정모텔
세종단과학원
여수동양볼링장
정일학원
자이모텔
노블하우스
석탑학원
상록아카데미학원
뉴월드모텔
잉글리쉬존아카데미
형설학원
삼정모텔
길손화원
이스터너어학원
이수학원
타워각
김철기탁구교실
(주)대정
아이큐컴퓨터학원
올림픽탁구장
캔디
김광석수학학원
일호아카데미학원
랑데부당구장
여수직업전문학교
청어람학원
글로벌명문아카데미학원
경희대학동태권도
신동아태권도장
한양영어
신동바둑학원
한수학교습소
프라임독서실
샵모텔
잉글리쉬아트스쿨영어미술학원
테솔 수 어학원
서화진과학 JOHN 영어
베리타스학원
다이나믹학원
아이비티주니어전준어학원
버디모텔
여천대성학원
삼성영어여천도원학원
숙명무용학원
티쳐스잉글리쉬학원
여수시청소년수련관
은혜화원
파크모텔
명동각
힐모텔
플레이스포츠센터
태종모텔
신라파크
경아의 여수카빙교실
온누리화원
월드바리스타학원
도쿄외국어학원
꽃배달되요
푸른숲발달지원센터
PC PANG
PC팡
유레카수학과학학원
황일호 수학과학학원
퍼스트마린
이상봉영어교습소
소라난원
울림피아노음악교습소
빼빼로쌤영어교습소
김성은영어교습소
레인보우
예성각
오션힐
무궁장
박준화실용음악학원
테솔잉글리쉬
주니어그린섬미술학원
이제마체질여천독서실
요미요미미술학원
이제마체질독서실
현아트
벨리시모하우스
정원이예쁜단독주택
동동화원
새소망플라워삽
샘당구장
토완도예
디자인 신화
애니팝만화카페
해양경찰교육원
대양서림여서점
소청섭수학교육학원
다솜디자인
풍경민박펜션
한가람독서실
매스캔에브라임수학학원
현대체육관
이종호태권스쿨
온화
FCL어학원
아름다운공방
밝은피아노교습소
예찬음악학원
꼼꼼한속셈학원
좋은문구
아이사랑 광무관
조국체육관
수나 그림 공방
해성유소년스포츠클럽
해성 스포츠 클럽
대성액자
Manusj 가죽공예작업실
에쎈셜 영어교습소
예쁜손음악학원
영재피아노학원
이노토익학원
파인슐레해맑은어학원
이종호태권스쿨
용인대 엘리트 태권도장
에듀솔루션
담은보자기
유리정원
오감플러스학원
여수대영수족관
선원스크린골프존
플래니끄
해피당구장
까치당구클럽
태후
롯데당구장
리우(LIU)
여수산업기술학원
ING전국꽃배달
홍초공방
대영수족관
만필꽃화원
거송직업전문학교
PT&발란스
알파 무선죽림점
피티n발란스
호수당구클럽
즐거운골프연습장
소르르
바다드림
덕희다육&야생화
힐사이드
여수화원
꽃밭등민박
변정옥도예공방
통나무민박
글로리아팬션
그래이스팬션
스카이팬션
바닷길
해와달펜션
시크릿 가든펜션
드메르
마린테라스
마린테라스1
여수마상승마장
동백조경
드림컴퍼니
해리의우리음식연구소
소호승마클럽
여수승마장
치유문화공간집 주식회사
여수헤펠레목공방
행복농장
영농조합법인 화양
뷰(VIEW) 21
설렘 호스텔
설렘호스텔
글로리아호스텔
그린하우스민박
그린하우스
노을드림
모리아
무지개민박
무지개펜션민박
굿모닝펜션민박
프로방스펜션민박
노을빛펜션민박
노을빛펜션
아트펜션
황금들녘펜션민박
비치캐슬
쏠레비치
물음표펜션
느낌표 펜션
가연스테이
오마이 가족 독채 펜션
콘파레공방
공미연공예교실
와우펜션A동
와우펜션민박A동
포르르
와우펜션민박C동
여수더하루펜션
와우펜션민박D동
여수 자매로 캠핑장
YOU N I (유앤아이)
청심국제해양청소년수련원
아티스트
뉴제이플러스펜션D동
더제이플러스펜션F동
제이플러스펜션B동
뉴제이플러스펜션C동
노을과바다관광농원
별헤는바다
암오푸(AMOFU)
소풍노리ART체험학습장
농업회사법인여수재활승마주식회사
구름속으로
힐링호텔
마루민박팬션
나진 스테이
농업회사법인주식회사엑스포관광농원
언덕위에 펜션
무인카페민박펜션
콘파레펜션민박
나무인su(수)
예원민박
백야도등대민박
벨르펜션
끌레르 온수수영장펜션
메르온수수영장펜션
해뜨는 언덕
안포씨농어촌체험휴양마을
광포학원
비엔나피아노학원
우리난원
아그네스
송희네다육세상
신문유통원서여수센터
블랙홀당구클럽
와요펜션(휴게소)
사도한옥민박
개도민박
상호민박
태란펜션
백야하루
바다와등대펜션민박
백야 어촌체험휴양마을
여수민박백호펜션
메디펜션
자모솟대
공감민박
백야공감(더뷰리조트)
모래성 한옥 펜션
우리동네
신흥휴양마을
도가한옥민박
낭도의아침민박
월매민박
낭만낭도 어촌체험 휴양마을 협의회
낭만낭도어촌체험휴양마을협의회
호령민박
시로에이(A)
시로 C
시로비(B) 풀빌라
우리바다민박
하늘땅바다팬션민박
시로(Siro)
남백
섬그늘민박
섬그늘
바라보다펜션
엑설런트미술보습학원
엘리트태권도스쿨
삼정모텔
오아시스주짓수
왔다문구
(사)한국문화교육협회평생교육원
경희음악학원
연..
제일서적
세계웅변학원
크리스챤백화점
파렌하이트
더조은여수간호학원
여수간호학원
로즐리플라워
빅스타연기학원
퀼트동화
오작교화원
여천유도관
여수제일공인중개사학원
피지컬피트니스
제일꽃백화점
제일꽃백화점
디자인나라
여수향토요리문화학원
모이세당구장
프로당구장
프로당구장
엘리실용음악학원
당구세상
칸타빌레(cantabile) 음악학원
히스엔터테이먼트",https://blog.naver.com/yconfig/223066712623,it daily blog,20230406,2026-04-27 14:44:36
옐로우로즈해리카운티,하버드대학교,"하버드 동문, 교수진 및 연구원은 존재하는 동안 수많은 국가 원수 및 미국 대통령, 노벨상 수상자, 필즈 메달리스트, 의회 의원, 맥아더 펠로우, 로즈 장학생, 마샬 장학생 및풀 브라이트 장학생;... ","하버드 대학교
""하버드""는 여기로 리디렉션됩니다. 다른 용도에 대해서는
Harvard (동음이의)
를 참조하십시오.
하버드 대학교
팔의 외투
라틴어
:
하버디아나 대학교
이전 이름
하버드 대학
모토
베리타스
(
라틴 문자
)
[1]
영어 모토
진실
형
사립
연구 대학
설립
1636년; 386년 전
[2]
시조
매사추세츠 일반 법원
인증
네체
학술 제휴
AAU
NAICU
AICUM
URA
스페이스 그랜트
기부
509억 달러(2022)[
3
]
[4]
대통령
로렌스 바카우
프로보스트
앨런 가버
교직원
~2,400명의 교수진(및 >부속 교육 병원에서 10,400명의 학업 약속)
[5]
학생
19,218명 (2020년 가을)
[6]
학부생
5,222명(2020년 가을)
[6]
대학원생
13,996명(2020년 가을)
[6]
위치
케임브리지
,
매사추세츠
, 미국
42°22′28""N71°07′01""W
좌표
:
42°22′28""N71°07′01""W
캠퍼스
중형 도시
[7]
, 209에이커(85헥타르)
신문
하버드 크림슨
색상
크림슨, 화이트, 블랙
[8]
별명
진홍색
스포츠 제휴
NCAA 디비전 I
FCS
–
아이비 리그
마스코트
존 하버드
웹 사이트
하버드.에듀
하버드 대학교
는
매사추세츠 주 케임브리지
에 있는
사립
아이비리그
연구 대학
입니다. 1636년 하버드 대학으로 설립되어 최초의 후원자인
청교도
성직자
존 하버드의
이름을 따서 명명된 이 대학은 미국에서 가장 오래된 고등 교육 기관이자 세계에서 가장 권위 있고 높은 순위의
대학
중 하나입니다. [
9
]
[10]
이 대학은 10 개의 학부와
하버드 래드클리프 연구소
로 구성되어 있습니다. 예술 및 과학 학부는 다양한 학부 및 대학원
학문 분야에서
공부를 제공하며 다른
학부는
전문 학위를 포함한 대학원 학위 만 제공합니다. 하버드에는 3 개의 주요 캠퍼스가 있습니다 :
[11]
하버드 야드
를 중심으로 한 209 에이커 (85 헥타르)의 캠브리지 캠퍼스;
보스턴
의
올 스턴 (Allston
) 지역에있는
찰스 강 (Charles River
) 건너편에 인접한 캠퍼스; 보스턴의
롱우드 메디컬 에어리어에 있는 메디컬 캠퍼스
.
[12]
하버드의 기부
금은 509억 달러로 평가되어 세계에서
가장 부유한 학술 기관
입니다. [
3
]
[4]
하버드의 학생 당 기부금은 미국에서 다섯 번째로 큰 규모입니다.
[13]
기부금 수입을 통해 학부 대학은
재정적 필요에 관계없이 학생들을 입학
시키고 대출 없이 관대한 재정 지원을 제공할 수 있습니다.
[14]
하버드
도서관은 약 2,040만 개의 항목을 소장하고 있는 79개의 개별 도서관으로 구성된 세계 최대의 학술 도서관 시스템입니다. [15][16][
17]
[
18
]
하버드의 설립은
매사추세츠 식민지 입법부에
의해 승인되었으며, ""우리의 현재 목사들이 먼지 속에 누워있을 때 문맹
인 사역
을 교회에 맡기는 것을 두려워합니다""; 공식적으로 어떤
교단
과도 제휴한 적이 없지만 초창기에는 하버드 대학이 주로
회중
성직자를 훈련시켰습니다. 커리큘럼과 학생 단체는 18 세기에 점차 세속화되었습니다. 19세기까지 하버드는
보스턴 엘리트
들 사이에서 가장 저명한 학술 및 문화 기관으로 부상했습니다. [
19
]
[20]
미국 남북 전쟁
이후
찰스 윌리엄 엘리엇
대통령의 오랜 재임 기간(1869-1909) 아래 이 대학은 대학을 현대적인
연구 대학
으로 탈바꿈시킨 여러 제휴 전문 학교를 개발했습니다. 1900 년 하버드는
미국 대학 협회
를 공동 설립했습니다.
[21]
James B. Conant
는
대공황
과
제2차 세계 대전
을 통해 대학을 이끌었고 전쟁 후 입학을 자유화했습니다.
하버드 동문, 교수진 및 연구원은 존재하는 동안 수많은 국가 원수 및 미국 대통령,
노벨상 수상자
,
필즈 메달리스트
,
의회 의원
,
맥아더 펠로우
, 로즈 장학생,
마샬
장학생 및
풀 브라이트 장학생
; 대부분의 지표에 따르면 Harvard는 이러한 각 범주에서 동문에서 전 세계 모든 대학 중 최상위 또는 거의 최상위에 랭크됩니다.
[22]
동문에는
8 명의 미국 대통령
과
188 명의 살아있는 억만 장자가
포함되어 있으며 이는 모든 대학 중 가장 많습니다. 14명의
튜링상
수상자는 하버드 계열사였습니다. 학생과 졸업생은
10 개의 아카데미
상, 48 개의
퓰리처 상
,
110 개의 올림픽 메달
(금 46 개)을 수상했으며
많은 주목할만한 회사를
설립했습니다.
목차
1
역사
1.1
식민지 시대
1.2
19 세기
1.3
20 세기
1.4
21 세기
2
캠퍼스
2.1
캠브리지
2.2
올스턴
2.3
롱
2.4
다른
3
조직 및 관리
3.1
거버넌스
3.2
기부
3.2.1
박탈
4
학자
4.1
교육 및 학습
4.2
연구
4.3
도서관 및 박물관
4.4
평판과 순위
4.5
학교 순위
5
학생 생활
5.1
학생회
5.2
육상 경기
6
하버드 대학교 공보
7
주목할만한 사람들
7.1
동창
7.2
학부
8
문학과 대중 문화
8.1
문학
8.2
필름
9
참고 항목
10
노트
11
참조
12
서지학
13
외부 링크
역사
이 부분의 본문은
하버드 대학교의 역사입니다.
식민지 시대
참조 :
존 하버드 (성직자)
하버드 졸업장에서 발견된
하버드 코퍼레이션
인장.
Christo et Ecclesiae
(""그리스도와 교회를 위하여"")는 하버드의 여러 초기 모토 중 하나입니다.
[23]
폴 리비어
의
하버드 대학
판화, 1767년
하버드는 1636년 식민지,
혁명 이전 시대에
매사추세츠 베이 식민지
의 대법원과 일반 법원의 투표로 설립되었습니다. 1638 년에이 대학은
영국 북미
최초의 알려진 인쇄기를 인수했습니다. [
24][25
]
1639년에는 매사추세츠로 이주한 직후 사망한 영국 성직자
존 하버
드가 780파운드와 약 320권의 도서관을 남긴 후 하버
드 대학
으로 명명되었습니다.
[26]
하버드 코퍼레이션
을 설립하는 헌장은 1650 년에 승인되었습니다.
1643년 간행물은 대학의 목적을 ""학문을 발전시키고 후손에게 영속시키는 것""을 정의했으며, 현재의 목사들이 먼지 속에 누워 있을 때 문맹인 사역을 교회에 맡기는 것을 두려워합니다.
[27]
이 대학은 초기에 많은 청교도 목사들을 훈련시켰고
[28]
영국 대학 모델(식민지의 많은 지도자들이
케임브리지 대학
에 다녔음)에 기반을 둔 고전적인 커리큘럼을 제공했지만
청교도
주의
의 교리에도 부합했습니다. 하버드는 특정 교단에 가입한 적이 없지만 초기 졸업생 중 다수는 계속해서 청교도 성직자가 되었습니다.
[29]
매더
는 1681년부터 1701년까지 하버드 대학의 총장을 역임했습니다. 1708 년
존 레버 렛 (John Leverett
)은 성직자가 아닌 최초의 총장이되어 대학이 청교도주의에서 지적 독립으로 전환되었음을 알렸다.
[30]
19 세기
하버드 야
드에 있는
존 하버드 동상
19세기에는 이성과 자유 의지에 대한
계몽
주의 사상이 회중 목사들 사이에 널리 퍼져 있었고, 그 목사들과 그들의
회중
은 보다 전통주의적이고
칼빈주의
정당과 갈등을 겪었습니다.
[31]
: 1–4
홀리스 신학 교수
데이비드 태판
이 1803년에 사망하고
조셉 윌라드
대통령
이 1년 후 사망했을 때, 그들의 교체를 놓고 투쟁이 일어났습니다.
헨리 웨어
는 1805년 홀리스 의장으로 선출되었고, 2년 후 자유주의자
사무엘 웨버
가 대통령으로 임명되어 하버드의 전통적인 사상에서 자유주의적이고 알
미니안주의적인
사상으로의 전환을 알렸습니다.
[31]
:
4–5
[32]
: 24
1869년부터 1909년까지 하버드 총장이었던
찰스 윌리엄 엘리엇(Charles William Eliot
)은 기독교의 선호되는 위치를 커리큘럼에서 제거하고 학생의 자기 주도에 개방했습니다. 엘리엇은 미국 고등 교육의 세속화에 영향력 있는 인물이었지만, 세속주의보다는
윌리엄 엘러리 채닝
,
랄프 왈도 에머슨
및 당시의 다른 사람들의 영향을 받은
초월주의
적 유니테리언
신념에 더 많은 동기를 부여받았습니다.
[33]
1816 년 하버드는
George Ticknor
를이 언어 프로그램의 첫 번째 교수로 삼아
프랑스어
와
스페인어
연구에서 새로운 프로그램을 시작했습니다.
20 세기
리처드 럼멜의 1906년 수채화 풍경, 북동쪽을 향하고 있다.
[34]
하버드의 대학원은 19세기 후반에 소수의 여성을 입학시키기 시작했습니다.
제2차 세계 대전
중 래드
클리프 대학
(1879년 설립 이후 하버드 교수들에게 여성을 위한 강의를 반복하도록 돈을 지불해 왔음)의 학생들은 남성과 함께 하버드 수업에 참석하기 시작했습니다.
[35]
1945 년에 여성은
처음으로 의과 대학
에 입학했습니다.
[36]
1971년부터 하버드는 래드클리프 여성을 위한 학부 입학, 교육 및 주택의 모든 측면을 본질적으로 통제했습니다. 1999 년 래드클리프는 공식적으로 하버드에 합병되었습니다.
[37]
20세기에 하버드의 명성은 기부금이 급증하고 저명한 지식인과 교수가 대학에 소속되면서 커졌습니다. 대학의 급속한 등록 증가는 또한 새로운 대학원 학업 프로그램의 설립과
학부 대학의
확장의 산물이었습니다. 래드클리프 칼리지는 하버드 칼리지의 여성 학교로 부상하여 미국에서 가장 유명한 여성 학교 중 하나가 되었습니다. 1900 년 하버드는
미국 대학 협회
의 창립 멤버가되었습니다.
[21]
사회학자이자 저술가인
제롬 카라벨
에 따르면, 20세기 초반의 학생회는 주로 ""오래된 주식, 높은 지위의
프로테스탄트
교인, 특히
성공회
,
회중교,
장로교인
""이었습니다.
[38]
하버드에서 유대인 학생의 비율이 20%에 도달한 지 1년 후인 1923년,
A. 로렌스 로웰
총장은 유대인 학생의 입학을 학부 인구의 15%로 제한하는 정책 변경을 지지했습니다. 그러나 로웰의 생각은 거부되었습니다. Lowell은 또한 대학의
신입생 기숙사
에서 강제 인종 차별 철폐를 명령하는 것을 거부하면서 ""우리는 유색인에게 우리가 백인에게 하는 것과 동일한 교육 기회를 빚지고 있지만, 그와 백인을 상호 우호적이지 않거나 그렇지 않을 수 있는 사회적 관계로 강요할 의무는 없습니다."" [
39
][
40][41]
[42
]
제임스 B. 코넌트
총장은 1933 년부터 1953 년까지 대학을 이끌었습니다. Conant는 미국과 세계의 신흥 연구 기관 중에서 하버드의 탁월함을 보장하기 위한 노력의 일환으로 창의적인 학문을 활성화했습니다. Conant는 고등 교육을 부유한 사람들을 위한 자격보다는 재능 있는 사람들을 위한 기회의 수단으로 보았습니다. 따라서 그는 재능 있는 청소년을 식별, 모집 및 지원하는 프로그램을 고안했습니다. Conant의 지도력하에 1945 년 하버드 교수진이 발행 한 영향력있는 268 페이지 보고서,
자유 사회에서의 일반 교육은
커리큘럼 연구에서
가장 중요한 작품 중 하나입니다.
[43]
1945 년과 1960 년 사이에 입학은보다 다양한 그룹의 학생들에게 대학을 개방하기 위해 표준화되었습니다. 예를 들어,
제 2 차 세계 대전
후 재향 군인이 입학을 고려할 수 있도록 특별 시험이 개발되었습니다.
[44]
더 이상 일부 뉴잉글랜드
예비 학교에서
주로 뽑히지 않고
학부 대학은
공립학교의 노력하는 중산층 학생들이 접근할 수 있게 되었습니다. 더 많은 유대인과 가톨릭 신자가 입학했지만 여전히 흑인, 히스패닉 또는 아시아인은 일반 인구에서 이러한 인구 집단의 대표성에 비해 거의 없습니다.
[45]
20세기 후반에 걸쳐 하버드는 점차 훨씬 더 다양해졌습니다.
[46]
21 세기
하버드 래드클리프 연구소
의 학장이었던 드
류 길핀 파우스트는
2007년 7월 1일 하버드 최초의 여성 총장이 되었습니다.
[47]
2018년 파우스트는 은퇴하고
골드만 삭스
이사회에 합류했습니다.
2018 년 7 월 1 일,
로렌스 바코 우는
하버드의
29 대 총장
으로 임명되었습니다.
[48]
2022년 6월, Bacow는 2023년에 은퇴할 계획이라고 발표했습니다.
캠퍼스
기념관
메모리얼 교회
캠브리지
참조 : 하버드 신학교, 하버드 디자인 대학원, 하버드
교육 대학원
, 하버드
존 A. 폴슨 공학 및 응용 과학 대학
, 하버드
케네디
스쿨,
하버드 로스쿨
및
하버드 래드클리프 연구소
하버드의 209 에이커 (85 헥타르) 메인 캠퍼스는
보스턴
시내에서 서북서쪽으로 약 3 마일 (5km) 떨어진 케임브리지의 하버드 야드 ( ""야드"")를 중심으로하며 주변
하버드 스퀘어
지역으로 확장됩니다. 야드에는
대학
홀 및
매사추세츠 홀
과 같은 관리 사무실이 있습니다.
Widener
,
Pusey
,
Houghton
및
Lamont
와 같은 도서관; 그리고
기념 교회
.
야드와 인접 지역에는
Sever
Hall 및
Harvard Hall
과 같은 대학을 포함한
예술 및 과학 학부
의 주요 학업 건물이 포함됩니다.
신입생 기숙사
는 마당에 있거나 인접해 있습니다. 상류층은
찰스 강
근처의 야드 남쪽 9채, 래드클리프
쿼드랭글
(이전에는
래드클리프 칼리지
학생들을 수용했던)의 야드에서 북서쪽으로 반 마일 떨어진 12채의
주거용 주택
에 살고 있습니다. 각 집은 학부생, 교수 학장 및 레지던트 튜터의 커뮤니티이며 자체 식당, 도서관 및 레크리에이션 시설을 갖추고 있습니다.
[49]
또한 캠브리지에는
법
학, 신
학 (신
학),
공학 및 응용 과학
,
디자인
(건축),
교육
,
케네디
(공공 정책) 및
확장
학교와 래드클리프 야드의
래드클리프 고급 연구 연구소
가 있습니다.
[50]
하버드는 또한 케임브리지에 상업용 부동산을 보유하고 있습니다. [
51][52
]
올스턴
참조 :
매사추세츠 주 올스턴에있는 하버드 대학교의 확장
하버드 비즈니스 스쿨
, 하버드
이노베이션 랩 및 하버드
스타디움
을 포함한 많은 운동 시설은 캠브리지 캠퍼스에서
찰스 강
건너편 보스턴 지역인
올스턴
[
53]
의 358에이커(145헥타르) 캠퍼스에 있습니다. 찰스 강을 가로지르는 보행자 다리인
존 W. 위크스 브리지
는 두 캠퍼스를 연결합니다.
이 대학은 현재 캠브리지보다 더 많은 토지를 소유하고있는 Allston으로 적극적으로 확장하고 있습니다.
[54]
계획에는 비즈니스 스쿨, 호텔 및 컨퍼런스 센터, 대학원생 기숙사, 하버드 스타디움 및 기타 운동 시설의 새로운 건설 및 개조가 포함됩니다.
[55]
2021에서
Harvard John A. Paulson School of Engineering and Applied Sciences
는 Allston의 새로운 500,000 + 평방 피트 과학 및 공학 단지 (SEC)로 확장 될 것입니다.
[56]
SEC는 엔터프라이즈 리서치 캠퍼스, 비즈니스 스쿨 및 하버드 혁신 연구소와 인접하여 기술 및 생명 과학 중심의 신생 기업과 성숙한 회사와의 협력을 장려합니다.
[57]
롱
참조 :
롱우드 의료 및 학업 분야
하버드 의과 대학
의과
,
치과 의학
및
공중 보건
학교는 캠브리지 캠퍼스에서 남쪽으로 약 3.3마일(5.3km) 떨어진 보스턴의 롱우드 의료 및 학업 지역에 있는 21에이커(8.5헥타르) 캠퍼스에 있습니다.
[12]
베스 이스라엘 디코니스 메디컬
센터,
보스턴 아동
병원,
브리검 여성
병원,
다나-파버 암
연구소,
조슬린 당뇨병 센터
,
Wyss 생물학 영감 공학 연구소
등 여러 하버드 계열 병원 및 연구 기관도 롱우드에 있습니다. 추가 계열사, 특히
매사추세츠 종합 병원
은 광역 보스턴 지역 전역에 있습니다.
다른
하버드는 워싱턴 D.C.의
덤바턴 오크스 연구 도서관 및 컬렉션
, 매사추세츠 주 피터샴의 하버드
포레스트
,
매사추세츠
주 콩코드의 에
스타브룩 우즈에
있는 콩코드 필드 스테이션,[58]이탈리아
피렌체
의
빌라 I 타티
연구 센터,[
59
]중국 상하이의 하버드 상하이 센터,
[60]
아
놀드 수목원을 소유하고 있습니다.
보스턴의
자메이카 플레인
지역에 있습니다.
조직 및 관리
거버넌스
학교
설립
하버드 대학
1636
약
1782
신성
1816
법
1817
치과 의학
1867
예술과 과학
1872
사업
1908
확장
1910
디자인
1914
교육
1920
공중 보건
1922
정부
1936
공학 및 응용 과학
2007
대학 인감
하버드는
감독위원회
와 하버드 대학 (하버드 법인이라고도 함)의 총
장 및 펠로우
의 조합에 의해 관리되며, 하버
드 대학의 총장을
임명합니다.
[61]
2,400명의 교수, 강사 및 강사를 포함하여 16,000명의 직원과 교수진
[62]
이 있습니다.
[63]
예술 및 과학
학부
는 가장 큰 하버드 교수진이며 하버드 대학,
예술 및
과학 대학원,
존 A. 폴슨 공학 및 응용 과학 대학(SEAS) 및
하버드
여름 학교와 하버드 익
스텐션 스쿨
을 포함하는
평생 교육 부서
에서 교육을 주로 담당합니다. 9 개의 다른 대학원 및 전문 학부와
래드클리프 고급 연구 연구소
가 있습니다.
매사추세츠 공과 대학
과의 공동 프로그램에는
하버드-MIT 보건 과학 및 기술 프로그램
,
브로드 연구소
,
경제 복잡성 관측
소 및
edX
가 포함됩니다.
기부
이 부분의 본문은
하버드 대학교 기부금입니다.
하버드는 2022년 현재 약 509억 달러에 달하는 세계에서 가장 큰
대학 기부금을
보유하고 있습니다. [
3
]
[4]
2007-2009
년의 경기 침체
기간 동안 상당한 손실을 입어 대규모 예산 삭감, 특히 Allston Science Complex 건설을 일시적으로 중단했습니다.
[64]
엔다우먼트는 그 이후로 회복되었습니다. [65][66][
67]
[
68
]
매년 약 20억 달러의 투자 수익이 운영 자금에 분배됩니다.
[69]
하버드가 학위 및 재정 지원 프로그램에 자금을 지원할 수 있는 능력은 기부금의 성과에 달려 있습니다. 2016 회계 연도의 저조한 성과로 인해
예술 과학 학부
에서 자금을 지원하는 대학원생 수가 4.4 % 감소했습니다.
[70]
기부금 수입은 수입의 22%만이 학생의 등록금, 수수료, 숙식에서 나오기 때문에 매우 중요합니다.
[71]
박탈
참조 :
재정 기부 § 비판과 개혁
1970년대부터 몇몇 학생 주도 캠페인은
아파르트헤이트
남아프리카 공화국,
다르푸르 대학살
당시
수단
,
담배
,
화석 연료
및
개인 교도소
산업에 대한 투자를 포함하여 논란의 여지가 있는 보유 자산에서 하버드의 기부금을
매각
하는 것을 옹호해 왔습니다. [
72][73
]
1980년대 후반, 남아프리카 운동
에서 철수
하는 동안 학생 활동가들은 하버드 야드에 상징적인 ""판자촌""을 세우고 남아프리카 공화국 부영사 듀크 켄트-브라운의 연설을 봉쇄했습니다. [
74][75
]
대학은 압력에 대응하여 결국 남아프리카 공화국의 보유량을 2억 3천만 달러(4억 달러 중)까지 줄였습니다. [
74][76
]
학자
교육 및 학습
매사추세츠 홀
(1720), 하버드에서 가장 오래된 건물
[77]
하버드 야드
하버드는 50개의
학부
전공,[
79
]134개의 대학원 학위,
[80]
및 32개의 전문 학위를 제공하는 대규모 고주거 연구 대학[
78]
입니다.
[81]
2018-2019 학년도 동안 Harvard는 1,665개의 학사 학위, 1,013개의 대학원 학위 및 5,695개의 전문 학위를 수여했습니다.
[81]
이 부분의 본문은
하버드 대학교
4년제 풀타임 학부 프로그램은
교양 및 과학
에 중점을 둡니다. [
78][79
]
보통 4년 동안 졸업하기 위해 학부생은 일반적으로 학기당 4개의 과목을 수강합니다.
[82]
대부분의 전공에서 우등 학위에는 고급 교과 과정과 수석 논문이 필요합니다.
[83]
일부 입문 과정은 등록 인원이 많지만 평균 학급 규모는 12명입니다.
[84]
연구
하버드는
미국 대학 협회
[
85]
의 창립 멤버이며 카네기 분류에 따라 예술, 과학, 공학 및 의학 전반에 걸쳐 ""매우 높은"" 연구 활동(R1)과 포괄적인 박사 과정을 갖춘 저명한 연구 대학입니다.
[78]
의과대학
이 연구 부문에서 의과대학 중 지속적으로 1위를 차지함에 따라
,[86]
의생명의학 연구는 대학에서 특히 강점이 있는 분야입니다. 11,000 명 이상의 교수진과 1,600 명 이상의 대학원생이 의과 대학과 15 개의 부속 병원 및 연구 기관에서 연구를 수행합니다.
[87]
의과 대학과 그 계열사는 2019 년
국립 보건원
으로부터 16 억 5 천만 달러의 경쟁 연구 보조금을 유치했으며 이는 다른 대학보다 두 배 이상 많은 금액입니다.
[88]
도서관 및 박물관
와이드너
도서관은
하버드 도서관
시스템을 기반으로 합니다.
.
헨리 무
어의 조각품
대형 4피스 리클라이닝 피규어
,
라몬트 도서관
근처
하버드 도서관 시스템은
하버드 야드의
와이드너
도서관을 중심으로 약 2,040만 개의 항목을 소장하고 있는 거의 80개의 개별
도서관
으로 구성되어 있습니다. [15][
16
]
[18]
미국 도서관 협회에 따르면 이것은 세계에서 가장 큰 학술 도서관입니다. [
16
]
[5]
Houghton Library, Arthur and Elizabeth Schlesinger Library on the History of Women in America, Harvard University Archives는 주로 희귀하고 독특한 자료로 구성되어 있습니다. 미국에서 가장 오래된 지도, 관보 및 지도책 컬렉션은 Pusey Library에 보관되어 대중에게 공개됩니다. 동아시아 이외의 지역에서 가장 큰
동아시아
언어 자료 컬렉션이
하버드-옌칭 도서관
에 소장되어 있습니다.
하버드 미술관
은 세 개의 박물관으로 구성되어 있습니다.
Arthur M. Sackler
Museum은 아시아, 지중해 및 이슬람 미술을 다루고
Busch-Reisinger
Museum (이전 게르만 박물관)은 중부 및 북부 유럽 미술을 다루며
Fogg Museum
은 중세부터 현재까지의 서양 미술을 다루며 이탈리아
초기 르네상스
, 영국
라파엘리트 이전
및 19 세기 프랑스 미술을 강조합니다.
하버드 자연사
박물관에는 하버드 광물학 박물관,
블라슈카
유리 꽃
전시회가 있는
하버드 대학교 허바리아
,
비교 동물학 박물관
이 있습니다. 다른 박물관으로는
르 코르뷔지에 (Le Corbusier
)가 설계하고 영화 아카이브가있는
카펜터 시각 예술 센터
, 서반구의 문화사와 문명을 전문으로하는
피바디 고고학 및 민족학
박물관, 중동 발굴 유물이 전시 된 하버
드 고대 근동 박물관
이 있습니다.
평판과 순위
학업 순위
국가의
아르우
[89]
1
포브스
[90]
15
그/
WSJ[
91]
1
U.S. News & World Report
[92]
3
워싱턴 월간
[93]
6
글로벌
아르우
[94]
1
큐에스
[95]
5
그[
96]
2
U.S. News & World Report
[97]
1
보이다
전국 대학원 순위
[98]
보이다
글로벌 과목 랭킹
[99]
전체 순위 중 세계 대학
학업 순위
(
ARWU)
는 하버드가 발표된 이후 매년 세계 최고의 대학으로 선정되었습니다.
[100]
QS
와 Times Higher Education이 협력하여 2004 년부터 2009 년까지
Times Higher Education-QS World University Rankings
을 발표했을 때 Harvard는 매년 1 위를 차지했으며 2011 년에 발표 된 이래로
세계 평판 순위
에서 1 위를 차지했습니다.
[101]
2019년에는
SCImago 기관 순위
에서 전 세계 1위를 차지했습니다.
[102]
대학 성과 측정 센터의
2019년 보고서에서 컬럼비아, MIT, 스탠포드와 함께 미국 연구 대학의 1단계에 선정되었습니다.
[103]
하버드 대학교는
뉴 잉글랜드 고등 교육위원회의
인증을 받았습니다
.
[104]
특정 지표 순위 중 하버드는
학업 성취도 기준
대학 순위(2019–2020)와
Mines ParisTech: 세계 대학 전문 순위
(2011)에서 모두 1위를 차지했으며,
이는 Fortune
Global 500
대 기업에서 CEO 직책을 맡고 있는 대학의 동문 수를 측정했습니다.
[105]
프린스턴 리뷰 (Princeton Review)
가 실시한 연례 여론 조사에 따르면 하버드는 학생과 학부모 모두에게 미국에서 가장 일반적으로 명명 된 ""꿈의 대학""상위 2 개 중 하나입니다. [106][107]
[
108
]
또한 최근 몇 년 동안
공과 대학
에 상당한 투자를 한 하버드는
Times Higher Education
에서 2019년 공학 및 기술 부문에서 세계 3위를 차지했습니다.
[109]
학교 순위
학교
설립
등록
U.S. News & World Report
하버드 대학교
1636
31,345
[110]
3
[111]
약
1782
660
1
[112]
신성
1816
377
해당 없음
법
1817
1,990
4
[113]
치과 의학
1867
280
해당 없음
예술과 과학
1872
4,824
해당 없음
사업
1908
2,011
5
[114]
확장
1910
3,428
해당 없음
디자인
1914
878
해당 없음
교육
1920
876
2
[115]
공중 보건
1922
1,412
3
[114]
정부
1936
1,100
6
[116]
공학
2007
1,750
21
[117]
학생 생활
2022년 5월 2일 현재 학생 수
구성 숨기기
인종과 민족
[118]
합계
하얀
36%
동양인
21%
히스패닉
12%
외국인
11%
검정
11%
기타
[a]
9%
경제적 다양성
저소득
층[b]
18%
풍요로운
[c]
82%
학생 생활과 활동은 일반적으로 각 학교 내에서 조직됩니다.
학생회
학부위원회는
대학생을 대표합니다.
대학원위원회는
12 개의 대학원 및 전문 학교의 학생들을 대표하며, 대부분은 자체 학생회를 가지고 있습니다.
[119]
육상 경기
이 부분의 본문은
하버드 크림슨입니다
.
학부 대학과 대학원 모두
교내 스포츠
프로그램을 가지고 있습니다.
하버드 대학은
NCAA
디비전 I
아이비 리그
컨퍼런스에서 경쟁합니다. 이 학교에는 전국의 다른 어떤 대학보다 많은 42개의 대학 간 스포츠 팀이 있습니다.
[120]
2년마다 하버드와 예일 육상 팀이 모여
옥스포드
와
케임브리지
가 합쳐진 팀과 세계에서 가장 오래된 국제 아마추어 대회에서 경쟁합니다.
[121]
다른 아이비리그 대학과 마찬가지로 하버드는
체육 장학금을
제공하지 않습니다.
[122]
학교 색상은 진홍색입니다.
하버드와
예일의
운동 경쟁은 그들이 만나는 모든 스포츠에서 치열하며 매년 가을 1875년으로 거슬러 올라가는
연례 축구 회의
에서 절정에 이릅니다.
[123]
하버드 대학교 공보
하버드 대학 가제트
라고도 불리는 하버드 가제트는
하버드 대학의
공식 언론 기관입니다. 이전에는 인쇄 출판물이었지만 지금은 웹 사이트입니다. 그것은 대학에서 연구, 교수진, 교육 및 행사를 홍보합니다. 1906 년에 시작된이 행사는 원래 뉴스와 이벤트의 주간 달력이었습니다. 1968 년에는 주간 신문이되었습니다.
Gazette
가 인쇄 출판물이었을 때, 그것은 하버드 뉴스를 따라 잡는 좋은 방법으로 간주되었습니다 : ""주간 독서가 가장 적합하다면, 가장 포괄적이고 권위있는 매체는
하버드 대학 가제트
입니다.""
2010년에
Gazette
는 ""인쇄 우선에서 디지털 우선 및 모바일 우선"" 간행물로 전환하고 출판 일정을 격주로 줄이면서 이전에
보스턴 글로브
,
마이애미 헤럴드
및
AP 통신
에서 일했던 일부 기자를 포함하여 동일한 수의 기자를 유지했습니다.
주목할만한 사람들
동창
이 부분의 본문은 하버드 대학교
사람들
목록,하버드 대학교
비대학원 졸업생
목록,
하버드 대학교 소속 노벨상 수상자 목록
3 세기 반 이상 동안 하버드 동문들은 사회, 예술 및 과학, 비즈니스, 국내 및 국제 문제에 창의적이고 크게 기여했습니다. 하버드 동문에는
8 명의 미국 대통령
, 188 명의
살아있는 억만 장자
,
79 명의 노벨상 수상자
, 7 명의 필즈 메달 수상자, 9 명의 튜링 상 수상자, 369 명의
로즈
장학생, 252 명의
마샬 장학생
, 13 명의
미첼 장학생이
있습니다. [124][125][126]
[
127]
하버
드 학생과 졸업생은 10개의
아카데미
상, 48개의
퓰리처상
,
108개의 올림픽
메달(금메달 46개 포함)을 수상했으며
전 세계적으로 많은 주목할만한 회사를
설립했습니다. [
128][129
]
주목할만한 하버드 동문은 다음과 같습니다.
미국의 2대 대통령
존 애덤스
(AB, 1755; AM, 1758)
[130]
미국의 6대 대통령
존 퀸시 애덤스
(AB, 1787; AM, 1790)[
131][132
]
수필가, 강사, 철학자, 시인
랄프 왈도 에머슨
(AB, 1821)
박물학자, 수필가, 시인, 철학자
헨리 데이비드 소로
(AB, 1837)
미국의 19대 대통령
러더퍼드 B. 헤이즈
(LLB, 1845)
[133]
미국 대법원 부판사
올리버 웬델 홈즈 주니어
(AB, 1861, LLB)
철학자, 논리학자, 수학자
찰스 샌더스 피어스
(AB, 1862, SB 1863)
미국의 26대 대통령이자 노벨 평화상 수상자인
시어도어 루즈벨트
(AB, 1880)
[134]
사회학자이자 시민권 운동가
W. E. B. Du Bois
(PhD, 1895)
미국의 32대 대통령
프랭클린 D. 루즈벨트
(AB, 1903)
[135]
작가, 정치 활동가, 강사
헬렌 켈러
(AB, 1904, 래드클리프 칼리지)
시인이자 노벨 문학상 수상자
T. S. 엘리엇
(AB, 1909; 오전, 1910)
물리학자이자
맨해튼 프로젝트의
리더
J. 로버트 오펜하이머
(AB, 1925)
경제학자이자 노벨 경제학상 수상자
폴 새뮤얼슨
(AM, 1936; 박사, 1941)
음악가, 작곡가
레너드 번스타인
(AB, 1939)
제35대 미국 대통령
존 F. 케네디
(AB, 1940)
[136]
제7대 아일랜드 대통령 겸 유엔 인권고등판무관
메리 로빈슨
(LLM, 1968)
제45대 미국 부통령, 노벨 평화상 수상자
앨 고어
(AB, 1969)
제24대 라이베리아 대통령이자 노벨 평화상 수상자
엘렌 존슨 설리프
(MPA, 1971)
[137]
척 슈머
상원 다수당 원내대표(AB, 1971; JD, 1975)
제11대 파키스탄 총리
베나지르 부토
(AB, 1973, 래드클리프 칼리지)
제14대 연방준비제도이사회 의장이자 노벨 경제학상 수상자
벤 버냉키
(AB, 1975; 오전, 1975)
제43대 미국 대통령
조지 W. 부시
(MBA, 1975)
[138]
제17대 미국 대법원장
존 로버츠
(AB, 1976; JD, 1979)
마이크로소프트의 설립자이자 자선가인
빌 게이츠
(대학, 1977;
[a 1]
법학석사
HC
, 2007)
제8대
반기문
유엔 사무총장(MPA, 1984)
미국 대법원 부판사
엘레나 케이건
(JD, 1986)
전 미국 영부인
미셸 오바마
(JD, 1988)
생화학자, 노벨 화학상 수상자
제니퍼 다우드나
(PhD, 1989)
[139]
제44대 미국 대통령이자 노벨 평화상 수상자인
버락 오바마
(JD, 1991)[140]
[141
]
케탄지 브라운 잭슨
미국 대법원 부판사(AB, 1992; JD, 1996)
페이스북 설립자
마크 저커버그
(대학, 2004;
[a 1]
법학박사
HC
, 2017)
^
Jump up to:
a
b
명목상 하버드 대학 수업 연도: 졸업하지 않음
학부
주목할만한 현재 및 과거 하버드 교수진은 다음과 같습니다.
루이스 아가시즈
다니엘 앨런
앨런 더쇼위츠
폴 파머
제이슨 퍼먼
존 케네스 갤브레이스
헨리 루이스 게이츠 주니어
아사 그레이
시무스 히니
올리버 웬델 홈즈 시니어
윌리엄 제임스
티모시 리어리
헨리 워즈워스 롱펠로
제임스 러셀 로웰
그렉 맨큐
스티븐 핑커
아서 M. 슐레진저 주니어
아마르티아 센
B. F. 스키너
로렌스 서머스
캐스 선스타인
엘리자베스 워렌
코넬 웨스트
E. O. 윌슨
싱퉁 야우
로버트 라이히
문학과 대중 문화
푸
에르토 리코 대학의
타워, 미국에서 가장 오래된 하버드의 상징 (오른쪽)과
(왼쪽)
아메리카에서 가장 오래된
리마 산 마르코스 국립 대학교
의 상징
하버드를 엘리트 성취 또는 엘리트주의적 특권의 중심지로 인식하면서 하버드를 빈번한 문학적, 영화적 배경으로 만들었습니다. ""영화의 문법에서 하버드는 전통과 어느 정도의 답답함을 의미하게 되었다""고 영화 평론가 폴 셔먼은 말했다.
[142]
문학
소리와 분노(
1929)와 압살
롬, 압살롬!
윌리엄 포크너 (William Faulkner
)의 (1936)은 모두 하버드 학생 생활을 묘사합니다.
[
기본이 아닌 소스 필요
]
시간과
강
(1935)
토마스 울프(Thomas Wolfe
)는 하버드에서 그의 분신의 시간을 포함하는 가상의 자서전입니다.
[
기본이 아닌 소스 필요
]
존 P. 마콴드의
《후기 조지 애플리
》(1937)는 20세기 초에 하버드 남성들을 패러디했다.
[
기본이 아닌 소스 필요
]
퓰리처상을
수상했습니다.
두 번째 행복한 날
(1953) John P. Marquand Jr.는 제2차 세계 대전 세대의 하버드를 묘사합니다. [143][144][145][146]
[
147
]
필름
하버드는 그 건물에서 촬영을 거의 허용하지 않으므로 하버드를 배경으로 한 대부분의 장면(특히 실내 촬영, 그러나 항공 영상과 하버드 스퀘어와 같은 공공 장소의 촬영은 제외)은 실제로 다른 곳에서 촬영됩니다. [
148][149
]
러브 스토리
(1970)는 부유한 하버드 하키 선수(
라이언 오닐
)와 겸손한 수단의 뛰어난 래드클리프 학생(
알리 맥그로
) 사이의 로맨스에 관한 것으로, 매년 신입생을 위해 상영됩니다. [150][
151][
152
]
페이퍼 체이스
(1973)
[153]
A Small Circle of Friends
(1980)
[148]
Prozac Nation
(2001) is a
psychological drama
about a 19-year-old Harvard student with
atypical depression
.
See also
Massachusetts portal
United States portal
2012 Harvard cheating scandal
Academic regalia of Harvard University
Gore Hall
Harvard College social clubs
Harvard University Police Department
Harvard University Press
Harvard/MIT Cooperative Society
I, Too, Am Harvard
List of oldest universities in continuous operation
List of Nobel laureates affiliated with Harvard University
Outline of Harvard University
Secret Court of 1920
Notes
^
Other consists of
Multiracial Americans
& those who prefer to not say.
^
The percentage of students who received an income-based federal
Pell grant
intended for low-income students.
^
The percentage of students who are a part of the
American middle class
at the bare minimum.
References
^
Samuel Eliot Morison (1968).
The Founding of Harvard College
. Harvard University Press. p. 329.
ISBN
978-0-674-31450-4
.
Archived
from the original on April 14, 2021. Retrieved October 17, 2020.
^
An appropriation of £400 toward a ""school or college"" was voted on October 28, 1636 (OS), at a meeting which convened on September 8 and was adjourned to October 28. Some sources consider October 28, 1636 (OS) (November 7, 1636 NS) to be the date of founding. Harvard's 1936 tercentenary celebration treated September 18 as the founding date, though 1836 bicentennial was celebrated on September 8, 1836. Sources: meeting dates, Quincy, Josiah (1860).
History of Harvard University
. 117 Washington Street, Boston: Crosby, Nichols, Lee and Co.
ISBN
9780405100161
.,
p. 586
Archived
September 6, 2015, at the
Wayback Machine
, ""At a Court holden September 8th, 1636 and continued by adjournment to the 28th of the 8th month (October, 1636)... the Court agreed to give £400 towards a School or College, whereof £200 to be paid next year...."" Tercentenary dates:
""Cambridge Birthday""
.
Time
. September 28, 1936. Archived from
the original
on December 5, 2012. Retrieved September 8, 2006.: ""Harvard claims birth on the day the Massachusetts Great and General Court convened to authorize its founding. This was Sept. 8, 1637 under the Julian calendar. Allowing for the ten-day advance of the Gregorian calendar, Tercentenary officials arrived at Sept. 18 as the date for the third and last big Day of the celebration;"" ""on Oct. 28, 1636 ... £400 for that 'school or college' [was voted by] the Great and General Court of the
Massachusetts Bay Colony
."" Bicentennial date: Marvin Hightower (September 2, 2003).
""Harvard Gazette: This Month in Harvard History""
. Harvard University. Archived from
the original
on September 8, 2006. Retrieved September 15, 2006., ""Sept. 8, 1836 – Some 1,100 to 1,300 alumni flock to Harvard's Bicentennial, at which a professional choir premieres ""Fair Harvard."" ... guest speaker Josiah Quincy Jr., Class of 1821, makes a motion, unanimously adopted, 'that this assembly of the Alumni be adjourned to meet at this place on September 8, 1936.'"" Tercentary opening of Quincy's sealed package:
The New York Times
, September 9, 1936, p. 24, ""Package Sealed in 1836 Opened at Harvard. It Held Letters Written at Bicentenary"": ""September 8th, 1936: As the first formal function in the celebration of Harvard's tercentenary, the Harvard Alumni Association witnessed the opening by President Conant of the 'mysterious' package sealed by President Josiah Quincy at the Harvard bicentennial in 1836.""
^
Jump up to:
a
b
c
Larry Edelman (October 13, 2022).
""Harvard, the richest university, is a little less rich after tough year in the markets""
.
Boston Globe
.
^
Jump up to:
a
b
c
Financial Report Fiscal Year 2022
(PDF)
(Report). Harvard University. October 2022. p. 7.
^
Jump up to:
a
b
""Harvard University Graphic Identity Standards Manual""
(PDF)
. July 14, 2017.
Archived
(PDF)
from the original on July 19, 2022. Retrieved June 25, 2022.
^
Jump up to:
a
b
c
""Common Data Set 2020–2021""
(PDF)
.
Office of Institutional Research
. Harvard University.
Archived
(PDF)
from the original on January 21, 2022. Retrieved November 2, 2021.
^
""IPEDS – Harvard University""
.
^
""Color Scheme""
(PDF)
.
Harvard Athletics Brand Identity Guide
. July 27, 2021. Retrieved October 31, 2021.
^
*Keller, Morton; Keller, Phyllis (2001).
Making Harvard Modern: The Rise of America's University
. Oxford University Press. pp.
463
–481.
ISBN
0-19-514457-0
. Harvard's professional schools... won world prestige of a sort rarely seen among social institutions. [...] Harvard's age, wealth, quality, and prestige may well shield it from any conceivable vicissitudes.
Spaulding, Christina (1989).
""Sexual Shakedown""
. In Trumpbour, John (ed.).
How Harvard Rules: Reason in the Service of Empire
. South End Press. pp.
326–336
.
ISBN
0-89608-284-9
. ... [Harvard's] tremendous institutional power and prestige [...] Within the nation's (arguably) most prestigious institution of higher learning ...
David Altaner (March 9, 2011).
""Harvard, MIT Ranked Most Prestigious Universities, Study Reports""
. Bloomberg.
Archived
from the original on March 14, 2011. Retrieved March 1, 2012.
Collier's Encyclopedia
. Macmillan Educational Co. 1986. Harvard University, one of the world's most prestigious institutions of higher learning, was founded in Massachusetts in 1636.
Newport, Frank (August 26, 2003).
""Harvard Number One University in Eyes of Public Stanford and Yale in second place""
. Gallup.
Archived
from the original on September 25, 2013. Retrieved October 9, 2013.
Leonhardt, David (September 17, 2006).
""Ending Early Admissions: Guess Who Wins?""
.
The New York Times
.
ISSN
0362-4331
.
Archived
from the original on March 27, 2020. Retrieved March 27, 2020. The most prestigious college in the world, of course, is Harvard, and the gap between it and every other university is often underestimated.
Hoerr, John (1997).
We Can't Eat Prestige: The Women Who Organized Harvard
. Temple University Press. p.
3
.
ISBN
9781566395359
.
Wong, Alia (September 11, 2018).
""At Private Colleges, Students Pay for Prestige""
.
The Atlantic
.
Archived
from the original on February 26, 2021. Retrieved May 17, 2020. Americans tend to think of colleges as falling somewhere on a vast hierarchy based largely on their status and brand recognition. At the top are the Harvards and the Stanfords, with their celebrated faculty, groundbreaking research, and perfectly manicured quads.
^
""World University Rankings""
.
Times Higher Education (THE)
. October 4, 2022. Retrieved November 9, 2022.
^
""Faculties and Allied Institutions""
(PDF)
.
harvard.edu
. Office of the Provost, Harvard University. Archived from
the original
(PDF)
on June 11, 2010. Retrieved August 27, 2010.
^
Jump up to:
a
b
""Faculties and Allied Institutions""
(PDF)
. Office of the Provost, Harvard University. 2012. Archived from
the original
(PDF)
on May 23, 2013. Retrieved June 15, 2013.
^
""Rankings | Largest college endowment per student – Highest endowment per student""
.
www.collegeraptor.com
. Retrieved November 14, 2022.
^
Kurt, Daniel (October 25, 2021).
""What Harvard Actually Costs""
.
Investopedia
.
Archived
from the original on June 27, 2021. Retrieved July 30, 2020.
^
Jump up to:
a
b
""Harvard Library Annual Report FY 2013""
. Harvard University Library. 2013. Archived from
the original
on June 9, 2016. Retrieved January 3, 2015.
^
Jump up to:
a
b
c
""The Nation's Largest Libraries: A Listing By Volumes Held""
. American Library Association. May 2009.
Archived
from the original on August 29, 2011. Retrieved August 19, 2009.
^
""Speaking Volumes""
.
Harvard Gazette
. The President and Fellows of Harvard College. February 26, 1998. Archived from
the original
on September 9, 1999.
^
Jump up to:
a
b
Harvard Media Relations.
""Quick Facts""
. Archived from
the original
on April 14, 2020. Retrieved December 12, 2019.
^
Story, Ronald (1975). ""Harvard and the Boston Brahmins: A Study in Institutional and Class Development, 1800–1865"".
Journal of Social History
.
8
(3): 94–121.
doi
:
10.1353/jsh/8.3.94
.
S2CID
147208647
.
^
Farrell, Betty G. (1993).
Elite Families: Class and Power in Nineteenth-Century Boston
. State University of New York Press.
ISBN
0-7914-1593-7
.
^
Jump up to:
a
b
""Member Institutions and years of Admission""
.
aau.edu
. Association of American Universities.
Archived
from the original on May 21, 2012. Retrieved August 28, 2010.
^
* Universities all adopt different metrics to claim Nobel or other academic award affiliates, some generous while others conservative. The official Harvard count (around 40) only includes academicians affiliated at the time of winning the prize. Yet, the figure can be up to
some 160
laureates if visitors and professors of various ranks are all included (the most generous criterium), as what some other universities do.
""50 (US) Universities with the Most Nobel Prize Winners""
.
www.bestmastersprograms.org
. February 25, 2021.
Archived
from the original on October 12, 2021. Retrieved October 1, 2021.
Rachel Sugar (May 29, 2015).
""Where MacArthur 'Geniuses' Went to College""
.
businessinsider.com
.
Archived
from the original on November 12, 2020. Retrieved November 5, 2020.
""Top Producers""
.
us.fulbrightonline.org
.
Archived
from the original on October 28, 2020. Retrieved November 4, 2020.
""Statistics""
.
www.marshallscholarship.org
.
Archived
from the original on January 26, 2017. Retrieved November 2, 2020.
""US Rhodes Scholars Over Time""
.
www.rhodeshouse.ox.ac.uk
.
Archived
from the original on November 25, 2020. Retrieved November 23, 2020.
""Harvard, Stanford, Yale Graduate Most Members of Congress""
.
Archived
from the original on November 24, 2020. Retrieved November 12, 2020.
""The complete list of Fields Medal winners""
.
areppim AG
. 2014.
Archived
from the original on January 24, 2016. Retrieved September 10, 2015.
^
Samuel Eliot Morison (1968).
The Founding of Harvard College
. Harvard University Press. p. 330.
ISBN
978-0-674-31450-4
.
Archived
from the original on December 15, 2020. Retrieved June 27, 2015.
^
Ireland, Corydon (March 8, 2012).
""The instrument behind New England's first literary flowering""
.
harvard.edu
. Harvard University.
Archived
from the original on February 14, 2020. Retrieved January 18, 2014.
^
""Rowley and Ezekiel Rogers, The First North American Printing Press""
(PDF)
.
hull.ac.uk
. Maritime Historical Studies Centre, University of Hull. Archived from
the original
(PDF)
on January 23, 2013. Retrieved January 18, 2014.
^
Harvard, John.
""John Harvard Facts, Information""
.
encyclopedia.com
. The Columbia Encyclopedia, Sixth Edition. 2008.
Archived
from the original on July 15, 2009. Retrieved July 17, 2009. He bequeathed £780 (half his estate) and his library of 320 volumes to the new established college at Cambridge, Mass., which was named in his honor.
^
Wright, Louis B. (2002).
The Cultural Life of the American Colonies
(1st ed.). Dover Publications (published May 3, 2002). p. 116.
ISBN
978-0-486-42223-7
.
^
Grigg, John A.; Mancall, Peter C. (2008).
British Colonial America: People and Perspectives
. ABC-CLIO. p. 47.
ISBN
978-1-59884-025-4
.
Archived
from the original on January 2, 2017. Retrieved May 7, 2016.
^
Harvard Office of News and Public Affairs (July 26, 2007).
""Harvard guide intro""
. Harvard University. Archived from
the original
on July 26, 2007. Retrieved August 29, 2010.
^
John Leverett – History – Office of the President
Archived
June 12, 2010, at the
Wayback Machine
^
Jump up to:
a
b
Dorrien, Gary J. (January 1, 2001).
The Making of American Liberal Theology: Imagining Progressive Religion, 1805-1900
. Westminster John Knox Press.
ISBN
978-0-664-22354-0
.
Archived
from the original on September 6, 2015. Retrieved June 27, 2015.
^
Field, Peter S. (2003).
Ralph Waldo Emerson: The Making of a Democratic Intellectual
. Rowman & Littlefield.
ISBN
978-0-8476-8843-2
.
Archived
from the original on September 6, 2015. Retrieved June 27, 2015.
^
Shoemaker, Stephen P. (2006–2007). ""The Theological Roots of Charles W. Eliot's Educational Reforms"".
Journal of Unitarian Universalist History
.
31
: 30–45.
^
""An Iconic College View: Harvard University, circa 1900. Richard Rummell (1848-1924)""
.
An Iconic College View
.
Archived
from the original on April 25, 2012. Retrieved January 24, 2022.
^
Schwager, Sally (2004). ""Taking up the Challenge: The Origins of Radcliffe"". In Laurel Thatcher Ulrich (ed.).
Yards and Gates: Gender in Harvard and Radcliffe History
(1st ed.). New York: Palgrave Macmillan. p. 115.
ISBN
1-4039-6098-4
.
^
First class of women admitted to Harvard Medical School, 1945
(Report). Countway Repository, Harvard University Library. Archived from
the original
on June 23, 2016. Retrieved May 2, 2016.
^
Radcliffe Enters Historic Merger With Harvard
(Report).
Archived
from the original on October 11, 2017. Retrieved May 6, 2016.
^
Jerome Karabel (2006).
The Chosen: The Hidden History of Admission and Exclusion at Harvard, Yale, and Princeton
. p. 23.
ISBN
978-0-618-77355-8
.
Archived
from the original on January 24, 2016. Retrieved November 5, 2015.
^
""Compelled to coexist: A history of the desegregation of Harvard's freshman housing""
,
Harvard Crimson
, November 4, 2021
^
Steinberg, Stephen (September 1, 1971).
""How Jewish Quotas Began""
.
Commentary
.
Archived
from the original on September 11, 2017. Retrieved September 10, 2017.
^
Johnson, Dirk (March 4, 1986).
""Yale's Limit on Jewish Enrollment Lasted Until Early 1960's Book Says""
.
The New York Times
.
Archived
from the original on September 23, 2021. Retrieved December 3, 2017.
^
""Lowell Tells Jews Limits at Colleges Might Help Them""
.
The New York Times
. June 17, 1922.
Archived
from the original on March 23, 2019. Retrieved September 10, 2017.
^
Kridel, Craig, ed. (2010). ""General Education in a Free Society (Harvard Redbook)"".
Encyclopedia of Curriculum Studies
. Vol. 1. SAGE. pp.
400
–402.
ISBN
978-1-4129-5883-7
.
^
""The Class of 1950 | News | The Harvard Crimson""
.
www.thecrimson.com
. Retrieved August 2, 2022.
^
Malka A. Older. (1996).
Preparatory schools and the admissions process
Archived
September 11, 2009, at the
Wayback Machine
.
The Harvard Crimson
, January 24, 1996
^
Powell, Alvin (October 1, 2018).
""An update on Harvard's diversity, inclusion efforts""
.
The Harvard Gazette
.
Archived
from the original on August 14, 2021. Retrieved December 14, 2019.
^
""Harvard Board Names First Woman President""
.
NBC News
. Associated Press. February 11, 2007.
Archived
from the original on January 24, 2016. Retrieved August 8, 2015.
^
""Harvard University names Lawrence Bacow its 29th president""
.
Fox News
. Associated Press. February 11, 2018.
Archived
from the original on February 15, 2018. Retrieved February 15, 2018.
^
""The Houses""
. Harvard College Dean of Students Office.
Archived
from the original on December 14, 2019. Retrieved December 13, 2019.
^
""Radcliffe Institute for Advanced Study at Harvard University""
.
Radcliffe Institute for Advanced Study at Harvard University
.
Archived
from the original on October 5, 2021. Retrieved January 24, 2022.
^
""Institutional Ownership Map – Cambridge Massachusetts""
(PDF)
. Archived from
the original
(PDF)
on October 22, 2015. Retrieved September 8, 2016.
^
Tartakoff, Joseph M. (January 7, 2005).
""Harvard Purchases Doubletree Hotel Building – News – The Harvard Crimson""
.
www.thecrimson.com
.
Archived
from the original on September 20, 2016. Retrieved September 8, 2016.
^
Logan, Tim (April 13, 2016).
""Harvard continues its march into Allston, with science complex""
.
BostonGlobe.com
.
Archived
from the original on May 18, 2021. Retrieved January 24, 2022.
^
""Allston Planning and Development / Office of the Executive Vice President""
.
harvard.edu
. Harvard University.
Archived
from the original on May 8, 2017. Retrieved September 7, 2016.
^
Bayliss, Svea Herbst (January 21, 2007).
""Harvard unveils big campus expansion""
.
Reuters
.
Archived
from the original on April 14, 2021. Retrieved January 24, 2022.
^
O'Rourke, Brigid (April 10, 2020).
""SEAS moves opening of Science and Engineering Complex to spring semester '21""
.
The Harvard Gazette
.
Archived
from the original on May 15, 2020. Retrieved May 14, 2020.
^
""Our Campus""
.
harvard.edu
.
Archived
from the original on December 7, 2019. Retrieved December 20, 2019.
^
""Concord Field Station""
.
mcz.harvard.edu
. Harvard University.
Archived
from the original on February 13, 2017. Retrieved March 4, 2017.
^
""Villa I Tatti: The Harvard University Center for Italian Renaissance Studies""
. Itatti.it. Archived from
the original
on July 2, 2010. Retrieved June 30, 2010.
^
""Shanghai Center""
.
Harvard.edu
.
Archived
from the original on December 17, 2013. Retrieved January 3, 2014.
^
Bethell, John T.; Hunt, Richard M.; Shenton, Robert (2009).
Harvard A to Z
. Harvard University Press. pp. 166–.
ISBN
978-0-674-02089-4
.
Archived
from the original on January 2, 2017. Retrieved May 7, 2016.
^
Burlington Free Press, June 24, 2009, page 11B, """"Harvard to cut 275 jobs"" Associated Press
^
Office of Institutional Research (2009).
Harvard University Fact Book 2009–2010
(PDF)
. Archived from
the original
(PDF)
on July 23, 2011. (""Faculty"")
^
Vidya B. Viswanathan and Peter F. Zhu (March 5, 2009).
""Residents Protest Vacancies in Allston""
.
Harvard Crimson
.
Archived
from the original on April 29, 2011. Retrieved February 10, 2011.
^
Healy, Beth (January 28, 2010).
""Harvard endowment leads others down""
.
The Boston Globe
.
Archived
from the original on August 21, 2010. Retrieved September 2, 2010.
^
Hechinger, John (December 4, 2008). ""Harvard Hit by Loss as Crisis Spreads to Colleges"".
The Wall Street Journal
. p. A1.
^
Munk, Nina (August 2009).
""Nina Munk on Hard Times at Harvard""
.
Vanity Fair
.
Archived
from the original on August 29, 2010. Retrieved August 29, 2010.
^
Andrew M. Rosenfield (March 4, 2009).
""Understanding Endowments, Part I""
.
Forbes
. Archived from
the original
on March 19, 2009. Retrieved August 29, 2010.
^
""A Singular Mission""
.
Archived
from the original on December 9, 2019. Retrieved December 14, 2019.
^
""Admissions Cuts Concern Some Graduate Students""
.
Archived
from the original on December 25, 2017. Retrieved December 14, 2019.
^
""Financial Report""
(PDF)
.
harvard.edu
. October 24, 2019.
Archived
(PDF)
from the original on December 5, 2019. Retrieved December 14, 2019.
^
Welton, Alli (November 20, 2012).
""Harvard Students Vote 72 Percent Support for Fossil Fuel Divestment""
.
The Nation
.
Archived
from the original on July 25, 2015. Retrieved July 27, 2015.
^
Chaidez, Alexandra A. (October 22, 2019).
""Harvard Prison Divestment Campaign Delivers Report to Mass. Hall""
.
The Harvard Crimson
.
Archived
from the original on March 6, 2020. Retrieved December 15, 2019.
^
Jump up to:
a
b
George, Michael C.; Kaufman, David W. (May 23, 2012).
""Students Protest Investment in Apartheid South Africa""
.
The Harvard Crimson
.
Archived
from the original on January 24, 2016. Retrieved July 27, 2015.
^
Cadambi, Anjali (September 19, 2010).
""Harvard University community campaigns for divestment from apartheid South Africa, 1977–1989""
.
Global Nonviolent Action Database
.
Archived
from the original on September 18, 2015. Retrieved July 27, 2015.
^
Robert Anthony Waters Jr. (March 20, 2009).
Historical Dictionary of United States-Africa Relations
. Scarecrow Press. p. 77.
ISBN
978-0-8108-6291-3
.
Archived
from the original on January 24, 2016. Retrieved October 14, 2015.
^
Harvard College
.
""A Brief History of Harvard College""
. Harvard College. Archived from
the original
on April 24, 2011. Retrieved July 25, 2011.
^
Jump up to:
a
b
c
""Carnegie Classifications – Harvard University""
.
iu.edu
. The Carnegie Foundation for the Advancement of Teaching.
Archived
from the original on August 7, 2020. Retrieved August 28, 2010.
^
Jump up to:
a
b
""Liberal Arts & Sciences""
.
harvard.edu
. Harvard College.
Archived
from the original on October 5, 2021. Retrieved December 12, 2019.
^
""Degree Programs""
(PDF)
.
Graduate School of Arts and Sciences Handbook
. pp. 28–30. Archived from
the original
(PDF)
on September 9, 2015. Retrieved August 28, 2010.
^
Jump up to:
a
b
""Degrees Awarded""
.
harvard.edu
. Office of Institutional Research, Harvard University.
Archived
from the original on July 28, 2021. Retrieved December 13, 2019.
^
""The Bachelor of Arts and Bachelor of Science Degrees""
.
college.harvard.edu
. Harvard College.
Archived
from the original on December 7, 2019. Retrieved December 8, 2019.
^
""Academic Information: The Concentration Requirement""
.
Handbook for Students
. Harvard College. Archived from
the original
on December 5, 2010. Retrieved August 28, 2010.
^
""How large are classes?""
.
harvard.edu
. Harvard College.
Archived
from the original on April 14, 2021. Retrieved December 14, 2019.
^
""Member Institutions and Years of Admission""
. Association of American Universities. Archived from
the original
on October 28, 2012. Retrieved September 15, 2013.
^
""2023 Best Medical Schools: Research""
.
usnews.com
. Retrieved February 17, 2022.
^
""Research at Harvard Medical School""
.
hms.harvard.edu
. Harvard Medical School.
Archived
from the original on October 6, 2021. Retrieved December 9, 2019.
^
""Which schools get the most research money?""
.
U.S. News & World Report
.
Archived
from the original on April 14, 2021. Retrieved March 30, 2020.
^
""ShanghaiRanking's Academic Ranking of World Universities""
. Shanghai Ranking Consultancy. Retrieved September 13, 2022.
^
""Forbes America's Top Colleges List 2022""
.
Forbes
. Retrieved September 13, 2022.
^
""Wall Street Journal/Times Higher Education College Rankings 2022""
.
The Wall Street Journal
/
Times Higher Education
. Retrieved July 26, 2022.
^
""2022-2023 Best National Universities""
.
U.S. News & World Report
. Retrieved September 13, 2022.
^
""2022 National University Rankings""
.
Washington Monthly
. Retrieved September 13, 2022.
^
""ShanghaiRanking's Academic Ranking of World Universities""
. Shanghai Ranking Consultancy. Retrieved September 13, 2022.
^
""QS World University Rankings 2023""
.
Quacquarelli Symonds
. Retrieved July 26, 2022.
^
""World University Rankings 2022""
.
Times Higher Education
. Retrieved July 26, 2022.
^
""2022 Best Global Universities Rankings""
.
U.S. News & World Report
. Retrieved July 26, 2022.
^
""Harvard University's Graduate School Rankings""
.
U.S. News & World Report
.
Archived
from the original on October 7, 2019. Retrieved April 27, 2020.
^
""Harvard University – U.S. News Global University Rankings""
.
U.S. News & World Report
.
Archived
from the original on December 7, 2019. Retrieved April 27, 2020.
^
""Academic Ranking of World Universities——Harvard University Ranking Profile""
. Shanghai Ranking Consultancy. Archived from
the original
on September 8, 2016. Retrieved July 29, 2018.
^
""World Reputation Rankings 2016""
.
Times Higher Education
. 2016.
Archived
from the original on March 5, 2018. Retrieved September 7, 2016.
^
""SCImago Institutions Rankings – Higher Education – All Regions and Countries – 2019 – Overall Rank""
.
www.scimagoir.com
.
Archived
from the original on April 22, 2019. Retrieved June 11, 2019.
^
Lombardi, John V.; Abbey, Craig W.; Craig, Diane D. (2020).
""The Top American Research Universities: 2019 Annual Report""
(PDF)
.
mup.umass.edu
.
Archived
(PDF)
from the original on July 17, 2021. Retrieved July 17, 2021.
^
Massachusetts Institutions – NECHE
,
New England Commission of Higher Education
,
archived
from the original on August 17, 2021, retrieved May 26, 2021
^
""World Ranking""
.
University Ranking by Academic Performance
. Archived from
the original
on December 18, 2019. Retrieved January 22, 2020.
^
""College Hopes & Worries Press Release""
. PR Newswire. 2016.
Archived
from the original on September 19, 2016. Retrieved September 7, 2016.
^
""Princeton Review's 2012 ""College Hopes & Worries Survey"" Reports on 10,650 Students' & Parents' Top 10 ""Dream Colleges"" and Application Perspectives""
. PR Newswire. 2012.
Archived
from the original on December 10, 2019. Retrieved December 10, 2019.
^
""2019 College Hopes & Worries Press Release""
. 2019.
Archived
from the original on October 7, 2019. Retrieved December 10, 2019.
^
contact, Press (February 11, 2019).
""Harvard is
#3
in World University Engineering Rankings""
.
Archived
from the original on December 10, 2019. Retrieved December 10, 2019.
^
""Harvard University Campus Information, Costs and Details""
.
www.collegeraptor.com
. Retrieved November 14, 2022.
^
""US News National University Rankings""
.
^
""2022 Best Graduate Schools""
.
U.S. News & World Report
. August 31, 2021.
Archived
from the original on March 20, 2018. Retrieved August 31, 2021.
^
""US News Law School Rankings""
.
^
Jump up to:
a
b
""2022 Best Graduate Schools""
.
U.S. News & World Report
. August 31, 2021.
Archived
from the original on October 6, 2021. Retrieved August 31, 2021.
^
""US News Best Education Programs""
.
^
""2022 Best Graduate Schools""
.
U.S. News & World Report
. August 31, 2021.
Archived
from the original on October 6, 2021. Retrieved September 13, 2021.
^
""2022 Best Graduate Schools""
.
U.S. News & World Report
. August 31, 2021.
Archived
from the original on October 7, 2021. Retrieved August 31, 2021.
^
""College Scorecard: Harvard University""
.
United States Department of Education
.
Archived
from the original on January 22, 2022. Retrieved May 8, 2022.
^
a) Law School Student Government
[1]
Archived
June 24, 2021, at the
Wayback Machine
b) School of Education Student Council
[2]
Archived
July 19, 2022, at the
Wayback Machine
c) Kennedy School Student Government
[3]
Archived
June 21, 2021, at the
Wayback Machine
d) Design School Student Forum
[4]
Archived
June 14, 2021, at the
Wayback Machine
e) Student Council of Harvard Medical School and Harvard School of Dental Medicine
[5]
Archived
June 10, 2021, at the
Wayback Machine
^
""Harvard : Women's Rugby Becomes 42nd Varsity Sport at Harvard University""
. Gocrimson.com. August 9, 2012. Archived from
the original
on September 29, 2013. Retrieved July 5, 2013.
^
""Yale and Harvard Defeat Oxford/Cambridge Team""
. Yale University Athletics. Archived from
the original
on October 13, 2011. Retrieved September 13, 2011.
^
""The Harvard Guide: Financial Aid at Harvard""
. Harvard University. September 2, 2006. Archived from
the original
on September 2, 2006. Retrieved August 29, 2010.
^
Bracken, Chris (November 17, 2017).
""A game unlike any other""
.
yaledailynews.com
.
Archived
from the original on October 21, 2020. Retrieved September 9, 2020.
^
Siliezar, Juan (November 23, 2020).
""2020 Rhodes, Mitchell Scholars named""
.
harvard.edu
.
Archived
from the original on November 24, 2020. Retrieved November 25, 2020.
^
Communications, FAS (November 24, 2019).
""Five Harvard students named Rhodes Scholars""
.
The Harvard Gazette
.
Archived
from the original on November 28, 2019. Retrieved November 24, 2019.
^
Kathleen Elkins (May 18, 2018).
""More billionaires went to Harvard than to Stanford, MIT and Yale combined""
.
CNBC
.
Archived
from the original on May 22, 2018. Retrieved October 1, 2019.
^
""Statistics""
.
www.marshallscholarship.org
.
Archived
from the original on January 26, 2017. Retrieved December 1, 2015.
^
""Pulitzer Prize Winners""
.
Harvard University
. Archived from
the original
on September 5, 2015. Retrieved February 2, 2018.
^
""Companies – Entrepreneurship – Harvard Business School""
.
entrepreneurship.hbs.edu
.
Archived
from the original on March 28, 2017. Retrieved March 28, 2019.
^
Barzilay, Karen N.
""The Education of John Adams""
. Massachusetts Historical Society.
Archived
from the original on July 26, 2021. Retrieved September 20, 2020.
^
""John Quincy Adams""
. The White House.
Archived
from the original on October 5, 2021. Retrieved September 21, 2020.
^
Hogan, Margaret A. (October 4, 2016).
""John Quincy Adams: Life Before the Presidency""
. Miller Center.
Archived
from the original on August 12, 2021. Retrieved September 21, 2020.
^
""HLS's first alumnus elected as President—Rutherford B. Hayes""
. Harvard Law Today.
Archived
from the original on April 14, 2021. Retrieved September 21, 2020.
^
""Theodore Roosevelt - Biographical""
. Nobel Foundation.
Archived
from the original on September 5, 2021. Retrieved September 21, 2020.
^
Leuchtenburg, William E. (October 4, 2016).
""Franklin D. Roosevelt: Life Before the Presidency""
. Miller Center.
Archived
from the original on August 13, 2021. Retrieved September 21, 2020.
^
Selverstone, Marc J. (October 4, 2016).
""John F. Kennedy: Life Before the Presidency""
. Miller Center.
Archived
from the original on August 12, 2021. Retrieved September 21, 2020.
^
""Ellen Johnson Sirleaf - Biographical""
.
www.nobelprize.org
.
Archived
from the original on July 24, 2018. Retrieved October 14, 2020.
^
L. Gregg II, Gary (October 4, 2016).
""George W. Bush: Life Before the Presidency""
. Miller Center.
Archived
from the original on August 12, 2021. Retrieved September 21, 2020.
^
""Press release: The Nobel Prize in Chemistry 2020""
.
nobelprize.org
. Nobel Foundation.
Archived
from the original on October 8, 2020. Retrieved October 14, 2020.
^
""Barack Obama: Life Before the Presidency""
. Miller Center. October 4, 2016.
Archived
from the original on August 12, 2021. Retrieved September 21, 2020.
^
""Barack H. Obama - Biographical""
. Nobel Foundation.
Archived
from the original on April 14, 2021. Retrieved September 21, 2020.
^
Thomas, Sarah (September 24, 2010).
""'Social Network' taps other campuses for Harvard role""
.
Boston.com
.
Archived
from the original on March 4, 2016. Retrieved February 20, 2020. 'In the grammar of film, Harvard has come to mean both tradition, and a certain amount of stuffiness.... Someone from Missouri who has never lived in Boston ... can get this idea that it's all trust fund babies and ivy-covered walls.'
^
King, Michael (2002).
Wrestling with the Angel
. p. 371. ...praised as an iconic chronicle of his generation and his WASP-ish class.
^
Halberstam, Michael J. (February 18, 1953).
""White Shoe and Weak Will""
.
Harvard Crimson
. The book is written slickly, but without distinction.... The book will be quick, enjoyable reading for all Harvard men.
^
Yardley, Jonathan
(December 23, 2009).
""Second Reading""
.
The Washington Post
.  '...a balanced and impressive novel...' [is] a judgment with which I [agree].
^
Du Bois, William (February 1, 1953). ""Out of a Jitter-and-Fritter World"".
The New York Times
. p. BR5. exhibits Mr. Phillips' talent at its finest
^
""John Phillips, The Second Happiest Day"".
Southwest Review
. Vol. 38. p. 267. So when the critics say the author of ""The Second Happiest Day"" is a new Fitzgerald, we think they may be right.
^
Jump up to:
a
b
Schwartz, Nathaniel L. (September 21, 1999).
""University, Hollywood Relationship Not Always a 'Love Story'""
.
Harvard Crimson
.
Archived
from the original on September 10, 2021. Retrieved September 15, 2013.
^
Sarah Thomas (September 24, 2010).
""'Social Network' taps other campuses for Harvard role""
.
boston.com
.
Archived
from the original on March 4, 2016. Retrieved February 20, 2020.
^
""Never Having To Say You're Sorry for 25 Years...""
Harvard Crimson
. June 3, 1996.
Archived
from the original on July 17, 2013. Retrieved September 15, 2013.
^
Vinciguerra, Thomas (August 20, 2010).
""The Disease: Fatal. The Treatment: Mockery""
.
The New York Times
.
^
Gewertz, Ken (February 8, 1996). ""A Many-Splendored 'Love Story'. Movie filmed at Harvard 25 years ago helped to define a generation"".
Harvard University Gazette
.
^
Walsh, Colleen (October 2, 2012).
""The Paper Chase at 40""
.
Harvard Gazette
.
Bibliography
Abelmann, Walter H., ed.
The Harvard-MIT Division of Health Sciences and Technology: The First 25 Years, 1970–1995
(2004). 346 pp.
Beecher, Henry K. and Altschule, Mark D.
Medicine at Harvard: The First 300 Years
(1977). 569 pp.
Bentinck-Smith, William, ed.
The Harvard Book: Selections from Three Centuries
(2d ed.1982). 499 pp.
Bethell, John T.; Hunt, Richard M.; and Shenton, Robert.
Harvard A to Z
(2004). 396 pp.
excerpt and text search
Bethell, John T.
Harvard Observed: An Illustrated History of the University in the Twentieth Century
, Harvard University Press, 1998,
ISBN
0-674-37733-8
Bunting, Bainbridge.
Harvard: An Architectural History
(1985). 350 pp.
목수, 케네스 E.
하버드 대학 도서관의 첫 350 년 : 전시회 설명
(1986). 216 쪽.
Cuno, James et
al.Harvard 's Art Museum : 100 Years of Collect (1996
). 364 쪽.
Elliott, Clark A. and Rossiter, Margaret W., eds.Science
at Harvard University: Historical Perspectives
(1992). 380 쪽.
Hall, Max.
Harvard University Press: A History
(1986). 257 pp.
Hay, Ida.
Science in the Pleasure Ground: A History of the Arnold Arboretum
(1995). 349 pp.
Hoerr, John,
We Can't Eat Prestige: The Women Who Organized Harvard;
Temple University Press
, 1997,
ISBN
1-56639-535-6
Howells, Dorothy Elia.
A Century to Celebrate: Radcliffe College, 1879–1979
(1978). 152 pp.
Keller, Morton, and Phyllis Keller.
Making Harvard Modern: The Rise of America's University
(2001), major history covers 1933 to 2002
online edition
Lewis, Harry R.
Excellence Without a Soul: How a Great University Forgot Education
(2006)
ISBN
1-58648-393-5
Morison, Samuel Eliot.
Three Centuries of Harvard, 1636–1936
(1986) 512pp;
excerpt and text search
파월, 아서 G.
불확실한 직업: 하버드와 교육 권위 검색
(1980). 341 쪽.
리드, 로버트.
1 학년 : 하버드 비즈니스 스쿨 내부의 친밀한 모습
(1994). 331 쪽.
Rosovsky, Henry
.
The University: An Owner's Manual
(1991). 312 pp.
Rosovsky, Nitza.
The Jewish Experience at Harvard and Radcliffe
(1986). 108 pp.
Seligman, Joel.
The High Citadel: The Influence of Harvard Law School
(1978). 262 pp.
Sollors, Werner; Titcomb, Caldwell; and Underwood, Thomas A., eds.
Blacks at Harvard: A Documentary History of African-American Experience at Harvard and Radcliffe
(1993). 548 pp.
Trumpbour, John, ed.,
How Harvard Rules. Reason in the Service of Empire
, Boston: South End Press, 1989,
ISBN
0-89608-283-0
Ulrich, Laurel Thatcher, ed.,
Yards and Gates: Gender in Harvard and Radcliffe History
, New York:
Palgrave Macmillan
, 2004. 337 pp.
Winsor, Mary P.
자연의 모양 읽기 : Agassiz Museum의 비교 동물학
(1991). 324 쪽.
라이트, 콘래드 에딕.
혁명적 세대 : 하버드 남성과 독립의 결과
(2005). 298 쪽.
외부 링크
하버드 대학교
위키백과의
자매 프로젝트에서
공용의
미디어
위키인용집의
인용
문
위키문헌의
텍스트
위키데이터의
데이터
Scholia
는
하버드 대학교
의
조직
프로필을 가지고 있습니다.
공식 웹 사이트
하버드 대학교
대학 내비게이터
,
국립 교육 통계 센터의
도구
숨기다
v
t
e
하버드 대학교
역사
존 하버드
동상
로렌스 바카우
회장
감독
위원회
하버드
대학 총장 및 펠로우
앨런 가버
하버드 도서관
예술과
과학
딘
클로딘 게이
대학
딘
라케시 쿠라나
래드클리프 칼리지
신입생 기숙사
상류층 주택
아담
스
캐벗
커리어
더
들리
던스터
엘리엇
커클랜드
레버렛
로웰
매더
포르츠하이머
퀸시
윈스롭
학부 조직
하버드 크림슨 하버드
램푼
하버드
옹호자
하버드 독립
해스티 푸딩 연극
육상
야구
남자 농구 여자
농구
펜싱
축구 남자 아이스하키
여자 아이스하키
남자
라크로스
럭비
남자
축구
남자
스쿼시
남자
배구
여자 배구
아이비리그 하버
드 스타디움
예일 풋볼
라이벌
라비에테스 파빌리온
브라이트-랜드
리 하키 센터
코넬 하키 라이벌
빈팟
조던
필드
오히리 필드
말킨 체육 센터
뉴웰 보트하우스
웰드 보트하우스
평생 교육
딘 낸시 콜먼하버드 익스텐션 스쿨 하버드
여름 학교
하버드 익스텐션 스쿨의 역사
공학 및
응용 과학
딘
프랜시스 J. 도일 III
라이먼 물리학 연구소
대학원
딘
엠마 덴치
라이브러리
캐벗
하버드-옌칭
휴튼
하버드 리뷰
라몬트
퓨지
와이드너 해리 엘킨스 와이드너
엘리너 엘킨스 와이드너
그로
스
먼
센터, 연구소
및 사회
아시아
센터
카펜터 시각 예술
센터
그리스
연구
덤바턴 오크
스
에드먼드 J. 사프라 윤리
센터
페어뱅크 중국학
센터 하버드
포레스트 하버드
-스미소니언 천체 물리학
센터
허친스 아프리카 및 아프리카 계 미국인 연구 센터
W. E. B. Du Bois 연구소
롤랜드 과학
연구소 우크라이나어 연구소
사업
딘
스리칸트 데이터
하버드 비즈니스
출판
하버드 비즈니스 리뷰
베이커 도서관/블룸버그
센터
스팽글러 센터
디자인
딘
사라 화이팅
하버드 디자인 매거진
주택 연구를위한 공동 센터
신성
딘
데이비드 엔 헴튼
교육
딘
브리짓 테리 롱
정부
딘
더글러스 엘멘도르프
하우저 비영리 단체
센터 정치
연구소
쇼렌슈타인 센터
저널리스트 리소스
법
딘
존 F. 매닝
하버드 법률 검토 하버드 법률
및 기술
저널 하버드 법률 기록 하버드
국제
법률 저널 하버
드 시민권 - 시민 자유 법률 검토
하버드 입법 저널
버크만 클라인 센터
약
딘 조지 Q. 데일리
브로드 연구소
카운트웨이 도서관
워렌 해부학 박물관
하버드-MIT 건강 과학 및 기술 프로그램
하버드 치과 의과 대학
공중 보건
딘
미셸 앤 윌리엄스
박물관
하버드 미술관
아서 M. 새클러
박물관
부시-라이징거
박물관
포그
박물관 하버드
역사 과학 기기 컬렉션
하버드 자연사
박물관
유리 꽃
광물학 박물관
허바리아
비교동물학 박물관
피바디 고고학 및 민족학
박물관 고대 근동 박물관
아르테마스 장군 워드 하우스
캠브리지
캠퍼스
1857
게이트
1881
게이트
보일스턴
홀
브래드스트리트
게이트
디스코볼루스
하버드
대학원 센터
하버드 홀
기념 교회
합창단
하버드 야
드 홀
워시
게이트
존스턴 게이트
매사추세츠
홀
기념관
마이어 게이트
나이트 월 I
피바디 테라스
래드
클리프 야드
로버트 스토우 브래들리 주니어 기념
과학
센터
플라자
스미스 캠퍼스 센터
유니버시티 홀
센터 및
기관
하버드 혁신
연구소 고급
극장 교육
연구소
매사추세츠 그린 고성능 컴퓨팅 센터
니먼 저널리즘 재단
래드클리프 고급 연구
연구소
슐레진저 도서관
레알 콜레지오 콤플루텐세
빌라 I 타티
위스 생물학 연구소 영감을 받은 엔지니어링
사람
하버드 대학교 사람들
목록
하버드 대학교 비 대학원 동문 목록
잡다한
졸업식 전통
학술 레갈리아
문장
하버드
대학원생 연합
100 주년 기념
하버드 대학교 교수
하버드 매거진
하버드
가제
트 하버
드 대학 출판
부 펠
로우 협회
라이오넬 드 저지 하버드
수학 55
숨기다
관련 기사에 대한 링크
숨기다
v
t
e
아이비리그
팀
브라운
베어
스
컬럼비아
라이온스
코넬
빅
레드
다트머스
빅 그린
하버드
크림슨
펜
퀘이커 프린
스턴
타이거
스
예일
불독스
관련
아이비 럭비 컨퍼런스
숨기다
v
t
e
케임브리지, 매사추세츠
역사
타임라인
사각형
중앙
광장
하버드
광장
인만
광장
켄달
광장
레크미어
광장
포터 광장
이웃
이스트 케임브리지(지역 1)
MIT 캠퍼스
(지역 2)
웰링턴-해링턴
(지역 3)
더 포트
(지역 4)
케임브리지포트
(지역 5)미드 캠브리지(지역 6)
리버사이드
(지역 7)
아가시즈
(지역 8)
피바디
(지역 9)웨스트 캠브리지(지역 10)
노스 캠
브리지(지역 11)
캠브리지 하이랜드
(지역 12)
스트로베리 힐
(지역 13)
교육
캠브리지 PSD
아미고스
학교
Rindge 및 라틴
커뮤니티
헌장
프로스펙트 힐 아카데미 헌장
세인트 폴 합창단 학교
하버드 대학교
템플릿
매사추세츠 공과 대학
템플릿
캠브리지 퍼블릭 도서관
랜드마크
가장 높은 건물 및 구조물 목록
시청
하버드 서점
마운트 오번 묘지
수송
버스 노선
MBTA 그린 라인 (
레흐미어
)
MBTA
레드 라인
(
알레와이프
센트럴
하버드
포터
켄달/MIT
)MA-2/MA-2A,
MA-16, MA-28
,
MA-60
,
US-3
이 목록은 불완전합니다.
숨기다
v
t
e
식민지 대학
브라운
컬럼비아
다트머스
하버드
펜
프린스턴
럿거스
윌리엄 & 메리
예일
숨기다
v
t
e
보스턴 대도시의 대학
밥슨
칼리지
베이 주립
대학
벤자민 프랭클린 공과
대학
벤틀리 대학교
버클리
음악 대학
보스턴 건축
대학 보스턴
침례교
대학 보스턴
칼리지
보스턴
음악원
보스턴 정신 분석
대학원 보스턴
대학교
브랜다이스
대학교
벙커 힐 커뮤니티
칼리지
캠브리지
칼리지
커리
칼리지
이스턴 나사렛
칼리지
에머슨
칼리지
엠마누엘
칼리지
피셔
칼리지
하버드 대학교
히브리 칼리지
헬레닉 칼리지
헐트 국제 비즈니스 스쿨
라
부
레 칼리지
라셀
칼리지
레슬리 대학교
롱지 음악 학교
매사추세츠
베이 커뮤니티 칼리지 매사
추세츠 예술 디자인 대학 매사추세츠
약학 및 건강 과학 대학 매사
추세
츠 공
과 대학
MGH 연구소
뉴 잉글랜드
검안
대학 뉴 잉글랜드 음악
원 뉴 잉글랜드
법과 대학
노스 이
스턴 대학교
노스 쇼어
커뮤니티 칼리지
파인 매너
칼리지
퀸시
칼리지
록스 베리 커뮤니티 칼리지
세인트 터
프 츠
시
몬스
대학교
서퍽
대학교
터프 츠 대학교 매
사추세츠 대학교 보스턴
어반
칼리지
웬트워스 공과 대학
윌리엄 제임스 칼리지
숨기다
v
t
e
미국 대학 협회
공공의
애리조나
캘리포니아
버클리
데이비스
어바인
로스 앤젤레스
샌디에이고
산타 바바라
산타 크루즈
콜로라도
플로리다
조지아 테크
일리노이
인디애나
아이오와
아이오와
주
캔자스
메릴랜드
맥길
미
시간 미시간
주 미
네소타 미
주
리
뉴욕
버팔로
스토니 브룩
노스 캐롤라이나
오하이오 주
오 레 곤
Penn State
Pittsburgh
Purdue
Rutgers
Texas
Texas A &M
Toronto Utah Virginia
Washington
Wisconsin
민간의
보스턴 U
브
랜다이
스
브라운
칼텍
카네기 멜론
케이스 웨스턴 리저브
시카고
컬럼비아
코넬
다트머스
듀크
에모리
하버드
존스 홉킨스
MIT
노스 웨스턴
NYU
펜
프린스턴
라이스
로체스터
USC
스탠포드
터프 츠
툴레인
밴더빌트
워시 U
예일
숨기다
v
t
e
매사추세츠 독립 대학 및 대학 협회(AICUM)
애 머스트
안나 마리아
가정
밥슨
베이 경로
베커
벤틀리
버클리
보스턴
건축 보스턴 침례
교
보스턴 대학
보스턴 U
브랜다이스
캠브리지 대학
클라크
홀리 크로스 대학
카레
딘
동부 나사렛
엘
름스
에머슨
엠마누엘
엔디콧
피
셔
고든
햄프셔
하버드
히브리어
라부
레
라셀
레슬리
마리안 코트
MCPHS
MIT
메리맥
MGH 연구소
마운트
홀리오크
마운트 아이다 NECO
뉴
잉글랜드 음악원
뉴베리
니콜스
노스이스턴
올린
파인 매너
레지
스
시몬스
스미스
스프링필드
스톤힐
서퍽
터프츠
보스턴 어반 칼리지
웰즐리
위트
웨스턴 뉴잉글랜드
휘튼
휠락
윌리엄스
WPI
숨기다
v
t
e
HCP 연구 네트워크
캘리포니아
버클리
로스앤젤레스
키에티-페스카라 다눈지오
에른스트 스트룽만 연구소
하버
드
인디애나
미네소타
네이메헌 라드바우드
옥스퍼드
세인트루이스
워릭
워싱턴
숨기다
v
t
e
ECAC 하키
팀
브라운 베어스
남성 여성
클락슨 골든 나이츠
남성 여성
콜게이트 레이더스
남성 여성
코넬 빅 레드
남성
여성
다트머스 빅 그린
남자 여자
하버드 크림슨
남자 여자
프린스턴 타이거스
남자 여자
퀴니피악 밥캣
남자
여자
렌셀러 엔지니어
남성 여성
세인트 로렌스 성도
남성
여성
연합 네덜란드
남자 남자 여자
예일 불독
남자
여자
장소
미한 오디토리움
(브라운)킬 아레나(클락슨)
1965년 졸업
아레나(콜게이트)리나 링크(코넬)
톰슨 아레나
(다트머스)
브라이트 하키
센터(하버드)
호비 베이커 메모리얼 링크
(프린스턴)피
플스 유나이티드 센터
(퀴니피악)
휴스턴 필드 하우스
(렌셀러)
애플턴 아레나
(세인트 로렌스)
아킬레스
링크(유니언)
잉갈스 링크
(예일)
허브 브룩스 아레나
(남자 토너먼트)
남자 상
All-ECAC 하키
팀 올해의 선수 올해의
신인
팀 테일러
상 (올해의 코치)최고의 수비수 최고의
수비 포워드
켄 드라이든 상 (최고의 골텐더)
올해의 학생
선수 토너먼트
올 토너먼트 팀에서
가장 뛰어난 선수
여성상
여자 챔피언
남자 시즌
1961–62 1962–63 1963–64 1964–65 1965–66 1966–67 1967–68
1968
–
69 1969
–70 1970–71 1971–72 1972–73 1973–74
1974–
75
1975–76 1976–77 1977–78 1978–
79 1979
–80 1980–81 1981–82 1982–83 1983–84 1984–85 1985–86 1986–87
1987
–88
1988-89
1989–90 1990–91 1991–92 1992–93 1993–94 1994–95 1995–96 1996–97 1997–98 1998–
99 1999–00
2000–01 2001–02 2002–
03
2003
–
04 2004–05 2005–06 2006–07 2007–08 2008–09 2009–10 2010–11 2011–12 2012–13 2013–14 2014–15 2015–16
2016
–
17
2017–18
2018–19
2019
–20 2020–21 2021–22
2022
–23
보이다
v
t
e
동부 조정 대학 협회
숨기다
v
t
e
동부 대학 간 배구 협회
현재 회원
찰스턴 골든 이글
스
조지 메이슨 패트리어츠
하버드 크림슨
NJIT 하이랜더스
펜 스테이트 니타니 라이온스
프린스턴 타이거스
이전 회원
콩코디아 클리퍼스
이스트 스트라우즈버그 워리어스
주니아타 이글
스 뉴
헤이븐 차저
스 뉴
팔츠 호크스
NYU 바이올
렛
퀸즈 나이츠
럿거스-뉴어크 스칼렛 레이더
스 성심 개척자
세인트 프랜시스
브루클린 테리어 세인트 프랜
시스 레드 플래시
스프링필드 프라이드
바사르 브루어스
숨기다
v
t
e
전국 대학 간 럭비 협회
디비전 1
육군
흑기사
브라운
베어
스
다트머스
빅 그린
하버드
크림슨
롱 아일랜드
샤크스
마운트 세인트 메리
산악인
퀴니피악
밥캣
성심
개척자
디비전 2
앨더슨 브로더스
배틀러스
아메리칸 인터내셔널
옐로우 재킷
몰
로이
라이온스
노틀담 칼리지
팔콘
스
포스트
이글
스
퀸즈
로열
스
웨스트 체스터
골든 램스
디비전 3
보든
북극곰
캐슬턴
스
파르탄
콜비-소여
차저
스
길포드
퀘이커
맨해튼빌
발리언츠
뉴잉글랜드
대학
순례자
노
리치
생도
뉴잉글랜드 대학교
노이스터스
미래 팀
아드리안
불독
숨기다
v
t
e
매사추세츠에 기반을 둔 스포츠 팀
호주 축구 규칙
USAFL
보스턴 데몬즈
야구
MLB
보스턴 레드삭스
일리노이
우스터 레드삭
스
CCBL
본 브레이브
스
브루스터 화이트캡
스
채텀 앵글
러스 코
투잇 케틀러스
팰머스 코모도어
하위치 매리너
스
하이애니스 하버 호크스
올리언스 파이어버드
웨어햄 게이트맨
야
머스-데니스 레드삭
스
FCBL
브록
턴 록
스 피츠필드 선스
웨스트필드 스타파이어
스
우스터 브레이브하
츠
NECBL
마사스 빈야드 샤크스
노스
아담스 스티플캣츠
노스 쇼어 네비게이터
스
밸리 블루삭스
농구
NBA
보스턴 셀틱스
e스포츠
CDL
보스턴
브리치
올빼미
보스턴 업라이징
축구
NFL
뉴잉글랜드 패트리어
츠
IFL
매사추세츠 파이어리츠
WFA
보스턴 레니게이즈
하키
NHL
보스턴
브루인스
AHL
스프링필드 썬더버드
ECHL
우스터 레일러스
PHF
보스턴 프라이드
라크로스
WPLL
뉴잉글랜드 사령부
UWLX
보스턴 스톰
롤러 더비
WFTDA
베이 스테이트 브롤러
롤러 더비 보스턴 롤러 더비
MRDA
파이오니어 밸리 롤러 더비
럭비 리그
NARL
보스턴 서틴스
미국 슈퍼 럭비 리그
오네이다 FC
럭비 유니온
MLR
뉴 잉글랜드 프리 잭
네르푸
보스턴 RFC 보스턴 아이
언사이드
RFC 보스턴
아이리쉬 울프하운드 보스턴
마카비럭비 찰스 리버
래츠
미스틱 리버
올드 골드 럭비
사우스 쇼어 앵커
스프링필드
RFC 우스터
RFC
축구
MLS
뉴 잉글랜드 혁명
MLS 넥스트 프로
뉴 잉글랜드 혁명 II
USL2
블랙 록
FC
보스턴 볼트
웨스턴 매스 파이오니어
NPSL
보스턴 시티
FC
그레이터 로웰 러프 다이아몬드
발레오 FC
UWS
뉴잉글랜드 반란
궁극적
호주
보스턴 글로리
대학 운동 경기
NCAA
디비전 I
아메리칸 인터내셔널
옐로우 재킷
(남자 아이스하키
, 남자
배구
)
밥슨
비버스
(
남녀 알파인 스키
)
벤틀리
팔콘
스(남자
아이스
하키
)
보스턴 칼리지
이글
스
브랜다이스
심사위원
(
남자 및 여자 펜싱
)
보스턴 유니버시티
테리어
프랭클린 피어
스
레이븐
스(
여자 아이스하키
(팀은 매사추세츠주 윈첸던에 있는
윈첸던 학교의
일부인 제이슨 리치 아이스 아레나에서 경기)).
하버
드
크림슨
홀리 크로스
크루
세이더
MIT
엔지니어
(남녀
펜싱
, 남녀 소
총
, 남녀 조정(크루))
메리맥
워리어스
노스이스턴
허스키
스프링필드
프라이드
(
남녀 체조
)스톤힐
스카이호크스
터프츠
점보스
(여자 펜싱)U매스 애머스트 미닛맨과 미닛우먼
UMass 로
웰
리버 호크스
웰즐리
블루
(
여자 펜싱
)
윌리엄스
엡스
(
남녀 조정(크루)
및 남자 및 여자
알파인
및 노르딕 스키
)
NCAA
디비전 II
아메리칸 인터내셔널
옐로우 재킷
가정
그레이하운드
(
여자 아이스하키는
2023-24년에 디비전 I 경기를 시작합니다)
벤틀리
팔콘
스
프랭클린 피어
스
레이븐
스(
남자 아이스하키
(팀은
매사추세츠주
윈첸던에 있는
윈첸던 학교의
일부인 제이슨 리치 아이스 아레나에서 경기를 합니다)).
NCAA
디비전 III
애머스트
매머드
안나 마리아
앰캣
츠
밥슨
비버
브랜다이
스
판사
브리지워터 스테이트
베어
스
클락
쿠거
카레
대령
딘
불독
동부 나사렛
라이온스
엘름스
블레이저
스
에머슨
라이온스
엠마누엘
세인츠
엔디 콧
갈매기
피치 버그
주립
팔콘
프레이밍햄 주립
램스
고든
파이팅 스코틀랜드
라셀
레이저
레슬리
살쾡이
마운트 홀리오크
라이언
스
MCLA
트레일블레이저
스
매사추세츠 해양
해적
MIT
엔지니어
니
콜
스
들소
레지
스
프라이드
세일럼 스테이트
바이킹
시몬스
샤크스
스미스
파이오니어
스프링
필드
프라이드
서퍽
램
스
터프츠
점보스
U
매스 보스턴
비콘
스 U매스 다트
머스
커세어스
웰즐리
블루
웬트워스
레오파드
웨스턴 뉴잉글랜드
골든 베어
스
웨스트필드 스테이트
올빼미
휘튼
라이언
스
윌리엄스
엡스
WPI
엔지니어
우스터 스테이트
랜서
나이아
피셔
팔콘
미국 이민국
베이 패스
와일드캣츠
햄프셔
블랙 쉽
NJCAA 디비전 II
마사소이트 커뮤니티 칼리지
워리어스
NJCAA 디비전 III
벤자민 프랭클린 공과 대학
쇼
커스 브리스톨 커뮤니티 칼리지 베이 호크스
벙커 힐
커뮤니티 칼리지
불독스
홀리 오크
커뮤니티 칼리지
쿠거
매사추세츠 베이
커뮤니티 칼리지
버커니어스
노던 에섹스 커뮤니티 칼리지
나이츠
퀸시가몬드 커뮤니티 대학
치프
록스베리 커뮤니티 칼리지
타이거
스
스프링필드 테크니컬 커뮤니티 칼리지
램스
숨기다
권한 제어
일반
ISNI
1
VIAF
1
월드캣
국립 도서관
노르웨이
프랑스
(데이터)
독일
이스라엘
미국
라트비아
체코
호주
그리스
한국
크로아티아
폴란드
바티칸
미술 연구소
아티스트 이름 (게티)
과학 데이터베이스
치니 (일본)
다른
뮤직브레인즈
플레이스
RERO (스위스)1
소셜 네트워크 및 아카이브 컨텍스트
SUDOC (프랑스
)1
트로브 (호주)
1
분류
:
하버드 대학교
매사추세츠의 1636개 시설
매사추세츠 주 미들섹스 카운티에 있는 대학 및 대학
매사추세츠 주 케임브리지의 대학 및 대학
식민지 대학
1630 년대에 설립 된 교육 기관
매사추세츠의 사립 대학 및 대학
​",https://blog.naver.com/finemind/222938472570,국민주권세상,20221126,2026-04-27 14:44:39
옐로우로즈해리카운티,[계속 수정중] 1920~2022년까지 개봉한 해외영화목록... ,엉클 해리 (04) 밀드레드 피어스 1946년 개봉 우리 생애 최고의 해 멋진 인생 1948년 개봉 (01)... 더티 해리 (14) 당산대형 (15) 프렌치 커넥션 (16) 협녀 (17) 007 다이아몬드는 영원히 (18) 시계태엽... ,"주의! 되도록이면 미국 개봉년도에 맞춘거라 국내 개봉날짜랑 틀릴수 있고 확실히 모를경우엔 국내개봉년도로 들어감. 그리고 모든 영화 다 있는건 아님!
순서는 개봉순이 아니라 제멋대로이니 주의!
길어서 접음
└ 접기",https://blog.naver.com/noname840424/222824882731,어른이의 취향,20220722,2026-04-27 14:44:41
옐로우로즈해리카운티,왓챠에서 서비스하는 컨텐츠 목록(현재 7800개),언프레임드 작은 방안의 소녀 핑크 클라우드 바바 야가 검은 가시 마녀 로스트 인 런던 스코치드 어스: 분노의 추격자 불청객들 몽키킹 : 투신의 부활 쇼미더고스트 변신 : 어느날 갑자기 아리아 : 더... ,,https://1eed00.tistory.com/293,DooDooDoo,20211222,2026-04-27 14:44:41
옐로우로즈해리카운티,[정보] 1타 3만 체육쿠폰 사용처(환급 대상 업체) : 경기 지역... ,"관심과 사랑으로 지도하겠습니다!!!]인천 연수구 송도동 3-6 아크리아1 빌딩 601호한국파워점핑(220-17-01178)[종목 : 줄넘기] [시설소개 : ]경기 부천시 양지로 234-10 (옥길동, 제이드카운티1단지) 2층... ","환급대상업체
리스트
업체명
내용
주소
상세주소
플랜제이(528-50-00503)
[종목 : 헬스]
[시설소개 : 성남 분당구 서현동에 위치한 1:1 전문 PT
  Studio입니다]
경기 성남시 분당구 불정로420번길 4 (서현동) 1층
한라 태권도 체육관(141-90-03726)
[종목 : 태권도]
[시설소개 : ]
경기 파주시 조리읍 능안로 35 (대원리, 한라아파트) 상가 301호
파이널유도멀티짐(857-98-00058)
[종목 : 유도]
[시설소개 : ]
경기 부천시 경인로 132 (송내동) 4층
안성드림점핑(244-05-01768)
[종목 : 점핑 다이어트]
[시설소개 :
https://blog.naver.com/qkrdmscjf11]
경기 안성시 공도읍 진사리 20-28 3층 드림점핑
논현국가대표코리아(760-97-00363)
[종목 : 태권도]
[시설소개 : ]
인천 남동구 에코중앙로156번길 5-29 (논현동) 2층
점프윙스 줄넘기 인천 청라점(111-91-29474)
[종목 : 줄넘기]
[시설소개 : ]
인천 서구 청라한울로 96 (청라동,
  청라제일풍경채2차에듀앤파크) 1동 상가 202,203호
위시티24시당구클럽(299-70-00369)
[종목 : 당구장]
[시설소개 :
  대대2대 중대5대 당구장입니다]
경기 고양시 일산동구 위시티로 59 (식사동, 썬프라자) 2층206호
하루기구필라테스(735-17-00963)
[종목 : 필라테스]
[시설소개 : ]
경기 파주시 미래로 620 (와동동, 해솔프라자) 201호
산내당구클럽(184-01-01245)
[종목 : 당구장]
[시설소개 : 파주
  운정신도시 산내당구클럽 입니다.대대5대 중대4를 보유.측면카메라.
다양한이벤트가 있습니다.]
경기 파주시 심학산로423번길 7-33
  (목동동, 준프라자) 준프라자4층 산내당구클럽
더무드필라테스(225-10-09652)
[종목 : 필라테스]
[시설소개 : ]
경기 용인시 수지구 수지로461번길 40 (동천동) 3F 더무드필라테스
히플짐(151-39-00730)
[종목 : PT]
[시설소개 :
  1:1pt전문센터]
경기 고양시 덕양구 꽃마을로 4 (향동동,
  고양향동 퍼스트타워) 801호 히플짐
용인대석사중앙태권도(123-92-17696)
[종목 : 태권도]
[시설소개 : ]
경기 군포시 부곡동 1128-2 1층
한양스포츠(184-91-01493)
[종목 : 농구,축구]
[시설소개 : ]
경기 안산시 단원구 광덕동로 81 (고잔동, 진성드림프라자) 703~705
판교축구클럽(296-08-01509)
[종목 : 축구교실]
[시설소개 :
  축구교실 및 풋살장 대관 레슨 운영 합니다.]
경기 성남시 분당구 두밀로 12 (하산운동) 판교축구클럽
타이거태권도장(628-93-00509)
[종목 : 태권도]
[시설소개 : ]
경기 고양시 덕양구 통일로770번길 35
  (관산동) 경기 고양시 덕양구 통일로770번길 35 (관산동)
JA바디홀릭(823-07-00891)
[종목 : 요가원]
[시설소개 : ]
경기 화성시 우정읍 장안로 28 (조암리) 1층
스타골프존(303-14-91085)
[종목 : 스크린골프]
[시설소개 : ]
경기 이천시 구만리로 303 (안흥동) 2층
벗우클럽(503-32-17675)
[종목 : 당구장]
[시설소개 :
  Yes]
경기 고양시 덕양구 호국로 1771 (고양동) 202호
시온필라테스(749-17-01553)
[종목 : 필라테스]
[시설소개 :
  부개동 피라테스 오픈센터입니다!]
인천 부평구 부평문화로 208 (부개동) 4층
열린점핑다이어트(683-33-00633)
[종목 : 필라테스]
[시설소개 : ]
경기 안산시 단원구 고잔동 746-2 4층
베스트어린이전용수영장(352-94-01194)
[종목 : 수영]
[시설소개 :
  어린이레슨전문수영장]
경기 시흥시 장곡로 74 (장곡동, 금강프라자) 지하1층
용인대드림태권도장(의왕)(448-92-01472)
[종목 : 태권도]
[시설소개 : ]
경기 의왕시 어내들로 5 (오전동, 의왕 더샵
  캐슬) 단지내 a상가 3층 308호
더엠에이치앤비(578-37-00834)
[종목 : 필라테스]
[시설소개 : ]
경기 성남시 분당구 돌마로 68 (구미동, 분당프라자) 504호
미사DK골프아카데미(554-06-01828)
[종목 : 스크린골프연습장]
[시설소개
  : 실내스크린골프연습장]
경기 하남시 미사강변대로 42 (풍산동, DK골드타워) 203,204,205,206호
리핏피트니스(207-20-61829)
[종목 : 피트니스]
[시설소개 : ]
경기 광명시 오리로 856 (철산동) 지하2층
무브먼트 PT 스튜디오(102-19-16737)
[종목 : PT]
[시설소개 :
  안녕하세요 . 물리치료사 출신 트레이너가 지도하는 전문 트레이닝 센터
무브먼트 PT 스튜디오 입니다.
저희는 'To better your performance' 라는 슬로건으로 회원님들의 운동을 지도합니다.
바벨 트레이닝, 케틀벨, 기능성 트레이닝, 선수트레이닝 등 다양한 프로그램을 제공하며,
논문에 근거한 과학적이고 체계적인 트레이닝을 제공합니다 :-)]
경기 안산시 단원구 광덕대로 146 (고잔동, 일번지프라자) 306호
GDR아카데미 하남스타필드점(122-87-00053)
[종목 : 실내골프연습장]
[시설소개 :
  골프존이 만든 골프연습장]
경기 하남시 신장동 616 스타필드하남 지하1층
편안한움직임(144-01-92471)
[종목 : 필라테스]
[시설소개 :
  편안한움직임은 필라테스와 건강관리를 전문으로 하는 분당 유일의 건강운동센터입니다. 필라테스는 오리엔탈필라테스 정자파크뷰점으로 운영되고
  있으며, 1:1 개인레슨, 2:1 듀엣레슨만 진행되는 프라이빗 센터입니다. 또한 대한카이로프랙틱학회 지정센터로써 체형교정, 재활운동,
  척추측만특화운동, 통증회복, 운동선수트레이닝 등 차별화된 1:1 맞춤케어시스템의 건강관리 프로그램을 제공합니다.]
경기 성남시 분당구 정자일로 248 (정자동, 파크뷰) 휘트니스 6층
국가대표파주태권도장(640-90-00997)
[종목 : 태권도]
[시설소개 : ]
경기 파주시 청암로17번길 41 (목동동, 아이온프라자) 201,202호
팀태권도(192-93-00198)
[종목 : 태권도]
[시설소개 : ]
경기 부천시 계남로 257 (중동) ,2층(동진빌딩)
에스바디워크비산점평생교육원(459-99-01224)
[종목 : 필라테스]
[시설소개 : ]
경기 안양시 동안구 관악대로 91 (비산동, 대림타워) 802호
김희정요가 중동점(452-32-00269)
[종목 : 요가]
[시설소개 :
  요가강사들이 추천하는 요가원
신중동역 먹자골목 시계탑 근처]
경기 부천시 조마루로285번길 34 (중동, 이스트타워 원) 8층
아라한한울태권도장(479-91-01009)
[종목 : 태권도]
[시설소개 : ]
경기 양주시 백석읍 꿈나무로 313 (복지리,
  동화은하수2단지초록마을아파트) 상가3층 아라한한울태권도장
J휘트니스 복정2호점(598-76-00201)
[종목 : 헬스장]
[시설소개 : ]
경기 성남시 수정구 복정로 135 (복정동,
  미보빌딩) 2층 J휘트니스 복정2호점
용인대 국가대표 태권도스쿨(131-91-51553)
[종목 : 태권도]
[시설소개 : 저희
  태권도장은 유치부, 초등부, 중.고등부를 지도하는 태권도장입니다!
관심과 사랑으로 지도하겠습니다!!!]
인천 연수구 송도동 3-6 아크리아1 빌딩 601호
한국파워점핑(220-17-01178)
[종목 : 줄넘기]
[시설소개 : ]
경기 부천시 양지로 234-10 (옥길동,
  제이드카운티1단지) 2층 한국파워점핑
경희대꿈나무태권도(109-90-69137)
[종목 : 태권도]
[시설소개 :
  유아체육,태권도,줄넘기,쌍절곤,호신술 등]
인천 서구 장고개로287번길 6-1 (가좌동) 2층 꿈나무 태권도
바른운동 평촌PT 1호점(234-36-00276)
[종목 : pt 개인운동지도]
[시설소개
  : ]
경기 안양시 동안구 귀인로190번길 90-6 (평촌동) 1층
CL당구 클럽(137-21-87959)
[종목 : 당구장]
[시설소개 : ]
인천 서구 청라커낼로260번길 7-19 (청라동, 청라 에이스프라자) 4층
상현블랙벨트태권도(142-90-83266)
[종목 : 태권도]
[시설소개 :
  유치부(줄넘기, 유아체육)
초등부 (학교체육, 시범단, 승품심사)
중고등부 / 성인부(승단심사준비)]
경기 용인시 수지구 만현로67번길 11
  (상현동, 신화) 2층 상현블랙벨트태권도
이화리듬체조 아카데미(545-07-00856)
[종목 : 리듬체조]
[시설소개 : ]
경기 성남시 분당구 미금로 39 (구미동, 로얄프라자) 4층 이화리듬체조
경희대라온태권도장(669-95-01444)
[종목 : 태권도]
[시설소개 : ]
경기 용인시 수지구 동천로 137 (동천동, 동천프라자) 2츤 207
원 트레이닝센터(238-36-00579)
[종목 : pt샵]
[시설소개 :
  원트레이닝센터는 1대1 전문 피티샵으로 웨이트 트레이닝, 필라테스, 운동재활 등
다양하고 전문적인 운동을 통해
운동재활, 이어트, 기초체력증가 등
  원하는 운동을 하실 수 있습니다.]
경기 이천시 아리역로 63 (송정동) 2층 원트레이닝센터
Ok스크린골프존(612-65-00160)
[종목 : 스크린골프]
[시설소개 :
  스크린골프]
경기 부천시 부흥로315번길 58 (중동,
  아이타운) 부천시 부흥로315번길58 2층 201ㅎㆍㄷ
합기도 검무관 운양도장(532-13-01582)
[종목 : 합기도]
[시설소개 :
  합기도
(인성 교육/신체 단련/자기 방어/유아체육/초중고/호신술/낙법/발차기/체조)]
경기 김포시 김포한강1로 227 (운양동,
  광장프라자) 광장프라자 5층 합기도 검무관
매직스크린골프클럽(424-08-00653)
[종목 : 골프연습장]
[시설소개 : ]
경기 평택시 안중읍 서동대로 1737-2 (안중리) 매직스크린골프클럽
헐리우드당구장(394-53-00217)
[종목 : 당구장]
[시설소개 : ]
경기 부천시 부흥로307번길 64 (중동, 지성빌딩) 2층
에이스탁구클럽(123-37-84274)
[종목 : 탁구]
[시설소개 : 탁구대수
  7대
전용코치2명]
경기 군포시 수리산로 100 (산본동,
  설악아파트 상가) 지하1층 에이스탁구클럽
스트라이크존(인천서구청구장)(804-31-00352)
[종목 : 스크린야구]
[시설소개 :
  서구 유일의 스크린야구장]
인천 서구 서곶로301번길 16 (심곡동, 태영프라자) 505호, 511호
룩스필라테스 별내점(257-19-01456)
[종목 : 필라테스]
[시설소개 :
  100% 기구필라테스 전문 스튜디오 그룹레슨 / 2:1 듀엣레슨 / 1:1 개인레슨 캐포머, 체어, 바렐 대기구 그룹레슨실 완비]
경기 남양주시 별내5로5번길 11 (별내동, 성산 메디컬 타워) 4층
자이골프존(127-44-90698)
[종목 : 실내스크린골프연습장]
[시설소개 : ]
경기 양주시 고삼로 154 (삼숭동) 자이골프존
타워스크린골프(845-65-00421)
[종목 : 스크린 골프장]
[시설소개 :
  ]
경기 파주시 책향기로 573 (목동동) 월드타워3차 302호 (목동동)
GDR아카데미 화성남양점(122-87-00053)
[종목 : 실내골프연습장]
[시설소개 :
  골프존이 만든 골프연습장]
경기 화성시 남양읍 남양로 829 현대프라자 5층
청라창덕태권도장(131-90-63858)
[종목 : 태권도]
[시설소개 : ]
인천 서구 솔빛로 88 (청라동) 301호
현대볼링장(135-78-00101)
[종목 : 볼링장]
[시설소개 : 송탄
  지산동에 있는 송탄 현대볼링장입니다.
10개 레인/ 일반, 락볼링/ 프로샵 / 패키지게임]
경기 평택시 송탄공원로 135 (지산동,
  현대아파트) 현대아파트상가동 지하1층 101호
용인대백호태권도장(246-95-00223)
[종목 : 태권도]
[시설소개 : ]
경기 파주시 한울로 59 (동패동) 올리브프라자 4층 401.402호
소사올림픽태권도장(130-92-16152)
[종목 : 태권도]
[시설소개 : ]
경기 부천시 소사로102번길 59 (소사본동) 304호
QED골프아카데미평촌점(690-85-00931)
[종목 : 골프연습장]
[시설소개 : ]
경기 안양시 동안구 벌말로 66 (관양동, 평촌역 하이필드) 제알비107호
경희대참태권도(629-96-00070)
[종목 : 태권도]
[시설소개 : ]
경기 부천시 지봉로143번길 7 (역곡동,
  대림e편한세상1차아파트) 상가2층
J휘트니스 복정점(496-17-00887)
[종목 : 헬스장]
[시설소개 : ]
경기 성남시 수정구 복정로 41 (복정동) 2층 J휘트니스 복정점
동암써니핏(807-05-01138)
[종목 : 줌바]
[시설소개 :
  동암써니핏 줌바& 근력 스트레칭!!
재밌게 함께 운동합시다]
인천 부평구 십정동 301-11 지층
논현경희펀태권도(783-92-01297)
[종목 : 태권도]
[시설소개 : ]
인천 남동구 호구포로 219 (논현동, 세중프라자) 801,802호
커브스만수클럽(132-57-00126)
[종목 : 에어로빅]
[시설소개 :
  여성전용 피트니스]
인천 남동구 장승남로 48 (만수동, 제우빌딩) 2층 커브스 만수클럽
휘트니스 솔루션(515-34-00185)
[종목 : 헬스장]
[시설소개 :
  실내체육시설]
경기 포천시 소흘읍 태봉로 138 (송우리,
  희성RICH프라자) 9층 비나이더 피트니스
미엘 리듬체조(832-38-00604)
[종목 : 리듬체조]
[시설소개 : ]
경기 화성시 수노을중앙로 126 (새솔동) 나이스프라자 404호
경원대신성태권도(142-91-29518)
[종목 : 태권도]
[시설소개 : ]
경기 용인시 기흥구 죽전로 20 (보정동, 죽전누리에뜰아파트) 상가413호
주식회사 잼쓰(288-87-02104)
[종목 : 휘트니스]
[시설소개 :
  휘트니스 센터 입니다]
경기 고양시 일산동구 위시티1로 6-39
  (식사동, 더파인테라스) 3층 jms 휘트니스
일오삼당구클럽(736-20-01085)
[종목 : 당구장]
[시설소개 :
  일오삼당구클럽]
경기 시흥시 비둘기공원6길 16 (대야동,
  신생프라자) 301호 일오삼당구클럽
다온요가n필라테스 만수점(340-21-00451)
[종목 : 요가, 필라테스]
[시설소개
  : 요가&플라잉 요가& 키즈 플라잉 요가
기구필라테스 1:1, 6:1
만수동 최장수 요가원]
인천 남동구 장승남로 46 (만수동, 조은빌딩) 4층 401호
가온누리 강호 태권도(886-92-00544)
[종목 : 태권도]
[시설소개 : ]
경기 포천시 신읍길 26 (신읍동) 2층 가온누리 강호 태권도
Mr. 강 당구클럽(854-06-00767)
[종목 : 당구장]
[시설소개 : ]
경기 안산시 단원구 와동1로 7 (와동) 3층 미스터 강 당구클럽
바디랩스(127-47-19885)
[종목 : 퍼스널 트레이닝 샵]
[시설소개 : ]
경기 의정부시 부용로 95 (금오동, 현대프라자) 202호 바디랩스
바디세븐요가(758-86-00103)
[종목 : 요가]
[시설소개 :
  망포최고시설쾌적한환경
바디세븐요가&플라잉요가입니다:)]
경기 수원시 영통구 영통로213번길 16
  (영통동, 망포프라자) 3층 바디세븐요가
선후합기도(235-99-01201)
[종목 : 합기도]
[시설소개 : ]
경기 용인시 수지구 성복동 731 LG빌리지6차 상가동 305호
브리딘필라테스(237-28-00722)
[종목 : 필라테스]
[시설소개 :
  브리딘 필라테스는 최적의 공간에서
감염병 예방을 위한 1:1 PT 및 2:1 Duet을 전문적으로
필라테스를 할 수 있는 공간으로써
차별화되고 체계적인 프로그램으로 운영되고 있습니다.
또한 감염병 예방에 노력하고자 1일 1회 방역 및 기구 소독을 실시하고 있습니다.]
경기 성남시 분당구 성남대로331번길 7
  (정자동, 정자스타빌딩) 정자스타빌딩 504호
더엠에이치앤비2(311-10-30077)
[종목 : 필라테스]
[시설소개 : ]
경기 성남시 분당구 성남대로916번길 5
  (야탑동, 관보골든쇼핑스포츠빌딩) 304호
더샵골프아카데미(392-88-01847)
[종목 : 실내스크린골프연습장]
[시설소개 : 실내스크린골프연습장]
경기 하남시 미사강변대로 42 (풍산동, DK골드타워) 207호
조인스크린&골프연습장(518-16-01646)
[종목 : 골프]
[시설소개 : 실내
  연습타석9개 실외 연습타석6개
골프존 비젼플러스 룸3대
스크린골프 연습장 입니다]
경기 고양시 덕양구 호국로 783 (주교동,
  문화빌딩) 7층 조인스크린골프장
코리아 무에타이(682-07-01402)
[종목 : 무에타이]
[시설소개 : ]
경기 수원시 권선구 권선동 1255-7 지하 코리아 무에타이
다와 스크린골프클럽(128-20-78390)
[종목 : 스크린골프]
[시설소개 : ]
경기 고양시 일산서구 송포로 35 (대화동,
  대륙종합상가) B102 다와스크린골프클럽
GDR아카데미 화성능동점(122-87-00053)
[종목 : 실내골프연습장]
[시설소개 :
  골프존이 만든 골프연습장]
경기 화성시 능동 1052-1 디알타운 2층
챔피언태권스쿨(125-91-30698)
[종목 : 태권도]
[시설소개 : ]
경기 평택시 안중읍 안현로서6길 62
  (현화리, 금강프라자빌딩) 6층 챔피언태권스쿨
플레이핑퐁 탁구클럽 (성남)(411-74-00351)
[종목 : 탁구]
[시설소개 : ]
경기 성남시 수정구 산성동 2125 4층 플레이핑퐁 (서서갈비건물 4층)
한국체대현태권도장(232-92-00941)
[종목 : 태권도]
[시설소개 : ]
경기 평택시 죽백동 754 4층 401호 402호
K브레인태권도(122-92-24909)
[종목 : 태권도]
[시설소개 : ]
경기 부천시 평천로 679 (약대동, 부천아이파크) 119동203호
QED골프아카데미 호계점(681-85-01130)
[종목 : 골프연습장]
[시설소개 : ]
경기 안양시 동안구 엘에스로 122 (호계동,
  호계 데시앙플렉스) b101~104호
레드스타필드 골프아카데미(202-24-65866)
[종목 : 실내스크린골프연습장]
[시설소개 : 레드스타필드&클럽입니다.
500평 규모의
최신 스크린골프 연습장과
휘트니스를 한곳에!!
골프 스윙분석 시뮬레이터.
KPGA 프로 레슨.
최고급 웨이트 머신
(라이프휘트니스,스텝밀)]
경기 안산시 단원구 광덕대로 137 (고잔동, 밀레니엄 1) A동 6층
바론필라테스 동탄점(551-62-00092)
[종목 : 필라테스]
[시설소개 :
  재활전문 기구필라테스센터]
경기 화성시 반송동 88-1 제일프라자 303호
케이팔팔스케이트보드클럽(539-02-02005)
[종목 : 스케이트보드]
[시설소개 :
  부평구와 함께하는 K88 SKATE CLUB은 스케이트보드레슨을 전문으로 하는 아카데미입니다.]
인천 부평구 부평문화로 190 (부개동) 지하1층
에스파인필라테스(167-02-01835)
[종목 : 필라테스 실내체육시설]
[시설소개 : 안녕하세요 : )
운정 에스파인필라테스 입니다.
에스파인필라테스는
재활치료,운동처방,물리치료 등 다양한 자격증을 가진
강사들로 퀄리티 높은 레슨이 가능한 필라테스 센터 입니다.
5:1 소규모 그룹부터 1:1개인,2:1듀엣레슨 전부 가능하세요!
그룹레슨 최대 60%할인
개인레슨 최대 30%, 듀엣레슨 최대 50%할인 가능!]
경기 파주시 경의로 1108 (야당동) 3층 에스파인필라테스
소소요가(107-26-38919)
[종목 : 요가]
[시설소개 : 용인
  고림동에 위치한 하타요가원입니다.]
경기 용인시 처인구 임원로 110 (고림동) 2층 (임원빌딩)
부안태권도장(894-92-00695)
[종목 : 태권도]
[시설소개 : 부천시
  부안초교 정문앞]
경기 부천시 경인로484번길 82 (괴안동) 2층
누필라테스(135-44-00538)
[종목 : 필라테스 센터]
[시설소개 :
  기구전문 필라테스 센터]
경기 화성시 향남읍 발안로 116 (행정리, 중앙프라자) 3층
존프랭클 옥길주짓수(341-18-01448)
[종목 : 주짓수]
[시설소개 :
  존프랭클 네트워크 팀 주짓수경력 10년차
옥길지구 유일 여성관장 직접지도]
경기 부천시 옥길로 124 (옥길동, 문영
  퀸즈파크 C) 7층 701호 옥길주짓수
정문태권도 신관(125-93-56052)
[종목 : 태권도]
[시설소개 : ]
인천 미추홀구 매소홀로446번길 20 (학익동) 2층 정문태권도 신관
태양체육관(124-92-41748)
[종목 : 태권도]
[시설소개 : ]
경기 수원시 권선구 하탑로 42 (탑동) 863-3번지
대림빌딩4층
토닌필라테스 평생교육원(241-97-01288)
[종목 : 필라테스]
[시설소개 : ]
경기 수원시 팔달구 일월로22번길 8 (화서동) 4층 우성빌딩
미스터복싱짐(254-99-00917)
[종목 : 복싱]
[시설소개 : 수원시
  장안구 천천동에 있는 복싱체육관입니다.]
경기 수원시 장안구 만석로19번길 25-3
  (천천동, 강민크리닉) 7층 미스터복싱짐
광교요가스튜디오(580-31-00761)
[종목 : 요가]
[시설소개 :
  광교요가스튜디오]
경기 용인시 수지구 광교호수로378번길 4-10 (상현동) 103호
머슬피플 피트니스 청라점(637-10-01815)
[종목 : 헬스장]
[시설소개 : ]
인천 서구 청라한내로72번길 23 (청라동) 쓰리엠파크 7층
라온필라테스 백석(667-18-01409)
[종목 : 필라테스]
[시설소개 :
  라온필라테스 백석]
경기 고양시 일산동구 장백로 86 (백석동, 한경빌딩) 2층 라온필라테스
송종국축구교실(456-95-01533)
[종목 : 축구교실]
[시설소개 : ]
경기 평택시 비전동 59-8 센띠에로상가 2층 201호
경희대 글로벌 파워점핑줄넘기(383-91-01687)
[종목 : 줄넘기]
[시설소개 :
  하늘도시
줄넘기 체육관]
인천 중구 하늘달빛로 94 (중산동) 711호, 712호(중산동)
베스트어린이전용수영장(352-94-01194)
[종목 : 수영장]
[시설소개 :
  수영레슨전문수영장]
경기 시흥시 장곡로 74 (장곡동, 금강프라자) 지하1층
룩스필라테스 인덕원역점(389-85-01646)
[종목 : 필라테스]
[시설소개 :
  100% 기구필라테스 전문 스튜디오 그룹레슨 / 2:1 듀엣레슨 / 1:1 개인레슨 캐포머, 체어, 바렐 대기구 그룹레슨실 완비]
경기 안양시 동안구 흥안대로 528 (관양동, 타워빌딩) 8층 801,802호
와코최(263-95-01299)
[종목 : 킥복싱.합기도]
[시설소개 :
  인천시킥복싱협회.합기도]
인천 중구 중산동 1886-3 스카이타워8층801호
제이에이 축구클럽(755-90-01570)
[종목 : 체육시설(축구)]
[시설소개
  : 평택시 120평 규모의 스포츠 인조 잔디 실내
구장을 보유한 축구클럽입니다!!
비전동,소사벌,죽백동에 위치한 축구교실이며
유아부,초등부,중등부까지 다양하게 취미반
수업을 진행하고 있습니다.
취미반 수업뿐만 아니라 선수육성반 개설예정이며 개인 레슨도 진행하고 있습니다.
평택시청에서 체육교습업으로 정식 허가 받은
축구 전문 교육기관이며, 배상책임보험도 가입이
되어 있어 아이들 안전에 최우선하는 축구교실입니다!!^^
선수생활 10년이상 지도자 경력 15년 이상
대한축구협회 AFC B급 자격증을 보유한 감독님이 직접 아이들을 수업하고 있으며
동삭동,세교동,통복동,지제,칠원동,비전동,죽백동,용이동,용죽,현촌까지
모든 수업에 차량 운행이 가능합니다!!
일주일 중에 가장 행복한 한시간!!
아이들이 마음껏 뛰어 놀 수 있는 공간!!
제이에이 축구클럽이 만들어가겠습니다!!^^
무료체험학습 진행 후 등록 가능하시며
언제든지 문의하시고 상담받으러 오시면
아이에 맞는 맞춤 상담으로 정성껏 상담해드리겠습니다!!
감사합니다!!^^]
경기 평택시 죽백2길 19 (죽백동) 제이에이 축구클럽
경희대 아이탑명명
  K-타이거즈태권도(152-99-01361)
[종목 : 태권도]
[시설소개 :
  유치부. 초등부.중.고등부. 시범단,태권도학과입시체육, 성인부. 지도 (경희대 아이탑명성K-타이거즈.
네이버 검색)]
경기 광주시 초월읍 경충대로1127번길 46
  (쌍동리) 와이제이빌딩2층 201호
벨로필라테스(822-12-00631)
[종목 : 필라테스]
[시설소개 :
  기구필라테스
]
경기 시흥시 서울대학로264번길 44-4 (배곧동, 에스프라자) 에스프라자 806호
15011
GDR아카데미 고양중산점(122-87-00053)
[종목 : 실내골프연습장]
[시설소개 :
  골프존이 만든 골프연습장]
경기도 고양시 일산동구 중산동 1836-3 나래누리 5층
명성태권도(131-90-46034)
[종목 : 태권도]
[시설소개 : ]
경기 평택시 청북읍 안청로 336 (옥길리, 골드테라스) 405호
블랙벨트센터태권도장(344-96-01329)
[종목 : 태권도]
[시설소개 : ]
경기 성남시 수정구 성남대로1480번길 19 (복정동) 지층
골프존파크 군내 버디스크린점(878-13-01324)
[종목 : 스크린골프]
[시설소개 : ]
경기 포천시 군내면 구읍리 427-2
  골프존파크 군내 버디스크린점 2층 3층
티나 필라테스(235-22-01062)
[종목 : 필라테스]
[시설소개 :
  제1대 뉴욕 오리지널 정통 필라테스 유학파 원장이 디렉팅하는 스튜디오
국제 자격증 소유와 유능한 강사진으로 구성
디스크, 측만, 부상, 임산부, 실버의 재활을 돕는 전문적인 강사진들의 레슨]
경기 용인시 기흥구 구갈로60번길 5-1 (구갈동, 다빈치 프라자) 5층
아임필라테스&플라잉요가 분당서현점(주식회사
  아그네스)(189-85-01482)
[종목 : 필라테스,플라잉요가 ,요가]
[시설소개 : 안녕하세요 ^^ 아임필라테스&플라잉요가 분당서현점입니다!
아임이 특별한 이유👀
👉5년 경력의 필라테스 센터! 체계적인 상담과 수업관리 시스템
👉기구필라테스와 플라잉요가를 포함한 다양한 요가프로그램 완비!
👉간편한 수강권 결제 (센터에 직접 오지않아도 결제와 예약을 한번에!)
👉어플로 간편하게 실시간 운동 예약!
👉국내 최고의 필라테스, 요가, 재활 전문 강사진
언제든 문의주세요^^]
경기 성남시 분당구 황새울로335번길 5
  (서현동) N 타운빌딩 6층 아임필라테스&플라잉
고투피트니스 광명(117-81-89883)
[종목 : 체력단련장업]
[시설소개 :
  ]
경기 광명시 범안로 1042 (하안동, 제일빌딩) 8층 고투피트니스 광명점
안산탁구클럽(391-52-00394)
[종목 : 탁구]
[시설소개 :
  안산탁구클럽 놀러오세요.]
경기 안산시 상록구 석호로 268 (본오동) 지하 안산탁구클럽
카카오골프 스마트밸리(459-26-01104)
[종목 : 골프 연습장]
[시설소개 :
  ]
경기 하남시 미사강변서로 16 (풍산동,
  하우스디스마트밸리) SB190호 카카오골프 스마트밸리
펀킥(132-92-37376)
[종목 : 킥복싱 주짓수]
[시설소개 :
  킥복싱.주짓수 전문도장입니다]
경기 남양주시 진접읍 해밀예당1로 219
  (금곡리, 삼성프라자) 501.2.3호 꿈의도장 상무관
바운스피트니스(256-39-00559)
[종목 : 헬스장]
[시설소개 :
  헬스장,체력단련장]
인천 서구 원당대로 876 (당하동, 희림타워) 8층
본주짓수 소사벌(415-16-62117)
[종목 : 주짓수]
[시설소개 : ]
경기 평택시 평남로 858 (비전동, 삼성타워) 6층 601호
수지골프존(710-88-02194)
[종목 : 실내골프연습장]
[시설소개 :
  ]
경기 용인시 수지구 신봉2로 60 (신봉동, 웰스톤시티) b1 수지골프존
비타민 휘트니스(132-15-16894)
[종목 : 헬스]
[시설소개 : ]
경기 광주시 곤지암읍 경충대로 766 (삼리) 3층 비타민 휘트니스
와라카이(780-46-00346)
[종목 : 휘트니스,헬스장]
[시설소개
  : ]
경기 시흥시 진말로9번길 2 (장곡동, 부석프라자) 5층
화정하늘점핑다이어트(341-76-00380)
[종목 : 점핑다이어트]
[시설소개 :
  ]
경기 고양시 덕양구 화중로130번길 24
  (화정동, 한마음프라자) 4층404호
엔비바디필라테스(726-26-01149)
[종목 : 필라테스]
[시설소개 : ]
인천 연수구 랜드마크로 68 (송도동,
  랜드마크시티센트럴더샵) 상가204동 216호
권투인복싱다이어트(107-57-00440)
[종목 : 복싱 뮤직복싱다이어트]
[시설소개 : ]
경기 오산시 오산대역로 214 (수청동,
  G플레이스 오산) 208호 권투인복싱다이어트
이글스 스포츠클럽(610-93-15393)
[종목 : 농구]
[시설소개 : 인천
  청라 농구교실]
인천 서구 중봉대로 781 (경서동) 가동
SP복싱무브먼트(733-92-00556)
[종목 : 복싱]
[시설소개 : 복싱과
  개인PT를 집중 지도하는 센타입니다^^]
경기 부천시 석천로184번길 28 (중동, 씨티원프라자) 3층302호
바디홀릭필라테스 수지죽전점(712-02-01708)
[종목 : 필라테스]
[시설소개 :
  바디홀릭 기구필라테스 17호점 수지죽전점.
용인 죽전 최초, 150평 최대규모 대형 기구필라테스 전문 스튜디오!!
그룹레슨을 등록해도 필라테스 4대 대기구 ( 캐딜락 / 리포머 / 바렐 / 체어 ) 죽전동 유일사용!!
샤워실 완비 / 원적외선 반신욕기 / 유산소존 / 전신안마기 / 각종 티테이블 무료사용!!]
경기 용인시 수지구 현암로 135 (죽전동,
  베스트프라자) 베스트프라자 701호
더온필라테스 반송점(432-02-01253)
[종목 : 필라테스]
[시설소개 : 동탄
  더온필리테스 반송점]
경기 화성시 반송동 86-1 6층 더온필라테스 반송점
에코필라테스 송도점(727-86-00962)
[종목 : 필라테스]
[시설소개 : ]
인천 연수구 송도국제대로 157 (송도동, 오네스타) 3층 에코필라테스
룩스필라테스 성남은행점(336-03-02325)
[종목 : 필라테스]
[시설소개 :
  100% 기구필라테스 전문 스튜디오 그룹레슨 / 2:1 듀엣레슨 / 1:1 개인레슨 캐포머, 체어, 바렐 대기구 그룹레슨실 완비]
경기 성남시 중원구 산성대로 496 (은행동) 6층
자이골프존(127-44-90698)
[종목 : 스크린골프]
[시설소개 : ]
경기 양주시 고삼로 154 (삼숭동) 자이골프존
신나는점핑(641-07-01148)
[종목 : 점핑]
[시설소개 :
  점핑운동시설]
경기 안양시 만안구 덕천로 124 (안양동) 3층
골프 그룹 알(706-14-00783)
[종목 : 골프 연습장]
[시설소개 :
  ]
경기 하남시 신장동로 35 (신장동, 유니온) 4층 골프 연습장
야누스볼링장(122-13-89983)
[종목 : 볼링장,당구장]
[시설소개 :
  야누스볼링센터, 포켓볼당구장]
인천 계양구 오조산공원로 22 (용종동, 계양프라자) 지하1층
푸른청람태권도장(234-91-00289)
[종목 : 태권도]
[시설소개 : ]
인천 서구 청라커낼로 264 (청라동, 청라두손중앙프라자) 701호
본주짓수 평택팽성(895-02-01769)
[종목 : 주짓수]
[시설소개 : ]
경기 평택시 팽성읍 동서촌로 12 (송화리) 2층 본주짓수
룩스필라테스 성남이마트점(719-43-00741)
[종목 : 필라테스]
[시설소개 :
  100% 기구필라테스 전문 스튜디오
그룹레슨 / 2:1 듀엣레슨 / 1:1 개인레슨
캐포머, 체어, 바렐 대기구 그룹레슨실 완비]
경기 성남시 수정구 수정로 196 (신흥동) 2층
해동검도 경기도 동부총본관(568-53-00235)
[종목 : 검도]
[시설소개 : ]
경기 화성시 동탄순환대로 127-17 (산척동, 동탄2우성메디피아) 801호
점핑하이민락점(212-77-00191)
[종목 : 점핑]
[시설소개 : 100평
  규모의 최대 점핑피트니스센터
직강센터]
경기 의정부시 용민로 395 (낙양동) 와이플러스3층점핑하이민락점
(주)리틀코리아축구클럽(LKFC)(687-86-02037)
[종목 : 축구]
[시설소개 :
  인천부평구 산곡동에 위치한 축구전문클럽입니다.
*유치부 6세~7세
*초등부
취미반-1학년~6학년 /
선수반-1학년~6학년
*중-고등부 - 취미반
*성인반]
인천 부평구 마장로324번길 64 (산곡동, 대우프라자2) 201호 LKFC
하이브짐 원당점(756-64-00444)
[종목 : 헬스장]
[시설소개 : 인천
  서구 원당동 프리미엄 휘트니스 하이브짐 입니다.]
인천 서구 원당대로 841 (원당동, 골든벨프라자) 7층 하이브짐
명품당구클럽(578-09-01091)
[종목 : 당구장]
[시설소개 : 국제식
  대대 4대 , 다빈치 중대 7대,
대형 흡연실, 3라인 환기시설,
  바이러스킬러 ( 250만원 상당) 설치 )]
경기 성남시 분당구 돌마로 87 (금곡동, 골드프라자) b1
동영우슈쿵후(594-90-00883)
[종목 : 우슈]
[시설소개 : ]
경기 성남시 분당구 운중로 242 (판교동, 리버스토리) 204호
리턴투라이프필라테스(733-57-00574)
[종목 : 필라테스]
[시설소개 : ]
경기 수원시 영통구 삼성로168번길 21
  (매탄동) 4층 리턴투라이프필라테스
탑태권도&JUMP
  UP줄넘기(556-93-01431)
[종목 : 태권도]
[시설소개 : 부모님
  안녕하십니까^^
칭찬과 사랑으로 교육하는
탑 태권도 입니다.!
저희 탑 태권도는 발곡초등학교와
가까운거리에 위치해 있으며
1관 태권도
2관 JUMP UP줄넘기 & 유아체육
분리수업이 가능하며
신곡1동 최대규모의 태권도장 입니다!
마음도 탑 인성도 탑 실력도 탑!
태권도를 통해 우리 아이들이 몸도 마음도 반듯하게
성장할 수 있게 교육하는 탑 태권도입니다!]
경기 의정부시 동일로466번길 70
  (신곡동)
서해프라자 2층 탑태권도&JUMP UP줄넘기복사
서진당구장(129-39-06343)
[종목 : 당구장]
[시설소개 : 확실한
  공구름,
깨끗한 큐관리, 반짝이는 당구공관리.!! 편안하게
  오셔서
따뜻한 차한잔 하세요.!!^^]
경기 성남시 중원구 도촌동 563 대덕프라자1차 3층 서진당구장
몸숨맘요가원(638-28-01055)
[종목 : 요가]
[시설소개 : ]
경기 파주시 한마음2길 48-18 (금촌동) 유성빌딩 3층 몸숨맘요가원
부평클라이밍센터(122-35-79357)
[종목 : 클라이밍]
[시설소개 : ]
인천 부평구 마장로 148 (산곡동) 4층
부평클라이밍센터
진당구클럽(461-39-00433)
[종목 : 당구장]
[시설소개 : ]
경기 부천시 원종동 224 3층진당구장
토닌필라테스 권선점(198-37-01092)
[종목 : 필라테스]
[시설소개 :
  프리미엄 기구 필라테스 전문 스튜디오]
경기 수원시 권선구 동수원로242번길 20 (권선동, 태양프라자) 203호
카인드짐(321-07-02108)
[종목 : 헬스장]
[시설소개 : 24시
  헬스장, 300평규모, 웨이트 25종, 유산소머신 25대, 여성전용 운동공간 보유, 다양한 수업의 GX프로그램, 줌바, 필라테스,
  요가.스트롱,플라잉요가, PT]
경기 수원시 장안구 정자로 164 (정자동) 3,4층
B&S복싱짐(755-97-00814)
[종목 : 복싱]
[시설소개 : 챔피언이
  직접 지도하는 복싱장]
경기 안양시 만안구 연현로 71 (석수동, 현진에버빌 상가동) 지하1층
아이엠짐(448-68-00099)
[종목 : 헬스 피티 그룹피티]
[시설소개 : 연수구 최고의 멀티짐
헬스 그룹피티 피티 모두 최고의 서비스를 제공해드리겠습니다^^]
인천 연수구 먼우금로 189 (청학동, 소망글로벌) 4층 아이엠짐
더라인필라테스&자이로토닉센터(123-38-46035)
[종목 : 필라테스]
[시설소개 : ]
경기 군포시 금산로 65 (산본동, 래미안
  하이어스 아파트상가(147동)) 2층3204호
봄날휘트니스(681-47-00425)
[종목 : 체육시설업 헬스장]
[시설소개
  : ]
경기 남양주시 다산중앙로146번길 22 (다산동, 가하프라자) 10층
한양대삼리태권도(126-91-73797)
[종목 : 태권도]
[시설소개 :
  삼리초등학교. 현진.킴스 아파트 위치
2011년도 개관 한양대 삼리태권도입니다.
인스타그램 #삼리태권도]
경기 광주시 곤지암읍 평촌길 30-9 (삼리, 성진빌딩) 3층 삼리태권도
룩스필라테스 경기광주점(713-53-00572)
[종목 : 필라테스]
[시설소개 :
  100% 기구필라테스 전문 스튜디오 그룹레슨 / 2:1 듀엣레슨 / 1:1 개인레슨 캐포머, 체어, 바렐 대기구 그룹레슨실 완비]
경기 광주시 중앙로 110 (경안동) 8층 801호
자이골프존(127-44-90698)
[종목 : 스크린골프]
[시설소개 : ]
경기 양주시 고삼로 154 (삼숭동) 자이골프존
리더태권도장(311-95-18008)
[종목 : 태권도]
[시설소개 : ]
경기 수원시 장안구 정자로41번길 12
  (천천동, 비단마을 신명아파트) 상가동 3층 7호 8호 9호
늘필라테스(434-08-00854)
[종목 : 필라테스]
[시설소개 : ]
경기 구리시 체육관로80번길 23 (수택동) 4층 늘필라테스
GDR아카데미 인천구월점(122-87-00053)
[종목 : 실내골프연습장]
[시설소개 :
  골프존이 만든 골프연습장]
인천 남동구 구월동 1546번지 중앙타워 2층
월드태권아카데미(861-93-00483)
[종목 : 태권도]
[시설소개 :
  평택태권도, 월드태권아카데미]
경기 평택시 팽성읍 신흥북로29번길 27 (안정리) MS타워305호
태안태권도장(124-92-94416)
[종목 : 태권도, 줄넘기]
[시설소개
  : 용인대학교 교수님과 함께하는 태권도(1관)&줄넘기(2관)를 전문적으로 지도합니다. 유아태권도 전문교실도 별도로 준비되어
  있습니다]
경기 화성시 병점동로 63 (병점동) 403호
용인대창대 태권도(135-92-01616)
[종목 : 태권도]
[시설소개 : ]
경기 수원시 영통구 영통동 974-5 2층 창대태권도
레드스타필드 휘트니스(608-35-18586)
[종목 : 헬스장]
[시설소개 :
  레드스타필드&클럽입니다.
500평 규모의
최신 스크린골프 연습장과
휘트니스를 한곳에!!
골프 스윙분석 시뮬레이터.
KPGA 프로 레슨.
최고급 웨이트 머신
(라이프휘트니스,스텝밀)]
경기 안산시 단원구 광덕대로 137 (고잔동, 밀레니엄 1) A동 6층
봉캐롬클럽(515-14-02905)
[종목 : 당구장]
[시설소개 : 대대
  전용 당구장]
경기 고양시 일산서구 송포로 241 (가좌동) 2층 봉캐롬클럽
엑시토 골프존파크(892-53-00609)
[종목 : 스크린골프]
[시설소개 : ]
경기 김포시 김포한강9로75번길 56 (구래동) 디에스프라자 6층 603호
인천서창동무림합기도(722-99-01062)
[종목 : 합기도]
[시설소개 : ]
인천 남동구 서창동 691-2 마스타프라자 4층 무림합기도
정성호복싱(350-97-01054)
[종목 : 복싱]
[시설소개 : ]
경기 시흥시 새재로17번길 7 (장현동) 2층정성호복싱
라온멀티짐(853-57-00505)
[종목 : 격투기, 킥복싱]
[시설소개
  : ]
경기 용인시 수지구 신봉1로48번길 17 (신봉동, 골드프라자) 비102호
온 필라테스 라운지 철산점(462-31-00560)
[종목 : 필라테스]
[시설소개 :
  온필라테스라운지
철산온필라테스
철산온필라테스라운지]
경기 광명시 오리로856번길 8 (철산동, 금봉빌딩) 5층
김포늘품태권도(876-94-00177)
[종목 : 태권도]
[시설소개 : ]
경기 김포시 고촌읍 인향로24번길 90 (신곡리) 2층
한양대태권도장(792-92-00730)
[종목 : 태권도]
[시설소개 :
  태권도는 마음운동]
경기 안산시 상록구 각골로 55 (본오동,
  연지프라자) 2층 204호
한양대태권도장
피엘디 폴 스토리(799-75-00262)
[종목 : 폴댄스]
[시설소개 :
  폴댄스,다이어트,운동,댄스]
경기 화성시 동탄반석로 124 (반송동,
  쎈타프라자) 301호(피엘디폴스토리)
창공태권도(131-91-05215)
[종목 : 태권도]
[시설소개 : ]
인천 남동구 인주대로 664 (구월동,
  메인프라자 2차) 메인프라자307호 창공태권도
궁내체육관(123-91-97223)
[종목 : 태권도]
[시설소개 : ]
경기 군포시 고산로 571 (산본동, 한양백두아파트 상가) 208,209호
한국체육관(132-98-65312)
[종목 : 태권도]
[시설소개 : ]
경기 구리시 교문동 809-1 하나상가 203호
써니롤러스케이트(505-22-51724)
[종목 : 롤러스케이트장]
[시설소개 :
  실내롤러장, 실내롤러스케이트장]
인천 중구 홍예문로 90 (인현동, 뉴코아타운아파트) 2층
김연경스포츠아카데미 수내점(473-19-00404)
[종목 : 축구.생활체육]
[시설소개 :
  ]
경기 성남시 분당구 내정로166번길 7-6
  (수내동, 파크타운대림아파트) 지하층2호
레드윙복싱(131-92-31457)
[종목 : 복싱]
[시설소개 :
  레드윙복싱]
경기 시흥시 서울대학로278번길 19-14
  (배곧동, 배곧프라자) 3층 308호 레드윙복싱
마린볼링센터(132-14-61257)
[종목 : 볼링]
[시설소개 : ]
경기 평택시 포승읍 평택항로268번길 69
  (도곡리, 포승프라자) 포승프라자4층 마린볼링센터
이동골프(골프존파크 이동
  yes점)(266-33-00821)
[종목 : 스크린골프]
[시설소개 : ]
경기 용인시 처인구 이동읍 백옥대로 505
  (덕성리) 2층 골프존파크 이동yes점
아테네 농구교실(597-33-00744)
[종목 : 농구교실]
[시설소개 : ]
경기 고양시 일산동구 동국로245번길 29 (성석동) 129-7
조일프라자골프클럽(126-87-00676)
[종목 : 골프연습장, 파3]
[시설소개
  : ]
경기 용인시 처인구 지삼로 470 (삼가동) 조일프라자골프클럽
룩스필라테스 의왕내손(426-85-01703)
[종목 : 필라테스]
[시설소개 :
  100% 기구필라테스 전문 스튜디오 그룹레슨 / 2:1 듀엣레슨 / 1:1 개인레슨 캐포머, 체어, 바렐 대기구 그룹레슨실 완비]
경기 안양시 동안구 포일로 8 (평촌동) B동 4층 402호
JJ골프(318-25-00490)
[종목 : 스크린골프]
[시설소개 : ]
경기 파주시 청암로17번길 63 (목동동) 6층 JJ골프
대한검도소사관(130-91-78938)
[종목 : 검도]
[시설소개 : 부천시
  옥길동에 위치한 검도(대한검도)관입니다.
아동부터 성인까지 남녀노소 누구나 함께 즐겁게 검도를 배울 수 있는 건강의 공간입니다.
검도는 하루 한시간의 즐거운 수련으로 건강한 몸과 마음을 만들 수 있는 최고의 운동입니다.]
경기 부천시 옥길로 110-11 (옥길동, O&S골드타워) 8층801호
팀비스트(709-63-00500)
[종목 : 헬스 PT 보디빌딩 피티]
[시설소개 : ]
인천 연수구 해돋이로 102 (송도동) 4층
갈매점핑하다다이어트(778-05-02329)
[종목 : 점핑피트니스]
[시설소개 :
  세상에서 가장 쉬운 다이어트
점핑운동/레이탐찜질 다이어트를 즐길 수 있어요
*점핑 운동 프로그램*
1시간 1,000kcal 소모-!
무릎과 허리 발목에 무리 없는 운동으로 남녀 누구나
운동신경이 없어도 몸치여도 가능합니다-!
[점핑운동+건식반신욕+영양쉐이크]코스]
경기 구리시 갈매중앙로 89-10 (갈매동) 2층 202호 갈매점핑하다
GDR아카데미 인천논현점(122-87-00053)
[종목 : 실내골프연습장]
[시설소개 :
  골프존이 만든 골프연습장]
인천 남동구 논현동 746-4 에코타워 12층
선단한국태권도장(846-92-00925)
[종목 : 태권도]
[시설소개 :
  바른교육 선단한국태권도입니다.]
경기 포천시 삼육사로2111번길 10-2 (선단동) 선단한국태권도장
골프존파크 세류TB점(213-18-02929)
[종목 : 스크린골프]
[시설소개 : ]
경기 수원시 권선구 권선로 550 (세류동, 태봉빌딩) 5층
골프존파크 봉담금메달점(652-27-00813)
[종목 : 스크린골프]
[시설소개 : ]
경기 화성시 봉담읍 삼천병마로 1220
  (상리) 3층 골프존파크 봉담금메달점
신은철복싱월드(316-90-20727)
[종목 : 복싱]
[시설소개 : ]
경기 수원시 영통구 영통동 976-13 6층
바디붐휘트니스 녹색거리점(127-46-63972)
[종목 : 헬스]
[시설소개 : 바디붐
  휘트니스 의정부 직영 3개지점
300평 규모
헬스 , PT , 스피닝 , GX
모두 이용가능 합니다 !]
경기 의정부시 의정부동 157-7 베스트프라자
  3층 바디붐휘트니스 (녹색거리점)
김희정요가 가좌점(137-20-79938)
[종목 : 요가]
[시설소개 :
  요가강사들이 추천하는 요가원
가좌시장 우체국 근처. Cu편의점 3층]
인천 서구 원적로100번길 24 (가좌동) 3층
요가원(598-23-01219)
[종목 : 요가원]
[시설소개 :
  요가원]
경기 용인시 수지구 만현로 106 (상현동,
  만현프라자) 만현프라자 3층 301호
점핑엔드쉐이킹(733-16-00488)
[종목 : 점핑실내운동]
[시설소개 :
  ]
경기 광명시 범안로 1056 (하안동, 골든힐쇼핑센타) 605-1호
명품 헬시아이 태권도장(499-91-01487)
[종목 : 태권도]
[시설소개 : ]
경기 안성시 아양3로 45 (옥산동) 4층
401호
우리나라태권도(142-91-50350)
[종목 : 태권도]
[시설소개 : ]
경기 용인시 처인구 금어로 2 (유방동, 인정레포츠센타) B1
현대스크린골프존(198-60-00413)
[종목 : 스크린골프]
[시설소개 : ]
인천 부평구 경원대로 1286 (부평동, 부평메디아나센터) 4층 현대스크린
문스타휘트니스 황산점(293-04-01706)
[종목 : 헬스장]
[시설소개 : ]
경기 하남시 미사강변서로 16 (풍산동,
  하우스디스마트밸리) SB190호 문스타휘트니스 황산점
별빛줄넘기클럽(886-44-00785)
[종목 : 줄넘기]
[시설소개 : 영종도
  하늘도시 줄넘기 전문 클럽]
인천 중구 하늘달빛로 82 (중산동, 해송스카이) 501호,502호,503호
슈퍼스타 제로벨 스포츠(873-88-02200)
[종목 : 수영장]
[시설소개 :
  안녕하세요. 영종도에 위치한 수영장입니다.
2021년 8월에 오픈하여 깨끗한 시설 이용하실 수 있으시며,
수영강습은 전시간 입수수업으로 진행됩니다. 감사합니다]
인천 중구 중산동 1883-2 썬앤문빌딩3, 5층
금오인성태권도(127-92-51681)
[종목 : 태권도]
[시설소개 : 경기도
  의정부시 금오동에 위치한 태권도장입니다.
위치는 현대I'park 옆 한솔프라자 5층입니다]
경기 의정부시 부용로95번길 10 (금오동,
  한솔프라자) 502~503호 금오인성태권도
쏘마휘트니스(603-26-09343)
[종목 : 실내체육시설(헬스장)]
[시설소개 : 송내역 3번출구 도보 3분 거리
365일 연중무휴!!!
송내 유일 gx수업 보유!!
라이프 해머 테크노 등 최고급 머신!!]
경기 부천시 부일로 223 (상동,
  뉴코아중동백화점) 지하1층 쏘마휘트니스
단원힘찬태권도장(409-96-14077)
[종목 : 태권도]
[시설소개 : ]
경기 안산시 단원구 원초로 61 (초지동,
  안산롯데캐슬더퍼스트) 상가2층 힘찬태권도장
호평스크린골프(625-09-01572)
[종목 : 스크린골프]
[시설소개 :
  메가박스 7층 카카오스크]
경기 남양주시 늘을2로 26 (호평동,
  메인시네마타워) 702,702-1 호평스크린골프
무디타 요가(437-11-01702)
[종목 : 요가]
[시설소개 : ]
경기 고양시 덕양구 삼송로 12 (원흥동,
  반도 유스퀘어) 504호 무디타요가
바디랩필라테스(292-31-01053)
[종목 : 필라테스]
[시설소개 :
  서울에서 수도권으로 근 10이상 일반.직장인에서부터 무용수, 국가대표 운동선수까지 수많은 케이스를 연구하고 관리한 경험과 노하우로 다져진
  운동처방사 원장이 운영하는 바디랩 필라테스 입니다.]
경기 의왕시 안양판교로 103 (포일동,
  포레스타타워) 4층 403호 바디랩필라테스
블레스짐(158-06-01881)
[종목 : 실내체육업]
[시설소개 : ]
경기 부천시 중동로254번길 81 (중동, 월드코아) 304-4호
에스바디워크필라테스 인계점(814-85-01273)
[종목 : 필라테스]
[시설소개 : ]
경기 수원시 팔달구 인계로 140 (인계동, 시안프라자) 4층 401호
경희대올림픽태권도장(122-91-72990)
[종목 : 태권도, 줄넘기클럽]
[시설소개 : 경희대석사 올림픽태권도장
한국파워점핑 엘리트줄넘기클럽]
인천 부평구 부흥로123번길 33 (산곡동) 2층
우와점핑영양클럽(493-15-01582)
[종목 : 점핑]
[시설소개 : 점핑전
  반신욕, 점핑후 시원한 단백질쉐이크섭취로 다이어트와 건강을 챙기세요!]
경기 의정부시 회룡로117번길 43 (호원동, 쌍용아파트) 상가동2층202호
온리 골프(432-44-00822)
[종목 : 골프]
[시설소개 : ]
경기 고양시 일산서구 고양대로 632
  (일산동, 아카메디) 4층 402호, 403호
파이터링체육관(704-14-00088)
[종목 : 킥복싱.무에타이]
[시설소개
  : ]
경기 수원시 권선구 세지로102번길 35 (권선동) 2층
센트럴당구장(227-14-91874)
[종목 : 당구장01]
[시설소개 : ]
인천 미추홀구 소성로 93 (학익동) 2층(학익동)
리얼리영점핑다이어트(205-12-84345)
[종목 : 실내체육점핑]
[시설소개 :
  오산 리얼리영점핑 건강카페]
경기 오산시 남부대로 327 (원동,
  왕호랑이체육관) 리치벤프라자 3층304호
윌로우필라테스 매탄점(194-90-01324)
[종목 : 필라테스]
[시설소개 :
  [윌로우 필라테스 수원매탄점]
여성을 위한 공간. 여성전용 100% 대기구필라테스 전문 센터입니다.
물리치료사 선생님이 수업을 진행 해 주셔 척추질환 및 근골격계 문제가 있어 통증이 있고 체형교정 및 재활을 원하시는 경우 효과적이고
  효율적으로 솔루션을 제공하여 수업이 진행됩니다.
경력이 풍부한 실력파 강사진으로 구성된 수업 프로그램으로, 고객님들의 만족도를 높이기 위해 항상 연구하고 노력하고 있습니다.
전문강사진들이 인바디 검사를 통하여 체형 분석, 운동 후 체형 변화를 측정하여 회원님의 신체 변화를 지속적으로 체크해 드리고
  있습니다.
기구 - 캐딜락, 콤비체어, 리포머, 스프링보드, 바랠
소도구 - 폼롤러, 보수, 미니볼, 써클링, 토닝볼, 아크바랠
-반신욕시설 완비
체형교정, 다이어트, 산후관리, 근력증가, 통증개선 전문센터
1:1개인레슨 , 2:1듀엣레슨, 그룹레슨
@여성전용 필라테스
@100% 기구필라테스
@넓고 깨끗한 내부시설
@경력이 풍부한 실력파 강사진
@반신욕시설 완비
@넓고 편안한 주차장
@물리치료사 선생님과 함께하는 필라테스
가격 또한 합리적이기 위해 권선동, 우만동, 인계동, 매탄동필라테스 최저가에 도전하고 있습니다.
소독 및 환기일지를 작성하며 센터내부 및 필라테스기구, 소도구를 꼼꼼하고 빈틈없이 소독을 진행하고 있습니다.
바이러스로부터 안전한센터가 되기위해 더욱 더 소독에 힘쓰고 있습니다.
윌로우 필라테스 매탄점에서 당신의 건강을 응원합니다^^
경기도 수원시 영통구 인계로 239 성일스포츠프라자 2층
(매탄동 810-4)
031-214-1577]
경기 수원시 영통구 인계로 239 (매탄동,
  매탄성일아파트) 성일프라자 2층 윌로우필라테스
라온요가필라테스(772-04-00200)
[종목 : 요가]
[시설소개 :
  체형교정을 위한 개인수업과 소그룹 요가수업]
인천 미추홀구 수봉북로6번길 7-6 (도화동, 더힐리빙) 1층
계명대승리K타이거즈태권도(571-90-00954)
[종목 : 태권도]
[시설소개 : ]
경기 포천시 왕방로 258 (신읍동) 1층
파워점핑줄넘기클럽 권선점(705-91-01567)
[종목 : 줄넘기]
[시설소개 : ]
경기 수원시 권선구 세권로 188 (권선동)
  권선메디컬 5층 파워점핑줄넘기클럽 권선점
맥스태권도(502-95-62925)
[종목 : 키즈태권도]
[시설소개 :
  안녕동 송산동 키즈태권도 유치부 전용관 150평 키즈스포츠]
경기 화성시 작현길 25 (송산동) 201호 202호
퍼스트 태권도(740-93-01583)
[종목 : 태권도]
[시설소개 :
  푸르지오 자이 서문 앞 디아이 포에버 5층 퍼스트 태권도 앤 점핑 줄넘기 입니다.]
경기 수원시 팔달구 덕영대로803번길 43 (화서동) 5층
이브필라테스 운정점(818-31-01011)
[종목 : 필라테스]
[시설소개 :
  시설소개 : 파주 운정 산내마을 3단지앞 이디야카페 건물2층에 위치한 기구필라테스 전문센터입니다.
[1:1개인레슨 , 2:1듀엣레슨, 4:1/6:1 그룹레슨 , 재활, 통증완화, 체형교정, 자세교정, 맨즈, 산전산후,
  다이어트]
운정점은 아늑하고 편한한 곳으로 모든 고객님들의 건강한
삶을 누릴수 있도록 항상 노력하고 발전하는 스튜디오 입니다.
검증된 레슨플랜, 자격, 지식 및 경험을 갖춘 우수한 강사진과
고객의 바른 체형과 아름다운 바디라인을 위해 노력하겠습니다.]
경기 파주시 교하로 79 (목동동) 혜인프라자201호 이브필라테스
김희정요가 주안점(121-20-24739)
[종목 : 요가]
[시설소개 :
  요가강사들이 추천하는 요가원.
주안역 1번출구 Since 2010]
인천 미추홀구 주안로 105-1 (주안동) 3층
심휘트니스(847-22-00769)
[종목 : 헬스]
[시설소개 : ]
경기 안양시 동안구 흥안대로456번길 11
  (평촌동, 평촌 본 프라자) 지하2층 심휘트니스
솔레아스풋볼 동탄신도시점(642-92-01661)
[종목 : 축구교실]
[시설소개 :
  유아.초등전문 축구클럽]
경기 화성시 동탄대로4길 47 (장지동) Aj프라자 401~407호
행복휘트니스(303-27-06370)
[종목 : 헬스]
[시설소개 : ]
경기 수원시 권선구 금곡로 5-15 (금곡동) 2층 헬스장
옥련 가온합기도(320-17-00047)
[종목 : 합기도]
[시설소개 : ]
인천 연수구 옥련동 462-1 거산프라자 지하1층 가온합기도
용인대 No.1 태권도장(860-91-01388)
[종목 : 태권도]
[시설소개 : ]
경기 부천시 범안로 231-15 (옥길동, 옥길중앙타워) 6층 601호
잇츠필라테스(442-44-00509)
[종목 : 필라테스]
[시설소개 : ]
경기 화성시 동탄영천로 81-5 (영천동)
  골든프라자 3층(송종국축구교실3증) 310.311호
쌍둥이휘트니스(826-79-00072)
[종목 : 헬스.스피닝 .요가.줌바.필라테스. 개인피티.pt.]
[시설소개 : 갈매동400평 헬스 스피닝 요가 필라테스 줌바
  토탈스포츠센터입니다.개인피티 바디프로필 재활 실기시험 다이어트 전문]
경기 구리시 갈매중앙로 91 (갈매동, 한덕프라자) 6층 쌍둥이휘투니수
더바디핏(648-75-00265)
[종목 : PT샵]
[시설소개 : 1:1
  전문 트레이닝 PT샵]
경기 고양시 일산서구 대화동 2117-5 지하1층
폴바디핏(354-06-01645)
[종목 : 폴댄스]
[시설소개 :
  시흥최초,배곧유일 폴댄스 스튜디오!!]
경기 시흥시 배곧3로 86 (배곧동, 센터프라자2) 401호
젠스피닝(592-01-02218)
[종목 : 스피닝]
[시설소개 : 전국
  최고 규모의 스피닝 시설을 갖춘 젠스피닝입니다. 회원님들의 만족도를 높이기 위해 항상 고민하고 연구하여 젠스피닝을 선택해주신 것에 대해
  반드시 보답하겠습니다.]
경기 성남시 수정구 위례서일로3길 28-4 (창곡동) 2층 젠스피닝
연세경인체육관(131-90-13815)
[종목 : 태권도]
[시설소개 :
  태권도수련]
인천 미추홀구 경인로326번길 64 (주안동) 1층,2충
격투기킥복싱승룡태권도장(118-90-21480)
[종목 : 태권도]
[시설소개 : ]
인천 서구 검단로 453 (왕길동, 정풍빌딩) 5층
은빛필라테스(849-08-01040)
[종목 : 필라테스]
[시설소개 : ]
경기 평택시 비전3로 116 (죽백동,
  평택소사벌호반베르디움) 1103동 302호
비룡키즈태권도(879-98-01232)
[종목 : 태권도]
[시설소개 : ]
인천 계양구 동양로 107 (동양동, 동양타운) 4층 비룡키즈 태권도
태극빌리어드(130-31-96174)
[종목 : 당구장]
[시설소개 :
  대대전용 정액제 당구장]
경기 부천시 경인로 477 (괴안동) 201호 태극빌리어드
포디움스타스포츠(766-02-01011)
[종목 : 리듬체조.아크로바틱.에어로빅.체조연습장]
[시설소개 : 키성장.리듬체조.아크로바틱. 자세교정. 유연성. 신체발달.체조전문학원]
경기 용인시 처인구 모현읍 대지로 409-2 (오산리) 포디움스타스포츠
동탄역 파워점프점핑다이어트(825-55-00239)
[종목 : 점핑운동, 점핑, 파워점프]
[시설소개 : 동탄역 점핑다이어트, 점핑운동, 파워점프]
경기 화성시 동탄대로 495 (오산동) 4층 412호
필라테스더밸런스(720-62-00140)
[종목 : 필라테스]
[시설소개 :
  프리미엄 필라테스의 대명사, 필라테스더밸런스 광교점입니다.
잠시 삶의 쉼표를 가져보실 수 있도록 최고의 만족을 제공하겠습니다.]
경기 수원시 영통구 센트럴타운로 106
  (이의동, 센트럴프라자) 4층 403호, 404호
인덕원드루와점핑다이어트(760-58-00442)
[종목 : 점핑]
[시설소개 : 인덕원역
  점핑다이어트]
경기 안양시 동안구 안양판교로 24 (관양동) 3층
용인동백 원바디 EMS(142-11-02138)
[종목 : EMS 트레이닝]
[시설소개
  : 그룹ems트레이닝및 퍼스널ems트레이닝
전문 다이어트및 근력강화 트레이닝 센터입니다]
경기 용인시 기흥구 동백죽전대로 444 (중동, 쥬네브) 5층 5007호
오픈짐 김포(441-86-02197)
[종목 : 헬스]
[시설소개 :
  350평, 실내트랙이 있는 헬스장! 김포 최대시설 넓은 스트레칭공간, 프리웨이트 공간만 130평, 365일24시간, 무료주차지원]
경기 김포시 김포대로 847 (사우동, 중앙프라자) 8층
뉴싱글로스크린골프(327-20-01144)
[종목 : 스크린골프]
[시설소개 : ]
경기 구리시 아차산로 399 (교문동,
  구리현대자동차공업사) 2층 뉴싱글로스크린 (골프존파크)
스타점핑다이어트(760-63-00320)
[종목 : 도소매 그외 기타스포츠시설 운영업(점핑운동)]
[시설소개 : 누구나 쉽게 따라할수있는
신나고 재밌는 점핑운동(트램폴린)]
경기 안양시 동안구 달안로 63 (비산동,
  샛별아파트 상가) 지하 스타점핑다이어트
인하코리아 태권도장(151-94-00461)
[종목 : 태권도]
[시설소개 : ]
인천 중구 흰바위로 41 (운서동, 영종에어포트) 703, 4호
브레인박사태권도(564-95-01116)
[종목 : 태권도]
[시설소개 :
  남녀노소 누구나 수련할수 있는 단태권도와 파워점핑 줄넘기를 프로그램으로 하여 아이들이 안전하고 즐겁게 수련할수 있습니다.]
경기 하남시 덕산로 33 (덕풍동,
  한솔리치빌아파트1단지) 한솔리치빌 1단지 상가 3층
골프존파크 팔탄 구장1점(802-88-00535)
[종목 : 스크린골프]
[시설소개 :
  골프존파크 팔탄 구장1점 입니다.]
경기 화성시 팔탄면 푸른들판로 712-7 (구장리, DCT-MALL) 후면 101호
주식회사엘엠케이(294-81-02048)
[종목 : 농구]
[시설소개 :
  삼성리틀썬더스농구교실시흥점입니다.]
경기 시흥시 금오로603번길 12-3 (과림동) 2층 삼성리틀썬더스농구교실
싸커스토리(819-07-00719)
[종목 : 축구]
[시설소개 : 파주
  운정 고양 일산에 위치한 싸커스토리 축구센터 입니다 축구교실과 풋살장을 운영하고 있습니다]
경기 파주시 동서대로 700 (야당동) 마동 싸커스토리
수원택견(201-28-94861)
[종목 : 택견]
[시설소개 :
  수원택견전수관 입니다.]
경기 수원시 팔달구 일월로22번길 14 (화서동, 한샘빌딩) 6층 택견
파워점핑 줄넘기(495-54-00690)
[종목 : 줄넘기]
[시설소개 :
  음악줄넘기 전문 학원]
경기 고양시 덕양구 향기로 56 (향동동)
  스카이타워201호 파워점핑 줄넘기
정 당구클럽(309-02-24392)
[종목 : 당구장]
[시설소개 : 정
  당구클럽입니다.
대대2대, 중대 8대, 포켓 1대]
경기 부천시 중동 1137-4 2층
세아용인대태권도장(542-94-00901)
[종목 : 태권도]
[시설소개 : ]
경기 평택시 세교6로 19 (세교동, 힐스테이트 평택 3차) 319, 202~204호
용인대 국가대표 태권도스쿨(363-94-00410)
[종목 : 태권도]
[시설소개 : 저희
  태권도장은 유치부, 초등부, 중.고등부를 지도하는 태권도장입니다!]
인천 연수구 컨벤시아대로230번길 42
  (송도동, 송도아라플라자) 3층 312호
요가함께할(694-04-01573)
[종목 : 요가]
[시설소개 : 움직이는
  요가명상을 수련하는 곳입니다.]
경기 고양시 덕양구 삼송동 128-67 2층 요가함께할
무림합기도 체육관 (서현)(129-90-06591)
[종목 : 합기도]
[시설소개 : ]
경기 성남시 분당구 돌마로 481 (서현동,
  분당우성프라자) 211호 무림합기도
스키니짐(483-28-00849)
[종목 : 여성전용휘트니스]
[시설소개
  : ]
경기 하남시 대청로 30 (신장동, 우신빌딩) 우신빌딩 5층 스키니짐
주식회사 진스엠파워 삼산점(110-85-32811)
[종목 : 실내체육시설]
[시설소개 :
  이엠파워 삼산점은 고객의 신체 상태를 정확하게 이해하고 본래의 균형과 건강을 되찾아주는 이너 피트니스 브랜드입니다.]
인천 부평구 길주로 지하 623 (삼산동,
  굴포천
7호선) 롯데마트 삼산점 지하2층
짐앤골프(Gym&Golf)(802-67-00374)
[종목 : 골프]
[시설소개 : ]
경기 수원시 영통구 대학3로4번길 12 (이의동) 이스턴타워 4층
상동탁구클럽(879-19-00107)
[종목 : 탁구]
[시설소개 : 7호선
  상동역 3,4번 출구쪽, 여성병원 뒷편, 먹자골목에 위치한 서해프라자7층 상동탁구클럽입니다.]
경기 부천시 소향로 25 (상동, 서해프라자) 7층 709호
투엑스휘트니스(236-01-00265)
[종목 : 헬스]
[시설소개 : 헬스]
경기 평택시 이충로35번길 20-9 (이충동, 이충센타프라자) 5층
아우라짐(658-36-00133)
[종목 : 휘트니스]
[시설소개 :
  헬스ㆍ스피닝ㆍ줌바ㆍ요가ㆍ필라테스ㆍPT 를 할수있는
휘트니스]
경기 고양시 덕양구 충장로 118-23
  (행신동, 삼원탑프라자) 6층 아우라짐
엔비바디필라테스(770-37-00672)
[종목 : 필라테스]
[시설소개 : ]
인천 연수구 송도국제대로 261 (송도동,
  송도 더샵 센트럴시티) 상가 203호
진 당구클럽(506-30-12113)
[종목 : 당구장]
[시설소개 : 쾌적한
  공간에서 편하게 놀고 갈 수
있는 당구장 입니다~]
경기 군포시 고산로 256 (당동, 금강프라자) 3층 304호 진 당구클럽
연수선학동주짓수 선학무짐(230-99-00100)
[종목 : 주짓수]
[시설소개 : ]
인천 연수구 학나래로6번길 41 (선학동, 평산빌딩) 4층
타우요가 위례중앙점(796-04-01694)
[종목 : 요가]
[시설소개 :
  TAO(타우)라는 뜻은 진리를 뜻합니다. 진리란 변하지 않는 의미를 담고 있듯이 요가를 통해 우리의 '참' 나를 찾을 수 있기를 바라며
  지혜가 발현되고 인간을 대자연의 일부로 이해하며 자연과 인간의 합일을 이루게 하는 실천과학의 의미를 담고 있습니다. 요가 수련은 나의
  한계를 무너트리는 연습을 하는 과정입니다. 불가능할 것 같던 일들이 끊임없는 수련을 통해 문득 자신 앞에 펼쳐지는 것을 경험할 수 있을
  것입니다.]
경기 성남시 수정구 위례광장로 300
  (창곡동, 창곡동 509번지) 중앙타워1동 706호
요가앤필라 스튜디오(716-30-00494)
[종목 : 요가, 필라테스]
[시설소개
  : 요가와 필라테스를 전문으로 하는 스튜디오 입니다.]
경기 평택시 송탄로 253 (서정동) 썬프라자 3층 요가앤필라 스튜디오
레벨업휘트니스 교문점(707-29-00999)
[종목 : 헬스장]
[시설소개 : ]
경기 구리시 경춘로 160 (교문동, 도양빌딩) 지하1층
메카당구클럽(161-05-01615)
[종목 : 당구장]
[시설소개 :
  소사벌에서 가장 깨끗하고 친절한
당구장입니다]
경기 평택시 비전5로 20-10 (비전동) 골든프라자4차 403호 404호
모던필라테스 일산행신점(857-13-01948)
[종목 : 필라테스]
[시설소개 : ]
경기 고양시 덕양구 중앙로 383 (행신동, 서정빌딩) 3층 모던필라테스
바루나요가(652-50-00733)
[종목 : 요가]
[시설소개 : ]
경기 고양시 일산동구 중산로 105 (중산동, 현해프라자) 4층 403호
혜성운암 태권도장(132-91-07439)
[종목 : 태권도]
[시설소개 : ]
경기 가평군 가평읍 석봉로153번길 12
  (대곡리, 가평로타리클럽) 2층 혜성운암 태권도장
아크로바틱 기계체조(588-19-00706)
[종목 : 아크로바틱]
[시설소개 : ]
경기 부천시 중동로254번길 87 (중동) 기계체조학원 b2
GDR아카데미 인천부평점(122-87-00053)
[종목 : 실내골프연습장]
[시설소개 :
  골프존이 만든 골프연습장]
인천 부평구 삼산동 464-5 명윤빌딩 4층
미사태권도장(614-92-00105)
[종목 : 태권도]
[시설소개 : ]
경기 하남시 미사강변한강로 170-3
  (망월동, 미사강변 한신휴플러스) 11단지 상가 2층
골프존파크 팔탄 구장2점(773-47-00535)
[종목 : 스크린골프]
[시설소개 :
  골프존 파크 팔탄 구장2점 입니다]
경기 화성시 팔탄면 푸른들판로 712-8 (구장리) 2동 골프존파크
단원체육관(134-91-78401)
[종목 : 태권도]
[시설소개 : ]
경기 안산시 단원구 단원로 65 (고잔동,
  신유5차빌라) 신유상가 2층 단원태권도
제이리더스 축구센터(811-48-00149)
[종목 : 축구]
[시설소개 : ]
경기 파주시 문산읍 임진나루길 344-12 (임진리) 제이리더스
사운드짐(385-13-01569)
[종목 : 헬스장]
[시설소개 :
  경기도최초 해머스트렝스 오피셜트레이닝센터
프리미엄헬스장 사운드짐]
경기 화성시 동탄중심상가1길 31 (반송동, 광장타워) 6층
점핑 피트니스 점핑퀸(150-23-01002)
[종목 : 점핑 피트니스]
[시설소개 :
  스크린 보지 않고 강사와 함께!
제품 판매없이 운동만 하는 곳이예요~!!]
경기 남양주시 별내3로 336 (별내동) 별내프라자 301호
용인대아리솔태권도장(128-97-28984)
[종목 : 태권도]
[시설소개 :
  용인대아리솔태권도장은 한걸음 앞선 명품 태권도교육으로 아이들을 지도합니다.]
경기 화성시 봉담읍 상리3길 43-12
  (상리) 507~510호 용인대아리솔태권도장
점핑하이 장수서창점(683-31-00944)
[종목 : 점핑 피트니스]
[시설소개 :
  ]
인천 남동구 서창남순환로 60 (서창동) 서해빌딩 501, 502호
비타민휘트니스 5호점(744-08-02098)
[종목 : 헬스]
[시설소개 :
  화서동헬스/화서동pt/화서파크푸르지오헬스/화서파크푸르지오pt/화서역헬스/화서역pt/영화동헬스/영화동pt/정자동헬스/정자동pt/화푸헬스/화푸/pt]
경기 수원시 장안구 영화동 400-5 2층 비타민휘트니스5호점
M&H태권도점핑클럽(266-92-00828)
[종목 : 태권도.줄넘기]
[시설소개 :
  역북동태권도 줄넘기 전문교육기관
유치부.초등부.중고성인태권도
음음악줄넘 전문교육관]
경기 용인시 처인구 명지로40번길 15-15
  (역북동) 골든프라자1차 4층 405호 406호
경희대 태권도(132-91-12330)
[종목 : 태권도]
[시설소개 : ]
경기 구리시 원수택로64번길 47 (수택동, 동원공인중개사) 3층
꽃이필라studio(140-48-00557)
[종목 : 필라테스]
[시설소개 :
  필라테스
번지피지오]
경기 양주시 옥정동 966-8 폴리프라자4차 2층 210호
인하탑태권도장(122-91-16571)
[종목 : 인하탑 태권도장 태권도]
[시설소개 : ]
인천 부평구 청천동 191-5 3층
(주)라이프키즈스윔팀(368-81-01995)
[종목 : 수영장]
[시설소개 : ]
경기 부천시 중동 1149 지하1층 아쿠아마린키즈스윔
은빛필라테스(849-08-01040)
[종목 : 필라테스]
[시설소개 : ]
경기 평택시 비전3로 116 (죽백동,
  평택소사벌호반베르디움) 1103동 302호
리빅당구장(768-19-00603)
[종목 : 당구]
[시설소개 : 최상의
  서비스로 보답하겠습니다.
경로우대 및 초보자 교육전문
  중대구장입니다.]
경기 성남시 중원구 광명로 17 (성남동, 대동빌딩) 201호
보니플라잉요가(102-33-91727)
[종목 : 플라잉요가,발레핏,소도구필라테스,매트요가]
[시설소개 : 플라잉요가 전문센터 입니다.]
경기 안양시 동안구 관악대로 103 (비산동, 103에비뉴) 10층1007호
씨제이휘트니스(508-63-00310)
[종목 : 체력단련]
[시설소개 : ]
경기 평택시 이충로35번길 28-7 (이충동,
  베스트대우프라자) 2층 cj휘트니스
점핑올레(213-18-27525)
[종목 : 점핑]
[시설소개 : ]
경기 시흥시 정왕신길로49번길 61 (정왕동, 신도빌딩) 5층 점핑올럭
정왕스크린골프(140-08-21667)
[종목 : 스크린골프]
[시설소개 :
  깨끗하고 방역관리에 충실한 사업장이며 층고가 높아 시원하고 1층이라 답답함이 없이 시야가 시원합니다. 가게 앞, 지하 1.2층 주차장
  완비]
경기 시흥시 옥구공원로 361 (정왕동) KT&G 1층
청라사이클아카데미(796-26-00912)
[종목 : 사이클]
[시설소개 :
  청라사이클아카데미]
인천 서구 청라커낼로288번길 26 (청라동) 상가302호
엘피필라테스(384-30-01199)
[종목 : 필라테스]
[시설소개 :
  안녕하세요 엘피필라테스입니다.]
경기 고양시 덕양구 신원동 625-2 송강빌딩 401호 엘피필라테스
이스트스크린골프(592-22-01010)
[종목 : 스크린골프연습장]
[시설소개
  : 용인시 수지구 동천동 이스트스크린 골프존 비전플러스]
경기 용인시 수지구 동천로 137 (동천동, 동천프라자) 301호
용인대석사대화태권도(690-98-01134)
[종목 : 태권도]
[시설소개 : ]
경기 고양시 일산서구 대화1로 63 (대화동) 2층 용인대 석사 대화 태권도
리얼리영점핑다이어트(205-12-84345)
[종목 : 실내체육점핑]
[시설소개 :
  오산 리얼리영점핑 건강카페]
경기 오산시 남부대로 327 (원동,
  왕호랑이체육관) 리치벤프라자 3층304호
엘피필라테스(384-30-01199)
[종목 : 필라테스]
[시설소개 :
  안녕하세요 엘피필라테스입니다.]
경기 고양시 덕양구 신원로 40-44
  (신원동) 송강빌딩 401호 엘피필라테스
GDR아카데미 인천검단점(122-87-00053)
[종목 : 실내골프연습장]
[시설소개 :
  골프존이 만든 골프연습장]
인천 서구 마전동 910-1 서주빌딩 7층
푸른마을백호도장(450-98-00876)
[종목 : 태권도]
[시설소개 :
  태권도.합기도.5-7세 유아체육.파워점핑 줄넘기
선수반.입시반.성인반]
경기 화성시 10용사로 343-10 (능동, 정문 빌딩) 7층
백호도장
골프존파크향남JJ스크린(796-36-00809)
[종목 : 스크린골프]
[시설소개 : ]
경기 화성시 향남읍 발안만세길 163-10
  (장짐리) 골프존파크향남JJ스크린
태권도장 기백(692-92-00202)
[종목 : 태권도]
[시설소개 :
  태권도를 올바르게 지도하는
선부동 프리미엄 태권도장 기백]
경기 안산시 단원구 선삼로 32 (선부동) 미성프라자 2층
커뮤니티스포츠(786-30-00038)
[종목 : 헬스 골프]
[시설소개 :
  용이푸르지오2차 휘트니스센터]
경기 평택시 현신3길 76 (용이동, 평택
  용이2차 푸르지오) B1 휘트니스센터
노블레스빌리어드(411-32-01044)
[종목 : 당구장]
[시설소개 : ]
경기 의정부시 호국로 1426 (금오동,
  태진빌딩) 태진빌딩3층 노블레스빌리어드
새솔해동검도(868-27-01080)
[종목 : 검도]
[시설소개 : ]
경기 화성시 수노을중앙로 156 (새솔동) 폴리프라자2. 5층
주식회사렛츠(130-86-93032)
[종목 : 탁구, 헬스, 장애인스포츠강좌]
[시설소개 : 발달장애인 종합교육업체(운동,인지,미술,평생교육)]
경기 부천시 중동로254번길 78 (중동, 필타운) 202, 203호
점프스쿨 죽전센터(839-59-01344)
[종목 : 줄넘기]
[시설소개 :
  음악줄넘기 전문교육센터]
경기 용인시 수지구 현암로 153 (죽전동,
  건영타운) 306~308호 점프스쿨 죽전센터
엑시드휘트니스(140-05-74504)
[종목 : 헬스장, 댄스장]
[시설소개
  : ]
경기 시흥시 신천동 742-2
3층
엑시드휘트니스
본 당구클럽(208-29-98661)
[종목 : 당구장]
[시설소개 : 분위기
  좋고 시설 최고인 당구장]
경기 성남시 수정구 신흥동 2518-2 3층 본 당구클럽
유원휘트니스(485-21-01127)
[종목 : 헬스장]
[시설소개 : ]
경기 의왕시 내손동 755-4 7층 헬스장
군문드림킥태권도(125-90-63213)
[종목 : 태권도]
[시설소개 :
  군문주공아파트 상가4층
210동앞
유아체육 초등부 전문]
경기 평택시 군문동 360-4 4층 402호
로그짐(347-05-02125)
[종목 : 헬스]
[시설소개 : 남양주
  다산동에 위치한 1:1 전문 PT 샵
지상 3층에 위치하여 쾌적한 환경
수건,운동복,신발장 무료 이용/ 주차 가능]
경기 남양주시 다산중앙로123번길 22-56 (다산동) 3층 로그짐
공요가(343-29-00306)
[종목 : 요가]
[시설소개 : ]
인천 서구 청라커낼로260번길 11 (청라동, 진성프라자) 606호 공요가
비스트&비키니(350-45-00191)
[종목 : 피트니스(헬스장)]
[시설소개
  : ]
경기 안산시 단원구 라성안길 17 (원곡동, 베스트플라자) 5층
용인대오현태권도(124-94-33112)
[종목 : 태권도]
[시설소개 : ]
경기 수원시 권선구 오목천동 227-9 4층 용인대오현태권도
K용인대 태권도(137-91-11767)
[종목 : 태권도]
[시설소개 : ]
인천 연수구 송도동 20-3 5층 K용인대 태권도
라페스타골프(주)(325-85-01754)
[종목 : 스크린골프연습장]
[시설소개
  : 면적158평 스크린6룸 스크린연습타석6기]
경기 고양시 일산동구 무궁화로 43-55 (장항동, 성우사카르타워) 202호
에스바디워크필라테스 파주금촌(668-93-01656)
[종목 : 필라테스]
[시설소개 : ]
경기 파주시 후곡로 3 (금촌동, 현인메트로)
  5층 502호(에스바디워크필라테스)
별내점핑하다다이어트(484-01-01446)
[종목 : 헬스장, 점핑피트니스,찜질다이어트]
[시설소개 : 점핑운동 + 레이탐찜질 두가지를 즐기는 다이어트클럽! 취향에 따라 선태하세요:) 지루하지 않고 신나고 재미있게,
  무릎과 허리에 무리가 없이 ""유산소+근력운동+영양쉐이크"" 까지! 운동으로 빠지지 않는살! 체온을 올려 편하게 살빼자!
  독소배출로 면역력까지 업! 레이탐찜질다이어트! 다이어트식단vip프로그램시 점핑/찜질 서비스제공]
경기 남양주시 별내중앙로 30 (별내동) 로데오몰2층 208호
구월투나인(560-24-00584)
[종목 : 스크린골프]
[시설소개 : ]
인천 남동구 선수촌공원로 5 (구월동,
  구월테크노밸리) 2층 구월투나인스크린
GTR골프아카데미 화도점(637-31-01106)
[종목 : 골프]
[시설소개 :
  GTR골프아카데미 화도점
골프연습장.골프레슨]
경기 남양주시 화도읍 녹촌리 46-5 3층
판교 ktigers 태권도장(408-97-01940)
[종목 : 태권도]
[시설소개 : ]
경기 성남시 분당구 운중로 124 (운중동)
  마크시티블루 2층 ktigers태권도
평촌드루와점핑(736-34-01175)
[종목 : 점핑다이어트]
[시설소개 :
  인덕원대우아파트 근처의 평촌점핑다이어트]
경기 안양시 동안구 흥안대로 460 (평촌동) 2층 점핑다이어트
점핑다이어트(211-78-00249)
[종목 : 점핑다이어트]
[시설소개 :
  트렘펄린을이용한다이어트체육시설]
경기 양주시 옥정동로7길 20 (옥정동)
  경기도양주시옥정동로7길9-19다산프라자301호
수원 바디온필라테스(698-34-00554)
[종목 : 필라테스]
[시설소개 :
  1:1개인레슨/2:1듀엣레슨으로만 운영되어 맞춤형 운동이 가능한 전문적이고 체계적인 필라테스샵입니다]
경기 수원시 팔달구 인계동 1134-3 동양파라곤1단지 102동 1902호
갈매 QED골프 아카데미(204-86-35779)
[종목 : 골프]
[시설소개 : 전화:
  031-572-0288
주소: 경기 구리시 갈매순환로 96 오대타워5층
소개: 저희 갈매큐이디 골프 아카데미는 150평의 넓고 쾌적한 14타석에 스크린 연습장이며 좌타석도 준비 되어 있습니다 큐이디 골프에는
  트랙맨과 비슷한 많은 기능들이 있어서 좋은 연습 환경에서 연습 하실 수
있습니다
네이버 홈페이지 (자세한 내용):
https://map.naver.com/v5/entry/place/1698050409?c=14150888.7967542,4527060.5279644,13,0,0,0,dh&placePath=%2Fhome%3Fentry=plt]
경기 구리시 갈매순환로 96 (갈매동)
  501-1호/501-2호 갈매 QED골프 아카데미
휘트니스W 옥정점(398-02-00987)
[종목 : 휘트니스]
[시설소개 : 토탈
  휘트니스 클럽]
경기 양주시 옥정로 196 (옥정동) 파스텔시티 7층
골프존파크 남양점(740-05-00710)
[종목 : 실내시크린 골프연습장]
[시설소개 : ]
경기 화성시 남양읍 남양로 402-1 (안석리) 1층
한울광성태권도장(542-92-00907)
[종목 : 태권도]
[시설소개 : ]
인천 계양구 주부토로 522 (계산동, 근주상가) 2층 한울광성태권도장
필당구클럽(501-12-92423)
[종목 : 당구장]
[시설소개 : ]
경기 안양시 만안구 장내로 89 (안양동, 명지빌딩) 2층
에스바디워크필라테스 주안점(456-85-00928)
[종목 : 필라테스]
[시설소개 : ]
인천 미추홀구 주안로 115 (주안동,
  우리빌딩) 1층 에스바디워크 필라테스 주안점
댄스랑요가랑(648-09-01390)
[종목 : 댄스요가]
[시설소개 : ]
인천 부평구 굴포로 48 (갈산동) 대호빌딩3층 댄스랑요가랑
CH복싱&크로스핏(676-98-00196)
[종목 : 복싱]
[시설소개 : 부천
  원종공 복싱체육관]
경기 부천시 원종동 222 4층
파워점핑클럽(788-05-00954)
[종목 : 점핑]
[시설소개 : ]
경기 안산시 단원구 고잔동 709 보성프라자4층 점핑클럽
인더스파크골프아카데미(사홍개발)(890-26-00534)
[종목 : 골프]
[시설소개 :
  GDR연습장,트랙맨,골프연습장,실내골프연습장]
인천 남동구 앵고개로 448 (고잔동)
  근로복지타운 4층
인더스파크골프아카데미
점프업줄넘기센터(391-96-00888)
[종목 : 줄넘기]
[시설소개 : ]
경기 오산시 운천로 81 (오산동, 상진프라자) 2층 점프업줄넘기센터
문라잇크로스핏 성복점(871-40-00752)
[종목 : 헬스클럽(크로스핏)]
[시설소개 : 운동을 배우는 공간
좋은 것만 드립니다.]
경기 용인시 수지구 심곡로 87 (성복동,
  수지 제일 아이조움) 제지1층 제지1-비123, 124, 125호
에스핏 댄스 스튜디오(541-29-00064)
[종목 : 줌바, 에어로빅, 멀티댄스, K-POP,살세이션]
[시설소개 : 에스핏 댄스스튜디오(일산)
-줌바, 멀티댄스(에어로빅, 이지댄스, 방송댄스)
-K-POP
-살세이션 피트니스
백마 학원가에 위치
#마두동 #백석동 #일산
문의. 010-7442-4375]
경기 고양시 일산동구 일산로 243 (마두동,
  도헌프라자) B1. 에스핏 댄스스튜디오
윤남진펜싱클럽(545-02-02086)
[종목 : 펜싱]
[시설소개 : ]
경기 하남시 미사강변중앙로 220 (망월동,
  우성미사타워) 11층 윤남진펜싱클럽
수필라테스(203-91-62054)
[종목 : 필라테스]
[시설소개 : ]
경기 고양시 덕양구 향기로 77 (향동동,
  DMC호반베르디움 더포레 4단지) 409-1204
그래서,필라테스(474-17-01381)
[종목 : 필라테스]
[시설소개 : ]
경기 수원시 팔달구 권선로 477
  (매산로2가, 대한대우아파트) 정문상가306호
바디포유필라테스(826-03-02207)
[종목 : 필라테스]
[시설소개 :
  건강한 아름다움을 추구하는 연수동 최고의 필라테스 센터 •바디포유•입니다. (원인재 수인선 바로 앞!) 1:1, 2:1, 6:1, 키즈,
  실버, 재활, 산전산후, 다이어트, 체형교정, 맨즈 등 다양한 프로그램으로 구성! 방문예약 필수! 010-5879-5830]
인천 연수구 원인재로 180 (연수동,
  연수우성2차아파트) 우성2차아파트 상가동 3층 바디포유필라테스
더블에잇휘트니스덕이점(140-86-02329)
[종목 : 헬스, PT, 기구필라테스, GX(줌바, 요가, 다이어트댄스, 바디펌프 등)]
[시설소개 : ]
경기 고양시 일산서구 하이파크2로 40
  (덕이동, 금문프라자) 금문프라자 7층
케이엘골프아카데미(661-72-00364)
[종목 : 실내골프연습장]
[시설소개 :
  ]
경기 시흥시 서울대학로278번길 19-14 (배곧동, 배곧프라자) 5층 503호
탑레인지(830-45-00080)
[종목 : 골프연습장]
[시설소개 :
  야외스크린]
인천 계양구 계양대로 37 (작전동, 진명스포아트) 4층
역곡필스크린골프(258-32-00293)
[종목 : 스크린골프 연습장]
[시설소개
  : 역곡 최고의 실내 스크린 연습장]
경기 부천시 부일로 727 (역곡동, B,N,G,2000빌딩) 8층
필라테스 오르소(756-25-01051)
[종목 : 필라테스]
[시설소개 :
  ORTHO 올바른, 곧은 몸과 마음을 지향하는 오르소 필라테스는
물리치료사, 간호조무사 몸에 대해 이해도가 높은 선생님들이 모여 수준 높은 수업을 제공합니다.
재활/산전산후/키즈/실버/맨즈 다양한 회원님들의 케이스를 보유하고 있으며
필라테스를 제대로 배우고 싶다면 오르소 필라테스를 찾아주세요.]
경기 화성시 동탄신리천로 406 (목동) 605, 606호
부천검도관(307-91-03191)
[종목 : 검도]
[시설소개 :
  부천검도, 원미동 검도, 심곡동 검도, 검도, 운동]
경기 부천시 부흥로 370 (심곡동) 3층 부천검도관
블리스 스튜디오(278-17-01390)
[종목 : 필라테스, 요가, 번지]
[시설소개 : ]
경기 화성시 동탄순환대로10길 88 (산척동,
  레이크힐 반도유보라 아이비파크 10.2) 카림 3차 127호
태비태권도(707-97-01492)
[종목 : 태권도]
[시설소개 : 칭찬과
  격려로 지도하는 태비태권도 입니다.]
경기 안양시 동안구 관악대로 133 (비산동,
  비산삼성래미안아파트 상가동) 5층 503호 태비태권도
내손드루와점핑(575-15-01259)
[종목 : 점핑다이어트]
[시설소개 :
  내손 포일자이 내에있는
드루와점핑 다이어트입니다]
경기 의왕시 내손로 32 (내손동, 인덕원
  센트럴 자이) 다동상가 2층 209호 내손자이드루와점핑
리에이치스튜디오(752-40-00790)
[종목 : 필라테스]
[시설소개 : ]
경기 용인시 수지구 고기로 88 (동천동) 302호
영&미점핑다이어트클럽(506-21-94942)
[종목 : 점핑]
[시설소개 :
  점핑트램폴린 이용한 운동입니다~]
경기 오산시 남부대로 411-12 (고현동) 112호
프렌즈 스크린 이천 마장(609-31-10897)
[종목 : 스크린 골프]
[시설소개 :
  경기도 이천 마장면 오천로 93 소재
프렌즈 스크린 골프 이천 마장]
경기 이천시 마장면 오천로 93 (오천리, 호산프라자) 4층 프렌즈 스크린
휘트니스W 고읍점(672-39-00824)
[종목 : 휘트니스]
[시설소개 : 토탈
  휘트니스 클럽]
경기 양주시 고읍남로 15 (광사동) 마들프라자 7층
JS당구클럽 동탄점(379-03-00135)
[종목 : 당구]
[시설소개 : ]
경기 화성시 동탄기흥로 147-13 (방교동) 4층 401호, 402호
고투(GOTO)피트니스
  인천논현점(117-81-89883)
[종목 : 체력단련장업]
[시설소개 :
  ]
인천 남동구 논고개로 101 (논현동,
  아름다운타워) 11층 고투(GOTO)피트니스 인천논현점
아쿠아스테이션(469-90-01586)
[종목 : 수영장]
[시설소개 : ]
경기 용인시 기흥구 동백죽전대로 215
  (중동, 동백 캐슬 타운하우스) B201호
메이저골프존(620-15-66208)
[종목 : 스크린골프]
[시설소개 : ]
경기 김포시 구래동 6880-2 계림M스퀘어 5층 501호 메이저스크린골프
에스바디워크필라테스삼산점(357-85-01009)
[종목 : 필라테스]
[시설소개 : ]
인천 부평구 길주로 659 (삼산동,
  미라쥬타워) 9층 에스바디워크필라테스삼산점
PT사이언스짐(509-04-63965)
[종목 : 퍼스널트레이닝]
[시설소개 :
  ]
경기 시흥시 은계번영길 11 (은행동, 은계프라자) 704호
점프윙스 줄넘기 인천 청라점(111-91-29474)
[종목 : 줄넘기]
[시설소개 : ]
인천 서구 청라한울로 96 (청라동,
  청라제일풍경채2차에듀앤파크) 1동 상가 202,203호
청솔태권도(603-94-13792)
[종목 : 태권도]
[시설소개 : ]
경기 안산시 단원구 초지로 114 (초지동, 주공프라자) 4층 청솔태권도
점프스타줄넘기(709-91-01614)
[종목 : 줄넘기]
[시설소개 : ]
경기 시흥시 목감남서로 94 (산현동) 프라임타워206호 점프스타줄넘기
형스짐(590-13-00987)
[종목 : 헬스장]
[시설소개 : 수내
  최고 시설 형스짐]
경기 성남시 분당구 수내동 58-3 원전빌딩 지하1층 형스짐
스타당구장(436-23-00678)
[종목 : 당구]
[시설소개 :
  대대3
중대4
중소 혼합구장]
경기 양주시 고읍동 40-5 2층
레드핏휘트니스(579-01-00518)
[종목 : 휘트니스]
[시설소개 : ]
경기 화성시 동탄지성로 14 (반송동, 삼현빌딩) 2층 레드핏휘트니스
샤인바디짐(274-62-00332)
[종목 : PT]
[시설소개 : ]
경기 안산시 단원구 선부광장1로 56 (선부동) 일성빌딩 602호
별하라호교육관(124-53-19325)
[종목 : 합기도]
[시설소개 :
  대한민국 최대규모 합기도/격투기 전용체육관]
경기 수원시 장안구 장안로 61-1 (영화동) 4층
나우스크린골프(666-02-01986)
[종목 : 스크린골프]
[시설소개 : ]
경기 용인시 수지구 성복2로 17 (성복동,
  골드프라자1) 골드프라자1차 3층
베라시떼 요가 필라테스
  센트럴파크점(470-62-00435)
[종목 : 요가 필라테스]
[시설소개 :
  ]
인천 연수구 센트럴로 232 (송도동, 더샵센트럴파크1) D동 201호
동탄센텀탁구장(128-73-00340)
[종목 : 탁구]
[시설소개 : 2동탄
  최신 최대 탁구장, 호수인근 분위기 짱^^]
경기 화성시 동탄기흥로 147-13 (방교동) 센터프라자 305호
톨라요가(318-22-01066)
[종목 : 요가]
[시설소개 :
  전문요가원]
인천 남동구 서창남순환로 223 (서창동, 아페리온) 207호톨라요가
테니스아레나(128-86-58804)
[종목 : 테니스]
[시설소개 : 김포
  실내 테니스장]
경기 김포시 월곶면 비석동로50번길 5 (갈산리) 테니스아레나
인사이드바디(398-40-00790)
[종목 : 무용]
[시설소개 :
  발레와현대무용]
인천 연수구 인천타워대로 323 (송도동, 송도 센트로드) 상가동 디303호
골든볼당구클럽(108-31-95052)
[종목 : 당구]
[시설소개 : 최신시설
  당구클럽/개인강습/현역선수 및 지도자 직영업소]
인천 계양구 봉오대로555번길 14 (효성동, 썬프라자) 4층
홍익스포츠스파(주)(124-81-37966)
[종목 : 헬스]
[시설소개 : ]
경기 수원시 팔달구 갓매산로 31
  (매산로2가, 홍익스포츠프라자) 홍익스포츠
하나당구장(695-30-00159)
[종목 : 당구장업]
[시설소개 : ]
경기 안산시 상록구 샘골로 47 (본오동) 4층 하나당구장
수지엔탁(827-75-00311)
[종목 : 탁구]
[시설소개 :
  수지구청역 부근 탁구장 입니다 ~~^^]
경기 용인시 수지구 풍덕천동 705-4 덕원빌딩 5층
광교진락볼링장(824-45-00367)
[종목 : 볼링장]
[시설소개 :
  진락볼링장]
경기 수원시 영통구 이의동 1248-2 리치프라자3차 5층 진락볼링장
금강산 헬스클럽(208-41-07935)
[종목 : 체력단련장(헬스)]
[시설소개
  : ]
경기 동두천시 어수로 47-41 (상패동,
  한국스포츠타운) 2층 금강산 헬스클럽
힐링다이어트(334-11-01650)
[종목 : 점핑]
[시설소개 :
  원동점핑]
경기 오산시 원동 807 상가동2층힐링다이어트
라인업(828-29-00904)
[종목 : EMS트레이닝]
[시설소개 :
  20분 트레이닝+10분 컨설팅
✔30분운동 3시간효과 :최대 1500kcal소모
✔매회차 식생활컨설팅 제공:다이어트,운동컨설턴트 자격보유
✔업계 10년경력 검증된 전문가]
경기 고양시 일산동구 중앙로1275번길 56
  (장항동, 루비튜스데이) 2층 202호
국가대표탁구교실(306-42-00631)
[종목 : 탁구]
[시설소개 :
  국가대표급 선수출신 탁구전문가가 직접 개인 기술 지도를 하는""국가대표탁구교실""은 취미생활과 건강 증진을 위한 기초
  훈련에서부터 실전을 위한 기술연마에 이르는 수련생을 회원제로 신규 모집하오니 많은 탁구 애호 국민들의 참여를 바랍니다.]
경기 안양시 만안구 장내로120번길 22 (안양동) 3층, 국가대표탁구교실
리아필라테스 동탄점(628-01-00974)
[종목 : 필라테스]
[시설소개 : ]
경기 화성시 동탄기흥로353번길 99-5 (오산동) 이지빌딩 405호
현명필라테스(218-21-70010)
[종목 : 필라테스]
[시설소개 :
  기구필라테스&번지피지오]
인천 남동구 선수촌공원로 37 (구월동,
  중앙프라자) 4층 402호 현명필라테스
지엘씨 GLC 프리미엄
  수영센터(776-41-00740)
[종목 : 수영]
[시설소개 :
http://서브마린.com/]
경기 용인시 기흥구 지삼로 73-4 (지곡동) 지하1층 서브마린 수영장
에스바디워크필라테스(장항점)(194-28-00411)
[종목 : 필라테스]
[시설소개 :
  에스바디워크필라테스 1:6 기구필라테스,개인PT]
경기 고양시 일산동구 정발산로 43-20
  (장항동, 센트럴프라자) 215,217호 2층 에스바디워크필라테스
아사야 필라테스(301-37-64257)
[종목 : 필라테스]
[시설소개 :
  아사야 필라테스 옥길동 입니다]
경기 부천시 옥길로 111 (옥길동, 드림탑프라자) 401호
에스바디워크필라테스청라점(595-85-01300)
[종목 : 필라테스]
[시설소개 : ]
인천 서구 중봉대로586번길 15 (청라동,
  청연프라자) 7층 에스바디워크필라테스
힐스게이트짐(834-13-00228)
[종목 : 헬스]
[시설소개 : 아담하고
  조용한 헬스장입니다.옛날 감성 느끼고 운동하실분은 오세요. 운동 지도도 무료로 해드립니다.^-^]
경기 군포시 금정동 743-17 3층
아라한한울태권도장(479-91-01009)
[종목 : 태권도]
[시설소개 : ]
경기 양주시 백석읍 꿈나무로 313 (복지리,
  동화은하수2단지초록마을아파트) 상가3층 아라한한울태권도장
점프스타줄넘기클럽(207-48-00729)
[종목 : 줄넘기]
[시설소개 :
  줄넘기전문학원]
경기 김포시 태장로 823 (장기동) 1동 3층
용인대 국가대표 태권도스쿨(631-93-00524)
[종목 : 태권도]
[시설소개 :
  유치부, 초, 중, 고등학교 학생들에게 태권도를 가르치는 곳입니다.
관심과 사랑으로 지도하겠습니다!!!]
인천 연수구 송도문화로28번길 28 (송도동,
  송도글로벌캠퍼스푸르지오) 203동 211, 212호(송도글로벌캠퍼스푸르지오)
정도태권도경찰특공무술(137-90-90412)
[종목 : 태권도]
[시설소개 : 풍무동
  유일 태권도와 특공무술을 함께
배울 수 있는곳]
경기 김포시 양도로19번길 34 (풍무동) 호영빌딩3층
프라임타임(713-05-01930)
[종목 : 농구]
[시설소개 : 21년
  7월 신축한 깨끗한 농구 체육관입니다
부상방지를 위한 최고급 탄성마루와 벽보호대까지 설치되어있습니다
영통역,망포역에서 가까워 접근성이 좋습니다]
경기 수원시 영통구 신원로211번길 36 (매탄동) 1층
한양대 참 태권도장(833-92-00195)
[종목 : 태권도]
[시설소개 : ]
경기 용인시 기흥구 동백8로 11 (동백동,
  호수마을자연&데시앙아파트) 상가동 203호
레전드히어로즈 동탄호수공원점(277-74-00407)
[종목 : 스크린야구]
[시설소개 :
  실내에서 야구, 농구, 낚시, 양궁, 축구 등 스크린으로 스포츠를 즐기실 수 있습니다.]
경기 화성시 동탄대로 182 (산척동) 3층 304~306호
상일태권도(130-92-85135)
[종목 : 태권도]
[시설소개 : ]
경기 부천시 상동 235 3층
바디마스터짐(341-13-00731)
[종목 : 헬스장]
[시설소개 : ]
경기 파주시 경의로 1042 (야당동) 7층
신화태권도장(134-91-36207)
[종목 : 신화태권도장]
[시설소개 :
  ]
경기 안산시 상록구 부곡동 606 3층 신화태권도장
한도볼링장(127-04-74523)
[종목 : 볼링장]
[시설소개 : ]
경기 의정부시 신흥로231번길 20 (의정부동) 2층
숨,필라테스(102-01-93175)
[종목 : 필라테스]
[시설소개 : ]
경기 파주시 금빛로 22 (금촌동, 금촌프라자) 602호 숨, 필라테스
(주)이한스포츠(135-86-05208)
[종목 : 실내 야구연습장 (와니엘 배팅센터 죽전)]
[시설소개 : 실내 야구연습장인 저희 와니엘 배팅센터 죽전은 경식구 타격연습부터 구속 측정 가능한 피칭존, 속도 및 구질
  선택을 내맘대로 설정하여 배팅을 연습할 수 있는 최적의 실내 야구연습장입니다.
시타용 배트도 40여 종이 준비되어 있으며, 안전을 생각하여 헬멧 및 각종 보호대와 배팅장갑도 사이즈별로 구비되어 있어 오셔서 즐기시면
  됩니다.]
경기 용인시 수지구 대지로15번길 88-1
  (죽전동, 파인창고) 와니엘 배팅센터
H2휘트니스(142-09-70569)
[종목 : 헬스 pt]
[시설소개 : ]
경기 용인시 기흥구 마북동 524-26 4층h2휘트니스
락당구(645-54-00238)
[종목 : 당구장]
[시설소개 : ]
경기 화성시 효행로 1052 (병점동, 씨네샤르망) A동 307 락당구 클럽
제이엠에스정발산점(827-86-02334)
[종목 : 휘트니스]
[시설소개 :
  JMS휘트니스 정발산점 입니다]
경기 고양시 일산동구 정발산로 47 (장항동, 웅신아트) 6층
하안동천인합기도(250-96-01233)
[종목 : 천인합기도]
[시설소개 :
  실력이 자신감이다.하안동천인합기도 정신입니다]
경기 광명시 하안로 310 (하안동, 다래빌딩) 3층305호
JMS휘트니스 백석본점(489-88-00685)
[종목 : 헬스]
[시설소개 :
  JMS휘트니스 백석본점]
경기 고양시 일산동구 중앙로 1036
  (백석동, 베스트 고양터미널) 6층 JMS휘트니스 백석본점
유필라테스(501-56-00437)
[종목 : 필라테스]
[시설소개 : ]
경기 화성시 동탄순환대로 127-19 (산척동, 동탄에스비타운) 4층
여기로당구장(695-58-00454)
[종목 : 당구장]
[시설소개 : ]
경기 성남시 수정구 복정로 83 (복정동, 용명빌딩) 여기로당구장
주니어유나이티드아카데미_고양지점(179-85-01753)
[종목 : 축구아카데미]
[시설소개 :
  창고형 실내 체육시설 25미터 * 18미터 풋살장 및 관람시설]
경기 고양시 덕양구 행주로99번길 46-52 (행주내동) 1호
청아태권도(408-96-10215)
[종목 : 태권도]
[시설소개 :
  장지동태권도,이솔초태권도,서연초 태권도]
경기 화성시 동탄대로4길 39 (장지동) 포트센트럴파크5층
대진태권도(121-91-45753)
[종목 : 태권도]
[시설소개 : ]
인천 미추홀구 낙섬중로 53 (용현동) KYC빌딩5층
용인대호랑이태권도장(142-90-54970)
[종목 : 태권도]
[시설소개 : ]
경기 용인시 처인구 중부대로 1352
  (김량장동, 수빌딩) 2층. 용인대호랑이태권도
레벨업휘트니스 구리토평점(349-39-00619)
[종목 : 헬스]
[시설소개 : ]
경기 구리시 토평동 964-6 5층
트라이앵글휘트니스위례점(284-88-01911)
[종목 : 헬스장]
[시설소개 : ]
경기 성남시 수정구 위례동로 153 (창곡동, 에이플타워) 10층
영남스포츠월드(813-85-01886)
[종목 : 헬스, 스쿼시, 에어로빅, 실외골프연습장]
[시설소개 : ]
인천 연수구 새말로107번길 16 (연수동, 영남스포츠센터) 2층 관리과
라붐필라테스(390-11-01927)
[종목 : 필라테스]
[시설소개 :
  소하2동 필라테스]
경기 광명시 오리로 372 (소하동) 3층 라붐필라테스
경희대참태권도(629-96-00070)
[종목 : 태권도]
[시설소개 : ]
경기 부천시 지봉로143번길 7 (역곡동,
  대림e편한세상1차아파트) 상가2층
마인드필라테스(339-49-00571)
[종목 : 필라테스]
[시설소개 : ]
경기 수원시 영통구 센트럴타운로 107
  (이의동, 광교푸르지오 월드마크, 월드스퀘어) 2층05호
국가대표참태권도(830-92-01104)
[종목 : 태권도]
[시설소개 :
  서정초3단지정문앞]
경기 고양시 덕양구 소원로 270 (행신동, 이스턴프라자) 3층 302호
용마태권도장(202-96-02698)
[종목 : 태권도]
[시설소개 : ]
경기 성남시 수정구 단대로23번길 32 (단대동, 진로아파트) 상가동2층
마음의GYM2호점(176-07-00117)
[종목 : 헬스 서비스업]
[시설소개 :
  ]
경기 남양주시 진접읍 해밀예당3로 60 (금곡리, 호평프라자) 7층
동탄용인대국가대표태권도(135-92-35585)
[종목 : 태권도]
[시설소개 : ]
경기 화성시 동탄지성로 141 (능동, 아크리아) 502호
브레이브힐 호평점(576-85-00654)
[종목 : 헬스, 필라테스]
[시설소개
  : 호평동 최대규모 실평수800평 피트니스센터!
1. 호평동 브레이브힐 3호점은 쾌적하고 넓은 공간에서 기구필라테스, 스피닝, 헬스를 이용하실수있는 대규모 피트니스
  센터입니다.
2. 세련된 인테리어와 쾌적한 공간을 제공하고있습니다
3. 체계적인 시스템과 전문 강사진 구성으로 차별화된 교육 서비스를 지원합니다
4. 해외고급 싸이벡스 머신세트와 다양한 유산소 머신이 구비되어 있습니다
5. 회원전용 주차장으로 주차장에서 센터로 바로 입장이 가능합니다]
경기 남양주시 호평동 410-6 루첸아파트 상가 3층 브레이브힐
요가명상고요(680-03-01451)
[종목 : 요가]
[시설소개 : ]
경기 성남시 분당구 운중로 129 (운중동) 마크시티 옐로우 403호
다빈치짐에르소필라테스(384-32-00947)
[종목 : 실내체육시설]
[시설소개 :
  [헬스/PT]
- 24시간 운영하는 최고시설 헬스장
- 헬스 서비스 PT 월 2회 무료
- 트레이너 전원 팀장급 이상 경력
- 회원별 운동 목적에 맞게 맞춤배정
- 해머스트렝스, 뉴텍, 디랙스, 다양한 힙업 머신 구비
- 1000만원 상당의 천국의 계단 2대 셋팅
[기구 필라테스]
- 헬스 무료 + 서비스 PT 제공
- 캐딜락, 리포머, 체어 등 다양한 필라테스 기구 구비 완료
- 럭셔리 호텔실 고급 인테리어
- 6:1 그룹수업으로 합리적 가격
- 경력 많으신 강사로 셋팅완료
주차 2시간 무료
예약 방문 상담시, 특별혜택-증정품 및 사은품 제공]
경기 양주시 고읍남로 6-17 (광사동) 채민프라자 4층 다빈치짐
안중당구장(568-04-00464)
[종목 : 당구장]
[시설소개 :
  국제식대대6대, 중대5대]
경기 평택시 안중읍 안현로서8길 23 (현화리) 6층 안중당구장
경희대 인성 국가대표 태권도(613-99-21130)
[종목 : 태권도]
[시설소개 :
https://m.blog.naver.com/PostList.naver?blogId=jeonghu06300]
인천 서구 이음5로 66 (원당동, 서영아너시티1차) 506,507,508호
티업스크린골프(781-01-01861)
[종목 : 스크린골프]
[시설소개 : ]
경기 의왕시 봇들로 54 (포일동, 로얄시티) 4층
케이트레이닝스쿨(688-22-00286)
[종목 : 헬으]
[시설소개 : 사이클과
  PT를 한곳에서 할수있습니다]
경기 성남시 분당구 서현동 260-5 지하층 케이트레이닝스쿨
봄필라테스(106-33-00271)
[종목 : 필라테스]
[시설소개 :
  안녕하세요 봄필라테스입니다 :)
소규모 4:1 그룹수업, 1:1 수업으로
내몸에 집중하며 운동할수 있는 시간을 선물합니다.]
인천 부평구 경원대로 1404 (부평동,
  그랑프리 빌딩) 2층 203호 봄필라테스
구리 가브리엘 당구클럽(529-63-00447)
[종목 : 당구]
[시설소개 : ]
경기 구리시 동구릉로 120 (인창동,
  인성빌딩) 3층 구리가브리엘당구클럽
김포한강주짓수(405-94-07532)
[종목 : 유도&주짓수]
[시설소개 : 김포한강주짓수&유도]
경기 김포시 김포한강8로 157 (마산동) 홍우프라자 403호
숲요가,재활&필라테스(158-42-00537)
[종목 : 요가 재활 필라테스]
[시설소개 : ]
경기 군포시 고산로 571 (산본동, 한양백두아파트 상가) 2층201호
원당구장(137-21-94940)
[종목 : 당구장]
[시설소개 : ]
인천 서구 가정동 515-31 3층
뇌와검합기검도스쿨(122-14-91716)
[종목 : 해동검도]
[시설소개 : ]
인천 부평구 주부토로 184 (갈산동, 상산빌딩) 3층 301호
스카이골프72골프존(385-14-01246)
[종목 : 스크린 골프, 골프]
[시설소개 : 스카이골프72골프존]
인천 중구 운서동 2680-2 4층
수원 바디온필라테스 망포점(591-45-00749)
[종목 : 필라테스]
[시설소개 :
  1:1/2:1/4:1 레슨으로 이용가능하며,
전문적이고 체계적인 필라테스샵입니다.]
경기 수원시 영통구 망포동 417-2
  센트럴프라자2층(이마트에브리데이건물)
리플필라테스(296-62-00458)
[종목 : 필라테스]
[시설소개 :
  1:1개인, 2:1듀엣레슨 기구/소도구 전문 프라이빗 필라테스 스튜디오입니다.]
경기 김포시 김포한강2로23번길 10
  (장기동, 라베니체마치에비뉴Ⅰ) 123호
K타이거즈남동탄관(215-95-17676)
[종목 : 태권도장]
[시설소개 : ]
경기 화성시 동탄대로4길 53 (장지동) 4층 k타이거즈
골프존파크 미추홀인원(138-81-00473)
[종목 : 스크린골프]
[시설소개 : ]
인천 미추홀구 매소홀로 36 (용현동) 1층 골프존파크 미추홀인원
용인대효동태권도장(247-98-00979)
[종목 : 태권도]
[시설소개 : ]
경기 군포시 금정로 28 (금정동, 램스빌딩) 1층
카비요가필라테스(861-23-00724)
[종목 : 필라테스]
[시설소개 :
  요가, 필라테스를 더욱더 프라이빗하게!
오랜경력의 원장직강, 물리치료사 필라테스 강사 상주]
경기 수원시 영통구 하동 1021 201동 203호
에스바디워크필라테스 송도점(332-85-01295)
[종목 : 필라테스]
[시설소개 :
  월11만원 1:6 소그룹 기구필라테스/ 1:1PT/1:2 듀엣PT/맨즈필라테스]
인천 연수구 하모니로138번길 11 (송도동,
  송도캐슬센트럴파크) 101동 501,502호
원필라테스 동탄호수공원점(544-06-01670)
[종목 : 기구필라테스]
[시설소개 :
  재활, 산전산후 전문 필라테스 센터,
원필라테스 동탄호수공원점입니다:)
언제든지 문의주세요
카카오톡 플러스 친구 ID 원필라테스 동탄호수공원점]
경기 화성시 동탄대로 182 (산척동) 레이크파로스 401호
레드스타필드 골프아카데미(202-24-65866)
[종목 : 실내스크린골프연습장]
[시설소개 : 레드스타필드&클럽입니다.
500평 규모의
최신 스크린골프 연습장과
휘트니스를 한곳에!!
골프 스윙분석 시뮬레이터.
KPGA 프로 레슨.
최고급 웨이트 머신
(라이프휘트니스,스텝밀)]
경기 안산시 단원구 광덕대로 137 (고잔동, 밀레니엄 1) A동 6층
스포짐 판교역점(206-88-01721)
[종목 : 골프 헬스]
[시설소개 : ]
경기 성남시 분당구 분당내곡로 117
  (백현동, 크래프톤타워) 지하1층 스포짐
어스짐(276-60-00519)
[종목 : 헬스/요가]
[시설소개 : ]
경기 부천시 원종동 467 예도빌딩 4층 어스짐
초이요가필라테스(473-15-00347)
[종목 : 요가 필라테스]
[시설소개 :
  ]
경기 평택시 비전5로 11 (비전동) 501호
꽃이필라&꽃이피지오STUDIO(740-90-01675)
[종목 : 필라테스]
[시설소개 :
  필라테스
번지피지오]
경기 양주시 옥정동 966-8 폴리프라자 4차 6층 608~610호
재키사이클 클럽 청북점(265-25-00556)
[종목 : 스피닝]
[시설소개 : ]
경기 평택시 청북읍 청북남로 253 (옥길리,
  골드라인) 4층 재키사이클 클럽 청북점
이프 필라테스(608-62-00215)
[종목 : 필라테스]
[시설소개 : ]
경기 화성시 동탄지성로 145 (능동) 영화프라자 304호
아메리카요가 일산점(211-18-75576)
[종목 : 요가]
[시설소개 : ]
경기 고양시 일산동구 중앙로 1172
  (마두동, 그랜드프라자) 5층 아메리카요가 일산점
브로짐(234-01-08989)
[종목 : 휘트니스]
[시설소개 :
  김포한강신도시 운양동에 7년째 운영중.
김포최대규모 휘트니스센타]
경기 김포시 김포한강1로 227 (운양동,
  광장프라자) 6층 브로짐(606,607,608,609호)
산야요가&필라테스(746-44-00643)
[종목 : 요가 필라텟ㄷ]
[시설소개 :
  요가와 필라테스를 할수있는 편한 공간]
경기 의정부시 용민로92번길 20 (용현동, 태일빌딩) 4층
운동을하다(725-25-01149)
[종목 : 피티스튜디오]
[시설소개 :
  ]
경기 고양시 일산동구 중앙로1261번길 61 (장항동, 메트로골드) 301호
파이널유도멀티짐(467-95-00723)
[종목 : 유도]
[시설소개 : ]
경기 광명시 도덕공원로 23 (철산동, 서빈빌딩) 2층
김포한강 유도관 마산점(405-94-07532)
[종목 : 유도 주짓수]
[시설소개 :
  김포한강유도관 마산점
김포한강주짓수]
경기 김포시 김포한강8로 157 (마산동) 홍우프라자 403호
불사조제5관(351-96-01138)
[종목 : 체육도장 합기도]
[시설소개
  : 합기도불사조체육관]
인천 미추홀구 미추홀대로 510 (주안동,
  한덕주상복합아파트) 한덕주상복합아파트 상가 2층
엘리나필라테스(178-14-00799)
[종목 : 필라테스]
[시설소개 : 일산
  마두동 엘리나필라테스입니다]
경기 고양시 일산동구 일산로 203 (마두동, 우암빌딩) 지하1층
용인대 SM복싱클럽 운양점
  11관(160-91-00974)
[종목 : 복싱]
[시설소개 : 김포
  운양동 복싱 체육관]
경기 김포시 김포한강11로 288-19
  (운양동, 운양프라자) 7층 SM복싱클럽
경희대 아이탑 명성 K-타이거즈
  태권도(152-99-01361)
[종목 : 태권도]
[시설소개 :
  ""경희대 아이탑 명성 태권도""네이버 검색 확인]
경기 광주시 초월읍 경충대로1127번길 46
  (쌍동리) 왕이제이빌딩 2층 201호
진선다이어트(464-25-00677)
[종목 : 점핑]
[시설소개 :
  오산점핑]
경기 오산시 오산로160번길 15 (원동, 코스모타워) 401호 진선다이어트
비상태권도장(124-94-40082)
[종목 : 태권도]
[시설소개 : ]
경기 수원시 영통구 매탄로 82 (매탄동,
  우남퍼스트빌) 상가 2층 비상태권도장
리슨필라테스(266-44-00303)
[종목 : 필라테스]
[시설소개 : ]
경기 화성시 동탄대로시범길 134 (청계동,
  동탄역시범반도유보라아이비파크4.0) 2093호
주강태권도장(417-96-36067)
[종목 : 태권도]
[시설소개 : 유치부
  부터 고등부까지 다양한 훈련을
통하여 하루하루 구슬땀을 흘리며
즐겁게 운동하는 태권도장입니다^^]
인천 미추홀구 석정로 375 (주안동) 17-3층 태권도장
연세청복선태권도장(126-91-29817)
[종목 : 태권도]
[시설소개 : 저희는
  1대.2대에 걸친 역사와 전통의 태권도장입니다 ㆍ시대가 변해도 근본은 바뀌면 안됩니다?
우리 아이들에게 놀이가 아닌 바른 태권도를 지도합니다?후회하지 않으실겁니다?]
경기 이천시 서희로 82 (창전동) 2층
글로벌박사경희대 태권도장(123-92-37218)
[종목 : 태권도]
[시설소개 : ]
경기 군포시 삼성로 6 (부곡동, 웅신프라자) 5층
이지원필라테스 평촌점(358-37-00040)
[종목 : 필라테스]
[시설소개 : ]
경기 안양시 동안구 시민대로 311 (관양동, 금강스마트빌딩) 310호
최강드림태권도(123-92-45455)
[종목 : 태권도]
[시설소개 : ]
경기 군포시 산본동 1088-3 1층 최강드림태권도
아임필라테스&플라잉요가 분당서현점(주식회사
  아그네스)(189-85-01482)
[종목 : 필라테스,플라잉요가 ,요가]
[시설소개 : 안녕하세요 ^^ 아임필라테스&플라잉요가 분당서현점입니다!
아임이 특별한 이유👀
👉5년 경력의 필라테스 센터! 체계적인 상담과 수업관리 시스템
👉기구필라테스와 플라잉요가를 포함한 다양한 요가프로그램 완비!
👉간편한 수강권 결제 (센터에 직접 오지않아도 결제와 예약을 한번에!)
👉어플로 간편하게 실시간 운동 예약!
👉국내 최고의 필라테스, 요가, 재활 전문 강사진
언제든 문의주세요^^]
경기 성남시 분당구 황새울로335번길 5
  (서현동) N 타운빌딩 6층 아임필라테스&플라잉
아트인댄스(212-52-00053)
[종목 : 에어로빅]
[시설소개 :
  다이어트댄스,방송댄스,에어로빅,코레오안무(걸스힙합),근력,스트레칭등]
경기 안산시 단원구 초지로 94 (초지동, 한솔프라자) 502호 아트인댄스
파코스당구클럽(760-13-00548)
[종목 : 당구]
[시설소개 :
  일정액요금제
월정액요금제
시간요금제 선택가능]
경기 화성시 노작로4길 2 (반송동, 세교프라자) 2층
광명용인대국가대표태권도장(628-91-00320)
[종목 : 태권도]
[시설소개 :
  안녕하십니까 용인대국가대표태권도장입니다!]
경기 광명시 성채로50번길 35 (소하동)
1층 태권도장
타이거존스크린골프(609-48-66378)
[종목 : 스크린골프]
[시설소개 : ]
경기 부천시 부흥로 12 (상동, 대림프라자) 505호
신나고점핑(765-34-00757)
[종목 : 점핑]
[시설소개 : 신나고
  점핑 다이어트]
경기 의정부시 호원동 377-8 3층 신나고점핑
한국체대 최강태권도(704 - 97 - 00591)
[종목 : 태권도]
[시설소개 : ]
인천 계양구 안남로554번길 10 (효성동) 한국체대 최강태권도 2층 3층
경희대삼송태권도(879-93-01576)
[종목 : 태권도]
[시설소개 : ]
경기 고양시 덕양구 세솔로 149 (원흥동,
  삼송마을엘에이치16단지) 엘에이치 16단지상가2층
레이나필라테스(207-16-23153)
[종목 : 필라테스]
[시설소개 : ]
경기 의정부시 평화로 492 (의정부동) 베스트뷰1901
PT의 정석 운동재활센터(161-41-00929)
[종목 : 1대1 PT]
[시설소개 :
  대표님의 한마디
제가 가장 중요하게 생각하는것은 저희 센터를 믿고 찾아주신 고객님과의 신뢰입니다
아무리 많은공부를 하고 많은 운동전문가들을 배출해냈어도
가장 중요한 것은 고객님과의 소통과 신뢰입니다.
잘난척하고 오만한 강사가 아닌
항상 신뢰와 믿음을 줄 수 있는 강사가 되고 싶습니다.
고객님의 건강을 위해
매순간 집중하고 노력하고 있으며
찾아주시는 한분 한분 모두 소중한 분이십니다.
믿고 방문해주시면
절대 후회하지 않을 자신있습니다
편하게 상담연락주시면
예약안내드리겠습니다^^
프로그램
1.슬림핏, 벌크핏,건강핏
2.라인핏
3.메디핏
4.퍼포먼스핏
체크사항
1.부평최초 합격률 최대 3퍼센트
건강운동관리사
(의사의 의뢰를 받아서 운동을 진행할 수 있는 국가자격증)
2.인천 최초
건강운동관리사를 배출하는 전문가들의 전문가
->운동전문가들의 선생님
3.정확한 이론과 풍부한 경험의 노력하는 강사진
건강운동관리사
전과목 강사
1달 1번 전국 트레이너 대상 교육 세미나 실시
주 1회 스터디 진행
(보여주기식,홍보식 스터디가 아닌 진짜 스터디)
전직원 건강관리 전공자 및 자격,수료증 10개 이상
(기능해부학,운동생리학,운동역학,병태생리학,운동처방,건강체력평가 교육 수강)
4.체계적인 트레이닝 프로그램과 서비스
5.개인 1대1 트레이닝 전문센터
6.과하다 싶을 정도의 철저한 소독과 방역 시행
7.1대1 예약 전문 센터
감사합니다^^]
인천 부평구 대정로 24 (부평동) 희경빌딩3층
네(269-96-01203)
[종목 : 줄넘기]
[시설소개 : ]
경기 수원시 영통구 동탄원천로881번길 58
  (매탄동, 아이쌤프라자) 404호 점핑클럽 음악줄넘기교육관
이화리듬체조 별내점(492-32-00888)
[종목 : 리듬체조]
[시설소개 :
  남양주시 별내동에 위치한 이화리듬체조입니다.]
경기 남양주시 별내동 1097-7 2층
포텐휘트니스선학점(207-68-69478)
[종목 : 헬스장]
[시설소개 : 선학역
  4번출구로 나오셔서 도보1분거리에 위치하고 있습니다.
먹자골목에 위치하고 있으며 새마을 금고, 에이스마트 건물 4층에 위치하고 있습니다^_^
최신 기구 뉴텍등 최고의 기구 최고의 시설로 이용해보세요^_^
선학동유일 G.X프로그램 운영중이며 다이어트댄스.댄스로빅,요가,필라테스,댄스근력
모두 최고의 강사진들과 함께 재미있는 다이어트와 건강한 몸을 만들어보세요~~]
인천 연수구 학나래로118번길 9 (선학동,
  선학프라자) 4층 포텐휘트니스 선학점
한강당구클럽(758-75-00261)
[종목 : 당구장]
[시설소개 :
  운양동에서 제일 크고 시설 좋은 당구장입니다]
경기 김포시 김포한강11로 288-27
  (운양동, 한강프라자) Kcc2차 102동 903호
썬스크린골프(229-28-00997)
[종목 : 스크린골프]
[시설소개 :
  탑동사거리 현대자동차 구운대리점 2층입니다.
골프존 스크린골프 비전플러스 입니다.]
경기 수원시 권선구 서부로 1822-39 (탑동) 2층 썬스크린골프
더힐스토리(124-87-58037)
[종목 : 헬스, 골프]
[시설소개 :
  ]
인천 미추홀구 매소홀로 618 (문학동,
  문학경기장) 동측동 지하1층 더힐스토리
주식회사 브레이브힐에프앤피(359-87-01969)
[종목 : 기구필라테스]
[시설소개 :
  기구필라테스]
경기 남양주시 화도읍 경춘로2248번길 38 (월산리) 202호
위즈스크린골프(720-28-01349)
[종목 : 스크린골프연습장]
[시설소개
  : 실내 스크린골프연습장,프렌즈스크린,위즈스크린]
경기 수원시 장안구 송원로 20 (송죽동,
  수원 아너스빌 위즈) 지하상가B1 프렌즈스크린 수원위즈점
디타운스포츠(785-09-01059)
[종목 : 축구/인라인/골프/야구]
[시설소개 : 축구/인라인/골프/야구를 각분야 전문 선생님들과 함께 배우고 즐길 수 있는 공간 입니다.]
경기 화성시 동탄대로시범길 134 (청계동,
  동탄역시범반도유보라아이비파크4.0) 카림애비뉴 127호
운정 경희대 퍼스트 태권도장(137-93-16766)
[종목 : 태권도]
[시설소개 : ]
경기 파주시 심학산로 384 (동패동,
  운정신도시 IPARK) 상가 1동 23호 -8
고투피트니스 김포점(117-81-89883)
[종목 : 체력단련장업]
[시설소개 :
  ]
경기 김포시 돌문로 43 (사우동) 3층 고투피트니스 김포점
경희대국가대표태권도(141-90-49891)
[종목 : 태권도]
[시설소개 : 파주
  최대 규모 도장으로 총 3관으로 나눠 초등부와 유치부의 개별 분리된 수업진행합니다. 항상 사랑으로 최선을 다해 지도하겠습니다.]
경기 파주시 와석순환로 80 (야당동,
  대보프라자) 5층
경희대 국가대표태권도
퍼펙트바디(561-46-00522)
[종목 : 헬스 필라테스 스피닝 줌바 에어로빅]
[시설소개 : PT 헬스 필라테스 스피닝
줌바
  에어로빅등
다양한운동을 할수있는 대형 토탈 휘트니스]
경기 화성시 동탄중심상가1길 8 (반송동, 워터밸리) 5층
CH복싱&크로스핏(676-96-00196)
[종목 : 복싱]
[시설소개 : 원종동
  복싱체육관]
경기 부천시 원종동 222 4층
88당구장(128-13-03469)
[종목 : 88당구장]
[시설소개 : ]
경기 파주시 적성면 청송로 1026 (마지리, 일신서점문구) 마지리62-3
오전동 고고점핑(198-11-01559)
[종목 : 점핑]
[시설소개 :
  점핑운동]
경기 의왕시 모락로 16 (오전동, 현대프라자) 4층 고고점핑
예스 스포츠 아카데미(336-96-01217)
[종목 : 줄넘기,농구,인라인]
[시설소개 : ]
인천 연수구 해돋이로 107 (송도동, 송도 더샵 퍼스트월드) h동 5층95호
용인동백 해동검도,택견(785-01-01470)
[종목 : 해동검도,택견]
[시설소개 :
  용인시 기흥구 동백지구에 있는 해동검도 ,택견 체육관입니다.]
경기 용인시 기흥구 동백5로 21-11
  (중동, 동백 훼미리프라자 1) 4층 해동검도,택견
더필라테스죽전(850-22-01352)
[종목 : 필라테스]
[시설소개 : 용인
  죽전 보정동에 위치한 대형 기구필라테스 전문센터 입니다.]
경기 용인시 기흥구 보정로 117 (보정동, 리베로3) 201호
용인대신일태권도(135-91-51609)
[종목 : 태권도]
[시설소개 : ]
경기 용인시 기흥구 고매동 385-2 2층 용인대신일태권도
벨류필라테스(860-31-00895)
[종목 : 필라테스]
[시설소개 :
  기구필라테스 개인/그룹레슨 진행]
경기 용인시 기흥구 마북동 181-2 306호
원당구클럽(255-08-01435)
[종목 : 당구장]
[시설소개 : ]
경기 의왕시 오전로 209 (오전동) 3층303호
준필라테스(131-32-85982)
[종목 : 필라테스]
[시설소개 : ]
인천 남동구 간석동 302-6 3층 준필라테스
더블유짐 천천3호점(670-86-02325)
[종목 : 체력단련장/헬스]
[시설소개
  : 천천동 최고의 헬스장
천천동 헬스
천천동 헬스장
천천동 PT
천천동 피티
더블유짐 1개 지점 등록으로 전 지점 이용가능]
경기 수원시 장안구 만석로19번길 29
  (천천동, 부강프라자) 6층 더블유짐 천천3호점
바디소나타 헬스장 피티
  부평시장점(799-15-01495)
[종목 : 헬스]
[시설소개 :
  트렌디하고 힙한 인테리어 및 개인별 맞춤 프로그램으로 건강한 바디라인을 책임지는 바디소나타 부평시장점 입니다:)
운영시간 : 24시간 (직원 상주시간 별개)
*인플루언서와 전문 운동인이 가장 선호하는 프리미엄 헬스장
*5성급 호텔 최신 머신들로 구성된 웨이트기구(뉴텍 라인 등)
*최고의 강사진 (주기적인 본사 교육 진행)]
인천 부평구 부평대로 55 (부평동, 국천빌딩) 12층
필라테스에꽃히다(750-78-00176)
[종목 : 필라테스]
[시설소개 : ]
경기 수원시 팔달구 팔달로 136-1 (화서동) 3층 필라테스에꽃히다
크로우요가(321-16-01566)
[종목 : 요가]
[시설소개 : ]
경기 화성시 남양읍 시청로202번길 8-26 (남양리) 101호
실로아 필라테스(501-14-25175)
[종목 : 필라테스]
[시설소개 : ]
경기 의정부시 신흥로 81 (호원동,
  쌍용스윗닷홈) 상가 2층 실로아필라테스 (2-4호,2-5호)
설봉무에타이(125-19-87972)
[종목 : 무에타이 , 킥복싱]
[시설소개 : 무에타이 , 킥복싱 , 크로스핏]
경기 안성시 장기로 93 (낙원동, 서광아파트(상가동)) 2층
3S퍼스널트레이닝(881-07-00446)
[종목 : 피티샵]
[시설소개 :
  3S퍼스널트레이닝]
인천 남동구 석산로 159 (간석동) 보인상가501호 3S퍼스널트레이닝
향동검도관(760-98-00147)
[종목 : 검도]
[시설소개 : ]
경기 고양시 덕양구 꽃마을로 4 (향동동,
  고양향동 퍼스트타워) 610호 향동검도관
헤라짐(397-51-00643)
[종목 : 피티 필라테스]
[시설소개 :
  피티와 필라테스를 동시에 할수있는
시설입니다]
경기 성남시 분당구 정자로 13 (정자동, 월드비터) 702호 헤라짐
국가대표리더스태권도장(791-94-01045)
[종목 : 태권도]
[시설소개 :
  120평!! 대형 태권도장!!
국가대표 출신 관장님과 즐거운 태권도~!!
언제나 진실된 마음으로 지도하겠습니다~♥]
경기 화성시 동탄대로시범길 146 (청계동) 701호
기드온태권스쿨(122-92-56793)
[종목 : 태권도]
[시설소개 :
  전문적인 태권도 교육을 통해 실력과 인성을 겸비한 용사로 성장시키는 기드온태권스쿨입니다!!]
인천 부평구 경원대로1130번길 18 (십정동) 2층 기드온태권스쿨
남경당구장(125-24-75499)
[종목 : 당구]
[시설소개 : 평택
  지산동에 위치한 깔끔한 당구장입니다.]
경기 평택시 지산로 78 (지산동) 2층 남경당구장
고려백호태권도(118-95-06446)
[종목 : 태권도]
[시설소개 : 김포시
  양촌읍 양곡에 위치한 고려백호태권도장입니다.]
경기 김포시 양촌읍 양곡3로1번길 26-30
  (양곡리) 한솔프라자2층 고려백호태권도
하비엘럭스 호수점(823-87-01631)
[종목 : 수영장]
[시설소개 :
  천연햇살/자연환기의 쾌적함을 자랑하는 지상층 2개수조 정식강습규격 하비엘럭스입니다
@일체의 화학약품없이 천연소금에서 전기분해로 염소를 추출하여 소독하는 해수풀시스템
@물수온 동절기34도/하절기32도 유지
@천연햇빛 자외선으로 습한수조내의 곰팡이균 자연살균
@ 대한생존수영협회 경기지부 2동탄14개 초등학교 생존수영진행
@수업시간 50분이후 15분의 케어시간 / 부모님 도움없이 진행하는 올케어시스템
@실시간cctv 핸드폰 실시간시청]
경기 화성시 동탄순환대로 253 (산척동) 401호(모닝그레이스빌딩)
캐롬당구클럽(391-70-00267)
[종목 : 당구장]
[시설소개 :
  대대전용당구장]
경기 의정부시 오목로205번길 61 (민락동, 로데오프라자) 501호
시화멀티짐(798-92-00704)
[종목 : 유도]
[시설소개 :
  시화멀티짐(유도,복싱)]
경기 시흥시 중심상가로 152 (정왕동, 원프라자) 5층
(주)리틀코리아축구클럽(LKFC)(687-86-02037)
[종목 : 축구]
[시설소개 :
  인천부평구 산곡동에 위치한 축구전문클럽입니다.
*유치부 6세~7세
*초등부
취미반-1학년~6학년 /
선수반-1학년~6학년
*중-고등부 - 취미반
*성인반]
인천 부평구 마장로324번길 64 (산곡동, 대우프라자2) 201호 LKFC
소사당구클럽(519-21-00663)
[종목 : 당구장]
[시설소개 :
  대대8대.중대1대]
경기 부천시 소사로 240 (소사본동) 현기빌딩 3층 소사당구클럽
조이점핑다이어트(374-01-01760)
[종목 : 점핑]
[시설소개 : ]
인천 서구 청마로51번안길 8 (당하동) 2층 조이점핑다이어트
케이지풋살아레나시흥(112-07-50350)
[종목 : 풋살장]
[시설소개 :
  실내풋살장으로 8x16m사이즈로 3대3이나 4대4까지 가능합니다
날씨에 상관없이 언제나 이용이 가능합니다]
경기 시흥시 시흥대로1074번길 5 (은행동, 스페이스타워) 지하1층
용인대태풍태권도(499-93-00385)
[종목 : 태권도]
[시설소개 :
  용인대태풍태권도
아이들의 눈 높이에 맞춰진 즐거운 수업진행]
경기 성남시 분당구 판교동 625 리버스토리307호
QED골프아카데미광명점(424-85-01065)
[종목 : 골프]
[시설소개 : ]
경기 광명시 일직동 500 B1F QED골프아카데미
모던필라테스 광교레이크점(435-27-00862)
[종목 : 필라테스]
[시설소개 :
  수원광교 필라테스 전문 스튜디오]
경기 수원시 영통구 광교호수공원로 277
  (원천동, 광교중흥에스클래스) 1층 44,45호
상아탑당구장(321-05-00348)
[종목 : 당구장]
[시설소개 : ]
경기 안성시 학자로 52 (금산동) 상아탑당구장
준필라테스엔피티(889-25-00838)
[종목 : 헬스,필라테스]
[시설소개 :
  태평동 유일! 5대1 기구필라테스와 헬스PT를 동시에 할수 있습니다
8대1이 아닙니다
5:1 레슨으로 개인PT 식으로 운영하고
  있습니다 (기구 필라테스 & PT)
캐딜락, 콤비리포머, 체어, 발렐, 스프링보드, 소도구등 재활,자세교정,다이어트에 특화되어 있는
전문강사 운동 프로그램 적용. 110평 규모의 프리미엄급 최신 헬스시설!
  5대1 그룹PT
및 1대1 디테일 PT 진행! 최신 유산소 기구 및
  헬스장비 보유! 헬스는 무료이용 가능, 남,여 개인용 샤워부스
배치!]
경기 성남시 수정구 수정로171번길 7 (태평동, 재경빌딩) 5층
린필라테스 고덕점(248-43-00690)
[종목 : 필라테스]
[시설소개 :
  고덕신도시필라테스.평택필라테스.송탄필라테스.소수정예레슨.개인.듀엣(2:1).그룹(4:1).맨즈필라테스.외국인클래스.키즈필라테스]
경기 평택시 고덕면 고덕갈평7길 80 (여염리) 1층102호 린필라테스
고길동당구클럽(738-19-00674)
[종목 : 당구]
[시설소개 :
  동탄1신도시 북광장에서 포켓볼, 국제식대대(3개), 4구(7개) 갖추고 있는 가장 오랫동안 북광장에서 인기 있는 당구클럽...
정액제 운영, 익일 새벽2시까지 운영, 무한리필 다양한 음료 제공]
경기 화성시 동탄중심상가2길 5 (반송동, 리더스프라자) 504,505,506호
점핑하이이천부발점(675-37-00299)
[종목 : 점핑하이]
[시설소개 : ]
경기 이천시 부발읍 경충대로 2216-10 (신하리, 현대빌딩) 현대빌딩 2층
터닝포인트짐 부개역점(152-85-01025)
[종목 : 헬스,PT]
[시설소개 : ]
인천 부평구 수변로 8 (부개동, 파워프라자) 5층 터닝포인트짐 부개역점
숨인필라테스 산본점(106-28-76364)
[종목 : 필라테스]
[시설소개 : ]
경기 군포시 고산로 704 (산본동) 3층 숨인필라테스
필라테스 401(145-11-01797)
[종목 : 필라테스]
[시설소개 :
  몸상태와 목적에 맞춰 1:1만 진행하고 있는 프리미엄 필라테스 센터 필라테스 401입니다.]
경기 광명시 신기로 21 (일직동, 대호엠스퀘어) 7충 708호
VIP필라테스&요가플라잉(380-50-00575)
[종목 : 기구필라테스,요가,플라잉요가,재활,체형교정]
[시설소개 : 안녕하세요 고객님~^^
4가지 대기구를 모두 사용해서 레슨이 진행되는 기구필라테스 전문점과 + 요가&플라잉요가 스튜디오까지,
총 5곳의 전문 수업룸과 실력파 강사진으로 여성분들께 핫플레이스가 된,
여성전용 기구필라테스 & 요가플라잉 수원 16호점 입니다.]
경기 수원시 장안구 덕영대로535번길 46
  (천천동, 해든타워) 4층 402호(천천동, 해든타워)
주식회사
  브레이브힐에프앤피(춘천이마트점)(606-85-50590)
[종목 : 기구필라테스]
[시설소개 :
  기구필라테스]
경기 남양주시 화도읍 경춘로2248번길 38 (월산리) 202호
비에이치에이복싱클럽(521-95-01050)
[종목 : 복싱]
[시설소개 : ]
경기 용인시 수지구 대지로 18 (죽전동, 대지빌딩) 지층1호
용인대명문태권도(144-90-36890)
[종목 : 태권도]
[시설소개 : ]
경기 성남시 분당구 불정로 195 (정자동,
  정든마을우성6단지아파트) 상가2층태권도
경희대해람태권도(450-99-00494)
[종목 : 태권도]
[시설소개 :
  열정
경희대해람태권도
입니다~]
경기 화성시 동탄대로시범길 189 (청계동) 가든프라자503
투혼경희대태권도(122-92-18106)
[종목 : 태권도]
[시설소개 :
  우리동네 가장 좋은 태권도장
부모님의 마음으로 지도하겠습니다.]
인천 부평구 경인로 922 (부평동, 영혜빌딩) 2층
요가플레이스 G(509-61-69467)
[종목 : 요가]
[시설소개 :
  소그룹으로 집에서 하는 요가 수업입니다]
경기 화성시 동탄대로12길 17 (오산동,
  반도유보라 아이비파크 3) 1808동
자이태권도장(401-95-10653)
[종목 : 태권도]
[시설소개 : ]
경기 김포시 태장로 829 (장기동) 참된빌등 3층 자이태권도장
하비엘럭스 영천점(459-81-00725)
[종목 : 수영장]
[시설소개 :
  천연햇살/자연환기의 쾌적함을 자랑하는 지상층 2개수조 정식강습규격 하비엘럭스입니다
@일체의 화학약품없이 천연소금에서 전기분해로 염소를 추출하여 소독하는 해수풀시스템
@물수온 동절기34도/하절기32도 유지
@천연햇빛 자외선으로 습한수조내의 곰팡이균 자연살균
@ 대한생존수영협회 경기지부 2동탄14개 초등학교 생존수영진행
@수업시간 50분이후 15분의 케어시간 / 부모님 도움없이 진행하는 올케어시스템
@실시간cctv 핸드폰 실시간시청]
경기 화성시 동탄순환대로27길 20 (영천동) 421호
브라보스크린 분당서현점(575-34-00998)
[종목 : 스크린골프]
[시설소개 :
  18홀 기준 평일 7900원, 주말 11900원!]
경기 성남시 분당구 안골로 12-6 (서현동,
  동양프라자) 지하 1층 브라보스크린 분당서현점
실내암벽클라임홀릭(862-13-00131)
[종목 : 클라이밍]
[시설소개 : ]
경기 안양시 동안구 인덕원로30번길 18
  (관양동) 지하 실내암벽 클라임홀릭
레드스타필드 휘트니스(608-35-18586)
[종목 : 헬스장]
[시설소개 :
  레드스타필드&클럽입니다.
500평 규모의
최신 스크린골프 연습장과
휘트니스를 한곳에!!
골프 스윙분석 시뮬레이터.
KPGA 프로 레슨.
최고급 웨이트 머신
(라이프휘트니스,스텝밀)]
경기 안산시 단원구 광덕대로 137 (고잔동, 밀레니엄 1) A동 6층
로얄마린(827-95-01356)
[종목 : 수영장]
[시설소개 : ]
경기 의정부시 오목로225번길 177 (민락동, 폴리프라자) 8층
탑 스크린골프(347-16-00424)
[종목 : 골프]
[시설소개 : ]
경기 성남시 중원구 금광동 1789 지층
태권베스트 태권도장(673-91-01538)
[종목 : 태권도]
[시설소개 : 최선의
  선택, 최고의 결과
태권베스트 입니다^^]
경기 고양시 덕양구 원흥1로 48 (원흥동) 3층 태권베스트
한국파워점핑줄넘기센터(553-23-00686)
[종목 : 줄넘기]
[시설소개 : ]
경기 김포시 김포한강2로 103 (장기동,
  초당마을 우남 퍼스트빌) 528동 204호-207호
sbpt(283-32-00251)
[종목 : 피트니스]
[시설소개 :
  구월동퍼스널트레이닝, 인천시청퍼스널트레이닝]
인천 남동구 예술로 206 (구월동, 구월중앙프라자) b동 303호 sbpt
김찬동탁구클럽, 멀티트레이더스(429-05-01506)
[종목 : 탁구]
[시설소개 :
  김찬동탁구클럽입니다. 경기용 전용매트, 탁구대 7대중 레슨용 탁구대 2대, 로봇전용 1대가 설치 되었있습니다. 깔끔한 시설에 천장 높이
  6m이고 최고급 환기 시설이 설치 되어 있습니다.
가족과 같이 분위기에 회원모두가 친절하고 좋습니다. 많이 연락주시고 찾아오셔서 건강하고 즐겁게 운동하세요
감사합니다.]
경기 안양시 동안구 흥안대로427번길 16
  (관양동, 평촌디지털엠파이어) 지하 1층 B 119, 120호
이노스베이
프리미엄 어린이 레슨전문 수영장(879-39-00236)
[종목 : 어린이 수영장]
[시설소개 :
  ]
경기 부천시 은성로 82 (소사본동, 한신아파트) 상가동 지1층
드림오브바디금곡점(779-08-02207)
[종목 : 헬스]
[시설소개 : ]
경기 수원시 권선구 금곡로102번길 45 (금곡동) 2층 201호
스트라이크존 인천계산구장(427-60-00169)
[종목 : 스크린야구]
[시설소개 : ]
인천 계양구 오조산로45번길 8-1 (계산동) 주영빌딩 지층
베스트당구장(276-40-00471)
[종목 : 당구장]
[시설소개 : ]
경기 부천시 평천로 725 (삼정동) 3층
주식회사김연경스포츠아카데미(655-88-01087)
[종목 : 축구.농구.배구.생황체육]
[시설소개 : 백현동에 위치한 김연경 스포츠 아카데미 판교점 입니다.]
경기 성남시 분당구 판교백현로 35 (백현동)
대천스포츠(125-04-94047)
[종목 : 헬스]
[시설소개 : 안성시
  대천동소재 헬스클럽 300평 런닝머신 20대 비대면 트레이닝시스템(업테크트레이닝)무료]
경기 안성시 중앙4길 6 (대천동) 2층
씨엘로스튜디오(421-05-01841)
[종목 : 번지피트니스]
[시설소개 :
  ]
경기 김포시 김포한강4로420번길 88 (구래동) 2018823
모션스포츠아카데미(204-75-00288)
[종목 : 축구, 농구]
[시설소개 :
  ]
경기 시흥시 범안로266번길 40-10 (계수동) 1층 모션스포츠아카데미
원테이크짐(704-25-00901)
[종목 : PT]
[시설소개 : ]
경기 수원시 팔달구 인계동 1115-20 2층 원테이크짐
하이필드휘트니스(603-81-90668)
[종목 : 헬스 GX 골프 PT 골프레슨]
[시설소개 : 평촌 최고시설의 700평 상당의 하이필드휘트니스입니다. 버거킹 뒷편 대명 글로벌 비즈스퀘어B1 위치 하고 있으며
  헬스,PT,스크린골프,온탕,찜질방,수면실등 안양 최고의 시설을 자랑합니다. 헬스기구로는 라이프휘트니스/헤머스트링스로 되어 있으며 스크린
  골프는 JTBC 골프프로그램인 G-Swing 프로그램을 사용중에 있습니다 ^^]
경기 안양시 동안구 시민대로327번길 7
  (관양동, 대명 글로벌 비즈스퀘어) 지하 1층 하이필드휘트니스
머슬제이짐(691-20-01477)
[종목 : 헬스,PT]
[시설소개 :
  향남1지구 프리미엄 헬스장 머슬제이짐 입니다]
경기 화성시 향남읍 발안로 116 (행정리, 중앙프라자) 5층 머슬제이짐
경희대 k tigets 태권도(406-97-00644)
[종목 : 태권도]
[시설소개 :
  동탄역근처 도장]
경기 화성시 동탄대로시범길 276 (청계동,
  동탄역 시범우남퍼스트빌아파트) 시범우남아파트 단지내상가 405호
태풍태권도체육관(122-91-08111)
[종목 : 태권도]
[시설소개 : ]
인천 부평구 부흥로 420 (부개동, 주화빌딩) 403호
제이티에이합기도(JTA합기도)상동점(130-40-19499)
[종목 : 합기도]
[시설소개 :
  제이티에시합기도,JTA합기도,서무합기도,서무체육관]
경기 부천시 부흥로 102 (상동, 한아름마을) 한국아파트 상가2층
캐롬당구(647-28-00711)
[종목 : 당구장]
[시설소개 : 동탄역
  롯데캐슬 앞 대형당구장]
경기 화성시 동탄오산로 86-8 (오산동) 로얄클래스 303호~305호
선태권도장(366-90-01462)
[종목 : 태권도]
[시설소개 : ]
경기 부천시 지봉로115번길 6 (역곡동) 선태권도장
점프윙스줄넘기클럽(567-37-00590)
[종목 : 줄넘기클럽]
[시설소개 :
  즐겁게 운동할 수 있는곳]
경기 김포시 마산동 646-3 다빈치상가501호
심휘트니스(847-22-00769)
[종목 : 헬스]
[시설소개 : ]
경기 안양시 동안구 흥안대로456번길 11
  (평촌동, 평촌 본 프라자) 지하2층 심휘트니스
프라임스크린 골프존(193-24-00894)
[종목 : 골프존 스크린]
[시설소개 :
  ]
경기 용인시 기흥구 신촌로73번길 35 (보정동, 샤르망) 2층
경희대태권나라(131-91-83415)
[종목 : 태권도]
[시설소개 :
  태권도의 멋과 열정이 가득한 경희대태권나라 옥련동태권도,줄넘기를 잘 가르치는 곳~^^]
인천 연수구 청량로199번길 29 (옥련동,
  한국아파트) 한국아파트상가4층
케미필라테스 김포마산점(894-27-01022)
[종목 : 기구필라테스]
[시설소개 :
  김포시 마산동 기구필라테스 전문 스튜디오
6:1그룹/1:1개인/2:1듀엣/키즈필라테스/지도자과정]
경기 김포시 마산동 646-3 다빈치프라자5층
요가다움(AUM)(175-17-01368)
[종목 : 요가]
[시설소개 : ]
경기 과천시 별양상가1로 10 (별양동, 과천타워) 지하2호
모마필라테스(315-19-01994)
[종목 : 필라테스]
[시설소개 : 판교
  모마필라테스입니다.]
경기 성남시 분당구 판교역로 231 (삼평동,
  에이치스퀘어 에스동) 2층 223호
snpe영종점(504-36-00516)
[종목 : snpe]
[시설소개 :
  바른척추와 골반으로 현대인의 근골격계 통증과 바디라인을 바로잡는 뉴패러다임 운동입니다.]
인천 중구 흰바위로92번길 6-12 (운서동) 1층
H요가 수지점(142-04-61411)
[종목 : 요가]
[시설소개 :
  안녕하세요~
용인수지 풍덕천동에 있는 요가원입니다.
몸과 마음을 힐링하러 오세요, 나마스떼^^]
경기 용인시 수지구 풍덕천로 122
  (풍덕천동, 하나로프라자) 601호 요가원
더블유짐 이목10호점(546-14-01346)
[종목 : 체력단련장/헬스]
[시설소개
  : 이목동 최고의 헬스장
이목동 헬스
이목동 헬스장
이목동 PT
이목동 피티
더블유짐 1개 지점 등록으로 전 지점 이용가능]
경기 수원시 장안구 서부로 2370 (이목동) 2층 더블유짐 이목10호점
투에스스포테인먼트(682-86-02013)
[종목 : 치어리딩]
[시설소개 :
  휘트니스센터, 댄스아카데미]
경기 수원시 영통구 광교중앙로 240 (하동, KJ 프라자) 203호
ENJOY스포츠(648-97-01515)
[종목 : 농구교실]
[시설소개 : ]
경기 김포시 초당로16번길 86-3 (장기동) 1층
프렌즈스크린 죽전(868-32-00902)
[종목 : 스크린골프]
[시설소개 :
  죽전동에 위치한 신규오픈1년 스크린골프장
널찍한 룸, 쾌적한 환경, 주차장완비]
경기 용인시 수지구 정든로6번길 2 (죽전동,
  그린피아) 505호 프렌즈스크린 죽전
에스비(738-59-00423)
[종목 : 당구]
[시설소개 : ]
경기 화성시 봉담읍 동화새터길 45-10 (동화리) 2층
용인대한국태권도(688-90-01446)
[종목 : 태권도]
[시설소개 : ]
경기 평택시 청북읍 안청로1길 92 (옥길리,
  사랑으로부영5차) 상가2층 201호
포유짐원흥점(566-42-00586)
[종목 : 피티샵(1:1PT/2:1그룹PT)]
[시설소개 : 일산/원흥 최고 1:1 전문 PT 샵]
경기 고양시 덕양구 삼송로 12 (원흥동, 반도 유스퀘어) 8층801호
하이키즈풀 상동점(570-85-01937)
[종목 : 수영]
[시설소개 :
  프리미엄어린이수영장]
경기 부천시 상동로 87 (상동, 가나베스트타운 쓰리) B01호 하이키즈풀
코리아당구클럽(169-25-00767)
[종목 : 당구장]
[시설소개 : ]
경기 안산시 상록구 안산대학로 97 (일동) 2층 코리아당구클럽
동탄킹스짐(148-43-00202)
[종목 : 헬스, PT, 요가, 골프, 필라테스]
[시설소개 : 안녕하세요. 남광장에 위치한 동탄 최대규모 킹스짐입니다. 뉴텍 최신기구 완비되어 있으며 요가 무료 운영과 동탄
  유일 여성 전용룸 운영 중이라 여성들도 운동하기 좋은 환경입니다. 한층 전체가 골프연습장이라 쾌적하게 이용하실 수 있습니다.]
경기 화성시 동탄문화센터로 71-11 (반송동, 동진프라자) 3~6층
경희대태권도슐레(122-92-29530)
[종목 : 태권도]
[시설소개 :
https://skst.modoo.at/]
인천 부평구 영성중로 35 (삼산동) 경희대태권도슐레 2층 3층
쏘필라테스(104-20-51721)
[종목 : 필라테스]
[시설소개 :
  산전산후/재활 전문 기구 필라테스]
경기 화성시 동탄반석로 172 (반송동, 동탄
  파라곤) 102A동 B1 쏘필라테스
경희대석사 올림픽 태권도장(429-96-00596)
[종목 : 태권도]
[시설소개 : ]
경기 부천시 소사동로72번길 17 (소사본동, 아크리아Ⅲ) 504호
국제pt 멀티짐(134-29-62988)
[종목 : 무에타이/킥복싱]
[시설소개
  : ]
경기 화성시 병점중앙로 155 (진안동, 렉스몰) 305호
점핑 피트니스 점핑퀸(150-23-01002)
[종목 : 점핑 피트니스]
[시설소개 :
  스크린 보지 않고 강사와 함께!
제품 판매없이 운동만 하는 곳이예요~!!]
경기 남양주시 별내3로 336 (별내동) 별내프라자 301호
김포주니어 풋볼클럽(691-96-01259)
[종목 : 축구교실]
[시설소개 : ]
경기 김포시 풍무로 25 (풍무동,
  센트럴메디프라자) 407호 김포주니어 풋볼클럽
요가 N EMS(208-18-53391)
[종목 : 요가/EMS]
[시설소개 :
  요가, EMS, 키즈플라잉]
인천 계양구 양지로 133 (귤현동) 영화빌딩 201호 요가 N EMS
메이유도멀티짐(125-95-53253)
[종목 : 유도]
[시설소개 :
https://m.place.naver.com/place/1612919629/home?entry=pll]
경기 파주시 와석순환로 70 (야당동,
  신운정프라자2) 신운정프라자2 204호
바시필라테스동탄(492-23-01167)
[종목 : 필라테스]
[시설소개 :
https://basidongtan.modoo.at]
경기 화성시 동탄오산로 86-3 (오산동) MK타워 7층 703.704호
용인대석사예도태권도장(803-91-00203)
[종목 : 태권도장]
[시설소개 : ]
경기 수원시 권선구 호매실로104번길 90
  (호매실동) JD타워5층501호 용인대석사예도태권도장
라온필라테스 백석(667-18-01409)
[종목 : 필라테스]
[시설소개 :
  라온필라테스 백석점]
경기 고양시 일산동구 장백로 86 (백석동, 한경빌딩) 2층 라온필라테스
경희대박사 현대태권도장(619-90-14430)
[종목 : 태권도]
[시설소개 : 경기도
  부천시 위치한 경희대박사 현대태권도장입니다]
경기 부천시 중동로 108-2 (중동)
  204,205,210호 중동 팰리스카운티중앙상가
이룸검도관(303-96-04698)
[종목 : 검도]
[시설소개 : ]
경기 성남시 수정구 위례동로 153 (창곡동, 에이플타워) 310, 311
율검도관(137-91-85949)
[종목 : 검도]
[시설소개 :
  인천광역시 청라국제도시에 위치한 대한검도회 공인도장 율검도관 입니다.]
인천 서구 중봉대로 610 (청라동) 마루힐프라자 4층 (408호,409호)
더블유짐 야탑9호점점(485-07-01266)
[종목 : 체력단련장/헬스]
[시설소개
  : 체력단련장/헬스
야탑역 최고의 헬스장
야탑 헬스 / 야탑역 헬스
야탑 헬스장 / 야탑역 헬스장
야탑 PT / 야탑역 PT
야탑 피티 / 야탑역 피티]
경기 성남시 분당구 장미로 78 (야탑동,
  시그마3) 2층 202호 더블유짐 야탑9호점
세반검도관(142-90-77634)
[종목 : 검도]
[시설소개 : ]
경기 용인시 기흥구 보정로 109 (보정동, 현대프라자) 605호 세반검도관
제이케롬빌리아드(716-25-00146)
[종목 : 당구]
[시설소개 : 인천서구
  최고에시설 및 환경
좋은 대대구장 대대 최신형8대
중대3포켓1대이뿐 메니져 항시 상주]
인천 서구 마전동 979-17 검단프라자 3층 제이빌리아드
신봉스크린골프(135-21-40152)
[종목 : 스크린골프]
[시설소개 :
  스크린
신봉스크린
외식타운
스크린골프]
경기 용인시 수지구 신봉1로369번길 8 (신봉동) 신봉스크린골프
유니당구클럽(119-31-23956)
[종목 : 당구]
[시설소개 : 가브리엘
  라팔 13대,
160평 규모의 3쿠션 대대 전용 당구클럽으로 35점
  현 PBA 프로선수 상주를 비롯해 다양한 핸디의 고객들로 구성되어 언제든 혼자 오셔도 원활한 매칭으로 게임을 즐기실수 있습니다..]
인천 남동구 논현동 645-1 에이스프라자 3층
에스엔복싱짐(205-96-42253)
[종목 : 복싱]
[시설소개 : ]
경기 부천시 송내동 370 4층
핏-BORN(106-46-04791)
[종목 : 필라테스,헬스클럽 (헬스PT,필라테스PT)]
[시설소개 : 안녕하세요.
핏본 휘트니스 필라테스입니다.
저희는 그룹 필라테스 개인 필라테스 웨이트PT(다이어트 선수 체형교정)전문 센터입니다.]
경기 남양주시 와부읍 덕소로 278 (도곡리, 강변스포렉스) 6층 1,2,3,4 호
무림합기도(389-94-01110)
[종목 : 합기도]
[시설소개 : ]
경기 수원시 권선구 세권로304번길 52
  (권선동, 권선프라자) 5층 무림합기도
퀸즈바디(625-64-00607)
[종목 : 요가필라테스]
[시설소개 :
  100%리얼 기구필라테스 & 플라잉요가 & 번지]
경기 성남시 수정구 수정로 69 (태평동, 대명빌딩) B1
모어앤 폴댄스 스튜디오(557-28-00854)
[종목 : 폴댄스]
[시설소개 : 광명역
  최초 폴댄스 스튜디오입니다
1:1 개인레슨 / 2:1 듀엣레슨 진행 중이에요 :)]
경기 광명시 일직로 22 (일직동, 광명역
  효성 해링턴타워 The First) 222호
리슨필라테스(288-40-00590)
[종목 : 필라테스]
[시설소개 : ]
경기 화성시 동탄순환대로 127-19 (산척동, 동탄에스비타운) 1008호
필라테스&k(828-42-00219)
[종목 : 필라테스]
[시설소개 : ]
인천 부평구 이규보로 145 (십정동, 백운타운) 3층
엠에스짐(566-13-00913)
[종목 : 스피닝]
[시설소개 :
  스피닝전문센터]
경기 화성시 동탄지성로 320 (반월동, 신풍프라자) 305호
벨라인 휘트니스(507-29-00098)
[종목 : 헬스장]
[시설소개 : 분당
  여성전용 휘트니스, 미금역 8번출구, 미금 헬스]
경기 성남시 분당구 성남대로 165 (금곡동,
  천사의도시1 오피스텔) 지하 1층 벨라인 휘트니스
용인대태권도(181-92-00018)
[종목 : 태권도]
[시설소개 : ]
인천 서구 고산후로95번길 20 (당하동, 힘찬프라자) 502호
조아짐(122-51-96808)
[종목 : 스포츠]
[시설소개 : 소규모
  종합 체육시설
유아.유소년 체육수업]
경기 김포시 풍무2로 31 (풍무동) 성화빌딩 3층
용인재 박사 백호 태권도(142-91-12583)
[종목 : 태권도]
[시설소개 : ]
경기 용인시 수지구 정평로 40-1
  (풍덕천동, 거묵상가1) 거묵상가5층 용인대 박사 백호 태권도
노블레스빌리어드(411-32-01044)
[종목 : 당구장]
[시설소개 : ]
경기 의정부시 호국로 1426 (금오동,
  태진빌딩) 태진빌딩3층 노블레스빌리어드
위드테니스아카데미(동탄)(194-04-02295)
[종목 : 실내테니스장]
[시설소개 :
  동탄 레슨전문 실내테니스장입니다.]
경기 화성시 동탄신리천로 406 (목동) 리더스퀘어 701~704
그로우짐(622-04-77011)
[종목 : 헬스]
[시설소개 : ]
경기 용인시 수지구 현암로 139 (죽전동, 동산프라자) 4층 그로우짐
제니스짐(226-57-00571)
[종목 : 헬스]
[시설소개 : ]
경기 수원시 팔달구 덕영대로 905
  (매산로1가, 아이메카 상가) 11층 제니스짐
톤필라테스(234-02-02129)
[종목 : 필라테스]
[시설소개 : ]
경기 양주시 옥정로7길 9-19 (옥정동) 다산프라자 305호
주식회사
  브레이브힐에프앤피(협회점)(811-85-01556)
[종목 : 기구필라테스]
[시설소개 :
  기구필라테스]
경기 남양주시 의안로 129-3 (평내동, 동부프라자) 2층 201-2호
스포츠당구클럽(109-19-97314)
[종목 : 당구장]
[시설소개 : ]
경기 남양주시 사릉로 14 (금곡동, 금곡프라자) 4층 405호
모던필라테스 시흥은계점(351-79-00281)
[종목 : 필라테스]
[시설소개 :
  은계지구 필라테스 전문스튜디오]
경기 시흥시 은계번영길 2 (은행동, 서미프라자) 302호
모던필라테스 일산킨텍스점(288-02-01864)
[종목 : 필라테스]
[시설소개 :
  아름다운 몸을 만들고 건강한 삶을 연구하는 모던필라테스 일산 킨텍스점 입니다.]
경기 고양시 일산동구 태극로 11 (장항동,
  일산 한류월드 유보라 더 스마트) 214호 모던필라테스 일산 킨텍스점
더블유짐 천천7호점(124-52-41515)
[종목 : 체력단련장/헬스]
[시설소개
  : 체력단련장/헬스
천천동 최고의 헬스장
천천동 헬스
천천동 헬스장
천천동 PT
천천동 피티
1개 지점 등록으로 전 지점 이용가능]
경기 수원시 장안구 천천동 528-4 9층 더블유짐 천천7호점
별내점핑하다다이어트(484-01-01446)
[종목 : 점핑다이어트, 점핑운동, 그룹운동]
[시설소개 : 점핑운동 + 레이탐찜질 두가지를 즐기는 다이어트클럽! 취향에 따라 선태하세요:) 지루하지 않고 신나고 재미있게,
  무릎과 허리에 무리가 없이 ""유산소+근력운동+영양쉐이크"" 까지! 운동으로 빠지지 않는살! 체온을 올려 편하게 살빼자!
  독소배출로 면역력까지 업! 레이탐찜질다이어트! 다이어트식단vip프로그램시 점핑/찜질 서비스제공 ♥︎
카톡상담 : jin2hada / 01088872456]
경기 남양주시 별내중앙로 30 (별내동)
  로데오몰 2층 208호 별내점핑하다
골프존파크 가장조아점(510-16-15525)
[종목 : 스크린골프]
[시설소개 :
  골프존파크 가장조아점입니다]
경기 오산시 가장산업서로 23-17 (가장동) 골프존파크 가장조아점
태풍태권도체육관(122-91-08111)
[종목 : 태권도]
[시설소개 :
  부개주공7단지 후문위치]
인천 부평구 부흥로 420 (부개동, 주화빌딩) 403호
제로피트니스(841-02-01817)
[종목 : 헬스]
[시설소개 :
https://map.naver.com/v5/search/%EC%A0%9C%EB%A1%9C%ED%94%BC%ED%8A%B8%EB%8B%88%EC%8A%A4/place/1195736737?placePath=%3Fentry=pll%26from=nx%26fromNxList=true&c=14101691.2925134,4496649.4132511,15,0,0,0,dh]
인천 연수구 연수동 599-1 이리옴3빌딩 2층 제로피트니스
지오필라테스 오정점(501-03-53409)
[종목 : 필라테스]
[시설소개 : ]
경기 부천시 오정로 254 (오정동) 4층 지오필라테스
PACE트레이닝센터(159-35-00702)
[종목 : 헬스]
[시설소개 : ]
경기 수원시 장안구 율전동 151-1 3층
신나는점핑(점핑하이 의왕역점)(618-39-01208)
[종목 : 점핑피트니스]
[시설소개 :
  ]
경기 의왕시 부곡시장3길 5 (삼동) 2층 신나는점핑다이어트
갈곶동점핑(732-03-30049)
[종목 : 점핑]
[시설소개 :
  갈곶점핑]
경기 오산시 오산로 67 (갈곶동, 헤어붐헤어비스) 2층 데일리뉴트리션
한양대 성포태권도(134-92-65922)
[종목 : 태권도]
[시설소개 : ]
경기 안산시 상록구 성포로 15 (성포동,
  선경상가 비동) 2층 201호 한양대 성포태권도
레이크프리미엄 골프존파크(677-33-00415)
[종목 : 스크린골프]
[시설소개 : ]
경기 화성시 동탄순환대로 127-23 (산척동, 우성에듀파크) 9층
탑스크린 골프존(122-28-47314)
[종목 : 스크린골프]
[시설소개 : ]
인천 부평구 충선로203번길 16 (삼산동, 창성프라자) 2층 탑스크린
용인대수영유아짐(282-08-00189)
[종목 : 유아체육]
[시설소개 : ]
경기 화성시 봉담읍 수영로 61-14
  (수영리, 한울마을 신창비바패밀리아파트) 신창1단지 상가205호
고투(GOTO)피트니스 신흥점(117-81-89883)
[종목 : 체력단련장업]
[시설소개 :
  ]
경기 성남시 수정구 시민로 165 (신흥동,
  샤르망) B1 고투피트니스 신흥점
점프업 줄넘기 센터(512-90-70785)
[종목 : 줄넘기]
[시설소개 : ]
인천 서구 마전동 1006-11 2층 1호
유니드필라테스 부천1호점(520-51-00637)
[종목 : 필라테스]
[시설소개 :
  부천역에 위치한 여성전문 기구필라테스스튜디오 입니다.]
경기 부천시 부천로 50-1 (심곡동, 오성빌딩) 3층 유니드필라테스
경희대삼성태권도(743-92-00422)
[종목 : 태권도]
[시설소개 :
  아이들에게 진심인 도장♡♡
사랑과 웃음이 넘치는 행복한 도장♡♡
우리 아이들에게 태권도를 통해 행복을 선물해주세요~♡♡]
경기 양주시 회정로 134 (덕정동, 두리테크 덕정타운) 5층 507호
댄스랑요가랑(648-09-01390)
[종목 : 댄스요가]
[시설소개 : ]
인천 부평구 굴포로 48 (갈산동) 대호빌딩3층 댄스랑요가랑
한양대스타태권도장(878-95-00637)
[종목 : 태권도]
[시설소개 : ]
경기 군포시 송부로 42 (도마교동, 송정더드림) 6층 한양대스타태권도장
인하대 강남 태권도(121-91-25591)
[종목 : 체육도장]
[시설소개 : ]
인천 미추홀구 소성로 120 (학익동, 동아,풍림아파트) 상가 3층
피크오브필라테스 분당이매점(193-94-01504)
[종목 : 필라테스]
[시설소개 : ]
경기 성남시 분당구 판교로 442 (이매동, 우일프라자빌딩) 2층 202호
한국파워점핑줄넘기(817-93-01317)
[종목 : 줄넘기]
[시설소개 : ]
경기 안양시 동안구 귀인로 204 (평촌동,
  마루빌딩) 2층 2호 한국파워점핑 줄넘기
더필라테스(306-10-52671)
[종목 : 필라테스]
[시설소개 : 용인
  동백에 위치한
대형 기구필라테스 전문센터 입니다.]
경기 용인시 기흥구 동백중앙로 265 (중동, 더엠) 503,504호
빈필라앤번지(334-31-01041)
[종목 : 필라테스]
[시설소개 : ]
경기 포천시 신읍동 51-21 빈필라앤번지 2층
캐롬당구장(416-32-63948)
[종목 : 당구]
[시설소개 : ]
인천 미추홀구 토금중로 58 (용현동) 2층 캐롬당구장
영풍합기도검도(801-93-01495)
[종목 : 해동검도]
[시설소개 : ]
경기 시흥시 장현능곡로 11 (장곡동) 에프엠타워 4층402호
필라테스스튜디오블뤼엔(407-08-20620)
[종목 : 필라테스]
[시설소개 :
  동인천 1:1 개인레슨 기구필라테스]
인천 중구 우현로 60-1 (용동, 아이티아카데미,김밥집) 2층
검단팀타이거복싱짐(134-93-08802)
[종목 : 복싱, 권투]
[시설소개 :
  정통복싱, 다이어트, 키즈복싱 전문 검단팀타이거복싱짐입니다.]
인천 서구 원당대로 676 (당하동, 제일아이조움) 5층 501호
케이풀 어린이 수영장(642-81-01821)
[종목 : 수영장]
[시설소개 : ]
경기 화성시 봉담읍 삼천병마로 1315
  (수영리, 동남메리트아파트) 동남 상가 지하1층 케이풀 어린이 수영장
글램스튜디오(109-29-95504)
[종목 : 폴댄스]
[시설소개 : 동탄
  최초 폴댄스전문학원 폴댄스 플라잉요가 취미반 키즈반 전문가반 운영중 네일아트 샵인샵 이용가늘]
경기 화성시 능동 1113-3 5층
닛시필라테스(성복점)(703-78-00049)
[종목 : 필라테스]
[시설소개 : ]
경기 용인시 수지구 성복동 139 1층 닛시필라테스
골프존파크 식사 월드점(604-11-98506)
[종목 : 스크린골프]
[시설소개 :
  최신 시설의 골프존파크
항상 친절한 미소로 최선을 다하는 명품 스크린골프]
경기 고양시 일산동구 은행마을로 46-5 (식사동) 골프존파크 식사월드점
충무회인성도장(617-92-67459)
[종목 : 태권도]
[시설소개 : 네]
경기 화성시 비봉면 양노로 42 (양노리) 2층
용인검도관(392-97-00914)
[종목 : 검도]
[시설소개 : 검도
  교육 시설]
경기 용인시 처인구 명지로40번길 15-17 (역북동) 4층 용인검도관
주앤필라테스(343-03-01815)
[종목 : 필라테스]
[시설소개 : ]
경기 수원시 영통구 하동 989 C동 지하1층 124호 JU&Pilates
퀸즈바디(347-20-01420)
[종목 : 필라테스, 요가]
[시설소개
  : 기구필라테스&요가]
경기 군포시 산본로343번길 9 (산본동, 성진빌딩) 4층
바나함(502-50-12458)
[종목 : 요가]
[시설소개 : 호흡과
  요가아사나로 마음과 몸의 힘을 기릅니다.
다양한 스타일의 요가와 명상으로 삶의 균형을 찾고 질을 향상 시킵니다.]
경기 안산시 단원구 예술대학로 17 (고잔동,
  안산중앙노블레스) 707호 바나함요가
루루태권스쿨(134-92-67935)
[종목 : 태권도]
[시설소개 : ]
경기 안산시 상록구 중보로 23 (이동) 501호
레이크프리미엄골프아카데미(GDR)(511-17-90655)
[종목 : 골프연습장]
[시설소개 : ]
경기 화성시 동탄순환대로 127-23 (산척동, 우성에듀파크) 9층
팀케이농구교실(137-91-87156)
[종목 : 농구교실]
[시설소개 :
  팀케이농구교실
부평서구점 입니다.]
인천 서구 가좌로83번길 46 (가좌동) 팀케이농구교실
용인대수영태권도(124-92-76698)
[종목 : 태권도]
[시설소개 : ]
경기 화성시 봉담읍 수영리 673 신창2단지 상가201호
JMC줄넘기(곡반정점)(693-95-00792)
[종목 : 줄넘기]
[시설소개 : ]
경기 수원시 권선구 곡선로 36 (곡반정동) 2층
국제키즈스포츠스쿨(129-95-16911)
[종목 : 수영장]
[시설소개 : 저희
  국제키즈는 수영장 이며 인천 청라에서 수업을 가장 잘 가르치는 것으로 유명합니다 청라 최대규모와 엘리트 선수출신 강사들로 구성되어 소규모
  그룹으로 수업을 진행하며 어린이 초보자 부터 성인반 자세교정을 위주로 어느곳 보다 섬세하게 맞춤형 형식으로 수업을 진행하고 있습니다]
인천 서구 청라커낼로 163 (청라동,
  청라29블럭호반베르디움) 정문상가 지하9-10호
LINE UP 댄스 앤
  휘트니스(664-12-00127)
[종목 : 방송댄스,다이어트댄스,에어로빅,트램플린다이어트댄스]
[시설소개 : ]
경기 화성시 효행로 1051 (진안동, 메인프라자) 610호
PT사이언스짐(509-04-63965)
[종목 : 퍼스널트레이닝]
[시설소개 :
  ]
경기 시흥시 은계번영길 11 (은행동, 은계프라자) 704호
보니따필라테스 파주금촌점(519-05-02069)
[종목 : 필라테스]
[시설소개 : ]
경기 파주시 금빛로 18 (금촌동, 드림타운) 302호, 파주금촌점
베스트유소년축구클럽(408-61-00020)
[종목 : 축구 교실]
[시설소개 :
  베스트FC]
경기 남양주시 다산동 6019 아지타워 4층 베스트 유소년 축구 클럽
(남동구)해솔태권도장(604-97-01835)
[종목 : 태권도]
[시설소개 : ]
인천 남동구 서창남순환로 60 (서창동) 서해빌딩 2층 201호
비타민휘트니스 4호점(823-17-01303)
[종목 : 헬스장]
[시설소개 : ]
경기 수원시 장안구 화산로233번길 46
  (율전동, 콩마을) 2층 비타민휘트니스
오산태권도장(124-91-39570)
[종목 : 태권도]
[시설소개 : ]
경기 오산시 오산로348번길 3 (궐동) 202호
경희대삼미태권도(228-91-01513)
[종목 : 태권도]
[시설소개 : 태권도
  & 파워점핑 줄넘기 교육관]
경기 오산시 문시로 183-30 (외삼미동) 영인프라자 301호,302호
빅토리짐(549-16-00184)
[종목 : 헬스]
[시설소개 : 1대1
  개인레슨 전문 헬스장]
경기 광명시 소하로109번길 24 (소하동) 성현빌딩 302호 빅토리짐
sfa스포츠(수내점)(872-95-00226)
[종목 : 어린이 축구, 농구, 인라인 등]
[시설소개 : SFA스포츠 수내점 입니다.]
경기 성남시 분당구 수내동 32 양지마을 청구상가 2층
커브스도농클럽(511-37-00791)
[종목 : 체력단련장]
[시설소개 : ]
경기 남양주시 도농로 32 (다산동,
  부영그린타운) 부영중앙상가 5층 커브스
필라테스 주 스튜디오(279-14-00957)
[종목 : 필라테스]
[시설소개 : ]
경기 화성시 봉담읍 와우로 24 (와우리)
  도원프라자 a동 305호 필라테스 주 스튜디오
내몸에필라테스(365-47-00649)
[종목 : 필라테스]
[시설소개 :
  1:1전문 필라테스]
경기 광명시 일직동 510-8 골드스타3층
e편한대대클럽(732-23-01288)
[종목 : 당구장]
[시설소개 :
  국제식테이블 5대 운영]
경기 안산시 상록구 장화2길 9 (사동) 3층
리프레쉬피트니스(105-42-82966)
[종목 : 헬스장]
[시설소개 :
  리프레쉬피트니스 목감3호점 헬스.PT 전문]
경기 시흥시 목감둘레로 253-35 (조남동) 예스프라자 7층 1.2.3.4호
태룡관합기도 무극도장(134-29-44682)
[종목 : 합기도]
[시설소개 : 실전
  호신술 전문도장
쌍절곤, 봉술, 낙법 수련]
경기 안산시 상록구 석호로 105 (사동) 2층 태룡관합기도
부천아쉬탕가요가(847-11-01710)
[종목 : 요가]
[시설소개 : ]
경기 부천시 소향로 35 (상동, 월드 프라자) 703호 부천아쉬탕가요가
경희대태권스쿨(131-92-36883)
[종목 : 태권도]
[시설소개 : ]
인천 남동구 독곡로 46 (서창동) 2층
바디타임즈 휘트니스(안산)(897-11-00716)
[종목 : 헬스장]
[시설소개 : ]
경기 안산시 상록구 중보로 23 (이동) 노브랜드건물 4층
한국체대 가온태권도장(887-93-00660)
[종목 : 태권도]
[시설소개 : ]
경기 화성시 동탄순환대로 263 (산척동) 풍산리치안타워 601,602호
즐거운 베스트 태권도(137-90-76477)
[종목 : 태권도]
[시설소개 : ]
인천 서구 검암동 628 삼보아파트 상가 2층
큐당구장(468-15-01233)
[종목 : 당구장]
[시설소개 : ]
인천 남동구 서창남로 42 (서창동, 서창스퀘어) 402호 큐당구장
화서 주짓수(136-23-00569)
[종목 : 주짓수]
[시설소개 : 수원시
  화서동 주짓수 전문 도장 입니다.]
경기 수원시 팔달구 덕영대로697번길 17
  (화서동, 그린프라자) 5층 506호
매화태권도(263-95-01547)
[종목 : 태권도]
[시설소개 :
  음악줄넘기 & 태권도]
인천 연수구 신송로 166 (송도동, 플러스원프라자) 401호 매화태권도
힐스게이트짐(834-13-00228)
[종목 : 헬스]
[시설소개 : 아담하고
  조용한 헬스장입니다.옛날 감성 느끼고 운동하실분은 오세요. 운동 지도도 무료로 해드립니다.^-^]
경기 군포시 금정동 743-17 3층
예담 효 태권도장(631-97-01351)
[종목 : 태권도]
[시설소개 : ]
인천 남동구 소래역남로 12 (논현동, 거목프라자) 6층 603,604호
필라테스 스페이스(793-05-01881)
[종목 : 필라테스]
[시설소개 :
  필라테스를 위한 공간, 필라테스 스페이스
재활/체력증진/체형교정/기구필라테스 전문]
인천 연수구 하모니로 158 (송도동, 송도타임스페이스) b동 601호
자이언트당구카페(369-18-00262)
[종목 : 당구장]
[시설소개 : 대대
  6대 (입장료 5.0 / 게임당 6.0)
중대 7대 (10분1800 / 평일 인당1만 정액제 시행)]
인천 서구 중봉대로 594 (청라동,
  청라비전프라자) 8층 자이언트당구카페
부천 와이어 격투갤러리 주짓수(663-10-00528)
[종목 : 주짓수]
[시설소개 : 7년차
  부천 신중동역 대표 주짓수 체육관!]
경기 부천시 소향로 249 (중동, 동아빌딩) 3층 부천 와이어 격투갤러리
상일태권도(130-92-85135)
[종목 : 태권도]
[시설소개 : 상동
  태권도장
상지초 송내초 중동초 상도초]
경기 부천시 상동 235 3층 태권도
피피티짐(148-42-00729)
[종목 : 실내체육시설]
[시설소개 :
  1:1피티샵]
경기 용인시 처인구 동부로24번길 6-33 (마평동, 마평원룸) 지하
줌바,요가(515-37-14676)
[종목 : 줌바댄스]
[시설소개 :
  신나는 라틴음악과 함께 1000칼로리 소모!!!
다이어트 최고 효과~~
각종 댄스도 경험하세요!!]
경기 김포시 사우중로 48 (사우동, 드림월드프라자) 205호
화성흑범 봉담점(601-28-72636)
[종목 : 킥복싱]
[시설소개 : ]
경기 화성시 봉담읍 동화길 93-2 (동화리) 제이스프라자 703호 화성흑범
블뤼엔기구필라테스(752-07-01448)
[종목 : 필라테스]
[시설소개 :
  동인천 3:1 소그룹레슨 기구필라테스]
인천 중구 우현로 70 (용동, 하루,달동네빈대떡,아이큐하우스) 301호
대한검도회 학무검도관(146-94-00606)
[종목 : 검도]
[시설소개 :
  안녕하세요
15wkc 전 검도국가대표 김태현관장님이
직접지도하는
루원시티 대한검도회 학무검도관 입니다
032)563-0522 언제든 문의주세요❤️
(수련시간)
1부 3시20분~4시10분
2부 5시30분~6시20분
3부 7시10분~8시
4부 8시30분~9시20분]
인천 서구 봉오재3로 90 (가정동, 한일골드타워) 6층 602호 학무검도관
스크린사격타겟존 수원매탄점(726-52-00324)
[종목 : 사격]
[시설소개 :
  클레이사격, 양궁, 글록권총, K2소총, 공기소총, 공기권총까지 나이 제한없이 누구가 즐길 수 있는 고품질 실내 스크린사격장입니다.]
경기 수원시 영통구 효원로 383 (매탄동, 매탄프라자) 203호
피움필라테스(508-60-79193)
[종목 : 필라테스]
[시설소개 : ]
인천 서구 서곶로 837 (당하동) 201호
요가쿨라(108-64-00378)
[종목 : 요가.필라테스]
[시설소개 :
  요가.필라테스.플라잉]
인천 서구 청라커낼로288번길 10 (청라동, 더스페이스타워) 408호
스크린골프SG 향남점(899-07-01811)
[종목 : 스크린골프]
[시설소개 : 룸
  6개이고 시설 깨끗합니다.]
경기 화성시 향남읍 발안로 64 (행정리,
  복남프라자) 3층 스크린골프 SG 향남점
피렉스 휘트니스 클럽(331-09-01717)
[종목 : 실내체육시설]
[시설소개 :
https://blog.naver.com/PostView.naver?blogId=filexfitness&logNo=222097797885&categoryNo=6&parentCategoryNo=6]
인천 서구 원당대로 660 (당하동, 영프라자) 9층 피렉스 휘트니스
팀와이번주짓수(715-35-00439)
[종목 : 주짓수 합기도]
[시설소개 :
  ]
인천 연수구 봉재산로44번길 2 (동춘동) 동춘프라자4층 팀와이번
다짐필라테스호계점(334-16-01510)
[종목 : 기구필라테스]
[시설소개 :
  기구필라테스]
경기 안양시 동안구 경수대로555번길 9 (호계동) 대호빌딩 2층 202호
에스비에스(SBS)스크린골프연습장(840-45-00433)
[종목 : 스크린골프]
[시설소개 : ]
경기 용인시 처인구 동부로6번길 10 (마평동) 2층
한체대태권도아카데미(134-90-39809)
[종목 : 태권도]
[시설소개 :
  초당초등학교정문앞위치]
경기 안산시 상록구 초당로 28 (사동) 2층
아이누리수영장(684-96-00456)
[종목 : 수영장]
[시설소개 : ]
경기 화성시 동탄순환대로 617 (청계동)
  범환프라자 지하1층 아이누리 수영장
행복한동행 왕호태권도장(137-91-86308)
[종목 : 태권도]
[시설소개 : ]
인천 서구 검암로 53 (검암동, 풍림아이원2차) 상가동 203,204호
강유유도관(147-93-00790)
[종목 : 유도]
[시설소개 : 1부
  PM 6:00 ~ 7:00 (유지부,초등부,증등부)
2부 PM 7:30 ~ 9:00 (중등부,고등부,대학부,일반부)]
인천 미추홀구 매소홀로 466 (학익동) 지하 1층 강유유도관
고투(GOTO)피트니스 범계점(117-81-89883)
[종목 : 체력단련장업]
[시설소개 :
  ]
경기 안양시 동안구 비산동 1107 10층 고투피트니스 범계점
당구야놀자(284-01-01865)
[종목 : 당구장]
[시설소개 : ]
경기 부천시 중동 1130-2 신영프라자 3층
더핫요가(132-25-98901)
[종목 : 요가]
[시설소개 : 양평
  요가 전문 스튜디오
양평요가 양평필라테스 양평플라잉요가]
경기 양평군 양평읍 시민로39번길 22 (양근리, 대우빌딩) 3층 더핫요가
라붐필라테스(390-11-01927)
[종목 : 필라테스]
[시설소개 :
  소하2동 필라테스]
경기 광명시 오리로 372 (소하동) 3층 라붐필라테스
탄우짐(250-27-01125)
[종목 : 스피닝]
[시설소개 :
  재키사이클패밀리클럽]
경기 평택시 송탄로 398 (지산동) 2층 탄우짐
힐링복싱다이어트(180-92-00126)
[종목 : 복싱]
[시설소개 :
  힐링복싱&피티]
인천 부평구 경원대로 1274 (부평동) 3,5층
야탑골 스크린골프(474-34-00977)
[종목 : 스크린골프]
[시설소개 :
  친절하고 깨끗한 스크린골프장입니다.]
경기 성남시 분당구 야탑로69번길 21 (야탑동, 영진다이비스상가) 5층
송도스크린골프(카카오VX송도점)(771-81-00566)
[종목 : 스크린골프]
[시설소개 : ]
인천 연수구 테크노파크로111번길 9
  (송도동, 케이피타워) 4층 카카오VX 송도점
이천유나이티드풋볼클럽(502-94-49338)
[종목 : 축구.풋살]
[시설소개 : ]
경기 이천시 호법면 이섭대천로 865-23
  (유산리) 이천유나이티드풋볼클럽
이루다GYM(779-60-00551)
[종목 : PT]
[시설소개 : ]
경기 안성시 공도읍 공도4로 3 (만정리,
  우성메디컬프라자) 204호 이루다GYM
더블유(W)필라테스 병점점(227-17-91652)
[종목 : 필라테스]
[시설소개 :
  필라테스 시설 최대 크기
넓은 주차장/전문 강사진 / 기구&소도구 필라테스]
경기 화성시 병점동 844-1 씨네샤르망 B동
헬로키즈풀(718-94-00454)
[종목 : 수영]
[시설소개 :
  안녕하세요.어린이 전용 수영장 헬로 키즈풀((구)비전 어린이 수영장) 입니다.
25m 6레인으로 해수풀을 이용하여,아이들에게 체계적으로 수영을 지도 하고 있습니다.]
경기 평택시 평택1로 48 (비전동) 지하2층 ,헬로키즈풀
머슬케어필라테스 오산세교점(246-03-02148)
[종목 : 필라테스]
[시설소개 :
  머슬케필라테스 오산세교점]
경기 오산시 오산대역로 214 (수청동,
  G플레이스 오산) 205호 머슬케어필라테스
단미핫요가(344-46-00214)
[종목 : 요가]
[시설소개 :
  화성남양요가 필라테스]
경기 화성시 남양읍 남양성지로 38 (남양리) 2층 단미핫요가
하늘스크린(141-28-01056)
[종목 : 골프스크린]
[시설소개 :
  골프 스크린연습장]
경기 고양시 덕양구 서정로 1 (행신동) 3층 하늘스크린
상무한양태권도(140-90-53238)
[종목 : 태권도]
[시설소개 : ]
경기 광명시 철산동 240 2층 212호
주식회사 모아이앤씨(325-81-01381)
[종목 : 수영]
[시설소개 : 김포
  구래동 유일 25M 정규레인 수영장]
경기 김포시 김포한강9로76번길 63 (구래동) 409호
아띠필라테스(580-42-00850)
[종목 : 필라테스]
[시설소개 : 동탄
  최고의 기구필라테스 전문 시설.
중동탄에 위치해 있으며 기구필라테스 4대기구 모두 모유하고 있습니다.
그룹 기구필라테스 4:1 / 듀엣 2:1 / 개인 1:1 소규모 인원으로만 강습이 운영되고 있습니다.]
경기 화성시 동탄신리천로 414 (목동) 5층
수원팀치빈(135-92-36416)
[종목 : 복싱, 킥복싱, 무에타이]
[시설소개 : ]
경기 수원시 장안구 정조로 915 (영화동, 서울당구장) 4층
해솔KTIGERS태권도(712-94-00999)
[종목 : 태권도]
[시설소개 :
  안산자이1차 태권도장]
경기 안산시 상록구 해양4로 31 (사동,
  그랑시티자이) 자이115동상가202호
경희대한빛태권도장(427-98-00463)
[종목 : 태권도]
[시설소개 : ]
경기 화성시 동탄순환대로27길 45 (영천동,
  동탄역 센트럴 예미지) 상가동 108,109,110호
경희대아이스타태권도장(554-91-00204)
[종목 : 태권도]
[시설소개 : ]
인천 서구 고산후로121번길 21 (원당동, LG프라자) 501호
용인대호랑이태권도장(121-91-92275)
[종목 : 태권도]
[시설소개 : ]
인천 미추홀구 문학동 378-21 3층
강호킥복싱(511-19-07413)
[종목 : 킥복싱]
[시설소개 : 킥복싱
  전문도장]
경기 안양시 만안구 박달로 352 (박달동,
  대림한숲타운아파트 상가동) 상가2층
풋살축구야구실내풋살(0192744210)
[종목 : 풋살]
[시설소개 : 고양시
  실내풋살장
실내 야구연습장2]
경기 고양시 일산동구 성석동 1075-125 가동 2층
고양 명성태권도장(349-94-00850)
[종목 : 태권도]
[시설소개 : ]
경기 고양시 덕양구 화신로 31 (행신동, 무원마을2단지) 상가 2층
원필라테스 동탄호수공원점(544-06-01670)
[종목 : 기구필라테스]
[시설소개 :
  재활, 산전산후 전문 필라테스 센터,
원필라테스 동탄호수공원점입니다:)
언제든지 문의주세요
카카오톡 플러스 친구 ID 원필라테스 동탄호수공원점]
경기 화성시 동탄대로 182 (산척동) 레이크파로스 401호
프린세스벨리(123-34-73209)
[종목 : 벨리댄스,폴댄스 기타예술관련사업]
[시설소개 : 벨리댄스, 폴댄스]
경기 안양시 만안구 장내로 95 (안양동) 2층,안양동
고양태양태권도장(128-93-84071)
[종목 : 태권도]
[시설소개 : ]
경기 고양시 덕양구 화수로 48 (화정동,
  화정세빛어린이집) 분산상가 2층 태양태권도장
히트앤핏상동(704-90-01529)
[종목 : 크로스핏/킥복싱/개인PT 남녀노소 누구나 즐겁게 운동하는 공간]
[시설소개 : 크로스핏/킥복싱/개인PT 남녀노소 누구나 즐겁게 운동하는
  공간]
경기 부천시 상동로 105 (상동, 현해프라자) 2층 히트앤핏
리더스당구클럽(680-33-00750)
[종목 : 당구장]
[시설소개 :
  병점중심상가 농협건물 5층에위치]
경기 화성시 효행로 1068 (병점동, 리더스프라자) 501호
KA태권도체대입시(122-92-16277)
[종목 : 태권도]
[시설소개 :
  최초의 태권도전문입시원으로써 16년 연속 명문 4년제 대학교 태권도학과
100% 합격률을 기록하고 있는 최고의 태권도입시원, KA태권도체대입시입니다.
여러분에 태권도학과 입학을 도와드리겠습니다.]
인천 부평구 경인로 789 (십정동, 서광빌딩) 서광빌딩 B1, 3층
도담태권스쿨(407-91-06163)
[종목 : 태권도]
[시설소개 : ]
경기 구리시 갈매순환로 92 (갈매동) 502-504
티케이바디핏(538-36-00921)
[종목 : PT]
[시설소개 : 송도
  8공구에 위치한 프라이빗 PT샵입니다.]
인천 연수구 아트센터대로168번길 100
  (송도동, 한라 웨스턴파크 송도) F동 240~241호
제이에프씨(567-87-01278)
[종목 : 축구]
[시설소개 : ]
경기 고양시 일산동구 애니골길 97 (풍동) 비동 101호
리라필라테스&댄스(김포점)(585-45-00593)
[종목 : 필라테스, 댄스, 필라인무브]
[시설소개 : 라라 필라테스& 댄스는 기구필라테스, 필라인무브,댄스의 전문복합공간입니다
<리라필라테스&댄스>센터는
무용전공, 체대 출신 및 경희대학교 대학원 스포츠의학 전공 강사진들의
김포에서
퀄리티높은 필라테스와, 필라인무브 수업 자부합니다^^]
경기 김포시 풍무로 112 (풍무동) 4층(풍무동, 미산빌딩)
피크오브필라테스 수원정자점(726-60-00557)
[종목 : 필라테스]
[시설소개 :
  필라테스]
경기 수원시 장안구 정자천로173번길 11-3 (정자동) 뱅뱅프라자401
e편한대대클럽(732-23-01288)
[종목 : 당구장]
[시설소개 :
  국제식테이블 전용구장입니다]
경기 안산시 상록구 장화2길 9 (사동) 3층
골프존레드(122-56-00613)
[종목 : 스크린골프장]
[시설소개 :
  골프존 파크 가맹점으로 실내 스크린골프장입니다.]
경기 광명시 오리로 639 (하안동, 한솔 빌딩) 지하1층,3층
필라테스인뉴욕(129-31-97232)
[종목 : 필라테스]
[시설소개 :
  Since2005필라테스인뉴욕
- 명품 STOTT 필라테스기구완비-
-파워플레이트 PRO5-
-코어 얼라인-
-실크 써스펜션-]
경기 성남시 분당구 정자동 174-1 상가2층 G1호 필라테스인뉴욕
파워점프 점핑 & 찜질
  다이어트(614-37-00765)
[종목 : 점핑&찜질 다이어트]
[시설소개 : -트램폴린 점핑 & 찜질 다이어트입니다. -고객님들의 살을 강력하게 타파해드립니다. -요요없는 건강한
  다이어트 파워점프입니다.]
경기 화성시 동탄순환대로 26 (장지동) 골든프라자2 3층 308호
타우요가 주엽점(774-72-00146)
[종목 : 요가, 기구 필라테스]
[시설소개 : 프리미엄 요가 프랜차이즈 타우요가
기구필라테스와 함께하는 타우요가
골든스퀘어 주엽점
쾌적한 1:1 / 2:1 프라이빗한 기구필라테스
6:1 그룹필라테스]
경기 고양시 일산서구 중앙로 1406
  (주엽동, 한솔코아(주)) 2층 타우요가필라테스 주엽점
합기도용무관(용무익스트림합기도)(121-16-69438)
[종목 : 합기도]
[시설소개 : ]
인천 남동구 만수로 9 (만수동) 5층
용무익스트림합기도
요가해보리(885-48-00500)
[종목 : 요가]
[시설소개 : 1:4
  소수정예 하타요가원 입니다.]
경기 수원시 팔달구 세지로314번길 17-19
  (지동, 삼호아파트) 101동201호
753탁구(512-41-00729)
[종목 : 탁구장]
[시설소개 : ]
경기 광명시 도덕로 17 (광명동, 원광빌딩) 3층 탁구장
안성 최강태권도(454-93-00795)
[종목 : 안성시 공도읍 용인대 최강태권도장]
[시설소개 : 안성시 공도읍 에 위치한
온가족이 함께하는 무위 최강태권도장입니다
1관 만정초범 2관 공도초점]
경기 안성시 공도읍 공도로 51-14
  (용두리, 우미린 더퍼스트(상가)) 정문상가 2층 용인대최강태권도
용인대 영천태권도(776-92-00719)
[종목 : 태권도]
[시설소개 : ]
경기 화성시 동탄순환대로29길 60 (영천동) 2층
열정태권도(428-95-00150)
[종목 : 태권도]
[시설소개 : ]
인천 서구 서달로163번길 4 (가정동, 한국상가) 한국상가 3층
신용일유아태권도(121-90-98781)
[종목 : 태권도]
[시설소개 : ]
인천 미추홀구 인주대로 253 (주안동) 2층
강호합기도(216-95-11151)
[종목 : 합기도]
[시설소개 :
  대한체육회가입 합기도장]
경기 안양시 만안구 박달로 352 (박달동,
  대림한숲타운아파트 상가동) 상가2층
최강드림태권도(123-92-45455)
[종목 : 태권도]
[시설소개 : ]
경기 군포시 산본동 1088-3 1층 최강드림태권도
경희대 강찬 태권도(143-90-13894)
[종목 : 태권도]
[시설소개 : ]
경기 광주시 중앙로123번길 16-3 (경안동) 2층
선호합기도(688-90-01310)
[종목 : 합기도]
[시설소개 : ]
인천 연수구 앵고개로 260 (동춘동, 맘모스빌딩) 409-411
닥터필라테스 수원영통점(720-12-01668)
[종목 : 필라테스]
[시설소개 :
  스포츠의학 석·박사진이 운영하고 체육학, 체형교정학 전공 강사진이 상주하는
최고가 준비한, 최고를 위한 공간 [닥터필라테스] 입니다.
저희는 영통에서 유일하게 100% 대기구 필라테스로 1:1 개인레슨 & 3:1 소수정예 그룹레슨을
진행하고 있습니다.
회원간의 안전거리 준수와 함께 기구 사이 안전가람막 설치완료!
매일 공간 살균 뿐만 아니라 매시간 소독 및 방역을 실시하여 회원님들께 보다
안전하고 안심할 수 있는 공간을 만들어드리기 위해 노력하고 있습니다.]
경기 수원시 영통구 봉영로 1569 (영통동,
  NEW WORLD PLAZA) 6층 610호
오이이핏 수지점(522fit
  수지점)(650-54-00467)
[종목 : 헬스 pt]
[시설소개 : ]
경기 용인시 수지구 성복2로 17 (성복동, 골드프라자1) 2층 522fit
라이즈짐 오포초교점(756-58-00399)
[종목 : 헬스장]
[시설소개 :
  경기광주 라이즈짐 오포초교점입니다!
추자리 고산리 문형리 유일의 최고급 헬스장!]
경기 광주시 오포읍 오포안로 253 (추자리) 2층
비타민당구장(855-65-00321)
[종목 : 당구장]
[시설소개 :
  조용하고깨끗한 대대전용당구장]
인천 계양구 효성동 302-9 3층 비타민당구장
언니네필라테스부평남부역(381-96-01366)
[종목 : 필라테스]
[시설소개 : ]
인천 부평구 경인로 947 (부평동,
  태성메디칼) 6층 언니네필라테스부평남부역
S.O GYM(에스오짐)2호점(203-17-68136)
[종목 : 체력단련장(헬스장, 피트니스센터)]
[시설소개 : ]
인천 강화군 강화읍 중앙로 27 (남산리, 성용프라자) 3층
케이필라테스스튜디오(189-66-00221)
[종목 : 필라테스]
[시설소개 : ]
경기 평택시 송탄로 66 (이충동) 이충프라자 203호
라니휘트니스(564-39-00770)
[종목 : 실내체육시설/체력단련장]
[시설소개 : ]
경기 안산시 단원구 달미로 64 (선부동,
  롯데마트) 롯데마트5층 라니휘트니스
선정유도체육관(517-94-01108)
[종목 : 유도]
[시설소개 : ]
경기 광주시 벌원길 64-3 (탄벌동) 동보아파트상가 202호
더킹복싱(269-94-00573)
[종목 : 복싱]
[시설소개 : ]
경기 남양주시 경춘로 390 (다산동) 3층
루다폴댄스(192-09-01674)
[종목 : 폴댄스]
[시설소개 : ]
경기 파주시 청암로17번길 21 (목동동) 7층 703호
주식회사 싹다(875-88-01468)
[종목 : 실내스크린골프]
[시설소개 :
  별내 최고의 스크린골프장 입니다.]
경기 남양주시 별내중앙로 30 (별내동) 10층
우성태권도체육관(137-90-83323)
[종목 : 태권도]
[시설소개 : ]
인천 서구 연희동 735-1 상가3층
에이스골프아카데미(665-26-00826)
[종목 : 골프연습장]
[시설소개 : ]
경기 성남시 분당구 황새울로258번길 28
  (수내동, 한도회관빌딩) 5층 에이스골프아카데미
원평스크린골프(329-35-00280)
[종목 : 스크린곮프]
[시설소개 :
  최신시설 완비! 넓은주차공간!주차무료!!무엇하나 빠지는게 없는 최상의 서비스로 최고의 당신을 모십니다
(총6좌석,좌타1석)]
경기 안양시 만안구 만안로 259 (안양동) 원평노블레스11차 지하1층
최강태권도장(560-93-00294)
[종목 : 안성시 최강태권도]
[시설소개
  : 안녕하세요
안성시 공도읍 무위 최강태권도장입니다
1관 만정초점 2관공도초점 을 운영하는 무위만에 체계적인 태권도수련을 통해온가족이 함께 건강과 행목만들어 드립니다 태권!]
경기 안성시 공도읍 송원길 37 (만정리) 4층 무위 최강태권도장
리베라 스크린(138-13-73623)
[종목 : 스크린골프]
[시설소개 : ]
경기 화성시 동탄신리천로 268 (오산동) 베라프라자 4층
서곶JW태권도장(137-91-95689)
[종목 : 태권도]
[시설소개 : ]
인천 서구 심곡동 323-1 2층 서곶JW태권도장
석사 체육관(131-90-30420)
[종목 : 태권도]
[시설소개 : ]
인천 미추홀구 인주대로 261 (주안동, 금호빌딩) 2층
태권도에반하다(247-96-01028)
[종목 : 태권도]
[시설소개 : ]
경기 의왕시 계원대학로 20 (내손동,
  우성메디컬센타) 502호 태권도에반하다
퍼펙트바디(116-07-16034)
[종목 : 헬스]
[시설소개 : 헬스
  스피닝 요가 플라잉요가 번지플라이 400평규모 멀티 휘트니스]
경기 안산시 단원구 달미로 63 (선부동, 한양프라자) 지하1,2층
퍼펙트바디(561-46-00522)
[종목 : 헬스 필라테스 스피닝 줌바 에어로빅]
[시설소개 : PT 헬스 필라테스 스피닝
줌바
  에어로빅등
다양한운동을 할수있는 대형 토탈 휘트니스]
경기 화성시 동탄중심상가1길 8 (반송동, 워터밸리) 5층
5150피트니스(682-08-01812)
[종목 : 헬스,GX,PT]
[시설소개
  : 헬스,GX,PT]
경기 고양시 일산서구 중앙로 1564
  (대화동, 그린월드) 그린월드 빌딩 7층
존프랭클 송탄 주짓수(611-06-65260)
[종목 : 주짓수]
[시설소개 :
  존프랭클 송탄 주짓수 던전은
21년도 경기도 대표 선수 직접 지도중이며
키즈부 성인부 모집중입니다]
경기 평택시 지산로 80 (지산동) 4층
미니진필라테스스튜디오(773-04-01861)
[종목 : 필라테스]
[시설소개 :
  기분좋은 뷰 아래, 나의 몸 움직임을 느껴보세요.
여유롭고 편안한 필라테스 스튜디오.
1:1 , 1:2 , 1:4 레슨 기반으로 전문적인 기구필라테흐 레슨을 통해 보다 아름다운 몸과 마음을 가꿔보세요.
리포머 트라페즈(캐포머)최신식 기구로 세팅되어 ,
비좁은 공간이 아닌 여유있는 공간으로 최고의 움직임을 배워가실수 있습니다.]
경기 수원시 영통구 청명로 65 (영통동) MJ빌딩 4층
스포츠라인 클라이밍(771-11-01581)
[종목 : 클라이밍]
[시설소개 :
  덕이동 클라이밍 업더월 일산]
경기 고양시 일산서구 경의로 805 (덕이동) 클라이밍 업더월 일산
베스트(Best)내유태권도장(128-91-13820)
[종목 : 태권도]
[시설소개 :
  안전하고 쾌적한 환경,
즐거움이 가득한 Best내유태권도장]
경기 고양시 덕양구 유산길 35 (내유동) 2층 베스트(Best)내유태권도장
굿샷스크린(565-14-01600)
[종목 : 스크린골프]
[시설소개 :
  무인시스템으로편하게 즐길수있습니다]
경기 오산시 밀머리로 64 (원동, 다짐프라자) 2층 204. 205호
에이스짐(575-13-01497)
[종목 : 실내체육시설, 헬스장]
[시설소개 : ]
인천 강화군 강화읍 강화대로404번길 7
  (관청리, 그랑프리) 3층 에이스짐
SK경희대미래태권도(776-99-01361)
[종목 : 태권도]
[시설소개 : ]
인천 연수구 랜드마크로 19 (송도동, 송도
  SK VIEW) 후문 단지내상가 2동 파리바게트 2층 (경희대 미래 태권도)
아인스유도관(246-96-00249)
[종목 : 유도]
[시설소개 : ]
인천 연수구 신송로 166 (송도동, 플러스원프라자) 5층 502호
제이쓰리 스크린골프(815-63-00431)
[종목 : 스크린골프]
[시설소개 :
  오산시 최저가 스크린골프 환급대상업체]
경기 오산시 오산로132번길 28-19 (원동, 승희프라자) 401호
브이에스이(VSE) 골프마스터(721-18-01533)
[종목 : 골프연습장(운동),
운동 및
  경기용품 소매업]
[시설소개 : 1:1 맞춤레슨을 전문으로 하며
  보이스케디(VSE) 시뮬레이터를 기반으로 하는 스크린 골프연습장 입니다.]
경기 고양시 덕양구 화중로 98 (화정동,
  광성빌딩) 지하층 201호, 204호, 205호,206호
깊은뿌리 태권도장(680-97-01159)
[종목 : 태권도]
[시설소개 : 열심히
  수련하는 태권도장입니다]
인천 연수구 함박뫼로 22 (청학동) 2층
연세복싱(130-92-69149)
[종목 : 복싱]
[시설소개 : 시합용
  링보유,런닝머신 4,스탠드자전거 2,
스피드볼 3,볼링볼 2,샌드백 3,턱걸이 2,
팔굽혀펴기 1,윗몸일으키기 1,
밴치 플레이스 1, 하이 플라이머신1,
버터 플라이머신 1,아령 10,단벨 5,
72인치 삼성TV 와 음향시설 완비,
노트북 3대,와이파이.]
경기 부천시 부천로 107 (심곡동) 3층 연세복싱
VIP GYM(801-27-01054)
[종목 : 헬스 / PT]
[시설소개 :
  ]
경기 오산시 운천로 79 (오산동, 월하빌딩) 4층 401호 VIP GYM
스윗밸런스타우요가 부천중동점(844-08-01647)
[종목 : 요가]
[시설소개 : 11월
  타우요가 ‘부천중동점’ 단독 프로모션!!
★ TAO STAY ‘타우 스테이’ 이벤트
- 요가 수업 1회 무료체험(3만원 상당)
- 체험 후 당일 등록시 프리미엄 한식 브랜드
‘그김에’ 1만원 상품권 증정
- 선착순 15명!!
★ 1주년 기념 가격할인 행사중
- 자세한 내용은 전화 혹은 카카오톡 문의
---------------------------------------------
타우요가 ‘부천중동점’ 만의 혜택과 장점!!
- 부천 최고 규모와 시설
- 커플요가 / 부부요가 / 남자요가
- 전문 강사진과 체계적인 수업
- 20여개의 다양한 요가 프로그램
- 효율적인 횟수 차감제 방식
- 회원전용 혜택 ‘스윗밸런스' 샐러드, 커피 5% 할인
---------------------------------------------
▶무료 주차 2시간가능
▶신중동역 2분거리
▶남,녀 탈의실 및 개별 샤워부스
▶30평 규모의 넓고 쾌적한 수련실
▶회원권 시작일 지정 가능
---------------------------------------------
타우요가는
국내 최대 요가 프랜차이즈
국내 최대 요가 프로그램
국내 최고 요가 교육메카
프리미엄 요가 스튜디오입니다]
경기 부천시 신흥로 190 (중동,
  위브더스테이트) 103동 1층 115호 스윗밸런스
경희대월드태권도장(124-92-08394)
[종목 : 태권도]
[시설소개 : ]
경기 광명시 도덕공원로 54 (철산동) 4층 경희대월드태권도장
골프존파크 회천옥정중앙점(818-09-01489)
[종목 : 스크린골프]
[시설소개 : ]
경기 양주시 옥정로 196 (옥정동) 파스텔시티10층
11473
브릭스스크린골프존(576-01-01861)
[종목 : 스크린골프]
[시설소개 : ]
경기 남양주시 경춘로 368 (다산동,
  브릭스타워) 215 브릭스스크린골프존
(주)지엘스포츠(734-88-01978)
[종목 : 골프]
[시설소개 : ]
경기 고양시 일산동구 동국로 194 (식사동) 1층 지엘스크린
동광태권도(125-91-19204)
[종목 : 태권도]
[시설소개 :
  유아체육,초등부,중등부,고등부,일반부
태권도 전문 도장]
경기 안성시 서운로 791-11 (중리동, 동광아파트) 3층303호 동광태권도
잇츠필라테스(442-44-00509)
[종목 : 기구필라테스]
[시설소개 :
  ]
경기 화성시 동탄영천로 81-5 (영천동) 골든프라자 310.311호
JM골프클럽(137-19-92110)
[종목 : 골프]
[시설소개 : ]
인천 서구 청라에메랄드로102번길 8
  (청라동, 우성메디피아) 10층 JM골프클럽
바디홀릭 필라테스 간석점(738-37-00469)
[종목 : 필라테스]
[시설소개 : ]
인천 미추홀구 주안로213번길 10-1 (주안동, 그린부페웨딩홀) 4층
가산골프존(393-05-01527)
[종목 : 스크린골프]
[시설소개 : ]
인천 남동구 논고개로 71 (논현동, 가산타워) 1201호
셀럽짐(524-06-02073)
[종목 : 헬스장]
[시설소개 :
  다이어트, 근력증가, 체력증진]
경기 고양시 일산서구 주엽로 134 (주엽동, 일산시대프라자) 3층 셀럽짐
시화멀티짐(798-92-00704)
[종목 : 유도]
[시설소개 :
  시화멀티짐(유도,복싱)]
경기 시흥시 중심상가로 152 (정왕동, 원프라자) 5층
나임골프아카데미(575-31-00828)
[종목 : 골프연습장]
[시설소개 :
  청라 실내골프연습장 레슨의 달인]
인천 서구 청라에메랄드로102번길 8-22 (청라동, 미라클프라자) 406호
한양대 예성태권도장(253-96-00266)
[종목 : 태권도]
[시설소개 : ]
경기 안양시 동안구 관악대로374번길 12 (관양동) 2층호
MMA크로스핏.킥복싱(687-07-00752)
[종목 : 킥복싱]
[시설소개 : ]
경기 광명시 광명로 823 (광명동, 현대타운) 2층 203호
문라이트짐(348-06-02348)
[종목 : PT,헬스]
[시설소개 :
  *100평대 pt전문스튜디오
*현역선수로만 이루어진
검증된 경력,자격의 최강강사진
*가정동내 최저가 보장
*머신 최다보유(약25여종)
*개인샤워부스완비]
인천 서구 염곡로464번길 7 (가정동) 성도메디피아 503,504호
라이즈짐 양벌(172-17-01748)
[종목 : 헬스장]
[시설소개 :
  경기광주 라이즈짐 양벌점입니다!
양벌리고 최고 최대규모 프리미엄 헬스장입니다!]
경기 광주시 오포읍 양벌로 188 (양벌리) 3층
필라테스 아미 보정점(351-16-01586)
[종목 : 필라테스]
[시설소개 :
  필라테스 아미는 세계적인 필라테스 & 피트니스 브랜드로 유명한 캐나다 Merrithew 사의 Stott Pilates의 교육과
  자격을 보유한 검증된 경력을 갖춘 선생님들과 함께 합니다.
모든 기구는 캐나다 스탓 필라테스 기구를 사용하며 그 외 재활과 발란스 운동에 적합한 유명 브랜드의 도구를 사용합니다. (Red
  balance TOGU)
21년 8월 신규오픈한 필라테스 센터로 넓고 쾌적한 환경에서 개인레슨과 그룹레슨을 시작해보세요
체형교정, 산전산후, 재활 필라테스 등 다양한 운동프로그램을 운영하고 있습니다.]
경기 용인시 기흥구 죽전로 20 (보정동,
  죽전누리에뜰아파트) 죽전누리에뜰 상가 A동 4층 404호
인하서태권도장(131-91-54303)
[종목 : 태권도]
[시설소개 :
  태권도, 유아체육 전문도장]
인천 남동구 함박뫼로 441 (논현동) 논현빌딩 2층
에스핏휘트니스(140-11-00129)
[종목 : 헬스]
[시설소개 : 여성전용
  헬스장]
경기 시흥시 호현로10번길 17 (신천동, 한영빌딩) 4층 에스핏휘트니스
본주짓수 목감(567-19-00859)
[종목 : 주짓수]
[시설소개 : 목감에
  위치한 성인.어린이.여성.유아 전문
주짓수 체육관]
경기 시흥시 조남동 657 키움프라자 403호
한빛태권도아카데미(121-91-89839)
[종목 : 태권도]
[시설소개 : 인천
  관교동에 위치한 한빛태권도 입니다. 감사합니다]
인천 미추홀구 주승로 159 (관교동) 2층한빛태권도
운동가짐 별내점(260-02-02017)
[종목 : 헬스장]
[시설소개 :
  안녕하세요. 별내 북부 최고의 시설을 갖춘 운동가짐 별내점입니다.
헬스 및 그룹 , 1:1 필라테스 또한 이용 가능하니 많은 문의 바랍니다.]
경기 남양주시 덕송1로55번길 10 (별내동) 7층 운동가짐 별내점
경희대석사인성태권도(122-90-56523)
[종목 : 태권도]
[시설소개 : ]
인천 서구 청마로167번길 3 (당하동, 대우프라자) 405호
VIP GYM(821-28-00551)
[종목 : 헬스 / PT]
[시설소개 :
  ]
경기 용인시 수지구 만현로 20 (상현동, 성산빌딩) 501호 VIP GYM
(주)브레이브힐 묵현(174-85-01461)
[종목 : 헬스]
[시설소개 : 헬스
  PT 스피닝]
경기 남양주시 화도읍 먹갓로 3 (묵현리) 3층 1호(아베뉴빌딩)
인창 대원합기도(449-41-00284)
[종목 : 합기도]
[시설소개 : ]
경기 구리시 건원대로34번길 15 (인창동,
  구리인창파킹프라자) 2층 대원합기도
명도태권도체육관(135-91-11005)
[종목 : 태권도]
[시설소개 : ]
경기 용인시 처인구 양지면 한터로541번길
  26 (대대리, 명도태권도) 437-2
리스펙짐 마두점(387-28-01119)
[종목 : 피트니스]
[시설소개 :
  🌟600평대 초대형 헬스장
🌟편리한 교통시설 (마두역 7번출구 바로 앞)
🌟리스펙짐의 최고급 시설
1⃣최신식 머신 총 60여종 입고 !!
2⃣유산소 머신 개별 칸막이 설치 !!
3⃣개인 프라이빗 샤워부스 완비 !!
4⃣대형 G.X룸 운영 !! (줌바, 다이어트 댄스, 필록싱,
  요가, 필라테스)
5⃣최신 자판기, 커피 차 무료제공 !! (카페테리아)
6⃣바디프랜드 안마기, 세라잼 V6, 반신욕기 입고
  !!
7⃣VIP님들을 위한 Room !!
8⃣SNS 인생샷 가능한 포토존 !!
8⃣수시로 청소와 소독 진행 !!
9⃣회원님의 재활치료를 위한 트레이너 상시대기 !!]
경기 고양시 일산동구 마두동 802 뉴삼창빌딩 9층
안성주짓수(653-31-00114)
[종목 : 주짓수]
[시설소개 : 안성시
  정통 브라질리언 주짓수 체육관입니다.
스탠딩(유도 & 레슬링) × 그라운드 모두 가능한 그래플링 전문 체육관 입니다.]
경기 안성시 안성맞춤대로 1087-1 (연지동) 1층
용인대국가대표태권도(135-92-35585)
[종목 : 태권도]
[시설소개 : ]
경기 화성시 동탄지성로 141 (능동, 아크리아) 502호
아이캔합기도(307-97-01953)
[종목 : 합기도]
[시설소개 : ]
인천 서구 청라에메랄드로102번길 8 (청라동, 우성메디피아) 307호
라이온체육관(495-93-00118)
[종목 : 태권도합기도]
[시설소개 :
  ]
인천 부평구 주부토로 100 (부평동) 2층
리베필라테스(409-28-93146)
[종목 : 필라테스]
[시설소개 :
  의정부 녹양동에 위치한 리베필라테스입니다.]
경기 의정부시 비우로 85 (녹양동) 3층
디오엠(493-33-00739)
[종목 : 스크린골프]
[시설소개 : ]
경기 시흥시 은계번영길 13 (은행동, 아리테타워) 아리테타워5층
웨스턴짐(185-20-01481)
[종목 : 헬스장]
[시설소개 :
  400평 헬스장, 웨이트머신50종, 유산소머신36종
12월초 머신11종 추가 입고 예정]
경기 수원시 영통구 청명남로 21 (영통동, 아셈프라자) 8층 웨스턴짐
작대기당구장(392-11-00899)
[종목 : 당구장]
[시설소개 : ]
경기 부천시 까치로 93 (작동) 2층
실내암벽클라임홀릭(862-13-00131)
[종목 : 클라이밍]
[시설소개 : ]
경기 안양시 동안구 인덕원로30번길 18
  (관양동) 지하 실내암벽 클라임홀릭
뉴서울볼링장(608-47-60641)
[종목 : 볼링장]
[시설소개 : ]
경기 고양시 일산서구 중앙로 1371
  (주엽동, 강선마을13단지아파트) 지하 1층 뉴서울볼링장
플레이짐&고양오리온스농구클럽(606-66-00202)
[종목 : 축구,농구,인라인]
[시설소개
  : 농구,축구,인라인 전문 유소년 스포츠센터]
경기 고양시 덕양구 화중로104번길 24 (화정동, 송화빌딩) 지하1층
대림고려태권도체육관(123-91-75985)
[종목 : 태권도]
[시설소개 : ]
경기 안양시 만안구 경수대로 1194 (석수동) 대림상가 210호
MMA크로스핏.킥복싱(687-07-00752)
[종목 : 킥복싱]
[시설소개 :
  MMA크로스핏.킥복싱 ROUGH ZONE 입니다.]
경기 광명시 광명로 823 (광명동, 현대타운) 2층 203호
빅토리짐(224-21-51774)
[종목 : 헬스]
[시설소개 :
  500평규모 프리미엄 헬스장 !
13가지 브랜드 머신 60종이상의 머신
천국의계단 인클라인트레드밀(미러링가능) 마이마운틴
현역 선수들로 구성된 강사진!]
경기 안성시 아양1로 77-10 (옥산동) 해천프라자 4층
경희대에이스태권도(674-98-00356)
[종목 : 태권도]
[시설소개 : ]
경기 파주시 교하로 83 (목동동) 동광프라자 6층
시그널휘트니스(348-46-00517)
[종목 : 헬스장]
[시설소개 : ]
경기 평택시 장당길 43-4 (장당동, 아트프라자) 아트프라자 4층
글라이트번지앤요가(406-02-52980)
[종목 : 줌바]
[시설소개 : ]
인천 미추홀구 숙골로 124 (도화동, 와이지타워) 201호
송도블루오션골프클럽(주)(131-86-49766)
[종목 : 피트니스]
[시설소개 : ]
인천 연수구 지식기반로 152 (송도동,
  송도블루오션골프클럽) 송도블루오션골프클럽(주)
용인대무학태권도(124-92-95263)
[종목 : 태권도]
[시설소개 : 기산동
용인대무학태권도]
경기 화성시 동탄지성로 300 (기산동) 2층
고려대 영 타이거 태권도장(132-92-32876)
[종목 : 태권도]
[시설소개 : ]
경기 구리시 건원대로76번길 41 (인창동, 한마음유치원) 3층
송우리검도교실(231-90-04275)
[종목 : 검도]
[시설소개 : ]
경기 포천시 소흘읍 송우로 76 (송우리, 랜드프라자) 304
프렌즈스크린 화성시청점(408-20-63717)
[종목 : 실내골프연습장]
[시설소개 :
  화성시청 근처(자가용 3분 거리) 신규 실내 골프 연습장으로 넓고 쾌적한 시설에서 회원분들의 골프 실력
향상을 위해 최적화 된 곳입니다. 레슨프로가 상주 하고 있으며 19개 타석을 보유 하고 있어 대기 없이
시설을 이용 하실 수 있습니다.]
경기 화성시 남양읍 시청로 7 (남양리) 위더스프라자 5층
하늘태권도(618-94-10399)
[종목 : 태권도]
[시설소개 : ]
경기 안성시 공도읍 진건중길 15-9
  (진사리, 우림루미아트아파트) 3층 하늘태권도
㈜중앙스포츠(126-81-60333)
[종목 : 골프연습장]
[시설소개 : ]
경기 광주시 오포읍 대명대길 18-25 (능평리) 중앙골프연습장
경희대 신봉 태권도(689-92-00088)
[종목 : 태권도]
[시설소개 : ]
경기 용인시 수지구 신봉3로 1 (신봉동,
  진성프라자2) 3층 경희대 신봉 태권도
jn폴댄스(770-27-00412)
[종목 : 폴댄스]
[시설소개 :
  성남폴댄스/모란폴댄스/분당폴댄스]
경기 성남시 중원구 광명로 13 (성남동) 3층
이일천골프(501-31-38022)
[종목 : 스크린골프]
[시설소개 : ]
경기 성남시 중원구 사기막골로105번길 25
  (상대원동, 중앙인더스피아2아파트형공장) 207호
팀컨트롤(안성무에타이)(595-35-00849)
[종목 : 무에타이(킥복싱)]
[시설소개
  : 대한무에타이 소속 정통 무에타이 전문 체육관입니다.
기본적이 타격 부터 고급 타격까지 순차적으로 배워 나갑니다.]
경기 안성시 안성맞춤대로 1087-1 (연지동) 2층
동탄천하태권도장(381-90-00410)
[종목 : 태권도]
[시설소개 : ]
경기 화성시 동탄지성로 143 (능동, 에버스타) 501,502호 천하태권도장
(주)케이아레나(218-87-01315)
[종목 : 농구]
[시설소개 :
  인천광역시 연수구 소재 유소년(유치원, 초, 중, 고) 농구 전문 스포츠 클럽입니다.]
인천 연수구 새말로 27 (연수동, 동남아파트) 3층, 301호
노블스위밍랩 영종하늘도시센터(874-28-00900)
[종목 : 수영]
[시설소개 : 대한민국
  대표
어린이 수영 레슨 전문 교육기관
생존수영교육 전문기관
노블스위밍랩 영종하늘도시센터 8호점 입니다.]
인천 중구 하늘달빛로 94 (중산동)
  스타타워1, 4층 409호 노블스위밍랩 영종하늘도시센터
볼트스크린골프(850-13-01194)
[종목 : 골프]
[시설소개 : ]
경기 의정부시 서부로 707 (가능동) 3층
볼트스크린
동탄경희대lionsrar태권도장(447-99-01143)
[종목 : 태권도]
[시설소개 : ]
경기 화성시 동탄기흥로353번길 99-7 (오산동) 안강프라이빗에듀4층
점프윙스줄넘기클럽(567-37-00590)
[종목 : 줄넘기클럽]
[시설소개 :
  즐겁게 운동할 수 있는곳]
경기 김포시 마산동 646-3 다빈치상가501호
충의태권도(370-96-00784)
[종목 : 충의태권도]
[시설소개 : ]
경기 김포시 양촌읍 양곡리 1262 2층 충의태권도
바디홀릭 기구필라테스
  일산가좌점(111-28-75144)
[종목 : 필라테스]
[시설소개 : ]
경기 고양시 일산서구 가좌3로 11 (가좌동,
  오성프라자) 2층 바디홀릭 필라테스
현무태권도장(229-97-01070)
[종목 : 태권도]
[시설소개 :
  #현무도장 #푸른초태권도장 #쌍령동태권도장#태권도#현무태권도장]
경기 광주시 경충대로1461번길 26 (쌍령동) 3층
럭키짐(230-69-00267)
[종목 : 헬스, PT, 태닝]
[시설소개 : 고양시 화정동/3호선 화정역 3번출구 바로 앞 동원텔 위치 !! 헬스, PT 태닝]
경기 고양시 덕양구 화정로 47 (화정동, 동원텔) 지하1층
라온케네스짐 (팀루츠 라온짐)(437-03-00163)
[종목 : 주짓수 킥복싱]
[시설소개 :
  구월동 아시아드선수촌 주짓수&킥복싱입니다
네이버 또는 인스타그램에 팀루츠 라온짐을
검색해보세요^^!!!]
인천 남동구 구월동 285-11 대성빌딩4층 팀루츠 라온짐
누아요가(222-36-00424)
[종목 : 요가]
[시설소개 : ]
경기 김포시 김포한강1로 230 (운양동) 8층819호
그린골프(216-88-00087)
[종목 : 스크린골73]
[시설소개 :
  가상체험 스크린 골프]
경기 수원시 권선구 입북로43번길 8 (입북동) 3층
해동검도영풍관(134-91-06265)
[종목 : 해동검도]
[시설소개 : ]
경기 안산시 단원구 라성안길 17 (원곡동, 베스트플라자) 3층 306-1,2호
용인대 삼일 태권도(134-92-58789)
[종목 : 태권도]
[시설소개 : 칭찬과
  격려로 지도하는 용인대 삼일 태권도장 입니다^^.]
경기 안산시 상록구 안산천동로2길 8
  (월피동, 한양아파트 상가3동) 용인대 삼일 태권도
SFA스포츠(수내점)(872-95-00226)
[종목 : 축구, 농구 등]
[시설소개
  : 안녕하세요...""WE RUN WITH...SFA"" SFA스포츠파크
분당 수내점 입니다.]
경기 성남시 분당구 수내동 32 양지마을 청구아파트 상가 2층
바디인사이드(293-92-00951)
[종목 : 헬스PT]
[시설소개 :
  PT.재활전문 토탈헬스케어 바디인사이드 월20만원]
인천 남동구 인주대로623번길 60 (구월동, 구월빌딩) 5층
라이프타임짐(880-65-00370)
[종목 : 필라테스, 그룹피티, 개인피티]
[시설소개 : 여성전용 그룹피티 및 개인피티 및 필라테스]
경기 남양주시 화도읍 창현로 19 (창현리,
  보람아트) 보람아트프라자 2층 라이프타임짐
한국체대 천마태권도장(472-95-01267)
[종목 : 태권도]
[시설소개 : ]
경기 화성시 동탄대로8길 64 (산척동) 상아프라자 2층
용문 vip당구클럽(202-36-01827)
[종목 : 당구장]
[시설소개 : ]
경기 양평군 용문면 용문시장3길 9 (다문리) 2층 vip당구클럽
브리딘필라테스(237-28-00722)
[종목 : 필라테스]
[시설소개 :
  감염병 예방을 위한 1:1 PT 및 2:1 Duet을 전문적으로
필라테스를 할 수 있는 공간으로써
차별화되고 체계적인 프로그램으로 운영되고 있습니다]
경기 성남시 분당구 성남대로331번길 7
  (정자동, 정자스타빌딩) 정자스타빌딩 504호
H2유소년스포츠클럽(132-92-66982)
[종목 : 인라인, 축구, 농구]
[시설소개 : ]
경기 구리시 수택동 656-2 태양마트2층 H2스포츠클럽
렛츠점핑 (Let's
  Jumping)(546-06-01036)
[종목 : 점핑운동]
[시설소개 :
  누구나 쉽고 재밌게 따라할 수 있는 점핑운동 Jumping]
경기 안양시 동안구 관악대로 103 (비산동, 103에비뉴) 10층 1006호
펀핑줄넘기클럽(388-26-00083)
[종목 : 줄넘기]
[시설소개 :
  안녕하세요^^
줄넘기를 이용한 특허받은 병점 최초의 줄넘기 전문학원입니다.
병점의 건강지킴이 펀핑줄넘기학원으로 건강 선물 받으러 오세요♡]
경기 화성시 병점서로 31-6 (병점동,
  신창프라자) 306호 펀핑줄넘기전문교육관
부광탁구클럽(626-44-00354)
[종목 : 탁구]
[시설소개 : ]
경기 부천시 석천로170번길 19 (중동, 부광프라자) 지하1층
율요가(676-12-00023)
[종목 : 요가]
[시설소개 :
  부곡동율요가]
경기 안산시 상록구 부곡동 533-3 2층
LS파워점핑줄넘기클럽&LS경희대태권도(205-90-12058)
[종목 : 줄넘기]
[시설소개 : ]
경기 광주시 태전동로 29 (태전동) 태전프라자 4층 401호
점핑하이본오석호점(203-13-11047)
[종목 : 점핑피트니스]
[시설소개 :
  한국체육대학교 사회체육전공 전문강사가 운영하는 오리지널 점핑피트니스센터입니다.
체력및 근력강화. 다이어트. 키성장운동에 좋은 점핑으로 건강해지세요^^]
경기 안산시 상록구 본오동 834-4 3층
덕양중앙태권도장(392-99-00295)
[종목 : 태권도]
[시설소개 : ]
경기 고양시 덕양구 행신동 637-34 3층 중앙태권도장
제이탑짐(258-10-00684)
[종목 : 복싱]
[시설소개 : ]
경기 성남시 중원구 상대원동 1374 4층
NEW당구클럽(149-76-00130)
[종목 : 당구장]
[시설소개 :
  NEW당구클럽]
경기 군포시 고산로151번길 3 (당정동, SK프라자) 3층 뉴당구클럽
라이즈짐 초월(252-12-01812)
[종목 : 헬스장]
[시설소개 :
  경기광주 초월점
이태리명품 파나타머신 풀셋팅
럭셔리 헬스장입니다!]
경기 광주시 초월읍 경충대로 1229 (대쌍령리) 2층
점핑디바(729-42-00775)
[종목 : 점핑운동]
[시설소개 : ]
경기 안산시 단원구 새뿔길 47 (신길동, 엘림교회) 3층301호
영풍합기도검도(511-93-74061)
[종목 : 합기도, 해동검도]
[시설소개
  : ]
경기 안산시 단원구 화랑로 160 (초지동,
  단지내 상가) 메트로상가
3층 312호
용인대청룡태권도장(142-91-19515)
[종목 : 태권도]
[시설소개 : ]
경기 용인시 수지구 탄천상로 19 (죽전동, 중앙프라자) 302호
무덕검도관(107-93-02510)
[종목 : 검도]
[시설소개 : 새롭게
  단장하여 다시 시작합니다.]
경기 성남시 분당구 미금로 63 (구미동,
  무지개마을) 상가내 지하1호 무덕검도관
자마이카
  피트니스&골프아카데미(231-85-04325)
[종목 : 피트니스. 골프아카데미]
[시설소개 : 자마이카 피트니스는 최선 기구와 환경속에서 헬스, 골프(GDR아카데미), 요가는 물론, 다양한 GX와 같은
  프로그램을 마련하여 함께 호흡하고 함께 즐길 수 있는 공간입니다.]
경기 안양시 동안구 평촌대로243번길 30 (비산동, 샤크존) 11층
한국파워점핑(231-99-01228)
[종목 : 줄넘기]
[시설소개 :
  줄넘기학원]
경기 부천시 양지로 234-10 (옥길동,
  제이드카운티1단지) 상가동 204,205,206,207호
아레아필라테스앤피티약대점(325-35-00731)
[종목 : 기구필라테스, 헬스피티]
[시설소개 : 안녕하세요 약대동 유일한 기구필라테스 스튜디오 입니다!!!]
경기 부천시 평천로 708 (약대동) 5층
인싸이드 짐(736-15-01567)
[종목 : 체육관]
[시설소개 :
  안녕하세요.
인싸이드짐 입니다.]
인천 남동구 백범로 350 (간석동) 3층 인싸이드짐
파주프렌즈축구클럽(123-39-02183)
[종목 : 축구]
[시설소개 :
  파주프렌즈축구클럽
(파주운정FC)입니다]
경기 파주시 오도로 87 (오도동) 파주프렌즈축구클럽
아지트짐(412-07-62358)
[종목 : 헬스]
[시설소개 : ]
경기 김포시 김포한강4로 531 (구래동) 제이스프라자 7층 아지트짐
로즈비점핑다이어트(211-78-00249)
[종목 : 점핑다이어트]
[시설소개 :
  ]
경기 양주시 옥정로7길 9-19 (옥정동) 301호
K-1 복싱(210-94-74490)
[종목 : 무에타이 킥복싱 복싱]
[시설소개 : 안양삼산 무에타이 킥복싱 체육관 입니다🥊
•키즈킥복싱
•자신감UP
•스트레스해소
•남녀노소 누구나
•다이어트
•체력관리
수련시간은 월요일~금요일
오후 2시부터 10시까지 입니다.
위치
안양시 동안구 관악대로 296
수촌마을 버스정류장 앞 조마루감자탕 4층 입니다.
시간되실때 언제든지 방문해 주세요^^]
경기 안양시 동안구 관악대로296번길 8
  (관양동) 다산빌딩 4층 무에타이체육관
아람태권도장(121-95-12906)
[종목 : 태권도]
[시설소개 :
  아람태권도장
경기도 화성시 진안동에 위치한
태권도 생활스포츠 및 공인&자유품새 전문(체대입시) 태권도장입니다.
일반 태권도와 전문 태권도가 공존하는 곳!]
경기 화성시 병점중앙로170번길 23 (진안동) 3층 아람태권도장
이천MTA태권도(135-90-96614)
[종목 : 태권도]
[시설소개 :
  이천MTA태권도]
경기 이천시 부발읍 신아로92번길 50-14 (아미리) 이천MTA태권도
한국체대천마태권도장(167-95-01064)
[종목 : 태권도]
[시설소개 : 고양시
  향동동 숲내초앞 파리바게투 4층 한국체대천마태권도장입니다]
경기 고양시 덕양구 향기로 56 (향동동) 스카이타워4층
필라테스율(308-88-00881)
[종목 : 필라테스]
[시설소개 :
  시설명 : 필라테스율
주식회사 율리너 종사업장 지점운영 (사업자등록증 뒷면 확인)]
경기 이천시 이섭대천로 1229 (창전동, 이천IS타워빌딩) 8층 필라테스율
원펀치 쓰리칼로리(693-99-00295)
[종목 : 복싱장]
[시설소개 : 원펀치
  쓰리칼로리]
경기 군포시 산본로323번길 13 (산본동, 군포상가) 6층
제이토탈휘트니스-양벌리점(758-45-00416)
[종목 : 헬스장]
[시설소개 : ]
경기 광주시 오포읍 양촌길 103-12 (양벌리) 1층 제이휘트니스
타이거현대태권도(231-99-00063)
[종목 : 태권도]
[시설소개 :
  아이들을 사랑으로 지도하는 부부진 태권도 입니다.
유치부반과 초등부 반이 따로 개설대여 잊고 체육관은 1관,2관으로 나누어 수련합니다
시범단 & 입시 태권도같이 운영합니다.]
경기 남양주시 오남읍 진건오남로690번길 9
  (오남리) 2층 타이거현대태권도
검단김도성검도관(469-96-00314)
[종목 : 검도]
[시설소개 :
  검단김도성검도관]
인천 서구 원당대로 676 (당하동, 제일아이조움) 502호
싸커스토리(796-33-00531)
[종목 : 축구클럽]
[시설소개 : 유아
  전용 실내 축구 클럽]
경기 파주시 청암로17번길 43 (목동동) 베스트프라자 301~304호
락페이스클라이밍(125-33-00291)
[종목 : 스포츠클라이밍]
[시설소개 :
  ]
경기 성남시 중원구 산성대로 340-1 (중앙동) 범원빌딩 8층
나비요가 번지&플라잉(898-23-00615)
[종목 : 요가]
[시설소개 : ]
경기 김포시 김포한강4로 113 (장기동) 신한프라자 1101호 나비요가
애나의 파워필라테스(763-29-00873)
[종목 : 필라테스]
[시설소개 : ]
경기 하남시 망월동 843-20 101호,102호
엠케이댄스스튜디오(834-18-01163)
[종목 : 댄스]
[시설소개 :
  오산엠케이댄스
엠케이댄스스튜디오
오산댄스]
경기 오산시 가수로 16 (가수동,
  오산초등학교) 1층(가수초등학교정문옆)
명지대 아라한 태권도장(126-91-57666)
[종목 : 태권도]
[시설소개 : ]
경기 광주시 벌원길 71 (탄벌동) 연세빌딩 3층
(주)이한스포츠 와니엘 배팅센터
  죽전(135-86-05208)
[종목 : 실내 야구연습장 (배팅장)]
[시설소개 : 실내 야구연습장인 저희 와니엘 배팅센터 죽전에서는 경식구 배팅 연습부터 구속 측정 가능한 피칭존이 있으며, 각종
  안전장비 및 시타용 배트가 다량 구비되어 있습니다.
엘리트 선수와 사회인 야구선수까지, 또한
선수가 아니어도 누구나
  놀이로도 즐길 수 있는 실내 야구장입니다.]
경기 용인시 수지구 대지로15번길 88-1
  (죽전동, 파인창고) 와니엘 배팅센터 죽전
제로짐(717-10-01275)
[종목 : 헬스]
[시설소개 : 동탄
  센트럴파크 스타벅스 옆건물 3층에 위치한 제로짐입니다.]
경기 화성시 동탄지성로 108 (반송동, 동탄삼성프라자) 3층
안상열 복싱(515-95-15511)
[종목 : 복싱]
[시설소개 : ]
경기 남양주시 평내로29번길 41 (평내동,
  메인프라자) 메인프라자 505호
목감골프앤헬스(654-05-01761)
[종목 : 헬스.실내골프연습장.스크린골프]
[시설소개 : 헬스.골프연습장.스크린골프.]
경기 시흥시 목감초등길 14-22 (조남동, 가야상가) 이층
브리즈필라테스(369-66-00114)
[종목 : 필라테스]
[시설소개 : ]
경기 부천시 길주로 252 (중동, 금광베네스타) 1610-B호
화도검도관(468-95-01481)
[종목 : 검도]
[시설소개 : ]
경기 남양주시 화도읍 맷돌로 112 (마석우리, 캠퍼스프라자) 3층
주식회사 젬쓰 JMS 휘트니스
  식사점(288-87-02104)
[종목 : 휘트니스]
[시설소개 : ]
경기 고양시 일산동구 위시티1로 6-39 (식사동, 더파인테라스) 3층
용인대멘토태권도(138-91-20600)
[종목 : 태권도]
[시설소개 : ]
경기 안양시 동안구 귀인로 209 (평촌동,
  향촌아파트 상가동) 3층 용인대 멘토 태권도
용인대효행태권도장(113-96-26880)
[종목 : 태권도 줄넘기 유아체육]
[시설소개 : 빠른아이가 아닌 바른아이로 성장하는~ 용인대효행태권도
2020 안전안심 체육시설 선정 태권도장 (국민체육진흥공단)]
경기 화성시 봉담읍 와우로 24 (와우리) 도원프라자 A동 5층
한국체대 가온 태권도(634-92-01622)
[종목 : 태권도]
[시설소개 : ]
경기 평택시 고덕면 고덕갈평5길 32
  (여염리, 그랜드메디컬타워) 7층 703호
내리 복싱 다이어트(202-91-03936)
[종목 : 복싱]
[시설소개 : ]
경기 안성시 대덕면 중앙대학로 126 (내리,
  대덕농업협동조합 내리지점) 1동 2층
용인재 박사 백호 태권도(142-91-12583)
[종목 : 태권도]
[시설소개 : ]
경기 용인시 수지구 정평로 40-1
  (풍덕천동, 거묵상가1) 거묵상가5층 용인대 박사 백호 태권도
모산용인대 국가대표 태권도(332-94-01448)
[종목 : 태권도]
[시설소개 : ]
경기 평택시 지제동삭1로 163 (동삭동,
  더샵지제역센트럴파크1BL아파트) 주출입구 상가 3층
신동 태권도장(131-92-73200)
[종목 : 태권도]
[시설소개 : ]
경기 남양주시 와부읍 덕소로116번길 20
  (덕소리, 세양청마루) 3층 305호~306호 신동 태권도장
라온태권도장(130-92-91466)
[종목 : 태권도]
[시설소개 : ]
경기 부천시 원미로 130 (원미동) 2,3 층
탑복싱클럽(118-95-06674)
[종목 : 복싱]
[시설소개 :
  뮤직복싱,정통복싱,다이어트복싱,1:1PT
전국가대표 관장님과 프로출신 코치진이 직접지도]
경기 고양시 일산동구 중앙로 1080
  (백석동, 남정골드프라자) 305호 탑복싱클럽
스카이대대당구클럽(418-15-68729)
[종목 : 체육시설]
[시설소개 :
  안녕하세요. 방역시설 잘 되있는 당구 클럽입니다.]
경기 성남시 수정구 태평동 6795 6층 스카이대대당구클럽
위드유 줌바휘트니스센터(772-23-00967)
[종목 : 줌바, 생활체육]
[시설소개
  : ]
경기 남양주시 퇴계원읍 퇴계원로46번길 11 (퇴계원리) 3층 301호
인천대 대호태권도(386-91-00445)
[종목 : 태권도]
[시설소개 : 계양구
  태권도 협회 대호태권도]
인천 계양구 계산새로 110 (계산동,
  은행마을삼보아파트) 3층대호태권도장
휘트니스칸 산본점(641-27-01199)
[종목 : 헬스 / GX / 필라테스 / PT]
[시설소개 : 대한민국 NO.1 휘트니스!
휘트니스칸 산본4호점!
250평대 운영으로 종목과
헬스, GX, 기구 필라테스,
PT 운영하는 프리미엄 라운지형
토탈 휘트니스 센터 입니다:)
헬스는 디렉스, 뉴텍, 렉스코,
웨이트/유산소 머신, 토크 머신
포함 30여종 이상의 기구 보유,
타 센터 대비 보다 넓은 프리웨이트
공간과 많은 기종의 기구를 경험해
보실 수 있습니다.
휘트니스칸의 GX프로그램은
요가, 줌바댄스, 매트 필라테스
등등 알차고 다양한 수업 운영
으로 휘트니스칸 GX팀의 강사진과
특별한 GX수업을 알차고 효과적
으로 즐기 실 수 있습니다.
기구필라테스는 캐딜락, 리포머,
체어, 바렐 각종 소도구를 보유
하고 있어, 보다 질높은 레슨을
휘트니스칸에서 경험해 보세요!]
경기 군포시 산본로 404 (산본동, 대주빌딩) 7층 휘트니스칸
코리아헬스(134-18-20658)
[종목 : 헬스]
[시설소개 : 헬스전문
  체육관. 개인피티.]
경기 시흥시 삼미시장2길 29 (신천동, 구세군교회) 삼미상가301호
메드나인 포켓볼(865-34-00644)
[종목 : 당구장]
[시설소개 : ]
경기 부천시 부일로 460 (심곡동, 시네마존) 4층 메드나인 포켓볼
의왕정훈태권도장(588-95-00210)
[종목 : 태권도]
[시설소개 : ]
경기 의왕시 왕곡로 47 (왕곡동,
  인스빌아파트1단지) 상가 2층 정훈태권도
바로피트니스 인천논현점(173-20-01358)
[종목 : 헬스 / 골프 / G.X / P.T]
[시설소개 : 헬스 / G.X / 골프 / P.T]
인천 남동구 논고개로 101 (논현동,
  아름다운타워) 11층 바로피트니스 인천논현점
바디업피티(631-12-01709)
[종목 : 민간실내체육시설]
[시설소개
  : 1:1 전문 퍼스널 트레이닝
10년 이상 경력의 트레이너
웨이트 트레이닝
다이어트
바디 프로필
체형교정 REHAB
쥬니어 트레이닝
2:1 그룹 트레이닝
운동선수 트레이닝 / 케어]
경기 용인시 수지구 손곡로 115 (동천동) 2층 바디업피티
SKY골프연습장(132-25-91553)
[종목 : 실내골프연습장]
[시설소개 :
  ]
경기 남양주시 미금로57번길 24 (다산동,
  남양아이좋은집) 상가동 4층 SKY골프연습장
인하 아시아 태권도장(121-90-35277)
[종목 : 태권도]
[시설소개 : ]
인천 미추홀구 수봉로 29 (숭의동) 3층
키즈mma주짓수태권도(640-06-01075)
[종목 : 주짓수.태권도]
[시설소개 :
  ]
경기 김포시 김포한강11로 288-27
  (운양동, 한강프라자) 4층 키즈mma주짓수태권도
온정필라테스&PT
  부천점(155-03-01713)
[종목 : 필라테스]
[시설소개 : ]
경기 부천시 부흥로 339 (중동, 부천 중동
  스타팰리움) 3-201호 온정필라테스
경희대석사MBA태권도장(105-96-45867)
[종목 : 태권도]
[시설소개 : 경기도
  오남읍 양지리에 위치한 경희대석사MBA태권도장입니다.]
경기 남양주시 오남읍 진건오남로 866 (양지리) 해온빌딩 4층
석사 경희대 태권도장(138-91-43199)
[종목 : 태권도]
[시설소개 : ]
경기 안양시 동안구 귀인로 212 (평촌동) 번영빌딩 5층
용인대 해오름 태권도(124-92-41433)
[종목 : 태권도]
[시설소개 : ]
경기 화성시 봉담읍 와우로73번길 15-7
  (와우리, 봉담그대가 3단지) 후문상가 3층 용인대 해오름 태권도
용인대태비태권도장(757-90-00320)
[종목 : 태권도]
[시설소개 :
  🥋용인대태권도학과 학생회장 출신 관장님과
국가대표 지도진이 있는
  용인대태비태권도장🥋
🥇파주 금촌 학부모 선호도 1위 태권도장
🎖130평 최신식 안전하고 쾌적한 운동 공간
🎖제 1,2,3 수련관 완전 분리 수업
🎖초등부, 유치부, 중고등부 담임제 수업
🎖39인승 🚌대형버스 운행 및 차량 안전선생님🙋🏻‍♀탑승 운영
🎖용인대학교 태권도학과 출신 지도자 7명 전문지도
🎖손상재, 이태성, 임규만, 김종서, 최민준, 이주형, 임대식🙋🏻‍♂
🟢블로그
http://blog.naver.com/taebi4353
🟡카카오톡 플러스친구 문의
http://pf.kakao.com/_zxmKyd
🏠(본관) 경기도 파주시 금릉동 433-1 금향빌딩 2층 031-942-0114
🏠(한울관) 경기도 파주시 새꽃로 25 로얄프라자 5층 031-957-9393]
경기 파주시 쇠재로 128 (금릉동) 금향빌딩 2층
Q당구클럽(864-23-01284)
[종목 : 당구장]
[시설소개 : 수원시
  인계동에 위치한 Q당구클럽 입니다.
신형 가브리엘 라팔2.0 국제식대대 3대포함
대대 5대 중대 4대 입니다. 많은 이용부탁합니다.]
경기 수원시 팔달구 인계로 52 (인계동, 제2용신빌딩) 5층, Q당구클럽
룩스필라테스위례아티움점(638-85-01489)
[종목 : 기구필라테스]
[시설소개 :
  안녕하세요 룩스필라테스 위례아티움점입니다
[PREMIUM STUDIO] 개인/듀엣/4:1소그룹
개인맞춤 프로그램, 체형교정, 남성, 키즈,
및 체형분석 엑스바디, 인바디를 갖춘
위례아티움점 에서 프리미엄 레슨을
최저가에 이용할 수 있는 기회를
만들어 드립니다.]
경기 성남시 수정구 위례광장로 300
  (창곡동, 창곡동 509번지) 10층. 1003호
경희대삼성태권도(743-92-00422)
[종목 : 태권도]
[시설소개 :
  아이들에게 진심인 도장♡♡
사랑과 웃음이 넘치는 행복한 도장♡♡
우리 아이들에게 태권도를 통해 행복을 선물해주세요~♡♡]
경기 양주시 회정로 134 (덕정동, 두리테크 덕정타운) 5층 507호
피트니스레드문(334-57-00310)
[종목 : 헬스장]
[시설소개 : ]
경기 군포시 광정로 80 (산본동, 신원타워빌딩) 10층 피트니스 레드문
경희대태권도(137-90-67513)
[종목 : 태권도]
[시설소개 :
  산곡3동 최대규모의 태권도장.
분리수업 및 풋살장 겸비]
인천 부평구 화랑남로 13 (산곡동, 현대프라자) 4층
에스바디핏 진접본점(625-25-01010)
[종목 : 요가, 필라테스]
[시설소개
  : 기구필라테스 & 번지플라이 & 플라잉요가 & 정통요가 & 키즈플라잉 & 개인PT &
  듀엣PT]
경기 남양주시 진접읍 해밀예당1로 40
  (금곡리, 화성프라자) 9층 에스바디핏
척추운동공간(171-98-01216)
[종목 : 재활운동, 필라테스]
[시설소개 : ]
경기 성남시 분당구 분당동 90-6 1층 척추운동공간
위너3d골프 정자점(102-15-13372)
[종목 : 골프연습장]
[시설소개 : ]
경기 성남시 분당구 정자로 112 (정자동, 정든마을) 신화상가
원필라테스(176-01-01924)
[종목 : 필라테스]
[시설소개 :
  용현동 인하대역 컬러프라자 10층에 위치한 필라테스 전문 스튜디오 원필라테스 입니다.]
인천 미추홀구 용현동 665-1 10층
골든킥태권도인성교육관(124-94-89635)
[종목 : 골든킥태권도]
[시설소개 :
  ]
경기 수원시 권선구 금곡로 116 (금곡동) 유동타워601호
필라테스 라벨르(284-09-02142)
[종목 : 필라테스]
[시설소개 :
  안녕하세요 필라테스 라벨르입니다.
100평규모의 대규모 필라테스 센터인 필라테스 라벨르는 항상 회원님들의 건강한 몸과 마음을 위하여 최고의 서비스로
  보답하겠습니다.
파주 운정신도시
> 문의전화 T. 031.944.0213
C.
  010.3498.0213
> Am 9:00 ~ Pm 10:00
> 개인 l 듀엣 l 그룹
> 카톡 채널 👉 필라테스 라벨르
> 여성 전용 스튜디오 (혼성 수업 X)
> 제로페이, 파주페이, 재난지원금 사용 가능
> 야외 테라스 필라테스
> 홈플러스 파주운정점 도보 3분거리
(목동동 937-2 명품프라자Ⅱ 5층)]
경기 파주시 청암로17번길 45 (목동동) 5층
더블유짐 천천3호점(498-34-00804)
[종목 : 체력단련장/헬스]
[시설소개
  : 체력단련장/헬스
천천동 헬스
천천동 PT
1개지점 등록으로 전 지점 이용가능]
경기 수원시 장안구 만석로19번길 29
  (천천동, 부강프라자) 6층 더블유짐 천천3호점
필라테스포유 도내점(292-21-01224)
[종목 : 필라테스]
[시설소개 :
  안녕하세요 For your quality of life 필라테스포유 입니다.
입문반부터 경력자 클래스까지 누구나 즐길 수 있도록 난이도와 운동 목적에 맞게 수업 프로그램이 구성되어 있습니다.
체험레슨을 통해 본인과 맞는 수업을 찾아보고 상담 받아보세요!]
경기 고양시 덕양구 도래울로 110 (도내동, 테마시티) 2층 필라테스포유
보니따필라테스분당정자점(720-12-01542)
[종목 : 필라테스]
[시설소개 : ]
경기 성남시 분당구 정자로 78 (정자동, 영동프라자) 204호
한양대태권도체육관(135-91-00740)
[종목 : 태권도]
[시설소개 : ]
경기 용인시 처인구 포곡읍 포곡로 287 (삼계리) 2층
팅커벨 폴 스튜디오(172-57-00522)
[종목 : 폴댄스]
[시설소개 : ]
경기 남양주시 다산지금로16번길 87
  (다산동) 9층 905호 팅커벨 폴 스튜디오
레전드휘트니스클럽(708-29-00158)
[종목 : 헬스클럽]
[시설소개 : ]
인천 남동구 백범로101번길 84 (만수동) 3층 레전드짐
당신당구장(430-03-01803)
[종목 : 당구장]
[시설소개 : 세상은
  놀이터, 인생은 놀이, 당신예인과 함께 놀아요. 우리 모두가 주인이 되는 무인 시스템으로 운영되는 당신당구장, 이웃이 되는 당신카페,
  취미로 되는 예인목공방, 누구나 가능하게 하는 예인집수리 놀이터를 운영하는 놀이터 지기로 수경재배 화초 식물이 함께하는 공간에서 함께
  웃으며 함께하는 오픈 공간이오니 언제든지 방문과 참여 환영합니다.]
경기 시흥시 옥구상가3길 7-1 (정왕동) 4층 403호
스윙스크린골프(379-39-00468)
[종목 : 스크린골프]
[시설소개 :
  안녕하세요 스윙스크린골프 입니다
인천 논현동 최대 규모로 쾌적한 환경에서 친절한 서비스로 사랑받고 있는 스크린골프 입니다
오서오세요~^^♡♡♡]
인천 남동구 논고개로 87 (논현동, 논현메디스타워) 8층 스윙스크린골프
더존골프(131-29-46335)
[종목 : 스크린골프장]
[시설소개 :
  ]
인천 연수구 송도동 3-2 지하1층더존골프
경희대 B.T.A 태권도(132-92-54190)
[종목 : 태권도]
[시설소개 : ]
경기 남양주시 진건읍 진건오남로105번길 7 (용정리) 대아빌딩 3층
경희해오름태권도(138-91-21818)
[종목 : 태권도]
[시설소개 : ]
경기 안양시 동안구 동편로 136 (관양동) 경진빌딩301호
새솔해동검도(868-27-01080)
[종목 : 해동검도]
[시설소개 : ]
경기 화성시 수노을중앙로 156 (새솔동) 폴리프라자2.5층 새솔해동검도
점핑클럽 줄넘기교육관(893-66-00368)
[종목 : 줄넘기]
[시설소개 : 신나는
  음악 줄넘기로 키 성장, 균형있는 몸매와 체력, 자신감까지 올리세요!
줄넘기 교육 이젠 전문가와 함께해야 합니다.
점핑클럽 교육관에서 시작하세요!!♡]
경기 파주시 쇠재로 128 (금릉동) 금향빌딩 B1층
당나라당구장(470-08-00317)
[종목 : 당구장]
[시설소개 :
  당구장입니다.]
인천 남동구 호구포로 903 (간석동, 로얄빌딩) 5층 당나라당구장
LINE UP 댄스 앤
  휘트니스(664-12-00127)
[종목 : 방송댄스,다이어트댄스,에어로빅,트램플린다이어트댄스]
[시설소개 : ]
경기 화성시 효행로 1051 (진안동, 메인프라자) 610호
크로스핏아우라(124-53-31483)
[종목 : 기능성트레이닝]
[시설소개 :
  크로스핏을 제대로 배우고 싶으신 분들은 해당 박스가 정식지부인지 확인 후 선택하셔야 합니다.
지금 바로 시작하세요! 크로스핏 아우라가 함께 합니다.]
경기 수원시 장안구 정자동 882-5 한국아파트상가 지하
점프홀릭(812-18-01386)
[종목 : 줄넘기]
[시설소개 : ]
경기 부천시 중동 1056 304호
월드스포션(134-26-73989)
[종목 : 수영장,헬스장]
[시설소개 :
  ]
경기 안산시 상록구 감골1로 35 (사동,
  상록수타운월드아파트 월드스포션) 지층
청춘필라테스(393-17-01137)
[종목 : 기구 필라테스]
[시설소개 :
  기구필라테스
그룹 개인 듀엣레슨 진행중인 센터입니다]
경기 부천시 소사로 785 (원종동) 5층 더존필라테스
광복 kim's 태권도장(842-90-00711)
[종목 : 태권도]
[시설소개 :
  아이들을 교육하기 위해서는 제 스스로 끊임 없이 노력하고 발전해야 한다고 생각합니다.
소중한 우리 아이들에게 보다 좋은 질의 교육을 제공하고자 꾸준히 태권도를 연마하고 유아 교육에 대해 지속적으로 고민하고 있습니다. 저도
  아이들과 함께 성장할 수 있도록 늘 노력하는 모습 보여 드리겠습니다.
감사합니다.
​
⭐️광복Kim's태권도장⭐️
광명시 프리미엄 태권도장
​
☝️차별화된 교육
✌️지도자의 진심
🙏2가지를 약속드립니다
​
‘MORE THAN AN ACADEMY’
태권도장 그 이상....🎁
​
☎️0226256256
🇰🇷광명시 철산동 광복로 62 수지빌딩 5층]
경기 광명시 광복로 62 (철산동, 수지빌딩) 5층 광복 kim's 태권도장
BBC당구장(609-34-07372)
[종목 : 당구장]
[시설소개 :
  대대
중대
혼합구장]
경기 부천시 부일로 300 (상동) 2층 상동 신원빌딩
필라테라스(787-86-01487)
[종목 : 필라테스]
[시설소개 :
  필라테라스입니다]
경기 수원시 영통구 웰빙타운로 51 (이의동) 골드클래스1
2층
아르마다축구교실(416-92-01456)
[종목 : 체육교습업(축구교실)]
[시설소개 : 아르마다FC(A.D.FC)입니다^^
⚽️아르마다FC 회원모집 ⚽️
😷1일 2회이상 센터 내,외부및
차량 방역 소독
🏢실내 전용구장 보유(높이 6M)
(6M대형문 개방으로 환기 유리)
🏅실외 전용구장 보유
🏅부모님 만족도 1위
🏅아이들 만족도 세계최고!!
🏅타의가 아닌 아이들 스스로 발전을
돕고 있습니다.
🏆취미반,대표팀(육성반) 회원모집
➡️취미반 : 6세~13세
➡️대표팀(3,4학년),(5,6학년)
📞교육문의 : 031-403-3697
⚓유튜브⚓
https://www.youtube.com/channel/UCV-v1d0Q4MrMxvispd0KJ5g
⚓블로그⚓
https://m.blog.naver.com/adfc2010
⚓인스타그램⚓
http://instagram.com/armada_hong]
경기 안산시 단원구 바라지길 43 (신길동) AD축구센터
Jk퍼스널트레이닝GYM(342-30-00221)
[종목 : 헬스장]
[시설소개 : ]
경기 안양시 만안구 박달로 528-1 (박달동) 2층
반월포레스트(골프존파크
  반월신동탄)(148-55-00622)
[종목 : 스크린골프]
[시설소개 : ]
경기 화성시 효행로 1227-8 (반월동) 1,2층
SNPE 분당서현점(204-56-00569)
[종목 : 요가]
[시설소개 : 거북목,
  일자허리, 골반비대칭, 말린어깨 등등 체형이 고민이신 분들이나,
근골격계 통증을 관리하고 싶으신 분들에게 추천합니다.]
경기 성남시 분당구 황새울로342번길 23
  (서현동, 기영프라자) 701호 SNPE 분당서현점
에스바디워크필라테스 안양점(293-85-00894)
[종목 : 필라테스]
[시설소개 : ]
경기 안양시 만안구 안양로 303 (안양동,
  안양 메쎄 포스빌) 603,604호 에스바디워크필라테스
H핫요가(142-09-93387)
[종목 : 요가]
[시설소개 : ]
경기 용인시 기흥구 동백중앙로 356 (동백동, 지우프라자) 6층
에어리얼 파크 아카데미(220-24-01254)
[종목 : 플라잉요가]
[시설소개 :
  플라잉요가전문센터]
경기 하남시 망월동 1129-1 미사강변동로84번길 21 남송타워 201호
엑티브 피트니스(702-07-01588)
[종목 : 트레이닝센터]
[시설소개 :
  크로스핏 전문 박스]
경기 의정부시 민락동 707-2 단독 1층 크로스핏 엑티브
효성복싱클럽(122-92-67854)
[종목 : 복싱]
[시설소개 : ]
인천 계양구 효성동 60-4 3층 301호 효성복싱
프렌즈아카데미 의정부 민락(242-29-01002)
[종목 : 실내골프연습장]
[시설소개 :
  카카오vx 프리미엄 실내골프연습장, 프렌즈 아카데미 의정부 민락점입니다.
의정부 최대규모 26개 타석 / 넓고 여유로운 지하주차장]
경기 의정부시 천보로 44 (민락동) 해동본타워7층 프렌즈 아카데미 민락
민트리온필라테스수지점(895-42-00484)
[종목 : 필라테스]
[시설소개 :
  필라테스]
경기 용인시 수지구 문정로 46 (풍덕천동,
  한길타운) 한길타운 4층 민트리온필라테스수지점
(주)에스앤피스포츠아카데미(885-81-00069)
[종목 : 태권도]
[시설소개 :
  (주)에스앤피스포츠아카데미 소속 태권도장]
경기 남양주시 진접읍 금강로1576번길 7 (장현리) 2층 월드태권도
대신골프존(576-73-00063)
[종목 : 스크린골프]
[시설소개 : ]
경기 안양시 동안구 엘에스로91번길 46-24 (호계동, 대림프라자) 403호
용호태권도체육관(124-91-51351)
[종목 : 태권도]
[시설소개 : ]
경기 화성시 한신대길 83 (안녕동) 송현빌딩3층
골프존 파크 감일 감일점(870-81-02084)
[종목 : 스크린골프]
[시설소개 : ]
경기 하남시 감일백제로83번길 24 (감이동)
  501호,502호(감이동,지골든프라자)
더핫요가(132-25-98901)
[종목 : 요가]
[시설소개 : 양평
  요가 전문 스튜디오
양평요가 양평필라테스 양평플라잉요가]
경기 양평군 양평읍 시민로39번길 22 (양근리, 대우빌딩) 3층 더핫요가
이노스베이 프리미엄 어린이 레슨전문
  수영장(879-39-00236)
[종목 : 어린이 수영장]
[시설소개 :
  ]
경기 부천시 은성로 82 (소사본동, 한신아파트) 한신아파트 상가 지1층
레전드풋볼아카데미(538-97-01595)
[종목 : 축구교실]
[시설소개 : ]
인천 남동구 구월남로 232 (구월동, 롯데프라자1차) 2층,201호,202호
골프존파크 가장조아점(510-16-15525)
[종목 : 스크린골프]
[시설소개 :
  골프존파크 가장조아점입니다]
경기 오산시 가장로 498 (가장동) 골프존파크 가장조아
아유르요가(620-21-81554)
[종목 : 요가]
[시설소개 : ]
경기 광명시 신기로 15 (일직동) 5층 506호
아너스대대전용클럽(619-12-75856)
[종목 : 당구장]
[시설소개 :
  대대전용구장]
인천 남동구 장승남로 62 (만수동) 8층 만수동 기성빌딩
필라테스오르다(482-01-02319)
[종목 : 필라테스]
[시설소개 :
  [개인레슨,듀엣레슨,그룹레슨 기구 필라테스]]
인천 남동구 인하로 607 (구월동, 모아프라자) 2층 필라테스오르다
텀블러 스트라이크(131-34-89454)
[종목 : 볼링]
[시설소개 : ]
인천 남동구 성말로 9 (구월동, 이노 프라자) 이노프라자 6층 텀블러
빅스당구장(105-34-50800)
[종목 : 당구장]
[시설소개 : ]
인천 부평구 평천로 392 (삼산동, 선우프라자) 4층 빅스당구클럽
용인대일죽태권도(125-91-46036)
[종목 : 태권도]
[시설소개 : ]
경기 안성시 일죽면 송천길 73 (송천리) 용인대일죽태권도
혜성태권도체육관(122-95-13704)
[종목 : 태권도]
[시설소개 : ]
인천 계양구 장제로1009번길 4-1 (박촌동) 52-12번지 2층
와일드복싱짐 본관(656-98-00080)
[종목 : 복싱]
[시설소개 : ]
경기 수원시 영통구 영통로 103 (망포동, 뉴LG프라자) 3층 와일드복싱
지젤스튜디오(732-13-01407)
[종목 : 필라테스 번지피트니스]
[시설소개 : 경기도남양주시 다산동에 위치한 필라테스샾입니다]
경기 남양주시 다산동 6063 지앤지메트로타워6층
제이케이빌리어드(581-03-01270)
[종목 : 당구장]
[시설소개 :
  양주옥정신도시 최대규모 대대전용당구클럽]
경기 양주시 옥정동로7다길 46 (옥정동) 폴리프라자4차 5층 JK빌리어드
M필라테스 야탑점(311-10-30077)
[종목 : 필라테스]
[시설소개 : ]
경기 성남시 분당구 성남대로916번길 5
  (야탑동, 관보골든쇼핑스포츠빌딩) 3층 304호
한Q당구클럽(627-52-00503)
[종목 : 당구장]
[시설소개 : ]
경기 용인시 처인구 양지면 양지로 115
  (양지리) 경기도 용인시 처인구 양지면 양지로 115,2층203호
송정드루와점핑(346-32-00774)
[종목 : 점핑다이어트]
[시설소개 :
  군포 송정지구에 위치한 점핑다이어트 입니다.]
경기 군포시 송부로 42 (도마교동, 송정더드림) 301호
필라테스디엘라 영통센터(203-85-71775)
[종목 : 필라테스]
[시설소개 :
  건강한 아름다움! 필라테스 디엘라]
경기 수원시 영통구 반달로7번길 16
  (영통동, e-폴리스) 7층 필라테스디엘라
학사체육관(132-91-74388)
[종목 : 태권도]
[시설소개 : 네이버
  장현학사체육관]
경기 남양주시 진접읍 장현로 68 (장현리, 제일빌딩) 3층 학사체육관
특공무술 평촌체육관(138-05-37224)
[종목 : 특공무술]
[시설소개 : ]
경기 안양시 동안구 호계동 1053-4
  목련8단지상가 지하1호 특공무술 평촌체육관
향남브래그볼링센터(277-40-00246)
[종목 : 볼링장]
[시설소개 : ]
경기 화성시 향남읍 상신하길로328번길 26 (하길리) 키움프라자 9층
스크린야구장(596-49-00553)
[종목 : 스크린야구장]
[시설소개 :
  스크린 야구 게임 .연습장]
경기 화성시 남양읍 시청로 119 (남양리) 메인프라자 7층
바스키움농구교실은(298-43-00472)
[종목 : 농구]
[시설소개 : ]
경기 부천시 경인로1133번길 12 (송내동) 1층
고산 국가대표태권도(325-91-01605)
[종목 : 태권도]
[시설소개 : ]
경기 의정부시 서광로 135 (산곡동, 센타프라자) 605호 국가대표태권도
고양 명성태권도장(349-94-00850)
[종목 : 태권도]
[시설소개 : ]
경기 고양시 덕양구 화신로 31 (행신동, 무원마을2단지) 상가 2층
라이트짐(205-20-82089)
[종목 : 헬스장]
[시설소개 : ]
경기 평택시 평택동 293-2 4층 헬스장
피아이씨(287-46-00677)
[종목 : 인라인스케이트]
[시설소개 :
  유아체육 및 인라인스케이트 교육]
경기 고양시 일산서구 중앙로 1601
  (대화동, 고양종합운동장) 동문 2층 2~3호
연수풋볼아카데미(579-66-00308)
[종목 : 축구교실]
[시설소개 :
  인천유나이티드송도지부]
인천 연수구 하모니로138번길 11 (송도동,
  송도캐슬센트럴파크) 102동317,318호
미진기업(MBC당구클럽)(209-09-29403)
[종목 : 당구장]
[시설소개 :
  국제식대대,중대,포켓볼]
인천 남동구 호구포로 217 (논현동, H Tower) 6층
서현점프클럽(750-97-00084)
[종목 : 줄넘기]
[시설소개 : ]
경기 성남시 분당구 돌마로486번길 6 (서현동, 상록프라자) B1 줄넘기
경희대 인성 태권도장(357-94-00884)
[종목 : 태권도]
[시설소개 : ]
경기 안산시 단원구 석수로 138 (선부동,
  안산 메트로타운 푸르지오힐스테이트) 단지내 오피스텔 상가 1층
인천대 대호 태권도장(386-91-00445)
[종목 : 태권도]
[시설소개 : 계양구
  태권도협회 대호태권도장]
인천 계양구 계산새로 110 (계산동,
  은행마을삼보아파트) 3층 대호태권도장
샤인풋볼클럽(120-94-62385)
[종목 : 축구교실]
[시설소개 :
  구리축구교실, 유아축구, 유소년축구교실
축구, 풋살, 놀이축구, 신체발달 프로그램
여자어린이 환영, 각종 이벤트 진행]
경기 구리시 장자대로 149 (토평동) 3층 샤인풋볼클럽
늘찬태권도장(161-96-00292)
[종목 : 태권도]
[시설소개 : ]
경기 안산시 단원구 석수로 77 (선부동) 4층
맥스휘트니스클럽(348-25-00768)
[종목 : 헬스]
[시설소개 : 헬스,
  P.T무료]
인천 강화군 강화읍 동문안길 9-1 (관청리, 청원빌딩) 4층
이대훈태권스쿨(296-96-00657)
[종목 : 태권도]
[시설소개 : ]
경기 파주시 심학산로423번길 7-25 (목동동) 5층 이대훈태권스쿨
아벨필라테스(424-53-00707)
[종목 : 기구필라테스]
[시설소개 :
  1:1 2:1 6:1 기구필라테스 전문강사진이 수업하는 필라테스 샵 입니다]
경기 고양시 일산서구 일산로 589 (일산동,
  현대프라자) 4층 아벨필라테스
바로피트니스 인천옥련점(815-17-01336)
[종목 : 헬스]
[시설소개 : 헬스 /
  요가 / 줌바댄스 / 필라테스 / P.T]
인천 연수구 독배로 35 (옥련동,
  아이에프빌딩) 6층 바로피트니스 인천옥련점
케이테니스 아카데미(143-03-02024)
[종목 : 테니스]
[시설소개 : ]
경기 부천시 상동로 90 (상동, 메가플러스)
  5층 507호 케이테니스 아카데미
엘리나필라테스 원흥점(258-07-00821)
[종목 : 필라테스]
[시설소개 :
  필라테스 그룹,개인,듀엣레슨]
경기 고양시 덕양구 의장로 140 (도내동, 원흥연세프라자) 3층
점프스쿨 줄넘기센터(726-27-00754)
[종목 : 줄넘기]
[시설소개 :
  음악줄넘기 전문교육 점프스쿨 배곧센터입니다.]
경기 시흥시 배곧5로 66-11 (배곧동,
  스타플렉스) 스타플랙스 404호 점프스쿨
송우SG골프스크린(895-36-01065)
[종목 : 골프]
[시설소개 : ]
경기 포천시 소흘읍 송우로 101-11 (송우리) 4층
여성시대(205-48-09253)
[종목 : 요가]
[시설소개 : ]
경기 의정부시 오목로205번길 39 (민락동) 골든프라자1차
고려참태권도(131-91-12691)
[종목 : 2층]
[시설소개 : 태권도로
  행복을 가르치는 고려참태권도장 입니다]
인천 남동구 경인로524번길 25 (간석동) 2층
아이리더 화봉 태권도장(651-96-00801)
[종목 : 태권도]
[시설소개 : 진심의
  태권도를 선물하고 교육하는 남양주시 진접의 유일한 no.1 실력의 태권도장 입니다.]
경기 남양주시 진접읍 해밀예당1로 64
  (금곡리, 해밀마을신안인스빌아파트) 정문상가 2층 화봉 태권도장
갤럭시스크린골프(301-43-68138)
[종목 : 골프]
[시설소개 : ]
경기 안양시 동안구 흥안대로427번길 50
  (관양동, (주)메디엔인터내셔날) sm tower 2층
동오스크린골프 주식회사(215-86-76334)
[종목 : 스크린골프]
[시설소개 : ]
경기 화성시 향남읍 서봉로 610 (관리) 동오골프존
봉담퍼스트태권도(196-98-01200)
[종목 : 태권도]
[시설소개 :
  태권도를 통해 제자들의 행복한 미래를 만듭니다.]
경기 화성시 봉담읍 상리3길 87 (수영리) 2층 201호
빅스타탁구클럽(153-04-02178)
[종목 : 탁구장]
[시설소개 : 군포시
  산본역 바로 밑에 위치한 탁구장 입니다.
역사와 버스정류장이 바로 근처에 위치하여 교통환경이 아주 좋습니다. 산본중심상가도 바로 근처입니다.
즐겁게 운동하고 있으니 오셔서 상담해주세요]
경기 군포시 번영로 508 (금정동, 신산빌딩) ,지하1층(금정동,신산빌딩)
구리갈매런주짓수(191-08-01709)
[종목 : 주짓수]
[시설소개 :
  구리갈매 런 주짓수는 유소년부터 남녀성인까지 모두 균형있는 건강라이프를 추구하며 누구나 즐겁게 운동하는 곳입니다.]
경기 구리시 갈매순환로 15 (갈매동,
  마운틴프라자) 2층 구리갈매 런주짓수
뉴핏
  필라테스&플라잉요가(197-42-00755)
[종목 : 필라테스]
[시설소개 :
  안녕하세요
몸과 마음이 예뻐지는 뉴핏필라테스&플라잉요가 인계점 입니다 :)
저희 센터를 찾아주셔서 감사합니다
저희 센터는 전통요가,현대요가,필라테스,플라잉요가 13가지의 다양한 수업을 진행하고 있습니다.
1:1의 자세한 상담과 회원님의 몸상태에 맞는 자세한 플랜으로 맞춤 운동이 가능합니다.
언제나 회원님의 건강을 기원하는 뉴핏필라테스가 되겠습니다
감사합니다]
경기 수원시 팔달구 인계동 368-1 태양빌딩 3층 뉴핏필라테스
지티복싱(427-94-01426)
[종목 : 복싱]
[시설소개 : 개인레슨
  근력운동 체력단련]
경기 성남시 수정구 산성대로 419 (단대동) 지하1층
리트필라테스(473-10-01749)
[종목 : 필라테스]
[시설소개 :
  필라테스]
경기 과천시 별양로 164 (부림동,
  과천센트럴파크푸르지오써밋) 과천 센트럴파크 푸르지오써밋상가 204호
경희대석사 비룡태권도(551-95-01309)
[종목 : 태권도]
[시설소개 : ]
경기 고양시 덕양구 화중로 205 (화정동, 화수빌딩) 103호
운무체육관(111-93-95551)
[종목 : 합기도]
[시설소개 :
  인천광역시 남동구 서창동에 위치한 운무체육관입니다.]
인천 남동구 서창남순환로 8 (서창동) 덕성빌딩301호
경희대 인성 태권도장(357-94-00884)
[종목 : 태권도]
[시설소개 : ]
경기 안산시 단원구 석수로 138 (선부동,
  안산 메트로타운 푸르지오힐스테이트) 단지내 오피스텔 상가 1층
여주클라이밍센터(548-37-00454)
[종목 : 스포츠클라이밍(실내암벽)]
[시설소개 : 경기도 여주시 소재 실내암벽/스포츠 클라이밍/암벽등반]
경기 여주시 세종로 85 (홍문동, 여주종합터미널) 2층
휘트니스클럽S화서점(303-17-20960)
[종목 : 헬스]
[시설소개 :
  휘트니스클럽S화서점입니다]
경기 수원시 팔달구 팔달로120번길 6 (화서동) 성지빌딩
코코휘트니스(261-04-01825)
[종목 : 헬스장]
[시설소개 :
  코코휘트니스 입니다]
경기 성남시 수정구 태평동 7288-13 3층 코코휘트니스
글로리헬스(123-30-23827)
[종목 : 헬스]
[시설소개 : 150평
  넓은공간
24시운영]
경기 안산시 상록구 본이로 46 (본오동) 2층
글로리헬스
홍키통키라이프(518-30-01040)
[종목 : 요가 헬스]
[시설소개 :
  동두천헬스]
경기 동두천시 중앙로 112 (지행동, 메인프라자) 8층 홍키통키라이프
케이에이치킥복싱합기도체육관(326-08-01019)
[종목 : 킥복싱 합기도]
[시설소개 :
  인천시 계양구 킥복싱 합기도 명품 체육관!! 2015년 18년 와코킥복싱 아시아 챔피언쉽 대회에서 입상, 2021년 와코킥복싱 세계
  챔피언쉽대회 국가대표 출전 관장님과 함께하는 즐거운 킥복싱 합기도 운동!!
경험 많은 관장님과 함께 하시어 건강한 몸과 마음, 멋진 몸과 기초체력 및 면역력을 키우세요~^^]
인천 계양구 경명대로 1054 (계산동) 3층
한국파워점핑줄넘기(857-90-01575)
[종목 : 줄넘기]
[시설소개 :
  줄넘기전문 1등 파워점핑 줄넘기 성장의 끝판왕 한국파워점핌 줄넘기.]
경기 김포시 구래동 6889-2 비호뉴팰리스 203호
씨엘필라테스 호평점(854-76-00116)
[종목 : 필라테스]
[시설소개 : ]
경기 남양주시 늘을2로 32 (호평동, 호평프라자) 4층 씨엘필라테스
지나점핑힐링다이어트(537-20-01488)
[종목 : 점핑.체온테라피]
[시설소개
  : ]
경기 의왕시 내손동 637 203호 지나점핑힐링다이어트
피크오브필라테스수원권선점(469-25-01201)
[종목 : 필라테스]
[시설소개 : ]
경기 수원시 권선구 세권로 188 (권선동) 3층 피크오브필라테스
엔요가앤필라테스(122-35-50549)
[종목 : 요가,기구필라테스]
[시설소개
  : ]
인천 부평구 부개로 61-6 (부개동, 신성프라자) 603호 엔요가앤필라테스
타이곤 태권도(142-91-37245)
[종목 : 태권도]
[시설소개 : 타이곤
  태권도 용무도장 입니다^^ 유아체육 시범단 체대입시를 운영중입니다]
경기 용인시 처인구 유방동 247-1 2층
온필라테스라운지(419-56-00671)
[종목 : 필라테스]
[시설소개 :
  미금역 최대규모 필라테스 전문센터]
경기 성남시 분당구 성남대로 168 (금곡동,
  미도프라자) 4층 온필라테스라운지
아카데미당구클럽(127-15-71764)
[종목 : 당구장]
[시설소개 : 실내
  생활 체육시설]
경기 양주시 회정로 120 (덕정동, 해밀프라자) 301,302호
조이태권도장(480-92-00778)
[종목 : 태권도]
[시설소개 : ]
경기 남양주시 진접읍 해밀예당1로 79-1 (금곡리) 한솔빌딩 4층
호정스크린골프존(217-32-00351)
[종목 : 골프연습장]
[시설소개 : ]
경기 안양시 만안구 만안로 49 (안양동,
  호정타워) 1층407호 호정스크린골프존
대풍태권도장(124-92-40910)
[종목 : 태권도]
[시설소개 :
  안녕동에 위치한 용인대 석사 대풍태권도장입니다.]
경기 화성시 화산로 8 (송산동, 남수원현대아파트) 205호,306호.307호
화성골프랜드(704-14-00206)
[종목 : 골프연습장]
[시설소개 : ]
경기 화성시 향남읍 발안만세길 163-12 (장짐리) 화성골프랜드
비엠비필라테스(423-02-01827)
[종목 : 필라테스]
[시설소개 :
  4대1 필라테스,재활필라테스,자세교정]
경기 고양시 덕양구 화신로 284 (화정동,
  별빛마을8단지) 상가 3층 BMBpilates
시크(Chic)당구클럽(665-41-00440)
[종목 : 당구장]
[시설소개 : ]
인천 부평구 열우물로49번길 15 (십정동) 2층 시크당구클럽
베니스휘트니스(258-88-01964)
[종목 : 헬스장]
[시설소개 : 김포
  최대 600평 규모
호텔식 헬스장 및 사우나
스피닝 기구필라테스 PT 각종 수업]
경기 김포시 풍무동 218 7~8층
퍼펙트바디(116-07-16034)
[종목 : 헬스]
[시설소개 : 헬스
  스피닝 요가 플라잉요가 번지플라이 400평규모 멀티 휘트니스]
경기 안산시 단원구 달미로 63 (선부동, 한양프라자) 지하1,2층
고양실내테니스연습장(302-24-18510)
[종목 : 테니스]
[시설소개 : ]
경기 고양시 덕양구 성사동 703 4층 고양실내테니스연습장
한국체대새나라태권도장(부천)(207-99-39788)
[종목 : 태권도]
[시설소개 :
  한국체대새나라태권도장
부천새나라태권도장
새나라태권도장]
경기 부천시 범안로 118 (범박동,
  영플러스(범박)) 301,302호 한국체대새나라태권도
현무태권도장(126-91-34697)
[종목 : 태권도]
[시설소개 : 초월
  현무태권도장
도곡초등학교 후문
용인대현무태권도장]
경기 광주시 초월읍 경충대로 1081-30 (쌍동리) 2층
체육시간(479-09-00437)
[종목 : 체육시설업]
[시설소개 :
  민락2지구pt 체육시간]
경기 의정부시 오목로205번길 61 (민락동,
  로데오프라자) 505-6호 체육시간
마인드 앤 모션(819-05-01693)
[종목 : 필라테스]
[시설소개 :
  국가대표 출신 원장 직강&운영.
연세대 체육학과 졸업 및 대학원 졸업.
필라테스&자이로토닉 국제 자격증 보유.
프로 운동선수 및 무용수 등 전문 수업.
전문적인 필라테스와 자이로토닉을 경험하실 수 있습니다.
2003년 미국 플로리다에서 필라테스를 경험 후
어깨 수술없이 2004 아테네 올림픽 성공적인 출전.]
경기 화성시 동탄대로 537 (오산동) 라스플로레스 D동 501호
아나토미필라테스랩(629-07-00547)
[종목 : 필라테스]
[시설소개 : ]
경기 고양시 일산동구 대산로11번길 14-1 (정발산동) 지층
국가대표신동태권도장(818-99-01063)
[종목 : 태권도]
[시설소개 : ]
경기 용인시 수지구 성복2로 174 (성복동,
  성동마을 수지자이아파트) 상가동 3층 303호 304호 국가대표신동태권도장
라이프체인지 헬스.PT(773-34-01005)
[종목 : 헬스장]
[시설소개 : ]
경기 이천시 애련정로87번길 38 (창전동) 2층3층
TB태권도(171-94-00072)
[종목 : 태권도]
[시설소개 : 운동은
  선택인 아닌 필수 입니다.
우리 아이들에게 건강을 선물하세요.
TB태권도]
경기 용인시 기흥구 구성3로28번길 24 (청덕동, 가나프라자1차) 401호
더블유짐 율전13호점(177-29-01130)
[종목 : 체력단련장/헬스]
[시설소개
  : 체력단련장/헬스
율전동
성균관대역]
경기 수원시 장안구 화산로 231-10
  (율전동, 동경빌딩) 4층 더블유짐 율전13호점
용인대 무궁화 태권도장(883-94-00928)
[종목 : 태권도]
[시설소개 : ]
경기 평택시 신촌2로 22 (칠원동)
  맘스스퀘어b동 507~509호 용인대 무궁화태권도장
비욘드바디 필라테스 & 플라잉요가
  모란점(270-85-00979)
[종목 : 필라테스]
[시설소개 : ]
경기 성남시 중원구 성남동 4170 한일타워 4층
매니아 당구클럽(819-48-00105)
[종목 : 당구장]
[시설소개 : 구래동
  당구장 매니아 당구클럽]
경기 김포시 김포한강4로 521 (구래동, 한강메디플라자) 603, 604호
비비폴스튜디오(538-29-00976)
[종목 : 폴댄스&에어얼 후프]
[시설소개 : ]
경기 안양시 동안구 시민대로 317 (관양동,
  대한스마트타워) 2층 217호 비비폴스튜디오
제이짐(617-79-00293)
[종목 : 필라테스]
[시설소개 : ]
인천 미추홀구 길파로 7 (주안동) 2층 제이필라테스
아이리스짐(493-38-00980)
[종목 : 헬스 필라테스]
[시설소개 :
  ]
인천 서구 청라에메랄드로102번길 8-26
  (청라동, 청라지구 삼성빌딩) 3층
스카이골프(791-57-00506)
[종목 : 스크린 연습장]
[시설소개 :
  ]
경기 의왕시 경수대로 257 (고천동, 대영골든밸리) 206호 스카이골프
고려참태권도(131-91-26919)
[종목 : 태권도]
[시설소개 :
  태권도로 행복을 가르치는 고려참태권도장 입니다]
인천 남동구 경인로524번길 25 (간석동) 2층
용인대 홍룡 태권도 체육관(132-92-49950)
[종목 : 태권도]
[시설소개 : ]
경기 남양주시 진접읍 해밀예당2로 8
  (금곡리, 해밀마을신안인스빌아파트) 후문상가 2층
리더스태권도(123-92-23562)
[종목 : 태권도]
[시설소개 : ]
경기 안양시 만안구 박달동 140-9 2층 리더스 태권도
당신의필라테스(509-09-38103)
[종목 : 필라테스]
[시설소개 :
  병점중심상가 기구필라테스
4:1 그룹 /1:1 개인 레슨 private studio]
경기 화성시 효행로 1062 (병점동, 센타 프라자) 5층 506호
고려체육관(122-91-83274)
[종목 : 태권도]
[시설소개 : ]
인천 부평구 마장로272번길 57 (산곡동, 한성빌딩) 3층 고려체육관
바스키움농구교실(298-43-00472)
[종목 : 농구]
[시설소개 : ]
경기 부천시 경인로1133번길 12 (송내동) 1층 바스키움농구교실
멘토에듀케이션(303-86-01386)
[종목 : 태권도]
[시설소개 : ]
경기 광명시 시청로 139 (철산동,
  우성아파트) 단지내 상가3층 멘토태권도
필라테스 율(308-88-00881)
[종목 : 필라테스]
[시설소개 :
  시설명 : 필라테스 율
주식회사 율리너 (본원)
이천소재 종사업장 지점으로 운영중]
경기 이천시 이섭대천로 1229 (창전동, 이천IS타워빌딩) 8층 필라테스율
셀럽짐(524-06-02073)
[종목 : 헬스장]
[시설소개 :
  다이어트, 근력증가, 체력증진]
경기 고양시 일산서구 주엽로 134 (주엽동, 일산시대프라자) 3층 셀럽짐
박윤구테니스아카데미(219-08-14180)
[종목 : 테니스]
[시설소개 : ]
경기 평택시 동삭로 397 (동삭동,
  삼익사이버아파트) 지하상가 YG테니스교실
최강합기도kids스포츠(404-22-01047)
[종목 : 합기도]
[시설소개 : ]
경기 화성시 수노을중앙로 122 (새솔동) 401호
용인대한여울태권도(814-93-01661)
[종목 : 태권도]
[시설소개 :
  안녕하세요~ 경기도 시흥 풍경채센텀 앞 풍경프라자 8층에 있는
용인대한여울태권도 입니다.]
경기 시흥시 능곡군자로 50 (능곡동) 8층, 801호
현일권선특공무술(124-50-88836)
[종목 : 특공무술]
[시설소개 :
  스스로를 지키는 힘
권선 현일 특공무술!]
경기 수원시 권선구 동수원로242번길 20
  (권선동, 태양프라자) 3층 권선현일특공무술
반월석사태권도아카데미주식회사(858-86-00816)
[종목 : 태권도]
[시설소개 :
  태권도장]
경기 화성시 동탄원천로 382-46 (반월동) 4층
이매경희태권도장(265-94-00611)
[종목 : 태권도]
[시설소개 : 기타]
경기 성남시 분당구 양현로94번길 11 (이매동, 청학빌딩) 3층
슈프림테니스아카데미(185-61-00433)
[종목 : 테니스]
[시설소개 :
  실내테니스장]
경기 남양주시 오남읍 오남리 694 주건물 제2동 2층, 제3동 2층
케이불스휘트니스 대화점(121-45-21642)
[종목 : 헬스]
[시설소개 : ]
경기 고양시 일산서구 일산로 762 (대화동) 4층
자마이카 피트니스(231-85-04325)
[종목 : 헬스클럽 , 골프연습장업]
[시설소개 : 자마이카 피트니스는
서울,경기 전역에
  피트니스&골프 아카데미를 선두하며 안양 범계역점은 세계 최고의 테크노짐과 GDR플러스 골프아카데미 입니다]
경기 안양시 동안구 평촌대로243번길 30 (비산동, 샤크존) 11층
더피움 필라테스 간석점(632-16-01277)
[종목 : 필라테스]
[시설소개 :
  균형있는 아름다움의 시작, '더 피움 필라테스' 입니다.
1타3만 체육쿠폰 이용이 가능한 매장입니다.]
인천 남동구 호구포로 887 (간석동, 하나프라자) 3층
스카이스크린골프(673-08-01730)
[종목 : 스크린골프]
[시설소개 : ]
인천 서구 원적로 120 (가좌동, 인성프라자) 5층 스카이스크린골프
멤버스스포츠아카데미(513-22-00323)
[종목 : 농구교실]
[시설소개 : ]
인천 부평구 십정동 229-2 2층
비식스(124-52-67591)
[종목 : 헬스클럽]
[시설소개 : ]
경기 수원시 팔달구 인계동 1020 2층 202호
리더스 골프(123-37-45908)
[종목 : 골프]
[시설소개 : 초보자
  환영.. 초 중급자 모두 즐겁게 운동 할 수 있는 체육시설 입니다^^ 관심있는 분들은 많이 방문해 주셔요~~^^]
경기 군포시 금당로 39 (당동, 자유로운 삶 아파트 상가) 2층 리더스 골프
SNPE남양주화도점(481-81-00853)
[종목 : SNPE]
[시설소개 :
  snpe바른자세 척추운동 전문센터]
경기 남양주시 화도읍 비룡로 117 (묵현리) 3층 snpe바른자세척추운동
원알엠짐(720-75-00121)
[종목 : 체력단련시설]
[시설소개 :
  송도피티/송도pt 원알엠짐
퍼스널트레이닝 전문센터입니다~]
인천 연수구 하모니로 158 (송도동,
  송도타임스페이스) b동 607~609 원알엠짐
더스타스윔(534-81-02344)
[종목 : 수영장]
[시설소개 : ]
경기 안성시 공도읍 서동대로 3930-39 (진사리, 스타필드 안성) B130호
천마태권도장(186-96-01155)
[종목 : 태권도]
[시설소개 : ]
경기 남양주시 평내로 150 (평내동,
  평내마을중흥에스-클래스) 상가2동 201호(천마태권도)
MTA여명태권도(190-90-00212)
[종목 : 태권도]
[시설소개 : ]
경기 안양시 만안구 박달로 430 (박달동) 금수빌딩 3층
바디타임즈 피트니스(699-06-01214)
[종목 : 체육시설]
[시설소개 :
  안녕하세요?저희는 병점중심상가에 있는
바디타임즈 피트니스 입니다
  .헬스•gx•PT를
전문으로 하고 있는 토탈 센터 입니다. 전문적인
  수업과 다양한 프로그램들과 다양한 기구들이 셋팅 되어 있는 센터 입니다]
경기 화성시 효행로 1069 (진안동, 메디피아) 9층 바디타임즈 피트니스
E-ZEN합기도(691-73-00019)
[종목 : 합기도]
[시설소개 : ]
인천 연수구 옥련로99번길 44 (옥련동,
  아주아파트) 103동 상가 2층 206호
에이치엠락풋살파크(242-13-01020)
[종목 : 풋살장]
[시설소개 :
  실내외풋살장]
경기 안산시 단원구 고잔동 709-9 4층
아트인댄스(342-23-00335)
[종목 : 에어로빅,방송댄스]
[시설소개
  : ]
경기 안산시 단원구 당곡3로 20 (고잔동) B1 B2
작대기당구장(392-11-00899)
[종목 : 당구장]
[시설소개 : ]
경기 부천시 까치로 93 (작동) 2층
바론필라테스 흥덕점(583-54-00420)
[종목 : 필라테스]
[시설소개 :
  재활전문 기구필라테스 센터]
경기 용인시 기흥구 흥덕2로105번길 5
  (영덕동, 서서타워) 503,504,505호
피아이씨 스포츠(514-29-00757)
[종목 : 인라인스케이트]
[시설소개 :
  유아스포츠클럽 / 인라인스케이트 전문 교육]
경기 고양시 덕양구 삼원로 40-1 (삼송동) 1층
오투25스크린골프(135-32-59491)
[종목 : 스크린골프]
[시설소개 :
  경기도 오산시 원동에 위치한 오투25스크린골프존입니다.]
경기 오산시 경기대로 154 (원동,
  그랜드웨딩문화원뷔페) 2층 오투25스크린골프
바디홀릭 필라테스 인천 산곡점(654-63-00229)
[종목 : 필라테스]
[시설소개 :
  부평구 산곡동에 위치한 산곡동 최대규모의 여성전용 기구필라테스 전문원 입니다.]
인천 부평구 부영로189번길 51 (산곡동, 오남프라자) 5층 509호
빅토리짐(223-11-67430)
[종목 : 피트니스,헬스]
[시설소개 :
  📍오산 프리미엄 헬스 & PT & 골프
📍웨이트 50여종 , 유산소 20여종
📍뉴택 국내외 머신 풀 세트
📍뉴택 사이벡스 스타트랙 프리모션 헤머스트랭스
📍파워 렉 3대 스미스머신 2대 정글짐 8스테이션
📍스트레칭 및 포징룸 완비
📍피트니스 자판기 및 무인트레이닝시스템
📍부위별 운동 기구 10여종
📍스크린골프 타석 완비
📍전화상담 ) 031-372-9488]
경기 오산시 성호대로 121 (오산동, 월드타워) 7층
진명스크린골프(404-10-26633)
[종목 : 실내스크린골프존]
[시설소개
  : ]
인천 계양구 계양대로 37 (작전동, 진명스포아트) 진명스포아트4층
제이엠시태권줄넘기(440-94-00662)
[종목 : 제이엠시줄넘기]
[시설소개 :
  ]
경기 화성시 동탄원천로 338 (능동, 동탄포레스트프라자) 204호
스마일 휘트니스(851-01-02311)
[종목 : 헬스]
[시설소개 :
https://m.blog.naver.com/saemysosa]
경기 광명시 오리로 351 (소하동, 동림프라자) 5층 스마일 휘트니스
솔레아스풋볼 청라국제도시점(755-98-01372)
[종목 : 축구]
[시설소개 : ]
인천 서구 파랑로 224 (원창동) 솔레아스풋볼 청라국제도시점
경희대석사아이스타태권도장(258-94-01460)
[종목 : 태권도]
[시설소개 : ]
인천 연수구 컨벤시아대로274번길 35
  (송도동, 송도 더샵 마스터뷰 22BL) 상가2층
리즈FC 축구클럽(458-29-01096)
[종목 : 축구]
[시설소개 : ]
인천 서구 가좌동 328-4 3층 리즈fc
관교용인대태권도장(121-91-44701)
[종목 : 태권도]
[시설소개 : ]
인천 미추홀구 관교동 501 2층
쵸이스당구장(607-39-73172)
[종목 : 당구장]
[시설소개 : ]
경기 남양주시 퇴계원읍 경춘북로558번길 3
  (퇴계원리) 경기 남양주시 퇴계원읍 경춘북로 558번길 35층
플레잉풋볼아카데미(103-90-01537)
[종목 : 축구교실]
[시설소개 :
  화성시 남양에 위치한 축구교실입니다.]
경기 화성시 남양읍 남양로 829 (남양리)
  현대프라자3층 311호 플레잉풋볼아카데미
업투 용인동백점(476-18-01521)
[종목 : 헬스장]
[시설소개 :
  🔥 230평 호텔 프리미엄 휘트니스/50종 최신식 기구
🔥1:1 맞춤 통증케어마사지 #동백PT #용인동백헬스
🔥헬스,개인PT,다이어트,체형교정&재활운동,바디프로필]
경기 용인시 기흥구 동백중앙로 356
  (동백동, 지우프라자) 지하1층,업투휘트니스
야탑장안태권도장(129-99-62257)
[종목 : 태권도]
[시설소개 : ]
경기 성남시 분당구 장미로 55 (야탑동,
  장미마을) 동부상가 3층 장안태권도장
케이필라테스(429-21-01355)
[종목 : 필라테스]
[시설소개 : ]
경기 안산시 상록구 건건로 41 (건건동) 2층 필라테스
문폴댄스(105-29-74958)
[종목 : 폴댄스]
[시설소개 : ]
경기 남양주시 늘을2로 20 (호평동, CH리베로빌딩) 6층 문폴댄스
여성시대(205-48-09253)
[종목 : 요가]
[시설소개 : ]
경기 의정부시 오목로205번길 39 (민락동) 골든프라자1차305호
한국파워점핑줄넘기(752-98-01354)
[종목 : 줄넘기]
[시설소개 : ]
경기 하남시 감일백제로 101 (감이동) 5층 501호.502호(아리온프라자)
아리랑 태권도(132-92-54206)
[종목 : 태권도]
[시설소개 : 도전!
  용기! 인내! 아리랑 태권도 입니다]
경기 남양주시 화도읍 먹갓로 37 (묵현리,
  새마을상가) 새마을 상가 2층 아리랑 태권도
단국대 스타 태권도장(376-93-00568)
[종목 : 태권도]
[시설소개 :
  안양2동 no.1 스타 태권도
우리아이 바르고 건강하게 스타와 함께하세요.]
경기 안양시 만안구 안양로 412 (안양동) 2층
강화승룡종합체육관(137-90-24469)
[종목 : 태권도]
[시설소개 :
  무술전교육관 강화승룡종합체육관
태권도 킥복싱 다이어트 전문선수 육성
  강화군 유일 종합체육관
정신건강 육체적건강 가족처럼 웃으면서 운동을 배울수 있는 곳입니다.
늦었다고 생각할때가 시작 하는 시기입니다.
지금 도전하세요~^^]
인천 강화군 강화읍 갑룡길 76-17 (갑곳리) 승룡종합체유관
초월헬스(896-08-01347)
[종목 : 헬스장]
[시설소개 :
  초월헬스 다이나믹짐]
경기 광주시 초월읍 쌍동리 181-8 쌍동리181-8 4층
필라테스로운(618-63-00413)
[종목 : 필라테스]
[시설소개 : ]
인천 서구 청라커낼로288번길 10 (청라동,
  더스페이스타워) 5층 필라테스로운
탑클래스 영어태권도(273-94-01251)
[종목 : 태권도]
[시설소개 : ]
경기 의정부시 능곡로 56 (신곡동) 갑오빌딩3층 탑클래스 영어태권도
동탄경희대lionsrar태권도장(447-99-01143)
[종목 : 태권도]
[시설소개 : ]
경기 화성시 동탄기흥로353번길 99-7 (오산동) 안강프라이빗에듀4층
보니따필라테스 부천 중동점(398-17-01603)
[종목 : 필라테스]
[시설소개 : ]
경기 부천시 부흥로 224 (중동) 6층
골프존파크 가정루원시티점(381-15-00960)
[종목 : 골프]
[시설소개 : ]
인천 서구 가정동 618-5 7층 골프존파크
점핑스타옥길점(459-17-01534)
[종목 : 트램폴린]
[시설소개 :
  트램폴린위에서 신나는 음악과 함께 관절에 무리없이 남녀노소 누구나 즐겁게 따라 할 수 있는 운동!!
한시간에 1000kcal 소모.
성장기 어린이는 성장판을 자극하여 키성장에 도움을 주며 흥미를 가지고 운동할 수 있어요!!]
경기 부천시 양지로 208 (옥길동, 지음프라자) 3층 점핑스타
클럽훈짐 루원시티점(109-28-42956)
[종목 : 헬스장,개인PT]
[시설소개
  : 안녕하세요 클럽훈짐 루원시티점 입니다!
저희 클럽훈짐은 항상 회원을 우선시하며, 다양한 운동프로그램으로 각 역량에 맞는 프로그램을 선택하여
보다 더 효과적인 운동을 할 수 있다는 장점이 있고, 피트니스 대회도 개최함으로서 선수들을 육성하는 종합 스포츠센터 입니다
회원님들의 몸과 마음의 건강을 위하여 늘 발전하고, 노력하는 클럽훈짐이 되겠습니다!
클럽훈짐을 찾아주신 모든 회원님들 감사합니다.]
인천 서구 새오개로111번안길 19 (신현동)
  서종빌딩 2층 클럽훈짐 루원시티점
H요가(598-23-01219)
[종목 : 요가]
[시설소개 : 요가]
경기 용인시 수지구 만현로 106 (상현동, 만현프라자) 1동3층301호
베스트 유소년 축구 클럽(408-61-00020)
[종목 : 축구]
[시설소개 :
  베스트fc]
경기 남양주시 다산동 6019 아지타워 4층
고려장현검도체육관(122-94-26105)
[종목 : 검도]
[시설소개 : ]
경기 남양주시 진접읍 장현로88번길 5 (장현리, 시티프라자) 405호
퍼스트웰니스헬스골프사우나피티무에타이스포츠센터에프더블유씨(220-87-77763)
[종목 : 헬스 골프 PT 무에타이 사우]
[시설소개 : 건강하고 행복한 삶을 살기위한 선택! FWC종합스포츠센터에서 시작하세요]
인천 연수구 해돋이로 107 (송도동, 송도
  더샵 퍼스트월드) G동 128호, 129호
에스바디워크필라테스민락점(209-85-24004)
[종목 : 필라테스]
[시설소개 : ]
경기 의정부시 천보로 69 (민락동) 정원프라자3층
클럽훈짐석남점(433-15-00539)
[종목 : 헬스]
[시설소개 : 클럽훈짐
  석남점은 20년경력에 엘리트코치들로써 회원님들의 목적에 맞쳐서 프로그램을 진행하고 있으며,다이어트 성장 근력강화 1:1수업으로
  100%만족을 달성하며, 민음과 신뢰로 진행 하고있습니다.]
인천 서구 신석로 79 (석남동, 무한빌딩) 3층클럽훈짐
옥정s(에스)라인다이어트(304-35-00511)
[종목 : 그 외 기타 스포츠시설 운영업,점핑피트니스]
[시설소개 : ]
경기 양주시 옥정로 147 (옥정동) 중앙프라자 4층 401호
다부짐휘트니스(142-09-61513)
[종목 : 휘트니스]
[시설소개 : ]
경기 용인시 수지구 동천로 39 (동천동, 동천코아프라자) 5층
JMS휘트니스 백석본점(489-88-00685)
[종목 : 헬스]
[시설소개 :
  헬스/요가/필라테스/줌바/다이어트댄스
일산 최고시설 JMS휘트니스 백석본점입니다]
경기 고양시 일산동구 중앙로 1036
  (백석동, 베스트 고양터미널) 6층 JMS휘트니스
jn폴댄스(770-27-00412)
[종목 : 폴댄스]
[시설소개 :
  성남폴댄스 전문학원]
경기 성남시 중원구 광명로 13 (성남동) 3층
보니따 필라테스 인천 주안점(366-02-02386)
[종목 : 필라테스]
[시설소개 : ]
인천 미추홀구 주안로 112 (주안동, 대동빌딩) 4층(주안동, 대동빌딩)
피망당구장(803-09-01696)
[종목 : 당구장]
[시설소개 : ]
경기 의정부시 동일로 671 (금오동) 3층
골프존파크 화도마석점(579-10-01601)
[종목 : 스크린골프장]
[시설소개 :
  ]
경기 남양주시 화도읍 묵현리 148-2 지하층
용인대신성태권도(123-92-30442)
[종목 : 태권도]
[시설소개 : ]
경기 안양시 만안구 연현로79번길 19 (석수동, 석수프라자) 403,404호
강화태권도체육관(217-99-59326)
[종목 : 태권도]
[시설소개 :
  태권도]
인천 강화군 강화읍 북문길 6 (관청리, 중앙사진관) 강화태권도체육관
용인대국가대표태권도(475-99-00625)
[종목 : 태권도]
[시설소개 :
  태권도]
경기 남양주시 다산지금로 141 (다산동,
  다산지금지구 근생9-3) 제일프라자503,504호
스타디온(859-86-01007)
[종목 : 피트니스/ 크로스핏]
[시설소개 : Turn on your energy!]
경기 성남시 분당구 동판교로177번길 25
  (삼평동, 판교 호반 써밋 플레이스) 지하1층
부광탁구클럽(626-44-00354)
[종목 : 탁구]
[시설소개 : ]
경기 부천시 석천로170번길 19 (중동, 부광프라자) 지하1층
룩스필라테스 동백백현점(247-87-02025)
[종목 : 필라테스]
[시설소개 :
  룩스필라테스 동백백현점]
경기 용인시 기흥구 동백7로 79 (동백동,
  두빈빌딩) 7층 룩스필라테스 동백백현점
파주클라이밍(141-05-89806)
[종목 : 스포츠클라이밍]
[시설소개 :
  파주클라이밍 입니다
금촌역 도보 5분거리]
경기 파주시 마무리길 90 (금촌동, 대도빌딩) 3층
커브스호계클럽(864-10-01469)
[종목 : 헬스.에어로빅]
[시설소개 :
  여성전용30분.근력.유산소.스트레칭 순환운동]
경기 안양시 동안구 포도원로 4 (호계동) 201호
경희상무태권도장(332-99-00876)
[종목 : 줄넘기,태권도]
[시설소개 :
  ]
경기 김포시 전원로 32 (운양동,
  전원마을월드1단지아파트) 전원마을 1단지 내 상가 3층
경희대ATM태권도(565-90-00809)
[종목 : 태권도]
[시설소개 :
http://blog.naver.com/kgy4544]
경기 김포시 풍무1로 61 (풍무동, 대우프라자) 8층
라이즈짐 곤지암점(223-05-96496)
[종목 : 헬스]
[시설소개 : ]
경기 광주시 곤지암읍 삼리 98-4 2층 라이즈짐
히터스유소년야구단(667-90-01725)
[종목 : 야구]
[시설소개 :
  히터스유소년야구단[동탄점]]
경기 화성시 금곡로 203 (금곡동) 3층 히터스유소년야구단
서현당구장(163-12-01943)
[종목 : 당구장]
[시설소개 : ]
경기 성남시 분당구 분당로53번길 10 (서현동, 동호플라자) 4층 401호
베스트 유소년 축구 클럽(408-61-00020)
[종목 : 축구]
[시설소개 :
  베스트fc]
경기 남양주시 다산동 6019 아지타워 4층 베스트 유소년 축구 클럽
킥바디핏(355-40-01036)
[종목 : 헬스 및 킥복싱 무술교육기관]
[시설소개 : ]
경기 화성시 동탄반석로 205 (반송동,
  동탄시범한빛마을 삼부르네상스) 105호 킥바디핏
오브필라테스(213-39-00886)
[종목 : 필라테스]
[시설소개 : ]
경기 수원시 영통구 덕영대로 1478
  (망포동, 망포역 포레 스퀘어) 오브필라테스
영재스크린골프(287-07-01721)
[종목 : 스크린골프]
[시설소개 : ]
경기 여주시 여주남로 343 (연라동) 영재스크린골프
제스필라테스(612-42-00540)
[종목 : 필라테스]
[시설소개 : 저희
  제스필라테스는 1:1, 2:1, 3:1 수업으로 이루어져있으며, 체형교정, 산전산후, 키즈, 등등
다양한 프로그램으로 진행됩니다]
경기 안산시 상록구 용신로 254 (사동) 2층
유노점프 인천(289-17-00727)
[종목 : 음악줄넘기]
[시설소개 :
  키는 쑥쑥~ 살은 쏙쏙~
줄넘기로 아이들의 건강을 그립니다.
""키성장&다이어트""]
인천 부평구 충선로209번길 13 (삼산동, SM프라자) 5층 504, 505호
주식회사 비식스 휘트니스(644-88-02048)
[종목 : 헬스클럽]
[시설소개 : ]
경기 수원시 팔달구 고매로 1 (고등동, 엘리시아) 4층 전체
동백검도관(123-90-74669)
[종목 : 검도]
[시설소개 : ]
경기 용인시 기흥구 동백중앙로 352
  (동백동, 신동백빌딩) 602호 동백검도관
핫요가 퀸(231-01-11205)
[종목 : 요가]
[시설소개 : ]
경기 포천시 소흘읍 송우로 76 (송우리, 랜드프라자) 801호 핫요가 퀸
무궁화 체육관(138-95-00640)
[종목 : 태권도]
[시설소개 :
  남녀노소 모두가 즐길 수 있는 태권도장
경희대 무궁화 체육관!!]
경기 안양시 동안구 동안로 13 (호계동,
  무궁화아파트 상가동) 건영상가 4층 경희대 무궁화 체육관
리핏피트니스(207-20-61829)
[종목 : 헬스장]
[시설소개 : 헬스/
  요가/댄스/P.T]
경기 광명시 오리로 856 (철산동) 지하2층
경희대 호림 태권도장(654-94-00451)
[종목 : 태권도]
[시설소개 : ]
경기 동두천시 중앙로 110-17 (지행동,
  현대프라자) 201호 경희대 호림태권도장
한마음스크린골프(123-36-21971)
[종목 : 골프존투비젼]
[시설소개 :
  골프존투비젼입니다.]
경기 안양시 만안구 예술공원로52번길 13 (안양동) 1층
서영스크린골프(416-29-21803)
[종목 : 스크린골프]
[시설소개 :
  인천 강화도 스크린골프장입니다
골프존파크 최신시설로 투비전플러스 듀얼플레이트가 준비되어있습니다.
연습타석 임팩트비전으로 이용 가능하십니다^^]
인천 강화군 선원면 중앙로210번길 31-14
  (창리) 골프존파크 선원서영스크린점
파크농구교실(130-46-15573)
[종목 : 농구교실]
[시설소개 : ]
경기 부천시 평천로 597 (상동, 부천자동차백화점) 301호
피트니스H(641-45-00651)
[종목 : 헬스]
[시설소개 : 여주
  프리미엄헬스장]
경기 여주시 여양로 292 (오학동) 2층 피트니스에이치
클라임잇(651-88-01974)
[종목 : 실내클라이밍센터]
[시설소개
  : ]
경기 시흥시 배미골길 24 (목감동, (주)아이지디) 1층
MTA태권도(523-99-00263)
[종목 : 태권도]
[시설소개 : ]
인천 미추홀구 용정공원로 33 (용현동, 인천 SK Sky VIEW) B상가 2층
위시티24시당구클럽(299-70-00369)
[종목 : 당구장]
[시설소개 :
  대대2대 중대5대 당구장입니다]
경기 고양시 일산동구 위시티로 59 (식사동, 썬프라자) 2층206호
피트니스신(505-16-64965)
[종목 : 실내체육시설]
[시설소개 :
  ]
경기 의정부시 서부로720번길 16 (가능동) 5층
아이사랑태권도(626-91-00891)
[종목 : 태권도]
[시설소개 : 인천시
  서구 검암동 태권도장]
인천 서구 승학로 584 (검암동, 힘찬프라자) 401호
유하점핑(517-18-01666)
[종목 : 점핑]
[시설소개 : ]
경기 시흥시 배곧5로 74 (배곧동, 지음프라자 ll) 201호 유하점핑
지아필라테스(229-68-00334)
[종목 : 필라테스]
[시설소개 : ]
경기 성남시 분당구 미금로 63 (구미동, 무지개마을) 301동 404호
선한검도관(410-96-56285)
[종목 : 검도]
[시설소개 : 인천시
  연수구 옥련동 유일의 대한검도회 공인도장 , 선한검도관]
인천 연수구 한진로 23 (옥련동, 로얄프라자) 5층 선한검도관
경희대석사경무태권도(135-90-85683)
[종목 : 태권도]
[시설소개 : 장안구
  정자동에 위치한 경희대석사 경무태권도 입니다,]
경기 수원시 장안구 만석로159번길 39
  (정자동, 경남프라임코아) 경희대석사경무태권도
한체대 명문화랑 태권도장(198-92-00700)
[종목 : 태권도 & 파워점핑 줄넘기]
[시설소개 : 키즈 아크로 바틱 & 파워 점핑 줄넘기 가맹점
한국 스포츠 아동 인성 전문교육기관이며 아이들의 바른 체형과 키크기 성장을 위한 아크로 바틱 수업과 파워 점핑 줄넘기 지도
  교육관입니다.]
경기 시흥시 옥구천동로 449 (정왕동,
  부성파스텔아파트 상가동) 3층 한체대 명문화랑 태권도장
경희대석사 올림픽 태권도장(429-96-00596)
[종목 : 태권도]
[시설소개 : ]
경기 부천시 소사동로72번길 17 (소사본동, 아크리아Ⅲ) 504호
더피움 필라테스 병점점(229-51-00660)
[종목 : 필라테스]
[시설소개 :
  균형있는 아름다움의 시작, '더 피움 필라테스' 입니다.
1타3만 체육쿠폰 이용이 가능한 매장입니다.]
경기 화성시 병점로 37-6 (진안동, 메트로 프라자) 205호
철산합기도천기관(140-09-12791)
[종목 : 합기도]
[시설소개 : ]
경기 광명시 도덕공원로 23 (철산동, 서빈빌딩) 3층 합기도천기관
팀혁짐(219-71-00453)
[종목 : 헬스장]
[시설소개 : ]
인천 중구 중산동 1883-2 썬앤문타워3 3층 팀혁짐
엠댄스아카데미(128-91-90389)
[종목 : 댄스]
[시설소개 :
  SINCE 2003
18년 동안 많은 분들이 찾아 주시는 이유가 있습니다.
엠댄스화정본점은
2003년 오픈 / 엠댄스 화정본점은 처음 하시는 분들도 ​누구나 할 수 있는
취미반 부터 입시, 오디션 전문인 과정까지
5년 이상 경력의 10명 이상의 전문댄서 강사진들로 구성되어(실용무용교수, 원장님 직강)
다양한 장르(KPOP,힙합,걸스힙합,걸리쉬,왁킹,락킹,코레오,재즈,현대무용 등)를
기초부터 고급과정까지 진행 할 수 있는
댄스 전문학원입니다.
취미반은 재미있게 춤 배우면서 다이어트, 체형관리 까지 할 수있는 프로그램이고
입시 전문반은 현재 예고,예대 100% 합격으로
전문성을 입증하고 있어요.
처음 하시거나 몸치, 박치라고 걱정하지 마시고 문의 주세요.
고퀄리티의 춤을 배워보고 싶으신 분들도 많은문의 주세요.!!^^
문의&통합카페:
https://cafe.naver.com/mdancer]
경기 고양시 덕양구 화정로 53 (화정동) 새롬프라자8층 엠댄스 아카데미
브이점핑(166-02-01114)
[종목 : 점핑]
[시설소개 : 불로동
  이디야 4층]
인천 서구 검단로 783-1 (불로동) 한국REM빌딩 4층
김포스트라이크존(202-19-10450)
[종목 : 스크린야구장]
[시설소개 :
  ]
경기 김포시 김포한강4로 515 (구래동) 3층
인더스피아 골프존(486-51-00642)
[종목 : 스크림골프]
[시설소개 :
  인더스피아 골프클럽 인도어연습장에 위치한 스크린골프장입니다 ^^]
경기 성남시 중원구 사기막골로105번길 27
  (상대원동, 중앙인더스피아3) 2층 인더스피아 골프존
팀비스트(709-63-00500)
[종목 : 헬스 PT]
[시설소개 :
  팀비스트는 다릅니다!
그동안의 티칭 노하우를 바탕으로 개인별 맞춤 프로그램을 설계해드리는 1:1 전문 PT센터 입니다.
다이어트뿐만이아니라 재활, 교정 개인 운동 식단 생활 식습관 등  관리해드립니다.
메뉴얼 적인 운동프로그램이 아닌 각 개인별 수준에 맞는 운동 프로그램 표를 제공해 드리며
확실한 변화를 보장합니다.
1. 국가대표 운영 PT센터
인천 유일 ""현"" 국가대표 조민규 보디빌더가 운영하는 PT센터
(아시아선수권 , 올림피아 동메달리스트)
트레이너 선생님들도 트레이닝 받는 이곳 PT는 팀비스트
2. 시설 또한 국가대표 급 , 전체 수입 웨이트 , 유산소 기구
- 송도 유일 각종 수입 머신 (프리코 , 이카리안 , 바디마스터 , 유니버샬 , 플렉스 , 호이스트 , 싸이벡스 , 부티빌더 ,
  매트릭스 , 파라마운트)
- 맥그립 , 각종 다양한 그립 / 덤벨 최대 60kg 보유
- 쾌적한 프라이빗 한 샤워공간
- 유산소 기구 런웨이 (등산효과) , 천국의 계단 (클라이밀) ,  TV일체형 런닝머신 미러링이 가능한 유산소 머신
운동은 어떤 선생님과 어디서 어떻게 운동하느냐가 중요합니다.
같은 돈을 지불하더라도 최대의 효과를 볼수있는 곳
운동 시간을 절약할 수 있는 곳
운동 습관을 올바르게 만들어 주는 곳
현 국가대표 조민규 선수가 운영하는 팀비스트
트레이너 선생님들도 트레이닝을 받는 이 곳!
일반인 부터 선수 트레이닝 까지 가능한 이 곳!
근처 다른 곳에서 상담 받고 오셔도 됩니다. 자신있습니다! 실력으로 승부하겠습니다.
팀비스트와 함께 시작해보세요!!
상담문의 032 834 8296]
인천 연수구 해돋이로 102 (송도동) 4층
황수민메디요가월필라테스(314-26-77897)
[종목 : 필라테스요가]
[시설소개 :
  ]
경기 동두천시 중앙로 134-24 (지행동) 3층
충훈태권도장(123-90-43905)
[종목 : 태권도]
[시설소개 :
  2층:초등부 전용도장
3층:유치부 전용도장]
경기 안양시 만안구 충훈로 93 (석수동) 2층,3층
제이폭스멀티짐(122-92-62558)
[종목 : 복싱,킥복싱,주짓수,다이어트]
[시설소개 : 계양구,계산동주민여러분들의 건강을책임지는
제이폭스멀티짐본점 계산점입니다.
복싱,킥복싱다이어트,주짓수,다이어트프로그램으로 열성레슨도와드립니다.]
인천 계양구 경명대로 1074 (계산동,
  삼환1빌딩) 지하1층 제이폭스멀티짐
히터스베이스볼센터(436-92-00465)
[종목 : 야구교실]
[시설소개 :
  민간체육시설.
야구교실]
경기 용인시 처인구 포곡읍 석성로888번길
  13 (마성리) 히터스베이스볼센터
에이원당구장(390-08-00821)
[종목 : 당구장]
[시설소개 : ]
경기 김포시 풍무동 595 스타프라자 3층
타임짐피트니스(202-18-81448)
[종목 : 헬스, 골프, GX(요가, 줌바댄스)]
[시설소개 : 하남시 대명상가6층 타임짐피트니스입니다 :)]
경기 하남시 더우개로 29 (신장동, 대명상가(지우제)) 6F, 7F
핏플레이스(466-72-00148)
[종목 : 피트니스]
[시설소개 : 청라
  개인피티&여성전용 그룹트레이닝 스튜디오입니다.]
인천 서구 크리스탈로102번길 22 (청라동) 경연타워 907,908,909호
J휘트니스 복정2호점(598-76-00201)
[종목 : 헬스장]
[시설소개 : ]
경기 성남시 수정구 복정로 135 (복정동,
  미보빌딩) 2층 J휘트니스 복정2호점
비너스 폴댄스(780-22-00165)
[종목 : 폴댄스]
[시설소개 :
  안녕하세요~ 건강한 움직임을 배우고 즐기는 비너스 폴댄스 입니다.]
인천 남동구 예술로 138 (구월동, 이토타워) 622호
바디어필 휘트니스(159-02-02286)
[종목 : 헬스]
[시설소개 : 호원동
  최고시설 바디어필 휘트니스]
경기 의정부시 호원동 455 4층
코리아탁구클럽(309-06-62787)
[종목 : 탁구]
[시설소개 :
  코리아탁구클럽은 권선구 금곡동 호매실프라자3층에 위치하고 있으며 현재 오전 오후 저녁반 주말반으로 운영하고 있습니다]
경기 수원시 권선구 금곡로102번길 38
  (금곡동) 호매실프라자3층 코리아탁구클럽
오필승당구장(679-12-00736)
[종목 : 당구장]
[시설소개 : 병점
  진안동 오필승당구장입니다
많이들 놀러오세요^^]
경기 화성시 효행로 1027 (진안동) 4층
고려태권아카데미(407-98-58831)
[종목 : 태권도]
[시설소개 : ]
경기 양주시 삼숭동 685-1 1상가 2층 고려태권아카데미
점프스쿨 수원매탄센터(367-97-01334)
[종목 : 줄넘기]
[시설소개 : 수원시
  매탄동에 위치한 음악줄넘기 전문교육관 입니다.]
경기 수원시 영통구 매탄로 102 (매탄동, 이삭프라자) 504호
처인탁구클럽(696-19-01272)
[종목 : 탁구]
[시설소개 : ]
경기 용인시 처인구 포곡읍 둔전로47번길 21
  (둔전리, 라데팡스) 4층 401호
아이콘짐(138-08-36793)
[종목 : 헬스]
[시설소개 : ]
경기 안양시 동안구 흥안대로 527 (관양동, 스타타워빌딩) 8층
한국석사태권도장(734-97-00160)
[종목 : 태권도]
[시설소개 : ]
경기 파주시 탄현면 하늘소로 106 (법흥리, 정림빌딩) 301호
한새정필라테스(781-17-01047)
[종목 : 필라테스]
[시설소개 : ]
경기 수원시 장안구 정조로 1042 (송죽동) 2층 한새정필라테스
경희TOP점핑센터(595-28-00308)
[종목 : 줄넘기]
[시설소개 :
  음악줄넘기전문학원]
경기 평택시 평남로 929 (비전동, 우리타워) 205호
킹스크린골프(585-08-02091)
[종목 : 스크린골프]
[시설소개 : ]
경기 이천시 장호원읍 서동대로 8441 (대서리) 1동 킹스크린골프존
부영점핑다이어트(843-24-00378)
[종목 : 점핑]
[시설소개 : 인천논현
  점핑하이]
인천 남동구 논고개로 101 (논현동, 아름다운타워) 12층 1202호
숲속마을스크린골프존(786-45-00255)
[종목 : 스크린골프]
[시설소개 :
  스크린골프.골프존]
경기 의왕시 포일동 661-2 포럭스타타워 3층 303호 304호
리베라스크린(골프존파크
  동탄리베라점)(138-13-73623)
[종목 : 스크린골프]
[시설소개 : ]
경기 화성시 동탄신리천로 268 (오산동)
  베라프라자 4층 골프존파크 동탄리베라점
동두천충효태권도(898-90-00989)
[종목 : 태권도]
[시설소개 : ]
경기 동두천시 지행로 50 (지행동,
  성지에스앤비타워) 706호 충효태권도장
용인대국가대표태권도장(127-91-14578)
[종목 : 태권도]
[시설소개 : ]
경기 양주시 옥정로5길 35 (옥정동,
  e편한세상 옥정어반센트럴) 단지내상가 201호 국가대표옥정태권도
안남가온태권도장(599-91-01036)
[종목 : 태권도]
[시설소개 : ]
인천 계양구 경명대로1114번길 31
  (계산동) 소망빌딩3층 안남가온태권도장
뮤토스튜디오(220-10-31178)
[종목 : 필라테스 & 자이로토닉]
[시설소개 : 정발산역에 위치한 필라테스(개인, 듀엣, 4인 그룹레슨)와
자이로토닉(개인, 듀엣레슨) & 자이로키네시스(6인 그룹레슨)
스튜디오 입니다.]
경기 고양시 일산동구 정발산로 38 (장항동,
  장항동이스턴시티) 307호 뮤토스튜디오
오케이당구클럽(430-32-00482)
[종목 : 당구장 운영업]
[시설소개 :
  ]
경기 평택시 지산천로 78 (독곡동) 2층 오케이당구클럽
채림필라테스(612-22-53132)
[종목 : 필라테스]
[시설소개 :
  부평유일 3대1 소그룹 기구필라테스
프리미엄 기구 사용
센터 소독 및 충분한 운동공간 완비]
인천 부평구 부평대로 138 (부평동, 부평
  신일유스테이션 오피스텔) 2층 213호 채림필라테스
레인보우키즈풀(609-99-46355)
[종목 : 어린이수영]
[시설소개 : ]
경기 군포시 용호1로2번길 21 (당동) 1층 레인보우키즈풀
룩스필라테스위례아티움점(638-85-01489)
[종목 : 기구필라테스]
[시설소개 :
  안녕하세요 룩스필라테스 위례아티움점입니다
[PREMIUM STUDIO] 개인/듀엣/4:1소그룹
개인맞춤 프로그램, 체형교정, 남성, 키즈,
및 체형분석 엑스바디, 인바디를 갖춘
위례아티움점 에서 프리미엄 레슨을
최저가에 이용할 수 있는 기회를
만들어 드립니다.]
경기 성남시 수정구 위례광장로 300
  (창곡동, 창곡동 509번지) 10층. 1003호
J휘트니스 복정점(496-17-00887)
[종목 : 헬스장]
[시설소개 : ]
경기 성남시 수정구 복정로 41 (복정동) 2층 J휘트니스 복정점
골프존파크 일직ktx광명역점(718-50-00498)
[종목 : 스크린골프]
[시설소개 : ]
경기 광명시 신기로17번길 11 (일직동) 7층
핑퐁엔조이 탁구 클럽(864-30-00925)
[종목 : 탁구장]
[시설소개 : 전용
  면적 100평 규모의 프리미엄 탁구 클럽입니다.]
경기 오산시 수목원로 606 (세교동, 오산세교CL타워) 208호, 209호
충의태권도(449-95-00763)
[종목 : 태권도]
[시설소개 : ]
인천 서구 청라라임로122번길 14-1
  (청라동) 1층 충의k타이거즈태권도장
한국체대새나라태권도장(207-99-39788)
[종목 : 부천시 범안로118 한국체대새나라태권도장]
[시설소개 : 부천시 범안로118 한국체대새나라태권도장]
경기 부천시 범안로 118 (범박동, 영플러스(범박)) 301호,302호
바디랩필라테스(292-31-01053)
[종목 : 필라테스]
[시설소개 :
  서울에서 수도권으로 근 10년이상 일반.직장인에서부터 무용수, 국가대표 운동선수까지 수많은 케이스를 연구하고 관리한 경험과 노하우로 다져진
  운동처방사 원장이 운영하는 바디랩 필라테스 입니다.]
경기 의왕시 안양판교로 103 (포일동,
  포레스타타워) 4층 403호 바디랩필라테스
팀라이온(828-94-01309)
[종목 : 합기도, 주짓수, 다이어트킥복싱]
[시설소개 : 합기도, 주짓수, 다이어트 킥복싱]
인천 부평구 안남로 261 (산곡동, 전방프라자) 402호
역북리더스태권도장(571-98-00436)
[종목 : 태권도]
[시설소개 : ]
경기 용인시 처인구 명지로40번길 16 (역북동) 6층 603,604호
에스아이 스포츠(363-97-00691)
[종목 : 태권도 발레 체형관리]
[시설소개 : ]
경기 용인시 수지구 신봉2로 86 (신봉동) 지하 1층 에스아이 스포츠
팀에이휘트니스(525-04-01338)
[종목 : 헬스]
[시설소개 : ▪️
  200평대 영통 청명역, 영통입구 부근 최대규모 헬스장&기구필라테스
▪️ 웨이트존, 유산소존 별도 분리
▪️ 최신식 프리미엄 머신 풀 세
▪️ 기구필라테스 등록시 헬스이용권 제공
#뷰맛집 #운동맛집 #기구맛집
⏰운영시간 : 평일 7-11/주말 12-6시
☎전화 031-204-9980]
경기 용인시 기흥구 영통로525번길 24
  (영덕동, 황곡프라자) 5층 팀에이휘트니스
비전휘트니스 매탄점(743-85-01684)
[종목 : 헬스장]
[시설소개 : ✔️
  매탄동 200평대 호텔식 프리미엄 휘트니스
✔️ 국내/외 운동기구 (해머스트렝스/라이프/사이벡스/프리코/뉴텍 등)
✔️ 국/내 외 선수출신 강사진의 차별화된 회원관리
✔️ 매탄동 최초 24시간 휘트니스]
경기 수원시 영통구 인계로 260 (매탄동,
  우영프라자) 4층 비전휘트니스매탄점
한솔 태권도장(435-99-00670)
[종목 : 태권도]
[시설소개 : ]
인천 중구 은하수로 351 (중산동,
  하늘도시우미린1단지) 후문 상가2층 201~203호 한솔 태권도장
비비필라테스(175-38-00971)
[종목 : 필라테스]
[시설소개 : ]
경기 안양시 동안구 관양동 1603-8 지하1층
하안동천인합기도(250-96-01233)
[종목 : 합기도]
[시설소개 : ]
경기 광명시 하안로 310 (하안동, 다래빌딩) 3층305호
DS당구클럽(167-58-00186)
[종목 : 당구]
[시설소개 : 샘테이블
  대다 2대 중대 8대 2층당구장입니다]
경기 평택시 안중읍 안현로서6길 5 (현화리, 덕진빌딩) 2층 DS당구클럽
온정필라테스&PT(484-21-01444)
[종목 : 필라테스]
[시설소개 : ]
인천 부평구 마장로 320 (산곡동,
  한화프라자) 207호 온정필라테스&pt산곡점
빌텍당구장(608-43-20734)
[종목 : 당구]
[시설소개 : ]
인천 서구 가정로 109 (가좌동) 2층 빌텍당구장
태비태권도(428-91-01471)
[종목 : 태권도]
[시설소개 : ]
경기 부천시 계남로 104 (중동, 금강마을) 금강마을아파트 상가 지층
디원파크(792-39-00619)
[종목 : 축구,인라인,야구,농구,유아체육,학교체육]
[시설소개 : ]
경기 양주시 은현면 화합로1080번길 174 (용암리) 2호
한국체대 최강태권도(704-97-00591)
[종목 : 태권도 . 줄넘기]
[시설소개
  : ]
인천 계양구 안남로554번길 10 (효성동) 2층 한국체대 최강태권도
엘리트태권도 점프윙스줄넘기클럽(137-91-18528)
[종목 : 줄넘기 태권도]
[시설소개 :
  엘리트태권도 점프윙스줄넘기 클럽은 2006년개관하여 현재까지 태권도 전용관 줄넘기 전용관에서 수업을 하고있습니다.]
경기 김포시 사우중로74번길 29 (사우동, 시그마프라자) 201
넥스트휘트니스(381-59-00606)
[종목 : 토탈 휘트니스]
[시설소개 :
  일산 최대규모 500평
헬스 / GX / PT
해외프리미엄 최신식 머신]
경기 고양시 일산동구 정발산로 31-21
  (장항동, 맥클린21) 4층 넥스트휘트니스
J토탈휘트니스(129-38-73845)
[종목 : 헬스장]
[시설소개 : ]
경기 성남시 수정구 수정로 52 (수진동) 4층
당나라당구장(470-08-00317)
[종목 : 당구장]
[시설소개 :
  당구장입니다.]
인천 남동구 호구포로 903 (간석동, 로얄빌딩) 5층 당나라당구장
바론필라테스 동탄점(551-62-00092)
[종목 : 필라테스]
[시설소개 :
  재활전문 기구필라테스센터]
경기 화성시 반송동 88-1 제일프라자 303호
더바디랩필라테스 안산점(796-11-01483)
[종목 : 필라테스]
[시설소개 : ]
경기 안산시 상록구 예술광장로 23 (월피동) 3층 더바디랩필라테스
국제멀티스포츠1(427-07-01765)
[종목 : 스피닝]
[시설소개 : 옥정동
  국제멀티스포츠는 키즈.여성전용 스피닝 시설입니다.]
경기 양주시 옥정동로7다길 94 (옥정동) 국제프라자 601호
오케이(OK)당구클럽(380-40-00746)
[종목 : 당구]
[시설소개 : 가좌동
  당구클럽입니다]
인천 서구 가정로125번길 14 (가좌동) 2층
경희대청람태권도장(237-90-00603)
[종목 : 태권도]
[시설소개 : ]
인천 서구 청라한울로 96 (청라동,
  청라제일풍경채2차에듀앤파크) 후문상가 207호 경희대청람태권도장
에스테니스아카데미(754-24-01188)
[종목 : 테니스]
[시설소개 :
  실내테니스장]
경기 부천시 소향로 195 (중동,
  루미아트클래식) 2층 에스테니스아카데미
필라테스그릿 위례점(330-02-01108)
[종목 : 기구필라테스]
[시설소개 :
  기구필라테스, 무료 체험으로 시작하세요]
경기 성남시 수정구 위례광장로 300
  (창곡동, 창곡동 509번지) 905호, 906호
헬스클럽피플(171-18-00059)
[종목 : 헬스클럽]
[시설소개 :
  헬스클럽]
인천 연수구 학나래로6번길 6 (선학동, 서천빌딩) 6층
버들골프아카데미(208-32-92935)
[종목 : 골프연습장]
[시설소개 : ]
경기 화성시 우정읍 버들로 979 (주곡리) b동 2층
아이두(138-09-88226)
[종목 : 필라테스,실내골프연습장]
[시설소개 : ]
경기 안양시 동안구 흥안대로 527 (관양동, 스타타워빌딩) 7층
경희대태권도(130-91-45441)
[종목 : 태권도]
[시설소개 : ]
경기 부천시 조마루로285번길 50 (중동, 골드존타워) 404호
명지타이거태권도장(148-94-00785)
[종목 : 태권도]
[시설소개 :
  명지태권도]
인천 부평구 부평북로 446 (삼산동,
  우리빌딩) 502호 행복한동행1명지타이거태권도장
골프존파크수기리점(346-06-01815)
[종목 : 스크린골프]
[시설소개 :
  최신식 스크린골프장]
경기 화성시 봉담읍 세자로 351-2 (수기리) 골프존파크수기리점
업투 일산탄현점(409-68-00508)
[종목 : 체력 단련시설 운영업]
[시설소개 : ]
경기 고양시 일산서구 일현로 137 (탄현동) 2층 업투휘트니스
마린스타스위밍(237-21-01080)
[종목 : 수영]
[시설소개 : ]
경기 성남시 분당구 미금로33번길 26 (구미동, 효빌딩) 지하1층
이글휘트니스(483-78-00150)
[종목 : 헬스]
[시설소개 : ]
경기 성남시 수정구 창업로 42 (시흥동,
  판교 제2테크노밸리 경기 기업성장센터) b123호
온정필라테스&PT
  부천점(155-03-01713)
[종목 : 필라테스]
[시설소개 : ]
경기 부천시 부흥로 339 (중동, 부천 중동 스타팰리움) 301동 3-201호
힐링다이어트(334-11-01650)
[종목 : 힐링다이어트]
[시설소개 :
  원동점핑]
경기 오산시 경기대로 99-17 (원동,
  동부삼환아파트 상가) 상가동2층207호
금메달태권도장체육관(130-99-88354)
[종목 : 태권도]
[시설소개 :
  25년동안 한자리에서 열심히 아이들을 지도하고있습니다. 무언가를 가르친다는 것의 기본은 사랑입니다.]
경기 부천시 고강동 390-3 2층
한빛용인대 태권도장(132-95-03673)
[종목 : 태권도장]
[시설소개 : ]
경기 양평군 양평읍 관문길22번길 25 (공흥리) 한빛용인대 태권도장
빅박스당구장(198-20-00931)
[종목 : 당구장]
[시설소개 :
  대대4,중대4
. 최상의 당구대컨디션과 큐대 유지. 깨끗한 구장관리]
인천 계양구 작전동 614-5 태주빌딩4층
고고점핑다이어트(437-22-00709)
[종목 : 점핑운동]
[시설소개 : ]
경기 안산시 상록구 건건로 123 (건건동,
  한맥빌딩) 4층고고점핑다이어트
바바나 플라잉 &
  필라테스(481-36-00192)
[종목 : 요가
플라잉]
[시설소개 : 플라잉,일반요가,매트 필라테스,키즈 플라잉]
경기 김포시 운양동 1299-1 2층
214호
태양당구장(656-12-01668)
[종목 : 당구장]
[시설소개 : 언제나
  오시면 즐겁게 당구치실수 있는곳입니다~]
인천 미추홀구 낙섬서로 12 (용현동, 푸르메타운) 2층 태양당구장
챔피온당구클럽(848-10-01676)
[종목 : 당구장]
[시설소개 : 인천
  서구청역1번출구 앞에 위치한 대대전용당구클럽입니다.]
인천 서구 탁옥로 69 (심곡동, 준호빌딩) 3층 챔피온당구클럽
BMG한류태권도장(356-99-00907)
[종목 : 태권도]
[시설소개 : ]
경기 고양시 일산서구 한류월드로 300
  (대화동, 고양 원마운트) 원마운트 2층 BMG한류태권도장
와이엘배팅센터 의왕안양점(787-56-00574)
[종목 : 실내야구]
[시설소개 : ]
경기 의왕시 왕곡로 121 (왕곡동) 와니엘배팅센터 의왕안양점
팀에이치짐부천점(779-34-00867)
[종목 : 필라테스]
[시설소개 : ]
경기 부천시 심곡로9번길 47 (심곡본동, 휴먼스빌) 2츨
에스복싱짐(729-90-00188)
[종목 : 헬스/복싱]
[시설소개 : ]
인천 미추홀구 아암대로29번길 56 (용현동) 에스복싱짐
레이디필라테스(101-17-99987)
[종목 : 필라테스]
[시설소개 :
  아주대 유일한 대표님 원장님 직접 레슨 및 물리치료사/ 무용전공/ 피트니스선수 외 다양한 4년 이상의 베테랑 여성전용 스튜디오
  입니다.
아주대 최초 5:1소그룹레슨 / 1:1개인레슨 / 2:1듀엣 3:1트리플레슨 진행
회원님의 운동 목적에 따른,
- 건강 및 바디케어를 책임지고 소통을 통해 빠른 생활습관의 파악을 통해 문제점을 개선합니다.
​✔ 아주대 최초 5:1 소수인원 그룹레슨
✔ 대표님 원장님 실장님 상주 (그룹레슨, 개인레슨 진행)
✔ 물리치료사 강사님 근무 (그룹,개인레슨 진행)
✔️ 기구필라테스 (캐딜락,리포머,체어,바렐,스프링보드)
✔ 토요일 수업
✔️ 여성 전용 스튜디오
✔️ 자율예약제 및 횟수차감제
✔️국제필라테스 자격증 소지 전문강사 퀄리티 높은 수업
✔️ 아주대삼거리 위치
✔️자세교정,체형교정,산전산후,체력증진,근력강화,다이어트,몸매관리,건강관리
✔ 개인레슨 듀엣레슨 그룹레슨 체험권 사용가능
✔ 당일 등록시 푸짐한 혜택
✔️ 5층 여성전용 PT샵 해피타임 자유이용
✔ 카페테라스 해피타임 자유이용
✔ 건식 반신욕기 자유이용권
✅ 오전수업 전날 21시 까지 취소/변경 가능
✅ 오후수업 당일 수업 4시간 전까지 취소/변경 가능
✅ 수업 30분 전까지 예약 가능​
접기]
경기 수원시 영통구 중부대로 252 (매탄동) 4층 레이디필라테스
동백검도관(123-90-74669)
[종목 : 검도]
[시설소개 : ]
경기 용인시 기흥구 동백중앙로 352
  (동백동, 신동백빌딩) 6층 동백검도관
점핑머신 다산점(114-72-00397)
[종목 : 점핑피트니스]
[시설소개 :
  점핑머신 다산점]
경기 남양주시 다산중앙로 117 (다산동,
  다산진건지구 업무1-2) 안강E타워 402호
바디붐휘트니스 민락점(289-25-00057)
[종목 : 헬스장]
[시설소개 : 의정부
  최고의 체육시설]
경기 의정부시 오목로225번길 140
  (민락동) 성산타워 7층 바디붐휘트니스
용인대금성태권도장(503-94-87112)
[종목 : 태권도장]
[시설소개 : ]
경기 부천시 옥산로 81 (중동, 꿈마을) 209호
신봉동 웰스톤 스크린 골프존
  파크(664-79-00362)
[종목 : 스크린골프]
[시설소개 :
  golfzone park, 골프존파크, dual plate, laser projector, 수지 스크린골프, 수지구 스크린골프]
경기 용인시 수지구 신봉동 925 웰스톤 스크린 골프존파크
핏-BORN(106-46-04791)
[종목 : 필라테스 헬스클럽 (헬스PT,필라테스PT)]
[시설소개 : 안녕하세요.저희는 필라테스 헬스PT
전문 센터입니다.
많은 관심부탁드립니다.]
경기 남양주시 와부읍 덕소로 278 (도곡리, 강변스포렉스) 6층 1,2,3,4
엔요가필라테스(245-09-02055)
[종목 : 요가.필라테스]
[시설소개 :
  범박동N요가.필라테스.플라잉]
경기 부천시 범안로 133 (범박동, 보람월드프라자) 2층203호
보니따필라테스 광명하안점(111-37-53176)
[종목 : 필라테스]
[시설소개 : ]
경기 광명시 범안로 1050 (하안동) 100호
진선다이어트(464-25-00677)
[종목 : 점핑]
[시설소개 :
  오산점핑]
경기 오산시 오산로160번길 15 (원동, 코스모타워) 401호 진선다이어트
알파당구클럽(872-16-01176)
[종목 : 당구장]
[시설소개 : 경기도
  부천시 상동에 위치한
남녀노소
누구나 편리하게 즐기고 친목을 도모할 수 있는 쾌척한
  환경의
당구장]
경기 부천시 길주로77번길 19-38 (상동,
  굿모닝위너스빌) 2층 알파당구클럽
신동태권도(132-92-68321)
[종목 : 태권도]
[시설소개 : ]
경기 구리시 장자호수길 69 (교문동) 신명아파트상가2층 신동태권도
마이티 주짓수(881-63-00404)
[종목 : 주짓수]
[시설소개 : 금정역
  산본시장에 위치한 가성비 최고의 주짓수 체육관입니다.]
경기 군포시 금산로 102 (산본동) 3층
헬스보이짐권선점(140-85-27075)
[종목 : 헬스]
[시설소개 : ]
경기 수원시 권선구 동수원로 232 (권선동,
  센터블스파) 2층 헬스보이짐권선저
고산 국가대표태권도(325-91-01605)
[종목 : 태권도]
[시설소개 : ]
경기 의정부시 서광로 135 (산곡동, 센타프라자) 605호 국가대표태권도
요가스튜디오 나무(121-27-92804)
[종목 : 요가]
[시설소개 :
  하타요가와 아쉬탕가를 수련합니다.]
경기 용인시 기흥구 흥덕2로65번길 1-17 (영덕동) 1층
비피필라테스(BP PILATES)
  수지점(627-20-01404)
[종목 : 필라테스]
[시설소개 : ]
경기 용인시 수지구 만현로 82-4 (상현동,
  헤르메스상가) 4층 비피필라테스 수지점
점핑피트니스(879-21-00610)
[종목 : 점핑피트니스]
[시설소개 :
  다이어트 집중과리 전문센터
어린이 키 성장
재활운동 무룹 허리 관절보호
체력 강화
스트레스해소 30분에 500Kcal소모]
경기 평택시 중앙로 100 (합정동) 2층
오석탁구클럽(810-05-00789)
[종목 : 탁구]
[시설소개 :
  일반인들의 여가선용 및 운동증진을 위한 체육시설]
인천 서구 탁옥로97번길 16-3 (심곡동) 동도빌딩2층
유하점핑(517-18-01666)
[종목 : 점핑]
[시설소개 : ]
경기 시흥시 배곧5로 74 (배곧동, 지음프라자 ll) 201호 유하점핑
합기도용무체육관(148-43-00634)
[종목 : 합기도]
[시설소개 :
  정통합기도무술 (낙법, 권법, 발차기, 특수족술, 호신술, 포박술, 지팡이술, 봉술, 검도술, 연행술, 수인처치술, 격파술, 경호무술 등)
  4000여가지의 술기가 있으며 남녀노소 누구나 어려움없이 배울수 있는 합기도입니다.]
경기 평택시 용죽3로 21 (용이동) 다올빌딩 401호 합기도용무체육관
팀에이치짐(584-28-00711)
[종목 : 헬스]
[시설소개 : ]
경기 군포시 산본동 1137-1 501호
라이프플러스 휘트니스 신현점(620-30-00795)
[종목 : 헬스/줌바/댄스/요가/기구필라테스/ 외 10종목]
[시설소개 : 400평규모
200대이상 주차가능
해머스트랭스
라이프휘트니스 머신완비
여성전용 황토방 완비
헬스/줌바/댄스/요가/기구필라테스/ 외 10종목]
경기 광주시 오포읍 능평리 444 3층,4층 헬스장
머슬마니아짐(106-49-67671)
[종목 : PT샵]
[시설소개 :
  여성전용 피티전문샵/아주대삼거리위치/세계챔피언 부부 직접 지도 운영]
경기 수원시 영통구 중부대로 252 (매탄동) 5층 머슬마니아짐
안산클라이밍(150-01-00239)
[종목 : 클라이밍 암벽등반]
[시설소개
  : 실내 인공암벽시설 클라이밍 강습 트레이닝]
경기 안산시 단원구 다리간로 14 (고잔동, 신우빌딩) 지층 안산클라이밍
크로스핏 블루(807-55-00570)
[종목 : 피트니스]
[시설소개 : ]
경기 수원시 영통구 광교중앙로 180 (하동,
  광교 효성해링턴 타워 레이크) B124호
더메이커짐(572-58-00393)
[종목 : 헬스장]
[시설소개 : ]
경기 의왕시 포일세거리로 7 (포일동, 의왕농협 포일지점) 3층
비오엠피트니스 안양점(397-35-00885)
[종목 : 헬스장]
[시설소개 :
  프리미엄 피트니스 연중무휴 24시 운영 센터
헬스/PT/기구 필라테스/폴댄스]
경기 안양시 만안구 안양로 316 (안양동, VON PLAZA) 5층
리에이치스튜디오(752-40-00790)
[종목 : 필라테스]
[시설소개 : ]
경기 용인시 수지구 고기로 88 (동천동) 3층 302호 리에이치스튜디오
핏-BORN(106-46-04791)
[종목 : 필라테스 헬스클럽(헬스PT,필라테스PT)]
[시설소개 : 안녕하세요 핏본휘트니스 필라테스입니다.
저희는 필라테스와 웨이트 피티 전문 센터로 전문 강사진이 상주하고있는 센터입니다.
많은 관심부탁드립니다.]
경기 남양주시 와부읍 덕소로 278 (도곡리, 강변스포렉스) 6층 1,2,3,4 호
명학스크린골프존파크(748-07-02069)
[종목 : 골프 스크린]
[시설소개 :
  투비전 골프존파크 신형입니다.]
경기 안양시 만안구 만안로 35 (안양동, 빌로채) 209
STA PT (에스티에이pt)(803-36-00640)
[종목 : 피티샵]
[시설소개 :
  [PT, 다이어트, 체형교정, 바디프로필, 성장트레이닝 등]
STA PT는 회원님 만을 위한 1:1 맞춤 전문 트레이닝으로
회원님의 건강한 라이프 스타일을 선사합니다.
내 몸을 위한, 내 몸이 변하는 효과적인 트레이닝을 지금 경험하세요-!!]
경기 김포시 김포한강8로 410 (구래동,
  스타프라자) 스타프라자 9층 STA PT
유필라테스(501-56-00437)
[종목 : 필라테스]
[시설소개 : ]
경기 화성시 동탄순환대로 127-19 (산척동, 동탄에스비타운) 4층
참필라테스(645-01-01075)
[종목 : 필라테스]
[시설소개 : ]
경기 부천시 범안로 117 (범박동, 현대리치모아) 313호
현진참사랑인성태권도(587-92-00365)
[종목 : 태권도]
[시설소개 : 쾌적한
  환경과 재미있는 프로그램으로 태권도를 배울수있는 참사랑인성태권도입니다.]
경기 여주시 가남읍 경충대로 1472-28 (신해리) 1층 참사랑인성태권도
KG태권짐(125-90-66393)
[종목 : 태권도]
[시설소개 :
  태권도를 주 종목으로 농구와 축구 구장도 갖추고 있습니다.]
경기 평택시 청북읍 안청로1길 45-1 (옥길리) 5층
커브스호매실클럽(686-48-00295)
[종목 : 여성전용]
[시설소개 :
  여성전용 순환운동
근력 유산소운동]
경기 수원시 권선구 금곡로 100 (금곡동) 칠보프라자 503호
원모어(ONEMORE)(866-85-01575)
[종목 : 체력 단련시설 운영업]
[시설소개 : ]
경기 화성시 영천동 679-2 203~205호(영천동,아산랜트타워)
뉴핏
  필라테스&플라잉요가(197-42-00755)
[종목 : 필라테스]
[시설소개 :
  안녕하세요
몸과 마음이 예뻐지는 뉴핏필라테스&플라잉요가 인계점 입니다 :)
저희 센터를 찾아주셔서 감사합니다
저희 센터는 전통요가,현대요가,필라테스,플라잉요가 13가지의 다양한 수업을 진행하고 있습니다.
1:1의 자세한 상담과 회원님의 몸상태에 맞는 자세한 플랜으로 맞춤 운동이 가능합니다.
언제나 회원님의 건강을 기원하는 뉴핏필라테스가 되겠습니다
감사합니다]
경기 수원시 팔달구 인계동 368-1 태양빌딩 3층 뉴핏필라테스
봉캐롬클럽(515-14-02905)
[종목 : 당구장]
[시설소개 : 대대
  전용 당구장]
경기 고양시 일산서구 송포로 241 (가좌동) 2층 봉캐롬클럽
와이케이케이(YKK)(473-19-00404)
[종목 : 축구.생활체육]
[시설소개 :
  코끼리상가에 위치한 김연경 스포츠 아카데미 입니다~]
경기 성남시 분당구 내정로166번길 7-6
  (수내동, 파크타운대림아파트) 지하층2호
인하엘리트태권도(131-91-41356)
[종목 : 태권도]
[시설소개 :
  서창동의 제일 핫한 태권도장^^]
인천 남동구 서창남로 77 (서창동) 메인프라자7층 703.704호
그란필라테스(197-02-02117)
[종목 : 필라테스]
[시설소개 : 일산
  백석역 1:1 일대일/ 2:1 듀엣 전문
프라이빗 필라테스 센터]
경기 고양시 일산동구 일산로 38 (백석동, 우림오피스텔) 308호
나다움필라테스(264-28-00821)
[종목 : 필라테스]
[시설소개 :
  이천시 마장면 소재의 기구필라테스 센터입니다.]
경기 이천시 마장면 오천로 55 (오천리) MJ프라자 4층 나다움필라테스
골프킹아카데미(672-36-00196)
[종목 : 골프연습장]
[시설소개 : ]
경기 성남시 수정구 위례동로 153 (창곡동, 에이플타워) 901,902호
앨런PT STUDIO &
  AnA필라테스(225-23-01096)
[종목 : PT 필라테스]
[시설소개 :
  앨런PT& AnA필라테스는 일반헬스장과는 다른 레슨 전문샵이에요.
.
죽전 유일 PT & 기구필라테스 전문 스튜디오 입니다^^
.
무엇이 다를까???
.
1. 전문레슨을 받는곳!(프라이빗짐)
.
2. 체형교정과 다이어트,근력증가를 목표인분!
.
3, 일자목,거북목,골반틀어짐,허리통증 개선을 위한 운동을 원하는분!
.
4. 인생샷 바디프로필을 원하는분!
.
5. PT 와 기구필라테스를 같이 하고싶으신분!]
경기 용인시 수지구 현암로 111 (죽전동, 진성프라자) 201호
엠필라테스 죽전점(779-18-01376)
[종목 : 필라테스]
[시설소개 : ]
경기 용인시 기흥구 죽전로 49 (보정동, 씨티프라자) 401호
지스타존골프클럽(106-86-01733)
[종목 : 골프연습장]
[시설소개 :
  실내 4타석, 실외 31타석 비거리 150m]
경기 평택시 진위면 야막길 108-108 (야막리) 지스타존골프연습장
주식회사 하남 유소년 축구클럽(238-87-00514)
[종목 : 축구]
[시설소개 : 하남FC
  , Hanam FC]
경기 하남시 신평로168번길 53 (신장동) 주식회사 하남 유소년 축구클럽
에스바디워크필라테스 인계점(814-85-01273)
[종목 : 필라테스]
[시설소개 : ]
경기 수원시 팔달구 인계로 140 (인계동,
  시안프라자) 401호 에스바디워크필라테스 인계점
피트(Feat)(238-09-01136)
[종목 : 스크린골프]
[시설소개 : ]
경기 수원시 권선구 서수원로 525 (금곡동) JH프라자 3층
GTS골프아카데미 일산캠퍼스(559-87-00046)
[종목 : 골프]
[시설소개 : ]
경기 고양시 일산동구 정발산로 24 (장항동,
  웨스턴돔1) 웨스턴돔 A-304호
인덕원드루와점핑다이어트(760-58-00442)
[종목 : 점핑다이어트]
[시설소개 :
  점핑다이어트 인덕원역2번출구]
경기 안양시 동안구 안양판교로 24 (관양동) 3층 점핑다이어트
우림프렌즈스크린골프(546-25-01186)
[종목 : 스크린골프]
[시설소개 : ]
인천 부평구 부평대로 283 (청천동,
  부평우림라이온스밸리) B동지하1층 B-125-1
한체대석사태권도(137-91-77342)
[종목 : 태권도]
[시설소개 :
  아이들의 인성과체력
최선을 다해 열심히 지도합니다.감사합니다.]
인천 서구 검단로 448 (왕길동,
  검단e편한세상 아파트 상가) 상가301호 한체대석사태권도
이일천골프(501-31-38022)
[종목 : 스크린골프]
[시설소개 : ]
경기 성남시 중원구 사기막골로105번길 25
  (상대원동, 중앙인더스피아2아파트형공장) 207호
용인대금메달브레인태권도(120-94-15427)
[종목 : 태권도]
[시설소개 : ]
경기 부천시 범안로 221 (옥길동, 옥길헤리움타운) 2층
용인대튼튼태권도장(802-92-00605)
[종목 : 태권도]
[시설소개 : ]
경기 오산시 부산중앙로 25-6 (부산동) 자이프라자 4층
리케이필라테스(567-21-00982)
[종목 : 태권도]
[시설소개 : ]
인천 서구 중봉대로586번길 22 (청라동,
  청라 풍림 엑슬루타워) 엑슬루타워 상가 A동 202호
와우당구클럽(702-65-00032)
[종목 : 당구장]
[시설소개 :
  국제식대대 5대 /중대5대]
경기 시흥시 중심상가로 181 (정왕동, 삼화빌딩) 2층
점핑엔드쉐이킹(733-16-00488)
[종목 : 점핑실내운동]
[시설소개 :
  ]
경기 광명시 범안로 1056 (하안동, 골든힐쇼핑센타) 605-1호
요가비샬라(744-26-01166)
[종목 : 요가]
[시설소개 : 파주시
  목동동에 위치한 요가원입니다:)]
경기 파주시 청암로17번길 25 (목동동) 운정블루상가5층 요가비샬라
피트니스독스 덕소점(321-02-01249)
[종목 : 헬스]
[시설소개 : 덕소유일
  수입기구 , 150대 가능주차장, 요가 헬스 개인피티]
경기 남양주시 와부읍 덕소로 269 (도곡리, 동성프라자) 3층
라인제작소 PT &
  Pilates(774-18-01390)
[종목 : PT & Pilates]
[시설소개 : 저희 라인 제작소가 어떻게 만들어 졌을까요?
현재 수많은 피티 샵과 헬스장, 필라테스 샵이 있습니다.
- 서비스 정신이 결여되어 있는 선생님
- 본인 운동만 잘하고 제대로 된 공부를 하지 않고 수업을 하시는 선생님
- 제대로 관리되어 있지 않은 운동공간
이런 부정적인 요소들로 인해 운동 경험을 안 좋은 기억으로 가져가시는 분들이 너무나 많습니다.
저희 라인제작소는 앞서 말씀드렸던 부분을 보완하여 전문성과 친절한 서비스, 인성을 갖춘 선생님,
그리고 최고의 프라이빗 한 시설을 회원님들께 제공해 드리기 위해 만들어졌습니다.
이제 선택의 기준 라인제작소에서 전문적인 수업과 친절한 서비스 그리고 프라이빗 한 환경을 경험해 보시길 바랍니다.]
경기 부천시 길주로 249 (중동, 대일빌딩) 2층 202호 라인제작소
바디프로핏(193-19-01434)
[종목 : PT,헬스장]
[시설소개 :
  향동 바디프로핏]
경기 고양시 덕양구 꽃마을로 68 (향동동, 로데오프라자) 604호 6층
스포스쿨(758-87-00100)
[종목 : 축구,체육,줄넘기]
[시설소개
  : 축구,체육,유소년스포츠교육 전문기관입니다.]
인천 중구 하늘달빛로 70 (중산동)
  503,504,505,506호 스포스쿨 (영종메디피아)
필라테스현(369-07-01528)
[종목 : 필라테스]
[시설소개 : ]
경기 시흥시 서울대학로278번길 21 (배곧동, 새롬프라자2) 604호
나는,요가&필라테스(205-03-74641)
[종목 : 요가,필라테스]
[시설소개 :
  나는,요가&필라테스입니다.]
경기 부천시 원종로 21 (원종동) 301호
UFC헬스클럽(124-46-62066)
[종목 : 헬스클럽]
[시설소개 : ]
경기 오산시 경기대로 105 (원동, 로얄프라자) 3층 301호~303호
AK 당구쉼터(887-34-00019)
[종목 : 당구장]
[시설소개 :
  포켓볼은 한자리니까 미리 전화로 확인하세요.
젊지 않고 예쁘지 않은 사장 상시 대기중.]
경기 성남시 분당구 황새울로360번길 26 (서현동, 삼보프라자) 지하 1층
밸런스 점핑(810-36-00629)
[종목 : 점핑 다이어트]
[시설소개 :
  ]
인천 서구 완정로65번길 9 (마전동, 준프라자) 2층 201호 밸런스점핑
엠제이벨리(607-47-01412)
[종목 : 벨리댄스]
[시설소개 : ]
경기 용인시 처인구 금령로 155 (마평동) 지하1층
필리아필라테스(719-65-00438)
[종목 : 필라테스]
[시설소개 : ]
경기 용인시 처인구 금령로 147 (마평동,
  한솔빌딩) 201호 필리아필라테스
신봉 웰스톤 스크린골프(664-79-00362)
[종목 : 스크린골프]
[시설소개 :
  #Two vision Plus/#수지 스크린골프/#수지구 스크린골프/#신봉 스크린골프]
경기 용인시 수지구 신봉동 925 웰스톤시티,
  신봉 웰스톤 스크린 골프존 파크
키즈mma주짓수태권도(640-06-01075)
[종목 : 주짓수&태권도]
[시설소개 : ]
경기 김포시 김포한강11로 288-27
  (운양동, 한강프라자) 402호 키즈mma 주짓수태권도
점프스쿨 망포센터(236-74-00255)
[종목 : 줄넘기]
[시설소개 :
  K-Pop 음악에 맞춰 즐겁게 단계별로 줄넘기 동작을 배울 수 있는 전문 줄넘기 교실입니다.]
경기 수원시 영통구 태장로54번길 50 (망포동) A동 2층
용이동아이스타태권도장(381-97-00670)
[종목 : 태권도]
[시설소개 :
  용이아이스타태권도장은 유치부 초등부 전문 태권도장입니다.
태권도장 과잉 경쟁으로 놀이체육으로만 가득한 도장들과는 다른 체계적인 교육 시스템을 경험해보세요.^^
기본적으로 우리 아이들에게 필요한 키성장 운동 및 학교체육(줄넘기 포함), 태권도단증 취득, 인성교육을 중심으로 아이들의 체계적인
  운동능력 향상 및 인성교육 프로그램이 준비되어있습니다.
단순한 상담 및 등록으로 진행되는 것이 아닌 무료 체험을 의무화 하여 체험 이후 수련생 및 학부모님의 만족도와 필요에 의해 등록 절차가
  이루어 집니다.
<체험진행 순서>
STEP1. 학부모님 개인 상담.
STEP2. 체질분석 (비만도 분석)
STEP3. 운동 동기 및 성향 파악.
STEP4. 식습관 및 병적 사항 파악'을 통해 수련생의 몸 상태에 맞는 운동 프로그램 설계
용이동에서 가장 넓은 도장으로 최신식 시설과 아이들 안전 출석문자 시스템, 비만도검사 및 인바디 시스템, 급수별 색도복 시스템,
  안전cctv설치, 남녀 탈의실 및 화장실 구분, 단계별 태권도 수련 및 인성교육 시스템이 있습니다.
수련생과 학부모님께서 만족하실 때까지 끊임없이 변화하고 노력하는 용이아이스타태권도장이 되도록 하겠습니다.
대표번호 : 010-8337-9733
카카오톡 플러스 상담 : 용이아이스타태권도]
경기 평택시 용이동 739-2 아원프라자 502호 용이아이스타태권도장
투나볼링(651-87-00283)
[종목 : 볼링장]
[시설소개 : 부천
  송내역 앞 투나건물 11층에 있는 32개 레인을 갖춘 볼링장입니다.
넑은 주차장과 최상의 시설을 갖춘 볼링장입니다.]
경기 부천시 부일로 223 (상동,
  뉴코아중동백화점) 11층(상동,투나쇼핑센타)
경희대LS태권도장(519-96-00832)
[종목 : 태권도]
[시설소개 : ]
경기 오산시 양산로 462 (양산동,
  세마이편한세상) 정문상가 3층 301호 경희대L.S태권도장
다니엘주안태권도장(222-09-30563)
[종목 : 태권도]
[시설소개 : ]
인천 남동구 석정로 467 (간석동) 6층 다니엘주안태권도장
HJR줄넘기(299-92-01356)
[종목 : 줄넘기]
[시설소개 : 다산동
  HJR줄넘기
우리아이들의 사랑스러운
모습을 기억해주세요
줄넘기 사랑
경기도에 자랑!!
  대한민국대표줄넘기!!HJR줄넘기를 소개합니다. 많이들 오셔서 좋은 글
남겨주세요 상담전화 031
552 ~605]
경기 남양주시 다산순환로 350 (다산동,
  다산진건지구 상업2-7-1,2) 708호
김택수탁구클럽(356-42-00349)
[종목 : 탁구]
[시설소개 : ]
경기 수원시 권선구 호매실로90번길 116
  (호매실동) 블루테라스 10층 김택수탁구클럽
골든킥태권도(505-94-43857)
[종목 : 태권도]
[시설소개 : ]
경기 하남시 미사강변대로 48 (풍산동, 해든마루빌딩) 2층골든킥태권도
일동태권도장(134-95-07734)
[종목 : 태권도]
[시설소개 : ]
경기 안산시 상록구 도매시장로 113 (일동, 원인영빌딩) 501호
아레아필라테스 춘의역점(777-17-01179)
[종목 : 기구필라테스]
[시설소개 :
  부천 춘의동 유일한 기구필라테스 전문 스튜디오]
경기 부천시 부천로 196 (춘의동) 6층 602호
한결태권도장(436-98-00185)
[종목 : 태권도]
[시설소개 : 포천시
  한결 태권도장]
경기 포천시 왕방로 267 (신읍동) 3층 한결 태권도장
팀에이치짐2호점(394-49-00618)
[종목 : 헬스장]
[시설소개 : ]
경기 시흥시 서울대학로278번길 21 (배곧동, 새롬프라자2) 605,606 호
아이사랑태권도장(353-90-01452)
[종목 : 태권도]
[시설소개 :
  사랑으로 지도하는태권도장]
경기 김포시 마산동 648-2 이루프라자상가 4층 아이사랑태권도장
가인요가(448-20-01136)
[종목 : 요가]
[시설소개 : ]
경기 안성시 중앙로 383 (대천동) 백양빌딩7층
동탄 청년헬스 영천점(819-01-01114)
[종목 : 헬스장]
[시설소개 : 24시
  ! 연중무휴! 365일
( 현재는 05시~22시 까지운영중)
* 1일권 가능(5000원)
* 이용료 정찰제 헬스장
* 무인결제 시스템
* 런닝머신 간 칸막이
* 센터 전체면적 UV자외선소독 시스템
(자동 살균 시간 03:30~4:00시)
* 샤워시설 완비
이용권 정찰제 가격안내
1일권 5,000원
1개월 33,000원
3개월 90,000원
PT 10회 400,000원 (1개월권33,000원 무료등록)
* 주차는 건물 뒷편 공용주차장을 이용해주세요.
* 운동복과 세면도구,수건 개인지참]
경기 화성시 동탄순환대로 686 (영천동) 3층 청년헬스
언니네필라테스부평남부역
  평생교육원(381-96-01366)
[종목 : 필라테스,교육원]
[시설소개
  : ]
인천 부평구 경인로 947 (부평동, 태성메디칼) 6층
찰스복싱클럽(312-92-65309)
[종목 : 복싱]
[시설소개 : 저희
  찰스복싱클럽은 복싱을 어렵지 않고 누구나 할 수 있게 쉽고 재미있게 가르쳐드릴려고 노력하고 있습니다. 저희 정통 복싱으로 1:1로
  가르쳐드고 있습니다]
인천 부평구 부흥로 303 (부평동) 3층 찰스복싱클럽
팀치빈(233-01-35144)
[종목 : 킥복싱]
[시설소개 :
  경기광주킥복싱 대표적인 브랜드 팀치빈 입니다.]
경기 광주시 중앙로 192 (송정동) 지하 1층
애플힙짐(331-78-00067)
[종목 : 헬스]
[시설소개 : 인천
  논현동 여성전용GYM 5:1그룹레슨 1:1개인레슨]
인천 남동구 에코중앙로156번길 5-26 (논현동) 3층 애플힙짐
브리즈 필라테스(369-66-00114)
[종목 : 필라테스]
[시설소개 : ]
경기 부천시 길주로 252 (중동, 금광베네스타) 1610-B호
아스아샤(211-12-12259)
[종목 : 요가]
[시설소개 : ]
인천 중구 신포로35번길 38 (송학동2가) 1층
그린필라테스(106-18-91838)
[종목 : 필라테스]
[시설소개 :
  부천시 옥길동의 개인레슨전문
필라테스샵입니다🌿]
경기 부천시 양지로 205 (옥길동, 부천옥길 서영아너시티2) 304호
용인대준태권도장(130-92-67705)
[종목 : 태권도]
[시설소개 :
  도당당동 태권도의 선두주자 용인대준태권도장에서 시작해보세요~!!!^^]
경기 부천시 부천로410번길 27 (내동) 2층,3층 용인대준태권도장
강인합기도(645-97-01267)
[종목 : 합기도]
[시설소개 : ]
경기 오산시 운암로 113 (오산동) 207호
골프존파크 호매실능실점(835-22-01412)
[종목 : 스크린골프]
[시설소개 : ]
경기 수원시 권선구 호매실로104번길 18 (호매실동) 7층 골프존파크
로카핏(870-67-00213)
[종목 : 줌바]
[시설소개 : ]
인천 부평구 마장로324번길 8-17 (산곡동) 201호
라온킥복싱아카데미(716-92-00361)
[종목 : 복싱]
[시설소개 :
  월드클래스 타격가와 함께하는 라온킥복싱에서
복싱 킥복싱 무에티이를 매일 1:1 트레이닝으로 재밌게 배우실 수 있습니다.]
인천 계양구 장제로 717 (작전동) 5층
정 당구클럽(309-02-24392)
[종목 : 당구장]
[시설소개 : 정
  당구클럽입니다.
대대2대, 중대 8대, 포켓 1대]
경기 부천시 중동 1137-4 2층
천하태권도장(128-90-37956)
[종목 : 태권도]
[시설소개 :
https://blog.naver.com/shdqkrl]
경기 파주시 법원읍 사임당로899번길 32 (법원리) 천하태권도장
룩스필라테스 냠양주평내점(475-85-01855)
[종목 : 기구필라테스]
[시설소개 :
  ]
경기 남양주시 경춘로1256번길 9 (평내동,
  강남프라자) 9층 룩스필라테스
수아름필라테스 정왕(742-18-01433)
[종목 : 필라테스]
[시설소개 : ]
경기 시흥시 함송로 21 (정왕동, 굿모닝프라자) 4층 수아름필라테스
필라테스안(198-06-02141)
[종목 : 필라테스]
[시설소개 : ]
경기 수원시 영통구 매영로310번길 87 (영통동, 동보.신명아파트) 306호
렉스마 마샬아츠 트릭킹 아크로바틱
  경기수원점(132-27-28034)
[종목 : 마샬아츠 트릭킹 아크로바틱]
[시설소개 : ]
경기 수원시 장안구 율전동 215-14 1층 렉스마
분당W복싱센터 서현점(490-96-00278)
[종목 : 복싱]
[시설소개 : 분당구
  서현역(시범단지방향) 2층 출구 200m앞)에 위치한 복싱센터 실내와 야외체육시설이 공존하는 분당구 유일한 체육시설 입니다]
경기 성남시 분당구 중앙공원로31번길 42
  (서현동, 서현파크플라자) 3층 301호 분당W복싱센터
(주)제이앤씨(131-81-94908)
[종목 : 휘트니스]
[시설소개 : ]
인천 연수구 앵고개로 266 (동춘동, 한양2차아파트(롯데슈퍼)) 2층
맨오브액션(MAN OF
  ACTION)서판교점(279-18-01444)
[종목 :
  맨오브액션(특공무술,킥복싱,주짓수)(키즈스포츠-인라인,축구,농구)(키즈피트니스)(그룹PT,악마다이어트)]
[시설소개 : 맨오브액션(MAN OF ACTION)서판교점
경기 성남시 분당구 운중로178번길 1 (운중동, 스타식스 로데오) 2층]
경기 성남시 분당구 운중로178번길 1
  (운중동, 스타식스 로데오) 2층 MAN OF ACTION
클린짐(706-18-01005)
[종목 : 헬스장]
[시설소개 : 상현역
  대형 헬스장]
경기 용인시 수지구 광교중앙로 310 (상현동) 신명프라자 8층
과천점핑운동(897-06-01948)
[종목 : 트렌폴린]
[시설소개 : ]
경기 과천시 관문로 130 (중앙동, 1단지상가) 217호 점핑운동
케이폴앤댄스(821-09-01054)
[종목 : 줌바댄스 ,폴댄스]
[시설소개
  : 폴댄스,줌바댄스]
경기 화성시 남양읍 시청로 119 (남양리) 메인프라자 6층 605-607
비엘기구필라테스(513-37-00569)
[종목 : 기구필라테스]
[시설소개 :
  기구필라테스/체형교정/재활전문/다이어트]
경기 평택시 안중읍 송담5길 10 (송담리)
  에이크빌딩 4층 비엘기구필라테스
챔스당구클럽(652-17-00944)
[종목 : 당구장]
[시설소개 : ]
경기 광명시 하안로 293-10 (하안동, 정산빌딩) 5층
효성복싱클럽(122-92-67854)
[종목 : 복싱]
[시설소개 : ]
인천 계양구 효성동 60-4 3층301호 효성복싱클럽
업스포츠 구성점(699-31-00712)
[종목 : 축구 농구 인라인 배드민턴]
[시설소개 : ]
경기 용인시 기흥구 용구대로2360번길 12 (마북동) 업스포츠 구성점
흐름필라테스엔요가(763-08-02046)
[종목 : 필라테스,요가]
[시설소개 :
  1:1,듀엣,6:1그룹 기구 필라테스,전문적인 요가
100평규모 시설 편리한 기구 필라테스 요가 스튜디오]
인천 미추홀구 송림로 251 (도화동) 창조프라자 4층 흐름필라테스&요가
도당해동검도(308-15-63989)
[종목 : 검도]
[시설소개 : ]
경기 부천시 삼작로 278 (도당동) 3층서쪽
써브마린 구성동백점(190-01-00969)
[종목 : 수영]
[시설소개 : 5
  safety
친환경 해수풀 올케어 시스템 수영장입니다.
  어린이수영,성인,레슨,앤드리스풀]
경기 용인시 기흥구 구성로 357 (청덕동,
  용인테크노밸리) 지하2층,D동 써브마린 구성동백점
에이스당구클럽(808-16-00797)
[종목 : 당구장]
[시설소개 :
  에이스당구클럽입니다.
환급도 받으시고 즐겁게 즐기세요 ^^]
경기 화성시 동탄지성로 125 (반송동,
  토마토프라자) 6층 에이스당구클럽
캐롬카페당구클럽(124-51-08751)
[종목 : 당구장]
[시설소개 : ]
경기 수원시 팔달구 갓매산로 51
  (매산로2가, 에스알프라자23차) SR프라자 9층 캐롬당구장
당하당구장(546-39-00108)
[종목 : 당구장]
[시설소개 :
  1타3만 혜택가능합니다.]
인천 서구 청마로 171 (당하동, 청석빌딩) 5층.당하당구장
필라테스도움(612-14-82836)
[종목 : 필라테스]
[시설소개 : ]
경기 하남시 미사강변남로 125 (망월동,
  미사역마이움푸르지오) 101동 222호
주식회사 장호원골프연습장(744-85-01561)
[종목 : 스크린골프 골프존]
[시설소개
  : 골프연습장 스크린골프 골프존]
경기 이천시 장호원읍 서동대로 8780-6
  (진암리) 주식회사 장호원골프연습장
동구유도관(514-39-60318)
[종목 : 유도]
[시설소개 : 인천시
  남동구 간석동에 있는 유도관입니다
유도/승단/무도/무술/다이어트/취미/호신술
위치)인천 남동구 간석동 285-5 (구)올리브백화점 건너편 3층
문의)032-425-8895
부담없이 전화주세요:)]
인천 남동구 남동대로 879 (간석동) 3층 동구유도관
리얼야구존(124-31-88965)
[종목 : 스크린야구]
[시설소개 :
  안녕하세요 리얼야구존 반월점 입니다.
야구도 치고 옥상도 예약하시면 고기는 양껏 드시기만 하시면 됩니다.고기는 저희가 굽습니다.]
경기 화성시 반월동 364-5 3층 리얼야구존
판교특공무술(서판교점)(704-29-01102)
[종목 : 판교특공무술]
[시설소개 :
  판교특공무술(서판교점)
경기 성남시 분당구 운중로178번길 1 (운중동, 스타식스 로데오) 2층]
경기 성남시 분당구 운중로178번길 1 (운중동, 스타식스 로데오) 2층
점프스타줄넘기클럽(381-49-00378)
[종목 : 줄넘기]
[시설소개 :
  점프스타줄넘기클럽]
인천 동구 제물량로 424 (화수동, 화수아파트) 3층 점프스타줄넘기클럽
점핑 피트니스(702-24-01417)
[종목 : 점핑 피트니스]
[시설소개 :
  ]
경기 성남시 수정구 단대동 98-1 지층
H2휘트니스(142-09-70569)
[종목 : 헬스]
[시설소개 : ]
경기 용인시 기흥구 마북동 524-26 4층 h2휘트니스
요가바름(659-73-00320)
[종목 : 요가]
[시설소개 :
  **함께하는 따뜻한 요가스튜디오**
[요가바름]
누구나 함께할 수 있는 공간입니다.
요가가 처음이라 망설여 지신다면
요가바름과 그 첫 걸음을 함께 시작하세요!
실력있는 강사님들의 세심한 티칭을 통해
바른요가생활을 이어갈 수 있는 공간으로
함께 성장하는 요가 전문스튜디오 [요가바름]입니다.
ㅁ 방문상담 예약제
ㅁ 상담시간
- 전화상담: 평일 am 11:00-pm 21:00
- SNS상담: 평일 am 9:00-pm 21:00
ㅁ 요가지도자교육과정 진행
ㅁ 플라잉요가
ㅁ 남.여 / 키즈 / 임산부
ㅁ 요가개인PT / 소그룹레슨]
경기 안양시 동안구 관평로 183 (관양동,
  평촌자이엘라) 2층 213호 '요가바름'
고양검도관(128-91-59980)
[종목 : 검도]
[시설소개 : ]
경기 고양시 덕양구 화신로 259 (화정동)
  209호(화정건영캐스빌플러스 2층)
구리역점 스포애니
  주)케이디스포츠(567-85-01227)
[종목 : 헬스]
[시설소개 : 대한민국
  No.1 피트니스 기업 (주)케이디스포츠 스포애니의 피트니스 브랜드 (헬스, PT, G.X)]
경기 구리시 건원대로 3 (인창동, 흥화브라운오피스텔) 2층
송우에스지(SG)스크린골프(895-36-01065)
[종목 : 골프]
[시설소개 : ]
경기 포천시 소흘읍 송우로 101-11 (송우리) 4층
필라테스랑(211-11-32317)
[종목 : 필라테스]
[시설소개 : ]
경기 성남시 수정구 위례동로 147 (창곡동, 위례건아타워) 401호
프렌즈아카데미 이천송정점(179-08-01994)
[종목 : 스크린 골프 연습장]
[시설소개 : 주차시설 완비, 실내 스크린 골프장, 친절한 상담, 쾌적한 실내]
경기 이천시 증신로 329 (송정동) 2층 프렌즈 아카데미
경희대석사등룡태권도장(130-90-44601)
[종목 : 태권도장]
[시설소개 :
  아이들
체력을 관리하는 태권도장입니다]
경기 부천시 삼작로 338 (여월동) 3층
파파태권도장(809-98-00215)
[종목 : 태권도]
[시설소개 : ]
경기 용인시 기흥구 동백죽전대로527번길 80
  (중동, 신동백롯데캐슬에코1단지) 상가 205호
연희필라테스스튜디오(594-22-01302)
[종목 : 필라테스]
[시설소개 : ]
경기 의정부시 오목로 37 (용현동, 청룡빌딩) 청룡빌딩 6층
아트인댄스(342-23-00335)
[종목 : 에어로빅,방송댄스]
[시설소개
  : ]
경기 안산시 단원구 당곡3로 20 (고잔동) B1 B2
주식회사 율리너(308-88-00881)
[종목 : 필라테스]
[시설소개 :
  상호명 : 필라테스 율
이천시 2개 지점 운영중 ( 주식회사 율리너 법인 종사업장으로 운영중)
사업자등록증 필히 2장 (지점)확인 요망]
경기 이천시 대산로288번길 107 (고담동) STK빌딩 2층 필라테스율
용스짐(380-07-01262)
[종목 : 헬스pt]
[시설소개 : ]
경기 수원시 권선구 곡반정동 593-2 2층 용스짐
정도합기도(246-91-01414)
[종목 : 합기도]
[시설소개 :
  인천합기도
남동구합기도
만수동합기도
서창동합기도
정도합기도]
인천 남동구 장승남로 48 (만수동, 제우빌딩) 3층 정도합기도
큐당구클럽(673-56-00111)
[종목 : 당구]
[시설소개 :
  대대전용구장 : 7대]
경기 수원시 장안구 정자천로173번길 11-13 (정자동) 정자프라자 5층
얼라이브 유소년 스포츠클럽(184-07-01529)
[종목 : 유소년 체육,농구]
[시설소개
  : ]
경기 성남시 수정구 신촌로20번길 13 (신촌동) 1동
해부학적운동 동탄 3호점(367-42-00655)
[종목 : 실내체육시설 피티샵]
[시설소개 : ]
경기 화성시 동탄대로21길 10 (영천동) 더퍼스트 타워 b121,122
언제나필라테스(291-20-00813)
[종목 : 필라테스]
[시설소개 : ]
경기 수원시 영통구 광교중앙로 170 (하동,
  광교 효성해링턴 타워) 321호 언제나필라테스
맨오브액션(MAN OF
  ACTION)(655-01-00281)
[종목 : 맨오브액션(특공무술, 킥복싱,주짓수,그룹PT,악마다이어트)]
[시설소개 : ]
경기 성남시 분당구 동판교로 55 (백현동,
  로제비앙스퀘어) 6층 MAN OF ACTION
스트라이크존 평택서정구장(101-33-38030)
[종목 : 야구]
[시설소개 : ]
경기 평택시 관광특구로 31 (서정동) 401호
카인드짐24시 휘트니스 골프 & 스쿼시
  동백점(604-07-94575)
[종목 : 체력단련장,가상체험체육시설업]
[시설소개 : 카인드짐24시 휘트니스 골프&스쿼시
동백점]
경기 용인시 기흥구 동백죽전대로 444 (중동, 쥬네브) 9층 9018호
TJ아카데미 뮤직점핑 줄넘기(242-96-00820)
[종목 : 줄넘기]
[시설소개 : ]
경기 화성시 향남읍 상신하길로298번길
  7-29 (하길리) 대성프라자 8층 뮤직점핑 줄넘기
골프존파크(309-04-93248)
[종목 : 실내스크린골프]
[시설소개 :
  깨끗한 실내 스크린골프장 입니다]
경기 용인시 기흥구 흥덕1로 13 (영덕동,
  흥덕IT밸리) P108호 지하주차장동
스프링스타(리샤필라테스)(651-20-00882)
[종목 : 필라테스]
[시설소개 :
  산전,산후 필라테스 / 골프필라테스 / 그룹필라테스 / 개인필라테스 / 키즈필라테스]
경기 성남시 수정구 위례광장로 320
  (창곡동, 아이에스센트럴타워) 10층 1012,1013
부평역점 스포애니 주식회사
  케이디스포츠(105-85-43335)
[종목 : 헬스]
[시설소개 : 대한민국
  No.1 피트니스 기업 (주)케이디스포츠 스포애니의 피트니스 브랜드 (헬스, PT, G.X)]
인천 부평구 시장로 7 (부평동) 프라이디움빌딩 B1층
골프존미금점(273-25-01221)
[종목 : 골프연습장]
[시설소개 :
  스크린.연습장]
경기 성남시 분당구 금곡동 166 이코노샤르망 807호 골프존미금점
청우태권도장(128-91-75393)
[종목 : 태권도]
[시설소개 : ]
경기 고양시 일산서구 대산로 58 (주엽동,
  강선마을3단지) 한신상가 2층 청우태권도장
상일태권도체육관(130-92-85135)
[종목 : 태권도]
[시설소개 : ]
경기 부천시 상동 235 3층 상일태권도장
(주)큐이디 동백(845-87-01193)
[종목 : 실내 스크린 골프연습장]
[시설소개 : ]
경기 용인시 기흥구 동백중앙로 213 (중동,
  삼성타워) 3층 큐이디 골프아카데미
비범태권도장(606-93-24613)
[종목 : 태권도]
[시설소개 : 경기도
  시흥 성인전문태권도 비범태권도장입니다.]
경기 시흥시 신천동 859-8 3층
J토탈휘트니스 쌍령동점(442-37-00710)
[종목 : 헬스장]
[시설소개 : ]
경기 광주시 경충대로1461번길 26 (쌍령동) 4층
탑클래스 영어태권도(273-94-01251)
[종목 : 태권도]
[시설소개 : ]
경기 의정부시 능곡로 56 (신곡동) 갑오빌딩3층 탑클래스 영어태권도
키튼수영(758-97-00619)
[종목 : 수영]
[시설소개 : 분당
  정자동에 위치한어린이수영장입니다]
경기 성남시 분당구 정자동 110 청구코아상가 지하201
고고점핑(836-13-01451)
[종목 : 점핑]
[시설소개 : ]
경기 용인시 처인구 낙은로 26 (역북동) 3층 고고점핑
화랑합기도(154-93-01195)
[종목 : 합기도]
[시설소개 : 여주
  화랑합기도입니다.]
경기 여주시 가남읍 태평중앙1길 2 (태평리) 3층 합기조
한국파워점핑줄넘기클럽(596-91-01357)
[종목 : 줄넘기]
[시설소개 : ]
경기 성남시 중원구 도촌남로 27 (도촌동,
  동강프라자) 2층 한국파워점핑줄넘기클럽
현명필라테스(218-21-70010)
[종목 : 필라테스]
[시설소개 : ]
인천 남동구 선수촌공원로 37 (구월동, 중앙프라자) 4층 402호
김정훈탁구클럽(362-01-00244)
[종목 : 탁구]
[시설소개 :
  김정훈탁구클럽]
경기 용인시 수지구 만현로 103 (상현동,
  한길프라자) 6층 김정훈탁구클럽
한양대나라찬태권도장(298-99-01221)
[종목 : 태권도]
[시설소개 :
  유아체육,유아태권도(4세~7세)]
인천 중구 자연대로 47 (중산동) 스타타워2 706호,707호
판교특공무술(129-92-47335)
[종목 : 판교특공무술]
[시설소개 :
  판교특공무술
(경기도 성남시 분당구 동판교로 55 로제비앙스퀘어 6층)]
경기 성남시 분당구 동판교로 55 (백현동, 로제비앙스퀘어) 6층
영필라테스(808-34-00675)
[종목 : 필라테스]
[시설소개 : ]
인천 부평구 부평문화로 45 (부평동) 2층 202호 영필라테스
위닝샷(802-85-00475)
[종목 : 골프]
[시설소개 : 양평
  스크린 골프]
경기 양평군 강하면 강남로 316-4 (전수리) 위닝샷
와우점핑(879-09-01029)
[종목 : 점핑다이어트]
[시설소개 :
  ]
인천 서구 검단로 842 (불로동) 월드상가204호
송도GDR골프연습장(535-13-01349)
[종목 : 골프]
[시설소개 : 골프
  연습장]
인천 연수구 능허대로 240 (동춘동) 5층
프로당구장(361-71-00109)
[종목 : 당구장]
[시설소개 : ]
경기 수원시 장안구 서부로2105번길 26-3 (율전동) 3층 프로당구장
서현역점 스포애니
  주)케이디스포츠(465-85-01498)
[종목 : 헬스]
[시설소개 : 대한민국
  No.1 피트니스 기업 (주)케이디스포츠 스포애니의 피트니스 브랜드 (헬스, PT, G.X)]
경기 성남시 분당구 황새울로 324 (서현동, 송강빌딩) B1층
얼터 필라테스(789-10-01815)
[종목 : 필라테스]
[시설소개 : 얼터
  기구 필라테스 1:6 그룹레슨 개인레슨]
인천 미추홀구 미추홀대로 620 (주안동) 2층 (주안동)
알로카요가(209-27-93990)
[종목 : 요가원]
[시설소개 : 남양주
  마석 알로카요가 입니다.]
경기 남양주시 화도읍 비룡로 58 (마석우리,
  정길프라자) 5층 알로카요가
극진공수도(130-47-52482)
[종목 : 극진공수도]
[시설소개 : ]
경기 부천시 상동 329-12 3층 극진공수도
보정경희대태권도장(142-90-95840)
[종목 : 태권도]
[시설소개 : ]
경기 용인시 기흥구 보정동 1323-1 4층 경희대태권도장
리더밍필라테스(587-56-00275)
[종목 : 필라테스]
[시설소개 :
  필라테스 강습 센터 입니다.]
경기 시흥시 은계번영길 11 (은행동, 은계프라자) 703호
예스당구클럽(119-72-00198)
[종목 : 당구장]
[시설소개 : ]
경기 광주시 초월읍 경충대로 1248 (대쌍령리) 민영빌딩 4층
스타디온(859-86-01007)
[종목 : 피트니스/ 크로스핏]
[시설소개 : Turn on your energy!]
경기 성남시 분당구 동판교로177번길 25
  (삼평동, 판교 호반 써밋 플레이스) 지하1층
청솔태권도(603-94-13792)
[종목 : 태권도]
[시설소개 : ]
경기 안산시 단원구 초지로 114 (초지동, 주공프라자) 4층 청솔태권도
나이스 당구클럽(895-14-01933)
[종목 : 당구장]
[시설소개 : ]
인천 미추홀구 미추홀대로734번길 36
  (주안동, 미진상가) 2층 나이스당구클럽
S1당구장(555-33-00662)
[종목 : 당구]
[시설소개 :
  S1당구장]
인천 남동구 백범로180번길 77 (만수동, 일흥프라자) 5층 S1당구장
국제롤러스케이트장(856-15-01084)
[종목 : 롤러스케이트장]
[시설소개 :
  ]
인천 서구 청라에메랄드로 99 (청라동, 지젤엠청라) 3층 구4제롤러장
레인보우음악줄넘기(124-47-53827)
[종목 : 줄넘기]
[시설소개 : ]
경기 수원시 권선구 하탑로30번길 28 (탑동) 2층
폴레이폴댄스 분당점(763-75-00225)
[종목 : 폴댄스]
[시설소개 : ]
경기 성남시 분당구 성남대로 165 (금곡동,
  천사의도시1 오피스텔) 573호
참 태권도(708-91-01571)
[종목 : 태권도]
[시설소개 : 참
  태권도]
인천 계양구 황어로115번길 10 (오류동, 신동아아파트) 3층 참태권도
고유섭줄넘기교실(219-36-00054)
[종목 : 줄넘기]
[시설소개 : 줄넘기
  전문 교육 기관]
경기 화성시 효행로 1059 (진안동, 미래프라자) 7층 705호
서현태권도교육관(129-92-65051)
[종목 : 태권도]
[시설소개 : ]
경기 성남시 분당구 불정로376번길 31
  (서현동, 효자촌주상복합) 미래타운B상가 212호
광명 OK당구장(495-77-00326)
[종목 : 당구]
[시설소개 : 대대
  6대(최고가 3대+프로암V3대) + ZONE 분리 + 최고급 중대7대 + 13대 모두 리플레이 영상 설치 -> 가장 깨끗하고 밝은
  분위기의 최고급 시설 당구장]
경기 광명시 철산동 399 4층 OK당구클럽
다빈치포켓클럽(110-41-91553)
[종목 : 당구]
[시설소개 : ]
경기 수원시 팔달구 인계동 1031-4 4층 다빈치포켓클럽
점핑클럽 음악줄넘기교육관(269-96-01203)
[종목 : 음악 줄넘기]
[시설소개 :
  줄넘기를 전문으로 가르치는 음악줄넘기 교육관]
경기 수원시 영통구 동탄원천로881번길 58
  (매탄동, 아이쌤프라자) 404호 매현점핑클럽
빛나키즈태권도(135-92-73217)
[종목 : 태권도]
[시설소개 : ]
경기 수원시 영통구 권선로908번길 47 (신동) 2층 207호(신동)
채움필라테스(295-56-00454)
[종목 : 필라테스]
[시설소개 : ]
경기 용인시 기흥구 용구대로2394번길 18 (마북동, 연원프라자) 301호
부평시장역점 스포애니
  주)케이디스포츠(471-85-01396)
[종목 : 헬스]
[시설소개 : 대한민국
  No.1 피트니스 기업 (주)케이디스포츠 스포애니의 피트니스 브랜드 (헬스, PT, G.X)]
인천 부평구 부평대로 83 (부평동, 강남타워) 9층,10층
얼터짐(796-08-01921)
[종목 : 헬스]
[시설소개 : ]
인천 미추홀구 미추홀대로 620 (주안동) 2층
고명검도관(124-94-28720)
[종목 : 검도]
[시설소개 : ]
경기 화성시 봉담읍 동화리 597-2 스타타워3차 703호
베스트볼링&포켓볼(130-45-30543)
[종목 : 볼링 . 포켓볼]
[시설소개
  : ]
경기 부천시 상동로 87 (상동, 가나베스트타운 쓰리) 10층
모아트재활필라테스보정점(541-55-00253)
[종목 : 필라테스]
[시설소개 :
  안녕하세요~^^
보정동 재활운동전문
모아트필라테스입니다.
그룹레슨 /개인레슨/ 재활컨디셔닝
프로그램 문의주세요~^^]
경기 용인시 기흥구 죽현로 29 (보정동, 현대휴먼프라자) 203호
골프존파크 대야역점(646-34-00984)
[종목 : 스크린골프]
[시설소개 : ]
경기 시흥시 은계중앙로 358 (대야동) AM빌딩 4층
경희탁구클럽(125-25-21006)
[종목 : 탁구]
[시설소개 :
  경기도평택시 안중읍 현화리 탁구장]
경기 평택시 안중읍 현화리 837-2 훈융빌딩5층
국가대표 태권도장(543-92-00972)
[종목 : 태권도]
[시설소개 : ]
인천 중구 은하수로 380 (중산동,
  영종하늘도시 KCC스위첸) 상가2층 203~206호
히어로짐
상동점(177-14-01422)
[종목 : 헬스장]
[시설소개 :
  부천
상동에서
2014년에
피티샵으로
시작해
현재까지
상동점에서는
1:1pt전문으로
운영하고 있는
그리고
각종
gx수업이
가능한
헬스장
입니다]
경기 부천시 송내대로265번길 73 (상동, 보람프라자) 8층
히어로짐
바디프로필짐(584-13-01211)
[종목 : 헬스]
[시설소개 : ]
인천 중구 관창로 2 (운남동) 2층
선태권도장(366-90-01462)
[종목 : 태권도]
[시설소개 : ]
경기 부천시 지봉로115번길 6 (역곡동) 선태권도장
경희대금성태권도(551-92-00202)
[종목 : 태권도]
[시설소개 : 갈산동
  경희대금성태권도]
인천 부평구 주부토로 182 (갈산동, 승전빌딩) 4층 경희대금성태권도
해신gym(142-72-00316)
[종목 : 크로스핏.유아체육.pt]
[시설소개 : 크로스핏.유아체육.pt]
경기 고양시 덕양구 삼송동 78-35 상가2층
팬텀스포츠아카데미(882-33-00846)
[종목 : 풋살축구]
[시설소개 :
  실내풋살 축구 야구연습장]
경기 고양시 일산동구 성석동 1075-125 가동1층
폴레이폴댄스 분당점(763-75-00225)
[종목 : 폴댄스]
[시설소개 : ]
경기 성남시 분당구 성남대로 165 (금곡동,
  천사의도시1 오피스텔) 573호
내일골프(316-33-00752)
[종목 : 골프레슨]
[시설소개 : ]
경기 광주시 초월읍 지월로 66 (지월리) 내일골프
비피필라테스 수지점(627-20-01404)
[종목 : 필라테스]
[시설소개 : ]
경기 용인시 수지구 만현로 82-4 (상현동,
  헤르메스상가) 4층 비피필라테스 수지점
JCM(201-33-65244)
[종목 : 웨이트.필라테스.기능성운동]
[시설소개 : 기능성운동,웨이트,필라테스]
경기 수원시 권선구 세류동 1011-31 지하 JCM
도전해동검도 공도관(142-03-07647)
[종목 : 해동검도]
[시설소개 : ]
경기 안성시 공도읍 공도로 44 (승두리) 301호
라이프짐 일산역점(855-06-01930)
[종목 : 헬스PT]
[시설소개 : ]
경기 고양시 일산서구 고양대로 632 (일산동, 아카메디) 4층 라이프짐
Jk헬스(530-33-00038)
[종목 : 헬스]
[시설소개 : ]
경기 수원시 장안구 천천동 571-3 3층
프랜즈스크린골프(729-45-00102)
[종목 : 스크린골프]
[시설소개 :
  경기도 시흥시 목감동에 소재하는 스크린골프 입니다.]
경기 시흥시 목감우회로 39 (목감동, 목감 시티프라자) 602호
캐나다 필라테스(592-14-00919)
[종목 : 필라테스]
[시설소개 : ]
인천 남동구 구월남로 172 (구월동) 정락빌딩 404호
이브필라테스(521-26-00583)
[종목 : 필라테스]
[시설소개 :
  1:1개인레슨/ 2:1 듀엣레슨/ 5:1그룹레슨]
경기 고양시 덕양구 동송로 33 (동산동,
  이편한세상시티삼송) 2층 상가동 2-54호 이브필라테스
자이골프존(127-44-90698)
[종목 : 스크린골프]
[시설소개 : ]
경기 양주시 고삼로 154 (삼숭동) 자이골프존
위너3D골프연습장(407-08-19822)
[종목 : 골프연습장운영업]
[시설소개
  : ]
경기 용인시 기흥구 용구대로2394번길 18 (마북동, 연원프라자) B 04호
무의학당 (청우원)(530-23-00382)
[종목 : 검도]
[시설소개 : ]
경기도 이천시 장호원읍 장터로30번길 12
태비바른아이태권도장(104-95-35715)
[종목 : 태권도]
[시설소개 : ]
경기 부천시 성곡로 65 (여월동) 3층
MDT태권도장(137-91-62548)
[종목 : 태권도]
[시설소개 : ]
경기 용인시 기흥구 한보라2로 190 (공세동, 칸프라자) 4층
제이스포테인먼트(898-88-01777)
[종목 : 볼링장]
[시설소개 :
  대한민국 최대 레인수를 자랑하는 더 킹볼 볼링센터 입니다.
총 48레인으로 구성 되어 있으며 8개 레인에서는 국내 최초 도입된 하이퍼볼링도 즐기실 수 있습니다.
모든 레인 QUBICA AMF XLI EDGE + SPL 최상급 시설이며 매일 케겔사의 최상급 장비인 플렉스와 플렉스 워커로 정비하고
  있습니다.
1350개의 여유있는 락카와 친절한 스텝이 볼링 동호인 여러분들에게 최고의 만족감을 드릴 것입니다.
언제나 고객에 목소리에 귀기울이고 노력하는 볼링장이 되겠습니다.
매월 쏱아지는 다채로운 이벤트로 고객님들께 다양한 즐거움을 드리겠습니다^^
감사합니다.]
경기 안산시 단원구 고잔동 779-2 301호
BMP복싱(773-92-00291)
[종목 : 복싱]
[시설소개 :
  정통복싱.
프로복싱.
선수육성.
생활체육복싱.
다이어트.
키즈복싱.]
경기 김포시 통진읍 조강로36번길 6 (서암리) 6. 3층 BMP복싱
한태권도아카데미(124-92-25786)
[종목 : 태권도]
[시설소개 : ]
경기 평택시 청북읍 청북남로 278 (옥길리,
  부영사랑으로) 부영3차 단지 상가 3층 한태권도 아카데미
보보스휘트니스(290-01-02501)
[종목 : 휘트니스]
[시설소개 :
  용인시 처인구 이동읍 천리에 위치한 160평 휘트니스입니다.
넓은
  주차공간, 운동시설,샤워시설 완비]
경기 용인시 처인구 이동읍 백옥대로 603 (천리) 2층 보보스휘트니스
핏플레이스(466-72-00148)
[종목 : 피트니스]
[시설소개 : 청라
  개인피티&여성전용 그룹트레이닝 스튜디오입니다.]
인천 서구 크리스탈로102번길 22 (청라동) 경연타워 907,908,909호
마인드필라테스(339-49-00571)
[종목 : 필라테스]
[시설소개 : ]
경기 수원시 영통구 센트럴타운로 107
  (이의동, 광교푸르지오 월드마크, 월드스퀘어) 2층05호
경희대박사태권도장(578-90-00106)
[종목 : 태권도]
[시설소개 :
  진접센트레빌시티 단지내 상가2층에 위치되어있습니다. 유치부 전문 도장으로 5세,6세,7세 New스포츠교육과 태권도를 지도합니다.]
경기 남양주시 진접읍 부평로 42 (부평리,
  진접센트레빌시티1단지상가) 진접센트레빌시티 상가214호
화정경호태권도장(128-92-75594)
[종목 : 태권도, 외발자전거스쿨]
[시설소개 : ]
경기 고양시 덕양구 백양로 4 (화정동, 능곡유치원) 3층
라온경희태권도장(333-92-01656)
[종목 : 태권도]
[시설소개 : ]
경기 화성시 향남읍 상신하길로 65 (상신리,
  화성향남언덕마을사랑으로부영17단지) 상가동201호
점핑하이본오석호점(203-13-11047)
[종목 : 점핑피트니스]
[시설소개 :
  한국체육대학교 사회체육전공자의 전문강의
체력및 근력강화. 건강한다이어트. 성장기어린이 성장판자극운동]
경기 안산시 상록구 본오동 834-4 3층
금빛나래태권도(347-92-01596)
[종목 : 태권도]
[시설소개 : 고산
  금빛나래 태권도]
경기 의정부시 월유로 16 (산곡동, GS프라자) 8층801호 금빛나래태권도
줄라이필라테스(778-15-01557)
[종목 : 필라테스]
[시설소개 : ]
경기 수원시 영통구 에듀타운로 102
  (이의동, 광교중앙역 SK VIEW) B동 608호
문학미르태권도전문체육관(121-91-83776)
[종목 : 태권도]
[시설소개 : 사랑과
  행복이 넘치는 건강한 문학태권도입니다]
인천 미추홀구 소성로 334 (문학동) 2층문학태권도
빛나키즈태권도(135-92-73217)
[종목 : 태권도]
[시설소개 : ]
경기 수원시 영통구 권선로908번길 53 (신동) 401호
뽀빠이 당구클럽(882-09-00837)
[종목 : 당구장]
[시설소개 : ]
경기 평택시 점촌로 30 (서정동) 2층 뽀빠이 당구클럽
다산수석스크린(223-12-94744)
[종목 : 실내 스크린 골프]
[시설소개
  : ]
경기 남양주시 수석동 26 2.3층
더블에잇휘트니스덕이점(140-86-02329)
[종목 : 헬스 PT 기구필라테스 GX 줌바 요가 다이어트댄스 바디펌프]
[시설소개 : ]
경기 고양시 일산서구 하이파크2로 40
  (덕이동, 금문프라자) 금문프라자 7층
파크스크린골프(465-50-00537)
[종목 : 실내스크린골프연습장]
[시설소개 : 호수와 아름다운 풍경을 바라볼수 있는 카페분의기의 유니크한 실내스크린골프장]
경기 시흥시 동서로 867 (물왕동) 2층
구월동 필라테스(111-20-84287)
[종목 : 필라테스]
[시설소개 : ]
인천 남동구 구월남로 172 (구월동) 정락빌딩 4층 405호
부천신흥시장점 스포애니
  주)케이디스포츠(202-85-35081)
[종목 : 헬스]
[시설소개 : 대한민국
  No.1 피트니스 기업 (주)케이디스포츠 스포애니의 피트니스 브랜드 (헬스, PT, G.X)]
경기 부천시 중동로 406 (삼정동) 4층
레인보우음악줄넘기(726-97-01421)
[종목 : 줄넘기]
[시설소개 : 깨끗한
  실내(공기청정기 설치).줄넘기 운동의 적합한 마루바닥.
요일별 차별화 된 수업 진행(음악줄넘기,기술줄넘기, 짝줄넘기,긴줄넘기,쌍줄넘기등 다양한 수업)
대한민국줄넘기협회 단체등록.]
경기 수원시 권선구 하탑로30번길 28 (탑동) 2층
팅커벨 폴 스튜디오(446-08-00482)
[종목 : 폴댄스]
[시설소개 :
  폴댄스]
경기 구리시 경춘로 249 (인창동,
  동원플에이스테이션) 8층 804호 팅커벨폴스튜디오
한국GX전문강사(279-22-00762)
[종목 : 점핑다이어트]
[시설소개 :
  ]
경기도 의정부시 호암로 243-11 2층 (호원동,해룡빌딩)
예성태권도장(322-91-00908)
[종목 : 태권도]
[시설소개 : ]
경기 부천시 성주로 224 (심곡본동) 협성빌딩 206호
JS당구클럽 흥덕점(867-30-00230)
[종목 : 당구]
[시설소개 : ]
경기 용인시 기흥구 흥덕1로 30 (영덕동) 4층 402호
이지원필라테스 안성점(156-85-01463)
[종목 : 필라테스]
[시설소개 :
  필라테스]
경기 안성시 공도읍 서동대로 3930-39
  (진사리, 스타필드 안성) 지하1층 이지원필라테스
아이러브짐(202-06-51257)
[종목 : 헬스장]
[시설소개 : ]
경기 군포시 당동 951-3 3층
레인보우키즈풀(609-99-46355)
[종목 : 어린이수영]
[시설소개 : ]
경기 군포시 용호1로2번길 21 (당동) 1층 레인보우키즈풀
스포짐 판교역점(206-88-01721)
[종목 : 골프 헬스]
[시설소개 : ]
경기 성남시 분당구 분당내곡로 117
  (백현동, 크래프톤타워) 지하1층 스포짐
김포 에이블짐(234-01-19958)
[종목 : 헬스 스피닝]
[시설소개 :
  ]
경기 김포시 김포한강8로 378 (구래동, 웅신프라자) 9층 에이블짐
레이핏더프리미엄(775-19-00921)
[종목 : 휘트니스]
[시설소개 :
  퍼스널트레이닝 전문 pt샵
다이어트, 근량증가, 체형교정, 대회 입시준비]
경기 수원시 영통구 이의동 1286 1204
탑유도관(137-90-15636)
[종목 : 유도]
[시설소개 : 인천서구
  마전동에 위치한 탑유도관 입니다]
인천 서구 완정로 23 (마전동, 덕안빌딩) 지하 탑유도관
NBJ줄넘기전문클럽(152-38-00959)
[종목 : 줄넘기]
[시설소개 : 옥정
  신도시 NBJ줄넘기전문클럽입니다. 체계적인 NBJ 공인단계 교육프로그램을 기반으로 재미있고 다양한 줄넘기 수업을 진행합니다.]
경기 양주시 옥정로 214 (옥정동) POP타워 905호
경희대석사수호태권도(125-90-85901)
[종목 : 태권도]
[시설소개 : ]
경기 평택시 이충로 72 (이충동, LIG아파트) 상가2층 205
제니필라테스요가(644-15-01235)
[종목 : 필라테스]
[시설소개 : ]
경기 김포시 김포한강9로 73 (구래동,
  김포센트럴프라자) 9층 제니필라테스
아자피트니스(527-02-00232)
[종목 : 헬스,실내골프연습장]
[시설소개 : ]
경기 포천시 소흘읍 솔모루로3번길 13 (송우리) 3층,4층
미엘요가(226-16-62889)
[종목 : 요가]
[시설소개 : ]
경기 안산시 상록구 본오로 146 (본오동, 기산빌딩) 4층 미엘요가
용인대경안체육관(126-91-27857)
[종목 : 태권도]
[시설소개 : ]
경기 광주시 벌원길 66 (탄벌동) 2층
국선도수원영통지(124-91-20090)
[종목 : 단전호흡]
[시설소개 :
  기체조 (스트레칭) 명상 단전호흡]
경기 수원시 영통구 매영로 422 (영통동) 3층 탐진회관
경기탁구아카데미&클럽(070-02-02379)
[종목 : 탁구]
[시설소개 : 탁구
  입문자부터 생활탁구 엘리트선수들까지 육성하는 탁구아카데미 및 클럽입니다.]
경기 군포시 흥안대로27번길 7 (금정동) 2층
도화멋짐(668-11-00966)
[종목 : 헬스장]
[시설소개 : 젊은
  감각의 헬스&PT 전문 센터]
인천 미추홀구 경인로 191 (도화동) 도화프라임 4층 멋짐
필라테스에반하다(226-67-00380)
[종목 : 기구필라테스]
[시설소개 :
  기구필라테스를 통해 체형교정 및 통증케어 재활 다이어트에 도움을 드립니다.]
인천 서구 청마로167번길 18 (당하동,
  현대프라자) 201호 필라테스에 반하다
부천심곡점 스포애니
  주)케이디스포츠(678-85-00625)
[종목 : 헬스]
[시설소개 : 대한민국
  No.1 피트니스 기업 (주)케이디스포츠 스포애니의 피트니스 브랜드 (헬스, PT, G.X)]
경기 부천시 경인로 175 (심곡본동, 케이씨씨엠파이어타워) 2층
용인대청송태권도장(126-90-26400)
[종목 : 태권도]
[시설소개 : ]
경기 여주시 가남읍 태평1길 18 (태평리) 용인대청송태권도장
브레이브힐 우두점(642-85-01718)
[종목 : 기구필라테스]
[시설소개 :
  기구필라테스]
경기 남양주시 화도읍 경춘로2248번길 38 (월산리) 202호
엠비씨 핏앤뷰티(557-02-01080)
[종목 : 요가 필라테스 방송댄스 줌바 플라잉]
[시설소개 :
]
경기 화성시 병점동 490-2 404호
18417
이그녹스(ignox)(355-08-00056)
[종목 : 댄스]
[시설소개 : ]
경기도 의정부시 평화로557-1 지층
강호합기도해동검도(123-90-68702)
[종목 : 합기도]
[시설소개 : 이천
  강호 합기도 해동검도 줄넘기 교육관입니다]
경기 이천시 안흥로 67 (갈산동,
  갈산화성파크드림) 갈산화성파크드림상가 203호
삼손참태권도(130-92-10589)
[종목 : 태권도]
[시설소개 : ]
경기 부천시 성주로 239 (심곡본동) 4층
골프존파크
동천플레이베이(640-09-01469)
[종목 : 스크린골프]
[시설소개 : ]
경기 용인시 수지구 동천동 590-2 1층
우리동네태권도장(770-91-01687)
[종목 : 태권도]
[시설소개 :
https://blog.naver.com/tkwonman]
경기 안성시 공도읍 진사길 32 (진사리,
  주은청설아파트) 아파트상가동A동 303~306호
포천유나이티드(422-99-01275)
[종목 : 축구]
[시설소개 : 포천에
  위치한 유소년 축구클럽입니다.]
경기 포천시 중앙로 24 (신읍동) 복성빌딩 3층
화원블랙벨트태권도장(250-95-00315)
[종목 : 태권도]
[시설소개 : 세상을
  아름답게 보는 마음
좋은 생각을 나누는 곳
HWA WON BLACK BELT TAEKWONDO]
경기 화성시 향남읍 하길로 9 (하길리,
  화성향남오색마을사랑으로부영11단지) 부영11단지 내 상가2층 화원블랙벨트태권도장
서경볼링장(215-09-55721)
[종목 : 볼링장]
[시설소개 : 인천
  서구 신현동에 위치한 14레인(합성)으로서 현프로선수가 운영중인 볼링장입니다.]
인천 서구 가정로 369 (신현동, 서경
  플러스 존) 서경백화점 5층 서경볼링장
흥덕한국체대태권스쿨태권도장(599-93-00953)
[종목 : 태권도]
[시설소개 : ]
경기 용인시 기흥구 흥덕1로79번길 2 (영덕동, 가은프라자) 511호
은계럭키점핑(277-01-02100)
[종목 : 점핑다이어트]
[시설소개 :
  점핑운동]
경기 시흥시 은행로 140 (은행동, 삼현빌딩) 2층
고양 굿모닝 태권도장(419-97-00349)
[종목 : 태권도]
[시설소개 : ]
경기 고양시 일산서구 가좌3로 29 (가좌동) 2층 201
호계실내테니스아카데미(734-07-02264)
[종목 : 실내테니스]
[시설소개 :
  안양 호계동에 위치한 실내 테니스 아카데미입니다.]
경기 안양시 동안구 흥안대로145번길 127 (호계동) 지하1층
해동검도 양지도장(132-23-00290)
[종목 : 해동검도]
[시설소개 : ]
경기 남양주시 오남읍 진건오남로 788 (양지리) 양지빌딩 4층 해동검도
밥스골프아카데미 식사점(717-12-01906)
[종목 : 실내스크린골프]
[시설소개 :
  GDR 실내 스크린 골프연습장
타석17개( 좌타 1개 ) 골프존 비전플러스게임장 룸1개
주차시설완비 지상 동시주차 120대
편리한 접근성]
경기 고양시 일산동구 고양대로 1030 (식사동) 굿모닝건강랜드 3층
스카이키즈풀(108-95-25806)
[종목 : 수영]
[시설소개 :
  어린이전용수영장]
경기 용인시 수지구 성복1로 118 (성복동) B2
클럽훈짐 제물포점(358-43-00134)
[종목 : 헬스장]
[시설소개 :
  헬스장]
인천 미추홀구 경인로 119 (숭의동, 다복빌딩) 다복빌딩 4층 클럽훈짐
더킹복싱(269-94-00573)
[종목 : 복싱]
[시설소개 : 월 ~금
  평일운영 (주말 ,공휴일 휴무)
오전 11시 ~ 저녁10시까지 운영
개인PT식 트레이닝]
경기 남양주시 경춘로 390 (다산동) 3층 더킹복싱
빽스짐 고잔점(104-34-95648)
[종목 : PT샵]
[시설소개 : 안산
  원조PT 명가 1대1 PT전문샵 빽스짐입니다.
안산시보디빌더 백기봉 선수가 직접 운영하는 빽스짐입니다]
경기 안산시 단원구 광덕3로 178 (고잔동, 화승타운) 603호 빽스짐
탑스크린골프(646-13-01391)
[종목 : 스크린골프]
[시설소개 : ]
인천 남동구 인하로 635 (구월동) 3층
주식회사 더프렌즈골프(342-88-02161)
[종목 : 실내골프연습장]
[시설소개 :
  실내골프연습장]
인천 서구 국제대로 237 (청라동) 가동 3층
아레나볼(316-05-00628)
[종목 : 볼링]
[시설소개 : ]
경기도 의정부시 청사로47번길 18 ,4층 401호 (금오동,로얄프라자빌딩)
부천정도태권도(122-90-93697)
[종목 : 줄넘기/태권도]
[시설소개 :
  태권도 수업은
2시30분/4시/5시30분/7시/8시30분입니다.
줄넘기 수업은
1시/2시30분/4시/5시30분/7시 입니다]
경기 부천시 성주로68번가길 4 (송내동) 3층
용인대수지상현태권도(291-93-00229)
[종목 : 태권도]
[시설소개 :
  태권도]
경기 용인시 수지구 만현로 36 (상현동,
  토마토프라자) 용인대 수지상현 태권도
힛더핏(HIT THE FIT)(622-15-01327)
[종목 : 헬스]
[시설소개 : ]
경기 안양시 동안구 관악대로 103 (비산동, 103에비뉴) 11층
용인대하늘MBA태권도(516-92-01299)
[종목 : 태권도]
[시설소개 :
  용인대하늘MBA태권도 줄넘기 스포츠]
경기 남양주시 다산동 6019 아지타워4층
영통스크린골프존연습장(435-14-01804)
[종목 : 스크린골프]
[시설소개 :
  영통중심상가에 위치한 스크린 골프게임과 연습을 동시에 즐길 수 있는 UDR시스템의 신개념 골프 연습장.]
경기 수원시 영통구 청명남로 40 (영통동) 301호
헬스보이짐권선점(140-85-27075)
[종목 : 헬스]
[시설소개 : ]
경기 수원시 권선구 동수원로 232 (권선동,
  센터블스파) 2층 헬스보이짐권선저
스타필라테스(571-20-01101)
[종목 : 필라테스]
[시설소개 : ]
경기 김포시 고촌읍 장차로13번길 25 (신곡리, 세종프라자) 2층 201호
김민기복싱클럽(132-92-38792)
[종목 : 복싱]
[시설소개 :
  복싱체육관]
경기 구리시 인창동 453 성원상가2층김민기복싱클럽
강코휘트니스(155-19-01408)
[종목 : 헬스]
[시설소개 : ]
경기 김포시 김포대로 859 (사우동, 하나메디칼센타) 7층
보니따필라테스 시흥대야점(113-24-75012)
[종목 : 필라테스]
[시설소개 :
  개인레슨&그룹레슨
✔ 100%기구필라테스
✔ 캐포머
✔ 바렐
✔ 체어
▶유선문의 031)313-1926
▶카톡문의 bonita_27_
▶DM문의 bonita_pilates27
대야동 롯데마트 건너편
신한은행건물 4층
(디아망타운)]
경기 시흥시 비둘기공원7길 33 (대야동,
  디아망타운) 402호 보니따필라테스
조규복클라이밍센터(금곡)(304-37-00096)
[종목 : 클라이밍]
[시설소개 : ]
경기 남양주시 석실로 696 (금곡동) 1층 조규복 클라이밍센터
청북 용인대 청룡 태권도장(591-98-00444)
[종목 : 용인대 청룡 태권도장]
[시설소개 : ]
경기 평택시 청북읍 안청로4길 49-25
  (옥길리) 3층 용인대 청룡 태권도장
PGA 골프스쿨(304-33-00254)
[종목 : 골프]
[시설소개 : 골프
  레슨 전문스쿨]
경기 화성시 봉담읍 샘마을길 51 (상리) 2층 PGA 골프스쿨
평촌볼링센타(625-17-00753)
[종목 : 볼링장]
[시설소개 : ]
경기 안양시 동안구 평촌동 167 평촌볼링센타
라온요가(175-04-02033)
[종목 : 요가]
[시설소개 : ]
경기 시흥시 은계번영길 1 (은행동, 태산W타워) 607호 라온요가
필리아필라테스(719-65-00438)
[종목 : 필라테스]
[시설소개 : ]
경기 용인시 처인구 금령로 147 (마평동,
  한솔빌딩) 201호 필리아필라테스
원핏(104-49-62137)
[종목 : 필라테스]
[시설소개 :
  발레전공자가 수업하는 필라테스
논현동 유일한 발레핏]
인천 남동구 논고개로 93 (논현동, 보미리즌텔) 1815호
신중동점 스포애니
  주)케이디스포츠(889-85-01485)
[종목 : 헬스]
[시설소개 : 대한민국
  No.1 피트니스 기업 (주)케이디스포츠 스포애니의 피트니스 브랜드 (헬스, PT, G.X)]
경기 부천시 신흥로 169 (중동, 미림프라자오피스텔) 5층
웰헬스. PT.재활(247-08-00963)
[종목 : 헬스. 피트니스. PT. 재활]
[시설소개 : 웰헬스.PT.재활]
경기 부천시 신흥로 285 (중동) 2층. 웰헬스
이매탁구클럽(764-09-00714)
[종목 : 탁구]
[시설소개 : 깨끗하고
  현재 회원제로 운형중]
경기 성남시 분당구 성남대로779번길 17
  (이매동, 포티스빌딩) 포티스빌딩지하1호이매탁구클럽
안녕필라테스(530-04-01075)
[종목 : 필라테스]
[시설소개 :
  개인레슨,듀엣레슨,그룹레슨
기구필라테스]
경기 부천시 소사로 119 (소사본동,
  동남빌딩) 동남빌딩 4층 안녕필라테스
PEC태권도(142-91-51330)
[종목 : 태권도]
[시설소개 :
  PEC태권도]
경기 용인시 수지구 상현로11번길 2 (상현동, 하마루마트) PEC태권도
해오름줄넘기교육원(331-96-01186)
[종목 : 줄넘기]
[시설소개 : ]
경기 안양시 동안구 동편로 110 (관양동,
  동편마을) 3단지내상가 201,202호
용인대세이지가곡태권도장(132-92-26054)
[종목 : 태권도]
[시설소개 :
  용인대세이지가곡태권도장]
경기 남양주시 화도읍 비룡로 345 (가곡리) 2층
가좌 품 태권도장(786-90-00217)
[종목 : 태권도]
[시설소개 : ]
인천 서구 건지로 402 (가좌동, 가좌한신휴플러스) 402동503호
소사당구클럽(519-21-00663)
[종목 : 당구장]
[시설소개 :
  대대8대.중대1대]
경기 부천시 소사로 240 (소사본동) 현기빌딩 3층 소사당구클럽
3구4구당구클럽(126-30-49748)
[종목 : 당구장]
[시설소개 :
  3구4구당구클럽 10시오픈]
경기 여주시 세종로 361 (점봉동) 세종빌딩3층 3구4구당구클럽
제이핏다이어트 필라테스(499-17-00737)
[종목 : 필라테스]
[시설소개 :
  안녕하세요.제이핏 필라테스 입니다.
위치는 용인시 처인구 양지면 양지성당 앞에 위치해있구요.
그룹8:1
소그룹 4:1.
2:1
개인레슨
기구필라테스입니다.
체형교정. 근력향상과 동시에 아름다운 바디라인을 만들수 있는 공간입니다.
많이와주세요~^^감사합니다.]
경기 용인시 처인구 양지면 남곡리 123-2 2층
목감 국가대표 참 태권도장(128-92-54702)
[종목 : 태권도]
[시설소개 : 시흥시
  목감신도시에 위치한 국가대표 참 태권도장 입니다.]
경기 시흥시 목감중앙로 53 (조남동) 305호 306호 국가대표 참 태권도장
피티어텐션짐(259-36-00770)
[종목 : 실내체육시설]
[시설소개 :
  1:1pt]
인천 서구 완정로 27 (마전동) 신한빌딩 3층
포올스포츠클럽(507-92-01539)
[종목 : 축구]
[시설소개 : ]
경기 부천시 양지로 208 (옥길동, 지음프라자) 801~804호
cs스포츠(227-08-38785)
[종목 : 테니스]
[시설소개 :
  안녕하세요.
cs스포츠 입니다.
유능하신 프로님들께
즐겁게 테니스 운동을 배우실 수 있었으면 좋겠습니다 ^^
건강,다이어트,취미 등등
덤으로 테니스 실력까지 UP!!
궁금사항이 있으시면 언제든지
문의 주세요 ^^!!]
경기 안양시 만안구 예술공원로52번길 2 (안양동) cs스포츠
용인대흑룡합기도(560-98-00867)
[종목 : 합기도]
[시설소개 : 무도를
  통한 바른인성교육센타
소중한자녀 바르고 강하게 지도하겠습니다]
경기 군포시 당동로 5 (당동) 3층(용인대흑룡합기도)
점프스타줄넘기클럽(555-95-01602)
[종목 : 줄넘기]
[시설소개 : ]
경기 시흥시 옥구상가1길 11 (정왕동, 삼아빌딩) 201
람므필라테스(534-21-01206)
[종목 : 필라테스]
[시설소개 : ]
경기 양주시 옥정로 200 (옥정동) 씨네마엠디402호 람므필라테스
하라벨리댄스스튜디오(278-40-00647)
[종목 : 벨리댄스]
[시설소개 : ]
인천 계양구 동양로 121 (동양동) 2층
업투휘트니스 안양범계점(160-14-01346)
[종목 : 헬스장]
[시설소개 :
  업투휘트니스 안양범계점입니다.
다양한 60종의 최신식 기구와 넓은 웨이트존이 있으며,
그 외 1:1 PT 전문 그리고 8:1 그룹기구필라테스도 함께 운영하고 있습니다.]
경기 안양시 동안구 달안로 63 (비산동,
  샛별아파트 상가) 지하1층 업투휘트니스
에스바디워크필라테스 범계점ㅂ(683-85-01437)
[종목 : 필라테스]
[시설소개 :
  에스바디워크 필라테스는 전국 최다 필라테스 지점을 운영하고 있는 국내 최대 필라테스 기업입니다. 10년 동안 쌓아온 경험과 전문성을
  바탕으로 에스바디워크 필라테스만의 안정적인 경영 전략과 표준화 및 등급화된 차별적인 교육 프로그램을 구축하여 지속적인 성장을 하였고, 온,
  오프라인을 통해 보다 건강하고 행복한 가치를 창출하기 위해 끊임없이 노력하고 있습니다. 에스바디워크 필라테스는 회원님께서는 믿고 다닐 수
  있는 센터로, 전공자와 지도자들에게는 미래를 제시해줄 수 있는 회사로 만들기 위해 최선을 다할 것을 약속드리겠습니다. 모두의 건강하고
  행복한 삶을 믿어주고 응원해주는 사람들이 있는 ‘에스바디워크 필라테스’와 함께 건강한 라이프 스타일을 만들어 나가보세요.]
경기 안양시 동안구 평촌대로217번길 19
  (호계동, 백산프라자) 동아테마타운 7층 에스바디워크필라테스 범계점
하늬바람태권도장(122-90-84878)
[종목 : 태권도]
[시설소개 :
  유치부전문 트니트니 실내축구 태권도 줄넘기
태권도 전문 전공반 하늬바람품새팀 운영]
인천 중구 하늘달빛로 94 (중산동) 스타타워805호
수내점 스포애니
  주)케이디스포츠(253-85-01712)
[종목 : 헬스]
[시설소개 : 대한민국
  No.1 피트니스 기업 (주)케이디스포츠 스포애니의 피트니스 브랜드 (헬스, PT, G.X)]
경기 성남시 분당구 돌마로 364 (수내동, 현대제일상가) 지하1층
라비요가(763-47-00649)
[종목 : 요가,필라테스]
[시설소개 :
  ]
경기 하남시 위례대로 190 (학암동, 위례 효성해링턴 타워) 204호
라온 골프존(449-12-01089)
[종목 : 스크린 골프]
[시설소개 :
  ]
경기 화성시 향남읍 발안로 303 (동오리) 마루타운 2층 서측
스카이스포츠(384-73-00412)
[종목 : 어린이수영장]
[시설소개 :
  ]
경기도 용인시 수지구 성복1로 112-5 1층
새나라태권도장(130-91-71196)
[종목 : 태권도]
[시설소개 :
  안녕하세요?
부천시 오정구 원종동에 소재한 새나라태권도장 입니다.
본 도장은 수련생들의 안전을 위해 방역을 철저하게 있으며
건강한 신체와 바른 인성을 교육하고 있습니다!]
경기 부천시 소사로794번길 27 (원종동) 3층 새나라태권도장
유노점프성복점&tkd(204-95-38123)
[종목 : 태권도 줄넘기]
[시설소개 :
  아이가 밝으려면 지도자가 밝아야한다는
지도철학 아래 칭찬과 격려로 신나는 하루를
선물합니다~^^]
경기 용인시 수지구 성복2로 230 (성복동) 201호
룩스필라테스 의왕내손점(647-62-00340)
[종목 : 필라테스]
[시설소개 :
  100% 기구필라테스 전문 스튜디오
그룹레슨 / 2:1 듀엣레슨 / 1:1 개인레슨
캐포머, 체어, 바렐 대기구 그룹레슨실 완비]
경기 안양시 동안구 포일로 8 (평촌동) B동 4층 402호
무성특공무술체육관(899-46-00072)
[종목 : 특공무술]
[시설소개 : ]
경기 시흥시 복지로120번길 12 (대야동,
  대야태권도체육관) 2층 무성특공무술체육관
필라테스the청담(171-17-00936)
[종목 : 필라테스]
[시설소개 :
  의정부역
기구필라테스 레슨 필라테스더청담 입니다^^
1대1개인레슨, 2대1듀엣레슨, 3대1그룹레슨, 5대1그룹레슨 진행중입니다 ^^
혼자서 프라이빗하게, 친구, 부부, 연인, 가족과함께 하는 즐거운 운동시설입니다 ^^!!]
경기 의정부시 신흥로240번길 21
  (의정부동, 가연타워) 10층 필라테스the청담
와우당구클럽(702-65-00032)
[종목 : 당구장]
[시설소개 :
  국제식대대 5대 /중대5대]
경기 시흥시 중심상가로 181 (정왕동, 삼화빌딩) 2층
제이피홈짐(202-29-02717)
[종목 : 헬스]
[시설소개 :
  헬스PT,골프 레슨]
경기 성남시 수정구 위례광장로 311
  (창곡동, 위례35단지) 3508동 1206호
점프로프캐슬(298-94-00265)
[종목 : 줄넘기]
[시설소개 : 꿈이
  있는 곳! 미래가 있는 곳!
줄넘기 전문 강사진들이 하루 한 시간 엄마, 아빠의 마음으로 지도합니다!
경희대학교 교육대학원 교육학 석사, 국가대표 줄넘기 코치 출신 지도자가
소중한 우리 아이들을 지도합니다^^]
경기 하남시 미사강변대로226번길 26
  (망월동, 미사원프라자) 3층 301호 점프로프캐슬
텐스플래닛 코리아 본관(545-05-01211)
[종목 : 노기 주짓수]
[시설소개 :
  노기 주짓수를 전문으로 하는 전국 유일의 체육관
10th planet 한국 정식 지부
블랙벨트 관장]
경기 성남시 수정구 태평동 5113-10 태룡빌딩 3층
라온경희태권도장(333-92-01656)
[종목 : 태권도]
[시설소개 : ]
경기 화성시 향남읍 상신하길로 65 (상신리,
  화성향남언덕마을사랑으로부영17단지) 상가동 201호 라온경희태권도장
위풀수영장(427-87-02112)
[종목 : 수영]
[시설소개 : 320평
  규모의 최대, 최고의 시설]
경기 오산시 운암로 113 (오산동) 제지층201호
오늘도,필라테스(282-27-01248)
[종목 : 필라테스]
[시설소개 :
https://blog.naver.com/todaypilates_]
경기 화성시 동탄영천로 108-21 (영천동) 상가1층 2호 오늘도,필라테스
온(ON)폴댄스 향동점(503-58-62369)
[종목 : 폴댄스]
[시설소개 : 향동
  유일 폴댄스 학원입니다!]
경기 고양시 덕양구 꽃마을로 4 (향동동,
  고양향동 퍼스트타워) 향동 퍼스트타워 8층 806호
연세효태권도(233-98-00228)
[종목 : 태권도]
[시설소개 :
  연세효태권도.줄넘기.호신술
유아체육. 주말체육]
경기 의정부시 평화로150번길 15 (호원동, 대림빌딩) 대림5층
라이프체인지헬스클럽(126-29-07534)
[종목 : 헬스]
[시설소개 : ]
경기 이천시 어재연로37번길 16 (창전동) 3층 라이프체인지헬스클럽
짐아나볼릭(126-25-35328)
[종목 : 헬스]
[시설소개 :
  작은시골마을 많지 않지만 좋은 분들을 만나 운동하는 행복한 체육관]
경기 이천시 진상미로1800번길 243 (대포동) 짐아나볼릭
아키라필라테스(433-17-01454)
[종목 : 필라테스]
[시설소개 : ]
인천 미추홀구 독배로 311 (용현동, 비젼프라자) 7층 아키라필라테스
올 어바웃 스포츠 (All About
  Sports)(134-28-96384)
[종목 : 주짓수]
[시설소개 : ]
경기 안산시 단원구 광덕1로 61 (초지동, 신명프라자) 302,303,304호
백인철권투체육관(866-90-01036)
[종목 : 복싱]
[시설소개 : ]
경기 고양시 덕양구 혜음로 43 (고양동) 3층체육관
올림피아당구장(481-49-00493)
[종목 : 당구장]
[시설소개 : ]
경기 시흥시 정왕동 2005-2 올림피아당구장
부천시청점 스포애니
  주)케이디스포츠(786-85-01468)
[종목 : 헬스]
[시설소개 : 대한민국
  No.1 피트니스 기업 (주)케이디스포츠 스포애니의 피트니스 브랜드 (헬스, PT, G.X)]
경기 부천시 길주로 227 (중동, 성원빌딩) 5층
돌핀짐(416-21-92258)
[종목 : 여성전용헬스클럽]
[시설소개
  : 용인 수지 유일의 여성전용 휘트니스 클럽]
경기 용인시 수지구 풍덕천동 707-4 3층 돌핀짐
나우점핑다이어트(379-17-01335)
[종목 : 점핑]
[시설소개 : 1시간에
  1000kcal
재밌고 신나는 점핑운동!
운동중 수분보충 노폐물 쏙 허브티와
운동후 영양보충 단백질쉐이크까지!!
운동전후 원적외선반신욕은 서비스~
지금 상담하세요!!]
경기 부천시 부흥로 190 (중동) 3층
죽전팀J(148-91-01478)
[종목 : 유도, 주짓수]
[시설소개 :
  ]
경기도 용인시 수지구 대지로 43 5층 501호
경희대힘찬태권도장(725-94-00525)
[종목 : 태권도]
[시설소개 :
  K-타이거즈 힘찬태권도]
경기 부천시 수도로 190 (도당동)
  삼덕빌딩2층 좌측 경희대힘찬태권도장
손곡태권도(142-90-82909)
[종목 : 태권도]
[시설소개 : ]
경기 용인시 수지구 손곡로 67 (동천동,
  수진마을 우미 이노스빌) A상가2층 204호 STG손곡태권도
힛더핏 평촌점(463-10-01723)
[종목 : 헬스]
[시설소개 : ]
경기 안양시 동안구 흥안대로 415 (평촌동, 두산벤처다임) B137 B139
(주)티알멀티스포츠센터(571-87-00726)
[종목 : 멀티스포츠]
[시설소개 :
  다양한 스포츠 교육 서비스를 통해 경제적 가치와 사회적 가치를 동시에 추구하면서 폭 넓은 사회 서비스에 목적을 두고 있는 시설입니다.]
경기 안산시 상록구 항가울로 42 (사동) 2층
다니엘주안태권도장(222-09-30563)
[종목 : 태권도]
[시설소개 : ]
인천 남동구 석정로 467 (간석동) 6층 다니엘주안태권도장
경희대박사태권도(132-90-84759)
[종목 : 태권도]
[시설소개 : 진접읍
  부평리 진접센트레빌시티 단지내에 위치한 경희대박사태권도입니다.
유치부,초,중,고,대학입시반 운영, 한국파워점핑줄넘기 지도]
경기 남양주시 진접읍 부평로 42 (부평리,
  진접센트레빌시티1단지상가) 진접센트레빌시티 상가215호
피트니스독스(581-76-00260)
[종목 : 헬스]
[시설소개 : 호평동
  최고 수입기구]
경기 남양주시 늘을2로 26 (호평동, 메인시네마타워) 7층 703-1
리맨즈유소년축구클럽주식회사(154-87-02500)
[종목 : 축구]
[시설소개 :
  안녕하세요 인천 서구에 위치한 리맨즈유소년축구클럽입니다]
인천 서구 심곡로 21 (심곡동, 신영빌딩) 리맨즈유소년축구클럽 3층
고투피트니스 화정점(756-57-00223)
[종목 : 체력단련장업]
[시설소개 :
  ]
경기 고양시 덕양구 백양로 65 (화정동,
  동도센트리움) 2층 고투피트니스 화정점
리에이치스튜디오(752-40-00790)
[종목 : 필라테스]
[시설소개 : ]
경기 용인시 수지구 고기로 88 (동천동) 302호
온(ON)폴댄스&요가(375-05-01738)
[종목 : 폴댄스]
[시설소개 : 일산
  탄현에 위치한 폴댄스&요가 학원입니다!]
경기 고양시 일산서구 일현로 65 (탄현동) 동현빌딩 5층 503호
아이세상 태권도(464-90-01709)
[종목 : 태권도]
[시설소개 : ]
경기 시흥시 배곧5로 66-11 (배곧동,
  스타플렉스) 503-504호 아이세상 태권도
밤짐(675-97-00575)
[종목 : 복싱]
[시설소개 : ]
경기 고양시 일산동구 숲속마을1로 77 (풍동, 그린메디피아) 5층 밤짐
랭크 골프 아카데미 운정점(610-31-51260)
[종목 : 실내골프연습장]
[시설소개 :
  ]
경기 파주시 경의로 989 (야당동) SB몰 랭크 골프 아카데미 운정점
경복볼링장(134-11-92513)
[종목 : 볼링장]
[시설소개 :
  경복볼링장]
인천 남동구 경인로 607 (간석동) 경복빌딩 4층경복볼링장
글라이트번지앤요가(406-02-52980)
[종목 : 줌바]
[시설소개 : ]
인천 미추홀구 숙골로 124 (도화동, 와이지타워) 201호
용인대한울태권도장(758-90-00279)
[종목 : 태권도]
[시설소개 : ]
경기 파주시 조리읍 내산길 55 (봉일천리,
  파주 푸르지오 아파트) 상가동202-2호,203호
kj세도나골프존스크린(547-44-00731)
[종목 : 스크린골프연습장]
[시설소개
  : ]
경기 고양시 덕양구 무원로6번길 50
  (행신동, 명승세도나) 4층 kj세도나골프존스크린
트리플에이짐PT(394-17-01479)
[종목 : 헬스]
[시설소개 : ]
경기 김포시 풍무로146번길 26 (풍무동) 501호
마두역점 스포애니
  주)케이디스포츠(856-85-00981)
[종목 : 헬스]
[시설소개 : 대한민국
  No.1 피트니스 기업 (주)케이디스포츠 스포애니의 피트니스 브랜드 (헬스, PT, G.X)]
경기 고양시 일산동구 중앙로 1190 (마두동, 서울타워) 지하1층
에이블스포츠(204-27-29756)
[종목 : 농구]
[시설소개 : ]
경기 용인시 기흥구 보정동 988-31 에이블농구교실
필바디 필라테스 &
  피티(318-38-00904)
[종목 : 필라테스, 헬스피티]
[시설소개 : ]
경기 화성시 동탄신리천로 408 (목동) m메디컬프라자 3층
리플레이운동재활스튜디오(276-32-00438)
[종목 : 체력단련장]
[시설소개 : ]
경기도 용인시 기흥구 흥덕중앙로 59 9층
  902호 (영덕동, 용인흥덕노블레스흥덕노블레스)
라인핏(308-39-00087)
[종목 : 필라테스]
[시설소개 : ]
경기 부천시 약대동 144-4 3층
태풍태권도장(142-91-05006)
[종목 : 태권도]
[시설소개 : ]
경기 용인시 수지구 수풍로 38 (풍덕천동,
  수지2차 삼성래미안) 삼성2차상가 B01호
PBET STUDIO(244-31-00865)
[종목 : 필라테스]
[시설소개 : ]
경기 안양시 동안구 흥안대로 445 (평촌동,
  평촌 K-비즈리움) 206호 PBET_STUDIO
바온필라테스(661-94-01351)
[종목 : 필라테스]
[시설소개 :
  동탄2 통증케어전문 기구필라테스, 체형교정, 맨즈필라테스]
경기 화성시 동탄순환대로 127-5 (산척동,
  우성센트럴타워) 8층 바온필라테스
김포주니어 풋볼클럽(691-96-01259)
[종목 : 축구교실]
[시설소개 : ]
경기 김포시 풍무로 25 (풍무동,
  센트럴메디프라자) 407호 김포주니어 풋볼클럽
프리미엄필라테스(809-45-00728)
[종목 : 필라테스]
[시설소개 : ]
인천 중구 신도시남로142번길 6 (운서동, 메가스타 영종) 231호
용인대튼튼태권도장(457-98-01390)
[종목 : 태권도]
[시설소개 : ]
경기 부천시 상동로117번길 31 (상동,
  대림타운) 6층 용인대튼튼태권도장
점프윙스태권도(204-94-33761)
[종목 : 점프윙스태권도]
[시설소개 :
  ]
인천 서구 청중로478번길 7 (가정동) 2층
마우이필라테스(116-20-01210)
[종목 : 필라테스]
[시설소개 :
  위례필라테스 창곡동필라테스]
경기 성남시 수정구 위례광장로 5 (창곡동,
  위례우남역아이파크) 상가3층 306호 마우이필라테스
리버티필라테스(792-33-00688)
[종목 : 필라테스]
[시설소개 :
  ◽️그룹 할 수 있는 공간이지만 코로나를 대비해 개인레슨과 듀엣레슨만
  진행하는 소규모센터
◽️매일매일 방역처리 하는 센터]
경기 용인시 수지구 성복2로 51 (성복동, 데이파크) B동 207호
필라테스,기쁨(234-04-00881)
[종목 : 필라테스]
[시설소개 : ]
경기 안산시 단원구 광덕대로 146 (고잔동, 일번지프라자) 505호
남양주 별내블루윙즈(824-26-00861)
[종목 : 축구교실]
[시설소개 : ]
경기 남양주시 불암산로97번길 9 (별내동)
  수원삼성블루윙즈 남양주축구단
라이킷스포츠아카데미(591-98-01313)
[종목 : 스포츠]
[시설소개 :
  종합체육학원
(유아,유소년,성인 체육수업)]
경기 파주시 미래로602번길 43 (와동동) 6층 라이킷스포츠
아카샤요가(423-32-00484)
[종목 : 요가]
[시설소개 :
  김포구래동전통요가원]
경기 김포시 김포한강8로 410 (구래동, 스타프라자) 804호
아지트스크린골프(697-14-01168)
[종목 : 골프]
[시설소개 : ]
인천 남동구 석산로 123 (간석동, 베스트빌딩) 3층
피트니스연구소(655-59-00531)
[종목 : 6555900531]
[시설소개 :
https://fitnessinstitute.modoo.at/?link=5ewax1r3]
인천 미추홀구 독배로 309 (용현동,
  노블레스타워) 노블레스타워8층 피트니스연구소
바디스톤스피닝필라테스(895-03-01505)
[종목 : 헬스 스피닝 PT 필라테스]
[시설소개 : 헬스 스피닝 PT 필라테스]
경기 수원시 권선구 매송고색로 646 (고색동) 2층 3층
스티즈어린이농구교실
  다산로데오점(809-79-00271)
[종목 : 농구]
[시설소개 :
  다산새봄초등학교 앞에 위치한 3X3 농구 전문 어린이 농구교실입니다.]
경기 남양주시 다산순환로 432 (다산동,
  다산진건지구 근생 3-2-2) 1층 109~111호
라이온합기도 검무관(122-13-54164)
[종목 : 합기도]
[시설소개 : ]
인천 부평구 부평동 70-84 2층 라이온 합기도 검무관
하남신장점 스포애니
  주)케이디스포츠(653-85-00529)
[종목 : 헬스]
[시설소개 : 대한민국
  No.1 피트니스 기업 (주)케이디스포츠 스포애니의 피트니스 브랜드 (헬스, PT, G.X)]
경기 하남시 신평로 84 (신장동) 동화건설 주차빌딩 2층
ABC 당구클럽(747-62-00451)
[종목 : 당구장]
[시설소개 : ]
경기 부천시 소사로 719 (원종동, 관우프라자) 6층 ABC당구클럽
라온GDR(888-07-01669)
[종목 : 골프]
[시설소개 :
  향남1지구 유일한 골프존 GDR 골프 연습장입니다.]
경기 화성시 향남읍 발안로 303 (동오리) 마루타운 2층
㈜용감한친구들(648-87-01739)
[종목 : 체력단련장]
[시설소개 : ]
경기도 용인시 기흥구 한보라1로10번길 6-10 3층
경희대태권도장(586-99-00380)
[종목 : 태권도]
[시설소개 : ]
경기 부천시 옥길동 744-2 이에스타워 601호
굿샷스크린골프(376-79-00112)
[종목 : 스크린골프]
[시설소개 :
  신봉동 하나은행 7층에 환기 잘되는 스크린골프장입니다.
감사합니다]
경기 용인시 수지구 신봉1로 175 (신봉동, 진성프라자) 703호
태무정무태권도(122-92-31021)
[종목 : 태권도]
[시설소개 : ]
인천 계양구 작전동 857-28 2층
여주k복싱크로스핏(797-94-01285)
[종목 : 복싱]
[시설소개 :
  여주에있는 복싱 크로스핏 체육관 입니다
항상 최고의 만족을 느낄수있도록 노력하겠습니다]
경기 여주시 여흥로 131 (홍문동) 2층
라온제나 주짓수 스튜디오(892-20-00917)
[종목 : 주짓수]
[시설소개 :
  안녕하세요 인천 구월동 아시아드 선수촌에 위치한 구월동 주짓수 전문체육관
라온제나 주짓수 스튜디오 입니다^^]
인천 남동구 인하로 568 (구월동,
  아시아드타워) 3층 라온제나 주짓수 스튜디오
아스트로당구장(ASTRO)(672-20-01189)
[종목 : 당구]
[시설소개 : 작전동
  현대 2차 아파트 근처
작전서운 행정복지 센터 ,
파출소 건너편]
인천 계양구 효서로 370 (작전동,
  월드프라자) 2층 201호 아스트로당구장
머슬짐(698-15-01421)
[종목 : 헬스장]
[시설소개 :
  은행동머슬짐]
경기 시흥시 은행로167번길 3 (대야동, 대원빌딩) 5층 머슬짐
삼성태권도(553-92-00659)
[종목 : 태권도]
[시설소개 :
  부부관장으로 운영하고 있으며 태권도 및 주 3회 음악줄넘기를 통해 아이들이 건강하고 행복한 운동을 지도하는 삼성태권도 입니다.]
경기 김포시 감정로 42 (감정동,
  신안실크밸리1차아파트) 상가동 2층 삼성태권도
더기프트짐(507-08-01578)
[종목 : 헬스클럽]
[시설소개 : ]
경기 용인시 기흥구 마북로 159 (마북동, 한성프라자) 2층 더기프트짐
위드테니스아카데미(동탄)(194-04-02295)
[종목 : 실내테니스장]
[시설소개 :
  동탄 레슨전문 실내테니스장입니다.]
경기 화성시 동탄신리천로 406 (목동) 리더스퀘어 701~704
토크스퀘어(256-06-01661)
[종목 : 헬스]
[시설소개 : ]
인천 중구 영종대로 94 (운서동, 두림타워) 9층
웨스턴짐(185-20-01481)
[종목 : 헬스장]
[시설소개 :
  400평 헬스장, 웨이트머신50종, 유산소머신36종
12월초 머신11종 추가 입고 예정]
경기 수원시 영통구 청명남로 21 (영통동, 아셈프라자) 8층 웨스턴짐
와니엘 배팅센터 인천점(201-21-73116)
[종목 : 실내 야구 배팅장]
[시설소개
  : 인천,김포 실내 야구 배팅장]
인천 서구 금곡동 273-32 와니엘 배팅센터 인천점
신성 태권도(129-92-37161)
[종목 : 태권도]
[시설소개 : ]
경기 성남시 분당구 수내동 32 청구문화시장2층 신성 태권도
국가대표 호수 태권도
  음악줄넘기(719-98-00950)
[종목 : 음악줄넘기]
[시설소개 : ]
경기 김포시 김포한강4로420번길 80 (구래동) 501호,502호
별내탁구클럽(687-10-00465)
[종목 : 탁구]
[시설소개 : ]
경기 남양주시 별내중앙로 34 (별내동) 501호(별내동, 로템타워)
나래체육관(133-90-23890)
[종목 : 태권도]
[시설소개 :
  유치부.초.중.고등부 수련도장]
경기 광명시 너부대로32번길 4-16 (광명동) 4-16
슬림핏점핑다이어트(366-76-00375)
[종목 : 점핑]
[시설소개 : ]
경기 안양시 만안구 양화로 33 (안양동) 3층 점핑다이어트
홍짐 주짓수 종합격투기(482-93-01159)
[종목 : 주짓수 종합격투기]
[시설소개
  : 주짓수와 종합격투기(ufc)를 안전하고 재밌게 배울 수 있는 곳 입니다
주짓수파이터 (로드fc) 홍관장]
경기 의정부시 민락동 808-2 트윈타워 306 홍짐
Ds당구클럽(775-04-01213)
[종목 : 당구클럽]
[시설소개 :
  Ds당구클럽]
경기 수원시 팔달구 인계동 1042-9
  경기도수원시팔달구효위원로249번길50
빅토리당구장(147-24-00625)
[종목 : 당구장]
[시설소개 : 동탄2
  신도시 당구장]
경기 화성시 동탄순환대로 685 (영천동) 메디피아프라자 401호
용인대 다온 태권도장(618-90-22316)
[종목 : 태권도]
[시설소개 : ]
인천 강화군 강화읍 갑룡길 47 (갑곳리,
  알미슈퍼) 2층 용인대다온태권도장
정통사교댄스(173-01-01304)
[종목 : 댄스]
[시설소개 : ]
인천 미추홀구 독배로492번길 4 (숭의동) 지하층
Wgym(310-95-04985)
[종목 : 크로스핏,킥복싱]
[시설소개
  : ]
인천 동구 송림동 29-11 3층
원종 숭무관(390-53-00234)
[종목 : 합기도,검도]
[시설소개 :
  ]
경기 부천시 원종로9번길 59 (원종동) 4층 숭무관
모래내시장역점 스포애니
  주)케이디스포츠(110-85-33090)
[종목 : 헬스]
[시설소개 : 대한민국
  No.1 피트니스 기업 (주)케이디스포츠 스포애니의 피트니스 브랜드 (헬스, PT, G.X)]
인천 남동구 구월로 274 (구월동) 4,5,6층
요가 희(501-04-94289)
[종목 : 요가]
[시설소개 : ]
경기 시흥시 목감남서로 9-27 (조남동) 308
명도태권도체육관(135-91-11005)
[종목 : 태권도]
[시설소개 : ]
경기 용인시 처인구 양지면 한터로541번길
  26 (대대리, 명도태권도) 대대리437-2
업스포츠구성점(699-31-00712)
[종목 : 유소년 축구, 농구]
[시설소개 : ]
경기도 용인시 기흥구 용구대로2360번길 12 .
달콤한다이어트헬스PT(723-31-01090)
[종목 : 헬스]
[시설소개 :
http://www.daldapt.co.kr/]
경기 부천시 옥길로 110-19 (옥길동,
  제1종근린생활시설 (이에스타워)) 5층 달콤한다이어트헬스PT
용인대석사한울태권도(142-91-07950)
[종목 : 태권도]
[시설소개 : ]
경기 용인시 수지구 정평로 16 (풍덕천동,
  현대성우아파트) 상가동 303~305호
프롬바디PT&필라테스(442-25-00788)
[종목 : 체력단련업]
[시설소개 :
  저희 프롬바디PT&필라테스는 몸으로부터 온 메시지를 보고 답하다. 라는 슬로건아래
최고의 서비스와 체계적인 관리 시스템을 통해 현대인들의 건강, 체력, 체형
  개선, 스트레스 저하는 물론 건강한 라이프스타일까지 제공합니다.]
인천 계양구 장제로 708 (작전동,
  한샘프라자) 2층 프롬바디PT&필라테스
튼튼점핑줄넘기(606-95-68328)
[종목 : 줄넘기]
[시설소개 : ]
경기 오산시 부산중앙로 25-6 (부산동) 자이프라자 405호
채움태권도(169-97-01026)
[종목 : 채움태권도]
[시설소개 : ]
경기 안산시 단원구 선부광장남로 17
  (선부동, 안산라프리모) 라프리모 정문상가 2층
연희필라테스스튜디오(594-22-01302)
[종목 : 필라테스]
[시설소개 : ]
경기 의정부시 오목로 37 (용현동, 청룡빌딩) 청룡빌딩 6층
한양대21세기태권도장(764-93-01347)
[종목 : 태권도]
[시설소개 : ]
경기 의왕시 삼동 600-1 1층
세븐당구장(353-31-00631)
[종목 : 당구]
[시설소개 : ]
인천 동구 송현로 1 (송현동, 송현프라자) 7층 세븐당구장
선후합기도(142-02-12750)
[종목 : 합기도]
[시설소개 : ]
경기 용인시 수지구 수풍로 107 (동천동) 지하1층 선후합기도
커브스작전클럽(663-23-00421)
[종목 : 실내체육시설]
[시설소개 :
  ]
인천 계양구 오조산로 7 (작전동) 4층
인천트라이스톤(175-16-00154)
[종목 : 주짓수, 레슬링]
[시설소개
  : 주짓수,킥복싱,레슬링을 통해 지루하지 않고 재미있는 다이어트를 시작하세요]
인천 계양구 용종동 210-3 대우프라자503호
팻번 퍼스널트레이밍(565-09-01270)
[종목 : 스포츠시설업]
[시설소개 :
  팻번 1:1 퍼스널트레이닝]
인천 서구 건지로 375 (가좌동) 5층 팻번
점프스쿨 구성센터(838-92-01603)
[종목 : 줄넘기]
[시설소개 :
  K-PO 음악줄넘기 전문교육기관 점프스쿨 입니다.
차별화된 줄넘기를 만나보세요~]
경기 용인시 기흥구 구성로 103 (언남동, 멀티프라자) 211호 점프스쿨
람므필라테스(534-21-01206)
[종목 : 필라테스]
[시설소개 :
  프리미엄 필라테스샵
체형교정, 다이어트, 근력강화, 바디프로필]
경기 양주시 옥정로 200 (옥정동) 씨네마엠디 402호 람므필라테스
점핑에반하다(점핑하이작전점)(746-03-00145)
[종목 : 점핑피트니스]
[시설소개 :
  계양구 최초 점핑 운동 전문 센터]
인천 계양구 장제로 719-23 (작전동) 광진빌딩 4층
인스타 테니스 아카데미(729-28-01031)
[종목 : 테니스]
[시설소개 :
  우승자를 무수히 길러내신 원장선생님과 실력있는 선수출신 코치선생님 2분이 레슨을 담당ㅅ나십니다
코트면 3면에 머신기가 2대 설치되어있습니다
날씨 계절에 상관없이 쾌적한 환경에서 제대로 테니스를 배우고 싶으신 분들은
  연락주세요]
경기 구리시 검배로 65 (수택동) 지층 인스타실내테니스장
스튜디오필라티 동탄(331-10-01751)
[종목 : 필라테스]
[시설소개 :
  스튜디오필라티 동탄입니다]
경기 화성시 동탄순환대로12길 12 (산척동) B1층 B01호
VIP필라테스 배곧 19호점(362-33-00997)
[종목 : 기구필라테스 요가 플라잉요가]
[시설소개 : 안녕하세요 고객님~^^
4가지 대기구를 모두 사용해서 레슨이 진행되는 기구필라테스 전문점과 + 요가 & 플라잉요가 스튜디오까지, 총 5곳의 전문
  수업룸과 실력파 강사진으로 인기 몰이중인,
기구필라테스 & 요가플라잉 배곧 19호점 입니다.]
경기 시흥시 서울대학로264번길 12
  (배곧동, 시흥배곧 C2블럭 호반 써밋플레이스 아파트) 호반써밋플레이스 C2, GS25입점상가 2층
잘마자 당구장(127-47-51056)
[종목 : 잘마자당구장]
[시설소개 :
  ]
경기 의정부시 승지로 13 (민락동, 만복빌딩) 4층 잘마자당구장
레인헬스(130-44-16321)
[종목 : 헬스장]
[시설소개 : 부천역
  개인pt , 태닝 전문점입니다]
경기 부천시 원미동 137-2 8층 레인헬스
(주)인천유소년축구단(519-88-01457)
[종목 : 축구]
[시설소개 : ]
인천 서구 청라커낼로288번길 10 (청라동,
  더스페이스타워) 1005호 (인천유소년축구단)
안정환에프씨(김포점)(760-37-00224)
[종목 : 실내축구교실]
[시설소개 :
  ]
경기 김포시 양촌읍 향동로21번길 31-3 (대포리) 안정환에프씨 (김포점)
밸런스워킹PT 김포교육센터(408-23-92038)
[종목 : 밸런스워킹PT]
[시설소개 :
  제자리워킹을 기본으로 사방돌기 회전을통한 복합운동. 자세교정, 다이어트, 두뇌개발, 면역력강화, 스트레스해소가 5대핵심효과. 쉽고 안전하게
  효과는 높은신개념 복합운동, 대한민국창시운동]
경기 김포시 김포한강1로 247 (운양동, 김포운양헤리움타운) A동 202호
의정부역점 스포애니
  주)케이디스포츠(220-85-45928)
[종목 : 헬스]
[시설소개 : 대한민국
  No.1 피트니스 기업 (주)케이디스포츠 스포애니의 피트니스 브랜드 (헬스, PT, G.X)]
경기 의정부시 평화로 540 (의정부동) 태평양타워 9,10층
안양 마스터
풋볼파크(858-97-01335)
[종목 : 유소년 축구]
[시설소개 :
  ]
경기 안양시 동안구 비산동 1030-5 지하1층
드림당구클럽(208-26-67513)
[종목 : 당구클럽]
[시설소개 : 대대
  보유]
경기 의정부시 용민로 70 (용현동,
  비콘드림시티오피스텔) 2층 203~206호 드림당구클럽
팀스타주니어(718-15-00895)
[종목 : 유소년 축구]
[시설소개 :
  ]
경기도 용인시 기흥구 용구대로2335번길 39 , 1층(마북동)
바디업휘트니스(798-14-00685)
[종목 : 휘트니스센타]
[시설소개 :
  부천 원미동에 위치한 200평규코의 최신식 운동기구 및 쾌적하고 깨끗한 멀티 휘트니스센타입니다.
헬스 PT 요가 줌바 바디코어등 다양한 프로그램을 운영하고 있습니다.]
경기 부천시 원미로 126 (원미동, 원미동 명성프라자) 6층
골프존파크 수지24(886-42-00442)
[종목 : 스크린골프]
[시설소개 : ]
경기 용인시 수지구 포은대로 467
  (풍덕천동, 수지 푸르지오 월드마크) 2층 골프존파크 수지24
국가대표 신-코리아 태권도장(522-94-00872)
[종목 : 태권도]
[시설소개 : 박촌동
  1등 태권도장 국가대표 신-코리아
유치부 전용반 운영(5시~6시)
초등부 학년별 클래스 운영
초,중,고 시범단
국가대표 출신 관장님 직접지도]
인천 계양구 장제로995번길 18 (박촌동,
  계양2차 하우스토리) 하우스토리 상가 2층
엠엔에이취 태권점핑클럽(462-93-01437)
[종목 : 태권줄넘기]
[시설소개 : ]
경기 용인시 기흥구 강남동로 10 (구갈동, 강남피아) 207,208호
J토탈휘트니스 쌍령동점(442-37-00710)
[종목 : 헬스장]
[시설소개 : ]
경기 광주시 경충대로1461번길 26 (쌍령동) 4층
우리인터내셔날태권도장(107-92-01135)
[종목 : 태권도]
[시설소개 : ]
인천 남동구 용천로 68 (구월동, (주)발해인터내셔날) 4층 태권도장
케이짐(148-03-01845)
[종목 : 헬스]
[시설소개 : ]
인천 서구 승학로 426 (검암동, 우주프라자) 2층
벌키키즈36.5(638-31-00323)
[종목 : 수영장]
[시설소개 :
  체육시설업
수상안전교육 수영장입니다.]
경기 하남시 신장동로 35 (신장동, 유니온) 301.302.303
수아름 필라테스(226-93-05889)
[종목 : 필라테스]
[시설소개 : ]
경기 안산시 상록구 예술광장로 1 (월피동, 다농마트) 7층
필라테스다솜(282-09-01661)
[종목 : 필라테스]
[시설소개 : ]
경기 고양시 덕양구 삼송로 222 (삼송동,
  삼송역 현대 헤리엇) 249호 필라테스다솜
w골프(458-55-00140)
[종목 : 골프]
[시설소개 : 허용]
경기 남양주시 의안로 129-11 (평내동, 성원프라자) 4층 w골프
모던필라테스 판교점(393-03-01504)
[종목 : 필라테스]
[시설소개 :
  필라테스 전문 센터]
경기 성남시 분당구 판교로 372 (삼평동,
  스타식스코아1) 2층 모던필라테스
챔피언당구장(262-42-00461)
[종목 : 당구장]
[시설소개 : ]
인천 서구 심곡로 195 (연희동) 2층
요가로움(286-45-00298)
[종목 : 요가]
[시설소개 : ]
경기 평택시 탄현로 226 (서정동) 1층
주짓수팜(108-22-46904)
[종목 : 주짓수]
[시설소개 : ]
경기 이천시 애련정로 67-15 (안흥동,
  이천코아루휴티스2단지) 2단지 2층 210호 주짓수팜
건강해GYM 원동점(801-22-00782)
[종목 : 헬스]
[시설소개 :
  건강해GYM 2호점 오산 원동점 입니다.
50종 이상 웨이트기구와 21년도 입고된 유산소 운동기구로
최상의 기구 컨디션을 자부합니다.]
경기 오산시 경기대로 178 (원동, 비전탑) 지하1층 건강해GYM
오산원동합기도(882-95-00015)
[종목 : 합기도]
[시설소개 :
  대한체육회 & 대한민국합기도총협회 & 오산시체육회
정식 등록 도장 ""오산원동합기도"" 입니다.]
경기 오산시 오산로 91-10 (갈곶동) 광성빌딩5층, 오산원동합기도
리콥웰니스우먼(810-22-00414)
[종목 : 요가,필라테스]
[시설소개 :
  ]
경기 안양시 동안구 흥안대로434번길 16 (평촌동) 현진빌딩 지하1층
유씨씨(UCC)당구클럽(398-10-00245)
[종목 : 당구장]
[시설소개 :
  국제식대대와중대 혼합구장이며
완벽한 시설보유하고있음]
인천 서구 검단로459번길 7-1 (왕길동, 삼화프라자) 2층
뷰티크라운필라테스(111-26-27823)
[종목 : 필라테스]
[시설소개 :
  뷰티크라운필라테스는 회원님들의 몸과 건강을 위해 최선을 다하겠습니다.
4:1 소규모레슨
2:1 듀엣레슨
1:1 개인레슨
필라테스가 처음이시라면 소규모레슨으로 시작해보세요!! 바른체형을 만들수 있도록 최선을 다해 도와드리겠습니다.]
경기 수원시 팔달구 인계동 1115-20 4층 뷰티크라운필라테스
핏앤픽스필라테스(144-02-59144)
[종목 : 필라테스]
[시설소개 :
  5:1기구필라테스, 8:1피티필라테스 운영중입니다.
8주년 기념 신규고객 이벤트 중입니다.]
경기 성남시 분당구 서현동 260-3 4층
애시앙당구클럽(110-31-18723)
[종목 : 당구장]
[시설소개 : ]
경기 남양주시 도농로 29 (다산동, 부영프라자) 3층
에이블스포츠(204-27-29756)
[종목 : 농구]
[시설소개 : ]
경기도 용인시 기흥구 신수로 294
라온태권도장(130-92-91466)
[종목 : 태권도장]
[시설소개 : ]
경기 부천시 원미로 130 (원미동) 2,3층
대청경희대석사태권도교육관(142-90-58511)
[종목 : 태권도]
[시설소개 : 죽전
  1동 태권도장.]
경기 용인시 수지구 현암로 157 (죽전동, 한솔프라자) 401호
경희대금성태권도(794-90-00805)
[종목 : 태권도]
[시설소개 : 인천
  최고의 질 높은 수련프로그램 경희대금성태권도 바르고 건강하게 성장할수 있도록 지도하겠습니다]
인천 계양구 효성동 123-73 태산아파트 상가4층 경희대금성태권도
골프존 파크 공세(403-20-81253)
[종목 : 골프연습장]
[시설소개 : ]
경기 용인시 기흥구 공세로 150-29
  (공세동) 1층 골프존파크 공세 삼성점
한국파워점핑 줄넘기클럽(108-92-25580)
[종목 : 줄넘기]
[시설소개 : ]
경기 용인시 처인구 명지로40번길 13 (역북동) 연세프라자 5층 503호
예스당구클럽(119-72-00198)
[종목 : 당구장]
[시설소개 : ]
경기 광주시 초월읍 경충대로 1248 (대쌍령리) 민영빌딩 4층
예담 효 태권도장(631-97-01351)
[종목 : 태권도]
[시설소개 : ]
인천 남동구 소래역남로 12 (논현동, 거목프라자) 6층 603,604호
당구노리터(475-42-00733)
[종목 : 당구장]
[시설소개 :
  -대대3, 중대 6의 널찍널찍한 구장입니다.
- 에버라인 둔전역 1번출구.도보 5분.
길건너편 농협(파리바게트) 건물 2층입니다.
- 건물 뒷편 주차장을 무료로 이용하실 수 있습니다]
경기 용인시 처인구 포곡읍 포곡로 113 (둔전리, 상일빌딩) 2층
필라테스율(308-88-00881)
[종목 : 필라테스]
[시설소개 :
  시설명 : 필라테스율
주식회사 율리너 종사업장 지점운영 (사업자등록증 뒷면 확인)]
경기 이천시 이섭대천로 1229 (창전동, 이천IS타워빌딩) 8층 필라테스율
위짐(WE GYM)(669-13-01773)
[종목 : 헬스]
[시설소개 : 양주시
  덕계동에 위치한 헬스장 입니다
헬스,1:1 PT,기구 필라테스 운영중 입니다]
경기 양주시 평화로 1426 (덕계동) 영토빌딩 5층
노리터규니스포츠센터(507-31-01066)
[종목 : 배드민턴 농구 탁구]
[시설소개 : ]
인천 서구 향동로 79 (금곡동) 2동
H-GYM(764-07-01795)
[종목 : PT샾]
[시설소개 : ]
경기 성남시 분당구 운중동 1030-1 1층
스타당구클럽(563-32-00647)
[종목 : 당구]
[시설소개 : 가족같은
  분위기. 여지껏 보지못한 친절한 사장님..!!^^ 편하게 오셔서 푹 즐기다 가십쇼 ㅎㅎ 자주보고 좋은 인연으로 남기를 바랍니다..!!^^
  1타3만 보고오셨다고 말씀하시면 게임비 할인해드립니다..!!^^]
경기 양주시 평화로 1440 (덕계동) 스타프라자 4층 스타당구클럽
제시카줌바스튜디오(628-65-00409)
[종목 : 줌바]
[시설소개 : 남녀노소
  누구나 쉽게 즐겁게 즐길수있는 줌바 스튜디오입니다]
경기 양주시 옥정로 196 (옥정동) 6층 608호
강탁구클럽(364-63-00189)
[종목 : 탁구]
[시설소개 : ]
경기 고양시 덕양구 원흥4로 7 (원흥동) 새마을금고 4층 강탁구클럽
더 요가앤필라 스튜디오(716-30-00494)
[종목 : 요가]
[시설소개 : 요가와
  필라테스를 전문으로 하는 업체입니다.]
경기 평택시 송탄로 253 (서정동) 썬프라자3층 요가앤필라스튜디오
노리마루골프존(122-01-16930)
[종목 : 스크린골프]
[시설소개 : ]
인천 계양구 아나지로 289 (작전동) 3층 노리마루골프존
가평댄스스쿨(426-31-00981)
[종목 : 다이어트댄스. 줌바]
[시설소개 : ]
경기 가평군 가평읍 가화로 112 (읍내리, 류치과) 3층
스포스쿨 유소년스포츠(758-87-00100)
[종목 : 유소년스포츠]
[시설소개 :
  스포스쿨 유소년스포츠센터]
인천 중구 하늘달빛로 70 (중산동) 503~506호
우성태권도체육관(137-90-83323)
[종목 : 태권도]
[시설소개 : ]
인천 서구 연희동 735-1 상가3층
포스공무원체력 부평점(304-25-92313)
[종목 : 공무원체력]
[시설소개 :
  소방/경찰/해경/경찰특공대 공무원 체력]
인천 부평구 경인로 922 (부평동, 영혜빌딩) 3층 POSS
미금점 스포애니 주)케이디스포(261-85-01464)
[종목 : 헬스]
[시설소개 : 대한민국
  No.1 피트니스 기업 (주)케이디스포츠 스포애니의 피트니스 브랜드 (헬스, PT, G.X)]
경기 성남시 분당구 돌마로 75 (금곡동, 미금프라자) 8층
원일베네스트(135-27-60636)
[종목 : 스크린골프]
[시설소개 : ]
경기 수원시 팔달구 권광로196번길 44 (인계동) 원일베네스트
고고랜드(873-07-00940)
[종목 : 롤러스케이트장]
[시설소개 :
  고양시 최대규모 링크장을가지고있는 롤러스케이트장입니다
가족과함께 체력증진도하고 즐거운 추억도 만드세요]
경기 고양시 일산서구 일현로 97-11
  (탄현동, 일산 위브더제니스) 제니스스퀘어 지하
2층203호
위즈업(762-08-00195)
[종목 : 체력단련장]
[시설소개 : ]
경기도 용인시 기흥구 새천년로 20 402호
원미정도태권도(455-97-00592)
[종목 : 태권도]
[시설소개 : ]
경기 부천시 원미로 176 (원미동) 2층 정도태권도
고려강호 태권도(122-92-16321)
[종목 : 태권도]
[시설소개 :
  교육으로 인정받는 1등 태권도장]
인천 계양구 효성동 24-29 2층 고려강호 태권도
혜윰필라테스(197-64-00117)
[종목 : 필라테스]
[시설소개 :
  용인동백에 위치한 혜윰필라테스입니다.]
경기 용인시 기흥구 동백중앙로 175 (중동, 우함빌딩) 201호
국가대표 태권도장(543-92-00972)
[종목 : 태권도]
[시설소개 : ]
인천 중구 은하수로 380 (중산동,
  영종하늘도시 KCC스위첸) 상가2층 203~206호
몸짱놀이터(189-39-00074)
[종목 : 헬스]
[시설소개 : 일산서구
  주엽동에 위치한 헬스장입니다.
7년간 변함없이 운영중입니다.]
경기 고양시 일산서구 주엽로 150 (주엽동, 자유프라자) 9층 몸짱놀이터
에일리(431-72-00176)
[종목 : 필라테스]
[시설소개 : ]
인천 서구 승학로 538 (검암동, 극동프라자) 2층
인천영남볼링장(131-10-40192)
[종목 : 볼링]
[시설소개 : 인천
  연수구에 위치한 볼링장입니다.]
인천 연수구 새말로107번길 16 (연수동,
  영남스포츠센터) 4층 영남볼링장
별내한누리태권도(642-93-00183)
[종목 : 태권도]
[시설소개 : ]
경기 남양주시 별내5로5번길 7 (별내동,
  영주프라자빌딩) 5층 한누리태권도
위풀수영장(427-87-02112)
[종목 : 수영]
[시설소개 : 320평
  규모의 최고 시설의 수영장]
경기 오산시 운암로 113 (오산동) 제지층 201호
다올기구필라테스(363-02-02029)
[종목 : 필라테스]
[시설소개 :
  다올기구필라테스서창점입니다]
인천 남동구 서창방산로 51 (서창동) 애플랜드308호
에스핏폴댄스필라테스(818-57-00313)
[종목 : 폴댄스]
[시설소개 :
  폴댄스]
경기 남양주시 다산중앙로123번길 21-7
  (다산동, 신해센트럴타워Ⅰ) 807호
별내검도관(132-92-71734)
[종목 : 검도]
[시설소개 :
  대한검도회 공인도장 별내검도관]
경기 남양주시 덕송1로 51 (별내동) 현대프라자501 별내검도관
아루카필라테스(695-13-01715)
[종목 : 필라테스]
[시설소개 : ]
경기 안양시 만안구 안양천서로 357
  (안양동, 안양역 한양수자인 리버파크) 상가동1층 106호
비커밍필라테스(557-11-01613)
[종목 : 필라테스]
[시설소개 : 안성
  공도에 위치한 기구필라테스전문센터, 비커밍필라테스입니다'◡'
▪️경기도 안성시 공도읍 공도로51-21 스페이스2 2층전체]
경기 안성시 공도읍 공도로 51-21
  (용두리) 더스페이스2 2층 201 비커밍필라테스
커브스 야탑클럽(144-02-32674)
[종목 : 헬스,피트니스]
[시설소개 :
  여성전용 30분
순환 운동 (유산소+근력+스트레칭=30분)]
경기 성남시 분당구 성남대로926번길 6
  (야탑동, 야탑 대덕프라자) 509호
런앤런짐에듀케이션(680-91-01929)
[종목 : 축구,인라인,농구,매직테니스.인라인하키]
[시설소개 :
http://pf.kakao.com/_xixbUpK]
경기 광주시 쌍령동 247 경충대로
  1482번길 5 런앤런&성남fc 광주아카데미
조이바디랩(869-03-01506)
[종목 : 필라테스]
[시설소개 : 별내
  덕송초 프리미엄 STOTT 필라테스]
경기 남양주시 별내3로 336 (별내동) 별내프라자 2층 조이바디랩
안양점 스포애니
  주)케이디스포츠(449-85-01462)
[종목 : 헬스]
[시설소개 : 대한민국
  No.1 피트니스 기업 (주)케이디스포츠 스포애니의 피트니스 브랜드 (헬스, PT, G.X)]
경기 안양시 만안구 만안로 241 (안양동, 대성빌딩) 7, 8, 9층
행신합기도호신술(128-36-46531)
[종목 : 합기도]
[시설소개 : ]
경기 고양시 덕양구 충경로 48 (행신동, 진일프라자2차) 402호
푸른하늘태권도장(123-90-93031)
[종목 : 태권도]
[시설소개 : ]
경기 수원시 장안구 상률로12번길 70-13
  (율전동, 상지빌딩) 2층 푸른하늘태권도장
대한체육진흥원(873-30-01059)
[종목 : ]
[시설소개 : ]
경기도 오산시 청학로173번길 34 6층601호(수청동)
미리내경희대태권도(125-99-16936)
[종목 : 태권도 줄넘기]
[시설소개 :
  부천 신중동 최고의 시설 최고의 지도진으로 질좋은 교육서비스 운동 잘하는 체육관 가족같은 보살핌 인성좋은 도장 광고없이 소개로 운영되는
  태권도장 입니다]
경기 부천시 조마루로 246 (중동, 그린타운) 301호
국가대표구월서태권도(760-95-01261)
[종목 : 태권도]
[시설소개 : ]
인천 남동구 구월동 1103-23 국가대표구월서태권도
아다지오 필라테스(170-09-01617)
[종목 : 필라테스]
[시설소개 :
  필라테스 & 자이로토닉
1:1, 2:1, 4:1]
경기 용인시 수지구 손곡로 95 (동천동) 3층 302~4호
더블에이짐 향동DMC점(217-52-00475)
[종목 : 필라테스]
[시설소개 : ]
경기 고양시 덕양구 향기로 14 (향동동) 정성프라자 501호
존케이지빌리어즈(825-09-00611)
[종목 : 당구장]
[시설소개 : 호평동
  대대 당구클럽입니다.
대대 8대, 중대 4대 보유. 흡연실 및 무료주차 가능합니다.
디지털 주판시스템.]
경기 남양주시 천마산로 21 (호평동) 스마트스퀘어 3층
보보스휘트니스(290-01-02501)
[종목 : 휘트니스]
[시설소개 :
  용인시 처인구 이동읍 천리에 위치한 160평 휘트니스입니다.
넓은
  주차공간, 운동시설,샤워시설 완비]
경기 용인시 처인구 이동읍 백옥대로 603 (천리) 2층 보보스휘트니스
큐당구클럽(144-10-01929)
[종목 : 당구장]
[시설소개 : 파주
  문산 재오픈한 깨끗한 당구장입니다.
중대/대대 있습니다]
경기 파주시 문산읍 방촌로 1695-45 (당동리) 2층
케이짐(329-10-00706)
[종목 : 헬스,스피닝]
[시설소개 :
  헬스 피티 스피닝 업체입니다]
인천 서구 검암동 507-5 3층
워라밸 피트니스 갈매역점(861-23-01363)
[종목 : 헬스]
[시설소개 : 갈매동
  최대규모 헬스장 / 구리시 유일 24시 연중무휴 / 필라테스 등록시 헬스 무료 / 뉴택 토크&토처 머신 풀세팅 / 갈매동 최초
  스텝밀(천국의 계단) 보유 /]
경기 구리시 산마루로 19 (갈매동, 진영트윈타워) B동 7층
굿짐(399-47-00225)
[종목 : 스피닝]
[시설소개 :
  #향남운동굿짐스피닝]
경기 화성시 향남읍 상신하길로298번길 7-7 (하길리) 7층
H-GYM2호점(169-65-00443)
[종목 : 헬스장]
[시설소개 : ]
경기 성남시 분당구 운중로 233 (판교동, 한솔프라자) 302호
신동줄넘기(683-94-00920)
[종목 : 줄넘기]
[시설소개 : ]
경기 구리시 장자대로86번길 54 (수택동, 금호프라자) 404호
비상태권도장(595-94-00701)
[종목 : 태권도]
[시설소개 : ]
인천 서구 염곡로 472 (가정동, 대건프라자) 601호
명지키즈태권도(128-91-77668)
[종목 : 태권도]
[시설소개 : ]
경기 고양시 일산동구 노루목로 99 (장항동,
  호수마을5단지아파트) 청구상가 2층 210호 ~ 211호
멘토 태권도장(798-99-01089)
[종목 : 태권도]
[시설소개 :
  멘토
태권도 특공무술]
인천 계양구 주부토로 369 (작전동, 유호아파트) 103동 201호
신구당구장(628-52-00073)
[종목 : 당구장]
[시설소개 : 국제식
  대대 /국제식 중대
혼자 오시는분도 환영합니다]
경기 성남시 중원구 금광동 2403 덕영빌딩 지층
부평더블유짐(353-41-00718)
[종목 : 체육시설업]
[시설소개 :
  안녕하세요 부평최대규모
스피닝 크로스핏 퍼스널트레이닝
전문센터입니다!]
인천 부평구 부평대로 9 (부평동, 문화드림빌) 지하층더블유짐
효천MBA합기도(134-24-43609)
[종목 : 합기도]
[시설소개 : ]
경기 안산시 단원구 새뿔길 46 (신길동, 삼창B상가) 3층 효천MBA합기도
필라테스 리앤(413-04-93760)
[종목 : 필라테스]
[시설소개 : 위치
  : 경기도 광주시 포돌이로 1 (이디아 건물 3층)
4:1 소그룹, 개인레슨, 듀엣 진행
스탓필라테스 강사,
캐나다 직수입 스탓필라테스 기구]
경기 광주시 포돌이로 1 (경안동) 3층 301호
에스바디워크필라테스 김포구래점(628-38-01023)
[종목 : 필라테스]
[시설소개 :
  에스바디워크 필라테스는
전국 최다 필라테스 지점을 운영하고 있는
국내 최대 필라테스 기업입니다.
10년 동안 쌓아온 경험과 전문성을 바탕으로
에스바디워크 필라테스만의
안정적인 경영 전략과 표준화 및 등급화된
차별적인 교육 프로그램을 구축하여
지속적인 성장을 하였고,
온, 오프라인을 통해 보다 건강하고 행복한 가치를
창출하기 위해 끊임없이 노력하고 있습니다.
모두의 건강하고 행복한 삶을
믿어주고 응원해주는 사람들이 있는
‘에스바디워크 필라테스’와 함께
건강한 라이프 스타일을 만들어
  나가보세요. ^^]
경기 김포시 김포한강9로 79 (구래동) 6층
  에스바디워크필라테스 김포 구래점
스윙골프아카데미(312-10-99481)
[종목 : 실내스크린골프 연습장]
[시설소개 : 전타석 스크린 타석]
경기 성남시 분당구 판교로 438 (이매동,
  경림빌딩) 지하1층 스윙골프아카데미
필라테스,나나(374-53-00310)
[종목 : 필라테스]
[시설소개 :
  4:1 소그룹 기구 필라테스
1:1 개인레슨
키즈레슨, 산전산후 필라테스]
경기 성남시 수정구 성남대로1518번길 12 (복정동, MC빌) B01호
드림탁구장(399-43-00815)
[종목 : 탁구장]
[시설소개 :
  최고집칼국수 3층에 위치한 드림탁구장입니다.
차로 오시는 분은 옛 빕스 자리의 넓은 주차장에 주차하시고 오시면 됩니다.
1타3만 쿠폰으로 이번 기회에 재미있는 탁구의 세계에 입문해보세요.
초보부터 고수까지 눈높이에 맞는 레슨으로 빠르게 실력을 향상시켜 드립니다.]
경기 의정부시 평화로 303 (호원동) 3층
피플인(People In)(705-50-00449)
[종목 : 필라테스]
[시설소개 : ]
경기도 오산시 경기대로 189 7층 2호 3호 4호
스마일골프(130-34-13359)
[종목 : 실내 골프연습장]
[시설소개
  : ]
경기 부천시 조마루로285번길 50 (중동, 골드존타워) 801호
경희대왕호태권도장(462-93-00137)
[종목 : 태권도]
[시설소개 : ]
인천 남동구 남촌동 284 대성테크노빌딩 A동 301호 3층
골프존파크 죽전 아이콘스크린(159-08-01855)
[종목 : 스크린골프]
[시설소개 : ]
경기 용인시 수지구 현암로 86 (죽전동,
  다찌) 2층 골프존파크 죽전아이콘 스크린
제이토탈휘트니스 회덕/목현동점(752-27-00748)
[종목 : 헬스]
[시설소개 : J
  TOTAL FITNESS 목현/회덕동점
광주시 목현동 회덕동 최초
PREMIUM TOTAL FITNESS]
경기 광주시 이배재로 150 (목현동) 2층
제이토탈휘트니스 태평동점(102-13-29375)
[종목 : 헬스장]
[시설소개 : ]
경기 성남시 수정구 수정로 115-1 (태평동, 주민신협행복빌딩) 4층
마스터리(Master Lee)흑추관
  합기도(886-15-00048)
[종목 : 합기도]
[시설소개 : ]
인천 서구 서곶로 782 (당하동,
  한양프라자) 2층 201호 흑추관 Master Lee 합기도 GYM
서울석사태권도장(141-98-01175)
[종목 : 태권도]
[시설소개 :
  내아이와 같은 마음으로 정성을 다해 지도 합니다]
경기 용인시 수지구 수지로 74 (상현동) 3층
아인당구클럽(599-09-01972)
[종목 : 당구장]
[시설소개 : ]
경기 평택시 평택1로 16 (평택동) 5층 아인당구클럽
원픽짐(512-10-68410)
[종목 : 체력단련장업]
[시설소개 :
  인천 서구 검암동에 위치한 1:1 PT전문 원픽짐입니다.]
인천 서구 검암동 598-4 청송빌딩 2층 원픽짐
루원볼링장(701-07-01362)
[종목 : 볼링, 당구]
[시설소개 :
  루원시티 볼링장 루원시티 스포츠센타 루원시티 당구장]
인천 서구 봉오재3로94번길 11 (가정동, MK타워) 8층 루원 스포츠센타
김상현베이스볼아카데미(333-51-00222)
[종목 : 야구배팅장]
[시설소개 : ]
인천 중구 신흥동3가 38-2 1번창고
경희대멘토태권도(738-94-00875)
[종목 : 태권도]
[시설소개 : ]
인천 미추홀구 능해길 28 (용현동,
  동아아파트) 상가2층, 경희대멘토태권도
히어로짐부개점(618-04-77711)
[종목 : 헬스장]
[시설소개 :
  부개동에서
헬스기구만큼은
최고인곳
점핑하이가 입점해 있으며
실력있는
트레이너가
상주하는
5년째
운영하고있는
헬스장
입니다!!]
인천 부평구 부개로 14 (부개동,
  부개주공6단지아파트) 정문상가
히어로짐
조이바디랩(869-03-01506)
[종목 : 필라테스]
[시설소개 : 별내
  프리미엄 필라테스 <STOTT Pilates>]
경기 남양주시 별내3로 336 (별내동) 별내프라자 2층 202호
CL 필라테스 동백점(414-55-00306)
[종목 : 필라테스]
[시설소개 :
  용인시 기흥구 동백에 위치한 여성전용 기구 필라테스 센터 입니다.
다양한 기구와 편의 시설로 고객님의 건강과 행복을 책임 지겠습니다.]
경기 용인시 기흥구 동백중앙로 273 (중동,
  동백 훼미리프라자Ⅱ) 6층 601호 CL 필라테스
원펀치 쓰리칼로리(626-93-00162)
[종목 : 복싱]
[시설소개 :
www.onepunch3.com]
경기 안양시 동안구 평촌대로217번길 19
  (호계동, 백산프라자) 9층 원펀치 쓰리칼로리
브레이브힐 기구필라테스 진접점(632-41-00606)
[종목 : 기구필라테스]
[시설소개 :
  기구필라테스]
경기 남양주시 진접읍 금강로 1530-10 (장현리) 4층
교하휘트니스 센타(128-14-94201)
[종목 : 헬스,GX]
[시설소개 :
  교하헬스 건물주직영센타 헬스,GX]
경기 파주시 책향기로 419 (동패동) 8층
금정역점 스포애니
  주)케이디스포츠(338-85-01196)
[종목 : 헬스]
[시설소개 : 대한민국
  No.1 피트니스 기업 (주)케이디스포츠 스포애니의 피트니스 브랜드 (헬스, PT, G.X)]
경기 군포시 군포로 733 (금정동, S.H빌딩) 4, 5층
하키머신(701-09-01274)
[종목 : 아이스하키]
[시설소개 :
  어린이아이스하키클럽 하키머신 수지롯데몰 웨이브즈 아이스링크]
경기 용인시 수지구 성복2로 38 (성복동,
  성복역 롯데캐슬 골드타운) 4층 웨이브즈 아이스링크
제이스쿼드짐(266-16-01764)
[종목 : 헬스]
[시설소개 : ]
경기 화성시 능동 1114-1 영화프라자 5층 제이스쿼드짐
레드볼하우스(663-31-00450)
[종목 : 볼링]
[시설소개 : ]
경기도 양평군 양평읍 양근로 167 4,5층
미리내경희대태권도(130-91-45441)
[종목 : 태권도 줄넘기 학교체육 유아체육]
[시설소개 : 부천 신중동 최고의 태권도장 최신의 시설 100평의 넓은 공간 6명의 태권도 전문지도자 안전한 차량운행 태퀀도도
  잘하고 인성도 좋은 도장 줄넘기까지 잘하는 체육관 입니다]
경기 부천시 조마루로285번길 50 (중동,
  골드존타워) 골드죤타워404호 경희대태권도
이지원필라테스 인천논현점(618-59-00454)
[종목 : 필라테스]
[시설소개 :
  필라테스]
인천 남동구 논고개로 61 (논현동, 라피에스타) 3층301호
서브마린 역북점(252-85-01679)
[종목 : 수영장]
[시설소개 :
  안녕하세요 생존수영 전문수영장 서브마린수영장 입니다.]
경기 용인시 처인구 명지로116번길 9-70
  (남동, 명지엘펜하임) 복지관 지하2층 서브마린수영장
해동검도 전수관
  송도국제도시도장(815-45-00683)
[종목 : 검도]
[시설소개 : ]
인천 연수구 하모니로 158 (송도동,
  송도타임스페이스) B동 901호 해동검도전수관 송도국제도시도장
한얼태권도(125-91-43970)
[종목 : 태권도]
[시설소개 : ]
경기 안성시 공도읍 양기길 46 (양기리, 송정그린빌아파트) 상가 3층
한국체대 가온 태권도(634-92-01622)
[종목 : 태권도]
[시설소개 : ]
경기 평택시 고덕면 고덕갈평5길 32
  (여염리, 그랜드메디컬타워) 7층 703호
보니따필라테스수내점(786-29-00935)
[종목 : 필라테스]
[시설소개 :
  기구필라테스]
경기 성남시 분당구 수내동 58-5 4층
홀릭복싱GYM(633-94-00380)
[종목 : 복싱]
[시설소개 :
  성남모란에 위치한 홀릭복싱GYM 입니다. 다이어트복싱/정통복싱/체고,체대입시/1:1개인지도
선수출신 관장 및 코치진의 풍부한 경험과 전문 지식을 가지고 지도하는 체육관입니다.]
경기 성남시 중원구 성남대로1148번길 8 (성남동) 4층 홀릭복싱GYM
진짜헬스장(296-21-01191)
[종목 : 헬스장 , 개인PT]
[시설소개 : 영종도 '진짜헬스장'
✔ 최고의 시설, 기구, 트레이너로 최상의 몸을 만들어 드리겠습니다 !
✔ 운영시간
월요일 06:00~ / 토요일 20:00 /
  일요일&공휴일 10:00~20:00
휴무 - 3째주 일요일
☎ 전화 문의 032-751-7496 언제든지 문의 전화주시면 친절하게 도와드리겠습니다 !
✔ 카카오톡 플러스친구
""
  영종도진짜헬스장""
✔ 인스타그램 ID
""
realhealthclub""
#영종도헬스 #하늘도시헬스 #영종도24시헬스
  #하늘도시24시헬스장]
인천 중구 자연대로 47 (중산동) 스타타워2
15층 진짜헬스장
5150피트니스(489-30-00404)
[종목 : 헬스장,피트니스]
[시설소개
  : ❏ 최고시설 700평 (인천 서구 메가박스 건물 3층)
⇛ 헬스 / 기구필라테스 /
요가 / 스피닝
❏ 해머스트랭스라이프 휘트니스
⇛ 웨이트장비 풀셋팅
⇛ 최고급 모투스 런닝머신 완비
❏ 기구 필라테스
⇛ 4:1그룹기구필라테스 /
1:1개인레슨 / 소도구필라테스
❏ 인천 최초 재키스피닝
❏ 넓은 탈의실 & 개인샤워부스]
인천 서구 서곶로 788 (당하동, 홀리랜드) 3층
아이짐힘찬태권도장(128-91-93009)
[종목 : 태권도]
[시설소개 :
  태권도]
인천 서구 고산후로95번길 10 (당하동,
  뉴시티프라자) 401호402호403호 아이짐힘찬태권도장
세븐골프연습장(214-38-00219)
[종목 : 골프존 파크]
[시설소개 :
  ]
인천 연수구 원인재로 14 (동춘동,
  무지개마을아파트) 무지개 상가 지층31호 골프존 파크
윤스탁구클럽(349-35-00552)
[종목 : 탁구]
[시설소개 : ]
인천 연수구 테크노파크로111번길 5 (송도동, 스타) 스타빌딩 7층
점핑쮸(475-11-01704)
[종목 : 점핑]
[시설소개 : ]
경기 남양주시 다산중앙로123번길 22-8
  (다산동, 리더스퀘어) 509호 점핑쮸
핏스(778-02-02099)
[종목 : 필라테스]
[시설소개 : ]
경기 성남시 분당구 서현동 255-1 Z동 246-6호
몸매제작소(159-17-00921)
[종목 : 점핑]
[시설소개 : ]
경기 광주시 중앙로 217 (송정동, 쌍용빌딩) 4층 몸매제작소
단국대청아태권도장(513-94-11375)
[종목 : 태권도]
[시설소개 : ]
경기 평택시 청북읍 안청로4길 17 (옥길리) 401호 단국대청아태권도장
에스엔복싱짐(205-09-42253)
[종목 : 복싱]
[시설소개 : ]
경기 부천시 송내동 370 4층
동탄 행복골프훈련소(479-38-00683)
[종목 : 실내골프연습장]
[시설소개 :
https://blog.naver.com//happygolf_dt]
경기 화성시 효행로 1281 (반월동) 1층 행복골프훈련소
헐리우드당구장(394-53-00217)
[종목 : 당구장]
[시설소개 : ]
경기 부천시 부흥로307번길 64 (중동, 지성빌딩) 2층
그란필라테스(197-02-02117)
[종목 : 필라테스]
[시설소개 : 일산
  백석역 1:1 private 2:1 duet 전문 프리미엄 필라테스]
경기 고양시 일산동구 일산로 38 (백석동, 우림오피스텔) 308호
엘복싱(794-96-01131)
[종목 : 체육도장업]
[시설소개 : ]
경기 용인시 기흥구 죽전로 17 (보정동, 풍산프라자) 5층엘복싱
체형교정연구소 바르다(309-03-28298)
[종목 : 필라테스]
[시설소개 : ]
경기도 양주시 고읍로 10 2층 203호
경희대석사 삼손참태권도장(773-92-00971)
[종목 : 태권도]
[시설소개 : 꿈과
  희망을 응원하는 삼손참태권도장!]
경기 부천시 조종로 34 (원미동) 4층
유신태권스쿨(131-92-06055)
[종목 : 태권도]
[시설소개 :
  유신태권스쿨]
인천 남동구 담방로 29 (만수동, 광명아파트상가) 1042번지 상가4층
와이지배드민턴(469-72-00341)
[종목 : 배드민턴장]
[시설소개 : ]
경기 용인시 처인구 포곡읍 곡현로 89-22 (유운리) 나동
피엔케이스포츠클럽(774-08-00714)
[종목 : 골프,인라인,점핑,줄넘기]
[시설소개 : 경기도 동두천 지행역 3번출구 뒷쪽에 위치한 유아부터 성인까지 모두가 즐길 수 있는,
  점핑머신운동,인라인스케이트,줄넘기,골프 수업을 진행하고 있습니다!]
경기 동두천시 평화로 2303 (지행동) 무지개상가 3층
경희대기품태권도 기품태권도
  장현지구(521-98-01309)
[종목 : 경희대기품태권도 기품태권도]
[시설소개 : 장현지구 기품태권도 경희대기품태권]
경기 시흥시 장현능곡로 11 (장곡동) 501~503
에픽클라임영통(347-15-01732)
[종목 : 클라이밍]
[시설소개 : ]
경기 수원시 영통구 청명남로34번길 12 (영통동) 7층 에픽클라임
상원용인대태권점핑(701-96-01667)
[종목 : 태권도/줄넘기]
[시설소개 :
  ]
경기 성남시 중원구 은행로 2 (은행동) 2층
바디메이커(102-02-07472)
[종목 : 헬스]
[시설소개 :
  헬스
개인PT]
경기 용인시 기흥구 기흥로116번길 60 (신갈동, 기흥파크뷰) 512동
경희대박사김상진태권도장(248-97-01218)
[종목 : 태권도]
[시설소개 : ]
경기 고양시 덕양구 향기로 58 (향동동)
  향동프라자 4층 경희대박사태권도교육관
중앙체육관(137-95-04380)
[종목 : 태권도]
[시설소개 :
  안녕하세요.
저희는 태권도를 전문으로하는 곳입니다.
5세부터 청소년, 성인,
  노인, 모두 운동합니다.
믿고 찾아주시면 최선을 다해 가르치겠습니다.
감사합니다.]
인천 서구 가정로 123 (가좌동, 명성프라자) 301호
주식회사 슬기로운피앤비(599-86-01425)
[종목 : 필라테스]
[시설소개 :
https://m.blog.naver.com/wisepilaballet/221630096239]
경기 성남시 중원구 양현로 461 (여수동) 3층(여수동)
주식회사 염기훈축구클럽(833-81-01470)
[종목 : 축구]
[시설소개 :
  염기훈축구클럽입니다^^]
경기 오산시 외삼미로 54-35 (외삼미동) 염기훈축구클럽
필라테스위디(317-18-01464)
[종목 : 필라테스]
[시설소개 :
  1대1 전문 기구 필라테스
분당 미금역 3번 출구]
경기 성남시 분당구 돌마로 68 (구미동,
  분당프라자) 606호 필라테스위디
아루카pt&필라(426-07-01684)
[종목 : PT, 필라테스]
[시설소개
  : ]
경기 안양시 만안구 태평로60번길 42 (안양동, 센트럴타워2) 4층 407호
필라테스앤드(641-17-01069)
[종목 : 필라테스]
[시설소개 :
  수원시 권선구소재의 기구필라테스전문센터입니다.]
경기 수원시 권선구 호매실로218번길 126 (호매실동) 현대프라자 2층
지음필라테스 위례점(310-10-15563)
[종목 : 필라테스]
[시설소개 :
  안녕하세요~ 지음필라테스 위례점 입니다.]
경기 성남시 수정구 위례광장로 25 (창곡동, 성산타워) 성산타워 5층
리즈요가테스(172-10-01278)
[종목 : 요가,필라테스]
[시설소개 :
  ]
경기 용인시 처인구 포곡읍 포곡로117번길
  11 (둔전리, 송암빌딩) 2층 리즈요가테스
채움필라테스(295-56-00454)
[종목 : 필라테스]
[시설소개 : ]
경기 용인시 기흥구 용구대로2394번길 18 (마북동, 연원프라자) 301호
코리안타이거즈 하남 태권도(126-91-13391)
[종목 : 태권도]
[시설소개 : ]
경기 하남시 역말로 43 (덕풍동) 2층
프리스트댄스스튜디오학원(205-96-16959)
[종목 : 댄스]
[시설소개 :
  방송(스트릿)댄스 학원]
인천 남동구 논고개로123번길 35 (논현동, 칼리오페) 620호
리첸당구클럽(814-43-00804)
[종목 : 당구장운영업]
[시설소개 :
  국제식 대대 1대, 중대 6대.]
경기 남양주시 진접읍 해밀예당1로 50-47
  (금곡리, 리첸타워) 리첸타워 403호
리첸당구클럽
소울핏(489-43-00758)
[종목 : 스피닝 요가]
[시설소개 :
  소울핏 스피닝 요가]
경기 수원시 팔달구 덕영대로697번길 7 (화서동, 아트프라자) B1
씨티(138-12-51016)
[종목 : 당구]
[시설소개 : ]
경기도 안양시 동안구 경수대로 546-1
경희대 참 태권도(629-96-00070)
[종목 : 태권도]
[시설소개 : ]
경기 부천시 지봉로143번길 7 (역곡동,
  대림e편한세상1차아파트) 상가2층
김태규복싱(131-91-69811)
[종목 : 복싱]
[시설소개 :
  만수동복싱]
인천 남동구 만수동 862-2 4층
아이엔요가&필라테스
  신곡점(746-06-01790)
[종목 : 필라테스 요가]
[시설소개 :
  2021년 신규오픈세일 이벤트!!
의정부 신곡동,
아이엔요가&필라테스 신곡점!!
여성전용 토탈 휘트니스 센터 그랜드오픈
기구필라테스+매트요가+소도구필라테스+플라잉요가+유산소운동
총 20가지 프로그램!
체형교정/다이어트/쉐입형성/내적,외적힐링/재활/통증완화/근력강화
모든 수업의 포커스가 여성분들에게 맞춰서 진행되는 커리큘럼!
2021년 최대 할인&혜택!!
[
상담 예약 방법 ]
카카오톡 : INYOGA11
전화&문자 : 010 - 8453 - 5432
성함/연락처/방문날짜&시간 남겨주시고 내방상담 부탁드립니다.
마음으로 요가와 기구필라테스 를 전달해리는 아이엔요가&필라테스 신곡점과 함께
코로나극복 과 동시에 외적완성도를 높여갈수 있도록 결과물을 반드시 만들어 드리겠습니다.
의정부2호점 신곡점에 아이엔요가 가 오픈하는 이유와 명분은 확실합니다.
반드시 최소한의 합리적인 가격으로 최고의 운동결과물을 만들어 드리겠습니다.]
경기 의정부시 신곡동 314-1 2층 아이엔요가
용인대Y&J태권도장(130-92-88919)
[종목 : 태권도]
[시설소개 : ]
경기 부천시 부흥로 51 (상동, 백송마을) 풍림아파트상가2층
브라보퍼블릭스크린골프(157-03-01816)
[종목 : 실내 스크린골프 및 연습장]
[시설소개 : 저렴한 오픈형 스크린 골프 및 연습장
1게임 평일 7,900원 휴일 11,900원
1시간 연습 동일 비용
상주 동호회 다수 및 오픈형 장점]
경기 시흥시 서울대학로264번길 26-32
  (배곧동, 배곧중앙프라자) 721호 브라보퍼블릭스크린골프
피지컬뷰티짐 신현점(849-81-01780)
[종목 : 헬스장]
[시설소개 : 초대형
  호텔식 토탈피트니스센터 (헬스/GX/요가/플라잉요가/퍼스널트레이닝)]
인천 서구 가정로 369 (신현동, 서경 플러스 존) 4층 401호
배곧멀티짐(798-11-00286)
[종목 : 헬스]
[시설소개 : ]
경기 시흥시 배곧4로 22 (배곧동, 배곧타운2) 511호
구리갈매런주짓수(191-08-01709)
[종목 : 주짓수]
[시설소개 :
  구리갈매 런 주짓수는 유소년부터 남녀성인까지 모두 균형있는 건강라이프를 추구하며 누구나 즐겁게 운동하는 곳입니다.]
경기 구리시 갈매순환로 15 (갈매동,
  마운틴프라자) 2층 구리갈매 런주짓수
원당구장(137-21-94940)
[종목 : 당구장]
[시설소개 : ]
인천 서구 가정동 515-31 3층
이보스포츠(234-10-00581)
[종목 : 수영장]
[시설소개 :
  수영장, 어린이수영, 개인레슨, 성인수영, 자유수영]
경기 안산시 단원구 첨단로 644 (초지동) 이보수영장
보정파워점핑클럽(848-92-01430)
[종목 : 줄넘기]
[시설소개 : ]
경기 용인시 기흥구 보정로 32 (보정동, 지젤스포츠클럽) 2층 204-1호
레이디필라테스(101-17-99987)
[종목 : 필라테스]
[시설소개 : 수원
  유일한 대표님 원장님 직접 레슨 및 물리치료사/ 무용전공/ 피트니스선수 외 다양한 4년 이상의 베테랑 여성전용 스튜디오 입니다.
아주대 최초 5:1소그룹레슨 / 1:1개인레슨 / 2:1듀엣
회원님의 운동 목적에 따른,
- 건강 및 바디케어를 책임지고 소통을 통해 빠른 생활습관의 파악을 통해 문제점을 개선합니다.
- 인바디측정 및 평소 생활 패턴 분석후 식단/운동관리를 통한 풀케어 관리서비스]
경기 수원시 영통구 중부대로 252 (매탄동) 4층
지지점핑하이(478-93-00831)
[종목 : 에어로빅]
[시설소개 :
  점핑휘트니스와 번지휘트니스]
경기 부천시 역곡로472번길 12 (고강동) 동림빌딩3층
JH트레이닝센터(235-12-01059)
[종목 : 헬스,요가]
[시설소개 :
  안녕하세요!
용인시 처인구 최고의 멀티센터(헬스장)
JH트레이닝센터 입니다!
*헬스/PT/GX/요가/플라잉요가/기구필라테스 등 월 200개가 넘는 GX프로그램!
*엘리트운동선수 출신의 최고의 강사진!
*최소 3년 ~ 10년차 이상의 베테랑 GX 강사진!
-몸의 라인과 밸런스를 잡아주고
건강한 다이어트를 할 수 있는 최적의 환경을 제공해 드립니다.
또한 건강에 좋은 황토대리석으로 시공한 찜질방에서
몸안의 각종 노폐물들도 제거하실 수 있답니다.^^
*전화문의 : 031-339-9905
*카카오 채널 : JH트레이닝센터
*네이버 톡톡 : JH트레이닝센터
*경기 용인시 처인구 포곡로 113 상일빌딩 5층]
경기 용인시 처인구 포곡읍 포곡로 113 (둔전리, 상일빌딩) 5층
세븐당구장(754-65-00241)
[종목 : 당구장]
[시설소개 : ]
인천 부평구 부흥로 295 (부평동, 부평빌딩) 2층 세븐당구장
포레피티(552-15-08139)
[종목 : PT샵]
[시설소개 : ]
경기 김포시 김포한강8로 153 (마산동, 가람프라자) 503호
하안 본 주짓수(440-22-01193)
[종목 : 주짓수]
[시설소개 : ]
경기 광명시 가림일로 55 (하안동, 광명하안현대아파트) 상가 301호
브레이브힐 화도점(267-20-00921)
[종목 : 필라테스]
[시설소개 :
  필라테스]
경기 남양주시 화도읍 맷돌로 93 (마석우리) 스타타워
송산태랑태권도(603-94-13676)
[종목 : 태권도]
[시설소개 :
  즐거움, 체력증강, 키크기, 사회성강화 및 인성교육을 19년 전통의 노하우로 가르칩니다.
여사범님들로 이루어진 체계적인 관리와
차별화된 시스템
유치원과 저학년의 생활체육, 초등부로 이루어진 태어로즈 시범단, 중,고생들로 이루어진 태랑학회등 다양한 연령대가 모두 즐겁게 운동하는
  도장입니다.]
경기 의정부시 민락로 211 (민락동,
  호반베르디움1차) 호반1차 후문 상가 209,210,211,212호
용인대 SM복싱클럽
  운양점11관(160-91-00974)
[종목 : 복싱]
[시설소개 : 김포
  운양동 복싱 전문 체육관
정통복싱,다이어트복싱,키즈복싱,청소년복싱,프로/엘리트 선수반]
경기 김포시 김포한강11로 288-19
  (운양동, 운양프라자) 7층 SM복싱클럽
스카이골프아카데미(821-02-01322)
[종목 : 골프연습장]
[시설소개 : ]
경기 수원시 권선구 구운동 632-1 스카이골프아카데미3층
점프윙스줄넘기클럽서창점(522-31-00708)
[종목 : 줄넘기]
[시설소개 : ]
인천 남동구 서창남순환로215번길 48
  (서창동) 스카이플러스2 4층404호
엠브이엠 안양호계점(443-26-00959)
[종목 : 체력단련장]
[시설소개 : ]
경기도 안양시 동안구 경수대로 466 6층
부천고려태권도장(130-92-11050)
[종목 : 태권도]
[시설소개 : ]
경기 부천시 평천로 708 (약대동) 약대빌딩6층 고려태권도장
경희대유아태권도(868-99-00088)
[종목 : 태권도]
[시설소개 : 남동구
  만수동 향촌휴먼시아
맞은편 상가에 위치한
경희대유아태권도입니다.]
인천 남동구 만수서로 56 (만수동) 향촌메디컬빌딩 404호
퓨어필라테스스튜디오(872-03-01815)
[종목 : 필라테스]
[시설소개 :
  가능동 필라테스의 중심 퓨어필라테스스튜디오]
경기 의정부시 의정로 138-1 (가능동) 3층 퓨어필라테스
제이토탈휘트니스-양벌리점(758-45-00416)
[종목 : 헬스장]
[시설소개 : ]
경기 광주시 오포읍 양촌길 103-12 (양벌리) 1층 제이휘트니스
필라테스the청담(171-17-00936)
[종목 : 필라테스]
[시설소개 :
  의정부역
기구필라테스 레슨 필라테스더청담 입니다^^
1대1개인레슨, 2대1듀엣레슨, 3대1그룹레슨, 5대1그룹레슨 진행중입니다 ^^
혼자서 프라이빗하게, 친구, 부부, 연인, 가족과함께 하는 즐거운 운동시설입니다 ^^!!]
경기 의정부시 신흥로240번길 21
  (의정부동, 가연타워) 10층 필라테스the청담
바디리페어(690-51-00498)
[종목 : 피트니스]
[시설소개 : 과천
  PT 바디리페어 입니자]
경기 과천시 새술막길 10-19 (중앙동) 6층 바디리페어
배곧짐(BAEGOT GYM)(176-91-00912)
[종목 : 합기도]
[시설소개 : ]
경기 시흥시 배곧4로 22 (배곧동, 배곧타운2) 512호
베니스휘트니스(258-88-01964)
[종목 : 헬스장]
[시설소개 : 김포
  최대 600평 규모
호텔식 헬스장 및 사우나
스피닝 기구필라테스 PT 각종 수업]
경기 김포시 풍무동 218 7~8층
임팩트당구장(135-27-34822)
[종목 : 당구장]
[시설소개 :
  국제식대대, 중대, 포켓볼]
경기 수원시 장안구 영화동 327-1 월드프라자 3층 305호
관우체육관 2관(859-44-00065)
[종목 : B9주짓수]
[시설소개 :
  부천 명문 주짓수]
경기 부천시 심곡본동 675-1 2층
고릴라주짓수(366-08-00304)
[종목 : 주짓수]
[시설소개 :
  팀고릴라주짓수 본관 / 주짓수 1세대 / 주짓수 블랙벨트 / 블랙벨트 관장 직접지도]
경기 용인시 수지구 풍덕천로139번길 8 (풍덕천동, 동림빌딩) 6층
자이로 스튜디오
  필라테스앤자이로토닉(207-21-91034)
[종목 : 필라테스]
[시설소개 :
  필라테스와 자이로토닉 개인레슨 전문센터 입니다.]
경기 성남시 분당구 정자일로 177 (정자동, 인텔리지Ⅱ) 상가 310호
스타당구클럽(765-16-00243)
[종목 : 당구장]
[시설소개 : 매탄동
  대대구장
대대 9대, 중대 6대
정액제 이용 가능]
경기 수원시 영통구 인계로 260 (매탄동, 우영프라자) 6층
B2볼링장/비투볼링장(855-03-00416)
[종목 : 볼링장]
[시설소개 :
  간석래미안자이정문에 위치한 B2볼링장입니다.
오전10시~새벽2시까지 영업합니다
합성14레인입니다. 빈티지카페같은 예쁜볼링장으로 놀러오세요]
인천 남동구 석산로 171 (간석동, 동양스포츠센타) 지하2층
별내골프연습장(517-14-00630)
[종목 : 실내골프연습장]
[시설소개 :
  별내골프연습장,
골프존 GDR 스크린골프연습장]
경기 남양주시 불암로 89-4 (별내동) 영풍프라자 2층
경희대석사 정진태권도(105-92-04271)
[종목 : 태권도]
[시설소개 : ]
경기 용인시 수지구 탄천상로 30 (죽전동,
  현인마을 이-편한세상) 상가동2층
한국복싱(132-91-94235)
[종목 : 복싱]
[시설소개 :
  복싱체육관입니다]
경기 남양주시 퇴계원읍 경춘북로 546 (퇴계원리) 2층
포포짐(403-16-51470)
[종목 : 헬스]
[시설소개 : 안양역
  엔터식스 9층 위치
300평대 헬스장
주차 400대 이상 3시간 무료]
경기 안양시 만안구 만안로 232 (안양동, 안양역) 엔터식스 9층 포포짐
엘프만주니어(196-92-01436)
[종목 : 축구,농구,인라인]
[시설소개
  : 분당 엘프만주니어는 축구 농구 인라인 생활체육을 교육하는 유소년스포츠클럽입니다.]
경기 성남시 분당구 돌마로486번길 38
  (서현동, 대동빌딩) 4층엘프만주니어
캠퍼스국제식대대클럽(571-02-00092)
[종목 : 당구]
[시설소개 :
  대대전용클럽]
경기 남양주시 화도읍 맷돌로 112 (마석우리, 캠퍼스프라자) 401호
투나인스크린골프장(560-24-00584)
[종목 : 실내스크린골프]
[시설소개 :
  ]
인천 남동구 선수촌공원로 5 (구월동,
  구월테크노밸리) 테크노밸리C동 2층
연세태풍 태비태권도(212-91-37170)
[종목 : 태권도]
[시설소개 :
  프렌차이즈 NO.1 태권도 특공무술 MMA합기도 가라데 킥복싱 유도 복싱 호신술 주짓수 프로태권도 종합무도를 배울수있는곳! 만수중학교
  후문앞 만수주공 401동 옆 언제나 아이들을 위해 땀흘리는 관장님 직통전화벨 032-461-4846]
인천 남동구 만수동 49 1층 2층
치어리딩(빅토리아)(793-44-00464)
[종목 : 치어리딩]
[시설소개 : ]
경기 용인시 처인구 중부대로 1516 (마평동, MS빌딩) 2층 치어리딩
주식회사 제이디케이스포츠(J.D.K sports Co.
  Ltd.)(836-87-01715)
[종목 : 농구]
[시설소개 : ]
경기도 안산시 상록구 광덕1로 365 301호
커브스호계클럽(864-10-01469)
[종목 : 에어로빅]
[시설소개 :
  여성전용근력 유산소 스트레칭순환운동]
경기 안양시 동안구 포도원로 4 (호계동) 201
에어샷라운지 골프아카데미(486-28-01153)
[종목 : 실내골프연습장]
[시설소개 :
  분당 수내에 위치한 실내 골프연습장입니다.
GDR 20타석, 트랙맨을 보유하고 있습니다.
4분의 KPGA, KLPGA 소속 프로님들과 함께 하고 있습니다.]
경기 성남시 분당구 내정로 167 (수내동,
  양지프라임) 5층 에어샷라운지 골프아카데미
경희대인하태권도(131-90-62937)
[종목 : 태권도]
[시설소개 :
  남동구만수동
향촌휴먼시아 아파트 맞은편 상가에 위치한 경희대인하태권도입니다.]
인천 남동구 만수서로 56 (만수동) 향촌메디컬빌딩401호
산내당구클럽(184-01-01245)
[종목 : 당구장]
[시설소개 : 파주
  운정신도시 산내당구클럽 입니다.대대5대 중대4를 보유.측면카메라.
다양한이벤트가 있습니다.]
경기 파주시 심학산로423번길 7-33
  (목동동, 준프라자) 준프라자4층 산내당구클럽
계산골프하우스(151-47-00735)
[종목 : 골프존 스크린골프장]
[시설소개 : 새로 오픈한 최신식 버젼 골프존파크 계산 골프하우스 입니다]
인천 계양구 계양대로 214 (계산동, 에이스타운) 3층 골프하우스
슈퍼아이태권도(599-90-00025)
[종목 : 태권도]
[시설소개 :
  제자들의 가능성과 가치를 키우는
슈퍼아이태권도]
인천 서구 청라라임로 71 (청라동, 진영메디피아) 6층 슈퍼아이태권도
아이짐힘찬태권도장(128-91-93009)
[종목 : 태권도]
[시설소개 :
  태권도장, 줄넘기교육]
인천 서구 고산후로95번길 10 (당하동,
  뉴시티프라자) 401호 402호403호 (당하동, 뉴시티프라자)
더메카짐(417-22-25176)
[종목 : 헬스장]
[시설소개 :
https://blog.naver.com/themeccagym]
경기 구리시 경춘로 249 (인창동, 동원플에이스테이션) 901-902
렉스마 마샬아츠 트릭킹 아크로바틱 (고양
  화정점)(752-11-00072)
[종목 : 마샬아츠 트릭킹 아크로바틱]
[시설소개 : 마샬아츠 트릭킹 익스트림태권도 아크로바틱 전문 교육기관 으로 고탄성매트 에어매트 착지매트 트램폴린등 구비]
경기 고양시 덕양구 화정동 952 별빛마을 8단지 상가 3층 303호
용인대행복한태권도(562-97-01152)
[종목 : 태권도]
[시설소개 : ]
경기 고양시 덕양구 향기4로 1 (향동동, 중흥메디프라자) 206호
와니엘 배팅센터 인천점(201-21-73116)
[종목 : 야구 배팅장]
[시설소개 :
  최신시설 실내 야구 배팅장]
인천 서구 금곡동 273-32 와니엘
동아당구장(202-24-06396)
[종목 : 당구]
[시설소개 : 인천
  가좌2동에 위치한 동아당구장입니다.]
인천 서구 건지로 389 (가좌동) 4층 동아당구장",https://blog.naver.com/sunshine2221/222582937156,^_______^,20211130,2026-04-27 14:44:45
옐로우로즈해리카운티,[FM2018] 잉글랜드 대표팀 - 유로 2020,"존스, 해리 맥과이어, 카일 워커, 대니 로즈, 나사니엘 클라인, 벤 칠웰 미드필더 :: 조던 핸더슨, 델레... 스코틀랜드전 카드 5장(옐로우 4장, 레드 1장), 스위스전 카드 6장(옐로우 5장, 레드 1장). 2경기 동안... ","목표
:: 프랑스 대표팀으로 러시아 월드컵 우승, 유럽 네이션스리그 우승,
유로 2020 우승
사용 로스터
:: 2018 러시아 월드컵 로스터
https://www.fmnation.net/data18/24260870
규칙
:: 경질 시 도전 실패
러시아 월드컵 8강, 유럽 네이션스리그 4강으로 처음 세웠던 목표 달성은 실패했고 이제 마지막으로 남은 것은 유로 2020. 우승 목표로 잡았는데 생각보다 많이 못하고 있어서 결승만 가면 다행일듯요 ㅋㅋㅋ
유로 2020 예선 조추첨은 이렇게 되었습니다.
오스트리아가 가장 까다로운 상대였는데 1승 1무를 거뒀고
7승 1무 24골 3실점 조 1위로 유로 2020 본선무대에 진출했습니다.
조추첨 결과입니다. 덴마크, 스위스, 스코틀랜드와 같은 조가 되었네요.
유로 2020 엔트리
골키퍼
:: 조던 픽포드, 잭 버틀랜드, 톰 히튼
수비수
:: 존 스톤스, 에릭 다이어, 필 존스, 해리 맥과이어, 카일 워커, 대니 로즈, 나사니엘 클라인, 벤 칠웰
미드필더
:: 조던 핸더슨, 델레 알리, 라힘 스털링, 제시 린가드, 윌 휴즈, 알렉스 옥슬레이드 체임벌린, 아담 랄라나, 로스 바클리, 나다니엘 찰로바
공격수
:: 해리 케인, 마커스 래쉬포드, 칼럼 윌슨
벤 칠웰, 로스 바클리, 윌 휴즈가 대표팀에 합류했습니다. 톰 데이비스, 제이미 바디는 부상으로 인해 제외되었고 벤 칠웰 어빌 계속 상승해서 루크 쇼보다 높아졌고 시즌 성적도 칠웰이 더 좋아서 루크 쇼 대신 선발했습니다.
1차전 스코틀랜드전부터 좀 과감한 변화를 줬습니다. 유로 2020 준비하면서 평가전 때 계속 3백 실험했고 성적도 꽤 잘 나와서 본선에서도 써보기로 결정. 해보고 안되면 다시 4백으로 전환할 예정입니다. 골키퍼는 계속 픽포드 쓰다가 잭 버틀랜드에게 기회를 줬습니다.
전반 18분 리 그리피스에게 선제골 먹혔지만 전반 37분 필 존스가 동점골을 넣었고 계속 골망을 두드렸습니다. 하지만 후반 19분, 20분 카일 워커가 연속으로 경고를 받으며 경고 누적으로 퇴장당하며 숫적 열세에 처했습니다.
그래도 계속 공격했지만 득점에 실패했고 1:1 무승부로 끝났습니다.
2차전 상대팀은 스위스. 버틀랜드 대신에 히튼도 한번 써봤습니다. 맥과이어 대신 다이어를 센터백으로 내렸고 다시 알리 - 헨더슨 중원 구성.
퇴장으로 출전하지 못하는 카일 워커 대신 출전한 나사니엘 클라인이 선제골을 넣었습니다. 그리고 후반 45분 해리 케인이 추가골을 넣으며
2:0 승리를 거뒀습니다. 한편 존 스톤스는 경고 누적으로 인해 퇴장 당했습니다. 스코틀랜드전 카드 5장(옐로우 4장, 레드 1장), 스위스전 카드 6장(옐로우 5장, 레드 1장). 2경기 동안 카드를 무려 11장이나 받았습니다... 태클 자제하라고 전술 지시 좀 해야겠습니다.
최종전은 덴마크. 퇴장으로 출전하지 못하는 존 스톤스 대신 맥과이어가 나온 것을 제외하면 2차전과 엔트리 동일.
전반 25분에 마커스 래쉬포드가, 전반 31분 라힘 스털링이 연속골을 넣으며
2:0 승리를 거두고 조 1위로 16강 진출 확정지었습니다. 한편 덴마크전에선 카드 4장(옐로우 3장, 레드 1장) 받았고 3경기 연속 퇴장당했네요... 전술이 잘못 뽑힌건가 카드수집이 좀 심하네요.
16강 대진표입니다. 잉글랜드는 크로아티아를 만나게 되었고 만약 8강에 진출한다면 독일을 만나는게 유력.
조던 헨더슨은 경고누적으로 출전 불가, 필 존스는 퇴장으로 출전 불가. 헨더슨 대신 찰로바를 기용했습니다.
전반 25분만에 해리 케인이 선제골을 넣었습니다. 다만 크로아티아전까지 진행하면서 느낀건 유로 2020 진행하면서 썼던 3백 완성도가 좀 심하게 떨어졌다는거? 경기 내용에서 많이 밀렸습니다.
어쨋든 1:0 승리를 거두고 8강전에 진출했습니다.
스웨덴이 프랑스를 2:1로 제압하는 이변을 만들었고 올라갈만한 팀들이 올라갔습니다. 이제부터가 진짜 시작...
실수로 독일 국대 켜두는 파일을 적용 안시켜놔서 생성선수들로만 되어있습니다. 생성선수 어빌은 제가 건드릴 수 없고 역시 독일답게 어빌 쟁쟁한 선수들로 가득...
베스트 XI 가동했습니다. 경고 진짜 많이 받았는데 다행히 골고루 받아서...ㅋㅋㅋ 8강에선 베스트 가동할 수 있었습니다.
생성선수들이라 어떻게 대처해야할지... 그건 둘째치고 결과적으로 8강에선 3백을 버렸어야 했습니다. 카드 관리가 아예 안되고 있는 전술이고 어떻게든 꾸역꾸역 이겨서 올라온거라 강팀 만나면 밑천 다 드러날게 뻔히 보였던 전술...
16강에선 그래도 퇴장은 안 당했는데 8강에서 사단이 터져버렸습니다. 후반 35분 대니 로즈가 경고 누적으로, 연장 전반 7분 델레 알리가 경고 누적으로 퇴장당하며 숫적으로 완전 열세에 처했습니다.
그리고 연속골 먹히며 게임 셋. 수비보단 3선을 더 많이 선발해서 1~2경기만 해보고 다시 4백으로 전환하는게 결과적으론 맞는 선택이 아니었을까 생각해요. 아무래도 국대는 클럽에 비해 전술 숙련도가 많이 떨어질 수 밖에 없으니...
여튼 다음에 국대 컨텐츠 진행할 때 독일 국대 키는 파일 적용하는거 잊지 않기를 ㅋㅋㅋ
유로 2020 우승은 독일이 했습니다. 8강따리 8강따...
러시아 월드컵 8강 - 유럽 네이션스리그 4강 - 유로 2020 8강
잉글랜드 대표팀 감독직에서 사임했고, 잉글랜드 대표팀 컨텐츠는 처참하게
실패
로
마침표를 찍었습니다. 물론 월드컵 8강 브라질, 네이션스리그 4강 프랑스, 유로 2020 8강 독일. 상대가 만만치 않았어도 한번은 이겼어야 하지 않나...
FM2018 -
파리 생제르망 성공
/
무직컨텐츠 성공
/
스톡포트 카운티 실패
/
대한민국 대표팀 실패
/
파리 FC 실패
/
함부르크 성공
/
레알 소시에다드 실패
/
AC 밀란 성공
/
프랑스 대표팀 실패
/
잉글랜드 대표팀 실패
.
FM2018 10전 4승 6패
.
국가대표팀 싸그리 실패했네요... 6월 중에 한번 더 진행할건데 그땐 목표를 좀 낮춰야 할거 같아요. 한번은 성공해보자... 지금까지 계속 유럽 5대리그만 했으니 5대리그 外 팀을 한번 해보기로 결정했습니다. 다음 팀은
'
아약스
'
로 결정했습니다.
아무래도 유럽 5대리그가 아니니 레벨 높은 선수 영입하긴 힘드니 기존 유망주들을 최대한 지키고 유망주들 영입하며 최대한 풀포텐까지 키우는 식으로 진행할 예정이고 5시즌 잡았습니다. 다만 1시즌 아약스가 챔스 3차 예선부터 시작이라 챔스 3차 예선과 플레이오프를 뚫어야 총 5번의 챔스 도전 기회가 주어집니다.
성적내면 분명 빅리그 팀들 관심 붙어서 이적하고 싶다고 불만 뜰테고 징징이들 때문에 스트레스 받겠지만 그것도 에펨을 즐기는 재미요소 중의 하나니까... 아약스로 5시즌 만에 대권 도전을 해보겠습니다.
잉글랜드 대표팀 컨텐츠 End.",https://blog.naver.com/asmonaco_1919/221287239326,AS모나코 & 파리 생제르망,20180530,2026-04-27 14:44:46
옐로우로즈해리카운티,[위기주부-chakeun] LA 위기주부의 미국 서부여행 이야기 - LA... ,"570 - 하단에 4건 펼쳐정리 세계 최초의 국립공원인 미국 옐로우스톤 - No.567 미국 옐로우스톤... 10] 데스밸리의 숯가마, 와일드로즈 차콜킬른(Wildrose Charcoal Kilns) 구경과 마호가니플랫... ","오픈캐스트
미국서부여행 이야기
​
미국 캘리포니아주의 유명한 국립공원들 - No.570
-
﻿하단에
4건
펼쳐정리
​
세계 최초의 국립공원인 미국
옐로우스톤
- No.567
미국
옐로우스톤
(Yellowstone) 국립공원 - No.296
​
5월말에
가장 멋진 미국 요세미티 국립공원 - No.565
미국
요세미티 국립공원
제대로 둘러보기 - No.422
미국
요세미티 국립공원
완전정복! - No.221
미국
요세미티 국립공원
의 모든 것 - No.190
​
독특한 매력이 있는
사막으로 떠나는
여행 - No.562
위기주부의 미국
로드트립
여행기 모음 - No.559
미국 자동차여행의 필수 드라이브 코스들 - No.498
위기주부 가족의 멋진 미국 여행기 모음 - No.497
라스베가스에서 꼭 봐야하는 '4대
공짜쇼
' - No.550
라스베가스에서 꼭 봐야하는 4개의
공짜쇼
- No.521
링크로보기 - 미국 서부여행 목록 (국립공원,도시,테마파크,박물관,여행지, 이것 하나로 끝!!!)
http://chakeun.blog.me/30040999417
미국지도를 벽에 걸다~ 그 동안 미국에서 여행다닌 경로와...
앞으로 가고싶은 자동차 로드트립 코스
요세미티 국립공원의 재발견: 요세미티밸리(Yosemite Valley)의 주요 뷰포
인트 (View Point) 총정리
처음오신 손님들께
http://chakeun.blog.me/30042793082
7개 카테고리-샅샅이뒤져~ -
뒤질필요없음
국립공원
여행기  다른
도시
관광기  즐거운
테마파크
산으로 바닷가로
박물관
등 전시관  쇼핑몰과 아울렛  그외의
여행지
들
미국에 관한 도움말 (현33) 살펴보기
미국에서 꼭 가봐야할 '고요하고 놀라운' 아름다움이 있는 10곳
http://chakeun.blog.me/30038838703
미국 LA에서 1년동안 살면서 여행간 곳들을 정리해보자!
http://chakeun.blog.me/30036963556
미국 자동차여행에서 만날 수 있는 이색적이고 신기한 풍경들 (The Strangest & Wackiest Roadtrip)
http://chakeun.blog.me/30106755394
밀린 숙제를 벼락치기로 끝낸 것같은 4박5일간의 그랜드서클(Grand Circle) 자동차 여행을 마치고~
http://chakeun.blog.me/30098103141
[2009년] 30일간의 미국/캐나다 서부 자동차 캠핑여행을 마치고...
http://chakeun.blog.me/30061319994
[2005년] 9박10일 미국서부 자동차여행 되돌아 보기
http://chakeun.blog.me/30041801650
캠핑카 검색 현30건
LA 위기주부의 미국서부여행 전체목록
by 위기주부
﻿
﻿
블로그를 방문하시는 분들이 편리하게 원하는 LA지역과 미국 서부의 여행기를 찾아 보실 수 있도록 목록을 만들었습니다.
구글맵을 이용해서 여행지의 위치를 확인하거나, 카테고리 분류를 이용해서 여행지의 이름으로 쉽게 찾아 보실 수 있습니다.
또,
위기주부의 오픈캐스트
를 구독하시면 최신의 미국서부여행기들을 네이버홈에서 바로 확인하실 수도 있습니다.
1. 구글맵에서 위치로 찾아보기
아래의 지도를 클릭하면 자동으로 링크되는 '위기주부의 미국서부여행' 구글맵을 이용해서,
자유롭게 이동하면서 표시된 마크를 클릭해서 위치를 확인하며 여행기를 읽을 수 있습니다.
-
위의 지도를 클릭
하면 나오는 것은 모든 마크가 다 표시되는 전체지도이므로, LA지역을 보시려면 마크가 밀집된 곳을 확대해야 함
- 위치로 여행지를 찾은 후에 마크를 클릭해서 위와 같이 장소명과 여행기가 뜨면, 여행기 제목을 클릭하면 해당 블로그로 링크됨
- 위의 지도는 신규 여행기를 블로그에 올리면 바로 업데이트되며, 구글맵에서 RSS로 구독할 수도 있고, 구글어스로도 볼 수 있음
2. 블로그 카테고리에서 찾아보기
아래와 같이 주제별로 분류된 여행지의 이름을 찾아서, 블로그에 올린 글의 제목을 바로 클릭하시거나,
좌측 블로그 메뉴에서 '미국 서부여행 목록'의 하위 카테고리를 클릭해서 목록보기를 하시면 됩니다.
※네이버가 chakeun.blog.me 도메인 서비스를 중단해서 아래에 안 뜨는 링크가 많습니다. 그런 경우에 오른쪽 클릭으로 링크주소를 확인한 후에 마지막 숫자만 복사해서, 새탭으로 주소창을 여신 후에
https://blog.naver.com/chakeun/
뒤에 해당 숫자만 붙여넣기를 해서 클릭하시면, 해당링크로 이동이 가능하십니다.
----- 국립공원 여행기 -----
게이트웨이아치(Gateway Arch)
:
미서부 진출을 상징하는 미주리주 세인트루이스(St. Louis)의 게이트웨이아치 국립공원
둥근 게이트웨이아치(Gateway Arch)의 꼭대기 전망대에서 내려다 보는 세인트루이스(St. Louis) 풍경
게티스버그(Gettysburg)
:
링컨 대통령의 명연설로 유명한 게티스버그 국립군사공원(Gettysburg National Military Park)의 박물관
게티스버그 국립군사공원(Gettysburg National Military Park)에서 남북전쟁의 격전지를 차로 돌아보기
​
과달루페마운틴(Guadalupe Mountains)
:
처음으로 발을 딛는 텍사스 땅, 엘파소에서 숙박하고 과달루페 국립공원으로
그랜드스테어케이스-
​
에스칼란테
:
미국 최고의 관광도로, All-American Roads 유타12번도로를 달려 캐피톨리프 국립공원으로~
유타 그랜드스테어케이스-에스칼란테(Grand Staircase-Escalante) 준국립공원과 글렌캐년 국립휴양지로 떠나는 3차 오지탐험 계획
[2021.10]
두 번의 대륙횡단을 통틀어 가장 추억에 남는 점심식사를 한 곳인 키바 커피하우스(Kiva Koffeehouse)
그랜드캐년(Grand Canyon)
: [2008.05]
'그 곳'을 찾아서 2 - 그랜드캐년 & 라스베가스
[2010.08]
가까이 하기엔 너무 먼 당신... 그랜드캐년(Grand Canyon) 국립공원을 네번째로 방문하다~
그랜드캐년(Grand Canyon) 국립공원의 일출을 야바파이(Yavapai) 포인트에서만 세번째로 보다~
​               [2016.04]
그랜드캐년(Grand Canyon) 국립공원을 제대로 구경해보자! 비지터센터와 매더포인트(Mather Point)
​
""캐년 속으로!"" 그랜드캐년 사우스카이밥(South Kaibab) 트레일을 따라 시더리지(Cedar Ridge)까지
​
셔틀버스를 타고 그랜드캐년 사우스림 서쪽 끝에 있는 '은둔자의 쉼터' 허밋레스트(Hermits Rest)로
​
그랜드캐년 빌리지(Grand Canyon Village) 건물들과 브라이트앤젤 트레일(Bright Angel Trail) 구경
​               [2016.05]
그랜드캐년 국립공원 노스림(North Rim), 투윕(Tuweep) 지역의 토로윕 전망대(Toroweap Overlook)
​
토로윕 오버룩(Toroweap Overlook), 그랜드캐년의 가장 멋진 풍경의 사진을 찍을 수 있는 뷰포인트
[2019.06]
그랜드캐년 하바수파이(Havasupai) 인디언 보호구역의 절벽끝 주차장에서 수파이(Supai) 마을까지
​
그랜드캐년 청록색 폭포수의 전설, 아리조나 하바수파이 인디언 보호구역의 하바수 폭포(Havasu Falls)
목숨을 걸고 위험한 절벽을 내려가면 나타나는 파라다이스, 하바수 계곡의 무니 폭포(Mooney Falls)
하바수캐년(Havasu Canyon)의 비버 폭포(Beaver Falls)를 지나 콜로라도 강과 합류하는 곳까지...
그랜드티턴(Grand Teton)
: [2009.06]
미국에서 가장 사진발이 잘 받는 국립공원이라는 와이오밍주의 그랜드티턴 국립공원
그랜드티턴(Grand Teton) 국립공원 시그널마운틴과 야생의 커다란 무스(Moose)를 만났던 잭슨레이크
[2018.06]
그랜드티턴(Grand Teton) 국립공원 잭슨 호수(Jackson Lake)와 시그널마운틴(Signal Mountain) 풍경
또 바라만 봐야했던 제니레이크(Jenny Lake)와 그랜드티턴의 대표적 풍경인 몰몬로우(Mormon Row)
그레이트베이슨(Great Basin)
:
네바다 주의 유일한 내셔널파크인 그레이트베이슨의 알파인레익스(Alpine Lakes) 트레일
네바다 그레이트베이슨(Great Basin) 국립공원의 수천년된 브리슬콘파인(Bristlecone Pine) 강털소나무
그레이트샌드듄(Great Sand Dunes)
:
그레이트샌드듄
내셔널파크를 방문해서 콜로라도 주의 4개 국립공원을 모두 정복
콜로라도의 눈 덮힌 그레이트샌드듄, 소떼와 카우보이, 한반도 표지판, 그리고 캐년시티(Cañon City)
그레이트스모키(Great Smoky)
:
미국에서 방문객이 가장 많은 그레이트스모키 산맥(Great Smoky Mountains) 국립공원
그레이트스모키(Great Smoky) 산맥 국립공원을 통해서 노스캐롤라이나(North Carolina) 주에 첫발을
그레이트폴스(Great Falls)
:
국립공원청이 직접 관리하는 우리 동네 포토맥(Potomac) 강변의 그레이트폴스 공원(Great Falls Park)
글레이셔(Glacier)
:
몬태나(Montana)의 초원을 달려서 글레이셔(Glacier) 국립공원으로 가는 길
미국 글레이셔(Glacier) 국립공원의 로간패스(Logan Pass)에서 만난 잊지못할 6월의 설경과 눈썰매
""태양을 향해 달려라!"" 미국 최고의 산악 드라이브코스, 글레이셔 국립공원의 Going-to-the-Sun Road
글레이셔 국립공원 세인트메리 호수의 아침과 캐나다 입국, 그리고 캐나디안록키의 관문도시 밴프로~
글렌캐년(Glen Canyon)
:
높이 300m 절벽 아래로 콜로라도 강이 말발굽처럼 휘어지며 흐르는 호스슈벤드(Horseshoe Bend)
글렌캐년(Glen Canyon) 국립휴양지 비지터센터에서 보는 다리와 댐, 그리고 파웰호수(Lake Powell)
내츄럴브리지(Natural Bridges)
:
수백만년 동안 강물이 깍아낸 천연의 암석육교들, 유타주 내츄럴브리지 준국립공원
돌로 만들어진 은하수를 보다! 내츄럴브리지 준국립공원의 오와초모브리지(Owachomo Bridge) 트레일
뉴베드포드 웨일링(New Bedford Whaling)
:
뉴베드포드 고래잡이 국립역사공원(National Historical Park)과 포경 박물관
다이너소어(Dinosaur)
:
공룡 화석 발굴현장을 직접 볼 수 있는 유타주 다이너소어 준국립공원(Dinosaur National Monument)
다이너소어 내셔널모뉴먼트 화석발견(Fossil Discovery) 트레일과 스플릿마운틴(Split Mountain) 선착장
데블스타워(Devils Tower)
:
영화 <미지와의 조우>에 등장한 미국 최초의 준국립공원, 데블스타워(Devils Tower) 내셔널모뉴먼트
타워트레일(Tower Trail)로 '악마의 탑'을 한바퀴 돌고, 5시간을 달려 옐로스톤 동쪽입구 코디(Cody)로
​
데블스포스트파일(Devils Postpile)
: [2016.07]
JMT투어 2일차, 맘모스레이크에서 퍼밋을 받아서 데블스포스트파일 준국립공원으로
​
레인보우 폭포(Rainbow Falls)의 무지개와 PCT 하이커들의 쉼터인 레드메도우(Reds Meadow) 리조트
​
존뮤어트레일 4박5일 백패킹 1일차, 데블스포스트파일 준국립공원에서 가넷 호수(Garnet Lake)까지
[2020.08]
데블스포스트파일(Devils Postpile) 준국립공원 안에 주차하고 '악마의 기둥'을 한바퀴 돌아보는 트레일
무지개가 떨어지는 곳, 데블스포스트파일 내셔널모뉴먼트의 레인보우 폭포(Rainbow Falls) 아래에서
데스밸리(Death Valley)
:
데스밸리 국립공원 1 - 모자이크캐년, 샌드듄
,
데스밸리 국립공원 2 - 퍼니스크릭, 데블스골프코스
데스밸리 국립공원 3 - 배드워터, 내츄럴브리지, 아티스트팔레트
,
데스밸리 국립공원 4 - 자브리스키포인트, 단테스뷰
[2011.11]
여전히 매력적인 죽음의 계곡! 3년만에 다시 찾은 데스밸리 국립공원의 모자이크캐년(Mosaic Canyon)
﻿
사막에 왔으면 모래를 밟아봐야지~ 데스밸리 메스퀴트플랫 샌드듄(Mesquite Flat Sand Dunes)의 석양
﻿
불가사의한 미스터리의 현장! 데스밸리 레이스트랙 플라야(Racetrack Playa)의 저절로 움직이는 바위
사막의 바다에 떠있는 섬, 레이스트랙 그랜드스탠드(Grandstand)와 유비히비 분화구(Ubehebe Crater)
사기꾼과 백만장자가 죽음의 사막에서 만나면? 데스밸리 국립공원의 보석, 스코티캐슬(Scotty's Castle)
데스밸리 스토브파이프웰(Stovepipe Wells) 캠핑장 풍경과 퍼니스크릭(Furnace Creek) 비지터센터
잡으리 말리~ 자브리스키 포인트(Zabriskie Point), 데스밸리 국립공원에서 가장 멋진 경치를 만나는 곳
[2013.11]
캠핑카를 몰고 떠난 추수감사절 2박3일 데스밸리 국립공원 단체여행 첫째날의 모자이크캐년 하이킹
데스밸리(Death Valley) 국립공원 캠핑여행의 하이라이트, 자브리스키포인트-골든캐년 2시간 하이킹
'악마의 골프장' 데블스골프코스, '소금바닥' 배드워터, '물감판' 아티스트팔레트, 그리고 사막의 노을
""날아라 운동화~"" 데스밸리 국립공원 캠핑카 단체여행의 마지막날 오전, 메스퀴트플랫 샌드듄에서
[2018.10]
데스밸리의 숯가마, 와일드로즈 차콜킬른(Wildrose Charcoal Kilns) 구경과 마호가니플랫 캠핑장 별보기
데스밸리 국립공원에서 가장 높은 봉우리인 해발 3,368미터의 텔레스코프 피크(Telescope Peak) 등산
[2020.07]
발아래로 나는 전투기를 볼 수 있었던 데스밸리 국립공원의 스타워즈캐년(Star Wars Canyon) 전망대
[2020.11]
추수감사절 데스밸리(Death Valley) 당일여행! 배드워터(Badwater)의 소금밭, 솔트플랫(Salt Flats)
라바베드(Lava Beds)
:
라바베즈 내셔널모뉴먼트(Lava Beds National Monument)의 발렌타인 동굴과 머쉬팟(Mushpot) 동굴
케이브루프로드(Cave Loop Road)를 따라서 라바베드(Lava Beds) 준국립공원의 여러 동굴 셀프 탐험
'해골동굴' 스컬케이브(Skull Cave)와 튤레이크 야생동물 보호구역 및 캠프튤레이크(Camp Tulelake)
라이트브라더스(Wright Brothers)
:
인류 최초의 동력비행이 성공한 장소인 라이트형제 국가기념물(National Memorial)
래슨볼캐닉(Lassen Volcanic
): [2020.08]
최악의 캘리포니아 산불을 뚫고 래슨볼캐닉 국립공원에 도착해서 서밋레이크 캠핑
캘리포니아에도 화산이 있다! 래슨볼캐닉(Lassen Volcanic) 국립공원 범패스헬(Bumpass Hell) 트레일
100여년전 폭발한 화산의 분화구를 볼 수 있는 래슨볼캐닉 국립공원의 래슨피크(Lassen Peak) 등산
래슨볼캐닉 국립공원의 화산 재해지역(Devastated Area) 트레일과 만자니타 호수(Manzanita Lake)
[2021.05]
위기주부의 11번째 미국 국립공원 연간회원권을 9개월만에 다시 찾은 래슨볼캐닉 국립공원에서 구입
레드우드
(Redwood)
: [2009.07]
마침내 돌아온 캘리포니아~ 레드우드(Redwood) 국립공원 가는 길의 크레센트시티에서 빗속의 캠핑
세계 최고의 숲, 북부 캘리포니아 레드우드(Redwood) 국립공원의 빅트리(Big Tree)와 비지터센터들
[2021.05]
레드우드 국립공원 제일 북쪽의 제드다이어스미스 레드우즈 주립공원 스타우트그로브(Stout Grove)
트리오브미스테리(Trees of Mystery) 1부, 폴버니언과 레드우드캐노피트레일(Redwood Canopy Trail)
트리오브미스테리(Trees of Mystery) 2부, 스카이트레일(SkyTrail) 곤돌라와 재미있는 나무조각들 구경
12년이면 강산이 변할까? 프레리크릭레드우즈 주립공원의 빅트리(Big Tree) 트레일에서 틀린그림찾기
레드우드 국립공원 레이디버드존슨그로브(Lady Bird Johnson Grove)와 유레카 카슨맨션(Carson Mansion)
록키마운틴(Rocky Mountain)
:
록키마운틴 국립공원의 베어레이크(Bear Lake)와 트레일리지로드(Trail Ridge Road)
알파인 비지터센터(Alpine Visitor Center)의 짧은 트레일과 트레일리지로드에서 본 록키산맥의 풍경​
마운트러시모어(Mount Rushmore)
:
미국을 상징하는 4명 대통령 얼굴을 바위산에 조각한 마운트러시모어(Mt Rushmore) 국가기념물
러시모어산(Mt Rushmore)을 보다 가까이서 볼 수 있는 프레지덴셜 트레일과 링컨보글럼 비지터센터
마운트러시모어(Mount Rushmore) 야간개장의 하이라이트인 라이팅세레모니(Lighting Ceremony)
마운트레이니어
(Mount Rainier)
:
비 내리던 마운트레이니어(Mount Rainier) 국립공원의 선라이즈(Sunrise) 포인트
아쉬움은 또 다른 여행을 꿈꾸게 한다~ 마운트레이니어(Mt. Rainier) 국립공원의 오하나페코시 캠핑장
마운트세인트헬렌스
(Mount St. Helens)
:
30여년전 대폭발의 현장인 세인트헬렌스 화산 준국립공원
워싱턴주 마운트세인트헬렌스 화산공원을 출발해 오레곤주 포트스티븐스 주립공원 캠핑장에 도착
맘모스케이브
(Mammoth Cave)
:
인디애나(Indiana) 주를 지나 켄터기(Kentucky) 주의 매머드 동굴 국립공원에 도착
매너서스(
Manassas)
:
남북전쟁 최초의 불런(Bull Run) 전쟁터인 매너서스 국립전장공원(Manassas National Battlefield Park)
메사버디
(Mesa Verde)
: [2010.11]
미국 유일의 고고학 유적지 국립공원인 콜로라도주 메사버디(Mesa Verde) 국립공원의 가이드 투어
""왜 힘들게 절벽안에 집을 지었을까?"" 메사버디(Mesa Verde) 국립공원의 인디언 유적들을 돌아보며~
[2021.10]
콜로라도 메사버디(Mesa Verde) 국립공원의 파크포인트(Park Point) 전망대와 다시 만난 절벽 유적지
모하비(Mojave)
: [2009.11]
모하비(Mojave) 사막으로 떠난 결혼 10주년 기념여행 - 홀인더월(Hole-In-The-Wall)
모하비사막에 있는 프로비던스산맥 주립공원의 미첼동굴(Mitchell Caverns)과 캠핑장
정동진역이 울고 갈 모하비사막 한가운데에 있는 아름다운 기차역과 모래언덕 - 켈소(Kelso)
​               [2015.03]
모하비 국립보호구역(Mojave National Reservation) 홀인더월(Hole-In-The-Wall)의 Rings Loop Trail
​               [2016.04]
""자이직스(Zzyzx)라고 들어는 봤나?"" 미국 캘리포니아 모하비 사막에 있는 버려진 온천과 사막연구소
​               [2019.06]
모하비트레일(Mojave Trails) 내셔널모뉴먼트와 캘리포니아의 잊혀진 66번 도로의 흔적들을 찾아서
뮤어우즈(Muir Woods)
:
뮤어우즈 준국립공원, 샌프란시스코 금문교에서 가까운 레드우드숲(Redwood Forest)
﻿
미니트맨미사일(Minuteman Missile)
:
미국의 핵미사일 발사기지를 직접 방문할 수 있는 미니트맨 국립역사공원(Minuteman Missile NHS)
배드랜즈(Badlands)
:
배드랜즈 국립공원(Badlands National Park)의 필수 입문코스인 도어트레일(Door Trail)의 황무지
대평원의 초원이 침식되어 만들어진 황무지를 볼 수 있는 배드랜즈 루프로드(Badlands Loop Road)
밸리포지(Valley Forge)
:
펜실베니아(Pennsylvania) 주의 밸리포지(Valley Forge) 국립역사공원과 아미시빌리지(Amish Village)
​
버밀리언클리프(Vermilion Cliffs)
:
하루에 단 20명에게만 허락되는 곳! 파도처럼 물결치는 바위 'The Wave'를 찾아가는 길
​
진흙과 모래의 비포장도로로 3시간이 걸린 버밀리언클리프 준국립공원의 화이트포켓(White Pocket)
​
화이트포켓(White Pocket)의 신기한 바위들을 남겨두고 '주홍색 절벽' 버밀리언클리프와 작별하다
브라이스캐년
(Bryce Canyon)
: [2009.06]
기묘한 핑크색 바위기둥, 후두(Hoodoo)들의 협곡
여왕님의 정원으로의 초대 - 브라이스캐년 국립공원의 퀸스가든트레일(Queens Garden Trail)
브라이스캐년 국립공원 관광의 하이라이트, 나바호트레일(Navajo Trail) 아래에서 만난 또 다른 세상
[2013.07]
4년만에 다시 찾은 브라이스캐년(Bryce Canyon) 국립공원에서 부모님과 함께 나바호루프 트레일을!
[2021.10]
후두와 아치가 결합한 모습의 브라이스캐년(Bryce Canyon) 국립공원의 내츄럴브리지(Natural Bridge)
브라이스캐년 국립공원에서 동굴과 폭포를 모두 만날 수 있는 모시케이브 트레일(Mossy Cave Trail)
블랙캐년(Black Canyon)
:
수직의 거대한 검은 협곡, 콜로라도 블랙캐년오브더거니슨(Black Canyon of the Gunnison) 국립공원
블랙캐년(Black Canyon) 국립공원 뷰포인트들을 구경하고, 다시 록키산맥을 넘어 콜로라도 동쪽으로
블루리지(Blue Ridge)
:
세계에서 가장 좁고 긴 공원인 미동부 애팔래치아 산맥군의 블루리지파크웨이(Blue Ridge Parkway)
블루리지파크웨이(Blue Ridge Parkway)를 대표하는 구름다리인 린코브 비아덕트(Linn Cove Viaduct)
​
사구아로(Saguaro)
:
미서부의 상징인 커다란 선인장을 찾아서~ 아리조나 투싼(Tucson)의 사구아로(Saguaro) 국립공원
사구아로(Saguaro) 국립공원 투싼마운틴 지역의 밸리뷰오버룩 트레일(Valley View Overlook Trail)
산타로사/샌하신토(Santa Rosa & San Jacinto)
:
세계에서 제일 큰 회전 케이블카가 있는 팜스프링스의 샌하신토(San Jacinto) 산
남가주에서 두번째로 높은 산인 샌하신토 봉우리(San Jacinto Peak) 등산으로 다섯번째 '식스팩' 정복
​
산타모니카마운틴(Santa Monica Mountains)
:
골룸이 살 것 같은 동굴이 나오는 Circle X Ranch의 그로토(Grotto) 트레일
​
​
산타모니카 산맥에서 제일 높은 샌드스톤피크(Sandstone Peak)와 미시모카(Mishe Mokwa) 트레일
​
말리부 솔스티스캐년(Solstice Canyon) 트레일, 산타모니카산맥(Santa Monica Mountains) 국립휴양지
​
유타주의 분위기가 느껴지는 산타모니카 산맥 말리부 지역의 카스트로크레스트(Castro Crest) 트레일
스튜디오시티 앞산 윌에이커 공원(Wilacre Park)과 콜드워터캐년 공원(Coldwater Canyon Park) 하이킹
산타모니카산맥 국립휴양지의 동쪽 끝에 있는 헐리우드의 뒷산, 런연캐년 공원(Runyon Canyon Park)
냉전시대 나이키미사일 레이더기지가 있는 웨스트리지-캐년백(Westridge-Canyonback) 공원 하이킹
산타모니카 산맥의 칼라바사스피크(Calabasas Peak)와 레드락캐년(Red Rock Canyon) 루프 트레일
​
산타모니카 산맥의 새들피크(Saddle Paek)와 로사스 전망대(Rosas Overlook) 토요일 새벽 하이킹
우리 동네 엔시노 저수지(Encino Reservoir)가 내려다 보이는 카바예로캐년(Caballero Canyon) 하이킹
산타모니카 산맥 국립휴양지에 속하는 시미힐스(Simi Hills)의 치즈보로캐년(Cheeseboro Canyon)
산타모니카마운틴 국립휴양지에서 잘 알려지지 않은 주마/트랑카스 캐년(Zuma & Trancas Canyons)
랜초시에라비스타/샛위와(Rancho Sierra Vista/Satwiwa)에서 마운트보니피크(Mt Boney Peak) 하이킹
산타모니카마운틴 국립휴양지의 록키오크(Rocky Oaks)와 피터스트라우스랜치(Peter Strauss Ranch)
킹질레트랜치(King Gillette Ranch)의 인스피레이션 포인트와 산타모니카마운틴 국립휴양지 비지터센터
​
샌드투스노우(Sand to Snow)
:
샌드투스노우 준국립공원에 속하는 샌버나디노 봉우리(San Bernardino Peak) 등산
선셋크레이터(Sunset Crater)
:
아리조나 플래그스태프에서 약 1천년전에 폭발했던 화산, 선셋크레이터 준국립공원
​
세쿼이아
킹스캐년
(Sequia & Kings Canyon)
: [2008.07]
요세미티의 라이벌 - 세쿼이아&킹스캐년 국립공원 1
요세미티의 라이벌 - 세쿼이아&킹스캐년 국립공원 2
,
멋진 경치와 완벽한 시설을 가진 국립공원 캠핑장
[2009.12]
우리 생애 최고의 설경! 눈 내린 세쿼이아(Sequoia) 국립공원으로 겨울여행
눈밭에서 라면 끓여먹고, 눈사람 만들고, 눈썰매 타고 놀았던 2009년 마지막 날
[2010.07]
세계에서 두번째로 큰 나무는 어디에 있는걸까? 세쿼이아 Giant Forest vs. 킹스캐년 Grant Grove
캘리포니아의 금강산? 킹스캐년 국립공원의 Kings Canyon Scenic Byway와 John Muir Lodge
[2010.09]
두 달만에 다시 찾아간 세쿼이아(Sequoia) 국립공원, 탁 트인 전망의 모로락(Moro Rock)을 오르다~
합성사진 논란? 세쿼이아 국립공원의 거인숲, 자이언트포레스트(Giant Forest)의 Congress Trail
[2011.07]
아내 친구의 가족과 함께 한 세쿼이아/킹스캐년(Sequoia & Kings Canyon) 국립공원 2박3일 캠핑여행
세상에서 가장 큰 나무인 자이언트세콰이어(Giant Sequoia)에 대해 알 수 있는 Giant Forest Museum
""텐트 두 개 치는 것은 힘들어~"" 아내 친구 가족과 스토니크릭(Stony Creek) 캠핑장에서의 2박3일
킹스캐년 국립공원에서 우연히 마주친 미국 독립기념일(Independence Day) 축하 퍼래이드의 풍경
[2014.07]
세쿼이아 국립공원 도스트크릭(Dorst Creek) 2박3일 캠핑여행 첫째날의 모로락(Moro Rock) 트레일
세계최대의 나무인 제너럴 셔먼(General Sherman)과 '의회등산로' 콩그레스 트레일(Congress Trail)
​
킹스캐년(Kings Canyon) 국립공원에서 세쿼이아 나무들을 볼 수 있는 그랜트그로브(Grant Grove)
​               [2015.05]
킹스캐년(Kings Canyon) 국립공원의 진면목을 볼 수 있었던 시더그로브 미스트폴(Mist Falls) 트레일
​
시더그로브(Cedar Grove) 모레인 캠핑장에서 2박3일 단체캠핑과 그리즐리 폭포(Grizzly Falls) 구경
​               [2015.12]
찾아가는 화이트 크리스마스! 함박눈 내리는 킹스캐년 국립공원 그랜트그로브 트레일과 존뮤어라지
​
킹스캐년 국립공원의 눈부신 설경을 뒤로하고, 요세미티 서쪽입구에 있는 시더라지(Cedar Lodge)로
​               [2017.07]
휘트니와 존뮤어트레일 1일차, 호스슈메도우(Horseshoe Meadow)에서 락크릭(Rock Creek)까지
​
휘트니와 존뮤어트레일 2일차, 락크릭에서 크랩트리(Crabtree)를 지나 기타레이크(Guitar Lake)까지
​
휘트니와 존뮤어트레일 3일차, 미본토 최고봉인 해발 4,421m의 휘트니산(Mount Whitney)에 오르다!
​
휘트니와 존뮤어트레일 4일차, 크랩트리(Crabtree)에서 포레스터패스(Forester Pass) 남쪽 호숫가까지
​
휘트니와 존뮤어트레일 5일차, 포레스터패스(Forester Pass) 넘어 비데트메도우(Vidette Meadow)까지
​
휘트니와 존뮤어트레일 6일차, 키어사지(Kearsarge) 고개를 넘어서 오니언밸리(Onion Valley)로 탈출
​               [2017.08]
10일만에 다시 킹스캐년에 발을 들이다! 부모님과 세쿼이아/킹스캐년 국립공원 1박2일 여행 첫날
​
부모님과 세쿼이아/킹스캐년 국립공원 1박2일 둘쨋날, 콩그레스트레일(Congress Trail)을 완주!
[2020.07]
코로나 팬데믹에도 불구하고 세쿼이아 국립공원 캠핑여행, 크레센트메도우(Crescent Meadow) 하이킹
소셜디스턴싱(Social Distancing)을 위한 행잉락(Hanging Rock) 트레일과 라지폴(Lodgepole) 캠핑장
높이 370m의 폭포가 세쿼이아 국립공원에 있다? 라지폴빌리지의 토코파 폭포(Tokopah Falls) 하이킹
자이언트포레스트(Giant Forest)의 중심에 있는 빅트리 트레일(Big Trees Trail)을 처음으로 걸어보다~
쉐난
도어(Shenandoah)
:
버지니아 주 유일의 셰넌도어(Shenandoah) 국립공원의 다크할로우 폭포(Dark Hollow Falls) 트레일
애팔래치안 트레일(Appalachian Trail)을 처음 걸어 찾아간 쉐난도어의 스토니맨(Stony Man) 전망대
쉐난도어(Shenandoah) 국립공원 북쪽 프론트로열(Front Royal) 입구로 들어가서 늦은 가을단풍 구경
스코츠블러프(Scotts Bluff)
:
미서부 개척역사의 중요한 이정표였던 네브라스카(Nebraska) 스코츠블러프(Scotts Bluff) 준국립공원
시더브레이크(Cedar Breaks)
:
브라이스캐년과 닮은 듯 하지만 다른 시더브레이크 준국립공원(Cedar Breaks National Monument)
아치스(Arches)
: [2009.06]
대자연의 조각 전시장, 아치스(Arches) 국립공원: Park Avenue, Balanced Rock, Windows
평생 잊을 수 없는 감동! 아치스국립공원의 델리키트아치(Delicate Arch)가 내 눈앞에 나타났을 때!
세계에서 가장 긴 랜드스케이프아치(Landscape Arch)가 있는 유타주 아치스 국립공원의 '악마의 정원'
[2021.10]
유타 아치스 국립공원(Arches National Park)의 델리키트아치(Delicate Arch)와 12년만의 감동적 재회
유타 아치스(Arches) 국립공원 윈도우섹션의 더블아치(Double Arch)와 노스윈도우(North window)
아카디아(Acadia)
:
미국 뉴잉글랜드 메인(Maine) 주 아카디아(Acadia) 국립공원의 필수코스인 비하이브(Beehive) 트레일
아카디아(Acadia) 국립공원을 대표하는 풍경사진의 주인공인 배스하버헤드(Bass Harbor Head) 등대
일출로 유명한 아카디아 캐딜락마운틴(Cadillac Mountain), 그리고 조던폰드(Jordan Pond)와 랍스터
﻿에버글레이즈(Everglades)
:
에버글레이즈 국립공원의 로얄팜(Royal Palm) 지역, 앤힝가(Anhinga) 트레일의 악어들!
세계 최대의 아열대(Subtropical) 자연보호구역, 미국 플로리다 에버글레이즈(Everglades) 국립공원
플로리다 에버글레이즈 습지 위를 달리는 게이터파크(Gator Park)의 에어보트(airboat)를 타보자~
게이터파크(Gator Park)의 악어쇼 ""플로리다 에버글레이즈에서는 모두 즐겁게 악어와 함께 사진을""
﻿
엘말파이스(El Malpais)
:
라바튜브 동굴이 있는 엘말파이스(El Malpais) 준국립공원 구경하고 뉴멕시코를 횡단해서 텍사스로~
엘모로(El Morro)
:
뉴멕시코(New Mexico) 주의 엘모로(El Morro) 준국립공원의 인스크립션락(Inscription Rock) 트레일
옐로스톤(Yellowstone)
: [2009.06]
옐로스톤(Yellowstone) 국립공원, 그 3박4일 대장정의 시작 - 올드페이스풀가이서
영화 <2012>의 슈퍼볼케이노(supervolcano) 옐로스톤 - 캐년빌리지 비지터센터와 그랜드캐년의 폭포
무지개 색깔의 온천호수 Grand Prismatic Spring이 있는 옐로스톤 국립공원의 Lower Geyser Basin
옐로스톤 국립공원의 비스킷베이슨(Biscuit Basin)과 블랙샌드베이슨(Black Sand Basin) 지역
옐로스톤 국립공원에서 가장 오래된 가이서인 Upper Geyser Basin의 캐슬가이서(Castle Geyser)
옐로스톤 국립공원: 캐년빌리지를 출발해 타워루즈벨트(Tower-Roosevelt)를 지나 맘모스핫스프링스로
""강한 산성의 죽음의 호수! 블랙풀(Black Pool)이라고?"" 옐로스톤의 모닝글로리풀(Morning Glory Pool)
세계에서 가장 높이 분출하는 스팀보트(Steamboat) 가이서가 있는 옐로스톤의 노리스(Norris) 분지
북쪽 입구의 맘모스핫스프링스(Mammoth Hot Springs) 구경을 마지막으로 옐로스톤 국립공원과 작별
100년도 넘은 세계 최대의 통나무호텔, 옐로스톤의 유서깊은 올드페이스풀인(Old Faithful Inn) 호텔
산 위에서 바다를 만나다! 해발 2357미터에 있는 거대한 호수인 옐로스톤레이크(Yellowstone Lake)
[2018.06]
9년만에 다시 찾은 옐로우스톤(Yellowstone) 국립공원! 옐로스톤레이크를 스쳐지나서 캐년빌리지로~
옐로스톤 그랜드캐년(Grand Canyon of the Yellowstone)의 폭포들을 구경하고, 캐년빌리지에서 점심
노리스 분지(Norris Basin)의 외계행성같은 풍경과 스팀보트가이서(Steamboat Geyser)와 감격적 재회
옐로스톤 로워가이서베이슨(Lower Geyser Basin) 지역의 Fountain Paint Pot과 Grand Prismatic Spring
'무지개 호수'가 발아래 펼쳐지는 그랜드프리즈매틱스프링 오버룩(Grand Prismatic Spring Overlook)
이른 아침에 만나는 모닝글로리(Morning Glory) 풀과 올드페이스풀(Old Faithful) 비지터센터와 가이서
호숫가에 있는 웨스트썸 간헐천분지(West Thumb Geyser Basin) 구경 후 옐로스톤 국립공원과 작별
오레곤케이브(Oregon Caves)
:
로그리버(Rogue River) 내츄럴브리지와 오레곤케이브(Oregon Caves) 준국립공원의 비지터센터
올림픽(Olympic)
:
비구름에 가린 만년설의 연봉, 워싱턴주 올림픽(Olympic) 국립공원의 허리케인리지(Hurricane Ridge)
요세미티(Yosemite)
: [2008.09]
요세미티 여행기 1 - 글래이셔포인트(Glacier Point)
요세미티 여행기 2 - 요세미티밸리(Yosemite Valley)
,
요세미티 여행기 3 - 투얼럼메도우(Tuolumne Meadow)
[2009.05]
요세미티 폭포(Yosemite Falls)
,
비지터센터(Visitor Center), 미러레이크(Mirror Lake)
가장 위험한 하이킹 등산 코스, 요세미티 하프돔(Half Dome)을 오르다!
,
하프돔 정상의 풍경과 케이블 암벽등반 모습들
네바다 폭포(Nevada Fall), 버날 폭포(Vernal Fall)
,
터널뷰(Tunnel View), 글레이셔포인트(Glacier Point)
어린이들을 위한 미국 요세미티 국립공원의 쥬니어레인저(Junior Ranger) 프로그램
[2010.01]
겨울비가 쏟아지던 요세미티(Yosemite) 국립공원을 스쳐지나 집으로 돌아오다~
[2010.07]
부모님을 모시고 미국서부 효도관광1: 세쿼이아/킹스캐년 & 요세미티 국립공원과 샌프란시스코
요세미티 국립공원의 재발견: 요세미티밸리(Yosemite Valley)의 주요 뷰포인트(View Point) 총정리
요세미티 국립공원안에 있는 최고급 숙박시설인 럭셔리 호텔, '아와니(The Ahwahnee)' 둘러보기
[2012.05]
우리는 왜 저 폭포 꼭대기까지 올라가야만 했을까? 어퍼요세미티폴트레일(Upper Yosemite Falls Trail)
﻿
요세미티 폭포(Yosemite Falls) 정상에 서기 위한 우리 가족 여행에서 가장 힘들었던 8시간의 하이킹
﻿               [2013.06]
'5전6기' 요세미티(Yosemite) 국립공원, 마리포사 그로브(Mariposa Grove)의 거대한 세쿼이아 나무들
글레이셔포인트, 터널뷰, 브라이달베일 폭포, 그리고 스윙잉브리지(Swinging Bridge)에서 저녁식사
요세미티(Yosemite) 국립공원에서의 느긋한 하루: 요세미티폭포, 센티넬브리지, 아와니호텔, 밸리뷰
[2015.02]
요세미티 남쪽 입구의 운치있는 숙소, 배스레이크(Bass Lake)에 있는 파인리조트(The Pines Resort)
요세미티밸리에서 글레이셔포인트로 걸어서 올라가는 포마일트레일(Four Mile Trail) 살짝 맛보기
​
거대한 세쿼이아 나무들로 둘러싸인 마리포사그로브(Mariposa Grove) 정상의 박물관까지 하이킹
​               [2015.12]
미국 캘리포니아 요세미티 국립공원 설경과 커리빌리지(Curry Village)의 애프터 크리스마스 브런치
​
흰눈이 쌓인 요세미티 국립공원의 버날폴브리지(Vernal Fall Bridge) 트레일과 비닐봉지 눈썰매 타기
​
눈내린 요세미티 폭포와 엘캐피탄 초원(El Capitan Meadow)에서의 눈싸움, 그리고 밸리뷰 겨울풍경
​               [2016.07]
존뮤어트레일 4박5일 백패킹 2일차, 가넷레이크를 출발해 '천섬호수'를 지나서 도노휴 패스를 넘다!
​
존뮤어트레일 4박5일 백패킹 3일차, 라이엘계곡 따라 투올럼니메도우(Tuolumne Meadows) 캠핑장
​
존뮤어트레일 4박5일 백패킹 4일차, 캐서드럴(Cathedral) 피크와 선라이즈(Sunrise) 하이시에라캠프
​
존뮤어트레일 4박5일 백패킹 5일차, 하프돔 및 네바다와 버날 폭포를 지나서 요세미티 밸리에 도착!
​
요세미티 티오가(Tioga) 고갯길의 테나야 레이크(Tenaya Lake)와 올름스테드 포인트(Olmsted Point)
​
물에 잠긴 또 다른 요세미티, 오셔그네시 댐(O'Shaughnessy Dam)과 헤츠헤치(Hetch Hetchy) 저수지
​
헤츠헤치 지역 와파마폭포(Wapama Falls) 트레일과 <요세미티와 존뮤어트레킹>의 마지막 캠핑
​               [2020.01]
요세미티 2박3일 겨울여행의 첫날은 파인스리조트(Pines Resort)에서 눈사람 만들고 장작불 지피기
요세미티 국립공원 안의 배저패스(Badger Pass) 스키장은 구경만 하고, 도로 아래 언덕에서 눈썰매를
​
겨울 요세미티의 터널뷰(Tunnel View) 풍경과 커리빌리지(Curry Village) 점심, 요세미티 폭포 구경 등
우팟키(Wupatki)
:
우팟키 내셔널모뉴먼트(Wupatki National Monument), 플래그스태프 북쪽에 있는 인디언 유적지
월넛캐년(Walnut Canyon)
:
플래그스태프 인근의 인디언 유적지, 월넛캐년 내셔널모뉴먼트(National Monument)
윈드케이브(Wind Cave)
:
미중부 사우스다코타(South Dakota) 주의 블랙힐스 지역에 있는 윈드케이브(Wind Cave) 국립공원
윈드케이브(Wind Cave) 국립공원의 대표적인 동굴투어인 Natural Entrance Tour와 비지터센터 구경
자이언(Zion)
: [2009.06]
30일 캠핑여행의 본격적인 시작, 소나기를 맞으며 셔틀버스로 잠깐 둘러본 자이언(Zion) 국립공원
자이언(Zion) 국립공원의 캐년오버룩(Canyon Overlook) 트레일과 체커보드메사(Checkerboard Mesa)
[2012.04]
유타주 자이언(Zion) 국립공원 트레일 완전정복 첫번째 - 눈물 흘리는 절벽, 위핑락(Weeping Rock)
﻿
﻿
앤젤스랜딩(Angels Landing) 트레일~ 고소공포증이 있는 사람은 절대로 못가는 천국으로 가는 길!
후배 가족과 함께 했던, 자이언 국립공원에서 가장 대표적인 에머랄드풀 트레일(Emerald Pools Trail)
미국인 가족과 저녁식사를 함께한 자이언 국립공원 와치맨(Watchman) 캠핑장과 지혜의 암벽등반(?)
자이언 국립공원 여행의 마무리는 협곡을 내려다 볼 수 있는 캐년오버룩(Canyon Overlook) 트레일로
[2013.07]
몇 번을 방문해도 멋있는 유타주 자이언(Zion) 국립공원을 지나서, 다시 네바다주의 라스베가스로
[2020.08]
자이언 국립공원의 또 다른 협곡 맛보기, 콜롭캐년 전망대(Kolob Canyons Viewpoint)까지 드라이브
내로우(The Narrows) 하이킹 1, 시나와바템플(Temple of Sinawaba)에서 오더빌캐년(Orderville Canyon)
내로우(The Narrows) 하이킹 2, 컨플루언스를 지나서 '월스트리트(Wall Street)'가 거의 끝나는 곳까지
내로우(The Narrows) 하이킹 3, 버진 강(Virgin River) 물속을 함께 걸었던 우리 가족의 '인생 하이킹'
[2021.10]
본격적인 2차 대륙횡단의 시작, 네바다 라스베가스 벨라지오 호텔과 유타 자이언(Zion) 국립공원 안녕
​
자이언트세쿼이아(Giant Sequoia)
: [2010.09]
킹스캐년 국립공원 너머에 숨어있는 호수, 흄레이크에서의 캠핑과 사금(?) 채취
백년도 살지 못하는 인간들이 수천년을 자란 나무들을 마구 베어버린 곳, Converse Basin Grove
​               [2019.10]
백 명의 거인을 만날 수 있는 자이언트세쿼이아(Giant Sequoia) 내셔널모뉴먼트의 Trail of 100 Giants
조슈아트리(Joshua Tree)
:
기묘한 나무와 바위들
,
사막에서 보낸 하룻밤
조슈아트리(Joshua Tree) 국립공원의 쵸야(Cholla) 선인장 정원과 '해골바위' 스컬락(Skull Rock)
﻿
LA에서 가까운 조슈아트리 국립공원의 키즈뷰(Keys View) 전망대와 히든밸리(Hidden Valley) 트레일
코튼우드(Cottonwood) 캠핑장 그룹사이트에서 1박2일, 조수아트리(Joshua Tree) 국립공원 단체여행
​
쥬얼케이브(Jewel Cave)
:
이름 그대로 숨어있는 보석같은 사우스다코타 블랙힐스 지역의 쥬얼케이브(Jewel Cave) 준국립공원
쥬얼케이브(Jewel Cave) 내셔널모뉴먼트에서 꼭 해야하는 대표적 동굴투어인 시닉투어(Scenic Tour)
채널아일랜드
(Channel Islands)
:
옥스나드에서 배를 타고 채널아일랜드 국립공원의 아나카파(Anacapa) 섬으로 출발
채널아일랜드 국립공원 아나카파(Anacapa) 섬 하이킹, 야생화와 갈매기들의 천국이었던 작은 무인도
​
치리카후아(Chiricahua)
:
""서있는 바위들의 이상한 나라"" 아리조나 치리카후아 준국립공원(National Monument)
​
아리조나주 치리카후아(Chiricahua) 준국립공원의 에코캐년 루프트레일(Echo Canyon Loop Trail)
​
카리조플레인(Carrizo Plain)
:
캘리포니아 밸리에 숨겨진 평원, 카리조플레인 내셔널모뉴먼트(National Monument)
​
LA에서 떠나는 봄꽃 구경~ 카리조평원 준국립공원(Carrizo Plain National Monument)의 야생화들
카리조플레인(Carrizo Plain) 준국립공원의 노란 야생화 언덕과 샌안드레아스 단층(San Andreas Fault)
​
칼스배드캐번(Carlsbad Caverns)
:
서반구에서 가장 큰 지하동굴, 뉴멕시코(New Mexico)의 칼스배드캐번스 국립공원
​
뉴멕시코 칼스배드캐번(Carlsbad Caverns) 국립공원 지하동굴의 빅룸루트(Big Room Route) 셀프투어
캐년랜드
(Canyonlands)
: [2009.06]
""더 이상의 캐년은 없다!"" 거대한 협곡들의 황무지 - 유타의 캐년랜드(Canyonlands) 국립공원
콜로라도강이 발아래 내려다 보이는 유타(Utah)의 데드호스포인트(Dead Horse Point) 주립공원
[2021.10]
캐년랜드(Canyonlands) 국립공원의 일출사진 명소인 메사아치(Mesa Arch)와 샤퍼트레일(Shafer Trail)
캐피톨리프(Capitol Reef)
: [2009.06]
'잠자는 무지개의 땅'이라 불리는 유타주 5개 국립공원중의 막내, 캐피톨리프 국립공원
[2021.10]
유타 마이티파이브(Mighty 5)의 막내, 캐피톨리프(Capitol Reef) 국립공원 힉맨브리지(Hickman Bridge)
케이프코드(Cape Cod)
:
메이플라워 호가 상륙했던 플리머스(Plymouth)와 케이프코드(Cape Cod) 국립해안공원 비지터센터
케이프코드(Cape Cod) 국립해안의 프로빈스타운(Provincetown)과 감자칩 포장지의 너셋(Nauset) 등대
콜로라도(Colorado)
:
""붉은색 절벽은 유타주에만 있는게 아니다!"" 콜로라도 내셔널모뉴먼트(Colorado National Monument)
존 오토(John Otto)의 꿈과 콜로라도 준국립공원(Colorado National Monument)의 독립기념비 바위
크레이터레이크(Crater Lake)
: [2009.07]
그레이트딥블루(Great Deep Blue)와의 감동적인 만남, 크레이터레이크 국립공원
고인 물은 썩지 않는다. 다만 겁나게 파랄 뿐이다~ 미국 오레곤주 크레이터레이크 국립공원에서...
[2021.05]
마음의 눈으로 바라봐야 했던 파란 호수... 12년만의 오레곤 주 크레이터레이크(Crater Lake) 국립공원
페트리파이드포레스트(Petrified Forest)
: [2010.11]
페트리파이드포레스트 국립공원의 북쪽에 있는 Painted Desert
페트리파이드포레스트 국립공원의 Newspaper Rock, Blue Mesa, Agate Bridge 그리고 Jasper Forest
무지개숲에 내리는 눈, 페트리파이드포레스트 국립공원의 Crystal Forest와 Rainbow Forest Museum
​               [2015.04]
5년만에 다시 찾아간 미국 아리조나(Arizona) 주의 페트리파이드포레스트(Petrified Forest) 국립공원
​
5년만에 지킨 약속, 페트리파이드포레스트(Petrified Forest) 국립공원의 블루메사(Blue Mesa) 트레일
포인트레예스(Point Reyes)
:
포인트레예스 국립해안(National Seashore) 비지터센터와 인버네스(Inverness)의 난파선
사이프러스 터널(Cypress Tree Tunnel)과 포인트레예스 등대(Point Reyes Lighthouse) 주차장까지만
포트롤리(Fort Raleigh)
:
미국의 '잃어버린 식민지'와 남북전쟁 역사가 있는 로어노크 섬의 포트롤리(Fort Raleigh) 국립사적지
포트스미스(Fort Smith)
:
미국의 서부개척과 인디언들의 한 맺힌 역사가 있는 아칸소 주의 포트스미스(Fort Smith) 국가유적지
피너클스(Pinnacles)
: [2012.02]
중부 캘리포니아의 비경, 피너클스 내셔널모뉴먼트의 발코니케이브(Balconies Cave) 트레일
﻿
﻿
피너클스(Pinnacles) 준국립공원 동굴탐험 두번째, 동쪽의 베어걸치케이브(Bear Gulch Cave) 트레일
뾰족한 바위 봉우리와 콘도르를 볼 수 있는 피너클스 내셔널모뉴먼트의 하이피크(High Peaks) 트레일
[2021.05]
9년만에 다시 방문한 피너클스 국립공원(Pinnacles National Park)의 모세스프링(Moses Spring) 트레일
하와이볼케이노(Hawai'i Volcanoes)
:
하와이볼케이노 국립공원의 킬라우에아 비지터센터와 할레마우마우 분화구
서스턴라바튜브(Thurston Lava Tube)의 열대우림과 체인오브크레이터(Chain of Craters) 도로
용암으로 덮인 하와이화산 국립공원 해안가, 길이 끝나는 곳에서 땅의 역사가 새로 시작된다!
볼케이노빌리지 알로하정션(Aloha Junction) B&B와 타이타이(Thai Thai) 태국음식 레스토랑
까만 용암기둥으로 변해버린 나무들을 볼 수 있는 빅아일랜드 라바트리(Lava Tree) 주립공원
과연 시뻘건 용암을 볼 수 있었을까? 빗속에 찾아간 칼라파나(Kalapana) Lava Viewing Area
하퍼스페리(Harpers Ferry)
:
웨스트버지니아(West Virginia) 주의 하퍼스페리 국립역사공원(National Historical Park)
할레아칼라(Haleakala)
:
마우이 할레아칼라 국립공원의 동쪽 끝에 있는 오헤오(Oheo) 협곡의 세븐풀(Seven Pools)
대나무숲을 지나서 만나는 마우이 최고의 환상적인 비경, 와이모쿠 폭포(Waimoku Falls)
태평양 한가운데 해발 3천미터의 마우이섬 할레아칼라(Haleakala) 화산 정상에서의 일출
할레아칼라(Haleakala) 국립공원 정상의 운해와 은검초(silversword), 자전거타는 사람들
﻿
핫스프링스(Hot Springs)
:
미국의 '국립온천'인 아칸소 주의 핫스프링스 국립공원(Hot Springs National Park)
핫스프링스(Hot Springs) 국립공원 비지터센터 박물관과 마운틴타워(Mountain Tower) 전망대 풍경
​
화이트샌드(White Sands)
:
사방이 하얀 순백의 세상! 미국 뉴멕시코(New Mexico)의 화이트샌드 내셔널모뉴먼트
​
화이트샌드(White Sands) 준국립공원 Heart of the Sands의 알칼리플랫 트레일(Alkali Flat Trail)
[캐나다] 밴프(Banff)
:
밴프에서 레이크루이스로 가는 길 - 보우밸리파크웨이(Bow Valley Parkway)
""당신은 레이크루이스(Lake Louise)에서 보트를 타본 적이 있습니까?""
알펜호른과 하프 소리로 기억에 남은 샤또레이크루이스(Chateau Lake Louise) 호텔의 풍경
밴프국립공원의 숨은 비경, 10개의 봉우리로 둘러싸인 빙하호수 모레인레이크(Moraine Lake)
레이크루이스와 재스퍼를 잇는 아이스필드파크웨이의 '까마귀발' 빙하와 페이토(Peyto) 호수
대자연의 극치, 캐나디안록키(Canadian Rocky) 관광의 베이스캠프인 앨버타주의 밴프(Banff)
레이크루이스(Lake Louise) 비지터센터를 구경하고 캠핑장에서 아메리칸스타일의 저녁식사를
[캐나다] 재스퍼(Jasper)
:
재스퍼국립공원의 휘슬러 캠핑장을 출발해 10시간 운전해서 밴쿠버의 누나집에 도착
재스퍼 국립공원의 컬럼비아아이스필드 아사바스카 빙하위에서 지구온난화를 걱정하다
재스퍼 국립공원 Icefields Parkway의 선왑타(Sunwapta) 폭포와 아사바스카(Athabasca) 폭포
거대한 빙하의 단면을 코앞에서 볼 수 있는 재스퍼 국립공원의 에디스카벨산(Mt. Edith Cavell)
[캐나다] 퍼시픽림(Pacific Rim)
:
퍼시픽림(Pacific Rim) 국립공원의 유클루릿(Ucluelet)에서의 캠핑과 와일드퍼시픽 트레일
누나가족과 함께라서 즐거웠던 퍼시픽림국립공원 토피노(Tofino)의 안개 낀 롱비치 바닷가
----- 다른 도시관광기 -----
나파(Napa)
:
나파밸리의 로버트몬다비(Robert Mondavi) 와이너리를 구경하고 나파(Napa) 시내를 지나 SF로 출발
내슈빌(Nashville)
:
내슈빌의 밴더빌트 대학교(Vanderbilt University)와 센테니얼 공원의 파르테논(Parthenon)
뉴욕(New York)
: [2011.04]
광각렌즈로 찍어본 세계의 교차로, 미국 뉴욕 맨하탄 타임스퀘어의 2011년 4월 풍경
뉴욕 로워맨하탄(Lower Manhattan): 배터리파크, 트리니티처치, 월스트리트, 그리고 그라운드제로 등
낡은 도시 재활용의 종결자! 뉴욕 미드타운의 첼시마켓(Chelsea Market)과 하이라인(High Line) 공원
영화 <박물관이 살아있다>의 무대인 뉴욕 미국자연사박물관(American Museum of Natural History)
유럽에서 건너온 미국이민자들의 첫관문이었던 뉴욕 엘리스섬(Ellis Island) 이민박물관과 자유의여신상
""공짜 싫어하는 사람은 없구나~"" 금요일 오후의 뉴욕현대미술관, 모마(MoMA)와 타임스퀘어의 야경
""누가 여신의 발톱을 보았는가"" 뉴욕 자유의여신상(Statue of Liberty) 내부에 있는 박물관과 전망대
미국동부여행의 마지막은 비 내리는 센트럴파크와 메트로폴리탄미술관(Metropolitan Museum of Art)
[2015.08]
뉴욕시에서 1시간 거리에 있는 미국 최대의 우드버리커먼(Woodbury Common) 프리미엄아울렛
우리 가족이 4년만에 다시 보는 뉴욕(New York)의 타임스퀘어(Times Square)와 뉴욕 공공도서관 등
뉴욕 록펠러센터(Rockefeller Center) 전망대 '탑오브더락(Top of the Rock)'에서 셀카봉 가족사진을!
뮤지컬 레미제라블(Les Miserables)을 뉴욕 브로드웨이 임페리얼 극장(Imperial Theatre)에서 관람
​            [2017.12]
지혜의 카네기홀(Carnegie Hall) 연주를 핑계로 떠난, 엄마와 딸의 크리스마스 시즌 3박4일 뉴욕여행
[2018.10]
엄마와 딸 둘이서 뉴욕여행 2탄, Mid-Semester Break에 다녀온 지혜와 뉴욕여행
[2022.06]
지혜가 여름인턴을 하는 뉴욕시티(New York City) 맨하탄 타임스퀘어(Times Square)를 잠깐 구경하기
[2022.07]
뉴욕 브루클린브리지, 덤보(Dumbo), 그리고 미슐랭 1스타의 피터루거(Peter Luger) 스테이크하우스
뉴욕 허드슨 강의 3천억짜리 인공섬 공원인 리틀아일랜드(Little Island)와 첼시마켓, 하이라인파크 등
[2022.08]
지금 뉴욕에서 가장 핫한 장소! 미드타운 원밴더빌트(One Vanderbilt) 빌딩의 서밋(SUMMIT) 전망대
뉴욕 배터리파크 캐슬클린턴(Castle Clinton)과 시티크루즈 타고 자유의 여신상(Statue of Liberty) 구경
뉴욕 월스트리트(Wall St)의 황소상과 소녀상, 세계무역센터 911 메모리얼과 쇼핑몰 오큘러스(Oculus)
​
덴버(Denver)
:
LA에서 콜로라도 덴버까지 비행기에서 내려다 본 풍경과 미리 쓰는 8박9일 자동차여행 에필로그
가는 날이 장날! 코믹콘(Comic Con)과 프라이트페스트(PrideFest)가 같이 열린 다운타운 덴버 밤풍경
'마일하이시티' 덴버의 콜로라도 주청사(State Capitol)와 컨벤션센터의 커다란 블루베어(Blue Bear)
콜로라도 덴버의 필수 관광지, 붉은 바위로 둘러싸인 레드락 야외원형극장(Red Rocks Amphitheatre)
콜로라도 록키산 아래 골든(Golden) 마을에 있는 세계 최대 양조장, 쿠어스(Coors) 맥주공장 무료투어
듀랑고(Durango)
:
샌후안스카이웨이(San Juan Skyway)의 중심 관광도시인 콜로라도 남서부 듀랑고에서 휴식
라스베가스(Las Vegas)
:
라스베가스 1박2일 사전답사기
,
그랜드캐년 & 라스베가스 2박3일 해치우기
라스베가스 야경을 보며 저녁식사를~ 스트라토스피어(Stratosphere) 호텔 Top of the World 레스토랑
10조(兆)원짜리 프로젝트, 라스베가스 스트립의 새로운 명소 - 시티센터(CityCenter)
3만4천개의 흰색 카네이션 꽃으로 만든 북극곰 - 라스베가스 벨라지오 호텔 실내정원의 크리스마스 장식
미국서부 30일 캠핑여행의 시작: 라스베가스의 프리미엄아울렛, 윈과 앙코르, 그리고 벨라지오 호텔
부모님을 모시고 미국서부 효도관광3: 라스베가스(Las Vegas), 그리고 후버댐과 그랜드캐년
비 내리는 라스베가스의 크리스마스 풍경들~ 윈(Wynn), 팔라조(Palazzo), 베네시안(Venetian) 호텔
라스베가스 윈(Wynn) 호텔의 르레브(Le Reve) 공연, 물 위에서 펼쳐지는 한 여인의 찰나의 꿈
2011년 새해를 맞이하는 미국 라스베가스의 벨라지오(Bellagio) 호텔 실내정원의 겨울장식
라스베가스 최고의 뷔페! 마침내 M호텔의 스튜디오B(Studio B) 식당의 뷔페(buffet)를 먹어보다
﻿
라스베가스 3대 공연의 하나라는 MGM그랜드 호텔의 태양의서커스(Cirque du Soleil) 카쇼(KA Show)
라스베가스 가는 길의 사막 한가운데 있는 로또명당, 베이커(Baker)의 컨츄리스토어(Country Store)
베네시안(Venetian) 호텔의 '팬텀(Phantom)' 뮤지컬 공연, 라스베가스 스타일로 만나는 오페라의 유령
약간은 촌스럽지만, 그래서 더 정이 가는 라스베가스 다운타운의 프레몬트 스트리트(Fremont Street)
베니스 운하 위로 곤돌라가 다니는 쇼핑몰, 베네시안 호텔의 그랜드캐널숍스(Grand Canal Shoppes)
가장 사진발이 잘 받는 라스베가스 호텔은? 베니스를 그대로 옮겨놓은 베네시안(The Venetian) 호텔
라스베가스에서 놓칠 수 없는 곳! 벨라지오(Bellagio) 호텔 실내정원의 2012년 봄 테마는 '네덜란드'
라스베가스 엠앤엠월드(M&M's World) - 플래닛헐리우드 호텔에서 MGM 호텔까지 스트립따라 걷기
이탈리아 베니스의 크리스마스? 미국 라스베가스 베네시안(Venetian) 호텔 광장의 <Winter in Venice>
최고의 라스베가스 뷔페로 등극한 코스모폴리탄(Cosmopoiltan) 호텔의 위키드스푼(Wicked Spoon)
트레져아일랜드 호텔에서 20년째 공연중인 태양의서커스(Cirque de Soleil)의 '미스티어(Mystere)'
라스베가스 트레져아일랜드(Treasure Island) 호텔 앞에서 펼쳐지는 사이렌쇼(Sirens of TI, 해적쇼)
라스베가스 시저스팰리스(Caesars Palace) 호텔의 실내 명품 쇼핑몰인 포럼숍(The Forum Shops)
라스베가스 4대 무료쇼 마지막으로 미라지(Mirage) 호텔의 화산쇼 소개, 그리고 최고의 공짜쇼는?
2014년 첫번째 포스팅은 2013년 마지막 여행으로~ 라스베가스 벨라지오 호텔 정원의 장식과 분수쇼
어김없이 연말 라스베가스 여행기로 시작하는 2015년 블로그! 벨라지오 호텔의 꽃장식과 분수쇼
세계최대의 원형관람차 하이롤러(High Roller)로 유명한 라스베가스의 새로운 쇼핑몰인 링크(LINQ)
라스베가스 시저스팰리스(Ceasars Palace) 호텔 포럽숍(Forum Shops)의 ""Fall of Atlantis"" 로봇쇼
​
라스베가스 코스모폴리탄(Cosmopolitan) 호텔의 파운틴뷰 객실에서 내려다 보는 벨라지오 분수쇼
​
벨라지오 실내정원(Bellagio Conservatory & Botanical Garden) 2016년 봄의 일본풍 꽃장식 구경
기록적인 폭염에도 불구하고 라스베가스로! 에그웍스 아침식사, 베네시안 호텔과 프리미엄아울렛
​
벨라지오 호텔의 실내정원과 분수쇼, 스트라토스피어 타워의 전망대에서 내려다 본 라스베가스
​
세븐매직마운틴(Seven Magic Mountains), 라스베가스 가는 도로변에 있는 인스타 사진 찍기 좋은 곳
라스베가스 당일치기 번개여행으로 스트립에 새로 오픈한 리조트월드(Resorts World) 짧게 둘러보기
​
레이크하바수시티(Lake Havasu City)
:
영국 템스강에 있던 런던브리지(London Bridge)를 옮겨다 놓은 레이크하바수시티
로스웰(Roswell)
:
미국 로스웰(Roswell)의 UFO 박물관 및 연구센터(International UFO Museum & Research Center)
롬폭(Lompoc)
:
세계 최대의 꽃씨 생산지라고 하는, 산타바바라 카운티에 있는 작은 꽃과 예술의 도시 롬폭(Lompoc)
리노(Reno)
:
도박과 이혼의 도시, 또 '세계에서 가장 큰 소도시'라는 모토로 유명한 네바다 주 북부의 리노(Reno)
﻿
﻿
﻿
마이애미(Miami)
:
마이애미비치(Miami Beach)의 링컨로드(Lincoln Rd)와 바닷가, 쉑쉑버거와 아르데코(Art Deco) 구역
﻿
﻿
﻿
빌라 비즈카야(Villa Vizcaya) - 플로리다 마이애미 여행에서 꼭 가봐야 하는 바닷가의 화려한 저택
멤피스(Memphis)
:
엘비스 프레슬리(Elvis Presley)가 첫 녹음을 한 테네시 주 멤피스(Memphis)의 선스튜디오(Sun Studio)
멤피스 다운타운의 빌스트리트(Beale Street)와 마틴루터킹이 암살당한 로레인모텔(Lorraine Motel)
그레이스랜드 맨션(Graceland Mansion)의 엘비스 프레슬리 묘지를 참배하고 멤피스를 떠나 내슈빌로
몬터레이(Monterey)
:
바다사자(sea lion) 구경만 실컷 하고 돌아선 캘리포니아의 첫번째 도시, 몬터레이 바닷가
캐너리로(Cannery Row), 미국 작가 존스타인벡(John Steinbeck) 소설의 무대였던 몬터레이 바닷가
﻿
보스턴(Boston)
: [2015.08]
관광지인지 대학교인지 구분이 되지않던 미국 매사추세츠 주의 하버드대학교(Harvard University)
세계 최고 명성의 공대, 미국 매사추세츠공과대학교(Massachusetts Institute of Technology, MIT)
보스턴 북쪽의 예쁜 바닷가 마을, 락포트(Rockport)의 맛집인 로이무어 랍스터(Roy Moore Lobster)
미국독립전쟁의 현장! 보스턴 북쪽 찰스타운(Charlestown)의 벙커힐기념탑(Bunker Hill Monument)
세계에서 가장 오래된 현역 군함, 보스턴 찰스타운 해군기지의 USS컨스티튜션호(USS Constitution)
보스턴(Boston)의 프리덤트레일(Freedom Trail), 빨간줄을 따라 걸어서 미국독립혁명의 역사속으로~
과거와 현재가 공존하는 보스턴, 코플리 광장의 보스턴 도서관(Boston Public Library)과 존핸콕타워
[2019.08]
지혜가 하버드 대학교(Harvard University) 기숙사 들어가는 날이었던 무빙데이(Moving Day)
​               [2019.10]
유리꽃(Glass Flowers) 전시로 유명한 하버드 자연사박물관(Harvard Museum of Natural History)
​
고흐의 자화상 등 많은 명화를 여유롭게 감상할 수 있는 하버드대학교 미술관(Harvard Art Museums)
​
슈퍼볼(Super Bowl)은 아니지만 하버드(Harvard)와 다트머스(Dartmouth)의 아이비리그 미식축구 관람
[2021.08]
딸을 만나러 보스턴(Boston)으로~ 포트인디펜던스(Fort Independence) 구경과 바킹크랩(Barking Crab)
보스턴 인근 '마녀의 도시'로 유명한 세일럼과 해양 국가유적지(Salem Maritime National Historic Site)
락포트(Rockport) 로이무어 랍스터 점심을 먹고 소거스 제철소(Saugus Iron Works) 국가유적지 구경
비숍(Bishop)
:
100년도 넘은 유명한 빵집, 비숍 제일의 관광명소인 에릭샤츠 베이커리(Erick Schat’s Bakkerÿ)
﻿
​
비숍(Bishop)에 있는 사진작가 갤런로웰(Galen Rowell) 마운틴라이트갤러리(Mountain Light Gallery)
​
JMT투어 1일차, 395번 도로를 따라 이스턴시에라 지역의 론파인(Lone Pine)에서 비숍(Bishop)까지
산타바바라(Santa Barbara)
:
캘리포니아 미션의 여왕이라 불리는 미션 산타바바라(Mission Santa Barbara)의 모습들
﻿
바다안개가 자욱했던 산타바바라(Santa Barbara) 피어에서 만난 펠리컨과 자전거를 탄 많은 사람들
﻿
빨간 기와지붕이 매력적인 산타바바라의 전경을 내려다 볼 수 있는 법원(Courthouse) 타워의 전망대
﻿
산타바바라(Santa Barbara) 다운타운 파세오누에보(Paseo Nuevo) 쇼핑몰과 라아카다(La Arcada) 거리
​
한국에서 오신 부모님을 모시고 둘러본 산타바바라(Santa Barbara) 미션과 법원건물 등 관광지들
​
산타크루즈(Santa Cruz)
:
해달(sea otter)을 볼 수 있었던 몬터레이만(Monterey Bay) 북쪽 산타크루즈(Santa Cruz) 바닷가
​
미본토 파도타기의 발상지라고 하는 산타크루즈에 있는 세계최초 서핑박물관(Surfing Museum)
산타페(Santa Fe)
:
산타페(Santa Fe)의 뉴멕시코 주청사와 미국에서 가장 오래된 교회라는 샌미구엘(San Miguel) 채플
'기적의 계단(Miraculous Staircase)'이 있는 산타페의 로레토채플(Loretto Chapel)과 다운타운 구경
산타페(Santa Fe)의 성프란시스 대성당(Cathedral Basilica of St. Francis of Assisi)과 캐년로드 등
새크라멘토(Sacramento)
:
새크라멘토 도착해서 캘리포니아 주청사 외관 구경과 릴랜드스탠포드맨션 주립역사공원 내부투어
타워브리지(Tower Bridge)까지 새크라멘토의 캐피톨몰(Capitol Mall)을 따라서 걸어보는 아침산책
샌디에고(San Diego)
:
샌디에고 둘러보기 1 - 올드타운(Old Town) & 미드웨이항공모함(USS Midway)
샌디에고 둘러보기 2 - 씨포트빌리지 & 호튼플라자(Horton Plaza)
,
샌디에고 둘러보기 3 - 발보아파크(Balboa Park)
부모님을 모시고 미국서부 효도관광2: 샌디에고(San Diego)를 하루동안 알차게 둘러보는 당일여행
샌디에고(San Diego)의 보석이라고 불리는 라호야(La Jolla) 바닷가의 스크립스 공원(Scripps Park)
서양인이 미국 서해안에 최초로 발을 딛은 곳인 카브리요 국가기념지(Cabrillo National Monument)
​
샌디에고 미션베이(Mission Bay) 하얏트 호텔에서 석양을 보고 저녁식사는 Phil's BBQ의 백립바베큐
​
추수감사절 당일 아침의 샌디에고 미션비치(Mission Beach)의 바닷가 산책과 커피숍에서의 브런치
샌루이스오비스포(San Luis Obispo)
:
이런 지저분한 관광지도 있다? 샌루이스오비스포의 버블검앨리(Bubblegum Alley)
﻿
샌버나디노(San Bernardino)
:
최초의 원조 맥도날드 햄버거 가게가 있던 곳, 샌버나디노의 맥도날드 박물관
샌프란시스코
(San Francisco)
:
샌프란시스코 피셔맨스워프(Fisherman's Wharf)의 밤풍경과 클램차우더로 저녁식사
비 내리는 샌프란시스코에서 케이블카 타기
,
""그 많던 바다사자들은 다 어디로 갔을까?"" - 샌프란시스코의 피어39
소살리토쪽 언덕에 올라 내려다 본 샌프란시스코의 금문교, 골든게이트브리지(Golden Gate Bridge)
샌프란시스코 짧은 관광, 롬바드스트리트(Lombard Street)와 기라델리초콜릿(Ghirardelli Chocolate)
SF 피셔맨스워프에 있는 피셔맨스그로토(Fisherman's Grotto) 레스토랑에서 최후의 만찬과 갈매기들
샌프란시스코의 가장 로맨틱한 건축물, 팰리스오브파인아트(Palace of Fine Arts) - 그럼, 미술궁전?
사우스웨스트(Southwest) 항공을 타고 로스앤젤레스에서 샌프란시스코 국제공항까지의 풍경들
​
바트(BART) 전철을 타고 샌프란시스코 국제공항에서 SF 다운타운의 유니온스퀘어까지 가는 방법
금문교 교각 아래의 포트포인트 국가유적지(Fort Point National Historic Site)와 랜즈엔드(Lands End)
세도나(Sedona)
:
'그 곳'을 찾아서 1 - 세도나(Sedona)
세도나(Sedona) 여행의 시작은 최고의 하이킹 코스인 캐서드랄락(Cathedral Rock) 트레일부터
영험한 세도나(Sedona)에서도 볼텍스(Vortex)가 가장 강하게 나온다는 장소인 '종바위' 벨락(Bell Rock)
자연과 조화되는 건축이란게 이런걸까? 애리조나 세도나의 성십자예배당(Chapel of the Holy Cross)
여름철 물놀이 장소로 유명한 오크크릭캐년(Oak Creek Canyon)의 슬라이드락(Slide Rock) 주립공원
붉게 타는 세도나(Sedona)의 일몰은 이 곳에서~ 산 정상에 공항이 있는 에어포트메사(Airport Mesa)
세인트루이스(St. Louis)
:
세인트루이스 앤하이저부시의 버드와이저(Budweiser) 맥주공장 투어를 하고 일리노이(Illinois) 주로
솔뱅(Solvang)
:
처음으로 멀리 갔다온 '미국여행' - 허스트캐슬(Hearst Castle) & 솔뱅
﻿
덴마크마을 솔뱅(Solvang)에 가면 꼭 먹어봐야 한다는 데니쉬페스트리와 에블스키버(Aebleskiver)
시애틀(Seattle)
:
바다 위 페리에서 감상한 시애틀(Seattle) 다운타운의 풍경 - 포트앤젤레스에서 시애틀로 가는 길
모든 시애틀 관광의 시작은 파이크플레이스마켓(Pike Place Market)에 있는 스타벅스 1호점에서
미국 워싱턴주의 최대도시, 시애틀(Seattle)의 상징인 스페이스니들(Space Needle) 타워의 전망대
시카고(Chicago)
:
위기주부 아내의 시카고 출장 여행기 - 존행콕타워, 윌리스타워, 그리고 밀레니엄파크 등등
​
애틀랜타(Atlanta)
:
미국 남동부의 최대도시인 애틀랜타의 올림픽 공원(Centennial Olympic Park) 주변 둘러보기
오클라호마시티(Oklahoma City)
:
브릭타운(Bricktown)에서 점심을 먹고 오클라호마 연방청사 폭탄테러 추모공원 방문
​
오하이(Ojai)
:
벤츄라 북쪽 산속의 럭셔리한 마을인 오하이(Ojai)에서 열리는 일요일 파머스마켓(Farmers' Market)
워싱턴(Washington D.C.)
: [2011.04]
미국의 수도 워싱턴 한가운데에 있는 백악관과 워싱턴기념탑(Washington Monument)
워싱턴 스미소니언(Smithsonian) 박물관들 중에서 제일 먼저 들어가봐야 하는 곳인 국립자연사박물관
워싱턴 내셔널몰 추모공원의 2차대전기념관, 한국전참전용사기념물, 그리고 베트남참전용사기념물
국립항공우주박물관(National Air and Space Museum), 모두가 하늘과 우주의 꿈으로 날아오르는 곳
미국에도 신전이 있다. 워싱턴 내셔널몰(National Mall) 서쪽끝에 있는 링컨기념관(Lincoln Memorial)
미국의 국립미술관, 워싱턴 내셔널갤러리(National Gallery of Art)와 조각정원(Sculpture Garden)
오바마 미국대통령도 좋아하는 파이브가이즈(Five Guys) 햄버거를 원조동네인 워싱턴에서 먹어보다
미국 국회의사당(U.S. Capitol)에서 서쪽으로 내셔널몰을 바라보며 워싱턴DC 관광을 마치다
[2021.11~]
조지워싱턴 기념도로(George Washington Memorial Parkway)와 추수감사절 연휴 가족의 DC 나들이
워싱턴 벚꽃축제 기간에 방문한 타이들 베이슨의 토머스제퍼슨 기념관(Thomas Jefferson Memorial)
미국 유일의 4선 대통령인 프랭클린 델라노 루스벨트와 흑인 민권운동가인 마틴 루터 킹 국가기념물
조지타운대학교 메인캠퍼스가 있는 워싱턴DC 안의 고풍스러운 마을 조지타운(Georgetown) 둘러보기
가장 최근에 내셔널몰에 만들어진 기념물인 아이젠하워 메모리얼(Dwight D. Eisenhower Memorial)
백악관을 포함하는 프레지던트파크(President's Park)와 1차세계대전 기념물(World War I Memorial)
링컨 대통령이 암살당하고 죽음을 맞이한 포드극장 국가유적지(Ford's Theatre National Historic Site)
미국의 수도를 한 눈에 내려다 볼 수 있는 워싱턴기념비(Washington Monument) 꼭대기의 전망대
워싱턴DC의 미국 국회의사당(United States Capitol) 내부의 로툰다, 상원회의실, 스태츄어리홀 투어
내부가 아름다운 건물로 손꼽히는 토머스 제퍼슨 빌딩(Thomas Jefferson Building) 미국 의회도서관
유마(Yuma)
:
봄방학 아리조나-뉴멕시코 여행의 시작은 '유마 준주 교도소(Yuma Territorial Prison)' 주립역사공원
잭슨(Jackson)
:
유타주 그린리버에서 700km를 달려 와이오밍(Wyoming)주의 관광도시 잭슨(Jackson)에 도착하다
와이오밍 주의 관광도시 잭슨(Jackson)에서 저녁을 먹고 3시간을 달려 락스프링스(Rock Springs) 숙박
카멜바이더씨(Carmel-by-the-Sea)
:
샌프란시스코 아래 바닷가의 예술가 마을, 카멜바이더씨의 아름다운 간판들
캘리스토가
(Calistoga)
:
와인으로 유명한 나파밸리의 캘리스토가(Calistoga)에서 30일 여행의 마지막 캠핑을~
케이블카가 있는 스털링빈야드(Sterling Vineyards)에서의 나파밸리(Napa Valley) 와이너리투어
콜로라도스프링스(Colorado Springs)
:
콜로라도스프링스
신들의 정원(Garden of the Gods)을 구경하고 미서부와 작별
테메큘라(Temecula)
:
할리데이비슨(Harley-Davidson)을 탄 카우보이들... 테메큘라(Temecula)
토피카(Topeka)
:
토피카
의 캔사스 주청사와 브라운 대 교육위원회(Brown v. Board of Education) 국립역사공원
투싼(Tucson)
:
300대 이상의 퇴역 비행기들을 볼 수 있는 투싼의 피마항공우주박물관(Pima Air & Space Museum)
팜스프링스(Palm Springs)
:
무시무시한 사막의 늦더위를 만난 데저트핫스프링스(Desert Hot Springs)의 한국식 온천과 찜질방
﻿
크리스마스에 야외풀장에서 수영을? 팜스프링스 지역 인디언웰스 하얏트 그랜드챔피언 리조트 여행
뜨거운 사막의 한가운데 만들어진 화려한 쇼핑몰, 팜데저트(Palm Desert)의 엘파세오(El Paseo) 거리
팜스프링스(Palm Springs) 다운타운의 아이콘, 시카고에서 이사 온 '포에버 마릴린(Forever Marilyn)'
르네상스 에스메랄다 리조트앤스파 인디언웰스(Renaissance Esmeralda Resort & Spa Indian Wells)
​
팜스프링스 여행을 가장한 데저트힐 프리미엄아울렛 쇼핑~ 지난 크리스마스 연휴 1박2일 가족여행
포틀랜드(Portland)
:
지혜를 대학교 기숙사에 내려주고, 메인(Maine) 주의 포틀랜드(Portland)까지 하루에 640마일을 운전
필라델피아(Philadelphia)
:
필라델피아에서 시작하는 미국동부 아이비리그 여행~ 시청사와 메이시백화점의 파이프오르간
벤자민 프랭클린이 설립한 미국동부 필라델피아의 펜실베니아 대학교(University of Pennsylvania)
소장작품들보다 등장한 영화장면으로 더 유명한 필라델피아 미술관(Philadelphia Museum of Art)
미국의 독립과 노예해방을 상징하는 필라델피아 독립 국립역사공원에 있는 자유의 종(Liberty Bell)
미국 독립선언서가 서명된 필라델피아 인디펜던스홀(Independence Hall) 방문과 미동부여행의 끝
호놀룰루(Honolulu)
:
위치와 풀장이 최고인 오아후섬 호놀룰루(Honolulu)의 쉐라톤 와이키키(Sheraton Waikiki) 호텔
호놀룰루의 가장 번화가인 와이키키 비치의 칼라카우아(Kalakaua) 거리와 인터내셔널 마켓
와이키키 바닷가가 한 눈에 내려다 보이는 다이아몬드헤드(Diamond Head) 분화구의 정상
﻿
물에 들어가 논다고 바빠서, 사진도 제대로 못찍은 호놀룰루 와이키키(Waikiki) 바닷가의 일몰
홀브룩(Holbrook)
:
그랜드서클 에필로그: 만화영화 <Cars>에 나온 홀브룩의 Wigwam Motel을 지나 집으로~
[멕시코] 엔세나다(Ensenada)
:
2박3일 멕시코여행의 시작, 멕시코 국경통과와 Puerto Nuevo에서 랍스터로 점심을
​
멕시코 엔세나다(Ensenada) 수산시장, Mercado de Mariscos의 해산물과 길거리 피쉬타코 먹방여행
​
엔세나다 최고의 관광지인 블로우홀(blowhole), 라부파도라(La Bufadora)와 기념품가게 골목 구경
우리 가족 첫번째 짚라인(Zip-line) 체험을 멕시코에서! Las Cañadas Campamento 스포츠 캠핑장
엔세나다 최고의 길거리 피쉬타코와 멕시코 티후아나(Tijuana)에서 미국 샌이시드로 국경 통과하기
[캐나다] 밴쿠버(Vancouver)
:
동계올림픽이 열리고 있는 밴쿠버(Vancouver)의 관광명소 - 스탠리파크(Stanley Park)
[캐나다] 빅토리아(Victoria)
:
밴쿠버섬의 빅토리아에서 카페리를 타고 미국 워싱턴주의 포트앤젤레스로 입국
영국풍의 아름다운 항구도시 빅토리아(Victoria)에서 브리티시컬럼비아 주의사당 건물 투어
여유가 흘러 넘치는 항구의 풍경, 밴쿠버섬 빅토리아(Victoria)의 이너하버(Inner Harbour)
[캐나다] 쿰스
(Coombs)
:
코퀴틀람에서 BC페리를 타고 밴쿠버섬의 나나이모(Nanaimo)를 지나 쿰스(Coombs)까지
----- 즐거운 테마파크 -----
노츠베리팜(Knott's Berry Farm)
:
미국 최초의 테마파크, 노츠베리팜(Knott's Berry Farm)을 가다.
미국서부 최대의 나무로 만든 롤러코스터 - 고스트라이더(Ghost Rider)
미국서부시대 테마파크인 노츠베리팜에서 말이 끄는 마차와 열차강도가 나오는 기차를 타보자
디즈니랜드(Disneyland)
:
디즈니랜드 놀이기구 완전정복 1
,
디즈니랜드 놀이기구 완전정복 2
연간회원권으로 디즈니랜드에 소풍 가기
,
여주인공들이 만화랑 똑같은 디즈니랜드 퍼래이드
LA 디즈니랜드 불꽃놀이 ""Remember... Dreams Come True""
,
LA 디즈니랜드 불꽃놀이 동영상
디즈니랜드의 크리스마스 퍼래이드 - ""A Christmas Fantasy"" Parade
,
크리스마스 장식의 디즈니랜드
디즈니랜드에 가면 무슨 놀이기구를 타야할까? (완전정복 마지막회)
여자 어린이들은 디즈니랜드에서 공주(princess)가 되어 보세요~
,
아듀! 디즈니랜드~ (Adieu! Disneyland~)
에필로그: 디즈니랜드 50주년 기념관을 조용히 돌아보며...
3년만에 다시 찾은 LA 디즈니랜드! 그리웠던 놀이기구(Attractions, 어트랙션)들을 모두 다시 타보다~
스타워즈 영화속으로! 3D로 새로워진 디즈니랜드의 스타투어(Star Tours - The Adventure Continue)
여주인공들이 만화영화하고 똑같은 미국 LA 디즈니랜드의 퍼래이드! Mickey's Soundsational Parade
미국의 할로윈데이 모습, 만화 속 악당들이 주인공이 되는 디즈니랜드의 할로윈타임(Halloween Time)
다스베이더와 레이아공주의 광선검 결투! LA 디즈니랜드의 스타워즈 제다이(Jedi) 트레이닝 아카데미
누가누가 더 닮았는지 투표해주세요~ 만화속 남녀 주인공들을 만날 수 있는 디즈니랜드의 퍼래이드
디즈니랜드의 크리스마스, 징글쟁글잼보리(Jingle Jangle Jamboree)와 미키툰타운(Mickey's Toontown)
﻿
​
60주년을 맞은 디즈니랜드를 Park Hopper 티켓으로 캘리포니아어드벤쳐와 함께 하루에 구경하기
​
스타워즈(Star Wars) 테마로 변신한 LA 디즈니랜드의 투모로우랜드(Tomorrowland) 구역, 그리고...
페인트더나이트(Paint the Night), 최신 LED와 배터리 기술로 만든 디즈니의 새로운 야간 퍼래이드!​
디즈니월드(Disney World)
:
플로리다 올랜도 디즈니월드로 여름휴가! 첫날은 디즈니스프링스(Disney Springs) 구경
전세계에서 연간 방문객이 가장 많은 테마파크인 플로리다 디즈니월드의 매직킹덤(Magic Kingdom)
올랜도 매직킹덤(Magic Kingdom) 50주년 기념 불꽃놀이인 디즈니 인챈트먼트(Disney Enchantment)
월트디즈니월드의 두번째 테마파크인 엡콧(EPCOT)의 교육적인 놀이기구들과 플라워가든 페스티발
엡콧(Epcot)의 월드쇼케이스 구역에서 꼭 타봐야 하는 라따뚜이(Ratatouille)와 프로즌(Frozen) 라이드
스타워즈(Star Wars) 영화를 현실로 만들어 놓은 디즈니 헐리우드스튜디오 갤럭시에지(Galaxy's Edge)
헐리우드스튜디오(Hollywood Studios) 테마파크의 타워오브테러(Tower of Terror) 등 다른 놀이기구들
영화 <아바타>의 판도라 모습을 그대로! 디즈니 애니멀킹덤의 Pandora – The World of Avatar 구역
디즈니 애니멀킹덤(Disney's Animal Kingdom) 라이온킹 공연과 사파리, 에베레스트 탐험 놀이기구 등
다시 찾은 매직킹덤(Magic Kingdom)! 플로리다 올랜도 디즈니월드로 떠났던 우리가족 여름휴가의 끝
레고랜드(Legoland)
:
레고(LEGO)로 만들어진 놀이동산, LA 남쪽 칼스배드에 있는 레고랜드 캘리포니아
뭐니뭐니해도 레고랜드의 하이이라이트는 역시 레고(LEGO)로 만든 세상, 미니랜드 미국(Miniland USA)
스타워즈(Star Wars) 6편 에피소드의 주요 장면들을 레고(LEGO)로 만나다! 레고랜드 스타워즈미니랜드
샌디에고씨월드(San Diego Seaworld)
:
샌디에고 씨월드(Seaworld)의 하이라이트 - 범고래(Killer Whale) 샤무쇼(Shamu Show) ""Believe""
샌디에고 씨월드 하루동안 알차게 둘러보기: 샤무쇼, 물개쇼, 펫쇼 및 다른 동물들과 전시장들 구경
샌디에고 씨월드(Seaworld)를 즐기는 또 다른 방법, 3개의 아쿠아리움(Aquarium) 수족관을 둘러보자!
한여름밤의 시원한 락콘서트~ 씨월드(Seaworld)의 야간 샤무쇼, 샤무락스(Shamu Rocks)와 불꽃놀이
유니버셜스튜디오(Universal Studio)
:
연간회원권으로 유니버셜스튜디오에 소풍 가기
,
'꿈의 공장' 견학 - 유니버셜스튜디오헐리우드 STUDIO TOUR
세계 최대의 3D 어트랙션인 LA 유니버셜스튜디오 헐리우드의 킹콩360 (King Kong 360 3-D) 체험
LA 유니버셜스튜디오 헐리우드(Universal Studios Hollywood)의 '넘버3'는 과연 어떤 놀이기구일까?
﻿
트랜스포머 라이드3D (Transformers: The Ride 3D) - LA 유니버셜스튜디오의 최신 어트랙션을 타다!
영화는 잊혀져도 쇼는 계속된다~ LA 유니버셜스튜디오헐리우드의 수상공연, 워터월드(Waterworld)
LA 유니버셜스튜디오 헐리우드의 VIP 익스피리언스(VIP Experience) 체험기 1편, 스튜디오 워킹투어
유니버셜스튜디오 VIP투어 2편, 전용식당에서 뷔페 점심과 Despicable Me Minion Mayhem 라이드
VIP투어 3편, LA 유니버셜스튜디오 헐리우드에서 꼭 봐야하는 수상쇼인 워터월드(WaterWorld) 관람
6년만에 가족이 함께 다시 찾은 미국 LA 유니버셜스튜디오 헐리우드(Universal Studios Hollywood)
​
쥬라직월드 라이드(Jurassic World: The Ride), LA 유니버셜스튜디오의 업그레이드된 공룡 어트랙션
할로윈 호러나이트(Halloween Horror Nights), LA 유니버셜스튜디오 헐리우드에서 즐기는 공포체험
﻿유니버셜올랜도(Universal Orlando)
:
유니버셜 올랜도 리조트의 아일랜드오브어드벤쳐(Islands of Adventure)
해리포터의 마법세계로의 초대, 그리고 해리포터 라이드! Harry Potter and Forbidden Journey
﻿
캘리포니아어드벤쳐(California Adventure)
:
연간회원권으로 캘리포니아어드벤쳐에 소풍 가기
,
픽사 애니메이션 주인공들과 만나다! - Pixar Play Parade
대규모 업그레이드가 진행중인 캘리포니아어드벤쳐(California Adventure)에서 꼭 해봐야 하는 것들
디즈니랜드에 불꽃놀이가 있다면, 캘리포니아어드벤쳐에는 월드오브칼라(World of Color)가 있다!
캘리포니아 어드벤쳐의 새로운 명물! 카스랜드 라디에이터 스프링스 레이서(Radiator Springs Racers)
디즈니랜드의 놀이기구들이 시시하다면? 바로 맞은편의 캘리포니아어드벤쳐(California Adventure)로!
애니메이션 <Cars>의 만화속 마을이 그대로! 캘리포니아어드벤쳐에 새로 문을 연 카스랜드(Carsland)
최신 애니메이션 캐릭터들이 총출동! 캘리포니아 어드벤쳐의 픽사플레이 퍼래이드(Pixar Play Parade)
​
뮤지컬로 만나는 겨울왕국, 캘리포니아어드벤쳐 하이페리온 극장의 '프로즌(Frozen)' 세계최초 공연
﻿
----- 산으로 바닷가로 -----
​
게티뷰(Getty View) 공원
:
게티센터를 가장 잘 볼 수 있는 벨에어(Bel Air)의 게티뷰파크(Getty View Park) 하이킹
고블린밸리(Goblin Valley) 주립공원
:
붉은 도깨비 바위들이 가득한 유타 주의 고블린밸리 주립공원을 잊지 않고 찾아가다~
구스넥(Goosenecks) 주립공원
:
포레스트검프(Forrest Gump) 도로, 멕시칸헷(Mexican Hat) 바위, 구스넥 주립공원
글래스비치(Glass Beach)
:
캘리포니아 1번 도로의 북쪽 끝과 로스트코스트(Lost Coast), 포트브래그의 글래스비치
나이아가라폭포(Niagara Fills)
: [2011.04]
4월말의 나이아가라 폭포는 아직도 한겨울! 캐나다쪽 전망대와 호텔객실에서 본 풍경
미국쪽 나이아가라폭포(Niagara Falls) 주립공원의 고트섬(Goat Island)과 전망대에서 바라본 풍경들
​               [2019.08]
캐나다쪽 나이아가라 폭포 보트투어인 혼블로워 나이아가라 크루즈(Hornblower Niagara Cruises)
호스슈폴(Horseshoe Falls) 뒤쪽을 볼 수 있는 캐나다 저니비하인드폴(Journey Behind the Falls) 투어
'바람의 동굴' 케이브오브더윈드(Cave of the Winds) 투어와 미국쪽 나이아가라 폭포 포인트들 구경
노호키폭포(Nojoqui Falls)
:
미국/캐나다 서부 30일 캠핑여행의 마지막 방문지였던 노호키폭포, 그리고 여행의 끝...
​
뉴포트비치(Newport Beach)
:
노동절 연휴의 1박2일 리조트 여행? 하얏트리젠시(Hyatt Regency) 뉴포트비치
​
뉴포트비치 항구를 감싸고 있는 발보아 반도(Balboa Peninsula)의 놀이공원과 바닷가 부두 구경
다나포인트(Dana Point)
:
LA 해안가 둘러보기 2 - 라구나비치, 다나포인트
델마(Del Mar)
:
일몰이 정말 아름다웠던 샌디에고 해변
라구나비치(Laguna Beach)
:
일요일 오후의 느지막한 바닷가 드라이브, 라구나비치(Laguna Beach)
오렌지카운티 라구나비치(Laguna Beach)의 해적탑(Pirate Tower) 소개와 다나포인트(Dana Point)
랭카스터(Lancaster)
:
캘리포니아 야생화1 - 앤틸롭밸리(Antelope Valley)의 양귀비꽃(Poppy)
캘리포니아 야생화2 - 새들백뷰트(Saddleback Butte)의 골드필드(Goldfield)
﻿러닝스프링스(Running Springs)
:
모처럼의 제대로 된 눈구경과 눈썰매를 즐긴 러닝스프링스 산장으로 1박2일 여행
레돈도비치(Redondo Beach)
:
무면허 낚시장소와 한국식 횟집이 있어서 유명한 레돈도비치피어
﻿
레드락캐년(Red Rock Canyon)
:
레드락캐년 국립보존지구(Red Rock Canyon National Conservation Area)
라스베가스를 보는 또 다른 방법, 레드락캐년(Red Rock Canyon)의 칼리코탱크(Calico Tanks) 트레일
레드락캐년(Red Rock Canyon)
주립공원
:
레드락캐년 주립공원으로 시작한 유니투어 홍사장님과 캘리포니아 오지탐험 여행
레오까리요(Leo Carrillo) 주립공원
:
니콜라스플랫(Nicholas Flat) 자연보호구역에서 레오까리요 주립공원까지 왕복 하이킹
레이크사브리나(Lake Sabrina)
:
아스펜 나무의 노란 가을단풍으로 유명한 호수인 레이크 사브리나의... 여름 풍경 T_T
레이크타호(Lake Tahoe)
:
레이크타호에서 딱 한 곳만 봐야한다면 바로 여기, 에머랄드베이(Emerald Bay) 주립공원
루비콘(Rubicon) 트레일과 레스터(Lester) 비치가 유명한 레이크타호의 블리스(D. L. Bliss) 주립공원
레이크헤밋(Lake Hemet)
:
여섯 가족이 함께 떠난 메모리얼데이 연휴 2박3일 여행, 레이크 헤밋에서의 낚시와 캠핑
레이크 헤밋(Lake Hemet) 단체 캠핑여행 두번째 이야기, 보트타기와 다양한 캠핑요리를 즐겨보자~
록키피크(Rocky Peak)
:
벤츄라카운티와 LA카운티의 경계점이 되는 산타수사나(Santa Susana) 산맥의 록키피크(Rocky Peak)
론파인(Lone Pine)
:
이스턴시에라(Eastern Sierra) 로드트립의 시작은 395번국도 론파인(Lone Pine)의 비지터센터에서
﻿
5년만의 가족 캠핑여행이었던 휘트니산(Mount Whitney) 입구의 론파인(Lone Pine) 캠핑장에서의 1박
하이시에라(High Sierra)의 절경을 가족과 함께! 휘트니 등산로를 따라서 론파인(Lone Pine) 호수까지
롱비치(Long Beach)
:
파스텔톤의 건물들이 아름다운 롱비치(Long Beach)의 명소, 쇼어라인빌리지(Shoreline Village)
롱비치 쇼어라인빌리지(Shoreline Village)와 샌페드로 포츠오콜빌리지(Ports O'Call Village) 풍경들
마리나델레이(Marina Del Ray)
:
LA 해안가 둘러보기 3 - 마리나델레이, 베니스비치
마샬포인트 등대(Marshall Point Lighthouse)
:
영화에 나와서 유명해진 메인(Maine) 주 등대인 마샬포인트 라이트하우스
마운트루켄스(Mount Lukens)
:
로스앤젤레스 시(City of Los Angeles)에서 가장 높은 곳인 마운트루켄스(Mt Lukens) 루프트레일 등산
마운트샤스타(Mount Shasta)
:
캐스케이드 산맥(Cascade Range)에서 두번째로 높은 4,322 m의 마운트샤스타(Mount Shasta) 화산
마운트아이슬립(Mount Islip)
:
LA 북쪽의 샌가브리엘 산맥(San Gabriel Mountains) 깊숙히 자리잡은 아이슬립 산(Mount Islip)
마운트에반스(Mount Evans)
:
북미대륙에서 일반 자동차로 올라갈 수 있는 가장 높은 곳, 마운트 에반스(Mount Evans Scenic Byway)
해발 4,310 m의 마운트에반스(Mount Evans) 정상을 구경하고, 마지막 숙소인 덴버 다운타운 호텔로~
​          마운트윌슨(Mount Wilson)
​:
마운트윌슨 루프트레일(Mt. Wilson Loop Trail), 챈트리플랫에서 윌슨산 정상까지 등산!
​
LA에서 가장 멋진 스터트반트(Sturtevant) 폭포를 볼 수 있는 산타아니타(Santa Anita) 캐년 하이킹
마운트피노스(Mount Pinos)
​:
로스파드레스(Los Padres) 국유림의 마운트피노스(Mt. Pinos) 입구에서 눈썰매 타고 눈사람 만들기
​
마운트헐리우드(Mt. Hollywood)
:
'LA의 남산공원'이라고 할 수 있는 그리피스파크(Griffith Park)의 마운트헐리우드 등산
​
2018년 새해 일출은 헐리우드 산(Mt. Hollywood)에서, 그리고 찾아간 캐씨스 코너(Cathy's Corner)
마운틴볼디(Mt Baldy)
:
LA 뒷산의 높이는 얼마?
,
""흰눈 사이로 썰매를 타고~"" - LA의 화이트 크리스마스
등산객 절반은 한국사람이었던 LA 뒷산 마운틴볼디의 아이스하우스캐년(Ice House Canyon) 트레일
친구들과 신나는 튜빙(tubing) 눈썰매! LA에서 1시간 거리에 있는 마운트볼디(Mt. Baldy) 스키장에서
﻿
​
해발 2,500 미터의 볼디보울(Baldy Bowl) 아래에서 올겨울 처음이자 마지막으로 눈구경을 하다.
""내가 휘트니에 올라갈 수 있을까?"" 마지막 훈련으로 등산한 마운트볼디(Mt. Baldy) 정상에서~
마운틴하이(Mountain High)
:
2011년 새해 첫날에 LA 뒷산에 있는 마운틴하이 스키장에 눈썰매를 타러 갔는데...
말리부비치(Malibu Beach)
:
LA 해안가 둘러보기 4 -
말리부
﻿
﻿
﻿
﻿
LA 말리부(Malibu) 지역의 아름다운 바닷가들... 엘마타도르(El Matador)와 주마(Zuma) 비치
캘리포니아 서퍼(surfer)들의 천국, 파도타기 전용 해변으로 유명한 말리부(Maibu)의 Surfrider Beach
LA의 말리부 바닷가에 있는 유명한 레스토랑, 파라다이스코브 비치카페(Paradise Cove Beach Cafe)
아이언맨 토니스타크의 말리부 대저택이 있던 장소인 포인트듐(Point Dume) 절벽에서 바라본 일출
말리부 에스콘디도 폭포(Escondido Falls), 바닷가에서 시작해 숨겨진 폭포를 찾아가는 짧은 트레일
말리부크릭(Malibu Creek) 주립공원
:
말리부크릭 주립공원에서 아메리칸스타일 바베큐 점심과 락풀(Rock Pool) 트레일
말리부크릭(Malibu Creek) 주립공원의 이얼링 트레일로 미국드라마 매시(M*A*S*H) 촬영장소 구경
맘모스레이크(Mammoth Lake)
:
지금까지 가장 높은 곳에서의 캠핑~ 맘모스레이크의 트윈레이크 캠핑장과 맘모스 스키장
﻿
맥클라우드 폭포(McCloud Falls)
:
볼캐닉레거시 시닉바이웨이(Volcanic Legacy Scenic Byway)에 있는 맥클라우드 폭포
​
맨하탄비치(Manhattan Beach)
:
파란색 형광으로 빛나는 파도, bioluminescent waves를 찾아간 맨하탄비치 바닷가
멘도시노헤드랜즈(Mendocino Headlands)
:
캘리포니아 멘도시노 헤드랜즈 주립공원과 포인트아레나(Point Arena) 등대
모노레이크(Mono Lake)
:
돌이 자라는 신비한 호수 - 모노레이크 (Mono Lake)
﻿
﻿
﻿
물속에서 돌이 자라 올라오는 미스터리의 호수, 모노레이크(Mono Lake)를 4년만에 다시 방문하다
모뉴먼트밸리(Monument Valley)
:
붉은 흙먼지의 성스러운 땅, 나바호인디언 자치구역의 모뉴먼트밸리를 찾아가는 길
모뉴먼트밸리, 그 거대함과 신비함 앞에 서다! 와일드캣(Wildcat) 트레일과 황홀한 보랏빛의 석양
모뉴먼트밸리의 비포장도로를 직접 자동차로 돌아볼 수 있는 밸리루프드라이브(Valley Loop Drive)
뷰호텔(The View Hotel) 객실에서 즐긴 모뉴먼트밸리의 일출 및 비지터센터와 그 주변 둘러보기
모로베이(Morro Bay)
:
캘리포니아 1번 해안도로 드라이브의 시작을 알리는 이정표인 모로락(Morro Rock)이 있는 모로베이
몬로비아캐년(Monrovia Canyon)
:
멋진 폭포와 훌륭한 자연학습장이 있는 몬로비아캐년 시립공원으로의 가족산행
몬타나데오로(Montana de Oro) 주립공원
:
모로베이 남쪽에 절벽으로 둘러쌓인 바닷가, 몬타나데오로 주립공원
미티어크레이터(Meteor Crater)
:
운석이 만든 거대한 분화구, 아리조나 플래그스태프 인근에 있는 Meteor Crater
​
바스케즈 락(Vasquez Rocks)
:
스타트렉과 많은 영화 촬영장소로 사용된 바위가 있는 바스케즈 락 LA카운티 공원
밸리오브파이어
(Valley of Fire State Park)
:
불의 계곡 - 라스베가스에서 1시간 거리인 네바다주 최초의 주립공원
밸리웰스(Valley Wells) 휴게소
:
미국서부 고속도로의 휴게소 모습, LA에서 라스베가스 가는 프리웨이에 있는 밸리웰스﻿
버니 폭포(Burney Falls)
:
루즈벨트가 '세계 8번째 불가사의'라 불렀다는 맥아더-버니폴 주립기념공원의 버니 폭포
​
버두고산맥(Verdugo Mountains)
:
글렌데일, 버뱅크, 라크레센타로 둘러싸인 버두고 산맥의 통바피크(Tongva Peak) 등산
​
버뱅크 버두고 산맥의 스터프캐년(Stough Canon) 올드유스캠프(Old Youth Camp) 루프트레일 등산
버뱅크 와일드우드캐년 공원의 바이탈링크(Vital Link) 트레일로 버두고피크(Verdugo Peak) 하이킹
​
버뱅크피크(Burbank Peak)
:
트리오브라이프 트레일, '지혜의 나무' 일출과 워너브라더스 스튜디오 구경(?)
버팔로빌댐(Buffalo Bill Dam)
:
미국 서부시대의 전설적 인물인 ""Buffalo Bill"" Cody의 이름을 딴 와이오밍주 코디 마을의 버팔로빌 댐
베니스비치(Venice Beach)
:
넓고 깨끗한 백사장과 흥미진진한 바닷가 거리가 있는 젊음의 해변
한여름 어느날의 오후~ 젊음의 베니스비치(Venice Beach)와 인텔리젠시아커피(Intelligentsia Coffee)
볼링볼비치(Bowling Ball Beach)
:
바닷가에 볼링공들이 가득한(?) 볼링볼비치와 솔트포인트(Salt Point) 주립공원
빅베어호수(Big Bear Lake)
:
LA 인근 최고의 사계절 휴양지 - 빅베어 (Big Bear)
빅베이슨 레드우드(Big Basin Redwoods) 주립공원
:
산호세 남서쪽 빅베이슨 레드우드 주립공원에서 만난 '숲의 아빠와 엄마'
산타모니카(Santa Monica)
:
Third Street Promenade의 거리공연, Pier의 풍경과 해안가에서 보는 일몰
파더스데이 저녁을 산타모니카 피어(Santa Monica Pier)의 부바검프쉬림프(Bubba Gump Shrimp)에서
﻿
﻿
﻿
산타모니카 컬리지 윈드앙상블(Santa Monica College Wind Ensemble) 연주회 @ The Broad Stage
말리부 애덤슨하우스(Adamson House) 구경과 산타모니카 피어의 부바검프(Bubba Gump) 식당
​          샌가브리엘(San Gabriel)
​:
LA 뒷산에서 PCT 맛보기, 샌가브리엘 산맥의 마운트 베이든파웰(Mt Baden-Powell)
​
Bridge to Nowhere - 도로도 없는 깊은 산속에 생뚱맞게 등장하는 거대한 콘크리트 아치의 다리!
​
데블스펀치볼(Devil's Punchbowl) LA카운티 공원의 데블스체어 트레일(Devil's Chair Trail) 하이킹
'딸기봉' 스트로베리 피크(Strawberry Peak) 왕복 4시간 산행으로 다시 '몸만들기(?)'를 시작해보자~
블랙프라이데이 1+1 쇼핑...이 아니라 등산, 샌가브리엘봉(San Gabriel Peak)과 로우산(Mount Lowe)
​
깊은 산 속 옹달샘, 샌가브리엘(San Gabriel) 산맥의 유일한 자연호수인 크리스탈레이크(Crystal Lake)
LA의 가장 아름다운 폭포를 만날 수 있었던 터헝가캐년의 트레일캐년 폭포(Trail Canyon Falls) 하이킹
샌시메온(San Simeon)
:
30일 미국서부 자동차 캠핑여행의 마지막 밤, 샌시메온의 바다코끼리들과 바닷가의 일몰
바다코끼리(Elephant Seal)를 볼 수 있는 샌시메온의 포인트 피에드라 블랑카(Point Piedras Blancas)
샌페드로(San Pedro)
:
자갈치시장처럼 시끌벅적했던 샌페드로(San Pedro)의 명물, 포츠오콜빌리지(Ports O'Call Village)
미국 로스앤젤레스 항구의 다양한 풍경들을 볼 수 있었던 샌페드로 하버크루즈(Harbor Cruise)
샌페드로 항구의 S.S. 레인빅토리(Lane Victory)호에서 열린 6.25 한국전쟁 기념식에서의 선상연주회
LA의 땅끝마을 샌페드로의 포인트페르민 등대(Point Fermin Lighthouse)와 화이트포인트(White Point)
시미힐스(Simi Hills)
:
딸아이와 함께 시미힐스에 있는 무닛의 동굴(Cave of Munits)과 캐슬피크(Castle Peak) 루프트레일
LA시 북서쪽 끝의 챗스워스(Chatsworth)에 있는 스토니포인트 공원(Stoney Point Park) 하이킹
산타수사나패스 주립역사공원(Santa Susana Pass State Historic Park)의 Devil's Slide라 불린 마찻길
시미힐스 산맥에서 제일 높은 시미피크(Simi Peak)와 무슨 사연이 있는 것 같은 코바아치(CoBa Arch)
LA에서 로켓엔진 개발과 원자로 야외실험을 했던 산타수사나 필드랩(Santa Susana Field Laboratory)
실비치(Seal Beach)
:
코로나 백신 접종을 LA 롱비치에서 하고, 옆동네 오렌지카운티 실비치(Seal Beach) 바닷가 구경
안자보레고사막주립공원(Anza-Borrego Desert State Park)
:
캠핑여행기 1
,
캠핑여행기 2
알라바마힐스(Alabama Hills)
:
론파인 휘트니산 아래 알라바마힐스의 신기한 아치와 재미있는 페이스락(Face Rock)
애로우헤드호수(Lake Arrowhead)
:
하늘도 물도 파란 산정호수 - 애로우헤드(Arrowhead)
앤텔롭캐년(Antelope Canyon)
:
세계의 비경중의 한 곳으로 유명한 아리조나 페이지의 Lower Antelope Canyon
﻿
﻿
어퍼앤틸롭캐년(Upper Antelope Canyon), 계절과 시간과 날씨를 잘 맞춰서 투어를 해야하는 곳
​
앤틸롭밸리(Antelope Valley)
:
캘리포니아 야생화1 - 앤틸롭밸리(Antelope Valley)의 양귀비꽃(Poppy)
슈퍼블룸(Super Bloom)을 찾아서~ 앤틸롭밸리의 캘리포니아파피(California Poppy)
앤틸롭밸리 파피꽃 보호구역(Antelope Valley California Poppy Reserve) 주립공원의 완벽한 슈퍼블룸!
​
앤틸롭밸리 파피꽃 '드라이브쓰루' 구경과 깊은 산속 파인마운틴클럽(Pine Mountain Club) 마을 방문
엘캐피탄(El Capitan) 주립공원
:
LA 인근 최고의 바닷가 캠핑장의 하나인 엘캐피탄 스테이트비치(El Capitan State Beach)
오레곤코스트(Oregon Coast)
:
미국에서 죽기전에 꼭 한번쯤은 달려봐야 한다는 해안도로인 오레곤코스트 드라이브
101번 국도를 따라 달리는 오레곤코스트(Oregon Coast) 드라이브의 시작 에콜라주립공원(Ecola State Park)
오레곤코스트의 상징인 캐논비치의 노적봉(露積峯), 헤이스택락(Haystack Rock)
오레곤코스트의 일몰을 즐긴 백사장 옆의 캠핑장과 악마의 목구멍(Devils Churn)을 지나서 남쪽으로
등대로 유명한 오레곤코스트에서도 가장 아름다운 헤세타헤드라이트하우스(Heceta Head Lighthouse)
오레곤듄 국립휴양지의 샌드보드와 엘크(Elk)를 보고 다이아몬드레이크 캠핑장으로
﻿
﻿
윌로저스(Will Rogers) 주립역사공원
:
LA 유일의 폴로경기장이 남아있는 윌로저스 주립역사공원에서의 숯불갈비 바베큐
윌로저스 주립역사공원 좌우의 리바스캐년(Rivas Canyon)과 러스틱캐년(Rustic Canyon) 루프트레일
이튼캐년(Eaton Canyon)
:
LA 코리아타운에서 30분 거리에 있는 샌버나디노 산맥의 이튼캐년 폭포 하이킹
﻿
쥰레이크(June Lake)
:
6월의 쥰레이크(June Lake) - 에머랄드빛 물색깔을 보며 캐나다 록키로 돌아간 듯한 착각에 빠지다!
치노힐스
(Chino Hills)
주립공원
:
샌버나디노카운티 치노힐스 주립공원의 노란 겨자꽃 야생화 언덕 번개투어
카탈리나섬(Catalina Island)
:
LA 앞바다에서 지중해 휴양지 여행의 분위기를 느낄 수 있는 카탈리나 섬의 아발론 항구
캐슬크랙(Castle Crags) 주립공원
:
캘리포니아 레딩(Redding) 북쪽의 캐슬크랙스 주립공원과 헤지크릭(Hedge Creek) 폭포
캘리포니아 1번도로
(California State Route 1)
:
미국 최고의 바닷가 드라이브코스를 달리다.
맥웨이 폭포(McWay Falls) - 쥴리아파이퍼번스 주립공원에 있는 캘리포니아 1번도로 최고의 비경!
﻿
커스터(Custer) 주립공원
:
버팔로 무리를 볼 수 있는 커스터(Custer) 주립공원의 와일드라이프 루프로드(Wildlife Loop Road)
낙타도 통과할 수 있는 바늘구멍이 있다?! 커스터 주립공원의 니들스아이 터널(Needles Eye Tunnel)
검은색 '대성당의 첨탑들'로 둘러싸인 곳을 찾아서~ 캐서드랄스파이어 트레일(Cathedral Spires Trail)
﻿
코랄핑크샌드듄(Coral Pink Sand Dunes)
:
유타주 코랄핑크샌드듄 주립공원, 콜로라도 고원에 있는 산호색의 모래언덕!
​
쿠카몽가 피크(Cucamonga Peak)
:
뿌리칠 수 없는 식스팩의 유혹! 샌버나디노 국유림에 속한 쿠카몽가 피크 등산
쿠퍼캐년(Cooper Canyon)
:
산길만 1시간 이상 운전해서 찾아갔지만, 폭포는 보지도 못했던 쿠퍼캐년 하이킹
﻿
﻿
키웨스트(Key West)
:
플로리다 남단 '바다 위 고속도로' - 오버씨하이웨이(Overseas Highway)를 달려 키웨스트로 가는 길
범선이 떠있는 멋진 낙조의 풍경 - 플로리다 키웨스트(Key West) 멀로리광장(Mallory Square)의 일몰
하얏트 키웨스트 호텔(Hyatt Key West Resort and Spa)에서 맞이한 미국 남쪽 땅끝마을의 아침~
""고양이를 부탁해~"" 플로리다 키웨스트, 헤밍웨이의 집(The Ernest Hemingway Home & Museum)
듀발스트리트(Duval St)를 따라 미본토 최남단(Southernmost Point)까지, 그리고 다시 멀로리광장으로
﻿
​
토리파인스(Torrey Pines)
:
골프장 이름으로 더 유명한 샌디에고 토리파인스 주립보호구역(Torrey Pines State Reserve)
​
토팡가주립공원(Topanga State Park)
:
산타이네즈(Santa Ynez) 폭포를 찾아간 모처럼의 주말 하이킹 등산
﻿
태평양을 내려다보는 능선의 등산코스가 일품인 테메스칼캐년(Temescal Canyon) 하이킹
﻿
크리스마스 이브의 멋진 산행, 토팡가(Topanga) 주립공원의 랜드마크인 이글락(Eagle Rock) 하이킹
집에서 30분 거리인 토팡가(Topanga) 주립공원 이글락(Eagle Rock)을 오른 크리스마스 단체 하이킹
산타모니카 바닷가가 가까이 내려다보이는 토팡가 주립공원의 로스라이오니스(Los Liones) 트레일
​
지혜와 함께 새벽등산을~ 토팡가 주립공원 테메스칼캐년(Temescal Canyon)의 스컬락(Skull Rock)
토팡가(Topanga) 주립공원의 캐서드랄락(Cathedral Rocks)과 테메스칼피크(Temescal Peak) 하이킹
탑오브토팡가(Top of Topanga) 전망대에서 일출을 보고 서밋밸리(Summit Valley) 공원까지 하이킹
옆동네 타자나(Tarzana)의 코빈캐년 공원(Corbin Canyon Park)과 바날덴 동굴(Vanalden Cave) 탐험
트로나 피너클스(Trona Pinnacles)
:
스타트렉과 혹성탈출 영화가 촬영된 데스밸리 서쪽의 트로나 피너클스 국가자연명소
파라다이스 폭포(Paradise Falls)
:
벤츄라카운티 사우전드옥스(Thousand Oaks) 와일드우드 지역공원의 파라다이스 폭포
파슬폴(Fossil Falls)
:
화석이 되어버린 폭포, 파슬폴을 구경하고 콜드워터 캠핑장(Coldwater Campground)으로
팔로스버디스(Palos Verdes)
:
LA 해안가 둘러보기 1 - 롱비치, 팔로스베르데, 헤모사비치
LA에서 가장 아름다운 등대가 있는 팔로스버디스(Palos Verdes)의 포인트비센테(Point Vicente) 공원
팔로스버디스 '트럼프 골프장'과 마릴린라이언 선셋포인트파크(Marilyn Ryan Sunset Point Park) 일몰
﻿
​
포인트무구(Point Mugu)
:
코로나바이러스(Corona Virus), 세이퍼앳홈(Safer at Home), 그리고 포인트무구의 일몰
포인트무구(Point Mugu) 주립공원의 시카모어캐년(Sycamore Canyon)과 라호야캐년(La Jolla Canyon)
산타모니카 산맥 서쪽 끝의 추마시트레일(Chumash Trail)을 따라 무구피크(Mugu Peak) 하이킹과 끝...
포코너(Four Corners)
:
미국에서 유일하게 네 개의 주(state)가 한 점에서 만나는 곳인 '포코너(Four Corners)' 위에 서다
플라야델레이(Playa Del Rey)
:
정말 겨울같지 않았던 캘리포니아 겨울바다, LA 국제공항 바로 옆의 플라야델레이 바닷가
플라세리타캐년(Placerita Canyon)
:
양파뿌리에 매달린 금덩이, 캘리포니아 골드러시의 발상지인 플라세리타캐년 하이킹
플레이밍고지(Flaming Gorge)
:
유타주 플레이밍고지 국립휴양지 레드캐년(Red Canyon)의 붉은 협곡과 녹색의 강물
​
피라미드 호수(Pyramid Lake)
:
캘리포니아 수자원에 대해 공부할 수 있는 비스타델라고(Vista del Lago) 비지터센터
피스모비치(Pismo Beach)
:
씨월드에서 탈출한 돌고래들(?)을 볼 수 있었던 피스모비치의 안개 낀 아침 바닷가
일반 자동차로 바닷가 모래사장을 마음껏 달릴 수 있는 오세아노듄스(Oceano Dunes) 주립차량휴양지
하와이 마우이(Maui)
:
세계 최고의 섬이라는 마우이의 가장 인기있는 스노클링 명소인 호놀루아베이(Honolua Bay)
웨스트마우이 지역에서 수영하기에 가장 좋은 바닷가인 카아나팔리 비치(Kaanapali Beach)
꼭 맛봐야 하는 울루라니(Ululani) 쉐이브아이스와 거대한 반얀트리가 있는 라하이나(Lahaina)
마우이 할레아칼라 국립공원의 동쪽 끝에 있는 오헤오(Oheo) 협곡의 세븐풀(Seven Pools)
대나무숲을 지나서 만나는 마우이 최고의 환상적인 비경, 와이모쿠 폭포(Waimoku Falls)
내 생에 가장 꼬불꼬불한 자동차 드라이브, 마우이섬 '하나로 가는 길'(The Road to Hana)
태평양 한가운데 해발 3천미터의 마우이섬 할레아칼라(Haleakala) 화산 정상에서의 일출
할레아칼라(Haleakala) 국립공원 정상의 운해와 은검초(silversword), 자전거타는 사람들
마우이 남쪽의 고급 휴양지인 와일레아-마케나(Wailea-Makena) 지역의 바닷가 둘러보기
8박9일 마우이/카우아이 여행에서 가장 한가로웠던 오후, 키헤이(Kihei) 숙소에서의 휴식
마우이 이아오밸리(Iao Valley) 주립공원 '바늘산'과 케파니와이(Kepaniwai) 헤리티지가든
나칼렐레 블로우홀(Nakalele Blowhole)과 나필리 비치(Napili Beach) 그리고, 안녕 마우이!
﻿
하와이 빅아일랜드(Big Island)
:
하와이안 항공을 타고 오아후에서 빅아일랜드로~ 또 다른 하와이 여행이 시작되다
바다거북이 있는 반짝이는 까만 모래사장, 푸날루우 블랙샌드비치(Punalu'u Black Sand Beach)
﻿
빅아일랜드 동쪽의 '비의 도시'라는 힐로(Hilo)에 있는 레인보우 폭포(Rainbow Falls) 주립공원
깊은 열대우림에 있는 하와이 최고의 폭포! 빅아일랜드 동쪽의 아카카(Akaka) 폭포 주립공원
﻿
금단의 성스러운 땅인 와이피오 밸리(Waipio Valley) 전망대 풍경과 야외 결혼식의 참석자들
﻿
빅아일랜드 케아우호우(Keauhou) 비치의 아웃리거(Outrigger) 리조트 호텔에서의 달콤한 휴식
﻿
바다거북과 키스하다가 물고기밥이 될 뻔 했던 카할루우(Kahaluu) 비치파크에서의 스노클링
백두산보다 높은 곳에서 본 운해로 떨어지는 일몰~ 마우나케아 천문대 오니즈카 비지터센터
옛날 하와이섬에 살았던 원주민의 생활상을 볼 수 있는 푸우호누아(Puuhonua) 국립역사공원
케카하카이(Kekaha Kai) 주립공원 바닷가의 일몰과 코나 국제공항... 2011년 하와이 여행의 끝
﻿
하와이 오아후(Oahu)
:
중국인모자(Chinaman's Hat) 섬이 보이는 오아후 북동쪽 바닷가의 쿠알로아(Kualoa) 공원
﻿
오아후섬 쿠알로아랜치(Kualoa Ranch)의 별볼일 없었던 정글탐험(Jungle Expedition) 투어
﻿
라이에(La'ie) 포인트의 바다 아치를 구경하고 점심은 유명한 지오반니(Giovanni's) 새우트럭에서
﻿
오아후섬에서 바다거북을 보는 해안으로 유명한 라니아케아 터틀비치(Laniakea Turtle Beach)
﻿
오아후섬 최고의 스노클링 장소로 아주 인기있는 하나우마베이(Hanauma Bay) 자연보호구역
﻿
가장 멋진 바닷가 드라이브코스였던 마카푸우(Makapu'u) 포인트를 지나 카일루아로 가는 길
﻿
'천국의 바다' 라니카이(Lanikai) 비치, 주택가에 조용히 숨어있던 에머랄드 빛깔의 지상낙원!
﻿
일명 '바람산'이라고 알려진 팔리 전망대(Nu'uanu Pali Lookout)와 오아후섬에서의 마지막 밤
﻿
하와이 카우아이(Kauai)
:
카우아이 관광의 시작은 섬 남쪽에 있는 카우아이커피컴퍼니(Kauai Coffee Company)에서
바닷물을 내뿜는 스파우팅혼(Spouting Horn)과 새비지쉬림프(Savage Shrimp)의 새우요리
카우아이 섬 남쪽의 포이푸비치(Poipu Beach)와 올드콜로아타운(Old Koloa Town) 구경
'태평양의 그랜드캐년'이라는 카우아이 섬의 와이메아캐년(Waimea Canyon) 주립공원
코케에(Koke'e) 주립공원의 전망대에서 내려다 본 나팔리 코스트(Na Pali Coast)의 절경
카우아이 와이메아캐년(Waimea Canyon) 주립공원 와이포오폭포(Waipo'o Falls) 트레일
자동차를 몰고 들어갈 수 있는 카우아이 최대의 백사장, 폴리할레 비치(Polihale Beach)
킬라우에아(Kilauea) 포인트 등대와 퀸스배스(Queens Bath)가 있는 카우아이 북쪽 해안
1년 동안 정들었던 튜브를 떠나보낸 카우아이섬의 하날레이 베이(Hanalei Bay) 바닷가
나팔리코스트(Na Pali Coast)의 끝자락! 하에나 주립공원 칼랄라우 트레일(Kalalau Trail)
카파아(Kapa'a) 숙소를 떠나 오파에카아(Opaeka'a) 폭포와 와일루아(Wailua) 폭포 구경
카우아이(Kauai) 섬에서 마지막으로 돌아다닌 곳들... 언제 다시 하와이를 갈 수 있을까?
헌팅턴비치(Huntington Beach)
:
오렌지카운티 헌팅턴비치의 백사장에서 캠프파이어를 하면서 바라보는 일몰
​
헐리우드사인(Hollywood Sign)
:
LA의 상징, 헐리우드 사인이 있는 마운트리(Mt. Lee)로 2016년 새해맞이 신년산행
헐리우드 사인(Hollywood Sign) 아침 등산, 주차가 편리한 브러시캐년 트레일(Brush Canyon Trail)
화이트마운틴(White Mountain)
:
세상에서 가장 오래된 나무가 살고있는 에인션트 브리슬콘파인(Bristlecone Pine) 숲
﻿
홈볼트레드우즈(Humboldt Redwoods)
:
'거인의 길'을 달려 홈볼트레드우즈 주립공원의 파운더스그로브(Founders Grove)
----- 전시관과 공연장 -----
﻿
게티빌라(The Getty Villa)
:
LA 말리부 해안에 로마 저택을 재현한 박물관
고대 그리스, 로마 및 에트루리아 유물을 모아놓은 박물관, 말리부에 있는 게티빌라(The Getty Villa)
​
게티빌라는 지금 재단장을 하는 중~ 오래간만에 부모님과 함께 다시 찾은 게티빌라(Getty Villa)
게티센터(Getty Center)
:
게티센터 & 산타모니카
,
LA 관광의 필수 방문코스 - 건물과 정원이 모두 그대로 예술품인 곳!
노란 이탈리아 대리석과 파란 캘리포니아 하늘의 만남, LA 게티박물관(Getty Museum)의 건축과 조경
미국 로스앤젤레스 추천 관광지 부동의 1위인 게티센터(Getty Center)에서 작품사진을 찍어보자~
​
게티와 사랑에 빠지신 어머님! 게티센터 '폴게티의 인생과 유산(J. Paul Getty Life and Legacy)'
국립문서보관소(National Archives)
:
미국의 독립선언서, 헌법, 권리장전 등이 전시되어 있는 국립 문서보관소 박물관
국립
미국사박물관(National Museum of American History)
:
미국의 모든 역사가 한자리에 있는 스미소니언 국립 미국사박물관
국립미술관(National Gallery of Art)
:
워싱턴DC 국립미술관 서관(West Building)에서 구경한 유명한 작품들 소개
멀티버스(Multiverse)를 통해 국립미술관 동관(National Gallery of Art - East Building) 현대미술 관람
지난 3월 가족의 워싱턴 나들이에 구경한 국립미술관 조각정원(Sculpture Garden)의 현대조각 작품들
국립아시아미술관(National Museum of Asian Art)
:
피콕룸(Peacock Room)이 유명한 국립 아시아 미술관의 프리어 갤러리
미국 국립아시아미술관(National Museum of Asian Art)의 새클러 갤러리(Arthur M. Sackler Gallery)
국립아프리카미술관(National Museum of African Art)
:
와칸다(Wakanda)의 유물을 찾아 돌아다녔던 국립 아프리카 미술관
국립인디언박물관(National Museum of the American Indian)
:
내셔널몰에서 가장 한적한 건물이었던
국립 인디언 박물관
국립자연사박물관(National Museum of Natural History)
:
호프 다이아몬드가 전시되어 있는 워싱턴DC 스미소니언 국립 자연사박물관
국립초상화미술관(National Portrait Gallery)
:
한 지붕 두 미술관 1편, 국립 초상화 미술관과 중앙정원(Kogod Courtyard)
국립흑인역사문화관(NMAAHC)
:
가장 최신의 스미소니언 박물관으로 2016년에 개장한 워싱턴DC 내셔널몰의 국립 흑인역사문화관
그리피스천문대(Griffith Observatory)
:
전세계 가장 많은 사람이 찾는 그리피스천문대(Griffith Observatory)
로스앤젤레스만의 독특한 야경을 볼 수 있는 최고의 장소, 그리피스 천문대(Griffith Observatory)
제임스딘(James Dean)의 영화 <이유없는 반항>의 촬영장소였던 그리피스천문대(Griffith Observatory)
왕보름달! 슈퍼문(Super Full Moon)을 부모님과 함께 그리피스천문대에 올라 LA야경과 함께 보다~
네더컷 컬렉션(Nethercutt Collection)
:
네더컷 박물관 - 세계 최고의 클래식자동차 수집품들을 공짜로 볼 수 있는 곳
네더컷 컬렉션(Nethercutt Collection) 투어의 클래식 자동차와 자동연주악기 등의 놀라운 수집품들
노턴사이먼미술관(Norton Simon Museum)
:
여러 시대의 명화를 볼 수 있는 노턴사이먼 미술관
데스칸소가든(Descanso Gardens)
:
수채화같은 풍경의 세계 최대 동백꽃 정원
일년내내 다양한 꽃들을 볼 수 있는 정원, 라카나다(La Canada)의 데스칸소가든(Descanso Gardens)
도로시챈들러(Dorothy Chandler) 극장
:
1불짜리 입장권으로 플라시도도밍고를 만난(?) LA오페라 오픈하우스
﻿
레이건라이브러리(Reagan Library)
:
영화배우와 주지사를 거쳐 미국의 40대 대통령, 그리고 대통령 전용기 에어포스원
레이건 기념관 2 - 현재의 미국인들에게 가장 인기있는 역대 대통령인 로널드레이건(Ronald Reagan)
렌윅갤러리(Renwick Gallery)
:
작지만 재미있는 볼거리가 많은 공예품 전용 미국 미술관인 스미소니언 렌윅갤러리
모카(MOCA)
:
로스앤젤레스 다운타운에 있는 LA 현대 미술관, 모카(MOCA, The Museum of Contemporary Art)
​
​
브로드(The  Broad)
:
현대미술관 더브로드, 2015년 9월에 문을 연 미국 로스앤젤레스 다운타운의 새로운 명소!
​
산호세 아트센터(San Jose Center for the Performing Arts)
:
캘리포니아 올스테이트 하이스쿨 심포닉밴드 공연
​
세리토스 도서관(Cerritos Library)
:
수족관과 어린이 도서관 내부가 유명해서 관광지로도 손색이 없는 세리토스 도서관
스미소니언 미국 미술관(Smithsonian American Art Museum)
:
한 지붕 두 미술관 2편, 스미소니언 미국 미술관의 전시 작품들
스미소니언 캐슬(Smithsonian Castle)
:
스미소니언 재단과 박물관들의 역사를 알려주는 비지터센터인 스미소니언 캐슬
스타인벡센터(Steinbeck Center)
:
미국 소설가 존스타인벡(John Steinbeck) 기념관 살리나스에 있는 내셔널스타인벡센터
﻿
앰버서더오디토리움(Ambassador Auditorium)
:
파사데나에서 열린 콜번 오케스트라(The Colburn Orchestra) 정기연주회
﻿
엑스포지션파크(Exposition Park)
:
LA카운티 자연사 박물관(Natural History Museum)
옛 명성을 되찾아 가고있는 LA카운티 자연사박물관의 야심작인 공룡관, 다이너소어홀(Dinosaur Hall)
예술산업관
(Arts + Industries Building)
:
미국의 첫번째 '국립박물관' 건물이었던 스미소니언 아트인더스트리빌딩
오즈 박물관(OZ Museum)
:
캔사스 외딴 시골집에 사는 도로시를 만나보자~ 와미고(Wamego)에 있는 오즈뮤지엄(OZ Museum)
와일드애니멀파크(Wild Animal Park)
:
'아름다운 동물원' - 샌디에고 와일드애니멀파크(Wild Animal Park)
'샌디에고 와일드애니멀파크'에서 떠나는 아프리카 사파리여행
우드바하지센터(
Udvar-Hazy Center)
:
버지니아 덜레스 국제공항 아래의 미국 국립항공우주박물관 별관 Steven F. Udvar-Hazy Center
﻿
월트디즈니콘서트홀(Walt Disney Concert Hall)
:
월트디즈니콘서트홀 개관 10주년 기념 LA필과 욜라(YOLA)의 무료음악회
프랭크 게리(Frank Gehry)가 설계한 LA 디즈니홀(Disney Hall)의 뒷뜰 정원과 건물의 외관을 구경
​
윌슨산 천문대(Mount Wilson Observatory)
:
현대 천문학이 시작된 역사적인 곳, 미국 로스앤젤레스 윌슨산 천문대
​
임페리얼극장(Imperial Theatre)
:
뮤지컬 레미제라블(Les Miserables)을 뉴욕 브로드웨이 임페리얼 극장에서 관람
제트추진연구소(Jet Propulsion Laboratory)
:
화성탐사로봇을 직접 볼 수 있는 나사(NASA) 제트추진연구소 오픈하우스
캐롤우드반(Carolwood Barn)
:
디즈니랜드의 꿈이 무르익은 곳, 월트디즈니 캐롤우드반(Walt Disney's Carolwood Barn) 기차박물관
캐피탈원아레나(Capital One Arena)
:
캐피탈원아레나
스위트석에서 워싱턴위저즈와 LA클리퍼스의 NBA 농구경기 관람
캘리포니아사이언스센터(California Science Center)
:
우주왕복선 엔데버(Endeavour)가 전시된 캘리포니아사이언스센터
캘리포니아사이언스센터(California Science Center), 아이들과 가면 좋은 LA 최고의 과학 체험학습장
케네디우주센터(Kennedy Space Center)
:
미국 플로리다 케이프커내버럴(Cape Canaveral)에 있는 케네디스페이스센터
아폴로/새턴V 센터(Apollo Saturn V Center) 관람 - 인류최대의 로켓과 인간의 달착륙 역사의 현장
케네디스페이스센터(Kennedy Space Center)의 비지터컴플렉스와 미국 우주비행사 명예의 전당
​
콜번스쿨(The Colburn School)
:
LA 다운타운의 콜번스쿨에서 열린 클라리네티스트 김상윤 클라리넷 연주회
지혜와 쥴리의 콜번콘서트밴드(The Colburn Concert Band) 두번째 지퍼홀(Zipper Hall) 연주회
​
트래블타운(Travel Town)
:
미국 로스앤젤레스의 기차박물관인 그리피스 공원의 트래블타운 뮤지엄(Travel Town Museum)
​
팔로마 천문대(Palomar Observatory)
:
세계 최대의 천체망원경이 45년간 운영되었던 샌디에고 지역의 팔로마 천문대
팬터지극장(Pantages Theatre)
:
미국 LA 헐리우드(Hollywood)의 팬터지극장에서 본 뮤지컬 위키드(Wicked) 공연
​
뮤지컬 해밀턴(Hamilton: An American Musical)을 헐리우드 팬터지극장(Pantages Theatre)에서 관람
페이지뮤지엄(George C. Page Museum)
:
죽음의 기름구덩이(Tar Pit) 위에 세워진 화석박물관인 페이지뮤지엄
피터슨자동차박물관(Petersen Automotive Museum)
:
자동차의 나라 미국에서 놓칠 수 없는 곳
해머미술관(Hammer Museum)
:
입장료가 공짜! 웨스트우드 UCLA 해머 미술관(Hammer Museum)과 홈비공원 나들이
허쉬혼 박물관/조각정원(Hirshhorn Museum and Sculpture Garden)
:
스미소니언 소속 현대미술관인 허쉬혼 박물관/조각정원
헌팅턴라이브러리(The Huntington)
:
도서관? 미술관? 식물원? - 헌팅턴라이브러리
헌팅턴라이브러리(Huntington Library) 1 - 온실(Conservatory), 중국정원, 일본정원, 그리고 장미정원
​
헌팅턴라이브러리(Huntington Library) 2 - 아트컬렉션(Art Collections, 미술관)과 도서관의 전시들
헐리우드보울(Hollywood Bowl)
:
음악과 와인이 있는 한여름밤의 낭만 - 헐리우드볼
헐리우드볼에서 즐기는 여름밤의 낭만~ 와인과 피크닉, 차이코프스키 야외음악회, 그리고 불꽃놀이
​
존 윌리엄스(John Williams)가 직접 지휘하는 스타워즈(Star Wars) 주제곡! 헐리우드보울 야외음악회
LA 동물원(LA Zoo)
:
지혜와 친구들의 동물원 나들이~ 그리피스공원의 LA동물원(Los Angeles Zoo & Botanical Gardens)
LA 카운티미술관(LACMA)
:
LA카운티 미술관이 있는 미라클마일(Miracle Mile)에서 열린 문화축제, ARTWALK 2010
매월 두번째 화요일은 LA카운티 미술관(Los Angeles County Museum of Art, LACMA) 관람이 공짜!
""사람은 가고, 예술은 남았다."" 라끄마(LACMA)에서 만난 마이클 잭슨과 엘리자베스 테일러
운반비만 100억원! LA카운티 미술관(LACMA)의 새로운 명물 '공중에 뜬 바위덩어리(Levitated Mass)'
﻿
클래식 전문 라디오 KUSC로 생중계된 지혜의 LA카운티 미술관(LACMA) 빙씨어터(Bing Theater) 공연
​
----- 쇼핑몰과 아웃렛 -----
그로브몰(Grove Mall)
:
LA에서 가장 큰 크리스마스트리
로스앤젤레스에서 크리스마스와 연말 분위기를 가장 잘 느낄 수 있는 그로브(The Grove) 쇼핑몰
﻿다운타운디즈니(Downtown Disney)
:
LA 디즈니랜드 입구 밖에 있는 3시간 무료주차 가능한 쇼핑몰인 다운타운디즈니
바스토우아울렛(Outlet at Barstow)
:
라스베가스 가는 길에 있는 바스토우 탠저아울렛(Barstow Tanger Outlets)
베벌리센터(Beverly Center)
:
편하게 쉴 수 있는 멋진 디자인의 가죽소파가 인상적이었던 고급 쇼핑몰, 베벌리센
터
사우스코스트플라자(South Coast Plaza)
:
최고의 럭셔리 쇼핑몰을 가다.
,
왜 명품매장은 세일을 안할까?
산타모니카플레이스(Santa Monica Place)
:
바다가 내려다 보이는 럭셔리 야외쇼핑몰로 재탄생한 산타모니카플레이스
산타모니카플레이스(Santa Monica Place) 쇼핑몰의 거대한 <개구쟁이 스머프>, The Smurfs 영화광고
센츄리시티(Century City)
:
색다르게 고층건물을 배경으로 가진 럭셔리 쇼핑몰, 웨스트필드(Westfield) 센츄리시티
시타델아울렛(Citadel Outlet)
:
LA 다운타운에서 가장 가까운 시타델 아울렛(Citadel Outlets)
​
메모리얼데이 연휴의 시작은 아울렛트레일~ LA의 쇼핑명소로 거듭난 시타델아울렛(Citadel Outlets)
아메리카나앳브랜드(Americana at Brand)
:
황금색 남자 동상이 제일 먼저 떠오르는 글렌데일의 아메리카나앳브랜드 쇼핑몰
온타리오아울렛(Ontario Mills)
:
LA에서 가장 실속있는 쇼핑몰 - 온타리오 아울렛(Ontario Mills)
시원한 실내에서 실속있는 쇼핑을 즐겨보자~ LA 북동쪽에 있는 온타리오밀(Ontario Mills) 아울렛
이케아(IKEA)
:
집안에 있는 모든 것을 파는 곳 - 이케아(IKEA) @ 코스타메사(Costa Mesa)
이케아(IKEA) - 집안에 있는 모든 것을 파는 곳! ""여기는 가구점? 잡화점? 음식점? 아니면 관광지?""
유니버셜시티워크(Universal CityWalk)
:
로스앤젤레스 관광기념품 가게들과 많은 레스토랑이 모여있는 유니버셜시티워크
카바존아울렛(Cabazon Outlets)
​:
카바존 아울렛, 유명한 데저트힐(Desert Hills) 프리미엄아울렛과는 다른 곳이에요
​          테혼아울렛(Outlets at Tejon)
:
LA에서 5번 고속도로를 따라 북쪽으로 '대전 고개'를 넘어가면 나오는 테혼 아울렛
​          패션아일랜드(Fashion Island)
:
50년 역사의 초대형 야외 쇼핑몰인 뉴포트비치(Newport Beach)의 패션아일랜드
프리미엄
아울렛(Premium Outlets)
:
LA 최고의 쇼핑 관광지 - 데저트힐(Desert Hills) 프리미엄 아울렛
샌프란시스코/요세미티 번개여행의 첫번째 기착지, 길로이 프리미엄 아울렛(Gilroy Premium Outlets)
로스앤젤레스 지역에서 가장 큰 할인매장인 까마리요 프리미엄아울렛(Camarillo Premium Outlets)
샌디에고 다녀오는 길에 들리기 편한 쇼핑몰, 칼스배드 프리미엄아울렛(Carlsbad Premium Outlets)
﻿
명품에 명품을 더하다~ 확장공사로 더욱 화려하고 편리해진 데저트힐(Desert Hills) 프리미엄아울렛
스트립 남쪽에 위치한 라스베가스의 두번째 프리미엄아울렛! Las Vegas South Premium Outlets
​
뉴욕시에서 1시간 거리에 있는 미국 최대의 우드버리커먼(Woodbury Common) 프리미엄아울렛
메사추세츠 주는 의류와 신발에 소비세가 없어요~ 렌섬빌리지(Wrentham Village) 프리미엄아울렛
​
라스베가스 노스 프리미엄아울렛(Las Vegas North Premium Outlets), 두 말할 필요없는 쇼핑 천국!
스털링 집에서 15분 거리로 가까운 버지니아 리스버그 프리미엄아울렛(Leesburg Premium Outlets)
프림
아울렛(Primm Outlets)
:
캘리포니아와 네바다의 주경계에 딱 위치한 프림의 카지노호텔과 아울렛, 그리고 로또명당
----- 그외의 여행지들-----
﻿          구글플렉스(Googleplex)
:
실리콘밸리 마운틴뷰(Mountain View)에 있는 구글본사건물 '구글플렉스'의 수박겉핥기
그랜드파크(Grand Park)
:
LA다운타운의 디즈니홀 뮤직센터와 LA시청사 사이에 위치한 도심공원인 그랜드파크
​
그랜드캐년캐번(Grand Canyon Caverns)
:
세계 최대의 마른 동굴일지도 모른다고 하는 루트66의 명소, 그랜드캐년캐번
​
그레이트월(Great Wall)
:
LA의 만리장성? 세계에서 가장 긴 벽화 중의 하나인 ""Great Wall of Los Angeles""
​
그리피스 공원(Griffith Park)
:
LA 그리피스 공원의 '클래식'한 라이트페스티벌(Light Festival)
걸어서 하늘까지? LA 그리피스 공원 입구의 펀델(Fern Dell) 트레일을 지나, 걸어서 천문대까지
원조 '배트맨 동굴'로 알려져 있는 LA 그리피스 공원의 브론슨캐년 케이브(Bronson Canyon Caves)
​
LA 그리피스 공원(Griffith Park) 북쪽 언덕의 여러 트레일과 포인트를 모두 한꺼번에 돌아봤던 하이킹
옛날 LA 동물원의 흔적을 볼 수 있는 올드주 트레일(Old Zoo Trail)과 비콘힐(Beacon Hill) 정상의 풍경
내셔널하버(National Harbor)
:
캐피탈휠(Capital Wheel) 관람차와 조각작품 등으로 유명한 메릴랜드 내셔널하버(National Harbor)
네바다 50번(Nevada Hwy 50)
:
미국에서 가장 외로운 도로를 달리다 1편 - 펀리(Fernley), 팔론(Fallon), 그리고 미들게이트(Middlegate)
미국에서 가장 외로운 도로를 달리다 2편 - 오스틴(Austin), 유레카(Eureka), 그리고 일리(Ely)
도너 주립기념공원(Donner Memorial State Park)
:
미국 캘리포니아 개척자들의 슬픈 역사가 있는 도너 주립기념공원
두레마을(Bakersfield Doorae)
:
윌셔연합감리교회의 아가세 영성수련회가 열린 베이커스필드 미주 두레마을 농장체험
레이크쉬라인(Lake Shrine)
:
모든 종교가 하나되는 명상의 정원, 요가난다가 설립한 자아실현회의 레이크쉬라인﻿
로데오거리(Rodeo Drive)
: [2010]
로데오거리에서 열린 클래식자동차 전시회 Concours d'Elegance (미국 LA 베벌리힐스)
[2011]
베벌리힐스 아빠들의 장난감 자랑~ 파더스데이(Father's Day) 로데오거리의 클래식 스포츠카 전시회
일년에 단 하루! 베벌리힐스 로데오거리 명품샵들의 야간개장, 패션나이트아웃(Fashion's Night Out)
로얄고지브리지(Royal Gorge Bridge)
:
무려 100년 가까이 미국의 가장 높은 다리로 남아있는 콜로라도 로열고지브리지
롱비치 주립대학(CSULB)
:
지혜의 첫번째 클라리넷 경연대회 참가 결과는? 롱비치 주립대학에서 열린 50회 SYMF 콩쿠르﻿
​
리틀도쿄(Little Tokyo)
:
LA 재팬타운 '리틀도쿄(Little Tokyo)'의 유명한 스시집, 스시겐(Sushi Gen)에서 10년만에 만난 친구
만자나(Manzanar)
:
제2차 세계대전 당시의 일본인 강제수용소였던 만자나 국립사적지(Manzanar National Historic Site)
​
말리부 힌두템플(Malibu Hindu Temple)
:
LA에서 만나는 인도 힌두교 사원, 말리부 힌두템플에서 맨발로 기도하기
﻿버클리 대학교(UC Berkeley)
:
캘리포니아 최고의 공립대학교 UC버클리(University of California, Berkeley) 방문기
베벌리드라이브(Beverly Drive)
:
로스앤젤레스 쇼핑의 명소(?) 로데오드라이브 옆에는 베벌리드라이브가 있다
보디 주립역사공원(Bodie State Historic Park)
:
캘리포니아 골드러시가 남긴 고스트타운(Ghost Town)인
보디 주립역사공원
브라운 대학교(Brown University)
:
로드아일랜드(Rhode Island) 주의 프로비던스(Providence)에 있는 브라운 대학교
산후안카피스트라노(San Juan Capistrano)
:
캘리포니아 역사의 보석, 미션(Mission) 산후안카피스트라노
센츄리시티(Century City)
:
LA 센츄리시티(Century City)의 고층 건물을 구경하다.
서던캘리포니아 대학교(University of Southern California)
:
USC 또는 남가주대학교 후다닥 둘러보기
세풀베다 분지(Sepulveda Basin)
:
BTS 최신 뮤직비디오를 찍은 장소인 우리 동네 세풀베다댐(Sepulveda Dam)과 야생동물 보호지 산책
센터빌(Centreville)
:
버지니아 한인타운 센터빌(Centreville)에서 자동차 검사, 이발하기, 장보기, 한국에 택배 보내기 등등
셀릭맨(Seligman)
:
루트66의 발생지(Birthplace of Historic Route 66)라고 불리는 작은 마을, 아리조나 셀릭맨(Seligman)
스타라인투어(Starline Tours)
:
스타라인투어 코스를 따라 헐리우드 영화배우 스타들 집의 대문을 구경하기﻿
스탠포드 대학교(Stanford University)
:
스탠포드 대학교 - 샌프란시스코 남쪽 팔로알토에 있는 미서부 최고의 명문대
두달반만에 다시 찾은 스탠포드 대학교: 후버타워(Hoover Tower)와 로댕의 작품이 가득한 박물관
아이버슨 무비랜치(Iverson Movie Ranch)
:
영화 역사상 가장 많은 야외촬영이 있었다는 아이버슨 무비랜치의 Garden of the Gods
애덤슨하우스(Adamson House)
:
야외결혼식 장소로 인기있는 말리부 백사장 바로 옆의 지중해풍 저택, 애덤슨하우스
​
앤젤스플라이트(Angels Flight)
:
로스앤젤레스 다운타운의 앤젤스플라이트와 그랜드센트럴마켓(Grand Central Market)
어사(Eartha)
:
세계 최대의 회전하는 지구본인 Eartha Globe와 커다란 돌로 만든 예배당인 St. Ann's Stone Chapel
엘리시안 공원(Elysian Park)
:
다저스 야구장이 있는 엘리시안파크(Elysian Park)의 '비밀의 그네' 나무와 앤젤스포인트(Angels Point)
예일대학교(Yale University)
:
해리포터의 호그와트 마법학교같았던 미국 코네티컷주 뉴헤이븐에 있는 예일대학교
오렌지카운티페어(Orange County Fair)
:
미국에서 느끼는 장터의 분위기 - OC Fair﻿
오코콴(Occoquan)
:
프린스윌리엄 카운티 우드브리지(Woodbridge)의 이케아(IKEA)와 작고 예쁜 마을인 오코콴(Occoquan)
오트맨(Oatman)
:
당나귀들이 돌아다니는 루트66의 명소, 살아있는 서부시대 고스트타운인 애리조나주 오트맨(Oatman)
아리조나주 오트맨(Oatman)의 미국 서부시대 총잡이와 보안관이 나오는 무법자 쇼(Outlaws Shows)
올베라스트리트(Olvera Street)
:
멕시코풍의 가게들이 모여있는 LA에서 가장 오래된 길인 다운타운의 올베라스트리트
우정의종각(The Friendship Bell)
:
자유의 여신상과 한국의 선녀가 손을 잡고 있는 곳, LA 샌페드로에 있는 우정의 종각
월드럭스토어(Wall Drug Store)
:
자칭 '세계 최대의 약국'인 사우스다코다(South Dakota) 주의 관광지, 월드럭스토어
웨이퍼러스채﻿플(Wayfarers Chapel)
:
'유리교회'라는 이름으로 더 유명한 결혼식 장소, 팔로스버디스의 웨이퍼러스 채플
윈슬로(Winslow)
:
아리조나 루트66의 명소, 윈슬로(Winslow)의 이글스 노래 속 스탠딩온더코너(Standin' on the Corner)
잭다니엘 양조장(Jack Daniel Distillery)
:
테네시 위스키(Tennessee Whiskey)의 대명사인 잭다니엘스의 고향 린치버그(Lynchburg)
​
제임스딘 추모비(James Dean Monument)
:
제임스딘 추모비, 모로베이(Morro Bay) 주립공원, 그리고 솔뱅(Solvang)
차이나타운(Chinatown)
:
LA 차이나타운의 설날 새해맞이 퍼래이드 - Golden Dragon Parade
카헨지(Carhenge)
:
자동차로 만든 스톤헨지(Stonehenge)! 미국 네브라스카주 얼라이언스(Alliance)의 카헨지(Carhenge)
칼텍(Caltech)
:
파사데나에 있는 캘리포니아 공과대학(California Institute of Technology), 칼텍(Caltech) 둘러보기
캐딜락랜치(Cadillac Ranch)
:
루트66의 가장 유명한 스팟인 텍사스 주의 캐딜락랜치(Cadillac Ranch)를 구경하고 오클라호마 주로~
케네스한 주립공원(Kenneth Hahn State Recreation Area)
:
LA의 센트럴파크? 우리 동네에서 가까운 케네스한 주립공원
코리아타운(Koreatown)
:
LA 한인타운 갤러리아(Koreatown Galleria) 쇼핑몰에서 열린 지혜의 헤이필드 오케스트라 공연
콜로라도스트리트브리지(Colorado Street Bridge)
:
파사데나 콜로라도스트리트 다리와 로즈퍼레이드 본부인 토너먼트하우스
크레이지호스Crazy Horse)
:
크레이지호스 메모리얼(Crazy Horse Memorial)이 전해주는 이야기 ""NEVER FORGET YOUR DREAMS""
킹맨(Kingman)
:
미국 아리조나 킹맨(Kingman)의 유명한 맛집이라는 미스터D 루트66 다이너(Mr. D'z Route 66 Diner)
﻿
토랜스(Torrance)
:
참 대단한 미국 사람들! 크리스마스 홀리데이 장식으로 유명한 LA 인근 토랜스(Torrance)의 주택가
페킹구메인(Peking Gourmet Inn)
:
우리 동네의 유명한 중국집에서 크리스마스 점심을 먹고, 화이트하우스와 내셔널크리스마트리 구경
​
포르토스 베이커리(Porto's Bakery & Café)
:
LA에서 아주 유명한 빵집, 포르토스 베이커리 버뱅크점의 크리스마스 풍경
포트로스(Fort Ross)
:
소노마카운티 포트로스(Fort Ross) 주립역사공원과 샴페인으로 유명한 코벨 와이너리(Korbel Winery)
프린스턴대학교(Princeton University)
:
세계 최고의 대학중의 하나인 미국 뉴저지(New Jersey) 주의 프린스턴 대학교
피치스프링스(Peach Springs)
:
<Cars>의 라디에이터스프링스 마을의 이름과 위치 모델로 여기지는 곳, 피치스프링스(Peach Springs)
핑크핫도그(Pink's Hot Dogs)
:
LA의 유명한 맛집 핑크핫도그(Pink's Hot Dogs)를 먹어보고 바닷가 드라이브를 한 2021년 새해 첫날
핵베리(Hackberry)
:
루트66 전구간에서도 가장 유명한 가게들 중의 하나인 핵베리 제너럴스토어(Hackberry General Store)
허쉬초콜릿월드(Hershey's Chocolate World)
:
보스턴 1박2일 왕복에서 유일하게 들린 곳인 펜실베니아 허쉬초콜릿월드
헐리우드(Hollywood)
:
스타는 없고 관광객들만 가득한 헐리우드 거리
이제 LA에서도 태양의서커스를 보실 수 있습니다. 헐리우드 코닥극장에서 공연중인 '아이리스(IRIS)'
미국 LA를 배경으로 한 영화 <라라랜드>에 나왔던 헐리우드 거리의 벽화 ""You Are The Star""
후버댐(Hoover Dam)
:
후버댐을 내려다 보는 마이크오캘러핸-팻틸만(Mike O'Callaghan-Pat Tillman) 기념다리
LA강
(Los Angeles River)
:
로스앤젤레스 강(Los Angeles River)의 발원지는 어디일까요? 아무도 관심없는 LA강에 대해 알아보자
﻿
﻿
UCLA
:
UCLA 숀버그홀에서 열린 LA 유스 오케스트라(Los Angeles Youth Orchestra) 연주회와 대학교 구경
​
UCLA 쇤베르크홀(Schoenberg Hall)에서 열린 지혜의 LAYO(Los Angeles Youth Orchestra) 연주회
파울러뮤지엄(Fowler Museum), 로스앤젤레스 UCLA 대학교 캠퍼스 안에 있는 문화역사 박물관
﻿
﻿
VLA(Very Large Array)
:
조디포스터 주연의 영화 <콘택트>에 나왔던 미국 뉴멕시코주의 VLA(Very Large Array) 전파망원경
[2005년] 9박10일 미국서부 자동차여행 되돌아 보기
[2009년] 30일간의 미국/캐나다 서부 자동차 캠핑여행을 마치고...
[2010년] 4박5일간의 그랜드서클(Grand Circle) 자동차 여행을 마치고~
[2011년] 우리 가족의 워싱턴, 나이아가라, 뉴욕의 미국동부 여행
[2011년] 하와이(Hawai'i)로 떠난 우리 가족의 일주일간의 여름휴가 여행
[2012년] 395번 국도를 따라서 이스턴시에라(Eastern Sierra) 로드트립
[2012년] 하와이의 마우이와 카우아이 섬으로 총 8박9일의 여름휴가
[2013년] 우리 가족의 일주일간의 플로리다 봄방학 여행
﻿
[2014년] 아리조나 앤틸롭캐년(Antelope Canyon) 3박4일 여행
[2015년] 봄방학에 떠난 6박7일 아리조나-뉴멕시코 자동차여행
[2015년] 미국동부 아이비리그 대학교 탐방 및 미국역사 유적지 방문 8박9일 여행
[2016년] 존뮤어트레일(John Muir Trail) 1구간 산행기 (요세미티와 존뮤어트레킹 9박10일)
[2017년] 플라멩고와 기타의 역사를 찾아서 스페인으로 떠난 위기주부 가족의 유럽여행
[2017년] 휘트니산 정상과 존뮤어트레일 4구간 6일간의 백패킹
[2018년] 러시모어와 콜로라도/와이오밍 주 8박9일 자동차여행
[2019년] 결혼 20주년 기념 페루 마추픽추(Machupicchu) 여행
[2020년]
레이크타호, 래슨볼캐닉, 그레이트베이슨, 내로우 하이킹 9박10일 자동차 캠핑여행
﻿[2021년]
화산과 폭포, 레드우드와 바다를 만나는 북부 캘리포니아 7박8일 여행
3. 네이버 오픈캐스트로 받아보기
아래의 캡쳐화면을 클릭해서
'LA 위기주부의 미국서부여행 이야기' 오픈캐스트
를 구독하시면,
위기주부의 모든 여행기는 물론, 최신의 다른 미국서부여행기도 네이버홈에서 바로 보실 수 있습니다.
4. 안드로이드폰 전용앱으로 스마트폰에서 보기
﻿갤럭시S 등의 SK텔레콤 안드로이드 스마트폰을 가지고 계신 분들은 아래의 아이콘을 클릭하시거나,
QR코드를 이용해서 위기주부의 미국서부 여행기를 스마트폰에서 보실 수 있는 전용앱을 다운받을 수 있습니다.
﻿<올댓 미국서부여행> 스마트폰앱에 대한 상세한 설명은 아래의 사진이나
여기를 클릭
하시기 바랍니다.
아래 배너를 클릭하셔서 위기주부의 유튜브 구독하기를 눌러주시면 정말 감사하겠습니다.
http://chakeun.blog.me/30128354705
위기주부의 30일간의 미국/캐나다 서부 캠핑여행에서 가장 매력적이었던 곳 Top 10을 뽑아봤습니다
벌써 3년이 다 되어가는
2009년 여름의 미국/캐나다 서부 30일 캠핑여행
의 추억을 블로그씨 덕분에 오래간만에 되살려 본다. 대장정의 기록은 2년만에 80편의 여행기로 포스팅을 완료했는데, 이 기회에 그 중에서 가장 매력적이었던 여행지 10곳을 골라서 아래에 10위부터 차례로 소개한다.
주1) 30일 여행의 일정에
요세미티(Yosemite) 국립공원
과
그랜드캐년(Grand Canyon) 국립공원
등은 없었기 때문에, 아래의 순위에 포함되어 있지 않습니다.
(30일 캠핑여행의 전체 경로를 보시려면 여기를 클릭)
주2) 아래 순위의 제목을 클릭하면 각각의 세부 여행기로 링크가 되며, 다른 본문의 링크들도 클릭하면 해당 여행기로 링크가 됩니다.
10위. 미국 최고의 바닷가 드라이브코스를 달리다 - 캘리포니아 1번도로(California State Route 1)
위기주부 블로그의 대표이미지로 사용하고 있는 것이 바로 이 캘리포니아 1번 해안도로의 표지판인데, 이 길을 자동차로 직접 달려보지 않고서는 캘리포니아 로드트립(roadtrip)을 논할 수가 없다.
9위. 그랜드티턴(Grand Teton) 국립공원 시그널마운틴과 야생의 커다란 무스(Moose)를 만났던 잭슨레이크
미국의 풍경달력에 가장 많이 등장한다는 그랜드티턴 국립공원은 한국으로 치면 설악산과 같은 느낌이다.
8위. 등대로 유명한 오레곤코스트에서도 가장 아름다운 헤세타헤드라이트하우스(Heceta Head Lighthouse)
미국에서
'가장 고요하고 놀라운 아름다움이 있는 10곳'
에 선정되기도 한 오레곤 주의 바닷가는 북쪽
캐논비치의 헤이스택락(Haystack Rock)
에서 시작해 이 등대까지의 구간이 하이라이트이다.
7위. 거대한 빙하의 단면을 코앞에서 볼 수 있는 캐나다 재스퍼 국립공원의 에디스카벨산(Mt. Edith Cavell)
많은 분들이 재스퍼(Jasper) 국립공원하면 설상차를 타고 올라가는
컬럼비아빙원(Columbia Icefields)
만 떠올리지만, 우리는 천사의 날개를 닮은 이 산의 앤젤빙하와 저 푸르스름한 빙하의 단면에 넋을 잃었다.
6위. 브라이스캐년 국립공원 관광의 하이라이트, 나바호트레일(Navajo Trail) 아래에서 만난 또 다른 세상
전망대에서 붉은 첨탑들
을 멀리서 보고만 돌아갔다면 이 놀라운 공원의 모습을 절반만 본 것이다.
5위. ""태양을 향해 달려라!"" 미국 최고의 산악 드라이브코스, 글레이셔 국립공원의 Going-to-the-Sun Road
해발 2천미터에서 눈썰매
를 타고는, 빙하가 깍은 절벽과 호수들 사이로 눈이 녹은 물이 폭포수처럼 흘러내리는 곳에 1930년대에 기적처럼 만들어진 도로를 달려보자.
4위. 고인 물은 썩지 않는다. 다만 겁나게 파랄 뿐이다~ 미국 오레곤주 크레이터레이크 국립공원에서...
'Great Deep Blue'라는 이 호수의 색깔은 너무 파래서, 수십년 전에 어떤 사람은 국립공원 직원이 파란 물감을 몰래 푼 것이 분명하다며 조사를 해 줄 것을 법원에 요청했다는 이야기도 전해진다.
3위. 옐로스톤 국립공원에서 가장 오래된 가이서인 Upper Geyser Basin의 캐슬가이서(Castle Geyser)
캠핑여행중에 3일동안 관광을 했던 옐로스톤(Yellowstone) 국립공원은
무지개 색깔의 수 많은 온천호수들
과
올드페이스풀(Old Faithful)
을 위시한 가이서들, 또
노란 절벽의 그랜드캐년의 폭포
와
거대한 옐로스톤 호수
등의 무수히 많은 매력적인 볼거리들 각각이 모두 10위안에 충분히 들 자격이 있지만, 이 캐슬가이서를 대표로 꼽은 이유는 우리 가족이 지날 때를 딱 맞춰서 분출을 해줬던 고마움 때문이다.
2위. ""당신은 레이크루이스(Lake Louise)에서 보트를 타본 적이 있습니까?"" 캐나다 밴프(Banff) 국립공원
세계 10대 절경이라는 이 호수에서 우리가 선택한 것은 옥색의 물결에 배를 띄우고 더 가까이 다가가는 것이었다. 래이크루이스 아래쪽에 있는
모레인(Moraine) 호숫가를 걸었던 기억
도 10위안에 꼽을 수 있겠지만 너무 가깝고 비슷한 곳이라서 제외한 것 뿐이다.
1위. 평생 잊을 수 없는 감동! 아치스국립공원의 델리키트아치(Delicate Arch)가 내 눈앞에 나타났을 때!
서부의 대자연을 여행하면서 아무리 신기한 지형들도 나의 이성으로 이해를 할 수가 있었는데, 이 곳은 나에게 이성으로는 이해할 수 없는 창조주(혹은 조물주?)의 신비를 가르쳐 준 곳이다.
http://opencast.naver.com/US568
미국에는 이런 신기한 관광지들도 있다
미국에는 이런 신기한 관광지들도 있다~
50년역사 풍선껌골목
네바다주 외계인도로
고가도로 아래 괴물
10대 기이한 광경들
최고비경 맥웨이폭포
몬터레이의 바다사자
샌시메온 허스트캐슬
캘리포니아 1번 도로
2013.09.05 14:49
미국 캘리포니아주의 유명한 국립공원들 - No.570
-
4건
펼쳐정리
요세미티 국립공원의 재발견: 요세미티밸리(Yosemite Valley)의 주요 뷰포
인트(View Point) 총정리",https://blog.naver.com/hanchul8913/100129057512,9988234,20110526,2026-04-27 14:44:49
