keyword,title,description,content,link,bloggername,postdate,crawled_at
세븐일레븐 쿡인페이퍼 즉석까르보불닭볶음면,26년 4월 4주 차 일상(4.20~4.26) / 29cm 빵 / 야구보러... ,피자는 2조각 시켜서 반씩 나눠먹음 감튀가 존맛임 #페이퍼플레이트 #피자 이제 빵투어&gt;_&lt; 식빵 맛집... 버림ㅜㅜ #미역불닭볶음탕면 공부하고 새벽 2시 넘어서 잤당 4.25 / 토 오늘 점심은 지지고 만들어 먹기... ,"4.20 / 월
​
어제 체한 거 다 토해서 눈 뜨자마자 배고프더라
바로 점심 먹기
천천히 냠냠 굿
​
당 떨어지네
이력서 쓰면서 3개나 잡수심^^
여기 당첨되면 나 진짜 개처럼 일할 거야
제발 날 뽑아줘
장기자랑 1시간도 할 수 있음
#와작바
#메로나
#바밤바
​
쉬다가 저녁 먹으러 동네 왔음
시흥에서 굴포천은 찌끔 멀다
나한테 양이 너무 적었음ㅜㅜ
보쌈 먹어야 되나 생각 들 정도...
#보쌈
#족발
​
친구랑 헤어지고 가는 길에 빵 샀음
짜란
냠냠 굿
언니랑 맥주 부시기
#산토리니나마비어
#맥주
#빵
4.21 / 화
​
오늘은 남자친구 병원 가는 날
증사 찍어서 여권 재발급 신청하고 병원 고
겸사겸사 내 혈압도 체크
아주 정상이군
둘 다 좌절해서 우리 술 먹기로 했음
내 세상이 무너졌어
#혈압
​
일단 운전면허 재발급 먼저..
기다림이 너무 길다.. 2시 됐을까..
배고파서 우리 간식 먹음
#구운계란
#포스틱
#콘초
​
찐 점심은 두끼
너무 달았다..
뭔 소스를 잘못 넣은 걸까...?
볶음밥도 레츠 고
콘 러버 남자친구... 너무 많이 넣으셨어요ㅠㅜ
밥이 안 느껴짐
#두끼
#즉떡
#떡볶이
#볶음밥
​
집 가는 길
토모루를 봐부렀다
#토모루베이커리
​
티비보다가 잠들었음.. ㅋ
​
일어나니까 7시 저녁으로 바로 빵 때림
음..바질이거 말고는 내 취향은 없었다..
요건 언니가 만들어온 두쫀쿠케이크
뭐야 맛있음
생크림 차가우면 더 맛있었겠다
#두쫀쿠케이크
​
어머니가 뼈해장국 사 왔음!
어으 이거 먹으니까 빵 싹 내려가네
나 한국인 맞네ㅎㅎ
#뼈해장국
​
남자친구 로또 용지 결과 확인하기
근로소득 많이 버세오...
#로또
​
새벽까지 먹방보다가 잠들었다ㅎㅎ
4.22 / 수
​
남자친구가 버정에 내려줘서 6일 만에 우리 집 옴
배고파서 커피 사서 집 가기
#빽다방
#카페라떼
​
집 와서 후다닥 아침 먹기
아침 진짜 오랜만에 먹음
밥 없어서 두부로 먹음
#콩불
#양배추쌈
​
오랜만에 화장하고 서울 간당
한 시간 반 아자
님 누구세요ㅠㅠ
10번째 나한테 연결이 뜨냐고요...
​
오늘 우리 계획은 요거
아자자자
아 지하철 오바세요,,
건대입구 나한테 왜그래ㅜㅜㅜ
다리 터지는 줄..
​
팝업 잘 즐기고 올게?
#키엘팝업
#키엘울트라응급구조대
#키엘
​
점심 먹으러 갔는데
브레이크 타임임,,,^^
​
킵고잉 일정대로 움직여
​
한정선 도착
신상 나왔네? 바로 샀음
일단 이건 길빵용
#홍시찹쌀떡
#한정선
​
바로 옆 에타집이 있넹...ㅎ
안 살라고 했는데 찐
솔트에타래...
나 솔트 환장해서 사버림...ㅎㅎㅎ
#에그타르트
​
이제 감자 팝업
사실 여기가 젤 기대됐음
꺄앙 3등!!!
감자빵 받았당ㅎㅎㅎ
갓 나와서 따끈따끈
여기 팝업 기부니가 좋아져
#감자팝업
#쫀득감자팝업
진짜 길빵 때림
아 밥도둑이다
​
그리고 무신사 화장품 팝업 옴
마스크팩 넘 좋길래 샀다
#러븀팝업
#러븀마스크팩
스쿱 이벤트로 요만큼이나 뜸!!!
여태까지 중에 내가 젤 많이 가져갔다고
#럭키비키
#샘플
​
이제 쿠팡 팝업
나 사실 쿠팡 와우 안 써... ㅎ
신나게 구경하고 나왔음
향수 샘플줌!
더웠는데 아아 줘서 좋았음
#아아
#쿠팡팝업
#rlux팝업
#성수팝업
#팝업
​
지친 우리 피자 먹으러
힘들어서 맥주 먹고 싶었음..
피자는 2조각 시켜서 반씩 나눠먹음
감튀가 존맛임
#페이퍼플레이트
#피자
​
이제 빵투어>_<
식빵 맛집 왔구여
담엔 앉아서 요리랑 먹을래
#솔트식빵
#초코식빵
#생식빵
#스텐다드브레드
​
마지막 목적지
짐 봐....진심 한짐 바리바리
근처 공원 갔음
​
여기 빵 예약제인걸
예약했을거라 생각하고 말 안 해줘서
칼 들고 가서 잘랐음ㅋㅋㅋㅋㅋㅋㅋ
빵 만진 건 내가 가져간다고 했는데
빵 넣으려면 만져야되자너...?
멍청이냐고ㅋㅋㅋㅋㅋ
둘 다 내가 만짐..ㅋ
​
이 짐 들고 건대까지 걸어갔음
결국 손 까짐
손 불탄다
오늘 빵투어 성공적이었거든ㅜㅜ
#빵투어
​
집 다 와가는데 남자친구 전화 옴!!!
퇴근해서 만나러 온다구
난 운이 좋아
초밥 때림
배가 별로 안 고파서 절반만 먹은듯?!
#초밥
#꽃초밥
​
집 와서 짐 정리
오늘 팝업에서 받은 것들
#샘플
그리고 빵 정리하고 잠이 들었다,,,
#빵지순례
#빵팝업
#29cm
#몽심
#콜드버터베이크샵
#초코바게트
#소금빵
4.23 / 목
​
요리하다가 지쳐서 먹는 점심
밥할 힘이 없어용...
즉석밥 달림
​
국 끓이다 지쳐서 빵 때림
얘도 어제 산.. ㅎ
근데 크림은 맛이 없구...과일은 기절 달다
#과일산도
#페로니코산도
​
한정선 먹으면서 위로받을게
아 역시 두바이가 젤 맛있음...
두바이 유니버스에 나만 남아있나 봐...?
라벨링 해놓으면 오늘 요리 끝
국은 진짜 원 없이 먹겠음....
#제육볶음
#김치제육
#미역국
#감자탕
#갈비탕
#지지고
​
붕어빵 먹으면서 하루 마무리...
#붕어빵
#피자붕어빵
4.24 / 금
​
반찬 왕창 만덜기
앗 냉동실 자리 없음요
#닭볶음탕
#찜닭
#순대볶음
#소분
아이스팩 다 버렸음
#아이스팩
​
오늘 점심
집에서 온 병어도 튀겨서 녹차물에 말아먹음
오차즈케 너낌으로
집에 물고기 다 먹어서 이제 없음
생선 보내주세오~
#들깨미역국
#병어구이
​
탄산수 때려주기
이제 트레비 하나 남았슨
탄산 너무 약해요ㅜㅜ
#트레비
​
공부하기 싫어서 과자 먹기
듀얼 모니터 샀는데 책상이 너무 좁다..
그리고 커브 모니터가 왔음...
상세페이지 보니까 맞네ㅜㅜㅜ내가 잘못시킴
#커브모니터
#27인치모니터
#듀얼모니터
​
아 재미없다
과일 먹을게요
#참외
​
옆구리에 택이 신경 쓰여서 잘랐는데
아 옷 빵꾸남,,ㅋㅋ
​
저녁은 요거
아 진짜 맛없어서 두젓가랏 먹고 다 버림ㅜㅜ
#미역불닭볶음탕면
​
공부하고 새벽 2시 넘어서 잤당
4.25 / 토
​
오늘 점심은 지지고 만들어 먹기
가스오부시 너무 올렸다,,,
#지지고
​
야구 보러 왔지렁
원래는 남자친구랑 오기로 했는데
출근해버린 그,,,
데이트 힘들다..힘두러
​
요건 졍이언니가 중국 여행 갔다가 챙겨준 까까
#중국여행기념품
#과자
​
우리 이제 진짜 먹을게?
미쳤다
요즘 유행하는 불닭 냉면..?
불닭볶음면3+냉면육수3+육회 엄청 많이
누가 야구장에 스뎅을 들고 오냐고요ㅋㅋㅋㅋㅋ
아웃기다ㅋㅋㅋㅋㅋㅋㅋㅋㅋㅋㅋㅋㅋㅋㅋㅋ
나랑 놀아주느라 언니덜..고생이 많아
돼지 파티
아 해가 너무 쎄다ㅜㅜ
얼굴 홍당무행
​
뜨거워서 빙수 먹자고 찡찡
설탕이 씹힌다..
자리로 배달해 주는 거 너무 좋으네
#블루베리빙수
다 같이 연안부두 타임
​
최정 선수 홈런 쳤음
실시간으로 갈아줌쓰
넘 신기해유
랜더스가 이긴 경기 끝
잘 놀고 갑니다
다음에 바비큐 존 잡아줘여!!!
언니는 할 수 있자넝!!
마무리로 불꽃까지
낭만 미쳐따!!!
#불꽃놀이
#ssg랜더스
#야구경기
#문학경기장
집 왔구염
저번에 먹고 남겨놓은 붕어빵 묵기
귀찮아서 전자렌지 데움
아 맛있네ㅎㅎㅎ
4.26 / 일
​
오빠랑 각자 먹고 싶은 대로 먹기
난 콩나물밥에 감자탕
콩나물이 밥보다 많다,,,
#콩나물밥
​
후식 참외 두개씩 때림
미니라 2개도 작아
​
요건 새로 산 내 모니터 받침대>_<
아 조립은 오빠가 해줌
튼튼하게 조립해 준 오빠 체고
완성된 책상
​
아 이제 공부해야지 진짜루...
과자 좀 먹고 할게?
​
^^ㅑㅇ
하나도 몰라서 거실 나옴
오빠랑 떠들어야징,,
과자 때리고
남은이 언니가 줌ㅎㅎㅎ
오빠 줬는데 훔쳐먹었슨ㅎㅎㅎ
​
요것도 언니가 제주 갔다가 사 온 까까
제주 에디션
담에 먹어볼게융
#뿌셔뿌셔
#제주마농버터
​
저녁 먹긔
점심에 먹고 남은 감자탕에 밥 볶았음
#감자탕볶음밥
#순두부찌개
​
3시까지 공부하고 잤당,,,
(공부가 될 리가 없음)
​
#주간일기
#데일리
#일상
#서이추환영
#서이추",https://blog.naver.com/soob_ni/224266519167,짱수빈 블로그 놀러와>_<,20260427,2026-04-27 16:31:31
세븐일레븐 쿡인페이퍼 즉석까르보불닭볶음면,파타야2박방콕3박일정 아이콘시암 한식맛집 마사지 기념품쇼핑,방콕세븐일레븐에서 받은 우표스티커에 그려진인형인데 인형탈쓰고 이벤트도 하던데 인기많은가봐요... 눈물이 차올라서 고갤들어 아이콘시암 한식맛집 더비빔밥 개강추 미친강추 불닭볶음면에 고기토핑이... ,"​
​
파타야방콕여행 마지막날
어제 술먹고 열심히 놀았으니 조식에 쌀국수필수
국물로 해장해주삼
​
​
엊그제 어제 오늘 다 마신 주스
​
​
​
체크아웃하고 호텔에 짐 맡겨두고 아이콘시암가서 놀거에요
어차피 밤비행기라 시간도 많고 쇼핑할것도 많음 ㅎㅎ
​
저 귀요미 인형 방콕세븐일레븐에서 받은 우표스티커에 그려진인형인데
인형탈쓰고 이벤트도 하던데 인기많은가봐요
​
​
​
악어야 오랜만이야
아이콘시암에 쑥시암 가면 볼 수 있슴ㅂ니다
아이콘시암 쑥시암맛집 많고 악어고기도 먹ㅇ르수
​
배는 안고픈데 그냥 먹은 우동
새우튀김이 아주 맛있었음
​
​
​
​
알로에서 반집업2개 레깅스하나 샀는데 알로는 질이 참... 넘별로임 ㅜ
디자인에 혹해서 또한번 속아봤는데 역시는 역시...
퀄리티 후져
​
역시 돌고돌아 룰루레몬뿐이에요
​
근데 아이콘시암에 샤넬이 없네ㅡㅡ
아이콘시암에는 샤넬매장이 없지만 디올 루이비통 셀린느는 있어요 셀린느옷보러갔는데 웬걸 밤티옷만 있음 ㅜ
아이콘시암명품매장이 다 모여있어서 쇼핑하기좋고 디자이너브랜드나 맛집들도 다양하고 카페도 엄청많으여
​
쇼핑하느라 돌아다니니까 급마사지땡김
우리는 인원이 많아서 마사지거리돌아다니다가
인원 다 되는곳 ㅇㅋ해서 들어갔고
저는 다리+발마사지로만 90분 받았는데 안눕고 기대앉아있어서 받으니까 넘 좋더라구요...
발바닥이랑 종아리 넘 시원해 미쵸~~
​
​
​
마사지 다받고 들어와서 발견한 야돔매장(이라기엔 다른것도 많았다)
가격비교는 귀찮고요!! 그냥 눈에 보여서 샀어요
근데 가격 괜찮은거 같은데...........ㅎㅋ
​
제가 발견했을떄 다른손님 5명이 붙어있었음ㅋㅋ
​
​
​
끼약 까르보불닭이랑 돼지고기
이 조합 팔자고 한거 누귀야 방콕에서 만나는 찐 한국의 맛...
눈물이 차올라서 고갤들어
아이콘시암 한식맛집 더비빔밥 개강추 미친강추 불닭볶음면에 고기토핑이 무슨일이람 비빔밥 떡볶이 다맛있음
​
​
저번 한식당에서 쪼금 데여가지고 별 기대안했는데 이맛이지예
비빔밥도 맛있고 떡볶이에 야끼만두 뭔데!!!!!!
​
아이콘시암과 가깝다면 한식은 아이콘시암으로 가세요
6층에 더비빔밥입니다
더비빔밥 10호점 @ Iconsiam
iconsiam 299 ชั้นที่ 6 ห้อง R611 Khwaeng Khlong Ton Sai, Khet Khlong San, Krung Thep Maha Nakhon 10600 태국
​
까르보불닭에서 대감동먹은 저
​
​
쇼핑도 다하고 배도 채웠으니 응커피에서 라떼 마셔요
라떼마시면서 1시간정도 떠들다가 각자 쇼핑하고 만나자고 헤어졌음
​
저는 이미 아까 돌아다니면서 쇼핑을 다 해가지고 쇼핑백들고다니기도 힘들고해서
스타벅스로 자리를 옮기려고해요 나이먹으니까 쇼핑도 힘들다(구라)
​
​
​
​
스타벅스올라가는길에 본 디저트가게인데 배불러서 그냥 지나쳤다가
아른거려서 혼자 내려와서 사갔자나요 ㅋ
귀멸의칼날 팝업하길래 티셔츠하나 살까했는데 웬 한시장퀄리티라;;깜놀;
​
​
로투스랑 피스타치오 고민하다가 피스타치오로 샀는데
사진은 맛있어보이죠? 근데 전 별로였음...
배불러서 별로였나? 아니 그냥 별로인듯 이걸 보신다면 사먹지마세요
단면보고 완전 기대핑이였는데 한입먹고 실망했음
​
​
​
할게없고 아무생각없이 앉아있고 싶어서 1시간 일찍 공항으로 가는데
비가와요
다 놀다가 집갈때 되니까 비가 오다니 나는야 날씨요정
​
​
안녕 또 올게
​
너무 잘먹고 돌아다녀서 그런가 비행기타자마자 기절
기내식은 아침식사 느낌으로 착륙전에 먹었어요
​
​
한국돌아오자마자 엽떡에 허니콤보
​
한국 최고다 ~ 껄껄
​
​
​
​
​",https://blog.naver.com/up_point/224263690299,어포의 이모저모 브ㄹ로그,20260427,2026-04-27 16:31:32
세븐일레븐 쿡인페이퍼 즉석까르보불닭볶음면,[코스트코] 김해점 내가 보고 싶은 할인상품 춴상품(4월 다섯째주),2G X 280 VONBEE 견과류가풍성한 쌍화차 60입 삼양 불닭볶음면 큰컵 105G X 16 삼양 까르보불닭볶음면컵 105G X 16 팔도왕뚜껑 110G X 18 칠성사이다제로 300ML X 20팩 칠성사이다 190ML X 30캔... ,"​
​
26년 4월 25일 방문했어요
​
​
​
​
​
​
OWC 유진정밀
이클립스 클린미러
LED 시계
​
​
​
​
​
​
KING CRYSTAL
컬러핸들 머그 6P
​
​
​
​
​
​
연세세브란스
프로틴오리지널 190ml
​
​
​
​
​
​
GALLAWAY
골프 보스턴 백
​
​
​
​
​
​
PHILIPS 필립스
6000 시리즈 면도기
S6830/68
​
​
​
​
​
​
여성면리플파자마
​
​
​
​
​
​
SU:M 37 숨 37
시크릿 에센스 80ml + 30ml
​
​
​
​
​
​
창의력 쑥쑥 브릭
박스
#11038
​
​
​
​
​
​
BRIGHTON
여행가방
​
​
​
​
​
​
​
BRIGHTON
여행가방
​
​
​
​
​
​
갤럭시
​
​
​
​
​
​
아이폰
​
​
​
​
​
​
​
아이폰
​
​
​
​
​
​
​
LUMENA 루메나
제습기 8L
​
​
​
​
​
​
LENOVO 레노버
아이디어패드노트북
​
​
​
​
​
​
ZEUS 제우스
빔프로젝터
하드케이스 포함
​
​
​
​
​
​
HOVERAIR 호버에어
X1 PRO MAZ
호비케어 포함
​
​
​
​
​
​
DJI 오즈모
포켓3크리에이터
SD CARD, 케어팩포함
​
​
​
​
​
​
CACTUSY 켁터시
무선 눈꽃빙수기
CY-IM1361WH
​
​
​
​
​
​
닌자 4 IN 1 블렌더
(갈기, 채썰기, 편썰기, 푸드프로세싱)
​
​
​
​
​
​
ANBANG 안방
연기잡는 그릴
울트라, 리드포함
​
​
​
​
​
​
SAMSUNG 삼성
비스포크 큐커
멀티 22L
​
​
​
​
​
​
VITAMIX 바이타믹스
블렌터 E520
화이트 / 블랙
​
​
​
​
​
​
NINJA 닌자
6 IN 1 에어그릴 & 에어 플라이어 5.7L
​
​
​
​
​
​
NINJA 닌자
크리스피
에어 프라이어 3.8L
​
​
​
​
​
​
SAMSUNG
인덕션 더플레이트 2구
​
​
​
​
​
​
KIRKLAND SIGNATURE
커클랜드 시그니춰
진공 포장롤 세트
​
​
​
​
​
​
ILLY 일리
우유거품기
라떼 글라스 세트
​
​
​
​
​
​
닥터웰 밀착땅콩 돌 찜질기
DWH-179
​
​
​
​
​
​
GEEK 긱
파워 드라이어 BLDC 모터
​
​
​
​
​
​
다룸 제로컬렉션
무선청소기
브러쉬 4종
​
​
​
​
​
​
MW 제이엠더블유
바디 드라이어
최대 하중 230KG
​
​
​
​
​
​
MOOAS 무아스
플라즈마 BLDC
헤어드라이어
​
​
​
​
​
​
GLASSLOCK 글라스락
그리드팬 39CM
​
​
​
​
​
​
FISSLER 휘슬러
퓨어글라스 쿡웨어
7P 독일산
​
​
​
​
​
​
AMT 쿡웨어 세트 9P
​
​
​
​
​
​
MARI STEIGER
전동커피그라인더
(보관용기포함)
​
​
​
​
​
​
마리슈타이거
오일병 & 스프레이 4P
​
​
​
​
​
​
LOCK & LOCK 락앤락
아이스볼 메이커 3P
​
​
​
​
​
​
ROLLKITCHEN 롤키친
실리콘 푸드백 6P
​
​
​
​
​
​
BRITA 브리타
정수용기 3.6L
필터 2PK포함
​
​
​
​
​
​
IRIS 서랍형 수납함 40L 40 X 50 X 23.5CM
SIDIZ 베이직 사무용의자
​
​
​
​
​
​
ZIC지크
합성엔진오일TOP 5W30
1L 4개
​
​
​
​
​
​
​
VENDICT 벤딕트
무선 에어건 마하 & 파우치 세트
​
​
​
​
​
​
VENDICT 벤딕트
차량용 무선 청소기 21,000PA
​
​
​
​
​
​
AU TECH
프로벨로접이식
전기자전거 36cm(14)
​
​
​
​
​
​
MOBIS현대 모비스
멀티 하이브리드 와이퍼 350 - 650MM
​
​
​
​
​
​
BOSCH보쉬
활성탄에어컨필터 2개
​
​
​
​
​
​
BULLSONE 불스원
3 IN 1 에탄올워셔
1.8L X 3개
​
​
​
​
​
​
CAMPLUS 캠플러스
올인원 보안카메라
8CH,4CM,유선
​
​
​
​
​
​
TAPO
Wi-Fi AI 홈 카메라
TX72 2PK
​
​
​
​
​
​
범일금고
내화금고 19L
EBL30
​
​
​
​
​
​
ARITIKA
LED 조명 실링팬
​
​
​
​
​
​
IRIS
다용도수납함 45L X3
55.5 X 40.2 X 27CM
​
​
​
​
​
​
대림바스
필터 주방헤드
필터 5개 포함
​
​
​
​
​
​
INABA 차오츄르고양이간식 14G X 90입
INABA 마구로쥬레 유산균 65G X 24입
​
​
​
​
​
​
ZIPLOC 냉장용 지퍼팩 160매 / 대형
ZIPLOC 냉장용 지퍼팩 275매 / 중형
​
​
​
​
​
​
​
ZIPLOC 버라이어티 냉장백 소형 200, 미니 100
​
​
​
​
​
​
접이식 수납함 55L 2개
​
​
​
​
​
​
접이식 수납함 패브릭 재질 100L 2개
​
​
​
​
​
​
농심 안성탕면 125G X 20
​
​
​
​
​
​
농심 신라면 블랙 134G X 20
​
​
​
​
​
농심 신라면 건면   97G X 20
​
​
​
​
​
​
오르조 바닐라 라떼 15G X 50
​
​
​
​
​
​
크라스탄 유기농 보리차 3.5G X 50
​
​
​
​
​
​
동서 둥글레차 1.2G X 280
​
​
​
​
​
VONBEE
견과류가풍성한
쌍화차 60입
​
​
​
​
​
​
삼양 불닭볶음면 큰컵 105G X 16
​
​
​
​
​
​
삼양 까르보불닭볶음면컵 105G X 16
​
​
​
​
​
​
팔도왕뚜껑 110G X 18
​
​
​
​
​
​
칠성사이다제로 300ML X 20팩
​
​
​
​
​
​
칠성사이다 190ML X 30캔
​
​
​
​
​
​
코카콜라 제로 300ML X 24팩
​
​
​
​
​
​
매콤닭꼬치 닭다리살:국내산
KG당 단가
​
​
​
​
​
​
THE LAUGHING COW
벨큐브플레인 250GX2 원산지프랑스
​
​
​
​
​
​
KOVEA
리클라이너캠핑의자
​
​
​
​
​
​
LUMENA
M3 LED 캠핑 랜턴
​
​
​
​
​
​
태광선식 서리태귀리세이크 1.5KG
태광선식 퀴노아10곡미숫가루 20G X 80
​
​
​
​
​
​
COLEMAN 1인용 침낭
​
​
​
​
​
​
BIBIGO 비비고 왕교자 1.925G
​
​
​
​
​
​
KIRKLAND SIGNATURE
바닐라 아이스크림 1.89L X 2팩
​
​
​
​
​
​
LABNOSH 랩노쉬
단백질 드링크 260ML X 24
​
​
​
​
​
​
LABNOSH 랩노쉬
슬림쉐이크
제주말차맛 45GX14개
​
​
​
​
​
​
HNAF
먼투썬 7주
980G / 20g X 49
​
​
​
​
​
​
APRIL AT HOME
목편한 냉감베개
38 X 16CM
​
​
​
​
​
​
APRIL AT HOME
냉감 경추 베개
30 X 50CM
​
​
​
​
​
​
SHARK 샤크
에보파워시스템+
스틱청소기 OS150
​
​
​
​
​
​
ODDANGLE 오드앵글
BLDC 선풍기
CT-F1460DT
​
​
​
​
​
​
SHINIL 신일
BLDC 선풍기
SIF_CO10ST
​
​
​
#코스트코
#코스트코김해
#코스트코김해점
#코스트코할인상품
#코스트코4월할인
#코스트코4월다섯째주할인
#코스트코4월다섯째주
#김해점코스트코할인
#코스트코평일
#코스트코주말
#코스트코할인
#코스트코살만한것들
#코스트코살만한템
#코스트코추천
#코스트코추천템
#코스트코홀세일김해점
#코스트코홀세일",https://blog.naver.com/ssad9/224265986320,하찮은냥,20260426,2026-04-27 16:31:34
세븐일레븐 쿡인페이퍼 즉석까르보불닭볶음면,미리보는 코스트코 할인정보[4월27일 월] 여행가방 지우개세트... ,김치볶음상하키친 비프카레본죽 쇠고기 장조림 양반 진국 소고기무국비비고 사골곰탕 진우불식당 즉석우동 풍국면 들깨칼국수양반 오쏘티드 칼떡볶이떡볶이의 신 짜장 라볶이비비고 떡볶이백제... ,"https://youtu.be/UMul_haezh4
- YouTube
YouTube에서 마음에 드는 동영상과 음악을 감상하고, 직접 만든 콘텐츠를 업로드하여 친구, 가족뿐 아니라 전 세계 사람들과 콘텐츠를 공유할 수 있습니다.
youtu.be
콜라겐 딥 마스크 바디 워시 시트러스비타민 슈퍼오메가 골프공 피스 쉬크 인튜이션 제모기제모기 날 온더바디 발을 씻자 코튼 풋샴푸 데오도란트 바디미스트 오가니스트 딥 모이스처 바디워시생활건강 모노티크 바디워시 입 도브 피치 화이트 바디워시 우르오스 페이스바디워시오스트레일리안 보태니컬 핸드워시 프롬바이오 관절연골엔 보스웰리아초록입홍합콴첼정구연산칼슘 글루코사민네츄럴라이프 칼슘 마그네슘 비타민 센트룸 칼슘비타민미니웨버네추럴 마그네슘정아연 정동국제약 마그마 스피드샷리콜라 허브캔디 트루블루 프로폴리스 캔디 마누카허니리콜라 레몬민트 허브캔디 콤비타 프로폴리스 스프레이정관장 홍삼정스틱 에브리타임 소프트광동 홍삼 배도라지진액정관장 홍삼정 현정관장 홍삼정현광동 보감쌍화진액종근당건강 침향환 환 정관장 홍삼진 현동원천지인 홍삼절편 동원천지인 홍삼정골드고려은단 비타민타우린음료병 오로나민 드링크박스 동아제약 박카스동화약품 부채표 가스 활빙그레 면역워터뉴트리원 퓨어산양유단백질셀렉스 프로틴 드링크 오리지널바이탈 프로틴 콜라겐메디웰 고단백웨이더 혈당케어 프로틴프리미어 프로틴 단백질 드링크 팩 셀렉스 프로틴 밀크바닐라하이뮨 프로틴밸런스액티브비건하이뮨 프로틴밸런스액티브익스트림 트리플 아르기닌랩노쉬 단백질 드링크골드스탠다드 웨이단백질보충제 초콜릿맛 웨이더 단백질 보충제 초콜릿맛 랩노쉬 슬림쉐이크 인절미맛랩노쉬 슬림쉐이크 제주말차맛뉴케어 구수한맛 뉴케어 당플랜 뉴케어 고소한검은깨한미양행 다이어트가르시니아종근당건강 알로에 이뮨스틱 여에스더 글루타치온 울트라덴프스 덴마크유산균이야기비에날씬에스 다이어트유산균생유산균프리미엄락토핏 듀얼바이오틱스락토핏 당케어데일리세노비스 키즈 프로폴리스 스프레이쎌바이오텍 듀오락키즈유산균세노비스 아연 면역 구미센트룸 키즈 츄어블멀티비타민프로메가 식물성 츄어블오메가 키즈센트룸 멀티비타민구미 어린이눈건강구미네이처메이드 비타민 구미 얼라이브 엘더베리 구미 뉴트리코어 초임계비타민정슈퍼 컴플렉스판토모틴 비오틴판토텐산바이엘 베로카 발포비타민 실버 멀티비타민대웅제약 임팩타뮨듀얼바이탈이뮨 일분 액상정트리 데일리 멀티비타민센트룸멀티비타민 실버우먼센트룸멀티비타민 실버맨센트룸멀티비타민 우먼센트룸멀티비타민 맨한미양행 콘트로이친정 관절 리프리놀 초록입홍합 추출오일뉴트리원 코코칼슘젤리포크릴오일엔젯오리진 아쿠아셀오메가블랙모어스 피쉬오일 미니웨버네추럴 오메가프로울트라 오메가 지큐랩 콜레스테롤억하이큐 포스파티딜세린징코뉴트리원 루테인지아잔틴 아스타잔틴동국제약 테아닌아쉬아간다웰케어 멜라메이트 구미아모레퍼시픽 굿슬립 가바안국건강 아이원 눈건강 솔루션 아이시안 루테인지아잔틴바슈롬 오큐비전 한미양행 멜라치오 정알유 비타민 정박스 안국건강 간 피로솔루션 헛개한미헤파케어 밀크씨슬홍경천대웅제약 우루샷 익스트림 트리플트루블루 프로폴리스포르테뉴트리원 파인애플효소뉴트리원 더콜라겐 데일리프로바이오틱에버스트로겐에버콜라겐 인앤업덴프스보령 위엔포스지큐랩 쿨멜팅 유산균그레인온 카무트효소닥터루템맥주효모푸드올로지 콜레올로지 콜레올로지포 마스터바이옴 지노마스터트루블루 스피루리나바이탈뷰티 슈퍼레티놀한독 테라큐민 슈퍼커큐민포 네이처스트루스 애플사이다비니거 구미세노비스 코엔자임큐텐 다목적 렌즈관리용액신신제약 신신파프쿨 신신제약 신신파프핫 크리넥스스타일 슬림쿨 비말차단 마스크대형 니트릴 다용도 장갑 장 소니트릴 다용도 장갑 장 중니트릴 다용도 장갑 장 대웰케어 전립소옥타코사놀유리아쥬 진피 철결제성인용 언더웨어성인용 언더웨어 디펜드 안심성인용기저귀디펜드 프리미엄 성인용기저귀피지오겔포 맨 오휘 마이스터맨 올인원 우르오스 올인원 모이스처라이저 스킨밀크 우르오스 올인원 모이스처라이저 스킨로션 도루코 페이스 모션 면도기 면도기날 질레트 프로글라이드 면도기 면도기날 질레트 프로글라이드 면도날질레트 퓨전프로글라이드젤비겐 크림톤 염모제팩진한밤색 비겐 크림톤 염모제팩자연갈색 비겐 크림톤 염모제팩흑갈색 검 일회용 치간칫솔 개팩 덴티스테 브레스 스프레이 프로폴리스폴리덴트 의치세정제 플랙커스 마이크로민트 치실동아제약 검가드 오리지널테라브레스헬시검스 오랄린스오랄비 치간칫솔 개팩 오랄비 글라이드 치실 민트향레드씰 프로폴리스 치약유시몰 화이트닝 치약 개스퀴저 페리오 토탈어드밴스드치약콜게이트 그레이트레귤러치약심플리젠틀 다용도 화장솜멜라노 엔자임 페이스워시심플리젠틀 면봉헤피바스 솝베리 코스트코온라인몰 코스트코휴무일 코스트코회원권 코스트코영업시간 코스트코상품권 모이스춰 버블클렌징폼 클렌징 워터닥터브로너스 퓨어 캐스틸 솝 라벤더 닥터브로너스 퓨어 캐스틸 솝 시트로스오렌지 세라놀 겔 토너패드 장팩 마몽드 어메이징 딥 민트 클렌징 밤수이사이 효소 파우더 클렌저 팩 카오 식물성 화이트 솝 비누오스트레일리안 보태니컬 비누 입 라이온 아이깨끗해 프리미엄 핸드워시 리필바 솝 비누알페신 카페인 샴푸 질레트 프로쉴드파워 면도기 면도기날 질레트 프로쉴드 면도날케라시스 아르간오일 트리트먼트엘라스틴 너리싱 샴푸 엘라스틴 너리싱 컨디셔너 미쟝센 헤어스프레이 스트롱홀드제이숲 실크케라틴 워터팩 제이숲 실크케라틴 노워시 트리트먼트엘라스틴 까멜리아 헤어오일엘라스틴 까멜리아 샴푸 팬틴 콜라겐 극손상케어 트리트먼트 팬틴 멀티태스커 컨디셔너 팬틴 멀티태스커 샴푸 헤드앤숄더 울트라 쿨멘솔 샴푸 팬틴 케라틴 노워시 트리트먼트닥터포헤어 샴푸동구밭 샴푸트리트먼트바지오바니 티트리 샴푸닥터구루트 탈모증상 집중케어 샴푸 모다모다 제로그레이 블랙샴푸 려 볼륨모근강화 샴푸유세린 하이알루론 아이크림센텔리안 멜라캡쳐 앰플프로버츠비 틴티드립밤 텐 레볼루션 아이크림손앤박 아이래쉬 세럼헤라 센슈얼 누드 밤 바세린 시트마스크팩매팩 더마픽스 콜라겐마스크매 앰플크림 매포함 글로이스트 드림 글로우 뷰티 마스크팩마르시끄 미간 주름 패치 장팩리들샷클렌저 에센스로션믹순 콩 에센스숨 시크릿 에센스 미샤 비타앰플달바 화이트 트러플 세럼 셀트리온 셀큐어 프로틴 볼륨 앰플웰라쥬 히알루로닉 블루 앰플 스킨 센텔라 앰플정샘물 에센셜 물 피팅 미스트 고려은단 비타민경남제약 레모나덴프스 트루바이타민이뮨얼라이브 원스데일리 멀티비타민웨버네추럴 비타민 리스테린 구강청결제 쿨민트센소다인 멀티케어 치약리치칫솔 센소다인 엑스트라 화이트치약파로돈탁스 쿨링민트치약센카 퍼펙트 휩 클렌저라운드랩 독도 클렌저더랩바이블랑두 올리고 히알루론산 딥토너셀리맥스 어성초 지우개패드라운드랩 독도 토너 퓨어 클렌징오일스킨푸드 캐롯 카로틴 패드 매리필매 헤라 선메이트 크림레포츠헤레 선메이트 프로텍터닥터지 그린마일드 업 와이드 선패치 회분 프란츠 선쉴드 펩타이드 선패치 회분세이프 온 시카 카밍 선쿠션 본품리필 스킨 센텔라 워터핏 선세럼아떼 비건 선 에센스닥터지 그린마일드업 선피지오겔크림세타필 뉴 모이스처라이징 로션세타필 뉴 모이스처라이징 크림일리윤 가려움토탈케어크림아비노 바디로션라벤더향 아비노 바디로션무향 아비노 바디워시자몽 아비노 바디워시무향 피지오겔 페이스 앤 바디로션오휘 에이지 리커버리 크림오휘 에이지 리커버리 스킨소프너에멀젼 오휘 프라임 어드밴서 앰플 세럼크림 오휘 미라클 토닝 크림동국제약 센텔리안 더 마데카크림아이오페 슈퍼바이탈 에멀젼아이오페 슈퍼바이탈 소프너수려한 비책진생 윤 크림 아이오페 슈퍼바이탈 크림크림 에센스수려한 비책진생 윤 유액 수려한 비책진생 윤 수액 피지오겔로션에스트라 아토베리어 크림닥터지 레드 블레미쉬 수딩 크림닥터지 블랙 스네일 크림비원츠 시카 콜라겐 리프팅 크림헤라 옴므 에센스 인 스킨 구성품 헤라 옴므 에센스 인 에멀젼 구성품 빌리프 더 트루 크림 아쿠아밤유리아쥬 오 떼르말니베아 데오드란트 롤온엔젤 아쿠아 수분 수딩젤유한킴벌리 그린핑거 파워쉴드 선스틱생활건강 태극제약 도미나스 기미케어 크림일리윤 히알루론 수분 크림한스킨 히알루론 에센스이지듀 멜라토닝 앰플피지오겔 데일리뮨 세럼토리든 다이브인 세럼오가니스트샴푸앤바디워시피노 프리미엄 터치 헤어 마스크골든앰플 헤어에센스 피지오겔 하이드로 젤 크림숨 워터 젤 크림 크래프트 양송이 스프캠벨 클램차우더 스프캔보노 옥수수알 콘스프보노 바질크림 스프상하키친 양송이 크림스프오뚜기 분카레짜장오뚜기 백세카레 약간매운맛 에스앤비 골든카레 매운맛에스앤비 골든카레 중간매운맛본죽 본소고기 가마솥국밥마마스초이스 두부 북엇국소스락 백년육수 즉석국양반 그릴리 부대전골비비고 사골시래기 된장국비비고 소고기 미역국비비고 스팸듬뿍 부대찌개비비고 육개장양반 통다리 닭볶음탕 참치캔 가다랑어 동원 참치 스팸 클래식스팸 라이트풀무원 식물성런천미트동원 고추참치동원 참치동원 맛참 고소참기름동원 번데기유동 자연산 다시마골뱅이 동원 자연산 꽁치비비고 김치볶음상하키친 비프카레본죽 쇠고기 장조림 양반 진국 소고기무국비비고 사골곰탕 진우불식당 즉석우동 풍국면 들깨칼국수양반 오쏘티드 칼떡볶이떡볶이의 신 짜장 라볶이비비고 떡볶이백제 알리오올리오파스타 백제 만테까레투움바파스타이가자연면 얼큰 누룽제비 면사랑 남해 멸치칼제비백제 도토리 비빔막국수 이가자연면 감자수제비 고메 베이컨트러플파스타 쟌슨빌 햄스팸 닭가슴살리챔 오리지널 캔 캔풀무원 평양 물냉면요뽀끼 컴라볶이풀무원 병아리콩 곤약면오뚜기 옛날 자른 당면비폰 베트남칠리 쌀국수타이와 쌀국수 스프포함 백제 멸치 쌀국수이치방딜리셔스 돈코츠라멘면발의 신 마라탕면이가자연면 신길동 얼큰짬뽕예천농협 한아름쌀미이랑 캐나다산 병아리콩미이랑 국내산 찰기장쌀미이랑 국내산 찰수수쌀월드그린 캐나다산 카무트미이랑 국내산 서리태 미이랑 페루산 적두 팥 월드그린 국내산 백태온가족 누룽지 미니백제 김치볶음밥 누룽지예맛 오곡 누룽지햇반 소프트밀 소고기죽양반 특전복죽 햇반 솥반 꿀약밥햇반 컵반 치킨마요덮밥햇반 서리태 흑미밥햇반 쌀눈가득 쌀밥햇반 발아현미밥햇반컵반 된장김치찌개밥햇반 이천쌀밥월드그린 파로월드그린 호주산 루피니빈예산농협 삼광쌀용인농협 아끼바레쌀팽성농협 고시히카리쌀마장농협 이천쌀미이랑 국내산 찹쌀미이랑 캐나다산 귀리쌀 미이랑 국내산 찰현미팽성농협 아끼라레현미미이랑 국내산 가바오색현미월드그린 미국산 찰보리쌀월드그린 국내산 찰흑미미이랑 국내산 체질균형식돈시몬 오렌지 주스이롬 주스밸런스그로우착즙 주스오가닉라이프 그린글리쿼터패스트 아이스티 복숭아 산가리아코코 복숭아청포도돈시몬 자몽주스 후룻베지 파우치팁코 파인애플주스팁코 오렌지자몽주스후버 레몬에이드후버 사과주스덴마크 테이크얼라이브 스위티자몽주스카프리썬 멀티 비타민주스피오디 라임주스카프리썬 오렌지망고주스 아몬드음료고소한 삼육두유베지밀 아몬드호두 두유이롬 약콩 두유삼육두유 국산 검은콩 두유블루다이아몬드 아몬드 브리즈상하목장 유기농 멸균우유연세우유 소화가잘되는우유빙그레 바나나맛우유허쉬 초콜릿드링크배스킨라빈스 딸기맛 우유연세우유 콜드브루커피우유사과당근 주스솔리몬 스퀴즈드 레몬주스솔리몬 스퀴즈드 레몬주스롯데 쌕쌕오렌지주스 콜라 갈아만든배핫식스 에너지드링크몬스터에너지 울트라 캔 핫식스 더프로오리지널셀시어스 오렌지치포레스트 제로 탄산음료폴바셋 어메이징오트커피매일유업 어메이징 오트폴바셋 돌체라떼칸타타 콘트라베이스 콜드브루스타벅스 더블샷바닐라스타벅스 에스프레소크림 더블샷스타벅스 파이크플레이스투썸플레이스 디카페인아메리카노유씨씨 하와이코나커피투썸플레이스 피치아이스티샷추가레쓰비 마일드 캔커피오랑지나 탄산음료 사이다제로것플렉스 골든페어 배주스블루몽키 스파클링 주스 레몬에이드 그로운라이트 딸기레몬에이드 썬스위트 프룬주스 랑거스 알폰소 망고넥타압착 사과주스 선베리 패션후르츠 주스크랜베리주스홍자몽주스 델몬트 스테비아 토마토주스선베리 토마토주스 코코넛워터오뚜기 오라면팻츠가드 고양이 두부모래무향 팻츠가드 고양이 두부모래라벤더향 아메리칸 솔루션 벤토나이트 모래 무향 애견용변패드매 아이리스 애견용변패드매 시저 애견사료 소고기 캔에이엔에프 식스프리골드 애견사료 팩 네츄럴코어 애견사료팩강아지용 사료소형견 사료프리미엄 애견사료노령견 사료 파미데이즈 치킨말이 고구마 파미데이즈 황태유산균 덴탈껌 밀키베이스뉴트리플랜 애견용 홀릭소시지뉴트리플랜 소프트뮨 화식 애견용 프리미어 고양이사료 에이엔에프 식스프리골드 고양이사료 팩 뉴트리나 비스트로 애묘사료고양이 습식캔이나바 마구로쥬레 유산균이나바 츄르비 버라이어티 봉 팬시피스트 고양이 주식캔 캔 조공 미니트릿 닭가슴살뉴트리나 비스트로 애묘용 캔사료아르르 강아지고양이 열빙어간식네츄럴코어 천연 오리가슴살이나바 챠오츄르 고양이간식 입 바우와우 애견용 혼합간식 팩 존스팜스 애견용 연어저키정직하개 애견용 소고기육포벨버드 치킨밀크껌 소형벨버드 치킨밀크껌 중형윔지스 애견용 베지소시지원데이케어 애견관절치석케어러봉 애견용 한우콜라겐껌 연어맥스퓨전 애견용 장난감클린어스 애견용 장난감시리우스 강아지 발씻자 실리콘팁 바우와우 애견용 단백질바 팩 슈퍼포우 베리츄 강아지껌스위퍼 헤비듀티 먼지청소포 핸들청소포매 스카트 살균소독티슈 매팩 스카트 유리거울 세정티슈베지터블 코인 압축 티슈 테이블 냅킨 매팩쓰레기통 비닐봉투 대용량 멀티백홈스타 욕실청소용클리너페브리즈 화장실비치형 방향제 탈취제홈워시 세탁조 크리너홈워시 파이프크린홈워시 락스이지엔 페이퍼호일 팩 이지엔 에어프라이어종이호일 알루미늄 쿠킹호일글래드 밀폐용기 용기뚜껑 삼풍 일회용 나무젓가락 매팩 삼풍 종이접시대 삼풍 종이접시중 삼풍 종이보울투고 투명컵 뚜껑빨대삼풍 이중단열 커피컵삼풍 종이컵 음료수컵개 브레프 변기세정볼 레몬 입 크리넥스 빨아쓰는 행주타월 매롤 크리넥스 위생행주스카치브라이트 다용도행주겸 청소포스카치브라이트 베이킹소다 수세미스카치브라이트 청소용브러쉬스카치브라이트 초강력 린트롤러고로고로 테이프클리너본체리필매 고로고로 테이프클리너리필침구용 고로고로 테이프클리너리필바닥용 스카치브라이트 베이킹소다청소포매 스카치브라이트 미세먼지청소포매 스카치브라이트더블액션걸레 핸들 청소포 스크럽마미 수세미스크럽대디 수세미디쉬대디 클리닝스틱번들 스카치브라이트 다용도 도트수세미스카치브라이트 옥수수그물망사수세미스빈또 올인원 세제수세미스카트 일회용수세미 매롤 마미손 고무장갑 중형 마미손 고무장갑 대형 아우라 시트형 섬유유연제 건조기용리큐제트프로 포인트샷얼룩제거제슈가버블 과탄산소다 표백제타이드 액상세탁세제 홈케어 프리미엄습기제거제미세스 마이어스 다목적 세정제 스프레이 슈가버블 식기세척기세제프로쉬 식기세척기세제 식기세척기세제 슈가버블 애플향 주방세제 매소드 주방세제키친솝 주방세제 프로쉬 주방세제프릴 헨켈 베이킹소다 주방세제 레몬향울샴푸 중성세제 리큐 세탁세제 드럼겸용 피지 시트형세탁세제드럼겸용 다우니 퍼펙트딥클린 라브아세제 아이리스피오니 개피지 모락셀라 냄세제거부스터파워브라이트 세탁세제 입 퍼실 디스크세제 피지 디나자임 딥클린맥스세탁세제울트라클린팩세제 퍼울 머스크블룸세탁세제 액체세탁세제 프로쉬 알로에베라세탁세제액츠데오후레쉬 세탁세제베이킹소다 퍼실 어드밴스드젤세탁세제 샤프란 꽃담초 섬유유연제 다우니 섬유유연제 에이프릴프레쉬 다우니 인퓨전 섬유유연제 블리스 다우니 섬유유연제 실내건조다우니 섬유유연제 삶음탈취 섬유유연제 후레쉬섬유유연제 라벤더 라브아 섬유유연제 프랑지파니가이악프로쉬 코튼블라썸 섬유유연제레노아 섬유유연제 화이트머스크향 시트형 섬유유연제 매팩 다우니 언스탑퍼블 향기부스터 러쉬인워시향기부스터 스프링프레쉬향기 부스터 울트라프레쉬지퍼백 대형 지퍼백 중형지퍼락 스마트지퍼백 대형지퍼락 스마트지퍼백 중형지퍼락 버라이어티 냉장백 소형 미니 이지엔 슬라이더스탠징지퍼백이지엔 비닐백 중형 매이지엔 롤백 대형이지엔 롤백 소형 매 주방용랩 주방용랩 중형 팩 글래드 프레스앤씰 매직랩 팩 이지엔 일회용 비닐장갑 매페브리즈 섬유탈취제 다우니향페브리즈 섬유탈취제 향균페브리즈 섬유탈취제 실내건조페브리즈 공기탈취제라브아섬유탈취제 사이프러스베티버콤보스 체다 치즈 크래커 나비스코 리츠 크래커 코로코 완두콩 크래커켄지 파 크래커아마노야 센베 쌀 크래커오데이 누가샌드위치 크래커 카스 테이블워터 크래커쿠키아 뚜부 크래커돌리 제주 감귤 과즐 봉 돌리 오란다청년떡집 말랑말랑 꿀오랑돌리 한입 전병 믹스미왕 고소한 쌀과자삼립 궁중 꿀약과 마마스초이스 쌀크래커 김파래맛마마스초이스 고구마 프라이즈맥코믹 스테이크 시즈닝리치스 스위트콘하인즈 굿마요네즈린지 라지 피티드 블랙올리브 캔 청정원 고소한마요네즈 골드 큐피 참깨드레싱 블레이즈 발사믹 글레이즈맥코믹 시저 샐러드 드레싱하인즈 토마토케찹 네이처소스 샐러드토퍼하인즈 토마토케찹베이컨 크럼블스하인즈 토마토케찹프레쉬 고메 양파후레이크크래프트 미라클 휩프렌치스 머스타드이지쉐프 알리오올리오 소스하인즈 클래시코 크리미 알프레도 파스타소스라구 토마토 파스타 소스 데체코 바질페스토 가로팔로 파스타면 혼합 가로팔로 스파게티 바릴라 링귀니청정원 로제 파스타소스한라식품 수참치액소스락 백년육수청정원 올리고당 큐원 알룰로스소스락 한우 사골육수소스락 바싹말린 의성마늘청정원 조청쌀엿쌀% 안옥남 국물용 다시팩백설 프리미엄 굴소스미원 아미노산 미원 백설 소갈비양념백설 쇠고기 다시다 백설 소불고기양념남안동농협 고춧가루비비고 김치요리용소스 에스앤비 생와사비다이쇼 데리야끼소스 플라잉구스 스리라차핫소스타바스코 핫소스크래프트 스테이크소스오뚜기 참깨돈까스소스청화농산 국산볶음참깨청화농산 국산 들깨가루맥코믹 바질메사나 파마산 치즈델라미코 갈릭 후레이크맥코믹 월계수잎델라미코 파슬리 플레이크 천일염 소금 씨솔트델라미코 크러쉬드 레드페퍼 말돈소금미담 신안 구운 천일염 소금 계피가루올드톰슨 사이공시나몬스틱 핑크솔트그라인더리필소금 통후추 흑후추 그라인더리필 오뚜기 순후추샘표 양조간장 몽고 송표 프리미엄 간장 영덕농수산 영덕 게간장 빽쿡 만능요리액젓미즈칸 쯔유 백설 하선정멸치액젓롯데 미림 요리전용맛술샘표 연두본죽비빔밥 소고기강된장청정원 조개멸치 양념된장해찬들 구수한 가정식집된장 청정원 순창 초고추장해찬들 궁중식 볶음고추장청정원 태양초일품고추장 해찬들 우리쌀태양초고추장 해찬들 고기전용쌈장시아스 오리엔탈 드레싱 토마토페이스트 다이스토마토아라움 매콤달콤 보리멸 봉 마마스초이스 바삭한닭껍질후라이드마마스초이스 구운 오징어채마마스초이스 오징어 소면 왕오징어구이 스틱마마스초이스 치즈오징어마마스초이스 버터구이 오징어마마스초이스 황태 껍질 튀각푸드엔씨 구운 미니 쥐포피쉬트리 고소한 먹태소스포함 마마스초이스 황태 양념구이벤토 스위트앤스파이시 불징어피쉬트리 오사리안주멸치피쉬트리 오븐에구운먹태깡오뚜기 초간편 감자전 믹스에스프레소 블렌드하우스 블렌드콜롬비아원두커피 스타벅스 브랙퍼스트블렌드 스타벅스 카페베로나 룰리커피 스페셜블랙원두커피 카누 카페블렌드 원두커피 모모스커피 하우스블렌드자비다커피 헤이즐넛바닐라 원두폴 바셋 블렌드 테라로사 올데이 블렌드 커피명가 올굿블렌드원두커피 구스틴크래머 핸드드립커피필터 장팩 스타벅스 미디엄 아메리카노 보헤미안 로스터스 인스턴트커피카누 미니텀블러포함 바리스타커피 헤이즐넛 커피볼맥심 모카골드 마일드헤라 선메이트 프로텍터파이어폭스 바베큐숯대림바스 샤워헤드메탈호스 대림샤워 호스 대림바스 세면대필터헤드 리필필터개포함 대림바스 주방헤드필터대림바스 필터 주방헤드 필터개 포함 대림바스 필터샤워헤드 필터개포함 대림바스 샤워헤드필터듀라셀 알카라인 건전지 듀라셀 알카라인 건전지다용도 극세사타올 장 노랑 불스원에탄올워셔 개뽑아쓰는 다용도 타월 장 불스원 레인 이지그립 발수코팅 불스원 레인 스피드 발수코팅개 소나텍 익스트림나노엔진코팅개 불스원 프리미엄 연료첨가제개 휘발유 불스원 프리미엄 연료첨가제개 경유 페브리즈 차량용방향제클립프레쉬허브 맑은하늘바람 페브리즈 차량용방향제클립다우니 맑은하늘바람알카라인건전지알카라인건전지 듀라셀 울트라알카라인 건전지 듀라셀 울트라알카라인 건전지 듀라셀 알카라인 건전지 듀라셀 리튬 건전지 유니 제트스트림 볼펜색 유니 제트스트림 볼펜색 제브라 샤프샤프개 심개쓰리엠 박스 테이프티라이트정수필터 브리타호환브리타 막스트라프로 필터라바짜 네스프레소호환크레마에구스토 라바짜 네스프레소호환퀄리타 로사 카피탈리 네스프레소호환종 클라시코 벨루타토 포르테 카피탈리 네스프레소호환종 클라시코 벨루타토 포르테 브라질 룽고 킴보 네스프레소호환바리스타 나폴리 인텐소 스타벅스 네스프레소플레이버 스타벅스 네스프레소디카프 스타벅스 네스프레소싱글오리진콜롬비아 하우스블랜드 에스프레소로스트 스타벅스 돌체구스토네스카페 돌체구스토아메리카노 룽고 베스트모먼트 돌체구스토브라운 전기면도기 세정액팩 스타벅스 돌체구스토하우스블렌드 파이어폭스 알루미늄 직화용기 버라이어티팩코베아 헤스티아 토치 파이어폭스 에탄올 고체연료풍국면 들기름막국수풍국면 온동네 소면 백제 당초밀면백제 히모카와 우동백제 필승의 잔차국수포카리스웨트 이온음료 팩 토레타 과채이온음료쥬비스 애플사이다비니거밸런스그로우 수박주스립톤 제로복숭아아이스티정식품 국산콩 진한콩국스카치브라이트 베이킹소다크린스틱 핸들 패드 블루랜드 변기세정제윙크 위생 롤도마윙크 잘라쓰는 주방후드필터정샘물 스킨 누더 쿠션리필미니퍼프벌꿀 블루 아가베시럽무염견과 스낵팩 살사소스 라투랑겔 호두오일동원 저스트 육포 화이트 페퍼리치 켄주 야채크래커크리스피롤 곡잘잘미칩 볶은곤약통멸치 츄이 프로틴바화과방 프리미엄 양갱텐케이 종합 모나카후지야 밀키캔디솜 디톡스 레몬칩스타벅스 다크 아메리카노쌍계 애플사이다비니거 사과 아이스티 복숭아 티젠 레몬콤부차이디야 요거트 파우더크리스탈라이트 레몬 아이스티 크라스탄 오르조보리차 토티야 칩스 스낵킹 옐로우콘 토티야칩스프리토레이 도리토스 나초 칩프리토레이 레이즈 클래식 핑크솔트감자칩잭슨스 고구마 칩히피 칙피 병아리콩 나초칩테라칩 클래식 야채칩오리온 태양의 맛 썬프리토레이 스낵 버라이어티 팝코너스 버라이어티 백프링글스 미니 사워크림어니언프링글스 오리지널익사이클 바삭칩 믹스오리온 오징어땅콩강정롯데 스낵모음오리온 스낵모음크랙콘 카라멜팝콘에어 퍼프콘 클래식시카고 믹스 팝콘신화에프에스 컬러 오징어마마스초이스 리얼 닭가슴살 칩마마스초이스 후라이드 쥐포튀김곰표 후라이드 오징어진새우 오리지널 새우스낵스낵야드 표고버섯 칩일품채 표고채 국내산일품채 목이버섯 국내산호박고지 국내산건곤드레 나물 국내산무말랭이 국내산건고사리 국내산양구 건시래기 국내산건대추 국내산건취나물 국내산오리히로 과일 곤약 젤리폴라레티 후르트 아이스바허쉬 얼려먹는아이스크림엘제이드 쁘띠베어 아이스바트롤리 미니 버거 젤리틱톡 젤리 믹스 닥터유 프로틴바 미니 닥터유 아몬드 단백질 볼닥터유 프로 단백질 바 그래놀라 바비카인드 다크초콜릿 너트바엄마사랑 통곡물 너트바랩노쉬 단백질 쿠키 종 프로틴 바네이쳐밸리 프로틴 바네이쳐밸리 트레일 믹스 바궁 쇠고기 육포궁 골든올리브 육포궁 쇠고기 육포비첸향 골든코인머거본 칼몬드포담 빼빼어포피쉬트리 먹태깡 레드신화에프에스 갓 튀김 어포카디나 감자 스틱농심 쫄병 스낵오리온 뉴룽지더다믐 김칩스것플렉스 두부현미스낵오뚜기 뿌셔뿌셔불고기맛타오케노이 빅롤 김 스낵트윅스 미니스 초콜릿오리온 비쵸비엠앤엠즈 믹스 초콜릿부르봉 알포트 초콜릿 가염 믹스넛무염 믹스넛무염 캐슈가염 캐슈 만나다 브라질 넛원더풀 가염 아몬드 가염 피스타치오 만나몰 국산 볶음 땅콩만나다 국산 잣 가염 볶은 아몬드미국산 피칸휴슨넛 슬라이스 아몬드 미국산 생아몬드미국산 호두 그린넛 호두 반태 그린넛 호두 정과후디즈 칵테일 피넛 후디즈 허니 로스티드 피넛 플랜터스 가염 땅콩 바프 허니 버터 아몬드헤이그램 서리태 스낵카수가이 와사비콩스낵가염 땅콩캐슈 클러스터 바프 먼투썬 주 허니 마카다미아 로스티드 마카다미아부샤드 카라멜씨솔트초콜릿 부샤드 다크 %초콜릿 페레로로쉐 초콜릿총개 하리보 스타믹스 젤리제너럴밀스 후룻 바이 풋앙팡 밀크릿 카라멜 스모어코어틴 프로틴 초콜릿 볼몰티져스 밀크 초코볼아라비안 딜라이트 대추야자 아몬드초콜릿스위스 델리스 밀크 초콜릿 스위스 델리스 다크 초콜릿 메이지 마카다미아 초콜릿메이지 키노코노야마 일본 초코송이롯데 빼빼로 모음 팩 킨더 맥시 초콜릿페레로 누텔라 앤 고킨더 부에노 초콜릿킨더해피 히포해태 홈런볼 초코 틴인틴 비스켓 원더풀 무염 피스타치오제너럴밀스 후르츠거셔스젤리오리온 알맹이믹스팩제너럴밀스 후르츠 롤업 젤리트롤리 지구본 젤리 트롤리 사우어 구미스위트 스페이스 멀티 믹스 젤리트롤리 드래곤 에그 젤리 닥터큐 과즙 젤리 종멘토스 미니사이즈 과일맛후르트텔라 과일맛 요구르트츄트롤리 올인원 젤리 비달 다이노 젤리레옹 사워 젤리모음스키틀즈 믹스팩락토조이 구미 젤리하리보 골드베렌 젤리하리보 메가 파티 젤리미카구토 아주끼캔디 맛밤 봉 페를레디솔레 포지타노 레몬사탕 캔디캠프파이어 마시멜로옌끼 자일리톨 캔디투씨 팝스 미니어춰 스틱 캔디총 웨더스 오리지널 버터 크림 캔디벨라민츠 스피어민트 캔디벨라민츠 과일맛 민트 종트레핀 벨기안 커피맛 스위트 캔디 스위토리 후르츠민트향 껌 벨라민츠 스피어민트 껌맥스봉 치즈스위토리 자일리톨 껌롯데 자일리톨 껌전자레인지 팝콘웨지 감자 스낵디제이앤에이 바삭하고 고구마칩덴로쿠 스낵믹스세레나 에그롤트로피칼 필드 크리스피코코넛롤슐츠미니 프레첼 부르봉 블란츌 랑그드샤 피넛버터 프레첼 기화병가 펭귄 쿠키미니 초코크리스피티포 에그쿠키크노퍼스 웨하스센넨야 바움쿠헨마마스초이스 티각태각 야채부각스모어 오갓멜로 크리스피 쿠키 트러플하몽 크래커총 웨더스오리지널 카라멜팝콘 클래식나비스코 프리미엄 솔틴크래커 골든 오차드 트레일 믹스 싱글오리진초콜릿워커스 어쏘티드 토피초콜릿 모음밀크초콜릿 아몬드 스니커즈 펀사이즈 초콜릿스니커즈 미니스 초콜릿허쉬 키세스리터스포트 초코큐브토블론 믹스 초콜릿스위토리 피넛 클러스터스위스델리스 마운틴바초코블럭이노푸드 아몬드너겟 초콜릿알리앤로즈 미니 초코 와퍼콘부샤드 라즈베리틴나비스코 오레오쿠키위메이드 밀크 쿠키랑그드샤 쿠키밀카 초코그레인 쿠키폭스 초콜릿 쿠키스위토리 치즈 쿠키알리앤로즈 크로아상 바이트모리나가 문라이트자케 미니브라우니믹스오리온 카스타드오리온 초코파이맥비티 다이제스티브 투고 켈슨 데니쉬 버터 쿠키 카라멜라이즈 쿠키비첸지 아치쿠키박스생미쉘 프렌치 버터 쿠키카렌스 베이커리 오트쿠키 라즈베리롯데 마가렛빠다코코넛메종 브뤼에르 아몬드 크리스프크리넥스 다용도 종이타월 매입미용티슈매팩프리미엄화장지롤 크리넥스 데코소프트화장지롤 크리넥스 소프트터치 미용티슈매팩 크리넥스 휴대용 티슈매 뽀삐 점보롤화장지 롤 크리넥스 안심 키친타월매 롤종이타월매롤 크리넥스 소프트엠보싱 물티슈 매팩 꽃샘 본비 우엉차동서 둥굴레차 꽃샘 본비 우롱차 쌍계 전통차도라지 국화 누룽지 티트라 레드 애플티로얄티 루이보스 티 네스카페 테이스터스초이스커피 콜럼비아그라운드커피인스턴트커피스타벅스 드립백커피룰리커피 스페셜드립백하마야 드립백 커피테라로사 싱글오리진 드립백강릉 보헤미안 로스터 드립백커피 입 이디야 토피넛라떼커피빈 피스타치오 라떼맥심 화이트골드펄세스 스테비아커피믹스 이디야 스페셜 모카블렌드 이디야 스페셜 골드블렌드비비고 참기름퓨리티 마누카꿀 본비 아카시아꿀 메이플 시럽 초콜릿 칩 % 스키피 크런치 땅콩버터땅콩버터오뚜기 우리밀부침가루 청화농산 도토리묵가루곰표 중력밀가루미이랑 찹쌀가루 농협 우리밀 참밀가루 아몬드가루 백설 하얀설탕 홀썸 비정제 갈색설탕 큐원 갈색 설탕설탕 알티스트 설탕대신 알룰로스 큐원 스테비아 암앤해머 베이킹소다썬스위트 건자두 담달 쫀득한 건망고썬메이드 건포도건체리 건블루베리오션 스프레이 건크랜베리 이롬 일 영양건강식돌 복숭아 컵태광선식 퀴노아곡 미숫가루 설빙 옛날 미숫가루 태광선식 서리태귀리쉐이크 달톤 화이트 식초마리안느 아보카도오일 올리브유스페인엑스트라버진 올리브유셀렉스 웨이프로틴 드링크라투랑겔 오일혼합 엑스트라버진올리브유스페인포도씨유오타비오 포도씨유푸엔테 해바라기유 카놀라유 백설 옥수수유 데니그리스 사과식초 사과식초명가랑 국내산 참기름명가랑 국내산 들기름명가랑 정이담긴참기름먹는샘물 천연광천수동원 보성말차아리조나 녹차진생허니티 캔 광동 옥수수 수염차 이탈리안탄산수후지산 탄산수 스파클링탄산수하이트진로 토닉워터 플레인캐나다드라이 진저에일하이트진로 블랙보리 천연광천수 제너럴밀스 바 버라이어티 팩퀘이커 심플리그래놀라 에센셜 그래놀라 프로틴 플레이크오 그래놀라 믹스 팩 제너럴밀스 시나몬토스트크런치켈로그 리얼 그래놀라그래놀라하우스 그래놀라 파로이츠캘로그 컵 시리얼캘로그 아몬드 푸레이크신라명과 달콤바삭 크룽지신라명과 오리진단팥빵삼립 오븐에구운버터도넛신라명과 리얼 브라우니미각제빵소 황치즈 버터바파이삼립 호두 타르트화과방 도넛팥빵화과방 크림딸기붓세화과방 바질스콘화과방 우피파이 팔도 비빔면농심 너구리농심 배흥동 비빔면 런닝 트리코트반바지 플립플랍성인 스티커즈 캠핑용 접이식 간이침대브라질리아 백팩 구명조끼 영유아용구명조끼 용넥쿨러 개마이어 전기포트 로렌스 머그락앤락 단 도시락휴대가방 포함 리볼브블루투스 스피커 아이폰 프로맥스아이폰아이폰 웰치스 탄산소다 포도맛 캔 콜라 제로 팩 콜라 캔 멜로그라노아란시아타 캔 마운틴듀 오리지널제로동원애묘용 캔사료 웨버 대형 숯 점화통 웨버 점보조 차콜그릴 웨버 프리미엄 차콜그릴 코스트코회원권 코스트코 코스트코추천상품 코스트코올리브오일 코스트코영업시간 코스트코타이어 코스트코상품권 코스트코추천 코스트코온라인몰 코스트코휴무일 코스트코세일 코스트코 코스트코정보세일정보 코스트코에서꼭사야할것 코스트코추천 코스트코치즈 코스트코고기 코스트코추천템 코스트코다이어트 코스트코갈비살 코스트코간식 코스트코고기소분 코스트코갈비살소분 코스트코그릭요거트 코스트코고기추천 코스트코가격표에숨겨진비밀 코스트코과자 코스트코감자수제비 코스트코냉동야채 코스트코뇨끼 코스트코낙곱새 코스트코냉동식품 코스트코냉동새우 코스트코냉동피자 코스트코닌자블렌더 코스트코냉동 코스트코디저트 코스트코다짐육 코스트코다이어트추천템 코스트코드라이기 코스트코닭다리살 코스트코등갈비 다이어트코스트코 코스트코베이글 코스트코다짐육떡갈비 코스트코레몬즙 코스트코로스트치킨 코스트코로티세리치킨 코스트코라자냐 코스트코올리브오일 코스트코추천상품 코스트코신상 코스트코필수템 코스트코연어 코스트코상추 코스트코쇼핑 코스트코영양제 코스트코아이폰
​
딥모이스처 바디워시 에멀전 골드리프팅 스킨케어 캐스키드슨 핸드크림 캐스키드슨 베스트 선물 프리미엄 호 스페셜 호 동원 프리미엄 호 제일재당 스페셜 호 백설오일 혼합선물 영진 불원산 헉슬리 핸드크림농심 너구리김치 사발면육개장 사발면신라면 소컵부여알밤 삼계탕트레브리즈 공기탈취제슈가보블 과탄소 표백제 데일리 양말 담요 슬리퍼로버락 로봇청소기 바롬 제로 컬렉션 무선청소기 스타벅스 돌체 구스트 헤이즐넛 바닐라 원두아보카도 오일골드 키위 샤인 머스켓 청포도햇반 김치 치즈 주먹밥 삼천오참치마요 주먹밥 비요뜨 초코링 콘드로이진천 어린이 눈건강궁이 바이탈프로틴 콜라겐 홍삼정 현홍삼정현홍삼선물 홍삼골드산삼배양근 진 센트룸 실버 멀티비타민 코관절 진 콜라겐 에센셜마그마 스피드샷 루테인 지하잔틴 홍삼 원력 홍삼 절편홍삼 배도라지 진액 보감 쌍화 진액 하모트효소 에버스트로겐 종군단건강 홍삼 절편 농량근 홍삼본 함뿌리 녹용 흑삼스틱 함뿌리 흑삼 아르기닌 침향환 선물 알로에 판토텐산 센트롬 멀티비타민 구미 레몬민트 허브캔디 경남제약 레모나시 스테노비스 트리 브레스 스프레이 프로폴리스 자동전자혈압계 동구밭 샴푸 트리트먼트 바 범 일회용 치간 칫솔 조르단 인디비주얼 소프트 칫솔 질레트 프로실드 면도날 유시몰 화이트닝 치약 레인바스 샤워젤 헤드앤숄더 울트라쿨 맨솔 샴푸 흑모비체 괄호거품 연모제 시크릿 에센스 에이지 리커버리 크림 컨센트레이트 세럼프로크림 어성초 지우개 패드 아이케카테 프리미엄 핸드워시 온더바디 바르시처 코튼 푸트 샴푸 센텔리안 멜라 캡처 앰플 프로 도미나 스키미 케어 크림 미라클 토닝 크림 에이지 리커버리 스킨 소프트나 에멀전 엔자인 페이스 워시 모노티크 바디 워시 클렌징 워터가비노 바디로션 닥터 루티어 선물플라워 마켓 바디웨어 케어보타닉 가든 바디워시퓨어 코튼 선물레드 이발소 핸드워시마라탕면 소고기 미역국 양송이 스프 바질크림 스프 통다리 닭볶음탕 사골시래기 된장국 김치볶음 스팸 듬뿍 부대찌개 육개장 비비고 떡볶이 베이컨 트러플 파스타 짜장라볶이 어토리 비빔맛국수 진국 소고기묵국 어쏘티드 칼떡볶이 쌀국수 파게장 큰사발 당초 밀면 알리오 올리오 파스타 솥반 꿀약밥 누룽지 미니 소프트밀 소고기죽 컵반 치킨마요 덮밥 된장김치찌개밥 쌀밥참치 용원 스페셜 호 스페셜 호 프리미엄 호 프리미엄 김 호 비치햄 오리지널 스팸 클래식 스팸 라이트 스팸 닭가슴살 곡물복지 햄 라이트 존슨빌 햄 동원 고추참치 동원 참치 꽁치 두부 북엇국 그릴리 구대전골 사과 당근 주스 수박 주스 멜로그라노 아라시아타 제로 탄산음료 복숭아 청포도 콜라 스테비아 토마토 주스 고소한 삼육 초콜릿 드링크오랑지나 탄산음료 콜라 제로 핫식스 에너지 드링크 핫식스 더 프로 오리지널 롯데 밀키스 제로 마운틴 뉴 오리지널 제로환타 오렌지 제로 투썸플레이스 피치 아이스티샷 추가 투썸플레이스 디카페인 아메리카노 트래비 탄산수 레몬향 크리스탈 탄산수 샤인 머스켓 하차 캐나다 드라이 진저 에일 브라운 슈가 밀크티 오뚜기 열라면 파미데이지 치킨마리 고구마 애견사료 소고기 황태유산균 덴탈검 고양이 습식 캔 아르르 강아지 고양이 열빙어 간식 펜시피스트 고양이 슈식 트리플랜 애견용 홀릭소시지화면화식 애견용 애견용 장난값 베이킹소다 크린스틱 다영도 행주기엄 청소포 베이킹소다 수세미 다영도 포트 수세미 옥수수 그물망사수세미 페브리지 섬유탈취제 향균 섬유탈취제 다우니향 라부아 섬유탈취제 랩프 병기세정볼 프로시 식기세척기세제 프로시 주방세제 주방세제 헤비듀티 먼지청소포 페브리즈 화장실 비치형 방향제 루키제트 프로 포인트샷 얼룩제거제 더블액션 걸레 미세먼저 청소포 드라이 에이킹소다 청소포 초강력 린트롤로 슈가 버블 에프량 주방세제 키친솥 주방세제 에이킹소다 주방세제시티형 섬유유연제 건조기용 크리맥스 유생행주 스마트지퍼팩 스마트지퍼팩 대형 브라이어티 냉장팩 알로에베라 세탁세제 샤프란 꽃담처 섬유유연제 프로시 커튼 블라썸 섬유유연제 세탁세제 퍼실 어드밴스드 젤 세탁세제 딥클린 세탁세제 울샴푸 중성세제 나부아 섬유유연제 퍼실디스크세제 비트 세탁 세제 리큐 세탁 세제 포울 머스크 블룸 세탁 세제 다우니 섬유유연제 실내건조럭스나인 라텍스토퍼 슈퍼싱글 퀸사이즈 킹사이즈 에르고 라텍스백에 다운 얼터너티브 백에 오버사이즈 블랭켓 피너츠 엑센트러그 주방 쿠션 매트 미니 바스 타월양털 극세사 카펫 얼트메이트 담요 양털 극세사 담요 정장 양말 캐주얼 양말프리컷 팬티 프리컷 프라 캐주얼 양말 팬티 쿠션 양말라운드 티셔츠 브리프 긴소매티 방풍 자켓 밴딩 팬츠 긴팔 크로넥스트링 면바지 긴소매 맨투맨 긴소매 티셔츠 긴소매 크로티 트렌치 자켓 아린 후드 자켓 아린 청바지 스웨트 아린 밴딩 아린테리 바지 아린패키지 맨투맨 이랜드 팬츠 로고 스웨트 셔츠 청바지 치노 바지 옥스퍼드 셔츠 긴 소매 컬러 라운드 니트 와플 긴 팔티 동산 스판 팬츠 액티브 팬츠 긴 소매 쿠르 파자마밴딩 카고 조고 액티브 영양 옴니 히트다운 헤딩 자켓 피그먼트 스웨트 셔츠 보모 재킷 우유 가디건 와이드 청바지 캐시미어 니트 더블픽 캐팬츠주니어 프라네일 파자마액티브 풀집 풀집 니트 청바지 흰소매 니트 폴로 운동화 용 골프와 용 골프와 성인 스니커즈 운동화성인 운동화 노가 매트 펌 롤로 야광 킥커볼골비 플라이온 골프공 필텐 골프장갑 헤브리지 차량용 방향제 클립 볼스원 프리미엄 연료청가제박스테이프 페팔 핸드블렌더 롤치킨 스템 바스켓 야채 탈수기 페팔 칼전동 커피그라인더 스테어 크라이머여행가방 스탠리 큐인원 기능 경량 캠핑 의자 골프 우산 접이식 손수레듀라셀 알카라인 건전지번개표 등사각방등다목적 접이식 테이블 필터 주방헤드 샤워헤드 필터 네고 닌자고올인원 보안 카메라 개별 멀티탭 브라운 전기면도기 시리즈 전동칫솔모 오랄비 전동칫솔 오랄비 전동칫솔 식물 영양제 데린바스 필터 샤워 헤드연기 잡는 그릴 파워 인덕션 더플레이트 블렌더닌자 프로 블렌더 음식물 처리기 진공 포장기 멀티커피 머신 페팔 티타늄 포스 프라이팬 페팔 프라이팬스테인리스 스테인리스 더블링 디너웨어 인 유리 저장용기도로코 주방가위 도마 막스트라프로필터 엔바이저히럭스 캠핑 매트 무단 슬림 서랍장 서랍형 수납함 여행가방 원 도체자전거 차량용 스마트폰 무선 충전 거치대 불스원 에탄올 워셔 불스온 글라스 디필저 프리미엄 수공구아모스 글라스 데코프리미엄 에이퍼 복사 용지 송오브인디아 플라스틱 화분 초코그레인 쿠키 트레일믹스 태각야채 동중꿀약과 제주감귤과질 버라이어티백 와사비새우깡 두부현미스낵 갓튀김옵포 칼몬드 화이트 페퍼처스트 육포 프런치 트러플 볶음 땅콩 칵테일 피넛 허니 로스티드 피넛 프로틴 초콜릿불 커피 초콜릿 모음 스니커즈 펀 사이즈 초콜릿 사워 젤리 모음 트롤리 지구본 젤리 유기농 맛밤 쌀크래커 두부크래커 바삭칩 믹스 찰떡파이 키킷 오리지널 초콜릿 스키를드 믹스팩 체다치즈크래커사과젠파이 오븐에 구운 버터더넛 버라이어티쿠키 바삭한 닭껍질 후라이드 골든그레이염 바바라이어티 팩 원러브레드 미니 생크림 보름달 황태 양념구이 첵스 초코 콤보 팩 모레오오즈 스크램베리 아몬드 카페 블랜드 원드 커피 바게츠 인스턴트 커피바게츠 드립백 커피 스타벅스 돌체 구스터스타벅스 넷스프레스스타벅스 네스프레소킴보 네스프레소 맥심 카누미니 애플워치갤럭시플립 갤럭시폴드 게이밍 모니터 사운드 링크 플렉스 솔로 사운드 파트 퓨리케어 공기청정기 스탠바이미 인덕션식기세척기 인용달인 인덕션 프리스탠드 식기세척기 달인 스타일러 달인 드럼세탁기 달인 오브제건조기 달인 세탁기건조기 오브지의 더블 매직 리터 양문형 리터 워시타워 김치냉장고 리터 냉장고 리터 냉장고 김치냉장고김치냉장고 냉장고 리터 김치냉장고 리터 루콜라페스토 로제 파스타 소스 간장 클램 차워드 스프캔만능 육수 요리 한프리미엄 굴소스 김치 요리용 소스 소갈비 양념 불비농토마토케찹 고기전용쌈장 양조간장영덕게간장 남늑피쉬소스 궁중식볶음고추장 소소한 가정식 집된장 태양초 일품 고추장 우리쌀 태양초 고추장 백설 옥수수유 핑크솔트 선물 유기농 사과식초호두 오일 정이 담긴 참기름 마이비데 물티슈 안심 키친타올 소프트 터치 미용티슈 포켓용 물티슈 앤뉴 드링킹 블루베리 생크림 요거트 떠먹는 불가리스 알로에 요거트 서울우유 듀오완 자두 팥배 토마토 러셋포테이프 달수고구마 양송이버섯 호주산 양고기 양갈비 진공팩 아롱산태 진공팩 부채살 진공팩 옹갈빗살 진공팩 미니밤 호박 물회 양념고깨장 영광 매실 고추장 물비 무삼겹 낙곱새 유기농 사워크라우트 무첨가 레겐스 브로거 위성마늘 순환구이 쌀햄 무과연 포숑버터도이치비엔나 소시지 고로곤졸라 화덕피자 치킨너겟 콩담백면 차돌박이 냉이된장찌개 소고기버섯 비빔밥케이준 볶음밥 바비큐 폭립 프리미엄 해물경단 해시 브라운 감자 공치미 물냉면 더 킹크랩스 가쓰오 메밀소바 리얼 해초 미역면 춘천식 메밀맛국수 가래떡떡볶이 한우 곤두레나물죽 양념 소갈비찜 포기김치 총각김치 바지락 순두부찌개 양념 야채채움녹황 유기농 체다치즈 비비고 통새우 만두
​
홍삼원력년근 홍삼골드 쇠고기 육포선물 견과선물 산삼배양근진 밀크씨슬 꽃차선물 커피 선물커피 선물표고버섯 혼합 올리브 오일농원 스페셜 호 특별한 선택 호 스팸 스위트 호 스팸호 존슨빌 선물프리미엄 김 호 부각 곱창 돌김프리미엄 양갱트레일믹스프라임 견과골든비트오롯라멘 드링크 고단백 케블레미쉬 커버크로스 액션 컴플리트 세븐 버블 클렌징 폼 스트롱홀드 헤어스프레이 펜틴 샴푸 펜틴 컨디셔너 하일루론 아이크림 하일루론 라이트 크림 양송이 크림 샴푸 두부 북엇국 비비고 사골시래기 된장국 소고기 미역국 비비고 육개장 사골곰탕진 그릴리 부대전골 감자수제비 참치 만대까레 투음파 둠바 파스타 당초 밀면 도토리 비빔맛국수 너구리 오라면 신라면 소컵 육개장 사벌면 김치 사발면왕뚜껑 링기니 바로 동물국 통곡 물밥 서리태 흑미바 고시헤카리살 오대살주스 오렌지 망고 주스 스위티 자몽 주스 포카리 이온 음료 파워에이디 이온 음료 몬스터 에너지 울트라 갈베 사이다 제로 스프라이트 콜라 사이다 제로 콜라 제로라임 갈아만든배 웰치스 탄산소다 스퀴즈 에이드 콘트라베이스 콜드브루 진저에일 보성말차 구운 닭가슴살 고양이 애견용 연어져키 천연오리 가슴살 베리추 강아지껌 알루미늄 식화용기 위생 롤도마 잘라쓰는 주방 후드필터 빨아쓰는 행주타월 마민성 고무장갑 스빈토 올인홀 세제수세미 스크럽데디브러쉬 식기세척기 세제 브러쉬 주방세제코튼 블라썸 섬유연제 과탄산소다 표백제파워브라이트세제알로에 베라 세탁세제 다우니 퍼펙트 세제 딥클린 홈키파 에어졸 이어플랩 털모자 다운 자켓 원 패딩재킷 긴소매티카고조고 상하이 카고 바지 크레올라 긴팔티 에브리데이 팬츠 캐주얼 바지 캐주얼 셔츠그램 인치 인치그램 인치울트라 인치 삼성 인치 인치 인치푸드 쇼케이스 냉장고 쿠크 인용 압력밥솥천 쿠크 인용 압력밥솥메듀로 등허리 마사지 쿠션 무선 청소기천 파워드라이어 짜라메이쿡웨어 넷게이터 여행가방 브라질리아 백팩 요소수 해머 드릴원 전동 드라이버다용도 수납함 백호 소프트 화장지포켓용 물티슈 한입 강정 무염 피스타치오 포테토칩 바삭칩 믹스 감자스틱 다크초콜릿 너트바 씨쉘 초콜릿 마카다미아 초콜릿 틴인틴 비스켓 멘토스 키켓 오리지널 앙팡 밀크릿 캠파이어 마시멜로 맥스봉 치즈프리미엄 양갱 세레나 에그롤 오리지널 스트로프 와플 다이제 스티브 오레오 쿠키 콘프라이트 바버라 예티팩 유기농 토마토 케찹 백년 육수 알프레도 소스 로제 파스타 소스알룰로스 트러플 치즈 소스 루꼴라 페스토 미라클 휘프베이킹 소다 오리밀 부침가루 스테비아 만능 자간찌 간장 남륵 피쉬소스 수참치액 샘표연두 우리쌀 태양초고추장 엑스트라 버진 올리브유 비비고 참기름 올리브유 키노아 곡 미숫가루 프렌치 로스트 바게츠 인스턴트 커피헤이즐넛 앤 바닐라 원두맥싱 모카 골드 아모드 크림 스프레드레몬콘 무차 바질스콘 로만밀 식빵 피타브레드 후라이드 지포튀김 황태양념구이 씨없는 족포도 씨없는 청포도 자두 골드키윅 버섯모음 광어회 닭가슴살 닭갈비 유기농 미니크림치즈허니 슬라이스 햄 스모크 소시지 닭가슴살 큐브 하몽 올리브프리미엄 수제 델리미트 냉동 삼겹 느린 식혜 햄스빌 베이컨의성 마늘햄 메밀맛국수 국물떡볶이 함박스테이크 청잎김치 얼갈이 열무김치 찌개용 두부 부침용 두부 바지락 순두부찌개 양념 프리미엄 해물경단 튀김새우 소고기잡채 도톰 동그랑땡 통어의 고추튀김 녹두빈대떡 감자채전 설롱탕 한우곰탕 중화짬뽕 바지락 칼국수 소바바 소이 허니순살 꼬마돈까스 크리스피 핫도그 실기업 돈까스 함박스테이크 비비고 통새우만두 제주돼지 감자만두 딤섬 새우 하가우 비비고 왕교자 진한 김치만두 든든한 섬만두 미니컵 컬렉션 하겐다즈 스틱백 모둠 꿀떡 김치 치즈 주먹밥 트리플 치즈 피자 맛있는 물만두 남도 떡갈비대상웰라이프 뉴케어 트레핀 벨기안 커피맛 스위트 캔디 스키니랩 시서스다이어트블랙모어스 오더리스 알티지 오메가 피쉬오일 미니오뚜기 딸기잼암엔해머 베이킹 소다 세노비스 코큐텐켈로그 컵 시리얼 종근당건강 어린슈퍼 콜라겐 스킨핏종근당건강 알로에 이뮨 스틱프로폴리스 캔디 마누카허니트루블루 코스트코안국건강 눈건강솔루션그래놀라 바 제너럴 밀스 네이처밸리 트레일 믹스 바네이쳐밸리 프로틴 바 페레로로쉐 누텔라앤고 오리온 닥터유 프로틴바 미니 두보식품 바싹콩콩 서리태 스낵 관절리프리놀 초록입 홍합추출오일 트루블루 프로폴리스 트루블루 스피루리나 안국건강 코박사 솔루션 뉴트리원 비비랩 더 콜라겐업 젤리타입 피쉬콜라겐동국제약 센텔리안마시는 콜라겐 프로틴웨버네츄럴스 프로바이오틱 유산균 프로일유업 셀렉스 코어프로틴네스카페 돌체구스토종웨버네추럴스 비타민세노비스오메가 종근당건강주니어 홍삼 궁 쇠고기 육포 궁 골든올리브 육포 궁 쇠고기 우육포 센트룸 엔젯오리진 뉴질랜드 초록입홍합비타민 네츄럴라이프 칼슘 마그네슘 비타민 세노비스 트리리턴업 아이시안 루테인비타민 크리넥스 소프트엠보싱 물티슈 신신파프쿨 핫 신신파스쎌바이오텍 듀오락어린이 유산균콜롬비아 커피 그라운드 웨버네추럴 오메가 프로 엔젯오리진 하이큐스파티딜세린 징코슈퍼 오메가비타민청원 고구마츄 나비스코 오레오 쿠키 켄지 크리스피 고프레 바닐라 초코 라운드랩 독도토너 콜게이트 그레이트 레귤러 치약오랄비 글라이드 치실 민트향 개 무염 믹스넛견과류검 일회용 치간칫솔 썬 스위트 건자두 웰치스 후르트 후르츠젤리라운드랩 독도클렌저 수려한 비책진생 윤 유액 리즈케이 퍼스트씨세럼 파로돈탁스 치약알페신샴푸하리보 골드베렌 과일맛젤리 커피빈 캡틴아메리카노미니 팬틴 케어 샴푸팬틴 케어 컨디셔너후디스 허니 로스티드 피넛 마마스초이스 리얼 닭가슴살칩 센소다인 멀티케어 치약쌀국수 스프포함 아토팜수딩로션 상하키친 양송이 크림 스프 하마야 드립백 커피 헤드스파 더프리미엄 헤어 경남제약 레모나하리보 메가파티젤리밀크 초콜렛 아몬드 커피빈 바닐라파우더 헤이즐넛파우더담 빼빼어포에스엔비 골든카레 중간운맛 리챔 오리지널 캔캔 본죽 쇠고기 장조림 오뚜기 백세카레 약간운맛 동아제약 가그린 오리지널동아제약 가그린 제로 닭가슴살 캔인스턴트커피동원 참치 웨이더프로틴 파우더녹차라떼맛 초콜릿맛유동 자연산 다시마골뱅이맥스봉 치즈 밀카 센세이션쿠키 뚜부 크래커 화과방 프리미엄 양갱프레디 스트로베리요거트 콤보스 체다 치즈 크래커 자케 미니 브라우니 믹스 나비스코 프리미엄 솔틴크래커오리지널 스트룹 와플 오데이 누가 샌드위치 크래커로아커 미니 웨하스 믹스 스낵야드 표고버섯칩 오리온 초코파이 오리온 카스타드 전자레인지 팝콘이가자연면 감자수제비 삼립 궁중 꿀약과 비비고 갈비탕 비비고 설렁탕 비비고 소고기 장터국 비비고 소고기 미역국 비비고 육개장 오뚜기 뿌셔뿌셔 동화씨앤에프 생강 대롱미왕 고소한 쌀과자 양반 진국 소고기 무국 오리온 오징어땅콩땅콩강신화당 오란다농심 쫄병 스낵 대용량 멀티백 다용도 쓰레기봉투 작업용 장갑먼지청소포 핸들청소포마미손 고무장갑 대형중형 이지엔 일회용 비닐장갑 이지엔 페이퍼호일 삼풍 일회용 나무젓가락 베지터블 코인 압축 티슈홈케어 파워 방충제 옷장용 서랍용얼라이브 원스데일리 멀티비타민 페브리즈 섬유탈취제 다우니향 스카트 다용도위생행주 페브리즈 에어 공기탈취제심플리잰틀 다용도 화장솜 뉴초이스 미니 크리스피롤 곡 카디나 감자스틱메이플시럽스카트 일회용수세미 롤고려은단 비타민페브리즈 차량용 방향제클립개이지엔 비닐 위생백 중형 크릴오일스카치 직테이프 디스펜서 리필개함타바스코 핫소스소스락 백년육수 백설 남해굴소스 이지쉐프 알리오올리오 소스 오뚜기 골드 마요네즈 오뚜기 참깨 돈까스 소스 온동네 풍국면 소면 청원 쌀올리고당 폰타나 카르니아 크림소스 쁘레리바떼쩨 델라 나투라 트러플 소금 하인즈 토마토케찹 에스앤비 생와사비 초콜릿 믹스 바 아몬드가루 스타 케이퍼초콜릿 칩쌀 크래커선메이드 건포도 워커스 어쏘티드 토피초콜릿 모음고구미 고구마 칩스위토리 다크 카카오 초코볼백설 소갈비양념 백쿡 백종원 만능 양념장 오뚜기 옛날 자른 당면 꽃샘 우엉차 스위토리 후르츠민트향 껌 청원 순창 초고추장 마마스초이스 치즈오징어 맥심 카누미니 스틱미담 신안 구운 천일염 풀무원 수타식 즉석생우동 센트룸 실버맨센트룸 실버우먼센트룸맨센트룸우먼유동 번데기 동원 참치베이컨 크럼플스 하인즈 토마토케찹 맥코믹 시저 샐러드 드레싱 해찬들 고기전용쌈장 시아스 오리엔탈 드레싱 참스 미니어춰 스틱 캔디캠프파이어 마시멜로 오션스프레이 건 크랜베리다크 초콜릿 허쉬즈 쿠키엔크림 초콜릿참깨 드레싱 건 블루베리킷캣 오리지널 마즈 엠앤엠즈 믹스 스퀘어 밀크초콜릿허브 캔디초코 큐브해바라기 밀크초코볼자일리톨 껌 웨덜스 버터 크림 캔디 앙팡 밀크릿 밀크태블릿 이롬 주스 착즙퓨리나 베긴 애견간식 큐원 갈색 설탕 레드씰 프로폴리스 치약고양이 두부모래백설 하얀설탕 베지밀 아몬드호두 두유 벨버드 치킨밀크껌 벨버드 애견용 변패드샘표 양조간장스타벅스 에스프레소 크림더블샷 캔스타벅스 브렉퍼스트 블랙 병아비노 바디로션 원데이케어 애견관절치석케어 뉴오리진 이너플로라 농협 우리밀 참밀가루 파미데이즈 치킨말이 고구마 강아지간식 한미양행 헤파케어골드 씨제이 유기농 맛밤아보카도 마요네즈 ' 머스타드 명가랑 국내산 참기름 명가랑 국내산 들기름 돈시몬 오렌지주스후디즈 칵테일 피넛 미국산 생아몬드 미국산 호두 로스티드 마카다미아 미국산 피칸 미국산 피스타치오 파라마운트 팜즈 트레일 믹스 무염 캐슈 만나몰 국산 볶음 땅콩 마마스초이스 버터구이 오징어 파라마운트 팜즈 가염 아몬드 파라마운트 팜즈 무염 피스타치오딸기잼 계피가루 다목적 렌즈관리용액 로리스 갈릭 소금 델라미코 갈릭 후레이크 다우니 섬유유연제 블리스다우니 섬유유연제 에이프릴다우니 실내건조섬유유연제다우니 언스탑퍼블향기부스터 몰티져스 초코볼 명가랑 볶음 참깨 맥코믹 바질 백설 쇠고기 다시다 백설 중력밀가루 오스트레일이안 보태니컬 비누샘표 연두 슈가버블 과탄산소다 표백제 슈가버블 애플향 주방세제맥코믹 스테이크 시즈닝 룰리커피 스페셜티드립백 시저 애견사료 소고기 캔테라로사 싱글오리진 드립백 오뚜기 순후추 오랄비 치간칫솔우르오스 올인원 모이스처라이저 맥코믹 월계수잎 이지엔 슬라이더스탠딩 지퍼백 자연과 친구들 국산 잣 피쉬 트리 진짜해물건더기 차앤박 옴므 올인원 플루이드 델라미코 크러쉬드 레드페퍼 스키피 크런치 땅콩버터 키친솝 주방세제도숙성초토블론 타이니 초콜릿 통후추 티젠 레몬콤부차 맥코믹 파슬리플레이크 퍼실 디스크세제 퍼실 어드밴스드젤 세탁세제페레로 누텔라 퓨렐 손소독제프렌치 트러플 프로틴 바본마망프루츠 잼 프릴헨켈베이킹소다 주방세제 레몬향헤라 데일리레포츠헤라 옴므 에센스인 스킨 종샘플헤라 옴므 에센스인 에멀젼 종샘플홈워시 세탁조 크리너흑후추 그라인더리필다크초콜릿 카라멜씨솔트초콜릿 후버 사과 주스코코넛 워터후룻베지 파우치허니 로스티드 마카다미아음료수컵팁코 파인애플주스 광동 옥수수 수염차 돈시몬 자몽주스멘토스 미니사이즈 과일맛엘지생활건강 모노티크 샴푸 라벤더향 엘지생활건강 모노티크 바디워시 대용량빙그레 바나나맛우유스위티 자몽주스 연세우유 멸균우유 이지엔 에어프라이어 종이호일 삼풍 친환경 종이보울 삼풍 친환경 종이접시 대 삼풍 친환경 종이접시 중 태광선식 퀴노아 곡미숫가루 토레타 과채이온음료 트롤리 올인원 젤리 트롤리 피자 젤리틱톡 젤리 믹스카리스웨트 이온음료 풍국면 들기름 막국수 후르트텔라 요구르트 핸드 쉘드 호두 질레트 프로글라이드 면도기 면도기날네이처 메이드 울트라 마그네슘 코스트코팜로드 더블치즈 케이크 미림 요리전용맛술삼립 촉촉한 꿀카스테라 페브리즈 더블액션 화장실비치형 박스테이프 갈색다우니 실내건조세탁세제백쿡 만능장아찌 간장소스베스트모먼트 돌체구스토 호환 미즈칸 쯔유청원 조청쌀엿프리미엄화장지롤안옥남 씻어나온 간편미역 해초미인 기장미역 브레프 변기세볼 레몬안옥남 숙성 다시마 웰킵스 황사 마스크소형웰킵스 황사 마스크대형안옥남 참미역 오뚜기 분 카레짜장미이랑 미국산 퀴노아 햇반 일찰잡곡밥 햇반 쌀눈가득 쌀밥 벨라민츠 무설탕 스피아민트 캔디뽀삐 점보롤화장지 롤알티지 울트라 오메가 글루코사민 슈퍼컴플렉스 실버 멀티비타민 칼슘 마그네슘 아연 피칸클러스터 아이리스 비말마스크사이즈유리아쥬 진피 청결제 종근당건강 생유산균포스트바이오틱스미이랑 캐나다산 병아리콩스파게티면파스타면 혼합 본죽 쇠고기 야채죽 셀렉스 밀크세라마이드 콜라겐솔리몬 스퀴즈드 레몬 블루 아가베시럽 브라운 전기면도기 세액밸런스밀 프로틴 쿠키 관장 홍삼현 팽성농협 아끼바레현미 미이랑 국내산 가바오색 현미 미이랑 국내산 찰현미 미이랑 국내산 찰흑미 미이랑 국내산 흰찹쌀보리 미이랑 캐나다산 귀리쌀 미이랑 국내산 체질균형식 종근당건강 코어틴 프로틴 볼 혈중콜레스테롤엔 폴리액티브멀티비타민 스카트 핑크 행주타월 롤라구 토마토 파스타 소스 길림양행아몬드 베스트 스키피 그레인 쿠키 샌드 트러플 엑스트라버진 올리브유 페브리즈 섬유탈취제 향균 크래프트스테이크소스 병바이엘 베로카 발포비타민 템테이션 반려묘 간식닭고기맛리스테린 구강청결제 쿨민트리스테린 구강청결제 그린티리스테린 구강청결제 검케어 관절연골엔보스웰리아마즈 스키틀즈믹스 생유산균프리미엄 병보노 옥수수알 콘스프무염 견과 스낵상하목장 멸균우유 라이온 아이깨끗해 프리미엄 핸드워시 리필청원 순창 조개멸치 양념된장 청원 토마토 스파게티소스 팁코 오렌지자몽 주스 팁코 케일믹스 과일주스 피지 항균 세탁세제허쉬 초콜릿드링크 스노우버디 휘핑클렌저 니트릴 다용도장갑키친타월 롤대웅제약 우루샷피스 골프공프리미엄 고양이사료유스 래스팅 아이크림 폴리덴트 의치세제먼투썬 주 메이지 마카다미아 초콜릿극세사 대형 세차타월 레몬민트 허브캔디 라이스퍼프 초코바 크리스피 초콜릿 남안동농협 고춧가루 뉴트로지나 딥클린 아크네밍 클렌저뉴트로지나 딥클린 젠틀밍 클렌저닥터포헤어 폴리젠 닥터포헤어 피토테라피 달담 쫀득한건망고더블유디 다목적방청 윤활제개동국제약 센텔리안 더 마데카크림 동아제약 써큐란알파 동원천지인 홍삼골드 듀라셀 울트라알카라인건전지듀라셀 울트라알카라인건전지듀라셀 알카라인 건전지듀라셀 알카라인 건전지디펜드 프리미엄 성인용기저귀 대형로레알 엑셀랑스듀오 염모제 롯데 자일리톨 오리지널르샤트라 섬유탈취제 피오니부케 마마스초이스 구운 오징어채 마마스초이스 황태 껍질 튀각 마즈 스니커즈 미니스 무코타 아이 헤어트리트먼트미이랑 국내산 율무쌀 바슈롬 오큐비전불스원샷 프리미엄 연료첨가제개 경유 휘발유비겐 크림톤 염모제사우어 벨트 젤리 삼풍 이중단열 커피컵삼풍 종이컵 샐러드토퍼 셀렉스 스포츠 웨이프로틴 드링크 솔가 에스터 비타민수려한 비책진생 윤 수액 수려한 비책진생 윤 크림 스머커스 미니잼 모음스카트 테이프크리너본체리필 롤스타벅스 브랙퍼스트블렌드에스프레소 블렌드하우스 블렌드 스트라이벡틴 어드밴스드 크림 아비노 바디워시자몽아이오페 슈퍼바이탈 크림크림에센스 아이오페 슈퍼바이탈소프너 안옥남 영양솥밥요리 종근당건강 올앳미카르니틴다이어트웨이더 조인트본컴플렉스유세린 안티에이징 에센스유세린 하이알루론 아이크림관장 홍삼진 현지크 합성엔진오일개질레트 프로글라이드 면도날질레트 프로쉴드 면도날질레트 프로쉴드파워 면도기참그린 식기세척기세제 차앤박 그린프로폴리스 앰플 캐스트롤 합성엔진오일개 알카라인건전지 알카라인건전지 알루미늄 쿠킹호일피넛버터 프레첼 크리넥스 마스크 대형 킴보 네스프레소 호환 커피 리쥬란힐러 턴오버앰플 삼성 블랙토너 삼성 블랙토너 삼성토너파랑삼성토너블랙삼성토너빨강삼성토너노랑파커조터 오리지날 볼펜 푸드엔씨 구운미니쥐포 피쉬트리 오사리안주멸치 피지오겔 페이스 앤 바디로션 하인즈 버거소스 한라식품 수참치액배스킨라빈스 딸기맛 우유주방용랩중형스카트 테이프크리너 리필 바닥용파이어폭스 바베큐숯바디 솝 비누티라이트 삼성 복사용지 사이즈트라몬티나 주방 가위 다용도 극세사타올장 차량용 세차걸레 테이블 냅킨글래드 프레스앤씰 직랩 옵티멈 뉴트리션 골드스탠다드웨이 단백질보충제 프링글스 더 오리지널 콜롬비아 원두커피성인용 언더웨어 입샹 달프 과일잼 종켄지파 크래커 카라멜라이즈 쿠키 고려은단 멀티비타민 올인원 세노비스프로폴리스 스프레이소형견 사료 영덕 게간장 소스맥심 모카골드 마일드 맥심 화이트골드 대림바스 샤워헤드필터 대림바스 필터 샤워헤드필터개포함삼립 오븐에 구운 버터도넛코스트코 올리브유 파래김장 돌김자반구운김밥김장 홈스타 바르는 곰팡이싹 볼빅 플라이온 선 골프공 피스 팬시피스트 애묘용 캔사료종 캔애경 울샴푸다용도 작업용장갑 소가죽 재질 끌레드벨 리프트 쿠션 본품 아토덤 보습 크림덴타인 페퍼민트 무설탕껌시트형 섬유유연제애견용 변패드 초코칩 쿠키스타벅스 원두커피 카페 베로나 스타벅스 원두커피 브렉퍼스트 블랙퍼스트블렌드 담터 율무차 인라이프 대용량 핫로얄티 루이보스티 설탕 크랜베리 아몬드쿠키 올게인 유기농식물성 프로틴파우더 쥴스 데스트루퍼 버터비스킷 나비스코리츠 크래커 린드세이 블랙올리브비제 갈색설탕 불스원에탄올워셔개메사나 파마산 치즈 듀라셀 울트라알카라인건전지듀라셀 울트라알카라인건전지미이랑 국내산 발아귀리 현미곡 센트룸 칼슘비타민미니 웰케어리턴업 전립소옥타코사놀 관장 홍삼 현 스타벅스 비아 파이크플레이스 스타벅스 아메리카노 불스원 그라스 디퓨저개볼빅 피스 골프공무광 색페레로 로쉐 초콜릿 볼 동원 고추참치 햇반 발아현미밥 햇반 이천쌀밥돌 복숭아컵우르오스 페이스바디 클렌져 블레이즈 발사믹 그레이즈 찹쌀다시마부각 비비고 사골곰탕진 양반 특전복죽 안옥남 국물용 다시유기농 사과당근 주스 크리넥스 데코소프트롤크리넥스 안심 키친타월롤스카치브라이트 도트 주방수세미스카치브라이트 옥수수그물망사수세미스카치브라이트 일회용 변기솔 크린스틱 베이킹소다 핸들 패드프로쉬 주방세제프로쉬 식기세척기세제스카치브라이트 베이킹소다 수세미 스카치브라이트더블액션걸레 핸들 청소포스카치브라이트 초강력 린트롤러 롤스카치브라이트 베이킹소다 청소포스카치브라이트 미세먼지 청소포일 헬스뉴트리션 셀렉스 웨이프로틴 마즈 스니커즈 펀 사이즈 카프리썬 오렌지망고 카프리썬 멀티 비타민 나인위시스 하이드라 앰플세럼 큐팁스 면봉카오 화이트솝 비누센카 퍼펙트휩 클렌징폼 페이셜 워시 스팸 클래식 캔티에스 스칼프 샴푸 실크테라피 수프림 트리트먼트 스팸 마일드 리큐 세탁세제드럼겸용 비트 세탁세제 샤프란 꽃담초 섬유유연제홈스타 욕실용클리너 윙크 위생 롤도마 지퍼락 버라이어티 냉장백 소형 미니지퍼락 스마트지퍼백 중형 지퍼락 스마트지퍼백 대형 태극제약 도미나스 크림 피지오겔 로션피지오겔크림실크테라피 골든앰플헤어에센스페리오 히말라야 핑크솔트치약쉬크 하이드로 커스텀 면도기면도날개아우라 건조기용 섬유유연제 프레쉬플로렐 피지 파워업 시트형 세탁세제 드럼겸용 아이리스켓용핫 아이리스 부착용 핫 스타벅스네스프레소 엘지생활건강 오가니스트비건퍼퓸 컨디셔너 스타벅스네스카페돌체구스토다우니 향균파워 섬유유연제뉴트리원 더콜라겐동아제약 미미막스 멀티비타민구미센트룸 멀티비타민구미지큐랩스트바이오틱스듀얼바이탈이뮨일분 액상 트루블루 프로폴리스스틱 아이시안루테인 지아잔틴 뉴오리진 유한백수오앰플 병한입전병 믹스 비엔나 병아리콩 스낵와사비콩 스낵종합 모나카 비첸지 웨하스 믹스 에스앤비 골든카레 운맛 상하키친 진들깨닭고기죽 이지쉐프 소이라구소스 오뚜기 초간편 감자전 믹스 백설 우리밀부침가루땅콩버터파우더 해찬들 태양초 고추장블랙올리브파마산치즈 건대추 건곤드레 나물 건고사리 무말랭이츄이 프로틴 바 오가니스트샴푸앤바디워시떢볶이의 신 짜장 라볶이 떡볶이의 신 즉석 라볶이팬시 믹스넛 비첸지 페스트리비비고 닭곰탕 크런치 롤러스 유기농 현미강 홈케어 친환경크 스카치브라이트 다용도 행주겸 청소포 페브리즈 내추리스 섬유탈취제 라벤더 스탠리 수공구종 남극크릴 오일 지큐랩 에스 신바이오틱스 유산균 포청원 로제 스파게티소스건망고 동원 면발의 신 원조생쫄면 트레핀 벨기에 버터토피 엑스트라버진올리브유 스프레이 유기농 살사소스 마즈 트윅스 미니스 미오 크리미 애묘간식 바우와우 애견용 혼합간식오뚜기 삼겹살소스 콤보 애견용 져키 오리 브라질 넛 스페니쉬 퀸 프리앤클리어 세탁세제 회분트라몬티나 거름채뉴오리진 에스트리션백수오 도리토스 나초 칩레이즈 클래식 류샤트라 섬유유연제 피오니부케프리토스 체다치즈디핑소스 카기 초콜릿웨이퍼믹스 페이머스 데이브즈 콘브레드 믹스 광동 돼지감자차 네슬레 프루팁스벨먼 스크럽 바디워시 콜라 태양의 식후비법차 온가족 누룽지미니 파워에이드 이온음료 히츨러 히치스 오리지널던킨 네스프레소호환 미이랑 국내산 서리태 미이랑 국내산 적두 팥미이랑 국내산 찰기장쌀 미이랑 국내산 찰수수쌀 크리넥스 수프림 소프트롤일품채 표고채 솔가 관절 엠에스엠에센셜그래놀라 켈로그 리얼 그래놀라 썬키스트 석류 젤리 스틱 코스트코썬키스트 밀크씨슬 프리미엄코스트코자석파스 피프 에레키반 듀얼 바이탈 이뮨액상멀티비타민네이쳐스프렌드 체다 까망베르 치즈쿠키 클렌징워터 건성용 지복합성용메이크프렘 클렌징밀크허브솔루션 토너 젤타입 뉴트로지나 레인바스 샤워 젤 글락소스미스클라인 피지오겔 바디로션히말라야 너리싱 수분크림 동국제약 센텔리안 마데카 크림 액티브 스킨뮬러세타필 모이스춰라이징 크림 을지로 노가리 고추장함 태광선식 서리태 귀리쉐이크 상하키친 버터 치킨 카레 양반 갈치 조림 크리넥스 마이비데 물티슈 캡형총 화장실용센텔리안 멜라캡쳐앰플 로레알 엘세브 헤어오일 로즈향에그파스타 네슬레 폴로 오리지날 덴탈라이프 캣트린 연어치킨 마장농협 이천쌀 미이랑 국내산 찹쌀 파주농협 아끼바레쌀 팽성농협 고시히카리쌀 플립즈 미니초코 프레첼 세타필 모이스춰라이징 로션오트밀 찰옥수수맛 올가니카 제주감귤칩 일유업 셀렉스 생활건강 다용도세티슈 닥터지 그린마일드업선 삼육두유 아몬드음료 유한킴벌리 그린핑거 선케어카라멜아몬드캐슈세이프온선쿠션리필퍼프리플린 스톱워치상하목장 얼려먹는 아이스크림 에스디푸드 라바쑥쑥구미 올게인 프로틴바이오틱스 올게인 프로틴 쉐이크월드그린 국내산 백태 차량용 햇빛가리개 전면개측면개청원도씨유가염 볶은 아몬드 리치 펌핑치약 스낵 버라이어티 플랙커스 어린이 치실피지오겔 선크림 로션홈케어 스푼닥터피엘 퓨어팟 자동변기 세기소낙스 세차 샴푸 체리봉봉 곤약 젤리 믹스 듀오락스트바이오틱스 벌꿀리스테린 구강청결제 헬씨브라이트예인수산 한번더 구운먹태 허쉬 후퍼스 밀크초코볼포카리스웨트 분말 던킨 스틱커피 소스락 칼칼육수 델몬트 후르츠 스낵 믹스 프렌치로스트 원두 아모스 노크식 수테이프 아이스티 복숭아 아쿠아크러쉬 투명컵 뚜껑빨대 닥터그루트 애딕트 샴푸 크리스탈라이트 핑크 레모네이드 이지엔 주방용랩 대형 이지엔 주방용랩 중형 립톤 아이스티 복숭아맛 이모지 파티 캔디 믹스 바이엘 원어데이 컴플리트 멀티비타민스톤릿지 오차드 건체리 트라몬티나 다용도 집게식품 국산콩 진한콩국 메모리폼쿨젤 허리보호쿠션메모리폼쿨젤 나비목쿠션이롬 야채과일백설 해물파전믹스 맥코믹 레몬버터딜소스 비비고 스팸 부대찌개 도씨유종근당건강 락토핏 생유산균해들원 캐나다산 카무트 올가니카단백질 쉐이크뿌띠슈 해피데이 트위스틱스 애견용 덴탈스틱올데이 블렌드 크래프트하인즈 플랜터스 버라이어티프리파라 오일 스프레이 도밍고 꿀홍차 허쉬 너겟 초콜릿 캘러웨이골프공폴라초이스 스킨퍼펙팅 바하리퀴드유시몰 치약 넥스케어 밴드혼합형웰크론마스크 대형화이트러버랩 니트릴장갑 어부가 황태채 오뚜기 맛있는밥 발아흑미 해우랑 손질한 황태채넥스케어 블레미쉬 커버 삼성 복사용지 사이즈오리온 꼬북칩 초코츄러스 삼립 이즈니버터 와플 모노큐브 랩탑 스탠드 접이식거치대건강백서 애견사료 말티즈 푸들 엘지생활건강 피지오겔 바디워시한미헬스케어 비타민 구미젤리 케미칼 화초보약식물영양제백제일월풍면 파곰탕면 쌀국수 플라스틱접시 한스킨 히알루론 에센스크리넥스 안심물티슈 휴대용 애경순샘 직워시 식기세척기 액상세제 아로마뷰 옐로우가든 섬유유연제농심테토 칩 찜기 디종 머스타드 세노비스 히알루론산 병뉴트리나 비스트로 애묘사료 롯데 빼빼로 모음백설 유기농 부침가루 휴슨 넛 슬라이스 아몬드 오뚜기 양념치킨소스 머슬팜 컴뱃 단백질 보충제 동원 꼬막 비빔 키트베비언스 유아용 물티슈 캡형 눅스 리치오일 고로고로 테이프크리너본체리필고로고로 테이프크리너 리필 침구용 또는 바닥용오데이 설화병 제일제당 리턴업 전립소 쏘팔메토 벨라민츠 스피어민트 무설탕껌돈시몬 레몬에이드스마트후룻 과일퓨레 그린스마트후룻 과일퓨레 트로피칼까만 숭늉차 까늉 프라이웰 바디케어 오일 도루코 주방가위 세노비스 밀크씨슬 올가니카 꿀 담은 홍삼절편 액체세탁세제 겸용 바이엘 베로카 발포 발포비타민울트라 슈퍼 오메가비타민클럽세노비스 프로폴리스개월분 세노비스 트리 우먼 멀티비타민미네랄 울트라클린세제 회분엔젯오리진 크릴오일 화이트는 오버나이트 카프라이스 클래식 헤이즐넛 코코아 웨이퍼롤 츄어블 그린프로폴리스파워업세제 둘코화이버 구미 사과맛 망고맛딜론 다용도 화장솜 파워풀엑스 리커버리크림 박찬호크림 세노비스 마그네슘 세노비스 달맞이꽃 종자유 세노비스멀티비타민 미네랄 세노비스 트리맨 멀티비타민미네랄 테팔 티타늄프로 웍프랑스산그라놀라 시리얼 뉴트리원 르시크릿 초유 콜라겐 프로틴비비고 고등어 시래기 조림 켈로그 크랜베리 아몬드 그래놀라 켈로그 라이스크리스피 트리츠 미이랑 오트밀 켈로그 현미 푸레이크 켈로그 아몬드푸레이크 켈로그 첵스 초코콤보 포스트 오곡 코코볼스트 콘푸라이트 제네럴 밀스 프루티 럭키참스 뉴트리원 모나코사놀 와이즈넷 무선 보안카메라 바이오 피부면역 생유산균다이제스티브 투 고다크초콜릿 비스킷 코스트코웨이더 뉴트리션 프라임맨 오브파워 켈로그 스페셜레드베리 실크테라피 헤어에센스 페퍼리지팜 초콜릿 천크 쿠키비첸지 쿠키 콜랙션 식물성 피부유산균라메르풀라 쿠키셀렉션 틴 스위스 미스 핫 코코아 믹스 마시멜로 스위스 미스 핫 코코아 믹스 밀크 초콜렛 예산농협 삼광쌀 일 셀렉스 일 셀렉스코어프로틴 뉴트로지나 딥클린밍 클렌저버버리 위크앤드 향수 한미 헤파케어골드 밀라노 다크 초콜릿 쿠키페퍼리지팜 밀라노니베아 데오드란트스프레이 롤온한국멘소래담 쿨링리프롤온로션코베아 헤스티아 토치농심 김치 사발면 스팀베이스 스팀 아이 마스크 캐릭터 볼펜 타키스 푸에고칩 아디다스 피날레 축구공 호 수필터 콘에어조명거울 저소음 모던 벽시계보이로 전기방석데리야끼 소스 조리도구 스팔딩 골드농구공 도마 락앤락 무스 컬러텀블러 브리타 맥스트라 필터개좋은느낌 유기농순면 라이너 롱 일반좋은느낌 좋은순면 맥시 슬림날개 중형 대형좋은느낌 유기농순면 울트라슬림 날개 소형 중형레고 크리에이터 악어레고 씨티 경찰서와 소방서 이집션직 보습크림 더블유드레스룸 핸드크림 홈워시 홈 드라이화이트 순면 탐폰 슈퍼레고씨티 공사트럭과 레고프렌즈 하트레이크아베다 샴푸어너처링 샴푸 락앤락 보온도시락휴대가방함 리듀스 보온보냉병아소부 머그컵 양키 캔들프리즘 데스크램프 타임리와인드 아이크림뉴트로지나 바디오일 세노비스 루테인오메가 세노비스 토탈케어 세노비스 울트라오메가 세노비스 칼슘비타민 세노비스 수퍼바이오틱스 세노비스 멀티비타민 미네랄 세노비스 멀티비타민 미네랄 세노비스슈퍼바이오틱스세노비스 메가필라 게이밍 헤드셋 캐릭터 볼펜 웨스트 콧 전동연필깎이 캐릭터 볼펜 사각파우치 뉴트리원 루테인지아잔틴 뉴트리원 맥주효모 골드 뉴트리원 알티지 오메가 뉴트리원 트리플업 보스웰리아 시니케어 프로폴리스 마우스 스프레이시니케어 프로폴리스치약시니케어 프로폴리스시니케어 힐밤 시니헬스 오메가 동원홈푸드 히말라야 핑크솔트 그라인더리필 종이나라 색종이 제트스트림 볼펜 유키하라 다시냄비 로레알 엘세브 헤어 오일관장 홍삼현종근당 생유산균 페리오 치간칫솔케이스개맥스 클리닉 오일 투 폼클렌저니올리아 네올리아 올리브오일비누 글락소스미스 폴리덴트 의치세제 보관함실크테라피 샤인 트리트먼트 슬라임 동국제약 센텔리안 마데카 바이탈 세럼김문 알로에 큐어알로에베라겔크림 엘지생활건강 오가니스트샴푸앤바디워시쉬크 인튜이션 제모기 면도기개 면도날개티젠 에너지티 페리오 히말라야 핑크솔트 치약오랄비 프로플렉스 칫솔페리오 초극세모 칫솔 깨끗한 나라 휴대용 촉촉한 티슈유한킴벌리 화이트 에코프레시 중형또는 대형 질레트 퓨전 프로글라이드젤질레트 프로글라이드 파워 면도기 질레트 프로글라이드 파워 면도날질레트 스킨텍 플렉스볼 레드씰 어린이 치약던킨 드립백커피 유동 순살 왕꼬막유러피언쿠키 라고 미니 파티 와퍼로카 치즈 비스킷 생미쉘 프렌치 도넛프로쉬 식기세척기 세제팝살롯 팝콘 버라이어티오테이스트 우거지뼈해장국 신화당 인절미 스낵 디아지아 테이블 커버한스킨 클렌징 오일건성 중지성 복합성스카트 블루행주 타월 롤더블유드레스룸 퍼퓸 오뚜기 초간편 감자전 믹스 페브리즈 항균 깨끗한향 리필 고속무선충전기 고속 충전트 케이블개로지텍 블루투스키보드 블랙 화이트하빗 보조배터리 더블유드레스룸 퍼퓸 참존 징코 클렌징티슈 장개 장개블랙앤데커 핸디 청소기 핸드드립 커피필터 장불스원 크리스탈듀얼코트개불스원 레인 스피드 발수코팅 더블유디 다목적방청 윤활제 소낙스 왁스 미세 흠집 제거제 왁스용스폰지포함오프 보태니컬 스프레이 모기기피제작업등 피스 청원 통현미식초 시분 흑당 버블 밀크티 너즈 로프젤리 레인보우 스위토리 밀펑 초코볼낼리 베이비 딜 피클 크리스탈라이트 핑크 레모네이드 킨더조이 보이걸티젠 보이차 워터믹스 백제 당초 밀면 백제 도토리 비빔막국수 스위트 칠리 소스 마스 믹스드 미니즈 스팽글러 덤덤 팝스 진저젤리믹스폴로 오리지날 허쉬즈 리세스 틴 마즈 스키틀즈 펀사이즈 커피명가 올굿블렌드 뉴트리션 앤 테이스트 홍삼캔디수 메가맨 우먼스울트라오메가 밀크씨슬 동원 하루기초 초록입홍합 환 뉴트리움 유기농 멀티비타민 라미 볼펜 샤프 네츄럴코어 애견애묘 미트스틱 세타필 모이스춰라이징 로션피스 골프공 유기농 초콜릿 틴 김정문알로에 큐어인텐시브크림닥터지 레드블레미쉬 수딩크림 린도르 볼 초콜릿 마즈 몰티져스 버켓아카시아꿀 옐로우콘 토티야칩스 유리아쥬 립밤 스틱 레브르 이니스프리 그린티씨드세럼 토티야 칩스 젤리빈 가지 맛 팁코 그린주스 청소화기 청가스계스카치브라이트 다용도 세티슈 보쉬 익소멀티 드라이버 청소도구 홀더 투명 문풍지 하이츄 버라이어티 불스원 김서림방지 스프레이개농심 새우탕면튀김우동 소나텍 익스트림나노 엔진코팅개농심 신라면 봉농심 신라면 건면 봉농심 신라면 볶음면 봉농심 신라면 소컵 농심 너구리 봉오리엔트 원목 벽시계 지름팔도 왕뚜껑 농심 육개장 사발면 오뚜기 진라면운맛 용기 오뚜기 진짬뽕 소컵 농심 올리브짜파게티 오뚜기 참깨라면 컵 캐스트롤 엔진오일합성유브라이트탑 차량용부동액 코리아 틈새막이테이프 털실형형다목적 단롤링카트 단순생활 무선 미니 가습기지라프 휴대용 가스렌지켄트 패들쿠션 브러쉬던킨 원두커피던킨만원상품권레노오토 세차 양동이 맥심 슈프림골드 커피믹스 개별 멀티탭아이스토리 차량용 스마트폰 무선충전거치대에코 사각형 쓰레기통 카피탈리 네스프레소 호환 지프 크리미땅콩버터비달사순 헤어드라이어 스타벅스 윈터블랜드 원두커피 농심 안성탕면 무아스 체성분 체중계본죽 제주안심 고추장조림올리브유 옥돌김 허니체 크리미 헤어마스트비에날씬에스 다이어트유산균 섬유유연제 라벤더 아토덤 보습크림 섬유유연제 후레쉬네슬레 킷캣 팝스 센텔리안 마데카 멜라캡쳐앰플비비드 키친 콘스프 인쉘 마카다미아 곰표 후라이드 오징어튀김 풀무원 평양 물냉면 젤리빈 축구공 젤리 백설 유기농 부침가루프루팁스상하목장 멸균우유 츄파춥스 믹스캔디 양반 단호박죽 양반 프리미엄 통단팥죽초코칩 쿠키 파주농협 참드림쌀 엘지생활건강 오가니스트 컨디셔너 까리떼 블랙솔트 타르트 믹스 마즈 몰티져스 초코볼 다우니섬유유연제한스킨 클렌징 오일 생활공작소 거품형 향균핸드솝아로마티카 로즈마리 샴푸 페레로 킨더맥시 초콜릿킨더 부에노입프로폴리스 리퀴드 니베아 헴프씨드 바디로션
​
커클랜드 프리미엄 화장지 휴지 3겹40m30롤 블루베리 베이글 6개입 X 2팩 프로쉬 알로에베라 세탁세제 6L 암앤해머 베이킹소다 6.12kg 크리넥스 데코앤소프트 화장지 30롤 3겹 40m 커클랜드 울트라클린 세탁 세제 5.73L 피지 세탁세제 120매 커클랜드 종이타올타월 160매 워커스 어쏘티드 토피 초콜릿 1.25kg 스카트 크리넥스 빨아쓰는 행주 100매 부샤드 다크초콜릿 부샤드 씨솔트 초콜릿 오레오 쿠키 32팩 대용량 1.6kg 커클랜드 시그니춰 밀크초콜릿 아몬드 1.36kg 넬리 알칼리 드럼세탁기세제 가루 100회 프로쉬 식기세척기 세제 72개입 베이킹소다 올인원 대용량 신라명과 참깨 햄버거빵 70g x18개 커클랜드 울트라 클린 캡슐세제 24g 152개 프로쉬 주방세제 3L+펌프2개 미니 프렌치롤 생지 6개 x 4팩 퍼실 디스크 캡슐세제 어드밴스드 고농축 세탁세제 60개입 스위스미스 핫 코코아 믹스 28g 60개입 커클랜드 시그니처 울트라 클린 캡슐세제 140개입 프링글스 미니 사워크림 어니언 19g, 30개 피지 세탁세제 120매 종이 농심 과자 새우깡 스낵 박스 자갈치 포스틱 꿀꽈배기 5가지맛 미니 봉지 과자 세트 36개입 신라명과 호밀빵 식빵 샌드위치 건강 곡물 식전 식사 빵 코스트코 215g x 4개입 몰티져스 밀크 초콜릿볼 528g 개별포장 대용량 코스트코 초콜릿 신라명과 샌드위치식빵(대) 880g x2 홈스타 욕실용 클리너 750ml 4개 리터스포트 초코 큐브 608g 크리넥스 안심 3겹 키친타올 160매 x 12롤 스모어 오갓멜로 크리스피 쿠키 230g 스카트 크리넥스 핑크 위생 행주 빨아쓰는 행주타월 키친타올 45매 x 6롤 초코렛칩머핀 6개입 + 블루베리머핀 6개입 프레첼 갈릭버터 맛 위너스 봉지과자 85g 대만 누가 크래커580 g(14.5g X 40개) 과자 피넛버터 프레첼 커클랜드 프레즐 대용량 미니 1.56kg 땅콩버터 피넛버터 수입과자 오뚜기 뿌셔뿌셔 불고기맛 95g x 16개 디너롤 36개 오리온 카스타드 대용량 23g x 48개입 커클랜드 식기세척기세제 울트라샤인 115팩 피타 브레드 냉동 빵 100g x 6개입 허쉬 미니어쳐 초콜릿 1.58kg 커클랜드 케틀 핑크솔트 감자칩 907g 미니 초코 크리스피 1kg 프렌치 버터크라상 12CT 크로와상 무궁화 키친솝 주방세제 4L + 700ml 포도숙성초 삼립단팥빵 85g 20개 코스트코 프렌치 트러플 초코릿 1kg 길리안 씨쉘 초콜릿 500g 신라명과 허니버터 카스테라 35g x 18개 대만 누가 크래커 샌드위치 비스킷 435g 30개 카디나 크리스피 프라이스 감자스틱 600g 슐츠 프레첼 프레즐 2.72kg 커클랜드 울트라클린 액체 세탁 세제 5.73L 삼립식품 샤니 로만밀 식빵 메이지 마카다미아 초콜릿 63g 6개 코스트코 동전 초콜릿 300g(60개) 커클랜드 토티야 칩스 나초 나쵸칩 트러플 하몽 크래커 블랙 트러플 1.16KG 29G X 40개 슈가버블 애플 주방세제 4L+940ml M&M 엠엔엠즈 펀 사이즈 믹스 초콜릿 1662g 라브아 비건 고농축 캡슐세제 60개입 신라명과 달콤바삭 크룽지 25g 15개 신라명과 마드레느 마들렌 15G x 36개 540g 타오케노이 빅롤 김과자 3g x 56개 키친솝 포도 숙성초 주방 세제 4.0L 페레로로쉐 초콜릿 600g 48개입 오데이 누가 샌드위치 크래커 435g (14.5gx30봉) 홈워시 파이프크린 5L 커클랜드 버라이어티 쿠키 24개입 삼립 오븐에 구운 버터 도넛 40G x 20 Merci 메르시 초콜릿 셀렉션 675g 삼립 미니 소프트치즈케익 40G x 20개 Guylian 오리지널 씨쉘 초콜릿 500g 브레프 레몬향 변기세정볼 12개 킨더 초콜릿 맥시 21g 36개 크리넥스 각티슈 250매 x 8개 스위스 토블론 타이니 656G 스위토리 체다 까망베르 치즈쿠키 60g X 24봉 농심 스낵 모음 30g x 36개 코스트코 달톤 화이트 식초 5L x 2개입 킷캣 오리지널 삼립 추억의 옛날 꿀호떡 560gX2 1.12kg 태국 구운 코코넛칩 40g 숲속의샘 주방세제 15L 부르봉 알포트 초콜릿 775g 농심 포테토칩 390g 트윅스 미니 초콜렛 1400g 바삭하고 구워만든 고구마칩 켄지 파 크래커 15gX42 파워브라이트 캡슐 세제 180개 신라명과 오리진 단팥빵 47g x 20개 것플렉스 두부 현미 스낵 라 아부엘라 니에베스 감자칩 150g x 6봉 MARS 콤보스 체다 치즈 크래커 테이블 냅킨 330매 x 4개 커클랜드 랩노쉬 단백쿠키 20개입 뚜부 크래커 50g x 7 틴인틴 비스켓 1332G 포션 버터쿠키 18g x 25개 삼립 미니 생크림 보름달 45g×21 커클랜드 고농축 복합 세탁세제 12.7kg 프링글스 오리지널 19g X 60봉 프릴 (헨켈) 베이킹소다 주방세제 3L 레몬향 오리온 초코파이 정 대용량 72개 더다믐 코스트코 김칩스 240g 켄지 크리스피 고프레 바닐라 / 초코 630g 트로피칼필드 크리스피 코코넛롤 400g 오리온 비쵸비 과자 750g 액츠 데오후레쉬+베이킹소다 3.5L 롯데 빼빼로 모음 644g NABISCO 나비스코 프리미엄 솔틴크래커 1.36KG 해태 홈런볼 128g x 6개 잭슨스 고구마칩454g 크리넥스 뽑아쓰는 핸드타올 종이 타월 250매 4팩 스낵야드 표고버섯 칩 300G 오리지널 스트룹 카라멜 와플 1260G 진새우 오리지널 새우스낵 4개 70g FRITO LAY 도리토스 나초 칩 850G / 30OZ 파피스 벨지안 카라멜라이즈 쿠키 300개입/ 벨기에 커피 과자 슈가버블 과탄산소다 표백제 HBAF 먼투썬7주 980g 뽀삐 점보롤 화장지 600M x 4롤 마마스 초이스 리얼 닭가슴살 칩 210G
​
커클랜드 시그니춰 전자렌지팝콘 아보카도 오일 1L 엑스트라버진 한우물 통새우볶음밥 커클랜드 언솔티드 무염 믹스넛 1.13kg 커클랜드 시그니춰 생수 수지스 그릴드 닭가슴살 1.25kg 코스트코 양념 소불고기 벨기에 커피사탕 낼리스 베이비 딜 피클 커클랜드 유기농 엑스트라버진 올리브유 2L 커클랜드시그니춰 드라이시트 시트형 섬유유연제 다용도 극세사 타올 40x40cm 36개 맥코믹 어니언 크림 드레싱 소스 1000g 커클랜드 KRIKLAND 울트라 소프트 섬유유연제(라벤더) 4.4L 테라로사 올데이 블렌드 미디엄로스팅 홀빈 블렌딩 원두커피 1.13kg 미니 브리 치즈 375g 오스트레일리안 보태니컬 비누팩 8개입 커클랜드시그니춰 구운 재래김 커클랜드 시그니춰 베이컨 454g 커클랜드 유기농 땅콩버터 793.8g 제너럴밀스 시나몬 토스트그런치 702g x 2개 해쉬브라운 감자 1.2kg 둘이 함께 먹는 매일견과 아몬드호두 견과, 1.2kg 커클랜드 몬테리잭 치즈 907g 커클랜드 시그니춰 냉동 블루베리 2.27kg C-WEED 두 번 구운 감태김 8G X 10 커클랜드 시그니처 엑스트라버진 올리브오일 토스카노 C-WEED 예맛 구운 곱창돌김 170G 올리브오일 퓨어 올리브유 커클랜드 3L KAO 카오 식물성 비누 12개 커클랜드시그니춰 콜롬비아 그라운드 커피 통새우 완탕 154gx8개 KFI 버터 치킨커리 소스 650ML 비피 Biffi 바질 페스토 pesto 소스 700G 커클랜드 솔티드 가염버터 227g x 4EA KIRKLAND 커클랜드 시그니처 아몬드 가루(미국산) 1.36kg C-WEED 올리브유 파래김 40Gx8_96매 맥심 화이트골드 커피믹스 담터 쌍화차
​
코스트코세일 코스트코피자 코스트코추천 코스트코에서 꼭사야할것 코스트코버터 코스트코할인상품 코스트코소분 코스트코컴퓨터 코스트코고기 코스트코치즈 코스트코추천템 코스트코연어손질 코스트코휴무일 코스트코온라인몰 코스트코회원권 코스트코추천상품 코스트코할인 코스트코영업시간 코스트코상품권 코스트코회원권 코스트코 코스트코추천상품 코스트코올리브오일 코스트코영업시간 코스트코타이어 코스트코상품권 코스트코추천 코스트코온라인몰 코스트코휴무일 코스트코세일 코스트코 코스트코정보세일정보 코스트코에서꼭사야할것 코스트코추천 코스트코치즈 코스트코고기 코스트코추천템 코스트코다이어트 코스트코갈비살 코스트코간식 코스트코고기소분 코스트코갈비살소분 코스트코그릭요거트 코스트코고기추천 코스트코가격표에숨겨진비밀 코스트코과자 코스트코감자수제비 코스트코냉동야채 코스트코뇨끼 코스트코낙곱새 코스트코냉동식품 코스트코냉동새우 코스트코냉동피자 코스트코닌자블렌더 코스트코냉동 코스트코디저트 코스트코다짐육 코스트코다이어트추천템 코스트코드라이기 코스트코닭다리살 코스트코등갈비 다이어트코스트코 코스트코베이글 코스트코다짐육떡갈비 코스트코레몬즙 코스트코로스트치킨 코스트코로티세리치킨 코스트코라자냐 코스트코올리브오일 코스트코추천상품 코스트코신상 코스트코필수템 코스트코연어 코스트코상추 코스트코쇼핑 코스트코영양제 코스트코아이폰",https://blog.naver.com/clublsy/224265036183,코코바로,20260426,2026-04-27 16:31:35
세븐일레븐 쿡인페이퍼 즉석까르보불닭볶음면,[오늘의 저녁] 등심과 까르보 불닭볶음면 역대급 만남!,"매콤한 까르보 불닭볶음면의 유혹 고기만 먹으면 살짝 느끼할 수 있는데, 그걸 잡아주는 게 바로 이 까르보죠(?)!ㅋ 프라이팬째로 즐기는 '팬'의 감성, 다들 아시죠? 탱글탱글한 면발에 고기 한 점 올려서 돌돌... ","​
​안녕하세요! 여러분은 오늘 저녁 어떤 메뉴를 드셨나요?
저는 오늘 조금 '선 넘는' 하지만 완벽한 조합으로 한 끼를 해결했습니다.
​보통 ""저녁 뭐 먹지?"" 고민할 때 고기도 당기고 매콤한 면도 당기잖아요.
그래서 오늘은 고민하지 않고 둘 다 준비해 봤습니다!
​1. 육즙 가득한 소고기의 자태
​먼저 잘 구워진 소고기입니다. 먹기 좋은 크기로 썰어 놓으니 보기만 해도 든든하네요.
겉바속촉으로 잘 구워진 고기 한 점이면 하루의 피로가 싹 가시는 기분이죠.
​2. 매콤한 까르보 불닭볶음면의 유혹
​고기만 먹으면 살짝 느끼할 수 있는데, 그걸 잡아주는 게 바로 이 까르보죠(?)!ㅋ
프라이팬째로 즐기는 '팬'의 감성, 다들 아시죠?
탱글탱글한 면발에 고기 한 점 올려서 돌돌 말아 먹으면... 이게 바로 행복입니다.
​3. 화룡점정, 얼음 가득한 위스키 한 잔
​오늘 식사의 진짜 주인공은 어쩌면 이 위스키일지도 모르겠네요.
시원한 얼음을 채운 잔에 담긴 영롱한 빛깔!
고기의 기름진 맛을 위스키의 깔끔한 풍미가 싹 씻어주니, 무한 흡입이 가능해지는 마법 같은 조합입니다. 🍷✨
​고기 + 불닭볶음면 + 위스키 이 조합, 안 먹어본 사람은 있어도 한 번만 먹은 사람은 없을 거예요.
여러분도 지친 하루 끝에 자신에게 주는 선물로 이런 근사한 '홈파티' 어떠신가요?
​오늘도 맛있는 하루 보내세요!
​#오늘의저녁
#홈쿡
#고기파티
#소고기
#라면조합
#까르보
#불닭볶음면
#위스키
#하이볼
#페어링
#먹스타그램
#맛스타그램
#자취요리
#저녁메뉴추천
#힐링푸드
#프로혼술러",https://blog.naver.com/kwandong29/224264821211,새로운건 항상 흥미롭다.,20260425,2026-04-27 16:31:36
세븐일레븐 쿡인페이퍼 즉석까르보불닭볶음면,"코스트코 4월 넷째주 할인 총정리 스팸, 고기, 와인 대박 세일",함박스테이크  즉석 &amp; 간편식 바쁜 일상에 최고인 즉석식품과 간편식류 세일 정보입니다. 삼진... 불닭볶음면 / 까르보불닭볶음면 새우탕 튀김우동 이금기 프리미엄 굴소스 참깨 돈까스 소스 백설 소불고기양념... ,"장보기 전에 꼭 확인해야 할
이번 주
코스트코 4월 넷째주 할인
정보를
모두 모아왔습니다.
매장에서 찍어온 사진 속 가격과 구성을
텍스트로 보기 쉽게 싹 정리했으니,
카트 채우기 전에 미리 체크하시고 알뜰 쇼핑하세요!
​
이번 주 핵심은
단연 간편식, 육류, 특히 스팸과 비비고 국물류,
냉동식품의 가격 메리트가 아주 훌륭해요!
​
가장 빠르고 생생한 코스트코 할인 정보는
인스타그램에 제일 먼저 올라옵니다!
​
아래 인스타 주소를 팔로우하시고
매주 꿀정보를 절대 놓치지 마세요. 👇
​
📌
가장 빠른 할인 정보 인스타그램
맛소사 l 인천맛집 전국맛집(@mat._.sosa) • Instagram 사진 및 동영상
팔로워 10K명, 팔로잉 912명, 게시물 160개 - 맛소사 l 인천맛집 전국맛집(@mat._.sosa)님의 Instagram 사진 및 동영상 보기
www.instagram.com
​
[춘천미식로드] 왕크니까 왕고소한 춘천식 왕왕 땅콩빵 1팩 (400g내외/50개입)
탐식단
naver.me
🍩  디저트
호두과자
미니 필링 도넛 20CT
신상) 말랑 가래떡
오트 코코넛 비스킷 24CT
달콤바삭 크룽지
화과방 땅콩빵
🥛 잼 & 유제품 & 치즈
밀크캐러멜 스프레드
무화과잼
오리지널 차지키
미니 고담&에담
비요뜨 초코링
떠먹는 불가리스 딸기 / 복숭아
🍖 고기 & 해산물
고기 쟁이실 분들은 주목하세요!
코스트코 4월 넷째주 할인 품목 중
육류의 가성비가 꽤 쏠쏠합니다
​
주꾸미 볶음
국산 생물 자숙 새꼬막살
미국산 토시살 로스 (팩당 -8,000원)
미국산 채끝 스테이크 (팩당 -16,000원)
국내산 돈육 등갈비 진공팩 (팩당 -11,000원)
캐나다산 돈육 통목심 (팩당 -5,600원)
​
토마호크 우대갈비 티본 엘본 채끝 등심 립아이 비프립 스테이크 소고기 캠핑고기
마블플러스 공식몰
naver.me
​
돈육 목심 로스 / 진공팩
캐나다산 삼겹살 / 통삼겹살 / 로스
미국산 냉동 칼집 포갈비
​
​
하림 토종닭 백숙용
타파스트레이
허니 슬라이스햄
해초샐러드
크래미
시티델리 함박스테이크
​
🍤 즉석 & 간편식
바쁜 일상에 최고인
즉석식품과 간편식류 세일 정보입니다.
​
삼진 전통어묵탕모듬
삼진 종합꼬치어묵
의성마늘 직꾸닭
동치미 물냉면
동원 도이치 비엔나 소시지
동원 트러플 도이치햄
​
수제 잠봉햄 잠봉뵈르햄 샌드위치햄 무항생제 업소용 슬라이스햄 토스트 150g
숨은농장
naver.me
​
순한구이쌈햄
백종원 돼지김치찜
청정원 콩담백면
유부초밥 박사
삼호 부산어묵 골드
삼진어묵 1953 순살바
​
​
고메 소바바 소이허니 순살
고메 소바바 양념 순살
애슐리 피자바이트
고구마 / 토마토치즈 / 고르곤졸라
애슐리 트리플치즈피자
​
​
BBQ  닭강정
자메이카 치킨
하림 버팔로 핫 봉
함박 스테이크
꼬마돈까스
동원 7겹 돈까스
​
두툼 통 등심 돈까스 돈가스
대한민국농수산
naver.me
​
비비고 남도떡갈비
사옹원 바삭김치전
비비고 바지락칼국수
고메 중화짬뽕
플랜테이블 왕교자
깻잎만두
​
​
통새우만두
딤섬새우 하가우
햇반 김치치즈 / 참치마요 주먹밥
베이컨 계란볶음밥
유기농 곤드레나물밥
​
​
소고기버섯 비빔밥
천일 낙지볶음밥
플랜테이블 물만두
왕교자
들가름 막국수
불고기 크림 브리또
​
​
고메 크리스피 핫도그
두바이 쫀득 찹쌀떡
진짜 부산떡볶이
감자전 믹스
올리브유
​
​
올리브유 파래김
예맛 오곡 누룽지
비비고 떡볶이
요뽀끼 컵라볶이
상하키친 비프 카레
양반 통다리 닭볶음탕
​
순살 닭볶음탕 닭도리탕 오뎅도리탕 캠핑 음식 밀키트 테오푸드 2인분
테오푸드
naver.me
​
듬뿍 소고기죽
스팸 듬뿍 부대찌개
면발의 신 마라탕면
베이컨 트러플 파스타
이가자연면 감자수제비
양반 그릴리 부대찌개
​
​
소고기 무국
진한 사골 곰탕
소고기 미역국
사골 시래기 된장국
육개장
김치볶음
​
​
양송이 크림스프
갈치김치
총각김치
매운실비김치
본죽 소고기 장조림
동원 참치
​
​
스팸 라이트 / 클래식 / 닭가슴살
리챔 오리지널
동원 고추참치
솥반 꿀약밥
​
​
파로 통곡물밥
서리태 흑미밥
쌀눈가득 쌀밥
이천 쌀밥
김화농협 오대쌀 특
비비고 김치요리 소스
​
🍊 과일 & 야채
밀감
네이블 오렌지
자몽
블랙사파이어포도
칵테일 토마토
친환경 호박고구마
​
씨없는 블랙사파이어 수입 가지 포도 고당도
짝꿍샵
naver.me
​
파프리카
팽이버섯
로메인하트
버터헤드레터스
절단 양배추
미니당근
​
​
깐대파
후레쉬 코코넛
골드키위
데일리 프레쉬주스
니피스 착즙 애플 주스
​
​
레몬 착즙액
하겐다즈 스틱바 / 크리스피 샌드위치
표고버섯 칩
옐로우콘 토티야칩스
전자렌지 팝콘
​
​
바삭칩 믹스
두부현미스낵
더다믐 김칩스
청년떡집 꿀오랑
오레오 쿠키
레인코스트크리스프
​
​
체다치즈 크래커
모리나가 문라이트
테소로아마레나 쿠키
CHOCOLATE & SALT
오예스 미니
초콜릿 마카롱
​
[본사직영]오설록 프리미엄 녹차와플 3개 묶음
오설록 본사직영몰
naver.me
​
티각태각 야채부각
맥스봉 치즈플러스
쿠키아 뚜부 크래커
스웨덴 쿠키 7종
린도르 초콜렛
헤이즐넛 초콜릿
​
​
호그와트 익스프레스
해적 동전 초콜릿
트로피칼 펀치
후룻 바이 풋
프렌치 트러플 모음
미니스 초콜렛
​
​
이탈리안 트러플
프렌치 기모브
마카다미아 초콜릿
트레일 믹스 바
저스트 육포 화이트 페퍼
농심 배홍동 비빔면
​
​
신라면 블랙 / 건면
너구리
오라면
왕뚜껑
안성탕면
​
​
불닭볶음면 / 까르보불닭볶음면
새우탕 튀김우동
이금기 프리미엄 굴소스
참깨 돈까스 소스
백설 소불고기양념
​
​
아보카도 마요네즈
미이랑 찹쌀가루
해찬들 고기전용 쌈장
남늑 피쉬소스
몽고 송표 간장
만능 장아찌 간장
​
​
비비고 참기름
조개멸치된장
부침가루
다담 된장찌개 양념
맥심 모카골드 마일드
유기농 레몬즙
​
​
이디야 요거트 파우더 / 토피넛라떼
에센셜 그래놀라
퀴노아 10곡 미숫가루
견과류 풍성한 쌍화차
둥글레차
​
​
칸타타 콘트라베이스 / 디카페인
폴바셋 오트커피
스위티 자몽주스
라임주스
애사비 제로 스파클링
​
​
유기농 사과&당근 주스
사과주스
삼육 국산 검은콩 두유
하루귀리
칠성사이다
​
🍷 주류 & 와인 라인업
홈술족을 위한
와인과 위스키 라인업도 화려합니다.
​
코스트코 4월 넷째주 할인 행사에는
다양한 프리미엄 주류가 대거 포함되어 있으니
기간을 꼭 확인하세요!
​
까시제로델디아블로 까베르네 쇼비뇽
케이머스 까베르네 쇼비뇽
임페리얼 그랑 리저바 리오하
락베어 클레어밸리 리슬링
​
​
까시제로델디아블로 샤도네이
멈 꼬르동 루즈 샴페인
페리에주에 그랑브뤼 샴페인
프레지오 로마냐 산지오베제
​
[세계3대수상] 안나스피나토 무알콜와인 맛 무알콜샴페인 술 논알콜와인 화이트
집순이네 홈카페
naver.me
​
몬테스알파 블랙라벨 까베르네 소비뇽
브레드 앤 버터 샤도네이
켄달 잭슨 샤도네이
빌라마리아 쇼비뇽 블랑
​
​
메종장두브레송 부르고뉴 피노누아
아마란타 몬테풀치아노 다부르쪼
덕혼 포스트마크 파소 로블스 까베르네
벅쉑 버번배럴 까베르네 쇼비뇽
​
​
다크호스 까베르네 쇼비뇽
맨 빈트너스 빈 307
아이리쉬 위스키
산토리 위스키 가쿠빈
​
​
로얄 브라클라 12년
몽키숄더
조니워커 블랙
켄터키 스트레이트 버번 위스키
​
​
캐리비안 럼
데킬라 블랑코
레포사도 데킬라
런던 드라이 진
​
​
피치트리 리큐르
깔루아 리큐르
하이네켄 드래프트 케그 / 캔맥주
​
​
카스 / 삿포로 캔맥주
지금까지 스팸, 육류, 와인 등
역대급 구성으로 준비된
코스트코 4월 넷째주 할인
정보를
총정리해 드렸습니다.
​
장보실 분들은 기간 끝나기 전에
꼭 체크해 보시고 알찬 쇼핑하시길 바랍니다!
​
코스트코코리아 송도점
인천광역시 연수구 컨벤시아대로230번길 60
​",https://blog.naver.com/mat_sosa/224264393593,"맛소사, 이런 맛은 처음이야",20260425,2026-04-27 16:31:38
세븐일레븐 쿡인페이퍼 즉석까르보불닭볶음면,코스트코 고척점- 4월 넷째주 할인정보,"삼양 까르보불닭볶음면컵 19,790-&gt; 2,000원 할인 17,790원 예맛 오곡 누룽지 14,990-&gt; 3,000원... 풀무원 볶음짬뽕 17,990-&gt; 3,600원 할인 14,390원 우불식당 즉석우동 24,990-&gt; 5,000원 할인 19... ","행사시간 : 2026.04.20 - 2026.05.03
4월 12일 / 4월 26일 휴무일
홈매트 스마트 리퀴드 리필 19,990->
4,000원 할인
15,990원
홈매트 스마트 리퀴드 세트 21,990->
4,500원 할인
17,490원
뉴트리플랜 소프트뮨 화식 애견용 24,990->
5,000원 할인
19,990원
DUOBACK듀오백 각도조절 발받침 37,990->
8,000원 할인
29,990원
JACKERY 파워뱅크+솔라패널 세트 1,449,000->
300,000원 할인
1,149,000원
뉴트리플랜 애견용 홀릭소시지 14,790->
3,000원 할인
11,790원
NATURAL CORE애견사료 70%유기농 43,990->
5,000원 할인
38,990원
파미데이즈 황태유산균 덴탈껌 밀키베이스 20,990->
4,000원 할인
16,990원
INABA마구로쥬레 유산균 26,990->
3,000원 할인
23,990원
시리우스 강아지 발씻자 24,990->
5,000원 할인
19,990원
유니참 뿌려쓰는 탈취제 17,490->
3,500원 할인
13,990원
PETS GUARD 고양이 두부모래 18,990->
3,000원 할인
15,990원
크리넥스 빨아쓰는 행주타월 18,990->
3,800원 할인
15,190원
비트 세탁세제 14,790->
2,800원 할인
11,990원
아우라 시트형 섬유유연제 건조기용 19,990->
3,400원 할인
16,590원
라브아캡슐세제 아이리스&피오니 26,490->
4,600원 할인
21,890원
FIJI 모락셀라 냄새제게부스터 29,990->
5,200원 할인
24,790원
라브아 섬유유연제 프랑지파니&가이악 22,990->
4,000원 할인
18,990원
액츠데오후레쉬 세탁세제+베이킹소다 18,790->
3,300원 할인
15,490원
메르센트 섬유유연제 로즈드메이 18,990->
3,300원 할인
15,690원
샤프란 꽃담초 섬유유연제 16,990->
2,900원 할인
14,090원
ZIPLOC 냉장용 지퍼백 중형 18,990->
2,800원 할인
16,190원
ZIPLOC 냉장용 지퍼백 소형 12,990->
2,000원 할인
10,990원
윙크 잘라쓰는 주방후드 필터 12,490->
2,000원 할인
10,490원
윙크 위생 롤도마 14,990->
2,500원 할인
12,490원
스카치브라이트 베이킹소다크린스틱 19,490->
3,800원 할인
15,690원
ZIPLOC 냉장용 지퍼백 대형 20,990->
3,000원 할인
17,990원
삼육두유 국산 검은콩 두유 18,490->
3,700원 할인
14,790원
썬키스트 에사비 제로 스파클링 19,990->
3,400원 할인
16,590원
칸타타 콘트라 베이스 21,990->
3,300원 할인
18,690원
칸타타 콘트라베이스디카페인 19,990->
3,400원 할인
16,590원
몬스터에너지울트라 28,990->
5,000원 할인
23,990원
포카리스웨트 이온음료 15,790->
2,000원 할인
13,790원
MARTINELLI'S 사과주스 44,990->
7,000원 할인
37,990원
크리넥스 소프트터치 미용티슈 18,290->
3,700원 할인
14,590원
생물 자숙새꼬막살 ->
팩당 3,800원 할인
다담 된장찌개 양념 13,890->
2,900원 할인
10,990원
비비고 총각김치 24,390->
4,000원 할인
20,390원
동원 그릴리 트러플 도이치햄 13,990->
2,800원 할인
11,190원
롯데햄 의성마늘 직꾸닭 12,690->
2,700원 할인
9,990원
삼호어묵 부산어묵 골드 6,490->
1,100원 할인
5,390원
풀무원 데일리프레쉬 주스 14,990->
3,000원 할인
11,990원
니피스 착즙 애플주스 14,590->
2,200원 할인
12,390원
상하치즈 미니 칼슘체다&크림치즈 14,790->
3,000원 할인
11,790원
한성기업 크래미 10,590->
2,000원 할인
8,590원
삼진어묵 정통어묵탕모듬 12,990->
2,700원 할인
10,290원
CJ 동치미 물냉명 7,790->
1,200원 할인
6,590원
백설 햄스빌 베이컨 17,990->
5,000원 할인
12,990원
동원 도이치비엔나 소시지 10,990->
2,000원 할인
8,990원
아워홈 구씨반가갈치김치 18,990->
4,500원 할인
14,490원
삼립 시티델리 함박 스테이크 11,490->
2,300원 할인
9,190원
오레오쿠키 15,990->
2,400원 할인
13,590원
프링글스 오리지널  35,990->
7,200원 할인
28,790원
SNICKERS 미니스 초콜릿 31,790->
6,400원 할인
25,390원
비비고 플랜테이블물만두 11,790->
2,000원 할인
9,790원
하림 버팔로 핫봉 15,490->
3,200원 할인
12,290원
비비고 왕교자 14,990->
2,000원 할인
12,990원
고메 소바바소이허니순살 17,490->
2,500원 할인
14,990원
비비큐 닭강정 16,990->
3,000원 할인
13,990원
비비고 남도떡갈비 13,990->
2,500원 할인
11,490원
고메 중화짬뽕 18,990->
3,000원 할인
15,990원
햇반 김치치즈 주먹밥 13,990->
2,500원 할인
11,490원
천일 낙지 볶음밥 13,290->
2,400원 할인
10,890원
햇반 참치마요 주먹밥 13,990->
2,500원 할인
11,490원
햇반 베이컨 계란 볶음밥 13,990->
2,000원 할인
11,990원
비비고바지락 칼국수 18,990->
3,000원 할인
15,990원
고메 흑백요리사고기짜장 15,990->
2,500원 할인
13,490원
풍국면 불고기크림브리또 13,990->
2,500원 할인
11,490원
동원 7겹 돈까스 16,290->
3,300원 할인
12,990원
판코새우 30,990->
6,000원 할인
24,990원
고메 크리스피 핫도그 14,490->
2,500원 할인
11,990원
미이랑 찹쌀가루 12,490->
2,500원 할인
9,990원
삼양 붉닭볶음면큰컵 18,990->
2,000원 할인
16,990원
삼양 까르보불닭볶음면컵 19,790->
2,000원 할인
17,790원
예맛 오곡 누룽지 14,990->
3,000원 할인
11,990원
요뽀끼 컵라볶이 12,990->
2,000원 할인
10,990원
떡볶이의 신 짜장 라볶이 12,990->
2,500원 할인
10,490원
정식품 국산콩 진한콩국 10,990->
2,200원 할인
8,790원
ARTISAN 라자냐 키트 17,990->
3,600원 할인
14,390원
풀무원 볶음짬뽕 17,990->
3,600원 할인
14,390원
우불식당 즉석우동 24,990->
5,000원 할인
19,990원
백제 당초밀면 12,790->
2,300원 할인
10,490원
농심 둥지냉면 물냉면 15,990->
2,200원 할인
13,790원
풀무원 평양 물냉면 12,490->
2,000원 할인
10,490원
이가자연면 감자수제비 13,790->
2,700원 할인
11,090원
센소다인 엑스트라 화이트치약 25,990->
5,200원 할인
20,790원
퓨어 캐스틸 솝 라벤터/시트러스 24,990->
5,000원 할인
19,990원
코스트코코리아 고척점
서울특별시 구로구 경인로43길 49
​",https://blog.naver.com/hong0002/224263996977,민망소녀 블로그,20260424,2026-04-27 16:31:40
세븐일레븐 쿡인페이퍼 즉석까르보불닭볶음면,불닭소스 5종 - 핵불닭 까르보 스리라차 마요,▷ 불닭마요소스는 부드러운 마요네즈와 매운맛이 어우러져 고소한 맛을 낸다. ▷ 라면 볶음면 치킨 누들즈 등 다양한 면 요리에 뿌려 즉석 매운맛 업그레이드 가능하다. ▷ 감자튀김 치킨 핫도그 피자 토핑으로... ,"불닭소스 5종 핵불닭, 까르보불닭, 스리라차, 불닭마요
13,000원, 무료배송
ozip.me
▷ 불닭소스 5종은 삼양식품 대표 인기 양념으로 매운맛의 정석을 제공한다.
▷ 핵불닭소스는 기존 불닭보다 3배 강렬한 화끈한 매운맛으로 도전정신 자극한다.
▷ 까르보불닭소스는 카라멜과 매운맛 조화로 달콤짭짤한 풍미가 중독적이다.
▷ 스리라차 불닭소스는 태국식 스리라차 고추소스 기반으로 새콤매운 맛이 특징이다.
▷ 불닭마요소스는 부드러운 마요네즈와 매운맛이 어우러져 고소한 맛을 낸다.
▷ 라면 볶음면 치킨 누들즈 등 다양한 면 요리에 뿌려 즉석 매운맛 업그레이드 가능하다.
▷ 감자튀김 치킨 핫도그 피자 토핑으로 사용하면 레스토랑급 매운맛 완성된다.
▷ 샐러드 드레싱으로 버무려 매콤새콤한 맛을 더해 식단 변화를 준다.
▷ 각 소스 용량은 200g으로 일상 요리에 적당하며 보관도 편리하다.
▷ 매운맛 애호가 필수템으로 집에 비치하면 언제든 매콤한 한 끼 해결된다.
▷ 친구 모임 떡볶이 파티에서 소스별 시식하면 재미와 맛 두배 즐길 수 있다.
별점과 리뷰가 좋은 다양한 상품의 정보를 공유하는
생활의 아이템
생활의 아이템 : 네이버 카페
매일매일 별점과 리뷰가 좋은 다양한 상품(아이템) 정보를 공유하는 알뜰 쇼핑 정보 카페입니다 ^^
cafe.naver.com
​",https://blog.naver.com/hun56855/224263826455,hun56855님의 블로그,20260424,2026-04-27 16:31:41
세븐일레븐 쿡인페이퍼 즉석까르보불닭볶음면,서울쥐 연습생 일지 (3),ㅋㅋ 5천원타로때림 저한테 테토남이 찾아온다고햇어요 테토남 남아공에서 오고있나 언제도착함 근데 즉석으로 말 지어내는 스킬이 뛰어나셔서 넘 웃김… 5천원짜리유머값 지대로한다 인하대 신입생이 된 은긩... ,"​
​
​
안녕하세요!!!!
드디어 11월이네요~~~
​
​
​
​
쭈고
​
​
​
​
아까 뻥쳐서 죄송합니다 아직 10월임
모두의 예상을 뒤엎고 10월 31일 일기부터 시작할게염
​
​
​
시작은 평범하게 달콤하게 컨저링 수녀로
할로윈 특집이라서 이런거 좀 해봤어요 ><
​
​
​
​
​
​
11월 1일이 다들 무슨 날인지 아시나요??
​
​
바로바로
​
​
​
​
한우먹는날이고
​
동시에!
​
​
​
김장군
님의
생일
입니다!!!!
으뉴쟝의 생일임 그래서 같이 놀기로햇떠염
​
생일전야제 start
​
​
​
​
어디가고싶은지.
뭐하고싶은지.
뭐든 말해봐 ㅋ
내 여자 델꼬 올림픽공원 가기로했떠염
잠실프린스 레쭈고 ㅋㅋㅋ
사실 종수님과의 자만추 기대했는데 그런 일은 없더랍니다ㅠㅠ
​
​
ㅠㅠㅠㅠㅠㅠ
​
​
맘마부터 먹으러가자
​
​
이렇게 생긴 수상한 식당에 들어가면요
​
​
​
​
이렇게 족발덮밥이랑 새우국밥을 머글 수 있습니다!!!!!
족발덮밥 옛날부터 완전 먹어보고 싶었는데 여기 완전 줄 길어서 포기햇다가...
평일에 캐치테이븛서 성공띀ㅋㅋ
야들야들하고 맛있듣!!!!!
​
​
​
Previous image
Next image
​
와 킁킁ㅋㅋㅋ 가을냄새 ㅋㅋㅋ
올림픽공원 가는 길 가을력 100점
은행냄새도 낭낭함
​
​
​
​
​
뒤에 웅장한 롯데타워 보이시죠?
가짜잠실아니고 진짜잠실이라능~~~
​
​
​
​
​
가을이 조은 이유 : 먼가 작고 귀여운 알록달록 낙엽들이 넘 좋음
은근히 풍기는 풀냄새, 나무냄새, 흙냄새가 넘 좋음
하늘이 푸릇푸릇하고 하늘색이 짱이쁘엉!!
​
​
​
​
올림픽 공원오면 은유가 여기 와야된다함
평일이라서 스냅사진 찍는 사람들
웨딩사진 찍는사람들
은유생일 축하하러 온 사람들(참여자 2명)
등등이 있었는데 평일이라 한적~하고 포토존 널널함
​
​
​
​
부힛부힛ㅋㅋ
날씨 좋두앙ㅋㅋ
​
​
​
요정들이 살 것 같은 스팟도 도착!!
​
​
엇 ㅋㅋ 요정발견 ㅋㅋ
아 진짜 요정나오네 소문아니네
요(즘)정(신 상태 안좋은 애) 있네요
​
​
​
날씨죽인다
(날씨협박아님)
​
​
​
​
야 ㅋ 생일인데 케이크는 먹어줘야제 ㅋㅋ
를 주장하면서 은유 끌구감
​
​
생일인데 케이크 하자고~ 축하하자고~ 짝짝짝하자고~!!!
​
​
세서 1위 남친처럼 데이트코스 다 찾아서 데려감
ㄹㅇ 신랑감후보 1등이죠 나같은 남자어디없나요 사귀고싶다
​
하프파운드!! 인데 진짜~~~디저트 잘하시고 마싯아요!!
😸✌️😸✌️😸✌️😸✌️😸
​
​
​
​
그리고 강아지까지 축하해주는 생일
사장님 갱얼쥐가 은유옆에 똥싸고감
​
응당 생일이라면 이런 이벤트정도는 있어야죠
똥싸고 쿨하게 갈길가심
​
​
​
생일축하하면 똥 싸주는 강아지
​
​
​
기억해 2025.10.31…(구식드라마대사 ㅈㅅ해요 늙은이는아님)
생애 처음으로 두쫀쿠 먹었던 날
릴스범벅이었던거 우리도 첨 먹엇는데 ㅈㅉ 맛잇엇음
​
​
근데 지금 발달한 두른이(두바이어른이)의 눈으로 보니
스프레드 촉촉력이 부족하네요…
​
생일축하햇따!!!!!!!!!!!
​
​
​
글고 다음날 마계감
삥뜯기러 가는거 아니고요
형광바지 쇼핑하러가는거 아니고요
​
인하대여신 만나러감!!
​
인천하면 역시 뭐니뭐니해도 인천하와이대학교죠
​
​
아름다운 여신의 자태이시다
어이 ㅋㅋ 신소재 3대여신몰랏??
​
​
근데 얘네집 너무 집착광공 유혹한 아방주인공 재질
왠지모르게 두근대네요…
​
​
내가 (인천) 하와이 뷰에 살 수 있었던 632가지 비법
​
이런곳에숨어살면 못찾을줄알았어?ㅋㅋ
​
​
​
​
​
5천원타로때림
저한테 테토남이 찾아온다고햇어요
테토남 남아공에서 오고있나 언제도착함
​
근데 즉석으로 말 지어내는 스킬이 뛰어나셔서 넘 웃김…
5천원짜리유머값 지대로한다
​
​
​
인하대 신입생이 된 은긩
눈독들인 인하대 분들이 한둘이 아니라는 소문이~~~~ㅋㅋ
(0명이라서)
​
​
​
​
애가 못본 새 뽑기중독자 다 됏더라고요
뽑기집 들어가서 신나게하심
1일 최소 3뽑기는 하신다네요
​
​
한 판만 더~~
한 판만 더~~
하다보면 탕진하니까 조심해!!
​
​
​
​
​
튀김수육 먹엇더요쫀맛
웨이팅도했쯰만 후회없는 맛.. 토마토가 킥이다….
​
​
​
​
다음날 아침으로 다라이 마라탕 대접받음
같이 환연보면서 떠들면서 묵었네요
​
오랜만에 마라먹으니까 워씽씨가 절로 나오는구나 흄냐냐
​
고딩때도 얘네랑 첨 먹었었는데 하..추억이 방울방울
​
​
​
학교에서 솜사탕받움
이런초딩류문방구솜사탕누가먹어ㅋㅋ
문방구헌터출신이라 먹음
​
​
​
수영 끝나고 화장하면 붓기 쫙빠짐
​
​
​
다음 날 생다환 시험이라서 랩실출근 안하고 딴짓하러 용산왓습니다
​
​
​
​
용산아이파크 몰에서 메론빵 팔자네.. ㅎㅎ
와야되자네~~~~~
​
안산 2대 명물 : 침착맨, 코코모빵
​
​
​
여기 근데 이 콧페빵이 진짜 마힛음
종류별로 여러개삿는데 진짜진짜 마힛어요...
빵에 버터향 낭낭하고 내용물 빵빵하구 마싯어 엉엉
​
​
​
숙명여대 근처 만화방 완전크구 프차느낌아니고 완전 조음!!!
​
절대 놀러온거 아니고 공부할만한 곳이 여기밖에 없었어요 진짜임
근데 체인소맨 볼 때마다 앞 내용 까먹어서 그런가 약간 난해하고 이해안되는데 정상인가요
먼놈의 악마가 왤케 많고 규칙 개복잡함
​
​
​
​
쟤네 왜저러누..
하는 장면 839240개 등장해서 인터넷에 검색하면서 봄
초딩들이 겜깰라고 공략 검색하는 것 마냥...
​
​
숙대 앞 털보네떡꼬치 너무 맛있어요 저도 털보가 될래요
​
공부 다하고 만화도 다 보고 나왔더니!!!
앞에서 공짜 야동 틀어주고잇길래 합류
​
나중에 찾아봤더니 유명한 곳이었음!!!
​
​
​
야 장난해?? 떡꼬치????
떡꼬치는 못 참~~~~~쮜~~~~~~~지찌찎!!
​
​
​
​
이름 털보네떡꼬치인것부터 호감
​
털복숭이 떡꼬치 - 느낌 안 좋음
빡빡이네 떡꼬치 - 재료 아낄 것 같음
.....
근데
털보네 떡꼬치??????
사장님이 숯불맛 가득하게 떡꼬치 섹시양념으로 꽂아줄 것 같음 맛잘알 산적느낌
​
​
​
무적코털보보보 떡꼬치맨 아시는 분
암튼 저도 소떡소떡, 떡꼬치 이런거 환장하는데요
​
여기 순대꼬치랑 다 먹어보고시픔.... 하 여기 떡도 쫜득쫜득하고 양념도 사기구 가격도 착함
둘이 와서 메뉴 이것저것 주문하는 사람들 ㄴㅁ부럽더라
​
​
​
오늘의 수확 ㅎㅎ
아 마음 든든해져
​
​
​
​
​
​
에타에서 족보 구해서 은유랑 머리 뜯으면서 공부함
족보만 외우기로 서로를 위안해주고 케이크 먹빵
​
파블로바 첨 먹어봤는데 머랭쿠키를 케이크로 만든 버전!!! 마힛었다..
​
​
​
메론빵 들고 은유 누나 기다리는중
레알 애틋 커플 따로 없음
셔틀앞에서 내 여자 내릴때까지 하염없이 기다린다...
​
​
​
​
서울대 인문관 가을점수 100점!!!
근데 이과쪽건물은 이런거 없음
문과생들 감성 다 이런 곳에서 나오는거구나...
​
​
​
​
서울대 한국 1등 대학 맞는 이유 : 시험기간 복지로 랍스터 정식 나옴
​
​
​
​
문학과 정신분석 시간 내내 랍스터 생각만함
음침하게 랍스터 생각하면서 웃음참기...
랍스터...ㅎㅎㅎ....픠식...랍스터..ㅎㅎㅋㅋ..푸흡.....풋...
​
​
​
수업끝나자마자 개가티달려감
근데 우리 뒤로 줄 94069305명 정도 생김
서울대생도 랍스터 못참긴 하네... 다들 도련님아가씨들만 있는줄 알앗는데
​
​
​
먹는 사진은 없네요...
암튼 싹싹 발라먹었답니다~~~
​
​
​
​
​
이 날 얼굴 맘에 들어서 엄마한테두 자랑함
​
​
​
단풍놀이하러 서촌와떠염
이것또 서울로 학점교류오면 해보고 싶었던 거!!!
​
​
​
햇살광이 넘 이뿌리....
​
​
​
아련미 쥐리네요...
​
​
​
현실
​
지나가는 사람 783952명/s 입니다
정중하게 길을 내어드리는 모습
역시 예절하면 추예절
​
​
​
​
​
​
내가 조아하는 종로의 분위기 !!!!!
​
​
​
여기 대오서점 아이유가 앨범자켓사진 찍었던 곳이래여
괜히 아이유 된 기분
괜히 몽글몽글해지는 기분
솜사탕될뻔햇던거 간신히 참았네요
​
​
​
정민이도 합류해서 셋이 놀기로 하엿소
내가 은유정민 주선해주기로 함 아 떨ㄹ린다
두근두근두근두귾ㅎㅎㅎㅎㅎㅎ
​
​
​
옛날부터 마사마드레 진짜 와보고 싶었는데...
역시 맛집은 다다익선이죠... 사람 많으면 더 시키고 넘좋음
저거 치즈할라피뇨 진짜 너무마힛음 하............
그냥 여기 빵이랑 샌드위치 조합이랑 다 미춋음!!
피스타치오토스트도 쫀맛이고요
​
웨이팅꼭하시라..... 기다려도 후회없이 맛있음 엉엉
​
​
이 여자 참으로 스윗하다
막대과자데이도 챙겨주고 뭐임?
내 안의 흥선대원군 마음까지 다 녹임 ㅠㅠ
​
​
​
​
너무 이쁘져
노트사려다가 8억이라 내려놓고 볼펜이나 하나 삿음
​
​
​
​
컼 기절함 반함 너무 예쁘당...
갤러리자랑하는중
​
​
​
서촌 도틀!
완저니 느좋카페시다...
셋이서 나란히 앉아서 수다떨긔
저거 유자고구마 쫀맛이네요.....
코코넛 어쩌구 먹고 싶었는데 품절 뭐임?? 하... 또 가겟다능
​
​
경상도 여자들이랑 신나는 수다 타임 마치고
밤에 패딩 고르러 신세계 백화점 들럿더염
​
신세계 백화점 서울에 있는거 최초방문이에요
거의 현장체험학습급임
엄마가 상품권 쓰라고 줘서 우왘ㅋㅋ하고 와봄ㅋㅋ 엌ㅋ 이게 서울이야
​
청주엔 신세계 없어요 왜요
​
​
​
너가 그 남친후보인 테토남이니?
암튼  커플 포즈 ㅋㅋ
​
​
​
AI로 제작한 이미지입니다
제미나이가 말아주는 커플댄스
요 ㅋㅋ 느낌잇닼ㅋ
​
​
결국 디스커버리 패딩사고 집왔는데 피곤해서 죽을뻔함
같이 골라준 은유에게.... 쪼옥....
​
​
​
​
신사의 품격 드가자
저 신사역 처음 와봐요
​
​
내가 지금까지 가졌던 신사역 이미지 이거여서 약간 긴장함
강남-압구정 이런 동네 뭔가 이름부터 기죽음...
걍 역에서부터 입뺀당할 것 같은 기분
사모님들만의 동네인 느낌
​
​
​
성형외과 발품팔러왔듭니다
갑자기 성형블로그 뭐임
​
작년부터 하고 싶었는데 시기를 놓쳐서 못했던 쌍수.. 1년만에 재시도하는,,,,
쌍수 재수생입니다!!!!!!!!!
​
와 근데 성형외과 걍 계속 홍보 영상 틀어주고 직원언냐들 진짜 성형미 쩔고 ㄹㅇ 강남역에 붕대한 사람만 오억명
이것이 플라스틱설저리의 도시다 마 ㅋㅋ
​
​
​
​
얕보이면 끝장이다....
가기 전에 정보 오지게 찾아보고
이미 성형외과 많이 다녀본 척 하면서 훗ㅋㅋ 안 쫀 척 하면서 물어봄 ㅋㅋ
바비톡 VIP인 척.. 강남언니 죽순이인 척... 초보자 아닌 똑순이인 척...
​
​
근데 사실 혼자 발품 파는 거라서 너무 외롭고 무서웠어요 엄마 흐엉엉엉 ㅠㅠㅠㅠ
​
​
​
강남의 향기
비리 검사들이 살 것 같음
재벌 3세들 튀어나올 것 같음
​
​
​
무서워서 일단 빵집으로 도피함
강남 꼼다비뛰드 !!!!!
​
여기도 옛날부터 가고 싶었던 빵킷리스트임니다
일찍 가도 품절된다는 전설의 빵집
​
​
​
꽁떼치즈였나? 길빵하자~~~~
​
​
​
​
앙 ㅎㅎㅎ 마싯다!!!!!
꼬릿한 치즈의 맛 발냄새 치즈맛 조아해서 전 좋아요 꼬숩하고!!!
​
근데 생각보다 바게트 눅눅함 솔찍히 명성만큼은 아닌둣??
그릴드 샌드위치도 먹어보고싶드아.... 강남 언제 갈 수 있찌...
​
​
​
​
스파오 아이쇼핑도 하고 나왔ㄷ뜨요~~
잠옷 다 갖고 싶음 하........
​
​
​
메론빵 쬰맛 ㅎㅎㅎ
​
​
​
학관 왔다가 귀여워서 찍움 ㅎ
고마워 새우튀김아~~~~~
​
​
​
​
그리고 갑자기 광주갑니다
​
​
왜 가냐면!!!!!!
과기원통합체육대회를 이번에 지스트에서 한다하길래!!
친구들이랑 후배들 볼 겸.... 갑니다.......
​
아니근데 이거 나무위키에도 등록된 월클행사엿음
심지어 프로필사진 우리학교에서 열린거임
ㄷㄷㄷㄷㄷㄷㄷㄷㄷㄷㄷ
​
설명 이게 다니?
왤케 조촐해 아 슬퍼 ㅠㅠㅠㅠ
​
근데 다른 학교에서 스타디움 열리는 거 갔을 때는 사람 진짜 북적거리고 많은 것 같았는데
우리학교는 왤케 썰렁한 것 같지
그래도 우리학교는 마 배민은 된다 마 ㅋㅋ
유니스트 갔을 때 배민 '텅'의 추억이 생각나네....
학교가 약간 이런 느낌이었음
진짜 공부하지 않으면 내보내주지 않을 것 같은 학교
​
​
​
새우튀김색 풍경
오랜만에 보는 지스트 이뿌다잉
그래도 서울이 더 좋음 ㅋㅋ
​
​
​
​
푸드트럭 닭강정
떼깔 죽여준다...아주그냥/.///// 아 부끄러워.... 쪼옥!!
​
​
혜민이랑 공연보러 갔는데
레전드 기빨려서 정신잃었다가 간신히 깨어남
​
​
​
​
요즘 AI 정말 무섭네요 진짜 구분 못하겟어요
​
​
​
해태국밥 컴백!!!!!!!
해태국밥 : 신입 버츄얼 아이돌 멤버소개
​
해
(본명 : 이혜민)
태
(본명 : 윤태은)
국밥
(본명 : 추은서)
​
그룹명 유래 : 버츄얼 아이돌이 떼돈을 번다는 소식을 듣고 우리도 버츄얼 아이돌 결성하기로 함
그때 밥 먹고 있던 식당 이름이 해태국밥이라서 그룹명으로 결정
뼈찜먹고있었음
​
​
​
​
​
야르!!!!
야무지게 2차까지 달림
​
​
앞에 혜민이 포즈 넘 폭력적이라 찍음
가슴팍에 십자가가 포인트
​
​
​
꺄악~~~~~~~~~~~혜민이가 쏘맥 말아줌~~~~~~~
신입생으로 리제로해서 그런가 잘 말더라고요
​
​
​
​
다시 인문관 컴백함
왜 맨날 똑같은 풍경인데 왜 찍냐하면은 기억상실증 아니고
그냥 맨날 봐두 이뻐서 그랫어....
​
​
​
맨날 학관에서 이런 쪼꼬마난 행사 진행중인거 넘 기여움
​
​
​
이거 먼가 우리집같애서 웃김....
어릴 때 자주 보던 풍경
​
​
​
서울대 수영장 진짜 뷰도 좋고 시설도 좋고 가성비도 좋은데
내 수영실력만 안 좋음 어떡하지 ;;
​
​
​
어지럽다 핑계대고 수영 살짝 쉬고 있었는데
수영쌤이 사탕 주심 잉잉 감동 ㅠㅠ
​
​
​
인관관계 공부하기 전에 일단 밥먹을게염
수영하고 나왔는데(사실상 물 속 허우적챌린지)
이런 풍경 보면서 마치 운동 빡세게 한 척 즐겁게 햇살을 즐겨줍니다
​
​
음~~~~~~가을날의 햇살~~~~안녕~~~~~
사진만 봐도 새소리 남 ㅠㅠ
​
​
​
저번에 샀던 콧페빵 먹어영 야끼소바빵!!!!!
너뮤너뮤 마싯음 흐흐흐 갑자기 일본어 술술나옴 ㅋㅋ 유학생된기분 앙ㅋㅋㅋ
낙엽이랑 보호석 쥐리네요
​
​
​
​
그리고 우리동네 쿠팡이츠 구경하다가 넘 웃겨서 캡쳐함
아 나도 수지닮았다고 해드리고 저기서 토스트 사먹을걸
​
​
​
​
명란김 사춘긴가? 여드름 났닼ㅋㅋ
​
​
​
​
낫또밥 해먹으면서 김싸먹어봣는데요
앙꿀맛띠 ㅋㅋㅋ
입에서 실타래빙수 자동제작 가능
​
​
​
은유랑 빵파티갈라고 서프라이즈로 티켓 두 개 준비 훗ㅋㅋ
​
​
야 김잔디 너 이런 파티같은거 처음이지? ㅋㅋ
촌스럽게 굴지말고 잘 따라와라 ㅋㅋ
​
​
​
엄마 동결건조 시급해용...
근데 우리 엄마 평소에 이런 말 안해주는데 갑자기 해줘서 깜딱놀람
​
평소 해주는 말 : 귀척 ㄴㄴ, 좀 꾸미고다녀라 등등
​
​
​
​
X에서 이거 보고 경주랑 수원여행 가고 시퍼짐 ㅠㅠ
취미 및 특기 : 치즈먹기, 치즈늘리기
치즈쭉쭉늘려서 사진찍는것만큼 잼컨이없따
​
​
​
춘식이 앞접시로 먹으면 먹방유튜버 된 기분 + 기모띠함 급속 상승!!!!
​
은유랑 2트만에 먹는 응떡 크림카레 떡볶이
저번에 홀에서 먹으려고 같이 설입셔틀탔는데 다왔더니 갑자기 홀 장사 안한다고....
(블로그 후기 봤을 때 홀 있길래 가기로 한건데!!!!!!)
​
​
헤헤 맛있따
​
환연보면서 먹었는데 너무 맛있어서 집중이 안되고 떡볶이 맛있던 것만 기억남
근데 응떡 치즈는 최소 2번 추가해야하는듯....치즈 더 줘....
그리고 양념 너무 맛잇어서 너무 퍼먹어서 다 먹을 때 쯤엔 가뭄 떡볶이 됨
​
​
​
맵찌리는 아닌데 콧물남
뜨거운거 먹으면 원래 콧물나염 ㅠㅠ
​
​
내 마눌 💖🤤💞😘💖🤤💞😘
으늉이가 설거지도 해줌
​
​
근데 눈 떠 보니까 순식간에 우렁각시 사라짐 돌려내 엉엉
​
​
​
​
은유 바래다주고 오는 길에 젤리 자만추해서 어쩔 수 없이 구매햇어요
특히 저거 캇예스젤리!!!! 저건 진짜 사야제 ㅋㅋㅋ
​
무지개 돼지 젤리는 없어서 못샀어... 흑흑
​
​
​
여기 올 때마다 이런 기분이 듦
​
​
​
어 그래 나야
음 오늘 착맨교통 주식 매각하고 어어 그래
​
그런건 좀 알아서 처리하고 나 운동해야되니까 끊어 김실장
뭐? 미국에 있던 내 약혼녀 현주가 돌아온다고?
​
​
대충 이런 기분
​
​
​
여기 머거보고시퍼서 캡처함
와카레마시따 같이하실부운....
​
​
​
주석코어
럭키주석
주석식 사고
당장 추진해야댐
​
​
​
​
Previous image
Next image
​
헤.... 헤.... 헤....
순정만화 남주같음
야구부선배동주선배랑비밀연애중
​
ㅎㅎ....좋다.......
근데 문동주이상형 되려면 갑자기 10센치 쑥커야됨
키크는 비법 공유해주실 분
​
​
​
​
​
이 날 머였지? 암튼 서순라길 또 갔던 것 같은데
그그그 주먹밥 귀여운 카페 갔었는데????
아 맞다 거처!!!!!!!!!
​
​
​
​
가서 이것저것 할 일 하다가 개성주악 자만추해서 머금
뭔가 여기 왔으면 전통적인 거 먹어야될 것 같애서
핑계고 사실 걍 먹고싶엇어요
​
​
맛은... 엄청 맛집까지는 아니엇ㄷ따...
​
​
​
​
인간관계 배우려면 전에 막걸리 먹어야되나요
인관심 조에서 다같이 설입 노포??? 느낌의 전 집을 왓떠요
알밤막걸리 맛있땈ㅋㅋ
​
​
기절초풍왕순대는 가봤는데 거기 근처에 이런 곳이 있는줄은 몰랏듬
느낌 좋다..... 이런 분위기 참조아하는데요 제가
근데 전은 별로 맛없엇음 흥 막걸리나 먹자
​
​
​
아 근데 이 날 오랜만에 술 먹고 신나서
나도모르게
너무 나대버륌
나를 보고 재밋어하는 게 넘 조아서 못참았어요
내가 인간관계에서 얻은 이미지 : 쨈민이인듯
​
​
​
​
​
이 날은 은유랑 덕수궁왔듬
서울은 이런 궁 관련 프로그램이 참 많은 게 진짜 장점인거같다...
경복궁 생과방 프로그램?? 그것두 넘 재밋써보이고
경복궁 달빛산책?? 그거 설명 듣는 것도 넘 부럽뷰...
그런거 데이트로 해보는 거 쫌 로망임
창덕궁 후원도 가볼걸...
​
​
이런거 재밋어보이지않나여
하실분 제발
​
​
​
우헤헤 신난당ㅋㅋㅋ 바삭바삭 낙엽ㅋㅋㅋ
​
​
​
우헤헼ㅋㅋㅋ 왕신난닼ㅋㅋㅋㅋㅋ
​
​
​
같이 덕수궁 돌담길 걸음
오늘은 덕수궁 돌담길의 전설에 대해 알아볼건데용!
연인끼리 걸으면 헤어진다는 설이 ~~ (헉)
​
우리 커플 헤어지는 건 아니겠쬬 ~~ ㅠㅠ
​
​
블친님들! 다행히 저희 커플은 잘 만나고 있땁니당~~
저한테 푸욱~~빠져있는 그이(자랑 봐주세용ㅎㅎ) 덕분에~~
​
​
​
​
꺅 알록달록
나무 사이로 햇빛 들어오는 게 넘 좋아
뭔가 천사 등장할 것 같은 찬란한 느낌
​
​
​
왕쩌는 포토스팟 발견
그래...이거야...내가 원하던 거 이거야...
​
​
신나서 개나대는중
근데 아빠가 내 패션 지적함
흥 아빠가 뭘 알어!!!!!
​
​
​
​
스꾸 열심히 했어요
​
​
​
​
이것도 해보고 싶엇어요
은긩여친짤ㅋㅋㅋ
​
​
​
​
서로 가을 사진 오천장정도 찍어주고 이제 덕수궁 석조전 ㄱㄱㄱㄱ
​
​
​
알흠답다....
역사교과서에서만 보던거...처음봐...
고종빙의해서 울거같음
​
​
​
뉴욕도서관 못지않음 진짜
​
​
​
갑자기 애국심 차오름
​
​
다들 애국하자!!!!!!!
​
​
​
안에서 뭔 전시도 하고 있었는데
교양력이 부족해서 걍 보다가 대충 나왔어요...
음음~~ 오우.....봐이올륀..... 예쓰.....
​
​
​
진짜 울거같은 풍경 한 번만 더 자랑할게욧...
근데 이제 힘들어서 와플먹으러감
덕수궁하면 와플이죠
​
​
​
​
모르면 간첩이라는 덕수궁 리에제와플
벨기에 정통임을 강조하기 위한 오줌싸는 소년의 희생
아아....숭고해라.....
​
날이 추워서 그런가 와플줄 커플 다 이러고 있음
야 와플이나 먹자고
우리 앞에서 갑자기 와플 기계가 고장난건지 먼지 주문 밀려서 무한 기다림 견뎟음 흑흑
​
​
​
​
시나몬이랑 블루베리크림치즈 와플 사이좋게 반씩 나눠먹었덩
친구 있으면 좋은 점 : 두 개 시켜서 둘 다 맛보기 가능
​
​
우물우물.... 맛있긴 하군
맛없었으면 오줌싸는 소년 옆에서 오줌발사 짜증발사 했을텐데
바삭하고 달콤하고 맛있긴 했다.. 바이럴인것같애서 살짝 의심하긴 했는데
​
​
​
여자라서 디저트 2차전 하러옴
시청역에 있는 아케이드 토오베
엄청 느좋인 것 같은 지하실로 들어오면 있는 카페인데 느낌 너뮤ㅣ좋음
​
​
진짜 이렇게 비밀 아지트처럼 숨겨져 있서요
​
​
​
​
저 몽블랑 토스트가 진짜 마힛음.... 진짜비싸긴한데...
진짜진짜진짜진짜!!!!!! 맛있음!!!!!!!
​
​
​
은유가 우리집에 손닦는거 없다고 이거 사줌
ㅠㅠㅠㅠㅠㅠㅠㅠㅠㅠㅠ
​
​
​
내가 조아하는 겨울 풍경
근데 저기 우리집 앞에 붕어빵 창고 저 날 이후로 문 연거 한 번도 못봄
애플파이랑 블루베리크림 붕어빵 먹어보고 싶었는데.... 스리라차마요도.....
저거 먹고 싶어서 벤처타운역 여러번 왔다갔다하고 당근에 조회도 해봤는데.... 흑흑 결국 영원히 실패함
​
​
​
​
이거 유행하길래 해봣는데 꾸꾸리 뭐냐?
앞머리스타일말고 닮은게 뭔데
근데 입술도 멀리서 보니까 저 핑크코 같기도..
​
​
​
그리고 정읍에서 혜민님(스님아님) 오셨습니다
그리고 우리집 오자마자 잠봉뵈르 까드심
근데 소금집 잠봉 왤케 눅눅함?? ;; 오래돼서 그런가....
​
​
​
​
헷헷 같이 치킨집가서 야구봄요
야구 중계 해주는 치킨집 찾아서 갓음!!
근데 너무 추운데 문 계속 열어두고 계셔서 얼뻔
​
​
​
Previous image
Next image
​
나 쫀득하게 유니폼도 챙겨입구...
저 시나몬 흑맥주 넘 먹어보고싶엇다 허억허억
근데 흑맥주 노맛 진심 무슨맛으로먹나요
​
​
​
담에 한화 야구펍 가고싶드아....
가실분 선착순 ㅋㅋ 아무때나 오는 기회입니닷!!!
​
​
​
우리집 돌멩이 등장
우리집 현빈이 등장
​
​
​
​
꺄아아아아아아악~~~~~~~~~~~
현민이 오빵이랑 성문이오빵이가 홈런치심
이때까지만 해도 좋았는데......
​
개같이 지고 집감 아 슬퍼
​
​
​
배불러도 붕어빵 참으면 범죄라서 어쩔 수 없이 사먹음
혜민이 오빵이가 강력주장해서 사먹음
근데 여기 맛집이었삼... 후후....
​
​
​
​
빵빵개 상태로 귀가했더염
​
​
다음날은...
여자들의 성지...
환상의 공간........
​
​
​
​
이화여자대학교 강림
전 지대나온 여잔데 ㅋㅋ
뭐 산악지대 이런거 아니고요
​
​
​
이대 온 이유 : 빵먹으러
혬이랑 나는 둘 다 빵좋모라서 만나면 꼭 빵먹은 하는 편
이대 악토버 베이커리 너무 붐업돼서 사람 짱많아 웨이팅함
​
​
​
은행잎이 우수수 떨어져있어서 엄청 노랗고 예쁘구 서울 분위기 낭낭하고...
진짜 어른 여자들이 다니는 대학가 느낌....
서울와서 대학교 서울대랑 이대만 가봤는데 질투만 하게됨
​
​
​
꺄악!!!!!!
통창뷰 뭔데 햇살 아름답게 들어오는 거 뭔데
글고 밖에서 은행잎 떨어지는 게 진ㅉ짜 이뿌뮤ㅠㅠㅠ
​
​
황사 똥가루 등등 아님
​
​
​
입장해서 빵고른다 해외 베이커리 스트라서 입꼬리 씰룩씰룩함
위에 거울에 보이는 미쉐린은 못본걸로 걍 넘어가시죠
아니 근데 지금 깨달았는데 포카치아 왤케 큼
ㄹㅇ 몽둥이가 따로없는데 구석기 시대 무기로 딱이다
​
​
​
그래...
보늬밤바게트..
.
내가 지금 너 보러 온 거잖아
아직도 모르겠어?? 너밖에 모른다고 나는!!!!!
​
​
사실 다른 샌드위치메뉴 한눈팔릴 뻔 하긴 했는데
내가바람펴도 너는절대피지마 ㅋㅋ 베이베 ㅋㅋ
지조있게 한다면 해야돼서 아묻따 저거로 주문 한 달 전부터 보늬밤 바게트 먹음이 연습생함
​
​
​
아니 근데 여기 웃긴 게 벽걸이 테이블이 있음
저렇게 벽에 띠롱 붙어 있는 테이블에서 먹어야댐ㅋㅋㅋㅋㅋㅋ
먼 공중부양 초능력자마냥 떠 있는 게 진짜 웃김
​
​
​
​
하....... 영롱하다......
여기 바게트 진짜 꽈삭꼬숩하고 맛있었움 ㅠㅠㅠㅠ
보늬밤도 진짜 맛있는데 저거 햄들어간거도 진짜 마힛음
할라피뇨잼이 진짜임..진짜진짜임......
​
​
아 또 가고 싶다....
다른 메뉴도 또 먹고 싶다...
포카치아랑 다른 빵들도 먹어보고 싶음...
​
​
​
여자라서 이대 입장
근데 남성분들도 입장은 가능하더라고요
성별검사 뭐 이런건 없으니 걱정마세요
​
​
​
​
​
로판에 나올거같음
저 집에 사는 영애되고싶음
​
​
​
​
추기리기끼리기기 가문의 막내딸
추기리기끼리끼리뿌뿌양 (45세)
오늘은 그녀가 사립뜨오라미에리테리학교에 입학하기로 한 첫 날이다
​
​
​
허억허억 드디어 등교 첫날이다 허억허억
​
​
​
학교에서 똥을 싸지 못하는 병에 걸려 빨리 하교하는 중
​
​
​
학교 건물들이 흰색-민트색 벽돌건물인 게 너무 이쁘구
고전 성 같은 느낌도 나고 유독 가을이랑 잘 어울리더롸
​
​
이대생들 부럽다.....
이런 학교에서 다니면 맨날 소설속 여주로 나 자신을 가스라이팅할 수 있을 것만 같아서...
​
​
우리학교는 그냥 빨간벽돌 건물만 가득해서 내가 AI지배왕국의 시민이 되엇다는 것 말고는 컨셉질 할 수 있는게 없음
혹은 벽돌집 거대 부동산을 소유한막내돼지 정도가 되었다는 느낌? 레알 이게 최선 ..
​
이화그린 과잠 너무 이쁘고 다만세 소녀시대같음
우리학교도 이런 과잠내주세요
근데 G 붙는 순간 구려질거같음
​
​
​
나도 껴줘...
나도 이화인할래...
이화그린제발저요
​
​
​
​
혜민 은서 하치와레의 만남 너무 기쁘다..
​
​
​
​
한동안 공사로 문 닫는다길래
호다닥 가 본 노들섬!!!
해질 때가 진짜 이뿌다...그리고 여기 이쁜 언니들 많아서 눈호강 엌ㅋ
​
​
​
짱구가 맨날 고민있을 때마다 가던 떡잎마을 언덕처럼
앉아서 도란도란 수다떨었따..
근데 너무 추워짐
​
​
​
마음따뜻해지게 피자집으로 야구보러왓습니다
창조 포카와 진짜 꿈돌이 포카 우주를 가진 나
​
​
​
​
근데 이날 우주가 진짜 잘던져서 123 다잡음 진심
내맘까지 잡아버림 우주야 돌려줫 ㅋㅋ
도쿄돔에서 야무지게 주자쌓더라도 무실점으로 마무리하는게
바로 한화이글스의 유망주
달빛식탁이 낳은 아들
정우주라고?
​
​
​
너무 철학적인데?
​
​
그리고 혜민이와 슬픔의 이별 했어요 엉엉
근데 이 날 알게된 좋은 점 : 혜민맘이 나 아신다 은서라고하면 아신다
​
​
이것보다 감동되는 일화 아시는 분은 제보 부탁드립니다
마치 옆집 친구랑 오랜만에 만난 것 같은 그 정도의 사이였어 우리는
ㅠㅠㅠㅠㅠㅠㅠㅠㅠㅠㅠㅠㅠㅠ 나 인연 집착녀라서 이런거 좋아하는데 ㅠㅠㅠㅠㅠ
글고 눈물의 이별식도 함 ㅠㅠㅠㅠㅠㅠㅠㅠㅠㅠ
​
​
이혜민과 같이 학교 다니려면 내가 의대 입학하는 수밖에 없어서 빠르게 포기함
​
​
​
계란 맛잇떠염
​
​
​
수업 중에 힘들어서 화캉스 옴
월수 수업 탑으로 세운 자의 고충
일주일에서 월요일과 수요일을 삭제해주세요
​
​
​
준상팸으로 중고등시절 고통을 함께했던 예은이와 자만추하고!!!
밥약을 잡았더염
이 날 진짜 눈물나도록 추웠지만 스키야키의 힘으로 버팀 ㅠㅠㅠ
근데 진심 우리 대화의 샘물처럼 수다가 끊이질 않음
​
​
​
그래서 2차로 나뚜루옴 ㅋㅋ
아궁이빙수먹고시펑는데 엉엉
근데 나뚜루 진짜 맛있었는데 없어졋다니 하..
부욱
들리시죠
방구소리아니고 내 맘 찢어지는소리임
​
​
근데 준상어학원이 진짜 한 번 다니면 학원 다녔던 얘기만으로 일주일 내내 그 얘기만 할 수 있을정도로
잼썰 제조기 그 자체임 진짜 ....
학원 다녔던 얘기 단어시험 얘기 쫓겨날 뻔 했던 일화 벌금 낸 썰
선생님 성대모사 자주 하시는 말 예측하기 사투리 따라하기 등등....
이 모든 걸 완수하고 했던 말 또 해도 또 재밌음
하.. 예은이 또 보고싶다 예은아 잘 살고 있지 화분 잘 키우고 있지
​
​
​
너무 잘생겨서 어이없어서 주움
난 광주에서 이런 남자를 본 적이 없는데
​
​
​
난 단 거 먹는 남자 조은데...같이 먹는 게 좋자나
근데 또 나 처럼 너무 조아하면 안되고 그냥 나랑 있으니까 먹어주는거여야 함
자기가 찾아서 빵돌이마냥 직접 디저트 맛집탐방하러 다니는 건 안댐
근데 나랑 같이 가고싶어서 찾아주는 거면 진짜 뽀뽀쪽쪽
음 그리고 아무거나잘먹어요 떵개입맛도 시름
​
​
​
​
윤걸행님 관악행차하신 날 퀴즈노스 사주심
전설의 짠돌이였던 시절은 잊어라 요즘 후배사랑넘치심(약간 수상)
밥 다 먹고 수업 듣는곳까지 같이 가주심 윤걸업윤걸업
​
​
차디찬 서울에서 자대 선배를 만나니까 뭔가 마음 따수워짐
ㅠㅠㅠㅠㅠㅠㅠㅠㅠ 흐어어엉엉엉엉 ㅠㅠㅠㅠㅠㅠㅠㅠㅠ
근데 선배의 대학원 생생후기 듣고나서 레알 가기 시러짐 아 우울해 평생 대학생 시켜줘
​
​
​
​
서울대 학생회에서 해줬던 행사!!!!
붕어빵 공짜로 주시고 핫초코도 받아머금 앙ㅋㅋ
우리학교도 이런거 마니 했으면 좋겠다
내가 붕어빵 굽고시픔
​
은유야 엠지샷 이거 마즘?
​
​
​
​
붕어님 생각보다 눈이 넘 크시네요
입술도 도톰해서 ㄹㅇ 미녀붕어 ㅋ
내가 알던 쭉쭉빠진 날씬 붕어랑은 다른 뭔가 처음보는 형태의 붕어라서 쫌놀램
외모의 다양성을 존중합시다
​
​
​
​
은준식
은유가 손수싸준 연어아보카도베이글
맛잇게먹겟습니다
​
​
​
​
​
여러분 제가 개쩌는 빵집 하나 소개시켜드리겟습니다
연희동에 '뺑드이에'인데요
앞으로 최고의 인기빵집이 될 예정이니까 다들 미리 먹어보세요...
​
​
​
​
오븐에서 바로 나온 소금빵을 먹기 위해 10분 대기함....
뜨끈뜨끈한 바닥에 소금버터 좔좔흐르는 왕큰 소금빵 get!!!!!!!!
그리고 한 입 먹어보면...........천사가 옆에서 나팔불고있음 진짜임
​
​
​
진싐 길빵으로 순삭햇고 진짜 너무 맛있고
제가 소금빵 한 권위 하는데 여긴 진짜 전설의 맛집입니다
​
버터 째끔? 버터 향? 나는 모닝빵들과는 차원이 다름..
안에는 버터 좔좔 촉촉한데 겉에는 바삭하고 소금버터 맛 농축한 느낌으로다가 맛있음
그냥 맛있는 빵의 정석 진짜 따따베 나오면 눈알 뒤집으면서 오바할 맛
​
​
​
연희동은 먼가 진짜 어른 여자의 동네같음
느좋 플레이스 잔뜩이고 먼가 유치한 느낌이 없구 고급져
​
​
​
오늘의 카페!!
여기 외부 디저트 반입도 되는데 사장님도 친절하시구 분좋카라서 체곡ㅋ
약간 영국 기차 속에 온 듯한 느낌????
​
​
​
꺄악ㅋㅋㅋ
​
​
​
​
커피도 진짜 마힛당
​
​
​
어지간히도 공부하기 시른가보네요
​
​
​
​
저 철컹철컹 감옥 열쇠 같은 게 화장실 키임
화장실가려면 감옥의 수장처럼 저걸 들고다녀야댐
​
​
​
​
집 가는 길에 계란빵 못참기
헤헤... 포실포실 기엽자나 으뜨케 참어~~
​
​
​
​
​
사진 동아리 을지로 출사 날!!
은유랑 쪼꼼 빨리 만나서 카페 갓움
여기 짜이로 유명하다해서 짜이마싐ㅋ
생각보다 생강향 약하고 맛있었다!! 근데 양이 개미오줌
​
​
쫌 깔롱부림ㅋㅋ
​
​
​
갬성 쥑이네예
​
​
그리고 이제 사람들을 만나러 나가쥽니다
​
​
우왘ㅋ 힙하다
힙하면 을지로죠 ㅋㅋ
(잘모름)
​
​
​
머리털면서 거울보면서 연상녀여친데리러 와서 교문 앞에서 기다리고 있는 양아치남친재질
​
저 힙하죠
솔직히 힙함점수 몇 점? 백점? ㅋㅋ
백점 준 소녀들만 오빠가 오토방구 뒷자리에 태워줄게 ㅋㅋ
​
​
​
​
오늘의 맘마 : 닭한마리
남자선배분들 많은 테이블은 도저히 먹다가 체할 것 같아 다른 테이블로 도피했고
기여운 여자 동생들과 닭뜯었네요 아맛잇ㅋ닼
​
​
​
​
밥 다 먹고 나서 신비아파트 체험 왔습니다
​
​
​
​
​
기여운 고냥이 쓰담쓰담
근데 꼭 저런 그래피티보면 그 단어 있나 찾게됨 저만 그런거 아니죠
​
​
​
오ㅓㅏ앜ㅋㅋㅋㅋ 신낰ㅋㅋㅋㅋㅋㅋ
밑에 청계천이고 레알 서울사람 된 것 같아 신남
​
​
​
환승연애 374892304기
청계천데이트 재질
""서로 찍어줬던 사진""...
​
​
그리고 다음날은 음예원이 대구에서 와줌!!!!!!!
같이 데이트 하기로 하고 대학로에서 만나긔루함
​
​
데이트하기위해 꾸몃꼬.입체임.
​
​
​
근데 혜화역에서 좀비사태가 발생하는 바람에 좀 늦었어요
사람들의 쓰나미를 거슬러 열심히 헤엄쳐서 나감 휴~
​
​
​
​
어 예원아 난데 따끈한 계란빵 앞으로 나와
​
​
​
와 지짜쩐다
지리는맘마먹기
저는 빨간거 치즈 쭉쭉 이런거에 환장하거든요
근데 둘이 힘읋합쳣다? 이건 제가 진짜 못참ㅋㅋ추릅냠냠
​
​
​
​
음하하
모드빈티크 짱잘나옴
​
​
음예원 느좋카페 알러지 있어서 내가 직접 찾아서 델꼬옴
​
​
​
​
엉덩이가 골짜기에 빠지는 의자
다리짧은게 아니고 골짜기에 50cm정도 들어가잇능것
​
​
​
​
저녁에 인관심 친구가 하는 연극도 보고
케데헌명소 음예원선정서울에서하고싶은데이트1등 낙산공원와줍니다
​
​
​
​
음예원 인생샷 열심히 건져주고 얻은 사진
​
​
​
경치는 죽이는데 진짜 너무춥고 가는 길이 레알 험악함
저희같은 데몬헌터스아니면 다들 주의하세요
저희도 헌터자격증 반납할 뻔 했습니다
​
​
​
열심히 등산하고 붕어빵 웨이팅함
앙금 꽉꽉들어찬거 보이시죠
혜화역 1번 출구 다이소 앞 붕어빵 아저씨 진짜 유명함 진짜 셀럽
​
​
​
기다림의 시간......
붕어빵만을 위해 대기탔다
개뚱뚱앙금이여 내 입으로 오라
​
​
​
인생 최대 업적이 붕어빵 구매인 사람들 마냥 길붕어하고 인증샷도 찌금
​
​
​
​
오붓하게 지하철대기탐
글구 남응ㄴ 붕어빵 앙냥냥ㅋㅋ
​
​
​
​
설입까지 왔는데 유명한 이자카야 꼭 가겟다고...
내가 찾아놓긴 했는데 이렇게까지 웨이팅 오래 걸릴 줄은 몰ㄹ랏다
하지만 온 김에 가야제 ㅋㅋ
​
예원누나 소원성취를 위해 설입 거리를 떠돌아다니며 웨이팅 시간을 기다림...
​
​
​
앙ㅋ ㅠㅠㅠㅠㅠ 감격의 입장 ㅠㅠㅠㅠㅠㅠㅠㅠ
근데 숙성회 앙나 맛있긴 했어요진짜 앙나비싸긴햇음
집가는데 춥고 배부르고 죽을뻔 하....
​
​
​
​
​
다음 날 점심은 멕시칸입니다
내가 끌고옴 ㅋㅋ 야 먹자고 ㅋㅋㅋ
치미창가 먹쟠ㅋㅋㅋㅋ예원앜ㅋㅋ
​
​
주문한거 나오면 풍형 느낌의  쾌남 사장님이 등장하셔서
자 여기가 어디죠?
(시카고라고 해야 넘어감)
네 그러면 저희 함께 떠나볼까요?
떠날 준비 되셨죠??
​
를 외치고 먹는 방법 설명해주시고 가심
우리는 시카고다... 그렇게 생각하지 않으면 밥을 먹을 수가 없으셈
​
​
​
왘ㅋㅋㅋㅋ 츄릅ㅋㅋㅋㅋㅋ ㅠㅠㅠㅠ
아 진쨔맛싱ㅅ닼ㅋㅋ ㅠㅠㅠㅠㅠㅠㅠ
자극적이고 고기치즈사워크림치폴레의 맛 뭔지아시죠
​
​
​
야르!!!!!!!!!!!!!!!!!!!!!
​
​
근데 멕시칸 좋아하는 거 호불호 많이 갈리나요?
난 고수팍팍 음나이스 아미고 쌀랄쌀라
하고 싶은 맛인데 예원이는 깨작거림.... 자기 취향 아니라고....
아 슬퍼.. 나 뽀로로 포비라서 먹을 때 무조건 같이 신나게 먹어야 맛있다 파인데
앞에 사람 이렇게 깨작거리면 너무 슬퍼.......
​
​
​
​
허그유어스킨 쇼룸 구경
근데 오억정도 해서 빨리 튀튀함
옷은 소녀인데 왜 가격은 사모님인 것이냐
​
​
​
​
에휴 안되겠다 물가 잡으러 마포구 보안관 출동해야겠다
​
​
​
이 날의 잼컨 : 음씨랑 두쫀쿠 맛 비교하기 챌린지
이 때 한참 두존쿠 유행하기 시작하면서 쪼꼼씩 사람들 줄 설 때
나름 유명하다는 곳에서 두 개 사가지고 비교먹빵때림
​
​
​
​
와 게내장쫀득쿠키 ㅋㅋ
둘 다 약간 피도 은근 딱딱하고(겨울이라 그런듯...)
글고 이 때는 전자레인지 돌려먹는 녹진 쫀쿠가 유행하기 전이라서 그런가
맛있긴 한데 그냥 진짜 빠작빠작한 피스타치오 초콜릿 맛? 이었댜..
맛은 있는데 감동은 없달까...
​
난 음식에 감동 부여하는 감동술사라서 꼭 감동따지는 편이라 큼큼
​
​
​
​
​
조별과제 네컷
인관심에서 조별과제로 영상찍기로 해서 하는 중인데
하.... 이 사람들 서로 쪼끔씩 어사인데 이렇게 하는 게 너무 웃낌
​
​
저희 조의 발표 주제는
서브 남주가 사랑받는 이유
였기 때문에 서브남주 연기를 직접 해줍니다
진짜 개욱낌
​
​
​
​
인력사무소 아닙니다
자랑스러운 서울대학생들입니다
​
​
하... 근데 촬영 너무 웃겨서 깔깔거리다가 옴 진짜 너무 웃기다... 하...진짜 웃겻음 진짜
​
​
​
나도 웃겨 죽을뻔해서 눈 감음 ㅠㅠ
사실 뻥이고 눈 뜨고 모든 장면 지켜보고 배꼽빠짐
​
​
​
​
​
배꼽빠진 거 다시 끼우고 조교갑니다
​
​
​
저 레알 아무것도 모르는데 조교하래요 어떡하죠
수의대생들 실험 보조에 참여했어요
난 아무것도 모르는데 학생들 입장에선 뭐 있는 사람처럼 보이겠지 후후..
일단 아는 게 없어서 용감하긴 했어요
​
​
용쿠마냥 가진 것 : 용감함 이 다임
​
​
​
일단 쌀과자 먹으면서 용감함을 다져야 함
은성아빠 나에게 힘을
​
​
​
머리랑 쌀과자 우걱우걱 먹고 잇는거 보면
레알 실험 실패한 매드사이언티스트따로없네요
​
​
​
​
뭐 아는 거 있는 사람마냥 서 있다 옴
​
​
​
앗살라말라이꿈한 밥 먹고 싶어서 시킴
양고기!!!! 어쩌구... 뉴욕덮밥에서 먹엇고요
서울은 특이한 음식이 진짜 많고 신림에 특히 많아서 조음
이국적이고 이색적인 음식이 많아서 나같은 사람에게 조은듯
​
양고기 특유의 노릿내?? 가 맛있다고 생각하는 사람이라서..
저는 맛있었어요 제가 노린내 헌터 변태 뭐 이런건 절대 아니고요
​
​
​
억ㅋㅋㅋㅋ 황금빛감옥에 갇혀서 등교못하겟어요
​
​
​
​
간신히 탈옥하고 수업듣고 밥묵으러 옴
겨울마다 진심 덜덜떨면서 식당가는 게 너무 싫어요 추위 퍽킹 차라리 더위를 달라
은유가 싸온 딸기 베이글 신상!!!!!! 너무 쫀맛임ㅠㅠㅠㅠㅠㅠㅠ
저 인위적인 핑크색 크림치즈가 날 설레게함
​
갠적으로 좋아하는 가짜 맛 : 가짜수박, 가짜바나나 등등
​
​
​
면역학 때만 되면 젤리땡김
까까안땡기는 면역학 없나요
퐁신한 풍선껌맛 젤리... 너무 마싯음;....
은유랑 나랑 젤리처돌이라서 이런거 개조아함
​
​
​
​
하교하려는데 앞에서 또 뭐 재밋는거 하고 잇다
못참즼ㅋㅋ 당장 가줘야짘ㅋㅋ
일단 교회의 역사를 듣고 쿠키받음
​
​
그리고 메인은 바로바로...
​
​
HOLY TTEOKBBOKKI
이 떡은 그냥 떡이 아닙니다
하늘에서 내려온 영생의 비법, 떡입니다
하느님의 살로 만든 떡볶이를 공짜로 나눔하고 있었습니다
이래도 되는 건가요 ㅠㅠㅠㅠㅠㅠㅠㅠ
​
진시황도 이런 영생떡을 찾아헤맸을텐데...
한 2천년 넘게 더 살아서 서울대 다녔으면 영생했을텐데 시대를 잘못 타고났네요
​
​
​
​
​
오랜만에 초딩 된 기분
하교하면서 달랑달랑 분식들고감
아 맛있다.. 저 이제 영생할 수 있는건가요...
​
​
​
​
하쒸 공부하다가 스트레스 받아서 젤리먹빵
근데 얘 토끼맞음? 아무리봐도 쥐돌인데..;;
​
​
​
​
오느른~~~~~~~~은유랑 빵파티 옴~~~~~~~~~~
29 팝업 빵파티 어쩌구에 참여했습니다
​
​
​
아니 근데 왜 비와요 제발 이러지마
​
맛있어 보이는 빵 너무 많아서 둘 다 야 사 말아? 사 말아? 이것만 30분함
​
​
​
옆에서 다른 사람이 본다면 사유 : 결정못해서 답답함
으로 우리한테 사자후날릴 수도 있음
암튼 고민끝에 빵은 간신히 사긴 삿ㅆ어요
​
​
아니 글고 뽀니님 봤는데!!! 인사하고 싶었는데!!!!!
너무 셀럽이라서 아는척하면 부담스러우실까봐 인사 못함
하.. 근데 너무 이쁘고 커여우셨어요 역시 빵은 빵튜버 뽀니~~
​
​
​
​
상견례 프리패스짤따로없죠진짜
어머님~~빵사왓어요 ㅎㅎㅎㅎㅎㅎㅎㅎㅎ
저 며느리로 들이실 분
스펙 : 빵 잘먹음, 맛집탐색 잘함, 과민성대장증후군 있음
​
​
​
​
29cm 행사 좋은 점 : 제휴해서 빵먹을 수 있는 카페 많음
꽃준다고 하는 카페 와봤는데 알바생들 다 레알 인플루언서같애서 놀램;;
역시 성수는 알바생들 외모보고 뽑나....
​
​
​
아 이뿌당!!!!!
​
​
​
그리고 한상차림 두둥
명절집밥 부럽지 않은 푸짐한 구성
감놔롸 배놔라 못하게 이미 감올려둠 엌ㅋ
​
​
일단 진주 페퍼그라인더 소금빵 식엇는데도 맛있엇고요
구황작물빵도 마힛음 근데 쫌 무난한 맛잇는 맛
두바이 찐빵이 레알레알레알진짜맛있다....
은유는 중간에 물린다고 ㅌㅌ했지만 난 진짜 계속먹음이
팥크림치즈 찐빵도 맛잇고여..
​
​
​
근데 슈톨렌 호두과자가 진짜 예상못했는데 이자식이 진짜 맛있따
저 때 이후로 슈톨렌 호두과자 막 난리나서 다들 줄서서먹고 하던데
훗ㅋㅋ 난 그 누구보다 먼저 먹어봤지 ㅋㅋ훗 ㅋㅋ
진짜 쫀맛임 올해 겨울에도 나오려나 제발
​
​
​
​
길가는데 샌드위치 전시회열림
넘 기여워서 찌긍
​
​
​
​
글구 지나가다가 갑자기 빈티지샵 여러 개 잇길래
둘 다 갑자기 빈내림받아서 홀린듯 쇼핑함
엌ㅋ 쇼핑 너무 재밌네......
​
가격도 생각보다 괜찮고 넘 기여운거 많아서 사고 싶었는데
통장잔고 보고 조용히 내려놓음
​
안녕하세요 사자입니다
갈기란 곧 권력이다..
​
​
​
그래두 야상 하나 건지고
은유한테 같이 무도 프레임 찍어달라고 졸라서 사진도 겟함
음하하하하!!!!!!!!!
​
​
​
그리고 신촌에서 데이먼스이어 콘서트 관람하신 박서진 양 기다리는 중
​
​
​
​
감격의 재회를 성공했어요 ㅠㅠㅠㅠㅠㅠㅠㅠㅠ
​
​
​
​
신촌에서 떨어진 천사 데리고 집 가는 중
머리에 천사링이 꽤나 튀네요 빨랑 집가야겟음
​
​
​
나 안경벗으면 바로여친생길것같은데
복권긁고싶은여자들 연락해 ㅋㅋ
​
​
​
​
​
​
아 자기야 그만 찍어~~~~ 찍지 말라굿~~~~~~~ 진짜 에잉~~~~~~~]
​
​
​
​
​
​
썡쑈잘하죠
​
​
​
​
ㅎㅎ
​
​
​
그리고 서진이가 갑자기 배고프다 해서 치킨집 추천해줌
바로바로... 배민 구경하다가 발견했던
퍽퍽살이 싫어 내가 만든 치킨
​
​
기사님 마중나갓는데 우리를 지나쳐서 가심
안됔ㅋㅋㅋ아저앀ㅋㅋㅋ 가지마세옄ㅋㅋㅋ
다급하게 붙잡는중 헤어진여친따라가듯....
​
​
휴 간신히 돌려 마음 잡앗네요...
​
​
​
얘가 옆에서 치킨냄새 풍기면서 까르보불닭먹어서 못참고 한입 뺏어먹음
​
​
​
자기야 내가 로제불닭볶음면 끓였는데 제발 맛 봐바
진짜 맛있어 제발 진짜 한 입만 먹어봐 부탁할게
​
​
​
둘이 사이좋게 돌아가면서 짜파게티 남편 한번씩 해줌
아니 근데 서진이는 못 따라가겟다 도저히 저 폼을 따라갈 수가 없네..
​
​
​
​
그러더니 누구보다 행복한 표정으로 핸드폰함
​
​
​
아이폰 16프로 좋네여...
우리집 조명에서 셀카찍으면 맨날
약간 이런 느낌으로다가 찍혔었는데
먼가 자체보정? 처럼 뽀용하게 나옴 피부톤 한층 업 된 기분
​
​
​
시험기간이라고 나랑 안 놀어주고
데이먼스 이어 콘서트 본 담에 우리집을 하숙집으로 쓰고 떠남
야 장난??? 데이먼스이어야 나야
​
그래도 조시미 가거라 흑흑흑 ㅠㅠㅠ
​
​
​
​
외롭게 남은 나를 달래주는 건 빵이겠지...
관악구 홍보? 인스타에서 본 신림 레일드 샌드위치
신상 가게인데 맛있긴 맛있따!
근데 바게트가 내가 좋아하는 스탈 아니고 반미샌드위치 깔이라서 기대했던 맛은 아니었둠...
그래도 맛있었따~요
​
​
​
먹으면 유니콘이 될 것 같은 젤리
불량식품의 정석 블링블링젤리 먹어보겠습니다
후기 : 젤리맛 예상할 수 있는 바로 그 맛
​
​
​
이 날은 혼자 브릭베이글 간 날
도저히 후와후와 투떰즈업 웨이팅을 하지 못할 것 같아서..브릭베이글 선택
근데 요즘엔 브릭베이글도 줄 쥐린다면서요?
​
​
​
헤헤 오늘의 수확... 우히우히우히히
쑥율무랑 딸기찹쌀떡이었던듯??
당근케이크도 먹어보고시펏는데...
​
​
​
Previous image
Next image
​
카공와러 카페 왔다가 본 기염미들
​
​
​
야 여기가 미국이다
​
​
Previous image
Next image
​
집 가기 전에 요기거리나 먹을 겸 망원시장 기웃거릴게염
​
와 술빵.... 맛있겠다...
제가 기정.. 술.. 술떡.. 이런거 진짜 환장하거둔요
막걸리향 나는 포슬한 빵이런거 진짜 마싯음 술향 낭낭해야댐
​
​
망원시장에서 우이락 유명한 거 아는데 나는 홍대병이라서 ㅋㅋ
그리고 우이락 이런데는 테이블잡고 사람들 와장창 먹는 분위기라서
저는 왕따라서 그런거 낄 수가 없어요
​
그래서 분식집에서 대왕고튀사서 길고튀함
아마싯닼ㅋ 고추만두 먹는 맛
​
​
​
​
닭강정집 앞 호위무사
기여워서 찍엇음요
​
​
망원시장의 또 다른 명물 호떡도 먹어주겟습니다
인절미랑 뿌링클맛중에 495023시간정도 고민하다가 인절미 먹음
​
​
집 가는 길에 발견한 만 원의 행복!
만 원이 없어서 안 행복해졌어요
​
​
​
근데 이런거 선물받으면 진짜 조을거같댜...
행복 선물해주실 분 없나요
​
​
​
집 와서 이거 보는데 웃겨서 배꼽빠질뻔함
저는 중남과는 결혼하지 못하겠습니다
​
​
​
자 여기까지가 11월 일기 끝이고요...
대박긴 글 다 봐주신 분이 있다면... 뽀뽀해드림니다
​
​
​
​
​
12월 기록도 금방 올릴테니 기대해주세요
ㄴ기대 안 돼
너무해....
​
​
암튼 그럼 다들 안뇽~~~빠읫!!",https://blog.naver.com/dmstj6729/224262424579,은긩이네 기차 추추,20260423,2026-04-27 16:31:44
세븐일레븐 쿡인페이퍼 즉석까르보불닭볶음면,라자냐 즉석우동 볶음짬뽕 밀면 햄 젤리 단팥빵... ,김치볶음상하키친 비프카레본죽 쇠고기 장조림 양반 진국 소고기무국비비고 사골곰탕 진우불식당 즉석우동 풍국면 들깨칼국수양반 오쏘티드 칼떡볶이떡볶이의 신 짜장 라볶이비비고 떡볶이백제... ,"https://youtu.be/P97AZ4VkTlw
콜라겐 딥 마스크 바디 워시 시트러스비타민 슈퍼오메가 골프공 피스 쉬크 인튜이션 제모기제모기 날 온더바디 발을 씻자 코튼 풋샴푸 데오도란트 바디미스트 오가니스트 딥 모이스처 바디워시생활건강 모노티크 바디워시 입 도브 피치 화이트 바디워시 우르오스 페이스바디워시오스트레일리안 보태니컬 핸드워시 프롬바이오 관절연골엔 보스웰리아초록입홍합콴첼정구연산칼슘 글루코사민네츄럴라이프 칼슘 마그네슘 비타민 센트룸 칼슘비타민미니웨버네추럴 마그네슘정아연 정동국제약 마그마 스피드샷리콜라 허브캔디 트루블루 프로폴리스 캔디 마누카허니리콜라 레몬민트 허브캔디 콤비타 프로폴리스 스프레이정관장 홍삼정스틱 에브리타임 소프트광동 홍삼 배도라지진액정관장 홍삼정 현정관장 홍삼정현광동 보감쌍화진액종근당건강 침향환 환 정관장 홍삼진 현동원천지인 홍삼절편 동원천지인 홍삼정골드고려은단 비타민타우린음료병 오로나민 드링크박스 동아제약 박카스동화약품 부채표 가스 활빙그레 면역워터뉴트리원 퓨어산양유단백질셀렉스 프로틴 드링크 오리지널바이탈 프로틴 콜라겐메디웰 고단백웨이더 혈당케어 프로틴프리미어 프로틴 단백질 드링크 팩 셀렉스 프로틴 밀크바닐라하이뮨 프로틴밸런스액티브비건하이뮨 프로틴밸런스액티브익스트림 트리플 아르기닌랩노쉬 단백질 드링크골드스탠다드 웨이단백질보충제 초콜릿맛 웨이더 단백질 보충제 초콜릿맛 랩노쉬 슬림쉐이크 인절미맛랩노쉬 슬림쉐이크 제주말차맛뉴케어 구수한맛 뉴케어 당플랜 뉴케어 고소한검은깨한미양행 다이어트가르시니아종근당건강 알로에 이뮨스틱 여에스더 글루타치온 울트라덴프스 덴마크유산균이야기비에날씬에스 다이어트유산균생유산균프리미엄락토핏 듀얼바이오틱스락토핏 당케어데일리세노비스 키즈 프로폴리스 스프레이쎌바이오텍 듀오락키즈유산균세노비스 아연 면역 구미센트룸 키즈 츄어블멀티비타민프로메가 식물성 츄어블오메가 키즈센트룸 멀티비타민구미 어린이눈건강구미네이처메이드 비타민 구미 얼라이브 엘더베리 구미 뉴트리코어 초임계비타민정슈퍼 컴플렉스판토모틴 비오틴판토텐산바이엘 베로카 발포비타민 실버 멀티비타민대웅제약 임팩타뮨듀얼바이탈이뮨 일분 액상정트리 데일리 멀티비타민센트룸멀티비타민 실버우먼센트룸멀티비타민 실버맨센트룸멀티비타민 우먼센트룸멀티비타민 맨한미양행 콘트로이친정 관절 리프리놀 초록입홍합 추출오일뉴트리원 코코칼슘젤리포크릴오일엔젯오리진 아쿠아셀오메가블랙모어스 피쉬오일 미니웨버네추럴 오메가프로울트라 오메가 지큐랩 콜레스테롤억하이큐 포스파티딜세린징코뉴트리원 루테인지아잔틴 아스타잔틴동국제약 테아닌아쉬아간다웰케어 멜라메이트 구미아모레퍼시픽 굿슬립 가바안국건강 아이원 눈건강 솔루션 아이시안 루테인지아잔틴바슈롬 오큐비전 한미양행 멜라치오 정알유 비타민 정박스 안국건강 간 피로솔루션 헛개한미헤파케어 밀크씨슬홍경천대웅제약 우루샷 익스트림 트리플트루블루 프로폴리스포르테뉴트리원 파인애플효소뉴트리원 더콜라겐 데일리프로바이오틱에버스트로겐에버콜라겐 인앤업덴프스보령 위엔포스지큐랩 쿨멜팅 유산균그레인온 카무트효소닥터루템맥주효모푸드올로지 콜레올로지 콜레올로지포 마스터바이옴 지노마스터트루블루 스피루리나바이탈뷰티 슈퍼레티놀한독 테라큐민 슈퍼커큐민포 네이처스트루스 애플사이다비니거 구미세노비스 코엔자임큐텐 다목적 렌즈관리용액신신제약 신신파프쿨 신신제약 신신파프핫 크리넥스스타일 슬림쿨 비말차단 마스크대형 니트릴 다용도 장갑 장 소니트릴 다용도 장갑 장 중니트릴 다용도 장갑 장 대웰케어 전립소옥타코사놀유리아쥬 진피 철결제성인용 언더웨어성인용 언더웨어 디펜드 안심성인용기저귀디펜드 프리미엄 성인용기저귀피지오겔포 맨 오휘 마이스터맨 올인원 우르오스 올인원 모이스처라이저 스킨밀크 우르오스 올인원 모이스처라이저 스킨로션 도루코 페이스 모션 면도기 면도기날 질레트 프로글라이드 면도기 면도기날 질레트 프로글라이드 면도날질레트 퓨전프로글라이드젤비겐 크림톤 염모제팩진한밤색 비겐 크림톤 염모제팩자연갈색 비겐 크림톤 염모제팩흑갈색 검 일회용 치간칫솔 개팩 덴티스테 브레스 스프레이 프로폴리스폴리덴트 의치세정제 플랙커스 마이크로민트 치실동아제약 검가드 오리지널테라브레스헬시검스 오랄린스오랄비 치간칫솔 개팩 오랄비 글라이드 치실 민트향레드씰 프로폴리스 치약유시몰 화이트닝 치약 개스퀴저 페리오 토탈어드밴스드치약콜게이트 그레이트레귤러치약심플리젠틀 다용도 화장솜멜라노 엔자임 페이스워시심플리젠틀 면봉헤피바스 솝베리 코스트코온라인몰 코스트코휴무일 코스트코회원권 코스트코영업시간 코스트코상품권 모이스춰 버블클렌징폼 클렌징 워터닥터브로너스 퓨어 캐스틸 솝 라벤더 닥터브로너스 퓨어 캐스틸 솝 시트로스오렌지 세라놀 겔 토너패드 장팩 마몽드 어메이징 딥 민트 클렌징 밤수이사이 효소 파우더 클렌저 팩 카오 식물성 화이트 솝 비누오스트레일리안 보태니컬 비누 입 라이온 아이깨끗해 프리미엄 핸드워시 리필바 솝 비누알페신 카페인 샴푸 질레트 프로쉴드파워 면도기 면도기날 질레트 프로쉴드 면도날케라시스 아르간오일 트리트먼트엘라스틴 너리싱 샴푸 엘라스틴 너리싱 컨디셔너 미쟝센 헤어스프레이 스트롱홀드제이숲 실크케라틴 워터팩 제이숲 실크케라틴 노워시 트리트먼트엘라스틴 까멜리아 헤어오일엘라스틴 까멜리아 샴푸 팬틴 콜라겐 극손상케어 트리트먼트 팬틴 멀티태스커 컨디셔너 팬틴 멀티태스커 샴푸 헤드앤숄더 울트라 쿨멘솔 샴푸 팬틴 케라틴 노워시 트리트먼트닥터포헤어 샴푸동구밭 샴푸트리트먼트바지오바니 티트리 샴푸닥터구루트 탈모증상 집중케어 샴푸 모다모다 제로그레이 블랙샴푸 려 볼륨모근강화 샴푸유세린 하이알루론 아이크림센텔리안 멜라캡쳐 앰플프로버츠비 틴티드립밤 텐 레볼루션 아이크림손앤박 아이래쉬 세럼헤라 센슈얼 누드 밤 바세린 시트마스크팩매팩 더마픽스 콜라겐마스크매 앰플크림 매포함 글로이스트 드림 글로우 뷰티 마스크팩마르시끄 미간 주름 패치 장팩리들샷클렌저 에센스로션믹순 콩 에센스숨 시크릿 에센스 미샤 비타앰플달바 화이트 트러플 세럼 셀트리온 셀큐어 프로틴 볼륨 앰플웰라쥬 히알루로닉 블루 앰플 스킨 센텔라 앰플정샘물 에센셜 물 피팅 미스트 고려은단 비타민경남제약 레모나덴프스 트루바이타민이뮨얼라이브 원스데일리 멀티비타민웨버네추럴 비타민 리스테린 구강청결제 쿨민트센소다인 멀티케어 치약리치칫솔 센소다인 엑스트라 화이트치약파로돈탁스 쿨링민트치약센카 퍼펙트 휩 클렌저라운드랩 독도 클렌저더랩바이블랑두 올리고 히알루론산 딥토너셀리맥스 어성초 지우개패드라운드랩 독도 토너 퓨어 클렌징오일스킨푸드 캐롯 카로틴 패드 매리필매 헤라 선메이트 크림레포츠헤레 선메이트 프로텍터닥터지 그린마일드 업 와이드 선패치 회분 프란츠 선쉴드 펩타이드 선패치 회분세이프 온 시카 카밍 선쿠션 본품리필 스킨 센텔라 워터핏 선세럼아떼 비건 선 에센스닥터지 그린마일드업 선피지오겔크림세타필 뉴 모이스처라이징 로션세타필 뉴 모이스처라이징 크림일리윤 가려움토탈케어크림아비노 바디로션라벤더향 아비노 바디로션무향 아비노 바디워시자몽 아비노 바디워시무향 피지오겔 페이스 앤 바디로션오휘 에이지 리커버리 크림오휘 에이지 리커버리 스킨소프너에멀젼 오휘 프라임 어드밴서 앰플 세럼크림 오휘 미라클 토닝 크림동국제약 센텔리안 더 마데카크림아이오페 슈퍼바이탈 에멀젼아이오페 슈퍼바이탈 소프너수려한 비책진생 윤 크림 아이오페 슈퍼바이탈 크림크림 에센스수려한 비책진생 윤 유액 수려한 비책진생 윤 수액 피지오겔로션에스트라 아토베리어 크림닥터지 레드 블레미쉬 수딩 크림닥터지 블랙 스네일 크림비원츠 시카 콜라겐 리프팅 크림헤라 옴므 에센스 인 스킨 구성품 헤라 옴므 에센스 인 에멀젼 구성품 빌리프 더 트루 크림 아쿠아밤유리아쥬 오 떼르말니베아 데오드란트 롤온엔젤 아쿠아 수분 수딩젤유한킴벌리 그린핑거 파워쉴드 선스틱생활건강 태극제약 도미나스 기미케어 크림일리윤 히알루론 수분 크림한스킨 히알루론 에센스이지듀 멜라토닝 앰플피지오겔 데일리뮨 세럼토리든 다이브인 세럼오가니스트샴푸앤바디워시피노 프리미엄 터치 헤어 마스크골든앰플 헤어에센스 피지오겔 하이드로 젤 크림숨 워터 젤 크림 크래프트 양송이 스프캠벨 클램차우더 스프캔보노 옥수수알 콘스프보노 바질크림 스프상하키친 양송이 크림스프오뚜기 분카레짜장오뚜기 백세카레 약간매운맛 에스앤비 골든카레 매운맛에스앤비 골든카레 중간매운맛본죽 본소고기 가마솥국밥마마스초이스 두부 북엇국소스락 백년육수 즉석국양반 그릴리 부대전골비비고 사골시래기 된장국비비고 소고기 미역국비비고 스팸듬뿍 부대찌개비비고 육개장양반 통다리 닭볶음탕 참치캔 가다랑어 동원 참치 스팸 클래식스팸 라이트풀무원 식물성런천미트동원 고추참치동원 참치동원 맛참 고소참기름동원 번데기유동 자연산 다시마골뱅이 동원 자연산 꽁치비비고 김치볶음상하키친 비프카레본죽 쇠고기 장조림 양반 진국 소고기무국비비고 사골곰탕 진우불식당 즉석우동 풍국면 들깨칼국수양반 오쏘티드 칼떡볶이떡볶이의 신 짜장 라볶이비비고 떡볶이백제 알리오올리오파스타 백제 만테까레투움바파스타이가자연면 얼큰 누룽제비 면사랑 남해 멸치칼제비백제 도토리 비빔막국수 이가자연면 감자수제비 고메 베이컨트러플파스타 쟌슨빌 햄스팸 닭가슴살리챔 오리지널 캔 캔풀무원 평양 물냉면요뽀끼 컴라볶이풀무원 병아리콩 곤약면오뚜기 옛날 자른 당면비폰 베트남칠리 쌀국수타이와 쌀국수 스프포함 백제 멸치 쌀국수이치방딜리셔스 돈코츠라멘면발의 신 마라탕면이가자연면 신길동 얼큰짬뽕예천농협 한아름쌀미이랑 캐나다산 병아리콩미이랑 국내산 찰기장쌀미이랑 국내산 찰수수쌀월드그린 캐나다산 카무트미이랑 국내산 서리태 미이랑 페루산 적두 팥 월드그린 국내산 백태온가족 누룽지 미니백제 김치볶음밥 누룽지예맛 오곡 누룽지햇반 소프트밀 소고기죽양반 특전복죽 햇반 솥반 꿀약밥햇반 컵반 치킨마요덮밥햇반 서리태 흑미밥햇반 쌀눈가득 쌀밥햇반 발아현미밥햇반컵반 된장김치찌개밥햇반 이천쌀밥월드그린 파로월드그린 호주산 루피니빈예산농협 삼광쌀용인농협 아끼바레쌀팽성농협 고시히카리쌀마장농협 이천쌀미이랑 국내산 찹쌀미이랑 캐나다산 귀리쌀 미이랑 국내산 찰현미팽성농협 아끼라레현미미이랑 국내산 가바오색현미월드그린 미국산 찰보리쌀월드그린 국내산 찰흑미미이랑 국내산 체질균형식돈시몬 오렌지 주스이롬 주스밸런스그로우착즙 주스오가닉라이프 그린글리쿼터패스트 아이스티 복숭아 산가리아코코 복숭아청포도돈시몬 자몽주스 후룻베지 파우치팁코 파인애플주스팁코 오렌지자몽주스후버 레몬에이드후버 사과주스덴마크 테이크얼라이브 스위티자몽주스카프리썬 멀티 비타민주스피오디 라임주스카프리썬 오렌지망고주스 아몬드음료고소한 삼육두유베지밀 아몬드호두 두유이롬 약콩 두유삼육두유 국산 검은콩 두유블루다이아몬드 아몬드 브리즈상하목장 유기농 멸균우유연세우유 소화가잘되는우유빙그레 바나나맛우유허쉬 초콜릿드링크배스킨라빈스 딸기맛 우유연세우유 콜드브루커피우유사과당근 주스솔리몬 스퀴즈드 레몬주스솔리몬 스퀴즈드 레몬주스롯데 쌕쌕오렌지주스 콜라 갈아만든배핫식스 에너지드링크몬스터에너지 울트라 캔 핫식스 더프로오리지널셀시어스 오렌지치포레스트 제로 탄산음료폴바셋 어메이징오트커피매일유업 어메이징 오트폴바셋 돌체라떼칸타타 콘트라베이스 콜드브루스타벅스 더블샷바닐라스타벅스 에스프레소크림 더블샷스타벅스 파이크플레이스투썸플레이스 디카페인아메리카노유씨씨 하와이코나커피투썸플레이스 피치아이스티샷추가레쓰비 마일드 캔커피오랑지나 탄산음료 사이다제로것플렉스 골든페어 배주스블루몽키 스파클링 주스 레몬에이드 그로운라이트 딸기레몬에이드 썬스위트 프룬주스 랑거스 알폰소 망고넥타압착 사과주스 선베리 패션후르츠 주스크랜베리주스홍자몽주스 델몬트 스테비아 토마토주스선베리 토마토주스 코코넛워터오뚜기 오라면팻츠가드 고양이 두부모래무향 팻츠가드 고양이 두부모래라벤더향 아메리칸 솔루션 벤토나이트 모래 무향 애견용변패드매 아이리스 애견용변패드매 시저 애견사료 소고기 캔에이엔에프 식스프리골드 애견사료 팩 네츄럴코어 애견사료팩강아지용 사료소형견 사료프리미엄 애견사료노령견 사료 파미데이즈 치킨말이 고구마 파미데이즈 황태유산균 덴탈껌 밀키베이스뉴트리플랜 애견용 홀릭소시지뉴트리플랜 소프트뮨 화식 애견용 프리미어 고양이사료 에이엔에프 식스프리골드 고양이사료 팩 뉴트리나 비스트로 애묘사료고양이 습식캔이나바 마구로쥬레 유산균이나바 츄르비 버라이어티 봉 팬시피스트 고양이 주식캔 캔 조공 미니트릿 닭가슴살뉴트리나 비스트로 애묘용 캔사료아르르 강아지고양이 열빙어간식네츄럴코어 천연 오리가슴살이나바 챠오츄르 고양이간식 입 바우와우 애견용 혼합간식 팩 존스팜스 애견용 연어저키정직하개 애견용 소고기육포벨버드 치킨밀크껌 소형벨버드 치킨밀크껌 중형윔지스 애견용 베지소시지원데이케어 애견관절치석케어러봉 애견용 한우콜라겐껌 연어맥스퓨전 애견용 장난감클린어스 애견용 장난감시리우스 강아지 발씻자 실리콘팁 바우와우 애견용 단백질바 팩 슈퍼포우 베리츄 강아지껌스위퍼 헤비듀티 먼지청소포 핸들청소포매 스카트 살균소독티슈 매팩 스카트 유리거울 세정티슈베지터블 코인 압축 티슈 테이블 냅킨 매팩쓰레기통 비닐봉투 대용량 멀티백홈스타 욕실청소용클리너페브리즈 화장실비치형 방향제 탈취제홈워시 세탁조 크리너홈워시 파이프크린홈워시 락스이지엔 페이퍼호일 팩 이지엔 에어프라이어종이호일 알루미늄 쿠킹호일글래드 밀폐용기 용기뚜껑 삼풍 일회용 나무젓가락 매팩 삼풍 종이접시대 삼풍 종이접시중 삼풍 종이보울투고 투명컵 뚜껑빨대삼풍 이중단열 커피컵삼풍 종이컵 음료수컵개 브레프 변기세정볼 레몬 입 크리넥스 빨아쓰는 행주타월 매롤 크리넥스 위생행주스카치브라이트 다용도행주겸 청소포스카치브라이트 베이킹소다 수세미스카치브라이트 청소용브러쉬스카치브라이트 초강력 린트롤러고로고로 테이프클리너본체리필매 고로고로 테이프클리너리필침구용 고로고로 테이프클리너리필바닥용 스카치브라이트 베이킹소다청소포매 스카치브라이트 미세먼지청소포매 스카치브라이트더블액션걸레 핸들 청소포 스크럽마미 수세미스크럽대디 수세미디쉬대디 클리닝스틱번들 스카치브라이트 다용도 도트수세미스카치브라이트 옥수수그물망사수세미스빈또 올인원 세제수세미스카트 일회용수세미 매롤 마미손 고무장갑 중형 마미손 고무장갑 대형 아우라 시트형 섬유유연제 건조기용리큐제트프로 포인트샷얼룩제거제슈가버블 과탄산소다 표백제타이드 액상세탁세제 홈케어 프리미엄습기제거제미세스 마이어스 다목적 세정제 스프레이 슈가버블 식기세척기세제프로쉬 식기세척기세제 식기세척기세제 슈가버블 애플향 주방세제 매소드 주방세제키친솝 주방세제 프로쉬 주방세제프릴 헨켈 베이킹소다 주방세제 레몬향울샴푸 중성세제 리큐 세탁세제 드럼겸용 피지 시트형세탁세제드럼겸용 다우니 퍼펙트딥클린 라브아세제 아이리스피오니 개피지 모락셀라 냄세제거부스터파워브라이트 세탁세제 입 퍼실 디스크세제 피지 디나자임 딥클린맥스세탁세제울트라클린팩세제 퍼울 머스크블룸세탁세제 액체세탁세제 프로쉬 알로에베라세탁세제액츠데오후레쉬 세탁세제베이킹소다 퍼실 어드밴스드젤세탁세제 샤프란 꽃담초 섬유유연제 다우니 섬유유연제 에이프릴프레쉬 다우니 인퓨전 섬유유연제 블리스 다우니 섬유유연제 실내건조다우니 섬유유연제 삶음탈취 섬유유연제 후레쉬섬유유연제 라벤더 라브아 섬유유연제 프랑지파니가이악프로쉬 코튼블라썸 섬유유연제레노아 섬유유연제 화이트머스크향 시트형 섬유유연제 매팩 다우니 언스탑퍼블 향기부스터 러쉬인워시향기부스터 스프링프레쉬향기 부스터 울트라프레쉬지퍼백 대형 지퍼백 중형지퍼락 스마트지퍼백 대형지퍼락 스마트지퍼백 중형지퍼락 버라이어티 냉장백 소형 미니 이지엔 슬라이더스탠징지퍼백이지엔 비닐백 중형 매이지엔 롤백 대형이지엔 롤백 소형 매 주방용랩 주방용랩 중형 팩 글래드 프레스앤씰 매직랩 팩 이지엔 일회용 비닐장갑 매페브리즈 섬유탈취제 다우니향페브리즈 섬유탈취제 향균페브리즈 섬유탈취제 실내건조페브리즈 공기탈취제라브아섬유탈취제 사이프러스베티버콤보스 체다 치즈 크래커 나비스코 리츠 크래커 코로코 완두콩 크래커켄지 파 크래커아마노야 센베 쌀 크래커오데이 누가샌드위치 크래커 카스 테이블워터 크래커쿠키아 뚜부 크래커돌리 제주 감귤 과즐 봉 돌리 오란다청년떡집 말랑말랑 꿀오랑돌리 한입 전병 믹스미왕 고소한 쌀과자삼립 궁중 꿀약과 마마스초이스 쌀크래커 김파래맛마마스초이스 고구마 프라이즈맥코믹 스테이크 시즈닝리치스 스위트콘하인즈 굿마요네즈린지 라지 피티드 블랙올리브 캔 청정원 고소한마요네즈 골드 큐피 참깨드레싱 블레이즈 발사믹 글레이즈맥코믹 시저 샐러드 드레싱하인즈 토마토케찹 네이처소스 샐러드토퍼하인즈 토마토케찹베이컨 크럼블스하인즈 토마토케찹프레쉬 고메 양파후레이크크래프트 미라클 휩프렌치스 머스타드이지쉐프 알리오올리오 소스하인즈 클래시코 크리미 알프레도 파스타소스라구 토마토 파스타 소스 데체코 바질페스토 가로팔로 파스타면 혼합 가로팔로 스파게티 바릴라 링귀니청정원 로제 파스타소스한라식품 수참치액소스락 백년육수청정원 올리고당 큐원 알룰로스소스락 한우 사골육수소스락 바싹말린 의성마늘청정원 조청쌀엿쌀% 안옥남 국물용 다시팩백설 프리미엄 굴소스미원 아미노산 미원 백설 소갈비양념백설 쇠고기 다시다 백설 소불고기양념남안동농협 고춧가루비비고 김치요리용소스 에스앤비 생와사비다이쇼 데리야끼소스 플라잉구스 스리라차핫소스타바스코 핫소스크래프트 스테이크소스오뚜기 참깨돈까스소스청화농산 국산볶음참깨청화농산 국산 들깨가루맥코믹 바질메사나 파마산 치즈델라미코 갈릭 후레이크맥코믹 월계수잎델라미코 파슬리 플레이크 천일염 소금 씨솔트델라미코 크러쉬드 레드페퍼 말돈소금미담 신안 구운 천일염 소금 계피가루올드톰슨 사이공시나몬스틱 핑크솔트그라인더리필소금 통후추 흑후추 그라인더리필 오뚜기 순후추샘표 양조간장 몽고 송표 프리미엄 간장 영덕농수산 영덕 게간장 빽쿡 만능요리액젓미즈칸 쯔유 백설 하선정멸치액젓롯데 미림 요리전용맛술샘표 연두본죽비빔밥 소고기강된장청정원 조개멸치 양념된장해찬들 구수한 가정식집된장 청정원 순창 초고추장해찬들 궁중식 볶음고추장청정원 태양초일품고추장 해찬들 우리쌀태양초고추장 해찬들 고기전용쌈장시아스 오리엔탈 드레싱 토마토페이스트 다이스토마토아라움 매콤달콤 보리멸 봉 마마스초이스 바삭한닭껍질후라이드마마스초이스 구운 오징어채마마스초이스 오징어 소면 왕오징어구이 스틱마마스초이스 치즈오징어마마스초이스 버터구이 오징어마마스초이스 황태 껍질 튀각푸드엔씨 구운 미니 쥐포피쉬트리 고소한 먹태소스포함 마마스초이스 황태 양념구이벤토 스위트앤스파이시 불징어피쉬트리 오사리안주멸치피쉬트리 오븐에구운먹태깡오뚜기 초간편 감자전 믹스에스프레소 블렌드하우스 블렌드콜롬비아원두커피 스타벅스 브랙퍼스트블렌드 스타벅스 카페베로나 룰리커피 스페셜블랙원두커피 카누 카페블렌드 원두커피 모모스커피 하우스블렌드자비다커피 헤이즐넛바닐라 원두폴 바셋 블렌드 테라로사 올데이 블렌드 커피명가 올굿블렌드원두커피 구스틴크래머 핸드드립커피필터 장팩 스타벅스 미디엄 아메리카노 보헤미안 로스터스 인스턴트커피카누 미니텀블러포함 바리스타커피 헤이즐넛 커피볼맥심 모카골드 마일드헤라 선메이트 프로텍터파이어폭스 바베큐숯대림바스 샤워헤드메탈호스 대림샤워 호스 대림바스 세면대필터헤드 리필필터개포함 대림바스 주방헤드필터대림바스 필터 주방헤드 필터개 포함 대림바스 필터샤워헤드 필터개포함 대림바스 샤워헤드필터듀라셀 알카라인 건전지 듀라셀 알카라인 건전지다용도 극세사타올 장 노랑 불스원에탄올워셔 개뽑아쓰는 다용도 타월 장 불스원 레인 이지그립 발수코팅 불스원 레인 스피드 발수코팅개 소나텍 익스트림나노엔진코팅개 불스원 프리미엄 연료첨가제개 휘발유 불스원 프리미엄 연료첨가제개 경유 페브리즈 차량용방향제클립프레쉬허브 맑은하늘바람 페브리즈 차량용방향제클립다우니 맑은하늘바람알카라인건전지알카라인건전지 듀라셀 울트라알카라인 건전지 듀라셀 울트라알카라인 건전지 듀라셀 알카라인 건전지 듀라셀 리튬 건전지 유니 제트스트림 볼펜색 유니 제트스트림 볼펜색 제브라 샤프샤프개 심개쓰리엠 박스 테이프티라이트정수필터 브리타호환브리타 막스트라프로 필터라바짜 네스프레소호환크레마에구스토 라바짜 네스프레소호환퀄리타 로사 카피탈리 네스프레소호환종 클라시코 벨루타토 포르테 카피탈리 네스프레소호환종 클라시코 벨루타토 포르테 브라질 룽고 킴보 네스프레소호환바리스타 나폴리 인텐소 스타벅스 네스프레소플레이버 스타벅스 네스프레소디카프 스타벅스 네스프레소싱글오리진콜롬비아 하우스블랜드 에스프레소로스트 스타벅스 돌체구스토네스카페 돌체구스토아메리카노 룽고 베스트모먼트 돌체구스토브라운 전기면도기 세정액팩 스타벅스 돌체구스토하우스블렌드 파이어폭스 알루미늄 직화용기 버라이어티팩코베아 헤스티아 토치 파이어폭스 에탄올 고체연료풍국면 들기름막국수풍국면 온동네 소면 백제 당초밀면백제 히모카와 우동백제 필승의 잔차국수포카리스웨트 이온음료 팩 토레타 과채이온음료쥬비스 애플사이다비니거밸런스그로우 수박주스립톤 제로복숭아아이스티정식품 국산콩 진한콩국스카치브라이트 베이킹소다크린스틱 핸들 패드 블루랜드 변기세정제윙크 위생 롤도마윙크 잘라쓰는 주방후드필터정샘물 스킨 누더 쿠션리필미니퍼프벌꿀 블루 아가베시럽무염견과 스낵팩 살사소스 라투랑겔 호두오일동원 저스트 육포 화이트 페퍼리치 켄주 야채크래커크리스피롤 곡잘잘미칩 볶은곤약통멸치 츄이 프로틴바화과방 프리미엄 양갱텐케이 종합 모나카후지야 밀키캔디솜 디톡스 레몬칩스타벅스 다크 아메리카노쌍계 애플사이다비니거 사과 아이스티 복숭아 티젠 레몬콤부차이디야 요거트 파우더크리스탈라이트 레몬 아이스티 크라스탄 오르조보리차 토티야 칩스 스낵킹 옐로우콘 토티야칩스프리토레이 도리토스 나초 칩프리토레이 레이즈 클래식 핑크솔트감자칩잭슨스 고구마 칩히피 칙피 병아리콩 나초칩테라칩 클래식 야채칩오리온 태양의 맛 썬프리토레이 스낵 버라이어티 팝코너스 버라이어티 백프링글스 미니 사워크림어니언프링글스 오리지널익사이클 바삭칩 믹스오리온 오징어땅콩강정롯데 스낵모음오리온 스낵모음크랙콘 카라멜팝콘에어 퍼프콘 클래식시카고 믹스 팝콘신화에프에스 컬러 오징어마마스초이스 리얼 닭가슴살 칩마마스초이스 후라이드 쥐포튀김곰표 후라이드 오징어진새우 오리지널 새우스낵스낵야드 표고버섯 칩일품채 표고채 국내산일품채 목이버섯 국내산호박고지 국내산건곤드레 나물 국내산무말랭이 국내산건고사리 국내산양구 건시래기 국내산건대추 국내산건취나물 국내산오리히로 과일 곤약 젤리폴라레티 후르트 아이스바허쉬 얼려먹는아이스크림엘제이드 쁘띠베어 아이스바트롤리 미니 버거 젤리틱톡 젤리 믹스 닥터유 프로틴바 미니 닥터유 아몬드 단백질 볼닥터유 프로 단백질 바 그래놀라 바비카인드 다크초콜릿 너트바엄마사랑 통곡물 너트바랩노쉬 단백질 쿠키 종 프로틴 바네이쳐밸리 프로틴 바네이쳐밸리 트레일 믹스 바궁 쇠고기 육포궁 골든올리브 육포궁 쇠고기 육포비첸향 골든코인머거본 칼몬드포담 빼빼어포피쉬트리 먹태깡 레드신화에프에스 갓 튀김 어포카디나 감자 스틱농심 쫄병 스낵오리온 뉴룽지더다믐 김칩스것플렉스 두부현미스낵오뚜기 뿌셔뿌셔불고기맛타오케노이 빅롤 김 스낵트윅스 미니스 초콜릿오리온 비쵸비엠앤엠즈 믹스 초콜릿부르봉 알포트 초콜릿 가염 믹스넛무염 믹스넛무염 캐슈가염 캐슈 만나다 브라질 넛원더풀 가염 아몬드 가염 피스타치오 만나몰 국산 볶음 땅콩만나다 국산 잣 가염 볶은 아몬드미국산 피칸휴슨넛 슬라이스 아몬드 미국산 생아몬드미국산 호두 그린넛 호두 반태 그린넛 호두 정과후디즈 칵테일 피넛 후디즈 허니 로스티드 피넛 플랜터스 가염 땅콩 바프 허니 버터 아몬드헤이그램 서리태 스낵카수가이 와사비콩스낵가염 땅콩캐슈 클러스터 바프 먼투썬 주 허니 마카다미아 로스티드 마카다미아부샤드 카라멜씨솔트초콜릿 부샤드 다크 %초콜릿 페레로로쉐 초콜릿총개 하리보 스타믹스 젤리제너럴밀스 후룻 바이 풋앙팡 밀크릿 카라멜 스모어코어틴 프로틴 초콜릿 볼몰티져스 밀크 초코볼아라비안 딜라이트 대추야자 아몬드초콜릿스위스 델리스 밀크 초콜릿 스위스 델리스 다크 초콜릿 메이지 마카다미아 초콜릿메이지 키노코노야마 일본 초코송이롯데 빼빼로 모음 팩 킨더 맥시 초콜릿페레로 누텔라 앤 고킨더 부에노 초콜릿킨더해피 히포해태 홈런볼 초코 틴인틴 비스켓 원더풀 무염 피스타치오제너럴밀스 후르츠거셔스젤리오리온 알맹이믹스팩제너럴밀스 후르츠 롤업 젤리트롤리 지구본 젤리 트롤리 사우어 구미스위트 스페이스 멀티 믹스 젤리트롤리 드래곤 에그 젤리 닥터큐 과즙 젤리 종멘토스 미니사이즈 과일맛후르트텔라 과일맛 요구르트츄트롤리 올인원 젤리 비달 다이노 젤리레옹 사워 젤리모음스키틀즈 믹스팩락토조이 구미 젤리하리보 골드베렌 젤리하리보 메가 파티 젤리미카구토 아주끼캔디 맛밤 봉 페를레디솔레 포지타노 레몬사탕 캔디캠프파이어 마시멜로옌끼 자일리톨 캔디투씨 팝스 미니어춰 스틱 캔디총 웨더스 오리지널 버터 크림 캔디벨라민츠 스피어민트 캔디벨라민츠 과일맛 민트 종트레핀 벨기안 커피맛 스위트 캔디 스위토리 후르츠민트향 껌 벨라민츠 스피어민트 껌맥스봉 치즈스위토리 자일리톨 껌롯데 자일리톨 껌전자레인지 팝콘웨지 감자 스낵디제이앤에이 바삭하고 고구마칩덴로쿠 스낵믹스세레나 에그롤트로피칼 필드 크리스피코코넛롤슐츠미니 프레첼 부르봉 블란츌 랑그드샤 피넛버터 프레첼 기화병가 펭귄 쿠키미니 초코크리스피티포 에그쿠키크노퍼스 웨하스센넨야 바움쿠헨마마스초이스 티각태각 야채부각스모어 오갓멜로 크리스피 쿠키 트러플하몽 크래커총 웨더스오리지널 카라멜팝콘 클래식나비스코 프리미엄 솔틴크래커 골든 오차드 트레일 믹스 싱글오리진초콜릿워커스 어쏘티드 토피초콜릿 모음밀크초콜릿 아몬드 스니커즈 펀사이즈 초콜릿스니커즈 미니스 초콜릿허쉬 키세스리터스포트 초코큐브토블론 믹스 초콜릿스위토리 피넛 클러스터스위스델리스 마운틴바초코블럭이노푸드 아몬드너겟 초콜릿알리앤로즈 미니 초코 와퍼콘부샤드 라즈베리틴나비스코 오레오쿠키위메이드 밀크 쿠키랑그드샤 쿠키밀카 초코그레인 쿠키폭스 초콜릿 쿠키스위토리 치즈 쿠키알리앤로즈 크로아상 바이트모리나가 문라이트자케 미니브라우니믹스오리온 카스타드오리온 초코파이맥비티 다이제스티브 투고 켈슨 데니쉬 버터 쿠키 카라멜라이즈 쿠키비첸지 아치쿠키박스생미쉘 프렌치 버터 쿠키카렌스 베이커리 오트쿠키 라즈베리롯데 마가렛빠다코코넛메종 브뤼에르 아몬드 크리스프크리넥스 다용도 종이타월 매입미용티슈매팩프리미엄화장지롤 크리넥스 데코소프트화장지롤 크리넥스 소프트터치 미용티슈매팩 크리넥스 휴대용 티슈매 뽀삐 점보롤화장지 롤 크리넥스 안심 키친타월매 롤종이타월매롤 크리넥스 소프트엠보싱 물티슈 매팩 꽃샘 본비 우엉차동서 둥굴레차 꽃샘 본비 우롱차 쌍계 전통차도라지 국화 누룽지 티트라 레드 애플티로얄티 루이보스 티 네스카페 테이스터스초이스커피 콜럼비아그라운드커피인스턴트커피스타벅스 드립백커피룰리커피 스페셜드립백하마야 드립백 커피테라로사 싱글오리진 드립백강릉 보헤미안 로스터 드립백커피 입 이디야 토피넛라떼커피빈 피스타치오 라떼맥심 화이트골드펄세스 스테비아커피믹스 이디야 스페셜 모카블렌드 이디야 스페셜 골드블렌드비비고 참기름퓨리티 마누카꿀 본비 아카시아꿀 메이플 시럽 초콜릿 칩 % 스키피 크런치 땅콩버터땅콩버터오뚜기 우리밀부침가루 청화농산 도토리묵가루곰표 중력밀가루미이랑 찹쌀가루 농협 우리밀 참밀가루 아몬드가루 백설 하얀설탕 홀썸 비정제 갈색설탕 큐원 갈색 설탕설탕 알티스트 설탕대신 알룰로스 큐원 스테비아 암앤해머 베이킹소다썬스위트 건자두 담달 쫀득한 건망고썬메이드 건포도건체리 건블루베리오션 스프레이 건크랜베리 이롬 일 영양건강식돌 복숭아 컵태광선식 퀴노아곡 미숫가루 설빙 옛날 미숫가루 태광선식 서리태귀리쉐이크 달톤 화이트 식초마리안느 아보카도오일 올리브유스페인엑스트라버진 올리브유셀렉스 웨이프로틴 드링크라투랑겔 오일혼합 엑스트라버진올리브유스페인포도씨유오타비오 포도씨유푸엔테 해바라기유 카놀라유 백설 옥수수유 데니그리스 사과식초 사과식초명가랑 국내산 참기름명가랑 국내산 들기름명가랑 정이담긴참기름먹는샘물 천연광천수동원 보성말차아리조나 녹차진생허니티 캔 광동 옥수수 수염차 이탈리안탄산수후지산 탄산수 스파클링탄산수하이트진로 토닉워터 플레인캐나다드라이 진저에일하이트진로 블랙보리 천연광천수 제너럴밀스 바 버라이어티 팩퀘이커 심플리그래놀라 에센셜 그래놀라 프로틴 플레이크오 그래놀라 믹스 팩 제너럴밀스 시나몬토스트크런치켈로그 리얼 그래놀라그래놀라하우스 그래놀라 파로이츠캘로그 컵 시리얼캘로그 아몬드 푸레이크신라명과 달콤바삭 크룽지신라명과 오리진단팥빵삼립 오븐에구운버터도넛신라명과 리얼 브라우니미각제빵소 황치즈 버터바파이삼립 호두 타르트화과방 도넛팥빵화과방 크림딸기붓세화과방 바질스콘화과방 우피파이 팔도 비빔면농심 너구리농심 배흥동 비빔면 런닝 트리코트반바지 플립플랍성인 스티커즈 캠핑용 접이식 간이침대브라질리아 백팩 구명조끼 영유아용구명조끼 용넥쿨러 개마이어 전기포트 로렌스 머그락앤락 단 도시락휴대가방 포함 리볼브블루투스 스피커 아이폰 프로맥스아이폰아이폰 웰치스 탄산소다 포도맛 캔 콜라 제로 팩 콜라 캔 멜로그라노아란시아타 캔 마운틴듀 오리지널제로동원애묘용 캔사료 웨버 대형 숯 점화통 웨버 점보조 차콜그릴 웨버 프리미엄 차콜그릴 코스트코회원권 코스트코 코스트코추천상품 코스트코올리브오일 코스트코영업시간 코스트코타이어 코스트코상품권 코스트코추천 코스트코온라인몰 코스트코휴무일 코스트코세일 코스트코 코스트코정보세일정보 코스트코에서꼭사야할것 코스트코추천 코스트코치즈 코스트코고기 코스트코추천템 코스트코다이어트 코스트코갈비살 코스트코간식 코스트코고기소분 코스트코갈비살소분 코스트코그릭요거트 코스트코고기추천 코스트코가격표에숨겨진비밀 코스트코과자 코스트코감자수제비 코스트코냉동야채 코스트코뇨끼 코스트코낙곱새 코스트코냉동식품 코스트코냉동새우 코스트코냉동피자 코스트코닌자블렌더 코스트코냉동 코스트코디저트 코스트코다짐육 코스트코다이어트추천템 코스트코드라이기 코스트코닭다리살 코스트코등갈비 다이어트코스트코 코스트코베이글 코스트코다짐육떡갈비 코스트코레몬즙 코스트코로스트치킨 코스트코로티세리치킨 코스트코라자냐 코스트코올리브오일 코스트코추천상품 코스트코신상 코스트코필수템 코스트코연어 코스트코상추 코스트코쇼핑 코스트코영양제 코스트코아이폰
​
딥모이스처 바디워시 에멀전 골드리프팅 스킨케어 캐스키드슨 핸드크림 캐스키드슨 베스트 선물 프리미엄 호 스페셜 호 동원 프리미엄 호 제일재당 스페셜 호 백설오일 혼합선물 영진 불원산 헉슬리 핸드크림농심 너구리김치 사발면육개장 사발면신라면 소컵부여알밤 삼계탕트레브리즈 공기탈취제슈가보블 과탄소 표백제 데일리 양말 담요 슬리퍼로버락 로봇청소기 바롬 제로 컬렉션 무선청소기 스타벅스 돌체 구스트 헤이즐넛 바닐라 원두아보카도 오일골드 키위 샤인 머스켓 청포도햇반 김치 치즈 주먹밥 삼천오참치마요 주먹밥 비요뜨 초코링 콘드로이진천 어린이 눈건강궁이 바이탈프로틴 콜라겐 홍삼정 현홍삼정현홍삼선물 홍삼골드산삼배양근 진 센트룸 실버 멀티비타민 코관절 진 콜라겐 에센셜마그마 스피드샷 루테인 지하잔틴 홍삼 원력 홍삼 절편홍삼 배도라지 진액 보감 쌍화 진액 하모트효소 에버스트로겐 종군단건강 홍삼 절편 농량근 홍삼본 함뿌리 녹용 흑삼스틱 함뿌리 흑삼 아르기닌 침향환 선물 알로에 판토텐산 센트롬 멀티비타민 구미 레몬민트 허브캔디 경남제약 레모나시 스테노비스 트리 브레스 스프레이 프로폴리스 자동전자혈압계 동구밭 샴푸 트리트먼트 바 범 일회용 치간 칫솔 조르단 인디비주얼 소프트 칫솔 질레트 프로실드 면도날 유시몰 화이트닝 치약 레인바스 샤워젤 헤드앤숄더 울트라쿨 맨솔 샴푸 흑모비체 괄호거품 연모제 시크릿 에센스 에이지 리커버리 크림 컨센트레이트 세럼프로크림 어성초 지우개 패드 아이케카테 프리미엄 핸드워시 온더바디 바르시처 코튼 푸트 샴푸 센텔리안 멜라 캡처 앰플 프로 도미나 스키미 케어 크림 미라클 토닝 크림 에이지 리커버리 스킨 소프트나 에멀전 엔자인 페이스 워시 모노티크 바디 워시 클렌징 워터가비노 바디로션 닥터 루티어 선물플라워 마켓 바디웨어 케어보타닉 가든 바디워시퓨어 코튼 선물레드 이발소 핸드워시마라탕면 소고기 미역국 양송이 스프 바질크림 스프 통다리 닭볶음탕 사골시래기 된장국 김치볶음 스팸 듬뿍 부대찌개 육개장 비비고 떡볶이 베이컨 트러플 파스타 짜장라볶이 어토리 비빔맛국수 진국 소고기묵국 어쏘티드 칼떡볶이 쌀국수 파게장 큰사발 당초 밀면 알리오 올리오 파스타 솥반 꿀약밥 누룽지 미니 소프트밀 소고기죽 컵반 치킨마요 덮밥 된장김치찌개밥 쌀밥참치 용원 스페셜 호 스페셜 호 프리미엄 호 프리미엄 김 호 비치햄 오리지널 스팸 클래식 스팸 라이트 스팸 닭가슴살 곡물복지 햄 라이트 존슨빌 햄 동원 고추참치 동원 참치 꽁치 두부 북엇국 그릴리 구대전골 사과 당근 주스 수박 주스 멜로그라노 아라시아타 제로 탄산음료 복숭아 청포도 콜라 스테비아 토마토 주스 고소한 삼육 초콜릿 드링크오랑지나 탄산음료 콜라 제로 핫식스 에너지 드링크 핫식스 더 프로 오리지널 롯데 밀키스 제로 마운틴 뉴 오리지널 제로환타 오렌지 제로 투썸플레이스 피치 아이스티샷 추가 투썸플레이스 디카페인 아메리카노 트래비 탄산수 레몬향 크리스탈 탄산수 샤인 머스켓 하차 캐나다 드라이 진저 에일 브라운 슈가 밀크티 오뚜기 열라면 파미데이지 치킨마리 고구마 애견사료 소고기 황태유산균 덴탈검 고양이 습식 캔 아르르 강아지 고양이 열빙어 간식 펜시피스트 고양이 슈식 트리플랜 애견용 홀릭소시지화면화식 애견용 애견용 장난값 베이킹소다 크린스틱 다영도 행주기엄 청소포 베이킹소다 수세미 다영도 포트 수세미 옥수수 그물망사수세미 페브리지 섬유탈취제 향균 섬유탈취제 다우니향 라부아 섬유탈취제 랩프 병기세정볼 프로시 식기세척기세제 프로시 주방세제 주방세제 헤비듀티 먼지청소포 페브리즈 화장실 비치형 방향제 루키제트 프로 포인트샷 얼룩제거제 더블액션 걸레 미세먼저 청소포 드라이 에이킹소다 청소포 초강력 린트롤로 슈가 버블 에프량 주방세제 키친솥 주방세제 에이킹소다 주방세제시티형 섬유유연제 건조기용 크리맥스 유생행주 스마트지퍼팩 스마트지퍼팩 대형 브라이어티 냉장팩 알로에베라 세탁세제 샤프란 꽃담처 섬유유연제 프로시 커튼 블라썸 섬유유연제 세탁세제 퍼실 어드밴스드 젤 세탁세제 딥클린 세탁세제 울샴푸 중성세제 나부아 섬유유연제 퍼실디스크세제 비트 세탁 세제 리큐 세탁 세제 포울 머스크 블룸 세탁 세제 다우니 섬유유연제 실내건조럭스나인 라텍스토퍼 슈퍼싱글 퀸사이즈 킹사이즈 에르고 라텍스백에 다운 얼터너티브 백에 오버사이즈 블랭켓 피너츠 엑센트러그 주방 쿠션 매트 미니 바스 타월양털 극세사 카펫 얼트메이트 담요 양털 극세사 담요 정장 양말 캐주얼 양말프리컷 팬티 프리컷 프라 캐주얼 양말 팬티 쿠션 양말라운드 티셔츠 브리프 긴소매티 방풍 자켓 밴딩 팬츠 긴팔 크로넥스트링 면바지 긴소매 맨투맨 긴소매 티셔츠 긴소매 크로티 트렌치 자켓 아린 후드 자켓 아린 청바지 스웨트 아린 밴딩 아린테리 바지 아린패키지 맨투맨 이랜드 팬츠 로고 스웨트 셔츠 청바지 치노 바지 옥스퍼드 셔츠 긴 소매 컬러 라운드 니트 와플 긴 팔티 동산 스판 팬츠 액티브 팬츠 긴 소매 쿠르 파자마밴딩 카고 조고 액티브 영양 옴니 히트다운 헤딩 자켓 피그먼트 스웨트 셔츠 보모 재킷 우유 가디건 와이드 청바지 캐시미어 니트 더블픽 캐팬츠주니어 프라네일 파자마액티브 풀집 풀집 니트 청바지 흰소매 니트 폴로 운동화 용 골프와 용 골프와 성인 스니커즈 운동화성인 운동화 노가 매트 펌 롤로 야광 킥커볼골비 플라이온 골프공 필텐 골프장갑 헤브리지 차량용 방향제 클립 볼스원 프리미엄 연료청가제박스테이프 페팔 핸드블렌더 롤치킨 스템 바스켓 야채 탈수기 페팔 칼전동 커피그라인더 스테어 크라이머여행가방 스탠리 큐인원 기능 경량 캠핑 의자 골프 우산 접이식 손수레듀라셀 알카라인 건전지번개표 등사각방등다목적 접이식 테이블 필터 주방헤드 샤워헤드 필터 네고 닌자고올인원 보안 카메라 개별 멀티탭 브라운 전기면도기 시리즈 전동칫솔모 오랄비 전동칫솔 오랄비 전동칫솔 식물 영양제 데린바스 필터 샤워 헤드연기 잡는 그릴 파워 인덕션 더플레이트 블렌더닌자 프로 블렌더 음식물 처리기 진공 포장기 멀티커피 머신 페팔 티타늄 포스 프라이팬 페팔 프라이팬스테인리스 스테인리스 더블링 디너웨어 인 유리 저장용기도로코 주방가위 도마 막스트라프로필터 엔바이저히럭스 캠핑 매트 무단 슬림 서랍장 서랍형 수납함 여행가방 원 도체자전거 차량용 스마트폰 무선 충전 거치대 불스원 에탄올 워셔 불스온 글라스 디필저 프리미엄 수공구아모스 글라스 데코프리미엄 에이퍼 복사 용지 송오브인디아 플라스틱 화분 초코그레인 쿠키 트레일믹스 태각야채 동중꿀약과 제주감귤과질 버라이어티백 와사비새우깡 두부현미스낵 갓튀김옵포 칼몬드 화이트 페퍼처스트 육포 프런치 트러플 볶음 땅콩 칵테일 피넛 허니 로스티드 피넛 프로틴 초콜릿불 커피 초콜릿 모음 스니커즈 펀 사이즈 초콜릿 사워 젤리 모음 트롤리 지구본 젤리 유기농 맛밤 쌀크래커 두부크래커 바삭칩 믹스 찰떡파이 키킷 오리지널 초콜릿 스키를드 믹스팩 체다치즈크래커사과젠파이 오븐에 구운 버터더넛 버라이어티쿠키 바삭한 닭껍질 후라이드 골든그레이염 바바라이어티 팩 원러브레드 미니 생크림 보름달 황태 양념구이 첵스 초코 콤보 팩 모레오오즈 스크램베리 아몬드 카페 블랜드 원드 커피 바게츠 인스턴트 커피바게츠 드립백 커피 스타벅스 돌체 구스터스타벅스 넷스프레스스타벅스 네스프레소킴보 네스프레소 맥심 카누미니 애플워치갤럭시플립 갤럭시폴드 게이밍 모니터 사운드 링크 플렉스 솔로 사운드 파트 퓨리케어 공기청정기 스탠바이미 인덕션식기세척기 인용달인 인덕션 프리스탠드 식기세척기 달인 스타일러 달인 드럼세탁기 달인 오브제건조기 달인 세탁기건조기 오브지의 더블 매직 리터 양문형 리터 워시타워 김치냉장고 리터 냉장고 리터 냉장고 김치냉장고김치냉장고 냉장고 리터 김치냉장고 리터 루콜라페스토 로제 파스타 소스 간장 클램 차워드 스프캔만능 육수 요리 한프리미엄 굴소스 김치 요리용 소스 소갈비 양념 불비농토마토케찹 고기전용쌈장 양조간장영덕게간장 남늑피쉬소스 궁중식볶음고추장 소소한 가정식 집된장 태양초 일품 고추장 우리쌀 태양초 고추장 백설 옥수수유 핑크솔트 선물 유기농 사과식초호두 오일 정이 담긴 참기름 마이비데 물티슈 안심 키친타올 소프트 터치 미용티슈 포켓용 물티슈 앤뉴 드링킹 블루베리 생크림 요거트 떠먹는 불가리스 알로에 요거트 서울우유 듀오완 자두 팥배 토마토 러셋포테이프 달수고구마 양송이버섯 호주산 양고기 양갈비 진공팩 아롱산태 진공팩 부채살 진공팩 옹갈빗살 진공팩 미니밤 호박 물회 양념고깨장 영광 매실 고추장 물비 무삼겹 낙곱새 유기농 사워크라우트 무첨가 레겐스 브로거 위성마늘 순환구이 쌀햄 무과연 포숑버터도이치비엔나 소시지 고로곤졸라 화덕피자 치킨너겟 콩담백면 차돌박이 냉이된장찌개 소고기버섯 비빔밥케이준 볶음밥 바비큐 폭립 프리미엄 해물경단 해시 브라운 감자 공치미 물냉면 더 킹크랩스 가쓰오 메밀소바 리얼 해초 미역면 춘천식 메밀맛국수 가래떡떡볶이 한우 곤두레나물죽 양념 소갈비찜 포기김치 총각김치 바지락 순두부찌개 양념 야채채움녹황 유기농 체다치즈 비비고 통새우 만두
​
홍삼원력년근 홍삼골드 쇠고기 육포선물 견과선물 산삼배양근진 밀크씨슬 꽃차선물 커피 선물커피 선물표고버섯 혼합 올리브 오일농원 스페셜 호 특별한 선택 호 스팸 스위트 호 스팸호 존슨빌 선물프리미엄 김 호 부각 곱창 돌김프리미엄 양갱트레일믹스프라임 견과골든비트오롯라멘 드링크 고단백 케블레미쉬 커버크로스 액션 컴플리트 세븐 버블 클렌징 폼 스트롱홀드 헤어스프레이 펜틴 샴푸 펜틴 컨디셔너 하일루론 아이크림 하일루론 라이트 크림 양송이 크림 샴푸 두부 북엇국 비비고 사골시래기 된장국 소고기 미역국 비비고 육개장 사골곰탕진 그릴리 부대전골 감자수제비 참치 만대까레 투음파 둠바 파스타 당초 밀면 도토리 비빔맛국수 너구리 오라면 신라면 소컵 육개장 사벌면 김치 사발면왕뚜껑 링기니 바로 동물국 통곡 물밥 서리태 흑미바 고시헤카리살 오대살주스 오렌지 망고 주스 스위티 자몽 주스 포카리 이온 음료 파워에이디 이온 음료 몬스터 에너지 울트라 갈베 사이다 제로 스프라이트 콜라 사이다 제로 콜라 제로라임 갈아만든배 웰치스 탄산소다 스퀴즈 에이드 콘트라베이스 콜드브루 진저에일 보성말차 구운 닭가슴살 고양이 애견용 연어져키 천연오리 가슴살 베리추 강아지껌 알루미늄 식화용기 위생 롤도마 잘라쓰는 주방 후드필터 빨아쓰는 행주타월 마민성 고무장갑 스빈토 올인홀 세제수세미 스크럽데디브러쉬 식기세척기 세제 브러쉬 주방세제코튼 블라썸 섬유연제 과탄산소다 표백제파워브라이트세제알로에 베라 세탁세제 다우니 퍼펙트 세제 딥클린 홈키파 에어졸 이어플랩 털모자 다운 자켓 원 패딩재킷 긴소매티카고조고 상하이 카고 바지 크레올라 긴팔티 에브리데이 팬츠 캐주얼 바지 캐주얼 셔츠그램 인치 인치그램 인치울트라 인치 삼성 인치 인치 인치푸드 쇼케이스 냉장고 쿠크 인용 압력밥솥천 쿠크 인용 압력밥솥메듀로 등허리 마사지 쿠션 무선 청소기천 파워드라이어 짜라메이쿡웨어 넷게이터 여행가방 브라질리아 백팩 요소수 해머 드릴원 전동 드라이버다용도 수납함 백호 소프트 화장지포켓용 물티슈 한입 강정 무염 피스타치오 포테토칩 바삭칩 믹스 감자스틱 다크초콜릿 너트바 씨쉘 초콜릿 마카다미아 초콜릿 틴인틴 비스켓 멘토스 키켓 오리지널 앙팡 밀크릿 캠파이어 마시멜로 맥스봉 치즈프리미엄 양갱 세레나 에그롤 오리지널 스트로프 와플 다이제 스티브 오레오 쿠키 콘프라이트 바버라 예티팩 유기농 토마토 케찹 백년 육수 알프레도 소스 로제 파스타 소스알룰로스 트러플 치즈 소스 루꼴라 페스토 미라클 휘프베이킹 소다 오리밀 부침가루 스테비아 만능 자간찌 간장 남륵 피쉬소스 수참치액 샘표연두 우리쌀 태양초고추장 엑스트라 버진 올리브유 비비고 참기름 올리브유 키노아 곡 미숫가루 프렌치 로스트 바게츠 인스턴트 커피헤이즐넛 앤 바닐라 원두맥싱 모카 골드 아모드 크림 스프레드레몬콘 무차 바질스콘 로만밀 식빵 피타브레드 후라이드 지포튀김 황태양념구이 씨없는 족포도 씨없는 청포도 자두 골드키윅 버섯모음 광어회 닭가슴살 닭갈비 유기농 미니크림치즈허니 슬라이스 햄 스모크 소시지 닭가슴살 큐브 하몽 올리브프리미엄 수제 델리미트 냉동 삼겹 느린 식혜 햄스빌 베이컨의성 마늘햄 메밀맛국수 국물떡볶이 함박스테이크 청잎김치 얼갈이 열무김치 찌개용 두부 부침용 두부 바지락 순두부찌개 양념 프리미엄 해물경단 튀김새우 소고기잡채 도톰 동그랑땡 통어의 고추튀김 녹두빈대떡 감자채전 설롱탕 한우곰탕 중화짬뽕 바지락 칼국수 소바바 소이 허니순살 꼬마돈까스 크리스피 핫도그 실기업 돈까스 함박스테이크 비비고 통새우만두 제주돼지 감자만두 딤섬 새우 하가우 비비고 왕교자 진한 김치만두 든든한 섬만두 미니컵 컬렉션 하겐다즈 스틱백 모둠 꿀떡 김치 치즈 주먹밥 트리플 치즈 피자 맛있는 물만두 남도 떡갈비대상웰라이프 뉴케어 트레핀 벨기안 커피맛 스위트 캔디 스키니랩 시서스다이어트블랙모어스 오더리스 알티지 오메가 피쉬오일 미니오뚜기 딸기잼암엔해머 베이킹 소다 세노비스 코큐텐켈로그 컵 시리얼 종근당건강 어린슈퍼 콜라겐 스킨핏종근당건강 알로에 이뮨 스틱프로폴리스 캔디 마누카허니트루블루 코스트코안국건강 눈건강솔루션그래놀라 바 제너럴 밀스 네이처밸리 트레일 믹스 바네이쳐밸리 프로틴 바 페레로로쉐 누텔라앤고 오리온 닥터유 프로틴바 미니 두보식품 바싹콩콩 서리태 스낵 관절리프리놀 초록입 홍합추출오일 트루블루 프로폴리스 트루블루 스피루리나 안국건강 코박사 솔루션 뉴트리원 비비랩 더 콜라겐업 젤리타입 피쉬콜라겐동국제약 센텔리안마시는 콜라겐 프로틴웨버네츄럴스 프로바이오틱 유산균 프로일유업 셀렉스 코어프로틴네스카페 돌체구스토종웨버네추럴스 비타민세노비스오메가 종근당건강주니어 홍삼 궁 쇠고기 육포 궁 골든올리브 육포 궁 쇠고기 우육포 센트룸 엔젯오리진 뉴질랜드 초록입홍합비타민 네츄럴라이프 칼슘 마그네슘 비타민 세노비스 트리리턴업 아이시안 루테인비타민 크리넥스 소프트엠보싱 물티슈 신신파프쿨 핫 신신파스쎌바이오텍 듀오락어린이 유산균콜롬비아 커피 그라운드 웨버네추럴 오메가 프로 엔젯오리진 하이큐스파티딜세린 징코슈퍼 오메가비타민청원 고구마츄 나비스코 오레오 쿠키 켄지 크리스피 고프레 바닐라 초코 라운드랩 독도토너 콜게이트 그레이트 레귤러 치약오랄비 글라이드 치실 민트향 개 무염 믹스넛견과류검 일회용 치간칫솔 썬 스위트 건자두 웰치스 후르트 후르츠젤리라운드랩 독도클렌저 수려한 비책진생 윤 유액 리즈케이 퍼스트씨세럼 파로돈탁스 치약알페신샴푸하리보 골드베렌 과일맛젤리 커피빈 캡틴아메리카노미니 팬틴 케어 샴푸팬틴 케어 컨디셔너후디스 허니 로스티드 피넛 마마스초이스 리얼 닭가슴살칩 센소다인 멀티케어 치약쌀국수 스프포함 아토팜수딩로션 상하키친 양송이 크림 스프 하마야 드립백 커피 헤드스파 더프리미엄 헤어 경남제약 레모나하리보 메가파티젤리밀크 초콜렛 아몬드 커피빈 바닐라파우더 헤이즐넛파우더담 빼빼어포에스엔비 골든카레 중간운맛 리챔 오리지널 캔캔 본죽 쇠고기 장조림 오뚜기 백세카레 약간운맛 동아제약 가그린 오리지널동아제약 가그린 제로 닭가슴살 캔인스턴트커피동원 참치 웨이더프로틴 파우더녹차라떼맛 초콜릿맛유동 자연산 다시마골뱅이맥스봉 치즈 밀카 센세이션쿠키 뚜부 크래커 화과방 프리미엄 양갱프레디 스트로베리요거트 콤보스 체다 치즈 크래커 자케 미니 브라우니 믹스 나비스코 프리미엄 솔틴크래커오리지널 스트룹 와플 오데이 누가 샌드위치 크래커로아커 미니 웨하스 믹스 스낵야드 표고버섯칩 오리온 초코파이 오리온 카스타드 전자레인지 팝콘이가자연면 감자수제비 삼립 궁중 꿀약과 비비고 갈비탕 비비고 설렁탕 비비고 소고기 장터국 비비고 소고기 미역국 비비고 육개장 오뚜기 뿌셔뿌셔 동화씨앤에프 생강 대롱미왕 고소한 쌀과자 양반 진국 소고기 무국 오리온 오징어땅콩땅콩강신화당 오란다농심 쫄병 스낵 대용량 멀티백 다용도 쓰레기봉투 작업용 장갑먼지청소포 핸들청소포마미손 고무장갑 대형중형 이지엔 일회용 비닐장갑 이지엔 페이퍼호일 삼풍 일회용 나무젓가락 베지터블 코인 압축 티슈홈케어 파워 방충제 옷장용 서랍용얼라이브 원스데일리 멀티비타민 페브리즈 섬유탈취제 다우니향 스카트 다용도위생행주 페브리즈 에어 공기탈취제심플리잰틀 다용도 화장솜 뉴초이스 미니 크리스피롤 곡 카디나 감자스틱메이플시럽스카트 일회용수세미 롤고려은단 비타민페브리즈 차량용 방향제클립개이지엔 비닐 위생백 중형 크릴오일스카치 직테이프 디스펜서 리필개함타바스코 핫소스소스락 백년육수 백설 남해굴소스 이지쉐프 알리오올리오 소스 오뚜기 골드 마요네즈 오뚜기 참깨 돈까스 소스 온동네 풍국면 소면 청원 쌀올리고당 폰타나 카르니아 크림소스 쁘레리바떼쩨 델라 나투라 트러플 소금 하인즈 토마토케찹 에스앤비 생와사비 초콜릿 믹스 바 아몬드가루 스타 케이퍼초콜릿 칩쌀 크래커선메이드 건포도 워커스 어쏘티드 토피초콜릿 모음고구미 고구마 칩스위토리 다크 카카오 초코볼백설 소갈비양념 백쿡 백종원 만능 양념장 오뚜기 옛날 자른 당면 꽃샘 우엉차 스위토리 후르츠민트향 껌 청원 순창 초고추장 마마스초이스 치즈오징어 맥심 카누미니 스틱미담 신안 구운 천일염 풀무원 수타식 즉석생우동 센트룸 실버맨센트룸 실버우먼센트룸맨센트룸우먼유동 번데기 동원 참치베이컨 크럼플스 하인즈 토마토케찹 맥코믹 시저 샐러드 드레싱 해찬들 고기전용쌈장 시아스 오리엔탈 드레싱 참스 미니어춰 스틱 캔디캠프파이어 마시멜로 오션스프레이 건 크랜베리다크 초콜릿 허쉬즈 쿠키엔크림 초콜릿참깨 드레싱 건 블루베리킷캣 오리지널 마즈 엠앤엠즈 믹스 스퀘어 밀크초콜릿허브 캔디초코 큐브해바라기 밀크초코볼자일리톨 껌 웨덜스 버터 크림 캔디 앙팡 밀크릿 밀크태블릿 이롬 주스 착즙퓨리나 베긴 애견간식 큐원 갈색 설탕 레드씰 프로폴리스 치약고양이 두부모래백설 하얀설탕 베지밀 아몬드호두 두유 벨버드 치킨밀크껌 벨버드 애견용 변패드샘표 양조간장스타벅스 에스프레소 크림더블샷 캔스타벅스 브렉퍼스트 블랙 병아비노 바디로션 원데이케어 애견관절치석케어 뉴오리진 이너플로라 농협 우리밀 참밀가루 파미데이즈 치킨말이 고구마 강아지간식 한미양행 헤파케어골드 씨제이 유기농 맛밤아보카도 마요네즈 ' 머스타드 명가랑 국내산 참기름 명가랑 국내산 들기름 돈시몬 오렌지주스후디즈 칵테일 피넛 미국산 생아몬드 미국산 호두 로스티드 마카다미아 미국산 피칸 미국산 피스타치오 파라마운트 팜즈 트레일 믹스 무염 캐슈 만나몰 국산 볶음 땅콩 마마스초이스 버터구이 오징어 파라마운트 팜즈 가염 아몬드 파라마운트 팜즈 무염 피스타치오딸기잼 계피가루 다목적 렌즈관리용액 로리스 갈릭 소금 델라미코 갈릭 후레이크 다우니 섬유유연제 블리스다우니 섬유유연제 에이프릴다우니 실내건조섬유유연제다우니 언스탑퍼블향기부스터 몰티져스 초코볼 명가랑 볶음 참깨 맥코믹 바질 백설 쇠고기 다시다 백설 중력밀가루 오스트레일이안 보태니컬 비누샘표 연두 슈가버블 과탄산소다 표백제 슈가버블 애플향 주방세제맥코믹 스테이크 시즈닝 룰리커피 스페셜티드립백 시저 애견사료 소고기 캔테라로사 싱글오리진 드립백 오뚜기 순후추 오랄비 치간칫솔우르오스 올인원 모이스처라이저 맥코믹 월계수잎 이지엔 슬라이더스탠딩 지퍼백 자연과 친구들 국산 잣 피쉬 트리 진짜해물건더기 차앤박 옴므 올인원 플루이드 델라미코 크러쉬드 레드페퍼 스키피 크런치 땅콩버터 키친솝 주방세제도숙성초토블론 타이니 초콜릿 통후추 티젠 레몬콤부차 맥코믹 파슬리플레이크 퍼실 디스크세제 퍼실 어드밴스드젤 세탁세제페레로 누텔라 퓨렐 손소독제프렌치 트러플 프로틴 바본마망프루츠 잼 프릴헨켈베이킹소다 주방세제 레몬향헤라 데일리레포츠헤라 옴므 에센스인 스킨 종샘플헤라 옴므 에센스인 에멀젼 종샘플홈워시 세탁조 크리너흑후추 그라인더리필다크초콜릿 카라멜씨솔트초콜릿 후버 사과 주스코코넛 워터후룻베지 파우치허니 로스티드 마카다미아음료수컵팁코 파인애플주스 광동 옥수수 수염차 돈시몬 자몽주스멘토스 미니사이즈 과일맛엘지생활건강 모노티크 샴푸 라벤더향 엘지생활건강 모노티크 바디워시 대용량빙그레 바나나맛우유스위티 자몽주스 연세우유 멸균우유 이지엔 에어프라이어 종이호일 삼풍 친환경 종이보울 삼풍 친환경 종이접시 대 삼풍 친환경 종이접시 중 태광선식 퀴노아 곡미숫가루 토레타 과채이온음료 트롤리 올인원 젤리 트롤리 피자 젤리틱톡 젤리 믹스카리스웨트 이온음료 풍국면 들기름 막국수 후르트텔라 요구르트 핸드 쉘드 호두 질레트 프로글라이드 면도기 면도기날네이처 메이드 울트라 마그네슘 코스트코팜로드 더블치즈 케이크 미림 요리전용맛술삼립 촉촉한 꿀카스테라 페브리즈 더블액션 화장실비치형 박스테이프 갈색다우니 실내건조세탁세제백쿡 만능장아찌 간장소스베스트모먼트 돌체구스토 호환 미즈칸 쯔유청원 조청쌀엿프리미엄화장지롤안옥남 씻어나온 간편미역 해초미인 기장미역 브레프 변기세볼 레몬안옥남 숙성 다시마 웰킵스 황사 마스크소형웰킵스 황사 마스크대형안옥남 참미역 오뚜기 분 카레짜장미이랑 미국산 퀴노아 햇반 일찰잡곡밥 햇반 쌀눈가득 쌀밥 벨라민츠 무설탕 스피아민트 캔디뽀삐 점보롤화장지 롤알티지 울트라 오메가 글루코사민 슈퍼컴플렉스 실버 멀티비타민 칼슘 마그네슘 아연 피칸클러스터 아이리스 비말마스크사이즈유리아쥬 진피 청결제 종근당건강 생유산균포스트바이오틱스미이랑 캐나다산 병아리콩스파게티면파스타면 혼합 본죽 쇠고기 야채죽 셀렉스 밀크세라마이드 콜라겐솔리몬 스퀴즈드 레몬 블루 아가베시럽 브라운 전기면도기 세액밸런스밀 프로틴 쿠키 관장 홍삼현 팽성농협 아끼바레현미 미이랑 국내산 가바오색 현미 미이랑 국내산 찰현미 미이랑 국내산 찰흑미 미이랑 국내산 흰찹쌀보리 미이랑 캐나다산 귀리쌀 미이랑 국내산 체질균형식 종근당건강 코어틴 프로틴 볼 혈중콜레스테롤엔 폴리액티브멀티비타민 스카트 핑크 행주타월 롤라구 토마토 파스타 소스 길림양행아몬드 베스트 스키피 그레인 쿠키 샌드 트러플 엑스트라버진 올리브유 페브리즈 섬유탈취제 향균 크래프트스테이크소스 병바이엘 베로카 발포비타민 템테이션 반려묘 간식닭고기맛리스테린 구강청결제 쿨민트리스테린 구강청결제 그린티리스테린 구강청결제 검케어 관절연골엔보스웰리아마즈 스키틀즈믹스 생유산균프리미엄 병보노 옥수수알 콘스프무염 견과 스낵상하목장 멸균우유 라이온 아이깨끗해 프리미엄 핸드워시 리필청원 순창 조개멸치 양념된장 청원 토마토 스파게티소스 팁코 오렌지자몽 주스 팁코 케일믹스 과일주스 피지 항균 세탁세제허쉬 초콜릿드링크 스노우버디 휘핑클렌저 니트릴 다용도장갑키친타월 롤대웅제약 우루샷피스 골프공프리미엄 고양이사료유스 래스팅 아이크림 폴리덴트 의치세제먼투썬 주 메이지 마카다미아 초콜릿극세사 대형 세차타월 레몬민트 허브캔디 라이스퍼프 초코바 크리스피 초콜릿 남안동농협 고춧가루 뉴트로지나 딥클린 아크네밍 클렌저뉴트로지나 딥클린 젠틀밍 클렌저닥터포헤어 폴리젠 닥터포헤어 피토테라피 달담 쫀득한건망고더블유디 다목적방청 윤활제개동국제약 센텔리안 더 마데카크림 동아제약 써큐란알파 동원천지인 홍삼골드 듀라셀 울트라알카라인건전지듀라셀 울트라알카라인건전지듀라셀 알카라인 건전지듀라셀 알카라인 건전지디펜드 프리미엄 성인용기저귀 대형로레알 엑셀랑스듀오 염모제 롯데 자일리톨 오리지널르샤트라 섬유탈취제 피오니부케 마마스초이스 구운 오징어채 마마스초이스 황태 껍질 튀각 마즈 스니커즈 미니스 무코타 아이 헤어트리트먼트미이랑 국내산 율무쌀 바슈롬 오큐비전불스원샷 프리미엄 연료첨가제개 경유 휘발유비겐 크림톤 염모제사우어 벨트 젤리 삼풍 이중단열 커피컵삼풍 종이컵 샐러드토퍼 셀렉스 스포츠 웨이프로틴 드링크 솔가 에스터 비타민수려한 비책진생 윤 수액 수려한 비책진생 윤 크림 스머커스 미니잼 모음스카트 테이프크리너본체리필 롤스타벅스 브랙퍼스트블렌드에스프레소 블렌드하우스 블렌드 스트라이벡틴 어드밴스드 크림 아비노 바디워시자몽아이오페 슈퍼바이탈 크림크림에센스 아이오페 슈퍼바이탈소프너 안옥남 영양솥밥요리 종근당건강 올앳미카르니틴다이어트웨이더 조인트본컴플렉스유세린 안티에이징 에센스유세린 하이알루론 아이크림관장 홍삼진 현지크 합성엔진오일개질레트 프로글라이드 면도날질레트 프로쉴드 면도날질레트 프로쉴드파워 면도기참그린 식기세척기세제 차앤박 그린프로폴리스 앰플 캐스트롤 합성엔진오일개 알카라인건전지 알카라인건전지 알루미늄 쿠킹호일피넛버터 프레첼 크리넥스 마스크 대형 킴보 네스프레소 호환 커피 리쥬란힐러 턴오버앰플 삼성 블랙토너 삼성 블랙토너 삼성토너파랑삼성토너블랙삼성토너빨강삼성토너노랑파커조터 오리지날 볼펜 푸드엔씨 구운미니쥐포 피쉬트리 오사리안주멸치 피지오겔 페이스 앤 바디로션 하인즈 버거소스 한라식품 수참치액배스킨라빈스 딸기맛 우유주방용랩중형스카트 테이프크리너 리필 바닥용파이어폭스 바베큐숯바디 솝 비누티라이트 삼성 복사용지 사이즈트라몬티나 주방 가위 다용도 극세사타올장 차량용 세차걸레 테이블 냅킨글래드 프레스앤씰 직랩 옵티멈 뉴트리션 골드스탠다드웨이 단백질보충제 프링글스 더 오리지널 콜롬비아 원두커피성인용 언더웨어 입샹 달프 과일잼 종켄지파 크래커 카라멜라이즈 쿠키 고려은단 멀티비타민 올인원 세노비스프로폴리스 스프레이소형견 사료 영덕 게간장 소스맥심 모카골드 마일드 맥심 화이트골드 대림바스 샤워헤드필터 대림바스 필터 샤워헤드필터개포함삼립 오븐에 구운 버터도넛코스트코 올리브유 파래김장 돌김자반구운김밥김장 홈스타 바르는 곰팡이싹 볼빅 플라이온 선 골프공 피스 팬시피스트 애묘용 캔사료종 캔애경 울샴푸다용도 작업용장갑 소가죽 재질 끌레드벨 리프트 쿠션 본품 아토덤 보습 크림덴타인 페퍼민트 무설탕껌시트형 섬유유연제애견용 변패드 초코칩 쿠키스타벅스 원두커피 카페 베로나 스타벅스 원두커피 브렉퍼스트 블랙퍼스트블렌드 담터 율무차 인라이프 대용량 핫로얄티 루이보스티 설탕 크랜베리 아몬드쿠키 올게인 유기농식물성 프로틴파우더 쥴스 데스트루퍼 버터비스킷 나비스코리츠 크래커 린드세이 블랙올리브비제 갈색설탕 불스원에탄올워셔개메사나 파마산 치즈 듀라셀 울트라알카라인건전지듀라셀 울트라알카라인건전지미이랑 국내산 발아귀리 현미곡 센트룸 칼슘비타민미니 웰케어리턴업 전립소옥타코사놀 관장 홍삼 현 스타벅스 비아 파이크플레이스 스타벅스 아메리카노 불스원 그라스 디퓨저개볼빅 피스 골프공무광 색페레로 로쉐 초콜릿 볼 동원 고추참치 햇반 발아현미밥 햇반 이천쌀밥돌 복숭아컵우르오스 페이스바디 클렌져 블레이즈 발사믹 그레이즈 찹쌀다시마부각 비비고 사골곰탕진 양반 특전복죽 안옥남 국물용 다시유기농 사과당근 주스 크리넥스 데코소프트롤크리넥스 안심 키친타월롤스카치브라이트 도트 주방수세미스카치브라이트 옥수수그물망사수세미스카치브라이트 일회용 변기솔 크린스틱 베이킹소다 핸들 패드프로쉬 주방세제프로쉬 식기세척기세제스카치브라이트 베이킹소다 수세미 스카치브라이트더블액션걸레 핸들 청소포스카치브라이트 초강력 린트롤러 롤스카치브라이트 베이킹소다 청소포스카치브라이트 미세먼지 청소포일 헬스뉴트리션 셀렉스 웨이프로틴 마즈 스니커즈 펀 사이즈 카프리썬 오렌지망고 카프리썬 멀티 비타민 나인위시스 하이드라 앰플세럼 큐팁스 면봉카오 화이트솝 비누센카 퍼펙트휩 클렌징폼 페이셜 워시 스팸 클래식 캔티에스 스칼프 샴푸 실크테라피 수프림 트리트먼트 스팸 마일드 리큐 세탁세제드럼겸용 비트 세탁세제 샤프란 꽃담초 섬유유연제홈스타 욕실용클리너 윙크 위생 롤도마 지퍼락 버라이어티 냉장백 소형 미니지퍼락 스마트지퍼백 중형 지퍼락 스마트지퍼백 대형 태극제약 도미나스 크림 피지오겔 로션피지오겔크림실크테라피 골든앰플헤어에센스페리오 히말라야 핑크솔트치약쉬크 하이드로 커스텀 면도기면도날개아우라 건조기용 섬유유연제 프레쉬플로렐 피지 파워업 시트형 세탁세제 드럼겸용 아이리스켓용핫 아이리스 부착용 핫 스타벅스네스프레소 엘지생활건강 오가니스트비건퍼퓸 컨디셔너 스타벅스네스카페돌체구스토다우니 향균파워 섬유유연제뉴트리원 더콜라겐동아제약 미미막스 멀티비타민구미센트룸 멀티비타민구미지큐랩스트바이오틱스듀얼바이탈이뮨일분 액상 트루블루 프로폴리스스틱 아이시안루테인 지아잔틴 뉴오리진 유한백수오앰플 병한입전병 믹스 비엔나 병아리콩 스낵와사비콩 스낵종합 모나카 비첸지 웨하스 믹스 에스앤비 골든카레 운맛 상하키친 진들깨닭고기죽 이지쉐프 소이라구소스 오뚜기 초간편 감자전 믹스 백설 우리밀부침가루땅콩버터파우더 해찬들 태양초 고추장블랙올리브파마산치즈 건대추 건곤드레 나물 건고사리 무말랭이츄이 프로틴 바 오가니스트샴푸앤바디워시떢볶이의 신 짜장 라볶이 떡볶이의 신 즉석 라볶이팬시 믹스넛 비첸지 페스트리비비고 닭곰탕 크런치 롤러스 유기농 현미강 홈케어 친환경크 스카치브라이트 다용도 행주겸 청소포 페브리즈 내추리스 섬유탈취제 라벤더 스탠리 수공구종 남극크릴 오일 지큐랩 에스 신바이오틱스 유산균 포청원 로제 스파게티소스건망고 동원 면발의 신 원조생쫄면 트레핀 벨기에 버터토피 엑스트라버진올리브유 스프레이 유기농 살사소스 마즈 트윅스 미니스 미오 크리미 애묘간식 바우와우 애견용 혼합간식오뚜기 삼겹살소스 콤보 애견용 져키 오리 브라질 넛 스페니쉬 퀸 프리앤클리어 세탁세제 회분트라몬티나 거름채뉴오리진 에스트리션백수오 도리토스 나초 칩레이즈 클래식 류샤트라 섬유유연제 피오니부케프리토스 체다치즈디핑소스 카기 초콜릿웨이퍼믹스 페이머스 데이브즈 콘브레드 믹스 광동 돼지감자차 네슬레 프루팁스벨먼 스크럽 바디워시 콜라 태양의 식후비법차 온가족 누룽지미니 파워에이드 이온음료 히츨러 히치스 오리지널던킨 네스프레소호환 미이랑 국내산 서리태 미이랑 국내산 적두 팥미이랑 국내산 찰기장쌀 미이랑 국내산 찰수수쌀 크리넥스 수프림 소프트롤일품채 표고채 솔가 관절 엠에스엠에센셜그래놀라 켈로그 리얼 그래놀라 썬키스트 석류 젤리 스틱 코스트코썬키스트 밀크씨슬 프리미엄코스트코자석파스 피프 에레키반 듀얼 바이탈 이뮨액상멀티비타민네이쳐스프렌드 체다 까망베르 치즈쿠키 클렌징워터 건성용 지복합성용메이크프렘 클렌징밀크허브솔루션 토너 젤타입 뉴트로지나 레인바스 샤워 젤 글락소스미스클라인 피지오겔 바디로션히말라야 너리싱 수분크림 동국제약 센텔리안 마데카 크림 액티브 스킨뮬러세타필 모이스춰라이징 크림 을지로 노가리 고추장함 태광선식 서리태 귀리쉐이크 상하키친 버터 치킨 카레 양반 갈치 조림 크리넥스 마이비데 물티슈 캡형총 화장실용센텔리안 멜라캡쳐앰플 로레알 엘세브 헤어오일 로즈향에그파스타 네슬레 폴로 오리지날 덴탈라이프 캣트린 연어치킨 마장농협 이천쌀 미이랑 국내산 찹쌀 파주농협 아끼바레쌀 팽성농협 고시히카리쌀 플립즈 미니초코 프레첼 세타필 모이스춰라이징 로션오트밀 찰옥수수맛 올가니카 제주감귤칩 일유업 셀렉스 생활건강 다용도세티슈 닥터지 그린마일드업선 삼육두유 아몬드음료 유한킴벌리 그린핑거 선케어카라멜아몬드캐슈세이프온선쿠션리필퍼프리플린 스톱워치상하목장 얼려먹는 아이스크림 에스디푸드 라바쑥쑥구미 올게인 프로틴바이오틱스 올게인 프로틴 쉐이크월드그린 국내산 백태 차량용 햇빛가리개 전면개측면개청원도씨유가염 볶은 아몬드 리치 펌핑치약 스낵 버라이어티 플랙커스 어린이 치실피지오겔 선크림 로션홈케어 스푼닥터피엘 퓨어팟 자동변기 세기소낙스 세차 샴푸 체리봉봉 곤약 젤리 믹스 듀오락스트바이오틱스 벌꿀리스테린 구강청결제 헬씨브라이트예인수산 한번더 구운먹태 허쉬 후퍼스 밀크초코볼포카리스웨트 분말 던킨 스틱커피 소스락 칼칼육수 델몬트 후르츠 스낵 믹스 프렌치로스트 원두 아모스 노크식 수테이프 아이스티 복숭아 아쿠아크러쉬 투명컵 뚜껑빨대 닥터그루트 애딕트 샴푸 크리스탈라이트 핑크 레모네이드 이지엔 주방용랩 대형 이지엔 주방용랩 중형 립톤 아이스티 복숭아맛 이모지 파티 캔디 믹스 바이엘 원어데이 컴플리트 멀티비타민스톤릿지 오차드 건체리 트라몬티나 다용도 집게식품 국산콩 진한콩국 메모리폼쿨젤 허리보호쿠션메모리폼쿨젤 나비목쿠션이롬 야채과일백설 해물파전믹스 맥코믹 레몬버터딜소스 비비고 스팸 부대찌개 도씨유종근당건강 락토핏 생유산균해들원 캐나다산 카무트 올가니카단백질 쉐이크뿌띠슈 해피데이 트위스틱스 애견용 덴탈스틱올데이 블렌드 크래프트하인즈 플랜터스 버라이어티프리파라 오일 스프레이 도밍고 꿀홍차 허쉬 너겟 초콜릿 캘러웨이골프공폴라초이스 스킨퍼펙팅 바하리퀴드유시몰 치약 넥스케어 밴드혼합형웰크론마스크 대형화이트러버랩 니트릴장갑 어부가 황태채 오뚜기 맛있는밥 발아흑미 해우랑 손질한 황태채넥스케어 블레미쉬 커버 삼성 복사용지 사이즈오리온 꼬북칩 초코츄러스 삼립 이즈니버터 와플 모노큐브 랩탑 스탠드 접이식거치대건강백서 애견사료 말티즈 푸들 엘지생활건강 피지오겔 바디워시한미헬스케어 비타민 구미젤리 케미칼 화초보약식물영양제백제일월풍면 파곰탕면 쌀국수 플라스틱접시 한스킨 히알루론 에센스크리넥스 안심물티슈 휴대용 애경순샘 직워시 식기세척기 액상세제 아로마뷰 옐로우가든 섬유유연제농심테토 칩 찜기 디종 머스타드 세노비스 히알루론산 병뉴트리나 비스트로 애묘사료 롯데 빼빼로 모음백설 유기농 부침가루 휴슨 넛 슬라이스 아몬드 오뚜기 양념치킨소스 머슬팜 컴뱃 단백질 보충제 동원 꼬막 비빔 키트베비언스 유아용 물티슈 캡형 눅스 리치오일 고로고로 테이프크리너본체리필고로고로 테이프크리너 리필 침구용 또는 바닥용오데이 설화병 제일제당 리턴업 전립소 쏘팔메토 벨라민츠 스피어민트 무설탕껌돈시몬 레몬에이드스마트후룻 과일퓨레 그린스마트후룻 과일퓨레 트로피칼까만 숭늉차 까늉 프라이웰 바디케어 오일 도루코 주방가위 세노비스 밀크씨슬 올가니카 꿀 담은 홍삼절편 액체세탁세제 겸용 바이엘 베로카 발포 발포비타민울트라 슈퍼 오메가비타민클럽세노비스 프로폴리스개월분 세노비스 트리 우먼 멀티비타민미네랄 울트라클린세제 회분엔젯오리진 크릴오일 화이트는 오버나이트 카프라이스 클래식 헤이즐넛 코코아 웨이퍼롤 츄어블 그린프로폴리스파워업세제 둘코화이버 구미 사과맛 망고맛딜론 다용도 화장솜 파워풀엑스 리커버리크림 박찬호크림 세노비스 마그네슘 세노비스 달맞이꽃 종자유 세노비스멀티비타민 미네랄 세노비스 트리맨 멀티비타민미네랄 테팔 티타늄프로 웍프랑스산그라놀라 시리얼 뉴트리원 르시크릿 초유 콜라겐 프로틴비비고 고등어 시래기 조림 켈로그 크랜베리 아몬드 그래놀라 켈로그 라이스크리스피 트리츠 미이랑 오트밀 켈로그 현미 푸레이크 켈로그 아몬드푸레이크 켈로그 첵스 초코콤보 포스트 오곡 코코볼스트 콘푸라이트 제네럴 밀스 프루티 럭키참스 뉴트리원 모나코사놀 와이즈넷 무선 보안카메라 바이오 피부면역 생유산균다이제스티브 투 고다크초콜릿 비스킷 코스트코웨이더 뉴트리션 프라임맨 오브파워 켈로그 스페셜레드베리 실크테라피 헤어에센스 페퍼리지팜 초콜릿 천크 쿠키비첸지 쿠키 콜랙션 식물성 피부유산균라메르풀라 쿠키셀렉션 틴 스위스 미스 핫 코코아 믹스 마시멜로 스위스 미스 핫 코코아 믹스 밀크 초콜렛 예산농협 삼광쌀 일 셀렉스 일 셀렉스코어프로틴 뉴트로지나 딥클린밍 클렌저버버리 위크앤드 향수 한미 헤파케어골드 밀라노 다크 초콜릿 쿠키페퍼리지팜 밀라노니베아 데오드란트스프레이 롤온한국멘소래담 쿨링리프롤온로션코베아 헤스티아 토치농심 김치 사발면 스팀베이스 스팀 아이 마스크 캐릭터 볼펜 타키스 푸에고칩 아디다스 피날레 축구공 호 수필터 콘에어조명거울 저소음 모던 벽시계보이로 전기방석데리야끼 소스 조리도구 스팔딩 골드농구공 도마 락앤락 무스 컬러텀블러 브리타 맥스트라 필터개좋은느낌 유기농순면 라이너 롱 일반좋은느낌 좋은순면 맥시 슬림날개 중형 대형좋은느낌 유기농순면 울트라슬림 날개 소형 중형레고 크리에이터 악어레고 씨티 경찰서와 소방서 이집션직 보습크림 더블유드레스룸 핸드크림 홈워시 홈 드라이화이트 순면 탐폰 슈퍼레고씨티 공사트럭과 레고프렌즈 하트레이크아베다 샴푸어너처링 샴푸 락앤락 보온도시락휴대가방함 리듀스 보온보냉병아소부 머그컵 양키 캔들프리즘 데스크램프 타임리와인드 아이크림뉴트로지나 바디오일 세노비스 루테인오메가 세노비스 토탈케어 세노비스 울트라오메가 세노비스 칼슘비타민 세노비스 수퍼바이오틱스 세노비스 멀티비타민 미네랄 세노비스 멀티비타민 미네랄 세노비스슈퍼바이오틱스세노비스 메가필라 게이밍 헤드셋 캐릭터 볼펜 웨스트 콧 전동연필깎이 캐릭터 볼펜 사각파우치 뉴트리원 루테인지아잔틴 뉴트리원 맥주효모 골드 뉴트리원 알티지 오메가 뉴트리원 트리플업 보스웰리아 시니케어 프로폴리스 마우스 스프레이시니케어 프로폴리스치약시니케어 프로폴리스시니케어 힐밤 시니헬스 오메가 동원홈푸드 히말라야 핑크솔트 그라인더리필 종이나라 색종이 제트스트림 볼펜 유키하라 다시냄비 로레알 엘세브 헤어 오일관장 홍삼현종근당 생유산균 페리오 치간칫솔케이스개맥스 클리닉 오일 투 폼클렌저니올리아 네올리아 올리브오일비누 글락소스미스 폴리덴트 의치세제 보관함실크테라피 샤인 트리트먼트 슬라임 동국제약 센텔리안 마데카 바이탈 세럼김문 알로에 큐어알로에베라겔크림 엘지생활건강 오가니스트샴푸앤바디워시쉬크 인튜이션 제모기 면도기개 면도날개티젠 에너지티 페리오 히말라야 핑크솔트 치약오랄비 프로플렉스 칫솔페리오 초극세모 칫솔 깨끗한 나라 휴대용 촉촉한 티슈유한킴벌리 화이트 에코프레시 중형또는 대형 질레트 퓨전 프로글라이드젤질레트 프로글라이드 파워 면도기 질레트 프로글라이드 파워 면도날질레트 스킨텍 플렉스볼 레드씰 어린이 치약던킨 드립백커피 유동 순살 왕꼬막유러피언쿠키 라고 미니 파티 와퍼로카 치즈 비스킷 생미쉘 프렌치 도넛프로쉬 식기세척기 세제팝살롯 팝콘 버라이어티오테이스트 우거지뼈해장국 신화당 인절미 스낵 디아지아 테이블 커버한스킨 클렌징 오일건성 중지성 복합성스카트 블루행주 타월 롤더블유드레스룸 퍼퓸 오뚜기 초간편 감자전 믹스 페브리즈 항균 깨끗한향 리필 고속무선충전기 고속 충전트 케이블개로지텍 블루투스키보드 블랙 화이트하빗 보조배터리 더블유드레스룸 퍼퓸 참존 징코 클렌징티슈 장개 장개블랙앤데커 핸디 청소기 핸드드립 커피필터 장불스원 크리스탈듀얼코트개불스원 레인 스피드 발수코팅 더블유디 다목적방청 윤활제 소낙스 왁스 미세 흠집 제거제 왁스용스폰지포함오프 보태니컬 스프레이 모기기피제작업등 피스 청원 통현미식초 시분 흑당 버블 밀크티 너즈 로프젤리 레인보우 스위토리 밀펑 초코볼낼리 베이비 딜 피클 크리스탈라이트 핑크 레모네이드 킨더조이 보이걸티젠 보이차 워터믹스 백제 당초 밀면 백제 도토리 비빔막국수 스위트 칠리 소스 마스 믹스드 미니즈 스팽글러 덤덤 팝스 진저젤리믹스폴로 오리지날 허쉬즈 리세스 틴 마즈 스키틀즈 펀사이즈 커피명가 올굿블렌드 뉴트리션 앤 테이스트 홍삼캔디수 메가맨 우먼스울트라오메가 밀크씨슬 동원 하루기초 초록입홍합 환 뉴트리움 유기농 멀티비타민 라미 볼펜 샤프 네츄럴코어 애견애묘 미트스틱 세타필 모이스춰라이징 로션피스 골프공 유기농 초콜릿 틴 김정문알로에 큐어인텐시브크림닥터지 레드블레미쉬 수딩크림 린도르 볼 초콜릿 마즈 몰티져스 버켓아카시아꿀 옐로우콘 토티야칩스 유리아쥬 립밤 스틱 레브르 이니스프리 그린티씨드세럼 토티야 칩스 젤리빈 가지 맛 팁코 그린주스 청소화기 청가스계스카치브라이트 다용도 세티슈 보쉬 익소멀티 드라이버 청소도구 홀더 투명 문풍지 하이츄 버라이어티 불스원 김서림방지 스프레이개농심 새우탕면튀김우동 소나텍 익스트림나노 엔진코팅개농심 신라면 봉농심 신라면 건면 봉농심 신라면 볶음면 봉농심 신라면 소컵 농심 너구리 봉오리엔트 원목 벽시계 지름팔도 왕뚜껑 농심 육개장 사발면 오뚜기 진라면운맛 용기 오뚜기 진짬뽕 소컵 농심 올리브짜파게티 오뚜기 참깨라면 컵 캐스트롤 엔진오일합성유브라이트탑 차량용부동액 코리아 틈새막이테이프 털실형형다목적 단롤링카트 단순생활 무선 미니 가습기지라프 휴대용 가스렌지켄트 패들쿠션 브러쉬던킨 원두커피던킨만원상품권레노오토 세차 양동이 맥심 슈프림골드 커피믹스 개별 멀티탭아이스토리 차량용 스마트폰 무선충전거치대에코 사각형 쓰레기통 카피탈리 네스프레소 호환 지프 크리미땅콩버터비달사순 헤어드라이어 스타벅스 윈터블랜드 원두커피 농심 안성탕면 무아스 체성분 체중계본죽 제주안심 고추장조림올리브유 옥돌김 허니체 크리미 헤어마스트비에날씬에스 다이어트유산균 섬유유연제 라벤더 아토덤 보습크림 섬유유연제 후레쉬네슬레 킷캣 팝스 센텔리안 마데카 멜라캡쳐앰플비비드 키친 콘스프 인쉘 마카다미아 곰표 후라이드 오징어튀김 풀무원 평양 물냉면 젤리빈 축구공 젤리 백설 유기농 부침가루프루팁스상하목장 멸균우유 츄파춥스 믹스캔디 양반 단호박죽 양반 프리미엄 통단팥죽초코칩 쿠키 파주농협 참드림쌀 엘지생활건강 오가니스트 컨디셔너 까리떼 블랙솔트 타르트 믹스 마즈 몰티져스 초코볼 다우니섬유유연제한스킨 클렌징 오일 생활공작소 거품형 향균핸드솝아로마티카 로즈마리 샴푸 페레로 킨더맥시 초콜릿킨더 부에노입프로폴리스 리퀴드 니베아 헴프씨드 바디로션
​
커클랜드 프리미엄 화장지 휴지 3겹40m30롤 블루베리 베이글 6개입 X 2팩 프로쉬 알로에베라 세탁세제 6L 암앤해머 베이킹소다 6.12kg 크리넥스 데코앤소프트 화장지 30롤 3겹 40m 커클랜드 울트라클린 세탁 세제 5.73L 피지 세탁세제 120매 커클랜드 종이타올타월 160매 워커스 어쏘티드 토피 초콜릿 1.25kg 스카트 크리넥스 빨아쓰는 행주 100매 부샤드 다크초콜릿 부샤드 씨솔트 초콜릿 오레오 쿠키 32팩 대용량 1.6kg 커클랜드 시그니춰 밀크초콜릿 아몬드 1.36kg 넬리 알칼리 드럼세탁기세제 가루 100회 프로쉬 식기세척기 세제 72개입 베이킹소다 올인원 대용량 신라명과 참깨 햄버거빵 70g x18개 커클랜드 울트라 클린 캡슐세제 24g 152개 프로쉬 주방세제 3L+펌프2개 미니 프렌치롤 생지 6개 x 4팩 퍼실 디스크 캡슐세제 어드밴스드 고농축 세탁세제 60개입 스위스미스 핫 코코아 믹스 28g 60개입 커클랜드 시그니처 울트라 클린 캡슐세제 140개입 프링글스 미니 사워크림 어니언 19g, 30개 피지 세탁세제 120매 종이 농심 과자 새우깡 스낵 박스 자갈치 포스틱 꿀꽈배기 5가지맛 미니 봉지 과자 세트 36개입 신라명과 호밀빵 식빵 샌드위치 건강 곡물 식전 식사 빵 코스트코 215g x 4개입 몰티져스 밀크 초콜릿볼 528g 개별포장 대용량 코스트코 초콜릿 신라명과 샌드위치식빵(대) 880g x2 홈스타 욕실용 클리너 750ml 4개 리터스포트 초코 큐브 608g 크리넥스 안심 3겹 키친타올 160매 x 12롤 스모어 오갓멜로 크리스피 쿠키 230g 스카트 크리넥스 핑크 위생 행주 빨아쓰는 행주타월 키친타올 45매 x 6롤 초코렛칩머핀 6개입 + 블루베리머핀 6개입 프레첼 갈릭버터 맛 위너스 봉지과자 85g 대만 누가 크래커580 g(14.5g X 40개) 과자 피넛버터 프레첼 커클랜드 프레즐 대용량 미니 1.56kg 땅콩버터 피넛버터 수입과자 오뚜기 뿌셔뿌셔 불고기맛 95g x 16개 디너롤 36개 오리온 카스타드 대용량 23g x 48개입 커클랜드 식기세척기세제 울트라샤인 115팩 피타 브레드 냉동 빵 100g x 6개입 허쉬 미니어쳐 초콜릿 1.58kg 커클랜드 케틀 핑크솔트 감자칩 907g 미니 초코 크리스피 1kg 프렌치 버터크라상 12CT 크로와상 무궁화 키친솝 주방세제 4L + 700ml 포도숙성초 삼립단팥빵 85g 20개 코스트코 프렌치 트러플 초코릿 1kg 길리안 씨쉘 초콜릿 500g 신라명과 허니버터 카스테라 35g x 18개 대만 누가 크래커 샌드위치 비스킷 435g 30개 카디나 크리스피 프라이스 감자스틱 600g 슐츠 프레첼 프레즐 2.72kg 커클랜드 울트라클린 액체 세탁 세제 5.73L 삼립식품 샤니 로만밀 식빵 메이지 마카다미아 초콜릿 63g 6개 코스트코 동전 초콜릿 300g(60개) 커클랜드 토티야 칩스 나초 나쵸칩 트러플 하몽 크래커 블랙 트러플 1.16KG 29G X 40개 슈가버블 애플 주방세제 4L+940ml M&M 엠엔엠즈 펀 사이즈 믹스 초콜릿 1662g 라브아 비건 고농축 캡슐세제 60개입 신라명과 달콤바삭 크룽지 25g 15개 신라명과 마드레느 마들렌 15G x 36개 540g 타오케노이 빅롤 김과자 3g x 56개 키친솝 포도 숙성초 주방 세제 4.0L 페레로로쉐 초콜릿 600g 48개입 오데이 누가 샌드위치 크래커 435g (14.5gx30봉) 홈워시 파이프크린 5L 커클랜드 버라이어티 쿠키 24개입 삼립 오븐에 구운 버터 도넛 40G x 20 Merci 메르시 초콜릿 셀렉션 675g 삼립 미니 소프트치즈케익 40G x 20개 Guylian 오리지널 씨쉘 초콜릿 500g 브레프 레몬향 변기세정볼 12개 킨더 초콜릿 맥시 21g 36개 크리넥스 각티슈 250매 x 8개 스위스 토블론 타이니 656G 스위토리 체다 까망베르 치즈쿠키 60g X 24봉 농심 스낵 모음 30g x 36개 코스트코 달톤 화이트 식초 5L x 2개입 킷캣 오리지널 삼립 추억의 옛날 꿀호떡 560gX2 1.12kg 태국 구운 코코넛칩 40g 숲속의샘 주방세제 15L 부르봉 알포트 초콜릿 775g 농심 포테토칩 390g 트윅스 미니 초콜렛 1400g 바삭하고 구워만든 고구마칩 켄지 파 크래커 15gX42 파워브라이트 캡슐 세제 180개 신라명과 오리진 단팥빵 47g x 20개 것플렉스 두부 현미 스낵 라 아부엘라 니에베스 감자칩 150g x 6봉 MARS 콤보스 체다 치즈 크래커 테이블 냅킨 330매 x 4개 커클랜드 랩노쉬 단백쿠키 20개입 뚜부 크래커 50g x 7 틴인틴 비스켓 1332G 포션 버터쿠키 18g x 25개 삼립 미니 생크림 보름달 45g×21 커클랜드 고농축 복합 세탁세제 12.7kg 프링글스 오리지널 19g X 60봉 프릴 (헨켈) 베이킹소다 주방세제 3L 레몬향 오리온 초코파이 정 대용량 72개 더다믐 코스트코 김칩스 240g 켄지 크리스피 고프레 바닐라 / 초코 630g 트로피칼필드 크리스피 코코넛롤 400g 오리온 비쵸비 과자 750g 액츠 데오후레쉬+베이킹소다 3.5L 롯데 빼빼로 모음 644g NABISCO 나비스코 프리미엄 솔틴크래커 1.36KG 해태 홈런볼 128g x 6개 잭슨스 고구마칩454g 크리넥스 뽑아쓰는 핸드타올 종이 타월 250매 4팩 스낵야드 표고버섯 칩 300G 오리지널 스트룹 카라멜 와플 1260G 진새우 오리지널 새우스낵 4개 70g FRITO LAY 도리토스 나초 칩 850G / 30OZ 파피스 벨지안 카라멜라이즈 쿠키 300개입/ 벨기에 커피 과자 슈가버블 과탄산소다 표백제 HBAF 먼투썬7주 980g 뽀삐 점보롤 화장지 600M x 4롤 마마스 초이스 리얼 닭가슴살 칩 210G
​
커클랜드 시그니춰 전자렌지팝콘 아보카도 오일 1L 엑스트라버진 한우물 통새우볶음밥 커클랜드 언솔티드 무염 믹스넛 1.13kg 커클랜드 시그니춰 생수 수지스 그릴드 닭가슴살 1.25kg 코스트코 양념 소불고기 벨기에 커피사탕 낼리스 베이비 딜 피클 커클랜드 유기농 엑스트라버진 올리브유 2L 커클랜드시그니춰 드라이시트 시트형 섬유유연제 다용도 극세사 타올 40x40cm 36개 맥코믹 어니언 크림 드레싱 소스 1000g 커클랜드 KRIKLAND 울트라 소프트 섬유유연제(라벤더) 4.4L 테라로사 올데이 블렌드 미디엄로스팅 홀빈 블렌딩 원두커피 1.13kg 미니 브리 치즈 375g 오스트레일리안 보태니컬 비누팩 8개입 커클랜드시그니춰 구운 재래김 커클랜드 시그니춰 베이컨 454g 커클랜드 유기농 땅콩버터 793.8g 제너럴밀스 시나몬 토스트그런치 702g x 2개 해쉬브라운 감자 1.2kg 둘이 함께 먹는 매일견과 아몬드호두 견과, 1.2kg 커클랜드 몬테리잭 치즈 907g 커클랜드 시그니춰 냉동 블루베리 2.27kg C-WEED 두 번 구운 감태김 8G X 10 커클랜드 시그니처 엑스트라버진 올리브오일 토스카노 C-WEED 예맛 구운 곱창돌김 170G 올리브오일 퓨어 올리브유 커클랜드 3L KAO 카오 식물성 비누 12개 커클랜드시그니춰 콜롬비아 그라운드 커피 통새우 완탕 154gx8개 KFI 버터 치킨커리 소스 650ML 비피 Biffi 바질 페스토 pesto 소스 700G 커클랜드 솔티드 가염버터 227g x 4EA KIRKLAND 커클랜드 시그니처 아몬드 가루(미국산) 1.36kg C-WEED 올리브유 파래김 40Gx8_96매 맥심 화이트골드 커피믹스 담터 쌍화차
​
코스트코세일 코스트코피자 코스트코추천 코스트코에서 꼭사야할것 코스트코버터 코스트코할인상품 코스트코소분 코스트코컴퓨터 코스트코고기 코스트코치즈 코스트코추천템 코스트코연어손질 코스트코휴무일 코스트코온라인몰 코스트코회원권 코스트코추천상품 코스트코할인 코스트코영업시간 코스트코상품권 코스트코회원권 코스트코 코스트코추천상품 코스트코올리브오일 코스트코영업시간 코스트코타이어 코스트코상품권 코스트코추천 코스트코온라인몰 코스트코휴무일 코스트코세일 코스트코 코스트코정보세일정보 코스트코에서꼭사야할것 코스트코추천 코스트코치즈 코스트코고기 코스트코추천템 코스트코다이어트 코스트코갈비살 코스트코간식 코스트코고기소분 코스트코갈비살소분 코스트코그릭요거트 코스트코고기추천 코스트코가격표에숨겨진비밀 코스트코과자 코스트코감자수제비 코스트코냉동야채 코스트코뇨끼 코스트코낙곱새 코스트코냉동식품 코스트코냉동새우 코스트코냉동피자 코스트코닌자블렌더 코스트코냉동 코스트코디저트 코스트코다짐육 코스트코다이어트추천템 코스트코드라이기 코스트코닭다리살 코스트코등갈비 다이어트코스트코 코스트코베이글 코스트코다짐육떡갈비 코스트코레몬즙 코스트코로스트치킨 코스트코로티세리치킨 코스트코라자냐 코스트코올리브오일 코스트코추천상품 코스트코신상 코스트코필수템 코스트코연어 코스트코상추 코스트코쇼핑 코스트코영양제 코스트코아이폰",https://blog.naver.com/clublsy/224262373335,코코바로,20260423,2026-04-27 16:31:46
