keyword,title,description,content,link,bloggername,postdate,crawled_at
에이스(휴,건설워커 5월 취업인기순위 공개…‘채용공고 노출’이 서열... ,에이스건설 (81위·에비뉴원) 62. 신동아건설 (68위·파밀리에) 63. 대상건설 (112위·웰라움) 64. 서해종합건설 (84위·서해그랑블) ▲4 65. 이랜드건설 (108위) 66. 현대아산 (110위·프라힐스) 67. 금성백조건설... ,"ℹ️ 채용공고 ‘노출 전략’·커뮤니티 소통까지…적극적 채용 브랜딩이 인재 쏠림 갈랐다
건설워커 공식블로그 2025.4.27
건설워커 5월 취업인기순위 공개…‘채용공고 노출’이 서열 갈랐다
【건설워커 데이터랩=2026.4.27.】
​
건설사 취업 인기순위 판도가 달라지고 있다.
​
과거에는 규모와 시공능력 같은 ‘체급’이 좌우했다면, 이제는 얼마나 자주, 얼마나 눈에 띄게 채용공고를 노출하느냐가 순위를 흔든다.
​
구직자의 시선이 머무는 기업으로 선택이 쏠리는 흐름이다.
2026년 5월 건설워커 취업인기순위에서 삼성물산과 현대건설이 흔들림 없는 ‘투톱’ 체제를 유지했다.
건설 구인구직 플랫폼 건설워커가 27일 발표한 ‘2026년 5월 건설사 취업인기순위’에 따르면 삼성물산은 103개월 연속 1위를 기록했다.
​
사실상 경쟁자가 보이지 않는 장기 독주 체제다. 현대건설 역시 2위를 유지하며 양강 구도를 굳혔다.
​
이들 기업은 브랜드 신뢰도와 인지도, 그리고 꾸준한 채용 마케팅을 결합해 외부 변수에 크게 흔들리지 않는 모습을 보이고 있다. ‘이름값’과 ‘노출 전략’이 결합된 전형적인 사례다.
반면 3위권 이하에서는 미묘한 균열이 감지된다. 현대엔지니어링과 GS건설은 최근 채용공고 노출을 확대하며 순위를 끌어올렸고, DL이앤씨와 HDC현대산업개발은 채용 공백 영향으로 한 계단씩 밀려났다.
​
상위 10위권 내 기업 구성이 크게 바뀌지 않았음에도 순위가 엇갈린 이유는 단순하다. ‘얼마나 자주 구직자 눈에 띄었는가’의 차이다.
​
건설워커 측은 “랭킹은 검색량, 공고 조회수, 기업 평판 등 실제 행동 데이터를 반영한다”며 “채용공고 노출이 많을수록 자연스럽게 관심과 지원이 따라붙는 구조”라고 설명했다.
​
이 같은 흐름은 전통적인 시공능력평가 순위와 취업 인기순위가 엇갈리는 배경이기도 하다.
​
시공능력 상위권인 대우건설이 ‘톱10’ 밖에 머무른 점이 대표적이다.
​
업계에서는 이를 두고 “채용이 곧 마케팅이 된 시대”라는 해석이 나온다.
​
공고를 꾸준히 노출하면 검색량이 증가하고, 커뮤니티 언급이 늘며, 지원자 풀이 확장되는 선순환이 형성된다는 것이다.
​
특히 건설워커처럼 다수 플랫폼과 연동된 채용 채널에서는 이러한 효과가 더욱 증폭된다.
​
한 번의 공고 등록이 다수 사이트와 SNS로 확산되며 기업 존재감을 키운다.
​
결국 취업시장에서도 ‘보이지 않으면 선택받기 어렵다’는 단순한 원칙이 다시 확인되고 있다.
🧱 구직자 조언
구직자 입장에서 이 흐름은 분명한 시사점을 던진다. 건설워커 취업 인기 순위는 ‘기업의 절대적 우열’이라기보다 ‘현재 채용 시장에서의 존재감’을 반영한다는 점이다.
​
따라서 단순히 순위만 좇기보다는, 지금 채용이 활발한 기업이 어디인지, 어떤 직무에서 기회가 열려 있는지를 함께 살펴야 한다.
​
특히 채용공고 노출이 늘어나는 시점은 곧
‘지원 타이밍’
이다. 관심 기업이 있다면 순위 변화와 공고 빈도를 함께 체크하는 것이 전략적인 접근이다.
​
취업은 정보 싸움이 아니라 ‘타이밍 싸움’에 가깝다. 지금 움직이는 기업을 읽는 사람이 먼저 기회를 잡는다.
🔝 5월 종합건설사 취업인기 순위
(이하 괄호: 2025년 시공능력평가순위·대표 브랜드)
​
1. 삼성물산 (1위·래미안)
2. 현대건설 (2위·힐스테이트/디에이치)
3. 현대엔지니어링 (6위·힐스테이트) ▲1
4. DL이앤씨 (4위·e편한세상·아크로) ▼1
5. GS건설 (5위·자이) ▲1
6. HDC현대산업개발 (10위·아이파크) ▼1
7. 한화/건설 (11위·한화포레나)
8. 포스코이앤씨 (7위·더샵/오티에르)
9. 호반건설 (12위·베르디움)
10. 계룡건설산업 (15위·엘리프)
11. 대우건설 (3위· 푸르지오/써밋)
12. 쌍용건설 (23위·더 플래티넘)
13. 서희건설 (16위·스타힐스) ▲1
14. 케이씨씨건설 (20위·스위첸) ▼1
15. 우미건설 (21위·우미린)
16. 대방건설 (22위·디에트르)
17. 금호건설 (24위·아테라)
18. 코오롱글로벌 (18위·하늘채) ▲7
19. 롯데건설 (8위·롯데캐슬/르엘) ▼1
20. 두산건설 (25위·두산위브)
21. 한신공영 (26위·한신더휴) ▲1
22. 효성중공업 (27위·해링턴플레이스) ▲1
23. 동부건설 (28위·센트레빌) ▼2
24. 반도건설 (30위·유보라)
25. SK에코플랜트 (9위· SK뷰/드파인) ▼6
26. HJ중공업 (34위·해모로)
27. 자이씨앤에이 (35위)
28. 금강주택 (38위·펜테리움) ▲2
29. DL건설 (13위·e편한세상) ▲1
30. 씨제이대한통운 (39위) ▲1
31. 동양건설산업 (40위·파라곤) ▲1
32. HL디앤아이한라 (29위·에피트) ▼3
33. 진흥기업 (44위·해링턴플레이스)
34. 라인건설 (46위·더원)
35. 두산에너빌리티 (14위) ▲1
36. 대광건영 (43위·로제비앙) ▲2
37. 서한 (50위·이다음)
38. 태영건설 (19위·데시앙) ▼3
39. 케이알산업 (57위)
40. 일성건설 (56위·트루엘)
41. 시티건설 (61위·시티프라디움)
42. HS화성 (47위·화성파크드림/에크라)
43. 자이에스앤디 (69위·자이르네)
44. 에스지씨이앤씨 (41위·더리브)
45. 동문건설 (53위·디 이스트)
46. 대명건설 (66위)
47. 신세계건설 (33위·빌리브)
48. 동원건설산업 (65위·베네스트)
49. 삼성이앤에이 (36위) ▲2
50. 요진건설산업 (90위·Y CITY)
51. 제일건설 (17위·풍경채) ▼2
52. 남광토건 (51위·하우스토리)
53. 대보건설 (52위·하우스디)
54. 비에스한양 (37위·수자인)
55. 극동건설 (55위·스타클래스)
56. 신성건설 (104위·르네블루 신성)
57. 일신건영 (67위·휴먼빌)
58. 아이에스동서 (58위·에일린의뜰)
59. 동원개발 (32위·동원로얄규크)
60. 중흥건설 (62위·중흥S-클래스)
61. 에이스건설 (81위·에비뉴원)
62. 신동아건설 (68위·파밀리에)
63. 대상건설 (112위·웰라움)
64. 서해종합건설 (84위·서해그랑블) ▲4
65. 이랜드건설 (108위)
66. 현대아산 (110위·프라힐스)
67. 금성백조건설 (70위·예미지) ▼3
68. 금성백조주택 (75위·예미지) ▼1
69. HXD화성개발 (92위·더파크)
70. 양우건설 (60위·양우내안애)
71. SK에코엔지니어링 (48위)
72. 신원종합개발 (93위·아침도시)
73. 라온건설 (139위·라온프라이빗)
74. 신영씨앤디 (135위·신영지웰)
75. 경남기업 (59위·경남아너스빌)
76. 한양건설 (98위·립스)
77. 파인건설 (114위·파인앤유)
78. 건영 (162위·아모리움)
79. 원건설 (79위·힐데스하임)
80. 에스엠상선건설부문 (120위·아이유쉘)
🧱 종합건설 외 부문별 TOP10 기업
▶ 전문건설 톱10 (괄호안은 전문분야)
* LT삼보(지반조성포장), 세보엠이씨(지반조성포장), 특수건설(지반조성포장), 현대스틸산업(철강구조물), 구산토건(지반조성포장), 동아지질(지반조성포장), 삼호개발(지반조성포장), 우원개발(지반조성포장), 대보실업(지반조성포장), 다올이앤씨(철근콘크리트)
▶ 엔지니어링·CM 톱10 (괄호안은 전문분야)
* 건원엔지니어링(건축/CM/감리), 도화엔지니어링(토목종합), 한국종합기술(토목종합), 유신(토목종합), 건화(토목종합), 동명기술공단(토목/건축), 이산(토목종합), 삼안(토목종합), 선진엔지니어링(토목/건축/CM), KG엔지니어링(토목/건축/CM/감리)
▶ 건축설계/감리/CM
* 삼우씨엠건축사사무소, 포스코에이앤씨건축사사무소, 희림종합건축사사무소, 정림씨엠건축사사무소, 삼우종합건축사사무소, 창조종합건축사사무소(▲2), 간삼건축종합건축사사무소, 한미글로벌(▼2),  해안종합건축사사무소, 에이앤유디자인그룹
▶ 실내건축/인테리어
* 국보디자인, 은민에스엔디, 다원앤컴퍼니, 삼원에스앤디, 유창이앤씨, 알스퀘어디자인(▲3), 두양건축(▼1), 시공테크(▼1), 동일인테리어(▼1), 대혜건축
🌐 건설워커, 구인공고 동시 게재 채널 '국내 최대' 규모
건설워커에 등록된 구인공고는 네이버, 고용24, 해외건설협회, 한국건설기술인협회, 국토교통부 건설워크넷, 대한경제, 이엔지잡 등 주요 플랫폼은 물론, 페이스북, 트위터(X), 블로그, 네이버 밴드(BAND), 티스토리 등 다양한 SNS 채널에도 동시 게재되어 채용 마케팅 효과를 극대화합니다.
📌 관련 문서
📝 건설워커 데이터랩: 건설회사와 건설구직자를 위한 건설 채용 시장의 핵심 인사이트 (건설워커 공식블로그)
👉
https://blog.naver.com/workerblog/223942430407
📘 바깥 고리
📜 건설사 입사선호도, 건설워커 랭킹이 말해준다
👉
https://blog.naver.com/autoarc/223958541978
​
📜 건설워커랭킹이란?: 건설업체 취업선호도·평판 순위 지표와 활용 방법 (건설워커 득보잡)
👉
https://blog.naver.com/workerjob/223525874005
​
📝 건설워커 추천! 건설업계 분야별 기업순위 한눈에 보기 (건설워커 득보잡)
👉
https://blog.naver.com/workerjob/223706707989
​
📝 건설워커 랭킹 페이지 바로가기 (현재 순위 확인!!)
👉
https://www.worker.co.kr/corprank/
​
📝 건설워커 랭킹 2026년 5월 전체 순위 보기
https://www.worker.co.kr/corprank/ranking.asp?direct_target=202605
​
​
#건설워커랭킹
#건설사취업인기순위
#5월건설워커랭킹
#건설사취업순위
#건설취업
#건설사채용
#건설사채용트렌드
#입사선호도
#건설사브랜드
#시공능력평가순위
#취업전략
#도급순위
#건설회사순위
도급순위와 건설워커 랭킹을 함께 비교하면, 더 스마트한 취업 전략을 세울 수 있다.
Since 1997 건설워커, 국내 최초 최대 건설구인구직플랫폼
👉
네이버 검색창
에 '
건설워커
'
건설워커 네이버 연관채널
건설워커 득보잡
건설워커 채용
🏗️ 건설 취업이 막막할 때, 가장 먼저 떠올려야 할 이름 – 건설워커!
📛 Copyright ⓒ 건설워커. 무단 전재 및 재배포 금지.
​",https://blog.naver.com/workerblog/224266771095,건설워커 공식블로그,20260427,2026-04-27 15:34:31
에이스(휴,[대전 에이스한의원] 5월 진료 및 공휴일 일정 안내 (가정의 달),"대전 에이스한의원입니다. 따뜻한 봄기운이 만연한 가정의 달, 5월입니다. 가족과 함께하는 소중한... 공 휴 일: 오전 9:30 ~ 오후 5:00 점심시간: 오후 1:00 ~ 2:00 ✅ 원장님별 휴진 안내 이한길 원장님: 매주... ","​
​
안녕하세요! 대전 에이스한의원입니다.
따뜻한 봄기운이 만연한 가정의 달, 5월입니다. 가족과 함께하는 소중한 시간들이 많은 달인 만큼, 환자분들의 가정에도 건강과 행복이 가득하시기를 바랍니다.
5월에는 근로자의 날, 어린이날 등 휴일이 많아 내원 일정에 혼선이 없으시도록 5월 진료 일정을 상세히 안내해 드립니다.
​
📅 5월 공휴일 진료 안내
저희 에이스한의원은 환자분들의 편의를 위해 공휴일에도 진료를 시행하고 있습니다. 요일별로 진료 원장님이 다르니 확인 부탁드립니다.
5/1 (금) 근로자의 날
:
이한길 원장 공휴일 진료
5/5 (화) 어린이날
:
박정오 원장 공휴일 진료
5/24 (일) 부처님 오신날
: 이한길 원장 공휴일 진료
5/25 (월) 대체공휴일
:
이한길 & 박정오 원장
정상 진료
⏰ 진료 시간 안내
평　일:
오전 9:30 ~ 오후 8:00
(매일 야간진료)
주　말 & 공 휴 일:
오전 9:30 ~ 오후 5:00
점심시간:
오후 1:00 ~ 2:00
✅ 원장님별 휴진 안내
이한길 원장님:
매주
화요일
휴진
박정오 원장님:
매주
목요일
휴진
※
접수 마감
은 원활한 진료를 위해
오전 12:00 / 오후 7:00
(주말 오후 4:00)까지 도착 부탁드립니다.
📌 예약 및 문의
지정된 원장님께 진료를 원하시는 경우, 방문 전 미리 요일과 날짜를 확인해 주시면 더욱 빠르고 편안하게 진료를 받으실 수 있습니다. 예약 문의나 궁금하신 점은 언제든 한의원으로 연락해 주시면 친절하게 안내해 드리겠습니다.
​
🎉
개원 10주년 감사 이벤트 진행 중 (~5/15까지)
🎉
에이스한의원이 여러분의 사랑으로 10주년을 맞이했습니다!
감사의 마음을 담아 준비한 특별 혜택이
5월 15일까지 진행되오니 많은 관심 부탁드립니다.
📌
예약 및 문의
예약 문의나 궁금하신 점은 언제든 아래 번호로 연락해 주시면 친절하게 안내해 드리겠습니다.
📞
상담 및 예약:
042-362-1075
가정의 달, 소중한 분들의 건강을 챙기는 따뜻한 5월 보내시길 바랍니다. 언제나 정성을 다하는 에이스한의원이 되겠습니다. 감사합니다!
에이스한의원
대전광역시 서구 계룡로 639 4층 에이스 한의원
​",https://blog.naver.com/acekmc119/224266714939,에이스 한의원,20260427,2026-04-27 15:34:34
에이스(휴,세상에서 제일 긴 2월 이야기☃️,오만 못가고 떡국이나 먹어야겠다 했는데 찾아보니까 도착비자 없어졌다고 함 휴~ 아 맞다 저 어디 가냐면 오만갑니다 ㄴ트할배노망나서 하는짓보니 이때 갔다오길 잘했네요 출발전에 시간 너무 남아서 밥 먹음... ,"​
안녕하세요 륵이꺄입니다
2월도 낋여왔습니다
2월에 여행을 두번이나 다녀와서 사진이 매우 많음
​
스압주의!!!!
ㄴ이거 혹시 요즘말로는 뭐라하나요?
​
​
​
​
2/1
​
​
머리 쓰기 전에 훠궈 념~ 두유피가 너무 맛있잖앙!!!!
아니 근데 저거 녹차 아이스크림인줄 알았는데 녹두였음;
너무 꽝꽝얼어서 이가 부러질뻔 했습니다요🦷
​
​
오늘의 만남 이유 : 크씬하기 위해서
누가 중전마마를 죽였을까?🤔🥸🥷
​
​
다들 너~~무 재밌다고 하면서 바로 다음 예약 갈겨줌
ㄴ근데 이거 강제취소 당해서 결국 못함 ;;;
​
범행장면이니까 얼굴 가릴게요이
​
비닐 쌔비지하는 괴도준표🎩
인형은 못 뽑았어요 그냥 도넛 담을 곳이 필요했어요
​
​
오늘도 놑준표의 축복이😎🤴🏻
한정수량이 된 두바이 도넛 포장실수로 get🍩
ㅋㅋㅋㅋㅋㅋㅋㅋㅋㅋㅋㅋㅋㅋㅋㅋㅋㅋㅋㅋ
​
​
홍대에서 인형 못 뽑은거 한스러워서 신네가서 뽑음
근데 해라애들한테 자랑했더니 캐릭터 자체가 짭스럽다고 머라함 ㅜ
우사하나 내 최애 될라고 했는데,,,ㅜ
​
​
​
​
2/6
​
​
(전)프렌치가 된 햄저씨손톱➡️(현)귀요미손톱
마곡 네일얌 : 리클라이너 의자 구비 새벽영업 최고의 네일샵
리클라이너에 누워서 원장님이 주신 온열안대 쓰고
쿨쿨띠하니까 네일 끝남 추천합니다👍🏻
​
​
​
​
​
2/7-9
​
​
네일하고 집 오니까 너무 춥고 졸려서 전기장판 고온 상태로
쿨쿨 자다가 엄마가 너 삿포로 안감? 하길래
시계보고 비명지르며 짐싸기 on
😵‍💫😱
​
​
맞아요 저 삿포로 갑니다🛫
​
​
캐리어 잠금 이슈
휴대폰 분실 이슈
공항버스 놓침 이슈
.
.
.
수많은 문제 발생으로 1시간전 인천 도착
하지만 들어왔죠?
​
​
​
무사히 뱅기 탑승 완~🧳😔
​
​
무사히 삿포로 도착🛬
심지어 빨리 도착함 굿😛
​
​
혹~시나 삿포로 가실 분 그리고 공항버스 타실분 참고사항
: 삿포로 공항버스티켓 뽑을 때 현금만 됩니두 ㅜ
atm은 2층에 있고 티켓 키오스크는 1층에 있는데
왔다갔다 하는거 개ㅐㅐㅐ 처머니까 미리 돈 뽑아서 내려오시길🥲
암튼 우여곡절 끝에 버스타고 시내 도착하닉간 짱 어두워짐;
​
​
아니 미땡나 시내도 눈 많았는데 숙소 쪽 가니까 더 많음!!
와중에 집 들어가는데 공동현관 문 어케여는지 몰라서
엄청 오래 헤매다가 개고생하고 드감 ㅜ
ㄴ와중에 휴대폰 배터리 죽여줘...😢
​
​
무튼간에 배터리이슈로 겨우겨우 연락닿아서
역 출구 앞에서 만나가지고 니카상 구경함🧔🏼‍♂️
뒤에 기다리는 줄 너무 많아서 우리 무슨 런닝맨 미션마냥
한명당 10초씩 사진 개 빠르게 찍음
ㅋㅋㅋㅋㅋㅋㅋㅋㅋㅋㅋㅋㅋㅋㅋㅋㅋㅋㅋ
🤗📸🏃🏻💨
​
​
먼 얼음축젠 구경하는데 이거 교동이니?
지금보니까 교동이보단 오리같기두 하고,,,
교동맘! 얠보고있다면정답을알려줘
​
​
지나가다가 김이 모락모락나는 만두가게 발견
왠지 이건 먹어야만 할 것 같았음!!!
그래서 양군이 만두 사줌 🥟😋
고기잡채? 표현을 못하겠는데 암튼 맛은 있었음
​
​
인형뽑기집가서 개 빠르고 쉽게 돈 날림;💸
뭐야 내 돈 돌려줘요🫨
근데 여기 걸으면 걸을수록 진짜 도시다잉🏭
​
​
그리고 신부님이 주신 돈으로 징기스칸 념~🐑
우리가 스킬이 부족한건지 사이드에 채소 다 태움
근데 고기만 안타면 되는거 아닌가요?
​
체크인 태블릿이 안돼서 저러고 사진찍은게 개웃김
​
오도리역인가? 암튼 거기에 짐 보관을 해뒀는데
코인락커가 빨리 닫힌다는 소식이 있어서
수현이랑 승호랑 캐리어 구출하러 뛰감🏃🏻💨💨💨
ㅋㅋㅋㅋㅋㅋ와중에 뛰다가 도요코 키즈 만났댄다😲
​
무튼 간에 무사히 캐리어 찾고 다같이 숙소 와서
씻고 승호수현이 사온 과일 산도도 먹고
과자도 먹고 술도 마시고 밸겜도 하고 놀았음🤸🏻‍♂️
더 놀고 싶었지만 다음날이 있기에 딥슬립해따...😪
​
​
다음날!
(사실 정말 나가기 싫었어요....ㅎ)
별안간 피곤이슈로 숙소에서 쉬지 않을까...
하는 기대를 잠깐 했는데! 기대를 저버리고...ㅜ
승호수현 두고 일단 우리 셋이 출발함
ㅋㅋㅋㅋㅋㅋㅋㅋㅋㅋㅋㅋ
​
하놔놔 날씨 너~~무 조아요 근데 눈뽕 개심함ㅠ
선글라스 왜 두고 왔지 ㅠㅠ
암튼 오타루 레쭈고~! (버스 타자마자 쿨쿨띠했어욘)
​
​
언니오빠가 깨워줘서 멍 때리며 나갔더니 오타루 도착~~
진짜 눈의 나라구나 여기☃️❄️
​
​
그리고 인제 중심부?로 가는 길에 스키장을 맞닿뜨림!!!!!!🛝❄️
안 봐도 넘어질 각이여서 그냥 엉덩이로 썰매타겠다고 함
안하; 하나도 안 미끄러져서 실패🤔
​
그 사이에 환수옵은 양홍길이 됐는지 혼자 다 내려감
쩔 수 없이 아이젠 누리와 함께 전진~ (후진할게요)
ㄴ중간에 누리언니가 오른쪽발만 미끄러진다구해서
왜지?ㅠㅠ 했는데 뒤에보니까
오른쪽 아이젠 한짝 빠져있음 ㅜㅋㅋㅋㅋㅋ
결국 빠진 아이젠 구출하러 다시 올라감
그리고 엉금엉금 기어서 내려오다가 결국 넘어짐
🏂🏻🥾🤕
​
그치만... 여긴 눈이 많고 여기에서 넘어지는 거 자체가
너무 운명이라 생각해서ㅎㅋㅋㅋㅋ
그냥 받아들임 에라 모르겠다 하고 바닥에 잠시 드러누움
❄️🛌🏻🛌🏻🛌🏻🛌🏻🛌🏻🛌🏻🛌🏻🛌🏻❄️
​
​
무튼 겨~우 탈출하고선 선글라스 사러갔우
흠....유니클로 싫은데 눈뽕을 참을 수가 없어서
결국 샀음ㅜㅎ... 선글라스는 힙하고 맘에 드네여😎
​
​
누군가 만들어놓은 토토로 눈사람
퀄리티 미쳤슨... 칭찬합니다☃️🤩
​
​
헐랭 르타오 카페 가보니까 21팀 대기중임
그래서 우리도 일단 카페에 웨이팅 걸어놓음!
​
​
그러고 오르골당 구경~👀
근데 머햐!!!!!
내가 원하는 오목눈이 오르골 / 온천두꺼비 오르골이 없삼요 ㅠ
흠냐링 어디있는거지,,,
한층도 넓은데 심지어 3층까지 있어가지고 찾기두 어려움 ㅠ
무튼 너무 넓어서 보다말고 카페 알림와서 르타오로~
​
🍵☕️
​
홍차 진심 개굿~ 난 홍차를 엄청 좋아하는 것두 아닌데
완전 향긋하고 너~~~무 맛있었어😋
초코치즈케이크도 추천합니다🍫 몽블랑두! 그냥 치케도!🤤
ㄴ아무거나 다 추천하는게 아니고 진짜 다 맛있었어욤
​
​
근데 갑자기 눈 개많이 오기 시작함
근데 삿포로에 시내에 있는 수현승호는 쨍쨍하대;;;
황당슨
​
암튼 난 여기와서 눈 쌓여있는 것만 봤지
실시간으루 일케 눈 많이 오는걸 첨 봐서
넘~ 낭만적이라구 생각했음🤭🩵
ㄴ사실 여기까지 왔는데 내리는 눈을 못 맞으면 어카지!? 했단말야
​
🐦
​
암튼 카페에서 시간 때우다가 승호랑 수현이 온대서
남은 홍차 후루룩 마시구 오르골당으로 컴백함!
글고 이번엔 드디어!!! 내가 원하던 오르골 찾음!!!!
너~~~~무 귀여움💖💖💖
​
​
근데 저거 살거마냥 하루종일 들고댕기면서
기념사진도 저거랑 찍었는데
나가기 좀 전에 3층 구경하다가 더 맘에 드는 오르골이 생겨서
진짜 마지막의 마지막 순간에 그걸로 갈아탐
ㅋㅋㅋㅋㅋㅋㅋㅋㅋㅋㅋㅋㅋㅋㅋㅋㅋㅋㅋㅋㅋㅋㅋ
​
​
오르골 성공적으로 구매해준 담에
눈인지 미친인지를 뚫고 버터샌드 사러감
ㄴ생각해보닉간 나 이거 사기만 하고 못 먹어봄 ;
​
​
와우 이게 겨울 삿포로구나❄️🌬
눈이 증~말 많이와요
​
암튼 버터샌드 무사히 사고나서 이젠 라멘집을 찾아가는중
하하하하하하 리터럴리 눈속에 갇힘🥶💀
하필 라멘집 가는 길도 메인스트리트에서 넘 벗어나가지구,,,
구글맵 보면서도 흠,,, 여기 맞음? 여기임? 계속 이럼 ㅜㅋㅋㅋㅋㅋ
​
​
무튼 걸어가다가 메인스트리트에서 벗어나니까 사람도 없구
어차피 조난당한 김에 기념사진 낋여줌
ㄴ눈이 오는데 삿포로에 간 여자의 최후
​
​
겨우겨우 찾아가서 라멘 념~~
여기 현지인 맛집이라했단말야 먼가 위치나 외관이 그래보임
좀 짜긴했는데 난 원래 짠걸 조아해서 맛있었당 히히
​
​
그리고 나선 어묵공장에 감! 양군만 어묵을 구매하고
우리는 먼 이상한 기념품 구경을 하면서 시간 때움 ㅜ
생각해보니까 삿포로에서 눈싸움 못 했다고 슬퍼했는데
가는 길에 이 앞에서 한 10초동안 눈싸움함
ㄴ됐네요 그럼!🤙🏻👍🏻
​
​
그러고 무슨 말차카페? 가다가
밤티사건 발생( ｡ﾟДﾟ｡)
륵이꺄라는 여자 개 크게 넘어짐!!!!
​
ㅇㅇ
ㅇㅇ
ㅇ
(me!)
​
🔼이 대형으로 걷고 있었는데 내가 맨 뒤였거든
혼자 두리번거리면서 걷다가 넘어졌음 ㅜ
ㄴ 근데 ㅅㅈㅎ 난 원래도 아무데서나 잘 넘어지는데
여기 오면 더 잘 넘어지는게 당연하죠ㅇㅇ
다들 생각이상으루 걱정해줘서 고마웠음 ㅜ ㅜ ㅜ ㅜ ㅜ
나중에 보니 오른쪽 엉덩이무릎허벅지 싹다 멍듦 ㅜㅋㅋㅋㅋ
​
​
무튼 고난과 역경 끝에 말차카페도 가고 기념품가게도 감
여기서 완전 귀여운 마그넷 발견했잖아!!!!!!!
티셔츠두 살까? 했는데 내가 원하는 스타일이 아녀서 패스함
​
​
글고 또 걸어가다가 발견한 유바리멜론
그래도 유명하다는데 당연히 먹어봐야지^^ 하면서
한조각씩 나눠먹음
맛은 있음 그치만 그냥 멜론맛임.^_^
ㄴ원래 멜론은 멜론맛나고 맛있어요
​
​
쭉~~~ 걸어와서 오타루의 하이라이트 운하도착!
낭만적인 운하 후기 :
너무 추움!!!🥶🥶🥶
​
​
​
물론 너무 추워도 기념사진은 열심히 찍어줌
단체 사진 찍을 때 바람 ㄹㅈㄷ많이 불어서 이게 젤 제대로 나옴
ㅜㅋㅋㅋㅋㅋㅋㅋㅋㅋㅋㅋㅋㅋㅌㅌㅌ
​
​
#저때의르꺄상태
​
​
그러고 마지막으로 환수오빠가 기찻길 봐야한대서 왔더니만
눈이 너무 많이 와서 다 덮여있음;;
황당하네요 먼 이런일이 있지
​
​
암튼 오타루에서 할 수 있는건 다~~~ 하고
잔뜯 낡고 지친 채로 숙소로 돌아가는 중🚌💨
버스비 낼때 동전 터는데 누리언니가 모자란 1엔 협찬해줌👛
​
​
미앵나!!!!!!!❄️❄️❄️❄️❄️
오타루만 저렇게 눈이 많이 오는 줄 알았는데
돌아온 삿포로 시내도 미쳤슨! ㅜ
​
치이카와 기엽지 지금보니 치이카와랑 안 찍고
웬 무수리앞에서만 사진을 찍음ㅋㅋㅋㅋㅋㅋ
​
잠시 숙소에 들러서 자빠져있다가
(이번에도 안 나가고 그냥 쉬나 잠시 기대를 했어염)
ㄴ어디서나 쉴 생각만 하는 여자
다시 눈 축제 구경하러 나왔어염🧊☃️🌃
​
​
샤갈!눈이 오다못해 이젠 우박이 옴!!!
우박맞으며 한 세명 연속으로 넘어지던 미끄럼max 길을
지나 걷고 또 걸어서....
ㄴ근데 전 안 미끄러졌어용😝
​
​
야끼니쿠집 도차착!!!!🥩
고기가 너~~~~무 맛나네요이 우하하
입에서 녹는다 녹아 또 먹고 싶다 🤤🤤🤤
​
승호수현누리가 할인쿠폰도 챙겨주고 짐도 나눠 들어줌🥹
​
배도 채웠겠다 다시 체력 소진코스
: 메가돈키호테 쇼핑 드감🛒🛍
그리고 결과 : 메돈 큰손이 되다
ㄴ칭구드라앤나해라벱들아기다리걸아(이미다줌)
​
여기서 ㄹㅈㄷ 갑분싸 : 양군은 별안간 먼저 숙소에 드가심💀
​
쇼핑마치고 집 오는데 눈이 여전히 너무 많이와서
패딩주머니에도 다 들어감 (아 나가라고요;;)
중간에 추억용 사진 찍었는데 꼬라지가 침수폰소유자 됨;;
s22 폰카가 구리긴한데 저 정도는 아니에요 ㅜ
​
​
애들이 어제 사온 푸딩과 멜론와인🍮🥂🍈
음~ 맛있다~!😋
근데 다들 피곤한지 아무도 안 먹고 나만 먹음 념~
​
​
다음날 살금살금 일어나서 나옴
ㄴ근데 다 깨운듯;
밤 사이에 눈이 ㄹㅇ 개처많이 와서 셀프제설하면서 공항가는중
❄️🧹🧳🏃🏻‍♀️💨❄️🧹🧳
ㅋㅋㅋㅋㅋㅋㅋㅋㅋㅋㅋㅋㅋㅋㅋㅋㅋㅋㅋ
(새벽이라 아직 제설이 안됨 ㅜ)
​
​
겨우 셀프제설해서 정류장 도착!🚏
근데 분명히 버스 올때가 됐는데 휑~,,, 이러길래
???? 뭐지 하구 어떤 분한테 물어봤더니
샤갈! 눈 넘무 많이 와서 공항버스 끊김 ;;;
🤯🤯🤯
​
​
급히 지하철로 틀어서 쾌속에어포튼지 뭔지 타고 겨우 감
정말이지 너무 피곤띠니였어...🥲
​
​
이 날은 한국가자마자 출근을 해야돼서 혹시나 비행기 놓치면
​
해라 애들 : 수현쌤 어디감?
ㄴ
삿포로에 있음
​
ㅇㅈㄹ이라 웬일로 부지런떨면서 나왔더니 완전 낭낭하게 들어옴!
거기다가 비행기도 지연돼서,,,ㅠ 공항에서 시간 때우기 중😌
​
스프카레? 노!
ㄴ??이거 구라죠?
​
공항에서 생긴 일 : 개밤티 스프카레 사건💀
​
어제 돈키호테에서 이거 찾느라고 몇바퀴를 돌았는데,,,ㅠ
아니 나는 진짜 이게 분말카레라고 생각해서
액체류반입에 대한 생각이 아예 없었음;
하 암튼 구경만 하고 뺏긴게 넘,,, 한이 돼서
결국 면세점에서 재구매함 ㅜㅋㅋㅋㅋㅋㅋㅋ
근데 돈키에서는 닭고기 카레였는데
여긴 돼지고기카레라 결과적으로는 더 잘된일이잔앙🍀
​
​
삿포로 빠염~👋🏻
여행 내내 여권 검사 하는 곳마다 흰둥이키링 칭찬 많이 받음
첨에 시로? 이러실때마다 먼 말인지 못 알아듣고
그냥 사람 좋은 웃음으로 무마함
나중에 흰둥이칭찬인거 알고 아항 카와이 ^_^함
​
​
내 짐은 언제 나오죠?
택시타고 달뺑이 쳐서 겨우 시간 안에 해라도착😌
앤나 워룸에 짐 아무렇게나 던져놔서 꼬라지 마치라잌 내방 됨;
ㄴ더럽다는 뜻
​
​
아니 근데 이거 오늘 다겨미가 줬는데 개 귀엽디!!!!!!
클로하우저 내 최애🐆💛
​
​
​
​
2/10
​
​
지금 생각해보니까 이 날이 인형뽑기중독의
시작이였던 거 아니묘!?!?!?!
ㅋㅋㅋㅋㅋㅋㅋㅋㅋㅋㅋㅋㅋㅋㅋㅋㅋㅋㅋ
암튼 이날 저 짱구 귀마개를 1트에 뽑음! ㅜ ㅜ ㅜ ㅜ ㅜ
하 아쉽다 지난주에 뽑았으면 삿포로에 쓰고 다녔을텐데...
​
​
​
​
​
2/15-19
​
​
별안간 떠나는 꺄밧드의 모험
ㄴ늘 별안간 떠나시네요
​
​
저녁 비행기라고 새벽 내내 딴짓만 하면서
짐 안 싸고 새벽 내내 푸파하며 놀다가
오늘도 열라 급히 짐싸고 숙소 예약하고(미루다미루다 이제 예약함)
아빠랑 엄마가 공항 델다 줘서 짱~ 편하게 옴❤️
​
​
수화물 부치는데 갑자기 직원분이
오만에서 도착비자 받으시는거죠? 하시는겅미
​
나 : ??????????
도착비자요??????????
도착비자가 뭔데요?
🙉
​
샤갈;;; 물론 제대로 찾아본건 아니지만...
무비자라 들었는데 이게 뭔일;;;
오만 못가고 떡국이나 먹어야겠다 했는데
찾아보니까 도착비자 없어졌다고 함 휴~😔
​
​
아 맞다 저 어디 가냐면 오만갑니다🇴🇲
ㄴ트할배노망나서 하는짓보니 이때 갔다오길 잘했네요
​
​
출발전에 시간 너무 남아서 밥 먹음🍚
어떤 외국분이 나한테 가방 좀 봐달라함
여기 코리아라 그런거 필요없는데...
그래도 열심히 봐달라니까 봐줌👀
​
무땡 신난다! 나 우노 중독잔데
​
갈게요이~
어매니티 굿~
​
기내식 꽤괞😋
​
코코 개슬픔요 별안간 비행기에서 오열하는 여자가 되...😭
아니 근데 마지막에 리멤~,,,버~ 미~,,,👵🏻
여기서 안 우는 사람 있음? 진짜 구라안치고?
​
​
그러고 또 게임하다가 밥 먹고 케빈보다가 잠듦😪😪😪
분명 잠들기 전에 도둑들이 집 침공 직전였는데
깨어나보니 다시 집안에 평화가 찾아왔다네요
ㄴ해피엔딩.
​
​
와우 자이드 공항 봐! 완전 부자같음💰
ㄴ아무래도 부자니까
​
​
공항에 기념품 머 있는지랑 대충 가격 얼만지 스캔해줌
여기가 더 싸면 관광지에서 안 살라공
ㄴ결국엔 여기서도 사고 관광지에도 삼
ㅋㅋㅋㅋㅋㅋㅋㅋㅋㅋㅋㅋㅋㅋㅋㅋㅋㅋㅋㅋ
​
​
그리고 경유 시간이 8시간? 9시간? 이래가지구
공항 면세구역에 있는 환승 호텔가줌
일단 입/출국 심사 두번 안하고 경유시간을 편하게 버틸 수 있다는 점
앤나 퀄리티도 꽤괞이라는 점에서 추천합니둥
수속 안해도 되는게 진짜 큼!!!!
경유하면서 체력 아낄 수 있어서 좋았당
​
​
쿨쿨띠니할게용😪
생각해보니까 웃긴게 머리에 팩 뭍을까봐 헤어캡 쓴건데
어차피 머리감을거면서 왜 썼지,,,🤔
​
저 멋쨍이옷 사고 싶었음
​
체크아웃하고 나와서 부자공항 탐방을 하다2
그리고 맥날에서 맥팝인지 머시기 먹었는데 그냥 먼치킨임
이 글을 보신 칭구들은 그냥 던킨가시길
​
​
그럼 이제 진짜진짜 오만으로 가께요이~
한시간 비행기인데 간단하게 샌드위치류의 기내식을 준당
🥪😋😪
​
​
우쨌든 이제야 나의 진짜 목적지 오만 도착!!!
🇴🇲👳🏻‍♀️
​
​
웃긴거 : 공항 atm에서 돈 뽑다가 어떤 튀니지 회사ceo분 도와드리고
튀니지 비즈니스 할 일 있으면 연락하라고
그분의 명함 받음ㅋㅋㅋㅋㅋㅋㅋㅋㅋㅋㅋㅋㅋㅋ
혹시 튀니지에서 사업하실 분 소개시켜드립니다~
​
​
음~ 벌써 좋다잉~
지난주랑은 완전 다른 풍경이잔앙🌞😎
​
​
택시를 타고 무려 ‼️서울에서 전주‼️ 거리에 있는
숙소로 가는 중🚕💨
ㄴ참고로 오만은 한국이랑 택시비 비슷함!!!
투어이용하기는 싫고 그렇다고 렌트는 나 자신을 너무 믿을 수 없었기에 방법이 없어서 택시 탔을 뿐.... 최고의 방법은 아니라는 점
ㅋㅋㅋㅋㅋㅋㅋㅋ 근데 너무 편했어서 후회는 안함!
​
​
무니르기사님 나 자는거 보고 어느샌가 조용히 의자눕혀주심 쏘친절
아마 뒤에도 또 얘기할 것 같은데 오마니들 다들 넘 친절하심❤️
도착해서도 숙소 주인장분이랑 통화하시고
미팅포인트에 완벽하게 내려주셨당 굿~👍🏻
​
​
술탄할아버지가 본인 살거 있어서 마트 들렀다가
날 위한 음료수랑 초콜릿 사다주심
🍊🧃🍫
​
​
끼약 창밖으로 보이는 풍경 ㅇㄱㅈㅉㅇㅇ?????
내가 진짜 사막에 왔잖앙🏜🤪
​
​
짠~ 저 컨테이너가 내 방이얌😝⛺️
사막숙소라 머가 딱히 있지는 않은데 넘 깔끔하구 조음!
호다닥 드가서 환복도 완~🥻🕶
​
​
너무 아름다운다운다운view랑웰컴드링크랑웰컴과일🍌🍊🫖
​
사진은 산책 같이한 스페인부부가 찍어주셨어
​
태양의 서커스 아니고요 산책중입니다
ㄴ이모 아무도 그렇게 생각 안했어요
🌞🌞🌞
​
​
여기 너~~~~무 좋다잉
​
​
아익까 이게 윈도우배경화면이 아니고
내 눈앞에 펼쳐진
저빛속으로그누구도모르는미래를향해먼훗날에전설이될걸음
theEldorado
사막이라고!?!?!?
아니 지금 생각해보니까 이 풍경을 보면서
엑소 엘도라도를 왜 안들었지? ㅜ 하놔 다시 가야할 듯
​
​
chill~,,,😌⛱️
​
​
​
칠하긴한데 바람이 너무 많이 분다🌬
가짜속눈썹아니였으면 눈에 모래 다 들어갔을듯
​
저 때 상태 : 모래바람을 너무 맞아서 개꼬질해짐
​
잠깐 쉬면서 캠프에서 대추야자차 한잔 찌끄렸더니
갑자기 칠흙같은 어둠이 됨🫢
사막은 참 신기하다....🔅
와중에 별 찍을라고 했더니 망럭시가 저렇게 찍음;;;
​
​
정갈한 저녁을 먹음 념~
무슨 닭고기 구이랑 갈비찜??? 카레???
암튼 이 3개가 메인이구 나머지는 그냥 반찬느낌???
저 은색용기에 들어있는게 메인요리들야🫕🍽
​
여기서 웃긴거 : 요리사분이 원하면 더 데워준다는 의미로
fire🔥 해주겠다 하셨는데 내가 fire만 듣고
지금 캠프파이어 공지시간인가보다!! 하고
혼자 예아~ campfire~ ㅇㅈㄹ함🫣
​
아직도 궁금한게 갈비찜이랑 카레에 들어간거 낙타고기였을까???
ㄴ지금도 모름.
​
​
🔥🔥🔥
​
캠파용 저 나무는 사무르? 라는 나무고 2시간이나 탄대🔥
​
밥 다 먹고 나서 설레발 끝에 캠프파이어를 함🔥🪓🌴
어디서 왔는지부터 여행지추천 직업소개 별별 얘기를 다함
​
​
저때 하늘에 별이 넘 많아서 찍었는데🌠
실제로는 하나도 안 찍혀서 슬퍼했거덩
지금보니 두개정도 찍혔군아 하하하하
(아니 얘들아 자세히 봐봐 마지막 사진 !!
휴대폰 액정에 붙은 먼지가 아니고 흰색점이 별이야^_^)
​
​
밤에 한 5번 일어나서 테라스 나가서 별 사진 찍어야하는데...
근데 넘 추워서 나가기 싫다... 만 반복하다가 결국 그냥 아침됨
ㅜㅋㅋㅋㅋㅋㅋㅋㅋㅋㅋㅋㅋㅋㅋㅋ
그래 어제 캠프파이어 하면서 봤으니까 됐지 뭐~
암튼 일어나서 일출 볼라고 했는데 이미 너무 밝음;;
뭐지??? 해 이미 뜬건가?? 하고 놀라서 나가다가
침대 모서리에 다리 찍힘🩸😩
​
🌅🏜🌄
​
알고보니 해가 아직 안 뜬ㄴ게 맞았음!!!!! 끼얏호😝
아라비안나이트
(다소 시의성이 떨어지네요)
노래 들으면서 일출봄 🌅
​
​
온라인 체크인 열려서 들어가봤더니 ✨️엑스트라 레그룸✨️ 당첨~
이거 진짜 푸른개🐶💙🍀🍀
ㄴ참고로 에티하드 항공은 무조건 좌석이 랜덤배정야
랜덤좌석 외 다른 자리를 택하면 무조건 돈을 내야됨 ㅜ
근데 무료로 더 좋은자리가 됐지 머야 우하하
​
​
암튼 잠깐 딩굴대다가 조식먹으러 캠프로 갔당🥓🍳
방글라데시분이라는 요리사님 솜씨가 아주 굿
그러고 다시 내 방 돌아와서 잠깐 쉬어줌
지금 봐도 참 뷰가 끝내주는 방이네요이🌞
​
​
그리고 어제 스페인부부님들이 같이 가자고 하신
사막사파리 즐기러 출발~🚙🏜💨
​
​
벅🐪뚜🐪벅🐪뚜
​
​
저게 머지?.....🐪🐪🐪🐪🐪
​
낙타가 내 폰 먹을라함
​
🐪진짜 낙타잔앙!!!!!🐪
길 가는중에 별안간 낙타가 나타남!!!!!!!!
나 이렇게 가까이서 낙타 처음 봤어!
ㄴ메르스 조심하라고 안전문자 5번 받아서 타진 않았어요
​
​
아니 근데 듄배싱 벌써 시작한건가????ㄷㄷㄷ
진심 차가 디팡마냥 튀어올라서 나도 튀어오름
그리고 인제 스페인 아주머니 무릎에 불시착함 ㅜ
ㅋㅋㅋㅋㅋㅋㅋㅋㅋㅋㅋㅋㅋㅋㅋㅋㅋㅋㅋㅋㅋㅋㅋㅋ
ㅈㅅㅎㄴㄷ😮
​
​
월리씨가 사무르 나무도 보여주고 우물도 보여주고
전통 베두인 하우스도 보여줬삼요
🏕🌴💧
​
ai아닙니다
​
갑분낙🐪🐪🐪
ㄴ 니 누구묘?
진심 사진 찍을랬더니 갑자기 나타남
​
​
아기 가젤이랑 이름 모를 다른동물들 구경두함
🦌🐐🦙🐎
​
​
이게 진짜 듄배싱🏎💨🛻💨🚙💨🏁
아깐 아무것도 아니였음 ㅜㅋㅋㅋㅋㅋㅋㅋㅋㅋ
그래두 이번엔 손잡이를 잘 잡고 있어서
아주머니께 같은 무례를 저지르진 않았음....🫨😌
​
​
흠 더 깊은 사막? 높은 지대로 오니까
어제내내 보던 사막이랑은 또 다른 느낌이넹
🤠😎
​
​
비
🚨잼컨 발생!🚨
상
​
듄배싱 하다가 자동차가 모래에 빠짐
ㅋㅋㅋㅋㅋㅋㅋㅋㅋㅋㅋㅋㅋㅋㅋㅋㅋㅋㅋㅋㅋ
​
전 그냥 팔자좋게 사진이나 찍고 놀았어염✌🏻😗✌🏻
​
다행히 월리씨가 부른 자동차 구조대가 어디선가 나타나서
우리 차를 구해주고 돌아감 ㄱㅅㅎㄴㄷ~
​
​
무튼 사막사파리를 마치고 숙소 다시 와서 호딱 씻고
이제 사막을 떠날 준비를 함 ㅜㅜ 하루만에 정든 캠프 안뇽🥹
어제 산책할 때 스페인부부가 나한테 스킨케어 비법 물어보셔서
내 마스크팩 선물로 드릴라고 챙겨나옴!!🎁💆🏼‍♀️
​
​
와중에 시내로 돌아가다가 또 차가 멈춤
아무래도 아까 열라 격한 듄배싱 끝에 차가 수명을 다했나봄 ㅜ
ㅋㅋㅋㅋㅋㅋㅋㅋㅋㅋㅋㅋㅋㅋㅋㅋㅋㅋㅋ
그래서 난 결국 스페인 아저씨 차를 타고 사막을 빠져나왔당ㅎ
​
​
스페인부부는 두바이에 살고 있다구 하셔서
나중에 서로 두바이-한국 여행가면 연락하기로 하고 번호 교환하구
드디어!!!! 진짜 이 숙소의 주인!! 칼리드씨랑두
카센터에서 만나서 인사를 함ㅋㅋㅋㅋㅋㅋㅋㅋㅋㅋㅋㅋㅋ
ㄴ지금까지 주인장의 아빠(술탄)&동생(월리)만 봄 ㅜㅋㅋㅋ
​
칼리드랑 월리가 나 오마니 아니라서 택시비 바가지 쓸 수도 있다고 차에 숨어 있으라 하고 직접 택시비 딜까지 해줌ㅜㅋㅋㅋㅋㅋㅋ
스윗오마니들한테 너무 감동 먹어서 눈물흘림 ㄹㅇ
이틀동안 좋은 추억 만들어준 친절띠니 아저씨들 빠이용🖐🏻🙇‍♂️
​
내가 탄 오만택시마다 물을 한병씩 줌 원래 다 그러나!?!??
​
암튼 그러고 걍 너무 피곤해서
차에 타자마자 쿨쿨띠 하니까 숙소에 도착을 함!!
😴💤
​
​
급히 예약한 숙소인데 컨디션 너~~~무 좋았당
솔직히 이 날 니즈와를 갈지 무스카트를 갈지 고민했는데
체력 고려해보니까 니즈와 안간게 다행야😵
니즈와는 나중에 오만 오면 다시 가야지~
​
​
고향의 맛과 함께 시티뷰를 바라보며 잠시 쉬어줌
이대로 걍 쉴까... 하다가 그래두 해안가랑 시장은
꼭 가보고 싶었어서 읏쇼읏쇼 준비하고 나가줌💨
​
​
아니 어케 이런일이!!!!!!
​
오만에서 택시를 탔는데
엑소 신곡을 틀어줄 확률은?????🍀🎵
​
내가 엑소팬인거 알고 틀어준 것두 아니고 찐우연이라
먼가 너~~~~~무 신나는 순간이였어!!!!
​
​
그리고 이 택시 기사님 ... 진짜 최고의 기사님이셔...🥹🥹
내가 무트라 해안가 가달라고 했더니 여기 모든곳이 다 해안가라고
너 오만 구경 할래? 하시더니 별안간 뷰좋은곳에 데려다주심🏞
​
​
그리고 너 궁전 구경도 하고 싶냐고 하시더니
궁전에도 델다주심🕌🤠🥹
​
​
요새도 구경하라고 데려다주심🏰👀
그리고 이 모든 사진도 기사님이 찍어주심!!!!
그냥 기본택시비만 받구 투어를 시켜주셨당 ヽ(；▽；)ノ
(카택 같은거 이용을 해가지구 시장까지 가는 지정요금만 냈음)
진짜 오만에서 만난 내 귀인...🥹🥹🥹
📢: 오만에 오면 마타삼기사님을 찾으시오
​
​
최종 목적지 시장으로 가면서 해안도로 드라이브까지 해줌🚢🚙
​
​
암튼 초친절띠니 기사님덕에 둘러볼 거 다~~ 둘러보고 시장 도착!!
​
​
어뜨케 오자마자 고양이가 애교부려 ㅠ
나 좋나봐....
🐱🐱🐱
​
​
중동의 향기가 진짜 물~~~~씬나는 시장구경🔮👑🧣🪔🗡
그리고 역시나 나는 또 큰손이 됨 💸😎💸
캐시미어 스카프두 사고 오만티도 사고 유향도 사고 마그넷도 사고!!
아! 램프의 요정 지니 램프도 사고!!!!
ㄴ소원빌라구요🙏🏻🙏🏻
​
​
무트라수크 정복 완~🛍⚱️
내가 사고 싶던 거 진짜 싹 다 사서 기분 좋았우!!!
​
​
그리고선 시장 앞에 상점 쭉~~~ 있는 해안도로? 암튼 거기 어슬렁댐
ㄴ약간 여기 강릉의 안목해변 카페거리? 그 느낌 생각하면 됨
근데 어슬렁대고 있는데 택시 불러주는 아저씨들이
너 혼자 온거냐고 물어보시더니 위험하니까
절대 길에서 아무 택시 잡아서 타지말고
앱으로 불러서 타라고 잔소리 겸 걱정 백번 해주심 🫡
감사합니둥~ 오택시 탔어염😜
​
​
택시 불러놓고 바다 구경 중
여기는 벤치마저도 이슬람의 향기가 난다
맨 마지막 사진은 택시타구 숙소 가는 중에 본 오페라하우스?
ㄴ사실 파드리 택시기사님이 설명해줬는데 생각이 잘 안남....
​
​
아이러브
낙타
오만티셔츠🇴🇲🐪👕❤️
ㄴ실제로 우리엄마가 오른쪽 사진 대충보고
오만이라고 써 있는걸 사야지
아이러브낙타티를 사면 우뜨카냐고 머라함
​
스벅피스타치오 음료 마셔줌!!!
​
이 나라는 참... 부자같음 별거아닌데서 부내가 남
ㄴ아무래도 부자 맞으니까요
​
​
그러고 인제 몸이 너~~~무 피로한 것 같아가지고
호텔내에 있는 스파에서 마사지 신청해서 받았당
근데 그냥 기본 마사지할걸...
괜히 무슨 허브 마사지를 해가지고 추워 죽을뻔함!!!!🥶🤧
(아마 화~🍃해지는 허브인가봄요 ㅜ)
그치만 마사지 자체는 좋았우!!!
​
​
그러고 쿨쿨띠하고 인나서 체크아웃함요
무스카트 인터시티호텔 넘 조은 숙소
오만 여행가시는 분 추천합니당
​
​
어제 저녁에 만난 파드리씨의
택시를타고 룰루에 가다!!!
ㄴ룰루는 마트 이름임
​
먼나라이웃나라에서 발견한 아바타스타슈 얼초만들기
​
당연히 또 큰손됨🍪🍫🍬
이 여자는 어딜가도 큰손이 됨
아니 왜냐면 챙길 사람이 너무 많아!!!!!!!
​
​
오-빠 오만빠이라는뜻🇴🇲🥹
진짜 오마니들 다~~~~ 넘 친절하고
컨텐츠가 진짜 많은 나라니까(사막.바다•••)
다들 나중에 가보는 거 추천하께요
​
꺄밧드의 모험 끗~
​
사실 오만을 오게 된 이유 중에 하나는
바로바로 신밧드의 나라였기때문야
난 원래 이런 뜬금없는거에 꽂히곤 하거덩
​
​
오만까지 와서도 맥날감튀 쌔리는 여자
암튼 이제 진짜 떠날게염🥲🥲
​
​
아부다비 경유시간이 10시간이 채 안돼서
페라리 갈말 앤나 간다면 퀵패스 살말을
뱅기 타는 그 순간까지도 고민하다가
결국 떠나기 직전에 페라리 티켓결제 완~🎟🎢
​
부자공항 재입성 특히나 저 천장이 부내남👳🏻‍♀️💰
​
암튼 재빠르게 다시 아부다비 도착슨
자이드공항이 한국여권은 자동출입국으로 바뀌어서
여권도장 못 받는다는 사실이 슬펐는데
럭키하게도 뜬금 자동출입국이 안 돼서ㅋㅋㅋㅋ 도장받음!!🛂
야~호~💃🏻
​
​
아 여기서 고난과 역경 잠시 발생함🙉
우버타는곳 찾기 개어려움요! ㅜ
일반택시 탑승장으로 잘못가서 현금도 없는데 캐시온리택시 탈뻔;;;
ㄴ그리고 기사가 넘 띠꺼움;
​
우버탑승장 가는 길🚕 : 일단 나와서 바로 보이는 택시 출구로는
❌️ 절대절대 나가지말고 ❌️ 도착동 출입문을 등지고
왼쪽방향 끝으로 가면 우버 대기장소 나옵니다~
​
별안간 두바이로 갈게연(아님)
​
2월인데 ㄹㅇ찜통더위 🥵🌡☀️
습한게 아니구 숨막히는 뜨거움 뭔말알?ㅠㅠ
와중에 택시아저씨가 택시 리뷰 5스타달라고 천번말하심
아 아저씨 알겠다고요 ㅠ
ㄴ그치만 드렸어요⭐️⭐️⭐️⭐️⭐️
​
진짜 민첩하게 도착해서 입장한게 뿌듯해서 시간 사진 찍음
​
야호~~😎
🐷 페라리월드에~~~~ 도착을~~~~ 했습니다~!~!~!~!
(호도이 아저씨톤으로)
​
​
난 행복합니다~💗 퀵패스있어서~⏳️
3시간컷해야하는데 퀵패스 없었으면 우짤뻔했지!!ㅜㅜ
그리고 미리 사길 잘한게 막상 입장할때는
솔드아웃이라 사고 싶어두 못 샀음!!!!
ㄴ퀵패스 사고 권력있는 여자됨Vv
​
​
우와 페라리월드 중간에 건물이 뚫려있다해야하나?
암튼 그렇고 거기에 솟구친 트랙이 있어서 그냥 조형물인줄 아렀는데
그게 찐 놀이기구 였다는 점...
그리고 내가 그걸 첫번째로 탔다는 점...ㅎ
ㅋㅋㅋㅋㅋㅋㅋㅋㅋㅋㅋㅋㅋㅋㅋㅋㅋㅋㅋㅋㅋㅋㅋ
먼 놀이기구인지 제대로 모르고 타서 더 재밌었음
근데 너무 짧아서 아쉽긴함 ㅜ
​
​
터보트랙 타고 나와서 발견한 미친기술력🫢
그 놀이기구 타고 사진 찍어주잖아
근데 그걸 내 사진 나올때까지 기다려야하는게 아니고
저 기계에 얼굴을 인식하면 내가 나온 사진을 보여줌!!!!!
ㅁㅊ 진짜 부자나라 놀이공원답다🤑😮
​
​
그 담에 이곳의 하이라이트
ktx보다 빠른 롤코 포뮬라로사를 탐!!!!!
끼약 이거 완전 신세계잔앙🫢😆
진짜진짜진~~~~짜 빠르구 너무 재미가 있음 ㅜㅜ!!
사진엔 없지만 속도가 너무 빨라서
눈에 상처날까봐 양현종고글을 써야만 탈 수 있음
🥽🙈🎢
​
​
그담에 이건 미션페라리~~~~
재밌긴한데 흠냐링 대기시간 대비 꼭 타야되는건 아님
내가 다시 간다면 차라리 포뮬라는 2번 더 타겠음
ㄴ사실 이거때문에 포뮬라 1번 더 못탈까봐 똥줄탔어요;
​
​
드넓은 페라리월드에서....
.
.
.
ㄴ좃뺑이친다.
🏃🏻‍♀️💨🏃🏻‍♀️💨🏃🏻‍♀️🏁
​
마감시간이 1시간밖에 안 남아서 2개 더 탈라면 우짤 수 없었음 ㅜ
​
​
암튼 달리고 달려서 플라잉에이스 타러 왔당🚁
​
​
물도 맞고 너~무 재밌어요~~~~
그리고 얘도 모래바람 막기위해서 고글 써야됨🥽
​
​
하필 플라잉에이스랑 포뮬라로사가 정반대에 있어가지구
개뛰어서 막차타기 완~🤭
​
엄마가 이 사진 보고 입에 모래 다 들어가겠다고함😆👍🏻
​
이번에는 햄저씨고글 쓴거 반납 직전에 사진 한장 남겨줌🥽
세상에서 제~~~일 빠르구 재미있는 놀이기구다 증말🎢🏁
이거 타고 무사귀환하면 직원들이랑 대기하는 사람들이랑
다같이 박수쳐줌 👏🏻 👏🏻 👏🏻 ㅋㅋㅋㅋㅋㅋㅋㅋㅋㅋ
​
​
나가기 직전에 기념사진 찍고 싶어서 누가누가 사진을 잘 찍어줄까
두리번대고 있는데 남친 잡도리 하는 중녀언니 발견👀‼️
​
남친은 그 웅니의 샤넬백을 한쪽에 메고 개ㅐㅐ열정적으로
여친사진 찍어주고 있었음 ㅜㅋㅋㅋㅋㅋㅋㅋㅋㅋㅋㅋㅋㅋㅋㅋ
ㅅㅈㅎ 내가봤을 때는 사진 잘찍었는데 그웅니가
여지없이 남친 잡도리 하는거 보고 이 사람이다!!!! 싶었음요
​
​
미~땡💖
웅니가 인생샷 찍어줬어연🙊❤️‍🔥
​
​
진짜 짧고 굵게 즐긴 페라리월드🏁🚗💨
담에 또 올게이(-.-)ノ⌒-~
​
​
아 애기 부러워 나도 저 포즈하고 찍을걸;;;
​
​
여기서 기념품 샤핑 좀 잠깐 한담에
나와서 택시부르고 기다림
.
.
.
​
하염없이 기다림
.
.
.
​
진심 오바 안하고 170미터 오는데 10분 넘게 걸림;;,
​
샤갈 사람이 너무 많아요!
지금 지쳤나요?
ㄴ존나 네
​
​
근데 자율 주행이면 기사아저씨는 왜 계시죠?
ㄴ정답 : 너무 안전운전하면 답답해서 직접 하실라고
암튼 공항 무사히 도착해서 쉬는중~🛋😪
​
​
쉬다가 배고파가지구 밥먹으러 왔어염😋🍝
​
​
마지막으루 마그넷 사고 진짜 집가는 뱅기 탔어염
아부다비두 안뇽~
🛫🕌🌃
ㄴ이러고 바로 기절함😴
​
​
​
승무원분 완전 친절띠니🤗
칭찬편지 남겨주기로 해놓고 까먹어서 아직도 안남김ㅜ
ㄴ이거 보니 또 생각났네 빨랑 남겨드려야지...
근데 생각해보니 승무원분 이름도 모른다 우카지
​
​
새롭고 절거운 오만여행 끗~😛
​
​
집 오자마자 매운쌀국수 먹고 출근함💼
꿈같던 아라비안나이트 안녕
​
​
​
2/20
​
​
​
해라에서 피파대회를 하다⚽️
그리고 양쌤이 사주신 피자도 먹음🍕😋
ㄴ노느라 수업진도 하나도 못나감;
​
​
​
뭐야 피파 너~무 재미있잖앙🎮
하하ㅏ하하하하ㅏ내가 이김✌🏻😜✌🏻
​
​
​
​
2/22
​
​
​
성당에서 영화보고 보드게임함
담에 제발 다같이 뱅하면 안되나요?
#team뱅무새
🔫
​
​
​
​
​
2/26-27
​
​
​
별안간 교육청 뜸 개야르하다💖 그래서 고기먹으러 감
​
원장쌤이 뽑아주심
글거 인형뽑기하러 저번에 갔던 목동 고고인가? 갔는데
나만 0개 뽑음;;
​
​
하나도 못 뽑은게 넘 짱나서 혼자 신네 블링팝으로 벅뚜벅뚜 들어감
그리고 별안간 인형뽑기고수됨‼️ (사실 블링팝이 잘 뽑힘)
​
다음달 해라애들 다 줬음요이
​
삘 받아서 사격팡 감 ! 그리고 14개 뽑아옴 !
근데 나머지 다 잘 뽑아놓고 잠만보에 2만원 날림 ㅜ
ㄴ취객이 응원하면서 방해함;;;
​
얘들아 이 도장 좀 봐.... 너무 귀엽지!!!ㅠㅠㅠ
예아쌤이 마지막날이라구 선물해줌🥹🥹🥹🥹
원하는 사람 손등에 찍어줄게
​
​
특강도 끝나고 해서 조교쌤 회식을 함
짜영쌤 부를라는데 영원히 연락을 안 받으셔서
인스스에 자영쌤이랑 같이 있으신분 디엠 ㄱ 요난리
​
​
그리구 윤정이네 갔다가 다같이 인뽑 하러감🧸
뽑아달라하면 다 뽑아주는 여자 나잖앙~~~~
잠만보는 세민이가 뽑았는데 취객이 응원해서
잠만보 못 뽑은 이야기 1000번했더니 나 준듯 깔-깔
​
​
아니 정훈이 진심 개 밤티 ㅜ 탑만 쌓고 하나도 못 뽑음
우리 다 둘러앉아서 훈수 둠ㅜㅋㅋㅋㅋㅋㅋㅋㅋㅋㅋㅋ
​
내가 뽑을라 했는데 폰 배터리 없어서 못함 ㅜ
짜영쌤한테 카드 빌려달라했는데 짜영쌤은 이미 너무 많이 해서 원장쌤한테 카드 뺏김 ㅜㅋㅋㅋㅋㅋㅋㅋㅋㅋㅋㅋ
원장님 아녔으면 우리 지금까지 사격팡에 앉아 있었을 듯 ㄹㅇ
​
아니 근데 딴 얘기지만 이날 소맥을 넘 오랜만에 많이 마셔서
다음날까지도 머리가 아팠음 🤕🤕🤕
​
​
​
​
​
2/28
​
​
​
정연이가 아빠 시켜서(효녀정연;) 봉스시에서 두쫀쿠 사다줌
역시 초밥장인이라 그런가 두쫀쿠도 넘 촉촉하게 잘 빚으심
정연아 고마워~
​
육수 뚜껑 안 따져서 쌩쇼함
​
나 왔어요!!!!!!
샤브올데이 왔어요!!!!!
소율이랑 정민이랑 다같이 샤브올데이 자첫함
후기 : 너~무 맛있어요😋
​
​
샤브올데이에서 밥 먹는데 옆에 볼링장 보여서 뜬금 볼링장 감
근데 먼 볼링공마을? 볼링공매장인데 볼링장인줄 알고 잘 못 드갈뻔함;
ㅋㅋㅋㅋㅋㅋㅋㅋㅋㅋㅋㅋㅋㅋㅋㅋㅋㅋㅋㅋㅋㅋㅋ
그~리고 플스방가서 오버쿡드함!!!!!
노랑이가 암것두 안해서 노랑 누구야 노랑 머해!!!! 했는데
원장쌤이셨음...ㅜㅋㅋㅋㅋㅋㅋㅋㅋㅋㅋㅋㅋ
​
치킨 소율이가 뽑아놓고 너무 비싸게 뽑았다고 후회함
​
애들이랑 사격팡 가서 어제 정훈이가 두고 간 돼지 다 뽑음 🐷🐷🐷
이거 인스스에 올렸더니 예아쌤이 역시 밤티정훈이라 함
ㅋㅋㅋㅋㅋㅋㅋㅋㅋㅋㅋㅋㅋㅋㅋㅋㅋㅋㅋㅋㅋㅋㅋㅋㅋㅋㅋ
​
​
아무튼!!!!!! 드디어 겨울방학특강 끝났잖앙💗
특강이 아니고 여행유튜버처럼 산 것 같긴한데...
​
​
​
ㄴ미뤄서 쓰느라 너~~~무 힘들었다...
우쨌든 2월기 끗~~~
​
​
​
​
​
​
​",https://blog.naver.com/shyunee18/224266391018,르꺄로그♡,20260427,2026-04-27 15:34:41
에이스(휴,"AI 웹툰, 피할 수 없는 물결!","결론적으로, “AI는 웹툰 산업의 파괴자가 아니라 촉진자다. 다만, 기술이 아니라 사람의 역량과 신뢰가 성패를 가른다. 결국 독자가 선택하고, 시장이 걸러낸다. 그러니 중요한 건 ‘AI를 쓰느냐 마느냐’가... ","결론적으로, “AI는 웹툰 산업의 파괴자가 아니라 촉진자다. 다만, 기술이 아니라 사람의 역량과 신뢰가 성패를 가른다. 결국 독자가 선택하고, 시장이 걸러낸다. 그러니 중요한 건 ‘AI를 쓰느냐 마느냐’가 아니라 ‘어떻게 잘 쓰느냐’다.” 긴 글 읽어주셔서 감사합니다. 서이추는 언제든 환영합니다.
​
①
산업의 흐름
웹툰 산업은 더 이상 ‘작가의 손’만으로 유지되는 시대가 아니다. IP융복합산업협회 간담회에서 강조된 바와 같이, 콘텐츠는 융복합을 통해 발전하며 지식재산권(IP)은 단순한 저작권을 넘어 시장과 상호작용하는 플랫폼형 자산으로 변모하고 있다. 이 변화를 가장 빠르게 가속화하는 힘이 바로 AI다.
②
작가의 현실과 AI의 필요성
주동근 작가는 “일주일 중 6일을 작업에 매달려 개인 생활이 없다”며, 1인 작가에게 AI는 단순한 선택이 아니라 생존의 도구임을 토로했다. AI는 표절 방지, 정보 검증, 작업 효율화에 도움을 주며, 대규모 스튜디오와 경쟁할 수 있는 ‘창작의 민주화’를 가능하게 한다.
​
③
품질 논란과 시장의 선택
AI 활용으로 인해 저품질 콘텐츠가 대량 생산될 수 있다는 우려는 존재한다. 그러나 서범강 회장은 “하향 평준화된 작품은 과거에도 늘 있었고, 결국 시장이 선택할 것”이라며 독자의 판단을 강조했다. 크리스 터너 구글 부사장 역시 “좋은 마이크를 쓴다고 가수가 되는 건 아니다”라며, 작품의 성패는 결국 창작자의 역량에 달려 있다고 말했다.
​
④
신뢰와 권리 보장
참석자들은 AI가 제대로 쓰이려면 기술적 문제보다 ‘신뢰’가 핵심이라고 입을 모았다. 창작자의 권리 보장과 AI 도구에 대한 신뢰가 구축되어야만 AI의 힘이 제대로 발휘될 수 있다는 것이다. 구글은 딥마인드의 AI 워터마크 기술 ‘Synth ID’를 예로 들며, 창작자의 목소리를 보호하고 신뢰를 쌓아가겠다고 밝혔다.
​
⑤
주요 핵심 맥락
현재 대한민국 웹툰 시장은 글로벌 시장에서 독보적인 위치를 차지하고 있으며, 네이버웹툰과 카카오엔터테인먼트가 세계 시장을 선도하고 있다. 이미 일부 플랫폼은 AI 보조툴을 도입해 작가들의 작업 효율을 높이고 있으며, 일본·미국에서도 AI 웹툰 제작 시도가 활발하다. 결국 AI는 ‘피할 수 없는 흐름’이며, 중요한 것은
‘잘 쓰는 것’
이다. 즉, 기술을 단순히 도입하는 것이 아니라 창작자의 개성과 철학을 살리는 방식으로 활용해야 한다는 점이 핵심이다.
​
긴 글 읽어주셔서 감사합니다. 서이추는 언제든 환영합니다.
코스피, 코스닥, 나스닥, 다우존스, 닛케이, 스트라드비젼, 니케이, 대신밸런스제20호스팩, 매드업, 상하이종합, 항셍, 자취엔, 아스타, 하나오피스위탁관리부동산투자회사, 딥노이드, 경남제약, 마키나락스, 아난티, 대아티아이, 케이사인, 솔고바이오,  엠아이텍, 비올, 자이글, 비스토스, 세운메디칼, 삼성전자, 아이엠바이오로직스, 프로테옴텍 뷰웍스, 바디텍메드, 티앤알바이오팹, 미래컴퍼니, 멕아이씨에스, 동운아나텍, 인터로조, 한독, 나노엔텍, 휴비츠, 퀀타매트릭스, 레이언스, 아스타, 메디아나, 원익, 제이시스메디칼, 피씨엘, 유비케어, 에스메디, 씨유메디칼, 아이쓰리시스템, 인바디, 랩지노믹스, 파마리서치, 피제이전자, 아이센스, 제테마,  시너지이노베이션, 바이오플러스, 대원제약, 메타바이오메드, 바텍, 오스테오닉, 제노레이, 덴티움, 티앤엘, 세종메디칼, 이루다, 레몬헬스케어, 디알젬, 원텍, 디오, 셀바스헬스케어, 셀루메드, 플라즈맵, 네오펙트, 디알텍, 코렌텍, 한국비엔씨, 큐렉소, 휴마시스, 티로보틱스, 리메드, 엘앤씨바이오, 루닛, 바이오다인, 한스바이오메드,  져스텍, 티에스넥스젠, 미코바이오메드, 클래시스, 엘앤케이바이오, 하이로닉, 뷰노, 레고켐바이오, 제이엘케이, 코어라인소프트, 신흥 제놀루션 더블유에스아이 프리시젼바이오 수젠텍 네오펙트 세종메디칼 휴젤, 휴온스, 현대바이오, 파마리서치, 코미팜, 케어젠, 차바이오텍, 젬백스, 제이시스메디칼, 유한양행, 엘앤씨바이오, 알테오젠, 씨젠, 신라젠, 셀트리온헬스케어, 셀트리온제약, 삼천당제약, 한화엔진, 메드팩토, 대웅제약, 천종윤, 천종기, 천경준, 네이처셀 카나리아바이오 제이엘케이, 뷰노, 루닛, 셀바스헬스케어, 딥노이드, 셀바스AI, 노을, 신테카바이오, 퀀타매트릭스, 젠큐릭스 동운아나텍, 디알텍, 진시스템, 바이오다인, 한스바이오메드, 메타바이오메드, 오스테오닉, 디오, 덴티움, 덴티스 브릿지바이오 HD현대건설기계 KB금융 NAVER POSCO홀딩스 S-Oil SK SKC SK가스 SK이노베이션 SK케미칼 롯데정밀화학 삼성물산 삼성바이오로직스 신한지주 한국지역난방공사 케이티앤지 현대글로비스 현대백화점, 올림픽특집, 현대위아 AK홀딩스 BGF BGF리테일 BNK금융지주 CJ CJCGV CJ대한통운 CJ제일제당 DGB금융지주 DL DL건설 DL이앤씨 E1 F&F 홀딩스, 고배당, GS건설 GS리테일 HD한국조선해양 HD현대 HD현대에너지솔루션 HD현대인프라코어 HD현대일렉트릭 HD현대중공업 HL D&I HL만도 HL홀딩스 HMM JB금융지주 KTcs LG LG생활건강 LG유플러스 LG이노텍 LG전자 LG헬로비전 LG화학 LIG넥스원 LS LX하우시스 NH투자증권 OCI SK네트웍스 SK디스커버리 SK디앤디 SK렌터카 SK바이오사이언스, 마키나락스,  SK스퀘어 SK아이이테크놀로지, 이재명, SK텔레콤 SK하이닉스 강원랜드 광주신세계 금호석유화학 금호타이어 기업은행 노루홀딩스 대덕전자 대상 대우건설 대한전선 대한항공 동국제강 동성케미컬 동아쏘시오홀딩스 동아에스티 동일고무벨트 두산밥캣 두산에너빌리티 두산퓨얼셀 롯데쇼핑 롯데정보통신 롯데지주 롯데칠성음료 롯데하이마트 미래에셋증권 빙그레 삼성SDI 삼성생명 삼성에스디에스 삼성엔지니어링 삼성전기 삼성전자 삼성중공업 삼성카드 삼성화재해상보험 삼양식품 세아베스틸지주 세아제강 세아특수강 신세계 신세계I&C 신세계인터내셔날 신세계푸드 씨에스윈드 아모레퍼시픽 아모레퍼시픽그룹 아세아 아시아나항공 애경산업 애경케미칼 에스케이바이오팜 엔씨소프트, USA,  엔에이치엔 엘에스일렉트릭 오리온 오리온홀딩스 우리금융지주 유한양행 이마트 일동홀딩스 제일기획 제주항공, 리뷰, 상품리뷰, 방문리뷰, 지누스 진에어 카카오 카카오페이 케이씨씨 케이씨씨글라스 케이티 코리안리 코웨이 태영건설 테이팩스 팜스코 팬오션 포스코스틸리온, 스트라드비젼, 포스코인터내셔널, 키움히어로제2호스팩,  포스코퓨처엠 풀무원 하나금융지주 한국가스공사 한국콜마 한국콜마홀딩스 한독 한샘 한섬 한세예스24홀딩스, 대통령, 한솔제지 한솔홀딩스 한일시멘트 한일홀딩스 한전KPS 한전기술 한진 한진칼 한화 한화생명 한화손해보험 한화시스템, 분기배당, 한화에어로스페이스, 피스피스스튜디오,  한화투자증권 해성디에스 현대건설 현대로템 현대리바트 현대모비스 HD현대미포, 서태지, 현대오토에버 현대자동차 현대제철 현대지에프홀딩스 현대차증권 현대퓨처넷 현대해상 현대홈쇼핑 호텔신라 효성, 신동빈, 효성중공업 효성첨단소재 효성티앤씨 효성화학 휠라홀딩스 휴비스 CJ프레시웨이 HK이노엔 KH바텍, 구인회, 구자경, 신한제17호스팩, 인벤테라, 매일유업 삼표시멘트 에스티팜 카카오게임즈 포스코DX 포스코엠텍 하림 현대바이오랜드 현대에버다임 현대이지웰 AJ네트웍스, 정의선, CJ씨푸드, 서정진, DB손해보험 DB하이텍 DRB동일 F&F GKL GS글로벌 HDC HDC현대EP HDC현대산업개발 HJ중공업 HSD엔진 JW생명과학 JW중외제약 JW홀딩스 KSS해운 KTis LF LG디스플레이, 대신밸런스제20호스팩, LS네트웍스 LX세미콘 LX인터내셔널, 폴레드,  LX홀딩스 NICE PI첨단소재 SBS SGC에너지 SK증권 TYM 가온전선 강남제비스코 경보제약 계룡건설산업 교보증권 깨끗한나라 넥센 넥센타이어 넷마블 노루페인트 녹십자 녹십자홀딩스 농심 농심홀딩스, 김승연, 김동관, 다올투자증권 다우기술 대교 대덕 대상홀딩스,seegene, 대신증권 대우조선해양 대웅 대웅제약 대한유화 동부건설 동원산업 두산 롯데렌탈 롯데손해보험 롯데웰푸드 롯데케미칼 메리츠금융지주 모나리자 무림P&P 무림페이퍼, 일상, 내돈내산, 방문후기, 후기,  미래에셋생명, 아메리카, 드림, 보령 부광약품 삼성증권 삼양사 삼양홀딩스 삼호개발 삼화페인트공업 서연 서연이화 서흥 선진 세방 세아제강지주 세아홀딩스, 정용진, 신세계건설 신영증권, 쇼트트랙, 스피드스케이팅, 컬링, 쌍용씨앤이 아세아시멘트 아이에스동서 에스엘 에스원 영원무역 영원무역홀딩스, 하나오피스위탁관리부동산투자회사, 영진약품 영풍 오뚜기 우리종금 웅진, 교보20호스팩, 웅진씽크빅 유니드 유수홀딩스, 최태원, 이노션 일동제약 제주은행 종근당 종근당바이오 종근당홀딩스 카카오뱅크, 스포츠, 임영웅, 케이티스카이라이프 코오롱 코오롱인더 크래프톤 키움증권, 이건희, 이병철, 티와이홀딩스 티케이지휴켐스 풍산 풍산홀딩스 하나투어 하이트진로홀딩스 한국공항 한국금융지주 한국석유공업 한국앤컴퍼니 한국전력세 한국항공우주 한미글로벌 한미사이언스 한미약품 한세실업 한솔케미칼 한솔테크닉스 한솔피엔에스 한솔홈데코 한온시스템 한일현대시멘트 한화솔루션, 어닝서프라이즈, 실적발표, 현대엘리베이터 현대코퍼레이션 현대코퍼레이션홀딩스, 수막염, 뇌수막염, 화승엔터프라이즈 화승인더스트리, 금시세, 은시세, 피스피스스튜디오, 화신 경매 효성 ITX 후성 흥국화재 CJENM JYP Ent. KCI SBS콘텐츠허브 고영 나스미디어 스튜디오드래곤 심텍 씨젠, 구본무, 리센스메디컬 아이티엠반도체 안랩 에스엠 원익QnC 원익머트리얼즈 이녹스첨단소재 이니텍 컴투스 케이티알파 코미코 콜마비앤에이치 클래시스 테스 펄어비스 플레이디 하림지주, 아이폰, 아이패드, 맥북, 폴더, 플립, 데스크탑, 윈도우, IOS, 등근육, 근육, 다이어트, 체중, 체중관리, 디저트, 딸기, CS홀딩스 DB DN오토모티브 DSR제강 KC그린홀딩스 KC코트렐 KG케미칼 KPX케미칼 KPX홀딩스 LS전선아시아 SHD SH에너지화학 SNT다이내믹스 SNT모티브 SPC삼립 STX STX엔진 STX중공업 SUN&L TCC스틸 WISCOM 경농 경동도시가스 경동인베스트 경방 경인양행 계양전기 고려제강 광동제약 교촌에프앤비 국동 국제약품 그린케미칼 금강공업 까뮤이앤씨 남해화학 다스코 대구백화점 대동 대림비앤코 대성에너지 대성홀딩스 대원강업 대유에이텍 대창단조 대한방직 대한제강 대한제당 대한해운 대한화섬 대현, 정주영, 정몽구,  대호에이엘 더존비즈온 덕성 덕양산업 동방 동방아그로 동성제약 동양고속 동양철관 동양피스톤 동원금속 동일산업 동일제강 동화약품 두올 드림텍 디씨엠 디와이 디와이파워락앤락 롯데에너지머티리얼즈 만호제강 명문제약 모토닉 무학 미원상사 미원에스씨 미원홀딩스 미원화학 방림 벽산 부국증권 부산주공 사조동아원사조오양 삼부토건 삼성공조 삼성출판사 삼아알미늄삼양통상 삼영 삼영무역 삼익THK 삼익악기 삼일제약 삼진제약 삼천리, 신격호, 상신브레이크 샘표 샘표식품 서울도시가스 서원 성문전자 세기상사 세방전지 세원정공 세이브존I&C 차AI헬스케어 세진중공업 세하 솔루엠 연말정산 송원산업 수산중공업 신도리코 신송홀딩스 신원 신흥 씨티알모빌리티 아세아제지 아이마켓코리아 아주스틸 에넥스 에스제이엠 에스제이엠홀딩스 에어부산 에이리츠 에이블씨엔씨 에이플러스에셋 엔케이 엠씨넥스 영풍제지 영화금속 영흥 와이투솔루션 우성 쿠팡 당근마켓 우아한형제들 배민 배달의민족 무신사 업비트, 피겨, 스노보드, 제약, 바이오, 바이오주식,  스키, 비트코인 우신시스템, fda, 우진 우진아이엔에스 우진플라임 원림 유니온 유니온머티리얼 유니퀘스트 유성기업 유안타증권 유화증권 이구산업 이수페타시스 이수화학 이연제약 이화산업 인지컨트롤스 인터지스 인팩 일성신약 일양약품, 구광모, 일진디스플 일진하이솔루스 잇츠한불 자이에스앤디 제일약품 제일연마 제일파마홀딩스 조광페인트 조광피혁 조일알미늄 조흥 진양산업 진양홀딩스 진양화학 진흥기업 카프로 케이씨, SEEGENE,  코스모신소재 코오롱글로벌 크라운제과 태경비케이 태경산업 태광산업 텔코웨어 토니모리 티에이치엔 퍼스텍 평화홀딩스 하나제약 하이브 하이스틸 한국내화 한국단자공업 한국무브넥스 한국쉘석유 한국자산신탁 한국종합기술 한국철강 한국토지신탁 한국특강 한성기업 한세엠케이 한양증권 한익스프레스 한전산업 한진중공업홀딩스 한창제지 한컴라이프케어 핸즈코퍼레이션 현대약품 호전실업 화성산업 화천기계 화천기공 황금에스티 휴스틸 BYC DSR HDC랩스 HLB글로벌 KEC KG모빌리티 KH 필룩스 KISCO홀딩스 KR모터스, 건조, 강풍, 산불, 산불예방, 염화칼슘, 세차, 자동세차, 등속조인트, MH에탄올 NI스틸 SG글로벌 SG세계물산 SIMPAC SNT에너지 YG PLUS 갤럭시아에스엠 경인전자 고려산업 광명전기 광전자 국도화학 국보 극동유화 금비 금양 금호에이치티 금호전기 기신정기 남광토건 남선알미늄 남성 다이나믹디자인 대동전자 대림통상 대성산업 대양금속 대영포장 대우부품 대원전선 대원화성 대유플러스 대창 대한제분 에스메디 덴티움 동남합성 동서 동아지질 동아타이어 동양 동원수산 디아이 디아이동일 디아이씨 롯데관광개발 마니커 메타랩스 명신산업 모나미 모두투어리츠 문배철강 미래산업 미래아이앤지 미창석유공업 백광산업 백산 범양건영 보락 보해양조 무해력, 아보하, 옴니보어, 토핑경제, 월배당 ETF, 민생회복 소비쿠폰, 상생페이백, AI 기술, K-콘텐츠, 친환경 소비, 커스터마이징, 여행 트렌드, 지구를 위한 발걸음, 선한 영향력, 부국철강 부산산업 비비안 비케이탑스 삼성제약 삼영전자공업 삼일씨엔에스 삼정펄프 삼화왕관 삼화전기 삼화전자공업 삼화콘덴서공업 상상인증권 새론오토모티브 서울식품공업 선도전기 성보화학 성안 성창기업지주 세우글로벌 세원이앤씨 세종공업 시디즈 신대양제지 신라교역 신성이엔지 신성통상 신영와코루 연말정산간소화서비스 신일전자 신풍 신풍제약 쌍방울 써니전자 쎌마테라퓨틱스 씨아이테크 아남전자 아센디오 아시아나IDT 아이에이치큐 알루코 에스디바이오센서 에스엠벡셀 에쓰씨엔지니어링 에이엔피 에이프로젠 에이프로젠바이오로직스 엔피씨 영보화학 오리엔트바이오 용평리조트 웰바이오텍 윌비스 유니켐 유엔젤 유유제약 율촌화학 이건산업 이스타코 이아이디 이엔플러스이월드 인디에프 인바이오젠 인스코비 일성건설 일신방직 일신석재 일정실업 일진다이아 일진전기 자화전자 전방 제이에스코퍼레이션 제이준코스메틱 조비 조선내화 조선선재 주연테크 지엠비코리아 진도 진양폴리우레탄 진원생명과학 참엔지니어링 천일고속 청호ICT 체시스 컨버즈 케이비아이 동국실업, 케이씨티, 케이씨티시 케이탑리츠 코리아써키트 코스모화학 콘텐트리중앙 콤텍시스템 쿠쿠홀딩스 쿠쿠홈시스 큐로 크라운해태홀딩스 키다리스튜디오 태경케미컬 태양금속, 이재용, 태원물산 태평양물산 티비에이치글로벌 티웨이홀딩스 파미셀 팜젠사이언스 퍼시스 페이퍼코리아 평화산업 플레이그램 한국수출포장공업 한국전자홀딩스 한국주강 한국주철관공업 한국화장품 한국화장품제조 한농화성 한미반도체 한신공영 한신기계공업 한일철강 한창 해태제과식품 형지엘리트혜인, 파세코, 화인베스틸 휴니드테크놀러지스 ISC KCC건설 KG ETS KG모빌리언스 RFHIC SBW생명과학 SFA반도체 국일제지 나노엔텍 나우IB 네이처셀 농우바이오 다날 다원시스 더네이쳐홀딩스 동화기업 디어유 로보스타 리더스 기술투자 메디톡스 메이슨캐피탈 메지온 미래에셋벤처투자 바이넥스 바이오니아 박셀바이오 삼천당제약 상상인 서부T&D 서진시스템 성우하이텍 셀리버리 셀트리온제약 시그네틱스 에스티큐브 에이스테크 엔케이맥스 오스코텍 우리기술투자 위지윅스튜디오 유바이오로직스 유진기업 인터플렉스 제넥신 젬백스 카나리아바이오 코리아에셋투자증권 코웰패션 쿠콘 큐캐피탈 크리스에프앤씨 티케이케미칼 파트론 한국비엔씨 한국정보인증 한국캐피탈 현대바이오 JW홀딩스, GC(녹십자홀딩스), AI교육놀이 코딩블록 유튜브키즈 캐릭터굿즈 키즈카페 영유아영어 스마트토이 안전교육 친환경교구 동화메타버스, 대웅, 종근당홀딩스, 한미사이언스를 비롯해 JW생명과학, JW중외제약, 경보제약, GC녹십자, 대웅제약, 보령, 부광약품, 서흥, 영진약품, 일동제약, 종근당, 종근당바이오, 한미약품 씨젠, 콜마비앤에이치, 클래시스 대원제약, 셀트리온, 한국유나이티드제약, 한올바이오파마, 환인제약 HLB생명과학, 아미코젠, 지씨셀, 케어젠, 파마리서치, 휴온스, 휴젤 광동제약, 국제약품, 동성제약, 동화약품, 명문제약, 삼일제약, 삼진제약, 이연제약, 일성신약, 일양약품, 제일약품, 제일파마홀딩스, 하나제약, 현대약품, CJ바이오사이언스, HLB, 동국제약, 레고켐바이오, 메드팩토, 셀트리온헬스케어, 신라젠, 알테오젠, 에이비엘바이오, 엘앤씨바이오, 이오플로우, 차바이오텍, 코오롱생명과학, 헬릭스미스 삼성제약, 신풍제약, 유유제약, 에이프로젠바이오로직스, 오리엔트바이오, 진원생명과학, 파미셀, 팜젠사이언스, 나노엔텍, 네이처셀, 메디톡스, 메지온, 바이넥스, 바이오니아, 박셀바이오, 삼천당제약, 셀리버리, 셀트리온제약, 에스티큐브, 엔케이맥스, 오스코텍, 유바이오로직스, 제넥신, 젬백스, 카나리아바이오, 한국비엔씨, 현대바이오, 에코프로, 에코프로비엠, 에코프로에이치엔, 에코프로그룹, 엔켐, 에스텍파마, 어보브반도체, 코미코, 클래시스, 비츠로셀, 아이디즈, 랩지노믹스, 샤페론, 핀텔, 유성티엔에스, 오텍, 오브젠, 모델솔루션, 레이저셀, 보로노이, 루닛, 넥스트칩, 원텍, 레인보우로보틱스, 로보로보, 두산로보틱스, 두산에너빌리티, 알테오젠, 레고켐바이오, 위메이드, 비트코인, 자이언트스텝, 한국비엔씨, 에스텍파마, 폴라리스오피스, 현대차, 기아, 삼성SDI, 삼성바이오로직스, 종근당, 마녀공장, 마니커, 삼현, 이오플로우, 경동제약, 에스텍파마, 폴라리스오피스, 수젠텍, 휴마시스, 녹십자홀딩스, 오상헬스케어, 삼현, 엔젤로보틱스, 코셈, 케이웨더, 이에이트, 에이피알, 에스케이증권, 케이엔알시스템, 우진엔텍, 포스뱅크, 현대힘스, 이닉스, 스튜디오삼익, 코칩, 대원전선, 와이씨, 세명전기, HB솔루션, 폴라리스AI, 삼성전자, 미코, HB테크놀러지, 민생지원금, 추경, 가온전선, 동일기연, 한미반도체, 한글과컴퓨터, 태성, snt에너지, 켐트로닉스, 바이넥스, 에스피소프트, 리가켐바이오, HD현대마린솔루션, 제룡전기, 지투파워, PI첨단소재, 픽셀플러스, 미래생명자원, 디알텍, 와이씨, 우진엔텍, lb루셈, 한선엔지니어링, 이오플로우, 시노펙스, 에브리봇, 삐아, 펄어비스, 가온전선, 폴라리스AI파마, 이렘, 웡입푸드, 클래시스, LS에코에너지, 유니테스트, 경창산업, 비올, 웅진, 제이투케이바이오, 이수페타시스, kbi메탈, 네이처셀, 제이시스메디칼, HD현대마린솔루션, 한국화장품제조, 인성정보, 화성밸브, 삼화페인트, 엔젤로보틱스, 에브리봇, sk이터닉스, LS에코에너지, 듀산퓨얼셀, 우리기술, 백광산업, 삼화전기, 제일일렉트릭, 필옵틱스, SK이터닉스, CJ씨푸드, SKC, 광무, 지투파워, 보성파워텍, 슈어소프트테크, 에이팩트, LG전자, 엑시콘, 에프테스티, 도화엔지니어링, 일진전기, 브이티, 코오롱글로벌, 나이벡, 토니모리, 중앙첨단소재, 청담글로벌, 라메디텍, 공모주, 청약, 상장폐지, 상폐, 신규상장, 그리드워즈, 한국가스공사, 민테크, 사조씨푸드, 에코프로머티, 대상홀딩스, 우진엔텍, 포스뱅크, 현대힘스, 이닉스, 스튜디오삼익, 코셈, 케이웨더, 이에이트, 에이피알, 케이엔알시스템, 넥스아이,  오상헬스케어, 삼현, 엔젤로보틱스, 아이엠비디엑스, 민테크, 코칩, 노브랜드, 그리드워즈, 라메디텍, 씨어스테크놀러지, 에이치엠씨아, 에스오에스랩, 에이치브이엠, 이노스페이스, 이노그리드, 하스, 시프트업, 엑셀세라퓨틱스, 넥스트바이오, 뱅크웨어글로벌, 신일전기, 피앤에스미캐, 티디에스팜, 케이쓰리아이, 아이빔테크놀로지, 뱅크웨어글로벌, 쿄보16호스팩, 유라클, 넥스트바이오메디컬, 케이쓰리아이, 전진건설로봇, 티디에스팜, 엠83, 이엔셀, 아이스크림미디어, 아이언디바이스, 제닉스, 에이치이엠파마, 웨이비스, 루미르, 씨메스, 인스피언, 클로봇, 한켐, 셀비온, 탑런토탈솔루션, 와이제이링크, 쓰리빌리언, 씨메스, 웨이비스, 성우, 케이뱅크, 에이럭스, 에이치이엠파, 에어레인, 토모큐브, 더본코리아, 닷일, 노머스, 위츠, 엠오티, 에스켐, 사이냅소프트, 동방메디칼, 미트박스글로, 씨케이솔루션, 듀켐바이오, 온코닉테라퓨틱스, 아이에스티이, 오름테라퓨틱, 온코크로스, 벡트, 파인메딕스, 쓰리에이로직, 데이원컴퍼니, 와이즈넛, 삼양엔씨켐, 아이지넷,피아이이, 엘지씨엔에스, 동방메디컬, 아이에스티이, 오름테라퓨틱, 동국생명과학, 스트레이트키즈, 방탄소년단, BTS, 블랙핑크, GD, 지드래곤, 우즈, 모티브링크, 위너스, 엘케이켐, 대진첨단소재, 엠디바이스, 씨케이솔루션, 서울보증보험, 한텍, 티엑스알로보, 심플랫폼, 더즌, 로킷헬스케어, 오가노이드사, 쎼크, 나우로보틱스, 에이유브렌즈, 한국피아이엠, 씨케이솔루션, 서울보증보험, 한텍, 티엑스알로보틱스, 원일티엔아이, 달바글로벌, 디엔솔루션즈, 이뮨온시아, 인투셀, 키스트론, 링크솔루션, 지씨지놈, 지에프씨생명과학, 뉴엔에이아이, 도우인시스, 싸이닉솔루션, 엔알비, 아우토크립트, 프로티나, 뉴로핏, 엔알비, 아이로보틱스, 대한조선, 에스투더블유, 한라캐스트, 아이티켐, 제이피아이헬스케어, 삼양컴텍, 지투지바이오, 그래피, 에스엔시스, 에스투더블유, 그래피, 제이피아이헬스케어, 한라캐스트, NHN KCP, 비씨월드제약, 나래나노텍, 하이드로리튬, SK온, 두산테스나, 한화오션, HJ중공업, 미투온, 새빗켐, 펩트론, 원익IPS, 솔브레인, 에이디테크놀로지, 코아시아, 우양에이치씨, SK바이오팜, 엘앤에프, 천보, 피엔티, 데브시스터즈, 와이지엔터테인먼트, 오픈엣지테크놀로지, 지아이이노베이션, 리노공업, 원익IPS, 테스, 하나마이크론, SFA반도체, 씨앤씨인터내셔널, 클래시스, 케어젠, 코스메카코리아, 아이패밀리에스씨, 안랩, NHN한국사이버결제, 파크시스템스, 코미코, 좋은사람들, 일승, 셀로맥스사이언스, 세림B&G, 컴퍼니케이, SK오션플랜트, 플리토, 스튜디오미르, 에코캡, 캠시스, 코로나19, 인플루엔자, 결핵, 말라리아, HIV/AIDS, B형 간염, C형 간염, 장티푸스, 콜레라, 대상포진, 수두, 홍역, 풍진, 뎅기열, 에볼라, 지카바이러스, 로타바이러스, 노로바이러스, 클라미디아, 임질, 매독, 낭포성 섬유증, 헌팅턴병, 다운증후군, 터너증후군, 마르판증후군, 페닐케톤뇨증, 근이영양증, 혈우병, 색맹, 고셔병, 윌슨병, 알츠하이머병, 파킨슨병, 간질, 루게릭병, 다발성 경화증, 뇌졸중, 편두통, 치매, 뇌염, 수막염, 고혈압, 심근경색, 협심증, 심부전, 동맥경화, 심장판막증, 부정맥, 심장비대, 천식, COPD, 폐렴, 기관지염, 폐암, 폐섬유증, 빈혈, 백혈병, 림프종, 다발골수종, 자가면역질환, 루푸스, 류마티스 관절염, 크론병, 궤양성 대장염, 당뇨병, 갑상선기능항진증, 갑상선기능저하증, 쿠싱증후군, 부신기능부전, 고지혈증, 비만, 대사증후군, 우울증, 조현병, 양극성 장애, 불안장애, 강박장애, 공황장애, ADHD, PTSD, 아토피 피부염, 건선, 백반증, 여드름, 습진, 피부암, 폐암, 간암, 위암, 대장암, 유방암, 전립선암, 췌장암, 난소암, 자궁경부암, 림프종, 백혈병, 삼성전자, SK하이닉스, LG에너지솔루션, 삼성바이오로직스, 현대차, 기아, POSCO홀딩스, NAVER, 카카오, 삼성SDI, LG화학, 한화솔루션, HMM, 대한항공, 아모레퍼시픽, 롯데케미칼, 두산에너빌리티, 한국전력, KT&G, S-Oil, SK이노베이션, OCI, 한미약품, 삼성물산, LG전자, SK텔레콤, CJ제일제당, 현대모비스, LG디스플레이, 한국조선해양, 에코프로비엠, 에코프로, 엘앤에프, HLB, 카카오게임즈, 펄어비스, 리노공업, 알테오젠, 씨젠, 오스템임플란트, 제넥신, 레고켐바이오, 에이치엘비생명과학, 바이오니아, 천보, 동화기업, 코미팜, 메디톡스, 에스티팜, 휴젤, 파마리서치, 네오이뮨텍, 나노신소재, 원익IPS, 덕산테코피아, 유진테크, 인트론바이오, 비에이치, 에스엠, 삼성전자,희림,흥아해운,흥국화재우,흥국화재,흥국에프엔비,흥국,흥구석유,휴젤,휴온스글로벌,휴온스,휴엠앤씨,휴스틸,휴비츠,휴비스,휴메딕스,휴먼테크놀로지,휴맥스홀딩스,휴맥스,휴마시스,휴림에이텍,휴림로봇,휴럼,휴니드,휴네시온,후성,효성화학,효성티앤씨,효성중공업,효성오앤비,효성ITX,효성,황금에스티,환인제약,화학,화학,화천기공,화천기계,화일약품,화인써키트,화인베스틸,화신정공,화신,화승코퍼레이션,화승인더,화승엔터프라이즈,화승알앤에이,화성밸브,홈캐스트,호텔신라우,호텔신라,호전실업,혜인,형지엘리트,형지글로벌,형지I&C,협진,현우산업,현대힘스,현대홈쇼핑,현대해상,현대퓨처넷,현대코퍼레이션홀딩스,현대코퍼레이션,현대차증권,현대차우,현대차3우B,현대차2우B,현대차,현대지에프홀딩스,현대제철,현대이지웰,현대위아,현대오토에버,현대엘리베이터,현대에이치티,현대에버다임,현대약품,현대사료,현대비앤지스틸,현대백화점,현대바이오랜드,현대바이오,현대무벡스,현대모비스,현대리바트,현대로템,현대글로비스,현대그린푸드,현대공업,현대건설우,현대건설,현대ADM,헬릭스미스,헥토파이낸셜,헥토이노베이션,핸즈코퍼레이션,핸디소프트,해태제과식품,해성옵틱스,해성에어로보틱스,해성산업1우,해성산업,해성디에스,한화플러스제5호스팩,한화플러스제4호스팩,한화투자증권우,한화투자증권,한화오션,한화엔진,한화에어로스페이스,한화시스템,한화솔루션우,한화솔루션,한화손해보험,한화생명,한화비전,한화리츠,한화갤러리아우,한화갤러리아,한화3우B,한화,한텍,한탑,한켐,한컴위드,한컴라이프케어,한창제지,한창산업,한창,한진칼우,한진칼,한진중공업홀딩스,한진,한중엔시에스,한주에이알티,한주라이트메탈,한전산업,한전기술,한전KPS,한일화학,한일홀딩스,한일현대시멘트,한일철강,한일시멘트,한일사료,한일단조,한익스프레스,한울앤제주,한울소재과학,한울반도체,한올바이오파마,한온시스템,한양증권우,한양증권,한양이엔지,한양디지텍,한싹,한신기계,한신공영,한스바이오메드,한솔홈데코,한솔홀딩스,한솔테크닉스,한솔케미칼,한솔제지,한솔인티큐브,한솔아이원스,한솔로지스틱스,한솔PNS,한세예스24홀딩스,한세엠케이,한세실업,한성크린텍,한성기업,한섬,한선엔지니어링,한샘,한빛소프트,한빛레이저,한미약품,한미사이언스,한미반도체,한미글로벌,한라IMS,한독크린텍,한독,한농화성,한네트,한글과컴퓨터,한국화장품제조,한국화장품,한국항공우주,한국피아이엠,한국팩키지,한국파마,한국특강,한국토지신탁,한국타이어앤테크놀로지,한국큐빅,한국콜마,한국컴퓨터,한국캐피탈,한국카본,한국첨단소재,한국철강,한국주철관,한국주강,한국종합기술,한국제지,한국제15호스팩,한국제13호스팩,한국제12호스팩,한국정보통신,한국정보인증,한국정보공학,한국정밀기계,한국전자홀딩스,한국전자인증,한국전력,한국자산신탁,한국유니온제약,한국앤컴퍼니,한국알콜,한국쉘석유,한국수출포장,한국선재,한국석유,한국비티비,한국비엔씨,한국무브넥스,한국맥널티,한국단자,한국내화,한국기업평가,한국금융지주우,한국금융지주,한국공항,한국경제신문,한국경제TV,한국가스공사,한국가구,한경닷컴,하츠,하이퍼코퍼레이션,하이트진로홀딩스우,하이트진로홀딩스,하이트진로2우B,하이트진로,하이텍팜,하이즈항공,하이젠알앤엠,하이제8호스팩,하이스틸,하이비젼시스템,하이브,하이록코리아,하이로닉,하이딥,하이드로리튬,하스,하림지주,하림,하나투어,하나제약,하나머티리얼즈,하나마이크론,하나기술,하나금융지주,하나35호스팩,하나34호스팩,하나33호스팩,하나32호스팩,하나31호스팩,하나30호스팩,하나29호스팩,하나28호스팩,하나27호스팩,하나26호스팩,핑거스토리,핑거,핌스,필옵틱스,필에너지,핀텔,픽셀플러스,피플바이오,피코그램,피제이전자,피제이메탈,피엠티,피엔티엠에스,피엔티,피엔케이피부임상연구센타,피엔에이치테크,피에이치에이,피에스텍,피에스케이홀딩스,피에스케이,피앤에스로보틱스,피앤씨테크,피아이이,피씨엘,피씨디렉트,피델릭스,피노,플리토,플루토스,플레이위드,플레이디,플레이그램,플랜티넷,플래티어,플래스크,플라즈맵,프리엠스,프리시젼바이오,프롬바이오,프로티아,프로티나,프로텍,프로이천,프레스티지바이오로직스,프럼파스트,퓨쳐켐,퓨처코어,퓨릿,퓨런티어,풍원정밀,풍산홀딩스,풍산,풍국주정,풍강,풀무원,푸른저축은행,푸른기술,푸드웰,푸드나무,폴라리스우노,폴라리스오피스,폴라리스세원,폴라리스AI파마,폴라리스AI,폰드그룹,포톤,포커스에이아이,포인트엔지니어링,포인트모바일,포시에스,포스코퓨처엠,포스코인터내셔널,포스코엠텍,포스코스틸리온,포스코DX,포스뱅크,포바이포,포메탈,포니링크,평화홀딩스,평화산업,펩트론,펨트론,페이퍼코리아,펌텍코리아,펄어비스,퍼시스,퍼스텍,팸텍,팬젠,팬오션,팬엔터테인먼트,팬스타엔터프라이즈, 메쥬, 패션플랫폼,팜젠사이언스,팜스토리,팜스코,팜스빌,판타지오,파트론,파크시스템스,파커스,파인텍,파인테크닉스,파인엠텍,파인메딕스,파인디지털,파인디앤씨,파이오링크,파이버프로,파워로직스,파워넷,파수,파세코,파버나인,파미셀,파멥신,파마리서치,파루,파로스아이바이오,파라텍,파라다이스,파두,팅크웨어,티피씨글로벌,티플랙스,티케이케미칼,티케이지애강,티이엠씨씨엔에스,티이엠씨,티웨이홀딩스,티웨이항공,티움바이오,티와이홀딩스우,티와이홀딩스,티엘비,티엔엔터테인먼트,티엑스알로보틱스,티에프이,티에이치엔,티에스이,티에스아이,티에스넥스젠,티앤엘,티앤알바이오팹,티씨케이,티씨머티리얼즈,티쓰리,티사이언티픽,티비씨,티로보틱스,티디에스팜,특수건설,트윔,트루엔,툴젠,투비소프트,통신,통신,톱텍,토탈소프트,토비스,토박스코리아,토모큐브,토마토시스템,토니모리,텔콘RF제약,텔코웨어,텔레칩스,테크윙,테크엘,테이팩스,테스,테라젠이텍스,테라사이언스,테고사이언스,태원물산,태웅로직스,태웅,태영건설우,태영건설,태양금속우,태양금속,태양,태성,태림포장,태광산업,태광,태경케미컬,태경산업,태경비케이,탑코미디어,탑엔지니어링,탑머티리얼,탑런토탈솔루션,타이거일렉,킵스파마,키이스트,키움증권,키움제8호스팩,키움제11호스팩,키움제10호스팩,키스트론,키다리스튜디오,키네마스터,클리오,클로봇,클래시스,크린앤사이언스,크리스에프앤씨,크레오에스지,크레버스,크래프톤,크라운해태홀딩스우,크라운해태홀딩스,크라운제과우,크라운제과,크라우드웍스,큐캐피탈,큐에스아이,큐알티,큐브엔터,큐리옥스바이오시스템즈,큐리언트,큐로홀딩스,큐로셀,큐렉소,큐라티스,큐라클,퀄리타스반도체,퀀텀온,퀀타매트릭스,쿠쿠홈시스,쿠쿠홀딩스,쿠콘,콜마홀딩스,콜마비앤에이치,콘텐트리중앙,코퍼스코리아,코텍,코콤,코칩,코츠테크놀로지,코이즈,코윈테크,코위버,코웰패션,코웨이,코오롱인더우,코오롱인더,코오롱우,코오롱생명과학,코오롱모빌리티그룹우,코오롱모빌리티그룹,코오롱글로벌우,코오롱글로벌,코오롱ENP,코오롱,코어라인소프트,코아시아씨엠,코아시아,코아스템켐온,코아스,코스텍시스,코스모화학,코스모신소재,코스메카코리아,코스맥스엔비티,코스맥스비티아이,코스맥스,코스나인,코셈,코세스,코미팜,코미코,코메론,코맥스,코리안리,코리아에프티,코리아에셋투자증권,코리아써키트2우B,코리아써키트,코리아써우,코리아나,코렌텍,코람코라이프인프라리츠,코람코더원리츠,코디,코데즈컴바인,코다코,코닉오토메이션,코난테크놀로지,코나아이,켐트로스,켐트로닉스,켄코아에어로스페이스,케일럼,케이피티유,케이피엠테크,케이피에프,케이프,케이티알파,케이탑리츠,케이카,케이지에이,케이이엠텍,케이웨더,케이옥션,케이엠제약,케이엠더블유,케이엠,케이엘넷,케이엔제이,케이엔에스,케이엔알시스템,케이엔솔,케이엔더블유,케이에스피,케이알엠,케이아이엔엑스,케이씨피드,케이씨티,케이씨텍,케이씨에스,케이씨,케이쓰리아이,케이사인,케이비아이동국실업,케이바이오,케이디켐,케어젠,케어랩스,케스피온,컴퍼니케이,컴투스홀딩스,컴투스,컨텍,캡스톤파트너스,캠시스,캔버스엔,캐프,캐스텍코리아,캐리소프트,캐리,카프로,카페24,카티스,카카오페이,카카오뱅크,카카오게임즈,카카오,카이노스메드,카스,칩스앤미디어,출판·매체복제,초록뱀미디어,체시스,체리부로,청담글로벌,천일고속,천보,창해에탄올,참좋은여행,참엔지니어링,차이커뮤니케이션,차백신연구소,차바이오텍,진흥기업우B,진흥기업2우B,진흥기업,진원생명과학,진영,진에어,진양화학,진양홀딩스,진양폴리,진양제약,진양산업,진시스템,진성티이씨,진바이오텍,진매트릭스,진로발효,진도,지투파워,지오엘리먼트,지역난방공사,지엠비코리아,지엘팜텍,지엔코,지엔씨에너지,지에프씨생명과학,지에스이,지어소프트,지앤비에스 에코,지아이텍,지아이이노베이션,지씨지놈,지씨셀,지란지교시큐리티,지더블유바이텍,지니틱스,지니언스,지니너스,지누스,지놈앤컴퍼니,지노믹트리,증권,중앙첨단소재,중앙에너비스,중앙백신,주연테크,주성코퍼레이션,주성엔지니어링,좋은사람들,종이·목재,종근당홀딩스,종근당바이오,종근당,조흥,조일알미늄,조이시티,조아제약,조선선재,조선내화,조비,조광피혁,조광페인트,조광ILI,젬백스,젠큐릭스,젝시믹스,제테마,제주항공,제주은행,제주반도체,제조,제일파마홀딩스,제일테크노스, 두쫀쿠, 제일일렉트릭,제일연마,제일엠앤에스,제일약품,제일바이오,제일기획,제이티,제이투케이바이오,제이준코스메틱,제이오,제이엠티,제이엠아이,제이엘케이,제이엔케이글로벌,제이엔비,제이에스티나,제이에스코퍼레이션,제이에스링크,제이앤티씨,제이알글로벌리츠,제이아이테크,제이씨현시스템,제이씨케미칼,제이스텍,제이스코홀딩스,제이브이엠,제우스,제약,제약,제룡전기,제룡산업,제로투세븐,제닉스로보틱스,제닉,제놀루션,제노코,제노레이,제넥신,제너셈,정원엔시스,정상제이엘에스,정다운,전진바이오팜,전진건설로봇,전방,전기·가스,전기·가스,저스템,재영솔루텍,장원테크,자화전자,자이에스앤디,자이언트스텝,자이글,자연과환경,자비스,자람테크놀로지,잉크테크,잇츠한불,일진홀딩스,일진하이솔루스,일진파워,일진전기,일진디스플,일진다이아,일지테크,일정실업,일월지엠엘,일양약품우,일양약품,일신석재,일신방직,일신바이오,일승,일성아이에스,일성건설,일반서비스,일반서비스,일동홀딩스,일동제약,인화정공,인피니트헬스케어,인포뱅크,인포바인,인팩,인트론바이오,인트로메딕,인투셀,인텔리안테크,인텍플러스,인터플렉스,인터지스,인터엠,인터로조, Human-in-the-Loop Feelconomy Zero-Click Ready-core AX조직 PixelatedLife PriceDecoding HealthIntelligence 1.5Households ReturningToFundamentals, 인탑스,인크로스,인크레더블버즈,인콘,인카금융서비스,인천도시가스,인지컨트롤스,인지소프트,인지디스플레,인스피언,인스코비,인스웨이브,인성정보,인선이엔티,인산가,인벤티지랩,인베니아,인바이오젠,인바이오,인바디,인디에프,이화전기,이화산업,이화공영,이퓨쳐,이트론,이크레더블,이지홀딩스,이지트로닉스,이지케어텍,이지스밸류플러스리츠,이지스레지던스리츠,이지바이오,이월드,이원컴포텍,이오플로우,이오테크닉스,이연제약,이엠텍,이엠코리아,이엠앤아이,이엠넷,이엘피,이엘씨,이엔플러스,이엔에프테크놀로지,이엔셀,이아이디,이씨에스,이스트에이드,이스트소프트,이스타코,이수화학,이수페타시스,이수앱지스,이수스페셜티케미컬,이상네트웍스,이삭엔지니어링,이브이첨단소재,이베스트스팩6호,이미지스,이뮨온시아,이마트,이리츠코크렙,이루온,이렘,이랜텍,이랜시스,이닉스,이니텍,이녹스첨단소재,이녹스,이노진,이노인스트루먼트,이노와이어리스,이노시뮬레이션,이노스페이스,이노션,이노메트리,이노룰스,이노뎁,이글벳,이글루,이구산업,이건홀딩스,이건산업,의료·정밀기기,의료·정밀기기,음식료·담배,음식료·담배,은행,율호,율촌화학,율촌,윤성에프앤씨,육일씨엔에쓰,유화증권우,유화증권,유한양행우,유한양행,유틸렉스,유티아이,유투바이오,유통,유통,유진투자증권,유진테크놀로지,유진테크,유진스팩11호,유진스팩10호,유진로봇,유진기업,유일에너테크,유일로보틱스,유유제약2우B,유유제약1우,유유제약,유엔젤,유에스티,유안타증권우,유안타증권,유안타제17호스팩,유안타제16호스팩,유안타제15호스팩,유안타제14호스팩,유안타제13호스팩,유안타제12호스팩,유안타제11호스팩,유아이엘,유아이디,유신,유수홀딩스,유성티엔에스,유성기업,유비쿼스홀딩스,유비쿼스,유비케어,유비온,유비벨록스,유바이오로직스,유라테크,유라클,유디엠텍,유니트론텍,유니테크노,유니테스트,유니크,유니퀘스트,유니켐,유니온바이오메트릭스,유니온머티리얼,유니온,유니슨,유니셈,유니드비티플러스,유니드,유나이티드제약,윙스풋,윌비스,윈하이텍,윈팩,윈스테크넷,위츠,위지트,위지윅스튜디오,위즈코프,위세아이텍,위메이드플레이,위메이드맥스,위메이드,위드텍,위더스제약,위닉스,위니아에이드,위너스,웹케시,웹젠,웹스,웰킵스하이텍,웰크론한텍,웰크론,웰바이오텍,웨이비스,웨이브일렉트로,웨이버스,월덱스,원풍물산,원풍,원티드랩,원텍,원준,원일티엔아이,원일특강,원익홀딩스,원익피앤이,원익큐브,원익머트리얼즈,원익QnC,원익IPS,원익,원바이오젠,원림,워트,웅진씽크빅,웅진,우진플라임,우진엔텍,우진아이엔에스,우진비앤지,우진,우주일렉트로,우정바이오,우원개발,우양에이치씨,우양,우신시스템,우수AMS,우성,우림피티에스,우리이앤엘,우리엔터프라이즈,우리손에프앤지,우리산업홀딩스,우리산업,우리바이오,우리로,우리넷,우리기술투자,우리기술,우리금융지주,우듬지팜,와토스코리아,와이투솔루션,와이지-원,와이지엔터테인먼트,와이즈버즈,와이즈넛,와이제이링크,와이엠티,와이엠텍,와이엠씨,와이엠,와이엔텍,와이어블,와이씨켐,와이씨,와이솔,와이바이오로직스,와이랩,옵티팜,옵티코어,옵티시스,옵트론텍,옵투스제약,옴니시스템,올릭스,올리패스,온타이드,온코크로스,온코닉테라퓨틱스,오하임앤컴퍼니,오픈엣지테크놀로지,오픈베이스,오픈놀,오파스넷,오토앤,오텍,오킨스전자,오이솔루션,오에스피,오스템,오스테오닉,오스코텍,오션인더블유,오성첨단소재,오상헬스케어,오상자이엘,오비고,오브젠,오리콤,오리온홀딩스,오리온,오리엔트정공,오리엔트바이오,오리엔탈정공,오름테라퓨틱,오르비텍,오로스테크놀로지,오로라,오락·문화,오락·문화,오뚜기,오디텍,오늘이엔엠,오공,오가노이드사이언스,예스티,예스24,예선테크,예림당,영흥,영화테크,영화금속,영풍제지,영풍,영진약품,영원무역홀딩스,영원무역,영우디에스피,영보화학,영림원소프트랩,엣지파운드리,엠플러스,엠투엔,엠투아이,엠케이전자,엠젠솔루션,엠오티,엠에프씨,엠에스오토텍,엠에스씨,엠앤씨솔루션,엠아이텍,엠아이큐브솔루션,엠씨넥스,엠브레인,엠로,엠디바이스,엠게임,엘티씨,엘케이켐,엘컴텍,엘오티베큠,엘엠에스,엘에스스팩1호,엘앤케이바이오,엘앤에프,엘앤씨바이오,엘디티,엔피케이,엔피,엔투텍,엔텔스,엔켐,엔케이맥스,엔케이,엔지켐생명과학,엔지스테크널러지,엔젯,엔젤로보틱스,엔젠바이오,엔에프씨,엔에이치스팩31호,엔에이치스팩30호,엔에이치스팩29호,엔에스이엔엠,엔알비,엔씨소프트,엔시트론,엔시스,엔비티,엔브이에이치코리아,엔바이오니아,엑시큐어하이트론,엑시콘,엑시온그룹,엑스플러스,엑스페릭스,엑스큐어,엑스게이트,엑셈,엑셀세라퓨틱스,엑사이엔씨,에프엔에스테크,에프엔씨엔터,에프에스티,에프앤가이드,에프알텍,에코플라스틱,에코프로에이치엔,에코프로비엠,에코프로머티,에코프로,에코캡,에코앤드림,에코아이,에코볼트,에코바이오,에코마케팅,에코글로우,에치에프알,에이피알,에이플러스에셋,에이프릴바이오,에이프로젠바이오로직스,에이프로젠,에이프로,에이팩트,에이티넘인베스트,에이텍모빌리티,에이텍,에이테크솔루션,에이텀,에이치피오,에이치케이,에이치이엠파마,에이치와이티씨,에이치엠씨제7호스팩,에이치엠씨제6호스팩,에이치엠넥스,에이치엘사이언스,에이치엔에스하이텍,에이치시티,에이치브이엠,에이직랜드,에이유브랜즈,에이엘티,에이엔피,에이에프더블류,에이에스텍,에이아이코리아,에이스토리,에이스테크,에이스침대,에이비프로바이오,에이비온,에이비엘바이오,에이블씨엔씨,에이리츠,에이루트,에이럭스,에이디테크놀로지,에이디칩스,에어부산,에어레인,에쓰씨엔지니어링,에쎈테크,에스피지,에스피시스템스,에스피소프트,에스퓨얼셀,에스폴리텍,에스티팜,에스티큐브,에스티오,에스티아이,에스트래픽,에스텍,에스코넥,에스켐,에스케이증권제9호스팩,에스케이증권제13호스팩,에스케이증권제12호스팩,에스케이증권제11호스팩,에스케이증권제10호스팩,에스지헬스케어,에스제이그룹,에스유앤피,에스원,에스와이스틸텍,에스와이,에스오에스랩,에스엠코어,에스엠씨지,에스엠벡셀,에스엠,에스엘에스바이오,에스엘,에스에프에이,에스에이티,에스에이엠티,에스에스알,에스에너지,에스앤에스텍,에스앤디,에스앤더블류,에스아이리소스,에스씨엠생명과학,에스씨디,에스비비테크,에스바이오메딕스,에스디시스템,에스디생명공학,에스디바이오센서,에스넷,에브리봇,에르코스,에넥스,에너토크,얼라인드,어보브반도체,양지사,야스,앱트뉴로사이언스,앱클론,앱코,앤씨앤,앤디포스,액트로,액토즈소프트,애드바이오텍,애니플러스,애경케미칼,애경산업,압타바이오,압타머사이언스,알피바이오,알파칩스,알파녹스,알티캐스트,알톤,알테오젠,알체라,알엔투테크놀로지,알에프텍,알에프세미,알에스오토메이션,알서포트,알비더블유,알멕,알리코제약,알루코,알로이스,안트로젠,안랩,안국약품,아티스트컴퍼니,아티스트스튜디오,아톤,아크솔루션스,아진전자부품,아진엑스텍,아진산업,아즈텍WB,아주스틸,아주IB투자,아이패밀리에스씨,아이티켐,아이티엠반도체,아이티아이즈,아이티센피엔에스,아이티센엔텍,아이티센씨티에스,아이티센글로벌,아이톡시,아이텍,아이크래프트,아이큐어,아이퀘스트,아이컴포넌트,아이진,아이지넷,아이즈비전,아이윈플러스,아이윈,아이엠티,아이엠비디엑스,아이엠,아이엘,아이에이,아이에스티이,아이에스동서,아이언디바이스,아이앤씨,아이씨티케이,아이씨에이치,아이씨디,아이쓰리시스템,아이스크림에듀,아이스크림미디어,아이센스,아이빔테크놀로지,아이비젼웍스,아이비김영,아이마켓코리아,아이로보틱스,아이디피,아이디스홀딩스,아이디스,아우토크립트,아우딘퓨쳐스,아시아종묘,아시아나항공,아시아나IDT,아시아경제,아스플로,아스트,아스테라시스,아스타,아셈스,아센디오,아세아텍,아세아제지,아세아시멘트,아세아,아비코전자,아바텍,아바코,아미코젠,아미노로직스,아모텍,아모센스,아모레퍼시픽홀딩스우,아모레퍼시픽홀딩스3우C,아모레퍼시픽홀딩스,아모레퍼시픽우,아모레퍼시픽,아모그린텍,아남전자,아난티,아나패스,아가방컴퍼니,씨피시스템,씨티케이,씨티알모빌리티,씨티씨바이오,씨큐브,씨케이솔루션,씨젠,씨이랩,씨유테크,씨유메디칼,씨엔플러스,씨엔알리서치,씨에스윈드,씨에스베어링,씨어스테크놀로지,씨앤투스,씨앤지하이테크,씨앤씨인터내셔널,씨아이테크,씨아이에스,씨씨에스,씨싸이트,씨메스,쓰리에이로직스,쓰리빌리언,쏠리드,쏘카,쏘닉스,쎌바이오텍,쎄트렉아이,쎄크,쎄니트,쎄노텍,썸에이지,써니전자,쌍방울,싸이토젠,싸이버원,싸이맥스,싸이닉솔루션,심플랫폼,심텍홀딩스,심텍,실리콘투,신흥에스이씨,신흥,신화콘텍,신화인터텍,신한지주,신한제16호스팩,신한제15호스팩,신한제14호스팩,신한제13호스팩,신한제12호스팩,신한제11호스팩,신한알파리츠,신한서부티엔디리츠,신한글로벌액티브리츠,신풍제약우,신풍제약,신풍,신테카바이오,신진에스엠,신일제약,신일전자,신원종합개발,신원,신영증권,신영와코루,신영스팩8호,신영스팩10호,신신제약,신시웨이,신스틸,신송홀딩스,신세계푸드,신세계인터내셔날,신세계 I&C,신세계,신성통상,신성이엔지,신성에스티,신성델타테크,신라젠,신라에스지,신라섬유,신도리코,신도기연,신대양제지,시프트업,시큐브,시큐레터,시지트로닉스,시지메드텍,시스웍,시선AI,시디즈,시노펙스,시너지이노베이션,시그네틱스,시공테크,승일,스피어,스페코,스틱인베스트먼트,스튜디오삼익,스튜디오산타클로스,스튜디오미르,스튜디오드래곤,스톰테크,스톤브릿지벤처스,스타플렉스,스타코링크,스타에스엠리츠,스코넥,스카이라이프,스맥,스마트레이더시스템,슈피겐코리아,슈프리마에이치큐,슈프리마,슈어소프트테크,수젠텍,수성웹툰,수산인더스트리,수산아이앤티,수산세보틱스,쇼박스,송원산업,솔트웨어,솔트룩스,솔브레인홀딩스,솔브레인,솔본,솔루엠,솔루스첨단소재2우B,솔루스첨단소재1우,솔루스첨단소재,솔디펜스,손오공,소프트캠프,소프트센우,소프트센,소룩스,소니드,소노스퀘어,셀피글로벌,셀트리온제약,셀트리온,셀비온,셀바이오휴먼텍,셀바스헬스케어,셀바스AI,셀리드,셀루메드,셀로맥스사이언스,셀레스트라,셀레믹스,센코,센서뷰,세화피앤씨,세토피아,세코닉스,세진티에스,세진중공업,세중,세종텔레콤,세종메디칼,세이브존I&C,세원정공,세원이앤씨,세원물산,세운메디칼,세우글로벌,세아홀딩스,세아특수강,세아제강지주,세아제강,세아베스틸지주,세아메카닉스,세보엠이씨,세방전지,세방우,세방,세명전기,세림B&G,세동,세니젠,세기상사,세경하이테크,성호전자,성창오토텍,성창기업지주,성일하이텍,성우하이텍,성우테크론,성우전자,성우,성안머티리얼스,성신양회우,성신양회,성문전자우,성문전자,성도이엔지,성광벤드,섬유·의류,섬유·의류,선진뷰티사이언스,선진,선익시스템,선샤인푸드,선바이오,선도전기,선광,석경에이티,서희건설,서흥,서호전기,서한,서플러스글로벌,서진오토모티브,서진시스템,서전기전,서원인텍,서원,서울평가정보,서울제약,서울전자통신,서울옥션,서울식품우,서울식품,서울보증보험,서울반도체,서울바이오시스,서울리거,서울가스,서연탑메탈,서연이화,서연,서암기계공업,서산,서부T&D,서린바이오,서남,샤페론,샘표식품,샘표,샘씨엔에스,샌즈랩,새빗켐,새론오토모티브,새로닉스,상지건설,상아프론테크,상신전자,상신이디피,상신브레이크,상상인증권,상상인제4호스팩,상상인,상보,상단 바로가기,삼화페인트,삼화콘덴서,삼화전자,삼화전기,삼화왕관,삼화네트웍스,삼호개발,삼현철강,삼현,삼표시멘트,삼천리자전거,삼천리,삼천당제약,삼진제약,삼진엘앤디,삼진,삼지전자,삼정펄프,삼일제약,삼일씨엔에스,삼일기업공사,삼일,삼익악기,삼익THK,삼원강재,삼영전자,삼영이엔씨,삼영엠텍,삼영에스앤씨,삼영무역,삼영,삼양홀딩스우,삼양홀딩스,삼양패키징,삼양통상,삼양케이씨아이,삼양엔씨켐,삼양식품,삼양사우,삼양사,삼아제약,삼아알미늄,삼성화재우,삼성화재,삼성카드,삼성출판사,삼성증권,삼성중공업,삼성제약,삼성전자우,삼성전기우,삼성전기,삼성에스디에스,삼성스팩8호,삼성생명,삼성바이오로직스,삼성물산우B,삼성물산,삼성공조,삼성SDI우,삼성SDI,삼성FN리츠,삼성E&A,삼부토건,삼보판지,삼보산업,삼보모터스,삼목에스폼,삼륭물산,삼기에너지솔루션즈,삼기,산일전기,산돌,사피엔반도체,사조오양,사조씨푸드,사조산업,사조동아원,사조대림,사이냅소프트,사람인,삐아,빛샘전자,빛과전자,빙그레,빌리언스,빅텍,빅솔론,비피도,비트컴퓨터,비트맥스,비투엔,비큐AI,비케이홀딩스,비츠로테크,비츠로시스,비츠로셀,비유테크놀러지,비올,비엠티,비엘팜텍,비엔케이제2호스팩,비에이치아이,비에이치,비아트론,비아이매트릭스,비씨월드제약,비씨엔씨,비스토스,비상교육,비비안,비비씨,비보존 제약,비덴트,비나텍,비금속,비금속,블리츠웨이엔터테인먼트,블루콤,블루엠텍,블랙야크아이앤씨,브이티,브이원텍,브이엠,브이씨,브릿지바이오테라퓨틱스,브리지텍,브레인즈컴퍼니,뷰티스킨,뷰웍스,뷰노,부스타,부산주공,부산산업,부방,부동산,부동산,부국철강,부국증권우,부국증권,부광약품,본느,보험,보해양조,보성파워텍,보로노이,보령,보락,보라티알,벽산,벨로크,벡트,베셀,베뉴지,베노티앤알,범한퓨얼셀,범양건영,버킷스튜디오,버넥트,뱅크웨어글로벌,밸로프,백산,백금T&A,배럴,방림,박셀바이오,바텍,바이젠셀,바이온,바이오플러스,바이오포트,바이오톡스텍,바이오인프라,바이오에프디엔씨,바이오스마트,바이오솔루션,바이오비쥬,바이오다인,바이오니아,바이오노트,바이브컴퍼니,바이넥스,바른손이앤에이,바른손,바디텍메드,민테크,미트박스,미투온,미코,미창석유,미원화학,미원홀딩스,미원에스씨,미원상사,미스토홀딩스,미스터블루,미래컴퍼니,미래에셋증권우,미래에셋증권2우B,미래에셋증권,미래에셋생명,미래에셋비전스팩7호,미래에셋비전스팩6호,미래에셋비전스팩5호,미래에셋비전스팩4호,미래에셋비전스팩3호,미래에셋비전스팩2호,미래에셋벤처투자,미래에셋맵스리츠,미래에셋드림스팩1호,미래에셋글로벌리츠,미래아이앤지,미래생명자원,미래산업,미래반도체,미래나노텍,미디어젠,문배철강,무학,무림페이퍼,무림SP,무림P&P,모헨즈,모티브링크,모트렉스,모토닉,모코엠시스,모아텍,모아라이프플러스,모아데이타,모비스,모비릭스,모비데이즈,모베이스전자,모베이스,모바일어플라이언스,모두투어,모델솔루션,모다이노칩,모니터랩,모나용평,모나미,모나리자,명신산업,명문제약,멕아이씨에스,메타케어,메타바이오메드,메타랩스,메카로,메지온,메이슨캐피탈,메쎄이상,메리츠금융지주,메디포스트,메디톡스,메디콕스,메디앙스,메디아나,메드팩토,메가터치,메가엠디,메가스터디교육,메가스터디,멀티캠퍼스,머큐리,맥쿼리인프라,매커스,매일홀딩스,매일유업,만호제강,마크로젠,마이크로투나노,마이크로컨텍솔,마이크로디지탈,마음AI,마스턴프리미어리츠,마니커에프앤지,마니커,마녀공장,링크제니시스,링크솔루션,링크드,링네트,린드먼아시아,리파인,리튬포어스,리메드,리드코프,리더스코스메틱,리노공업,리가켐바이오,루미르,루멘스,루닛,롯데하이마트,롯데케미칼,롯데칠성우,롯데칠성,롯데지주우,롯데지주,롯데정밀화학,롯데이노베이트,롯데웰푸드,롯데에너지머티리얼즈,롯데쇼핑,롯데손해보험,롯데리츠,롯데렌탈,롯데관광개발,로킷헬스케어,로체시스템즈,로지시스,로보티즈,로보스타,로보로보,레인보우로보틱스,레이크머티리얼즈,레이저옵텍,레이저쎌,레이언스,레이,레뷰코퍼레이션,레몬,레드캡투어,러셀,랩지노믹스,램테크놀러지,라파스,라이콤,라이온켐텍,라온피플,라온텍,라온테크,라온시큐어,라메디텍,라닉스,딥마인드,딥노이드,딜리,디티앤씨알오,디티앤씨,디티씨,디케이티,디케이앤디,디케이락,디지틀조선,디지털대성,디지캡,디지아이,디젠스,디이엔티,디와이피엔에프,디와이파워,디와이씨,디와이디,디와이덕양,디와이,디오,디엔에프,디에이피,디에이테크놀로지,디에이치엑스컴퍼니,디에스케이,디어유,디앤씨미디어,디앤디플랫폼리츠,디앤디파마텍,디알텍,디알젬,디아이티,디아이씨,디아이,디씨엠,디비금융제14호스팩,디비금융제13호스팩,디바이스,디모아,드림텍,드림인사이트,드림어스컴퍼니,드림씨아이에스,드림시큐리티,드래곤플라이,듀켐바이오,듀오백,두올,두산퓨얼셀2우B,두산퓨얼셀1우,두산퓨얼셀,두산테스나,두산우,두산에너빌리티,두산밥캣,두산로보틱스,두산2우B,두산,동화약품,동화기업,동진쎄미켐,동일제강,동일스틸럭스,동일산업,동일기연,동일금속,동일고무벨트,동인기연,동원시스템즈우,동원시스템즈,동원산업,동원금속,동원개발,동운아나텍,동우팜투테이블,동양파일,동양철관,동양이엔피,동양우,동양에스텍,동양생명,동양고속,동양2우B,동양,동아화성,동아지질,동아엘텍,동아에스티,동아쏘시오홀딩스,동신건설,동성화인텍,동성케미컬,동성제약,동서,동부건설우,동부건설,동방아그로,동방선기,동방메디컬,동방,동남합성,동국홀딩스,동국제약,동국제강,동국알앤에스,동국씨엠,동국생명과학,동국산업,동국S&C,동구바이오제약,도화엔지니어링,도이치모터스,도우인시스,덴티움,덴티스,덱스터,데이타솔루션,데이원컴퍼니,데브시스터즈,덕우전자,덕신이피씨,덕성우,덕성,덕산하이메탈,덕산테코피아,덕산네오룩스,더테크놀로지,더코디,더즌,더존비즈온,더블유에스아이,더블유씨피,더블유게임즈,더본코리아,더바이오메드,더라미,더네이쳐홀딩스,대화제약,대호특수강우,대호특수강,대호에이엘,대현,대한화섬,대한해운,대한항공우,대한항공,대한조선,대한제분,대한제당우,대한제당,대한제강,대한전선,대한유화,대한약품,대한방직,대한뉴팜,대한광통신,대한과학,대창스틸,대창솔루션,대창단조,대창,대진첨단소재,대주전자재료,대주산업,대정화금,대유에이텍,대유,대원화성,대원제약,대원전선우,대원전선,대원산업,대원미디어,대원강업,대원,대웅제약,대웅,대우건설,대영포장,대양전기공업,대양금속,대아티아이,대신증권우,대신증권2우B,대신증권,대신정보통신,대신밸류리츠,대신밸런스제19호스팩,대신밸런스제18호스팩,대신밸런스제17호스팩,대신밸런스제16호스팩,대성홀딩스,대성하이텍,대성파인텍,대성창투,대성에너지,대성산업,대성미생물,대상홀딩스우,대상홀딩스,대상우,대상,대산F&B,대봉엘에스,대보마그네틱,대모,대명에너지,대림통상,대림제지,대림바스,대륙제관,대동전자,대동스틸,대동기어,대동금속,대동,대덕전자1우,대덕전자,대덕1우,대덕,대구백화점,대교우B,대교,닷밀,달바글로벌,다이나믹디자인,다원시스,다원넥스뷰,다우데이타,다우기술,다올투자증권,다스코,다산솔루에타,다산네트웍스,다보링크,다날,뉴프렉스,뉴파워프라즈마,뉴트리,뉴키즈온,뉴인텍,뉴온,뉴엔AI,뉴보텍,뉴로핏,뉴로메카,누보,누리플렉스,누리플랜,농우바이오,농업·임업 및 어업,농심홀딩스,농심,녹십자홀딩스2우,녹십자홀딩스,녹십자웰빙,녹십자엠에스,녹십자,노을,노블엠앤비,노브랜드,노바텍,노바렉스,노머스,노루홀딩스우,골프, 스키, 스노우보드, 올림픽, 동계올림픽, 하계올림픽, 북중미, 월드컵, 노루홀딩스,노루페인트우,노루페인트,노랑풍선,넷마블,넵튠,넥써쓰,넥슨게임즈,넥스틸,넥스틴,넥스트칩,넥스트아이,넥스트바이오메디컬,넥스턴바이오,넥센타이어1우B,넥센타이어,넥센우,넥센,넥사다이내믹스,네패스아크,네패스,네이처셀,네이블,네온테크,네오펙트,네오팜,네오티스,네오크레마,네오위즈홀딩스,네오위즈,네오오토,네오셈,네오리진,내츄럴엔도텍,남화토건,남화산업,남해화학,남양유업우,남양유업,남성,남선알미우,남선알미늄,남광토건,나인테크,나이스정보통신,나이스디앤비,나이벡,나우로보틱스,나우IB,나무기술,나무가,나래나노텍,나라엠앤디,나라셀라,나노팀,나노캠텍,나노엔텍,나노씨엠에스,나노실리칸첨단소재,나노신소재,나노,꿈비,깨끗한나라우,깨끗한나라,까뮤이앤씨,기타제조,기타금융,기업은행,기아,기신정기,기산텔레콤,기계·장비,기계·장비,기가비스,기가레인,금화피에스시,카나프테라퓨틱스, 금호타이어,금호전기,금호에이치티,금호석유화학우,금호석유화학,금호건설우,금호건설,금융,금융,금양그린파워,금양,금속,금속,금비,금강철강,금강공업우,금강공업,글로본,글로벌텍스프리,극동유화,그린플러스,그린케미칼,그린생명과학,그린리소스,그리티,그리드위즈,그래디언트,국제약품,국전약품,국일제지,국일신동,국영지앤엠,국순당,국보디자인,국보,국도화학,구영테크,교촌에프앤비,교보증권,교보17호스팩,교보16호스팩,교보15호스팩,교보14호스팩,광진실업,광주신세계,광전자,광무,광명전기,광림,광동제약,공구우먼,골프존홀딩스,골프존,골드앤에스,고영,고바이오랩,고려제약,고려제강,고려아연,고려신용정보,고려산업,계양전기우,계양전기,계룡건설,경창산업,경인전자,경인양행,경보제약,경방,경동제약,경동인베스트,경동도시가스,경동나비엔,경농,경남제약,경남스틸,건설,건설,갤럭시아에스엠,갤럭시아머니트리,강원에너지,강원랜드,강스템바이오텍,강동씨앤엘,강남제비스코,감성코퍼레이션,가온칩스,가온전선,가온그룹,가비아,YW,YTN,YG PLUS,YBM넷,WISCOM,TYM,TS트릴리온,TS인베스트먼트,TPC,TP,TKG휴켐스,TJ미디어,THE E&M,THE CUBE&,TCC스틸,TBH글로벌,SV인베스트먼트,SUN&L,STX엔진,STX그린로지스,STX,SPC삼립,SOOP,S-Oil우,S-Oil,SNT홀딩스,SNT에너지,SNT모티브,SNT다이내믹스,SM Life Design,SM C&C,SK하이닉스,SK텔레콤,SK케미칼우,SK케미칼,SK증권우,SK증권,SK이터닉스,SK이노베이션우,SK이노베이션,SK우,SK오션플랜트,SK아이이테크놀로지,SK스퀘어,SK바이오팜,SK바이오사이언스,SK리츠,SK디앤디,SK디스커버리우,SK디스커버리,SK네트웍스,SK가스,SKC,SKAI,SK,SJM홀딩스,SJM,SJG세종,SIMPAC,SH에너지화학,SHD,SG세계물산,SG글로벌,SGC에너지,SGC E&C,SGA솔루션즈,SGA,SG&G,SG,SFA반도체,SDN,SCL사이언스,SB성보,SBS,SBI인베스트먼트,SAMG엔터,S&K폴리텍,RF시스템즈,RF머트리얼즈,RFHIC,PS일렉트로닉스,POSCO홀딩스,PN풍년,PKC,PI첨단소재,OCI홀딩스,OCI,NPX,NPC우,NPC,NI스틸,NICE평가정보,NICE인프라,NICE,NH프라임리츠,NH투자증권우,NH투자증권,NH올원리츠,NHN벅스,NHN KCP,NHN,NE능률,NEW,NAVER,MH에탄올,MDS테크,M83,LX홀딩스1우,LX홀딩스,LX하우시스우,LX하우시스,LX인터내셔널,LX세미콘,LS티라유텍,LS증권,LS에코에너지,LS머트리얼즈,LS마린솔루션,LS네트웍스,LS ELECTRIC,LS,LK삼양,LIG넥스원,LG화학우,LG화학,LG헬로비전,LG전자우,LG전자,LG이노텍,LG유플러스,LG우,LG에너지솔루션,LG씨엔에스,LG생활건강우,LG생활건강,LG디스플레이,LG,LF,LB인베스트먼트,LB세미콘,KZ정밀,KX하이텍,KX,KT지니뮤직,KT밀리의서재,KT나스미디어,KTis,KTcs,KT&G,KT,KS인더스트리,KSS해운,KR모터스,KPX홀딩스,KPX케미칼,KNN,KISCO홀딩스,KH바텍,KH 필룩스,KH미래물산,KH건설,KG케미칼,KG이니시스,KG에코솔루션,KG스틸,KG모빌리티,KG모빌리언스,KEC,KD,KC코트렐,KC그린홀딩스,KCTC,KCC글라스,KCC건설,KCC,KB제32호스팩,KB제31호스팩,KB제30호스팩,KB제29호스팩,KB제27호스팩,KB제25호스팩,KB오토시스,KB스타리츠,KB발해인프라,KB금융,KBI메탈,KBG,JYP Ent.,JW홀딩스,JW중외제약우,JW중외제약2우B,JW중외제약,JW신약,JW생명과학,JB금융지주,IT 서비스,IT 서비스,ISC,INVENI,iM금융지주,iMBC,IHQ,IBKS제24호스팩,IBKS제23호스팩,IBKS제22호스팩,IBKS제21호스팩,HS효성첨단소재,HS효성,HS화성,HS애드,HRS,HPSP,HMM,HL홀딩스,HL만도,HLB펩,HLB파나진,HLB테라퓨틱스,HLB제약,HLB제넥스,HLB이노베이션,HLB생명과학,HLB바이오스텝,HLB글로벌,HLB,HL D&I,HK이노엔,HJ중공업,HD현대중공업,HD현대일렉트릭,HD현대인프라코어,HD현대에너지솔루션,HD현대미포,HD현대마린엔진,HD현대마린솔루션,HD현대건설기계,HD현대,HD한국조선해양,HDC현대산업개발,HDC현대EP,HDC랩스,HDC,HC홈센타,HC보광산업,HB테크놀러지,HB인베스트먼트,HB솔루션,GS피앤엘,GS우,GS리테일,GS글로벌,GS건설,GST,GS,GKL,GH신소재,FSN,F&F홀딩스,F&F,ES큐브,ESR켄달스퀘어리츠,EG,EDGC,E8,E1,DYP,DXVX,DS단석,DSR제강,DSR,DSC인베스트먼트,DRB동일,DN오토모티브,DMS,DL이앤씨우,DL이앤씨2우(전환),DL이앤씨,DL우,DL,DKME,DI동일,DH오토웨어,DH오토리드,DH오토넥스,DGP,DGI,DB하이텍,DB증권,DB손해보험,DB금융스팩12호,DB,CS홀딩스,CSA 코스믹,CS,CR홀딩스,CNT85,CMG제약,CJ프레시웨이,CJ제일제당 우,CJ제일제당,CJ우,CJ씨푸드1우,CJ씨푸드,CJ대한통운,CJ4우(전환),CJ 바이오사이언스,CJ ENM,CJ CGV,CJ,CG인바이츠,BYC우,BYC,BNK금융지주,BGF에코머티리얼즈,BGF리테일,BGF,BF랩스,AP헬스케어,AP위성,AP시스템,APS,AK홀딩스,AJ네트웍스,3S, 애플, 마이크로소프트, 보잉, 맥도날드, 디즈니, 인텔, 월마트, JP모건 체이스, 엔비디아, 애플, 마이크로소프트, 아마존, 메타, 알파벳, 테슬라, 브로드컴, 코스모로보틱스, 바오터우강철, 중국조선공업, 중국전력건설, 지화그룹, 지시미디어, ASML, 루이비통, 알리안츠, 지멘스, 에어버스, 산오피, 토탈에너지, SAP, BMW, 도요타, 소니, 파나소닉, 소프트뱅크, 엑세스바이오, 키엔스, HSBC, 텐센트, AIA, 알리바바, 샤오미, 홍콩증권거래소, 중국건설은행, 페트로차이나, 구글, 에스투더블유, 가산금리,경기동향지수,경상수지,고용률,고정금리,고통지수,골디락스경제,공공제,공급탄력성,공매도,국가신용등급,국채,금본위제,금산분리,기업공개,기준금리,기축통화,기회비용,낙수효과,단기금융시장,대외의존도,대체재,더블딥,디커플링,디플레이션,레버리지 효과,만기수익률,마이크로 크레디트,매몰비용,명목금리,무디스,물가지수,뮤추얼펀드,뱅크런,배블런효과,변동금리,보호무역주의,본원통화,부가가치,부채담보부증권(CDO),부채비율,분수효과,빅맥지수,상장지수펀드(ETF),서킷브레이커,선물거래,소득주도성장,수요탄력성,스왑,스톡옵션,시뇨리지,신용경색,신주인수권부사채(BW),실질임금,애그플레이션,양도성예금증서,양적완화정책,어음관리계좌(CMA),연방준비제도(FRS)/연방준비은행(FRB),엥겔의 법칙,역모기지론,예대율,옵션,외환보유액,워크아웃,원금리스크,유동성,이중통화채,자기자본비율,자발적실업,장단기금리차,장외시장,전환사채,정크본드,제로금리정책,주가수익률(PER),주가지수,조세부담률,주당순이익(EPS),중앙은행,증거금,지주회사,추심,치킨게임,카르텔,콜옵션,통화스왑,투자은행,특수목적기구(SPV),파생금융상품,평가절하,표면금리,한계비용,헤지펀드,환율조작국,M&A, 명인제약, 노타, 큐리오시스, 비스포크, 오브제컬렉션, 삼성스팩11호, 케이비제33호스팩, 오아, 이노테크, 세나테크놀로지, 그린광학, 아크릴, 이지스, 비츠로넥스텍, 더핑크퐁컴퍼니, 플랜엠, 나라스페이스테크놀로지, 에임드바이오, 씨엠티엑스, 아로마티카, 알지노믹스, 쿼드메디슨, 이지스, 페스카로, 세미파이브, 티엠씨, 테라뷰홀딩스, 비엔케이제3호스팩, 신영해피투모로우제11호스팩, 미래에셋비전스팩8호, ACRYL, 리브스메드, 삼익제약, 메리츠제1호스팩, 컬러레이, 삼진식품, 키움히어로제1호스팩, 교보19호스팩, 하나36호스팩, 유진스팩12호, 삼성스팩13호, 덕양에너젠, 카나프테라퓨틱스, 액스비스, 케이뱅크, 에스팀, 리센스메디컬, 엔에이치스팩33호, 아이엠바이오로직스,  재테크 부동산투자 주식 ETF 연금 퇴직준비 가상자산 비트코인 이더리움 금투자 달러자산 인플레이션 금리 경제위기 부채관리 가계부 파이어족 세금절세 부업 창업 커리어전환 리더십 경영전략 MBA 네트워킹 자기계발 평생학습 외국어학습 AI활용 디지털전환 원격근무 하이브리드워크 직장스트레스 워라밸 멘토링, 인스타크램, 스레드, 페이스북, 메타, X, 트위터, 디시인사이드, 쿠팡, 에펨코리아, 루리웹, 뽐뿌,  이직 프리랜서 슬래시잡 직무교육 자격증 커리어코칭 건강관리 헬스케어 영양제 다이어트 홈트 러닝 필라테스 요가 명상 마인드풀니스 수면관리 정신건강 웰니스 중년건강 갱년기관리 심혈관질환 당뇨예방 헬스장 PT 건강검진 육아 자녀교육 사교육 코딩교육 AI교육 글로벌유학 진로상담 청소년멘토링 부모역할 맞벌이 가족여행 자녀심리 디지털중독 스마트러닝 학교개혁 교육비 자녀진로 가정교육 부모커뮤니티 자녀돌봄 여행 해외여행 럭셔리여행 골프여행 캠핑 차박 글램핑 리조트 크루즈 문화유산탐방 미식여행 와인투어 스포츠관람 올림픽 월드컵 지역축제 힐링여행 혼행 가족여행 비즈니스여행 자동차 전기차 하이브리드카 SUV 자율주행 테슬라 BMW 벤츠 자동차리뷰 중고차 자동차보험 카셰어링 모빌리티 교통혁신 친환경차 충전인프라 자동차정비 드라이브 자동차동호회 자동차튜닝 문화생활 영화 드라마 넷플릭스 디즈니플러스 콘서트 뮤지컬 연극 오페라 클래식 재즈 힙합 K팝 인디밴드 페스티벌 미술관 박물관 전시회 독서 북클럽 사회참여 정치관심 투표 환경운동 기후위기 ESG 사회적기업 기부 봉사활동 난민지원 젠더평등 LGBTQ권리 인권운동 노동권 청년지원 중년커뮤니티 시민단체 글로벌시민 사회연대 공정무역 옴니보어소비 아보하 소확행 미니멀리즘 친환경소비 업사이클링패션 중고거래 구독경제 푸드테크 비건 홈카페 K뷰티 스트리트패션 스니커즈리셀 디지털굿즈 무인매장 하이퍼로컬 웰니스 슬로우라이프 뉴트로 AI자동화 생성형AI 메타버스 VR게임 블록체인 비트코인 디파이 스테이블코인 디지털자산 사이버보안 디지털아이덴티티 스마트폰혁신 웨어러블 로봇 자율주행 전기차 우주여행 스마트홈 IoT 클라우드게이밍 K팝 힙합 인디음악 틱톡챌린지 유튜브크리에이터 스트리밍드라마 웹툰 애니메이션 e스포츠 콘서트 밈문화 게임스트리밍 코스플레이 크리에이터굿즈 팬덤 글로벌영화 다국적아이돌 뮤직페스티벌 패션위크 디지털아트 기후위기 ESG 젠더다양성 LGBTQ 인권운동 사회적기업 공정무역 난민문제 정치참여 청년창업 스타트업 사회적연대 교육혁신 온라인학습 글로벌인턴십 자원봉사 정신건강 워라밸 디지털민주주의 글로벌시민의식 여행브이로그 혼행 백패킹 캠핑 서핑 요가 러닝 헬스 클라이밍 축구 DIY 사진영상 보드게임 독서 원예 반려동물 고양이 강아지 글로벌음식 커피문화 건강관리, 운동, 요가, 필라테스, 수영, 골프, 걷기, 등산, 예방의학, 건강검진, 암검진, 심장검진, 혈관검진, 영양제, 단백질, 오메가3, 비타민D, 채식, 통곡물, 저염식, 당뇨관리, 혈압관리, 관절관리, 치과관리, 안과검진, 수면관리, 명상, 스트레스관리, 정신건강, 치매예방, 뇌건강, 은퇴설계, 연금, 기초연금, 노령연금, 재테크, 주식투자, 부동산, 채권, ETF, 펀드, 보험, 절세, 상속, 유언장, 금융문해력, 디지털금융, 모바일뱅킹, 간편결제, 인공지능, 챗봇, ChatGPT, 스마트폰, 태블릿, SNS, 유튜브, 온라인쇼핑, 전자상거래, OTT, 넷플릭스, 디즈니플러스, 건강검진, 음악감상, 콘서트, 영화관람, 미술관, 박물관, 독서, 자기계발, 평생교육, 온라인강의, 외국어학습, 당근거래, 당근판매, 여행, 해외여행, 국내여행, 크루즈, 캠핑, 글램핑, 문화유산탐방, 기후변화, 환경보호, 재활용, 친환경소비, 사회참여, 봉사활동, 지역사회, 정치참여, 투표, 국제뉴스, 경제뉴스, 가족관계, 손주돌봄, 자녀지원, 반려동물, 애완견, 애완묘, 원예, 텃밭, 꽃가꾸기, 요리, 베이킹, 와인, 커피, 차문화, 패션, 뷰티, 피부관리, 헤어관리, 노후주거, 요양원, 실버타운, 커뮤니티센터, 동호회, 친구모임 건강관리, 만성질환, 당뇨관리, 혈압관리, 심장질환, 관절염, 치매예방, 뇌건강, 노안, 청력관리, 치과관리, 수면관리, 영양제, 단백질, 칼슘, 비타민D, 오메가3, 저염식, 저당식, 채식, 물리치료, 재활치료, 간병, 요양원, 실버타운, 방문간호, 돌봄서비스, 노인복지, 연금, 기초연금, 노령연금, 생활비, 절약, 상속, 유언장, 금융안전, 사기예방, 디지털금융, 모바일뱅킹, 간편결제, 스마트폰, 태블릿, 유튜브, OTT, 온라인쇼핑, 전자상거래, 뉴스시청, 국제뉴스, 지역뉴스, 정치참여, 투표, 사회참여, 봉사활동, 종교, 교회, 성당, 절, 명상, 기도, 영성, 친구모임, 동호회, 커뮤니티센터, 가족관계, 손주돌봄, 자녀지원, 가족모임, 반려동물, 애완견, 애완묘, 원예, 텃밭, 꽃가꾸기, 요리, 전통음식, 베이킹, 차문화, 커피, 음악감상, 클래식, 전통음악, 콘서트, 영화관람, 드라마시청, 독서, 신문, 잡지, 자기계발, 평생교육, 온라인강의, 여행, 국내여행, 해외여행, 크루즈, 문화유산탐방, 캠핑, 안전, 교통안전, 범죄예방, 기후변화, 환경보호, 재활용, 친환경소비, 의료보험, 장기요양보험, 주거안전, 주택관리, 실버산업, 노후주거, 사회적연대, 다이어리, 플래너, 다꾸, 정수기, 오픈헬스케어, 미국시장, 원격의료서비스, 비대면진료서비스, 원격의료규제, 보일러, 보일러고장, 보일러수리, 전기장판, 동파, 수도동파, 엔비알모션, 아틀라스, 로봇, 로보틱스, 인벤테라, 한패스, 신한제17호스팩, 엔에이치스팩33호, 채비, 신한제18호스팩
​
​",https://blog.naver.com/joosiksin/224266289863,~Value Up~,20260427,2026-04-27 15:34:44
에이스(휴,[평택 &gt; 당진 투싼 신차 자동차탁송 카캐리어 평택자동차탁송... ,에이스전국탁송은 오늘도 고객님의 소중한 자산=자동차를 원하시는곳으로 안전하게 탁송해 드립니다.... 휴~~ 평택 &gt; 당진 투싼 자동차탁송 카캐리어 평택자동차탁송 당진자동차탁송 전문 드디어 고객님에게... ,"안녕하세요 ~ 3월의 꽃샘추위가 끝나고
곳곳에 벗꽃축제 소식이 들리네요
오늘도....
고객님들 차 한잔의 여유가
오늘도 있었으면 좋겠습니다.
에이스전국탁송은
오늘도 고객님의 소중한 자산=자동차를
원하시는곳으로 안전하게 탁송해 드립니다.
ACE 경력의 전문기사분들이
고객님이 걱정하지 않게 안전하게 탁송해드립니다.
자동차보험 + 적재물보험 가입완료
​
이럴때 에이스전국탁송으로 전화주세요^^
​
▪차량을 집,회사 원하는 장소로 보내야 할때
▪사고후 정비센터로 차량을 입·출고 할때
▪공·경매로 구입하신 차량을 받고자 할때
▪신속하게 차량을 이동시켜야 할때
▪차량구입후 원하는 곳으로 차량만 이동을 원할때
​
예약접수도 환영합니다^^
Previous image
Next image
평택 > 당진 투싼 자동차탁송 카캐리어 평택자동차탁송 당진자동차탁송 전문
​
현대차는
투싼을 ‘미국 남서부 애리조나주의 도시 투손(Tucson)’에서
이름을 따왔다고 밝히고 있습니다.
이 이름은 ‘드넓게 펼쳐진 광야와 협곡,
그 사이를 달리는 역동적인 성능과 디자인,
다이나믹한 주행감’ 같은 이미지를
담으려는 취지로 설명됩니다.<출처:네이버>
Previous image
Next image
평택 > 당진 투싼 자동차탁송 카캐리어 평택자동차탁송 당진자동차탁송 전문
​
sub 사진촬영후 상차 준비를 하도록하겠습니다.
그리고,
융타올을 항상 준비하여
손자국 남지 않게 잘 닦아 드리고
자동차 손잡이 잡을때도
융타올로 잡고 사용하는 서비를
에이이전국탁송은
새심한 배려를 하고 있다니다.
​
꼼꼼하게 사진 촬영후 고객님이 계신곳으로
이동하기 위해 상차준비를 하겠습니다.
살짝 눈이 내리다 마네요~ 다행입니다. 휴~~
평택 > 당진 투싼 자동차탁송 카캐리어 평택자동차탁송 당진자동차탁송 전문
​
드디어
고객님에게
도착하였습니다.
고객님들도 고단한 하루 끝까지 마무리
잘하시고 오늘하루도 수고많으셨습니다.
Previous image
Next image
평택 > 당진 투싼 자동차탁송 카캐리어 평택자동차탁송 당진자동차탁송 전문
​
고객님께 전달하기 위해 안전한 곳에
주차해드렸습니다.
앞으로도 행운이 가득하길 응원합니다.
​
이럴때 에이스전국탁송으로 전화주세요^^
​
▪차량을 집,회사 원하는 장소로 보내야 할때
▪사고후 정비센터로 차량을 입·출고 할때
▪공·경매로 구입하신 차량을 받고자 할때
▪신속하게 차량을 이동시켜야 할때
▪차량구입후 원하는 곳으로 차량만 이동을 원할때
​
예약접수도 환영합니다^^
​
믿음이 싸이며 높아질 신뢰를
안전한 수송으로 보답해드리겠습니다.
평택 > 당진 투싼 탁송 완료.
​",https://blog.naver.com/ace_tacksong/224223760379,에이스전국자동차탁송 ☎ 010-4040-8755 <대리운전NO>,20260427,2026-04-27 15:34:46
에이스(휴,2026.04.27 부산광역시 주간실거래가 및 신고가 현황 - 단지... ,3억 선경에이스 3.3억 정관신도시계룡리슈빌 3.28억 더래디언트금정산 3.28억 더래디언트금정산 3.27억 LH뜨란채아파트 3.25억 구서동롯데캐슬골드2단지(1049) 3.25억 동래동일스위트 3.22억... ,"부산광역시   - 주간 실거래가
​
부산광역시   주간 아파트 매매 실거래가
-주간 아파트매매 실거래가 바로보기
-주간 아파트매매 거래량 먼저보기
​
-부산광역시 시군구별(아파트매매)
부산진구
(
86
건
)
해운대구
(
85
건
)
동래구
(
75
건
)
북구
(
74
건
)
연제구
(
73
건
)
사하구
(
59
건
)
남구
(
55
건
)
수영구
(
39
건
)
기장군
(
34
건
)
사상구
(
30
건
)
강서구
(
29
건
)
금정구
(
25
건
)
서구
(
24
건
)
동구
(
19
건
)
영도구
(
9
건
)
중구
(
4
건
)
​
부산광역시   주간 분양권 실거래가
써밋리미티드남천 43.5억 르엘리버파크센텀 23억 베뉴브해운대 18억 드파인광안 12.5억 대연디아이엘 9.2억 양정롯데캐슬프론티엘 8.8억 동래사적공원대광로제비앙 8.2억 쌍용더플래티넘서면 7.2억 시청역해모로센티아 6.6억 가야역롯데캐슬스카이엘 6.1억 두산위브더제니스오션시티 5.9억 더샵리오몬트 5.9억 롯데캐슬인피니엘 5.7억 부산에코델타시티디에트르더퍼스트(28BL) 5.6억 사하경남아너스빌시그니처 5.4억 부산에코델타시티16블록중흥S-클래스 5.3억 더샵당리센트리체 5.1억 에코델타시티대성베르힐17BL 5.1억 에코델타더베르힐 5억 연산포레서희스타힐스 4.9억 더폴디오션 4.9억 e편한세상금정메종카운티 4.5억 e편한세상센텀하이베뉴 4.4억 부산에코델타시티디에트르그랑루체(13BL) 4.3억 등
-주간 분양권 실거래가 보기
​
​
(실거래가는 매일 오전 5:30 ~ 6시에 업데이트 되오니 빠른확인시 해당링크를 즐겨찾기 해주세요)
​
​
[2026-04-27부산광역시] 주간 실거래가 가격대별 흐름 (평형무관 거래금액기준)
​
■ 20억 ~ 30억 미만 (2건)
해운대두산위브더제니스 25.5억  대우월드마크센텀 22.94억 신고가↑
바로보기
​
■ 10억 ~ 20억 미만 (30건)
더샵센텀파크1차 16억 신고가↑  대우마리나1 15.8억  남천자이 15.2억 신고가↑  마린시티자이 15억  월드마크아시아드 14.6억  더블유 14.5억 신고가↑  더블유 13.75억  월드마크아시아드 13.4억  테넌바움294 12.9억  쌍용예가디오션 12.8억  레이카운티(2단지) 12.8억  더샵센텀파크1차 12.35억  사직롯데캐슬더클래식 12.03억  해운대자이1단지 11.65억  더비치푸르지오써밋 11.6억  광안자이 11.4억 신고가↑  광안자이 10.9억  센텀비스타동원 10.85억  동래래미안아이파크 10.6억  동래래미안아이파크 10.6억  삼익비치 10.58억  오륙도에스케이뷰 10.5억  동래래미안아이파크 10.4억  레이카운티(1단지) 10.3억  달맞이경동메르빌 10.3억  레이카운티(1단지) 10.19억  센텀비스타동원 10.13억  동래래미안아이파크 10.1억  광안자이 10.1억  쌍용예가디오션 10억
바로보기
​
■ 7억 ~ 10억 미만 (52건)
삼익비치 9.9억  더비치푸르지오써밋 9.8억 신고가↑  삼호가든맨션 9.8억  삼익비치 9.8억  래미안포레스티지1단지 9.67억  해운대동백두산위브더제니스 9.6억  테넌바움294 9.5억  명륜자이 9.3억  래미안포레스티지1단지(장전동) 9.25억  명륜2차아이파크1단지 9.25억  대연SKVIEWHills 9억  동래럭키 9억  해운대한신휴플러스 8.9억  경동 8.8억  GS하이츠자이 8.69억  광안자이 8.5억  구서동쌍용예가2단지 8.4억  롯데캐슬마린 8.3억  거제동월드메르디앙 8.3억 신고가↑  대연롯데캐슬 8.3억  거제센트럴자이 8.3억  가야롯데캐슬골드아너 8.19억  레이카운티(1단지) 8억  화명롯데캐슬카이저 8억  거제2차현대홈타운 7.97억  힐스테이트이진베이시티아파트 7.9억  거제동월드메르디앙 7.8억  래미안어반파크1단지 7.8억  대연롯데캐슬레전드1단지 7.8억  해운대한신휴플러스 7.8억  더샵파크시티 7.75억  사직역삼정그린코아더베스트2차 7.73억  래미안어반파크1단지 7.7억  더샵파크시티 7.65억  e편한세상시민공원1단지 7.6억  거제2차현대홈타운 7.6억  연산롯데캐슬골드포레 7.59억  래미안장전 7.55억  화명롯데캐슬카이저 7.53억  e편한세상시민공원1단지 7.5억  사직쌍용예가 7.45억  래미안포레스티지2단지 7.4억 신고가↑  레이카운티(3단지) 7.35억  레이카운티(3단지) 7.35억  레이카운티(3단지) 7.32억  대연롯데캐슬레전드1단지 7.2억  거제동월드메르디앙 7.18억  더샵명지퍼스트월드3단지 7.15억  거제1차현대홈타운 7.1억  e편한세상오션테라스2단지 7.07억  동남하이츠맨션 7억 신고가↑  두산위브더제니스하버시티 7억
바로보기
​
■ 5억 ~ 7억 미만 (135건)
두산위브더제니스하버시티 6.95억 신고가↑  엘크루블루오션 6.95억  힐스테이트대연센트럴 6.9억  해운대중동두산위브 6.9억  사직역삼정그린코아더베스트2차 6.8억  사직역삼정그린코아더베스트2차 6.74억  명륜2차아이파크1단지 6.7억  e편한세상시민공원1단지 6.7억 신고가↑  구서동쌍용예가2단지 6.65억  사상중흥에스-클래스그랜드센트럴 6.65억  대신푸르지오1차 6.6억  시청역비스타동원 6.6억  명륜2차아이파크1단지 6.6억  화명푸르지오헤리센트 6.58억  코오롱하늘채2차 6.54억  래미안어반파크1단지 6.5억  화명롯데캐슬카이저 6.5억  e편한세상시민공원1단지 6.5억  코오롱 6.45억  연산더샵 6.44억  해운대SKVIEW 6.4억  화명푸르지오헤리센트 6.37억  힐스테이트사하역 6.35억  명륜2차아이파크1단지 6.35억  양정포레힐즈스위첸1단지 6.34억 신고가↑  개금역금강펜테리움더스퀘어아파트 6.33억  e편한세상화명힐스 6.3억  롯데낙천대 6.3억  힐스테이트연산 6.3억  거제1차현대홈타운 6.3억  대연양우내안애퍼스트 6.22억  더샵센텀누리 6.2억  대동타운 6.2억  래미안어반파크1단지 6.18억  센텀이편한세상 6.15억  포레나동래 6.15억  대림쌍용강변타운 6.12억  더샵명지퍼스트월드3단지 6.12억  연산자이 6.1억  래미안어반파크1단지 6.09억  사상중흥에스-클래스그랜드센트럴 6.08억  서면아이파크1단지 6억 신고가↑  시청역비스타동원 6억  구서동롯데캐슬골드1단지(1051) 6억  더샵명지퍼스트월드2단지 6억  센텀이편한세상 5.99억  사직쌍용예가 5.99억  대신해모로센트럴아파트 5.95억  건영2 5.95억  일동미라주리버 5.9억  대연푸르지오클라센트1단지 5.9억  e편한세상화명힐스 5.9억  시청역비스타동원 5.9억  센텀경동리인 5.9억  신성 5.88억  동래3차SKVIEW 5.85억  거제2차현대홈타운 5.85억  사하역비스타동원 5.85억  e편한세상부산항 5.85억  엘지메트로시티1 5.84억  일광신도시비스타동원2차 5.82억  센텀비치푸르지오 5.8억  협성휴포레부산진역오션뷰 5.8억  대연롯데캐슬레전드1단지 5.8억  힐스테이트사하역 5.8억  서면아이파크1단지 5.8억  오륙도에스케이뷰 5.8억  일동미라주리버 5.78억  문현경동리인아파트 5.75억 신고가↑  아시아선수촌아파트 5.75억  수영강동원로얄듀크 5.75억  센텀센시빌 5.75억  e편한세상연산더퍼스트 5.73억  e편한세상동래명장1단지 5.72억  대동타운 5.7억  연제SKVIEWCentral 5.7억  삼한골든뷰에듀스테이션 5.7억  e편한세상연산더퍼스트 5.68억  주례롯데캐슬골드스마트 5.67억  e편한세상동래명장1단지 5.67억  이진젠시티개금 5.65억  개금역금강펜테리움더스퀘어아파트 5.65억  힐스테이트사하역 5.65억  명륜동SK-VIEW 5.6억  사직쌍용예가 5.6억  센트럴스타힐스 5.6억  사직KCC스위첸1단지 5.6억  사직쌍용예가 5.57억  안락경동리인 5.55억  부산서면동문굿모닝힐 5.5억  거제2차현대홈타운 5.5억  센텀리버SKVIEW 5.5억  e편한세상부산항 5.48억  가야센트레빌 5.45억  롯데낙천대 5.44억  일동미라주리버 5.43억  더샵명지퍼스트월드2단지 5.4억  개금롯데캐슬 5.4억  동래3차SKVIEW 5.4억  한일유앤아이 5.4억  센텀삼환Nauville 5.33억  사직2차쌍용예가 5.3억  쌍용 5.3억  용호동일신님(林)Ⅱ 5.3억  e편한세상동래명장1단지 5.26억  오륙도에스케이뷰 5.23억  센텀천일스카이원 5.23억  동래삼정그린코아포레스트 5.22억  e편한세상송도더퍼스트비치 5.2억  대연파크푸르지오 5.2억  금정산쌍용예가 5.2억  엘지메트로시티1 5.2억  개금롯데캐슬 5.2억  두산위브더제니스센트럴사하 5.2억  엘지메트로시티4-2(230~238) 5.15억  힐스테이트연산 5.15억  오륙도에스케이뷰 5.15억  동래삼정그린코아포레스트 5.15억  수영강동원로얄듀크 5.09억  동대신역비스타동원아파트 5.09억  포레나부산덕천1차 5.09억  벽산1 5.09억  래미안포레스티지2단지 5.09억  토성동경동리인타워 5.09억  코오롱하늘채2차 5.09억  e편한세상서면더센트럴 5.09억 신고가↑  영도센트럴에일린의뜰 5.07억  메가센텀한화꿈에그린 5.05억  일동미라주리버 5억  거제1차현대홈타운 5억  센텀동부센트레빌 5억  e편한세상일광 5억  화명2차현대 5억  연지자이2차 5억  거제1차현대홈타운 5억
바로보기
​
■ 3억 ~ 5억 미만 (205건)
협성휴포레부산진역오션뷰 4.99억  사상중흥에스-클래스그랜드센트럴 4.97억  우성골든빌 4.96억  광안KCC스위첸하버뷰 4.95억  벽산2 4.95억  괴정한신더휴 4.95억  더샵센텀누리 4.9억 신고가↑  연지자이2차 4.9억  센텀피오레1차 4.9억  에일린의뜰 4.9억  e편한세상동래아시아드 4.84억 신고가↑  괴정협성휴포레아파트 4.8억  시청역삼정그린코아포레스트 4.8억 신고가↑  브라운스톤연제2단지 4.8억  연지자이2차 4.8억  사상중흥에스-클래스그랜드센트럴 4.78억  대신푸르지오2차 4.75억  센텀비치푸르지오 4.75억  포레나부산초읍 4.73억  롯데캐슬 4.7억  부산항일동미라주더오션(1지구) 4.7억  e편한세상동래명장2단지 4.7억  명륜한신 4.7억  협성휴포레시티즌파크 4.69억  현대 4.67억  일광한신더휴센트럴포레1단지 4.65억  에스케이뷰 4.65억  협성휴포레부산진역오션뷰 4.63억  부산항일동미라주더오션(1지구) 4.59억  삼환나우빌 4.59억  일광한신더휴센트럴포레2단지 4.59억  문현경동리인아파트 4.59억  거제동2차월드메르디앙 4.59억  안락뜨란채2단지 4.59억  가락타운2 4.59억  부산항일동미라주더오션(1지구) 4.58억  해운대동일 4.58억  아시아선수촌아파트 4.58억  일광한신더휴센트럴포레2단지 4.55억  e편한세상시민공원2단지 4.5억  대림타운 4.5억  센텀협성르네상스타운 4.5억  화명2차현대 4.5억  극동스타클래스 4.49억  동원로얄듀크 4.45억  동래3차SKVIEW 4.42억  서면비스타동원 4.4억  롯데캐슬라센트 4.4억  토성동경동리인타워 4.4억  대연파크푸르지오 4.4억  동원로얄듀크 4.4억  괴정한신더휴 4.38억  이편한세상금정산 4.37억  이진캐스빌 4.34억  이안동래센트럴시티 4.34억  두산위브센티움 4.34억  센텀롯데캐슬아파트 4.34억  사직쌍용예가 4.34억  장전동금정산SKVIEW 4.33억  현대2차 4.3억  신화명리버뷰자이 4.3억  한사랑 4.3억  구서쌍용스윗닷홈 4.3억  센텀롯데캐슬아파트 4.28억  구포동원로얄듀크비스타 4.28억  명륜동SK-VIEW 4.26억  협진태양 4.26억  동부산관광단지삼정그린코아더베스트 4.25억  레이카운티(5단지) 4.25억  롯데캐슬애브뉴 4.24억 신고가↑  브라운스톤하이포레 4.24억  부산센텀푸르지오 4.2억  벽산이-메타폴리스 4.2억  일광한신더휴센트럴포레1단지 4.2억  다대동롯데캐슬몰운대 4.15억  유림아시아드 4.15억  명지대방노블랜드오션뷰1차 4.09억  정관신도시한진해모로 4.09억  오륙도에스케이뷰 4.09억  서면비스타동원 4.09억  롯데3차 4.09억  부산센텀푸르지오 4.07억  벽산2 4억  반도보라빌 4억  대신더샵 4억  현대 4억  대신더샵 3.98억  다대동롯데캐슬몰운대 3.98억  다대동롯데캐슬몰운대 3.98억  문현경동리인아파트 3.95억  서면3차봄여름가을겨울 3.95억  이편한세상2차 3.9억  대우그린1 3.9억  초읍월드메르디앙에듀포레 3.85억 신고가↑  아시아선수촌아파트 3.85억  명지더웨스턴 3.85억  대성베른시티1동 3.85억 신고가↑  센텀리슈빌2단지 3.85억  안락SKVIEW 3.84억  대림쌍용강변타운 3.84억  동원로얄듀크 3.83억  송도서린엘마르 3.83억  명지2차금강펜테리움센트럴파크 3.8억  율리역벽산블루밍1단지 3.8억  구포동원로얄듀크비스타 3.8억  라움팰리스타워 3.8억  두산위브센티움 3.8억  동원타워 3.78억  데시앙해링턴플레이스파크시티 3.78억  우성골든빌 3.78억 신고가↑  동원로얄듀크 3.78억  센트럴베이동원로얄듀크비스타 3.77억  오션파라곤아파트 3.75억  망미이진캐스빌 3.74억  수정강변타운 3.72억  부산서면동문굿모닝힐 3.7억  두산위브포세이돈2 3.68억  코오롱하늘채1차 3.68억  온천동한진스카이뷰 3.65억  리버파크반도유보라 3.65억  금정산센트럴포레 3.65억  서면2차봄여름가을겨울 3.65억  망미이진캐스빌 3.6억  대우2 3.58억  연산엘지 3.58억  연산엘지 3.55억  퀸덤1차링컨타운 3.55억  백양디이스트(1단지) 3.55억  오양장미 3.55억  대림타운 3.52억  롯데캐슬 3.51억  화목 3.5억  이진캐스빌블루1차 3.5억  (76-0) 3.5억 신고가↑  주례1차동일 3.5억  대림타운 3.5억  서면쌍용스윗닷홈파크 3.49억  이진캐스빌블루1차 3.47억  이지더원1차오션포레 3.47억  연산엘지 3.46억  동원드림타운 3.45억  연산동한솔솔파크 3.45억  안락현대 3.45억  벽산이-메타폴리스 3.45억  광남2차 3.44억  하단동에스케이뷰 3.43억  극동스타클래스 3.42억  경보이리스힐 3.4억  로얄1 3.4억  정관현진에버빌 3.4억  보람 3.4억 신고가↑  사하코오롱하늘채 3.38억  e편한세상사하 3.37억  동래동일스위트 3.35억  대양그린힐 3.35억 신고가↑  덕천삼정그린코아 3.35억  송도서린엘마르 3.35억  이지더원1차오션포레 3.35억  대동타운 3.35억  오션파라곤아파트 3.32억  동일스위트3차 3.31억  혜도인파크에비뉴연지 3.3억  센텀SKVIEW아파트 3.3억  리버파크반도유보라 3.3억 신고가↑  부산명지중흥S-클래스프라디움 3.3억  부산서면동문굿모닝힐 3.3억  반도보라비치타운 3.3억  선경에이스 3.3억  정관신도시계룡리슈빌 3.28억  더래디언트금정산 3.28억  더래디언트금정산 3.27억  LH뜨란채아파트 3.25억  구서동롯데캐슬골드2단지(1049) 3.25억  동래동일스위트 3.22억  동부산동원로얄듀크 3.22억  정관신도시계룡리슈빌 3.2억  서면2차봄여름가을겨울 3.2억  수영SKVIEW2단지 3.2억 신고가↑  서원블루오션D동 3.2억  명지협성휴포레 3.18억  대동타운 3.18억  래미안장전 3.18억  중앙하이츠더힐 3.16억  이진캐스빌 3.15억  연산엘지 3.15억  한진 3.15억  쌍용스윗닷홈 3.13억  부민e편한세상 3.1억  SKVIEW 3.1억  지영아이니드빌 3.1억 신고가↑  다대동롯데캐슬몰운대 3.1억  괴정한신더휴 3.1억  센텀롯데캐슬아파트 3.1억  다대동롯데캐슬몰운대 3.1억  경동아파트 3.08억 신고가↑  현대2차 3.08억  e편한세상사하 3.07억  서면롯데캐슬스카이 3.05억  진흥 3.01억  정관1차동원로얄듀크 3억  벽산금호 3억  명지오션시티한신휴플러스 3억  금양아이파크 3억  범일역이즈 3억  동부산동원로얄듀크 3억
바로보기
​
■ 3억 이하 (296건)
동부산동원로얄듀크 2.99억  현대1차 2.99억  화명한일유앤아이 2.97억  한일유앤아이 2.95억  명지협성휴포레 2.95억  화명현대 2.95억  동원타워 2.95억  부산명지중흥S-클래스프라디움 2.95억  어반힐즈 2.9억  엘지 2.9억  정관현진에버빌 2.9억  부산신호윌더하임 2.9억 신고가↑  우방신세계타운 2.9억  수정강변타운 2.9억  명지협성휴포레 2.9억  상록 2.9억  이진캐스빌블루1차 2.85억  현대 2.85억  태화현대1 2.85억  화명리버빌2차 2.82억  괘법한신2 2.81억  명륜소도베르크 2.8억  안락뜨란채2단지 2.8억  수안 2.8억  롯데캐슬블루오션 2.8억  안락뜨란채2단지 2.8억  양정이즈카운티 2.77억  정관센트럴파크 2.77억  명륜소도베르크 2.76억  센텀롯데캐슬아파트 2.74억  정관1차동원로얄듀크 2.74억  삼정그린코아 2.74억  정관1차동원로얄듀크 2.73억  화랑 2.73억  동래벽산 2.7억  서동다성이룸 2.7억 신고가↑  현대비치 2.7억  동래지웰 2.68억  광안예서더불어 2.67억  한신 2.64억  백양디이스트(2단지) 2.64억  삼성 2.63억  쌍용스윗닷홈 2.6억  부민e편한세상 2.6억  한아루시빌 2.6억  대림타운 2.59억  경남 2.58억  신평삼한사랑채 2.58억  금양아이파크 2.57억 신고가↑  화명푸르지오헤리센트 2.54억  쏠데까사 2.54억 신고가↑  도남하이츠 2.54억 신고가↑  대신푸르지오2차 2.54억  신평삼한사랑채 2.52억  가락타운3 2.5억  마드레빌 2.5억  벽산2 2.5억  동광하이빌(103) 2.5억 신고가↑  센텀대림 2.5억  예그린 2.5억 신고가↑  화승 2.5억  한양(5차) 2.45억  조성하이츠 2.45억  상록한신휴플러스 2.45억  향원밸리빌 2.45억  삼한힐파크 2.45억  협성그린파크 2.42억  안락현대 2.42억  벽산블루밍 2.4억  연지2청구 2.4억  마드레빌 2.4억  한진스카이뷰 2.4억 신고가↑  한우 2.4억  장림역베스티움2차 2.4억 신고가↑  구포봄여름가을겨울아파트 2.36억  동원 2.36억  대연롯데캐슬레전드1단지 2.35억  센텀SKVIEW아파트 2.35억  센텀마리나 2.35억  광이드림타워 2.31억  대우그린2 2.29억  유림아시아드타워 2.29억  명장유림노르웨이숲 2.29억  e편한세상사하 2.29억  대성타워 2.29억  LH뜨란채아파트 2.29억  e편한세상사하 2.29억  경동 2.29억  당리삼창 2.29억  롯데캐슬아인스 2.29억  한신 2.27억  센텀SKVIEW아파트 2.27억  광원 2.25억  화승 2.25억  송도동일스위트 2.25억  LH뜨란채아파트 2.25억  유림아시아드타워 2.23억  네오스포 2.23억  신동아 2.23억  우방신세계타운 2.2억  학장무학 2.2억  다대포현대 2.2억  백양산삼정그린코아 2.2억  백양산베스티움에코포레 2.2억  중앙하이츠1 2.19억  새들맨션 2.18억  우일아내트 2.18억  퀸즈더블유장전역 2.16억  어반오션시티 2.15억  부산신호윌더하임 2.15억  한신 2.15억  구서우성 2.1억  동원베네스트2차 2.1억  부산구평동한신휴플러스 2.1억  국제 2.1억  LH뜨란채아파트 2.1억  영산무지개타운 2.09억  연산역이즈 2.08억  삼한힐파크 2.06억  부산신호윌더하임 2.04억  자유1 2.04억  개금주공3단지 2억  영남빌로체 2억  주례청구 2억  삼오에펠빌리지 2억  시민공원일동미라주시티 2억  대우 1.99억  개금역스마트더블유 1.99억  현대 1.99억  삼정그린코아 1.98억  대동파크 1.98억  한양 1.96억  우남이채롬 1.95억  동아블루시아 1.95억 신고가↑  부림(408-14) 1.95억 신고가↑  남흥 1.95억  장림윌더하임 1.95억  양정클래스원 1.95억  아르미나아파트 1.93억  효성 1.91억  묘성폴라리스 1.9억  베스티움 1.9억  베스티움 1.9억  금호아트빌 1.9억  현대 1.9억  국제 1.9억  센텀우신골든빌 1.9억  구포윤창비에이치타운 1.9억  SK허브올리브 1.85억  명지화전우방아이유쉘 1.85억  현대(1051-2) 1.82억  삼익 1.8억  현대 1.8억  화신 1.8억  삼정그린코아 1.79억  오양힐타운 1.78억  삼화파크맨션 1.77억  만덕베르빌 1.76억  구서신동아 1.75억  럭키2 1.75억  개금주공2 1.75억  신익강변타운 1.74억  하나로2차 1.72억  연산지음 1.7억  이진캐스빌 1.7억  다대포현대 1.7억  동래퀸즈W 1.7억  럭키 1.7억  한울시너스아파트 1.7억  구포2차봄여름가을겨울 1.7억  삼환 1.7억  지사과학삼정그린코아 1.7억  가화만사성정관타운 1.7억  동일스위트 1.7억  궁전시티빌 1.68억  현대 1.68억  삼한그린타운1 1.67억  더샵골드6 1.65억  이지더원 1.65억  남화기수타워 1.65억  해성비발디 1.63억  동양한신 1.63억  대림타운 1.61억  비룡벨로스텔라 1.6억  협성르네상스 1.6억  마린포시즌2차 1.6억  유성해네스타워 1.58억  코오롱 1.58억  감천유림1차 1.58억  현대 1.57억  금곡화목타운 1.56억  에이스 1.55억  동일 1.53억  유림노르웨이숲 1.5억  엘지신주례1 1.5억  시티프라자 1.5억  유나베네스2차 1.5억  한진 1.5억  (503-12) 1.49억  동원로얄듀크 1.48억  롯데골드로즈 1.48억  유림노르웨이숲 1.47억  모라벽산 1.47억  오양힐타운 1.47억  우신모라 1.45억  힐탑더블시티 1.45억  태영 1.44억  협성·DS엘리시안 1.43억  동이라메르 1.42억  협성·DS엘리시안 1.41억  벽산하나로타운 1.4억  다대해송 1.39억  협진태양·조성아파트 1.38억  지사금강펜테리움 1.38억  도시화명그린(206) 1.35억  부곡늘푸른아파트 1.35억  롯데골드로즈 1.35억  부전타워 1.35억  구평화신 1.34억  협성·DS엘리시안 1.32억  어반빌리지 1.31억  신익 1.3억 신고가↑  유림(1차) 1.3억  삼경장미 1.3억  금강비치빌 1.3억  그린코아 1.3억  한신혜성 1.28억  개금주공3단지 1.25억  덕천주공1 1.25억  협성·DS엘리시안 1.25억  신도 1.24억  몰운대 1.23억  사상샬레 1.2억  시영80년 1.2억  우암자유5 1.2억  일번로얄주택 1.2억  우신모라 1.19억  남영 1.18억  감만현대1차 1.18억  삼일 1.16억  경동 1.13억  개금우드빌 1.1억  영도유림 1.1억  덕천주공1 1.1억  삼한2 1.09억  엘가 1.08억  백양뜨란채,주공아파트(1단지) 1.06억  삼성 1.05억  기비골마을 1.04억  삼한2 1.01억  에이스로얄팰리스 1억  삼안스튜디오2차 1억  금강 1억  롯데골드로즈 1억  기비골마을 1억  수피아주상복합 1억  개금우드빌(1-9) 0.97억  삼창파크타운3차 0.95억  유림주상복합 0.95억  대연동동일스위트 0.95억  함지그린 0.95억  개금우드빌 0.92억  신평럭키무지개타운 0.9억  경동메르빌아파트 0.9억  금곡5단지주공 0.9억  서면시즈빌 0.89억  유나맨션 0.88억  청산 0.87억 신고가↑  금곡8단지주공 0.85억  그린파크 0.83억  시영(6~11동) 0.8억  동삼그린힐 0.8억  동원퀸스빌 0.8억  시청역삼정그린코아포레스트 0.75억 신고가↑  국제그린 0.75억  구학마을 0.74억  구학마을 0.72억  서면쌍용플래티넘 0.71억  남성선파크 0.7억  국제마마 0.65억  조성 0.65억  당리에덴동산타운 0.65억  서면쌍용플래티넘 0.64억  한웅인터빌 0.62억  연산재건 0.61억  수성아파트(440-0) 0.6억  시영(6~11동) 0.6억  현대1차 0.6억  노블레스힐 0.55억 신고가↑  부산역유림로미오 0.55억  한웅인터빌 0.54억  삼정송림맨션 0.51억  도시타워 0.5억  시영(6~11동) 0.5억  광우파크맨션 0.47억  엄궁로얄화교아파트 0.3억
바로보기
​
​
​
​
​
​
​
#해운대두산위브더제니스
#대우월드마크센텀
#더샵센텀파크1차
#대우마리나1
#남천자이
#마린시티자이
#월드마크아시아드
#더블유
#테넌바움294
#레이카운티2단지
#쌍용예가디오션
#사직롯데캐슬더클래식
#해운대자이1단지
#더비치푸르지오써밋
#광안자이
#센텀비스타동원
#동래래미안아이파크
#삼익비치",https://blog.naver.com/houserank/224266144038,"하우스랭킹(집순위) 매일 새벽 5:30, 빠른 실거래가",20260427,2026-04-27 15:34:49
에이스(휴,서울 중랑구 사설구급차 녹색병원 폐렴 환자이송 후기,서울에이스요양병원 #더드림요양병원 #효림요양병원 #서울효사랑요양병원 #노블케어요양병원 #포레스트요양병원 #청담힐요양병원 #혈액투석 #뇌출혈 #뇌졸중 #뇌졸증 #방병원 #태능성심병원 #태릉마이크로... ,"안녕하세요.
서울 환자이송센터입니다.
​
오늘은 중랑구에서 진행된
폐렴 환자 이송 사례를 소개해드리려고 합니다.
​
서울 사설구급차, 24시간 상담 가능 !
010-8906-4099
010-8906-4099
010-8906-4099
중랑구 특수구급차 폐질환 환자이송 010-8906-4099
​
문의는 보호자분께서 직접 주셨고,
녹색병원에서 타 병원으로 안전하게
이동을 원하시는 상황이었습니다.
​
폐렴 환자의 경우 호흡기 상태가
불안정할 수 있기 때문에 단순 이동이 아닌,
산소 공급 및 지속적인 상태 확인이
중요한 이송입니다.
​
산소호흡기 , 자동인공호흡기 보유 특수구급차
번호 클릭시 24시간 전화 상담 가능 !
010-8906-4099
010-8906-4099
010-8906-4099
벤틀레이터 보유 중환자이송 응급차 010-8906-4099
저희는 상담 단계에서 환자 상태를 상세히 확인한 후, 적합한 장비와 인력을 준비해 신속하게 출동했습니다.
​
현장에 도착했을 때 환자분은
호흡이 다소 불편한 상태였으며,
산소포화도 유지가 필요한 상황이었습니다.
​
이에 따라 이송 중에는 산소 공급을
지속적으로 유지하며 활력징후를 체크했고,
혹시 모를 상황에 대비해 응급처치 장비도
준비한 상태로 이동을 진행했습니다.
​
이송 과정에서는 급격한 체위 변화나
흔들림이 환자에게 부담이 될 수 있기 때문에
최대한 안정적으로 차량을 운행하며
환자분의 컨디션을 최우선으로 고려했습니다.
​
보호자분께서 가장 걱정하셨던 부분은
“이송 중 상태 악화”였는데,
무사히 목적지까지 도착 후 안정적으로
인계까지 마무리되어 안심하셨습니다.
​
서울 응급환자 이송센터 , 신형 특수구급차 보유 !
번호를 클릭하시면 바로 전화연결 가능합니다.
010-8906-4099
010-8906-4099
010-8906-4099
녹색병원 서울의료원 응급실 환자이송지원 010-8906-4099
저희 서울 환자이송센터는
​
✔️ 폐렴, 호흡기 질환 환자 이송
✔️ 요양병원 / 재활병원 / 종합병원 간 전원
✔️ 퇴원 및 입원 이송
✔️ 24시간 상담 및 예약 가능
​
모든 과정에서 환자의 안전을
최우선으로 생각하며 진행하고 있습니다.
​
중랑구, 노원구, 도봉구, 강북구, 동대문구 등
서울 전 지역 빠른 배차 가능합니다.
​
📞 24시간 상담 및 이송 문의 가능
카카오톡
kth5556
/
전화 상담
010-8906-4099
모두 친절하게 안내드리고 있습니다.
​
환자 이송이 필요하신 경우
언제든지 편하게 문의 주세요.
안전하고 믿을 수 있는 이송으로 보답하겠습니다.
​
서울 환자이송센터 , 24시간 상담 가능 !
번호 클릭시 바로 상담직원(응급구조사) 연결 가능 !
010-8906-4099
010-8906-4099
010-8906-4099
​
​
​
​
​
​
​
​
​
​
​
​
​
​
​
​
​
​
​
​
​
​
​
​
​
​
​
​
​
​
​
​
​
​
​
​
​
​
​
​
​
​
​
​
​
​
​
​
​
​
​
​
​
​
​
​
​
#구급차
#사설구급차
#민간구급차
#앰뷸런스
#앰블런스
#응급차
#응급실
#요양병원
#서울구급차
#서울사설구급차
#장거리구급차
#신형구급차
#환자이송
#서울의료원
#북부병원
#동부병원
#조앤조병원
#오석한방병원
#서울프라임병원
#장기이식
#코디네이터
#제니스병원
#코리아병원
#연세바로척병원
#강북현대병원
#힘찬병원
#청담헤리슨송도병원
#본브릿지병원
#라본병원
#달려라병원
#혜민병원
#척병원
#빠른병원
#하늘병원
#제인병원
#러스크병원
#더드림병원
#상계백병원
#종근당산업벨포레스트
#성동필한방병원
#솔샘로
#대한적십자사
#동부혈액원
#의원
#큰나무재활의학과의원
#고려대부속안암병원
#새서울병원
#굿모닝요양병원
#대한민국요양병원
#시온요양병원
#햇살요양병원
#맑은수병원
#장애등급
#신청
#진단
#상해
#강북삼성병원
#활주로
#게이트
#김포공항
#장해급여
#요양급여
#동부제일병원
#에스메디센터
#내과의원
#국립중앙의료원
#사랑요양병원
#팔팔요양병원
#88
#을지대학교병원
#베이직병원
#노보스병원
#도봉병원
#한일병원
#새마음요양병원
#서울숭인병원
#꿈의숲요양병원
#로하스동서울요양병원
#한걸음요양병원
#나눔요양원
#라본병원
#러스크서울병원
#더조은요양병원
#더좋은요양병원
#햇살요양병원
#대한민국요양병원
#주간보호센터
#굿모닝요양병원
#선의요양병원
#참다운요양병원
#노원솔요양병원
#사랑요양병원
#성북참요양병원
#온누리요양병원
#동서요양병원
#온누리요양병원
#365매일한방병원
#성동필한방병원
#오석한방병원
#서울탑병원
#왕십리휴병원
#서울에이스요양병원
#더드림요양병원
#효림요양병원
#서울효사랑요양병원
#노블케어요양병원
#포레스트요양병원
#청담힐요양병원
#혈액투석
#뇌출혈
#뇌졸중
#뇌졸증
#방병원
#태능성심병원
#태릉마이크로
#전문의
#어깨
#인공관절
#뇌신경
#뇌척수손상
#마비
#뇌혈관
#치매
#장애
#병원동행
#서비스
#자격증
#면허증
#뇌종양
#말초신경계
#정중신경
#영양수액
#주사
#마취통증의학과
#치과
#안과
#영상의학과
#왕복
#서울시립병원
#벤틀레이터
#벤틸레이터
#자동인공호흡기
#인퓨전펌프
#팔팔병원
#88병원
#녹색병원
#북서울요양병원
#한일병원
#삼육서울병원
#동부제일병원
#특수구급차
#중증환자이송
#중환자이송
#구급차비용
#응급구조사
#1급응급구조사
#간호사
#경희의료원
#강동경희대병원
#싸이렌
#행사장구급차
#구급차대기
#행사의료지원
#콘서트구급차
#축제구급차
#응급대기
#체육행사구급차
#24시간구급차
#연중무휴구급차
#야간구급차
#영화촬영구급차
#드라마촬영구급차
#예능촬영구급차
#외래진료
#입원
#퇴원
#요양원입소
#집으로귀가
#장거리환자이송
#지역축제구급차
#의료진대기
#구급차상담
#중랑구
#노원구
#도봉구
#의료인력
#외래왕복
#이송차량
#스타리아
#스타렉스
#성우특장
#성우모터스
#깔끔한구급차
#깨끗한구급차
#사설구급차카드결제
#현금영수증
#사설구급차요금
#고관절골절
#허리골절
#허리통증
#패혈증
#기력저하
#자동차보험
#교통사고
#요양원구급차
#희귀질환
#석션
#골수이식
#ems
#129
#1339
#메디컬센터
#심혈관
#투석
#심부전
#파킨슨
#루게릭
#신부전
#부종
#암환자
#폐암
#위암
#간암
#말기
#와상환자
#사설구급차후기
#picc
#시술구급차
#장기이식
#검체
#혈액
#운송
#연고지이송
#서울대학교병원
#고대안암병원
#고려대학교병원
#재활병원
#뇌출혈
#뇌경색
#뇌졸중
#노환
#휠체어
#연하검사
#대퇴부골절
#압박골절
#디스크
#치매
#섬망
#서로이웃
#copd
#산재
#한방병원
#보험처리
#폐질환
#거동불편
#이송단
#홈벤트
#인공호흡기
#소아마비
#응급실대기
#서울대기차량
#환자침대사용
#침대대여
#차량대기
#대기료
#대기비
#사용료
#임대료
#시간당비용
#119
#최신구급차
#산소포화도
#전국구급차
#구급센터
#이송센터
#이송상담
#열성경련
#산부인과
#신생아
#인큐베이터
#고열
#경련
#발작
#청결한구급차
#소독구급차
#정형외과
#신경과
#재활의학과
#서울부산환자이송
#격리환자
#목관
#기관절개
#콧줄
#소변줄
#편마비
#구급차신청
#신내동
#망우동
#면목동
#공릉동
#체육대회
#방병원
#원자력병원
#119
#침대대여
#산소
#ekg모니터
#지방구급차
#자동제세동기
#aed
#강북구
#보험청구
#서류
#영수증
#상황실
#응급전화
#편안한구급차
#인공호흡기
#가격
#벤틸레이터
#벤틀레이터
#환자이송
#서울에서부산
#서울에서울산
#서울에서대구
#서울에서강원도
#서울에서광주
#응급실구급차
#응급이송차
#사설들것이동업체
#병원응급구조사
#성모병원입원
#성심병원입원
#폐렴입원
#대동맥혈관센터
#보훈병원
#삼성서울병원암병원
#서울대학교병원
#한양대학교병원
#맹장수술
#대인접수구급차
#휴대용산소호흡기
#산소발생기
#한일병원
#요양원구급차
#세브란스병원
#사설129
#사설구급대
#대동맥박리
#ct
#검사
#교통사고
#보험처리
#담석증
#재활홈벤트
#뇌mri
#응급환자지원
#구급차예약
#파킨슨
#콧줄
#석션
#격리실
#소아응급
#특수사설구급차
#고관절수술
#성수동
#서울프라임병원
#중곡동
#노환간병
#뇌경색
#강남세브란스병원
#휠체어이송
#이동센터
#입원병동
#129구급대
#이송구급
#간병인
#서대문구정형외과
#서울대병원사설업체
#소아패혈증
#중환자실
#산재처리
#인퓨전펌프
#골절
#간호통합
#보호자
#이송환자
#촬영장
#현금영수증발급
#엠블란스
#911구급센터
#응급중환자실
#수혈
#고대병원
#고려대학교병원
#안암병원
#심부전
#행사구급차
#경기구급차
#재활센터
#순천향서울병원
#소아응급실
#사설구급
#응급이송차량
#사설구급차로외래
#사설응급환자이송
#뇌졸중
#응급차전화번호
#사설EMS
#응급수술
#종로구129구급대위치
#환자이송911
#인천공항
#전원구급차
#21세기병원
#장거리구급차
#근로복지공단
#이송단
#산소
#외출
#심정지
#혜민병원
#홈벤트
#골절재활
#한일병원
#척추
#특수구급차대여
#어린이
#수술실
#119사설구급차
#아산병원이송
#재활입원
#복수천자
#서울에서목포
#이송비용
#주변사설구급차
#뇌성마비소아홈벤트
#구급차의료지원센터
#연하검사
#응급차전화번호
#소아마비진료
#화상
#디스크
#호스피스
#투석
#인공심박기
#중증환자이송센터구급차
#혈액운송
#응급수술
#미터기
#스타리아
#구급차침대
#충수염
#앰뷸런스
#가격
#대동맥박리
#서비스
#병원연계사설구급차
#24시간
#산재특수구급차
#대여료
#대퇴부동맥찢어짐
#한의원
#한방병원
#뇌출혈중환자
#구급차이동
#전원119
#탈구
#강북21세기병원
#치매
#cre
#요양원입소후기
#암
#연고지
#열성경련
#대동맥센터
#소아병동
#소아중환자실
#심근경색
#서울아산병원
#호흡기재활
#경희의료원
#호흡기환자
#촬영응급차
#미터요금기
#왜래
#외래지원
#건국대병원
#건대병원
#허리수술
#재활교통사고입원
#기관절개
#석션환자
#척추수술
#중랑구이송차
#전신마비
#장거리폐암환자이송
#전국환자이동
#심혈관
#급성신부전
#환자운송
#수혈
#신청
#보험청구
#장기이식이송
#섬망
#copd
#경련
#강동경희대
#국립재활원
#국립교통재활병원
#소독
#ventilator
#ktx장기
#전원신청
#민간응급차
#노환
#재활원
#야간응급센터앞
#근처구급차
#후기
#뇌검사
#뇌출혈
#일반환자
#부산대학교한방병원
#서울강동사설구급대
#지불보증
#산소포화도
#혈액원
#동대문구
#검체이송
#뇌전증
#암재활
#목동
#이대병원
#하남시
#전라도
#어지러움
#중앙병원
#신촌세브란스
#목관환자
#위생
#하지부종
#삼육서울병원
#운행일지
#한남동
#장기적출
#위탁병원
#발작
#강동성심병원
#vre
#kodalab
#구급차비용카드결제
#제주도
#구리시
#통증
#공항구급차
#전문장비
#응급차내부
#신생아
#청소년
#긴급혈액
#활주로
#미사
#사용료
#호흡기장비
#산소제공
#산소설치
#경련소아재활
#감염
#산소용량
#항공기
#휴대용산소
#산소호흡기임대
#소독제
#영상의학과
#해운대백병원
#강북삼성병원
#환자사례
#병원에서공항
#면목동
#중화동
#신내동
#상봉동
#망우동
#묵동
#상계동
#중계동
#하계동
#공릉동
#월계동
#도봉구
#창동
#쌍문동
#방학동
#성북구
#성신여대
#삼선동
#안암동
#보문동
#정릉동
#돈암동
#길음동
#월곡동
#장위동
#석관동
#광진구
#능동
#화양동
#자양동
#군자동
#광장동
#구의동
#성동구
#금호동
#옥수동
#송정동
#행당동
#왕십리도선동
#마장동
#사근동
#종로구
#창신동
#숭인동
#혜화동
#이화동
#무악동
#동대문구
#용두동
#제기동
#신설동
#이문동
#휘경동
#회기동
#청량리동
#장안동
#답십리동
#전농동
#사가정
#용마산
#강북구
#번동
#미아동
#수유동
#우이동
#강동구
#강일동
#고덕동
#길동
#둔촌동
#명일동
#상일동
#성내동
#암사동
#천호동
#용산역
#수서역
#서울역
#강남구
#청담동
#압구정동
#신사동
#논현동
#삼성동
#대치동
#역삼동
#도곡동
#일원동
#율현동
#세곡동
#개포동
#성형외과
#피부과
#picc
#송파구
#풍납동
#마천동
#방이동
#오금동
#석촌동
#삼전동
#가락동
#장지동
#문정동
#거여동
#잠실동
#신천동
#실린지펌프
#자동주사기
#주사주입기
#의료기임대
#의료장비임대
#의료장비대여
#네이버블로그
#조회수
#블로그운영
#상위노출
#뷰티
#데일리
#서울맛집
#추천
#리스트
#데이트
#카페
#김포공항
#전원
#차량내부
#후기
#들것
#장비
#장거리이송
#의료서비스
#수도권이송
#경남
#사설구급차
#환자이송
#병원이송
#응급이송
#장거리이송
#응급구조사
#안전이송
#24시간운영
#서울사설구급차
#서울환자이송
#수도권환자이송
#중랑구환자이송
#도봉구환자이송
#강북구환자이송
#강동구환자이송
#강남구환자이송
#성동구환자이송
#광진구환자이송
#동대문구환자이송
#댓글환영
#서이추
#이웃
#좋아요
#공감
#일상
#소통
#직장인일상
#일상공유
#하루기록
#근무일지
#이송일지
#사례
#하루일과
#현장
#교통약자이동
#이송서비스
#병원위탁계약
#용역
#공개입찰
#정신병원
#스트레처
#대한항공
#김포공항
#활주로
#게이트
#입국
#귀국
#제주도여행
#영수증
#사고
#view
#
map
#ambulance
#transper
#추천
#즐겨찾기
#북마크
#메인
#통합검색
#방문자
#상위노출
#파워링크
#쇼핑
#콘텐츠
#컨텐츠
#플레이스
#서울역
#용산역
#수서역
#장기적출
#키워드
#축구
#농구
#배드민턴
#배구
#야구
#테니스
#자전거
#스키
#스케이팅
#보드
#요트
#유람선
#한강
#조정
#카누
#서핑
#스쿠버다이빙
#스포츠클라이밍
#육상
#체조
#수영
#권총
#양궁
#궁도
#유도
#주짓수
#트라이애슬론
#리그오브레전드
#롤
#LOL
#배틀그라운드
#배그
#피파
#온라인
#오버워치
#스타크래프트
#서든어택
#발로란트
#도타2
#UFC
#격투기
#야차
#블랙컴뱃
#복싱
#킥복싱
#요양원
#레슬링
#무에타이
#브라질리언
#씨름
#태권도
#합기도
#가라테
#펜싱
#협약
#협력
#업무
#방송국
#엔터테인먼트
#연예인
#인플루언서
#셀럽
#게이트볼
#파크골프
#풋살
#사회인
#럭비
#아이스하키
#플로어볼
#
MMA
#마라톤
#철인3종
#협회
#걷기대회
#맨발
#산악
#등산
#레이스
#레이싱
#드래그
#롤링
#탈수
#낙상
#이벤트
#야외
#실내
#의료부스
#K
-POP
#EDM페스티벌
#불꽃놀이
#견적
#세금계산서
#압박사고
#실신
#음주
#월디페
#벚꽃축제
#문화
#전통
#워크샵
#퍼레이드
#집회
#집행
#대규모집회
#시위
#군사행사
#퍼레이드
#세계
#관광객
#인파
#계절
#울트라코리아
#월드DJ페스티벌
#펜타포트락페스티벌
#국제
#흠뻑쇼
#워터밤
#힙합플레이야
#RAPBEAT
#서울파크뮤직
#인터파크
#그린플러그드
#제안서
#롯데월드
#어린이대공원
#보건소
#권역
#의료소
#광화문
#숭례문
#마포대교
#잠실대교
#올림픽대교
#kbo
#재테크
#투자
#코인
#비트코인
#삼성전자
#서비스센터
#흥인지문
#이관
#교수님
#의사
#전공의
#전문의
#정형외과
#소화기외과
#소화기내과
#흉부외과
#심장내과
#서울의료원
#북부병원
#동부병원
#건국대학교병원
#한양대학교병원
#경희의료원
#강동경희대병원
#삼육서울병원
#서울재활병원
#국립재활원
#연세바로척병원
#서울프라임병원
#척병원
#힘찬병원
#21세기병원
#한일병원
#녹색병원
#혜민병원
#도봉병원
#서울숭인병원
#서울요양병원
#중랑요양병원
#노원요양병원
#도봉요양병원
#강북요양병원
#광진요양병원
#성동요양병원
#동대문요양병원
#강동요양병원
#심혈관센터
#내과
#신경과
#순환기내과
#내분비내과
#대장내과
#위장관내과
#뇌혈관내과
#신경외과
#호흡기내과
#비뇨기과
#신장내과
#내시경
#영상의학과
#스포츠의학과
#피부과
#서로이웃추가
#위탁계약
#협력업체
#용역
#구급차예약
#구급차문의
#구급차상담가능
#카톡상담
#카카오톡상담
#전화상담
#즉시배차
#빠른배차
#당일이송
#실시간이송
#대기없는이송
#안전이송서비스
#프리미엄구급차
#VIP환자이송
#중증환자전문
#의료진동행
#간호사동행이송
#응급구조사동행
#산소치료이송
#집앞까지이송
#병실까지이송
#침대이동서비스
#계단이송가능
#고층이송
#엘리베이터없는이송
#환자케어이송
#보호자동승가능
#전국연계이송
#지방이송전문
#수도권전문이송
#서울경기이송
#야간긴급이송
#새벽이송가능
#예약우선이송
#시간맞춤이송
#병원연계이송
#입원예약이송
#퇴원예약이송
#요양원연계이송
#재활병원이송전문
#대학병원이송
#중환자실이송
#응급실대기이송
#외래진료이송
#검사이송
#CT이송
#
MRI이송
#투석환자이송
#항암치료이송
#방사선치료이송
#골절환자전문이송
#척추환자이송전문
#치매환자케어이송
#와상환자전문이송
#노약자이동지원
#거동불편이송
#휠체어차량이송
#들것이송전문
#산소환자이송
#인공호흡기환자이송
#감염환자이송
#격리이송전문
#장거리VIP이송
#공항환자이송
#KTX환자이송
#기차환자이송
#항공이송연계
#의료장비완비
#응급장비보유
#심전도모니터
#산소공급장치
#흡인기보유
#전문이송팀
#숙련된이송팀
#친절한상담
#24시간상담
#연중무휴상담
#후불결제가능
#카드결제가능
#세금계산서발행
#보험처리상담
#합리적요금
#투명한요금
#정찰제운영
#믿을수있는구급차
#후기좋은구급차
#추천구급차
#재이용많은구급차",https://blog.naver.com/safeinmedical129/224266069923,서울환자이송센터,20260427,2026-04-27 15:34:51
에이스(휴,"건담, 강철의 깃발 /제2권: 새장 속의 소년 : 제271귀환... ","시로코는 한발 늦게 도착했다. 그는 카미유를 격퇴하는 데 몇 분을 소요했고, 이쪽 전장에 도착했을 때는 주피트리스 소속 MS가 이미 모두 유백에게 격추된 후였다. 그는 멀리 아스완호 옆의 헤이즐-라를... ","​
​
시로코는 한발 늦게 도착했다. 그는 카미유를 격퇴하는 데 몇 분을 소요했고, 이쪽 전장에 도착했을 때는 주피트리스 소속 MS가 이미 모두 유백에게 격추된 후였다.
그는 멀리 아스완호 옆의 헤이즐-라를 바라보며 극도로 굳은 표정을 지었다.
“……결국 늦었나?”
디오의 조종석에서 시로코는 분노를 억눌렀다.
내장된 생체 센서를 통해 그는 전방의 기체에서 전해져 오는 강렬한 위압감을 느꼈다. 그처럼 자부심 강한 천재라 할지라도 자신이 한 수 아래였음을 인정하지 않을 수 없었다. 이제 와서 실버 선더 부품을 손에 넣는 것은 불가능한 일이었다.
하지만 곧 그의 분노는 사그라들기 시작했고, 얼굴에는 차가운 미소로 바뀌었다.
그는 오른손의 빔 라이플을 들어 멀리 아스완호를 조준했다.
시로코는 빔 라이플의 출력을 최대로 조절해, 고출력 메가 입자포에 버금가는 위력의 입자 빔을 연속으로 발사했다. 목표는 전함 아래의 실버 선더 부품이었다.
실버 선더 부품을 파괴하기 위해, 그는 일부러 유백에게도 두 발을 쏴 견제했다.
그의 작전은 매우 효과적이었다. 유백은 실드를 잃었고, 수중에는 원거리 공격에 대응할 무기가 없었다. 어떻게 빔을 막아낼 수 있겠는가? 특히 상대의 빔 무기는 출력이 높아 빔 사벨로 함부로 받아낼 수도 없었다.
헤이즐-라는 공역에서 연속으로 몇 차례 기동하며 시로코의 공격을 피하는 동시에, 아스완호로 돌진해 빔이 도달하기 전에 공격을 막아내려 했다.
하지만 입자 빔의 속도가 진정한 광속에 이르지는 못했더라도, MS가 어찌 그 속도를 따라잡을 수 있겠는가?
빔이 실버 선더에 명중하려는 순간, 유백은 기지를 발휘해 즉시 다리 부품을 발사했다. 겨우 실버 선더를 향한 빔 한 발을 막아냈지만, 안타깝게도 남은 공격은 실버 선더에 명중했다. ‘덴들라이언 II’로 구성된 하반신이 관통당하며 불타올랐다.
시로코는 그 광경을 보고 얼굴에 미소를 띠었다. 한 차례의 사격으로 성과를 거둔 것은 뜻밖의 기쁨이었다. 비록 실버 선더를 손에 넣지는 못했지만, 상대가 이 전략 병기를 사용하지 못하게만 한다면 수용 가능한 범위 내였다. 그는 즉시 디오를 조종해 유유히 사라졌다.
유백은 그가 떠나는 것을 감지하고 안도했다. 아스완호 쪽으로 고개를 돌려 다가가, 빔 사벨로 불타는 하반신을 분리한 후 기체를 전함 꼭대기에 착륙시켰다. “아스완호에 통보한다. 여기는 에우고 소속 유백 대위. 오늘부터 본함은 에우고의 관할 하에 들어간다!”
함선 인원이 거의 교체되지 않았기에, 그의 말은 아스완호에 큰 소동을 일으킬 것이다.
이 전쟁에서 살아남은 아스완호의 승무원들은 운이 좋은 편이었다. 어찌 됐든, 포로가 되는 것이 죽는 것보다는 낫지 않겠는가? 죽으면 모든 것이 끝이니까……
그런 생각을 하며 유백은 아스완호에 아가마 방향으로 전진하라고 명령했다.
그는 문득 오토 소령을 못 본 지 오래되었다는 생각을 했다. 그 장관은 비록 두꺼비상이었지만 성격은 괜찮았고, 티탄즈 내에서도 뜻있는 인물이었다. 그라면 에우고와 협력하는 것을 기꺼이 받아들일지도 모른다.
……
라디슈 이하 에우고 소속 함선들이 모두 아가마호 주위로 모여들었다. 함대는 액시즈와 세단의 문 충돌 공역에서 완전히 벗어났고, 약탈을 담당했던 MS 부대도 조금 늦게 도착해 나포한 함선들과 함께 같은 위치에 합류했다.
이러한 과정은 유백이 귀환한 후에야 일단락되었다.
갑판에 겨우 착륙한 헤이즐-라를 보며 함내의 모든 사람들은 저도 모르게 숨을 삼켰다. 그들은 이 기체가 이렇게 처참한 모습이 된 것을 처음 보았다.
왼팔과 오른쪽 종아리가 사라지고, 무기도 파괴된 모습은 이 기체가 얼마나 힘든 전투를 겪었는지를 충분히 설명해 주었다.
“수리하기 힘들겠는데……”
아스트나지가 헤이즐-라를 보며 투덜거렸다.
어쩔 수 없는 일이었다. 이 MS는 적에게서 빼앗은 것이라 여분의 부품이 없었다. 비록 금평도 기지를 공략했지만, 적이 신속하게 철수하는 바람에 예비 부품은 모두 가져가 버렸다.
유백이 조종석에서 떠다니듯 나오자, 막 입을 열려는 순간 에이프릴이 다가왔다.
“유백, 당신이 데려온 그 함선, 설마……”
“응, 아스완호야. 안에 내 기체의 예비 부품이 있겠지? 아스트나지 씨! 나중에 저쪽 전함에서 부품을 좀 가져와 주세요!”
아스트나지는 “오” 하고 대답하고는 자기 일에 몰두하러 돌아갔다.
유백은 시선을 거두고 낮은 목소리로 물었다. “카츠의 상태는 어때?”
“예상보다 좋아요. 하산 의사 선생님이 응급처치가 매우 시기적절해서 생명에는 지장이 없을 거라고 했어요.”
“다행이다……”
유백은 긴 한숨을 내쉬었다. 카츠에게 생명의 위험이 없어서 정말 다행이었다. 그렇지 않았다면 하야토 선생을 어떻게 대면해야 할까? 그는 예전에 자신에게 카츠를 잘 돌봐달라고 부탁했었다.
에이프릴은 복잡한 심정으로 그의 얼굴을 바라보다가, 한참 후에야 말했다. “나한테는, 당신이 무사히 돌아온 게 정말 다행이야. 다른 사람들은 다들 귀함했는데, 당신만 계속 돌아오지 않아서 얼마나 걱정했는지……”
그녀는 그에게 다가가, 유백이 미안하다는 말을 하려는 순간 입술로 그의 말을 막았다. 입술을 뗀 후, 그녀는 오히려 쓴웃음을 지으며 사과했다. “미안해요, 내가 너무 제멋대로라는 거 알아요. 파일럿에게 이런 말 하는 거, 싫죠?”
“그럴 리가……”
유백은 곤란해하며 그녀의 머리카락을 쓰다듬었다. 지금의 긴 머리가 그녀에게 더 잘 어울린다고 생각했다.
그녀의 말 한 가지는 맞았다. 지금은 남녀 간의 정에 얽매여 있을 때가 아니었다. 티탄즈와 액시즈가 다음엔 어떤 움직임을 보일지 누가 알겠는가? 제때 대응하기 위해서는 그전에 모든 준비를 마쳐야 했다.
그 점을 고려하여, 그는 호위병을 데리고 아스완호에 한번 다녀오기로 결정했다.
……
아스완호와 헤어진 지 2년 이상이 지났다. 오늘 다시 이 함선의 격납고에 오니, 유백의 마음은 매우 복잡했다.내부 풍경은 과거와 별반 다르지 않았고, 부품들마저 예전과 같은 구석에 쌓여 있었다. 다만, 예전에 MS가 놓여 있던 곳은 텅 비어 있었다.
티탄즈의 군세가 약해진 탓에, 그들에게 제공할 신형 MS는 당연히 없었다. 심지어 TR-6를 빼앗긴 후에는 상층부에서 새로운 우드워트 본체를 보급해 줄 여력조차 없어, 그 부품들은 구석에서 먼지만 쌓여갈 뿐이었다. 설상가상으로 흑달 소대가 통째로 에우고에 투항하는 바람에 함선에는 출격할 파일럿조차 없었다.
한때 영광으로 가득했던 3T 부대가 지금 이 꼴이 된 것은 실로 안타까운 일이었다.
호위에게 둘러싸인 채, 유백은 격납고 깊숙한 곳으로 한 걸음씩 걸어 들어갔다. 아스완호의 승무원들은 그 안에 정렬한 채, 슬픔 가득한 눈으로 바닥을 보며 아무 말도 하지 않았다.
유백은 그들의 태도가 무엇 때문인지 알 수 없어, 무리를 훑어보다가 가장 익숙한 정비원 피터에게 시선을 고정했다.
그는 한 가지 문제를 발견했다. 오토 소령이 그들 중에 없는 것 같았다.
​
제2권: 새장 속의 소년 : 제272장 무력감
오토의 사망 소식은 정비원 피터에게서 들었다.
자신보다 몇 살 많지 않은 이 젊은이는 상관의 자결을 직접 목격했다. 총알이 머리를 관통하고 헬멧 바이저가 온통 핏물로 뒤덮인, 실로 구역질 나는 광경이었다. 성인 남자라도 그런 장면을 받아들이기는 힘들었다.
인간은 기억의 노예다. 고인과 함께한 시간이 길수록, 상대의 죽음을 목격한 충격은 더욱 깊어지는 법이다. 피터와 함선의 다른 정비원들은 아마 평생토록 상관이 죽음으로 내몰리는 모습을 직시했던 트라우마를 지우지 못할 것이다.
유백이 오토의 시신을 직접 보지 못한 것은 어쩌면 다행스러운 일일지도 몰랐다. 그랬기에 오토에 대한 기억이 조금은 덜 무거울 수 있었다.
하지만 다른 한편으로는 오토의 죽음을 직접 목격하지 않았기 때문인지, 유백의 내면에 이는 분노와 슬픔은 예상만큼 깊지 않았다. 피터의 띄엄띄엄한 말을 통해 그의 진심 어린 고통과 무력감을 느낄 수는 있었지만, 공감은 거기까지였다.
언제나 전장에는 병사들의 망령이 떠도는 법이다. 오토의 죽음은 분명 슬픈 일이었지만, 결국 그 역시 전쟁이라는 블랙홀에 휘말린 일원에 불과했다. 그 남자는 티탄즈의 어둠을 목격하고 그것을 바꾸려 했다. 그런 면에서 그는 사나이였고, 그 죽음은 안타까웠다.
하지만 전쟁이 오늘날까지 이어지며 죽어 나간 좋은 사람들은 너무나도 많았다.
오토의 죽음에 유백은 자연스레 무력감과 슬픔을 느꼈다. 하지만 그 이상의 감정은 느끼지 못했다. 그는 병사가 전장에서 죽는 것은 지극히 정상적이고 당연한 일이며, 죽은 사람 하나하나를 거창하게 애도한다면 전쟁은 너무나 유치한 장난이 될 거라고 생각했다.
유백은 이런 자신의 생각에 진심으로 공포를 느꼈다.
스스로 생각하기에도, 이토록 냉담한 사고방식 자체가 가장 비정상적인 부분이었다.
설마 너무 많은 죽음을 목격하고, 너무 많은 생명을 직접 빼앗은 탓에 인명과 생사에 무감각해진 걸까?
이 생각에 이르자, 유백은 자신의 냉담함에 절망하지 않을 수 없었다.
그는 자신이 전쟁 속에서 무감각해지고 뒤틀릴까 봐 두려웠다. 만약 그렇게 된다면, 다음으로 죽는 사람은 분명 자신일 터였다.
……
오토에 대한 묵념은 그리 오래가지 않았다.
서로의 입장이 다른 탓에, 유백은 아스완호에 남은 승무원들과 옛정을 나누기도 어려웠다. 양쪽 모두 같은 생각이었고, 결국 마음속의 어색함은 침묵으로 변했다.
“TR 시리즈의 남은 부품 현황을 보러 안내해라.”
유백은 상관이 부하에게 말하듯 정비원들에게 명령을 내렸다. 포로가 된 정비원들은 그저 따를 수밖에 없었다.
그들은 유백을 데리고 격납고를 두 바퀴 둘러보았다. 상황은 예상대로였다. 헤이즐-라 II 형태의 예비 부품이 역시 남아 있었고, 심지어 헤이즐-라의 전투력을 높일 수 있는 부품도 있었다. 그것은 '흐루두두 II'라는 이름의 지원 전투기로, 헤이즐-라 II와 도킹하여 기체 자체의 화력을 증강시킬 수 있었다.
그 외에도 이전 전투에서 잃었던 휴대 무기도 보충되어, 이제 양손에 각각 복합형 실드를 장비할 수 있게 되었다.
전력 보강에 가장 큰 도움이 된 것은 단연 실버 선더 부품이었다.
실버 선더의 원래 하반신은 시로코의 공격에 꿰뚫렸지만, 정말로 중요한 것은 상반신인 '파이버 II'였다. 그것이야말로 실버 선더 화력의 중추였고, 기체 전체를 덮는 I필드도 그곳에 있었다. 하반신인 '단델라이언 II'를 무엇으로 대체할지에 대해서도 유백은 생각이 있었다.
“아가마에 있는 ‘단델라이언’을 예비 부품으로 쓰면 실버 선더를 수리할 수 있나?”
“시간이 필요합니다.”
유백이 실버 선더를 수리하고 싶다고 말하자, 아스완호의 수석 정비원 핸드릭이 미지근한 대답을 내놓았다.
보통 MS와 달리 실버 선더는 초거대 MA이기에, 정비와 수리는 당연히 그리 간단한 일이 아니었다. 전쟁이 끝나기 전에 맞출 수 있을지는 순전히 운에 달렸다. 다행히도, 오토가 정비원들 앞에서 죽었기 때문에 그들 모두 마음속에 시로코에 대한 분노를 품고 있어, 작업에 전력을 다할 것이 분명했다.
핸드릭은 아스완호의 고참 승무원이라 당연히 유백의 얼굴을 알고 있었다. 이제 그가 에우고의 핵심 인물이 된 것을 보니 마음이 자못 복잡했다.
그는 입을 살짝 열어 무언가 말하려다 결국 삼켜 버렸다. 고개를 저으며 그는 갑판 반대편의 세면실로 가서 담배나 한두 대 피울 생각이었다.
그의 제자인 피터는 그만큼 인내심이 좋지 않았다. 그는 유백의 얼굴을 빤히 쳐다보며 천천히 말했다. “오토 소령님은 항상 TR 시리즈가 우리 부대의 존재 의의라고 말씀하셨습니다.”
“……?”
“TR-6를 소중히 다뤄 주셨으면 합니다.”
피터의 그늘진 시선에는, 멀리 있는 누군가에 대한 증오가 담겨 있었다.
유백은 그의 날카로운 눈빛을 감당하기 어려워 저도 모르게 시선을 돌려 격납고 유리창 너머를 바라보았다.
이쪽 각도에서는 에우고 함대의 거대한 규모가 어렴풋이 보였다. 이 함선들 중에서 과연 몇 명이나 전쟁에서 살아남을 수 있을까? 적어도 유백은 TR-6가 무사히 전장에서 돌아올 것이라고 약속할 수 없었다.
그것이 바로 그가 피터와 눈을 마주치지 못하는 이유였다.
……
다시 아가마호로 돌아왔을 때, 유백은 크와트로와 브렉스 준장이 갑판에서 그를 기다리고 있는 것을 보았다.
마치 우드워트가 착륙하는 우아한 자태를 감상하는 듯, 크와트로는 기체에서 눈을 떼지 않았다. 유백이 조종석에서 나온 뒤에야 그가 사실은 멍하니 다른 생각을 하고 있었다는 것을 알아차렸다.
“무슨 일입니까?”
호기심과 함께 유백은 상대방의 마음속 근심을 어렴풋이 감지했다.
크와트로는 시선을 거두었다. 선글라스 뒤의 눈빛이 어딘가 날카로웠다. 그는 심호흡을 한 번 하고 천천히 말했다. “티탄즈가 액시즈와 화평 교섭을 준비하고 있네. 아마 자미토프는 이를 계기로 하만에게 항복하고, 티탄즈를 액시즈군에 편입시킬 걸세.”
“……뭐라고요?!”
유백의 시선이 심하게 흔들렸다. 이런 가능성을 생각해보긴 했지만, 결국 티탄즈는 원래 연방의 한 파벌인데, 어떻게 자비 가문에 편입된다고 하면 바로 편입될 수 있단 말인가?
그는 한참을 멍하니 있다가 깨달았다. 에우고가 티탄즈를 너무 심하게 압박했던 것이다.
티탄즈가 붕괴 직전에 몰렸을 때, 자미토프에게 액시즈에 항복하는 것 말고 다른 선택지가 있었을까? 지금은 연방조차 티탄즈의 뒷배가 되어주려 하지 않는데, 자미토프가 달리 갈 곳이 어디 있겠는가?
“정보는 확실합니까?”
“웡 리 씨가 몰래 보내온 정보일세. 멜라니 쪽에서 알아낸 것이고, 또 애너하임도 하만과 연합할 준비를 하고 있으니 우리에게 각별히 조심하라고 했네.”
“하지만, 자미토프는 스페이스노이드를 진압하기 위해 티탄즈를 창설한 것 아닙니까! 그가 어떻게 하만과 손을 잡을 수 있죠?”
“아마, 두 사람의 뜻이 같기 때문일 걸세.”
브렉스 준장은 무거운 어조로 그렇게 말했다.
----------------------------
ps: 오늘 외출할 일이 있어서 업데이트가 늦었습니다……. 정말 죄송합니다!!! (도게자
ps2: 2편은 집필 중입니다.
​
제2권: 새장 속의 소년 : 제273장 섬세함
브렉스 준장의 말은 유백을 혼란에 빠뜨렸다.
“뜻이라고 하셨습니까……?”
브렉스는 그의 얼굴을 훑어본 뒤, 살짝 고개를 숙이며 체념한 듯 말했다. “자미토프의 뜻은 지구에 이끌리는 자들을 뿌리 뽑는 것이다. 그가 티탄즈를 창설한 것은 전쟁을 일으켜 지구 경제를 막다른 곳으로 몰아넣기 위함이지.”
“그게 대체 무슨 의미가 있습니까?”
“간단하지 않나? 평범한 자들을 우주로 내몰고, 지구에서 떠나려 하지 않는 자들은 굶겨 죽이는 거지. 지구에 더 이상 아무도 존재하지 않게 되면, 지구는 성지로서 정화될 수 있을 테니.”
“그런 일이──”
유백은 자신도 모르게 반박하려 했지만, 곧 준장이 확신에 찬 어조로 이 말을 하고 있다는 것을 깨달았다.
실로 터무니없는 말이었지만, 유백은 오히려 깊은 생각에 잠겼다.
그 이유는 과거 티탄즈에 재직할 때 비슷한 말을 들었던 것 같았기 때문이다.
누군가 말했었다. 자미토프가 티탄즈를 창설한 목표는 모든 사람을 우주로 몰아내고 지구를 진정한 성지로 만드는 것이라고. 당시 모든 동료들은 그저 뜬소문일 뿐이라며, 그렇게 황당한 일이 어디 있겠냐고 여겼다.
하지만 이제 와서 같은 말이 브렉스 준장의 입에서 나온 것이다.
브렉스와 자미토프는 숙적이라고 할 수 있었다. 전쟁보다 더 높은 차원에서 보자면, 두 사람 사이에는 어떤 암묵적인 이해가 있었다. 마치 아무로와 샤아처럼, 서로 다른 진영에 있기에 오히려 상대방의 속마음과 행동의 원동력을 꿰뚫어 볼 수 있는 것이다. 그래서 유백은 준장의 말을 깊이 믿었다.
그렇다면 그 티탄즈 지도자의 최종 목표는 사실 에우고와 일맥상통하는 점이 있다는 말인가?
하지만 그는 곧 양쪽의 뜻이 표면적으로만 비슷하다는 것을 깨달았다. 깊이 파고들면, 자미토프의 목표는 결국 사람들 사이의 계급 격차를 심화시켜 자신의 지도자 지위를 공고히 하려는 것이었다.
단순히 인류를 우주로 몰아내는 것만으로는 고착화된 계급을 타파할 수 없을 것이다. 오히려 그때가 되면 힘을 손에 쥔 티탄즈가 절대적인 독재자가 되어, 모든 구 계급을 쓸어버리고 모든 것 위에 군림하는 새로운 특권 계급이 될 것이다.
이 점은 의심의 여지가 없었다. 티탄즈 자체가 강경하고, 폭력적이며, 억압적인 조직이기 때문에, 설령 새로운 통치자가 되더라도 이런 속성은 더욱 심해질 뿐, 조금씩 사라지지 않을 것이다. 설령 자미토프가 이런 모습을 원치 않더라도, 티탄즈의 구성과 주된 이념 자체가 자미토프의 독무대가 될 수 없음을 의미했다.
하만이 어떤 생각을 할지에 대해서는…….
유백은 크와트로에게 시선을 돌렸고, 그 남자는 곧바로 대답을 내놓았다.
그의 대답은 고개를 옆으로 돌린 채, 수동적인 침묵에 빠져 더는 입을 열지 않는 것이었다. 분명 크와트로는 이 상황을 비관적으로 보고 있었다. 어떤 이유에서든, 하만이 제 발로 굴러 들어온 떡을 거절할 리가 없었다.
그렇게 되면 액시즈와 에우고의 단독 대결 구도가 될 것이다.
액시즈와 티탄즈의 잔존 병력이 한곳에 합쳐지면, 에우고가 싸움이나 될까? 병력 면에서 절대적으로 불리해질 것이다.
“자미토프가 하만과 회담을 하겠죠? 그건 대략 언제쯤입니까?”
“웡 씨가 알기로는 회담은 사흘 뒤에 열릴 예정이고, 그때 멜라니 회장도 게와단으로 갈 거라고 하네.”
“오…….”
유백은 가볍게 고개를 끄덕이다가 뭔가 이상한 점을 깨달았다. “잠깐만요, 애너하임이 우리가 재벌을 버리고 하만 편에 서려 한다는 걸 이미 눈치챘는데, 왜 웡 씨는 아직도 우리에게 정보를 제공하는 거죠?”
그 말을 듣고 준장과 크와트로는 서로를 마주 보며 체념한 듯 말했다. “웡 리는 순수한 사람이니까.”
……
곧 에우고 상층부 3인방은 결단을 내렸다. 회담 당일 게와단을 기습하여 티탄즈와 액시즈의 화평 교섭을 반드시 파탄 내야 한다. 그렇지 않으면 에우고의 유리한 형세는 급격히 나빠질 것이다.
그리하여 출격 전 사흘은 무척이나 길게 느껴졌다.
그동안 유백은 함내 의무실을 자주 찾았는데, 주로 부상이 낫지 않은 벨토치카를 돌보기 위해서였다. 또 다른 부상자인 카츠는 과다출혈로 인해 당분간 깨어나지 못할 것이며, 의사는 최소 사나흘에서 엿새는 걸릴 거라고 말했다.
그의 현재 상황에 대해 아무로는 몹시 자책했다.
어쨌든 카츠는 자기 눈앞에서 격추당했다. 시로코의 공격을 조금만 더 일찍 알아차렸더라면, 어찌 이런 지경까지 이르렀겠는가.
하지만 다른 한편으로 카미유가 보기에는 유백 대위의 현재 상황이 카츠보다 더 심각한 것 같았다.
누구라도 인정할 수밖에 없었다. 카미유는 지극히 예리하고 섬세한 감성을 지닌 소년이었다. 사람의 마음을 관찰하는 면에서는 그를 따를 자가 없었다. 사회 경험이 많지 않음에도 불구하고, 그는 직감만으로 눈앞의 사람이 처한 상황과 곤경을 판단할 수 있었다.
그의 눈에 유백은 막다른 골목에 빠진 것처럼 보였다. 이대로 내버려 두면 좋지 않은 상황이 벌어질 것 같았다.
‘이대로는 안 돼.’라는 생각이 그의 머릿속에 떠올랐다. 그래서 카미유는 적당한 때를 노려 의무실 밖에서 유백의 앞을 막아섰다.
“유백 대위님, 시간 좀 있으십니까?”
말은 경어를 썼지만, 사실 카미유의 태도는 매우 강경했고, 의심의 여지를 허용하지 않는 단호한 눈빛을 보였다.
그의 압박에 가까운 말투와 눈빛에 유백은 살짝 놀라며 자신도 모르게 고개를 끄덕였다. “무슨 일이지?”
카미유는 의무실을 힐끗 쳐다보았다. 벨토치카는 진정되어 잠들어 있었다. 여기서 그녀를 깨우는 것은 좀 부적절했다. 그래서 그는 유백을 거주 구역 복도에 있는 휴게실로 데려가 소파에 앉혔다.
유백은 그가 대체 왜 이러는지 알 수 없어, 막 몸을 일으켜 차를 타러 가려다가 카미유의 눈빛에 도로 주저앉았다. 그는 얌전히 앉아 카미유가 타 준, 모양새가 영 좋지 않은 커피를 받아들었다.
“……?”
그는 커피를 살짝 맛보았다. 역시 상상했던 대로 맛이 형편없어서, 겨우 마실 만한 수준이었다.
상대방의 눈빛에 눌려 유백은 커피를 조금씩 마실 수밖에 없었다.
바로 그때, 카미유의 한마디에 그는 입안의 커피를 전부 뿜어 버렸다.
“유백 대위님, 하렘을 차린 기분은 어떠십니까?”
“……?!”
커피가 기도에 들어가 유백은 연신 기침을 해댔다. 겨우 숨을 고른 그는 곤란해하며 말했다. “카미유! 왜 갑자기 그런 말을 하는 거야?!”
“아뇨, 그냥 궁금해서요.”
카미유의 얼굴에는 표정 변화가 없었다. 마치 이 주제는 그저 두 사람의 대화 물꼬를 트기 위한 도구에 불과한 것 같았다.
그는 커피를 탁자 위에 놓은 채 손을 깍지 끼고, 머릿속으로 유백이 다른 사람과 진지하게 대화하던 모습을 떠올리며 흉내 내듯 말했다. “유백 대위님이 이 이야기는 하고 싶지 않으시다면 상관없습니다. 그럼 다른 얘기를 하죠. 예를 들면, 대위님은 전장과 병사에 대해 어떻게 생각하십니까?”
​
제2권: 새장 속의 소년 : 제274장 정신 차려
카미유의 태도는 지극히 부자연스러웠다. 유백이 보기에는, 그가 일부러 어른의 행동을 흉내 내어 자신을 좀 더 성숙하게 보이려 하는 것 같았다. 앞으로 할 이야기를 꺼내기 편하도록 말이다.
하지만 그의 그런 꾸민 태도는 오히려 유백을 웃게 만들었다. 최근 쌓였던 스트레스를 한쪽으로 밀어두고, 그는 얼굴에 보기 드문 편안한 미소를 띠었다. “심각한 척하는 건 너한테 안 어울려.”
그 말을 듣자 카미유는 금세 표정이 무너지며, 얼굴을 옆으로 돌리고 투덜거렸다. “어째 내가 얕보이는 느낌인데?”
두 사람은 잠시 함께 침묵했다. 유백은 상대방의 표정을 살피다가 고개를 숙여 컵 바닥에 남은 커피를 바라보며 쓴웃음을 지었다.
“카미유, 전쟁이 끝나면 뭘 하고 싶은지 생각해 본 적 있어?”
“무슨 말씀이시죠?”
“예를 들어 어디로 놀러 간다거나, 무슨 일을 한다거나, 뭐 그런 거…….”
그 점에 대해 카미유는 정말 한 번도 생각해 본 적이 없었다.
자신의 미래를 계획하는 젊은이는 드물고, 카미유처럼 성급한 성격은 더욱 그러했다. 하물며 지금은 전쟁 중인데, 누가 뒷일을 생각할 겨를이 있겠는가.
굳이 말하자면, 카미유는 포우 무라사메와 함께 살고 싶었다. 하지만 이런 말은 좀 부끄러워서 입 밖으로 꺼내기 어려웠다.
“대위님은 어떻게 생각하세요?”
“솔직히, 상상이 안 돼.”
“네……?”
“지금 돌이켜보면, 감천에서의 생활은 정말 꿈만 같았어. 만약 다시 그때의 생활로 돌아가라고 한다면, 오히려 내가 적응하지 못할지도 몰라.”
“유백 대위님은 스스로가 호전적인 사람이라고 말하고 싶으신 건가요?”
“그걸 부정할 수 있다면 좋을 텐데.”
유백은 한숨처럼 그런 말을 내뱉었다.
그의 그런 태도는 카미유를 꽤나 불쾌하게 했다. 카미유는 즉시 자리에서 일어나 큰 소리로 꾸짖었다. “제가 보기엔, 대위님은 그저 자신을 너무 가볍게 여기고 있을 뿐이에요! 사람이 자기 자신보다 다른 것들을 더 중요하게 여길 때, 시야가 좁아지는 건 당연한 거 아닙니까!”
“카미유……?”
“전쟁은 한 사람의 객기로 승리할 수 있는 게 아니라고요!”
카미유의 격한 말이 순식간에 유백의 정신을 번쩍 들게 했다.
상대의 진심 어린 말을 들으며 유백은 무언가 깨달은 것 같았지만, 다른 한편으로는 지나치게 강한 책임감 때문에 반박하고 싶은 마음을 참을 수 없었다.
“에우고는 지금 상당히 어려운 단계에 처해 있어──”
“뻔한 소리 좀 그만하세요! 제가 말하는 건 대위님 본인의 문제라고요!”
카미유가 손바닥으로 책상을 내리치자 ‘쾅’ 하는 거대한 소리에 유백은 머리가 멍해졌다.
소년은 손바닥이 저릿한 것도 아랑곳하지 않고, 성큼 다가가 유백의 멱살을 움켜쥐고 소리쳤다. “대위님도 아시잖아요! 죽으면 모든 게 끝난다고요!”
유백은 상대의 험악한 표정을 응시하며 마음에 큰 충격을 받아, 한동안 반박 한마디도 할 수 없었다.
그때서야 카미유는 자신의 행동이 너무 과했다는 것을 깨닫고, 멱살을 쥔 손을 놓고 물러나 몇 번 심호흡을 한 뒤 원래 자리로 돌아가 앉았다.
그는 커피를 들어 단숨에 비워 버렸는데, 마치 그런 식으로 자신의 분노를 감추려는 듯했다.
유백은 상대의 표정을 살피다가 웃음을 참지 못했다.
그는 상대방이 자신만의 방식으로 자신을 걱정하고 있다는 것을 잘 알고 있었다. 행동이 너무 격했던 것은 너무나 카미유다운 스타일이었기 때문에, 그는 전혀 마음에 두지 않았다.
“후배에게 걱정을 다 듣게 될 줄은 몰랐네.”
“……전부 에이프릴 씨가 대위님을 너무 오냐오냐해서 그래요.”
“그런가?”
“그녀는 뭐든지 대위님 뜻대로 해주잖아요? 바로 그렇기 때문에 대위님이 고집스러워지는 걸 보면서도 아무것도 못 하는 거라고요.”
뒤에서 남의 험담을 하는 것이 좋지 않다는 것을 알지만, 카미유는 직설적인 성격이라 설령 에이프릴이 그 자리에 있었더라도 아마 자신을 둥글게 바꾸지는 않았을 것이다.
실제로도 카미유는 단도직입적으로 문제의 핵심을 찔렀다. 유백이 평소에 너무 성숙하게 행동하는 탓에, 누군가 그가 고집스러워지는 것을 발견하더라도 입을 열어 충고할 수가 없었다.
에이프릴은 유백을 너무 아껴서 그가 심연으로 빠져드는 것을 막을 수 없었고, 벨토치카는 자신만의 방식으로 유백의 스트레스를 풀어줄 수 있었을지 모르지만 지금은 중상을 입고 의무실에 누워 있어 아무것도 할 수 없었다. 이럴 때 카미유의 지적은 특히나 중요했다.
유백은 눈앞의 소년을 바라보며 마음속이 희망으로 가득 찼다.
눈앞의 세상이 아무리 어둡더라도, 카미유처럼 솔직한 젊은이들이 존재하는 한, 언젠가 그들은 새로운 시대를 밝히는 횃불이 될 것이다.
“그날을 보기 위해서라도, 나는 살아야 해…….”
그는 자신만이 들을 수 있는 목소리로 중얼거렸다.
커피와 씨름하느라 정신이 없던 카미유는 이 말을 듣지 못했다. 두 사람이 모두 감정을 추스른 뒤, 그들은 차례로 휴게실을 떠나 각자의 일로 바삐 움직였다.
이전과 비교해, 지금 유백의 마음속 그늘은 깨끗이 걷혀 있었다.
그동안 전쟁은 그에게 상당한 압박감을 주었다. 특히 생체 센서의 도움으로 그는 너무나 많은 망자들의 의지를 느꼈고, 그 고통과 절망이 그의 정신을 뒤흔들어 온전치 못한 상태가 되었다.
하지만 이제는 달랐다. 그는 자신이 유지해야 할 상태로 돌아왔다고 느꼈고, 이 점은 전적으로 카미유 덕분이었다.
스스로 올바른 길을 걷게 한다는 것은 말은 쉬워도 실제로는 결코 쉬운 일이 아니다. 그것은 마치 등불을 잃은 나그네가 칠흑 같은 밤의 숲을 헤매는 것과 같다. 아무리 경험이 풍부하더라도 대조할 대상이 없다면 결국 길을 잃는 결과밖에 없을 것이다.
유백은 문득 크와트로 대위를 이해할 수 있었다.
크와트로 대위는 길을 잃었기 때문에 다른 사람의 인도를 구하려 했던 것이리라. 라라아 양이 바로 그런 대상이었다. 그는 라라아 양에게서 인도와 도움을 구하며, 적진에 몸담고 있는 괴로움에서 벗어나려 했다.
이를 통해 과거 라라아가 크와트로의 눈앞에서 죽었을 때, 그의 마음속 고통과 절망이 얼마나 깊었을지 상상할 수 있었다. 그렇기에 크와트로가 지금 다시 일어서서 전면에 나서 에우고의 얼굴이 된 것은, 실로 유백의 경외심을 자아냈다.
아무로 대위도 마찬가지였다. 과거 마음이 통했던 라라아 양을 제 손으로 죽게 한 후, 그는 완전히 무너져 지구에서 꼬박 7년을 보냈다. 하지만 이제 와서 그는 크와트로처럼 과거의 상처를 극복하고 다시 우주로 나와, 에우고의 전사로서 최전선에서 빛을 발하고 있었다.
그 두 사람이 대체 어떤 심적 여정을 겪었는지 유백은 당연히 알 수 없었다. 하지만 한 가지는 분명했다. 이제는 자신이 정신을 차릴 차례라는 것이다.
“나도 얕보여선 안 되지……!”
유백은 본래 강인한 사람이었고, 자신의 생각을 정리한 후 그 강인함은 다시금 힘을 발휘할 수 있었다.
그는 정신을 차리고 격납고로 향했다. 다음 전투가 오기 전에 기체를 마지막으로 한 번 더 조정할 생각이었다.
​
제2권: 새장 속의 소년 : 제275장 하늘의 뜻
다시 출격할 시간이 금방 다가왔다.
액시즈 주변에는 하만 휘하의 함정들이 상당수 해당 주역을 순찰하고 있을 터였다. 지금 아가마는 바로 그 함대들의 존재 여부를 수색하느라 분주했다.
파일럿들은 작전 정보실에 모여 결과를 기다리고 있었다. 실내 TV 대형 스크린에서는 아주 오래된 고전 영화가 상영되고 있었지만, 대부분의 파일럿들은 영화를 볼 마음이 없이 숨을 죽이고 작전이 시작되기만을 기다렸다.
통신기에서 갑자기 소리가 울리자, 벽에 기대어 있던 유백이 즉시 손을 뻗어 받았다. “여기는 작전 브리핑실! ……뭐라고요!?”
“주피트리스호에서 발신한 통신을 감지했다. 위치는 파악됐으니, MS 부대는 즉시 출격 준비를 하라!”
“함정일 가능성은 없습니까?”
“그럴 가능성도 배제할 순 없다. 상대는 암호 같은 것을 사용한 암호화 통신을 쓰지 않았지만, 설령 우리를 함정에 빠뜨리려는 속셈이라 해도 지금은 출격해야만 한다!”
통신기 너머에서 말하는 사람은 브라이트 함장이었고, 그는 매우 빠른 말투로 명령을 하달했다.
함장의 말처럼, 지금 에우고 앞에 놓인 길은 단 하나뿐이었다. 하지만 다른 각도에서 보면, 위치 정보가 시로코 쪽에서 감지되었다는 것 자체가 의미심장한 일이었다.
“어쩌면 시로코 자신도 티탄즈와 액시즈의 동맹을 원하지 않는 걸지도 몰라.”
그런 생각이 유백의 뇌리를 스쳤다.
……
게와단호의 갑판에 자미토프가 탑승한 소형정이 예정된 시간에 맞춰 도착했다.
자미토프를 수행한 인원은 몇 명의 시종 외에 경호원인 제리드 한 명뿐이었다. 티탄즈의 수장이 더 많은 인원을 데려오고 싶지 않아서가 아니라, 단지 하만이 MS 한 기의 호위만 허락했기 때문이었다.
제리드는 하운드를 조종했다. 그 자신은 이 뉴타입 전용기를 능숙하게 다룰 만한 NT 능력을 갖추고 있지 않았지만, 시스템이 변경되고 간소화된 후에는 그럭저럭 제 몫의 전력을 발휘할 수 있었다.
마치 일부러 자신의 기술을 액시즈군에게 과시하려는 듯, 그는 하운드를 조종하여 지극히 안정적으로 갑판 정중앙에 멈춰 섰다. 그 동작은 매우 능숙하여, 수준 낮은 액시즈 군인들과는 상당한 차이를 보였다.
하지만 그의 이런 잔재주는 하만의 눈에는 매우 우습게 보일 뿐이었다.
젊은 섭정은 함교의 모니터를 통해 격납고를 살피며 입가에 냉소를 띠었다. “시로코는 데려오지 않았나? 흥, 아무래도 자미토프에게 항복할 마음이 조금은 있는 모양이군.”
이 말을 마친 그녀는 그 역겨운 냉소를 거두고, 옆에 있는 멜라니 휴 카바인을 돌아보며 다시 매력적인 미소를 지었다. “멜라니 회장님, 손님이 오셨으니 오늘 대화는 이만 줄이는 게 어떻겠습니까? 기회가 된다면 제가 달로 찾아가 가르침을 청하도록 하죠.”
“하만 님, 농담이 지나치십니다.”
멜라니의 비대하고 추한 얼굴에도 똑같이 가식적인 미소가 걸려 있었다. 그와 하만 중 누구의 미소가 더 가짜인지 분간하기 어려웠다.
애너하임이 하만과 만난 이유는 사업 판로를 넓히기 위함이기도 했지만, 더 중요한 점은 이 죽음의 상인들이 에우고가 자신들을 떨쳐내려 한다는 것을 눈치챘기 때문이었다.
애초에 애너하임이 에우고를 지원한 것은 살아남을 길을 찾기 위해서였다. 에우고가 봉기하기 전, 그들은 티탄즈에게 경계와 배척을 당했고, 군수 사업 또한 티탄즈의 자체 개발 노선에 눌려 숨도 못 쉴 지경이었다. 어쩔 수 없이 에우고에게 눈을 돌렸던 것이다. 이제 에우고가 티탄즈의 전철을 밟으려 하니, 그들 역시 다음 파트너를 찾아야 했다.
하만의 조치에 따라, 시위는 멜라니를 데리고 함교를 나섰다. 일부러 자미토프와 마주치지 않을 길을 골라 격납고로 들어가, 올 때 타고 왔던 셔틀에 탑승하여 달로 돌아갈 준비를 했다.
지온 놈들이 발전하고 강대해지도록 자금을 대는 것에 대해, 멜라니는 조금의 심적 부담도 없었다. 예로부터 상인은 이익을 좇는 법. 돈만 벌 수 있다면 지구권이 누구의 천하가 되든 무슨 상관이겠는가? 오히려 애너하임이 하만에게 충분한 지원을 제공함으로써 군수 분야에서 지구권 전체를 독점하게 될지도 모를 일이었다.
에우고 쪽에 대해서도 멜라니는 그다지 신경 쓰지 않았다.
그들이 상인의 개가 되기를 원치 않는 이상, 협력할 수 없는 것도 어쩔 수 없는 일이었다. 양측은 이미 한배를 탄 사이가 아니니, 그들을 팔아넘기는 것도 당연하지 않은가?
웡 리 그 녀석이 내부 정보를 빼돌려 에우고에 넘긴 일에 대해서도 그는 어느 정도 들어서 알고 있었다. 단지 자신이 출발한 후에 일어난 일이라 처리할 방법이 없었을 뿐이다. 이번에 돌아가면, 어떻게든 웡 리의 직위를 박탈해야 했다.
“이것이 바로 하늘의 뜻이다.”
멜라니는 마음속으로 자신의 행위에 정의를 내렸다. 무엇이 하늘인지는 오직 그 자신만이 알 뿐이었다.그가 탄 셔틀이 게와단 호의 수비 범위를 벗어나는 순간, 갑자기 게와단과 반대 방향에서 몇 줄기의 광선이 날아들었다. 그가 긴장감을 느낄 새도 없이 광선은 셔틀에 명중했고, 측면에 커다란 구멍을 뚫었다.
폭발로 셔틀 전체가 심하게 흔들리자 멜라니는 하마터면 밖으로 튕겨 나갈 뻔했다. 테이블 위 레드와인과 찻잔이 기내를 어지럽게 날아다녔고, 옆에 있던 시종 한 명은 그대로 셔틀 밖으로 튕겨 나가 우주 공간으로 사라졌다.
멜라니는 표준복을 입고 있지 않았다. 죽음에 대한 거대한 공포에 얼굴이 새파랗게 질린 그는 말 한마디 꺼내지 못한 채 안전벨트만 죽어라 붙잡고 놓지 않았다.
곧이어 또 다른 광선이 날아들었다.
유백이 원거리에서 쏜 저격이 셔틀의 조종석에 직격했고, 기수 전체가 파괴되었다.
이번에는 안전벨트도 멜라니의 목숨을 구할 수 없었다. 그가 앉아 있던 좌석이 통째로 바닥에서 분리되어, 그 자신과 함께 우주 공간으로 빨려 들어갔다.
아무런 보호 장비 없이 인간은 우주에서 얼마나 생존할 수 있을까? 약 90초 정도 살 수 있다고 한다. 하지만 지금 멜라니에게는 1분은커녕 1초, 1초가 뼈를 깎는 고통과도 같았다.
무의식적으로 숨을 참은 탓에 멜라니의 폐는 공기로 가득 찼다. 그리고 그 공기는 저압 환경에서 급격히 팽창했고, 결국 그의 연약한 폐는 풍선처럼 터져 버렸다.
더 끔찍한 것은, 그런데도 즉사하지 않았다는 점이었다.
멜라니는 반파된 셔틀 잔해를 향해 손을 뻗었다. 다시 그 안으로 돌아가고 싶었다. 하지만 모든 것은 헛수고였다. 이 세계에 신은 없었고, 소위 말하는 천명 따위도 없었다. 그 누구도 그를 구할 수 없었다.
군대 뒤에 숨어 있던 이 죽음의 상인은 어째서 늘 순풍에 돛 단 듯하던 자신이 오늘 이런 지경에 이르렀는지 도무지 이해할 수 없었다.
‘이건 분명 꿈일 거야…!’
그런 순진한 생각을 품은 채, 멜라니는 셔틀의 폭발에 휩쓸려 흔적도 없이 사라졌다.
그의 죽음은 애너하임이 몰락의 길로 접어들게 될 불길한 징조였을지도 모른다.
하지만 그의 죽음은 액시즈에게 매우 가치 있는 것이었다고 해야 할 것이다. 게와단 호는 즉시 셔틀의 폭발을 감지했고, 적이 이쪽으로 접근하고 있음을 깨달았다.
​
제2권: 새장 속의 소년: 제276장: 취소
“방금 그 폭발은 어떻게 된 거지?”
황급히 함교로 온 하만 칸이 함장을 향해 질문을 던졌다.
지금은 중요한 시기였다. 자미토프와의 회담이 몇 분 후면 시작될 터였다. 이런 때에 에우고의 방해를 받는다면 상황은 최악의 방향으로 흘러갈 수도 있었다.
함장 자리에 있는 최파였지만, 하만 앞에서는 마치 초등학생처럼 고개를 숙인 채 젊은 섭정에게 현재 상황을 보고했다.
“네!…… 아무래도 애너하임 사절이 탑승한 셔틀이 격추된 것 같습니다.”
함장의 대답을 들은 하만은 꿈을 꾸는 것 같았다. 큰 충격을 받았다기보다는, 일의 전개에 놀라움을 금치 못했다.
애너하임이 가진 힘을 부정할 수 있는 사람은 아무도 없었다. 티탄즈 세력이 하늘을 찌를 듯하던 시절에도 그들의 자금은 에우고 하나를 창설할 수 있을 정도였다. 국면이 혼란스러운 지금 애너하임을 적으로 돌리는 것은 매우 비이성적인 일이었다.
공격을 가한 부대가 티탄즈 소속이라면 그나마 이해할 수 있었다. 하지만 멜라니가 탄 셔틀을 격추한 광선은 명백히 에우고 방향에서 날아왔다.
이는 에우고가 애너하임과 등을 돌릴 작정이라는 의미일까? 만약 그렇다면, 에우고는 이미 최종 결전을 치를 준비를 마쳤다는 뜻이다.
‘……티탄즈와의 화평 교섭이 노출된 건가? 그렇다면 다음 행동은 신중히 고려해야겠군…….’
하만은 애초에 티탄즈가 진심으로 항복할 거라고 생각하지 않았다. 비밀 회담을 수락한 것은 순전히 자미토프를 통제할 방법을 찾아 그를 총알받이로 내세워 시간을 벌고, 액시즈 군의 대부대가 지구권에 진입할 때까지 기다리기 위함이었다.
하지만 어째서인지 이번 화담 소식이 에우고에게 노출되었고, 이제 에우고가 이쪽을 공격 목표로 삼은 이상 회담은 아무런 실질적인 의미가 없게 되었다.
“전 함, 1급 전투 태세 돌입. MS 부대는 출격 준비. 에우고 부대가 공격 범위 안으로 들어오지 못하게 막아라! 그리고 미네바 전하를 게와방호로 이동시켜라. 절대 전투에 휘말리게 해서는 안 된다!”
“알겠습니다! 하만 님, 자미토프 쪽은……?”
“에우고가 공격 중이니 그들의 안전을 위해 오늘 회담은 취소한다고, 돌아가라고 전해라.”
……
애너하임 소속 셔틀을 격추한 후, 유백은 즉시 부대를 이끌고 하만 칸이 있는 주역으로 돌진했다.
그가 보기에 하만은 상당히 위험한 인물이었다. 그녀가 계속해서 호의를 보여도, 그는 단 한 번도 경계를 늦춘 적이 없었다.
그녀는 스무 살의 나이에 섭정이 된 위험한 여자였다. 온몸에서 향기가 풍겼지만, 누구라도 그녀가 사람을 죽이는 아름다운 독사라는 것을 알 수 있었다. 그녀의 외모에 현혹된다면, 마지막은 죽음뿐일 것이다.
그런 의미에서 유백은 크와트로 대위가 하만에 대해 너무 얕게 알고 있다고 생각했다.
크와트로는 그녀를 별 볼 일 없는 어릿광대라고 했지만, 유백은 도저히 동의할 수 없었다. 두 사람이 헤어진 지 오랜 세월이 흘렀다. 아무리 순진한 소녀라도 유능한 정치가로 성장하기에 충분한 시간이었다. 만약 두 사람이 맞붙는다면, 손해를 보는 쪽은 아마 크와트로일 것이다.
‘이 기회에 하만을 처리할 수 있다면…!’
만약 이곳에서 하만이나 미네바 자비를 죽일 수 있다면, 액시즈 군은 혼란에 빠질 것이다. 그렇게 되면 에우고의 승리는 확정될 수 있었다.
하지만 하만 휘하의 부대도 그리 만만하지 않았다.
이전에 비해 액시즈 군의 전력은 상당히 향상되었다. 하만 수하의 파일럿들은 본래 실력이 나쁘지 않았고, 단지 전투 경험이 부족할 뿐이었다. 이전의 전투를 겪으며 경험이라는 부분이 어느 정도 보충되었기에 전투력이 배로 상승했다.
에우고 부대가 접근하기도 전에, 진형을 갖춘 ‘가자C’가 일제히 포문을 열었다. 그들의 공격은 매우 빽빽했다. 엄청난 수의 MS가 일제히 공격하자, 그 빔의 비는 그야말로 하늘을 뒤덮을 정도였다.
유백 주변의 ‘네모’ 두 대가 그 자리에서 격추되었고, 후방 부대도 아마 적지 않은 손실을 입었을 것이다.
하지만 강화된 ‘헤이즐-라’는 이런 국면에 대처할 때 상당한 위력을 발휘할 수 있었다. 두 자루의 롱 빔 라이플을 포함한 여섯 문의 입자포가 동시에 불을 뿜으며, 순식간에 적의 진형에 구멍을 냈다.
유백은 기회를 포착해 그 틈으로 맹렬히 돌진하며 적의 화력을 자신에게 집중시켜 아군 부대에게 돌격할 공간을 만들어 주었다.
하만은 게와단의 함교에서 이 광경을 보고 미간을 찌푸리며 즉시 명령을 내렸다. “‘큐베레이’ 출격 준비시켜라!”
……
“화담이 취소라고?!”
제리드는 눈앞의 장교를 보며 경악한 표정을 감추지 못했다.
중년의 장교는 하만의 명령을 되풀이한 뒤, 두 걸음 물러서서 문 쪽으로 손짓하며 그들에게 떠나라고 신호했다.
이에 제리드는 심기가 불편했다. 마치 하만이라는 여자에게 놀아난 것 같아 눈에서 불이 뿜어져 나올 지경이었다.
자미토프도 마찬가지였다. 그 어린 계집애가 너무 거만하다고 생각했다. 위험을 무릅쓰고 천리길을 달려 게와단 호까지 왔는데, 얼굴도 못 보고 돌려보내다니. 이것이 지구권 밖 우주 촌뜨기들의 손님 접대 방식이란 말인가?
하지만 그는 제리드보다 훨씬 냉정했다. 즉시 입을 열었다. “됐다, 앞장서라.”
“각하……”
제리드는 상관이 말했으니 자신도 더 따질 게 없었다. 속으로 분을 삭이며 액시즈 장교의 뒤를 따랐다.
두 사람은 올 때와는 다른 통로를 통해 이전보다 느린 속도로 격납고로 들어갔다. 신중을 기하기 위해 자미토프는 올 때 탔던 소형정을 타지 않고, 제리드의 MS에 직접 올라타 그대로 귀환할 준비를 했다.
게와단 호의 병사들은 이대로 그들을 보내서는 안 된다고 생각했지만, 하만의 말이 없었기에 병사들은 그저 가만히 있을 수밖에 없었다.
제리드는 주위 병사들의 살기를 느낄 수 있었다. 적 MS를 정찰할 기분도 아니었다. 즉시 최고 속도로 이륙하여 우주로 미끄러져 들어가며, 자신의 행방을 감추기 위해 등 뒤로 몇 개의 운석형 더미 벌룬을 방출했다.
하만의 부하들이 쫓아오지 않는 것을 보고 나서야 그는 마침내 안도의 한숨을 내쉬었다. “각하, 게와단을 떠나긴 했지만, 저는 여전히 각하의 생각을 잘 이해하지 못하겠습니다……”
제리드는 자미토프 하이만의 입에서 직접 게와단 호로 가겠다는 말을 들었을 때부터 마음속에 의문을 품고 있었다.
자미토프가 순순히 무릎 꿇고 모욕을 당할 사람인가? 적어도 제리드가 본 바로는, 이 상관은 상당한 자존심을 가지고 있었고, 결코 남의 밑에 들어갈 인물이 아니었다. 하물며 하만은 자비 가문의 사람이 아닌가.
​
제2권: 새장 속의 소년: 제277장: 봉기
아니나 다를까, 자미토프는 차가운 어조로 말했다. “티탄즈의 힘만으로는 더 이상 에우고를 소멸시키기 어렵다. 그렇다면 하만과 에우고가 서로 죽고 죽일 때까지 싸우게 하는 것이 어떻겠나?”
“오, 시로코가 했던 것처럼 말입니까?”
제리드는 말을 내뱉자마자 곧 후회했다.
팝티머스 시로코는 금기어였다. 그 녀석이 이전에 강 건너 불구경하듯 방관하는 바람에 티탄즈는 붕괴 직전에 이르렀다. 자미토프는 그를 뼛속까지 증오했다.
하지만 그럼에도 그는 이해할 수 없었다. 자미토프처럼 강경한 사람이 어떤 전략을 실행하기 위해 자신을 낮춘단 말인가?
그가 마음속 의문을 완곡하게 표현하자, 자미토프는 곧 대답을 내놓았다. “시로코가 말하길, 하만은 지구의 속물들을 숙청할 계획이라고 하더군.”
“……?”
이 말에 제리드는 혼란에 빠졌다. 질문과 대답 사이의 연관성을 이해할 수 없었다. 하지만 입을 열기도 전에, 측면에서 갑자기 몇 줄기의 광선이 날아와 하마터면 ‘하운드’의 기체를 맞힐 뻔했다.
“공격? 에우고인가!” 자미토프가 버럭 긴장했다.
“아닙니다! 에우고는 다른 방향에 있을 텐데──”
여기까지 말하자 상황은 명백해졌다. 공격을 가한 자는 분명 티탄즈에 소속된 누군가일 것이다.
“시로코, 그 개자식!”
자미토프는 분노의 외침을 참지 못했다.
그는 자신이 탔어야 할 소형정이 광선에 꿰뚫리는 것을 보았다. 밝은 입자 빔이 조종석에서부터 꼬리까지 직접 관통했고, 함선 전체가 불타오르며 결국 한 덩어리의 폭발 섬광으로 변했다.
그들은 정말로 당황하기 시작했다.
주피트리스 호에는 강력한 MS 부대가 있었다. 고작 ‘하운드’ 한 대로 어떻게 막아낸단 말인가?
이 점을 생각한 제리드는 즉시 기수를 돌려 다시 게와단 호 방향으로 향했다.
MA 형태의 ‘하운드’는 속도가 상당히 빨랐다. 시로코는 추격할 마음이 있었지만, 변형 기능이 없는 ‘디오’로는 앞서가는 저 녀석의 속도를 따라잡을 수 없었다. 몇 차례 연속으로 사격했지만, 상대는 모두 간발의 차로 피했다.
‘하운드’가 점점 멀어지는 것을 보며 시로코는 혀를 차며 차갑게 내뱉었다. “됐다, 어차피 제리드 저 녀석은 구제불능이니, 목숨 하나 살려줘도 상관없겠지.”
그는 시선을 옆의 소형정 잔해로 옮기자 기분이 한결 나아졌다. 즉시 후방에 통신을 보냈다. “전 티탄즈 함선 및 MS 부대에 알린다! 자미토프 하이만 상장께서 회담 중 불행히도 하만의 암살에 의해 서거하셨다! 즉시 게와단 호를 격침하라! 이것은 상장 각하를 위한 장례 전투다!”
시로코는 티탄즈의 전력만으로는 게와단 호를 절대 격침시킬 수 없다는 것을 잘 알고 있었다. 하지만 지금은 이길 수 없어도 싸워야 했다. 이런 방식으로 인심을 모으지 않으면, 아래의 장교와 병사들이 어찌 그의 명령을 듣겠는가?
다행히도, 현재 에우고가 액시즈를 공격하고 있었기에, 티탄즈 부대는 마침 기회를 틈타 기습을 가할 수 있었다.
……
‘헤이즐-라’는 본래 화력을 상당히 강조한 기체였다. ‘프도드Ⅱ’와 합체한 후에는 화력이 더욱 급상승하여, 단기로 소대 이상의 화력을 낼 수 있었다. 여기에 유백의 출중한 조종 기술이 더해져 액시즈 부대의 방어선을 뚫는 것은 시간문제였다.
액시즈 측도 이 강적의 위협을 잘 알고 있었기에, 하만은 직접 ‘큐베레이’라는 MS를 조종하여 게와단의 갑판에서 이륙했다.
그것은 온통 순백색의 기묘한 기체로, 날개 같은 네 개의 바인더가 기체를 감싸고 있어 마치 번데기처럼 유백이 있는 위치를 향해 빠르게 날아왔다.
그 등장은 유백의 시야에서 벗어나지 않았다. 그 신형기 안에서 느껴지는 독특한 압박감을 감지한 그는 즉시 두 자루의 롱 빔 라이플을 들어 하만을 향해 정밀 사격을 가했다.
이것은 유백과 하만의 첫 교전이었다. 인정하지 않을 수 없는 것은, 하만의 조종 기술이 그가 상상했던 것보다 훨씬 우수했다는 점이다.
‘헤이즐-라’의 연속 공격에 맞서, 그녀는 마치 나비처럼 우주 공간에서 너울너울 춤을 췄다. 유백이 발사한 수많은 광선은 모두 그녀의 화려한 ‘춤’으로 회피되었다.
일방적으로 맞는 것은 하만의 성미에 맞지 않았다. 그녀의 기체 양옆 날개가 펼쳐지고, 원래 감싸여 있던 양팔이 뻗어 나와 양손의 손목 입자포로 유백에게 반격했다.
유백은 육안 거리에서 상대의 기체를 보고 순간 멍해졌다. “응? 저건 ‘큐베레이’? 하만의 기체였나?”
그는 예전에 이 기체의 프라모델을 산 적이 있었다. 누가 조종하는지는 몰랐지만, ‘큐베레이’의 우아하고 독특한 자태가 매우 마음에 든다고 늘 생각했었다.
그리고 ‘큐베레이’의 프라모델을 샀었기 때문에, 유백은 이 MS가 특수한 공격 방식을 갖추고 있다는 것을 알고 있었다. 등 뒤에 장착된 판넬이 스스로 날아가 사방에서 적을 포위하여 전방위 공격을 가할 수 있었다. 어떤 면에서는 그 화력이 ‘헤이즐-라’를 능가했다.
그가 그렇게 생각하는 동시에, 하만은 과연 그 전투 방식을 사용했다. 수많은 광선이 ‘큐베레이’의 등 뒤에서 날아 나와 각기 다른 각도에서 유백에게 쇄도했다.
앞뿐만 아니라 머리 위, 발밑, 전후좌우, 사방에서 하만의 살기와 악의가 뿜어져 나와 등골을 서늘하게 했다.
유백은 판넬 병기를 장착한 MS와 싸우는 것이 처음이었지만, 그럼에도 백전노장의 강력한 파일럿으로서 그는 순식간에 대응책을 찾아낼 수 있었다.
‘헤이즐-라’에 장착된 두 개의 실드가 동시에 날아가 I필드로 자신의 등과 아래를 보호하는 동시에, MS 본체는 빠르게 위로 솟구쳤다. 승압 포드형 발칸포가 맹렬히 불을 뿜으며 순식간에 머리 위의 판넬을 산산조각 냈다.
나머지 판넬들은 그의 움직임을 따라잡지 못하고 포문이 동시에 공격을 가했지만, 위쪽 판넬이 파괴되자 광선으로 형성된 그물에 구멍이 생겼다. 유백은 그 틈으로 빠져나와 손을 들어 한 발 쏘아 등 뒤의 판넬 하나를 더 격추했다.
이 판넬들을 조종하던 하만은 순간 흠칫하며, 아름다운 미간을 찌푸렸다. “이 녀석… 설마 ‘큐베레이’의 전투 방식을 아는 건가?”
‘큐베레이’는 이번이 전장에서 처음으로 모습을 드러낸 기체였다.
비록 하만이 이전에 ‘시제형 큐베레이’로 샤아와 두어 번 맞붙은 적은 있었지만, 시제형과 완성체 사이의 격차는 매우 컸고, 외형 또한 유사점을 찾아보기 힘들었다. 상대가 이렇게 빨리 이 기체의 공격 방식에 적응할 리가 없었다.
하지만 지금은 깊이 생각할 겨를이 없었다. 유백의 공격이 다시 시작되었다.
유백은 기체를 MA 형태로 변형시켜 최고 속도로 ‘큐베레이’ 본체를 향해 직진했다. 그가 보기에 상대의 화력이 자신보다 강하다면 근접전으로 승부를 내야 했다.
​
제2권: 새장 속의 소년: 제278장: 오만
이때, 액시즈 군의 명목상 최고 지도자 미네바 자비는 이미 게와단 호에서 게와방호로 이동한 상태였다. 게와방호의 설비가 전자만큼 호화롭지는 않았지만, 규격으로 따지면 이 함선 역시 기함을 목표로 제작되었기에, 이 함선에 탑승하는 것이 격이 떨어지는 일은 아니었다.
시녀의 부축을 받으며, 열 살도 안 된 어린 소녀 미네바 자비는 새로 난 창문 밖을 내다보았다.
이쪽 각도에서는 전장의 빛이 어렴풋이 보였다. 수많은 광점이 공간 속에서 흘러 다니는 것이 마치 여름 축제의 불꽃놀이 같았다. 물론, 소행성대에서 자란 미네바는 진짜 불꽃놀이를 본 적이 없었지만 말이다.
“하만은 저기서 싸우고 있는 건가?”
그녀는 어른 흉내를 내는 말투로 곁에 있는 시녀에게 물었다.
이 시녀는 미네바를 오랫동안 모셔왔기에, 이 작은 전하의 마음속에 숨겨진 두려움을 한눈에 알아차렸다. 그녀가 하만의 안위를 걱정하는 것인지, 아니면 전장 자체를 두려워하는 것인지는 알 수 없었다.
“예, 하만 님께서는 전하와 모든 지온을 위해 열심히 싸우고 계십니다. 하만 님의 도움으로 언젠가 전하께서는 전 지구권의 주인이 되실 겁니다.”
미네바는 멍한 눈빛으로 그녀를 응시하다가, 1초 후 시선을 다시 창밖으로 돌려 전장 방향을 바라보며 중얼거렸다. “하지만, 하만이 밀리고 있는 것 같아.”
“네?”
시녀는 자신도 모르게 망연한 표정을 지었다.
같은 각도에서 밖을 보아도, 시녀는 전장의 광경을 전혀 뚜렷하게 볼 수 없었기 때문이다. 몇 가닥 흐르는 미미한 빛을 볼 수 있다 해도 그뿐이었다. 사람과 사람 사이의 감응력의 차이가 바로 이런 것이었다.
……
“이 자식…!!”
하만은 이를 악물고 눈앞으로 달려드는 적을 바라보며 분노에 찬 표정을 지었다. 상대의 실력은 상상 이상으로 강했고, ‘큐베레이’의 전방위 공격은 예상했던 효과를 내지 못했다.
이때 ‘헤이즐-라’는 이미 눈앞까지 돌진해 와 칼을 들어 ‘큐베레이’를 허리째 베어버리려 했다.
하만이 어찌 그의 공격을 그냥 둘 수 있겠는가? 즉시 기체를 틀어 뒤로 물러나는 동시에 판넬을 조종해 엄호하며, ‘헤이즐-라’가 계속 추격하지 못하게 막았다.
유백의 반응은 매우 빨랐다. 공격이 빗나가자마자 즉시 기체를 회전시켜 총을 들어 다가와 공격하는 판넬을 파괴했다.
이런 과정이 이미 두세 번 반복되었다. 비록 현재 양측은 교착 상태에 있지만, 하만의 판넬 수는 결국 한정되어 있었다. 판넬이 유백에게 모두 제거되고 나면, 이 교착 상태가 계속 유지될 수 있을까?
하만이 밀리는 상황은 당연히 주위 MS 부대의 눈에도 들어왔다. 액시즈 군은 즉시 화력 지원에 나서며 일제히 총구를 들어 ‘헤이즐-라’를 향해 공격을 퍼부었다.
하지만 이 병사들은 실전 경험이 부족했다. 평소의 훈련만으로는 최적의 사격 시점과 각도를 어떻게 찾을 수 있겠는가? 비록 기체 수는 적지 않았지만, 유백의 눈에는 그들의 탄막이 그야말로 허점투성이여서 피하기 어렵지 않았다.
만약 이 수많은 MS 부대를 견제하기 위함이 아니었다면, 유백은 진작에 화력 포위망을 벗어났을 것이다.
수적으로는 액시즈 측이 상당한 우위를 점하고 있었다. ‘가자C’ 자체의 성능이 형편없다 해도, 수가 일정 수준 이상으로 많아지면 마찬가지로 상당한 위협이 되었다.
다행히 에우고 부대도 만만치 않았다. 유백과 같은 에이스 파일럿들이 돌격하여 적의 진형을 교란하는 동시에, 부대는 기회를 잡아 조금씩 전진했다. 그리고 양측의 거리가 일정 수준까지 좁혀졌을 때, 양 진영 파일럿들의 개인 기량 차이가 드러나기 시작했다.
액시즈 측에는 하만이라는 최정상급 파일럿이 한 명뿐인 것은 말할 것도 없고, 심지어 하급 파일럿들조차 에우고 쪽이 더 강했다. 여기에 ‘네모’의 성능이 ‘가자C’를 훨씬 능가했기에, 전장의 광경은 매우 기이하게 변했다. 때때로 에우고 파일럿들이 협동하여 2대 3으로 적을 제압하는 기묘한 장면을 볼 수 있었다.
일반적인 소대전에서, 적보다 MS 한 대만 많아도 그것은 엄청난 우위였다.
이것만으로도 양측의 힘의 격차를 충분히 알 수 있었다.
“이대로 가면 전력 손실이 점점 커질 텐데……”
하만은 오늘 양측의 전력 차이를 깨달았다. 풍부한 병력으로 인한 자신감 팽창도 사라졌고, 전쟁은 단순한 숫자 비교가 아니며 승패에 영향을 미치는 요소가 많다는 것을 이해했다.
엎친 데 덮친 격으로, 그녀가 다음 수를 어떻게 둘지 고민하고 있을 때, 게와단의 함교에서 통신이 들어왔다. “하만 님! 다른 방향에서 적 함선 발견!”
“뭐라고!?”
하만은 눈을 크게 뜨고, 즉시 상대가 보낸 위치 신호를 확인했다.
“쯧! 티탄즈가 있는 방향인가? 자미토프? 아니면 시로코냐!?”
하만은 게와단 호 이하 함대가 이미 양 진영에 끼인 것을 보았다. 만약 계속 교착 상태를 유지한다면, 자신이 이끄는 이 선봉 부대는 전멸할 것이다. 그리하여 즉시 명령을 내렸다. “알았다! 전원 퇴함하라, 게와단 호는 계속 자동 항해시키고 각 포문은 자동 공격 모드로 전환하여 응전하라! 전원 철수할 시간을 벌어라!”
게와단 호는 포기할 수밖에 없었다. 만약 그것까지 탈출시키려 한다면, 함대의 진형이 무너져 오히려 손해가 더 클 것이었다.
그리고 하만의 마음속 그 퇴각의 의지는, 유백의 기체에 내장된 생체 센서를 통해 그의 마음속으로 흘러 들어왔다.
“도망치려는 거냐! 하만!”
유백은 상대의 조작 틈을 간파하고, 즉시 돌진하여 그 여장부 섭정의 조종석을 향해 칼을 찔러 넣었다.
하만의 반응은 빨랐다. ‘큐베레이’ 소매 안의 빔 포가 튀어나와 빔 사벨처럼 그녀의 손에 쥐어졌다. 두 빔 사벨이 맞부딪쳤고, 곧 서로 간섭하는 충격으로 인해 동시에 뒤로 물러나 거리를 벌렸다.
유백은 실드로 등 뒤에서 덮쳐오는 판넬 공격을 막아내고, 손을 들어 하만을 향해 한 발 쐈다.
적은 미처 피하지 못하고, 발끝에 광선을 맞아 기체 전체가 살짝 흔들렸다.
하만은 이를 악물고, 곧 기체를 다시 제어하며 유백의 후속 두 번째와 세 번째 광선을 피했다.
“이 기체를 조종하는 게 너였나! 아가마의 뉴타입!”
“그게 뭐 어쨌다는 거냐!”
유백은 공격을 멈추지 않고, 기체의 기총과 미사일로 적의 퇴로를 압박하며 어떻게든 하만의 앞으로 파고들려 했다.
“어째서 나와 적대하는 것이냐!” 하만은 실탄의 홍수를 피하는 동시에, 통신 채널을 통해 큰 소리로 질문을 던졌다.
“나와 싸우고 싶지 않다면, 전장에서 떠나! 하만 칸!”
“내 앞에서 그 오만한 태도를 거두지 못할까!”
하만은 여왕과 같은 분노의 외침을 내지르며, 즉시 빔 사벨을 뽑아 ‘헤이즐-라’를 향해 휘둘렀다. 그녀의 기세는 극에 달했고, 한순간 유백조차 그녀에게 압도당했다.
그리하여 그녀는 이 순간의 틈을 포착해, 유백을 밀어낸 뒤 먼 곳으로 후퇴했다.
​
제2권: 새장 속의 소년: 제279장: 통합
하만의 상황 판단이 정확했기 때문에, 액시즈 군은 퇴각 시에도 진형이 흐트러지지 않았다. 이로 인해 에우고가 추격할 마음이 있더라도, 자신들의 전력 손실을 고려해야만 했다.
마치 하만의 퇴각에 호응하듯, 게와단 호의 정반대 방향에서, 수많은 포화가 어두운 주역에서 쏟아져 나왔다. 그것은 티탄즈 함대의 포격 화선이었고, 그 모습은 마치 불꽃놀이 같았다.
유감스럽게도, 티탄즈의 포격이 게와단 호에 속속 명중하기 전에, 이 액시즈 기함의 모든 승무원은 이미 전부 철수한 뒤였다. 소형 작업용 로봇이나 MS를 사용하여, 그들은 같은 방향으로 퇴각했다.
게와단 호의 거대한 붉은 함체는 미끼가 되어 티탄즈 함대가 있는 주역의 정중앙으로 나아갔다.
마침내, 세 진영 인원들의 공동 주시 아래, 게와단에서 발생한 폭발의 불빛은 더욱 강렬해졌고, 결국 한 덩어리의 광구로 붕괴하며 우주 속에서 피어났다.
그것은 가장 밝은 퇴각 신호와도 같았다. 이 광경을 본 순간, 에우고든 티탄즈든 양측 모두 현명하게 후퇴를 선택했다.
“게와단 호가 침몰했군……”
그 함선의 최후를 바라보며, 게와방호에 있던 미네바 자비가 나지막이 중얼거렸다.
그녀의 등 뒤에서, 하만 칸이 반쯤 무릎을 꿇은 자세로 사죄했다. “모두 제 지휘가 미흡했던 탓입니다. 부디 전하, 벌을 내려 주십시오……”
이것은 그녀의 진심에서 우러나온 말이었다.
밖에서 게와단이 폭발하는 불빛을 보며, 하만은 가슴에 손을 얹고 자문했다. 자신이 전쟁을 너무 구경거리처럼 대한 것은 아니었을까?
물론, 티탄즈와 에우고 사이의 이 투쟁극은 그녀에게 상당한 자극과 쾌감을 주었다. 하지만 다른 한편으로, 이 싸움에 개입한 자신 역시 다소 우쭐해졌을지도 모른다.
자신이 너무 우쭐해졌기 때문에, 결국 게와단 호를 잃게 된 것이다. 이 점에 대해 하만은 자신에게 변명의 여지가 없다고 생각했다.
바로 그때, 미네바가 앞으로 다가와 양손으로 하만의 얼굴을 감싸고, 자신의 목소리에 침착함을 담으려 애쓰며 말했다. “개의치 마라. 적이 너무 까다로웠기 때문이겠지? 하만.”
“전하께서 이리 명찰하시니, 신은 실로 황공하옵니다. 확실히, 에우고 진영에 상당히 까다로운 자가 있습니다.”
“역시 그렇구나! 아까 게와방의 창밖을 볼 때, 나도 불쾌한 느낌이 들었어.”
하만은 그 말에 깜짝 놀라, 조심스럽게 미네바의 손을 잡고 그녀의 손등을 자세히 살폈다. 부드럽고 고운 피부 위에, 희미하게 소름이 돋아 있는 것을 볼 수 있었다. 그것은 인체가 자극을 받았을 때 나타나는 생리 반응이었다.
‘설마 미네바 전하께서도 그 남자를 감지하신 건가…?’
이전에 유백이라는 자가 보통 사람이 아니라는 것은 이미 알고 있었지만, 지금 상황으로 보아 당시 그를 다소 얕보았던 것 같다.
전사로서의 면모든, 뉴타입으로서의 면모든, 유백이라는 남자는 상상을 초월하는 힘을 지니고 있었다. 이런 존재는 어쩌면 샤아와 동등한 가치를 지니고 있을지도 모른다.
하지만 그럼에도, 하만은 유백을 숙적으로 여겼다.그녀는 잠재의식 속에서 상대의 영혼이 너무나도 순수하다는 것을 깨달았기 때문이었다. 그처럼 강직한 남자가 한번 입장을 정한 뒤에도 과연 자신의 곁으로 와줄 수 있을까?
……
“게와단이 침몰했군….”
미네바와 똑같이 중얼거린 사람은 함교에 서서 전황을 지켜보던 크와트로 대위였다.
아가마 함교의 창 너머로 적 함선이 폭발하며 일으킨 불길이 보였다. 그 불빛이 크와트로의 선글라스에 비쳐 그의 얼굴 절반은 어둡게, 절반은 환하게 물들였다.
브라이트 함장은 액시즈 소속의 그 함선에는 신경 쓰지 않고, 오히려 곁눈질로 크와트로의 옆얼굴을 슬쩍 훔어봤다.
현재 에우고에는 에이스 파일럿이 충분했기에, 크와트로는 더 이상 전장에 나서는 일이 드물었다. 전투가 시작되면 만일의 사태에 대비해 아가마 함교에서 대기했다.
아직 스스로를 파일럿으로 여기는 탓인지, 크와트로는 함교에 있을 때면 늘 과묵했다. 하지만 그런 그가 오늘은 유난히 말이 없었다. 무언가를 예감한 듯, 영 상태가 좋아 보이지 않았다.
그가 전장에서 대체 무엇을 느꼈는지는 브라이트가 이해할 수 있는 영역이 아니었다. 이 전설적인 함장은 근본적으로 뉴타입이 아니었기에, 그들 사이의 기묘한 공감을 즉각 알아차릴 수 없었던 것이다.
“이걸로 액시즈의 기세를 한풀 꺾을 수 있겠지요?”
마치 크와트로를 떠보려는 듯, 브라이트가 불쑥 말을 꺼내 그의 주의를 끌었다.
역시나, 남자는 이쪽으로 시선을 돌려 잠시 생각에 잠기더니 천천히 입을 열었다. “하만의 위협은 여전합니다.”
“그녀와 티탄즈의 회담이 결렬되었는데도 말입니까?”
“결렬되었습니까?”
“……?”
크와트로의 되물음에 브라이트는 할 말을 잃었다. 한참 뒤에야 그 말의 의미를 깨달을 수 있었다.
결과는 크와트로가 예상한 대로였다. 얼마 지나지 않아 아가마는 자미토프가 암살당했다는 정보를 입수했다. 시로코가 임시로 티탄즈의 지휘관이 되었다는 소식도 함께였다.
……
“상황은?”
주피트리스의 함교에 선 시로코가 비서직을 겸하는 마야 소위에게 흥미롭다는 듯 시선을 던졌다.
마야는 사람을 훑어보는 듯한 그의 시선이 마음에 들지 않았지만, 일이니 어쩔 수 없었다. 그녀는 얌전히 수집한 정보를 상관에게 보고했다.
“네! 현재 티탄즈 소속 잔존 부대 대부분이 집결을 마쳤으며, 소수의 부대만이 여전히 각하의 지휘를 거부하고 있습니다. 어떻게 할까요….”
“상관없어. 나중에 내가 해결하지.”
시로코는 그렇게 말하면서도 온화한 미소를 잃지 않았고, 조금의 살기도 내비치지 않았다. 하지만 그의 행동 방식을 잘 아는 마야는 이 남자가 분명 살심을 품었다는 것을 알 수 있었다.
각 부대를 통합하여 게와단을 격파한 후, 시로코의 티탄즈 내 위상은 전례 없이 높아졌다.
자미토프는 처음부터 그를 3인자로 키웠고, 아랫사람들 역시 자연히 그를 높이 평가했다. 그를 발탁한 이유가 바스크 옴을 견제하기 위함이었다고 해도, 자미토프의 총애를 받은 것은 부인할 수 없는 사실이었다. 이제 게와단 격침이라는 실적까지 더해졌으니, 티탄즈 전체가 그의 수중에 들어가는 것은 당연한 수순이었다.
누가 봐도 지금의 티탄즈는 붕괴 직전이었다. 바스크는 전장에서 죽고 자미토프는 암살당했으니, 누가 이 조직이 그의 손아귀에 놀아나는 것을 막을 수 있겠는가?
이런 상황에서 시로코에게 반항하는 것은 어리석은 짓이었다. 마야는 그에게 반기를 들려는 병사들에게 속으로 애도를 표할 뿐이었다.
​
제2권: 새장 속의 소년 : 제280장 신에게 바치는 제물
위이잉―.
기계문이 열리는 소리와 함께 유백이 아가마의 함교로 들어섰다. 예상과 달리, 함교 안의 분위기는 좋지 않은 소식이라도 들은 것처럼 자못 심각했다.
유백은 본능적으로 긴장했다.
막 전장에서 돌아온 그는 모함에 있는 사람들보다 정보 수신이 반 박자 늦을 수밖에 없었다. 이윽고 그는 브라이트 함장이 무거운 목소리로 말하는 것을 들었다.
“자미토프가 하만에게 살해당했다. 이제 티탄즈는 전부 시로코의 손에 들어갔어.”
“시로코라….”
유백은 그리 놀라지 않았다. 적어도 그가 보기에 시로코의 능력은 명목상의 티탄즈 총수보다 훨씬 뛰어났기에, 그가 조직 전체를 찬탈하는 것은 당연한 일이었다.
그는 잠시 생각에 잠겼다가 미간을 찌푸리며 물었다. “시로코가 티탄즈를 즉시 장악하지는 못했을 텐데요? 우리에겐 기회라고 봅니다.”
“전장에 그놈 하나만 있다면야 차라리 다행이겠지만….”
“액시즈 말입니까?”
“하만이 어떤 선택을 할지, 아직은 확실히 알 수가 없군….”
브라이트 함장은 하만의 생각을 가늠할 수 없다고 말했지만, 그의 심각한 표정으로 보아 티탄즈와 액시즈가 함께 에우고를 협공할 것이라 여기는 듯했다. 현재 에우고가 가장 강력한 전력을 보유하고 있는 만큼, 에우고가 존재하는 한 시로코와 하만은 편히 잠들 수 없을 터였다.
사실도 그랬다. 게와단이 격침된 후 삼 세력은 동시에 후퇴했고, 그 후 액시즈와 티탄즈의 군대는 에우고의 측면을 포위하기 시작했다.
물론 두 세력이 의도적으로 연합한 것은 아니었지만, 결과적으로 시로코와 하만은 연합하여 협공하는 태세를 갖추게 되었다.
애너하임의 셔틀이 격침되었다는 소식을 접한 시로코는 에우고와 하만 사이에 깊은 균열이 생겼음을 확실히 깨달았다. 그래서 그는 기세가 오른 기회를 틈타 단숨에 함대전을 걸어 에우고를 공격하고, 하만까지 끌어들여 함께 포위하려 했다.
하만 역시 에우고의 위협을 인지하고 있었다. 그녀는 액시즈의 함대 편성이 아직 완전히 재정비되지 않았음에도 불구하고, 아가마가 있는 주역으로 직접 쳐들어왔다. 다만 군대의 진격 속도가 티탄즈보다 약간 느렸을 뿐이다.
하만이 보기에 시로코는 까다로운 인물이었다. 게와단에서 처음 만났을 때부터 이 남자는 남다르다고 느꼈다. 뼛속까지 음흉하고 교활한 기운이 풍겨 나왔다. 더욱 기묘한 것은, 시로코가 그런 분위기를 굳이 숨기려 하지 않는다는 점이었다. 마치 그것으로 타인과의 다름을 과시하려는 듯이.
그래서 시로코가 티탄즈의 통제권을 찬탈했다는 소식을 듣자마자, 하만은 즉시 그를 경계하며 초반에 반드시 종결을 내야 할 적이라고 판단했다.
더 나아가, 하만은 시로코의 위협을 감지했기에 에우고 세력이 아직 건재할 때 두 세력이 서로 싸우게 만들어 액시즈가 최대의 이익을 얻고자 했다.
이것이 바로 그녀가 티탄즈의 에우고 소탕 작전에 협력하려는 이유였다.
시로코 역시 하만이 어부지리를 노린다는 것을 훤히 꿰뚫어 보고 있었다. 하지만 그에게는 이 또한 기회였다. 현재 티탄즈의 힘만으로는 에우고를 섬멸하기에 부족하지만, 액시즈의 협력이 있다면 가능할지도 모른다.
에우고를 격파한 뒤 액시즈를 어떻게 처리할지에 대해서는 그리 어렵게 생각하지 않았다. 지온에는 결국 하만이라는 강자 한 명뿐이고, 나머지는 오합지졸에 불과했다. 에우고만 섬멸할 수 있다면 액시즈 따위가 어찌 강적이 될 수 있겠는가?
두 사람의 이런 셈법 아래, 에우고는 그야말로 공공의 적이 되어 버렸다.
두 세력 지도자의 의도를 파악하지 못했더라도, 아가마 내부에는 긴장된 분위기가 서서히 퍼져나가고 있었다. 모두가 백척간두의 위기 상황임을 인지하고 있었다.
그래서 유백이 함교를 나설 때, 그의 얼굴에서는 처음의 승전보에 대한 기쁨은 찾아볼 수 없었다.
“유백 대위.”
함교 입구 복도에서 크와트로 대위가 팔짱을 낀 채 벽에 기대어 서 있었다. 불빛이 그의 선글라스에 반사되어 그 아래의 표정을 읽을 수 없었다.
유백이 입을 열기도 전에, 상대가 등 뒤에서 과일주스 두 팩을 꺼내 하나는 이쪽으로 던지고, 다른 하나는 직접 열어 마셨다.
“……이건 위문품입니까?”
“그렇게 생각해 둬.”
유백은 그 말을 듣고 피식 웃으며 똑같이 빨대 포장지를 벗겨 곽에 꽂았다.
모모맛 주스는 사실 별로 맛이 없었다. 단맛은 약한데 인공 향료 맛은 지나치게 강했다. 다행히 주스가 차가웠는데, 아마 크와트로가 막 식당에서 사 온 모양이었다. 시원한 감각이 맛의 부족함을 덜어주었다.
두 사람은 말없이 주스를 빨아 마셨다. 꽤나 이상한 광경이었다.
크와트로는 유백만큼 참을성이 있지는 않은 듯, 주스를 삼키고 긴 한숨을 내쉬며 말했다. “하만과 만났나?”
“유감스럽게도, 죽이지는 못했습니다.”
“신경 쓰지 마. 어차피 그건 내 몫이니까.”
“왜죠?”
“……?”
“전장에서 싸우는 건 크와트로 대위, 당신의 임무가 아닐 텐데요.”
“내 목숨을 더 아껴야 한다는 뜻인가?”
크와트로는 체념한 듯한 목소리로 그렇게 말했다. 자신을 조롱하는 것인지, 유백의 생각에 복잡한 심경이 된 것인지 알 수 없었다.
하지만 그 말투에 돌아온 것은 유백의 날카로운 시선이었다.
유백의 예리한 눈빛이 상대의 푸른 두 눈동자를 꿰뚫었다. 그 안에는 굳은 결의가 담겨 있었다.
“당신은 캐스발 네모 다이쿤이니까요.”
이 말을 내뱉는 유백 자신도 마음이 편치 않았다. 그는 책임을 남에게 미루는 성격이 아니었다. 할 수만 있다면 자신이 직접 나섰을 것이다.
하지만 다이쿤의 아들인 남자는 결국 단 한 명뿐이었다. 그에게 희망을 거는 것은 어쩔 수 없는 선택이었다.
상대방의 말에 담긴 의미를 깨달은 크와트로는 한동안 침묵하다가, 마침내 힘없는 한숨을 내뱉었다.
“설마 우리 다이쿤가는 신에게 제물로 바쳐지는 가문이라도 된단 말인가….”
“죄송합니다. 대위님께는 너무 불공평하겠지요?”
“그렇지는 않아. 전사란, 살아있는 한 끝까지 싸워야 하는 법이지. 나 같은 어리석은 자도 그 정도는 이해하고 있네.”
크와트로는 웃으며 말했다. 선글라스에 가려지지 않은 얼굴 하관만 보면, 그의 미소는 꽤 짙어 보였다. 가려진 부분의 표정이 어땠는지는 오직 그 자신만이 알 것이다.
유백은 그의 말에서 어렴풋이 크와트로의 각오를 읽었다.
이 남자는 전면에 나서기 시작한 순간부터 책임을 짊어질 각오를 다진 것이다. 그 태도가 진심에서 우러나온 것인지, 아니면 그의 뛰어난 연기력 덕분인지는 사실 중요하지 않았다.
크와트로는 자기 몫을 해내는 남자였다.
적어도 유백은 그렇게 믿었다.
“각오는 되셨습니까? 크와트로 대위.”
“……난 이미 오래전에 프리덤을 잃었어.”
그 말을 내뱉은 후, 크와트로는 손에 든 빈 주스 곽을 쓰레기통에 던져 넣고는, 아까의 미소를 지운 채 몸을 돌려 떠나갔다.
​
제2권: 새장 속의 소년 : 제281장 거짓 마음
양쪽의 협공을 피하기 위해, 아가마는 온 주역을 떠돌며 적의 추격을 피하고 있었다.
솔직히 말해 브라이트 함장의 능력은 상당히 출중했다. 함대 지휘 능력으로만 따지면 지구연방 전체에서 그보다 뛰어난 자는 없었다. 그럼에도 불구하고 에우고 함대는 티탄즈에게 두세 차례나 따라잡혔다.
전략적인 판단에 따라 양측은 직접적인 결전을 벌이지 않고, 소규모 MS 부대의 교전만 몇 차례 가졌을 뿐이었다.
에우고도, 티탄즈도, 양측 모두 기다리고 있었다.
시로코는 액시즈 부대와 함께 에우고를 협공할 때를 기다렸고, 유백 쪽은 실버 선더의 완성을 기다리고 있었다.
한 세력의 힘만으로 액시즈와 티탄즈를 동시에 상대하는 것은 허황된 꿈에 가까웠다. 하지만 실버 선더와 같은 결전 병기가 있다면 상황은 달라진다. 잘만 활용한다면, 실버 선더는 전쟁의 승패를 결정지을 수 있을 만큼 강력했다.
이제 어느 쪽의 기회가 먼저 오느냐에 달렸다.
이런 상황 속에서 시간은 하루하루 흘러갔다. 이전에 전투에서 부상을 입고 혼수상태에 빠졌던 카츠도 이제 의식을 되찾았다.
환자를 방해하고 싶지 않았던 건지, 의무실에는 하산 의사의 모습이 보이지 않았다. 벨토치카는 이미 완쾌했고, 그녀가 일주일간 머물렀던 병상에는 카츠가 누워 있었다.
“몸은 좀 어때?”
“하산 의사 선생님이 상처는 다 아물었고, 좀 더 지켜보면 괜찮을 거라고 하셨어요.”
카츠의 목소리는 다소 지쳐 보였지만, 확실히 호전되고 있었다. 조금 전에는 아무로가 찾아와 꽤 오랫동안 이야기를 나누고 갔다.
“다행이네….”
유백은 과일을 침대 머리맡에 놓고 고개를 끄덕인 뒤, 더는 말을 잇지 않았다.
카츠는 그의 마음속 갈등을 꿰뚫어 보고 쓴웃음을 지었다. “그렇게 죄책감 가득한 얼굴 할 필요 없어요, 유백 대위님.”
“내가 좀 과했으니까…. 이 얘기는 듣고 싶지 않을 수도 있지만, 사라에 대해서는 우리 한번 얘기해 볼 필요가 있어.”
카츠는 저도 모르게 숨을 참았다. 아무 말도 할 수 없었다.
유백 대위의 행동이 과했다면, 사라를 죽인 자신은 뭐라고 해야 할까? 만약 그때 본 것이 환각이 아니라 정말 사라의 영혼이었다면, 그녀가 가장 증오하는 것은 바로 자신일 것이다.
유백은 그의 괴로운 표정을 보고 걱정하며 낮은 목소리로 말했다. “카츠, 그 아이는 잊어야 해. 사라 자비아로프, 그녀는 시로코에게 홀렸어. 계속 그녀를 생각하다간, 언젠가 너도 지옥으로 끌려가게 될 거야.”
“대위님은 어떻게 그런 걸 아시는 겁니까?”
카츠는 무언가에 대한 답을 얻고 싶다는 듯, 아주 진지한 눈빛으로 이쪽을 응시했다.
유백은 저도 모르게 침묵에 빠졌다. 설마 뛰어난 감응 능력 때문에 망자의 충격을 받았다고 말해야 할까? 그런 건 살아있는 사람에게 상처만 줄 뿐이다.
“죽은 자에게 얽매인 사람은 불행해져.”
“그건 유백 대위님, 당신이 진짜 뉴타입이기 때문이겠죠?”
카츠는 무표정하게 말했다.
유백이 그 말에 놀라는 사이, 카츠는 자학적인 슬픔이 묻어나는 목소리로 말을 이었다.
“사실 유백 대위님은 절 걱정하실 필요 없습니다. 어차피 전… 사라에게 시달릴 자격조차 없으니까요…!”
붉어진 카츠의 눈시울을 보며 유백은 오랫동안 침묵에 잠겼다.
그는 점점 알 수 없게 되었다.
뉴타입이란 대체 무엇일까? 사람과 사람 사이의 거리를 대체 어느 정도까지 좁힐 수 있는 걸까?
카츠가 뉴타입이라는 점은 의심의 여지가 없었다. 유백은 그에게서 그 특별한 기운을 느낄 수 있었다. 하지만 뉴타입인 카츠는 다른 뉴타입과의 교감에서 심각한 상처를 입었다. 심지어 사라는 죽어서까지 카츠의 영혼에 상처를 남기고 있었다.
설마, 인간은 결국 서로를 이해할 수 없는 존재란 말인가?
유백은 문득 이브닝드레스를 입은 하만 칸의 아름다운 자태를 떠올렸다. 그 여자도 마찬가지였다. 회담 내내 거짓 미소를 지으며 자신의 속내를 어둠 속에 감췄다. 오히려 서로 죽고 죽이는 전장에서야 비로소 가장 진실한 모습을 드러냈다.
이런 뉴타입이 보통 사람과 뭐가 다른가?
모두가 거짓된 모습으로 남을 대하고, 분노할 때만 진짜 자신을 드러낸다.
유백이 보기에, 이것이 인류 혁신의 종착점이라면, 소위 혁신이라는 것은 아무런 의미도 없었다.
“어쩌면, 우리 모두 진짜 뉴타입이 아닌지도 모르지….”
……
그 시각 하만은, 미네바가 바이올린을 연습하는 방 바로 옆에서 전하의 반듯한 연주를 조용히 듣고 있었다. 아직 우아한 경지에는 한참 미치지 못했지만, 그 선율에는 미네바 본연의 견실한 성격이 어렴풋이 드러나고 있었다.
하만은 그 점이 꽤 만족스러웠고, 그녀가 부친인 도즐 자비에게서 물려받은 강인함을 점차 드러내고 있다고 생각했다.
언니가 도즐의 애첩이었던 탓에, 하만은 자비 가문에 대해 꽤 깊은 애착을 가졌었다.
하만의 언니는 몸이 좋지 않았다. 그래서 자비 가문이 붕괴하기 직전 지구권을 탈출하려 했던 하만은, 언니가 도즐에게 순종적인 태도를 보이자 지구권을 떠나려던 생각을 접었다.
하지만 나중에 그녀의 언니는 이런 말을 남겼다.
“한 번의 사랑을 위해 평생을 바치는 게 전통이라지만, 그건 그저 여자에게 당연하다는 듯이 강요하는 것일 뿐이야. 게다가 난 이제 더는 애증에 시달리고 싶지도 않고, 그것 때문에 내 정신을 갉아먹고 싶지도 않아….”
그것이 그녀의 언니가 지구권을 떠난 이유였다.
그때부터 하만은 언니를 증오하기 시작했다.
그녀의 눈에는 변절이란 용납할 수 없는 일인 듯했다. 그런 점에서 보면, 과거 샤아에 대한 그녀의 사랑 또한 이제는 증오로 변해버렸을 것이다.
세월이 흐르면서 하만은 점차 액시즈의 실권을 장악했다. 그 과정의 고초는 굳이 남에게 말할 필요도 없었다.
몇 분 후 미네바의 연주가 멈추자, 하만의 머릿속을 어지럽히던 생각들도 흩어졌다.
그녀는 서둘러 옆방으로 가 박수를 치며 칭찬했다. “전하, 아주 듣기 좋은 연주였습니다.”
미네바는 바이올린을 곁에 선 시녀에게 건네며, 나이에 맞지 않는 차가운 미소를 지었다. “이제 곧 에우고를 따라잡겠지?”
“예. 시대가 곧 바뀔 것입니다.”
어린 전하는 만족스럽게 고개를 끄덕이며 빙그레 웃었다. “하만, 기운이 없어 보이는군.”
“……?”
“지휘관이 기운을 내지 못하면 병사들도 불안해한다. 명심하도록.”
“……넷!”
하만은 상대의 어린 몸에서 도즐 자비의 핏줄을 느끼고 저도 모르게 등골이 서늘해졌다.
자신이 직접 조련한 꼭두각시라 해도, 뼛속의 본성은 변하지 않았다. 미네바는 결국 자비 가문의 사람이었다.
하만은 마음속 깊이 그 사실을 깨달았다.
---------------------------
ps: 솔직히 하만의 이 이브닝드레스는 진짜 예쁘다
​
제2권: 새장 속의 소년 : 제282장 결의
최종 결전의 날이 다가오면서, 긴장된 분위기가 온 주역에 퍼져나갔다. 그 안에 있는 모든 사람이 그 분위기에 감염되어 마음 깊은 곳에서부터 그 살벌함을 느꼈다.
뉴타입이냐 아니냐와는 상관없이, 인류라는 종족은 본래 이로운 것을 좇고 해로운 것을 피하려는 본능을 가지고 있다. 특히 전장에서는 그 감각이 더욱 예민해진다.
즉, 전장에 있는 병사들은 자신의 죽음이 머지않았음을 예감했기에, 자신이 위험에 처해 있다는 사실을 더욱 명확히 인지하는 것일지도 모른다.
더 높은 차원에서 주변 환경을 꿰뚫어 보지 못하기에, 사람들은 죽음의 냄새를 더 예민하게 맡는다. 마치 시력을 잃은 맹인의 청력이 보통 사람보다 더 뛰어나지는 것처럼. 인간에게는 선천적으로 그런 본능이 있었다.
죽음의 위협을 느낀 사람들은 어떻게 스스로를 위로해야 할까? 어떻게 마음속 죽음에 대한 공포를 잠재울 수 있을까?
처음에 말했듯이, 인간의 지혜는 종종 현실을 도피하는 데 교활하게 사용되지만, 현실 앞에서는 그 지혜가 그다지 효과적이지 못하다.
유백처럼 산전수전 다 겪은 병사조차 마음속 긴장을 해소할 방법을 알지 못했다.
결국 뉴타입은 신이 아니었다. 인간인 이상 죽음을 두려워하는 것은 당연한 일이다. 다만 경험 많은 전사는 마음속 공포를 불태워 자신의 전투 동력으로 삼을 수 있었다. 유백이 수많은 전장을 넘어 오늘날까지 올 수 있었던 것은 그가 그런 일을 해낼 수 있었기 때문이다.
그에 비해 벨토치카처럼 전선에 나설 수 없는 평범한 여성은 무척이나 가련해졌다.
그녀는 죽음에 대한 두려움을 제대로 마주하지도, 해소하지도 못했다. 결국 남는 것은 끝없는 긴장뿐이었다. 다른 한편으로, 그녀는 마음에 둔 상대를 위해 무언가 해야 한다는 의무감을 느꼈고, 그래서 며칠 전부터 아예 유백의 방으로 옮겨와 함께 지내기 시작했다.
네 사람이 한방에 모여 있는 것은 너무 비좁았지만, 전장에 나갈 수 없는 그들에게는 북적거림 자체가 위안이 되었다. 성행위는 그들의 마음속 불안과 공포를 달래주는 좋은 방법이었다.
이것이 황당한 일인지 아닌지를 따질 여유는 없었다. 삶과 죽음의 틈바구니 속에서 살아가는 그들에게 윤리나 실정을 따질 한가한 시간은 없었기 때문이다.
이런 상태로 티탄즈와 에우고의 숨바꼭질은 보름 남짓 계속되었다.
보름이라는 시간 자체는 그리 길지 않았지만, 유백에게는 보름간의 기다림이 이미 충분히 지치는 일이었다. 그는 이제야 전쟁이 시작되기 전, 감천에 막 도착했던 크와트로 대위의 심정을 조금 이해할 수 있었다.
“전투가 시작되기 전이 정말 과부 생활보다 더 괴롭군….”
침대에서 천장을 바라보던 유백이 불쑥 한마디 던졌다.
옷을 입고 있던 에이프릴이 그의 말을 듣고 고개를 돌려, 목소리를 낮춰 말했다. “조용히 해요. 그녀들은 아직 안 깼어요.”
유백은 금발 머리 밑에서 팔을 빼냈다. 베개로 쓰인 팔은 이미 저릿했다. 그는 다른 손으로 상체를 일으키며 낮은 목소리로 말했다. “죽든 살든, 빨리 결판이 났으면 좋겠어. 당신은 안 그래?”
에이프릴은 그를 깊이 응시하다가 한참 만에 입을 열었다. “이기든 지든, 당신이 돌아왔으면 좋겠어요.”
“난… 군인이야.”
입으로는 그렇게 차갑게 말하면서도, 유백은 침대에서 내려와 천천히 에이프릴 곁으로 다가가 그녀의 허리를 두 팔로 감쌌다.
유백의 속마음 같아서는 에이프릴의 제멋대로인 발언에 대꾸하고 싶지 않았다. 그녀의 말이 너무나 비현실적이어서 짜증이 치밀었다.
하지만 그는 흐트러진 마음을 다잡았다. 이런 방식을 통해서라도 자신을 채찍질하며, 인간으로서 가져야 할 부드러운 면을 잊지 않으려 했다. 이것은 카미유에게서 배운 것이었다.
그는 연인의 머리카락에서 풍기는 샴푸 향기를 맡으며, 그녀의 귓가에 나지막이 속삭였다. “약속할게. 전력을 다해 싸우고, 당신 곁으로 돌아올 거야.”
유백의 말은 순전히 거짓말이었다. 누구도 자신의 생사를 예측할 수 없었다. 특히 전장이라는 이름의 거대한 분쇄기 속에서는 더욱 그랬다.
에이프릴은 예리하게 그 사실을 간파했다. 거짓말을 싫어하는 그녀는 즉시 유백을 밀어내려 했다. 하지만 에이프릴은 힘이 약한 여성이었고, 두 손으로는 남자의 체중을 밀어낼 힘조차 없었다.
“지키지 못할 거라면, 그런 말 하지 말아요….”
“그냥 당신을 위로하고 싶었어.”
“나… 임신했어요…!”
몇 마디 안 되는 말이었지만, 마치 벼락처럼 유백을 그 자리에 얼어붙게 만들었다.
그는 에이프릴을 바라보는 눈에 경악을 가득 담았다. 마치 엄청난 소식이라도 들은 듯했다.
에이프릴은 그의 표정을 자세히 살폈다. 그의 눈 속 감정이 경악에서 기쁨으로, 다시 기쁨에서 의혹과 긴장으로 바뀌는 것을 똑똑히 목격했다.
“며칠 전에 몸이 안 좋아서 의무실에 가봤는데, 하산 의사 선생님이 임신했다고 하더군요.”
유백은 이제야 경악에서 벗어났다. 그의 얼굴에는 기뻐해야 할지, 근심해야 할지 모를 복잡한 표정이 떠올랐다. 한참을 망설이다 겨우 입을 열었다. “지난번에 핵펄스 때문에… 아니, 맞다, 가능성이 있다고 했지…. 아무튼! 임신했다니 다행이야.”
횡설수설하는 유백을 보며 에이프릴은 그의 뺨에 손을 뻗어 쓰다듬었다. 그녀는 괴로운 듯 웃으며 말했다. “우리를 버릴 수 있겠어요?”
“나―”
뺨에 닿는 부드러운 감촉을 느끼며 유백은 침묵에 빠졌다. 상대의 가느다란 허리를 감싼 두 손도 굳어졌다. 그의 마음은 몹시 복잡했다. 최악의 타이밍에 최고의 소식을 듣게 될 줄이야 어찌 알았겠는가?
에이프릴의 몸 안에, 자신이 이 세상에 존재한다는 증거가 있었다.
불행한 어린 시절을 보낸 사람에게 가정의 따뜻함은 원래부터 소중했다. 하지만 지금의 전장은 어렵게 얻은 행복을 산산조각 내려는 듯하여, 유백은 극심한 좌절감을 느꼈다.
그의 심경 변화를 눈치챈 에이프릴은 문득 후회했다. 자신도 모르는 사이에 또 상대에게 부담을 줬다는 것을 깨달았다. 이게 다 나이를 먹은 탓일까? 그녀는 벨토치카 같은 젊은 여자아이라면 비슷한 말을 하더라도 더 좋은 상황을 찾을 수 있었을 것이라고 생각했다.
“미안해요, 유백.”
사과의 말이 불쑥 튀어나왔다. 듣는 사람은 영문을 몰라 어리둥절했다.
유백은 그때서야 자신의 천박함을 깨달았다. 오래 동거한 연인이라도, 뉴타입인 자신은 상대의 생각을 완전히 이해할 수 없었다. 사람과 사람 사이의 벽은 정말 넘기 어려웠다.
하지만 실정이 어떠하든, 유백은 이 전쟁을 자신의 손으로 끝내고 당당하게 아가마로 돌아가겠다고 결심했다.
에우고는 오늘날까지 왔다. 자신도 돌아갈 곳을 얻었다. 만약 여기서 전사한다면, 동료들의 두터운 신임과 지금 손에 쥔 온기를 저버리는 셈이었다.
유백은 연인을 품에 끌어안았다. 그의 눈에 굳은 결의가 스쳤다.
​
제2권: 새장 속의 소년 : 제283장 개막
하만이 이전에 미네바에게 보고했던 것처럼, 최종 결전의 날은 코앞으로 다가와 있었다.
액시즈 소속 함대는 현재 아가마의 이동 방향을 향해 진을 치고 있었고, 후방에 위치한 게와방호는 위장 운석 무리에 둘러싸여 경계망을 펼치고 있었다.
“이제 곧 샤아와 시로코를 직접 마주하게 되겠군….”
상황이 이쯤 되자 하만 칸처럼 강인한 여자도 마음속으로 초조해지기 시작했다. 이 전투가 지구권의 패권을 결정지을 것이기에, 긴장하지 않기란 어려운 일이었다.
한편 티탄즈의 함대는 현재 액시즈 함대와 동일한 수평면의 비스듬한 앞쪽 주역에 위치하며, 계속해서 아가마를 향해 접근하고 있었다. 다만 각도 문제로 하만 쪽에서는 주피트리스의 동향을 직접 육안으로 관찰할 수는 없었다.
두 세력은 확실히 어떤 암묵적인 합의를 이룬 듯했다. 그들의 함선이 육안으로 보일 거리까지 가까워졌음에도, 양측은 교전하지 않고 일단 에우고부터 제거할 셈이었다.
시로코는 주피트리스의 함교에 서서 오른손으로 턱을 쓰다듬으며 액시즈가 있는 방향으로 시선을 던졌다. 그의 얼굴에는 희롱하는 듯한 미소가 걸려 있었다.“하만도 에우고를 최대의 적으로 보는 모양이군. 여자치고는 기본적인 전략적 안목은 갖추고 있나?”
“아가마, 육안 확인 거리까지 접근했습니다. 공격을 개시할까요?” 오퍼레이터가 티탄즈의 임시 지도자를 돌아보며 물었다.
“좋아. 아가마만 격침하면 에우고는 정신적 지주를 잃는 셈이다! 알렉산드리아급은 하만의 동향을 감시하고, 나머지 부대는 출격 준비!”
시로코는 큰 소리로 명령을 내린 뒤, 주피트리스의 함장석에 앉았다.
그는 파일럿 전용 노멀 슈트로 갈아입지 않았다. 아직 자신이 직접 나설 때가 아니라고 판단했기 때문이다.
‘적어도 하만의 움직임을 파악한 뒤에 움직여야지…….’
그런 생각을 하며 그는 함교 창문 너머로 바깥을 바라보았다. 티탄즈의 MS 부대가 발진하여, 미리 정해둔 진형으로 아가마가 있는 곳을 향해 날아가고 있었다.
……
에우고 소속 함선들은 짙은 살기에 휩싸여 있었다.
교착 상태가 영원히 이어지지는 않으리란 건 모두가 알고 있었다. 하지만 대전이 너무 이르게 찾아왔다. 실버 선더의 준비 작업이 아직 완전히 끝나지 않아, 본래 성능을 발휘할 수 없는 상태였다.
창밖으로 시선을 돌리자, 눈에 거슬릴 정도로 번쩍이는 빛의 무리가 보였다. 티탄즈의 함대였다. 그들의 함선과 MS는 이 주역에서 마치 무수한 별처럼 빛나고 있었다. 아름다운 광경이었지만, 에우고 소속 병사들의 눈에는 긴장과 죽음의 그림자만을 드리울 뿐이었다.
이 광경을 보는 것만으로도 에우고 측은 상당한 위협을 느꼈다. 적이 저렇게 대담하게 나오는 것은 액시즈 부대가 이미 근처에 도착했다는 뜻이며, 에우고가 협공을 당하는 것은 피할 수 없는 현실이 되었다는 의미였다.
아가마 함내에 전투 경보가 계속해서 울려 퍼졌다. Z 건담은 건 랙에서 하이퍼 메가 런처를 꺼내 들고 캐터펄트 덱으로 이동했다.
카미유는 귀를 찢는 경보음을 들으며, 바늘구멍만 한 빛들의 위치와 수를 끊임없이 확인했다. 그리고 그 데이터를 컴퓨터가 분석한 전장의 피아 식별 배치도와 비교했다.
“세단의 문에서 심각한 타격을 입고도 아직 이 정도의 전력이 남아 있다니…….”
멀리 보이는 저 빛무리들은 육안으로는 그 수를 헤아리기조차 어려웠다. 감으로 판단컨대, 아마 세 자릿수는 족히 될 것이다.
티탄즈는 썩어도 준치라는 말이 딱 맞았다. 연이은 패배로 세력권이 계속 위축되었음에도, 그 병력은 에우고가 감히 비교할 수 있는 수준이 아니었다. 게다가 지금 에우고는 재벌과의 관계가 좋지 않아 MS 보급 대부분을 금평도 기지에 의존하고 있어, 최전선 보급 상황은 더욱 빠듯했다.
“이렇게 심각한 상황에 유백 대위님은 바로 출격할 수 없다니……!”
카미유는 분한 마음으로 옆에 있는 아스완을 힐끗 쳐다보았다.
그 전함의 갑판 밖에서는 거대한 MA 한 기가 정비 중이었다. 유백 대위는 지금 그 함선에서 ‘실버 선더’의 조정 작업이 끝나기를 기다리고 있었다.
……
그 시각, 유백 역시 아스완의 격납고 창문을 통해 멀리 보이는 티탄즈 함대의 거대한 위용을 바라보며, 솟아나는 근심을 감추지 못했다.
‘아무래도 저쪽은 공격을 시작할 모양이군…….’
아가마는 이미 제1종 전투 태세에 돌입했고, 아스완도 마찬가지였다. 이 함선에 다시 배속된 흑달 소대 멤버들은 모두 MS에 탑승하여 출격 명령을 대기하고 있었다.
이런 상황에서 유백만이 홀로 MS 밖에 나와 있었다.
그의 기체는 아직 개조 중이었다. ‘헤이즐-라 II’는 ‘실버 선더’와의 도킹 작업을 진행해야 했기에, 당장은 출격할 수 없었다.
정비병들이 밤낮없이 고생하는 것은 알지만, 전투는 사람을 기다려 주지 않는다. 최종 결전에 맞춰 나가지 못한다면 이 모든 수고는 물거품이 될 터였다.
그는 즉시 고개를 들어 위에서 바쁘게 움직이는 정비병 헨드릭을 향해 외쳤다. “얼마나 더 걸립니까?”
헨드릭은 돌아보지도 않고 큰 소리로 대답했다. “I 필드 조정이 아직 안 끝났어요!”
“피버에 있던 I 필드는 이미 이식하지 않았습니까?”
“그것만으로는 기체 전체를 커버할 수 없다고요! 하반신이 빔에 맞을 겁니다――”
대화는 거기서 끊겼다. 적 함대가 포격을 개시했기 때문이다. 무수한 불줄기가 에우고 함대 주위를 스쳐 지나갔고, 그중 한두 발이 아스완의 선체에 명중하며 함 전체를 강하게 뒤흔들었다.
유백은 몸이 튕겨 나가지 않도록 황급히 옆의 난간을 붙잡았다.
다시 창밖으로 고개를 돌리자, 라디슈를 비롯한 함선들의 MS 부대가 이미 갑판에서 발진하여 아가마의 에이스 파일럿들을 필두로 티탄즈를 향해 정면으로 공격해 들어가고 있었다. 그 속에서 제타의 그림자도 보였다.
이런 상황에 유백은 초조함을 느꼈다.
티탄즈의 병력만으로도 에우고와 대등하게 맞설 수 있는데, 여기에 액시즈의 전력까지 가세한다면 형세는 일방적으로 기울 것이다. 그때가 되면 사상자는 이루 말할 수 없이 많겠지…….
하만은 영리한 여자다. 전장의 국면을 꿰뚫어 보고 있다. 액시즈 함대의 움직임으로 보아, 그녀가 싸움에 끼어드는 것은 필연적이다. 그녀가 개입하는 순간, 에우고의 전선은 바로 붕괴하고 말 것이다. 그녀의 날카로운 눈은 전선의 허점을 기가 막히게 찾아낼 테니까.
따라서 에우고의 선발 부대가 우위를 점하는 것이 매우 중요하다. 하만에게 끼어들 틈을 주어서는 안 된다.
“더는 못 기다리겠습니다……! 헨드릭 씨, ‘실버 선더’의 코어 유닛 장착 작업부터 먼저 진행해 주십시오! I 필드가 하반신을 커버하지 못해도 상관없습니다! 최대한 빨리 출격하겠어요!”
​
제2권: 새장 속의 소년 : 제284화 난적
이곳은 소용돌이처럼 혼란스러운 주역이었다.
티탄즈와 에우고의 MS 부대는 우주 공간에서 연달아 충돌하며, 인간의 신경으로는 따라잡기 힘든 속도로 눈부신 섬광이 되어 사라져 갔다.
일반적으로 파일럿은 자신의 상대적 위치를 확인하기 위해 눈앞의 무언가를 기준으로 삼아야 한다. 그렇지 않으면 쉽게 방향 감각을 잃기 때문이다. 하지만 이 전투에서는 그럴 필요가 없었다. 조종석 스크린 너머로 밖을 보기만 해도, 자신이 어디를 향해 죽으러 가야 하는지 명확히 알 수 있었으니까.
양측의 MS 부대는 서로 뒤엉켜, 마치 한데 뭉쳐버린 털실 뭉치처럼 카오스 상태를 보였다.
빔과 실탄이 끊임없이 주역에 쏟아지며 전사들의 목숨을 앗아갔다. 이런 상황에서는 아무리 뛰어난 파일럿이라도 목숨을 잃을 수 있었다.
콰앙――
Z 건담의 조종석에 MS가 폭발하는 전자음이 울렸다. 물론 Z 건담이 피격당한 것은 아니었다. 카미유가 방금 빔 라이플로 ‘바잠’ 한 기를 격추한 것이다.
MS 내부에는 보통 각종 폭발음이 녹음되어 있어, 주위의 기체가 격추될 때마다 컴퓨터가 자동으로 해당 사운드를 재생한다. 이는 파일럿의 주변 상황 파악 능력을 높이고, 동시에 전장에서 긴장감과 흥분감을 유지시키기 위함이다.
하지만 이런 기능은 카미유에게는 다소 불필요했다. 그는 감각만으로도 적기가 격추되었는지 알 수 있었기 때문이다.
“여섯 번째…….”
그는 자신의 격추 수를 세고 있었다.
전투가 시작되자마자 이런 대단한 전과를 올린 것은 카미유의 실력이 얼마나 뛰어난지를 증명했다. 하지만 이런 숫자는 이번 전투 전체로 보면 언 발에 오줌 누기나 다름없었다.
전방의 빛점들은 셀 수도 없이 많았다. 자기 혼자서 얼마나 많은 적기를 상대할 수 있단 말인가? 파일럿 본인의 체력이 충분하더라도 MS의 무기와 탄약은 한정되어 있다. 이것이 바로 에이스 파일럿이 전장을 지배할 수 없는 이유였다.
카미유는 에너지가 다 된 에너지 팩을 교체하며 이대로는 안 되겠다고 생각했다.
이런 잔챙이들에게 자원을 쏟아붓는 것은 아무 의미가 없다. 그렇다고 지휘관기를 노리는 참수 작전을 펼치자니, 그것도 쉬운 일이 아니었다. 우주는 일반인이 상상하는 것보다 훨씬 광활해서, 적의 기함을 쉽게 찾아낼 리가 없었다. 오히려 함선과 MS 수에서 열세인 에우고의 아가마가 공격당할 위험이 더 컸다.
그가 망설이고 있을 때, 전장 측면, 티탄즈 소속 함대 근처에서 일반 MS보다 훨씬 거대한 빛점이 시야에 나타났다.
“……뭐지?”
다른 사람보다 직감이 훨씬 예민한 카미유는 즉시 그 빛 덩어리에서 심상치 않은 기척을 감지했다.
다음 순간, 머리카락처럼 가느다란 무수한 광선이 그 빛 덩어리에서 뻗어 나와 주위의 빛점 몇 개를 그대로 꿰뚫었다. 상대가 강력한 기체를 투입해 확산 빔으로 공격하고 있음이 분명했다.
이 공격 방식은 카미유에게 불길한 예감을 불러일으켰다.
“설마… 사이코 건담인가?”
그에게 ‘사이코 건담’은 악몽과도 같은 존재였다. 하마터면 사랑하는 연인을 집어삼킬 뻔했고, 존경하는 상관에게 심각한 부상을 입혔다. 그날 그 기체는 에우고에 나포되어 해체되었지만, 티탄즈가 다음 기체를 생산하지 않으리라고 누가 장담할 수 있겠는가?
“저걸 조종하는 건, 설마 또 강화인간인가!”
그런 생각이 들자 카미유는 더 이상 가만히 있을 수 없었다. 그는 즉시 달려드는 적기 한 대를 쏴 격추한 뒤, 제타를 MA 형태로 변형시켜 그 거대한 빛 덩어리를 향해 날아갔다.
……
우주 공간은 너무나 광활하기 때문에, 중력 환경에서 길러진 공간 감각은 거의 소용이 없다. 육안만으로는 적기의 크기나 서로 간의 거리를 판단하기가 대부분 불가능하다.
이런 상황에서는 일정 거리까지 접근하지 않으면 적의 형태를 판단할 수 없다.
“신형기인가…….”
‘릭 디아스’의 조종석에서, 바치 중위는 스크린에 비친 위풍당당한 대형 MS를 응시했다. 그 적기에는 형식 번호나 이름이 없었다. 티탄즈가 이제 막 전투에 투입한 신형기라는 뜻이다.
바치 중위가 보기에 이런 상황은 이상하지 않았다. 티탄즈는 자금력이 풍부하고 자체 개발 공장까지 갖추고 있으니, 어떤 신형 MS를 만들어내도 이상할 게 없었다. 유일하게 놀라운 점은 신형기를 마지막 순간까지 숨겨왔다는 사실이었다.
“한번 붙어볼까?”
신형기와의 전투는 위험하지만, 현재 전황을 고려하면 후퇴했다가는 더 큰 사상자를 낼 수 있었다. 그렇게 생각한 그는 즉시 주위의 아군에게 함께 전진하라고 지시하며, 저 신형기와 승부를 겨뤄볼 작정이었다.
하지만 돌격하던 바치 중위는 곧 이상한 낌새를 눈치챘다.
전방의 저 MS, 너무 큰 거 아닌가? 크기만 보면 ‘네모’의 두 배는 족히 되어 보였다.
“설마 MA인가?!”
그가 그렇게 생각하는 순간, 적기는 양손을 들어 올렸고, 열 손가락에서 동시에 빔을 발사하여 빔 그물을 만들어 에우고 부대를 그 안에 가두었다.
바치 중위는 깜짝 놀라 급히 기체를 낮췄다. ‘릭 디아스’는 아슬아슬하게 빔 그물을 빠져나왔다. 하지만 부대의 다른 MS들은 운이 좋지 않았다. 무수한 빔이 순식간에 그 기체들을 흔적도 없이 파괴했다.
그는 서둘러 바주카를 들어 올려 이 거대한 놈에게 한 방 먹이려 했다. 하지만 전방 기체의 전모를 제대로 파악하기도 전에, 건담 얼굴을 한 거대 괴물이 이미 돌진해 오고 있었다. 그것은 마치 온몸에 가시가 돋친 고슴도치처럼 전신이 포문으로 뒤덮여 있었고, 빔이 눈부신 빛을 발하고 있었다.
순식간에 바치의 시야는 빛으로 뒤덮였다. 무수한 빛줄기가 ‘릭 디아스’의 기체를 꿰뚫고, 산산조각 내버렸다.
한발 늦게 도착한 카미유는 바치 중위의 죽음을 전부 목격하고는 이를 악물었다. “역시 사이코 건담인가!”
눈앞의 이 거대 괴물은 과거 포우 무라사메가 조종했던 기체와는 달랐다. 몸체가 훨씬 날렵해졌을 뿐만 아니라, 장착된 무기들도 대폭 강화되었다.
사실, ‘사이코 건담 Mk-II’라 불리는 이 괴물은 과거의 MS와는 비교할 수 없는 화력을 지니고 있었다. 이 기체 본체에만 40문 이상의 메가 입자포가 장비되어 있어, 단일 기체로서는 최강급의 화력을 자랑했다.
조금 전 카미유가 보았던 고슴도치 같은 모습은, 바로 온몸의 포문이 동시에 불을 뿜었기 때문이었다.
물론, 강력한 에이스 파일럿이라도 전장에서 결정적인 역할을 하기는 어렵다. 하지만 모든 일에는 예외가 있는 법. 기체의 파괴력이 일격에 대규모의 적을 섬멸할 수 있을 정도로 강하다면, 전장을 지배하는 것도 더는 허황된 이야기가 아니다.
“저 기체가 전장 한가운데로 돌진하게 둬선 안 돼!”
그런 생각으로 카미유는 적기를 향해 총구를 겨눴다.
​
제2권: 새장 속의 소년 : 제285화 실버 선더
“이놈, 생각보다 훨씬 까다롭군…….”
‘사이코 건담 Mk-II’를 조종하는 게이츠 카파는 입가에 냉소를 머금었다.
이 기체의 위력은 과거에 조종했던 ‘하운드’와는 비교가 되지 않았다. 화기 관제 시스템이 상당히 복잡하고, 사이코뮤 시스템이 파일럿에게 주는 부담도 엄청났지만, 그럴 만한 가치가 있었다. 이런 절대적인 화력 우위만 있다면 어떤 적이든 문제없었다.
이 점은 이전에 맞붙었던 ‘헤이즐-라 II’에게서 배운 것이었다.
이전 세단의 문 주역 전투에서, 그가 이끌던 뉴타입 부대는 유백 단 한 명에게 궤멸당했고, 자신이 조종하던 뉴타입 전용기 ‘하운드’마저 ‘헤이즐-라 II’에게 격파당해 겨우 목숨만 건졌다.
게이츠 카파는 이 경력을 치욕으로 여겼다.
이끌던 부대가 첫 전투에서 적에게 전멸당하고, 대장인 자신은 티탄즈에서 현재 운용 가능한 유일한 강화인간이 되어버렸으니, 어찌 분노하지 않을 수 있겠는가?
자연스럽게 그는 이번 최종 결전에서 ‘사이코 건담 Mk-II’에 탑승하여, 이전의 치욕을 씻으려 했다.
하지만 전장에서 특정 적과 마주치는 것은 현실적으로 불가능한 일이다. 예를 들어 지금처럼, 자신에게 굴욕을 안겨준 녀석을 상대하고 싶었지만, 엉뚱하게도 아가마 소속의 다른 뉴타입과 마주치게 된 것이다.
아마도 ‘사이코 건담 Mk-II’ 내부의 바이오 센서 때문인지, 그는 적기에서 뿜어져 나오는 압박감과 그에 동반된 살기를 자연스럽게 감지할 수 있었다.
그의 눈에 제타가 빔 라이플을 들어 올리는 것이 보였다. 총구에서 발사된 입자 빔이 자신이 탄 기체의 머리를 향해 곧장 날아왔다.
하지만 이런 단순하고 직접적인 공격은 ‘사이코 건담 Mk-II’에게 전혀 통하지 않았다.
I 필드 기능이 제거되었더라도, 이 기체에는 빔에 대처할 수단이 있었다.
게이츠의 조종에 따라 기체에 장착된 리플렉터 인컴이 날아가, 엄청난 속도로 조종석 앞을 가로막았다. 빔은 그 장치에 부딪히자마자 반사되어 제타가 있는 위치로 되돌아갔다.
“어떻게 된 거지!”
자신의 공격이 반사되는 것을 본 카미유는 깜짝 놀라 즉시 기체를 틀었다. 하지만 적기의 다른 리플렉터 인컴들이 이미 Z 건담의 등 뒤로 날아가 있었고, 빔은 다시 한번 굴절되어 Z 건담의 왼팔에 명중했다.
“이 자식!”
이 광경을 본 카미유가 상황을 파악하지 못할 리 없었다. 상대가 어떤 장비로 빔의 경로를 바꾸고 있다는 것을 즉시 깨달았다.
간파하는 것과 공략하는 것은 별개의 문제였다. 그는 곧 상대의 그 ‘거울’이 무엇을 위한 것인지 깨달았기 때문이다.
게이츠는 적기의 위압감을 온몸으로 느끼고, 즉시 제거하기로 마음먹었다. 기체 전방의 포문들이 일제히 불을 뿜었고, 하늘을 뒤덮을 듯한 빔이 쏟아졌다. 스무 개가 넘는 입자 빔을 피하기란 쉽지 않았다. 카미유는 즉시 후퇴하여 거리를 벌리며 빔의 틈새로 빠져나가려 했다.
하지만 바로 그 순간, 스무 개의 빔이 동시에 방향을 틀어 사방에서 제타를 향해 쇄도했다.
카미유는 유백에게서 ‘큐베레이’의 올 레인지 공격에 대해 들은 적이 있었다. 하지만 지금 보니, 눈앞의 이 녀석은 큐베레이보다 몇 배는 더 강한 화력을 지녔고, 공격 방식은 더욱 기괴하여 도저히 막을 수가 없었다.
하지만 그는 어쨌든 에우고의 간판 파일럿 중 한 명이었다. 아무리 강한 적을 만나도 순순히 당하고만 있지는 않았다.
Z 건담은 겉모습만 번지르르한 기체가 아니었다. 하드웨어 스펙 면에서는 ‘디오’ 같은 최신예기에게 다소 뒤처질지 몰라도, 기동성만큼은 여전히 이 시대 최고 수준이었다.
카미유는 기체를 조종해 연속으로 방향을 바꾸며 주위의 운석을 방패 삼아 모든 빔을 피했다. 등 뒤의 날개에 두어 발 스친 것이 전부였다.
그의 기술은 물론 화려했지만, 전체적으로 보면 일제 사격 한 번을 피하는 데 온 힘을 쏟아부은 셈이라, 적기를 격파할 여력은 없었다. 적의 두 번째 공격이 곧 날아올 기세였지만, 카미유는 후퇴할 수 없었다. 저 기체는 너무 위험했다. 발을 묶어두지 않으면 전선 전체가 붕괴할 것이다.
그가 만반의 태세를 갖추고 지형을 이용해 적기를 견제하려던 그때. 그는 갑자기 등 뒤에서 격렬한 굉음이 들려오는 것을 느꼈다.
느꼈다고 표현한 이유는, 이 소리가 실제로 존재하는 소리가 아니라 더 오묘한 무언가였기 때문이다. 정신을 집중하자 카미유는 그것이 수많은 사람의 처절한 비명과 울부짖음이라는 것을 깨달았다.
“어떻게 된 거지……!?”
그가 ‘사이코 건담 Mk-II’를 바라보자, 적기 역시 움직임을 멈춘 것을 발견했다. 조종석 안에서는 마치 두려움에 떠는 듯한 기운이 전해져 왔다.
“저 기체의 파일럿조차 이 기척을 감지한 건가!?”
카미유는 전투 중이라는 것도 잊고 황급히 등 뒤를 돌아보았다.
그가 본 것은 지극히 독특한 형태의 기체였다. 구체적인 팔다리도 없이, 완전히 MS의 개념에서 벗어난 형상으로 전장에 나타난 그것은, 마치 구약성서에 나오는 천사와 같았다.
그리고 그 등 뒤로는 하늘을 찌를 듯한 불길과 온 사방으로 퍼져나가는 미사일과 빔이 있었다. 폭발의 붉은 화염에 비친 주역 전체가, 마치 혼돈의 천국과도 같았다.
카미유는 예전에 계획서에서 이런 형상을 언뜻 본 적이 있었다. 그는 저도 모르게 중얼거렸다. “벌써 완성된 건가? 실버 선더…….”
……
그 순간, 유백은 ‘실버 선더’ 상반부 코어 유닛의 조종석에 앉아 복잡한 화기 관제 시스템을 조작하며, 시야에 들어오는 모든 적을 학살하고 있었다.
‘학살’이라는 단어는 물론 듣기 거북하지만, 유백의 시점에서 볼 때 현재의 전황을 이보다 더 정확하게 묘사할 수 있는 단어는 없을 것이다.
‘실버 선더’ 앞에서 적들은 손 쓸 도리조차 없었다.
그것은 이름 그대로 압도적인 힘으로 밀어붙이는 기체였다. 화려한 과학 기술 따위는 없었다. 오직 압도적인 화력과 극한의 추진력만이 존재할 뿐이었다.
확산 빔 포, 빅 잠 캐논 II, 내장 미사일 포드와 핵미사일……. 이 무기들은 어느 것 하나만 떼어놓고 봐도 일반 MS를 파괴하고도 남을 만큼 강력했다. 당연히, 이 모든 것을 한 기체에 모아놓았을 때, 질적인 변화가 일어나는 것은 필연적이었다.
게다가 대형 MA의 필수 장비인 I 필드까지 갖추고 있어, 적군은 반격조차 하지 못하고 이 거대 괴물의 포화 아래 원통하게 죽어갈 뿐이었다.
이 기체는 명실상부한 일기당천이었다. 유백의 조종 아래, 그것은 폭풍처럼 전선 최전방으로 돌진하여 비처럼 쏟아지는 화력으로 적을 제압했다. 마지막으로 빅 잠 캐논 II의 포구에서 빛이 터져 나오며, 일반적인 고출력 메가 입자포의 규모를 훨씬 뛰어넘는 빔이 발사되어 돌격 경로상의 모든 티탄즈 소속 MS를 단숨에 소멸시켰다.
‘실버 선더’의 힘은 티탄즈의 전선을 단번에 갈라놓았다. 그리고 유백은 조금도 망설이지 않았다. 바이오 센서를 통해 카미유가 위기에 빠진 것을 감지한 그는, 즉시 이 거체를 몰아 ‘사이코 건담 Mk-II’가 있는 곳으로 돌진했다.
​
​
​
​
#건담
#기동전사건담
#제타건담
#Z건담
#건담소설
#건담팬픽
#2차창작
#우주세기
#액시즈
#세단의문
#티탄즈
#에우고
#주피트리스
#자미토프
#바스크옴
#팝티머스시로코
#시로코
#하만칸
#MS파일럿
#우주요세
#운석충돌
#심리전
#정치극
#건담매니아
#웹툰스타일
#AI이미지
#건담일러스트
#전투배경
#작전실
#함교
#SF웹툰
#스토리보드
#비주얼노벨
#덕질스타그램",https://blog.naver.com/skycat0907/224265892981,세계정복,20260426,2026-04-27 15:34:54
에이스(휴,경기도 시 대장 비교 — 아파트 실거래가 서열화 (2),"도창동 에이스 3억 4,575 1997 45% 14% 20위 매화동 매화마을홍익 3억 4,333 2000 44% 14% 21위 하상동 연꽃마을태평2 3억 800 2003 40% 12% 22위 포동 태산아파트 2억 9,333 1993 38% 12% 시 대장: 목감동... ","(1부에 이어서)
정리 방법
국토교통부 실거래가 공개시스템의 2025년 거래 데이터를 프로그램으로 집계했습니다.
26년 3월까지 거래데이터는 이전 포스팅 참고 바랍니다.
대상
: 경기도 28개 시(하위 구가 있는 시는 시 단위 통합), 84타입(80~90m²) 기준
시 대장
: 시 내부의 모든 동대장 중 평균매매가 1위 단지
서열화(%)
: 경기도 전체 대장 대비 비율
5층 이상
거래만 포함
수원시·성남시·고양시·안양시·용인시·안산시는 모든 하위 구의 동대장을 합쳐 시 단위 서열에 반영
개인적인 취미로 정리하는 거라 참고만 하시길 바랍니다.
16위. 평택시 (29개 동)
동순위
동
단지명
매매가
건축년도
시내 서열(%)
경기 서열(%)
1위
고덕동
힐스테이트고덕센트럴
8억 2,000
2024
100%
33%
2위
지제동
지제역더샵센트럴시티
7억 7,216
2022
94%
31%
3위
동삭동
평택지제역자이
7억 6
2023
85%
28%
4위
용이동
신영평택비전지웰푸르지오
5억 6,888
2019
69%
23%
5위
서정동
힐스테이트평택더퍼스트
4억 8,031
2024
59%
19%
6위
통복동
평택역경남아너스빌디아트
4억 7,332
2025
58%
19%
7위
세교동
힐스테이트평택3차(3-1블록)
4억 2,629
2019
52%
17%
8위
죽백동
평택소사벌호반베르디움
4억 2,150
2018
51%
17%
9위
현덕면
e편한세상평택라씨엘로
4억 584
2025
49%
16%
10위
칠원동
평택지제역동문디이스트5단지
4억
2024
49%
16%
11위
비전동
우미린센트럴파크
3억 9,817
2016
49%
16%
12위
평택동
롯데인벤스스카이
3억 9,700
2008
48%
16%
13위
소사동
평택효성해링턴플레이스1단지
3억 8,869
2019
47%
16%
14위
안중읍
힐스테이트송담
3억 8,500
2016
47%
15%
15위
고덕면
고덕하늘채시그니처
3억 8,365
2021
47%
15%
16위
지산동
아이웰
3억 8,000
2019
46%
15%
17위
합정동
평택뉴비전엘크루
3억 7,818
2021
46%
15%
18위
청북읍
평택청북세종헤르메스
3억 6,976
2025
45%
15%
19위
장당동
제일풍경채장당센트럴
3억 5,000
2018
43%
14%
20위
신장동
송탄역서희스타힐스
3억 1,165
2019
38%
13%
21위
장안동
평택장안마을코오롱하늘채
3억 1,028
2013
38%
12%
22위
이충동
우미이노스빌5차
2억 9,500
2006
36%
12%
23위
팽성읍
평택브라운스톤험프리스
2억 8,688
2016
35%
12%
24위
칠괴동
우림필유
2억 5,800
2006
31%
10%
25위
가재동
우림필유
2억 3,200
2006
28%
9%
26위
포승읍
모아미래도2차
2억 433
2005
25%
8%
27위
독곡동
삼익
1억 9,833
1994
24%
8%
28위
진위면
한일
1억 9,400
1996
24%
8%
29위
오성면
그린빌
1억 7,625
2003
21%
7%
시 대장:
고덕동 힐스테이트고덕센트럴
(8억 2,000). 최저가 오성면(1억 7,625)과 배율
4.7배
.
​
평택시 동대장 지도
​
평택시 동대장 1~3위 20년 추이
17위. 의정부시 (12개 동)
동순위
동
단지명
매매가
건축년도
시내 서열(%)
경기 서열(%)
1위
의정부동
의정부역센트럴자이앤위브캐슬
8억 700
2022
100%
32%
2위
용현동
탑석센트럴자이
6억 9,881
2021
87%
28%
3위
산곡동
고산수자인디에스티지2단지
6억 900
2023
75%
25%
4위
장암동
수락리버시티2단지
5억 9,650
2009
74%
24%
5위
신곡동
e편한세상신곡파크프라임
5억 7,820
2024
72%
23%
6위
호원동
신일유토빌플러스
5억 7,475
2004
71%
23%
7위
고산동
의정부고산대방노블랜드에듀파크아파트
5억 5,125
2020
68%
22%
8위
민락동
호반베르디움1차
5억 4,743
2017
68%
22%
9위
가능동
더샵파크에비뉴
5억 2,050
2021
64%
21%
10위
낙양동
의정부민락금강펜테리움아파트
4억 5,297
2016
56%
18%
11위
녹양동
휴먼시아(3단지)
4억 1,850
2008
52%
17%
12위
금오동
현대아이파크
4억 507
2002
50%
16%
시 대장:
의정부동 의정부역센트럴자이앤위브캐슬
(8억 700). 최저가 금오동(4억 507)과 배율
2.0배
.
​
의정부시 동대장 지도
​
의정부시 동대장 1~3위 20년 추이
18위. 시흥시 (22개 동)
동순위
동
단지명
매매가
건축년도
시내 서열(%)
경기 서열(%)
1위
목감동
호반베르디움더프라임(1차)
7억 7,527
2017
100%
31%
2위
대야동
시흥센트럴푸르지오
7억 3,135
2020
94%
29%
3위
능곡동
제일풍경채센텀
7억 1,123
2020
92%
29%
4위
군자동
시흥장현금강펜테리움센트럴파크
7억 842
2021
91%
29%
5위
배곧동
시흥배곧SK뷰
6억 7,685
2015
87%
27%
6위
장곡동
유승한내들퍼스트파크
6억 7,664
2022
87%
27%
7위
은행동
시흥은계호반써밋플레이스
6억 6,267
2019
85%
27%
8위
조남동
네이처하임
6억 3,143
2016
81%
25%
9위
광석동
시흥시청역동원로얄듀크
6억 14
2020
77%
24%
10위
장현동
장현호반써밋
5억 8,850
2020
76%
24%
11위
산현동
호반베르디움더숲
5억 4,001
2019
70%
22%
12위
논곡동
목감한양수자인아파트
5억 2,633
2016
68%
21%
13위
정왕동
시흥금강펜테리움오션베이
5억 1,331
2023
66%
21%
14위
신천동
시흥신천휴먼시아
4억 9,500
2010
64%
20%
15위
거모동
군자서희스타힐스
4억 1,117
2023
53%
17%
16위
월곶동
시흥센트럴헤센
4억 1,000
2022
53%
17%
17위
죽율동
시흥6차푸르지오1단지
3억 8,620
2014
50%
16%
18위
하중동
참이슬마을
3억 4,667
1999
45%
14%
19위
도창동
에이스
3억 4,575
1997
45%
14%
20위
매화동
매화마을홍익
3억 4,333
2000
44%
14%
21위
하상동
연꽃마을태평2
3억 800
2003
40%
12%
22위
포동
태산아파트
2억 9,333
1993
38%
12%
시 대장:
목감동 호반베르디움더프라임(1차)
(7억 7,527). 최저가 포동(2억 9,333)과 배율
2.6배
.
​
시흥시 동대장 지도
​
시흥시 동대장 1~3위 20년 추이
19위. 광주시 (20개 동)
동순위
동
단지명
매매가
건축년도
시내 서열(%)
경기 서열(%)
1위
역동
광주역자연앤자이
7억 7,377
2021
100%
31%
2위
삼동
힐스테이트삼동역
7억 1,933
2023
93%
29%
3위
고산동
더샵오포센트리체
7억 333
2023
91%
28%
4위
송정동
광주행정타운아이파크
6억 9,833
2024
90%
28%
5위
태전동
힐스테이트태전6지구(1601동~1608동)
6억 5,833
2017
85%
27%
6위
신현동
이편한세상태재1단지
6억 148
2018
78%
24%
7위
초월읍
힐스테이트초월역1블록
5억 9,200
2024
77%
24%
8위
탄벌동
두산위브광주센트럴파크
5억 6,665
2024
73%
23%
9위
양벌동
광주역우방아이유쉘1단지
5억 4,625
2018
71%
22%
10위
쌍령동
광주센트럴푸르지오
4억 8,982
2018
63%
20%
11위
경안동
해태
4억 2,300
2000
55%
17%
12위
능평동
오포아이파크
4억 875
2001
53%
16%
13위
장지동
현대
3억 6,917
2000
48%
15%
14위
추자동
오포추자서희스타힐스
3억 6,858
2019
48%
15%
15위
회덕동
벽산블루밍
3억 5,167
2002
45%
14%
16위
문형동
오포문형양우내안애
3억 1,783
2018
41%
13%
17위
곤지암읍
현진에버빌
3억 1,231
2003
40%
13%
18위
목현동
신일드림빌
3억 462
2002
39%
12%
19위
매산동
오포대성
2억 2,600
2000
29%
9%
20위
도척면
광주근형심포니
1억 8,385
2005
24%
7%
시 대장:
역동 광주역자연앤자이
(7억 7,377). 최저가 도척면(1억 8,385)과 배율
4.2배
.
​
광주시 동대장 지도
​
광주시 동대장 1~3위 20년 추이
20위. 파주시 (17개 동)
동순위
동
단지명
매매가
건축년도
시내 서열(%)
경기 서열(%)
1위
와동동
힐스테이트더운정
7억 6,548
2025
100%
31%
2위
동패동
한울마을1단지운정신도시IPARK
7억 1,936
2020
94%
29%
3위
목동동
운정신도시 센트럴 푸르지오
6억 6,454
2018
87%
27%
4위
야당동
한빛마을9단지롯데캐슬1차
5억 9,464
2017
78%
24%
5위
다율동
해오름마을14단지푸르지오파르세나
5억 4,794
2022
72%
22%
6위
문산읍
파주문산역2차동문디이스트
3억 9,339
2024
51%
16%
7위
탄현면
e편한세상헤이리
3억 6,750
2025
48%
15%
8위
문발동
숲속길마을동문굿모닝힐(560)
3억 2,600
2005
43%
13%
9위
금촌동
금촌주공7단지(1019-0)
3억 2,454
2005
42%
13%
10위
조리읍
파주푸르지오(269-0)
3억 1,650
2010
41%
13%
11위
아동동
신안실크밸리2차(900-0)
2억 9,700
2010
39%
12%
12위
금릉동
동양부로미(196-2)
2억 2,650
2006
30%
9%
13위
야동동
대방노블랜드(587-0)
1억 9,350
2001
25%
8%
14위
광탄면
동신라메르
1억 9,170
2005
25%
8%
15위
검산동
유승
1억 8,562
2001
24%
7%
16위
파주읍
동광모닝스카이
1억 8,260
2009
24%
7%
17위
법원읍
율곡3차
1억 7,200
2000
22%
7%
시 대장:
와동동 힐스테이트더운정
(7억 6,548). 최저가 법원읍(1억 7,200)과 배율
4.5배
.
​
파주시 동대장 지도
​
파주시 동대장 1~3위 20년 추이
21위. 김포시 (12개 동)
동순위
동
단지명
매매가
건축년도
시내 서열(%)
경기 서열(%)
1위
고촌읍
고촌센트럴자이
7억 4,400
2024
100%
30%
2위
풍무동
풍무센트럴푸르지오
6억 8,128
2018
92%
27%
3위
걸포동
한강메트로자이2단지
6억 7,618
2020
91%
27%
4위
사우동
김포사우아이파크
6억 1,464
2018
83%
25%
5위
장기동
e편한세상캐널시티
6억 1,157
2017
82%
25%
6위
운양동
김포한강이랜드타운힐스
5억 9,000
2018
79%
24%
7위
구래동
호반베르디움더레이크2차
4억 9,297
2018
66%
20%
8위
마산동
e편한세상한강신도시2차
4억 6,350
2018
62%
19%
9위
감정동
김포한강신안실크밸리3차
4억 3,685
2012
59%
18%
10위
통진읍
김포마송1차대방엘리움센트럴파크
4억 71
2023
54%
16%
11위
양촌읍
한강금호어울림2단지
3억 8,744
2020
52%
16%
12위
북변동
풍년마을(대림)
3억 7,900
1999
51%
15%
시 대장:
고촌읍 고촌센트럴자이
(7억 4,400). 최저가 북변동(3억 7,900)과 배율
2.0배
.
​
김포시 동대장 지도
​
김포시 동대장 1~3위 20년 추이
22위. 오산시 (19개 동)
동순위
동
단지명
매매가
건축년도
시내 서열(%)
경기 서열(%)
1위
수청동
더샵오산센트럴
6억 6,667
2020
100%
27%
2위
외삼미동
서동탄역더샵파크시티
5억 9,964
2019
90%
24%
3위
궐동
호반써밋라포레
5억 6,683
2023
85%
23%
4위
내삼미동
오산대역세교자이
5억 5,188
2018
83%
22%
5위
서동
더샵오산엘리포레
5억 2,000
2023
78%
21%
6위
원동
오산롯데캐슬스카이파크
5억 1,655
2024
77%
21%
7위
가수동
오산SKVIEW2차
4억 8,925
2025
73%
20%
8위
부산동
오산시티자이2차
4억 8,900
2019
73%
20%
9위
갈곶동
힐스테이트오산더퍼스트
4억 7,583
2024
71%
19%
10위
고현동
오산라온프라이빗스위트
4억 6,625
2024
70%
19%
11위
탑동
오산세교한신더휴
4억 6,175
2025
69%
19%
12위
세교동
세마역 트루엘 더퍼스트
4억 5,528
2013
68%
18%
13위
누읍동
중흥S-클래스에듀하이
4억 4,000
2024
66%
18%
14위
양산동
오산세마e편한세상
4억 3,387
2010
65%
17%
15위
금암동
죽미마을휴튼9단지
3억 9,761
2011
60%
16%
16위
오산동
현대
3억 6,425
2000
55%
15%
17위
지곶동
e편한세상오산세교
3억 6,073
2018
54%
15%
18위
청호동
오산자이
3억 1,110
2007
47%
13%
19위
은계동
리버빌
2억 8,150
2004
42%
11%
시 대장:
수청동 더샵오산센트럴
(6억 6,667). 최저가 은계동(2억 8,150)과 배율
2.4배
.
​
오산시 동대장 지도
​
오산시 동대장 1~3위 20년 추이
23위. 양주시 (12개 동)
동순위
동
단지명
매매가
건축년도
시내 서열(%)
경기 서열(%)
1위
옥정동
양주옥정신도시대방노블랜드더시그니처
5억 4,002
2021
100%
22%
2위
덕계동
양주회천신도시디에트르센트럴시티
5억 460
2022
93%
20%
3위
장흥면
써밋더테라스
4억 6,900
2023
87%
19%
4위
회정동
e편한세상덕정역더스카이
4억 667
2023
75%
16%
5위
삼숭동
옥정역로제비앙메트로파크2단지
3억 8,900
2022
72%
16%
6위
고읍동
산내들마을한양수자인
3억 8,650
2009
72%
16%
7위
덕정동
덕정역서희스타힐스에듀포레뷰
3억 8,300
2025
71%
15%
8위
백석읍
新양주모아엘가니케
3억 3,250
2024
62%
13%
9위
광사동
해동마을유승한내들
3억 2,471
2009
60%
13%
10위
고암동
하늘빛마을
2억 4,180
2007
45%
10%
11위
산북동
양주한승
1억 7,889
2001
33%
7%
12위
광적면
희망
1억 5,500
1996
29%
6%
시 대장:
옥정동 양주옥정신도시대방노블랜드더시그니처
(5억 4,002). 최저가 광적면(1억 5,500)과 배율
3.5배
.
​
양주시 동대장 지도
​
양주시 동대장 1~3위 20년 추이
24위. 이천시 (16개 동)
동순위
동
단지명
매매가
건축년도
시내 서열(%)
경기 서열(%)
1위
안흥동
이천롯데캐슬페라즈스카이
5억 3,320
2023
100%
21%
2위
관고동
이천자이더파크
4억 9,990
2024
94%
20%
3위
부발읍
현대성우오스타2단지
4억 5,450
2010
85%
18%
4위
증포동
이천설봉KCC스위첸
4억 4,180
2016
83%
18%
5위
송정동
증포지구대원칸타빌2차더테라스
4억 2,762
2021
80%
17%
6위
갈산동
설봉1차푸르지오
4억 1,000
2008
77%
17%
7위
대월면
휴먼빌에듀파크시티
4억 838
2024
77%
16%
8위
마장면
이천마장호반베르디움1차
3억 8,250
2019
72%
15%
9위
중리동
이천라온팰리스
3억 5,700
2009
67%
14%
10위
증일동
이천역현대홈타운
3억 4,829
2005
65%
14%
11위
신둔면
이천신둔코아루
2억 8,325
2017
53%
11%
12위
사음동
이천2차현진에버빌
2억 5,767
2006
48%
10%
13위
장호원읍
장호원코아루1단지
2억 4,454
2009
46%
10%
14위
창전동
미도
2억 3,800
1994
45%
10%
15위
고담동
지엠하이빌
1억 9,933
2006
37%
8%
16위
백사면
모전리현대
1억 7,500
1997
33%
7%
시 대장:
안흥동 이천롯데캐슬페라즈스카이
(5억 3,320). 최저가 백사면(1억 7,500)과 배율
3.0배
.
​
이천시 동대장 지도
​
이천시 동대장 1~3위 20년 추이
25위. 여주시 (10개 동)
동순위
동
단지명
매매가
건축년도
시내 서열(%)
경기 서열(%)
1위
교동
여주역우남퍼스트빌
4억 9,925
2023
100%
20%
2위
천송동
여주KCC스위첸
4억 4,196
2019
89%
18%
3위
현암동
여주아이파크
3억 9,048
2020
78%
16%
4위
오학동
신도브래뉴리버뷰
3억 2,000
2009
64%
13%
5위
가남읍
현진에버빌-1
2억 2,150
2000
44%
9%
6위
홍문동
홍문현대
2억 1,400
1996
43%
9%
7위
월송동
보광그랑베르
2억 483
2005
41%
8%
8위
멱곡동
정광휴레나
1억 9,350
2008
39%
8%
9위
연양동
영진리버빌
1억 8,893
2006
38%
8%
10위
점봉동
인창
1억 533
1991
21%
4%
시 대장:
교동 여주역우남퍼스트빌
(4억 9,925). 최저가 점봉동(1억 533)과 배율
4.7배
.
​
여주시 동대장 지도
​
여주시 동대장 1~3위 20년 추이
26위. 포천시 (7개 동)
동순위
동
단지명
매매가
건축년도
시내 서열(%)
경기 서열(%)
1위
소흘읍
태봉공원푸르지오파크몬트
4억 6,933
2024
100%
19%
2위
군내면
포천금호어울림센트럴
3억 8,842
2023
83%
16%
3위
어룡동
포천리버포레세영리첼
3억 4,900
2024
74%
14%
4위
신읍동
포천신읍코아루더스카이2단지(201동)
2억 6,500
2020
56%
11%
5위
일동면
일동기산베스트빌
2억 3,160
2006
49%
9%
6위
선단동
세창선단마을
1억 9,167
2001
41%
8%
7위
신북면
산호
1억 4,500
2002
31%
6%
시 대장:
소흘읍 태봉공원푸르지오파크몬트
(4억 6,933). 최저가 신북면(1억 4,500)과 배율
3.2배
.
​
포천시 동대장 지도
​
포천시 동대장 1~3위 20년 추이
27위. 안성시 (13개 동)
동순위
동
단지명
매매가
건축년도
시내 서열(%)
경기 서열(%)
1위
당왕동
e편한세상안성그랑루체
4억 2,802
2024
100%
17%
2위
공도읍
쌍용더플래티넘프리미어
4억 2,333
2023
99%
17%
3위
석정동
안성센트럴파밀리에
3억 9,133
2021
91%
16%
4위
아양동
안성아양흥화HaaV
3억 8,711
2024
90%
16%
5위
옥산동
안성아양시티프라디움
3억 8,579
2018
90%
16%
6위
대덕면
안성롯데캐슬
2억 9,764
2016
70%
12%
7위
신소현동
안성신소현코아루
2억 2,056
2006
52%
9%
8위
금산동
주은청설
1억 7,992
1999
42%
7%
9위
숭인동
동신
1억 6,114
1994
38%
6%
10위
미양면
경동메르빌
1억 5,667
2010
37%
6%
11위
중리동
안성중리2차동광
1억 5,409
2009
36%
6%
12위
낙원동
서광
1억 3,500
1992
32%
5%
13위
봉산동
한주
1억 400
1992
24%
4%
시 대장:
당왕동 e편한세상안성그랑루체
(4억 2,802). 최저가 봉산동(1억 400)과 배율
4.1배
.
​
안성시 동대장 지도
​
안성시 동대장 1~3위 20년 추이
28위. 동두천시 (4개 동)
동순위
동
단지명
매매가
건축년도
시내 서열(%)
경기 서열(%)
1위
지행동
지행역센트레빌파크뷰
4억 880
2023
100%
16%
2위
생연동
동두천센트레빌
3억 1,625
2020
77%
13%
3위
송내동
아이파크
2억 4,200
2005
59%
10%
4위
동두천동
신창비바패밀리(1단지)
1억 9,429
2009
48%
8%
시 대장:
지행동 지행역센트레빌파크뷰
(4억 880). 최저가 동두천동(1억 9,429)과 배율
2.1배
.
​
동두천시 동대장 지도
​
동두천시 동대장 1~3위 20년 추이
3. 경기도 전체 동 대장 TOP 50
경기도 427개 동의 대장 아파트를 매매가 기준 상위 50개 정리.
순위
시
동
단지명
매매가
건축년도
경기 서열(%)
1
과천시
중앙동
과천푸르지오써밋
24억 8,405
2020
100%
2
성남시
삼평동
봇들마을8단지(주공)
24억 571
2009
97%
3
과천시
별양동
과천자이
23억 4,834
2022
95%
4
과천시
원문동
과천위버필드
23억 883
2021
93%
5
성남시
정자동
파크뷰
22억 6,972
2004
91%
6
성남시
백현동
백현마을6단지(주공)
21억 8,350
2009
88%
7
과천시
부림동
주공8
21억 7,250
1983
87%
8
성남시
수내동
양지마을(5단지)(한양515-529)
19억 5,300
1992
79%
9
성남시
서현동
시범한신
18억 8,665
1991
76%
10
과천시
갈현동
과천수자인아파트(13단지)
18억 7,500
2024
75%
11
성남시
창곡동
위례센트럴자이
17억 4,286
2017
70%
12
성남시
이매동
이매촌(동신9)
17억 1,000
1992
69%
13
성남시
분당동
샛별마을(동성)
16억 5,500
1992
67%
14
화성시
여울동
동탄역롯데캐슬
16억 2,575
2021
65%
15
성남시
판교동
판교원마을5단지(푸르지오)
16억 2,427
2009
65%
16
수원시
이의동
자연앤힐스테이트
16억 1,193
2012
65%
17
수원시
원천동
광교중흥에스클래스
16억 357
2019
65%
18
성남시
금곡동
청솔마을(유천)
15억 5,558
1995
63%
19
성남시
운중동
산운마을10단지(대광로제비앙)
15억 5,000
2009
62%
20
성남시
구미동
까치마을(4단지)(선경)
15억 1,643
1995
61%
21
광명시
철산동
철산역롯데캐슬&SKVIEW클래스티지
14억 462
2022
57%
22
용인시
성복동
성복역롯데캐슬골드타운
13억 8,738
2019
56%
23
화성시
청계동
더샵센트럴시티
13억 4,422
2015
54%
24
하남시
학암동
위례롯데캐슬
13억 3,525
2016
54%
25
안양시
호계동
평촌센텀퍼스트
13억 3,221
2023
54%
26
성남시
신흥동
산성역포레스티아
13억 2,979
2020
54%
27
용인시
상현동
광교자이더클래스
13억 2,239
2012
53%
28
의왕시
포일동
인덕원푸르지오엘센트로
13억 2,069
2019
53%
29
하남시
감이동
힐스테이트포웰시티
13억 1,992
2020
53%
30
용인시
풍덕천동
e편한세상수지
12억 8,483
2017
52%
31
광명시
일직동
유-플래닛태영데시앙
12억 7,850
2019
51%
32
안양시
관양동
평촌더샵센트럴시티
12억 5,730
2016
51%
33
수원시
정자동
화서역푸르지오브리시엘
12억 5,550
2023
51%
34
성남시
대장동
판교풍경채어바니티(5단지)
12억 4,156
2021
50%
35
성남시
야탑동
장미마을(동부)
12억 3,888
1993
50%
36
고양시
장항동
킨텍스원시티3블럭
12억 3,769
2019
50%
37
용인시
마북동
e편한세상구성역플랫폼시티
12억 3,500
2024
50%
38
하남시
망월동
미사강변푸르지오
12억 3,023
2016
50%
39
성남시
고등동
판교밸리제일풍경채
12억 2,782
2020
49%
40
안양시
평촌동
향촌롯데
12억 2,347
1993
49%
41
성남시
중앙동
신흥역하늘채랜더스원3단지
11억 9,333
2022
48%
42
부천시
중동
센트럴파크푸르지오
11억 9,083
2020
48%
43
안양시
비산동
평촌엘프라우드
11억 8,500
2024
48%
44
고양시
덕은동
DMC자이더리버
11억 8,152
2022
48%
45
하남시
덕풍동
더샵하남에디피스
11억 7,845
2024
47%
46
성남시
여수동
센트럴타운(3단지)
11억 7,523
2012
47%
47
구리시
수택동
힐스테이트구리역
11억 6,625
2024
47%
48
용인시
동천동
동천센트럴자이
11억 5,432
2019
46%
49
수원시
하동
광교더리브
11억 5,430
2013
46%
50
군포시
금정동
힐스테이트금정역
11억 3,388
2022
46%
TOP 10에 포함된 시:
과천시, 성남시
TOP 50 내 동 수가 많은 시: 성남시(18개 동), 과천시(5개 동), 용인시(5개 동), 수원시(4개 동), 하남시(4개 동)
4. 경기도 전체 동 대장 하위 50
순위
시
동
단지명
매매가
건축년도
경기 서열(%)
427
안성시
봉산동
한주
1억 400
1992
4%
426
여주시
점봉동
인창
1억 533
1991
4%
425
안성시
낙원동
서광
1억 3,500
1992
5%
424
포천시
신북면
산호
1억 4,500
2002
6%
423
안성시
중리동
안성중리2차동광
1억 5,409
2009
6%
422
양주시
광적면
희망
1억 5,500
1996
6%
421
안성시
미양면
경동메르빌
1억 5,667
2010
6%
420
안성시
숭인동
동신
1억 6,114
1994
6%
419
파주시
법원읍
율곡3차
1억 7,200
2000
7%
418
이천시
백사면
모전리현대
1억 7,500
1997
7%
417
평택시
오성면
그린빌
1억 7,625
2003
7%
416
양주시
산북동
양주한승
1억 7,889
2001
7%
415
안성시
금산동
주은청설
1억 7,992
1999
7%
414
파주시
파주읍
동광모닝스카이
1억 8,260
2009
7%
413
광주시
도척면
광주근형심포니
1억 8,385
2005
7%
412
파주시
검산동
유승
1억 8,562
2001
7%
411
여주시
연양동
영진리버빌
1억 8,893
2006
8%
410
화성시
마도면
백상화인빌
1억 9,000
2005
8%
409
포천시
선단동
세창선단마을
1억 9,167
2001
8%
408
파주시
광탄면
동신라메르
1억 9,170
2005
8%
407
파주시
야동동
대방노블랜드(587-0)
1억 9,350
2001
8%
406
여주시
멱곡동
정광휴레나
1억 9,350
2008
8%
405
평택시
진위면
한일
1억 9,400
1996
8%
404
동두천시
동두천동
신창비바패밀리(1단지)
1억 9,429
2009
8%
403
용인시
원삼면
씨씨(102동)
1억 9,500
1998
8%
402
평택시
독곡동
삼익
1억 9,833
1994
8%
401
이천시
고담동
지엠하이빌
1억 9,933
2006
8%
400
평택시
포승읍
모아미래도2차
2억 433
2005
8%
399
여주시
월송동
보광그랑베르
2억 483
2005
8%
398
안산시
장상동
프라임타운
2억 700
2011
8%
397
여주시
홍문동
홍문현대
2억 1,400
1996
9%
396
안성시
신소현동
안성신소현코아루
2억 2,056
2006
9%
395
여주시
가남읍
현진에버빌-1
2억 2,150
2000
9%
394
광주시
매산동
오포대성
2억 2,600
2000
9%
393
파주시
금릉동
동양부로미(196-2)
2억 2,650
2006
9%
392
포천시
일동면
일동기산베스트빌
2억 3,160
2006
9%
391
평택시
가재동
우림필유
2억 3,200
2006
9%
390
이천시
창전동
미도
2억 3,800
1994
10%
389
양주시
고암동
하늘빛마을
2억 4,180
2007
10%
388
동두천시
송내동
아이파크
2억 4,200
2005
10%
387
이천시
장호원읍
장호원코아루1단지
2억 4,454
2009
10%
386
용인시
유방동
인정프린스2
2억 5,550
1995
10%
385
이천시
사음동
이천2차현진에버빌
2억 5,767
2006
10%
384
평택시
칠괴동
우림필유
2억 5,800
2006
10%
383
포천시
신읍동
포천신읍코아루더스카이2단지(201동)
2억 6,500
2020
11%
382
고양시
사리현동
사리현동문디이스트2단지
2억 7,762
2004
11%
381
용인시
남동
삼라마이다스빌
2억 7,833
2004
11%
380
화성시
송산면
송산렉스타운
2억 8,000
2014
11%
379
오산시
은계동
리버빌
2억 8,150
2004
11%
378
이천시
신둔면
이천신둔코아루
2억 8,325
2017
11%
5-1. 84타입 시 대장 20년 실거래가 추이
28개 시 대장 단지의 2006~2026년 연도별 평균 매매가 추이 (84타입, 5층 이상).
참고
84타입(80~90m²) 기준, 5층 이상 거래
거래건수가 적은 단지는 평균가격의 대표성이 낮을 수 있습니다
시 대장 = 해당 시의 모든 동대장 중 평균매매가 최고
수원시·성남시·고양시·안양시·용인시·안산시는 하위 구(장안·권선·팔달·영통 등)를 시 단위로 통합 집계
공공데이터를 프로그램을 통해 매칭/정리했습니다.
자료 출처: 국토교통부 실거래가 공개시스템 | 정리일: 2026년 04월 26일",https://blog.naver.com/6_0chan/224265545948,의식(衣食) 없는 주(住)의 집중,20260426,2026-04-27 15:34:59
에이스(휴,#애사비 #3월 모음,휴…안 틀렸움. 윤지운 국사즈 1학년 때부터 ing … 이제서야 편해진 건 안 비밀 ^_^ 대. 석. 원. 어… 지금... ㅋㅋㅋ 춤 연습에 진심 우리 팀 에이스 귀여웡•.&lt; 엉엉… 빵러버는 울어요… 감동받아서 기분 좋게... ,"자. 3월이에요.
또랜만에 근황 공유하러 왔어요.
^_^
3월? 봄? 다 좋은데
개강은….
개강하기 싫은 나에요…ㅠ
개강 전 마지막 혼영🤍 그리고 왕사남🤍
ㅎ r …
한명회 네 이놈!!!!!!!
국교 학생회~
일 년 잘 부탁드립니다… (꾸벅)🤞🏻✨🍀💋🤭
계속 부정했는데
개강을 하긴 하더라고요…?
(티엠아이 하나)
말 절을까봐 100번은 연습했어요!!!!!
휴…안 틀렸움.😤
Previous image
Next image
윤지운🤍 국사즈🤍
1학년 때부터 ing …🪽
이제서야 편해진 건 안 비밀 ^_^
🌟대. 석. 원.🌟
어… 지금 열심히 잼얘 만드는 중입니다…🤣
물론 얘기해 준다고는 안 했고요~
여자 되긔✌🏻
역시 윤소 그림 잘 그리죠?
하루 ✨웹툰 주인공✨ 체험했어요~
하… 누가 매운맛을 시키라고…
난 착한맛이 좋음ㅎ
펄도 좋음ㅎ 아니 그냥 사랑함.
미룬이 언니랑 교직이 네 개나 겹침.
이 정도면 운명인데
나를 위한 특별한 선물…🍪🫰🏻
라떼는 34기…였는데
올해는 36기…?
나도 이제 장로회원…?😂
품평회도 • 소풍도 • 시화전도 • 문집도 왕창 기대 중~~~~~!
너무 귀엽조 결성일🖤
친해지길 바라….
일주일에 적어도 한 번은 ❤️‍🔥떡볶이 수혈❤️‍🔥 필요하다.
ㅇㅈ?
반박 시, 너 말이 틀림.
Previous image
Next image
26학번 애기랑 첫 밥약!!👶🏻
애기가 밀크티 사줬어요… 내가 얻어먹어도 되는 걸까ㅜ
과탑하면 밥 한 번 더 먹쟈ㅎㅎ
오늘도 염쌤은 열심히 수업 중…
아니
시험범위가 이렇게 많을 수가 있어요?????
후…카츠 먹으면서 릴렉스…🙂‍↕️
카츠는 사랑ㅎ
화이트데이라고 초콜릿 주는 애기도 사랑ㅎ
갑자기 두쫀쿠가 먹고 싶은 날이 있거든요?
수소문해서 왔는데
다 팔렸다고…🥺
아쉬우니까 피티랑 마라탕~^^
사진 보니까
또 마라탕 먹고 싶다…. 먹을 사람?!
야무지게 카공도 해줬어요ㅎ
스콘 맛있어서 하나 더 먹음 ㅎㅎ
그리고
강의실에서 춤 연습하는 나…😇
흠. 연습이 시급하다.
네… 연습해야죠….
혼자 연습하고 있는데 재은이도 왔어요~🐤
Previous image
Next image
두 번째 밥약🦊
사진 1이 낫나요. 2가 낫나요.
이건 아니지… 1이잖아요….
후배 무섭다 무서워…🥹
진짜 웃긴데 나보고 어뜨카라고ㅜㅎ
비봉 뒤풀이~
테이블 조합이 미쳤어요.
블랙핑크도 있었음;
장미꽃 두 개나 받은 썰~~
26학번 사이에 낀 나.. 제법 어울리죠…?😘
아이스티가 온다.
아니 그녀가 온다.
ㅋㅋㅋ
춤 연습에 진심🔥
우리 팀 에이스 귀여웡•.<
엉엉…
빵러버는 울어요…
감동받아서 기분 좋게 하루 마무리 한 날🥹
청년부끼리 점심 먹으러 가긔
사진 찍는 언니들을 찍는 나 ㅋㅋㅋㅋㅋ
크림 덜 묻은 새우 겟!😋
Previous image
Next image
직접 축하해 주는 건 오랜만인데
내가
제일
축하했을걸~
>_<
🎂
엠티 장 보기~
살다 살다 내가 엠티 장 보러 오는 날이 오네…ㅎ
거의 만남의 광장이었음.
이모님..한테 설득당함^_^
소면 양 미쳤죠 ㅎㅎ
최종 연습~~~~~
진짜 1등 아니면 억울하긴 해🥹
연습 끝나고 가는 길에 고양이…🖤
물론 만지지는 못함.
멀리서 지켜볼 수만 있음 ㅎ
엠티 하루 전에 목이 쉬어버리는 게 어딨어…ㅠ
진짜 세상이 억까하는 줄🥲
Mt!
진짜 이번 엠티
쉬운 게 하나도 없었다아아아아ㅠㅡㅠ
아 모자에 조끼 넣어가지고 가는 거 왤케 웃기지
ㅋㅋㅋ
훗
부대찌개 & 김치전 만들기!!
내 역할에 최선을 다하자 : 먹기… 허헣…
아 기다리고 기다리던 장기자랑!!!!!
너무 귀엽조
❤️‍🔥 장기자랑 1등 • 종합 1등 ❤️‍🔥
캬. 뒤풀이 언제 하지?
아직도 목이 안 나은ㅠ
원장님 뭐에요…👀
진짜 그림 같죠🤍
와 진짜
배달시켜 먹는 것 중에 탑…
“김치찜 참 잘하는 집 남부점 / 대패삼겹 김치찜”
추천!!!!!
⭐️⭐️⭐️⭐️⭐️
미룬이랍니다.
겨우겨우겨우 세이프 하는 중이에요.
제출에 의의를 둡시다.
아니 올해는 꼭 미리 하기로 했는데… @미룬이원조🤍
홍시 품평회는 빠질 수가 없죠.
시가 되게 몽글몽글해요 ㅎ
홍시도 몽글몽글 ㅎㅎ
홍시 좋아 🤍🤍🤍🤍🤍
룸메 애기랑 데이트 하긔!
수수굉 가보고 싶었는데… 딱 휴무…
아쉬운 대로 백소정🤭
MZ 따라가기… 참 어렵다 ㅎㅎ
아 벚꽃 진짜 예뻐!!!!!
이 멘트 안 할 수가 없죠.
​
뭐가 꽃이게?
​
네여기까지
누군가를 믿는 일이
참 쉽지가 않은데
다시 한 번
믿어보고 싶다는 생각이 드는 거 있죠.
믿어보려고 합니다.
​
4월 모음으로 돌아오겠습니다.",https://blog.naver.com/arisemariculck/224265443123,ARISEWORLD,20260426,2026-04-27 15:35:03
