keyword,title,description,content,link,bloggername,postdate,crawled_at
세븐일레븐 쿡인페이퍼 즉석오징어짬뽕,미리보는 코스트코 할인정보[4월27일 월] 여행가방 지우개세트... ,백년육수 즉석국양반 그릴리 부대전골비비고 사골시래기 된장국비비고 소고기 미역국비비고 스팸듬뿍... 얼큰짬뽕예천농협 한아름쌀미이랑 캐나다산 병아리콩미이랑 국내산 찰기장쌀미이랑 국내산... ,"https://youtu.be/UMul_haezh4
- YouTube
YouTube에서 마음에 드는 동영상과 음악을 감상하고, 직접 만든 콘텐츠를 업로드하여 친구, 가족뿐 아니라 전 세계 사람들과 콘텐츠를 공유할 수 있습니다.
youtu.be
콜라겐 딥 마스크 바디 워시 시트러스비타민 슈퍼오메가 골프공 피스 쉬크 인튜이션 제모기제모기 날 온더바디 발을 씻자 코튼 풋샴푸 데오도란트 바디미스트 오가니스트 딥 모이스처 바디워시생활건강 모노티크 바디워시 입 도브 피치 화이트 바디워시 우르오스 페이스바디워시오스트레일리안 보태니컬 핸드워시 프롬바이오 관절연골엔 보스웰리아초록입홍합콴첼정구연산칼슘 글루코사민네츄럴라이프 칼슘 마그네슘 비타민 센트룸 칼슘비타민미니웨버네추럴 마그네슘정아연 정동국제약 마그마 스피드샷리콜라 허브캔디 트루블루 프로폴리스 캔디 마누카허니리콜라 레몬민트 허브캔디 콤비타 프로폴리스 스프레이정관장 홍삼정스틱 에브리타임 소프트광동 홍삼 배도라지진액정관장 홍삼정 현정관장 홍삼정현광동 보감쌍화진액종근당건강 침향환 환 정관장 홍삼진 현동원천지인 홍삼절편 동원천지인 홍삼정골드고려은단 비타민타우린음료병 오로나민 드링크박스 동아제약 박카스동화약품 부채표 가스 활빙그레 면역워터뉴트리원 퓨어산양유단백질셀렉스 프로틴 드링크 오리지널바이탈 프로틴 콜라겐메디웰 고단백웨이더 혈당케어 프로틴프리미어 프로틴 단백질 드링크 팩 셀렉스 프로틴 밀크바닐라하이뮨 프로틴밸런스액티브비건하이뮨 프로틴밸런스액티브익스트림 트리플 아르기닌랩노쉬 단백질 드링크골드스탠다드 웨이단백질보충제 초콜릿맛 웨이더 단백질 보충제 초콜릿맛 랩노쉬 슬림쉐이크 인절미맛랩노쉬 슬림쉐이크 제주말차맛뉴케어 구수한맛 뉴케어 당플랜 뉴케어 고소한검은깨한미양행 다이어트가르시니아종근당건강 알로에 이뮨스틱 여에스더 글루타치온 울트라덴프스 덴마크유산균이야기비에날씬에스 다이어트유산균생유산균프리미엄락토핏 듀얼바이오틱스락토핏 당케어데일리세노비스 키즈 프로폴리스 스프레이쎌바이오텍 듀오락키즈유산균세노비스 아연 면역 구미센트룸 키즈 츄어블멀티비타민프로메가 식물성 츄어블오메가 키즈센트룸 멀티비타민구미 어린이눈건강구미네이처메이드 비타민 구미 얼라이브 엘더베리 구미 뉴트리코어 초임계비타민정슈퍼 컴플렉스판토모틴 비오틴판토텐산바이엘 베로카 발포비타민 실버 멀티비타민대웅제약 임팩타뮨듀얼바이탈이뮨 일분 액상정트리 데일리 멀티비타민센트룸멀티비타민 실버우먼센트룸멀티비타민 실버맨센트룸멀티비타민 우먼센트룸멀티비타민 맨한미양행 콘트로이친정 관절 리프리놀 초록입홍합 추출오일뉴트리원 코코칼슘젤리포크릴오일엔젯오리진 아쿠아셀오메가블랙모어스 피쉬오일 미니웨버네추럴 오메가프로울트라 오메가 지큐랩 콜레스테롤억하이큐 포스파티딜세린징코뉴트리원 루테인지아잔틴 아스타잔틴동국제약 테아닌아쉬아간다웰케어 멜라메이트 구미아모레퍼시픽 굿슬립 가바안국건강 아이원 눈건강 솔루션 아이시안 루테인지아잔틴바슈롬 오큐비전 한미양행 멜라치오 정알유 비타민 정박스 안국건강 간 피로솔루션 헛개한미헤파케어 밀크씨슬홍경천대웅제약 우루샷 익스트림 트리플트루블루 프로폴리스포르테뉴트리원 파인애플효소뉴트리원 더콜라겐 데일리프로바이오틱에버스트로겐에버콜라겐 인앤업덴프스보령 위엔포스지큐랩 쿨멜팅 유산균그레인온 카무트효소닥터루템맥주효모푸드올로지 콜레올로지 콜레올로지포 마스터바이옴 지노마스터트루블루 스피루리나바이탈뷰티 슈퍼레티놀한독 테라큐민 슈퍼커큐민포 네이처스트루스 애플사이다비니거 구미세노비스 코엔자임큐텐 다목적 렌즈관리용액신신제약 신신파프쿨 신신제약 신신파프핫 크리넥스스타일 슬림쿨 비말차단 마스크대형 니트릴 다용도 장갑 장 소니트릴 다용도 장갑 장 중니트릴 다용도 장갑 장 대웰케어 전립소옥타코사놀유리아쥬 진피 철결제성인용 언더웨어성인용 언더웨어 디펜드 안심성인용기저귀디펜드 프리미엄 성인용기저귀피지오겔포 맨 오휘 마이스터맨 올인원 우르오스 올인원 모이스처라이저 스킨밀크 우르오스 올인원 모이스처라이저 스킨로션 도루코 페이스 모션 면도기 면도기날 질레트 프로글라이드 면도기 면도기날 질레트 프로글라이드 면도날질레트 퓨전프로글라이드젤비겐 크림톤 염모제팩진한밤색 비겐 크림톤 염모제팩자연갈색 비겐 크림톤 염모제팩흑갈색 검 일회용 치간칫솔 개팩 덴티스테 브레스 스프레이 프로폴리스폴리덴트 의치세정제 플랙커스 마이크로민트 치실동아제약 검가드 오리지널테라브레스헬시검스 오랄린스오랄비 치간칫솔 개팩 오랄비 글라이드 치실 민트향레드씰 프로폴리스 치약유시몰 화이트닝 치약 개스퀴저 페리오 토탈어드밴스드치약콜게이트 그레이트레귤러치약심플리젠틀 다용도 화장솜멜라노 엔자임 페이스워시심플리젠틀 면봉헤피바스 솝베리 코스트코온라인몰 코스트코휴무일 코스트코회원권 코스트코영업시간 코스트코상품권 모이스춰 버블클렌징폼 클렌징 워터닥터브로너스 퓨어 캐스틸 솝 라벤더 닥터브로너스 퓨어 캐스틸 솝 시트로스오렌지 세라놀 겔 토너패드 장팩 마몽드 어메이징 딥 민트 클렌징 밤수이사이 효소 파우더 클렌저 팩 카오 식물성 화이트 솝 비누오스트레일리안 보태니컬 비누 입 라이온 아이깨끗해 프리미엄 핸드워시 리필바 솝 비누알페신 카페인 샴푸 질레트 프로쉴드파워 면도기 면도기날 질레트 프로쉴드 면도날케라시스 아르간오일 트리트먼트엘라스틴 너리싱 샴푸 엘라스틴 너리싱 컨디셔너 미쟝센 헤어스프레이 스트롱홀드제이숲 실크케라틴 워터팩 제이숲 실크케라틴 노워시 트리트먼트엘라스틴 까멜리아 헤어오일엘라스틴 까멜리아 샴푸 팬틴 콜라겐 극손상케어 트리트먼트 팬틴 멀티태스커 컨디셔너 팬틴 멀티태스커 샴푸 헤드앤숄더 울트라 쿨멘솔 샴푸 팬틴 케라틴 노워시 트리트먼트닥터포헤어 샴푸동구밭 샴푸트리트먼트바지오바니 티트리 샴푸닥터구루트 탈모증상 집중케어 샴푸 모다모다 제로그레이 블랙샴푸 려 볼륨모근강화 샴푸유세린 하이알루론 아이크림센텔리안 멜라캡쳐 앰플프로버츠비 틴티드립밤 텐 레볼루션 아이크림손앤박 아이래쉬 세럼헤라 센슈얼 누드 밤 바세린 시트마스크팩매팩 더마픽스 콜라겐마스크매 앰플크림 매포함 글로이스트 드림 글로우 뷰티 마스크팩마르시끄 미간 주름 패치 장팩리들샷클렌저 에센스로션믹순 콩 에센스숨 시크릿 에센스 미샤 비타앰플달바 화이트 트러플 세럼 셀트리온 셀큐어 프로틴 볼륨 앰플웰라쥬 히알루로닉 블루 앰플 스킨 센텔라 앰플정샘물 에센셜 물 피팅 미스트 고려은단 비타민경남제약 레모나덴프스 트루바이타민이뮨얼라이브 원스데일리 멀티비타민웨버네추럴 비타민 리스테린 구강청결제 쿨민트센소다인 멀티케어 치약리치칫솔 센소다인 엑스트라 화이트치약파로돈탁스 쿨링민트치약센카 퍼펙트 휩 클렌저라운드랩 독도 클렌저더랩바이블랑두 올리고 히알루론산 딥토너셀리맥스 어성초 지우개패드라운드랩 독도 토너 퓨어 클렌징오일스킨푸드 캐롯 카로틴 패드 매리필매 헤라 선메이트 크림레포츠헤레 선메이트 프로텍터닥터지 그린마일드 업 와이드 선패치 회분 프란츠 선쉴드 펩타이드 선패치 회분세이프 온 시카 카밍 선쿠션 본품리필 스킨 센텔라 워터핏 선세럼아떼 비건 선 에센스닥터지 그린마일드업 선피지오겔크림세타필 뉴 모이스처라이징 로션세타필 뉴 모이스처라이징 크림일리윤 가려움토탈케어크림아비노 바디로션라벤더향 아비노 바디로션무향 아비노 바디워시자몽 아비노 바디워시무향 피지오겔 페이스 앤 바디로션오휘 에이지 리커버리 크림오휘 에이지 리커버리 스킨소프너에멀젼 오휘 프라임 어드밴서 앰플 세럼크림 오휘 미라클 토닝 크림동국제약 센텔리안 더 마데카크림아이오페 슈퍼바이탈 에멀젼아이오페 슈퍼바이탈 소프너수려한 비책진생 윤 크림 아이오페 슈퍼바이탈 크림크림 에센스수려한 비책진생 윤 유액 수려한 비책진생 윤 수액 피지오겔로션에스트라 아토베리어 크림닥터지 레드 블레미쉬 수딩 크림닥터지 블랙 스네일 크림비원츠 시카 콜라겐 리프팅 크림헤라 옴므 에센스 인 스킨 구성품 헤라 옴므 에센스 인 에멀젼 구성품 빌리프 더 트루 크림 아쿠아밤유리아쥬 오 떼르말니베아 데오드란트 롤온엔젤 아쿠아 수분 수딩젤유한킴벌리 그린핑거 파워쉴드 선스틱생활건강 태극제약 도미나스 기미케어 크림일리윤 히알루론 수분 크림한스킨 히알루론 에센스이지듀 멜라토닝 앰플피지오겔 데일리뮨 세럼토리든 다이브인 세럼오가니스트샴푸앤바디워시피노 프리미엄 터치 헤어 마스크골든앰플 헤어에센스 피지오겔 하이드로 젤 크림숨 워터 젤 크림 크래프트 양송이 스프캠벨 클램차우더 스프캔보노 옥수수알 콘스프보노 바질크림 스프상하키친 양송이 크림스프오뚜기 분카레짜장오뚜기 백세카레 약간매운맛 에스앤비 골든카레 매운맛에스앤비 골든카레 중간매운맛본죽 본소고기 가마솥국밥마마스초이스 두부 북엇국소스락 백년육수 즉석국양반 그릴리 부대전골비비고 사골시래기 된장국비비고 소고기 미역국비비고 스팸듬뿍 부대찌개비비고 육개장양반 통다리 닭볶음탕 참치캔 가다랑어 동원 참치 스팸 클래식스팸 라이트풀무원 식물성런천미트동원 고추참치동원 참치동원 맛참 고소참기름동원 번데기유동 자연산 다시마골뱅이 동원 자연산 꽁치비비고 김치볶음상하키친 비프카레본죽 쇠고기 장조림 양반 진국 소고기무국비비고 사골곰탕 진우불식당 즉석우동 풍국면 들깨칼국수양반 오쏘티드 칼떡볶이떡볶이의 신 짜장 라볶이비비고 떡볶이백제 알리오올리오파스타 백제 만테까레투움바파스타이가자연면 얼큰 누룽제비 면사랑 남해 멸치칼제비백제 도토리 비빔막국수 이가자연면 감자수제비 고메 베이컨트러플파스타 쟌슨빌 햄스팸 닭가슴살리챔 오리지널 캔 캔풀무원 평양 물냉면요뽀끼 컴라볶이풀무원 병아리콩 곤약면오뚜기 옛날 자른 당면비폰 베트남칠리 쌀국수타이와 쌀국수 스프포함 백제 멸치 쌀국수이치방딜리셔스 돈코츠라멘면발의 신 마라탕면이가자연면 신길동 얼큰짬뽕예천농협 한아름쌀미이랑 캐나다산 병아리콩미이랑 국내산 찰기장쌀미이랑 국내산 찰수수쌀월드그린 캐나다산 카무트미이랑 국내산 서리태 미이랑 페루산 적두 팥 월드그린 국내산 백태온가족 누룽지 미니백제 김치볶음밥 누룽지예맛 오곡 누룽지햇반 소프트밀 소고기죽양반 특전복죽 햇반 솥반 꿀약밥햇반 컵반 치킨마요덮밥햇반 서리태 흑미밥햇반 쌀눈가득 쌀밥햇반 발아현미밥햇반컵반 된장김치찌개밥햇반 이천쌀밥월드그린 파로월드그린 호주산 루피니빈예산농협 삼광쌀용인농협 아끼바레쌀팽성농협 고시히카리쌀마장농협 이천쌀미이랑 국내산 찹쌀미이랑 캐나다산 귀리쌀 미이랑 국내산 찰현미팽성농협 아끼라레현미미이랑 국내산 가바오색현미월드그린 미국산 찰보리쌀월드그린 국내산 찰흑미미이랑 국내산 체질균형식돈시몬 오렌지 주스이롬 주스밸런스그로우착즙 주스오가닉라이프 그린글리쿼터패스트 아이스티 복숭아 산가리아코코 복숭아청포도돈시몬 자몽주스 후룻베지 파우치팁코 파인애플주스팁코 오렌지자몽주스후버 레몬에이드후버 사과주스덴마크 테이크얼라이브 스위티자몽주스카프리썬 멀티 비타민주스피오디 라임주스카프리썬 오렌지망고주스 아몬드음료고소한 삼육두유베지밀 아몬드호두 두유이롬 약콩 두유삼육두유 국산 검은콩 두유블루다이아몬드 아몬드 브리즈상하목장 유기농 멸균우유연세우유 소화가잘되는우유빙그레 바나나맛우유허쉬 초콜릿드링크배스킨라빈스 딸기맛 우유연세우유 콜드브루커피우유사과당근 주스솔리몬 스퀴즈드 레몬주스솔리몬 스퀴즈드 레몬주스롯데 쌕쌕오렌지주스 콜라 갈아만든배핫식스 에너지드링크몬스터에너지 울트라 캔 핫식스 더프로오리지널셀시어스 오렌지치포레스트 제로 탄산음료폴바셋 어메이징오트커피매일유업 어메이징 오트폴바셋 돌체라떼칸타타 콘트라베이스 콜드브루스타벅스 더블샷바닐라스타벅스 에스프레소크림 더블샷스타벅스 파이크플레이스투썸플레이스 디카페인아메리카노유씨씨 하와이코나커피투썸플레이스 피치아이스티샷추가레쓰비 마일드 캔커피오랑지나 탄산음료 사이다제로것플렉스 골든페어 배주스블루몽키 스파클링 주스 레몬에이드 그로운라이트 딸기레몬에이드 썬스위트 프룬주스 랑거스 알폰소 망고넥타압착 사과주스 선베리 패션후르츠 주스크랜베리주스홍자몽주스 델몬트 스테비아 토마토주스선베리 토마토주스 코코넛워터오뚜기 오라면팻츠가드 고양이 두부모래무향 팻츠가드 고양이 두부모래라벤더향 아메리칸 솔루션 벤토나이트 모래 무향 애견용변패드매 아이리스 애견용변패드매 시저 애견사료 소고기 캔에이엔에프 식스프리골드 애견사료 팩 네츄럴코어 애견사료팩강아지용 사료소형견 사료프리미엄 애견사료노령견 사료 파미데이즈 치킨말이 고구마 파미데이즈 황태유산균 덴탈껌 밀키베이스뉴트리플랜 애견용 홀릭소시지뉴트리플랜 소프트뮨 화식 애견용 프리미어 고양이사료 에이엔에프 식스프리골드 고양이사료 팩 뉴트리나 비스트로 애묘사료고양이 습식캔이나바 마구로쥬레 유산균이나바 츄르비 버라이어티 봉 팬시피스트 고양이 주식캔 캔 조공 미니트릿 닭가슴살뉴트리나 비스트로 애묘용 캔사료아르르 강아지고양이 열빙어간식네츄럴코어 천연 오리가슴살이나바 챠오츄르 고양이간식 입 바우와우 애견용 혼합간식 팩 존스팜스 애견용 연어저키정직하개 애견용 소고기육포벨버드 치킨밀크껌 소형벨버드 치킨밀크껌 중형윔지스 애견용 베지소시지원데이케어 애견관절치석케어러봉 애견용 한우콜라겐껌 연어맥스퓨전 애견용 장난감클린어스 애견용 장난감시리우스 강아지 발씻자 실리콘팁 바우와우 애견용 단백질바 팩 슈퍼포우 베리츄 강아지껌스위퍼 헤비듀티 먼지청소포 핸들청소포매 스카트 살균소독티슈 매팩 스카트 유리거울 세정티슈베지터블 코인 압축 티슈 테이블 냅킨 매팩쓰레기통 비닐봉투 대용량 멀티백홈스타 욕실청소용클리너페브리즈 화장실비치형 방향제 탈취제홈워시 세탁조 크리너홈워시 파이프크린홈워시 락스이지엔 페이퍼호일 팩 이지엔 에어프라이어종이호일 알루미늄 쿠킹호일글래드 밀폐용기 용기뚜껑 삼풍 일회용 나무젓가락 매팩 삼풍 종이접시대 삼풍 종이접시중 삼풍 종이보울투고 투명컵 뚜껑빨대삼풍 이중단열 커피컵삼풍 종이컵 음료수컵개 브레프 변기세정볼 레몬 입 크리넥스 빨아쓰는 행주타월 매롤 크리넥스 위생행주스카치브라이트 다용도행주겸 청소포스카치브라이트 베이킹소다 수세미스카치브라이트 청소용브러쉬스카치브라이트 초강력 린트롤러고로고로 테이프클리너본체리필매 고로고로 테이프클리너리필침구용 고로고로 테이프클리너리필바닥용 스카치브라이트 베이킹소다청소포매 스카치브라이트 미세먼지청소포매 스카치브라이트더블액션걸레 핸들 청소포 스크럽마미 수세미스크럽대디 수세미디쉬대디 클리닝스틱번들 스카치브라이트 다용도 도트수세미스카치브라이트 옥수수그물망사수세미스빈또 올인원 세제수세미스카트 일회용수세미 매롤 마미손 고무장갑 중형 마미손 고무장갑 대형 아우라 시트형 섬유유연제 건조기용리큐제트프로 포인트샷얼룩제거제슈가버블 과탄산소다 표백제타이드 액상세탁세제 홈케어 프리미엄습기제거제미세스 마이어스 다목적 세정제 스프레이 슈가버블 식기세척기세제프로쉬 식기세척기세제 식기세척기세제 슈가버블 애플향 주방세제 매소드 주방세제키친솝 주방세제 프로쉬 주방세제프릴 헨켈 베이킹소다 주방세제 레몬향울샴푸 중성세제 리큐 세탁세제 드럼겸용 피지 시트형세탁세제드럼겸용 다우니 퍼펙트딥클린 라브아세제 아이리스피오니 개피지 모락셀라 냄세제거부스터파워브라이트 세탁세제 입 퍼실 디스크세제 피지 디나자임 딥클린맥스세탁세제울트라클린팩세제 퍼울 머스크블룸세탁세제 액체세탁세제 프로쉬 알로에베라세탁세제액츠데오후레쉬 세탁세제베이킹소다 퍼실 어드밴스드젤세탁세제 샤프란 꽃담초 섬유유연제 다우니 섬유유연제 에이프릴프레쉬 다우니 인퓨전 섬유유연제 블리스 다우니 섬유유연제 실내건조다우니 섬유유연제 삶음탈취 섬유유연제 후레쉬섬유유연제 라벤더 라브아 섬유유연제 프랑지파니가이악프로쉬 코튼블라썸 섬유유연제레노아 섬유유연제 화이트머스크향 시트형 섬유유연제 매팩 다우니 언스탑퍼블 향기부스터 러쉬인워시향기부스터 스프링프레쉬향기 부스터 울트라프레쉬지퍼백 대형 지퍼백 중형지퍼락 스마트지퍼백 대형지퍼락 스마트지퍼백 중형지퍼락 버라이어티 냉장백 소형 미니 이지엔 슬라이더스탠징지퍼백이지엔 비닐백 중형 매이지엔 롤백 대형이지엔 롤백 소형 매 주방용랩 주방용랩 중형 팩 글래드 프레스앤씰 매직랩 팩 이지엔 일회용 비닐장갑 매페브리즈 섬유탈취제 다우니향페브리즈 섬유탈취제 향균페브리즈 섬유탈취제 실내건조페브리즈 공기탈취제라브아섬유탈취제 사이프러스베티버콤보스 체다 치즈 크래커 나비스코 리츠 크래커 코로코 완두콩 크래커켄지 파 크래커아마노야 센베 쌀 크래커오데이 누가샌드위치 크래커 카스 테이블워터 크래커쿠키아 뚜부 크래커돌리 제주 감귤 과즐 봉 돌리 오란다청년떡집 말랑말랑 꿀오랑돌리 한입 전병 믹스미왕 고소한 쌀과자삼립 궁중 꿀약과 마마스초이스 쌀크래커 김파래맛마마스초이스 고구마 프라이즈맥코믹 스테이크 시즈닝리치스 스위트콘하인즈 굿마요네즈린지 라지 피티드 블랙올리브 캔 청정원 고소한마요네즈 골드 큐피 참깨드레싱 블레이즈 발사믹 글레이즈맥코믹 시저 샐러드 드레싱하인즈 토마토케찹 네이처소스 샐러드토퍼하인즈 토마토케찹베이컨 크럼블스하인즈 토마토케찹프레쉬 고메 양파후레이크크래프트 미라클 휩프렌치스 머스타드이지쉐프 알리오올리오 소스하인즈 클래시코 크리미 알프레도 파스타소스라구 토마토 파스타 소스 데체코 바질페스토 가로팔로 파스타면 혼합 가로팔로 스파게티 바릴라 링귀니청정원 로제 파스타소스한라식품 수참치액소스락 백년육수청정원 올리고당 큐원 알룰로스소스락 한우 사골육수소스락 바싹말린 의성마늘청정원 조청쌀엿쌀% 안옥남 국물용 다시팩백설 프리미엄 굴소스미원 아미노산 미원 백설 소갈비양념백설 쇠고기 다시다 백설 소불고기양념남안동농협 고춧가루비비고 김치요리용소스 에스앤비 생와사비다이쇼 데리야끼소스 플라잉구스 스리라차핫소스타바스코 핫소스크래프트 스테이크소스오뚜기 참깨돈까스소스청화농산 국산볶음참깨청화농산 국산 들깨가루맥코믹 바질메사나 파마산 치즈델라미코 갈릭 후레이크맥코믹 월계수잎델라미코 파슬리 플레이크 천일염 소금 씨솔트델라미코 크러쉬드 레드페퍼 말돈소금미담 신안 구운 천일염 소금 계피가루올드톰슨 사이공시나몬스틱 핑크솔트그라인더리필소금 통후추 흑후추 그라인더리필 오뚜기 순후추샘표 양조간장 몽고 송표 프리미엄 간장 영덕농수산 영덕 게간장 빽쿡 만능요리액젓미즈칸 쯔유 백설 하선정멸치액젓롯데 미림 요리전용맛술샘표 연두본죽비빔밥 소고기강된장청정원 조개멸치 양념된장해찬들 구수한 가정식집된장 청정원 순창 초고추장해찬들 궁중식 볶음고추장청정원 태양초일품고추장 해찬들 우리쌀태양초고추장 해찬들 고기전용쌈장시아스 오리엔탈 드레싱 토마토페이스트 다이스토마토아라움 매콤달콤 보리멸 봉 마마스초이스 바삭한닭껍질후라이드마마스초이스 구운 오징어채마마스초이스 오징어 소면 왕오징어구이 스틱마마스초이스 치즈오징어마마스초이스 버터구이 오징어마마스초이스 황태 껍질 튀각푸드엔씨 구운 미니 쥐포피쉬트리 고소한 먹태소스포함 마마스초이스 황태 양념구이벤토 스위트앤스파이시 불징어피쉬트리 오사리안주멸치피쉬트리 오븐에구운먹태깡오뚜기 초간편 감자전 믹스에스프레소 블렌드하우스 블렌드콜롬비아원두커피 스타벅스 브랙퍼스트블렌드 스타벅스 카페베로나 룰리커피 스페셜블랙원두커피 카누 카페블렌드 원두커피 모모스커피 하우스블렌드자비다커피 헤이즐넛바닐라 원두폴 바셋 블렌드 테라로사 올데이 블렌드 커피명가 올굿블렌드원두커피 구스틴크래머 핸드드립커피필터 장팩 스타벅스 미디엄 아메리카노 보헤미안 로스터스 인스턴트커피카누 미니텀블러포함 바리스타커피 헤이즐넛 커피볼맥심 모카골드 마일드헤라 선메이트 프로텍터파이어폭스 바베큐숯대림바스 샤워헤드메탈호스 대림샤워 호스 대림바스 세면대필터헤드 리필필터개포함 대림바스 주방헤드필터대림바스 필터 주방헤드 필터개 포함 대림바스 필터샤워헤드 필터개포함 대림바스 샤워헤드필터듀라셀 알카라인 건전지 듀라셀 알카라인 건전지다용도 극세사타올 장 노랑 불스원에탄올워셔 개뽑아쓰는 다용도 타월 장 불스원 레인 이지그립 발수코팅 불스원 레인 스피드 발수코팅개 소나텍 익스트림나노엔진코팅개 불스원 프리미엄 연료첨가제개 휘발유 불스원 프리미엄 연료첨가제개 경유 페브리즈 차량용방향제클립프레쉬허브 맑은하늘바람 페브리즈 차량용방향제클립다우니 맑은하늘바람알카라인건전지알카라인건전지 듀라셀 울트라알카라인 건전지 듀라셀 울트라알카라인 건전지 듀라셀 알카라인 건전지 듀라셀 리튬 건전지 유니 제트스트림 볼펜색 유니 제트스트림 볼펜색 제브라 샤프샤프개 심개쓰리엠 박스 테이프티라이트정수필터 브리타호환브리타 막스트라프로 필터라바짜 네스프레소호환크레마에구스토 라바짜 네스프레소호환퀄리타 로사 카피탈리 네스프레소호환종 클라시코 벨루타토 포르테 카피탈리 네스프레소호환종 클라시코 벨루타토 포르테 브라질 룽고 킴보 네스프레소호환바리스타 나폴리 인텐소 스타벅스 네스프레소플레이버 스타벅스 네스프레소디카프 스타벅스 네스프레소싱글오리진콜롬비아 하우스블랜드 에스프레소로스트 스타벅스 돌체구스토네스카페 돌체구스토아메리카노 룽고 베스트모먼트 돌체구스토브라운 전기면도기 세정액팩 스타벅스 돌체구스토하우스블렌드 파이어폭스 알루미늄 직화용기 버라이어티팩코베아 헤스티아 토치 파이어폭스 에탄올 고체연료풍국면 들기름막국수풍국면 온동네 소면 백제 당초밀면백제 히모카와 우동백제 필승의 잔차국수포카리스웨트 이온음료 팩 토레타 과채이온음료쥬비스 애플사이다비니거밸런스그로우 수박주스립톤 제로복숭아아이스티정식품 국산콩 진한콩국스카치브라이트 베이킹소다크린스틱 핸들 패드 블루랜드 변기세정제윙크 위생 롤도마윙크 잘라쓰는 주방후드필터정샘물 스킨 누더 쿠션리필미니퍼프벌꿀 블루 아가베시럽무염견과 스낵팩 살사소스 라투랑겔 호두오일동원 저스트 육포 화이트 페퍼리치 켄주 야채크래커크리스피롤 곡잘잘미칩 볶은곤약통멸치 츄이 프로틴바화과방 프리미엄 양갱텐케이 종합 모나카후지야 밀키캔디솜 디톡스 레몬칩스타벅스 다크 아메리카노쌍계 애플사이다비니거 사과 아이스티 복숭아 티젠 레몬콤부차이디야 요거트 파우더크리스탈라이트 레몬 아이스티 크라스탄 오르조보리차 토티야 칩스 스낵킹 옐로우콘 토티야칩스프리토레이 도리토스 나초 칩프리토레이 레이즈 클래식 핑크솔트감자칩잭슨스 고구마 칩히피 칙피 병아리콩 나초칩테라칩 클래식 야채칩오리온 태양의 맛 썬프리토레이 스낵 버라이어티 팝코너스 버라이어티 백프링글스 미니 사워크림어니언프링글스 오리지널익사이클 바삭칩 믹스오리온 오징어땅콩강정롯데 스낵모음오리온 스낵모음크랙콘 카라멜팝콘에어 퍼프콘 클래식시카고 믹스 팝콘신화에프에스 컬러 오징어마마스초이스 리얼 닭가슴살 칩마마스초이스 후라이드 쥐포튀김곰표 후라이드 오징어진새우 오리지널 새우스낵스낵야드 표고버섯 칩일품채 표고채 국내산일품채 목이버섯 국내산호박고지 국내산건곤드레 나물 국내산무말랭이 국내산건고사리 국내산양구 건시래기 국내산건대추 국내산건취나물 국내산오리히로 과일 곤약 젤리폴라레티 후르트 아이스바허쉬 얼려먹는아이스크림엘제이드 쁘띠베어 아이스바트롤리 미니 버거 젤리틱톡 젤리 믹스 닥터유 프로틴바 미니 닥터유 아몬드 단백질 볼닥터유 프로 단백질 바 그래놀라 바비카인드 다크초콜릿 너트바엄마사랑 통곡물 너트바랩노쉬 단백질 쿠키 종 프로틴 바네이쳐밸리 프로틴 바네이쳐밸리 트레일 믹스 바궁 쇠고기 육포궁 골든올리브 육포궁 쇠고기 육포비첸향 골든코인머거본 칼몬드포담 빼빼어포피쉬트리 먹태깡 레드신화에프에스 갓 튀김 어포카디나 감자 스틱농심 쫄병 스낵오리온 뉴룽지더다믐 김칩스것플렉스 두부현미스낵오뚜기 뿌셔뿌셔불고기맛타오케노이 빅롤 김 스낵트윅스 미니스 초콜릿오리온 비쵸비엠앤엠즈 믹스 초콜릿부르봉 알포트 초콜릿 가염 믹스넛무염 믹스넛무염 캐슈가염 캐슈 만나다 브라질 넛원더풀 가염 아몬드 가염 피스타치오 만나몰 국산 볶음 땅콩만나다 국산 잣 가염 볶은 아몬드미국산 피칸휴슨넛 슬라이스 아몬드 미국산 생아몬드미국산 호두 그린넛 호두 반태 그린넛 호두 정과후디즈 칵테일 피넛 후디즈 허니 로스티드 피넛 플랜터스 가염 땅콩 바프 허니 버터 아몬드헤이그램 서리태 스낵카수가이 와사비콩스낵가염 땅콩캐슈 클러스터 바프 먼투썬 주 허니 마카다미아 로스티드 마카다미아부샤드 카라멜씨솔트초콜릿 부샤드 다크 %초콜릿 페레로로쉐 초콜릿총개 하리보 스타믹스 젤리제너럴밀스 후룻 바이 풋앙팡 밀크릿 카라멜 스모어코어틴 프로틴 초콜릿 볼몰티져스 밀크 초코볼아라비안 딜라이트 대추야자 아몬드초콜릿스위스 델리스 밀크 초콜릿 스위스 델리스 다크 초콜릿 메이지 마카다미아 초콜릿메이지 키노코노야마 일본 초코송이롯데 빼빼로 모음 팩 킨더 맥시 초콜릿페레로 누텔라 앤 고킨더 부에노 초콜릿킨더해피 히포해태 홈런볼 초코 틴인틴 비스켓 원더풀 무염 피스타치오제너럴밀스 후르츠거셔스젤리오리온 알맹이믹스팩제너럴밀스 후르츠 롤업 젤리트롤리 지구본 젤리 트롤리 사우어 구미스위트 스페이스 멀티 믹스 젤리트롤리 드래곤 에그 젤리 닥터큐 과즙 젤리 종멘토스 미니사이즈 과일맛후르트텔라 과일맛 요구르트츄트롤리 올인원 젤리 비달 다이노 젤리레옹 사워 젤리모음스키틀즈 믹스팩락토조이 구미 젤리하리보 골드베렌 젤리하리보 메가 파티 젤리미카구토 아주끼캔디 맛밤 봉 페를레디솔레 포지타노 레몬사탕 캔디캠프파이어 마시멜로옌끼 자일리톨 캔디투씨 팝스 미니어춰 스틱 캔디총 웨더스 오리지널 버터 크림 캔디벨라민츠 스피어민트 캔디벨라민츠 과일맛 민트 종트레핀 벨기안 커피맛 스위트 캔디 스위토리 후르츠민트향 껌 벨라민츠 스피어민트 껌맥스봉 치즈스위토리 자일리톨 껌롯데 자일리톨 껌전자레인지 팝콘웨지 감자 스낵디제이앤에이 바삭하고 고구마칩덴로쿠 스낵믹스세레나 에그롤트로피칼 필드 크리스피코코넛롤슐츠미니 프레첼 부르봉 블란츌 랑그드샤 피넛버터 프레첼 기화병가 펭귄 쿠키미니 초코크리스피티포 에그쿠키크노퍼스 웨하스센넨야 바움쿠헨마마스초이스 티각태각 야채부각스모어 오갓멜로 크리스피 쿠키 트러플하몽 크래커총 웨더스오리지널 카라멜팝콘 클래식나비스코 프리미엄 솔틴크래커 골든 오차드 트레일 믹스 싱글오리진초콜릿워커스 어쏘티드 토피초콜릿 모음밀크초콜릿 아몬드 스니커즈 펀사이즈 초콜릿스니커즈 미니스 초콜릿허쉬 키세스리터스포트 초코큐브토블론 믹스 초콜릿스위토리 피넛 클러스터스위스델리스 마운틴바초코블럭이노푸드 아몬드너겟 초콜릿알리앤로즈 미니 초코 와퍼콘부샤드 라즈베리틴나비스코 오레오쿠키위메이드 밀크 쿠키랑그드샤 쿠키밀카 초코그레인 쿠키폭스 초콜릿 쿠키스위토리 치즈 쿠키알리앤로즈 크로아상 바이트모리나가 문라이트자케 미니브라우니믹스오리온 카스타드오리온 초코파이맥비티 다이제스티브 투고 켈슨 데니쉬 버터 쿠키 카라멜라이즈 쿠키비첸지 아치쿠키박스생미쉘 프렌치 버터 쿠키카렌스 베이커리 오트쿠키 라즈베리롯데 마가렛빠다코코넛메종 브뤼에르 아몬드 크리스프크리넥스 다용도 종이타월 매입미용티슈매팩프리미엄화장지롤 크리넥스 데코소프트화장지롤 크리넥스 소프트터치 미용티슈매팩 크리넥스 휴대용 티슈매 뽀삐 점보롤화장지 롤 크리넥스 안심 키친타월매 롤종이타월매롤 크리넥스 소프트엠보싱 물티슈 매팩 꽃샘 본비 우엉차동서 둥굴레차 꽃샘 본비 우롱차 쌍계 전통차도라지 국화 누룽지 티트라 레드 애플티로얄티 루이보스 티 네스카페 테이스터스초이스커피 콜럼비아그라운드커피인스턴트커피스타벅스 드립백커피룰리커피 스페셜드립백하마야 드립백 커피테라로사 싱글오리진 드립백강릉 보헤미안 로스터 드립백커피 입 이디야 토피넛라떼커피빈 피스타치오 라떼맥심 화이트골드펄세스 스테비아커피믹스 이디야 스페셜 모카블렌드 이디야 스페셜 골드블렌드비비고 참기름퓨리티 마누카꿀 본비 아카시아꿀 메이플 시럽 초콜릿 칩 % 스키피 크런치 땅콩버터땅콩버터오뚜기 우리밀부침가루 청화농산 도토리묵가루곰표 중력밀가루미이랑 찹쌀가루 농협 우리밀 참밀가루 아몬드가루 백설 하얀설탕 홀썸 비정제 갈색설탕 큐원 갈색 설탕설탕 알티스트 설탕대신 알룰로스 큐원 스테비아 암앤해머 베이킹소다썬스위트 건자두 담달 쫀득한 건망고썬메이드 건포도건체리 건블루베리오션 스프레이 건크랜베리 이롬 일 영양건강식돌 복숭아 컵태광선식 퀴노아곡 미숫가루 설빙 옛날 미숫가루 태광선식 서리태귀리쉐이크 달톤 화이트 식초마리안느 아보카도오일 올리브유스페인엑스트라버진 올리브유셀렉스 웨이프로틴 드링크라투랑겔 오일혼합 엑스트라버진올리브유스페인포도씨유오타비오 포도씨유푸엔테 해바라기유 카놀라유 백설 옥수수유 데니그리스 사과식초 사과식초명가랑 국내산 참기름명가랑 국내산 들기름명가랑 정이담긴참기름먹는샘물 천연광천수동원 보성말차아리조나 녹차진생허니티 캔 광동 옥수수 수염차 이탈리안탄산수후지산 탄산수 스파클링탄산수하이트진로 토닉워터 플레인캐나다드라이 진저에일하이트진로 블랙보리 천연광천수 제너럴밀스 바 버라이어티 팩퀘이커 심플리그래놀라 에센셜 그래놀라 프로틴 플레이크오 그래놀라 믹스 팩 제너럴밀스 시나몬토스트크런치켈로그 리얼 그래놀라그래놀라하우스 그래놀라 파로이츠캘로그 컵 시리얼캘로그 아몬드 푸레이크신라명과 달콤바삭 크룽지신라명과 오리진단팥빵삼립 오븐에구운버터도넛신라명과 리얼 브라우니미각제빵소 황치즈 버터바파이삼립 호두 타르트화과방 도넛팥빵화과방 크림딸기붓세화과방 바질스콘화과방 우피파이 팔도 비빔면농심 너구리농심 배흥동 비빔면 런닝 트리코트반바지 플립플랍성인 스티커즈 캠핑용 접이식 간이침대브라질리아 백팩 구명조끼 영유아용구명조끼 용넥쿨러 개마이어 전기포트 로렌스 머그락앤락 단 도시락휴대가방 포함 리볼브블루투스 스피커 아이폰 프로맥스아이폰아이폰 웰치스 탄산소다 포도맛 캔 콜라 제로 팩 콜라 캔 멜로그라노아란시아타 캔 마운틴듀 오리지널제로동원애묘용 캔사료 웨버 대형 숯 점화통 웨버 점보조 차콜그릴 웨버 프리미엄 차콜그릴 코스트코회원권 코스트코 코스트코추천상품 코스트코올리브오일 코스트코영업시간 코스트코타이어 코스트코상품권 코스트코추천 코스트코온라인몰 코스트코휴무일 코스트코세일 코스트코 코스트코정보세일정보 코스트코에서꼭사야할것 코스트코추천 코스트코치즈 코스트코고기 코스트코추천템 코스트코다이어트 코스트코갈비살 코스트코간식 코스트코고기소분 코스트코갈비살소분 코스트코그릭요거트 코스트코고기추천 코스트코가격표에숨겨진비밀 코스트코과자 코스트코감자수제비 코스트코냉동야채 코스트코뇨끼 코스트코낙곱새 코스트코냉동식품 코스트코냉동새우 코스트코냉동피자 코스트코닌자블렌더 코스트코냉동 코스트코디저트 코스트코다짐육 코스트코다이어트추천템 코스트코드라이기 코스트코닭다리살 코스트코등갈비 다이어트코스트코 코스트코베이글 코스트코다짐육떡갈비 코스트코레몬즙 코스트코로스트치킨 코스트코로티세리치킨 코스트코라자냐 코스트코올리브오일 코스트코추천상품 코스트코신상 코스트코필수템 코스트코연어 코스트코상추 코스트코쇼핑 코스트코영양제 코스트코아이폰
​
딥모이스처 바디워시 에멀전 골드리프팅 스킨케어 캐스키드슨 핸드크림 캐스키드슨 베스트 선물 프리미엄 호 스페셜 호 동원 프리미엄 호 제일재당 스페셜 호 백설오일 혼합선물 영진 불원산 헉슬리 핸드크림농심 너구리김치 사발면육개장 사발면신라면 소컵부여알밤 삼계탕트레브리즈 공기탈취제슈가보블 과탄소 표백제 데일리 양말 담요 슬리퍼로버락 로봇청소기 바롬 제로 컬렉션 무선청소기 스타벅스 돌체 구스트 헤이즐넛 바닐라 원두아보카도 오일골드 키위 샤인 머스켓 청포도햇반 김치 치즈 주먹밥 삼천오참치마요 주먹밥 비요뜨 초코링 콘드로이진천 어린이 눈건강궁이 바이탈프로틴 콜라겐 홍삼정 현홍삼정현홍삼선물 홍삼골드산삼배양근 진 센트룸 실버 멀티비타민 코관절 진 콜라겐 에센셜마그마 스피드샷 루테인 지하잔틴 홍삼 원력 홍삼 절편홍삼 배도라지 진액 보감 쌍화 진액 하모트효소 에버스트로겐 종군단건강 홍삼 절편 농량근 홍삼본 함뿌리 녹용 흑삼스틱 함뿌리 흑삼 아르기닌 침향환 선물 알로에 판토텐산 센트롬 멀티비타민 구미 레몬민트 허브캔디 경남제약 레모나시 스테노비스 트리 브레스 스프레이 프로폴리스 자동전자혈압계 동구밭 샴푸 트리트먼트 바 범 일회용 치간 칫솔 조르단 인디비주얼 소프트 칫솔 질레트 프로실드 면도날 유시몰 화이트닝 치약 레인바스 샤워젤 헤드앤숄더 울트라쿨 맨솔 샴푸 흑모비체 괄호거품 연모제 시크릿 에센스 에이지 리커버리 크림 컨센트레이트 세럼프로크림 어성초 지우개 패드 아이케카테 프리미엄 핸드워시 온더바디 바르시처 코튼 푸트 샴푸 센텔리안 멜라 캡처 앰플 프로 도미나 스키미 케어 크림 미라클 토닝 크림 에이지 리커버리 스킨 소프트나 에멀전 엔자인 페이스 워시 모노티크 바디 워시 클렌징 워터가비노 바디로션 닥터 루티어 선물플라워 마켓 바디웨어 케어보타닉 가든 바디워시퓨어 코튼 선물레드 이발소 핸드워시마라탕면 소고기 미역국 양송이 스프 바질크림 스프 통다리 닭볶음탕 사골시래기 된장국 김치볶음 스팸 듬뿍 부대찌개 육개장 비비고 떡볶이 베이컨 트러플 파스타 짜장라볶이 어토리 비빔맛국수 진국 소고기묵국 어쏘티드 칼떡볶이 쌀국수 파게장 큰사발 당초 밀면 알리오 올리오 파스타 솥반 꿀약밥 누룽지 미니 소프트밀 소고기죽 컵반 치킨마요 덮밥 된장김치찌개밥 쌀밥참치 용원 스페셜 호 스페셜 호 프리미엄 호 프리미엄 김 호 비치햄 오리지널 스팸 클래식 스팸 라이트 스팸 닭가슴살 곡물복지 햄 라이트 존슨빌 햄 동원 고추참치 동원 참치 꽁치 두부 북엇국 그릴리 구대전골 사과 당근 주스 수박 주스 멜로그라노 아라시아타 제로 탄산음료 복숭아 청포도 콜라 스테비아 토마토 주스 고소한 삼육 초콜릿 드링크오랑지나 탄산음료 콜라 제로 핫식스 에너지 드링크 핫식스 더 프로 오리지널 롯데 밀키스 제로 마운틴 뉴 오리지널 제로환타 오렌지 제로 투썸플레이스 피치 아이스티샷 추가 투썸플레이스 디카페인 아메리카노 트래비 탄산수 레몬향 크리스탈 탄산수 샤인 머스켓 하차 캐나다 드라이 진저 에일 브라운 슈가 밀크티 오뚜기 열라면 파미데이지 치킨마리 고구마 애견사료 소고기 황태유산균 덴탈검 고양이 습식 캔 아르르 강아지 고양이 열빙어 간식 펜시피스트 고양이 슈식 트리플랜 애견용 홀릭소시지화면화식 애견용 애견용 장난값 베이킹소다 크린스틱 다영도 행주기엄 청소포 베이킹소다 수세미 다영도 포트 수세미 옥수수 그물망사수세미 페브리지 섬유탈취제 향균 섬유탈취제 다우니향 라부아 섬유탈취제 랩프 병기세정볼 프로시 식기세척기세제 프로시 주방세제 주방세제 헤비듀티 먼지청소포 페브리즈 화장실 비치형 방향제 루키제트 프로 포인트샷 얼룩제거제 더블액션 걸레 미세먼저 청소포 드라이 에이킹소다 청소포 초강력 린트롤로 슈가 버블 에프량 주방세제 키친솥 주방세제 에이킹소다 주방세제시티형 섬유유연제 건조기용 크리맥스 유생행주 스마트지퍼팩 스마트지퍼팩 대형 브라이어티 냉장팩 알로에베라 세탁세제 샤프란 꽃담처 섬유유연제 프로시 커튼 블라썸 섬유유연제 세탁세제 퍼실 어드밴스드 젤 세탁세제 딥클린 세탁세제 울샴푸 중성세제 나부아 섬유유연제 퍼실디스크세제 비트 세탁 세제 리큐 세탁 세제 포울 머스크 블룸 세탁 세제 다우니 섬유유연제 실내건조럭스나인 라텍스토퍼 슈퍼싱글 퀸사이즈 킹사이즈 에르고 라텍스백에 다운 얼터너티브 백에 오버사이즈 블랭켓 피너츠 엑센트러그 주방 쿠션 매트 미니 바스 타월양털 극세사 카펫 얼트메이트 담요 양털 극세사 담요 정장 양말 캐주얼 양말프리컷 팬티 프리컷 프라 캐주얼 양말 팬티 쿠션 양말라운드 티셔츠 브리프 긴소매티 방풍 자켓 밴딩 팬츠 긴팔 크로넥스트링 면바지 긴소매 맨투맨 긴소매 티셔츠 긴소매 크로티 트렌치 자켓 아린 후드 자켓 아린 청바지 스웨트 아린 밴딩 아린테리 바지 아린패키지 맨투맨 이랜드 팬츠 로고 스웨트 셔츠 청바지 치노 바지 옥스퍼드 셔츠 긴 소매 컬러 라운드 니트 와플 긴 팔티 동산 스판 팬츠 액티브 팬츠 긴 소매 쿠르 파자마밴딩 카고 조고 액티브 영양 옴니 히트다운 헤딩 자켓 피그먼트 스웨트 셔츠 보모 재킷 우유 가디건 와이드 청바지 캐시미어 니트 더블픽 캐팬츠주니어 프라네일 파자마액티브 풀집 풀집 니트 청바지 흰소매 니트 폴로 운동화 용 골프와 용 골프와 성인 스니커즈 운동화성인 운동화 노가 매트 펌 롤로 야광 킥커볼골비 플라이온 골프공 필텐 골프장갑 헤브리지 차량용 방향제 클립 볼스원 프리미엄 연료청가제박스테이프 페팔 핸드블렌더 롤치킨 스템 바스켓 야채 탈수기 페팔 칼전동 커피그라인더 스테어 크라이머여행가방 스탠리 큐인원 기능 경량 캠핑 의자 골프 우산 접이식 손수레듀라셀 알카라인 건전지번개표 등사각방등다목적 접이식 테이블 필터 주방헤드 샤워헤드 필터 네고 닌자고올인원 보안 카메라 개별 멀티탭 브라운 전기면도기 시리즈 전동칫솔모 오랄비 전동칫솔 오랄비 전동칫솔 식물 영양제 데린바스 필터 샤워 헤드연기 잡는 그릴 파워 인덕션 더플레이트 블렌더닌자 프로 블렌더 음식물 처리기 진공 포장기 멀티커피 머신 페팔 티타늄 포스 프라이팬 페팔 프라이팬스테인리스 스테인리스 더블링 디너웨어 인 유리 저장용기도로코 주방가위 도마 막스트라프로필터 엔바이저히럭스 캠핑 매트 무단 슬림 서랍장 서랍형 수납함 여행가방 원 도체자전거 차량용 스마트폰 무선 충전 거치대 불스원 에탄올 워셔 불스온 글라스 디필저 프리미엄 수공구아모스 글라스 데코프리미엄 에이퍼 복사 용지 송오브인디아 플라스틱 화분 초코그레인 쿠키 트레일믹스 태각야채 동중꿀약과 제주감귤과질 버라이어티백 와사비새우깡 두부현미스낵 갓튀김옵포 칼몬드 화이트 페퍼처스트 육포 프런치 트러플 볶음 땅콩 칵테일 피넛 허니 로스티드 피넛 프로틴 초콜릿불 커피 초콜릿 모음 스니커즈 펀 사이즈 초콜릿 사워 젤리 모음 트롤리 지구본 젤리 유기농 맛밤 쌀크래커 두부크래커 바삭칩 믹스 찰떡파이 키킷 오리지널 초콜릿 스키를드 믹스팩 체다치즈크래커사과젠파이 오븐에 구운 버터더넛 버라이어티쿠키 바삭한 닭껍질 후라이드 골든그레이염 바바라이어티 팩 원러브레드 미니 생크림 보름달 황태 양념구이 첵스 초코 콤보 팩 모레오오즈 스크램베리 아몬드 카페 블랜드 원드 커피 바게츠 인스턴트 커피바게츠 드립백 커피 스타벅스 돌체 구스터스타벅스 넷스프레스스타벅스 네스프레소킴보 네스프레소 맥심 카누미니 애플워치갤럭시플립 갤럭시폴드 게이밍 모니터 사운드 링크 플렉스 솔로 사운드 파트 퓨리케어 공기청정기 스탠바이미 인덕션식기세척기 인용달인 인덕션 프리스탠드 식기세척기 달인 스타일러 달인 드럼세탁기 달인 오브제건조기 달인 세탁기건조기 오브지의 더블 매직 리터 양문형 리터 워시타워 김치냉장고 리터 냉장고 리터 냉장고 김치냉장고김치냉장고 냉장고 리터 김치냉장고 리터 루콜라페스토 로제 파스타 소스 간장 클램 차워드 스프캔만능 육수 요리 한프리미엄 굴소스 김치 요리용 소스 소갈비 양념 불비농토마토케찹 고기전용쌈장 양조간장영덕게간장 남늑피쉬소스 궁중식볶음고추장 소소한 가정식 집된장 태양초 일품 고추장 우리쌀 태양초 고추장 백설 옥수수유 핑크솔트 선물 유기농 사과식초호두 오일 정이 담긴 참기름 마이비데 물티슈 안심 키친타올 소프트 터치 미용티슈 포켓용 물티슈 앤뉴 드링킹 블루베리 생크림 요거트 떠먹는 불가리스 알로에 요거트 서울우유 듀오완 자두 팥배 토마토 러셋포테이프 달수고구마 양송이버섯 호주산 양고기 양갈비 진공팩 아롱산태 진공팩 부채살 진공팩 옹갈빗살 진공팩 미니밤 호박 물회 양념고깨장 영광 매실 고추장 물비 무삼겹 낙곱새 유기농 사워크라우트 무첨가 레겐스 브로거 위성마늘 순환구이 쌀햄 무과연 포숑버터도이치비엔나 소시지 고로곤졸라 화덕피자 치킨너겟 콩담백면 차돌박이 냉이된장찌개 소고기버섯 비빔밥케이준 볶음밥 바비큐 폭립 프리미엄 해물경단 해시 브라운 감자 공치미 물냉면 더 킹크랩스 가쓰오 메밀소바 리얼 해초 미역면 춘천식 메밀맛국수 가래떡떡볶이 한우 곤두레나물죽 양념 소갈비찜 포기김치 총각김치 바지락 순두부찌개 양념 야채채움녹황 유기농 체다치즈 비비고 통새우 만두
​
홍삼원력년근 홍삼골드 쇠고기 육포선물 견과선물 산삼배양근진 밀크씨슬 꽃차선물 커피 선물커피 선물표고버섯 혼합 올리브 오일농원 스페셜 호 특별한 선택 호 스팸 스위트 호 스팸호 존슨빌 선물프리미엄 김 호 부각 곱창 돌김프리미엄 양갱트레일믹스프라임 견과골든비트오롯라멘 드링크 고단백 케블레미쉬 커버크로스 액션 컴플리트 세븐 버블 클렌징 폼 스트롱홀드 헤어스프레이 펜틴 샴푸 펜틴 컨디셔너 하일루론 아이크림 하일루론 라이트 크림 양송이 크림 샴푸 두부 북엇국 비비고 사골시래기 된장국 소고기 미역국 비비고 육개장 사골곰탕진 그릴리 부대전골 감자수제비 참치 만대까레 투음파 둠바 파스타 당초 밀면 도토리 비빔맛국수 너구리 오라면 신라면 소컵 육개장 사벌면 김치 사발면왕뚜껑 링기니 바로 동물국 통곡 물밥 서리태 흑미바 고시헤카리살 오대살주스 오렌지 망고 주스 스위티 자몽 주스 포카리 이온 음료 파워에이디 이온 음료 몬스터 에너지 울트라 갈베 사이다 제로 스프라이트 콜라 사이다 제로 콜라 제로라임 갈아만든배 웰치스 탄산소다 스퀴즈 에이드 콘트라베이스 콜드브루 진저에일 보성말차 구운 닭가슴살 고양이 애견용 연어져키 천연오리 가슴살 베리추 강아지껌 알루미늄 식화용기 위생 롤도마 잘라쓰는 주방 후드필터 빨아쓰는 행주타월 마민성 고무장갑 스빈토 올인홀 세제수세미 스크럽데디브러쉬 식기세척기 세제 브러쉬 주방세제코튼 블라썸 섬유연제 과탄산소다 표백제파워브라이트세제알로에 베라 세탁세제 다우니 퍼펙트 세제 딥클린 홈키파 에어졸 이어플랩 털모자 다운 자켓 원 패딩재킷 긴소매티카고조고 상하이 카고 바지 크레올라 긴팔티 에브리데이 팬츠 캐주얼 바지 캐주얼 셔츠그램 인치 인치그램 인치울트라 인치 삼성 인치 인치 인치푸드 쇼케이스 냉장고 쿠크 인용 압력밥솥천 쿠크 인용 압력밥솥메듀로 등허리 마사지 쿠션 무선 청소기천 파워드라이어 짜라메이쿡웨어 넷게이터 여행가방 브라질리아 백팩 요소수 해머 드릴원 전동 드라이버다용도 수납함 백호 소프트 화장지포켓용 물티슈 한입 강정 무염 피스타치오 포테토칩 바삭칩 믹스 감자스틱 다크초콜릿 너트바 씨쉘 초콜릿 마카다미아 초콜릿 틴인틴 비스켓 멘토스 키켓 오리지널 앙팡 밀크릿 캠파이어 마시멜로 맥스봉 치즈프리미엄 양갱 세레나 에그롤 오리지널 스트로프 와플 다이제 스티브 오레오 쿠키 콘프라이트 바버라 예티팩 유기농 토마토 케찹 백년 육수 알프레도 소스 로제 파스타 소스알룰로스 트러플 치즈 소스 루꼴라 페스토 미라클 휘프베이킹 소다 오리밀 부침가루 스테비아 만능 자간찌 간장 남륵 피쉬소스 수참치액 샘표연두 우리쌀 태양초고추장 엑스트라 버진 올리브유 비비고 참기름 올리브유 키노아 곡 미숫가루 프렌치 로스트 바게츠 인스턴트 커피헤이즐넛 앤 바닐라 원두맥싱 모카 골드 아모드 크림 스프레드레몬콘 무차 바질스콘 로만밀 식빵 피타브레드 후라이드 지포튀김 황태양념구이 씨없는 족포도 씨없는 청포도 자두 골드키윅 버섯모음 광어회 닭가슴살 닭갈비 유기농 미니크림치즈허니 슬라이스 햄 스모크 소시지 닭가슴살 큐브 하몽 올리브프리미엄 수제 델리미트 냉동 삼겹 느린 식혜 햄스빌 베이컨의성 마늘햄 메밀맛국수 국물떡볶이 함박스테이크 청잎김치 얼갈이 열무김치 찌개용 두부 부침용 두부 바지락 순두부찌개 양념 프리미엄 해물경단 튀김새우 소고기잡채 도톰 동그랑땡 통어의 고추튀김 녹두빈대떡 감자채전 설롱탕 한우곰탕 중화짬뽕 바지락 칼국수 소바바 소이 허니순살 꼬마돈까스 크리스피 핫도그 실기업 돈까스 함박스테이크 비비고 통새우만두 제주돼지 감자만두 딤섬 새우 하가우 비비고 왕교자 진한 김치만두 든든한 섬만두 미니컵 컬렉션 하겐다즈 스틱백 모둠 꿀떡 김치 치즈 주먹밥 트리플 치즈 피자 맛있는 물만두 남도 떡갈비대상웰라이프 뉴케어 트레핀 벨기안 커피맛 스위트 캔디 스키니랩 시서스다이어트블랙모어스 오더리스 알티지 오메가 피쉬오일 미니오뚜기 딸기잼암엔해머 베이킹 소다 세노비스 코큐텐켈로그 컵 시리얼 종근당건강 어린슈퍼 콜라겐 스킨핏종근당건강 알로에 이뮨 스틱프로폴리스 캔디 마누카허니트루블루 코스트코안국건강 눈건강솔루션그래놀라 바 제너럴 밀스 네이처밸리 트레일 믹스 바네이쳐밸리 프로틴 바 페레로로쉐 누텔라앤고 오리온 닥터유 프로틴바 미니 두보식품 바싹콩콩 서리태 스낵 관절리프리놀 초록입 홍합추출오일 트루블루 프로폴리스 트루블루 스피루리나 안국건강 코박사 솔루션 뉴트리원 비비랩 더 콜라겐업 젤리타입 피쉬콜라겐동국제약 센텔리안마시는 콜라겐 프로틴웨버네츄럴스 프로바이오틱 유산균 프로일유업 셀렉스 코어프로틴네스카페 돌체구스토종웨버네추럴스 비타민세노비스오메가 종근당건강주니어 홍삼 궁 쇠고기 육포 궁 골든올리브 육포 궁 쇠고기 우육포 센트룸 엔젯오리진 뉴질랜드 초록입홍합비타민 네츄럴라이프 칼슘 마그네슘 비타민 세노비스 트리리턴업 아이시안 루테인비타민 크리넥스 소프트엠보싱 물티슈 신신파프쿨 핫 신신파스쎌바이오텍 듀오락어린이 유산균콜롬비아 커피 그라운드 웨버네추럴 오메가 프로 엔젯오리진 하이큐스파티딜세린 징코슈퍼 오메가비타민청원 고구마츄 나비스코 오레오 쿠키 켄지 크리스피 고프레 바닐라 초코 라운드랩 독도토너 콜게이트 그레이트 레귤러 치약오랄비 글라이드 치실 민트향 개 무염 믹스넛견과류검 일회용 치간칫솔 썬 스위트 건자두 웰치스 후르트 후르츠젤리라운드랩 독도클렌저 수려한 비책진생 윤 유액 리즈케이 퍼스트씨세럼 파로돈탁스 치약알페신샴푸하리보 골드베렌 과일맛젤리 커피빈 캡틴아메리카노미니 팬틴 케어 샴푸팬틴 케어 컨디셔너후디스 허니 로스티드 피넛 마마스초이스 리얼 닭가슴살칩 센소다인 멀티케어 치약쌀국수 스프포함 아토팜수딩로션 상하키친 양송이 크림 스프 하마야 드립백 커피 헤드스파 더프리미엄 헤어 경남제약 레모나하리보 메가파티젤리밀크 초콜렛 아몬드 커피빈 바닐라파우더 헤이즐넛파우더담 빼빼어포에스엔비 골든카레 중간운맛 리챔 오리지널 캔캔 본죽 쇠고기 장조림 오뚜기 백세카레 약간운맛 동아제약 가그린 오리지널동아제약 가그린 제로 닭가슴살 캔인스턴트커피동원 참치 웨이더프로틴 파우더녹차라떼맛 초콜릿맛유동 자연산 다시마골뱅이맥스봉 치즈 밀카 센세이션쿠키 뚜부 크래커 화과방 프리미엄 양갱프레디 스트로베리요거트 콤보스 체다 치즈 크래커 자케 미니 브라우니 믹스 나비스코 프리미엄 솔틴크래커오리지널 스트룹 와플 오데이 누가 샌드위치 크래커로아커 미니 웨하스 믹스 스낵야드 표고버섯칩 오리온 초코파이 오리온 카스타드 전자레인지 팝콘이가자연면 감자수제비 삼립 궁중 꿀약과 비비고 갈비탕 비비고 설렁탕 비비고 소고기 장터국 비비고 소고기 미역국 비비고 육개장 오뚜기 뿌셔뿌셔 동화씨앤에프 생강 대롱미왕 고소한 쌀과자 양반 진국 소고기 무국 오리온 오징어땅콩땅콩강신화당 오란다농심 쫄병 스낵 대용량 멀티백 다용도 쓰레기봉투 작업용 장갑먼지청소포 핸들청소포마미손 고무장갑 대형중형 이지엔 일회용 비닐장갑 이지엔 페이퍼호일 삼풍 일회용 나무젓가락 베지터블 코인 압축 티슈홈케어 파워 방충제 옷장용 서랍용얼라이브 원스데일리 멀티비타민 페브리즈 섬유탈취제 다우니향 스카트 다용도위생행주 페브리즈 에어 공기탈취제심플리잰틀 다용도 화장솜 뉴초이스 미니 크리스피롤 곡 카디나 감자스틱메이플시럽스카트 일회용수세미 롤고려은단 비타민페브리즈 차량용 방향제클립개이지엔 비닐 위생백 중형 크릴오일스카치 직테이프 디스펜서 리필개함타바스코 핫소스소스락 백년육수 백설 남해굴소스 이지쉐프 알리오올리오 소스 오뚜기 골드 마요네즈 오뚜기 참깨 돈까스 소스 온동네 풍국면 소면 청원 쌀올리고당 폰타나 카르니아 크림소스 쁘레리바떼쩨 델라 나투라 트러플 소금 하인즈 토마토케찹 에스앤비 생와사비 초콜릿 믹스 바 아몬드가루 스타 케이퍼초콜릿 칩쌀 크래커선메이드 건포도 워커스 어쏘티드 토피초콜릿 모음고구미 고구마 칩스위토리 다크 카카오 초코볼백설 소갈비양념 백쿡 백종원 만능 양념장 오뚜기 옛날 자른 당면 꽃샘 우엉차 스위토리 후르츠민트향 껌 청원 순창 초고추장 마마스초이스 치즈오징어 맥심 카누미니 스틱미담 신안 구운 천일염 풀무원 수타식 즉석생우동 센트룸 실버맨센트룸 실버우먼센트룸맨센트룸우먼유동 번데기 동원 참치베이컨 크럼플스 하인즈 토마토케찹 맥코믹 시저 샐러드 드레싱 해찬들 고기전용쌈장 시아스 오리엔탈 드레싱 참스 미니어춰 스틱 캔디캠프파이어 마시멜로 오션스프레이 건 크랜베리다크 초콜릿 허쉬즈 쿠키엔크림 초콜릿참깨 드레싱 건 블루베리킷캣 오리지널 마즈 엠앤엠즈 믹스 스퀘어 밀크초콜릿허브 캔디초코 큐브해바라기 밀크초코볼자일리톨 껌 웨덜스 버터 크림 캔디 앙팡 밀크릿 밀크태블릿 이롬 주스 착즙퓨리나 베긴 애견간식 큐원 갈색 설탕 레드씰 프로폴리스 치약고양이 두부모래백설 하얀설탕 베지밀 아몬드호두 두유 벨버드 치킨밀크껌 벨버드 애견용 변패드샘표 양조간장스타벅스 에스프레소 크림더블샷 캔스타벅스 브렉퍼스트 블랙 병아비노 바디로션 원데이케어 애견관절치석케어 뉴오리진 이너플로라 농협 우리밀 참밀가루 파미데이즈 치킨말이 고구마 강아지간식 한미양행 헤파케어골드 씨제이 유기농 맛밤아보카도 마요네즈 ' 머스타드 명가랑 국내산 참기름 명가랑 국내산 들기름 돈시몬 오렌지주스후디즈 칵테일 피넛 미국산 생아몬드 미국산 호두 로스티드 마카다미아 미국산 피칸 미국산 피스타치오 파라마운트 팜즈 트레일 믹스 무염 캐슈 만나몰 국산 볶음 땅콩 마마스초이스 버터구이 오징어 파라마운트 팜즈 가염 아몬드 파라마운트 팜즈 무염 피스타치오딸기잼 계피가루 다목적 렌즈관리용액 로리스 갈릭 소금 델라미코 갈릭 후레이크 다우니 섬유유연제 블리스다우니 섬유유연제 에이프릴다우니 실내건조섬유유연제다우니 언스탑퍼블향기부스터 몰티져스 초코볼 명가랑 볶음 참깨 맥코믹 바질 백설 쇠고기 다시다 백설 중력밀가루 오스트레일이안 보태니컬 비누샘표 연두 슈가버블 과탄산소다 표백제 슈가버블 애플향 주방세제맥코믹 스테이크 시즈닝 룰리커피 스페셜티드립백 시저 애견사료 소고기 캔테라로사 싱글오리진 드립백 오뚜기 순후추 오랄비 치간칫솔우르오스 올인원 모이스처라이저 맥코믹 월계수잎 이지엔 슬라이더스탠딩 지퍼백 자연과 친구들 국산 잣 피쉬 트리 진짜해물건더기 차앤박 옴므 올인원 플루이드 델라미코 크러쉬드 레드페퍼 스키피 크런치 땅콩버터 키친솝 주방세제도숙성초토블론 타이니 초콜릿 통후추 티젠 레몬콤부차 맥코믹 파슬리플레이크 퍼실 디스크세제 퍼실 어드밴스드젤 세탁세제페레로 누텔라 퓨렐 손소독제프렌치 트러플 프로틴 바본마망프루츠 잼 프릴헨켈베이킹소다 주방세제 레몬향헤라 데일리레포츠헤라 옴므 에센스인 스킨 종샘플헤라 옴므 에센스인 에멀젼 종샘플홈워시 세탁조 크리너흑후추 그라인더리필다크초콜릿 카라멜씨솔트초콜릿 후버 사과 주스코코넛 워터후룻베지 파우치허니 로스티드 마카다미아음료수컵팁코 파인애플주스 광동 옥수수 수염차 돈시몬 자몽주스멘토스 미니사이즈 과일맛엘지생활건강 모노티크 샴푸 라벤더향 엘지생활건강 모노티크 바디워시 대용량빙그레 바나나맛우유스위티 자몽주스 연세우유 멸균우유 이지엔 에어프라이어 종이호일 삼풍 친환경 종이보울 삼풍 친환경 종이접시 대 삼풍 친환경 종이접시 중 태광선식 퀴노아 곡미숫가루 토레타 과채이온음료 트롤리 올인원 젤리 트롤리 피자 젤리틱톡 젤리 믹스카리스웨트 이온음료 풍국면 들기름 막국수 후르트텔라 요구르트 핸드 쉘드 호두 질레트 프로글라이드 면도기 면도기날네이처 메이드 울트라 마그네슘 코스트코팜로드 더블치즈 케이크 미림 요리전용맛술삼립 촉촉한 꿀카스테라 페브리즈 더블액션 화장실비치형 박스테이프 갈색다우니 실내건조세탁세제백쿡 만능장아찌 간장소스베스트모먼트 돌체구스토 호환 미즈칸 쯔유청원 조청쌀엿프리미엄화장지롤안옥남 씻어나온 간편미역 해초미인 기장미역 브레프 변기세볼 레몬안옥남 숙성 다시마 웰킵스 황사 마스크소형웰킵스 황사 마스크대형안옥남 참미역 오뚜기 분 카레짜장미이랑 미국산 퀴노아 햇반 일찰잡곡밥 햇반 쌀눈가득 쌀밥 벨라민츠 무설탕 스피아민트 캔디뽀삐 점보롤화장지 롤알티지 울트라 오메가 글루코사민 슈퍼컴플렉스 실버 멀티비타민 칼슘 마그네슘 아연 피칸클러스터 아이리스 비말마스크사이즈유리아쥬 진피 청결제 종근당건강 생유산균포스트바이오틱스미이랑 캐나다산 병아리콩스파게티면파스타면 혼합 본죽 쇠고기 야채죽 셀렉스 밀크세라마이드 콜라겐솔리몬 스퀴즈드 레몬 블루 아가베시럽 브라운 전기면도기 세액밸런스밀 프로틴 쿠키 관장 홍삼현 팽성농협 아끼바레현미 미이랑 국내산 가바오색 현미 미이랑 국내산 찰현미 미이랑 국내산 찰흑미 미이랑 국내산 흰찹쌀보리 미이랑 캐나다산 귀리쌀 미이랑 국내산 체질균형식 종근당건강 코어틴 프로틴 볼 혈중콜레스테롤엔 폴리액티브멀티비타민 스카트 핑크 행주타월 롤라구 토마토 파스타 소스 길림양행아몬드 베스트 스키피 그레인 쿠키 샌드 트러플 엑스트라버진 올리브유 페브리즈 섬유탈취제 향균 크래프트스테이크소스 병바이엘 베로카 발포비타민 템테이션 반려묘 간식닭고기맛리스테린 구강청결제 쿨민트리스테린 구강청결제 그린티리스테린 구강청결제 검케어 관절연골엔보스웰리아마즈 스키틀즈믹스 생유산균프리미엄 병보노 옥수수알 콘스프무염 견과 스낵상하목장 멸균우유 라이온 아이깨끗해 프리미엄 핸드워시 리필청원 순창 조개멸치 양념된장 청원 토마토 스파게티소스 팁코 오렌지자몽 주스 팁코 케일믹스 과일주스 피지 항균 세탁세제허쉬 초콜릿드링크 스노우버디 휘핑클렌저 니트릴 다용도장갑키친타월 롤대웅제약 우루샷피스 골프공프리미엄 고양이사료유스 래스팅 아이크림 폴리덴트 의치세제먼투썬 주 메이지 마카다미아 초콜릿극세사 대형 세차타월 레몬민트 허브캔디 라이스퍼프 초코바 크리스피 초콜릿 남안동농협 고춧가루 뉴트로지나 딥클린 아크네밍 클렌저뉴트로지나 딥클린 젠틀밍 클렌저닥터포헤어 폴리젠 닥터포헤어 피토테라피 달담 쫀득한건망고더블유디 다목적방청 윤활제개동국제약 센텔리안 더 마데카크림 동아제약 써큐란알파 동원천지인 홍삼골드 듀라셀 울트라알카라인건전지듀라셀 울트라알카라인건전지듀라셀 알카라인 건전지듀라셀 알카라인 건전지디펜드 프리미엄 성인용기저귀 대형로레알 엑셀랑스듀오 염모제 롯데 자일리톨 오리지널르샤트라 섬유탈취제 피오니부케 마마스초이스 구운 오징어채 마마스초이스 황태 껍질 튀각 마즈 스니커즈 미니스 무코타 아이 헤어트리트먼트미이랑 국내산 율무쌀 바슈롬 오큐비전불스원샷 프리미엄 연료첨가제개 경유 휘발유비겐 크림톤 염모제사우어 벨트 젤리 삼풍 이중단열 커피컵삼풍 종이컵 샐러드토퍼 셀렉스 스포츠 웨이프로틴 드링크 솔가 에스터 비타민수려한 비책진생 윤 수액 수려한 비책진생 윤 크림 스머커스 미니잼 모음스카트 테이프크리너본체리필 롤스타벅스 브랙퍼스트블렌드에스프레소 블렌드하우스 블렌드 스트라이벡틴 어드밴스드 크림 아비노 바디워시자몽아이오페 슈퍼바이탈 크림크림에센스 아이오페 슈퍼바이탈소프너 안옥남 영양솥밥요리 종근당건강 올앳미카르니틴다이어트웨이더 조인트본컴플렉스유세린 안티에이징 에센스유세린 하이알루론 아이크림관장 홍삼진 현지크 합성엔진오일개질레트 프로글라이드 면도날질레트 프로쉴드 면도날질레트 프로쉴드파워 면도기참그린 식기세척기세제 차앤박 그린프로폴리스 앰플 캐스트롤 합성엔진오일개 알카라인건전지 알카라인건전지 알루미늄 쿠킹호일피넛버터 프레첼 크리넥스 마스크 대형 킴보 네스프레소 호환 커피 리쥬란힐러 턴오버앰플 삼성 블랙토너 삼성 블랙토너 삼성토너파랑삼성토너블랙삼성토너빨강삼성토너노랑파커조터 오리지날 볼펜 푸드엔씨 구운미니쥐포 피쉬트리 오사리안주멸치 피지오겔 페이스 앤 바디로션 하인즈 버거소스 한라식품 수참치액배스킨라빈스 딸기맛 우유주방용랩중형스카트 테이프크리너 리필 바닥용파이어폭스 바베큐숯바디 솝 비누티라이트 삼성 복사용지 사이즈트라몬티나 주방 가위 다용도 극세사타올장 차량용 세차걸레 테이블 냅킨글래드 프레스앤씰 직랩 옵티멈 뉴트리션 골드스탠다드웨이 단백질보충제 프링글스 더 오리지널 콜롬비아 원두커피성인용 언더웨어 입샹 달프 과일잼 종켄지파 크래커 카라멜라이즈 쿠키 고려은단 멀티비타민 올인원 세노비스프로폴리스 스프레이소형견 사료 영덕 게간장 소스맥심 모카골드 마일드 맥심 화이트골드 대림바스 샤워헤드필터 대림바스 필터 샤워헤드필터개포함삼립 오븐에 구운 버터도넛코스트코 올리브유 파래김장 돌김자반구운김밥김장 홈스타 바르는 곰팡이싹 볼빅 플라이온 선 골프공 피스 팬시피스트 애묘용 캔사료종 캔애경 울샴푸다용도 작업용장갑 소가죽 재질 끌레드벨 리프트 쿠션 본품 아토덤 보습 크림덴타인 페퍼민트 무설탕껌시트형 섬유유연제애견용 변패드 초코칩 쿠키스타벅스 원두커피 카페 베로나 스타벅스 원두커피 브렉퍼스트 블랙퍼스트블렌드 담터 율무차 인라이프 대용량 핫로얄티 루이보스티 설탕 크랜베리 아몬드쿠키 올게인 유기농식물성 프로틴파우더 쥴스 데스트루퍼 버터비스킷 나비스코리츠 크래커 린드세이 블랙올리브비제 갈색설탕 불스원에탄올워셔개메사나 파마산 치즈 듀라셀 울트라알카라인건전지듀라셀 울트라알카라인건전지미이랑 국내산 발아귀리 현미곡 센트룸 칼슘비타민미니 웰케어리턴업 전립소옥타코사놀 관장 홍삼 현 스타벅스 비아 파이크플레이스 스타벅스 아메리카노 불스원 그라스 디퓨저개볼빅 피스 골프공무광 색페레로 로쉐 초콜릿 볼 동원 고추참치 햇반 발아현미밥 햇반 이천쌀밥돌 복숭아컵우르오스 페이스바디 클렌져 블레이즈 발사믹 그레이즈 찹쌀다시마부각 비비고 사골곰탕진 양반 특전복죽 안옥남 국물용 다시유기농 사과당근 주스 크리넥스 데코소프트롤크리넥스 안심 키친타월롤스카치브라이트 도트 주방수세미스카치브라이트 옥수수그물망사수세미스카치브라이트 일회용 변기솔 크린스틱 베이킹소다 핸들 패드프로쉬 주방세제프로쉬 식기세척기세제스카치브라이트 베이킹소다 수세미 스카치브라이트더블액션걸레 핸들 청소포스카치브라이트 초강력 린트롤러 롤스카치브라이트 베이킹소다 청소포스카치브라이트 미세먼지 청소포일 헬스뉴트리션 셀렉스 웨이프로틴 마즈 스니커즈 펀 사이즈 카프리썬 오렌지망고 카프리썬 멀티 비타민 나인위시스 하이드라 앰플세럼 큐팁스 면봉카오 화이트솝 비누센카 퍼펙트휩 클렌징폼 페이셜 워시 스팸 클래식 캔티에스 스칼프 샴푸 실크테라피 수프림 트리트먼트 스팸 마일드 리큐 세탁세제드럼겸용 비트 세탁세제 샤프란 꽃담초 섬유유연제홈스타 욕실용클리너 윙크 위생 롤도마 지퍼락 버라이어티 냉장백 소형 미니지퍼락 스마트지퍼백 중형 지퍼락 스마트지퍼백 대형 태극제약 도미나스 크림 피지오겔 로션피지오겔크림실크테라피 골든앰플헤어에센스페리오 히말라야 핑크솔트치약쉬크 하이드로 커스텀 면도기면도날개아우라 건조기용 섬유유연제 프레쉬플로렐 피지 파워업 시트형 세탁세제 드럼겸용 아이리스켓용핫 아이리스 부착용 핫 스타벅스네스프레소 엘지생활건강 오가니스트비건퍼퓸 컨디셔너 스타벅스네스카페돌체구스토다우니 향균파워 섬유유연제뉴트리원 더콜라겐동아제약 미미막스 멀티비타민구미센트룸 멀티비타민구미지큐랩스트바이오틱스듀얼바이탈이뮨일분 액상 트루블루 프로폴리스스틱 아이시안루테인 지아잔틴 뉴오리진 유한백수오앰플 병한입전병 믹스 비엔나 병아리콩 스낵와사비콩 스낵종합 모나카 비첸지 웨하스 믹스 에스앤비 골든카레 운맛 상하키친 진들깨닭고기죽 이지쉐프 소이라구소스 오뚜기 초간편 감자전 믹스 백설 우리밀부침가루땅콩버터파우더 해찬들 태양초 고추장블랙올리브파마산치즈 건대추 건곤드레 나물 건고사리 무말랭이츄이 프로틴 바 오가니스트샴푸앤바디워시떢볶이의 신 짜장 라볶이 떡볶이의 신 즉석 라볶이팬시 믹스넛 비첸지 페스트리비비고 닭곰탕 크런치 롤러스 유기농 현미강 홈케어 친환경크 스카치브라이트 다용도 행주겸 청소포 페브리즈 내추리스 섬유탈취제 라벤더 스탠리 수공구종 남극크릴 오일 지큐랩 에스 신바이오틱스 유산균 포청원 로제 스파게티소스건망고 동원 면발의 신 원조생쫄면 트레핀 벨기에 버터토피 엑스트라버진올리브유 스프레이 유기농 살사소스 마즈 트윅스 미니스 미오 크리미 애묘간식 바우와우 애견용 혼합간식오뚜기 삼겹살소스 콤보 애견용 져키 오리 브라질 넛 스페니쉬 퀸 프리앤클리어 세탁세제 회분트라몬티나 거름채뉴오리진 에스트리션백수오 도리토스 나초 칩레이즈 클래식 류샤트라 섬유유연제 피오니부케프리토스 체다치즈디핑소스 카기 초콜릿웨이퍼믹스 페이머스 데이브즈 콘브레드 믹스 광동 돼지감자차 네슬레 프루팁스벨먼 스크럽 바디워시 콜라 태양의 식후비법차 온가족 누룽지미니 파워에이드 이온음료 히츨러 히치스 오리지널던킨 네스프레소호환 미이랑 국내산 서리태 미이랑 국내산 적두 팥미이랑 국내산 찰기장쌀 미이랑 국내산 찰수수쌀 크리넥스 수프림 소프트롤일품채 표고채 솔가 관절 엠에스엠에센셜그래놀라 켈로그 리얼 그래놀라 썬키스트 석류 젤리 스틱 코스트코썬키스트 밀크씨슬 프리미엄코스트코자석파스 피프 에레키반 듀얼 바이탈 이뮨액상멀티비타민네이쳐스프렌드 체다 까망베르 치즈쿠키 클렌징워터 건성용 지복합성용메이크프렘 클렌징밀크허브솔루션 토너 젤타입 뉴트로지나 레인바스 샤워 젤 글락소스미스클라인 피지오겔 바디로션히말라야 너리싱 수분크림 동국제약 센텔리안 마데카 크림 액티브 스킨뮬러세타필 모이스춰라이징 크림 을지로 노가리 고추장함 태광선식 서리태 귀리쉐이크 상하키친 버터 치킨 카레 양반 갈치 조림 크리넥스 마이비데 물티슈 캡형총 화장실용센텔리안 멜라캡쳐앰플 로레알 엘세브 헤어오일 로즈향에그파스타 네슬레 폴로 오리지날 덴탈라이프 캣트린 연어치킨 마장농협 이천쌀 미이랑 국내산 찹쌀 파주농협 아끼바레쌀 팽성농협 고시히카리쌀 플립즈 미니초코 프레첼 세타필 모이스춰라이징 로션오트밀 찰옥수수맛 올가니카 제주감귤칩 일유업 셀렉스 생활건강 다용도세티슈 닥터지 그린마일드업선 삼육두유 아몬드음료 유한킴벌리 그린핑거 선케어카라멜아몬드캐슈세이프온선쿠션리필퍼프리플린 스톱워치상하목장 얼려먹는 아이스크림 에스디푸드 라바쑥쑥구미 올게인 프로틴바이오틱스 올게인 프로틴 쉐이크월드그린 국내산 백태 차량용 햇빛가리개 전면개측면개청원도씨유가염 볶은 아몬드 리치 펌핑치약 스낵 버라이어티 플랙커스 어린이 치실피지오겔 선크림 로션홈케어 스푼닥터피엘 퓨어팟 자동변기 세기소낙스 세차 샴푸 체리봉봉 곤약 젤리 믹스 듀오락스트바이오틱스 벌꿀리스테린 구강청결제 헬씨브라이트예인수산 한번더 구운먹태 허쉬 후퍼스 밀크초코볼포카리스웨트 분말 던킨 스틱커피 소스락 칼칼육수 델몬트 후르츠 스낵 믹스 프렌치로스트 원두 아모스 노크식 수테이프 아이스티 복숭아 아쿠아크러쉬 투명컵 뚜껑빨대 닥터그루트 애딕트 샴푸 크리스탈라이트 핑크 레모네이드 이지엔 주방용랩 대형 이지엔 주방용랩 중형 립톤 아이스티 복숭아맛 이모지 파티 캔디 믹스 바이엘 원어데이 컴플리트 멀티비타민스톤릿지 오차드 건체리 트라몬티나 다용도 집게식품 국산콩 진한콩국 메모리폼쿨젤 허리보호쿠션메모리폼쿨젤 나비목쿠션이롬 야채과일백설 해물파전믹스 맥코믹 레몬버터딜소스 비비고 스팸 부대찌개 도씨유종근당건강 락토핏 생유산균해들원 캐나다산 카무트 올가니카단백질 쉐이크뿌띠슈 해피데이 트위스틱스 애견용 덴탈스틱올데이 블렌드 크래프트하인즈 플랜터스 버라이어티프리파라 오일 스프레이 도밍고 꿀홍차 허쉬 너겟 초콜릿 캘러웨이골프공폴라초이스 스킨퍼펙팅 바하리퀴드유시몰 치약 넥스케어 밴드혼합형웰크론마스크 대형화이트러버랩 니트릴장갑 어부가 황태채 오뚜기 맛있는밥 발아흑미 해우랑 손질한 황태채넥스케어 블레미쉬 커버 삼성 복사용지 사이즈오리온 꼬북칩 초코츄러스 삼립 이즈니버터 와플 모노큐브 랩탑 스탠드 접이식거치대건강백서 애견사료 말티즈 푸들 엘지생활건강 피지오겔 바디워시한미헬스케어 비타민 구미젤리 케미칼 화초보약식물영양제백제일월풍면 파곰탕면 쌀국수 플라스틱접시 한스킨 히알루론 에센스크리넥스 안심물티슈 휴대용 애경순샘 직워시 식기세척기 액상세제 아로마뷰 옐로우가든 섬유유연제농심테토 칩 찜기 디종 머스타드 세노비스 히알루론산 병뉴트리나 비스트로 애묘사료 롯데 빼빼로 모음백설 유기농 부침가루 휴슨 넛 슬라이스 아몬드 오뚜기 양념치킨소스 머슬팜 컴뱃 단백질 보충제 동원 꼬막 비빔 키트베비언스 유아용 물티슈 캡형 눅스 리치오일 고로고로 테이프크리너본체리필고로고로 테이프크리너 리필 침구용 또는 바닥용오데이 설화병 제일제당 리턴업 전립소 쏘팔메토 벨라민츠 스피어민트 무설탕껌돈시몬 레몬에이드스마트후룻 과일퓨레 그린스마트후룻 과일퓨레 트로피칼까만 숭늉차 까늉 프라이웰 바디케어 오일 도루코 주방가위 세노비스 밀크씨슬 올가니카 꿀 담은 홍삼절편 액체세탁세제 겸용 바이엘 베로카 발포 발포비타민울트라 슈퍼 오메가비타민클럽세노비스 프로폴리스개월분 세노비스 트리 우먼 멀티비타민미네랄 울트라클린세제 회분엔젯오리진 크릴오일 화이트는 오버나이트 카프라이스 클래식 헤이즐넛 코코아 웨이퍼롤 츄어블 그린프로폴리스파워업세제 둘코화이버 구미 사과맛 망고맛딜론 다용도 화장솜 파워풀엑스 리커버리크림 박찬호크림 세노비스 마그네슘 세노비스 달맞이꽃 종자유 세노비스멀티비타민 미네랄 세노비스 트리맨 멀티비타민미네랄 테팔 티타늄프로 웍프랑스산그라놀라 시리얼 뉴트리원 르시크릿 초유 콜라겐 프로틴비비고 고등어 시래기 조림 켈로그 크랜베리 아몬드 그래놀라 켈로그 라이스크리스피 트리츠 미이랑 오트밀 켈로그 현미 푸레이크 켈로그 아몬드푸레이크 켈로그 첵스 초코콤보 포스트 오곡 코코볼스트 콘푸라이트 제네럴 밀스 프루티 럭키참스 뉴트리원 모나코사놀 와이즈넷 무선 보안카메라 바이오 피부면역 생유산균다이제스티브 투 고다크초콜릿 비스킷 코스트코웨이더 뉴트리션 프라임맨 오브파워 켈로그 스페셜레드베리 실크테라피 헤어에센스 페퍼리지팜 초콜릿 천크 쿠키비첸지 쿠키 콜랙션 식물성 피부유산균라메르풀라 쿠키셀렉션 틴 스위스 미스 핫 코코아 믹스 마시멜로 스위스 미스 핫 코코아 믹스 밀크 초콜렛 예산농협 삼광쌀 일 셀렉스 일 셀렉스코어프로틴 뉴트로지나 딥클린밍 클렌저버버리 위크앤드 향수 한미 헤파케어골드 밀라노 다크 초콜릿 쿠키페퍼리지팜 밀라노니베아 데오드란트스프레이 롤온한국멘소래담 쿨링리프롤온로션코베아 헤스티아 토치농심 김치 사발면 스팀베이스 스팀 아이 마스크 캐릭터 볼펜 타키스 푸에고칩 아디다스 피날레 축구공 호 수필터 콘에어조명거울 저소음 모던 벽시계보이로 전기방석데리야끼 소스 조리도구 스팔딩 골드농구공 도마 락앤락 무스 컬러텀블러 브리타 맥스트라 필터개좋은느낌 유기농순면 라이너 롱 일반좋은느낌 좋은순면 맥시 슬림날개 중형 대형좋은느낌 유기농순면 울트라슬림 날개 소형 중형레고 크리에이터 악어레고 씨티 경찰서와 소방서 이집션직 보습크림 더블유드레스룸 핸드크림 홈워시 홈 드라이화이트 순면 탐폰 슈퍼레고씨티 공사트럭과 레고프렌즈 하트레이크아베다 샴푸어너처링 샴푸 락앤락 보온도시락휴대가방함 리듀스 보온보냉병아소부 머그컵 양키 캔들프리즘 데스크램프 타임리와인드 아이크림뉴트로지나 바디오일 세노비스 루테인오메가 세노비스 토탈케어 세노비스 울트라오메가 세노비스 칼슘비타민 세노비스 수퍼바이오틱스 세노비스 멀티비타민 미네랄 세노비스 멀티비타민 미네랄 세노비스슈퍼바이오틱스세노비스 메가필라 게이밍 헤드셋 캐릭터 볼펜 웨스트 콧 전동연필깎이 캐릭터 볼펜 사각파우치 뉴트리원 루테인지아잔틴 뉴트리원 맥주효모 골드 뉴트리원 알티지 오메가 뉴트리원 트리플업 보스웰리아 시니케어 프로폴리스 마우스 스프레이시니케어 프로폴리스치약시니케어 프로폴리스시니케어 힐밤 시니헬스 오메가 동원홈푸드 히말라야 핑크솔트 그라인더리필 종이나라 색종이 제트스트림 볼펜 유키하라 다시냄비 로레알 엘세브 헤어 오일관장 홍삼현종근당 생유산균 페리오 치간칫솔케이스개맥스 클리닉 오일 투 폼클렌저니올리아 네올리아 올리브오일비누 글락소스미스 폴리덴트 의치세제 보관함실크테라피 샤인 트리트먼트 슬라임 동국제약 센텔리안 마데카 바이탈 세럼김문 알로에 큐어알로에베라겔크림 엘지생활건강 오가니스트샴푸앤바디워시쉬크 인튜이션 제모기 면도기개 면도날개티젠 에너지티 페리오 히말라야 핑크솔트 치약오랄비 프로플렉스 칫솔페리오 초극세모 칫솔 깨끗한 나라 휴대용 촉촉한 티슈유한킴벌리 화이트 에코프레시 중형또는 대형 질레트 퓨전 프로글라이드젤질레트 프로글라이드 파워 면도기 질레트 프로글라이드 파워 면도날질레트 스킨텍 플렉스볼 레드씰 어린이 치약던킨 드립백커피 유동 순살 왕꼬막유러피언쿠키 라고 미니 파티 와퍼로카 치즈 비스킷 생미쉘 프렌치 도넛프로쉬 식기세척기 세제팝살롯 팝콘 버라이어티오테이스트 우거지뼈해장국 신화당 인절미 스낵 디아지아 테이블 커버한스킨 클렌징 오일건성 중지성 복합성스카트 블루행주 타월 롤더블유드레스룸 퍼퓸 오뚜기 초간편 감자전 믹스 페브리즈 항균 깨끗한향 리필 고속무선충전기 고속 충전트 케이블개로지텍 블루투스키보드 블랙 화이트하빗 보조배터리 더블유드레스룸 퍼퓸 참존 징코 클렌징티슈 장개 장개블랙앤데커 핸디 청소기 핸드드립 커피필터 장불스원 크리스탈듀얼코트개불스원 레인 스피드 발수코팅 더블유디 다목적방청 윤활제 소낙스 왁스 미세 흠집 제거제 왁스용스폰지포함오프 보태니컬 스프레이 모기기피제작업등 피스 청원 통현미식초 시분 흑당 버블 밀크티 너즈 로프젤리 레인보우 스위토리 밀펑 초코볼낼리 베이비 딜 피클 크리스탈라이트 핑크 레모네이드 킨더조이 보이걸티젠 보이차 워터믹스 백제 당초 밀면 백제 도토리 비빔막국수 스위트 칠리 소스 마스 믹스드 미니즈 스팽글러 덤덤 팝스 진저젤리믹스폴로 오리지날 허쉬즈 리세스 틴 마즈 스키틀즈 펀사이즈 커피명가 올굿블렌드 뉴트리션 앤 테이스트 홍삼캔디수 메가맨 우먼스울트라오메가 밀크씨슬 동원 하루기초 초록입홍합 환 뉴트리움 유기농 멀티비타민 라미 볼펜 샤프 네츄럴코어 애견애묘 미트스틱 세타필 모이스춰라이징 로션피스 골프공 유기농 초콜릿 틴 김정문알로에 큐어인텐시브크림닥터지 레드블레미쉬 수딩크림 린도르 볼 초콜릿 마즈 몰티져스 버켓아카시아꿀 옐로우콘 토티야칩스 유리아쥬 립밤 스틱 레브르 이니스프리 그린티씨드세럼 토티야 칩스 젤리빈 가지 맛 팁코 그린주스 청소화기 청가스계스카치브라이트 다용도 세티슈 보쉬 익소멀티 드라이버 청소도구 홀더 투명 문풍지 하이츄 버라이어티 불스원 김서림방지 스프레이개농심 새우탕면튀김우동 소나텍 익스트림나노 엔진코팅개농심 신라면 봉농심 신라면 건면 봉농심 신라면 볶음면 봉농심 신라면 소컵 농심 너구리 봉오리엔트 원목 벽시계 지름팔도 왕뚜껑 농심 육개장 사발면 오뚜기 진라면운맛 용기 오뚜기 진짬뽕 소컵 농심 올리브짜파게티 오뚜기 참깨라면 컵 캐스트롤 엔진오일합성유브라이트탑 차량용부동액 코리아 틈새막이테이프 털실형형다목적 단롤링카트 단순생활 무선 미니 가습기지라프 휴대용 가스렌지켄트 패들쿠션 브러쉬던킨 원두커피던킨만원상품권레노오토 세차 양동이 맥심 슈프림골드 커피믹스 개별 멀티탭아이스토리 차량용 스마트폰 무선충전거치대에코 사각형 쓰레기통 카피탈리 네스프레소 호환 지프 크리미땅콩버터비달사순 헤어드라이어 스타벅스 윈터블랜드 원두커피 농심 안성탕면 무아스 체성분 체중계본죽 제주안심 고추장조림올리브유 옥돌김 허니체 크리미 헤어마스트비에날씬에스 다이어트유산균 섬유유연제 라벤더 아토덤 보습크림 섬유유연제 후레쉬네슬레 킷캣 팝스 센텔리안 마데카 멜라캡쳐앰플비비드 키친 콘스프 인쉘 마카다미아 곰표 후라이드 오징어튀김 풀무원 평양 물냉면 젤리빈 축구공 젤리 백설 유기농 부침가루프루팁스상하목장 멸균우유 츄파춥스 믹스캔디 양반 단호박죽 양반 프리미엄 통단팥죽초코칩 쿠키 파주농협 참드림쌀 엘지생활건강 오가니스트 컨디셔너 까리떼 블랙솔트 타르트 믹스 마즈 몰티져스 초코볼 다우니섬유유연제한스킨 클렌징 오일 생활공작소 거품형 향균핸드솝아로마티카 로즈마리 샴푸 페레로 킨더맥시 초콜릿킨더 부에노입프로폴리스 리퀴드 니베아 헴프씨드 바디로션
​
커클랜드 프리미엄 화장지 휴지 3겹40m30롤 블루베리 베이글 6개입 X 2팩 프로쉬 알로에베라 세탁세제 6L 암앤해머 베이킹소다 6.12kg 크리넥스 데코앤소프트 화장지 30롤 3겹 40m 커클랜드 울트라클린 세탁 세제 5.73L 피지 세탁세제 120매 커클랜드 종이타올타월 160매 워커스 어쏘티드 토피 초콜릿 1.25kg 스카트 크리넥스 빨아쓰는 행주 100매 부샤드 다크초콜릿 부샤드 씨솔트 초콜릿 오레오 쿠키 32팩 대용량 1.6kg 커클랜드 시그니춰 밀크초콜릿 아몬드 1.36kg 넬리 알칼리 드럼세탁기세제 가루 100회 프로쉬 식기세척기 세제 72개입 베이킹소다 올인원 대용량 신라명과 참깨 햄버거빵 70g x18개 커클랜드 울트라 클린 캡슐세제 24g 152개 프로쉬 주방세제 3L+펌프2개 미니 프렌치롤 생지 6개 x 4팩 퍼실 디스크 캡슐세제 어드밴스드 고농축 세탁세제 60개입 스위스미스 핫 코코아 믹스 28g 60개입 커클랜드 시그니처 울트라 클린 캡슐세제 140개입 프링글스 미니 사워크림 어니언 19g, 30개 피지 세탁세제 120매 종이 농심 과자 새우깡 스낵 박스 자갈치 포스틱 꿀꽈배기 5가지맛 미니 봉지 과자 세트 36개입 신라명과 호밀빵 식빵 샌드위치 건강 곡물 식전 식사 빵 코스트코 215g x 4개입 몰티져스 밀크 초콜릿볼 528g 개별포장 대용량 코스트코 초콜릿 신라명과 샌드위치식빵(대) 880g x2 홈스타 욕실용 클리너 750ml 4개 리터스포트 초코 큐브 608g 크리넥스 안심 3겹 키친타올 160매 x 12롤 스모어 오갓멜로 크리스피 쿠키 230g 스카트 크리넥스 핑크 위생 행주 빨아쓰는 행주타월 키친타올 45매 x 6롤 초코렛칩머핀 6개입 + 블루베리머핀 6개입 프레첼 갈릭버터 맛 위너스 봉지과자 85g 대만 누가 크래커580 g(14.5g X 40개) 과자 피넛버터 프레첼 커클랜드 프레즐 대용량 미니 1.56kg 땅콩버터 피넛버터 수입과자 오뚜기 뿌셔뿌셔 불고기맛 95g x 16개 디너롤 36개 오리온 카스타드 대용량 23g x 48개입 커클랜드 식기세척기세제 울트라샤인 115팩 피타 브레드 냉동 빵 100g x 6개입 허쉬 미니어쳐 초콜릿 1.58kg 커클랜드 케틀 핑크솔트 감자칩 907g 미니 초코 크리스피 1kg 프렌치 버터크라상 12CT 크로와상 무궁화 키친솝 주방세제 4L + 700ml 포도숙성초 삼립단팥빵 85g 20개 코스트코 프렌치 트러플 초코릿 1kg 길리안 씨쉘 초콜릿 500g 신라명과 허니버터 카스테라 35g x 18개 대만 누가 크래커 샌드위치 비스킷 435g 30개 카디나 크리스피 프라이스 감자스틱 600g 슐츠 프레첼 프레즐 2.72kg 커클랜드 울트라클린 액체 세탁 세제 5.73L 삼립식품 샤니 로만밀 식빵 메이지 마카다미아 초콜릿 63g 6개 코스트코 동전 초콜릿 300g(60개) 커클랜드 토티야 칩스 나초 나쵸칩 트러플 하몽 크래커 블랙 트러플 1.16KG 29G X 40개 슈가버블 애플 주방세제 4L+940ml M&M 엠엔엠즈 펀 사이즈 믹스 초콜릿 1662g 라브아 비건 고농축 캡슐세제 60개입 신라명과 달콤바삭 크룽지 25g 15개 신라명과 마드레느 마들렌 15G x 36개 540g 타오케노이 빅롤 김과자 3g x 56개 키친솝 포도 숙성초 주방 세제 4.0L 페레로로쉐 초콜릿 600g 48개입 오데이 누가 샌드위치 크래커 435g (14.5gx30봉) 홈워시 파이프크린 5L 커클랜드 버라이어티 쿠키 24개입 삼립 오븐에 구운 버터 도넛 40G x 20 Merci 메르시 초콜릿 셀렉션 675g 삼립 미니 소프트치즈케익 40G x 20개 Guylian 오리지널 씨쉘 초콜릿 500g 브레프 레몬향 변기세정볼 12개 킨더 초콜릿 맥시 21g 36개 크리넥스 각티슈 250매 x 8개 스위스 토블론 타이니 656G 스위토리 체다 까망베르 치즈쿠키 60g X 24봉 농심 스낵 모음 30g x 36개 코스트코 달톤 화이트 식초 5L x 2개입 킷캣 오리지널 삼립 추억의 옛날 꿀호떡 560gX2 1.12kg 태국 구운 코코넛칩 40g 숲속의샘 주방세제 15L 부르봉 알포트 초콜릿 775g 농심 포테토칩 390g 트윅스 미니 초콜렛 1400g 바삭하고 구워만든 고구마칩 켄지 파 크래커 15gX42 파워브라이트 캡슐 세제 180개 신라명과 오리진 단팥빵 47g x 20개 것플렉스 두부 현미 스낵 라 아부엘라 니에베스 감자칩 150g x 6봉 MARS 콤보스 체다 치즈 크래커 테이블 냅킨 330매 x 4개 커클랜드 랩노쉬 단백쿠키 20개입 뚜부 크래커 50g x 7 틴인틴 비스켓 1332G 포션 버터쿠키 18g x 25개 삼립 미니 생크림 보름달 45g×21 커클랜드 고농축 복합 세탁세제 12.7kg 프링글스 오리지널 19g X 60봉 프릴 (헨켈) 베이킹소다 주방세제 3L 레몬향 오리온 초코파이 정 대용량 72개 더다믐 코스트코 김칩스 240g 켄지 크리스피 고프레 바닐라 / 초코 630g 트로피칼필드 크리스피 코코넛롤 400g 오리온 비쵸비 과자 750g 액츠 데오후레쉬+베이킹소다 3.5L 롯데 빼빼로 모음 644g NABISCO 나비스코 프리미엄 솔틴크래커 1.36KG 해태 홈런볼 128g x 6개 잭슨스 고구마칩454g 크리넥스 뽑아쓰는 핸드타올 종이 타월 250매 4팩 스낵야드 표고버섯 칩 300G 오리지널 스트룹 카라멜 와플 1260G 진새우 오리지널 새우스낵 4개 70g FRITO LAY 도리토스 나초 칩 850G / 30OZ 파피스 벨지안 카라멜라이즈 쿠키 300개입/ 벨기에 커피 과자 슈가버블 과탄산소다 표백제 HBAF 먼투썬7주 980g 뽀삐 점보롤 화장지 600M x 4롤 마마스 초이스 리얼 닭가슴살 칩 210G
​
커클랜드 시그니춰 전자렌지팝콘 아보카도 오일 1L 엑스트라버진 한우물 통새우볶음밥 커클랜드 언솔티드 무염 믹스넛 1.13kg 커클랜드 시그니춰 생수 수지스 그릴드 닭가슴살 1.25kg 코스트코 양념 소불고기 벨기에 커피사탕 낼리스 베이비 딜 피클 커클랜드 유기농 엑스트라버진 올리브유 2L 커클랜드시그니춰 드라이시트 시트형 섬유유연제 다용도 극세사 타올 40x40cm 36개 맥코믹 어니언 크림 드레싱 소스 1000g 커클랜드 KRIKLAND 울트라 소프트 섬유유연제(라벤더) 4.4L 테라로사 올데이 블렌드 미디엄로스팅 홀빈 블렌딩 원두커피 1.13kg 미니 브리 치즈 375g 오스트레일리안 보태니컬 비누팩 8개입 커클랜드시그니춰 구운 재래김 커클랜드 시그니춰 베이컨 454g 커클랜드 유기농 땅콩버터 793.8g 제너럴밀스 시나몬 토스트그런치 702g x 2개 해쉬브라운 감자 1.2kg 둘이 함께 먹는 매일견과 아몬드호두 견과, 1.2kg 커클랜드 몬테리잭 치즈 907g 커클랜드 시그니춰 냉동 블루베리 2.27kg C-WEED 두 번 구운 감태김 8G X 10 커클랜드 시그니처 엑스트라버진 올리브오일 토스카노 C-WEED 예맛 구운 곱창돌김 170G 올리브오일 퓨어 올리브유 커클랜드 3L KAO 카오 식물성 비누 12개 커클랜드시그니춰 콜롬비아 그라운드 커피 통새우 완탕 154gx8개 KFI 버터 치킨커리 소스 650ML 비피 Biffi 바질 페스토 pesto 소스 700G 커클랜드 솔티드 가염버터 227g x 4EA KIRKLAND 커클랜드 시그니처 아몬드 가루(미국산) 1.36kg C-WEED 올리브유 파래김 40Gx8_96매 맥심 화이트골드 커피믹스 담터 쌍화차
​
코스트코세일 코스트코피자 코스트코추천 코스트코에서 꼭사야할것 코스트코버터 코스트코할인상품 코스트코소분 코스트코컴퓨터 코스트코고기 코스트코치즈 코스트코추천템 코스트코연어손질 코스트코휴무일 코스트코온라인몰 코스트코회원권 코스트코추천상품 코스트코할인 코스트코영업시간 코스트코상품권 코스트코회원권 코스트코 코스트코추천상품 코스트코올리브오일 코스트코영업시간 코스트코타이어 코스트코상품권 코스트코추천 코스트코온라인몰 코스트코휴무일 코스트코세일 코스트코 코스트코정보세일정보 코스트코에서꼭사야할것 코스트코추천 코스트코치즈 코스트코고기 코스트코추천템 코스트코다이어트 코스트코갈비살 코스트코간식 코스트코고기소분 코스트코갈비살소분 코스트코그릭요거트 코스트코고기추천 코스트코가격표에숨겨진비밀 코스트코과자 코스트코감자수제비 코스트코냉동야채 코스트코뇨끼 코스트코낙곱새 코스트코냉동식품 코스트코냉동새우 코스트코냉동피자 코스트코닌자블렌더 코스트코냉동 코스트코디저트 코스트코다짐육 코스트코다이어트추천템 코스트코드라이기 코스트코닭다리살 코스트코등갈비 다이어트코스트코 코스트코베이글 코스트코다짐육떡갈비 코스트코레몬즙 코스트코로스트치킨 코스트코로티세리치킨 코스트코라자냐 코스트코올리브오일 코스트코추천상품 코스트코신상 코스트코필수템 코스트코연어 코스트코상추 코스트코쇼핑 코스트코영양제 코스트코아이폰",https://blog.naver.com/clublsy/224265036183,코코바로,20260426,2026-04-27 16:35:01
세븐일레븐 쿡인페이퍼 즉석오징어짬뽕,라자냐 즉석우동 볶음짬뽕 밀면 햄 젤리 단팥빵... ,백년육수 즉석국양반 그릴리 부대전골비비고 사골시래기 된장국비비고 소고기 미역국비비고 스팸듬뿍... 얼큰짬뽕예천농협 한아름쌀미이랑 캐나다산 병아리콩미이랑 국내산 찰기장쌀미이랑 국내산... ,"https://youtu.be/P97AZ4VkTlw
콜라겐 딥 마스크 바디 워시 시트러스비타민 슈퍼오메가 골프공 피스 쉬크 인튜이션 제모기제모기 날 온더바디 발을 씻자 코튼 풋샴푸 데오도란트 바디미스트 오가니스트 딥 모이스처 바디워시생활건강 모노티크 바디워시 입 도브 피치 화이트 바디워시 우르오스 페이스바디워시오스트레일리안 보태니컬 핸드워시 프롬바이오 관절연골엔 보스웰리아초록입홍합콴첼정구연산칼슘 글루코사민네츄럴라이프 칼슘 마그네슘 비타민 센트룸 칼슘비타민미니웨버네추럴 마그네슘정아연 정동국제약 마그마 스피드샷리콜라 허브캔디 트루블루 프로폴리스 캔디 마누카허니리콜라 레몬민트 허브캔디 콤비타 프로폴리스 스프레이정관장 홍삼정스틱 에브리타임 소프트광동 홍삼 배도라지진액정관장 홍삼정 현정관장 홍삼정현광동 보감쌍화진액종근당건강 침향환 환 정관장 홍삼진 현동원천지인 홍삼절편 동원천지인 홍삼정골드고려은단 비타민타우린음료병 오로나민 드링크박스 동아제약 박카스동화약품 부채표 가스 활빙그레 면역워터뉴트리원 퓨어산양유단백질셀렉스 프로틴 드링크 오리지널바이탈 프로틴 콜라겐메디웰 고단백웨이더 혈당케어 프로틴프리미어 프로틴 단백질 드링크 팩 셀렉스 프로틴 밀크바닐라하이뮨 프로틴밸런스액티브비건하이뮨 프로틴밸런스액티브익스트림 트리플 아르기닌랩노쉬 단백질 드링크골드스탠다드 웨이단백질보충제 초콜릿맛 웨이더 단백질 보충제 초콜릿맛 랩노쉬 슬림쉐이크 인절미맛랩노쉬 슬림쉐이크 제주말차맛뉴케어 구수한맛 뉴케어 당플랜 뉴케어 고소한검은깨한미양행 다이어트가르시니아종근당건강 알로에 이뮨스틱 여에스더 글루타치온 울트라덴프스 덴마크유산균이야기비에날씬에스 다이어트유산균생유산균프리미엄락토핏 듀얼바이오틱스락토핏 당케어데일리세노비스 키즈 프로폴리스 스프레이쎌바이오텍 듀오락키즈유산균세노비스 아연 면역 구미센트룸 키즈 츄어블멀티비타민프로메가 식물성 츄어블오메가 키즈센트룸 멀티비타민구미 어린이눈건강구미네이처메이드 비타민 구미 얼라이브 엘더베리 구미 뉴트리코어 초임계비타민정슈퍼 컴플렉스판토모틴 비오틴판토텐산바이엘 베로카 발포비타민 실버 멀티비타민대웅제약 임팩타뮨듀얼바이탈이뮨 일분 액상정트리 데일리 멀티비타민센트룸멀티비타민 실버우먼센트룸멀티비타민 실버맨센트룸멀티비타민 우먼센트룸멀티비타민 맨한미양행 콘트로이친정 관절 리프리놀 초록입홍합 추출오일뉴트리원 코코칼슘젤리포크릴오일엔젯오리진 아쿠아셀오메가블랙모어스 피쉬오일 미니웨버네추럴 오메가프로울트라 오메가 지큐랩 콜레스테롤억하이큐 포스파티딜세린징코뉴트리원 루테인지아잔틴 아스타잔틴동국제약 테아닌아쉬아간다웰케어 멜라메이트 구미아모레퍼시픽 굿슬립 가바안국건강 아이원 눈건강 솔루션 아이시안 루테인지아잔틴바슈롬 오큐비전 한미양행 멜라치오 정알유 비타민 정박스 안국건강 간 피로솔루션 헛개한미헤파케어 밀크씨슬홍경천대웅제약 우루샷 익스트림 트리플트루블루 프로폴리스포르테뉴트리원 파인애플효소뉴트리원 더콜라겐 데일리프로바이오틱에버스트로겐에버콜라겐 인앤업덴프스보령 위엔포스지큐랩 쿨멜팅 유산균그레인온 카무트효소닥터루템맥주효모푸드올로지 콜레올로지 콜레올로지포 마스터바이옴 지노마스터트루블루 스피루리나바이탈뷰티 슈퍼레티놀한독 테라큐민 슈퍼커큐민포 네이처스트루스 애플사이다비니거 구미세노비스 코엔자임큐텐 다목적 렌즈관리용액신신제약 신신파프쿨 신신제약 신신파프핫 크리넥스스타일 슬림쿨 비말차단 마스크대형 니트릴 다용도 장갑 장 소니트릴 다용도 장갑 장 중니트릴 다용도 장갑 장 대웰케어 전립소옥타코사놀유리아쥬 진피 철결제성인용 언더웨어성인용 언더웨어 디펜드 안심성인용기저귀디펜드 프리미엄 성인용기저귀피지오겔포 맨 오휘 마이스터맨 올인원 우르오스 올인원 모이스처라이저 스킨밀크 우르오스 올인원 모이스처라이저 스킨로션 도루코 페이스 모션 면도기 면도기날 질레트 프로글라이드 면도기 면도기날 질레트 프로글라이드 면도날질레트 퓨전프로글라이드젤비겐 크림톤 염모제팩진한밤색 비겐 크림톤 염모제팩자연갈색 비겐 크림톤 염모제팩흑갈색 검 일회용 치간칫솔 개팩 덴티스테 브레스 스프레이 프로폴리스폴리덴트 의치세정제 플랙커스 마이크로민트 치실동아제약 검가드 오리지널테라브레스헬시검스 오랄린스오랄비 치간칫솔 개팩 오랄비 글라이드 치실 민트향레드씰 프로폴리스 치약유시몰 화이트닝 치약 개스퀴저 페리오 토탈어드밴스드치약콜게이트 그레이트레귤러치약심플리젠틀 다용도 화장솜멜라노 엔자임 페이스워시심플리젠틀 면봉헤피바스 솝베리 코스트코온라인몰 코스트코휴무일 코스트코회원권 코스트코영업시간 코스트코상품권 모이스춰 버블클렌징폼 클렌징 워터닥터브로너스 퓨어 캐스틸 솝 라벤더 닥터브로너스 퓨어 캐스틸 솝 시트로스오렌지 세라놀 겔 토너패드 장팩 마몽드 어메이징 딥 민트 클렌징 밤수이사이 효소 파우더 클렌저 팩 카오 식물성 화이트 솝 비누오스트레일리안 보태니컬 비누 입 라이온 아이깨끗해 프리미엄 핸드워시 리필바 솝 비누알페신 카페인 샴푸 질레트 프로쉴드파워 면도기 면도기날 질레트 프로쉴드 면도날케라시스 아르간오일 트리트먼트엘라스틴 너리싱 샴푸 엘라스틴 너리싱 컨디셔너 미쟝센 헤어스프레이 스트롱홀드제이숲 실크케라틴 워터팩 제이숲 실크케라틴 노워시 트리트먼트엘라스틴 까멜리아 헤어오일엘라스틴 까멜리아 샴푸 팬틴 콜라겐 극손상케어 트리트먼트 팬틴 멀티태스커 컨디셔너 팬틴 멀티태스커 샴푸 헤드앤숄더 울트라 쿨멘솔 샴푸 팬틴 케라틴 노워시 트리트먼트닥터포헤어 샴푸동구밭 샴푸트리트먼트바지오바니 티트리 샴푸닥터구루트 탈모증상 집중케어 샴푸 모다모다 제로그레이 블랙샴푸 려 볼륨모근강화 샴푸유세린 하이알루론 아이크림센텔리안 멜라캡쳐 앰플프로버츠비 틴티드립밤 텐 레볼루션 아이크림손앤박 아이래쉬 세럼헤라 센슈얼 누드 밤 바세린 시트마스크팩매팩 더마픽스 콜라겐마스크매 앰플크림 매포함 글로이스트 드림 글로우 뷰티 마스크팩마르시끄 미간 주름 패치 장팩리들샷클렌저 에센스로션믹순 콩 에센스숨 시크릿 에센스 미샤 비타앰플달바 화이트 트러플 세럼 셀트리온 셀큐어 프로틴 볼륨 앰플웰라쥬 히알루로닉 블루 앰플 스킨 센텔라 앰플정샘물 에센셜 물 피팅 미스트 고려은단 비타민경남제약 레모나덴프스 트루바이타민이뮨얼라이브 원스데일리 멀티비타민웨버네추럴 비타민 리스테린 구강청결제 쿨민트센소다인 멀티케어 치약리치칫솔 센소다인 엑스트라 화이트치약파로돈탁스 쿨링민트치약센카 퍼펙트 휩 클렌저라운드랩 독도 클렌저더랩바이블랑두 올리고 히알루론산 딥토너셀리맥스 어성초 지우개패드라운드랩 독도 토너 퓨어 클렌징오일스킨푸드 캐롯 카로틴 패드 매리필매 헤라 선메이트 크림레포츠헤레 선메이트 프로텍터닥터지 그린마일드 업 와이드 선패치 회분 프란츠 선쉴드 펩타이드 선패치 회분세이프 온 시카 카밍 선쿠션 본품리필 스킨 센텔라 워터핏 선세럼아떼 비건 선 에센스닥터지 그린마일드업 선피지오겔크림세타필 뉴 모이스처라이징 로션세타필 뉴 모이스처라이징 크림일리윤 가려움토탈케어크림아비노 바디로션라벤더향 아비노 바디로션무향 아비노 바디워시자몽 아비노 바디워시무향 피지오겔 페이스 앤 바디로션오휘 에이지 리커버리 크림오휘 에이지 리커버리 스킨소프너에멀젼 오휘 프라임 어드밴서 앰플 세럼크림 오휘 미라클 토닝 크림동국제약 센텔리안 더 마데카크림아이오페 슈퍼바이탈 에멀젼아이오페 슈퍼바이탈 소프너수려한 비책진생 윤 크림 아이오페 슈퍼바이탈 크림크림 에센스수려한 비책진생 윤 유액 수려한 비책진생 윤 수액 피지오겔로션에스트라 아토베리어 크림닥터지 레드 블레미쉬 수딩 크림닥터지 블랙 스네일 크림비원츠 시카 콜라겐 리프팅 크림헤라 옴므 에센스 인 스킨 구성품 헤라 옴므 에센스 인 에멀젼 구성품 빌리프 더 트루 크림 아쿠아밤유리아쥬 오 떼르말니베아 데오드란트 롤온엔젤 아쿠아 수분 수딩젤유한킴벌리 그린핑거 파워쉴드 선스틱생활건강 태극제약 도미나스 기미케어 크림일리윤 히알루론 수분 크림한스킨 히알루론 에센스이지듀 멜라토닝 앰플피지오겔 데일리뮨 세럼토리든 다이브인 세럼오가니스트샴푸앤바디워시피노 프리미엄 터치 헤어 마스크골든앰플 헤어에센스 피지오겔 하이드로 젤 크림숨 워터 젤 크림 크래프트 양송이 스프캠벨 클램차우더 스프캔보노 옥수수알 콘스프보노 바질크림 스프상하키친 양송이 크림스프오뚜기 분카레짜장오뚜기 백세카레 약간매운맛 에스앤비 골든카레 매운맛에스앤비 골든카레 중간매운맛본죽 본소고기 가마솥국밥마마스초이스 두부 북엇국소스락 백년육수 즉석국양반 그릴리 부대전골비비고 사골시래기 된장국비비고 소고기 미역국비비고 스팸듬뿍 부대찌개비비고 육개장양반 통다리 닭볶음탕 참치캔 가다랑어 동원 참치 스팸 클래식스팸 라이트풀무원 식물성런천미트동원 고추참치동원 참치동원 맛참 고소참기름동원 번데기유동 자연산 다시마골뱅이 동원 자연산 꽁치비비고 김치볶음상하키친 비프카레본죽 쇠고기 장조림 양반 진국 소고기무국비비고 사골곰탕 진우불식당 즉석우동 풍국면 들깨칼국수양반 오쏘티드 칼떡볶이떡볶이의 신 짜장 라볶이비비고 떡볶이백제 알리오올리오파스타 백제 만테까레투움바파스타이가자연면 얼큰 누룽제비 면사랑 남해 멸치칼제비백제 도토리 비빔막국수 이가자연면 감자수제비 고메 베이컨트러플파스타 쟌슨빌 햄스팸 닭가슴살리챔 오리지널 캔 캔풀무원 평양 물냉면요뽀끼 컴라볶이풀무원 병아리콩 곤약면오뚜기 옛날 자른 당면비폰 베트남칠리 쌀국수타이와 쌀국수 스프포함 백제 멸치 쌀국수이치방딜리셔스 돈코츠라멘면발의 신 마라탕면이가자연면 신길동 얼큰짬뽕예천농협 한아름쌀미이랑 캐나다산 병아리콩미이랑 국내산 찰기장쌀미이랑 국내산 찰수수쌀월드그린 캐나다산 카무트미이랑 국내산 서리태 미이랑 페루산 적두 팥 월드그린 국내산 백태온가족 누룽지 미니백제 김치볶음밥 누룽지예맛 오곡 누룽지햇반 소프트밀 소고기죽양반 특전복죽 햇반 솥반 꿀약밥햇반 컵반 치킨마요덮밥햇반 서리태 흑미밥햇반 쌀눈가득 쌀밥햇반 발아현미밥햇반컵반 된장김치찌개밥햇반 이천쌀밥월드그린 파로월드그린 호주산 루피니빈예산농협 삼광쌀용인농협 아끼바레쌀팽성농협 고시히카리쌀마장농협 이천쌀미이랑 국내산 찹쌀미이랑 캐나다산 귀리쌀 미이랑 국내산 찰현미팽성농협 아끼라레현미미이랑 국내산 가바오색현미월드그린 미국산 찰보리쌀월드그린 국내산 찰흑미미이랑 국내산 체질균형식돈시몬 오렌지 주스이롬 주스밸런스그로우착즙 주스오가닉라이프 그린글리쿼터패스트 아이스티 복숭아 산가리아코코 복숭아청포도돈시몬 자몽주스 후룻베지 파우치팁코 파인애플주스팁코 오렌지자몽주스후버 레몬에이드후버 사과주스덴마크 테이크얼라이브 스위티자몽주스카프리썬 멀티 비타민주스피오디 라임주스카프리썬 오렌지망고주스 아몬드음료고소한 삼육두유베지밀 아몬드호두 두유이롬 약콩 두유삼육두유 국산 검은콩 두유블루다이아몬드 아몬드 브리즈상하목장 유기농 멸균우유연세우유 소화가잘되는우유빙그레 바나나맛우유허쉬 초콜릿드링크배스킨라빈스 딸기맛 우유연세우유 콜드브루커피우유사과당근 주스솔리몬 스퀴즈드 레몬주스솔리몬 스퀴즈드 레몬주스롯데 쌕쌕오렌지주스 콜라 갈아만든배핫식스 에너지드링크몬스터에너지 울트라 캔 핫식스 더프로오리지널셀시어스 오렌지치포레스트 제로 탄산음료폴바셋 어메이징오트커피매일유업 어메이징 오트폴바셋 돌체라떼칸타타 콘트라베이스 콜드브루스타벅스 더블샷바닐라스타벅스 에스프레소크림 더블샷스타벅스 파이크플레이스투썸플레이스 디카페인아메리카노유씨씨 하와이코나커피투썸플레이스 피치아이스티샷추가레쓰비 마일드 캔커피오랑지나 탄산음료 사이다제로것플렉스 골든페어 배주스블루몽키 스파클링 주스 레몬에이드 그로운라이트 딸기레몬에이드 썬스위트 프룬주스 랑거스 알폰소 망고넥타압착 사과주스 선베리 패션후르츠 주스크랜베리주스홍자몽주스 델몬트 스테비아 토마토주스선베리 토마토주스 코코넛워터오뚜기 오라면팻츠가드 고양이 두부모래무향 팻츠가드 고양이 두부모래라벤더향 아메리칸 솔루션 벤토나이트 모래 무향 애견용변패드매 아이리스 애견용변패드매 시저 애견사료 소고기 캔에이엔에프 식스프리골드 애견사료 팩 네츄럴코어 애견사료팩강아지용 사료소형견 사료프리미엄 애견사료노령견 사료 파미데이즈 치킨말이 고구마 파미데이즈 황태유산균 덴탈껌 밀키베이스뉴트리플랜 애견용 홀릭소시지뉴트리플랜 소프트뮨 화식 애견용 프리미어 고양이사료 에이엔에프 식스프리골드 고양이사료 팩 뉴트리나 비스트로 애묘사료고양이 습식캔이나바 마구로쥬레 유산균이나바 츄르비 버라이어티 봉 팬시피스트 고양이 주식캔 캔 조공 미니트릿 닭가슴살뉴트리나 비스트로 애묘용 캔사료아르르 강아지고양이 열빙어간식네츄럴코어 천연 오리가슴살이나바 챠오츄르 고양이간식 입 바우와우 애견용 혼합간식 팩 존스팜스 애견용 연어저키정직하개 애견용 소고기육포벨버드 치킨밀크껌 소형벨버드 치킨밀크껌 중형윔지스 애견용 베지소시지원데이케어 애견관절치석케어러봉 애견용 한우콜라겐껌 연어맥스퓨전 애견용 장난감클린어스 애견용 장난감시리우스 강아지 발씻자 실리콘팁 바우와우 애견용 단백질바 팩 슈퍼포우 베리츄 강아지껌스위퍼 헤비듀티 먼지청소포 핸들청소포매 스카트 살균소독티슈 매팩 스카트 유리거울 세정티슈베지터블 코인 압축 티슈 테이블 냅킨 매팩쓰레기통 비닐봉투 대용량 멀티백홈스타 욕실청소용클리너페브리즈 화장실비치형 방향제 탈취제홈워시 세탁조 크리너홈워시 파이프크린홈워시 락스이지엔 페이퍼호일 팩 이지엔 에어프라이어종이호일 알루미늄 쿠킹호일글래드 밀폐용기 용기뚜껑 삼풍 일회용 나무젓가락 매팩 삼풍 종이접시대 삼풍 종이접시중 삼풍 종이보울투고 투명컵 뚜껑빨대삼풍 이중단열 커피컵삼풍 종이컵 음료수컵개 브레프 변기세정볼 레몬 입 크리넥스 빨아쓰는 행주타월 매롤 크리넥스 위생행주스카치브라이트 다용도행주겸 청소포스카치브라이트 베이킹소다 수세미스카치브라이트 청소용브러쉬스카치브라이트 초강력 린트롤러고로고로 테이프클리너본체리필매 고로고로 테이프클리너리필침구용 고로고로 테이프클리너리필바닥용 스카치브라이트 베이킹소다청소포매 스카치브라이트 미세먼지청소포매 스카치브라이트더블액션걸레 핸들 청소포 스크럽마미 수세미스크럽대디 수세미디쉬대디 클리닝스틱번들 스카치브라이트 다용도 도트수세미스카치브라이트 옥수수그물망사수세미스빈또 올인원 세제수세미스카트 일회용수세미 매롤 마미손 고무장갑 중형 마미손 고무장갑 대형 아우라 시트형 섬유유연제 건조기용리큐제트프로 포인트샷얼룩제거제슈가버블 과탄산소다 표백제타이드 액상세탁세제 홈케어 프리미엄습기제거제미세스 마이어스 다목적 세정제 스프레이 슈가버블 식기세척기세제프로쉬 식기세척기세제 식기세척기세제 슈가버블 애플향 주방세제 매소드 주방세제키친솝 주방세제 프로쉬 주방세제프릴 헨켈 베이킹소다 주방세제 레몬향울샴푸 중성세제 리큐 세탁세제 드럼겸용 피지 시트형세탁세제드럼겸용 다우니 퍼펙트딥클린 라브아세제 아이리스피오니 개피지 모락셀라 냄세제거부스터파워브라이트 세탁세제 입 퍼실 디스크세제 피지 디나자임 딥클린맥스세탁세제울트라클린팩세제 퍼울 머스크블룸세탁세제 액체세탁세제 프로쉬 알로에베라세탁세제액츠데오후레쉬 세탁세제베이킹소다 퍼실 어드밴스드젤세탁세제 샤프란 꽃담초 섬유유연제 다우니 섬유유연제 에이프릴프레쉬 다우니 인퓨전 섬유유연제 블리스 다우니 섬유유연제 실내건조다우니 섬유유연제 삶음탈취 섬유유연제 후레쉬섬유유연제 라벤더 라브아 섬유유연제 프랑지파니가이악프로쉬 코튼블라썸 섬유유연제레노아 섬유유연제 화이트머스크향 시트형 섬유유연제 매팩 다우니 언스탑퍼블 향기부스터 러쉬인워시향기부스터 스프링프레쉬향기 부스터 울트라프레쉬지퍼백 대형 지퍼백 중형지퍼락 스마트지퍼백 대형지퍼락 스마트지퍼백 중형지퍼락 버라이어티 냉장백 소형 미니 이지엔 슬라이더스탠징지퍼백이지엔 비닐백 중형 매이지엔 롤백 대형이지엔 롤백 소형 매 주방용랩 주방용랩 중형 팩 글래드 프레스앤씰 매직랩 팩 이지엔 일회용 비닐장갑 매페브리즈 섬유탈취제 다우니향페브리즈 섬유탈취제 향균페브리즈 섬유탈취제 실내건조페브리즈 공기탈취제라브아섬유탈취제 사이프러스베티버콤보스 체다 치즈 크래커 나비스코 리츠 크래커 코로코 완두콩 크래커켄지 파 크래커아마노야 센베 쌀 크래커오데이 누가샌드위치 크래커 카스 테이블워터 크래커쿠키아 뚜부 크래커돌리 제주 감귤 과즐 봉 돌리 오란다청년떡집 말랑말랑 꿀오랑돌리 한입 전병 믹스미왕 고소한 쌀과자삼립 궁중 꿀약과 마마스초이스 쌀크래커 김파래맛마마스초이스 고구마 프라이즈맥코믹 스테이크 시즈닝리치스 스위트콘하인즈 굿마요네즈린지 라지 피티드 블랙올리브 캔 청정원 고소한마요네즈 골드 큐피 참깨드레싱 블레이즈 발사믹 글레이즈맥코믹 시저 샐러드 드레싱하인즈 토마토케찹 네이처소스 샐러드토퍼하인즈 토마토케찹베이컨 크럼블스하인즈 토마토케찹프레쉬 고메 양파후레이크크래프트 미라클 휩프렌치스 머스타드이지쉐프 알리오올리오 소스하인즈 클래시코 크리미 알프레도 파스타소스라구 토마토 파스타 소스 데체코 바질페스토 가로팔로 파스타면 혼합 가로팔로 스파게티 바릴라 링귀니청정원 로제 파스타소스한라식품 수참치액소스락 백년육수청정원 올리고당 큐원 알룰로스소스락 한우 사골육수소스락 바싹말린 의성마늘청정원 조청쌀엿쌀% 안옥남 국물용 다시팩백설 프리미엄 굴소스미원 아미노산 미원 백설 소갈비양념백설 쇠고기 다시다 백설 소불고기양념남안동농협 고춧가루비비고 김치요리용소스 에스앤비 생와사비다이쇼 데리야끼소스 플라잉구스 스리라차핫소스타바스코 핫소스크래프트 스테이크소스오뚜기 참깨돈까스소스청화농산 국산볶음참깨청화농산 국산 들깨가루맥코믹 바질메사나 파마산 치즈델라미코 갈릭 후레이크맥코믹 월계수잎델라미코 파슬리 플레이크 천일염 소금 씨솔트델라미코 크러쉬드 레드페퍼 말돈소금미담 신안 구운 천일염 소금 계피가루올드톰슨 사이공시나몬스틱 핑크솔트그라인더리필소금 통후추 흑후추 그라인더리필 오뚜기 순후추샘표 양조간장 몽고 송표 프리미엄 간장 영덕농수산 영덕 게간장 빽쿡 만능요리액젓미즈칸 쯔유 백설 하선정멸치액젓롯데 미림 요리전용맛술샘표 연두본죽비빔밥 소고기강된장청정원 조개멸치 양념된장해찬들 구수한 가정식집된장 청정원 순창 초고추장해찬들 궁중식 볶음고추장청정원 태양초일품고추장 해찬들 우리쌀태양초고추장 해찬들 고기전용쌈장시아스 오리엔탈 드레싱 토마토페이스트 다이스토마토아라움 매콤달콤 보리멸 봉 마마스초이스 바삭한닭껍질후라이드마마스초이스 구운 오징어채마마스초이스 오징어 소면 왕오징어구이 스틱마마스초이스 치즈오징어마마스초이스 버터구이 오징어마마스초이스 황태 껍질 튀각푸드엔씨 구운 미니 쥐포피쉬트리 고소한 먹태소스포함 마마스초이스 황태 양념구이벤토 스위트앤스파이시 불징어피쉬트리 오사리안주멸치피쉬트리 오븐에구운먹태깡오뚜기 초간편 감자전 믹스에스프레소 블렌드하우스 블렌드콜롬비아원두커피 스타벅스 브랙퍼스트블렌드 스타벅스 카페베로나 룰리커피 스페셜블랙원두커피 카누 카페블렌드 원두커피 모모스커피 하우스블렌드자비다커피 헤이즐넛바닐라 원두폴 바셋 블렌드 테라로사 올데이 블렌드 커피명가 올굿블렌드원두커피 구스틴크래머 핸드드립커피필터 장팩 스타벅스 미디엄 아메리카노 보헤미안 로스터스 인스턴트커피카누 미니텀블러포함 바리스타커피 헤이즐넛 커피볼맥심 모카골드 마일드헤라 선메이트 프로텍터파이어폭스 바베큐숯대림바스 샤워헤드메탈호스 대림샤워 호스 대림바스 세면대필터헤드 리필필터개포함 대림바스 주방헤드필터대림바스 필터 주방헤드 필터개 포함 대림바스 필터샤워헤드 필터개포함 대림바스 샤워헤드필터듀라셀 알카라인 건전지 듀라셀 알카라인 건전지다용도 극세사타올 장 노랑 불스원에탄올워셔 개뽑아쓰는 다용도 타월 장 불스원 레인 이지그립 발수코팅 불스원 레인 스피드 발수코팅개 소나텍 익스트림나노엔진코팅개 불스원 프리미엄 연료첨가제개 휘발유 불스원 프리미엄 연료첨가제개 경유 페브리즈 차량용방향제클립프레쉬허브 맑은하늘바람 페브리즈 차량용방향제클립다우니 맑은하늘바람알카라인건전지알카라인건전지 듀라셀 울트라알카라인 건전지 듀라셀 울트라알카라인 건전지 듀라셀 알카라인 건전지 듀라셀 리튬 건전지 유니 제트스트림 볼펜색 유니 제트스트림 볼펜색 제브라 샤프샤프개 심개쓰리엠 박스 테이프티라이트정수필터 브리타호환브리타 막스트라프로 필터라바짜 네스프레소호환크레마에구스토 라바짜 네스프레소호환퀄리타 로사 카피탈리 네스프레소호환종 클라시코 벨루타토 포르테 카피탈리 네스프레소호환종 클라시코 벨루타토 포르테 브라질 룽고 킴보 네스프레소호환바리스타 나폴리 인텐소 스타벅스 네스프레소플레이버 스타벅스 네스프레소디카프 스타벅스 네스프레소싱글오리진콜롬비아 하우스블랜드 에스프레소로스트 스타벅스 돌체구스토네스카페 돌체구스토아메리카노 룽고 베스트모먼트 돌체구스토브라운 전기면도기 세정액팩 스타벅스 돌체구스토하우스블렌드 파이어폭스 알루미늄 직화용기 버라이어티팩코베아 헤스티아 토치 파이어폭스 에탄올 고체연료풍국면 들기름막국수풍국면 온동네 소면 백제 당초밀면백제 히모카와 우동백제 필승의 잔차국수포카리스웨트 이온음료 팩 토레타 과채이온음료쥬비스 애플사이다비니거밸런스그로우 수박주스립톤 제로복숭아아이스티정식품 국산콩 진한콩국스카치브라이트 베이킹소다크린스틱 핸들 패드 블루랜드 변기세정제윙크 위생 롤도마윙크 잘라쓰는 주방후드필터정샘물 스킨 누더 쿠션리필미니퍼프벌꿀 블루 아가베시럽무염견과 스낵팩 살사소스 라투랑겔 호두오일동원 저스트 육포 화이트 페퍼리치 켄주 야채크래커크리스피롤 곡잘잘미칩 볶은곤약통멸치 츄이 프로틴바화과방 프리미엄 양갱텐케이 종합 모나카후지야 밀키캔디솜 디톡스 레몬칩스타벅스 다크 아메리카노쌍계 애플사이다비니거 사과 아이스티 복숭아 티젠 레몬콤부차이디야 요거트 파우더크리스탈라이트 레몬 아이스티 크라스탄 오르조보리차 토티야 칩스 스낵킹 옐로우콘 토티야칩스프리토레이 도리토스 나초 칩프리토레이 레이즈 클래식 핑크솔트감자칩잭슨스 고구마 칩히피 칙피 병아리콩 나초칩테라칩 클래식 야채칩오리온 태양의 맛 썬프리토레이 스낵 버라이어티 팝코너스 버라이어티 백프링글스 미니 사워크림어니언프링글스 오리지널익사이클 바삭칩 믹스오리온 오징어땅콩강정롯데 스낵모음오리온 스낵모음크랙콘 카라멜팝콘에어 퍼프콘 클래식시카고 믹스 팝콘신화에프에스 컬러 오징어마마스초이스 리얼 닭가슴살 칩마마스초이스 후라이드 쥐포튀김곰표 후라이드 오징어진새우 오리지널 새우스낵스낵야드 표고버섯 칩일품채 표고채 국내산일품채 목이버섯 국내산호박고지 국내산건곤드레 나물 국내산무말랭이 국내산건고사리 국내산양구 건시래기 국내산건대추 국내산건취나물 국내산오리히로 과일 곤약 젤리폴라레티 후르트 아이스바허쉬 얼려먹는아이스크림엘제이드 쁘띠베어 아이스바트롤리 미니 버거 젤리틱톡 젤리 믹스 닥터유 프로틴바 미니 닥터유 아몬드 단백질 볼닥터유 프로 단백질 바 그래놀라 바비카인드 다크초콜릿 너트바엄마사랑 통곡물 너트바랩노쉬 단백질 쿠키 종 프로틴 바네이쳐밸리 프로틴 바네이쳐밸리 트레일 믹스 바궁 쇠고기 육포궁 골든올리브 육포궁 쇠고기 육포비첸향 골든코인머거본 칼몬드포담 빼빼어포피쉬트리 먹태깡 레드신화에프에스 갓 튀김 어포카디나 감자 스틱농심 쫄병 스낵오리온 뉴룽지더다믐 김칩스것플렉스 두부현미스낵오뚜기 뿌셔뿌셔불고기맛타오케노이 빅롤 김 스낵트윅스 미니스 초콜릿오리온 비쵸비엠앤엠즈 믹스 초콜릿부르봉 알포트 초콜릿 가염 믹스넛무염 믹스넛무염 캐슈가염 캐슈 만나다 브라질 넛원더풀 가염 아몬드 가염 피스타치오 만나몰 국산 볶음 땅콩만나다 국산 잣 가염 볶은 아몬드미국산 피칸휴슨넛 슬라이스 아몬드 미국산 생아몬드미국산 호두 그린넛 호두 반태 그린넛 호두 정과후디즈 칵테일 피넛 후디즈 허니 로스티드 피넛 플랜터스 가염 땅콩 바프 허니 버터 아몬드헤이그램 서리태 스낵카수가이 와사비콩스낵가염 땅콩캐슈 클러스터 바프 먼투썬 주 허니 마카다미아 로스티드 마카다미아부샤드 카라멜씨솔트초콜릿 부샤드 다크 %초콜릿 페레로로쉐 초콜릿총개 하리보 스타믹스 젤리제너럴밀스 후룻 바이 풋앙팡 밀크릿 카라멜 스모어코어틴 프로틴 초콜릿 볼몰티져스 밀크 초코볼아라비안 딜라이트 대추야자 아몬드초콜릿스위스 델리스 밀크 초콜릿 스위스 델리스 다크 초콜릿 메이지 마카다미아 초콜릿메이지 키노코노야마 일본 초코송이롯데 빼빼로 모음 팩 킨더 맥시 초콜릿페레로 누텔라 앤 고킨더 부에노 초콜릿킨더해피 히포해태 홈런볼 초코 틴인틴 비스켓 원더풀 무염 피스타치오제너럴밀스 후르츠거셔스젤리오리온 알맹이믹스팩제너럴밀스 후르츠 롤업 젤리트롤리 지구본 젤리 트롤리 사우어 구미스위트 스페이스 멀티 믹스 젤리트롤리 드래곤 에그 젤리 닥터큐 과즙 젤리 종멘토스 미니사이즈 과일맛후르트텔라 과일맛 요구르트츄트롤리 올인원 젤리 비달 다이노 젤리레옹 사워 젤리모음스키틀즈 믹스팩락토조이 구미 젤리하리보 골드베렌 젤리하리보 메가 파티 젤리미카구토 아주끼캔디 맛밤 봉 페를레디솔레 포지타노 레몬사탕 캔디캠프파이어 마시멜로옌끼 자일리톨 캔디투씨 팝스 미니어춰 스틱 캔디총 웨더스 오리지널 버터 크림 캔디벨라민츠 스피어민트 캔디벨라민츠 과일맛 민트 종트레핀 벨기안 커피맛 스위트 캔디 스위토리 후르츠민트향 껌 벨라민츠 스피어민트 껌맥스봉 치즈스위토리 자일리톨 껌롯데 자일리톨 껌전자레인지 팝콘웨지 감자 스낵디제이앤에이 바삭하고 고구마칩덴로쿠 스낵믹스세레나 에그롤트로피칼 필드 크리스피코코넛롤슐츠미니 프레첼 부르봉 블란츌 랑그드샤 피넛버터 프레첼 기화병가 펭귄 쿠키미니 초코크리스피티포 에그쿠키크노퍼스 웨하스센넨야 바움쿠헨마마스초이스 티각태각 야채부각스모어 오갓멜로 크리스피 쿠키 트러플하몽 크래커총 웨더스오리지널 카라멜팝콘 클래식나비스코 프리미엄 솔틴크래커 골든 오차드 트레일 믹스 싱글오리진초콜릿워커스 어쏘티드 토피초콜릿 모음밀크초콜릿 아몬드 스니커즈 펀사이즈 초콜릿스니커즈 미니스 초콜릿허쉬 키세스리터스포트 초코큐브토블론 믹스 초콜릿스위토리 피넛 클러스터스위스델리스 마운틴바초코블럭이노푸드 아몬드너겟 초콜릿알리앤로즈 미니 초코 와퍼콘부샤드 라즈베리틴나비스코 오레오쿠키위메이드 밀크 쿠키랑그드샤 쿠키밀카 초코그레인 쿠키폭스 초콜릿 쿠키스위토리 치즈 쿠키알리앤로즈 크로아상 바이트모리나가 문라이트자케 미니브라우니믹스오리온 카스타드오리온 초코파이맥비티 다이제스티브 투고 켈슨 데니쉬 버터 쿠키 카라멜라이즈 쿠키비첸지 아치쿠키박스생미쉘 프렌치 버터 쿠키카렌스 베이커리 오트쿠키 라즈베리롯데 마가렛빠다코코넛메종 브뤼에르 아몬드 크리스프크리넥스 다용도 종이타월 매입미용티슈매팩프리미엄화장지롤 크리넥스 데코소프트화장지롤 크리넥스 소프트터치 미용티슈매팩 크리넥스 휴대용 티슈매 뽀삐 점보롤화장지 롤 크리넥스 안심 키친타월매 롤종이타월매롤 크리넥스 소프트엠보싱 물티슈 매팩 꽃샘 본비 우엉차동서 둥굴레차 꽃샘 본비 우롱차 쌍계 전통차도라지 국화 누룽지 티트라 레드 애플티로얄티 루이보스 티 네스카페 테이스터스초이스커피 콜럼비아그라운드커피인스턴트커피스타벅스 드립백커피룰리커피 스페셜드립백하마야 드립백 커피테라로사 싱글오리진 드립백강릉 보헤미안 로스터 드립백커피 입 이디야 토피넛라떼커피빈 피스타치오 라떼맥심 화이트골드펄세스 스테비아커피믹스 이디야 스페셜 모카블렌드 이디야 스페셜 골드블렌드비비고 참기름퓨리티 마누카꿀 본비 아카시아꿀 메이플 시럽 초콜릿 칩 % 스키피 크런치 땅콩버터땅콩버터오뚜기 우리밀부침가루 청화농산 도토리묵가루곰표 중력밀가루미이랑 찹쌀가루 농협 우리밀 참밀가루 아몬드가루 백설 하얀설탕 홀썸 비정제 갈색설탕 큐원 갈색 설탕설탕 알티스트 설탕대신 알룰로스 큐원 스테비아 암앤해머 베이킹소다썬스위트 건자두 담달 쫀득한 건망고썬메이드 건포도건체리 건블루베리오션 스프레이 건크랜베리 이롬 일 영양건강식돌 복숭아 컵태광선식 퀴노아곡 미숫가루 설빙 옛날 미숫가루 태광선식 서리태귀리쉐이크 달톤 화이트 식초마리안느 아보카도오일 올리브유스페인엑스트라버진 올리브유셀렉스 웨이프로틴 드링크라투랑겔 오일혼합 엑스트라버진올리브유스페인포도씨유오타비오 포도씨유푸엔테 해바라기유 카놀라유 백설 옥수수유 데니그리스 사과식초 사과식초명가랑 국내산 참기름명가랑 국내산 들기름명가랑 정이담긴참기름먹는샘물 천연광천수동원 보성말차아리조나 녹차진생허니티 캔 광동 옥수수 수염차 이탈리안탄산수후지산 탄산수 스파클링탄산수하이트진로 토닉워터 플레인캐나다드라이 진저에일하이트진로 블랙보리 천연광천수 제너럴밀스 바 버라이어티 팩퀘이커 심플리그래놀라 에센셜 그래놀라 프로틴 플레이크오 그래놀라 믹스 팩 제너럴밀스 시나몬토스트크런치켈로그 리얼 그래놀라그래놀라하우스 그래놀라 파로이츠캘로그 컵 시리얼캘로그 아몬드 푸레이크신라명과 달콤바삭 크룽지신라명과 오리진단팥빵삼립 오븐에구운버터도넛신라명과 리얼 브라우니미각제빵소 황치즈 버터바파이삼립 호두 타르트화과방 도넛팥빵화과방 크림딸기붓세화과방 바질스콘화과방 우피파이 팔도 비빔면농심 너구리농심 배흥동 비빔면 런닝 트리코트반바지 플립플랍성인 스티커즈 캠핑용 접이식 간이침대브라질리아 백팩 구명조끼 영유아용구명조끼 용넥쿨러 개마이어 전기포트 로렌스 머그락앤락 단 도시락휴대가방 포함 리볼브블루투스 스피커 아이폰 프로맥스아이폰아이폰 웰치스 탄산소다 포도맛 캔 콜라 제로 팩 콜라 캔 멜로그라노아란시아타 캔 마운틴듀 오리지널제로동원애묘용 캔사료 웨버 대형 숯 점화통 웨버 점보조 차콜그릴 웨버 프리미엄 차콜그릴 코스트코회원권 코스트코 코스트코추천상품 코스트코올리브오일 코스트코영업시간 코스트코타이어 코스트코상품권 코스트코추천 코스트코온라인몰 코스트코휴무일 코스트코세일 코스트코 코스트코정보세일정보 코스트코에서꼭사야할것 코스트코추천 코스트코치즈 코스트코고기 코스트코추천템 코스트코다이어트 코스트코갈비살 코스트코간식 코스트코고기소분 코스트코갈비살소분 코스트코그릭요거트 코스트코고기추천 코스트코가격표에숨겨진비밀 코스트코과자 코스트코감자수제비 코스트코냉동야채 코스트코뇨끼 코스트코낙곱새 코스트코냉동식품 코스트코냉동새우 코스트코냉동피자 코스트코닌자블렌더 코스트코냉동 코스트코디저트 코스트코다짐육 코스트코다이어트추천템 코스트코드라이기 코스트코닭다리살 코스트코등갈비 다이어트코스트코 코스트코베이글 코스트코다짐육떡갈비 코스트코레몬즙 코스트코로스트치킨 코스트코로티세리치킨 코스트코라자냐 코스트코올리브오일 코스트코추천상품 코스트코신상 코스트코필수템 코스트코연어 코스트코상추 코스트코쇼핑 코스트코영양제 코스트코아이폰
​
딥모이스처 바디워시 에멀전 골드리프팅 스킨케어 캐스키드슨 핸드크림 캐스키드슨 베스트 선물 프리미엄 호 스페셜 호 동원 프리미엄 호 제일재당 스페셜 호 백설오일 혼합선물 영진 불원산 헉슬리 핸드크림농심 너구리김치 사발면육개장 사발면신라면 소컵부여알밤 삼계탕트레브리즈 공기탈취제슈가보블 과탄소 표백제 데일리 양말 담요 슬리퍼로버락 로봇청소기 바롬 제로 컬렉션 무선청소기 스타벅스 돌체 구스트 헤이즐넛 바닐라 원두아보카도 오일골드 키위 샤인 머스켓 청포도햇반 김치 치즈 주먹밥 삼천오참치마요 주먹밥 비요뜨 초코링 콘드로이진천 어린이 눈건강궁이 바이탈프로틴 콜라겐 홍삼정 현홍삼정현홍삼선물 홍삼골드산삼배양근 진 센트룸 실버 멀티비타민 코관절 진 콜라겐 에센셜마그마 스피드샷 루테인 지하잔틴 홍삼 원력 홍삼 절편홍삼 배도라지 진액 보감 쌍화 진액 하모트효소 에버스트로겐 종군단건강 홍삼 절편 농량근 홍삼본 함뿌리 녹용 흑삼스틱 함뿌리 흑삼 아르기닌 침향환 선물 알로에 판토텐산 센트롬 멀티비타민 구미 레몬민트 허브캔디 경남제약 레모나시 스테노비스 트리 브레스 스프레이 프로폴리스 자동전자혈압계 동구밭 샴푸 트리트먼트 바 범 일회용 치간 칫솔 조르단 인디비주얼 소프트 칫솔 질레트 프로실드 면도날 유시몰 화이트닝 치약 레인바스 샤워젤 헤드앤숄더 울트라쿨 맨솔 샴푸 흑모비체 괄호거품 연모제 시크릿 에센스 에이지 리커버리 크림 컨센트레이트 세럼프로크림 어성초 지우개 패드 아이케카테 프리미엄 핸드워시 온더바디 바르시처 코튼 푸트 샴푸 센텔리안 멜라 캡처 앰플 프로 도미나 스키미 케어 크림 미라클 토닝 크림 에이지 리커버리 스킨 소프트나 에멀전 엔자인 페이스 워시 모노티크 바디 워시 클렌징 워터가비노 바디로션 닥터 루티어 선물플라워 마켓 바디웨어 케어보타닉 가든 바디워시퓨어 코튼 선물레드 이발소 핸드워시마라탕면 소고기 미역국 양송이 스프 바질크림 스프 통다리 닭볶음탕 사골시래기 된장국 김치볶음 스팸 듬뿍 부대찌개 육개장 비비고 떡볶이 베이컨 트러플 파스타 짜장라볶이 어토리 비빔맛국수 진국 소고기묵국 어쏘티드 칼떡볶이 쌀국수 파게장 큰사발 당초 밀면 알리오 올리오 파스타 솥반 꿀약밥 누룽지 미니 소프트밀 소고기죽 컵반 치킨마요 덮밥 된장김치찌개밥 쌀밥참치 용원 스페셜 호 스페셜 호 프리미엄 호 프리미엄 김 호 비치햄 오리지널 스팸 클래식 스팸 라이트 스팸 닭가슴살 곡물복지 햄 라이트 존슨빌 햄 동원 고추참치 동원 참치 꽁치 두부 북엇국 그릴리 구대전골 사과 당근 주스 수박 주스 멜로그라노 아라시아타 제로 탄산음료 복숭아 청포도 콜라 스테비아 토마토 주스 고소한 삼육 초콜릿 드링크오랑지나 탄산음료 콜라 제로 핫식스 에너지 드링크 핫식스 더 프로 오리지널 롯데 밀키스 제로 마운틴 뉴 오리지널 제로환타 오렌지 제로 투썸플레이스 피치 아이스티샷 추가 투썸플레이스 디카페인 아메리카노 트래비 탄산수 레몬향 크리스탈 탄산수 샤인 머스켓 하차 캐나다 드라이 진저 에일 브라운 슈가 밀크티 오뚜기 열라면 파미데이지 치킨마리 고구마 애견사료 소고기 황태유산균 덴탈검 고양이 습식 캔 아르르 강아지 고양이 열빙어 간식 펜시피스트 고양이 슈식 트리플랜 애견용 홀릭소시지화면화식 애견용 애견용 장난값 베이킹소다 크린스틱 다영도 행주기엄 청소포 베이킹소다 수세미 다영도 포트 수세미 옥수수 그물망사수세미 페브리지 섬유탈취제 향균 섬유탈취제 다우니향 라부아 섬유탈취제 랩프 병기세정볼 프로시 식기세척기세제 프로시 주방세제 주방세제 헤비듀티 먼지청소포 페브리즈 화장실 비치형 방향제 루키제트 프로 포인트샷 얼룩제거제 더블액션 걸레 미세먼저 청소포 드라이 에이킹소다 청소포 초강력 린트롤로 슈가 버블 에프량 주방세제 키친솥 주방세제 에이킹소다 주방세제시티형 섬유유연제 건조기용 크리맥스 유생행주 스마트지퍼팩 스마트지퍼팩 대형 브라이어티 냉장팩 알로에베라 세탁세제 샤프란 꽃담처 섬유유연제 프로시 커튼 블라썸 섬유유연제 세탁세제 퍼실 어드밴스드 젤 세탁세제 딥클린 세탁세제 울샴푸 중성세제 나부아 섬유유연제 퍼실디스크세제 비트 세탁 세제 리큐 세탁 세제 포울 머스크 블룸 세탁 세제 다우니 섬유유연제 실내건조럭스나인 라텍스토퍼 슈퍼싱글 퀸사이즈 킹사이즈 에르고 라텍스백에 다운 얼터너티브 백에 오버사이즈 블랭켓 피너츠 엑센트러그 주방 쿠션 매트 미니 바스 타월양털 극세사 카펫 얼트메이트 담요 양털 극세사 담요 정장 양말 캐주얼 양말프리컷 팬티 프리컷 프라 캐주얼 양말 팬티 쿠션 양말라운드 티셔츠 브리프 긴소매티 방풍 자켓 밴딩 팬츠 긴팔 크로넥스트링 면바지 긴소매 맨투맨 긴소매 티셔츠 긴소매 크로티 트렌치 자켓 아린 후드 자켓 아린 청바지 스웨트 아린 밴딩 아린테리 바지 아린패키지 맨투맨 이랜드 팬츠 로고 스웨트 셔츠 청바지 치노 바지 옥스퍼드 셔츠 긴 소매 컬러 라운드 니트 와플 긴 팔티 동산 스판 팬츠 액티브 팬츠 긴 소매 쿠르 파자마밴딩 카고 조고 액티브 영양 옴니 히트다운 헤딩 자켓 피그먼트 스웨트 셔츠 보모 재킷 우유 가디건 와이드 청바지 캐시미어 니트 더블픽 캐팬츠주니어 프라네일 파자마액티브 풀집 풀집 니트 청바지 흰소매 니트 폴로 운동화 용 골프와 용 골프와 성인 스니커즈 운동화성인 운동화 노가 매트 펌 롤로 야광 킥커볼골비 플라이온 골프공 필텐 골프장갑 헤브리지 차량용 방향제 클립 볼스원 프리미엄 연료청가제박스테이프 페팔 핸드블렌더 롤치킨 스템 바스켓 야채 탈수기 페팔 칼전동 커피그라인더 스테어 크라이머여행가방 스탠리 큐인원 기능 경량 캠핑 의자 골프 우산 접이식 손수레듀라셀 알카라인 건전지번개표 등사각방등다목적 접이식 테이블 필터 주방헤드 샤워헤드 필터 네고 닌자고올인원 보안 카메라 개별 멀티탭 브라운 전기면도기 시리즈 전동칫솔모 오랄비 전동칫솔 오랄비 전동칫솔 식물 영양제 데린바스 필터 샤워 헤드연기 잡는 그릴 파워 인덕션 더플레이트 블렌더닌자 프로 블렌더 음식물 처리기 진공 포장기 멀티커피 머신 페팔 티타늄 포스 프라이팬 페팔 프라이팬스테인리스 스테인리스 더블링 디너웨어 인 유리 저장용기도로코 주방가위 도마 막스트라프로필터 엔바이저히럭스 캠핑 매트 무단 슬림 서랍장 서랍형 수납함 여행가방 원 도체자전거 차량용 스마트폰 무선 충전 거치대 불스원 에탄올 워셔 불스온 글라스 디필저 프리미엄 수공구아모스 글라스 데코프리미엄 에이퍼 복사 용지 송오브인디아 플라스틱 화분 초코그레인 쿠키 트레일믹스 태각야채 동중꿀약과 제주감귤과질 버라이어티백 와사비새우깡 두부현미스낵 갓튀김옵포 칼몬드 화이트 페퍼처스트 육포 프런치 트러플 볶음 땅콩 칵테일 피넛 허니 로스티드 피넛 프로틴 초콜릿불 커피 초콜릿 모음 스니커즈 펀 사이즈 초콜릿 사워 젤리 모음 트롤리 지구본 젤리 유기농 맛밤 쌀크래커 두부크래커 바삭칩 믹스 찰떡파이 키킷 오리지널 초콜릿 스키를드 믹스팩 체다치즈크래커사과젠파이 오븐에 구운 버터더넛 버라이어티쿠키 바삭한 닭껍질 후라이드 골든그레이염 바바라이어티 팩 원러브레드 미니 생크림 보름달 황태 양념구이 첵스 초코 콤보 팩 모레오오즈 스크램베리 아몬드 카페 블랜드 원드 커피 바게츠 인스턴트 커피바게츠 드립백 커피 스타벅스 돌체 구스터스타벅스 넷스프레스스타벅스 네스프레소킴보 네스프레소 맥심 카누미니 애플워치갤럭시플립 갤럭시폴드 게이밍 모니터 사운드 링크 플렉스 솔로 사운드 파트 퓨리케어 공기청정기 스탠바이미 인덕션식기세척기 인용달인 인덕션 프리스탠드 식기세척기 달인 스타일러 달인 드럼세탁기 달인 오브제건조기 달인 세탁기건조기 오브지의 더블 매직 리터 양문형 리터 워시타워 김치냉장고 리터 냉장고 리터 냉장고 김치냉장고김치냉장고 냉장고 리터 김치냉장고 리터 루콜라페스토 로제 파스타 소스 간장 클램 차워드 스프캔만능 육수 요리 한프리미엄 굴소스 김치 요리용 소스 소갈비 양념 불비농토마토케찹 고기전용쌈장 양조간장영덕게간장 남늑피쉬소스 궁중식볶음고추장 소소한 가정식 집된장 태양초 일품 고추장 우리쌀 태양초 고추장 백설 옥수수유 핑크솔트 선물 유기농 사과식초호두 오일 정이 담긴 참기름 마이비데 물티슈 안심 키친타올 소프트 터치 미용티슈 포켓용 물티슈 앤뉴 드링킹 블루베리 생크림 요거트 떠먹는 불가리스 알로에 요거트 서울우유 듀오완 자두 팥배 토마토 러셋포테이프 달수고구마 양송이버섯 호주산 양고기 양갈비 진공팩 아롱산태 진공팩 부채살 진공팩 옹갈빗살 진공팩 미니밤 호박 물회 양념고깨장 영광 매실 고추장 물비 무삼겹 낙곱새 유기농 사워크라우트 무첨가 레겐스 브로거 위성마늘 순환구이 쌀햄 무과연 포숑버터도이치비엔나 소시지 고로곤졸라 화덕피자 치킨너겟 콩담백면 차돌박이 냉이된장찌개 소고기버섯 비빔밥케이준 볶음밥 바비큐 폭립 프리미엄 해물경단 해시 브라운 감자 공치미 물냉면 더 킹크랩스 가쓰오 메밀소바 리얼 해초 미역면 춘천식 메밀맛국수 가래떡떡볶이 한우 곤두레나물죽 양념 소갈비찜 포기김치 총각김치 바지락 순두부찌개 양념 야채채움녹황 유기농 체다치즈 비비고 통새우 만두
​
홍삼원력년근 홍삼골드 쇠고기 육포선물 견과선물 산삼배양근진 밀크씨슬 꽃차선물 커피 선물커피 선물표고버섯 혼합 올리브 오일농원 스페셜 호 특별한 선택 호 스팸 스위트 호 스팸호 존슨빌 선물프리미엄 김 호 부각 곱창 돌김프리미엄 양갱트레일믹스프라임 견과골든비트오롯라멘 드링크 고단백 케블레미쉬 커버크로스 액션 컴플리트 세븐 버블 클렌징 폼 스트롱홀드 헤어스프레이 펜틴 샴푸 펜틴 컨디셔너 하일루론 아이크림 하일루론 라이트 크림 양송이 크림 샴푸 두부 북엇국 비비고 사골시래기 된장국 소고기 미역국 비비고 육개장 사골곰탕진 그릴리 부대전골 감자수제비 참치 만대까레 투음파 둠바 파스타 당초 밀면 도토리 비빔맛국수 너구리 오라면 신라면 소컵 육개장 사벌면 김치 사발면왕뚜껑 링기니 바로 동물국 통곡 물밥 서리태 흑미바 고시헤카리살 오대살주스 오렌지 망고 주스 스위티 자몽 주스 포카리 이온 음료 파워에이디 이온 음료 몬스터 에너지 울트라 갈베 사이다 제로 스프라이트 콜라 사이다 제로 콜라 제로라임 갈아만든배 웰치스 탄산소다 스퀴즈 에이드 콘트라베이스 콜드브루 진저에일 보성말차 구운 닭가슴살 고양이 애견용 연어져키 천연오리 가슴살 베리추 강아지껌 알루미늄 식화용기 위생 롤도마 잘라쓰는 주방 후드필터 빨아쓰는 행주타월 마민성 고무장갑 스빈토 올인홀 세제수세미 스크럽데디브러쉬 식기세척기 세제 브러쉬 주방세제코튼 블라썸 섬유연제 과탄산소다 표백제파워브라이트세제알로에 베라 세탁세제 다우니 퍼펙트 세제 딥클린 홈키파 에어졸 이어플랩 털모자 다운 자켓 원 패딩재킷 긴소매티카고조고 상하이 카고 바지 크레올라 긴팔티 에브리데이 팬츠 캐주얼 바지 캐주얼 셔츠그램 인치 인치그램 인치울트라 인치 삼성 인치 인치 인치푸드 쇼케이스 냉장고 쿠크 인용 압력밥솥천 쿠크 인용 압력밥솥메듀로 등허리 마사지 쿠션 무선 청소기천 파워드라이어 짜라메이쿡웨어 넷게이터 여행가방 브라질리아 백팩 요소수 해머 드릴원 전동 드라이버다용도 수납함 백호 소프트 화장지포켓용 물티슈 한입 강정 무염 피스타치오 포테토칩 바삭칩 믹스 감자스틱 다크초콜릿 너트바 씨쉘 초콜릿 마카다미아 초콜릿 틴인틴 비스켓 멘토스 키켓 오리지널 앙팡 밀크릿 캠파이어 마시멜로 맥스봉 치즈프리미엄 양갱 세레나 에그롤 오리지널 스트로프 와플 다이제 스티브 오레오 쿠키 콘프라이트 바버라 예티팩 유기농 토마토 케찹 백년 육수 알프레도 소스 로제 파스타 소스알룰로스 트러플 치즈 소스 루꼴라 페스토 미라클 휘프베이킹 소다 오리밀 부침가루 스테비아 만능 자간찌 간장 남륵 피쉬소스 수참치액 샘표연두 우리쌀 태양초고추장 엑스트라 버진 올리브유 비비고 참기름 올리브유 키노아 곡 미숫가루 프렌치 로스트 바게츠 인스턴트 커피헤이즐넛 앤 바닐라 원두맥싱 모카 골드 아모드 크림 스프레드레몬콘 무차 바질스콘 로만밀 식빵 피타브레드 후라이드 지포튀김 황태양념구이 씨없는 족포도 씨없는 청포도 자두 골드키윅 버섯모음 광어회 닭가슴살 닭갈비 유기농 미니크림치즈허니 슬라이스 햄 스모크 소시지 닭가슴살 큐브 하몽 올리브프리미엄 수제 델리미트 냉동 삼겹 느린 식혜 햄스빌 베이컨의성 마늘햄 메밀맛국수 국물떡볶이 함박스테이크 청잎김치 얼갈이 열무김치 찌개용 두부 부침용 두부 바지락 순두부찌개 양념 프리미엄 해물경단 튀김새우 소고기잡채 도톰 동그랑땡 통어의 고추튀김 녹두빈대떡 감자채전 설롱탕 한우곰탕 중화짬뽕 바지락 칼국수 소바바 소이 허니순살 꼬마돈까스 크리스피 핫도그 실기업 돈까스 함박스테이크 비비고 통새우만두 제주돼지 감자만두 딤섬 새우 하가우 비비고 왕교자 진한 김치만두 든든한 섬만두 미니컵 컬렉션 하겐다즈 스틱백 모둠 꿀떡 김치 치즈 주먹밥 트리플 치즈 피자 맛있는 물만두 남도 떡갈비대상웰라이프 뉴케어 트레핀 벨기안 커피맛 스위트 캔디 스키니랩 시서스다이어트블랙모어스 오더리스 알티지 오메가 피쉬오일 미니오뚜기 딸기잼암엔해머 베이킹 소다 세노비스 코큐텐켈로그 컵 시리얼 종근당건강 어린슈퍼 콜라겐 스킨핏종근당건강 알로에 이뮨 스틱프로폴리스 캔디 마누카허니트루블루 코스트코안국건강 눈건강솔루션그래놀라 바 제너럴 밀스 네이처밸리 트레일 믹스 바네이쳐밸리 프로틴 바 페레로로쉐 누텔라앤고 오리온 닥터유 프로틴바 미니 두보식품 바싹콩콩 서리태 스낵 관절리프리놀 초록입 홍합추출오일 트루블루 프로폴리스 트루블루 스피루리나 안국건강 코박사 솔루션 뉴트리원 비비랩 더 콜라겐업 젤리타입 피쉬콜라겐동국제약 센텔리안마시는 콜라겐 프로틴웨버네츄럴스 프로바이오틱 유산균 프로일유업 셀렉스 코어프로틴네스카페 돌체구스토종웨버네추럴스 비타민세노비스오메가 종근당건강주니어 홍삼 궁 쇠고기 육포 궁 골든올리브 육포 궁 쇠고기 우육포 센트룸 엔젯오리진 뉴질랜드 초록입홍합비타민 네츄럴라이프 칼슘 마그네슘 비타민 세노비스 트리리턴업 아이시안 루테인비타민 크리넥스 소프트엠보싱 물티슈 신신파프쿨 핫 신신파스쎌바이오텍 듀오락어린이 유산균콜롬비아 커피 그라운드 웨버네추럴 오메가 프로 엔젯오리진 하이큐스파티딜세린 징코슈퍼 오메가비타민청원 고구마츄 나비스코 오레오 쿠키 켄지 크리스피 고프레 바닐라 초코 라운드랩 독도토너 콜게이트 그레이트 레귤러 치약오랄비 글라이드 치실 민트향 개 무염 믹스넛견과류검 일회용 치간칫솔 썬 스위트 건자두 웰치스 후르트 후르츠젤리라운드랩 독도클렌저 수려한 비책진생 윤 유액 리즈케이 퍼스트씨세럼 파로돈탁스 치약알페신샴푸하리보 골드베렌 과일맛젤리 커피빈 캡틴아메리카노미니 팬틴 케어 샴푸팬틴 케어 컨디셔너후디스 허니 로스티드 피넛 마마스초이스 리얼 닭가슴살칩 센소다인 멀티케어 치약쌀국수 스프포함 아토팜수딩로션 상하키친 양송이 크림 스프 하마야 드립백 커피 헤드스파 더프리미엄 헤어 경남제약 레모나하리보 메가파티젤리밀크 초콜렛 아몬드 커피빈 바닐라파우더 헤이즐넛파우더담 빼빼어포에스엔비 골든카레 중간운맛 리챔 오리지널 캔캔 본죽 쇠고기 장조림 오뚜기 백세카레 약간운맛 동아제약 가그린 오리지널동아제약 가그린 제로 닭가슴살 캔인스턴트커피동원 참치 웨이더프로틴 파우더녹차라떼맛 초콜릿맛유동 자연산 다시마골뱅이맥스봉 치즈 밀카 센세이션쿠키 뚜부 크래커 화과방 프리미엄 양갱프레디 스트로베리요거트 콤보스 체다 치즈 크래커 자케 미니 브라우니 믹스 나비스코 프리미엄 솔틴크래커오리지널 스트룹 와플 오데이 누가 샌드위치 크래커로아커 미니 웨하스 믹스 스낵야드 표고버섯칩 오리온 초코파이 오리온 카스타드 전자레인지 팝콘이가자연면 감자수제비 삼립 궁중 꿀약과 비비고 갈비탕 비비고 설렁탕 비비고 소고기 장터국 비비고 소고기 미역국 비비고 육개장 오뚜기 뿌셔뿌셔 동화씨앤에프 생강 대롱미왕 고소한 쌀과자 양반 진국 소고기 무국 오리온 오징어땅콩땅콩강신화당 오란다농심 쫄병 스낵 대용량 멀티백 다용도 쓰레기봉투 작업용 장갑먼지청소포 핸들청소포마미손 고무장갑 대형중형 이지엔 일회용 비닐장갑 이지엔 페이퍼호일 삼풍 일회용 나무젓가락 베지터블 코인 압축 티슈홈케어 파워 방충제 옷장용 서랍용얼라이브 원스데일리 멀티비타민 페브리즈 섬유탈취제 다우니향 스카트 다용도위생행주 페브리즈 에어 공기탈취제심플리잰틀 다용도 화장솜 뉴초이스 미니 크리스피롤 곡 카디나 감자스틱메이플시럽스카트 일회용수세미 롤고려은단 비타민페브리즈 차량용 방향제클립개이지엔 비닐 위생백 중형 크릴오일스카치 직테이프 디스펜서 리필개함타바스코 핫소스소스락 백년육수 백설 남해굴소스 이지쉐프 알리오올리오 소스 오뚜기 골드 마요네즈 오뚜기 참깨 돈까스 소스 온동네 풍국면 소면 청원 쌀올리고당 폰타나 카르니아 크림소스 쁘레리바떼쩨 델라 나투라 트러플 소금 하인즈 토마토케찹 에스앤비 생와사비 초콜릿 믹스 바 아몬드가루 스타 케이퍼초콜릿 칩쌀 크래커선메이드 건포도 워커스 어쏘티드 토피초콜릿 모음고구미 고구마 칩스위토리 다크 카카오 초코볼백설 소갈비양념 백쿡 백종원 만능 양념장 오뚜기 옛날 자른 당면 꽃샘 우엉차 스위토리 후르츠민트향 껌 청원 순창 초고추장 마마스초이스 치즈오징어 맥심 카누미니 스틱미담 신안 구운 천일염 풀무원 수타식 즉석생우동 센트룸 실버맨센트룸 실버우먼센트룸맨센트룸우먼유동 번데기 동원 참치베이컨 크럼플스 하인즈 토마토케찹 맥코믹 시저 샐러드 드레싱 해찬들 고기전용쌈장 시아스 오리엔탈 드레싱 참스 미니어춰 스틱 캔디캠프파이어 마시멜로 오션스프레이 건 크랜베리다크 초콜릿 허쉬즈 쿠키엔크림 초콜릿참깨 드레싱 건 블루베리킷캣 오리지널 마즈 엠앤엠즈 믹스 스퀘어 밀크초콜릿허브 캔디초코 큐브해바라기 밀크초코볼자일리톨 껌 웨덜스 버터 크림 캔디 앙팡 밀크릿 밀크태블릿 이롬 주스 착즙퓨리나 베긴 애견간식 큐원 갈색 설탕 레드씰 프로폴리스 치약고양이 두부모래백설 하얀설탕 베지밀 아몬드호두 두유 벨버드 치킨밀크껌 벨버드 애견용 변패드샘표 양조간장스타벅스 에스프레소 크림더블샷 캔스타벅스 브렉퍼스트 블랙 병아비노 바디로션 원데이케어 애견관절치석케어 뉴오리진 이너플로라 농협 우리밀 참밀가루 파미데이즈 치킨말이 고구마 강아지간식 한미양행 헤파케어골드 씨제이 유기농 맛밤아보카도 마요네즈 ' 머스타드 명가랑 국내산 참기름 명가랑 국내산 들기름 돈시몬 오렌지주스후디즈 칵테일 피넛 미국산 생아몬드 미국산 호두 로스티드 마카다미아 미국산 피칸 미국산 피스타치오 파라마운트 팜즈 트레일 믹스 무염 캐슈 만나몰 국산 볶음 땅콩 마마스초이스 버터구이 오징어 파라마운트 팜즈 가염 아몬드 파라마운트 팜즈 무염 피스타치오딸기잼 계피가루 다목적 렌즈관리용액 로리스 갈릭 소금 델라미코 갈릭 후레이크 다우니 섬유유연제 블리스다우니 섬유유연제 에이프릴다우니 실내건조섬유유연제다우니 언스탑퍼블향기부스터 몰티져스 초코볼 명가랑 볶음 참깨 맥코믹 바질 백설 쇠고기 다시다 백설 중력밀가루 오스트레일이안 보태니컬 비누샘표 연두 슈가버블 과탄산소다 표백제 슈가버블 애플향 주방세제맥코믹 스테이크 시즈닝 룰리커피 스페셜티드립백 시저 애견사료 소고기 캔테라로사 싱글오리진 드립백 오뚜기 순후추 오랄비 치간칫솔우르오스 올인원 모이스처라이저 맥코믹 월계수잎 이지엔 슬라이더스탠딩 지퍼백 자연과 친구들 국산 잣 피쉬 트리 진짜해물건더기 차앤박 옴므 올인원 플루이드 델라미코 크러쉬드 레드페퍼 스키피 크런치 땅콩버터 키친솝 주방세제도숙성초토블론 타이니 초콜릿 통후추 티젠 레몬콤부차 맥코믹 파슬리플레이크 퍼실 디스크세제 퍼실 어드밴스드젤 세탁세제페레로 누텔라 퓨렐 손소독제프렌치 트러플 프로틴 바본마망프루츠 잼 프릴헨켈베이킹소다 주방세제 레몬향헤라 데일리레포츠헤라 옴므 에센스인 스킨 종샘플헤라 옴므 에센스인 에멀젼 종샘플홈워시 세탁조 크리너흑후추 그라인더리필다크초콜릿 카라멜씨솔트초콜릿 후버 사과 주스코코넛 워터후룻베지 파우치허니 로스티드 마카다미아음료수컵팁코 파인애플주스 광동 옥수수 수염차 돈시몬 자몽주스멘토스 미니사이즈 과일맛엘지생활건강 모노티크 샴푸 라벤더향 엘지생활건강 모노티크 바디워시 대용량빙그레 바나나맛우유스위티 자몽주스 연세우유 멸균우유 이지엔 에어프라이어 종이호일 삼풍 친환경 종이보울 삼풍 친환경 종이접시 대 삼풍 친환경 종이접시 중 태광선식 퀴노아 곡미숫가루 토레타 과채이온음료 트롤리 올인원 젤리 트롤리 피자 젤리틱톡 젤리 믹스카리스웨트 이온음료 풍국면 들기름 막국수 후르트텔라 요구르트 핸드 쉘드 호두 질레트 프로글라이드 면도기 면도기날네이처 메이드 울트라 마그네슘 코스트코팜로드 더블치즈 케이크 미림 요리전용맛술삼립 촉촉한 꿀카스테라 페브리즈 더블액션 화장실비치형 박스테이프 갈색다우니 실내건조세탁세제백쿡 만능장아찌 간장소스베스트모먼트 돌체구스토 호환 미즈칸 쯔유청원 조청쌀엿프리미엄화장지롤안옥남 씻어나온 간편미역 해초미인 기장미역 브레프 변기세볼 레몬안옥남 숙성 다시마 웰킵스 황사 마스크소형웰킵스 황사 마스크대형안옥남 참미역 오뚜기 분 카레짜장미이랑 미국산 퀴노아 햇반 일찰잡곡밥 햇반 쌀눈가득 쌀밥 벨라민츠 무설탕 스피아민트 캔디뽀삐 점보롤화장지 롤알티지 울트라 오메가 글루코사민 슈퍼컴플렉스 실버 멀티비타민 칼슘 마그네슘 아연 피칸클러스터 아이리스 비말마스크사이즈유리아쥬 진피 청결제 종근당건강 생유산균포스트바이오틱스미이랑 캐나다산 병아리콩스파게티면파스타면 혼합 본죽 쇠고기 야채죽 셀렉스 밀크세라마이드 콜라겐솔리몬 스퀴즈드 레몬 블루 아가베시럽 브라운 전기면도기 세액밸런스밀 프로틴 쿠키 관장 홍삼현 팽성농협 아끼바레현미 미이랑 국내산 가바오색 현미 미이랑 국내산 찰현미 미이랑 국내산 찰흑미 미이랑 국내산 흰찹쌀보리 미이랑 캐나다산 귀리쌀 미이랑 국내산 체질균형식 종근당건강 코어틴 프로틴 볼 혈중콜레스테롤엔 폴리액티브멀티비타민 스카트 핑크 행주타월 롤라구 토마토 파스타 소스 길림양행아몬드 베스트 스키피 그레인 쿠키 샌드 트러플 엑스트라버진 올리브유 페브리즈 섬유탈취제 향균 크래프트스테이크소스 병바이엘 베로카 발포비타민 템테이션 반려묘 간식닭고기맛리스테린 구강청결제 쿨민트리스테린 구강청결제 그린티리스테린 구강청결제 검케어 관절연골엔보스웰리아마즈 스키틀즈믹스 생유산균프리미엄 병보노 옥수수알 콘스프무염 견과 스낵상하목장 멸균우유 라이온 아이깨끗해 프리미엄 핸드워시 리필청원 순창 조개멸치 양념된장 청원 토마토 스파게티소스 팁코 오렌지자몽 주스 팁코 케일믹스 과일주스 피지 항균 세탁세제허쉬 초콜릿드링크 스노우버디 휘핑클렌저 니트릴 다용도장갑키친타월 롤대웅제약 우루샷피스 골프공프리미엄 고양이사료유스 래스팅 아이크림 폴리덴트 의치세제먼투썬 주 메이지 마카다미아 초콜릿극세사 대형 세차타월 레몬민트 허브캔디 라이스퍼프 초코바 크리스피 초콜릿 남안동농협 고춧가루 뉴트로지나 딥클린 아크네밍 클렌저뉴트로지나 딥클린 젠틀밍 클렌저닥터포헤어 폴리젠 닥터포헤어 피토테라피 달담 쫀득한건망고더블유디 다목적방청 윤활제개동국제약 센텔리안 더 마데카크림 동아제약 써큐란알파 동원천지인 홍삼골드 듀라셀 울트라알카라인건전지듀라셀 울트라알카라인건전지듀라셀 알카라인 건전지듀라셀 알카라인 건전지디펜드 프리미엄 성인용기저귀 대형로레알 엑셀랑스듀오 염모제 롯데 자일리톨 오리지널르샤트라 섬유탈취제 피오니부케 마마스초이스 구운 오징어채 마마스초이스 황태 껍질 튀각 마즈 스니커즈 미니스 무코타 아이 헤어트리트먼트미이랑 국내산 율무쌀 바슈롬 오큐비전불스원샷 프리미엄 연료첨가제개 경유 휘발유비겐 크림톤 염모제사우어 벨트 젤리 삼풍 이중단열 커피컵삼풍 종이컵 샐러드토퍼 셀렉스 스포츠 웨이프로틴 드링크 솔가 에스터 비타민수려한 비책진생 윤 수액 수려한 비책진생 윤 크림 스머커스 미니잼 모음스카트 테이프크리너본체리필 롤스타벅스 브랙퍼스트블렌드에스프레소 블렌드하우스 블렌드 스트라이벡틴 어드밴스드 크림 아비노 바디워시자몽아이오페 슈퍼바이탈 크림크림에센스 아이오페 슈퍼바이탈소프너 안옥남 영양솥밥요리 종근당건강 올앳미카르니틴다이어트웨이더 조인트본컴플렉스유세린 안티에이징 에센스유세린 하이알루론 아이크림관장 홍삼진 현지크 합성엔진오일개질레트 프로글라이드 면도날질레트 프로쉴드 면도날질레트 프로쉴드파워 면도기참그린 식기세척기세제 차앤박 그린프로폴리스 앰플 캐스트롤 합성엔진오일개 알카라인건전지 알카라인건전지 알루미늄 쿠킹호일피넛버터 프레첼 크리넥스 마스크 대형 킴보 네스프레소 호환 커피 리쥬란힐러 턴오버앰플 삼성 블랙토너 삼성 블랙토너 삼성토너파랑삼성토너블랙삼성토너빨강삼성토너노랑파커조터 오리지날 볼펜 푸드엔씨 구운미니쥐포 피쉬트리 오사리안주멸치 피지오겔 페이스 앤 바디로션 하인즈 버거소스 한라식품 수참치액배스킨라빈스 딸기맛 우유주방용랩중형스카트 테이프크리너 리필 바닥용파이어폭스 바베큐숯바디 솝 비누티라이트 삼성 복사용지 사이즈트라몬티나 주방 가위 다용도 극세사타올장 차량용 세차걸레 테이블 냅킨글래드 프레스앤씰 직랩 옵티멈 뉴트리션 골드스탠다드웨이 단백질보충제 프링글스 더 오리지널 콜롬비아 원두커피성인용 언더웨어 입샹 달프 과일잼 종켄지파 크래커 카라멜라이즈 쿠키 고려은단 멀티비타민 올인원 세노비스프로폴리스 스프레이소형견 사료 영덕 게간장 소스맥심 모카골드 마일드 맥심 화이트골드 대림바스 샤워헤드필터 대림바스 필터 샤워헤드필터개포함삼립 오븐에 구운 버터도넛코스트코 올리브유 파래김장 돌김자반구운김밥김장 홈스타 바르는 곰팡이싹 볼빅 플라이온 선 골프공 피스 팬시피스트 애묘용 캔사료종 캔애경 울샴푸다용도 작업용장갑 소가죽 재질 끌레드벨 리프트 쿠션 본품 아토덤 보습 크림덴타인 페퍼민트 무설탕껌시트형 섬유유연제애견용 변패드 초코칩 쿠키스타벅스 원두커피 카페 베로나 스타벅스 원두커피 브렉퍼스트 블랙퍼스트블렌드 담터 율무차 인라이프 대용량 핫로얄티 루이보스티 설탕 크랜베리 아몬드쿠키 올게인 유기농식물성 프로틴파우더 쥴스 데스트루퍼 버터비스킷 나비스코리츠 크래커 린드세이 블랙올리브비제 갈색설탕 불스원에탄올워셔개메사나 파마산 치즈 듀라셀 울트라알카라인건전지듀라셀 울트라알카라인건전지미이랑 국내산 발아귀리 현미곡 센트룸 칼슘비타민미니 웰케어리턴업 전립소옥타코사놀 관장 홍삼 현 스타벅스 비아 파이크플레이스 스타벅스 아메리카노 불스원 그라스 디퓨저개볼빅 피스 골프공무광 색페레로 로쉐 초콜릿 볼 동원 고추참치 햇반 발아현미밥 햇반 이천쌀밥돌 복숭아컵우르오스 페이스바디 클렌져 블레이즈 발사믹 그레이즈 찹쌀다시마부각 비비고 사골곰탕진 양반 특전복죽 안옥남 국물용 다시유기농 사과당근 주스 크리넥스 데코소프트롤크리넥스 안심 키친타월롤스카치브라이트 도트 주방수세미스카치브라이트 옥수수그물망사수세미스카치브라이트 일회용 변기솔 크린스틱 베이킹소다 핸들 패드프로쉬 주방세제프로쉬 식기세척기세제스카치브라이트 베이킹소다 수세미 스카치브라이트더블액션걸레 핸들 청소포스카치브라이트 초강력 린트롤러 롤스카치브라이트 베이킹소다 청소포스카치브라이트 미세먼지 청소포일 헬스뉴트리션 셀렉스 웨이프로틴 마즈 스니커즈 펀 사이즈 카프리썬 오렌지망고 카프리썬 멀티 비타민 나인위시스 하이드라 앰플세럼 큐팁스 면봉카오 화이트솝 비누센카 퍼펙트휩 클렌징폼 페이셜 워시 스팸 클래식 캔티에스 스칼프 샴푸 실크테라피 수프림 트리트먼트 스팸 마일드 리큐 세탁세제드럼겸용 비트 세탁세제 샤프란 꽃담초 섬유유연제홈스타 욕실용클리너 윙크 위생 롤도마 지퍼락 버라이어티 냉장백 소형 미니지퍼락 스마트지퍼백 중형 지퍼락 스마트지퍼백 대형 태극제약 도미나스 크림 피지오겔 로션피지오겔크림실크테라피 골든앰플헤어에센스페리오 히말라야 핑크솔트치약쉬크 하이드로 커스텀 면도기면도날개아우라 건조기용 섬유유연제 프레쉬플로렐 피지 파워업 시트형 세탁세제 드럼겸용 아이리스켓용핫 아이리스 부착용 핫 스타벅스네스프레소 엘지생활건강 오가니스트비건퍼퓸 컨디셔너 스타벅스네스카페돌체구스토다우니 향균파워 섬유유연제뉴트리원 더콜라겐동아제약 미미막스 멀티비타민구미센트룸 멀티비타민구미지큐랩스트바이오틱스듀얼바이탈이뮨일분 액상 트루블루 프로폴리스스틱 아이시안루테인 지아잔틴 뉴오리진 유한백수오앰플 병한입전병 믹스 비엔나 병아리콩 스낵와사비콩 스낵종합 모나카 비첸지 웨하스 믹스 에스앤비 골든카레 운맛 상하키친 진들깨닭고기죽 이지쉐프 소이라구소스 오뚜기 초간편 감자전 믹스 백설 우리밀부침가루땅콩버터파우더 해찬들 태양초 고추장블랙올리브파마산치즈 건대추 건곤드레 나물 건고사리 무말랭이츄이 프로틴 바 오가니스트샴푸앤바디워시떢볶이의 신 짜장 라볶이 떡볶이의 신 즉석 라볶이팬시 믹스넛 비첸지 페스트리비비고 닭곰탕 크런치 롤러스 유기농 현미강 홈케어 친환경크 스카치브라이트 다용도 행주겸 청소포 페브리즈 내추리스 섬유탈취제 라벤더 스탠리 수공구종 남극크릴 오일 지큐랩 에스 신바이오틱스 유산균 포청원 로제 스파게티소스건망고 동원 면발의 신 원조생쫄면 트레핀 벨기에 버터토피 엑스트라버진올리브유 스프레이 유기농 살사소스 마즈 트윅스 미니스 미오 크리미 애묘간식 바우와우 애견용 혼합간식오뚜기 삼겹살소스 콤보 애견용 져키 오리 브라질 넛 스페니쉬 퀸 프리앤클리어 세탁세제 회분트라몬티나 거름채뉴오리진 에스트리션백수오 도리토스 나초 칩레이즈 클래식 류샤트라 섬유유연제 피오니부케프리토스 체다치즈디핑소스 카기 초콜릿웨이퍼믹스 페이머스 데이브즈 콘브레드 믹스 광동 돼지감자차 네슬레 프루팁스벨먼 스크럽 바디워시 콜라 태양의 식후비법차 온가족 누룽지미니 파워에이드 이온음료 히츨러 히치스 오리지널던킨 네스프레소호환 미이랑 국내산 서리태 미이랑 국내산 적두 팥미이랑 국내산 찰기장쌀 미이랑 국내산 찰수수쌀 크리넥스 수프림 소프트롤일품채 표고채 솔가 관절 엠에스엠에센셜그래놀라 켈로그 리얼 그래놀라 썬키스트 석류 젤리 스틱 코스트코썬키스트 밀크씨슬 프리미엄코스트코자석파스 피프 에레키반 듀얼 바이탈 이뮨액상멀티비타민네이쳐스프렌드 체다 까망베르 치즈쿠키 클렌징워터 건성용 지복합성용메이크프렘 클렌징밀크허브솔루션 토너 젤타입 뉴트로지나 레인바스 샤워 젤 글락소스미스클라인 피지오겔 바디로션히말라야 너리싱 수분크림 동국제약 센텔리안 마데카 크림 액티브 스킨뮬러세타필 모이스춰라이징 크림 을지로 노가리 고추장함 태광선식 서리태 귀리쉐이크 상하키친 버터 치킨 카레 양반 갈치 조림 크리넥스 마이비데 물티슈 캡형총 화장실용센텔리안 멜라캡쳐앰플 로레알 엘세브 헤어오일 로즈향에그파스타 네슬레 폴로 오리지날 덴탈라이프 캣트린 연어치킨 마장농협 이천쌀 미이랑 국내산 찹쌀 파주농협 아끼바레쌀 팽성농협 고시히카리쌀 플립즈 미니초코 프레첼 세타필 모이스춰라이징 로션오트밀 찰옥수수맛 올가니카 제주감귤칩 일유업 셀렉스 생활건강 다용도세티슈 닥터지 그린마일드업선 삼육두유 아몬드음료 유한킴벌리 그린핑거 선케어카라멜아몬드캐슈세이프온선쿠션리필퍼프리플린 스톱워치상하목장 얼려먹는 아이스크림 에스디푸드 라바쑥쑥구미 올게인 프로틴바이오틱스 올게인 프로틴 쉐이크월드그린 국내산 백태 차량용 햇빛가리개 전면개측면개청원도씨유가염 볶은 아몬드 리치 펌핑치약 스낵 버라이어티 플랙커스 어린이 치실피지오겔 선크림 로션홈케어 스푼닥터피엘 퓨어팟 자동변기 세기소낙스 세차 샴푸 체리봉봉 곤약 젤리 믹스 듀오락스트바이오틱스 벌꿀리스테린 구강청결제 헬씨브라이트예인수산 한번더 구운먹태 허쉬 후퍼스 밀크초코볼포카리스웨트 분말 던킨 스틱커피 소스락 칼칼육수 델몬트 후르츠 스낵 믹스 프렌치로스트 원두 아모스 노크식 수테이프 아이스티 복숭아 아쿠아크러쉬 투명컵 뚜껑빨대 닥터그루트 애딕트 샴푸 크리스탈라이트 핑크 레모네이드 이지엔 주방용랩 대형 이지엔 주방용랩 중형 립톤 아이스티 복숭아맛 이모지 파티 캔디 믹스 바이엘 원어데이 컴플리트 멀티비타민스톤릿지 오차드 건체리 트라몬티나 다용도 집게식품 국산콩 진한콩국 메모리폼쿨젤 허리보호쿠션메모리폼쿨젤 나비목쿠션이롬 야채과일백설 해물파전믹스 맥코믹 레몬버터딜소스 비비고 스팸 부대찌개 도씨유종근당건강 락토핏 생유산균해들원 캐나다산 카무트 올가니카단백질 쉐이크뿌띠슈 해피데이 트위스틱스 애견용 덴탈스틱올데이 블렌드 크래프트하인즈 플랜터스 버라이어티프리파라 오일 스프레이 도밍고 꿀홍차 허쉬 너겟 초콜릿 캘러웨이골프공폴라초이스 스킨퍼펙팅 바하리퀴드유시몰 치약 넥스케어 밴드혼합형웰크론마스크 대형화이트러버랩 니트릴장갑 어부가 황태채 오뚜기 맛있는밥 발아흑미 해우랑 손질한 황태채넥스케어 블레미쉬 커버 삼성 복사용지 사이즈오리온 꼬북칩 초코츄러스 삼립 이즈니버터 와플 모노큐브 랩탑 스탠드 접이식거치대건강백서 애견사료 말티즈 푸들 엘지생활건강 피지오겔 바디워시한미헬스케어 비타민 구미젤리 케미칼 화초보약식물영양제백제일월풍면 파곰탕면 쌀국수 플라스틱접시 한스킨 히알루론 에센스크리넥스 안심물티슈 휴대용 애경순샘 직워시 식기세척기 액상세제 아로마뷰 옐로우가든 섬유유연제농심테토 칩 찜기 디종 머스타드 세노비스 히알루론산 병뉴트리나 비스트로 애묘사료 롯데 빼빼로 모음백설 유기농 부침가루 휴슨 넛 슬라이스 아몬드 오뚜기 양념치킨소스 머슬팜 컴뱃 단백질 보충제 동원 꼬막 비빔 키트베비언스 유아용 물티슈 캡형 눅스 리치오일 고로고로 테이프크리너본체리필고로고로 테이프크리너 리필 침구용 또는 바닥용오데이 설화병 제일제당 리턴업 전립소 쏘팔메토 벨라민츠 스피어민트 무설탕껌돈시몬 레몬에이드스마트후룻 과일퓨레 그린스마트후룻 과일퓨레 트로피칼까만 숭늉차 까늉 프라이웰 바디케어 오일 도루코 주방가위 세노비스 밀크씨슬 올가니카 꿀 담은 홍삼절편 액체세탁세제 겸용 바이엘 베로카 발포 발포비타민울트라 슈퍼 오메가비타민클럽세노비스 프로폴리스개월분 세노비스 트리 우먼 멀티비타민미네랄 울트라클린세제 회분엔젯오리진 크릴오일 화이트는 오버나이트 카프라이스 클래식 헤이즐넛 코코아 웨이퍼롤 츄어블 그린프로폴리스파워업세제 둘코화이버 구미 사과맛 망고맛딜론 다용도 화장솜 파워풀엑스 리커버리크림 박찬호크림 세노비스 마그네슘 세노비스 달맞이꽃 종자유 세노비스멀티비타민 미네랄 세노비스 트리맨 멀티비타민미네랄 테팔 티타늄프로 웍프랑스산그라놀라 시리얼 뉴트리원 르시크릿 초유 콜라겐 프로틴비비고 고등어 시래기 조림 켈로그 크랜베리 아몬드 그래놀라 켈로그 라이스크리스피 트리츠 미이랑 오트밀 켈로그 현미 푸레이크 켈로그 아몬드푸레이크 켈로그 첵스 초코콤보 포스트 오곡 코코볼스트 콘푸라이트 제네럴 밀스 프루티 럭키참스 뉴트리원 모나코사놀 와이즈넷 무선 보안카메라 바이오 피부면역 생유산균다이제스티브 투 고다크초콜릿 비스킷 코스트코웨이더 뉴트리션 프라임맨 오브파워 켈로그 스페셜레드베리 실크테라피 헤어에센스 페퍼리지팜 초콜릿 천크 쿠키비첸지 쿠키 콜랙션 식물성 피부유산균라메르풀라 쿠키셀렉션 틴 스위스 미스 핫 코코아 믹스 마시멜로 스위스 미스 핫 코코아 믹스 밀크 초콜렛 예산농협 삼광쌀 일 셀렉스 일 셀렉스코어프로틴 뉴트로지나 딥클린밍 클렌저버버리 위크앤드 향수 한미 헤파케어골드 밀라노 다크 초콜릿 쿠키페퍼리지팜 밀라노니베아 데오드란트스프레이 롤온한국멘소래담 쿨링리프롤온로션코베아 헤스티아 토치농심 김치 사발면 스팀베이스 스팀 아이 마스크 캐릭터 볼펜 타키스 푸에고칩 아디다스 피날레 축구공 호 수필터 콘에어조명거울 저소음 모던 벽시계보이로 전기방석데리야끼 소스 조리도구 스팔딩 골드농구공 도마 락앤락 무스 컬러텀블러 브리타 맥스트라 필터개좋은느낌 유기농순면 라이너 롱 일반좋은느낌 좋은순면 맥시 슬림날개 중형 대형좋은느낌 유기농순면 울트라슬림 날개 소형 중형레고 크리에이터 악어레고 씨티 경찰서와 소방서 이집션직 보습크림 더블유드레스룸 핸드크림 홈워시 홈 드라이화이트 순면 탐폰 슈퍼레고씨티 공사트럭과 레고프렌즈 하트레이크아베다 샴푸어너처링 샴푸 락앤락 보온도시락휴대가방함 리듀스 보온보냉병아소부 머그컵 양키 캔들프리즘 데스크램프 타임리와인드 아이크림뉴트로지나 바디오일 세노비스 루테인오메가 세노비스 토탈케어 세노비스 울트라오메가 세노비스 칼슘비타민 세노비스 수퍼바이오틱스 세노비스 멀티비타민 미네랄 세노비스 멀티비타민 미네랄 세노비스슈퍼바이오틱스세노비스 메가필라 게이밍 헤드셋 캐릭터 볼펜 웨스트 콧 전동연필깎이 캐릭터 볼펜 사각파우치 뉴트리원 루테인지아잔틴 뉴트리원 맥주효모 골드 뉴트리원 알티지 오메가 뉴트리원 트리플업 보스웰리아 시니케어 프로폴리스 마우스 스프레이시니케어 프로폴리스치약시니케어 프로폴리스시니케어 힐밤 시니헬스 오메가 동원홈푸드 히말라야 핑크솔트 그라인더리필 종이나라 색종이 제트스트림 볼펜 유키하라 다시냄비 로레알 엘세브 헤어 오일관장 홍삼현종근당 생유산균 페리오 치간칫솔케이스개맥스 클리닉 오일 투 폼클렌저니올리아 네올리아 올리브오일비누 글락소스미스 폴리덴트 의치세제 보관함실크테라피 샤인 트리트먼트 슬라임 동국제약 센텔리안 마데카 바이탈 세럼김문 알로에 큐어알로에베라겔크림 엘지생활건강 오가니스트샴푸앤바디워시쉬크 인튜이션 제모기 면도기개 면도날개티젠 에너지티 페리오 히말라야 핑크솔트 치약오랄비 프로플렉스 칫솔페리오 초극세모 칫솔 깨끗한 나라 휴대용 촉촉한 티슈유한킴벌리 화이트 에코프레시 중형또는 대형 질레트 퓨전 프로글라이드젤질레트 프로글라이드 파워 면도기 질레트 프로글라이드 파워 면도날질레트 스킨텍 플렉스볼 레드씰 어린이 치약던킨 드립백커피 유동 순살 왕꼬막유러피언쿠키 라고 미니 파티 와퍼로카 치즈 비스킷 생미쉘 프렌치 도넛프로쉬 식기세척기 세제팝살롯 팝콘 버라이어티오테이스트 우거지뼈해장국 신화당 인절미 스낵 디아지아 테이블 커버한스킨 클렌징 오일건성 중지성 복합성스카트 블루행주 타월 롤더블유드레스룸 퍼퓸 오뚜기 초간편 감자전 믹스 페브리즈 항균 깨끗한향 리필 고속무선충전기 고속 충전트 케이블개로지텍 블루투스키보드 블랙 화이트하빗 보조배터리 더블유드레스룸 퍼퓸 참존 징코 클렌징티슈 장개 장개블랙앤데커 핸디 청소기 핸드드립 커피필터 장불스원 크리스탈듀얼코트개불스원 레인 스피드 발수코팅 더블유디 다목적방청 윤활제 소낙스 왁스 미세 흠집 제거제 왁스용스폰지포함오프 보태니컬 스프레이 모기기피제작업등 피스 청원 통현미식초 시분 흑당 버블 밀크티 너즈 로프젤리 레인보우 스위토리 밀펑 초코볼낼리 베이비 딜 피클 크리스탈라이트 핑크 레모네이드 킨더조이 보이걸티젠 보이차 워터믹스 백제 당초 밀면 백제 도토리 비빔막국수 스위트 칠리 소스 마스 믹스드 미니즈 스팽글러 덤덤 팝스 진저젤리믹스폴로 오리지날 허쉬즈 리세스 틴 마즈 스키틀즈 펀사이즈 커피명가 올굿블렌드 뉴트리션 앤 테이스트 홍삼캔디수 메가맨 우먼스울트라오메가 밀크씨슬 동원 하루기초 초록입홍합 환 뉴트리움 유기농 멀티비타민 라미 볼펜 샤프 네츄럴코어 애견애묘 미트스틱 세타필 모이스춰라이징 로션피스 골프공 유기농 초콜릿 틴 김정문알로에 큐어인텐시브크림닥터지 레드블레미쉬 수딩크림 린도르 볼 초콜릿 마즈 몰티져스 버켓아카시아꿀 옐로우콘 토티야칩스 유리아쥬 립밤 스틱 레브르 이니스프리 그린티씨드세럼 토티야 칩스 젤리빈 가지 맛 팁코 그린주스 청소화기 청가스계스카치브라이트 다용도 세티슈 보쉬 익소멀티 드라이버 청소도구 홀더 투명 문풍지 하이츄 버라이어티 불스원 김서림방지 스프레이개농심 새우탕면튀김우동 소나텍 익스트림나노 엔진코팅개농심 신라면 봉농심 신라면 건면 봉농심 신라면 볶음면 봉농심 신라면 소컵 농심 너구리 봉오리엔트 원목 벽시계 지름팔도 왕뚜껑 농심 육개장 사발면 오뚜기 진라면운맛 용기 오뚜기 진짬뽕 소컵 농심 올리브짜파게티 오뚜기 참깨라면 컵 캐스트롤 엔진오일합성유브라이트탑 차량용부동액 코리아 틈새막이테이프 털실형형다목적 단롤링카트 단순생활 무선 미니 가습기지라프 휴대용 가스렌지켄트 패들쿠션 브러쉬던킨 원두커피던킨만원상품권레노오토 세차 양동이 맥심 슈프림골드 커피믹스 개별 멀티탭아이스토리 차량용 스마트폰 무선충전거치대에코 사각형 쓰레기통 카피탈리 네스프레소 호환 지프 크리미땅콩버터비달사순 헤어드라이어 스타벅스 윈터블랜드 원두커피 농심 안성탕면 무아스 체성분 체중계본죽 제주안심 고추장조림올리브유 옥돌김 허니체 크리미 헤어마스트비에날씬에스 다이어트유산균 섬유유연제 라벤더 아토덤 보습크림 섬유유연제 후레쉬네슬레 킷캣 팝스 센텔리안 마데카 멜라캡쳐앰플비비드 키친 콘스프 인쉘 마카다미아 곰표 후라이드 오징어튀김 풀무원 평양 물냉면 젤리빈 축구공 젤리 백설 유기농 부침가루프루팁스상하목장 멸균우유 츄파춥스 믹스캔디 양반 단호박죽 양반 프리미엄 통단팥죽초코칩 쿠키 파주농협 참드림쌀 엘지생활건강 오가니스트 컨디셔너 까리떼 블랙솔트 타르트 믹스 마즈 몰티져스 초코볼 다우니섬유유연제한스킨 클렌징 오일 생활공작소 거품형 향균핸드솝아로마티카 로즈마리 샴푸 페레로 킨더맥시 초콜릿킨더 부에노입프로폴리스 리퀴드 니베아 헴프씨드 바디로션
​
커클랜드 프리미엄 화장지 휴지 3겹40m30롤 블루베리 베이글 6개입 X 2팩 프로쉬 알로에베라 세탁세제 6L 암앤해머 베이킹소다 6.12kg 크리넥스 데코앤소프트 화장지 30롤 3겹 40m 커클랜드 울트라클린 세탁 세제 5.73L 피지 세탁세제 120매 커클랜드 종이타올타월 160매 워커스 어쏘티드 토피 초콜릿 1.25kg 스카트 크리넥스 빨아쓰는 행주 100매 부샤드 다크초콜릿 부샤드 씨솔트 초콜릿 오레오 쿠키 32팩 대용량 1.6kg 커클랜드 시그니춰 밀크초콜릿 아몬드 1.36kg 넬리 알칼리 드럼세탁기세제 가루 100회 프로쉬 식기세척기 세제 72개입 베이킹소다 올인원 대용량 신라명과 참깨 햄버거빵 70g x18개 커클랜드 울트라 클린 캡슐세제 24g 152개 프로쉬 주방세제 3L+펌프2개 미니 프렌치롤 생지 6개 x 4팩 퍼실 디스크 캡슐세제 어드밴스드 고농축 세탁세제 60개입 스위스미스 핫 코코아 믹스 28g 60개입 커클랜드 시그니처 울트라 클린 캡슐세제 140개입 프링글스 미니 사워크림 어니언 19g, 30개 피지 세탁세제 120매 종이 농심 과자 새우깡 스낵 박스 자갈치 포스틱 꿀꽈배기 5가지맛 미니 봉지 과자 세트 36개입 신라명과 호밀빵 식빵 샌드위치 건강 곡물 식전 식사 빵 코스트코 215g x 4개입 몰티져스 밀크 초콜릿볼 528g 개별포장 대용량 코스트코 초콜릿 신라명과 샌드위치식빵(대) 880g x2 홈스타 욕실용 클리너 750ml 4개 리터스포트 초코 큐브 608g 크리넥스 안심 3겹 키친타올 160매 x 12롤 스모어 오갓멜로 크리스피 쿠키 230g 스카트 크리넥스 핑크 위생 행주 빨아쓰는 행주타월 키친타올 45매 x 6롤 초코렛칩머핀 6개입 + 블루베리머핀 6개입 프레첼 갈릭버터 맛 위너스 봉지과자 85g 대만 누가 크래커580 g(14.5g X 40개) 과자 피넛버터 프레첼 커클랜드 프레즐 대용량 미니 1.56kg 땅콩버터 피넛버터 수입과자 오뚜기 뿌셔뿌셔 불고기맛 95g x 16개 디너롤 36개 오리온 카스타드 대용량 23g x 48개입 커클랜드 식기세척기세제 울트라샤인 115팩 피타 브레드 냉동 빵 100g x 6개입 허쉬 미니어쳐 초콜릿 1.58kg 커클랜드 케틀 핑크솔트 감자칩 907g 미니 초코 크리스피 1kg 프렌치 버터크라상 12CT 크로와상 무궁화 키친솝 주방세제 4L + 700ml 포도숙성초 삼립단팥빵 85g 20개 코스트코 프렌치 트러플 초코릿 1kg 길리안 씨쉘 초콜릿 500g 신라명과 허니버터 카스테라 35g x 18개 대만 누가 크래커 샌드위치 비스킷 435g 30개 카디나 크리스피 프라이스 감자스틱 600g 슐츠 프레첼 프레즐 2.72kg 커클랜드 울트라클린 액체 세탁 세제 5.73L 삼립식품 샤니 로만밀 식빵 메이지 마카다미아 초콜릿 63g 6개 코스트코 동전 초콜릿 300g(60개) 커클랜드 토티야 칩스 나초 나쵸칩 트러플 하몽 크래커 블랙 트러플 1.16KG 29G X 40개 슈가버블 애플 주방세제 4L+940ml M&M 엠엔엠즈 펀 사이즈 믹스 초콜릿 1662g 라브아 비건 고농축 캡슐세제 60개입 신라명과 달콤바삭 크룽지 25g 15개 신라명과 마드레느 마들렌 15G x 36개 540g 타오케노이 빅롤 김과자 3g x 56개 키친솝 포도 숙성초 주방 세제 4.0L 페레로로쉐 초콜릿 600g 48개입 오데이 누가 샌드위치 크래커 435g (14.5gx30봉) 홈워시 파이프크린 5L 커클랜드 버라이어티 쿠키 24개입 삼립 오븐에 구운 버터 도넛 40G x 20 Merci 메르시 초콜릿 셀렉션 675g 삼립 미니 소프트치즈케익 40G x 20개 Guylian 오리지널 씨쉘 초콜릿 500g 브레프 레몬향 변기세정볼 12개 킨더 초콜릿 맥시 21g 36개 크리넥스 각티슈 250매 x 8개 스위스 토블론 타이니 656G 스위토리 체다 까망베르 치즈쿠키 60g X 24봉 농심 스낵 모음 30g x 36개 코스트코 달톤 화이트 식초 5L x 2개입 킷캣 오리지널 삼립 추억의 옛날 꿀호떡 560gX2 1.12kg 태국 구운 코코넛칩 40g 숲속의샘 주방세제 15L 부르봉 알포트 초콜릿 775g 농심 포테토칩 390g 트윅스 미니 초콜렛 1400g 바삭하고 구워만든 고구마칩 켄지 파 크래커 15gX42 파워브라이트 캡슐 세제 180개 신라명과 오리진 단팥빵 47g x 20개 것플렉스 두부 현미 스낵 라 아부엘라 니에베스 감자칩 150g x 6봉 MARS 콤보스 체다 치즈 크래커 테이블 냅킨 330매 x 4개 커클랜드 랩노쉬 단백쿠키 20개입 뚜부 크래커 50g x 7 틴인틴 비스켓 1332G 포션 버터쿠키 18g x 25개 삼립 미니 생크림 보름달 45g×21 커클랜드 고농축 복합 세탁세제 12.7kg 프링글스 오리지널 19g X 60봉 프릴 (헨켈) 베이킹소다 주방세제 3L 레몬향 오리온 초코파이 정 대용량 72개 더다믐 코스트코 김칩스 240g 켄지 크리스피 고프레 바닐라 / 초코 630g 트로피칼필드 크리스피 코코넛롤 400g 오리온 비쵸비 과자 750g 액츠 데오후레쉬+베이킹소다 3.5L 롯데 빼빼로 모음 644g NABISCO 나비스코 프리미엄 솔틴크래커 1.36KG 해태 홈런볼 128g x 6개 잭슨스 고구마칩454g 크리넥스 뽑아쓰는 핸드타올 종이 타월 250매 4팩 스낵야드 표고버섯 칩 300G 오리지널 스트룹 카라멜 와플 1260G 진새우 오리지널 새우스낵 4개 70g FRITO LAY 도리토스 나초 칩 850G / 30OZ 파피스 벨지안 카라멜라이즈 쿠키 300개입/ 벨기에 커피 과자 슈가버블 과탄산소다 표백제 HBAF 먼투썬7주 980g 뽀삐 점보롤 화장지 600M x 4롤 마마스 초이스 리얼 닭가슴살 칩 210G
​
커클랜드 시그니춰 전자렌지팝콘 아보카도 오일 1L 엑스트라버진 한우물 통새우볶음밥 커클랜드 언솔티드 무염 믹스넛 1.13kg 커클랜드 시그니춰 생수 수지스 그릴드 닭가슴살 1.25kg 코스트코 양념 소불고기 벨기에 커피사탕 낼리스 베이비 딜 피클 커클랜드 유기농 엑스트라버진 올리브유 2L 커클랜드시그니춰 드라이시트 시트형 섬유유연제 다용도 극세사 타올 40x40cm 36개 맥코믹 어니언 크림 드레싱 소스 1000g 커클랜드 KRIKLAND 울트라 소프트 섬유유연제(라벤더) 4.4L 테라로사 올데이 블렌드 미디엄로스팅 홀빈 블렌딩 원두커피 1.13kg 미니 브리 치즈 375g 오스트레일리안 보태니컬 비누팩 8개입 커클랜드시그니춰 구운 재래김 커클랜드 시그니춰 베이컨 454g 커클랜드 유기농 땅콩버터 793.8g 제너럴밀스 시나몬 토스트그런치 702g x 2개 해쉬브라운 감자 1.2kg 둘이 함께 먹는 매일견과 아몬드호두 견과, 1.2kg 커클랜드 몬테리잭 치즈 907g 커클랜드 시그니춰 냉동 블루베리 2.27kg C-WEED 두 번 구운 감태김 8G X 10 커클랜드 시그니처 엑스트라버진 올리브오일 토스카노 C-WEED 예맛 구운 곱창돌김 170G 올리브오일 퓨어 올리브유 커클랜드 3L KAO 카오 식물성 비누 12개 커클랜드시그니춰 콜롬비아 그라운드 커피 통새우 완탕 154gx8개 KFI 버터 치킨커리 소스 650ML 비피 Biffi 바질 페스토 pesto 소스 700G 커클랜드 솔티드 가염버터 227g x 4EA KIRKLAND 커클랜드 시그니처 아몬드 가루(미국산) 1.36kg C-WEED 올리브유 파래김 40Gx8_96매 맥심 화이트골드 커피믹스 담터 쌍화차
​
코스트코세일 코스트코피자 코스트코추천 코스트코에서 꼭사야할것 코스트코버터 코스트코할인상품 코스트코소분 코스트코컴퓨터 코스트코고기 코스트코치즈 코스트코추천템 코스트코연어손질 코스트코휴무일 코스트코온라인몰 코스트코회원권 코스트코추천상품 코스트코할인 코스트코영업시간 코스트코상품권 코스트코회원권 코스트코 코스트코추천상품 코스트코올리브오일 코스트코영업시간 코스트코타이어 코스트코상품권 코스트코추천 코스트코온라인몰 코스트코휴무일 코스트코세일 코스트코 코스트코정보세일정보 코스트코에서꼭사야할것 코스트코추천 코스트코치즈 코스트코고기 코스트코추천템 코스트코다이어트 코스트코갈비살 코스트코간식 코스트코고기소분 코스트코갈비살소분 코스트코그릭요거트 코스트코고기추천 코스트코가격표에숨겨진비밀 코스트코과자 코스트코감자수제비 코스트코냉동야채 코스트코뇨끼 코스트코낙곱새 코스트코냉동식품 코스트코냉동새우 코스트코냉동피자 코스트코닌자블렌더 코스트코냉동 코스트코디저트 코스트코다짐육 코스트코다이어트추천템 코스트코드라이기 코스트코닭다리살 코스트코등갈비 다이어트코스트코 코스트코베이글 코스트코다짐육떡갈비 코스트코레몬즙 코스트코로스트치킨 코스트코로티세리치킨 코스트코라자냐 코스트코올리브오일 코스트코추천상품 코스트코신상 코스트코필수템 코스트코연어 코스트코상추 코스트코쇼핑 코스트코영양제 코스트코아이폰",https://blog.naver.com/clublsy/224262373335,코코바로,20260423,2026-04-27 16:35:03
세븐일레븐 쿡인페이퍼 즉석오징어짬뽕,00,ㅡ중국의 태국와 일본의 베트남이 서구의 미스사이공와 유성구의 ‘EAT MY THAI관계가 &amp;교동짬뽕의 캄보디아‘HALLA….등등에서의 한중일관계에 (베트남태국캄보디아미얀마라오스)... ,"[네이버 블로그] 금호김영집
https://m.blog.naver.com/yjsjhs
https://m.blog.naver.com/arangjoeul
https://m.blog.naver.com/bwiwd
​
https://youtu.be/ULsPY9XhTfA?si=F3VZb-9VUe9CUiZ8
​
1/2
​
https://story.kakao.com/kumhokyj/3TJynn3N7n9
​
https://story.kakao.com/kumhokyj/iPHu6RSNdPa
​
https://story.kakao.com/kumhokyj/I16UZV5ldPa
​
ㅡ(게임 회사 Arcade Lab의 벽돌 깨기 게임. 알카노이드 )Game오락의 벽돌깨기와 [ 1999년 국내 최초 온라인 게임 포털로 시작된 NHN의 게임 포털 사이트. 넷마블과 더불어 한국형 게임 채널링 포탈의 선구자. 주 수입원은 고포류(고스톱,포커) 19금 사행성 게임 ]한게임Hangame /,
“ 쇼 흥행(Show Success 1)마술사; 일반적인 카드/도구 마술에 대형 풍선 들어가기, 신체 묘기 등 서커스 요소 결합된 퍼포먼스. 어린이 대상 서커스 마술쇼. 파주운정행복센터 등에서 공연 &2)차력사; 1970년대 후반 도심의 약장수들이 흥행 수단으로 공연. 무술 고단자들이 눈을 혹하게 하는 마술적 요소와 근육의 힘을 결합하여 구경꾼을 모으는 방식으로 발전 “에서의, ‘마술사의 카드’도구’마술’와 ‘차력사의 벽돌깨기’ /,
[ 벽돌와 보도블럭, 건설에서의 “ 건축‘담장’벽체의 벽돌와 토목’도로’보도의 불록 “Brick or BLOCK ]테라스Brick paver patio: 벽돌 보도블럭 테라스‘와 진입로Brick paver driveway /,
보석이나 장식용, ” [ 인조 다이아몬드(Lab-grown/Created diamond; 실험실에서 단기간에 생산되어 가격이 저렴하고 윤리적 )와 천연 다이아몬드{ Natural/
Mined
diamond; 지구 내부에서 수십억 년간 생성되어 희소성과 역사적 가치가 높음. /안조와 물리적·화학적 구조는 동일하여 육안으로 구분이 불가능 ]“, ( 의류에 붙이는 작은 반짝이는 ]다이아몬드’CZ(Cubic Zirconia)‘보석류Rhinestone라인스톤’와 ( Cubic'만 사용하면 )’cubic crystal‘ /,
Jenga blocks‘와 [ 1932년 덴마크 목수 올레 키르크 크리스티안센이 설립한 목공소에서 시작. 1949년 플라스틱 블록 생산을 거쳐 세계적인 장난감 브랜드로 성장. /덴마크어 'leg godt'(잘 놀다)에서 유래. 1958년 현재의 결합 시스템(스터드 앤 튜브) 특허를 획득. 무한한 상상력'을 상징하는 브랜드 /덴마크의 블록 장난감 회사. 정식 기업명은 레고 그룹(The LEGO Group), 회사 이름이자 완구 이름 ]레고‘LEGO BLOCK’ /,
강원도 춘천시 하중도길 128, 레고랜드 코리아 리조트. 2살부터 12살의 어린이를 주요 타겟으로 하는 덴마크의 레고를 대표하는 놀이공원‘테마파크레고랜드 코리아 리조트‘테마파크 ]레고랜드‘Legoland‘ /,
[ 한반도의 (개마’진안)고원와 스코틀랜드에 위치한 고산 지대. 스코티시 하이랜드. 그레이트브리튼섬 최북단에 위치. ]하이랜드’Highland와 “ (대전중구대흥동의 )LALA LAND’와 (대전유성구봉명동의 )RARA LAND’ ” &/,
[ 원룸형 도시형 생활주택 및 오피스텔 단지, “ 대전유성구 봉명동640-3‘676-3번지 2차‘3차아파트 &대전유성구 온천2동 문화원로 107 1차 ” ]하이랜드’Highland.
​
>>“ Jenga blocks 또는 wooden blocks ”
>{ cubic(or cubic crystal) }Jenga blocks: 정육면체 모양(cubic crystal)이나 부피(3차원)를 의미. 3x3 큐브(루빅스 큐브)를 맞추는 과정으로, 면이 아닌 층(Layer) 단위로 접근하는 것이 핵심.
> Wooden blocks: 젠가 나무 블록: 54개의 원목 블록을 3개씩 엇갈려 18층으로 쌓은 뒤, 한 손으로 블록을 빼내 맨 위에 올려 탑을 높이는 보드게임
>>Wooden planks: 직육면체 모양의 조각을 의미할 때, 나무 판자/블록,
> >Stacking blocks: 쌓는 블록
​
ㅡ건설에서의 벽돌와 블록.
>>벽돌
심미적이고 내구성이 뛰어나 건물 외벽(외장재)으로 주로 사용
>>블록
시공이 빠르고 공사비가 저렴하여 담장, 옹벽, 내부 가벽 등 구조재로 사용.
ㅡ건축 자재에서 벽돌(Brick)과 블록(Block)의 가장 큰 차이점 크기, 재료, 그리고 내부 구조.
>>블록; 일반적으로 벽돌보다 훨씬 큼. 일반적인 콘크리트 블록‘높이 8인치, 길이 16인치의 규격.
>>벽돌; 주로 점토(흙)를 높은 온도에서 구워 만듬. 블록;시멘트와 모래(콘크리트)를 섞어 틀에 찍어냄.
>>구조: 벽돌; 보통 속이 꽉 찬 직사각형 형태 /블록은; 가운데에 구멍(중공)이 있는 경우가 많음. 이 구멍 사이로 철근을 넣어 구조를 보강할 수 있다는 것이 블록의 장점.
>>특징 및 용도
벽돌 (Brick): 내구성와 미관성이 좋음. 주로 건물외벽이나 장식용 사용. 작기 때문에 정교한 작업이 가능, 시공 속도는 상대적 느림.
블록 (Block): 크기가 커서 벽을 쌓는 속도가 빠르고 경제적. 주로 창고, 담장, 건물의 기초 벽체 등 실용적인 목적으로 자주 사용.
​
ㅡ도우넛(Donut 또는 Doughnut)와 구름(Cloud, 雲:구름 운) /바람(Wind, 風:바람 풍)와 풍차(Windmill, 風車:바람 풍, 수레 차/차) /파도(Wave 또는 Wavelet, 波濤물결 파,큰물결 도)와 물결(Wave 또는 Ripple, 波물결 파) /[ 폴 칼라니시의 책《숨결이 바람 될 때》; 미국 신경외과 의사 폴 칼라니티가 쓴 논픽션 자서전. 그의 삶과 4기 전이성 폐암 투병을 담은 회고록. 2016년 1월 12일, 랜덤하우스에서 사후 출간 /서른여섯 젊은 의사가 남긴 2년 간의 기록.서른여섯, 전문의를 앞둔 신경외과 레지던트 마지막 해. 하루 열네 시간씩 이어지는 혹독한 수련 생활 끝에 원하는 삶이 손에 잡힐 것 같던 바로 그때 맞닥뜨린 폐암 4기 판정. 『숨결이 바람 될 때』는 신경외과 의사로서 치명적인 뇌 손상 환자들을 치료하며 죽음과 싸우던 저자가 자신도 폐암 말기 판정을 받고 죽음을 마주하게 된 마지막 2년의 기록을 담은 책이다. 2014년 1월 《뉴욕타임스》에 기고한 칼럼 ‘시간은 얼마나 남았는가’는 엄청난 반향을 일으켰는데, 여기서 그는 죽음을 선고받았지만 정확히 언제 죽을지는 모르는 불치병 환자의 딜레마를 절실히 표현했다. 죽음을 향해 육체가 무너져 가는 순간에도 미래를 빼앗기지 않을 확실한 희망을 잃지 않았던 그는 이 책에 죽어가는 대신 살아가는 것을 선택한 고뇌와 결단, 삶과 죽음, 의미에 대한 성찰, 숨이 다한 후에도 지속되는 사랑과 가치를 독자들에게 전한다. /息(쉴 식)입니다. '숨', '숨을 쉬다'를 뜻하며, 鼻(코 비)의 생략형과 心(마음 심)이 합쳐져 코로 마음을 쉬게 한다는 의미를 담고 있습니다. 주로 호흡(呼吸) 등의 단어에서 숨을 의미 /숨결'의 '결'은 고유어 접사로, '잠결', '꿈결'과 같이 '그 상태에 있는 동안'을 뜻 ]숨결 한결 물결(파동‘파도‘웨이브Wave) 새물결 은결 &, 한길 한샘 한우물 물길‘ㅂ수로
​
ㅡ” 급할수록 돌아가라( 일이 급할수록 조급하게 서두르지 말고, 침착하게 여유를 가지고 차근차근 처리해야 도리어 실수가 없고 결과적으로 더 빨리 일을 마칠 수 있다) “와 “ 급히 먹는 밥이 체한다(속담은 서두르면 일을 그르치거나 예상치 못한 탈이 날 수 있다) ” &“ 돌다리도 두들겨 보고 건너라(잘 아는 일이나 튼튼해 보이는 것도 철저하게 확인하고 조심해야 실수하지 않는다) ”와 ‘아니 땐 굴뚝에 연기 날까(원인 없는 결과는 없다.
​
https://www.facebook.com/share/1DtDv6UAf9/?mibextid=wwXIfr
​
ㅡ옹심이&순심이가 현대농산’메밀칼국수와 KH’O2피싱‘훅염소관계가 갈라져 같은(과거의 수목토)수목와 정원’건설관계가있음에도, 대전THE와 세종TH가 다툰다.
​
[네이버 블로그] 금호김영집
https://m.blog.naver.com/yjsjhs
https://m.blog.naver.com/arangjoeul
https://m.blog.naver.com/bwiwd
​
https://story.kakao.com/kumhokyj/3TJynn3N7n9
​
https://story.kakao.com/kumhokyj/iPHu6RSNdPa
​
https://story.kakao.com/kumhokyj/I16UZV5ldPa
​
https://www.facebook.com/share/1DtDv6UAf9/?mibextid=wwXIfr
​
2/2
​
ㅡ대전‘충청의 옹심이메밀칼(막)국수와 세종’금남의 순심이흑염소 글자자리에서의 관계설정,
유성구장대동의 현대농산’갈산옹기’가 [장대동에서 사라진 과거의 SK주유소‘KH hub‘가 바뀐 대전유성구북유성대로 336’대정빌딩의 ]주)길훈메디KH와 (ACE BED‘글자가 사라진 GNC글자자리에 새로생긴 )O2피싱‘관계와 갈라져,
’[ emart24와 보배반점이 나가고 &과거의 수목토에서 土를 버린자리 온스타병원와 Dalsi &9NINE칼국수와 美容室헤어 &(대전유성구 온천2동 장대로 99-1)대전수학문화관교육센터’와 T-ARA티아라’글자자리의 ]수목와 정원‘이 같은 건설관계임에도,
대전의 (소담의 동해)금강회’금강사‘금강암‘금강제화’더THE와 세종의 (도담의 부산)금강일보‘경기일보’청암빌딩‘TH의 관계가다툰다. 도담컴퍼니가 대전유성구지족역에서 김종구식맛치킨와 같이 사라졌다.
위 관계에 ‘(유성구노은동와 대덕구오정동의 농축수산물시장‘관계 )남해와 서해‘글자자리 (세종시&조치원군의 )홍림’엘림이
(중구서구동구의 홍어‘홍가네 &홍도’홍씨네 &부산기장군흑산도‘글자속에 든 관계 )‘흑해와 동해’의 목양’관계와 다르고 &/,
{ 조선시대 ‘호는 )손암巽庵‘一星’每心‘丁若銓정약전이 흑산도 유배 시절 1814년저술한 해양 생물학 서적, 黑山을 의미하는 자산}玆山魚譜의 南道飯床와 生魚이
{ 경기도과천시果川市 상하벌로 110, 한국과학문명관'茶山 丁若鏞의 거중기, 수원 화성 축조 등 조선 시대의 과학 기술과 인물 전시관}국립과천과학관의 茶山‘丁若鏞와 같은 丁의 성씨임에도 &,
위 관계에 경기도(지역에 까마귀가 많아 붙여진 이름이라는 유래가 가장 일반적. 조선왕조실록에도 烏山으로 기록)烏山市와 { 1990년대 초반 조성된 1기 신도시입니다. 쾌적한 주거 환경과 일산호수공원, 킨텍스 등 편의시설을 갖춘 서북권 중심 도시. 원래 이 지역의 순우리말 지명인 '한뫼’큰 산‘를 한자로 표기한 것에서 유래. 경기도 一山일산. 공식지명은 }‘고양시 일산동구 및 일산서구‘….등등 에서의,
“ 흑산도의 島와 과천시의 川 &’오산와 일산‘의 山…..&전남光州와 경기도廣州‘龍仁…에 든 지명의 ”한자관계(울산광역시 일산동은 日山을 사용)가 달라서&자리가 달라서“, 관계가 달라진다.
​
ㅡ동소예(연탄불 생선구이)
•대전중구 대사동 63-1 (충무체육관사거리) · 본점
•갈마점(계룡로416번길 13)/월평점(청사로123번길 38), /관저점(관저동 1248)
​
ㅡ케이에이치푸드’KH푸드; 경기 남양주시 늘을1로16번길 5 호평동.
•KH에너지㈜직영KH기쁨주유소; 고양시 일산동구 고양대로 1064 식사동.
•길훈씨앤피; 고양시 일산동구 노첨길 81 장항동.
•길훈엔트러스빌; 서울 강서 등촌 684-3, 대룡드림타워-1. 593, 590
•탄방동메디칼센터; 상아빌딩 대전 서 탄방 743-0,  7815, 7812,
​
ㅡ대전, 서구갈마동방향 한화겔러리’맛나의 엄지척와
서구월평동방향 갑천역‘만나의 꽃님이네자리에서,
“ 대전의 굽네치킨와 ‘동구신흥동(동대전의 )반찬’의 관계가갈라져 대전와 세종에서의 글자자리,
“ ’靑陽의 佳人‘와 ‘죽Story의 가인대호’ &큰사랑의 새마을와 새마음 &청년38국수와 39desert &(한마음와 온누의 )미나리와 고사리 &올래의 솔레 &양수리와 미사리 &SERENGETI의 COIN와 던킨도우넛DD의 COIN &꽃나래의 한마음 &올레와 포레 &한아름와 로뎀 &피자마루와 치킨마루 &밀마루와 세종마루 &모조리와 꼽사리…..등등…이 같은데다른관계로,
한 일례로 “ Benti커피와 커피에반하다 “가 위 관계 속 상황속에서, ” 관계를 바라보는 방향와 관계의 조합“이 다르다.
​
ㅡ큰사랑의 ~ST와 대조영 &홍대포자‘홍대LP /,
큰나무의 DONUT와 다우 &홍대개미’은희네해장국  /,
(한신S메카‘S-
Meca;
서울금천구독산동의 산업단지/지식산업센터 &대전유성구 관평동 1359의 )대덕비즈센터‘한신S메카‘(대전시 유성구 테크노4로 17 대덕비즈센터, 대전 지역 볼트 및 너트 전문 업체)개미볼트Volt /,
아프리카[ 다큐멘터리 영화 《울지마 톤즈; 故이태석신부, 1962~2010; 의사라는 안정된 삶을 버리고 사제가 되어, 전쟁과 기아로 고통받는 남수단 톤즈(Tonj)에서 의료, 교육, 선교 봉사에 평생을 바친 ‘수단의 슈바이처’로 불림》]의 남수단와
[ 前 육상 선수, 축구 선수. 육상 100m, 200m 세계 신기록 보유자 자메이카 육상선수 )우사인 세인트리오 볼트‘Usain St. Leo Bolt ( juːˈseɪn bəʊlt )유세인 볼트 , 1986년 8월 21일 ~, 자메이카의 육상 단거리 달리기 선수}우사인 볼트 ]자메이카 &,
[ 대한민국 마라톤의 전설인 손기정, 황영조, 이봉주; 각각 1936년 베를린 올림픽 금메달(손기정), 1992년 바르셀로나 올림픽 금메달(황영조), 1996년 애틀랜타 올림픽 은메달 및 2001년 보스턴 마라톤 우승(이봉주)을 차지하며 한국 마라톤의 황금기를 이끔 ]
Marathon마라톤와
영화 《포레스트 검프; 영화 속 설정, 특별한 이유 없이 달리기를 시작해 3년 2개월 14일 16시간 동안 미국 대륙을 횡단. 약 15,000마일(약 24,000km) 이상을 달린 것으로 추정, 이는 매일 두 번 이상의 마라톤 풀코스를 소화한 셈. 목적: 사람들은 세계 평화나 환경 보호 등 거창한 이유를 물었지만, 그는 단지 ""그냥 뛰고 싶어서(I just felt like running)"" 달렸다고 답. 상징성: 과거의 아픔을 뒤로하고 앞으로 나아가는 과정을 상징 》달리기 육상종목이 ‘축구농구..구기종목와 관계가다르다.
​
ㅡ성이 한자로는 鄧; 발음의 차이.
•중국 촉한을 멸망시킨 삼국시대 위나라 명장 등애鄧艾, 사마의의 눈에 들어 외정, 내정 통틀어 후반기 최고의 공업을 쌓은 인물.
•등소평(鄧小平)의  등은 `덩`발음에
•대만가수 등려군(중국어 정체자: 鄧麗君, 간체자: 邓丽君, 병음: Dèng Lìjūn 덩리쥔‘Teresa Teng‘, Teng이 `텅`으로 발음.
​
ㅡ중국의 태국와 일본의 베트남이 서구의 미스사이공와 유성구의 ‘EAT MY THAI관계가 &교동짬뽕의 캄보디아‘HALLA….등등에서의 한중일관계에 (베트남태국캄보디아미얀마라오스)인도차이나5개국 관계의 조합이댜툰다.
​
ㅡ‘starting point’와 9XIANG &“ 불교와 기독교와의 8와 9 &대덕와 한빛’에서의
Modern와
‘곳간’굣간‘고반’교반‘본전고깃골’고깃리88 ”의 관계에 든,
대전의 ( ‘동구 Hello과학마을축제, 스페이스 오디세이 우주탐험대' )Hello와 { 할랄(حلال :아랍어, 영어 halal)푸드; 이슬람 율법에서 허용한 식품. 할랄이라는 말에는 아랍어‘허용된 것' }HALLA &(대전 유성구궁동 충남대인근)주점‘Halo할로와 ( 성심당聖心堂; 대전의 향토기업인 로쏘주식회사가 운영, 한국의 천주교 계열 제과·제빵점으로 중구은행동’본점와 함께, 대전을 중심으로 운영되는 베이커리 브랜드)하레하레‘HARE HARE베이커리‘…등등에서의
’8와 88 &99-1’와 (수학에서의
M
ö
bius
strip‘
M
ö
bius
band’
M
ö
bius
loop; 종이띠의 양 끝을 반 바퀴 비틀어 붙여 만들 수 있는 표면)뫼비우스‘가,
대전시와 세종시에서의 ’치킨마루와 밀마루의 대형마트’이마트&삼성홈플러스‘자리에서의 )구이구이와 92‘구이 &고기구이’연탄구이‘생선구이’화로구이‘화덕구이’장작구이‘(참)숯불구이…&9292‘꾸이꾸이…등등에서의 ‘ 9와 7의 99와 77 &factory‘와 관계가다르다.
​
https://youtu.be/ULsPY9XhTfA?si=F3VZb-9VUe9CUiZ8
​
1/2
​
[네이버 블로그] 금호김영집
https://m.blog.naver.com/yjsjhs
https://m.blog.naver.com/arangjoeul
https://m.blog.naver.com/bwiwd
​
https://story.kakao.com/kumhokyj/3TJynn3N7n9
​
https://story.kakao.com/kumhokyj/iPHu6RSNdPa
​
https://story.kakao.com/kumhokyj/I16UZV5ldPa
​
ㅡ대전동구의 중앙시장와 유성구의 유성시장 &세종시’조치원역와 조치원시장[ &세정시청와 (금남면 용포로 일원대평시장)세종대평시장 &/, (대전중구서구의 주요 전통시장, 대전에서 단일 시장으로는 최대 규모)서구도마큰시장 &/, 중구의 태평전통시장와 오류전통시장 &용두시장와 천근시장 ]
>>신라 말의 대문장가 고운 최치원 선생의 성씨인 경주 최씨와 깊은 역사적 연관.
>鳥致院‘지명 자체가 최치원 선생과 관련되어 있다는 설이 전해짐. 지명의 유래 중 하나는 “ 최치원 선생이 이곳을 지나다가 경치가 좋아 잠시 머물렀던 것에서 시작되었다는 설입 /&, 최치원의 이름 중 '치원'을 따서 '치원례'라 불리다가, 나중에 '조치원'으로 변했다는 이야기가 지역 민담이나 [집단 사이에 口傳되어 오는 이야기의 총칭]설화 “.
>경주 최씨와 조치원: 경주 최씨 문중‘한국민족문화대백과사전에 따르면 신라의 대표적인 6두품 집안이며, 최치원 선생을 사실상 시조로 모시는 경우가 많다.
>조치원 인근에는 경주 최씨 집성촌이나 관련 유적이 있어 지역 사회와 깊은 유대감을 형성. Wikipedia에서 확인할 수 있듯, 최치원 선생의 호인 '고운'이나 '해운'은 전국 여러 지명의 유래가 됨.
>조치원역은 경부선과 충북선이 만나는 교통의 요지로, 역 광장이나 인근 지역에서는 최치원 선생을 기리는 문화적 흔적와 문화 행사개최.
>세종시와 경주 최씨 종친회는 최치원 선생의 학문적 업적과 선비 정신을 기리기 위해 다양한 인문학 강좌나 제례 행사를 조치원 인근에서 개최.
​
ㅡ‘(세종시아름서길 27 아름동)낙농진흥회‘자리에서 과거의 ’(장충고기국수&장춘동와 오피스디포의 )멍게가‘가 ‘고래부대찌개‘로 바뀌고 &,
‘9BLOCK의 일품양평해장국와 부산면관’ 옆에 (새로 개업한 )’4:잔찮’[와 여기에 더하여 또다른 (농부아들의 반찬가게 )찬장 &반찬와 부엌 &’(공유 )주방‘와 또다른 ’공유오피스와 공유창고….‘에서의 ‘~공유‘와 (더하여 )공동구매’…..]로 글자’철자가 바뀌었다.
​
ㅡ대전시에서의 “해마와 해태 &해녀와 멍게 ” 글자’철자가, 세종시로 자리로 옮긴 후 다른 글자’철자로&관계를 바꾸었다.
​
ㅡ신라스테이
>본사; (운영사)신라에이치엠
서울중구 다산로 210(신당동, 홍진빌딩) /
호텔신라 자회사 (삼성그룹) ]
>(서울 서대문구 충정로 76)서대문 &광화문 · 마포 · 강남. 역삼 · 서초 · 구로 · 동탄 · 해운대 · 서부산 · 플러스이호테우 · 세종특별자치시 다솜로 45, 충남천안시 서북구 동서대로 177……
​
ㅡ“ (‘신라‘와 결합된 ’스테이‘의 )Hotel신라스테이 ”가
위의 신라에이치엠‘신라스테이와는 또다른 대전의 ’(유성구 온천북로33번길 8-27 )STAY스테이어반트감성호텔’와 함께하는 같은자리 봉명동의 아늑Hotel에서의 관계에,
위 상단’조치원역&전통시장‘와 함께하는 (대전의 DJ와 태전의 TJ의 TJmart‘태전마트 글자관계자리)중구대흥동에서의 花樣年華와 [ (용비어천가 2장 첫 구절인 '불휘 기픈 남ᄀᆞᆫ', 한글 창제를 대표하는 말)뿌리깊은 나무‘/,
{ 과거의 대전 동구 방축골 인근, 백숙’훈제요리등을 판매하며 경치 좋은 곳으로 유명했던 음식점. 현재는 폐업. 그 자리에 카페 Lolla‘롤라(구 팡시온 인근, 남프랑스풍의 힐링 공간)으로 운영 중. 대전동구’회남로 주변 방축골 인근으로, 대청호반의 멋진 뷰를 자랑하는 곳. 과거에는 '꽃님이 가든'이라는 빨간 깃대 간판이 달린 빈티지스러운 식당으로 유명, 현재는 빵과 커피, 브런치를 즐길 수 있는 신상 카페로 명성을 대신 }(현재의 ‘View와 마루’글자자리 )대전세종시의 ]꽃님이네‘와 (충북옥천군 안내면 장계길 221-3 Cafe레스토랑)뿌리깊은나무‘ /,
{ 뿌리가 다른 두 나무의 가지가 맞닿아 서로 엉키며 한 나무처럼 자라는 희귀한 현상. 부부나 남녀 사이의 애틋한 사랑과 화목함을 상징. '사랑나무'로도 불리며, 白居易의 시 《장한가(長恨歌)》재지원위연리지在地願爲連理枝‘땅에서는 연리지가 되기를’ /比翼鳥의 유래; 눈과 날개가 하나씩뿐이라 암수가 짝을 지어야만 날 수 있는 전설 속 상상의 새. 짝과 함께해야만 완전해지는 모습에서 부부간의 지극한 사랑과 화목함을 상징하며, 주로 比翼連理(암수 한 몸이어야 날 수 있는 새 '비익조'와 두 나무가 하나로 자란 '연리지'의 합성어로, 부부나 연인의 사랑이 매우 깊고 화목하여 '둘이서 하나가 된 듯한' 상태를 비유)라는 사자성어로 쓰인, }’현종과 양귀비의 사랑을 비유’한 데서 유래 }連理枝와 애니메이션Animation(또는 만화영화漫畫映畫)의 은하철도999’와 ’독립영화관(중구중앙로32’문화동 1-27)아트시네마대전‘(계백로 1712)씨네인디U’에서의 ‘(대전중구 화양연화와 아늑‘와 함께하는, 햇볕이 잘 드는 마을이라는 뜻을 가진 대표적인 한자 지명)양지陽地와 양촌陽村에서의 ” Stay와 DOT &노크노크[ 호텔 노크 온‘중구 인창로 7 /(우리말로 문을 두들기는 의성어 똑똑의 영어식 표현 )Knock Knock Beach Boutique 80, 13 Thaweewong Rd, Pa Tong, Kathu District, Chang Wat Phuket 83150 태국 /KnocKnock커피숍/커피 전문점‘서구 둔산2동 1174 /Knock-In Daejeon Terminal Branch‘35, Hanbat-daero 1316beon-gil, Dong-gu, Daedeok-gu, Daejeon, Daejeon, South Korea….]와 ‘500th Hotel’ &JAWOORI와 {유성구 대학로 55-35, 203호(봉명동, 스카이뷰) Tel. copyright (C) 2015 }‘kayang Co.,LTD. All rights Reserved.’ “관계가,
”[ 153이라는 숫자는 주로 성경적 의미(요한복음 21장 11절)를 담아 성심당이나 포케153처럼 브랜드명에 사용된 경우. 대전중구, '153‘; 성심당요리사 에세이인 ‘백조의 거리 153번지’, 산성동의 백반집(153돼지갈비), 선화동의 마트(153더좋은마트), 문화동의 샐러드점(포케153 &둔산점 등), 153 바라크‘대전본점’관저동: 스페셜 필라프와 153 수비드 스테이크 등을 판매하는 양식당) 일오삼수제돈까스 (낭월동/대흥동)에서의 ]153“이,
” 대전이아닌 타지역으로 나가있는 벤티버거Venti Burger를 대신하여 대전내부 안쪽관계를 향하여 말하기를, 간판상호‘아래 문구가….., ‘원래는치킨집을할려고했었다' ”라 말한다.
​
ㅡ치킨의 닭이 ’(鷄龍의 닭머리와 鷄足의 닭벼슬‘으로 나뉘어져 )돼지의 삼겹살와 오겹살‘에서의 ‘토종흑돼지와 (Ibérico; 스페인 이베리아반도의 도토리, 올리브 등을 먹고 자란 흑돼지 품종으로, 풍부한 마블링과 고소한 맛이 특징인 세계적인 고급 돼지고기)외국산‘이베리코…. ’가,
{ 털의 빛깔이 검은 소를 의미로 한우, 와규, 블랙 앵거스 등/ 일본 흑우(쿠로게 와규. 일본에서 생산되는 와규의 약 90% 이상을 차지하는 대표적인 육우 품종}흑우'와 (국산토종 )황소와의 관계의 조합이달라서,
음식’요리관계애 生水‘Drink’酒관계가 붙어 ‘반찬과 식당이&치킨와 반찬이&고기가 고기’와도 다툰다.
​
ㅡ세종특별자치시 조치원읍 충현로 137-1 벤티버거 조치원역점
ㅡ더벤티 VentiCoffee
세종아름점
더벤티 세종나성점
더벤티 대전도안점
더벤티 대전둔산녹원점
더벤티 대전시청점
더벤티충남대점
더벤티대전복수점
더벤티 대전둔산타임월드점
더벤티 대전대흥점
더벤티 대전신탄진점
더벤티NC대전유성점
더벤티 대전노은역점
​
https://youtu.be/ULsPY9XhTfA?si=F3VZb-9VUe9CUiZ8
​
2/2
​
[네이버 블로그] 금호김영집
https://m.blog.naver.com/yjsjhs
https://m.blog.naver.com/arangjoeul
https://m.blog.naver.com/bwiwd
​
https://story.kakao.com/kumhokyj/3TJynn3N7n9
​
https://story.kakao.com/kumhokyj/iPHu6RSNdPa
​
https://story.kakao.com/kumhokyj/I16UZV5ldPa
ㅡ야시장.
>>저녁부터 심야까지 운영되는 전통시장 및 먹거리 장터.인천 1883 상상 플랫폼(6월 개막), 부산 부평깡통야시장(상설), 공주 밤마실 야시장 등이 유명. 보통 오후 5시~10시 사이에 활발히 운영됩.
>>주요 특징 및 즐길 거리
다양한 먹거리: 푸드트럭, 큐브스테이크, 야채순대, 닭강정, 지역 특산물(밤) 요리 등.
볼거리/즐길 거리: 밴드 공연, 버스킹, 드론 쇼, 플리마켓, 체험 프로그램.
>>운영 시간: 주로 금/토요일 저녁에 집중되며, 상설 매장(부산 등)은 매일 운영.
>>지역 연계: 전통시장 활성화를 위해 인근 상권과 연계하여 쿠폰 제공 및 상생 파티 개최.
​
ㅡ충청남도논산시 ‘김홍신 야시장'
>>논산 출신인 대한민국 최초의 밀리언셀러 작가 김홍신의 소설 '인간시장'의 배경
>>논산시에서는 ‘전통시장의 활기를 되살리고자 기획된 문화형 야시장’전통시장 활성화를 위해 가을 시즌에 집중적으로 야시장’ 운영
>>🌙 2025 옛살비 야시장 (화지중앙시장)
일정: 2025년 10월 31일 ~ 11월 15일 (매주 금·토요일) /시간: 오후 5시 ~ 오후 9시 /장소: 화지중앙시장 제6구역 일원 (기존보다 넓고 쾌적한 공간으로 이전)
>>주요 프로그램:
상인들이 직접 준비한 다채로운 먹거리 부스 (전, 튀김 등)
시민들이 주인공이 되어 펼치는 참여형 거리 공연
남녀노소 누구나 즐길 수 있는 무료 체험 프로그램 및 이벤트
>>🏛️ 김홍신 문학관 (연계 방문 추천)
위치: 충청남도 논산시 중앙로 146-23 /관람 시간: 09:00 ~ 18:00 (3월~10월 기준, 1~2월은 17시까지) /특징: 작가의 집필실과 '인간시장' 관련 전시를 볼 수 있으며, '바람으로 지은 집'이라는 독특한 건축미로 유명합니다. 상세 정보는 김홍신문학관 공식 홈페이지에서 확인 가능.
​
ㅡ국제시장
>>부산광역시 중구 신창동에 위치한 부산의 대표적인 전통 재래시장
>>광복 후 일본인들이 철수하며 남긴 물자들과 한국전쟁 당시 피난민들이 가져온 온갖 물건들이 거래되던 '도떼기시장'에서 유래
>>보통 오전 9시부터 오후 8시까지 운영하며, 매주 또는 격주 일요일에 휴무하는 점포가 많으니 방문 전 확인필요.
볼거리 &먹거리: 비빔당면, 유부전골, 팥빙수 등이 유명하며, 특히 영화에 등장했던 '꽃분이네'는 필수 방문 코스
>>주변 명소: 자갈치시장, 부평깡통시장, BIFF 광장 등이 인접해 있어 함께 둘러보기
>>시설: 최근에는 청년 상인들이 입점한 609 청년몰 등이 생겨나며 전통과 현대가 공존하는 모습을 띠고 있음.
>>영화 《국제시장》 (2014)
이 시장을 배경으로 한 윤제균 감독의 영화 국제시장(영화)은 1,400만 명 이상의 관객을 동원하며 큰 사랑을 받음.
>내용: 한국 현대사의 굵직한 사건들(흥남 철수, 파독 광부, 베트남 전쟁 등)을 관통하며 가족을 위해 헌신한 아버지 '덕수'의 삶을 그림.
>최신 소식: 최근 배우 이성민 등이 출연하는 후속작 《국제시장 2》의 촬영 소식이 전해지며 기대를 모음.
​
>>경주 중앙시장 야시장('달빛미행')
>매주 수~일요일 18:00~23:00(7~11월은 18:30 시작)에 운영.
>26여 개 점포에서 케밥, 문어꼬치 등 다양한 음식을 판매
>특히 12,000원에 4가지 음식을 골라 담는 'BIG4 도시락'이 인기이며, 1~2공영주차장을 이용가능.
>위치: 경북 경주시 금성로 295 (경주 중앙시장)
운영 시간: 18:00~23:00 (※ 수요일~일요일 운영, 월/화 휴무) /주요 특징: BIG4 상품권: 12,000원으로 4가지 음식을 골라 도시락에 담는 서비스 /메뉴: 닭강정, 삼겹살김밥, 케밥, 문어꼬치 등
​
ㅡ대전 중앙시장
>>야시장인 '동구夜놀자'; 대전역 인근(제3주차장 앞 화월통)에서 6월~10월 매주 금·토요일 18시부터 22시까지 열리는 인기 야간 관광 콘텐츠.
>18개 이상의 먹거리 부스, 푸드트럭, 8090 문화 공연, 플리마켓 등이 펼쳐지며, 대중교통으로 접근이 편리한 대전 대표 밤 여행지.
>💡 대전 중앙시장 야시장 핵심 요약
위치: 대전 동구 대전로 783 (중앙시장 화월통, 제3주차장 인근) /운영 기간 및 시간: 2025년 6월 19일 ~ 10월 25일, 매주 금, 토요일 18:00 ~ 22:00
​
ㅡ(대전유성구장대동에서 4일과 9일에 열리는)유성 5일장은 100년 전통을 자랑하는 재래시장.
>>장대동 일대에 400여개 점포와 1,000여개 노점이 들어서며 농축수산물, 먹거리, 잡화 등 다양한 물건을 판매합.
>유성온천역 근처에 위치해 접근성이 좋으며, 5일마다 열리는 오일장 특유의 활기찬 분위기와 정을 느낄 수 있음.
>핵심 정보
날짜: 매달 4, 9, 14, 19, 24, 29일 (5일 간격)
위치: 대전 유성구 장대동 장대시장 일대
특징: 100년 역사의 전통 오일장, 500여 명의 상인, 다양한 먹거리
>>봉명동 인근의 '고릴라야시장' 등 일반 음식점과 혼동될 수 있으나, 전통적인 의미의 야시장은 장대동 일대의 5일장을 의미.
​
ㅡFAMILIE = Fa + MILIE.
>>Do Re Mi Fa Sol La Si Do = 영어권에서알파벳
C,  D,  E,  F,  G,  A,  B, C로 표기.
>MILIE (NLP): MILIE: Modular & Iterative >Multilingual Open Information Extraction ; 반복적으로 트리플 슬롯을 추출하는 다국어 정보 추출 시스템에 대한 논문
>아티스트 Milie: 애플 뮤직 및 벅스에서 음악을 찾아볼 수 있는 아티스트
>기타 혼동 가능성: 독일 가전 브랜드 밀레(Miele), 도어락 브랜드 밀레시스텍(Milre), 전자책 플랫폼 밀리의서재, 아웃도어 밀레(Millet) 등과 철자가 유사.
​
ㅡ바다의 水準線의 상어와 捕鯨船의 고래 /육지의 地平線의 돼지‘소와 丘陵性山地의 쌍방울와 방울뱀‘방울새 &앵무새 /‘(세종시에 과거의 멍게가‘가 )고래부대찌개로 바꿨다’ &‘대전의 중구‘천부교와 멍게골 /대전중구의 동화마루’중국성‘확정성와 풍비오’푸바오 &유성구의 피자마루‘판다차이나‘다판다 /세종시의 치킨마루‘밀마루‘자금성와 다판닭&송가옥 ’세종의 아침와 세종마루’정숙성와 여기닭&남가옥 &/, 한국해양’한국철도‘한국도로’한국항공&안전&중앙해양 항공철도‘공사공단와 국가데이터처&오피스디포와 부산면관 &9BLOCK와 양평해장국 &/,
세종시고운동 가락마을세탁와 한국특수세탁기술연구회 옆 (페점 후 나간자리)용두동할매쭈구미와 희망풍차 &대한적십자와 총각네축산혁명자리의 용두동‘무릉도원이 대전유성구의 홍명상회와 무양도원과의 관계설정 &,
[ 대전유성구 대학로 44, ]주)브릭스자산관리대부와 [브라질, 러시아, 인도, 중국, 남아프리카공화국 등 신흥 경제 5개국이 주도하는 국제 협력기구 ]BRICs’BRICS브릭스‘에서 “~CS가 아닌 ~KS로 바꾼 Bricks….”K를 S로 바꾼,
(한국산업표준; 산업표준화법에 따라 국가기술표준원이 고시하는 국가 표준으로, 우수 공산품의 품질을 인증하는 제도 )KS와 (Customer Service/Satisfaction; 고객 만족: 고객의 요구를 파악하고 만족도를 향상시키는 활동./고객 응대: 고객 불편을 신속히 해결하고 만족스러운 결과를 제공하는 최전선 업무.)CS’가 다르고 &[ 과일, 음료 등 액체 100g 속에 녹아있는 가용성 고형분(당분 등)의 총량(g)을 나타내는 단위]브릭스(Brix, °Bx)…철자‘문자 관계가 다르다.
​
https://youtu.be/ULsPY9XhTfA?si=F3VZb-9VUe9CUiZ8
​
1/2
​
[네이버 블로그] 금호김영집
https://m.blog.naver.com/yjsjhs
https://m.blog.naver.com/arangjoeul
https://m.blog.naver.com/bwiwd
​
https://story.kakao.com/kumhokyj/H3FdLP94Roa
​
https://story.kakao.com/kumhokyj/6BIjMBCB5n9
​
https://story.kakao.com/kumhokyj/0JXyFRXr5O0
​
https://story.kakao.com/kumhokyj/4HGAjwfdan9
​
https://story.kakao.com/kumhokyj/GKgLF2uIboA
​
ㅡ좌청룡&우백호(左靑龍&右白虎; 풍수지리에서 명당을 나타내는 핵심 용어.
>>북쪽을 등지고 남쪽을 바라볼 때
>왼쪽에 청룡 모양의 산,
>오른쪽에 백호 모양의 산이 위치한 지형을 의미.
>오룡(五龍); 동양의 오행 사상에서 유래한 다섯 가지 색의 용. 동서남북 및 중앙의 방위와 계절을 수호하는 영물.
동쪽의 청룡(봄/나무), 서쪽의 백룡(가을/쇠), 남쪽의 적룡(여름/불), 북쪽의 흑룡(겨울/물), 중앙의 황룡(흙)
​
ㅡ색깔별 호랑이의 의미 (음양오행 기반)
>>흑호 (黑虎 - 검은 호랑이 / 북쪽 / 수(水)): 지혜, 권위, 비밀스러운 힘, 강인함.
>>백호 (白虎 - 흰 호랑이 / 서쪽 / 금(金)): 진실, 순결, 수호신, 사악한 것들을 쫓아내는 영물. 도교에서 사신 중 하나로 서쪽을 지키며, 드물게 나타나 상서로운 징조로 여김.
>>황호 (黃虎 - 노란 호랑이 / 중앙 / 토(土)): 힘, 근원, 대지의 기운, 산신. 일반적인 호랑이의 색으로, 한국 민화 등에서 산신을 보좌하거나 산신 그 자체로 묘사됩니다.  시선뉴스
​
ㅡ四柱八字와 土亭秘訣.
>>사주팔자四柱八字;
>태어난 연, 월, 일, 시의 네 기둥(四柱)과 여덟 글자(八字)를 통해 타고난 운명을 분석하는 동양의 명리학.
>개인의 기질, 운의 흐름(대운)을 파악하여 삶의 방향을 조언하며, 고정된 미래가 아닌 자신의 장점을 극대화하고 단점을 보완하는 '사용 설명서'로 활용
>>土亭秘訣;
>조선 중기 학자 이지함李之菡이 지은 것으로 알려진 술서.
>개인의 사주 중 태어난 연, 월, 일의 세 가지를 숫자로 풀이해 한 해의 신수를 열두 달별로 알아보는 방식. 조선 중기의 학자이자 기인으로 알려진 인물.
>호의 유래: 마포 강변에 흙으로 언덕을 쌓고 그 아래 굴을 파서 살았는데, 그 위가 정자 같다고 하여 사람들이 ’토정土亭‘이라 불림.
​
ㅡ황룡사 황룡각 백룡사 백룡암
​
ㅡ“ INTERCITI와 ENTER펠리스 &CITI와 CITY ”에서의
“ INTER와 ENTER &Booster와 Sister &SEVEN Star와 FIVE Star &Sistar와 온star…..“ /,
(대전유성구봉명동의 )유성장로회와 청룡(살수) &시골마당와 ‘RICHIMOND CITY’ &카카오톡와 生맥주‘CASS카스’ &‘TWOSOME PLACE’와 (INTERCITI 부근 봉명동 같은자리에서의 아늑와 May &)StayHotel의 HeyCoffee‘ /,
‘(세종시고운동의 )새누리침례회의 화룡(반점) &시골길와 사랑채한약재 &(세종시고운동’1-1생활권’에 위치한 ‘리치먼드힐)RICHIMOND HILL’에서의 &’중화요리八先生 ‘와 ’9292고깃집 &’DPLACE와 ’TWOSOME PLACE’ ”.
​
ㅡ지상락원地上樂園와 무릉도원武陵桃源[ 중국 도연명의 《도화원기》에서 유래한 말. 속세와 떨어진 평화롭고 아름다운곳 ] &
(토머스 모어의 )Utopia유토피아(""없는 곳"")와 (플라톤 철학에서 현실 세계 너머의 완전무결한 진리)이데아Idea’Form &
(""황금의 땅"")엘도라드와 이상향Utopia‘Paradise &
이상향or[ ‘Another World; 세상과 완전히 동떨어진, 경이로운 곳)별천지’와 (1984년 3월 14일 이만희가 창립한 개신교 계열의 신흥종교 )Shincheonji‘신천지(예수교 증거장막성전)….에서 변형된 글자 중,
한 일례로 “ 무릉도원武陵桃源에서의 [ 無羊桃源; 양(羊)이 없는(無) 도원(桃源/무릉도원)이라는 뜻의 ]무양도원‘숯불구이/바베큐전문점 ”의 飮食‘料理관계가 韓食‘中食’中華料理‘洋食‘일식의 和食&일본식 서양요리의 和洋食‘…..의 관계에 &미식’군식‘소식’대식’폭식‘단식‘….등등의 글자가 든 자리가에서 ’국가명와 지명‘이 달라서 자리마다 관계의 조합을 달리한다. 여기에 과거와 현재의 관계설정이 달라져, 지상와 낙원이 ‘무릉와 도원이 ’광개토와 대왕이 ’을지와 문덕이 ‘무궁화와 꽃이피었읍니다’가…..등등에서, 같이 붙어있었던 과거의 네글자‘四字成語&문장‘글자가 (관계가 갈라져 )나뉘어진 상황이다.
​
ㅡ서울의 5대궁(경복궁, 창덕궁, 창경궁, 경희궁, 덕수궁)와 훈민정음訓民正音 &(세종시고운동 )9292고깃집와 [ PLAN B’CONTINE COFFEE’ (훈민정음에서 )정음’이아닌 ]오음 &[ 대전유성구장대동의 “ 칠갑사와 49통닭 &태전마트와 ‘PLAN A’ ”자리의 ](유성구유성대로736번길 46)궁민정음‘유성국밥‘곱창전골’와 (유성구엑스포로 87 DCC제2전시장)경복궁갓포제주‘DCC점 &(대전서구 만년동 282)경복궁’대전점‘한식‘와 (대전중구 오류동 154-1)경복궁웨딩문화원….에서의 자리에,
대전에서 ’광주’서울‘제주‘부산’…..(도시지명이 붙어서)….글자가 달라서 관계를 달리한다.
​
ㅡ호구산(虎丘山; 중국 소주에 위치한 명승지로, 호구탑虎丘塔이 유명 )와 호두산(虎頭山; 평안도 지역의 진산鎭山) &호라산와 (대전서구 만년동 282 해가든센트럴파크, 대전광역시 유성구 문화원로 112‘에서의 ‘스시호산虎山&갓포虎山
>>호라산(Khorasan 또는 khurasan 페르시아어: خراسان ); 이란 북동부. 중앙아시아와 중동을 잇는 사이 지역으로 고대에 옥수스 강이라고 불리는 아무다리야 강 남부에 위치. 후라산으로도 불린다. 지명은 고대 페르시아어로 '해가 뜨는 곳'를 뜻함.
​
ㅡ유성구봉명동의 ‘Just Sleep Hotel’대전유성온천점와 둔산해링턴플레이스 &樂園아늑Hotel와 북해도 &샷포르와 도쿄 &/
[신라호텔에서 20년 경력을 가진 이승철 셰프가 운영하는 일식당. 호산‘브랜드 3대장의 스시호산/갓포호산/메시호산 중 하나. 스시해로 셰프가 스시호산에서 전수받음 ]虎山(범 호, 메 산)호산 &SOPATOWER스파타워와 꽃‘무궁화 &/
(한가네달발이 아닌)유성닭발와 SOMEDAY &/
문어대장와 상하이 &59와 (노랑통닭의 )봉명데이 &/
(물의 거리’의 )ACE’NICE와 EchoVill&벨포스트 /,
(서구만년동둔산동의 )별’스타와 StarGate스타게이트 &
카카오톡와 生생맥주‘CASS카스‘ /,
[ (대전동구중동의 ‘Daejeon Hana Citizen Football Club, 약칭 DHFC)대전하나시티즌K리그’자리의 (건설회사 )주)반석시티와 (대전동구 중동 56-7)반석시티 &(유성구반석동의 )펠리스와 ‘메이May eye&MayDAY’
​
ㅡ위 전체의 관계가 유성구봉명동 유성온천역네거리 앞 대학로에서,
” 장호덕 계동치킨 네네치킨 노랑통닭 (주)삼협건설 노늘레스 Gmart 스탕달호텔 W모텔 infra 항우 따봉 송림 죠아라 “와
” 조기종’향미각 교촌치킨 굽네치킨 60계치킨 SOLIAN솔리안 엔터펠리스 가자주류 현대리조텔 한진오피스텔 에터미 대왕수산 마사회 “가,
’봉명동 유성성당‘와 ‘상대동 팔각도’ &‘봉명동 은혜로교회’와 ‘봉명동 청학동동태찌개‘자리와의 관계의 조합이 다르다.
위 자리의 관계에 “ ( 갑천와 진잠천 &화산천을 사이에 둔 )복용동 원신흥동 도안동 계산동 ” &“ ( 갑천와 유성천 &반석천을 사이에 둔 죽동와 궁동 &어은동와 구성동이붙어서,
대전의 다른구(중구‘서구’동구‘대덕구)와 (천안세종청주홍성….)타지역의 관계가 섞인 글자’철자관계,
금호갈매기와 부산갈매기가 부산수산와 철길부산집이….등등에서도 같은 글자가 있음에도 ‘갈매기와 부산‘글자속에 다른관계가 담겨 관계의 조합을 달리한다.
​
https://youtu.be/ULsPY9XhTfA?si=F3VZb-9VUe9CUiZ8
​
2/2
​
[네이버 블로그] 금호김영집
https://m.blog.naver.com/yjsjhs
https://m.blog.naver.com/arangjoeul
https://m.blog.naver.com/bwiwd
​
https://story.kakao.com/kumhokyj/H3FdLP94Roa
​
https://story.kakao.com/kumhokyj/6BIjMBCB5n9
​
https://story.kakao.com/kumhokyj/0JXyFRXr5O0
​
https://story.kakao.com/kumhokyj/3TJynn3N7n9
ㅡCooing ’LittlelRoom ‘FURSYS‘iloom ‘/한방’직방‘다방‘작은다방 [서울동작구 대방동(大方洞), 여의도와 인접한 주거 중심의 법정동, 1호선 대방역과 7호선 신대방삼거리역이 가깝고 노량진 및 신길 뉴타운과 인접하여 교통과 생활 여건이 우수한 지역 ]大方와 소방消防&방제防災.
​
ㅡ마라탕麻辣燙와 ’영화‘Forrest Gump‘마라톤Marathon에서의 麻와 M /,
소방관消防官와 함곡관函谷關.
>>함곡관(函谷關)
•중국 전국시대 진(秦)나라가 동쪽의 산동 6국을 방어하기 위해 허난성 링바오에 설치한 '천하제일험관'으로 불린 난공불락의 요새
•북쪽의 황허와 남쪽의 효산 사이에 위치하여 좁고 깊은 골짜기 형태를 띠고 있어 군사적 요충지였으며, 진나라가 천하를 통일하는 기반이 된 곳.
•지리적 이점: 관중 분지와 중원을 나누는 길목으로, 험난한 지형 덕분에 소수의 병력으로 대군을 막아낼 수 있었음.
역사적 의의: 진 효공 때 처음 설치. 진나라가 동쪽으로 진출하거나 6국의 합종군을 막아내는 역사적 사건의 무대.
>>소방관消防官와 소방방제消防防災‘Fire Protection & Disaster Prevention‘
>>(문화어: 마라손, 마라쏜 , 영어: marathon ))마라톤 •42.195km를 달리는 장거리 로드레이스.
•심폐 기능 향상과 건강 증진에 효과적인 운동
•세꼐 7대 메이저 마라톤 대회; 도쿄 , 보스턴 , 런던 , 시드니 , 베를린 , 시카고 , 뉴욕.
•그랜드 슬래머'타이틀; 사하라, 아타카마, 고비 ,남극 등 세계4대 극지 마라톤을 일 년 만에 완주해야 얻는다.
•기원전 490년 그리스와 페르시아 간의 마라톤 전투에서 그리스가 승리한 후, 승전보를 전하기 위해 아테네 병사 필리피데스(또는 페이디피데스)가 마라톤 평원에서 아테네까지 약 40km를 달려가 소식을 전하고 숨진 설화에서 유래.
•지명: 마라톤(Marathon)은 고대 그리스어로 '회향(herb)이 가득한 곳'이라는 의미에서 유래.
>고치현립 오오가타 고등학교(高知県立大方高等学校)
https://www.kochinet.ed.jp/ogata-h/
일본 고치현 쿠로시오정에 위치. 아름다운 해변과 자연에 둘러싸인 환경이 특징. 해변에서 원족이나 마라톤 대회를 개최하는 등 자연을 활용한 학교 행사가 많다.
>>( 중국 쓰촨 지방에서 유래한 얼얼하고 매운 맛의 )마라탕麻辣燙
•초피, 팔각 등 다양한 향신료를 넣은 육수에 육류, 채소, 면 등 취향에 맞는 재료를 넣어 끓여 먹는 요리.
•정의와 유래: '마(麻)'는 저리다, '라(辣)'는 맵다는 뜻으로, 혀가 마비될 정도로 얼얼한 매운맛을 특징으로 합니다. 쓰촨의 길거리 음식인 '마오차이'에서 기원
주요 재료: 청경채, 숙주, 건두부(푸주), 분모자, 옥수수면, 양고기 또는 소고기 등이 주로 들어감, 나트륨과 기름기가 많아 국물을 다 마시기보다는 건더기 위주로 먹는 것이 건강에 좋다.
>>消防官와 소방방제[ 消防防災; 화재를 끄고消, 예방하며防, 재난을 막는다(防, 災)는 뜻 &/Fire Protection & Disaster Prevention; 화재 및 재난으로부터 인명과 재산을 보호하기 위해 화재의 예방, 진압, 구조, 피난, 복구 등을 다루는 과학적 공학 기술]
​
ㅡ덩이줄기‘괴경塊莖‘Tuber튜버와 救荒植物구황식물.
산약山藥or서여薯蕷와 토란土卵 &칡‘갈葛와 돼지감자’국우菊芋 &옥수수, 메밀, 조, 피
>>식물의 땅속 줄기가 영양분을 저장. 크고 뚱뚱하게 변형된 것. 감자가 대표적. 땅속 영양분을 저장하는 대표적인 뿌리채소. 과거 배고픔을 달래주던 주요 구황식물. 이들은 주로 덩이줄기나 덩이뿌리 형태로, 전분과 식이섬유가 풍부해 영양가가 높고 험지에서도 잘 자라는 특징.
>마; 산약/산우): 덩굴성 식물로 뿌리(덩이뿌리)에 끈적한 뮤신 성분이 풍부해 건강식으로 인기.
>토란; 천남성과의 식물로, 땅속 덩이줄기를 식용.알칼리성 식품, 담백한 맛이 특징.
>칡; 깊게 내리는 뿌리를 식용하거나 갈분(전분)을 만들어 먹습니다. 덩굴은 차로도 활용.
>돼지감자(뚱딴지); 해바라기와 유사. 덩이줄기에 이눌린 성분이 풍부해 '천연 인슐린'이라불림.
>카사바, 울루쿠, 오카, 아라카차 등; 이들은 열대 및 안데스 지역의 중요한 식량 공급원. 카사바(Mandioca; 길쭉한 고구마 형태의 덩이뿌리 작물로, 타피오카 전분의 원료)
> 칼라디움(Caladium); 남아메리카 아마존 원산의 천남성과 덩이줄기(구근)식물
​
ㅡ012‘동동칼국수 ‘시골길낚자볶움’사랑채한약국 ’오음 ‘CONTINUE COFFEE ‘형와 아우‘대한조리名人이정삼누룽지섬계탕&왕삼계탕 ‘강연우동태찌개‘ 해탄오징어요리
9292고깃집 구이구이쪽갈비 꾸이꾸이-
CoFFEE DRINK DESSERT +WOOD CARVING HERE @cafe.koyom 弘益홍익돈까스
​
ㅡ세종의 홈플러스(Home plus )와 Hi홍Cafe‘弘益홍익돈까스 /,
대전의 홈플러스 익스프레스(Homeplus express)와 홍익인간(弘益人間'널리 인간 세상을 이롭게 한다'는 뜻) &대덕(大德, 지혜와 덕망이 높은 승려)
​
>>알파벳 'oo'가 포함된 영어 단어;
[u:] (긴 우) 또는 [ʊ] (짧은 우) 소리가 냠.
대표적인 oo 단어:
Book (책)
Food (음식)
Moon (달)
Room (방)
School (학교)
Zoo (동물원)
Foot (발)
Good (좋은)
Look (보다)
Too (~도, 너무)
Cool (시원한)
Pool (수영장)
Wood
더 많은 단어(예: 3글자 단어, 특정 주제)가 필요하시거나, 'oo' 발음이 예외적인 경우(예: Blood, Floor)
​
ㅡ‘갤럭티카(Galactica)'
>>주로 미국의 유명 SF 시리즈인 '배틀스타 갤럭티카'를 지칭
>>그 작품 속에 등장하는 핵심 우주 전함의 이름. 나무위키
>배틀스타 갤럭티카 (Battlestar Galactica).
인류가 만든 지능형 로봇 '사일런(Cylon)'의 공격으로 멸망 위기에 처한 인류가 전설 속의 행성 '지구'를 찾아 떠나는 여정을 그린 SF 스페이스 오페라.
​
ㅡ타임’시간’병(Bottle; 유리, 플라스틱, 금속 등의 재료로 만들어진 목이 좁은 용기)와 텀블러(Tumbler; 굽과 손잡이가 없고 바닥이 평평한 음료 용기)
>>‘About Time'
리차드 커티스 감독의 2013년 로맨틱 코미디 영화
>>‘Time in a Bottle’
미국의 싱어송라이터 짐 크로치(Jim Croce).
1972년에 발표한 전설적인 포크송.
사랑하는 사람과 영원히 함께하고 싶은 소망을 담은 서정적인 가사와 아름다운 기타 선율로 사랑받음.
""If I could save time in a bottle /
The first thing that I'd like to do / Is to save every day 'til eternity passes away /
Just to spend them with you.""
(만약 시간을 병 속에 담을 수 있다면,
가장 먼저 하고 싶은 일은 영원이 다할 때까지 매일매일을 모으는 거예요. 그저 당신과 함께 그 시간들을 보내기 위해서요.
​
ㅡ커뮤니티(community’공동체‘와 ’(서울서초구경부고속도로 부산방향 첫번째 휴게소 )서울만남의광장 휴게소‘
​
ㅡ세종금남면의 ‘Masion와 5KPLACE &天安門중화요리‘의 제페토목공교실(대전세종목공방)이 유성구구암덕명동의 ’여래사와 피자스쿨‘자리에서 나왔다.
​
[네이버 블로그] 금호김영집
https://m.blog.naver.com/yjsjhs
https://m.blog.naver.com/arangjoeul
https://m.blog.naver.com/bwiwd
​
https://story.kakao.com/kumhokyj/1Iu331dHPN9
​
https://story.kakao.com/kumhokyj/H3FdLP94Roa
​
https://story.kakao.com/kumhokyj/6BIjMBCB5n9
​
https://story.kakao.com/kumhokyj/0JXyFRXr5O0
​
https://story.kakao.com/kumhokyj/3TJynn3N7n9
​
ㅡ대전서구 용문동와 가장동 &괴정동와 갈마동.
>>[ 뜨개질;크게 대바늘(메리야스, 고무뜨기 등)과 코바늘(짧은/긴뜨기, 사슬뜨기 등) /바느질;손바느질(홈질, 박음질, 공그르기) /&재봉틀에서 ]바느질’뜨게질에서의 ‘황실자수와 청실홍실 &(대전서구용문동 )SHINCHEONJI’신천지와 ’THESHARP#’ &우체국와 금실‘이불솜’헌솜가게 &‘KTA대한검정회‘한자한문교사 대전연수원’와 [중국 남조 시대 주흥사가 1,000개의 서로 다른 한자를 사용하여 4자 1구, 250구의 사언 고시(한시)형식으로 완성한 한자 학습서 ]千字文 &[ 동북아시아의 고대 상형 문자이. 주로 거북이의 배딱지(龜甲)와 짐승의 견갑골(獸骨)에 새김]甲骨文.
>>제나라齊의 재창원한의원와 라온 &(대청와 소청 &대원와 소원 &대한와 소한 &)대명‘大明와
(24절기 중 하나 4월 5~6일경)청명‘淸明 &(호텔의 )滿月와 (巫俗의 )淸月 &불교의 日月 &/,
(세종시고운동남측 밭테의 밀밭와 )성모의 밀알와 예당 &(예가 예인 예산 예신 예담…..)예촌와 ‘‘Homeplus express‘ &’Sunin Motors’와 AMANO &KGAasset더골드지사와 THE리본 &GREENB와 ‘(소고기국법삼계탕)도널드와 친구들‘ &/,
” (중구대흥동 산사임당화장품와 중화한의원 &)사임당한의원‘PN밥솥’풍년와 MBC &(서구만년동)만년옥‘평양옥‘만년와 KBS &청년와 [ ‘{대전중구대흥동와 유성구노은동&죽동 }브랜드 상징인 거위 로고를 활용한 전용잔, 에코백, 트래블 파우치, 빈티지 사인보드 등이 인기 }’구스 아일랜드(Goose Island)’&‘(번개장터/중고거래: 에코백, 빈티지 사인보드 등 판매)‘굿즈’와 유성구반석동의 ]청춘’coco’水‘청린(潾/璘)와 이순신소국밥 &(유성구반석동의 )청람의 ’‘Homeplus express‘와 W-Tree &고기명작와 굽네치킨 “.
ㅡ“(나루터와 고맛나루 &곰나루와 장대마루 &치킨마루 밀마루 세종마루 피자마루 대쪽마루 들마루…..&)서구괴정동의 해마루와 ’블랙짐BLACK GYM’ ”의 ‘SBS아카데미미용학원’와 ‘IM1L COFFE’ &’PILAGIRL기구필라테스‘와 ’HEALTH BOY GYM’ &‘라인 스포츠’와 ’YWCA &(서구둔산동 LK의 미라클Miracle &, 서구괴정동의 YK와 BK의 )ORACLE &Microsoft와 미래신용정보 &고깃리88번지와 수정자갈치꼼장어,
위 관계에서 “ 대전중구 산화동의 ’NC백화점와 소청1번가 &NINE’SPOT’Hotel와 예일‘자리에서 ’읍천리382‘가 나갔다. 위 숫자관계가 ’ 영어와 아라비아’에 든 관계가 달라서, 유성구봉명동’CJNINEPARK‘자리의 )’부산국제시장’부산할매낚지와 읍천리382 &(스파텔자리 )고깃리88번지와 문어대장‘의 관계가 ‘stay와 SM &대일와 모던Morden’의 관게를 끼고서 다른데같은관계다.
위 관계가 대전중구대흥동의 ‘ 오징어와 성심당 &한신포차와 한신우동‘의 관계가 붙어 ‘생선’어류‘연체동물이아닌 관계’읍천리와 고깃리’와 관계를 달리한다.
​
ㅡ“ ~Haus와 디플레이스DPLACE &ACE와 NICE “의 ’유성구덕명동‘반석동’도룡동‘가정동, 충남공주시학봉리 , 세종시도운동남북측, 서구괴정동’갈마동……에서의,
(엑스포93와 돼지)주산회관(보령시주선면야룡리)와 (토마토‘빛가람와 ‘부산서면의 연탄구이전문점 )상록회관연탄구이 &( 청주의 정육식당 형태의 한우 맛 )부산회관…“에서의 ‘~회관’ /,
서구갈마동’괴정동의 ‘송도와 (튼튼 탄탄 단단 &)든든’YK’BK‘SM’리라’한귝화장품‘자리의
” (새마을회관와 )성심당의 ‘롯데백화점와 충남보령’오서산‘주산회관’보령댐와 갑천생태호수공원 &’ /,
(대전서구 도안동/원신흥동 일원)갑천생태호수공원‘와 성심49 &(대전충남관계 )충남금산인삼와 ’보문산‘서대산’대둔산‘장태산 &’(청주성당구‘명암저수지 &)부산회관와 대청댐 /,
더하여, 전북구봉산의 옥정호와 용담댐 &충북제천‘월악산‘도담삼봉의 충주댐와 새종호수공원….등등에서의 “ 산와 댐 &호수와 저수지….’관계의 조합이, 같은 충북이라도 남한강의 충주호와 금강의 대청호가 &,
대전의 굿모닝을 세종의 모닝이 굿을 버리고 모닝으로 자리와 관계를 바꾸고 (&굿모닝이 아닌 굿니스 굿닥터 굿즈 굿네이버스 굿마트 굿바디…..에서의 )굿Good’글자자리에서 자리가’글자가달라서, 관계가다르다.
​
ㅡ대한민국에서는 성씨姓氏가 아닌 본관本貫이 가족관계등록부와 호적관계에서, 제2의 성씨역활을 한다.
그래서 東西南北의 관계에서, 같은 북쪽임에도 서쪽의 경기도 파주와 동쪽의 용인에 든, 東人와 西人의 관계가 붙어서 “ 본관의 지명에 든 자리&‘仁와 in(in’s)’의 글자관계 “가달라서 다툰다.
​
[人 (사람 인)]: 사람, 인간, 인류 등을 의미
[仁 (어질 인)]: 어질다, 친애하다, 유교의 덕목
[忍 (참을 인)]: 참다, 견디다, 인내하다
[因 (인할 인)]: 원인, 인하다, 까닭
[印 (도장 인)]: 도장, 인장, 찍다
​
ㅡ[ 용인시’Yongin-si ;경기도 동남부의 특례시( 에버랜드와 한국민속촌, 다양한 문화·관광 시설을 갖춘 관광 도시)에서의 ]龍仁 /,
{엔제리너스(Angel-in-us‘롯데GRS’가 나간자리 서구용문’괴정동의 }龍汶와 大福‘대복 &用仁’와 (꽃와 )대고바이오Bio /,
삼성‘LG’대우’현대…etc..)Electronic Engineering‘전자공학와 [ 로봇의 설계, 제작, 응용을 연구하는 공학 학문으로, 인공지능(AI)과 결합하여 제조(HD현대로보틱스), 물류/배송(로보티즈), 협동 로봇(레인보우로보틱스), 웨어러블(위로보틱스) 등]로보틱스‘Robotics /,
위 관계에 ’이천의 쌀와 여주의 도자기….등에서 ’과학공학’전자‘반도체의 쌀‘와 ‘과학공학‘농학‘식량의 쌀‘이,
대전충남와 청주충북의 관계의 조합이달라서 다툰다.
​
ㅡ[ ( 실면도‘대전본점;서구갈마동’피부관리 )실면도+앰플+릴렉스핸드링. 맑고 깨끗한 피부 만들기 ]코코마쥬와 파티마정형외과 &일룸iloom와 ’한상바오의 외갈비‘&’DENTI CLINC WASHINGTON’와 ’Honey bean’s’자리가 서구‘대덕대로를 사이에두고,
”( 파스쿠니가나간자리의 )그놈포차와 ’(둔산클리닉와 리움의원의 )HONG SSINE DAKGALBI홍씨네 닭갈비’ “와 &,
(BK와 MJ)엠제이피부과’굿모닝어학원‘약손명가‘자리와
(DK와 TREK, 대전서구 둔산로 56, 전문적인 자전거 정비 및 튠업 서비스를 제공’ 글로벌 브랜드 )트렉‘TREK직영점‘오라클피부과’가 관계의 조합이 달라서,
교보‘SK…동양’삼정…대신‘교보…롯데‘한화…한화‘삼성….에서도 관계의 조합이 또 다르다.
​
ㅡTK와 DYL의 자리의 [ 프랑스어: ""좋은(Bon)""과 ""날(Jour)""이 합쳐진 말로, 아침과 낮에 만났을 때 사용하는 대표적인 ""안녕하세요"" 인사말]봉쥬르‘Bonjour와
“ ‘오라클와 미리클‘의 닥터드론’LK자리[메종(Maison); 프랑스어로 '집(House)'을 뜻]메종에 “ 대만와 베트남 &태국와 캄보디아 &일본와 인디아….등등 “국가명 관계가붙어서,
“ 상하이와 홍콩 &방콕와 프놈펜 &로마Rome(콜로세움, 바티칸 시국, 트레비 분수 등 고대 로마 유적)와 Greece의 아테네(Athens‘Αθήνα, 아크로폴리스) &(고려시대 경주의 옛 지명 東京)경주慶州와 (일본의 東京)Tokyo …등등의”에서, (같은 국가명이라도 ) 다른 지명이붙어 관계가  달라진다.
​
[네이버 블로그] 금호김영집
https://m.blog.naver.com/yjsjhs
https://m.blog.naver.com/arangjoeul
https://m.blog.naver.com/bwiwd
​
https://story.kakao.com/kumhokyj/3LAXMT7skN9
​
https://story.kakao.com/kumhokyj/1Iu331dHPN9
​
https://story.kakao.com/kumhokyj/H3FdLP94Roa
​
https://story.kakao.com/kumhokyj/6BIjMBCB5n9
​
https://story.kakao.com/kumhokyj/0JXyFRXr5O0
​
ㅡ세종시종촌동
>이름…에, e롬‘이룸‘와 Fursys‘iloom,
카이젠와 새롬.
>세종시종촌동 ” CGV no.1&only 1 malive몰리브 “와
“ 곱갈콘‘곱창연탄구이’와 ’(도깨비‘곱깨비’곱도리‘곱싸리)’.
>고기명작와 고기카페 &고기고기돌판삼겹살와 (돌판‘의 삼겹살이 아닌 또다른 )세종시다정동 ‘라온와 에이블‘의 빨래판(와 빨래방).
>’ 대학 및 일반(&전문)병원 ‘와 요양병원 &요양원 [ 요양원 vs 요양병원 주요 차이; 요양원은 돌봄/일상생활 지원, 요양병원은 치료/재활. /입소 조건: 요양원은 장기요양등급(1~5등급) 필요, 요양병원은 등급과 무관. /의료진: 요양원은 촉탁의(정기 방문), 요양병원은 의사/간호사 24시간 상주. /비용: 요양원은 노인장기요양보험 적용(20%), 요양병원은 건강보험 적용. ]에서의 업종와 직종,
요양보호사와 간호조무사 &간호사와 양의사 &한의사와 (여기에 또다른 약사와 동물의 관계 수의사 )
​
ㅡ업종이 비슷한데 관계맺음의 대상와 업종 속 직종이 달라서, 허위의 거짓된 관계에 관계들이 다툰다.
​
ㅡ개신교에서의 교회명에 든 글자, 철자가 달라서 관계가 다르다. 한 일례로 ’~제자~ ’…..
‘ 세종우리들교회‘와 ’세종제자교회‘ &’대전제자들의 교회‘와 ’대전제자들교회‘.
​
ㅡ어진동
>‘(세종어진동 520 )may78710 독가미숫불치킨’(&계룡시금암동‘천마산장독대와보리밥’충남계룡시 천마로 87-10)와 ‘강다짐삼각김밥(세종시, 세종소담점: 한누리대로 2003, 세종새롬점: 새롬중앙로 47 세움빌딩, 세종아름점: 보듬3로 95 해피라움3 ) &( 디플레이스DPLACE의 도담동 한누리대로 583)강순대와 커튼이야기천 (&, 강천와 강변 &천강와 유강 &강미래와 강이야기 &‘River Story‘외 강촌 &강산와 강림).
>세종시 OK한방병원와 ‘나루터흑돼지’ &템퍼와 서가엔쿡 &커튼이랑와 BANK /(대전시청역와 대전정부청사역 앞‘대전 유성구봉명동&서구둔산동의 )BANK와 서가엔쿡 &O2와 우성 &,
(서구’탄방동와 용문동‘의  대전 서구 둔산남로105번길 15 지리산산골농장 )지리산흑돼지와 ACE가구 &‘(서구용문동‘힐스테이트의 )THE #‘와 TEMPER가구.
>대전의 버거킹와 현대주유소 &메가시티와,
세종의 버거킹와 SK주유소에서의 메이저시티 /,
>대전서구탄방동의 팔롬비니와 다짐 &Hi5’하이파이브미술학원’대전둔산캠퍼스’와 마라도시 &(대전서구둔산동의 )시티City약국와 { 세종시한누리대로 496 세종리슈빌S‘윤가네남원추어탕, 세종시부강면 부강리 128‘세종남원추어탕 &}(대전양지초등학교주변, 대덕구계족로608번길)남원추어탕 &(서구둔산동 1182)토종남원추어탕와 (대전서구 둔산로74번길 12 둔산동)미스터윤쩜뽕 &( 대전서구 탄방동 695 1층’계룡로553번안길 23)윤짬뽕{경기평택시 비전동 790-4(평택2로 111), 경남통영시 광도면 안정1길 53, 경기광명시 하안동 303, 경기용인시 처인구 포곡읍 영문리 497-22번지, 대구동대구로83길 11, 서울도봉구 방학로 183}와 윤가네짬뽕(대전서구 계룡로583번길 6} &{ ( ‘3 Chome-39-7 Kitashinjuku, Shinjuku City, Tokyo 169-0074 일본‘&’세종갈매로 526‘의 )세종온누리교회의 }Tokyo’동경와 (대전서구 둔산로 64의 )대전온누리교회 &(대전서구 둔산동 1184)송가네칼국시와
(대전서구 대덕대로234번길 46, 둔산동 1309번지 )강씨네화덕생선구이꽃게장.
위 대전 온누리교회자리에서 과거에 이미,
현재의 “ 디플레이스DPLACE와 DH &이밥와 (대전에서의 대정‘삼정’이정’오정…’~정‘글자자리와 함께하는 관계들, 대현와 태현 &삼현와 이현’에 )세현’글자자리 (유성구봉명동의 사이언스타운이 아닌 )‘대덕연구단지 내 과학기술인공제회가 운영하는 국내 유일의 과학기술인 특화 실버타운’사이언스빌리지‘자리의 유성구도룡동’새누리교회가 둔산동 ’LK의 미라클의원와 SK브로드밴드‘자리에서 나갔다. 온누리와 새누리 &대전세종에서의 또다른,
한누리…에서의 ’~누리‘와 ’한우리 정우리…..에서의 ‘~우리’ &‘한사랑 큰사랑 배사랑 김사랑….’에서의 ‘~사랑’와 한아름 /, [ “ 한울'과 '한얼'; 한국의 고유한 天地人사상과 민족 신앙에서 유래한 용어. 주로 우주와 하늘의 신성한 근원을 의미. 한울은 '큰 울타리', '우주', '광명이 빛나는 온 누리'를 뜻, 동학에서는 만물 속에 활동하는 기운(지기)을 의미. 한얼은 하늘을 달리 표현한 것으로 '한알(창조주)'에서 내려온 '한울(우주)'의 정신이나 본질, 혼을 의미 ”에서의 대전유성구덕명네거리 앞 글자관계 ](그리스 신화 속 대지의 여신이자 만물의 어머니의 )가이아Gaia‘와 태현 &SANGSURI와 ‘VEGA HAUS’ &VDI와 MILLAD &‘CAT CLINIC‘와 (주)한얼투어‘한얼자동차 &MONSTER STEAM와 삼영목재‘에서의 한얼 &
서구월평동’도시철도역 갑천역 앞‘의 ‘대한와 한울’관계에, 천주교‘개신교자리 ’하모니Harmony와 레인보우Rainbow‘글자와 불교와 민족종교자리 ‘(우주와 만물의 생성 및 변화를 설명하는 고대 동양 철학의 핵심 이론. 원래 별개였던 음양설과 오행설이 결합하여 하나의 체계를 이룸)음양오행‘陰陽五行 &[ 신점 (무속): 무당(보살, 박수)이 신의 영감으로 길흉화복을 점치며, 신내림 여부에 따라 강신무와 세습무로 나뉩니다. 주로 가족운, 재물운 등 굵직한 사건을 다룹/타로점: 78장의 타로 카드를 선택해 그 상징과 의미를 해석하여 심리 상태나 단기적 상황, 연애운 등을 분석‘에서의 ]‘巫俗의 占’와 타로점…여러 관계들이 섞여있다.
​
ㅡ감자탕 ‘(설농탕과 설렁탕; 이름만 다를 뿐 같은 음식. 조선시대 풍년을 기원하며 선농단(先農壇)에서 제사를 지낸 후 뼈와 고기를 넣어 끓여 나누어 먹던 '선농탕(先農湯)'이 변하여 '설농탕'이 되었고, 이후 '설렁탕'으로 발음이 굳어진 것으로 봄)설렁탕 ’해장국 ’{개고기를 넣은 '개장'에 소고기(肉)를 넣어 끓인 음식이라는 뜻에서 유래했기 때문}육개장 ‘(닭고기를 넣은 요리는 )닭개장 ‘(세종특별자치시 도움1로 108)봉추찜닭와 ‘(서구 가장동 )안동찜닭 ‘(중구 오류동 184-3번지, 파리바게뜨‘군산수송점 주변’동수송7길, 세종보듬3로 8-13 황금빌딩)일미리금계찜닭‘세종도담점
​
ㅡ서가앤쿡와 일당뼈다귀해장국감자탕.
>일당뼈다귀해장국 감자탕.
유성구 봉명1호점; 유성구 계룡로59번길 36,
서구 둔산2호점; 서구 둔산중로46번길 22 형성빌딩)
>2006년 대구 동성로의 작은 호프집 '서가'에서 시작된 퓨전 레스토랑.
>주요 매장 (전국):
AK&기흥점, 인천인하대역점, 영종하늘도시점 등 &,
세종점 어진동 한누리대로 350 뱅크빌딩
대전시청점 대전서구 둔산동 1448
대전은행점 중구중앙로164번길 22-12
​
ㅡblinds/curtains
바른커튼세종점 세종시‘대평동 대평1길38
이랑 커튼 커튼 세종‘다솜로 38
세종 커튼 블라인드 새롬북로 13 새롬동
메이드창 대전 커튼 블라인드 유성구 봉명서로 57-4
대전 윤슬커튼&블라인드 유성구 문지로316번길 14
한솔블라인드 대전공장 블라인드 판매점영업 대덕구 가온비즈타워
커튼명가창 유성구 봉명동 607-3
​
ㅡ세종시’당암정 앞 “ 장어정와 J축산 ”의 “ 몬차이나가 ”가, ” 짬뽕에 반하다 “로 바뀌었다. ‘~반한다’에서의 ‘ 커피에 반하다 ’에 ‘과학에~’&‘수학에~‘
​
https://youtu.be/ULsPY9XhTfA?si=F3VZb-9VUe9CUiZ8
​
[네이버 블로그] 금호김영집
https://m.blog.naver.com/yjsjhs
https://m.blog.naver.com/arangjoeul
https://m.blog.naver.com/bwiwd
​
https://story.kakao.com/kumhokyj/3LAXMT7skN9
​
https://story.kakao.com/kumhokyj/1Iu331dHPN9
​
https://story.kakao.com/kumhokyj/H3FdLP94Roa
​
https://story.kakao.com/kumhokyj/6BIjMBCB5n9
​
https://story.kakao.com/kumhokyj/0JXyFRXr5O0
​
ㅡ공학의 DAVICH안경와 예술의 (da Vinci)다빈치음악학원이 &/,
地名에 든 州‘山’谷‘坪’院‘川’海‘浦’湖‘島…글자들의 관계,
“ ‘내륙의 津 대전대덕구新灘津와 ‘바다의 津 전남康津이 &,
’바다의 灣 ’汝自灣와 島 臺灣(Formosa)이 &,
여기에 또다른 “ 만의 滿’萬‘卍….와 진의 眞’辰‘陣…”한자가 여기에 더하여 &,
世宗市와 世宗里가 &大坪里와 세시봉(C'est si bon: 프랑스어""정말 좋다""뜻)이
&,
종이(紙Paper)와 세종‘世宗가,
글자’문자 속에 든 관계가 ‘다른 자리와의 주변관계가 달라서’ 거짓의 사기극‘에,
‘대전시와 세종시‘에 타지역관계가붙어 수많은 관계들이 다툰다.
​
ㅡ위 상황속에 든 과거의’기존의’당초의 (AK ‘BK ’CK ‘DK ’EK…..KK K&K…..등등 중에서 )AK글자자리에 든 주변관계들,
“ 靑龍와 {스킨다이빙(맨몸, 프리다이빙)과 스쿠버다이빙(장비 착용)을 합쳐 한국에서 흔히}스킨스쿠버 /,
(건축물의 벽이나 천장 등 영구적인 표면에 그려지는 그림)벽화와 ( ’울산울주군 언양읍 대곡리 991-3‘울주 대곡리 반구대/’경북고령군 대가야읍 장기리 532‘고령 장기리의 )‘인류 역사상 가장 오래된’암각화 &(평면 위에 색채로 형상을 표현하는 예술)회화…그림에서의 ’선사유적지&미술관‘ /,
도자기[ 영어 pottery(일반적, 실용적 도자기){ ceramics(도자기류 전체), 또는 porcelain(고급 자기) &(도자기 제품을 통칭 한)china 또는 chinaware &/, Pottery :흙으로 빚은 그릇, 도예 등 실용적인 도자기 제품. /Ceramics :도기와 자기를 포괄하는 학술적/일반적 용어. /Porcelain ;유약을 발라 구운, 희고 투명한 고급 자기. /China/Chinaware ;식기류(식탁용 도자기)를 지칭할 때 주로 사용 } ]와 ‘土器/沙器(砂器’瓷器)/甕器‘항缸아리‘‘에서의 박물관의 ‘도예‘陶藝‘藝人’匠人 /,
위의 도자기‘토기‘사기’옹기’항아리’가 아닌 ’(대전유성구 수통골로 93 )CAFE GRIMJAKI’와 호떡[ 영어로 보통 Hotteok이라 표기. 설명할 때는 Korean sweet pancake(한국식 달콤한 팬케이크) 또는 sugar-filled griddlecake(설탕이 든 철판 케이크) ]에서의 ‘COFFEE MASTER’barista /,
보문산식후경와 금강한의원 &조치원파닭와 김해‘삼성쌸집 ”의 관계에 든 “ 大田와 忠淸北道의 大淸湖”를 낀 ‘500리 길’에서의 ’~길“와
“ 대전 대덕구유성구서구의 신탄진동 (新灘津洞: 새로운 여울 나루터)-덕암동 (德岩洞: 덕이 있는 바위)-목상동 (木上洞: 목상리 위쪽 마을)-용산동 (龍山洞: 용의 모양을 닮은 산)-전민동 (田民洞: 밭이 많고 백성들이 살기 좋은 곳)-문지동 (文旨洞: 글의 뜻을 기리는 마을)-도룡동 (道龍洞: 용이 승천한 길‘도용동의 바른 표기)-가정동 (柯亭洞: 가지가 무성한 정자 나무)-만년동 (萬年洞): 만년 동안 평안하길 기원함)-둔산동 (屯山洞: 군사가 진을 쳤던 산)-갈마동 (葛馬동: 목마른 말이 물을 마시는 형상’살마동의 바른 표기)-내동 (內洞: 안골, 안동네)-정림동 (正林洞: 바른 숲 마을‘정민동의 바른 표기)-흑석동 (黑石洞: 검은 돌이 많은 곳) ……”으로 이어진 대전관계”인 대덕로하스LOHAS와 [ 한밭대로’동서대로’계룡로‘계백로’유성대로’대덕대로….에서의 道路), 通路), 經路등 물리적인 길이나 구체적인 방향을 의미 ]’~路’ /,
(청석골‘청송골’청성골‘오롱골‘감나무골’배나무골’….에서의 ‘대전유성구덕명동’계룡산국립공원수통골분소)水通谷 “에서의 ’~골(谷)’ /,
(충북청원군현도면하석리의 九龍山)懸巖寺와 (청주시상당구문의면 대청호반로 721)문의문화유산단지 &(청주시상당구 문의면 청남대길 646)청남대와 (대전둘레산길‘2022년 대한민국 제7호 국가숲길로 지정된 )대전둘레산길[ 대전 도심을 둘러싼 12개 구간 총연장 138km~162km의 명품 산길로 ‘보문산, 식장산, 계족산 등 주요 산을 연결’된 전국 유일의 도심 순환형 산길.
1~5구간(보문산~만인산~식장산~계족산)/1구간(보문산길): 보문산청년광장-시루봉-금동고개/2구간(만인산길): 금동고개-만인산-만인산휴게소/3구간(머들령길): 만인산-국사봉-삼괴동 덕산마을/4구간(식장산길): 덕산마을-식장산-세천고개/5구간(계족산성길): 동신고-계족산성-질현성-절고개-용화사/6~12구간: 계족산, 우산봉, 갑하산, 빈계산, 성북산, 방동저수지, 구봉산 일대 ].
​
ㅡ위 상황속 관계에 (在世理化의 있을재)’~在‘와 (제나라)‘~齊‘ &’名人‘名品‘名家‘名門…&(明禮坊; 예가 밝은 동네에서 '명'자를 따와 유래된 )서울중구의 明洞와 종로’대치’혜화‘청담’…&’明東와 같이 방향의 자리’東西南北’글자가 붙은,
‘동인’서인‘남인’북인’에서의 ’~人‘에 또다른 ‘~仁어질 인, 忍참을 인, 因인할 인, 引끌 인…“이 더하여 “ in 와 in’s ” /,
” 동림‘서림’남림‘북림….에 더하여 ‘한림’유림’광림’대림‘태림’….“에서의 ‘~林‘ /,
” 동광‘서광‘남광’북광’에서의 (빛광’~光‘와 (넓을광)‘~廣’ /,
(地名의 )남원南原‘에 더하여 ’동원’서원‘남원’북원‘에 또다른 ’화원’부원‘대원’태원….‘~원[ 元,圓,原‘源…..],
글자들에 든 관계의 조합이 달라서 /&
” ’바다의 해조류‘김와 [대전, 세종, 천안 등 충청권에 전문점이 많은, 특히 대전의 띠울석갈비, 월산본가 등, 석갈비맛집. 60년 전통의 띠울석갈비 본점이 가장 대표적. 소석갈비와 돼지석갈비가 유명. 신내동의 황가원(40년 전통) ]석갈비와 냉면’ “이
대륙의 [ 중국에서 유래한 음식. 3세기 무렵 중국 삼국시대 제갈량이 남만 정벌 중 풍랑을 잠재우기 위해 사람 머리를 본떠 만든 음식을 제물로 바쳤다는 전설이 유래] 饅頭만두와,
甲川을 사이에 두고서 “ 대덕구목상동와 유성구용산동 ”이 관계가갈라져,
[ “ 文房四友;서재(文房)에서 쓰는 네 가지(四) 친구友, 종이·붓·먹·벼루. 중국 당나라 때 의인화에서 유래한, 선비들이 아끼는 보물이라 하여 문방사보文房四寶라고도 부름. “에서의 “ ‘~문구’와 사무용품&office오피스 “글자관계 중]삼화문구와
(유한양행과 미국 킴벌리클라크의 합작으로 설립된 대한민국의 대표 위생·생활용품회사)유한킴벌리자리에서,
성경'이라는 이름을 공유하는 두 브랜드[ >>지도표 성경김 (&독도와 지도): 2025년 말, 에너지 전문 기업인 삼천리그룹에 인수되어 식품 사업 분야의 새로운 성장 동력으로 주목. 독도 표기: 제품 패키지에 대한민국 영토인 독도가 표기된 지도를 사용. 최근 일본 수출 과정에서 이 이미지 제거 요구를 거절해 수출이 중단된 사례로 '애국 기업'이라는 긍정적인 평가를 받기도. >>성경만두요리전문점: 수제 만두와 만두전골을 전문으로 하는 외식 프랜차이즈
본사가 있는 대전 지역(관평점, 신탄진점 등)을 비롯해 서울 종로점 등 전국 곳곳에 매장을 둠. 주)성경에프앤에스 경기안양시 동안구 시민대로 295. 본사 및 제1공장: 대전광역시 대덕구 신탄진로 351 (와동) 제2공장(진도): 전라남도 진도군 군내면 녹진리 일원 (마른김 생산라인 구축)
제2공장(대전): 대전광역시 대덕구 신탄진로 377 제3공장(대전): 대전광역시 대덕구 신탄진로 349 ]가 붙어서,
과거와 현재의 관계가 다툰다.
​
https://youtu.be/qZu0ybjzDMs?si=vX7xiK2dYCHUasRT
​
과학이 발전한 시대에도 종교가 계속 되는 이유 f.성해영 서울대학교 종교학과 교수 [신과함께]
삼프로TV 3PROTV
​
https://youtu.be/aqBqrVSWn0Y?si=lWXNVxTO9Ib2SW6P
​
‘신'은 정말 존재할까? (김학철 교수 / 풀버전)
신사임당
​
https://youtu.be/aqBqrVSWn0Y?si=lWXNVxTO9Ib2SW6P
​
https://youtu.be/Xg6iAq3edUA?si=DeJk3V0F3yb3-n9e
​
""단순히 싫어서가 아니다"" 유대인들이 예수를 죽인 '진짜 이유' | 김학철 교수 특집
​
조한범TV
​
https://youtu.be/PKMurywjKfI?si=2MlcuGAs_tPVMb61
​
AI에게 국적을 묻다 [풀영상] | 창 543회 (KBS 26.4.7.)
KBS시사
""한국인이 쓰는 AI는 누가 만들었습니까. 그리고 누가 통제합니까.""
미국 정부는 이란 전쟁 시작 직전, AI 모델 클로드를 만든 회사 앤트로픽을 '공급망 위험 기업'으로 전격 지정했다.
하지만 국방망에 통합된 클로드를 바로 배제하지는 못했고 이란 공습 과정에 활용했다.
앤트로픽은 자사 AI가 동원되는 것을 막지는 못했다.
AI의 위력, 그리고 모호한 통제권이 드러난 순간이었다.
​
■글로벌 AI 패권 전쟁 … 한국형 AI 시동
한국은 독자 파운데이션 모델, 즉 한국형 AI를 가지려 한다. 정부가 개발에 나선 것은 2025년 말. 5,300억 원이 투입됐다.
'독자 AI 파운데이션 모델' 사업에 참여한 기업들 가운데 지난해 12월, 네이버와 NC AI가 탈락하면서 지금은 LG·SKT·업스테이지·모티프, 이렇게 4팀이 개발 경쟁을 벌이고 있다.
​
■ 소버린 AI, 도전의 시작
""이번 2차수가 제일 보릿고개 같아요"" 현장 개발자들은 한숨을 쉰다.
인터넷 데이터는 이미 고갈됐고 GPU(AI 학습과 추론에 필요한 대규모 병렬 연산용 고성능 반도체)는 부족한데 경쟁 상대는 세계 최고 수준의 모델들이다.
‘시사기획 창’ 취재진은 모델 개발에 매달리는 개발실은 물론, 음성 데이터를 모으는 현장과 100명이 게임을 하며 행동 데이터를 쌓는 PC방, 로봇 연구실들을 찾아갔다.
​
■ 엔비디아의 공장이자 도전자
경기도 용인 SK하이닉스 1기 팹에만 31조 원이 투입되고 있다.
한국은 엔비디아의 GPU에 들어가는 HBM 메모리를 세계에서 가장 잘 만드는 나라다. 동시에 한국 스타트업들은 그 엔비디아에 도전하고 있다.
한국의 반도체 스타트업들은 특히 AI를 실제로 활용하는 단계에서는 막대한 NPU, 추론 특화 반도체가 필요할 것이라고 기대한다. 정부도 막대한 자금을 직접 투자하는 등의 방식으로 힘을 보태고 있다.
​
■ K-AI 활용이 진짜 시험대
소버린AI 참여사가 시연한 국방AI는 이란 전장을 누비는 AI와는 거리가 있었다. 아직은 챗봇수준이다.
""지금 이 정도 투자를 하지 않으면 기술 종속은 더 심해질 것""이라는 말과, ""다운받아서 쓰면 아무도 모르는데 왜 만들어야 하느냐""는 의구심이 동시에 존재한다.
한국형 AI를 만들어서 공개한 뒤, 얼마나 많은 국민과 기업들이 실제로 활용할지가 진짜 시험대다.
AI의 국적보다 성능이 더 중요할 수 있다는 뜻이다.
​
#소버린AI
#AI
#인공지능
#반도체
#로봇
#엔비디아
#삼성전자
#하이닉스
#국방AI
#피지컬AI
#데이터
#NPU
#HBM
#GPU
#시사기획창
​
취재기자 : 범기영
촬영기자 : 이정태
영상편집 : 성동혁
자료조사 : 이영주 김선경
조연출   : 윤상훈
​
방송 : 2026년 4월 7일 밤 10시 KBS 1TV 시사기획 창
​
홈페이지 https://news.kbs.co.kr...
유튜브    / @kbssisa
페이스북   / changkbs
WAVVE '시사기획 창' 검색
​
KBS시사
구독자 64.2만명
​
https://youtu.be/GlpppXtuepA?si=QDkhInpAGp1ExGiH
​
1강 고대근동의 공간과 시간 | 주원준의 “고대근동 3천 년과 이스라엘”
#클래스e
#주원준
​
EBS 클래스e
채널에 가입하여 혜택을 누려보세요.
/ @ebsclasse
​
#클래스e
#주원준
#이스라엘
#고대
#역사
이스라엘을 알기 위해서는 고대근동의 작은 나라를 알아야 한다?!
기원전 3000년. 우리가 알지 못했던 시간, 우리가 알지 못했던 공간! 우리는 왜 고대근동을 알아야 하는가?
​
[클래스e] 월~금 오전 05:30, 월~목 밤24:00, EBS 1TV
클래스e 공식 홈페이지 👉 https://classe.ebs.co....
​
https://youtu.be/-y7Y89VlDUA?si=jFYiOZtM6DC7QAO_
​
이집트 몰락의 시작… 최고 전성기에 벌어진 일 | 주원준 한님성서연구소 수석연구원 [에인션트]
​
삼프로TV 3PROTV
#삼프로TV
#3protv
#삼프로
​
========================
​
[네이버 블로그] 금호김영집
https://m.blog.naver.com/yjsjhs
https://m.blog.naver.com/arangjoeul
https://m.blog.naver.com/bwiwd
​
https://story.kakao.com/kumhokyj/H3FdLP94Roa
​
https://story.kakao.com/kumhokyj/cHFNedQD6O0
​
https://story.kakao.com/kumhokyj/3ZJK5WuP3n9
​
https://story.kakao.com/kumhokyj/aDIfzPmD6O0
​
https://story.kakao.com/kumhokyj/6BIjMBCB5n9
​
백록담‘한라산이 남한이남 제주도‘섬와 다투고,
천지 ’백두산이 북한이북 만주‘대륙와 다툰다.
동해가 독도‘울릉도와 다투고
서해가 [인천의 백령도·대청도(서해 5도), 대교로 연결된 무의도·석모도, 갯벌 체험이 유명한 서산 웅도,
​
[네이버 블로그] 금호김영집
https://m.blog.naver.com/yjsjhs
https://m.blog.naver.com/arangjoeul
https://m.blog.naver.com/bwiwd
​
https://story.kakao.com/kumhokyj/3ZJK5WuP3n9
​
https://story.kakao.com/kumhokyj/aDIfzPmD6O0
​
https://story.kakao.com/kumhokyj/6BIjMBCB5n9
​
백록담‘한라산이 남한이남 제주도‘섬와 다투고,
천지 ’백두산이 북한이북 만주‘대륙와 다툰다.
동해가 독도‘울릉도와 다투고
서해가 [인천의 백령도·대청도(서해 5도), 대교로 연결된 무의도·석모도, 갯벌 체험이 유명한 서산 웅도, 보라색 테마의 신안 퍼플섬 등&)안면도와 다투고
남해가 [남해도와 창선도라는 큰 섬을 중심으로, 60여 개의 크고 작은 섬들로 이루어진 '보물섬' 관광 명소입니다. 다리(남해대교, 삼천포대교)로 연결되어 접근성이 뛰어나며, 섬이정원 같은 이국적인 정원, 독일마을, 다랑논, 낚시 체험 등 사계절 힐링 여행지로 인기가 높음 ]다도해와 다툰다.
​
ㅡㅡㅡㅡㅡㅡㅡㅡㅡㅡㅡㅡㅡㅡㅡㅡㅡㅡㅡㅡㅡㅡㅡ출처; 페이스북 한정석님 게시글 펌글
​
https://www.facebook.com/share/p/17koAoF2oM/?mibextid=wwXIfr
​
나는 이재명을 지지하지 않는다.
다만, 이재명도 실패하면 정말 답이 없다는 것일 뿐.
그 다음엔 정말 듣도 보도 못한 괴물이 등장한다. 그것 뿐이다.
​
파시즘은 좌나 우, 진보나 보수 모두 실패할 때 등장한다.
차라리 어느 한 쪽이라도 성공하는 것이 낫다.
진보에게는 보수 정권이, 보수에게는 진보 정권이.
​
신자유주의로 가든, 사회주의로 가든...
일단 주권 체제가 유지되면 견디면 되지만,
주권 체제가 붕괴되면 답이 없다. 주권의 광역화가 일어난다.
현재로서는 북한이나 중국에 접수되는 상황.
​
북한에 접수될 가능성이 어느 때보다 높다.
트럼프와 시진핑이 딜하기 나름이다.
​
남한이 만일 지금 북한에 접수되면,
우파 보수가 아니라 좌파 진보들이 먼저 숙청된다.
​
민주당은 모두 숙청된다. 김정은 만세를 불러도 그렇게 된다
​
[네이버 블로그] 금호김영집
https://m.blog.naver.com/yjsjhs
https://m.blog.naver.com/arangjoeul
https://m.blog.naver.com/bwiwd
​
https://story.kakao.com/kumhokyj/H3FdLP94Roa
​
https://story.kakao.com/kumhokyj/cHFNedQD6O0
​
https://story.kakao.com/kumhokyj/3ZJK5WuP3n9
​
https://story.kakao.com/kumhokyj/aDIfzPmD6O0
​
https://story.kakao.com/kumhokyj/6BIjMBCB5n9
​
백록담‘한라산이 남한이남 제주도‘섬와 다투고,
천지 ’백두산이 북한이북 만주‘대륙와 다툰다.
동해가 독도‘울릉도와 다투고
서해가 [인천의 백령도·대청도(서해 5도), 대교로 연결된 무의도·석모도, 갯벌 체험이 유명한 서산 웅도, 보라색 테마의 신안 퍼플섬 등&)안면도와 다투고
남해가 [남해도와 창선도라는 큰 섬을 중심으로, 60여 개의 크고 작은 섬들로 이루어진 '보물섬' 관광 명소입니다. 다리(남해대교, 삼천포대교)로 연결되어 접근성이 뛰어나며, 섬이정원 같은 이국적인 정원, 독일마을, 다랑논, 낚시 체험 등 사계절 힐링 여행지로 인기가 높음 ]다도해와 다툰다.
​
ㅡㅡㅡㅡㅡㅡㅡㅡㅡㅡㅡㅡㅡㅡㅡㅡㅡㅡㅡㅡㅡㅡㅡ출처; 페이스북 한정석님 게시글 펌글
​
https://www.facebook.com/share/p/17koAoF2oM/?mibextid=wwXIfr
​
나는 이재명을 지지하지 않는다.
다만, 이재명도 실패하면 정말 답이 없다는 것일 뿐.
그 다음엔 정말 듣도 보도 못한 괴물이 등장한다. 그것 뿐이다.
​
파시즘은 좌나 우, 진보나 보수 모두 실패할 때 등장한다.
차라리 어느 한 쪽이라도 성공하는 것이 낫다.
진보에게는 보수 정권이, 보수에게는 진보 정권이.
​
신자유주의로 가든, 사회주의로 가든...
일단 주권 체제가 유지되면 견디면 되지만,
주권 체제가 붕괴되면 답이 없다. 주권의 광역화가 일어난다.
현재로서는 북한이나 중국에 접수되는 상황.
​
북한에 접수될 가능성이 어느 때보다 높다.
트럼프와 시진핑이 딜하기 나름이다.
​
남한이 만일 지금 북한에 접수되면,
우파 보수가 아니라 좌파 진보들이 먼저 숙청된다.
​
민주당은 모두 숙청된다. 김정은 만세를 불러도 그렇게 된다.
오히려 보수가 김정은에게는 쓸모가 있다.
​
ㅡㅡㅡㅡㅡㅡㅡ
​
ㅡ캘리포니아 브레드
• 대한민국 제과기능장이 운영하는 대형 베이커리 맛집. 시청역 근처(서구 둔산남로91번길 13)
• 캘리포니아 지역 베이커리
캘리포니아 브레드는 고소한 캘리포니아 호두를 활용한 건강빵 레시피나, 1849년 골드러시 시대부터 이어진 샌프란시스코의 유명한 사워도우 빵을 의미
유명 맛집: 에릭샤츠 베이커리(Erick Schat's Bakkery) 같은 100년 전통의 유명한 장인 베이커리
​
ㅡ주)캘리포니아베이커리카페와 CU편의점 &한남대와 59쌀피자 /,
주)캘리포니아베이커리카페와 GS25시편의점 &우송대와 임실치즈피자 /
BREAD MAMA와 GS25시편의점 &한밭대와 GOPIZZA /
BREAD MAMA(브레드마마; 세종특별자치시 갈매로 562/
세종 조치원읍 돌마루길 25)와 emart24시편의점 &서울대와 (도안동 치즈피자맛집 순위 )1. 윤찬비스트로 대전서구 · 2. 고피자 대전도안점 · 3. 풀스가든 대전서구 · 4. 59피자 목원대 · 5. 파파존스 대전관저점 · 6. 도미노피자 /
한국의 대표 베이커리 프랜차이즈로, 파리바게뜨는 부드러운 식감과 다양한 종류, 뚜레쥬르는 쫀득한 식감과 맛의 밸런스에서 차이;
( 본사; 경기도 성남시 중원구 사기막골로31번길 18(상대원동 /양재 본점 위치: 서울강남구 남부순환로 2627 영진빌딩 1층 베이커리, 2-3층 카페 }파리바게뜨와
( 본사(제일제당센터점 서울중구 쌍림동에 위치 )CJ제일제당 빌딩 /CJ푸드빌에서 운영하는 브랜드 중 하나 )뚜레쥬르 /
성심당[ 본점 제과점 대흥동 ‘DCC점 도룡동 ‘롯데백화점 대전점 서구 ‘케익부띠끄 본점 제과점 대흥동 ‘옛맛솜씨 제과점 대흥동 ‘문화원 커피숍/커피 전문점 대흥동 ‘플라잉팬 이탈리아 요리 대흥동 ‘우동야 우동 대흥동 ‘시루케익전문점 케이크 전문점 대흥동 ‘리틀키친 음식점 서구 ‘롯데백화점 대전점 백화점 서구 ‘우동야 dcc점 한식 도룡동 ‘튀소정거장 제과점 도룡동 ‘성심당제과제빵학원 학원 은행선화동 /테라스키친 음식점 대흥동 &/, 몰튼버터 제과점 마음안1로 137 가락마을18단지 /삐아또 이탈리아 요리 대흥동 /팡쇼과자점 제과점 노을3로 25 대흥동 ] /
​
ㅡ고깃집와 횟집 /bread와 Pizza /한식와 중식 /서남’동남아시아와 서양식
八先生中華料理[고운북8길 3/용인시 기흥구 죽전로43번길 11-25]와 화식(和食, 와쇼쿠: 일본의 전통적인 식문화. 2013년 유네스코 인류무형문화유산으로 등록된 일본 요리의 정석. 재료 본연의 맛을 살리는 담백함과 계절감이 특징. 반면, 한국에서 흔히 사용하는 '일식(日食)'은 일본 요리 전체를 통칭 or 일식/중식/한식과 같이 식당 종류를 구분하는 일상적인 용어 ]와 (헌돈 &도드람의 세종시 마음로 248)9292고깃집와 ‘동남아 화교 음식’[ 중국 이주민들의 식문화가 현지 식재료, 향신료와 결합하여 발전한 융합 요리 . 대표적 동남아 화교 음식 바쿠테 (Bak Kut Teh)]: 말레이시아와 싱가포르의 대표적인 보양식으로, 돼지 갈비를 한약재와 함께 푹 고아낸 음식 /카오만까이 (Khao Man Gai): 중국 하이난식 치킨라이스가 태국식으로 발전한 형태로, 삶은 닭고기와 밥, 소스를 곁들여 먹음 /락사 (Laksa): 코코넛 밀크 베이스에 향신료를 듬뿍 넣은 매콤한 국수 요리로, 중국식 면 요리와 현지 식재료가 결합된 대표적인 '뇨냐(Nyonya)' 요리 /로헤이 (Lo Hei): 싱가포르 등에서 설날에 먹는 요리로, 생선과 채소를 소스에 버무려 높이 들어 올리며 복을 비는 회 무침 /티코이 (Tikoy): 필리핀 화교들이 설날에 선물하는 찹쌀떡으로, 쫀득한 식감과 달콤한 맛이 특징 ]
​
ㅡ‘대전시의 예술가’레오나르도 다 빈치(Leonardo da Vinci)’와
세종시아름동의 다비치DAVICH안경.
세계적으로 보편적 예술의 기반을 제시한 선구자이자, 인간 지성의 정점에 도달했다고 평가받는 불세출의 천재로, 인류 역사에 한 획을 그은 인물이다.
​
ㅡ온드림 두드림 도드람 다드림……드림DREAM와 ’THE DREAM‘…..
대전유성구덕명네거리의 “ 베네치아와 한마음 &아름드리와 아이누리 ”/
세종시아름동의 iloom와 온드림 &아름드리와 다짐헤어 &공감수학와 다비치DAVICH안경 /
위 자리에서 과거에 이미 연안식당이나가고 현재의 산시도삭면으로 &대전애서도 똑같이 서구둔산동 교보문고자리에서 연안식당이 ’양고기전문‘마이램(구 우마이라무, 대전서구 둔산동 1362번지 교보 문고)으로 &서구 둔산중로 54 (둔산동 1412, 시청 네거리)에서도 연안식당이 마성소국밥으로 바꿨다. 다비치안경와 마성소국밥 &산시도삭면이 연안식당와 관계가 달라져서 다툰다.
​
>다비치안경‘DAVICH; 2025년 1월 기준 서울종로구 수표로 91 다비치타워로 본사를 이전. 체인본사: 서울용산구 만리재로 190-1. 대전동구 중동‘중앙로 198
​
>마성소국밥족발 둔산시청본점(서구 둔산중로 54 /중구 안영동 692-6 /대전역점 동구중앙로200번길 3 /도안가수원점 대전서구 도안동 1680 /대전동구 성남동 494-15 )
​
> 송화산시도삭면 (건대/성수)와 이가산시도삭면(홍대/연남) &진미산시도삭면(대림본점, 서울 영등포구 도림로38길 11-1)
​
>연안식당 (초기 인천 송도점이 본점격으로 시작 현재는 대다수 매장이 )디딤이앤에프애서 운영 중. 2018년 서울 강남 도곡동에 서울 1호점시작하여, 사명을 ‘디딤이앤에프’에서 ‘선샤인푸드’로 변경 /출처 : 이코노미사이언스(https://www.e-science.co.kr).
​
[네이버 블로그] 금호김영집
https://m.blog.naver.com/yjsjhs
https://m.blog.naver.com/arangjoeul
https://m.blog.naver.com/bwiwd
​
https://story.kakao.com/kumhokyj/H3FdLP94Roa
​
https://story.kakao.com/kumhokyj/b1g5gi8kwn0
1/3
ㅡ食이 地名‘자리가 달라서 관계가다르다. 北京와 函谷關의 中国‘中華에 美‘味‘肉‘火食 /平壤와 Tokyo東京의 東國‘東明에 麥‘米’和食‘사시미(刺身, さしみ;회膾 or 鱠)
/(야생 염소의 서식지, 험준한 절벽와 바위가 많은 )산악지대와 흑염소‘ Black Goat,’黑山羊(or 黑羊)와 (야생 양의 서식지, 중앙아시아‘히말라야등 해발 1천~4천m의 험준한 )고산지대의 ’어린 양‘Lamb/’다 자란 양‘Mutton’에 [ 염소의 탕‘전골’수육‘무침’와 양고기의 (냄새 제거가 핵심. 올리브유와 큐민 가루를 발라 팬에 구워내는 )스테이크‘(핏물을 뺀 후 된장 양념으로 끓여내는 )전골 ]羊肉
/漢陽와 京城의 韓食(밥 중심의 한상차림)와 韓定食(일정한 가격에 여러 요리가 순서대로 나오는 서양식 서비스 방식이 접목된 형태)
/白頭大幹와 東海’西海‘南海의 玆山魚譜’山海珍味에 南道飯床와 “돼지, 닭, 오리는 대표적인 식용 가축 및 가금류[ 소’牛’Cow암소‘Ox황소/일소’Cattle(소 전체)’Beef(소고기)-돼지’Pig‘豚‘Hog‘Swine’Pork(돼지고기)-닭‘鷄’Chicken (닭/닭고기)-오리‘Duck’鴨 (오리/오리고기) ]의 육‘肉.
/동서양의 식문화.
>주식(밥 vs 빵/밀), 조리 방식(볶음/찜 vs 오븐/그릴), 식사 도구(젓가락 vs 나이프/포크)에서 큰 차이.
>동양은 쌀과 발효 장류 중심의 조화로운 식단 선호.
>서양은 육류와 유제품, 소스 중심의 개별적인 맛을 강조.
>동서양 식문화의 주요 차이점
• 주식과 식재료: 동양은 쌀(밥)을 중심으로 채소와 생선을 곁들인 식단,
서양은 밀(빵), 감자, 육류(소·닭)와 유제품을 주식.
• 조리법과 도구: 동양은 웍(Wok)을 사용한 센 불 볶음, 찜, 국/탕(수식·저식) 중심,
서양은 오븐, 프라이팬을 활용한 구이(직화)나 튀김, 소스 요리가 발달.
•맛의 원천: 동양은 장류(간장, 된장, 고추장)를 활용해 재료와 양념의 조화를 중시.
서양은 허브와 향신료, 버터 등을 활용해 주재료의 맛을 살림.
•식사 방식: 동양은 공동 반찬을 공유하는 문화가 발달.
서양은 개인별 접시에 요리가 제공되는 코스 요리 문화가 발달.
• 환경적 요인 : 이러한 차이는 동양의 고온 다습한 기후와 농경 사회, 서양의 평야지대와 목축 중심의 환경 등 지리적 배경에 기인.
출처;
동서양 음식문화의 차이 레포트(해피캠퍼스)
동양음식과 서양음식의 차이점 블로그(네이버)
동서양 식문화 이야기 1편(YouTube)
'밥과 빵' 주식문화가 낳은 차이(KCI)
'밥과 빵' 주식문화가 낳은 차이(Semantic Scholar)
[동서양의 음식문화의 차이(Professional Barbecuer)]
https://www.professionalbarbecuer.com/43/?bmode=view&idx=127980
​
ㅡ科學의 (자연의 이해‘Knowledge)探究가 工學의 技術와 다르고 機能의 匠人이 技術와 법률적관계가 달라서 관계가 같으나 다르다말하고있는데,
역으로 다른 “ 文學의 文人와 藝術의 藝人은 “ 科學와 工學 &機能 ”와 같다고 말하고있고, “藝人와 藝家 “는 자기와는 글자가 다른 “ 禮山와 禮唐 ”와도 같다고말하고있는데,
역으로 ” 文學의 文人와 藝術의 藝人은 文家와 藝家와 다르다 말한다. 같은데 무엇이 달라서 다르다 말하고 &다른데 무엇이 같아서 같다고 말하는가?.
​
ㅡ策士‘謀士’冊나무의 冊房‘書店&WORK’153UP의 다우’큰나무大木&ACE현암智山‘箕山/巨山RAON曉星‘DAON코오롱KOLON ‘158의 巨商GS大宇와 三星’曉山의巨龜‘巨象‘
​
아파트APT자리의 다우와 大德 &策士‘謀士’冊나무의 冊房‘書店 &,
“ 요양원의 사랑나무와 호텔나무‘HOTEL의 WORK’UP &아늑와 다우 &주상복합다세대와 오피스텔 ”자리의  [ "" 韓民族의 前進 “이라는 뜻의 ]韓進 &,
유성구봉명동 ‘장급여관[과거 20실 이상의 객실을 갖춘 2세대 대중 숙박시설, 1세대 여인숙에서 진화한 형태. 현재는 모텔이나 게스트하우스 등으로 리모델링 or 저렴한 장기 투숙(달방) 수요를 충족하는 숙박시설]와 유성CJ나인파크아파트자리의 153UP &다우와 DONUT &다복와 큰나무 &,
‘ 大木와 ACE &현암와 智山 ’의 다인와 다원 &,
‘箕山와 경동 &새마을’의 엔지니어링[ Engineering( 과학, 기술, 수학적 원리를 응용하여 산업 설비, 구조물, 시스템 등을 기획, 설계, 제작, 운영 및 유지보수하는 전 과정) ]와 사각‘입체’큐브(6개의 정사각형 면으로 이루어진 정육면체’Cube) &,
‘호텔와 오피스텔’자리의 “ 158Coffe와 巨商GS大宇와 曉山의 巨龜‘巨象와 다이소몰Daisomall[ 주식회사 다이소 산업(株式会社大創産業 )은 일본의 100엔 숍 다이소(ダイソー)를 운영하는 기업. 본사 일본 히로시마현 히가시히로시마시 ] ” &,
巨山의 RAON曉星와 巨星의 DAON코오롱KOLON.
​
•한자 표기: 智異山 (지이산)&읽기: 지리산
경상남도의 하동군, 함양군, 산청군, 전라남도의 구례군, 전북특별자치도의 남원시 등 3개 도, 5개 시군에 걸쳐있는 산이며 백두대간의 종점.
의미: 지혜의 산, 대승불교에서 지혜를 상징하는 문수보살이 머무는 산이라는 의미에서 유래했다는 견해가 지배적. 한국민족문화대백과사전.
과거에는 두류산(頭流山), 방장산(方丈山) 등으로도 불려. ‘智異'는 우리말 '지리'를 한자로 옮긴 음사(音寫)로, '지리하다(산이 높고 넓다)'는 뜻에서 유래했다는 설도 있음. 학술논문검색사이트 KISS.
​
•기산(箕山):
굳은 절개나 신념을 뜻하는 고사성어인 기산지절(箕山之節)에 사용. 箕 (키 기): 키, 곡식을 까부르는 도구, 성씨.
山 (뫼 산): 산, 뫼.
중국 요임금 시대에 허유가 은거했던 산에서 유래하여 속세를 떠나 절개를 지키는 곳을 비유. 기호일보
주요 성어: 기산지절(箕山之節): 기산의 절개. 외적 환경에 굴하지 않는 굳은 신념( 기산심해(氣山心海): 기산심해. 김포신문), 또다른 譏訕(기산): 남을 헐뜯는다는 뜻.
​
• 현
現 (나타날 현): 현재(現在), 현금(現金), 현장(現場)
玄 (검을 현): 현무암(玄武岩), 현묘하다(玄妙-)
賢 (어질 현): 현명하다(賢明-), 현인(賢人)
懸 (매달 현): 현수교(懸垂橋), 현상(懸賞)
弦 (시위 현): 현악기(絃樂器)
炫 (빛날 현): 현란하다(炫爛-) 나무위키
이 외에도 현(縣, 고을 현), 현(舷, 배 옆 현)등Wiktionary
​
•巨星(jùxīng); 천문학적으로 태양보다 반지름과 밝기가 훨씬 큰 별인 '거성(Giant star)'을 뜻 &연예/스포츠 분야의 '슈퍼스타(Superstar)'를 뜻. 연예계의 아주 유명한 사람을 지칭할 때 주로 사용. 비유적으로 큰 영향력을 가진 존재를 의미 Wiktionary, the free dictionary
산업/기업: 杭州 소재의 제조업 기업 巨星控股集团 (Great Star Group)巨星 集团.
동의어 (Synonyms): 슈퍼스타: 超级明星 (chāo jí míng xīng), 巨星 (jù xīng) /천문학: 거성 (巨星)巨星 集团
​
•다우와 ‘GOLD BOO’골드북서점(둔산선사점, 서구’둔산동 1002‘월평3동 월평북로 85).
다우(茶友); 차(茶)와 함께하는 벗을 뜻 &차를 마실 때 다판(茶盤)에 올려두고 차를 부어주는 도자기 인형.
다우(多雨); 비가 많이 내리는 것을 뜻
다우(多祐); 세상에 많은 도움을 준다'는 의미의 기업명
茶友 (차 다, 벗 우):
多雨 (많을 다, 비 우): 비가 많이 내림.
多祐 (많을 다, 도울 우): 세상에 많은 도움을 준다(다우기술).
多憂 (많을 다, 근심 우): 근심이 많음
​
• 큰나무와 책통책먹는 마법사‘여우‘배우“
• 부산현대미술관 책그림섬; 예술성이 ㅡ중략ㅡ
​
[네이버 블로그] 금호김영집
https://m.blog.naver.com/yjsjhs
https://m.blog.naver.com/arangjoeul
https://m.blog.naver.com/bwiwd
​
https://story.kakao.com/kumhokyj/8JFUKLGjkN9
​
https://story.kakao.com/kumhokyj/GKfkNfYWNOA
​
https://story.kakao.com/kumhokyj/1PUI9povMN9
2/3
ㅡ 중 략 ㅡ
​
• 큰나무와 책통책먹는 마법사‘여우‘배우“
• 부산현대미술관 책그림섬; 예술성이 뛰어난 팝업 북, 어린이를 위한 독립 출판물, 다양한 언어의 그림책 등을 소장
• 송파책박물관 책과 사람이 만나는 공간, 송파책박물관; 책 - 송파 책박물관 전시. 상설전시. 상설전시 · 북키움 첫 번째 전시 : 나는 동화 마을에 살아요
• 책먹는미술관의 아이들; 그림책을 통해 사고하고 상상하고 소통합니다. Story art factory · Our story · Plan & Vision
• 책먹는하마; 정약용의 초서(抄書) 기법과 OPRS-T(요약) 학습법을 활용해 초등학생의 문해력과 사고력을 키우는 연구 기반 독서논술 프로그램
• 현대어린이책미술관‘MOKA; 국내 최초 '책'을 주제로 그림책 관련 전시, 테마교육, 열린서재
대전학생교육문화원 중구 동서대로 1360
한밭도서관 중구 서문로 10 (문화동)
가오도서관 동구 동구청로 147(가오동)
갈마도서관 서구 신갈마로127번길 138(갈마동)
노은도서관 유성구 노은동로243번길 34(지족동)
석봉도서관 대덕구 대덕대로 1579(석봉동)
​
ㅡ세종시이름동의 “ iloom와 육회바른연어 &icom와 Urban &다짐와 홍대미대 “ /,
홍대개미와 홍대포차 &홍익인간와 홈플러스express &대덕프라자와 BK &홍루이젠와 홍한울짬뽕 &WOORASAN와 홍천식당(콩나물밥과 콩나물국밥 24시간 영업 맛집) &곱창고와 곱창군 /,
대한곱창와 NASA &(한신우동과 한신포차; 얼큰한 맛과 추억의 포차 감성을 공유하지만, 다른 브랜드로, 한신우동은 즉석 생면 우동과 돈까스를 주력으로 하는 식당, 한신포차는 닭발로 유명한 80년대 감성의 실내 포차 프랜차이즈)한신포차와 한신우동와 &/,
한신SMECA 대덕 비즈센터’와 나사볼트 &삼화문고와 성심49플란트치과의원(유성구 테크노중앙로 47)
​
ㅡ테트라포드(Tetrapod)
프랑스에서 개발된 주로 해안가 파도의 에너지를 분산 감쇄시켜 방파제와 해안을 보호하기 위해 설치하는 4개의 뿔 형태 블록모양의 콘크리트 구조물.
​
ㅡ‘아라'.
>>바다의 옛 순우리말, 감탄사, 혹은 고유명사로 사용. 주요 의미로 바다(고어)나 연못을 뜻. “어머나"", ""와""와 같은 감탄사로 쓰이거나, 일본 서브컬처에서 연상의 여성이 사용하는 ""어머 어머""라는 표현.  나무위키
>>사용 예시:
>순우리말/지명: 바다, 고대 가야의 일파인 아라가야, 또는 제주도의 아라동.
>감탄사: ""아라 아라""처럼 감탄이나 놀람을 표현 (주로 만화/애니메이션).
>브랜드/기업명:
•(첨단 AI 로봇 기술을 바탕으로 고객 맞춤형 솔루션을 제공하는 전문 기업; 충남천안시 동남구 풍세면 풍세산단로 233)주식회사 아라,
•(경북포항시 남구 상도로 42, 2층 상도동 /경기지사 : 안양시 동안구 흥안대로 427번길 38 성지스타위드)아라기술
•대학 정보 공유 플랫폼 '아라 https://www.a-ra.co.kr 대학시험의 모든 것 아라는 다 안다! · 정보를 누구에게나 공정하고 공평하게&선배랑 친해져야 받을 수 있는 돈을 주고 사야하는 족보는 그만.
>캐릭터/아티스트: 게임 《엘소드》의 캐릭터 '아라', 가수 '아라'. 출처: 대학시험의 모든 것,
> a-ra &(세종시와 대전시에서의 )“ 조아라 좋아라 GO-ARA고아라 T-ARA티아라 “.
>주)오복이야기 인천광역시 계양구 장제로 708 한샘프라자[ 오복솥뚜껑은
http://xn--9o0bu1mjtffmfnug.kr/
20년 요식업 경험의 노하우를 살려 4년 넘는 기간동안 테스트를 거처 한국의 전통 음식 문화와 현대적인 감각을 조화롭게 결합한 고깃집 브랜드 ]
오복솥뚜껑
구월점 인천 남동구 인하로489번길 28
홍대점 서울 마포구 잔다리로6길 35
홍대반가점 서울 마포구 어울마당로 116
목동점 서울 양천구 신정중앙로 101
영등포점 서울 영등포구 영중로4길 16-1
범계점 경기 안양시 동안구 평촌대로223번길 11
송내역점 경기 부천시 원미구 부일로 203
계양구청점 인천 계양구 도두리로 14 맘모스타운
연수구청점 인천 연수구 용담로118번길 21
송도타임스페이스점 인천 연수구 하모니로138번길 11
루원시티점 인천 서구 가정로 406 판매시설 A동
옥련점 인천 연수구 옥련로 45
일산라페스타점 경기도 고양시 일산동구 장항동 736-4
구로디지털점 서울 구로구 디지털로32나길 38
부평점 인천 부평구 시장로20번길 15
​
ㅡ(대전동구 대동 402 9번지)돈돼지삼겹살 (서울마포구 동교로 2362)꿀돼지집 (대전유성구 봉명동 564-19번지)유성꽃돼지한식 ‘충전돼지’ /대전세종의 ’홍익돈꺼스‘와는 또다른 글자관계 ’다돼지’가 나간자리에 ‘101번지 남신돈까스’가 들어섰다.
​
ㅡ‘다돼지'
1) '모두 돼지띠'를 의미하는 신년 문구,
2) 이경은 작가의 그림책 제목,
3) 고깃집 등 상호명으로 사용.
4) 잘 될 것이라는 격려나 풍요로운 황금돼지해의 의미를 담아 주로 사용.
www.chunsa.kr
부산 서면 등에서 운영 중인 얼리지 않은 고기를 판매하는 음식점.
5) 그림책: 아이들의 마음을 대변하며 마음껏 뛰어노는 내용을 담은 알라딘 도서 소개 및 교보문고 도서 소개.
6) 어원/활용: '다 돼지(모두 돼지띠)' 또는 '다 되지(모두 가능하다)'라는 뜻. 2019년 기해년 황금돼지의 해 등에서 격려의 문구로 활용됨.
www.chunsa.kr
​
ㅡ서구반석동의 MAYEYE MAYDAY MAHAIR BELLA MAXIMO GARAGE ‘ 꽃비네일와 서리서리국수 &홍문당와 책방‘굴슢 ‘ /서구관저동의 花雨林화우림 /‘서구탐방동의 꽃빛한방병원 /중구대흥동의 RAIN와 유성구봉명동의 홍인당한의원와 LINE &MAYHOTEL와 옛)홍인장‘(오피스텔 및 도시형생활주택)인 '유성 푸르지오시티[1976년 개장해 대전 유성온천 지역의 대표적인 온천 호텔로 사랑받았던 홍인호텔(구 홍인장)은 2011년 6월 35년 만에 영업을 종료했습니다. 폐업 후 해당 부지에는 지상 30층 규모의 복합주거시설]
​
ㅡ” (유성구지족역 옆 )에이치제이디자인디자인와 BAINDESIGN &만두레한우와 SIWOOTILE “에서 (노은역 앞 CGV자리에서 나간 만년닭강정와 함께 )김종구식맛치킨전기바베규옛날통닭관저점이 같이나갔다. “ 돼지고깃집와 돈까스가 &통닭와 차킨이 &고기와 회 &짬와 구이…..etc….등등….“관계가 갈라졌다.
​
ㅡ한반도전통무술의 “선무도 택견 태권도 수박치기 뫼한뭐루 ”가 ’몸와 마음’기공수련의 “마음수련 태극권 국선도 단월드 단무도 ”와 &, 격투기 “ 권투 유도 주짓수 합기도……가 스포츠구기종목의 ” 농구 축구 배구 야구 탁구….와 &, 검도와 관계가 다르다. 스포츠와 무술’무도가 관계의 조합이 다르다.
​
ㅡ유성구노은동의 YK와 CONIC골프 &SG골프와 GOLFZON GDR &HANARO골프클럽와 TRACKMAN GOLD &(주)OKONGTS와 포머스Fomers /,
봉명동커피와 파머스 ‘퍼스트와 View ‘머스트와 카이젠 ‘모스트와 ~
​
ㅡ(광수사 정수사 여래서 송광사….조계종 관계자리 )낚시와 골프가 “ (관계가 달라진 ) “ 피자스쿨와 피자머루 &만년닭강정와 (진강정 &)닭강정 &세탁(소)와 빨래방(판) ”와의 대전세종이 ” 관계의 조합이 달라져 “같은관계가 다툰다. 여기에 “ 고기명작와 고기카페 ”의 관계, ‘고기‘도 관계가 달라졌다.
​
ㅡ유성구구엄8통와 9통에서의 이튼외 중구선화동의 예일 &한울 한얼 한올 한진 한젼….등등에서,
현대HD의 정가왕갈비탕이 왕가봉의 한얼‘가이아Gaia의 관계가 달라졌다.
​
ㅡ이해윤추어명가‘YAMAHA &추어명장’테슬라 &애월한우‘렉서스 &HONDA’ㅡ중략ㅡ
​
[네이버 블로그] 금호김영집
https://m.blog.naver.com/yjsjhs
https://m.blog.naver.com/arangjoeul
https://m.blog.naver.com/bwiwd
​
https://story.kakao.com/kumhokyj/8JFUKLGjkN9
​
https://story.kakao.com/kumhokyj/GKfkNfYWNOA
​
https://story.kakao.com/kumhokyj/1PUI9povMN9
ㅡㅡㅡㅡㅡㅡ
1/3
https://story.kakao.com/kumhokyj/gMfLx7rz5oA
2/3
https://story.kakao.com/kumhokyj/KAyNmcE26Pa
3/3
https://story.kakao.com/kumhokyj/3ZJK5WuP3n9
​
ㅡ 중 략 ㅡ
​
ㅡ대전의 ’타이어뱅크와 GOOD타이어’자리의 “ ‘PLAN B’와 MK  ” 글자관계,
동구의 식장산&서구둔산동‘39desert /서구의 구봉산&서구가수원’양촌 /유성구의 왕가봉&유성구덕명네거리’가이아‘Gaia[ 그리스 신화 속 대지의 여신이자 만물의 어머니. 지구를 하나의 거대한 생명체로 보는 과학적 가설(가이아 이론)의 바탕이 되는 개념. 자연, 풍요, 대지를 상징. 환경 단체나 지구 환경을 논할 때 살아있는 생명체로서의 지구를 뜻하는 말로 사용&태초의 여신: 카오스(혼돈) 다음으로 탄생한, 스스로 태어난 대지의 여신으로 모든 신들과 만물의 어머니{ 동의어’Synonyms: 게Ge, 테라Terra, 텔루스Tellus‘등…}. 대지 그 자체를 의미. 상징: 땅 위에 거주하는 모든 생명에 풍요와 생명을 제공하는 존재 ]앞 ‘이해윤추어명가‘농부아들의 반찬가게 찬장’YAMAHA &/, (대덕구 신탄진로 512)김관식추어명장’테슬라 &(유성구봉명동 삼성홈플러스와 프리미엄 디저트 카페 브랜드 블레스롤‘Bless Roll 앞 )장흥‘애월한우‘렉서스 &(오토바이 )HONDA와 베지래빗804(舊 관저동 파머스마켓; 804명의 지역 농부들이 직접 생산한 신선한 농산물을 판매하는 대형 로컬푸드 직거래 장터입니다. 유성구 방동 지역 농산물을 포함해 가성비 좋은 농산물을 판매하며, 10년 이상 된 전문 업체가 품질을 관리하는 건강한 장소] /
ㅡ파머스161와 베지래빗804
베지래빗804‘프리미엄센터 유성구 아리랑로 18 원촌동 45-22
베지래빗804’골든필드(구암점) 유성구 유성대로 589 구암동
파운딩파머스 대전유성구 도룡동 4-9번지 지상1층
파머스마켓 대전중구 은행동 143-1
충청남도로컬푸드 파머스161 유성구도룡동
파머스161 서남부 유성구 도안대로 93
시티파머스 대전유성구 어은동 107
공주농협파머스마켓 충남공주시 번영1로 100·9.1 km
더 오리지널 파머스 마켓 6333 W 3rd St, Los Angeles, CA 90036 미국
​
ㅡ같은관계라도 ’자동차메이커별로,
써비스센타와 신차매장‘자리의 주변관계가 다르고,
‘국산/외국산’간의 ‘자동차와 오토바이’관계가 다르다.
>국산/외국산 오토바이;
디앤에이모터스(DNA Motors; 구 대림오토바이)‘KR모터스(구 효성기계공업/S&T모터스)’한솜바이크(Hansom Bike)’블루샤크 코리아(Blueshark Korea; 전기 오토바이 전문 브랜드) / &,
HONDA‘YAMAHA’Suzuki‘Kawasaki’Ducati ‘Triump‘Aprilia ‘Vespa’BMW Motorrad’Indian Motorcycle‘Harley-Davidson‘…..
>외국산 자동차;
BYD 대전매장[ 동구 용전동, 한밭대로 1227 ] /( 한국토요타자동차; 도요타 자동차가 100% 투자한 한국 법인, 서울중구 본사. 대전에서의, Lexus와 Toyota 브랜드판매하는 대한민국 공식 수입사. 도요타‘서구 벌곡로 1358 가수원동 474’&렉서스‘유성구 한밭대로492번길 1]도요타&렉서스 /(대전에서의 유성구 봉명동 612-1/대덕구 중리동 236-8)한성자동차’Mercedes-Benz‘ /[대전에서의, 유성구 엑스포로 1/유성구 한밭대로492번길 8/코오롱모터스]BMW /[폭스바겐그룹코리아(구 아우디폭스바겐코리아)독일 폭스바겐그룹의 한국 법인. 폭스바겐, 아우디, 벤틀리, 람보르기니 브랜드를 총괄. 2004년 설립되어 서울에 소재 ]Volkswagen(경기안양시 동안구 시민대로 361 평촌에이스타워) /[ 선인자동차. Sunin Motors.‘선인자동차 유한회사)]Ford Korea.
​
ㅡLH아파트의 Humansia’휴먼시아(인간을 뜻하는 Human과 대지를 의미하는 sia의 합성어)와
남광토건아파트의 하우스토리’Haustory(독일어로 집을 뜻하는HAUS(하우스)와 영어의 STORY(스토리)를 합성한 조어로써, '집 이야기'라는 뜻) &/,
” 유성구 ’덕명동의 박산(朴山)와 노은동/지족동일대(王駕山 or)王駕峰왕가봉‘ “자리의 ’가이아‘Gaia와
‘[벽이나 나무를 타고 올라가는 담쟁이덩굴을 뜻, 두릅나무과의 상록 덩굴식물. 관상용 식물, 호흡기 질환 치료제(거담제) 원료로 사용, '행운이 함께하는 사랑'이라는 꽃말. 미국 동부의 명문 사립대학들을 지칭하는 아이비리그(Ivy League)로도 쓰임 ]Ivy’아이비‘(세종시 )아이콤타워 [ 1생활권 아름동 ) &/,
(세종시)아이콤스타타워[ 3-3생활권. 소담동 한누리대로 2022 ]와 ‘아이누리’포털https://i-nuri.go.kr‘ &/,
’김천의 양고기 맛집‘(한국의 양 성씨. 梁, 楊, 樑, 襄 등에서의)양가양미’陽家羊味(&양가양미‘서구 둔산동 1457’둔산직영점; 삿포로식 양숯불구이 전문점)와 둔산현대아이텔’ &/,
(서구용문동 250-5/유성구봉명동…일대에 위치한 도시형 생활주택 및 오피스텔 브랜드)리베라아이누리와 ’PULL MOON‘농부아들의 반찬가게 찬장‘ &/….위 각 자리마다 아래의,
“ ABC “와 “ ACE; 테라노블에이스(TeraNobleAce)와 DPLACE &‘TOWSOME PLACE’와 ‘ACE AD’[ 1) 설치된 앱의 재참여를 유도하는 구글의 '앱 참여 캠페인(App Campaign for engagement, ACe)' 2) NHN ACE의 데이터 기반 타겟팅 광고 플랫폼인 '에이스트레이더(ACE Trader) ]…..etc…관계가 붙어서,
” ’(HIVE )하이브 ‘(D’HIVE )디하이브 ‘(DIAV )디아브 ‘히아브HIAB……“와의 관계의 조합이 달라서,
관계를 바라보는 ’자리와 방향’을 “달리한다.
​
ㅡ충북 괴산와 괴강
​
ㅡ고전와 현대에서의, 관계설정이달라서 다툰다.
“ 소설와 시인 &민화와 만화 &만화애니메이션Animation (or 만화영화’漫畫映畫)와 영화….
>김시습의 《금오신화》(만복사저포기, 이생규장전 등)
>채수의 《설공찬전》과 같이 저승 이야기를 다룬 한글 소설이 등장했으나, 금서로 지정되기도.
>「사씨남정기」 조선 후기에 서포 김만중이 지은 고전소설.
>김홍신 (사회비판·역사 대하소설)
인간시장 (1981): 부조리한 사회를 풍자한 한국 최초의 밀리언셀러. /대발해 (전10권): 민족의 자존심을 높인 대하역사소설.
>김진명 (팩션·안보 소설)
무궁화꽃이 피었습니다 (1993): 600만 부 판매된 대한민국 밀리언셀러. 고구려 (5권+): 팩트에 기반한 역사 대하소설.
​
ㅡ충북“괴산‘槐山; 槐회화나무 괴, 山뫼 산“&”괴강槐江; 槐’회화나무 괴, 江강 강”에서 “ 山와 江 ”글자가 달라서,
(괴산군 괴산읍 쏘가리길 43)아쿠아리움와 (괴산읍 충민로검승1길 6)괴산농업역사박물관이
(괴산군 칠성면 괴강로)농업회사법인괴산한우타운(주)와 (진천군 진천읍 문화10길 1)‘TYM 진천 종합 딜러점 농기계, 트랙터’와 관계가다르다.
충남‘논산論山와 晉州矗石樓‘논개論介[임진왜란 당시 진주성에서 왜장을 안고 남강에 투신한 의기義妓. 본명 주논개朱論介로 알려져] &“충청남도 금산군와 경상남도 남해군에 있는 금산 & 경상남도 진주시 금산면“은 같은가?.
​
괴강국민여가캠핑장 오토 캠핑장 괴산읍 충민로검승3길
괴강 토종어류체험관 괴산군 괴산읍 제월리 952
괴강354 커피숍/커피 전문점 괴강관광농원
충북 아쿠아리움 괴산군 괴산읍 쏘가리길 43
​
[네이버 블로그] 금호김영집
https://m.blog.naver.com/yjsjhs
https://m.blog.naver.com/arangjoeul
https://m.blog.naver.com/bwiwd
​
https://story.kakao.com/kumhokyj/CPZWJ1v9Un0
​
https://story.kakao.com/kumhokyj/H3FdLP94Roa
​
https://story.kakao.com/kumhokyj/b1g5gi8kwn0
​
042
+158
=200
+153
=353
+947
=1,300
+747
=2,047
+33
=2,088
.
.
.
947
-747
=200
.
.
.
31
+69
=100
.
.
.
11
+69
=180
.
.
.
69
-11
=58
.
.
.
11
+39
=50
.
.
.
11
+49
=60
.
.
.
39
+49
=88
.
.
.
49
+31
=90
.
.
.
55
+33
=88
+11
=99
.
.
.
66
+33
=99
+1
=100
.
.
.
ㅡ‘Belleposto' (또는 'Bel Posto')
•이탈리아어로 ""아름다운 곳""을 의미. 주로 와인 브랜드나 이탈리아 레스토랑의 이름.
•BelPosto Italian Wines (와인 브랜드): 이탈리아 전역의 아름다움을 공유하고자 하는 와인 브랜드. 특히 연한 황금빛과 사과 향이 특징인 'BelPosto Prosecco D.O.C.'
•Bel Posto Italian Cafe (음식점): 러시아 힘키(Khimki)에 위치한 이탈리아 및 일식 퓨전 카페.
•Bel Posto (미국 레스토랑): 미국 뉴욕주 완태그(Wantagh)에 위치한 레스토랑.
​
ㅡ‘鳳鳴(봉명)’; 주로 봉황이 운다는 뜻의 고사성어 봉명조양(鳳鳴朝陽)의 줄임말 출처;DBpia
1. 鳳鳴 (봉명)의 의미
뜻: 봉황이 산의 동쪽에서 운다.
상징: 봉황은 상서로운 상상의 동물로, 봉황이 운다는 것은 천하가 태평할 조짐이나 훌륭한 현인(어진 신하)이 나타났음을 의미합니다.
유래: 중국 신당서(新唐書)에서 유래하였으며, 어지러운 세상에서 소신 있게 직언을 하는 강직한 신하를 비유할 때 쓰입니다.  DBpia
2. 鳳鳴朝陽 (봉명조양)의 의미
봉황이 아침 해(또는 햇살)를 향해 운다는 뜻으로, 세상이 평화롭고 덕망 있는 지도자(혹은 신하)가 나타나 조화로운 세상을 이룬다는 뜻
​
ㅡ“ ~明”
>명명(鳴明): 울 명(鳴)자를 써서 '울어 밝힌다'는 뜻.
주로 닭이 울어 새벽을 알리는 것을 의미.
>덕명(德明): 큰 덕(德)자를 써서 '덕이 밝다'는 뜻.
인명이나 지명으로 자주 사용.
>동명(東明): 동녘 동(東)자를 써서 '동쪽의 밝음', 즉 떠오르는 해나 광명을 의미. 고구려의 시조 동명성왕의 명칭
>월명(月明): 달 월(月)자를 써서 '달이 밝음' 또는 '밝은 달'을 뜻. 신라 시대의 승려 월명사가 유명.
>홍명(紅明): 붉을 홍(紅)자를 써서 '붉고 밝음'을 뜻.
>이 단어들은 주로 한국이나 중국의 인명, 사찰 이름, 혹은 고전 문학에서 밝은 기운을 나타내는 표현으로 자주 등장.
​
ㅡ미식’美食‘味食‘(미숫가루를 뜻하는 미식)糜食 ‘화식’和食‘火食 ‘육식‘肉食  균식‘均食 ’호식’糊食 ’삼식‘三食 ’소식‘小食’대식‘大食 ’暴食‘폭식 ’단식‘斷食….. etc..등등 에서의, 인간 생활의 3대 기본 요소 의식주‘衣食住 중  “ 食~ ”.
​
[네이버 블로그] 금호김영집
https://m.blog.naver.com/yjsjhs
https://m.blog.naver.com/arangjoeul
https://m.blog.naver.com/bwiwd
​
https://story.kakao.com/kumhokyj/H3FdLP94Roa
​
https://story.kakao.com/kumhokyj/b1g5gi8kwn0
​
ㅡ세종시고운동남측.
디사이플교회DISCIPLE CHURCH ‘공감HAIR ART ‘INTERIOR IVORY SPACE ‘나이스애드 ‘(성악가‘김동규 Secret Garden 1집 수록곡 10월의 )어느멋진날‘ATELIER&SHOP ’(DADA)다다카츠‘다다 ‘여우쌤PT필라테스 ‘LA BELE HAIR ‘패밀리 집밥&도시락
​
ㅡ대전유성성구상대동&봉명동.
벨포스토Belleposto(한남대학교와 지족동1차’충남대와 봉명동일대 2~7차‘네번째이야기’등 다수의 도시형생활주택 및 아파트, 봉명동631-3 )벨포스토 네번째이야기 ‘올레국수 ‘교동면옥 ’스타벅스 ‘예일 ’(과거의 HD와 현재의 )HJ.
’[ (반석동646-7의 중식당)청린晴潾와 ’(서울중앙지방법원 및 안양지원)법무법인’청린&{ 인천서구 해삼건조 및 염장수산물 벤처기업 }(주)청린와 (게임/콘텐츠: 대항해시대 오리진의 캐릭터 )청린 &(리디북스의 로맨스 e북 제목 )청린와 {백석대학교 관광학부 학생회 이름(청춘의 이륙, 인생의 항해)의 }청린 &(반석동 042커피의 )다린와 ( 사바나와 초원 지대 서식. 세계에서 가장 키가 큰 육상 아프리카동물 포유류 )기린’African giraffe &{ 실제 동물 Giraffe이 아닌, ’동아시아 신화 속의 상상 속 동물‘四靈‘영물靈物-龍’鳳凰‘龜와 함께 ’어질고 상서로운 (인수仁獸)동물로 여기는 }麒麟와 {Asahi맥주 심볼 기린;麒麟Kirin, 아사히‘あさひ‘朝日/旭; ’아침 해' 또는 '아침 햇살’=‘떠오르는 해처럼 밝고 성실하다‘뜻, 떠오르는 태양을 형상화허여 붉은색 원형의 태양 모티브가 결합. ”아사히 수퍼드라이‘Asahi Super Dry )麒麟Kirin &(벨포스토‘Belleposto와 )KIRIN.
‘열린아카데미 투모어휘트니스 ’천안호두과자 ’[ CASA와 CASAMIA &’(서구둔산동 1356, 레지던스 호텔 라미아)Residence Hotel Lamia‘와 [그리스신화 속 포세이돈의 딸 &리비아의 여왕. 제우스와의 관계 때문에 헤라의 저주를 받아 아이를 잡아먹는 괴물이 된 인물. 상반신은 아름다운 여인 하반신은 뱀의 모습. 반인반뱀의 괴물(비스트맨)로 묘사. 밤에 출몰하여 젊은 남성을 유혹하거나 아이를 해치는 존재 ]라미아Lamia.
[ {대한민국 최초의 휴머노이드로봇 휴보HUBO와 }LH의 ‘인간Human+공간sia’= ]Humansia ‘포티엔차이나 ’유아이ui ‘맘e편한약국 ‘ROGERS로저스나인9골프아카데마 ‘오노크HAIR SHOP’ ’MEGABOX ‘LONG BEAUTY 롱뷰티 ‘SM+에스엠플러스수학학원 ’TOUSlesJOURS ‘(SMART와 GMART &영‘HOME MART와 )ORANGE MART.
​
ㅡ투모어휘트니스 본점
유성구 봉명동로 27 27 ‘구암동 615 17번지 ‘학하로 98 ‘지족동 901-2 ‘지족로 273 ‘서구관저동 1415번지 관저빌딩
​
ㅡ과거와 현재의 ‘예일~’
>유치원 어린이집 유성구교촌동627-1
>보습학원 사립학교 서구가장동
>이비인후과의원 동구대동148-59
>약국 계룡시
>모터스
차량 대리점 구도동
유성점 구암동615-27 ‘서구 구봉산북로7번길70-9
>학원
입시학원 변동 71-15
사립학교 서구탄방동 743번지
사립학교 중구부사동 142-9번지
영어회화 컬컴 둔산점 평생교육원 서구 둔지로 14
보습학원 중구중촌동 10-3
수학교습소 수학학교 서구가장동55번지 나르매1차아파트 유치원동
보습학원 사립학교 가장동
플러스학원 사립학교 대전유성구 관평동907번지 밸리타운
반석예일학원 입시학원 유성구반석동639-2
입시학원 대덕구오정동61-6
>토건
시공업체 산성동
(주)예일건설 시공업체 서구변동 5-38번지
(주)예일도장건설공사 시공업체 정림동 84
>전기
제조업체 서구갈마동407
전기 기사 대덕구대화동 530-4번지
제조업체 대화로120 가온비즈타워
명일전기 전자제품 판매점 대덕구대화동298-13
>기획
광고대행사 유성구궁동
광고대행사 동구용전동11-4번지
광고대행사 중앙동
>타일상사
지업사 벽지 판매점 대사동
욕실용품점 동구삼성동298-8
>스터디카페 카페 서구가장동 55번지 나르매1차아파트
>서울예일치과의원 치과의사 은행선화동
>방사선과전문 병원 대전 신탄진동 행정복지센터
>정보통신 도마1동
>공인중개사사무소 부동산 중개 사무소 대사동
>법무법인(유한) 예일법조 대전분사무소 법률 사무소 둔산동 둔산로123번길21 엠시티타워
>건축사사무소예일 건축 설계사 서구둔산1동 1476
>주)예일홀딩스 부동산중개사무소 중구오류동188 25번지
>주)예스틸 철강대리점 죽동
​
ㅡ종교의 誡命계명와 불교의 (法名 or 法號)戒名 &,
(닭 울음)鷄鳴와 (鳳凰;수컷鳳와 암컷凰 한쌍 봉황 &鳳鳴朝陽의 줄임말 )鳳鳴 (밝은 기운을 나타내는 표현되는 ~ 明 ;)鳴明‘德明’東明‘月明’紅明‘鳴明‘洪明
>洪明商街; 1974~2009년 중동 목척교 위에 있었던 옛 쇼핑타운.
>洪明商會; 오류동 및 봉명동에서 뭉티기, 육사시미 등을 판매하는 유명 음식점.
​
ㅡhttps://sgsg.hankyung.com/article/2025011726421
함곡계명函谷鷄鳴; 函谷關[전국시대 진秦시대 산동(山東)6국으로 통하던 험하기로 유명한 관문‘天下第一險關]의 닭 울음소리’라는 뜻으로, 비굴하게 남을 속이는 하찮은 재주나 그런 재주를 가진 사람을 이르는 말. 하찮은 재능도 때로는 긴요하게 쓰인다는 긍정적 의미로도 사용.
​
ㅡ’PULL MOON’와 ‘농부아들의반찬가게찬장‘의 자리,
“ [ 대전원예농협‘새산성지점(중구문화로 26) /대전원예농업협동’석교지점(중구석교동 59-12) /대전원예농협‘서대전지점(중구오류동171-29’계백로1685번길 41‘박인복골프스쿨) /원예농협유통(유성구 학하동 ) &]대전원예농협’둔산로지점(서구문정로 136 탄방동)와
[ 경기‘고양시 일산서구 대화로362(구:대화동 2324)일산서구 화훼 전문 농협’화훼농협‘본점 &](유성구 노은동 113-2 ‘탄방점-대전서구 탄방로51)한국화훼농협의 美와 味 &,
유성구봉명동의 ’약손마사지와 [ 아름다울 미; 아름다움, 곱다, 美國 ]美와 味[ 맛 미; 맛, 취미, 기분 ]와
[ ‘유성구문화원로6번길 114 장대동‘솟대와 천하’대장군여장군’장승‘자리의 ’KOREA한옥Hotel’만월(滿月, Full Moon)’ &,
[ { 대덕구한밭대로 1133 중리동’상생방송(주) }STB상생방송와 (대덕구중리로75번길 22-19&한밭대로1149)회덕농협중리지점 인근 ]일본료칸재현테마형숙소‘유카타제공‘대덕구중리동402-8번지’만월호텔중리점와 (대종로460번길 29‘브라운도트호텔 대전역점 /대흥동 92-1‘크리스탈 레지던스호텔’와 인접한 &)‘대흥로165번길 35’만월호텔대흥점‘의 美와 味 &,
세종시고운동남측‘금성갤러리작명원’한진서세종대리점‘한솔플라톤‘켈리다움’의 ’米[쌀 미&Meter의 음역{기호‘m{국제단위계SI’에서 길이나 거리를 측정하는 기본 단위) }미터meter ]와
未[ 아닐 미, 아직 ~하지 못하다. 미래未來 ]의 (교재 출판 전문 기업 ’Mirae N Books Co,Ltd‘)(주)미래엔 &,
迷[ 미혹할 미, 미혹하다, 헤매다, 미신迷信; 기독교 맥락에서 이단Heresy과 미신Superstition은 정통 교리에서 벗어난 신앙 형태를 지칭. 기독교의 기본 교리인 삼위일체, 예수 그리스도의 신성과 인성, 성경의 권위, 구원관 등을 부인하거나 왜곡하는 집단 또는 가르침 ]의 (타 종교가 이단시하며‘대치하는 민족종교)단군신화‘한민족 건국 이야기’환웅‘弘益人間’在世理化‘고조선건국’인본주의·이타주의사상‘민족 종교의 뿌리 신앙’甑山道‘水雲敎‘天道敎‘天父敎‘大巡眞理會‘宣敎‘,
위 자리마다 동일하고 같은관계가 있으나 다른 관계와의 관계맺음‘조합이 다르다.
​
[네이버 블로그] 금호김영집
https://m.blog.naver.com/yjsjhs
https://m.blog.naver.com/arangjoeul
https://m.blog.naver.com/bwiwd
​
https://story.kakao.com/kumhokyj/3LAXMT7skN9
​
ㅡ사람은 같은것을 같지않다고 말한다, 인간은 무엇을가지고 무엇이 같지않다고 다투고있는가?.
장애인와 비장애인 &건걍한사람와 Patient환자(는 의료 환경 내에서 '관리 및 치료 대상'이라는 의미 &Sick person/Patient병자는 '병을 앓는 신체 상태'에 초점)에서의 ‘人相着衣인상착의‘에 든 ‘身體構造신체구조’에 관계가 들어가있다.
관계가 다르다고, 인간은 단순히 자기자신과 ‘人相着衣와 身體構造’가 다른이유를가지고, 겉모습으로 사람을 평가하고 차별하며 차등을 둔다.
같은 인간이 무슨 관계가 다르고 어디와 어떻게 달라서 다투고, 의샤외 한의사 &수의사도 다툰다.
여기에 “ ’신神‘God유일신’Deity일반적인 신‘Spirit영적인 존재나 자연의 신’Theos그리스어 어원’ ”의 존재여부를가지고 종교가 다툰다.
종교와 인간은 무엇을가지고 다투고있는가?.
글자와 문자에 관계가 들어가있다.
그 글자와 문자들이 달라서 그래서 ‘草根木皮와 人相着衣 &身體構造외 耳目口鼻‘ 문자를가지고, 한글와 한자 &(또다른 여러)외국어를가지고 ’나와는&우리와‘는 다르다고, 관계가다툰다.
그래서 한 일례로 위 인상’人相이 역도의 “ 인상Snatch; 바벨을 한 번의 동작으로 머리 위까지 들어 올려 일어서는 기술 위주의 종목 /용상Clean & Jerk; 바벨을 어깨에 한번 멈췄다가 두 번에 걸쳐 머리 위로 드는 힘 위주의 종목 “와, 관계가달라서 다툰다. 그래서 수학의 약수約數가아닌,
“ 藥水와 聖水 &聖洙와 湖水 &生水 “가 &온천溫泉와 원천源泉의 관계와 달라서 다툰다.
​
ㅡ사람의 이목구비(耳目口鼻, 귀, 눈, 입, 코 /얼굴의 전반적인 생김새와 인상을 결정하는 핵심 요소)가 하나라도 없으면 절대로 살아갈 수 없는 핵심요소.
>외부의 ‘얼굴face’의 머리와 목‘몸통’팔 2개‘다리 2개’사타구니의 생식기‘에,
>내부의 ’내장’근육‘뼈’혈관‘혈액’체액‘신경계’등으로 구분.
•외과와 내과의 핵심 차이‘치료 방법'에 따라,
내과는 약물, 주사, 내시경 등으로 몸 안쪽의 장기 질환을 치료,
외과는 수술, 절개 등의 물리적인 방법을 통해 질병을 치료. 출처; 나무위키.
​
ㅡ기독교(개신교)와 천주교(가톨릭)에서의 예수상과 성모상을 대하는 관점과 수인(손 모양, 손가락 동작)의 의미.
>종교적 전통과 교리에 따라 큰 차이를 보임.
1. 예수상과 성모상에 대한 관점 차이
-천주교(가톨릭):
성상(예수상, 성모상 등)을 공경의 대상.
성상은 그 자체로 숭배의 대상이 아니라, 성인이나 하느님을 기억하고 덕행을 본받게 하는 상징물.
십자가에 예수님이 못 박혀 있는 '십자고상'을 사용하여 구속의 의미를 강조.
-기독교(개신교):
성상 제작 및 공경을 우상숭배로 간주.
교회 내에 성상을 두지 않는 것이 일반적.
따라서 십자가에 예수상이 없는 빈 십자가를 사용.
부활의 의미를 강조. YouTube
2. 성상 수인(손 모양)의 의미
예수님이나 성모상의 수인은 단순히 손 모양을 넘어 그분이 하시는 말씀이나 영적인 의미를 전달.
​
ㅡ불교 수인은 부처와 보살의 깨달음과 공덕을 손 모양으로 나타낸  석가모니의 대표적인 근본 5인.
>선정인,
>항마촉지인,
>전법륜인,
>시무외인,
>여원인.
>기타, 비로자나불의 지권인, 아미타불의 미타정인 등.
>불상과 수인, 핵심 수인 종류 및 의미.
•선정인(禪定印) (Dhyāna Mudra): 부처가 명상에 잠겨 마음을 집중한 상태를 상징.
결가부좌한 무릎 위에 손을 놓고 두 손바닥을 위로 하여 포갠 형태.
•항마촉지인(降魔觸地印) (Bhūmisparśa Mudra): 석가모니가 마귀를 항복시키고 깨달음을 얻은 순간,
지신(地神)에게 이를 증명하는 손 모양입니다. 오른손을 내려 땅을 가리킴.
•전법륜인(轉法輪印) (Dharmacakra Mudra): 깨달음의 진리를 전하는 설법의 모습을 상징.
두 손을 가슴 앞에 두고 양손의 엄지와 검지를 맞대어 법륜(진리의 수레바퀴)을 형상화.
•시무외인(施無畏印) (Abhaya Mudra): 중생의 두려움을 없애주고 위안을 주는 수인.
손바닥을 밖으로 향하게 하여 어깨 높이까지 올린 모양.
•여원인(與願印) (Varada Mudra): 중생이 원하는 바를 들어준다는 의미.
손바닥을 밖으로 하여 아래로 내린 모양입니다. 보통 시무외인과 짝을 이룸.
•지권인(智拳印) (Bodhyagrī Mudra): 비로자나불이 결하는 수인.
이(理)와 지(智), 중생과 부처가 하나임을 나타냅니다. 가슴 앞에서 오른손으로 왼손 검지를 감싸 쥔 모양.
•미타정인(彌陀定印) (Amitābha 定印): 아미타불이 결하는 선정인의 변형.
양손의 엄지와 검지를 맞대어 엄지끼리 맞닿게 하여 무릎 위에 둠.
•이외에도 논의인(論議印), 천지인(天地印) 등.
시대와 불상에 따라 다양한 수인이 존재.
​
http://www.ibulgyo.com/news/articleViewAmp.html?idxno=206857
​
[청년을 위한 불교기초강의] <64>
불상 손 모양이 각기 다른 이유?
​
2020-07-04
​
이정우 군법사ㆍ육군 대령
​
Q    불상을 자세히 살펴보면 부처님의 손 모양이 매우 다양하던데, 손 모양이 각기 다른 이유는 무엇인가?
​
불상은 자세와 손 모양 이용해
중생과 소통하기 위한 뜻 담아
​
A    각 사찰에 모셔져 있는 불상을 살펴보면 서 있는 불상·앉아 있는 불상·누워있는 불상 등을 볼 수 있고, 각 불상의 손 모양도 다양함을 확인할 수 있습니다. 서 있는 불상 중에 우리에게 가장 친숙한 불상은 아마도 탄생불인 아기부처님상일텐데, 이 탄생불은 오른손으로는 하늘을, 왼손으로는 땅을 가리키고 있는 모습으로 누구나 ‘천상천하 유아독존 삼계개고 아당안지’를 외치고 계시는 모습이라고 짐작하게 됩니다.
​
이처럼 불상은 자세와 손 모양을 이용하여 전하고자 하는 메시지를 표현하고 있는데, 특히 손 모양으로 메시지를 전달하는 방법을 수인(手印)이라고 합니다. 이 수인이 각기 다른 것은 전하고자 하는 메시지가 다양하기 때문입니다.
​
각 사찰에는 석가모니부처님 외에 다양한 부처님을 모시고 있다는 사실을 알고 계실 것입니다. 건물의 현판을 보면 어느 부처님이 모셔져 있는지를 알 수 있습니다. 대웅전에 모셔진 불상은 석가모니이고 극락전·아미타전·무량수전에는 아미타불이, 약사전에는 약사불이, 미륵전·용화전에는 미륵불이, 대적광전·화엄전·비로전에는 비로자나불이 봉안되어 있습니다.
​
그리고 현판 외에 불상의 손 모양을 보고 어느 부처님인지, 어느 보살님인지를 알아볼 수 있습니다. 불·보살님들은 각자 독특한 수인과 계인(契印)을 하고 계시기 때문입니다. 계인이라는 것은 수인과는 또 다르게 손에 무언가를 들고서 자신의 특징을 나타내 주시는 것을 말합니다.
​
석가모니부처님의 손 모양은 주로 선정인, 항마촉지인, 전법륜인, 시무외인, 여원인이라는 다섯가지 수인을 기본으로 합니다. 수인은 불·보살의 생애와 역사, 교리적인 의미까지도 내포하고 있기때문에 불·보살의 이름과 그 교학까지도 짐작케 해주는 역할을 합니다.
​
지권인(智拳印)이나 법계정인을 한 불상은 비로자나불로서 그의 특징과 가르침을 형상화한 손 모양이며, 아미타불을 나타내는 손 모양은 미타품인이라 하여 9가지의 성품을 지닌 모든 중생을 다 구제하고자 하는 의미를 담고 있습니다. 그리고 약사불은 약함을, 관음보살은 정병이나 꽃을, 지장보살은 보륜이나 석장을, 신장들은 금강저나 보탑 등을 한 손에 든 계인을 취하고 있습니다.
​
이처럼 불·보살님들의 손 모양과 들고 있는 물품이 각기 다른 이유는 여러 불·보살님들이 다양한 메시지를 중생들에게 전하고자 하는 마음이 표현된 것으로, 현대의 수화(手話)처럼 비록 말 못하는 불상이지만 지금의 중생들과도 소통하고 가르침을 전달하고픈 불·보살님의 깊은 의도가 담겨있다고 볼 수 있습니다.
[불교신문3595호/2020년7월4일자]
​
[네이버 블로그] 금호김영집
https://m.blog.naver.com/yjsjhs
https://m.blog.naver.com/arangjoeul
https://m.blog.naver.com/bwiwd
​
https://story.kakao.com/kumhokyj/3LAXMT7skN9
​
https://story.kakao.com/kumhokyj/1Iu331dHPN9
​
https://story.kakao.com/kumhokyj/H3FdLP94Roa
​
https://story.kakao.com/kumhokyj/b1g5gi8kwn0
​
ㅡ” 문자/철자 →단어 →문장 →문단 →글  →문장 “속에는 고래적 과거에서도 법률적인 ‘사람와 사람’간의 관계關係가 들어가있었고,
그 인간관계에 속에 ‘업종와 직종&벌인일와 하는일‘에서의 Work業업Job와 일’Business’Industry에 관련된 금융Monetary‘통화' 시스템Currency와 Money錢돈Cash가 걸려있었다.
​
ㅡ관계關係란 ?.
>>둘 이상의 사람, 사물, 현상이 서로 관련을 맺고 있는 상태. 빗장 관(關)과 이을 계(係)로 이루어져,
서로 닫고 여는 빗장처럼 연결되어 있다는 의미를 내포. 출처‘대한민국 정책브리핑
>關 (관계할 관/빗장 관): 문빗장, 잠그다, 관계하다 /
係 (이을 계): 잇다, 매다, 연결하다. 출처’나무위키
>關(관): '문(門)'을 빗장으로 닫는다는 뜻에서 파생되어, 서로 닫혀 있거나 얽혀 있는 관계.
>係(계): 사람(亻)이 이어져(系) 있다는 뜻.
서로 묶여 있는 유기적인 연관성을 나타냄. 대한민국 정책브리핑
>즉, 關係(관계)는 서로가 서로에게 영향을 주고받거나 연관되어 있는 상태.
​
ㅡ문자 (Character/Letter): 언어의 소리나 뜻을 기록하는 가장 작은 기호 단위. (예: 한글 'ㄱ', 영어 'A', 한자 '日')
>>글자 (Letter/Character): 문자와 혼용되기도 하나, 주로 소리를 나타내는 문자(letter)나 뜻을 가진 글자(character)를 통칭.
>>철자 (Spelling): 단어를 구성하는 알파벳이나 문자들의 배열입니다.
예: 'Apple'의 철자는 A-p-p-l-e입니다.
>>단어 (Word): 하나 이상의 글자가 모여 의미를 가지는 독립된 언어 단위.
>>문장 (Sentence): 단어들이 모여 주어와 동사를 갖추고 완전한 생각이나 의미를 전달하는 최소 단위.
마침표(.), 물음표(?) 등으로 끝남. YouTube
>>한국어와 영어의 구성 비교
>영어: 알파벳(문자)이 모여 철자를 이루고,
철자가 모여 단어가 되며, 단어들이 모여 문장이 됨.
>한글: 자음과 모음(문자)이 모여 하나의 글자(음절)를 이루고, 글자가 모여 단어가 됨. YouTube
>>언어별 특징
>영어: 26개의 알파벳을 기반으로 하며, 대소문자(Uppercase/Lowercase) 구분이 중요.
>한자 (Chinese Characters): 표의문자(뜻글자)로, 각 글자 자체가 하나의 의미를 가짐. 한글 텍스트 내에서 의미를 명확히 하기 위해 혼용. Oracle Help Center
>>문장을 구성하는 핵심 요소:
주어(S), 동사(V), 보어(C), 목적어(O), 수식어(M)
​
ㅡ음와 양, 해와 댤, 흑와 백, 낮과 밤, 빛와 그림자.
>>옛 속담에,
•(산의 높이가 골짜기의 깊이와 비례하듯, 뜻이 크고 높으면 생각이나 고뇌도 깊다)산이 높으면 골이 깊다. /
[급격한 상승이나 번영 후에는 그만큼 깊은 하락이나 시련이 찾아온다는 의미로 긍정적인 면(빛)이 강할수록 그 이면의 부정적인 면(그림자) 역시 짙어진다는 교훈적 의미로 사용 & 주식이나 상황 변화에 대한 경계로도 자주 쓰임. 나무위키]빛이 밝을수록 그림자는 어둡다.
•(Peak‘피크)산봉우리와 [谷골 곡: 골짜기, 산 사이의 패인 곳 ]溪谷계곡(시내溪가 흐르는 골짜기谷, 谷間곡간: 골짜기 사이. 출처:사이버서당)
•Valley: 가장 일반적인 골짜기, 계곡
•Gorge’Canyon: 좁고 깊은 골짜기‘협곡
•Hollow: (산속의)움푹한 곳‘작은 골짜기
•Gulch: (주로 미국 서부)좁고 깊은 골짜기
>골짜기 사이로 물이 흐르는 모습을 본뜬 상형문자에서 유래 /기상용어로 기압골(氣壓谷)과 같이 움푹 패인 곳을 뜻할 때도 谷을 사용. 출처:사이버서당
>>陰陽五行
>동양 철학의 기초로, 우주 만물의 변화를 대립과 조화의 음양陰陽과 목木‘화火’토土‘금金’수水 다섯 가지 기운.
>동양 철학의 핵심인 음양(陰陽) 사상을 가장 잘 나타내는 대립적이고 보완적인 자연 현상과 개념들.
해/낮/양과 달/밤/음은 서로 조화를 이루는 관계.
>해 (陽 - 양): 빛, 열기, 낮, 따뜻함, 남성, 앞면, 남쪽, 능동적인 힘을 상징
>달 (陰 - 음): 어둠, 한기, 밤, 차가움, 여성, 뒷면, 북쪽, 수동적인 힘을 상징
>음양 (陰陽): 우주 만물이 두 가지 상대적인 기운(음과 양)의 대립과 조화를 통해 존재한다는 원리
>흑백/낮밤: 낮과 밤처럼 서로 대응하는 자연 현상에서 출발하여, 밝음(낮)과 어둠(밤)의 상대적인 관계를 나타내는 흑백 논리처럼 우주의 본질적인 극성을 의미. namestory.kr
​
ㅡSUN&MOION와 해오름&달오름.
>>일출: 해돋이, 해가 뜸, 日出 /
일몰: 해넘이, 해가 짐, 日沒. 출처:Wikipedia
>>해돋이의 日出일출Sunrise(태양의 맨 윗부분이 수평선이나 지평선에 처음 나타나는 순간)와
해넘이의 日沒일몰Sunset(태양의 맨 윗부분이 수평선이나 지평선 아래로 완전히 내려가 사라지는 순간)
>새해/명소: ""동해안 정동진에서 2026년 첫 일출을 보며 소원을 빌었다.""
>풍경/여행: ""제주도 서쪽 바다에서 붉게 물드는 일몰을 감상했다.""
>시간 정보: ""내일 서울의 일출 시각은 오전 6시 30분, 일몰은 오후 7시입니다."" 나무위키
>>달의 위상별 한자 및 영어 정리
>초승달 (初生달,초생달), Waxing Crescent Moon (차오르는 모양)
>상현달 (上弦달 - 반달), 상현上弦, First Quarter Moon (상현반달)
>보름달 (望/滿月), 망 (望), 만월滿月, Full Moon
>하현달 (下弦달 - 반달), 하현下弦, Third Quarter Moon, Last Quarter Moon
>반달 (Half Moon): 상현과 하현을 통칭하여 부를 때 사용하며, 1/4씩 찼다는 의미(=Quarter moon)
>Waxing: 달이 차오르는 것 (초승달~보름달) &, Waning: 달이 기우는 것 (보름달~그믐달)
>” ‘(어떤 방해에도 진실과 민주화는 온다는 관용구로 인용 /거꾸로 강을 거슬러 오르는 저 힘찬 연어들처럼‘강산에의 노래 ‧ 1998년 /검단사거리 맛집 등 '새벽닭 옛날통닭'과 같은 옛날 통닭 전문점 상호명 )‘닭의 목을 비틀어도 새벽은 온다’ “
•새벽닭은 빛에 민감한 수탉이 어두운 새벽(보통 4~5시)에 송과체 호르몬 분비로 동쪽의 빛을 감지해 우는 것을 의미하며 아침을 알리는 상징으로 사용)
>강산에의 노래 '거꾸로 강을 거슬러 오르는 저 힘찬 연어들처럼'과 김영삼 전 대통령의 명언 '닭의 목을 비틀어도 새벽은 온다'는 표면적으로는 서로 다른 맥락(예술 vs 정치)에서 나왔지만, ""가혹한 시련과 압박 속에서도 굴하지 않고 나아가면 결국 진실과 정의(희망)가 승리한다""는 핵심 주제의식에서 깊은 연관성을 가짐.
​
ㅡ도시의 구분.
>규모와 인구수에서의 구분: 시티(City), 타운(Town), 빌리지(Village)
>발전 수준: 시티(최고) > 타운 > 빌리지(최저)
>행정 구분(미국 예시): 카운티(County) 아래에
시티, 타운, 빌리지가 포함되는 구
>(주상복합 &)APT아파트가아닌,
•일반 1세대 단독주택
•다가구주택: 3층 이하&19세대 이하
•다중주택: 3층 이하, 연면적 660㎡ 이하. 하숙집 형태, 취사 시설 설치 불가
•연립주택: 4층 이하, 연면적 660㎡ 초과
•빌라(다세대주택): 4층 이하, 연면적 660㎡ 이하
•주거용 오피스텔 (아파텔)
•도시형 생활주택
•기숙사/고시원
​
[네이버 블로그] 금호김영집
https://m.blog.naver.com/yjsjhs
https://m.blog.naver.com/arangjoeul
https://m.blog.naver.com/bwiwd
​
https://story.kakao.com/kumhokyj/3LAXMT7skN9
​
https://story.kakao.com/kumhokyj/1Iu331dHPN9
​
ㅡ강남빌딩(세종시‘마음로 272-9)와 강남358타워(구,덕흥빌딩. 서초구 강남대로 363. 서울강남구 역삼동 826-14) /[ 약수Divisor/Factor; 어떤 수를 나머지 없이 나누어떨어지게 하는 수입니다. 1은 모든 수의 약수이며, 모든 수는 자기 자신을 약수로 가집니다. 약수 구하기는 곱셈식, (약수 1, 3, 9, 17, 51, 153 총 6개의 )153’일오삼’와 ]158‘일오팔‘{ 157보다 크고 159보다 작은 자연수. 합성수로, 소인수분해하면 2×79, 약수는 1, 2, 79, 158로 총 4개이며, 이들의 합은240(<316=2×158) }
ㅡ미래엔; 대한민국의 교과서 전문 출판사. 전신인 대한교과서까지 포함한다면 교과서 전문 출판사 중에서도 가장 역사가 오래된 곳. 미래엔 컬쳐그룹‘미래엔서해에너지’전북도시가스 계열사. 국정교과서(충남연기군 동면 내판리 산 25-1, 현 세종특별자치시 연동면 내판리 152번지)
ㅡQMIR(큐미르; 아소비교육이 만든 초등 3~6학년 전문 읽기 전략 브랜드로, 문해력 향상과 구조적 읽기를 통해 학습 자신감을 높이는 특허받은 교육 프로그램)
ㅡ미르‘MIR[용龍의 우리말 고어, 미리내(은하수, 용이 사는 강이라는 뜻)와도 관련 /’러시아어 'Mir' (평화/세상) /가수 미르‘방철용; 2009년 엠블랙(MBLAQ)으로 데뷔한 래퍼, 현재 유튜브 및 방송 활동을 하는 유튜버 /미르의 전설 2/4: 위메이드의 장수 무협 MMORPG 게임 시리즈, 최신 업데이트와 이벤트를 활발히 진행 중. /스튜디오미르: 넷플릭스 등 글로벌 시장을 주력으로 하는 대한민국의 애니메이션 제작사 ]
ㅡ(용암마을의 영남용바위와 고흥우주발사전망대 두 지점을 연결한 &용을 뜻하는 순우리말인 미르와 꼭대기‘정상을 의미하는 마루가 합쳐진 지명)미르마루길 용바위하늘길(전남고흥군 영남면 우천리 산155-2 하이킹코스) ]
ㅡ한미르; 청신레저㈜ 한미르대덕CC(대전유성구 테크노중앙로 210)와 [대전유성구 테크노중앙로 123 3층 식당가 ]Chai797 Plus 대전현대아울렛 &모던차이(문지로299번길 86-5 중국집)‘왕궁중화요리(엑스포로539번길 245)’이비가짬뽕(대전관평동)‘몽콕(대전관평동베이징덕, 홍콩식)‘미몽 대전관평점(대전관평동짜장면, 중국집)‘(세종시나성동의 청미관와 우미관(구즉로 89-1, 대전유성구중국집, 중식)‘중국성(대전짜장면, 중국집,대덕구 신탄진로 236)‘삼백도(대전관평동짜장면, 중국집, 유성구 관들3길 33)
ㅡPURPLANG; 세종 고운동 위치 프리미엄 영수학원.
학원 내 (고대 그리스 문헌 등에서 실제 존재하는 동물처럼 묘사된 것이 시초이며, 이후 중세 유럽 등에서 전설적인 동물/유니콘은 현실에 없지만, 일각고래(Narwhal)가 '바다의 유니콘'으로 불리기도 /유니콘은 신화와 동화 속에서 꿈과 희망을 상징하는 대표적인 환상종 )유니콘 테마: 학원 내에서 'Rainbow purple unicorn', 'Santa Unicorns' 등 유니콘을 테마로 한 프로그램이나 팀 이름을 사용. 스토리텔링 장치를 통해 아이들과 유니콘의 우정을 다루는 감동적인 교육 환경을 제공
ㅡ몬스터MONSTER(상상 속의 괴물·마물, 또는 엄청나게 크거나 성능·효과가 굉장한 물건을 지칭하는 단어; 1 영화; 2 드라마; 3 음악; 4 우라사와 나오키의 만화; 5 기타; 6 영화 /충남보령시 청라면 내현리 514-12 그린몬스터즈 /
GENTLE MONSTER SHINSEGAE DEPARTMENT STORE DAEJEON(선글라스 판매점, 유성구 엑스포로 1) /몬스터커피 대전도안우미린점(커피숍/커피 전문점, 서구 원도안로 51 성광타워) /시애틀몬스터1706 SEATTLEMONSTER1706(그릴, 충남아산시 둔포면 아산밸리중앙로 80-26) /몬스터팩토리(금속 공방, 유성구노은동로75번길 89)
ㅡ매디캐치[의원’내과‘세종NS타워‘세종시고운동1378 /(주)메디캐치(경기 군포시 산본로, 표준산업분류, 의료기기 도매업G46592)
ㅡ메디치가(이탈리아어: Medici; 13세기부터 17세기까지 피렌체에서 강력한 영향력이 있었던 귀족 가문) 마이스터 마이스 마이카 베네치아가문[주로 동방 무역으로 막대한 부를 쌓아 공화국의 도제(통치자)와 귀족을 독점했던 상인 귀족층]
ㅡ베니스(Venice)와 베네치아(Venezia)
•이탈리아 북부에 위치한 동일한 물의 도시를 가리키며,
언어적 차이일 뿐 실질적인 차이는 없음. 영어로는 베니스, 이탈리아어로는 베네치아.
•베네치아 (Venezia): 이탈리아어 현지 명칭
•베니스 (Venice): 영어권에서 부르는 명칭
•특징: 유네스코 세계문화유산으로, 자동차나 자전거 없이 배와 도보로만 이동하는 독특한 수로 도시로, 같은 곳을 뜻.
ㅡ베네치아의 주요 가문 및 특징
>정치 및 도제 배출 가문: 파르테치아코 가문 (Parteciaco): 9~10세기 수많은 도제와 성직자를 배출한 초기 핵심 가문.
>단돌로 가문 (Dandolo): 4차 십자군 전쟁을 주도한 엔리코 단돌로 등 도제를 배출한 명문가.
>콘타리니 가문 (Contarini): 베네치아의 핵심 지배 귀족 가문 중 하나.
>로레단 가문 (Loredan), 피사노 가문(Pisano), 브라가딘 가문(Bragadin): 15~16세기 번영을 이끈 주요 귀족들.
>마닌 가문 (Manin): 베네치아 공화국 최후의 도제를 배출한 가문.
상인 가문:
>폴로 가문 (Polo): 마르코 폴로를 배출한, 동방 원정 무역으로 명성을 얻은 가문.
>지배 구조와 변화:
•귀족 독점: 1297년 대회의 폐쇄(Serrata) 이후, 특정 가문들만이 도제 선출 및 주요 공직을 독점하는 폐쇄적인 구조 확립.
•몰락과 신흥 가문: 17세기 이후 무역 감소로 전통 귀족들이 몰락하고, 돈을 내고 귀족 지위를 산 신흥 가문들이 등장. Wikipedia
•베네치아의 귀족들은 화려한 가면 무도회 문화(베네치아 카니발)를 즐기며 상업과 예술의 중심지를 아끔.
​
온라인 페북에서 수많은 이쁜뇨자들이, 줄을서서 대기하고있단다!.
이쁘기만허면 뭐한다냐?.
정적둘와 원수들까지도 이구동성이심전심 한마음한뚯으로 그 효용가치없고 양양가없고 쓰잘데기없고,
그 무의미한짓 그만 두란다!.
지금 상황에 이쁘기만것은 쓰잘데기없고 필요하지도않어….. 누구 말대로….나도 알어…이쁘뇨자둘은 널려있는거….
​
인간은 “문자/철자 →단어 →문장 →문단 →글  →문장”의 다름을가지고도 “ 선와 악의 분별삼“때문에 어느쪽 어느편 어느사람들은 이전투구의 진흙탕싸움‘아귀다툼정도가아니라 피비린내나는 목숨을 건 사생결단의 투쟁을한다.
​
세상사람들은 ” 陰陽의 조화를 이야기하고 &빨주노초파남보의 Rainbow무지개색은 어울려야(조화를 이루어야) 아름답다 “말하며 “ 다름은 틀림이 아니다 ”라고 말해놓고, 정작 인간둘은 위 다름때문에 말로하는 이전투구의 진흙탕싸움‘아귀다툼정도가아니라,
피비린내나는 목숨을 건 사생결단의 투쟁을 ‘자국의 같은 관계와의 내전’와 ’타국의 다른 관계와의 전쟁‘을 통하여 ‘자신과의 다름’을가지고,
온세상을 ‘피바다를 만드는 생지옥의 연옥’의 상황을 만들어놓고 싸운다.
​
陰陽五行이 무엇이고 Rainbow무지개는 어떤 관계이길래, 어떤 관계맺음 속의 관계설정때문에 온세상을 ‘피바다의 생지옥’연옥의 상황을 만들어놓고 인간은 싸우고있는가?.
​
[네이버 블로그] 금호김영집
https://m.blog.naver.com/yjsjhs
https://m.blog.naver.com/arangjoeul
https://m.blog.naver.com/bwiwd
​
https://story.kakao.com/kumhokyj/3LAXMT7skN9
​
https://story.kakao.com/kumhokyj/1Iu331dHPN9
​
https://story.kakao.com/kumhokyj/H3FdLP94Roa
​
https://story.kakao.com/kumhokyj/b1g5gi8kwn0
​
ㅡ” 문자/철자 →단어 →문장 →문단 →글  →문장 “속에는 고래적 과거에서도 법률적인 ‘사람와 사람’간의 관계關係가 들어가있었고,
그 인간관계에 속에 ‘업종와 직종&벌인일와 하는일‘에서의 Work業업Job와 일’Business’Industry에 관련된 금융Monetary‘통화' 시스템Currency와 Money錢돈Cash가 걸려있었다.
​
ㅡ관계關係란 ?.
>>둘 이상의 사람, 사물, 현상이 서로 관련을 맺고 있는 상태. 빗장 관(關)과 이을 계(係)로 이루어져,
서로 닫고 여는 빗장처럼 연결되어 있다는 의미를 내포. 출처‘대한민국 정책브리핑
>關 (관계할 관/빗장 관): 문빗장, 잠그다, 관계하다 /
係 (이을 계): 잇다, 매다, 연결하다. 출처’나무위키
>關(관): '문(門)'을 빗장으로 닫는다는 뜻에서 파생되어, 서로 닫혀 있거나 얽혀 있는 관계.
>係(계): 사람(亻)이 이어져(系) 있다는 뜻.
서로 묶여 있는 유기적인 연관성을 나타냄. 대한민국 정책브리핑
>즉, 關係(관계)는 서로가 서로에게 영향을 주고받거나 연관되어 있는 상태.
​
ㅡ문자 (Character/Letter): 언어의 소리나 뜻을 기록하는 가장 작은 기호 단위. (예: 한글 'ㄱ', 영어 'A', 한자 '日')
>>글자 (Letter/Character): 문자와 혼용되기도 하나, 주로 소리를 나타내는 문자(letter)나 뜻을 가진 글자(character)를 통칭.
>>철자 (Spelling): 단어를 구성하는 알파벳이나 문자들의 배열입니다.
예: 'Apple'의 철자는 A-p-p-l-e입니다.
>>단어 (Word): 하나 이상의 글자가 모여 의미를 가지는 독립된 언어 단위.
>>문장 (Sentence): 단어들이 모여 주어와 동사를 갖추고 완전한 생각이나 의미를 전달하는 최소 단위.
마침표(.), 물음표(?) 등으로 끝남. YouTube
>>한국어와 영어의 구성 비교
>영어: 알파벳(문자)이 모여 철자를 이루고,
철자가 모여 단어가 되며, 단어들이 모여 문장이 됨.
>한글: 자음과 모음(문자)이 모여 하나의 글자(음절)를 이루고, 글자가 모여 단어가 됨. YouTube
>>언어별 특징
>영어: 26개의 알파벳을 기반으로 하며, 대소문자(Uppercase/Lowercase) 구분이 중요.
>한자 (Chinese Characters): 표의문자(뜻글자)로, 각 글자 자체가 하나의 의미를 가짐. 한글 텍스트 내에서 의미를 명확히 하기 위해 혼용. Oracle Help Center
>>문장을 구성하는 핵심 요소:
주어(S), 동사(V), 보어(C), 목적어(O), 수식어(M)
​
ㅡ음와 양, 해와 댤, 흑와 백, 낮과 밤, 빛와 그림자.
>>옛 속담에,
•(산의 높이가 골짜기의 깊이와 비례하듯, 뜻이 크고 높으면 생각이나 고뇌도 깊다)산이 높으면 골이 깊다. /
[급격한 상승이나 번영 후에는 그만큼 깊은 하락이나 시련이 찾아온다는 의미로 긍정적인 면(빛)이 강할수록 그 이면의 부정적인 면(그림자) 역시 짙어진다는 교훈적 의미로 사용 & 주식이나 상황 변화에 대한 경계로도 자주 쓰임. 나무위키]빛이 밝을수록 그림자는 어둡다.
•(Peak‘피크)산봉우리와 [谷골 곡: 골짜기, 산 사이의 패인 곳 ]溪谷계곡(시내溪가 흐르는 골짜기谷, 谷間곡간: 골짜기 사이. 출처:사이버서당)
•Valley: 가장 일반적인 골짜기, 계곡
•Gorge’Canyon: 좁고 깊은 골짜기‘협곡
•Hollow: (산속의)움푹한 곳‘작은 골짜기
•Gulch: (주로 미국 서부)좁고 깊은 골짜기
>골짜기 사이로 물이 흐르는 모습을 본뜬 상형문자에서 유래 /기상용어로 기압골(氣壓谷)과 같이 움푹 패인 곳을 뜻할 때도 谷을 사용. 출처:사이버서당
>>陰陽五行
>동양 철학의 기초로, 우주 만물의 변화를 대립과 조화의 음양陰陽과 목木‘화火’토土‘금金’수水 다섯 가지 기운.
>동양 철학의 핵심인 음양(陰陽) 사상을 가장 잘 나타내는 대립적이고 보완적인 자연 현상과 개념들.
해/낮/양과 달/밤/음은 서로 조화를 이루는 관계.
>해 (陽 - 양): 빛, 열기, 낮, 따뜻함, 남성, 앞면, 남쪽, 능동적인 힘을 상징
>달 (陰 - 음): 어둠, 한기, 밤, 차가움, 여성, 뒷면, 북쪽, 수동적인 힘을 상징
>음양 (陰陽): 우주 만물이 두 가지 상대적인 기운(음과 양)의 대립과 조화를 통해 존재한다는 원리
>흑백/낮밤: 낮과 밤처럼 서로 대응하는 자연 현상에서 출발하여, 밝음(낮)과 어둠(밤)의 상대적인 관계를 나타내는 흑백 논리처럼 우주의 본질적인 극성을 의미. namestory.kr
​
ㅡSUN&MOION와 해오름&달오름.
>>일출: 해돋이, 해가 뜸, 日出 /
일몰: 해넘이, 해가 짐, 日沒. 출처:Wikipedia
>>해돋이의 日出일출Sunrise(태양의 맨 윗부분이 수평선이나 지평선에 처음 나타나는 순간)와
해넘이의 日沒일몰Sunset(태양의 맨 윗부분이 수평선이나 지평선 아래로 완전히 내려가 사라지는 순간)
>새해/명소: ""동해안 정동진에서 2026년 첫 일출을 보며 소원을 빌었다.""
>풍경/여행: ""제주도 서쪽 바다에서 붉게 물드는 일몰을 감상했다.""
>시간 정보: ""내일 서울의 일출 시각은 오전 6시 30분, 일몰은 오후 7시입니다."" 나무위키
>>달의 위상별 한자 및 영어 정리
>초승달 (初生달,초생달), Waxing Crescent Moon (차오르는 모양)
>상현달 (上弦달 - 반달), 상현上弦, First Quarter Moon (상현반달)
>보름달 (望/滿月), 망 (望), 만월滿月, Full Moon
>하현달 (下弦달 - 반달), 하현下弦, Third Quarter Moon, Last Quarter Moon
>반달 (Half Moon): 상현과 하현을 통칭하여 부를 때 사용하며, 1/4씩 찼다는 의미(=Quarter moon)
>Waxing: 달이 차오르는 것 (초승달~보름달) &, Waning: 달이 기우는 것 (보름달~그믐달)
>” ‘(어떤 방해에도 진실과 민주화는 온다는 관용구로 인용 /거꾸로 강을 거슬러 오르는 저 힘찬 연어들처럼‘강산에의 노래 ‧ 1998년 /검단사거리 맛집 등 '새벽닭 옛날통닭'과 같은 옛날 통닭 전문점 상호명 )‘닭의 목을 비틀어도ㅡ중략ㅡ
​
https://youtu.be/ULsPY9XhTfA?si=F3VZb-9VUe9CUiZ8
​
[네이버 블로그] 금호김영집
https://m.blog.naver.com/yjsjhs
https://m.blog.naver.com/arangjoeul
https://m.blog.naver.com/bwiwd
​
https://story.kakao.com/kumhokyj/3LAXMT7skN9
​
https://story.kakao.com/kumhokyj/1Iu331dHPN9
​
https://story.kakao.com/kumhokyj/H3FdLP94Roa
​
대전애서 북쪽관계‘마포하늘공원(서울특별시 마포구 하늘공원로 95)와
남쪽관계’대동하늘공원(대전광역시 동구 자양동 20-9)이,
남쪽관계‘(Booking.com,
https://www.booking.com
대전 게스트하우스 하늘 정원. 여행에 필요한 모든 것, 세계 최대 여행 사이트 Booking.com /인천광역시 중구 운서동 2848-6, 인천국제공항 하늘정원)하늘정원와
북쪽관계‘[jesusglory.kr,
http://www.jesusglory.kr
하늘영광교회 하늘영광 Copyright(c)하늘영광교회 All reserved.designed by 교회사랑넷 /
YouTube · 충일교회 하늘영광 찬양단 /하늘영광교회ㅡ서울특별시 강동구 ’대전광역시 서구 ‘천안시‘장로교회전북특별자치도 전주시 ‘군포시 ’경상남도 김해시 ‘인천광역시 서구 ’감리교회경기도 수원시 ’경기도 시흥시 ‘경기도 화성시 ’충청남도 보령시 ‘서울특별시 관악구]하늘영광‘와의 남북방향자리에
또다른 동서방향자리의 관계가 붙어서 관계의 조합을 달라하며
관계의 방향이 ’다중의 다층으로 중복되어 중첩된 관계‘를 형성하며,
자리마다 글자관계가 다툰다.
​
어찌하여 ’ 과거와 현재의 관계‘가 다투고있는가?.
​
돌아다녀도 반드시 법률적관계가 돌아다녀야한다.
돈이걸린 경제관계에서 자리와 위치가,
행정동‘법정동으로서 법률적인 자리와 위치 관계이어야함에도, 역으로 그 자리와 위치를 ‘ 비법률적인 관계를가져다가 &법률적관계를 비법률적관계로 만들어놓은 후 ‘,
이리저리 옮겨다니면서 (법률적인 인간와 일 &돈 )관계를 임의로 이쪽저쪽다른쪽에서 동시다발적으로&여러곳에서 상대뱡당사자본인이아닌 다른삼자들이 임의로‘함부로 뒤집고뒤바꾸어놓아 흐트려놓으며,
‘과거의기존의당초의 인간와 일 &돈 ’관계를 끊어놓고’망가트려놓아 “ 과거의 관계를 현재의 관계가 ” 뭉개고앉아 들어먹고깨먹은 “상황이다.
​
과거와 현재와의 ‘관계변화’에 든 관계설정,
’관계맺음의 확장성‘에 ‘일관성와 연관성’이 ‘사라진&깨진‘상황이다.
현대사회에서 ” 사람와 일 &돈 “관계는 모두 선택사항이아닌 반드시 의무적으로 법률적관계이어야하고,
어느쪽어느편어느사람들은 과거부터 이미 법률적인 경제관계였다.
​
오래전부터 주변의 인간관계가 ’다투는&싸우는‘ 상황을 알고서 “ 살아서 떠돌아다니는 산송장 만들지마라! ”떠들고있었다.
타인을 살아서 떠돌아다니는 산송장을 만들어 놓은 후,
무슨 관계를 맺고있고 &어떤 일을 벌여 놓은 후 어디에다 어느쪽 누구에게,
현대사회 법률적관계에서는 단순한 거짓말도 문제가되는 관계인데 더나아가 그 허위의 사기행위는 범죄행위를 넘어선 원수짓의 배신행위가되어 이적행위가되는 관계인데,
상대방당사자본인이아닌 다른이가‘삼자들이 인간관계를 훼손하여 신의와 의리를 져버리도록하고 &상도의와 상도리를 훼손햐여 경제관계를 망쳐놓는,
상황이지않은가?.
​
위 관계속의 상황은,
현대사회가아닌 고래적 옛날기록도 남아있지않아 구전으로&야사로 전해지는 ’고구려백제신라‘삼국시대때에도 이미,
원수짓의 배신행위와 이적행위 상황 속 관계때문에 과거에서나 현재에서나 이미 싸우며 다투고았지않았는가?.
​
https://youtu.be/ULsPY9XhTfA?si=F3VZb-9VUe9CUiZ8
​
옛말에 궁금하면 하는말 &가요노래에도 나오는가사,
산너머 산촌와 강촌에는 누가살고있나?.
그 산넘어로가는, 령(嶺)과 재(岾/峙,고개)는,
자리마다 위치가달라서, "" 관계의 방향이&관계맺음의 방향이 ""모두 다 같지않다.
어찌하여 그 같지않은 자리마다 다른 위치속에 든 관계를,
거짓임을 알고서도 속이고있는가?.
​
고개이름
령(嶺)과 재(岾/峙,고개)는 모두 산을 넘어가는 통로를 뜻하지만,
령(嶺)은 백두대간 등 험준하고 높은 큰 산맥을 넘는 주요 고개(예: 한계령, 문경새재)에 쓰이는 한자어입니다. 반면, 재(岾/峙)는 규모나 형태에 관계없이 두루 쓰이는 순우리말 표현입니다.
출처;전북의소리
​
1. 령(嶺) - 험준한 큰 고개
특징: 주요 산맥, 험하고 높은 고개에 주로 사용.
예시: 차령(車嶺), 추가령(追加嶺), 철령(鐵嶺), 한계령(寒溪嶺).
전북의소리
​
2. 재 (고개/령/치/현)
특징: 규모에 상관없이 널리 사용되는 고유어, 령(嶺)은 재의 한자 표기이기도 함.
​
형태:
재: 토박이말 (예: 대관령, 문경새재).
령(嶺): 험준한 산.
현(峴): 작은 고개, 낮은 고개.
치(峙): 주로 지명 뒤에 붙어 험준한 턱을 의미 (예: 웅치).
전북의소리
​
3. 차이점 요약
규모: 령 > 재 (대체로 령이 더 높고 험함).
성격: 령은 대간(大幹)의 주요 고개, 재는 일반적인 통로. 전북의소리
​
고개 이름은 령(嶺), 재(岾/峙), 현(峴), 치(峙) 등 한자 용어와 재, 고개, 목, 티 등 우리말이 섞여 다양한 형태를 띱니다.
한국민족문화대백과사전
​
https://youtu.be/ULsPY9XhTfA?si=F3VZb-9VUe9CUiZ8
​
[네이버 블로그] 금호김영집
https://m.blog.naver.com/yjsjhs
h
ttps://
m.blog.naver.com/arangjoeul
https://m.blog.naver.com/bwiwd
​
https://story.kakao.com/kumhokyj/1PUI9povMN9
​
https://story.kakao.com/kumhokyj/ILVc6fCVPoa
​
https://story.kakao.com/kumhokyj/1Iu331dHPN9
​
https://story.kakao.com/kumhokyj/H3FdLP94Roa
​
전화번호 끝자리번호 7036으로 아침새벽’방금ㆍ 예전에 당근에다,
토마토선별기 내놓았냐고 ㅡㅡㅡㅡ창원에서 묻고있다ㅡㅡㅡ??????ㅡㅡㅡㅡ과거의& 현재의 주변상황 상......단언컨데, 신분사칭의 사기다ㅡㅡㅡㅡ세상이아니라, 내 주변이 생난리다ㅡㅡ모르고해도 신분탈취도용의 신분사칭의 상황은,
현대사회나 태고의 고래적 고조선시대에서나...... 범죄행위이고 돈이걸린 거래에선,
자짓하면 원수짓으로 돌변한다.
이상한짓마라!.
​
ㅡ세종시의 다원와 유니헤어 &GNB와 대전시의 다인와 유니베라&GB가 관계가 갈라져,
배재대와 한밭대의 관계의 조합와 충남대와 KAIST의 관계의 조합이달라져 유성구관평동와 대덕구목상동이,
대전시 “ 중구오류동와 유성구봉명동의 브레인 ” &“ 서구 ’괴정동와 세종시의 차오름’와 ‘탄방동와 세종시의 애니하이AniHi’C&C미술학원‘ “에서의 같은글자관계에서의 관계의 조합이,
“ 대전 중구와 서구의 이탈리아팔롬비니커피의 다짐와 대전서구와 세종시(S와 Smail스마일 &K와 OK의 합성글자 )SOK세종속편한내과의 ’River Story‘의 감자와 ‘강 이야기‘의 강다짐 ”에서의 같은 이탈리아커피가,
‘할리스와 파스쿠니‘가 ‘팔롬비니와 파파죤스’관계가 갈라져 위 상황에 한 일레로,
‘S에스’문자관계에 ” 케이K의 글자자리 관계 ‘더케이THE K ‘팀케이TEAM K ‘K수학 ‘케이케이KK ‘(같은 대전중구에서의 HK와 대비되는 KH의 )권홍헤어KH hair ‘케이앤케이K&K ’KS ‘KR ‘KB ‘KD ‘KT……등등“이 붙어 &,
‘인도‘간디’인디아‘타지마할’반디‘잔뒤(디)’반딧불(이)’에 ’유황硫黃‘硫黃와 강황薑黃 &커리‘카리와 카레’ &CARA’KARA와 CASA‘CASAMIA‘….etc….글자관계가 더해져 서쪽의 이정와 이밥 &KT가,
동쪽의 권홍와 이가 &‘SKT와 (사람와 일 &돈에서의 관계의 조합이달라져 &)관계와 갈라져 다툰다.
​
[네이버 블로그] 금호김영집
https://m.blog.naver.com/yjsjhs
https://m.blog.naver.com/arangjoeul
https://m.blog.naver.com/bwiwd
​
https://story.kakao.com/kumhokyj/1PUI9povMN9
​
https://story.kakao.com/kumhokyj/ILVc6fCVPoa
​
https://story.kakao.com/kumhokyj/1Iu331dHPN9
​
https://story.kakao.com/kumhokyj/H3FdLP94Roa
​
ㅡ세종시의 멍게가와 대전시의 멍게골 &, 대전시의 (충남)충청도와 멍멍이’에 ‘뭉뭉이‘멍충이‘멍청이’멍청한‘멍청도…글자가 다툰고, 관계가 다툰다.
​
ㅡ그린에코‘Green Eco’
친환경 교육, 폐기물 처리, 재생 에너지, 산업용 냉난방 등 환경 및 지속가능성을 다루는 다양한 기관과 기업을 지칭.
사단법인 형태의 교육 센터(greeneco.kr)
쌍용C&E 자회사인 그린에코솔루션
배터리 원료 관련 에코프로 그룹사(PT. Green Eco Nickel)
(사)그린에코(강원도원주시)
Green Eco Holdings
그린에코사이클(주)
PT. Green Eco Nickel
Green Eco Technologies
그린카드
​
ㅡEvergreen[영원한Ever과 초록색Green, 상록수or상록 식물]
​
에버그린텍 제조업체 충청남도 공주시
(주)에버그린 청주시 · 13.6 km
에버그린영어 금남면 반곡리 49-14
에버그린 문화7길 7 · 11.4 km
(주)에버그린 유천동 · 26.7 km
에버그린 돈까스 전문식당 경기도 안양시
에버그린 미국 서부 요리 충청남도 천안시
주)에버그린비피 사직동
에버그린 대전광역시
에버그린요양원 비영리단체 충청남도 아산시
에버그린 대전광역시 동구
에버그린 아파트 대전광역시 서구
방송대대전에버그린 편의점 대전광역시
(주)에버그린농원 충청북도 청주시
에버그린텍 시공업체 대전광역시 중구
에버그린 모텔 충청북도 청주시 · 24.0 km
에버그린사회복지센터 사회 복지 센터 충청북도 청주시
에버그린펜션 휴양 주택 금산군
에버그린가구 가구점 익산시
에버그린대리점 도매업체 대전광역시 대덕구
(주)에버그린 공해방지시설 공사업체 충청북도 청주시 ·
에버그린펫클리닉 동물병원 전북익산시
EVERGREEN C&T CORPORATION 화학제품 제조업체 충청북도 청주시
(주)에버그린카페모모 카페 충청남도 천안시
에버그린수목장 공원묘지 안성시
(주)에버그린씨엔씨 회사 홍성군
에버그린캠핑장 충청남도 논산시
에버그린 청주시
세종그린(주) 폐기물 처리 서비스 대전광역시
에버그린 돈까스 전문식당 서울특별시 서대문구
(주)에버그린코리아 운송회사 서울특별시 종로구
에버그린빌라 충청남도 부여군
에버그린 아파트 충청북도 청주시
에버그린커튼장식 생활용품점 대전광역시
에버그린물산(주) 회사 충청북도 청원군
에버그린골프클럽 골프 연습장 경상북도 구미시
(주)에버그린건설 건설회사 전북특별자치도 완주군
에버그린 천안시
에버그린 휴양 주택 충청남도 태안군
에버그린조경개발(주) 조경사 충청북도 음성군
에버그린 아파트 전북특별자치도 익산시
에버그린인테리어 상점 무주군
에버그린월드 전북특별자치도 군산시
에버그린(주) 경기도 평택시
(주)에버그린 안성시
에버그린MNA 가구가 비치된 아파트 충청남도 예산군
(주)에버그린엔터프라이즈 무역 회사 경기도 용인시
에버그린플라워 꽃배달 충청남도 논산시
에버그린부동산 부동산 중개 사무소 충청북도 청주시 ·
에버그린클럽 골프장 대구광역시 남구
오리농장(에버그린) 농장 충청남도 홍성군
세종에버그린 서울특별시 송파구
(주)더블유에버그린 충청북도 진천군
아이지에이아산에버그린점 상점 아산시
에버그린영농조합법인 영농조합 충청북도 증평군
에버그린 평택시
​
ㅡ새종시고은동9단지 앞 굽네치킨 옆 (한자관계 어미 모) 母반챤이
롯데후레쉬델리Lotte Fresh&Deli(신선식품‘한끼반찬’건강식품)으로 자리를 옮기고 관계를 바꿨다.
위 반찬‘관계가 ’대전동구‘동대전농협 하나로마트(대전동구 인동 358)’자리의 ’반찬가게와 ‘(가양점‘동구가양2동38-22)커피에반하다‘관계가 신세계emart(에브리데이와 노브랜드 &emart24시편의점)에 붙어서,
“ ‘(위에 언급한 )Lotte Fresh&Deli’와 세븐일레븐(1989년 서울 송파구에 국내 1호점을 개점. 대한민국에 편의점 시대를 연 최초의 브랜드. 롯데그룹 계열사 주)코리아세븐이 운영. 전 세계 20개국에 걸친 글로벌 네트워크를 보유) &‘(여가에 또다른 편의점)GS25시’와 ‘GS더프레시THE Fresh’ “에서의 관계의 조합이 자리마다 달라서,
같은 ’편의점‘(중대형)mart마트‘가 ”주변관계가 달라서&관계맺음이 달라서“ 사기의 범죄행위 원수짓에 다툰다.
​
ㅡ대전에서 서구의 커피에반하다와 중구의 Venti커피가
” 다른구와 다른지역 &, 같은 ’편의점‘(중대형)mart마트 “관계가 붙어 다툰다.
무슨 관계가 어디와 무엇이 달라서 다투고있는가?.
​
ㅡ커피에반하다
세종 소담점: 소담동 모아래미도리버시티 상가, 나성점: 나성동 갤러리벨류시티, 에비뉴힐점 (무인): 어진동 에비뉴힐, 정부세종청사점 (스마트): 어진동 도움6로 42 /,
대전둔산점: 대전 서구 대덕대로 229, 대전갈마점 (무인): 서구 갈마동 아트리움, 대전관평점: 유성구 관평동 우리은행점, 대전중촌점 (무인): 중구 중촌동, 기타 매장: 신흥동 신흥점, 용운동 대전대학교점, 가양점‘동구가양2동38-22, 대전안영점, 대전송강점,
​
ㅡVenti커피
대전 중구 보문로 258-1 (대흥동)대전산성점, 보문산로 37 (산성동)대전은행점, 중앙로164번길 35 (은행동)대전보문산점, 보문산공원로 486 (대사동)
​
노씨(노나라 魯氏; 주된 본관은 시조는 노용신(魯龍臣)의 강화(江華)가 대표적이며, 유래: 중국 주나라 무왕의 동생인 주공(周公)의 장남 백금(伯禽)이 노(魯)나라에 봉해지면서, 그 후손들이 나라 이름을 성으로 삼은 것이 시초, 출차 위키트리) &,
盧(밥그릇 노씨, 한국의 대다수 노씨盧’씨를 사용. 시조 노수盧穗이며, 魯‘씨는 ’盧‘씨와는 시조와 계통이 다른 별개의 성씨로, 노씨盧氏는 당나라에서 신라로 귀화한 노수盧穗를 도시조로하며, 그의 아홉 아들이 각지에서 득관하여 光州/光山광주‘광산’ 交河교하 ‘豊川풍천 ’안동 ‘경주 ’연일 ‘만경 ’곡산등 20여 개 이상의 본관이 있으며, 교하 노씨와 광주 노씨 &풍천 노씨가 가장 많다. 출차 위키트리)가 다툰다, 과거와 현재의 관계를 가지고……
​
대출안받어…..가아니라, 못받어….지금 말을 못해서 전화를 안받는게아니다….이상한짓마라!.
범죄행위에 원수짓이 더해진 그 거짓의 사기속에 든 관계설정….아~그만됐다고 전해라!. 정적들은‘원수들은 눈감고귀닫고 마녕 자빠져잔다냐!, 현재가아니라 지나간 과거까지 일거수일투족을 속속들이 캐고있다!.
​
[네이버 블로그] 금호김영집
https://m.blog.naver.com/yjsjhs
https://m.blog.naver.com/arangjoeul
https://m.blog.naver.com/bwiwd
​
https://story.kakao.com/kumhokyj/GKfkNfYWNOA
​
https://story.kakao.com/kumhokyj/1PUI9povMN9
​
https://story.kakao.com/kumhokyj/ILVc6fCVPoa
​
https://story.kakao.com/kumhokyj/1Iu331dHPN9
​
https://story.kakao.com/kumhokyj/H3FdLP94Roa
​
ㅡ대전‘유성구하기동 ‘GYM TOWN’다이소’자리의 ’칠갑산식당와 GNC‘GOLF’ &’(대전‘유성구 노은2동 665-3)오모리생바지락손칼국수‘에서 ‘(물고기’모양의 도안 )오투피싱’이 새로 생긴 후 ’ACE BED‘글자가 사라지고 &,
세종시고운동님측 ‘(스마트큐브1차‘건물옥상 위 )권투’와 ’홍구참숯불구이‘글자자리 ‘2H GYM’의 ‘홍복싱‘이 ’SOUL BOXING’쏘울복싱짐‘으로 글자를 바꿨다.
​
ㅡ대전‘서구 ‘워커스 호텔 대전월평 by 아늑‘와 ’컨티뉴호텔‘Dalsi‘글자자리의 ‘방사청’ 앞 대전시‘중구’동구의 관계가,
세종시로나간 ’충남논산의 탑정호’대전관계 ‘백제와 황산‘의 ’관촉사 석조미륵보살입상’와 ‘(주)가야곡주조‘가야곡 왕주(可也谷 王酒)’ &‘양촌‘에서의 ‘다올와 한울‘이아닌,
대전에 남아있는 ‘충남부여의 ’백마강‘의 ’(규암면백제문로 387)롯데아울렛’부여점‘와 (충청‘부여군규암면 백제문로 367 )한국전통문화대학교‘의 “ 강경근대문화거리와 ’(조선시대후기의 )조선 2대 포구, 조선 3대 시장’에서의 ’한얼와 다울’ ”자리 월평동에서,
[ ’AK와 솔레 &시크릿와 백두산사우나‘자리의 ‘편의점emart24시‘가 나간자리에 새로들어 선 ‘개빕밥파는 고양이‘자리에서는 보이지않는 ]빨강색의 ‘홍대개미와 홍대포차 &홈플러스익스프레스와 홈플러스‘의 삼성’이,
’Stay와 햑짬뽕 &조마루감자탕와 굽네치킨’의 갈마동네거리 “ (” 프랑스 소설가 생텍쥐페리 소설 '어린왕자'에 나오는 ‘코끼리를 삼킨 보아뱀’모습을 본뜬 이 조형물 “관계 )지구와 뱀 &여우와 조종사 ”와 진각종 &삼천리’Alton자전거‘와 ‘피자알볼로[ 수제 피클과 꾸덕한 갈릭디핑소스, 풍성한 토핑(sUPer포테이토 등)으로 유명 ]자리 ‘노랑색의 신세계’가,
신세계’이마트의 ‘BK와 두드림’이
삼성‘홈플러스의 ’AK와 시크릿‘와 관계가갈라져
“ 유성구신성동의 대덕‘BK가 유성구궁동의 로데오’시크릿 ”글자자리 관계와 다툰다.
​
ㅡ위 빨강색의 ’홍대개미와 홍대포차 &홈플러스익스프레스와 홈플러스의 삼성’이 ’콩나물국밥전문점 전주현대옥와 콩나물해장국‘이 아닌,
‘(
https://kr.tempur.com
)템퍼‘TEMPUR®침대’자리의 ‘(김가네시민고기국수신성점;유성구신성동 125-4 앞 탄동천건너편 )새븐일레븐‘이화수육개장와 은희네해장국’의 ‘육개장와 해장국’자리 관계로 바꿨다.
but, (서구 둔산동에 위치한 )정부대전청사(청사로 189)앞 지하철역네거리애서 ‘삼성와 이마트 &롯데하이마트와 삼성전자 &전자랜드와 LG전자‘가 모두 같은 관계이나,
“[ 대전지방국토관리청의 대만 글자자리 ’고반와 교반‘과는  또다른 관계, ‘대전교회‘참례회‘자리 “ 돼지고기’고기명작와 신호등장작구이 &월평돈800(썹씨)°C와 샤브샤브샐러드바’샤브명작 ”자리의 ]”월평자동차매매‘M월드와 대전교통공사‘의 ’성심요양원와 성심장례삭장 &SMG/KRC와 대전장례식장’이,
롯데마트관저점’관저가구단지‘롯데하이마트’섬성전자‘롯데시네마’자리의 “ [ { 건양대학교建陽大學校, Konyang University논산시대학로 121 논산 글로컬캠퍼스' /논산 평생교육원:논산시대학로 121 건양대학교명곡정보관 /대전평생교육원:서구관저동로 158 건양대학교 간호학관 1층 /계룡평생교육원:계룡시신도안면 신도안 3길 72 &}서구 관저동로 158 ] ”대전 메디컬캠퍼스'자리의 ’건양대병원장례식장‘와,
대전서구 ‘대덕대로와 한밭대로‘를 사이에두고 (국가와 공공 기관 ’원‘부’처‘청’공단‘이 아닌 공사’관계 )교통공사‘도시공사‘주택공사’농어촌공사‘원자력수자원공사’한국전력공사‘석유공사’가스공사’철도공사…..etc….공사’에 &,
“ 정부’공공 기관‘원‘부’처‘청’공단 ”와의 ’관계의 조합‘에 든,
‘민관군…업종와 직종‘에서의 ’벌인일와 하는일’이 달라서 돈관계가 다르다.
​
ㅡ위 ’( 대전지방국토관리청의 대만’관계 글자자리 ’고반와 교반‘과는 또다른 관계 ‘대전교회‘침례회‘자리 “ 돼지고기’고기명작와 신호등장작구이 &’월평돈800(썹씨) °C‘와 샤브샤브샐러드바’샤브명작‘자리의 )월평자동차매매‘M월드와 대전교통공사‘SM기업(주)‘자리의 ’성심요양원와 성심장례삭장 &SMG/KRC와 대전장례식장’의 ’도로와 철도 &항공와 선박’에서의 ‘교통‘이,
‘자동차’신차매장와 기계’전자의 전자제품대리점’자리와 ‘업종와 직종‘에서의 ’벌인일와 하는일’이 달라서(&돈관계가달라서 )법률적관계를 속이면 다툰다.
​
ㅡ서구의 (월평동 1276번지/월평새뜸로 8번길 61-17)혜성장로교가,
같은자리 월평동에서도 같은 개신교임에도,
‘월평자동차매매‘M월드와 대전교통공사‘의 ‘(서구 월평동 103)대전교회’참례회‘의 자리와,
인간관계와 돈관계가 다르다.
​
ㅡ서구둔산동‘대덕대로 ’신세계아마트’맞은편 ‘Line Hotel와 삼성전자’자리의 ‘제천와 황태 &군단와 INDIA’글자자리의 ‘DH &,
세종시아름동 ’다짐와 열무네 &스퀘어38와 대쪽마루‘의 SDH &,
’( 대전지방국토관리청의 대만 글자자리 ’고반‘와는 또다른 관계 ‘돼지고기의 고기명작’이 ’신호등장작구이와 월평돈800(썹씨) °C‘로 글자를 바꾼자리의 )월평자동차매매‘M월드와 대전교통공사‘자리의 ’성심요양원와 성심장례삭장 &SMG/KRC와 대전장례식장’의 SMG와 ‘S-Garden’ &,
중구선화동’NC백화점 앞 ‘아나바다와 NINE‘9’SPOT Hotel &소청1번가‘inter view’글자자리의 ‘S market’ &,
•국내도서 ‘
https://product.kyobobook.co.kr‘
’S라인‘ 교보문고 2024. 1. 5.
“ S라인”은 '소셜'(Social), '소사이어티'(Society), '시크릿'(Secret) 라인의 약자다. 섹스(Sex)라인이라는 뜻이 물론 우선이다.
•헤럴드경제 ‘
https://biz.heraldcorp.com’
‘ 숨기고 싶은 은밀한 관계, 'S라인'으로 드러난다. ’.
헤럴드경제 2025. 7. 8. ‘S라인'은 성적 관계를 맺은 사람들 사이에 연결된 붉은 선, 이른바 S라인으로 인해 벌어지는 사건과 그 안에서 보이는 인간의 욕망, 진실을 담은 판타지.
​
ㅡ유성구봉명동에서의 ’( ’심청아배고파와 스카이뷰로드‘옆 &’MAD BLICK‘맞은편 )SOLIAN와 앤터펠리스 &[ (주)가양Gayang 의 ]자우리JAWOKRI Hotel’와 ‘500th Hotel’,
(같은 봉명동의 웰니스재활병원 옆 )자우리JAWOKRI Hotel와 대국건설 &아늑호텔와 HeyCoffee &‘(유성구장대동 )쌍용자동치정비소와 GNC Golf’의 ‘대국‘,
서구둔산동’교보문고 앞 ‘(고기명작의 )500th Hotel’와 ‘라미아레지던스호텔‘La Mia Residence Hotel‘ &‘달콤커피&TOWSOME PLACE’와 짬뽕관,
‘(중구대흥동의  )자우리JAWOKRI Hotel와 ‘(예산 조계종’수덕사말사 )정수사.
​
ㅡ위 호텔와 병원자리가 아래의 자리와 주변관계설정이&돈관계가 다르고 &,
(세종시금남면 발산리 342-1)추어명가의 ‘농협의 자전거와 농기계 &[ 전남순천시 ‘주)동부그린환경 및 동부화훼유통‘에서의 ]’동부그린와 YK Steel‘자리가,
[ 대전대덕구 상서동(신탄진로 512) ]김관식추어명장의 ’(위 농협와 같은 관계 )농협의 자리라도 ‘자동차와 오토바이 &(회덕역 )철도와 (대전광역시대덕구 장동로 9 )야하마CSC‘야마하중부지원센터’와,
같은 ’추어탕‘이라도 (앞에붙은 명칭’글자가 달라서)관계가 다르다.
​
[네이버 블로그] 금호김영집
https://m.blog.naver.com/yjsjhs
https://m.blog.naver.com/arangjoeul
https://m.blog.naver.com/bwiwd
​
https://story.kakao.com/kumhokyj/GKfkNfYWNOA
​
https://story.kakao.com/kumhokyj/1PUI9povMN9
​
https://story.kakao.com/kumhokyj/ILVc6fCVPoa
​
ㅡ九雲夢에서의 夢
• 서포‘김만중이 집필한 한국의 고전소설 한국문학
• 고려시대의 승려 일연선사의 저서인 삼국유사에 실려있는 '조신의 꿈'의 기본 틀을 활용 스토리를 확장한 소설.
전기적, 불교적인 성격으로 서술, 인생무상이라는 주제를 담음.
• 홀로 된 어머니 해평 윤씨[경상북도 구미시 해평면을 관향으로 하는 한국의 성씨. 시조는 고려 고종~원종 때의 무신 수사공 상서좌복야(守司空 尙書左僕射)를 지낸 윤군정尹君正. 선조 때의 명재상 윤두수,윤근수 형제는 서인의 영수]를 생각하는 마음이 각별한 효자였는데, 실학자 이규경의 주장에 따르면 따르면 김만중은 귀양지에서 어머니의 근심을 덜어드리기 위해 하룻밤만에 이 소설을 썼다고 함.
•한글본과 한문본을 포함해 50여 종의 이본 현존. 한글본과 한문본의 비중이 거의 같다.
•현대 중국이 세계에 자랑하는 조설근의 대작 소설 《홍루몽》과 비슷한 줄거리 형식을 지니고 있는 소설.
시기상으로 1740년 청나라에서 쓰인 《홍루몽》보다 1687년에 쓰인 《구운몽》이 더 앞섬. 일각에서는 《홍루몽》이 청나라에 수출된 '《구운몽》의 인기'로부터 어느 정도 영향을 받았을 가능성을 지적.
•원작내용;
성진이 팔선녀를 만나고 갔다 와서 향을 피우고 염송한다. 여기에 '밤이 이미 깊었더니'라고 구절이 있다. 그 후 갑자기 동자가 와서 육관대사에게 불려가 혼나고, 황건 역사한테 끌려 염라대왕한테까지 갔다가, 양 처사 집에 가서 양소유가 되기 전까지 시각을 알려주는 문구가 나오지 않는다. 꽤 많은 시간이 흘렀을 텐데 말이다. 나중에 성진이 다시 현세로 돌아왔을 때 '지는 달이 창에 이미 비치었더라'라는 구절이 나온다. 즉, 혼자서 고뇌하고 있었을 때부터 꿈이란 것이다. 그렇다면 양소유로 지내던 때뿐만 아니라 팔선녀가 절에 불려오고, 염라대왕한테 불려 가고 했던 것까지 전부 다 꿈이라는 것이다.
•이 소설은 매우 불교적인데,
삼국유사에도 실린 설화 ""조신의 꿈""에서 영향을 받았다함.
•김만중이 이 작품을 통해 전하고자 하는 뜻이 무엇인가에 대해서는 크게 세 가지 설.
-불교의 '공(空)' 사상을 이야기로 풀어낸 작품이라는 설
-'꿈 속에서는 양소유가 되어 유교 이상의 정점에 오르고 현실에서는 불교 이상의 정점에 오른다'는 내용을 통해 어느 세계관에서든 정점에 오르고 싶어 하는 양반들의 이상을 반영한 작품이라는 설.
-마지막으로 양쪽 모두를 주제 의식으로 품고 있다는 것.
​
ㅡ계룡산鷄龍山 쌀개봉 약 828m.
• 주봉 천황봉846.5m에 이어 두 번째로 높은 봉우리,
• 디딜방아의 쌀개 모양을 닮아 붙인 이름&” 鷄龍山의 의미가 ’ 천황봉~쌀개봉~삼불봉으로 이어진 바위 능선이 마치 닭벼슬을 쓴 용의 형상과 같다 “하여 붙여진 이름.
​
ㅡ계족산 (鷄足山)
•산의 모양이 닭 다리(닭발)를 닮았다고 하여 붙여진 이름.
•닭발산/닭다리산, 계족산의 다른 이름.
•봉황산: 산의 생김새가 봉황과 비슷하다고 하여 불리는 이름.
​
ㅡ연산오계連山烏鷄.
충남 논산시 연산면 화악리 일대에서 사육.
깃털, 피부, 뼈가 모두 검은 재래종 닭.
1980년 천연기념물 제265호로 지정.
귀한 한국의 보양식 재료. 일반 오골계와 달리 깃털까지 검고 발가락이 4개인 것이 특징. 약용과 식용으로 인기.
​
ㅡ금오산金烏山의 금오신화金鰲新話
•김시습이 조선 시대에 지은 전기소설.
조선 최초의 한문 소설집. 소설이란 장르로 치자면 우리 역사상 최초의 조선 제일의 판타지 문학소설.
•조선전기 학자·문인 김시습이 지은, 「만복사저포기」·「이생규장전」·「취유부벽정기」·「용궁부연록」·「남염부주지」 5편 우리나라 최초의 한문 단편 소설집.
창작 시기는 명종 연간으로 경주 금오산 용장사에 은거하면서 지었다는 설이 가장 유력.
​
ㅡ경북구미시의 1970년 한국 최초의 도립공원金烏山(976m); 아도화상이 노을빛에 물든 까마귀(태양의 정기)를 보고 이름 붙였다는 전설 &이칭/별칭; 명금산鳴琴山, 대혜폭포의 물소리가 산을 울린다 하여 붙여진 이름.
•Hote웨딩 Geumosan‘구미시 금오산로 400
• 금오[金烏; 태양 안에 살며 천상의 신들과 인간 세계를 연결하는 세 발 달린 까마귀, 삼족오三足烏(해를 상징하는 금오와 달에 사는 토끼를 묶어, 금오옥토金烏玉兎로 표현. 세월이나 해와 달을 의미)]
• 주변에 대혜폭포(大惠瀑布; 큰 은혜의 폭포') ‘명금폭포(鳴金瀑布; 쇠’금가 울리는 소리가 나는 폭포) ‘해운사(海雲寺; 바다 구름의 절) ’약사암(藥師庵; 약사여래를 모신 암자)가 있음.
• 대혈(大穴= 道詵窟도선굴을 이르는 다른 이름. 도선선사가 득도한 곳. 거대한 구멍이라 하여 통일신라 말 풍수지리의 대가인 도선국사가 이곳에서 도를 깨우쳤다고 하여 붙여진 이름& 고려 시대 야은 길재 선생이 은거했던 곳으로도 유명.
• 대혈大穴, 오아나; '큰 구멍'을 뜻.
경마 등에서 '엄청난 배당(이변)'이나 '깜짝 우승마(Dark horse)' /음식점 '오아나[ 다이애나; 도쿄 등지(타카다노바바, 야에스 등)에 위치한 인기 술집으로, 쇼와 시대 분위기에서 가벼운 술자리나 연회를 즐길 수 있는 곳 ]
​
ㅡ삼족오三足烏&세발까마귀.
•고대 동아시아 지역의 태양 속에 산다고 여겨졌던 전설의 새.
•해를 상징하는 원 안에 그려지며, 종종 달에서 산다고 여겨졌던 원 안의 두꺼비에 대응.
•신석기 시대 중국의 양사오 문화, 한국의 고구려 고분 벽화, 일본의 건국 신화 등 동아시아 고대 문화에서 자주 등장.
•일본 축구협회 엠블럼 '야타가라스(삼족오와 유사한 형태의 전설의 새)
​
ㅡ鳥와 溪 &鶴와 龍.
충북괴산군과 경북문경시에 걸친 조령산(鳥嶺山 1,026m) /경기도오산시 오산烏山 /국립오서산烏棲山‘자연휴양림(791m,충남보령시청라면 ’까마귀가 많이 서식하여 '까마귀의 보금자리‘ , 서해안의 등대역활) /대전의龍溪洞’鷄山洞‘鶴下洞‘충남공주鶴峯里‘九鶴山(충북제천시 백운면·봉양읍과 강원도원주시 신림면 경계 산. 학이 아홉 마리 있는 형상)
​
ㅡ포크와 나이프 &포크와 수저 &포크와 젓가락 &포크와 ""돼지 돈(돼지; 豚 = 月 + 豕。 「月」는 ""고기""를, 「豕」는 ""돼지""를 뜻)“.
(지리산&제주도 )흑돼지 먹돼지 제주도똥돼지 문경약돌돼지 지평선돼지 수평선돼지 돼지마을 돼지촌 착한돼지 돼지우리 돈돼지 다돼지 충전돼지 꿀돼지 꽃돼지….etc…
​
ㅡ” 돼지~ “글자자리가 생난리다.
​
ㅡ대전시의 공간와 대감 &세종시의 공감와 사감’에 오감와  육감 &통감와 꽂감 &홍시와 ㅅ
​
ㅡ(유성구봉명동 )송림와 Gmart &황우와 따봉 &INFRA와 스탕달호텔‘HOTEL’Stendhal &닥터부스터태닝‘
‘유스케어동(유성구봉명동536-8’번지)와 파피죤스‘아웃백 /(세종시아름동 )황소와 단비 &MEXICANA와 GS25 /(유성구반석동 )MEXICANA와 초근목피한의원 &(반석동 654-2번지)서리서리멸치국수전문점와 Mayhair /(동구소랑길 64,삼성동104)반디와 (동구소제동299-88)대전버거‘taejonburger &(서구한밭대로570번길29-12)워커스호텔 대전월평by아늑‘와 워커스버거(동구새둑길180.세종시어진동 547, 세종시절재로 194, 대전동구 새둑길180, 전주완산구 마전중앙로22) /(동구성남동)쌈마이대패와 계림 &노브랜드‘Nobland와 쿠팡‘coupang’공임나라 /(동구용운동)쌈패와 이얀Ean &웰빙와 하나.
​
쌈패
부사동 261-6
도마동 142 20번지
지족북로66번길 82
가오동 은어송초교근처
백룡로 140
송촌동 506 5번지
쌈마이대패
가양동 404 4번지
유천동 186-1
도마동 23-18
상대동로36번길 59
판암1동 478-1
원도안로 47
성남동 503-14
대종로 624",https://blog.naver.com/yjsjhs/224259439137,전화통화 신분확인.말을못해서 말을하지않는게아니다,20260421,2026-04-27 16:35:05
세븐일레븐 쿡인페이퍼 즉석오징어짬뽕,코스트코 할인정보[4월20일 월요일] 산양유단백질 다이어트... ,백년육수 즉석국양반 그릴리 부대전골비비고 사골시래기 된장국비비고 소고기 미역국비비고 스팸듬뿍... 얼큰짬뽕예천농협 한아름쌀미이랑 캐나다산 병아리콩미이랑 국내산 찰기장쌀미이랑 국내산... ,"https://youtu.be/0trmBEbs3J0
콜라겐 딥 마스크 바디 워시 시트러스비타민 슈퍼오메가 골프공 피스 쉬크 인튜이션 제모기제모기 날 온더바디 발을 씻자 코튼 풋샴푸 데오도란트 바디미스트 오가니스트 딥 모이스처 바디워시생활건강 모노티크 바디워시 입 도브 피치 화이트 바디워시 우르오스 페이스바디워시오스트레일리안 보태니컬 핸드워시 프롬바이오 관절연골엔 보스웰리아초록입홍합콴첼정구연산칼슘 글루코사민네츄럴라이프 칼슘 마그네슘 비타민 센트룸 칼슘비타민미니웨버네추럴 마그네슘정아연 정동국제약 마그마 스피드샷리콜라 허브캔디 트루블루 프로폴리스 캔디 마누카허니리콜라 레몬민트 허브캔디 콤비타 프로폴리스 스프레이정관장 홍삼정스틱 에브리타임 소프트광동 홍삼 배도라지진액정관장 홍삼정 현정관장 홍삼정현광동 보감쌍화진액종근당건강 침향환 환 정관장 홍삼진 현동원천지인 홍삼절편 동원천지인 홍삼정골드고려은단 비타민타우린음료병 오로나민 드링크박스 동아제약 박카스동화약품 부채표 가스 활빙그레 면역워터뉴트리원 퓨어산양유단백질셀렉스 프로틴 드링크 오리지널바이탈 프로틴 콜라겐메디웰 고단백웨이더 혈당케어 프로틴프리미어 프로틴 단백질 드링크 팩 셀렉스 프로틴 밀크바닐라하이뮨 프로틴밸런스액티브비건하이뮨 프로틴밸런스액티브익스트림 트리플 아르기닌랩노쉬 단백질 드링크골드스탠다드 웨이단백질보충제 초콜릿맛 웨이더 단백질 보충제 초콜릿맛 랩노쉬 슬림쉐이크 인절미맛랩노쉬 슬림쉐이크 제주말차맛뉴케어 구수한맛 뉴케어 당플랜 뉴케어 고소한검은깨한미양행 다이어트가르시니아종근당건강 알로에 이뮨스틱 여에스더 글루타치온 울트라덴프스 덴마크유산균이야기비에날씬에스 다이어트유산균생유산균프리미엄락토핏 듀얼바이오틱스락토핏 당케어데일리세노비스 키즈 프로폴리스 스프레이쎌바이오텍 듀오락키즈유산균세노비스 아연 면역 구미센트룸 키즈 츄어블멀티비타민프로메가 식물성 츄어블오메가 키즈센트룸 멀티비타민구미 어린이눈건강구미네이처메이드 비타민 구미 얼라이브 엘더베리 구미 뉴트리코어 초임계비타민정슈퍼 컴플렉스판토모틴 비오틴판토텐산바이엘 베로카 발포비타민 실버 멀티비타민대웅제약 임팩타뮨듀얼바이탈이뮨 일분 액상정트리 데일리 멀티비타민센트룸멀티비타민 실버우먼센트룸멀티비타민 실버맨센트룸멀티비타민 우먼센트룸멀티비타민 맨한미양행 콘트로이친정 관절 리프리놀 초록입홍합 추출오일뉴트리원 코코칼슘젤리포크릴오일엔젯오리진 아쿠아셀오메가블랙모어스 피쉬오일 미니웨버네추럴 오메가프로울트라 오메가 지큐랩 콜레스테롤억하이큐 포스파티딜세린징코뉴트리원 루테인지아잔틴 아스타잔틴동국제약 테아닌아쉬아간다웰케어 멜라메이트 구미아모레퍼시픽 굿슬립 가바안국건강 아이원 눈건강 솔루션 아이시안 루테인지아잔틴바슈롬 오큐비전 한미양행 멜라치오 정알유 비타민 정박스 안국건강 간 피로솔루션 헛개한미헤파케어 밀크씨슬홍경천대웅제약 우루샷 익스트림 트리플트루블루 프로폴리스포르테뉴트리원 파인애플효소뉴트리원 더콜라겐 데일리프로바이오틱에버스트로겐에버콜라겐 인앤업덴프스보령 위엔포스지큐랩 쿨멜팅 유산균그레인온 카무트효소닥터루템맥주효모푸드올로지 콜레올로지 콜레올로지포 마스터바이옴 지노마스터트루블루 스피루리나바이탈뷰티 슈퍼레티놀한독 테라큐민 슈퍼커큐민포 네이처스트루스 애플사이다비니거 구미세노비스 코엔자임큐텐 다목적 렌즈관리용액신신제약 신신파프쿨 신신제약 신신파프핫 크리넥스스타일 슬림쿨 비말차단 마스크대형 니트릴 다용도 장갑 장 소니트릴 다용도 장갑 장 중니트릴 다용도 장갑 장 대웰케어 전립소옥타코사놀유리아쥬 진피 철결제성인용 언더웨어성인용 언더웨어 디펜드 안심성인용기저귀디펜드 프리미엄 성인용기저귀피지오겔포 맨 오휘 마이스터맨 올인원 우르오스 올인원 모이스처라이저 스킨밀크 우르오스 올인원 모이스처라이저 스킨로션 도루코 페이스 모션 면도기 면도기날 질레트 프로글라이드 면도기 면도기날 질레트 프로글라이드 면도날질레트 퓨전프로글라이드젤비겐 크림톤 염모제팩진한밤색 비겐 크림톤 염모제팩자연갈색 비겐 크림톤 염모제팩흑갈색 검 일회용 치간칫솔 개팩 덴티스테 브레스 스프레이 프로폴리스폴리덴트 의치세정제 플랙커스 마이크로민트 치실동아제약 검가드 오리지널테라브레스헬시검스 오랄린스오랄비 치간칫솔 개팩 오랄비 글라이드 치실 민트향레드씰 프로폴리스 치약유시몰 화이트닝 치약 개스퀴저 페리오 토탈어드밴스드치약콜게이트 그레이트레귤러치약심플리젠틀 다용도 화장솜멜라노 엔자임 페이스워시심플리젠틀 면봉헤피바스 솝베리 코스트코온라인몰 코스트코휴무일 코스트코회원권 코스트코영업시간 코스트코상품권 모이스춰 버블클렌징폼 클렌징 워터닥터브로너스 퓨어 캐스틸 솝 라벤더 닥터브로너스 퓨어 캐스틸 솝 시트로스오렌지 세라놀 겔 토너패드 장팩 마몽드 어메이징 딥 민트 클렌징 밤수이사이 효소 파우더 클렌저 팩 카오 식물성 화이트 솝 비누오스트레일리안 보태니컬 비누 입 라이온 아이깨끗해 프리미엄 핸드워시 리필바 솝 비누알페신 카페인 샴푸 질레트 프로쉴드파워 면도기 면도기날 질레트 프로쉴드 면도날케라시스 아르간오일 트리트먼트엘라스틴 너리싱 샴푸 엘라스틴 너리싱 컨디셔너 미쟝센 헤어스프레이 스트롱홀드제이숲 실크케라틴 워터팩 제이숲 실크케라틴 노워시 트리트먼트엘라스틴 까멜리아 헤어오일엘라스틴 까멜리아 샴푸 팬틴 콜라겐 극손상케어 트리트먼트 팬틴 멀티태스커 컨디셔너 팬틴 멀티태스커 샴푸 헤드앤숄더 울트라 쿨멘솔 샴푸 팬틴 케라틴 노워시 트리트먼트닥터포헤어 샴푸동구밭 샴푸트리트먼트바지오바니 티트리 샴푸닥터구루트 탈모증상 집중케어 샴푸 모다모다 제로그레이 블랙샴푸 려 볼륨모근강화 샴푸유세린 하이알루론 아이크림센텔리안 멜라캡쳐 앰플프로버츠비 틴티드립밤 텐 레볼루션 아이크림손앤박 아이래쉬 세럼헤라 센슈얼 누드 밤 바세린 시트마스크팩매팩 더마픽스 콜라겐마스크매 앰플크림 매포함 글로이스트 드림 글로우 뷰티 마스크팩마르시끄 미간 주름 패치 장팩리들샷클렌저 에센스로션믹순 콩 에센스숨 시크릿 에센스 미샤 비타앰플달바 화이트 트러플 세럼 셀트리온 셀큐어 프로틴 볼륨 앰플웰라쥬 히알루로닉 블루 앰플 스킨 센텔라 앰플정샘물 에센셜 물 피팅 미스트 고려은단 비타민경남제약 레모나덴프스 트루바이타민이뮨얼라이브 원스데일리 멀티비타민웨버네추럴 비타민 리스테린 구강청결제 쿨민트센소다인 멀티케어 치약리치칫솔 센소다인 엑스트라 화이트치약파로돈탁스 쿨링민트치약센카 퍼펙트 휩 클렌저라운드랩 독도 클렌저더랩바이블랑두 올리고 히알루론산 딥토너셀리맥스 어성초 지우개패드라운드랩 독도 토너 퓨어 클렌징오일스킨푸드 캐롯 카로틴 패드 매리필매 헤라 선메이트 크림레포츠헤레 선메이트 프로텍터닥터지 그린마일드 업 와이드 선패치 회분 프란츠 선쉴드 펩타이드 선패치 회분세이프 온 시카 카밍 선쿠션 본품리필 스킨 센텔라 워터핏 선세럼아떼 비건 선 에센스닥터지 그린마일드업 선피지오겔크림세타필 뉴 모이스처라이징 로션세타필 뉴 모이스처라이징 크림일리윤 가려움토탈케어크림아비노 바디로션라벤더향 아비노 바디로션무향 아비노 바디워시자몽 아비노 바디워시무향 피지오겔 페이스 앤 바디로션오휘 에이지 리커버리 크림오휘 에이지 리커버리 스킨소프너에멀젼 오휘 프라임 어드밴서 앰플 세럼크림 오휘 미라클 토닝 크림동국제약 센텔리안 더 마데카크림아이오페 슈퍼바이탈 에멀젼아이오페 슈퍼바이탈 소프너수려한 비책진생 윤 크림 아이오페 슈퍼바이탈 크림크림 에센스수려한 비책진생 윤 유액 수려한 비책진생 윤 수액 피지오겔로션에스트라 아토베리어 크림닥터지 레드 블레미쉬 수딩 크림닥터지 블랙 스네일 크림비원츠 시카 콜라겐 리프팅 크림헤라 옴므 에센스 인 스킨 구성품 헤라 옴므 에센스 인 에멀젼 구성품 빌리프 더 트루 크림 아쿠아밤유리아쥬 오 떼르말니베아 데오드란트 롤온엔젤 아쿠아 수분 수딩젤유한킴벌리 그린핑거 파워쉴드 선스틱생활건강 태극제약 도미나스 기미케어 크림일리윤 히알루론 수분 크림한스킨 히알루론 에센스이지듀 멜라토닝 앰플피지오겔 데일리뮨 세럼토리든 다이브인 세럼오가니스트샴푸앤바디워시피노 프리미엄 터치 헤어 마스크골든앰플 헤어에센스 피지오겔 하이드로 젤 크림숨 워터 젤 크림 크래프트 양송이 스프캠벨 클램차우더 스프캔보노 옥수수알 콘스프보노 바질크림 스프상하키친 양송이 크림스프오뚜기 분카레짜장오뚜기 백세카레 약간매운맛 에스앤비 골든카레 매운맛에스앤비 골든카레 중간매운맛본죽 본소고기 가마솥국밥마마스초이스 두부 북엇국소스락 백년육수 즉석국양반 그릴리 부대전골비비고 사골시래기 된장국비비고 소고기 미역국비비고 스팸듬뿍 부대찌개비비고 육개장양반 통다리 닭볶음탕 참치캔 가다랑어 동원 참치 스팸 클래식스팸 라이트풀무원 식물성런천미트동원 고추참치동원 참치동원 맛참 고소참기름동원 번데기유동 자연산 다시마골뱅이 동원 자연산 꽁치비비고 김치볶음상하키친 비프카레본죽 쇠고기 장조림 양반 진국 소고기무국비비고 사골곰탕 진우불식당 즉석우동 풍국면 들깨칼국수양반 오쏘티드 칼떡볶이떡볶이의 신 짜장 라볶이비비고 떡볶이백제 알리오올리오파스타 백제 만테까레투움바파스타이가자연면 얼큰 누룽제비 면사랑 남해 멸치칼제비백제 도토리 비빔막국수 이가자연면 감자수제비 고메 베이컨트러플파스타 쟌슨빌 햄스팸 닭가슴살리챔 오리지널 캔 캔풀무원 평양 물냉면요뽀끼 컴라볶이풀무원 병아리콩 곤약면오뚜기 옛날 자른 당면비폰 베트남칠리 쌀국수타이와 쌀국수 스프포함 백제 멸치 쌀국수이치방딜리셔스 돈코츠라멘면발의 신 마라탕면이가자연면 신길동 얼큰짬뽕예천농협 한아름쌀미이랑 캐나다산 병아리콩미이랑 국내산 찰기장쌀미이랑 국내산 찰수수쌀월드그린 캐나다산 카무트미이랑 국내산 서리태 미이랑 페루산 적두 팥 월드그린 국내산 백태온가족 누룽지 미니백제 김치볶음밥 누룽지예맛 오곡 누룽지햇반 소프트밀 소고기죽양반 특전복죽 햇반 솥반 꿀약밥햇반 컵반 치킨마요덮밥햇반 서리태 흑미밥햇반 쌀눈가득 쌀밥햇반 발아현미밥햇반컵반 된장김치찌개밥햇반 이천쌀밥월드그린 파로월드그린 호주산 루피니빈예산농협 삼광쌀용인농협 아끼바레쌀팽성농협 고시히카리쌀마장농협 이천쌀미이랑 국내산 찹쌀미이랑 캐나다산 귀리쌀 미이랑 국내산 찰현미팽성농협 아끼라레현미미이랑 국내산 가바오색현미월드그린 미국산 찰보리쌀월드그린 국내산 찰흑미미이랑 국내산 체질균형식돈시몬 오렌지 주스이롬 주스밸런스그로우착즙 주스오가닉라이프 그린글리쿼터패스트 아이스티 복숭아 산가리아코코 복숭아청포도돈시몬 자몽주스 후룻베지 파우치팁코 파인애플주스팁코 오렌지자몽주스후버 레몬에이드후버 사과주스덴마크 테이크얼라이브 스위티자몽주스카프리썬 멀티 비타민주스피오디 라임주스카프리썬 오렌지망고주스 아몬드음료고소한 삼육두유베지밀 아몬드호두 두유이롬 약콩 두유삼육두유 국산 검은콩 두유블루다이아몬드 아몬드 브리즈상하목장 유기농 멸균우유연세우유 소화가잘되는우유빙그레 바나나맛우유허쉬 초콜릿드링크배스킨라빈스 딸기맛 우유연세우유 콜드브루커피우유사과당근 주스솔리몬 스퀴즈드 레몬주스솔리몬 스퀴즈드 레몬주스롯데 쌕쌕오렌지주스 콜라 갈아만든배핫식스 에너지드링크몬스터에너지 울트라 캔 핫식스 더프로오리지널셀시어스 오렌지치포레스트 제로 탄산음료폴바셋 어메이징오트커피매일유업 어메이징 오트폴바셋 돌체라떼칸타타 콘트라베이스 콜드브루스타벅스 더블샷바닐라스타벅스 에스프레소크림 더블샷스타벅스 파이크플레이스투썸플레이스 디카페인아메리카노유씨씨 하와이코나커피투썸플레이스 피치아이스티샷추가레쓰비 마일드 캔커피오랑지나 탄산음료 사이다제로것플렉스 골든페어 배주스블루몽키 스파클링 주스 레몬에이드 그로운라이트 딸기레몬에이드 썬스위트 프룬주스 랑거스 알폰소 망고넥타압착 사과주스 선베리 패션후르츠 주스크랜베리주스홍자몽주스 델몬트 스테비아 토마토주스선베리 토마토주스 코코넛워터오뚜기 오라면팻츠가드 고양이 두부모래무향 팻츠가드 고양이 두부모래라벤더향 아메리칸 솔루션 벤토나이트 모래 무향 애견용변패드매 아이리스 애견용변패드매 시저 애견사료 소고기 캔에이엔에프 식스프리골드 애견사료 팩 네츄럴코어 애견사료팩강아지용 사료소형견 사료프리미엄 애견사료노령견 사료 파미데이즈 치킨말이 고구마 파미데이즈 황태유산균 덴탈껌 밀키베이스뉴트리플랜 애견용 홀릭소시지뉴트리플랜 소프트뮨 화식 애견용 프리미어 고양이사료 에이엔에프 식스프리골드 고양이사료 팩 뉴트리나 비스트로 애묘사료고양이 습식캔이나바 마구로쥬레 유산균이나바 츄르비 버라이어티 봉 팬시피스트 고양이 주식캔 캔 조공 미니트릿 닭가슴살뉴트리나 비스트로 애묘용 캔사료아르르 강아지고양이 열빙어간식네츄럴코어 천연 오리가슴살이나바 챠오츄르 고양이간식 입 바우와우 애견용 혼합간식 팩 존스팜스 애견용 연어저키정직하개 애견용 소고기육포벨버드 치킨밀크껌 소형벨버드 치킨밀크껌 중형윔지스 애견용 베지소시지원데이케어 애견관절치석케어러봉 애견용 한우콜라겐껌 연어맥스퓨전 애견용 장난감클린어스 애견용 장난감시리우스 강아지 발씻자 실리콘팁 바우와우 애견용 단백질바 팩 슈퍼포우 베리츄 강아지껌스위퍼 헤비듀티 먼지청소포 핸들청소포매 스카트 살균소독티슈 매팩 스카트 유리거울 세정티슈베지터블 코인 압축 티슈 테이블 냅킨 매팩쓰레기통 비닐봉투 대용량 멀티백홈스타 욕실청소용클리너페브리즈 화장실비치형 방향제 탈취제홈워시 세탁조 크리너홈워시 파이프크린홈워시 락스이지엔 페이퍼호일 팩 이지엔 에어프라이어종이호일 알루미늄 쿠킹호일글래드 밀폐용기 용기뚜껑 삼풍 일회용 나무젓가락 매팩 삼풍 종이접시대 삼풍 종이접시중 삼풍 종이보울투고 투명컵 뚜껑빨대삼풍 이중단열 커피컵삼풍 종이컵 음료수컵개 브레프 변기세정볼 레몬 입 크리넥스 빨아쓰는 행주타월 매롤 크리넥스 위생행주스카치브라이트 다용도행주겸 청소포스카치브라이트 베이킹소다 수세미스카치브라이트 청소용브러쉬스카치브라이트 초강력 린트롤러고로고로 테이프클리너본체리필매 고로고로 테이프클리너리필침구용 고로고로 테이프클리너리필바닥용 스카치브라이트 베이킹소다청소포매 스카치브라이트 미세먼지청소포매 스카치브라이트더블액션걸레 핸들 청소포 스크럽마미 수세미스크럽대디 수세미디쉬대디 클리닝스틱번들 스카치브라이트 다용도 도트수세미스카치브라이트 옥수수그물망사수세미스빈또 올인원 세제수세미스카트 일회용수세미 매롤 마미손 고무장갑 중형 마미손 고무장갑 대형 아우라 시트형 섬유유연제 건조기용리큐제트프로 포인트샷얼룩제거제슈가버블 과탄산소다 표백제타이드 액상세탁세제 홈케어 프리미엄습기제거제미세스 마이어스 다목적 세정제 스프레이 슈가버블 식기세척기세제프로쉬 식기세척기세제 식기세척기세제 슈가버블 애플향 주방세제 매소드 주방세제키친솝 주방세제 프로쉬 주방세제프릴 헨켈 베이킹소다 주방세제 레몬향울샴푸 중성세제 리큐 세탁세제 드럼겸용 피지 시트형세탁세제드럼겸용 다우니 퍼펙트딥클린 라브아세제 아이리스피오니 개피지 모락셀라 냄세제거부스터파워브라이트 세탁세제 입 퍼실 디스크세제 피지 디나자임 딥클린맥스세탁세제울트라클린팩세제 퍼울 머스크블룸세탁세제 액체세탁세제 프로쉬 알로에베라세탁세제액츠데오후레쉬 세탁세제베이킹소다 퍼실 어드밴스드젤세탁세제 샤프란 꽃담초 섬유유연제 다우니 섬유유연제 에이프릴프레쉬 다우니 인퓨전 섬유유연제 블리스 다우니 섬유유연제 실내건조다우니 섬유유연제 삶음탈취 섬유유연제 후레쉬섬유유연제 라벤더 라브아 섬유유연제 프랑지파니가이악프로쉬 코튼블라썸 섬유유연제레노아 섬유유연제 화이트머스크향 시트형 섬유유연제 매팩 다우니 언스탑퍼블 향기부스터 러쉬인워시향기부스터 스프링프레쉬향기 부스터 울트라프레쉬지퍼백 대형 지퍼백 중형지퍼락 스마트지퍼백 대형지퍼락 스마트지퍼백 중형지퍼락 버라이어티 냉장백 소형 미니 이지엔 슬라이더스탠징지퍼백이지엔 비닐백 중형 매이지엔 롤백 대형이지엔 롤백 소형 매 주방용랩 주방용랩 중형 팩 글래드 프레스앤씰 매직랩 팩 이지엔 일회용 비닐장갑 매페브리즈 섬유탈취제 다우니향페브리즈 섬유탈취제 향균페브리즈 섬유탈취제 실내건조페브리즈 공기탈취제라브아섬유탈취제 사이프러스베티버콤보스 체다 치즈 크래커 나비스코 리츠 크래커 코로코 완두콩 크래커켄지 파 크래커아마노야 센베 쌀 크래커오데이 누가샌드위치 크래커 카스 테이블워터 크래커쿠키아 뚜부 크래커돌리 제주 감귤 과즐 봉 돌리 오란다청년떡집 말랑말랑 꿀오랑돌리 한입 전병 믹스미왕 고소한 쌀과자삼립 궁중 꿀약과 마마스초이스 쌀크래커 김파래맛마마스초이스 고구마 프라이즈맥코믹 스테이크 시즈닝리치스 스위트콘하인즈 굿마요네즈린지 라지 피티드 블랙올리브 캔 청정원 고소한마요네즈 골드 큐피 참깨드레싱 블레이즈 발사믹 글레이즈맥코믹 시저 샐러드 드레싱하인즈 토마토케찹 네이처소스 샐러드토퍼하인즈 토마토케찹베이컨 크럼블스하인즈 토마토케찹프레쉬 고메 양파후레이크크래프트 미라클 휩프렌치스 머스타드이지쉐프 알리오올리오 소스하인즈 클래시코 크리미 알프레도 파스타소스라구 토마토 파스타 소스 데체코 바질페스토 가로팔로 파스타면 혼합 가로팔로 스파게티 바릴라 링귀니청정원 로제 파스타소스한라식품 수참치액소스락 백년육수청정원 올리고당 큐원 알룰로스소스락 한우 사골육수소스락 바싹말린 의성마늘청정원 조청쌀엿쌀% 안옥남 국물용 다시팩백설 프리미엄 굴소스미원 아미노산 미원 백설 소갈비양념백설 쇠고기 다시다 백설 소불고기양념남안동농협 고춧가루비비고 김치요리용소스 에스앤비 생와사비다이쇼 데리야끼소스 플라잉구스 스리라차핫소스타바스코 핫소스크래프트 스테이크소스오뚜기 참깨돈까스소스청화농산 국산볶음참깨청화농산 국산 들깨가루맥코믹 바질메사나 파마산 치즈델라미코 갈릭 후레이크맥코믹 월계수잎델라미코 파슬리 플레이크 천일염 소금 씨솔트델라미코 크러쉬드 레드페퍼 말돈소금미담 신안 구운 천일염 소금 계피가루올드톰슨 사이공시나몬스틱 핑크솔트그라인더리필소금 통후추 흑후추 그라인더리필 오뚜기 순후추샘표 양조간장 몽고 송표 프리미엄 간장 영덕농수산 영덕 게간장 빽쿡 만능요리액젓미즈칸 쯔유 백설 하선정멸치액젓롯데 미림 요리전용맛술샘표 연두본죽비빔밥 소고기강된장청정원 조개멸치 양념된장해찬들 구수한 가정식집된장 청정원 순창 초고추장해찬들 궁중식 볶음고추장청정원 태양초일품고추장 해찬들 우리쌀태양초고추장 해찬들 고기전용쌈장시아스 오리엔탈 드레싱 토마토페이스트 다이스토마토아라움 매콤달콤 보리멸 봉 마마스초이스 바삭한닭껍질후라이드마마스초이스 구운 오징어채마마스초이스 오징어 소면 왕오징어구이 스틱마마스초이스 치즈오징어마마스초이스 버터구이 오징어마마스초이스 황태 껍질 튀각푸드엔씨 구운 미니 쥐포피쉬트리 고소한 먹태소스포함 마마스초이스 황태 양념구이벤토 스위트앤스파이시 불징어피쉬트리 오사리안주멸치피쉬트리 오븐에구운먹태깡오뚜기 초간편 감자전 믹스에스프레소 블렌드하우스 블렌드콜롬비아원두커피 스타벅스 브랙퍼스트블렌드 스타벅스 카페베로나 룰리커피 스페셜블랙원두커피 카누 카페블렌드 원두커피 모모스커피 하우스블렌드자비다커피 헤이즐넛바닐라 원두폴 바셋 블렌드 테라로사 올데이 블렌드 커피명가 올굿블렌드원두커피 구스틴크래머 핸드드립커피필터 장팩 스타벅스 미디엄 아메리카노 보헤미안 로스터스 인스턴트커피카누 미니텀블러포함 바리스타커피 헤이즐넛 커피볼맥심 모카골드 마일드헤라 선메이트 프로텍터파이어폭스 바베큐숯대림바스 샤워헤드메탈호스 대림샤워 호스 대림바스 세면대필터헤드 리필필터개포함 대림바스 주방헤드필터대림바스 필터 주방헤드 필터개 포함 대림바스 필터샤워헤드 필터개포함 대림바스 샤워헤드필터듀라셀 알카라인 건전지 듀라셀 알카라인 건전지다용도 극세사타올 장 노랑 불스원에탄올워셔 개뽑아쓰는 다용도 타월 장 불스원 레인 이지그립 발수코팅 불스원 레인 스피드 발수코팅개 소나텍 익스트림나노엔진코팅개 불스원 프리미엄 연료첨가제개 휘발유 불스원 프리미엄 연료첨가제개 경유 페브리즈 차량용방향제클립프레쉬허브 맑은하늘바람 페브리즈 차량용방향제클립다우니 맑은하늘바람알카라인건전지알카라인건전지 듀라셀 울트라알카라인 건전지 듀라셀 울트라알카라인 건전지 듀라셀 알카라인 건전지 듀라셀 리튬 건전지 유니 제트스트림 볼펜색 유니 제트스트림 볼펜색 제브라 샤프샤프개 심개쓰리엠 박스 테이프티라이트정수필터 브리타호환브리타 막스트라프로 필터라바짜 네스프레소호환크레마에구스토 라바짜 네스프레소호환퀄리타 로사 카피탈리 네스프레소호환종 클라시코 벨루타토 포르테 카피탈리 네스프레소호환종 클라시코 벨루타토 포르테 브라질 룽고 킴보 네스프레소호환바리스타 나폴리 인텐소 스타벅스 네스프레소플레이버 스타벅스 네스프레소디카프 스타벅스 네스프레소싱글오리진콜롬비아 하우스블랜드 에스프레소로스트 스타벅스 돌체구스토네스카페 돌체구스토아메리카노 룽고 베스트모먼트 돌체구스토브라운 전기면도기 세정액팩 스타벅스 돌체구스토하우스블렌드 파이어폭스 알루미늄 직화용기 버라이어티팩코베아 헤스티아 토치 파이어폭스 에탄올 고체연료풍국면 들기름막국수풍국면 온동네 소면 백제 당초밀면백제 히모카와 우동백제 필승의 잔차국수포카리스웨트 이온음료 팩 토레타 과채이온음료쥬비스 애플사이다비니거밸런스그로우 수박주스립톤 제로복숭아아이스티정식품 국산콩 진한콩국스카치브라이트 베이킹소다크린스틱 핸들 패드 블루랜드 변기세정제윙크 위생 롤도마윙크 잘라쓰는 주방후드필터정샘물 스킨 누더 쿠션리필미니퍼프벌꿀 블루 아가베시럽무염견과 스낵팩 살사소스 라투랑겔 호두오일동원 저스트 육포 화이트 페퍼리치 켄주 야채크래커크리스피롤 곡잘잘미칩 볶은곤약통멸치 츄이 프로틴바화과방 프리미엄 양갱텐케이 종합 모나카후지야 밀키캔디솜 디톡스 레몬칩스타벅스 다크 아메리카노쌍계 애플사이다비니거 사과 아이스티 복숭아 티젠 레몬콤부차이디야 요거트 파우더크리스탈라이트 레몬 아이스티 크라스탄 오르조보리차 토티야 칩스 스낵킹 옐로우콘 토티야칩스프리토레이 도리토스 나초 칩프리토레이 레이즈 클래식 핑크솔트감자칩잭슨스 고구마 칩히피 칙피 병아리콩 나초칩테라칩 클래식 야채칩오리온 태양의 맛 썬프리토레이 스낵 버라이어티 팝코너스 버라이어티 백프링글스 미니 사워크림어니언프링글스 오리지널익사이클 바삭칩 믹스오리온 오징어땅콩강정롯데 스낵모음오리온 스낵모음크랙콘 카라멜팝콘에어 퍼프콘 클래식시카고 믹스 팝콘신화에프에스 컬러 오징어마마스초이스 리얼 닭가슴살 칩마마스초이스 후라이드 쥐포튀김곰표 후라이드 오징어진새우 오리지널 새우스낵스낵야드 표고버섯 칩일품채 표고채 국내산일품채 목이버섯 국내산호박고지 국내산건곤드레 나물 국내산무말랭이 국내산건고사리 국내산양구 건시래기 국내산건대추 국내산건취나물 국내산오리히로 과일 곤약 젤리폴라레티 후르트 아이스바허쉬 얼려먹는아이스크림엘제이드 쁘띠베어 아이스바트롤리 미니 버거 젤리틱톡 젤리 믹스 닥터유 프로틴바 미니 닥터유 아몬드 단백질 볼닥터유 프로 단백질 바 그래놀라 바비카인드 다크초콜릿 너트바엄마사랑 통곡물 너트바랩노쉬 단백질 쿠키 종 프로틴 바네이쳐밸리 프로틴 바네이쳐밸리 트레일 믹스 바궁 쇠고기 육포궁 골든올리브 육포궁 쇠고기 육포비첸향 골든코인머거본 칼몬드포담 빼빼어포피쉬트리 먹태깡 레드신화에프에스 갓 튀김 어포카디나 감자 스틱농심 쫄병 스낵오리온 뉴룽지더다믐 김칩스것플렉스 두부현미스낵오뚜기 뿌셔뿌셔불고기맛타오케노이 빅롤 김 스낵트윅스 미니스 초콜릿오리온 비쵸비엠앤엠즈 믹스 초콜릿부르봉 알포트 초콜릿 가염 믹스넛무염 믹스넛무염 캐슈가염 캐슈 만나다 브라질 넛원더풀 가염 아몬드 가염 피스타치오 만나몰 국산 볶음 땅콩만나다 국산 잣 가염 볶은 아몬드미국산 피칸휴슨넛 슬라이스 아몬드 미국산 생아몬드미국산 호두 그린넛 호두 반태 그린넛 호두 정과후디즈 칵테일 피넛 후디즈 허니 로스티드 피넛 플랜터스 가염 땅콩 바프 허니 버터 아몬드헤이그램 서리태 스낵카수가이 와사비콩스낵가염 땅콩캐슈 클러스터 바프 먼투썬 주 허니 마카다미아 로스티드 마카다미아부샤드 카라멜씨솔트초콜릿 부샤드 다크 %초콜릿 페레로로쉐 초콜릿총개 하리보 스타믹스 젤리제너럴밀스 후룻 바이 풋앙팡 밀크릿 카라멜 스모어코어틴 프로틴 초콜릿 볼몰티져스 밀크 초코볼아라비안 딜라이트 대추야자 아몬드초콜릿스위스 델리스 밀크 초콜릿 스위스 델리스 다크 초콜릿 메이지 마카다미아 초콜릿메이지 키노코노야마 일본 초코송이롯데 빼빼로 모음 팩 킨더 맥시 초콜릿페레로 누텔라 앤 고킨더 부에노 초콜릿킨더해피 히포해태 홈런볼 초코 틴인틴 비스켓 원더풀 무염 피스타치오제너럴밀스 후르츠거셔스젤리오리온 알맹이믹스팩제너럴밀스 후르츠 롤업 젤리트롤리 지구본 젤리 트롤리 사우어 구미스위트 스페이스 멀티 믹스 젤리트롤리 드래곤 에그 젤리 닥터큐 과즙 젤리 종멘토스 미니사이즈 과일맛후르트텔라 과일맛 요구르트츄트롤리 올인원 젤리 비달 다이노 젤리레옹 사워 젤리모음스키틀즈 믹스팩락토조이 구미 젤리하리보 골드베렌 젤리하리보 메가 파티 젤리미카구토 아주끼캔디 맛밤 봉 페를레디솔레 포지타노 레몬사탕 캔디캠프파이어 마시멜로옌끼 자일리톨 캔디투씨 팝스 미니어춰 스틱 캔디총 웨더스 오리지널 버터 크림 캔디벨라민츠 스피어민트 캔디벨라민츠 과일맛 민트 종트레핀 벨기안 커피맛 스위트 캔디 스위토리 후르츠민트향 껌 벨라민츠 스피어민트 껌맥스봉 치즈스위토리 자일리톨 껌롯데 자일리톨 껌전자레인지 팝콘웨지 감자 스낵디제이앤에이 바삭하고 고구마칩덴로쿠 스낵믹스세레나 에그롤트로피칼 필드 크리스피코코넛롤슐츠미니 프레첼 부르봉 블란츌 랑그드샤 피넛버터 프레첼 기화병가 펭귄 쿠키미니 초코크리스피티포 에그쿠키크노퍼스 웨하스센넨야 바움쿠헨마마스초이스 티각태각 야채부각스모어 오갓멜로 크리스피 쿠키 트러플하몽 크래커총 웨더스오리지널 카라멜팝콘 클래식나비스코 프리미엄 솔틴크래커 골든 오차드 트레일 믹스 싱글오리진초콜릿워커스 어쏘티드 토피초콜릿 모음밀크초콜릿 아몬드 스니커즈 펀사이즈 초콜릿스니커즈 미니스 초콜릿허쉬 키세스리터스포트 초코큐브토블론 믹스 초콜릿스위토리 피넛 클러스터스위스델리스 마운틴바초코블럭이노푸드 아몬드너겟 초콜릿알리앤로즈 미니 초코 와퍼콘부샤드 라즈베리틴나비스코 오레오쿠키위메이드 밀크 쿠키랑그드샤 쿠키밀카 초코그레인 쿠키폭스 초콜릿 쿠키스위토리 치즈 쿠키알리앤로즈 크로아상 바이트모리나가 문라이트자케 미니브라우니믹스오리온 카스타드오리온 초코파이맥비티 다이제스티브 투고 켈슨 데니쉬 버터 쿠키 카라멜라이즈 쿠키비첸지 아치쿠키박스생미쉘 프렌치 버터 쿠키카렌스 베이커리 오트쿠키 라즈베리롯데 마가렛빠다코코넛메종 브뤼에르 아몬드 크리스프크리넥스 다용도 종이타월 매입미용티슈매팩프리미엄화장지롤 크리넥스 데코소프트화장지롤 크리넥스 소프트터치 미용티슈매팩 크리넥스 휴대용 티슈매 뽀삐 점보롤화장지 롤 크리넥스 안심 키친타월매 롤종이타월매롤 크리넥스 소프트엠보싱 물티슈 매팩 꽃샘 본비 우엉차동서 둥굴레차 꽃샘 본비 우롱차 쌍계 전통차도라지 국화 누룽지 티트라 레드 애플티로얄티 루이보스 티 네스카페 테이스터스초이스커피 콜럼비아그라운드커피인스턴트커피스타벅스 드립백커피룰리커피 스페셜드립백하마야 드립백 커피테라로사 싱글오리진 드립백강릉 보헤미안 로스터 드립백커피 입 이디야 토피넛라떼커피빈 피스타치오 라떼맥심 화이트골드펄세스 스테비아커피믹스 이디야 스페셜 모카블렌드 이디야 스페셜 골드블렌드비비고 참기름퓨리티 마누카꿀 본비 아카시아꿀 메이플 시럽 초콜릿 칩 % 스키피 크런치 땅콩버터땅콩버터오뚜기 우리밀부침가루 청화농산 도토리묵가루곰표 중력밀가루미이랑 찹쌀가루 농협 우리밀 참밀가루 아몬드가루 백설 하얀설탕 홀썸 비정제 갈색설탕 큐원 갈색 설탕설탕 알티스트 설탕대신 알룰로스 큐원 스테비아 암앤해머 베이킹소다썬스위트 건자두 담달 쫀득한 건망고썬메이드 건포도건체리 건블루베리오션 스프레이 건크랜베리 이롬 일 영양건강식돌 복숭아 컵태광선식 퀴노아곡 미숫가루 설빙 옛날 미숫가루 태광선식 서리태귀리쉐이크 달톤 화이트 식초마리안느 아보카도오일 올리브유스페인엑스트라버진 올리브유셀렉스 웨이프로틴 드링크라투랑겔 오일혼합 엑스트라버진올리브유스페인포도씨유오타비오 포도씨유푸엔테 해바라기유 카놀라유 백설 옥수수유 데니그리스 사과식초 사과식초명가랑 국내산 참기름명가랑 국내산 들기름명가랑 정이담긴참기름먹는샘물 천연광천수동원 보성말차아리조나 녹차진생허니티 캔 광동 옥수수 수염차 이탈리안탄산수후지산 탄산수 스파클링탄산수하이트진로 토닉워터 플레인캐나다드라이 진저에일하이트진로 블랙보리 천연광천수 제너럴밀스 바 버라이어티 팩퀘이커 심플리그래놀라 에센셜 그래놀라 프로틴 플레이크오 그래놀라 믹스 팩 제너럴밀스 시나몬토스트크런치켈로그 리얼 그래놀라그래놀라하우스 그래놀라 파로이츠캘로그 컵 시리얼캘로그 아몬드 푸레이크신라명과 달콤바삭 크룽지신라명과 오리진단팥빵삼립 오븐에구운버터도넛신라명과 리얼 브라우니미각제빵소 황치즈 버터바파이삼립 호두 타르트화과방 도넛팥빵화과방 크림딸기붓세화과방 바질스콘화과방 우피파이 팔도 비빔면농심 너구리농심 배흥동 비빔면 런닝 트리코트반바지 플립플랍성인 스티커즈 캠핑용 접이식 간이침대브라질리아 백팩 구명조끼 영유아용구명조끼 용넥쿨러 개마이어 전기포트 로렌스 머그락앤락 단 도시락휴대가방 포함 리볼브블루투스 스피커 아이폰 프로맥스아이폰아이폰 웰치스 탄산소다 포도맛 캔 콜라 제로 팩 콜라 캔 멜로그라노아란시아타 캔 마운틴듀 오리지널제로동원애묘용 캔사료 웨버 대형 숯 점화통 웨버 점보조 차콜그릴 웨버 프리미엄 차콜그릴 코스트코회원권 코스트코 코스트코추천상품 코스트코올리브오일 코스트코영업시간 코스트코타이어 코스트코상품권 코스트코추천 코스트코온라인몰 코스트코휴무일 코스트코세일 코스트코 코스트코정보세일정보 코스트코에서꼭사야할것 코스트코추천 코스트코치즈 코스트코고기 코스트코추천템 코스트코다이어트 코스트코갈비살 코스트코간식 코스트코고기소분 코스트코갈비살소분 코스트코그릭요거트 코스트코고기추천 코스트코가격표에숨겨진비밀 코스트코과자 코스트코감자수제비 코스트코냉동야채 코스트코뇨끼 코스트코낙곱새 코스트코냉동식품 코스트코냉동새우 코스트코냉동피자 코스트코닌자블렌더 코스트코냉동 코스트코디저트 코스트코다짐육 코스트코다이어트추천템 코스트코드라이기 코스트코닭다리살 코스트코등갈비 다이어트코스트코 코스트코베이글 코스트코다짐육떡갈비 코스트코레몬즙 코스트코로스트치킨 코스트코로티세리치킨 코스트코라자냐 코스트코올리브오일 코스트코추천상품 코스트코신상 코스트코필수템 코스트코연어 코스트코상추 코스트코쇼핑 코스트코영양제 코스트코아이폰
​
딥모이스처 바디워시 에멀전 골드리프팅 스킨케어 캐스키드슨 핸드크림 캐스키드슨 베스트 선물 프리미엄 호 스페셜 호 동원 프리미엄 호 제일재당 스페셜 호 백설오일 혼합선물 영진 불원산 헉슬리 핸드크림농심 너구리김치 사발면육개장 사발면신라면 소컵부여알밤 삼계탕트레브리즈 공기탈취제슈가보블 과탄소 표백제 데일리 양말 담요 슬리퍼로버락 로봇청소기 바롬 제로 컬렉션 무선청소기 스타벅스 돌체 구스트 헤이즐넛 바닐라 원두아보카도 오일골드 키위 샤인 머스켓 청포도햇반 김치 치즈 주먹밥 삼천오참치마요 주먹밥 비요뜨 초코링 콘드로이진천 어린이 눈건강궁이 바이탈프로틴 콜라겐 홍삼정 현홍삼정현홍삼선물 홍삼골드산삼배양근 진 센트룸 실버 멀티비타민 코관절 진 콜라겐 에센셜마그마 스피드샷 루테인 지하잔틴 홍삼 원력 홍삼 절편홍삼 배도라지 진액 보감 쌍화 진액 하모트효소 에버스트로겐 종군단건강 홍삼 절편 농량근 홍삼본 함뿌리 녹용 흑삼스틱 함뿌리 흑삼 아르기닌 침향환 선물 알로에 판토텐산 센트롬 멀티비타민 구미 레몬민트 허브캔디 경남제약 레모나시 스테노비스 트리 브레스 스프레이 프로폴리스 자동전자혈압계 동구밭 샴푸 트리트먼트 바 범 일회용 치간 칫솔 조르단 인디비주얼 소프트 칫솔 질레트 프로실드 면도날 유시몰 화이트닝 치약 레인바스 샤워젤 헤드앤숄더 울트라쿨 맨솔 샴푸 흑모비체 괄호거품 연모제 시크릿 에센스 에이지 리커버리 크림 컨센트레이트 세럼프로크림 어성초 지우개 패드 아이케카테 프리미엄 핸드워시 온더바디 바르시처 코튼 푸트 샴푸 센텔리안 멜라 캡처 앰플 프로 도미나 스키미 케어 크림 미라클 토닝 크림 에이지 리커버리 스킨 소프트나 에멀전 엔자인 페이스 워시 모노티크 바디 워시 클렌징 워터가비노 바디로션 닥터 루티어 선물플라워 마켓 바디웨어 케어보타닉 가든 바디워시퓨어 코튼 선물레드 이발소 핸드워시마라탕면 소고기 미역국 양송이 스프 바질크림 스프 통다리 닭볶음탕 사골시래기 된장국 김치볶음 스팸 듬뿍 부대찌개 육개장 비비고 떡볶이 베이컨 트러플 파스타 짜장라볶이 어토리 비빔맛국수 진국 소고기묵국 어쏘티드 칼떡볶이 쌀국수 파게장 큰사발 당초 밀면 알리오 올리오 파스타 솥반 꿀약밥 누룽지 미니 소프트밀 소고기죽 컵반 치킨마요 덮밥 된장김치찌개밥 쌀밥참치 용원 스페셜 호 스페셜 호 프리미엄 호 프리미엄 김 호 비치햄 오리지널 스팸 클래식 스팸 라이트 스팸 닭가슴살 곡물복지 햄 라이트 존슨빌 햄 동원 고추참치 동원 참치 꽁치 두부 북엇국 그릴리 구대전골 사과 당근 주스 수박 주스 멜로그라노 아라시아타 제로 탄산음료 복숭아 청포도 콜라 스테비아 토마토 주스 고소한 삼육 초콜릿 드링크오랑지나 탄산음료 콜라 제로 핫식스 에너지 드링크 핫식스 더 프로 오리지널 롯데 밀키스 제로 마운틴 뉴 오리지널 제로환타 오렌지 제로 투썸플레이스 피치 아이스티샷 추가 투썸플레이스 디카페인 아메리카노 트래비 탄산수 레몬향 크리스탈 탄산수 샤인 머스켓 하차 캐나다 드라이 진저 에일 브라운 슈가 밀크티 오뚜기 열라면 파미데이지 치킨마리 고구마 애견사료 소고기 황태유산균 덴탈검 고양이 습식 캔 아르르 강아지 고양이 열빙어 간식 펜시피스트 고양이 슈식 트리플랜 애견용 홀릭소시지화면화식 애견용 애견용 장난값 베이킹소다 크린스틱 다영도 행주기엄 청소포 베이킹소다 수세미 다영도 포트 수세미 옥수수 그물망사수세미 페브리지 섬유탈취제 향균 섬유탈취제 다우니향 라부아 섬유탈취제 랩프 병기세정볼 프로시 식기세척기세제 프로시 주방세제 주방세제 헤비듀티 먼지청소포 페브리즈 화장실 비치형 방향제 루키제트 프로 포인트샷 얼룩제거제 더블액션 걸레 미세먼저 청소포 드라이 에이킹소다 청소포 초강력 린트롤로 슈가 버블 에프량 주방세제 키친솥 주방세제 에이킹소다 주방세제시티형 섬유유연제 건조기용 크리맥스 유생행주 스마트지퍼팩 스마트지퍼팩 대형 브라이어티 냉장팩 알로에베라 세탁세제 샤프란 꽃담처 섬유유연제 프로시 커튼 블라썸 섬유유연제 세탁세제 퍼실 어드밴스드 젤 세탁세제 딥클린 세탁세제 울샴푸 중성세제 나부아 섬유유연제 퍼실디스크세제 비트 세탁 세제 리큐 세탁 세제 포울 머스크 블룸 세탁 세제 다우니 섬유유연제 실내건조럭스나인 라텍스토퍼 슈퍼싱글 퀸사이즈 킹사이즈 에르고 라텍스백에 다운 얼터너티브 백에 오버사이즈 블랭켓 피너츠 엑센트러그 주방 쿠션 매트 미니 바스 타월양털 극세사 카펫 얼트메이트 담요 양털 극세사 담요 정장 양말 캐주얼 양말프리컷 팬티 프리컷 프라 캐주얼 양말 팬티 쿠션 양말라운드 티셔츠 브리프 긴소매티 방풍 자켓 밴딩 팬츠 긴팔 크로넥스트링 면바지 긴소매 맨투맨 긴소매 티셔츠 긴소매 크로티 트렌치 자켓 아린 후드 자켓 아린 청바지 스웨트 아린 밴딩 아린테리 바지 아린패키지 맨투맨 이랜드 팬츠 로고 스웨트 셔츠 청바지 치노 바지 옥스퍼드 셔츠 긴 소매 컬러 라운드 니트 와플 긴 팔티 동산 스판 팬츠 액티브 팬츠 긴 소매 쿠르 파자마밴딩 카고 조고 액티브 영양 옴니 히트다운 헤딩 자켓 피그먼트 스웨트 셔츠 보모 재킷 우유 가디건 와이드 청바지 캐시미어 니트 더블픽 캐팬츠주니어 프라네일 파자마액티브 풀집 풀집 니트 청바지 흰소매 니트 폴로 운동화 용 골프와 용 골프와 성인 스니커즈 운동화성인 운동화 노가 매트 펌 롤로 야광 킥커볼골비 플라이온 골프공 필텐 골프장갑 헤브리지 차량용 방향제 클립 볼스원 프리미엄 연료청가제박스테이프 페팔 핸드블렌더 롤치킨 스템 바스켓 야채 탈수기 페팔 칼전동 커피그라인더 스테어 크라이머여행가방 스탠리 큐인원 기능 경량 캠핑 의자 골프 우산 접이식 손수레듀라셀 알카라인 건전지번개표 등사각방등다목적 접이식 테이블 필터 주방헤드 샤워헤드 필터 네고 닌자고올인원 보안 카메라 개별 멀티탭 브라운 전기면도기 시리즈 전동칫솔모 오랄비 전동칫솔 오랄비 전동칫솔 식물 영양제 데린바스 필터 샤워 헤드연기 잡는 그릴 파워 인덕션 더플레이트 블렌더닌자 프로 블렌더 음식물 처리기 진공 포장기 멀티커피 머신 페팔 티타늄 포스 프라이팬 페팔 프라이팬스테인리스 스테인리스 더블링 디너웨어 인 유리 저장용기도로코 주방가위 도마 막스트라프로필터 엔바이저히럭스 캠핑 매트 무단 슬림 서랍장 서랍형 수납함 여행가방 원 도체자전거 차량용 스마트폰 무선 충전 거치대 불스원 에탄올 워셔 불스온 글라스 디필저 프리미엄 수공구아모스 글라스 데코프리미엄 에이퍼 복사 용지 송오브인디아 플라스틱 화분 초코그레인 쿠키 트레일믹스 태각야채 동중꿀약과 제주감귤과질 버라이어티백 와사비새우깡 두부현미스낵 갓튀김옵포 칼몬드 화이트 페퍼처스트 육포 프런치 트러플 볶음 땅콩 칵테일 피넛 허니 로스티드 피넛 프로틴 초콜릿불 커피 초콜릿 모음 스니커즈 펀 사이즈 초콜릿 사워 젤리 모음 트롤리 지구본 젤리 유기농 맛밤 쌀크래커 두부크래커 바삭칩 믹스 찰떡파이 키킷 오리지널 초콜릿 스키를드 믹스팩 체다치즈크래커사과젠파이 오븐에 구운 버터더넛 버라이어티쿠키 바삭한 닭껍질 후라이드 골든그레이염 바바라이어티 팩 원러브레드 미니 생크림 보름달 황태 양념구이 첵스 초코 콤보 팩 모레오오즈 스크램베리 아몬드 카페 블랜드 원드 커피 바게츠 인스턴트 커피바게츠 드립백 커피 스타벅스 돌체 구스터스타벅스 넷스프레스스타벅스 네스프레소킴보 네스프레소 맥심 카누미니 애플워치갤럭시플립 갤럭시폴드 게이밍 모니터 사운드 링크 플렉스 솔로 사운드 파트 퓨리케어 공기청정기 스탠바이미 인덕션식기세척기 인용달인 인덕션 프리스탠드 식기세척기 달인 스타일러 달인 드럼세탁기 달인 오브제건조기 달인 세탁기건조기 오브지의 더블 매직 리터 양문형 리터 워시타워 김치냉장고 리터 냉장고 리터 냉장고 김치냉장고김치냉장고 냉장고 리터 김치냉장고 리터 루콜라페스토 로제 파스타 소스 간장 클램 차워드 스프캔만능 육수 요리 한프리미엄 굴소스 김치 요리용 소스 소갈비 양념 불비농토마토케찹 고기전용쌈장 양조간장영덕게간장 남늑피쉬소스 궁중식볶음고추장 소소한 가정식 집된장 태양초 일품 고추장 우리쌀 태양초 고추장 백설 옥수수유 핑크솔트 선물 유기농 사과식초호두 오일 정이 담긴 참기름 마이비데 물티슈 안심 키친타올 소프트 터치 미용티슈 포켓용 물티슈 앤뉴 드링킹 블루베리 생크림 요거트 떠먹는 불가리스 알로에 요거트 서울우유 듀오완 자두 팥배 토마토 러셋포테이프 달수고구마 양송이버섯 호주산 양고기 양갈비 진공팩 아롱산태 진공팩 부채살 진공팩 옹갈빗살 진공팩 미니밤 호박 물회 양념고깨장 영광 매실 고추장 물비 무삼겹 낙곱새 유기농 사워크라우트 무첨가 레겐스 브로거 위성마늘 순환구이 쌀햄 무과연 포숑버터도이치비엔나 소시지 고로곤졸라 화덕피자 치킨너겟 콩담백면 차돌박이 냉이된장찌개 소고기버섯 비빔밥케이준 볶음밥 바비큐 폭립 프리미엄 해물경단 해시 브라운 감자 공치미 물냉면 더 킹크랩스 가쓰오 메밀소바 리얼 해초 미역면 춘천식 메밀맛국수 가래떡떡볶이 한우 곤두레나물죽 양념 소갈비찜 포기김치 총각김치 바지락 순두부찌개 양념 야채채움녹황 유기농 체다치즈 비비고 통새우 만두
​
홍삼원력년근 홍삼골드 쇠고기 육포선물 견과선물 산삼배양근진 밀크씨슬 꽃차선물 커피 선물커피 선물표고버섯 혼합 올리브 오일농원 스페셜 호 특별한 선택 호 스팸 스위트 호 스팸호 존슨빌 선물프리미엄 김 호 부각 곱창 돌김프리미엄 양갱트레일믹스프라임 견과골든비트오롯라멘 드링크 고단백 케블레미쉬 커버크로스 액션 컴플리트 세븐 버블 클렌징 폼 스트롱홀드 헤어스프레이 펜틴 샴푸 펜틴 컨디셔너 하일루론 아이크림 하일루론 라이트 크림 양송이 크림 샴푸 두부 북엇국 비비고 사골시래기 된장국 소고기 미역국 비비고 육개장 사골곰탕진 그릴리 부대전골 감자수제비 참치 만대까레 투음파 둠바 파스타 당초 밀면 도토리 비빔맛국수 너구리 오라면 신라면 소컵 육개장 사벌면 김치 사발면왕뚜껑 링기니 바로 동물국 통곡 물밥 서리태 흑미바 고시헤카리살 오대살주스 오렌지 망고 주스 스위티 자몽 주스 포카리 이온 음료 파워에이디 이온 음료 몬스터 에너지 울트라 갈베 사이다 제로 스프라이트 콜라 사이다 제로 콜라 제로라임 갈아만든배 웰치스 탄산소다 스퀴즈 에이드 콘트라베이스 콜드브루 진저에일 보성말차 구운 닭가슴살 고양이 애견용 연어져키 천연오리 가슴살 베리추 강아지껌 알루미늄 식화용기 위생 롤도마 잘라쓰는 주방 후드필터 빨아쓰는 행주타월 마민성 고무장갑 스빈토 올인홀 세제수세미 스크럽데디브러쉬 식기세척기 세제 브러쉬 주방세제코튼 블라썸 섬유연제 과탄산소다 표백제파워브라이트세제알로에 베라 세탁세제 다우니 퍼펙트 세제 딥클린 홈키파 에어졸 이어플랩 털모자 다운 자켓 원 패딩재킷 긴소매티카고조고 상하이 카고 바지 크레올라 긴팔티 에브리데이 팬츠 캐주얼 바지 캐주얼 셔츠그램 인치 인치그램 인치울트라 인치 삼성 인치 인치 인치푸드 쇼케이스 냉장고 쿠크 인용 압력밥솥천 쿠크 인용 압력밥솥메듀로 등허리 마사지 쿠션 무선 청소기천 파워드라이어 짜라메이쿡웨어 넷게이터 여행가방 브라질리아 백팩 요소수 해머 드릴원 전동 드라이버다용도 수납함 백호 소프트 화장지포켓용 물티슈 한입 강정 무염 피스타치오 포테토칩 바삭칩 믹스 감자스틱 다크초콜릿 너트바 씨쉘 초콜릿 마카다미아 초콜릿 틴인틴 비스켓 멘토스 키켓 오리지널 앙팡 밀크릿 캠파이어 마시멜로 맥스봉 치즈프리미엄 양갱 세레나 에그롤 오리지널 스트로프 와플 다이제 스티브 오레오 쿠키 콘프라이트 바버라 예티팩 유기농 토마토 케찹 백년 육수 알프레도 소스 로제 파스타 소스알룰로스 트러플 치즈 소스 루꼴라 페스토 미라클 휘프베이킹 소다 오리밀 부침가루 스테비아 만능 자간찌 간장 남륵 피쉬소스 수참치액 샘표연두 우리쌀 태양초고추장 엑스트라 버진 올리브유 비비고 참기름 올리브유 키노아 곡 미숫가루 프렌치 로스트 바게츠 인스턴트 커피헤이즐넛 앤 바닐라 원두맥싱 모카 골드 아모드 크림 스프레드레몬콘 무차 바질스콘 로만밀 식빵 피타브레드 후라이드 지포튀김 황태양념구이 씨없는 족포도 씨없는 청포도 자두 골드키윅 버섯모음 광어회 닭가슴살 닭갈비 유기농 미니크림치즈허니 슬라이스 햄 스모크 소시지 닭가슴살 큐브 하몽 올리브프리미엄 수제 델리미트 냉동 삼겹 느린 식혜 햄스빌 베이컨의성 마늘햄 메밀맛국수 국물떡볶이 함박스테이크 청잎김치 얼갈이 열무김치 찌개용 두부 부침용 두부 바지락 순두부찌개 양념 프리미엄 해물경단 튀김새우 소고기잡채 도톰 동그랑땡 통어의 고추튀김 녹두빈대떡 감자채전 설롱탕 한우곰탕 중화짬뽕 바지락 칼국수 소바바 소이 허니순살 꼬마돈까스 크리스피 핫도그 실기업 돈까스 함박스테이크 비비고 통새우만두 제주돼지 감자만두 딤섬 새우 하가우 비비고 왕교자 진한 김치만두 든든한 섬만두 미니컵 컬렉션 하겐다즈 스틱백 모둠 꿀떡 김치 치즈 주먹밥 트리플 치즈 피자 맛있는 물만두 남도 떡갈비대상웰라이프 뉴케어 트레핀 벨기안 커피맛 스위트 캔디 스키니랩 시서스다이어트블랙모어스 오더리스 알티지 오메가 피쉬오일 미니오뚜기 딸기잼암엔해머 베이킹 소다 세노비스 코큐텐켈로그 컵 시리얼 종근당건강 어린슈퍼 콜라겐 스킨핏종근당건강 알로에 이뮨 스틱프로폴리스 캔디 마누카허니트루블루 코스트코안국건강 눈건강솔루션그래놀라 바 제너럴 밀스 네이처밸리 트레일 믹스 바네이쳐밸리 프로틴 바 페레로로쉐 누텔라앤고 오리온 닥터유 프로틴바 미니 두보식품 바싹콩콩 서리태 스낵 관절리프리놀 초록입 홍합추출오일 트루블루 프로폴리스 트루블루 스피루리나 안국건강 코박사 솔루션 뉴트리원 비비랩 더 콜라겐업 젤리타입 피쉬콜라겐동국제약 센텔리안마시는 콜라겐 프로틴웨버네츄럴스 프로바이오틱 유산균 프로일유업 셀렉스 코어프로틴네스카페 돌체구스토종웨버네추럴스 비타민세노비스오메가 종근당건강주니어 홍삼 궁 쇠고기 육포 궁 골든올리브 육포 궁 쇠고기 우육포 센트룸 엔젯오리진 뉴질랜드 초록입홍합비타민 네츄럴라이프 칼슘 마그네슘 비타민 세노비스 트리리턴업 아이시안 루테인비타민 크리넥스 소프트엠보싱 물티슈 신신파프쿨 핫 신신파스쎌바이오텍 듀오락어린이 유산균콜롬비아 커피 그라운드 웨버네추럴 오메가 프로 엔젯오리진 하이큐스파티딜세린 징코슈퍼 오메가비타민청원 고구마츄 나비스코 오레오 쿠키 켄지 크리스피 고프레 바닐라 초코 라운드랩 독도토너 콜게이트 그레이트 레귤러 치약오랄비 글라이드 치실 민트향 개 무염 믹스넛견과류검 일회용 치간칫솔 썬 스위트 건자두 웰치스 후르트 후르츠젤리라운드랩 독도클렌저 수려한 비책진생 윤 유액 리즈케이 퍼스트씨세럼 파로돈탁스 치약알페신샴푸하리보 골드베렌 과일맛젤리 커피빈 캡틴아메리카노미니 팬틴 케어 샴푸팬틴 케어 컨디셔너후디스 허니 로스티드 피넛 마마스초이스 리얼 닭가슴살칩 센소다인 멀티케어 치약쌀국수 스프포함 아토팜수딩로션 상하키친 양송이 크림 스프 하마야 드립백 커피 헤드스파 더프리미엄 헤어 경남제약 레모나하리보 메가파티젤리밀크 초콜렛 아몬드 커피빈 바닐라파우더 헤이즐넛파우더담 빼빼어포에스엔비 골든카레 중간운맛 리챔 오리지널 캔캔 본죽 쇠고기 장조림 오뚜기 백세카레 약간운맛 동아제약 가그린 오리지널동아제약 가그린 제로 닭가슴살 캔인스턴트커피동원 참치 웨이더프로틴 파우더녹차라떼맛 초콜릿맛유동 자연산 다시마골뱅이맥스봉 치즈 밀카 센세이션쿠키 뚜부 크래커 화과방 프리미엄 양갱프레디 스트로베리요거트 콤보스 체다 치즈 크래커 자케 미니 브라우니 믹스 나비스코 프리미엄 솔틴크래커오리지널 스트룹 와플 오데이 누가 샌드위치 크래커로아커 미니 웨하스 믹스 스낵야드 표고버섯칩 오리온 초코파이 오리온 카스타드 전자레인지 팝콘이가자연면 감자수제비 삼립 궁중 꿀약과 비비고 갈비탕 비비고 설렁탕 비비고 소고기 장터국 비비고 소고기 미역국 비비고 육개장 오뚜기 뿌셔뿌셔 동화씨앤에프 생강 대롱미왕 고소한 쌀과자 양반 진국 소고기 무국 오리온 오징어땅콩땅콩강신화당 오란다농심 쫄병 스낵 대용량 멀티백 다용도 쓰레기봉투 작업용 장갑먼지청소포 핸들청소포마미손 고무장갑 대형중형 이지엔 일회용 비닐장갑 이지엔 페이퍼호일 삼풍 일회용 나무젓가락 베지터블 코인 압축 티슈홈케어 파워 방충제 옷장용 서랍용얼라이브 원스데일리 멀티비타민 페브리즈 섬유탈취제 다우니향 스카트 다용도위생행주 페브리즈 에어 공기탈취제심플리잰틀 다용도 화장솜 뉴초이스 미니 크리스피롤 곡 카디나 감자스틱메이플시럽스카트 일회용수세미 롤고려은단 비타민페브리즈 차량용 방향제클립개이지엔 비닐 위생백 중형 크릴오일스카치 직테이프 디스펜서 리필개함타바스코 핫소스소스락 백년육수 백설 남해굴소스 이지쉐프 알리오올리오 소스 오뚜기 골드 마요네즈 오뚜기 참깨 돈까스 소스 온동네 풍국면 소면 청원 쌀올리고당 폰타나 카르니아 크림소스 쁘레리바떼쩨 델라 나투라 트러플 소금 하인즈 토마토케찹 에스앤비 생와사비 초콜릿 믹스 바 아몬드가루 스타 케이퍼초콜릿 칩쌀 크래커선메이드 건포도 워커스 어쏘티드 토피초콜릿 모음고구미 고구마 칩스위토리 다크 카카오 초코볼백설 소갈비양념 백쿡 백종원 만능 양념장 오뚜기 옛날 자른 당면 꽃샘 우엉차 스위토리 후르츠민트향 껌 청원 순창 초고추장 마마스초이스 치즈오징어 맥심 카누미니 스틱미담 신안 구운 천일염 풀무원 수타식 즉석생우동 센트룸 실버맨센트룸 실버우먼센트룸맨센트룸우먼유동 번데기 동원 참치베이컨 크럼플스 하인즈 토마토케찹 맥코믹 시저 샐러드 드레싱 해찬들 고기전용쌈장 시아스 오리엔탈 드레싱 참스 미니어춰 스틱 캔디캠프파이어 마시멜로 오션스프레이 건 크랜베리다크 초콜릿 허쉬즈 쿠키엔크림 초콜릿참깨 드레싱 건 블루베리킷캣 오리지널 마즈 엠앤엠즈 믹스 스퀘어 밀크초콜릿허브 캔디초코 큐브해바라기 밀크초코볼자일리톨 껌 웨덜스 버터 크림 캔디 앙팡 밀크릿 밀크태블릿 이롬 주스 착즙퓨리나 베긴 애견간식 큐원 갈색 설탕 레드씰 프로폴리스 치약고양이 두부모래백설 하얀설탕 베지밀 아몬드호두 두유 벨버드 치킨밀크껌 벨버드 애견용 변패드샘표 양조간장스타벅스 에스프레소 크림더블샷 캔스타벅스 브렉퍼스트 블랙 병아비노 바디로션 원데이케어 애견관절치석케어 뉴오리진 이너플로라 농협 우리밀 참밀가루 파미데이즈 치킨말이 고구마 강아지간식 한미양행 헤파케어골드 씨제이 유기농 맛밤아보카도 마요네즈 ' 머스타드 명가랑 국내산 참기름 명가랑 국내산 들기름 돈시몬 오렌지주스후디즈 칵테일 피넛 미국산 생아몬드 미국산 호두 로스티드 마카다미아 미국산 피칸 미국산 피스타치오 파라마운트 팜즈 트레일 믹스 무염 캐슈 만나몰 국산 볶음 땅콩 마마스초이스 버터구이 오징어 파라마운트 팜즈 가염 아몬드 파라마운트 팜즈 무염 피스타치오딸기잼 계피가루 다목적 렌즈관리용액 로리스 갈릭 소금 델라미코 갈릭 후레이크 다우니 섬유유연제 블리스다우니 섬유유연제 에이프릴다우니 실내건조섬유유연제다우니 언스탑퍼블향기부스터 몰티져스 초코볼 명가랑 볶음 참깨 맥코믹 바질 백설 쇠고기 다시다 백설 중력밀가루 오스트레일이안 보태니컬 비누샘표 연두 슈가버블 과탄산소다 표백제 슈가버블 애플향 주방세제맥코믹 스테이크 시즈닝 룰리커피 스페셜티드립백 시저 애견사료 소고기 캔테라로사 싱글오리진 드립백 오뚜기 순후추 오랄비 치간칫솔우르오스 올인원 모이스처라이저 맥코믹 월계수잎 이지엔 슬라이더스탠딩 지퍼백 자연과 친구들 국산 잣 피쉬 트리 진짜해물건더기 차앤박 옴므 올인원 플루이드 델라미코 크러쉬드 레드페퍼 스키피 크런치 땅콩버터 키친솝 주방세제도숙성초토블론 타이니 초콜릿 통후추 티젠 레몬콤부차 맥코믹 파슬리플레이크 퍼실 디스크세제 퍼실 어드밴스드젤 세탁세제페레로 누텔라 퓨렐 손소독제프렌치 트러플 프로틴 바본마망프루츠 잼 프릴헨켈베이킹소다 주방세제 레몬향헤라 데일리레포츠헤라 옴므 에센스인 스킨 종샘플헤라 옴므 에센스인 에멀젼 종샘플홈워시 세탁조 크리너흑후추 그라인더리필다크초콜릿 카라멜씨솔트초콜릿 후버 사과 주스코코넛 워터후룻베지 파우치허니 로스티드 마카다미아음료수컵팁코 파인애플주스 광동 옥수수 수염차 돈시몬 자몽주스멘토스 미니사이즈 과일맛엘지생활건강 모노티크 샴푸 라벤더향 엘지생활건강 모노티크 바디워시 대용량빙그레 바나나맛우유스위티 자몽주스 연세우유 멸균우유 이지엔 에어프라이어 종이호일 삼풍 친환경 종이보울 삼풍 친환경 종이접시 대 삼풍 친환경 종이접시 중 태광선식 퀴노아 곡미숫가루 토레타 과채이온음료 트롤리 올인원 젤리 트롤리 피자 젤리틱톡 젤리 믹스카리스웨트 이온음료 풍국면 들기름 막국수 후르트텔라 요구르트 핸드 쉘드 호두 질레트 프로글라이드 면도기 면도기날네이처 메이드 울트라 마그네슘 코스트코팜로드 더블치즈 케이크 미림 요리전용맛술삼립 촉촉한 꿀카스테라 페브리즈 더블액션 화장실비치형 박스테이프 갈색다우니 실내건조세탁세제백쿡 만능장아찌 간장소스베스트모먼트 돌체구스토 호환 미즈칸 쯔유청원 조청쌀엿프리미엄화장지롤안옥남 씻어나온 간편미역 해초미인 기장미역 브레프 변기세볼 레몬안옥남 숙성 다시마 웰킵스 황사 마스크소형웰킵스 황사 마스크대형안옥남 참미역 오뚜기 분 카레짜장미이랑 미국산 퀴노아 햇반 일찰잡곡밥 햇반 쌀눈가득 쌀밥 벨라민츠 무설탕 스피아민트 캔디뽀삐 점보롤화장지 롤알티지 울트라 오메가 글루코사민 슈퍼컴플렉스 실버 멀티비타민 칼슘 마그네슘 아연 피칸클러스터 아이리스 비말마스크사이즈유리아쥬 진피 청결제 종근당건강 생유산균포스트바이오틱스미이랑 캐나다산 병아리콩스파게티면파스타면 혼합 본죽 쇠고기 야채죽 셀렉스 밀크세라마이드 콜라겐솔리몬 스퀴즈드 레몬 블루 아가베시럽 브라운 전기면도기 세액밸런스밀 프로틴 쿠키 관장 홍삼현 팽성농협 아끼바레현미 미이랑 국내산 가바오색 현미 미이랑 국내산 찰현미 미이랑 국내산 찰흑미 미이랑 국내산 흰찹쌀보리 미이랑 캐나다산 귀리쌀 미이랑 국내산 체질균형식 종근당건강 코어틴 프로틴 볼 혈중콜레스테롤엔 폴리액티브멀티비타민 스카트 핑크 행주타월 롤라구 토마토 파스타 소스 길림양행아몬드 베스트 스키피 그레인 쿠키 샌드 트러플 엑스트라버진 올리브유 페브리즈 섬유탈취제 향균 크래프트스테이크소스 병바이엘 베로카 발포비타민 템테이션 반려묘 간식닭고기맛리스테린 구강청결제 쿨민트리스테린 구강청결제 그린티리스테린 구강청결제 검케어 관절연골엔보스웰리아마즈 스키틀즈믹스 생유산균프리미엄 병보노 옥수수알 콘스프무염 견과 스낵상하목장 멸균우유 라이온 아이깨끗해 프리미엄 핸드워시 리필청원 순창 조개멸치 양념된장 청원 토마토 스파게티소스 팁코 오렌지자몽 주스 팁코 케일믹스 과일주스 피지 항균 세탁세제허쉬 초콜릿드링크 스노우버디 휘핑클렌저 니트릴 다용도장갑키친타월 롤대웅제약 우루샷피스 골프공프리미엄 고양이사료유스 래스팅 아이크림 폴리덴트 의치세제먼투썬 주 메이지 마카다미아 초콜릿극세사 대형 세차타월 레몬민트 허브캔디 라이스퍼프 초코바 크리스피 초콜릿 남안동농협 고춧가루 뉴트로지나 딥클린 아크네밍 클렌저뉴트로지나 딥클린 젠틀밍 클렌저닥터포헤어 폴리젠 닥터포헤어 피토테라피 달담 쫀득한건망고더블유디 다목적방청 윤활제개동국제약 센텔리안 더 마데카크림 동아제약 써큐란알파 동원천지인 홍삼골드 듀라셀 울트라알카라인건전지듀라셀 울트라알카라인건전지듀라셀 알카라인 건전지듀라셀 알카라인 건전지디펜드 프리미엄 성인용기저귀 대형로레알 엑셀랑스듀오 염모제 롯데 자일리톨 오리지널르샤트라 섬유탈취제 피오니부케 마마스초이스 구운 오징어채 마마스초이스 황태 껍질 튀각 마즈 스니커즈 미니스 무코타 아이 헤어트리트먼트미이랑 국내산 율무쌀 바슈롬 오큐비전불스원샷 프리미엄 연료첨가제개 경유 휘발유비겐 크림톤 염모제사우어 벨트 젤리 삼풍 이중단열 커피컵삼풍 종이컵 샐러드토퍼 셀렉스 스포츠 웨이프로틴 드링크 솔가 에스터 비타민수려한 비책진생 윤 수액 수려한 비책진생 윤 크림 스머커스 미니잼 모음스카트 테이프크리너본체리필 롤스타벅스 브랙퍼스트블렌드에스프레소 블렌드하우스 블렌드 스트라이벡틴 어드밴스드 크림 아비노 바디워시자몽아이오페 슈퍼바이탈 크림크림에센스 아이오페 슈퍼바이탈소프너 안옥남 영양솥밥요리 종근당건강 올앳미카르니틴다이어트웨이더 조인트본컴플렉스유세린 안티에이징 에센스유세린 하이알루론 아이크림관장 홍삼진 현지크 합성엔진오일개질레트 프로글라이드 면도날질레트 프로쉴드 면도날질레트 프로쉴드파워 면도기참그린 식기세척기세제 차앤박 그린프로폴리스 앰플 캐스트롤 합성엔진오일개 알카라인건전지 알카라인건전지 알루미늄 쿠킹호일피넛버터 프레첼 크리넥스 마스크 대형 킴보 네스프레소 호환 커피 리쥬란힐러 턴오버앰플 삼성 블랙토너 삼성 블랙토너 삼성토너파랑삼성토너블랙삼성토너빨강삼성토너노랑파커조터 오리지날 볼펜 푸드엔씨 구운미니쥐포 피쉬트리 오사리안주멸치 피지오겔 페이스 앤 바디로션 하인즈 버거소스 한라식품 수참치액배스킨라빈스 딸기맛 우유주방용랩중형스카트 테이프크리너 리필 바닥용파이어폭스 바베큐숯바디 솝 비누티라이트 삼성 복사용지 사이즈트라몬티나 주방 가위 다용도 극세사타올장 차량용 세차걸레 테이블 냅킨글래드 프레스앤씰 직랩 옵티멈 뉴트리션 골드스탠다드웨이 단백질보충제 프링글스 더 오리지널 콜롬비아 원두커피성인용 언더웨어 입샹 달프 과일잼 종켄지파 크래커 카라멜라이즈 쿠키 고려은단 멀티비타민 올인원 세노비스프로폴리스 스프레이소형견 사료 영덕 게간장 소스맥심 모카골드 마일드 맥심 화이트골드 대림바스 샤워헤드필터 대림바스 필터 샤워헤드필터개포함삼립 오븐에 구운 버터도넛코스트코 올리브유 파래김장 돌김자반구운김밥김장 홈스타 바르는 곰팡이싹 볼빅 플라이온 선 골프공 피스 팬시피스트 애묘용 캔사료종 캔애경 울샴푸다용도 작업용장갑 소가죽 재질 끌레드벨 리프트 쿠션 본품 아토덤 보습 크림덴타인 페퍼민트 무설탕껌시트형 섬유유연제애견용 변패드 초코칩 쿠키스타벅스 원두커피 카페 베로나 스타벅스 원두커피 브렉퍼스트 블랙퍼스트블렌드 담터 율무차 인라이프 대용량 핫로얄티 루이보스티 설탕 크랜베리 아몬드쿠키 올게인 유기농식물성 프로틴파우더 쥴스 데스트루퍼 버터비스킷 나비스코리츠 크래커 린드세이 블랙올리브비제 갈색설탕 불스원에탄올워셔개메사나 파마산 치즈 듀라셀 울트라알카라인건전지듀라셀 울트라알카라인건전지미이랑 국내산 발아귀리 현미곡 센트룸 칼슘비타민미니 웰케어리턴업 전립소옥타코사놀 관장 홍삼 현 스타벅스 비아 파이크플레이스 스타벅스 아메리카노 불스원 그라스 디퓨저개볼빅 피스 골프공무광 색페레로 로쉐 초콜릿 볼 동원 고추참치 햇반 발아현미밥 햇반 이천쌀밥돌 복숭아컵우르오스 페이스바디 클렌져 블레이즈 발사믹 그레이즈 찹쌀다시마부각 비비고 사골곰탕진 양반 특전복죽 안옥남 국물용 다시유기농 사과당근 주스 크리넥스 데코소프트롤크리넥스 안심 키친타월롤스카치브라이트 도트 주방수세미스카치브라이트 옥수수그물망사수세미스카치브라이트 일회용 변기솔 크린스틱 베이킹소다 핸들 패드프로쉬 주방세제프로쉬 식기세척기세제스카치브라이트 베이킹소다 수세미 스카치브라이트더블액션걸레 핸들 청소포스카치브라이트 초강력 린트롤러 롤스카치브라이트 베이킹소다 청소포스카치브라이트 미세먼지 청소포일 헬스뉴트리션 셀렉스 웨이프로틴 마즈 스니커즈 펀 사이즈 카프리썬 오렌지망고 카프리썬 멀티 비타민 나인위시스 하이드라 앰플세럼 큐팁스 면봉카오 화이트솝 비누센카 퍼펙트휩 클렌징폼 페이셜 워시 스팸 클래식 캔티에스 스칼프 샴푸 실크테라피 수프림 트리트먼트 스팸 마일드 리큐 세탁세제드럼겸용 비트 세탁세제 샤프란 꽃담초 섬유유연제홈스타 욕실용클리너 윙크 위생 롤도마 지퍼락 버라이어티 냉장백 소형 미니지퍼락 스마트지퍼백 중형 지퍼락 스마트지퍼백 대형 태극제약 도미나스 크림 피지오겔 로션피지오겔크림실크테라피 골든앰플헤어에센스페리오 히말라야 핑크솔트치약쉬크 하이드로 커스텀 면도기면도날개아우라 건조기용 섬유유연제 프레쉬플로렐 피지 파워업 시트형 세탁세제 드럼겸용 아이리스켓용핫 아이리스 부착용 핫 스타벅스네스프레소 엘지생활건강 오가니스트비건퍼퓸 컨디셔너 스타벅스네스카페돌체구스토다우니 향균파워 섬유유연제뉴트리원 더콜라겐동아제약 미미막스 멀티비타민구미센트룸 멀티비타민구미지큐랩스트바이오틱스듀얼바이탈이뮨일분 액상 트루블루 프로폴리스스틱 아이시안루테인 지아잔틴 뉴오리진 유한백수오앰플 병한입전병 믹스 비엔나 병아리콩 스낵와사비콩 스낵종합 모나카 비첸지 웨하스 믹스 에스앤비 골든카레 운맛 상하키친 진들깨닭고기죽 이지쉐프 소이라구소스 오뚜기 초간편 감자전 믹스 백설 우리밀부침가루땅콩버터파우더 해찬들 태양초 고추장블랙올리브파마산치즈 건대추 건곤드레 나물 건고사리 무말랭이츄이 프로틴 바 오가니스트샴푸앤바디워시떢볶이의 신 짜장 라볶이 떡볶이의 신 즉석 라볶이팬시 믹스넛 비첸지 페스트리비비고 닭곰탕 크런치 롤러스 유기농 현미강 홈케어 친환경크 스카치브라이트 다용도 행주겸 청소포 페브리즈 내추리스 섬유탈취제 라벤더 스탠리 수공구종 남극크릴 오일 지큐랩 에스 신바이오틱스 유산균 포청원 로제 스파게티소스건망고 동원 면발의 신 원조생쫄면 트레핀 벨기에 버터토피 엑스트라버진올리브유 스프레이 유기농 살사소스 마즈 트윅스 미니스 미오 크리미 애묘간식 바우와우 애견용 혼합간식오뚜기 삼겹살소스 콤보 애견용 져키 오리 브라질 넛 스페니쉬 퀸 프리앤클리어 세탁세제 회분트라몬티나 거름채뉴오리진 에스트리션백수오 도리토스 나초 칩레이즈 클래식 류샤트라 섬유유연제 피오니부케프리토스 체다치즈디핑소스 카기 초콜릿웨이퍼믹스 페이머스 데이브즈 콘브레드 믹스 광동 돼지감자차 네슬레 프루팁스벨먼 스크럽 바디워시 콜라 태양의 식후비법차 온가족 누룽지미니 파워에이드 이온음료 히츨러 히치스 오리지널던킨 네스프레소호환 미이랑 국내산 서리태 미이랑 국내산 적두 팥미이랑 국내산 찰기장쌀 미이랑 국내산 찰수수쌀 크리넥스 수프림 소프트롤일품채 표고채 솔가 관절 엠에스엠에센셜그래놀라 켈로그 리얼 그래놀라 썬키스트 석류 젤리 스틱 코스트코썬키스트 밀크씨슬 프리미엄코스트코자석파스 피프 에레키반 듀얼 바이탈 이뮨액상멀티비타민네이쳐스프렌드 체다 까망베르 치즈쿠키 클렌징워터 건성용 지복합성용메이크프렘 클렌징밀크허브솔루션 토너 젤타입 뉴트로지나 레인바스 샤워 젤 글락소스미스클라인 피지오겔 바디로션히말라야 너리싱 수분크림 동국제약 센텔리안 마데카 크림 액티브 스킨뮬러세타필 모이스춰라이징 크림 을지로 노가리 고추장함 태광선식 서리태 귀리쉐이크 상하키친 버터 치킨 카레 양반 갈치 조림 크리넥스 마이비데 물티슈 캡형총 화장실용센텔리안 멜라캡쳐앰플 로레알 엘세브 헤어오일 로즈향에그파스타 네슬레 폴로 오리지날 덴탈라이프 캣트린 연어치킨 마장농협 이천쌀 미이랑 국내산 찹쌀 파주농협 아끼바레쌀 팽성농협 고시히카리쌀 플립즈 미니초코 프레첼 세타필 모이스춰라이징 로션오트밀 찰옥수수맛 올가니카 제주감귤칩 일유업 셀렉스 생활건강 다용도세티슈 닥터지 그린마일드업선 삼육두유 아몬드음료 유한킴벌리 그린핑거 선케어카라멜아몬드캐슈세이프온선쿠션리필퍼프리플린 스톱워치상하목장 얼려먹는 아이스크림 에스디푸드 라바쑥쑥구미 올게인 프로틴바이오틱스 올게인 프로틴 쉐이크월드그린 국내산 백태 차량용 햇빛가리개 전면개측면개청원도씨유가염 볶은 아몬드 리치 펌핑치약 스낵 버라이어티 플랙커스 어린이 치실피지오겔 선크림 로션홈케어 스푼닥터피엘 퓨어팟 자동변기 세기소낙스 세차 샴푸 체리봉봉 곤약 젤리 믹스 듀오락스트바이오틱스 벌꿀리스테린 구강청결제 헬씨브라이트예인수산 한번더 구운먹태 허쉬 후퍼스 밀크초코볼포카리스웨트 분말 던킨 스틱커피 소스락 칼칼육수 델몬트 후르츠 스낵 믹스 프렌치로스트 원두 아모스 노크식 수테이프 아이스티 복숭아 아쿠아크러쉬 투명컵 뚜껑빨대 닥터그루트 애딕트 샴푸 크리스탈라이트 핑크 레모네이드 이지엔 주방용랩 대형 이지엔 주방용랩 중형 립톤 아이스티 복숭아맛 이모지 파티 캔디 믹스 바이엘 원어데이 컴플리트 멀티비타민스톤릿지 오차드 건체리 트라몬티나 다용도 집게식품 국산콩 진한콩국 메모리폼쿨젤 허리보호쿠션메모리폼쿨젤 나비목쿠션이롬 야채과일백설 해물파전믹스 맥코믹 레몬버터딜소스 비비고 스팸 부대찌개 도씨유종근당건강 락토핏 생유산균해들원 캐나다산 카무트 올가니카단백질 쉐이크뿌띠슈 해피데이 트위스틱스 애견용 덴탈스틱올데이 블렌드 크래프트하인즈 플랜터스 버라이어티프리파라 오일 스프레이 도밍고 꿀홍차 허쉬 너겟 초콜릿 캘러웨이골프공폴라초이스 스킨퍼펙팅 바하리퀴드유시몰 치약 넥스케어 밴드혼합형웰크론마스크 대형화이트러버랩 니트릴장갑 어부가 황태채 오뚜기 맛있는밥 발아흑미 해우랑 손질한 황태채넥스케어 블레미쉬 커버 삼성 복사용지 사이즈오리온 꼬북칩 초코츄러스 삼립 이즈니버터 와플 모노큐브 랩탑 스탠드 접이식거치대건강백서 애견사료 말티즈 푸들 엘지생활건강 피지오겔 바디워시한미헬스케어 비타민 구미젤리 케미칼 화초보약식물영양제백제일월풍면 파곰탕면 쌀국수 플라스틱접시 한스킨 히알루론 에센스크리넥스 안심물티슈 휴대용 애경순샘 직워시 식기세척기 액상세제 아로마뷰 옐로우가든 섬유유연제농심테토 칩 찜기 디종 머스타드 세노비스 히알루론산 병뉴트리나 비스트로 애묘사료 롯데 빼빼로 모음백설 유기농 부침가루 휴슨 넛 슬라이스 아몬드 오뚜기 양념치킨소스 머슬팜 컴뱃 단백질 보충제 동원 꼬막 비빔 키트베비언스 유아용 물티슈 캡형 눅스 리치오일 고로고로 테이프크리너본체리필고로고로 테이프크리너 리필 침구용 또는 바닥용오데이 설화병 제일제당 리턴업 전립소 쏘팔메토 벨라민츠 스피어민트 무설탕껌돈시몬 레몬에이드스마트후룻 과일퓨레 그린스마트후룻 과일퓨레 트로피칼까만 숭늉차 까늉 프라이웰 바디케어 오일 도루코 주방가위 세노비스 밀크씨슬 올가니카 꿀 담은 홍삼절편 액체세탁세제 겸용 바이엘 베로카 발포 발포비타민울트라 슈퍼 오메가비타민클럽세노비스 프로폴리스개월분 세노비스 트리 우먼 멀티비타민미네랄 울트라클린세제 회분엔젯오리진 크릴오일 화이트는 오버나이트 카프라이스 클래식 헤이즐넛 코코아 웨이퍼롤 츄어블 그린프로폴리스파워업세제 둘코화이버 구미 사과맛 망고맛딜론 다용도 화장솜 파워풀엑스 리커버리크림 박찬호크림 세노비스 마그네슘 세노비스 달맞이꽃 종자유 세노비스멀티비타민 미네랄 세노비스 트리맨 멀티비타민미네랄 테팔 티타늄프로 웍프랑스산그라놀라 시리얼 뉴트리원 르시크릿 초유 콜라겐 프로틴비비고 고등어 시래기 조림 켈로그 크랜베리 아몬드 그래놀라 켈로그 라이스크리스피 트리츠 미이랑 오트밀 켈로그 현미 푸레이크 켈로그 아몬드푸레이크 켈로그 첵스 초코콤보 포스트 오곡 코코볼스트 콘푸라이트 제네럴 밀스 프루티 럭키참스 뉴트리원 모나코사놀 와이즈넷 무선 보안카메라 바이오 피부면역 생유산균다이제스티브 투 고다크초콜릿 비스킷 코스트코웨이더 뉴트리션 프라임맨 오브파워 켈로그 스페셜레드베리 실크테라피 헤어에센스 페퍼리지팜 초콜릿 천크 쿠키비첸지 쿠키 콜랙션 식물성 피부유산균라메르풀라 쿠키셀렉션 틴 스위스 미스 핫 코코아 믹스 마시멜로 스위스 미스 핫 코코아 믹스 밀크 초콜렛 예산농협 삼광쌀 일 셀렉스 일 셀렉스코어프로틴 뉴트로지나 딥클린밍 클렌저버버리 위크앤드 향수 한미 헤파케어골드 밀라노 다크 초콜릿 쿠키페퍼리지팜 밀라노니베아 데오드란트스프레이 롤온한국멘소래담 쿨링리프롤온로션코베아 헤스티아 토치농심 김치 사발면 스팀베이스 스팀 아이 마스크 캐릭터 볼펜 타키스 푸에고칩 아디다스 피날레 축구공 호 수필터 콘에어조명거울 저소음 모던 벽시계보이로 전기방석데리야끼 소스 조리도구 스팔딩 골드농구공 도마 락앤락 무스 컬러텀블러 브리타 맥스트라 필터개좋은느낌 유기농순면 라이너 롱 일반좋은느낌 좋은순면 맥시 슬림날개 중형 대형좋은느낌 유기농순면 울트라슬림 날개 소형 중형레고 크리에이터 악어레고 씨티 경찰서와 소방서 이집션직 보습크림 더블유드레스룸 핸드크림 홈워시 홈 드라이화이트 순면 탐폰 슈퍼레고씨티 공사트럭과 레고프렌즈 하트레이크아베다 샴푸어너처링 샴푸 락앤락 보온도시락휴대가방함 리듀스 보온보냉병아소부 머그컵 양키 캔들프리즘 데스크램프 타임리와인드 아이크림뉴트로지나 바디오일 세노비스 루테인오메가 세노비스 토탈케어 세노비스 울트라오메가 세노비스 칼슘비타민 세노비스 수퍼바이오틱스 세노비스 멀티비타민 미네랄 세노비스 멀티비타민 미네랄 세노비스슈퍼바이오틱스세노비스 메가필라 게이밍 헤드셋 캐릭터 볼펜 웨스트 콧 전동연필깎이 캐릭터 볼펜 사각파우치 뉴트리원 루테인지아잔틴 뉴트리원 맥주효모 골드 뉴트리원 알티지 오메가 뉴트리원 트리플업 보스웰리아 시니케어 프로폴리스 마우스 스프레이시니케어 프로폴리스치약시니케어 프로폴리스시니케어 힐밤 시니헬스 오메가 동원홈푸드 히말라야 핑크솔트 그라인더리필 종이나라 색종이 제트스트림 볼펜 유키하라 다시냄비 로레알 엘세브 헤어 오일관장 홍삼현종근당 생유산균 페리오 치간칫솔케이스개맥스 클리닉 오일 투 폼클렌저니올리아 네올리아 올리브오일비누 글락소스미스 폴리덴트 의치세제 보관함실크테라피 샤인 트리트먼트 슬라임 동국제약 센텔리안 마데카 바이탈 세럼김문 알로에 큐어알로에베라겔크림 엘지생활건강 오가니스트샴푸앤바디워시쉬크 인튜이션 제모기 면도기개 면도날개티젠 에너지티 페리오 히말라야 핑크솔트 치약오랄비 프로플렉스 칫솔페리오 초극세모 칫솔 깨끗한 나라 휴대용 촉촉한 티슈유한킴벌리 화이트 에코프레시 중형또는 대형 질레트 퓨전 프로글라이드젤질레트 프로글라이드 파워 면도기 질레트 프로글라이드 파워 면도날질레트 스킨텍 플렉스볼 레드씰 어린이 치약던킨 드립백커피 유동 순살 왕꼬막유러피언쿠키 라고 미니 파티 와퍼로카 치즈 비스킷 생미쉘 프렌치 도넛프로쉬 식기세척기 세제팝살롯 팝콘 버라이어티오테이스트 우거지뼈해장국 신화당 인절미 스낵 디아지아 테이블 커버한스킨 클렌징 오일건성 중지성 복합성스카트 블루행주 타월 롤더블유드레스룸 퍼퓸 오뚜기 초간편 감자전 믹스 페브리즈 항균 깨끗한향 리필 고속무선충전기 고속 충전트 케이블개로지텍 블루투스키보드 블랙 화이트하빗 보조배터리 더블유드레스룸 퍼퓸 참존 징코 클렌징티슈 장개 장개블랙앤데커 핸디 청소기 핸드드립 커피필터 장불스원 크리스탈듀얼코트개불스원 레인 스피드 발수코팅 더블유디 다목적방청 윤활제 소낙스 왁스 미세 흠집 제거제 왁스용스폰지포함오프 보태니컬 스프레이 모기기피제작업등 피스 청원 통현미식초 시분 흑당 버블 밀크티 너즈 로프젤리 레인보우 스위토리 밀펑 초코볼낼리 베이비 딜 피클 크리스탈라이트 핑크 레모네이드 킨더조이 보이걸티젠 보이차 워터믹스 백제 당초 밀면 백제 도토리 비빔막국수 스위트 칠리 소스 마스 믹스드 미니즈 스팽글러 덤덤 팝스 진저젤리믹스폴로 오리지날 허쉬즈 리세스 틴 마즈 스키틀즈 펀사이즈 커피명가 올굿블렌드 뉴트리션 앤 테이스트 홍삼캔디수 메가맨 우먼스울트라오메가 밀크씨슬 동원 하루기초 초록입홍합 환 뉴트리움 유기농 멀티비타민 라미 볼펜 샤프 네츄럴코어 애견애묘 미트스틱 세타필 모이스춰라이징 로션피스 골프공 유기농 초콜릿 틴 김정문알로에 큐어인텐시브크림닥터지 레드블레미쉬 수딩크림 린도르 볼 초콜릿 마즈 몰티져스 버켓아카시아꿀 옐로우콘 토티야칩스 유리아쥬 립밤 스틱 레브르 이니스프리 그린티씨드세럼 토티야 칩스 젤리빈 가지 맛 팁코 그린주스 청소화기 청가스계스카치브라이트 다용도 세티슈 보쉬 익소멀티 드라이버 청소도구 홀더 투명 문풍지 하이츄 버라이어티 불스원 김서림방지 스프레이개농심 새우탕면튀김우동 소나텍 익스트림나노 엔진코팅개농심 신라면 봉농심 신라면 건면 봉농심 신라면 볶음면 봉농심 신라면 소컵 농심 너구리 봉오리엔트 원목 벽시계 지름팔도 왕뚜껑 농심 육개장 사발면 오뚜기 진라면운맛 용기 오뚜기 진짬뽕 소컵 농심 올리브짜파게티 오뚜기 참깨라면 컵 캐스트롤 엔진오일합성유브라이트탑 차량용부동액 코리아 틈새막이테이프 털실형형다목적 단롤링카트 단순생활 무선 미니 가습기지라프 휴대용 가스렌지켄트 패들쿠션 브러쉬던킨 원두커피던킨만원상품권레노오토 세차 양동이 맥심 슈프림골드 커피믹스 개별 멀티탭아이스토리 차량용 스마트폰 무선충전거치대에코 사각형 쓰레기통 카피탈리 네스프레소 호환 지프 크리미땅콩버터비달사순 헤어드라이어 스타벅스 윈터블랜드 원두커피 농심 안성탕면 무아스 체성분 체중계본죽 제주안심 고추장조림올리브유 옥돌김 허니체 크리미 헤어마스트비에날씬에스 다이어트유산균 섬유유연제 라벤더 아토덤 보습크림 섬유유연제 후레쉬네슬레 킷캣 팝스 센텔리안 마데카 멜라캡쳐앰플비비드 키친 콘스프 인쉘 마카다미아 곰표 후라이드 오징어튀김 풀무원 평양 물냉면 젤리빈 축구공 젤리 백설 유기농 부침가루프루팁스상하목장 멸균우유 츄파춥스 믹스캔디 양반 단호박죽 양반 프리미엄 통단팥죽초코칩 쿠키 파주농협 참드림쌀 엘지생활건강 오가니스트 컨디셔너 까리떼 블랙솔트 타르트 믹스 마즈 몰티져스 초코볼 다우니섬유유연제한스킨 클렌징 오일 생활공작소 거품형 향균핸드솝아로마티카 로즈마리 샴푸 페레로 킨더맥시 초콜릿킨더 부에노입프로폴리스 리퀴드 니베아 헴프씨드 바디로션
​
커클랜드 프리미엄 화장지 휴지 3겹40m30롤 블루베리 베이글 6개입 X 2팩 프로쉬 알로에베라 세탁세제 6L 암앤해머 베이킹소다 6.12kg 크리넥스 데코앤소프트 화장지 30롤 3겹 40m 커클랜드 울트라클린 세탁 세제 5.73L 피지 세탁세제 120매 커클랜드 종이타올타월 160매 워커스 어쏘티드 토피 초콜릿 1.25kg 스카트 크리넥스 빨아쓰는 행주 100매 부샤드 다크초콜릿 부샤드 씨솔트 초콜릿 오레오 쿠키 32팩 대용량 1.6kg 커클랜드 시그니춰 밀크초콜릿 아몬드 1.36kg 넬리 알칼리 드럼세탁기세제 가루 100회 프로쉬 식기세척기 세제 72개입 베이킹소다 올인원 대용량 신라명과 참깨 햄버거빵 70g x18개 커클랜드 울트라 클린 캡슐세제 24g 152개 프로쉬 주방세제 3L+펌프2개 미니 프렌치롤 생지 6개 x 4팩 퍼실 디스크 캡슐세제 어드밴스드 고농축 세탁세제 60개입 스위스미스 핫 코코아 믹스 28g 60개입 커클랜드 시그니처 울트라 클린 캡슐세제 140개입 프링글스 미니 사워크림 어니언 19g, 30개 피지 세탁세제 120매 종이 농심 과자 새우깡 스낵 박스 자갈치 포스틱 꿀꽈배기 5가지맛 미니 봉지 과자 세트 36개입 신라명과 호밀빵 식빵 샌드위치 건강 곡물 식전 식사 빵 코스트코 215g x 4개입 몰티져스 밀크 초콜릿볼 528g 개별포장 대용량 코스트코 초콜릿 신라명과 샌드위치식빵(대) 880g x2 홈스타 욕실용 클리너 750ml 4개 리터스포트 초코 큐브 608g 크리넥스 안심 3겹 키친타올 160매 x 12롤 스모어 오갓멜로 크리스피 쿠키 230g 스카트 크리넥스 핑크 위생 행주 빨아쓰는 행주타월 키친타올 45매 x 6롤 초코렛칩머핀 6개입 + 블루베리머핀 6개입 프레첼 갈릭버터 맛 위너스 봉지과자 85g 대만 누가 크래커580 g(14.5g X 40개) 과자 피넛버터 프레첼 커클랜드 프레즐 대용량 미니 1.56kg 땅콩버터 피넛버터 수입과자 오뚜기 뿌셔뿌셔 불고기맛 95g x 16개 디너롤 36개 오리온 카스타드 대용량 23g x 48개입 커클랜드 식기세척기세제 울트라샤인 115팩 피타 브레드 냉동 빵 100g x 6개입 허쉬 미니어쳐 초콜릿 1.58kg 커클랜드 케틀 핑크솔트 감자칩 907g 미니 초코 크리스피 1kg 프렌치 버터크라상 12CT 크로와상 무궁화 키친솝 주방세제 4L + 700ml 포도숙성초 삼립단팥빵 85g 20개 코스트코 프렌치 트러플 초코릿 1kg 길리안 씨쉘 초콜릿 500g 신라명과 허니버터 카스테라 35g x 18개 대만 누가 크래커 샌드위치 비스킷 435g 30개 카디나 크리스피 프라이스 감자스틱 600g 슐츠 프레첼 프레즐 2.72kg 커클랜드 울트라클린 액체 세탁 세제 5.73L 삼립식품 샤니 로만밀 식빵 메이지 마카다미아 초콜릿 63g 6개 코스트코 동전 초콜릿 300g(60개) 커클랜드 토티야 칩스 나초 나쵸칩 트러플 하몽 크래커 블랙 트러플 1.16KG 29G X 40개 슈가버블 애플 주방세제 4L+940ml M&M 엠엔엠즈 펀 사이즈 믹스 초콜릿 1662g 라브아 비건 고농축 캡슐세제 60개입 신라명과 달콤바삭 크룽지 25g 15개 신라명과 마드레느 마들렌 15G x 36개 540g 타오케노이 빅롤 김과자 3g x 56개 키친솝 포도 숙성초 주방 세제 4.0L 페레로로쉐 초콜릿 600g 48개입 오데이 누가 샌드위치 크래커 435g (14.5gx30봉) 홈워시 파이프크린 5L 커클랜드 버라이어티 쿠키 24개입 삼립 오븐에 구운 버터 도넛 40G x 20 Merci 메르시 초콜릿 셀렉션 675g 삼립 미니 소프트치즈케익 40G x 20개 Guylian 오리지널 씨쉘 초콜릿 500g 브레프 레몬향 변기세정볼 12개 킨더 초콜릿 맥시 21g 36개 크리넥스 각티슈 250매 x 8개 스위스 토블론 타이니 656G 스위토리 체다 까망베르 치즈쿠키 60g X 24봉 농심 스낵 모음 30g x 36개 코스트코 달톤 화이트 식초 5L x 2개입 킷캣 오리지널 삼립 추억의 옛날 꿀호떡 560gX2 1.12kg 태국 구운 코코넛칩 40g 숲속의샘 주방세제 15L 부르봉 알포트 초콜릿 775g 농심 포테토칩 390g 트윅스 미니 초콜렛 1400g 바삭하고 구워만든 고구마칩 켄지 파 크래커 15gX42 파워브라이트 캡슐 세제 180개 신라명과 오리진 단팥빵 47g x 20개 것플렉스 두부 현미 스낵 라 아부엘라 니에베스 감자칩 150g x 6봉 MARS 콤보스 체다 치즈 크래커 테이블 냅킨 330매 x 4개 커클랜드 랩노쉬 단백쿠키 20개입 뚜부 크래커 50g x 7 틴인틴 비스켓 1332G 포션 버터쿠키 18g x 25개 삼립 미니 생크림 보름달 45g×21 커클랜드 고농축 복합 세탁세제 12.7kg 프링글스 오리지널 19g X 60봉 프릴 (헨켈) 베이킹소다 주방세제 3L 레몬향 오리온 초코파이 정 대용량 72개 더다믐 코스트코 김칩스 240g 켄지 크리스피 고프레 바닐라 / 초코 630g 트로피칼필드 크리스피 코코넛롤 400g 오리온 비쵸비 과자 750g 액츠 데오후레쉬+베이킹소다 3.5L 롯데 빼빼로 모음 644g NABISCO 나비스코 프리미엄 솔틴크래커 1.36KG 해태 홈런볼 128g x 6개 잭슨스 고구마칩454g 크리넥스 뽑아쓰는 핸드타올 종이 타월 250매 4팩 스낵야드 표고버섯 칩 300G 오리지널 스트룹 카라멜 와플 1260G 진새우 오리지널 새우스낵 4개 70g FRITO LAY 도리토스 나초 칩 850G / 30OZ 파피스 벨지안 카라멜라이즈 쿠키 300개입/ 벨기에 커피 과자 슈가버블 과탄산소다 표백제 HBAF 먼투썬7주 980g 뽀삐 점보롤 화장지 600M x 4롤 마마스 초이스 리얼 닭가슴살 칩 210G
​
커클랜드 시그니춰 전자렌지팝콘 아보카도 오일 1L 엑스트라버진 한우물 통새우볶음밥 커클랜드 언솔티드 무염 믹스넛 1.13kg 커클랜드 시그니춰 생수 수지스 그릴드 닭가슴살 1.25kg 코스트코 양념 소불고기 벨기에 커피사탕 낼리스 베이비 딜 피클 커클랜드 유기농 엑스트라버진 올리브유 2L 커클랜드시그니춰 드라이시트 시트형 섬유유연제 다용도 극세사 타올 40x40cm 36개 맥코믹 어니언 크림 드레싱 소스 1000g 커클랜드 KRIKLAND 울트라 소프트 섬유유연제(라벤더) 4.4L 테라로사 올데이 블렌드 미디엄로스팅 홀빈 블렌딩 원두커피 1.13kg 미니 브리 치즈 375g 오스트레일리안 보태니컬 비누팩 8개입 커클랜드시그니춰 구운 재래김 커클랜드 시그니춰 베이컨 454g 커클랜드 유기농 땅콩버터 793.8g 제너럴밀스 시나몬 토스트그런치 702g x 2개 해쉬브라운 감자 1.2kg 둘이 함께 먹는 매일견과 아몬드호두 견과, 1.2kg 커클랜드 몬테리잭 치즈 907g 커클랜드 시그니춰 냉동 블루베리 2.27kg C-WEED 두 번 구운 감태김 8G X 10 커클랜드 시그니처 엑스트라버진 올리브오일 토스카노 C-WEED 예맛 구운 곱창돌김 170G 올리브오일 퓨어 올리브유 커클랜드 3L KAO 카오 식물성 비누 12개 커클랜드시그니춰 콜롬비아 그라운드 커피 통새우 완탕 154gx8개 KFI 버터 치킨커리 소스 650ML 비피 Biffi 바질 페스토 pesto 소스 700G 커클랜드 솔티드 가염버터 227g x 4EA KIRKLAND 커클랜드 시그니처 아몬드 가루(미국산) 1.36kg C-WEED 올리브유 파래김 40Gx8_96매 맥심 화이트골드 커피믹스 담터 쌍화차
​
코스트코세일 코스트코피자 코스트코추천 코스트코에서 꼭사야할것 코스트코버터 코스트코할인상품 코스트코소분 코스트코컴퓨터 코스트코고기 코스트코치즈 코스트코추천템 코스트코연어손질 코스트코휴무일 코스트코온라인몰 코스트코회원권 코스트코추천상품 코스트코할인 코스트코영업시간 코스트코상품권 코스트코회원권 코스트코 코스트코추천상품 코스트코올리브오일 코스트코영업시간 코스트코타이어 코스트코상품권 코스트코추천 코스트코온라인몰 코스트코휴무일 코스트코세일 코스트코 코스트코정보세일정보 코스트코에서꼭사야할것 코스트코추천 코스트코치즈 코스트코고기 코스트코추천템 코스트코다이어트 코스트코갈비살 코스트코간식 코스트코고기소분 코스트코갈비살소분 코스트코그릭요거트 코스트코고기추천 코스트코가격표에숨겨진비밀 코스트코과자 코스트코감자수제비 코스트코냉동야채 코스트코뇨끼 코스트코낙곱새 코스트코냉동식품 코스트코냉동새우 코스트코냉동피자 코스트코닌자블렌더 코스트코냉동 코스트코디저트 코스트코다짐육 코스트코다이어트추천템 코스트코드라이기 코스트코닭다리살 코스트코등갈비 다이어트코스트코 코스트코베이글 코스트코다짐육떡갈비 코스트코레몬즙 코스트코로스트치킨 코스트코로티세리치킨 코스트코라자냐 코스트코올리브오일 코스트코추천상품 코스트코신상 코스트코필수템 코스트코연어 코스트코상추 코스트코쇼핑 코스트코영양제 코스트코아이폰",https://blog.naver.com/clublsy/224258611464,코코바로,20260420,2026-04-27 16:35:07
세븐일레븐 쿡인페이퍼 즉석오징어짬뽕,미리보는 코스트코 할인정보[4월20일 월요일] 자켓 파자마세트... ,백년육수 즉석국양반 그릴리 부대전골비비고 사골시래기 된장국비비고 소고기 미역국비비고 스팸듬뿍... 얼큰짬뽕예천농협 한아름쌀미이랑 캐나다산 병아리콩미이랑 국내산 찰기장쌀미이랑 국내산... ,"https://youtu.be/OWVj7pC8ndI
- YouTube
YouTube에서 마음에 드는 동영상과 음악을 감상하고, 직접 만든 콘텐츠를 업로드하여 친구, 가족뿐 아니라 전 세계 사람들과 콘텐츠를 공유할 수 있습니다.
youtu.be
콜라겐 딥 마스크 바디 워시 시트러스비타민 슈퍼오메가 골프공 피스 쉬크 인튜이션 제모기제모기 날 온더바디 발을 씻자 코튼 풋샴푸 데오도란트 바디미스트 오가니스트 딥 모이스처 바디워시생활건강 모노티크 바디워시 입 도브 피치 화이트 바디워시 우르오스 페이스바디워시오스트레일리안 보태니컬 핸드워시 프롬바이오 관절연골엔 보스웰리아초록입홍합콴첼정구연산칼슘 글루코사민네츄럴라이프 칼슘 마그네슘 비타민 센트룸 칼슘비타민미니웨버네추럴 마그네슘정아연 정동국제약 마그마 스피드샷리콜라 허브캔디 트루블루 프로폴리스 캔디 마누카허니리콜라 레몬민트 허브캔디 콤비타 프로폴리스 스프레이정관장 홍삼정스틱 에브리타임 소프트광동 홍삼 배도라지진액정관장 홍삼정 현정관장 홍삼정현광동 보감쌍화진액종근당건강 침향환 환 정관장 홍삼진 현동원천지인 홍삼절편 동원천지인 홍삼정골드고려은단 비타민타우린음료병 오로나민 드링크박스 동아제약 박카스동화약품 부채표 가스 활빙그레 면역워터뉴트리원 퓨어산양유단백질셀렉스 프로틴 드링크 오리지널바이탈 프로틴 콜라겐메디웰 고단백웨이더 혈당케어 프로틴프리미어 프로틴 단백질 드링크 팩 셀렉스 프로틴 밀크바닐라하이뮨 프로틴밸런스액티브비건하이뮨 프로틴밸런스액티브익스트림 트리플 아르기닌랩노쉬 단백질 드링크골드스탠다드 웨이단백질보충제 초콜릿맛 웨이더 단백질 보충제 초콜릿맛 랩노쉬 슬림쉐이크 인절미맛랩노쉬 슬림쉐이크 제주말차맛뉴케어 구수한맛 뉴케어 당플랜 뉴케어 고소한검은깨한미양행 다이어트가르시니아종근당건강 알로에 이뮨스틱 여에스더 글루타치온 울트라덴프스 덴마크유산균이야기비에날씬에스 다이어트유산균생유산균프리미엄락토핏 듀얼바이오틱스락토핏 당케어데일리세노비스 키즈 프로폴리스 스프레이쎌바이오텍 듀오락키즈유산균세노비스 아연 면역 구미센트룸 키즈 츄어블멀티비타민프로메가 식물성 츄어블오메가 키즈센트룸 멀티비타민구미 어린이눈건강구미네이처메이드 비타민 구미 얼라이브 엘더베리 구미 뉴트리코어 초임계비타민정슈퍼 컴플렉스판토모틴 비오틴판토텐산바이엘 베로카 발포비타민 실버 멀티비타민대웅제약 임팩타뮨듀얼바이탈이뮨 일분 액상정트리 데일리 멀티비타민센트룸멀티비타민 실버우먼센트룸멀티비타민 실버맨센트룸멀티비타민 우먼센트룸멀티비타민 맨한미양행 콘트로이친정 관절 리프리놀 초록입홍합 추출오일뉴트리원 코코칼슘젤리포크릴오일엔젯오리진 아쿠아셀오메가블랙모어스 피쉬오일 미니웨버네추럴 오메가프로울트라 오메가 지큐랩 콜레스테롤억하이큐 포스파티딜세린징코뉴트리원 루테인지아잔틴 아스타잔틴동국제약 테아닌아쉬아간다웰케어 멜라메이트 구미아모레퍼시픽 굿슬립 가바안국건강 아이원 눈건강 솔루션 아이시안 루테인지아잔틴바슈롬 오큐비전 한미양행 멜라치오 정알유 비타민 정박스 안국건강 간 피로솔루션 헛개한미헤파케어 밀크씨슬홍경천대웅제약 우루샷 익스트림 트리플트루블루 프로폴리스포르테뉴트리원 파인애플효소뉴트리원 더콜라겐 데일리프로바이오틱에버스트로겐에버콜라겐 인앤업덴프스보령 위엔포스지큐랩 쿨멜팅 유산균그레인온 카무트효소닥터루템맥주효모푸드올로지 콜레올로지 콜레올로지포 마스터바이옴 지노마스터트루블루 스피루리나바이탈뷰티 슈퍼레티놀한독 테라큐민 슈퍼커큐민포 네이처스트루스 애플사이다비니거 구미세노비스 코엔자임큐텐 다목적 렌즈관리용액신신제약 신신파프쿨 신신제약 신신파프핫 크리넥스스타일 슬림쿨 비말차단 마스크대형 니트릴 다용도 장갑 장 소니트릴 다용도 장갑 장 중니트릴 다용도 장갑 장 대웰케어 전립소옥타코사놀유리아쥬 진피 철결제성인용 언더웨어성인용 언더웨어 디펜드 안심성인용기저귀디펜드 프리미엄 성인용기저귀피지오겔포 맨 오휘 마이스터맨 올인원 우르오스 올인원 모이스처라이저 스킨밀크 우르오스 올인원 모이스처라이저 스킨로션 도루코 페이스 모션 면도기 면도기날 질레트 프로글라이드 면도기 면도기날 질레트 프로글라이드 면도날질레트 퓨전프로글라이드젤비겐 크림톤 염모제팩진한밤색 비겐 크림톤 염모제팩자연갈색 비겐 크림톤 염모제팩흑갈색 검 일회용 치간칫솔 개팩 덴티스테 브레스 스프레이 프로폴리스폴리덴트 의치세정제 플랙커스 마이크로민트 치실동아제약 검가드 오리지널테라브레스헬시검스 오랄린스오랄비 치간칫솔 개팩 오랄비 글라이드 치실 민트향레드씰 프로폴리스 치약유시몰 화이트닝 치약 개스퀴저 페리오 토탈어드밴스드치약콜게이트 그레이트레귤러치약심플리젠틀 다용도 화장솜멜라노 엔자임 페이스워시심플리젠틀 면봉헤피바스 솝베리 코스트코온라인몰 코스트코휴무일 코스트코회원권 코스트코영업시간 코스트코상품권 모이스춰 버블클렌징폼 클렌징 워터닥터브로너스 퓨어 캐스틸 솝 라벤더 닥터브로너스 퓨어 캐스틸 솝 시트로스오렌지 세라놀 겔 토너패드 장팩 마몽드 어메이징 딥 민트 클렌징 밤수이사이 효소 파우더 클렌저 팩 카오 식물성 화이트 솝 비누오스트레일리안 보태니컬 비누 입 라이온 아이깨끗해 프리미엄 핸드워시 리필바 솝 비누알페신 카페인 샴푸 질레트 프로쉴드파워 면도기 면도기날 질레트 프로쉴드 면도날케라시스 아르간오일 트리트먼트엘라스틴 너리싱 샴푸 엘라스틴 너리싱 컨디셔너 미쟝센 헤어스프레이 스트롱홀드제이숲 실크케라틴 워터팩 제이숲 실크케라틴 노워시 트리트먼트엘라스틴 까멜리아 헤어오일엘라스틴 까멜리아 샴푸 팬틴 콜라겐 극손상케어 트리트먼트 팬틴 멀티태스커 컨디셔너 팬틴 멀티태스커 샴푸 헤드앤숄더 울트라 쿨멘솔 샴푸 팬틴 케라틴 노워시 트리트먼트닥터포헤어 샴푸동구밭 샴푸트리트먼트바지오바니 티트리 샴푸닥터구루트 탈모증상 집중케어 샴푸 모다모다 제로그레이 블랙샴푸 려 볼륨모근강화 샴푸유세린 하이알루론 아이크림센텔리안 멜라캡쳐 앰플프로버츠비 틴티드립밤 텐 레볼루션 아이크림손앤박 아이래쉬 세럼헤라 센슈얼 누드 밤 바세린 시트마스크팩매팩 더마픽스 콜라겐마스크매 앰플크림 매포함 글로이스트 드림 글로우 뷰티 마스크팩마르시끄 미간 주름 패치 장팩리들샷클렌저 에센스로션믹순 콩 에센스숨 시크릿 에센스 미샤 비타앰플달바 화이트 트러플 세럼 셀트리온 셀큐어 프로틴 볼륨 앰플웰라쥬 히알루로닉 블루 앰플 스킨 센텔라 앰플정샘물 에센셜 물 피팅 미스트 고려은단 비타민경남제약 레모나덴프스 트루바이타민이뮨얼라이브 원스데일리 멀티비타민웨버네추럴 비타민 리스테린 구강청결제 쿨민트센소다인 멀티케어 치약리치칫솔 센소다인 엑스트라 화이트치약파로돈탁스 쿨링민트치약센카 퍼펙트 휩 클렌저라운드랩 독도 클렌저더랩바이블랑두 올리고 히알루론산 딥토너셀리맥스 어성초 지우개패드라운드랩 독도 토너 퓨어 클렌징오일스킨푸드 캐롯 카로틴 패드 매리필매 헤라 선메이트 크림레포츠헤레 선메이트 프로텍터닥터지 그린마일드 업 와이드 선패치 회분 프란츠 선쉴드 펩타이드 선패치 회분세이프 온 시카 카밍 선쿠션 본품리필 스킨 센텔라 워터핏 선세럼아떼 비건 선 에센스닥터지 그린마일드업 선피지오겔크림세타필 뉴 모이스처라이징 로션세타필 뉴 모이스처라이징 크림일리윤 가려움토탈케어크림아비노 바디로션라벤더향 아비노 바디로션무향 아비노 바디워시자몽 아비노 바디워시무향 피지오겔 페이스 앤 바디로션오휘 에이지 리커버리 크림오휘 에이지 리커버리 스킨소프너에멀젼 오휘 프라임 어드밴서 앰플 세럼크림 오휘 미라클 토닝 크림동국제약 센텔리안 더 마데카크림아이오페 슈퍼바이탈 에멀젼아이오페 슈퍼바이탈 소프너수려한 비책진생 윤 크림 아이오페 슈퍼바이탈 크림크림 에센스수려한 비책진생 윤 유액 수려한 비책진생 윤 수액 피지오겔로션에스트라 아토베리어 크림닥터지 레드 블레미쉬 수딩 크림닥터지 블랙 스네일 크림비원츠 시카 콜라겐 리프팅 크림헤라 옴므 에센스 인 스킨 구성품 헤라 옴므 에센스 인 에멀젼 구성품 빌리프 더 트루 크림 아쿠아밤유리아쥬 오 떼르말니베아 데오드란트 롤온엔젤 아쿠아 수분 수딩젤유한킴벌리 그린핑거 파워쉴드 선스틱생활건강 태극제약 도미나스 기미케어 크림일리윤 히알루론 수분 크림한스킨 히알루론 에센스이지듀 멜라토닝 앰플피지오겔 데일리뮨 세럼토리든 다이브인 세럼오가니스트샴푸앤바디워시피노 프리미엄 터치 헤어 마스크골든앰플 헤어에센스 피지오겔 하이드로 젤 크림숨 워터 젤 크림 크래프트 양송이 스프캠벨 클램차우더 스프캔보노 옥수수알 콘스프보노 바질크림 스프상하키친 양송이 크림스프오뚜기 분카레짜장오뚜기 백세카레 약간매운맛 에스앤비 골든카레 매운맛에스앤비 골든카레 중간매운맛본죽 본소고기 가마솥국밥마마스초이스 두부 북엇국소스락 백년육수 즉석국양반 그릴리 부대전골비비고 사골시래기 된장국비비고 소고기 미역국비비고 스팸듬뿍 부대찌개비비고 육개장양반 통다리 닭볶음탕 참치캔 가다랑어 동원 참치 스팸 클래식스팸 라이트풀무원 식물성런천미트동원 고추참치동원 참치동원 맛참 고소참기름동원 번데기유동 자연산 다시마골뱅이 동원 자연산 꽁치비비고 김치볶음상하키친 비프카레본죽 쇠고기 장조림 양반 진국 소고기무국비비고 사골곰탕 진우불식당 즉석우동 풍국면 들깨칼국수양반 오쏘티드 칼떡볶이떡볶이의 신 짜장 라볶이비비고 떡볶이백제 알리오올리오파스타 백제 만테까레투움바파스타이가자연면 얼큰 누룽제비 면사랑 남해 멸치칼제비백제 도토리 비빔막국수 이가자연면 감자수제비 고메 베이컨트러플파스타 쟌슨빌 햄스팸 닭가슴살리챔 오리지널 캔 캔풀무원 평양 물냉면요뽀끼 컴라볶이풀무원 병아리콩 곤약면오뚜기 옛날 자른 당면비폰 베트남칠리 쌀국수타이와 쌀국수 스프포함 백제 멸치 쌀국수이치방딜리셔스 돈코츠라멘면발의 신 마라탕면이가자연면 신길동 얼큰짬뽕예천농협 한아름쌀미이랑 캐나다산 병아리콩미이랑 국내산 찰기장쌀미이랑 국내산 찰수수쌀월드그린 캐나다산 카무트미이랑 국내산 서리태 미이랑 페루산 적두 팥 월드그린 국내산 백태온가족 누룽지 미니백제 김치볶음밥 누룽지예맛 오곡 누룽지햇반 소프트밀 소고기죽양반 특전복죽 햇반 솥반 꿀약밥햇반 컵반 치킨마요덮밥햇반 서리태 흑미밥햇반 쌀눈가득 쌀밥햇반 발아현미밥햇반컵반 된장김치찌개밥햇반 이천쌀밥월드그린 파로월드그린 호주산 루피니빈예산농협 삼광쌀용인농협 아끼바레쌀팽성농협 고시히카리쌀마장농협 이천쌀미이랑 국내산 찹쌀미이랑 캐나다산 귀리쌀 미이랑 국내산 찰현미팽성농협 아끼라레현미미이랑 국내산 가바오색현미월드그린 미국산 찰보리쌀월드그린 국내산 찰흑미미이랑 국내산 체질균형식돈시몬 오렌지 주스이롬 주스밸런스그로우착즙 주스오가닉라이프 그린글리쿼터패스트 아이스티 복숭아 산가리아코코 복숭아청포도돈시몬 자몽주스 후룻베지 파우치팁코 파인애플주스팁코 오렌지자몽주스후버 레몬에이드후버 사과주스덴마크 테이크얼라이브 스위티자몽주스카프리썬 멀티 비타민주스피오디 라임주스카프리썬 오렌지망고주스 아몬드음료고소한 삼육두유베지밀 아몬드호두 두유이롬 약콩 두유삼육두유 국산 검은콩 두유블루다이아몬드 아몬드 브리즈상하목장 유기농 멸균우유연세우유 소화가잘되는우유빙그레 바나나맛우유허쉬 초콜릿드링크배스킨라빈스 딸기맛 우유연세우유 콜드브루커피우유사과당근 주스솔리몬 스퀴즈드 레몬주스솔리몬 스퀴즈드 레몬주스롯데 쌕쌕오렌지주스 콜라 갈아만든배핫식스 에너지드링크몬스터에너지 울트라 캔 핫식스 더프로오리지널셀시어스 오렌지치포레스트 제로 탄산음료폴바셋 어메이징오트커피매일유업 어메이징 오트폴바셋 돌체라떼칸타타 콘트라베이스 콜드브루스타벅스 더블샷바닐라스타벅스 에스프레소크림 더블샷스타벅스 파이크플레이스투썸플레이스 디카페인아메리카노유씨씨 하와이코나커피투썸플레이스 피치아이스티샷추가레쓰비 마일드 캔커피오랑지나 탄산음료 사이다제로것플렉스 골든페어 배주스블루몽키 스파클링 주스 레몬에이드 그로운라이트 딸기레몬에이드 썬스위트 프룬주스 랑거스 알폰소 망고넥타압착 사과주스 선베리 패션후르츠 주스크랜베리주스홍자몽주스 델몬트 스테비아 토마토주스선베리 토마토주스 코코넛워터오뚜기 오라면팻츠가드 고양이 두부모래무향 팻츠가드 고양이 두부모래라벤더향 아메리칸 솔루션 벤토나이트 모래 무향 애견용변패드매 아이리스 애견용변패드매 시저 애견사료 소고기 캔에이엔에프 식스프리골드 애견사료 팩 네츄럴코어 애견사료팩강아지용 사료소형견 사료프리미엄 애견사료노령견 사료 파미데이즈 치킨말이 고구마 파미데이즈 황태유산균 덴탈껌 밀키베이스뉴트리플랜 애견용 홀릭소시지뉴트리플랜 소프트뮨 화식 애견용 프리미어 고양이사료 에이엔에프 식스프리골드 고양이사료 팩 뉴트리나 비스트로 애묘사료고양이 습식캔이나바 마구로쥬레 유산균이나바 츄르비 버라이어티 봉 팬시피스트 고양이 주식캔 캔 조공 미니트릿 닭가슴살뉴트리나 비스트로 애묘용 캔사료아르르 강아지고양이 열빙어간식네츄럴코어 천연 오리가슴살이나바 챠오츄르 고양이간식 입 바우와우 애견용 혼합간식 팩 존스팜스 애견용 연어저키정직하개 애견용 소고기육포벨버드 치킨밀크껌 소형벨버드 치킨밀크껌 중형윔지스 애견용 베지소시지원데이케어 애견관절치석케어러봉 애견용 한우콜라겐껌 연어맥스퓨전 애견용 장난감클린어스 애견용 장난감시리우스 강아지 발씻자 실리콘팁 바우와우 애견용 단백질바 팩 슈퍼포우 베리츄 강아지껌스위퍼 헤비듀티 먼지청소포 핸들청소포매 스카트 살균소독티슈 매팩 스카트 유리거울 세정티슈베지터블 코인 압축 티슈 테이블 냅킨 매팩쓰레기통 비닐봉투 대용량 멀티백홈스타 욕실청소용클리너페브리즈 화장실비치형 방향제 탈취제홈워시 세탁조 크리너홈워시 파이프크린홈워시 락스이지엔 페이퍼호일 팩 이지엔 에어프라이어종이호일 알루미늄 쿠킹호일글래드 밀폐용기 용기뚜껑 삼풍 일회용 나무젓가락 매팩 삼풍 종이접시대 삼풍 종이접시중 삼풍 종이보울투고 투명컵 뚜껑빨대삼풍 이중단열 커피컵삼풍 종이컵 음료수컵개 브레프 변기세정볼 레몬 입 크리넥스 빨아쓰는 행주타월 매롤 크리넥스 위생행주스카치브라이트 다용도행주겸 청소포스카치브라이트 베이킹소다 수세미스카치브라이트 청소용브러쉬스카치브라이트 초강력 린트롤러고로고로 테이프클리너본체리필매 고로고로 테이프클리너리필침구용 고로고로 테이프클리너리필바닥용 스카치브라이트 베이킹소다청소포매 스카치브라이트 미세먼지청소포매 스카치브라이트더블액션걸레 핸들 청소포 스크럽마미 수세미스크럽대디 수세미디쉬대디 클리닝스틱번들 스카치브라이트 다용도 도트수세미스카치브라이트 옥수수그물망사수세미스빈또 올인원 세제수세미스카트 일회용수세미 매롤 마미손 고무장갑 중형 마미손 고무장갑 대형 아우라 시트형 섬유유연제 건조기용리큐제트프로 포인트샷얼룩제거제슈가버블 과탄산소다 표백제타이드 액상세탁세제 홈케어 프리미엄습기제거제미세스 마이어스 다목적 세정제 스프레이 슈가버블 식기세척기세제프로쉬 식기세척기세제 식기세척기세제 슈가버블 애플향 주방세제 매소드 주방세제키친솝 주방세제 프로쉬 주방세제프릴 헨켈 베이킹소다 주방세제 레몬향울샴푸 중성세제 리큐 세탁세제 드럼겸용 피지 시트형세탁세제드럼겸용 다우니 퍼펙트딥클린 라브아세제 아이리스피오니 개피지 모락셀라 냄세제거부스터파워브라이트 세탁세제 입 퍼실 디스크세제 피지 디나자임 딥클린맥스세탁세제울트라클린팩세제 퍼울 머스크블룸세탁세제 액체세탁세제 프로쉬 알로에베라세탁세제액츠데오후레쉬 세탁세제베이킹소다 퍼실 어드밴스드젤세탁세제 샤프란 꽃담초 섬유유연제 다우니 섬유유연제 에이프릴프레쉬 다우니 인퓨전 섬유유연제 블리스 다우니 섬유유연제 실내건조다우니 섬유유연제 삶음탈취 섬유유연제 후레쉬섬유유연제 라벤더 라브아 섬유유연제 프랑지파니가이악프로쉬 코튼블라썸 섬유유연제레노아 섬유유연제 화이트머스크향 시트형 섬유유연제 매팩 다우니 언스탑퍼블 향기부스터 러쉬인워시향기부스터 스프링프레쉬향기 부스터 울트라프레쉬지퍼백 대형 지퍼백 중형지퍼락 스마트지퍼백 대형지퍼락 스마트지퍼백 중형지퍼락 버라이어티 냉장백 소형 미니 이지엔 슬라이더스탠징지퍼백이지엔 비닐백 중형 매이지엔 롤백 대형이지엔 롤백 소형 매 주방용랩 주방용랩 중형 팩 글래드 프레스앤씰 매직랩 팩 이지엔 일회용 비닐장갑 매페브리즈 섬유탈취제 다우니향페브리즈 섬유탈취제 향균페브리즈 섬유탈취제 실내건조페브리즈 공기탈취제라브아섬유탈취제 사이프러스베티버콤보스 체다 치즈 크래커 나비스코 리츠 크래커 코로코 완두콩 크래커켄지 파 크래커아마노야 센베 쌀 크래커오데이 누가샌드위치 크래커 카스 테이블워터 크래커쿠키아 뚜부 크래커돌리 제주 감귤 과즐 봉 돌리 오란다청년떡집 말랑말랑 꿀오랑돌리 한입 전병 믹스미왕 고소한 쌀과자삼립 궁중 꿀약과 마마스초이스 쌀크래커 김파래맛마마스초이스 고구마 프라이즈맥코믹 스테이크 시즈닝리치스 스위트콘하인즈 굿마요네즈린지 라지 피티드 블랙올리브 캔 청정원 고소한마요네즈 골드 큐피 참깨드레싱 블레이즈 발사믹 글레이즈맥코믹 시저 샐러드 드레싱하인즈 토마토케찹 네이처소스 샐러드토퍼하인즈 토마토케찹베이컨 크럼블스하인즈 토마토케찹프레쉬 고메 양파후레이크크래프트 미라클 휩프렌치스 머스타드이지쉐프 알리오올리오 소스하인즈 클래시코 크리미 알프레도 파스타소스라구 토마토 파스타 소스 데체코 바질페스토 가로팔로 파스타면 혼합 가로팔로 스파게티 바릴라 링귀니청정원 로제 파스타소스한라식품 수참치액소스락 백년육수청정원 올리고당 큐원 알룰로스소스락 한우 사골육수소스락 바싹말린 의성마늘청정원 조청쌀엿쌀% 안옥남 국물용 다시팩백설 프리미엄 굴소스미원 아미노산 미원 백설 소갈비양념백설 쇠고기 다시다 백설 소불고기양념남안동농협 고춧가루비비고 김치요리용소스 에스앤비 생와사비다이쇼 데리야끼소스 플라잉구스 스리라차핫소스타바스코 핫소스크래프트 스테이크소스오뚜기 참깨돈까스소스청화농산 국산볶음참깨청화농산 국산 들깨가루맥코믹 바질메사나 파마산 치즈델라미코 갈릭 후레이크맥코믹 월계수잎델라미코 파슬리 플레이크 천일염 소금 씨솔트델라미코 크러쉬드 레드페퍼 말돈소금미담 신안 구운 천일염 소금 계피가루올드톰슨 사이공시나몬스틱 핑크솔트그라인더리필소금 통후추 흑후추 그라인더리필 오뚜기 순후추샘표 양조간장 몽고 송표 프리미엄 간장 영덕농수산 영덕 게간장 빽쿡 만능요리액젓미즈칸 쯔유 백설 하선정멸치액젓롯데 미림 요리전용맛술샘표 연두본죽비빔밥 소고기강된장청정원 조개멸치 양념된장해찬들 구수한 가정식집된장 청정원 순창 초고추장해찬들 궁중식 볶음고추장청정원 태양초일품고추장 해찬들 우리쌀태양초고추장 해찬들 고기전용쌈장시아스 오리엔탈 드레싱 토마토페이스트 다이스토마토아라움 매콤달콤 보리멸 봉 마마스초이스 바삭한닭껍질후라이드마마스초이스 구운 오징어채마마스초이스 오징어 소면 왕오징어구이 스틱마마스초이스 치즈오징어마마스초이스 버터구이 오징어마마스초이스 황태 껍질 튀각푸드엔씨 구운 미니 쥐포피쉬트리 고소한 먹태소스포함 마마스초이스 황태 양념구이벤토 스위트앤스파이시 불징어피쉬트리 오사리안주멸치피쉬트리 오븐에구운먹태깡오뚜기 초간편 감자전 믹스에스프레소 블렌드하우스 블렌드콜롬비아원두커피 스타벅스 브랙퍼스트블렌드 스타벅스 카페베로나 룰리커피 스페셜블랙원두커피 카누 카페블렌드 원두커피 모모스커피 하우스블렌드자비다커피 헤이즐넛바닐라 원두폴 바셋 블렌드 테라로사 올데이 블렌드 커피명가 올굿블렌드원두커피 구스틴크래머 핸드드립커피필터 장팩 스타벅스 미디엄 아메리카노 보헤미안 로스터스 인스턴트커피카누 미니텀블러포함 바리스타커피 헤이즐넛 커피볼맥심 모카골드 마일드헤라 선메이트 프로텍터파이어폭스 바베큐숯대림바스 샤워헤드메탈호스 대림샤워 호스 대림바스 세면대필터헤드 리필필터개포함 대림바스 주방헤드필터대림바스 필터 주방헤드 필터개 포함 대림바스 필터샤워헤드 필터개포함 대림바스 샤워헤드필터듀라셀 알카라인 건전지 듀라셀 알카라인 건전지다용도 극세사타올 장 노랑 불스원에탄올워셔 개뽑아쓰는 다용도 타월 장 불스원 레인 이지그립 발수코팅 불스원 레인 스피드 발수코팅개 소나텍 익스트림나노엔진코팅개 불스원 프리미엄 연료첨가제개 휘발유 불스원 프리미엄 연료첨가제개 경유 페브리즈 차량용방향제클립프레쉬허브 맑은하늘바람 페브리즈 차량용방향제클립다우니 맑은하늘바람알카라인건전지알카라인건전지 듀라셀 울트라알카라인 건전지 듀라셀 울트라알카라인 건전지 듀라셀 알카라인 건전지 듀라셀 리튬 건전지 유니 제트스트림 볼펜색 유니 제트스트림 볼펜색 제브라 샤프샤프개 심개쓰리엠 박스 테이프티라이트정수필터 브리타호환브리타 막스트라프로 필터라바짜 네스프레소호환크레마에구스토 라바짜 네스프레소호환퀄리타 로사 카피탈리 네스프레소호환종 클라시코 벨루타토 포르테 카피탈리 네스프레소호환종 클라시코 벨루타토 포르테 브라질 룽고 킴보 네스프레소호환바리스타 나폴리 인텐소 스타벅스 네스프레소플레이버 스타벅스 네스프레소디카프 스타벅스 네스프레소싱글오리진콜롬비아 하우스블랜드 에스프레소로스트 스타벅스 돌체구스토네스카페 돌체구스토아메리카노 룽고 베스트모먼트 돌체구스토브라운 전기면도기 세정액팩 스타벅스 돌체구스토하우스블렌드 파이어폭스 알루미늄 직화용기 버라이어티팩코베아 헤스티아 토치 파이어폭스 에탄올 고체연료풍국면 들기름막국수풍국면 온동네 소면 백제 당초밀면백제 히모카와 우동백제 필승의 잔차국수포카리스웨트 이온음료 팩 토레타 과채이온음료쥬비스 애플사이다비니거밸런스그로우 수박주스립톤 제로복숭아아이스티정식품 국산콩 진한콩국스카치브라이트 베이킹소다크린스틱 핸들 패드 블루랜드 변기세정제윙크 위생 롤도마윙크 잘라쓰는 주방후드필터정샘물 스킨 누더 쿠션리필미니퍼프벌꿀 블루 아가베시럽무염견과 스낵팩 살사소스 라투랑겔 호두오일동원 저스트 육포 화이트 페퍼리치 켄주 야채크래커크리스피롤 곡잘잘미칩 볶은곤약통멸치 츄이 프로틴바화과방 프리미엄 양갱텐케이 종합 모나카후지야 밀키캔디솜 디톡스 레몬칩스타벅스 다크 아메리카노쌍계 애플사이다비니거 사과 아이스티 복숭아 티젠 레몬콤부차이디야 요거트 파우더크리스탈라이트 레몬 아이스티 크라스탄 오르조보리차 토티야 칩스 스낵킹 옐로우콘 토티야칩스프리토레이 도리토스 나초 칩프리토레이 레이즈 클래식 핑크솔트감자칩잭슨스 고구마 칩히피 칙피 병아리콩 나초칩테라칩 클래식 야채칩오리온 태양의 맛 썬프리토레이 스낵 버라이어티 팝코너스 버라이어티 백프링글스 미니 사워크림어니언프링글스 오리지널익사이클 바삭칩 믹스오리온 오징어땅콩강정롯데 스낵모음오리온 스낵모음크랙콘 카라멜팝콘에어 퍼프콘 클래식시카고 믹스 팝콘신화에프에스 컬러 오징어마마스초이스 리얼 닭가슴살 칩마마스초이스 후라이드 쥐포튀김곰표 후라이드 오징어진새우 오리지널 새우스낵스낵야드 표고버섯 칩일품채 표고채 국내산일품채 목이버섯 국내산호박고지 국내산건곤드레 나물 국내산무말랭이 국내산건고사리 국내산양구 건시래기 국내산건대추 국내산건취나물 국내산오리히로 과일 곤약 젤리폴라레티 후르트 아이스바허쉬 얼려먹는아이스크림엘제이드 쁘띠베어 아이스바트롤리 미니 버거 젤리틱톡 젤리 믹스 닥터유 프로틴바 미니 닥터유 아몬드 단백질 볼닥터유 프로 단백질 바 그래놀라 바비카인드 다크초콜릿 너트바엄마사랑 통곡물 너트바랩노쉬 단백질 쿠키 종 프로틴 바네이쳐밸리 프로틴 바네이쳐밸리 트레일 믹스 바궁 쇠고기 육포궁 골든올리브 육포궁 쇠고기 육포비첸향 골든코인머거본 칼몬드포담 빼빼어포피쉬트리 먹태깡 레드신화에프에스 갓 튀김 어포카디나 감자 스틱농심 쫄병 스낵오리온 뉴룽지더다믐 김칩스것플렉스 두부현미스낵오뚜기 뿌셔뿌셔불고기맛타오케노이 빅롤 김 스낵트윅스 미니스 초콜릿오리온 비쵸비엠앤엠즈 믹스 초콜릿부르봉 알포트 초콜릿 가염 믹스넛무염 믹스넛무염 캐슈가염 캐슈 만나다 브라질 넛원더풀 가염 아몬드 가염 피스타치오 만나몰 국산 볶음 땅콩만나다 국산 잣 가염 볶은 아몬드미국산 피칸휴슨넛 슬라이스 아몬드 미국산 생아몬드미국산 호두 그린넛 호두 반태 그린넛 호두 정과후디즈 칵테일 피넛 후디즈 허니 로스티드 피넛 플랜터스 가염 땅콩 바프 허니 버터 아몬드헤이그램 서리태 스낵카수가이 와사비콩스낵가염 땅콩캐슈 클러스터 바프 먼투썬 주 허니 마카다미아 로스티드 마카다미아부샤드 카라멜씨솔트초콜릿 부샤드 다크 %초콜릿 페레로로쉐 초콜릿총개 하리보 스타믹스 젤리제너럴밀스 후룻 바이 풋앙팡 밀크릿 카라멜 스모어코어틴 프로틴 초콜릿 볼몰티져스 밀크 초코볼아라비안 딜라이트 대추야자 아몬드초콜릿스위스 델리스 밀크 초콜릿 스위스 델리스 다크 초콜릿 메이지 마카다미아 초콜릿메이지 키노코노야마 일본 초코송이롯데 빼빼로 모음 팩 킨더 맥시 초콜릿페레로 누텔라 앤 고킨더 부에노 초콜릿킨더해피 히포해태 홈런볼 초코 틴인틴 비스켓 원더풀 무염 피스타치오제너럴밀스 후르츠거셔스젤리오리온 알맹이믹스팩제너럴밀스 후르츠 롤업 젤리트롤리 지구본 젤리 트롤리 사우어 구미스위트 스페이스 멀티 믹스 젤리트롤리 드래곤 에그 젤리 닥터큐 과즙 젤리 종멘토스 미니사이즈 과일맛후르트텔라 과일맛 요구르트츄트롤리 올인원 젤리 비달 다이노 젤리레옹 사워 젤리모음스키틀즈 믹스팩락토조이 구미 젤리하리보 골드베렌 젤리하리보 메가 파티 젤리미카구토 아주끼캔디 맛밤 봉 페를레디솔레 포지타노 레몬사탕 캔디캠프파이어 마시멜로옌끼 자일리톨 캔디투씨 팝스 미니어춰 스틱 캔디총 웨더스 오리지널 버터 크림 캔디벨라민츠 스피어민트 캔디벨라민츠 과일맛 민트 종트레핀 벨기안 커피맛 스위트 캔디 스위토리 후르츠민트향 껌 벨라민츠 스피어민트 껌맥스봉 치즈스위토리 자일리톨 껌롯데 자일리톨 껌전자레인지 팝콘웨지 감자 스낵디제이앤에이 바삭하고 고구마칩덴로쿠 스낵믹스세레나 에그롤트로피칼 필드 크리스피코코넛롤슐츠미니 프레첼 부르봉 블란츌 랑그드샤 피넛버터 프레첼 기화병가 펭귄 쿠키미니 초코크리스피티포 에그쿠키크노퍼스 웨하스센넨야 바움쿠헨마마스초이스 티각태각 야채부각스모어 오갓멜로 크리스피 쿠키 트러플하몽 크래커총 웨더스오리지널 카라멜팝콘 클래식나비스코 프리미엄 솔틴크래커 골든 오차드 트레일 믹스 싱글오리진초콜릿워커스 어쏘티드 토피초콜릿 모음밀크초콜릿 아몬드 스니커즈 펀사이즈 초콜릿스니커즈 미니스 초콜릿허쉬 키세스리터스포트 초코큐브토블론 믹스 초콜릿스위토리 피넛 클러스터스위스델리스 마운틴바초코블럭이노푸드 아몬드너겟 초콜릿알리앤로즈 미니 초코 와퍼콘부샤드 라즈베리틴나비스코 오레오쿠키위메이드 밀크 쿠키랑그드샤 쿠키밀카 초코그레인 쿠키폭스 초콜릿 쿠키스위토리 치즈 쿠키알리앤로즈 크로아상 바이트모리나가 문라이트자케 미니브라우니믹스오리온 카스타드오리온 초코파이맥비티 다이제스티브 투고 켈슨 데니쉬 버터 쿠키 카라멜라이즈 쿠키비첸지 아치쿠키박스생미쉘 프렌치 버터 쿠키카렌스 베이커리 오트쿠키 라즈베리롯데 마가렛빠다코코넛메종 브뤼에르 아몬드 크리스프크리넥스 다용도 종이타월 매입미용티슈매팩프리미엄화장지롤 크리넥스 데코소프트화장지롤 크리넥스 소프트터치 미용티슈매팩 크리넥스 휴대용 티슈매 뽀삐 점보롤화장지 롤 크리넥스 안심 키친타월매 롤종이타월매롤 크리넥스 소프트엠보싱 물티슈 매팩 꽃샘 본비 우엉차동서 둥굴레차 꽃샘 본비 우롱차 쌍계 전통차도라지 국화 누룽지 티트라 레드 애플티로얄티 루이보스 티 네스카페 테이스터스초이스커피 콜럼비아그라운드커피인스턴트커피스타벅스 드립백커피룰리커피 스페셜드립백하마야 드립백 커피테라로사 싱글오리진 드립백강릉 보헤미안 로스터 드립백커피 입 이디야 토피넛라떼커피빈 피스타치오 라떼맥심 화이트골드펄세스 스테비아커피믹스 이디야 스페셜 모카블렌드 이디야 스페셜 골드블렌드비비고 참기름퓨리티 마누카꿀 본비 아카시아꿀 메이플 시럽 초콜릿 칩 % 스키피 크런치 땅콩버터땅콩버터오뚜기 우리밀부침가루 청화농산 도토리묵가루곰표 중력밀가루미이랑 찹쌀가루 농협 우리밀 참밀가루 아몬드가루 백설 하얀설탕 홀썸 비정제 갈색설탕 큐원 갈색 설탕설탕 알티스트 설탕대신 알룰로스 큐원 스테비아 암앤해머 베이킹소다썬스위트 건자두 담달 쫀득한 건망고썬메이드 건포도건체리 건블루베리오션 스프레이 건크랜베리 이롬 일 영양건강식돌 복숭아 컵태광선식 퀴노아곡 미숫가루 설빙 옛날 미숫가루 태광선식 서리태귀리쉐이크 달톤 화이트 식초마리안느 아보카도오일 올리브유스페인엑스트라버진 올리브유셀렉스 웨이프로틴 드링크라투랑겔 오일혼합 엑스트라버진올리브유스페인포도씨유오타비오 포도씨유푸엔테 해바라기유 카놀라유 백설 옥수수유 데니그리스 사과식초 사과식초명가랑 국내산 참기름명가랑 국내산 들기름명가랑 정이담긴참기름먹는샘물 천연광천수동원 보성말차아리조나 녹차진생허니티 캔 광동 옥수수 수염차 이탈리안탄산수후지산 탄산수 스파클링탄산수하이트진로 토닉워터 플레인캐나다드라이 진저에일하이트진로 블랙보리 천연광천수 제너럴밀스 바 버라이어티 팩퀘이커 심플리그래놀라 에센셜 그래놀라 프로틴 플레이크오 그래놀라 믹스 팩 제너럴밀스 시나몬토스트크런치켈로그 리얼 그래놀라그래놀라하우스 그래놀라 파로이츠캘로그 컵 시리얼캘로그 아몬드 푸레이크신라명과 달콤바삭 크룽지신라명과 오리진단팥빵삼립 오븐에구운버터도넛신라명과 리얼 브라우니미각제빵소 황치즈 버터바파이삼립 호두 타르트화과방 도넛팥빵화과방 크림딸기붓세화과방 바질스콘화과방 우피파이 팔도 비빔면농심 너구리농심 배흥동 비빔면 런닝 트리코트반바지 플립플랍성인 스티커즈 캠핑용 접이식 간이침대브라질리아 백팩 구명조끼 영유아용구명조끼 용넥쿨러 개마이어 전기포트 로렌스 머그락앤락 단 도시락휴대가방 포함 리볼브블루투스 스피커 아이폰 프로맥스아이폰아이폰 웰치스 탄산소다 포도맛 캔 콜라 제로 팩 콜라 캔 멜로그라노아란시아타 캔 마운틴듀 오리지널제로동원애묘용 캔사료 웨버 대형 숯 점화통 웨버 점보조 차콜그릴 웨버 프리미엄 차콜그릴 코스트코회원권 코스트코 코스트코추천상품 코스트코올리브오일 코스트코영업시간 코스트코타이어 코스트코상품권 코스트코추천 코스트코온라인몰 코스트코휴무일 코스트코세일 코스트코 코스트코정보세일정보 코스트코에서꼭사야할것 코스트코추천 코스트코치즈 코스트코고기 코스트코추천템 코스트코다이어트 코스트코갈비살 코스트코간식 코스트코고기소분 코스트코갈비살소분 코스트코그릭요거트 코스트코고기추천 코스트코가격표에숨겨진비밀 코스트코과자 코스트코감자수제비 코스트코냉동야채 코스트코뇨끼 코스트코낙곱새 코스트코냉동식품 코스트코냉동새우 코스트코냉동피자 코스트코닌자블렌더 코스트코냉동 코스트코디저트 코스트코다짐육 코스트코다이어트추천템 코스트코드라이기 코스트코닭다리살 코스트코등갈비 다이어트코스트코 코스트코베이글 코스트코다짐육떡갈비 코스트코레몬즙 코스트코로스트치킨 코스트코로티세리치킨 코스트코라자냐 코스트코올리브오일 코스트코추천상품 코스트코신상 코스트코필수템 코스트코연어 코스트코상추 코스트코쇼핑 코스트코영양제 코스트코아이폰
​
딥모이스처 바디워시 에멀전 골드리프팅 스킨케어 캐스키드슨 핸드크림 캐스키드슨 베스트 선물 프리미엄 호 스페셜 호 동원 프리미엄 호 제일재당 스페셜 호 백설오일 혼합선물 영진 불원산 헉슬리 핸드크림농심 너구리김치 사발면육개장 사발면신라면 소컵부여알밤 삼계탕트레브리즈 공기탈취제슈가보블 과탄소 표백제 데일리 양말 담요 슬리퍼로버락 로봇청소기 바롬 제로 컬렉션 무선청소기 스타벅스 돌체 구스트 헤이즐넛 바닐라 원두아보카도 오일골드 키위 샤인 머스켓 청포도햇반 김치 치즈 주먹밥 삼천오참치마요 주먹밥 비요뜨 초코링 콘드로이진천 어린이 눈건강궁이 바이탈프로틴 콜라겐 홍삼정 현홍삼정현홍삼선물 홍삼골드산삼배양근 진 센트룸 실버 멀티비타민 코관절 진 콜라겐 에센셜마그마 스피드샷 루테인 지하잔틴 홍삼 원력 홍삼 절편홍삼 배도라지 진액 보감 쌍화 진액 하모트효소 에버스트로겐 종군단건강 홍삼 절편 농량근 홍삼본 함뿌리 녹용 흑삼스틱 함뿌리 흑삼 아르기닌 침향환 선물 알로에 판토텐산 센트롬 멀티비타민 구미 레몬민트 허브캔디 경남제약 레모나시 스테노비스 트리 브레스 스프레이 프로폴리스 자동전자혈압계 동구밭 샴푸 트리트먼트 바 범 일회용 치간 칫솔 조르단 인디비주얼 소프트 칫솔 질레트 프로실드 면도날 유시몰 화이트닝 치약 레인바스 샤워젤 헤드앤숄더 울트라쿨 맨솔 샴푸 흑모비체 괄호거품 연모제 시크릿 에센스 에이지 리커버리 크림 컨센트레이트 세럼프로크림 어성초 지우개 패드 아이케카테 프리미엄 핸드워시 온더바디 바르시처 코튼 푸트 샴푸 센텔리안 멜라 캡처 앰플 프로 도미나 스키미 케어 크림 미라클 토닝 크림 에이지 리커버리 스킨 소프트나 에멀전 엔자인 페이스 워시 모노티크 바디 워시 클렌징 워터가비노 바디로션 닥터 루티어 선물플라워 마켓 바디웨어 케어보타닉 가든 바디워시퓨어 코튼 선물레드 이발소 핸드워시마라탕면 소고기 미역국 양송이 스프 바질크림 스프 통다리 닭볶음탕 사골시래기 된장국 김치볶음 스팸 듬뿍 부대찌개 육개장 비비고 떡볶이 베이컨 트러플 파스타 짜장라볶이 어토리 비빔맛국수 진국 소고기묵국 어쏘티드 칼떡볶이 쌀국수 파게장 큰사발 당초 밀면 알리오 올리오 파스타 솥반 꿀약밥 누룽지 미니 소프트밀 소고기죽 컵반 치킨마요 덮밥 된장김치찌개밥 쌀밥참치 용원 스페셜 호 스페셜 호 프리미엄 호 프리미엄 김 호 비치햄 오리지널 스팸 클래식 스팸 라이트 스팸 닭가슴살 곡물복지 햄 라이트 존슨빌 햄 동원 고추참치 동원 참치 꽁치 두부 북엇국 그릴리 구대전골 사과 당근 주스 수박 주스 멜로그라노 아라시아타 제로 탄산음료 복숭아 청포도 콜라 스테비아 토마토 주스 고소한 삼육 초콜릿 드링크오랑지나 탄산음료 콜라 제로 핫식스 에너지 드링크 핫식스 더 프로 오리지널 롯데 밀키스 제로 마운틴 뉴 오리지널 제로환타 오렌지 제로 투썸플레이스 피치 아이스티샷 추가 투썸플레이스 디카페인 아메리카노 트래비 탄산수 레몬향 크리스탈 탄산수 샤인 머스켓 하차 캐나다 드라이 진저 에일 브라운 슈가 밀크티 오뚜기 열라면 파미데이지 치킨마리 고구마 애견사료 소고기 황태유산균 덴탈검 고양이 습식 캔 아르르 강아지 고양이 열빙어 간식 펜시피스트 고양이 슈식 트리플랜 애견용 홀릭소시지화면화식 애견용 애견용 장난값 베이킹소다 크린스틱 다영도 행주기엄 청소포 베이킹소다 수세미 다영도 포트 수세미 옥수수 그물망사수세미 페브리지 섬유탈취제 향균 섬유탈취제 다우니향 라부아 섬유탈취제 랩프 병기세정볼 프로시 식기세척기세제 프로시 주방세제 주방세제 헤비듀티 먼지청소포 페브리즈 화장실 비치형 방향제 루키제트 프로 포인트샷 얼룩제거제 더블액션 걸레 미세먼저 청소포 드라이 에이킹소다 청소포 초강력 린트롤로 슈가 버블 에프량 주방세제 키친솥 주방세제 에이킹소다 주방세제시티형 섬유유연제 건조기용 크리맥스 유생행주 스마트지퍼팩 스마트지퍼팩 대형 브라이어티 냉장팩 알로에베라 세탁세제 샤프란 꽃담처 섬유유연제 프로시 커튼 블라썸 섬유유연제 세탁세제 퍼실 어드밴스드 젤 세탁세제 딥클린 세탁세제 울샴푸 중성세제 나부아 섬유유연제 퍼실디스크세제 비트 세탁 세제 리큐 세탁 세제 포울 머스크 블룸 세탁 세제 다우니 섬유유연제 실내건조럭스나인 라텍스토퍼 슈퍼싱글 퀸사이즈 킹사이즈 에르고 라텍스백에 다운 얼터너티브 백에 오버사이즈 블랭켓 피너츠 엑센트러그 주방 쿠션 매트 미니 바스 타월양털 극세사 카펫 얼트메이트 담요 양털 극세사 담요 정장 양말 캐주얼 양말프리컷 팬티 프리컷 프라 캐주얼 양말 팬티 쿠션 양말라운드 티셔츠 브리프 긴소매티 방풍 자켓 밴딩 팬츠 긴팔 크로넥스트링 면바지 긴소매 맨투맨 긴소매 티셔츠 긴소매 크로티 트렌치 자켓 아린 후드 자켓 아린 청바지 스웨트 아린 밴딩 아린테리 바지 아린패키지 맨투맨 이랜드 팬츠 로고 스웨트 셔츠 청바지 치노 바지 옥스퍼드 셔츠 긴 소매 컬러 라운드 니트 와플 긴 팔티 동산 스판 팬츠 액티브 팬츠 긴 소매 쿠르 파자마밴딩 카고 조고 액티브 영양 옴니 히트다운 헤딩 자켓 피그먼트 스웨트 셔츠 보모 재킷 우유 가디건 와이드 청바지 캐시미어 니트 더블픽 캐팬츠주니어 프라네일 파자마액티브 풀집 풀집 니트 청바지 흰소매 니트 폴로 운동화 용 골프와 용 골프와 성인 스니커즈 운동화성인 운동화 노가 매트 펌 롤로 야광 킥커볼골비 플라이온 골프공 필텐 골프장갑 헤브리지 차량용 방향제 클립 볼스원 프리미엄 연료청가제박스테이프 페팔 핸드블렌더 롤치킨 스템 바스켓 야채 탈수기 페팔 칼전동 커피그라인더 스테어 크라이머여행가방 스탠리 큐인원 기능 경량 캠핑 의자 골프 우산 접이식 손수레듀라셀 알카라인 건전지번개표 등사각방등다목적 접이식 테이블 필터 주방헤드 샤워헤드 필터 네고 닌자고올인원 보안 카메라 개별 멀티탭 브라운 전기면도기 시리즈 전동칫솔모 오랄비 전동칫솔 오랄비 전동칫솔 식물 영양제 데린바스 필터 샤워 헤드연기 잡는 그릴 파워 인덕션 더플레이트 블렌더닌자 프로 블렌더 음식물 처리기 진공 포장기 멀티커피 머신 페팔 티타늄 포스 프라이팬 페팔 프라이팬스테인리스 스테인리스 더블링 디너웨어 인 유리 저장용기도로코 주방가위 도마 막스트라프로필터 엔바이저히럭스 캠핑 매트 무단 슬림 서랍장 서랍형 수납함 여행가방 원 도체자전거 차량용 스마트폰 무선 충전 거치대 불스원 에탄올 워셔 불스온 글라스 디필저 프리미엄 수공구아모스 글라스 데코프리미엄 에이퍼 복사 용지 송오브인디아 플라스틱 화분 초코그레인 쿠키 트레일믹스 태각야채 동중꿀약과 제주감귤과질 버라이어티백 와사비새우깡 두부현미스낵 갓튀김옵포 칼몬드 화이트 페퍼처스트 육포 프런치 트러플 볶음 땅콩 칵테일 피넛 허니 로스티드 피넛 프로틴 초콜릿불 커피 초콜릿 모음 스니커즈 펀 사이즈 초콜릿 사워 젤리 모음 트롤리 지구본 젤리 유기농 맛밤 쌀크래커 두부크래커 바삭칩 믹스 찰떡파이 키킷 오리지널 초콜릿 스키를드 믹스팩 체다치즈크래커사과젠파이 오븐에 구운 버터더넛 버라이어티쿠키 바삭한 닭껍질 후라이드 골든그레이염 바바라이어티 팩 원러브레드 미니 생크림 보름달 황태 양념구이 첵스 초코 콤보 팩 모레오오즈 스크램베리 아몬드 카페 블랜드 원드 커피 바게츠 인스턴트 커피바게츠 드립백 커피 스타벅스 돌체 구스터스타벅스 넷스프레스스타벅스 네스프레소킴보 네스프레소 맥심 카누미니 애플워치갤럭시플립 갤럭시폴드 게이밍 모니터 사운드 링크 플렉스 솔로 사운드 파트 퓨리케어 공기청정기 스탠바이미 인덕션식기세척기 인용달인 인덕션 프리스탠드 식기세척기 달인 스타일러 달인 드럼세탁기 달인 오브제건조기 달인 세탁기건조기 오브지의 더블 매직 리터 양문형 리터 워시타워 김치냉장고 리터 냉장고 리터 냉장고 김치냉장고김치냉장고 냉장고 리터 김치냉장고 리터 루콜라페스토 로제 파스타 소스 간장 클램 차워드 스프캔만능 육수 요리 한프리미엄 굴소스 김치 요리용 소스 소갈비 양념 불비농토마토케찹 고기전용쌈장 양조간장영덕게간장 남늑피쉬소스 궁중식볶음고추장 소소한 가정식 집된장 태양초 일품 고추장 우리쌀 태양초 고추장 백설 옥수수유 핑크솔트 선물 유기농 사과식초호두 오일 정이 담긴 참기름 마이비데 물티슈 안심 키친타올 소프트 터치 미용티슈 포켓용 물티슈 앤뉴 드링킹 블루베리 생크림 요거트 떠먹는 불가리스 알로에 요거트 서울우유 듀오완 자두 팥배 토마토 러셋포테이프 달수고구마 양송이버섯 호주산 양고기 양갈비 진공팩 아롱산태 진공팩 부채살 진공팩 옹갈빗살 진공팩 미니밤 호박 물회 양념고깨장 영광 매실 고추장 물비 무삼겹 낙곱새 유기농 사워크라우트 무첨가 레겐스 브로거 위성마늘 순환구이 쌀햄 무과연 포숑버터도이치비엔나 소시지 고로곤졸라 화덕피자 치킨너겟 콩담백면 차돌박이 냉이된장찌개 소고기버섯 비빔밥케이준 볶음밥 바비큐 폭립 프리미엄 해물경단 해시 브라운 감자 공치미 물냉면 더 킹크랩스 가쓰오 메밀소바 리얼 해초 미역면 춘천식 메밀맛국수 가래떡떡볶이 한우 곤두레나물죽 양념 소갈비찜 포기김치 총각김치 바지락 순두부찌개 양념 야채채움녹황 유기농 체다치즈 비비고 통새우 만두
​
홍삼원력년근 홍삼골드 쇠고기 육포선물 견과선물 산삼배양근진 밀크씨슬 꽃차선물 커피 선물커피 선물표고버섯 혼합 올리브 오일농원 스페셜 호 특별한 선택 호 스팸 스위트 호 스팸호 존슨빌 선물프리미엄 김 호 부각 곱창 돌김프리미엄 양갱트레일믹스프라임 견과골든비트오롯라멘 드링크 고단백 케블레미쉬 커버크로스 액션 컴플리트 세븐 버블 클렌징 폼 스트롱홀드 헤어스프레이 펜틴 샴푸 펜틴 컨디셔너 하일루론 아이크림 하일루론 라이트 크림 양송이 크림 샴푸 두부 북엇국 비비고 사골시래기 된장국 소고기 미역국 비비고 육개장 사골곰탕진 그릴리 부대전골 감자수제비 참치 만대까레 투음파 둠바 파스타 당초 밀면 도토리 비빔맛국수 너구리 오라면 신라면 소컵 육개장 사벌면 김치 사발면왕뚜껑 링기니 바로 동물국 통곡 물밥 서리태 흑미바 고시헤카리살 오대살주스 오렌지 망고 주스 스위티 자몽 주스 포카리 이온 음료 파워에이디 이온 음료 몬스터 에너지 울트라 갈베 사이다 제로 스프라이트 콜라 사이다 제로 콜라 제로라임 갈아만든배 웰치스 탄산소다 스퀴즈 에이드 콘트라베이스 콜드브루 진저에일 보성말차 구운 닭가슴살 고양이 애견용 연어져키 천연오리 가슴살 베리추 강아지껌 알루미늄 식화용기 위생 롤도마 잘라쓰는 주방 후드필터 빨아쓰는 행주타월 마민성 고무장갑 스빈토 올인홀 세제수세미 스크럽데디브러쉬 식기세척기 세제 브러쉬 주방세제코튼 블라썸 섬유연제 과탄산소다 표백제파워브라이트세제알로에 베라 세탁세제 다우니 퍼펙트 세제 딥클린 홈키파 에어졸 이어플랩 털모자 다운 자켓 원 패딩재킷 긴소매티카고조고 상하이 카고 바지 크레올라 긴팔티 에브리데이 팬츠 캐주얼 바지 캐주얼 셔츠그램 인치 인치그램 인치울트라 인치 삼성 인치 인치 인치푸드 쇼케이스 냉장고 쿠크 인용 압력밥솥천 쿠크 인용 압력밥솥메듀로 등허리 마사지 쿠션 무선 청소기천 파워드라이어 짜라메이쿡웨어 넷게이터 여행가방 브라질리아 백팩 요소수 해머 드릴원 전동 드라이버다용도 수납함 백호 소프트 화장지포켓용 물티슈 한입 강정 무염 피스타치오 포테토칩 바삭칩 믹스 감자스틱 다크초콜릿 너트바 씨쉘 초콜릿 마카다미아 초콜릿 틴인틴 비스켓 멘토스 키켓 오리지널 앙팡 밀크릿 캠파이어 마시멜로 맥스봉 치즈프리미엄 양갱 세레나 에그롤 오리지널 스트로프 와플 다이제 스티브 오레오 쿠키 콘프라이트 바버라 예티팩 유기농 토마토 케찹 백년 육수 알프레도 소스 로제 파스타 소스알룰로스 트러플 치즈 소스 루꼴라 페스토 미라클 휘프베이킹 소다 오리밀 부침가루 스테비아 만능 자간찌 간장 남륵 피쉬소스 수참치액 샘표연두 우리쌀 태양초고추장 엑스트라 버진 올리브유 비비고 참기름 올리브유 키노아 곡 미숫가루 프렌치 로스트 바게츠 인스턴트 커피헤이즐넛 앤 바닐라 원두맥싱 모카 골드 아모드 크림 스프레드레몬콘 무차 바질스콘 로만밀 식빵 피타브레드 후라이드 지포튀김 황태양념구이 씨없는 족포도 씨없는 청포도 자두 골드키윅 버섯모음 광어회 닭가슴살 닭갈비 유기농 미니크림치즈허니 슬라이스 햄 스모크 소시지 닭가슴살 큐브 하몽 올리브프리미엄 수제 델리미트 냉동 삼겹 느린 식혜 햄스빌 베이컨의성 마늘햄 메밀맛국수 국물떡볶이 함박스테이크 청잎김치 얼갈이 열무김치 찌개용 두부 부침용 두부 바지락 순두부찌개 양념 프리미엄 해물경단 튀김새우 소고기잡채 도톰 동그랑땡 통어의 고추튀김 녹두빈대떡 감자채전 설롱탕 한우곰탕 중화짬뽕 바지락 칼국수 소바바 소이 허니순살 꼬마돈까스 크리스피 핫도그 실기업 돈까스 함박스테이크 비비고 통새우만두 제주돼지 감자만두 딤섬 새우 하가우 비비고 왕교자 진한 김치만두 든든한 섬만두 미니컵 컬렉션 하겐다즈 스틱백 모둠 꿀떡 김치 치즈 주먹밥 트리플 치즈 피자 맛있는 물만두 남도 떡갈비대상웰라이프 뉴케어 트레핀 벨기안 커피맛 스위트 캔디 스키니랩 시서스다이어트블랙모어스 오더리스 알티지 오메가 피쉬오일 미니오뚜기 딸기잼암엔해머 베이킹 소다 세노비스 코큐텐켈로그 컵 시리얼 종근당건강 어린슈퍼 콜라겐 스킨핏종근당건강 알로에 이뮨 스틱프로폴리스 캔디 마누카허니트루블루 코스트코안국건강 눈건강솔루션그래놀라 바 제너럴 밀스 네이처밸리 트레일 믹스 바네이쳐밸리 프로틴 바 페레로로쉐 누텔라앤고 오리온 닥터유 프로틴바 미니 두보식품 바싹콩콩 서리태 스낵 관절리프리놀 초록입 홍합추출오일 트루블루 프로폴리스 트루블루 스피루리나 안국건강 코박사 솔루션 뉴트리원 비비랩 더 콜라겐업 젤리타입 피쉬콜라겐동국제약 센텔리안마시는 콜라겐 프로틴웨버네츄럴스 프로바이오틱 유산균 프로일유업 셀렉스 코어프로틴네스카페 돌체구스토종웨버네추럴스 비타민세노비스오메가 종근당건강주니어 홍삼 궁 쇠고기 육포 궁 골든올리브 육포 궁 쇠고기 우육포 센트룸 엔젯오리진 뉴질랜드 초록입홍합비타민 네츄럴라이프 칼슘 마그네슘 비타민 세노비스 트리리턴업 아이시안 루테인비타민 크리넥스 소프트엠보싱 물티슈 신신파프쿨 핫 신신파스쎌바이오텍 듀오락어린이 유산균콜롬비아 커피 그라운드 웨버네추럴 오메가 프로 엔젯오리진 하이큐스파티딜세린 징코슈퍼 오메가비타민청원 고구마츄 나비스코 오레오 쿠키 켄지 크리스피 고프레 바닐라 초코 라운드랩 독도토너 콜게이트 그레이트 레귤러 치약오랄비 글라이드 치실 민트향 개 무염 믹스넛견과류검 일회용 치간칫솔 썬 스위트 건자두 웰치스 후르트 후르츠젤리라운드랩 독도클렌저 수려한 비책진생 윤 유액 리즈케이 퍼스트씨세럼 파로돈탁스 치약알페신샴푸하리보 골드베렌 과일맛젤리 커피빈 캡틴아메리카노미니 팬틴 케어 샴푸팬틴 케어 컨디셔너후디스 허니 로스티드 피넛 마마스초이스 리얼 닭가슴살칩 센소다인 멀티케어 치약쌀국수 스프포함 아토팜수딩로션 상하키친 양송이 크림 스프 하마야 드립백 커피 헤드스파 더프리미엄 헤어 경남제약 레모나하리보 메가파티젤리밀크 초콜렛 아몬드 커피빈 바닐라파우더 헤이즐넛파우더담 빼빼어포에스엔비 골든카레 중간운맛 리챔 오리지널 캔캔 본죽 쇠고기 장조림 오뚜기 백세카레 약간운맛 동아제약 가그린 오리지널동아제약 가그린 제로 닭가슴살 캔인스턴트커피동원 참치 웨이더프로틴 파우더녹차라떼맛 초콜릿맛유동 자연산 다시마골뱅이맥스봉 치즈 밀카 센세이션쿠키 뚜부 크래커 화과방 프리미엄 양갱프레디 스트로베리요거트 콤보스 체다 치즈 크래커 자케 미니 브라우니 믹스 나비스코 프리미엄 솔틴크래커오리지널 스트룹 와플 오데이 누가 샌드위치 크래커로아커 미니 웨하스 믹스 스낵야드 표고버섯칩 오리온 초코파이 오리온 카스타드 전자레인지 팝콘이가자연면 감자수제비 삼립 궁중 꿀약과 비비고 갈비탕 비비고 설렁탕 비비고 소고기 장터국 비비고 소고기 미역국 비비고 육개장 오뚜기 뿌셔뿌셔 동화씨앤에프 생강 대롱미왕 고소한 쌀과자 양반 진국 소고기 무국 오리온 오징어땅콩땅콩강신화당 오란다농심 쫄병 스낵 대용량 멀티백 다용도 쓰레기봉투 작업용 장갑먼지청소포 핸들청소포마미손 고무장갑 대형중형 이지엔 일회용 비닐장갑 이지엔 페이퍼호일 삼풍 일회용 나무젓가락 베지터블 코인 압축 티슈홈케어 파워 방충제 옷장용 서랍용얼라이브 원스데일리 멀티비타민 페브리즈 섬유탈취제 다우니향 스카트 다용도위생행주 페브리즈 에어 공기탈취제심플리잰틀 다용도 화장솜 뉴초이스 미니 크리스피롤 곡 카디나 감자스틱메이플시럽스카트 일회용수세미 롤고려은단 비타민페브리즈 차량용 방향제클립개이지엔 비닐 위생백 중형 크릴오일스카치 직테이프 디스펜서 리필개함타바스코 핫소스소스락 백년육수 백설 남해굴소스 이지쉐프 알리오올리오 소스 오뚜기 골드 마요네즈 오뚜기 참깨 돈까스 소스 온동네 풍국면 소면 청원 쌀올리고당 폰타나 카르니아 크림소스 쁘레리바떼쩨 델라 나투라 트러플 소금 하인즈 토마토케찹 에스앤비 생와사비 초콜릿 믹스 바 아몬드가루 스타 케이퍼초콜릿 칩쌀 크래커선메이드 건포도 워커스 어쏘티드 토피초콜릿 모음고구미 고구마 칩스위토리 다크 카카오 초코볼백설 소갈비양념 백쿡 백종원 만능 양념장 오뚜기 옛날 자른 당면 꽃샘 우엉차 스위토리 후르츠민트향 껌 청원 순창 초고추장 마마스초이스 치즈오징어 맥심 카누미니 스틱미담 신안 구운 천일염 풀무원 수타식 즉석생우동 센트룸 실버맨센트룸 실버우먼센트룸맨센트룸우먼유동 번데기 동원 참치베이컨 크럼플스 하인즈 토마토케찹 맥코믹 시저 샐러드 드레싱 해찬들 고기전용쌈장 시아스 오리엔탈 드레싱 참스 미니어춰 스틱 캔디캠프파이어 마시멜로 오션스프레이 건 크랜베리다크 초콜릿 허쉬즈 쿠키엔크림 초콜릿참깨 드레싱 건 블루베리킷캣 오리지널 마즈 엠앤엠즈 믹스 스퀘어 밀크초콜릿허브 캔디초코 큐브해바라기 밀크초코볼자일리톨 껌 웨덜스 버터 크림 캔디 앙팡 밀크릿 밀크태블릿 이롬 주스 착즙퓨리나 베긴 애견간식 큐원 갈색 설탕 레드씰 프로폴리스 치약고양이 두부모래백설 하얀설탕 베지밀 아몬드호두 두유 벨버드 치킨밀크껌 벨버드 애견용 변패드샘표 양조간장스타벅스 에스프레소 크림더블샷 캔스타벅스 브렉퍼스트 블랙 병아비노 바디로션 원데이케어 애견관절치석케어 뉴오리진 이너플로라 농협 우리밀 참밀가루 파미데이즈 치킨말이 고구마 강아지간식 한미양행 헤파케어골드 씨제이 유기농 맛밤아보카도 마요네즈 ' 머스타드 명가랑 국내산 참기름 명가랑 국내산 들기름 돈시몬 오렌지주스후디즈 칵테일 피넛 미국산 생아몬드 미국산 호두 로스티드 마카다미아 미국산 피칸 미국산 피스타치오 파라마운트 팜즈 트레일 믹스 무염 캐슈 만나몰 국산 볶음 땅콩 마마스초이스 버터구이 오징어 파라마운트 팜즈 가염 아몬드 파라마운트 팜즈 무염 피스타치오딸기잼 계피가루 다목적 렌즈관리용액 로리스 갈릭 소금 델라미코 갈릭 후레이크 다우니 섬유유연제 블리스다우니 섬유유연제 에이프릴다우니 실내건조섬유유연제다우니 언스탑퍼블향기부스터 몰티져스 초코볼 명가랑 볶음 참깨 맥코믹 바질 백설 쇠고기 다시다 백설 중력밀가루 오스트레일이안 보태니컬 비누샘표 연두 슈가버블 과탄산소다 표백제 슈가버블 애플향 주방세제맥코믹 스테이크 시즈닝 룰리커피 스페셜티드립백 시저 애견사료 소고기 캔테라로사 싱글오리진 드립백 오뚜기 순후추 오랄비 치간칫솔우르오스 올인원 모이스처라이저 맥코믹 월계수잎 이지엔 슬라이더스탠딩 지퍼백 자연과 친구들 국산 잣 피쉬 트리 진짜해물건더기 차앤박 옴므 올인원 플루이드 델라미코 크러쉬드 레드페퍼 스키피 크런치 땅콩버터 키친솝 주방세제도숙성초토블론 타이니 초콜릿 통후추 티젠 레몬콤부차 맥코믹 파슬리플레이크 퍼실 디스크세제 퍼실 어드밴스드젤 세탁세제페레로 누텔라 퓨렐 손소독제프렌치 트러플 프로틴 바본마망프루츠 잼 프릴헨켈베이킹소다 주방세제 레몬향헤라 데일리레포츠헤라 옴므 에센스인 스킨 종샘플헤라 옴므 에센스인 에멀젼 종샘플홈워시 세탁조 크리너흑후추 그라인더리필다크초콜릿 카라멜씨솔트초콜릿 후버 사과 주스코코넛 워터후룻베지 파우치허니 로스티드 마카다미아음료수컵팁코 파인애플주스 광동 옥수수 수염차 돈시몬 자몽주스멘토스 미니사이즈 과일맛엘지생활건강 모노티크 샴푸 라벤더향 엘지생활건강 모노티크 바디워시 대용량빙그레 바나나맛우유스위티 자몽주스 연세우유 멸균우유 이지엔 에어프라이어 종이호일 삼풍 친환경 종이보울 삼풍 친환경 종이접시 대 삼풍 친환경 종이접시 중 태광선식 퀴노아 곡미숫가루 토레타 과채이온음료 트롤리 올인원 젤리 트롤리 피자 젤리틱톡 젤리 믹스카리스웨트 이온음료 풍국면 들기름 막국수 후르트텔라 요구르트 핸드 쉘드 호두 질레트 프로글라이드 면도기 면도기날네이처 메이드 울트라 마그네슘 코스트코팜로드 더블치즈 케이크 미림 요리전용맛술삼립 촉촉한 꿀카스테라 페브리즈 더블액션 화장실비치형 박스테이프 갈색다우니 실내건조세탁세제백쿡 만능장아찌 간장소스베스트모먼트 돌체구스토 호환 미즈칸 쯔유청원 조청쌀엿프리미엄화장지롤안옥남 씻어나온 간편미역 해초미인 기장미역 브레프 변기세볼 레몬안옥남 숙성 다시마 웰킵스 황사 마스크소형웰킵스 황사 마스크대형안옥남 참미역 오뚜기 분 카레짜장미이랑 미국산 퀴노아 햇반 일찰잡곡밥 햇반 쌀눈가득 쌀밥 벨라민츠 무설탕 스피아민트 캔디뽀삐 점보롤화장지 롤알티지 울트라 오메가 글루코사민 슈퍼컴플렉스 실버 멀티비타민 칼슘 마그네슘 아연 피칸클러스터 아이리스 비말마스크사이즈유리아쥬 진피 청결제 종근당건강 생유산균포스트바이오틱스미이랑 캐나다산 병아리콩스파게티면파스타면 혼합 본죽 쇠고기 야채죽 셀렉스 밀크세라마이드 콜라겐솔리몬 스퀴즈드 레몬 블루 아가베시럽 브라운 전기면도기 세액밸런스밀 프로틴 쿠키 관장 홍삼현 팽성농협 아끼바레현미 미이랑 국내산 가바오색 현미 미이랑 국내산 찰현미 미이랑 국내산 찰흑미 미이랑 국내산 흰찹쌀보리 미이랑 캐나다산 귀리쌀 미이랑 국내산 체질균형식 종근당건강 코어틴 프로틴 볼 혈중콜레스테롤엔 폴리액티브멀티비타민 스카트 핑크 행주타월 롤라구 토마토 파스타 소스 길림양행아몬드 베스트 스키피 그레인 쿠키 샌드 트러플 엑스트라버진 올리브유 페브리즈 섬유탈취제 향균 크래프트스테이크소스 병바이엘 베로카 발포비타민 템테이션 반려묘 간식닭고기맛리스테린 구강청결제 쿨민트리스테린 구강청결제 그린티리스테린 구강청결제 검케어 관절연골엔보스웰리아마즈 스키틀즈믹스 생유산균프리미엄 병보노 옥수수알 콘스프무염 견과 스낵상하목장 멸균우유 라이온 아이깨끗해 프리미엄 핸드워시 리필청원 순창 조개멸치 양념된장 청원 토마토 스파게티소스 팁코 오렌지자몽 주스 팁코 케일믹스 과일주스 피지 항균 세탁세제허쉬 초콜릿드링크 스노우버디 휘핑클렌저 니트릴 다용도장갑키친타월 롤대웅제약 우루샷피스 골프공프리미엄 고양이사료유스 래스팅 아이크림 폴리덴트 의치세제먼투썬 주 메이지 마카다미아 초콜릿극세사 대형 세차타월 레몬민트 허브캔디 라이스퍼프 초코바 크리스피 초콜릿 남안동농협 고춧가루 뉴트로지나 딥클린 아크네밍 클렌저뉴트로지나 딥클린 젠틀밍 클렌저닥터포헤어 폴리젠 닥터포헤어 피토테라피 달담 쫀득한건망고더블유디 다목적방청 윤활제개동국제약 센텔리안 더 마데카크림 동아제약 써큐란알파 동원천지인 홍삼골드 듀라셀 울트라알카라인건전지듀라셀 울트라알카라인건전지듀라셀 알카라인 건전지듀라셀 알카라인 건전지디펜드 프리미엄 성인용기저귀 대형로레알 엑셀랑스듀오 염모제 롯데 자일리톨 오리지널르샤트라 섬유탈취제 피오니부케 마마스초이스 구운 오징어채 마마스초이스 황태 껍질 튀각 마즈 스니커즈 미니스 무코타 아이 헤어트리트먼트미이랑 국내산 율무쌀 바슈롬 오큐비전불스원샷 프리미엄 연료첨가제개 경유 휘발유비겐 크림톤 염모제사우어 벨트 젤리 삼풍 이중단열 커피컵삼풍 종이컵 샐러드토퍼 셀렉스 스포츠 웨이프로틴 드링크 솔가 에스터 비타민수려한 비책진생 윤 수액 수려한 비책진생 윤 크림 스머커스 미니잼 모음스카트 테이프크리너본체리필 롤스타벅스 브랙퍼스트블렌드에스프레소 블렌드하우스 블렌드 스트라이벡틴 어드밴스드 크림 아비노 바디워시자몽아이오페 슈퍼바이탈 크림크림에센스 아이오페 슈퍼바이탈소프너 안옥남 영양솥밥요리 종근당건강 올앳미카르니틴다이어트웨이더 조인트본컴플렉스유세린 안티에이징 에센스유세린 하이알루론 아이크림관장 홍삼진 현지크 합성엔진오일개질레트 프로글라이드 면도날질레트 프로쉴드 면도날질레트 프로쉴드파워 면도기참그린 식기세척기세제 차앤박 그린프로폴리스 앰플 캐스트롤 합성엔진오일개 알카라인건전지 알카라인건전지 알루미늄 쿠킹호일피넛버터 프레첼 크리넥스 마스크 대형 킴보 네스프레소 호환 커피 리쥬란힐러 턴오버앰플 삼성 블랙토너 삼성 블랙토너 삼성토너파랑삼성토너블랙삼성토너빨강삼성토너노랑파커조터 오리지날 볼펜 푸드엔씨 구운미니쥐포 피쉬트리 오사리안주멸치 피지오겔 페이스 앤 바디로션 하인즈 버거소스 한라식품 수참치액배스킨라빈스 딸기맛 우유주방용랩중형스카트 테이프크리너 리필 바닥용파이어폭스 바베큐숯바디 솝 비누티라이트 삼성 복사용지 사이즈트라몬티나 주방 가위 다용도 극세사타올장 차량용 세차걸레 테이블 냅킨글래드 프레스앤씰 직랩 옵티멈 뉴트리션 골드스탠다드웨이 단백질보충제 프링글스 더 오리지널 콜롬비아 원두커피성인용 언더웨어 입샹 달프 과일잼 종켄지파 크래커 카라멜라이즈 쿠키 고려은단 멀티비타민 올인원 세노비스프로폴리스 스프레이소형견 사료 영덕 게간장 소스맥심 모카골드 마일드 맥심 화이트골드 대림바스 샤워헤드필터 대림바스 필터 샤워헤드필터개포함삼립 오븐에 구운 버터도넛코스트코 올리브유 파래김장 돌김자반구운김밥김장 홈스타 바르는 곰팡이싹 볼빅 플라이온 선 골프공 피스 팬시피스트 애묘용 캔사료종 캔애경 울샴푸다용도 작업용장갑 소가죽 재질 끌레드벨 리프트 쿠션 본품 아토덤 보습 크림덴타인 페퍼민트 무설탕껌시트형 섬유유연제애견용 변패드 초코칩 쿠키스타벅스 원두커피 카페 베로나 스타벅스 원두커피 브렉퍼스트 블랙퍼스트블렌드 담터 율무차 인라이프 대용량 핫로얄티 루이보스티 설탕 크랜베리 아몬드쿠키 올게인 유기농식물성 프로틴파우더 쥴스 데스트루퍼 버터비스킷 나비스코리츠 크래커 린드세이 블랙올리브비제 갈색설탕 불스원에탄올워셔개메사나 파마산 치즈 듀라셀 울트라알카라인건전지듀라셀 울트라알카라인건전지미이랑 국내산 발아귀리 현미곡 센트룸 칼슘비타민미니 웰케어리턴업 전립소옥타코사놀 관장 홍삼 현 스타벅스 비아 파이크플레이스 스타벅스 아메리카노 불스원 그라스 디퓨저개볼빅 피스 골프공무광 색페레로 로쉐 초콜릿 볼 동원 고추참치 햇반 발아현미밥 햇반 이천쌀밥돌 복숭아컵우르오스 페이스바디 클렌져 블레이즈 발사믹 그레이즈 찹쌀다시마부각 비비고 사골곰탕진 양반 특전복죽 안옥남 국물용 다시유기농 사과당근 주스 크리넥스 데코소프트롤크리넥스 안심 키친타월롤스카치브라이트 도트 주방수세미스카치브라이트 옥수수그물망사수세미스카치브라이트 일회용 변기솔 크린스틱 베이킹소다 핸들 패드프로쉬 주방세제프로쉬 식기세척기세제스카치브라이트 베이킹소다 수세미 스카치브라이트더블액션걸레 핸들 청소포스카치브라이트 초강력 린트롤러 롤스카치브라이트 베이킹소다 청소포스카치브라이트 미세먼지 청소포일 헬스뉴트리션 셀렉스 웨이프로틴 마즈 스니커즈 펀 사이즈 카프리썬 오렌지망고 카프리썬 멀티 비타민 나인위시스 하이드라 앰플세럼 큐팁스 면봉카오 화이트솝 비누센카 퍼펙트휩 클렌징폼 페이셜 워시 스팸 클래식 캔티에스 스칼프 샴푸 실크테라피 수프림 트리트먼트 스팸 마일드 리큐 세탁세제드럼겸용 비트 세탁세제 샤프란 꽃담초 섬유유연제홈스타 욕실용클리너 윙크 위생 롤도마 지퍼락 버라이어티 냉장백 소형 미니지퍼락 스마트지퍼백 중형 지퍼락 스마트지퍼백 대형 태극제약 도미나스 크림 피지오겔 로션피지오겔크림실크테라피 골든앰플헤어에센스페리오 히말라야 핑크솔트치약쉬크 하이드로 커스텀 면도기면도날개아우라 건조기용 섬유유연제 프레쉬플로렐 피지 파워업 시트형 세탁세제 드럼겸용 아이리스켓용핫 아이리스 부착용 핫 스타벅스네스프레소 엘지생활건강 오가니스트비건퍼퓸 컨디셔너 스타벅스네스카페돌체구스토다우니 향균파워 섬유유연제뉴트리원 더콜라겐동아제약 미미막스 멀티비타민구미센트룸 멀티비타민구미지큐랩스트바이오틱스듀얼바이탈이뮨일분 액상 트루블루 프로폴리스스틱 아이시안루테인 지아잔틴 뉴오리진 유한백수오앰플 병한입전병 믹스 비엔나 병아리콩 스낵와사비콩 스낵종합 모나카 비첸지 웨하스 믹스 에스앤비 골든카레 운맛 상하키친 진들깨닭고기죽 이지쉐프 소이라구소스 오뚜기 초간편 감자전 믹스 백설 우리밀부침가루땅콩버터파우더 해찬들 태양초 고추장블랙올리브파마산치즈 건대추 건곤드레 나물 건고사리 무말랭이츄이 프로틴 바 오가니스트샴푸앤바디워시떢볶이의 신 짜장 라볶이 떡볶이의 신 즉석 라볶이팬시 믹스넛 비첸지 페스트리비비고 닭곰탕 크런치 롤러스 유기농 현미강 홈케어 친환경크 스카치브라이트 다용도 행주겸 청소포 페브리즈 내추리스 섬유탈취제 라벤더 스탠리 수공구종 남극크릴 오일 지큐랩 에스 신바이오틱스 유산균 포청원 로제 스파게티소스건망고 동원 면발의 신 원조생쫄면 트레핀 벨기에 버터토피 엑스트라버진올리브유 스프레이 유기농 살사소스 마즈 트윅스 미니스 미오 크리미 애묘간식 바우와우 애견용 혼합간식오뚜기 삼겹살소스 콤보 애견용 져키 오리 브라질 넛 스페니쉬 퀸 프리앤클리어 세탁세제 회분트라몬티나 거름채뉴오리진 에스트리션백수오 도리토스 나초 칩레이즈 클래식 류샤트라 섬유유연제 피오니부케프리토스 체다치즈디핑소스 카기 초콜릿웨이퍼믹스 페이머스 데이브즈 콘브레드 믹스 광동 돼지감자차 네슬레 프루팁스벨먼 스크럽 바디워시 콜라 태양의 식후비법차 온가족 누룽지미니 파워에이드 이온음료 히츨러 히치스 오리지널던킨 네스프레소호환 미이랑 국내산 서리태 미이랑 국내산 적두 팥미이랑 국내산 찰기장쌀 미이랑 국내산 찰수수쌀 크리넥스 수프림 소프트롤일품채 표고채 솔가 관절 엠에스엠에센셜그래놀라 켈로그 리얼 그래놀라 썬키스트 석류 젤리 스틱 코스트코썬키스트 밀크씨슬 프리미엄코스트코자석파스 피프 에레키반 듀얼 바이탈 이뮨액상멀티비타민네이쳐스프렌드 체다 까망베르 치즈쿠키 클렌징워터 건성용 지복합성용메이크프렘 클렌징밀크허브솔루션 토너 젤타입 뉴트로지나 레인바스 샤워 젤 글락소스미스클라인 피지오겔 바디로션히말라야 너리싱 수분크림 동국제약 센텔리안 마데카 크림 액티브 스킨뮬러세타필 모이스춰라이징 크림 을지로 노가리 고추장함 태광선식 서리태 귀리쉐이크 상하키친 버터 치킨 카레 양반 갈치 조림 크리넥스 마이비데 물티슈 캡형총 화장실용센텔리안 멜라캡쳐앰플 로레알 엘세브 헤어오일 로즈향에그파스타 네슬레 폴로 오리지날 덴탈라이프 캣트린 연어치킨 마장농협 이천쌀 미이랑 국내산 찹쌀 파주농협 아끼바레쌀 팽성농협 고시히카리쌀 플립즈 미니초코 프레첼 세타필 모이스춰라이징 로션오트밀 찰옥수수맛 올가니카 제주감귤칩 일유업 셀렉스 생활건강 다용도세티슈 닥터지 그린마일드업선 삼육두유 아몬드음료 유한킴벌리 그린핑거 선케어카라멜아몬드캐슈세이프온선쿠션리필퍼프리플린 스톱워치상하목장 얼려먹는 아이스크림 에스디푸드 라바쑥쑥구미 올게인 프로틴바이오틱스 올게인 프로틴 쉐이크월드그린 국내산 백태 차량용 햇빛가리개 전면개측면개청원도씨유가염 볶은 아몬드 리치 펌핑치약 스낵 버라이어티 플랙커스 어린이 치실피지오겔 선크림 로션홈케어 스푼닥터피엘 퓨어팟 자동변기 세기소낙스 세차 샴푸 체리봉봉 곤약 젤리 믹스 듀오락스트바이오틱스 벌꿀리스테린 구강청결제 헬씨브라이트예인수산 한번더 구운먹태 허쉬 후퍼스 밀크초코볼포카리스웨트 분말 던킨 스틱커피 소스락 칼칼육수 델몬트 후르츠 스낵 믹스 프렌치로스트 원두 아모스 노크식 수테이프 아이스티 복숭아 아쿠아크러쉬 투명컵 뚜껑빨대 닥터그루트 애딕트 샴푸 크리스탈라이트 핑크 레모네이드 이지엔 주방용랩 대형 이지엔 주방용랩 중형 립톤 아이스티 복숭아맛 이모지 파티 캔디 믹스 바이엘 원어데이 컴플리트 멀티비타민스톤릿지 오차드 건체리 트라몬티나 다용도 집게식품 국산콩 진한콩국 메모리폼쿨젤 허리보호쿠션메모리폼쿨젤 나비목쿠션이롬 야채과일백설 해물파전믹스 맥코믹 레몬버터딜소스 비비고 스팸 부대찌개 도씨유종근당건강 락토핏 생유산균해들원 캐나다산 카무트 올가니카단백질 쉐이크뿌띠슈 해피데이 트위스틱스 애견용 덴탈스틱올데이 블렌드 크래프트하인즈 플랜터스 버라이어티프리파라 오일 스프레이 도밍고 꿀홍차 허쉬 너겟 초콜릿 캘러웨이골프공폴라초이스 스킨퍼펙팅 바하리퀴드유시몰 치약 넥스케어 밴드혼합형웰크론마스크 대형화이트러버랩 니트릴장갑 어부가 황태채 오뚜기 맛있는밥 발아흑미 해우랑 손질한 황태채넥스케어 블레미쉬 커버 삼성 복사용지 사이즈오리온 꼬북칩 초코츄러스 삼립 이즈니버터 와플 모노큐브 랩탑 스탠드 접이식거치대건강백서 애견사료 말티즈 푸들 엘지생활건강 피지오겔 바디워시한미헬스케어 비타민 구미젤리 케미칼 화초보약식물영양제백제일월풍면 파곰탕면 쌀국수 플라스틱접시 한스킨 히알루론 에센스크리넥스 안심물티슈 휴대용 애경순샘 직워시 식기세척기 액상세제 아로마뷰 옐로우가든 섬유유연제농심테토 칩 찜기 디종 머스타드 세노비스 히알루론산 병뉴트리나 비스트로 애묘사료 롯데 빼빼로 모음백설 유기농 부침가루 휴슨 넛 슬라이스 아몬드 오뚜기 양념치킨소스 머슬팜 컴뱃 단백질 보충제 동원 꼬막 비빔 키트베비언스 유아용 물티슈 캡형 눅스 리치오일 고로고로 테이프크리너본체리필고로고로 테이프크리너 리필 침구용 또는 바닥용오데이 설화병 제일제당 리턴업 전립소 쏘팔메토 벨라민츠 스피어민트 무설탕껌돈시몬 레몬에이드스마트후룻 과일퓨레 그린스마트후룻 과일퓨레 트로피칼까만 숭늉차 까늉 프라이웰 바디케어 오일 도루코 주방가위 세노비스 밀크씨슬 올가니카 꿀 담은 홍삼절편 액체세탁세제 겸용 바이엘 베로카 발포 발포비타민울트라 슈퍼 오메가비타민클럽세노비스 프로폴리스개월분 세노비스 트리 우먼 멀티비타민미네랄 울트라클린세제 회분엔젯오리진 크릴오일 화이트는 오버나이트 카프라이스 클래식 헤이즐넛 코코아 웨이퍼롤 츄어블 그린프로폴리스파워업세제 둘코화이버 구미 사과맛 망고맛딜론 다용도 화장솜 파워풀엑스 리커버리크림 박찬호크림 세노비스 마그네슘 세노비스 달맞이꽃 종자유 세노비스멀티비타민 미네랄 세노비스 트리맨 멀티비타민미네랄 테팔 티타늄프로 웍프랑스산그라놀라 시리얼 뉴트리원 르시크릿 초유 콜라겐 프로틴비비고 고등어 시래기 조림 켈로그 크랜베리 아몬드 그래놀라 켈로그 라이스크리스피 트리츠 미이랑 오트밀 켈로그 현미 푸레이크 켈로그 아몬드푸레이크 켈로그 첵스 초코콤보 포스트 오곡 코코볼스트 콘푸라이트 제네럴 밀스 프루티 럭키참스 뉴트리원 모나코사놀 와이즈넷 무선 보안카메라 바이오 피부면역 생유산균다이제스티브 투 고다크초콜릿 비스킷 코스트코웨이더 뉴트리션 프라임맨 오브파워 켈로그 스페셜레드베리 실크테라피 헤어에센스 페퍼리지팜 초콜릿 천크 쿠키비첸지 쿠키 콜랙션 식물성 피부유산균라메르풀라 쿠키셀렉션 틴 스위스 미스 핫 코코아 믹스 마시멜로 스위스 미스 핫 코코아 믹스 밀크 초콜렛 예산농협 삼광쌀 일 셀렉스 일 셀렉스코어프로틴 뉴트로지나 딥클린밍 클렌저버버리 위크앤드 향수 한미 헤파케어골드 밀라노 다크 초콜릿 쿠키페퍼리지팜 밀라노니베아 데오드란트스프레이 롤온한국멘소래담 쿨링리프롤온로션코베아 헤스티아 토치농심 김치 사발면 스팀베이스 스팀 아이 마스크 캐릭터 볼펜 타키스 푸에고칩 아디다스 피날레 축구공 호 수필터 콘에어조명거울 저소음 모던 벽시계보이로 전기방석데리야끼 소스 조리도구 스팔딩 골드농구공 도마 락앤락 무스 컬러텀블러 브리타 맥스트라 필터개좋은느낌 유기농순면 라이너 롱 일반좋은느낌 좋은순면 맥시 슬림날개 중형 대형좋은느낌 유기농순면 울트라슬림 날개 소형 중형레고 크리에이터 악어레고 씨티 경찰서와 소방서 이집션직 보습크림 더블유드레스룸 핸드크림 홈워시 홈 드라이화이트 순면 탐폰 슈퍼레고씨티 공사트럭과 레고프렌즈 하트레이크아베다 샴푸어너처링 샴푸 락앤락 보온도시락휴대가방함 리듀스 보온보냉병아소부 머그컵 양키 캔들프리즘 데스크램프 타임리와인드 아이크림뉴트로지나 바디오일 세노비스 루테인오메가 세노비스 토탈케어 세노비스 울트라오메가 세노비스 칼슘비타민 세노비스 수퍼바이오틱스 세노비스 멀티비타민 미네랄 세노비스 멀티비타민 미네랄 세노비스슈퍼바이오틱스세노비스 메가필라 게이밍 헤드셋 캐릭터 볼펜 웨스트 콧 전동연필깎이 캐릭터 볼펜 사각파우치 뉴트리원 루테인지아잔틴 뉴트리원 맥주효모 골드 뉴트리원 알티지 오메가 뉴트리원 트리플업 보스웰리아 시니케어 프로폴리스 마우스 스프레이시니케어 프로폴리스치약시니케어 프로폴리스시니케어 힐밤 시니헬스 오메가 동원홈푸드 히말라야 핑크솔트 그라인더리필 종이나라 색종이 제트스트림 볼펜 유키하라 다시냄비 로레알 엘세브 헤어 오일관장 홍삼현종근당 생유산균 페리오 치간칫솔케이스개맥스 클리닉 오일 투 폼클렌저니올리아 네올리아 올리브오일비누 글락소스미스 폴리덴트 의치세제 보관함실크테라피 샤인 트리트먼트 슬라임 동국제약 센텔리안 마데카 바이탈 세럼김문 알로에 큐어알로에베라겔크림 엘지생활건강 오가니스트샴푸앤바디워시쉬크 인튜이션 제모기 면도기개 면도날개티젠 에너지티 페리오 히말라야 핑크솔트 치약오랄비 프로플렉스 칫솔페리오 초극세모 칫솔 깨끗한 나라 휴대용 촉촉한 티슈유한킴벌리 화이트 에코프레시 중형또는 대형 질레트 퓨전 프로글라이드젤질레트 프로글라이드 파워 면도기 질레트 프로글라이드 파워 면도날질레트 스킨텍 플렉스볼 레드씰 어린이 치약던킨 드립백커피 유동 순살 왕꼬막유러피언쿠키 라고 미니 파티 와퍼로카 치즈 비스킷 생미쉘 프렌치 도넛프로쉬 식기세척기 세제팝살롯 팝콘 버라이어티오테이스트 우거지뼈해장국 신화당 인절미 스낵 디아지아 테이블 커버한스킨 클렌징 오일건성 중지성 복합성스카트 블루행주 타월 롤더블유드레스룸 퍼퓸 오뚜기 초간편 감자전 믹스 페브리즈 항균 깨끗한향 리필 고속무선충전기 고속 충전트 케이블개로지텍 블루투스키보드 블랙 화이트하빗 보조배터리 더블유드레스룸 퍼퓸 참존 징코 클렌징티슈 장개 장개블랙앤데커 핸디 청소기 핸드드립 커피필터 장불스원 크리스탈듀얼코트개불스원 레인 스피드 발수코팅 더블유디 다목적방청 윤활제 소낙스 왁스 미세 흠집 제거제 왁스용스폰지포함오프 보태니컬 스프레이 모기기피제작업등 피스 청원 통현미식초 시분 흑당 버블 밀크티 너즈 로프젤리 레인보우 스위토리 밀펑 초코볼낼리 베이비 딜 피클 크리스탈라이트 핑크 레모네이드 킨더조이 보이걸티젠 보이차 워터믹스 백제 당초 밀면 백제 도토리 비빔막국수 스위트 칠리 소스 마스 믹스드 미니즈 스팽글러 덤덤 팝스 진저젤리믹스폴로 오리지날 허쉬즈 리세스 틴 마즈 스키틀즈 펀사이즈 커피명가 올굿블렌드 뉴트리션 앤 테이스트 홍삼캔디수 메가맨 우먼스울트라오메가 밀크씨슬 동원 하루기초 초록입홍합 환 뉴트리움 유기농 멀티비타민 라미 볼펜 샤프 네츄럴코어 애견애묘 미트스틱 세타필 모이스춰라이징 로션피스 골프공 유기농 초콜릿 틴 김정문알로에 큐어인텐시브크림닥터지 레드블레미쉬 수딩크림 린도르 볼 초콜릿 마즈 몰티져스 버켓아카시아꿀 옐로우콘 토티야칩스 유리아쥬 립밤 스틱 레브르 이니스프리 그린티씨드세럼 토티야 칩스 젤리빈 가지 맛 팁코 그린주스 청소화기 청가스계스카치브라이트 다용도 세티슈 보쉬 익소멀티 드라이버 청소도구 홀더 투명 문풍지 하이츄 버라이어티 불스원 김서림방지 스프레이개농심 새우탕면튀김우동 소나텍 익스트림나노 엔진코팅개농심 신라면 봉농심 신라면 건면 봉농심 신라면 볶음면 봉농심 신라면 소컵 농심 너구리 봉오리엔트 원목 벽시계 지름팔도 왕뚜껑 농심 육개장 사발면 오뚜기 진라면운맛 용기 오뚜기 진짬뽕 소컵 농심 올리브짜파게티 오뚜기 참깨라면 컵 캐스트롤 엔진오일합성유브라이트탑 차량용부동액 코리아 틈새막이테이프 털실형형다목적 단롤링카트 단순생활 무선 미니 가습기지라프 휴대용 가스렌지켄트 패들쿠션 브러쉬던킨 원두커피던킨만원상품권레노오토 세차 양동이 맥심 슈프림골드 커피믹스 개별 멀티탭아이스토리 차량용 스마트폰 무선충전거치대에코 사각형 쓰레기통 카피탈리 네스프레소 호환 지프 크리미땅콩버터비달사순 헤어드라이어 스타벅스 윈터블랜드 원두커피 농심 안성탕면 무아스 체성분 체중계본죽 제주안심 고추장조림올리브유 옥돌김 허니체 크리미 헤어마스트비에날씬에스 다이어트유산균 섬유유연제 라벤더 아토덤 보습크림 섬유유연제 후레쉬네슬레 킷캣 팝스 센텔리안 마데카 멜라캡쳐앰플비비드 키친 콘스프 인쉘 마카다미아 곰표 후라이드 오징어튀김 풀무원 평양 물냉면 젤리빈 축구공 젤리 백설 유기농 부침가루프루팁스상하목장 멸균우유 츄파춥스 믹스캔디 양반 단호박죽 양반 프리미엄 통단팥죽초코칩 쿠키 파주농협 참드림쌀 엘지생활건강 오가니스트 컨디셔너 까리떼 블랙솔트 타르트 믹스 마즈 몰티져스 초코볼 다우니섬유유연제한스킨 클렌징 오일 생활공작소 거품형 향균핸드솝아로마티카 로즈마리 샴푸 페레로 킨더맥시 초콜릿킨더 부에노입프로폴리스 리퀴드 니베아 헴프씨드 바디로션
​
커클랜드 프리미엄 화장지 휴지 3겹40m30롤 블루베리 베이글 6개입 X 2팩 프로쉬 알로에베라 세탁세제 6L 암앤해머 베이킹소다 6.12kg 크리넥스 데코앤소프트 화장지 30롤 3겹 40m 커클랜드 울트라클린 세탁 세제 5.73L 피지 세탁세제 120매 커클랜드 종이타올타월 160매 워커스 어쏘티드 토피 초콜릿 1.25kg 스카트 크리넥스 빨아쓰는 행주 100매 부샤드 다크초콜릿 부샤드 씨솔트 초콜릿 오레오 쿠키 32팩 대용량 1.6kg 커클랜드 시그니춰 밀크초콜릿 아몬드 1.36kg 넬리 알칼리 드럼세탁기세제 가루 100회 프로쉬 식기세척기 세제 72개입 베이킹소다 올인원 대용량 신라명과 참깨 햄버거빵 70g x18개 커클랜드 울트라 클린 캡슐세제 24g 152개 프로쉬 주방세제 3L+펌프2개 미니 프렌치롤 생지 6개 x 4팩 퍼실 디스크 캡슐세제 어드밴스드 고농축 세탁세제 60개입 스위스미스 핫 코코아 믹스 28g 60개입 커클랜드 시그니처 울트라 클린 캡슐세제 140개입 프링글스 미니 사워크림 어니언 19g, 30개 피지 세탁세제 120매 종이 농심 과자 새우깡 스낵 박스 자갈치 포스틱 꿀꽈배기 5가지맛 미니 봉지 과자 세트 36개입 신라명과 호밀빵 식빵 샌드위치 건강 곡물 식전 식사 빵 코스트코 215g x 4개입 몰티져스 밀크 초콜릿볼 528g 개별포장 대용량 코스트코 초콜릿 신라명과 샌드위치식빵(대) 880g x2 홈스타 욕실용 클리너 750ml 4개 리터스포트 초코 큐브 608g 크리넥스 안심 3겹 키친타올 160매 x 12롤 스모어 오갓멜로 크리스피 쿠키 230g 스카트 크리넥스 핑크 위생 행주 빨아쓰는 행주타월 키친타올 45매 x 6롤 초코렛칩머핀 6개입 + 블루베리머핀 6개입 프레첼 갈릭버터 맛 위너스 봉지과자 85g 대만 누가 크래커580 g(14.5g X 40개) 과자 피넛버터 프레첼 커클랜드 프레즐 대용량 미니 1.56kg 땅콩버터 피넛버터 수입과자 오뚜기 뿌셔뿌셔 불고기맛 95g x 16개 디너롤 36개 오리온 카스타드 대용량 23g x 48개입 커클랜드 식기세척기세제 울트라샤인 115팩 피타 브레드 냉동 빵 100g x 6개입 허쉬 미니어쳐 초콜릿 1.58kg 커클랜드 케틀 핑크솔트 감자칩 907g 미니 초코 크리스피 1kg 프렌치 버터크라상 12CT 크로와상 무궁화 키친솝 주방세제 4L + 700ml 포도숙성초 삼립단팥빵 85g 20개 코스트코 프렌치 트러플 초코릿 1kg 길리안 씨쉘 초콜릿 500g 신라명과 허니버터 카스테라 35g x 18개 대만 누가 크래커 샌드위치 비스킷 435g 30개 카디나 크리스피 프라이스 감자스틱 600g 슐츠 프레첼 프레즐 2.72kg 커클랜드 울트라클린 액체 세탁 세제 5.73L 삼립식품 샤니 로만밀 식빵 메이지 마카다미아 초콜릿 63g 6개 코스트코 동전 초콜릿 300g(60개) 커클랜드 토티야 칩스 나초 나쵸칩 트러플 하몽 크래커 블랙 트러플 1.16KG 29G X 40개 슈가버블 애플 주방세제 4L+940ml M&M 엠엔엠즈 펀 사이즈 믹스 초콜릿 1662g 라브아 비건 고농축 캡슐세제 60개입 신라명과 달콤바삭 크룽지 25g 15개 신라명과 마드레느 마들렌 15G x 36개 540g 타오케노이 빅롤 김과자 3g x 56개 키친솝 포도 숙성초 주방 세제 4.0L 페레로로쉐 초콜릿 600g 48개입 오데이 누가 샌드위치 크래커 435g (14.5gx30봉) 홈워시 파이프크린 5L 커클랜드 버라이어티 쿠키 24개입 삼립 오븐에 구운 버터 도넛 40G x 20 Merci 메르시 초콜릿 셀렉션 675g 삼립 미니 소프트치즈케익 40G x 20개 Guylian 오리지널 씨쉘 초콜릿 500g 브레프 레몬향 변기세정볼 12개 킨더 초콜릿 맥시 21g 36개 크리넥스 각티슈 250매 x 8개 스위스 토블론 타이니 656G 스위토리 체다 까망베르 치즈쿠키 60g X 24봉 농심 스낵 모음 30g x 36개 코스트코 달톤 화이트 식초 5L x 2개입 킷캣 오리지널 삼립 추억의 옛날 꿀호떡 560gX2 1.12kg 태국 구운 코코넛칩 40g 숲속의샘 주방세제 15L 부르봉 알포트 초콜릿 775g 농심 포테토칩 390g 트윅스 미니 초콜렛 1400g 바삭하고 구워만든 고구마칩 켄지 파 크래커 15gX42 파워브라이트 캡슐 세제 180개 신라명과 오리진 단팥빵 47g x 20개 것플렉스 두부 현미 스낵 라 아부엘라 니에베스 감자칩 150g x 6봉 MARS 콤보스 체다 치즈 크래커 테이블 냅킨 330매 x 4개 커클랜드 랩노쉬 단백쿠키 20개입 뚜부 크래커 50g x 7 틴인틴 비스켓 1332G 포션 버터쿠키 18g x 25개 삼립 미니 생크림 보름달 45g×21 커클랜드 고농축 복합 세탁세제 12.7kg 프링글스 오리지널 19g X 60봉 프릴 (헨켈) 베이킹소다 주방세제 3L 레몬향 오리온 초코파이 정 대용량 72개 더다믐 코스트코 김칩스 240g 켄지 크리스피 고프레 바닐라 / 초코 630g 트로피칼필드 크리스피 코코넛롤 400g 오리온 비쵸비 과자 750g 액츠 데오후레쉬+베이킹소다 3.5L 롯데 빼빼로 모음 644g NABISCO 나비스코 프리미엄 솔틴크래커 1.36KG 해태 홈런볼 128g x 6개 잭슨스 고구마칩454g 크리넥스 뽑아쓰는 핸드타올 종이 타월 250매 4팩 스낵야드 표고버섯 칩 300G 오리지널 스트룹 카라멜 와플 1260G 진새우 오리지널 새우스낵 4개 70g FRITO LAY 도리토스 나초 칩 850G / 30OZ 파피스 벨지안 카라멜라이즈 쿠키 300개입/ 벨기에 커피 과자 슈가버블 과탄산소다 표백제 HBAF 먼투썬7주 980g 뽀삐 점보롤 화장지 600M x 4롤 마마스 초이스 리얼 닭가슴살 칩 210G
​
커클랜드 시그니춰 전자렌지팝콘 아보카도 오일 1L 엑스트라버진 한우물 통새우볶음밥 커클랜드 언솔티드 무염 믹스넛 1.13kg 커클랜드 시그니춰 생수 수지스 그릴드 닭가슴살 1.25kg 코스트코 양념 소불고기 벨기에 커피사탕 낼리스 베이비 딜 피클 커클랜드 유기농 엑스트라버진 올리브유 2L 커클랜드시그니춰 드라이시트 시트형 섬유유연제 다용도 극세사 타올 40x40cm 36개 맥코믹 어니언 크림 드레싱 소스 1000g 커클랜드 KRIKLAND 울트라 소프트 섬유유연제(라벤더) 4.4L 테라로사 올데이 블렌드 미디엄로스팅 홀빈 블렌딩 원두커피 1.13kg 미니 브리 치즈 375g 오스트레일리안 보태니컬 비누팩 8개입 커클랜드시그니춰 구운 재래김 커클랜드 시그니춰 베이컨 454g 커클랜드 유기농 땅콩버터 793.8g 제너럴밀스 시나몬 토스트그런치 702g x 2개 해쉬브라운 감자 1.2kg 둘이 함께 먹는 매일견과 아몬드호두 견과, 1.2kg 커클랜드 몬테리잭 치즈 907g 커클랜드 시그니춰 냉동 블루베리 2.27kg C-WEED 두 번 구운 감태김 8G X 10 커클랜드 시그니처 엑스트라버진 올리브오일 토스카노 C-WEED 예맛 구운 곱창돌김 170G 올리브오일 퓨어 올리브유 커클랜드 3L KAO 카오 식물성 비누 12개 커클랜드시그니춰 콜롬비아 그라운드 커피 통새우 완탕 154gx8개 KFI 버터 치킨커리 소스 650ML 비피 Biffi 바질 페스토 pesto 소스 700G 커클랜드 솔티드 가염버터 227g x 4EA KIRKLAND 커클랜드 시그니처 아몬드 가루(미국산) 1.36kg C-WEED 올리브유 파래김 40Gx8_96매 맥심 화이트골드 커피믹스 담터 쌍화차
​
코스트코세일 코스트코피자 코스트코추천 코스트코에서 꼭사야할것 코스트코버터 코스트코할인상품 코스트코소분 코스트코컴퓨터 코스트코고기 코스트코치즈 코스트코추천템 코스트코연어손질 코스트코휴무일 코스트코온라인몰 코스트코회원권 코스트코추천상품 코스트코할인 코스트코영업시간 코스트코상품권 코스트코회원권 코스트코 코스트코추천상품 코스트코올리브오일 코스트코영업시간 코스트코타이어 코스트코상품권 코스트코추천 코스트코온라인몰 코스트코휴무일 코스트코세일 코스트코 코스트코정보세일정보 코스트코에서꼭사야할것 코스트코추천 코스트코치즈 코스트코고기 코스트코추천템 코스트코다이어트 코스트코갈비살 코스트코간식 코스트코고기소분 코스트코갈비살소분 코스트코그릭요거트 코스트코고기추천 코스트코가격표에숨겨진비밀 코스트코과자 코스트코감자수제비 코스트코냉동야채 코스트코뇨끼 코스트코낙곱새 코스트코냉동식품 코스트코냉동새우 코스트코냉동피자 코스트코닌자블렌더 코스트코냉동 코스트코디저트 코스트코다짐육 코스트코다이어트추천템 코스트코드라이기 코스트코닭다리살 코스트코등갈비 다이어트코스트코 코스트코베이글 코스트코다짐육떡갈비 코스트코레몬즙 코스트코로스트치킨 코스트코로티세리치킨 코스트코라자냐 코스트코올리브오일 코스트코추천상품 코스트코신상 코스트코필수템 코스트코연어 코스트코상추 코스트코쇼핑 코스트코영양제 코스트코아이폰",https://blog.naver.com/clublsy/224257035207,코코바로,20260419,2026-04-27 16:35:08
세븐일레븐 쿡인페이퍼 즉석오징어짬뽕,0,"해탄오징어요리 9292고깃집 구이구이쪽갈비 꾸이꾸이- CoFFEE DRINK DESSERT +WOOD CARVING HERE @cafe.koyom 弘益홍익돈까스 ㅡ세종의 홈플러스(Home plus )와 Hi홍Cafe‘弘益홍익돈까스 /, 대전의 홈플러스... ","https://youtu.be/ULsPY9XhTfA?si=F3VZb-9VUe9CUiZ8
​
1/2
​
[네이버 블로그] 금호김영집
https://m.blog.naver.com/yjsjhs
https://m.blog.naver.com/arangjoeul
https://m.blog.naver.com/bwiwd
​
https://story.kakao.com/kumhokyj/H3FdLP94Roa
​
https://story.kakao.com/kumhokyj/6BIjMBCB5n9
​
https://story.kakao.com/kumhokyj/0JXyFRXr5O0
​
https://story.kakao.com/kumhokyj/4HGAjwfdan9
​
https://story.kakao.com/kumhokyj/GKgLF2uIboA
​
ㅡ좌청룡&우백호(左靑龍&右白虎; 풍수지리에서 명당을 나타내는 핵심 용어.
>>북쪽을 등지고 남쪽을 바라볼 때
>왼쪽에 청룡 모양의 산,
>오른쪽에 백호 모양의 산이 위치한 지형을 의미.
>오룡(五龍); 동양의 오행 사상에서 유래한 다섯 가지 색의 용. 동서남북 및 중앙의 방위와 계절을 수호하는 영물.
동쪽의 청룡(봄/나무), 서쪽의 백룡(가을/쇠), 남쪽의 적룡(여름/불), 북쪽의 흑룡(겨울/물), 중앙의 황룡(흙)
​
ㅡ색깔별 호랑이의 의미 (음양오행 기반)
>>흑호 (黑虎 - 검은 호랑이 / 북쪽 / 수(水)): 지혜, 권위, 비밀스러운 힘, 강인함.
>>백호 (白虎 - 흰 호랑이 / 서쪽 / 금(金)): 진실, 순결, 수호신, 사악한 것들을 쫓아내는 영물. 도교에서 사신 중 하나로 서쪽을 지키며, 드물게 나타나 상서로운 징조로 여김.
>>황호 (黃虎 - 노란 호랑이 / 중앙 / 토(土)): 힘, 근원, 대지의 기운, 산신. 일반적인 호랑이의 색으로, 한국 민화 등에서 산신을 보좌하거나 산신 그 자체로 묘사됩니다.  시선뉴스
​
ㅡ四柱八字와 土亭秘訣.
>>사주팔자四柱八字;
>태어난 연, 월, 일, 시의 네 기둥(四柱)과 여덟 글자(八字)를 통해 타고난 운명을 분석하는 동양의 명리학.
>개인의 기질, 운의 흐름(대운)을 파악하여 삶의 방향을 조언하며, 고정된 미래가 아닌 자신의 장점을 극대화하고 단점을 보완하는 '사용 설명서'로 활용
>>土亭秘訣;
>조선 중기 학자 이지함李之菡이 지은 것으로 알려진 술서.
>개인의 사주 중 태어난 연, 월, 일의 세 가지를 숫자로 풀이해 한 해의 신수를 열두 달별로 알아보는 방식. 조선 중기의 학자이자 기인으로 알려진 인물.
>호의 유래: 마포 강변에 흙으로 언덕을 쌓고 그 아래 굴을 파서 살았는데, 그 위가 정자 같다고 하여 사람들이 ’토정土亭‘이라 불림.
​
ㅡ황룡사 황룡각 백룡사 백룡암
​
ㅡ“ INTERCITI와 ENTER펠리스 &CITI와 CITY ”에서의
“ INTER와 ENTER &Booster와 Sister &SEVEN Star와 FIVE Star &Sistar와 온star…..“ /,
(대전유성구봉명동의 )유성장로회와 청룡(살수) &시골마당와 ‘RICHIMOND CITY’ &카카오톡와 生맥주‘CASS카스’ &‘TWOSOME PLACE’와 (INTERCITI 부근 봉명동 같은자리에서의 아늑와 May &)StayHotel의 HeyCoffee‘ /,
‘(세종시고운동의 )새누리침례회의 화룡(반점) &시골길와 사랑채한약재 &(세종시고운동’1-1생활권’에 위치한 ‘리치먼드힐)RICHIMOND HILL’에서의 &’중화요리八先生 ‘와 ’9292고깃집 &’DPLACE와 ’TWOSOME PLACE’ ”.
​
ㅡ지상락원地上樂園와 무릉도원武陵桃源[ 중국 도연명의 《도화원기》에서 유래한 말. 속세와 떨어진 평화롭고 아름다운곳 ] &
(토머스 모어의 )Utopia유토피아(""없는 곳"")와 (플라톤 철학에서 현실 세계 너머의 완전무결한 진리)이데아Idea’Form &
(""황금의 땅"")엘도라드와 이상향Utopia‘Paradise &
이상향or[ ‘Another World; 세상과 완전히 동떨어진, 경이로운 곳)별천지’와 (1984년 3월 14일 이만희가 창립한 개신교 계열의 신흥종교 )Shincheonji‘신천지(예수교 증거장막성전)….에서 변형된 글자 중,
한 일례로 “ 무릉도원武陵桃源에서의 [ 無羊桃源; 양(羊)이 없는(無) 도원(桃源/무릉도원)이라는 뜻의 ]무양도원‘숯불구이/바베큐전문점 ”의 飮食‘料理관계가 韓食‘中食’中華料理‘洋食‘일식의 和食&일본식 서양요리의 和洋食‘…..의 관계에 &미식’군식‘소식’대식’폭식‘단식‘….등등의 글자가 든 자리가에서 ’국가명와 지명‘이 달라서 자리마다 관계의 조합을 달리한다. 여기에 과거와 현재의 관계설정이 달라져, 지상와 낙원이 ‘무릉와 도원이 ’광개토와 대왕이 ’을지와 문덕이 ‘무궁화와 꽃이피었읍니다’가…..등등에서, 같이 붙어있었던 과거의 네글자‘四字成語&문장‘글자가 (관계가 갈라져 )나뉘어진 상황이다.
​
ㅡ서울의 5대궁(경복궁, 창덕궁, 창경궁, 경희궁, 덕수궁)와 훈민정음訓民正音 &(세종시고운동 )9292고깃집와 [ PLAN B’CONTINE COFFEE’ (훈민정음에서 )정음’이아닌 ]오음 &[ 대전유성구장대동의 “ 칠갑사와 49통닭 &태전마트와 ‘PLAN A’ ”자리의 ](유성구유성대로736번길 46)궁민정음‘유성국밥‘곱창전골’와 (유성구엑스포로 87 DCC제2전시장)경복궁갓포제주‘DCC점 &(대전서구 만년동 282)경복궁’대전점‘한식‘와 (대전중구 오류동 154-1)경복궁웨딩문화원….에서의 자리에,
대전에서 ’광주’서울‘제주‘부산’…..(도시지명이 붙어서)….글자가 달라서 관계를 달리한다.
​
ㅡ호구산(虎丘山; 중국 소주에 위치한 명승지로, 호구탑虎丘塔이 유명 )와 호두산(虎頭山; 평안도 지역의 진산鎭山) &호라산와 (대전서구 만년동 282 해가든센트럴파크, 대전광역시 유성구 문화원로 112‘에서의 ‘스시호산虎山&갓포虎山
>>호라산(Khorasan 또는 khurasan 페르시아어: خراسان ); 이란 북동부. 중앙아시아와 중동을 잇는 사이 지역으로 고대에 옥수스 강이라고 불리는 아무다리야 강 남부에 위치. 후라산으로도 불린다. 지명은 고대 페르시아어로 '해가 뜨는 곳'를 뜻함.
​
ㅡ유성구봉명동의 ‘Just Sleep Hotel’대전유성온천점와 둔산해링턴플레이스 &樂園아늑Hotel와 북해도 &샷포르와 도쿄 &/
[신라호텔에서 20년 경력을 가진 이승철 셰프가 운영하는 일식당. 호산‘브랜드 3대장의 스시호산/갓포호산/메시호산 중 하나. 스시해로 셰프가 스시호산에서 전수받음 ]虎山(범 호, 메 산)호산 &SOPATOWER스파타워와 꽃‘무궁화 &/
(한가네달발이 아닌)유성닭발와 SOMEDAY &/
문어대장와 상하이 &59와 (노랑통닭의 )봉명데이 &/
(물의 거리’의 )ACE’NICE와 EchoVill&벨포스트 /,
(서구만년동둔산동의 )별’스타와 StarGate스타게이트 &
카카오톡와 生생맥주‘CASS카스‘ /,
[ (대전동구중동의 ‘Daejeon Hana Citizen Football Club, 약칭 DHFC)대전하나시티즌K리그’자리의 (건설회사 )주)반석시티와 (대전동구 중동 56-7)반석시티 &(유성구반석동의 )펠리스와 ‘메이May eye&MayDAY’
​
ㅡ위 전체의 관계가 유성구봉명동 유성온천역네거리 앞 대학로에서,
” 장호덕 계동치킨 네네치킨 노랑통닭 (주)삼협건설 노늘레스 Gmart 스탕달호텔 W모텔 infra 항우 따봉 송림 죠아라 “와
” 조기종’향미각 교촌치킨 굽네치킨 60계치킨 SOLIAN솔리안 엔터펠리스 가자주류 현대리조텔 한진오피스텔 에터미 대왕수산 마사회 “가,
’봉명동 유성성당‘와 ‘상대동 팔각도’ &‘봉명동 은혜로교회’와 ‘봉명동 청학동동태찌개‘자리와의 관계의 조합이 다르다.
위 자리의 관계에 “ ( 갑천와 진잠천 &화산천을 사이에 둔 )복용동 원신흥동 도안동 계산동 ” &“ ( 갑천와 유성천 &반석천을 사이에 둔 죽동와 궁동 &어은동와 구성동이붙어서,
대전의 다른구(중구‘서구’동구‘대덕구)와 (천안세종청주홍성….)타지역의 관계가 섞인 글자’철자관계,
금호갈매기와 부산갈매기가 부산수산와 철길부산집이….등등에서도 같은 글자가 있음에도 ‘갈매기와 부산‘글자속에 다른관계가 담겨 관계의 조합을 달리한다.
​
https://youtu.be/ULsPY9XhTfA?si=F3VZb-9VUe9CUiZ8
​
2/2
​
[네이버 블로그] 금호김영집
https://m.blog.naver.com/yjsjhs
https://m.blog.naver.com/arangjoeul
https://m.blog.naver.com/bwiwd
​
https://story.kakao.com/kumhokyj/H3FdLP94Roa
​
https://story.kakao.com/kumhokyj/6BIjMBCB5n9
​
https://story.kakao.com/kumhokyj/0JXyFRXr5O0
​
https://story.kakao.com/kumhokyj/3TJynn3N7n9
ㅡCooing ’LittlelRoom ‘FURSYS‘iloom ‘/한방’직방‘다방‘작은다방 [서울동작구 대방동(大方洞), 여의도와 인접한 주거 중심의 법정동, 1호선 대방역과 7호선 신대방삼거리역이 가깝고 노량진 및 신길 뉴타운과 인접하여 교통과 생활 여건이 우수한 지역 ]大方와 소방消防&방제防災.
​
ㅡ마라탕麻辣燙와 ’영화‘Forrest Gump‘마라톤Marathon에서의 麻와 M /,
소방관消防官와 함곡관函谷關.
>>함곡관(函谷關)
•중국 전국시대 진(秦)나라가 동쪽의 산동 6국을 방어하기 위해 허난성 링바오에 설치한 '천하제일험관'으로 불린 난공불락의 요새
•북쪽의 황허와 남쪽의 효산 사이에 위치하여 좁고 깊은 골짜기 형태를 띠고 있어 군사적 요충지였으며, 진나라가 천하를 통일하는 기반이 된 곳.
•지리적 이점: 관중 분지와 중원을 나누는 길목으로, 험난한 지형 덕분에 소수의 병력으로 대군을 막아낼 수 있었음.
역사적 의의: 진 효공 때 처음 설치. 진나라가 동쪽으로 진출하거나 6국의 합종군을 막아내는 역사적 사건의 무대.
>>소방관消防官와 소방방제消防防災‘Fire Protection & Disaster Prevention‘
>>(문화어: 마라손, 마라쏜 , 영어: marathon ))마라톤 •42.195km를 달리는 장거리 로드레이스.
•심폐 기능 향상과 건강 증진에 효과적인 운동
•세꼐 7대 메이저 마라톤 대회; 도쿄 , 보스턴 , 런던 , 시드니 , 베를린 , 시카고 , 뉴욕.
•그랜드 슬래머'타이틀; 사하라, 아타카마, 고비 ,남극 등 세계4대 극지 마라톤을 일 년 만에 완주해야 얻는다.
•기원전 490년 그리스와 페르시아 간의 마라톤 전투에서 그리스가 승리한 후, 승전보를 전하기 위해 아테네 병사 필리피데스(또는 페이디피데스)가 마라톤 평원에서 아테네까지 약 40km를 달려가 소식을 전하고 숨진 설화에서 유래.
•지명: 마라톤(Marathon)은 고대 그리스어로 '회향(herb)이 가득한 곳'이라는 의미에서 유래.
>고치현립 오오가타 고등학교(高知県立大方高等学校)
https://www.kochinet.ed.jp/ogata-h/
일본 고치현 쿠로시오정에 위치. 아름다운 해변과 자연에 둘러싸인 환경이 특징. 해변에서 원족이나 마라톤 대회를 개최하는 등 자연을 활용한 학교 행사가 많다.
>>( 중국 쓰촨 지방에서 유래한 얼얼하고 매운 맛의 )마라탕麻辣燙
•초피, 팔각 등 다양한 향신료를 넣은 육수에 육류, 채소, 면 등 취향에 맞는 재료를 넣어 끓여 먹는 요리.
•정의와 유래: '마(麻)'는 저리다, '라(辣)'는 맵다는 뜻으로, 혀가 마비될 정도로 얼얼한 매운맛을 특징으로 합니다. 쓰촨의 길거리 음식인 '마오차이'에서 기원
주요 재료: 청경채, 숙주, 건두부(푸주), 분모자, 옥수수면, 양고기 또는 소고기 등이 주로 들어감, 나트륨과 기름기가 많아 국물을 다 마시기보다는 건더기 위주로 먹는 것이 건강에 좋다.
>>消防官와 소방방제[ 消防防災; 화재를 끄고消, 예방하며防, 재난을 막는다(防, 災)는 뜻 &/Fire Protection & Disaster Prevention; 화재 및 재난으로부터 인명과 재산을 보호하기 위해 화재의 예방, 진압, 구조, 피난, 복구 등을 다루는 과학적 공학 기술]
​
ㅡ덩이줄기‘괴경塊莖‘Tuber튜버와 救荒植物구황식물.
산약山藥or서여薯蕷와 토란土卵 &칡‘갈葛와 돼지감자’국우菊芋 &옥수수, 메밀, 조, 피
>>식물의 땅속 줄기가 영양분을 저장. 크고 뚱뚱하게 변형된 것. 감자가 대표적. 땅속 영양분을 저장하는 대표적인 뿌리채소. 과거 배고픔을 달래주던 주요 구황식물. 이들은 주로 덩이줄기나 덩이뿌리 형태로, 전분과 식이섬유가 풍부해 영양가가 높고 험지에서도 잘 자라는 특징.
>마; 산약/산우): 덩굴성 식물로 뿌리(덩이뿌리)에 끈적한 뮤신 성분이 풍부해 건강식으로 인기.
>토란; 천남성과의 식물로, 땅속 덩이줄기를 식용.알칼리성 식품, 담백한 맛이 특징.
>칡; 깊게 내리는 뿌리를 식용하거나 갈분(전분)을 만들어 먹습니다. 덩굴은 차로도 활용.
>돼지감자(뚱딴지); 해바라기와 유사. 덩이줄기에 이눌린 성분이 풍부해 '천연 인슐린'이라불림.
>카사바, 울루쿠, 오카, 아라카차 등; 이들은 열대 및 안데스 지역의 중요한 식량 공급원. 카사바(Mandioca; 길쭉한 고구마 형태의 덩이뿌리 작물로, 타피오카 전분의 원료)
> 칼라디움(Caladium); 남아메리카 아마존 원산의 천남성과 덩이줄기(구근)식물
​
ㅡ012‘동동칼국수 ‘시골길낚자볶움’사랑채한약국 ’오음 ‘CONTINUE COFFEE ‘형와 아우‘대한조리名人이정삼누룽지섬계탕&왕삼계탕 ‘강연우동태찌개‘ 해탄오징어요리
9292고깃집 구이구이쪽갈비 꾸이꾸이-
CoFFEE DRINK DESSERT +WOOD CARVING HERE @cafe.koyom 弘益홍익돈까스
​
ㅡ세종의 홈플러스(Home plus )와 Hi홍Cafe‘弘益홍익돈까스 /,
대전의 홈플러스 익스프레스(Homeplus express)와 홍익인간(弘益人間'널리 인간 세상을 이롭게 한다'는 뜻) &대덕(大德, 지혜와 덕망이 높은 승려)
​
>>알파벳 'oo'가 포함된 영어 단어;
[u:] (긴 우) 또는 [ʊ] (짧은 우) 소리가 냠.
대표적인 oo 단어:
Book (책)
Food (음식)
Moon (달)
Room (방)
School (학교)
Zoo (동물원)
Foot (발)
Good (좋은)
Look (보다)
Too (~도, 너무)
Cool (시원한)
Pool (수영장)
Wood
더 많은 단어(예: 3글자 단어, 특정 주제)가 필요하시거나, 'oo' 발음이 예외적인 경우(예: Blood, Floor)
​
ㅡ‘갤럭티카(Galactica)'
>>주로 미국의 유명 SF 시리즈인 '배틀스타 갤럭티카'를 지칭
>>그 작품 속에 등장하는 핵심 우주 전함의 이름. 나무위키
>배틀스타 갤럭티카 (Battlestar Galactica).
인류가 만든 지능형 로봇 '사일런(Cylon)'의 공격으로 멸망 위기에 처한 인류가 전설 속의 행성 '지구'를 찾아 떠나는 여정을 그린 SF 스페이스 오페라.
​
ㅡ타임’시간’병(Bottle; 유리, 플라스틱, 금속 등의 재료로 만들어진 목이 좁은 용기)와 텀블러(Tumbler; 굽과 손잡이가 없고 바닥이 평평한 음료 용기)
>>‘About Time'
리차드 커티스 감독의 2013년 로맨틱 코미디 영화
>>‘Time in a Bottle’
미국의 싱어송라이터 짐 크로치(Jim Croce).
1972년에 발표한 전설적인 포크송.
사랑하는 사람과 영원히 함께하고 싶은 소망을 담은 서정적인 가사와 아름다운 기타 선율로 사랑받음.
""If I could save time in a bottle /
The first thing that I'd like to do / Is to save every day 'til eternity passes away /
Just to spend them with you.""
(만약 시간을 병 속에 담을 수 있다면,
가장 먼저 하고 싶은 일은 영원이 다할 때까지 매일매일을 모으는 거예요. 그저 당신과 함께 그 시간들을 보내기 위해서요.
​
ㅡ커뮤니티(community’공동체‘와 ’(서울서초구경부고속도로 부산방향 첫번째 휴게소 )서울만남의광장 휴게소‘
​
ㅡ세종금남면의 ‘Masion와 5KPLACE &天安門중화요리‘의 제페토목공교실(대전세종목공방)이 유성구구암덕명동의 ’여래사와 피자스쿨‘자리에서 나왔다.
​
[네이버 블로그] 금호김영집
https://m.blog.naver.com/yjsjhs
https://m.blog.naver.com/arangjoeul
https://m.blog.naver.com/bwiwd
​
https://story.kakao.com/kumhokyj/1Iu331dHPN9
​
https://story.kakao.com/kumhokyj/H3FdLP94Roa
​
https://story.kakao.com/kumhokyj/6BIjMBCB5n9
​
https://story.kakao.com/kumhokyj/0JXyFRXr5O0
​
https://story.kakao.com/kumhokyj/3TJynn3N7n9
​
ㅡ대전서구 용문동와 가장동 &괴정동와 갈마동.
>>[ 뜨개질;크게 대바늘(메리야스, 고무뜨기 등)과 코바늘(짧은/긴뜨기, 사슬뜨기 등) /바느질;손바느질(홈질, 박음질, 공그르기) /&재봉틀에서 ]바느질’뜨게질에서의 ‘황실자수와 청실홍실 &(대전서구용문동 )SHINCHEONJI’신천지와 ’THESHARP#’ &우체국와 금실‘이불솜’헌솜가게 &‘KTA대한검정회‘한자한문교사 대전연수원’와 [중국 남조 시대 주흥사가 1,000개의 서로 다른 한자를 사용하여 4자 1구, 250구의 사언 고시(한시)형식으로 완성한 한자 학습서 ]千字文 &[ 동북아시아의 고대 상형 문자이. 주로 거북이의 배딱지(龜甲)와 짐승의 견갑골(獸骨)에 새김]甲骨文.
>>제나라齊의 재창원한의원와 라온 &(대청와 소청 &대원와 소원 &대한와 소한 &)대명‘大明와
(24절기 중 하나 4월 5~6일경)청명‘淸明 &(호텔의 )滿月와 (巫俗의 )淸月 &불교의 日月 &/,
(세종시고운동남측 밭테의 밀밭와 )성모의 밀알와 예당 &(예가 예인 예산 예신 예담…..)예촌와 ‘‘Homeplus express‘ &’Sunin Motors’와 AMANO &KGAasset더골드지사와 THE리본 &GREENB와 ‘(소고기국법삼계탕)도널드와 친구들‘ &/,
” (중구대흥동 산사임당화장품와 중화한의원 &)사임당한의원‘PN밥솥’풍년와 MBC &(서구만년동)만년옥‘평양옥‘만년와 KBS &청년와 [ ‘{대전중구대흥동와 유성구노은동&죽동 }브랜드 상징인 거위 로고를 활용한 전용잔, 에코백, 트래블 파우치, 빈티지 사인보드 등이 인기 }’구스 아일랜드(Goose Island)’&‘(번개장터/중고거래: 에코백, 빈티지 사인보드 등 판매)‘굿즈’와 유성구반석동의 ]청춘’coco’水‘청린(潾/璘)와 이순신소국밥 &(유성구반석동의 )청람의 ’‘Homeplus express‘와 W-Tree &고기명작와 굽네치킨 “.
ㅡ“(나루터와 고맛나루 &곰나루와 장대마루 &치킨마루 밀마루 세종마루 피자마루 대쪽마루 들마루…..&)서구괴정동의 해마루와 ’블랙짐BLACK GYM’ ”의 ‘SBS아카데미미용학원’와 ‘IM1L COFFE’ &’PILAGIRL기구필라테스‘와 ’HEALTH BOY GYM’ &‘라인 스포츠’와 ’YWCA &(서구둔산동 LK의 미라클Miracle &, 서구괴정동의 YK와 BK의 )ORACLE &Microsoft와 미래신용정보 &고깃리88번지와 수정자갈치꼼장어,
위 관계에서 “ 대전중구 산화동의 ’NC백화점와 소청1번가 &NINE’SPOT’Hotel와 예일‘자리에서 ’읍천리382‘가 나갔다. 위 숫자관계가 ’ 영어와 아라비아’에 든 관계가 달라서, 유성구봉명동’CJNINEPARK‘자리의 )’부산국제시장’부산할매낚지와 읍천리382 &(스파텔자리 )고깃리88번지와 문어대장‘의 관계가 ‘stay와 SM &대일와 모던Morden’의 관게를 끼고서 다른데같은관계다.
위 관계가 대전중구대흥동의 ‘ 오징어와 성심당 &한신포차와 한신우동‘의 관계가 붙어 ‘생선’어류‘연체동물이아닌 관계’읍천리와 고깃리’와 관계를 달리한다.
​
ㅡ“ ~Haus와 디플레이스DPLACE &ACE와 NICE “의 ’유성구덕명동‘반석동’도룡동‘가정동, 충남공주시학봉리 , 세종시도운동남북측, 서구괴정동’갈마동……에서의,
(엑스포93와 돼지)주산회관(보령시주선면야룡리)와 (토마토‘빛가람와 ‘부산서면의 연탄구이전문점 )상록회관연탄구이 &( 청주의 정육식당 형태의 한우 맛 )부산회관…“에서의 ‘~회관’ /,
서구갈마동’괴정동의 ‘송도와 (튼튼 탄탄 단단 &)든든’YK’BK‘SM’리라’한귝화장품‘자리의
” (새마을회관와 )성심당의 ‘롯데백화점와 충남보령’오서산‘주산회관’보령댐와 갑천생태호수공원 &’ /,
(대전서구 도안동/원신흥동 일원)갑천생태호수공원‘와 성심49 &(대전충남관계 )충남금산인삼와 ’보문산‘서대산’대둔산‘장태산 &’(청주성당구‘명암저수지 &)부산회관와 대청댐 /,
더하여, 전북구봉산의 옥정호와 용담댐 &충북제천‘월악산‘도담삼봉의 충주댐와 새종호수공원….등등에서의 “ 산와 댐 &호수와 저수지….’관계의 조합이, 같은 충북이라도 남한강의 충주호와 금강의 대청호가 &,
대전의 굿모닝을 세종의 모닝이 굿을 버리고 모닝으로 자리와 관계를 바꾸고 (&굿모닝이 아닌 굿니스 굿닥터 굿즈 굿네이버스 굿마트 굿바디…..에서의 )굿Good’글자자리에서 자리가’글자가달라서, 관계가다르다.
​
ㅡ대한민국에서는 성씨姓氏가 아닌 본관本貫이 가족관계등록부와 호적관계에서, 제2의 성씨역활을 한다.
그래서 東西南北의 관계에서, 같은 북쪽임에도 서쪽의 경기도 파주와 동쪽의 용인에 든, 東人와 西人의 관계가 붙어서 “ 본관의 지명에 든 자리&‘仁와 in(in’s)’의 글자관계 “가달라서 다툰다.
​
[人 (사람 인)]: 사람, 인간, 인류 등을 의미
[仁 (어질 인)]: 어질다, 친애하다, 유교의 덕목
[忍 (참을 인)]: 참다, 견디다, 인내하다
[因 (인할 인)]: 원인, 인하다, 까닭
[印 (도장 인)]: 도장, 인장, 찍다
​
ㅡ[ 용인시’Yongin-si ;경기도 동남부의 특례시( 에버랜드와 한국민속촌, 다양한 문화·관광 시설을 갖춘 관광 도시)에서의 ]龍仁 /,
{엔제리너스(Angel-in-us‘롯데GRS’가 나간자리 서구용문’괴정동의 }龍汶와 大福‘대복 &用仁’와 (꽃와 )대고바이오Bio /,
삼성‘LG’대우’현대…etc..)Electronic Engineering‘전자공학와 [ 로봇의 설계, 제작, 응용을 연구하는 공학 학문으로, 인공지능(AI)과 결합하여 제조(HD현대로보틱스), 물류/배송(로보티즈), 협동 로봇(레인보우로보틱스), 웨어러블(위로보틱스) 등]로보틱스‘Robotics /,
위 관계에 ’이천의 쌀와 여주의 도자기….등에서 ’과학공학’전자‘반도체의 쌀‘와 ‘과학공학‘농학‘식량의 쌀‘이,
대전충남와 청주충북의 관계의 조합이달라서 다툰다.
​
ㅡ[ ( 실면도‘대전본점;서구갈마동’피부관리 )실면도+앰플+릴렉스핸드링. 맑고 깨끗한 피부 만들기 ]코코마쥬와 파티마정형외과 &일룸iloom와 ’한상바오의 외갈비‘&’DENTI CLINC WASHINGTON’와 ’Honey bean’s’자리가 서구‘대덕대로를 사이에두고,
”( 파스쿠니가나간자리의 )그놈포차와 ’(둔산클리닉와 리움의원의 )HONG SSINE DAKGALBI홍씨네 닭갈비’ “와 &,
(BK와 MJ)엠제이피부과’굿모닝어학원‘약손명가‘자리와
(DK와 TREK, 대전서구 둔산로 56, 전문적인 자전거 정비 및 튠업 서비스를 제공’ 글로벌 브랜드 )트렉‘TREK직영점‘오라클피부과’가 관계의 조합이 달라서,
교보‘SK…동양’삼정…대신‘교보…롯데‘한화…한화‘삼성….에서도 관계의 조합이 또 다르다.
​
ㅡTK와 DYL의 자리의 [ 프랑스어: ""좋은(Bon)""과 ""날(Jour)""이 합쳐진 말로, 아침과 낮에 만났을 때 사용하는 대표적인 ""안녕하세요"" 인사말]봉쥬르‘Bonjour와
“ ‘오라클와 미리클‘의 닥터드론’LK자리[메종(Maison); 프랑스어로 '집(House)'을 뜻]메종에 “ 대만와 베트남 &태국와 캄보디아 &일본와 인디아….등등 “국가명 관계가붙어서,
“ 상하이와 홍콩 &방콕와 프놈펜 &로마Rome(콜로세움, 바티칸 시국, 트레비 분수 등 고대 로마 유적)와 Greece의 아테네(Athens‘Αθήνα, 아크로폴리스) &(고려시대 경주의 옛 지명 東京)경주慶州와 (일본의 東京)Tokyo …등등의”에서, (같은 국가명이라도 ) 다른 지명이붙어 관계가  달라진다.
​
[네이버 블로그] 금호김영집
https://m.blog.naver.com/yjsjhs
https://m.blog.naver.com/arangjoeul
https://m.blog.naver.com/bwiwd
​
https://story.kakao.com/kumhokyj/3LAXMT7skN9
​
https://story.kakao.com/kumhokyj/1Iu331dHPN9
​
https://story.kakao.com/kumhokyj/H3FdLP94Roa
​
https://story.kakao.com/kumhokyj/6BIjMBCB5n9
​
https://story.kakao.com/kumhokyj/0JXyFRXr5O0
​
ㅡ세종시종촌동
>이름…에, e롬‘이룸‘와 Fursys‘iloom,
카이젠와 새롬.
>세종시종촌동 ” CGV no.1&only 1 malive몰리브 “와
“ 곱갈콘‘곱창연탄구이’와 ’(도깨비‘곱깨비’곱도리‘곱싸리)’.
>고기명작와 고기카페 &고기고기돌판삼겹살와 (돌판‘의 삼겹살이 아닌 또다른 )세종시다정동 ‘라온와 에이블‘의 빨래판(와 빨래방).
>’ 대학 및 일반(&전문)병원 ‘와 요양병원 &요양원 [ 요양원 vs 요양병원 주요 차이; 요양원은 돌봄/일상생활 지원, 요양병원은 치료/재활. /입소 조건: 요양원은 장기요양등급(1~5등급) 필요, 요양병원은 등급과 무관. /의료진: 요양원은 촉탁의(정기 방문), 요양병원은 의사/간호사 24시간 상주. /비용: 요양원은 노인장기요양보험 적용(20%), 요양병원은 건강보험 적용. ]에서의 업종와 직종,
요양보호사와 간호조무사 &간호사와 양의사 &한의사와 (여기에 또다른 약사와 동물의 관계 수의사 )
​
ㅡ업종이 비슷한데 관계맺음의 대상와 업종 속 직종이 달라서, 허위의 거짓된 관계에 관계들이 다툰다.
​
ㅡ개신교에서의 교회명에 든 글자, 철자가 달라서 관계가 다르다. 한 일례로 ’~제자~ ’…..
‘ 세종우리들교회‘와 ’세종제자교회‘ &’대전제자들의 교회‘와 ’대전제자들교회‘.
​
ㅡ어진동
>‘(세종어진동 520 )may78710 독가미숫불치킨’(&계룡시금암동‘천마산장독대와보리밥’충남계룡시 천마로 87-10)와 ‘강다짐삼각김밥(세종시, 세종소담점: 한누리대로 2003, 세종새롬점: 새롬중앙로 47 세움빌딩, 세종아름점: 보듬3로 95 해피라움3 ) &( 디플레이스DPLACE의 도담동 한누리대로 583)강순대와 커튼이야기천 (&, 강천와 강변 &천강와 유강 &강미래와 강이야기 &‘River Story‘외 강촌 &강산와 강림).
>세종시 OK한방병원와 ‘나루터흑돼지’ &템퍼와 서가엔쿡 &커튼이랑와 BANK /(대전시청역와 대전정부청사역 앞‘대전 유성구봉명동&서구둔산동의 )BANK와 서가엔쿡 &O2와 우성 &,
(서구’탄방동와 용문동‘의  대전 서구 둔산남로105번길 15 지리산산골농장 )지리산흑돼지와 ACE가구 &‘(서구용문동‘힐스테이트의 )THE #‘와 TEMPER가구.
>대전의 버거킹와 현대주유소 &메가시티와,
세종의 버거킹와 SK주유소에서의 메이저시티 /,
>대전서구탄방동의 팔롬비니와 다짐 &Hi5’하이파이브미술학원’대전둔산캠퍼스’와 마라도시 &(대전서구둔산동의 )시티City약국와 { 세종시한누리대로 496 세종리슈빌S‘윤가네남원추어탕, 세종시부강면 부강리 128‘세종남원추어탕 &}(대전양지초등학교주변, 대덕구계족로608번길)남원추어탕 &(서구둔산동 1182)토종남원추어탕와 (대전서구 둔산로74번길 12 둔산동)미스터윤쩜뽕 &( 대전서구 탄방동 695 1층’계룡로553번안길 23)윤짬뽕{경기평택시 비전동 790-4(평택2로 111), 경남통영시 광도면 안정1길 53, 경기광명시 하안동 303, 경기용인시 처인구 포곡읍 영문리 497-22번지, 대구동대구로83길 11, 서울도봉구 방학로 183}와 윤가네짬뽕(대전서구 계룡로583번길 6} &{ ( ‘3 Chome-39-7 Kitashinjuku, Shinjuku City, Tokyo 169-0074 일본‘&’세종갈매로 526‘의 )세종온누리교회의 }Tokyo’동경와 (대전서구 둔산로 64의 )대전온누리교회 &(대전서구 둔산동 1184)송가네칼국시와
(대전서구 대덕대로234번길 46, 둔산동 1309번지 )강씨네화덕생선구이꽃게장.
위 대전 온누리교회자리에서 과거에 이미,
현재의 “ 디플레이스DPLACE와 DH &이밥와 (대전에서의 대정‘삼정’이정’오정…’~정‘글자자리와 함께하는 관계들, 대현와 태현 &삼현와 이현’에 )세현’글자자리 (유성구봉명동의 사이언스타운이 아닌 )‘대덕연구단지 내 과학기술인공제회가 운영하는 국내 유일의 과학기술인 특화 실버타운’사이언스빌리지‘자리의 유성구도룡동’새누리교회가 둔산동 ’LK의 미라클의원와 SK브로드밴드‘자리에서 나갔다. 온누리와 새누리 &대전세종에서의 또다른,
한누리…에서의 ’~누리‘와 ’한우리 정우리…..에서의 ‘~우리’ &‘한사랑 큰사랑 배사랑 김사랑….’에서의 ‘~사랑’와 한아름 /, [ “ 한울'과 '한얼'; 한국의 고유한 天地人사상과 민족 신앙에서 유래한 용어. 주로 우주와 하늘의 신성한 근원을 의미. 한울은 '큰 울타리', '우주', '광명이 빛나는 온 누리'를 뜻, 동학에서는 만물 속에 활동하는 기운(지기)을 의미. 한얼은 하늘을 달리 표현한 것으로 '한알(창조주)'에서 내려온 '한울(우주)'의 정신이나 본질, 혼을 의미 ”에서의 대전유성구덕명네거리 앞 글자관계 ](그리스 신화 속 대지의 여신이자 만물의 어머니의 )가이아Gaia‘와 태현 &SANGSURI와 ‘VEGA HAUS’ &VDI와 MILLAD &‘CAT CLINIC‘와 (주)한얼투어‘한얼자동차 &MONSTER STEAM와 삼영목재‘에서의 한얼 &
서구월평동’도시철도역 갑천역 앞‘의 ‘대한와 한울’관계에, 천주교‘개신교자리 ’하모니Harmony와 레인보우Rainbow‘글자와 불교와 민족종교자리 ‘(우주와 만물의 생성 및 변화를 설명하는 고대 동양 철학의 핵심 이론. 원래 별개였던 음양설과 오행설이 결합하여 하나의 체계를 이룸)음양오행‘陰陽五行 &[ 신점 (무속): 무당(보살, 박수)이 신의 영감으로 길흉화복을 점치며, 신내림 여부에 따라 강신무와 세습무로 나뉩니다. 주로 가족운, 재물운 등 굵직한 사건을 다룹/타로점: 78장의 타로 카드를 선택해 그 상징과 의미를 해석하여 심리 상태나 단기적 상황, 연애운 등을 분석‘에서의 ]‘巫俗의 占’와 타로점…여러 관계들이 섞여있다.
​
ㅡ감자탕 ‘(설농탕과 설렁탕; 이름만 다를 뿐 같은 음식. 조선시대 풍년을 기원하며 선농단(先農壇)에서 제사를 지낸 후 뼈와 고기를 넣어 끓여 나누어 먹던 '선농탕(先農湯)'이 변하여 '설농탕'이 되었고, 이후 '설렁탕'으로 발음이 굳어진 것으로 봄)설렁탕 ’해장국 ’{개고기를 넣은 '개장'에 소고기(肉)를 넣어 끓인 음식이라는 뜻에서 유래했기 때문}육개장 ‘(닭고기를 넣은 요리는 )닭개장 ‘(세종특별자치시 도움1로 108)봉추찜닭와 ‘(서구 가장동 )안동찜닭 ‘(중구 오류동 184-3번지, 파리바게뜨‘군산수송점 주변’동수송7길, 세종보듬3로 8-13 황금빌딩)일미리금계찜닭‘세종도담점
​
ㅡ서가앤쿡와 일당뼈다귀해장국감자탕.
>일당뼈다귀해장국 감자탕.
유성구 봉명1호점; 유성구 계룡로59번길 36,
서구 둔산2호점; 서구 둔산중로46번길 22 형성빌딩)
>2006년 대구 동성로의 작은 호프집 '서가'에서 시작된 퓨전 레스토랑.
>주요 매장 (전국):
AK&기흥점, 인천인하대역점, 영종하늘도시점 등 &,
세종점 어진동 한누리대로 350 뱅크빌딩
대전시청점 대전서구 둔산동 1448
대전은행점 중구중앙로164번길 22-12
​
ㅡblinds/curtains
바른커튼세종점 세종시‘대평동 대평1길38
이랑 커튼 커튼 세종‘다솜로 38
세종 커튼 블라인드 새롬북로 13 새롬동
메이드창 대전 커튼 블라인드 유성구 봉명서로 57-4
대전 윤슬커튼&블라인드 유성구 문지로316번길 14
한솔블라인드 대전공장 블라인드 판매점영업 대덕구 가온비즈타워
커튼명가창 유성구 봉명동 607-3
​
ㅡ세종시’당암정 앞 “ 장어정와 J축산 ”의 “ 몬차이나가 ”가, ” 짬뽕에 반하다 “로 바뀌었다. ‘~반한다’에서의 ‘ 커피에 반하다 ’에 ‘과학에~’&‘수학에~‘
​
https://youtu.be/ULsPY9XhTfA?si=F3VZb-9VUe9CUiZ8
​
[네이버 블로그] 금호김영집
https://m.blog.naver.com/yjsjhs
https://m.blog.naver.com/arangjoeul
https://m.blog.naver.com/bwiwd
​
https://story.kakao.com/kumhokyj/3LAXMT7skN9
​
https://story.kakao.com/kumhokyj/1Iu331dHPN9
​
https://story.kakao.com/kumhokyj/H3FdLP94Roa
​
https://story.kakao.com/kumhokyj/6BIjMBCB5n9
​
https://story.kakao.com/kumhokyj/0JXyFRXr5O0
​
ㅡ공학의 DAVICH안경와 예술의 (da Vinci)다빈치음악학원이 &/,
地名에 든 州‘山’谷‘坪’院‘川’海‘浦’湖‘島…글자들의 관계,
“ ‘내륙의 津 대전대덕구新灘津와 ‘바다의 津 전남康津이 &,
’바다의 灣 ’汝自灣와 島 臺灣(Formosa)이 &,
여기에 또다른 “ 만의 滿’萬‘卍….와 진의 眞’辰‘陣…”한자가 여기에 더하여 &,
世宗市와 世宗里가 &大坪里와 세시봉(C'est si bon: 프랑스어""정말 좋다""뜻)이
&,
종이(紙Paper)와 세종‘世宗가,
글자’문자 속에 든 관계가 ‘다른 자리와의 주변관계가 달라서’ 거짓의 사기극‘에,
‘대전시와 세종시‘에 타지역관계가붙어 수많은 관계들이 다툰다.
​
ㅡ위 상황속에 든 과거의’기존의’당초의 (AK ‘BK ’CK ‘DK ’EK…..KK K&K…..등등 중에서 )AK글자자리에 든 주변관계들,
“ 靑龍와 {스킨다이빙(맨몸, 프리다이빙)과 스쿠버다이빙(장비 착용)을 합쳐 한국에서 흔히}스킨스쿠버 /,
(건축물의 벽이나 천장 등 영구적인 표면에 그려지는 그림)벽화와 ( ’울산울주군 언양읍 대곡리 991-3‘울주 대곡리 반구대/’경북고령군 대가야읍 장기리 532‘고령 장기리의 )‘인류 역사상 가장 오래된’암각화 &(평면 위에 색채로 형상을 표현하는 예술)회화…그림에서의 ’선사유적지&미술관‘ /,
도자기[ 영어 pottery(일반적, 실용적 도자기){ ceramics(도자기류 전체), 또는 porcelain(고급 자기) &(도자기 제품을 통칭 한)china 또는 chinaware &/, Pottery :흙으로 빚은 그릇, 도예 등 실용적인 도자기 제품. /Ceramics :도기와 자기를 포괄하는 학술적/일반적 용어. /Porcelain ;유약을 발라 구운, 희고 투명한 고급 자기. /China/Chinaware ;식기류(식탁용 도자기)를 지칭할 때 주로 사용 } ]와 ‘土器/沙器(砂器’瓷器)/甕器‘항缸아리‘‘에서의 박물관의 ‘도예‘陶藝‘藝人’匠人 /,
위의 도자기‘토기‘사기’옹기’항아리’가 아닌 ’(대전유성구 수통골로 93 )CAFE GRIMJAKI’와 호떡[ 영어로 보통 Hotteok이라 표기. 설명할 때는 Korean sweet pancake(한국식 달콤한 팬케이크) 또는 sugar-filled griddlecake(설탕이 든 철판 케이크) ]에서의 ‘COFFEE MASTER’barista /,
보문산식후경와 금강한의원 &조치원파닭와 김해‘삼성쌸집 ”의 관계에 든 “ 大田와 忠淸北道의 大淸湖”를 낀 ‘500리 길’에서의 ’~길“와
“ 대전 대덕구유성구서구의 신탄진동 (新灘津洞: 새로운 여울 나루터)-덕암동 (德岩洞: 덕이 있는 바위)-목상동 (木上洞: 목상리 위쪽 마을)-용산동 (龍山洞: 용의 모양을 닮은 산)-전민동 (田民洞: 밭이 많고 백성들이 살기 좋은 곳)-문지동 (文旨洞: 글의 뜻을 기리는 마을)-도룡동 (道龍洞: 용이 승천한 길‘도용동의 바른 표기)-가정동 (柯亭洞: 가지가 무성한 정자 나무)-만년동 (萬年洞): 만년 동안 평안하길 기원함)-둔산동 (屯山洞: 군사가 진을 쳤던 산)-갈마동 (葛馬동: 목마른 말이 물을 마시는 형상’살마동의 바른 표기)-내동 (內洞: 안골, 안동네)-정림동 (正林洞: 바른 숲 마을‘정민동의 바른 표기)-흑석동 (黑石洞: 검은 돌이 많은 곳) ……”으로 이어진 대전관계”인 대덕로하스LOHAS와 [ 한밭대로’동서대로’계룡로‘계백로’유성대로’대덕대로….에서의 道路), 通路), 經路등 물리적인 길이나 구체적인 방향을 의미 ]’~路’ /,
(청석골‘청송골’청성골‘오롱골‘감나무골’배나무골’….에서의 ‘대전유성구덕명동’계룡산국립공원수통골분소)水通谷 “에서의 ’~골(谷)’ /,
(충북청원군현도면하석리의 九龍山)懸巖寺와 (청주시상당구문의면 대청호반로 721)문의문화유산단지 &(청주시상당구 문의면 청남대길 646)청남대와 (대전둘레산길‘2022년 대한민국 제7호 국가숲길로 지정된 )대전둘레산길[ 대전 도심을 둘러싼 12개 구간 총연장 138km~162km의 명품 산길로 ‘보문산, 식장산, 계족산 등 주요 산을 연결’된 전국 유일의 도심 순환형 산길.
1~5구간(보문산~만인산~식장산~계족산)/1구간(보문산길): 보문산청년광장-시루봉-금동고개/2구간(만인산길): 금동고개-만인산-만인산휴게소/3구간(머들령길): 만인산-국사봉-삼괴동 덕산마을/4구간(식장산길): 덕산마을-식장산-세천고개/5구간(계족산성길): 동신고-계족산성-질현성-절고개-용화사/6~12구간: 계족산, 우산봉, 갑하산, 빈계산, 성북산, 방동저수지, 구봉산 일대 ].
​
ㅡ위 상황속 관계에 (在世理化의 있을재)’~在‘와 (제나라)‘~齊‘ &’名人‘名品‘名家‘名門…&(明禮坊; 예가 밝은 동네에서 '명'자를 따와 유래된 )서울중구의 明洞와 종로’대치’혜화‘청담’…&’明東와 같이 방향의 자리’東西南北’글자가 붙은,
‘동인’서인‘남인’북인’에서의 ’~人‘에 또다른 ‘~仁어질 인, 忍참을 인, 因인할 인, 引끌 인…“이 더하여 “ in 와 in’s ” /,
” 동림‘서림’남림‘북림….에 더하여 ‘한림’유림’광림’대림‘태림’….“에서의 ‘~林‘ /,
” 동광‘서광‘남광’북광’에서의 (빛광’~光‘와 (넓을광)‘~廣’ /,
(地名의 )남원南原‘에 더하여 ’동원’서원‘남원’북원‘에 또다른 ’화원’부원‘대원’태원….‘~원[ 元,圓,原‘源…..],
글자들에 든 관계의 조합이 달라서 /&
” ’바다의 해조류‘김와 [대전, 세종, 천안 등 충청권에 전문점이 많은, 특히 대전의 띠울석갈비, 월산본가 등, 석갈비맛집. 60년 전통의 띠울석갈비 본점이 가장 대표적. 소석갈비와 돼지석갈비가 유명. 신내동의 황가원(40년 전통) ]석갈비와 냉면’ “이
대륙의 [ 중국에서 유래한 음식. 3세기 무렵 중국 삼국시대 제갈량이 남만 정벌 중 풍랑을 잠재우기 위해 사람 머리를 본떠 만든 음식을 제물로 바쳤다는 전설이 유래] 饅頭만두와,
甲川을 사이에 두고서 “ 대덕구목상동와 유성구용산동 ”이 관계가갈라져,
[ “ 文房四友;서재(文房)에서 쓰는 네 가지(四) 친구友, 종이·붓·먹·벼루. 중국 당나라 때 의인화에서 유래한, 선비들이 아끼는 보물이라 하여 문방사보文房四寶라고도 부름. “에서의 “ ‘~문구’와 사무용품&office오피스 “글자관계 중]삼화문구와
(유한양행과 미국 킴벌리클라크의 합작으로 설립된 대한민국의 대표 위생·생활용품회사)유한킴벌리자리에서,
성경'이라는 이름을 공유하는 두 브랜드[ >>지도표 성경김 (&독도와 지도): 2025년 말, 에너지 전문 기업인 삼천리그룹에 인수되어 식품 사업 분야의 새로운 성장 동력으로 주목. 독도 표기: 제품 패키지에 대한민국 영토인 독도가 표기된 지도를 사용. 최근 일본 수출 과정에서 이 이미지 제거 요구를 거절해 수출이 중단된 사례로 '애국 기업'이라는 긍정적인 평가를 받기도. >>성경만두요리전문점: 수제 만두와 만두전골을 전문으로 하는 외식 프랜차이즈
본사가 있는 대전 지역(관평점, 신탄진점 등)을 비롯해 서울 종로점 등 전국 곳곳에 매장을 둠. 주)성경에프앤에스 경기안양시 동안구 시민대로 295. 본사 및 제1공장: 대전광역시 대덕구 신탄진로 351 (와동) 제2공장(진도): 전라남도 진도군 군내면 녹진리 일원 (마른김 생산라인 구축)
제2공장(대전): 대전광역시 대덕구 신탄진로 377 제3공장(대전): 대전광역시 대덕구 신탄진로 349 ]가 붙어서,
과거와 현재의 관계가 다툰다.
​
https://youtu.be/qZu0ybjzDMs?si=vX7xiK2dYCHUasRT
​
과학이 발전한 시대에도 종교가 계속 되는 이유 f.성해영 서울대학교 종교학과 교수 [신과함께]
삼프로TV 3PROTV
​
https://youtu.be/aqBqrVSWn0Y?si=lWXNVxTO9Ib2SW6P
​
‘신'은 정말 존재할까? (김학철 교수 / 풀버전)
신사임당
​
https://youtu.be/aqBqrVSWn0Y?si=lWXNVxTO9Ib2SW6P
​
https://youtu.be/Xg6iAq3edUA?si=DeJk3V0F3yb3-n9e
​
""단순히 싫어서가 아니다"" 유대인들이 예수를 죽인 '진짜 이유' | 김학철 교수 특집
​
조한범TV
​
https://youtu.be/PKMurywjKfI?si=2MlcuGAs_tPVMb61
​
AI에게 국적을 묻다 [풀영상] | 창 543회 (KBS 26.4.7.)
KBS시사
""한국인이 쓰는 AI는 누가 만들었습니까. 그리고 누가 통제합니까.""
미국 정부는 이란 전쟁 시작 직전, AI 모델 클로드를 만든 회사 앤트로픽을 '공급망 위험 기업'으로 전격 지정했다.
하지만 국방망에 통합된 클로드를 바로 배제하지는 못했고 이란 공습 과정에 활용했다.
앤트로픽은 자사 AI가 동원되는 것을 막지는 못했다.
AI의 위력, 그리고 모호한 통제권이 드러난 순간이었다.
​
■글로벌 AI 패권 전쟁 … 한국형 AI 시동
한국은 독자 파운데이션 모델, 즉 한국형 AI를 가지려 한다. 정부가 개발에 나선 것은 2025년 말. 5,300억 원이 투입됐다.
'독자 AI 파운데이션 모델' 사업에 참여한 기업들 가운데 지난해 12월, 네이버와 NC AI가 탈락하면서 지금은 LG·SKT·업스테이지·모티프, 이렇게 4팀이 개발 경쟁을 벌이고 있다.
​
■ 소버린 AI, 도전의 시작
""이번 2차수가 제일 보릿고개 같아요"" 현장 개발자들은 한숨을 쉰다.
인터넷 데이터는 이미 고갈됐고 GPU(AI 학습과 추론에 필요한 대규모 병렬 연산용 고성능 반도체)는 부족한데 경쟁 상대는 세계 최고 수준의 모델들이다.
‘시사기획 창’ 취재진은 모델 개발에 매달리는 개발실은 물론, 음성 데이터를 모으는 현장과 100명이 게임을 하며 행동 데이터를 쌓는 PC방, 로봇 연구실들을 찾아갔다.
​
■ 엔비디아의 공장이자 도전자
경기도 용인 SK하이닉스 1기 팹에만 31조 원이 투입되고 있다.
한국은 엔비디아의 GPU에 들어가는 HBM 메모리를 세계에서 가장 잘 만드는 나라다. 동시에 한국 스타트업들은 그 엔비디아에 도전하고 있다.
한국의 반도체 스타트업들은 특히 AI를 실제로 활용하는 단계에서는 막대한 NPU, 추론 특화 반도체가 필요할 것이라고 기대한다. 정부도 막대한 자금을 직접 투자하는 등의 방식으로 힘을 보태고 있다.
​
■ K-AI 활용이 진짜 시험대
소버린AI 참여사가 시연한 국방AI는 이란 전장을 누비는 AI와는 거리가 있었다. 아직은 챗봇수준이다.
""지금 이 정도 투자를 하지 않으면 기술 종속은 더 심해질 것""이라는 말과, ""다운받아서 쓰면 아무도 모르는데 왜 만들어야 하느냐""는 의구심이 동시에 존재한다.
한국형 AI를 만들어서 공개한 뒤, 얼마나 많은 국민과 기업들이 실제로 활용할지가 진짜 시험대다.
AI의 국적보다 성능이 더 중요할 수 있다는 뜻이다.
​
#소버린AI
#AI
#인공지능
#반도체
#로봇
#엔비디아
#삼성전자
#하이닉스
#국방AI
#피지컬AI
#데이터
#NPU
#HBM
#GPU
#시사기획창
​
취재기자 : 범기영
촬영기자 : 이정태
영상편집 : 성동혁
자료조사 : 이영주 김선경
조연출   : 윤상훈
​
방송 : 2026년 4월 7일 밤 10시 KBS 1TV 시사기획 창
​
홈페이지 https://news.kbs.co.kr...
유튜브    / @kbssisa
페이스북   / changkbs
WAVVE '시사기획 창' 검색
​
KBS시사
구독자 64.2만명
​
https://youtu.be/GlpppXtuepA?si=QDkhInpAGp1ExGiH
​
1강 고대근동의 공간과 시간 | 주원준의 “고대근동 3천 년과 이스라엘”
#클래스e
#주원준
​
EBS 클래스e
채널에 가입하여 혜택을 누려보세요.
/ @ebsclasse
​
#클래스e
#주원준
#이스라엘
#고대
#역사
이스라엘을 알기 위해서는 고대근동의 작은 나라를 알아야 한다?!
기원전 3000년. 우리가 알지 못했던 시간, 우리가 알지 못했던 공간! 우리는 왜 고대근동을 알아야 하는가?
​
[클래스e] 월~금 오전 05:30, 월~목 밤24:00, EBS 1TV
클래스e 공식 홈페이지 👉 https://classe.ebs.co....
​
https://youtu.be/-y7Y89VlDUA?si=jFYiOZtM6DC7QAO_
​
이집트 몰락의 시작… 최고 전성기에 벌어진 일 | 주원준 한님성서연구소 수석연구원 [에인션트]
​
삼프로TV 3PROTV
#삼프로TV
#3protv
#삼프로
​
========================
​
[네이버 블로그] 금호김영집
https://m.blog.naver.com/yjsjhs
https://m.blog.naver.com/arangjoeul
https://m.blog.naver.com/bwiwd
​
https://story.kakao.com/kumhokyj/H3FdLP94Roa
​
https://story.kakao.com/kumhokyj/cHFNedQD6O0
​
https://story.kakao.com/kumhokyj/3ZJK5WuP3n9
​
https://story.kakao.com/kumhokyj/aDIfzPmD6O0
​
https://story.kakao.com/kumhokyj/6BIjMBCB5n9
​
백록담‘한라산이 남한이남 제주도‘섬와 다투고,
천지 ’백두산이 북한이북 만주‘대륙와 다툰다.
동해가 독도‘울릉도와 다투고
서해가 [인천의 백령도·대청도(서해 5도), 대교로 연결된 무의도·석모도, 갯벌 체험이 유명한 서산 웅도,
​
[네이버 블로그] 금호김영집
https://m.blog.naver.com/yjsjhs
https://m.blog.naver.com/arangjoeul
https://m.blog.naver.com/bwiwd
​
https://story.kakao.com/kumhokyj/3ZJK5WuP3n9
​
https://story.kakao.com/kumhokyj/aDIfzPmD6O0
​
https://story.kakao.com/kumhokyj/6BIjMBCB5n9
​
백록담‘한라산이 남한이남 제주도‘섬와 다투고,
천지 ’백두산이 북한이북 만주‘대륙와 다툰다.
동해가 독도‘울릉도와 다투고
서해가 [인천의 백령도·대청도(서해 5도), 대교로 연결된 무의도·석모도, 갯벌 체험이 유명한 서산 웅도, 보라색 테마의 신안 퍼플섬 등&)안면도와 다투고
남해가 [남해도와 창선도라는 큰 섬을 중심으로, 60여 개의 크고 작은 섬들로 이루어진 '보물섬' 관광 명소입니다. 다리(남해대교, 삼천포대교)로 연결되어 접근성이 뛰어나며, 섬이정원 같은 이국적인 정원, 독일마을, 다랑논, 낚시 체험 등 사계절 힐링 여행지로 인기가 높음 ]다도해와 다툰다.
​
ㅡㅡㅡㅡㅡㅡㅡㅡㅡㅡㅡㅡㅡㅡㅡㅡㅡㅡㅡㅡㅡㅡㅡ출처; 페이스북 한정석님 게시글 펌글
​
https://www.facebook.com/share/p/17koAoF2oM/?mibextid=wwXIfr
​
나는 이재명을 지지하지 않는다.
다만, 이재명도 실패하면 정말 답이 없다는 것일 뿐.
그 다음엔 정말 듣도 보도 못한 괴물이 등장한다. 그것 뿐이다.
​
파시즘은 좌나 우, 진보나 보수 모두 실패할 때 등장한다.
차라리 어느 한 쪽이라도 성공하는 것이 낫다.
진보에게는 보수 정권이, 보수에게는 진보 정권이.
​
신자유주의로 가든, 사회주의로 가든...
일단 주권 체제가 유지되면 견디면 되지만,
주권 체제가 붕괴되면 답이 없다. 주권의 광역화가 일어난다.
현재로서는 북한이나 중국에 접수되는 상황.
​
북한에 접수될 가능성이 어느 때보다 높다.
트럼프와 시진핑이 딜하기 나름이다.
​
남한이 만일 지금 북한에 접수되면,
우파 보수가 아니라 좌파 진보들이 먼저 숙청된다.
​
민주당은 모두 숙청된다. 김정은 만세를 불러도 그렇게 된다
​
[네이버 블로그] 금호김영집
https://m.blog.naver.com/yjsjhs
https://m.blog.naver.com/arangjoeul
https://m.blog.naver.com/bwiwd
​
https://story.kakao.com/kumhokyj/H3FdLP94Roa
​
https://story.kakao.com/kumhokyj/cHFNedQD6O0
​
https://story.kakao.com/kumhokyj/3ZJK5WuP3n9
​
https://story.kakao.com/kumhokyj/aDIfzPmD6O0
​
https://story.kakao.com/kumhokyj/6BIjMBCB5n9
​
백록담‘한라산이 남한이남 제주도‘섬와 다투고,
천지 ’백두산이 북한이북 만주‘대륙와 다툰다.
동해가 독도‘울릉도와 다투고
서해가 [인천의 백령도·대청도(서해 5도), 대교로 연결된 무의도·석모도, 갯벌 체험이 유명한 서산 웅도, 보라색 테마의 신안 퍼플섬 등&)안면도와 다투고
남해가 [남해도와 창선도라는 큰 섬을 중심으로, 60여 개의 크고 작은 섬들로 이루어진 '보물섬' 관광 명소입니다. 다리(남해대교, 삼천포대교)로 연결되어 접근성이 뛰어나며, 섬이정원 같은 이국적인 정원, 독일마을, 다랑논, 낚시 체험 등 사계절 힐링 여행지로 인기가 높음 ]다도해와 다툰다.
​
ㅡㅡㅡㅡㅡㅡㅡㅡㅡㅡㅡㅡㅡㅡㅡㅡㅡㅡㅡㅡㅡㅡㅡ출처; 페이스북 한정석님 게시글 펌글
​
https://www.facebook.com/share/p/17koAoF2oM/?mibextid=wwXIfr
​
나는 이재명을 지지하지 않는다.
다만, 이재명도 실패하면 정말 답이 없다는 것일 뿐.
그 다음엔 정말 듣도 보도 못한 괴물이 등장한다. 그것 뿐이다.
​
파시즘은 좌나 우, 진보나 보수 모두 실패할 때 등장한다.
차라리 어느 한 쪽이라도 성공하는 것이 낫다.
진보에게는 보수 정권이, 보수에게는 진보 정권이.
​
신자유주의로 가든, 사회주의로 가든...
일단 주권 체제가 유지되면 견디면 되지만,
주권 체제가 붕괴되면 답이 없다. 주권의 광역화가 일어난다.
현재로서는 북한이나 중국에 접수되는 상황.
​
북한에 접수될 가능성이 어느 때보다 높다.
트럼프와 시진핑이 딜하기 나름이다.
​
남한이 만일 지금 북한에 접수되면,
우파 보수가 아니라 좌파 진보들이 먼저 숙청된다.
​
민주당은 모두 숙청된다. 김정은 만세를 불러도 그렇게 된다.
오히려 보수가 김정은에게는 쓸모가 있다.
​
ㅡㅡㅡㅡㅡㅡㅡ
​
ㅡ캘리포니아 브레드
• 대한민국 제과기능장이 운영하는 대형 베이커리 맛집. 시청역 근처(서구 둔산남로91번길 13)
• 캘리포니아 지역 베이커리
캘리포니아 브레드는 고소한 캘리포니아 호두를 활용한 건강빵 레시피나, 1849년 골드러시 시대부터 이어진 샌프란시스코의 유명한 사워도우 빵을 의미
유명 맛집: 에릭샤츠 베이커리(Erick Schat's Bakkery) 같은 100년 전통의 유명한 장인 베이커리
​
ㅡ주)캘리포니아베이커리카페와 CU편의점 &한남대와 59쌀피자 /,
주)캘리포니아베이커리카페와 GS25시편의점 &우송대와 임실치즈피자 /
BREAD MAMA와 GS25시편의점 &한밭대와 GOPIZZA /
BREAD MAMA(브레드마마; 세종특별자치시 갈매로 562/
세종 조치원읍 돌마루길 25)와 emart24시편의점 &서울대와 (도안동 치즈피자맛집 순위 )1. 윤찬비스트로 대전서구 · 2. 고피자 대전도안점 · 3. 풀스가든 대전서구 · 4. 59피자 목원대 · 5. 파파존스 대전관저점 · 6. 도미노피자 /
한국의 대표 베이커리 프랜차이즈로, 파리바게뜨는 부드러운 식감과 다양한 종류, 뚜레쥬르는 쫀득한 식감과 맛의 밸런스에서 차이;
( 본사; 경기도 성남시 중원구 사기막골로31번길 18(상대원동 /양재 본점 위치: 서울강남구 남부순환로 2627 영진빌딩 1층 베이커리, 2-3층 카페 }파리바게뜨와
( 본사(제일제당센터점 서울중구 쌍림동에 위치 )CJ제일제당 빌딩 /CJ푸드빌에서 운영하는 브랜드 중 하나 )뚜레쥬르 /
성심당[ 본점 제과점 대흥동 ‘DCC점 도룡동 ‘롯데백화점 대전점 서구 ‘케익부띠끄 본점 제과점 대흥동 ‘옛맛솜씨 제과점 대흥동 ‘문화원 커피숍/커피 전문점 대흥동 ‘플라잉팬 이탈리아 요리 대흥동 ‘우동야 우동 대흥동 ‘시루케익전문점 케이크 전문점 대흥동 ‘리틀키친 음식점 서구 ‘롯데백화점 대전점 백화점 서구 ‘우동야 dcc점 한식 도룡동 ‘튀소정거장 제과점 도룡동 ‘성심당제과제빵학원 학원 은행선화동 /테라스키친 음식점 대흥동 &/, 몰튼버터 제과점 마음안1로 137 가락마을18단지 /삐아또 이탈리아 요리 대흥동 /팡쇼과자점 제과점 노을3로 25 대흥동 ] /
​
ㅡ고깃집와 횟집 /bread와 Pizza /한식와 중식 /서남’동남아시아와 서양식
八先生中華料理[고운북8길 3/용인시 기흥구 죽전로43번길 11-25]와 화식(和食, 와쇼쿠: 일본의 전통적인 식문화. 2013년 유네스코 인류무형문화유산으로 등록된 일본 요리의 정석. 재료 본연의 맛을 살리는 담백함과 계절감이 특징. 반면, 한국에서 흔히 사용하는 '일식(日食)'은 일본 요리 전체를 통칭 or 일식/중식/한식과 같이 식당 종류를 구분하는 일상적인 용어 ]와 (헌돈 &도드람의 세종시 마음로 248)9292고깃집와 ‘동남아 화교 음식’[ 중국 이주민들의 식문화가 현지 식재료, 향신료와 결합하여 발전한 융합 요리 . 대표적 동남아 화교 음식 바쿠테 (Bak Kut Teh)]: 말레이시아와 싱가포르의 대표적인 보양식으로, 돼지 갈비를 한약재와 함께 푹 고아낸 음식 /카오만까이 (Khao Man Gai): 중국 하이난식 치킨라이스가 태국식으로 발전한 형태로, 삶은 닭고기와 밥, 소스를 곁들여 먹음 /락사 (Laksa): 코코넛 밀크 베이스에 향신료를 듬뿍 넣은 매콤한 국수 요리로, 중국식 면 요리와 현지 식재료가 결합된 대표적인 '뇨냐(Nyonya)' 요리 /로헤이 (Lo Hei): 싱가포르 등에서 설날에 먹는 요리로, 생선과 채소를 소스에 버무려 높이 들어 올리며 복을 비는 회 무침 /티코이 (Tikoy): 필리핀 화교들이 설날에 선물하는 찹쌀떡으로, 쫀득한 식감과 달콤한 맛이 특징 ]
​
ㅡ‘대전시의 예술가’레오나르도 다 빈치(Leonardo da Vinci)’와
세종시아름동의 다비치DAVICH안경.
세계적으로 보편적 예술의 기반을 제시한 선구자이자, 인간 지성의 정점에 도달했다고 평가받는 불세출의 천재로, 인류 역사에 한 획을 그은 인물이다.
​
ㅡ온드림 두드림 도드람 다드림……드림DREAM와 ’THE DREAM‘…..
대전유성구덕명네거리의 “ 베네치아와 한마음 &아름드리와 아이누리 ”/
세종시아름동의 iloom와 온드림 &아름드리와 다짐헤어 &공감수학와 다비치DAVICH안경 /
위 자리에서 과거에 이미 연안식당이나가고 현재의 산시도삭면으로 &대전애서도 똑같이 서구둔산동 교보문고자리에서 연안식당이 ’양고기전문‘마이램(구 우마이라무, 대전서구 둔산동 1362번지 교보 문고)으로 &서구 둔산중로 54 (둔산동 1412, 시청 네거리)에서도 연안식당이 마성소국밥으로 바꿨다. 다비치안경와 마성소국밥 &산시도삭면이 연안식당와 관계가 달라져서 다툰다.
​
>다비치안경‘DAVICH; 2025년 1월 기준 서울종로구 수표로 91 다비치타워로 본사를 이전. 체인본사: 서울용산구 만리재로 190-1. 대전동구 중동‘중앙로 198
​
>마성소국밥족발 둔산시청본점(서구 둔산중로 54 /중구 안영동 692-6 /대전역점 동구중앙로200번길 3 /도안가수원점 대전서구 도안동 1680 /대전동구 성남동 494-15 )
​
> 송화산시도삭면 (건대/성수)와 이가산시도삭면(홍대/연남) &진미산시도삭면(대림본점, 서울 영등포구 도림로38길 11-1)
​
>연안식당 (초기 인천 송도점이 본점격으로 시작 현재는 대다수 매장이 )디딤이앤에프애서 운영 중. 2018년 서울 강남 도곡동에 서울 1호점시작하여, 사명을 ‘디딤이앤에프’에서 ‘선샤인푸드’로 변경 /출처 : 이코노미사이언스(https://www.e-science.co.kr).
​
[네이버 블로그] 금호김영집
https://m.blog.naver.com/yjsjhs
https://m.blog.naver.com/arangjoeul
https://m.blog.naver.com/bwiwd
​
https://story.kakao.com/kumhokyj/H3FdLP94Roa
​
https://story.kakao.com/kumhokyj/b1g5gi8kwn0
1/3
ㅡ食이 地名‘자리가 달라서 관계가다르다. 北京와 函谷關의 中国‘中華에 美‘味‘肉‘火食 /平壤와 Tokyo東京의 東國‘東明에 麥‘米’和食‘사시미(刺身, さしみ;회膾 or 鱠)
/(야생 염소의 서식지, 험준한 절벽와 바위가 많은 )산악지대와 흑염소‘ Black Goat,’黑山羊(or 黑羊)와 (야생 양의 서식지, 중앙아시아‘히말라야등 해발 1천~4천m의 험준한 )고산지대의 ’어린 양‘Lamb/’다 자란 양‘Mutton’에 [ 염소의 탕‘전골’수육‘무침’와 양고기의 (냄새 제거가 핵심. 올리브유와 큐민 가루를 발라 팬에 구워내는 )스테이크‘(핏물을 뺀 후 된장 양념으로 끓여내는 )전골 ]羊肉
/漢陽와 京城의 韓食(밥 중심의 한상차림)와 韓定食(일정한 가격에 여러 요리가 순서대로 나오는 서양식 서비스 방식이 접목된 형태)
/白頭大幹와 東海’西海‘南海의 玆山魚譜’山海珍味에 南道飯床와 “돼지, 닭, 오리는 대표적인 식용 가축 및 가금류[ 소’牛’Cow암소‘Ox황소/일소’Cattle(소 전체)’Beef(소고기)-돼지’Pig‘豚‘Hog‘Swine’Pork(돼지고기)-닭‘鷄’Chicken (닭/닭고기)-오리‘Duck’鴨 (오리/오리고기) ]의 육‘肉.
/동서양의 식문화.
>주식(밥 vs 빵/밀), 조리 방식(볶음/찜 vs 오븐/그릴), 식사 도구(젓가락 vs 나이프/포크)에서 큰 차이.
>동양은 쌀과 발효 장류 중심의 조화로운 식단 선호.
>서양은 육류와 유제품, 소스 중심의 개별적인 맛을 강조.
>동서양 식문화의 주요 차이점
• 주식과 식재료: 동양은 쌀(밥)을 중심으로 채소와 생선을 곁들인 식단,
서양은 밀(빵), 감자, 육류(소·닭)와 유제품을 주식.
• 조리법과 도구: 동양은 웍(Wok)을 사용한 센 불 볶음, 찜, 국/탕(수식·저식) 중심,
서양은 오븐, 프라이팬을 활용한 구이(직화)나 튀김, 소스 요리가 발달.
•맛의 원천: 동양은 장류(간장, 된장, 고추장)를 활용해 재료와 양념의 조화를 중시.
서양은 허브와 향신료, 버터 등을 활용해 주재료의 맛을 살림.
•식사 방식: 동양은 공동 반찬을 공유하는 문화가 발달.
서양은 개인별 접시에 요리가 제공되는 코스 요리 문화가 발달.
• 환경적 요인 : 이러한 차이는 동양의 고온 다습한 기후와 농경 사회, 서양의 평야지대와 목축 중심의 환경 등 지리적 배경에 기인.
출처;
동서양 음식문화의 차이 레포트(해피캠퍼스)
동양음식과 서양음식의 차이점 블로그(네이버)
동서양 식문화 이야기 1편(YouTube)
'밥과 빵' 주식문화가 낳은 차이(KCI)
'밥과 빵' 주식문화가 낳은 차이(Semantic Scholar)
[동서양의 음식문화의 차이(Professional Barbecuer)]
https://www.professionalbarbecuer.com/43/?bmode=view&idx=127980
​
ㅡ科學의 (자연의 이해‘Knowledge)探究가 工學의 技術와 다르고 機能의 匠人이 技術와 법률적관계가 달라서 관계가 같으나 다르다말하고있는데,
역으로 다른 “ 文學의 文人와 藝術의 藝人은 “ 科學와 工學 &機能 ”와 같다고 말하고있고, “藝人와 藝家 “는 자기와는 글자가 다른 “ 禮山와 禮唐 ”와도 같다고말하고있는데,
역으로 ” 文學의 文人와 藝術의 藝人은 文家와 藝家와 다르다 말한다. 같은데 무엇이 달라서 다르다 말하고 &다른데 무엇이 같아서 같다고 말하는가?.
​
ㅡ策士‘謀士’冊나무의 冊房‘書店&WORK’153UP의 다우’큰나무大木&ACE현암智山‘箕山/巨山RAON曉星‘DAON코오롱KOLON ‘158의 巨商GS大宇와 三星’曉山의巨龜‘巨象‘
​
아파트APT자리의 다우와 大德 &策士‘謀士’冊나무의 冊房‘書店 &,
“ 요양원의 사랑나무와 호텔나무‘HOTEL의 WORK’UP &아늑와 다우 &주상복합다세대와 오피스텔 ”자리의  [ "" 韓民族의 前進 “이라는 뜻의 ]韓進 &,
유성구봉명동 ‘장급여관[과거 20실 이상의 객실을 갖춘 2세대 대중 숙박시설, 1세대 여인숙에서 진화한 형태. 현재는 모텔이나 게스트하우스 등으로 리모델링 or 저렴한 장기 투숙(달방) 수요를 충족하는 숙박시설]와 유성CJ나인파크아파트자리의 153UP &다우와 DONUT &다복와 큰나무 &,
‘ 大木와 ACE &현암와 智山 ’의 다인와 다원 &,
‘箕山와 경동 &새마을’의 엔지니어링[ Engineering( 과학, 기술, 수학적 원리를 응용하여 산업 설비, 구조물, 시스템 등을 기획, 설계, 제작, 운영 및 유지보수하는 전 과정) ]와 사각‘입체’큐브(6개의 정사각형 면으로 이루어진 정육면체’Cube) &,
‘호텔와 오피스텔’자리의 “ 158Coffe와 巨商GS大宇와 曉山의 巨龜‘巨象와 다이소몰Daisomall[ 주식회사 다이소 산업(株式会社大創産業 )은 일본의 100엔 숍 다이소(ダイソー)를 운영하는 기업. 본사 일본 히로시마현 히가시히로시마시 ] ” &,
巨山의 RAON曉星와 巨星의 DAON코오롱KOLON.
​
•한자 표기: 智異山 (지이산)&읽기: 지리산
경상남도의 하동군, 함양군, 산청군, 전라남도의 구례군, 전북특별자치도의 남원시 등 3개 도, 5개 시군에 걸쳐있는 산이며 백두대간의 종점.
의미: 지혜의 산, 대승불교에서 지혜를 상징하는 문수보살이 머무는 산이라는 의미에서 유래했다는 견해가 지배적. 한국민족문화대백과사전.
과거에는 두류산(頭流山), 방장산(方丈山) 등으로도 불려. ‘智異'는 우리말 '지리'를 한자로 옮긴 음사(音寫)로, '지리하다(산이 높고 넓다)'는 뜻에서 유래했다는 설도 있음. 학술논문검색사이트 KISS.
​
•기산(箕山):
굳은 절개나 신념을 뜻하는 고사성어인 기산지절(箕山之節)에 사용. 箕 (키 기): 키, 곡식을 까부르는 도구, 성씨.
山 (뫼 산): 산, 뫼.
중국 요임금 시대에 허유가 은거했던 산에서 유래하여 속세를 떠나 절개를 지키는 곳을 비유. 기호일보
주요 성어: 기산지절(箕山之節): 기산의 절개. 외적 환경에 굴하지 않는 굳은 신념( 기산심해(氣山心海): 기산심해. 김포신문), 또다른 譏訕(기산): 남을 헐뜯는다는 뜻.
​
• 현
現 (나타날 현): 현재(現在), 현금(現金), 현장(現場)
玄 (검을 현): 현무암(玄武岩), 현묘하다(玄妙-)
賢 (어질 현): 현명하다(賢明-), 현인(賢人)
懸 (매달 현): 현수교(懸垂橋), 현상(懸賞)
弦 (시위 현): 현악기(絃樂器)
炫 (빛날 현): 현란하다(炫爛-) 나무위키
이 외에도 현(縣, 고을 현), 현(舷, 배 옆 현)등Wiktionary
​
•巨星(jùxīng); 천문학적으로 태양보다 반지름과 밝기가 훨씬 큰 별인 '거성(Giant star)'을 뜻 &연예/스포츠 분야의 '슈퍼스타(Superstar)'를 뜻. 연예계의 아주 유명한 사람을 지칭할 때 주로 사용. 비유적으로 큰 영향력을 가진 존재를 의미 Wiktionary, the free dictionary
산업/기업: 杭州 소재의 제조업 기업 巨星控股集团 (Great Star Group)巨星 集团.
동의어 (Synonyms): 슈퍼스타: 超级明星 (chāo jí míng xīng), 巨星 (jù xīng) /천문학: 거성 (巨星)巨星 集团
​
•다우와 ‘GOLD BOO’골드북서점(둔산선사점, 서구’둔산동 1002‘월평3동 월평북로 85).
다우(茶友); 차(茶)와 함께하는 벗을 뜻 &차를 마실 때 다판(茶盤)에 올려두고 차를 부어주는 도자기 인형.
다우(多雨); 비가 많이 내리는 것을 뜻
다우(多祐); 세상에 많은 도움을 준다'는 의미의 기업명
茶友 (차 다, 벗 우):
多雨 (많을 다, 비 우): 비가 많이 내림.
多祐 (많을 다, 도울 우): 세상에 많은 도움을 준다(다우기술).
多憂 (많을 다, 근심 우): 근심이 많음
​
• 큰나무와 책통책먹는 마법사‘여우‘배우“
• 부산현대미술관 책그림섬; 예술성이 ㅡ중략ㅡ
​
[네이버 블로그] 금호김영집
https://m.blog.naver.com/yjsjhs
https://m.blog.naver.com/arangjoeul
https://m.blog.naver.com/bwiwd
​
https://story.kakao.com/kumhokyj/8JFUKLGjkN9
​
https://story.kakao.com/kumhokyj/GKfkNfYWNOA
​
https://story.kakao.com/kumhokyj/1PUI9povMN9
2/3
ㅡ 중 략 ㅡ
​
• 큰나무와 책통책먹는 마법사‘여우‘배우“
• 부산현대미술관 책그림섬; 예술성이 뛰어난 팝업 북, 어린이를 위한 독립 출판물, 다양한 언어의 그림책 등을 소장
• 송파책박물관 책과 사람이 만나는 공간, 송파책박물관; 책 - 송파 책박물관 전시. 상설전시. 상설전시 · 북키움 첫 번째 전시 : 나는 동화 마을에 살아요
• 책먹는미술관의 아이들; 그림책을 통해 사고하고 상상하고 소통합니다. Story art factory · Our story · Plan & Vision
• 책먹는하마; 정약용의 초서(抄書) 기법과 OPRS-T(요약) 학습법을 활용해 초등학생의 문해력과 사고력을 키우는 연구 기반 독서논술 프로그램
• 현대어린이책미술관‘MOKA; 국내 최초 '책'을 주제로 그림책 관련 전시, 테마교육, 열린서재
대전학생교육문화원 중구 동서대로 1360
한밭도서관 중구 서문로 10 (문화동)
가오도서관 동구 동구청로 147(가오동)
갈마도서관 서구 신갈마로127번길 138(갈마동)
노은도서관 유성구 노은동로243번길 34(지족동)
석봉도서관 대덕구 대덕대로 1579(석봉동)
​
ㅡ세종시이름동의 “ iloom와 육회바른연어 &icom와 Urban &다짐와 홍대미대 “ /,
홍대개미와 홍대포차 &홍익인간와 홈플러스express &대덕프라자와 BK &홍루이젠와 홍한울짬뽕 &WOORASAN와 홍천식당(콩나물밥과 콩나물국밥 24시간 영업 맛집) &곱창고와 곱창군 /,
대한곱창와 NASA &(한신우동과 한신포차; 얼큰한 맛과 추억의 포차 감성을 공유하지만, 다른 브랜드로, 한신우동은 즉석 생면 우동과 돈까스를 주력으로 하는 식당, 한신포차는 닭발로 유명한 80년대 감성의 실내 포차 프랜차이즈)한신포차와 한신우동와 &/,
한신SMECA 대덕 비즈센터’와 나사볼트 &삼화문고와 성심49플란트치과의원(유성구 테크노중앙로 47)
​
ㅡ테트라포드(Tetrapod)
프랑스에서 개발된 주로 해안가 파도의 에너지를 분산 감쇄시켜 방파제와 해안을 보호하기 위해 설치하는 4개의 뿔 형태 블록모양의 콘크리트 구조물.
​
ㅡ‘아라'.
>>바다의 옛 순우리말, 감탄사, 혹은 고유명사로 사용. 주요 의미로 바다(고어)나 연못을 뜻. “어머나"", ""와""와 같은 감탄사로 쓰이거나, 일본 서브컬처에서 연상의 여성이 사용하는 ""어머 어머""라는 표현.  나무위키
>>사용 예시:
>순우리말/지명: 바다, 고대 가야의 일파인 아라가야, 또는 제주도의 아라동.
>감탄사: ""아라 아라""처럼 감탄이나 놀람을 표현 (주로 만화/애니메이션).
>브랜드/기업명:
•(첨단 AI 로봇 기술을 바탕으로 고객 맞춤형 솔루션을 제공하는 전문 기업; 충남천안시 동남구 풍세면 풍세산단로 233)주식회사 아라,
•(경북포항시 남구 상도로 42, 2층 상도동 /경기지사 : 안양시 동안구 흥안대로 427번길 38 성지스타위드)아라기술
•대학 정보 공유 플랫폼 '아라 https://www.a-ra.co.kr 대학시험의 모든 것 아라는 다 안다! · 정보를 누구에게나 공정하고 공평하게&선배랑 친해져야 받을 수 있는 돈을 주고 사야하는 족보는 그만.
>캐릭터/아티스트: 게임 《엘소드》의 캐릭터 '아라', 가수 '아라'. 출처: 대학시험의 모든 것,
> a-ra &(세종시와 대전시에서의 )“ 조아라 좋아라 GO-ARA고아라 T-ARA티아라 “.
>주)오복이야기 인천광역시 계양구 장제로 708 한샘프라자[ 오복솥뚜껑은
http://xn--9o0bu1mjtffmfnug.kr/
20년 요식업 경험의 노하우를 살려 4년 넘는 기간동안 테스트를 거처 한국의 전통 음식 문화와 현대적인 감각을 조화롭게 결합한 고깃집 브랜드 ]
오복솥뚜껑
구월점 인천 남동구 인하로489번길 28
홍대점 서울 마포구 잔다리로6길 35
홍대반가점 서울 마포구 어울마당로 116
목동점 서울 양천구 신정중앙로 101
영등포점 서울 영등포구 영중로4길 16-1
범계점 경기 안양시 동안구 평촌대로223번길 11
송내역점 경기 부천시 원미구 부일로 203
계양구청점 인천 계양구 도두리로 14 맘모스타운
연수구청점 인천 연수구 용담로118번길 21
송도타임스페이스점 인천 연수구 하모니로138번길 11
루원시티점 인천 서구 가정로 406 판매시설 A동
옥련점 인천 연수구 옥련로 45
일산라페스타점 경기도 고양시 일산동구 장항동 736-4
구로디지털점 서울 구로구 디지털로32나길 38
부평점 인천 부평구 시장로20번길 15
​
ㅡ(대전동구 대동 402 9번지)돈돼지삼겹살 (서울마포구 동교로 2362)꿀돼지집 (대전유성구 봉명동 564-19번지)유성꽃돼지한식 ‘충전돼지’ /대전세종의 ’홍익돈꺼스‘와는 또다른 글자관계 ’다돼지’가 나간자리에 ‘101번지 남신돈까스’가 들어섰다.
​
ㅡ‘다돼지'
1) '모두 돼지띠'를 의미하는 신년 문구,
2) 이경은 작가의 그림책 제목,
3) 고깃집 등 상호명으로 사용.
4) 잘 될 것이라는 격려나 풍요로운 황금돼지해의 의미를 담아 주로 사용.
www.chunsa.kr
부산 서면 등에서 운영 중인 얼리지 않은 고기를 판매하는 음식점.
5) 그림책: 아이들의 마음을 대변하며 마음껏 뛰어노는 내용을 담은 알라딘 도서 소개 및 교보문고 도서 소개.
6) 어원/활용: '다 돼지(모두 돼지띠)' 또는 '다 되지(모두 가능하다)'라는 뜻. 2019년 기해년 황금돼지의 해 등에서 격려의 문구로 활용됨.
www.chunsa.kr
​
ㅡ서구반석동의 MAYEYE MAYDAY MAHAIR BELLA MAXIMO GARAGE ‘ 꽃비네일와 서리서리국수 &홍문당와 책방‘굴슢 ‘ /서구관저동의 花雨林화우림 /‘서구탐방동의 꽃빛한방병원 /중구대흥동의 RAIN와 유성구봉명동의 홍인당한의원와 LINE &MAYHOTEL와 옛)홍인장‘(오피스텔 및 도시형생활주택)인 '유성 푸르지오시티[1976년 개장해 대전 유성온천 지역의 대표적인 온천 호텔로 사랑받았던 홍인호텔(구 홍인장)은 2011년 6월 35년 만에 영업을 종료했습니다. 폐업 후 해당 부지에는 지상 30층 규모의 복합주거시설]
​
ㅡ” (유성구지족역 옆 )에이치제이디자인디자인와 BAINDESIGN &만두레한우와 SIWOOTILE “에서 (노은역 앞 CGV자리에서 나간 만년닭강정와 함께 )김종구식맛치킨전기바베규옛날통닭관저점이 같이나갔다. “ 돼지고깃집와 돈까스가 &통닭와 차킨이 &고기와 회 &짬와 구이…..etc….등등….“관계가 갈라졌다.
​
ㅡ한반도전통무술의 “선무도 택견 태권도 수박치기 뫼한뭐루 ”가 ’몸와 마음’기공수련의 “마음수련 태극권 국선도 단월드 단무도 ”와 &, 격투기 “ 권투 유도 주짓수 합기도……가 스포츠구기종목의 ” 농구 축구 배구 야구 탁구….와 &, 검도와 관계가 다르다. 스포츠와 무술’무도가 관계의 조합이 다르다.
​
ㅡ유성구노은동의 YK와 CONIC골프 &SG골프와 GOLFZON GDR &HANARO골프클럽와 TRACKMAN GOLD &(주)OKONGTS와 포머스Fomers /,
봉명동커피와 파머스 ‘퍼스트와 View ‘머스트와 카이젠 ‘모스트와 ~
​
ㅡ(광수사 정수사 여래서 송광사….조계종 관계자리 )낚시와 골프가 “ (관계가 달라진 ) “ 피자스쿨와 피자머루 &만년닭강정와 (진강정 &)닭강정 &세탁(소)와 빨래방(판) ”와의 대전세종이 ” 관계의 조합이 달라져 “같은관계가 다툰다. 여기에 “ 고기명작와 고기카페 ”의 관계, ‘고기‘도 관계가 달라졌다.
​
ㅡ유성구구엄8통와 9통에서의 이튼외 중구선화동의 예일 &한울 한얼 한올 한진 한젼….등등에서,
현대HD의 정가왕갈비탕이 왕가봉의 한얼‘가이아Gaia의 관계가 달라졌다.
​
ㅡ이해윤추어명가‘YAMAHA &추어명장’테슬라 &애월한우‘렉서스 &HONDA’ㅡ중략ㅡ
​
[네이버 블로그] 금호김영집
https://m.blog.naver.com/yjsjhs
https://m.blog.naver.com/arangjoeul
https://m.blog.naver.com/bwiwd
​
https://story.kakao.com/kumhokyj/8JFUKLGjkN9
​
https://story.kakao.com/kumhokyj/GKfkNfYWNOA
​
https://story.kakao.com/kumhokyj/1PUI9povMN9
ㅡㅡㅡㅡㅡㅡ
1/3
https://story.kakao.com/kumhokyj/gMfLx7rz5oA
2/3
https://story.kakao.com/kumhokyj/KAyNmcE26Pa
3/3
https://story.kakao.com/kumhokyj/3ZJK5WuP3n9
​
ㅡ 중 략 ㅡ
​
ㅡ대전의 ’타이어뱅크와 GOOD타이어’자리의 “ ‘PLAN B’와 MK  ” 글자관계,
동구의 식장산&서구둔산동‘39desert /서구의 구봉산&서구가수원’양촌 /유성구의 왕가봉&유성구덕명네거리’가이아‘Gaia[ 그리스 신화 속 대지의 여신이자 만물의 어머니. 지구를 하나의 거대한 생명체로 보는 과학적 가설(가이아 이론)의 바탕이 되는 개념. 자연, 풍요, 대지를 상징. 환경 단체나 지구 환경을 논할 때 살아있는 생명체로서의 지구를 뜻하는 말로 사용&태초의 여신: 카오스(혼돈) 다음으로 탄생한, 스스로 태어난 대지의 여신으로 모든 신들과 만물의 어머니{ 동의어’Synonyms: 게Ge, 테라Terra, 텔루스Tellus‘등…}. 대지 그 자체를 의미. 상징: 땅 위에 거주하는 모든 생명에 풍요와 생명을 제공하는 존재 ]앞 ‘이해윤추어명가‘농부아들의 반찬가게 찬장’YAMAHA &/, (대덕구 신탄진로 512)김관식추어명장’테슬라 &(유성구봉명동 삼성홈플러스와 프리미엄 디저트 카페 브랜드 블레스롤‘Bless Roll 앞 )장흥‘애월한우‘렉서스 &(오토바이 )HONDA와 베지래빗804(舊 관저동 파머스마켓; 804명의 지역 농부들이 직접 생산한 신선한 농산물을 판매하는 대형 로컬푸드 직거래 장터입니다. 유성구 방동 지역 농산물을 포함해 가성비 좋은 농산물을 판매하며, 10년 이상 된 전문 업체가 품질을 관리하는 건강한 장소] /
ㅡ파머스161와 베지래빗804
베지래빗804‘프리미엄센터 유성구 아리랑로 18 원촌동 45-22
베지래빗804’골든필드(구암점) 유성구 유성대로 589 구암동
파운딩파머스 대전유성구 도룡동 4-9번지 지상1층
파머스마켓 대전중구 은행동 143-1
충청남도로컬푸드 파머스161 유성구도룡동
파머스161 서남부 유성구 도안대로 93
시티파머스 대전유성구 어은동 107
공주농협파머스마켓 충남공주시 번영1로 100·9.1 km
더 오리지널 파머스 마켓 6333 W 3rd St, Los Angeles, CA 90036 미국
​
ㅡ같은관계라도 ’자동차메이커별로,
써비스센타와 신차매장‘자리의 주변관계가 다르고,
‘국산/외국산’간의 ‘자동차와 오토바이’관계가 다르다.
>국산/외국산 오토바이;
디앤에이모터스(DNA Motors; 구 대림오토바이)‘KR모터스(구 효성기계공업/S&T모터스)’한솜바이크(Hansom Bike)’블루샤크 코리아(Blueshark Korea; 전기 오토바이 전문 브랜드) / &,
HONDA‘YAMAHA’Suzuki‘Kawasaki’Ducati ‘Triump‘Aprilia ‘Vespa’BMW Motorrad’Indian Motorcycle‘Harley-Davidson‘…..
>외국산 자동차;
BYD 대전매장[ 동구 용전동, 한밭대로 1227 ] /( 한국토요타자동차; 도요타 자동차가 100% 투자한 한국 법인, 서울중구 본사. 대전에서의, Lexus와 Toyota 브랜드판매하는 대한민국 공식 수입사. 도요타‘서구 벌곡로 1358 가수원동 474’&렉서스‘유성구 한밭대로492번길 1]도요타&렉서스 /(대전에서의 유성구 봉명동 612-1/대덕구 중리동 236-8)한성자동차’Mercedes-Benz‘ /[대전에서의, 유성구 엑스포로 1/유성구 한밭대로492번길 8/코오롱모터스]BMW /[폭스바겐그룹코리아(구 아우디폭스바겐코리아)독일 폭스바겐그룹의 한국 법인. 폭스바겐, 아우디, 벤틀리, 람보르기니 브랜드를 총괄. 2004년 설립되어 서울에 소재 ]Volkswagen(경기안양시 동안구 시민대로 361 평촌에이스타워) /[ 선인자동차. Sunin Motors.‘선인자동차 유한회사)]Ford Korea.
​
ㅡLH아파트의 Humansia’휴먼시아(인간을 뜻하는 Human과 대지를 의미하는 sia의 합성어)와
남광토건아파트의 하우스토리’Haustory(독일어로 집을 뜻하는HAUS(하우스)와 영어의 STORY(스토리)를 합성한 조어로써, '집 이야기'라는 뜻) &/,
” 유성구 ’덕명동의 박산(朴山)와 노은동/지족동일대(王駕山 or)王駕峰왕가봉‘ “자리의 ’가이아‘Gaia와
‘[벽이나 나무를 타고 올라가는 담쟁이덩굴을 뜻, 두릅나무과의 상록 덩굴식물. 관상용 식물, 호흡기 질환 치료제(거담제) 원료로 사용, '행운이 함께하는 사랑'이라는 꽃말. 미국 동부의 명문 사립대학들을 지칭하는 아이비리그(Ivy League)로도 쓰임 ]Ivy’아이비‘(세종시 )아이콤타워 [ 1생활권 아름동 ) &/,
(세종시)아이콤스타타워[ 3-3생활권. 소담동 한누리대로 2022 ]와 ‘아이누리’포털https://i-nuri.go.kr‘ &/,
’김천의 양고기 맛집‘(한국의 양 성씨. 梁, 楊, 樑, 襄 등에서의)양가양미’陽家羊味(&양가양미‘서구 둔산동 1457’둔산직영점; 삿포로식 양숯불구이 전문점)와 둔산현대아이텔’ &/,
(서구용문동 250-5/유성구봉명동…일대에 위치한 도시형 생활주택 및 오피스텔 브랜드)리베라아이누리와 ’PULL MOON‘농부아들의 반찬가게 찬장‘ &/….위 각 자리마다 아래의,
“ ABC “와 “ ACE; 테라노블에이스(TeraNobleAce)와 DPLACE &‘TOWSOME PLACE’와 ‘ACE AD’[ 1) 설치된 앱의 재참여를 유도하는 구글의 '앱 참여 캠페인(App Campaign for engagement, ACe)' 2) NHN ACE의 데이터 기반 타겟팅 광고 플랫폼인 '에이스트레이더(ACE Trader) ]…..etc…관계가 붙어서,
” ’(HIVE )하이브 ‘(D’HIVE )디하이브 ‘(DIAV )디아브 ‘히아브HIAB……“와의 관계의 조합이 달라서,
관계를 바라보는 ’자리와 방향’을 “달리한다.
​
ㅡ충북 괴산와 괴강
​
ㅡ고전와 현대에서의, 관계설정이달라서 다툰다.
“ 소설와 시인 &민화와 만화 &만화애니메이션Animation (or 만화영화’漫畫映畫)와 영화….
>김시습의 《금오신화》(만복사저포기, 이생규장전 등)
>채수의 《설공찬전》과 같이 저승 이야기를 다룬 한글 소설이 등장했으나, 금서로 지정되기도.
>「사씨남정기」 조선 후기에 서포 김만중이 지은 고전소설.
>김홍신 (사회비판·역사 대하소설)
인간시장 (1981): 부조리한 사회를 풍자한 한국 최초의 밀리언셀러. /대발해 (전10권): 민족의 자존심을 높인 대하역사소설.
>김진명 (팩션·안보 소설)
무궁화꽃이 피었습니다 (1993): 600만 부 판매된 대한민국 밀리언셀러. 고구려 (5권+): 팩트에 기반한 역사 대하소설.
​
ㅡ충북“괴산‘槐山; 槐회화나무 괴, 山뫼 산“&”괴강槐江; 槐’회화나무 괴, 江강 강”에서 “ 山와 江 ”글자가 달라서,
(괴산군 괴산읍 쏘가리길 43)아쿠아리움와 (괴산읍 충민로검승1길 6)괴산농업역사박물관이
(괴산군 칠성면 괴강로)농업회사법인괴산한우타운(주)와 (진천군 진천읍 문화10길 1)‘TYM 진천 종합 딜러점 농기계, 트랙터’와 관계가다르다.
충남‘논산論山와 晉州矗石樓‘논개論介[임진왜란 당시 진주성에서 왜장을 안고 남강에 투신한 의기義妓. 본명 주논개朱論介로 알려져] &“충청남도 금산군와 경상남도 남해군에 있는 금산 & 경상남도 진주시 금산면“은 같은가?.
​
괴강국민여가캠핑장 오토 캠핑장 괴산읍 충민로검승3길
괴강 토종어류체험관 괴산군 괴산읍 제월리 952
괴강354 커피숍/커피 전문점 괴강관광농원
충북 아쿠아리움 괴산군 괴산읍 쏘가리길 43
​
[네이버 블로그] 금호김영집
https://m.blog.naver.com/yjsjhs
https://m.blog.naver.com/arangjoeul
https://m.blog.naver.com/bwiwd
​
https://story.kakao.com/kumhokyj/CPZWJ1v9Un0
​
https://story.kakao.com/kumhokyj/H3FdLP94Roa
​
https://story.kakao.com/kumhokyj/b1g5gi8kwn0
​
042
+158
=200
+153
=353
+947
=1,300
+747
=2,047
+33
=2,088
.
.
.
947
-747
=200
.
.
.
31
+69
=100
.
.
.
11
+69
=180
.
.
.
69
-11
=58
.
.
.
11
+39
=50
.
.
.
11
+49
=60
.
.
.
39
+49
=88
.
.
.
49
+31
=90
.
.
.
55
+33
=88
+11
=99
.
.
.
66
+33
=99
+1
=100
.
.
.
ㅡ‘Belleposto' (또는 'Bel Posto')
•이탈리아어로 ""아름다운 곳""을 의미. 주로 와인 브랜드나 이탈리아 레스토랑의 이름.
•BelPosto Italian Wines (와인 브랜드): 이탈리아 전역의 아름다움을 공유하고자 하는 와인 브랜드. 특히 연한 황금빛과 사과 향이 특징인 'BelPosto Prosecco D.O.C.'
•Bel Posto Italian Cafe (음식점): 러시아 힘키(Khimki)에 위치한 이탈리아 및 일식 퓨전 카페.
•Bel Posto (미국 레스토랑): 미국 뉴욕주 완태그(Wantagh)에 위치한 레스토랑.
​
ㅡ‘鳳鳴(봉명)’; 주로 봉황이 운다는 뜻의 고사성어 봉명조양(鳳鳴朝陽)의 줄임말 출처;DBpia
1. 鳳鳴 (봉명)의 의미
뜻: 봉황이 산의 동쪽에서 운다.
상징: 봉황은 상서로운 상상의 동물로, 봉황이 운다는 것은 천하가 태평할 조짐이나 훌륭한 현인(어진 신하)이 나타났음을 의미합니다.
유래: 중국 신당서(新唐書)에서 유래하였으며, 어지러운 세상에서 소신 있게 직언을 하는 강직한 신하를 비유할 때 쓰입니다.  DBpia
2. 鳳鳴朝陽 (봉명조양)의 의미
봉황이 아침 해(또는 햇살)를 향해 운다는 뜻으로, 세상이 평화롭고 덕망 있는 지도자(혹은 신하)가 나타나 조화로운 세상을 이룬다는 뜻
​
ㅡ“ ~明”
>명명(鳴明): 울 명(鳴)자를 써서 '울어 밝힌다'는 뜻.
주로 닭이 울어 새벽을 알리는 것을 의미.
>덕명(德明): 큰 덕(德)자를 써서 '덕이 밝다'는 뜻.
인명이나 지명으로 자주 사용.
>동명(東明): 동녘 동(東)자를 써서 '동쪽의 밝음', 즉 떠오르는 해나 광명을 의미. 고구려의 시조 동명성왕의 명칭
>월명(月明): 달 월(月)자를 써서 '달이 밝음' 또는 '밝은 달'을 뜻. 신라 시대의 승려 월명사가 유명.
>홍명(紅明): 붉을 홍(紅)자를 써서 '붉고 밝음'을 뜻.
>이 단어들은 주로 한국이나 중국의 인명, 사찰 이름, 혹은 고전 문학에서 밝은 기운을 나타내는 표현으로 자주 등장.
​
ㅡ미식’美食‘味食‘(미숫가루를 뜻하는 미식)糜食 ‘화식’和食‘火食 ‘육식‘肉食  균식‘均食 ’호식’糊食 ’삼식‘三食 ’소식‘小食’대식‘大食 ’暴食‘폭식 ’단식‘斷食….. etc..등등 에서의, 인간 생활의 3대 기본 요소 의식주‘衣食住 중  “ 食~ ”.
​
[네이버 블로그] 금호김영집
https://m.blog.naver.com/yjsjhs
https://m.blog.naver.com/arangjoeul
https://m.blog.naver.com/bwiwd
​
https://story.kakao.com/kumhokyj/H3FdLP94Roa
​
https://story.kakao.com/kumhokyj/b1g5gi8kwn0
​
ㅡ세종시고운동남측.
디사이플교회DISCIPLE CHURCH ‘공감HAIR ART ‘INTERIOR IVORY SPACE ‘나이스애드 ‘(성악가‘김동규 Secret Garden 1집 수록곡 10월의 )어느멋진날‘ATELIER&SHOP ’(DADA)다다카츠‘다다 ‘여우쌤PT필라테스 ‘LA BELE HAIR ‘패밀리 집밥&도시락
​
ㅡ대전유성성구상대동&봉명동.
벨포스토Belleposto(한남대학교와 지족동1차’충남대와 봉명동일대 2~7차‘네번째이야기’등 다수의 도시형생활주택 및 아파트, 봉명동631-3 )벨포스토 네번째이야기 ‘올레국수 ‘교동면옥 ’스타벅스 ‘예일 ’(과거의 HD와 현재의 )HJ.
’[ (반석동646-7의 중식당)청린晴潾와 ’(서울중앙지방법원 및 안양지원)법무법인’청린&{ 인천서구 해삼건조 및 염장수산물 벤처기업 }(주)청린와 (게임/콘텐츠: 대항해시대 오리진의 캐릭터 )청린 &(리디북스의 로맨스 e북 제목 )청린와 {백석대학교 관광학부 학생회 이름(청춘의 이륙, 인생의 항해)의 }청린 &(반석동 042커피의 )다린와 ( 사바나와 초원 지대 서식. 세계에서 가장 키가 큰 육상 아프리카동물 포유류 )기린’African giraffe &{ 실제 동물 Giraffe이 아닌, ’동아시아 신화 속의 상상 속 동물‘四靈‘영물靈物-龍’鳳凰‘龜와 함께 ’어질고 상서로운 (인수仁獸)동물로 여기는 }麒麟와 {Asahi맥주 심볼 기린;麒麟Kirin, 아사히‘あさひ‘朝日/旭; ’아침 해' 또는 '아침 햇살’=‘떠오르는 해처럼 밝고 성실하다‘뜻, 떠오르는 태양을 형상화허여 붉은색 원형의 태양 모티브가 결합. ”아사히 수퍼드라이‘Asahi Super Dry )麒麟Kirin &(벨포스토‘Belleposto와 )KIRIN.
‘열린아카데미 투모어휘트니스 ’천안호두과자 ’[ CASA와 CASAMIA &’(서구둔산동 1356, 레지던스 호텔 라미아)Residence Hotel Lamia‘와 [그리스신화 속 포세이돈의 딸 &리비아의 여왕. 제우스와의 관계 때문에 헤라의 저주를 받아 아이를 잡아먹는 괴물이 된 인물. 상반신은 아름다운 여인 하반신은 뱀의 모습. 반인반뱀의 괴물(비스트맨)로 묘사. 밤에 출몰하여 젊은 남성을 유혹하거나 아이를 해치는 존재 ]라미아Lamia.
[ {대한민국 최초의 휴머노이드로봇 휴보HUBO와 }LH의 ‘인간Human+공간sia’= ]Humansia ‘포티엔차이나 ’유아이ui ‘맘e편한약국 ‘ROGERS로저스나인9골프아카데마 ‘오노크HAIR SHOP’ ’MEGABOX ‘LONG BEAUTY 롱뷰티 ‘SM+에스엠플러스수학학원 ’TOUSlesJOURS ‘(SMART와 GMART &영‘HOME MART와 )ORANGE MART.
​
ㅡ투모어휘트니스 본점
유성구 봉명동로 27 27 ‘구암동 615 17번지 ‘학하로 98 ‘지족동 901-2 ‘지족로 273 ‘서구관저동 1415번지 관저빌딩
​
ㅡ과거와 현재의 ‘예일~’
>유치원 어린이집 유성구교촌동627-1
>보습학원 사립학교 서구가장동
>이비인후과의원 동구대동148-59
>약국 계룡시
>모터스
차량 대리점 구도동
유성점 구암동615-27 ‘서구 구봉산북로7번길70-9
>학원
입시학원 변동 71-15
사립학교 서구탄방동 743번지
사립학교 중구부사동 142-9번지
영어회화 컬컴 둔산점 평생교육원 서구 둔지로 14
보습학원 중구중촌동 10-3
수학교습소 수학학교 서구가장동55번지 나르매1차아파트 유치원동
보습학원 사립학교 가장동
플러스학원 사립학교 대전유성구 관평동907번지 밸리타운
반석예일학원 입시학원 유성구반석동639-2
입시학원 대덕구오정동61-6
>토건
시공업체 산성동
(주)예일건설 시공업체 서구변동 5-38번지
(주)예일도장건설공사 시공업체 정림동 84
>전기
제조업체 서구갈마동407
전기 기사 대덕구대화동 530-4번지
제조업체 대화로120 가온비즈타워
명일전기 전자제품 판매점 대덕구대화동298-13
>기획
광고대행사 유성구궁동
광고대행사 동구용전동11-4번지
광고대행사 중앙동
>타일상사
지업사 벽지 판매점 대사동
욕실용품점 동구삼성동298-8
>스터디카페 카페 서구가장동 55번지 나르매1차아파트
>서울예일치과의원 치과의사 은행선화동
>방사선과전문 병원 대전 신탄진동 행정복지센터
>정보통신 도마1동
>공인중개사사무소 부동산 중개 사무소 대사동
>법무법인(유한) 예일법조 대전분사무소 법률 사무소 둔산동 둔산로123번길21 엠시티타워
>건축사사무소예일 건축 설계사 서구둔산1동 1476
>주)예일홀딩스 부동산중개사무소 중구오류동188 25번지
>주)예스틸 철강대리점 죽동
​
ㅡ종교의 誡命계명와 불교의 (法名 or 法號)戒名 &,
(닭 울음)鷄鳴와 (鳳凰;수컷鳳와 암컷凰 한쌍 봉황 &鳳鳴朝陽의 줄임말 )鳳鳴 (밝은 기운을 나타내는 표현되는 ~ 明 ;)鳴明‘德明’東明‘月明’紅明‘鳴明‘洪明
>洪明商街; 1974~2009년 중동 목척교 위에 있었던 옛 쇼핑타운.
>洪明商會; 오류동 및 봉명동에서 뭉티기, 육사시미 등을 판매하는 유명 음식점.
​
ㅡhttps://sgsg.hankyung.com/article/2025011726421
함곡계명函谷鷄鳴; 函谷關[전국시대 진秦시대 산동(山東)6국으로 통하던 험하기로 유명한 관문‘天下第一險關]의 닭 울음소리’라는 뜻으로, 비굴하게 남을 속이는 하찮은 재주나 그런 재주를 가진 사람을 이르는 말. 하찮은 재능도 때로는 긴요하게 쓰인다는 긍정적 의미로도 사용.
​
ㅡ’PULL MOON’와 ‘농부아들의반찬가게찬장‘의 자리,
“ [ 대전원예농협‘새산성지점(중구문화로 26) /대전원예농업협동’석교지점(중구석교동 59-12) /대전원예농협‘서대전지점(중구오류동171-29’계백로1685번길 41‘박인복골프스쿨) /원예농협유통(유성구 학하동 ) &]대전원예농협’둔산로지점(서구문정로 136 탄방동)와
[ 경기‘고양시 일산서구 대화로362(구:대화동 2324)일산서구 화훼 전문 농협’화훼농협‘본점 &](유성구 노은동 113-2 ‘탄방점-대전서구 탄방로51)한국화훼농협의 美와 味 &,
유성구봉명동의 ’약손마사지와 [ 아름다울 미; 아름다움, 곱다, 美國 ]美와 味[ 맛 미; 맛, 취미, 기분 ]와
[ ‘유성구문화원로6번길 114 장대동‘솟대와 천하’대장군여장군’장승‘자리의 ’KOREA한옥Hotel’만월(滿月, Full Moon)’ &,
[ { 대덕구한밭대로 1133 중리동’상생방송(주) }STB상생방송와 (대덕구중리로75번길 22-19&한밭대로1149)회덕농협중리지점 인근 ]일본료칸재현테마형숙소‘유카타제공‘대덕구중리동402-8번지’만월호텔중리점와 (대종로460번길 29‘브라운도트호텔 대전역점 /대흥동 92-1‘크리스탈 레지던스호텔’와 인접한 &)‘대흥로165번길 35’만월호텔대흥점‘의 美와 味 &,
세종시고운동남측‘금성갤러리작명원’한진서세종대리점‘한솔플라톤‘켈리다움’의 ’米[쌀 미&Meter의 음역{기호‘m{국제단위계SI’에서 길이나 거리를 측정하는 기본 단위) }미터meter ]와
未[ 아닐 미, 아직 ~하지 못하다. 미래未來 ]의 (교재 출판 전문 기업 ’Mirae N Books Co,Ltd‘)(주)미래엔 &,
迷[ 미혹할 미, 미혹하다, 헤매다, 미신迷信; 기독교 맥락에서 이단Heresy과 미신Superstition은 정통 교리에서 벗어난 신앙 형태를 지칭. 기독교의 기본 교리인 삼위일체, 예수 그리스도의 신성과 인성, 성경의 권위, 구원관 등을 부인하거나 왜곡하는 집단 또는 가르침 ]의 (타 종교가 이단시하며‘대치하는 민족종교)단군신화‘한민족 건국 이야기’환웅‘弘益人間’在世理化‘고조선건국’인본주의·이타주의사상‘민족 종교의 뿌리 신앙’甑山道‘水雲敎‘天道敎‘天父敎‘大巡眞理會‘宣敎‘,
위 자리마다 동일하고 같은관계가 있으나 다른 관계와의 관계맺음‘조합이 다르다.
​
[네이버 블로그] 금호김영집
https://m.blog.naver.com/yjsjhs
https://m.blog.naver.com/arangjoeul
https://m.blog.naver.com/bwiwd
​
https://story.kakao.com/kumhokyj/3LAXMT7skN9
​
ㅡ사람은 같은것을 같지않다고 말한다, 인간은 무엇을가지고 무엇이 같지않다고 다투고있는가?.
장애인와 비장애인 &건걍한사람와 Patient환자(는 의료 환경 내에서 '관리 및 치료 대상'이라는 의미 &Sick person/Patient병자는 '병을 앓는 신체 상태'에 초점)에서의 ‘人相着衣인상착의‘에 든 ‘身體構造신체구조’에 관계가 들어가있다.
관계가 다르다고, 인간은 단순히 자기자신과 ‘人相着衣와 身體構造’가 다른이유를가지고, 겉모습으로 사람을 평가하고 차별하며 차등을 둔다.
같은 인간이 무슨 관계가 다르고 어디와 어떻게 달라서 다투고, 의샤외 한의사 &수의사도 다툰다.
여기에 “ ’신神‘God유일신’Deity일반적인 신‘Spirit영적인 존재나 자연의 신’Theos그리스어 어원’ ”의 존재여부를가지고 종교가 다툰다.
종교와 인간은 무엇을가지고 다투고있는가?.
글자와 문자에 관계가 들어가있다.
그 글자와 문자들이 달라서 그래서 ‘草根木皮와 人相着衣 &身體構造외 耳目口鼻‘ 문자를가지고, 한글와 한자 &(또다른 여러)외국어를가지고 ’나와는&우리와‘는 다르다고, 관계가다툰다.
그래서 한 일례로 위 인상’人相이 역도의 “ 인상Snatch; 바벨을 한 번의 동작으로 머리 위까지 들어 올려 일어서는 기술 위주의 종목 /용상Clean & Jerk; 바벨을 어깨에 한번 멈췄다가 두 번에 걸쳐 머리 위로 드는 힘 위주의 종목 “와, 관계가달라서 다툰다. 그래서 수학의 약수約數가아닌,
“ 藥水와 聖水 &聖洙와 湖水 &生水 “가 &온천溫泉와 원천源泉의 관계와 달라서 다툰다.
​
ㅡ사람의 이목구비(耳目口鼻, 귀, 눈, 입, 코 /얼굴의 전반적인 생김새와 인상을 결정하는 핵심 요소)가 하나라도 없으면 절대로 살아갈 수 없는 핵심요소.
>외부의 ‘얼굴face’의 머리와 목‘몸통’팔 2개‘다리 2개’사타구니의 생식기‘에,
>내부의 ’내장’근육‘뼈’혈관‘혈액’체액‘신경계’등으로 구분.
•외과와 내과의 핵심 차이‘치료 방법'에 따라,
내과는 약물, 주사, 내시경 등으로 몸 안쪽의 장기 질환을 치료,
외과는 수술, 절개 등의 물리적인 방법을 통해 질병을 치료. 출처; 나무위키.
​
ㅡ기독교(개신교)와 천주교(가톨릭)에서의 예수상과 성모상을 대하는 관점과 수인(손 모양, 손가락 동작)의 의미.
>종교적 전통과 교리에 따라 큰 차이를 보임.
1. 예수상과 성모상에 대한 관점 차이
-천주교(가톨릭):
성상(예수상, 성모상 등)을 공경의 대상.
성상은 그 자체로 숭배의 대상이 아니라, 성인이나 하느님을 기억하고 덕행을 본받게 하는 상징물.
십자가에 예수님이 못 박혀 있는 '십자고상'을 사용하여 구속의 의미를 강조.
-기독교(개신교):
성상 제작 및 공경을 우상숭배로 간주.
교회 내에 성상을 두지 않는 것이 일반적.
따라서 십자가에 예수상이 없는 빈 십자가를 사용.
부활의 의미를 강조. YouTube
2. 성상 수인(손 모양)의 의미
예수님이나 성모상의 수인은 단순히 손 모양을 넘어 그분이 하시는 말씀이나 영적인 의미를 전달.
​
ㅡ불교 수인은 부처와 보살의 깨달음과 공덕을 손 모양으로 나타낸  석가모니의 대표적인 근본 5인.
>선정인,
>항마촉지인,
>전법륜인,
>시무외인,
>여원인.
>기타, 비로자나불의 지권인, 아미타불의 미타정인 등.
>불상과 수인, 핵심 수인 종류 및 의미.
•선정인(禪定印) (Dhyāna Mudra): 부처가 명상에 잠겨 마음을 집중한 상태를 상징.
결가부좌한 무릎 위에 손을 놓고 두 손바닥을 위로 하여 포갠 형태.
•항마촉지인(降魔觸地印) (Bhūmisparśa Mudra): 석가모니가 마귀를 항복시키고 깨달음을 얻은 순간,
지신(地神)에게 이를 증명하는 손 모양입니다. 오른손을 내려 땅을 가리킴.
•전법륜인(轉法輪印) (Dharmacakra Mudra): 깨달음의 진리를 전하는 설법의 모습을 상징.
두 손을 가슴 앞에 두고 양손의 엄지와 검지를 맞대어 법륜(진리의 수레바퀴)을 형상화.
•시무외인(施無畏印) (Abhaya Mudra): 중생의 두려움을 없애주고 위안을 주는 수인.
손바닥을 밖으로 향하게 하여 어깨 높이까지 올린 모양.
•여원인(與願印) (Varada Mudra): 중생이 원하는 바를 들어준다는 의미.
손바닥을 밖으로 하여 아래로 내린 모양입니다. 보통 시무외인과 짝을 이룸.
•지권인(智拳印) (Bodhyagrī Mudra): 비로자나불이 결하는 수인.
이(理)와 지(智), 중생과 부처가 하나임을 나타냅니다. 가슴 앞에서 오른손으로 왼손 검지를 감싸 쥔 모양.
•미타정인(彌陀定印) (Amitābha 定印): 아미타불이 결하는 선정인의 변형.
양손의 엄지와 검지를 맞대어 엄지끼리 맞닿게 하여 무릎 위에 둠.
•이외에도 논의인(論議印), 천지인(天地印) 등.
시대와 불상에 따라 다양한 수인이 존재.
​
http://www.ibulgyo.com/news/articleViewAmp.html?idxno=206857
​
[청년을 위한 불교기초강의] <64>
불상 손 모양이 각기 다른 이유?
​
2020-07-04
​
이정우 군법사ㆍ육군 대령
​
Q    불상을 자세히 살펴보면 부처님의 손 모양이 매우 다양하던데, 손 모양이 각기 다른 이유는 무엇인가?
​
불상은 자세와 손 모양 이용해
중생과 소통하기 위한 뜻 담아
​
A    각 사찰에 모셔져 있는 불상을 살펴보면 서 있는 불상·앉아 있는 불상·누워있는 불상 등을 볼 수 있고, 각 불상의 손 모양도 다양함을 확인할 수 있습니다. 서 있는 불상 중에 우리에게 가장 친숙한 불상은 아마도 탄생불인 아기부처님상일텐데, 이 탄생불은 오른손으로는 하늘을, 왼손으로는 땅을 가리키고 있는 모습으로 누구나 ‘천상천하 유아독존 삼계개고 아당안지’를 외치고 계시는 모습이라고 짐작하게 됩니다.
​
이처럼 불상은 자세와 손 모양을 이용하여 전하고자 하는 메시지를 표현하고 있는데, 특히 손 모양으로 메시지를 전달하는 방법을 수인(手印)이라고 합니다. 이 수인이 각기 다른 것은 전하고자 하는 메시지가 다양하기 때문입니다.
​
각 사찰에는 석가모니부처님 외에 다양한 부처님을 모시고 있다는 사실을 알고 계실 것입니다. 건물의 현판을 보면 어느 부처님이 모셔져 있는지를 알 수 있습니다. 대웅전에 모셔진 불상은 석가모니이고 극락전·아미타전·무량수전에는 아미타불이, 약사전에는 약사불이, 미륵전·용화전에는 미륵불이, 대적광전·화엄전·비로전에는 비로자나불이 봉안되어 있습니다.
​
그리고 현판 외에 불상의 손 모양을 보고 어느 부처님인지, 어느 보살님인지를 알아볼 수 있습니다. 불·보살님들은 각자 독특한 수인과 계인(契印)을 하고 계시기 때문입니다. 계인이라는 것은 수인과는 또 다르게 손에 무언가를 들고서 자신의 특징을 나타내 주시는 것을 말합니다.
​
석가모니부처님의 손 모양은 주로 선정인, 항마촉지인, 전법륜인, 시무외인, 여원인이라는 다섯가지 수인을 기본으로 합니다. 수인은 불·보살의 생애와 역사, 교리적인 의미까지도 내포하고 있기때문에 불·보살의 이름과 그 교학까지도 짐작케 해주는 역할을 합니다.
​
지권인(智拳印)이나 법계정인을 한 불상은 비로자나불로서 그의 특징과 가르침을 형상화한 손 모양이며, 아미타불을 나타내는 손 모양은 미타품인이라 하여 9가지의 성품을 지닌 모든 중생을 다 구제하고자 하는 의미를 담고 있습니다. 그리고 약사불은 약함을, 관음보살은 정병이나 꽃을, 지장보살은 보륜이나 석장을, 신장들은 금강저나 보탑 등을 한 손에 든 계인을 취하고 있습니다.
​
이처럼 불·보살님들의 손 모양과 들고 있는 물품이 각기 다른 이유는 여러 불·보살님들이 다양한 메시지를 중생들에게 전하고자 하는 마음이 표현된 것으로, 현대의 수화(手話)처럼 비록 말 못하는 불상이지만 지금의 중생들과도 소통하고 가르침을 전달하고픈 불·보살님의 깊은 의도가 담겨있다고 볼 수 있습니다.
[불교신문3595호/2020년7월4일자]
​
[네이버 블로그] 금호김영집
https://m.blog.naver.com/yjsjhs
https://m.blog.naver.com/arangjoeul
https://m.blog.naver.com/bwiwd
​
https://story.kakao.com/kumhokyj/3LAXMT7skN9
​
https://story.kakao.com/kumhokyj/1Iu331dHPN9
​
https://story.kakao.com/kumhokyj/H3FdLP94Roa
​
https://story.kakao.com/kumhokyj/b1g5gi8kwn0
​
ㅡ” 문자/철자 →단어 →문장 →문단 →글  →문장 “속에는 고래적 과거에서도 법률적인 ‘사람와 사람’간의 관계關係가 들어가있었고,
그 인간관계에 속에 ‘업종와 직종&벌인일와 하는일‘에서의 Work業업Job와 일’Business’Industry에 관련된 금융Monetary‘통화' 시스템Currency와 Money錢돈Cash가 걸려있었다.
​
ㅡ관계關係란 ?.
>>둘 이상의 사람, 사물, 현상이 서로 관련을 맺고 있는 상태. 빗장 관(關)과 이을 계(係)로 이루어져,
서로 닫고 여는 빗장처럼 연결되어 있다는 의미를 내포. 출처‘대한민국 정책브리핑
>關 (관계할 관/빗장 관): 문빗장, 잠그다, 관계하다 /
係 (이을 계): 잇다, 매다, 연결하다. 출처’나무위키
>關(관): '문(門)'을 빗장으로 닫는다는 뜻에서 파생되어, 서로 닫혀 있거나 얽혀 있는 관계.
>係(계): 사람(亻)이 이어져(系) 있다는 뜻.
서로 묶여 있는 유기적인 연관성을 나타냄. 대한민국 정책브리핑
>즉, 關係(관계)는 서로가 서로에게 영향을 주고받거나 연관되어 있는 상태.
​
ㅡ문자 (Character/Letter): 언어의 소리나 뜻을 기록하는 가장 작은 기호 단위. (예: 한글 'ㄱ', 영어 'A', 한자 '日')
>>글자 (Letter/Character): 문자와 혼용되기도 하나, 주로 소리를 나타내는 문자(letter)나 뜻을 가진 글자(character)를 통칭.
>>철자 (Spelling): 단어를 구성하는 알파벳이나 문자들의 배열입니다.
예: 'Apple'의 철자는 A-p-p-l-e입니다.
>>단어 (Word): 하나 이상의 글자가 모여 의미를 가지는 독립된 언어 단위.
>>문장 (Sentence): 단어들이 모여 주어와 동사를 갖추고 완전한 생각이나 의미를 전달하는 최소 단위.
마침표(.), 물음표(?) 등으로 끝남. YouTube
>>한국어와 영어의 구성 비교
>영어: 알파벳(문자)이 모여 철자를 이루고,
철자가 모여 단어가 되며, 단어들이 모여 문장이 됨.
>한글: 자음과 모음(문자)이 모여 하나의 글자(음절)를 이루고, 글자가 모여 단어가 됨. YouTube
>>언어별 특징
>영어: 26개의 알파벳을 기반으로 하며, 대소문자(Uppercase/Lowercase) 구분이 중요.
>한자 (Chinese Characters): 표의문자(뜻글자)로, 각 글자 자체가 하나의 의미를 가짐. 한글 텍스트 내에서 의미를 명확히 하기 위해 혼용. Oracle Help Center
>>문장을 구성하는 핵심 요소:
주어(S), 동사(V), 보어(C), 목적어(O), 수식어(M)
​
ㅡ음와 양, 해와 댤, 흑와 백, 낮과 밤, 빛와 그림자.
>>옛 속담에,
•(산의 높이가 골짜기의 깊이와 비례하듯, 뜻이 크고 높으면 생각이나 고뇌도 깊다)산이 높으면 골이 깊다. /
[급격한 상승이나 번영 후에는 그만큼 깊은 하락이나 시련이 찾아온다는 의미로 긍정적인 면(빛)이 강할수록 그 이면의 부정적인 면(그림자) 역시 짙어진다는 교훈적 의미로 사용 & 주식이나 상황 변화에 대한 경계로도 자주 쓰임. 나무위키]빛이 밝을수록 그림자는 어둡다.
•(Peak‘피크)산봉우리와 [谷골 곡: 골짜기, 산 사이의 패인 곳 ]溪谷계곡(시내溪가 흐르는 골짜기谷, 谷間곡간: 골짜기 사이. 출처:사이버서당)
•Valley: 가장 일반적인 골짜기, 계곡
•Gorge’Canyon: 좁고 깊은 골짜기‘협곡
•Hollow: (산속의)움푹한 곳‘작은 골짜기
•Gulch: (주로 미국 서부)좁고 깊은 골짜기
>골짜기 사이로 물이 흐르는 모습을 본뜬 상형문자에서 유래 /기상용어로 기압골(氣壓谷)과 같이 움푹 패인 곳을 뜻할 때도 谷을 사용. 출처:사이버서당
>>陰陽五行
>동양 철학의 기초로, 우주 만물의 변화를 대립과 조화의 음양陰陽과 목木‘화火’토土‘금金’수水 다섯 가지 기운.
>동양 철학의 핵심인 음양(陰陽) 사상을 가장 잘 나타내는 대립적이고 보완적인 자연 현상과 개념들.
해/낮/양과 달/밤/음은 서로 조화를 이루는 관계.
>해 (陽 - 양): 빛, 열기, 낮, 따뜻함, 남성, 앞면, 남쪽, 능동적인 힘을 상징
>달 (陰 - 음): 어둠, 한기, 밤, 차가움, 여성, 뒷면, 북쪽, 수동적인 힘을 상징
>음양 (陰陽): 우주 만물이 두 가지 상대적인 기운(음과 양)의 대립과 조화를 통해 존재한다는 원리
>흑백/낮밤: 낮과 밤처럼 서로 대응하는 자연 현상에서 출발하여, 밝음(낮)과 어둠(밤)의 상대적인 관계를 나타내는 흑백 논리처럼 우주의 본질적인 극성을 의미. namestory.kr
​
ㅡSUN&MOION와 해오름&달오름.
>>일출: 해돋이, 해가 뜸, 日出 /
일몰: 해넘이, 해가 짐, 日沒. 출처:Wikipedia
>>해돋이의 日出일출Sunrise(태양의 맨 윗부분이 수평선이나 지평선에 처음 나타나는 순간)와
해넘이의 日沒일몰Sunset(태양의 맨 윗부분이 수평선이나 지평선 아래로 완전히 내려가 사라지는 순간)
>새해/명소: ""동해안 정동진에서 2026년 첫 일출을 보며 소원을 빌었다.""
>풍경/여행: ""제주도 서쪽 바다에서 붉게 물드는 일몰을 감상했다.""
>시간 정보: ""내일 서울의 일출 시각은 오전 6시 30분, 일몰은 오후 7시입니다."" 나무위키
>>달의 위상별 한자 및 영어 정리
>초승달 (初生달,초생달), Waxing Crescent Moon (차오르는 모양)
>상현달 (上弦달 - 반달), 상현上弦, First Quarter Moon (상현반달)
>보름달 (望/滿月), 망 (望), 만월滿月, Full Moon
>하현달 (下弦달 - 반달), 하현下弦, Third Quarter Moon, Last Quarter Moon
>반달 (Half Moon): 상현과 하현을 통칭하여 부를 때 사용하며, 1/4씩 찼다는 의미(=Quarter moon)
>Waxing: 달이 차오르는 것 (초승달~보름달) &, Waning: 달이 기우는 것 (보름달~그믐달)
>” ‘(어떤 방해에도 진실과 민주화는 온다는 관용구로 인용 /거꾸로 강을 거슬러 오르는 저 힘찬 연어들처럼‘강산에의 노래 ‧ 1998년 /검단사거리 맛집 등 '새벽닭 옛날통닭'과 같은 옛날 통닭 전문점 상호명 )‘닭의 목을 비틀어도 새벽은 온다’ “
•새벽닭은 빛에 민감한 수탉이 어두운 새벽(보통 4~5시)에 송과체 호르몬 분비로 동쪽의 빛을 감지해 우는 것을 의미하며 아침을 알리는 상징으로 사용)
>강산에의 노래 '거꾸로 강을 거슬러 오르는 저 힘찬 연어들처럼'과 김영삼 전 대통령의 명언 '닭의 목을 비틀어도 새벽은 온다'는 표면적으로는 서로 다른 맥락(예술 vs 정치)에서 나왔지만, ""가혹한 시련과 압박 속에서도 굴하지 않고 나아가면 결국 진실과 정의(희망)가 승리한다""는 핵심 주제의식에서 깊은 연관성을 가짐.
​
ㅡ도시의 구분.
>규모와 인구수에서의 구분: 시티(City), 타운(Town), 빌리지(Village)
>발전 수준: 시티(최고) > 타운 > 빌리지(최저)
>행정 구분(미국 예시): 카운티(County) 아래에
시티, 타운, 빌리지가 포함되는 구
>(주상복합 &)APT아파트가아닌,
•일반 1세대 단독주택
•다가구주택: 3층 이하&19세대 이하
•다중주택: 3층 이하, 연면적 660㎡ 이하. 하숙집 형태, 취사 시설 설치 불가
•연립주택: 4층 이하, 연면적 660㎡ 초과
•빌라(다세대주택): 4층 이하, 연면적 660㎡ 이하
•주거용 오피스텔 (아파텔)
•도시형 생활주택
•기숙사/고시원
​
[네이버 블로그] 금호김영집
https://m.blog.naver.com/yjsjhs
https://m.blog.naver.com/arangjoeul
https://m.blog.naver.com/bwiwd
​
https://story.kakao.com/kumhokyj/3LAXMT7skN9
​
https://story.kakao.com/kumhokyj/1Iu331dHPN9
​
ㅡ강남빌딩(세종시‘마음로 272-9)와 강남358타워(구,덕흥빌딩. 서초구 강남대로 363. 서울강남구 역삼동 826-14) /[ 약수Divisor/Factor; 어떤 수를 나머지 없이 나누어떨어지게 하는 수입니다. 1은 모든 수의 약수이며, 모든 수는 자기 자신을 약수로 가집니다. 약수 구하기는 곱셈식, (약수 1, 3, 9, 17, 51, 153 총 6개의 )153’일오삼’와 ]158‘일오팔‘{ 157보다 크고 159보다 작은 자연수. 합성수로, 소인수분해하면 2×79, 약수는 1, 2, 79, 158로 총 4개이며, 이들의 합은240(<316=2×158) }
ㅡ미래엔; 대한민국의 교과서 전문 출판사. 전신인 대한교과서까지 포함한다면 교과서 전문 출판사 중에서도 가장 역사가 오래된 곳. 미래엔 컬쳐그룹‘미래엔서해에너지’전북도시가스 계열사. 국정교과서(충남연기군 동면 내판리 산 25-1, 현 세종특별자치시 연동면 내판리 152번지)
ㅡQMIR(큐미르; 아소비교육이 만든 초등 3~6학년 전문 읽기 전략 브랜드로, 문해력 향상과 구조적 읽기를 통해 학습 자신감을 높이는 특허받은 교육 프로그램)
ㅡ미르‘MIR[용龍의 우리말 고어, 미리내(은하수, 용이 사는 강이라는 뜻)와도 관련 /’러시아어 'Mir' (평화/세상) /가수 미르‘방철용; 2009년 엠블랙(MBLAQ)으로 데뷔한 래퍼, 현재 유튜브 및 방송 활동을 하는 유튜버 /미르의 전설 2/4: 위메이드의 장수 무협 MMORPG 게임 시리즈, 최신 업데이트와 이벤트를 활발히 진행 중. /스튜디오미르: 넷플릭스 등 글로벌 시장을 주력으로 하는 대한민국의 애니메이션 제작사 ]
ㅡ(용암마을의 영남용바위와 고흥우주발사전망대 두 지점을 연결한 &용을 뜻하는 순우리말인 미르와 꼭대기‘정상을 의미하는 마루가 합쳐진 지명)미르마루길 용바위하늘길(전남고흥군 영남면 우천리 산155-2 하이킹코스) ]
ㅡ한미르; 청신레저㈜ 한미르대덕CC(대전유성구 테크노중앙로 210)와 [대전유성구 테크노중앙로 123 3층 식당가 ]Chai797 Plus 대전현대아울렛 &모던차이(문지로299번길 86-5 중국집)‘왕궁중화요리(엑스포로539번길 245)’이비가짬뽕(대전관평동)‘몽콕(대전관평동베이징덕, 홍콩식)‘미몽 대전관평점(대전관평동짜장면, 중국집)‘(세종시나성동의 청미관와 우미관(구즉로 89-1, 대전유성구중국집, 중식)‘중국성(대전짜장면, 중국집,대덕구 신탄진로 236)‘삼백도(대전관평동짜장면, 중국집, 유성구 관들3길 33)
ㅡPURPLANG; 세종 고운동 위치 프리미엄 영수학원.
학원 내 (고대 그리스 문헌 등에서 실제 존재하는 동물처럼 묘사된 것이 시초이며, 이후 중세 유럽 등에서 전설적인 동물/유니콘은 현실에 없지만, 일각고래(Narwhal)가 '바다의 유니콘'으로 불리기도 /유니콘은 신화와 동화 속에서 꿈과 희망을 상징하는 대표적인 환상종 )유니콘 테마: 학원 내에서 'Rainbow purple unicorn', 'Santa Unicorns' 등 유니콘을 테마로 한 프로그램이나 팀 이름을 사용. 스토리텔링 장치를 통해 아이들과 유니콘의 우정을 다루는 감동적인 교육 환경을 제공
ㅡ몬스터MONSTER(상상 속의 괴물·마물, 또는 엄청나게 크거나 성능·효과가 굉장한 물건을 지칭하는 단어; 1 영화; 2 드라마; 3 음악; 4 우라사와 나오키의 만화; 5 기타; 6 영화 /충남보령시 청라면 내현리 514-12 그린몬스터즈 /
GENTLE MONSTER SHINSEGAE DEPARTMENT STORE DAEJEON(선글라스 판매점, 유성구 엑스포로 1) /몬스터커피 대전도안우미린점(커피숍/커피 전문점, 서구 원도안로 51 성광타워) /시애틀몬스터1706 SEATTLEMONSTER1706(그릴, 충남아산시 둔포면 아산밸리중앙로 80-26) /몬스터팩토리(금속 공방, 유성구노은동로75번길 89)
ㅡ매디캐치[의원’내과‘세종NS타워‘세종시고운동1378 /(주)메디캐치(경기 군포시 산본로, 표준산업분류, 의료기기 도매업G46592)
ㅡ메디치가(이탈리아어: Medici; 13세기부터 17세기까지 피렌체에서 강력한 영향력이 있었던 귀족 가문) 마이스터 마이스 마이카 베네치아가문[주로 동방 무역으로 막대한 부를 쌓아 공화국의 도제(통치자)와 귀족을 독점했던 상인 귀족층]
ㅡ베니스(Venice)와 베네치아(Venezia)
•이탈리아 북부에 위치한 동일한 물의 도시를 가리키며,
언어적 차이일 뿐 실질적인 차이는 없음. 영어로는 베니스, 이탈리아어로는 베네치아.
•베네치아 (Venezia): 이탈리아어 현지 명칭
•베니스 (Venice): 영어권에서 부르는 명칭
•특징: 유네스코 세계문화유산으로, 자동차나 자전거 없이 배와 도보로만 이동하는 독특한 수로 도시로, 같은 곳을 뜻.
ㅡ베네치아의 주요 가문 및 특징
>정치 및 도제 배출 가문: 파르테치아코 가문 (Parteciaco): 9~10세기 수많은 도제와 성직자를 배출한 초기 핵심 가문.
>단돌로 가문 (Dandolo): 4차 십자군 전쟁을 주도한 엔리코 단돌로 등 도제를 배출한 명문가.
>콘타리니 가문 (Contarini): 베네치아의 핵심 지배 귀족 가문 중 하나.
>로레단 가문 (Loredan), 피사노 가문(Pisano), 브라가딘 가문(Bragadin): 15~16세기 번영을 이끈 주요 귀족들.
>마닌 가문 (Manin): 베네치아 공화국 최후의 도제를 배출한 가문.
상인 가문:
>폴로 가문 (Polo): 마르코 폴로를 배출한, 동방 원정 무역으로 명성을 얻은 가문.
>지배 구조와 변화:
•귀족 독점: 1297년 대회의 폐쇄(Serrata) 이후, 특정 가문들만이 도제 선출 및 주요 공직을 독점하는 폐쇄적인 구조 확립.
•몰락과 신흥 가문: 17세기 이후 무역 감소로 전통 귀족들이 몰락하고, 돈을 내고 귀족 지위를 산 신흥 가문들이 등장. Wikipedia
•베네치아의 귀족들은 화려한 가면 무도회 문화(베네치아 카니발)를 즐기며 상업과 예술의 중심지를 아끔.
​
온라인 페북에서 수많은 이쁜뇨자들이, 줄을서서 대기하고있단다!.
이쁘기만허면 뭐한다냐?.
정적둘와 원수들까지도 이구동성이심전심 한마음한뚯으로 그 효용가치없고 양양가없고 쓰잘데기없고,
그 무의미한짓 그만 두란다!.
지금 상황에 이쁘기만것은 쓰잘데기없고 필요하지도않어….. 누구 말대로….나도 알어…이쁘뇨자둘은 널려있는거….
​
인간은 “문자/철자 →단어 →문장 →문단 →글  →문장”의 다름을가지고도 “ 선와 악의 분별삼“때문에 어느쪽 어느편 어느사람들은 이전투구의 진흙탕싸움‘아귀다툼정도가아니라 피비린내나는 목숨을 건 사생결단의 투쟁을한다.
​
세상사람들은 ” 陰陽의 조화를 이야기하고 &빨주노초파남보의 Rainbow무지개색은 어울려야(조화를 이루어야) 아름답다 “말하며 “ 다름은 틀림이 아니다 ”라고 말해놓고, 정작 인간둘은 위 다름때문에 말로하는 이전투구의 진흙탕싸움‘아귀다툼정도가아니라,
피비린내나는 목숨을 건 사생결단의 투쟁을 ‘자국의 같은 관계와의 내전’와 ’타국의 다른 관계와의 전쟁‘을 통하여 ‘자신과의 다름’을가지고,
온세상을 ‘피바다를 만드는 생지옥의 연옥’의 상황을 만들어놓고 싸운다.
​
陰陽五行이 무엇이고 Rainbow무지개는 어떤 관계이길래, 어떤 관계맺음 속의 관계설정때문에 온세상을 ‘피바다의 생지옥’연옥의 상황을 만들어놓고 인간은 싸우고있는가?.
​
[네이버 블로그] 금호김영집
https://m.blog.naver.com/yjsjhs
https://m.blog.naver.com/arangjoeul
https://m.blog.naver.com/bwiwd
​
https://story.kakao.com/kumhokyj/3LAXMT7skN9
​
https://story.kakao.com/kumhokyj/1Iu331dHPN9
​
https://story.kakao.com/kumhokyj/H3FdLP94Roa
​
https://story.kakao.com/kumhokyj/b1g5gi8kwn0
​
ㅡ” 문자/철자 →단어 →문장 →문단 →글  →문장 “속에는 고래적 과거에서도 법률적인 ‘사람와 사람’간의 관계關係가 들어가있었고,
그 인간관계에 속에 ‘업종와 직종&벌인일와 하는일‘에서의 Work業업Job와 일’Business’Industry에 관련된 금융Monetary‘통화' 시스템Currency와 Money錢돈Cash가 걸려있었다.
​
ㅡ관계關係란 ?.
>>둘 이상의 사람, 사물, 현상이 서로 관련을 맺고 있는 상태. 빗장 관(關)과 이을 계(係)로 이루어져,
서로 닫고 여는 빗장처럼 연결되어 있다는 의미를 내포. 출처‘대한민국 정책브리핑
>關 (관계할 관/빗장 관): 문빗장, 잠그다, 관계하다 /
係 (이을 계): 잇다, 매다, 연결하다. 출처’나무위키
>關(관): '문(門)'을 빗장으로 닫는다는 뜻에서 파생되어, 서로 닫혀 있거나 얽혀 있는 관계.
>係(계): 사람(亻)이 이어져(系) 있다는 뜻.
서로 묶여 있는 유기적인 연관성을 나타냄. 대한민국 정책브리핑
>즉, 關係(관계)는 서로가 서로에게 영향을 주고받거나 연관되어 있는 상태.
​
ㅡ문자 (Character/Letter): 언어의 소리나 뜻을 기록하는 가장 작은 기호 단위. (예: 한글 'ㄱ', 영어 'A', 한자 '日')
>>글자 (Letter/Character): 문자와 혼용되기도 하나, 주로 소리를 나타내는 문자(letter)나 뜻을 가진 글자(character)를 통칭.
>>철자 (Spelling): 단어를 구성하는 알파벳이나 문자들의 배열입니다.
예: 'Apple'의 철자는 A-p-p-l-e입니다.
>>단어 (Word): 하나 이상의 글자가 모여 의미를 가지는 독립된 언어 단위.
>>문장 (Sentence): 단어들이 모여 주어와 동사를 갖추고 완전한 생각이나 의미를 전달하는 최소 단위.
마침표(.), 물음표(?) 등으로 끝남. YouTube
>>한국어와 영어의 구성 비교
>영어: 알파벳(문자)이 모여 철자를 이루고,
철자가 모여 단어가 되며, 단어들이 모여 문장이 됨.
>한글: 자음과 모음(문자)이 모여 하나의 글자(음절)를 이루고, 글자가 모여 단어가 됨. YouTube
>>언어별 특징
>영어: 26개의 알파벳을 기반으로 하며, 대소문자(Uppercase/Lowercase) 구분이 중요.
>한자 (Chinese Characters): 표의문자(뜻글자)로, 각 글자 자체가 하나의 의미를 가짐. 한글 텍스트 내에서 의미를 명확히 하기 위해 혼용. Oracle Help Center
>>문장을 구성하는 핵심 요소:
주어(S), 동사(V), 보어(C), 목적어(O), 수식어(M)
​
ㅡ음와 양, 해와 댤, 흑와 백, 낮과 밤, 빛와 그림자.
>>옛 속담에,
•(산의 높이가 골짜기의 깊이와 비례하듯, 뜻이 크고 높으면 생각이나 고뇌도 깊다)산이 높으면 골이 깊다. /
[급격한 상승이나 번영 후에는 그만큼 깊은 하락이나 시련이 찾아온다는 의미로 긍정적인 면(빛)이 강할수록 그 이면의 부정적인 면(그림자) 역시 짙어진다는 교훈적 의미로 사용 & 주식이나 상황 변화에 대한 경계로도 자주 쓰임. 나무위키]빛이 밝을수록 그림자는 어둡다.
•(Peak‘피크)산봉우리와 [谷골 곡: 골짜기, 산 사이의 패인 곳 ]溪谷계곡(시내溪가 흐르는 골짜기谷, 谷間곡간: 골짜기 사이. 출처:사이버서당)
•Valley: 가장 일반적인 골짜기, 계곡
•Gorge’Canyon: 좁고 깊은 골짜기‘협곡
•Hollow: (산속의)움푹한 곳‘작은 골짜기
•Gulch: (주로 미국 서부)좁고 깊은 골짜기
>골짜기 사이로 물이 흐르는 모습을 본뜬 상형문자에서 유래 /기상용어로 기압골(氣壓谷)과 같이 움푹 패인 곳을 뜻할 때도 谷을 사용. 출처:사이버서당
>>陰陽五行
>동양 철학의 기초로, 우주 만물의 변화를 대립과 조화의 음양陰陽과 목木‘화火’토土‘금金’수水 다섯 가지 기운.
>동양 철학의 핵심인 음양(陰陽) 사상을 가장 잘 나타내는 대립적이고 보완적인 자연 현상과 개념들.
해/낮/양과 달/밤/음은 서로 조화를 이루는 관계.
>해 (陽 - 양): 빛, 열기, 낮, 따뜻함, 남성, 앞면, 남쪽, 능동적인 힘을 상징
>달 (陰 - 음): 어둠, 한기, 밤, 차가움, 여성, 뒷면, 북쪽, 수동적인 힘을 상징
>음양 (陰陽): 우주 만물이 두 가지 상대적인 기운(음과 양)의 대립과 조화를 통해 존재한다는 원리
>흑백/낮밤: 낮과 밤처럼 서로 대응하는 자연 현상에서 출발하여, 밝음(낮)과 어둠(밤)의 상대적인 관계를 나타내는 흑백 논리처럼 우주의 본질적인 극성을 의미. namestory.kr
​
ㅡSUN&MOION와 해오름&달오름.
>>일출: 해돋이, 해가 뜸, 日出 /
일몰: 해넘이, 해가 짐, 日沒. 출처:Wikipedia
>>해돋이의 日出일출Sunrise(태양의 맨 윗부분이 수평선이나 지평선에 처음 나타나는 순간)와
해넘이의 日沒일몰Sunset(태양의 맨 윗부분이 수평선이나 지평선 아래로 완전히 내려가 사라지는 순간)
>새해/명소: ""동해안 정동진에서 2026년 첫 일출을 보며 소원을 빌었다.""
>풍경/여행: ""제주도 서쪽 바다에서 붉게 물드는 일몰을 감상했다.""
>시간 정보: ""내일 서울의 일출 시각은 오전 6시 30분, 일몰은 오후 7시입니다."" 나무위키
>>달의 위상별 한자 및 영어 정리
>초승달 (初生달,초생달), Waxing Crescent Moon (차오르는 모양)
>상현달 (上弦달 - 반달), 상현上弦, First Quarter Moon (상현반달)
>보름달 (望/滿月), 망 (望), 만월滿月, Full Moon
>하현달 (下弦달 - 반달), 하현下弦, Third Quarter Moon, Last Quarter Moon
>반달 (Half Moon): 상현과 하현을 통칭하여 부를 때 사용하며, 1/4씩 찼다는 의미(=Quarter moon)
>Waxing: 달이 차오르는 것 (초승달~보름달) &, Waning: 달이 기우는 것 (보름달~그믐달)
>” ‘(어떤 방해에도 진실과 민주화는 온다는 관용구로 인용 /거꾸로 강을 거슬러 오르는 저 힘찬 연어들처럼‘강산에의 노래 ‧ 1998년 /검단사거리 맛집 등 '새벽닭 옛날통닭'과 같은 옛날 통닭 전문점 상호명 )‘닭의 목을 비틀어도ㅡ중략ㅡ
​
https://youtu.be/ULsPY9XhTfA?si=F3VZb-9VUe9CUiZ8
​
[네이버 블로그] 금호김영집
https://m.blog.naver.com/yjsjhs
https://m.blog.naver.com/arangjoeul
https://m.blog.naver.com/bwiwd
​
https://story.kakao.com/kumhokyj/3LAXMT7skN9
​
https://story.kakao.com/kumhokyj/1Iu331dHPN9
​
https://story.kakao.com/kumhokyj/H3FdLP94Roa
​
대전애서 북쪽관계‘마포하늘공원(서울특별시 마포구 하늘공원로 95)와
남쪽관계’대동하늘공원(대전광역시 동구 자양동 20-9)이,
남쪽관계‘(Booking.com,
https://www.booking.com
대전 게스트하우스 하늘 정원. 여행에 필요한 모든 것, 세계 최대 여행 사이트 Booking.com /인천광역시 중구 운서동 2848-6, 인천국제공항 하늘정원)하늘정원와
북쪽관계‘[jesusglory.kr,
http://www.jesusglory.kr
하늘영광교회 하늘영광 Copyright(c)하늘영광교회 All reserved.designed by 교회사랑넷 /
YouTube · 충일교회 하늘영광 찬양단 /하늘영광교회ㅡ서울특별시 강동구 ’대전광역시 서구 ‘천안시‘장로교회전북특별자치도 전주시 ‘군포시 ’경상남도 김해시 ‘인천광역시 서구 ’감리교회경기도 수원시 ’경기도 시흥시 ‘경기도 화성시 ’충청남도 보령시 ‘서울특별시 관악구]하늘영광‘와의 남북방향자리에
또다른 동서방향자리의 관계가 붙어서 관계의 조합을 달라하며
관계의 방향이 ’다중의 다층으로 중복되어 중첩된 관계‘를 형성하며,
자리마다 글자관계가 다툰다.
​
어찌하여 ’ 과거와 현재의 관계‘가 다투고있는가?.
​
돌아다녀도 반드시 법률적관계가 돌아다녀야한다.
돈이걸린 경제관계에서 자리와 위치가,
행정동‘법정동으로서 법률적인 자리와 위치 관계이어야함에도, 역으로 그 자리와 위치를 ‘ 비법률적인 관계를가져다가 &법률적관계를 비법률적관계로 만들어놓은 후 ‘,
이리저리 옮겨다니면서 (법률적인 인간와 일 &돈 )관계를 임의로 이쪽저쪽다른쪽에서 동시다발적으로&여러곳에서 상대뱡당사자본인이아닌 다른삼자들이 임의로‘함부로 뒤집고뒤바꾸어놓아 흐트려놓으며,
‘과거의기존의당초의 인간와 일 &돈 ’관계를 끊어놓고’망가트려놓아 “ 과거의 관계를 현재의 관계가 ” 뭉개고앉아 들어먹고깨먹은 “상황이다.
​
과거와 현재와의 ‘관계변화’에 든 관계설정,
’관계맺음의 확장성‘에 ‘일관성와 연관성’이 ‘사라진&깨진‘상황이다.
현대사회에서 ” 사람와 일 &돈 “관계는 모두 선택사항이아닌 반드시 의무적으로 법률적관계이어야하고,
어느쪽어느편어느사람들은 과거부터 이미 법률적인 경제관계였다.
​
오래전부터 주변의 인간관계가 ’다투는&싸우는‘ 상황을 알고서 “ 살아서 떠돌아다니는 산송장 만들지마라! ”떠들고있었다.
타인을 살아서 떠돌아다니는 산송장을 만들어 놓은 후,
무슨 관계를 맺고있고 &어떤 일을 벌여 놓은 후 어디에다 어느쪽 누구에게,
현대사회 법률적관계에서는 단순한 거짓말도 문제가되는 관계인데 더나아가 그 허위의 사기행위는 범죄행위를 넘어선 원수짓의 배신행위가되어 이적행위가되는 관계인데,
상대방당사자본인이아닌 다른이가‘삼자들이 인간관계를 훼손하여 신의와 의리를 져버리도록하고 &상도의와 상도리를 훼손햐여 경제관계를 망쳐놓는,
상황이지않은가?.
​
위 관계속의 상황은,
현대사회가아닌 고래적 옛날기록도 남아있지않아 구전으로&야사로 전해지는 ’고구려백제신라‘삼국시대때에도 이미,
원수짓의 배신행위와 이적행위 상황 속 관계때문에 과거에서나 현재에서나 이미 싸우며 다투고았지않았는가?.
​
https://youtu.be/ULsPY9XhTfA?si=F3VZb-9VUe9CUiZ8
​
옛말에 궁금하면 하는말 &가요노래에도 나오는가사,
산너머 산촌와 강촌에는 누가살고있나?.
그 산넘어로가는, 령(嶺)과 재(岾/峙,고개)는,
자리마다 위치가달라서, "" 관계의 방향이&관계맺음의 방향이 ""모두 다 같지않다.
어찌하여 그 같지않은 자리마다 다른 위치속에 든 관계를,
거짓임을 알고서도 속이고있는가?.
​
고개이름
령(嶺)과 재(岾/峙,고개)는 모두 산을 넘어가는 통로를 뜻하지만,
령(嶺)은 백두대간 등 험준하고 높은 큰 산맥을 넘는 주요 고개(예: 한계령, 문경새재)에 쓰이는 한자어입니다. 반면, 재(岾/峙)는 규모나 형태에 관계없이 두루 쓰이는 순우리말 표현입니다.
출처;전북의소리
​
1. 령(嶺) - 험준한 큰 고개
특징: 주요 산맥, 험하고 높은 고개에 주로 사용.
예시: 차령(車嶺), 추가령(追加嶺), 철령(鐵嶺), 한계령(寒溪嶺).
전북의소리
​
2. 재 (고개/령/치/현)
특징: 규모에 상관없이 널리 사용되는 고유어, 령(嶺)은 재의 한자 표기이기도 함.
​
형태:
재: 토박이말 (예: 대관령, 문경새재).
령(嶺): 험준한 산.
현(峴): 작은 고개, 낮은 고개.
치(峙): 주로 지명 뒤에 붙어 험준한 턱을 의미 (예: 웅치).
전북의소리
​
3. 차이점 요약
규모: 령 > 재 (대체로 령이 더 높고 험함).
성격: 령은 대간(大幹)의 주요 고개, 재는 일반적인 통로. 전북의소리
​
고개 이름은 령(嶺), 재(岾/峙), 현(峴), 치(峙) 등 한자 용어와 재, 고개, 목, 티 등 우리말이 섞여 다양한 형태를 띱니다.
한국민족문화대백과사전
​
https://youtu.be/ULsPY9XhTfA?si=F3VZb-9VUe9CUiZ8
​
[네이버 블로그] 금호김영집
https://m.blog.naver.com/yjsjhs
h
ttps://
m.blog.naver.com/arangjoeul
https://m.blog.naver.com/bwiwd
​
https://story.kakao.com/kumhokyj/1PUI9povMN9
​
https://story.kakao.com/kumhokyj/ILVc6fCVPoa
​
https://story.kakao.com/kumhokyj/1Iu331dHPN9
​
https://story.kakao.com/kumhokyj/H3FdLP94Roa
​
전화번호 끝자리번호 7036으로 아침새벽’방금ㆍ 예전에 당근에다,
토마토선별기 내놓았냐고 ㅡㅡㅡㅡ창원에서 묻고있다ㅡㅡㅡ??????ㅡㅡㅡㅡ과거의& 현재의 주변상황 상......단언컨데, 신분사칭의 사기다ㅡㅡㅡㅡ세상이아니라, 내 주변이 생난리다ㅡㅡ모르고해도 신분탈취도용의 신분사칭의 상황은,
현대사회나 태고의 고래적 고조선시대에서나...... 범죄행위이고 돈이걸린 거래에선,
자짓하면 원수짓으로 돌변한다.
이상한짓마라!.
​
ㅡ세종시의 다원와 유니헤어 &GNB와 대전시의 다인와 유니베라&GB가 관계가 갈라져,
배재대와 한밭대의 관계의 조합와 충남대와 KAIST의 관계의 조합이달라져 유성구관평동와 대덕구목상동이,
대전시 “ 중구오류동와 유성구봉명동의 브레인 ” &“ 서구 ’괴정동와 세종시의 차오름’와 ‘탄방동와 세종시의 애니하이AniHi’C&C미술학원‘ “에서의 같은글자관계에서의 관계의 조합이,
“ 대전 중구와 서구의 이탈리아팔롬비니커피의 다짐와 대전서구와 세종시(S와 Smail스마일 &K와 OK의 합성글자 )SOK세종속편한내과의 ’River Story‘의 감자와 ‘강 이야기‘의 강다짐 ”에서의 같은 이탈리아커피가,
‘할리스와 파스쿠니‘가 ‘팔롬비니와 파파죤스’관계가 갈라져 위 상황에 한 일레로,
‘S에스’문자관계에 ” 케이K의 글자자리 관계 ‘더케이THE K ‘팀케이TEAM K ‘K수학 ‘케이케이KK ‘(같은 대전중구에서의 HK와 대비되는 KH의 )권홍헤어KH hair ‘케이앤케이K&K ’KS ‘KR ‘KB ‘KD ‘KT……등등“이 붙어 &,
‘인도‘간디’인디아‘타지마할’반디‘잔뒤(디)’반딧불(이)’에 ’유황硫黃‘硫黃와 강황薑黃 &커리‘카리와 카레’ &CARA’KARA와 CASA‘CASAMIA‘….etc….글자관계가 더해져 서쪽의 이정와 이밥 &KT가,
동쪽의 권홍와 이가 &‘SKT와 (사람와 일 &돈에서의 관계의 조합이달라져 &)관계와 갈라져 다툰다.
​
[네이버 블로그] 금호김영집
https://m.blog.naver.com/yjsjhs
https://m.blog.naver.com/arangjoeul
https://m.blog.naver.com/bwiwd
​
https://story.kakao.com/kumhokyj/1PUI9povMN9
​
https://story.kakao.com/kumhokyj/ILVc6fCVPoa
​
https://story.kakao.com/kumhokyj/1Iu331dHPN9
​
https://story.kakao.com/kumhokyj/H3FdLP94Roa
​
ㅡ세종시의 멍게가와 대전시의 멍게골 &, 대전시의 (충남)충청도와 멍멍이’에 ‘뭉뭉이‘멍충이‘멍청이’멍청한‘멍청도…글자가 다툰고, 관계가 다툰다.
​
ㅡ그린에코‘Green Eco’
친환경 교육, 폐기물 처리, 재생 에너지, 산업용 냉난방 등 환경 및 지속가능성을 다루는 다양한 기관과 기업을 지칭.
사단법인 형태의 교육 센터(greeneco.kr)
쌍용C&E 자회사인 그린에코솔루션
배터리 원료 관련 에코프로 그룹사(PT. Green Eco Nickel)
(사)그린에코(강원도원주시)
Green Eco Holdings
그린에코사이클(주)
PT. Green Eco Nickel
Green Eco Technologies
그린카드
​
ㅡEvergreen[영원한Ever과 초록색Green, 상록수or상록 식물]
​
에버그린텍 제조업체 충청남도 공주시
(주)에버그린 청주시 · 13.6 km
에버그린영어 금남면 반곡리 49-14
에버그린 문화7길 7 · 11.4 km
(주)에버그린 유천동 · 26.7 km
에버그린 돈까스 전문식당 경기도 안양시
에버그린 미국 서부 요리 충청남도 천안시
주)에버그린비피 사직동
에버그린 대전광역시
에버그린요양원 비영리단체 충청남도 아산시
에버그린 대전광역시 동구
에버그린 아파트 대전광역시 서구
방송대대전에버그린 편의점 대전광역시
(주)에버그린농원 충청북도 청주시
에버그린텍 시공업체 대전광역시 중구
에버그린 모텔 충청북도 청주시 · 24.0 km
에버그린사회복지센터 사회 복지 센터 충청북도 청주시
에버그린펜션 휴양 주택 금산군
에버그린가구 가구점 익산시
에버그린대리점 도매업체 대전광역시 대덕구
(주)에버그린 공해방지시설 공사업체 충청북도 청주시 ·
에버그린펫클리닉 동물병원 전북익산시
EVERGREEN C&T CORPORATION 화학제품 제조업체 충청북도 청주시
(주)에버그린카페모모 카페 충청남도 천안시
에버그린수목장 공원묘지 안성시
(주)에버그린씨엔씨 회사 홍성군
에버그린캠핑장 충청남도 논산시
에버그린 청주시
세종그린(주) 폐기물 처리 서비스 대전광역시
에버그린 돈까스 전문식당 서울특별시 서대문구
(주)에버그린코리아 운송회사 서울특별시 종로구
에버그린빌라 충청남도 부여군
에버그린 아파트 충청북도 청주시
에버그린커튼장식 생활용품점 대전광역시
에버그린물산(주) 회사 충청북도 청원군
에버그린골프클럽 골프 연습장 경상북도 구미시
(주)에버그린건설 건설회사 전북특별자치도 완주군
에버그린 천안시
에버그린 휴양 주택 충청남도 태안군
에버그린조경개발(주) 조경사 충청북도 음성군
에버그린 아파트 전북특별자치도 익산시
에버그린인테리어 상점 무주군
에버그린월드 전북특별자치도 군산시
에버그린(주) 경기도 평택시
(주)에버그린 안성시
에버그린MNA 가구가 비치된 아파트 충청남도 예산군
(주)에버그린엔터프라이즈 무역 회사 경기도 용인시
에버그린플라워 꽃배달 충청남도 논산시
에버그린부동산 부동산 중개 사무소 충청북도 청주시 ·
에버그린클럽 골프장 대구광역시 남구
오리농장(에버그린) 농장 충청남도 홍성군
세종에버그린 서울특별시 송파구
(주)더블유에버그린 충청북도 진천군
아이지에이아산에버그린점 상점 아산시
에버그린영농조합법인 영농조합 충청북도 증평군
에버그린 평택시
​
ㅡ새종시고은동9단지 앞 굽네치킨 옆 (한자관계 어미 모) 母반챤이
롯데후레쉬델리Lotte Fresh&Deli(신선식품‘한끼반찬’건강식품)으로 자리를 옮기고 관계를 바꿨다.
위 반찬‘관계가 ’대전동구‘동대전농협 하나로마트(대전동구 인동 358)’자리의 ’반찬가게와 ‘(가양점‘동구가양2동38-22)커피에반하다‘관계가 신세계emart(에브리데이와 노브랜드 &emart24시편의점)에 붙어서,
“ ‘(위에 언급한 )Lotte Fresh&Deli’와 세븐일레븐(1989년 서울 송파구에 국내 1호점을 개점. 대한민국에 편의점 시대를 연 최초의 브랜드. 롯데그룹 계열사 주)코리아세븐이 운영. 전 세계 20개국에 걸친 글로벌 네트워크를 보유) &‘(여가에 또다른 편의점)GS25시’와 ‘GS더프레시THE Fresh’ “에서의 관계의 조합이 자리마다 달라서,
같은 ’편의점‘(중대형)mart마트‘가 ”주변관계가 달라서&관계맺음이 달라서“ 사기의 범죄행위 원수짓에 다툰다.
​
ㅡ대전에서 서구의 커피에반하다와 중구의 Venti커피가
” 다른구와 다른지역 &, 같은 ’편의점‘(중대형)mart마트 “관계가 붙어 다툰다.
무슨 관계가 어디와 무엇이 달라서 다투고있는가?.
​
ㅡ커피에반하다
세종 소담점: 소담동 모아래미도리버시티 상가, 나성점: 나성동 갤러리벨류시티, 에비뉴힐점 (무인): 어진동 에비뉴힐, 정부세종청사점 (스마트): 어진동 도움6로 42 /,
대전둔산점: 대전 서구 대덕대로 229, 대전갈마점 (무인): 서구 갈마동 아트리움, 대전관평점: 유성구 관평동 우리은행점, 대전중촌점 (무인): 중구 중촌동, 기타 매장: 신흥동 신흥점, 용운동 대전대학교점, 가양점‘동구가양2동38-22, 대전안영점, 대전송강점,
​
ㅡVenti커피
대전 중구 보문로 258-1 (대흥동)대전산성점, 보문산로 37 (산성동)대전은행점, 중앙로164번길 35 (은행동)대전보문산점, 보문산공원로 486 (대사동)
​
노씨(노나라 魯氏; 주된 본관은 시조는 노용신(魯龍臣)의 강화(江華)가 대표적이며, 유래: 중국 주나라 무왕의 동생인 주공(周公)의 장남 백금(伯禽)이 노(魯)나라에 봉해지면서, 그 후손들이 나라 이름을 성으로 삼은 것이 시초, 출차 위키트리) &,
盧(밥그릇 노씨, 한국의 대다수 노씨盧’씨를 사용. 시조 노수盧穗이며, 魯‘씨는 ’盧‘씨와는 시조와 계통이 다른 별개의 성씨로, 노씨盧氏는 당나라에서 신라로 귀화한 노수盧穗를 도시조로하며, 그의 아홉 아들이 각지에서 득관하여 光州/光山광주‘광산’ 交河교하 ‘豊川풍천 ’안동 ‘경주 ’연일 ‘만경 ’곡산등 20여 개 이상의 본관이 있으며, 교하 노씨와 광주 노씨 &풍천 노씨가 가장 많다. 출차 위키트리)가 다툰다, 과거와 현재의 관계를 가지고……
​
대출안받어…..가아니라, 못받어….지금 말을 못해서 전화를 안받는게아니다….이상한짓마라!.
범죄행위에 원수짓이 더해진 그 거짓의 사기속에 든 관계설정….아~그만됐다고 전해라!. 정적들은‘원수들은 눈감고귀닫고 마녕 자빠져잔다냐!, 현재가아니라 지나간 과거까지 일거수일투족을 속속들이 캐고있다!.
​
[네이버 블로그] 금호김영집
https://m.blog.naver.com/yjsjhs
https://m.blog.naver.com/arangjoeul
https://m.blog.naver.com/bwiwd
​
https://story.kakao.com/kumhokyj/GKfkNfYWNOA
​
https://story.kakao.com/kumhokyj/1PUI9povMN9
​
https://story.kakao.com/kumhokyj/ILVc6fCVPoa
​
https://story.kakao.com/kumhokyj/1Iu331dHPN9
​
https://story.kakao.com/kumhokyj/H3FdLP94Roa
​
ㅡ대전‘유성구하기동 ‘GYM TOWN’다이소’자리의 ’칠갑산식당와 GNC‘GOLF’ &’(대전‘유성구 노은2동 665-3)오모리생바지락손칼국수‘에서 ‘(물고기’모양의 도안 )오투피싱’이 새로 생긴 후 ’ACE BED‘글자가 사라지고 &,
세종시고운동님측 ‘(스마트큐브1차‘건물옥상 위 )권투’와 ’홍구참숯불구이‘글자자리 ‘2H GYM’의 ‘홍복싱‘이 ’SOUL BOXING’쏘울복싱짐‘으로 글자를 바꿨다.
​
ㅡ대전‘서구 ‘워커스 호텔 대전월평 by 아늑‘와 ’컨티뉴호텔‘Dalsi‘글자자리의 ‘방사청’ 앞 대전시‘중구’동구의 관계가,
세종시로나간 ’충남논산의 탑정호’대전관계 ‘백제와 황산‘의 ’관촉사 석조미륵보살입상’와 ‘(주)가야곡주조‘가야곡 왕주(可也谷 王酒)’ &‘양촌‘에서의 ‘다올와 한울‘이아닌,
대전에 남아있는 ‘충남부여의 ’백마강‘의 ’(규암면백제문로 387)롯데아울렛’부여점‘와 (충청‘부여군규암면 백제문로 367 )한국전통문화대학교‘의 “ 강경근대문화거리와 ’(조선시대후기의 )조선 2대 포구, 조선 3대 시장’에서의 ’한얼와 다울’ ”자리 월평동에서,
[ ’AK와 솔레 &시크릿와 백두산사우나‘자리의 ‘편의점emart24시‘가 나간자리에 새로들어 선 ‘개빕밥파는 고양이‘자리에서는 보이지않는 ]빨강색의 ‘홍대개미와 홍대포차 &홈플러스익스프레스와 홈플러스‘의 삼성’이,
’Stay와 햑짬뽕 &조마루감자탕와 굽네치킨’의 갈마동네거리 “ (” 프랑스 소설가 생텍쥐페리 소설 '어린왕자'에 나오는 ‘코끼리를 삼킨 보아뱀’모습을 본뜬 이 조형물 “관계 )지구와 뱀 &여우와 조종사 ”와 진각종 &삼천리’Alton자전거‘와 ‘피자알볼로[ 수제 피클과 꾸덕한 갈릭디핑소스, 풍성한 토핑(sUPer포테이토 등)으로 유명 ]자리 ‘노랑색의 신세계’가,
신세계’이마트의 ‘BK와 두드림’이
삼성‘홈플러스의 ’AK와 시크릿‘와 관계가갈라져
“ 유성구신성동의 대덕‘BK가 유성구궁동의 로데오’시크릿 ”글자자리 관계와 다툰다.
​
ㅡ위 빨강색의 ’홍대개미와 홍대포차 &홈플러스익스프레스와 홈플러스의 삼성’이 ’콩나물국밥전문점 전주현대옥와 콩나물해장국‘이 아닌,
‘(
https://kr.tempur.com
)템퍼‘TEMPUR®침대’자리의 ‘(김가네시민고기국수신성점;유성구신성동 125-4 앞 탄동천건너편 )새븐일레븐‘이화수육개장와 은희네해장국’의 ‘육개장와 해장국’자리 관계로 바꿨다.
but, (서구 둔산동에 위치한 )정부대전청사(청사로 189)앞 지하철역네거리애서 ‘삼성와 이마트 &롯데하이마트와 삼성전자 &전자랜드와 LG전자‘가 모두 같은 관계이나,
“[ 대전지방국토관리청의 대만 글자자리 ’고반와 교반‘과는  또다른 관계, ‘대전교회‘참례회‘자리 “ 돼지고기’고기명작와 신호등장작구이 &월평돈800(썹씨)°C와 샤브샤브샐러드바’샤브명작 ”자리의 ]”월평자동차매매‘M월드와 대전교통공사‘의 ’성심요양원와 성심장례삭장 &SMG/KRC와 대전장례식장’이,
롯데마트관저점’관저가구단지‘롯데하이마트’섬성전자‘롯데시네마’자리의 “ [ { 건양대학교建陽大學校, Konyang University논산시대학로 121 논산 글로컬캠퍼스' /논산 평생교육원:논산시대학로 121 건양대학교명곡정보관 /대전평생교육원:서구관저동로 158 건양대학교 간호학관 1층 /계룡평생교육원:계룡시신도안면 신도안 3길 72 &}서구 관저동로 158 ] ”대전 메디컬캠퍼스'자리의 ’건양대병원장례식장‘와,
대전서구 ‘대덕대로와 한밭대로‘를 사이에두고 (국가와 공공 기관 ’원‘부’처‘청’공단‘이 아닌 공사’관계 )교통공사‘도시공사‘주택공사’농어촌공사‘원자력수자원공사’한국전력공사‘석유공사’가스공사’철도공사…..etc….공사’에 &,
“ 정부’공공 기관‘원‘부’처‘청’공단 ”와의 ’관계의 조합‘에 든,
‘민관군…업종와 직종‘에서의 ’벌인일와 하는일’이 달라서 돈관계가 다르다.
​
ㅡ위 ’( 대전지방국토관리청의 대만’관계 글자자리 ’고반와 교반‘과는 또다른 관계 ‘대전교회‘침례회‘자리 “ 돼지고기’고기명작와 신호등장작구이 &’월평돈800(썹씨) °C‘와 샤브샤브샐러드바’샤브명작‘자리의 )월평자동차매매‘M월드와 대전교통공사‘SM기업(주)‘자리의 ’성심요양원와 성심장례삭장 &SMG/KRC와 대전장례식장’의 ’도로와 철도 &항공와 선박’에서의 ‘교통‘이,
‘자동차’신차매장와 기계’전자의 전자제품대리점’자리와 ‘업종와 직종‘에서의 ’벌인일와 하는일’이 달라서(&돈관계가달라서 )법률적관계를 속이면 다툰다.
​
ㅡ서구의 (월평동 1276번지/월평새뜸로 8번길 61-17)혜성장로교가,
같은자리 월평동에서도 같은 개신교임에도,
‘월평자동차매매‘M월드와 대전교통공사‘의 ‘(서구 월평동 103)대전교회’참례회‘의 자리와,
인간관계와 돈관계가 다르다.
​
ㅡ서구둔산동‘대덕대로 ’신세계아마트’맞은편 ‘Line Hotel와 삼성전자’자리의 ‘제천와 황태 &군단와 INDIA’글자자리의 ‘DH &,
세종시아름동 ’다짐와 열무네 &스퀘어38와 대쪽마루‘의 SDH &,
’( 대전지방국토관리청의 대만 글자자리 ’고반‘와는 또다른 관계 ‘돼지고기의 고기명작’이 ’신호등장작구이와 월평돈800(썹씨) °C‘로 글자를 바꾼자리의 )월평자동차매매‘M월드와 대전교통공사‘자리의 ’성심요양원와 성심장례삭장 &SMG/KRC와 대전장례식장’의 SMG와 ‘S-Garden’ &,
중구선화동’NC백화점 앞 ‘아나바다와 NINE‘9’SPOT Hotel &소청1번가‘inter view’글자자리의 ‘S market’ &,
•국내도서 ‘
https://product.kyobobook.co.kr‘
’S라인‘ 교보문고 2024. 1. 5.
“ S라인”은 '소셜'(Social), '소사이어티'(Society), '시크릿'(Secret) 라인의 약자다. 섹스(Sex)라인이라는 뜻이 물론 우선이다.
•헤럴드경제 ‘
https://biz.heraldcorp.com’
‘ 숨기고 싶은 은밀한 관계, 'S라인'으로 드러난다. ’.
헤럴드경제 2025. 7. 8. ‘S라인'은 성적 관계를 맺은 사람들 사이에 연결된 붉은 선, 이른바 S라인으로 인해 벌어지는 사건과 그 안에서 보이는 인간의 욕망, 진실을 담은 판타지.
​
ㅡ유성구봉명동에서의 ’( ’심청아배고파와 스카이뷰로드‘옆 &’MAD BLICK‘맞은편 )SOLIAN와 앤터펠리스 &[ (주)가양Gayang 의 ]자우리JAWOKRI Hotel’와 ‘500th Hotel’,
(같은 봉명동의 웰니스재활병원 옆 )자우리JAWOKRI Hotel와 대국건설 &아늑호텔와 HeyCoffee &‘(유성구장대동 )쌍용자동치정비소와 GNC Golf’의 ‘대국‘,
서구둔산동’교보문고 앞 ‘(고기명작의 )500th Hotel’와 ‘라미아레지던스호텔‘La Mia Residence Hotel‘ &‘달콤커피&TOWSOME PLACE’와 짬뽕관,
‘(중구대흥동의  )자우리JAWOKRI Hotel와 ‘(예산 조계종’수덕사말사 )정수사.
​
ㅡ위 호텔와 병원자리가 아래의 자리와 주변관계설정이&돈관계가 다르고 &,
(세종시금남면 발산리 342-1)추어명가의 ‘농협의 자전거와 농기계 &[ 전남순천시 ‘주)동부그린환경 및 동부화훼유통‘에서의 ]’동부그린와 YK Steel‘자리가,
[ 대전대덕구 상서동(신탄진로 512) ]김관식추어명장의 ’(위 농협와 같은 관계 )농협의 자리라도 ‘자동차와 오토바이 &(회덕역 )철도와 (대전광역시대덕구 장동로 9 )야하마CSC‘야마하중부지원센터’와,
같은 ’추어탕‘이라도 (앞에붙은 명칭’글자가 달라서)관계가 다르다.
​
[네이버 블로그] 금호김영집
https://m.blog.naver.com/yjsjhs
https://m.blog.naver.com/arangjoeul
https://m.blog.naver.com/bwiwd
​
https://story.kakao.com/kumhokyj/GKfkNfYWNOA
​
https://story.kakao.com/kumhokyj/1PUI9povMN9
​
https://story.kakao.com/kumhokyj/ILVc6fCVPoa
​
ㅡ九雲夢에서의 夢
• 서포‘김만중이 집필한 한국의 고전소설 한국문학
• 고려시대의 승려 일연선사의 저서인 삼국유사에 실려있는 '조신의 꿈'의 기본 틀을 활용 스토리를 확장한 소설.
전기적, 불교적인 성격으로 서술, 인생무상이라는 주제를 담음.
• 홀로 된 어머니 해평 윤씨[경상북도 구미시 해평면을 관향으로 하는 한국의 성씨. 시조는 고려 고종~원종 때의 무신 수사공 상서좌복야(守司空 尙書左僕射)를 지낸 윤군정尹君正. 선조 때의 명재상 윤두수,윤근수 형제는 서인의 영수]를 생각하는 마음이 각별한 효자였는데, 실학자 이규경의 주장에 따르면 따르면 김만중은 귀양지에서 어머니의 근심을 덜어드리기 위해 하룻밤만에 이 소설을 썼다고 함.
•한글본과 한문본을 포함해 50여 종의 이본 현존. 한글본과 한문본의 비중이 거의 같다.
•현대 중국이 세계에 자랑하는 조설근의 대작 소설 《홍루몽》과 비슷한 줄거리 형식을 지니고 있는 소설.
시기상으로 1740년 청나라에서 쓰인 《홍루몽》보다 1687년에 쓰인 《구운몽》이 더 앞섬. 일각에서는 《홍루몽》이 청나라에 수출된 '《구운몽》의 인기'로부터 어느 정도 영향을 받았을 가능성을 지적.
•원작내용;
성진이 팔선녀를 만나고 갔다 와서 향을 피우고 염송한다. 여기에 '밤이 이미 깊었더니'라고 구절이 있다. 그 후 갑자기 동자가 와서 육관대사에게 불려가 혼나고, 황건 역사한테 끌려 염라대왕한테까지 갔다가, 양 처사 집에 가서 양소유가 되기 전까지 시각을 알려주는 문구가 나오지 않는다. 꽤 많은 시간이 흘렀을 텐데 말이다. 나중에 성진이 다시 현세로 돌아왔을 때 '지는 달이 창에 이미 비치었더라'라는 구절이 나온다. 즉, 혼자서 고뇌하고 있었을 때부터 꿈이란 것이다. 그렇다면 양소유로 지내던 때뿐만 아니라 팔선녀가 절에 불려오고, 염라대왕한테 불려 가고 했던 것까지 전부 다 꿈이라는 것이다.
•이 소설은 매우 불교적인데,
삼국유사에도 실린 설화 ""조신의 꿈""에서 영향을 받았다함.
•김만중이 이 작품을 통해 전하고자 하는 뜻이 무엇인가에 대해서는 크게 세 가지 설.
-불교의 '공(空)' 사상을 이야기로 풀어낸 작품이라는 설
-'꿈 속에서는 양소유가 되어 유교 이상의 정점에 오르고 현실에서는 불교 이상의 정점에 오른다'는 내용을 통해 어느 세계관에서든 정점에 오르고 싶어 하는 양반들의 이상을 반영한 작품이라는 설.
-마지막으로 양쪽 모두를 주제 의식으로 품고 있다는 것.
​
ㅡ계룡산鷄龍山 쌀개봉 약 828m.
• 주봉 천황봉846.5m에 이어 두 번째로 높은 봉우리,
• 디딜방아의 쌀개 모양을 닮아 붙인 이름&” 鷄龍山의 의미가 ’ 천황봉~쌀개봉~삼불봉으로 이어진 바위 능선이 마치 닭벼슬을 쓴 용의 형상과 같다 “하여 붙여진 이름.
​
ㅡ계족산 (鷄足山)
•산의 모양이 닭 다리(닭발)를 닮았다고 하여 붙여진 이름.
•닭발산/닭다리산, 계족산의 다른 이름.
•봉황산: 산의 생김새가 봉황과 비슷하다고 하여 불리는 이름.
​
ㅡ연산오계連山烏鷄.
충남 논산시 연산면 화악리 일대에서 사육.
깃털, 피부, 뼈가 모두 검은 재래종 닭.
1980년 천연기념물 제265호로 지정.
귀한 한국의 보양식 재료. 일반 오골계와 달리 깃털까지 검고 발가락이 4개인 것이 특징. 약용과 식용으로 인기.
​
ㅡ금오산金烏山의 금오신화金鰲新話
•김시습이 조선 시대에 지은 전기소설.
조선 최초의 한문 소설집. 소설이란 장르로 치자면 우리 역사상 최초의 조선 제일의 판타지 문학소설.
•조선전기 학자·문인 김시습이 지은, 「만복사저포기」·「이생규장전」·「취유부벽정기」·「용궁부연록」·「남염부주지」 5편 우리나라 최초의 한문 단편 소설집.
창작 시기는 명종 연간으로 경주 금오산 용장사에 은거하면서 지었다는 설이 가장 유력.
​
ㅡ경북구미시의 1970년 한국 최초의 도립공원金烏山(976m); 아도화상이 노을빛에 물든 까마귀(태양의 정기)를 보고 이름 붙였다는 전설 &이칭/별칭; 명금산鳴琴山, 대혜폭포의 물소리가 산을 울린다 하여 붙여진 이름.
•Hote웨딩 Geumosan‘구미시 금오산로 400
• 금오[金烏; 태양 안에 살며 천상의 신들과 인간 세계를 연결하는 세 발 달린 까마귀, 삼족오三足烏(해를 상징하는 금오와 달에 사는 토끼를 묶어, 금오옥토金烏玉兎로 표현. 세월이나 해와 달을 의미)]
• 주변에 대혜폭포(大惠瀑布; 큰 은혜의 폭포') ‘명금폭포(鳴金瀑布; 쇠’금가 울리는 소리가 나는 폭포) ‘해운사(海雲寺; 바다 구름의 절) ’약사암(藥師庵; 약사여래를 모신 암자)가 있음.
• 대혈(大穴= 道詵窟도선굴을 이르는 다른 이름. 도선선사가 득도한 곳. 거대한 구멍이라 하여 통일신라 말 풍수지리의 대가인 도선국사가 이곳에서 도를 깨우쳤다고 하여 붙여진 이름& 고려 시대 야은 길재 선생이 은거했던 곳으로도 유명.
• 대혈大穴, 오아나; '큰 구멍'을 뜻.
경마 등에서 '엄청난 배당(이변)'이나 '깜짝 우승마(Dark horse)' /음식점 '오아나[ 다이애나; 도쿄 등지(타카다노바바, 야에스 등)에 위치한 인기 술집으로, 쇼와 시대 분위기에서 가벼운 술자리나 연회를 즐길 수 있는 곳 ]
​
ㅡ삼족오三足烏&세발까마귀.
•고대 동아시아 지역의 태양 속에 산다고 여겨졌던 전설의 새.
•해를 상징하는 원 안에 그려지며, 종종 달에서 산다고 여겨졌던 원 안의 두꺼비에 대응.
•신석기 시대 중국의 양사오 문화, 한국의 고구려 고분 벽화, 일본의 건국 신화 등 동아시아 고대 문화에서 자주 등장.
•일본 축구협회 엠블럼 '야타가라스(삼족오와 유사한 형태의 전설의 새)
​
ㅡ鳥와 溪 &鶴와 龍.
충북괴산군과 경북문경시에 걸친 조령산(鳥嶺山 1,026m) /경기도오산시 오산烏山 /국립오서산烏棲山‘자연휴양림(791m,충남보령시청라면 ’까마귀가 많이 서식하여 '까마귀의 보금자리‘ , 서해안의 등대역활) /대전의龍溪洞’鷄山洞‘鶴下洞‘충남공주鶴峯里‘九鶴山(충북제천시 백운면·봉양읍과 강원도원주시 신림면 경계 산. 학이 아홉 마리 있는 형상)
​
ㅡ포크와 나이프 &포크와 수저 &포크와 젓가락 &포크와 ""돼지 돈(돼지; 豚 = 月 + 豕。 「月」는 ""고기""를, 「豕」는 ""돼지""를 뜻)“.
(지리산&제주도 )흑돼지 먹돼지 제주도똥돼지 문경약돌돼지 지평선돼지 수평선돼지 돼지마을 돼지촌 착한돼지 돼지우리 돈돼지 다돼지 충전돼지 꿀돼지 꽃돼지….etc…
​
ㅡ” 돼지~ “글자자리가 생난리다.
​
ㅡ대전시의 공간와 대감 &세종시의 공감와 사감’에 오감와  육감 &통감와 꽂감 &홍시와 ㅅ
​
ㅡ(유성구봉명동 )송림와 Gmart &황우와 따봉 &INFRA와 스탕달호텔‘HOTEL’Stendhal &닥터부스터태닝‘
‘유스케어동(유성구봉명동536-8’번지)와 파피죤스‘아웃백 /(세종시아름동 )황소와 단비 &MEXICANA와 GS25 /(유성구반석동 )MEXICANA와 초근목피한의원 &(반석동 654-2번지)서리서리멸치국수전문점와 Mayhair /(동구소랑길 64,삼성동104)반디와 (동구소제동299-88)대전버거‘taejonburger &(서구한밭대로570번길29-12)워커스호텔 대전월평by아늑‘와 워커스버거(동구새둑길180.세종시어진동 547, 세종시절재로 194, 대전동구 새둑길180, 전주완산구 마전중앙로22) /(동구성남동)쌈마이대패와 계림 &노브랜드‘Nobland와 쿠팡‘coupang’공임나라 /(동구용운동)쌈패와 이얀Ean &웰빙와 하나.
​
쌈패
부사동 261-6
도마동 142 20번지
지족북로66번길 82
가오동 은어송초교근처
백룡로 140
송촌동 506 5번지
쌈마이대패
가양동 404 4번지
유천동 186-1
도마동 23-18
상대동로36번길 59
판암1동 478-1
원도안로 47
성남동 503-14
대종로 624",https://blog.naver.com/yjsjhs/224257334378,전화통화 신분확인.말을못해서 말을하지않는게아니다,20260419,2026-04-27 16:35:11
세븐일레븐 쿡인페이퍼 즉석오징어짬뽕,2026년 2월 신규등록 제조업체,",&quot;화력 발전업&quot;,&quot;전기, 열&quot;,&quot;20260202&quot; &quot;(주)전주페이퍼&quot;,&quot;전북특별자치도 전주?,&quot;신문용지 제조업 외 5... 후라이드 오징어, 전통부각, 전통부각, 전통부각&quot;,&quot;20260202&quot; &quot;주식회사 977에프로보틱스... ","2026년 2월중에 새로이 등록/변경
된 전국의 제조업체는 2,240여개가 됩니다. 제공자료는 회사명/주소/전화번호/업종/생산품목/규모/종업원수/등록일자/공단등의 엑셀자료입니다.
​
자료가 필요하신 분은 010-2646-0756 으로 문자로 문의해주시면
가격
등 안내해드리도록 하겠습니다.
​
회사명/소재지/업종명/생산품/등록일
""주식회사 리하이"",""경상북도 경주시 건천"",""무인 항공기 및 무인 비행장치 제조업"",""무인항공기(드론)"",""20260201""
""진명테크(주)"",""경상북도 경주시 천북"",""운송장비 조립용 플라스틱제품 제조업"",""DUCT FLOOR ASSY,PROTECTOR외"",""20260201""
""유한회사 제일전기"",""전북특별자치도 전주?,""배전반 및 전기 자동제어반 제조업"",""배전반 및 전기제어반 등 부분품(배전기, 보드 등)"",""20260202""
""(주)전주파워"",""전북특별자치도 전주?,""화력 발전업"",""전기, 열"",""20260202""
""(주)전주페이퍼"",""전북특별자치도 전주?,""신문용지 제조업 외 5 종"",""종이류(신문용지, 출판용지, 산업용지), 종이류(신문용지, 출판용지, 산업용지), 전기, 전기, 전기, 종이류"",""20260202""
""노빅(주)"",""전북특별자치도 전주?,""방송장비 제조업 외 5 종"",""영상감시장치, 차량번호판독시스템, 영상감시장치, 차량번호판독시스템, 영상감시장치, 차량번호판독시스템"",""20260202""
""케이코튼 주식회사"",""전북특별자치도 익산?,""부직포 및 펠트 제조업"",""육즙패드, 건티슈 등"",""20260202""
""주식회사카비스"",""전북특별자치도 익산?,""그 외 자동차용 신품 부품 제조업"",""자동차용 에어필터, 에어컨필터"",""20260202""
""(주)한풍제약"",""전북특별자치도 완주?,""그 외 기타 의료용품 및 의약 관련제품 제조업"",""의약품"",""20260202""
""(주)뉴템즈"",""경상남도 함안군 법수"",""선박 구성 부분품 제조업 외 2 종"",""선박구성부분품"",""20260202""
""삼영엠텍(주)"",""경상남도 함안군 칠서"",""육상 금속 골조 구조재 제조업 외 3 종"",""발전설비,선박엔진, 발전설비,선박엔진, 발전설비,선박엔진, 발전설비,선박엔진"",""20260202""
""태안기공(주)"",""경상남도 함안군 칠북"",""승강기 제조업"",""엘리베이터 부분품"",""20260202""
""(주)하늘바이오 농업회사법인 제2부지"",,""과자류 및 코코아 제품 제조업 외 4 종"",""전통부각, 후라이드 오징어, 전통부각, 전통부각, 전통부각"",""20260202""
""주식회사 977에프로보틱스"",""강원특별자치도 원주?,""금속 절삭기계 제조업 외 1 종"",""금속선반,절삭나사, 로봇팔 튀김기"",""20260202""
""주식회사 대동시스템창호"",""강원특별자치도 원주?,""플라스틱 창호 제조업"",""플라스틱 창호"",""20260202""
""성진상사 주식회사"",""강원특별자치도 속초?,""기타 수산동물 가공 및 저장 처리업 외 3 종"",""냉동 붉은 대게살, 냉동 붉은 대게살, 냉동 붉은 대게살, 냉동 붉은 대게살"",""20260202""
""자인테크놀로지(주)"",""강원특별자치도 영월?,""물질 검사, 측정 및 분석기구 제조업 외 1 종"",""유량계(초음파식 수도계량기), 속도계 및 적산계기 제조업"",""20260202""
""(주)원영기업"",""경상남도 김해시 진영"",""자동차용 금속 압형제품 제조업"",""자동차부품"",""20260202""
""경광금속"",,""그 외 기타 식료품 제조업"",""호두가루"",""20260202""
""건영산업(주)"",""경상남도 김해시 주촌"",""자동차용 신품 조향장치 및 현가 장치 제조업 외 4 종"",""산업기계,자동차부품제조, 산업기계,자동차부품제조, 산업기계,자동차부품제조, 산업기계,자동차부품제조,"",""20260202""
""(주)테스크"",""경상북도 김천시 어모"",""그 외 자동차용 신품 부품 제조업 외 9 종"",""자동차용 매연 저감장치, 자동차용 매연 저감장치, 자동차용 매연 저감장치, 자동차용 매연 저감장치, 자동"",""20260202""
""케이엘테크(주)"",""경상북도 구미시 옥계"",""분사기 및 소화기 제조업 외 3 종"",""비데 및 수전금구류, 비데 및 수전금구류, 욕실가구, 욕실가구"",""20260202""
""(주)엠엠티에스엠"",""경상북도 구미시 산동"",""자동차용 신품 동력전달장치 제조업"",""자동차부품 / DIFF CUP, CENTRAL PLATE"",""20260202""
""(주)삼영이앤피"",""경상북도 구미시 산동"",""액체 여과기 제조업 외 1 종"",""기타 전자부품, 액체 여과기"",""20260202""
""토킹와이즈산업"",""경상북도 구미시 산동"",""식품 위생용 종이 상자 및 용기 제조업"",""포장용 상자제품"",""20260202""
""(주)나현"",,""운송장비 조립용 플라스틱제품 제조업"",""자동차부품(플라스틱)"",""20260202""
""(주)선율"",""경상북도 경산시 진량"",""일반용 전기 조명장치 제조업 외 1 종"",""전자칠판, led 조명기구"",""20260202""
""주식회사 재경산업"",""경상북도 고령군 성산"",""그 외 금속 압형제품 제조업 외 1 종"",""강관 PIPE 부분품, 강관 PIPE"",""20260202""
""판암애드 주식회사"",""경상북도 성주군 용암"",""간판 및 광고물 제조업 외 1 종"",""간판 및 옥외광고물, 광고용 조명장치, 간판 및 옥외광고물, 광고용 조명장치"",""20260202""
""한국NSK(주)"",""경상남도 창원시 성산"",""구름베어링 제조업"",""Ball Bearing"",""20260202""
""천부기업 주식회사"",""전라남도 화순군 도곡"",""일반철물 제조업 외 2 종"",""맨홀추락방지시설, 맨홀추락방지시설, 맨홀추락방지시설"",""20260202""
""농업회사법인 대동해남만호 유한회사"",""전라남도 해남군 황산"",""과실 및 그 외 채소 절임식품 제조업"",""절임배추"",""20260202""
""안개핀조경(주)"",""전라남도 함평군 대동"",""그 외 기타 분류 안된 금속 가공 제품 제조업 외 4 종"",""쿨링포그, 쿨링포그시스템 전용 자동제어반, 쿨링포그시스템 지주형 조명장치, 증발냉방장치 공기정화시스"",""20260202""
""(주)디에이치스틸"",""전라남도 함평군 해보"",""육상 금속 골조 구조재 제조업 외 2 종"",""골조 구조용 절단가공 철강재, 골조 구조용 절단가공 철강재, 골조 구조용 절단가공 철강재"",""20260202""
""(주)디엠산업"",""경상북도 경주시 천북"",""그 외 자동차용 신품 부품 제조업 외 1 종"",""자동차 신품 시트"",""20260202""
""주식회사 대서푸드"",""충청남도 천안시 서북"",""육류 포장육 및 냉동육 가공업 (가금류 제외)"",""돼지양념구이"",""20260202""
""주식회사 비링커"",""충청남도 천안시 서북"",""그 외 기타 특수목적용 기계 제조업"",""기계부품(로봇용 구동 부품)"",""20260202""
""주식회사 로드에프(road.F)"",""충청남도 아산시 배방"",""치약, 비누 및 기타 세제 제조업"",""세탁세제"",""20260202""
""케이비오토텍(주)"",""충청남도 아산시 탕정"",""산업용 냉장 및 냉동 장비 제조업 외 3 종"",""에어필터 등, HVAC 등, 통풍시트, 히터,오일쿨러,콘덴서, 에바 등"",""20260202""
""유한회사 럭키중공업"",""충청남도 논산시 상월"",""육상 금속 골조 구조재 제조업"",""철강구조물, 잡철물, 창호"",""20260202""
""(주)유창"",""충청남도 당진시 송악"",""육상 금속 골조 구조재 제조업 외 1 종"",""C-형강, Desk Plate, PIPE, C-형강, Desk Plate, PIPE"",""20260202""
""(주)덕양가스(당진)"",""충청남도 당진시 석문"",""수소 제조업 외 1 종"",""산업용가스(초고순도가스, 혼합가스, 표준가스), 산업용가스(초고순도가스, 혼합가스, 표준가스)"",""20260202""
""주식회사 글로벌신우"",,""일반철물 제조업"",""소방배관"",""20260202""
""(주)윤테크"",""충청남도 당진시 신평"",""기타 구조용 금속제품 제조업"",""소화분기배관"",""20260202""
""주식회사 로드에프(road.F)"",,""치약, 비누 및 기타 세제 제조업"",""주방세제, 합성세제, 세정제, 섬유유연제, 세탁세제"",""20260202""
""대성정밀"",""경기도 포천시 가산면"",""금속 가구 제조업 외 8 종"",""금속캐비닛,모니터스탠드손잡이,철가공품,철가공부분품,밧데리충전기,플라스틱휴대폰보관함, 빗물제거기,"",""20260202""
""(주)씨유스킨"",""충청북도 청주시 흥덕"",""화장품 제조업"",""화장품원료"",""20260202""
""(주)담은푸드"",""충청북도 옥천군 옥천"",""빵류 제조업"",""붕어빵, 호두과자 등"",""20260202""
""파인그린 농업회사법인(주)"",""충청북도 증평군 증평"",""기타 과실ㆍ채소 가공 및 저장 처리업"",""과채가공품(간양파등), 천연향신료(간마늘등), 서류가공품(감자다이스등)"",""20260202""
""(주)아주엔지니어링"",""충청북도 음성군 음성"",""기기용 자동측정 및 제어장치 제조업 외 1 종"",""프로세스제어반류, 프로세스제어반류"",""20260202""
""씨케이글로벌 주식회사"",""충청북도 음성군 맹동"",""수산동물 훈제, 조리 및 유사 조제식품 제조업 외 2 종"",""훈제연어, 조미연어, 날치알, 훈제연어, 조미연어, 날치알, 훈제연어, 조미연어, 날치알"",""20260202""
""(주)다츠에너지"",""충청북도 음성군 대소"",""에너지 저장장치 제조업"",""PCS"",""20260202""
""(주)명신케미칼"",""충청북도 음성군 삼성"",""아스팔트 콘크리트 및 혼합제품 제조업"",""유화아스팔트"",""20260202""
""주식회사 가천기업"",""충청북도 단양군 매포"",""비금속광물 분쇄물 생산업"",""중질탄산칼슘"",""20260202""
""(주)씨티알 천안2공장"",""충청남도 천안시 동남"",""그 외 자동차용 신품 부품 제조업 외 3 종"",""공조기부품, 공조기부품, 공조기부품, 공조기부품"",""20260202""
""(주)씨티알 천안3공장"",""충청남도 천안시 동남"",""그 외 자동차용 신품 부품 제조업"",""공조기부품"",""20260202""
""(주)씨티알 천안4공장"",""충청남도 천안시 동남"",""그 외 자동차용 신품 부품 제조업 외 3 종"",""오디오,에어콘, 오디오,에어콘, 오디오,에어콘, 오디오,에어콘"",""20260202""
""(주)에스에프에이"",""경기도 화성시 동탄구"",""산업용 로봇 제조업 외 3 종"",""컨베이어 장치, 그 외 기타 특수목적용 기계, 기기용 자동측정 및 제어장치, 산업용로보트, 산업설비(공장"",""20260202""
""채움테크"",""경기도 광주시 도척면"",""일반용 전기 조명장치 제조업 외 7 종"",""가로등주, 컴퓨터, ., 주차관제장치, ., 조명기구, 비상벨, CCTV"",""20260202""
""양주연합농협미곡종합처리장"",""경기도 양주시 남면 ?,""곡물 도정업"",""쌀"",""20260202""
""주식회사 삼명"",""경기도 포천시 소흘읍"",""기타 편조의복 액세서리 제조업 외 1 종"",""장갑, 양말"",""20260202""
""주식회사 피플코리아"",""경기도 포천시 군내면"",""기타 산업용 유리제품 제조업"",""발포유리패널"",""20260202""
""주식회사 뜨라페코르크"",""경기도 포천시 군내면"",""코르크 및 조물제품 제조업"",""코팅 및 컬러 코르크"",""20260202""
""청년판금"",,""절삭가공 및 유사처리업"",""케이스"",""20260202""
""(주)아주테크"",""경기도 김포시 양촌읍"",""컴퓨터 제조업 외 5 종"",""기타 주변기기 등, 기타 주변기기 등, 기타 주변기기 등, 기타 주변기기 등, 기타 주변기기 등, 기타 주변"",""20260202""
""(주)아하"",""경기도 김포시 양촌읍"",""컴퓨터 제조업 외 13 종"",""기타 주변기기 등, 기타 주변기기 등, 기타 주변기기 등, 기타 주변기기 등, 기타 주변기기 등, 기타 주변"",""20260202""
""(주)디와이엠앤피"",""경기도 김포시 대곶면"",""탭, 밸브 및 유사장치 제조업 외 1 종"",""댐퍼밸브, 부속품"",""20260202""
""주식회사 수복산업"",""경기도 김포시 대곶면"",""그 외 기타 달리 분류되지 않은 제품 제조업 외 1 종"",""시선유도봉, 도로안전봉외"",""20260202""
""오엠테크"",""경기도 시흥시 군자천"",""주형 및 금형 제조업"",""금형"",""20260202""
""주식회사 그린스미스"",""경기도 하남시 미사강"",""배전반 및 전기 자동제어반 제조업"",""전동기제어반(쿨링포그 제어반)"",""20260202""
""(주)일신테크"",""경기도 용인시 처인구"",""일반용 전기 조명장치 제조업"",""LED 실내외 조명기구, 경관조명기구 등"",""20260202""
""농업회사법인(주)순우리"",,""육류 포장육 및 냉동육 가공업 (가금류 제외)"",""한우 냉동육 가공"",""20260202""
""(주)빙글"",""경기도 용인시 기흥구"",""그 외 기타 전자부품 제조업 외 1 종"",""커넥터 보드, 디자인"",""20260202""
""(주)세종디피아이"",,""기타 인쇄업"",""종이박스"",""20260202""
""단비환경건설"",""경기도 이천시 백사면"",""금속탱크 및 저장용기 제조업 외 1 종"",""오수탱크, 드럼스크린, 수처리 환경기자재"",""20260202""
""(주)보스톤코리아"",""경기도 이천시 마장면"",""플라스틱 창호 제조업"",""플라스틱창호"",""20260202""
""(주)청암 이천지점"",""경기도 이천시 대월면"",""구조용 금속 판제품 및 공작물 제조업"",""조립식 샌드위치 패널"",""20260202""
""(주)밀레네식품"",""경기도 이천시 설성면"",""곡물 제분업 외 2 종"",""메밀가루, 프리믹스, 메밀가루, 프리믹스, 전분"",""20260202""
""(주)코리아인더스"",""경기도 안산시 단원구"",""컨베이어장치 제조업 외 1 종"",""산업기계외"",""20260202""
""(주)한국라이신화공사"",""경기도 안산시 단원구"",""그 외 기타 분류 안된 화학제품 제조업 외 1 종"",""-, 세관제등"",""20260202""
""제이에스테크노스(주)"",""경기도 안산시 단원구"",""금속탱크 및 저장용기 제조업"",""산업용 소음기,  탱크 및 용기"",""20260202""
""주식회사 한국엠엘"",""경기도 안산시 단원구"",""절삭가공 및 유사처리업"",""중장비부품"",""20260202""
""(주)와이피케이"",""경기도 안산시 단원구"",""도금업"",""전자부품(커넥터) 도금"",""20260202""
""(주)피앤씨랩스"",""경기도 오산시 가장산"",""부직포 및 펠트 제조업 외 1 종"",""마스크팩 시트 , 마스크팩"",""20260202""
""(주)세연이엔지"",""경기도 오산시 가장산"",""가정용 및 산업용 공기 조화장치 제조업"",""공기조화기, 국소 청정장치"",""20260202""
""(주)성일정밀"",""경기도 시흥시 매화산"",""그 외 기타 금속가공업"",""화장품케이스 자동차부품 등 금형 임가공"",""20260202""
""(주)영광산업"",""경기도 시흥시 군자천"",""자동차용 금속 압형제품 제조업 외 3 종"",""병마개, 화장품뚜껑(플라스틱)"",""20260202""
""(주)피앤테크"",""경기도 시흥시 군자천"",""그 외 자동차용 신품 부품 제조업"",""자동차 부품조립(사이드미러 프레임 서브)"",""20260202""
""대성ENG"",""경기도 시흥시 마유로"",""절삭가공 및 유사처리업"",""고압툭수밸브부품"",""20260202""
""(주)씨홀릭"",""경기도 성남시 중원구"",""과자류 및 코코아 제품 제조업"",""-"",""20260202""
""(주)아폴로테크"",""경기도 성남시 중원구"",""그 외 기타 전자부품 제조업 외 1 종"",""-, ESC"",""20260202""
""유메이"",""경기도 성남시 중원구"",""기타 주변기기 제조업"",""키오스크"",""20260202""
""글로벌예화"",""경기도 부천시 오정구"",""도장 및 기타 피막처리업"",""화장품용기"",""20260202""
""주식회사 우리기술"",""경기도 평택시 청북읍"",""그 외 자동차용 신품 부품 제조업 외 3 종"",""Engine부품가공, 미션부품가공, Engine부품가공, 미션부품가공, Engine부품가공, 미션부품가공, Engine부품"",""20260202""
""주식회사두잇식품소재"",""경기도 평택시 청북읍"",""천연 및 혼합조제 조미료 제조업"",""복합조미료"",""20260202""
""(주)에스엔티"",""경기도 평택시 서탄면"",""기타 가공 공작기계 제조업"",""치공구,지그제작"",""20260202""
""영성테크"",""광주광역시 광산구 하"",""주형 및 금형 제조업"",""철"",""20260202""
""(주)디에스스틸"",""광주광역시 광산구 평"",""구조용 금속 판제품 및 공작물 제조업"",""철강"",""20260202""
""캐비트론(주)"",""대전광역시 유성구 죽"",""액체 펌프 제조업 외 1 종"",""균질기,믹서기,액체펌프, 특수목적용 기계"",""20260202""
""(주)케이앤피"",""대전광역시 유성구 테"",""금속 문, 창, 셔터 및 관련제품 제조업 외 5 종"",""금속 문 등 제조, 산업용 자동도어, 산업용 환기팬, 일반조명장치 제조, 산업용 자동도어, 산업용 환기팬,"",""20260202""
""나노스코프시스템즈(주)"",""대전광역시 유성구 테"",""전자기 측정, 시험 및 분석기구 제조업 외 2 종"",""공초점 현미경, 형광 현미경, 라만 분광기 외"",""20260202""
""스탠다드에너지(주)"",""대전광역시 대덕구 문"",""기타 이차전지 제조업"",""바나듐이온배터리"",""20260202""
""강남제비스코(주)"",""대전광역시 대덕구 신"",""일반용 도료 및 관련제품 제조업"",""수성발수제"",""20260202""
""(주)온브랜딩"",""울산광역시 중구 동천"",""방송장비 제조업"",""보안용카메라 영상감시장치"",""20260202""
""(주)부국정밀"",""울산광역시 북구 중산"",""금속 절삭기계 제조업"",""GAS BLOCK, ADAPTE BLOCK"",""20260202""
""(주)민유종합물류"",""울산광역시 북구 책골"",""자동차용 신품 의자 제조업 외 1 종"",""창고, 자동차 의자 패드"",""20260202""
""(주)탑아이엔디"",""울산광역시 울주군 언"",""자동차 차체용 신품 부품 제조업 외 2 종"",""자동차 차체용 부품, 전기, 도장 및 기타 피막처리"",""20260202""
""(주)아이로넥스"",""경기도 수원시 권선구"",""전자축전기 제조업"",""인산철 배터리팩"",""20260202""
""(주)이노젼"",""경기도 수원시 권선구"",""전시 및 광고용 조명장치 제조업 외 4 종"",""전기·전자 제어 및 신호처리용 전자회로기판, 자동 측정 및 제어용 제어모듈, 자동 측정 및 제어용 제어모"",""20260202""
""노스포인트"",""경기도 수원시 권선구"",""반도체 제조용 기계 제조업"",""자동화설비, 인덱스시스템"",""20260202""
""대원에스앤씨"",""경기도 수원시 권선구"",""배전반 및 전기 자동제어반 제조업"",""전기제어 판넬"",""20260202""
""아이탑스오토모티브(주)"",""경기도 수원시 권선구"",""그 외 자동차용 신품 부품 제조업 외 3 종"",""AHLS(보행자충돌안전시스템), AHLS(보행자충돌안전시스템), AHLS(보행자충돌안전시스템), AHLS(보행자충돌"",""20260202""
""지우정밀"",""경기도 수원시 권선구"",""메모리용 전자집적회로 제조업"",""반도체 부품가공"",""20260202""
""(주)진명아이앤씨"",""대구광역시 달성군 현"",""기타 음향기기 제조업 외 14 종"",""정보통신,음향,방송기기, 정보통신,음향,방송기기, 정보통신,음향,방송기기, 정보통신,음향,방송기기, 정보"",""20260202""
""오스템임플란트 주식회사"",""인천광역시 연수구 첨"",""그 외 기타 의료용 기기 제조업 외 3 종"",""구강스캐너, 3D프린터, 구강카메라, 치과용 영상장비, 유니트체어, 밀링기, 미백기, 디텍터, 구강센서"",""20260202""
""(주)아이제이텍"",""인천광역시 남동구 남"",""주형 및 금형 제조업 외 1 종"",""금형 치공구, 금형 치공구"",""20260202""
""(주)자동기"",""인천광역시 남동구 남"",""기타 물품 취급장비 제조업 외 18 종"",""방향지시등, 차체덮개, 기계, 기계, 기계, 기계, 기계, 기계, 기계, 기계, 기계, 기계, 기계, 기계, 살포기"",""20260202""
""에스엘티(주)"",""인천광역시 남동구 승"",""절삭가공 및 유사처리업"",""치공구세트"",""20260202""
""(주)솔리티"",""인천광역시 계양구 서"",""일반철물 제조업"",""디지털도어락"",""20260202""
""원벤딩"",""부산광역시 강서구 녹"",""그 외 기타 분류 안된 금속 가공 제품 제조업"",""금속벤딩"",""20260202""
""주식회사 디에이이엔지"",""부산광역시 강서구 미"",""선박 구성 부분품 제조업"",""집진설비 2차전지 이송설비"",""20260202""
""(주)유성엘리베이터"",""부산광역시 사상구 사"",""승강기 제조업"",""승강기 부품"",""20260202""
""주식회사 코넥스트"",""대구광역시 동구 동내"",""기초 의약 물질 제조업"",""TDzyme(조직분해효소)"",""20260202""
""성우엔지니어링"",""대구광역시 북구 3공?,""절삭가공 및 유사처리업"",""기계부품가공"",""20260202""
""(주)금강밸브"",""대구광역시 달서구 성"",""탭, 밸브 및 유사장치 제조업"",""BALL 밸브"",""20260202""
""대리푸레나"",""대구광역시 달서구 성"",""그 외 기타 금속가공업"",""금속가공품"",""20260202""
""재영테크"",""대구광역시 달서구 성"",""그 외 기타 금속가공업"",""산업기계부품"",""20260202""
""한일알엠씨(주)"",""대구광역시 달성군 화"",""레미콘 제조업"",""레미콘"",""20260202""
""(주)경림이앤지"",""서울특별시 성동구 성"",""방송장비 제조업 외 8 종"",""방송장비, 영상감지장치, LED경관조명, 컴퓨터서버 외, 방송장비, 영상감지장치, LED경관조명, 컴퓨터서버"",""20260202""
""(주)아이아이에스티"",""서울특별시 금천구 디"",""방송장비 제조업 외 9 종"",""인공지능 CCTV, 전자부품 실장 외, PCB, PCB 외, 서버, 네트워크스위치, 원격제어단말기 외, 안내전광판,"",""20260202""
""(주)에스씨티"",""서울특별시 금천구 가"",""산업처리공정 제어장비 제조업 외 3 종"",""플랜트엔지니어링, GAS CABINET , 플랜트엔지니어링, GAS CABINET"",""20260202""
""(주)이븐어스"",""서울특별시 금천구 디"",""절삭가공 및 유사처리업"",""금속명찰"",""20260202""
""민성산업"",""전북특별자치도 군산?,""혼성 및 재생 플라스틱 소재 물질 제조업"",""플라스틱재생원료"",""20260203""
""주식회사 아주유리산업"",""전북특별자치도 익산?,""기타 판유리 가공품 제조업"",""유리, 복층유리"",""20260203""
""(주)퍼펙어셈블"",""전북특별자치도 완주?,""그 외 자동차용 신품 부품 제조업"",""사이드미러"",""20260203""
""(주)금강정공"",""경상남도 함안군 군북"",""구조용 금속 판제품 및 공작물 제조업 외 2 종"",""미끄럼 방지 포장재, 가드레일, 난간, 교통표지판 등, 가드레일, 난간, 교통표지판 등"",""20260203""
""주식회사 고려노벨화약"",""경상남도 고성군 마암"",""화약 및 불꽃제품 제조업"",""산업용폭약, 뇌관"",""20260203""
""영농조합법인 제주동원"",""제주특별자치도 제주?,""가금류 가공 및 저장 처리업"",""닭고기"",""20260203""
""가진기업(주)"",""강원특별자치도 횡성?,""산업용 냉장 및 냉동 장비 제조업 외 4 종"",""자동제어,히트펌프, 자동제어,히트펌프, 자동제어,히트펌프, 자동제어,히트펌프, 자동제어,히트펌프"",""20260203""
""어업회사법인 주식회사 가림"",""경상남도 사천시 청송"",""기타 수산동물 가공 및 저장 처리업"",""피조개, 붕장어"",""20260203""
""(주)피엠텍"",""경상남도 김해시 한림"",""플라스틱 필름 제조업 외 1 종"",""플라스틱 필름, 시트"",""20260203""
""삼호산업"",""경상남도 김해시 생림"",""그 외 자동차용 신품 부품 제조업 외 2 종"",""자동차부품, 자동차부품, 전기"",""20260203""
""서원크린테크(주)"",""경상남도 김해시 생림"",""기타 건축용 플라스틱 조립제품 제조업"",""물탱크세트"",""20260203""
""에스아이디(SID)"",""경상북도 구미시 옥계"",""톱 및 호환성 공구 제조업"",""전착공구"",""20260203""
""주식회사 삼형스포메디"",""경상북도 경산시 압량"",""체조, 육상 및 체력단련용 장비 제조업"",""야외운동기구,체력단력기구"",""20260203""
""삼익기전(주)"",""경상북도 경산시 자인"",""가정용 및 산업용 공기 조화장치 제조업"",""산업용냉각기"",""20260203""
""주식회사 꿀마실 농업회사법인"",""경상북도 예천군 용문"",""그 외 기타 식료품 제조업"",""벌꿀가공식품(벌꿀스틱)"",""20260203""
""주식회사 상화콘크리트"",""경상북도 봉화군 봉화"",""콘크리트 타일, 기와, 벽돌 및 블록 제조업 외 1 종"",""보차도용블록, 옹벽블록, 보강토블록, 대리석"",""20260203""
""(주)매트론"",""경상남도 창원시 의창"",""그 외 기타 전자부품 제조업 외 8 종"",""전력선 통신용 부품, 온도 센서, 습도 센서, 가스 센서, 선박내 통신장치, 자동차용 교류기 제조, 기타 재"",""20260203""
""신도 솔루션 사무기"",""경상남도 창원시 의창"",""컴퓨터 프린터 제조업 외 1 종"",""프린터 잉크공급장치, 데스크탑 컴퓨터"",""20260203""
""한국코벨코용접(주)"",""경상남도 창원시 의창"",""철강선 제조업"",""용접재료(FLUX CORED WIRE)"",""20260203""
""서오기술"",""경상남도 창원시 성산"",""배전반 및 전기 자동제어반 제조업"",""제어반, servo, cable"",""20260203""
""주식회사 죽호바람"",""전라남도 구례군 광의"",""장식용 목제품 제조업 외 1 종"",""죽세공품, 전통부채"",""20260203""
""유한회사 해보"",""전라남도 영암군 삼호"",""수상 금속 골조 구조재 제조업"",""풍력 및 태양광 발전 기초구조물"",""20260203""
""(주)일진"",""경상북도 경주시 유림"",""그 외 자동차용 신품 부품 제조업 외 4 종"",""BALL JOINT류, FLY WHEEL류,  ,  ,  ,"",""20260203""
""(주) 신일"",""충청남도 천안시 서북"",""플라스틱 포대, 봉투 및 유사제품 제조업"",""쓰레기봉투"",""20260203""
""(주)이지팜스"",""충청남도 천안시 서북"",""배합 사료 제조업"",""배합사료"",""20260203""
""(주)한창이지엠 제3공장"",""충청남도 천안시 서북"",""그 외 자동차용 신품 부품 제조업"",""자동차 제동장치용 ECU"",""20260203""
""이우코퍼레이션(주)"",""충청남도 보령시 청소"",""기타 건축용 나무제품 제조업 외 2 종"",""주택용 목제품, 기타 건축용 나무제품, 판재, 각재, 주택용 목재품"",""20260203""
""이누스 주식회사"",""충청남도 아산시 탕정"",""위생용 및 산업용 도자기 제조업 외 3 종"",""요업제품, 요업제품, 위생도기, 요업제품"",""20260203""
""대림테크(주) 2공장"",""충청남도 아산시 둔포"",""주형 및 금형 제조업"",""금형(자동차부품 제작용)"",""20260203""
""주식회사 디와이테크"",""충청남도 아산시 영인"",""자동차 차체용 신품 부품 제조업"",""자동차부품"",""20260203""
""(주)케이에스오토시스"",""충청남도 아산시 신창"",""그 외 기타 전자부품 제조업 외 1 종"",""CAR-CD, CD-ROM 등, CAR-CD, CD-ROM 등"",""20260203""
""(주)삼영"",""충청남도 아산시 신창"",""부직포 및 펠트 제조업"",""부직포"",""20260203""
""주식회사 학산산업"",""충청남도 논산시 광석"",""표면 가공 목재 및 특정 목적용 제재목 제조업 외 2 종"",""목재데크재 및 계단 논슬립, 막구조물, 디자인형 울타리"",""20260203""
""농업회사법인(주)청정인삼"",""충청남도 금산군 금산"",""인삼식품 제조업"",""인삼정과,홍삼액"",""20260203""
""닛소남해아그로(주)"",""전라남도 여수시 여수"",""화학 살균.살충제 및 농업용 약제 제조업"",""톱신"",""20260203""
""오씨아이(주) 광양 2공장"",""전라남도 광양시 태인"",""기타 기초 무기 화학물질 제조업 외 1 종"",""과산화수소"",""20260203""
""주식회사 에스비데크"",""경기도 연천군 청산면"",""놀이터용 장비 제조업"",""기타조경시설물(놀이터용)"",""20260203""
""명성기업(주)"",""충청북도 청주시 서원"",""그 외 자동차용 신품 부품 제조업 외 8 종"",""C/N Ring, TM Cover, PISTON, C/N Ring, TM Cover, PISTON, C/N Ring, TM Cover, PISTON, 여과기, C/N Ring"",""20260203""
""대림스포츠산업"",""충청북도 청주시 흥덕"",""구조용 금속 판제품 및 공작물 제조업 외 5 종"",""디자인형울타리, 버스승강장, 조립식구조물, 디자인형울타리, 야외운동기구, 조합놀이대, 퍼걸러, 옥외용벤"",""20260203""
""청주골김치"",""충청북도 청주시 흥덕"",""김치류 제조업 외 1 종"",""포기김치,백김치,깍두기, 포기김치,백김치,깍두기"",""20260203""
""에이치엘비펩(주)"",""충청북도 청주시 흥덕"",""기초 의약 물질 제조업 외 1 종"",,""20260203""
""자화전자(주) 제2공장"",""충청북도 청주시 흥덕"",""톱 및 호환성 공구 제조업"",""초경합금공구"",""20260203""
""에이치에스디아이(HSDI)"",""충청북도 충주시 목행"",""간판 및 광고물 제조업 외 12 종"",""디자인울타리, 창살형울타리, 금속제기타울타리, 가설재울타리, 교재, 정기간행물, 팸플릿, 기타인쇄물 등,"",""20260203""
""(주)중부이엔지"",""충청북도 충주시 중앙"",""전기.전자 및 정밀기기 수리업 외 2 종"",""발전기용 엔진, 발전기, 비상발전기 수리품,발전기,발전기용 엔진"",""20260203""
""바이오맥스 주식회사"",""충청북도 보은군 삼승"",""그 외 기타 분류 안된 화학제품 제조업 외 1 종"",""벤토나이트, 벤토나이트"",""20260203""
""티에스산업 주식회사"",""충청북도 진천군 이월"",""구조용 금속 판제품 및 공작물 제조업"",""금속제외벽패널"",""20260203""
""(주)푸른공간"",""충청북도 음성군 소이"",""표면처리 및 적층 직물 제조업 외 2 종"",""식생호안블럭, 식생호안매트, 식생토낭, 식생호안블럭,식생호안매트,철망, 식생호안블럭,식생호안매트,철망"",""20260203""
""베스트스틸"",,""육상 금속 골조 구조재 제조업"",""철계단,경량철골 및 철골"",""20260203""
""(주)글로벌에스텍"",""충청북도 음성군 대소"",""일반철물 제조업 외 1 종"",""방호블록 연결기구, 구조용 콘크리트 방호벽"",""20260203""
""(주)씨티알 천안5공장"",""충청남도 천안시 동남"",""가정용 및 산업용 공기 조화장치 제조업 외 1 종"",""공기조절장치, 공기조절장치"",""20260203""
""주식회사 리마"",""충청남도 천안시 동남"",""골판지 제조업"",""골판지 포장박스"",""20260203""
""주식회사 에스씨티"",""경기도 화성시 동탄구"",""그 외 기타 전자부품 제조업 외 3 종"",""가스캐비넷, 가스캐비넷, 가스캐비넷, 가스캐비넷"",""20260203""
""씨알식품"",""경기도 포천시 소흘읍"",""수산식물 가공 및 저장 처리업"",""김밥용 김"",""20260203""
""화창엔지니어링"",""경기도 포천시 소흘읍"",""주형 및 금형 제조업 외 1 종"",""금형, 금형"",""20260203""
""메카월드푸드"",""경기도 포천시 소흘읍"",""수산식물 가공 및 저장 처리업"",""구운 김"",""20260203""
""(주)크린에코"",""경기도 포천시 내촌면"",""그 외 기타 플라스틱 제품 제조업"",""위생장갑"",""20260203""
""태림포장(주)포천공장"",""경기도 포천시 가산면"",""골판지 제조업 외 3 종"",""골판지상자,인쇄, 골판지상자,인쇄, 골판지상자,인쇄, 골판지상자,인쇄"",""20260203""
""주식회사 정방이앤씨"",""경기도 김포시 김포한"",""육상 금속 골조 구조재 제조업"",""철근 커플러"",""20260203""
""(주)기펠코리아"",""경기도 김포시 양촌읍"",""기타 물품 취급장비 제조업"",""운반하역기계"",""20260203""
""(주)기펠코리아"",""경기도 김포시 양촌읍"",""기타 물품 취급장비 제조업"",""운반하역기계 등"",""20260203""
""주식회사 달빛엘이디"",""경기도 김포시 대곶면"",""일반용 전기 조명장치 제조업"",""LED조명장치"",""20260203""
""(주)선광티앤에스"",""경기도 김포시 월곶면"",""그 외 기타 특수목적용 기계 제조업"",""의료기재 및 방사선방어장비"",""20260203""
""(주)정도"",""경기도 화성시 만세구"",""금속탱크 및 저장용기 제조업"",""금속탱크"",""20260203""
""(주)유엘신소재"",""경기도 화성시 만세구"",""배전반 및 전기 자동제어반 제조업 외 2 종"",""배전반, 제어반, 자동화설비, 플라스틱 필름, 포장용 플라스틱 성형용기"",""20260203""
""주식회사 강진산업"",""경기도 화성시 만세구"",""건설용 석제품 제조업 외 1 종"",""석재단열제품"",""20260203""
""나은플라텍"",""경기도 화성시 만세구"",""구조용 금속 판제품 및 공작물 제조업"",""건물용 금속계단 및 사다리"",""20260203""
""(주)에이케이지씨"",""경기도 하남시 조정대"",""레이더, 항행용 무선기기 및 측량기구 제조업 외 2 종"",""보드커넥터장착용 패널, 지지대 및 그 유사제품,  광다중화기, 지진계측장비"",""20260203""
""(주)이안씨앤에스"",""경기도 하남시 조정대"",""그 외 기타 플라스틱 제품 제조업 외 4 종"",""교통안전시설(델리네이터), 일반철물, 기타금속가공제품, 전광판, 간판및광고물"",""20260203""
""(주)그린터보"",""경기도 용인시 처인구"",""플라스틱 접착처리 제품 제조업 외 3 종"",""접착테크,에어펌프, 접착테크,에어펌프, 접착테크,에어펌프, 접착테크,에어펌프"",""20260203""
""(주)에스에스티랩"",""경기도 용인시 처인구"",""방사선 장치 제조업 외 1 종"",""x-ray 보안검색장치, 전신검색기, 문형금속탐지기"",""20260203""
""롯데용인씨케이 주식회사"",""경기도 용인시 기흥구"",""도시락류 제조업 외 1 종"",""도시락, 샌드위치, 햄버거 등, 도시락, 샌드위치, 햄버거 등"",""20260203""
""(주)진선방재"",""경기도 파주시 운정로"",""분사기 및 소화기 제조업"",""분사기 및 소화기"",""20260203""
""씨에프 매직(CF MAGIC)"",""경기도 파주시 가람로"",""기타 물품 취급장비 제조업 외 1 종"",""AI 직교 기반 친환경 이동식 팔레트 월 장치 , AI 직교 기반 친환경 이동식 팔레트 월 장치"",""20260203""
""대영S&B"",""경기도 파주시 조리읍"",""스크린 인쇄업"",""쇼핑백"",""20260203""
""목형의 정석"",""경기도 파주시 조리읍"",""절삭가공 및 유사처리업 외 1 종"",""고탄소강 가공 철형, 칼날 및 목형"",""20260203""
""주식회사 지에스티지"",""경기도 파주시 조리읍"",""그 외 기타 플라스틱 제품 제조업"",""인조잔디 매트"",""20260203""
""(주)대원금속"",""경기도 파주시 적성면"",""알루미늄 압연, 압출 및 연신제품 제조업"",""알루미늄제품"",""20260203""
""주식회사 디케이에프씨"",""경기도 이천시 신둔면"",""위생용 및 산업용 도자기 제조업 외 1 종"",""하이브리드 베어링 및 베어링볼 가공, 세라믹 부품"",""20260203""
""신호정밀"",""경기도 시흥시 마유로"",""볼트 및 너트류 제조업 외 2 종"",""볼트, 볼트, 볼트"",""20260203""
""엠케어 제2공장"",""경기도 성남시 중원구"",""그 외 기타 분류 안된 화학제품 제조업 외 1 종"",""에오신, 에오신"",""20260203""
""효진콘넥타"",""경기도 부천시 오정구"",""그 외 기타 금속가공업"",""전자 부품"",""20260203""
""(주)중화정밀"",""경기도 부천시 오정구"",""육상 금속 골조 구조재 제조업 외 5 종"",""금속 골조, 일반 철물제품, 철물 표시판, 주방기구 소독기, 신발 건조기, 철제 가구"",""20260203""
""원영화학 주식회사"",""경기도 부천시 오정구"",""운송장비 조립용 플라스틱제품 제조업 외 1 종"",""자동차 소형부품, 차간기 사출품 등, 자동차 소형부품, 차간기 사출품 등"",""20260203""
""폰토스"",""경기도 안산시 상록구"",""전시용 모형 제조업 외 2 종"",""사인물,광고물,설명패널, 실물모형, 체험전시모형, 사인물,광고물,설명패널, 실물모형, 체험전시모형, 사인"",""20260203""
""(주)라온씨앤에프"",""경기도 안산시 단원구"",""기타 목재가구 제조업"",""목재가구"",""20260203""
""승호지앤피(주)"",""광주광역시 광산구 평"",""그 외 기타 금속가공업"",""자동차부품"",""20260203""
""희경 주식회사"",""광주광역시 광산구 평"",""구조용 금속 판제품 및 공작물 제조업"",""금속천장재 외"",""20260203""
""주식회사 아우디조명"",""대전광역시 대덕구 오"",""일반용 전기 조명장치 제조업 외 5 종"",""LED조명기구, LED조명기구, LED조명기구, LED조명기구, LED조명기구, LED조명기구"",""20260203""
""대영테크"",""대전광역시 대덕구 대"",""절삭가공 및 유사처리업"",""CNT X-ray tube 전극부품"",""20260203""
""(주)아이제이"",""울산광역시 북구 중산"",""그 외 기타 일반목적용 기계 제조업 외 1 종"",""전기, 기계설비, 자동화설비, 가스설비, 배관"",""20260203""
""(주)영광"",""울산광역시 울주군 청"",""그 외 기타 일반목적용 기계 제조업"",""Drilling Machine"",""20260203""
""(주)서현"",""세종특별자치시 금남?,""금속 문, 창, 셔터 및 관련제품 제조업 외 2 종"",""금속제 패널, 판넬, 금속제창호"",""20260203""
""(주)알이"",""경기도 수원시 권선구"",""그 외 기타 전자부품 제조업 외 1 종"",""로봇콘트롤러, 로봇콘트롤러"",""20260203""
""(주)에이치앤티솔루션"",""경기도 수원시 권선구"",""기타 반도체소자 제조업"",""반도체 부품, 반도체 장비"",""20260203""
""삼보모터스(주)"",""대구광역시 달성군 구"",""기어 및 동력전달장치 제조업 외 1 종"",""로터아세이, PLATE류, 로터아세이, PLATE류"",""20260203""
""(주)알앤에이시스템"",""인천광역시 미추홀구"",""방송장비 제조업 외 3 종"",""방송장비, 전원공급장치, 전광판, 배전조정장치"",""20260203""
""한엑스(주)"",""인천광역시 남동구 남"",""그 외 기타 일반목적용 기계 제조업"",""밸브모듈, 유니트 모듈 외"",""20260203""
""(주)비엔씨글로벌 남동캠퍼스"",""인천광역시 남동구 남"",""그 외 기타 의료용품 및 의약 관련제품 제조업"",""조직수복용생체재료, 조직수복용재료"",""20260203""
""(주)폴텍"",""인천광역시 남동구 청"",""기어 및 동력전달장치 제조업 외 1 종"",""ROLL가공, ROLL가공"",""20260203""
""대안스틸(주)"",""인천광역시 남동구 남"",""목재문 및 관련제품 제조업 외 1 종"",""건축자재, 철물"",""20260203""
""영민금속"",""인천광역시 서구 원전"",""볼트 및 너트류 제조업 외 3 종"",""나사제품, 임대, 나사제품, 나사제품"",""20260203""
""현대에스엠"",""부산광역시 강서구 호"",""구조용 금속 판제품 및 공작물 제조업 외 13 종"",""구조용 금속 판제품, 공작물 제조업,  ,  ,  ,  ,  ,  ,  ,  ,  ,  ,  ,"",""20260203""
""(주)메손플러스"",""부산광역시 강서구 과"",""그 외 기타 특수목적용 기계 제조업 외 1 종"",""진공플라즈마 코팅 서비스 및 시스템, 진공플라즈마 코팅 서비스 및 시스템"",""20260203""
""에스에스ENG"",""부산광역시 강서구 미"",""유압기기 제조업 외 1 종"",""산업용 펌프, 산업용 펌프"",""20260203""
""(주)현대프라텍"",""부산광역시 강서구 신"",""고무, 화학섬유 및 플라스틱 성형기 제조업 외 2 종"",""전기, 플라스틱 사출성형기, 플라스틱 사출성형기"",""20260203""
""주식회사 이엠에스"",""부산광역시 사상구 사"",""산업처리공정 제어장비 제조업"",""자동화기계제작"",""20260203""
""(주)씨엔컴퍼니"",""부산광역시 기장군 장"",""기타 전기 변환장치 제조업 외 1 종"",""주방기기류   , 주방기기류"",""20260203""
""(주)티엠디랩"",""서울특별시 성동구 광"",""그 외 기타 의료용 기기 제조업"",""누도스텐트, 혈관스텐트"",""20260203""
""(주)디지털나이스"",""서울특별시 강서구 양"",""그 외 기타 전자부품 제조업"",""Cable Ass'y"",""20260203""
""성호전자(주)"",""서울특별시 금천구 가"",""전자축전기 제조업 외 1 종"",""필름 커패시터(콘덴서), SH드림타워 시행사"",""20260203""
""씨엔케이"",""서울특별시 관악구 남"",""패션, 섬유류 및 기타 전문 디자인업"",""라벨"",""20260203""
""동일조선(주)"",""부산광역시 사하구 감"",""강선 건조업 외 13 종"",""선박, 선박구성품, 선박, 선박구성품, 선박, 선박구성품, 선박, 선박구성품, 선박, 선박구성품, 선박, 선박"",""20260203""
""주식회사 지신"",""부산광역시 강서구 평"",""금속 표시판 제조업"",""도로안전시설물"",""20260203""
""(주)하임디자인"",""전북특별자치도 군산?,""구조용 금속 판제품 및 공작물 제조업"",""스틸 그레이팅"",""20260204""
""형제레이저(주)"",""전북특별자치도 김제?,""자동차 차체용 신품 부품 제조업"",""자동차 및 농기계 제품"",""20260204""
""(주)에스알"",""경상남도 김해시 대동"",""기타 기초 무기 화학물질 제조업 외 1 종"",""니켈산화물 리튬용액, 니켈산화물 리튬용액"",""20260204""
""(주)에스제이테크"",""경상남도 김해시 대동"",""전자부품 실장기판 제조업"",""인쇄회로기판조립"",""20260204""
""에스제이테크"",""경상남도 김해시 대동"",""그 외 기타 일반목적용 기계 제조업"",""그 외기타일반 목적용 기계제조업"",""20260204""
""부림산업"",""경상남도 함안군 대산"",""구조용 금속 판제품 및 공작물 제조업"",""철 구조물 제작 설치"",""20260204""
""(주)하성"",,""구조용 금속 판제품 및 공작물 제조업 외 1 종"",""보행매트, 금속제울타리"",""20260204""
""주식회사 동양이엔씨"",""강원특별자치도 춘천?,""배전반 및 전기 자동제어반 제조업"",""빌딩자동제어장치"",""20260204""
""(주)삼연금속"",""경상남도 창원시 진해"",""볼트 및 너트류 제조업 외 3 종"",""u 볼트, STUD볼트, HEX볼트, u 볼트, STUD볼트, HEX볼트, u 볼트, STUD볼트, HEX볼트, u 볼트, STUD볼트, H"",""20260204""
""삼현단조 주식회사"",""경상남도 사천시 사천"",""금속 단조제품 제조업"",""자동차부품(기어류,축류)"",""20260204""
""우리엔지니어링"",""경상남도 김해시 주촌"",""구조용 금속 판제품 및 공작물 제조업"",""철 구조물"",""20260204""
""(주)성덕중공업"",""경상남도 김해시 한림"",""선박 구성 부분품 제조업 외 5 종"",""가드레일, 금속기둥, 도로표지판, 가로등주, 신호등주, 선박부품"",""20260204""
""(주)한빛이노텍"",""경상남도 김해시 상동"",""그 외 기타 특수목적용 기계 제조업 외 13 종"","" 정유기,유수분리기,태양광발전장치,조명장치,  ,  ,  ,  ,  ,  ,  ,  ,  ,  ,  ,  ,"",""20260204""
""주식회사 엘파워텍"",""경상남도 김해시 상동"",""그 외 기타 특수목적용 기계 제조업 외 13 종"","" ,  ,  ,  ,  ,  ,  ,  ,  ,  ,  ,  , 태양광발전장치,조명장치,"",""20260204""
""(주)미래테크"",""경상남도 김해시 대동"",""일반용 전기 조명장치 제조업"",""일반용조명전기 장치 제조업"",""20260204""
""(주)세진에스티"",""경상남도 김해시 대동"",""절삭가공 및 유사처리업"",""cnc컴퓨터 산소절단"",""20260204""
""(주)송원하이텍3공장"",""경상남도 김해시 대동"",""그 외 금속 압형제품 제조업 외 1 종"",""MOTOR AN, PLUG, SHAFT 外, 전력"",""20260204""
""삼백레미콘(주)"",""경상북도 상주시 외서"",""레미콘 제조업 외 1 종"",""레미콘, 아스콘"",""20260204""
""주식회사 킴텍"",""경상남도 창원시 의창"",""액체 여과기 제조업 외 1 종"",""정수기 부품 사출성형 및 조립, 금형"",""20260204""
""대풍기계(주)"",""경상남도 창원시 의창"",""농업 및 임업용 기계 제조업"",""농기계"",""20260204""
""(주)에이치엠티"",""경상남도 창원시 마산"",""강선 건조업 외 3 종"",""선박 및 선박 구성품 제조, 군용선박(경비선), 군용선박(순시선), 군용선박(오염관리선), 기중기선(강선),"",""20260204""
""(주)시원텍"",""경상남도 창원시 마산"",""절삭가공 및 유사처리업"",""방산부품"",""20260204""
""기현테크"",""경상남도 창원시 마산"",""절삭가공 및 유사처리업"",""엘리베이터부품"",""20260204""
""이앤티스소재(주) 광양지점"",""전라남도 광양시 백운"",""정형 내화 요업제품 제조업 외 6 종"",""규산질비료, 고함철단광, 금속류 해체, 금속류 원료재생, 복합비료, 정형내화요업, 부정형 내화 요업"",""20260204""
""주식회사씨앤씨푸드빌"",""전라남도 광양시 진월"",""기타 과실ㆍ채소 가공 및 저장 처리업"",""리얼군밤"",""20260204""
""한빛산업 주식회사"",""전라남도 장흥군 장흥"",""일반용 도료 및 관련제품 제조업 외 1 종"",""도료, 금속차양대, 벽천장용흡음재"",""20260204""
""농업회사법인 골드바이오 주식회사 2공장"",""전라남도 해남군 화원"",""과실 및 그 외 채소 절임식품 제조업"",""절임배추"",""20260204""
""퓨즈텍"",""경상북도 포항시 남구"",""그 외 기타 금속가공업"",""시편제작, 장치제작,콜버너제작"",""20260204""
""(주)신용테크냉천공장"",""경상북도 경주시 외동"",""자동차 차체용 신품 부품 제조업 외 1 종"",""자동차 범퍼 등, 도장"",""20260204""
""주식회사 비온디케미칼3공장"",,""비내화 모르타르 제조업"",""건축용 비내화 모르타르"",""20260204""
""더영메디(주)"",""충청남도 아산시 신창"",""그 외 기타 의료용 기기 제조업"",""TLS (Tube life solution)"",""20260204""
""(주)세방테크 당진1공장"",,""육상 금속 골조 구조재 제조업 외 1 종"",""금속 골조 구조재, 금속 골조 구조재"",""20260204""
""주식회사 장헌"",""충청남도 당진시 고대"",""레미콘 제조업 외 3 종"",""레미콘 제조업, 플라스틱, 선, 봉, 관 및 호스 제조업, 콘트리트 관 및 기타 구조용 콘트리트 제품 제조업,"",""20260204""
""주식회사 한경방재"",""충청남도 당진시 신평"",""기타 구조용 금속제품 제조업"",""소방분기배관"",""20260204""
""(주)글로벌"",""충청남도 당진시 송산"",""그 외 기타 금속가공업"",""기타 금속가공품"",""20260204""
""엘에스메탈(주)장항사업장"",""충청남도 서천군 장항"",""강관 제조업 외 1 종"",""동관, 스테인레스관, 동관, 스테인레스관"",""20260204""
""주식회사가람수풀생태환경연구소"",""충청남도 청양군 청양"",""목재 도구 및 주방용 나무제품 제조업 외 2 종"",""인형 및 장난감 제조업, 장식용 목제품 제조업, 목재 도구 및 주방용 나무제품 제조업"",""20260204""
""엔에이치엠 주식회사"",""전라남도 목포시 연산"",""농업 및 임업용 기계 제조업"",""김가공기계, 농수산물 가공기계"",""20260204""
""신흥건기(주)"",""충청북도 청주시 흥덕"",""건설 및 채광용 기계장비 제조업"",""유압브레이커 부품"",""20260204""
""진테크"",""충청북도 청주시 청원"",""그 외 기타 금속가공업"",""산업기계부대설비"",""20260204""
""나모케미칼(주)"",""충청북도 충주시 주덕"",""그 외 기타 분류 안된 화학제품 제조업"",""세라믹 절연 슬러리"",""20260204""
""제이원"",""충청북도 진천군 초평"",""표면 가공 목재 및 특정 목적용 제재목 제조업"",""가지칩"",""20260204""
""영진물산(주)"",""충청북도 음성군 삼성"",""플라스틱 필름 제조업"",""식품포장지 원단"",""20260204""
""(주)태양전기"",""경기도 김포시 월곶면"",""전동기 및 발전기 제조업 외 2 종"",""산업용 히트펌프, 산업용압축기, 전동기 및 발전기"",""20260204""
""제이엠테크닉스(주)"",""경기도 화성시 만세구"",""그 외 기타 특수목적용 기계 제조업 외 1 종"",""전자부품, 반도체장비케이스, 전자부품, 반도체장비케이스"",""20260204""
""(주)경문도어시스템"",""경기도 화성시 만세구"",""금속 문, 창, 셔터 및 관련제품 제조업"",""철재도어, 철재셔터 등"",""20260204""
""삼양통상(주)"",""경기도 군포시 공단로"",""모피 및 가죽 제조업"",""가죽가공"",""20260204""
""(주)알텍테크놀로지스"",""경기도 용인시 처인구"",""일반용 전기 조명장치 제조업 외 1 종"",""조명기구, 조명기구"",""20260204""
""주식회사 딥메디"",""경기도 용인시 수지구"",""기타 주변기기 제조업"",""키오스크"",""20260204""
""행복드림"",""경기도 파주시 금물다"",""일반용 전기 조명장치 제조업 외 1 종"",""LED 등기구, LED 전광판"",""20260204""
""(주)아인츠푸드"",""경기도 이천시 백사면"",""빵류 제조업"",""베이글, 크로와상, 마카롱"",""20260204""
""지앤디코리아(주)"",""경기도 이천시 모가면"",""전자기 측정, 시험 및 분석기구 제조업"",""전자보드 시험설비"",""20260204""
""엔피텍(주)"",""경기도 안성시 서운면"",""포장용 플라스틱 성형용기 제조업 외 2 종"",""식품용기, 전기전자트레이, 플라스틱 표면처리"",""20260204""
""주식회사 루미엠"",""경기도 안성시 서운면"",""반도체 제조용 기계 제조업 외 1 종"",""반도체 장비부품, 디스플레이 장비부품"",""20260204""
""(주)태경아스콘"",""경기도 안성시 서운면"",""아스팔트 콘크리트 및 혼합제품 제조업"",""아스콘"",""20260204""
""(주)형제정밀"",""경기도 안성시 서운면"",""그 외 기타 금속가공업"",""반도체 장비, Door gate valve"",""20260204""
""주식회사 이현솔루텍 안산지점"",""경기도 안산시 단원구"",""자동차용 신품 전기장치 제조업"",""자동차 부품(전장부품)"",""20260204""
""롯데패키징솔루션즈(주)안산공장"",""경기도 안산시 단원구"",""적층, 합성 및 특수표면처리 종이 제조업 외 3 종"",""연포장재 등, -, -, -"",""20260204""
""엠엔에프"",""경기도 시흥시 매화산"",""기타 광학기기 및 사진기 제조업 외 1 종"",""광학기기 제품, 광학기기 제품"",""20260204""
""(주)대호기어"",""경기도 시흥시 경기과"",""기어 및 동력전달장치 제조업"",""기어"",""20260204""
""(주)삼무레이저"",""경기도 시흥시 공단1?,""절삭가공 및 유사처리업"",""철판레이저가공품"",""20260204""
""(주)종금"",""경기도 시흥시 옥구천"",""전동기 및 발전기 제조업"",""통신용발전기(방산용)"",""20260204""
""(주)케이앤제이테크"",""경기도 시흥시 공단1?,""자동차 엔진용 신품 부품 제조업"",""자동차부품"",""20260204""
""다산테크"",""경기도 시흥시 마유로"",""그 외 기타 금속가공업"",""금속가공"",""20260204""
""아이엠코아"",""경기도 의정부시 문화"",""컴퓨터 제조업"",""베어본 미니PC"",""20260204""
""주식회사 지니가치"",""경기도 안양시 만안구"",""방송장비 제조업 외 5 종"",""방송수신기, 방송앰프, 무선 버튼, 스피커, 릴레이, 전원공급장치"",""20260204""
""(주)베쏘"",""경기도 부천시 오정구"",""기타 직물제품 제조업 외 24 종"",""침구, 명찰, 천막, 방탄복 등, 세폭지물, 의류, 티셔츠, 티셔츠, 실내복, 남방, 군용의류, 방탄복, 의류,"",""20260204""
""(주)희망테크프론"",""경기도 부천시 오정구"",""도장 및 기타 피막처리업"",""철재성형품"",""20260204""
""(주)알엠컴퍼니"",""경기도 광명시 소하로"",""배전반 및 전기 자동제어반 제조업"",""배전반 판넬"",""20260204""
""(주)애드테크온"",""경기도 안산시 단원구"",""방송장비 제조업 외 3 종"",""POE증폭기, 컴퓨터(NVR장비), CCTV카메라, 스위치허브, POE증폭기, 컴퓨터(NVR장비), CCTV카메라, 스위치허"",""20260204""
""엠텍모터컨트롤(주)"",""경기도 안산시 단원구"",""배전반 및 전기 자동제어반 제조업"",""소프트스타터 모터기동반"",""20260204""
""(주)우성정공"",""광주광역시 북구 첨단"",""주형 및 금형 제조업"",""이중사출금형"",""20260204""
""리딩 주식회사"",""광주광역시 광산구 호"",""자동차용 신품 전기장치 제조업"",""주차 및 전기차충전 통합시스템"",""20260204""
""(주)대유에이텍 제1공장"",""광주광역시 광산구 소"",""그 외 자동차용 신품 부품 제조업 외 3 종"",""자동차 시트, 자동차 시트, 자동차 시트, 자동차 시트"",""20260204""
""(주)대유에이텍 제2공장"",""광주광역시 광산구 소"",""그 외 자동차용 신품 부품 제조업 외 3 종"",""자동차시트, 자동차시트, 자동차시트, 자동차시트"",""20260204""
""(주)대유에이텍 제3공장"",""광주광역시 광산구 소"",""그 외 자동차용 신품 부품 제조업 외 3 종"",""자동차 시트, 자동차 시트, 자동차 시트, 자동차 시트"",""20260204""
""(주)준테크"",""광주광역시 광산구 진"",""가정용 및 산업용 공기 조화장치 제조업 외 5 종"",""냉각사이클 부품류, 주형 및 금형품, 기타 전기부품류, 공기조화장치, 금형제품, 태양광시설"",""20260204""
""주식회사 라이트썬"",""광주광역시 광산구 평"",""전동기 및 발전기 제조업 외 3 종"",""태양광 철구조물, 전동기 및 발전기, 전기회로 접속 장치, 태양광 철구조물, 전동기 및 발전기, 전기회로"",""20260204""
""리틀리커피"",""대전광역시 동구 계족"",""커피 가공업"",""원두커피"",""20260204""
""경선섬유(주)"",""대전광역시 대덕구 대"",""편조원단 제조업"",""화섬직"",""20260204""
""(주)세영기술"",""대전광역시 대덕구 문"",""발광 다이오드 제조업 외 1 종"",""광통신모듈, 광통신모듈"",""20260204""
""하이테크"",""대전광역시 대덕구 문"",""절삭가공 및 유사처리업"",""부품가공"",""20260204""
""(주)대명티에스"",""울산광역시 남구 테크"",""액체 펌프 제조업 외 1 종"",""태양열발전, 실링장비 및 비전검사장비 제조"",""20260204""
""주식회사 영광"",""울산광역시 울주군 청"",""육상 금속 골조 구조재 제조업"",""Unit Sjid, Heater, Reformer"",""20260204""
""(주)부영산업"",""울산광역시 울주군 웅"",""그 외 자동차용 신품 부품 제조업 외 4 종"",""에어백용 리테이너 ASS'Y, 캡실링, HORN ASS'Y, 브라켓트류, 에어백용 리테이너 ASS'Y, 캡실링, HORN ASS'Y"",""20260204""
""(주)해성코리아"",""울산광역시 울주군 웅"",""자동차 차체용 신품 부품 제조업 외 1 종"",""자동차 부품, 선박 부품, 부품도장"",""20260204""
""주식회사 위드솔루텍"",""세종특별자치시 연동?,""화장품 제조업"",""바디샤워티슈"",""20260204""
""대운종합인쇄"",""경기도 수원시 권선구"",""경 인쇄업"",""스티커인쇄"",""20260204""
""대영코어텍(주)"",""대구광역시 달성군 유"",""금속 절삭기계 제조업 외 3 종"",""머시닝센터, 전기자동차충전기, 머시닝센터, 전기자동차충전기, 머시닝센터, 전기자동차충전기, 머시닝센터"",""20260204""
""(주)이도산업"",""대구광역시 군위군 효"",""그 외 기타 플라스틱 제품 제조업 외 4 종"",""기타 구조용 금속제품 제조업, 조명 장치 제조업, 구조용 금속 제포업, 플라스틱 제품 제조업, 기타 조명장"",""20260204""
""(주)이송이엠씨"",""인천광역시 남동구 호"",""천막, 텐트 및 유사 제품 제조업"",""전자파 차폐텐트"",""20260204""
""(주)이엠에스"",""인천광역시 남동구 능"",""기타 1차 비철금속 제조업 외 2 종"",""금속분말, 신소재합금, 산업용 로봇, 드론"",""20260204""
""(주)미가건설"",""인천광역시 서구 한서"",""배전반 및 전기 자동제어반 제조업"",""배전반"",""20260204""
""주식회사 크린팜"",""인천광역시 서구 가좌"",""육류 포장육 및 냉동육 가공업 (가금류 제외)"",""국내산 돈육"",""20260204""
""대명ENG"",""부산광역시 강서구 녹"",""전투용 차량 제조업 외 34 종"",""전투용 차량 부품, 기계 부품, 압력용기 등 , 프라겟트 제작"",""20260204""
""(주)스틸웍스"",""부산광역시 강서구 미"",""증류기, 열교환기 및 가스발생기 제조업 외 2 종"",""열교환기 부품 및 플랜트, 열교환기 부품 및 플랜트, 열교환기 부품 및 플랜트"",""20260204""
""삼성강건사"",""부산광역시 기장군 정"",""기타 구조용 금속제품 제조업"",""조선기자재, 제관"",""20260204""
""영농조합법인 팔공김치"",""대구광역시 동구 신평"",""김치류 제조업 외 1 종"",""김치, 김치"",""20260204""
""주식회사 새만"",""대구광역시 북구 노원"",""기타 측정, 시험, 항해, 제어 및 정밀기기 제조업"",""수소 정밀기기, 진공 챔버"",""20260204""
""(주)엘앤에프"",""대구광역시 달서구 성"",""기타 기초 무기 화학물질 제조업"",""TFT-LCD BLU, 축전지제조"",""20260204""
""(주)현진테크"",""대구광역시 달성군 논"",""인쇄회로기판용 적층판 제조업"",""인쇄회로기판"",""20260204""
""(주)수경어닝"",""서울특별시 광진구 동"",""천막, 텐트 및 유사 제품 제조업 외 1 종"",""천막, 기타 캔버스 제품"",""20260204""
""(주)자인아트"",""서울특별시 금천구 가"",""주형 및 금형 제조업"",""핸드폰 모형"",""20260204""
""(주)피라인모터스"",""서울특별시 금천구 가"",""배전반 및 전기 자동제어반 제조업 외 10 종"",""계전기장착보드, 콘솔케비넷, 산업처리공정 제어장비, 계전기장착보드, 콘솔케비넷, 산업처리공정 제어장비"",""20260204""
""조엘까사"",""서울특별시 강남구 도"",""섬유제품 기타 정리 및 마무리 가공업 외 1 종"",""웨일즈침구세트 모달세트 워싱면세트, 마제방염커텐 및 블라인드 하트판넬 가림판 패브릭 관련"",""20260204""
""(주)대영이엔지"",,""선박 구성 부분품 제조업 외 1 종"",""선박구성부분품 , 주형 및 금형 제조"",""20260204""
""씨스퀘어"",""부산광역시 사하구 다"",""수산동물 건조 및 염장품 제조업"",""고등어 자반"",""20260204""
""금나금속산업"",,""금속 문, 창, 셔터 및 관련제품 제조업"",""금속문"",""20260205""
""한우아이엘(주)"",""전북특별자치도 정읍?,""기타 플라스틱 발포 성형제품 제조업"",""무가교 PP 발포 SHEET"",""20260205""
""(주)미당"",,""전분제품 및 당류 제조업"",""땅콩엿"",""20260205""
""(주)디에이치"",,""자동차 차체용 신품 부품 제조업"",""자동차 버스프레임"",""20260205""
""(주)올클래드"",""경상남도 김해시 대동"",""수동식 식품 가공기기 및 금속 주방용기 제조업 외 1 종"",""스텐레스 팬, 냄비, 전력"",""20260205""
""(주)태경전기"",""경상남도 김해시 대동"",""그 외 기타 특수목적용 기계 제조업 외 6 종"",""기계, 조명장치, 배전반, 섬유세척, 변환장치, 제어장비, 배전반, 분전반, 자동제어반"",""20260205""
""창신테크롤"",""경상남도 김해시 대동"",""컨베이어장치 제조업"",""컨베어어 롤러 제조"",""20260205""
""제이제이금속 주식회사"",""경상남도 밀양시 하남"",""플라스틱 선, 봉, 관 및 호스 제조업"",""옷걸이"",""20260205""
""상일철강(주)"",""경상남도 밀양시 부북"",""기타 구조용 금속제품 제조업 외 1 종"",""파이프 C형강, 전기"",""20260205""
""태림페이퍼(주)의령공장"",""경상남도 의령군 의령"",""기타 종이 및 판지 제조업"",""골판지용 원지"",""20260205""
""한국주강(주)"",""경상남도 의령군 의령"",""비주거용 건물 임대업"",""임대서비스"",""20260205""
""청호산업유한회사"",""경상남도 의령군 봉수"",""콘크리트 타일, 기와, 벽돌 및 블록 제조업 외 5 종"",""운송장비 조립용 플라스틱제품, 기타 기계.장비 조립용 플라스틱 제품, 레미콘, 콘크리트 타일, 기와, 벽돌"",""20260205""
""(주)동신레미콘"",""제주특별자치도 제주?,""레미콘 제조업"",""레디믹스콘크리트"",""20260205""
""(주)피앤엘"",""강원특별자치도 춘천?,""유선 통신장비 제조업 외 1 종"",""산업용 스위치, cctv"",""20260205""
""마노이앤아이 주식회사"",""강원특별자치도 춘천?,""간판 및 광고물 제조업 외 3 종"",""자외선 방역부스, 전시부스, 가구 및 관련제품, 조형물-(목재,콘크리트 등)"",""20260205""
""노바코덱스"",""강원특별자치도 춘천?,""그 외 기타 일반목적용 기계 제조업 외 1 종"",""화장로기기, 화장로기기"",""20260205""
""원주시장애인보호작업장"",""강원특별자치도 원주?,""플라스틱 포대, 봉투 및 유사제품 제조업"",""플라스틱포대, 봉투"",""20260205""
""주식회사 제테마"",""강원특별자치도 원주?,""기초 의약 물질 제조업 외 2 종"",""히알루론산필러,보톨리늄톡신, 히알루론산필러,보톨리늄톡신, 히알루론산필러,보톨리늄톡신"",""20260205""
""강릉짬뽕오징어순대 주식회사"",""강원특별자치도 강릉?,""수산동물 훈제, 조리 및 유사 조제식품 제조업"",""오징어순대"",""20260205""
""(주)영동레미콘"",""강원특별자치도 동해?,""레미콘 제조업"",""레미콘"",""20260205""
""주식회사 나무나라"",""강원특별자치도 태백?,""일반 제재업 외 7 종"",""고열처리목재,데크재,디자인형울타리,목재판재, 고열처리목재,데크재,디자인형울타리,목재판재, 고열처리목"",""20260205""
""에이블 협동조합"",""강원특별자치도 삼척?,""남자용 겉옷 제조업 외 5 종"",""인쇄물, 침구류, 근무복, 안전조끼, 남성용 겉옷, 여성용 겉옷, 커튼"",""20260205""
""주식회사 화신"",""강원특별자치도 평창?,""그 외 기타 분류 안된 비금속 광물제품 제조업"",""미끄럼방지 포장재"",""20260205""
""동원정밀(주)"",""경상남도 창원시 진해"",""주형 및 금형 제조업"",""금형"",""20260205""
""(주)우리정밀"",""경상남도 창원시 진해"",""압축 및 액화 가스용기 제조업"",""고압용기용 주입구 부품"",""20260205""
""(주)비알세라텍"",""경상남도 진주시 진주"",""일반용 도료 및 관련제품 제조업 외 3 종"",""수성페인트 자연정원, 황토나무약손, 황토볼, 황토, 수성페인트 자연정원, 황토나무약손, 황토볼, 황토, 수"",""20260205""
""주식회사 비온디솔루션"",""경상남도 진주시 동부"",""그 외 기타 전자부품 제조업 외 1 종"",""AI트랩, AI트랩"",""20260205""
""주식회사 장오산업"",""경상남도 진주시 정촌"",""기타 일반 기계 및 장비 수리업"",""산업용기계 수리, 농업용기계 수리, 항공기부품 수리, 지게차 수리"",""20260205""
""삼우금속공업(주)"",""경상남도 진주시 지수"",""육상 금속 골조 구조재 제조업 외 2 종"",""구조물, 구조물, 구조물"",""20260205""
""한아름 정공"",""경상남도 사천시 사천"",""건설 및 채광용 기계장비 제조업"",""중장비 부품"",""20260205""
""(주)세원에스티"",""경상남도 김해시 주촌"",""그 외 기타 금속가공업"",""철강재"",""20260205""
""주식회사 헤스본하이테크"",""경상남도 김해시 생림"",""그 외 기타 특수목적용 기계 제조업 외 1 종"",""산업용 송·배풍기, 도장부스"",""20260205""
""(주)신성프리파브시스템"",""경상남도 김해시 상동"",""선박 구성 부분품 제조업"",""선박부품"",""20260205""
""(주)그린패키지솔루션"",""경상북도 구미시 1공?,""펄프 제조업 외 3 종"",""친환경 일회용 접시(YUMU), 밀키트 용기 등, 친환경 일회용 접시(YUMU), 밀키트 용기 등, 친환경 기능성 코"",""20260205""
""(주)동산이엔지"",""경상북도 구미시 공단"",""금속 절삭기계 제조업"",""마그네트 자동화 설비"",""20260205""
""(주)에스엘테크"",""경상북도 구미시 산동"",""디스플레이 제조용 기계 제조업"",""디스플레이 검사장비, 자동화장비, 드론스테이션"",""20260205""
""(주)경천산업"",""경상북도 영천시 금호"",""도금, 착색 및 기타 표면처리강재 제조업 외 7 종"",""용융아연도금,기타금속가공품, 가드레일 및 금속제조품, 용융아연도금,기타금속가공품, 가드레일 및 금속제"",""20260205""
""주식회사 디아이티"",""경상북도 영천시 금호"",""기타 목재가구 제조업 외 4 종"",""아파트가구, 사무용가구, 철재가구, 아파트가구, 사무용가구, 철재가구, 아파트가구, 사무용가구, 철재가구"",""20260205""
""정우하이텍 주식회사"",""경상북도 영천시 대창"",""그 외 자동차용 신품 부품 제조업 외 4 종"",""자동차부품, 자동차부품 시트프레임, 자동차부품, 자동차부품, 자동차부품"",""20260205""
""주식회사 아즈콘산업"",""경상북도 고령군 성산"",""콘크리트 타일, 기와, 벽돌 및 블록 제조업 외 4 종"",""콘크리트 조형물, 앉음벽, 벤치, 패널, 기타 콘크리트 시설물, 콘크리트 조형물, 앉음벽, 벤치, 패널, 기타"",""20260205""
""(주)한성이엔지"",""경상북도 성주군 월항"",""그 외 기타 일반목적용 기계 제조업"",""산업기계제조"",""20260205""
""(주)타스인터내셔날 성형공장"",""경상북도 칠곡군 왜관"",""표면처리 및 적층 직물 제조업"",""식모 필름"",""20260205""
""주식회사 테크원"",""경상북도 울진군 평해"",""천막, 텐트 및 유사 제품 제조업 외 4 종"",""금속철물 및 천막 제조 외, 금속철물 및 천막 제조 외, 금속철물 및 천막 제조 외, 금속철물 및 천막 제조"",""20260205""
""(주)세아창원특수강"",""경상남도 창원시 성산"",""제강업"",""선재,강봉,무계목 강관"",""20260205""
""주식회사 폴리코리아"",""경상남도 창원시 성산"",""기타 기계.장비 조립용 플라스틱 제품 제조업 외 1 종"",""방위산업, 엔지니어링 플라스틱,  2차전지 장비 부품, 방위산업, 엔지니어링 플라스틱,  2차전지 장비 부품"",""20260205""
""주식회사 석산리노베이션"",""전라남도 장성군 삼서"",""기타 플라스틱 발포 성형제품 제조업"",""우레탄단열패널, 석재우레탄단열패널"",""20260205""
""주식회사 청도"",""전라남도 장성군 삼서"",""구조용 금속 판제품 및 공작물 제조업 외 3 종"",""석재단열판넬, 석재단열판넬, 석재단열판넬, 석재단열판넬"",""20260205""
""주식회사 해성"",""전라남도 장성군 황룡"",""기타 물품 취급장비 제조업 외 2 종"",""축분고속발효기, 악취저감장치, 축분고속발효기, 악취저감장치, 축분고속발효기, 악취저감장치"",""20260205""
""신우레미콘(주)"",,""레미콘 제조업"",""레미콘"",""20260205""
""(주)바이크원"",,""내연기관 화물자동차 및 특수목적용 자동차 제조업 외 1 종"",""특수 자동차(제설용 사륜바이크), 특수 자동차(제설용 사륜바이크)"",""20260205""
""제이케이시냅스 주식회사"",""충청남도 천안시 서북"",""그 외 기타 분류 안된 화학제품 제조업 외 4 종"",""디스플레이 공정용UV레진류, 디스플레이 공정용UV레진류, 디스플레이 공정용UV레진류, 디스플레이 공정용UV"",""20260205""
""한양소재 주식회사"",""충청남도 천안시 서북"",""플라스틱 필름 제조업 외 1 종"",""일반 플라스틱 필름시트 및 판, 플라스틱 필름"",""20260205""
""(주)피엔티"",""충청남도 공주시 월미"",""접착제 및 젤라틴 제조업"",""접착제"",""20260205""
""남양아스콘(주)"",""충청남도 공주시 계룡"",""아스팔트 콘크리트 및 혼합제품 제조업"",""아스콘"",""20260205""
""(주)다빈치동력패러"",""충청남도 보령시 대해"",""유인 항공기, 항공우주선 및 보조장치 제조업 외 1 종"",""유인 동력패러글라이더, 무인 동력패러글라이더"",""20260205""
""배방레미콘 주식회사"",""충청남도 아산시 배방"",""레미콘 제조업"",""레미콘"",""20260205""
""주식회사 청람"",,""그 외 기타 일반목적용 기계 제조업"",""산업용 자동화 기계"",""20260205""
""주식회사 에이치앤이루자"",""충청남도 아산시 둔포"",""반도체 제조용 기계 제조업"",""스퍼터 장비"",""20260205""
""주식회사 에이치앤이루자"",""충청남도 아산시 둔포"",""반도체 제조용 기계 제조업"",""Sputter 장비"",""20260205""
""오케이퓨처(주)"",""충청남도 계룡시 두마"",""건설 및 채광용 기계장비 제조업"",""건설장비부품"",""20260205""
""주식회사 에스앤와이시스템"",""경기도 포천시 가산면"",""구조용 금속 판제품 및 공작물 제조업 외 2 종"",""액세스플로어, 진동방지장치, 베어링"",""20260205""
""(재)충북테크노파크"",""충청북도 제천시 바이"",""그 외 기타 식료품 제조업 외 1 종"",""건물 임대업, 인진쑥민들레진액"",""20260205""
""(주)한국정밀소재산업"",""충청북도 제천시 송학"",""플라스틱 적층, 도포 및 기타 표면처리 제품 제조업"",""플라스틱 적층을 통한 초경량 복합재"",""20260205""
""원투농업회사법인(주)"",""충청북도 증평군 증평"",""기타 과실ㆍ채소 가공 및 저장 처리업"",""나박무, 절단양배추"",""20260205""
""주식회사 바른푸드"",""충청북도 괴산군 청안"",""가금류 가공 및 저장 처리업"",""mdcm"",""20260205""
""(주)성안"",""충청북도 음성군 금왕"",""레미콘 제조업 외 2 종"",""레미콘,시멘트블럭,시멘트벽돌 등, 레미콘,시멘트블럭,시멘트벽돌 등, 레미콘,시멘트블럭,시멘트벽돌 등"",""20260205""
""(주)에이테크"",""충청북도 음성군 원남"",""알루미늄 제련, 정련 및 합금 제조업 외 1 종"",""알루미늄 INGOT, 알루미늄 INGOT"",""20260205""
""티앤에스 주식회사"",""충청남도 천안시 동남"",""육상 금속 골조 구조재 제조업"",""철구조물제작"",""20260205""
""주식회사 대경푸드빌"",""충청남도 천안시 동남"",""육류 기타 가공 및 저장처리업 (가금류 제외) 외 1 종"",""햄, 소시지, 훈제육, 순대, 신선육,통조림 ,  햄, 소시지, 훈제육, 순대, 신선육,통조림"",""20260205""
""거산기업"",""경기도 화성시 만세구"",""기타 1차 비철금속 제조업 외 1 종"",""황동분배기,동벤딩 등, 황동분배기,동벤딩 등"",""20260205""
""삼풍전선공업(주)"",""경기도 화성시 만세구"",""기타 절연선 및 케이블 제조업 외 2 종"",""자동차용전선등,튜브, 자동차용전선등,튜브, 자동차용전선등,튜브"",""20260205""
""장원수출포장"",,""목재 깔판류 및 기타 적재판 제조업 외 1 종"",""목재 깔판류, 목재 포장용 상자, 목재 깔판류, 목재 포장용 상자"",""20260205""
""에이치에스컴퍼니"",""경기도 화성시 만세구"",""플라스틱 필름 제조업 외 1 종"",""비닐봉투, 비닐봉투"",""20260205""
""주식회사 신광이지무브"",""경기도 화성시 효행구"",""차체 및 특장차 제조업 외 1 종"",""카니발 이지무브 외,"",""20260205""
""(주)아이브리지닷컴"",""경기도 화성시 동탄구"",""컴퓨터 제조업 외 1 종"",""미니PC, 산업용 PC, 유/무선 네트워크 시스템 장비"",""20260205""
""(주)쎄레스"",""경기도 광주시 곤지암"",""전분제품 및 당류 제조업 외 1 종"",""물엿, 플라스틱병"",""20260205""
""우성이엔에스(주)"",""경기도 양주시 은현면"",""일반용 전기 조명장치 제조업 외 8 종"",""경관조명기구, 조명장치, 조명장치, 조명장치, 조명장치, 조명장치, 조명장치, 조명장치, 조명장치"",""20260205""
""주식회사 레오퍼니처"",""경기도 포천시 호국로"",""기타 목재가구 제조업"",""장롱"",""20260205""
""주식회사 더베드캠프"",""경기도 포천시 방산1?,""기타 목재가구 제조업"",""침대"",""20260205""
""주식회사 동아화이어"",""경기도 김포시 월곶면"",""분사기 및 소화기 제조업"",""소화용기,밸브,소화약제등"",""20260205""
""(주)동성실리콘"",""경기도 김포시 하성면"",""고무패킹류 제조업 외 1 종"",""실리콘 가스켓,실리콘 호스, 실리콘 가스켓,실리콘 호스"",""20260205""
""(주)리워터코리아"",""경기도 화성시 만세구"",""액체 여과기 제조업"",""친환경 세면수 재활용 절수기"",""20260205""
""(주)아이플로"",""경기도 화성시 만세구"",""주방용 전기기기 제조업"",""주방 절수페달, 주방 싱크수전"",""20260205""
""엠피엠씨(주)"",""경기도 화성시 만세구"",""광학렌즈 및 광학요소 제조업"",""광학렌즈"",""20260205""
""(주)티엔에스엔터프라이즈"",""경기도 화성시 만세구"",""플라스틱 선, 봉, 관 및 호스 제조업"",""플라스틱 코아(봉, 관)"",""20260205""
""이지엠"",""경기도 시흥시 공단1?,""증류기, 열교환기 및 가스발생기 제조업"",""자동차정비기기"",""20260205""
""재이정밀"",""경기도 시흥시 옥구천"",""절삭가공 및 유사처리업"",""기계부품"",""20260205""
""(주)비티"",""경기도 군포시 고산로"",""일반용 전기 조명장치 제조업"",""산업용 조명"",""20260205""
""토탈솔루션 626~627호"",""경기도 군포시 군포첨"",""합성수지 및 기타 플라스틱 물질 제조업"",""방향제"",""20260205""
""주식회사 동일아이씨티"",""경기도 군포시 엘에스"",""유선 통신장비 제조업 외 1 종"",""지진계(지진기록계, 가속도센서, 모니터링 패널), 경보장치, 기상관측장치, 강우/수위관측장치, 방송장치"",""20260205""
""주식회사 네오테크"",""경기도 용인시 처인구"",""반도체 제조용 기계 제조업"",""GAS LINE/PANEL"",""20260205""
""대아농산"",""경기도 용인시 처인구"",""맥아 및 맥주 제조업"",""엿기름, 미숫가루"",""20260205""
""(주)에스에치테크놀로지(경기광교지점)"",""경기도 용인시 수지구"",""유선 통신장비 제조업"",""실시간 감시장치"",""20260205""
""(주)마마쿡"",""경기도 파주시 파주읍"",""육류 기타 가공 및 저장처리업 (가금류 제외)"",""육포류"",""20260205""
""광명분체"",""경기도 파주시 탄현면"",""도장 및 기타 피막처리업"",""철재도장"",""20260205""
""(주)신성토탈시스템"",""경기도 파주시 탄현면"",""기타 인쇄업 외 3 종"",""지함, 지함, 책, 다이어리, 캘린더, 책, 다이어리, 캘린더"",""20260205""
""(주)트루데일리"",""경기도 이천시 모가면"",""천연 및 혼합조제 조미료 제조업"",""고춧가루"",""20260205""
""(주)씨앤포"",""경기도 안산시 단원구"",""산업처리공정 제어장비 제조업"",""자동차엔진 시험장비"",""20260205""
""은혜산업"",""경기도 안산시 단원구"",""그 외 기타 1차 철강 제조업"",""절단철강판"",""20260205""
""(주)평화"",""경기도 안산시 단원구"",""직물, 편조원단 및 의복류 염색 가공업 외 1 종"",""염색가공,나염,편직"",""20260205""
""주식회사 메디센츠"",""경기도 구리시 갈매순"",""화장품 제조업"",""향수"",""20260205""
""(주)신성씨앤씨"",""경기도 남양주시 진접"",""일반용 전기 조명장치 제조업 외 10 종"",""조명등기구, 조명유리, 가공유리, 조명등기구, 조명유리, 가공유리, 조명등기구, 조명유리, 가공유리, 조명"",""20260205""
""헬스커넥트(주)즐거운쇼핑"",""경기도 남양주시 진접"",""그 외 기타 달리 분류되지 않은 제품 제조업"",""핫팩"",""20260205""
""(주)앤로보틱스"",""경기도 시흥시 엠티브"",""음ㆍ식료품 및 담배 가공기계 제조업 외 1 종"",""가공식품기계, 식품기계"",""20260205""
""(주)엔아이티"",""경기도 시흥시 공단1?,""전동기 및 발전기 제조업"",""전동기"",""20260205""
""(주)이젠티케이"",""경기도 시흥시 공단1?,""절삭가공 및 유사처리업"",""반도체장비"",""20260205""
""케이티엠테크놀로지(주) 제2공장"",""경기도 성남시 중원구"",""물질 검사, 측정 및 분석기구 제조업"",""예단 검사 시스템"",""20260205""
""호텔에이치디씨(주)성남센터"",""경기도 성남시 중원구"",""빵류 제조업 외 1 종"",""-, -"",""20260205""
""주식회사 태흥"",""경기도 안양시 동안구"",""유선 통신장비 제조업 외 1 종"",""광다중화장치, 이동형 AI CCTV"",""20260205""
""(주)한서티앤티"",""경기도 부천시 원미구"",""그 외 기타 금속가공업 외 1 종"",""엔드포밍 툴, 벤딩 툴, 클림핑 툴 외, 엔드포밍 툴, 벤딩 툴, 클림핑 툴 외"",""20260205""
""주식회사 케이에프에스"",""경기도 부천시 원미구"",""그 외 기타 달리 분류되지 않은 제품 제조업"",""소방관련"",""20260205""
""(주)디에스피패키지"",""경기도 부천시 원미구"",""기타 종이 상자 및 용기 제조업"",""생활용품 케이스"",""20260205""
""(주)예원아이엔티"",""경기도 광명시 하안로"",""주방용 전기기기 제조업 외 1 종"",""인덕션, 공기청정기, 주방가전, 기타가전제품"",""20260205""
""(주)디딤코스메틱"",,""화장품 제조업"",""기초/색조화장품"",""20260205""
""(주)신세계코스메틱"",,""화장품 제조업"",""기초화장품"",""20260205""
""(주)신영건드릴"",""경기도 안산시 단원구"",""주형 및 금형 제조업"",""금형 및 기계"",""20260205""
""프로전장"",""광주광역시 북구 첨단"",""자동차용 신품 동력전달장치 제조업 외 1 종"",""자동차부품(등속조인트)"",""20260205""
""(주)라이맥스"",""광주광역시 북구 첨단"",""레이더, 항행용 무선기기 및 측량기구 제조업"",""라이다 센서"",""20260205""
""정평시스템(주)"",""광주광역시 북구 첨단"",""유선 통신장비 제조업 외 3 종"",""출입통제시스템, 무인안내시스템, 통신 모듈, 인공지능센서"",""20260205""
""(주)터빈크루"",""광주광역시 북구 첨단"",""전동기 및 발전기 제조업 외 1 종"",""에너지 저장장치(ESS), 풍력발전장치"",""20260205""
""주식회사 파란시스템"",""광주광역시 북구 첨단"",""유선 통신장비 제조업 외 2 종"",""네트워크 스위칭（１０Ｇ／１Ｇ）, 5G 모뎀, 수질계측기"",""20260205""
""대유에이텍 광주지점"",""광주광역시 광산구 소"",""자동차 차체용 신품 부품 제조업 외 1 종"",""SEAT PAD 등, SEAT PAD 등"",""20260205""
""제로원엑스 주식회사"",""광주광역시 광산구 비"",""배전반 및 전기 자동제어반 제조업"",""전기제어패널 및 시험장비"",""20260205""
""(주)준테크"",""광주광역시 광산구 진"",""그 외 기타 전자부품 제조업 외 6 종"",""기타 전기부품류, 기타 전기부품류, 냉각사이클 부품류, 냉각사이클 부품류, 냉각사이클 부품류, 주형 및"",""20260205""
""(주)성진테크윈"",""대전광역시 유성구 유"",""그 외 기타 전자부품 제조업 외 9 종"",""군용스위치&센서S.P.D, 군용스위치&센서S.P.D, 군용스위치&센서S.P.D, 군용스위치&센서S.P.D, 군용스위치&"",""20260205""
""태림포장(주) 울산공장"",""울산광역시 울주군 두"",""골판지 제조업 외 1 종"",""골판지 및 골판지 상자, 골판지 및 골판지 상자"",""20260205""
""주식회사 케이에이알"",""울산광역시 울주군 상"",""그 외 자동차용 신품 부품 제조업 외 5 종"",""차량용 종횡방향 제어장치, 와이어링 하네스, 부품고정 브라켓류, 미래형 자동차, 차량용 종횡방향 제어장"",""20260205""
""SK스페셜티 주식회사"",""세종특별자치시 연동?,""그 외 기타 분류 안된 화학제품 제조업"",""반도체 소재"",""20260205""
""(주)서진시스템"",""경기도 수원시 권선구"",""기타 무선 통신장비 제조업"",""통신부품 등"",""20260205""
""(주)에이티이솔루션"",""경기도 수원시 팔달구"",""전자기 측정, 시험 및 분석기구 제조업 외 1 종"",""반도체검사장비, 반도체검사장비"",""20260205""
""토탈기획"",""경기도 수원시 팔달구"",""간판 및 광고물 제조업 외 1 종"",""간판,실사,시트 컷팅, 간판,실사,시트 컷팅"",""20260205""
""(주)성현테크놀로지"",""인천광역시 남동구 남"",""전자 응용 절삭기계 제조업"",""cnc 다축 가공기"",""20260205""
""진용정공(주)"",""인천광역시 남동구 남"",""기어 및 동력전달장치 제조업 외 2 종"",""피니언커터외, 마스터기어 외, 브로치커터 외"",""20260205""
""(주)이로즈"",""인천광역시 부평구 부"",""비디오 및 기타 영상기기 제조업 외 1 종"",""영상기기(키오스크,멀티비전), 전광판, 영상기기(키오스크,멀티비전), 전광판"",""20260205""
""(주)기정"",""인천광역시 서구 가좌"",""플라스틱 접착처리 제품 제조업 외 2 종"",""플라스틱제품, 금속도포 플라스틱 필름"",""20260205""
""명진실업(주)"",""인천광역시 서구 도담"",""금속선 가공제품 제조업"",""주방용 가구(냉장고 선반)"",""20260205""
""주식회사 제너릭스"",""인천광역시 서구 파랑"",""그 외 기타 분류 안된 금속 가공 제품 제조업"",""반도체검사장비부품등"",""20260205""
""코쿤"",""인천광역시 서구 파랑"",""용기 세척, 포장 및 충전기 제조업"",""포장기계 및 충전기"",""20260205""
""삼영엠티(주) 미음지점"",""부산광역시 강서구 미"",""자동차 엔진용 신품 부품 제조업 외 2 종"",""자동차 부품, 태양력발전, 자동차 부품"",""20260205""
""(주)대광이엔지"",""부산광역시 강서구 미"",""선박 구성 부분품 제조업"",""파이프 냉보온 커버"",""20260205""
""에스와이테크"",""부산광역시 강서구 미"",""액체 펌프 제조업"",""펌프 및 배관자재"",""20260205""
""지엘티에스"",""부산광역시 강서구 미"",""기타 조명장치 제조업 외 4 종"",""LED조명, LED조명, LED조명, LED조명, LED조명"",""20260205""
""우성단열산업 오리공장"",""부산광역시 기장군 장"",""선박 구성 부분품 제조업"",""선박부분품"",""20260205""
""한일에스디레미콘 주식회사"",""대구광역시 동구 반야"",""레미콘 제조업"",""레미콘"",""20260205""
""주식회사 메가콤"",""대구광역시 동구 율암"",""전기식 진단 및 요법 기기 제조업 외 3 종"",""의료용 공기압축기, 의료용 공기압축기, 의료용 공기압축기, 소프트웨어"",""20260205""
""주식회사 라온전기"",""대구광역시 서구 와룡"",""기타 전기 변환장치 제조업 외 7 종"",""전기장비, 배전반 및 전기 자동제어반, 각종등, 전기, 전기조명, 전기조명, -, -"",""20260205""
""(주)세성"",""대구광역시 북구 워터"",""그 외 기타 전자부품 제조업"",""가스측정, 감지, 모니터링 제품"",""20260205""
""주식회사 서경"",""대구광역시 북구 동변"",""방송장비 제조업 외 2 종"",""내방송장치, 보안용카메라, 전원공급장치"",""20260205""
""(주)다모아에스케이엠 에어텍점"",""대구광역시 달서구 달"",""기타 직물제품 제조업"",""마스크"",""20260205""
""대한산업"",""대구광역시 달서구 달"",""플라스틱 포대, 봉투 및 유사제품 제조업"",""비닐"",""20260205""
""유진침장"",""대구광역시 달서구 성"",""침구 및 관련제품 제조업"",""침구류"",""20260205""
""(주)제이엠메카텍"",""대구광역시 달서구 성"",""절삭가공 및 유사처리업"",""SMT기계부품 및 산업기계부품"",""20260205""
""(주)프린파크"",""서울특별시 중구 을지"",""경 인쇄업 외 1 종"",""인쇄물, 인쇄물"",""20260205""
""주식회사 한결피아이에프"",""서울특별시 성동구 성"",""컴퓨터 제조업 외 1 종"",""NAS, 스토리지"",""20260205""
""(주)크렐로"",""서울특별시 금천구 가"",""그 외 기타 플라스틱 제품 제조업"",""3D프린팅 출력물"",""20260205""
""(주)테크레인"",""서울특별시 금천구 벚"",""기타 전기 변환장치 제조업 외 1 종"",""모터제어기 및 모듈, 모터제어기 및 모듈"",""20260205""
""한라IMS(주) 영도사업장"",""부산광역시 영도구 봉"",""강선 건조업 외 2 종"",""크레인, 강선, 선박 기자재"",""20260205""
""주식회사 합강"",""부산광역시 부산진구"",""컴퓨터 제조업 외 2 종"",""데스크톱 컴퓨터, 컴퓨터 조립, 맨홀추락방지시설, 맨홀추락방지시설"",""20260205""
""궁중해물탕조씨집 연구소"",""부산광역시 남구 못골"",""수산동물 훈제, 조리 및 유사 조제식품 제조업 외 1 종"",""장어탕, 팔뚝탕, 백년해물탕, 곤이탕, 즉석제품"",""20260205""
""(유)벡스엔지니어링"",""전북특별자치도 군산?,""금속탱크 및 저장용기 제조업"",""압력용기, 열교환기, 기계설비 등"",""20260206""
""주식회사 디엠에스윈드파워"",""전북특별자치도 군산?,""기타 선박 건조업"",""등부표"",""20260206""
""사)전국산재장애인단체연합회 중전기사업단"",""전북특별자치도 군산?,""배전반 및 전기 자동제어반 제조업 외 2 종"",""수배전반, 가로등주, 조명타워폴"",""20260206""
""(유)이안지오텍"",""전북특별자치도 익산?,""플라스틱 필름 제조업 외 4 종"",""토목섬유"",""20260206""
""유한회사 티앤디"",""전북특별자치도 고창?,""간판 및 광고물 제조업 외 4 종"",""스틸/디자인그레이팅, 기타 구조용 금속제품, 가로등, 전시 및 광고용 조명장치, 간판 및 광고물"",""20260206""
""(주)에이치에스씨"",""경상남도 양산시 산막"",""자동차용 신품 조향장치 및 현가 장치 제조업 외 1 종"",""유압피팅, 유압피팅"",""20260206""
""(주)나우테크"",""경상남도 양산시 상북"",""그 외 기타 특수목적용 기계 제조업 외 1 종"",""산업기계, 산업기계"",""20260206""
""(주)에이치에스씨 제2공장"",""경상남도 양산시 상북"",""자동차용 신품 조향장치 및 현가 장치 제조업 외 1 종"",""유압피팅, 유압피팅"",""20260206""
""영화금속(주)"",""경상남도 함안군 군북"",""강주물 주조업 외 1 종"",""자동차 부품, 태양력 전기 생산"",""20260206""
""예스기업"",""강원특별자치도 춘천?,""기타 구조용 금속제품 제조업"",""징크"",""20260206""
""(주)성창레미콘"",""강원특별자치도 강릉?,""레미콘 제조업"",""레미콘"",""20260206""
""주식회사 씨에스상사"",""강원특별자치도 삼척?,""근무복, 작업복 및 유사의복 제조업 외 22 종"",""침구류, 매트, 타포린직물 직조, 커튼, 천막, 직물포대, 직물제 마스크, 카펫, 세폭지물, 근무복, 냅킨, 남"",""20260206""
""동남산업기계"",""경상남도 진주시 정촌"",""금속 열처리업 외 1 종"",""중장비 부품, 농기구, 중장비 부품, 농기구"",""20260206""
""(주)태진엔지니어링"",""경상남도 김해시 진례"",""선박 구성 부분품 제조업"",""선박의장품"",""20260206""
""타타토코리아 주식회사"",""경상남도 김해시 진례"",""기기용 자동측정 및 제어장치 제조업"",""냉장고 증발기"",""20260206""
""(주)덕신엔지니어링 김해공장"",""경상남도 김해시 대동"",""탭, 밸브 및 유사장치 제조업"",""탭 밸브 및 유사 장치 제조, 배관자재"",""20260206""
""(주)서원이엔지"",""경상북도 구미시 1공?,""반도체 제조용 기계 제조업 외 2 종"",""평판 디스플레이 제조용 장비, 평판 디스플레이 제조용 장비, 전기"",""20260206""
""아인테크"",""경상북도 구미시 수출"",""주형 및 금형 제조업"",""금형"",""20260206""
""엘에스전선(주)"",""경상북도 구미시 수출"",""전기회로 개폐, 보호장치 제조업 외 5 종"",""피복절연선및케이블,애자, 전기차용 권선, -, -, -, -"",""20260206""
""유원테크"",""경상북도 구미시 수출"",""주형 및 금형 제조업"",""금형"",""20260206""
""제이솔루션"",""경상북도 구미시 수출"",""절삭가공 및 유사처리업 외 3 종"",""금속 가공, 금속부품가공, 전기, 금속부품가공"",""20260206""
""(주)엔아이"",""경상북도 구미시 산동"",""그 외 기타 특수목적용 기계 제조업"",""기계설비"",""20260206""
""(주)엔티이엔지"",""경상북도 구미시 산동"",""육상 금속 골조 구조재 제조업 외 1 종"",""LCD 반도체용 장비"",""20260206""
""주식회사 알루나데크"",""경상북도 문경시 산양"",""구조용 금속 판제품 및 공작물 제조업"",""금속제 기타 울타리, 디자인형 울타리"",""20260206""
""(주)팜스토리 서울사료 경산"",""경상북도 경산시 진량"",""배합 사료 제조업 외 1 종"",""배합사료, 배합사료"",""20260206""
""에스알씨청도대감농업회사법인주식회사"",""경상북도 청도군 화양"",""기타 과실ㆍ채소 가공 및 저장 처리업"",""아이스홍시"",""20260206""
""드림힐스"",""경상북도 청도군 매전"",""기타 과실ㆍ채소 가공 및 저장 처리업"",""오미감말랭이"",""20260206""
""(주)하나"",""경상북도 성주군 성주"",""특수 직물 및 기타 직물 직조업"",""POLYESTER 직물지"",""20260206""
""(주)그린엔바이론텍"",""경상북도 성주군 선남"",""판지 상자 및 용기 제조업"",""종이용기"",""20260206""
""유승산업"",""경상북도 성주군 선남"",""화학섬유직물 직조업"",""벨벳 직물"",""20260206""
""오성테크"",""경상북도 성주군 선남"",""그 외 자동차용 신품 부품 제조업 외 1 종"",""자동차 SEAT PART 부품, 자동차 SEAT PART 부품"",""20260206""
""(주)대양"",""경상북도 성주군 선남"",""특수 직물 및 기타 직물 직조업"",""직조원단"",""20260206""
""에이지로보틱스 주식회사"",""경상남도 창원시 의창"",""산업용 로봇 제조업"",""첨단 기술 로봇(AI 자율주행 시스템 )"",""20260206""
""(주)올인원코리아"",""경상남도 창원시 의창"",""방송장비 제조업 외 6 종"",""구내방송장치, cctv카메라, 영상감시장치, 무선방송장비 공정도, 구내방송장치, 구내방송장치, 구내방송장"",""20260206""
""(주)씨티알"",""경상남도 창원시 성산"",""자동차용 신품 조향장치 및 현가 장치 제조업"",""자동차조향장치"",""20260206""
""성진산전(주)"",""경상남도 창원시 성산"",""배전반 및 전기 자동제어반 제조업"",""전기 배전반, 분전반"",""20260206""
""주식회사 서오"",""경상남도 창원시 성산"",""기타 절연선 및 케이블 제조업"",""케이블"",""20260206""
""명지테크(주)"",""전라남도 영암군 삼호"",""기타 기초 유기화학 물질 제조업 외 1 종"",""김활성처리제, 4종복합비료, 미량요소복합비료, 김활성처리제, 4종복합비료, 미량요소복합비료"",""20260206""
""새미테크"",,""복합비료 및 기타 화학비료 제조업"",""김활성처리제(영양물질)"",""20260206""
""월드가설주식회사"",""전라남도 함평군 월야"",""표면 가공 목재 및 특정 목적용 제재목 제조업"",""건축용 가설재"",""20260206""
""(주)에스엠테크"",""충청남도 공주시 월미"",""기타 기초 유기화학 물질 제조업 외 4 종"",""계면 활성제 外, 계면 활성제 外, 에탄파워35, 계면 활성제 外, 계면 활성제 外"",""20260206""
""(주)삼육식품"",""충청남도 보령시 청소"",""수산식물 가공 및 저장 처리업"",""조미김, 구운김"",""20260206""
""(주)세원테크"",""충청남도 아산시 배방"",""자동차 차체용 신품 부품 제조업"",""PNL DASH 외 (자동차 부품)"",""20260206""
""한화로보틱스(주)"",""충청남도 아산시 음봉"",""그 외 기타 특수목적용 기계 제조업"",""AGV 이동로봇"",""20260206""
""(주)에코바이오의학연구소"",""충청남도 서천군 장항"",""화장품 제조업"",""스캘프솔루션 토닉, 녹나무트리트먼트, 스캘프스파샴푸"",""20260206""
""아이에스동서(주) 청양지점"",""충청남도 청양군 남양"",""콘크리트 관 및 기타 구조용 콘크리트 제품 제조업 외 1 종"",""P.H.C 파일, P.H.C 파일"",""20260206""
""(주)네오오토"",""충청남도 예산군 삽교"",""그 외 자동차용 신품 부품 제조업 외 3 종"",""변속기부품(피니언기어), 변속기부품(피니언기어), 변속기부품(피니언기어), 변속기부품(피니언기어)"",""20260206""
""(주)네오오토[제2공장]"",""충청남도 예산군 삽교"",""그 외 자동차용 신품 부품 제조업 외 3 종"",""자동차변속기부품, 자동차변속기부품, 자동차변속기부품, 자동차변속기부품"",""20260206""
""(주)네오오토 예산3공장"",""충청남도 예산군 삽교"",""그 외 자동차용 신품 부품 제조업"",""자동차변속기부품"",""20260206""
""일우식품 주식회사"",""경기도 포천시 가산면"",""수산식물 가공 및 저장 처리업"",""파래, 건조 미역"",""20260206""
""(주)케이에스씨"",""충청북도 청주시 흥덕"",""위생용 및 산업용 도자기 제조업 외 1 종"",""양변기 부품, 양변기 부품"",""20260206""
""(주)미래이노텍"",""충청북도 청주시 흥덕"",""그 외 기타 전자부품 제조업"",""디스플레이(LCD, PDA 등)"",""20260206""
""(주)에스피씨삼립"",""충청북도 청주시 흥덕"",""천연 및 혼합조제 조미료 제조업 외 2 종"",""식품소스, 가공식품 등 , 식품소스, 가공식품 등 , 식품소스, 가공식품 등"",""20260206""
""코스모촉매(주)"",""충청북도 청주시 흥덕"",""기타 기초 무기 화학물질 제조업"",""제올라이트"",""20260206""
""(주)진우산업"",""충청북도 청주시 흥덕"",""기타 건축용 플라스틱 조립제품 제조업"",""조립제품"",""20260206""
""(주)인코케미컬"",""충청북도 청주시 흥덕"",""금속류 해체 및 선별업 외 5 종"",""페인트신나, 락카신나, 소부신나, 우레탄신나, 드럼통, 페인트신나, 락카신나, 소부신나, 우레탄신나, 드럼"",""20260206""
""에스제이세미(주)"",""충청북도 음성군 금왕"",""반도체 제조용 기계 제조업"",""반도체 제조 장비"",""20260206""
""(주)인덕전기이엔지"",""충청남도 천안시 동남"",""배전반 및 전기 자동제어반 제조업"",""전기자동제어반(PCL(프로그램 내장 컨트롤러))"",""20260206""
""(주)지에스테크"",""경기도 화성시 효행구"",""가정용 및 산업용 공기 조화장치 제조업 외 7 종"",""각종공기조화장치, 각종공기조화장치, 각종공기조화장치, 각종공기조화장치, 각종공기조화장치, 각종공기조"",""20260206""
""(주)한국후로팩"",""경기도 화성시 효행구"",""전자 응용 절삭기계 제조업"",""고압절단장비,고압세척장비"",""20260206""
""(주)메이"",""경기도 화성시 동탄구"",""디스플레이 제조용 기계 제조업"",""LCOS 마이크로 디스플레이 패널"",""20260206""
""(주)셀코스"",""경기도 화성시 동탄구"",""반도체 제조용 기계 제조업 외 2 종"",""반도체 제조용 기계, 반도체 제조용 기계, 반도체 제조용 기계"",""20260206""
""(주)쎄미런"",""경기도 화성시 동탄구"",""반도체 제조용 기계 제조업"",""반도체 장비 부속품"",""20260206""
""청오건강농업회사법인(주)"",""경기도 광주시 도척면"",""기타 곡물 가공품 제조업 외 1 종"",""뻥튀기, 침출차"",""20260206""
""진광도금"",""경기도 양주시 남면 ?,""도금업"",""볼트, 너트"",""20260206""
""(주)비원테크"",""경기도 양주시 광적면"",""배전반 및 전기 자동제어반 제조업"",""배전반"",""20260206""
""유선재포천설운"",""경기도 포천시 해룡로"",""육상 금속 골조 구조재 제조업"",""육상금속골재구조재"",""20260206""
""극동계전"",""경기도 포천시 군내면"",""배전반 및 전기 자동제어반 제조업 외 1 종"",""분전반, 분전반"",""20260206""
""주식회사 제이에이치"",""경기도 포천시 내촌면"",""귀금속 및 관련제품 제조업 외 2 종"",""은목걸이, 금목걸이, 브라스 체인"",""20260206""
""주식회사 영신플러스"",""경기도 김포시 통진읍"",""주방용 및 음식점용 목재가구 제조업"",""싱크대"",""20260206""
""범호정공"",""경기도 김포시 대곶면"",""육상 금속 골조 구조재 제조업"",""케이블트레이,케이블트레이부속"",""20260206""
""(주)진성기술"",""경기도 김포시 대곶면"",""주형 및 금형 제조업"",""사출,프레스,다이케스팅,금형"",""20260206""
""(주)원텍"",""경기도 화성시 만세구"",""그 외 자동차용 신품 부품 제조업 외 1 종"",""SHAFT종, 자동차 부품"",""20260206""
""(주)태성비앤비"",""경기도 화성시 만세구"",""골판지 상자 및 가공제품 제조업"",""골판지상자, 옵셋상자"",""20260206""
""제이앤에스"",""경기도 시흥시 소망공"",""주형 및 금형 제조업"",""금형"",""20260206""
""한독정밀(주)"",""경기도 시흥시 공단1?,""자동차 엔진용 신품 부품 제조업"",""자동차부품"",""20260206""
""코엘 일렉트릭"",""경기도 시흥시 서울대"",""전기회로 접속장치 제조업"",""이동형 멀티콘센트 및 투광기"",""20260206""
""강남제비스코(주)"",""경기도 군포시 농심로"",""일반용 도료 및 관련제품 제조업 외 1 종"",""(완제품)페인트,락카,에나멜,바니쉬, (완제품)페인트,락카,에나멜,바니쉬"",""20260206""
""(주)동양기공"",""경기도 용인시 처인구"",""그 외 기타 의료용 기기 제조업"",""의료용기기"",""20260206""
""에이치엘지노믹스(주)"",""경기도 용인시 처인구"",""기초 의약 물질 제조업"",""일반의약품"",""20260206""
""(주)인아이즈"",""경기도 용인시 기흥구"",""기타 주변기기 제조업"",""모니터받침대"",""20260206""
""(주)프라임케이"",""경기도 파주시 운정4?,""플라스틱 포대, 봉투 및 유사제품 제조업"",""포장용 봉투 및 포장재"",""20260206""
""(주)듀오콤"",""경기도 파주시 소라지"",""반도체 제조용 기계 제조업"",""반도체 제조용 기기"",""20260206""
""태림포장(주)"",""경기도 파주시 문산읍"",""골판지 제조업 외 1 종"",""포장용박스, 포장용박스"",""20260206""
""주식회사 한마음희망나눔센터"",""경기도 파주시 법원읍"",""커튼 및 유사제품 제조업 외 1 종"",""블라인드, 위생용 종이용품"",""20260206""
""한일FRP공업(주)"",""경기도 파주시 월롱면"",""유선 통신장비 제조업 외 3 종"",""강화플라스틱 성형 제품, 군용안테나, 군용안테나, 봉제품"",""20260206""
""상도일렉트릭 주식회사"",""한태말길 214 외 1필?,""전기회로 개폐, 보호장치 제조업 외 5 종"",""클램프, PLC, 차딘기, 스위치, 배선반, 차단바"",""20260206""
""주식회사 에이비솔루션"",""경기도 파주시 광탄면"",""기타 광학기기 및 사진기 제조업 외 2 종"",""영사대, 브래킷, 자동승강조명장치 , 영사대, 브래킷, 자동승강조명장치 , 영사대, 브래킷, 자동승강조명장"",""20260206""
""(주)우진물산 제1공장"",""경기도 안성시 공도읍"",""플라스틱 필름 제조업 외 2 종"",""플라스틱시트 나무와 돌, 플라스틱시트 나무와 돌, 플라스틱시트 나무와 돌"",""20260206""
""(주)우진물산 제2공장"",""경기도 안성시 공도읍"",""플라스틱 시트 및 판 제조업 외 1 종"",""USB,내수포타포린외, USB,내수포타포린외"",""20260206""
""제이테크"",""경기도 안산시 단원구"",""자동차용 신품 의자 제조업"",""자동차 의자 부품(시트류)"",""20260206""
""주식회사 에스지원"",""경기도 안산시 단원구"",""전자 응용 절삭기계 제조업"",""레이저 마킹기, 레이저 용접기, 레이저 커팅기"",""20260206""
""주식회사 와이앤제이"",""경기도 안산시 단원구"",""주형 및 금형 제조업"",""금형, 기계부품"",""20260206""
""엘이디월드"",""경기도 남양주시 다산"",""일반용 전기 조명장치 제조업 외 2 종"",""조명기기, 경관조명, 간판 및 광고물"",""20260206""
""주식회사 다이팩토리"",""경기도 남양주시 화도"",""기타 이차전지 제조업"",""캠핑용 파워뱅크"",""20260206""
""(주)성창기계"",""경기도 남양주시 진건"",""음ㆍ식료품 및 담배 가공기계 제조업 외 7 종"",""음식료품 가공기계, ., ., ., ., ., ., ."",""20260206""
""지백그린"",""경기도 남양주시 수동"",""특수 직물 및 기타 직물 직조업 외 1 종"",""보행매트, 구조용 금속제품 제조업"",""20260206""
""(주)유니솔브"",""경기도 오산시 가장산"",""화장품 제조업"",""식물성추출물, 유연화장수, 유액"",""20260206""
""(주)위텍"",""경기도 오산시 수목원"",""전동기 및 발전기 제조업 외 3 종"",""태양광 접속반, 전기접속반, 태양광 접속반, 전기접속반, 태양광 접속반, 전기접속반, 금속외함"",""20260206""
""밀도팩토리"",""경기도 오산시 수목원"",""빵류 제조업"",""과자, 빵류, 기타가공품"",""20260206""
""태광솔루텍"",""경기도 시흥시 매화산"",""금속 절삭기계 제조업"",""공작기계 부품"",""20260206""
""바벨솔루션"",""경기도 시흥시 매화산"",""주형 및 금형 제조업"",""금형제품"",""20260206""
""(주)태양폴딩도어"",""경기도 시흥시 금화로"",""금속 문, 창, 셔터 및 관련제품 제조업"",""폴딩도어"",""20260206""
""우신그린산업(주)지점"",""경기도 시흥시 목감3?,""육상 금속 골조 구조재 제조업 외 3 종"",""도로안전시설물, 도로안전시설물, 특장차, 트레일러"",""20260206""
""더프라미스"",""경기도 시흥시 서울대"",""전자감지장치 제조업"",""전자 감지장치(자동문 개폐신호 장치)"",""20260206""
""광성에스앤피(주)"",""경기도 시흥시 공단1?,""금속탱크 및 저장용기 제조업 외 2 종"",""제어반"",""20260206""
""성원기계"",""경기도 시흥시 산기대"",""용기 세척, 포장 및 충전기 제조업 외 3 종"",""포장용기"",""20260206""
""위드바이오켐"",""경기도 성남시 중원구"",""계면활성제 제조업"",""계면활성제"",""20260206""
""대진기전(주)"",""경기도 부천시 원미구"",""자동차 재제조 부품 제조업 외 1 종"",""건설기계부품제조, 건설기계부품제조"",""20260206""
""주식회사 남달라"",""경기도 부천시 원미구"",""그 외 기타 봉제의복 제조업"",""봉제인형 (또는 봉제 장난감)"",""20260206""
""주식회사 리한"",""경기도 부천시 원미구"",""그 외 기타 일반목적용 기계 제조업 외 10 종"",""분전반, 흡연부스, 자원순환기기, 탄소 플랫폼, 탄소 플랫폼 유지관리, 탄소플랫폼 관리운영, 광고 솔루션,"",""20260206""
""주식회사 아이알알"",""경기도 부천시 소사구"",""금속 문, 창, 셔터 및 관련제품 제조업"",""스윙게이트"",""20260206""
""누리정밀"",""경기도 안산시 단원구"",""절삭가공 및 유사처리업"",""금형핀"",""20260206""
""(주)비앤더블유"",""경기도 안산시 단원구"",""볼트 및 너트류 제조업"",""볼트"",""20260206""
""(주)센텍"",""경기도 안산시 단원구"",""무기 및 총포탄 제조업 외 6 종"",""특수고압호스, -, -, -, -, -, -"",""20260206""
""주식회사 제이몬"",""대전광역시 유성구 테"",""반도체 제조용 기계 제조업"",""진공증발원(Effusion cell)"",""20260206""
""(주)더카본스튜디오"",""대전광역시 유성구 테"",""전동기 및 발전기 제조업 외 1 종"",""슈퍼커패시터용 활성탄,  탄소 담지체"",""20260206""
""세진엔지니어링"",""대전광역시 대덕구 대"",""절삭가공 및 유사처리업"",""진공챔버 및 실험기기"",""20260206""
""덕일기업"",""울산광역시 북구 농공"",""그 외 자동차용 신품 부품 제조업 외 1 종"",""감싸기, 라디에이터 그릴, 루프랙 등, 감싸기, 라디에이터 그릴, 루프랙 등"",""20260206""
""아사프국일 주식회사"",""울산광역시 울주군 웅"",""고무패킹류 제조업 외 2 종"",""생산품 방화문패킹, 내화스티커, 생산품 방화문패킹, 내화스티커, 생산품 방화문패킹, 내화스티커"",""20260206""
""조은커뮤니케이션"",""세종특별자치시 조치?,""경 인쇄업 외 1 종"",""소식지, 리플릿, 팸플릿 카다로그, 소식지, 리플릿, 팸플릿 카다로그"",""20260206""
""(주)이투에스"",""경기도 수원시 영통구"",""인쇄회로기판용 적층판 제조업 외 11 종"",""통신주변기기, 컴퓨터부품, 통신주변기기, 컴퓨터부품, 통신주변기기, 컴퓨터부품, 통신주변기기, 컴퓨터부"",""20260206""
""(주)나라삼양감속기"",""인천광역시 남동구 은"",""기어 및 동력전달장치 제조업 외 1 종"",""감속기"",""20260206""
""(주)씨아이티테크"",""인천광역시 남동구 청"",""그 외 기타 전자부품 제조업"",""콘덴서"",""20260206""
""대건산업"",""인천광역시 남동구 남"",""금속 가구 제조업 외 1 종"",""금속가구, 주방용목재가구"",""20260206""
""잭포나(jackfona)"",""인천광역시 남동구 호"",""트레일러 및 세미트레일러 제조업"",""트레일러"",""20260206""
""(주)인산씨앤씨"",""인천광역시 부평구 부"",""기타 구조용 금속제품 제조업 외 5 종"",""금속구조물(부스 등), PSB, 손소독기 등,    ,   ,   ,   ,"",""20260206""
""신성테크"",""인천광역시 서구 마중"",""용기 세척, 포장 및 충전기 제조업 외 1 종"",""포장기계 류 및 자동차기계, 태양광에너지"",""20260206""
""(주) 하삼동커피컴퍼니"",""부산광역시 강서구 녹"",""도장 및 기타 피막처리업"",""자동차부품"",""20260206""
""(주)동호에이텍"",""부산광역시 강서구 녹"",""기타 건축용 플라스틱 조립제품 제조업 외 2 종"",""탄약운반상자, led 사출 , 탄약운반상자, led 사출 , 탄약운반상자, led 사출"",""20260206""
""(주)모아산업"",""부산광역시 강서구 녹"",""금속탱크 및 저장용기 제조업 외 1 종"",""금속저장용기, -"",""20260206""
""골든 이노텍"",""부산광역시 강서구 녹"",""강관 가공품 및 관 연결구류 제조업 외 23 종"",""-, -, -, -, -, -, -, -, -, -, -, -, -, -, -,  장갑차부품 , -, -, -, -, -, -, -, -"",""20260206""
""(주)아이티씨"",""부산광역시 강서구 생"",""위생용 종이제품 제조업"",""화장지"",""20260206""
""주식회사 해강산업이엔에스"",""부산광역시 사상구 대"",""배전반 및 전기 자동제어반 제조업"",""배전반 및 전기 자동제어반 제조업"",""20260206""
""아산이노텍"",""부산광역시 기장군 장"",""주형 및 금형 제조업"",""금형 자동차부품"",""20260206""
""리드웰딩"",""대구광역시 북구 검단"",""산업용 오븐, 노 및 노용 버너 제조업 외 1 종"",""산업용 소결로, SMT 자동화 장비"",""20260206""
""(주)보영하이텍"",""대구광역시 달성군 논"",""그 외 기타 금속가공업"",""자동차부품, 로봇유압부품 등"",""20260206""
""투테크(주)"",""서울특별시 구로구 디"",""기타 인쇄업 외 4 종"",""바코드라벨, 바코드라벨, 바코드프린터, 바코드인쇄용 레이저프린터, 레이저각인기, 응용소프트웨어"",""20260206""
""현대인프라코어(주)"",""서울특별시 구로구 디"",""전기경보 및 신호장치 제조업 외 1 종"",""통신화재 감시시스템, 분사기 및 소화기 제조 (AI 기반 자동소화장치)"",""20260206""
""가진기업(주)"",""서울특별시 금천구 가"",""기기용 자동측정 및 제어장치 제조업 외 3 종"",""자동제어장치, 자동제어장치, 자동제어장치, 자동제어장치"",""20260206""
""가진기업(주)"",""서울특별시 금천구 가"",""전기회로 접속장치 제조업"",""자동제어장치기기"",""20260206""
""디오(DIO)"",""서울특별시 금천구 디"",""컴퓨터 제조업"",""교육용 컴퓨터 등"",""20260206""
""태광건설(주)"",""부산광역시 사하구 신"",""비내화 모르타르 제조업"",""비내화 모르타르 제조"",""20260206""
""홍삼이생강날때"",""전북특별자치도 완주?,""과실 및 그 외 채소 절임식품 제조업"",""토굴 생강청, 레몬 생강청, 더 건겅한 생강청"",""20260207""
""(주)대경무선통신"",""경상남도 진주시 망경"",""방송장비 제조업 외 8 종"",""동보장치, 마을무선방송장치 외, 동보장치, 마을무선방송장치 외, 동보장치, 마을무선방송장치 외, 동보장"",""20260207""
""(주)고은푸드"",""전북특별자치도 전주?,""육류 기타 가공 및 저장처리업 (가금류 제외) 외 1 종"",""식육포장처리육, 식육포장처리육"",""20260209""
""동원페이퍼(주) 정읍공장"",""전북특별자치도 정읍?,""골판지 원지 제조업 외 1 종"",""골판지원지, 골판지원지"",""20260209""
""(주)강진산업"",""전북특별자치도 김제?,""건설 및 채광용 기계장비 제조업"",""버켓"",""20260209""
""(주)한풍제약"",""전북특별자치도 완주?,""그 외 기타 의료용품 및 의약 관련제품 제조업"",""의약품"",""20260209""
""가온엔지니어링(주)"",""경상남도 김해시 대동"",""배전반 및 전기 자동제어반 제조업"",""분전반"",""20260209""
""명성금속"",""경상남도 김해시 대동"",""볼트 및 너트류 제조업"",""볼트"",""20260209""
""세운스텐"",""경상남도 김해시 대동"",""그 외 기타 금속가공업"",""스텐레스 절단, 가공 판매"",""20260209""
""아이에이치티"",""경상남도 김해시 대동"",""유압기기 제조업"",""유압기기, 산업기기, 각종 밸브"",""20260209""
""하이엠"",""경상남도 김해시 대동"",""자동차용 신품 전기장치 제조업"",""자동차 미션"",""20260209""
""동은단조(주)"",""경상남도 밀양시 부북"",""그 외 자동차용 신품 부품 제조업 외 3 종"",""자동차부품, 단조품, 자동차부품, 단조품, 자동차부품, 단조품, 자동차부품, 단조품"",""20260209""
""(주)월성건설"",""경상남도 밀양시 상남"",""일반철물 제조업"",""파이프 비닐온실 부품"",""20260209""
""주식회사 프리텍 밀양지점"",""경상남도 밀양시 청도"",""금속류 해체 및 선별업 외 1 종"",""MIXED,METLE,SCRAP, MIXED,METLE,SCRAP"",""20260209""
""(주)농협사료 경남지사"",""경상남도 함안군 법수"",""반려동물용 사료 제조업 외 2 종"",""배합사료, 배합사료, 배합사료"",""20260209""
""강원전선주식회사"",""강원특별자치도 춘천?,""기타 절연선 및 케이블 제조업 외 1 종"",""전선, 전선"",""20260209""
""(주)룩시콘"",""강원특별자치도 원주?,""일반용 전기 조명장치 제조업 외 2 종"",""안내전광판, 교통정보전광판,"",""20260209""
""주식회사 그린에너텍"",""강원특별자치도 원주?,""전동기 및 발전기 제조업 외 2 종"",""각관, 태양광발전장치, 태양광접속함"",""20260209""
""유한회사 참다옴"",""전북특별자치도 전주?,""가방 및 기타 보호용 케이스 제조업"",""에코백"",""20260209""
""성창산업"",""경상남도 진주시 대곡"",""기타 구조용 금속제품 제조업"",""조립식 건축구조재(금속재)"",""20260209""
""예봉웰드텍"",""경상남도 김해시 진영"",""항공기용 부품 제조업"",""항공기용부품"",""20260209""
""우림환경 주식회사"",""경상남도 김해시 생림"",""금속 문, 창, 셔터 및 관련제품 제조업 외 21 종"","" ,  ,  ,  ,  ,  ,  ,  ,  ,  ,  ,  ,  ,  ,  ,  ,  ,  ,  ,  ,  ,  산업용 기계류 외"",""20260209""
""주식회사 에스지디"",""경상남도 김해시 상동"",""산업용 송풍기 및 배기장치 제조업 외 3 종"",""산업용송풍기, 섬유기계, 특수목적기계, 흡연용품"",""20260209""
""(주)삼성테크"",""경상북도 구미시 1공?,""화학섬유직물 직조업"",""폴리에스터합성섬유"",""20260209""
""에이스테크"",""경상북도 구미시 수출"",""그 외 기타 전자부품 제조업"",""음식물종량기저울"",""20260209""
""(주)경봉철강"",""경상북도 구미시 산동"",""그 외 기타 금속가공업"",""금속표면가공"",""20260209""
""주식회사 영주메탈"",""경상북도 영주시 문수"",""알루미늄주물 주조업"",""알루미늄 괴"",""20260209""
""에스피엘(주)"",""경상북도 경산시 진량"",""운송장비 조립용 플라스틱제품 제조업 외 3 종"",""자동차부품 플라스틱부품, 일반 발포 성형제품, 자동차부품(브로우몰딩,Duct류), 기타 발포 성형제품"",""20260209""
""디와이씨(주)"",""경상북도 경산시 진량"",""자동차용 신품 동력전달장치 제조업"",""샤프트 외 동력전달장치"",""20260209""
""라미레이저공방"",""경상북도 경산시 압량"",""간판 및 광고물 제조업"",""사인물제작"",""20260209""
""진명스틸"",""경상북도 경산시 압량"",""구조용 금속 판제품 및 공작물 제조업"",""스틸그레이팅"",""20260209""
""케이앤산업"",,""농업 및 임업용 기계 제조업"",""농업용 스프링클러"",""20260209""
""(주)이디원"",""경상북도 경산시 자인"",""화학섬유직물 직조업"",""원단"",""20260209""
""에스오토닉스"",""경상북도 경산시 자인"",""자동차용 금속 압형제품 제조업"",""PIPE HEATER, T-NIPPLE, 3 way valve"",""20260209""
""(주)용수공업"",""경상북도 고령군 성산"",""비동력식 수공구 제조업"",""산업용드릴"",""20260209""
""(주)에스제이테크"",""경상북도 칠곡군 석적"",""주형 및 금형 제조업 외 5 종"",""전자부품(휴대폰)제조업, 전자부품(휴대폰)제조업, 자동차 부품, 자동차 부품, 자동차 부품, 자동차 부품"",""20260209""
""금강기계(주)"",""경상북도 칠곡군 석적"",""기타 가공 공작기계 제조업"",""금형, 기계장치"",""20260209""
""주식회사 티에스피"",""경상남도 창원시 의창"",""그 외 자동차용 신품 부품 제조업"",""자동차용 파이프 부품"",""20260209""
""(주)이온"",""경상남도 창원시 의창"",""배전반 및 전기 자동제어반 제조업 외 2 종"",""수배전반,MCC,분전반, 태양광 접속반, 태양광 발전장치"",""20260209""
""에삽씨케이 주식회사 1공장"",""경상남도 창원시 성산"",""피복 및 충전 용접봉 제조업"",""용접재료(용접와이어,스테안레스,용접봉)"",""20260209""
""에삽씨케이 주식회사 2공장"",""경상남도 창원시 성산"",""피복 및 충전 용접봉 제조업"",""용접재료(용접와이어,스테인레스용접봉)"",""20260209""
""한영스핀텍(주)"",""경상남도 창원시 성산"",""기타 가공 공작기계 제조업"",""스핀들"",""20260209""
""우주테크"",""경상남도 창원시 마산"",""절삭가공 및 유사처리업"",""방산부품, 치공구설계제작"",""20260209""
""규범수산"",""전라남도 고흥군 도화"",""수산식물 가공 및 저장 처리업"",""마른김(건조김)"",""20260209""
""주식회사 이지스테이"",""전라남도 무안군 청계"",""그 외 기타 금속가공업 외 3 종"",""건설용 석재가공품, 이동식주택, 카라반(트레일러 포함), 금속 가공품"",""20260209""
""(유)광목"",""전라남도 함평군 학교"",""트레일러 및 세미트레일러 제조업 외 2 종"",""특수목적용 차량 특장 제조, 농기계용트레일러, 트레일러 부분품 제조"",""20260209""
""스톨베르그앤드삼일(주)"",""경상북도 포항시 남구"",""그 외 기타 분류 안된 비금속 광물제품 제조업 외 2 종"",""Mold Flux, Mold Flux, Mold Flux"",""20260209""
""주식회사 이음"",""경상북도 경주시 동대"",""가정용 및 산업용 공기 조화장치 제조업 외 1 종"",""증발냉방장치(쿨링포그시스템), 증발냉방장치(쿨링포그시스템)"",""20260209""
""동아기업(주)"",""경상북도 경주시 외동"",""그 외 자동차용 신품 부품 제조업 외 3 종"",""자동차부품(사출성형,조립), 자동차부품(사출성형,조립), 자동차부품(사출성형,조립), 자동차부품(사출성형"",""20260209""
""(주)일진 제2공장"",""경상북도 경주시 천북"",""기어 및 동력전달장치 제조업 외 2 종"",""요크,넉클,볼스크류, 요크,넉클,볼스크류, 요크,넉클,볼스크류"",""20260209""
""주식회사 남풍"",""경상북도 경주시 천북"",""김치류 제조업"",""포기김치 등"",""20260209""
""(주)더블유에스텅스텐코리아"",""경상북도 경주시 천북"",""기타 비철금속 제련, 정련 및 합금 제조업"",""페로텅스텐"",""20260209""
""신원스틸(주)"",""충청남도 천안시 서북"",""육상 금속 골조 구조재 제조업 외 1 종"",""기계부품, 기계부품"",""20260209""
""한국스톤네트"",""충청남도 보령시 웅천"",""건설용 석제품 제조업 외 2 종"",""석재가공품, 금속 스프링, 석재가공품"",""20260209""
""(주)아리수철강"",""충청남도 당진시 송산"",""절삭가공 및 유사처리업"",""철판모형절단, 프라즈마절단, 가공"",""20260209""
""경방신약(주) 금산공장"",""충청남도 금산군 부리"",""합성의약품 및 기타 완제 의약품 제조업 외 1 종"",""한방의약품, 건강기능식품, 한방의약품, 건강기능식품"",""20260209""
""주식회사 두라스택에스이"",,""콘크리트 타일, 기와, 벽돌 및 블록 제조업 외 1 종"",""콘크리트 타일, 기와, 벽돌 및 블럭, 콘크리트 타일, 기와, 벽돌 및 블럭"",""20260209""
""(주)휴팡"",""경기도 연천군 전곡읍"",""플라스틱 적층, 도포 및 기타 표면처리 제품 제조업 외 1 종"",""층간소음방지매트, 놀이방매트, 온수보일러"",""20260209""
""(주)태광"",""충청북도 청주시 청원"",""구조용 금속 판제품 및 공작물 제조업"",""주조용 금속 판제품"",""20260209""
""(주)엔에스일렉트릭"",""충청북도 청주시 청원"",""전기회로 개폐, 보호장치 제조업 외 1 종"",""전기차단기용 부품 및 제품, 전기차단기용 부품 및 제품"",""20260209""
""(주)엔에스일렉트릭"",""충청북도 청주시 청원"",""전기회로 개폐, 보호장치 제조업 외 1 종"",""CRADLE 및 MECHA, CRADLE 및 MECHA"",""20260209""
""(주)엔에스일렉트릭"",,""전기회로 개폐, 보호장치 제조업 외 1 종"",""CRADLE 및 MECHA, CRADLE 및 MECHA"",""20260209""
""(주)엔에스일렉트릭"",""충청북도 청주시 청원"",""전기회로 개폐, 보호장치 제조업 외 1 종"",""고압차단기 변전외함, 고압차단기 변전외함"",""20260209""
""(주)더토마스"",""충청북도 청주시 청원"",""기타 절연선 및 케이블 제조업 외 1 종"",""케이블 외 , 케이블 외"",""20260209""
""주식회사 아토"",""충청북도 충주시 주덕"",""구조용 금속 판제품 및 공작물 제조업 외 8 종"",""도로안전표지판지주,교통안전표지,도로명판,옥외용벤치, 표면 가공 목재 및 특정 목적용 제제목, 금속구조"",""20260209""
""엘에프푸드제천 주식회사"",""충청북도 제천시 제2?,""도시락류 제조업 외 1 종"",""냉동식품 등, 냉동식품 등"",""20260209""
""(주)신원에프아이"",""경기도 화성시 만세구"",""수프 및 균질화식품 제조업 외 9 종"",""혼합조미료, 균질화식품, 혼합조미료, 균질화식품, 혼합조미료, 균질화식품, 혼합조미료, 균질화식품, 혼합"",""20260209""
""(주)진일엠브이씨"",""경기도 화성시 만세구"",""차체 및 특장차 제조업 외 6 종"",""시험차용 배터리케이스, 프로토용 BIW 및 완성차 제작, 시험용 완성차 리워크, 서브프레임, 브레이크 페달,"",""20260209""
""(주)제일플라스틱"",""경기도 화성시 효행구"",""포장용 플라스틱 성형용기 제조업"",""화장품 포장케이스"",""20260209""
""(주)신풍정밀"",""경기도 화성시 효행구"",""안전유리 제조업 외 1 종"",""복층유리, 복층유리"",""20260209""
""(주)마롱컴퍼니"",""경기도 화성시 효행구"",""그 외 기타 분류 안된 금속 가공 제품 제조업 외 1 종"",""금속판,금속제, 장식용수지제품,기념관용 모형"",""20260209""
""통일종합인테리어"",""경기도 광주시 회덕길"",""기타 구조용 금속제품 제조업"",""야외 그늘막"",""20260209""
""(주)티원에프앤씨"",""경기도 양주시 은현면"",""그 외 기타 금속가공업"",""과압배출구"",""20260209""
""주식회사 승민텍스타일"",""경기도 포천시 소흘읍"",""편조원단 제조업"",""원단"",""20260209""
""수컨트롤"",""경기도 포천시 군내면"",""배전반 및 전기 자동제어반 제조업"",""계장제어장치"",""20260209""
""중앙리빙"",""경기도 김포시 통진읍"",""벽 및 바닥 피복용 플라스틱제품 제조업"",""플라스틱"",""20260209""
""(주)에스엔티"",""경기도 화성시 팔탄면"",""산업용 로봇 제조업"",""운반설비 경량화 및 방산제품, 자동차 시제품"",""20260209""
""(주)씨티알(CTR)"",""경기도 화성시 만세구"",""그 외 기타 일반목적용 기계 제조업"",""체중계, 가습기 등"",""20260209""
""(주)동신감속기"",,""기어 및 동력전달장치 제조업"",""감속기"",""20260209""
""(주)이룸디엔티"",""경기도 화성시 만세구"",""구조용 금속 판제품 및 공작물 제조업"",""철판 가공품"",""20260209""
""(주)한양엘리베이터"",""경기도 화성시 만세구"",""승강기 제조업"",""엘리베이터"",""20260209""
""(주)디에스더블유코리아"",""경기도 화성시 만세구"",""그 외 기타 전기장비 제조업"",""베륨동, 스틸, 서스, 그 외 용접기 조립품"",""20260209""
""(주)메이크리브(1021~1022)"",""경기도 군포시 군포첨"",""기타 주변기기 제조업 외 1 종"",""컴퓨터 본체, 도서관리시스템, 모니터, 메인보드"",""20260209""
""씨에이치파크(주)"",""경기도 하남시 조정대"",""교통 신호장치 제조업 외 2 종"",""자동주차관제시스템(번호인식기), 주차 관제용 통신장치, 주차 관제용 제어반, 주차차단기, 주차 관제용통"",""20260209""
""주식회사 티앤에프솔루션"",""경기도 용인시 기흥구"",""배전반 및 전기 자동제어반 제조업"",""PLC를 활용한 자동제어판넬"",""20260209""
""(주)이상네트웍스"",""경기도 파주시 문산읍"",""컴퓨터 제조업"",""테블릿PC"",""20260209""
""(주)블랑슈"",""경기도 이천시 모가면"",""위생용 종이제품 제조업"",""물티슈, 클렌징티슈"",""20260209""
""주식회사 비콘"",""경기도 이천시 설성면"",""육상 금속 골조 구조재 제조업 외 1 종"",""데크플레이트, 조립식건물"",""20260209""
""(주)엠케이글로벌"",""경기도 안성시 보개면"",""그 외 기타 1차 철강 제조업"",""철근가공"",""20260209""
""(주)유초이스"",""경기도 안성시 서운면"",""차체 및 특장차 제조업 외 4 종"",""특수목적용차량, 소방차 특장, 특장차용 금속제 부품, 안전경고등, 다목적라인(교통시각신호장치), 운송장"",""20260209""
""(주)에스제이폼웍스"",""경기도 안산시 단원구"",""기타 음향기기 제조업 외 1 종"",""TV,  모니터, 스마트폰 부품, 스피커 부품"",""20260209""
""나래FA"",""경기도 안산시 단원구"",""배전반 및 전기 자동제어반 제조업"",""배전반 및 전기자동제어반"",""20260209""
""동인전기"",""경기도 안산시 단원구"",""전동기 및 발전기 제조업"",""전기모터"",""20260209""
""(주)성원"",""경기도 남양주시 진접"",""그 외 기타 플라스틱 제품 제조업 외 21 종"",""플라스틱,헬멧,방탄복,의복 등, 플라스틱,헬멧,방탄복,의복 등, 플라스틱,헬멧,방탄복,의복 등, 플라스틱,"",""20260209""
""주식회사 크래프트빌"",""경기도 남양주시 진접"",""표면 가공 목재 및 특정 목적용 제재목 제조업"",""액자제작"",""20260209""
""성진금속 주식회사"",""경기도 남양주시 화도"",""그 외 기타 분류 안된 금속 가공 제품 제조업 외 3 종"",""케이블트레이, 덕트, 철, 만물, 케이블트레이, 덕트, 철, 만물, 케이블트레이, 덕트, 철, 만물, 케이블트레"",""20260209""
""(주)글로펙스"",""경기도 오산시 경기대"",""그 외 기타 의료용 기기 제조업"",""조직수복용생체재료"",""20260209""
""(주)에스지티 본사"",""경기도 오산시 두곡로"",""금속탱크 및 저장용기 제조업 외 3 종"",""강구조물, 내압시험기, 전기회로 접속장치, 계장제어장치, 면체세척기"",""20260209""
""(주)네이처소프트"",""경기도 시흥시 경기과"",""전동기 및 발전기 제조업 외 1 종"",""무선통신장치, 태양광발전장치"",""20260209""
""상록정밀"",""경기도 시흥시 마유로"",""절삭가공 및 유사처리업"",""절삭가공"",""20260209""
""세미콘오토시스템"",""경기도 시흥시 공단1?,""금속 절삭기계 제조업"",""고속정밀가공기"",""20260209""
""주식회사 브레인유"",""경기도 성남시 분당구"",""전기식 진단 및 요법 기기 제조업 외 1 종"",""CAI(마취심도 측정기), 정밀 계측기, 신호분석장비"",""20260209""
""주식회사 씨앤엘코메치연구소"",""경기도 광명시 범안로"",""일반용 도료 및 관련제품 제조업"",""특수페인트"",""20260209""
""(주)우림"",""경기도 광명시 영당안"",""기타 기계.장비 조립용 플라스틱 제품 제조업 외 1 종"",""전자부품,악기부품, 전자부품,악기부품"",""20260209""
""(주)엑스큐시스템"",""경기도 광명시 가락골"",""배전반 및 전기 자동제어반 제조업 외 6 종"",""보안용카메라, 원격자동검침시스템, 원격접속장치, 프로세스 제어반, 빌딩자동제어장치, 출입통제시스템,"",""20260209""
""주식회사이에스이"",""경기도 평택시 포승읍"",""반도체 제조용 기계 제조업 외 1 종"",""금속부품 가공품, 비전스크린프린터"",""20260209""
""(주)에어퍼스트"",,""산소, 질소 및 기타 산업용 가스 제조업"",""질소, 산소, 아르곤"",""20260209""
""(주)네오팜그린"",""경기도 안산시 상록구"",""기타 기초 유기화학 물질 제조업 외 2 종"",""분말활성탄소, 제올라이트, 제올라이트"",""20260209""
""미래PHE산업"",""경기도 안산시 단원구"",""증류기, 열교환기 및 가스발생기 제조업"",""열교환기 및 냉난방설비"",""20260209""
""영신이앤지(주)"",""경기도 안산시 단원구"",""그 외 기타 특수목적용 기계 제조업 외 1 종"",""자동화기계"",""20260209""
""(주)신광모빌리티"",""경기도 안산시 단원구"",""그 외 자동차용 신품 부품 제조업"",""자동차부품(에어백)"",""20260209""
""주식회사 류씨은"",""인천광역시 강화군 불"",""금속 가구 제조업 외 1 종"",""파티션, 철재OA, 사무용책상, 파티션, 철재OA, 사무용책상"",""20260209""
""(주)시.알.씨스템(2공장)"",""광주광역시 북구 첨단"",""주형 및 금형 제조업"",""금형, 설계"",""20260209""
""도현기업"",""광주광역시 광산구 빛"",""자동차 차체용 신품 부품 제조업"",""특장차 도어"",""20260209""
""엠티엠상사"",""대전광역시 대덕구 한"",""산업용 냉장 및 냉동 장비 제조업"",""실험용초저온냉동고용 샘플고관랙"",""20260209""
""모든ENG"",""울산광역시 울주군 청"",""탭, 밸브 및 유사장치 제조업"",""탭, 산업용 밸브"",""20260209""
""주식회사 금화이엔지"",,""선박 구성 부분품 제조업"",""조선기자재"",""20260209""
""(주)메가테크"",""울산광역시 울주군 상"",""자동차용 신품 제동장치 제조업 외 1 종"",""트럭용 토크플레이트, 자동차 부품(브라켓류, 전기차밧데리플레이트, 오토밋션 크러치류, 워터펌프, 오일펌"",""20260209""
""베리웰 사회적협동조합"",""세종특별자치시 조치?,""떡류 제조업"",""과자류(약과)"",""20260209""
""(주)이노페이스"",""경기도 수원시 권선구"",""기타 표시장치 제조업 외 1 종"",""플라즈마 및 기타평판디스플레이 제조, 플라즈마 및 기타평판디스플레이 제조"",""20260209""
""대창엔지니어링"",""경기도 수원시 권선구"",""산업용 로봇 제조업"",""휴대폰배터리제조공정 자동화설비"",""20260209""
""익스팬테크(주)"",""경기도 수원시 권선구"",""그 외 기타 전자부품 제조업 외 2 종"",""EMI Filter, LED용 방열기판, 고전압캐패시터, ."",""20260209""
""티씨씨"",""경기도 수원시 권선구"",""그 외 기타 전자부품 제조업"",""전자부품(코일, 트랜스)"",""20260209""
""피에스아이(주)"",""경기도 수원시 권선구"",""전기식 진단 및 요법 기기 제조업 외 2 종"",""피부미용기기, ., ."",""20260209""
""일성합판(주)"",""대구광역시 달성군 논"",""박판, 합판 및 유사 적층판 제조업"",""합판"",""20260209""
""일성합판(주)2"",""대구광역시 달성군 논"",""박판, 합판 및 유사 적층판 제조업"",""박판,합판"",""20260209""
""아레텍(주)"",""대구광역시 달성군 다"",""디스플레이 제조용 기계 제조업"",""Cleaner Coater"",""20260209""
""(주)에스피씨글로벌"",""인천광역시 남동구 남"",""기타 목재가구 제조업 외 2 종"",""기타 목재가구, 도장"",""20260209""
""(주)한국씨엔씨"",""인천광역시 남동구 남"",""그 외 기타 전자부품 제조업"",""인쇄회로기판 홀가공"",""20260209""
""스퀘어(SQUARE)"",""인천광역시 남동구 능"",""절삭가공 및 유사처리업"",""연마용 휠"",""20260209""
""현경푸드"",""인천광역시 남동구 호"",""기타 과실ㆍ채소 가공 및 저장 처리업"",""과일청, 건조과일, 건조야채"",""20260209""
""주식회사 새벽농가"",""인천광역시 서구 보도"",""기타 과실ㆍ채소 가공 및 저장 처리업"",""다듬무"",""20260209""
""제이피사운드"",""인천광역시 서구 백범"",""기타 절연선 및 케이블 제조업"",""마이크 케이블"",""20260209""
""동은밸브(주)"",""부산광역시 강서구 과"",""탭, 밸브 및 유사장치 제조업"",""밸브"",""20260209""
""(주)에스알테크"",""부산광역시 기장군 장"",""산업용 로봇 제조업"",""산업용 로봇"",""20260209""
""유신에이치알(주)"",""부산광역시 기장군 장"",""선박 구성 부분품 제조업 외 6 종"",""., ., ., ., ., ., 엔진부품, 발전기제조"",""20260209""
""와이엠양산기공(주)"",""부산광역시 기장군 정"",""동력식 수지공구 제조업"",""공기식공구"",""20260209""
""에스앤티모티브(주)"",""부산광역시 기장군 철"",""자동차용 신품 동력전달장치 제조업 외 6 종"",""총기및자동차부품, 총기및자동차부품, 총기및자동차부품, 총기및자동차부품, 총기및자동차부품, 총기및자동"",""20260209""
""경북산소(주)"",""대구광역시 서구 와룡"",""질소화합물, 질소, 인산 및 칼리질 화학비료 제조업"",""산업용가스"",""20260209""
""예스하이텍"",""대구광역시 달서구 달"",""주형 및 금형 제조업"",""주형및금형"",""20260209""
""에스피에스텍(주)"",""대구광역시 달서구 달"",""그 외 기타 전자부품 제조업"",""DC-DC 컨버터"",""20260209""
""(주)대성엔지니어링"",""대구광역시 달서구 성"",""주형 및 금형 제조업 외 1 종"",""금형, 금형"",""20260209""
""(주)윈시스태영"",""대구광역시 달서구 성"",""커튼 및 유사제품 제조업"",""블라인드"",""20260209""
""(주)삼화테크"",""대구광역시 달서구 성"",""자동차 차체용 신품 부품 제조업"",""자동차 차체용 부품 ARM"",""20260209""
""(주)코리아반도체조명"",""대구광역시 달서구 성"",""일반용 전기 조명장치 제조업 외 10 종"",""조명장치, 조명장치, 조명장치, 조명장치, 조명장치, 조명장치, 조명장치, 조명장치, 조명장치, 조명장치,"",""20260209""
""주식회사 다인정보기술"",""서울특별시 성동구 성"",""방송장비 제조업 외 3 종"",""영상감시장치, CCTV, 보안용카메라, 전원공급장치, 비상벨"",""20260209""
""(주)디에이치"",""서울특별시 금천구 가"",""과자류 및 코코아 제품 제조업"",""과자류"",""20260209""
""(주)에이브릭스"",""서울특별시 금천구 가"",""기타 전기 변환장치 제조업"",""충전보관함"",""20260209""
""(주)유신기업사"",""서울특별시 금천구 디"",""그 외 기타 플라스틱 제품 제조업"",""안전용품등"",""20260209""
""팜커넥트(주)서울지점"",""서울특별시 영등포구"",""전자감지장치 제조업 외 1 종"",""온도.습도 등 센서장치 , 비닐하우스 개폐기 컨트롤박스"",""20260209""
""주식회사 제이에이치씨"",""전북특별자치도 전주?,""일반용 도료 및 관련제품 제조업 외 2 종"",""살얼음방지 노면도색제, 살얼음방지 노면도색제, 살얼음방지 노면도색제"",""20260210""
""농업회사법인(유)지리온"",""전북특별자치도 남원?,""기타 곡물 가공품 제조업 외 1 종"",""누룽지, 곡류가공품, 차"",""20260210""
""주식회사네츄럴그린"",""전북특별자치도 남원?,""유기질 비료 및 상토 제조업"",""미생물 배양액"",""20260210""
""(주)다이나믹인더스트리"",,""그 외 기타 특수목적용 기계 제조업 외 2 종"",""태양광패널 재활용 장치, 재생금속(알류미늄, 구리),파유리, 실리콘, 폐합성수지"",""20260210""
""농업회사법인주식회사더진한"",""전북특별자치도 임실?,""천연 및 혼합조제 조미료 제조업"",""고춧가루"",""20260210""
""(주)청운전력"",""경상남도 김해시 대동"",""배전반 및 전기 자동제어반 제조업 외 6 종"",""배전반 분전반 자동제어반, 배전반 분전반 자동제어반, 배전반 분전반 자동제어반, 배전반 분전반 자동제어"",""20260210""
""(주)부경레미콘"",""경상남도 밀양시 하남"",""레미콘 제조업"",""레디믹스터콘크리트"",""20260210""
""(주)풍국전자"",""경상남도 양산시 산막"",""절연 코드세트 및 기타 도체 제조업"",""전자관,반도체 소자"",""20260210""
""두원테크(주)"",""경상남도 양산시 상북"",""그 외 기타 분류 안된 금속 가공 제품 제조업"",""직선로봇부품,자동화기계"",""20260210""
""(주)화인피엠"",""경상남도 양산시 상북"",""합성수지 및 기타 플라스틱 물질 제조업"",""합성수지(산업용테이프 코팅 기능성 점착제)"",""20260210""
""주식회사 제주바솔트"",""제주특별자치도 제주?,""커피 가공업 외 2 종"",""제주돌빵 등, 쿠키 등, 드립커피 등"",""20260210""
""(주)일흥이엔지"",,""그 외 기타 달리 분류되지 않은 운송장비 제조업"",""운송장비 부품"",""20260210""
""태현정밀"",,""금속 절삭기계 제조업"",""스핀들, 방산 부품"",""20260210""
""(주)아라메소재"",""경상남도 진주시 문산"",""일반용 도료 및 관련제품 제조업"",""해양소재기반 나노셀룰로우스"",""20260210""
""부경하이테크"",""경상남도 김해시 한림"",""그 외 자동차용 신품 부품 제조업"",""검사구,지그"",""20260210""
""명신테크"",""경상남도 김해시 한림"",""선박 구성 부분품 제조업"",""철구조물, 닥트"",""20260210""
""(주)우현테크"",""경상남도 김해시 한림"",""선박 구성 부분품 제조업 외 40 종"",""선박구성부품, 컨베이어장치, 기타물품 취급장비, 탭, 밸브 및 유사장치, 강관 가공품 및 관 연결구류, 주"",""20260210""
""(주)대산케미칼"",""경상남도 김해시 생림"",""사무 및 회화용품 제조업"",""천(면)점착테이프"",""20260210""
""주식회사 다듬디자인"",""경상북도 김천시 남면"",""놀이터용 장비 제조업 외 4 종"",""휴게시설물 , 조형시설물 등, 휴게시설물 , 조형시설물 등, 휴게시설물 , 조형시설물 등, 휴게시설물 , 조"",""20260210""
""주식회사 유유테크"",""경상북도 김천시 개령"",""기타 종이 및 판지 제조업 외 2 종"",""냅킨, 핸드타월, 냅킨, 핸드타월, 냅킨, 핸드타월"",""20260210""
""(주)서린"",""경상북도 구미시 1공?,""그 외 기타 전자부품 제조업"",""전자부품 가공"",""20260210""
""(주)메인텍"",""경상북도 구미시 4공?,""주형 및 금형 제조업 외 1 종"",""휴대폰, 자동차 등 주형 및 금형, 휴대폰 사출금형 제작"",""20260210""
""농업회사법인 주식회사 자연팜"",""경상북도 영주시 영주"",""식물성 유지 제조업"",""생들기름"",""20260210""
""풍기인삼농업협동조합"",""경상북도 영주시 풍기"",""인삼식품 제조업"",""인삼가공식품"",""20260210""
""대산텍"",""경상북도 영천시 금호"",""컨베이어장치 제조업 외 1 종"",""스크류(이송장치), 교반기, 스크류(이송장치), 교반기"",""20260210""
""(주)태산"",""경상북도 영천시 신녕"",""곡물 혼합분말 및 반죽 제조업 외 2 종"",""혼합조제분말(팥앙금,떡,빵), 혼합조제분말(팥앙금,떡,빵), 혼합조제분말(팥앙금,떡,빵)"",""20260210""
""농업회사법인 (주)태산글로벌"",""경상북도 영천시 신녕"",""떡류 제조업 외 2 종"",""떡 빵 앙금, 떡 빵 앙금, 떡 빵 앙금"",""20260210""
""(주)케이앤에스에너지"",""경상북도 청도군 풍각"",""산업용 오븐, 노 및 노용 버너 제조업"",""태양열 집열기"",""20260210""
""(주)리뉴엘바이오"",""경상북도 칠곡군 왜관"",""단미 사료 및 기타 사료 제조업"",""사료"",""20260210""
""(주)이에스티"",""경상남도 창원시 의창"",""산업용 로봇 제조업 외 4 종"",""공장자동화장비 및 컨베어 제조, 측정자동화설비, 공장자동화 전용 장비, 3축이상의 로봇 제조, 전용기"",""20260210""
""케이제이테크"",""경상남도 창원시 의창"",""절삭가공 및 유사처리업"",""자동차 hub, pulley"",""20260210""
""한독정공"",""경상남도 창원시 의창"",""자동차 엔진용 신품 부품 제조업 외 1 종"",""자동차부품, 방산부품"",""20260210""
""주식회사 광암중전기"",""경상남도 창원시 성산"",""배전반 및 전기 자동제어반 제조업"",""변압기 및 배전반"",""20260210""
""주식회사 동명씨앤에스"",""전라남도 담양군 담양"",""기타 기계.장비 조립용 플라스틱 제품 제조업 외 1 종"",""관람석 브라켓, 관람석 브라켓"",""20260210""
""주식회사 이도기술"",""전라남도 담양군 담양"",""일반용 도료 및 관련제품 제조업"",""폴리우레아수지 도막방수재"",""20260210""
""(주)미광엔텍"",""경상북도 포항시 남구"",""전구 및 램프 제조업 외 7 종"",""DC전원공급장치 외,, DC전원공급장치 외,, DC전원공급장치 외,, DC전원공급장치 외,, DC전원공급장치 외,,"",""20260210""
""엠에스파이프(주) 2공장"",""경상북도 포항시 남구"",""강관 제조업 외 1 종"",""전조제품, 강관"",""20260210""
""주식회사 한도이엔지"",""충청남도 천안시 서북"",""절삭가공 및 유사처리업"",""절삭가공품"",""20260210""
""(주)티엠씨"",""충청남도 천안시 서북"",""기타 절연선 및 케이블 제조업 외 2 종"",""전선케이블, FIS, LED조명, G3, LED조명, 광케이블"",""20260210""
""주식회사 소프트페이스"",""충청남도 서산시 수석"",""기타 플라스틱 발포 성형제품 제조업"",""화장용 퍼프 원단"",""20260210""
""농업회사법인주식회사아성푸드"",""충청남도 서산시 해미"",""기타 과실ㆍ채소 가공 및 저장 처리업 외 1 종"",""닭가공품, 무청시래기제품"",""20260210""
""갈산토기"",""충청남도 홍성군 갈산"",""가정용 및 장식용 도자기 제조업"",""토기"",""20260210""
""(주)에너지윈"",""충청남도 홍성군 구항"",""금속 문, 창, 셔터 및 관련제품 제조업 외 2 종"",""알루미늄 창호, 알루미늄 창호, 합성수지제 창호"",""20260210""
""(주)대한철강 제2공장"",""충청남도 홍성군 구항"",""플라스틱 시트 및 판 제조업 외 1 종"",""지붕재 강판, 지지대, 하우스패드, 지붕재 강판, 지지대, 하우스패드"",""20260210""
""금호피앤비화학(주) 제2공장"",""전라남도 여수시 여수"",""기타 기초 유기화학 물질 제조업"",""BPA,EPOXY,MIBK"",""20260210""
""(주)에코블럭"",""전라남도 순천시 주석"",""콘크리트 타일, 기와, 벽돌 및 블록 제조업 외 1 종"",""콘크리트 블록, 인조대리석"",""20260210""
""(주)상상플러스 강산"",""전라남도 나주시 교육"",""경 인쇄업 외 1 종"",""인쇄물, 보고서, 리플렛, 인쇄물, 보고서, 리플렛"",""20260210""
""(주)유아이"",""전라남도 나주시 왕곡"",""유선 통신장비 제조업 외 4 종"",""ACU 외, 폐쇄회로카메라(CCTV)외, 차량차단기 외, 전기제어장치, ACU 외, 폐쇄회로카메라(CCTV)외, 차량차"",""20260210""
""대성테크"",""경기도 포천시 가산면"",""기타 물품 취급장비 제조업"",""유압리프트, 호이스트"",""20260210""
""다경실업 주식회사(제2공장)"",""경기도 포천시 신북면"",""벽 및 바닥 피복용 플라스틱제품 제조업 외 1 종"",""점자블록, 카스토퍼"",""20260210""
""일흥석재"",""경기도 포천시 영중면"",""건설용 석제품 제조업"",""경계석"",""20260210""
""(주)진양"",""경기도 여주시 가남읍"",""수산식물 가공 및 저장 처리업"",""조미김"",""20260210""
""(주)코어모션"",""충청북도 청주시 흥덕"",""그 외 기타 의료용 기기 제조업"",""의료기기"",""20260210""
""충북테크노파크"",""충청북도 제천시 제2?,""건강기능식품 제조업"",""황기추출물, 당귀추출물, 산삼배양근"",""20260210""
""(주)한켐"",""충청북도 옥천군 청산"",""기타 기초 유기화학 물질 제조업"",""전자재료 및 의약재료"",""20260210""
""이월코리아(lwolkorea)"",""충청북도 진천군 진천"",""가금류 가공 및 저장 처리업"",""포장닭"",""20260210""
""주식회사 쌀담"",""충청북도 진천군 문백"",""면류, 마카로니 및 유사식품 제조업"",""쌀국수"",""20260210""
""파우니식품(주)"",""충청북도 음성군 대소"",""육류 기타 가공 및 저장처리업 (가금류 제외) 외 1 종"",""보쌈, 족발, 보쌈, 족발"",""20260210""
""(주)앤디포스"",""충청북도 음성군 대소"",""플라스틱 접착처리 제품 제조업 외 1 종"",""광학산 필름, 광학산 필름"",""20260210""
""(주)휴브글로벌"",""충청북도 음성군 삼성"",""기타 기초 무기 화학물질 제조업 외 3 종"",""내첨용 도전제[IDP]"",""20260210""
""동양세라믹(주)"",""경기도 화성시 만세구"",""정형 내화 요업제품 제조업"",""Ceramic tube"",""20260210""
""(주)디이에스"",,""반도체 제조용 기계 제조업 외 1 종"",""반도체장비, 반도체장비"",""20260210""
""코지윈"",""경기도 화성시 효행구"",""금속 문, 창, 셔터 및 관련제품 제조업"","" 방범방충망,알루미늄 방충망, 보조창용 방범방충망"",""20260210""
""(주)푸른가족"",""경기도 화성시 효행구"",""기타 곡물 가공품 제조업"",""곡류가공품(분말죽 프리미스), 즉석조리식품(분말컵죽)"",""20260210""
""(주)알엔투테크놀로지"",""경기도 화성시 동탄구"",""전기회로 개폐, 보호장치 제조업 외 1 종"",""퓨즈, 퓨즈"",""20260210""
""한양몰드(주)"",""경기도 화성시 동탄구"",""주형 및 금형 제조업"",""플라스틱 사출금형"",""20260210""
""쌍용레미콘(주) 광주사업소"",""경기도 광주시 오포로"",""레미콘 제조업"",""레미콘"",""20260210""
""주식회사 코메트"",""경기도 광주시 초월읍"",""자전거 및 환자용 차량 제조업"",""자전거"",""20260210""
""(주)대승산업"",""경기도 광주시 곤지암"",""기타 건축용 플라스틱 조립제품 제조업 외 3 종"",""보온 단열재,  , 준불연 백, 준불연 필름"",""20260210""
""(주)하이로"",""경기도 양주시 은현면"",""컨베이어장치 제조업 외 2 종"",""오수처리용 산기장치, 오수처리용 산기장치, 오수처리용 산기장치"",""20260210""
""가나타이어"",""경기도 양주시 은현면"",""기타 과실ㆍ채소 가공 및 저장 처리업"",""무말랭이"",""20260210""
""크린필터(주)"",""경기도 양주시 광적면"",""기체 여과기 제조업 외 2 종"",""산업용필터, 산업용필터, 산업용필터"",""20260210""
""주식회사 윙윙"",""경기도 포천시 호국로"",""제책업 외 1 종"",""마스크, 종이제책북, 마루제책북"",""20260210""
""주식회사 윙윙인팩"",""경기도 포천시 호국로"",""간판 및 광고물 제조업"",""광고책자,종이 상자류"",""20260210""
""왕자NHC(주)"",""경기도 포천시 내촌면"",""금속 가구 제조업"",""행거"",""20260210""
""(주)이화기업"",""경기도 김포시 양촌읍"",""그 외 기타 분류 안된 비금속 광물제품 제조업 외 3 종"",""방수재, 건축용구조재, 도로바닥재40, ."",""20260210""
""주식회사 삼성플렉스"",,""강관 제조업"",""스테인레스 파이프등"",""20260210""
""정오미디어"",""경기도 김포시 대곶면"",""기타 광학기기 및 사진기 제조업 외 5 종"",""영사용스크린, 시청각기자재, 스크린전동시스템, 책소독기, ., ."",""20260210""
""우성엔시(NC)"",""경기도 김포시 대곶면"",""기타 목재가구 제조업"",""가구"",""20260210""
""주식회사 할랄도장"",""경기도 김포시 월곶면"",""육류 포장육 및 냉동육 가공업 (가금류 제외)"",""소/닭/오리/양고기 포장육"",""20260210""
""(주)다이코스"",""경기도 화성시 만세구"",""탭, 밸브 및 유사장치 제조업"",""위생배관 부속 및 밸브"",""20260210""
""(주)에이아이엠디"",,""그 외 기타 의료용 기기 제조업"",""비디오경성삽관용후두경(A-LRYNGO)"",""20260210""
""(주)코드스테리"",,""분사기 및 소화기 제조업"",""방역 소독기"",""20260210""
""(주)월드일렉트릭"",""경기도 화성시 만세구"",""그 외 기타 분류 안된 금속 가공 제품 제조업 외 3 종"",""금속 가공 제품, 전기회로 및 기타금속, 금속 가공 제품, 전기회로 및 기타금속, 금속 가공 제품, 전기회로"",""20260210""
""재우정공"",""경기도 시흥시 공단1?,""절삭가공 및 유사처리업"",""절삭가공"",""20260210""
""코리아텍"",""경기도 시흥시 공단1?,""배전반 및 전기 자동제어반 제조업"",""자동제어장치"",""20260210""
""주식회사 클린일렉스"",""경기도 군포시 공단로"",""기타 전기 변환장치 제조업 외 1 종"",""충전기 제조(배터리용), 에너지 저장장치"",""20260210""
""(주)모아패키지"",""경기도 파주시 회동길"",""오프셋 인쇄업 외 2 종"",""디자인, 태양력 발전, 인쇄업"",""20260210""
""(주)한신에이앤에스티"",""경기도 이천시 대월면"",""구조용 금속 판제품 및 공작물 제조업"",""sts,steel,plate,pipe가공품"",""20260210""
""디아인텍(주)"",""경기도 안성시 서운면"",""그 외 기타 전자부품 제조업 외 2 종"",""전자부품 트레이,, 리튬폴리머전지, 리튬폴리머전지"",""20260210""
""유민스틸(주)"",""경기도 안산시 단원구"",""그 외 기타 1차 철강 제조업"",""이형철근 절단 절곡"",""20260210""
""(주)메카넥스"",""경기도 안산시 단원구"",""톱 및 호환성 공구 제조업"",""초경절삭공구제조"",""20260210""
""구미이화 주식회사"",""경기도 안산시 단원구"",""기타 음향기기 제조업 외 6 종"",""TV전자부품, TV전자부품, TV전자부품, TV전자부품, TV전자부품, TV전자부품, TV전자부품"",""20260210""
""구미이화(주)"",""경기도 안산시 단원구"",""위생용 종이제품 제조업 외 7 종"",""전자부품 외, 전자부품 외, 전자부품 외, 전자부품 외, 전자부품 외, 전자부품 외, 전자부품 외, 전자부품"",""20260210""
""(주)영텍"",""경기도 안산시 단원구"",""기타 무선 통신장비 제조업"",""알루미늄 가공 통신장비"",""20260210""
""(주)행하자청년공동체"",""경기도 남양주시 늘을"",""그 외 기타 종이 및 판지 제품 제조업 외 1 종"",""팸플릿, 명함, 행사용 종이제품, 종이 전시물, 팸플릿, 명함, 행사제품, 전시물"",""20260210""
""케이제이팩토리"",""경기도 남양주시 다산"",""그 외 기타 봉제의복 제조업"",""애견 의류"",""20260210""
""(주)영광테크"",""경기도 남양주시 수동"",""도장 및 기타 피막처리업"",""분체도장"",""20260210""
""차오름"",""경기도 남양주시 수동"",""운송장비 조립용 플라스틱제품 제조업 외 1 종"",""살균소독수, 판촉물 인쇄, 임가공, 살균소독수, 판촉물 인쇄, 임가공"",""20260210""
""(주)부강건설"",""경기도 남양주시 수동"",""구조용 금속 판제품 및 공작물 제조업 외 1 종"",""금속제기타울타리, 디자인형울타리, 알루미늄제교량난간, 금속제기타울타리, 디자인형울타리, 알루미늄제교"",""20260210""
""(주)세창엔지니어링"",""경기도 시흥시 마유로"",""기타 가공 공작기계 제조업 외 1 종"",""가공기계"",""20260210""
""(주)재원닉스"",""경기도 시흥시 마유로"",""그 외 기타 1차 철강 제조업"",""파이프, 형강류, 잔넬 ,H빔"",""20260210""
""(주)다스온"",""경기도 부천시 오정구"",""그 외 기타 의료용품 및 의약 관련제품 제조업"",""의료용소모품(반창고)"",""20260210""
""(주)새한안테나"",""경기도 부천시 오정구"",""기타 무선 통신장비 제조업"",""안테나"",""20260210""
""우성이앤아이 주식회사"",""경기도 부천시 오정구"",""배전반 및 전기 자동제어반 제조업"",""자동제어반 제작"",""20260210""
""오즈레이주식회사"",""경기도 광명시 하안로"",""방송장비 제조업 외 4 종"",""산업용 카메라, 적외선 카메라, 해당 없음, 해당 없음, 해당 없음"",""20260210""
""이피에스코리아(주)"",""경기도 평택시 포승읍"",""폴리스티렌 발포 성형제품 제조업"",""스치로폴(EPS, EPP)"",""20260210""
""(주)제이더블유엠티"",""경기도 안산시 단원구"",""1차 유리제품, 유리섬유 및 광학용 유리 제조업 외 7 종"",""PC Film, PC Film, PC Film, OLED, LGF외(키패드하단에 들어가는 소재제품), OLED, OLED, -"",""20260210""
""(주)경진텍"",""경기도 안산시 단원구"",""솜 및 실 염색가공업"",""솜및실염색"",""20260210""
""(주)부국상사"",,""전시 및 광고용 조명장치 제조업"",""LED 조명기구"",""20260210""
""(주)수호정보통신"",""광주광역시 북구 첨단"",""방송장비 제조업 외 2 종"",""영상감시장치, 구내방송장치, 교통정보전광판, 계장제어장치"",""20260210""
""일신스틸 주식회사"",""광주광역시 광산구 진"",""그 외 기타 1차 철강 제조업"",""이형 철근"",""20260210""
""농사꾼누룽지"",""광주광역시 광산구 하"",""기타 곡물 가공품 제조업"",""누룽지"",""20260210""
""주식회사 에스제이푸드"",""광주광역시 광산구 평"",""육류 포장육 및 냉동육 가공업 (가금류 제외)"",""축산물"",""20260210""
""(주)다올산업"",""광주광역시 광산구 손"",""그 외 기타 전자부품 제조업"",""전자부품"",""20260210""
""(주)해드림에너지"",""광주광역시 광산구 손"",""기타 전기 변환장치 제조업"",""태양광발전장치"",""20260210""
""뉴텍(주)"",""대전광역시 대덕구 신"",""자동차 엔진용 신품 부품 제조업"",""엔진베어링"",""20260210""
""(주)씨앤투스"",""울산광역시 북구 매곡"",""기체 여과기 제조업 외 1 종"",""산업용 마스크, 자동차용 에어컨 필터"",""20260210""
""(주)119마트"",""울산광역시 북구 산성"",""배전반 및 전기 자동제어반 제조업 외 2 종"",""비상전원반, 소화전 표시등, 임대업"",""20260210""
""드림베이"",,""놀이터용 장비 제조업 외 5 종"",""금속제울타리, 자전거보관대, 옥외용벤치, 야외운동기구, 퍼걸러, 조합놀이대"",""20260210""
""주식회사 엠에스조경"",""울산광역시 울주군 삼"",""놀이터용 장비 제조업 외 5 종"",""야외운동기구, 퍼걸러, 옥외용벤치, 디자인형 울타리, 조합놀이대, 목재덱,  ,  ,  ,  ,"",""20260210""
""두북농업협동조합"",""울산광역시 울주군 두"",""곡물 도정업"",""청결미,백미,현미,밀가루,보리가루 등"",""20260210""
""(주)더원에스피"",""경기도 수원시 권선구"",""그 외 기타 전자부품 제조업"",""핸드폰 필름"",""20260210""
""제이투에이치바이오텍(주)"",""경기도 수원시 권선구"",""기초 의약 물질 제조업"",""원료의약품"",""20260210""
""한정식품"",""대구광역시 달성군 유"",""기타 곡물 가공품 제조업"","" 누룽지 스낵"",""20260210""
""농협경제지주(주) 한육우판매사업소"",""인천광역시 중구 축항"",""육류 기타 가공 및 저장처리업 (가금류 제외) 외 2 종"",""고기가공, 얼음, 고기가공"",""20260210""
""모아케미칼"",""인천광역시 남동구 승"",""기타 가정용 전기기기 제조업"",""두피마사지기"",""20260210""
""(주)씨에이치푸드"",""인천광역시 남동구 은"",""곡물 혼합분말 및 반죽 제조업"",""팥앙금, 반죽(밀가루)"",""20260210""
""주식회사 다모테크"",""인천광역시 남동구 청"",""기타 무선 통신장비 제조업"",""방위산업부품(통신장비)"",""20260210""
""(주)한국금기"",""인천광역시 남동구 남"",""주형 및 금형 제조업"",""다이셋트,유니트,금형부품"",""20260210""
""성현SH"",""인천광역시 남동구 호"",""주방용 및 음식점용 목재가구 제조업 외 1 종"",""목재가구(싱크대 문짝 및 장식장 문짝), 목재가구(싱크대 문짝 및 장식장 문짝)"",""20260210""
""(주)디스텍"",""인천광역시 부평구 세"",""방송장비 제조업 외 1 종"",""무선마이크, 스피커"",""20260210""
""에이엠코퍼레이션"",""인천광역시 부평구 부"",""기타 무선 통신장비 제조업"",""콘넥타,케이블아쎄이"",""20260210""
""오리진"",""인천광역시 부평구 부"",""산업처리공정 제어장비 제조업"",""반도체장비, 진공멀티코팅장비, 정밀센서"",""20260210""
""두오산업"",""인천광역시 서구 사렴"",""기타 비철금속 주조업"",""황동,청동 주조"",""20260210""
""창성에이치티"",""인천광역시 서구 보도"",""금속 열처리업"",""금속열처리"",""20260210""
""에이스데코"",""인천광역시 서구 가좌"",""침구 및 관련제품 제조업"",""침구 및 관련제품"",""20260210""
""이도기술"",""인천광역시 서구 백범"",""주형 및 금형 제조업"",""금형부품"",""20260210""
""스마클(주)"",""인천광역시 서구 보듬"",""체조, 육상 및 체력단련용 장비 제조업 외 3 종"",""이동식 초소, 수목진단기, 공기청정기, 운동기구"",""20260210""
""케이웨더(주)"",""인천광역시 서구 검단"",""가정용 및 산업용 공기 조화장치 제조업 외 7 종"",""공기 조화장치, 레이더 항행용 무선기기, 대기오염 측정기, 무선송수신기, 급 빼기 팬, 환기장치, 기체 여"",""20260210""
""태화정밀"",""부산광역시 강서구 낙"",""그 외 자동차용 신품 부품 제조업 외 3 종"",""자동차부품,  ,  ,"",""20260210""
""에스피엘(주)"",""부산광역시 강서구 과"",""그 외 자동차용 신품 부품 제조업 외 3 종"",""바디콘솔, 바디콘솔, 바디콘솔, 바디콘솔, 바디콘솔"",""20260210""
""에스피엘(주)"",""부산광역시 강서구 과"",""그 외 자동차용 신품 부품 제조업"",""자동차부품(바디콘솔"",""20260210""
""한올데코"",""부산광역시 사상구 낙"",""침구 및 관련제품 제조업"",""침구스프레드, 매트"",""20260210""
""주식회사 네비코"",""부산광역시 기장군 장"",""그 외 자동차용 신품 부품 제조업"",""범퍼, 문, 보닛 등 자체 구성 부품"",""20260210""
""(주)푸드어셈블"",""부산광역시 기장군 장"",""기타 식사용 가공처리 조리식품 제조업"",""밀키트(반조리) 식품"",""20260210""
""씨에이치(CH)금속"",""부산광역시 기장군 정"",""금속 위생용품 제조업 외 1 종"",""업소용스텐 주방기기, 태양력(전기)"",""20260210""
""삼영알미늄"",""대구광역시 북구 노원"",""알루미늄 압연, 압출 및 연신제품 제조업"",""황, 냄비,사각쟁반"",""20260210""
""(주)더효림"",""대구광역시 북구 노원"",""주방용 및 음식점용 목재가구 제조업"",""싱크대, 붙박이장 외"",""20260210""
""(주)에스와이텍"",""대구광역시 북구 3공?,""자동차 엔진용 신품 부품 제조업 외 2 종"",""자동차엔진부품류(필러파이프외), 자동차엔진부품류(필러파이프외), 자동차엔진부품류(필러파이프외)"",""20260210""
""성산정공"",""대구광역시 북구 팔달"",""그 외 기타 특수목적용 기계 제조업 외 1 종"",""검사구, 지그 기계제작, 검사구, 지그 기계제작"",""20260210""
""(주)서한피에스"",""대구광역시 북구 검단"",""금속 절삭기계 제조업"",""절삭날"",""20260210""
""주식회사 정성을 담은"",""대구광역시 북구 도남"",""육류 포장육 및 냉동육 가공업 (가금류 제외)"",""족발, 삼겹"",""20260210""
""동방정밀금형"",""대구광역시 달서구 성"",""주형 및 금형 제조업 외 1 종"",""금형, 자동차판넬"",""20260210""
""(주)창진엠앤디"",""대구광역시 달서구 성"",""커튼 및 유사제품 제조업"",""커튼"",""20260210""
""(주)유신텍"",""서울특별시 금천구 디"",""배전반 및 전기 자동제어반 제조업"",""제어시스템"",""20260210""
""웰텍시스템(주)"",""부산광역시 해운대구"",""기기용 자동측정 및 제어장치 제조업 외 1 종"",""용접모니터링 장비, 용접모니터링 시스템"",""20260210""
""삼일이엔지"",""부산광역시 금정구 개"",""유압기기 제조업 외 2 종"",""자동차에어컨 C/L BODY, 자동차에어컨, 태양광 발전"",""20260210""
""태승산전 주식회사"",""전북특별자치도 전주?,""변압기 제조업"",""변압기류"",""20260211""
""신영 주식회사"",""전북특별자치도 전주?,""그 외 기타 플라스틱 제품 제조업"",""재활용 플라스틱 제품"",""20260211""
""주식회사 네오크레마"",""전북특별자치도 익산?,""건강기능식품 제조업 외 2 종"",""건강기능식품, 올리고당, 혼합제제"",""20260211""
""(주)한울아트"",,""기타 구조용 금속제품 제조업 외 6 종"",""금속구조용판제품, 금속구조용판제품, 금속구조용판제품, 금속구조용판제품, 금속구조용판제품, 금속구조용"",""20260211""
""(농)(주)남원에프엔비"",""전북특별자치도 남원?,""탁주 및 약주 제조업"",""탁주(막걸리)"",""20260211""
""덕산에테르씨티(주)"",""전북특별자치도 완주?,""트레일러 및 세미트레일러 제조업"",""고압가스 운송용 튜브트레일러"",""20260211""
""신샘"",""전북특별자치도 완주?,""기타 1차 비철금속 제조업"",""일반 평데크, 계단형 데크"",""20260211""
""엠에이치제이헬스케어"",""전북특별자치도 완주?,""기타 직물제품 제조업"",""디펜스보건용마스크"",""20260211""
""농업회사법인 루시올 주식회사"",""전북특별자치도 무주?,""빵류 제조업"",""제과제빵"",""20260211""
""대양공업"",""경상남도 김해시 대동"",""자동차용 금속 압형제품 제조업"",""건설/차량/전자 금속부품 압형 가공"",""20260211""
""(주)신영엔지니어링"",""경상남도 양산시 어곡"",""그 외 기타 특수목적용 기계 제조업 외 1 종"",""산업용브레이크, 산업용브레이크"",""20260211""
""주식회사 동명철강"",""제주특별자치도 제주?,""그 외 기타 금속가공업"",""철근가공품"",""20260211""
""(주)동우이엔지"",""강원특별자치도 원주?,""금속선 가공제품 제조업 외 1 종"",""철선제품, 철망,,  수문제작"",""20260211""
""원주레이저"",""강원특별자치도 원주?,""그 외 기타 금속가공업"",""금속가공품"",""20260211""
""아승ENG"",""경상남도 진주시 솔밭"",""기어 및 동력전달장치 제조업 외 1 종"",""중장비부품, 중장비부품"",""20260211""
""농업회사법인 온샘(주)"",""경상북도 안동시 북후"",""곡물 제분업"",""참마분말"",""20260211""
""주식회사 태호"",""경상북도 안동시 서후"",""벽 및 바닥 피복용 플라스틱제품 제조업 외 4 종"",""도로표지병, LED경관조명 등, 도로표지병, LED경관조명 등, 도로표지병, LED경관조명 등, 도로표지병, LED"",""20260211""
""주식회사 로보프린트"",""경상북도 경산시 하양"",""산업용 로봇 제조업 외 1 종"",""산업용 로봇, 조형물"",""20260211""
""엠스푸드(주)"",""경상북도 고령군 쌍림"",""빵류 제조업"",""냉동피자"",""20260211""
""별빛목장"",""전라남도 화순군 동면"",""액상시유 및 기타 낙농제품 제조업"",""유제품(요거트)"",""20260211""
""(유)블루에스피"",""전라남도 영암군 삼호"",""선박 구성 부분품 제조업 외 2 종"",""철플랜트, 조립식 주택 제작, 선박의장품, 철플랜트, 조립식 주택 제작"",""20260211""
""성호그린테크(주)"",""전라남도 장성군 남면"",""산업용 송풍기 및 배기장치 제조업 외 2 종"",""소각로 등, 산업용 송풍기, 액체 여과기 등"",""20260211""
""청호환경개발(주)"",""전라남도 장성군 삼서"",""위생용 및 산업용 도자기 제조업 외 9 종"",""식생토, 세라믹볼, 세라믹볼, 보차도용 콘크리트 인터로킹 블록(저류블록), 세라믹데크, 물순환장치, 물순"",""20260211""
""(주)창원상사"",""경상북도 포항시 남구"",""육상 금속 골조 구조재 제조업 외 1 종"",""철구조물"",""20260211""
""(주)메타즈"",""경상북도 포항시북구"",""금속 단조제품 제조업 외 2 종"",""중장비부품,자동차부품"",""20260211""
""태화금속"",""경상북도 포항시 북구"",""탭, 밸브 및 유사장치 제조업 외 3 종"",""플라스틱 덮개, 수도계량기 보호통, 밸브류, 플라스틱 덮개, 수도밸브"",""20260211""
""주식회사 아인스틸"",""경상북도 경주시 외동"",""자동차용 금속 압형제품 제조업"",""코일철판 및 시트판"",""20260211""
""동아기업(주)"",""경상북도 경주시 외동"",""그 외 자동차용 신품 부품 제조업 외 3 종"",""엔진커버 외, 엔진커버 외, 엔진커버 외, 엔진커버 외"",""20260211""
""(주)아인크리스탈"",""충청남도 천안시 서북"",""기타 반도체소자 제조업"",""SiC Wafer"",""20260211""
""(주)제이앤푸드"",""충청남도 천안시 서북"",""기타 곡물 가공품 제조업"",""곡류가공품"",""20260211""
""광명정밀"",""충청남도 아산시 배방"",""주형 및 금형 제조업"",,""20260211""
""(주)둔포기계"",""충청남도 아산시 영인"",""그 외 기타 전기장비 제조업"",""산업용로봇, 자동화설비"",""20260211""
""(주)에이디엠"",""충청남도 아산시 영인"",""그 외 기타 전기장비 제조업"",""산업용로봇, 공장자동화설비 등"",""20260211""
""(주)아이엠"",""충청남도 아산시 인주"",""자동차용 신품 의자 제조업"",""자동차 시트 프레임"",""20260211""
""주식회사 케이에스엔"",""충청남도 당진시 송산"",""기타 기계.장비 조립용 플라스틱 제품 제조업"",""냉각탑, 냉각탑 외함 등"",""20260211""
""(주)대광이앤씨"",""충청남도 예산군 대술"",""복합비료 및 기타 화학비료 제조업 외 1 종"",""부숙유기질비료, 유기질비료"",""20260211""
""디아이지에어가스(주)CJ(9P)"",""충청북도 청주시 흥덕"",""산소, 질소 및 기타 산업용 가스 제조업"",""산소, 질소, 아르곤"",""20260211""
""몰드메이트"",,""산업처리공정 제어장비 제조업"",""ESS 플라스틱 부품"",""20260211""
""(주)한길이에스티"",""충청북도 청주시 청원"",""그 외 기타 전자부품 제조업 외 1 종"",""전자식모터보호용누전차단기, 전자식모터보호용누전차단기"",""20260211""
""(주)신성팩"",""충청북도 진천군 덕산"",""폴리스티렌 발포 성형제품 제조업 외 1 종"",""식품용기, 식품용기"",""20260211""
""이노폴리텍(주)"",""충청북도 진천군 이월"",""혼성 및 재생 플라스틱 소재 물질 제조업"",""폴리프로필렌 복합소재"",""20260211""
""(주)선일다이파스"",""충청북도 진천군 광혜"",""그 외 자동차용 신품 부품 제조업 외 3 종"",""자동차용 볼트, 너트, 자동차용 볼트, 너트, 자동차용 볼트, 너트, 자동차용 볼트, 너트"",""20260211""
""(주)아이티켐 괴산공장"",""충청북도 괴산군 청안"",""그 외 기타 분류 안된 화학제품 제조업 외 1 종"",""OLED 디스플레이용 화학소재, 기타"",""20260211""
""중앙레미콘(주)"",""충청북도 음성군 금왕"",""레미콘 제조업"",""레미콘"",""20260211""
""(주)제이지로지스틱스"",""충청북도 음성군 금왕"",""액체 여과기 제조업"",""정수기 조립"",""20260211""
""신화푸드에셋"",""충청북도 음성군 대소"",""기타 곡물 가공품 제조업 외 1 종"",""볶음참깨,들깨가루, 참기름,들기름"",""20260211""
""대진산업"",""충청남도 천안시 동남"",""그 외 기타 플라스틱 제품 제조업"",""스치로폴 가공"",""20260211""
""주식회사 티에스"",""충청남도 천안시 동남"",""가정용 및 산업용 공기 조화장치 제조업"",""항온항습기"",""20260211""
""(주)대일비에스피"",""경기도 화성시 만세구"",""그 외 기타 분류 안된 금속 가공 제품 제조업 외 1 종"",""제과, 제빵 형틀기기, 제과, 제빵 형틀기기"",""20260211""
""(주)엠케이글로벌"",""경기도 화성시 만세구"",""그 외 기타 1차 철강 제조업"",""철근가공품"",""20260211""
""주식회사 미래코"",""경기도 화성시 만세구"",""그 외 기타 콘크리트 제품 및 유사제품 제조업"",""투수콘크리트"",""20260211""
""오일산업"",""경기도 화성시 만세구"",""그 외 기타 플라스틱 제품 제조업 외 1 종"",""플라스틱 사출 성형품, 플라스틱 사출 성형품"",""20260211""
""동명특수산업"",""경기도 화성시 만세구"",""그 외 기타 전자부품 제조업 외 1 종"",""전자기판, 전자기판"",""20260211""
""(주)코피텍"",""경기도 화성시 만세구"",""기초 의약 물질 제조업 외 1 종"",""코팅기제, 코팅기제"",""20260211""
""물춤워터아트(주)"",""경기도 화성시 만세구"",""그 외 기타 분류 안된 금속 가공 제품 제조업 외 6 종"",""엘리베이터 부품, 조명광고판, 산업용펌프, 공기펌프, 중소형밸브, 동력전달장치, 농업용분무기"",""20260211""
""주식회사 한스비앤에프"",""경기도 광주시 장지9?,""빵류 제조업"",""십원빵"",""20260211""
""소예산업"",""경기도 광주시 염소골"",""기타 목재가구 제조업"",""목재 민원대"",""20260211""
""창조"",""경기도 광주시 염소골"",""기타 목재가구 제조업"",""목재가구"",""20260211""
""(주)그린라인이엔씨"",""경기도 광주시 마루들"",""놀이터용 장비 제조업 외 5 종"",""어린이 놀이터 시설,  ,  ,  ,  ,"",""20260211""
""알앤디파크 주식회사"",""경기도 광주시 초월읍"",""음ㆍ식료품 및 담배 가공기계 제조업 외 1 종"",""., 식품기계"",""20260211""
""(주)예가디앤디"",""경기도 광주시 초월읍"",""금속 문, 창, 셔터 및 관련제품 제조업 외 1 종"",""폴딩도어, 중문창호, 자전거 거치대 등"",""20260211""
""(주)에코스"",""경기도 광주시 초월읍"",""구조용 금속 판제품 및 공작물 제조업 외 1 종"","" , 지붕강판"",""20260211""
""주식회사 그린팩"",""경기도 양주시 남면 ?,""포장용 플라스틱 성형용기 제조업 외 2 종"",""금속제품, 화장품 용기, 플라스틱 선, 봉, 관 및 호스"",""20260211""
""주식회사석목인테리어종합가구"",""경기도 포천시 군내면"",""표면 가공 목재 및 특정 목적용 제재목 제조업 외 4 종"",""파티션, 소파, 싱크대, 책상, 의자, 금속캐비닛"",""20260211""
""강동퓨어푸드"",""경기도 포천시 내촌면"",""떡류 제조업 외 2 종"",""떡국,떡볶이,냉면,누룽지, 떡국,떡볶이,냉면,누룽지, 떡국,떡볶이,냉면,누룽지"",""20260211""
""(주)지혜목공"",""경기도 포천시 내촌면"",""기타 목재가구 제조업"",""전시용부스"",""20260211""
""(주)지텍"",""경기도 김포시 양촌읍"",""금속탱크 및 저장용기 제조업 외 36 종"",""펌프, 압력탱크, 상하수도설비 기자재, 펌프, 압력탱크, 상하수도설비 기자재, 펌프, 압력탱크, 상하수도설"",""20260211""
""범호내진"",""경기도 김포시 대곶면"",""육상 금속 골조 구조재 제조업"",""트레이부품"",""20260211""
""주식회사 세민조경"",""경기도 김포시 하성면"",""일반 제재업 외 7 종"",""., 휀스, 조형물, 야외운동시설물, 놀이시설물, 자전거보관대, 퍼걸러, 벤치"",""20260211""
""(주)솔라테크"",""경기도 화성시 만세구"",""육상 금속 골조 구조재 제조업 외 7 종"",""금속기구, 태양광발전장치 및 태양광 구조물, 금속기구, 태양광발전장치 및 태양광 구조물, 금속기구, 태양"",""20260211""
""주식회사 매직그레이팅"",""경기도 화성시 만세구"",""구조용 금속 판제품 및 공작물 제조업"",""매직그레이팅 제조"",""20260211""
""엘앤비유니텍(주)"",""경기도 화성시 만세구"",""육상 금속 골조 구조재 제조업"",""가로등주, 조명타워, 스틸그레이팅"",""20260211""
""유한회사 경동시스템"",""경기도 화성시 만세구"",""육상 금속 골조 구조재 제조업 외 2 종"",""철, 금속, 철, 금속, 철, 금속"",""20260211""
""주식회사 아이니어"",""경기도 군포시 고산로"",""기타 가공 공작기계 제조업"",""안경렌즈 가공기기, 안경테 측정기기"",""20260211""
""협성이앤지 주식회사"",""경기도 군포시 공단로"",""배전반 및 전기 자동제어반 제조업"",""빌딩자동제어장치, 계장제어장치"",""20260211""
""(주)고암에이스"",""경기도 파주시 문산읍"",""항공기용 부품 제조업"",""항공기 휠, 타이어 및 브레이크"",""20260211""
""그린엘이디(LED)"",""경기도 이천시 양진로"",""일반용 전기 조명장치 제조업 외 2 종"",""LED가로등, LED보안등, 조명기구, LED경관조명, LED광고판, 바닥형보행신호등"",""20260211""
""(주)영일인더스트리"",""경기도 안성시 양성면"",""표면처리 및 적층 직물 제조업 외 7 종"",""부풀음테이프, 인쇄테이프, MYLAR테이프, 화장지, 부풀음테이프, 인쇄테이프, MYLAR테이프, 화장지, 부풀음"",""20260211""
""(주)엠제이비"",""경기도 안산시 단원구"",""도금업"",""자동차 전자부품 도금"",""20260211""
""(주)유상"",""경기도 안산시 단원구"",""기타 인쇄업 외 3 종"",""식품용기,필름, 식품용기,필름, 식품용기,필름, 식품용기,필름"",""20260211""
""다원기술(주)"",""경기도 안산시 단원구"",""컨베이어장치 제조업 외 2 종"",""이동식 계단 제조 등, 산업용 컨베이어 등, 폐기물 처리기기 제조, 교반기 제조 등"",""20260211""
""선진솔루텍"",""경기도 안산시 단원구"",""배전반 및 전기 자동제어반 제조업"",""전기제어반, 배전반"",""20260211""
""제로켐워터(주)"",""경기도 안산시 단원구"",""액체 여과기 제조업"",""액체여과기"",""20260211""
""제이디엠(주)"",""경기도 안산시 단원구"",""인쇄회로기판용 적층판 제조업 외 2 종"",""인쇄회로기판, 인쇄회로기판, 인쇄회로기판"",""20260211""
""(주)유상"",""경기도 안산시 단원구"",""식품 위생용 종이 상자 및 용기 제조업 외 2 종"",""식품포장지,플라스틱시트,연포장지, 식품포장지,플라스틱시트,연포장지, 식품포장지,플라스틱시트,연포장지"",""20260211""
""이쎌 주식회사"",""경기도 고양시 일산동"",""방송장비 제조업 외 2 종"",""안내전광판, 교통정보전광판, 기상전광판, 버스및차량정보안내장치, 무인안내시스템, 영상정보디스플레이장"",""20260211""
""(주)에피테크"",""경기도 과천시 용마로"",""배전반 및 전기 자동제어반 제조업 외 10 종"",""컴퓨터서버,  자동안내장치, 보안용카메라 , 영상감시장치, 영상정보디스플레이장치, 구내방송장치, 구내방"",""20260211""
""(주)동성이피에스"",""경기도 남양주시 진접"",""운송장비 조립용 플라스틱제품 제조업 외 2 종"",""스티로폼, 스티로폼, 스티로폼 내장제품"",""20260211""
""바이오스펙트럼(주)"",""경기도 오산시 독산성"",""그 외 기타 분류 안된 화학제품 제조업"",""화장품원료"",""20260211""
""(주)대일볼트"",""경기도 시흥시 공단2?,""볼트 및 너트류 제조업"",""볼트, 너트, 기타금속"",""20260211""
""(주)영진모빌리티"",""경기도 시흥시 마유로"",""기타 비철금속 주조업 외 2 종"",""자동차부품, 자동차부품, 자동차부품"",""20260211""
""(주)원텍에프앤피"",""경기도 시흥시 만해로"",""그 외 기타 금속가공업"",""금속가공품(의료장비)"",""20260211""
""(주)청우지엔티"",""경기도 시흥시 엠티브"",""배전반 및 전기 자동제어반 제조업 외 2 종"",""전기자동제어반, 버너"",""20260211""
""상훈전기"",""경기도 시흥시 마유로"",""전동기 및 발전기 제조업"",""DC모터"",""20260211""
""(주)부림"",""경기도 성남시 중원구"",""유선 통신장비 제조업 외 6 종"",""-, 다중통신장비, -, -, -, -, -"",""20260211""
""(주)에어비즈테크"",""경기도 성남시 중원구"",""전자기 측정, 시험 및 분석기구 제조업"",""-"",""20260211""
""(주)온리굿"",""경기도 성남시 중원구"",""그 외 기타 분류 안된 화학제품 제조업"",""-"",""20260211""
""(주)인트론바이오테크놀로지 제4공장"",""경기도 성남시 중원구"",""기초 의약 물질 제조업"",""박테리오파지 원제"",""20260211""
""(주)인터스킨"",""경기도 부천시 오정구"",""도장 및 기타 피막처리업"",""화장품 코팅"",""20260211""
""(주)디에이치펌프서비스"",""경기도 평택시 청북읍"",""액체 펌프 제조업"",""액체펌프"",""20260211""
""(주)성우이앤씨"",""경기도 평택시 진위면"",""합성수지 및 기타 플라스틱 물질 제조업"",""멜라민폼 엘보"",""20260211""
""주식회사 혜성하이테크"",""경기도 평택시 서탄면"",""절삭가공 및 유사처리업"",""반도체장비 및 장비부품제조"",""20260211""
""(주)도원이엔씨"",""경기도 안산시 단원구"",""배전반 및 전기 자동제어반 제조업"",""전기 배전반, 자동제어반"",""20260211""
""(주)싸울베스텍"",""경기도 안산시 단원구"",""전자기 측정, 시험 및 분석기구 제조업"",""시험장비, 연마광택기, 정밀컷터"",""20260211""
""(주)한뫼테크"",""경기도 안산시 단원구"",""컨베이어장치 제조업 외 3 종"",""유압기기, 컨베이어용 아이들러, 구름베어링, 기자재 가공"",""20260211""
""피엔알솔루션"",""경기도 안산시 단원구"",""스크린 인쇄업 외 1 종"",""전자재료, 연구개발"",""20260211""
""(주)디케이에이엘"",""경기도 안산시 단원구"",""기타 1차 비철금속 제조업"",""알루미늄 코일 슬리팅"",""20260211""
""(주)하나테크산업"",""광주광역시 북구 첨단"",""액체 여과기 제조업"",""액체여과기"",""20260211""
""주식회사 라제온"",""광주광역시 북구 첨단"",""그 외 기타 의료용 기기 제조업"",""의료용 레이저 기기"",""20260211""
""(주)시그마테크"",""광주광역시 광산구 평"",""주형 및 금형 제조업 외 1 종"",""금형부품"",""20260211""
""엔에스테크"",""광주광역시 광산구 평"",""주형 및 금형 제조업 외 1 종"",""자동차 금형 및 전자금형, 자동차 금형 및 전자금형"",""20260211""
""이진어패럴"",""대전광역시 중구 산성"",""남자용 겉옷 제조업 외 4 종"",""의류, 의류, 의류, 의류, 의류"",""20260211""
""에이치엘비이엔지 주식회사 2공장"",""울산광역시 울주군 청"",""선박 구성 부분품 제조업"",""GRE PIPE, GRP PIPE"",""20260211""
""삼이건업"",""세종특별자치시 전의?,""목재 깔판류 및 기타 적재판 제조업"",""목재파렛트"",""20260211""
""마이크로웍스 주식회사"",""경기도 수원시 장안구"",""플라스틱 필름 제조업 외 1 종"",""폴리에스터 필름, 폴리에스터 필름"",""20260211""
""주식회사 웨이브코어"",""경기도 수원시 장안구"",""기타 과실ㆍ채소 가공 및 저장 처리업"",""난소화성말토덱스트린을 활용한 열대건과일"",""20260211""
""(주)티플러스코리아"",""경기도 수원시 권선구"",""전자부품 실장기판 제조업"",""전자기판 표면실장 서비스"",""20260211""
""티오케이첨단재료(주)"",""인천광역시 연수구 첨"",""감광재료 및 관련 화학제품 제조업"",""포토레지스트"",""20260211""
""P.I.C.S산업"",""인천광역시 남동구 음"",""배전반 및 전기 자동제어반 제조업 외 1 종"",""단자, 전기멀티탭 및 어댑터 등"",""20260211""
""(주)지에스코리아원"",""인천광역시 남동구 남"",""그 외 기타 플라스틱 제품 제조업 외 3 종"",""실리콘 유아용품, 주방용품 등, 실리콘 유아용품, 주방용품 등, 주방용품, 철 등"",""20260211""
""바치코리아"",""인천광역시 남동구 남"",""그 외 기타 의료용 기기 제조업 외 2 종"",""의료용 검사장비로봇부품, 배관 압착기 등"",""20260211""
""(주)갤트로닉스 코리아"",""인천광역시 부평구 부"",""그 외 기타 전자부품 제조업"",""휴대폰 안테나 및 그 외 기타 전기전자부품"",""20260211""
""엔에스테크윈(주)"",""인천광역시 부평구 부"",""전시 및 광고용 조명장치 제조업 외 2 종"",""전시용 조명장치 등"",""20260211""
""(주)크리에이티브"",""인천광역시 서구 원적"",""비 및 솔 제조업"",""애견용 브러쉬 등"",""20260211""
""주식회사 대진하이텍"",""인천광역시 서구 가정"",""일반용 전기 조명장치 제조업"",""LED"",""20260211""
""현대기업"",""인천광역시 서구 원적"",""기타 구조용 금속제품 제조업 외 1 종"",""조립식판넬, 조립식판넬"",""20260211""
""세송산업(주)"",""인천광역시 서구 가람"",""도금업 외 1 종"",""악세사리류, 악세사리류"",""20260211""
""이룸기술"",""인천광역시 서구 보듬"",""배전반 및 전기 자동제어반 제조업"",""자동제어"",""20260211""
""태광정밀"",""부산광역시 강서구 제"",""주형 및 금형 제조업"",""플라스틱 사출 금형, 전자부품 금형, 금형 래핑 가공품, 자동차 및 생활가전 부품 금형제작 래핑가공"",""20260211""
""(주)메가특수강"",""부산광역시 강서구 낙"",""기타 구조용 금속제품 제조업"",""산업용기계 부품 소재 생산"",""20260211""
""(주)전진엔텍"",""부산광역시 강서구 가"",""그 외 기타 특수목적용 기계 제조업 외 10 종"",""화공기 내장품, 화공기 내장품, 화공기 내장품, 화공기 내장품, 화공기 내장품, 화공기 내장품, 화공기 내"",""20260211""
""일화공업(주)"",""부산광역시 강서구 미"",""금속탱크 및 저장용기 제조업 외 1 종"",""유압탱크, 유압탱크"",""20260211""
""제일전자"",""서울특별시 노원구 석"",""텔레비전 제조업 외 3 종"",""방송설비(P.A AMP, INT, SP), 방송설비(P.A AMP, INT, SP), 방송설비(P.A AMP, INT, SP), 방송설비(P.A AMP"",""20260211""
""(주)포딕스시스템"",""서울특별시 구로구 디"",""컴퓨터 제조업 외 8 종"",""유속계, PC, NVR, 영상감시장치, CCTV, CCTV 및 주변기기, 안내전광판, 유선 인터폰 장치, 영상정보디스플"",""20260211""
""(주)디자인오브"",""서울특별시 금천구 가"",""기타 인쇄업 외 1 종"",""인쇄출판물, 시각 디자인(로고 등)"",""20260211""
""KD SYSTEM"",""서울특별시 금천구 디"",""기타 주변기기 제조업"",""자동제어보드"",""20260211""
""세홍세차기"",""서울특별시 금천구 디"",""그 외 기타 특수목적용 기계 제조업"",""세차기 부품"",""20260211""
""이음"",""부산광역시 서구 충무"",""전시용 모형 제조업 외 3 종"",""조형물, 간판, 목재가구, 시설물"",""20260211""
""KBC엔지니어링"",""부산광역시 영도구 해"",""선박 구성 부분품 제조업"",""선박부품"",""20260211""
""(주)오션필드"",""부산광역시 남구 용호"",""무기 및 총포탄 제조업 외 9 종"",""주파수합성기, 유선전화기, 무선전화기, 확성기, 레이더 및 어군 탐지기, 펄스트랜스, 인버터 및 컨버터,"",""20260211""
""(주)크로시스"",""부산광역시 사하구 신"",""기체 여과기 제조업 외 6 종"",""조수기,산업용수처리설비,함안정기, 합성수지선, 기타 선박, 조수기,산업용수처리설비,함안정기, 합성수지"",""20260211""
""(주)사바페데스탈"",""부산광역시 사하구 하"",""벽 및 바닥 피복용 플라스틱제품 제조업 외 1 종"",""합성수지 블록, 합성수지 블록"",""20260211""
""에스.피.엘(주)"",""부산광역시 사하구 다"",""자동차 차체용 신품 부품 제조업"",""자동차 부품 등"",""20260211""
""넥세온 코리아 유한회사"",,""그 외 기타 분류 안된 화학제품 제조업 외 1 종"",""2차전지 실리콘 음극제,"",""20260212""
""태성엠텍"",""전북특별자치도 익산?,""자동차 차체용 신품 부품 제조업 외 1 종"",""플라스틱 병뚜껑, 자동차용 조립패널(플라스틱)"",""20260212""
""(주)다온테크"",""전북특별자치도 김제?,""금속 문, 창, 셔터 및 관련제품 제조업 외 7 종"","" 수문가동보, 오수용 펌프, 수문, 제진기,  크레인, 권양기, 오수용 펌프, 수문권양기, 슬러지수집기, 교반"",""20260212""
""주식회사 에스디에너지"",""전북특별자치도 김제?,""차체 및 특장차 제조업 외 6 종"",""구조용 금속구조물, 구조용 금속구조물, 구조용 금속구조물, 구조용 금속구조물, KG SIDE BODY ROOF, KG SI"",""20260212""
""(주)현대이피엠"",""경상남도 김해시 대동"",""합성수지 및 기타 플라스틱 물질 제조업"",""엔지니어링 플라스틱 시트 및 판재"",""20260212""
""현준파워텍"",""경상남도 김해시 대동"",""배전반 및 전기 자동제어반 제조업 외 1 종"",""배전반, 분전반, 전동기제어반, 계장제어장치, 배전반, 분전반, 전동기제어반, 계장제어장치"",""20260212""
""(주)도현산업"",""경상남도 밀양시 추화"",""금속 문, 창, 셔터 및 관련제품 제조업 외 5 종"",""스텐창호, 차양, 금속울타리, 교통안전표지, 도로표지병, 신호표지, 안전난간, 옥외용벤치"",""20260212""
""고자미 영농조합법인"",""경상남도 고성군 고성"",""식물성 유지 제조업"",""참기름, 들기름"",""20260212""
""유림에코(주)"",,""도장 및 기타 피막처리업"",""어로용부표 도장품"",""20260212""
""주식회사 한라자원 영농조합법인"",""제주특별자치도 서귀?,""복합비료 및 기타 화학비료 제조업 외 1 종"",""부산물비료, 부산물비료"",""20260212""
""제이엠아이(주)"",""강원특별자치도 원주?,""액체 펌프 제조업 외 6 종"",""금속 문, 창 등, 수중모터펌프, 탭, 밸브 및 유사장치, 컨베이어장치, 기타 물품 취급장비, 액체 여과기,"",""20260212""
""(주)태성이엔지"",""강원특별자치도 원주?,""액체 여과기 제조업 외 2 종"",""생분해 멀칭필름, 소형정수장치, 염소투입기, 소형정수장치, 염소투입기"",""20260212""
""디알에스"",""경상남도 진주시 공단"",""농업 및 임업용 기계 제조업"",""농기계부품"",""20260212""
""(주)신성산업"",""경상남도 진주시 정촌"",""그 외 기타 금속가공업"",""배관 등"",""20260212""
""해광종합식품"",""경상남도 사천시 장동"",""수산동물 건조 및 염장품 제조업"",""조미건어포"",""20260212""
""(유)한국금속"",""경상남도 사천시 사남"",""자동차용 신품 동력전달장치 제조업 외 3 종"",""자동차부품(기어,샤프트), 자동차용 신품, 자동차 재제조, 전기"",""20260212""
""유한책임회사 한국산업"",""경상남도 사천시 사남"",""금속 열처리업 외 8 종"",""태양력, 금속, 재제조, 신품 부품, 제동장치, 조향장치, 동력전달장치, 자동차부품, 조립금속,농기계부품,"",""20260212""
""에스에이치티"",""경상남도 김해시 주촌"",""산업용 오븐, 노 및 노용 버너 제조업 외 1 종"",""전기로, 가스로, 냉각탱크"",""20260212""
""(주)에이치티에프"",""경상남도 김해시 한림"",""강주물 주조업 외 2 종"",""펌프 및 밸브류,  ,"",""20260212""
""삼화페인트공업(주)김해공장"",""경상남도 김해시 한림"",""일반용 도료 및 관련제품 제조업"",""합성수지"",""20260212""
""(주)태평양정공"",""경상남도 김해시 대동"",""주형 및 금형 제조업"",""자동차 금형부품"",""20260212""
""(주)비컴아이엔씨"",""경상북도 구미시 수출"",""인쇄잉크 및 회화용 물감 제조업"",""전도성 Ag Paste"",""20260212""
""(주)일신테크"",""경상북도 구미시 1공?,""그 외 기타 금속가공업 외 1 종"",""금속가공, 금형제작"",""20260212""
""주식회사 글로씨"",""경상북도 구미시 산호"",""계면활성제 제조업"",""세차용품(삼광왁스, 폼크러쉬, 카샴푸, ESC 유리막코팅제 등)"",""20260212""
""한준코퍼레이션"",""경상북도 구미시 수출"",""그 외 기타 전자부품 제조업"",""전자부품 임가공"",""20260212""
""(주)비에프솔루션"",""경상북도 구미시 산동"",""그 외 기타 특수목적용 기계 제조업"",""공장자동화시스템장비"",""20260212""
""(주)마이헨지"",""경상북도 경산시 삼풍"",""컴퓨터 제조업 외 1 종"",""항공기 전자부품, 항공기 전자부품"",""20260212""
""큰나무산업"",""경상북도 경산시 남천"",""금속 가구 제조업"",""금속가구"",""20260212""
""주식회사 일량"",""경상북도 고령군 개진"",""직물포대 제조업"",""쓰레기포대, 쌀마대"",""20260212""
""주식회사 대영합섬"",""경상북도 성주군 성주"",""연사 및 가공사 제조업 외 1 종"",""폴리에스테르 복합사, 폴리에스테르 복합사"",""20260212""
""피닉스 파크골프"",""경상북도 성주군 선남"",""플라스틱 필름 제조업 외 3 종"",""폴리에스터 필름,우편가방, 우편물덮개, 기념패, 파크골프 시설용품, 폴리에스터 필름,우편가방, 우편물덮"",""20260212""
""주식회사 패션브라더"",""경상북도 성주군 선남"",""구조용 금속 판제품 및 공작물 제조업 외 3 종"",""디자인울타리 및 출입문 차선분리대, 판넬, 차양, 조립식구조물, 디자인울타리 및 출입문 차선분리대, 판넬"",""20260212""
""주식회사 한솔산업"",""경상북도 성주군 선남"",""구조용 금속 판제품 및 공작물 제조업 외 1 종"",""낙석 방지망, 낙석방지책, 낙석 방지망, 낙석방지책"",""20260212""
""주식회사 지엔알로이"",""경상남도 창원시 의창"",""기타 1차 비철금속 제조업"",""금속분말"",""20260212""
""태평양정기(주)"",""경상남도 창원시 의창"",""기어 및 동력전달장치 제조업"",""SPINDLE, RING GEAR"",""20260212""
""(주)녹원"",""경상남도 창원시 성산"",""강관 가공품 및 관 연결구류 제조업 외 7 종"",""건설기계, 중장비유공압제관, 유압 PIPE, 유압 PIPE, 유압 PIPE, K9,K5G 자주포 TUB, 584 발사대 TUB, 유압"",""20260212""
""(주)세아항공방산소재"",""경상남도 창원시 성산"",""자동차용 금속 압형제품 제조업 외 4 종"",""알루미늄 압출봉재, 파이프, 형재, 판재 등, 알루미늄 압출봉재, 파이프, 형재, 판재 등, 알루미늄 압출봉"",""20260212""
""삼창정밀"",""경상남도 창원시 성산"",""주형 및 금형 제조업 외 1 종"",""전자제품 생산 및 자동차 제품 생산용 프레스 금형, 전자제품 생산 및 자동차 제품 생산용 프레스 금형"",""20260212""
""(주)원스이엔씨"",""경상남도 창원시 성산"",""배전반 및 전기 자동제어반 제조업"",""제어반제작 외"",""20260212""
""주식회사 건우기업"",""전라남도 곡성군 겸면"",""육상 금속 골조 구조재 제조업 외 3 종"",""교량 등 철구조물, 금속 탱크 및 저장용기, 금속 조형물, 주행크레인 외"",""20260212""
""주식회사 세움"",""전라남도 고흥군 도덕"",""기타 선박 건조업"",""해상부유구조물"",""20260212""
""주식회사 소문난 삼부자"",""전라남도 강진군 신전"",""수산식물 가공 및 저장 처리업"",""마른김"",""20260212""
""(유)허니비"",""전라남도 무안군 청계"",""장류 제조업 외 1 종"",""다시마 액기스, 소고기 액기스, 멸치농축액분말, 동치미 농축액, 다시마 액기스, 소고기 액기스, 멸치농축"",""20260212""
""(주)천복금형2공장"",,""그 외 자동차용 신품 부품 제조업 외 1 종"",""자동차부품 (도어트림, GARNISH, BEZEL), 자동차부품 (도어트림, GARNISH, BEZEL)"",""20260212""
""주식회사 서준"",,""그 외 자동차용 신품 부품 제조업 외 1 종"",""자동차부품 (도어트림, ARMREST, CTRFACIA), 자동차부품 (도어트림, ARMREST, CTRFACIA)"",""20260212""
""두리전기(주)"",""전라남도 장성군 남면"",""배전반 및 전기 자동제어반 제조업 외 5 종"",""수배전반, 가로등제어반 , 수배전반, 가로등제어반 , 수배전반, 가로등제어반 , 수배전반, 가로등제어반 ,"",""20260212""
""(주)동하이엔씨"",""경상북도 포항시 남구"",""배전반 및 전기 자동제어반 제조업"",""수배전반, 전기자동제어반, 전기판넬"",""20260212""
""(주)남일레미콘"",""경상북도 포항시 북구"",""레미콘 제조업 외 2 종"",""레미콘, 콘크리트 관, 인조 대리석"",""20260212""
""(주)부광티엠"",""경상북도 경주시 외동"",""기타 구조용 금속제품 제조업"",""크램프지그 등"",""20260212""
""에임트리 주식회사"",""충청남도 천안시 서북"",""플라스틱 필름 제조업 외 2 종"",""COMPOUND, COMPOUND, COMPOUND"",""20260212""
""주식회사 씨엔투벤처"",""충청남도 천안시 서북"",""그 외 기타 분류 안된 화학제품 제조업"",""반도체용 박리액"",""20260212""
""(주)에덴공사"",""충청남도 천안시 서북"",""일반철물 제조업 외 2 종"",""금속제 쓰레기통, LED광고물, 옥외광고물, 표시판, 금속제 쓰레기통 제작"",""20260212""
""(주)에이스라이프"",""충청남도 아산시 둔포"",""기타 가정용 전기기기 제조업 외 4 종"",""가전제품(비데, 공기청정기), 변기 시트, 가전제품(비데, 공기청정기), 변기 시트, 가전제품(비데, 공기청"",""20260212""
""(주)에이씨알텍"",""충청남도 아산시 둔포"",""산업용 냉장 및 냉동 장비 제조업"",""냉동기"",""20260212""
""푸른들영농조합법인 제2공장"",""충청남도 아산시 영인"",""두부 및 유사식품 제조업"",""두부"",""20260212""
""주식회사 느티나무"",""충청남도 서산시 고북"",""시멘트 제조업 외 2 종"",""시멘트, 드라이모르타르, 콘크리트 블록, 벽돌, 타일"",""20260212""
""농업회사법인 상경에프앤비 주식회사"",""충청남도 논산시 연무"",""천연 및 혼합조제 조미료 제조업 외 2 종"",""소스, 파우다, 염지류, 시즈닝 등, 소스, 파우다, 염지류, 시즈닝 등, 소스, 파우다, 염지류, 시즈닝 등"",""20260212""
""만산"",,""그 외 기타 금속가공업"",""배관(파이프)"",""20260212""
""(주)해도식품"",""전라남도 여수시 국동"",""기타 수산동물 가공 및 저장 처리업 외 1 종"",""어육,어묵, 기타수산물가공품"",""20260212""
""(주)동아이앤씨"",""전라남도 여수시 시청"",""방송장비 제조업 외 4 종"",""CCTV, 버스정보안내기, 교통정보전광판, 원격단말기, CCTV, 버스정보안내기, 교통정보전광판, 원격단말기,"",""20260212""
""(주)경림이앤지"",""경기도 포천시 가산면"",""육상 금속 골조 구조재 제조업 외 3 종"",""CCTV용 기둥(제어함체 등 구조물), CCTV용 기둥(제어함체 등 구조물), CCTV용 기둥(제어함체 등 구조물), C"",""20260212""
""(주)동성사(2공장)"",""경기도 포천시 화현면"",""표면 가공 목재 및 특정 목적용 제재목 제조업 외 1 종"",""시스템가구, 시스템가구"",""20260212""
""(주)금강피씨씨"",""경기도 여주시 점동면"",""그 외 기타 고무제품 제조업 외 1 종"",""탄성포장재, 미끄럼방지재"",""20260212""
""(주)대신티앤에스"",""경기도 여주시 점동면"",""산업용 송풍기 및 배기장치 제조업"",""환풍기"",""20260212""
""육송(주)"",""충청북도 청주시 서원"",""가방 및 기타 보호용 케이스 제조업"",""소방가방"",""20260212""
""주식회사 옥타곤엔지니어링"",""충청북도 충주시 충주"",""그 외 기타 금속가공업"",""힐릭스, 스터드스트립, 이지리바"",""20260212""
""영화산업 주식회사"",""충청북도 진천군 초평"",""금속 문, 창, 셔터 및 관련제품 제조업 외 5 종"",""가동보 , 수문, 수문권양기, 상향류식여과장치, 수문밸브, 밸브실"",""20260212""
""중부인더스트리 주식회사"",""충청북도 괴산군 괴산"",""기타 건축용 플라스틱 조립제품 제조업 외 1 종"",""플라스틱제품(기와, 화분, 배수로), 플라스틱제품(기와, 화분, 배수로)"",""20260212""
""(주)다인산업"",""경기도 화성시 만세구"",""차체 및 특장차 제조업"",""자동차 차제 제조"",""20260212""
""(주)일등분체"",""경기도 화성시 만세구"",""도장 및 기타 피막처리업"",""도장된 철구조물"",""20260212""
""주식회사 금영"",""경기도 화성시 만세구"",""그 외 기타 유리제품 제조업"",""유리앰플, 유리대롱"",""20260212""
""(주)티앤비컴퍼니"",""경기도 화성시 효행구"",""고무 의류 및 기타 위생용 비경화 고무제품 제조업 외 3 종"",""실리콘 수영모자, 실리콘 수영모자, 실리콘 안경, 실리콘 안경"",""20260212""
""인터콘시스템스(주)"",""경기도 화성시 효행구"",""철도차량 부품 및 관련 장치물 제조업"",""철도차량 자동문"",""20260212""
""나누리가구"",""경기도 포천시 방산길"",""기타 목재가구 제조업 외 3 종"",""목재가구, 목재가구, 금속가구, 목재가구"",""20260212""
""주식회사 더가구"",""경기도 김포시 통진읍"",""기타 목재가구 제조업"",""주방가구"",""20260212""
""동흥정밀"",""경기도 김포시 양촌읍"",""절삭가공 및 유사처리업"",""건설기계부품"",""20260212""
""제이에스씨(JSC)"",""경기도 김포시 양촌읍"",""금속 위생용품 제조업"",""금속제 세면기, 개수통등"",""20260212""
""(주)태영엘리베이터써비스"",""경기도 김포시 대곶면"",""승강기 제조업"",""엘리베이터부품"",""20260212""
""컬리건코리아 유한책임회사"",""경기도 용인시 처인구"",""액체 여과기 제조업"",""정수기, 정수기용 필터"",""20260212""
""(주)덕영엔지니어링"",""경기도 용인시 처인구"",""산업처리공정 제어장비 제조업"",""PLC 등을 이용한 공정제어시스템"",""20260212""
""엘림테크(주)"",""경기도 용인시 처인구"",""일반용 도료 및 관련제품 제조업"",""실리콘수지, 아크릴수지"",""20260212""
""중앙냉열(주)"",""경기도 파주시 파주읍"",""산업용 냉장 및 냉동 장비 제조업"",""산업용 냉동고 및 냉장고"",""20260212""
""에스디피"",""경기도 파주시 파주읍"",""제판 및 조판업"",""CTP(Computer to Plate)"",""20260212""
""하나프린팅"",""경기도 파주시 파주읍"",""스크린 인쇄업"",""인쇄물, 카렌다"",""20260212""
""(주)영재피앤피"",""경기도 파주시 조리읍"",""기타 종이 상자 및 용기 제조업"",""칼라박스. 종이상자"",""20260212""
""뉴로테크"",""경기도 안산시 단원구"",""절삭가공 및 유사처리업"",""부품가공"",""20260212""
""동양정밀"",""경기도 안산시 단원구"",""금속 절삭기계 제조업"",""기계부품,금형외"",""20260212""
""디에스지"",""경기도 안산시 단원구"",""전동기 및 발전기 제조업"",""전동기"",""20260212""
""(주)홍익메디칼시스템즈"",""경기도 안산시 단원구"",""그 외 기타 의료용 기기 제조업 외 4 종"",""폐기물 멸균기, 식품 멸균기, 일반 멸균기, 실험실용 멸균기, 소형 멸균기"",""20260212""
""(주)고려호이스트"",""경기도 안산시 단원구"",""선박 구성 부분품 제조업 외 1 종"",""호이스트, 호이스트 크레인 등, 선박용 방폭호이스트,크레인"",""20260212""
""주식회사이엘피케이뉴안산지점"",""경기도 안산시 단원구"",""비디오 및 기타 영상기기 제조업 외 5 종"",""특수목적 컴퓨터, 영상캡쳐카드, 영상카드, 무선통신장치, 영상저장장비,영상감시장비, 교통신호장치"",""20260212""
""(주)원파워"",,""경 인쇄업"",""라벨스티커"",""20260212""
""주식회사 네오펜스"",""경기도 과천시 과천대"",""기타 주변기기 제조업"",""디지털 LOTO 시스템"",""20260212""
""이오닉스(주)"",""경기도 오산시 수목원"",""육상 금속 골조 구조재 제조업 외 1 종"",""전기자동차 충전소 캐노피, 옥외용 벤치"",""20260212""
""주식회사 리드하이테크"",""경기도 오산시 수목원"",""가정용 및 산업용 공기 조화장치 제조업 외 3 종"",""공기순환기, 탈취기, 약품투입기, 오수처리용 산기장치"",""20260212""
""(주)금형산업"",""경기도 시흥시 엠티브"",""주형 및 금형 제조업"",""자동차 프레스금형"",""20260212""
""(주)대경솔루션"",""경기도 시흥시 엠티브"",""탭, 밸브 및 유사장치 제조업 외 1 종"",""용접강관, 밸브"",""20260212""
""(주)몽인터내셔날"",""경기도 시흥시 경제로"",""기타 플라스틱 발포 성형제품 제조업"",""우레탄성형제품"",""20260212""
""(주)일진금속"",""경기도 시흥시 마유로"",""구조용 금속 판제품 및 공작물 제조업"",""구조용 금속 판제품"",""20260212""
""(주)지티에스"",""경기도 시흥시 엠티브"",""주형 및 금형 제조업"",""자동차프레스금형"",""20260212""
""(주)진흥종합특수강"",""경기도 시흥시 정왕동"",""그 외 기타 1차 철강 제조업"",""철강절단가공"",""20260212""
""강진금속열처리"",""경기도 시흥시 협력로"",""금속 열처리업"",""중장비부품"",""20260212""
""삼진로푸(주)"",""경기도 시흥시 소망공"",""금속선 가공제품 제조업"",""와이어로프"",""20260212""
""(주)퓨런티어제2공장"",""경기도 성남시 중원구"",""반도체 제조용 기계 제조업"",""-"",""20260212""
""사회적협동조합 구두만드는풍경"",""경기도 성남시 중원구"",""구두류 제조업"",""-"",""20260212""
""서울엔지니어링(주)"",""경기도 성남시 중원구"",""사무용 기계 및 장비 제조업"",""현미경제조"",""20260212""
""이노레이(주)"",""경기도 안양시 동안구"",""물질 검사, 측정 및 분석기구 제조업"",""레이저 유도 초음파 기반의 비접촉/비파괴 검사 장비 개발"",""20260212""
""(주)상진이노베이션"",""경기도 부천시 원미구"",""방송장비 제조업 외 3 종"",""전자부품, OTDR, 광센서, CCTV, 광증폭기, 광중계기, 광선로감시장치"",""20260212""
""(주)퓨림"",""경기도 부천시 원미구"",""그 외 기타 플라스틱 제품 제조업"",""금형, 플라스틱 사출"",""20260212""
""(주)에코에너다임알디지샘코퍼레이션"",""경기도 부천시 오정구"",""가정용 및 산업용 공기 조화장치 제조업 외 1 종"",""제습환기장치, 바닥난방패널, 제급환기장치"",""20260212""
""(주)한울테크놀로지"",""경기도 부천시 오정구"",""그 외 기타 전자부품 제조업"",""안테나 및 안테나관련제품 등"",""20260212""
""킹오더브랜드팩토리 주식회사"",""경기도 부천시 오정구"",""비디오 및 기타 영상기기 제조업 외 2 종"",""키오스크, 키오스크, 키오스크"",""20260212""
""인사이트테크놀러지"",""경기도 부천시 오정구"",""방송장비 제조업 외 3 종"",""영상감시장비, 금속부품, CCTV카메라 및 시스템, 카메라 하우징"",""20260212""
""(주)웨코"",""경기도 광명시 새빛공"",""일반용 전기 조명장치 제조업"",""LED조명기구"",""20260212""
""(주)탑머티리얼"",""경기도 평택시 브레인"",""기타 기초 무기 화학물질 제조업"",""이차전지소재"",""20260212""
""(주)카이로스엘제이"",""경기도 평택시 서탄면"",""그 외 기타 특수목적용 기계 제조업"",""음식물쓰레기처리기"",""20260212""
""지우실업(주)"",""경기도 동두천시 신천"",""금속 표시판 제조업 외 28 종"",""배지, 훈장 메달, 계급장, 깃발, 배지, 훈장 메달, 계급장, 깃발, 배지, 훈장 메달, 계급장, 깃발, 배지,"",""20260212""
""지디피아"",""경기도 안산시 단원구"",""기타 주변기기 제조업"",""컴퓨터용 주변기기"",""20260212""
""(주)동신철강"",""경기도 안산시 단원구"",""그 외 기타 1차 철강 제조업"",""파이프 가공"",""20260212""
""(주)성광테크"",""경기도 안산시 단원구"",""그 외 기타 종이 및 판지 제품 제조업 외 3 종"",""종이컵"",""20260212""
""(주)세계전자"",""경기도 안산시 단원구"",""인쇄회로기판용 적층판 제조업 외 2 종"",""인쇄회로기판, 인쇄회로기판, 인쇄회로기판"",""20260212""
""피니사르대전 유한회사"",""대전광역시 동구 새울"",""액정 표시장치 제조업"",""액정디바이스"",""20260212""
""코어라인(주)"",""울산광역시 북구 매곡"",""주형 및 금형 제조업"",""자동차 금형"",""20260212""
""정일ENG"",""울산광역시 북구 농공"",""그 외 자동차용 신품 부품 제조업 외 6 종"",""배기관,금형,자동화설비, 배기관,금형,자동화설비, 배기관,금형,자동화설비, 배기관,금형,자동화설비, 배기"",""20260212""
""(주)금강"",""세종특별자치시 전동?,""구두류 제조업"",""혁화류"",""20260212""
""(주)세경하이테크"",""경기도 수원시 권선구"",""그 외 기타 전자부품 제조업"",""휴대폰 부품"",""20260212""
""(주)셀텍글로벌"",""경기도 수원시 권선구"",""기타 가공 공작기계 제조업"",""자동차 부품"",""20260212""
""동영기업사"",""인천광역시 남동구 함"",""고무, 화학섬유 및 플라스틱 성형기 제조업 외 1 종"",""특수목적용 기계"",""20260212""
""(주)화진"",""인천광역시 남동구 함"",""그 외 기타 분류 안된 금속 가공 제품 제조업 외 1 종"",""악기부품(피아노), 악기부품(피아노)"",""20260212""
""(주)디케이이노시스"",""인천광역시 남동구 남"",""그 외 자동차용 신품 부품 제조업"",""자동차 부품"",""20260212""
""(주)인텍스코리아"",""인천광역시 남동구 남"",""배전반 및 전기 자동제어반 제조업"",""전기판넬"",""20260212""
""(주)피앤에스인터내셔날"",""인천광역시 남동구 호"",""반도체 제조용 기계 제조업 외 2 종"",""반도체 장비 및 부품 , 반도체 장비 및 부품 , 반도체 장비 및 부품"",""20260212""
""원코스(주)"",""인천광역시 부평구 부"",""화장품 제조업"",""화장품 쿠션, 기초라인, 에센스, 크림 등"",""20260212""
""지에스엠(주)"",""부산광역시 강서구 녹"",""기타 물품 취급장비 제조업"",""크레인,호이스트"",""20260212""
""한빛상사"",""부산광역시 강서구 미"",""산업용 송풍기 및 배기장치 제조업"",""배기장치, 환기장치 등"",""20260212""
""(주)코어에스"",""부산광역시 사상구 사"",""기타 신발 제조업"",""신발"",""20260212""
""휴먼아이티에스(주)"",""부산광역시 기장군 기"",""교통 신호장치 제조업 외 4 종"",""피복 및 충전 용접봉, 그 외 기타 분류 안된 금속 가공 제품, 방송장비, 기타 무선 통신장비, 교통신호제어"",""20260212""
""(주)윤텍스"",""대구광역시 서구 염색"",""직물, 편조원단 및 의복류 염색 가공업"",""나일론"",""20260212""
""(주)국준"",""대구광역시 북구 팔달"",""일반철물 제조업"",""건축자재"",""20260212""
""(주)에이엘테크"",""대구광역시 달서구 성"",""전시 및 광고용 조명장치 제조업 외 9 종"",""태양광광섬유 발광형 표지판, 도로표지판,광고표지판, 도로표지판,광고표지판, 도로표지판,광고표지판, 도"",""20260212""
""케이에이치테크"",""대구광역시 달서구 성"",""산업용 그 외 비경화 고무제품 제조업 외 1 종"",""고무패킹, 자동차 방진고무부품"",""20260212""
""두리WINTECH"",""대구광역시 달서구 성"",""자동차용 신품 동력전달장치 제조업 외 2 종"",""동력전달장치, 동력전달장치, 동력전달장치"",""20260212""
""(주)시니"",""대구광역시 달서구 성"",""기타 운동 및 경기용구 제조업"",""텐트 그늘막, 경기용구 등"",""20260212""
""학성금속(주)"",""대구광역시 달서구 성"",""금속 열처리업 외 1 종"",""피막업, 금속열처리"",""20260212""
""(주)로보티즈"",""서울특별시 강서구 마"",""산업용 로봇 제조업 외 2 종"",""로봇 및 로봇부품, 교육훈련장비 및 교육용 로봇, 자율주행플랫폼로봇, 산업용로봇, 휴머노이드로봇, 기타"",""20260212""
""(주)에스웨이엠"",""서울특별시 금천구 가"",""그 외 기타 전자부품 제조업 외 1 종"",""스마트안전관리시스템(방사성폐기물 드럼 관리 태그,온습도 센서 등), 스마트안전관리시스템(작업자 위치관"",""20260212""
""(주)에이치엠솔루션"",""서울특별시 금천구 가"",""기타 무선 통신장비 제조업"",""무선통신장치, 데이터전송장치"",""20260212""
""(주)우성자동문"",""서울특별시 금천구 가"",""그 외 기타 특수목적용 기계 제조업"",""자동문 작동기"",""20260212""
""유신기업사 주식회사"",""서울특별시 금천구 시"",""기타 섬유, 의복 및 가죽 가공 기계 제조업"",""안전모,안전대,조작문구"",""20260212""
""(주)대광에프앤씨"",""부산광역시 사하구 다"",""수산동물 훈제, 조리 및 유사 조제식품 제조업"",""어묵 등"",""20260212""
""(주)엔비오테크"",""전북특별자치도 전주?,""전기식 진단 및 요법 기기 제조업 외 1 종"",""디지털PCR진단기, 비채혈혈당측정"",""20260213""
""(재)남원시바이오산업연구원"",""전북특별자치도 남원?,""화장품 제조업"",""화장품 2군(크림, 로션, 액상타입, 팩 등)"",""20260213""
""아산철망"",""전북특별자치도 고창?,""금속선 가공제품 제조업"",""용접철망"",""20260213""
""기림사"",""경상남도 김해시 대동"",""그 외 기타 일반목적용 기계 제조업"",""가스 자동 절단기"",""20260213""
""아이디아이ENG"",""경상남도 양산시 소주"",""금속 성형기계 제조업"",""프레스 제작 및 수리"",""20260213""
""(주)에이치티에프"",""경상남도 함안군 칠원"",""핵반응기 및 증기보일러 제조업 외 1 종"",""발전소펌프, 펌프 및 산업기기제조"",""20260213""
""영주식품"",""경상남도 창녕군 계성"",""김치류 제조업 외 1 종"",""김치류, 절임류"",""20260213""
""네오텍주식회사"",""경상남도 고성군 거류"",""선박 구성 부분품 제조업"",""선박부품 가공(함석)"",""20260213""
""주식회사 차고운"",""경상남도 산청군 금서"",""아이스크림 및 기타 식용빙과류 제조업"",""기타 식용 빙과류 제조"",""20260213""
""(주)케이에너지시스템"",""강원특별자치도 원주?,""기타 전기 변환장치 제조업 외 3 종"",""AC/DC 컨버터, 실시간 재난안전 감시장치, 스마트 전력량계, 전기설비 안전관리 장비"",""20260213""
""신성통신건설(주)"",""강원특별자치도 원주?,""교통 신호장치 제조업 외 1 종"",""바닥형보행신호등, 태양광가로등"",""20260213""
""(주)알엔투테크놀로지"",""강원특별자치도 강릉?,""위생용 및 산업용 도자기 제조업"",""전자기용 세라믹제품, 산업용 도자기 제조"",""20260213""
""주식회사 유니크노바"",""강원특별자치도 강릉?,""그 외 기타 식료품 제조업"",""단백질 효소"",""20260213""
""사방식품"",""강원특별자치도 동해?,""면류, 마카로니 및 유사식품 제조업"",""생칼국수,생만두피,생수제비"",""20260213""
""(주)누리텍"",""강원특별자치도 삼척?,""플라스틱 선, 봉, 관 및 호스 제조업 외 5 종"",""놀이터에 설치되는 놀이용 장비 제조 등, 건물 및 기타 구축물에 설치 또는 부착되는 각종 구조용 판제품"",""20260213""
""주식회사 달란트리"",""강원특별자치도 삼척?,""구조용 금속 판제품 및 공작물 제조업"",""디자인형울타리, 금속제기타울타리"",""20260213""
""(주)인디자인"",""강원특별자치도 평창?,""구조용 금속 판제품 및 공작물 제조업 외 6 종"",""전광판, LED경관조명기구, 경관조명기구, 컨테이너하우스, 자전거보관대, 버스승강장, 쓰레기통(일반철물에"",""20260213""
""(주)세이퍼존"",""경상남도 창원시 진해"",""시스템 소프트웨어 개발 및 공급업 외 5 종"",""출구버튼, ACU(제어기), 차량차단기, 차량인식기, SAFERZONE 보안USB 및 데이터금고, SAFERZONE V10"",""20260213""
""(주)제이알이엔지"",""경상남도 김해시 진례"",""구름베어링 제조업 외 2 종"",""베어링, 베어링, 전기"",""20260213""
""대영산업"",""경상남도 김해시 한림"",""운송장비 조립용 플라스틱제품 제조업 외 1 종"",""자동자 부품, 전기제품 부품"",""20260213""
""(주)준엔지니어링"",""경상남도 김해시 한림"",""건설 및 채광용 기계장비 제조업 외 2 종"",""건철 및 채광용 기계장비, 건철 및 채광용 기계장비, 전기"",""20260213""
""선농푸드"",""경상남도 김해시 상동"",""천연 및 혼합조제 조미료 제조업"",""고춧가루,곡물"",""20260213""
""(주)우진테크"",""경상북도 구미시 1공?,""컴퓨터 모니터 제조업"",""LCD 모니터"",""20260213""
""에이아이트론(주)"",""경상북도 경산시 대학"",""그 외 기타 전자부품 제조업 외 1 종"",""IoT 기반 데이터 수집 및 전송 모듈, IoT 기반 데이터 수집 및 전송 모듈"",""20260213""
""대경산업(주)"",""경상북도 칠곡군 석적"",""합성수지 및 기타 플라스틱 물질 제조업"",""폴리에스텔칩"",""20260213""
""금정코리아(주)"",""경상북도 경주시 강동"",""자동차용 신품 전기장치 제조업 외 1 종"",""자동차스타트모터용브러쉬홀더, 자동차스타트모터용브러쉬홀더"",""20260213""
""주식회사 루트이엔지"",""충청남도 천안시 서북"",""반도체 제조용 기계 제조업 외 1 종"",""반도체 장비, 반도체 장비"",""20260213""
""주식회사 씨앤유글로벌(천안공장)"",""충청남도 천안시 서북"",""배전반 및 전기 자동제어반 제조업 외 5 종"",""조명용 제어장치, 원경자동검침시스템, 전력량계, 전기차충전기 등, 조명용 제어장치, 원경자동검침시스템,"",""20260213""
""세아교역"",""충청남도 보령시 남포"",""육상 금속 골조 구조재 제조업"",""발전기 기자재 절단가공"",""20260213""
""주식회사 그린플러스"",""충청남도 보령시 남포"",""표면 가공 목재 및 특정 목적용 제재목 제조업 외 5 종"",""옥외용벤치, 퍼걸러, 디자인울타리, 옥외용벤치, 퍼걸러, 디자인울타리, 옥외용벤치, 퍼걸러, 디자인울타리"",""20260213""
""(주)파인냉동"",""충청남도 아산시 둔포"",""도시락류 제조업"",""냉동 샌드위치"",""20260213""
""(주)케이알"",""충청남도 아산시 영인"",""비금속류 원료 재생업"",""컴파운드"",""20260213""
""주식회사 비파워"",""충청남도 당진시 합덕"",""그 외 기타 전기장비 제조업"",""계측장비 및 기구"",""20260213""
""중부대학교 산학협력단"",""충청남도 금산군 추부"",""인삼식품 제조업"",""인삼, 홍삼제품"",""20260213""
""(주)한국화학"",""전라남도 순천시 주암"",""부직포 및 펠트 제조업 외 1 종"",""샌드위치 판넬,드레인PVC파이프"",""20260213""
""마레홀딩스 주식회사"",""전라남도 나주시 교육"",""일반용 전기 조명장치 제조업 외 1 종"",""LED 경관조명, 배전반"",""20260213""
""주식회사 뉴콘"",""전라남도 나주시 봉황"",""콘크리트 타일, 기와, 벽돌 및 블록 제조업 외 2 종"",""콘크리트호안 및 옹벽 블록, 콘크리트 관, 콘크리트호안 및 옹벽 블록"",""20260213""
""(주)원희"",""전라남도 광양시 명당"",""그 외 기타 분류 안된 비금속 광물제품 제조업"",""CaO계열 복합탈황제"",""20260213""
""주식회사 아이디오커머스"",""경기도 포천시 신북면"",""기타 직물제품 제조업"",""마스크"",""20260213""
""신광정밀"",""경기도 포천시 신북면"",""자동차용 금속 압형제품 제조업 외 2 종"",""컴퓨터케이스, 금형 케이스, 금형 케이스"",""20260213""
""(주)케이비비"",""경기도 포천시 신북면"",""연사 및 가공사 제조업"",""제품 원사"",""20260213""
""(주)칩타시너지코리아"",""경기도 여주시 던드레"",""일반용 전기 조명장치 제조업"",""LED조명"",""20260213""
""(주)참한식품"",""경기도 연천군 연천읍"",""기타 수산동물 가공 및 저장 처리업 외 2 종"",""멸치분말, 가쓰오부시, 홍합분말, 새우분말, 가쓰오부시, 홍합분말, 새우분말"",""20260213""
""원앤코 주식회사"",""경기도 연천군 백학면"",""치약, 비누 및 기타 세제 제조업"",""세탁세제"",""20260213""
""(주)동해식품"",,""수산동물 건조 및 염장품 제조업 외 2 종"",""건어물, 다시팩, 천연조미료"",""20260213""
""주식회사 현암엔지니어링"",""충청북도 청주시 상당"",""금속 문, 창, 셔터 및 관련제품 제조업 외 8 종"",""금속재 울타리, 차양, 금속재 울타리, 차양, 금속재 울타리, 차양, 금속재 울타리, 차양, 금속재 울타리,"",""20260213""
""주식회사 대원이엔지"",""충청북도 청주시 서원"",""가정용 및 산업용 공기 조화장치 제조업 외 1 종"",""공기순환기, 공기순환기"",""20260213""
""(주)스킨앤테크"",""충청북도 청주시 청원"",""화장품 제조업"",""더존 파이브(The ZONE 5)"",""20260213""
""디에스이디아이(주)"",""충청북도 청주시 청원"",""전기회로 개폐, 보호장치 제조업 외 1 종"",""MCCB(배선용 차단기)부품, 전기회로 접속장치"",""20260213""
""(주)에이원테크"",""충청북도 청주시 청원"",""산업용 송풍기 및 배기장치 제조업"",""클린룸 공조장비"",""20260213""
""주식회사 케이티에이"",""충청북도 충주시 대소"",""육상 금속 골조 구조재 제조업 외 1 종"",""교량용 부품, 교량용 부품"",""20260213""
""(주)비에이치앤바이오"",""충청북도 진천군 덕산"",""천연 및 혼합조제 조미료 제조업"",""소스"",""20260213""
""(주)로민테크"",,""물질 검사, 측정 및 분석기구 제조업 외 1 종"",""플라스틱성형용금형제품, 번인소켓, EDSFF테스트소켓(반도체장비시험기기)"",""20260213""
""대한메디컬"",""경기도 광주시 회덕길"",""가정용 전기 난방기기 제조업"",""전기매트"",""20260213""
""피앤이코지"",""경기도 양주시 백석읍"",""침구 및 관련제품 제조업"",""담요, 린넨"",""20260213""
""주식회사 블루오션코리아"",""경기도 포천시 소흘읍"",""그 외 기타 분류 안된 섬유제품 제조업"",""유아용 카페트, 가정용 쿨매쉬"",""20260213""
""아이엠테크놀로지(주)"",""경기도 안성시 죽산면"",""플라스틱 접착처리 제품 제조업"",""테이프"",""20260213""
""와이앤제이"",""경기도 김포시 김포한"",""볼트 및 너트류 제조업"",""철근지지용 방수앵커"",""20260213""
""주식회사 디엘솔루션"",""경기도 김포시 김포한"",""일반용 전기 조명장치 제조업"",""LED조명기기"",""20260213""
""주식회사 빛담"",""경기도 김포시 김포한"",""기타 조명장치 제조업 외 3 종"",""미디어베너, LED 스포츠조명, LED 경관조명, LED 실내등, LED  조명, 조명제어장치"",""20260213""
""성화레이저"",""경기도 김포시 대곶면"",""그 외 기타 금속가공업"",""특수용접기"",""20260213""
""프리스타일테크놀로지(유)"",""경기도 화성시 만세구"",""속도계 및 적산계기 제조업"",""수도미터"",""20260213""
""누리나루"",""경기도 하남시 미사강"",""일반용 전기 조명장치 제조업 외 15 종"",""적재용 금속판, 기타 전자 부품, 탁상용(데스크톱)PC, LCD모니터, 마우스, 유선전화기, 폐쇄회로 카메라,"",""20260213""
""모리어스 주식회사"",""경기도 용인시 기흥구"",""전동기 및 발전기 제조업"",""전동기 및 발전기"",""20260213""
""인큐비전"",""경기도 용인시 기흥구"",""기체 여과기 제조업"",""청정기 필터"",""20260213""
""주식회사 퓨쳐그린"",""경기도 용인시 기흥구"",""전자감지장치 제조업 외 2 종"",""LED식물조명, 전자감지장치, 센서/제어 프로그램"",""20260213""
""삼성정공(주)"",""경기도 안성시 양성면"",""그 외 자동차용 신품 부품 제조업"",""자동차 콘데서 부품"",""20260213""
""(주)광신기어"",""경기도 안산시 단원구"",""그 외 기타 달리 분류되지 않은 운송장비 제조업 외 1 종"",""감속기 및 GEAR류, 감속기 및 GEAR류"",""20260213""
""에스피산업"",""경기도 고양시 일산동"",""일반철물 제조업"",""선반브라켓"",""20260213""
""루비트리"",""경기도 구리시 갈매순"",""단미 사료 및 기타 사료 제조업"",""야채 토핑"",""20260213""
""주식회사 제이씨와이테크"",""경기도 남양주시 순화"",""방송장비 제조업"",""보안카메라"",""20260213""
""(주)수화학"",""경기도 시흥시 공단1?,""그 외 기타 분류 안된 화학제품 제조업 외 3 종"",""표면처리제 외, 바이오연료, 시약제조, 금속가공"",""20260213""
""(주)타스인터내셔날"",""경기도 시흥시 옥구천"",""직물, 편조원단 및 의복류 염색 가공업 외 1 종"",""사염원사, 산업용 단섬유"",""20260213""
""(주)엑스알피아"",""경기도 성남시 중원구"",""비디오 및 기타 영상기기 제조업"",""-"",""20260213""
""주식회사 클래스인테크"",""경기도 안양시 만안구"",""기타 목재가구 제조업 외 1 종"",""찬장 , 책상, 학생용책상, 수강용탁자"",""20260213""
""(주)래도"",""경기도 안양시 동안구"",""전시 및 광고용 조명장치 제조업 외 12 종"",""LED전광판, 도로표지병, 교통안전표지, 전광판, 차량속도측정기, 터널유도등, 버스 및 차량 안내, CCTV, CC"",""20260213""
""(주)프라임솔루션"",""경기도 안양시 동안구"",""전기회로 개폐, 보호장치 제조업 외 1 종"",""SPD, 전력보호감시장치"",""20260213""
""에프엠솔루텍"",""경기도 부천시 원미구"",""주형 및 금형 제조업"",""고정밀 금형부품"",""20260213""
""주식회사 지엘앤티"",""경기도 부천시 원미구"",""그 외 기타 전기장비 제조업 외 8 종"",""스피드게이트. 차량번호 인식기, 자동차단기, 무인정산기, 스피드게이트. 차량번호 인식기, 자동차단기, 무"",""20260213""
""주식회사 위트콘"",""경기도 광명시 하안로"",""비디오 및 기타 영상기기 제조업 외 6 종"",""컴퓨터, 컴퓨터, 영상정보디스플레이장치, CCTV, NVR, 컴퓨터, CCTV, NVR, 적외선 카메라, 영상정보디스플"",""20260213""
""레스큐어(주)"",""경기도 평택시 산단로"",""화장품 제조업"",""스킨,로션,샴푸,마스크팩"",""20260213""
""(주)광석인터내셔날"",""경기도 평택시 청북읍"",""그 외 기타 분류 안된 화학제품 제조업"",""잉크역류방지제"",""20260213""
""주식회사 태영엔지니어링"",""경기도 평택시 청북읍"",""가정용 및 산업용 공기 조화장치 제조업 외 2 종"",""공기조절기(댐퍼), 댐퍼 , 선박용 댐퍼"",""20260213""
""범한유니솔루션 주식회사"",""경기도 평택시 서탄면"",""기타 전기 변환장치 제조업 외 1 종"",""EV충전기, 배터리팩, PCS"",""20260213""
""애드하이텍"",""경기도 평택시 서탄면"",""반도체 제조용 기계 제조업"",""챔버"",""20260213""
""(주)디자인프리마"",""경기도 동두천시 강변"",""구두류 제조업"",""여성용 구두"",""20260213""
""신흥"",""경기도 동두천시 강변"",""구두류 제조업"",""여성구두 임가공"",""20260213""
""중현상사"",""경기도 동두천시 강변"",""구두류 제조업"",""여성구두"",""20260213""
""(주)도스마스"",""경기도 안산시 상록구"",""육류 포장육 및 냉동육 가공업 (가금류 제외)"",""양념육"",""20260213""
""(주)파이버프로 광주지점"",""광주광역시 북구 첨단"",""전자감지장치 제조업"",""광섬유 항법센서(IOC)"",""20260213""
""이룸테크"",""광주광역시 광산구 동"",""일반용 전기 조명장치 제조업"",""조명장치"",""20260213""
""(주)엔에이치인터내셔널"",""광주광역시 광산구 평"",""육상 금속 골조 구조재 제조업 외 1 종"",""강교 BOX, 강교 BOX"",""20260213""
""신일정보기술(주)"",""대전광역시 유성구 죽"",""항공기용 부품 제조업 외 8 종"",""무인항공기 시뮬레이터, 무인항공기 시뮬레이터, 무인항공기 시뮬레이터, 무인항공기 시뮬레이터, 무인항공"",""20260213""
""(주)동승전기"",""대전광역시 유성구 문"",""그 외 기타 전기장비 제조업"",""전기장비"",""20260213""
""주식회사 에프티에스"",""대전광역시 유성구 테"",""무인 항공기 및 무인 비행장치 제조업"",""무인항공기지상통제시스템 및 항법장치 소프트웨어"",""20260213""
""에이치디현대마린솔루션 주식회사"",""울산광역시 남구 신두"",""전기회로 개폐, 보호장치 제조업 외 1 종"",""선박용 디지털/제어 펌프, 전기회로 개폐, 보호장치 제조"",""20260213""
""남경산업(주)"",""울산광역시 울주군 언"",""금속탱크 및 저장용기 제조업 외 3 종"",""압력용기, 저장탱크, 배관,철구조물"",""20260213""
""주식회사 주복에스엔씨"",""세종특별자치시 부강?,""전동기 및 발전기 제조업 외 1 종"",""태양광 발전설비"",""20260213""
""한양와이어"",""인천광역시 미추홀구"",""그 외 기타 금속가공업"",""주형 및 금형"",""20260213""
""(주)에스틸"",""인천광역시 서구 북항"",""건설 및 채광용 기계장비 제조업 외 1 종"",""굴삭기 압형부품, 굴삭기부품"",""20260213""
""(주)본스포츠"",""인천광역시 서구 가정"",""기타 운동 및 경기용구 제조업"",""운동기구"",""20260213""
""(주)케이에프앤홀딩스 한국에코시스템"",""인천광역시 서구 백범"",""주방용 전기기기 제조업"",""초음파 튀김기"",""20260213""
""(주)휴윈스테크놀로지"",""인천광역시 서구 가정"",""경성 인쇄회로기판 제조업"",""경성인쇄회로기판 홀가공"",""20260213""
""아크원"",""인천광역시 서구 파랑"",""기기용 자동측정 및 제어장치 제조업"",""AI 카메라 모듈"",""20260213""
""주식회사 대건건축가구"",""인천광역시 서구 파랑"",""소파 및 기타 내장가구 제조업"",""목재구조틀, 책상, 책장 등"",""20260213""
""주식회사 유티알"",""부산광역시 강서구 공"",""기타 구조용 금속제품 제조업 외 4 종"",""차양 및 각종 휀스,  ,  ,  ,"",""20260213""
""(주)신동디지텍"",""부산광역시 강서구 녹"",""선박 구성 부분품 제조업 외 1 종"",""Console : GMDSS, Bridge, Wing, Chart, Radio, Engine, Console : GMDSS, Bridge, Wing, Chart, Radio, En"",""20260213""
""(주)케이에스피"",""부산광역시 강서구 과"",""기타 공학 연구개발업 외 1 종"",""선박엔진부품, 조선공학연구"",""20260213""
""(주)세림켐텍"",""부산광역시 기장군 정"",""그 외 기타 분류 안된 화학제품 제조업 외 3 종"",""콘크리트혼화제,스티로폼, 콘크리트혼화제,스티로폼, 콘크리트혼화제,스티로폼, 콘크리트혼화제,스티로폼"",""20260213""
""주식회사 유일넥스트"",""서울특별시 강서구 양"",""그 외 기타 분류 안된 금속 가공 제품 제조업 외 5 종"",""수갑, 삼단봉, 삼단봉 , 수갑, 삼단봉, 일회용수갑 커터, 일회용수갑 커터, 수갑"",""20260213""
""(주)어스트"",""서울특별시 금천구 벚"",""의료용 가구 제조업"",""샴푸대, 마사지샴푸대, 미용가구"",""20260213""
""(주)엘유프로"",""서울특별시 금천구 벚"",""기억장치 제조업 외 3 종"",""서버, CCTV, 스토리지"",""20260213""
""주식회사 칸토탈마린"",""부산광역시 영도구 해"",""선박 구성 부분품 제조업"",""선박부품, 선박수리"",""20260213""
""주식회사 우주전기"",""부산광역시 강서구 공"",""교통 신호장치 제조업"",""LED바닥형신호등"",""20260213""
""(주)그린2공장"",""충청남도 서산시 고북"",""육류 기타 가공 및 저장처리업 (가금류 제외) 외 6 종"",""통조림, 병조림, 레토르트 소스 등, 즉석조리식품외"",""20260214""
""(주)한국정밀소재산업"",""강원특별자치도 원주?,""플라스틱 적층, 도포 및 기타 표면처리 제품 제조업"",""초경량 복합재"",""20260218""
""주식회사 농협사료"",""전북특별자치도 군산?,""반려동물용 사료 제조업 외 2 종"",""보조사료(생균제),단미사료(당밀), 보조사료(생균제),단미사료(당밀), 보조사료(생균제),단미사료(당밀)"",""20260219""
""(주)에스에이치씨"",""전북특별자치도 군산?,""그 외 기타 금속가공업"",""금속가공"",""20260219""
""(주)엘지화학"",""전북특별자치도 익산?,""기초 의약 물질 제조업 외 4 종"",""의약품, 의약품, 의약품, 의약품, 의약품"",""20260219""
""에스엘티 주식회사"",""경상남도 양산시 상북"",""그 외 기타 특수목적용 기계 제조업"",""자동화설비제작"",""20260219""
""(주)신우공업"",""경상남도 함안군 칠원"",""레미콘 제조업"",""레미콘"",""20260219""
""(주)아라리오"",""경상남도 함안군 법수"",""선박 구성 부분품 제조업"",""산박 구성 부분품"",""20260219""
""리더스인더스트리"",""제주특별자치도 제주?,""유인 항공기, 항공우주선 및 보조장치 제조업"",""GFRP 1인승유인항공기(1차), CFRP 1인승유인항공기(2차), CFRP 2인승유인항공기(3차)"",""20260219""
""아주해양(주)"",""경상남도 진주시 대곡"",""그 외 기타 플라스틱 제품 제조업"",""양식용 친환경부표"",""20260219""
""(주)네오텍"",""경상남도 김해시 진례"",""그 외 기타 플라스틱 제품 제조업"",""화장품,치약 캡류"",""20260219""
""(주)합천식품"",""경상남도 김해시 진례"",""육류 기타 가공 및 저장처리업 (가금류 제외) 외 3 종"",""갈비탕, 육개장 등, 삼계탕 등, 갈비탕, 육개장 등, 삼계탕, 갈비탕, 육개장 등"",""20260219""
""주식회사 길부스틸"",""경상북도 안동시 앙실"",""그 외 기타 1차 철강 제조업 외 1 종"",""철근절단가공, 철근절단가공"",""20260219""
""홍익기업"",""경상북도 구미시 1공?,""구름베어링 제조업"",""산업기계부품(베어링)"",""20260219""
""셀베이바이오"",""경상북도 영천시 화산"",""기타 비알코올 음료 제조업"",""도투락 커피, 도투락 곤약젤리, 도투락 깔라만시 등"",""20260219""
""(주)삼성연사"",""경상북도 청도군 풍각"",""연사 및 가공사 제조업"",""연사"",""20260219""
""정일기업"",""경상남도 창원시 성산"",""절삭가공 및 유사처리업"",""공작기계 부품가공"",""20260219""
""한화모멘텀 주식회사"",""경상남도 창원시 성산"",""산업용 오븐, 노 및 노용 버너 제조업 외 6 종"",""공업로,공작기계,FA시스템, 공업로,공작기계,FA시스템, 공업로,공작기계,FA시스템, 공업로,공작기계,FA시스"",""20260219""
""한화모멘텀 주식회사"",""경상남도 창원시 성산"",""컨베이어장치 제조업 외 1 종"",""자동화 설비, 특수목적용 기계"",""20260219""
""(주)건어명가디앤에이치"",""경상남도 창원시 마산"",""수산동물 건조 및 염장품 제조업"",""건어명가 맑고 시원한 육수 스틱"",""20260219""
""(주)주원스틸"",""전라남도 영암군 삼호"",""육상 금속 골조 구조재 제조업 외 2 종"","" 선박 패키지 UNIT, PIPE SPOOL,  비철금속제작"",""20260219""
""포엠 주식회사"",""전라남도 장성군 장성"",""구조용 금속 판제품 및 공작물 제조업"",""교량 지지용 잭"",""20260219""
""(주)엔디이브이"",,""전기회로 개폐, 보호장치 제조업"",""전력기기 부품"",""20260219""
""세일정밀산업(주)"",""경상북도 경주시 외동"",""주형 및 금형 제조업 외 1 종"",""전기"",""20260219""
""(주)비맥스"",""충청남도 천안시 동남"",""벽지 및 장판지 제조업"",""벽지"",""20260219""
""서도에너젠 주식회사"",""충청남도 천안시 서북"",""계면활성제 제조업"",""절연코팅액"",""20260219""
""유한회사 랍코리아"",""충청남도 천안시 서북"",""절연 코드세트 및 기타 도체 제조업"",""전기하네스"",""20260219""
""엔에스시스템(주)"",""충청남도 보령시 주포"",""육상 금속 골조 구조재 제조업 외 15 종"",""유선 통신장비, 방송장비, 영상감시장치, 육상 금속 골조 구고재, 수상 금속 골조 구조재, 교통 신호장치,"",""20260219""
""(주)두은"",""충청남도 아산시 탕정"",""구조용 금속 판제품 및 공작물 제조업 외 1 종"",""울타리, 볼라드"",""20260219""
""아트윈텍(주)"",""충청남도 당진시 순성"",""도장 및 기타 피막처리업"",""비철금속 압연압출, 도장"",""20260219""
""이지스"",""전라남도 목포시 고하"",""일반 제재업 외 1 종"",""천연목재가공"",""20260219""
""롯데정밀화학(주)"",,""합성수지 및 기타 플라스틱 물질 제조업"",""하이드록시 에틸 셀룰로오스"",""20260219""
""렉스이노베이션 주식회사"",""전라남도 나주시 교육"",""그 외 기타 전자부품 제조업 외 1 종"",""RTU, RTU"",""20260219""
""(주)대호이엔지"",""전라남도 나주시 노안"",""금속 문, 창, 셔터 및 관련제품 제조업 외 6 종"",""수문기.권양기.제진기,가동보,컨베이어벨트 등, 수문기.권양기.제진기,가동보,컨베이어벨트 등, 수문기.권"",""20260219""
""농업회사법인 주식회사 보리담은"",""전라남도 나주시 금천"",""빵류 제조업"",""찰보리빵, 경주빵"",""20260219""
""(주)이지"",""전라남도 광양시 명당"",""기타 기초 무기 화학물질 제조업 외 2 종"",""산화철, 발전, 기체 여과기"",""20260219""
""주식회사 한송코퍼레이션"",""경기도 포천시 가산면"",""기타 목재가구 제조업"",""일반가구"",""20260219""
""주식회사 대승컴퍼니1990"",""경기도 포천시 가산면"",""기타 목재가구 제조업"",""가구,의자"",""20260219""
""연천레미콘 주식회사"",""경기도 연천군 청산면"",""레미콘 제조업"",""레미콘"",""20260219""
""(주)윈플러스"",""충청북도 청주시 흥덕"",""커튼 및 유사제품 제조업"",""우드블라인드,베니션블라인드,커튼(무대박),커튼(천커튼),버티컬블라인드,롤업쉐이드"",""20260219""
""대화정밀(주)"",""충청북도 청주시 청원"",""전기회로 접속장치 제조업"",""차단기부품"",""20260219""
""한국에이버리데니슨(유)"",""충청북도 충주시 충주"",""적층, 합성 및 특수표면처리 종이 제조업"",""접착라벨원단"",""20260219""
""와이엘산전"",""충청북도 옥천군 옥천"",""배전반 및 전기 자동제어반 제조업"",""배전반, 분전반"",""20260219""
""(주)프리텍"",""충청북도 진천군 초평"",""기타 비철금속 제련, 정련 및 합금 제조업 외 2 종"",""동제,금은제,코발트 powder, 동제,금은제,코발트 powder, 동제,금은제,코발트 powder"",""20260219""
""(주)프리텍 2공장"",""충청북도 진천군 초평"",""기타 비철금속 제련, 정련 및 합금 제조업"",""고은도AG(은)분말,재생용촉매"",""20260219""
""주식회사 디알티"",""경기도 화성시 동탄구"",""무인 항공기 및 무인 비행장치 제조업"",""드론(외벽/창문청소용)"",""20260219""
""(주)게이트웨이"",""경기도 양주시 화합로"",""컴퓨터 제조업"",""컴퓨터서버"",""20260219""
""주식회사 트러스와이어"",""경기도 김포시 대곶면"",""육상 금속 골조 구조재 제조업"",""철골구조물"",""20260219""
""와이와이(주)"",""경기도 화성시 만세구"",""그 외 기타 플라스틱 제품 제조업"",""빨래바구니, 쓰레기통, 옷장, 수납함, 에그 트레이, 옷걸이 등."",""20260219""
""오에스피(주)"",""경기도 화성시 만세구"",""그 외 기타 분류 안된 화학제품 제조업 외 1 종"",""실리콘 도료, 실리콘 점착제, 실리콘 도료, 실리콘 점착제"",""20260219""
""(주)디엠테크코리아"",""경기도 군포시 공단로"",""전자기 측정, 시험 및 분석기구 제조업"",""전자제어기기"",""20260219""
""루미앤"",""경기도 안산시 단원구"",""전시 및 광고용 조명장치 제조업"",""조명간판 등등"",""20260219""
""아성프라스틱공업(주)"",""경기도 안산시 단원구"",""포장용 플라스틱 성형용기 제조업"",""플라스틱용기"",""20260219""
""주식회사 에이디터"",""경기도 구리시 갈매순"",""유선 통신장비 제조업 외 2 종"",""유무선장비, 유무선장비, 유무선장비"",""20260219""
""(주)파이로엔지니어링"",""경기도 시흥시 매화산"",""분사기 및 소화기 제조업"",""소방시설"",""20260219""
""태성전자"",""경기도 시흥시 매화산"",""그 외 기타 전자부품 제조업"",""휴대폰 부품"",""20260219""
""코봇시스템 주식회사"",""경기도 안양시 만안구"",""산업용 로봇 제조업 외 3 종"",""미라클휠, 리웍장비, 미라클휠, 미라클휠"",""20260219""
""인터콘시스템스(주)"",""경기도 안양시 동안구"",""철도차량 부품 및 관련 장치물 제조업"",""철도차량제어시스템"",""20260219""
""주식회사 147리테일"",""경기도 부천시 원미구"",""주방용 전기기기 제조업"",""주방용품"",""20260219""
""주식회사 서진산업"",""경기도 부천시 원미구"",""그 외 기타 봉제의복 제조업 외 18 종"","" 방탄조끼, 가방, 배낭, 의류대, 개인소지품 케이스, 배지(포제), 계급표, 휘장, 내복, 가죽 자켓, 담요,"",""20260219""
""내외기계2공장"",""경기도 평택시 평남로"",""산업용 송풍기 및 배기장치 제조업"",""송풍기"",""20260219""
""주식회사 브이텍"",""경기도 안산시 단원구"",""그 외 기타 특수목적용 기계 제조업 외 1 종"",""배터리 관련 CPU, ESS"",""20260219""
""(주)에스에이치컴퍼니"",""경기도 안산시 단원구"",""액체 여과기 제조업"",""산업용필터"",""20260219""
""빛고을 아이스팩"",""광주광역시 서구 유덕"",""그 외 기타 플라스틱 제품 제조업"",""아이스팩"",""20260219""
""(주)거원"",""광주광역시 광산구 동"",""육상 금속 골조 구조재 제조업 외 7 종"",""충격흡수시설, 방초매트, 로드킬방지장치 등, 금속구조물 및 도로안전시설물, 금속구조물 및 도로안전시설"",""20260219""
""(주)마인코프"",""광주광역시 광산구 평"",""그 외 기타 식료품 제조업"",""떡볶이"",""20260219""
""신한테크(주)"",""광주광역시 광산구 진"",""배전반 및 전기 자동제어반 제조업"",""배전"",""20260219""
""대전열처리"",""대전광역시 대덕구 방"",""금속 열처리업"",""금속열처리, 기계부품"",""20260219""
""에스케이피아이씨글로벌(주)"",""울산광역시 남구 용잠"",""석유화학계 기초 화학물질 제조업 외 2 종"",""PPG, PO, SM, 단미 사료"",""20260219""
""케어디자인"",""울산광역시 동구 보성"",""금속 가구 제조업"",""안전손잡이 등"",""20260219""
""(주)청우아이엔애스"",""울산광역시 북구 농공"",""벽 및 바닥 피복용 플라스틱제품 제조업"",""조선기자재, 논슬립합성수지보드"",""20260219""
""(주)청호산업"",""울산광역시 북구 농공"",""건설 및 채광용 기계장비 제조업 외 2 종"",""피스톤핀, 피스톤핀, 피스톤,글랜드"",""20260219""
""주식회사 레몬티티에스"",""세종특별자치시 집현?,""컴퓨터 제조업"",""버스안내단말기"",""20260219""
""광교프린트애드"",""경기도 수원시 영통구"",""경 인쇄업"",""출판물"",""20260219""
""(주)에이올코리아"",""경기도 성남시 수정구"",""가정용 및 산업용 공기 조화장치 제조업 외 1 종"",""공기조절장치, 공기조절장치"",""20260219""
""일상산업"",""인천광역시 동구 보세"",""도장 및 기타 피막처리업"",""기계부품류(반제품),분체도료"",""20260219""
""(주)DS동성기업"",""인천광역시 남동구 은"",""그 외 기타 특수목적용 기계 제조업"",""산업기계부품"",""20260219""
""(주)케이씨파워"",""인천광역시 남동구 청"",""기타 전기 변환장치 제조업 외 1 종"",""폐쇄형배전반, 건식변압기 제조업"",""20260219""
""(주)메딕콘"",""인천광역시 계양구 서"",""전자저항기 및 전자카드 제조업"",""RFID센서"",""20260219""
""(주)성지공간"",""인천광역시 서구 보듬"",""설치용 및 위생용 플라스틱제품 제조업 외 1 종"",""납골안치단, 납골안치단"",""20260219""
""우양기공(주)"",""인천광역시 서구 검단"",""육상 금속 골조 구조재 제조업 외 7 종"",""금속조립 구조재 제조, 연관,수관,폐열보일러 외, 연관,수관,폐열보일러 외, 연관,수관,폐열보일러 외, 컨"",""20260219""
""메그네이트 주식회사"",""부산광역시 강서구 녹"",""그 외 기타 분류 안된 금속 가공 제품 제조업"",""철 구조물, 이동식사다리"",""20260219""
""케이에스비세일 주식회사"",""부산광역시 강서구 미"",""선박 구성 부분품 제조업 외 2 종"",""조선기자재, 조선기자재, 조선기자재"",""20260219""
""씨엔케이(CNK)"",""부산광역시 사상구 낙"",""그 외 기타 분류 안된 금속 가공 제품 제조업"",""배관자재 피팅류, 가스켓"",""20260219""
""(주)만만한녀석들"",""부산광역시 사상구 새"",""기타 목재가구 제조업 외 5 종"",""매트리스 및 침대, 소파 등, 목재가구, 목재, 가구, 기타 가구"",""20260219""
""디오티에스 에스엠씨"",""부산광역시 기장군 기"",""육류 포장육 및 냉동육 가공업 (가금류 제외)"",""삼겹살, 목살, 수입돈육, 수입우육"",""20260219""
""(주)현대금속"",""부산광역시 기장군 정"",""구조용 금속 판제품 및 공작물 제조업 외 1 종"",""차수판 제조, 건축용 금속 내.외장재, 차수판 제조, 건축용 금속 내.외장재"",""20260219""
""다온기업"",""부산광역시 기장군 정"",""그 외 기타 달리 분류되지 않은 제품 제조업 외 6 종"",""스마트 그늘막, 수동 그늘막 외, ., ., ., ., ., ."",""20260219""
""(주)멀티플러스"",""대구광역시 남구 대명"",""전시 및 광고용 조명장치 제조업 외 3 종"",""AR및VRset제작, 셉테드LED표지판, 경관조명, AR및VRset제작, 셉테드LED표지판, 경관조명, AR및VRset제작,"",""20260219""
""세명전기"",""서울특별시 구로구 경"",""변압기 제조업"",""건식 변압기, 유입 변압기, 리액터 및 권선형 기기"",""20260219""
""(주)에프앤아이코리아"",""서울특별시 금천구 벚"",""셔츠 및 블라우스 제조업 외 17 종"",""봉제의복 제조업 그외 기타((T-shirt), 봉제의복 제조업 그외 기타, 봉제의복 제조업 그외 기타, 봉제의복"",""20260219""
""비젼전자통신(주)"",""서울특별시 금천구 가"",""비디오 및 기타 영상기기 제조업 외 6 종"",""PCB, 전자부품, 케이스"",""20260219""
""지와이즈(주)"",""서울특별시 금천구 가"",""방송장비 제조업"",""AI 이동형 CCTV"",""20260219""
""(주)태마루"",""서울특별시 송파구 송"",""철도차량 부품 및 관련 장치물 제조업"",""데이터 무선전송장치"",""20260219""
""(주)부산식품"",""부산광역시 사하구 다"",""수산동물 훈제, 조리 및 유사 조제식품 제조업"",""어육살,연육"",""20260219""
""강인목재"",""전북특별자치도 전주?,""목재문 및 관련제품 제조업 외 1 종"",""목재문, 기타목재가구"",""20260220""
""윈체어"",""전북특별자치도 전주?,""금속 가구 제조업 외 1 종"",""소파, 의자"",""20260220""
""중원 Tea & Foods Korea"",""경상남도 양산시 하북"",""차류 가공업"",""무말랭이(덖음차, 티백차), 여주(덖음차, 티백차), 흑보리차(티백차),보이차"",""20260220""
""재이푸드"",""경상남도 창녕군 도천"",""장류 제조업"",""장류"",""20260220""
""주식회사 금오중공업"",""경상남도 고성군 고성"",""육상 금속 골조 구조재 제조업 외 5 종"",""전기(태양광발전), 연료 취급 설비, 각종 크레인, 연료취급설비, 전기안정기, 철 구조물, 철구조물, 풍력발"",""20260220""
""주식회사 엘프코"",""강원특별자치도 춘천?,""기체 여과기 제조업 외 3 종"",""공기여과기(필터), 공기여과기(필터), 공기여과기(필터), 공기여과기(필터)"",""20260220""
""미찌푸드(주)"",""강원특별자치도 원주?,""과자류 및 코코아 제품 제조업"",""과자류"",""20260220""
""동해복층유리공업(주)"",""강원특별자치도 동해?,""기타 판유리 가공품 제조업 외 7 종"",""복층유리, 복층유리, 복층유리, 복층유리, 복층유리, 복층유리, 복층유리, 복층유리"",""20260220""
""(주)대진엔지니어링"",""경상남도 창원시 마산"",""선박 구성 부분품 제조업"",""선박구성부품, 유압기기관련부품"",""20260220""
""(주)대성"",""경상남도 창원시 진해"",""그 외 기타 일반목적용 기계 제조업 외 1 종"",""압력조정기 및 용단기"",""20260220""
""신진직물"",""경상남도 진주시 문산"",""특수 직물 및 기타 직물 직조업"",""한복지"",""20260220""
""우진공업사"",""경상남도 사천시 사남"",""그 외 자동차용 신품 부품 제조업 외 4 종"",""기어및 축류"",""20260220""
""(주)에스지산업개발"",""경상남도 김해시 장유"",""일반용 도료 및 관련제품 제조업"",""도로용 페인트"",""20260220""
""아피스월드 주식회사"",""경상남도 김해시 상동"",""변압기 제조업 외 3 종"",""변압기,  ,  ,"",""20260220""
""(주)알에프온"",""경상북도 구미시 구미"",""기타 무선 통신장비 제조업"",""안티드론 재밍모듈"",""20260220""
""(주)원로보틱스"",""경상북도 구미시 대학"",""산업용 로봇 제조업"",""다목적 무인 지상로봇(MUGR)"",""20260220""
""(주)윈텍스"",""경상북도 구미시 산동"",""합성섬유 제조업"",""탄소섬유코팅, 탄소섬유가공"",""20260220""
""동방제유(주)"",""경상북도 영천시 대전"",""식물성 유지 제조업 외 1 종"",""식물성유지, 참깨"",""20260220""
""대신산업(주)"",""경상북도 영천시 화산"",""도장 및 기타 피막처리업"",""도장 및 피막"",""20260220""
""광명산업"",""경상북도 고령군 개진"",""어망 및 기타 끈 가공품 제조업"",""PE망"",""20260220""
""주식회사 동양에프에이"",""경상북도 칠곡군 왜관"",""농업 및 임업용 기계 제조업"",""양액자동공급장치, 자동화 설비"",""20260220""
""금강기계"",""경상북도 칠곡군 석적"",""기타 가공 공작기계 제조업"",""SUCTION&BLOWER 장비 제작, 챔버 제작, 기타 부품 가공"",""20260220""
""흥진이엔지"",""경상북도 칠곡군 석적"",""주형 및 금형 제조업"",""부품 임가공"",""20260220""
""주식회사 아임톡"",""경상남도 창원시 마산"",""비디오 및 기타 영상기기 제조업 외 4 종"",""CCTV, 통합배선반, 방송장비, 비디오 및 영상기기, 조명장치, 신호장치"",""20260220""
""주식회사 케이씨피시스"",""경상남도 창원시 마산"",""컴퓨터 제조업 외 5 종"",""컴퓨터, 특수목적용 모니터, 무인안내기, 버스정보안내시스템, 기계부품, 전자부품"",""20260220""
""주식회사 대륙이앤씨"",""전라남도 무안군 청계"",""표면 가공 목재 및 특정 목적용 제재목 제조업 외 2 종"",""기타조경시설물, 디자인형울타리, 제재된 목재(목재데크재) 등"",""20260220""
""(주)동양이피에스"",""충청남도 서산시 성연"",""폴리스티렌 발포 성형제품 제조업 외 1 종"",""발포플라스틱(스티로폼),"",""20260220""
""주식회사 웰비온에프티"",""충청남도 서산시 성연"",""기타 식사용 가공처리 조리식품 제조업"",""단백질스낵, 맞춤형한끼대용식"",""20260220""
""(주)아이앤팜"",""충청남도 논산시 광석"",""반려동물용 사료 제조업 외 3 종"",""동물용의약품, 보조사료, 소독제 등, 동물용의약품, 보조사료, 소독제 등, 동물용의약품, 보조사료, 소독제"",""20260220""
""서우산업(주)"",""충청남도 금산군 추부"",""금속 가구 제조업 외 1 종"",""식탁, 의자, 걸상, 이동식 스툴테이블, 사물함"",""20260220""
""주식회사 해성푸드텍"",""충청남도 서천군 장항"",""천연 및 혼합조제 조미료 제조업 외 1 종"",""고추가루, 구운김, 고추가루, 구운김"",""20260220""
""주식회사 유달공조시스템"",""경기도 포천시 가산면"",""그 외 기타 플라스틱 제품 제조업"",""가로수보호판"",""20260220""
""(주)해피정코리아"",""경기도 여주시 여양로"",""가정용 및 장식용 도자기 제조업"",""도자기"",""20260220""
""한솔테크닉스(주)"",""충청북도 청주시 흥덕"",""전구 및 램프 제조업 외 7 종"",""., ., ., ., ., ., ., 태양광모듈등"",""20260220""
""늘푸른냉열"",""충청북도 청주시 청원"",""가정용 및 산업용 공기 조화장치 제조업"",""산업용 항온항습기 정밀기기"",""20260220""
""(주)이지머티리얼즈"",""충청북도 청주시 청원"",""그 외 기타 분류 안된 화학제품 제조업"",""흑연, 음극제"",""20260220""
""주식회사 신한코리아 솔루션"",""충청북도 충주시 주덕"",""육상 금속 골조 구조재 제조업 외 1 종"",""육상 금속 골조 구조재, 수상 금속 골조 구조재"",""20260220""
""(주)메타윈시스템"",""충청북도 음성군 금왕"",""플라스틱 창호 제조업"",""PVC창틀, PVC창문, PVC대피창 등"",""20260220""
""바이오플러스 주식회사"",""충청북도 음성군 금왕"",""그 외 기타 의료용 기기 제조업 외 2 종"",""HA기반 필러 및 의료기기"",""20260220""
""풀무원식품(주)"",""충청북도 음성군 대소"",""두부 및 유사식품 제조업"",""두부류"",""20260220""
""(주)스틸엔우드"",""충청북도 음성군 삼성"",""육상 금속 골조 구조재 제조업 외 4 종"",""철재유로폼, 설치용금속울타리, 철재유로폼, 설치용금속울타리, 철재유로폼, 설치용금속울타리, 철재유로폼"",""20260220""
""(주)더라이스팜"",""충청북도 음성군 삼성"",""기타 곡물 가공품 제조업 외 1 종"",""누룽지 가공품, 쌀"",""20260220""
""(주)한울바이오"",""충청북도 음성군 삼성"",""건강보조용 액화식품 제조업 외 5 종"",""메타바이오틱스프로틴플러스, 데일리랠리프로틴캔디, 커피믹스, 건강기능식품, 더진한육수베이스, 멸치육수"",""20260220""
""(주)제이제이다산"",""충청북도 음성군 삼성"",""기타 기초 유기화학 물질 제조업"",""전자재료첨가제(JDSA01)"",""20260220""
""주식회사 상장케미칼"",""충청북도 음성군 삼성"",""기타 인쇄업 외 1 종"",""포장지, 포장지"",""20260220""
""(주)티엠씨"",""충청남도 천안시 동남"",""기타 절연선 및 케이블 제조업 외 2 종"",""선박용 전선, 전선용 도제, 분말야금류, 분말, 야금제품, 도금"",""20260220""
""글로벌플러스 주식회사"",""경기도 화성시 만세구"",""구조용 금속 판제품 및 공작물 제조업 외 2 종"",""논슬립, 금속제울타리, 차양"",""20260220""
""(주)은성기업씨엔씨"",""경기도 화성시 효행구"",""구조용 금속 판제품 및 공작물 제조업"",""구조용 금속제품"",""20260220""
""에코스카이"",""경기도 화성시 효행구"",""농업 및 임업용 기계 제조업 외 4 종"",""다목적운반차, 다목적운반차 개조 다인승 관람차, 다목적운반차 적재함 개조 운반차, 골프카트, 골프카트"",""20260220""
""진양테크"",""경기도 화성시 효행구"",""산업용 냉장 및 냉동 장비 제조업 외 2 종"",""열교환기, 헷다파이프 제작, 에스캅 제작, 애프터 쿨러, 산업용 에어 드라이어, 오일 쿨러, 칼가위 연마기"",""20260220""
""(주)창신"",""경기도 화성시 동탄구"",""포장용 플라스틱 성형용기 제조업"",""화장품 용기"",""20260220""
""(주)미러로이드"",""경기도 광주시 양촌길"",""기타 표시장치 제조업 외 3 종"",""기타표시장치 제조업, 컴퓨터제조업, 멀티미디어학습장치, 디지털사진즉석인화기"",""20260220""
""(주)부강금속조명"",""경기도 광주시 초월읍"",""육상 금속 골조 구조재 제조업 외 7 종"",""철근콘크리트근,  ,  , 가로등주,  , 가로등,  , 철도차량 부품"",""20260220""
""한주조명 주식회사"",""경기도 광주시 초월읍"",""일반용 전기 조명장치 제조업"",""LED 조명기구"",""20260220""
""천일페인트(주)"",""경기도 양주시 화합로"",""일반용 도료 및 관련제품 제조업 외 2 종"",""도료 및 페인트, 제설제, 건설용도막방수제"",""20260220""
""(주)아빠의마음"",""경기도 양주시 화합로"",""반려동물용 사료 제조업 외 1 종"",""반려동물 사료, 반려동물 사료"",""20260220""
""(주)거북이"",""경기도 양주시 백석읍"",""수산식물 가공 및 저장 처리업"",""구이김, 파래김 자반, 다시마튀각, 고추부각"",""20260220""
""한성프라스틱"",""경기도 포천시 자작로"",""플라스틱 선, 봉, 관 및 호스 제조업"",""플라스틱 케이스"",""20260220""
""주식회사 새움"",""경기도 포천시 해룡로"",""육상 금속 골조 구조재 제조업 외 9 종"",""버스승강장, CCTV, 안내판, 키오스크, 전광판, 통합배전반, 옥외벤치, 가로등기구, 배전반, 유선통신 장비"",""20260220""
""주식회사 엠에스글로벌월드"",""경기도 포천시 가산면"",""적층, 합성 및 특수표면처리 종이 제조업"",""반려견 패드"",""20260220""
""주식회사 메인이엔지"",""경기도 김포시 김포한"",""컨베이어장치 제조업"",""컨베이어"",""20260220""
""신영"",""경기도 김포시 통진읍"",""플라스틱 접착처리 제품 제조업"",""윈도우필름, 자동차용 PPF필름, PET 필름류"",""20260220""
""아쿠타"",""경기도 김포시 월곶면"",""철도차량 부품 및 관련 장치물 제조업 외 1 종"",""철도차량 부품, 고코패킹류 가스켓 고무호스"",""20260220""
""서림산업에스알아이(주)"",""경기도 김포시 하성면"",""육상 금속 골조 구조재 제조업 외 1 종"",""랙,랙압형부품, 랙,랙압형부품"",""20260220""
""주식회사 에이치비글로벌"",""경기도 김포시 하성면"",""산업처리공정 제어장비 제조업"",""산업처리공정제어장비"",""20260220""
""(주)에이치에스건설산업"",""경기도 김포시 하성면"",""구조용 금속 판제품 및 공작물 제조업 외 1 종"",""하니컴판넬, 건축외장재"",""20260220""
""에스엠그룹(주)"",""경기도 화성시 만세구"",""가정용 및 산업용 공기 조화장치 제조업 외 3 종"",""공기순환기, 공기순환기"",""20260220""
""(주)선진산업개발"",""경기도 화성시 만세구"",""금속 문, 창, 셔터 및 관련제품 제조업"",""AL-SHEET, AL-BAR"",""20260220""
""칠성기업도장"",""경기도 화성시 만세구"",""도장 및 기타 피막처리업"",""알루미늄도장제품"",""20260220""
""퓨처테크"",""경기도 시흥시 소망공"",""절삭가공 및 유사처리업"",""기계부품"",""20260220""
""(주)텔레스타"",""경기도 군포시 엘에스"",""기타 무선 통신장비 제조업"",""케이블, 안테나"",""20260220""
""지오콘다 주식회사"",""경기도 하남시 조정대"",""기타 직물제품 제조업 외 1 종"",""마스크, 남성팬티"",""20260220""
""디에스솔루션스(주)"",""경기도 용인시 처인구"",""전자기 측정, 시험 및 분석기구 제조업"",""반도체설비부품"",""20260220""
""(주)거창"",""경기도 용인시 처인구"",""전동기 및 발전기 제조업 외 2 종"",""금속골재, 태양광 발전 장치 및 전동기, 접속함"",""20260220""
""스페이스파워(주)"",""경기도 파주시 광탄면"",""배전반 및 전기 자동제어반 제조업"",""수 배전반"",""20260220""
""아이에스동서(주) 이천지점"",""경기도 이천시 부발읍"",""콘크리트 관 및 기타 구조용 콘크리트 제품 제조업 외 1 종"",""콘크리트제품, 콘크리트제품"",""20260220""
""(주)제이제이스틸"",""경기도 안산시 단원구"",""그 외 기타 1차 철강 제조업"",""스테인레스 강관"",""20260220""
""(주)진성산업"",""경기도 안산시 단원구"",""유압기기 제조업 외 2 종"",""금속탱크 등 철판 절단 가공, 버캣, 회전링크, 쁘랙카 등 중장비 부품, 전기"",""20260220""
""(주)현테크알루미늄"",""경기도 안산시 단원구"",""기타 1차 비철금속 제조업"",""알루미늄창틀"",""20260220""
""스타스타드"",""경기도 고양시 일산동"",""기타 인쇄관련 산업"",""재단한 종이류"",""20260220""
""주식회사 디우드웍스"",""경기도 고양시 일산동"",""기타 목재가구 제조업"",""목제보관함"",""20260220""
""새시대아트"",""경기도 고양시 일산서"",""그 외 기타 분류 안된 금속 가공 제품 제조업"",""금속 조형물"",""20260220""
""주식회사 노벨테크"",""경기도 남양주시 와부"",""전기회로 접속장치 제조업"",""케이블 하네스"",""20260220""
""주식회사 엔에이치"",""경기도 남양주시 진접"",""화학섬유직물 직조업 외 29 종"",""방탄복, 천막, 플라스틱제품등, 방탄복, 천막, 플라스틱제품등, 방탄복, 천막, 플라스틱제품등, 방탄복, 천"",""20260220""
""태웅금속 주식회사"",""경기도 남양주시 진접"",""그 외 기타 금속가공업"",""금속절단, 절곡, 레이저컷팅, V 컷팅제품"",""20260220""
""(주)옥스레이저"",""경기도 시흥시 옥구천"",""기타 일반 기계 및 장비 수리업"",""금속가공"",""20260220""
""부성메탈솔루션"",""경기도 시흥시 군자천"",""금속 단조제품 제조업"",""선박용샤클"",""20260220""
""신공조"",""경기도 시흥시 공단1?,""산업용 송풍기 및 배기장치 제조업"",""냉.난방 닥트"",""20260220""
""(주)에코원"",""경기도 성남시 중원구"",""기타 전기 변환장치 제조업 외 1 종"",""-, -"",""20260220""
""(주)중흥테크놀러지"",""경기도 안양시 동안구"",""방송장비 제조업 외 6 종"",""방송장비, 전자부품, 통신전자장비, 전력보호감시장치, 철도신호장비, 전자카드, 모니터링장치"",""20260220""
""(주)리쿠스"",""경기도 안산시 단원구"",""그 외 자동차용 신품 부품 제조업 외 3 종"",""자동차용 전동 발판, 원격접속장치, 특성화 실습용 교육장비, 전자공학용품"",""20260220""
""농업회사법인(주)콩세알"",""인천광역시 강화군 양"",""두부 및 유사식품 제조업"",""두부, 유부, 콩비지, 콩물 등"",""20260220""
""주식회사 진영엘이디산업"",""광주광역시 북구 첨단"",""전시 및 광고용 조명장치 제조업"",""광고용 led 조명장치, 전광판 등"",""20260220""
""이비오 주식회사"",""대전광역시 동구 물류"",""그 외 기타 나무제품 제조업"",""목재재단"",""20260220""
""(주)블루스퀘어"",""대전광역시 유성구 테"",""절삭가공 및 유사처리업 외 6 종"",""사격용 모의 총기, 사격용 모의 총기, 사격용 모의 총기, 사격용 모의 총기, 사격용 모의 총기, 사격용 모"",""20260220""
""(주)일신하이텍"",""울산광역시 남구 테크"",""건설 및 채광용 기계장비 제조업"",""건설 기계장비 제조"",""20260220""
""KPX일렉트로켐주식회사 울산공장"",""울산광역시 남구 납도"",""반도체 제조용 기계 제조업"",""CMPPAD"",""20260220""
""KPX케미칼(주)"",""울산광역시 남구 납도"",""기타 기초 유기화학 물질 제조업"",""폴리프로필렌그레콜"",""20260220""
""(주)모아산업"",""울산광역시 남구 처용"",""금속탱크 및 저장용기 제조업 외 1 종"",""경판, 압력용기, 압축 및 액화 가스용기"",""20260220""
""(주)동남유화"",""울산광역시 남구 용연"",""기타 석유정제물 재처리업"",""용제, 아스팔트, 왁스"",""20260220""
""(주)고려프랜트"",""울산광역시 울주군 온"",""금속탱크 및 저장용기 제조업 외 1 종"",""금속탱크 및 저장용기"",""20260220""
""한국훅스윤활유(주)"",""울산광역시 울주군 웅"",""윤활유 및 그리스 제조업"",""금속유제,섬유유제"",""20260220""
""묘력전기(주)"",""대구광역시 달성군 다"",""배전반 및 전기 자동제어반 제조업 외 5 종"",""자동제어반,프로세스제어반, 태양광 발전기용 판넬 제조, 태양광 발전기용 인버터 판넬 제조, 태양광 연료"",""20260220""
""(주)한국고분자"",""대구광역시 달성군 구"",""자동차 차체용 신품 부품 제조업 외 1 종"",""샤시프레임, 엔지니어링플라스틱"",""20260220""
""주식회사 호승코리아"",""인천광역시 미추홀구"",""포장용 플라스틱 성형용기 제조업"",""사출"",""20260220""
""(주)아이플렉스"",""인천광역시 남동구 호"",""반도체 제조용 기계 제조업"",""반도체 부픔"",""20260220""
""(주)트리샤"",""인천광역시 남동구 은"",""화장품 제조업"",""매니큐어"",""20260220""
""(주)플라스텍"",""인천광역시 남동구 남"",""절삭가공 및 유사처리업 외 1 종"",""반도체부품,부품가공, 반도체 소캣"",""20260220""
""(주)영화테크"",""인천광역시 서구 원전"",""탭, 밸브 및 유사장치 제조업"",""가단주철재 관이음쇠"",""20260220""
""한성엔티엠"",""인천광역시 서구 호두"",""기타 가공 공작기계 제조업 외 1 종"",""기계공구, 기계공구"",""20260220""
""가현엔프라 제2공장(주)"",""인천광역시 서구 건지"",""운송장비 조립용 플라스틱제품 제조업 외 1 종"",""자동차 부품, 자동차 부품"",""20260220""
""인성엔프라(주)"",""인천광역시 서구 가정"",""운송장비 조립용 플라스틱제품 제조업 외 11 종"",""베어링 플라스틱 케이지, 베어링 플라스틱 케이지, 베어링 플라스틱 케이지, 베어링 플라스틱 케이지, 베어"",""20260220""
""주식회사 히트솔(HEAT-SOL Corp.)"",""인천광역시 서구 파랑"",""기타 비철금속 압연, 압출 및 연신 제품 제조업 외 4 종"",""방열판(HEATSINK), 차량용 인버터 방열판(HEATSINK), 미세분말 그라파이트 파우더, 스카이빙 CNC 기계장치"",""20260220""
""베스트인코리아(주)"",""부산광역시 강서구 화"",""선박 구성 부분품 제조업"",""wedge, tbp"",""20260220""
""(주)우리기술 대구지점"",""대구광역시 동구 팔공"",""물질 검사, 측정 및 분석기구 제조업 외 6 종"",""수질측량 레이더, 수질분석기, 유량계, 초음파수위계, 프로세스제어반, 수질 측정기, 빌딩자동제어반"",""20260220""
""(주)시안산업"",""대구광역시 달서구 성"",""직물포대 제조업"",""쌀포대, PP대포대"",""20260220""
""(주)선경홀로그램"",""서울특별시 금천구 벚"",""플라스틱 접착처리 제품 제조업 외 1 종"",""pet film"",""20260220""
""한국해양방위산업협동조합"",""부산광역시 사하구 원"",""기타 선박 건조업"",""선박 수리"",""20260220""
""(주)에스알에어텍"",""전북특별자치도 전주?,""기타 직물제품 제조업 외 2 종"",""마스크, 공기청정기용 필터, 아파트용 순환기 필터, 비주거용 건물 임대업, 태양력 발전업"",""20260221""
""(주)이스트밸리티엔씨"",""경상북도 경주시 건천"",""그 외 기타 분류 안된 금속 가공 제품 제조업 외 2 종"",""티타늄가공, 플랜트, 열교환기, 동박막생산설비용 전극부 등, 티타늄가공, 플랜트, 열교환기, 동박막생산설"",""20260222""
""(주)씨엠지이노텍"",""경상북도 경주시 강동"",""그 외 기타 금속가공업 외 1 종"",""소화설비 분기배관, 소화설비 분기배관"",""20260222""
""(주)피치케이블 군산"",""전북특별자치도 군산?,""구조용 금속 판제품 및 공작물 제조업 외 3 종"",""눈 및 얼음 융해장치,  ,  ,"",""20260223""
""솔루스첨단소재 주식회사"",""전북특별자치도 익산?,""유기발광 표시장치 제조업 외 1 종"",""유기발광 표시장치 전용 부분품, OLED 발광다이오드"",""20260223""
""(유)문광산업개발"",""전북특별자치도 익산?,""아스팔트 콘크리트 및 혼합제품 제조업"",""아스콘"",""20260223""
""제이에스케이(주)"",""전북특별자치도 정읍?,""곡물 혼합분말 및 반죽 제조업"",""프리믹스"",""20260223""
""(주)삼아엠티"",""전북특별자치도 완주?,""주형 및 금형 제조업 외 1 종"",""자동차 휠 금형, CNC 금속가공"",""20260223""
""강산산업"",""전북특별자치도 진안?,""그 외 금속 압형제품 제조업"",""환봉지지 연결구"",""20260223""
""명화정밀"",""경상남도 김해시 대동"",""주형 및 금형 제조업"",""주방, 선박 엔진 부품 제조"",""20260223""
""삼일공업사"",""경상남도 김해시 대동"",""금속 절삭기계 제조업"",""배관자재(관이음쇠)"",""20260223""
""령성테크"",""경상남도 양산시 산막"",""그 외 자동차용 신품 부품 제조업"",""자동차용 신품 부붐"",""20260223""
""(유)에이치디에프 해동조구사"",""경상남도 양산시 산막"",""낚시 및 수렵용구 제조업"",""낚시용품"",""20260223""
""(주)원일중공업"",""강원특별자치도 원주?,""액체 펌프 제조업 외 7 종"",""수문권양기, 수문밸브, 수문문비, 수문문틀, 가동보, 원심펌프,수중펌프, 펌프류, 오수펌프, 컨베이어, 수"",""20260223""
""(주)황도"",""강원특별자치도 강릉?,""수산동물 건조 및 염장품 제조업"",""조미오징어"",""20260223""
""고양체육사"",""강원특별자치도 철원?,""자수제품 및 자수용재료 제조업 외 1 종"",""자수제품, 근무복 외"",""20260223""
""(주)티에스테크"",,""육상 금속 골조 구조재 제조업"",""고성능H지보재, CFT강관지보재"",""20260223""
""주식회사 팝디스크"",""경상남도 김해시 장유"",""탭, 밸브 및 유사장치 제조업"",""파열판"",""20260223""
""(주)한국측정기술원"",""경상남도 김해시 주촌"",""그 외 기타 일반목적용 기계 제조업"",""전기식 지시저울"",""20260223""
""(주)한국파이프"",""경상북도 안동시 남후"",""플라스틱 선, 봉, 관 및 호스 제조업"",""폴리에틸렌관"",""20260223""
""(주)대광정보통신"",""경상북도 안동시 남선"",""배전반 및 전기 자동제어반 제조업 외 1 종"",""계장계측제어, 프로세스제어반, 분전반, 전동기제어반, 계장계측제어, 프로세스제어반, 분전반, 전동기제어"",""20260223""
""(주)월덱스 캠퍼스2"",""경상북도 구미시 산동"",""발광 다이오드 제조업 외 3 종"",""반도체장비부품, 반도체장비부품, 반도체장비부품, 반도체장비부품"",""20260223""
""메티스 주식회사"",""경상북도 구미시 장천"",""주형 및 금형 제조업 외 1 종"",""플라스틱 사출 금형, 주형 및 금형"",""20260223""
""주식회사 천담"",""경상북도 영천시 봉계"",""폴리스티렌 발포 성형제품 제조업"",""농산물 포장용 완충제"",""20260223""
""(주)현대엔지니어링"",""경상북도 경산시 진량"",""기타 구조용 금속제품 제조업"",""경량철골"",""20260223""
""주식회사 알이씨"",""경상북도 고령군 다산"",""일반용 전기 조명장치 제조업"",""하이브리드 가로등"",""20260223""
""주식회사 케파이엔지"",""경상북도 고령군 다산"",""농업 및 임업용 기계 제조업 외 1 종"",""볏집파쇄기, 볏집파쇄기"",""20260223""
""(주)에이치씨테크"",""경상남도 창원시 의창"",""그 외 기타 분류 안된 금속 가공 제품 제조업"",""철강재 절단가공품"",""20260223""
""(주)에이치앤테크"",""경상남도 창원시 의창"",""기타 물품 취급장비 제조업"",""호이스트 크레인"",""20260223""
""주식회사 케이제이로보틱스"",""경상남도 창원시 의창"",""배전반 및 전기 자동제어반 제조업"",""자동제어반"",""20260223""
""주식회사 우리기술"",""경상남도 창원시 성산"",""배전반 및 전기 자동제어반 제조업 외 1 종"",""배전반 및 전기 자동제어반 , 전기"",""20260223""
""(주)씨티알"",""경상남도 창원시 마산"",""그 외 자동차용 신품 부품 제조업 외 3 종"",""자동차부품, 자동차부품, 자동차부품, 자동차부품"",""20260223""
""새마을수산 영어조합법인"",""전라남도 고흥군 도화"",""수산식물 가공 및 저장 처리업"",""마른김(건조김)"",""20260223""
""김삼선 벌꿀"",""전라남도 해남군 산이"",""그 외 기타 식료품 제조업"",""계피꿀스틱"",""20260223""
""(주)포스코휴먼스"",""경상북도 포항시 남구"",""도금, 착색 및 기타 표면처리강재 제조업 외 1 종"",""포스아트 강건재, 명패"",""20260223""
""(주)넥스온"",""경상북도 포항시 북구"",""사무용 기계 및 장비 제조업 외 2 종"",""컴퓨터, 영상기기, 키오스크"",""20260223""
""동성정밀(주)"",""경상북도 포항시 북구"",""금속 단조제품 제조업"",""각종 금형제품"",""20260223""
""유화산업개발(주)"",""경상북도 경주시 외동"",""도장 및 기타 피막처리업"",""철골재품(H빔,형강등) 도장품"",""20260223""
""마이크로웍스 주식회사"",""경상북도 김천시 공단"",""플라스틱 필름 제조업"",""폴리에스터 필름(PET)"",""20260223""
""(주)삼양엔씨켐 정안공장"",""충청남도 공주시 정안"",""그 외 기타 분류 안된 화학제품 제조업"",""프리즘 레진, IT 전자재료"",""20260223""
""한화모멘텀 아산사업장"",""충청남도 아산시 둔포"",""산업용 오븐, 노 및 노용 버너 제조업 외 7 종"",""전기장비, 산업용 오븐, 컨베이어 물류, 오븐, 스톡커 크레인, 산업용 냉장, 가공 기계, 크린룸 반송물류,"",""20260223""
""한화모멘텀 아산사업장 별관"",""충청남도 아산시 둔포"",""산업용 오븐, 노 및 노용 버너 제조업 외 3 종"",""산업용 오븐, 컨베이어, 크린룸 물류설비, 산업용리프트"",""20260223""
""삼화그린전기(주)"",""충청남도 아산시 신창"",""배전반 및 전기 자동제어반 제조업 외 5 종"","" 스테인레스 및 철제 가로등주 및 부속자재, 종합계측기, 수위계, 유량계, 프로세스 제어반, 배전반, 분전"",""20260223""
""(주)미가온푸드"",""충청남도 서산시 고북"",""육류 기타 가공 및 저장처리업 (가금류 제외) 외 5 종"",""육가공 제품 등, 육가공 제품 등, 육가공 제품 등, 새우 등, 새우 등, 떡 제품 등"",""20260223""
""(주)동강플랜텍"",""충청남도 당진시 석문"",""증류기, 열교환기 및 가스발생기 제조업 외 1 종"",""증기류, 열교환기, 증기류, 열교환기"",""20260223""
""(주)심지"",""충청남도 금산군 추부"",""기타 가정용 전기기기 제조업"",""가정용전기기기"",""20260223""
""한양로보틱스(주)"",""충청남도 홍성군 홍북"",""산업용 로봇 제조업 외 2 종"",""산업용로보트, 전기회로 개폐 및 보호장치, 그 외 기타 전자부품"",""20260223""
""우석종합건설(주) 우석레미콘"",""충청남도 예산군 응봉"",""레미콘 제조업"",""레미콘"",""20260223""
""(주)신호인더스트리"",""충청남도 예산군 고덕"",""플라스틱 필름 제조업 외 2 종"",""PVC 필름, PVC 시트, PVC 필름, PVC 시트, PVC 필름, PVC 시트"",""20260223""
""(유)다함이엔지"",""전라남도 목포시 대양"",""선박 구성 부분품 제조업"",""선박구성부분품, 배관"",""20260223""
""(주)대륙"",""전라남도 목포시 대양"",""수산식물 가공 및 저장 처리업"",""마른김"",""20260223""
""(주)광진통신"",""전라남도 나주시 왕곡"",""유선 통신장비 제조업 외 4 종"",""출입통제장치,폐쇄회로카메라,영상감시장치,차량번호판판독기,무선통신장치,주차관제장치,전기제어장치, 출"",""20260223""
""상일식품 주식회사"",""경기도 여주시 삼교1?,""과자류 및 코코아 제품 제조업"",""건빵,과자류"",""20260223""
""벚꽃길한과.에덴떡집"",""경기도 가평군 청평면"",""떡류 제조업 외 1 종"",""가래떡, 한과"",""20260223""
""엔젤상사"",""충청북도 청주시 상당"",""근무복, 작업복 및 유사의복 제조업 외 16 종"",""단체복, 작업복, 침구, 단체복, 작업복, 침구, 단체복, 작업복, 침구, 단체복, 작업복, 침구, 단체복, 작업"",""20260223""
""(주)디엠테크"",""충청북도 청주시 흥덕"",""일반용 전기 조명장치 제조업"",""LED 조명기구"",""20260223""
""농업회사법인 해치소주 주식회사"",""충청북도 충주시 엄정"",""소주 제조업"",""증류식 소주"",""20260223""
""종이나라"",""충청북도 증평군 증평"",""기타 과실ㆍ채소 가공 및 저장 처리업"",""생컵과일"",""20260223""
""(주)이한철강"",""충청북도 진천군 문백"",""구조용 금속 판제품 및 공작물 제조업"",""철망"",""20260223""
""(주)대오정공"",""충청북도 음성군 대소"",""승강기 제조업 외 1 종"",""호이스트카,곤도라,엘레베이터, 호이스트카,곤도라,엘레베이터"",""20260223""
""(주)동원유제"",""경기도 화성시 만세구"",""아스팔트 콘크리트 및 혼합제품 제조업 외 2 종"",""아스팔트 제품, 아스팔트 제품, 아스팔트 제품"",""20260223""
""(주)에바싸이클"",""경기도 화성시 만세구"",""자동차 재제조 부품 제조업"",""전기차 밧데리 부품"",""20260223""
""(주)한결아스콘"",""경기도 화성시 효행구"",""아스팔트 콘크리트 및 혼합제품 제조업"",""아스콘"",""20260223""
""주식회사 위너젠"",""경기도 화성시 효행구"",""배전반 및 전기 자동제어반 제조업"",""발전기 제어판넬, ATS판넬"",""20260223""
""(주)디오이엔씨"",""경기도 화성시 효행구"",""정형 내화 요업제품 제조업 외 1 종"",""보온재,채움재,내화자켓, 찬넬,전산볼트"",""20260223""
""주식회사 엘케이에너지"",""경기도 화성시 동탄구"",""전동기 및 발전기 제조업"",""수소연료전지발전시스템"",""20260223""
""주식회사 디마기획"",""경기도 광주시 고불로"",""간판 및 광고물 제조업"",""알루미늄, 스테인리스 채널"",""20260223""
""주식회사 에스이티(S.E.T Corp.)"",""경기도 광주시 고불로"",""간판 및 광고물 제조업"",""채널"",""20260223""
""원일산업"",""경기도 광주시 포은대"",""기타 가정용 전기기기 제조업"",""아이스BOX,지지대"",""20260223""
""다임디자인"",""경기도 광주시 마루들"",""기타 목재가구 제조업"",""목재가구"",""20260223""
""그린스쿨"",""경기도 양주시 고읍로"",""근무복, 작업복 및 유사의복 제조업 외 3 종"",""교복, 교복, 교복, 체육복"",""20260223""
""창원화학공업사"",""경기도 양주시 광적면"",""기타 인쇄관련 산업"",""인쇄관련기"",""20260223""
""(주)통인"",""경기도 포천시 원동교"",""그 외 기타 가구 제조업"",""욕실장"",""20260223""
""신광제과"",""경기도 포천시 가산면"",""과자류 및 코코아 제품 제조업"",""약과"",""20260223""
""(주)경동기업"",""경기도 김포시 통진읍"",""금속 문, 창, 셔터 및 관련제품 제조업 외 1 종"",""방화스크린, 방화셔터"",""20260223""
""동양기계공업사"",""경기도 김포시 통진읍"",""음ㆍ식료품 및 담배 가공기계 제조업"",""식품기계"",""20260223""
""현준테크(주)"",""경기도 김포시 통진읍"",""배전반 및 전기 자동제어반 제조업 외 5 종"",""., 승강기, 주차설비, ., ., ."",""20260223""
""(주)솔루션"",""경기도 김포시 대곶면"",""놀이터용 장비 제조업 외 1 종"",""조합용 놀이대 부속품, 금속제패널"",""20260223""
""주식회사 코아스"",""경기도 김포시 대곶면"",""금속 가구 제조업"",""금속가구"",""20260223""
""코스모랩"",""경기도 화성시 만세구"",""포장용 플라스틱 성형용기 제조업"",""화장품용기"",""20260223""
""우리엔지니어링"",""경기도 화성시 만세구"",""그 외 기타 일반목적용 기계 제조업 외 1 종"",""금속표면처리기, 일반산업용기계"",""20260223""
""플랜이티디엔에스(주)"",""경기도 화성시 만세구"",""기체 여과기 제조업"",""액체여과기, 폐수처리장치"",""20260223""
""부광에이엠티(주)"",""경기도 화성시 만세구"",""개인용 전기식 이동수단 제조업"",""전기식 이동장치"",""20260223""
""정원하우징"",""경기도 화성시 만세구"",""구조용 금속 판제품 및 공작물 제조업 외 2 종"",""이동실화장실, 컨테이너, 이동실화장실, 컨테이너, 이동실화장실, 컨테이너"",""20260223""
""(주)삼지중전기"",""경기도 군포시 산본로"",""배전반 및 전기 자동제어반 제조업 외 1 종"",""배전반, 제어반, 분전반, 금속제품도장처리"",""20260223""
""주식회사 노이즈엑스"",""경기도 하남시 조정대"",""구조용 금속 판제품 및 공작물 제조업"",""불연 흡음패널"",""20260223""
""(주)드림창"",""경기도 용인시 처인구"",""침구 및 관련제품 제조업 외 1 종"",""커튼침장, 커튼침장"",""20260223""
""(주)코빅파워"",""경기도 용인시 기흥구"",""기타 전기 변환장치 제조업"",""전력변환장치,에너지저장장치"",""20260223""
""(주)소영건업"",""경기도 파주시 파주읍"",""스크린 인쇄업"",""안전유리필름(컬러유리필름)"",""20260223""
""보울산업"",""경기도 파주시 월롱면"",""기타 건축용 나무제품 제조업 외 2 종"",""간물 외벽 마감재, 전기차 모터 받침대, 놀이터 미끄럼틀"",""20260223""
""주식회사 새솔알씨"",""경기도 파주시 광탄면"",""혼성 및 재생 플라스틱 소재 물질 제조업"",""플라스틱 가공처리, 재생원료"",""20260223""
""(주)힉스코리아"",""경기도 파주시 광탄면"",""합성수지 및 기타 플라스틱 물질 제조업"",""미끄럼방지포장재"",""20260223""
""노비스바이오(주)"",""경기도 안성시 공도읍"",""건강기능식품 제조업 외 1 종"",""건강보조식품, 식품첨가물"",""20260223""
""간석목재산업(주)"",""경기도 안산시 단원구"",""일반 제재업 외 5 종"",""강마루, 강마루, 강마루, 강마루, 강마루, 강마루"",""20260223""
""(주)세광코리아"",""경기도 안산시 단원구"",""수동식 식품 가공기기 및 금속 주방용기 제조업"",""주방용품(후라이팬,냄비)"",""20260223""
""(주)신화알에스"",""경기도 안산시 단원구"",""금속 표시판 제조업 외 6 종"",""-, 교통표지판, 차선분리대, -, -, -, -, -"",""20260223""
""(주)티에스씨테크놀러지"",""경기도 안산시 단원구"",""전자기 측정, 시험 및 분석기구 제조업 외 1 종"",""자동차 검사 장비"",""20260223""
""패독클럽"",""경기도 안산시 단원구"",""그 외 기타 달리 분류되지 않은 운송장비 제조업"",""레이싱 카트(고카트)"",""20260223""
""(주)다우환경"",""경기도 안산시 단원구"",""도금업 외 2 종"",""니켈주석라인-terminal, connector, 카바시트, 구리시트, 니켈주석라인-terminal, connector, 카바시트, 구"",""20260223""
""남양부직포(주) 제3공장"",""경기도 안산시 단원구"",""부직포 및 펠트 제조업"",""부직포"",""20260223""
""주식회사 이룸환경디자인"",""경기도 고양시 덕양구"",""전시 및 광고용 조명장치 제조업 외 2 종"",""멀티미디어학습장치, 미세먼지알리미, 간판 및 광고물"",""20260223""
""(주)딥플랜트"",""경기도 고양시 덕양구"",""육류 기타 가공 및 저장처리업 (가금류 제외) 외 1 종"",""신선 육류 제품, 육류  가공처리 제품"",""20260223""
""주식회사 우시옵토코리아"",""경기도 고양시 덕양구"",""교통 신호장치 제조업 외 1 종"",""막대식 교통 통제기, 주차장용 전기식 신호기기, 안전기기, 교통관제용 기기제조"",""20260223""
""태화조명"",""경기도 남양주시 진접"",""구조용 금속 판제품 및 공작물 제조업 외 6 종"",""금속공작물, 구조용금속판제품, 광고용조명판, 가로등주, 태양광발전세트, 파이프가공품, 구조용금속가공품"",""20260223""
""(주)따순둥푸드"",""경기도 남양주시 화도"",""육류 기타 가공 및 저장처리업 (가금류 제외)"",""설렁탕, 뼈해장국 등"",""20260223""
""주식회사 에스엘상사"",""경기도 남양주시 오남"",""단추 및 유사 파스너 제조업 외 34 종"",""계급장 단추 등, 계급장 단추 등, 계급장 단추 등, 계급장 단추 등, 계급장 단추 등, 계급장 단추 등, 계급"",""20260223""
""(주)비케이프린텍"",""경기도 시흥시 마유로"",""인쇄회로기판용 적층판 제조업 외 2 종"",""인쇄회로기판 , 인쇄회로기판 , 인쇄회로기판"",""20260223""
""건우플라텍"",""경기도 시흥시 공단1?,""포장용 플라스틱 성형용기 제조업"",""P.E 프라스틱통"",""20260223""
""성광레이저"",""경기도 시흥시 정왕동"",""반도체 제조용 기계 제조업 외 1 종"",""반도체 진공챔버 장비용부품"",""20260223""
""(주)세이프티랩"",""경기도 부천시 원미구"",""유선 통신장비 제조업 외 3 종"",""키오스크, 비상벨, 비상벨, 비상벨"",""20260223""
""주식회사 사라시스템"",""경기도 부천시 원미구"",""그 외 기타 전자부품 제조업 외 1 종"",""산업용 로봇, 컴퓨터 주변장치, 산업용 로봇, 컴퓨터 주변장치"",""20260223""
""(주)오송바이오"",""경기도 평택시 청북중"",""동물성 유지 제조업 외 1 종"",""공업용 유지, 공업용 유지"",""20260223""
""주식회사 하이파크골프"",""광주광역시 북구 첨단"",""방송장비 제조업"",""방송통신기자재"",""20260223""
""(주)해원에스비엠"",""광주광역시 광산구 평"",""구조용 금속 판제품 및 공작물 제조업 외 2 종"",""금속강판, 금속공작물, 금속강판, 금속공작물, 금속강판, 금속공작물"",""20260223""
""주식회사 두잇"",""대전광역시 유성구 학"",""일반 통신 공사업 외 3 종"",""MA301+, ICU, ICU-X2, 통신공사, 소프트웨어"",""20260223""
""(주)에임드웍스"",""대전광역시 대덕구 신"",""전시 및 광고용 조명장치 제조업"",""안내전광판"",""20260223""
""태이"",""울산광역시 북구 매곡"",""액체 펌프 제조업"",""실링기능부품 및 실링제어반제작"",""20260223""
""(주)아일"",""울산광역시 북구 효자"",""금속 절삭기계 제조업"",""공작기계, 절삭공구 제조업"",""20260223""
""주식회사 이맥스"",""울산광역시 북구 염포"",""전기회로 개폐, 보호장치 제조업"",""Control System & Panel"",""20260223""
""(주)세방"",""경기도 수원시 권선구"",""탭, 밸브 및 유사장치 제조업"",""감압밸브, 앵글밸브"",""20260223""
""세명산업"",""경기도 수원시 권선구"",""탭, 밸브 및 유사장치 제조업"",""앵글밸브. 감압밸브 등 제조"",""20260223""
""인터콘시스템스(주)"",""경기도 수원시 권선구"",""배전반 및 전기 자동제어반 제조업 외 2 종"",""디지털보호계전기, 철도차량 부품, 디지털보호계전기, 철도차량 부품, 디지털보호계전기, 철도차량 부품"",""20260223""
""(주)이알씨"",""경기도 수원시 영통구"",""물질 검사, 측정 및 분석기구 제조업 외 3 종"",""승강기 검사장비, 바이오가스플랜트 통합제어장치, 승강기 검사장비, 바이오가스플랜트 통합제어장치, 승강"",""20260223""
""(주)로운이앤씨"",""인천광역시 연수구 송"",""방송장비 제조업"",""무선통신 방송장치 제조"",""20260223""
""주식회사 귀주금속"",""인천광역시 연수구 송"",""기타 비철금속 제련, 정련 및 합금 제조업 외 1 종"",""백금도가니, 이화학제품"",""20260223""
""파이박스(주)"",""인천광역시 연수구 인"",""폴리스티렌 발포 성형제품 제조업 외 3 종"",""Control System, Electrical Enclosures, Control System, Electrical Enclosures, Control System, Electr"",""20260223""
""(주)에이치아이글로넷"",""인천광역시 남동구 남"",""기타 직물제품 제조업"",""KF94마스크"",""20260223""
""(주)박하"",""인천광역시 남동구 청"",""그 외 기타 봉제의복 제조업"",""여성의류"",""20260223""
""대흥정밀"",""인천광역시 남동구 호"",""자동차용 금속 압형제품 제조업 외 1 종"",""자동차부품, 자동차부품"",""20260223""
""(주)우딘"",""인천광역시 서구 북항"",""표면 가공 목재 및 특정 목적용 제재목 제조업 외 2 종"",""표면가공목재, 목재창, 건축용목제품"",""20260223""
""알엔티 글로벌"",""인천광역시 서구 백범"",""표면광택제 및 실내가향제 제조업"",""방향제"",""20260223""
""유성공업"",""부산광역시 사상구 대"",""그 외 기타 금속가공업 외 1 종"",""금형,자동차부품, /"",""20260223""
""(주)위저드정보시스템"",""대구광역시 서구 와룡"",""컴퓨터 제조업 외 2 종"",""컴퓨터 및 주변기기 개발 및 생산제조, 소프트웨어 개발 및 판매, 컴퓨터 및 소프트웨어 유지보수 관리 등"",""20260223""
""(주)대동정밀세라믹"",""대구광역시 달서구 성"",""위생용 및 산업용 도자기 제조업"",""Clamp Ring"",""20260223""
""(주)대동정밀세라믹"",""대구광역시 달서구 성"",""위생용 및 산업용 도자기 제조업"",""반도체장비용세라믹부품"",""20260223""
""(주)텍스랜드"",""대구광역시 달서구 성"",""연사 및 가공사 제조업 외 1 종"",""원사, 옷"",""20260223""
""(주)하이테나"",""대구광역시 달서구 성"",""낚시 및 수렵용구 제조업"",""원사"",""20260223""
""(주)비앤비테크놀러지"",""서울특별시 금천구 가"",""탭, 밸브 및 유사장치 제조업"",""밸브 제조업"",""20260223""
""(주)아이더블유케이(IWK)"",""전북특별자치도 군산?,""건설 및 채광용 기계장비 제조업"",""중장비부품"",""20260224""
""(주)라이스밸류"",""전북특별자치도 익산?,""기타 곡물 가공품 제조업"",""쌀단백질"",""20260224""
""주식회사 화양"",""전북특별자치도 남원?,""배전반 및 전기 자동제어반 제조업"",""폐쇄형배전반, 분전반, 전동기 제어반"",""20260224""
""에코광학(주)"",""전북특별자치도 김제?,""그 외 기타 분류 안된 화학제품 제조업"",""광학용 하드코팅제"",""20260224""
""무주천마생산자영농조합법인"",""전북특별자치도 무주?,""탁주 및 약주 제조업"",""막걸리"",""20260224""
""농업회사법인 장수바이오(주)"",""전북특별자치도 장수?,""복합비료 및 기타 화학비료 제조업 외 1 종"",""제4종복합비료 , 살충자재,살균자재,식물영양제,미량요소복합비료생산"",""20260224""
""(주)한국종합기계"",""경상남도 김해시 대동"",""선박 구성 부분품 제조업 외 3 종"",""유압기제조, 펌프제조, 탭 밸브, 펌프,선박부품제작,선박구성부분품"",""20260224""
""가인스틸 주식회사"",""경상남도 양산시 어실"",""강관 가공품 및 관 연결구류 제조업"",""철근커플러"",""20260224""
""그린피엔텍(주)"",""경상남도 양산시 상북"",""자동차용 신품 의자 제조업"",""자동차부품(의자부품,썬루프)"",""20260224""
""주식회사 금풍"",""경상남도 고성군 상리"",""가정용 및 산업용 공기 조화장치 제조업 외 2 종"",""송풍기, 집진기, 송풍기"",""20260224""
""이도에코한림 주식회사 제2공장"",""제주특별자치도 제주?,""아스팔트 콘크리트 및 혼합제품 제조업"",""아스콘"",""20260224""
""이도에코한림 주식회사 제3공장"",""제주특별자치도 제주?,""레미콘 제조업"",""레미콘"",""20260224""
""대한염수분사"",""강원특별자치도 춘천?,""분사기 및 소화기 제조업"",""염수분사 장치"",""20260224""
""주식회사전진기업"",""강원특별자치도 춘천?,""금속 문, 창, 셔터 및 관련제품 제조업 외 1 종"",""알루미늄 창호, 플라스틱창호"",""20260224""
""(주)케이에스알"",""강원특별자치도 원주?,""금속 문, 창, 셔터 및 관련제품 제조업 외 5 종"",""창, 철문, 가드레일, 금속울타리, 낙석방지책, 난간, 교통표지금속판"",""20260224""
""일호계전"",""강원특별자치도 강릉?,""배전반 및 전기 자동제어반 제조업 외 1 종"",""프로세스제어반, 계장제어장치, 빌딩자동제어장치, 수위조절기 , 프로세스제어반, 계장제어장치, 빌딩자동"",""20260224""
""(주가희이엔씨"",""강원특별자치도 횡성?,""합성수지 및 기타 플라스틱 물질 제조업"",""폴리우레아수지도막방수재"",""20260224""
""T&G 용진"",""경상남도 진주시 동진"",""농업 및 임업용 기계 제조업"",""농기구부품"",""20260224""
""동우이엔씨주식회사"",""경상남도 진주시 진성"",""구조용 금속 판제품 및 공작물 제조업"",""강철구조물 제작"",""20260224""
""(주)서정개발"",""경상남도 진주시 금산"",""컨베이어장치 제조업 외 7 종"",""염소투입기, 가스발생기, 가스탱크, 하수처리장치 구성품, 응집기, 수문 권양기, 기체여과기, 컨베이어, 염"",""20260224""
""콩사랑영농조합법인"",""경상남도 사천시 곤명"",""곡물 제분업"",""콩가루"",""20260224""
""제일전자공업(주)"",""경상남도 김해시 진례"",""그 외 자동차용 신품 부품 제조업 외 4 종"",""도어미러"",""20260224""
""(주)국제통산"",""경상남도 김해시 한림"",""어망 및 기타 끈 가공품 제조업"",""어망, 로프"",""20260224""
""(주)순수코리아"",""경상북도 김천시 어모"",""위생용 종이제품 제조업 외 2 종"",""물티슈, 물티슈, 세탁, 주방세제"",""20260224""
""엑스켐코리아(주) 구미점"",""경상북도 구미시 옥계"",""그 외 기타 분류 안된 화학제품 제조업"",""제지용화공약품"",""20260224""
""현민테크"",""경상북도 구미시 옥계"",""기타 일반 기계 및 장비 수리업"",""자동확기계(제조)성형기 및 자동화 기기 수리"",""20260224""
""(유)클라리오스델코"",""경상북도 구미시 산동"",""운송장비용 이차전지 제조업 외 1 종"",""축전지(자동차용배터리), 축전지(자동차용배터리)"",""20260224""
""정금테크"",""경상북도 구미시 산동"",""그 외 기타 일반목적용 기계 제조업"",""2차전지 자동화 기기라인 센서고정 브라켓류 및 정밀판금"",""20260224""
""테라랩(주)"",""경상북도 구미시 산동"",""산업용 로봇 제조업"",""로봇자동화 기계장치"",""20260224""
""대운철강"",,""육상 금속 골조 구조재 제조업"",""비가림 아치대·지주대, 하우스 아치대"",""20260224""
""주식회사 솔라워크"",""경상북도 경산시 하양"",""그 외 기타 금속가공업"",""태양광구조물"",""20260224""
""선경산업사"",""경상북도 성주군 성주"",""볼트 및 너트류 제조업 외 2 종"",""볼트, 나사못"",""20260224""
""주식회사 삼흥"",""경상북도 성주군 성주"",""주형 및 금형 제조업"",""플라스틱 사출성형"",""20260224""
""(주)글로벌하우징"",""경상북도 봉화군 봉화"",""기타 구조용 금속제품 제조업 외 2 종"",""컨테이너하우스, 조립식건축구조물, 컨테이너하우스, 조립식건축구조물, 컨테이너하우스, 조립식건축구조물"",""20260224""
""유한회사 중앙아이앤씨"",""경상남도 창원시 의창"",""자동차 엔진용 신품 부품 제조업"",""장갑차 부품(단열재, 차음재, 흡음재)"",""20260224""
""주식회사 우진"",""경상남도 창원시 의창"",""배전반 및 전기 자동제어반 제조업"",""배수펌프 제어반"",""20260224""
""유한회사 중앙아이앤씨"",""경상남도 창원시 성산"",""자동차 엔진용 신품 부품 제조업 외 3 종"",""장갑차부품, 엔진방열판, 자동차 차체부품, 항공기관련부품, 장갑차부품, 엔진방열판, 자동차 차체부품, 항"",""20260224""
""스마트케어"",""경상남도 창원시 성산"",""컴퓨터 프린터 제조업"",""잉크젯 프린터"",""20260224""
""주식회사 도원모티브"",""전라남도 화순군 도곡"",""운송장비 조립용 플라스틱제품 제조업"",""플라스틱 사출(콘설어퍼, 테일게이트)"",""20260224""
""서희식품기계"",""전라남도 장성군 진원"",""육류 기타 가공 및 저장처리업 (가금류 제외) 외 1 종"",""분말소스류, 고추건조대"",""20260224""
""(주)지에스테크"",""전라남도 장성군 남면"",""구조용 금속 판제품 및 공작물 제조업 외 1 종"",""flange, flange"",""20260224""
""한국퓨얼셀(주)"",""경상북도 포항시 북구"",""전동기 및 발전기 제조업"",""발전용 연료전지"",""20260224""
""울경산업"",""경상북도 경주시 천북"",""비금속광물 분쇄물 생산업"",""쇄석"",""20260224""
""(주)쟈뎅"",""충청남도 천안시 서북"",""커피 가공업"",""커피"",""20260224""
""(주)쟈뎅"",""충청남도 천안시 서북"",""커피 가공업"",""조제커피"",""20260224""
""(주)디에이메카"",""충청남도 천안시 서북"",""반도체 제조용 기계 제조업"",""반도체 제조장비 기계부품"",""20260224""
""와이아이테크(주)"",""충청남도 천안시서북?,""가정용 및 산업용 공기 조화장치 제조업 외 1 종"",""공기조화장치제조업, 공기조화장치제조업"",""20260224""
""장원전기(주)"",""충청남도 보령시 웅천"",""배전반 및 전기 자동제어반 제조업 외 5 종"",""분전반, 도로 표지판, 도로표지병, 수배전반, 제측제어, 조명장치, 교통 신호장치"",""20260224""
""디엠아이"",""충청남도 아산시 인주"",""자동차용 신품 의자 제조업"",""자동차 시트 프레임"",""20260224""
""빌트조명(주)"",""충청남도 당진시 시곡"",""일반용 전기 조명장치 제조업"",""조명기구"",""20260224""
""(주)신호인더스트리"",""충청남도 예산군 고덕"",""플라스틱 필름 제조업 외 1 종"",""PVC시트, 데코시트, PVC시트, 데코시트"",""20260224""
""(주)신호인더스트리"",""충청남도 예산군 고덕"",""플라스틱 필름 제조업 외 1 종"",""데코타일,원단및데코시트, 데코타일,원단및데코시트"",""20260224""
""(주)신호인더스트리"",""충청남도 예산군 고덕"",""플라스틱 필름 제조업 외 2 종"",""PVC 데코시트 및 PP, PVC 데코시트 및 PP, PVC 데코시트 및 PP"",""20260224""
""GS칼텍스(주) 여수바이오실증플랜트"",,""기타 기초 유기화학 물질 제조업 외 1 종"",""바이오화학제품, 3-hydroxypropionicacid"",""20260224""
""시우출판인쇄사"",""충청북도 청주시 상당"",""경 인쇄업 외 1 종"",""인쇄물, 인쇄물"",""20260224""
""엔티큐 주식회사"",""충청북도 청주시 흥덕"",""기체 여과기 제조업 외 3 종"",""수중정화로봇, 수중정화로봇, 수중정화로봇, 수중정화로봇"",""20260224""
""협동산업(주)"",""충청북도 진천군 이월"",""금속 캔 및 기타 포장용기 제조업 외 1 종"",""플라스틱 용기, 드럼통"",""20260224""
""(주)와이씨코퍼레이션"",""경기도 화성시 효행구"",""전자기 측정, 시험 및 분석기구 제조업 외 5 종"",""IoT센서, 에어컨디셔너, 에어컨디셔너, CNC, 용접기, 로봇"",""20260224""
""성진콘크리트공업(주)"",""경기도 화성시 동탄구"",""레미콘 제조업"",""레미콘"",""20260224""
""주식회사 디엔디"",""경기도 김포시 태장로"",""일반용 전기 조명장치 제조업"",""일반용전기조명장치"",""20260224""
""금영eng"",""경기도 김포시 대곶면"",""체조, 육상 및 체력단련용 장비 제조업"",""야외운동기구 제조"",""20260224""
""유광테크(주)"",""경기도 김포시 하성면"",""플라스틱 접착처리 제품 제조업"",""테이프,코팅필름"",""20260224""
""문성인더스트리"",,""기타 인쇄업 외 1 종"",""포장지, 포장지"",""20260224""
""주식회사 헨텍"",""경기도 김포시 하성면"",""변압기 제조업"",""주상변압기,지상변압기,배전변압기,전력변압기"",""20260224""
""영전자"",""경기도 화성시 만세구"",""육상 금속 골조 구조재 제조업"",""금속골조"",""20260224""
""(주)유명이엔지"",""경기도 화성시 만세구"",""기타 플라스틱 발포 성형제품 제조업 외 1 종"","" , 단열 일체형 마감패널"",""20260224""
""한국레미콘(주)"",""경기도 화성시 만세구"",""레미콘 제조업"",""콘크리트"",""20260224""
""예진시스템"",""경기도 시흥시 경기과"",""자동차용 금속 압형제품 제조업 외 1 종"",""냉장고금속케이스, 냉장고금속케이스"",""20260224""
""조양금속"",""경기도 시흥시 군자천"",""금속 단조제품 제조업 외 1 종"","" , 밸브,조립금속품"",""20260224""
""케이엠피솔루션"",""경기도 시흥시 정왕천"",""산업용 냉장 및 냉동 장비 제조업"",""냉각기"",""20260224""
""(주)디앤지라이텍"",""경기도 군포시 고산로"",""일반용 전기 조명장치 제조업 외 1 종"",""조명기기, 조명제어장치,  자동점멸기"",""20260224""
""주식회사 젠코"",""경기도 군포시 고산로"",""기타 전기 변환장치 제조업"",""Smart Power management"",""20260224""
""두성천막기업"",""경기도 용인시 처인구"",""천막, 텐트 및 유사 제품 제조업 외 1 종"",""천막, 금속봉"",""20260224""
""주식회사 더고기"",,""육류 기타 가공 및 저장처리업 (가금류 제외) 외 1 종"",""포장육, 양념육, 분쇄육, 포장육, 양념육, 분쇄육"",""20260224""
""(주)아미스퀘어"",""경기도 용인시 처인구"",""일반용 전기 조명장치 제조업 외 1 종"",""Smart Beam Laser, RGB컨트롤러, LED조명"",""20260224""
""주식회사 엠워텍"",""경기도 용인시 처인구"",""탭, 밸브 및 유사장치 제조업"",""Actuator, Solenoid, Valve, Regulator"",""20260224""
""주식회사 바스노바"",""경기도 용인시 처인구"",""그 외 기타 의료용 기기 제조업"",""의료기기"",""20260224""
""(주)모나미"",""경기도 용인시 처인구"",""화장품 제조업 외 1 종"",""화장품, 문구용 제품·부품"",""20260224""
""(주)일렉콤"",""경기도 용인시 처인구"",""전기회로 접속장치 제조업 외 4 종"",""태양광발전장치, 폐쇄형배전반"",""20260224""
""주식회사 모나미코스메틱"",""경기도 용인시 처인구"",""화장품 제조업"",""화장품"",""20260224""
""(주)에이치엠이스퀘어"",""경기도 용인시 수지구"",""전자감지장치 제조업 외 3 종"",""혈당측정부품, 혈당측정기, 혈당측정소프트웨어, 혈당측정제품"",""20260224""
""동산산업기계(주)"",""경기도 안산시 단원구"",""알루미늄 압연, 압출 및 연신제품 제조업"",""창호 등"",""20260224""
""유진차량(주)"",""경기도 안산시 단원구"",""기관차 및 기타 철도차량 제조업 외 7 종"",""철도차량부품, 철도차량부품, 철도차량부품, 철도차량부품, 철도차량부품, 철도차량부품, 철도차량부품, 철"",""20260224""
""두리시스템"",""경기도 안산시 단원구"",""교통 신호장치 제조업 외 4 종"","" 교통관제시스템,  교통관제시스템 신호기, 배전반, 전기자동제어반, 교통관제시스템, 살수기, 눈및얼음융"",""20260224""
""율림테크(주)"",""경기도 고양시 덕양구"",""배전반 및 전기 자동제어반 제조업"",""자동제어장치"",""20260224""
""트윈에프디 주식회사"",""경기도 고양시 덕양구"",""육류 포장육 및 냉동육 가공업 (가금류 제외)"",""육류 소분 및 포장처리"",""20260224""
""주식회사 에스디전기"",""경기도 남양주시 화도"",""일반용 전기 조명장치 제조업 외 1 종"",""LED 조명,바,도광판 등, LED 조명,바,도광판 등"",""20260224""
""씨앤씨(C&C TECH)"",""경기도 시흥시 소망공"",""산업처리공정 제어장비 제조업 외 1 종"",""자동화설비, 자동화설비"",""20260224""
""성지메디칼 주식회사"",""경기도 성남시 분당구"",""치과기공물 제조업 외 2 종"",""성형용 실리콘 재료, 성형용 실리콘 재료, 성형용 실리콘 재료"",""20260224""
""한국에이버리데니슨(유)"",""경기도 안양시 만안구"",""적층, 합성 및 특수표면처리 종이 제조업 외 1 종"",""종이제품, 전자감지 센서"",""20260224""
""(주)해나파킹"",""경기도 광명시 하안로"",""교통 신호장치 제조업"",""주차차단기"",""20260224""
""(주)해피스틸"",""경기도 평택시 포승읍"",""그 외 기타 1차 철강 제조업"",""포스맥C형강, C형강 타공, 각형강관 타공 제품 등"",""20260224""
""세창프라스틱(주)"",""경기도 평택시 서탄면"",""포장용 플라스틱 성형용기 제조업"",""플라스틱 식품용기"",""20260224""
""주식회사 비플러스"",""경기도 평택시 서탄면"",""반도체 제조용 기계 제조업"",""반도체 및 FPD장비,부품"",""20260224""
""지앤이시스템"",""경기도 안산시 단원구"",""배전반 및 전기 자동제어반 제조업"",""산업자동제어반"",""20260224""
""주식회사 이시티"",""광주광역시 북구 첨단"",""전동기 및 발전기 제조업"",""태양광 발전장치"",""20260224""
""나노소프트(주)"",""대전광역시 유성구 학"",""기타 무선 통신장비 제조업"",""인공지능 체성분분석기"",""20260224""
""(주)네스랩"",""대전광역시 유성구 테"",""전자감지장치 제조업 외 8 종"",""RFID chip, 기타부품, RFID chip, 기타부품, RFID chip, 기타부품, RFID chip, 기타부품, RFID chip, 기타"",""20260224""
""주식회사 화인씨앤엠"",""울산광역시 울주군 청"",""배전반 및 전기 자동제어반 제조업 외 1 종"",""배전반 외, 무대장치"",""20260224""
""(주)오뚜기 삼남공장"",""울산광역시 울주군 삼"",""식용 정제유 및 가공유 제조업 외 6 종"",""유지류, 전분, 레토르트, 식초, 마요네즈, 케찹, 물엿, 기타 비알코올 음료 제조업"",""20260224""
""남양정밀가공(주)"",""울산광역시 울주군 상"",""그 외 자동차용 신품 부품 제조업"",""배기매니홀더"",""20260224""
""해모로파워 주식회사"",""울산광역시 울주군 삼"",""배전반 및 전기 자동제어반 제조업 외 2 종"",""철구조물, 태양광접속반, 분전반"",""20260224""
""주식회사 대명산업레미콘"",""세종특별자치시 부강?,""레미콘 제조업"",""레미콘"",""20260224""
""(주)에크리어"",""경기도 수원시 권선구"",""컴퓨터 모니터 제조업"",""액정모니터, 주변기기"",""20260224""
""주식회사 미래컨테이너"",""대구광역시 달성군 논"",""기타 구조용 금속제품 제조업 외 2 종"",""컨테이너, 컨테이너, 컨테이너"",""20260224""
""(주)파블로항공"",""인천광역시 연수구 송"",""무인 항공기 및 무인 비행장치 제조업"",""무인항공기(드론)"",""20260224""
""경방신약(주)"",""인천광역시 남동구 남"",""합성의약품 및 기타 완제 의약품 제조업 외 1 종"",""한방의약품, 완제 의약품(비타민 제제, 지사제 , 구충제 등)"",""20260224""
""신한산업(주)"",""인천광역시 남동구 남"",""금속 캔 및 기타 포장용기 제조업 외 2 종"",""생맥주통 , 고무패킹 제조, 고무패킹 제조"",""20260224""
""(주)이스틴"",""인천광역시 남동구 은"",""화장품 제조업"",""젤네일"",""20260224""
""(주)조앤스마일"",""인천광역시 남동구 능"",""절삭가공 및 유사처리업"",""방송통신장비 부품, 기계장치 부품"",""20260224""
""대동칼라인쇄"",""인천광역시 남동구 능"",""골판지 제조업 외 3 종"",""포장용 박스, 포장용 박스, 포장용 박스, 포장용 박스"",""20260224""
""영림산업(주)제6공장"",""인천광역시 남동구 남"",""주방용 및 음식점용 목재가구 제조업 외 1 종"",""주방가구, 주방가구"",""20260224""
""해안실업(주)"",""인천광역시 남동구 앵"",""일반 제재업 외 1 종"",""조경재 및 각재, 조경재 및 각재"",""20260224""
""(주)소닉컴텍"",""인천광역시 부평구 부"",""무기 및 총포탄 제조업 외 10 종"",""유무선장비 케이블, 군수품(무기부품 등), 조종수패널, 확성기세트, 리튬전지류, 전지, 회로카드 조립체외,"",""20260224""
""슬기로운가구"",""인천광역시 서구 가현"",""금속 가구 제조업"",""철재 침대"",""20260224""
""푸드트리"",""인천광역시 서구 소담"",""도시락류 제조업 외 1 종"",""도시락"",""20260224""
""디제이푸드"",""인천광역시 서구 보듬"",""천연 및 혼합조제 조미료 제조업"",""떡볶이 분말소스"",""20260224""
""에스제이(주)"",""인천광역시 서구 보듬"",""질소화합물, 질소, 인산 및 칼리질 화학비료 제조업"",""미량요소비료"",""20260224""
""엠제이퍼니싱(주)"",""인천광역시 서구 도담"",""일반용 전기 조명장치 제조업"",""씽크조명장치"",""20260224""
""한올데코"",""부산광역시 사상구 학"",""침구 및 관련제품 제조업"",""/"",""20260224""
""영동테크"",""대구광역시 북구 3공?,""전기회로 개폐, 보호장치 제조업 외 2 종"",""가로등, 보안등 자동점멸기, 가로등, 보안등 자동점멸기, 가로등, 보안등 자동점멸기"",""20260224""
""아이엠로보틱스(주)"",""대구광역시 북구 검단"",""산업용 로봇 제조업"",""산업용 로봇 자동화 시스템, 자율이동로봇"",""20260224""
""두창블라인드"",""대구광역시 달서구 성"",""커튼 및 유사제품 제조업 외 1 종"",""블라인드, 블라인드"",""20260224""
""한국OSG(주)"",""대구광역시 달서구 달"",""톱 및 호환성 공구 제조업 외 3 종"",""탭,엔드밀,드릴, 탭,엔드밀,드릴, 탭,엔드밀,드릴, 탭,엔드밀,드릴"",""20260224""
""(주)한국금거래소"",""서울특별시 종로구 돈"",""귀금속 및 관련제품 제조업"",""골드바  및 순금제품"",""20260224""
""(주)다미물산"",""서울특별시 종로구 종"",""근무복, 작업복 및 유사의복 제조업 외 5 종"",""남자용 겉옷, 여자용 겉옷, 셔츠 및 블라우스, 근무복, 작업복 및 유사의복, 기타 봉제의복, 편조의복"",""20260224""
""성원에이씨공업(주)"",""서울특별시 구로구 부"",""기어 및 동력전달장치 제조업 외 2 종"",""동력장치 모터 웜 기어, 항공기부품, 자동차부품"",""20260224""
""(주)마이크로디지털"",""서울특별시 금천구 가"",""비디오 및 기타 영상기기 제조업"",""CCTV카메라, DVR"",""20260224""
""주식회사브레인드롭"",""서울특별시 영등포구"",""기타 기초 유기화학 물질 제조업"",""방염액"",""20260224""
""(주)일진에이엔씨"",""부산광역시 사하구 다"",""모피 및 가죽 제조업"",""원피"",""20260224""
""동양제강주식회사 2공장"",""부산광역시 사하구 홍"",""끈 및 로프 제조업"",""끈 및 로프"",""20260224""
""정익정밀"",""부산광역시 사하구 을"",""기타 구조용 금속제품 제조업"",""유압부품"",""20260224""
""(유)대진엔지니어링"",""전북특별자치도 김제?,""배전반 및 전기 자동제어반 제조업 외 4 종"",""배전반. 자동제어반. 프로세스제어반, 배전반. 자동제어반. 프로세스제어반, 배전반. 자동제어반. 프로세스"",""20260225""
""에스씨컴퍼니"",""전북특별자치도 김제?,""그 외 자동차용 신품 부품 제조업"",""특장차 붐 및 구조물"",""20260225""
""유한회사 이지스건설"",""전북특별자치도 완주?,""금속 문, 창, 셔터 및 관련제품 제조업 외 7 종"",""폴리우레아 수지 도막 방수재, 폴리우레아 수지 도막 방수재, 오수 및 하수관, 드레인바, 수문, 드레인바,"",""20260225""
""(주)케이씨피"",""경상남도 함안군 함안"",""건설 및 채광용 기계장비 제조업 외 4 종"",""콘크리트펌프, 차체 및 특장차 제조, 토목공사 및 유사용 기계장비 제조, 차체 및 특장차 제조, 차체 및 특"",""20260225""
""코션"",,""그 외 기타 분류 안된 금속 가공 제품 제조업"",""고소작업대, 씨저스"",""20260225""
""(재)제주테크노파크"",""제주특별자치도 제주?,""기타 비알코올 음료 제조업 외 9 종"",""음료, 식품, 화장품"",""20260225""
""농업회사법인 밭 주식회사"",""강원특별자치도 춘천?,""과자류 및 코코아 제품 제조업 외 1 종"",""아이스크림류, 과자류"",""20260225""
""(주)만경"",""강원특별자치도 춘천?,""침구 및 관련제품 제조업 외 1 종"",""침구,가방,홈패션, 침구,가방,홈패션"",""20260225""
""대진기계(주)"",""강원특별자치도 동해?,""육상 금속 골조 구조재 제조업 외 1 종"",""금속조립"",""20260225""
""오대콘주식회사"",""강원특별자치도 철원?,""콘크리트 타일, 기와, 벽돌 및 블록 제조업"",""콘크리트 타일, 기와, 벽돌 및 블록 제조업"",""20260225""
""도도정보통신 주식회사"",""경상남도 진주시 동부"",""비디오 및 기타 영상기기 제조업"",""버스차량 정보안내장치"",""20260225""
""이노폴리텍(주)"",""경상남도 진주시 지수"",""합성수지 및 기타 플라스틱 물질 제조업 외 1 종"",""합성수지, 합성수지"",""20260225""
""지엠코퍼레이션"",""경상남도 사천시 사남"",""항공기용 부품 제조업 외 1 종"",""전기, 항공기용 부품"",""20260225""
""(주)신화엔지니어링"",""경상남도 김해시 진례"",""전기회로 접속장치 제조업"",""산업용품"",""20260225""
""(주)보영그레이팅"",""경상남도 김해시 한림"",""구조용 금속 판제품 및 공작물 제조업"",""그레이팅"",""20260225""
""대일농자재"",""경상북도 김천시 남면"",""기타 구조용 금속제품 제조업"",""비닐하우스 철자재 및 플라스틱 부속"",""20260225""
""오성플랜트 주식회사"",""경상북도 김천시 남면"",""금속탱크 및 저장용기 제조업 외 1 종"",""산업용 탱크, 산업용 탱크"",""20260225""
""(주)컨셉션"",""경상북도 구미시 산호"",""전자 응용 절삭기계 제조업 외 16 종"",""3D프린터, 전자부품제작 등, -, -, -, -, -, -, -, -, -, -, -, -, -, -, -, -"",""20260225""
""엘씨텍(주)"",""경상북도 구미시 수출"",""기기용 자동측정 및 제어장치 제조업 외 3 종"",""모터, 모터, 모터, 모터"",""20260225""
""(주)티에스피"",""경상북도 구미시 옥계"",""그 외 기타 전자부품 제조업"",""LEAD FRAME, 금형"",""20260225""
""주식회사 우진솔루션"",""경상북도 구미시 옥계"",""절삭가공 및 유사처리업"",""부품 가공"",""20260225""
""(주)혜성텍"",""경상북도 구미시 산동"",""주형 및 금형 제조업 외 1 종"",""금형, 금속가공"",""20260225""
""제이드"",""경상북도 구미시 산동"",""기타 가정용 전기기기 제조업"",""헤어드라이기"",""20260225""
""휴몬트테크"",""경상북도 구미시 산동"",""기타 가정용 전기기기 제조업 외 1 종"",""족욕기, 등산스틱, 등산의자"",""20260225""
""농업회사법인(주)지엔에프앤비"",""경상북도 성주군 용암"",""장류 제조업"",""과채가공품"",""20260225""
""케이엠지엔지니어링(주)"",""경상북도 칠곡군 왜관"",""농업 및 임업용 기계 제조업"",""건조저장용기구제조(농업용)"",""20260225""
""마이주식회사(M.A.I CO., LTD)"",""경상남도 창원시 성산"",""절삭가공 및 유사처리업"",""전투용 차량 부품(실린더, 브라켓류)"",""20260225""
""농업회사법인 주식회사 산과들"",""전라남도 장흥군 안양"",""복합비료 및 기타 화학비료 제조업 외 1 종"",""유기질비료, 유기질비료"",""20260225""
""오에스라이테크 주식회사"",""전라남도 진도군 고군"",""일반용 전기 조명장치 제조업 외 12 종"",""해상 부유구조물, 친환경 부표, 해상 부유구조물, 해상 부유구조물, 친환경 부표, 가로등주, 조형물, 태양"",""20260225""
""티씨씨엔지니어링(주)"",""경상북도 포항시 남구"",""그 외 기타 1차 철강 제조업"",""산업기계제작"",""20260225""
""(주)크리버코리아"",""경상북도 포항시 남구"",""윤활유 및 그리스 제조업"",""윤활유제조"",""20260225""
""태창철강(주)"",""경상북도 포항시 남구"",""그 외 기타 1차 철강 제조업"",""열연, SHEET"",""20260225""
""영진기업(주) 2공장"",""경상북도 경주시 외동"",""자동차용 신품 의자 제조업"",""자동차 시트부품"",""20260225""
""(주)정풍 2공장"",""경상북도 경주시 외동"",""자동차 차체용 신품 부품 제조업"",""자동차 부분품(범퍼)"",""20260225""
""(주)지비엔텍"",,""반도체 제조용 기계 제조업"",""반도체 제조용 기계부품반도체 패키지:포장설비부품)"",""20260225""
""농업회사법인 비에프씨 주식회사"",""충청남도 천안시 서북"",""그 외 기타 종이 및 판지 제품 제조업"",""친환경 농업용 끈"",""20260225""
""(주)디엠티"",""충청남도 아산시 인주"",""그 외 자동차용 신품 부품 제조업 외 3 종"",""자동차 부품, 조향장치 및 현가 장치, 제동장치, 자동차 부품"",""20260225""
""(주)디엠티"",""충청남도 아산시 인주"",""자동차용 신품 조향장치 및 현가 장치 제조업 외 3 종"",""자동차부품 도금 및 가공, 조향장치 및 현가 장치, 제동장치, 자동차 부품"",""20260225""
""동진파일주식회사"",""충청남도 서산시 고북"",""콘크리트 관 및 기타 구조용 콘크리트 제품 제조업"",""콘크리트파일"",""20260225""
""아성크린후로텍(주)"",""충청남도 당진시 송악"",""고무, 화학섬유 및 플라스틱 성형기 제조업 외 7 종"",""플라스틱성형기,플라스틱금형, 플라스틱성형기,플라스틱금형, 플라스틱성형기,플라스틱금형, 플라스틱성형"",""20260225""
""(주)에이스시스템"",""충청남도 금산군 복수"",""플라스틱 창호 제조업"",""PVC 창호"",""20260225""
""대달인터내셔널주식회사"",""충청남도 예산군 고덕"",""그 외 기타 분류 안된 화학제품 제조업 외 1 종"",""화장품원료, 에폭시 반응성 희석제, 화장품원료, 에폭시 반응성 희석제"",""20260225""
""(주)지본코스메틱"",""전라남도 순천시 서면"",""화장품 제조업 외 9 종"",""탈취제,소독제,세제류,화장품,액상비누(스크럽),손살균제(플루겔),바디워시,샴푸, 탈취제,소독제,세제류,화"",""20260225""
""클라시커 주식회사 제2공장"",""경기도 포천시 신북면"",""플라스틱 시트 및 판 제조업"",""플라스틱보드(판)"",""20260225""
""(주)세노텍"",""충청북도 청주시 흥덕"",""기타 이차전지 제조업 외 8 종"",""Coil 전자전기 부품, Coil 전자전기 부품, 피부마사지기, 체온계, 이차전지 배터리팩 BMS, ESS 등, 피부마"",""20260225""
""(주)스마일테크"",""충청북도 청주시 청원"",""육상 금속 골조 구조재 제조업 외 3 종"",""건축용내.외장판넬및강판, 금속공작물, 건축용내.외장판넬및강판, 금속공작물, 건축용내.외장판넬및강판,"",""20260225""
""경방"",""충청북도 제천시 바이"",""치약, 비누 및 기타 세제 제조업"",""치약, 비누, 샴푸, 바디워시"",""20260225""
""(주)와이에스씨엔씨"",""충청북도 보은군 장안"",""기타 절연선 및 케이블 제조업"",""전선 및 케이블"",""20260225""
""(주)엔이엔씨"",""경기도 화성시 만세구"",""운송장비용 공기 조화장치 제조업"",""송풍기 및 소음기"",""20260225""
""(주)한들종합조경"",""경기도 광주시 봉골길"",""그 외 기타 나무제품 제조업 외 2 종"",""목재 조경시설, ., 철제 조경시설"",""20260225""
""태경"",""경기도 광주시 초월읍"",""금속선 가공제품 제조업 외 1 종"",""철선, 옷걸이"",""20260225""
""(주)아이엠피"",""경기도 양주시 화합로"",""유선 통신장비 제조업 외 24 종"",""음향기기 등, 음향기기 등, 음향기기 등, 음향기기 등, 음향기기 등, 음향기기 등, 음향기기 등, 음향기기"",""20260225""
""GK통상"",""경기도 양주시 평화로"",""그 외 기타 의복액세서리 제조업"",""지갑, 벨트"",""20260225""
""(주)아이엠피"",""경기도 양주시 광적면"",""유선 통신장비 제조업 외 25 종"",""음향기기 등, 음향기기 등, 음향기기 등, 음향기기 등, 음향기기 등, 음향기기 등, 음향기기 등, 음향기기"",""20260225""
""(주)협진정공"",""경기도 양주시 광적면"",""그 외 기타 플라스틱 제품 제조업 외 22 종"",""텐트, 기타의류, 멜빵, 남자옷, 여자옷, 속옥, 잠옷, 셔츠, 브라우스, 의복, 의복, 편조의복, 기타 의류관"",""20260225""
""금호석재"",""경기도 포천시 삼육사"",""기타 석제품 제조업"",""석 조형물"",""20260225""
""(주)강명"",""경기도 포천시 해룡로"",""매트리스 및 침대 제조업"",""매트리스"",""20260225""
""한일정밀화학"",""경기도 포천시 해룡로"",""운송장비 조립용 플라스틱제품 제조업 외 2 종"",""운송장비 부품, 스킨스테이플러 ,커피캡슐바디, 스킨스테이플러 ,커피캡슐바디"",""20260225""
""동해씨푸드"",""경기도 포천시 내촌면"",""수산동물 건조 및 염장품 제조업"",""오징어"",""20260225""
""(주)티움코리아"",""경기도 김포시 하성면"",""배전반 및 전기 자동제어반 제조업"",""배전반"",""20260225""
""세우전기(주)"",""경기도 김포시 하성면"",""배전반 및 전기 자동제어반 제조업"",""수배전반,분전반,모터제어반"",""20260225""
""주식회사 다성피앤에프"",""경기도 김포시 하성면"",""플라스틱 접착처리 제품 제조업 외 1 종"",""., 산업용보호테이프"",""20260225""
""(주)누리코렌스텍"",""경기도 화성시 만세구"",""자동차 차체용 신품 부품 제조업"",""자동차부품"",""20260225""
""주식회사 루건"",""경기도 화성시 만세구"",""가정용 및 산업용 공기 조화장치 제조업 외 1 종"",""에어샤워, 패스박스, 에어샤워, 패스박스"",""20260225""
""(주)유진엔지니어링 제1공장"",""경기도 화성시 만세구"",""기기용 자동측정 및 제어장치 제조업 외 1 종"","" , 소독약자동투입기, 무전원 수위조절기, 전자제어투입기"",""20260225""
""(주)유진이엔티"",""경기도 화성시 만세구"",""산업용 냉장 및 냉동 장비 제조업 외 1 종"",""냉동기 열교환기, 냉동기 열교환기"",""20260225""
""경성"",""경기도 화성시 만세구"",""그 외 기타 금속가공업 외 1 종"",""철근가공, 전기"",""20260225""
""일진판넬"",""경기도 시흥시 마유로"",""구조용 금속 판제품 및 공작물 제조업"",""알루미늄제품"",""20260225""
""(주)아이젠텍"",""경기도 용인시 기흥구"",""체외 진단 시약 제조업"",""카트리지형 체외진단용 의료기기와 분석기기"",""20260225""
""브룩스오토메이션아시아(주)"",""경기도 용인시 기흥구"",""반도체 제조용 기계 제조업"",""반도체부품조립"",""20260225""
""(주)오리엔트라이트"",""경기도 용인시 기흥구"",""전시 및 광고용 조명장치 제조업"",""안내전광판"",""20260225""
""디엠바인딩"",""경기도 파주시 고봉로"",""제책업"",""캘린더, 수출용교재, 노트"",""20260225""
""주식회사 온누리전산"",""경기도 파주시 교하로"",""문구용 종이제품 제조업 외 1 종"",""전산용지 제작, 전산용지 제작"",""20260225""
""(주)코스메틱코리아"",""경기도 파주시 탄현면"",""그 외 기타 플라스틱 제품 제조업"",""플라스틱미용용품"",""20260225""
""영광이엔지"",""경기도 안성시 원곡면"",""볼트 및 너트류 제조업"",""CNC 가공품(볼트/너트류)"",""20260225""
""(주)인피니타"",""경기도 안산시 단원구"",""그 외 기타 의료용 기기 제조업"",""의료기기부품"",""20260225""
""(주)포스코모빌리티솔루션"",""경기도 안산시 단원구"",""냉간 압연 및 압출 제품 제조업"",""스테인리스 압연 제조"",""20260225""
""다원전자"",""경기도 안산시 단원구"",""인쇄회로기판용 적층판 제조업 외 2 종"","" ,  , FPCB"",""20260225""
""대진기업"",""경기도 안산시 단원구"",""절삭가공 및 유사처리업 외 1 종"",""기계부품, 압연롤"",""20260225""
""도모코리아"",""경기도 안산시 단원구"",""금속 절삭기계 제조업 외 2 종"",""금형(핸드폰 케이스) 임가공, 반도체 및 자동차 부품 제조기계, 머시닝센터(CNC) 등"",""20260225""
""주식회사 뉴에이지원"",""경기도 시흥시 포도원"",""전자코일, 변성기 및 기타 전자 유도자 제조업 외 2 종"",""전자코일 유도자, 산업용 코일, 칫솔 살균기, 포충기, 소형 금속 명판, 전자코일 유도자, 산업용 코일, 칫"",""20260225""
""케이엔시시스템"",""경기도 시흥시 금오로"",""배전반 및 전기 자동제어반 제조업"",""전동창개폐기 및 전원반, 수신반제조"",""20260225""
""캔버스-케이"",""경기도 시흥시 월곶중"",""전시 및 광고용 조명장치 제조업 외 3 종"",""LED경관조명기구, LED경관조명기구, LED경관조명기구, LED경관조명기구"",""20260225""
""(주)엑센"",""경기도 시흥시 산기대"",""날염 가공업"",""날염"",""20260225""
""(주)코원"",""경기도 시흥시 산기대"",""그 외 기타 전자부품 제조업 외 4 종"",""스텐레스전자부품, 자동차차체용부품, 전자부품 도장, 스텐레스전자부품, 자동차차체용부품, 전자부품 도장"",""20260225""
""대연시스템"",""경기도 시흥시 마유로"",""절삭가공 및 유사처리업"",""반도체 장비 부품"",""20260225""
""미크론"",""경기도 시흥시 마유로"",""그 외 기타 전자부품 제조업 외 2 종"",""터보 블로우, Shaff, 반도체부품, Bearing Housing"",""20260225""
""동광전자(주)"",""경기도 안양시 만안구"",""방송장비 제조업 외 10 종"",""브래킷, 비상경보기, 구내방송장치, 오디오모니터, 오디오믹서, 전원공급장치, 전원공급장치, 브래킷, 플러"",""20260225""
""주식회사 트래쉬버스터즈"",""경기도 안양시 만안구"",""구조용 금속 판제품 및 공작물 제조업"",""축제·행사용 금속 구조물"",""20260225""
""(주)도시환경개발"",""경기도 안양시 동안구"",""간판 및 광고물 제조업 외 2 종"",""간판 안내판, 광고판, 프레임, 안내판걸이구"",""20260225""
""주식회사 에이치케이글로벌"",""경기도 안양시 동안구"",""광학렌즈 및 광학요소 제조업"",""열상렌즈"",""20260225""
""주식회사 하이비티"",""경기도 안양시 동안구"",""배전반 및 전기 자동제어반 제조업"",""빌딩자동제어장치"",""20260225""
""(주)지아이에스"",""경기도 안양시 동안구"",""배전반 및 전기 자동제어반 제조업 외 5 종"",""반도체장비, 무인항공기(드론) 등, 반도체장비, 무인항공기(드론) 등, 반도체장비, 무인항공기(드론) 등,"",""20260225""
""에이스공조(주)"",""경기도 안양시 동안구"",""가정용 및 산업용 공기 조화장치 제조업 외 6 종"",""공기조화기, 팬코일유니트, 공기조화기, 팬코일유니트, 정보서비스, 정보서비스, 정보서비스, 정보서비스,"",""20260225""
""(주)이레파마텍"",""경기도 부천시 원미구"",""음ㆍ식료품 및 담배 가공기계 제조업 외 1 종"",""기계제조, 자동화기계(충진기)"",""20260225""
""썬애드"",""경기도 부천시 소사구"",""적층, 합성 및 특수표면처리 종이 제조업"",""광고물부착방지물"",""20260225""
""지테크"",""경기도 부천시 오정구"",""그 외 기타 전자부품 제조업"",""인쇄회로기판 실장 부품(PBA), 전자회로기판 조립품, SMT (Surface Mount Technology) 가공품"",""20260225""
""(주)제이와이엔지니어링"",""경기도 평택시 서탄면"",""디스플레이 제조용 기계 제조업"",""디스플레이 제조 장비(HPCP)"",""20260225""
""(주)제이와이엔지니어링"",""경기도 평택시 서탄면"",""디스플레이 제조용 기계 제조업"",""디스플레이 제조 장비(HPCP)"",""20260225""
""디아이테크(D.I.TECH)"",""경기도 안산시 단원구"",""이동전화기 제조업"",""PROBE PIN(핸드폰 검사모듈)"",""20260225""
""(주)삼경이엔지"",""경기도 안산시 단원구"",""절삭가공 및 유사처리업"",""기계부품"",""20260225""
""(주)씨에스캠"",""경기도 안산시 단원구"",""치약, 비누 및 기타 세제 제조업"",""자동세차기용 세제"",""20260225""
""(주)에이제이팜"",""광주광역시 광산구 하"",""농업 및 임업용 기계 제조업"",""기계제조"",""20260225""
""(주)제이에스더블유테크놀러지"",""광주광역시 광산구 하"",""가정용 및 산업용 공기 조화장치 제조업 외 1 종"",""전기기기, 공조기기"",""20260225""
""(주)케이랩스"",""울산광역시 남구 테크"",""디지털 적층 성형기계 제조업 외 3 종"",""3D프린팅, 3D프린팅, 3D프린팅, 3D프린팅"",""20260225""
""(주) 농비"",""울산광역시 남구 용잠"",""복합비료 및 기타 화학비료 제조업"",""액체비료(토양미생물제제)"",""20260225""
""티에스켐텍(주)"",""울산광역시 울주군 온"",""기타 기초 무기 화학물질 제조업"",""수산화마그네슘, 황산마그네슘, 규산나트륨"",""20260225""
""(주) 디에스엠알"",""울산광역시 울주군 서"",""절삭가공 및 유사처리업"",""레이저철판가공"",""20260225""
""주식회사 사람이편한세상"",""울산광역시 울주군 웅"",""기타 구조용 금속제품 제조업 외 1 종"",""논슬립패드, 볼라드, 볼라드점자판, 안내판"",""20260225""
""주식회사 서일미디어"",""세종특별자치시 보듬8"",""경 인쇄업 외 4 종"",""책 인쇄, 디자인 기획, 제본, 인터넷 주문, 행사 대행"",""20260225""
""(주)코즈"",""경기도 수원시 권선구"",""반도체 제조용 기계 제조업"",""반도체 검사 장비"",""20260225""
""(주)파워라이프"",""경기도 수원시 권선구"",""기타 전기 변환장치 제조업"",""전원변환장치"",""20260225""
""신진에스엠디에스(주)"",""경기도 수원시 권선구"",""그 외 금속 압형제품 제조업"",""알루미늄 제조"",""20260225""
""(주)지피케이"",""인천광역시 남동구 호"",""기타 표시장치 제조업 외 1 종"",""반도체용 히터, 어플리케이터"",""20260225""
""주식회사 마스터비전"",""인천광역시 남동구 호"",""전구 및 램프 제조업"",""전구, 조명장치 등"",""20260225""
""(주)에이럭스 인천지점"",""인천광역시 부평구 부"",""무인 항공기 및 무인 비행장치 제조업 외 1 종"",""교육용 드론 등"",""20260225""
""(주)진일부품"",""인천광역시 부평구 주"",""유선 통신장비 제조업 외 6 종"",""스프링,선세공, 인덕터, 스프링,선세공, 인덕터, 스프링,선세공, 인덕터, 스프링,선세공, 인덕터, 스프링,"",""20260225""
""(주)해모"",""인천광역시 서구 가재"",""수동식 식품 가공기기 및 금속 주방용기 제조업"",""스테인리스 주방용품"",""20260225""
""(주)그래코리아"",""인천광역시 서구 보듬"",""일반용 도료 및 관련제품 제조업 외 3 종"",""수성페인트, 비산먼지방지제, 토양안정제, 토양개량제"",""20260225""
""(주)우미산업"",""부산광역시 강서구 울"",""목재문 및 관련제품 제조업 외 2 종"",""목제가구, 목제마루재, 목제제품"",""20260225""
""나라드라이브(주)"",""부산광역시 강서구 낙"",""기어 및 동력전달장치 제조업"",""커플링, 감속기, 기어"",""20260225""
""(주)하이드로파"",""부산광역시 강서구 녹"",""전동기 및 발전기 제조업 외 1 종"",""전력변환설비, 에너지 변환설비"",""20260225""
""로박스"",""부산광역시 강서구 미"",""체조, 육상 및 체력단련용 장비 제조업 외 1 종"",""운동기구 / 인테리어 용품, 운동기구 / 인테리어 용품"",""20260225""
""주식회사 디에이치콘트롤스"",""부산광역시 강서구 미"",""선박 구성 부분품 제조업"",""SCR HP / EGR 밸브"",""20260225""
""(주)삼마기업"",""부산광역시 사상구 낙"",""유선 통신장비 제조업 외 22 종"",""강관 가공품, 금속조립재, 군수품(무기부품 등), 유무선 장비, 생산품, 무선 통신장비, 생산품, 생산품, 생"",""20260225""
""천오컴퍼니"",""대구광역시 서구 문화"",""합성섬유 제조업 외 1 종"",""섬유원단, 태양광 발전"",""20260225""
""(주)그린케미컬"",""대구광역시 북구 3공?,""치약, 비누 및 기타 세제 제조업"",""발포세제"",""20260225""
""(주)이안테크"",""대구광역시 달서구 달"",""그 외 기타 고무제품 제조업"",""오일씰, 전자부품 패킹"",""20260225""
""(주)맥시멈솔루션"",""대구광역시 달서구 달"",""용기 세척, 포장 및 충전기 제조업"",""포장기, 물류자동화 기계"",""20260225""
""이안테크"",""대구광역시 달서구 성"",""그 외 자동차용 신품 부품 제조업"",""자동차 부품 조립"",""20260225""
""주식회사 에이핏"",""서울특별시 강북구 삼"",""남자용 겉옷 제조업 외 6 종"",""남자용 겉옷, 여자용 겉옷, 편조의복, 셔츠 및 블라우스, 근무복, 작업복 등, 봉제의복, 의복액세서리"",""20260225""
""(주)아쿠론"",""서울특별시 구로구 디"",""방송장비 제조업"",""CCTV"",""20260225""
""나루지퍼(주)"",""서울특별시 금천구 디"",""단추 및 유사 파스너 제조업"",""지퍼"",""20260225""
""아이피시스(주)"",""서울특별시 금천구 벚"",""운송장비용 이차전지 제조업 외 4 종"",""ESS, -, 인버터, 배터리팩, 리튬이온배터리"",""20260225""
""유비씨엔(주)"",""서울특별시 금천구 가"",""사무용 기계 및 장비 제조업 외 1 종"",""무인결제단말기, Platform S/W"",""20260225""
""현준테크(주)"",""서울특별시 금천구 가"",""배전반 및 전기 자동제어반 제조업"",""전기자동제어반"",""20260225""
""(주)창광엔지니어링"",""부산광역시 영도구 해"",""선박 구성 부분품 제조업"",""분뇨마쇄소독장치"",""20260225""
""주식회사 바른솔루션"",""부산광역시 영도구 해"",""선박 구성 부분품 제조업"",""선박구성부분품, 선박수리"",""20260225""
""대림산업 구평공장"",""부산광역시 사하구 감"",""그 외 기타 금속가공업"",""선박용 송풍기"",""20260225""
""(주)주석산업개발"",""전북특별자치도 군산?,""배전반 및 전기 자동제어반 제조업 외 1 종"",""수배전반, 분전반, 태양광구조물 및 계기반, 자동화판넬, 금속재기타울타리제조"",""20260226""
""(주)한농화성"",""전북특별자치도 군산?,""계면활성제 제조업 외 1 종"",""기초 유기화학물질"",""20260226""
""(주)지평선에너지"",""전북특별자치도 군산?,""그 외 기타 분류 안된 화학제품 제조업"",""열분해유"",""20260226""
""케이디자인"",""전북특별자치도 익산?,""간판 및 광고물 제조업 외 2 종"",""현수막, 브로셔, 명함, 간판, 안내판, 현수막, 브로셔, 명함, 제활용분리수거하우스, 버스승강장, 흡연부스"",""20260226""
""디와이 이노베이트(주)"",""전북특별자치도 익산?,""차체 및 특장차 제조업 외 11 종"","" ,  ,  ,  ,  ,  ,  ,  ,  , 특장차,크레인,세차기,  ,"",""20260226""
""(주)코아바이오"",""전북특별자치도 익산?,""기타 비알코올 음료 제조업"",""기타비알콜음료(콤부차)"",""20260226""
""(주)세형글라스텍"",""전북특별자치도 정읍?,""안전유리 제조업"",""유리"",""20260226""
""에이원테크"",""경상남도 양산시 웅상"",""그 외 자동차용 신품 부품 제조업"",""자동차용 접착 필름"",""20260226""
""(주)케이푸드글로벌"",""경상남도 창녕군 도천"",""식물성 유지 제조업 외 2 종"",""참기름, 볶음참깨, 국수(보리국수)"",""20260226""
""윤성제어기술 주식회사"",""제주특별자치도 제주?,""배전반 및 전기 자동제어반 제조업 외 3 종"",""배전반, 자동제어반, 프로세서제어반, 태양광발전장치, 배전반, 자동제어반, 프로세서제어반, 태양광발전장"",""20260226""
""(주)레오메딕스 원주지점"",""강원특별자치도 원주?,""그 외 기타 의료용 기기 제조업"",""체내형범용프로브"",""20260226""
""(주)스페이스업"",""강원특별자치도 원주?,""천막, 텐트 및 유사 제품 제조업 외 8 종"",""막구조물, 금속지붕, 조립식구조제, 조립식건물, 철물제조,  ,  , 조형물, 음압격리병실"",""20260226""
""주식회사 기리네"",""강원특별자치도 홍천?,""기타 과실ㆍ채소 가공 및 저장 처리업"",""표고버섯칩, 더덕칩, 인삼칩"",""20260226""
""YG메탈"",""경상남도 창원시 진해"",""그 외 기타 금속가공업 외 3 종"",""배관 및 이음쇠 제조, 배관 및 이음쇠 제조, 배관 및 이음쇠 제조, 배관 및 이음쇠 제조"",""20260226""
""모텍스어패럴"",""경상남도 김해시 분성"",""셔츠 및 블라우스 제조업 외 3 종"",""체육복외, 체육복외, 체육복외, 체육복외"",""20260226""
"" 아이엠티(IMT)"",""경상남도 김해시 서김"",""그 외 기타 특수목적용 기계 제조업"",""자동화설비"",""20260226""
""금영테크"",""경상남도 김해시 서김"",""절삭가공 및 유사처리업"",""밀링가공"",""20260226""
""화신특수섬유휠타(주)"",""분성로569번길 31 외"",""면직물 직조업 외 26 종"",""여과포,백필터 외 기타직물, 여과포,백필터 외 기타직물, 여과포,백필터 외 기타직물, 여과포,백필터 외 기"",""20260226""
""(주)재우정공"",""경상남도 김해시 진영"",""항공기용 부품 제조업"",""항공기 치공구, 부품, 발사체 부품"",""20260226""
""(주)앤드메이드"",""경상남도 김해시 주촌"",""그 외 기타 의료용품 및 의약 관련제품 제조업"",""셀룰아이즈"",""20260226""
""주식회사 씨퀘스트산업"",""경상남도 김해시 한림"",""증류기, 열교환기 및 가스발생기 제조업"",""증유기, 열교환기 등"",""20260226""
""(주)유피테크 지점"",""경상북도 구미시 수출"",""그 외 기타 전자부품 제조업"",""METAL MASK"",""20260226""
""엘제이에이치(LJH)"",""경상북도 구미시 수출"",""절삭가공 및 유사처리업"",""휴대폰 금형"",""20260226""
""일성컴파짓(주)"",""경상북도 구미시 1공?,""그 외 기타 분류 안된 섬유제품 제조업"",""탄소 섬유 SMC SHEET 제품 제조"",""20260226""
""평화상사"",""경상북도 구미시 산호"",""주형 및 금형 제조업"",""금형부품소재"",""20260226""
""영진포장(주)"",""경상북도 구미시 4공?,""골판지 상자 및 가공제품 제조업"",""골판지 상자"",""20260226""
""(주)대현특수강"",""경상북도 구미시 산동"",""절삭가공 및 유사처리업"",""자동차부품, 전자부품 등"",""20260226""
""(주)코아오토모티브"",""경상북도 의성군 의성"",""자동차용 신품 전기장치 제조업"",""전기자동차 모터&코어"",""20260226""
""애드윈어로지점"",""경상북도 칠곡군 북삼"",""그 외 기타 플라스틱 제품 제조업"",""자동차 범프가드, 스포일러"",""20260226""
""(주)스마트케어"",""경상남도 창원시 성산"",""컴퓨터 프린터 제조업"",""프린터"",""20260226""
""일진산업(주)"",""경상남도 창원시 마산"",""산업용 냉장 및 냉동 장비 제조업 외 1 종"",""동파이프, 냉장고부분품, 에어콘부분품"",""20260226""
""일진산업(주) 2공장"",""경상남도 창원시 마산"",""산업용 냉장 및 냉동 장비 제조업 외 1 종"",""동파이프, 에어컨 실내외기 Assembly"",""20260226""
""(주)씨더블유에이치텍"",""전라남도 담양군 담양"",""액체 펌프 제조업 외 11 종"",""금속기둥 등, 영상감지장치, 금속기둥 등, 영상감지장치, 금속기둥 등, 영상감지장치, 금속기둥 등, 영상감"",""20260226""
""주식회사 에이치티"",""전라남도 진도군 고군"",""일반 제재업 외 2 종"",""목재, 천연목재, 합성목재, 방부목, 난간, 디자인울타리, 논슬립"",""20260226""
""(주)대성산업"",""경상북도 경주시 서면"",""플라스틱 선, 봉, 관 및 호스 제조업"",""PVC파이프"",""20260226""
""주식회사 나우이노"",""경상북도 김천시 해오"",""기타 무선 통신장비 제조업 외 15 종"",""prc-999k 부품, 지뢰살포기 분배함, 낙뢰보호기, 케이블조립체, 절연코드세트, 장갑차호스조립체, 송수화기"",""20260226""
""에스테맥스 코리아"",,""화장품 제조업"",""화장품"",""20260226""
""에이컴(주)"",""충청남도 보령시 청소"",""기타 조명장치 제조업 외 8 종"",""육상 금속 골조 구조재 제조, 수상 금속 골조 구조재 제조, 방송장비, 배전반, LED조명기구, LED조명기구,"",""20260226""
""두레산업"",""충청남도 아산시 선장"",""건설 및 채광용 기계장비 제조업"",""세륜기"",""20260226""
""(주)자우버"",,""위생용 종이제품 제조업 외 3 종"",""렌즈클리닝 일회용 티슈, 손소독 티슈, 가정용 소독제, 치약, 비누"",""20260226""
""(주)한국송풍기엔지니어링"",""충청남도 당진시 송악"",""기체 펌프 및 압축기 제조업 외 3 종"",""압축기, 공기순환용팬, 공기순환용팬, 공기순환용팬, 송풍기"",""20260226""
""삼진물산(주)"",""전라남도 목포시 산정"",""수산동물 훈제, 조리 및 유사 조제식품 제조업"",""참치통조림"",""20260226""
""(주) 일신석재"",""경기도 포천시 영중면"",""건설용 석제품 제조업"",""자연석경계석"",""20260226""
""여주시농협조합공동사업법인"",""경기도 여주시 점동면"",""곡물 도정업"",""쌀(백미,현미)"",""20260226""
""농업회사법인 (주)예소담"",""충청북도 청주시 흥덕"",""김치류 제조업 외 1 종"",""김치류, 김치류"",""20260226""
""한솔에너지온(주)"",""충청북도 청주시 흥덕"",""그 외 기타 전기장비 제조업"",""태양광 모듈"",""20260226""
""티에스엠(TSM)"",""충청북도 청주시 청원"",""절삭가공 및 유사처리업 외 2 종"",""철도차량부품, 철도차량부품, 철도차량부품"",""20260226""
""(주)충주이피에스"",""충청북도 충주시 대소"",""폴리스티렌 발포 성형제품 제조업"",""스티로폼"",""20260226""
""(주)금강비앤에프"",""충청북도 충주시 대소"",""기타 과실ㆍ채소 가공 및 저장 처리업 외 10 종"",""캔음료,통조림, 수산동물 훈제, 조리, 과실 및 그외 채소 절임식품, 곡물 가공품, 비알코올 음료, 천연 및"",""20260226""
""투케이캠퍼"",""충청북도 옥천군 군북"",""트레일러 및 세미트레일러 제조업"",""트레일러"",""20260226""
""이연쏠라스톤 주식회사"",""충청남도 천안시 동남"",""전시 및 광고용 조명장치 제조업 외 6 종"",""태양광특수블록(태양광석재품), 태양광특수블록(태양광석재품), 태양광특수블록(태양광석재품), 교통안전표"",""20260226""
""주식회사 케이디포스트"",""경기도 광주시 초월읍"",""금속 캔 및 기타 포장용기 제조업 외 2 종"",""점검구, 세대창고, 우편함"",""20260226""
""(주)누마스타"",""경기도 광주시 초월읍"",""그 외 기타 일반목적용 기계 제조업 외 6 종"",""., ., 전기온수기, ., 신발건조기, 식기세척기, 초음파세척기"",""20260226""
""주식회사 에이원"",""경기도 양주시 백석읍"",""인쇄잉크 및 회화용 물감 제조업"",""섬유용 인쇄잉크"",""20260226""
""(사)한국장애인환경지킴이실천협회 다온지점"",""경기도 김포시 김포한"",""가공 및 정제염 제조업 외 1 종"",""염화칼슘(제설제), 비식용소금(제설소금)"",""20260226""
""(주)부흥산전"",""경기도 김포시 양촌읍"",""승강기 제조업"",""승강기"",""20260226""
""(주)유진유체"",""경기도 김포시 양촌읍"",""유압기기 제조업 외 1 종"",""공기압축기, 산업용건조기 등"",""20260226""
""(주)디플럭스"",""경기도 김포시 양촌읍"",""전시 및 광고용 조명장치 제조업"",""LED네온사인"",""20260226""
""주식회사 예진에코텍"",""경기도 김포시 하성면"",""컨베이어장치 제조업 외 1 종"",""에어컨비이어, 벨트컨베이어"",""20260226""
""주은에스에스(주)"",""경기도 화성시 만세구"",""전자감지장치 제조업 외 1 종"",""누유센서, 누액센서, 플렌지밴드, 플렌지밴드 센서 , 희생양극"",""20260226""
""(주)성진산업"",""경기도 화성시 만세구"",""육상 금속 골조 구조재 제조업"",""철구조물"",""20260226""
""위텍시스템 주식회사"",""경기도 화성시 만세구"",""용기 세척, 포장 및 충전기 제조업 외 2 종"",""자동포장기, 산업용로봇, 자동포장기, 산업용로봇, 자동포장기, 산업용로봇"",""20260226""
""(주)영신팩"",""경기도 화성시 만세구"",""플라스틱 포대, 봉투 및 유사제품 제조업"",""수축라벨"",""20260226""
""에이텍코퍼레이션(주)"",""경기도 시흥시 군자천"",""그 외 기타 금속가공업"",""각종 일반 판금물"",""20260226""
""유니테크"",""경기도 시흥시 공단1?,""그 외 기타 금속가공업"",""제관 및 용접"",""20260226""
""이씨오주식회사"",""경기도 의왕시 한밭들"",""비디오 및 기타 영상기기 제조업"",""배리어프리키오스크 통신부품"",""20260226""
""제이에프기계"",""경기도 파주시 파주읍"",""그 외 기타 분류 안된 금속 가공 제품 제조업"",""기계부품, 기계제작"",""20260226""
""(주)엠케이펫"",""경기도 파주시 탄현면"",""단미 사료 및 기타 사료 제조업"",""동물성 단미사료"",""20260226""
""에프에스컨버팅"",""경기도 이천시 황무로"",""그 외 기타 종이 및 판지 제품 제조업 외 1 종"",""플라스틱용기 마개씰, 플라스틱용기 마개씰"",""20260226""
""(주)비오스"",""경기도 이천시 모가면"",""전동기 및 발전기 제조업 외 5 종"",""조립식모듈러건축물, 데크 플레이트, 발전기, 변압기, 에너지저장장치, 배전반 및 자동제어반"",""20260226""
""(주)성지제강"",""경기도 이천시 모가면"",""기타 건축용 나무제품 제조업 외 2 종"",""건축가설제, 건축가설제, 건축가설제"",""20260226""
""(주)오라퍼니처"",""경기도 안산시 단원구"",""주방용 및 음식점용 목재가구 제조업"",""주방가구,사무가구"",""20260226""
""(주)지엠디엑스"",""경기도 안산시 단원구"",""건설 및 채광용 기계장비 제조업"",""중장비(굴착기) 어태치먼트 부품 조립 (진동리퍼)"",""20260226""
""유한알엔디"",""경기도 안산시 단원구"",""그 외 기타 금속가공업"",""통신기기부품, 기구물, 의료기케이스 등"",""20260226""
""주식회사 비에스바이오"",""경기도 안산시 단원구"",""건강기능식품 제조업"",""식품타정알약"",""20260226""
""파인테크놀러지"",""경기도 안산시 단원구"",""그 외 자동차용 신품 부품 제조업"",""자동차시트부품,생산설비"",""20260226""
""와이제이텍스타일"",""경기도 안산시 단원구"",""솜 및 실 염색가공업"",""원단"",""20260226""
""아우어푸드"",""경기도 고양시 일산동"",""빵류 제조업"",""스콘,쿠키"",""20260226""
""(주)감동"",""경기도 시흥시 군자천"",""일반용 전기 조명장치 제조업 외 1 종"",""소방기구부품, 소방기구부품"",""20260226""
""(주)엠아이티플러스"",""경기도 시흥시 엠티브"",""그 외 기타 특수목적용 기계 제조업"",""자동차부품 제작용 기계"",""20260226""
""동화산업(주)"",,""금속류 해체 및 선별업 외 1 종"",""재생용 금속가공원료(가공고철), 재생용 금속가공원료(가공고철)"",""20260226""
""(주)라온시스"",""경기도 성남시 중원구"",""배전반 및 전기 자동제어반 제조업 외 1 종"",""배전반, -"",""20260226""
""(주)씨아이테크"",""경기도 성남시 중원구"",""기타 음향기기 제조업 외 8 종"",""-, -, -, -, -, -, -, -, -"",""20260226""
""(주)올로스코프"",""경기도 성남시 중원구"",""그 외 기타 의료용 기기 제조업"",""-"",""20260226""
""제너랄마이크로웨이브(주)"",""경기도 성남시 중원구"",""그 외 기타 전자부품 제조업"",""-"",""20260226""
""주식회사 중앙첨단소재"",""경기도 성남시 중원구"",""기타 광학기기 및 사진기 제조업 외 7 종"",""-, -, -, -, -, -, -, -"",""20260226""
""(주)포스텍"",""경기도 부천시 오정구"",""금속 캔 및 기타 포장용기 제조업 외 3 종"",""금속 용기, 철물, 철 골조, 의료기기 케이스"",""20260226""
""에스엘테크"",""경기도 부천시 오정구"",""유선 통신장비 제조업"",""가정용 의료기기"",""20260226""
""(주)나이스텍코리아"",""경기도 평택시 서탄면"",""금속 절삭기계 제조업"",""사이드밀러140, 사이드밀러210, 이지텝S1000"",""20260226""
""케이에스엔씨"",""경기도 안산시 단원구"",""반도체 제조용 기계 제조업"",""반도체부품"",""20260226""
""(주)오룡정비"",""광주광역시 남구 송암"",""건설 및 채광용 기계장비 제조업"",""건설기계 정비"",""20260226""
""(주)담우광학전자기술"",""광주광역시 북구 첨단"",""에너지 저장장치 제조업 외 4 종"",""광학전자기기, 자동제어반 외, 바닥신호등,시선유도등, IOT를 적용한 UVC  칫솔 , ESS 화재 방지 시스템, P"",""20260226""
""(주)알앤디프로젝트"",""대전광역시 서구 둔산"",""그 외 기타 전자부품 제조업"",""장비부품 조립"",""20260226""
""(주)금산터보코어"",""대전광역시 유성구 테"",""산업용 송풍기 및 배기장치 제조업"",""BLDC"",""20260226""
""(주)큐빔솔루션"",""대전광역시 유성구 갑"",""방사선 장치 제조업 외 1 종"",""진공 부품 및 소모품 판매, 방사선 발생장치 기반 성분 분석기"",""20260226""
""주식회사 지오필테크"",""대전광역시 유성구 테"",""기타 측정, 시험, 항해, 제어 및 정밀기기 제조업 외 7 종"",""시약장, 유해가스제거장치, 유해가스제거장치, 유해가스제거장치, 유해가스제거장치, 유해가스제거장치, 집"",""20260226""
""(주)매그플러스"",""대전광역시 유성구 테"",""산업용 냉장 및 냉동 장비 제조업 외 1 종"",""냉매압축기, 냉매압축기"",""20260226""
""(주)윤영테크"",""울산광역시 남구 테크"",""자동차용 금속 압형제품 제조업"",""자동차부품"",""20260226""
""미원화학(주)"",""울산광역시 남구 장생"",""기타 기초 무기 화학물질 제조업 외 1 종"",""황산,발산,계면활성제,숙폰산, 황산,발산,계면활성제,숙폰산"",""20260226""
""주식회사 제영에스엠티"",""울산광역시 북구 매곡"",""자동차용 신품 의자 제조업"",""자동차 시트 커버"",""20260226""
""에스에이치하이테크(주)"",""울산광역시 울주군 온"",""그 외 기타 금속가공업 외 1 종"",""포터블 가공 기계, 포터블 가공"",""20260226""
""엘에스엠앤엠(주)"",""울산광역시 울주군 온"",""동 제련, 정련 및 합금 제조업 외 1 종"",""동,황산,금, 무기 화학물질"",""20260226""
""경성폴리머"",""울산광역시 울주군 웅"",""합성수지 및 기타 플라스틱 물질 제조업"",""PVC 원료(분말)"",""20260226""
""(주)콜핑"",""울산광역시 울주군 상"",""기타 직물제품 제조업"",""마스크"",""20260226""
""현진 엠티"",""경기도 수원시 영통구"",""전동기 및 발전기 제조업 외 1 종"",""환풍기, 송풍기용 전동기, 코일권선장비"",""20260226""
""에이치앤티"",""경기도 수원시 영통구"",""그 외 기타 특수목적용 기계 제조업"",""제함기, 봉함기, 알백포장기"",""20260226""
""대덕직물(주)"",""대구광역시 달성군 논"",""특수 직물 및 기타 직물 직조업"",""나이론"",""20260226""
""SS패션(경동어패럴)"",""대구광역시 달성군 다"",""침구 및 관련제품 제조업 외 1 종"",""이불, 침낭 등, 매트리스 등"",""20260226""
""주식회사 기가테크"",""인천광역시 동구 만석"",""전자 응용 절삭기계 제조업"",""프로파일가공기,라우터,절단기,자동스토퍼"",""20260226""
""(주)매트프라자"",""인천광역시 남동구 남"",""기타 목재가구 제조업"",""목재가구"",""20260226""
""(주)에스티지24"",,""기타 가정용 전기기기 제조업"",""LED마스크外"",""20260226""
""영림임업(주)제2공장"",""인천광역시 남동구 앵"",""일반 제재업 외 1 종"",""플라스틱 선, 봉, 관 및 호스, 목재 및 목가공품,플라스틱제품"",""20260226""
""주식회사 청능비철금속"",""인천광역시 남동구 호"",""기타 1차 비철금속 제조업"",""비철금속"",""20260226""
""(주)모빌리티원"",""인천광역시 부평구 부"",""무인 항공기 및 무인 비행장치 제조업"",""드론"",""20260226""
""주식회사 리노셈"",""인천광역시 부평구 부"",""그 외 기타 의료용 기기 제조업"",""의료용 플라즈마 멸균기 등"",""20260226""
""피티프라스(주)"",""인천광역시 부평구 부"",""포장용 플라스틱 성형용기 제조업"",""화장품 용기 외"",""20260226""
""(주)제노스미디어"",""인천광역시 서구 건지"",""텔레비전 제조업 외 2 종"",""텔레비젼, LED TV, 전자칠판, 모니터, 텔레비젼, LED TV, 전자칠판, 모니터, 텔레비젼, LED TV, 전자칠판,"",""20260226""
""(주)프랭크에프앤비"",""인천광역시 서구 보도"",""육류 기타 가공 및 저장처리업 (가금류 제외) 외 5 종"",""소고기패티, 소스, 빵, 염지 닭고기, 갈비탕, 갈비육수, 간편조리세트, 새우패티, 소고기패티, 소스, 빵,"",""20260226""
""(주)신아시스템"",""인천광역시 서구 누리"",""기타 물품 취급장비 제조업"",""자동화기계,컨베이어장치외"",""20260226""
""(주)원영기공"",""인천광역시 서구 도담"",""절삭가공 및 유사처리업 외 1 종"",""디젤엔진용 흡입관, 하우징, 오일팬 등, 태양광 발전시설"",""20260226""
""대한테크닉스(주)"",""인천광역시 서구 마중"",""금속 주조 및 기타 야금용 기계 제조업"",""공업로 외 산업기계"",""20260226""
""(주)젤텍"",""부산광역시 강서구 녹"",""기타 곡물 가공품 제조업 외 1 종"",""기타 곡물 가공품, 젤라틴"",""20260226""
""(주)창신INC녹산공장"",""부산광역시 강서구 녹"",""신발 부분품 제조업 외 1 종"",""신발부분품, 세라믹주형, -"",""20260226""
""새한검사기술주식회사"",""부산광역시 강서구 녹"",""그 외 기타 일반목적용 기계 제조업 외 2 종"",""산업용 기계 및 자동차 기계부품, -, -"",""20260226""
""새한이솔루션주식회사"",""부산광역시 강서구 녹"",""그 외 기타 일반목적용 기계 제조업 외 2 종"",""산업용 기계 및 자동화 기계부품, 산업용 기계 및 자동화 기계부품, 산업용 기계 및 자동화 기계부품"",""20260226""
""티이티(주)"",""부산광역시 강서구 녹"",""그 외 기타 일반목적용 기계 제조업 외 6 종"",""양파탈피기, 무박피기 등, 감귤박피기, 컨베이어, 세척포장기계, 연구개발, 양파탈피기, 무박피기 등, 양파"",""20260226""
""(주)이화마린서비스"",""부산광역시 강서구 화"",""그 외 기타 특수목적용 기계 제조업"",""압축공기 제습장치"",""20260226""
""(주)손안기전"",""부산광역시 강서구 과"",""그 외 기타 금속가공업"",""냉연강판등"",""20260226""
""(주)에이엠글로벌글라스"",""부산광역시 기장군 정"",""구조용 금속 판제품 및 공작물 제조업 외 1 종"",""반사형방음판, ."",""20260226""
""(주)하나 대구공장"",""대구광역시 서구 와룡"",""커튼 및 유사제품 제조업"",""블라인드"",""20260226""
""(주)코트라스"",""대구광역시 북구 오봉"",""전기식 진단 및 요법 기기 제조업 외 1 종"",""의료기기, 의료기기"",""20260226""
""피아이오토"",""대구광역시 북구 3공?,""그 외 기타 특수목적용 기계 제조업"",""자동화기계, 비전검사장비 제작"",""20260226""
""(주)우영"",""대구광역시 달서구 달"",""화학섬유직물 직조업"",""폴리에스테르 제조"",""20260226""
""(주)위니텍"",""대구광역시 달서구 송"",""유선 통신장비 제조업 외 4 종"",""구내방송장치, 원격접속장치, 원격접속장치, 구내방송장치, 구내방송장치"",""20260226""
""SS패션(경동어패럴)"",""서울특별시 광진구 뚝"",""남자용 겉옷 제조업 외 3 종"",""근무복, 작업복, 유니폼 등 , 군용외투, 군용정복, 남성용외투, 남자정복 , 여성용외투, 여자정복, 남성용"",""20260226""
""(주)비지언스"",""서울특별시 금천구 가"",""전자감지장치 제조업 외 1 종"",""iot 장비 , iot sw개발"",""20260226""
""(주)에스에이텍"",""서울특별시 금천구 가"",""유선 통신장비 제조업 외 10 종"",""재난경보방송장치, 무선마을방송장치 오디오앰프 전원공급장치, 비상경보기, 방송수신기, 호온스피커, 지진"",""20260226""
""블랙썬(주)"",""서울특별시 금천구 디"",""방송장비 제조업"",""CCTV 등"",""20260226""
""썬그래피아"",""서울특별시 금천구 디"",""제판 및 조판업"",""제판및동판"",""20260226""
""주식회사 티아이지코리아"",""서울특별시 영등포구"",""유선 통신장비 제조업"",""WeGuardia ITU 100, WeGuardia ITU 200, WeGuardia ITU 300, WeGuardia ITU 1000, WeGuardia ITU 2000, WeG"",""20260226""
""SS패션(경동어패럴)"",""부산광역시 동래구 충"",""남자용 겉옷 제조업 외 9 종"",""담요, 침낭 등 침구류, 군용외투, 군용정복, 남성용외투, 남자정복, 여성용외투, 여자정복, 면 내의류, 드"",""20260226""
""주식회사 아이버스"",""전북특별자치도 김제?,""차체 및 특장차 제조업 외 3 종"",""어린이 통학버스, 어린이보호 표시등, 어린이 시트, 기타 부품"",""20260227""
""미원상사(주)전주1공장"",""전북특별자치도 완주?,""감광재료 및 관련 화학제품 제조업"",""감광재료"",""20260227""
""주식회사 태민전력"",""경상남도 밀양시 북성"",""배전반 및 전기 자동제어반 제조업"",""계장제어장치"",""20260227""
""정인제이아이 주식회사"",""경상남도 양산시 용당"",""선박 구성 부분품 제조업"",""용접 구조물"",""20260227""
""모텍(주)"",""경상남도 양산시 소주"",""그 외 자동차용 신품 부품 제조업 외 7 종"",""콘테이너부품, 자동차부품, 자동차부품, 금형, 자동차부품, 금형, 콘테이너부품, 자동차부품, 콘테이너부품"",""20260227""
""해성농기계"",""경상남도 의령군 가례"",""기타 일반 기계 및 장비 수리업"",""농기계수리제품"",""20260227""
""태영엔지니어링"",""경상남도 함안군 칠서"",""금속 절삭기계 제조업"",""소형공작기계"",""20260227""
""영진기계(주)"",""경상남도 창녕군 창녕"",""농업 및 임업용 기계 제조업 외 1 종"",""농업 및 임업용 기계(로타베이터, 쟁기, 논두렁조성기 등), 농업 및 임업용 기계(로타베이터, 쟁기, 논두렁"",""20260227""
""(주)씨앤테크"",""경상남도 합천군 적중"",""코르크 및 조물제품 제조업 외 10 종"",""보행매트, 목재덱, 논슬립, 휀스, 목재덱, 보행매트, 목재덱, 논슬립, 휀스, 용접철망, 용접철망, 용접철망"",""20260227""
""주식회사 중원"",""강원특별자치도 강릉?,""기타 수산동물 가공 및 저장 처리업"",""손질먹태, 양념먹태"",""20260227""
""(주)성창 홍천지사"",""강원특별자치도 홍천?,""배전반 및 전기 자동제어반 제조업 외 3 종"",""계장제어장치, 프로세스제어반,빌딩자동제어장치, 계장제어장치, 프로세스제어반,빌딩자동제어장치, 계장제"",""20260227""
""웰텍(주) 횡성 우천산단 1지점"",""강원특별자치도 횡성?,""강관 제조업 외 1 종"",""상수도용 강관 외, 상수도용 강관 외"",""20260227""
""주식회사 플러스매니저"",""경상남도 창원시 진해"",""유압기기 제조업"",""유압연결구(Rotary Joint)"",""20260227""
""주식회사 히원 제2공장"",""경상남도 진주시 문산"",""특수 직물 및 기타 직물 직조업"",""실크 및 기타 교직물"",""20260227""
""(주)에스엠텍"",""경상북도 구미시 1공?,""그 외 기타 전자부품 제조업 외 1 종"",""PDP부품"",""20260227""
""(주)케이이씨"",""경상북도 구미시 수출"",""발광 다이오드 제조업 외 1 종"",""IGBT, TR, IC"",""20260227""
""제이엠텍"",""경상북도 구미시 수출"",""산업처리공정 제어장비 제조업"",""비전검사기"",""20260227""
""주식회사 청우식품"",""경상북도 구미시 고아"",""천연 및 혼합조제 조미료 제조업 외 2 종"",""각종 양념, 태양력 발전, 장류"",""20260227""
""주식회사 청우식품 제2공장"",""경상북도 구미시 고아"",""천연 및 혼합조제 조미료 제조업 외 1 종"",""소스(캡사이신매운맛소스, 만능멸치육수, 만능비빔무침양념 등), 장류"",""20260227""
""주식회사 디에이치"",""경상북도 경산시 자인"",""선철주물 주조업"",""주물"",""20260227""
""(주)정과원"",,""기타 과실ㆍ채소 가공 및 저장 처리업"",""견과류 및 곶감 가공품"",""20260227""
""한시스템(주)"",""경상북도 칠곡군 가산"",""육상 금속 골조 구조재 제조업 외 1 종"",""자동승하강플랫폼,드론스테이션, 가로등주"",""20260227""
""대성종합모터스"",,""유압기기 제조업 외 1 종"",""유압기, 실린더, 자동차 종합 수리(승용차 제외)"",""20260227""
""주식회사 성주포장"",""전라남도 해남군 옥천"",""골판지 상자 및 가공제품 제조업"",""포장박스"",""20260227""
""성문테크"",""경상북도 경주시 천북"",""자동차 엔진용 신품 부품 제조업 외 1 종"",""자동차엔진부품,"",""20260227""
""동흥전자(주)"",""충청남도 천안시 서북"",""전자코일, 변성기 및 기타 전자 유도자 제조업 외 1 종"",""트랜스포머, 전화기"",""20260227""
""(주)동광보일러"",""충청남도 아산시 수장"",""산업용 난방보일러 및 방열기 제조업 외 3 종"",""산업용보일러, 온수탱크, 증기보일러, 버너"",""20260227""
""(주)디자인메카"",""충청남도 아산시 음봉"",""그 외 기타 금속가공업"",""산업용나이프, 나노기술응용 표면개질처리제품"",""20260227""
""(주)한창메딕"",""충청남도 아산시 음봉"",""그 외 기타 의료용 기기 제조업"",""알콜스왑, 진단키트"",""20260227""
""(주)아산성우하이텍"",""충청남도 아산시 선장"",""자동차 차체용 신품 부품 제조업 외 1 종"",""전기차배터리팩, 자동차차체부품가공품"",""20260227""
""(주)눈소프트"",""충청남도 당진시 시곡"",""방송장비 제조업 외 2 종"",""영상감시장치, CCTV카메라 긴급전화기, 유무선통신장치 등 , 영상감시장치, CCTV카메라 긴급전화기, 유무선"",""20260227""
""(유)창조하이텍"",""전라남도 목포시 고하"",""일반용 도료 및 관련제품 제조업"",""페인트"",""20260227""
""(주)한국환경사업단"",""전라남도 여수시 진달"",""그 외 기타 분류 안된 화학제품 제조업 외 1 종"",""액상철촉매, 촉매,비철금속 등"",""20260227""
""(주)일영이그린"",""전라남도 나주시 동수"",""가금류 가공 및 저장 처리업"",""가금류(오리/닭고기)"",""20260227""
""피에스테크"",""충청북도 청주시 흥덕"",""반도체 제조용 기계 제조업"",""반도체장비"",""20260227""
""페스웰(주)"",""충청북도 진천군 덕산"",""그 외 기타 분류 안된 화학제품 제조업 외 2 종"",""플라스틱 첨가제(폴리슬립), INNOSLIP(이노슬립), 암모니아수"",""20260227""
""(주)엠에이씨컴퍼니"",""충청북도 진천군 이월"",""육류 포장육 및 냉동육 가공업 (가금류 제외) 외 2 종"",""세절육, 양념육, 세절육, 양념육, 세절육, 양념육"",""20260227""
""케미콘시스템 주식회사"",""충청북도 진천군 광혜"",""건설 및 채광용 기계장비 제조업 외 1 종"",""특수건설기계장비, 고압세척기"",""20260227""
""엠씨에이테크"",""경기도 화성시 동탄구"",""전기.전자 및 정밀기기 수리업"",""메탈 Bellows 용접 수리"",""20260227""
""주식회사 에스알테크"",""경기도 광주시 목동길"",""구조용 금속 판제품 및 공작물 제조업"",""덕트(구조용 금속 판제품)"",""20260227""
""(주)서일"",""경기도 광주시 초월읍"",""그 외 기타 플라스틱 제품 제조업"",""옷걸이"",""20260227""
""주식회사 에스알테크"",""경기도 광주시 도척면"",""구조용 금속 판제품 및 공작물 제조업"",""덕트"",""20260227""
""천성정밀"",""경기도 광주시 도척면"",""날붙이 제조업 외 1 종"",""집게, 국자, 집기류, 금속식판, 김치통"",""20260227""
""은성홀딩스(주)"",""경기도 양주시 남면 ?,""그 외 기타 특수목적용 기계 제조업"",""야자매트 직조기"",""20260227""
""(주)쿨맥스"",""경기도 양주시 광적면"",""구조용 금속 판제품 및 공작물 제조업 외 2 종"",""샌드위치판넬, 슬라이딩도어, 오버랩도어, 샌드위치판넬, 슬라이딩도어, 오버랩도어, 냉동장비"",""20260227""
""성원금속"",""경기도 양주시 광적면"",""강관 제조업"",""장애인용 스테인레스스틸 파이프"",""20260227""
""(주)정성푸드"",""경기도 포천시 군내면"",""가금류 가공 및 저장 처리업"",""절단육"",""20260227""
""충청유니큐"",""경기도 포천시 내촌면"",""박판, 합판 및 유사 적층판 제조업 외 2 종"",""화장실 칸막이, 화장실 칸막이, 화장실 칸막이"",""20260227""
""(주)세림켐텍"",""경기도 안성시 죽산면"",""그 외 기타 분류 안된 화학제품 제조업 외 1 종"",""콘크리트 화학혼화제, 폴리카르복실산, 공기연행제, 소포재"",""20260227""
""에이치디피"",""경기도 김포시 대곶면"",""기타 종이 상자 및 용기 제조업 외 1 종"",""종이컵라벨, 종이상자"",""20260227""
""주식회사 에어피엔씨"",""경기도 김포시 대곶면"",""플라스틱 포대, 봉투 및 유사제품 제조업"",""포장용완충재"",""20260227""
""코아테크 주식회사"",""경기도 화성시 만세구"",""그 외 기타 분류 안된 화학제품 제조업"",""친환경제설제"",""20260227""
""한솔아이원스(주)"",""경기도 화성시 만세구"",""반도체 제조용 기계 제조업"",""반도체 장비"",""20260227""
""제이에스테크"",""경기도 시흥시 정왕천"",""그 외 기타 플라스틱 제품 제조업"",""화장품 용기제조"",""20260227""
""(주)보존"",""경기도 용인시 기흥구"",""그 외 기타 플라스틱 제품 제조업"",""플라스틱 만년달력"",""20260227""
""빅앤쇼 주식회사"",""경기도 용인시 기흥구"",""배전반 및 전기 자동제어반 제조업 외 3 종"",""분수 설계 디자인 및 분수 콘텐츠 제작, 분수 설계 디자인 및 분수 콘텐츠 제작, 분수 수경설비 운전용 전"",""20260227""
""주식회사 합풍"",""경기도 용인시 기흥구"",""전자코일, 변성기 및 기타 전자 유도자 제조업"",""컴퓨터 연결기기"",""20260227""
""중앙이엔지(주)"",""경기도 파주시 파주읍"",""그 외 금속 압형제품 제조업 외 1 종"",""장비 제어시스템 외함, 산업용 냉장고 및 냉동고"",""20260227""
""(주)테라닉스"",""경기도 안산시 단원구"",""인쇄회로기판용 적층판 제조업"",""인쇄회로기판"",""20260227""
""아이비엠"",""경기도 안산시 단원구"",""그 외 기타 특수목적용 기계 제조업 외 1 종"",""섬유용기계, 주름마디 스테인레스 강관 및 기타기계, 섬유용기계, 주름마디 스테인레스 강관 및 기타기계"",""20260227""
""엠티아이"",""경기도 안산시 단원구"",""그 외 기타 전자부품 제조업 외 3 종"",""연성및 기타인쇄회로기판, 비닐봉투 및 유사제품, 전자부품, 마스크"",""20260227""
""투에이치"",""경기도 구리시 갈매순"",""그 외 기타 분류 안된 섬유제품 제조업"",""부직포"",""20260227""
""성도산업"",""경기도 남양주시 화도"",""그 외 기타 플라스틱 제품 제조업 외 4 종"",""문구, 사무용품 부품, 조명커버, LED 조명, 금형제작, 문구, 사무용품 부품, 조명커버, LED 조명, 금형제작"",""20260227""
""주식회사 유원플랜트"",""경기도 남양주시 화도"",""액체 여과기 제조업 외 1 종"",""기체 여과기, 액체 여과기"",""20260227""
""(주)로드맥스엔지니어링"",""경기도 남양주시 수동"",""금속 문, 창, 셔터 및 관련제품 제조업 외 2 종"",""알루미늄 점검로 POST 외, 알루미늄 점검로 POST 외, 알루미늄 점검로 POST 외"",""20260227""
""(주)엘아이컴퍼니"",""경기도 오산시 외삼미"",""기타 광학기기 및 사진기 제조업"",""레이저 헤드(발진장치)"",""20260227""
""준앤준기술"",""경기도 오산시 독산성"",""그 외 기타 특수목적용 기계 제조업 외 1 종"",""멀티 전기분해 금형 세정 시스템  장비, 전기분해 세정제"",""20260227""
""신우전원기술(주)"",""경기도 오산시 서동로"",""기타 무선 통신장비 제조업 외 4 종"",""무정전전원장치, 전압조정기, 기타 변환장치, 기타 전기장비, 기타 무선통신장비"",""20260227""
""(주)리더스알앤디"",""경기도 시흥시 군자로"",""산업처리공정 제어장비 제조업"",""게이트웨이, 스마트팩토리 연동용 제어 소프트웨어"",""20260227""
""(주)비알인포텍"",""경기도 시흥시 마유로"",""방송장비 제조업 외 14 종"",""무선통신기기의 설계,마스크,금속표지판, 통합배전바, 주차관제시스템, CCTV 등, 함체, 전기, 금속표지판,"",""20260227""
""아람정공"",""경기도 시흥시 마유로"",""그 외 기타 금속가공업"",""방열판 외"",""20260227""
""스마트원"",""경기도 안양시 동안구"",""기타 주변기기 제조업"",""스마트 카드 리더 제조"",""20260227""
""주식회사 에코닉스"",""경기도 안양시 동안구"",""기타 가정용 전기기기 제조업"",""탄산수 제조용 용존 모듈"",""20260227""
""(주)ALL THREE"",""경기도 부천시 오정구"",""산업용 냉장 및 냉동 장비 제조업 외 8 종"",""각종 시험기, 건조기, 냉장 냉동 공조 장비, 항온 항습기 등, 각종 시험기, 건조기, 냉장 냉동 공조 장비,"",""20260227""
""주식회사 알파파이토"",""경기도 광명시 하안로"",""일반용 전기 조명장치 제조업"",""LED조명"",""20260227""
""주식회사 비투에스"",""경기도 광명시 일직로"",""광학렌즈 및 광학요소 제조업 외 1 종"",""머신비전용 광학 검사 모듈, 머신비전용 광학 검사 모듈"",""20260227""
""인팩코리아"",""경기도 평택시 산단로"",""화장품 제조업"",""화장품"",""20260227""
""더존실링"",""경기도 평택시 고덕면"",""플라스틱 접착처리 제품 제조업"",""테이프"",""20260227""
""제이테크"",""경기도 안산시 단원구"",""전기회로 접속장치 제조업"",""자동제어기기"",""20260227""
""(주)미래스텐"",""경기도 안산시 단원구"",""그 외 기타 1차 철강 제조업 외 1 종"",""태양광 전기, H형강,덧판 플레트"",""20260227""
""(주)씨에이피앤엠"",""경기도 안산시 단원구"",""도금업"",""니켈도금품"",""20260227""
""(주)비엠시스"",""대전광역시 유성구 테"",""금속탱크 및 저장용기 제조업 외 2 종"",""점착제,  젤 패드, 접착제, 저장용기, 저장용기"",""20260227""
""에스제이티(주)"",""대전광역시 유성구 테"",""물질 검사, 측정 및 분석기구 제조업 외 2 종"",""두께 측정기, 두께 측정기, 두께 측정기"",""20260227""
""(주)농협사료 울산지사"",""울산광역시 남구 용잠"",""반려동물용 사료 제조업 외 2 종"",""배합사료, 배합사료"",""20260227""
""현대모비스(주)"",""울산광역시 남구 장생"",""그 외 자동차용 신품 부품 제조업"",""자동차부품(프레임 및 프론트/리어샤시모듈, 엔진서브 조립)"",""20260227""
""더에버원(주)"",""울산광역시 울주군 온"",""증류기, 열교환기 및 가스발생기 제조업"",""열교환기 등"",""20260227""
""주식회사 피지메탈"",""울산광역시 울주군 상"",""운송장비용 이차전지 제조업 외 1 종"",""전기자동차 배터리용 서포트바, 전기자동차 배터리용 서포트바"",""20260227""
""주식회사 씨티알"",""세종특별자치시 전의?,""그 외 자동차용 신품 부품 제조업 외 3 종"",""자동차부품, 자동차부품, 자동차부품, 자동차부품"",""20260227""
""(주)카트릭스"",""인천광역시 미추홀구"",""유압기기 제조업"",""유압용밸브"",""20260227""
""오티스엘리베이터(유)"",""인천광역시 연수구 송"",""승강기 제조업"",""엘리베이터 제어반, 승장출입문 장치(문짝 제외)"",""20260227""
""대신DEMISTER"",""인천광역시 남동구 함"",""기체 여과기 제조업 외 1 종"",""데미스타(기체여과기), 데미스타(기체여과기)"",""20260227""
""(주)다이아그램"",""인천광역시 남동구 은"",""톱 및 호환성 공구 제조업"",""다이아몬드 공구"",""20260227""
""대영특수"",""인천광역시 남동구 남"",""도금업"",""TV 부품"",""20260227""
""대호TEC"",""인천광역시 남동구 남"",""연성 및 기타 인쇄회로기판 제조업"",""인쇄회로기판"",""20260227""
""삼영화학"",""인천광역시 남동구 남"",""그 외 기타 분류 안된 화학제품 제조업 외 2 종"",""cellube, 피막처리"",""20260227""
""석정"",""인천광역시 남동구 호"",""그 외 기타 전자부품 제조업"",""반도체 장비 부품"",""20260227""
""주식회사 에코웍스"",""인천광역시 남동구 앵"",""액체 여과기 제조업"",""정수기 필터"",""20260227""
""(주)에이비스튜디오"",""인천광역시 부평구 부"",""여자용 겉옷 제조업"",""의류"",""20260227""
""대현산업"",""인천광역시 서구 원전"",""산업용 로봇 제조업"",""산업용 로봇"",""20260227""
""한일정밀"",""인천광역시 서구 도담"",""주형 및 금형 제조업 외 1 종"",""주형 및 금형, 가공 지그, 기계 기구"",""20260227""
""주식회사 아웃도어스포츠코리아"",""인천광역시 서구 중봉"",""모자 제조업"",""모자"",""20260227""
""(주)케이엔비즈"",""부산광역시 강서구 낙"",""떡류 제조업"",""찰보리떡"",""20260227""
""아이에스테크"",""대구광역시 서구 장산"",""그 외 자동차용 신품 부품 제조업 외 3 종"",""자동차 부품(브레이크, 휠실린더, 피스톤), 자동차 부품(브레이크, 휠실린더, 피스톤), 자동차 부품(브레이"",""20260227""
""아이엔디월드(주)"",""대구광역시 서구 문화"",""섬유제품 기타 정리 및 마무리 가공업 외 2 종"",""태양광 발전, 임대업, 직물검사"",""20260227""
""화성섬유"",""대구광역시 서구 와룡"",""섬유제품 기타 정리 및 마무리 가공업"",""폴리원단"",""20260227""
""극동산업"",""대구광역시 북구 오봉"",""그 외 기타 분류 안된 금속 가공 제품 제조업 외 2 종"",""분수용 정수장치, 분수 기자재, LED수중조명등, 분수대"",""20260227""
""SS패션(경동어패럴)"",""대구광역시 북구 경진"",""근무복, 작업복 및 유사의복 제조업 외 12 종"",""근무복, 작업복, 츄리닝 등, 담요, 매트리스, 매트리스 커버, 베게 등, 의류대, 야전삽피,기동 등, 보건용"",""20260227""
""(주)삼선산업"",""대구광역시 달서구 달"",""금속 문, 창, 셔터 및 관련제품 제조업"",""금속문및 관련제품"",""20260227""
""오션코리아(주)"",""대구광역시 달서구 성"",""기어 및 동력전달장치 제조업 외 2 종"",""자동차부품, 자동차부품, 자동차부품"",""20260227""
""한국에이버리데니슨(유) 대구지점"",""대구광역시 달서구 성"",""적층, 합성 및 특수표면처리 종이 제조업"",""종이제품"",""20260227""
""(주)오케이포스"",""서울특별시 금천구 벚"",""사무용 기계 및 장비 제조업 외 1 종"",""POS기계 제조, 솔루션 개발"",""20260227""
""(주)카드팩토리"",""서울특별시 금천구 가"",""전자저항기 및 전자카드 제조업"",""기프트 카드 제작 및 발급"",""20260227""
""주식회사 윈스타비투비"",,""컴퓨터 제조업 외 8 종"",""영상정보디스플레이장치, LED전광판, 컴퓨터, 스피커, 브래킷, 표지판, 소형모니터, 컴퓨터 주변기기, 전기"",""20260227""
""(주)자유전자"",""부산광역시 사하구 하"",""배전반 및 전기 자동제어반 제조업 외 1 종"",""분/배전반, 철의장품 등, 전기판넬,케이블박스 등"",""20260227""
""(주)대하테크"",""부산광역시 강서구 평"",""방송장비 제조업 외 4 종"",""방송장비 제조업 외 4종,  ,  ,  ,"",""20260227""
​",https://blog.naver.com/hankyuldata/224256810675,한결데이타시스템,20260418,2026-04-27 16:35:14
세븐일레븐 쿡인페이퍼 즉석오징어짬뽕,0,"해탄오징어요리 9292고깃집 구이구이쪽갈비 꾸이꾸이- CoFFEE DRINK DESSERT +WOOD CARVING HERE @cafe.koyom 弘益홍익돈까스 ㅡ세종의 홈플러스(Home plus )와 Hi홍Cafe‘弘益홍익돈까스 /, 대전의 홈플러스... ","https://youtu.be/ULsPY9XhTfA?si=F3VZb-9VUe9CUiZ8
​
1/2
​
[네이버 블로그] 금호김영집
https://m.blog.naver.com/yjsjhs
https://m.blog.naver.com/arangjoeul
https://m.blog.naver.com/bwiwd
​
https://story.kakao.com/kumhokyj/H3FdLP94Roa
​
https://story.kakao.com/kumhokyj/6BIjMBCB5n9
​
https://story.kakao.com/kumhokyj/0JXyFRXr5O0
​
https://story.kakao.com/kumhokyj/4HGAjwfdan9
​
https://story.kakao.com/kumhokyj/GKgLF2uIboA
​
ㅡ좌청룡&우백호(左靑龍&右白虎; 풍수지리에서 명당을 나타내는 핵심 용어.
>>북쪽을 등지고 남쪽을 바라볼 때
>왼쪽에 청룡 모양의 산,
>오른쪽에 백호 모양의 산이 위치한 지형을 의미.
>오룡(五龍); 동양의 오행 사상에서 유래한 다섯 가지 색의 용. 동서남북 및 중앙의 방위와 계절을 수호하는 영물.
동쪽의 청룡(봄/나무), 서쪽의 백룡(가을/쇠), 남쪽의 적룡(여름/불), 북쪽의 흑룡(겨울/물), 중앙의 황룡(흙)
​
ㅡ색깔별 호랑이의 의미 (음양오행 기반)
>>흑호 (黑虎 - 검은 호랑이 / 북쪽 / 수(水)): 지혜, 권위, 비밀스러운 힘, 강인함.
>>백호 (白虎 - 흰 호랑이 / 서쪽 / 금(金)): 진실, 순결, 수호신, 사악한 것들을 쫓아내는 영물. 도교에서 사신 중 하나로 서쪽을 지키며, 드물게 나타나 상서로운 징조로 여김.
>>황호 (黃虎 - 노란 호랑이 / 중앙 / 토(土)): 힘, 근원, 대지의 기운, 산신. 일반적인 호랑이의 색으로, 한국 민화 등에서 산신을 보좌하거나 산신 그 자체로 묘사됩니다.  시선뉴스
​
ㅡ四柱八字와 土亭秘訣.
>>사주팔자四柱八字;
>태어난 연, 월, 일, 시의 네 기둥(四柱)과 여덟 글자(八字)를 통해 타고난 운명을 분석하는 동양의 명리학.
>개인의 기질, 운의 흐름(대운)을 파악하여 삶의 방향을 조언하며, 고정된 미래가 아닌 자신의 장점을 극대화하고 단점을 보완하는 '사용 설명서'로 활용
>>土亭秘訣;
>조선 중기 학자 이지함李之菡이 지은 것으로 알려진 술서.
>개인의 사주 중 태어난 연, 월, 일의 세 가지를 숫자로 풀이해 한 해의 신수를 열두 달별로 알아보는 방식. 조선 중기의 학자이자 기인으로 알려진 인물.
>호의 유래: 마포 강변에 흙으로 언덕을 쌓고 그 아래 굴을 파서 살았는데, 그 위가 정자 같다고 하여 사람들이 ’토정土亭‘이라 불림.
​
ㅡ황룡사 황룡각 백룡사 백룡암
​
ㅡ“ INTERCITI와 ENTER펠리스 &CITI와 CITY ”에서의
“ INTER와 ENTER &Booster와 Sister &SEVEN Star와 FIVE Star &Sistar와 온star…..“ /,
(대전유성구봉명동의 )유성장로회와 청룡(살수) &시골마당와 ‘RICHIMOND CITY’ &카카오톡와 生맥주‘CASS카스’ &‘TWOSOME PLACE’와 (INTERCITI 부근 봉명동 같은자리에서의 아늑와 May &)StayHotel의 HeyCoffee‘ /,
‘(세종시고운동의 )새누리침례회의 화룡(반점) &시골길와 사랑채한약재 &(세종시고운동’1-1생활권’에 위치한 ‘리치먼드힐)RICHIMOND HILL’에서의 &’중화요리八先生 ‘와 ’9292고깃집 &’DPLACE와 ’TWOSOME PLACE’ ”.
​
ㅡ지상락원地上樂園와 무릉도원武陵桃源[ 중국 도연명의 《도화원기》에서 유래한 말. 속세와 떨어진 평화롭고 아름다운곳 ] &
(토머스 모어의 )Utopia유토피아(""없는 곳"")와 (플라톤 철학에서 현실 세계 너머의 완전무결한 진리)이데아Idea’Form &
(""황금의 땅"")엘도라드와 이상향Utopia‘Paradise &
이상향or[ ‘Another World; 세상과 완전히 동떨어진, 경이로운 곳)별천지’와 (1984년 3월 14일 이만희가 창립한 개신교 계열의 신흥종교 )Shincheonji‘신천지(예수교 증거장막성전)….에서 변형된 글자 중,
한 일례로 “ 무릉도원武陵桃源에서의 [ 無羊桃源; 양(羊)이 없는(無) 도원(桃源/무릉도원)이라는 뜻의 ]무양도원‘숯불구이/바베큐전문점 ”의 飮食‘料理관계가 韓食‘中食’中華料理‘洋食‘일식의 和食&일본식 서양요리의 和洋食‘…..의 관계에 &미식’군식‘소식’대식’폭식‘단식‘….등등의 글자가 든 자리가에서 ’국가명와 지명‘이 달라서 자리마다 관계의 조합을 달리한다. 여기에 과거와 현재의 관계설정이 달라져, 지상와 낙원이 ‘무릉와 도원이 ’광개토와 대왕이 ’을지와 문덕이 ‘무궁화와 꽃이피었읍니다’가…..등등에서, 같이 붙어있었던 과거의 네글자‘四字成語&문장‘글자가 (관계가 갈라져 )나뉘어진 상황이다.
​
ㅡ서울의 5대궁(경복궁, 창덕궁, 창경궁, 경희궁, 덕수궁)와 훈민정음訓民正音 &(세종시고운동 )9292고깃집와 [ PLAN B’CONTINE COFFEE’ (훈민정음에서 )정음’이아닌 ]오음 &[ 대전유성구장대동의 “ 칠갑사와 49통닭 &태전마트와 ‘PLAN A’ ”자리의 ](유성구유성대로736번길 46)궁민정음‘유성국밥‘곱창전골’와 (유성구엑스포로 87 DCC제2전시장)경복궁갓포제주‘DCC점 &(대전서구 만년동 282)경복궁’대전점‘한식‘와 (대전중구 오류동 154-1)경복궁웨딩문화원….에서의 자리에,
대전에서 ’광주’서울‘제주‘부산’…..(도시지명이 붙어서)….글자가 달라서 관계를 달리한다.
​
ㅡ호구산(虎丘山; 중국 소주에 위치한 명승지로, 호구탑虎丘塔이 유명 )와 호두산(虎頭山; 평안도 지역의 진산鎭山) &호라산와 (대전서구 만년동 282 해가든센트럴파크, 대전광역시 유성구 문화원로 112‘에서의 ‘스시호산虎山&갓포虎山
>>호라산(Khorasan 또는 khurasan 페르시아어: خراسان ); 이란 북동부. 중앙아시아와 중동을 잇는 사이 지역으로 고대에 옥수스 강이라고 불리는 아무다리야 강 남부에 위치. 후라산으로도 불린다. 지명은 고대 페르시아어로 '해가 뜨는 곳'를 뜻함.
​
ㅡ유성구봉명동의 ‘Just Sleep Hotel’대전유성온천점와 둔산해링턴플레이스 &樂園아늑Hotel와 북해도 &샷포르와 도쿄 &/
[신라호텔에서 20년 경력을 가진 이승철 셰프가 운영하는 일식당. 호산‘브랜드 3대장의 스시호산/갓포호산/메시호산 중 하나. 스시해로 셰프가 스시호산에서 전수받음 ]虎山(범 호, 메 산)호산 &SOPATOWER스파타워와 꽃‘무궁화 &/
(한가네달발이 아닌)유성닭발와 SOMEDAY &/
문어대장와 상하이 &59와 (노랑통닭의 )봉명데이 &/
(물의 거리’의 )ACE’NICE와 EchoVill&벨포스트 /,
(서구만년동둔산동의 )별’스타와 StarGate스타게이트 &
카카오톡와 生생맥주‘CASS카스‘ /,
[ (대전동구중동의 ‘Daejeon Hana Citizen Football Club, 약칭 DHFC)대전하나시티즌K리그’자리의 (건설회사 )주)반석시티와 (대전동구 중동 56-7)반석시티 &(유성구반석동의 )펠리스와 ‘메이May eye&MayDAY’
​
ㅡ위 전체의 관계가 유성구봉명동 유성온천역네거리 앞 대학로에서,
” 장호덕 계동치킨 네네치킨 노랑통닭 (주)삼협건설 노늘레스 Gmart 스탕달호텔 W모텔 infra 항우 따봉 송림 죠아라 “와
” 조기종’향미각 교촌치킨 굽네치킨 60계치킨 SOLIAN솔리안 엔터펠리스 가자주류 현대리조텔 한진오피스텔 에터미 대왕수산 마사회 “가,
’봉명동 유성성당‘와 ‘상대동 팔각도’ &‘봉명동 은혜로교회’와 ‘봉명동 청학동동태찌개‘자리와의 관계의 조합이 다르다.
위 자리의 관계에 “ ( 갑천와 진잠천 &화산천을 사이에 둔 )복용동 원신흥동 도안동 계산동 ” &“ ( 갑천와 유성천 &반석천을 사이에 둔 죽동와 궁동 &어은동와 구성동이붙어서,
대전의 다른구(중구‘서구’동구‘대덕구)와 (천안세종청주홍성….)타지역의 관계가 섞인 글자’철자관계,
금호갈매기와 부산갈매기가 부산수산와 철길부산집이….등등에서도 같은 글자가 있음에도 ‘갈매기와 부산‘글자속에 다른관계가 담겨 관계의 조합을 달리한다.
​
https://youtu.be/ULsPY9XhTfA?si=F3VZb-9VUe9CUiZ8
​
2/2
​
[네이버 블로그] 금호김영집
https://m.blog.naver.com/yjsjhs
https://m.blog.naver.com/arangjoeul
https://m.blog.naver.com/bwiwd
​
https://story.kakao.com/kumhokyj/H3FdLP94Roa
​
https://story.kakao.com/kumhokyj/6BIjMBCB5n9
​
https://story.kakao.com/kumhokyj/0JXyFRXr5O0
​
https://story.kakao.com/kumhokyj/3TJynn3N7n9
ㅡCooing ’LittlelRoom ‘FURSYS‘iloom ‘/한방’직방‘다방‘작은다방 [서울동작구 대방동(大方洞), 여의도와 인접한 주거 중심의 법정동, 1호선 대방역과 7호선 신대방삼거리역이 가깝고 노량진 및 신길 뉴타운과 인접하여 교통과 생활 여건이 우수한 지역 ]大方와 소방消防&방제防災.
​
ㅡ마라탕麻辣燙와 ’영화‘Forrest Gump‘마라톤Marathon에서의 麻와 M /,
소방관消防官와 함곡관函谷關.
>>함곡관(函谷關)
•중국 전국시대 진(秦)나라가 동쪽의 산동 6국을 방어하기 위해 허난성 링바오에 설치한 '천하제일험관'으로 불린 난공불락의 요새
•북쪽의 황허와 남쪽의 효산 사이에 위치하여 좁고 깊은 골짜기 형태를 띠고 있어 군사적 요충지였으며, 진나라가 천하를 통일하는 기반이 된 곳.
•지리적 이점: 관중 분지와 중원을 나누는 길목으로, 험난한 지형 덕분에 소수의 병력으로 대군을 막아낼 수 있었음.
역사적 의의: 진 효공 때 처음 설치. 진나라가 동쪽으로 진출하거나 6국의 합종군을 막아내는 역사적 사건의 무대.
>>소방관消防官와 소방방제消防防災‘Fire Protection & Disaster Prevention‘
>>(문화어: 마라손, 마라쏜 , 영어: marathon ))마라톤 •42.195km를 달리는 장거리 로드레이스.
•심폐 기능 향상과 건강 증진에 효과적인 운동
•세꼐 7대 메이저 마라톤 대회; 도쿄 , 보스턴 , 런던 , 시드니 , 베를린 , 시카고 , 뉴욕.
•그랜드 슬래머'타이틀; 사하라, 아타카마, 고비 ,남극 등 세계4대 극지 마라톤을 일 년 만에 완주해야 얻는다.
•기원전 490년 그리스와 페르시아 간의 마라톤 전투에서 그리스가 승리한 후, 승전보를 전하기 위해 아테네 병사 필리피데스(또는 페이디피데스)가 마라톤 평원에서 아테네까지 약 40km를 달려가 소식을 전하고 숨진 설화에서 유래.
•지명: 마라톤(Marathon)은 고대 그리스어로 '회향(herb)이 가득한 곳'이라는 의미에서 유래.
>고치현립 오오가타 고등학교(高知県立大方高等学校)
https://www.kochinet.ed.jp/ogata-h/
일본 고치현 쿠로시오정에 위치. 아름다운 해변과 자연에 둘러싸인 환경이 특징. 해변에서 원족이나 마라톤 대회를 개최하는 등 자연을 활용한 학교 행사가 많다.
>>( 중국 쓰촨 지방에서 유래한 얼얼하고 매운 맛의 )마라탕麻辣燙
•초피, 팔각 등 다양한 향신료를 넣은 육수에 육류, 채소, 면 등 취향에 맞는 재료를 넣어 끓여 먹는 요리.
•정의와 유래: '마(麻)'는 저리다, '라(辣)'는 맵다는 뜻으로, 혀가 마비될 정도로 얼얼한 매운맛을 특징으로 합니다. 쓰촨의 길거리 음식인 '마오차이'에서 기원
주요 재료: 청경채, 숙주, 건두부(푸주), 분모자, 옥수수면, 양고기 또는 소고기 등이 주로 들어감, 나트륨과 기름기가 많아 국물을 다 마시기보다는 건더기 위주로 먹는 것이 건강에 좋다.
>>消防官와 소방방제[ 消防防災; 화재를 끄고消, 예방하며防, 재난을 막는다(防, 災)는 뜻 &/Fire Protection & Disaster Prevention; 화재 및 재난으로부터 인명과 재산을 보호하기 위해 화재의 예방, 진압, 구조, 피난, 복구 등을 다루는 과학적 공학 기술]
​
ㅡ덩이줄기‘괴경塊莖‘Tuber튜버와 救荒植物구황식물.
산약山藥or서여薯蕷와 토란土卵 &칡‘갈葛와 돼지감자’국우菊芋 &옥수수, 메밀, 조, 피
>>식물의 땅속 줄기가 영양분을 저장. 크고 뚱뚱하게 변형된 것. 감자가 대표적. 땅속 영양분을 저장하는 대표적인 뿌리채소. 과거 배고픔을 달래주던 주요 구황식물. 이들은 주로 덩이줄기나 덩이뿌리 형태로, 전분과 식이섬유가 풍부해 영양가가 높고 험지에서도 잘 자라는 특징.
>마; 산약/산우): 덩굴성 식물로 뿌리(덩이뿌리)에 끈적한 뮤신 성분이 풍부해 건강식으로 인기.
>토란; 천남성과의 식물로, 땅속 덩이줄기를 식용.알칼리성 식품, 담백한 맛이 특징.
>칡; 깊게 내리는 뿌리를 식용하거나 갈분(전분)을 만들어 먹습니다. 덩굴은 차로도 활용.
>돼지감자(뚱딴지); 해바라기와 유사. 덩이줄기에 이눌린 성분이 풍부해 '천연 인슐린'이라불림.
>카사바, 울루쿠, 오카, 아라카차 등; 이들은 열대 및 안데스 지역의 중요한 식량 공급원. 카사바(Mandioca; 길쭉한 고구마 형태의 덩이뿌리 작물로, 타피오카 전분의 원료)
> 칼라디움(Caladium); 남아메리카 아마존 원산의 천남성과 덩이줄기(구근)식물
​
ㅡ012‘동동칼국수 ‘시골길낚자볶움’사랑채한약국 ’오음 ‘CONTINUE COFFEE ‘형와 아우‘대한조리名人이정삼누룽지섬계탕&왕삼계탕 ‘강연우동태찌개‘ 해탄오징어요리
9292고깃집 구이구이쪽갈비 꾸이꾸이-
CoFFEE DRINK DESSERT +WOOD CARVING HERE @cafe.koyom 弘益홍익돈까스
​
ㅡ세종의 홈플러스(Home plus )와 Hi홍Cafe‘弘益홍익돈까스 /,
대전의 홈플러스 익스프레스(Homeplus express)와 홍익인간(弘益人間'널리 인간 세상을 이롭게 한다'는 뜻) &대덕(大德, 지혜와 덕망이 높은 승려)
​
>>알파벳 'oo'가 포함된 영어 단어;
[u:] (긴 우) 또는 [ʊ] (짧은 우) 소리가 냠.
대표적인 oo 단어:
Book (책)
Food (음식)
Moon (달)
Room (방)
School (학교)
Zoo (동물원)
Foot (발)
Good (좋은)
Look (보다)
Too (~도, 너무)
Cool (시원한)
Pool (수영장)
Wood
더 많은 단어(예: 3글자 단어, 특정 주제)가 필요하시거나, 'oo' 발음이 예외적인 경우(예: Blood, Floor)
​
ㅡ‘갤럭티카(Galactica)'
>>주로 미국의 유명 SF 시리즈인 '배틀스타 갤럭티카'를 지칭
>>그 작품 속에 등장하는 핵심 우주 전함의 이름. 나무위키
>배틀스타 갤럭티카 (Battlestar Galactica).
인류가 만든 지능형 로봇 '사일런(Cylon)'의 공격으로 멸망 위기에 처한 인류가 전설 속의 행성 '지구'를 찾아 떠나는 여정을 그린 SF 스페이스 오페라.
​
ㅡ타임’시간’병(Bottle; 유리, 플라스틱, 금속 등의 재료로 만들어진 목이 좁은 용기)와 텀블러(Tumbler; 굽과 손잡이가 없고 바닥이 평평한 음료 용기)
>>‘About Time'
리차드 커티스 감독의 2013년 로맨틱 코미디 영화
>>‘Time in a Bottle’
미국의 싱어송라이터 짐 크로치(Jim Croce).
1972년에 발표한 전설적인 포크송.
사랑하는 사람과 영원히 함께하고 싶은 소망을 담은 서정적인 가사와 아름다운 기타 선율로 사랑받음.
""If I could save time in a bottle /
The first thing that I'd like to do / Is to save every day 'til eternity passes away /
Just to spend them with you.""
(만약 시간을 병 속에 담을 수 있다면,
가장 먼저 하고 싶은 일은 영원이 다할 때까지 매일매일을 모으는 거예요. 그저 당신과 함께 그 시간들을 보내기 위해서요.
​
ㅡ커뮤니티(community’공동체‘와 ’(서울서초구경부고속도로 부산방향 첫번째 휴게소 )서울만남의광장 휴게소‘
​
ㅡ세종금남면의 ‘Masion와 5KPLACE &天安門중화요리‘의 제페토목공교실(대전세종목공방)이 유성구구암덕명동의 ’여래사와 피자스쿨‘자리에서 나왔다.
​
[네이버 블로그] 금호김영집
https://m.blog.naver.com/yjsjhs
https://m.blog.naver.com/arangjoeul
https://m.blog.naver.com/bwiwd
​
https://story.kakao.com/kumhokyj/1Iu331dHPN9
​
https://story.kakao.com/kumhokyj/H3FdLP94Roa
​
https://story.kakao.com/kumhokyj/6BIjMBCB5n9
​
https://story.kakao.com/kumhokyj/0JXyFRXr5O0
​
https://story.kakao.com/kumhokyj/3TJynn3N7n9
​
ㅡ대전서구 용문동와 가장동 &괴정동와 갈마동.
>>[ 뜨개질;크게 대바늘(메리야스, 고무뜨기 등)과 코바늘(짧은/긴뜨기, 사슬뜨기 등) /바느질;손바느질(홈질, 박음질, 공그르기) /&재봉틀에서 ]바느질’뜨게질에서의 ‘황실자수와 청실홍실 &(대전서구용문동 )SHINCHEONJI’신천지와 ’THESHARP#’ &우체국와 금실‘이불솜’헌솜가게 &‘KTA대한검정회‘한자한문교사 대전연수원’와 [중국 남조 시대 주흥사가 1,000개의 서로 다른 한자를 사용하여 4자 1구, 250구의 사언 고시(한시)형식으로 완성한 한자 학습서 ]千字文 &[ 동북아시아의 고대 상형 문자이. 주로 거북이의 배딱지(龜甲)와 짐승의 견갑골(獸骨)에 새김]甲骨文.
>>제나라齊의 재창원한의원와 라온 &(대청와 소청 &대원와 소원 &대한와 소한 &)대명‘大明와
(24절기 중 하나 4월 5~6일경)청명‘淸明 &(호텔의 )滿月와 (巫俗의 )淸月 &불교의 日月 &/,
(세종시고운동남측 밭테의 밀밭와 )성모의 밀알와 예당 &(예가 예인 예산 예신 예담…..)예촌와 ‘‘Homeplus express‘ &’Sunin
Motors’와
AMANO &KGAasset더골드지사와 THE리본 &GREENB와 ‘(소고기국법삼계탕)도널드와 친구들‘ &/,
” (중구대흥동 산사임당화장품와 중화한의원 &)사임당한의원‘PN밥솥’풍년와
MBC
&(서구만년동)만년옥‘평양옥‘만년와 KBS &청년와 [ ‘{대전중구대흥동와 유성구노은동&죽동 }브랜드 상징인 거위 로고를 활용한 전용잔, 에코백, 트래블 파우치, 빈티지 사인보드 등이 인기 }’구스 아일랜드(Goose Island)’&‘(번개장터/중고거래: 에코백, 빈티지 사인보드 등 판매)‘굿즈’와 유성구반석동의 ]청춘’coco’水‘청린(潾/璘)와 이순신소국밥 &(유성구반석동의 )청람의 ’‘Homeplus express‘와 W-Tree &고기명작와 굽네치킨 “.
ㅡ“(나루터와 고맛나루 &곰나루와 장대마루 &치킨마루 밀마루 세종마루 피자마루 대쪽마루 들마루…..&)서구괴정동의 해마루와 ’블랙짐BLACK GYM’ ”의 ‘SBS아카데미미용학원’와 ‘IM1L COFFE’ &’PILAGIRL기구필라테스‘와 ’HEALTH BOY GYM’ &‘라인 스포츠’와 ’YWCA &(서구둔산동 LK의 미라클Miracle &, 서구괴정동의 YK와 BK의 )ORACLE &
Microsoft와
미래신용정보 &고깃리88번지와 수정자갈치꼼장어,
위 관계에서 “ 대전중구 산화동의 ’NC백화점와 소청1번가 &NINE’SPOT’Hotel와 예일‘자리에서 ’읍천리382‘가 나갔다. 위 숫자관계가 ’ 영어와 아라비아’에 든 관계가 달라서, 유성구봉명동’CJNINEPARK‘자리의 )’부산국제시장’부산할매낚지와 읍천리382 &(스파텔자리 )고깃리88번지와 문어대장‘의 관계가 ‘stay와 SM &대일와 모던Morden’의 관게를 끼고서 다른데같은관계다.
위 관계가 대전중구대흥동의 ‘ 오징어와 성심당 &한신포차와 한신우동‘의 관계가 붙어 ‘생선’어류‘연체동물이아닌 관계’읍천리와 고깃리’와 관계를 달리한다.
​
ㅡ“ ~Haus와 디플레이스DPLACE &ACE와 NICE “의 ’유성구덕명동‘반석동’도룡동‘가정동, 충남공주시학봉리 , 세종시도운동남북측, 서구괴정동’갈마동……에서의,
(엑스포93와 돼지)주산회관(보령시주선면야룡리)와 (토마토‘빛가람와 ‘부산서면의 연탄구이전문점 )상록회관연탄구이 &( 청주의 정육식당 형태의 한우 맛 )부산회관…“에서의 ‘~회관’ /,
서구갈마동’괴정동의 ‘송도와 (튼튼 탄탄 단단 &)든든’YK’BK‘SM’리라’한귝화장품‘자리의
” (새마을회관와 )성심당의 ‘롯데백화점와 충남보령’오서산‘주산회관’보령댐와 갑천생태호수공원 &’ /,
(대전서구 도안동/원신흥동 일원)갑천생태호수공원‘와 성심49 &(대전충남관계 )충남금산인삼와 ’보문산‘서대산’대둔산‘장태산 &’(청주성당구‘명암저수지 &)부산회관와 대청댐 /,
더하여, 전북구봉산의 옥정호와 용담댐 &충북제천‘월악산‘도담삼봉의 충주댐와 새종호수공원….등등에서의 “ 산와 댐 &호수와 저수지….’관계의 조합이, 같은 충북이라도 남한강의 충주호와 금강의 대청호가 &,
대전의 굿모닝을 세종의 모닝이 굿을 버리고 모닝으로 자리와 관계를 바꾸고 (&굿모닝이 아닌 굿니스 굿닥터 굿즈 굿네이버스 굿마트 굿바디…..에서의 )굿Good’글자자리에서 자리가’글자가달라서, 관계가다르다.
​
ㅡ대한민국에서는 성씨姓氏가 아닌 본관本貫이 가족관계등록부와 호적관계에서, 제2의 성씨역활을 한다.
그래서 東西南北의 관계에서, 같은 북쪽임에도 서쪽의 경기도 파주와 동쪽의 용인에 든, 東人와 西人의 관계가 붙어서 “ 본관의 지명에 든 자리&‘仁와 in(in’s)’의 글자관계 “가달라서 다툰다.
​
[人 (사람 인)]: 사람, 인간, 인류 등을 의미
[仁 (어질 인)]: 어질다, 친애하다, 유교의 덕목
[忍 (참을 인)]: 참다, 견디다, 인내하다
[因 (인할 인)]: 원인, 인하다, 까닭
[印 (도장 인)]: 도장, 인장, 찍다
​
ㅡ[ 용인시’Yongin-si ;경기도 동남부의 특례시( 에버랜드와 한국민속촌, 다양한 문화·관광 시설을 갖춘 관광 도시)에서의 ]龍仁 /,
{엔제리너스(Angel-in-us‘롯데GRS’가 나간자리 서구용문’괴정동의 }龍汶와 大福‘대복 &用仁’와 (꽃와 )대고바이오Bio /,
삼성‘LG’대우’현대…etc..)Electronic Engineering‘전자공학와 [ 로봇의 설계, 제작, 응용을 연구하는 공학 학문으로, 인공지능(AI)과 결합하여 제조(HD현대로보틱스), 물류/배송(로보티즈), 협동 로봇(레인보우로보틱스), 웨어러블(위로보틱스) 등]로보틱스‘Robotics /,
위 관계에 ’이천의 쌀와 여주의 도자기….등에서 ’과학공학’전자‘반도체의 쌀‘와 ‘과학공학‘농학‘식량의 쌀‘이,
대전충남와 청주충북의 관계의 조합이달라서 다툰다.
​
ㅡ[ ( 실면도‘대전본점;서구갈마동’피부관리 )실면도+앰플+릴렉스핸드링. 맑고 깨끗한 피부 만들기 ]코코마쥬와 파티마정형외과 &일룸iloom와 ’한상바오의 외갈비‘&’DENTI CLINC WASHINGTON’와 ’Honey bean’s’자리가 서구‘대덕대로를 사이에두고,
”( 파스쿠니가나간자리의 )그놈포차와 ’(둔산클리닉와 리움의원의 )HONG SSINE DAKGALBI홍씨네 닭갈비’ “와 &,
(BK와 MJ)엠제이피부과’굿모닝어학원‘약손명가‘자리와
(DK와 TREK, 대전서구 둔산로 56, 전문적인 자전거 정비 및 튠업 서비스를 제공’ 글로벌 브랜드 )트렉‘TREK직영점‘오라클피부과’가 관계의 조합이 달라서,
교보‘SK…동양’삼정…대신‘교보…롯데‘한화…한화‘삼성….에서도 관계의 조합이 또 다르다.
​
ㅡTK와 DYL의 자리의 [ 프랑스어: ""좋은(Bon)""과 ""날(Jour)""이 합쳐진 말로, 아침과 낮에 만났을 때 사용하는 대표적인 ""안녕하세요"" 인사말]봉쥬르‘Bonjour와
“ ‘오라클와 미리클‘의 닥터드론’LK자리[메종(
Maison);
프랑스어로 '집(House)'을 뜻]메종에 “ 대만와 베트남 &태국와 캄보디아 &일본와 인디아….등등 “국가명 관계가붙어서,
“ 상하이와 홍콩 &방콕와 프놈펜 &로마Rome(콜로세움, 바티칸 시국, 트레비 분수 등 고대 로마 유적)와 Greece의 아테네(Athens‘Αθήνα, 아크로폴리스) &(고려시대 경주의 옛 지명 東京)경주慶州와 (일본의 東京)Tokyo …등등의”에서, (같은 국가명이라도 ) 다른 지명이붙어 관계가  달라진다.
​
[네이버 블로그] 금호김영집
https://m.blog.naver.com/yjsjhs
https://m.blog.naver.com/arangjoeul
https://m.blog.naver.com/bwiwd
​
https://story.kakao.com/kumhokyj/3LAXMT7skN9
​
https://story.kakao.com/kumhokyj/1Iu331dHPN9
​
https://story.kakao.com/kumhokyj/H3FdLP94Roa
​
https://story.kakao.com/kumhokyj/6BIjMBCB5n9
​
https://story.kakao.com/kumhokyj/0JXyFRXr5O0
​
ㅡ세종시종촌동
>이름…에, e롬‘이룸‘와 Fursys‘iloom,
카이젠와 새롬.
>세종시종촌동 ” CGV no.1&only 1
malive몰리브
“와
“ 곱갈콘‘곱창연탄구이’와 ’(도깨비‘곱깨비’곱도리‘곱싸리)’.
>고기명작와 고기카페 &고기고기돌판삼겹살와 (돌판‘의 삼겹살이 아닌 또다른 )세종시다정동 ‘라온와 에이블‘의 빨래판(와 빨래방).
>’ 대학 및 일반(&전문)병원 ‘와 요양병원 &요양원 [ 요양원 vs 요양병원 주요 차이; 요양원은 돌봄/일상생활 지원, 요양병원은 치료/재활. /입소 조건: 요양원은 장기요양등급(1~5등급) 필요, 요양병원은 등급과 무관. /의료진: 요양원은 촉탁의(정기 방문), 요양병원은 의사/간호사 24시간 상주. /비용: 요양원은 노인장기요양보험 적용(20%), 요양병원은 건강보험 적용. ]에서의 업종와 직종,
요양보호사와 간호조무사 &간호사와 양의사 &한의사와 (여기에 또다른 약사와 동물의 관계 수의사 )
​
ㅡ업종이 비슷한데 관계맺음의 대상와 업종 속 직종이 달라서, 허위의 거짓된 관계에 관계들이 다툰다.
​
ㅡ개신교에서의 교회명에 든 글자, 철자가 달라서 관계가 다르다. 한 일례로 ’~제자~ ’…..
‘ 세종우리들교회‘와 ’세종제자교회‘ &’대전제자들의 교회‘와 ’대전제자들교회‘.
​
ㅡ어진동
>‘(세종어진동 520 )
may78710
독가미숫불치킨’(&계룡시금암동‘천마산장독대와보리밥’충남계룡시 천마로 87-10)와 ‘강다짐삼각김밥(세종시, 세종소담점: 한누리대로 2003, 세종새롬점: 새롬중앙로 47 세움빌딩, 세종아름점: 보듬3로 95 해피라움3 ) &( 디플레이스DPLACE의 도담동 한누리대로 583)강순대와 커튼이야기천 (&, 강천와 강변 &천강와 유강 &강미래와 강이야기 &‘River Story‘외 강촌 &강산와 강림).
>세종시 OK한방병원와 ‘나루터흑돼지’ &템퍼와 서가엔쿡 &커튼이랑와 BANK /(대전시청역와 대전정부청사역 앞‘대전 유성구봉명동&서구둔산동의 )BANK와 서가엔쿡 &O2와 우성 &,
(서구’탄방동와 용문동‘의  대전 서구 둔산남로105번길 15 지리산산골농장 )지리산흑돼지와 ACE가구 &‘(서구용문동‘힐스테이트의 )THE #‘와 TEMPER가구.
>대전의 버거킹와 현대주유소 &메가시티와,
세종의 버거킹와 SK주유소에서의 메이저시티 /,
>대전서구탄방동의 팔롬비니와 다짐 &Hi5’하이파이브미술학원’대전둔산캠퍼스’와 마라도시 &(대전서구둔산동의 )시티City약국와 { 세종시한누리대로 496 세종리슈빌S‘윤가네남원추어탕, 세종시부강면 부강리 128‘세종남원추어탕 &}(대전양지초등학교주변, 대덕구계족로608번길)남원추어탕 &(서구둔산동 1182)토종남원추어탕와 (대전서구 둔산로74번길 12 둔산동)미스터윤쩜뽕 &( 대전서구 탄방동 695 1층’계룡로553번안길 23)윤짬뽕{경기평택시 비전동 790-4(평택2로 111), 경남통영시 광도면 안정1길 53, 경기광명시 하안동 303, 경기용인시 처인구 포곡읍 영문리 497-22번지, 대구동대구로83길 11, 서울도봉구 방학로 183}와 윤가네짬뽕(대전서구 계룡로583번길 6} &{ ( ‘3 Chome-39-7 Kitashinjuku, Shinjuku City, Tokyo 169-0074 일본‘&’세종갈매로 526‘의 )세종온누리교회의 }Tokyo’동경와 (대전서구 둔산로 64의 )대전온누리교회 &(대전서구 둔산동 1184)송가네칼국시와
(대전서구 대덕대로234번길 46, 둔산동 1309번지 )강씨네화덕생선구이꽃게장.
위 대전 온누리교회자리에서 과거에 이미,
현재의 “ 디플레이스DPLACE와 DH &이밥와 (대전에서의 대정‘삼정’이정’오정…’~정‘글자자리와 함께하는 관계들, 대현와 태현 &삼현와 이현’에 )세현’글자자리 (유성구봉명동의 사이언스타운이 아닌 )‘대덕연구단지 내 과학기술인공제회가 운영하는 국내 유일의 과학기술인 특화 실버타운’사이언스빌리지‘자리의 유성구도룡동’새누리교회가 둔산동 ’LK의 미라클의원와 SK브로드밴드‘자리에서 나갔다. 온누리와 새누리 &대전세종에서의 또다른,
한누리…에서의 ’~누리‘와 ’한우리 정우리…..에서의 ‘~우리’ &‘한사랑 큰사랑 배사랑 김사랑….’에서의 ‘~사랑’와 한아름 /, [ “ 한울'과 '한얼'; 한국의 고유한 天地人사상과 민족 신앙에서 유래한 용어. 주로 우주와 하늘의 신성한 근원을 의미. 한울은 '큰 울타리', '우주', '광명이 빛나는 온 누리'를 뜻, 동학에서는 만물 속에 활동하는 기운(지기)을 의미. 한얼은 하늘을 달리 표현한 것으로 '한알(창조주)'에서 내려온 '한울(우주)'의 정신이나 본질, 혼을 의미 ”에서의 대전유성구덕명네거리 앞 글자관계 ](그리스 신화 속 대지의 여신이자 만물의 어머니의 )가이아Gaia‘와 태현 &SANGSURI와 ‘VEGA HAUS’ &VDI와
MILLAD
&‘CAT CLINIC‘와 (주)한얼투어‘한얼자동차 &
MONSTER
STEAM와 삼영목재‘에서의 한얼 &
서구월평동’도시철도역 갑천역 앞‘의 ‘대한와 한울’관계에, 천주교‘개신교자리 ’하모니Harmony와 레인보우Rainbow‘글자와 불교와 민족종교자리 ‘(우주와 만물의 생성 및 변화를 설명하는 고대 동양 철학의 핵심 이론. 원래 별개였던 음양설과 오행설이 결합하여 하나의 체계를 이룸)음양오행‘陰陽五行 &[ 신점 (무속): 무당(보살, 박수)이 신의 영감으로 길흉화복을 점치며, 신내림 여부에 따라 강신무와 세습무로 나뉩니다. 주로 가족운, 재물운 등 굵직한 사건을 다룹/타로점: 78장의 타로 카드를 선택해 그 상징과 의미를 해석하여 심리 상태나 단기적 상황, 연애운 등을 분석‘에서의 ]‘巫俗의 占’와 타로점…여러 관계들이 섞여있다.
​
ㅡ감자탕 ‘(설농탕과 설렁탕; 이름만 다를 뿐 같은 음식. 조선시대 풍년을 기원하며 선농단(先農壇)에서 제사를 지낸 후 뼈와 고기를 넣어 끓여 나누어 먹던 '선농탕(先農湯)'이 변하여 '설농탕'이 되었고, 이후 '설렁탕'으로 발음이 굳어진 것으로 봄)설렁탕 ’해장국 ’{개고기를 넣은 '개장'에 소고기(肉)를 넣어 끓인 음식이라는 뜻에서 유래했기 때문}육개장 ‘(닭고기를 넣은 요리는 )닭개장 ‘(세종특별자치시 도움1로 108)봉추찜닭와 ‘(서구 가장동 )안동찜닭 ‘(중구 오류동 184-3번지, 파리바게뜨‘군산수송점 주변’동수송7길, 세종보듬3로 8-13 황금빌딩)일미리금계찜닭‘세종도담점
​
ㅡ서가앤쿡와 일당뼈다귀해장국감자탕.
>일당뼈다귀해장국 감자탕.
유성구 봉명1호점; 유성구 계룡로59번길 36,
서구 둔산2호점; 서구 둔산중로46번길 22 형성빌딩)
>2006년 대구 동성로의 작은 호프집 '서가'에서 시작된 퓨전 레스토랑.
>주요 매장 (전국):
AK&기흥점, 인천인하대역점, 영종하늘도시점 등 &,
세종점 어진동 한누리대로 350 뱅크빌딩
대전시청점 대전서구 둔산동 1448
대전은행점 중구중앙로164번길 22-12
​
ㅡblinds/curtains
바른커튼세종점 세종시‘대평동 대평1길38
이랑 커튼 커튼 세종‘다솜로 38
세종 커튼 블라인드 새롬북로 13 새롬동
메이드창 대전 커튼 블라인드 유성구 봉명서로 57-4
대전 윤슬커튼&블라인드 유성구 문지로316번길 14
한솔블라인드 대전공장 블라인드 판매점영업 대덕구 가온비즈타워
커튼명가창 유성구 봉명동 607-3
​
ㅡ세종시’당암정 앞 “ 장어정와 J축산 ”의 “ 몬차이나가 ”가, ” 짬뽕에 반하다 “로 바뀌었다. ‘~반한다’에서의 ‘ 커피에 반하다 ’에 ‘과학에~’&‘수학에~‘
​
https://youtu.be/ULsPY9XhTfA?si=F3VZb-9VUe9CUiZ8
​
[네이버 블로그] 금호김영집
https://m.blog.naver.com/yjsjhs
https://m.blog.naver.com/arangjoeul
https://m.blog.naver.com/bwiwd
​
https://story.kakao.com/kumhokyj/3LAXMT7skN9
​
https://story.kakao.com/kumhokyj/1Iu331dHPN9
​
https://story.kakao.com/kumhokyj/H3FdLP94Roa
​
https://story.kakao.com/kumhokyj/6BIjMBCB5n9
​
https://story.kakao.com/kumhokyj/0JXyFRXr5O0
​
ㅡ공학의 DAVICH안경와 예술의 (da Vinci)다빈치음악학원이 &/,
地名에 든 州‘山’谷‘坪’院‘川’海‘浦’湖‘島…글자들의 관계,
“ ‘내륙의 津 대전대덕구新灘津와 ‘바다의 津 전남康津이 &,
’바다의 灣 ’汝自灣와 島 臺灣(Formosa)이 &,
여기에 또다른 “ 만의 滿’萬‘卍….와 진의 眞’辰‘陣…”한자가 여기에 더하여 &,
世宗市와 世宗里가 &大坪里와 세시봉(C'est si bon: 프랑스어""정말 좋다""뜻)이
&,
종이(紙Paper)와 세종‘世宗가,
글자’문자 속에 든 관계가 ‘다른 자리와의 주변관계가 달라서’ 거짓의 사기극‘에,
‘대전시와 세종시‘에 타지역관계가붙어 수많은 관계들이 다툰다.
​
ㅡ위 상황속에 든 과거의’기존의’당초의 (AK ‘BK ’CK ‘DK ’EK…..KK K&K…..등등 중에서 )AK글자자리에 든 주변관계들,
“ 靑龍와 {스킨다이빙(맨몸, 프리다이빙)과 스쿠버다이빙(장비 착용)을 합쳐 한국에서 흔히}스킨스쿠버 /,
(건축물의 벽이나 천장 등 영구적인 표면에 그려지는 그림)벽화와 ( ’울산울주군 언양읍 대곡리 991-3‘울주 대곡리 반구대/’경북고령군 대가야읍 장기리 532‘고령 장기리의 )‘인류 역사상 가장 오래된’암각화 &(평면 위에 색채로 형상을 표현하는 예술)회화…그림에서의 ’선사유적지&미술관‘ /,
도자기[ 영어 pottery(일반적, 실용적 도자기){ ceramics(도자기류 전체), 또는 porcelain(고급 자기) &(도자기 제품을 통칭 한)china 또는 chinaware &/, Pottery :흙으로 빚은 그릇, 도예 등 실용적인 도자기 제품. /Ceramics :도기와 자기를 포괄하는 학술적/일반적 용어. /Porcelain ;유약을 발라 구운, 희고 투명한 고급 자기. /China/Chinaware ;식기류(식탁용 도자기)를 지칭할 때 주로 사용 } ]와 ‘土器/沙器(砂器’瓷器)/甕器‘항缸아리‘‘에서의 박물관의 ‘도예‘陶藝‘藝人’匠人 /,
위의 도자기‘토기‘사기’옹기’항아리’가 아닌 ’(대전유성구 수통골로 93 )CAFE GRIMJAKI’와 호떡[ 영어로 보통 Hotteok이라 표기. 설명할 때는 Korean sweet pancake(한국식 달콤한 팬케이크) 또는 sugar-filled griddlecake(설탕이 든 철판 케이크) ]에서의 ‘COFFEE
MASTER’barista
/,
보문산식후경와 금강한의원 &조치원파닭와 김해‘삼성쌸집 ”의 관계에 든 “ 大田와 忠淸北道의 大淸湖”를 낀 ‘500리 길’에서의 ’~길“와
“ 대전 대덕구유성구서구의 신탄진동 (新灘津洞: 새로운 여울 나루터)-덕암동 (德岩洞: 덕이 있는 바위)-목상동 (木上洞: 목상리 위쪽 마을)-용산동 (龍山洞: 용의 모양을 닮은 산)-전민동 (田民洞: 밭이 많고 백성들이 살기 좋은 곳)-문지동 (文旨洞: 글의 뜻을 기리는 마을)-도룡동 (道龍洞: 용이 승천한 길‘도용동의 바른 표기)-가정동 (柯亭洞: 가지가 무성한 정자 나무)-만년동 (萬年洞): 만년 동안 평안하길 기원함)-둔산동 (屯山洞: 군사가 진을 쳤던 산)-갈마동 (葛馬동: 목마른 말이 물을 마시는 형상’살마동의 바른 표기)-내동 (內洞: 안골, 안동네)-정림동 (正林洞: 바른 숲 마을‘정민동의 바른 표기)-흑석동 (黑石洞: 검은 돌이 많은 곳) ……”으로 이어진 대전관계”인 대덕로하스LOHAS와 [ 한밭대로’동서대로’계룡로‘계백로’유성대로’대덕대로….에서의 道路), 通路), 經路등 물리적인 길이나 구체적인 방향을 의미 ]’~路’ /,
(청석골‘청송골’청성골‘오롱골‘감나무골’배나무골’….에서의 ‘대전유성구덕명동’계룡산국립공원수통골분소)水通谷 “에서의 ’~골(谷)’ /,
(충북청원군현도면하석리의 九龍山)懸巖寺와 (청주시상당구문의면 대청호반로 721)문의문화유산단지 &(청주시상당구 문의면 청남대길 646)청남대와 (대전둘레산길‘2022년 대한민국 제7호 국가숲길로 지정된 )대전둘레산길[ 대전 도심을 둘러싼 12개 구간 총연장 138km~162km의 명품 산길로 ‘보문산, 식장산, 계족산 등 주요 산을 연결’된 전국 유일의 도심 순환형 산길.
1~5구간(보문산~만인산~식장산~계족산)/1구간(보문산길): 보문산청년광장-시루봉-금동고개/2구간(만인산길): 금동고개-만인산-만인산휴게소/3구간(머들령길): 만인산-국사봉-삼괴동 덕산마을/4구간(식장산길): 덕산마을-식장산-세천고개/5구간(계족산성길): 동신고-계족산성-질현성-절고개-용화사/6~12구간: 계족산, 우산봉, 갑하산, 빈계산, 성북산, 방동저수지, 구봉산 일대 ].
​
ㅡ위 상황속 관계에 (在世理化의 있을재)’~在‘와 (제나라)‘~齊‘ &’名人‘名品‘名家‘名門…&(明禮坊; 예가 밝은 동네에서 '명'자를 따와 유래된 )서울중구의 明洞와 종로’대치’혜화‘청담’…&’明東와 같이 방향의 자리’東西南北’글자가 붙은,
‘동인’서인‘남인’북인’에서의 ’~人‘에 또다른 ‘~仁어질 인, 忍참을 인, 因인할 인, 引끌 인…“이 더하여 “ in 와 in’s ” /,
” 동림‘서림’남림‘북림….에 더하여 ‘한림’유림’광림’대림‘태림’….“에서의 ‘~林‘ /,
” 동광‘서광‘남광’북광’에서의 (빛광’~光‘와 (넓을광)‘~廣’ /,
(地名의 )남원南原‘에 더하여 ’동원’서원‘남원’북원‘에 또다른 ’화원’부원‘대원’태원….‘~원[ 元,圓,原‘源…..],
글자들에 든 관계의 조합이 달라서 /&
” ’바다의 해조류‘김와 [대전, 세종, 천안 등 충청권에 전문점이 많은, 특히 대전의 띠울석갈비, 월산본가 등, 석갈비맛집. 60년 전통의 띠울석갈비 본점이 가장 대표적. 소석갈비와 돼지석갈비가 유명. 신내동의 황가원(40년 전통) ]석갈비와 냉면’ “이
대륙의 [ 중국에서 유래한 음식. 3세기 무렵 중국 삼국시대 제갈량이 남만 정벌 중 풍랑을 잠재우기 위해 사람 머리를 본떠 만든 음식을 제물로 바쳤다는 전설이 유래] 饅頭만두와,
甲川을 사이에 두고서 “ 대덕구목상동와 유성구용산동 ”이 관계가갈라져,
[ “ 文房四友;서재(文房)에서 쓰는 네 가지(四) 친구友, 종이·붓·먹·벼루. 중국 당나라 때 의인화에서 유래한, 선비들이 아끼는 보물이라 하여 문방사보文房四寶라고도 부름. “에서의 “ ‘~문구’와 사무용품&office오피스 “글자관계 중]삼화문구와
(유한양행과 미국 킴벌리클라크의 합작으로 설립된 대한민국의 대표 위생·생활용품회사)유한킴벌리자리에서,
성경'이라는 이름을 공유하는 두 브랜드[ >>지도표 성경김 (&독도와 지도): 2025년 말, 에너지 전문 기업인 삼천리그룹에 인수되어 식품 사업 분야의 새로운 성장 동력으로 주목. 독도 표기: 제품 패키지에 대한민국 영토인 독도가 표기된 지도를 사용. 최근 일본 수출 과정에서 이 이미지 제거 요구를 거절해 수출이 중단된 사례로 '애국 기업'이라는 긍정적인 평가를 받기도. >>성경만두요리전문점: 수제 만두와 만두전골을 전문으로 하는 외식 프랜차이즈
본사가 있는 대전 지역(관평점, 신탄진점 등)을 비롯해 서울 종로점 등 전국 곳곳에 매장을 둠. 주)성경에프앤에스 경기안양시 동안구 시민대로 295. 본사 및 제1공장: 대전광역시 대덕구 신탄진로 351 (와동) 제2공장(진도): 전라남도 진도군 군내면 녹진리 일원 (마른김 생산라인 구축)
제2공장(대전): 대전광역시 대덕구 신탄진로 377 제3공장(대전): 대전광역시 대덕구 신탄진로 349 ]가 붙어서,
과거와 현재의 관계가 다툰다.
​
https://youtu.be/qZu0ybjzDMs?si=vX7xiK2dYCHUasRT
​
과학이 발전한 시대에도 종교가 계속 되는 이유 f.성해영 서울대학교 종교학과 교수 [신과함께]
삼프로TV 3PROTV
​
https://youtu.be/aqBqrVSWn0Y?si=lWXNVxTO9Ib2SW6P
​
‘신'은 정말 존재할까? (김학철 교수 / 풀버전)
신사임당
​
https://youtu.be/aqBqrVSWn0Y?si=lWXNVxTO9Ib2SW6P
​
https://youtu.be/Xg6iAq3edUA?si=DeJk3V0F3yb3-n9e
​
""단순히 싫어서가 아니다"" 유대인들이 예수를 죽인 '진짜 이유' | 김학철 교수 특집
​
조한범TV
​
https://youtu.be/PKMurywjKfI?si=2MlcuGAs_tPVMb61
​
AI에게 국적을 묻다 [풀영상] | 창 543회 (KBS 26.4.7.)
KBS시사
""한국인이 쓰는 AI는 누가 만들었습니까. 그리고 누가 통제합니까.""
미국 정부는 이란 전쟁 시작 직전, AI 모델 클로드를 만든 회사 앤트로픽을 '공급망 위험 기업'으로 전격 지정했다.
하지만 국방망에 통합된 클로드를 바로 배제하지는 못했고 이란 공습 과정에 활용했다.
앤트로픽은 자사 AI가 동원되는 것을 막지는 못했다.
AI의 위력, 그리고 모호한 통제권이 드러난 순간이었다.
​
■글로벌 AI 패권 전쟁 … 한국형 AI 시동
한국은 독자 파운데이션 모델, 즉 한국형 AI를 가지려 한다. 정부가 개발에 나선 것은 2025년 말. 5,300억 원이 투입됐다.
'독자 AI 파운데이션 모델' 사업에 참여한 기업들 가운데 지난해 12월, 네이버와 NC AI가 탈락하면서 지금은 LG·SKT·업스테이지·모티프, 이렇게 4팀이 개발 경쟁을 벌이고 있다.
​
■ 소버린 AI, 도전의 시작
""이번 2차수가 제일 보릿고개 같아요"" 현장 개발자들은 한숨을 쉰다.
인터넷 데이터는 이미 고갈됐고 GPU(AI 학습과 추론에 필요한 대규모 병렬 연산용 고성능 반도체)는 부족한데 경쟁 상대는 세계 최고 수준의 모델들이다.
‘시사기획 창’ 취재진은 모델 개발에 매달리는 개발실은 물론, 음성 데이터를 모으는 현장과 100명이 게임을 하며 행동 데이터를 쌓는 PC방, 로봇 연구실들을 찾아갔다.
​
■ 엔비디아의 공장이자 도전자
경기도 용인 SK하이닉스 1기 팹에만 31조 원이 투입되고 있다.
한국은 엔비디아의 GPU에 들어가는 HBM 메모리를 세계에서 가장 잘 만드는 나라다. 동시에 한국 스타트업들은 그 엔비디아에 도전하고 있다.
한국의 반도체 스타트업들은 특히 AI를 실제로 활용하는 단계에서는 막대한 NPU, 추론 특화 반도체가 필요할 것이라고 기대한다. 정부도 막대한 자금을 직접 투자하는 등의 방식으로 힘을 보태고 있다.
​
■ K-AI 활용이 진짜 시험대
소버린AI 참여사가 시연한 국방AI는 이란 전장을 누비는 AI와는 거리가 있었다. 아직은 챗봇수준이다.
""지금 이 정도 투자를 하지 않으면 기술 종속은 더 심해질 것""이라는 말과, ""다운받아서 쓰면 아무도 모르는데 왜 만들어야 하느냐""는 의구심이 동시에 존재한다.
한국형 AI를 만들어서 공개한 뒤, 얼마나 많은 국민과 기업들이 실제로 활용할지가 진짜 시험대다.
AI의 국적보다 성능이 더 중요할 수 있다는 뜻이다.
​
#소버린AI
#AI
#인공지능
#반도체
#로봇
#엔비디아
#삼성전자
#하이닉스
#국방AI
#피지컬AI
#데이터
#NPU
#HBM
#GPU
#시사기획창
​
취재기자 : 범기영
촬영기자 : 이정태
영상편집 : 성동혁
자료조사 : 이영주 김선경
조연출   : 윤상훈
​
방송 : 2026년 4월 7일 밤 10시 KBS 1TV 시사기획 창
​
홈페이지 https://news.kbs.co.kr...
유튜브    / @kbssisa
페이스북   / changkbs
WAVVE '시사기획 창' 검색
​
KBS시사
구독자 64.2만명
​
https://youtu.be/GlpppXtuepA?si=QDkhInpAGp1ExGiH
​
1강 고대근동의 공간과 시간 | 주원준의 “고대근동 3천 년과 이스라엘”
#클래스e
#주원준
​
EBS 클래스e
채널에 가입하여 혜택을 누려보세요.
/ @ebsclasse
​
#클래스e
#주원준
#이스라엘
#고대
#역사
이스라엘을 알기 위해서는 고대근동의 작은 나라를 알아야 한다?!
기원전 3000년. 우리가 알지 못했던 시간, 우리가 알지 못했던 공간! 우리는 왜 고대근동을 알아야 하는가?
​
[클래스e] 월~금 오전 05:30, 월~목 밤24:00, EBS 1TV
클래스e 공식 홈페이지 👉 https://classe.ebs.co....
​
https://youtu.be/-y7Y89VlDUA?si=jFYiOZtM6DC7QAO_
​
이집트 몰락의 시작… 최고 전성기에 벌어진 일 | 주원준 한님성서연구소 수석연구원 [에인션트]
​
삼프로TV 3PROTV
#삼프로TV
#3protv
#삼프로
​
========================
​
[네이버 블로그] 금호김영집
https://m.blog.naver.com/yjsjhs
https://m.blog.naver.com/arangjoeul
https://m.blog.naver.com/bwiwd
​
https://story.kakao.com/kumhokyj/H3FdLP94Roa
​
https://story.kakao.com/kumhokyj/cHFNedQD6O0
​
https://story.kakao.com/kumhokyj/3ZJK5WuP3n9
​
https://story.kakao.com/kumhokyj/aDIfzPmD6O0
​
https://story.kakao.com/kumhokyj/6BIjMBCB5n9
​
백록담‘한라산이 남한이남 제주도‘섬와 다투고,
천지 ’백두산이 북한이북 만주‘대륙와 다툰다.
동해가 독도‘울릉도와 다투고
서해가 [인천의 백령도·대청도(서해 5도), 대교로 연결된 무의도·석모도, 갯벌 체험이 유명한 서산 웅도,
​
[네이버 블로그] 금호김영집
https://m.blog.naver.com/yjsjhs
https://m.blog.naver.com/arangjoeul
https://m.blog.naver.com/bwiwd
​
https://story.kakao.com/kumhokyj/3ZJK5WuP3n9
​
https://story.kakao.com/kumhokyj/aDIfzPmD6O0
​
https://story.kakao.com/kumhokyj/6BIjMBCB5n9
​
백록담‘한라산이 남한이남 제주도‘섬와 다투고,
천지 ’백두산이 북한이북 만주‘대륙와 다툰다.
동해가 독도‘울릉도와 다투고
서해가 [인천의 백령도·대청도(서해 5도), 대교로 연결된 무의도·석모도, 갯벌 체험이 유명한 서산 웅도, 보라색 테마의 신안 퍼플섬 등&)안면도와 다투고
남해가 [남해도와 창선도라는 큰 섬을 중심으로, 60여 개의 크고 작은 섬들로 이루어진 '보물섬' 관광 명소입니다. 다리(남해대교, 삼천포대교)로 연결되어 접근성이 뛰어나며, 섬이정원 같은 이국적인 정원, 독일마을, 다랑논, 낚시 체험 등 사계절 힐링 여행지로 인기가 높음 ]다도해와 다툰다.
​
ㅡㅡㅡㅡㅡㅡㅡㅡㅡㅡㅡㅡㅡㅡㅡㅡㅡㅡㅡㅡㅡㅡㅡ출처; 페이스북 한정석님 게시글 펌글
​
https://www.facebook.com/share/p/17koAoF2oM/?mibextid=wwXIfr
​
나는 이재명을 지지하지 않는다.
다만, 이재명도 실패하면 정말 답이 없다는 것일 뿐.
그 다음엔 정말 듣도 보도 못한 괴물이 등장한다. 그것 뿐이다.
​
파시즘은 좌나 우, 진보나 보수 모두 실패할 때 등장한다.
차라리 어느 한 쪽이라도 성공하는 것이 낫다.
진보에게는 보수 정권이, 보수에게는 진보 정권이.
​
신자유주의로 가든, 사회주의로 가든...
일단 주권 체제가 유지되면 견디면 되지만,
주권 체제가 붕괴되면 답이 없다. 주권의 광역화가 일어난다.
현재로서는 북한이나 중국에 접수되는 상황.
​
북한에 접수될 가능성이 어느 때보다 높다.
트럼프와 시진핑이 딜하기 나름이다.
​
남한이 만일 지금 북한에 접수되면,
우파 보수가 아니라 좌파 진보들이 먼저 숙청된다.
​
민주당은 모두 숙청된다. 김정은 만세를 불러도 그렇게 된다
​
[네이버 블로그] 금호김영집
https://m.blog.naver.com/yjsjhs
https://m.blog.naver.com/arangjoeul
https://m.blog.naver.com/bwiwd
​
https://story.kakao.com/kumhokyj/H3FdLP94Roa
​
https://story.kakao.com/kumhokyj/cHFNedQD6O0
​
https://story.kakao.com/kumhokyj/3ZJK5WuP3n9
​
https://story.kakao.com/kumhokyj/aDIfzPmD6O0
​
https://story.kakao.com/kumhokyj/6BIjMBCB5n9
​
백록담‘한라산이 남한이남 제주도‘섬와 다투고,
천지 ’백두산이 북한이북 만주‘대륙와 다툰다.
동해가 독도‘울릉도와 다투고
서해가 [인천의 백령도·대청도(서해 5도), 대교로 연결된 무의도·석모도, 갯벌 체험이 유명한 서산 웅도, 보라색 테마의 신안 퍼플섬 등&)안면도와 다투고
남해가 [남해도와 창선도라는 큰 섬을 중심으로, 60여 개의 크고 작은 섬들로 이루어진 '보물섬' 관광 명소입니다. 다리(남해대교, 삼천포대교)로 연결되어 접근성이 뛰어나며, 섬이정원 같은 이국적인 정원, 독일마을, 다랑논, 낚시 체험 등 사계절 힐링 여행지로 인기가 높음 ]다도해와 다툰다.
​
ㅡㅡㅡㅡㅡㅡㅡㅡㅡㅡㅡㅡㅡㅡㅡㅡㅡㅡㅡㅡㅡㅡㅡ출처; 페이스북 한정석님 게시글 펌글
​
https://www.facebook.com/share/p/17koAoF2oM/?mibextid=wwXIfr
​
나는 이재명을 지지하지 않는다.
다만, 이재명도 실패하면 정말 답이 없다는 것일 뿐.
그 다음엔 정말 듣도 보도 못한 괴물이 등장한다. 그것 뿐이다.
​
파시즘은 좌나 우, 진보나 보수 모두 실패할 때 등장한다.
차라리 어느 한 쪽이라도 성공하는 것이 낫다.
진보에게는 보수 정권이, 보수에게는 진보 정권이.
​
신자유주의로 가든, 사회주의로 가든...
일단 주권 체제가 유지되면 견디면 되지만,
주권 체제가 붕괴되면 답이 없다. 주권의 광역화가 일어난다.
현재로서는 북한이나 중국에 접수되는 상황.
​
북한에 접수될 가능성이 어느 때보다 높다.
트럼프와 시진핑이 딜하기 나름이다.
​
남한이 만일 지금 북한에 접수되면,
우파 보수가 아니라 좌파 진보들이 먼저 숙청된다.
​
민주당은 모두 숙청된다. 김정은 만세를 불러도 그렇게 된다.
오히려 보수가 김정은에게는 쓸모가 있다.
​
ㅡㅡㅡㅡㅡㅡㅡ
​
ㅡ캘리포니아 브레드
• 대한민국 제과기능장이 운영하는 대형 베이커리 맛집. 시청역 근처(서구 둔산남로91번길 13)
• 캘리포니아 지역 베이커리
캘리포니아 브레드는 고소한 캘리포니아 호두를 활용한 건강빵 레시피나, 1849년 골드러시 시대부터 이어진 샌프란시스코의 유명한 사워도우 빵을 의미
유명 맛집: 에릭샤츠 베이커리(Erick Schat's Bakkery) 같은 100년 전통의 유명한 장인 베이커리
​
ㅡ주)캘리포니아베이커리카페와 CU편의점 &한남대와 59쌀피자 /,
주)캘리포니아베이커리카페와 GS25시편의점 &우송대와 임실치즈피자 /
BREAD
MAMA와
GS25시편의점 &한밭대와 GOPIZZA /
BREAD
MAMA(브레드마마;
세종특별자치시 갈매로 562/
세종 조치원읍 돌마루길 25)와 emart24시편의점 &서울대와 (도안동 치즈피자맛집 순위 )1. 윤찬비스트로 대전서구 · 2. 고피자 대전도안점 · 3. 풀스가든 대전서구 · 4. 59피자 목원대 · 5. 파파존스 대전관저점 · 6. 도미노피자 /
한국의 대표 베이커리 프랜차이즈로, 파리바게뜨는 부드러운 식감과 다양한 종류, 뚜레쥬르는 쫀득한 식감과 맛의 밸런스에서 차이;
( 본사; 경기도 성남시 중원구 사기막골로31번길 18(상대원동 /양재 본점 위치: 서울강남구 남부순환로 2627 영진빌딩 1층 베이커리, 2-3층 카페 }파리바게뜨와
( 본사(제일제당센터점 서울중구 쌍림동에 위치 )CJ제일제당 빌딩 /CJ푸드빌에서 운영하는 브랜드 중 하나 )뚜레쥬르 /
성심당[ 본점 제과점 대흥동 ‘DCC점 도룡동 ‘롯데백화점 대전점 서구 ‘케익부띠끄 본점 제과점 대흥동 ‘옛맛솜씨 제과점 대흥동 ‘문화원 커피숍/커피 전문점 대흥동 ‘플라잉팬 이탈리아 요리 대흥동 ‘우동야 우동 대흥동 ‘시루케익전문점 케이크 전문점 대흥동 ‘리틀키친 음식점 서구 ‘롯데백화점 대전점 백화점 서구 ‘우동야 dcc점 한식 도룡동 ‘튀소정거장 제과점 도룡동 ‘성심당제과제빵학원 학원 은행선화동 /테라스키친 음식점 대흥동 &/, 몰튼버터 제과점 마음안1로 137 가락마을18단지 /삐아또 이탈리아 요리 대흥동 /팡쇼과자점 제과점 노을3로 25 대흥동 ] /
​
ㅡ고깃집와 횟집 /bread와 Pizza /한식와 중식 /서남’동남아시아와 서양식
八先生中華料理[고운북8길 3/용인시 기흥구 죽전로43번길 11-25]와 화식(和食, 와쇼쿠: 일본의 전통적인 식문화. 2013년 유네스코 인류무형문화유산으로 등록된 일본 요리의 정석. 재료 본연의 맛을 살리는 담백함과 계절감이 특징. 반면, 한국에서 흔히 사용하는 '일식(日食)'은 일본 요리 전체를 통칭 or 일식/중식/한식과 같이 식당 종류를 구분하는 일상적인 용어 ]와 (헌돈 &도드람의 세종시 마음로 248)9292고깃집와 ‘동남아 화교 음식’[ 중국 이주민들의 식문화가 현지 식재료, 향신료와 결합하여 발전한 융합 요리 . 대표적 동남아 화교 음식 바쿠테 (Bak Kut Teh)]: 말레이시아와 싱가포르의 대표적인 보양식으로, 돼지 갈비를 한약재와 함께 푹 고아낸 음식 /카오만까이 (Khao
Man
Gai): 중국 하이난식 치킨라이스가 태국식으로 발전한 형태로, 삶은 닭고기와 밥, 소스를 곁들여 먹음 /락사 (Laksa): 코코넛 밀크 베이스에 향신료를 듬뿍 넣은 매콤한 국수 요리로, 중국식 면 요리와 현지 식재료가 결합된 대표적인 '뇨냐(Nyonya)' 요리 /로헤이 (Lo Hei): 싱가포르 등에서 설날에 먹는 요리로, 생선과 채소를 소스에 버무려 높이 들어 올리며 복을 비는 회 무침 /티코이 (Tikoy): 필리핀 화교들이 설날에 선물하는 찹쌀떡으로, 쫀득한 식감과 달콤한 맛이 특징 ]
​
ㅡ‘대전시의 예술가’레오나르도 다 빈치(Leonardo da Vinci)’와
세종시아름동의 다비치DAVICH안경.
세계적으로 보편적 예술의 기반을 제시한 선구자이자, 인간 지성의 정점에 도달했다고 평가받는 불세출의 천재로, 인류 역사에 한 획을 그은 인물이다.
​
ㅡ온드림 두드림 도드람 다드림……드림DREAM와 ’THE DREAM‘…..
대전유성구덕명네거리의 “ 베네치아와 한마음 &아름드리와 아이누리 ”/
세종시아름동의 iloom와 온드림 &아름드리와 다짐헤어 &공감수학와 다비치DAVICH안경 /
위 자리에서 과거에 이미 연안식당이나가고 현재의 산시도삭면으로 &대전애서도 똑같이 서구둔산동 교보문고자리에서 연안식당이 ’양고기전문‘마이램(구 우마이라무, 대전서구 둔산동 1362번지 교보 문고)으로 &서구 둔산중로 54 (둔산동 1412, 시청 네거리)에서도 연안식당이 마성소국밥으로 바꿨다. 다비치안경와 마성소국밥 &산시도삭면이 연안식당와 관계가 달라져서 다툰다.
​
>다비치안경‘DAVICH; 2025년 1월 기준 서울종로구 수표로 91 다비치타워로 본사를 이전. 체인본사: 서울용산구 만리재로 190-1. 대전동구 중동‘중앙로 198
​
>마성소국밥족발 둔산시청본점(서구 둔산중로 54 /중구 안영동 692-6 /대전역점 동구중앙로200번길 3 /도안가수원점 대전서구 도안동 1680 /대전동구 성남동 494-15 )
​
> 송화산시도삭면 (건대/성수)와 이가산시도삭면(홍대/연남) &진미산시도삭면(대림본점, 서울 영등포구 도림로38길 11-1)
​
>연안식당 (초기 인천 송도점이 본점격으로 시작 현재는 대다수 매장이 )디딤이앤에프애서 운영 중. 2018년 서울 강남 도곡동에 서울 1호점시작하여, 사명을 ‘디딤이앤에프’에서 ‘선샤인푸드’로 변경 /출처 : 이코노미사이언스(https://www.e-science.co.kr).
​
[네이버 블로그] 금호김영집
https://m.blog.naver.com/yjsjhs
https://m.blog.naver.com/arangjoeul
https://m.blog.naver.com/bwiwd
​
https://story.kakao.com/kumhokyj/H3FdLP94Roa
​
https://story.kakao.com/kumhokyj/b1g5gi8kwn0
1/3
ㅡ食이 地名‘자리가 달라서 관계가다르다. 北京와 函谷關의 中国‘中華에 美‘味‘肉‘火食 /平壤와 Tokyo東京의 東國‘東明에 麥‘米’和食‘사시미(刺身, さしみ;회膾 or 鱠)
/(야생 염소의 서식지, 험준한 절벽와 바위가 많은 )산악지대와 흑염소‘ Black Goat,’黑山羊(or 黑羊)와 (야생 양의 서식지, 중앙아시아‘히말라야등 해발 1천~4천m의 험준한 )고산지대의 ’어린 양‘Lamb/’다 자란 양‘
Mutton’에
[ 염소의 탕‘전골’수육‘무침’와 양고기의 (냄새 제거가 핵심. 올리브유와 큐민 가루를 발라 팬에 구워내는 )스테이크‘(핏물을 뺀 후 된장 양념으로 끓여내는 )전골 ]羊肉
/漢陽와 京城의 韓食(밥 중심의 한상차림)와 韓定食(일정한 가격에 여러 요리가 순서대로 나오는 서양식 서비스 방식이 접목된 형태)
/白頭大幹와 東海’西海‘南海의 玆山魚譜’山海珍味에 南道飯床와 “돼지, 닭, 오리는 대표적인 식용 가축 및 가금류[ 소’牛’Cow암소‘Ox황소/일소’Cattle(소 전체)’Beef(소고기)-돼지’Pig‘豚‘Hog‘Swine’Pork(돼지고기)-닭‘鷄’Chicken (닭/닭고기)-오리‘Duck’鴨 (오리/오리고기) ]의 육‘肉.
/동서양의 식문화.
>주식(밥 vs 빵/밀), 조리 방식(볶음/찜 vs 오븐/그릴), 식사 도구(젓가락 vs 나이프/포크)에서 큰 차이.
>동양은 쌀과 발효 장류 중심의 조화로운 식단 선호.
>서양은 육류와 유제품, 소스 중심의 개별적인 맛을 강조.
>동서양 식문화의 주요 차이점
• 주식과 식재료: 동양은 쌀(밥)을 중심으로 채소와 생선을 곁들인 식단,
서양은 밀(빵), 감자, 육류(소·닭)와 유제품을 주식.
• 조리법과 도구: 동양은 웍(Wok)을 사용한 센 불 볶음, 찜, 국/탕(수식·저식) 중심,
서양은 오븐, 프라이팬을 활용한 구이(직화)나 튀김, 소스 요리가 발달.
•맛의 원천: 동양은 장류(간장, 된장, 고추장)를 활용해 재료와 양념의 조화를 중시.
서양은 허브와 향신료, 버터 등을 활용해 주재료의 맛을 살림.
•식사 방식: 동양은 공동 반찬을 공유하는 문화가 발달.
서양은 개인별 접시에 요리가 제공되는 코스 요리 문화가 발달.
• 환경적 요인 : 이러한 차이는 동양의 고온 다습한 기후와 농경 사회, 서양의 평야지대와 목축 중심의 환경 등 지리적 배경에 기인.
출처;
동서양 음식문화의 차이 레포트(해피캠퍼스)
동양음식과 서양음식의 차이점 블로그(네이버)
동서양 식문화 이야기 1편(YouTube)
'밥과 빵' 주식문화가 낳은 차이(KCI)
'밥과 빵' 주식문화가 낳은 차이(Semantic Scholar)
[동서양의 음식문화의 차이(Professional Barbecuer)]
https://www.professionalbarbecuer.com/43/?bmode=view&idx=127980
​
ㅡ科學의 (자연의 이해‘Knowledge)探究가 工學의 技術와 다르고 機能의 匠人이 技術와 법률적관계가 달라서 관계가 같으나 다르다말하고있는데,
역으로 다른 “ 文學의 文人와 藝術의 藝人은 “ 科學와 工學 &機能 ”와 같다고 말하고있고, “藝人와 藝家 “는 자기와는 글자가 다른 “ 禮山와 禮唐 ”와도 같다고말하고있는데,
역으로 ” 文學의 文人와 藝術의 藝人은 文家와 藝家와 다르다 말한다. 같은데 무엇이 달라서 다르다 말하고 &다른데 무엇이 같아서 같다고 말하는가?.
​
ㅡ策士‘謀士’冊나무의 冊房‘書店&WORK’153UP의 다우’큰나무大木&ACE현암智山‘箕山/巨山RAON曉星‘DAON코오롱KOLON ‘158의 巨商GS大宇와 三星’曉山의巨龜‘巨象‘
​
아파트APT자리의 다우와 大德 &策士‘謀士’冊나무의 冊房‘書店 &,
“ 요양원의 사랑나무와 호텔나무‘HOTEL의 WORK’UP &아늑와 다우 &주상복합다세대와 오피스텔 ”자리의  [ "" 韓民族의 前進 “이라는 뜻의 ]韓進 &,
유성구봉명동 ‘장급여관[과거 20실 이상의 객실을 갖춘 2세대 대중 숙박시설, 1세대 여인숙에서 진화한 형태. 현재는 모텔이나 게스트하우스 등으로 리모델링 or 저렴한 장기 투숙(달방) 수요를 충족하는 숙박시설]와 유성CJ나인파크아파트자리의 153UP &다우와 DONUT &다복와 큰나무 &,
‘ 大木와 ACE &현암와 智山 ’의 다인와 다원 &,
‘箕山와 경동 &새마을’의 엔지니어링[ Engineering( 과학, 기술, 수학적 원리를 응용하여 산업 설비, 구조물, 시스템 등을 기획, 설계, 제작, 운영 및 유지보수하는 전 과정) ]와 사각‘입체’큐브(6개의 정사각형 면으로 이루어진 정육면체’Cube) &,
‘호텔와 오피스텔’자리의 “ 158Coffe와 巨商GS大宇와 曉山의 巨龜‘巨象와 다이소몰Daisomall[ 주식회사 다이소 산업(株式会社大創産業 )은 일본의 100엔 숍 다이소(ダイソー)를 운영하는 기업. 본사 일본 히로시마현 히가시히로시마시 ] ” &,
巨山의 RAON曉星와 巨星의 DAON코오롱KOLON.
​
•한자 표기: 智異山 (지이산)&읽기: 지리산
경상남도의 하동군, 함양군, 산청군, 전라남도의 구례군, 전북특별자치도의 남원시 등 3개 도, 5개 시군에 걸쳐있는 산이며 백두대간의 종점.
의미: 지혜의 산, 대승불교에서 지혜를 상징하는 문수보살이 머무는 산이라는 의미에서 유래했다는 견해가 지배적. 한국민족문화대백과사전.
과거에는 두류산(頭流山), 방장산(方丈山) 등으로도 불려. ‘智異'는 우리말 '지리'를 한자로 옮긴 음사(音寫)로, '지리하다(산이 높고 넓다)'는 뜻에서 유래했다는 설도 있음. 학술논문검색사이트 KISS.
​
•기산(箕山):
굳은 절개나 신념을 뜻하는 고사성어인 기산지절(箕山之節)에 사용. 箕 (키 기): 키, 곡식을 까부르는 도구, 성씨.
山 (뫼 산): 산, 뫼.
중국 요임금 시대에 허유가 은거했던 산에서 유래하여 속세를 떠나 절개를 지키는 곳을 비유. 기호일보
주요 성어: 기산지절(箕山之節): 기산의 절개. 외적 환경에 굴하지 않는 굳은 신념( 기산심해(氣山心海): 기산심해. 김포신문), 또다른 譏訕(기산): 남을 헐뜯는다는 뜻.
​
• 현
現 (나타날 현): 현재(現在), 현금(現金), 현장(現場)
玄 (검을 현): 현무암(玄武岩), 현묘하다(玄妙-)
賢 (어질 현): 현명하다(賢明-), 현인(賢人)
懸 (매달 현): 현수교(懸垂橋), 현상(懸賞)
弦 (시위 현): 현악기(絃樂器)
炫 (빛날 현): 현란하다(炫爛-) 나무위키
이 외에도 현(縣, 고을 현), 현(舷, 배 옆 현)등Wiktionary
​
•巨星(jùxīng); 천문학적으로 태양보다 반지름과 밝기가 훨씬 큰 별인 '거성(Giant star)'을 뜻 &연예/스포츠 분야의 '슈퍼스타(Superstar)'를 뜻. 연예계의 아주 유명한 사람을 지칭할 때 주로 사용. 비유적으로 큰 영향력을 가진 존재를 의미 Wiktionary, the free dictionary
산업/기업: 杭州 소재의 제조업 기업 巨星控股集团 (Great Star Group)巨星 集团.
동의어 (Synonyms): 슈퍼스타: 超级明星 (chāo jí
míng
xīng), 巨星 (jù xīng) /천문학: 거성 (巨星)巨星 集团
​
•다우와 ‘GOLD BOO’골드북서점(둔산선사점, 서구’둔산동 1002‘월평3동 월평북로 85).
다우(茶友); 차(茶)와 함께하는 벗을 뜻 &차를 마실 때 다판(茶盤)에 올려두고 차를 부어주는 도자기 인형.
다우(多雨); 비가 많이 내리는 것을 뜻
다우(多祐); 세상에 많은 도움을 준다'는 의미의 기업명
茶友 (차 다, 벗 우):
多雨 (많을 다, 비 우): 비가 많이 내림.
多祐 (많을 다, 도울 우): 세상에 많은 도움을 준다(다우기술).
多憂 (많을 다, 근심 우): 근심이 많음
​
• 큰나무와 책통책먹는 마법사‘여우‘배우“
• 부산현대미술관 책그림섬; 예술성이 ㅡ중략ㅡ
​
[네이버 블로그] 금호김영집
https://m.blog.naver.com/yjsjhs
https://m.blog.naver.com/arangjoeul
https://m.blog.naver.com/bwiwd
​
https://story.kakao.com/kumhokyj/8JFUKLGjkN9
​
https://story.kakao.com/kumhokyj/GKfkNfYWNOA
​
https://story.kakao.com/kumhokyj/1PUI9povMN9
2/3
ㅡ 중 략 ㅡ
​
• 큰나무와 책통책먹는 마법사‘여우‘배우“
• 부산현대미술관 책그림섬; 예술성이 뛰어난 팝업 북, 어린이를 위한 독립 출판물, 다양한 언어의 그림책 등을 소장
• 송파책박물관 책과 사람이 만나는 공간, 송파책박물관; 책 - 송파 책박물관 전시. 상설전시. 상설전시 · 북키움 첫 번째 전시 : 나는 동화 마을에 살아요
• 책먹는미술관의 아이들; 그림책을 통해 사고하고 상상하고 소통합니다. Story art factory · Our story · Plan & Vision
• 책먹는하마; 정약용의 초서(抄書) 기법과 OPRS-T(요약) 학습법을 활용해 초등학생의 문해력과 사고력을 키우는 연구 기반 독서논술 프로그램
• 현대어린이책미술관‘
MOKA;
국내 최초 '책'을 주제로 그림책 관련 전시, 테마교육, 열린서재
대전학생교육문화원 중구 동서대로 1360
한밭도서관 중구 서문로 10 (문화동)
가오도서관 동구 동구청로 147(가오동)
갈마도서관 서구 신갈마로127번길 138(갈마동)
노은도서관 유성구 노은동로243번길 34(지족동)
석봉도서관 대덕구 대덕대로 1579(석봉동)
​
ㅡ세종시이름동의 “ iloom와 육회바른연어 &icom와 Urban &다짐와 홍대미대 “ /,
홍대개미와 홍대포차 &홍익인간와 홈플러스express &대덕프라자와 BK &홍루이젠와 홍한울짬뽕 &WOORASAN와 홍천식당(콩나물밥과 콩나물국밥 24시간 영업 맛집) &곱창고와 곱창군 /,
대한곱창와 NASA &(한신우동과 한신포차; 얼큰한 맛과 추억의 포차 감성을 공유하지만, 다른 브랜드로, 한신우동은 즉석 생면 우동과 돈까스를 주력으로 하는 식당, 한신포차는 닭발로 유명한 80년대 감성의 실내 포차 프랜차이즈)한신포차와 한신우동와 &/,
한신SMECA 대덕 비즈센터’와 나사볼트 &삼화문고와 성심49플란트치과의원(유성구 테크노중앙로 47)
​
ㅡ테트라포드(Tetrapod)
프랑스에서 개발된 주로 해안가 파도의 에너지를 분산 감쇄시켜 방파제와 해안을 보호하기 위해 설치하는 4개의 뿔 형태 블록모양의 콘크리트 구조물.
​
ㅡ‘아라'.
>>바다의 옛 순우리말, 감탄사, 혹은 고유명사로 사용. 주요 의미로 바다(고어)나 연못을 뜻. “어머나"", ""와""와 같은 감탄사로 쓰이거나, 일본 서브컬처에서 연상의 여성이 사용하는 ""어머 어머""라는 표현.  나무위키
>>사용 예시:
>순우리말/지명: 바다, 고대 가야의 일파인 아라가야, 또는 제주도의 아라동.
>감탄사: ""아라 아라""처럼 감탄이나 놀람을 표현 (주로 만화/애니메이션).
>브랜드/기업명:
•(첨단 AI 로봇 기술을 바탕으로 고객 맞춤형 솔루션을 제공하는 전문 기업; 충남천안시 동남구 풍세면 풍세산단로 233)주식회사 아라,
•(경북포항시 남구 상도로 42, 2층 상도동 /경기지사 : 안양시 동안구 흥안대로 427번길 38 성지스타위드)아라기술
•대학 정보 공유 플랫폼 '아라
https://www.a-ra.co.kr
대학시험의 모든 것 아라는 다 안다! · 정보를 누구에게나 공정하고 공평하게&선배랑 친해져야 받을 수 있는 돈을 주고 사야하는 족보는 그만.
>캐릭터/아티스트: 게임 《엘소드》의 캐릭터 '아라', 가수 '아라'. 출처: 대학시험의 모든 것,
> a-ra &(세종시와 대전시에서의 )“ 조아라 좋아라 GO-ARA고아라 T-ARA티아라 “.
>주)오복이야기 인천광역시 계양구 장제로 708 한샘프라자[ 오복솥뚜껑은
http://xn--9o0bu1mjtffmfnug.kr/
20년 요식업 경험의 노하우를 살려 4년 넘는 기간동안 테스트를 거처 한국의 전통 음식 문화와 현대적인 감각을 조화롭게 결합한 고깃집 브랜드 ]
오복솥뚜껑
구월점 인천 남동구 인하로489번길 28
홍대점 서울 마포구 잔다리로6길 35
홍대반가점 서울 마포구 어울마당로 116
목동점 서울 양천구 신정중앙로 101
영등포점 서울 영등포구 영중로4길 16-1
범계점 경기 안양시 동안구 평촌대로223번길 11
송내역점 경기 부천시 원미구 부일로 203
계양구청점 인천 계양구 도두리로 14 맘모스타운
연수구청점 인천 연수구 용담로118번길 21
송도타임스페이스점 인천 연수구 하모니로138번길 11
루원시티점 인천 서구 가정로 406 판매시설 A동
옥련점 인천 연수구 옥련로 45
일산라페스타점 경기도 고양시 일산동구 장항동 736-4
구로디지털점 서울 구로구 디지털로32나길 38
부평점 인천 부평구 시장로20번길 15
​
ㅡ(대전동구 대동 402 9번지)돈돼지삼겹살 (서울마포구 동교로 2362)꿀돼지집 (대전유성구 봉명동 564-19번지)유성꽃돼지한식 ‘충전돼지’ /대전세종의 ’홍익돈꺼스‘와는 또다른 글자관계 ’다돼지’가 나간자리에 ‘101번지 남신돈까스’가 들어섰다.
​
ㅡ‘다돼지'
1) '모두 돼지띠'를 의미하는 신년 문구,
2) 이경은 작가의 그림책 제목,
3) 고깃집 등 상호명으로 사용.
4) 잘 될 것이라는 격려나 풍요로운 황금돼지해의 의미를 담아 주로 사용.
www.chunsa.kr
부산 서면 등에서 운영 중인 얼리지 않은 고기를 판매하는 음식점.
5) 그림책: 아이들의 마음을 대변하며 마음껏 뛰어노는 내용을 담은 알라딘 도서 소개 및 교보문고 도서 소개.
6) 어원/활용: '다 돼지(모두 돼지띠)' 또는 '다 되지(모두 가능하다)'라는 뜻. 2019년 기해년 황금돼지의 해 등에서 격려의 문구로 활용됨.
www.chunsa.kr
​
ㅡ서구반석동의
MAYEYE
MAYDAY
MAHAIR
BELLA
MAXIMO
GARAGE ‘ 꽃비네일와 서리서리국수 &홍문당와 책방‘굴슢 ‘ /서구관저동의 花雨林화우림 /‘서구탐방동의 꽃빛한방병원 /중구대흥동의 RAIN와 유성구봉명동의 홍인당한의원와 LINE &
MAYHOTEL와
옛)홍인장‘(오피스텔 및 도시형생활주택)인 '유성 푸르지오시티[1976년 개장해 대전 유성온천 지역의 대표적인 온천 호텔로 사랑받았던 홍인호텔(구 홍인장)은 2011년 6월 35년 만에 영업을 종료했습니다. 폐업 후 해당 부지에는 지상 30층 규모의 복합주거시설]
​
ㅡ” (유성구지족역 옆 )에이치제이디자인디자인와 BAINDESIGN &만두레한우와 SIWOOTILE “에서 (노은역 앞 CGV자리에서 나간 만년닭강정와 함께 )김종구식맛치킨전기바베규옛날통닭관저점이 같이나갔다. “ 돼지고깃집와 돈까스가 &통닭와 차킨이 &고기와 회 &짬와 구이…..etc….등등….“관계가 갈라졌다.
​
ㅡ한반도전통무술의 “선무도 택견 태권도 수박치기 뫼한뭐루 ”가 ’몸와 마음’기공수련의 “마음수련 태극권 국선도 단월드 단무도 ”와 &, 격투기 “ 권투 유도 주짓수 합기도……가 스포츠구기종목의 ” 농구 축구 배구 야구 탁구….와 &, 검도와 관계가 다르다. 스포츠와 무술’무도가 관계의 조합이 다르다.
​
ㅡ유성구노은동의 YK와 CONIC골프 &SG골프와 GOLFZON GDR &HANARO골프클럽와 TRACKMAN GOLD &(주)OKONGTS와 포머스Fomers /,
봉명동커피와 파머스 ‘퍼스트와 View ‘머스트와 카이젠 ‘모스트와 ~
​
ㅡ(광수사 정수사 여래서 송광사….조계종 관계자리 )낚시와 골프가 “ (관계가 달라진 ) “ 피자스쿨와 피자머루 &만년닭강정와 (진강정 &)닭강정 &세탁(소)와 빨래방(판) ”와의 대전세종이 ” 관계의 조합이 달라져 “같은관계가 다툰다. 여기에 “ 고기명작와 고기카페 ”의 관계, ‘고기‘도 관계가 달라졌다.
​
ㅡ유성구구엄8통와 9통에서의 이튼외 중구선화동의 예일 &한울 한얼 한올 한진 한젼….등등에서,
현대HD의 정가왕갈비탕이 왕가봉의 한얼‘가이아Gaia의 관계가 달라졌다.
​
ㅡ이해윤추어명가‘YAMAHA &추어명장’테슬라 &애월한우‘렉서스 &HONDA’ㅡ중략ㅡ
​
[네이버 블로그] 금호김영집
https://m.blog.naver.com/yjsjhs
https://m.blog.naver.com/arangjoeul
https://m.blog.naver.com/bwiwd
​
https://story.kakao.com/kumhokyj/8JFUKLGjkN9
​
https://story.kakao.com/kumhokyj/GKfkNfYWNOA
​
https://story.kakao.com/kumhokyj/1PUI9povMN9
ㅡㅡㅡㅡㅡㅡ
1/3
https://story.kakao.com/kumhokyj/gMfLx7rz5oA
2/3
https://story.kakao.com/kumhokyj/KAyNmcE26Pa
3/3
https://story.kakao.com/kumhokyj/3ZJK5WuP3n9
​
ㅡ 중 략 ㅡ
​
ㅡ대전의 ’타이어뱅크와 GOOD타이어’자리의 “ ‘PLAN B’와 MK  ” 글자관계,
동구의 식장산&서구둔산동‘39desert /서구의 구봉산&서구가수원’양촌 /유성구의 왕가봉&유성구덕명네거리’가이아‘Gaia[ 그리스 신화 속 대지의 여신이자 만물의 어머니. 지구를 하나의 거대한 생명체로 보는 과학적 가설(가이아 이론)의 바탕이 되는 개념. 자연, 풍요, 대지를 상징. 환경 단체나 지구 환경을 논할 때 살아있는 생명체로서의 지구를 뜻하는 말로 사용&태초의 여신: 카오스(혼돈) 다음으로 탄생한, 스스로 태어난 대지의 여신으로 모든 신들과 만물의 어머니{ 동의어’Synonyms: 게Ge, 테라Terra, 텔루스Tellus‘등…}. 대지 그 자체를 의미. 상징: 땅 위에 거주하는 모든 생명에 풍요와 생명을 제공하는 존재 ]앞 ‘이해윤추어명가‘농부아들의 반찬가게 찬장’YAMAHA &/, (대덕구 신탄진로 512)김관식추어명장’테슬라 &(유성구봉명동 삼성홈플러스와 프리미엄 디저트 카페 브랜드 블레스롤‘Bless Roll 앞 )장흥‘애월한우‘렉서스 &(오토바이 )HONDA와 베지래빗804(舊 관저동 파머스마켓; 804명의 지역 농부들이 직접 생산한 신선한 농산물을 판매하는 대형 로컬푸드 직거래 장터입니다. 유성구 방동 지역 농산물을 포함해 가성비 좋은 농산물을 판매하며, 10년 이상 된 전문 업체가 품질을 관리하는 건강한 장소] /
ㅡ파머스161와 베지래빗804
베지래빗804‘프리미엄센터 유성구 아리랑로 18 원촌동 45-22
베지래빗804’골든필드(구암점) 유성구 유성대로 589 구암동
파운딩파머스 대전유성구 도룡동 4-9번지 지상1층
파머스마켓 대전중구 은행동 143-1
충청남도로컬푸드 파머스161 유성구도룡동
파머스161 서남부 유성구 도안대로 93
시티파머스 대전유성구 어은동 107
공주농협파머스마켓 충남공주시 번영1로 100·9.1 km
더 오리지널 파머스 마켓 6333 W 3rd St, Los Angeles, CA 90036 미국
​
ㅡ같은관계라도 ’자동차메이커별로,
써비스센타와 신차매장‘자리의 주변관계가 다르고,
‘국산/외국산’간의 ‘자동차와 오토바이’관계가 다르다.
>국산/외국산 오토바이;
디앤에이모터스(DNA
Motors;
구 대림오토바이)‘KR모터스(구 효성기계공업/S&T모터스)’한솜바이크(Hansom Bike)’블루샤크 코리아(Blueshark Korea; 전기 오토바이 전문 브랜드) / &,
HONDA‘YAMAHA’Suzuki‘Kawasaki’Ducati ‘Triump‘Aprilia ‘Vespa’BMW
Motorrad’Indian
Motorcycle‘Harley-Davidson‘…..
>외국산 자동차;
BYD 대전매장[ 동구 용전동, 한밭대로 1227 ] /( 한국토요타자동차; 도요타 자동차가 100% 투자한 한국 법인, 서울중구 본사. 대전에서의, Lexus와 Toyota 브랜드판매하는 대한민국 공식 수입사. 도요타‘서구 벌곡로 1358 가수원동 474’&렉서스‘유성구 한밭대로492번길 1]도요타&렉서스 /(대전에서의 유성구 봉명동 612-1/대덕구 중리동 236-8)한성자동차’
Mercedes-Benz‘
/[대전에서의, 유성구 엑스포로 1/유성구 한밭대로492번길 8/코오롱모터스]BMW /[폭스바겐그룹코리아(구 아우디폭스바겐코리아)독일 폭스바겐그룹의 한국 법인. 폭스바겐, 아우디, 벤틀리, 람보르기니 브랜드를 총괄. 2004년 설립되어 서울에 소재 ]Volkswagen(경기안양시 동안구 시민대로 361 평촌에이스타워) /[ 선인자동차. Sunin Motors.‘선인자동차 유한회사)]Ford Korea.
​
ㅡLH아파트의 Humansia’휴먼시아(인간을 뜻하는 Human과 대지를 의미하는 sia의 합성어)와
남광토건아파트의 하우스토리’Haustory(독일어로 집을 뜻하는HAUS(하우스)와 영어의 STORY(스토리)를 합성한 조어로써, '집 이야기'라는 뜻) &/,
” 유성구 ’덕명동의 박산(朴山)와 노은동/지족동일대(王駕山 or)王駕峰왕가봉‘ “자리의 ’가이아‘Gaia와
‘[벽이나 나무를 타고 올라가는 담쟁이덩굴을 뜻, 두릅나무과의 상록 덩굴식물. 관상용 식물, 호흡기 질환 치료제(거담제) 원료로 사용, '행운이 함께하는 사랑'이라는 꽃말. 미국 동부의 명문 사립대학들을 지칭하는 아이비리그(Ivy League)로도 쓰임 ]Ivy’아이비‘(세종시 )아이콤타워 [ 1생활권 아름동 ) &/,
(세종시)아이콤스타타워[ 3-3생활권. 소담동 한누리대로 2022 ]와 ‘아이누리’포털https://i-nuri.go.kr‘ &/,
’김천의 양고기 맛집‘(한국의 양 성씨. 梁, 楊, 樑, 襄 등에서의)양가양미’陽家羊味(&양가양미‘서구 둔산동 1457’둔산직영점; 삿포로식 양숯불구이 전문점)와 둔산현대아이텔’ &/,
(서구용문동 250-5/유성구봉명동…일대에 위치한 도시형 생활주택 및 오피스텔 브랜드)리베라아이누리와 ’PULL
MOON‘농부아들의
반찬가게 찬장‘ &/….위 각 자리마다 아래의,
“ ABC “와 “ ACE; 테라노블에이스(TeraNobleAce)와 DPLACE &‘TOWSOME PLACE’와 ‘ACE AD’[ 1) 설치된 앱의 재참여를 유도하는 구글의 '앱 참여 캠페인(App Campaign for engagement, ACe)' 2) NHN ACE의 데이터 기반 타겟팅 광고 플랫폼인 '에이스트레이더(ACE Trader) ]…..etc…관계가 붙어서,
” ’(HIVE )하이브 ‘(D’HIVE )디하이브 ‘(DIAV )디아브 ‘히아브HIAB……“와의 관계의 조합이 달라서,
관계를 바라보는 ’자리와 방향’을 “달리한다.
​
ㅡ충북 괴산와 괴강
​
ㅡ고전와 현대에서의, 관계설정이달라서 다툰다.
“ 소설와 시인 &민화와 만화 &만화애니메이션Animation (or 만화영화’漫畫映畫)와 영화….
>김시습의 《금오신화》(만복사저포기, 이생규장전 등)
>채수의 《설공찬전》과 같이 저승 이야기를 다룬 한글 소설이 등장했으나, 금서로 지정되기도.
>「사씨남정기」 조선 후기에 서포 김만중이 지은 고전소설.
>김홍신 (사회비판·역사 대하소설)
인간시장 (1981): 부조리한 사회를 풍자한 한국 최초의 밀리언셀러. /대발해 (전10권): 민족의 자존심을 높인 대하역사소설.
>김진명 (팩션·안보 소설)
무궁화꽃이 피었습니다 (1993): 600만 부 판매된 대한민국 밀리언셀러. 고구려 (5권+): 팩트에 기반한 역사 대하소설.
​
ㅡ충북“괴산‘槐山; 槐회화나무 괴, 山뫼 산“&”괴강槐江; 槐’회화나무 괴, 江강 강”에서 “ 山와 江 ”글자가 달라서,
(괴산군 괴산읍 쏘가리길 43)아쿠아리움와 (괴산읍 충민로검승1길 6)괴산농업역사박물관이
(괴산군 칠성면 괴강로)농업회사법인괴산한우타운(주)와 (진천군 진천읍 문화10길 1)‘TYM 진천 종합 딜러점 농기계, 트랙터’와 관계가다르다.
충남‘논산論山와 晉州矗石樓‘논개論介[임진왜란 당시 진주성에서 왜장을 안고 남강에 투신한 의기義妓. 본명 주논개朱論介로 알려져] &“충청남도 금산군와 경상남도 남해군에 있는 금산 & 경상남도 진주시 금산면“은 같은가?.
​
괴강국민여가캠핑장 오토 캠핑장 괴산읍 충민로검승3길
괴강 토종어류체험관 괴산군 괴산읍 제월리 952
괴강354 커피숍/커피 전문점 괴강관광농원
충북 아쿠아리움 괴산군 괴산읍 쏘가리길 43
​
[네이버 블로그] 금호김영집
https://m.blog.naver.com/yjsjhs
https://m.blog.naver.com/arangjoeul
https://m.blog.naver.com/bwiwd
​
​
https://story.kakao.com/kumhokyj/CPZWJ1v9Un0
​
https://story.kakao.com/kumhokyj/H3FdLP94Roa
​
https://story.kakao.com/kumhokyj/b1g5gi8kwn0
​
042
+158
=200
+153
=353
+947
=1,300
+747
=2,047
+33
=2,088
.
.
.
947
-747
=200
.
.
.
31
+69
=100
.
.
.
11
+69
=180
.
.
.
69
-11
=58
.
.
.
11
+39
=50
.
.
.
11
+49
=60
.
.
.
39
+49
=88
.
.
.
49
+31
=90
.
.
.
55
+33
=88
+11
=99
.
.
.
66
+33
=99
+1
=100
.
.
.
ㅡ‘Belleposto' (또는 'Bel Posto')
•이탈리아어로 ""아름다운 곳""을 의미. 주로 와인 브랜드나 이탈리아 레스토랑의 이름.
•BelPosto Italian Wines (와인 브랜드): 이탈리아 전역의 아름다움을 공유하고자 하는 와인 브랜드. 특히 연한 황금빛과 사과 향이 특징인 'BelPosto Prosecco D.O.C.'
•Bel Posto Italian Cafe (음식점): 러시아 힘키(Khimki)에 위치한 이탈리아 및 일식 퓨전 카페.
•Bel Posto (미국 레스토랑): 미국 뉴욕주 완태그(Wantagh)에 위치한 레스토랑.
​
ㅡ‘鳳鳴(봉명)’; 주로 봉황이 운다는 뜻의 고사성어 봉명조양(鳳鳴朝陽)의 줄임말 출처;DBpia
1. 鳳鳴 (봉명)의 의미
뜻: 봉황이 산의 동쪽에서 운다.
상징: 봉황은 상서로운 상상의 동물로, 봉황이 운다는 것은 천하가 태평할 조짐이나 훌륭한 현인(어진 신하)이 나타났음을 의미합니다.
유래: 중국 신당서(新唐書)에서 유래하였으며, 어지러운 세상에서 소신 있게 직언을 하는 강직한 신하를 비유할 때 쓰입니다.  DBpia
2. 鳳鳴朝陽 (봉명조양)의 의미
봉황이 아침 해(또는 햇살)를 향해 운다는 뜻으로, 세상이 평화롭고 덕망 있는 지도자(혹은 신하)가 나타나 조화로운 세상을 이룬다는 뜻
​
ㅡ“ ~明”
>명명(鳴明): 울 명(鳴)자를 써서 '울어 밝힌다'는 뜻.
주로 닭이 울어 새벽을 알리는 것을 의미.
>덕명(德明): 큰 덕(德)자를 써서 '덕이 밝다'는 뜻.
인명이나 지명으로 자주 사용.
>동명(東明): 동녘 동(東)자를 써서 '동쪽의 밝음', 즉 떠오르는 해나 광명을 의미. 고구려의 시조 동명성왕의 명칭
>월명(月明): 달 월(月)자를 써서 '달이 밝음' 또는 '밝은 달'을 뜻. 신라 시대의 승려 월명사가 유명.
>홍명(紅明): 붉을 홍(紅)자를 써서 '붉고 밝음'을 뜻.
>이 단어들은 주로 한국이나 중국의 인명, 사찰 이름, 혹은 고전 문학에서 밝은 기운을 나타내는 표현으로 자주 등장.
​
ㅡ미식’美食‘味食‘(미숫가루를 뜻하는 미식)糜食 ‘화식’和食‘火食 ‘육식‘肉食  균식‘均食 ’호식’糊食 ’삼식‘三食 ’소식‘小食’대식‘大食 ’暴食‘폭식 ’단식‘斷食….. etc..등등 에서의, 인간 생활의 3대 기본 요소 의식주‘衣食住 중  “ 食~ ”.
​
[네이버 블로그] 금호김영집
https://m.blog.naver.com/yjsjhs
https://m.blog.naver.com/arangjoeul
https://m.blog.naver.com/bwiwd
​
https://story.kakao.com/kumhokyj/H3FdLP94Roa
​
https://story.kakao.com/kumhokyj/b1g5gi8kwn0
​
ㅡ세종시고운동남측.
디사이플교회DISCIPLE CHURCH ‘공감HAIR ART ‘INTERIOR IVORY SPACE ‘나이스애드 ‘(성악가‘김동규 Secret Garden 1집 수록곡 10월의 )어느멋진날‘ATELIER&SHOP ’(DADA)다다카츠‘다다 ‘여우쌤PT필라테스 ‘LA BELE HAIR ‘패밀리 집밥&도시락
​
ㅡ대전유성성구상대동&봉명동.
벨포스토Belleposto(한남대학교와 지족동1차’충남대와 봉명동일대 2~7차‘네번째이야기’등 다수의 도시형생활주택 및 아파트, 봉명동631-3 )벨포스토 네번째이야기 ‘올레국수 ‘교동면옥 ’스타벅스 ‘예일 ’(과거의 HD와 현재의 )HJ.
’[ (반석동646-7의 중식당)청린晴潾와 ’(서울중앙지방법원 및 안양지원)법무법인’청린&{ 인천서구 해삼건조 및 염장수산물 벤처기업 }(주)청린와 (게임/콘텐츠: 대항해시대 오리진의 캐릭터 )청린 &(리디북스의 로맨스 e북 제목 )청린와 {백석대학교 관광학부 학생회 이름(청춘의 이륙, 인생의 항해)의 }청린 &(반석동 042커피의 )다린와 ( 사바나와 초원 지대 서식. 세계에서 가장 키가 큰 육상 아프리카동물 포유류 )기린’African giraffe &{ 실제 동물 Giraffe이 아닌, ’동아시아 신화 속의 상상 속 동물‘四靈‘영물靈物-龍’鳳凰‘龜와 함께 ’어질고 상서로운 (인수仁獸)동물로 여기는 }麒麟와 {Asahi맥주 심볼 기린;麒麟Kirin, 아사히‘あさひ‘朝日/旭; ’아침 해' 또는 '아침 햇살’=‘떠오르는 해처럼 밝고 성실하다‘뜻, 떠오르는 태양을 형상화허여 붉은색 원형의 태양 모티브가 결합. ”아사히 수퍼드라이‘Asahi Super Dry )麒麟Kirin &(벨포스토‘Belleposto와 )KIRIN.
‘열린아카데미 투모어휘트니스 ’천안호두과자 ’[ CASA와 CASAMIA &’(서구둔산동 1356, 레지던스 호텔 라미아)Residence Hotel Lamia‘와 [그리스신화 속 포세이돈의 딸 &리비아의 여왕. 제우스와의 관계 때문에 헤라의 저주를 받아 아이를 잡아먹는 괴물이 된 인물. 상반신은 아름다운 여인 하반신은 뱀의 모습. 반인반뱀의 괴물(비스트맨)로 묘사. 밤에 출몰하여 젊은 남성을 유혹하거나 아이를 해치는 존재 ]라미아Lamia.
[ {대한민국 최초의 휴머노이드로봇 휴보HUBO와 }LH의 ‘인간Human+공간sia’= ]Humansia ‘포티엔차이나 ’유아이ui ‘맘e편한약국 ‘ROGERS로저스나인9골프아카데마 ‘오노크HAIR SHOP’ ’
MEGABOX
‘LONG BEAUTY 롱뷰티 ‘SM+에스엠플러스수학학원 ’TOUSlesJOURS ‘(SMART와 GMART &영‘HOME
MART와
)ORANGE MART.
​
ㅡ투모어휘트니스 본점
유성구 봉명동로 27 27 ‘구암동 615 17번지 ‘학하로 98 ‘지족동 901-2 ‘지족로 273 ‘서구관저동 1415번지 관저빌딩
​
ㅡ과거와 현재의 ‘예일~’
>유치원 어린이집 유성구교촌동627-1
>보습학원 사립학교 서구가장동
>이비인후과의원 동구대동148-59
>약국 계룡시
>모터스
차량 대리점 구도동
유성점 구암동615-27 ‘서구 구봉산북로7번길70-9
>학원
입시학원 변동 71-15
사립학교 서구탄방동 743번지
사립학교 중구부사동 142-9번지
영어회화 컬컴 둔산점 평생교육원 서구 둔지로 14
보습학원 중구중촌동 10-3
수학교습소 수학학교 서구가장동55번지 나르매1차아파트 유치원동
보습학원 사립학교 가장동
플러스학원 사립학교 대전유성구 관평동907번지 밸리타운
반석예일학원 입시학원 유성구반석동639-2
입시학원 대덕구오정동61-6
>토건
시공업체 산성동
(주)예일건설 시공업체 서구변동 5-38번지
(주)예일도장건설공사 시공업체 정림동 84
>전기
제조업체 서구갈마동407
전기 기사 대덕구대화동 530-4번지
제조업체 대화로120 가온비즈타워
명일전기 전자제품 판매점 대덕구대화동298-13
>기획
광고대행사 유성구궁동
광고대행사 동구용전동11-4번지
광고대행사 중앙동
>타일상사
지업사 벽지 판매점 대사동
욕실용품점 동구삼성동298-8
>스터디카페 카페 서구가장동 55번지 나르매1차아파트
>서울예일치과의원 치과의사 은행선화동
>방사선과전문 병원 대전 신탄진동 행정복지센터
>정보통신 도마1동
>공인중개사사무소 부동산 중개 사무소 대사동
>법무법인(유한) 예일법조 대전분사무소 법률 사무소 둔산동 둔산로123번길21 엠시티타워
>건축사사무소예일 건축 설계사 서구둔산1동 1476
>주)예일홀딩스 부동산중개사무소 중구오류동188 25번지
>주)예스틸 철강대리점 죽동
​
ㅡ종교의 誡命계명와 불교의 (法名 or 法號)戒名 &,
(닭 울음)鷄鳴와 (鳳凰;수컷鳳와 암컷凰 한쌍 봉황 &鳳鳴朝陽의 줄임말 )鳳鳴 (밝은 기운을 나타내는 표현되는 ~ 明 ;)鳴明‘德明’東明‘月明’紅明‘鳴明‘洪明
>洪明商街; 1974~2009년 중동 목척교 위에 있었던 옛 쇼핑타운.
>洪明商會; 오류동 및 봉명동에서 뭉티기, 육사시미 등을 판매하는 유명 음식점.
​
ㅡhttps://sgsg.hankyung.com/article/2025011726421
함곡계명函谷鷄鳴; 函谷關[전국시대 진秦시대 산동(山東)6국으로 통하던 험하기로 유명한 관문‘天下第一險關]의 닭 울음소리’라는 뜻으로, 비굴하게 남을 속이는 하찮은 재주나 그런 재주를 가진 사람을 이르는 말. 하찮은 재능도 때로는 긴요하게 쓰인다는 긍정적 의미로도 사용.
​
ㅡ’PULL
MOON’와
‘농부아들의반찬가게찬장‘의 자리,
“ [ 대전원예농협‘새산성지점(중구문화로 26) /대전원예농업협동’석교지점(중구석교동 59-12) /대전원예농협‘서대전지점(중구오류동171-29’계백로1685번길 41‘박인복골프스쿨) /원예농협유통(유성구 학하동 ) &]대전원예농협’둔산로지점(서구문정로 136 탄방동)와
[ 경기‘고양시 일산서구 대화로362(구:대화동 2324)일산서구 화훼 전문 농협’화훼농협‘본점 &](유성구 노은동 113-2 ‘탄방점-대전서구 탄방로51)한국화훼농협의 美와 味 &,
유성구봉명동의 ’약손마사지와 [ 아름다울 미; 아름다움, 곱다, 美國 ]美와 味[ 맛 미; 맛, 취미, 기분 ]와
[ ‘유성구문화원로6번길 114 장대동‘솟대와 천하’대장군여장군’장승‘자리의 ’KOREA한옥Hotel’만월(滿月, Full
Moon)’
&,
[ { 대덕구한밭대로 1133 중리동’상생방송(주) }STB상생방송와 (대덕구중리로75번길 22-19&한밭대로1149)회덕농협중리지점 인근 ]일본료칸재현테마형숙소‘유카타제공‘대덕구중리동402-8번지’만월호텔중리점와 (대종로460번길 29‘브라운도트호텔 대전역점 /대흥동 92-1‘크리스탈 레지던스호텔’와 인접한 &)‘대흥로165번길 35’만월호텔대흥점‘의 美와 味 &,
세종시고운동남측‘금성갤러리작명원’한진서세종대리점‘한솔플라톤‘켈리다움’의 ’米[쌀 미&
Meter의
음역{기호‘
m{국제단위계SI’에서
길이나 거리를 측정하는 기본 단위) }미터meter ]와
未[ 아닐 미, 아직 ~하지 못하다. 미래未來 ]의 (교재 출판 전문 기업 ’
Mirae
N Books Co,Ltd‘)(주)미래엔 &,
迷[ 미혹할 미, 미혹하다, 헤매다, 미신迷信; 기독교 맥락에서 이단Heresy과 미신Superstition은 정통 교리에서 벗어난 신앙 형태를 지칭. 기독교의 기본 교리인 삼위일체, 예수 그리스도의 신성과 인성, 성경의 권위, 구원관 등을 부인하거나 왜곡하는 집단 또는 가르침 ]의 (타 종교가 이단시하며‘대치하는 민족종교)단군신화‘한민족 건국 이야기’환웅‘弘益人間’在世理化‘고조선건국’인본주의·이타주의사상‘민족 종교의 뿌리 신앙’甑山道‘水雲敎‘天道敎‘天父敎‘大巡眞理會‘宣敎‘,
위 자리마다 동일하고 같은관계가 있으나 다른 관계와의 관계맺음‘조합이 다르다.
​
[네이버 블로그] 금호김영집
https://m.blog.naver.com/yjsjhs
https://m.blog.naver.com/arangjoeul
https://m.blog.naver.com/bwiwd
​
https://story.kakao.com/kumhokyj/3LAXMT7skN9
​
ㅡ사람은 같은것을 같지않다고 말한다, 인간은 무엇을가지고 무엇이 같지않다고 다투고있는가?.
장애인와 비장애인 &건걍한사람와 Patient환자(는 의료 환경 내에서 '관리 및 치료 대상'이라는 의미 &Sick person/Patient병자는 '병을 앓는 신체 상태'에 초점)에서의 ‘人相着衣인상착의‘에 든 ‘身體構造신체구조’에 관계가 들어가있다.
관계가 다르다고, 인간은 단순히 자기자신과 ‘人相着衣와 身體構造’가 다른이유를가지고, 겉모습으로 사람을 평가하고 차별하며 차등을 둔다.
같은 인간이 무슨 관계가 다르고 어디와 어떻게 달라서 다투고, 의샤외 한의사 &수의사도 다툰다.
여기에 “ ’신神‘God유일신’Deity일반적인 신‘Spirit영적인 존재나 자연의 신’Theos그리스어 어원’ ”의 존재여부를가지고 종교가 다툰다.
종교와 인간은 무엇을가지고 다투고있는가?.
글자와 문자에 관계가 들어가있다.
그 글자와 문자들이 달라서 그래서 ‘草根木皮와 人相着衣 &身體構造외 耳目口鼻‘ 문자를가지고, 한글와 한자 &(또다른 여러)외국어를가지고 ’나와는&우리와‘는 다르다고, 관계가다툰다.
그래서 한 일례로 위 인상’人相이 역도의 “ 인상Snatch; 바벨을 한 번의 동작으로 머리 위까지 들어 올려 일어서는 기술 위주의 종목 /용상Clean & Jerk; 바벨을 어깨에 한번 멈췄다가 두 번에 걸쳐 머리 위로 드는 힘 위주의 종목 “와, 관계가달라서 다툰다. 그래서 수학의 약수約數가아닌,
“ 藥水와 聖水 &聖洙와 湖水 &生水 “가 &온천溫泉와 원천源泉의 관계와 달라서 다툰다.
​
ㅡ사람의 이목구비(耳目口鼻, 귀, 눈, 입, 코 /얼굴의 전반적인 생김새와 인상을 결정하는 핵심 요소)가 하나라도 없으면 절대로 살아갈 수 없는 핵심요소.
>외부의 ‘얼굴face’의 머리와 목‘몸통’팔 2개‘다리 2개’사타구니의 생식기‘에,
>내부의 ’내장’근육‘뼈’혈관‘혈액’체액‘신경계’등으로 구분.
•외과와 내과의 핵심 차이‘치료 방법'에 따라,
내과는 약물, 주사, 내시경 등으로 몸 안쪽의 장기 질환을 치료,
외과는 수술, 절개 등의 물리적인 방법을 통해 질병을 치료. 출처; 나무위키.
​
ㅡ기독교(개신교)와 천주교(가톨릭)에서의 예수상과 성모상을 대하는 관점과 수인(손 모양, 손가락 동작)의 의미.
>종교적 전통과 교리에 따라 큰 차이를 보임.
1. 예수상과 성모상에 대한 관점 차이
-천주교(가톨릭):
성상(예수상, 성모상 등)을 공경의 대상.
성상은 그 자체로 숭배의 대상이 아니라, 성인이나 하느님을 기억하고 덕행을 본받게 하는 상징물.
십자가에 예수님이 못 박혀 있는 '십자고상'을 사용하여 구속의 의미를 강조.
-기독교(개신교):
성상 제작 및 공경을 우상숭배로 간주.
교회 내에 성상을 두지 않는 것이 일반적.
따라서 십자가에 예수상이 없는 빈 십자가를 사용.
부활의 의미를 강조. YouTube
2. 성상 수인(손 모양)의 의미
예수님이나 성모상의 수인은 단순히 손 모양을 넘어 그분이 하시는 말씀이나 영적인 의미를 전달.
​
ㅡ불교 수인은 부처와 보살의 깨달음과 공덕을 손 모양으로 나타낸  석가모니의 대표적인 근본 5인.
>선정인,
>항마촉지인,
>전법륜인,
>시무외인,
>여원인.
>기타, 비로자나불의 지권인, 아미타불의 미타정인 등.
>불상과 수인, 핵심 수인 종류 및 의미.
•선정인(禪定印) (Dhyāna Mudra): 부처가 명상에 잠겨 마음을 집중한 상태를 상징.
결가부좌한 무릎 위에 손을 놓고 두 손바닥을 위로 하여 포갠 형태.
•항마촉지인(降魔觸地印) (Bhūmisparśa Mudra): 석가모니가 마귀를 항복시키고 깨달음을 얻은 순간,
지신(地神)에게 이를 증명하는 손 모양입니다. 오른손을 내려 땅을 가리킴.
•전법륜인(轉法輪印) (Dharmacakra Mudra): 깨달음의 진리를 전하는 설법의 모습을 상징.
두 손을 가슴 앞에 두고 양손의 엄지와 검지를 맞대어 법륜(진리의 수레바퀴)을 형상화.
•시무외인(施無畏印) (Abhaya Mudra): 중생의 두려움을 없애주고 위안을 주는 수인.
손바닥을 밖으로 향하게 하여 어깨 높이까지 올린 모양.
•여원인(與願印) (Varada Mudra): 중생이 원하는 바를 들어준다는 의미.
손바닥을 밖으로 하여 아래로 내린 모양입니다. 보통 시무외인과 짝을 이룸.
•지권인(智拳印) (Bodhyagrī Mudra): 비로자나불이 결하는 수인.
이(理)와 지(智), 중생과 부처가 하나임을 나타냅니다. 가슴 앞에서 오른손으로 왼손 검지를 감싸 쥔 모양.
•미타정인(彌陀定印) (Amitābha 定印): 아미타불이 결하는 선정인의 변형.
양손의 엄지와 검지를 맞대어 엄지끼리 맞닿게 하여 무릎 위에 둠.
•이외에도 논의인(論議印), 천지인(天地印) 등.
시대와 불상에 따라 다양한 수인이 존재.
​
http://www.ibulgyo.com/news/articleViewAmp.html?idxno=206857
​
[청년을 위한 불교기초강의] <64>
불상 손 모양이 각기 다른 이유?
​
2020-07-04
​
이정우 군법사ㆍ육군 대령
​
Q    불상을 자세히 살펴보면 부처님의 손 모양이 매우 다양하던데, 손 모양이 각기 다른 이유는 무엇인가?
​
불상은 자세와 손 모양 이용해
중생과 소통하기 위한 뜻 담아
​
A    각 사찰에 모셔져 있는 불상을 살펴보면 서 있는 불상·앉아 있는 불상·누워있는 불상 등을 볼 수 있고, 각 불상의 손 모양도 다양함을 확인할 수 있습니다. 서 있는 불상 중에 우리에게 가장 친숙한 불상은 아마도 탄생불인 아기부처님상일텐데, 이 탄생불은 오른손으로는 하늘을, 왼손으로는 땅을 가리키고 있는 모습으로 누구나 ‘천상천하 유아독존 삼계개고 아당안지’를 외치고 계시는 모습이라고 짐작하게 됩니다.
​
이처럼 불상은 자세와 손 모양을 이용하여 전하고자 하는 메시지를 표현하고 있는데, 특히 손 모양으로 메시지를 전달하는 방법을 수인(手印)이라고 합니다. 이 수인이 각기 다른 것은 전하고자 하는 메시지가 다양하기 때문입니다.
​
각 사찰에는 석가모니부처님 외에 다양한 부처님을 모시고 있다는 사실을 알고 계실 것입니다. 건물의 현판을 보면 어느 부처님이 모셔져 있는지를 알 수 있습니다. 대웅전에 모셔진 불상은 석가모니이고 극락전·아미타전·무량수전에는 아미타불이, 약사전에는 약사불이, 미륵전·용화전에는 미륵불이, 대적광전·화엄전·비로전에는 비로자나불이 봉안되어 있습니다.
​
그리고 현판 외에 불상의 손 모양을 보고 어느 부처님인지, 어느 보살님인지를 알아볼 수 있습니다. 불·보살님들은 각자 독특한 수인과 계인(契印)을 하고 계시기 때문입니다. 계인이라는 것은 수인과는 또 다르게 손에 무언가를 들고서 자신의 특징을 나타내 주시는 것을 말합니다.
​
석가모니부처님의 손 모양은 주로 선정인, 항마촉지인, 전법륜인, 시무외인, 여원인이라는 다섯가지 수인을 기본으로 합니다. 수인은 불·보살의 생애와 역사, 교리적인 의미까지도 내포하고 있기때문에 불·보살의 이름과 그 교학까지도 짐작케 해주는 역할을 합니다.
​
지권인(智拳印)이나 법계정인을 한 불상은 비로자나불로서 그의 특징과 가르침을 형상화한 손 모양이며, 아미타불을 나타내는 손 모양은 미타품인이라 하여 9가지의 성품을 지닌 모든 중생을 다 구제하고자 하는 의미를 담고 있습니다. 그리고 약사불은 약함을, 관음보살은 정병이나 꽃을, 지장보살은 보륜이나 석장을, 신장들은 금강저나 보탑 등을 한 손에 든 계인을 취하고 있습니다.
​
이처럼 불·보살님들의 손 모양과 들고 있는 물품이 각기 다른 이유는 여러 불·보살님들이 다양한 메시지를 중생들에게 전하고자 하는 마음이 표현된 것으로, 현대의 수화(手話)처럼 비록 말 못하는 불상이지만 지금의 중생들과도 소통하고 가르침을 전달하고픈 불·보살님의 깊은 의도가 담겨있다고 볼 수 있습니다.
[불교신문3595호/2020년7월4일자]
​
[네이버 블로그] 금호김영집
https://m.blog.naver.com/yjsjhs
https://m.blog.naver.com/arangjoeul
https://m.blog.naver.com/bwiwd
​
https://story.kakao.com/kumhokyj/3LAXMT7skN9
​
https://story.kakao.com/kumhokyj/1Iu331dHPN9
​
https://story.kakao.com/kumhokyj/H3FdLP94Roa
​
https://story.kakao.com/kumhokyj/b1g5gi8kwn0
​
ㅡ” 문자/철자 →단어 →문장 →문단 →글  →문장 “속에는 고래적 과거에서도 법률적인 ‘사람와 사람’간의 관계關係가 들어가있었고,
그 인간관계에 속에 ‘업종와 직종&벌인일와 하는일‘에서의 Work業업Job와 일’Business’Industry에 관련된 금융Monetary‘통화' 시스템Currency와
Money錢돈Cash가
걸려있었다.
​
ㅡ관계關係란 ?.
>>둘 이상의 사람, 사물, 현상이 서로 관련을 맺고 있는 상태. 빗장 관(關)과 이을 계(係)로 이루어져,
서로 닫고 여는 빗장처럼 연결되어 있다는 의미를 내포. 출처‘대한민국 정책브리핑
>關 (관계할 관/빗장 관): 문빗장, 잠그다, 관계하다 /
係 (이을 계): 잇다, 매다, 연결하다. 출처’나무위키
>關(관): '문(門)'을 빗장으로 닫는다는 뜻에서 파생되어, 서로 닫혀 있거나 얽혀 있는 관계.
>係(계): 사람(亻)이 이어져(系) 있다는 뜻.
서로 묶여 있는 유기적인 연관성을 나타냄. 대한민국 정책브리핑
>즉, 關係(관계)는 서로가 서로에게 영향을 주고받거나 연관되어 있는 상태.
​
ㅡ문자 (Character/Letter): 언어의 소리나 뜻을 기록하는 가장 작은 기호 단위. (예: 한글 'ㄱ', 영어 'A', 한자 '日')
>>글자 (Letter/Character): 문자와 혼용되기도 하나, 주로 소리를 나타내는 문자(letter)나 뜻을 가진 글자(character)를 통칭.
>>철자 (Spelling): 단어를 구성하는 알파벳이나 문자들의 배열입니다.
예: 'Apple'의 철자는 A-p-p-l-e입니다.
>>단어 (Word): 하나 이상의 글자가 모여 의미를 가지는 독립된 언어 단위.
>>문장 (Sentence): 단어들이 모여 주어와 동사를 갖추고 완전한 생각이나 의미를 전달하는 최소 단위.
마침표(.), 물음표(?) 등으로 끝남. YouTube
>>한국어와 영어의 구성 비교
>영어: 알파벳(문자)이 모여 철자를 이루고,
철자가 모여 단어가 되며, 단어들이 모여 문장이 됨.
>한글: 자음과 모음(문자)이 모여 하나의 글자(음절)를 이루고, 글자가 모여 단어가 됨. YouTube
>>언어별 특징
>영어: 26개의 알파벳을 기반으로 하며, 대소문자(Uppercase/Lowercase) 구분이 중요.
>한자 (Chinese Characters): 표의문자(뜻글자)로, 각 글자 자체가 하나의 의미를 가짐. 한글 텍스트 내에서 의미를 명확히 하기 위해 혼용. Oracle Help Center
>>문장을 구성하는 핵심 요소:
주어(S), 동사(V), 보어(C), 목적어(O), 수식어(M)
​
ㅡ음와 양, 해와 댤, 흑와 백, 낮과 밤, 빛와 그림자.
>>옛 속담에,
•(산의 높이가 골짜기의 깊이와 비례하듯, 뜻이 크고 높으면 생각이나 고뇌도 깊다)산이 높으면 골이 깊다. /
[급격한 상승이나 번영 후에는 그만큼 깊은 하락이나 시련이 찾아온다는 의미로 긍정적인 면(빛)이 강할수록 그 이면의 부정적인 면(그림자) 역시 짙어진다는 교훈적 의미로 사용 & 주식이나 상황 변화에 대한 경계로도 자주 쓰임. 나무위키]빛이 밝을수록 그림자는 어둡다.
•(Peak‘피크)산봉우리와 [谷골 곡: 골짜기, 산 사이의 패인 곳 ]溪谷계곡(시내溪가 흐르는 골짜기谷, 谷間곡간: 골짜기 사이. 출처:사이버서당)
•Valley: 가장 일반적인 골짜기, 계곡
•Gorge’Canyon: 좁고 깊은 골짜기‘협곡
•Hollow: (산속의)움푹한 곳‘작은 골짜기
•Gulch: (주로 미국 서부)좁고 깊은 골짜기
>골짜기 사이로 물이 흐르는 모습을 본뜬 상형문자에서 유래 /기상용어로 기압골(氣壓谷)과 같이 움푹 패인 곳을 뜻할 때도 谷을 사용. 출처:사이버서당
>>陰陽五行
>동양 철학의 기초로, 우주 만물의 변화를 대립과 조화의 음양陰陽과 목木‘화火’토土‘금金’수水 다섯 가지 기운.
>동양 철학의 핵심인 음양(陰陽) 사상을 가장 잘 나타내는 대립적이고 보완적인 자연 현상과 개념들.
해/낮/양과 달/밤/음은 서로 조화를 이루는 관계.
>해 (陽 - 양): 빛, 열기, 낮, 따뜻함, 남성, 앞면, 남쪽, 능동적인 힘을 상징
>달 (陰 - 음): 어둠, 한기, 밤, 차가움, 여성, 뒷면, 북쪽, 수동적인 힘을 상징
>음양 (陰陽): 우주 만물이 두 가지 상대적인 기운(음과 양)의 대립과 조화를 통해 존재한다는 원리
>흑백/낮밤: 낮과 밤처럼 서로 대응하는 자연 현상에서 출발하여, 밝음(낮)과 어둠(밤)의 상대적인 관계를 나타내는 흑백 논리처럼 우주의 본질적인 극성을 의미. namestory.kr
​
ㅡSUN&
MOION와
해오름&달오름.
>>일출: 해돋이, 해가 뜸, 日出 /
일몰: 해넘이, 해가 짐, 日沒. 출처:Wikipedia
>>해돋이의 日出일출Sunrise(태양의 맨 윗부분이 수평선이나 지평선에 처음 나타나는 순간)와
해넘이의 日沒일몰Sunset(태양의 맨 윗부분이 수평선이나 지평선 아래로 완전히 내려가 사라지는 순간)
>새해/명소: ""동해안 정동진에서 2026년 첫 일출을 보며 소원을 빌었다.""
>풍경/여행: ""제주도 서쪽 바다에서 붉게 물드는 일몰을 감상했다.""
>시간 정보: ""내일 서울의 일출 시각은 오전 6시 30분, 일몰은 오후 7시입니다."" 나무위키
>>달의 위상별 한자 및 영어 정리
>초승달 (初生달,초생달), Waxing Crescent
Moon
(차오르는 모양)
>상현달 (上弦달 - 반달), 상현上弦, First Quarter
Moon
(상현반달)
>보름달 (望/滿月), 망 (望), 만월滿月, Full
Moon
>하현달 (下弦달 - 반달), 하현下弦, Third Quarter
Moon,
Last Quarter
Moon
>반달 (Half Moon): 상현과 하현을 통칭하여 부를 때 사용하며, 1/4씩 찼다는 의미(=Quarter
moon)
>Waxing: 달이 차오르는 것 (초승달~보름달) &, Waning: 달이 기우는 것 (보름달~그믐달)
>” ‘(어떤 방해에도 진실과 민주화는 온다는 관용구로 인용 /거꾸로 강을 거슬러 오르는 저 힘찬 연어들처럼‘강산에의 노래 ‧ 1998년 /검단사거리 맛집 등 '새벽닭 옛날통닭'과 같은 옛날 통닭 전문점 상호명 )‘닭의 목을 비틀어도 새벽은 온다’ “
•새벽닭은 빛에 민감한 수탉이 어두운 새벽(보통 4~5시)에 송과체 호르몬 분비로 동쪽의 빛을 감지해 우는 것을 의미하며 아침을 알리는 상징으로 사용)
>강산에의 노래 '거꾸로 강을 거슬러 오르는 저 힘찬 연어들처럼'과 김영삼 전 대통령의 명언 '닭의 목을 비틀어도 새벽은 온다'는 표면적으로는 서로 다른 맥락(예술 vs 정치)에서 나왔지만, ""가혹한 시련과 압박 속에서도 굴하지 않고 나아가면 결국 진실과 정의(희망)가 승리한다""는 핵심 주제의식에서 깊은 연관성을 가짐.
​
ㅡ도시의 구분.
>규모와 인구수에서의 구분: 시티(City), 타운(Town), 빌리지(Village)
>발전 수준: 시티(최고) > 타운 > 빌리지(최저)
>행정 구분(미국 예시): 카운티(County) 아래에
시티, 타운, 빌리지가 포함되는 구
>(주상복합 &)APT아파트가아닌,
•일반 1세대 단독주택
•다가구주택: 3층 이하&19세대 이하
•다중주택: 3층 이하, 연면적 660㎡ 이하. 하숙집 형태, 취사 시설 설치 불가
•연립주택: 4층 이하, 연면적 660㎡ 초과
•빌라(다세대주택): 4층 이하, 연면적 660㎡ 이하
•주거용 오피스텔 (아파텔)
•도시형 생활주택
•기숙사/고시원
​
[네이버 블로그] 금호김영집
https://m.blog.naver.com/yjsjhs
https://m.blog.naver.com/arangjoeul
https://m.blog.naver.com/bwiwd
​
https://story.kakao.com/kumhokyj/3LAXMT7skN9
​
https://story.kakao.com/kumhokyj/1Iu331dHPN9
​
ㅡ강남빌딩(세종시‘마음로 272-9)와 강남358타워(구,덕흥빌딩. 서초구 강남대로 363. 서울강남구 역삼동 826-14) /[ 약수Divisor/Factor; 어떤 수를 나머지 없이 나누어떨어지게 하는 수입니다. 1은 모든 수의 약수이며, 모든 수는 자기 자신을 약수로 가집니다. 약수 구하기는 곱셈식, (약수 1, 3, 9, 17, 51, 153 총 6개의 )153’일오삼’와 ]158‘일오팔‘{ 157보다 크고 159보다 작은 자연수. 합성수로, 소인수분해하면 2×79, 약수는 1, 2, 79, 158로 총 4개이며, 이들의 합은240(<316=2×158) }
ㅡ미래엔; 대한민국의 교과서 전문 출판사. 전신인 대한교과서까지 포함한다면 교과서 전문 출판사 중에서도 가장 역사가 오래된 곳. 미래엔 컬쳐그룹‘미래엔서해에너지’전북도시가스 계열사. 국정교과서(충남연기군 동면 내판리 산 25-1, 현 세종특별자치시 연동면 내판리 152번지)
ㅡQMIR(큐미르; 아소비교육이 만든 초등 3~6학년 전문 읽기 전략 브랜드로, 문해력 향상과 구조적 읽기를 통해 학습 자신감을 높이는 특허받은 교육 프로그램)
ㅡ미르‘
MIR[용龍의
우리말 고어, 미리내(은하수, 용이 사는 강이라는 뜻)와도 관련 /’러시아어 '
Mir'
(평화/세상) /가수 미르‘방철용; 2009년 엠블랙(
MBLAQ)으로
데뷔한 래퍼, 현재 유튜브 및 방송 활동을 하는 유튜버 /미르의 전설 2/4: 위메이드의 장수 무협
MMORPG
게임 시리즈, 최신 업데이트와 이벤트를 활발히 진행 중. /스튜디오미르: 넷플릭스 등 글로벌 시장을 주력으로 하는 대한민국의 애니메이션 제작사 ]
ㅡ(용암마을의 영남용바위와 고흥우주발사전망대 두 지점을 연결한 &용을 뜻하는 순우리말인 미르와 꼭대기‘정상을 의미하는 마루가 합쳐진 지명)미르마루길 용바위하늘길(전남고흥군 영남면 우천리 산155-2 하이킹코스) ]
ㅡ한미르; 청신레저㈜ 한미르대덕CC(대전유성구 테크노중앙로 210)와 [대전유성구 테크노중앙로 123 3층 식당가 ]Chai797 Plus 대전현대아울렛 &모던차이(문지로299번길 86-5 중국집)‘왕궁중화요리(엑스포로539번길 245)’이비가짬뽕(대전관평동)‘몽콕(대전관평동베이징덕, 홍콩식)‘미몽 대전관평점(대전관평동짜장면, 중국집)‘(세종시나성동의 청미관와 우미관(구즉로 89-1, 대전유성구중국집, 중식)‘중국성(대전짜장면, 중국집,대덕구 신탄진로 236)‘삼백도(대전관평동짜장면, 중국집, 유성구 관들3길 33)
ㅡPURPLANG; 세종 고운동 위치 프리미엄 영수학원.
학원 내 (고대 그리스 문헌 등에서 실제 존재하는 동물처럼 묘사된 것이 시초이며, 이후 중세 유럽 등에서 전설적인 동물/유니콘은 현실에 없지만, 일각고래(Narwhal)가 '바다의 유니콘'으로 불리기도 /유니콘은 신화와 동화 속에서 꿈과 희망을 상징하는 대표적인 환상종 )유니콘 테마: 학원 내에서 'Rainbow purple unicorn', 'Santa Unicorns' 등 유니콘을 테마로 한 프로그램이나 팀 이름을 사용. 스토리텔링 장치를 통해 아이들과 유니콘의 우정을 다루는 감동적인 교육 환경을 제공
ㅡ몬스터MONSTER(상상 속의 괴물·마물, 또는 엄청나게 크거나 성능·효과가 굉장한 물건을 지칭하는 단어; 1 영화; 2 드라마; 3 음악; 4 우라사와 나오키의 만화; 5 기타; 6 영화 /충남보령시 청라면 내현리 514-12 그린몬스터즈 /
GENTLE
MONSTER
SHINSEGAE DEPARTMENT STORE DAEJEON(선글라스 판매점, 유성구 엑스포로 1) /몬스터커피 대전도안우미린점(커피숍/커피 전문점, 서구 원도안로 51 성광타워) /시애틀몬스터1706 SEATTLEMONSTER1706(그릴, 충남아산시 둔포면 아산밸리중앙로 80-26) /몬스터팩토리(금속 공방, 유성구노은동로75번길 89)
ㅡ매디캐치[의원’내과‘세종NS타워‘세종시고운동1378 /(주)메디캐치(경기 군포시 산본로, 표준산업분류, 의료기기 도매업G46592)
ㅡ메디치가(이탈리아어:
Medici;
13세기부터 17세기까지 피렌체에서 강력한 영향력이 있었던 귀족 가문) 마이스터 마이스 마이카 베네치아가문[주로 동방 무역으로 막대한 부를 쌓아 공화국의 도제(통치자)와 귀족을 독점했던 상인 귀족층]
ㅡ베니스(Venice)와 베네치아(Venezia)
•이탈리아 북부에 위치한 동일한 물의 도시를 가리키며,
언어적 차이일 뿐 실질적인 차이는 없음. 영어로는 베니스, 이탈리아어로는 베네치아.
•베네치아 (Venezia): 이탈리아어 현지 명칭
•베니스 (Venice): 영어권에서 부르는 명칭
•특징: 유네스코 세계문화유산으로, 자동차나 자전거 없이 배와 도보로만 이동하는 독특한 수로 도시로, 같은 곳을 뜻.
ㅡ베네치아의 주요 가문 및 특징
>정치 및 도제 배출 가문: 파르테치아코 가문 (Parteciaco): 9~10세기 수많은 도제와 성직자를 배출한 초기 핵심 가문.
>단돌로 가문 (Dandolo): 4차 십자군 전쟁을 주도한 엔리코 단돌로 등 도제를 배출한 명문가.
>콘타리니 가문 (Contarini): 베네치아의 핵심 지배 귀족 가문 중 하나.
>로레단 가문 (Loredan), 피사노 가문(Pisano), 브라가딘 가문(Bragadin): 15~16세기 번영을 이끈 주요 귀족들.
>마닌 가문 (Manin): 베네치아 공화국 최후의 도제를 배출한 가문.
상인 가문:
>폴로 가문 (Polo): 마르코 폴로를 배출한, 동방 원정 무역으로 명성을 얻은 가문.
>지배 구조와 변화:
•귀족 독점: 1297년 대회의 폐쇄(Serrata) 이후, 특정 가문들만이 도제 선출 및 주요 공직을 독점하는 폐쇄적인 구조 확립.
•몰락과 신흥 가문: 17세기 이후 무역 감소로 전통 귀족들이 몰락하고, 돈을 내고 귀족 지위를 산 신흥 가문들이 등장. Wikipedia
•베네치아의 귀족들은 화려한 가면 무도회 문화(베네치아 카니발)를 즐기며 상업과 예술의 중심지를 아끔.
​
온라인 페북에서 수많은 이쁜뇨자들이, 줄을서서 대기하고있단다!.
이쁘기만허면 뭐한다냐?.
정적둘와 원수들까지도 이구동성이심전심 한마음한뚯으로 그 효용가치없고 양양가없고 쓰잘데기없고,
그 무의미한짓 그만 두란다!.
지금 상황에 이쁘기만것은 쓰잘데기없고 필요하지도않어….. 누구 말대로….나도 알어…이쁘뇨자둘은 널려있는거….
​
인간은 “문자/철자 →단어 →문장 →문단 →글  →문장”의 다름을가지고도 “ 선와 악의 분별삼“때문에 어느쪽 어느편 어느사람들은 이전투구의 진흙탕싸움‘아귀다툼정도가아니라 피비린내나는 목숨을 건 사생결단의 투쟁을한다.
​
세상사람들은 ” 陰陽의 조화를 이야기하고 &빨주노초파남보의 Rainbow무지개색은 어울려야(조화를 이루어야) 아름답다 “말하며 “ 다름은 틀림이 아니다 ”라고 말해놓고, 정작 인간둘은 위 다름때문에 말로하는 이전투구의 진흙탕싸움‘아귀다툼정도가아니라,
피비린내나는 목숨을 건 사생결단의 투쟁을 ‘자국의 같은 관계와의 내전’와 ’타국의 다른 관계와의 전쟁‘을 통하여 ‘자신과의 다름’을가지고,
온세상을 ‘피바다를 만드는 생지옥의 연옥’의 상황을 만들어놓고 싸운다.
​
陰陽五行이 무엇이고 Rainbow무지개는 어떤 관계이길래, 어떤 관계맺음 속의 관계설정때문에 온세상을 ‘피바다의 생지옥’연옥의 상황을 만들어놓고 인간은 싸우고있는가?.
​
[네이버 블로그] 금호김영집
https://m.blog.naver.com/yjsjhs
https://m.blog.naver.com/arangjoeul
https://m.blog.naver.com/bwiwd
​
https://story.kakao.com/kumhokyj/3LAXMT7skN9
​
https://story.kakao.com/kumhokyj/1Iu331dHPN9
​
https://story.kakao.com/kumhokyj/H3FdLP94Roa
​
https://story.kakao.com/kumhokyj/b1g5gi8kwn0
​
ㅡ” 문자/철자 →단어 →문장 →문단 →글  →문장 “속에는 고래적 과거에서도 법률적인 ‘사람와 사람’간의 관계關係가 들어가있었고,
그 인간관계에 속에 ‘업종와 직종&벌인일와 하는일‘에서의 Work業업Job와 일’Business’Industry에 관련된 금융Monetary‘통화' 시스템Currency와
Money錢돈Cash가
걸려있었다.
​
ㅡ관계關係란 ?.
>>둘 이상의 사람, 사물, 현상이 서로 관련을 맺고 있는 상태. 빗장 관(關)과 이을 계(係)로 이루어져,
서로 닫고 여는 빗장처럼 연결되어 있다는 의미를 내포. 출처‘대한민국 정책브리핑
>關 (관계할 관/빗장 관): 문빗장, 잠그다, 관계하다 /
係 (이을 계): 잇다, 매다, 연결하다. 출처’나무위키
>關(관): '문(門)'을 빗장으로 닫는다는 뜻에서 파생되어, 서로 닫혀 있거나 얽혀 있는 관계.
>係(계): 사람(亻)이 이어져(系) 있다는 뜻.
서로 묶여 있는 유기적인 연관성을 나타냄. 대한민국 정책브리핑
>즉, 關係(관계)는 서로가 서로에게 영향을 주고받거나 연관되어 있는 상태.
​
ㅡ문자 (Character/Letter): 언어의 소리나 뜻을 기록하는 가장 작은 기호 단위. (예: 한글 'ㄱ', 영어 'A', 한자 '日')
>>글자 (Letter/Character): 문자와 혼용되기도 하나, 주로 소리를 나타내는 문자(letter)나 뜻을 가진 글자(character)를 통칭.
>>철자 (Spelling): 단어를 구성하는 알파벳이나 문자들의 배열입니다.
예: 'Apple'의 철자는 A-p-p-l-e입니다.
>>단어 (Word): 하나 이상의 글자가 모여 의미를 가지는 독립된 언어 단위.
>>문장 (Sentence): 단어들이 모여 주어와 동사를 갖추고 완전한 생각이나 의미를 전달하는 최소 단위.
마침표(.), 물음표(?) 등으로 끝남. YouTube
>>한국어와 영어의 구성 비교
>영어: 알파벳(문자)이 모여 철자를 이루고,
철자가 모여 단어가 되며, 단어들이 모여 문장이 됨.
>한글: 자음과 모음(문자)이 모여 하나의 글자(음절)를 이루고, 글자가 모여 단어가 됨. YouTube
>>언어별 특징
>영어: 26개의 알파벳을 기반으로 하며, 대소문자(Uppercase/Lowercase) 구분이 중요.
>한자 (Chinese Characters): 표의문자(뜻글자)로, 각 글자 자체가 하나의 의미를 가짐. 한글 텍스트 내에서 의미를 명확히 하기 위해 혼용. Oracle Help Center
>>문장을 구성하는 핵심 요소:
주어(S), 동사(V), 보어(C), 목적어(O), 수식어(M)
​
ㅡ음와 양, 해와 댤, 흑와 백, 낮과 밤, 빛와 그림자.
>>옛 속담에,
•(산의 높이가 골짜기의 깊이와 비례하듯, 뜻이 크고 높으면 생각이나 고뇌도 깊다)산이 높으면 골이 깊다. /
[급격한 상승이나 번영 후에는 그만큼 깊은 하락이나 시련이 찾아온다는 의미로 긍정적인 면(빛)이 강할수록 그 이면의 부정적인 면(그림자) 역시 짙어진다는 교훈적 의미로 사용 & 주식이나 상황 변화에 대한 경계로도 자주 쓰임. 나무위키]빛이 밝을수록 그림자는 어둡다.
•(Peak‘피크)산봉우리와 [谷골 곡: 골짜기, 산 사이의 패인 곳 ]溪谷계곡(시내溪가 흐르는 골짜기谷, 谷間곡간: 골짜기 사이. 출처:사이버서당)
•Valley: 가장 일반적인 골짜기, 계곡
•Gorge’Canyon: 좁고 깊은 골짜기‘협곡
•Hollow: (산속의)움푹한 곳‘작은 골짜기
•Gulch: (주로 미국 서부)좁고 깊은 골짜기
>골짜기 사이로 물이 흐르는 모습을 본뜬 상형문자에서 유래 /기상용어로 기압골(氣壓谷)과 같이 움푹 패인 곳을 뜻할 때도 谷을 사용. 출처:사이버서당
>>陰陽五行
>동양 철학의 기초로, 우주 만물의 변화를 대립과 조화의 음양陰陽과 목木‘화火’토土‘금金’수水 다섯 가지 기운.
>동양 철학의 핵심인 음양(陰陽) 사상을 가장 잘 나타내는 대립적이고 보완적인 자연 현상과 개념들.
해/낮/양과 달/밤/음은 서로 조화를 이루는 관계.
>해 (陽 - 양): 빛, 열기, 낮, 따뜻함, 남성, 앞면, 남쪽, 능동적인 힘을 상징
>달 (陰 - 음): 어둠, 한기, 밤, 차가움, 여성, 뒷면, 북쪽, 수동적인 힘을 상징
>음양 (陰陽): 우주 만물이 두 가지 상대적인 기운(음과 양)의 대립과 조화를 통해 존재한다는 원리
>흑백/낮밤: 낮과 밤처럼 서로 대응하는 자연 현상에서 출발하여, 밝음(낮)과 어둠(밤)의 상대적인 관계를 나타내는 흑백 논리처럼 우주의 본질적인 극성을 의미. namestory.kr
​
ㅡSUN&
MOION와
해오름&달오름.
>>일출: 해돋이, 해가 뜸, 日出 /
일몰: 해넘이, 해가 짐, 日沒. 출처:Wikipedia
>>해돋이의 日出일출Sunrise(태양의 맨 윗부분이 수평선이나 지평선에 처음 나타나는 순간)와
해넘이의 日沒일몰Sunset(태양의 맨 윗부분이 수평선이나 지평선 아래로 완전히 내려가 사라지는 순간)
>새해/명소: ""동해안 정동진에서 2026년 첫 일출을 보며 소원을 빌었다.""
>풍경/여행: ""제주도 서쪽 바다에서 붉게 물드는 일몰을 감상했다.""
>시간 정보: ""내일 서울의 일출 시각은 오전 6시 30분, 일몰은 오후 7시입니다."" 나무위키
>>달의 위상별 한자 및 영어 정리
>초승달 (初生달,초생달), Waxing Crescent
Moon
(차오르는 모양)
>상현달 (上弦달 - 반달), 상현上弦, First Quarter
Moon
(상현반달)
>보름달 (望/滿月), 망 (望), 만월滿月, Full
Moon
>하현달 (下弦달 - 반달), 하현下弦, Third Quarter
Moon,
Last Quarter
Moon
>반달 (Half Moon): 상현과 하현을 통칭하여 부를 때 사용하며, 1/4씩 찼다는 의미(=Quarter
moon)
>Waxing: 달이 차오르는 것 (초승달~보름달) &, Waning: 달이 기우는 것 (보름달~그믐달)
>” ‘(어떤 방해에도 진실과 민주화는 온다는 관용구로 인용 /거꾸로 강을 거슬러 오르는 저 힘찬 연어들처럼‘강산에의 노래 ‧ 1998년 /검단사거리 맛집 등 '새벽닭 옛날통닭'과 같은 옛날 통닭 전문점 상호명 )‘닭의 목을 비틀어도ㅡ중략ㅡ
​
https://youtu.be/ULsPY9XhTfA?si=F3VZb-9VUe9CUiZ8
​
[네이버 블로그] 금호김영집
https://m.blog.naver.com/yjsjhs
https://m.blog.naver.com/arangjoeul
https://m.blog.naver.com/bwiwd
​
https://story.kakao.com/kumhokyj/3LAXMT7skN9
​
https://story.kakao.com/kumhokyj/1Iu331dHPN9
​
https://story.kakao.com/kumhokyj/H3FdLP94Roa
​
대전애서 북쪽관계‘마포하늘공원(서울특별시 마포구 하늘공원로 95)와
남쪽관계’대동하늘공원(대전광역시 동구 자양동 20-9)이,
남쪽관계‘(Booking.com,
https://www.booking.com
대전 게스트하우스 하늘 정원. 여행에 필요한 모든 것, 세계 최대 여행 사이트 Booking.com /인천광역시 중구 운서동 2848-6, 인천국제공항 하늘정원)하늘정원와
북쪽관계‘[jesusglory.kr,
http://www.jesusglory.kr
하늘영광교회 하늘영광 Copyright(c)하늘영광교회 All reserved.designed by 교회사랑넷 /
YouTube · 충일교회 하늘영광 찬양단 /하늘영광교회ㅡ서울특별시 강동구 ’대전광역시 서구 ‘천안시‘장로교회전북특별자치도 전주시 ‘군포시 ’경상남도 김해시 ‘인천광역시 서구 ’감리교회경기도 수원시 ’경기도 시흥시 ‘경기도 화성시 ’충청남도 보령시 ‘서울특별시 관악구]하늘영광‘와의 남북방향자리에
또다른 동서방향자리의 관계가 붙어서 관계의 조합을 달라하며
관계의 방향이 ’다중의 다층으로 중복되어 중첩된 관계‘를 형성하며,
자리마다 글자관계가 다툰다.
​
어찌하여 ’ 과거와 현재의 관계‘가 다투고있는가?.
​
돌아다녀도 반드시 법률적관계가 돌아다녀야한다.
돈이걸린 경제관계에서 자리와 위치가,
행정동‘법정동으로서 법률적인 자리와 위치 관계이어야함에도, 역으로 그 자리와 위치를 ‘ 비법률적인 관계를가져다가 &법률적관계를 비법률적관계로 만들어놓은 후 ‘,
이리저리 옮겨다니면서 (법률적인 인간와 일 &돈 )관계를 임의로 이쪽저쪽다른쪽에서 동시다발적으로&여러곳에서 상대뱡당사자본인이아닌 다른삼자들이 임의로‘함부로 뒤집고뒤바꾸어놓아 흐트려놓으며,
‘과거의기존의당초의 인간와 일 &돈 ’관계를 끊어놓고’망가트려놓아 “ 과거의 관계를 현재의 관계가 ” 뭉개고앉아 들어먹고깨먹은 “상황이다.
​
과거와 현재와의 ‘관계변화’에 든 관계설정,
’관계맺음의 확장성‘에 ‘일관성와 연관성’이 ‘사라진&깨진‘상황이다.
현대사회에서 ” 사람와 일 &돈 “관계는 모두 선택사항이아닌 반드시 의무적으로 법률적관계이어야하고,
어느쪽어느편어느사람들은 과거부터 이미 법률적인 경제관계였다.
​
오래전부터 주변의 인간관계가 ’다투는&싸우는‘ 상황을 알고서 “ 살아서 떠돌아다니는 산송장 만들지마라! ”떠들고있었다.
타인을 살아서 떠돌아다니는 산송장을 만들어 놓은 후,
무슨 관계를 맺고있고 &어떤 일을 벌여 놓은 후 어디에다 어느쪽 누구에게,
현대사회 법률적관계에서는 단순한 거짓말도 문제가되는 관계인데 더나아가 그 허위의 사기행위는 범죄행위를 넘어선 원수짓의 배신행위가되어 이적행위가되는 관계인데,
상대방당사자본인이아닌 다른이가‘삼자들이 인간관계를 훼손하여 신의와 의리를 져버리도록하고 &상도의와 상도리를 훼손햐여 경제관계를 망쳐놓는,
상황이지않은가?.
​
위 관계속의 상황은,
현대사회가아닌 고래적 옛날기록도 남아있지않아 구전으로&야사로 전해지는 ’고구려백제신라‘삼국시대때에도 이미,
원수짓의 배신행위와 이적행위 상황 속 관계때문에 과거에서나 현재에서나 이미 싸우며 다투고았지않았는가?.
​
https://youtu.be/ULsPY9XhTfA?si=F3VZb-9VUe9CUiZ8
​
옛말에 궁금하면 하는말 &가요노래에도 나오는가사,
산너머 산촌와 강촌에는 누가살고있나?.
그 산넘어로가는, 령(嶺)과 재(岾/峙,고개)는,
자리마다 위치가달라서, "" 관계의 방향이&관계맺음의 방향이 ""모두 다 같지않다.
어찌하여 그 같지않은 자리마다 다른 위치속에 든 관계를,
거짓임을 알고서도 속이고있는가?.
​
고개이름
령(嶺)과 재(岾/峙,고개)는 모두 산을 넘어가는 통로를 뜻하지만,
령(嶺)은 백두대간 등 험준하고 높은 큰 산맥을 넘는 주요 고개(예: 한계령, 문경새재)에 쓰이는 한자어입니다. 반면, 재(岾/峙)는 규모나 형태에 관계없이 두루 쓰이는 순우리말 표현입니다.
출처;전북의소리
​
1. 령(嶺) - 험준한 큰 고개
특징: 주요 산맥, 험하고 높은 고개에 주로 사용.
예시: 차령(車嶺), 추가령(追加嶺), 철령(鐵嶺), 한계령(寒溪嶺).
전북의소리
​
2. 재 (고개/령/치/현)
특징: 규모에 상관없이 널리 사용되는 고유어, 령(嶺)은 재의 한자 표기이기도 함.
​
형태:
재: 토박이말 (예: 대관령, 문경새재).
령(嶺): 험준한 산.
현(峴): 작은 고개, 낮은 고개.
치(峙): 주로 지명 뒤에 붙어 험준한 턱을 의미 (예: 웅치).
전북의소리
​
3. 차이점 요약
규모: 령 > 재 (대체로 령이 더 높고 험함).
성격: 령은 대간(大幹)의 주요 고개, 재는 일반적인 통로. 전북의소리
​
고개 이름은 령(嶺), 재(岾/峙), 현(峴), 치(峙) 등 한자 용어와 재, 고개, 목, 티 등 우리말이 섞여 다양한 형태를 띱니다.
한국민족문화대백과사전
​
https://youtu.be/ULsPY9XhTfA?si=F3VZb-9VUe9CUiZ8
​
[네이버 블로그] 금호김영집
https://m.blog.naver.com/yjsjhs
h
ttps://
m.blog.naver.com/arangjoeul
https://m.blog.naver.com/bwiwd
​
https://story.kakao.com/kumhokyj/1PUI9povMN9
​
https://story.kakao.com/kumhokyj/ILVc6fCVPoa
​
https://story.kakao.com/kumhokyj/1Iu331dHPN9
​
https://story.kakao.com/kumhokyj/H3FdLP94Roa
​
전화번호 끝자리번호 7036으로 아침새벽’방금ㆍ 예전에 당근에다,
토마토선별기 내놓았냐고 ㅡㅡㅡㅡ창원에서 묻고있다ㅡㅡㅡ??????ㅡㅡㅡㅡ과거의& 현재의 주변상황 상......단언컨데, 신분사칭의 사기다ㅡㅡㅡㅡ세상이아니라, 내 주변이 생난리다ㅡㅡ모르고해도 신분탈취도용의 신분사칭의 상황은,
현대사회나 태고의 고래적 고조선시대에서나...... 범죄행위이고 돈이걸린 거래에선,
자짓하면 원수짓으로 돌변한다.
이상한짓마라!.
​
ㅡ세종시의 다원와 유니헤어 &GNB와 대전시의 다인와 유니베라&GB가 관계가 갈라져,
배재대와 한밭대의 관계의 조합와 충남대와 KAIST의 관계의 조합이달라져 유성구관평동와 대덕구목상동이,
대전시 “ 중구오류동와 유성구봉명동의 브레인 ” &“ 서구 ’괴정동와 세종시의 차오름’와 ‘탄방동와 세종시의 애니하이AniHi’C&C미술학원‘ “에서의 같은글자관계에서의 관계의 조합이,
“ 대전 중구와 서구의 이탈리아팔롬비니커피의 다짐와 대전서구와 세종시(S와 Smail스마일 &K와 OK의 합성글자 )SOK세종속편한내과의 ’River Story‘의 감자와 ‘강 이야기‘의 강다짐 ”에서의 같은 이탈리아커피가,
‘할리스와 파스쿠니‘가 ‘팔롬비니와 파파죤스’관계가 갈라져 위 상황에 한 일레로,
‘S에스’문자관계에 ” 케이K의 글자자리 관계 ‘더케이THE K ‘팀케이TEAM K ‘K수학 ‘케이케이KK ‘(같은 대전중구에서의 HK와 대비되는 KH의 )권홍헤어KH hair ‘케이앤케이K&K ’KS ‘KR ‘KB ‘KD ‘KT……등등“이 붙어 &,
‘인도‘간디’인디아‘타지마할’반디‘잔뒤(디)’반딧불(이)’에 ’유황硫黃‘硫黃와 강황薑黃 &커리‘카리와 카레’ &CARA’KARA와 CASA‘CASAMIA‘….etc….글자관계가 더해져 서쪽의 이정와 이밥 &KT가,
동쪽의 권홍와 이가 &‘SKT와 (사람와 일 &돈에서의 관계의 조합이달라져 &)관계와 갈라져 다툰다.
​
[네이버 블로그] 금호김영집
https://m.blog.naver.com/yjsjhs
https://m.blog.naver.com/arangjoeul
https://m.blog.naver.com/bwiwd
​
https://story.kakao.com/kumhokyj/1PUI9povMN9
​
https://story.kakao.com/kumhokyj/ILVc6fCVPoa
​
https://story.kakao.com/kumhokyj/1Iu331dHPN9
​
https://story.kakao.com/kumhokyj/H3FdLP94Roa
​
ㅡ세종시의 멍게가와 대전시의 멍게골 &, 대전시의 (충남)충청도와 멍멍이’에 ‘뭉뭉이‘멍충이‘멍청이’멍청한‘멍청도…글자가 다툰고, 관계가 다툰다.
​
ㅡ그린에코‘Green Eco’
친환경 교육, 폐기물 처리, 재생 에너지, 산업용 냉난방 등 환경 및 지속가능성을 다루는 다양한 기관과 기업을 지칭.
사단법인 형태의 교육 센터(greeneco.kr)
쌍용C&E 자회사인 그린에코솔루션
배터리 원료 관련 에코프로 그룹사(PT. Green Eco Nickel)
(사)그린에코(강원도원주시)
Green Eco Holdings
그린에코사이클(주)
PT. Green Eco Nickel
Green Eco Technologies
그린카드
​
ㅡEvergreen[영원한Ever과 초록색Green, 상록수or상록 식물]
​
에버그린텍 제조업체 충청남도 공주시
(주)에버그린 청주시 · 13.6 km
에버그린영어 금남면 반곡리 49-14
에버그린 문화7길 7 · 11.4 km
(주)에버그린 유천동 · 26.7 km
에버그린 돈까스 전문식당 경기도 안양시
에버그린 미국 서부 요리 충청남도 천안시
주)에버그린비피 사직동
에버그린 대전광역시
에버그린요양원 비영리단체 충청남도 아산시
에버그린 대전광역시 동구
에버그린 아파트 대전광역시 서구
방송대대전에버그린 편의점 대전광역시
(주)에버그린농원 충청북도 청주시
에버그린텍 시공업체 대전광역시 중구
에버그린 모텔 충청북도 청주시 · 24.0 km
에버그린사회복지센터 사회 복지 센터 충청북도 청주시
에버그린펜션 휴양 주택 금산군
에버그린가구 가구점 익산시
에버그린대리점 도매업체 대전광역시 대덕구
(주)에버그린 공해방지시설 공사업체 충청북도 청주시 ·
에버그린펫클리닉 동물병원 전북익산시
EVERGREEN C&T CORPORATION 화학제품 제조업체 충청북도 청주시
(주)에버그린카페모모 카페 충청남도 천안시
에버그린수목장 공원묘지 안성시
(주)에버그린씨엔씨 회사 홍성군
에버그린캠핑장 충청남도 논산시
에버그린 청주시
세종그린(주) 폐기물 처리 서비스 대전광역시
에버그린 돈까스 전문식당 서울특별시 서대문구
(주)에버그린코리아 운송회사 서울특별시 종로구
에버그린빌라 충청남도 부여군
에버그린 아파트 충청북도 청주시
에버그린커튼장식 생활용품점 대전광역시
에버그린물산(주) 회사 충청북도 청원군
에버그린골프클럽 골프 연습장 경상북도 구미시
(주)에버그린건설 건설회사 전북특별자치도 완주군
에버그린 천안시
에버그린 휴양 주택 충청남도 태안군
에버그린조경개발(주) 조경사 충청북도 음성군
에버그린 아파트 전북특별자치도 익산시
에버그린인테리어 상점 무주군
에버그린월드 전북특별자치도 군산시
에버그린(주) 경기도 평택시
(주)에버그린 안성시
에버그린MNA 가구가 비치된 아파트 충청남도 예산군
(주)에버그린엔터프라이즈 무역 회사 경기도 용인시
에버그린플라워 꽃배달 충청남도 논산시
에버그린부동산 부동산 중개 사무소 충청북도 청주시 ·
에버그린클럽 골프장 대구광역시 남구
오리농장(에버그린) 농장 충청남도 홍성군
세종에버그린 서울특별시 송파구
(주)더블유에버그린 충청북도 진천군
아이지에이아산에버그린점 상점 아산시
에버그린영농조합법인 영농조합 충청북도 증평군
에버그린 평택시
​
ㅡ새종시고은동9단지 앞 굽네치킨 옆 (한자관계 어미 모) 母반챤이
롯데후레쉬델리Lotte Fresh&Deli(신선식품‘한끼반찬’건강식품)으로 자리를 옮기고 관계를 바꿨다.
위 반찬‘관계가 ’대전동구‘동대전농협 하나로마트(대전동구 인동 358)’자리의 ’반찬가게와 ‘(가양점‘동구가양2동38-22)커피에반하다‘관계가 신세계emart(에브리데이와 노브랜드 &emart24시편의점)에 붙어서,
“ ‘(위에 언급한 )Lotte Fresh&Deli’와 세븐일레븐(1989년 서울 송파구에 국내 1호점을 개점. 대한민국에 편의점 시대를 연 최초의 브랜드. 롯데그룹 계열사 주)코리아세븐이 운영. 전 세계 20개국에 걸친 글로벌 네트워크를 보유) &‘(여가에 또다른 편의점)GS25시’와 ‘GS더프레시THE Fresh’ “에서의 관계의 조합이 자리마다 달라서,
같은 ’편의점‘(중대형)
mart마트‘가
”주변관계가 달라서&관계맺음이 달라서“ 사기의 범죄행위 원수짓에 다툰다.
​
ㅡ대전에서 서구의 커피에반하다와 중구의 Venti커피가
” 다른구와 다른지역 &, 같은 ’편의점‘(중대형)
mart마트
“관계가 붙어 다툰다.
무슨 관계가 어디와 무엇이 달라서 다투고있는가?.
​
ㅡ커피에반하다
세종 소담점: 소담동 모아래미도리버시티 상가, 나성점: 나성동 갤러리벨류시티, 에비뉴힐점 (무인): 어진동 에비뉴힐, 정부세종청사점 (스마트): 어진동 도움6로 42 /,
대전둔산점: 대전 서구 대덕대로 229, 대전갈마점 (무인): 서구 갈마동 아트리움, 대전관평점: 유성구 관평동 우리은행점, 대전중촌점 (무인): 중구 중촌동, 기타 매장: 신흥동 신흥점, 용운동 대전대학교점, 가양점‘동구가양2동38-22, 대전안영점, 대전송강점,
​
ㅡVenti커피
대전 중구 보문로 258-1 (대흥동)대전산성점, 보문산로 37 (산성동)대전은행점, 중앙로164번길 35 (은행동)대전보문산점, 보문산공원로 486 (대사동)
​
노씨(노나라 魯氏; 주된 본관은 시조는 노용신(魯龍臣)의 강화(江華)가 대표적이며, 유래: 중국 주나라 무왕의 동생인 주공(周公)의 장남 백금(伯禽)이 노(魯)나라에 봉해지면서, 그 후손들이 나라 이름을 성으로 삼은 것이 시초, 출차 위키트리) &,
盧(밥그릇 노씨, 한국의 대다수 노씨盧’씨를 사용. 시조 노수盧穗이며, 魯‘씨는 ’盧‘씨와는 시조와 계통이 다른 별개의 성씨로, 노씨盧氏는 당나라에서 신라로 귀화한 노수盧穗를 도시조로하며, 그의 아홉 아들이 각지에서 득관하여 光州/光山광주‘광산’ 交河교하 ‘豊川풍천 ’안동 ‘경주 ’연일 ‘만경 ’곡산등 20여 개 이상의 본관이 있으며, 교하 노씨와 광주 노씨 &풍천 노씨가 가장 많다. 출차 위키트리)가 다툰다, 과거와 현재의 관계를 가지고……
​
대출안받어…..가아니라, 못받어….지금 말을 못해서 전화를 안받는게아니다….이상한짓마라!.
범죄행위에 원수짓이 더해진 그 거짓의 사기속에 든 관계설정….아~그만됐다고 전해라!. 정적들은‘원수들은 눈감고귀닫고 마녕 자빠져잔다냐!, 현재가아니라 지나간 과거까지 일거수일투족을 속속들이 캐고있다!.
​
[네이버 블로그] 금호김영집
https://m.blog.naver.com/yjsjhs
https://m.blog.naver.com/arangjoeul
https://m.blog.naver.com/bwiwd
​
https://story.kakao.com/kumhokyj/GKfkNfYWNOA
​
https://story.kakao.com/kumhokyj/1PUI9povMN9
​
https://story.kakao.com/kumhokyj/ILVc6fCVPoa
​
https://story.kakao.com/kumhokyj/1Iu331dHPN9
​
https://story.kakao.com/kumhokyj/H3FdLP94Roa
​
ㅡ대전‘유성구하기동 ‘GYM TOWN’다이소’자리의 ’칠갑산식당와 GNC‘GOLF’ &’(대전‘유성구 노은2동 665-3)오모리생바지락손칼국수‘에서 ‘(물고기’모양의 도안 )오투피싱’이 새로 생긴 후 ’ACE BED‘글자가 사라지고 &,
세종시고운동님측 ‘(스마트큐브1차‘건물옥상 위 )권투’와 ’홍구참숯불구이‘글자자리 ‘2H GYM’의 ‘홍복싱‘이 ’SOUL BOXING’쏘울복싱짐‘으로 글자를 바꿨다.
​
ㅡ대전‘서구 ‘워커스 호텔 대전월평 by 아늑‘와 ’컨티뉴호텔‘Dalsi‘글자자리의 ‘방사청’ 앞 대전시‘중구’동구의 관계가,
세종시로나간 ’충남논산의 탑정호’대전관계 ‘백제와 황산‘의 ’관촉사 석조미륵보살입상’와 ‘(주)가야곡주조‘가야곡 왕주(可也谷 王酒)’ &‘양촌‘에서의 ‘다올와 한울‘이아닌,
대전에 남아있는 ‘충남부여의 ’백마강‘의 ’(규암면백제문로 387)롯데아울렛’부여점‘와 (충청‘부여군규암면 백제문로 367 )한국전통문화대학교‘의 “ 강경근대문화거리와 ’(조선시대후기의 )조선 2대 포구, 조선 3대 시장’에서의 ’한얼와 다울’ ”자리 월평동에서,
[ ’AK와 솔레 &시크릿와 백두산사우나‘자리의 ‘편의점emart24시‘가 나간자리에 새로들어 선 ‘개빕밥파는 고양이‘자리에서는 보이지않는 ]빨강색의 ‘홍대개미와 홍대포차 &홈플러스익스프레스와 홈플러스‘의 삼성’이,
’Stay와 햑짬뽕 &조마루감자탕와 굽네치킨’의 갈마동네거리 “ (” 프랑스 소설가 생텍쥐페리 소설 '어린왕자'에 나오는 ‘코끼리를 삼킨 보아뱀’모습을 본뜬 이 조형물 “관계 )지구와 뱀 &여우와 조종사 ”와 진각종 &삼천리’Alton자전거‘와 ‘피자알볼로[ 수제 피클과 꾸덕한 갈릭디핑소스, 풍성한 토핑(sUPer포테이토 등)으로 유명 ]자리 ‘노랑색의 신세계’가,
신세계’이마트의 ‘BK와 두드림’이
삼성‘홈플러스의 ’AK와 시크릿‘와 관계가갈라져
“ 유성구신성동의 대덕‘BK가 유성구궁동의 로데오’시크릿 ”글자자리 관계와 다툰다.
​
ㅡ위 빨강색의 ’홍대개미와 홍대포차 &홈플러스익스프레스와 홈플러스의 삼성’이 ’콩나물국밥전문점 전주현대옥와 콩나물해장국‘이 아닌,
‘(
https://kr.tempur.com
)템퍼‘TEMPUR®침대’자리의 ‘(김가네시민고기국수신성점;유성구신성동 125-4 앞 탄동천건너편 )새븐일레븐‘이화수육개장와 은희네해장국’의 ‘육개장와 해장국’자리 관계로 바꿨다.
but, (서구 둔산동에 위치한 )정부대전청사(청사로 189)앞 지하철역네거리애서 ‘삼성와 이마트 &롯데하이마트와 삼성전자 &전자랜드와 LG전자‘가 모두 같은 관계이나,
“[ 대전지방국토관리청의 대만 글자자리 ’고반와 교반‘과는  또다른 관계, ‘대전교회‘참례회‘자리 “ 돼지고기’고기명작와 신호등장작구이 &월평돈800(썹씨)°C와 샤브샤브샐러드바’샤브명작 ”자리의 ]”월평자동차매매‘
M월드와
대전교통공사‘의 ’성심요양원와 성심장례삭장 &SMG/KRC와 대전장례식장’이,
롯데마트관저점’관저가구단지‘롯데하이마트’섬성전자‘롯데시네마’자리의 “ [ { 건양대학교建陽大學校, Konyang University논산시대학로 121 논산 글로컬캠퍼스' /논산 평생교육원:논산시대학로 121 건양대학교명곡정보관 /대전평생교육원:서구관저동로 158 건양대학교 간호학관 1층 /계룡평생교육원:계룡시신도안면 신도안 3길 72 &}서구 관저동로 158 ] ”대전 메디컬캠퍼스'자리의 ’건양대병원장례식장‘와,
대전서구 ‘대덕대로와 한밭대로‘를 사이에두고 (국가와 공공 기관 ’원‘부’처‘청’공단‘이 아닌 공사’관계 )교통공사‘도시공사‘주택공사’농어촌공사‘원자력수자원공사’한국전력공사‘석유공사’가스공사’철도공사…..etc….공사’에 &,
“ 정부’공공 기관‘원‘부’처‘청’공단 ”와의 ’관계의 조합‘에 든,
‘민관군…업종와 직종‘에서의 ’벌인일와 하는일’이 달라서 돈관계가 다르다.
​
ㅡ위 ’( 대전지방국토관리청의 대만’관계 글자자리 ’고반와 교반‘과는 또다른 관계 ‘대전교회‘침례회‘자리 “ 돼지고기’고기명작와 신호등장작구이 &’월평돈800(썹씨) °C‘와 샤브샤브샐러드바’샤브명작‘자리의 )월평자동차매매‘
M월드와
대전교통공사‘SM기업(주)‘자리의 ’성심요양원와 성심장례삭장 &SMG/KRC와 대전장례식장’의 ’도로와 철도 &항공와 선박’에서의 ‘교통‘이,
‘자동차’신차매장와 기계’전자의 전자제품대리점’자리와 ‘업종와 직종‘에서의 ’벌인일와 하는일’이 달라서(&돈관계가달라서 )법률적관계를 속이면 다툰다.
​
ㅡ서구의 (월평동 1276번지/월평새뜸로 8번길 61-17)혜성장로교가,
같은자리 월평동에서도 같은 개신교임에도,
‘월평자동차매매‘
M월드와
대전교통공사‘의 ‘(서구 월평동 103)대전교회’참례회‘의 자리와,
인간관계와 돈관계가 다르다.
​
ㅡ서구둔산동‘대덕대로 ’신세계아마트’맞은편 ‘Line Hotel와 삼성전자’자리의 ‘제천와 황태 &군단와 INDIA’글자자리의 ‘DH &,
세종시아름동 ’다짐와 열무네 &스퀘어38와 대쪽마루‘의 SDH &,
’( 대전지방국토관리청의 대만 글자자리 ’고반‘와는 또다른 관계 ‘돼지고기의 고기명작’이 ’신호등장작구이와 월평돈800(썹씨) °C‘로 글자를 바꾼자리의 )월평자동차매매‘
M월드와
대전교통공사‘자리의 ’성심요양원와 성심장례삭장 &SMG/KRC와 대전장례식장’의 SMG와 ‘S-Garden’ &,
중구선화동’NC백화점 앞 ‘아나바다와 NINE‘9’SPOT Hotel &소청1번가‘inter view’글자자리의 ‘S
market’
&,
•국내도서 ‘
https://product.kyobobook.co.kr‘
’S라인‘ 교보문고 2024. 1. 5.
“ S라인”은 '소셜'(Social), '소사이어티'(Society), '시크릿'(Secret) 라인의 약자다. 섹스(Sex)라인이라는 뜻이 물론 우선이다.
•헤럴드경제 ‘
https://biz.heraldcorp.com’
‘ 숨기고 싶은 은밀한 관계, 'S라인'으로 드러난다. ’.
헤럴드경제 2025. 7. 8. ‘S라인'은 성적 관계를 맺은 사람들 사이에 연결된 붉은 선, 이른바 S라인으로 인해 벌어지는 사건과 그 안에서 보이는 인간의 욕망, 진실을 담은 판타지.
​
ㅡ유성구봉명동에서의 ’( ’심청아배고파와 스카이뷰로드‘옆 &’
MAD
BLICK‘맞은편 )SOLIAN와 앤터펠리스 &[ (주)가양Gayang 의 ]자우리JAWOKRI Hotel’와 ‘500th Hotel’,
(같은 봉명동의 웰니스재활병원 옆 )자우리JAWOKRI Hotel와 대국건설 &아늑호텔와 HeyCoffee &‘(유성구장대동 )쌍용자동치정비소와 GNC Golf’의 ‘대국‘,
서구둔산동’교보문고 앞 ‘(고기명작의 )500th Hotel’와 ‘라미아레지던스호텔‘La
Mia
Residence Hotel‘ &‘달콤커피&TOWSOME PLACE’와 짬뽕관,
‘(중구대흥동의  )자우리JAWOKRI Hotel와 ‘(예산 조계종’수덕사말사 )정수사.
​
ㅡ위 호텔와 병원자리가 아래의 자리와 주변관계설정이&돈관계가 다르고 &,
(세종시금남면 발산리 342-1)추어명가의 ‘농협의 자전거와 농기계 &[ 전남순천시 ‘주)동부그린환경 및 동부화훼유통‘에서의 ]’동부그린와 YK Steel‘자리가,
[ 대전대덕구 상서동(신탄진로 512) ]김관식추어명장의 ’(위 농협와 같은 관계 )농협의 자리라도 ‘자동차와 오토바이 &(회덕역 )철도와 (대전광역시대덕구 장동로 9 )야하마CSC‘야마하중부지원센터’와,
같은 ’추어탕‘이라도 (앞에붙은 명칭’글자가 달라서)관계가 다르다.
​
[네이버 블로그] 금호김영집
https://m.blog.naver.com/yjsjhs
https://m.blog.naver.com/arangjoeul
https://m.blog.naver.com/bwiwd
​
https://story.kakao.com/kumhokyj/GKfkNfYWNOA
​
https://story.kakao.com/kumhokyj/1PUI9povMN9
​
https://story.kakao.com/kumhokyj/ILVc6fCVPoa
​
ㅡ九雲夢에서의 夢
• 서포‘김만중이 집필한 한국의 고전소설 한국문학
• 고려시대의 승려 일연선사의 저서인 삼국유사에 실려있는 '조신의 꿈'의 기본 틀을 활용 스토리를 확장한 소설.
전기적, 불교적인 성격으로 서술, 인생무상이라는 주제를 담음.
• 홀로 된 어머니 해평 윤씨[경상북도 구미시 해평면을 관향으로 하는 한국의 성씨. 시조는 고려 고종~원종 때의 무신 수사공 상서좌복야(守司空 尙書左僕射)를 지낸 윤군정尹君正. 선조 때의 명재상 윤두수,윤근수 형제는 서인의 영수]를 생각하는 마음이 각별한 효자였는데, 실학자 이규경의 주장에 따르면 따르면 김만중은 귀양지에서 어머니의 근심을 덜어드리기 위해 하룻밤만에 이 소설을 썼다고 함.
•한글본과 한문본을 포함해 50여 종의 이본 현존. 한글본과 한문본의 비중이 거의 같다.
•현대 중국이 세계에 자랑하는 조설근의 대작 소설 《홍루몽》과 비슷한 줄거리 형식을 지니고 있는 소설.
시기상으로 1740년 청나라에서 쓰인 《홍루몽》보다 1687년에 쓰인 《구운몽》이 더 앞섬. 일각에서는 《홍루몽》이 청나라에 수출된 '《구운몽》의 인기'로부터 어느 정도 영향을 받았을 가능성을 지적.
•원작내용;
성진이 팔선녀를 만나고 갔다 와서 향을 피우고 염송한다. 여기에 '밤이 이미 깊었더니'라고 구절이 있다. 그 후 갑자기 동자가 와서 육관대사에게 불려가 혼나고, 황건 역사한테 끌려 염라대왕한테까지 갔다가, 양 처사 집에 가서 양소유가 되기 전까지 시각을 알려주는 문구가 나오지 않는다. 꽤 많은 시간이 흘렀을 텐데 말이다. 나중에 성진이 다시 현세로 돌아왔을 때 '지는 달이 창에 이미 비치었더라'라는 구절이 나온다. 즉, 혼자서 고뇌하고 있었을 때부터 꿈이란 것이다. 그렇다면 양소유로 지내던 때뿐만 아니라 팔선녀가 절에 불려오고, 염라대왕한테 불려 가고 했던 것까지 전부 다 꿈이라는 것이다.
•이 소설은 매우 불교적인데,
삼국유사에도 실린 설화 ""조신의 꿈""에서 영향을 받았다함.
•김만중이 이 작품을 통해 전하고자 하는 뜻이 무엇인가에 대해서는 크게 세 가지 설.
-불교의 '공(空)' 사상을 이야기로 풀어낸 작품이라는 설
-'꿈 속에서는 양소유가 되어 유교 이상의 정점에 오르고 현실에서는 불교 이상의 정점에 오른다'는 내용을 통해 어느 세계관에서든 정점에 오르고 싶어 하는 양반들의 이상을 반영한 작품이라는 설.
-마지막으로 양쪽 모두를 주제 의식으로 품고 있다는 것.
​
ㅡ계룡산鷄龍山 쌀개봉 약 828m.
• 주봉 천황봉846.5m에 이어 두 번째로 높은 봉우리,
• 디딜방아의 쌀개 모양을 닮아 붙인 이름&” 鷄龍山의 의미가 ’ 천황봉~쌀개봉~삼불봉으로 이어진 바위 능선이 마치 닭벼슬을 쓴 용의 형상과 같다 “하여 붙여진 이름.
​
ㅡ계족산 (鷄足山)
•산의 모양이 닭 다리(닭발)를 닮았다고 하여 붙여진 이름.
•닭발산/닭다리산, 계족산의 다른 이름.
•봉황산: 산의 생김새가 봉황과 비슷하다고 하여 불리는 이름.
​
ㅡ연산오계連山烏鷄.
충남 논산시 연산면 화악리 일대에서 사육.
깃털, 피부, 뼈가 모두 검은 재래종 닭.
1980년 천연기념물 제265호로 지정.
귀한 한국의 보양식 재료. 일반 오골계와 달리 깃털까지 검고 발가락이 4개인 것이 특징. 약용과 식용으로 인기.
​
ㅡ금오산金烏山의 금오신화金鰲新話
•김시습이 조선 시대에 지은 전기소설.
조선 최초의 한문 소설집. 소설이란 장르로 치자면 우리 역사상 최초의 조선 제일의 판타지 문학소설.
•조선전기 학자·문인 김시습이 지은, 「만복사저포기」·「이생규장전」·「취유부벽정기」·「용궁부연록」·「남염부주지」 5편 우리나라 최초의 한문 단편 소설집.
창작 시기는 명종 연간으로 경주 금오산 용장사에 은거하면서 지었다는 설이 가장 유력.
​
ㅡ경북구미시의 1970년 한국 최초의 도립공원金烏山(976m); 아도화상이 노을빛에 물든 까마귀(태양의 정기)를 보고 이름 붙였다는 전설 &이칭/별칭; 명금산鳴琴山, 대혜폭포의 물소리가 산을 울린다 하여 붙여진 이름.
•Hote웨딩 Geumosan‘구미시 금오산로 400
• 금오[金烏; 태양 안에 살며 천상의 신들과 인간 세계를 연결하는 세 발 달린 까마귀, 삼족오三足烏(해를 상징하는 금오와 달에 사는 토끼를 묶어, 금오옥토金烏玉兎로 표현. 세월이나 해와 달을 의미)]
• 주변에 대혜폭포(大惠瀑布; 큰 은혜의 폭포') ‘명금폭포(鳴金瀑布; 쇠’금가 울리는 소리가 나는 폭포) ‘해운사(海雲寺; 바다 구름의 절) ’약사암(藥師庵; 약사여래를 모신 암자)가 있음.
• 대혈(大穴= 道詵窟도선굴을 이르는 다른 이름. 도선선사가 득도한 곳. 거대한 구멍이라 하여 통일신라 말 풍수지리의 대가인 도선국사가 이곳에서 도를 깨우쳤다고 하여 붙여진 이름& 고려 시대 야은 길재 선생이 은거했던 곳으로도 유명.
• 대혈大穴, 오아나; '큰 구멍'을 뜻.
경마 등에서 '엄청난 배당(이변)'이나 '깜짝 우승마(Dark horse)' /음식점 '오아나[ 다이애나; 도쿄 등지(타카다노바바, 야에스 등)에 위치한 인기 술집으로, 쇼와 시대 분위기에서 가벼운 술자리나 연회를 즐길 수 있는 곳 ]
​
ㅡ삼족오三足烏&세발까마귀.
•고대 동아시아 지역의 태양 속에 산다고 여겨졌던 전설의 새.
•해를 상징하는 원 안에 그려지며, 종종 달에서 산다고 여겨졌던 원 안의 두꺼비에 대응.
•신석기 시대 중국의 양사오 문화, 한국의 고구려 고분 벽화, 일본의 건국 신화 등 동아시아 고대 문화에서 자주 등장.
•일본 축구협회 엠블럼 '야타가라스(삼족오와 유사한 형태의 전설의 새)
​
ㅡ鳥와 溪 &鶴와 龍.
충북괴산군과 경북문경시에 걸친 조령산(鳥嶺山 1,026m) /경기도오산시 오산烏山 /국립오서산烏棲山‘자연휴양림(791m,충남보령시청라면 ’까마귀가 많이 서식하여 '까마귀의 보금자리‘ , 서해안의 등대역활) /대전의龍溪洞’鷄山洞‘鶴下洞‘충남공주鶴峯里‘九鶴山(충북제천시 백운면·봉양읍과 강원도원주시 신림면 경계 산. 학이 아홉 마리 있는 형상)
​
ㅡ포크와 나이프 &포크와 수저 &포크와 젓가락 &포크와 ""돼지 돈(돼지; 豚 = 月 + 豕。 「月」는 ""고기""를, 「豕」는 ""돼지""를 뜻)“.
(지리산&제주도 )흑돼지 먹돼지 제주도똥돼지 문경약돌돼지 지평선돼지 수평선돼지 돼지마을 돼지촌 착한돼지 돼지우리 돈돼지 다돼지 충전돼지 꿀돼지 꽃돼지….etc…
​
ㅡ” 돼지~ “글자자리가 생난리다.
​
ㅡ대전시의 공간와 대감 &세종시의 공감와 사감’에 오감와  육감 &통감와 꽂감 &홍시와 ㅅ
​
ㅡ(유성구봉명동 )송림와 Gmart &황우와 따봉 &INFRA와 스탕달호텔‘HOTEL’Stendhal &닥터부스터태닝‘
‘유스케어동(유성구봉명동536-8’번지)와 파피죤스‘아웃백 /(세종시아름동 )황소와 단비 &
MEXICANA와
GS25 /(유성구반석동 )
MEXICANA와
초근목피한의원 &(반석동 654-2번지)서리서리멸치국수전문점와
Mayhair
/(동구소랑길 64,삼성동104)반디와 (동구소제동299-88)대전버거‘taejonburger &(서구한밭대로570번길29-12)워커스호텔 대전월평by아늑‘와 워커스버거(동구새둑길180.세종시어진동 547, 세종시절재로 194, 대전동구 새둑길180, 전주완산구 마전중앙로22) /(동구성남동)쌈마이대패와 계림 &노브랜드‘Nobland와 쿠팡‘coupang’공임나라 /(동구용운동)쌈패와 이얀Ean &웰빙와 하나.
​
쌈패
부사동 261-6
도마동 142 20번지
지족북로66번길 82
가오동 은어송초교근처
백룡로 140
송촌동 506 5번지
쌈마이대패
가양동 404 4번지
유천동 186-1
도마동 23-18
상대동로36번길 59
판암1동 478-1
원도안로 47
성남동 503-14
대종로 624",https://blog.naver.com/yjsjhs/224255550070,전화통화 신분확인.말을못해서 말을하지않는게아니다,20260417,2026-04-27 16:35:17
세븐일레븐 쿡인페이퍼 즉석오징어짬뽕,코스트코 주말할인[4월17일 금요일] 산양유단백질 양송이스프... ,백년육수 즉석국양반 그릴리 부대전골비비고 사골시래기 된장국비비고 소고기 미역국비비고 스팸듬뿍... 얼큰짬뽕예천농협 한아름쌀미이랑 캐나다산 병아리콩미이랑 국내산 찰기장쌀미이랑 국내산... ,"https://youtu.be/frUddVOsoq8
콜라겐 딥 마스크 바디 워시 시트러스비타민 슈퍼오메가 골프공 피스 쉬크 인튜이션 제모기제모기 날 온더바디 발을 씻자 코튼 풋샴푸 데오도란트 바디미스트 오가니스트 딥 모이스처 바디워시생활건강 모노티크 바디워시 입 도브 피치 화이트 바디워시 우르오스 페이스바디워시오스트레일리안 보태니컬 핸드워시 프롬바이오 관절연골엔 보스웰리아초록입홍합콴첼정구연산칼슘 글루코사민네츄럴라이프 칼슘 마그네슘 비타민 센트룸 칼슘비타민미니웨버네추럴 마그네슘정아연 정동국제약 마그마 스피드샷리콜라 허브캔디 트루블루 프로폴리스 캔디 마누카허니리콜라 레몬민트 허브캔디 콤비타 프로폴리스 스프레이정관장 홍삼정스틱 에브리타임 소프트광동 홍삼 배도라지진액정관장 홍삼정 현정관장 홍삼정현광동 보감쌍화진액종근당건강 침향환 환 정관장 홍삼진 현동원천지인 홍삼절편 동원천지인 홍삼정골드고려은단 비타민타우린음료병 오로나민 드링크박스 동아제약 박카스동화약품 부채표 가스 활빙그레 면역워터뉴트리원 퓨어산양유단백질셀렉스 프로틴 드링크 오리지널바이탈 프로틴 콜라겐메디웰 고단백웨이더 혈당케어 프로틴프리미어 프로틴 단백질 드링크 팩 셀렉스 프로틴 밀크바닐라하이뮨 프로틴밸런스액티브비건하이뮨 프로틴밸런스액티브익스트림 트리플 아르기닌랩노쉬 단백질 드링크골드스탠다드 웨이단백질보충제 초콜릿맛 웨이더 단백질 보충제 초콜릿맛 랩노쉬 슬림쉐이크 인절미맛랩노쉬 슬림쉐이크 제주말차맛뉴케어 구수한맛 뉴케어 당플랜 뉴케어 고소한검은깨한미양행 다이어트가르시니아종근당건강 알로에 이뮨스틱 여에스더 글루타치온 울트라덴프스 덴마크유산균이야기비에날씬에스 다이어트유산균생유산균프리미엄락토핏 듀얼바이오틱스락토핏 당케어데일리세노비스 키즈 프로폴리스 스프레이쎌바이오텍 듀오락키즈유산균세노비스 아연 면역 구미센트룸 키즈 츄어블멀티비타민프로메가 식물성 츄어블오메가 키즈센트룸 멀티비타민구미 어린이눈건강구미네이처메이드 비타민 구미 얼라이브 엘더베리 구미 뉴트리코어 초임계비타민정슈퍼 컴플렉스판토모틴 비오틴판토텐산바이엘 베로카 발포비타민 실버 멀티비타민대웅제약 임팩타뮨듀얼바이탈이뮨 일분 액상정트리 데일리 멀티비타민센트룸멀티비타민 실버우먼센트룸멀티비타민 실버맨센트룸멀티비타민 우먼센트룸멀티비타민 맨한미양행 콘트로이친정 관절 리프리놀 초록입홍합 추출오일뉴트리원 코코칼슘젤리포크릴오일엔젯오리진 아쿠아셀오메가블랙모어스 피쉬오일 미니웨버네추럴 오메가프로울트라 오메가 지큐랩 콜레스테롤억하이큐 포스파티딜세린징코뉴트리원 루테인지아잔틴 아스타잔틴동국제약 테아닌아쉬아간다웰케어 멜라메이트 구미아모레퍼시픽 굿슬립 가바안국건강 아이원 눈건강 솔루션 아이시안 루테인지아잔틴바슈롬 오큐비전 한미양행 멜라치오 정알유 비타민 정박스 안국건강 간 피로솔루션 헛개한미헤파케어 밀크씨슬홍경천대웅제약 우루샷 익스트림 트리플트루블루 프로폴리스포르테뉴트리원 파인애플효소뉴트리원 더콜라겐 데일리프로바이오틱에버스트로겐에버콜라겐 인앤업덴프스보령 위엔포스지큐랩 쿨멜팅 유산균그레인온 카무트효소닥터루템맥주효모푸드올로지 콜레올로지 콜레올로지포 마스터바이옴 지노마스터트루블루 스피루리나바이탈뷰티 슈퍼레티놀한독 테라큐민 슈퍼커큐민포 네이처스트루스 애플사이다비니거 구미세노비스 코엔자임큐텐 다목적 렌즈관리용액신신제약 신신파프쿨 신신제약 신신파프핫 크리넥스스타일 슬림쿨 비말차단 마스크대형 니트릴 다용도 장갑 장 소니트릴 다용도 장갑 장 중니트릴 다용도 장갑 장 대웰케어 전립소옥타코사놀유리아쥬 진피 철결제성인용 언더웨어성인용 언더웨어 디펜드 안심성인용기저귀디펜드 프리미엄 성인용기저귀피지오겔포 맨 오휘 마이스터맨 올인원 우르오스 올인원 모이스처라이저 스킨밀크 우르오스 올인원 모이스처라이저 스킨로션 도루코 페이스 모션 면도기 면도기날 질레트 프로글라이드 면도기 면도기날 질레트 프로글라이드 면도날질레트 퓨전프로글라이드젤비겐 크림톤 염모제팩진한밤색 비겐 크림톤 염모제팩자연갈색 비겐 크림톤 염모제팩흑갈색 검 일회용 치간칫솔 개팩 덴티스테 브레스 스프레이 프로폴리스폴리덴트 의치세정제 플랙커스 마이크로민트 치실동아제약 검가드 오리지널테라브레스헬시검스 오랄린스오랄비 치간칫솔 개팩 오랄비 글라이드 치실 민트향레드씰 프로폴리스 치약유시몰 화이트닝 치약 개스퀴저 페리오 토탈어드밴스드치약콜게이트 그레이트레귤러치약심플리젠틀 다용도 화장솜멜라노 엔자임 페이스워시심플리젠틀 면봉헤피바스 솝베리 코스트코온라인몰 코스트코휴무일 코스트코회원권 코스트코영업시간 코스트코상품권 모이스춰 버블클렌징폼 클렌징 워터닥터브로너스 퓨어 캐스틸 솝 라벤더 닥터브로너스 퓨어 캐스틸 솝 시트로스오렌지 세라놀 겔 토너패드 장팩 마몽드 어메이징 딥 민트 클렌징 밤수이사이 효소 파우더 클렌저 팩 카오 식물성 화이트 솝 비누오스트레일리안 보태니컬 비누 입 라이온 아이깨끗해 프리미엄 핸드워시 리필바 솝 비누알페신 카페인 샴푸 질레트 프로쉴드파워 면도기 면도기날 질레트 프로쉴드 면도날케라시스 아르간오일 트리트먼트엘라스틴 너리싱 샴푸 엘라스틴 너리싱 컨디셔너 미쟝센 헤어스프레이 스트롱홀드제이숲 실크케라틴 워터팩 제이숲 실크케라틴 노워시 트리트먼트엘라스틴 까멜리아 헤어오일엘라스틴 까멜리아 샴푸 팬틴 콜라겐 극손상케어 트리트먼트 팬틴 멀티태스커 컨디셔너 팬틴 멀티태스커 샴푸 헤드앤숄더 울트라 쿨멘솔 샴푸 팬틴 케라틴 노워시 트리트먼트닥터포헤어 샴푸동구밭 샴푸트리트먼트바지오바니 티트리 샴푸닥터구루트 탈모증상 집중케어 샴푸 모다모다 제로그레이 블랙샴푸 려 볼륨모근강화 샴푸유세린 하이알루론 아이크림센텔리안 멜라캡쳐 앰플프로버츠비 틴티드립밤 텐 레볼루션 아이크림손앤박 아이래쉬 세럼헤라 센슈얼 누드 밤 바세린 시트마스크팩매팩 더마픽스 콜라겐마스크매 앰플크림 매포함 글로이스트 드림 글로우 뷰티 마스크팩마르시끄 미간 주름 패치 장팩리들샷클렌저 에센스로션믹순 콩 에센스숨 시크릿 에센스 미샤 비타앰플달바 화이트 트러플 세럼 셀트리온 셀큐어 프로틴 볼륨 앰플웰라쥬 히알루로닉 블루 앰플 스킨 센텔라 앰플정샘물 에센셜 물 피팅 미스트 고려은단 비타민경남제약 레모나덴프스 트루바이타민이뮨얼라이브 원스데일리 멀티비타민웨버네추럴 비타민 리스테린 구강청결제 쿨민트센소다인 멀티케어 치약리치칫솔 센소다인 엑스트라 화이트치약파로돈탁스 쿨링민트치약센카 퍼펙트 휩 클렌저라운드랩 독도 클렌저더랩바이블랑두 올리고 히알루론산 딥토너셀리맥스 어성초 지우개패드라운드랩 독도 토너 퓨어 클렌징오일스킨푸드 캐롯 카로틴 패드 매리필매 헤라 선메이트 크림레포츠헤레 선메이트 프로텍터닥터지 그린마일드 업 와이드 선패치 회분 프란츠 선쉴드 펩타이드 선패치 회분세이프 온 시카 카밍 선쿠션 본품리필 스킨 센텔라 워터핏 선세럼아떼 비건 선 에센스닥터지 그린마일드업 선피지오겔크림세타필 뉴 모이스처라이징 로션세타필 뉴 모이스처라이징 크림일리윤 가려움토탈케어크림아비노 바디로션라벤더향 아비노 바디로션무향 아비노 바디워시자몽 아비노 바디워시무향 피지오겔 페이스 앤 바디로션오휘 에이지 리커버리 크림오휘 에이지 리커버리 스킨소프너에멀젼 오휘 프라임 어드밴서 앰플 세럼크림 오휘 미라클 토닝 크림동국제약 센텔리안 더 마데카크림아이오페 슈퍼바이탈 에멀젼아이오페 슈퍼바이탈 소프너수려한 비책진생 윤 크림 아이오페 슈퍼바이탈 크림크림 에센스수려한 비책진생 윤 유액 수려한 비책진생 윤 수액 피지오겔로션에스트라 아토베리어 크림닥터지 레드 블레미쉬 수딩 크림닥터지 블랙 스네일 크림비원츠 시카 콜라겐 리프팅 크림헤라 옴므 에센스 인 스킨 구성품 헤라 옴므 에센스 인 에멀젼 구성품 빌리프 더 트루 크림 아쿠아밤유리아쥬 오 떼르말니베아 데오드란트 롤온엔젤 아쿠아 수분 수딩젤유한킴벌리 그린핑거 파워쉴드 선스틱생활건강 태극제약 도미나스 기미케어 크림일리윤 히알루론 수분 크림한스킨 히알루론 에센스이지듀 멜라토닝 앰플피지오겔 데일리뮨 세럼토리든 다이브인 세럼오가니스트샴푸앤바디워시피노 프리미엄 터치 헤어 마스크골든앰플 헤어에센스 피지오겔 하이드로 젤 크림숨 워터 젤 크림 크래프트 양송이 스프캠벨 클램차우더 스프캔보노 옥수수알 콘스프보노 바질크림 스프상하키친 양송이 크림스프오뚜기 분카레짜장오뚜기 백세카레 약간매운맛 에스앤비 골든카레 매운맛에스앤비 골든카레 중간매운맛본죽 본소고기 가마솥국밥마마스초이스 두부 북엇국소스락 백년육수 즉석국양반 그릴리 부대전골비비고 사골시래기 된장국비비고 소고기 미역국비비고 스팸듬뿍 부대찌개비비고 육개장양반 통다리 닭볶음탕 참치캔 가다랑어 동원 참치 스팸 클래식스팸 라이트풀무원 식물성런천미트동원 고추참치동원 참치동원 맛참 고소참기름동원 번데기유동 자연산 다시마골뱅이 동원 자연산 꽁치비비고 김치볶음상하키친 비프카레본죽 쇠고기 장조림 양반 진국 소고기무국비비고 사골곰탕 진우불식당 즉석우동 풍국면 들깨칼국수양반 오쏘티드 칼떡볶이떡볶이의 신 짜장 라볶이비비고 떡볶이백제 알리오올리오파스타 백제 만테까레투움바파스타이가자연면 얼큰 누룽제비 면사랑 남해 멸치칼제비백제 도토리 비빔막국수 이가자연면 감자수제비 고메 베이컨트러플파스타 쟌슨빌 햄스팸 닭가슴살리챔 오리지널 캔 캔풀무원 평양 물냉면요뽀끼 컴라볶이풀무원 병아리콩 곤약면오뚜기 옛날 자른 당면비폰 베트남칠리 쌀국수타이와 쌀국수 스프포함 백제 멸치 쌀국수이치방딜리셔스 돈코츠라멘면발의 신 마라탕면이가자연면 신길동 얼큰짬뽕예천농협 한아름쌀미이랑 캐나다산 병아리콩미이랑 국내산 찰기장쌀미이랑 국내산 찰수수쌀월드그린 캐나다산 카무트미이랑 국내산 서리태 미이랑 페루산 적두 팥 월드그린 국내산 백태온가족 누룽지 미니백제 김치볶음밥 누룽지예맛 오곡 누룽지햇반 소프트밀 소고기죽양반 특전복죽 햇반 솥반 꿀약밥햇반 컵반 치킨마요덮밥햇반 서리태 흑미밥햇반 쌀눈가득 쌀밥햇반 발아현미밥햇반컵반 된장김치찌개밥햇반 이천쌀밥월드그린 파로월드그린 호주산 루피니빈예산농협 삼광쌀용인농협 아끼바레쌀팽성농협 고시히카리쌀마장농협 이천쌀미이랑 국내산 찹쌀미이랑 캐나다산 귀리쌀 미이랑 국내산 찰현미팽성농협 아끼라레현미미이랑 국내산 가바오색현미월드그린 미국산 찰보리쌀월드그린 국내산 찰흑미미이랑 국내산 체질균형식돈시몬 오렌지 주스이롬 주스밸런스그로우착즙 주스오가닉라이프 그린글리쿼터패스트 아이스티 복숭아 산가리아코코 복숭아청포도돈시몬 자몽주스 후룻베지 파우치팁코 파인애플주스팁코 오렌지자몽주스후버 레몬에이드후버 사과주스덴마크 테이크얼라이브 스위티자몽주스카프리썬 멀티 비타민주스피오디 라임주스카프리썬 오렌지망고주스 아몬드음료고소한 삼육두유베지밀 아몬드호두 두유이롬 약콩 두유삼육두유 국산 검은콩 두유블루다이아몬드 아몬드 브리즈상하목장 유기농 멸균우유연세우유 소화가잘되는우유빙그레 바나나맛우유허쉬 초콜릿드링크배스킨라빈스 딸기맛 우유연세우유 콜드브루커피우유사과당근 주스솔리몬 스퀴즈드 레몬주스솔리몬 스퀴즈드 레몬주스롯데 쌕쌕오렌지주스 콜라 갈아만든배핫식스 에너지드링크몬스터에너지 울트라 캔 핫식스 더프로오리지널셀시어스 오렌지치포레스트 제로 탄산음료폴바셋 어메이징오트커피매일유업 어메이징 오트폴바셋 돌체라떼칸타타 콘트라베이스 콜드브루스타벅스 더블샷바닐라스타벅스 에스프레소크림 더블샷스타벅스 파이크플레이스투썸플레이스 디카페인아메리카노유씨씨 하와이코나커피투썸플레이스 피치아이스티샷추가레쓰비 마일드 캔커피오랑지나 탄산음료 사이다제로것플렉스 골든페어 배주스블루몽키 스파클링 주스 레몬에이드 그로운라이트 딸기레몬에이드 썬스위트 프룬주스 랑거스 알폰소 망고넥타압착 사과주스 선베리 패션후르츠 주스크랜베리주스홍자몽주스 델몬트 스테비아 토마토주스선베리 토마토주스 코코넛워터오뚜기 오라면팻츠가드 고양이 두부모래무향 팻츠가드 고양이 두부모래라벤더향 아메리칸 솔루션 벤토나이트 모래 무향 애견용변패드매 아이리스 애견용변패드매 시저 애견사료 소고기 캔에이엔에프 식스프리골드 애견사료 팩 네츄럴코어 애견사료팩강아지용 사료소형견 사료프리미엄 애견사료노령견 사료 파미데이즈 치킨말이 고구마 파미데이즈 황태유산균 덴탈껌 밀키베이스뉴트리플랜 애견용 홀릭소시지뉴트리플랜 소프트뮨 화식 애견용 프리미어 고양이사료 에이엔에프 식스프리골드 고양이사료 팩 뉴트리나 비스트로 애묘사료고양이 습식캔이나바 마구로쥬레 유산균이나바 츄르비 버라이어티 봉 팬시피스트 고양이 주식캔 캔 조공 미니트릿 닭가슴살뉴트리나 비스트로 애묘용 캔사료아르르 강아지고양이 열빙어간식네츄럴코어 천연 오리가슴살이나바 챠오츄르 고양이간식 입 바우와우 애견용 혼합간식 팩 존스팜스 애견용 연어저키정직하개 애견용 소고기육포벨버드 치킨밀크껌 소형벨버드 치킨밀크껌 중형윔지스 애견용 베지소시지원데이케어 애견관절치석케어러봉 애견용 한우콜라겐껌 연어맥스퓨전 애견용 장난감클린어스 애견용 장난감시리우스 강아지 발씻자 실리콘팁 바우와우 애견용 단백질바 팩 슈퍼포우 베리츄 강아지껌스위퍼 헤비듀티 먼지청소포 핸들청소포매 스카트 살균소독티슈 매팩 스카트 유리거울 세정티슈베지터블 코인 압축 티슈 테이블 냅킨 매팩쓰레기통 비닐봉투 대용량 멀티백홈스타 욕실청소용클리너페브리즈 화장실비치형 방향제 탈취제홈워시 세탁조 크리너홈워시 파이프크린홈워시 락스이지엔 페이퍼호일 팩 이지엔 에어프라이어종이호일 알루미늄 쿠킹호일글래드 밀폐용기 용기뚜껑 삼풍 일회용 나무젓가락 매팩 삼풍 종이접시대 삼풍 종이접시중 삼풍 종이보울투고 투명컵 뚜껑빨대삼풍 이중단열 커피컵삼풍 종이컵 음료수컵개 브레프 변기세정볼 레몬 입 크리넥스 빨아쓰는 행주타월 매롤 크리넥스 위생행주스카치브라이트 다용도행주겸 청소포스카치브라이트 베이킹소다 수세미스카치브라이트 청소용브러쉬스카치브라이트 초강력 린트롤러고로고로 테이프클리너본체리필매 고로고로 테이프클리너리필침구용 고로고로 테이프클리너리필바닥용 스카치브라이트 베이킹소다청소포매 스카치브라이트 미세먼지청소포매 스카치브라이트더블액션걸레 핸들 청소포 스크럽마미 수세미스크럽대디 수세미디쉬대디 클리닝스틱번들 스카치브라이트 다용도 도트수세미스카치브라이트 옥수수그물망사수세미스빈또 올인원 세제수세미스카트 일회용수세미 매롤 마미손 고무장갑 중형 마미손 고무장갑 대형 아우라 시트형 섬유유연제 건조기용리큐제트프로 포인트샷얼룩제거제슈가버블 과탄산소다 표백제타이드 액상세탁세제 홈케어 프리미엄습기제거제미세스 마이어스 다목적 세정제 스프레이 슈가버블 식기세척기세제프로쉬 식기세척기세제 식기세척기세제 슈가버블 애플향 주방세제 매소드 주방세제키친솝 주방세제 프로쉬 주방세제프릴 헨켈 베이킹소다 주방세제 레몬향울샴푸 중성세제 리큐 세탁세제 드럼겸용 피지 시트형세탁세제드럼겸용 다우니 퍼펙트딥클린 라브아세제 아이리스피오니 개피지 모락셀라 냄세제거부스터파워브라이트 세탁세제 입 퍼실 디스크세제 피지 디나자임 딥클린맥스세탁세제울트라클린팩세제 퍼울 머스크블룸세탁세제 액체세탁세제 프로쉬 알로에베라세탁세제액츠데오후레쉬 세탁세제베이킹소다 퍼실 어드밴스드젤세탁세제 샤프란 꽃담초 섬유유연제 다우니 섬유유연제 에이프릴프레쉬 다우니 인퓨전 섬유유연제 블리스 다우니 섬유유연제 실내건조다우니 섬유유연제 삶음탈취 섬유유연제 후레쉬섬유유연제 라벤더 라브아 섬유유연제 프랑지파니가이악프로쉬 코튼블라썸 섬유유연제레노아 섬유유연제 화이트머스크향 시트형 섬유유연제 매팩 다우니 언스탑퍼블 향기부스터 러쉬인워시향기부스터 스프링프레쉬향기 부스터 울트라프레쉬지퍼백 대형 지퍼백 중형지퍼락 스마트지퍼백 대형지퍼락 스마트지퍼백 중형지퍼락 버라이어티 냉장백 소형 미니 이지엔 슬라이더스탠징지퍼백이지엔 비닐백 중형 매이지엔 롤백 대형이지엔 롤백 소형 매 주방용랩 주방용랩 중형 팩 글래드 프레스앤씰 매직랩 팩 이지엔 일회용 비닐장갑 매페브리즈 섬유탈취제 다우니향페브리즈 섬유탈취제 향균페브리즈 섬유탈취제 실내건조페브리즈 공기탈취제라브아섬유탈취제 사이프러스베티버콤보스 체다 치즈 크래커 나비스코 리츠 크래커 코로코 완두콩 크래커켄지 파 크래커아마노야 센베 쌀 크래커오데이 누가샌드위치 크래커 카스 테이블워터 크래커쿠키아 뚜부 크래커돌리 제주 감귤 과즐 봉 돌리 오란다청년떡집 말랑말랑 꿀오랑돌리 한입 전병 믹스미왕 고소한 쌀과자삼립 궁중 꿀약과 마마스초이스 쌀크래커 김파래맛마마스초이스 고구마 프라이즈맥코믹 스테이크 시즈닝리치스 스위트콘하인즈 굿마요네즈린지 라지 피티드 블랙올리브 캔 청정원 고소한마요네즈 골드 큐피 참깨드레싱 블레이즈 발사믹 글레이즈맥코믹 시저 샐러드 드레싱하인즈 토마토케찹 네이처소스 샐러드토퍼하인즈 토마토케찹베이컨 크럼블스하인즈 토마토케찹프레쉬 고메 양파후레이크크래프트 미라클 휩프렌치스 머스타드이지쉐프 알리오올리오 소스하인즈 클래시코 크리미 알프레도 파스타소스라구 토마토 파스타 소스 데체코 바질페스토 가로팔로 파스타면 혼합 가로팔로 스파게티 바릴라 링귀니청정원 로제 파스타소스한라식품 수참치액소스락 백년육수청정원 올리고당 큐원 알룰로스소스락 한우 사골육수소스락 바싹말린 의성마늘청정원 조청쌀엿쌀% 안옥남 국물용 다시팩백설 프리미엄 굴소스미원 아미노산 미원 백설 소갈비양념백설 쇠고기 다시다 백설 소불고기양념남안동농협 고춧가루비비고 김치요리용소스 에스앤비 생와사비다이쇼 데리야끼소스 플라잉구스 스리라차핫소스타바스코 핫소스크래프트 스테이크소스오뚜기 참깨돈까스소스청화농산 국산볶음참깨청화농산 국산 들깨가루맥코믹 바질메사나 파마산 치즈델라미코 갈릭 후레이크맥코믹 월계수잎델라미코 파슬리 플레이크 천일염 소금 씨솔트델라미코 크러쉬드 레드페퍼 말돈소금미담 신안 구운 천일염 소금 계피가루올드톰슨 사이공시나몬스틱 핑크솔트그라인더리필소금 통후추 흑후추 그라인더리필 오뚜기 순후추샘표 양조간장 몽고 송표 프리미엄 간장 영덕농수산 영덕 게간장 빽쿡 만능요리액젓미즈칸 쯔유 백설 하선정멸치액젓롯데 미림 요리전용맛술샘표 연두본죽비빔밥 소고기강된장청정원 조개멸치 양념된장해찬들 구수한 가정식집된장 청정원 순창 초고추장해찬들 궁중식 볶음고추장청정원 태양초일품고추장 해찬들 우리쌀태양초고추장 해찬들 고기전용쌈장시아스 오리엔탈 드레싱 토마토페이스트 다이스토마토아라움 매콤달콤 보리멸 봉 마마스초이스 바삭한닭껍질후라이드마마스초이스 구운 오징어채마마스초이스 오징어 소면 왕오징어구이 스틱마마스초이스 치즈오징어마마스초이스 버터구이 오징어마마스초이스 황태 껍질 튀각푸드엔씨 구운 미니 쥐포피쉬트리 고소한 먹태소스포함 마마스초이스 황태 양념구이벤토 스위트앤스파이시 불징어피쉬트리 오사리안주멸치피쉬트리 오븐에구운먹태깡오뚜기 초간편 감자전 믹스에스프레소 블렌드하우스 블렌드콜롬비아원두커피 스타벅스 브랙퍼스트블렌드 스타벅스 카페베로나 룰리커피 스페셜블랙원두커피 카누 카페블렌드 원두커피 모모스커피 하우스블렌드자비다커피 헤이즐넛바닐라 원두폴 바셋 블렌드 테라로사 올데이 블렌드 커피명가 올굿블렌드원두커피 구스틴크래머 핸드드립커피필터 장팩 스타벅스 미디엄 아메리카노 보헤미안 로스터스 인스턴트커피카누 미니텀블러포함 바리스타커피 헤이즐넛 커피볼맥심 모카골드 마일드헤라 선메이트 프로텍터파이어폭스 바베큐숯대림바스 샤워헤드메탈호스 대림샤워 호스 대림바스 세면대필터헤드 리필필터개포함 대림바스 주방헤드필터대림바스 필터 주방헤드 필터개 포함 대림바스 필터샤워헤드 필터개포함 대림바스 샤워헤드필터듀라셀 알카라인 건전지 듀라셀 알카라인 건전지다용도 극세사타올 장 노랑 불스원에탄올워셔 개뽑아쓰는 다용도 타월 장 불스원 레인 이지그립 발수코팅 불스원 레인 스피드 발수코팅개 소나텍 익스트림나노엔진코팅개 불스원 프리미엄 연료첨가제개 휘발유 불스원 프리미엄 연료첨가제개 경유 페브리즈 차량용방향제클립프레쉬허브 맑은하늘바람 페브리즈 차량용방향제클립다우니 맑은하늘바람알카라인건전지알카라인건전지 듀라셀 울트라알카라인 건전지 듀라셀 울트라알카라인 건전지 듀라셀 알카라인 건전지 듀라셀 리튬 건전지 유니 제트스트림 볼펜색 유니 제트스트림 볼펜색 제브라 샤프샤프개 심개쓰리엠 박스 테이프티라이트정수필터 브리타호환브리타 막스트라프로 필터라바짜 네스프레소호환크레마에구스토 라바짜 네스프레소호환퀄리타 로사 카피탈리 네스프레소호환종 클라시코 벨루타토 포르테 카피탈리 네스프레소호환종 클라시코 벨루타토 포르테 브라질 룽고 킴보 네스프레소호환바리스타 나폴리 인텐소 스타벅스 네스프레소플레이버 스타벅스 네스프레소디카프 스타벅스 네스프레소싱글오리진콜롬비아 하우스블랜드 에스프레소로스트 스타벅스 돌체구스토네스카페 돌체구스토아메리카노 룽고 베스트모먼트 돌체구스토브라운 전기면도기 세정액팩 스타벅스 돌체구스토하우스블렌드 파이어폭스 알루미늄 직화용기 버라이어티팩코베아 헤스티아 토치 파이어폭스 에탄올 고체연료풍국면 들기름막국수풍국면 온동네 소면 백제 당초밀면백제 히모카와 우동백제 필승의 잔차국수포카리스웨트 이온음료 팩 토레타 과채이온음료쥬비스 애플사이다비니거밸런스그로우 수박주스립톤 제로복숭아아이스티정식품 국산콩 진한콩국스카치브라이트 베이킹소다크린스틱 핸들 패드 블루랜드 변기세정제윙크 위생 롤도마윙크 잘라쓰는 주방후드필터정샘물 스킨 누더 쿠션리필미니퍼프벌꿀 블루 아가베시럽무염견과 스낵팩 살사소스 라투랑겔 호두오일동원 저스트 육포 화이트 페퍼리치 켄주 야채크래커크리스피롤 곡잘잘미칩 볶은곤약통멸치 츄이 프로틴바화과방 프리미엄 양갱텐케이 종합 모나카후지야 밀키캔디솜 디톡스 레몬칩스타벅스 다크 아메리카노쌍계 애플사이다비니거 사과 아이스티 복숭아 티젠 레몬콤부차이디야 요거트 파우더크리스탈라이트 레몬 아이스티 크라스탄 오르조보리차 토티야 칩스 스낵킹 옐로우콘 토티야칩스프리토레이 도리토스 나초 칩프리토레이 레이즈 클래식 핑크솔트감자칩잭슨스 고구마 칩히피 칙피 병아리콩 나초칩테라칩 클래식 야채칩오리온 태양의 맛 썬프리토레이 스낵 버라이어티 팝코너스 버라이어티 백프링글스 미니 사워크림어니언프링글스 오리지널익사이클 바삭칩 믹스오리온 오징어땅콩강정롯데 스낵모음오리온 스낵모음크랙콘 카라멜팝콘에어 퍼프콘 클래식시카고 믹스 팝콘신화에프에스 컬러 오징어마마스초이스 리얼 닭가슴살 칩마마스초이스 후라이드 쥐포튀김곰표 후라이드 오징어진새우 오리지널 새우스낵스낵야드 표고버섯 칩일품채 표고채 국내산일품채 목이버섯 국내산호박고지 국내산건곤드레 나물 국내산무말랭이 국내산건고사리 국내산양구 건시래기 국내산건대추 국내산건취나물 국내산오리히로 과일 곤약 젤리폴라레티 후르트 아이스바허쉬 얼려먹는아이스크림엘제이드 쁘띠베어 아이스바트롤리 미니 버거 젤리틱톡 젤리 믹스 닥터유 프로틴바 미니 닥터유 아몬드 단백질 볼닥터유 프로 단백질 바 그래놀라 바비카인드 다크초콜릿 너트바엄마사랑 통곡물 너트바랩노쉬 단백질 쿠키 종 프로틴 바네이쳐밸리 프로틴 바네이쳐밸리 트레일 믹스 바궁 쇠고기 육포궁 골든올리브 육포궁 쇠고기 육포비첸향 골든코인머거본 칼몬드포담 빼빼어포피쉬트리 먹태깡 레드신화에프에스 갓 튀김 어포카디나 감자 스틱농심 쫄병 스낵오리온 뉴룽지더다믐 김칩스것플렉스 두부현미스낵오뚜기 뿌셔뿌셔불고기맛타오케노이 빅롤 김 스낵트윅스 미니스 초콜릿오리온 비쵸비엠앤엠즈 믹스 초콜릿부르봉 알포트 초콜릿 가염 믹스넛무염 믹스넛무염 캐슈가염 캐슈 만나다 브라질 넛원더풀 가염 아몬드 가염 피스타치오 만나몰 국산 볶음 땅콩만나다 국산 잣 가염 볶은 아몬드미국산 피칸휴슨넛 슬라이스 아몬드 미국산 생아몬드미국산 호두 그린넛 호두 반태 그린넛 호두 정과후디즈 칵테일 피넛 후디즈 허니 로스티드 피넛 플랜터스 가염 땅콩 바프 허니 버터 아몬드헤이그램 서리태 스낵카수가이 와사비콩스낵가염 땅콩캐슈 클러스터 바프 먼투썬 주 허니 마카다미아 로스티드 마카다미아부샤드 카라멜씨솔트초콜릿 부샤드 다크 %초콜릿 페레로로쉐 초콜릿총개 하리보 스타믹스 젤리제너럴밀스 후룻 바이 풋앙팡 밀크릿 카라멜 스모어코어틴 프로틴 초콜릿 볼몰티져스 밀크 초코볼아라비안 딜라이트 대추야자 아몬드초콜릿스위스 델리스 밀크 초콜릿 스위스 델리스 다크 초콜릿 메이지 마카다미아 초콜릿메이지 키노코노야마 일본 초코송이롯데 빼빼로 모음 팩 킨더 맥시 초콜릿페레로 누텔라 앤 고킨더 부에노 초콜릿킨더해피 히포해태 홈런볼 초코 틴인틴 비스켓 원더풀 무염 피스타치오제너럴밀스 후르츠거셔스젤리오리온 알맹이믹스팩제너럴밀스 후르츠 롤업 젤리트롤리 지구본 젤리 트롤리 사우어 구미스위트 스페이스 멀티 믹스 젤리트롤리 드래곤 에그 젤리 닥터큐 과즙 젤리 종멘토스 미니사이즈 과일맛후르트텔라 과일맛 요구르트츄트롤리 올인원 젤리 비달 다이노 젤리레옹 사워 젤리모음스키틀즈 믹스팩락토조이 구미 젤리하리보 골드베렌 젤리하리보 메가 파티 젤리미카구토 아주끼캔디 맛밤 봉 페를레디솔레 포지타노 레몬사탕 캔디캠프파이어 마시멜로옌끼 자일리톨 캔디투씨 팝스 미니어춰 스틱 캔디총 웨더스 오리지널 버터 크림 캔디벨라민츠 스피어민트 캔디벨라민츠 과일맛 민트 종트레핀 벨기안 커피맛 스위트 캔디 스위토리 후르츠민트향 껌 벨라민츠 스피어민트 껌맥스봉 치즈스위토리 자일리톨 껌롯데 자일리톨 껌전자레인지 팝콘웨지 감자 스낵디제이앤에이 바삭하고 고구마칩덴로쿠 스낵믹스세레나 에그롤트로피칼 필드 크리스피코코넛롤슐츠미니 프레첼 부르봉 블란츌 랑그드샤 피넛버터 프레첼 기화병가 펭귄 쿠키미니 초코크리스피티포 에그쿠키크노퍼스 웨하스센넨야 바움쿠헨마마스초이스 티각태각 야채부각스모어 오갓멜로 크리스피 쿠키 트러플하몽 크래커총 웨더스오리지널 카라멜팝콘 클래식나비스코 프리미엄 솔틴크래커 골든 오차드 트레일 믹스 싱글오리진초콜릿워커스 어쏘티드 토피초콜릿 모음밀크초콜릿 아몬드 스니커즈 펀사이즈 초콜릿스니커즈 미니스 초콜릿허쉬 키세스리터스포트 초코큐브토블론 믹스 초콜릿스위토리 피넛 클러스터스위스델리스 마운틴바초코블럭이노푸드 아몬드너겟 초콜릿알리앤로즈 미니 초코 와퍼콘부샤드 라즈베리틴나비스코 오레오쿠키위메이드 밀크 쿠키랑그드샤 쿠키밀카 초코그레인 쿠키폭스 초콜릿 쿠키스위토리 치즈 쿠키알리앤로즈 크로아상 바이트모리나가 문라이트자케 미니브라우니믹스오리온 카스타드오리온 초코파이맥비티 다이제스티브 투고 켈슨 데니쉬 버터 쿠키 카라멜라이즈 쿠키비첸지 아치쿠키박스생미쉘 프렌치 버터 쿠키카렌스 베이커리 오트쿠키 라즈베리롯데 마가렛빠다코코넛메종 브뤼에르 아몬드 크리스프크리넥스 다용도 종이타월 매입미용티슈매팩프리미엄화장지롤 크리넥스 데코소프트화장지롤 크리넥스 소프트터치 미용티슈매팩 크리넥스 휴대용 티슈매 뽀삐 점보롤화장지 롤 크리넥스 안심 키친타월매 롤종이타월매롤 크리넥스 소프트엠보싱 물티슈 매팩 꽃샘 본비 우엉차동서 둥굴레차 꽃샘 본비 우롱차 쌍계 전통차도라지 국화 누룽지 티트라 레드 애플티로얄티 루이보스 티 네스카페 테이스터스초이스커피 콜럼비아그라운드커피인스턴트커피스타벅스 드립백커피룰리커피 스페셜드립백하마야 드립백 커피테라로사 싱글오리진 드립백강릉 보헤미안 로스터 드립백커피 입 이디야 토피넛라떼커피빈 피스타치오 라떼맥심 화이트골드펄세스 스테비아커피믹스 이디야 스페셜 모카블렌드 이디야 스페셜 골드블렌드비비고 참기름퓨리티 마누카꿀 본비 아카시아꿀 메이플 시럽 초콜릿 칩 % 스키피 크런치 땅콩버터땅콩버터오뚜기 우리밀부침가루 청화농산 도토리묵가루곰표 중력밀가루미이랑 찹쌀가루 농협 우리밀 참밀가루 아몬드가루 백설 하얀설탕 홀썸 비정제 갈색설탕 큐원 갈색 설탕설탕 알티스트 설탕대신 알룰로스 큐원 스테비아 암앤해머 베이킹소다썬스위트 건자두 담달 쫀득한 건망고썬메이드 건포도건체리 건블루베리오션 스프레이 건크랜베리 이롬 일 영양건강식돌 복숭아 컵태광선식 퀴노아곡 미숫가루 설빙 옛날 미숫가루 태광선식 서리태귀리쉐이크 달톤 화이트 식초마리안느 아보카도오일 올리브유스페인엑스트라버진 올리브유셀렉스 웨이프로틴 드링크라투랑겔 오일혼합 엑스트라버진올리브유스페인포도씨유오타비오 포도씨유푸엔테 해바라기유 카놀라유 백설 옥수수유 데니그리스 사과식초 사과식초명가랑 국내산 참기름명가랑 국내산 들기름명가랑 정이담긴참기름먹는샘물 천연광천수동원 보성말차아리조나 녹차진생허니티 캔 광동 옥수수 수염차 이탈리안탄산수후지산 탄산수 스파클링탄산수하이트진로 토닉워터 플레인캐나다드라이 진저에일하이트진로 블랙보리 천연광천수 제너럴밀스 바 버라이어티 팩퀘이커 심플리그래놀라 에센셜 그래놀라 프로틴 플레이크오 그래놀라 믹스 팩 제너럴밀스 시나몬토스트크런치켈로그 리얼 그래놀라그래놀라하우스 그래놀라 파로이츠캘로그 컵 시리얼캘로그 아몬드 푸레이크신라명과 달콤바삭 크룽지신라명과 오리진단팥빵삼립 오븐에구운버터도넛신라명과 리얼 브라우니미각제빵소 황치즈 버터바파이삼립 호두 타르트화과방 도넛팥빵화과방 크림딸기붓세화과방 바질스콘화과방 우피파이 팔도 비빔면농심 너구리농심 배흥동 비빔면 런닝 트리코트반바지 플립플랍성인 스티커즈 캠핑용 접이식 간이침대브라질리아 백팩 구명조끼 영유아용구명조끼 용넥쿨러 개마이어 전기포트 로렌스 머그락앤락 단 도시락휴대가방 포함 리볼브블루투스 스피커 아이폰 프로맥스아이폰아이폰 웰치스 탄산소다 포도맛 캔 콜라 제로 팩 콜라 캔 멜로그라노아란시아타 캔 마운틴듀 오리지널제로동원애묘용 캔사료 웨버 대형 숯 점화통 웨버 점보조 차콜그릴 웨버 프리미엄 차콜그릴 코스트코회원권 코스트코 코스트코추천상품 코스트코올리브오일 코스트코영업시간 코스트코타이어 코스트코상품권 코스트코추천 코스트코온라인몰 코스트코휴무일 코스트코세일 코스트코 코스트코정보세일정보 코스트코에서꼭사야할것 코스트코추천 코스트코치즈 코스트코고기 코스트코추천템 코스트코다이어트 코스트코갈비살 코스트코간식 코스트코고기소분 코스트코갈비살소분 코스트코그릭요거트 코스트코고기추천 코스트코가격표에숨겨진비밀 코스트코과자 코스트코감자수제비 코스트코냉동야채 코스트코뇨끼 코스트코낙곱새 코스트코냉동식품 코스트코냉동새우 코스트코냉동피자 코스트코닌자블렌더 코스트코냉동 코스트코디저트 코스트코다짐육 코스트코다이어트추천템 코스트코드라이기 코스트코닭다리살 코스트코등갈비 다이어트코스트코 코스트코베이글 코스트코다짐육떡갈비 코스트코레몬즙 코스트코로스트치킨 코스트코로티세리치킨 코스트코라자냐 코스트코올리브오일 코스트코추천상품 코스트코신상 코스트코필수템 코스트코연어 코스트코상추 코스트코쇼핑 코스트코영양제 코스트코아이폰
​
딥모이스처 바디워시 에멀전 골드리프팅 스킨케어 캐스키드슨 핸드크림 캐스키드슨 베스트 선물 프리미엄 호 스페셜 호 동원 프리미엄 호 제일재당 스페셜 호 백설오일 혼합선물 영진 불원산 헉슬리 핸드크림농심 너구리김치 사발면육개장 사발면신라면 소컵부여알밤 삼계탕트레브리즈 공기탈취제슈가보블 과탄소 표백제 데일리 양말 담요 슬리퍼로버락 로봇청소기 바롬 제로 컬렉션 무선청소기 스타벅스 돌체 구스트 헤이즐넛 바닐라 원두아보카도 오일골드 키위 샤인 머스켓 청포도햇반 김치 치즈 주먹밥 삼천오참치마요 주먹밥 비요뜨 초코링 콘드로이진천 어린이 눈건강궁이 바이탈프로틴 콜라겐 홍삼정 현홍삼정현홍삼선물 홍삼골드산삼배양근 진 센트룸 실버 멀티비타민 코관절 진 콜라겐 에센셜마그마 스피드샷 루테인 지하잔틴 홍삼 원력 홍삼 절편홍삼 배도라지 진액 보감 쌍화 진액 하모트효소 에버스트로겐 종군단건강 홍삼 절편 농량근 홍삼본 함뿌리 녹용 흑삼스틱 함뿌리 흑삼 아르기닌 침향환 선물 알로에 판토텐산 센트롬 멀티비타민 구미 레몬민트 허브캔디 경남제약 레모나시 스테노비스 트리 브레스 스프레이 프로폴리스 자동전자혈압계 동구밭 샴푸 트리트먼트 바 범 일회용 치간 칫솔 조르단 인디비주얼 소프트 칫솔 질레트 프로실드 면도날 유시몰 화이트닝 치약 레인바스 샤워젤 헤드앤숄더 울트라쿨 맨솔 샴푸 흑모비체 괄호거품 연모제 시크릿 에센스 에이지 리커버리 크림 컨센트레이트 세럼프로크림 어성초 지우개 패드 아이케카테 프리미엄 핸드워시 온더바디 바르시처 코튼 푸트 샴푸 센텔리안 멜라 캡처 앰플 프로 도미나 스키미 케어 크림 미라클 토닝 크림 에이지 리커버리 스킨 소프트나 에멀전 엔자인 페이스 워시 모노티크 바디 워시 클렌징 워터가비노 바디로션 닥터 루티어 선물플라워 마켓 바디웨어 케어보타닉 가든 바디워시퓨어 코튼 선물레드 이발소 핸드워시마라탕면 소고기 미역국 양송이 스프 바질크림 스프 통다리 닭볶음탕 사골시래기 된장국 김치볶음 스팸 듬뿍 부대찌개 육개장 비비고 떡볶이 베이컨 트러플 파스타 짜장라볶이 어토리 비빔맛국수 진국 소고기묵국 어쏘티드 칼떡볶이 쌀국수 파게장 큰사발 당초 밀면 알리오 올리오 파스타 솥반 꿀약밥 누룽지 미니 소프트밀 소고기죽 컵반 치킨마요 덮밥 된장김치찌개밥 쌀밥참치 용원 스페셜 호 스페셜 호 프리미엄 호 프리미엄 김 호 비치햄 오리지널 스팸 클래식 스팸 라이트 스팸 닭가슴살 곡물복지 햄 라이트 존슨빌 햄 동원 고추참치 동원 참치 꽁치 두부 북엇국 그릴리 구대전골 사과 당근 주스 수박 주스 멜로그라노 아라시아타 제로 탄산음료 복숭아 청포도 콜라 스테비아 토마토 주스 고소한 삼육 초콜릿 드링크오랑지나 탄산음료 콜라 제로 핫식스 에너지 드링크 핫식스 더 프로 오리지널 롯데 밀키스 제로 마운틴 뉴 오리지널 제로환타 오렌지 제로 투썸플레이스 피치 아이스티샷 추가 투썸플레이스 디카페인 아메리카노 트래비 탄산수 레몬향 크리스탈 탄산수 샤인 머스켓 하차 캐나다 드라이 진저 에일 브라운 슈가 밀크티 오뚜기 열라면 파미데이지 치킨마리 고구마 애견사료 소고기 황태유산균 덴탈검 고양이 습식 캔 아르르 강아지 고양이 열빙어 간식 펜시피스트 고양이 슈식 트리플랜 애견용 홀릭소시지화면화식 애견용 애견용 장난값 베이킹소다 크린스틱 다영도 행주기엄 청소포 베이킹소다 수세미 다영도 포트 수세미 옥수수 그물망사수세미 페브리지 섬유탈취제 향균 섬유탈취제 다우니향 라부아 섬유탈취제 랩프 병기세정볼 프로시 식기세척기세제 프로시 주방세제 주방세제 헤비듀티 먼지청소포 페브리즈 화장실 비치형 방향제 루키제트 프로 포인트샷 얼룩제거제 더블액션 걸레 미세먼저 청소포 드라이 에이킹소다 청소포 초강력 린트롤로 슈가 버블 에프량 주방세제 키친솥 주방세제 에이킹소다 주방세제시티형 섬유유연제 건조기용 크리맥스 유생행주 스마트지퍼팩 스마트지퍼팩 대형 브라이어티 냉장팩 알로에베라 세탁세제 샤프란 꽃담처 섬유유연제 프로시 커튼 블라썸 섬유유연제 세탁세제 퍼실 어드밴스드 젤 세탁세제 딥클린 세탁세제 울샴푸 중성세제 나부아 섬유유연제 퍼실디스크세제 비트 세탁 세제 리큐 세탁 세제 포울 머스크 블룸 세탁 세제 다우니 섬유유연제 실내건조럭스나인 라텍스토퍼 슈퍼싱글 퀸사이즈 킹사이즈 에르고 라텍스백에 다운 얼터너티브 백에 오버사이즈 블랭켓 피너츠 엑센트러그 주방 쿠션 매트 미니 바스 타월양털 극세사 카펫 얼트메이트 담요 양털 극세사 담요 정장 양말 캐주얼 양말프리컷 팬티 프리컷 프라 캐주얼 양말 팬티 쿠션 양말라운드 티셔츠 브리프 긴소매티 방풍 자켓 밴딩 팬츠 긴팔 크로넥스트링 면바지 긴소매 맨투맨 긴소매 티셔츠 긴소매 크로티 트렌치 자켓 아린 후드 자켓 아린 청바지 스웨트 아린 밴딩 아린테리 바지 아린패키지 맨투맨 이랜드 팬츠 로고 스웨트 셔츠 청바지 치노 바지 옥스퍼드 셔츠 긴 소매 컬러 라운드 니트 와플 긴 팔티 동산 스판 팬츠 액티브 팬츠 긴 소매 쿠르 파자마밴딩 카고 조고 액티브 영양 옴니 히트다운 헤딩 자켓 피그먼트 스웨트 셔츠 보모 재킷 우유 가디건 와이드 청바지 캐시미어 니트 더블픽 캐팬츠주니어 프라네일 파자마액티브 풀집 풀집 니트 청바지 흰소매 니트 폴로 운동화 용 골프와 용 골프와 성인 스니커즈 운동화성인 운동화 노가 매트 펌 롤로 야광 킥커볼골비 플라이온 골프공 필텐 골프장갑 헤브리지 차량용 방향제 클립 볼스원 프리미엄 연료청가제박스테이프 페팔 핸드블렌더 롤치킨 스템 바스켓 야채 탈수기 페팔 칼전동 커피그라인더 스테어 크라이머여행가방 스탠리 큐인원 기능 경량 캠핑 의자 골프 우산 접이식 손수레듀라셀 알카라인 건전지번개표 등사각방등다목적 접이식 테이블 필터 주방헤드 샤워헤드 필터 네고 닌자고올인원 보안 카메라 개별 멀티탭 브라운 전기면도기 시리즈 전동칫솔모 오랄비 전동칫솔 오랄비 전동칫솔 식물 영양제 데린바스 필터 샤워 헤드연기 잡는 그릴 파워 인덕션 더플레이트 블렌더닌자 프로 블렌더 음식물 처리기 진공 포장기 멀티커피 머신 페팔 티타늄 포스 프라이팬 페팔 프라이팬스테인리스 스테인리스 더블링 디너웨어 인 유리 저장용기도로코 주방가위 도마 막스트라프로필터 엔바이저히럭스 캠핑 매트 무단 슬림 서랍장 서랍형 수납함 여행가방 원 도체자전거 차량용 스마트폰 무선 충전 거치대 불스원 에탄올 워셔 불스온 글라스 디필저 프리미엄 수공구아모스 글라스 데코프리미엄 에이퍼 복사 용지 송오브인디아 플라스틱 화분 초코그레인 쿠키 트레일믹스 태각야채 동중꿀약과 제주감귤과질 버라이어티백 와사비새우깡 두부현미스낵 갓튀김옵포 칼몬드 화이트 페퍼처스트 육포 프런치 트러플 볶음 땅콩 칵테일 피넛 허니 로스티드 피넛 프로틴 초콜릿불 커피 초콜릿 모음 스니커즈 펀 사이즈 초콜릿 사워 젤리 모음 트롤리 지구본 젤리 유기농 맛밤 쌀크래커 두부크래커 바삭칩 믹스 찰떡파이 키킷 오리지널 초콜릿 스키를드 믹스팩 체다치즈크래커사과젠파이 오븐에 구운 버터더넛 버라이어티쿠키 바삭한 닭껍질 후라이드 골든그레이염 바바라이어티 팩 원러브레드 미니 생크림 보름달 황태 양념구이 첵스 초코 콤보 팩 모레오오즈 스크램베리 아몬드 카페 블랜드 원드 커피 바게츠 인스턴트 커피바게츠 드립백 커피 스타벅스 돌체 구스터스타벅스 넷스프레스스타벅스 네스프레소킴보 네스프레소 맥심 카누미니 애플워치갤럭시플립 갤럭시폴드 게이밍 모니터 사운드 링크 플렉스 솔로 사운드 파트 퓨리케어 공기청정기 스탠바이미 인덕션식기세척기 인용달인 인덕션 프리스탠드 식기세척기 달인 스타일러 달인 드럼세탁기 달인 오브제건조기 달인 세탁기건조기 오브지의 더블 매직 리터 양문형 리터 워시타워 김치냉장고 리터 냉장고 리터 냉장고 김치냉장고김치냉장고 냉장고 리터 김치냉장고 리터 루콜라페스토 로제 파스타 소스 간장 클램 차워드 스프캔만능 육수 요리 한프리미엄 굴소스 김치 요리용 소스 소갈비 양념 불비농토마토케찹 고기전용쌈장 양조간장영덕게간장 남늑피쉬소스 궁중식볶음고추장 소소한 가정식 집된장 태양초 일품 고추장 우리쌀 태양초 고추장 백설 옥수수유 핑크솔트 선물 유기농 사과식초호두 오일 정이 담긴 참기름 마이비데 물티슈 안심 키친타올 소프트 터치 미용티슈 포켓용 물티슈 앤뉴 드링킹 블루베리 생크림 요거트 떠먹는 불가리스 알로에 요거트 서울우유 듀오완 자두 팥배 토마토 러셋포테이프 달수고구마 양송이버섯 호주산 양고기 양갈비 진공팩 아롱산태 진공팩 부채살 진공팩 옹갈빗살 진공팩 미니밤 호박 물회 양념고깨장 영광 매실 고추장 물비 무삼겹 낙곱새 유기농 사워크라우트 무첨가 레겐스 브로거 위성마늘 순환구이 쌀햄 무과연 포숑버터도이치비엔나 소시지 고로곤졸라 화덕피자 치킨너겟 콩담백면 차돌박이 냉이된장찌개 소고기버섯 비빔밥케이준 볶음밥 바비큐 폭립 프리미엄 해물경단 해시 브라운 감자 공치미 물냉면 더 킹크랩스 가쓰오 메밀소바 리얼 해초 미역면 춘천식 메밀맛국수 가래떡떡볶이 한우 곤두레나물죽 양념 소갈비찜 포기김치 총각김치 바지락 순두부찌개 양념 야채채움녹황 유기농 체다치즈 비비고 통새우 만두
​
홍삼원력년근 홍삼골드 쇠고기 육포선물 견과선물 산삼배양근진 밀크씨슬 꽃차선물 커피 선물커피 선물표고버섯 혼합 올리브 오일농원 스페셜 호 특별한 선택 호 스팸 스위트 호 스팸호 존슨빌 선물프리미엄 김 호 부각 곱창 돌김프리미엄 양갱트레일믹스프라임 견과골든비트오롯라멘 드링크 고단백 케블레미쉬 커버크로스 액션 컴플리트 세븐 버블 클렌징 폼 스트롱홀드 헤어스프레이 펜틴 샴푸 펜틴 컨디셔너 하일루론 아이크림 하일루론 라이트 크림 양송이 크림 샴푸 두부 북엇국 비비고 사골시래기 된장국 소고기 미역국 비비고 육개장 사골곰탕진 그릴리 부대전골 감자수제비 참치 만대까레 투음파 둠바 파스타 당초 밀면 도토리 비빔맛국수 너구리 오라면 신라면 소컵 육개장 사벌면 김치 사발면왕뚜껑 링기니 바로 동물국 통곡 물밥 서리태 흑미바 고시헤카리살 오대살주스 오렌지 망고 주스 스위티 자몽 주스 포카리 이온 음료 파워에이디 이온 음료 몬스터 에너지 울트라 갈베 사이다 제로 스프라이트 콜라 사이다 제로 콜라 제로라임 갈아만든배 웰치스 탄산소다 스퀴즈 에이드 콘트라베이스 콜드브루 진저에일 보성말차 구운 닭가슴살 고양이 애견용 연어져키 천연오리 가슴살 베리추 강아지껌 알루미늄 식화용기 위생 롤도마 잘라쓰는 주방 후드필터 빨아쓰는 행주타월 마민성 고무장갑 스빈토 올인홀 세제수세미 스크럽데디브러쉬 식기세척기 세제 브러쉬 주방세제코튼 블라썸 섬유연제 과탄산소다 표백제파워브라이트세제알로에 베라 세탁세제 다우니 퍼펙트 세제 딥클린 홈키파 에어졸 이어플랩 털모자 다운 자켓 원 패딩재킷 긴소매티카고조고 상하이 카고 바지 크레올라 긴팔티 에브리데이 팬츠 캐주얼 바지 캐주얼 셔츠그램 인치 인치그램 인치울트라 인치 삼성 인치 인치 인치푸드 쇼케이스 냉장고 쿠크 인용 압력밥솥천 쿠크 인용 압력밥솥메듀로 등허리 마사지 쿠션 무선 청소기천 파워드라이어 짜라메이쿡웨어 넷게이터 여행가방 브라질리아 백팩 요소수 해머 드릴원 전동 드라이버다용도 수납함 백호 소프트 화장지포켓용 물티슈 한입 강정 무염 피스타치오 포테토칩 바삭칩 믹스 감자스틱 다크초콜릿 너트바 씨쉘 초콜릿 마카다미아 초콜릿 틴인틴 비스켓 멘토스 키켓 오리지널 앙팡 밀크릿 캠파이어 마시멜로 맥스봉 치즈프리미엄 양갱 세레나 에그롤 오리지널 스트로프 와플 다이제 스티브 오레오 쿠키 콘프라이트 바버라 예티팩 유기농 토마토 케찹 백년 육수 알프레도 소스 로제 파스타 소스알룰로스 트러플 치즈 소스 루꼴라 페스토 미라클 휘프베이킹 소다 오리밀 부침가루 스테비아 만능 자간찌 간장 남륵 피쉬소스 수참치액 샘표연두 우리쌀 태양초고추장 엑스트라 버진 올리브유 비비고 참기름 올리브유 키노아 곡 미숫가루 프렌치 로스트 바게츠 인스턴트 커피헤이즐넛 앤 바닐라 원두맥싱 모카 골드 아모드 크림 스프레드레몬콘 무차 바질스콘 로만밀 식빵 피타브레드 후라이드 지포튀김 황태양념구이 씨없는 족포도 씨없는 청포도 자두 골드키윅 버섯모음 광어회 닭가슴살 닭갈비 유기농 미니크림치즈허니 슬라이스 햄 스모크 소시지 닭가슴살 큐브 하몽 올리브프리미엄 수제 델리미트 냉동 삼겹 느린 식혜 햄스빌 베이컨의성 마늘햄 메밀맛국수 국물떡볶이 함박스테이크 청잎김치 얼갈이 열무김치 찌개용 두부 부침용 두부 바지락 순두부찌개 양념 프리미엄 해물경단 튀김새우 소고기잡채 도톰 동그랑땡 통어의 고추튀김 녹두빈대떡 감자채전 설롱탕 한우곰탕 중화짬뽕 바지락 칼국수 소바바 소이 허니순살 꼬마돈까스 크리스피 핫도그 실기업 돈까스 함박스테이크 비비고 통새우만두 제주돼지 감자만두 딤섬 새우 하가우 비비고 왕교자 진한 김치만두 든든한 섬만두 미니컵 컬렉션 하겐다즈 스틱백 모둠 꿀떡 김치 치즈 주먹밥 트리플 치즈 피자 맛있는 물만두 남도 떡갈비대상웰라이프 뉴케어 트레핀 벨기안 커피맛 스위트 캔디 스키니랩 시서스다이어트블랙모어스 오더리스 알티지 오메가 피쉬오일 미니오뚜기 딸기잼암엔해머 베이킹 소다 세노비스 코큐텐켈로그 컵 시리얼 종근당건강 어린슈퍼 콜라겐 스킨핏종근당건강 알로에 이뮨 스틱프로폴리스 캔디 마누카허니트루블루 코스트코안국건강 눈건강솔루션그래놀라 바 제너럴 밀스 네이처밸리 트레일 믹스 바네이쳐밸리 프로틴 바 페레로로쉐 누텔라앤고 오리온 닥터유 프로틴바 미니 두보식품 바싹콩콩 서리태 스낵 관절리프리놀 초록입 홍합추출오일 트루블루 프로폴리스 트루블루 스피루리나 안국건강 코박사 솔루션 뉴트리원 비비랩 더 콜라겐업 젤리타입 피쉬콜라겐동국제약 센텔리안마시는 콜라겐 프로틴웨버네츄럴스 프로바이오틱 유산균 프로일유업 셀렉스 코어프로틴네스카페 돌체구스토종웨버네추럴스 비타민세노비스오메가 종근당건강주니어 홍삼 궁 쇠고기 육포 궁 골든올리브 육포 궁 쇠고기 우육포 센트룸 엔젯오리진 뉴질랜드 초록입홍합비타민 네츄럴라이프 칼슘 마그네슘 비타민 세노비스 트리리턴업 아이시안 루테인비타민 크리넥스 소프트엠보싱 물티슈 신신파프쿨 핫 신신파스쎌바이오텍 듀오락어린이 유산균콜롬비아 커피 그라운드 웨버네추럴 오메가 프로 엔젯오리진 하이큐스파티딜세린 징코슈퍼 오메가비타민청원 고구마츄 나비스코 오레오 쿠키 켄지 크리스피 고프레 바닐라 초코 라운드랩 독도토너 콜게이트 그레이트 레귤러 치약오랄비 글라이드 치실 민트향 개 무염 믹스넛견과류검 일회용 치간칫솔 썬 스위트 건자두 웰치스 후르트 후르츠젤리라운드랩 독도클렌저 수려한 비책진생 윤 유액 리즈케이 퍼스트씨세럼 파로돈탁스 치약알페신샴푸하리보 골드베렌 과일맛젤리 커피빈 캡틴아메리카노미니 팬틴 케어 샴푸팬틴 케어 컨디셔너후디스 허니 로스티드 피넛 마마스초이스 리얼 닭가슴살칩 센소다인 멀티케어 치약쌀국수 스프포함 아토팜수딩로션 상하키친 양송이 크림 스프 하마야 드립백 커피 헤드스파 더프리미엄 헤어 경남제약 레모나하리보 메가파티젤리밀크 초콜렛 아몬드 커피빈 바닐라파우더 헤이즐넛파우더담 빼빼어포에스엔비 골든카레 중간운맛 리챔 오리지널 캔캔 본죽 쇠고기 장조림 오뚜기 백세카레 약간운맛 동아제약 가그린 오리지널동아제약 가그린 제로 닭가슴살 캔인스턴트커피동원 참치 웨이더프로틴 파우더녹차라떼맛 초콜릿맛유동 자연산 다시마골뱅이맥스봉 치즈 밀카 센세이션쿠키 뚜부 크래커 화과방 프리미엄 양갱프레디 스트로베리요거트 콤보스 체다 치즈 크래커 자케 미니 브라우니 믹스 나비스코 프리미엄 솔틴크래커오리지널 스트룹 와플 오데이 누가 샌드위치 크래커로아커 미니 웨하스 믹스 스낵야드 표고버섯칩 오리온 초코파이 오리온 카스타드 전자레인지 팝콘이가자연면 감자수제비 삼립 궁중 꿀약과 비비고 갈비탕 비비고 설렁탕 비비고 소고기 장터국 비비고 소고기 미역국 비비고 육개장 오뚜기 뿌셔뿌셔 동화씨앤에프 생강 대롱미왕 고소한 쌀과자 양반 진국 소고기 무국 오리온 오징어땅콩땅콩강신화당 오란다농심 쫄병 스낵 대용량 멀티백 다용도 쓰레기봉투 작업용 장갑먼지청소포 핸들청소포마미손 고무장갑 대형중형 이지엔 일회용 비닐장갑 이지엔 페이퍼호일 삼풍 일회용 나무젓가락 베지터블 코인 압축 티슈홈케어 파워 방충제 옷장용 서랍용얼라이브 원스데일리 멀티비타민 페브리즈 섬유탈취제 다우니향 스카트 다용도위생행주 페브리즈 에어 공기탈취제심플리잰틀 다용도 화장솜 뉴초이스 미니 크리스피롤 곡 카디나 감자스틱메이플시럽스카트 일회용수세미 롤고려은단 비타민페브리즈 차량용 방향제클립개이지엔 비닐 위생백 중형 크릴오일스카치 직테이프 디스펜서 리필개함타바스코 핫소스소스락 백년육수 백설 남해굴소스 이지쉐프 알리오올리오 소스 오뚜기 골드 마요네즈 오뚜기 참깨 돈까스 소스 온동네 풍국면 소면 청원 쌀올리고당 폰타나 카르니아 크림소스 쁘레리바떼쩨 델라 나투라 트러플 소금 하인즈 토마토케찹 에스앤비 생와사비 초콜릿 믹스 바 아몬드가루 스타 케이퍼초콜릿 칩쌀 크래커선메이드 건포도 워커스 어쏘티드 토피초콜릿 모음고구미 고구마 칩스위토리 다크 카카오 초코볼백설 소갈비양념 백쿡 백종원 만능 양념장 오뚜기 옛날 자른 당면 꽃샘 우엉차 스위토리 후르츠민트향 껌 청원 순창 초고추장 마마스초이스 치즈오징어 맥심 카누미니 스틱미담 신안 구운 천일염 풀무원 수타식 즉석생우동 센트룸 실버맨센트룸 실버우먼센트룸맨센트룸우먼유동 번데기 동원 참치베이컨 크럼플스 하인즈 토마토케찹 맥코믹 시저 샐러드 드레싱 해찬들 고기전용쌈장 시아스 오리엔탈 드레싱 참스 미니어춰 스틱 캔디캠프파이어 마시멜로 오션스프레이 건 크랜베리다크 초콜릿 허쉬즈 쿠키엔크림 초콜릿참깨 드레싱 건 블루베리킷캣 오리지널 마즈 엠앤엠즈 믹스 스퀘어 밀크초콜릿허브 캔디초코 큐브해바라기 밀크초코볼자일리톨 껌 웨덜스 버터 크림 캔디 앙팡 밀크릿 밀크태블릿 이롬 주스 착즙퓨리나 베긴 애견간식 큐원 갈색 설탕 레드씰 프로폴리스 치약고양이 두부모래백설 하얀설탕 베지밀 아몬드호두 두유 벨버드 치킨밀크껌 벨버드 애견용 변패드샘표 양조간장스타벅스 에스프레소 크림더블샷 캔스타벅스 브렉퍼스트 블랙 병아비노 바디로션 원데이케어 애견관절치석케어 뉴오리진 이너플로라 농협 우리밀 참밀가루 파미데이즈 치킨말이 고구마 강아지간식 한미양행 헤파케어골드 씨제이 유기농 맛밤아보카도 마요네즈 ' 머스타드 명가랑 국내산 참기름 명가랑 국내산 들기름 돈시몬 오렌지주스후디즈 칵테일 피넛 미국산 생아몬드 미국산 호두 로스티드 마카다미아 미국산 피칸 미국산 피스타치오 파라마운트 팜즈 트레일 믹스 무염 캐슈 만나몰 국산 볶음 땅콩 마마스초이스 버터구이 오징어 파라마운트 팜즈 가염 아몬드 파라마운트 팜즈 무염 피스타치오딸기잼 계피가루 다목적 렌즈관리용액 로리스 갈릭 소금 델라미코 갈릭 후레이크 다우니 섬유유연제 블리스다우니 섬유유연제 에이프릴다우니 실내건조섬유유연제다우니 언스탑퍼블향기부스터 몰티져스 초코볼 명가랑 볶음 참깨 맥코믹 바질 백설 쇠고기 다시다 백설 중력밀가루 오스트레일이안 보태니컬 비누샘표 연두 슈가버블 과탄산소다 표백제 슈가버블 애플향 주방세제맥코믹 스테이크 시즈닝 룰리커피 스페셜티드립백 시저 애견사료 소고기 캔테라로사 싱글오리진 드립백 오뚜기 순후추 오랄비 치간칫솔우르오스 올인원 모이스처라이저 맥코믹 월계수잎 이지엔 슬라이더스탠딩 지퍼백 자연과 친구들 국산 잣 피쉬 트리 진짜해물건더기 차앤박 옴므 올인원 플루이드 델라미코 크러쉬드 레드페퍼 스키피 크런치 땅콩버터 키친솝 주방세제도숙성초토블론 타이니 초콜릿 통후추 티젠 레몬콤부차 맥코믹 파슬리플레이크 퍼실 디스크세제 퍼실 어드밴스드젤 세탁세제페레로 누텔라 퓨렐 손소독제프렌치 트러플 프로틴 바본마망프루츠 잼 프릴헨켈베이킹소다 주방세제 레몬향헤라 데일리레포츠헤라 옴므 에센스인 스킨 종샘플헤라 옴므 에센스인 에멀젼 종샘플홈워시 세탁조 크리너흑후추 그라인더리필다크초콜릿 카라멜씨솔트초콜릿 후버 사과 주스코코넛 워터후룻베지 파우치허니 로스티드 마카다미아음료수컵팁코 파인애플주스 광동 옥수수 수염차 돈시몬 자몽주스멘토스 미니사이즈 과일맛엘지생활건강 모노티크 샴푸 라벤더향 엘지생활건강 모노티크 바디워시 대용량빙그레 바나나맛우유스위티 자몽주스 연세우유 멸균우유 이지엔 에어프라이어 종이호일 삼풍 친환경 종이보울 삼풍 친환경 종이접시 대 삼풍 친환경 종이접시 중 태광선식 퀴노아 곡미숫가루 토레타 과채이온음료 트롤리 올인원 젤리 트롤리 피자 젤리틱톡 젤리 믹스카리스웨트 이온음료 풍국면 들기름 막국수 후르트텔라 요구르트 핸드 쉘드 호두 질레트 프로글라이드 면도기 면도기날네이처 메이드 울트라 마그네슘 코스트코팜로드 더블치즈 케이크 미림 요리전용맛술삼립 촉촉한 꿀카스테라 페브리즈 더블액션 화장실비치형 박스테이프 갈색다우니 실내건조세탁세제백쿡 만능장아찌 간장소스베스트모먼트 돌체구스토 호환 미즈칸 쯔유청원 조청쌀엿프리미엄화장지롤안옥남 씻어나온 간편미역 해초미인 기장미역 브레프 변기세볼 레몬안옥남 숙성 다시마 웰킵스 황사 마스크소형웰킵스 황사 마스크대형안옥남 참미역 오뚜기 분 카레짜장미이랑 미국산 퀴노아 햇반 일찰잡곡밥 햇반 쌀눈가득 쌀밥 벨라민츠 무설탕 스피아민트 캔디뽀삐 점보롤화장지 롤알티지 울트라 오메가 글루코사민 슈퍼컴플렉스 실버 멀티비타민 칼슘 마그네슘 아연 피칸클러스터 아이리스 비말마스크사이즈유리아쥬 진피 청결제 종근당건강 생유산균포스트바이오틱스미이랑 캐나다산 병아리콩스파게티면파스타면 혼합 본죽 쇠고기 야채죽 셀렉스 밀크세라마이드 콜라겐솔리몬 스퀴즈드 레몬 블루 아가베시럽 브라운 전기면도기 세액밸런스밀 프로틴 쿠키 관장 홍삼현 팽성농협 아끼바레현미 미이랑 국내산 가바오색 현미 미이랑 국내산 찰현미 미이랑 국내산 찰흑미 미이랑 국내산 흰찹쌀보리 미이랑 캐나다산 귀리쌀 미이랑 국내산 체질균형식 종근당건강 코어틴 프로틴 볼 혈중콜레스테롤엔 폴리액티브멀티비타민 스카트 핑크 행주타월 롤라구 토마토 파스타 소스 길림양행아몬드 베스트 스키피 그레인 쿠키 샌드 트러플 엑스트라버진 올리브유 페브리즈 섬유탈취제 향균 크래프트스테이크소스 병바이엘 베로카 발포비타민 템테이션 반려묘 간식닭고기맛리스테린 구강청결제 쿨민트리스테린 구강청결제 그린티리스테린 구강청결제 검케어 관절연골엔보스웰리아마즈 스키틀즈믹스 생유산균프리미엄 병보노 옥수수알 콘스프무염 견과 스낵상하목장 멸균우유 라이온 아이깨끗해 프리미엄 핸드워시 리필청원 순창 조개멸치 양념된장 청원 토마토 스파게티소스 팁코 오렌지자몽 주스 팁코 케일믹스 과일주스 피지 항균 세탁세제허쉬 초콜릿드링크 스노우버디 휘핑클렌저 니트릴 다용도장갑키친타월 롤대웅제약 우루샷피스 골프공프리미엄 고양이사료유스 래스팅 아이크림 폴리덴트 의치세제먼투썬 주 메이지 마카다미아 초콜릿극세사 대형 세차타월 레몬민트 허브캔디 라이스퍼프 초코바 크리스피 초콜릿 남안동농협 고춧가루 뉴트로지나 딥클린 아크네밍 클렌저뉴트로지나 딥클린 젠틀밍 클렌저닥터포헤어 폴리젠 닥터포헤어 피토테라피 달담 쫀득한건망고더블유디 다목적방청 윤활제개동국제약 센텔리안 더 마데카크림 동아제약 써큐란알파 동원천지인 홍삼골드 듀라셀 울트라알카라인건전지듀라셀 울트라알카라인건전지듀라셀 알카라인 건전지듀라셀 알카라인 건전지디펜드 프리미엄 성인용기저귀 대형로레알 엑셀랑스듀오 염모제 롯데 자일리톨 오리지널르샤트라 섬유탈취제 피오니부케 마마스초이스 구운 오징어채 마마스초이스 황태 껍질 튀각 마즈 스니커즈 미니스 무코타 아이 헤어트리트먼트미이랑 국내산 율무쌀 바슈롬 오큐비전불스원샷 프리미엄 연료첨가제개 경유 휘발유비겐 크림톤 염모제사우어 벨트 젤리 삼풍 이중단열 커피컵삼풍 종이컵 샐러드토퍼 셀렉스 스포츠 웨이프로틴 드링크 솔가 에스터 비타민수려한 비책진생 윤 수액 수려한 비책진생 윤 크림 스머커스 미니잼 모음스카트 테이프크리너본체리필 롤스타벅스 브랙퍼스트블렌드에스프레소 블렌드하우스 블렌드 스트라이벡틴 어드밴스드 크림 아비노 바디워시자몽아이오페 슈퍼바이탈 크림크림에센스 아이오페 슈퍼바이탈소프너 안옥남 영양솥밥요리 종근당건강 올앳미카르니틴다이어트웨이더 조인트본컴플렉스유세린 안티에이징 에센스유세린 하이알루론 아이크림관장 홍삼진 현지크 합성엔진오일개질레트 프로글라이드 면도날질레트 프로쉴드 면도날질레트 프로쉴드파워 면도기참그린 식기세척기세제 차앤박 그린프로폴리스 앰플 캐스트롤 합성엔진오일개 알카라인건전지 알카라인건전지 알루미늄 쿠킹호일피넛버터 프레첼 크리넥스 마스크 대형 킴보 네스프레소 호환 커피 리쥬란힐러 턴오버앰플 삼성 블랙토너 삼성 블랙토너 삼성토너파랑삼성토너블랙삼성토너빨강삼성토너노랑파커조터 오리지날 볼펜 푸드엔씨 구운미니쥐포 피쉬트리 오사리안주멸치 피지오겔 페이스 앤 바디로션 하인즈 버거소스 한라식품 수참치액배스킨라빈스 딸기맛 우유주방용랩중형스카트 테이프크리너 리필 바닥용파이어폭스 바베큐숯바디 솝 비누티라이트 삼성 복사용지 사이즈트라몬티나 주방 가위 다용도 극세사타올장 차량용 세차걸레 테이블 냅킨글래드 프레스앤씰 직랩 옵티멈 뉴트리션 골드스탠다드웨이 단백질보충제 프링글스 더 오리지널 콜롬비아 원두커피성인용 언더웨어 입샹 달프 과일잼 종켄지파 크래커 카라멜라이즈 쿠키 고려은단 멀티비타민 올인원 세노비스프로폴리스 스프레이소형견 사료 영덕 게간장 소스맥심 모카골드 마일드 맥심 화이트골드 대림바스 샤워헤드필터 대림바스 필터 샤워헤드필터개포함삼립 오븐에 구운 버터도넛코스트코 올리브유 파래김장 돌김자반구운김밥김장 홈스타 바르는 곰팡이싹 볼빅 플라이온 선 골프공 피스 팬시피스트 애묘용 캔사료종 캔애경 울샴푸다용도 작업용장갑 소가죽 재질 끌레드벨 리프트 쿠션 본품 아토덤 보습 크림덴타인 페퍼민트 무설탕껌시트형 섬유유연제애견용 변패드 초코칩 쿠키스타벅스 원두커피 카페 베로나 스타벅스 원두커피 브렉퍼스트 블랙퍼스트블렌드 담터 율무차 인라이프 대용량 핫로얄티 루이보스티 설탕 크랜베리 아몬드쿠키 올게인 유기농식물성 프로틴파우더 쥴스 데스트루퍼 버터비스킷 나비스코리츠 크래커 린드세이 블랙올리브비제 갈색설탕 불스원에탄올워셔개메사나 파마산 치즈 듀라셀 울트라알카라인건전지듀라셀 울트라알카라인건전지미이랑 국내산 발아귀리 현미곡 센트룸 칼슘비타민미니 웰케어리턴업 전립소옥타코사놀 관장 홍삼 현 스타벅스 비아 파이크플레이스 스타벅스 아메리카노 불스원 그라스 디퓨저개볼빅 피스 골프공무광 색페레로 로쉐 초콜릿 볼 동원 고추참치 햇반 발아현미밥 햇반 이천쌀밥돌 복숭아컵우르오스 페이스바디 클렌져 블레이즈 발사믹 그레이즈 찹쌀다시마부각 비비고 사골곰탕진 양반 특전복죽 안옥남 국물용 다시유기농 사과당근 주스 크리넥스 데코소프트롤크리넥스 안심 키친타월롤스카치브라이트 도트 주방수세미스카치브라이트 옥수수그물망사수세미스카치브라이트 일회용 변기솔 크린스틱 베이킹소다 핸들 패드프로쉬 주방세제프로쉬 식기세척기세제스카치브라이트 베이킹소다 수세미 스카치브라이트더블액션걸레 핸들 청소포스카치브라이트 초강력 린트롤러 롤스카치브라이트 베이킹소다 청소포스카치브라이트 미세먼지 청소포일 헬스뉴트리션 셀렉스 웨이프로틴 마즈 스니커즈 펀 사이즈 카프리썬 오렌지망고 카프리썬 멀티 비타민 나인위시스 하이드라 앰플세럼 큐팁스 면봉카오 화이트솝 비누센카 퍼펙트휩 클렌징폼 페이셜 워시 스팸 클래식 캔티에스 스칼프 샴푸 실크테라피 수프림 트리트먼트 스팸 마일드 리큐 세탁세제드럼겸용 비트 세탁세제 샤프란 꽃담초 섬유유연제홈스타 욕실용클리너 윙크 위생 롤도마 지퍼락 버라이어티 냉장백 소형 미니지퍼락 스마트지퍼백 중형 지퍼락 스마트지퍼백 대형 태극제약 도미나스 크림 피지오겔 로션피지오겔크림실크테라피 골든앰플헤어에센스페리오 히말라야 핑크솔트치약쉬크 하이드로 커스텀 면도기면도날개아우라 건조기용 섬유유연제 프레쉬플로렐 피지 파워업 시트형 세탁세제 드럼겸용 아이리스켓용핫 아이리스 부착용 핫 스타벅스네스프레소 엘지생활건강 오가니스트비건퍼퓸 컨디셔너 스타벅스네스카페돌체구스토다우니 향균파워 섬유유연제뉴트리원 더콜라겐동아제약 미미막스 멀티비타민구미센트룸 멀티비타민구미지큐랩스트바이오틱스듀얼바이탈이뮨일분 액상 트루블루 프로폴리스스틱 아이시안루테인 지아잔틴 뉴오리진 유한백수오앰플 병한입전병 믹스 비엔나 병아리콩 스낵와사비콩 스낵종합 모나카 비첸지 웨하스 믹스 에스앤비 골든카레 운맛 상하키친 진들깨닭고기죽 이지쉐프 소이라구소스 오뚜기 초간편 감자전 믹스 백설 우리밀부침가루땅콩버터파우더 해찬들 태양초 고추장블랙올리브파마산치즈 건대추 건곤드레 나물 건고사리 무말랭이츄이 프로틴 바 오가니스트샴푸앤바디워시떢볶이의 신 짜장 라볶이 떡볶이의 신 즉석 라볶이팬시 믹스넛 비첸지 페스트리비비고 닭곰탕 크런치 롤러스 유기농 현미강 홈케어 친환경크 스카치브라이트 다용도 행주겸 청소포 페브리즈 내추리스 섬유탈취제 라벤더 스탠리 수공구종 남극크릴 오일 지큐랩 에스 신바이오틱스 유산균 포청원 로제 스파게티소스건망고 동원 면발의 신 원조생쫄면 트레핀 벨기에 버터토피 엑스트라버진올리브유 스프레이 유기농 살사소스 마즈 트윅스 미니스 미오 크리미 애묘간식 바우와우 애견용 혼합간식오뚜기 삼겹살소스 콤보 애견용 져키 오리 브라질 넛 스페니쉬 퀸 프리앤클리어 세탁세제 회분트라몬티나 거름채뉴오리진 에스트리션백수오 도리토스 나초 칩레이즈 클래식 류샤트라 섬유유연제 피오니부케프리토스 체다치즈디핑소스 카기 초콜릿웨이퍼믹스 페이머스 데이브즈 콘브레드 믹스 광동 돼지감자차 네슬레 프루팁스벨먼 스크럽 바디워시 콜라 태양의 식후비법차 온가족 누룽지미니 파워에이드 이온음료 히츨러 히치스 오리지널던킨 네스프레소호환 미이랑 국내산 서리태 미이랑 국내산 적두 팥미이랑 국내산 찰기장쌀 미이랑 국내산 찰수수쌀 크리넥스 수프림 소프트롤일품채 표고채 솔가 관절 엠에스엠에센셜그래놀라 켈로그 리얼 그래놀라 썬키스트 석류 젤리 스틱 코스트코썬키스트 밀크씨슬 프리미엄코스트코자석파스 피프 에레키반 듀얼 바이탈 이뮨액상멀티비타민네이쳐스프렌드 체다 까망베르 치즈쿠키 클렌징워터 건성용 지복합성용메이크프렘 클렌징밀크허브솔루션 토너 젤타입 뉴트로지나 레인바스 샤워 젤 글락소스미스클라인 피지오겔 바디로션히말라야 너리싱 수분크림 동국제약 센텔리안 마데카 크림 액티브 스킨뮬러세타필 모이스춰라이징 크림 을지로 노가리 고추장함 태광선식 서리태 귀리쉐이크 상하키친 버터 치킨 카레 양반 갈치 조림 크리넥스 마이비데 물티슈 캡형총 화장실용센텔리안 멜라캡쳐앰플 로레알 엘세브 헤어오일 로즈향에그파스타 네슬레 폴로 오리지날 덴탈라이프 캣트린 연어치킨 마장농협 이천쌀 미이랑 국내산 찹쌀 파주농협 아끼바레쌀 팽성농협 고시히카리쌀 플립즈 미니초코 프레첼 세타필 모이스춰라이징 로션오트밀 찰옥수수맛 올가니카 제주감귤칩 일유업 셀렉스 생활건강 다용도세티슈 닥터지 그린마일드업선 삼육두유 아몬드음료 유한킴벌리 그린핑거 선케어카라멜아몬드캐슈세이프온선쿠션리필퍼프리플린 스톱워치상하목장 얼려먹는 아이스크림 에스디푸드 라바쑥쑥구미 올게인 프로틴바이오틱스 올게인 프로틴 쉐이크월드그린 국내산 백태 차량용 햇빛가리개 전면개측면개청원도씨유가염 볶은 아몬드 리치 펌핑치약 스낵 버라이어티 플랙커스 어린이 치실피지오겔 선크림 로션홈케어 스푼닥터피엘 퓨어팟 자동변기 세기소낙스 세차 샴푸 체리봉봉 곤약 젤리 믹스 듀오락스트바이오틱스 벌꿀리스테린 구강청결제 헬씨브라이트예인수산 한번더 구운먹태 허쉬 후퍼스 밀크초코볼포카리스웨트 분말 던킨 스틱커피 소스락 칼칼육수 델몬트 후르츠 스낵 믹스 프렌치로스트 원두 아모스 노크식 수테이프 아이스티 복숭아 아쿠아크러쉬 투명컵 뚜껑빨대 닥터그루트 애딕트 샴푸 크리스탈라이트 핑크 레모네이드 이지엔 주방용랩 대형 이지엔 주방용랩 중형 립톤 아이스티 복숭아맛 이모지 파티 캔디 믹스 바이엘 원어데이 컴플리트 멀티비타민스톤릿지 오차드 건체리 트라몬티나 다용도 집게식품 국산콩 진한콩국 메모리폼쿨젤 허리보호쿠션메모리폼쿨젤 나비목쿠션이롬 야채과일백설 해물파전믹스 맥코믹 레몬버터딜소스 비비고 스팸 부대찌개 도씨유종근당건강 락토핏 생유산균해들원 캐나다산 카무트 올가니카단백질 쉐이크뿌띠슈 해피데이 트위스틱스 애견용 덴탈스틱올데이 블렌드 크래프트하인즈 플랜터스 버라이어티프리파라 오일 스프레이 도밍고 꿀홍차 허쉬 너겟 초콜릿 캘러웨이골프공폴라초이스 스킨퍼펙팅 바하리퀴드유시몰 치약 넥스케어 밴드혼합형웰크론마스크 대형화이트러버랩 니트릴장갑 어부가 황태채 오뚜기 맛있는밥 발아흑미 해우랑 손질한 황태채넥스케어 블레미쉬 커버 삼성 복사용지 사이즈오리온 꼬북칩 초코츄러스 삼립 이즈니버터 와플 모노큐브 랩탑 스탠드 접이식거치대건강백서 애견사료 말티즈 푸들 엘지생활건강 피지오겔 바디워시한미헬스케어 비타민 구미젤리 케미칼 화초보약식물영양제백제일월풍면 파곰탕면 쌀국수 플라스틱접시 한스킨 히알루론 에센스크리넥스 안심물티슈 휴대용 애경순샘 직워시 식기세척기 액상세제 아로마뷰 옐로우가든 섬유유연제농심테토 칩 찜기 디종 머스타드 세노비스 히알루론산 병뉴트리나 비스트로 애묘사료 롯데 빼빼로 모음백설 유기농 부침가루 휴슨 넛 슬라이스 아몬드 오뚜기 양념치킨소스 머슬팜 컴뱃 단백질 보충제 동원 꼬막 비빔 키트베비언스 유아용 물티슈 캡형 눅스 리치오일 고로고로 테이프크리너본체리필고로고로 테이프크리너 리필 침구용 또는 바닥용오데이 설화병 제일제당 리턴업 전립소 쏘팔메토 벨라민츠 스피어민트 무설탕껌돈시몬 레몬에이드스마트후룻 과일퓨레 그린스마트후룻 과일퓨레 트로피칼까만 숭늉차 까늉 프라이웰 바디케어 오일 도루코 주방가위 세노비스 밀크씨슬 올가니카 꿀 담은 홍삼절편 액체세탁세제 겸용 바이엘 베로카 발포 발포비타민울트라 슈퍼 오메가비타민클럽세노비스 프로폴리스개월분 세노비스 트리 우먼 멀티비타민미네랄 울트라클린세제 회분엔젯오리진 크릴오일 화이트는 오버나이트 카프라이스 클래식 헤이즐넛 코코아 웨이퍼롤 츄어블 그린프로폴리스파워업세제 둘코화이버 구미 사과맛 망고맛딜론 다용도 화장솜 파워풀엑스 리커버리크림 박찬호크림 세노비스 마그네슘 세노비스 달맞이꽃 종자유 세노비스멀티비타민 미네랄 세노비스 트리맨 멀티비타민미네랄 테팔 티타늄프로 웍프랑스산그라놀라 시리얼 뉴트리원 르시크릿 초유 콜라겐 프로틴비비고 고등어 시래기 조림 켈로그 크랜베리 아몬드 그래놀라 켈로그 라이스크리스피 트리츠 미이랑 오트밀 켈로그 현미 푸레이크 켈로그 아몬드푸레이크 켈로그 첵스 초코콤보 포스트 오곡 코코볼스트 콘푸라이트 제네럴 밀스 프루티 럭키참스 뉴트리원 모나코사놀 와이즈넷 무선 보안카메라 바이오 피부면역 생유산균다이제스티브 투 고다크초콜릿 비스킷 코스트코웨이더 뉴트리션 프라임맨 오브파워 켈로그 스페셜레드베리 실크테라피 헤어에센스 페퍼리지팜 초콜릿 천크 쿠키비첸지 쿠키 콜랙션 식물성 피부유산균라메르풀라 쿠키셀렉션 틴 스위스 미스 핫 코코아 믹스 마시멜로 스위스 미스 핫 코코아 믹스 밀크 초콜렛 예산농협 삼광쌀 일 셀렉스 일 셀렉스코어프로틴 뉴트로지나 딥클린밍 클렌저버버리 위크앤드 향수 한미 헤파케어골드 밀라노 다크 초콜릿 쿠키페퍼리지팜 밀라노니베아 데오드란트스프레이 롤온한국멘소래담 쿨링리프롤온로션코베아 헤스티아 토치농심 김치 사발면 스팀베이스 스팀 아이 마스크 캐릭터 볼펜 타키스 푸에고칩 아디다스 피날레 축구공 호 수필터 콘에어조명거울 저소음 모던 벽시계보이로 전기방석데리야끼 소스 조리도구 스팔딩 골드농구공 도마 락앤락 무스 컬러텀블러 브리타 맥스트라 필터개좋은느낌 유기농순면 라이너 롱 일반좋은느낌 좋은순면 맥시 슬림날개 중형 대형좋은느낌 유기농순면 울트라슬림 날개 소형 중형레고 크리에이터 악어레고 씨티 경찰서와 소방서 이집션직 보습크림 더블유드레스룸 핸드크림 홈워시 홈 드라이화이트 순면 탐폰 슈퍼레고씨티 공사트럭과 레고프렌즈 하트레이크아베다 샴푸어너처링 샴푸 락앤락 보온도시락휴대가방함 리듀스 보온보냉병아소부 머그컵 양키 캔들프리즘 데스크램프 타임리와인드 아이크림뉴트로지나 바디오일 세노비스 루테인오메가 세노비스 토탈케어 세노비스 울트라오메가 세노비스 칼슘비타민 세노비스 수퍼바이오틱스 세노비스 멀티비타민 미네랄 세노비스 멀티비타민 미네랄 세노비스슈퍼바이오틱스세노비스 메가필라 게이밍 헤드셋 캐릭터 볼펜 웨스트 콧 전동연필깎이 캐릭터 볼펜 사각파우치 뉴트리원 루테인지아잔틴 뉴트리원 맥주효모 골드 뉴트리원 알티지 오메가 뉴트리원 트리플업 보스웰리아 시니케어 프로폴리스 마우스 스프레이시니케어 프로폴리스치약시니케어 프로폴리스시니케어 힐밤 시니헬스 오메가 동원홈푸드 히말라야 핑크솔트 그라인더리필 종이나라 색종이 제트스트림 볼펜 유키하라 다시냄비 로레알 엘세브 헤어 오일관장 홍삼현종근당 생유산균 페리오 치간칫솔케이스개맥스 클리닉 오일 투 폼클렌저니올리아 네올리아 올리브오일비누 글락소스미스 폴리덴트 의치세제 보관함실크테라피 샤인 트리트먼트 슬라임 동국제약 센텔리안 마데카 바이탈 세럼김문 알로에 큐어알로에베라겔크림 엘지생활건강 오가니스트샴푸앤바디워시쉬크 인튜이션 제모기 면도기개 면도날개티젠 에너지티 페리오 히말라야 핑크솔트 치약오랄비 프로플렉스 칫솔페리오 초극세모 칫솔 깨끗한 나라 휴대용 촉촉한 티슈유한킴벌리 화이트 에코프레시 중형또는 대형 질레트 퓨전 프로글라이드젤질레트 프로글라이드 파워 면도기 질레트 프로글라이드 파워 면도날질레트 스킨텍 플렉스볼 레드씰 어린이 치약던킨 드립백커피 유동 순살 왕꼬막유러피언쿠키 라고 미니 파티 와퍼로카 치즈 비스킷 생미쉘 프렌치 도넛프로쉬 식기세척기 세제팝살롯 팝콘 버라이어티오테이스트 우거지뼈해장국 신화당 인절미 스낵 디아지아 테이블 커버한스킨 클렌징 오일건성 중지성 복합성스카트 블루행주 타월 롤더블유드레스룸 퍼퓸 오뚜기 초간편 감자전 믹스 페브리즈 항균 깨끗한향 리필 고속무선충전기 고속 충전트 케이블개로지텍 블루투스키보드 블랙 화이트하빗 보조배터리 더블유드레스룸 퍼퓸 참존 징코 클렌징티슈 장개 장개블랙앤데커 핸디 청소기 핸드드립 커피필터 장불스원 크리스탈듀얼코트개불스원 레인 스피드 발수코팅 더블유디 다목적방청 윤활제 소낙스 왁스 미세 흠집 제거제 왁스용스폰지포함오프 보태니컬 스프레이 모기기피제작업등 피스 청원 통현미식초 시분 흑당 버블 밀크티 너즈 로프젤리 레인보우 스위토리 밀펑 초코볼낼리 베이비 딜 피클 크리스탈라이트 핑크 레모네이드 킨더조이 보이걸티젠 보이차 워터믹스 백제 당초 밀면 백제 도토리 비빔막국수 스위트 칠리 소스 마스 믹스드 미니즈 스팽글러 덤덤 팝스 진저젤리믹스폴로 오리지날 허쉬즈 리세스 틴 마즈 스키틀즈 펀사이즈 커피명가 올굿블렌드 뉴트리션 앤 테이스트 홍삼캔디수 메가맨 우먼스울트라오메가 밀크씨슬 동원 하루기초 초록입홍합 환 뉴트리움 유기농 멀티비타민 라미 볼펜 샤프 네츄럴코어 애견애묘 미트스틱 세타필 모이스춰라이징 로션피스 골프공 유기농 초콜릿 틴 김정문알로에 큐어인텐시브크림닥터지 레드블레미쉬 수딩크림 린도르 볼 초콜릿 마즈 몰티져스 버켓아카시아꿀 옐로우콘 토티야칩스 유리아쥬 립밤 스틱 레브르 이니스프리 그린티씨드세럼 토티야 칩스 젤리빈 가지 맛 팁코 그린주스 청소화기 청가스계스카치브라이트 다용도 세티슈 보쉬 익소멀티 드라이버 청소도구 홀더 투명 문풍지 하이츄 버라이어티 불스원 김서림방지 스프레이개농심 새우탕면튀김우동 소나텍 익스트림나노 엔진코팅개농심 신라면 봉농심 신라면 건면 봉농심 신라면 볶음면 봉농심 신라면 소컵 농심 너구리 봉오리엔트 원목 벽시계 지름팔도 왕뚜껑 농심 육개장 사발면 오뚜기 진라면운맛 용기 오뚜기 진짬뽕 소컵 농심 올리브짜파게티 오뚜기 참깨라면 컵 캐스트롤 엔진오일합성유브라이트탑 차량용부동액 코리아 틈새막이테이프 털실형형다목적 단롤링카트 단순생활 무선 미니 가습기지라프 휴대용 가스렌지켄트 패들쿠션 브러쉬던킨 원두커피던킨만원상품권레노오토 세차 양동이 맥심 슈프림골드 커피믹스 개별 멀티탭아이스토리 차량용 스마트폰 무선충전거치대에코 사각형 쓰레기통 카피탈리 네스프레소 호환 지프 크리미땅콩버터비달사순 헤어드라이어 스타벅스 윈터블랜드 원두커피 농심 안성탕면 무아스 체성분 체중계본죽 제주안심 고추장조림올리브유 옥돌김 허니체 크리미 헤어마스트비에날씬에스 다이어트유산균 섬유유연제 라벤더 아토덤 보습크림 섬유유연제 후레쉬네슬레 킷캣 팝스 센텔리안 마데카 멜라캡쳐앰플비비드 키친 콘스프 인쉘 마카다미아 곰표 후라이드 오징어튀김 풀무원 평양 물냉면 젤리빈 축구공 젤리 백설 유기농 부침가루프루팁스상하목장 멸균우유 츄파춥스 믹스캔디 양반 단호박죽 양반 프리미엄 통단팥죽초코칩 쿠키 파주농협 참드림쌀 엘지생활건강 오가니스트 컨디셔너 까리떼 블랙솔트 타르트 믹스 마즈 몰티져스 초코볼 다우니섬유유연제한스킨 클렌징 오일 생활공작소 거품형 향균핸드솝아로마티카 로즈마리 샴푸 페레로 킨더맥시 초콜릿킨더 부에노입프로폴리스 리퀴드 니베아 헴프씨드 바디로션
​
커클랜드 프리미엄 화장지 휴지 3겹40m30롤 블루베리 베이글 6개입 X 2팩 프로쉬 알로에베라 세탁세제 6L 암앤해머 베이킹소다 6.12kg 크리넥스 데코앤소프트 화장지 30롤 3겹 40m 커클랜드 울트라클린 세탁 세제 5.73L 피지 세탁세제 120매 커클랜드 종이타올타월 160매 워커스 어쏘티드 토피 초콜릿 1.25kg 스카트 크리넥스 빨아쓰는 행주 100매 부샤드 다크초콜릿 부샤드 씨솔트 초콜릿 오레오 쿠키 32팩 대용량 1.6kg 커클랜드 시그니춰 밀크초콜릿 아몬드 1.36kg 넬리 알칼리 드럼세탁기세제 가루 100회 프로쉬 식기세척기 세제 72개입 베이킹소다 올인원 대용량 신라명과 참깨 햄버거빵 70g x18개 커클랜드 울트라 클린 캡슐세제 24g 152개 프로쉬 주방세제 3L+펌프2개 미니 프렌치롤 생지 6개 x 4팩 퍼실 디스크 캡슐세제 어드밴스드 고농축 세탁세제 60개입 스위스미스 핫 코코아 믹스 28g 60개입 커클랜드 시그니처 울트라 클린 캡슐세제 140개입 프링글스 미니 사워크림 어니언 19g, 30개 피지 세탁세제 120매 종이 농심 과자 새우깡 스낵 박스 자갈치 포스틱 꿀꽈배기 5가지맛 미니 봉지 과자 세트 36개입 신라명과 호밀빵 식빵 샌드위치 건강 곡물 식전 식사 빵 코스트코 215g x 4개입 몰티져스 밀크 초콜릿볼 528g 개별포장 대용량 코스트코 초콜릿 신라명과 샌드위치식빵(대) 880g x2 홈스타 욕실용 클리너 750ml 4개 리터스포트 초코 큐브 608g 크리넥스 안심 3겹 키친타올 160매 x 12롤 스모어 오갓멜로 크리스피 쿠키 230g 스카트 크리넥스 핑크 위생 행주 빨아쓰는 행주타월 키친타올 45매 x 6롤 초코렛칩머핀 6개입 + 블루베리머핀 6개입 프레첼 갈릭버터 맛 위너스 봉지과자 85g 대만 누가 크래커580 g(14.5g X 40개) 과자 피넛버터 프레첼 커클랜드 프레즐 대용량 미니 1.56kg 땅콩버터 피넛버터 수입과자 오뚜기 뿌셔뿌셔 불고기맛 95g x 16개 디너롤 36개 오리온 카스타드 대용량 23g x 48개입 커클랜드 식기세척기세제 울트라샤인 115팩 피타 브레드 냉동 빵 100g x 6개입 허쉬 미니어쳐 초콜릿 1.58kg 커클랜드 케틀 핑크솔트 감자칩 907g 미니 초코 크리스피 1kg 프렌치 버터크라상 12CT 크로와상 무궁화 키친솝 주방세제 4L + 700ml 포도숙성초 삼립단팥빵 85g 20개 코스트코 프렌치 트러플 초코릿 1kg 길리안 씨쉘 초콜릿 500g 신라명과 허니버터 카스테라 35g x 18개 대만 누가 크래커 샌드위치 비스킷 435g 30개 카디나 크리스피 프라이스 감자스틱 600g 슐츠 프레첼 프레즐 2.72kg 커클랜드 울트라클린 액체 세탁 세제 5.73L 삼립식품 샤니 로만밀 식빵 메이지 마카다미아 초콜릿 63g 6개 코스트코 동전 초콜릿 300g(60개) 커클랜드 토티야 칩스 나초 나쵸칩 트러플 하몽 크래커 블랙 트러플 1.16KG 29G X 40개 슈가버블 애플 주방세제 4L+940ml M&M 엠엔엠즈 펀 사이즈 믹스 초콜릿 1662g 라브아 비건 고농축 캡슐세제 60개입 신라명과 달콤바삭 크룽지 25g 15개 신라명과 마드레느 마들렌 15G x 36개 540g 타오케노이 빅롤 김과자 3g x 56개 키친솝 포도 숙성초 주방 세제 4.0L 페레로로쉐 초콜릿 600g 48개입 오데이 누가 샌드위치 크래커 435g (14.5gx30봉) 홈워시 파이프크린 5L 커클랜드 버라이어티 쿠키 24개입 삼립 오븐에 구운 버터 도넛 40G x 20 Merci 메르시 초콜릿 셀렉션 675g 삼립 미니 소프트치즈케익 40G x 20개 Guylian 오리지널 씨쉘 초콜릿 500g 브레프 레몬향 변기세정볼 12개 킨더 초콜릿 맥시 21g 36개 크리넥스 각티슈 250매 x 8개 스위스 토블론 타이니 656G 스위토리 체다 까망베르 치즈쿠키 60g X 24봉 농심 스낵 모음 30g x 36개 코스트코 달톤 화이트 식초 5L x 2개입 킷캣 오리지널 삼립 추억의 옛날 꿀호떡 560gX2 1.12kg 태국 구운 코코넛칩 40g 숲속의샘 주방세제 15L 부르봉 알포트 초콜릿 775g 농심 포테토칩 390g 트윅스 미니 초콜렛 1400g 바삭하고 구워만든 고구마칩 켄지 파 크래커 15gX42 파워브라이트 캡슐 세제 180개 신라명과 오리진 단팥빵 47g x 20개 것플렉스 두부 현미 스낵 라 아부엘라 니에베스 감자칩 150g x 6봉 MARS 콤보스 체다 치즈 크래커 테이블 냅킨 330매 x 4개 커클랜드 랩노쉬 단백쿠키 20개입 뚜부 크래커 50g x 7 틴인틴 비스켓 1332G 포션 버터쿠키 18g x 25개 삼립 미니 생크림 보름달 45g×21 커클랜드 고농축 복합 세탁세제 12.7kg 프링글스 오리지널 19g X 60봉 프릴 (헨켈) 베이킹소다 주방세제 3L 레몬향 오리온 초코파이 정 대용량 72개 더다믐 코스트코 김칩스 240g 켄지 크리스피 고프레 바닐라 / 초코 630g 트로피칼필드 크리스피 코코넛롤 400g 오리온 비쵸비 과자 750g 액츠 데오후레쉬+베이킹소다 3.5L 롯데 빼빼로 모음 644g NABISCO 나비스코 프리미엄 솔틴크래커 1.36KG 해태 홈런볼 128g x 6개 잭슨스 고구마칩454g 크리넥스 뽑아쓰는 핸드타올 종이 타월 250매 4팩 스낵야드 표고버섯 칩 300G 오리지널 스트룹 카라멜 와플 1260G 진새우 오리지널 새우스낵 4개 70g FRITO LAY 도리토스 나초 칩 850G / 30OZ 파피스 벨지안 카라멜라이즈 쿠키 300개입/ 벨기에 커피 과자 슈가버블 과탄산소다 표백제 HBAF 먼투썬7주 980g 뽀삐 점보롤 화장지 600M x 4롤 마마스 초이스 리얼 닭가슴살 칩 210G
​
커클랜드 시그니춰 전자렌지팝콘 아보카도 오일 1L 엑스트라버진 한우물 통새우볶음밥 커클랜드 언솔티드 무염 믹스넛 1.13kg 커클랜드 시그니춰 생수 수지스 그릴드 닭가슴살 1.25kg 코스트코 양념 소불고기 벨기에 커피사탕 낼리스 베이비 딜 피클 커클랜드 유기농 엑스트라버진 올리브유 2L 커클랜드시그니춰 드라이시트 시트형 섬유유연제 다용도 극세사 타올 40x40cm 36개 맥코믹 어니언 크림 드레싱 소스 1000g 커클랜드 KRIKLAND 울트라 소프트 섬유유연제(라벤더) 4.4L 테라로사 올데이 블렌드 미디엄로스팅 홀빈 블렌딩 원두커피 1.13kg 미니 브리 치즈 375g 오스트레일리안 보태니컬 비누팩 8개입 커클랜드시그니춰 구운 재래김 커클랜드 시그니춰 베이컨 454g 커클랜드 유기농 땅콩버터 793.8g 제너럴밀스 시나몬 토스트그런치 702g x 2개 해쉬브라운 감자 1.2kg 둘이 함께 먹는 매일견과 아몬드호두 견과, 1.2kg 커클랜드 몬테리잭 치즈 907g 커클랜드 시그니춰 냉동 블루베리 2.27kg C-WEED 두 번 구운 감태김 8G X 10 커클랜드 시그니처 엑스트라버진 올리브오일 토스카노 C-WEED 예맛 구운 곱창돌김 170G 올리브오일 퓨어 올리브유 커클랜드 3L KAO 카오 식물성 비누 12개 커클랜드시그니춰 콜롬비아 그라운드 커피 통새우 완탕 154gx8개 KFI 버터 치킨커리 소스 650ML 비피 Biffi 바질 페스토 pesto 소스 700G 커클랜드 솔티드 가염버터 227g x 4EA KIRKLAND 커클랜드 시그니처 아몬드 가루(미국산) 1.36kg C-WEED 올리브유 파래김 40Gx8_96매 맥심 화이트골드 커피믹스 담터 쌍화차
​
코스트코세일 코스트코피자 코스트코추천 코스트코에서 꼭사야할것 코스트코버터 코스트코할인상품 코스트코소분 코스트코컴퓨터 코스트코고기 코스트코치즈 코스트코추천템 코스트코연어손질 코스트코휴무일 코스트코온라인몰 코스트코회원권 코스트코추천상품 코스트코할인 코스트코영업시간 코스트코상품권 코스트코회원권 코스트코 코스트코추천상품 코스트코올리브오일 코스트코영업시간 코스트코타이어 코스트코상품권 코스트코추천 코스트코온라인몰 코스트코휴무일 코스트코세일 코스트코 코스트코정보세일정보 코스트코에서꼭사야할것 코스트코추천 코스트코치즈 코스트코고기 코스트코추천템 코스트코다이어트 코스트코갈비살 코스트코간식 코스트코고기소분 코스트코갈비살소분 코스트코그릭요거트 코스트코고기추천 코스트코가격표에숨겨진비밀 코스트코과자 코스트코감자수제비 코스트코냉동야채 코스트코뇨끼 코스트코낙곱새 코스트코냉동식품 코스트코냉동새우 코스트코냉동피자 코스트코닌자블렌더 코스트코냉동 코스트코디저트 코스트코다짐육 코스트코다이어트추천템 코스트코드라이기 코스트코닭다리살 코스트코등갈비 다이어트코스트코 코스트코베이글 코스트코다짐육떡갈비 코스트코레몬즙 코스트코로스트치킨 코스트코로티세리치킨 코스트코라자냐 코스트코올리브오일 코스트코추천상품 코스트코신상 코스트코필수템 코스트코연어 코스트코상추 코스트코쇼핑 코스트코영양제 코스트코아이폰",https://blog.naver.com/clublsy/224255550640,코코바로,20260417,2026-04-27 16:35:18
세븐일레븐 쿡인페이퍼 즉석오징어짬뽕,0,"해탄오징어요리 9292고깃집 구이구이쪽갈비 꾸이꾸이- CoFFEE DRINK DESSERT +WOOD CARVING HERE @cafe.koyom 弘益홍익돈까스 ㅡ세종의 홈플러스(Home plus )와 Hi홍Cafe‘弘益홍익돈까스 /, 대전의 홈플러스... ","https://youtu.be/ULsPY9XhTfA?si=F3VZb-9VUe9CUiZ8
​
1/2
​
[네이버 블로그] 금호김영집
https://m.blog.naver.com/yjsjhs
https://m.blog.naver.com/arangjoeul
https://m.blog.naver.com/bwiwd
​
https://story.kakao.com/kumhokyj/H3FdLP94Roa
​
https://story.kakao.com/kumhokyj/6BIjMBCB5n9
​
https://story.kakao.com/kumhokyj/0JXyFRXr5O0
​
https://story.kakao.com/kumhokyj/4HGAjwfdan9
​
https://story.kakao.com/kumhokyj/GKgLF2uIboA
​
ㅡ좌청룡&우백호(左靑龍&右白虎; 풍수지리에서 명당을 나타내는 핵심 용어.
>>북쪽을 등지고 남쪽을 바라볼 때
>왼쪽에 청룡 모양의 산,
>오른쪽에 백호 모양의 산이 위치한 지형을 의미.
>오룡(五龍); 동양의 오행 사상에서 유래한 다섯 가지 색의 용. 동서남북 및 중앙의 방위와 계절을 수호하는 영물.
동쪽의 청룡(봄/나무), 서쪽의 백룡(가을/쇠), 남쪽의 적룡(여름/불), 북쪽의 흑룡(겨울/물), 중앙의 황룡(흙)
​
ㅡ색깔별 호랑이의 의미 (음양오행 기반)
>>흑호 (黑虎 - 검은 호랑이 / 북쪽 / 수(水)): 지혜, 권위, 비밀스러운 힘, 강인함.
>>백호 (白虎 - 흰 호랑이 / 서쪽 / 금(金)): 진실, 순결, 수호신, 사악한 것들을 쫓아내는 영물. 도교에서 사신 중 하나로 서쪽을 지키며, 드물게 나타나 상서로운 징조로 여김.
>>황호 (黃虎 - 노란 호랑이 / 중앙 / 토(土)): 힘, 근원, 대지의 기운, 산신. 일반적인 호랑이의 색으로, 한국 민화 등에서 산신을 보좌하거나 산신 그 자체로 묘사됩니다.  시선뉴스
​
ㅡ四柱八字와 土亭秘訣.
>>사주팔자四柱八字;
>태어난 연, 월, 일, 시의 네 기둥(四柱)과 여덟 글자(八字)를 통해 타고난 운명을 분석하는 동양의 명리학.
>개인의 기질, 운의 흐름(대운)을 파악하여 삶의 방향을 조언하며, 고정된 미래가 아닌 자신의 장점을 극대화하고 단점을 보완하는 '사용 설명서'로 활용
>>土亭秘訣;
>조선 중기 학자 이지함李之菡이 지은 것으로 알려진 술서.
>개인의 사주 중 태어난 연, 월, 일의 세 가지를 숫자로 풀이해 한 해의 신수를 열두 달별로 알아보는 방식. 조선 중기의 학자이자 기인으로 알려진 인물.
>호의 유래: 마포 강변에 흙으로 언덕을 쌓고 그 아래 굴을 파서 살았는데, 그 위가 정자 같다고 하여 사람들이 ’토정土亭‘이라 불림.
​
ㅡ황룡사 황룡각 백룡사 백룡암
​
ㅡ“ INTERCITI와 ENTER펠리스 &CITI와 CITY ”에서의
“ INTER와 ENTER &Booster와 Sister &SEVEN Star와 FIVE Star &Sistar와 온star…..“ /,
(대전유성구봉명동의 )유성장로회와 청룡(살수) &시골마당와 ‘RICHIMOND CITY’ &카카오톡와 生맥주‘CASS카스’ &‘TWOSOME PLACE’와 (INTERCITI 부근 봉명동 같은자리에서의 아늑와 May &)StayHotel의 HeyCoffee‘ /,
‘(세종시고운동의 )새누리침례회의 화룡(반점) &시골길와 사랑채한약재 &(세종시고운동’1-1생활권’에 위치한 ‘리치먼드힐)RICHIMOND HILL’에서의 &’중화요리八先生 ‘와 ’9292고깃집 &’DPLACE와 ’TWOSOME PLACE’ ”.
​
ㅡ지상락원地上樂園와 무릉도원武陵桃源[ 중국 도연명의 《도화원기》에서 유래한 말. 속세와 떨어진 평화롭고 아름다운곳 ] &
(토머스 모어의 )Utopia유토피아(""없는 곳"")와 (플라톤 철학에서 현실 세계 너머의 완전무결한 진리)이데아Idea’Form &
(""황금의 땅"")엘도라드와 이상향Utopia‘Paradise &
이상향or[ ‘Another World; 세상과 완전히 동떨어진, 경이로운 곳)별천지’와 (1984년 3월 14일 이만희가 창립한 개신교 계열의 신흥종교 )Shincheonji‘신천지(예수교 증거장막성전)….에서 변형된 글자 중,
한 일례로 “ 무릉도원武陵桃源에서의 [ 無羊桃源; 양(羊)이 없는(無) 도원(桃源/무릉도원)이라는 뜻의 ]무양도원‘숯불구이/바베큐전문점 ”의 飮食‘料理관계가 韓食‘中食’中華料理‘洋食‘일식의 和食&일본식 서양요리의 和洋食‘…..의 관계에 &미식’군식‘소식’대식’폭식‘단식‘….등등의 글자가 든 자리가에서 ’국가명와 지명‘이 달라서 자리마다 관계의 조합을 달리한다. 여기에 과거와 현재의 관계설정이 달라져, 지상와 낙원이 ‘무릉와 도원이 ’광개토와 대왕이 ’을지와 문덕이 ‘무궁화와 꽃이피었읍니다’가…..등등에서, 같이 붙어있었던 과거의 네글자‘四字成語&문장‘글자가 (관계가 갈라져 )나뉘어진 상황이다.
​
ㅡ서울의 5대궁(경복궁, 창덕궁, 창경궁, 경희궁, 덕수궁)와 훈민정음訓民正音 &(세종시고운동 )9292고깃집와 [ PLAN B’CONTINE COFFEE’ (훈민정음에서 )정음’이아닌 ]오음 &[ 대전유성구장대동의 “ 칠갑사와 49통닭 &태전마트와 ‘PLAN A’ ”자리의 ](유성구유성대로736번길 46)궁민정음‘유성국밥‘곱창전골’와 (유성구엑스포로 87 DCC제2전시장)경복궁갓포제주‘DCC점 &(대전서구 만년동 282)경복궁’대전점‘한식‘와 (대전중구 오류동 154-1)경복궁웨딩문화원….에서의 자리에,
대전에서 ’광주’서울‘제주‘부산’…..(도시지명이 붙어서)….글자가 달라서 관계를 달리한다.
​
ㅡ호구산(虎丘山; 중국 소주에 위치한 명승지로, 호구탑虎丘塔이 유명 )와 호두산(虎頭山; 평안도 지역의 진산鎭山) &호라산와 (대전서구 만년동 282 해가든센트럴파크, 대전광역시 유성구 문화원로 112‘에서의 ‘스시호산虎山&갓포虎山
>>호라산(Khorasan 또는 khurasan 페르시아어: خراسان ); 이란 북동부. 중앙아시아와 중동을 잇는 사이 지역으로 고대에 옥수스 강이라고 불리는 아무다리야 강 남부에 위치. 후라산으로도 불린다. 지명은 고대 페르시아어로 '해가 뜨는 곳'를 뜻함.
​
ㅡ유성구봉명동의 ‘Just Sleep Hotel’대전유성온천점와 둔산해링턴플레이스 &樂園아늑Hotel와 북해도 &샷포르와 도쿄 &/
[신라호텔에서 20년 경력을 가진 이승철 셰프가 운영하는 일식당. 호산‘브랜드 3대장의 스시호산/갓포호산/메시호산 중 하나. 스시해로 셰프가 스시호산에서 전수받음 ]虎山(범 호, 메 산)호산 &SOPATOWER스파타워와 꽃‘무궁화 &/
(한가네달발이 아닌)유성닭발와 SOMEDAY &/
문어대장와 상하이 &59와 (노랑통닭의 )봉명데이 &/
(물의 거리’의 )ACE’NICE와 EchoVill&벨포스트 /,
(서구만년동둔산동의 )별’스타와 StarGate스타게이트 &
카카오톡와 生생맥주‘CASS카스‘ /,
[ (대전동구중동의 ‘Daejeon Hana Citizen Football Club, 약칭 DHFC)대전하나시티즌K리그’자리의 (건설회사 )주)반석시티와 (대전동구 중동 56-7)반석시티 &(유성구반석동의 )펠리스와 ‘메이May eye&MayDAY’
​
ㅡ위 전체의 관계가 유성구봉명동 유성온천역네거리 앞 대학로에서,
” 장호덕 계동치킨 네네치킨 노랑통닭 (주)삼협건설 노늘레스 Gmart 스탕달호텔 W모텔 infra 항우 따봉 송림 죠아라 “와
” 조기종’향미각 교촌치킨 굽네치킨 60계치킨 SOLIAN솔리안 엔터펠리스 가자주류 현대리조텔 한진오피스텔 에터미 대왕수산 마사회 “가,
’봉명동 유성성당‘와 ‘상대동 팔각도’ &‘봉명동 은혜로교회’와 ‘봉명동 청학동동태찌개‘자리와의 관계의 조합이 다르다.
위 자리의 관계에 “ ( 갑천와 진잠천 &화산천을 사이에 둔 )복용동 원신흥동 도안동 계산동 ” &“ ( 갑천와 유성천 &반석천을 사이에 둔 죽동와 궁동 &어은동와 구성동이붙어서,
대전의 다른구(중구‘서구’동구‘대덕구)와 (천안세종청주홍성….)타지역의 관계가 섞인 글자’철자관계,
금호갈매기와 부산갈매기가 부산수산와 철길부산집이….등등에서도 같은 글자가 있음에도 ‘갈매기와 부산‘글자속에 다른관계가 담겨 관계의 조합을 달리한다.
​
https://youtu.be/ULsPY9XhTfA?si=F3VZb-9VUe9CUiZ8
​
2/2
​
[네이버 블로그] 금호김영집
https://m.blog.naver.com/yjsjhs
https://m.blog.naver.com/arangjoeul
https://m.blog.naver.com/bwiwd
​
https://story.kakao.com/kumhokyj/H3FdLP94Roa
​
https://story.kakao.com/kumhokyj/6BIjMBCB5n9
​
https://story.kakao.com/kumhokyj/0JXyFRXr5O0
​
https://story.kakao.com/kumhokyj/3TJynn3N7n9
ㅡCooing ’LittlelRoom ‘FURSYS‘iloom ‘/한방’직방‘다방‘작은다방 [서울동작구 대방동(大方洞), 여의도와 인접한 주거 중심의 법정동, 1호선 대방역과 7호선 신대방삼거리역이 가깝고 노량진 및 신길 뉴타운과 인접하여 교통과 생활 여건이 우수한 지역 ]大方와 소방消防&방제防災.
​
ㅡ마라탕麻辣燙와 ’영화‘Forrest Gump‘마라톤Marathon에서의 麻와 M /,
소방관消防官와 함곡관函谷關.
>>함곡관(函谷關)
•중국 전국시대 진(秦)나라가 동쪽의 산동 6국을 방어하기 위해 허난성 링바오에 설치한 '천하제일험관'으로 불린 난공불락의 요새
•북쪽의 황허와 남쪽의 효산 사이에 위치하여 좁고 깊은 골짜기 형태를 띠고 있어 군사적 요충지였으며, 진나라가 천하를 통일하는 기반이 된 곳.
•지리적 이점: 관중 분지와 중원을 나누는 길목으로, 험난한 지형 덕분에 소수의 병력으로 대군을 막아낼 수 있었음.
역사적 의의: 진 효공 때 처음 설치. 진나라가 동쪽으로 진출하거나 6국의 합종군을 막아내는 역사적 사건의 무대.
>>소방관消防官와 소방방제消防防災‘Fire Protection & Disaster Prevention‘
>>(문화어: 마라손, 마라쏜 , 영어: marathon ))마라톤 •42.195km를 달리는 장거리 로드레이스.
•심폐 기능 향상과 건강 증진에 효과적인 운동
•세꼐 7대 메이저 마라톤 대회; 도쿄 , 보스턴 , 런던 , 시드니 , 베를린 , 시카고 , 뉴욕.
•그랜드 슬래머'타이틀; 사하라, 아타카마, 고비 ,남극 등 세계4대 극지 마라톤을 일 년 만에 완주해야 얻는다.
•기원전 490년 그리스와 페르시아 간의 마라톤 전투에서 그리스가 승리한 후, 승전보를 전하기 위해 아테네 병사 필리피데스(또는 페이디피데스)가 마라톤 평원에서 아테네까지 약 40km를 달려가 소식을 전하고 숨진 설화에서 유래.
•지명: 마라톤(Marathon)은 고대 그리스어로 '회향(herb)이 가득한 곳'이라는 의미에서 유래.
>고치현립 오오가타 고등학교(高知県立大方高等学校)
https://www.kochinet.ed.jp/ogata-h/
일본 고치현 쿠로시오정에 위치. 아름다운 해변과 자연에 둘러싸인 환경이 특징. 해변에서 원족이나 마라톤 대회를 개최하는 등 자연을 활용한 학교 행사가 많다.
>>( 중국 쓰촨 지방에서 유래한 얼얼하고 매운 맛의 )마라탕麻辣燙
•초피, 팔각 등 다양한 향신료를 넣은 육수에 육류, 채소, 면 등 취향에 맞는 재료를 넣어 끓여 먹는 요리.
•정의와 유래: '마(麻)'는 저리다, '라(辣)'는 맵다는 뜻으로, 혀가 마비될 정도로 얼얼한 매운맛을 특징으로 합니다. 쓰촨의 길거리 음식인 '마오차이'에서 기원
주요 재료: 청경채, 숙주, 건두부(푸주), 분모자, 옥수수면, 양고기 또는 소고기 등이 주로 들어감, 나트륨과 기름기가 많아 국물을 다 마시기보다는 건더기 위주로 먹는 것이 건강에 좋다.
>>消防官와 소방방제[ 消防防災; 화재를 끄고消, 예방하며防, 재난을 막는다(防, 災)는 뜻 &/Fire Protection & Disaster Prevention; 화재 및 재난으로부터 인명과 재산을 보호하기 위해 화재의 예방, 진압, 구조, 피난, 복구 등을 다루는 과학적 공학 기술]
​
ㅡ덩이줄기‘괴경塊莖‘Tuber튜버와 救荒植物구황식물.
산약山藥or서여薯蕷와 토란土卵 &칡‘갈葛와 돼지감자’국우菊芋 &옥수수, 메밀, 조, 피
>>식물의 땅속 줄기가 영양분을 저장. 크고 뚱뚱하게 변형된 것. 감자가 대표적. 땅속 영양분을 저장하는 대표적인 뿌리채소. 과거 배고픔을 달래주던 주요 구황식물. 이들은 주로 덩이줄기나 덩이뿌리 형태로, 전분과 식이섬유가 풍부해 영양가가 높고 험지에서도 잘 자라는 특징.
>마; 산약/산우): 덩굴성 식물로 뿌리(덩이뿌리)에 끈적한 뮤신 성분이 풍부해 건강식으로 인기.
>토란; 천남성과의 식물로, 땅속 덩이줄기를 식용.알칼리성 식품, 담백한 맛이 특징.
>칡; 깊게 내리는 뿌리를 식용하거나 갈분(전분)을 만들어 먹습니다. 덩굴은 차로도 활용.
>돼지감자(뚱딴지); 해바라기와 유사. 덩이줄기에 이눌린 성분이 풍부해 '천연 인슐린'이라불림.
>카사바, 울루쿠, 오카, 아라카차 등; 이들은 열대 및 안데스 지역의 중요한 식량 공급원. 카사바(Mandioca; 길쭉한 고구마 형태의 덩이뿌리 작물로, 타피오카 전분의 원료)
> 칼라디움(Caladium); 남아메리카 아마존 원산의 천남성과 덩이줄기(구근)식물
​
ㅡ012‘동동칼국수 ‘시골길낚자볶움’사랑채한약국 ’오음 ‘CONTINUE COFFEE ‘형와 아우‘대한조리名人이정삼누룽지섬계탕&왕삼계탕 ‘강연우동태찌개‘ 해탄오징어요리
9292고깃집 구이구이쪽갈비 꾸이꾸이-
CoFFEE DRINK DESSERT +WOOD CARVING HERE @cafe.koyom 弘益홍익돈까스
​
ㅡ세종의 홈플러스(Home plus )와 Hi홍Cafe‘弘益홍익돈까스 /,
대전의 홈플러스 익스프레스(Homeplus express)와 홍익인간(弘益人間'널리 인간 세상을 이롭게 한다'는 뜻) &대덕(大德, 지혜와 덕망이 높은 승려)
​
>>알파벳 'oo'가 포함된 영어 단어;
[u:] (긴 우) 또는 [ʊ] (짧은 우) 소리가 냠.
대표적인 oo 단어:
Book (책)
Food (음식)
Moon (달)
Room (방)
School (학교)
Zoo (동물원)
Foot (발)
Good (좋은)
Look (보다)
Too (~도, 너무)
Cool (시원한)
Pool (수영장)
Wood
더 많은 단어(예: 3글자 단어, 특정 주제)가 필요하시거나, 'oo' 발음이 예외적인 경우(예: Blood, Floor)
​
ㅡ‘갤럭티카(Galactica)'
>>주로 미국의 유명 SF 시리즈인 '배틀스타 갤럭티카'를 지칭
>>그 작품 속에 등장하는 핵심 우주 전함의 이름. 나무위키
>배틀스타 갤럭티카 (Battlestar Galactica).
인류가 만든 지능형 로봇 '사일런(Cylon)'의 공격으로 멸망 위기에 처한 인류가 전설 속의 행성 '지구'를 찾아 떠나는 여정을 그린 SF 스페이스 오페라.
​
ㅡ타임’시간’병(Bottle; 유리, 플라스틱, 금속 등의 재료로 만들어진 목이 좁은 용기)와 텀블러(Tumbler; 굽과 손잡이가 없고 바닥이 평평한 음료 용기)
>>‘About Time'
리차드 커티스 감독의 2013년 로맨틱 코미디 영화
>>‘Time in a Bottle’
미국의 싱어송라이터 짐 크로치(Jim Croce).
1972년에 발표한 전설적인 포크송.
사랑하는 사람과 영원히 함께하고 싶은 소망을 담은 서정적인 가사와 아름다운 기타 선율로 사랑받음.
""If I could save time in a bottle /
The first thing that I'd like to do / Is to save every day 'til eternity passes away /
Just to spend them with you.""
(만약 시간을 병 속에 담을 수 있다면,
가장 먼저 하고 싶은 일은 영원이 다할 때까지 매일매일을 모으는 거예요. 그저 당신과 함께 그 시간들을 보내기 위해서요.
​
ㅡ커뮤니티(community’공동체‘와 ’(서울서초구경부고속도로 부산방향 첫번째 휴게소 )서울만남의광장 휴게소‘
​
ㅡ세종금남면의 ‘Masion와 5KPLACE &天安門중화요리‘의 제페토목공교실(대전세종목공방)이 유성구구암덕명동의 ’여래사와 피자스쿨‘자리에서 나왔다.
​
[네이버 블로그] 금호김영집
https://m.blog.naver.com/yjsjhs
https://m.blog.naver.com/arangjoeul
https://m.blog.naver.com/bwiwd
​
https://story.kakao.com/kumhokyj/1Iu331dHPN9
​
https://story.kakao.com/kumhokyj/H3FdLP94Roa
​
https://story.kakao.com/kumhokyj/6BIjMBCB5n9
​
https://story.kakao.com/kumhokyj/0JXyFRXr5O0
​
https://story.kakao.com/kumhokyj/3TJynn3N7n9
​
ㅡ대전서구 용문동와 가장동 &괴정동와 갈마동.
>>[ 뜨개질;크게 대바늘(메리야스, 고무뜨기 등)과 코바늘(짧은/긴뜨기, 사슬뜨기 등) /바느질;손바느질(홈질, 박음질, 공그르기) /&재봉틀에서 ]바느질’뜨게질에서의 ‘황실자수와 청실홍실 &(대전서구용문동 )SHINCHEONJI’신천지와 ’THESHARP#’ &우체국와 금실‘이불솜’헌솜가게 &‘KTA대한검정회‘한자한문교사 대전연수원’와 [중국 남조 시대 주흥사가 1,000개의 서로 다른 한자를 사용하여 4자 1구, 250구의 사언 고시(한시)형식으로 완성한 한자 학습서 ]千字文 &[ 동북아시아의 고대 상형 문자이. 주로 거북이의 배딱지(龜甲)와 짐승의 견갑골(獸骨)에 새김]甲骨文.
>>제나라齊의 재창원한의원와 라온 &(대청와 소청 &대원와 소원 &대한와 소한 &)대명‘大明와
(24절기 중 하나 4월 5~6일경)청명‘淸明 &(호텔의 )滿月와 (巫俗의 )淸月 &불교의 日月 &/,
(세종시고운동남측 밭테의 밀밭와 )성모의 밀알와 예당 &(예가 예인 예산 예신 예담…..)예촌와 ‘‘Homeplus express‘ &’Sunin
Motors’와
AMANO &KGAasset더골드지사와 THE리본 &GREENB와 ‘(소고기국법삼계탕)도널드와 친구들‘ &/,
” (중구대흥동 산사임당화장품와 중화한의원 &)사임당한의원‘PN밥솥’풍년와
MBC
&(서구만년동)만년옥‘평양옥‘만년와 KBS &청년와 [ ‘{대전중구대흥동와 유성구노은동&죽동 }브랜드 상징인 거위 로고를 활용한 전용잔, 에코백, 트래블 파우치, 빈티지 사인보드 등이 인기 }’구스 아일랜드(Goose Island)’&‘(번개장터/중고거래: 에코백, 빈티지 사인보드 등 판매)‘굿즈’와 유성구반석동의 ]청춘’coco’水‘청린(潾/璘)와 이순신소국밥 &(유성구반석동의 )청람의 ’‘Homeplus express‘와 W-Tree &고기명작와 굽네치킨 “.
ㅡ“(나루터와 고맛나루 &곰나루와 장대마루 &치킨마루 밀마루 세종마루 피자마루 대쪽마루 들마루…..&)서구괴정동의 해마루와 ’블랙짐BLACK GYM’ ”의 ‘SBS아카데미미용학원’와 ‘IM1L COFFE’ &’PILAGIRL기구필라테스‘와 ’HEALTH BOY GYM’ &‘라인 스포츠’와 ’YWCA &(서구둔산동 LK의 미라클Miracle &, 서구괴정동의 YK와 BK의 )ORACLE &
Microsoft와
미래신용정보 &고깃리88번지와 수정자갈치꼼장어,
위 관계에서 “ 대전중구 산화동의 ’NC백화점와 소청1번가 &NINE’SPOT’Hotel와 예일‘자리에서 ’읍천리382‘가 나갔다. 위 숫자관계가 ’ 영어와 아라비아’에 든 관계가 달라서, 유성구봉명동’CJNINEPARK‘자리의 )’부산국제시장’부산할매낚지와 읍천리382 &(스파텔자리 )고깃리88번지와 문어대장‘의 관계가 ‘stay와 SM &대일와 모던Morden’의 관게를 끼고서 다른데같은관계다.
위 관계가 대전중구대흥동의 ‘ 오징어와 성심당 &한신포차와 한신우동‘의 관계가 붙어 ‘생선’어류‘연체동물이아닌 관계’읍천리와 고깃리’와 관계를 달리한다.
​
ㅡ“ ~Haus와 디플레이스DPLACE &ACE와 NICE “의 ’유성구덕명동‘반석동’도룡동‘가정동, 충남공주시학봉리 , 세종시도운동남북측, 서구괴정동’갈마동……에서의,
(엑스포93와 돼지)주산회관(보령시주선면야룡리)와 (토마토‘빛가람와 ‘부산서면의 연탄구이전문점 )상록회관연탄구이 &( 청주의 정육식당 형태의 한우 맛 )부산회관…“에서의 ‘~회관’ /,
서구갈마동’괴정동의 ‘송도와 (튼튼 탄탄 단단 &)든든’YK’BK‘SM’리라’한귝화장품‘자리의
” (새마을회관와 )성심당의 ‘롯데백화점와 충남보령’오서산‘주산회관’보령댐와 갑천생태호수공원 &’ /,
(대전서구 도안동/원신흥동 일원)갑천생태호수공원‘와 성심49 &(대전충남관계 )충남금산인삼와 ’보문산‘서대산’대둔산‘장태산 &’(청주성당구‘명암저수지 &)부산회관와 대청댐 /,
더하여, 전북구봉산의 옥정호와 용담댐 &충북제천‘월악산‘도담삼봉의 충주댐와 새종호수공원….등등에서의 “ 산와 댐 &호수와 저수지….’관계의 조합이, 같은 충북이라도 남한강의 충주호와 금강의 대청호가 &,
대전의 굿모닝을 세종의 모닝이 굿을 버리고 모닝으로 자리와 관계를 바꾸고 (&굿모닝이 아닌 굿니스 굿닥터 굿즈 굿네이버스 굿마트 굿바디…..에서의 )굿Good’글자자리에서 자리가’글자가달라서, 관계가다르다.
​
ㅡ대한민국에서는 성씨姓氏가 아닌 본관本貫이 가족관계등록부와 호적관계에서, 제2의 성씨역활을 한다.
그래서 東西南北의 관계에서, 같은 북쪽임에도 서쪽의 경기도 파주와 동쪽의 용인에 든, 東人와 西人의 관계가 붙어서 “ 본관의 지명에 든 자리&‘仁와 in(in’s)’의 글자관계 “가달라서 다툰다.
​
[人 (사람 인)]: 사람, 인간, 인류 등을 의미
[仁 (어질 인)]: 어질다, 친애하다, 유교의 덕목
[忍 (참을 인)]: 참다, 견디다, 인내하다
[因 (인할 인)]: 원인, 인하다, 까닭
[印 (도장 인)]: 도장, 인장, 찍다
​
ㅡ[ 용인시’Yongin-si ;경기도 동남부의 특례시( 에버랜드와 한국민속촌, 다양한 문화·관광 시설을 갖춘 관광 도시)에서의 ]龍仁 /,
{엔제리너스(Angel-in-us‘롯데GRS’가 나간자리 서구용문’괴정동의 }龍汶와 大福‘대복 &用仁’와 (꽃와 )대고바이오Bio /,
삼성‘LG’대우’현대…etc..)Electronic Engineering‘전자공학와 [ 로봇의 설계, 제작, 응용을 연구하는 공학 학문으로, 인공지능(AI)과 결합하여 제조(HD현대로보틱스), 물류/배송(로보티즈), 협동 로봇(레인보우로보틱스), 웨어러블(위로보틱스) 등]로보틱스‘Robotics /,
위 관계에 ’이천의 쌀와 여주의 도자기….등에서 ’과학공학’전자‘반도체의 쌀‘와 ‘과학공학‘농학‘식량의 쌀‘이,
대전충남와 청주충북의 관계의 조합이달라서 다툰다.
​
ㅡ[ ( 실면도‘대전본점;서구갈마동’피부관리 )실면도+앰플+릴렉스핸드링. 맑고 깨끗한 피부 만들기 ]코코마쥬와 파티마정형외과 &일룸iloom와 ’한상바오의 외갈비‘&’DENTI CLINC WASHINGTON’와 ’Honey bean’s’자리가 서구‘대덕대로를 사이에두고,
”( 파스쿠니가나간자리의 )그놈포차와 ’(둔산클리닉와 리움의원의 )HONG SSINE DAKGALBI홍씨네 닭갈비’ “와 &,
(BK와 MJ)엠제이피부과’굿모닝어학원‘약손명가‘자리와
(DK와 TREK, 대전서구 둔산로 56, 전문적인 자전거 정비 및 튠업 서비스를 제공’ 글로벌 브랜드 )트렉‘TREK직영점‘오라클피부과’가 관계의 조합이 달라서,
교보‘SK…동양’삼정…대신‘교보…롯데‘한화…한화‘삼성….에서도 관계의 조합이 또 다르다.
​
ㅡTK와 DYL의 자리의 [ 프랑스어: ""좋은(Bon)""과 ""날(Jour)""이 합쳐진 말로, 아침과 낮에 만났을 때 사용하는 대표적인 ""안녕하세요"" 인사말]봉쥬르‘Bonjour와
“ ‘오라클와 미리클‘의 닥터드론’LK자리[메종(
Maison);
프랑스어로 '집(House)'을 뜻]메종에 “ 대만와 베트남 &태국와 캄보디아 &일본와 인디아….등등 “국가명 관계가붙어서,
“ 상하이와 홍콩 &방콕와 프놈펜 &로마Rome(콜로세움, 바티칸 시국, 트레비 분수 등 고대 로마 유적)와 Greece의 아테네(Athens‘Αθήνα, 아크로폴리스) &(고려시대 경주의 옛 지명 東京)경주慶州와 (일본의 東京)Tokyo …등등의”에서, (같은 국가명이라도 ) 다른 지명이붙어 관계가  달라진다.
​
[네이버 블로그] 금호김영집
https://m.blog.naver.com/yjsjhs
https://m.blog.naver.com/arangjoeul
https://m.blog.naver.com/bwiwd
​
https://story.kakao.com/kumhokyj/3LAXMT7skN9
​
https://story.kakao.com/kumhokyj/1Iu331dHPN9
​
https://story.kakao.com/kumhokyj/H3FdLP94Roa
​
https://story.kakao.com/kumhokyj/6BIjMBCB5n9
​
https://story.kakao.com/kumhokyj/0JXyFRXr5O0
​
ㅡ세종시종촌동
>이름…에, e롬‘이룸‘와 Fursys‘iloom,
카이젠와 새롬.
>세종시종촌동 ” CGV no.1&only 1
malive몰리브
“와
“ 곱갈콘‘곱창연탄구이’와 ’(도깨비‘곱깨비’곱도리‘곱싸리)’.
>고기명작와 고기카페 &고기고기돌판삼겹살와 (돌판‘의 삼겹살이 아닌 또다른 )세종시다정동 ‘라온와 에이블‘의 빨래판(와 빨래방).
>’ 대학 및 일반(&전문)병원 ‘와 요양병원 &요양원 [ 요양원 vs 요양병원 주요 차이; 요양원은 돌봄/일상생활 지원, 요양병원은 치료/재활. /입소 조건: 요양원은 장기요양등급(1~5등급) 필요, 요양병원은 등급과 무관. /의료진: 요양원은 촉탁의(정기 방문), 요양병원은 의사/간호사 24시간 상주. /비용: 요양원은 노인장기요양보험 적용(20%), 요양병원은 건강보험 적용. ]에서의 업종와 직종,
요양보호사와 간호조무사 &간호사와 양의사 &한의사와 (여기에 또다른 약사와 동물의 관계 수의사 )
​
ㅡ업종이 비슷한데 관계맺음의 대상와 업종 속 직종이 달라서, 허위의 거짓된 관계에 관계들이 다툰다.
​
ㅡ개신교에서의 교회명에 든 글자, 철자가 달라서 관계가 다르다. 한 일례로 ’~제자~ ’…..
‘ 세종우리들교회‘와 ’세종제자교회‘ &’대전제자들의 교회‘와 ’대전제자들교회‘.
​
ㅡ어진동
>‘(세종어진동 520 )
may78710
독가미숫불치킨’(&계룡시금암동‘천마산장독대와보리밥’충남계룡시 천마로 87-10)와 ‘강다짐삼각김밥(세종시, 세종소담점: 한누리대로 2003, 세종새롬점: 새롬중앙로 47 세움빌딩, 세종아름점: 보듬3로 95 해피라움3 ) &( 디플레이스DPLACE의 도담동 한누리대로 583)강순대와 커튼이야기천 (&, 강천와 강변 &천강와 유강 &강미래와 강이야기 &‘River Story‘외 강촌 &강산와 강림).
>세종시 OK한방병원와 ‘나루터흑돼지’ &템퍼와 서가엔쿡 &커튼이랑와 BANK /(대전시청역와 대전정부청사역 앞‘대전 유성구봉명동&서구둔산동의 )BANK와 서가엔쿡 &O2와 우성 &,
(서구’탄방동와 용문동‘의  대전 서구 둔산남로105번길 15 지리산산골농장 )지리산흑돼지와 ACE가구 &‘(서구용문동‘힐스테이트의 )THE #‘와 TEMPER가구.
>대전의 버거킹와 현대주유소 &메가시티와,
세종의 버거킹와 SK주유소에서의 메이저시티 /,
>대전서구탄방동의 팔롬비니와 다짐 &Hi5’하이파이브미술학원’대전둔산캠퍼스’와 마라도시 &(대전서구둔산동의 )시티City약국와 { 세종시한누리대로 496 세종리슈빌S‘윤가네남원추어탕, 세종시부강면 부강리 128‘세종남원추어탕 &}(대전양지초등학교주변, 대덕구계족로608번길)남원추어탕 &(서구둔산동 1182)토종남원추어탕와 (대전서구 둔산로74번길 12 둔산동)미스터윤쩜뽕 &( 대전서구 탄방동 695 1층’계룡로553번안길 23)윤짬뽕{경기평택시 비전동 790-4(평택2로 111), 경남통영시 광도면 안정1길 53, 경기광명시 하안동 303, 경기용인시 처인구 포곡읍 영문리 497-22번지, 대구동대구로83길 11, 서울도봉구 방학로 183}와 윤가네짬뽕(대전서구 계룡로583번길 6} &{ ( ‘3 Chome-39-7 Kitashinjuku, Shinjuku City, Tokyo 169-0074 일본‘&’세종갈매로 526‘의 )세종온누리교회의 }Tokyo’동경와 (대전서구 둔산로 64의 )대전온누리교회 &(대전서구 둔산동 1184)송가네칼국시와
(대전서구 대덕대로234번길 46, 둔산동 1309번지 )강씨네화덕생선구이꽃게장.
위 대전 온누리교회자리에서 과거에 이미,
현재의 “ 디플레이스DPLACE와 DH &이밥와 (대전에서의 대정‘삼정’이정’오정…’~정‘글자자리와 함께하는 관계들, 대현와 태현 &삼현와 이현’에 )세현’글자자리 (유성구봉명동의 사이언스타운이 아닌 )‘대덕연구단지 내 과학기술인공제회가 운영하는 국내 유일의 과학기술인 특화 실버타운’사이언스빌리지‘자리의 유성구도룡동’새누리교회가 둔산동 ’LK의 미라클의원와 SK브로드밴드‘자리에서 나갔다. 온누리와 새누리 &대전세종에서의 또다른,
한누리…에서의 ’~누리‘와 ’한우리 정우리…..에서의 ‘~우리’ &‘한사랑 큰사랑 배사랑 김사랑….’에서의 ‘~사랑’와 한아름 /, [ “ 한울'과 '한얼'; 한국의 고유한 天地人사상과 민족 신앙에서 유래한 용어. 주로 우주와 하늘의 신성한 근원을 의미. 한울은 '큰 울타리', '우주', '광명이 빛나는 온 누리'를 뜻, 동학에서는 만물 속에 활동하는 기운(지기)을 의미. 한얼은 하늘을 달리 표현한 것으로 '한알(창조주)'에서 내려온 '한울(우주)'의 정신이나 본질, 혼을 의미 ”에서의 대전유성구덕명네거리 앞 글자관계 ](그리스 신화 속 대지의 여신이자 만물의 어머니의 )가이아Gaia‘와 태현 &SANGSURI와 ‘VEGA HAUS’ &VDI와
MILLAD
&‘CAT CLINIC‘와 (주)한얼투어‘한얼자동차 &
MONSTER
STEAM와 삼영목재‘에서의 한얼 &
서구월평동’도시철도역 갑천역 앞‘의 ‘대한와 한울’관계에, 천주교‘개신교자리 ’하모니Harmony와 레인보우Rainbow‘글자와 불교와 민족종교자리 ‘(우주와 만물의 생성 및 변화를 설명하는 고대 동양 철학의 핵심 이론. 원래 별개였던 음양설과 오행설이 결합하여 하나의 체계를 이룸)음양오행‘陰陽五行 &[ 신점 (무속): 무당(보살, 박수)이 신의 영감으로 길흉화복을 점치며, 신내림 여부에 따라 강신무와 세습무로 나뉩니다. 주로 가족운, 재물운 등 굵직한 사건을 다룹/타로점: 78장의 타로 카드를 선택해 그 상징과 의미를 해석하여 심리 상태나 단기적 상황, 연애운 등을 분석‘에서의 ]‘巫俗의 占’와 타로점…여러 관계들이 섞여있다.
​
ㅡ감자탕 ‘(설농탕과 설렁탕; 이름만 다를 뿐 같은 음식. 조선시대 풍년을 기원하며 선농단(先農壇)에서 제사를 지낸 후 뼈와 고기를 넣어 끓여 나누어 먹던 '선농탕(先農湯)'이 변하여 '설농탕'이 되었고, 이후 '설렁탕'으로 발음이 굳어진 것으로 봄)설렁탕 ’해장국 ’{개고기를 넣은 '개장'에 소고기(肉)를 넣어 끓인 음식이라는 뜻에서 유래했기 때문}육개장 ‘(닭고기를 넣은 요리는 )닭개장 ‘(세종특별자치시 도움1로 108)봉추찜닭와 ‘(서구 가장동 )안동찜닭 ‘(중구 오류동 184-3번지, 파리바게뜨‘군산수송점 주변’동수송7길, 세종보듬3로 8-13 황금빌딩)일미리금계찜닭‘세종도담점
​
ㅡ서가앤쿡와 일당뼈다귀해장국감자탕.
>일당뼈다귀해장국 감자탕.
유성구 봉명1호점; 유성구 계룡로59번길 36,
서구 둔산2호점; 서구 둔산중로46번길 22 형성빌딩)
>2006년 대구 동성로의 작은 호프집 '서가'에서 시작된 퓨전 레스토랑.
>주요 매장 (전국):
AK&기흥점, 인천인하대역점, 영종하늘도시점 등 &,
세종점 어진동 한누리대로 350 뱅크빌딩
대전시청점 대전서구 둔산동 1448
대전은행점 중구중앙로164번길 22-12
​
ㅡblinds/curtains
바른커튼세종점 세종시‘대평동 대평1길38
이랑 커튼 커튼 세종‘다솜로 38
세종 커튼 블라인드 새롬북로 13 새롬동
메이드창 대전 커튼 블라인드 유성구 봉명서로 57-4
대전 윤슬커튼&블라인드 유성구 문지로316번길 14
한솔블라인드 대전공장 블라인드 판매점영업 대덕구 가온비즈타워
커튼명가창 유성구 봉명동 607-3
​
ㅡ세종시’당암정 앞 “ 장어정와 J축산 ”의 “ 몬차이나가 ”가, ” 짬뽕에 반하다 “로 바뀌었다. ‘~반한다’에서의 ‘ 커피에 반하다 ’에 ‘과학에~’&‘수학에~‘
​
https://youtu.be/ULsPY9XhTfA?si=F3VZb-9VUe9CUiZ8
​
[네이버 블로그] 금호김영집
https://m.blog.naver.com/yjsjhs
https://m.blog.naver.com/arangjoeul
https://m.blog.naver.com/bwiwd
​
https://story.kakao.com/kumhokyj/3LAXMT7skN9
​
https://story.kakao.com/kumhokyj/1Iu331dHPN9
​
https://story.kakao.com/kumhokyj/H3FdLP94Roa
​
https://story.kakao.com/kumhokyj/6BIjMBCB5n9
​
https://story.kakao.com/kumhokyj/0JXyFRXr5O0
​
ㅡ공학의 DAVICH안경와 예술의 (da Vinci)다빈치음악학원이 &/,
地名에 든 州‘山’谷‘坪’院‘川’海‘浦’湖‘島…글자들의 관계,
“ ‘내륙의 津 대전대덕구新灘津와 ‘바다의 津 전남康津이 &,
’바다의 灣 ’汝自灣와 島 臺灣(Formosa)이 &,
여기에 또다른 “ 만의 滿’萬‘卍….와 진의 眞’辰‘陣…”한자가 여기에 더하여 &,
世宗市와 世宗里가 &大坪里와 세시봉(C'est si bon: 프랑스어""정말 좋다""뜻)이
&,
종이(紙Paper)와 세종‘世宗가,
글자’문자 속에 든 관계가 ‘다른 자리와의 주변관계가 달라서’ 거짓의 사기극‘에,
‘대전시와 세종시‘에 타지역관계가붙어 수많은 관계들이 다툰다.
​
ㅡ위 상황속에 든 과거의’기존의’당초의 (AK ‘BK ’CK ‘DK ’EK…..KK K&K…..등등 중에서 )AK글자자리에 든 주변관계들,
“ 靑龍와 {스킨다이빙(맨몸, 프리다이빙)과 스쿠버다이빙(장비 착용)을 합쳐 한국에서 흔히}스킨스쿠버 /,
(건축물의 벽이나 천장 등 영구적인 표면에 그려지는 그림)벽화와 ( ’울산울주군 언양읍 대곡리 991-3‘울주 대곡리 반구대/’경북고령군 대가야읍 장기리 532‘고령 장기리의 )‘인류 역사상 가장 오래된’암각화 &(평면 위에 색채로 형상을 표현하는 예술)회화…그림에서의 ’선사유적지&미술관‘ /,
도자기[ 영어 pottery(일반적, 실용적 도자기){ ceramics(도자기류 전체), 또는 porcelain(고급 자기) &(도자기 제품을 통칭 한)china 또는 chinaware &/, Pottery :흙으로 빚은 그릇, 도예 등 실용적인 도자기 제품. /Ceramics :도기와 자기를 포괄하는 학술적/일반적 용어. /Porcelain ;유약을 발라 구운, 희고 투명한 고급 자기. /China/Chinaware ;식기류(식탁용 도자기)를 지칭할 때 주로 사용 } ]와 ‘土器/沙器(砂器’瓷器)/甕器‘항缸아리‘‘에서의 박물관의 ‘도예‘陶藝‘藝人’匠人 /,
위의 도자기‘토기‘사기’옹기’항아리’가 아닌 ’(대전유성구 수통골로 93 )CAFE GRIMJAKI’와 호떡[ 영어로 보통 Hotteok이라 표기. 설명할 때는 Korean sweet pancake(한국식 달콤한 팬케이크) 또는 sugar-filled griddlecake(설탕이 든 철판 케이크) ]에서의 ‘COFFEE
MASTER’barista
/,
보문산식후경와 금강한의원 &조치원파닭와 김해‘삼성쌸집 ”의 관계에 든 “ 大田와 忠淸北道의 大淸湖”를 낀 ‘500리 길’에서의 ’~길“와
“ 대전 대덕구유성구서구의 신탄진동 (新灘津洞: 새로운 여울 나루터)-덕암동 (德岩洞: 덕이 있는 바위)-목상동 (木上洞: 목상리 위쪽 마을)-용산동 (龍山洞: 용의 모양을 닮은 산)-전민동 (田民洞: 밭이 많고 백성들이 살기 좋은 곳)-문지동 (文旨洞: 글의 뜻을 기리는 마을)-도룡동 (道龍洞: 용이 승천한 길‘도용동의 바른 표기)-가정동 (柯亭洞: 가지가 무성한 정자 나무)-만년동 (萬年洞): 만년 동안 평안하길 기원함)-둔산동 (屯山洞: 군사가 진을 쳤던 산)-갈마동 (葛馬동: 목마른 말이 물을 마시는 형상’살마동의 바른 표기)-내동 (內洞: 안골, 안동네)-정림동 (正林洞: 바른 숲 마을‘정민동의 바른 표기)-흑석동 (黑石洞: 검은 돌이 많은 곳) ……”으로 이어진 대전관계”인 대덕로하스LOHAS와 [ 한밭대로’동서대로’계룡로‘계백로’유성대로’대덕대로….에서의 道路), 通路), 經路등 물리적인 길이나 구체적인 방향을 의미 ]’~路’ /,
(청석골‘청송골’청성골‘오롱골‘감나무골’배나무골’….에서의 ‘대전유성구덕명동’계룡산국립공원수통골분소)水通谷 “에서의 ’~골(谷)’ /,
(충북청원군현도면하석리의 九龍山)懸巖寺와 (청주시상당구문의면 대청호반로 721)문의문화유산단지 &(청주시상당구 문의면 청남대길 646)청남대와 (대전둘레산길‘2022년 대한민국 제7호 국가숲길로 지정된 )대전둘레산길[ 대전 도심을 둘러싼 12개 구간 총연장 138km~162km의 명품 산길로 ‘보문산, 식장산, 계족산 등 주요 산을 연결’된 전국 유일의 도심 순환형 산길.
1~5구간(보문산~만인산~식장산~계족산)/1구간(보문산길): 보문산청년광장-시루봉-금동고개/2구간(만인산길): 금동고개-만인산-만인산휴게소/3구간(머들령길): 만인산-국사봉-삼괴동 덕산마을/4구간(식장산길): 덕산마을-식장산-세천고개/5구간(계족산성길): 동신고-계족산성-질현성-절고개-용화사/6~12구간: 계족산, 우산봉, 갑하산, 빈계산, 성북산, 방동저수지, 구봉산 일대 ].
​
ㅡ위 상황속 관계에 (在世理化의 있을재)’~在‘와 (제나라)‘~齊‘ &’名人‘名品‘名家‘名門…&(明禮坊; 예가 밝은 동네에서 '명'자를 따와 유래된 )서울중구의 明洞와 종로’대치’혜화‘청담’…&’明東와 같이 방향의 자리’東西南北’글자가 붙은,
‘동인’서인‘남인’북인’에서의 ’~人‘에 또다른 ‘~仁어질 인, 忍참을 인, 因인할 인, 引끌 인…“이 더하여 “ in 와 in’s ” /,
” 동림‘서림’남림‘북림….에 더하여 ‘한림’유림’광림’대림‘태림’….“에서의 ‘~林‘ /,
” 동광‘서광‘남광’북광’에서의 (빛광’~光‘와 (넓을광)‘~廣’ /,
(地名의 )남원南原‘에 더하여 ’동원’서원‘남원’북원‘에 또다른 ’화원’부원‘대원’태원….‘~원[ 元,圓,原‘源…..],
글자들에 든 관계의 조합이 달라서 /&
” ’바다의 해조류‘김와 [대전, 세종, 천안 등 충청권에 전문점이 많은, 특히 대전의 띠울석갈비, 월산본가 등, 석갈비맛집. 60년 전통의 띠울석갈비 본점이 가장 대표적. 소석갈비와 돼지석갈비가 유명. 신내동의 황가원(40년 전통) ]석갈비와 냉면’ “이
대륙의 [ 중국에서 유래한 음식. 3세기 무렵 중국 삼국시대 제갈량이 남만 정벌 중 풍랑을 잠재우기 위해 사람 머리를 본떠 만든 음식을 제물로 바쳤다는 전설이 유래] 饅頭만두와,
甲川을 사이에 두고서 “ 대덕구목상동와 유성구용산동 ”이 관계가갈라져,
[ “ 文房四友;서재(文房)에서 쓰는 네 가지(四) 친구友, 종이·붓·먹·벼루. 중국 당나라 때 의인화에서 유래한, 선비들이 아끼는 보물이라 하여 문방사보文房四寶라고도 부름. “에서의 “ ‘~문구’와 사무용품&office오피스 “글자관계 중]삼화문구와
(유한양행과 미국 킴벌리클라크의 합작으로 설립된 대한민국의 대표 위생·생활용품회사)유한킴벌리자리에서,
성경'이라는 이름을 공유하는 두 브랜드[ >>지도표 성경김 (&독도와 지도): 2025년 말, 에너지 전문 기업인 삼천리그룹에 인수되어 식품 사업 분야의 새로운 성장 동력으로 주목. 독도 표기: 제품 패키지에 대한민국 영토인 독도가 표기된 지도를 사용. 최근 일본 수출 과정에서 이 이미지 제거 요구를 거절해 수출이 중단된 사례로 '애국 기업'이라는 긍정적인 평가를 받기도. >>성경만두요리전문점: 수제 만두와 만두전골을 전문으로 하는 외식 프랜차이즈
본사가 있는 대전 지역(관평점, 신탄진점 등)을 비롯해 서울 종로점 등 전국 곳곳에 매장을 둠. 주)성경에프앤에스 경기안양시 동안구 시민대로 295. 본사 및 제1공장: 대전광역시 대덕구 신탄진로 351 (와동) 제2공장(진도): 전라남도 진도군 군내면 녹진리 일원 (마른김 생산라인 구축)
제2공장(대전): 대전광역시 대덕구 신탄진로 377 제3공장(대전): 대전광역시 대덕구 신탄진로 349 ]가 붙어서,
과거와 현재의 관계가 다툰다.
​
https://youtu.be/qZu0ybjzDMs?si=vX7xiK2dYCHUasRT
​
과학이 발전한 시대에도 종교가 계속 되는 이유 f.성해영 서울대학교 종교학과 교수 [신과함께]
삼프로TV 3PROTV
​
https://youtu.be/aqBqrVSWn0Y?si=lWXNVxTO9Ib2SW6P
​
‘신'은 정말 존재할까? (김학철 교수 / 풀버전)
신사임당
​
https://youtu.be/aqBqrVSWn0Y?si=lWXNVxTO9Ib2SW6P
​
https://youtu.be/Xg6iAq3edUA?si=DeJk3V0F3yb3-n9e
​
""단순히 싫어서가 아니다"" 유대인들이 예수를 죽인 '진짜 이유' | 김학철 교수 특집
​
조한범TV
​
https://youtu.be/PKMurywjKfI?si=2MlcuGAs_tPVMb61
​
AI에게 국적을 묻다 [풀영상] | 창 543회 (KBS 26.4.7.)
KBS시사
""한국인이 쓰는 AI는 누가 만들었습니까. 그리고 누가 통제합니까.""
미국 정부는 이란 전쟁 시작 직전, AI 모델 클로드를 만든 회사 앤트로픽을 '공급망 위험 기업'으로 전격 지정했다.
하지만 국방망에 통합된 클로드를 바로 배제하지는 못했고 이란 공습 과정에 활용했다.
앤트로픽은 자사 AI가 동원되는 것을 막지는 못했다.
AI의 위력, 그리고 모호한 통제권이 드러난 순간이었다.
​
■글로벌 AI 패권 전쟁 … 한국형 AI 시동
한국은 독자 파운데이션 모델, 즉 한국형 AI를 가지려 한다. 정부가 개발에 나선 것은 2025년 말. 5,300억 원이 투입됐다.
'독자 AI 파운데이션 모델' 사업에 참여한 기업들 가운데 지난해 12월, 네이버와 NC AI가 탈락하면서 지금은 LG·SKT·업스테이지·모티프, 이렇게 4팀이 개발 경쟁을 벌이고 있다.
​
■ 소버린 AI, 도전의 시작
""이번 2차수가 제일 보릿고개 같아요"" 현장 개발자들은 한숨을 쉰다.
인터넷 데이터는 이미 고갈됐고 GPU(AI 학습과 추론에 필요한 대규모 병렬 연산용 고성능 반도체)는 부족한데 경쟁 상대는 세계 최고 수준의 모델들이다.
‘시사기획 창’ 취재진은 모델 개발에 매달리는 개발실은 물론, 음성 데이터를 모으는 현장과 100명이 게임을 하며 행동 데이터를 쌓는 PC방, 로봇 연구실들을 찾아갔다.
​
■ 엔비디아의 공장이자 도전자
경기도 용인 SK하이닉스 1기 팹에만 31조 원이 투입되고 있다.
한국은 엔비디아의 GPU에 들어가는 HBM 메모리를 세계에서 가장 잘 만드는 나라다. 동시에 한국 스타트업들은 그 엔비디아에 도전하고 있다.
한국의 반도체 스타트업들은 특히 AI를 실제로 활용하는 단계에서는 막대한 NPU, 추론 특화 반도체가 필요할 것이라고 기대한다. 정부도 막대한 자금을 직접 투자하는 등의 방식으로 힘을 보태고 있다.
​
■ K-AI 활용이 진짜 시험대
소버린AI 참여사가 시연한 국방AI는 이란 전장을 누비는 AI와는 거리가 있었다. 아직은 챗봇수준이다.
""지금 이 정도 투자를 하지 않으면 기술 종속은 더 심해질 것""이라는 말과, ""다운받아서 쓰면 아무도 모르는데 왜 만들어야 하느냐""는 의구심이 동시에 존재한다.
한국형 AI를 만들어서 공개한 뒤, 얼마나 많은 국민과 기업들이 실제로 활용할지가 진짜 시험대다.
AI의 국적보다 성능이 더 중요할 수 있다는 뜻이다.
​
#소버린AI
#AI
#인공지능
#반도체
#로봇
#엔비디아
#삼성전자
#하이닉스
#국방AI
#피지컬AI
#데이터
#NPU
#HBM
#GPU
#시사기획창
​
취재기자 : 범기영
촬영기자 : 이정태
영상편집 : 성동혁
자료조사 : 이영주 김선경
조연출   : 윤상훈
​
방송 : 2026년 4월 7일 밤 10시 KBS 1TV 시사기획 창
​
홈페이지 https://news.kbs.co.kr...
유튜브    / @kbssisa
페이스북   / changkbs
WAVVE '시사기획 창' 검색
​
KBS시사
구독자 64.2만명
​
https://youtu.be/GlpppXtuepA?si=QDkhInpAGp1ExGiH
​
1강 고대근동의 공간과 시간 | 주원준의 “고대근동 3천 년과 이스라엘”
#클래스e
#주원준
​
EBS 클래스e
채널에 가입하여 혜택을 누려보세요.
/ @ebsclasse
​
#클래스e
#주원준
#이스라엘
#고대
#역사
이스라엘을 알기 위해서는 고대근동의 작은 나라를 알아야 한다?!
기원전 3000년. 우리가 알지 못했던 시간, 우리가 알지 못했던 공간! 우리는 왜 고대근동을 알아야 하는가?
​
[클래스e] 월~금 오전 05:30, 월~목 밤24:00, EBS 1TV
클래스e 공식 홈페이지 👉 https://classe.ebs.co....
​
https://youtu.be/-y7Y89VlDUA?si=jFYiOZtM6DC7QAO_
​
이집트 몰락의 시작… 최고 전성기에 벌어진 일 | 주원준 한님성서연구소 수석연구원 [에인션트]
​
삼프로TV 3PROTV
#삼프로TV
#3protv
#삼프로
​
========================
​
[네이버 블로그] 금호김영집
https://m.blog.naver.com/yjsjhs
https://m.blog.naver.com/arangjoeul
https://m.blog.naver.com/bwiwd
​
https://story.kakao.com/kumhokyj/H3FdLP94Roa
​
https://story.kakao.com/kumhokyj/cHFNedQD6O0
​
https://story.kakao.com/kumhokyj/3ZJK5WuP3n9
​
https://story.kakao.com/kumhokyj/aDIfzPmD6O0
​
https://story.kakao.com/kumhokyj/6BIjMBCB5n9
​
백록담‘한라산이 남한이남 제주도‘섬와 다투고,
천지 ’백두산이 북한이북 만주‘대륙와 다툰다.
동해가 독도‘울릉도와 다투고
서해가 [인천의 백령도·대청도(서해 5도), 대교로 연결된 무의도·석모도, 갯벌 체험이 유명한 서산 웅도,
​
[네이버 블로그] 금호김영집
https://m.blog.naver.com/yjsjhs
https://m.blog.naver.com/arangjoeul
https://m.blog.naver.com/bwiwd
​
https://story.kakao.com/kumhokyj/3ZJK5WuP3n9
​
https://story.kakao.com/kumhokyj/aDIfzPmD6O0
​
https://story.kakao.com/kumhokyj/6BIjMBCB5n9
​
백록담‘한라산이 남한이남 제주도‘섬와 다투고,
천지 ’백두산이 북한이북 만주‘대륙와 다툰다.
동해가 독도‘울릉도와 다투고
서해가 [인천의 백령도·대청도(서해 5도), 대교로 연결된 무의도·석모도, 갯벌 체험이 유명한 서산 웅도, 보라색 테마의 신안 퍼플섬 등&)안면도와 다투고
남해가 [남해도와 창선도라는 큰 섬을 중심으로, 60여 개의 크고 작은 섬들로 이루어진 '보물섬' 관광 명소입니다. 다리(남해대교, 삼천포대교)로 연결되어 접근성이 뛰어나며, 섬이정원 같은 이국적인 정원, 독일마을, 다랑논, 낚시 체험 등 사계절 힐링 여행지로 인기가 높음 ]다도해와 다툰다.
​
ㅡㅡㅡㅡㅡㅡㅡㅡㅡㅡㅡㅡㅡㅡㅡㅡㅡㅡㅡㅡㅡㅡㅡ출처; 페이스북 한정석님 게시글 펌글
​
https://www.facebook.com/share/p/17koAoF2oM/?mibextid=wwXIfr
​
나는 이재명을 지지하지 않는다.
다만, 이재명도 실패하면 정말 답이 없다는 것일 뿐.
그 다음엔 정말 듣도 보도 못한 괴물이 등장한다. 그것 뿐이다.
​
파시즘은 좌나 우, 진보나 보수 모두 실패할 때 등장한다.
차라리 어느 한 쪽이라도 성공하는 것이 낫다.
진보에게는 보수 정권이, 보수에게는 진보 정권이.
​
신자유주의로 가든, 사회주의로 가든...
일단 주권 체제가 유지되면 견디면 되지만,
주권 체제가 붕괴되면 답이 없다. 주권의 광역화가 일어난다.
현재로서는 북한이나 중국에 접수되는 상황.
​
북한에 접수될 가능성이 어느 때보다 높다.
트럼프와 시진핑이 딜하기 나름이다.
​
남한이 만일 지금 북한에 접수되면,
우파 보수가 아니라 좌파 진보들이 먼저 숙청된다.
​
민주당은 모두 숙청된다. 김정은 만세를 불러도 그렇게 된다
​
[네이버 블로그] 금호김영집
https://m.blog.naver.com/yjsjhs
https://m.blog.naver.com/arangjoeul
https://m.blog.naver.com/bwiwd
​
https://story.kakao.com/kumhokyj/H3FdLP94Roa
​
https://story.kakao.com/kumhokyj/cHFNedQD6O0
​
https://story.kakao.com/kumhokyj/3ZJK5WuP3n9
​
https://story.kakao.com/kumhokyj/aDIfzPmD6O0
​
https://story.kakao.com/kumhokyj/6BIjMBCB5n9
​
백록담‘한라산이 남한이남 제주도‘섬와 다투고,
천지 ’백두산이 북한이북 만주‘대륙와 다툰다.
동해가 독도‘울릉도와 다투고
서해가 [인천의 백령도·대청도(서해 5도), 대교로 연결된 무의도·석모도, 갯벌 체험이 유명한 서산 웅도, 보라색 테마의 신안 퍼플섬 등&)안면도와 다투고
남해가 [남해도와 창선도라는 큰 섬을 중심으로, 60여 개의 크고 작은 섬들로 이루어진 '보물섬' 관광 명소입니다. 다리(남해대교, 삼천포대교)로 연결되어 접근성이 뛰어나며, 섬이정원 같은 이국적인 정원, 독일마을, 다랑논, 낚시 체험 등 사계절 힐링 여행지로 인기가 높음 ]다도해와 다툰다.
​
ㅡㅡㅡㅡㅡㅡㅡㅡㅡㅡㅡㅡㅡㅡㅡㅡㅡㅡㅡㅡㅡㅡㅡ출처; 페이스북 한정석님 게시글 펌글
​
https://www.facebook.com/share/p/17koAoF2oM/?mibextid=wwXIfr
​
나는 이재명을 지지하지 않는다.
다만, 이재명도 실패하면 정말 답이 없다는 것일 뿐.
그 다음엔 정말 듣도 보도 못한 괴물이 등장한다. 그것 뿐이다.
​
파시즘은 좌나 우, 진보나 보수 모두 실패할 때 등장한다.
차라리 어느 한 쪽이라도 성공하는 것이 낫다.
진보에게는 보수 정권이, 보수에게는 진보 정권이.
​
신자유주의로 가든, 사회주의로 가든...
일단 주권 체제가 유지되면 견디면 되지만,
주권 체제가 붕괴되면 답이 없다. 주권의 광역화가 일어난다.
현재로서는 북한이나 중국에 접수되는 상황.
​
북한에 접수될 가능성이 어느 때보다 높다.
트럼프와 시진핑이 딜하기 나름이다.
​
남한이 만일 지금 북한에 접수되면,
우파 보수가 아니라 좌파 진보들이 먼저 숙청된다.
​
민주당은 모두 숙청된다. 김정은 만세를 불러도 그렇게 된다.
오히려 보수가 김정은에게는 쓸모가 있다.
​
ㅡㅡㅡㅡㅡㅡㅡ
​
ㅡ캘리포니아 브레드
• 대한민국 제과기능장이 운영하는 대형 베이커리 맛집. 시청역 근처(서구 둔산남로91번길 13)
• 캘리포니아 지역 베이커리
캘리포니아 브레드는 고소한 캘리포니아 호두를 활용한 건강빵 레시피나, 1849년 골드러시 시대부터 이어진 샌프란시스코의 유명한 사워도우 빵을 의미
유명 맛집: 에릭샤츠 베이커리(Erick Schat's Bakkery) 같은 100년 전통의 유명한 장인 베이커리
​
ㅡ주)캘리포니아베이커리카페와 CU편의점 &한남대와 59쌀피자 /,
주)캘리포니아베이커리카페와 GS25시편의점 &우송대와 임실치즈피자 /
BREAD
MAMA와
GS25시편의점 &한밭대와 GOPIZZA /
BREAD
MAMA(브레드마마;
세종특별자치시 갈매로 562/
세종 조치원읍 돌마루길 25)와 emart24시편의점 &서울대와 (도안동 치즈피자맛집 순위 )1. 윤찬비스트로 대전서구 · 2. 고피자 대전도안점 · 3. 풀스가든 대전서구 · 4. 59피자 목원대 · 5. 파파존스 대전관저점 · 6. 도미노피자 /
한국의 대표 베이커리 프랜차이즈로, 파리바게뜨는 부드러운 식감과 다양한 종류, 뚜레쥬르는 쫀득한 식감과 맛의 밸런스에서 차이;
( 본사; 경기도 성남시 중원구 사기막골로31번길 18(상대원동 /양재 본점 위치: 서울강남구 남부순환로 2627 영진빌딩 1층 베이커리, 2-3층 카페 }파리바게뜨와
( 본사(제일제당센터점 서울중구 쌍림동에 위치 )CJ제일제당 빌딩 /CJ푸드빌에서 운영하는 브랜드 중 하나 )뚜레쥬르 /
성심당[ 본점 제과점 대흥동 ‘DCC점 도룡동 ‘롯데백화점 대전점 서구 ‘케익부띠끄 본점 제과점 대흥동 ‘옛맛솜씨 제과점 대흥동 ‘문화원 커피숍/커피 전문점 대흥동 ‘플라잉팬 이탈리아 요리 대흥동 ‘우동야 우동 대흥동 ‘시루케익전문점 케이크 전문점 대흥동 ‘리틀키친 음식점 서구 ‘롯데백화점 대전점 백화점 서구 ‘우동야 dcc점 한식 도룡동 ‘튀소정거장 제과점 도룡동 ‘성심당제과제빵학원 학원 은행선화동 /테라스키친 음식점 대흥동 &/, 몰튼버터 제과점 마음안1로 137 가락마을18단지 /삐아또 이탈리아 요리 대흥동 /팡쇼과자점 제과점 노을3로 25 대흥동 ] /
​
ㅡ고깃집와 횟집 /bread와 Pizza /한식와 중식 /서남’동남아시아와 서양식
八先生中華料理[고운북8길 3/용인시 기흥구 죽전로43번길 11-25]와 화식(和食, 와쇼쿠: 일본의 전통적인 식문화. 2013년 유네스코 인류무형문화유산으로 등록된 일본 요리의 정석. 재료 본연의 맛을 살리는 담백함과 계절감이 특징. 반면, 한국에서 흔히 사용하는 '일식(日食)'은 일본 요리 전체를 통칭 or 일식/중식/한식과 같이 식당 종류를 구분하는 일상적인 용어 ]와 (헌돈 &도드람의 세종시 마음로 248)9292고깃집와 ‘동남아 화교 음식’[ 중국 이주민들의 식문화가 현지 식재료, 향신료와 결합하여 발전한 융합 요리 . 대표적 동남아 화교 음식 바쿠테 (Bak Kut Teh)]: 말레이시아와 싱가포르의 대표적인 보양식으로, 돼지 갈비를 한약재와 함께 푹 고아낸 음식 /카오만까이 (Khao
Man
Gai): 중국 하이난식 치킨라이스가 태국식으로 발전한 형태로, 삶은 닭고기와 밥, 소스를 곁들여 먹음 /락사 (Laksa): 코코넛 밀크 베이스에 향신료를 듬뿍 넣은 매콤한 국수 요리로, 중국식 면 요리와 현지 식재료가 결합된 대표적인 '뇨냐(Nyonya)' 요리 /로헤이 (Lo Hei): 싱가포르 등에서 설날에 먹는 요리로, 생선과 채소를 소스에 버무려 높이 들어 올리며 복을 비는 회 무침 /티코이 (Tikoy): 필리핀 화교들이 설날에 선물하는 찹쌀떡으로, 쫀득한 식감과 달콤한 맛이 특징 ]
​
ㅡ‘대전시의 예술가’레오나르도 다 빈치(Leonardo da Vinci)’와
세종시아름동의 다비치DAVICH안경.
세계적으로 보편적 예술의 기반을 제시한 선구자이자, 인간 지성의 정점에 도달했다고 평가받는 불세출의 천재로, 인류 역사에 한 획을 그은 인물이다.
​
ㅡ온드림 두드림 도드람 다드림……드림DREAM와 ’THE DREAM‘…..
대전유성구덕명네거리의 “ 베네치아와 한마음 &아름드리와 아이누리 ”/
세종시아름동의 iloom와 온드림 &아름드리와 다짐헤어 &공감수학와 다비치DAVICH안경 /
위 자리에서 과거에 이미 연안식당이나가고 현재의 산시도삭면으로 &대전애서도 똑같이 서구둔산동 교보문고자리에서 연안식당이 ’양고기전문‘마이램(구 우마이라무, 대전서구 둔산동 1362번지 교보 문고)으로 &서구 둔산중로 54 (둔산동 1412, 시청 네거리)에서도 연안식당이 마성소국밥으로 바꿨다. 다비치안경와 마성소국밥 &산시도삭면이 연안식당와 관계가 달라져서 다툰다.
​
>다비치안경‘DAVICH; 2025년 1월 기준 서울종로구 수표로 91 다비치타워로 본사를 이전. 체인본사: 서울용산구 만리재로 190-1. 대전동구 중동‘중앙로 198
​
>마성소국밥족발 둔산시청본점(서구 둔산중로 54 /중구 안영동 692-6 /대전역점 동구중앙로200번길 3 /도안가수원점 대전서구 도안동 1680 /대전동구 성남동 494-15 )
​
> 송화산시도삭면 (건대/성수)와 이가산시도삭면(홍대/연남) &진미산시도삭면(대림본점, 서울 영등포구 도림로38길 11-1)
​
>연안식당 (초기 인천 송도점이 본점격으로 시작 현재는 대다수 매장이 )디딤이앤에프애서 운영 중. 2018년 서울 강남 도곡동에 서울 1호점시작하여, 사명을 ‘디딤이앤에프’에서 ‘선샤인푸드’로 변경 /출처 : 이코노미사이언스(https://www.e-science.co.kr).
​
[네이버 블로그] 금호김영집
https://m.blog.naver.com/yjsjhs
https://m.blog.naver.com/arangjoeul
https://m.blog.naver.com/bwiwd
​
https://story.kakao.com/kumhokyj/H3FdLP94Roa
​
https://story.kakao.com/kumhokyj/b1g5gi8kwn0
1/3
ㅡ食이 地名‘자리가 달라서 관계가다르다. 北京와 函谷關의 中国‘中華에 美‘味‘肉‘火食 /平壤와 Tokyo東京의 東國‘東明에 麥‘米’和食‘사시미(刺身, さしみ;회膾 or 鱠)
/(야생 염소의 서식지, 험준한 절벽와 바위가 많은 )산악지대와 흑염소‘ Black Goat,’黑山羊(or 黑羊)와 (야생 양의 서식지, 중앙아시아‘히말라야등 해발 1천~4천m의 험준한 )고산지대의 ’어린 양‘Lamb/’다 자란 양‘
Mutton’에
[ 염소의 탕‘전골’수육‘무침’와 양고기의 (냄새 제거가 핵심. 올리브유와 큐민 가루를 발라 팬에 구워내는 )스테이크‘(핏물을 뺀 후 된장 양념으로 끓여내는 )전골 ]羊肉
/漢陽와 京城의 韓食(밥 중심의 한상차림)와 韓定食(일정한 가격에 여러 요리가 순서대로 나오는 서양식 서비스 방식이 접목된 형태)
/白頭大幹와 東海’西海‘南海의 玆山魚譜’山海珍味에 南道飯床와 “돼지, 닭, 오리는 대표적인 식용 가축 및 가금류[ 소’牛’Cow암소‘Ox황소/일소’Cattle(소 전체)’Beef(소고기)-돼지’Pig‘豚‘Hog‘Swine’Pork(돼지고기)-닭‘鷄’Chicken (닭/닭고기)-오리‘Duck’鴨 (오리/오리고기) ]의 육‘肉.
/동서양의 식문화.
>주식(밥 vs 빵/밀), 조리 방식(볶음/찜 vs 오븐/그릴), 식사 도구(젓가락 vs 나이프/포크)에서 큰 차이.
>동양은 쌀과 발효 장류 중심의 조화로운 식단 선호.
>서양은 육류와 유제품, 소스 중심의 개별적인 맛을 강조.
>동서양 식문화의 주요 차이점
• 주식과 식재료: 동양은 쌀(밥)을 중심으로 채소와 생선을 곁들인 식단,
서양은 밀(빵), 감자, 육류(소·닭)와 유제품을 주식.
• 조리법과 도구: 동양은 웍(Wok)을 사용한 센 불 볶음, 찜, 국/탕(수식·저식) 중심,
서양은 오븐, 프라이팬을 활용한 구이(직화)나 튀김, 소스 요리가 발달.
•맛의 원천: 동양은 장류(간장, 된장, 고추장)를 활용해 재료와 양념의 조화를 중시.
서양은 허브와 향신료, 버터 등을 활용해 주재료의 맛을 살림.
•식사 방식: 동양은 공동 반찬을 공유하는 문화가 발달.
서양은 개인별 접시에 요리가 제공되는 코스 요리 문화가 발달.
• 환경적 요인 : 이러한 차이는 동양의 고온 다습한 기후와 농경 사회, 서양의 평야지대와 목축 중심의 환경 등 지리적 배경에 기인.
출처;
동서양 음식문화의 차이 레포트(해피캠퍼스)
동양음식과 서양음식의 차이점 블로그(네이버)
동서양 식문화 이야기 1편(YouTube)
'밥과 빵' 주식문화가 낳은 차이(KCI)
'밥과 빵' 주식문화가 낳은 차이(Semantic Scholar)
[동서양의 음식문화의 차이(Professional Barbecuer)]
https://www.professionalbarbecuer.com/43/?bmode=view&idx=127980
​
ㅡ科學의 (자연의 이해‘Knowledge)探究가 工學의 技術와 다르고 機能의 匠人이 技術와 법률적관계가 달라서 관계가 같으나 다르다말하고있는데,
역으로 다른 “ 文學의 文人와 藝術의 藝人은 “ 科學와 工學 &機能 ”와 같다고 말하고있고, “藝人와 藝家 “는 자기와는 글자가 다른 “ 禮山와 禮唐 ”와도 같다고말하고있는데,
역으로 ” 文學의 文人와 藝術의 藝人은 文家와 藝家와 다르다 말한다. 같은데 무엇이 달라서 다르다 말하고 &다른데 무엇이 같아서 같다고 말하는가?.
​
ㅡ策士‘謀士’冊나무의 冊房‘書店&WORK’153UP의 다우’큰나무大木&ACE현암智山‘箕山/巨山RAON曉星‘DAON코오롱KOLON ‘158의 巨商GS大宇와 三星’曉山의巨龜‘巨象‘
​
아파트APT자리의 다우와 大德 &策士‘謀士’冊나무의 冊房‘書店 &,
“ 요양원의 사랑나무와 호텔나무‘HOTEL의 WORK’UP &아늑와 다우 &주상복합다세대와 오피스텔 ”자리의  [ "" 韓民族의 前進 “이라는 뜻의 ]韓進 &,
유성구봉명동 ‘장급여관[과거 20실 이상의 객실을 갖춘 2세대 대중 숙박시설, 1세대 여인숙에서 진화한 형태. 현재는 모텔이나 게스트하우스 등으로 리모델링 or 저렴한 장기 투숙(달방) 수요를 충족하는 숙박시설]와 유성CJ나인파크아파트자리의 153UP &다우와 DONUT &다복와 큰나무 &,
‘ 大木와 ACE &현암와 智山 ’의 다인와 다원 &,
‘箕山와 경동 &새마을’의 엔지니어링[ Engineering( 과학, 기술, 수학적 원리를 응용하여 산업 설비, 구조물, 시스템 등을 기획, 설계, 제작, 운영 및 유지보수하는 전 과정) ]와 사각‘입체’큐브(6개의 정사각형 면으로 이루어진 정육면체’Cube) &,
‘호텔와 오피스텔’자리의 “ 158Coffe와 巨商GS大宇와 曉山의 巨龜‘巨象와 다이소몰Daisomall[ 주식회사 다이소 산업(株式会社大創産業 )은 일본의 100엔 숍 다이소(ダイソー)를 운영하는 기업. 본사 일본 히로시마현 히가시히로시마시 ] ” &,
巨山의 RAON曉星와 巨星의 DAON코오롱KOLON.
​
•한자 표기: 智異山 (지이산)&읽기: 지리산
경상남도의 하동군, 함양군, 산청군, 전라남도의 구례군, 전북특별자치도의 남원시 등 3개 도, 5개 시군에 걸쳐있는 산이며 백두대간의 종점.
의미: 지혜의 산, 대승불교에서 지혜를 상징하는 문수보살이 머무는 산이라는 의미에서 유래했다는 견해가 지배적. 한국민족문화대백과사전.
과거에는 두류산(頭流山), 방장산(方丈山) 등으로도 불려. ‘智異'는 우리말 '지리'를 한자로 옮긴 음사(音寫)로, '지리하다(산이 높고 넓다)'는 뜻에서 유래했다는 설도 있음. 학술논문검색사이트 KISS.
​
•기산(箕山):
굳은 절개나 신념을 뜻하는 고사성어인 기산지절(箕山之節)에 사용. 箕 (키 기): 키, 곡식을 까부르는 도구, 성씨.
山 (뫼 산): 산, 뫼.
중국 요임금 시대에 허유가 은거했던 산에서 유래하여 속세를 떠나 절개를 지키는 곳을 비유. 기호일보
주요 성어: 기산지절(箕山之節): 기산의 절개. 외적 환경에 굴하지 않는 굳은 신념( 기산심해(氣山心海): 기산심해. 김포신문), 또다른 譏訕(기산): 남을 헐뜯는다는 뜻.
​
• 현
現 (나타날 현): 현재(現在), 현금(現金), 현장(現場)
玄 (검을 현): 현무암(玄武岩), 현묘하다(玄妙-)
賢 (어질 현): 현명하다(賢明-), 현인(賢人)
懸 (매달 현): 현수교(懸垂橋), 현상(懸賞)
弦 (시위 현): 현악기(絃樂器)
炫 (빛날 현): 현란하다(炫爛-) 나무위키
이 외에도 현(縣, 고을 현), 현(舷, 배 옆 현)등Wiktionary
​
•巨星(jùxīng); 천문학적으로 태양보다 반지름과 밝기가 훨씬 큰 별인 '거성(Giant star)'을 뜻 &연예/스포츠 분야의 '슈퍼스타(Superstar)'를 뜻. 연예계의 아주 유명한 사람을 지칭할 때 주로 사용. 비유적으로 큰 영향력을 가진 존재를 의미 Wiktionary, the free dictionary
산업/기업: 杭州 소재의 제조업 기업 巨星控股集团 (Great Star Group)巨星 集团.
동의어 (Synonyms): 슈퍼스타: 超级明星 (chāo jí
míng
xīng), 巨星 (jù xīng) /천문학: 거성 (巨星)巨星 集团
​
•다우와 ‘GOLD BOO’골드북서점(둔산선사점, 서구’둔산동 1002‘월평3동 월평북로 85).
다우(茶友); 차(茶)와 함께하는 벗을 뜻 &차를 마실 때 다판(茶盤)에 올려두고 차를 부어주는 도자기 인형.
다우(多雨); 비가 많이 내리는 것을 뜻
다우(多祐); 세상에 많은 도움을 준다'는 의미의 기업명
茶友 (차 다, 벗 우):
多雨 (많을 다, 비 우): 비가 많이 내림.
多祐 (많을 다, 도울 우): 세상에 많은 도움을 준다(다우기술).
多憂 (많을 다, 근심 우): 근심이 많음
​
• 큰나무와 책통책먹는 마법사‘여우‘배우“
• 부산현대미술관 책그림섬; 예술성이 ㅡ중략ㅡ
​
[네이버 블로그] 금호김영집
https://m.blog.naver.com/yjsjhs
https://m.blog.naver.com/arangjoeul
https://m.blog.naver.com/bwiwd
​
https://story.kakao.com/kumhokyj/8JFUKLGjkN9
​
https://story.kakao.com/kumhokyj/GKfkNfYWNOA
​
https://story.kakao.com/kumhokyj/1PUI9povMN9
2/3
ㅡ 중 략 ㅡ
​
• 큰나무와 책통책먹는 마법사‘여우‘배우“
• 부산현대미술관 책그림섬; 예술성이 뛰어난 팝업 북, 어린이를 위한 독립 출판물, 다양한 언어의 그림책 등을 소장
• 송파책박물관 책과 사람이 만나는 공간, 송파책박물관; 책 - 송파 책박물관 전시. 상설전시. 상설전시 · 북키움 첫 번째 전시 : 나는 동화 마을에 살아요
• 책먹는미술관의 아이들; 그림책을 통해 사고하고 상상하고 소통합니다. Story art factory · Our story · Plan & Vision
• 책먹는하마; 정약용의 초서(抄書) 기법과 OPRS-T(요약) 학습법을 활용해 초등학생의 문해력과 사고력을 키우는 연구 기반 독서논술 프로그램
• 현대어린이책미술관‘
MOKA;
국내 최초 '책'을 주제로 그림책 관련 전시, 테마교육, 열린서재
대전학생교육문화원 중구 동서대로 1360
한밭도서관 중구 서문로 10 (문화동)
가오도서관 동구 동구청로 147(가오동)
갈마도서관 서구 신갈마로127번길 138(갈마동)
노은도서관 유성구 노은동로243번길 34(지족동)
석봉도서관 대덕구 대덕대로 1579(석봉동)
​
ㅡ세종시이름동의 “ iloom와 육회바른연어 &icom와 Urban &다짐와 홍대미대 “ /,
홍대개미와 홍대포차 &홍익인간와 홈플러스express &대덕프라자와 BK &홍루이젠와 홍한울짬뽕 &WOORASAN와 홍천식당(콩나물밥과 콩나물국밥 24시간 영업 맛집) &곱창고와 곱창군 /,
대한곱창와 NASA &(한신우동과 한신포차; 얼큰한 맛과 추억의 포차 감성을 공유하지만, 다른 브랜드로, 한신우동은 즉석 생면 우동과 돈까스를 주력으로 하는 식당, 한신포차는 닭발로 유명한 80년대 감성의 실내 포차 프랜차이즈)한신포차와 한신우동와 &/,
한신SMECA 대덕 비즈센터’와 나사볼트 &삼화문고와 성심49플란트치과의원(유성구 테크노중앙로 47)
​
ㅡ테트라포드(Tetrapod)
프랑스에서 개발된 주로 해안가 파도의 에너지를 분산 감쇄시켜 방파제와 해안을 보호하기 위해 설치하는 4개의 뿔 형태 블록모양의 콘크리트 구조물.
​
ㅡ‘아라'.
>>바다의 옛 순우리말, 감탄사, 혹은 고유명사로 사용. 주요 의미로 바다(고어)나 연못을 뜻. “어머나"", ""와""와 같은 감탄사로 쓰이거나, 일본 서브컬처에서 연상의 여성이 사용하는 ""어머 어머""라는 표현.  나무위키
>>사용 예시:
>순우리말/지명: 바다, 고대 가야의 일파인 아라가야, 또는 제주도의 아라동.
>감탄사: ""아라 아라""처럼 감탄이나 놀람을 표현 (주로 만화/애니메이션).
>브랜드/기업명:
•(첨단 AI 로봇 기술을 바탕으로 고객 맞춤형 솔루션을 제공하는 전문 기업; 충남천안시 동남구 풍세면 풍세산단로 233)주식회사 아라,
•(경북포항시 남구 상도로 42, 2층 상도동 /경기지사 : 안양시 동안구 흥안대로 427번길 38 성지스타위드)아라기술
•대학 정보 공유 플랫폼 '아라
https://www.a-ra.co.kr
대학시험의 모든 것 아라는 다 안다! · 정보를 누구에게나 공정하고 공평하게&선배랑 친해져야 받을 수 있는 돈을 주고 사야하는 족보는 그만.
>캐릭터/아티스트: 게임 《엘소드》의 캐릭터 '아라', 가수 '아라'. 출처: 대학시험의 모든 것,
> a-ra &(세종시와 대전시에서의 )“ 조아라 좋아라 GO-ARA고아라 T-ARA티아라 “.
>주)오복이야기 인천광역시 계양구 장제로 708 한샘프라자[ 오복솥뚜껑은
http://xn--9o0bu1mjtffmfnug.kr/
20년 요식업 경험의 노하우를 살려 4년 넘는 기간동안 테스트를 거처 한국의 전통 음식 문화와 현대적인 감각을 조화롭게 결합한 고깃집 브랜드 ]
오복솥뚜껑
구월점 인천 남동구 인하로489번길 28
홍대점 서울 마포구 잔다리로6길 35
홍대반가점 서울 마포구 어울마당로 116
목동점 서울 양천구 신정중앙로 101
영등포점 서울 영등포구 영중로4길 16-1
범계점 경기 안양시 동안구 평촌대로223번길 11
송내역점 경기 부천시 원미구 부일로 203
계양구청점 인천 계양구 도두리로 14 맘모스타운
연수구청점 인천 연수구 용담로118번길 21
송도타임스페이스점 인천 연수구 하모니로138번길 11
루원시티점 인천 서구 가정로 406 판매시설 A동
옥련점 인천 연수구 옥련로 45
일산라페스타점 경기도 고양시 일산동구 장항동 736-4
구로디지털점 서울 구로구 디지털로32나길 38
부평점 인천 부평구 시장로20번길 15
​
ㅡ(대전동구 대동 402 9번지)돈돼지삼겹살 (서울마포구 동교로 2362)꿀돼지집 (대전유성구 봉명동 564-19번지)유성꽃돼지한식 ‘충전돼지’ /대전세종의 ’홍익돈꺼스‘와는 또다른 글자관계 ’다돼지’가 나간자리에 ‘101번지 남신돈까스’가 들어섰다.
​
ㅡ‘다돼지'
1) '모두 돼지띠'를 의미하는 신년 문구,
2) 이경은 작가의 그림책 제목,
3) 고깃집 등 상호명으로 사용.
4) 잘 될 것이라는 격려나 풍요로운 황금돼지해의 의미를 담아 주로 사용.
www.chunsa.kr
부산 서면 등에서 운영 중인 얼리지 않은 고기를 판매하는 음식점.
5) 그림책: 아이들의 마음을 대변하며 마음껏 뛰어노는 내용을 담은 알라딘 도서 소개 및 교보문고 도서 소개.
6) 어원/활용: '다 돼지(모두 돼지띠)' 또는 '다 되지(모두 가능하다)'라는 뜻. 2019년 기해년 황금돼지의 해 등에서 격려의 문구로 활용됨.
www.chunsa.kr
​
ㅡ서구반석동의
MAYEYE
MAYDAY
MAHAIR
BELLA
MAXIMO
GARAGE ‘ 꽃비네일와 서리서리국수 &홍문당와 책방‘굴슢 ‘ /서구관저동의 花雨林화우림 /‘서구탐방동의 꽃빛한방병원 /중구대흥동의 RAIN와 유성구봉명동의 홍인당한의원와 LINE &
MAYHOTEL와
옛)홍인장‘(오피스텔 및 도시형생활주택)인 '유성 푸르지오시티[1976년 개장해 대전 유성온천 지역의 대표적인 온천 호텔로 사랑받았던 홍인호텔(구 홍인장)은 2011년 6월 35년 만에 영업을 종료했습니다. 폐업 후 해당 부지에는 지상 30층 규모의 복합주거시설]
​
ㅡ” (유성구지족역 옆 )에이치제이디자인디자인와 BAINDESIGN &만두레한우와 SIWOOTILE “에서 (노은역 앞 CGV자리에서 나간 만년닭강정와 함께 )김종구식맛치킨전기바베규옛날통닭관저점이 같이나갔다. “ 돼지고깃집와 돈까스가 &통닭와 차킨이 &고기와 회 &짬와 구이…..etc….등등….“관계가 갈라졌다.
​
ㅡ한반도전통무술의 “선무도 택견 태권도 수박치기 뫼한뭐루 ”가 ’몸와 마음’기공수련의 “마음수련 태극권 국선도 단월드 단무도 ”와 &, 격투기 “ 권투 유도 주짓수 합기도……가 스포츠구기종목의 ” 농구 축구 배구 야구 탁구….와 &, 검도와 관계가 다르다. 스포츠와 무술’무도가 관계의 조합이 다르다.
​
ㅡ유성구노은동의 YK와 CONIC골프 &SG골프와 GOLFZON GDR &HANARO골프클럽와 TRACKMAN GOLD &(주)OKONGTS와 포머스Fomers /,
봉명동커피와 파머스 ‘퍼스트와 View ‘머스트와 카이젠 ‘모스트와 ~
​
ㅡ(광수사 정수사 여래서 송광사….조계종 관계자리 )낚시와 골프가 “ (관계가 달라진 ) “ 피자스쿨와 피자머루 &만년닭강정와 (진강정 &)닭강정 &세탁(소)와 빨래방(판) ”와의 대전세종이 ” 관계의 조합이 달라져 “같은관계가 다툰다. 여기에 “ 고기명작와 고기카페 ”의 관계, ‘고기‘도 관계가 달라졌다.
​
ㅡ유성구구엄8통와 9통에서의 이튼외 중구선화동의 예일 &한울 한얼 한올 한진 한젼….등등에서,
현대HD의 정가왕갈비탕이 왕가봉의 한얼‘가이아Gaia의 관계가 달라졌다.
​
ㅡ이해윤추어명가‘YAMAHA &추어명장’테슬라 &애월한우‘렉서스 &HONDA’ㅡ중략ㅡ
​
[네이버 블로그] 금호김영집
https://m.blog.naver.com/yjsjhs
https://m.blog.naver.com/arangjoeul
https://m.blog.naver.com/bwiwd
​
https://story.kakao.com/kumhokyj/8JFUKLGjkN9
​
https://story.kakao.com/kumhokyj/GKfkNfYWNOA
​
https://story.kakao.com/kumhokyj/1PUI9povMN9
ㅡㅡㅡㅡㅡㅡ
1/3
https://story.kakao.com/kumhokyj/gMfLx7rz5oA
2/3
https://story.kakao.com/kumhokyj/KAyNmcE26Pa
3/3
https://story.kakao.com/kumhokyj/3ZJK5WuP3n9
​
ㅡ 중 략 ㅡ
​
ㅡ대전의 ’타이어뱅크와 GOOD타이어’자리의 “ ‘PLAN B’와 MK  ” 글자관계,
동구의 식장산&서구둔산동‘39desert /서구의 구봉산&서구가수원’양촌 /유성구의 왕가봉&유성구덕명네거리’가이아‘Gaia[ 그리스 신화 속 대지의 여신이자 만물의 어머니. 지구를 하나의 거대한 생명체로 보는 과학적 가설(가이아 이론)의 바탕이 되는 개념. 자연, 풍요, 대지를 상징. 환경 단체나 지구 환경을 논할 때 살아있는 생명체로서의 지구를 뜻하는 말로 사용&태초의 여신: 카오스(혼돈) 다음으로 탄생한, 스스로 태어난 대지의 여신으로 모든 신들과 만물의 어머니{ 동의어’Synonyms: 게Ge, 테라Terra, 텔루스Tellus‘등…}. 대지 그 자체를 의미. 상징: 땅 위에 거주하는 모든 생명에 풍요와 생명을 제공하는 존재 ]앞 ‘이해윤추어명가‘농부아들의 반찬가게 찬장’YAMAHA &/, (대덕구 신탄진로 512)김관식추어명장’테슬라 &(유성구봉명동 삼성홈플러스와 프리미엄 디저트 카페 브랜드 블레스롤‘Bless Roll 앞 )장흥‘애월한우‘렉서스 &(오토바이 )HONDA와 베지래빗804(舊 관저동 파머스마켓; 804명의 지역 농부들이 직접 생산한 신선한 농산물을 판매하는 대형 로컬푸드 직거래 장터입니다. 유성구 방동 지역 농산물을 포함해 가성비 좋은 농산물을 판매하며, 10년 이상 된 전문 업체가 품질을 관리하는 건강한 장소] /
ㅡ파머스161와 베지래빗804
베지래빗804‘프리미엄센터 유성구 아리랑로 18 원촌동 45-22
베지래빗804’골든필드(구암점) 유성구 유성대로 589 구암동
파운딩파머스 대전유성구 도룡동 4-9번지 지상1층
파머스마켓 대전중구 은행동 143-1
충청남도로컬푸드 파머스161 유성구도룡동
파머스161 서남부 유성구 도안대로 93
시티파머스 대전유성구 어은동 107
공주농협파머스마켓 충남공주시 번영1로 100·9.1 km
더 오리지널 파머스 마켓 6333 W 3rd St, Los Angeles, CA 90036 미국
​
ㅡ같은관계라도 ’자동차메이커별로,
써비스센타와 신차매장‘자리의 주변관계가 다르고,
‘국산/외국산’간의 ‘자동차와 오토바이’관계가 다르다.
>국산/외국산 오토바이;
디앤에이모터스(DNA
Motors;
구 대림오토바이)‘KR모터스(구 효성기계공업/S&T모터스)’한솜바이크(Hansom Bike)’블루샤크 코리아(Blueshark Korea; 전기 오토바이 전문 브랜드) / &,
HONDA‘YAMAHA’Suzuki‘Kawasaki’Ducati ‘Triump‘Aprilia ‘Vespa’BMW
Motorrad’Indian
Motorcycle‘Harley-Davidson‘…..
>외국산 자동차;
BYD 대전매장[ 동구 용전동, 한밭대로 1227 ] /( 한국토요타자동차; 도요타 자동차가 100% 투자한 한국 법인, 서울중구 본사. 대전에서의, Lexus와 Toyota 브랜드판매하는 대한민국 공식 수입사. 도요타‘서구 벌곡로 1358 가수원동 474’&렉서스‘유성구 한밭대로492번길 1]도요타&렉서스 /(대전에서의 유성구 봉명동 612-1/대덕구 중리동 236-8)한성자동차’
Mercedes-Benz‘
/[대전에서의, 유성구 엑스포로 1/유성구 한밭대로492번길 8/코오롱모터스]BMW /[폭스바겐그룹코리아(구 아우디폭스바겐코리아)독일 폭스바겐그룹의 한국 법인. 폭스바겐, 아우디, 벤틀리, 람보르기니 브랜드를 총괄. 2004년 설립되어 서울에 소재 ]Volkswagen(경기안양시 동안구 시민대로 361 평촌에이스타워) /[ 선인자동차. Sunin Motors.‘선인자동차 유한회사)]Ford Korea.
​
ㅡLH아파트의 Humansia’휴먼시아(인간을 뜻하는 Human과 대지를 의미하는 sia의 합성어)와
남광토건아파트의 하우스토리’Haustory(독일어로 집을 뜻하는HAUS(하우스)와 영어의 STORY(스토리)를 합성한 조어로써, '집 이야기'라는 뜻) &/,
” 유성구 ’덕명동의 박산(朴山)와 노은동/지족동일대(王駕山 or)王駕峰왕가봉‘ “자리의 ’가이아‘Gaia와
‘[벽이나 나무를 타고 올라가는 담쟁이덩굴을 뜻, 두릅나무과의 상록 덩굴식물. 관상용 식물, 호흡기 질환 치료제(거담제) 원료로 사용, '행운이 함께하는 사랑'이라는 꽃말. 미국 동부의 명문 사립대학들을 지칭하는 아이비리그(Ivy League)로도 쓰임 ]Ivy’아이비‘(세종시 )아이콤타워 [ 1생활권 아름동 ) &/,
(세종시)아이콤스타타워[ 3-3생활권. 소담동 한누리대로 2022 ]와 ‘아이누리’포털https://i-nuri.go.kr‘ &/,
’김천의 양고기 맛집‘(한국의 양 성씨. 梁, 楊, 樑, 襄 등에서의)양가양미’陽家羊味(&양가양미‘서구 둔산동 1457’둔산직영점; 삿포로식 양숯불구이 전문점)와 둔산현대아이텔’ &/,
(서구용문동 250-5/유성구봉명동…일대에 위치한 도시형 생활주택 및 오피스텔 브랜드)리베라아이누리와 ’PULL
MOON‘농부아들의
반찬가게 찬장‘ &/….위 각 자리마다 아래의,
“ ABC “와 “ ACE; 테라노블에이스(TeraNobleAce)와 DPLACE &‘TOWSOME PLACE’와 ‘ACE AD’[ 1) 설치된 앱의 재참여를 유도하는 구글의 '앱 참여 캠페인(App Campaign for engagement, ACe)' 2) NHN ACE의 데이터 기반 타겟팅 광고 플랫폼인 '에이스트레이더(ACE Trader) ]…..etc…관계가 붙어서,
” ’(HIVE )하이브 ‘(D’HIVE )디하이브 ‘(DIAV )디아브 ‘히아브HIAB……“와의 관계의 조합이 달라서,
관계를 바라보는 ’자리와 방향’을 “달리한다.
​
ㅡ충북 괴산와 괴강
​
ㅡ고전와 현대에서의, 관계설정이달라서 다툰다.
“ 소설와 시인 &민화와 만화 &만화애니메이션Animation (or 만화영화’漫畫映畫)와 영화….
>김시습의 《금오신화》(만복사저포기, 이생규장전 등)
>채수의 《설공찬전》과 같이 저승 이야기를 다룬 한글 소설이 등장했으나, 금서로 지정되기도.
>「사씨남정기」 조선 후기에 서포 김만중이 지은 고전소설.
>김홍신 (사회비판·역사 대하소설)
인간시장 (1981): 부조리한 사회를 풍자한 한국 최초의 밀리언셀러. /대발해 (전10권): 민족의 자존심을 높인 대하역사소설.
>김진명 (팩션·안보 소설)
무궁화꽃이 피었습니다 (1993): 600만 부 판매된 대한민국 밀리언셀러. 고구려 (5권+): 팩트에 기반한 역사 대하소설.
​
ㅡ충북“괴산‘槐山; 槐회화나무 괴, 山뫼 산“&”괴강槐江; 槐’회화나무 괴, 江강 강”에서 “ 山와 江 ”글자가 달라서,
(괴산군 괴산읍 쏘가리길 43)아쿠아리움와 (괴산읍 충민로검승1길 6)괴산농업역사박물관이
(괴산군 칠성면 괴강로)농업회사법인괴산한우타운(주)와 (진천군 진천읍 문화10길 1)‘TYM 진천 종합 딜러점 농기계, 트랙터’와 관계가다르다.
충남‘논산論山와 晉州矗石樓‘논개論介[임진왜란 당시 진주성에서 왜장을 안고 남강에 투신한 의기義妓. 본명 주논개朱論介로 알려져] &“충청남도 금산군와 경상남도 남해군에 있는 금산 & 경상남도 진주시 금산면“은 같은가?.
​
괴강국민여가캠핑장 오토 캠핑장 괴산읍 충민로검승3길
괴강 토종어류체험관 괴산군 괴산읍 제월리 952
괴강354 커피숍/커피 전문점 괴강관광농원
충북 아쿠아리움 괴산군 괴산읍 쏘가리길 43
​
[네이버 블로그] 금호김영집
https://m.blog.naver.com/yjsjhs
https://m.blog.naver.com/arangjoeul
https://m.blog.naver.com/bwiwd
​
​
https://story.kakao.com/kumhokyj/CPZWJ1v9Un0
​
https://story.kakao.com/kumhokyj/H3FdLP94Roa
​
https://story.kakao.com/kumhokyj/b1g5gi8kwn0
​
042
+158
=200
+153
=353
+947
=1,300
+747
=2,047
+33
=2,088
.
.
.
947
-747
=200
.
.
.
31
+69
=100
.
.
.
11
+69
=180
.
.
.
69
-11
=58
.
.
.
11
+39
=50
.
.
.
11
+49
=60
.
.
.
39
+49
=88
.
.
.
49
+31
=90
.
.
.
55
+33
=88
+11
=99
.
.
.
66
+33
=99
+1
=100
.
.
.
ㅡ‘Belleposto' (또는 'Bel Posto')
•이탈리아어로 ""아름다운 곳""을 의미. 주로 와인 브랜드나 이탈리아 레스토랑의 이름.
•BelPosto Italian Wines (와인 브랜드): 이탈리아 전역의 아름다움을 공유하고자 하는 와인 브랜드. 특히 연한 황금빛과 사과 향이 특징인 'BelPosto Prosecco D.O.C.'
•Bel Posto Italian Cafe (음식점): 러시아 힘키(Khimki)에 위치한 이탈리아 및 일식 퓨전 카페.
•Bel Posto (미국 레스토랑): 미국 뉴욕주 완태그(Wantagh)에 위치한 레스토랑.
​
ㅡ‘鳳鳴(봉명)’; 주로 봉황이 운다는 뜻의 고사성어 봉명조양(鳳鳴朝陽)의 줄임말 출처;DBpia
1. 鳳鳴 (봉명)의 의미
뜻: 봉황이 산의 동쪽에서 운다.
상징: 봉황은 상서로운 상상의 동물로, 봉황이 운다는 것은 천하가 태평할 조짐이나 훌륭한 현인(어진 신하)이 나타났음을 의미합니다.
유래: 중국 신당서(新唐書)에서 유래하였으며, 어지러운 세상에서 소신 있게 직언을 하는 강직한 신하를 비유할 때 쓰입니다.  DBpia
2. 鳳鳴朝陽 (봉명조양)의 의미
봉황이 아침 해(또는 햇살)를 향해 운다는 뜻으로, 세상이 평화롭고 덕망 있는 지도자(혹은 신하)가 나타나 조화로운 세상을 이룬다는 뜻
​
ㅡ“ ~明”
>명명(鳴明): 울 명(鳴)자를 써서 '울어 밝힌다'는 뜻.
주로 닭이 울어 새벽을 알리는 것을 의미.
>덕명(德明): 큰 덕(德)자를 써서 '덕이 밝다'는 뜻.
인명이나 지명으로 자주 사용.
>동명(東明): 동녘 동(東)자를 써서 '동쪽의 밝음', 즉 떠오르는 해나 광명을 의미. 고구려의 시조 동명성왕의 명칭
>월명(月明): 달 월(月)자를 써서 '달이 밝음' 또는 '밝은 달'을 뜻. 신라 시대의 승려 월명사가 유명.
>홍명(紅明): 붉을 홍(紅)자를 써서 '붉고 밝음'을 뜻.
>이 단어들은 주로 한국이나 중국의 인명, 사찰 이름, 혹은 고전 문학에서 밝은 기운을 나타내는 표현으로 자주 등장.
​
ㅡ미식’美食‘味食‘(미숫가루를 뜻하는 미식)糜食 ‘화식’和食‘火食 ‘육식‘肉食  균식‘均食 ’호식’糊食 ’삼식‘三食 ’소식‘小食’대식‘大食 ’暴食‘폭식 ’단식‘斷食….. etc..등등 에서의, 인간 생활의 3대 기본 요소 의식주‘衣食住 중  “ 食~ ”.
​
[네이버 블로그] 금호김영집
https://m.blog.naver.com/yjsjhs
https://m.blog.naver.com/arangjoeul
https://m.blog.naver.com/bwiwd
​
https://story.kakao.com/kumhokyj/H3FdLP94Roa
​
https://story.kakao.com/kumhokyj/b1g5gi8kwn0
​
ㅡ세종시고운동남측.
디사이플교회DISCIPLE CHURCH ‘공감HAIR ART ‘INTERIOR IVORY SPACE ‘나이스애드 ‘(성악가‘김동규 Secret Garden 1집 수록곡 10월의 )어느멋진날‘ATELIER&SHOP ’(DADA)다다카츠‘다다 ‘여우쌤PT필라테스 ‘LA BELE HAIR ‘패밀리 집밥&도시락
​
ㅡ대전유성성구상대동&봉명동.
벨포스토Belleposto(한남대학교와 지족동1차’충남대와 봉명동일대 2~7차‘네번째이야기’등 다수의 도시형생활주택 및 아파트, 봉명동631-3 )벨포스토 네번째이야기 ‘올레국수 ‘교동면옥 ’스타벅스 ‘예일 ’(과거의 HD와 현재의 )HJ.
’[ (반석동646-7의 중식당)청린晴潾와 ’(서울중앙지방법원 및 안양지원)법무법인’청린&{ 인천서구 해삼건조 및 염장수산물 벤처기업 }(주)청린와 (게임/콘텐츠: 대항해시대 오리진의 캐릭터 )청린 &(리디북스의 로맨스 e북 제목 )청린와 {백석대학교 관광학부 학생회 이름(청춘의 이륙, 인생의 항해)의 }청린 &(반석동 042커피의 )다린와 ( 사바나와 초원 지대 서식. 세계에서 가장 키가 큰 육상 아프리카동물 포유류 )기린’African giraffe &{ 실제 동물 Giraffe이 아닌, ’동아시아 신화 속의 상상 속 동물‘四靈‘영물靈物-龍’鳳凰‘龜와 함께 ’어질고 상서로운 (인수仁獸)동물로 여기는 }麒麟와 {Asahi맥주 심볼 기린;麒麟Kirin, 아사히‘あさひ‘朝日/旭; ’아침 해' 또는 '아침 햇살’=‘떠오르는 해처럼 밝고 성실하다‘뜻, 떠오르는 태양을 형상화허여 붉은색 원형의 태양 모티브가 결합. ”아사히 수퍼드라이‘Asahi Super Dry )麒麟Kirin &(벨포스토‘Belleposto와 )KIRIN.
‘열린아카데미 투모어휘트니스 ’천안호두과자 ’[ CASA와 CASAMIA &’(서구둔산동 1356, 레지던스 호텔 라미아)Residence Hotel Lamia‘와 [그리스신화 속 포세이돈의 딸 &리비아의 여왕. 제우스와의 관계 때문에 헤라의 저주를 받아 아이를 잡아먹는 괴물이 된 인물. 상반신은 아름다운 여인 하반신은 뱀의 모습. 반인반뱀의 괴물(비스트맨)로 묘사. 밤에 출몰하여 젊은 남성을 유혹하거나 아이를 해치는 존재 ]라미아Lamia.
[ {대한민국 최초의 휴머노이드로봇 휴보HUBO와 }LH의 ‘인간Human+공간sia’= ]Humansia ‘포티엔차이나 ’유아이ui ‘맘e편한약국 ‘ROGERS로저스나인9골프아카데마 ‘오노크HAIR SHOP’ ’
MEGABOX
‘LONG BEAUTY 롱뷰티 ‘SM+에스엠플러스수학학원 ’TOUSlesJOURS ‘(SMART와 GMART &영‘HOME
MART와
)ORANGE MART.
​
ㅡ투모어휘트니스 본점
유성구 봉명동로 27 27 ‘구암동 615 17번지 ‘학하로 98 ‘지족동 901-2 ‘지족로 273 ‘서구관저동 1415번지 관저빌딩
​
ㅡ과거와 현재의 ‘예일~’
>유치원 어린이집 유성구교촌동627-1
>보습학원 사립학교 서구가장동
>이비인후과의원 동구대동148-59
>약국 계룡시
>모터스
차량 대리점 구도동
유성점 구암동615-27 ‘서구 구봉산북로7번길70-9
>학원
입시학원 변동 71-15
사립학교 서구탄방동 743번지
사립학교 중구부사동 142-9번지
영어회화 컬컴 둔산점 평생교육원 서구 둔지로 14
보습학원 중구중촌동 10-3
수학교습소 수학학교 서구가장동55번지 나르매1차아파트 유치원동
보습학원 사립학교 가장동
플러스학원 사립학교 대전유성구 관평동907번지 밸리타운
반석예일학원 입시학원 유성구반석동639-2
입시학원 대덕구오정동61-6
>토건
시공업체 산성동
(주)예일건설 시공업체 서구변동 5-38번지
(주)예일도장건설공사 시공업체 정림동 84
>전기
제조업체 서구갈마동407
전기 기사 대덕구대화동 530-4번지
제조업체 대화로120 가온비즈타워
명일전기 전자제품 판매점 대덕구대화동298-13
>기획
광고대행사 유성구궁동
광고대행사 동구용전동11-4번지
광고대행사 중앙동
>타일상사
지업사 벽지 판매점 대사동
욕실용품점 동구삼성동298-8
>스터디카페 카페 서구가장동 55번지 나르매1차아파트
>서울예일치과의원 치과의사 은행선화동
>방사선과전문 병원 대전 신탄진동 행정복지센터
>정보통신 도마1동
>공인중개사사무소 부동산 중개 사무소 대사동
>법무법인(유한) 예일법조 대전분사무소 법률 사무소 둔산동 둔산로123번길21 엠시티타워
>건축사사무소예일 건축 설계사 서구둔산1동 1476
>주)예일홀딩스 부동산중개사무소 중구오류동188 25번지
>주)예스틸 철강대리점 죽동
​
ㅡ종교의 誡命계명와 불교의 (法名 or 法號)戒名 &,
(닭 울음)鷄鳴와 (鳳凰;수컷鳳와 암컷凰 한쌍 봉황 &鳳鳴朝陽의 줄임말 )鳳鳴 (밝은 기운을 나타내는 표현되는 ~ 明 ;)鳴明‘德明’東明‘月明’紅明‘鳴明‘洪明
>洪明商街; 1974~2009년 중동 목척교 위에 있었던 옛 쇼핑타운.
>洪明商會; 오류동 및 봉명동에서 뭉티기, 육사시미 등을 판매하는 유명 음식점.
​
ㅡhttps://sgsg.hankyung.com/article/2025011726421
함곡계명函谷鷄鳴; 函谷關[전국시대 진秦시대 산동(山東)6국으로 통하던 험하기로 유명한 관문‘天下第一險關]의 닭 울음소리’라는 뜻으로, 비굴하게 남을 속이는 하찮은 재주나 그런 재주를 가진 사람을 이르는 말. 하찮은 재능도 때로는 긴요하게 쓰인다는 긍정적 의미로도 사용.
​
ㅡ’PULL
MOON’와
‘농부아들의반찬가게찬장‘의 자리,
“ [ 대전원예농협‘새산성지점(중구문화로 26) /대전원예농업협동’석교지점(중구석교동 59-12) /대전원예농협‘서대전지점(중구오류동171-29’계백로1685번길 41‘박인복골프스쿨) /원예농협유통(유성구 학하동 ) &]대전원예농협’둔산로지점(서구문정로 136 탄방동)와
[ 경기‘고양시 일산서구 대화로362(구:대화동 2324)일산서구 화훼 전문 농협’화훼농협‘본점 &](유성구 노은동 113-2 ‘탄방점-대전서구 탄방로51)한국화훼농협의 美와 味 &,
유성구봉명동의 ’약손마사지와 [ 아름다울 미; 아름다움, 곱다, 美國 ]美와 味[ 맛 미; 맛, 취미, 기분 ]와
[ ‘유성구문화원로6번길 114 장대동‘솟대와 천하’대장군여장군’장승‘자리의 ’KOREA한옥Hotel’만월(滿月, Full
Moon)’
&,
[ { 대덕구한밭대로 1133 중리동’상생방송(주) }STB상생방송와 (대덕구중리로75번길 22-19&한밭대로1149)회덕농협중리지점 인근 ]일본료칸재현테마형숙소‘유카타제공‘대덕구중리동402-8번지’만월호텔중리점와 (대종로460번길 29‘브라운도트호텔 대전역점 /대흥동 92-1‘크리스탈 레지던스호텔’와 인접한 &)‘대흥로165번길 35’만월호텔대흥점‘의 美와 味 &,
세종시고운동남측‘금성갤러리작명원’한진서세종대리점‘한솔플라톤‘켈리다움’의 ’米[쌀 미&
Meter의
음역{기호‘
m{국제단위계SI’에서
길이나 거리를 측정하는 기본 단위) }미터meter ]와
未[ 아닐 미, 아직 ~하지 못하다. 미래未來 ]의 (교재 출판 전문 기업 ’
Mirae
N Books Co,Ltd‘)(주)미래엔 &,
迷[ 미혹할 미, 미혹하다, 헤매다, 미신迷信; 기독교 맥락에서 이단Heresy과 미신Superstition은 정통 교리에서 벗어난 신앙 형태를 지칭. 기독교의 기본 교리인 삼위일체, 예수 그리스도의 신성과 인성, 성경의 권위, 구원관 등을 부인하거나 왜곡하는 집단 또는 가르침 ]의 (타 종교가 이단시하며‘대치하는 민족종교)단군신화‘한민족 건국 이야기’환웅‘弘益人間’在世理化‘고조선건국’인본주의·이타주의사상‘민족 종교의 뿌리 신앙’甑山道‘水雲敎‘天道敎‘天父敎‘大巡眞理會‘宣敎‘,
위 자리마다 동일하고 같은관계가 있으나 다른 관계와의 관계맺음‘조합이 다르다.
​
[네이버 블로그] 금호김영집
https://m.blog.naver.com/yjsjhs
https://m.blog.naver.com/arangjoeul
https://m.blog.naver.com/bwiwd
​
https://story.kakao.com/kumhokyj/3LAXMT7skN9
​
ㅡ사람은 같은것을 같지않다고 말한다, 인간은 무엇을가지고 무엇이 같지않다고 다투고있는가?.
장애인와 비장애인 &건걍한사람와 Patient환자(는 의료 환경 내에서 '관리 및 치료 대상'이라는 의미 &Sick person/Patient병자는 '병을 앓는 신체 상태'에 초점)에서의 ‘人相着衣인상착의‘에 든 ‘身體構造신체구조’에 관계가 들어가있다.
관계가 다르다고, 인간은 단순히 자기자신과 ‘人相着衣와 身體構造’가 다른이유를가지고, 겉모습으로 사람을 평가하고 차별하며 차등을 둔다.
같은 인간이 무슨 관계가 다르고 어디와 어떻게 달라서 다투고, 의샤외 한의사 &수의사도 다툰다.
여기에 “ ’신神‘God유일신’Deity일반적인 신‘Spirit영적인 존재나 자연의 신’Theos그리스어 어원’ ”의 존재여부를가지고 종교가 다툰다.
종교와 인간은 무엇을가지고 다투고있는가?.
글자와 문자에 관계가 들어가있다.
그 글자와 문자들이 달라서 그래서 ‘草根木皮와 人相着衣 &身體構造외 耳目口鼻‘ 문자를가지고, 한글와 한자 &(또다른 여러)외국어를가지고 ’나와는&우리와‘는 다르다고, 관계가다툰다.
그래서 한 일례로 위 인상’人相이 역도의 “ 인상Snatch; 바벨을 한 번의 동작으로 머리 위까지 들어 올려 일어서는 기술 위주의 종목 /용상Clean & Jerk; 바벨을 어깨에 한번 멈췄다가 두 번에 걸쳐 머리 위로 드는 힘 위주의 종목 “와, 관계가달라서 다툰다. 그래서 수학의 약수約數가아닌,
“ 藥水와 聖水 &聖洙와 湖水 &生水 “가 &온천溫泉와 원천源泉의 관계와 달라서 다툰다.
​
ㅡ사람의 이목구비(耳目口鼻, 귀, 눈, 입, 코 /얼굴의 전반적인 생김새와 인상을 결정하는 핵심 요소)가 하나라도 없으면 절대로 살아갈 수 없는 핵심요소.
>외부의 ‘얼굴face’의 머리와 목‘몸통’팔 2개‘다리 2개’사타구니의 생식기‘에,
>내부의 ’내장’근육‘뼈’혈관‘혈액’체액‘신경계’등으로 구분.
•외과와 내과의 핵심 차이‘치료 방법'에 따라,
내과는 약물, 주사, 내시경 등으로 몸 안쪽의 장기 질환을 치료,
외과는 수술, 절개 등의 물리적인 방법을 통해 질병을 치료. 출처; 나무위키.
​
ㅡ기독교(개신교)와 천주교(가톨릭)에서의 예수상과 성모상을 대하는 관점과 수인(손 모양, 손가락 동작)의 의미.
>종교적 전통과 교리에 따라 큰 차이를 보임.
1. 예수상과 성모상에 대한 관점 차이
-천주교(가톨릭):
성상(예수상, 성모상 등)을 공경의 대상.
성상은 그 자체로 숭배의 대상이 아니라, 성인이나 하느님을 기억하고 덕행을 본받게 하는 상징물.
십자가에 예수님이 못 박혀 있는 '십자고상'을 사용하여 구속의 의미를 강조.
-기독교(개신교):
성상 제작 및 공경을 우상숭배로 간주.
교회 내에 성상을 두지 않는 것이 일반적.
따라서 십자가에 예수상이 없는 빈 십자가를 사용.
부활의 의미를 강조. YouTube
2. 성상 수인(손 모양)의 의미
예수님이나 성모상의 수인은 단순히 손 모양을 넘어 그분이 하시는 말씀이나 영적인 의미를 전달.
​
ㅡ불교 수인은 부처와 보살의 깨달음과 공덕을 손 모양으로 나타낸  석가모니의 대표적인 근본 5인.
>선정인,
>항마촉지인,
>전법륜인,
>시무외인,
>여원인.
>기타, 비로자나불의 지권인, 아미타불의 미타정인 등.
>불상과 수인, 핵심 수인 종류 및 의미.
•선정인(禪定印) (Dhyāna Mudra): 부처가 명상에 잠겨 마음을 집중한 상태를 상징.
결가부좌한 무릎 위에 손을 놓고 두 손바닥을 위로 하여 포갠 형태.
•항마촉지인(降魔觸地印) (Bhūmisparśa Mudra): 석가모니가 마귀를 항복시키고 깨달음을 얻은 순간,
지신(地神)에게 이를 증명하는 손 모양입니다. 오른손을 내려 땅을 가리킴.
•전법륜인(轉法輪印) (Dharmacakra Mudra): 깨달음의 진리를 전하는 설법의 모습을 상징.
두 손을 가슴 앞에 두고 양손의 엄지와 검지를 맞대어 법륜(진리의 수레바퀴)을 형상화.
•시무외인(施無畏印) (Abhaya Mudra): 중생의 두려움을 없애주고 위안을 주는 수인.
손바닥을 밖으로 향하게 하여 어깨 높이까지 올린 모양.
•여원인(與願印) (Varada Mudra): 중생이 원하는 바를 들어준다는 의미.
손바닥을 밖으로 하여 아래로 내린 모양입니다. 보통 시무외인과 짝을 이룸.
•지권인(智拳印) (Bodhyagrī Mudra): 비로자나불이 결하는 수인.
이(理)와 지(智), 중생과 부처가 하나임을 나타냅니다. 가슴 앞에서 오른손으로 왼손 검지를 감싸 쥔 모양.
•미타정인(彌陀定印) (Amitābha 定印): 아미타불이 결하는 선정인의 변형.
양손의 엄지와 검지를 맞대어 엄지끼리 맞닿게 하여 무릎 위에 둠.
•이외에도 논의인(論議印), 천지인(天地印) 등.
시대와 불상에 따라 다양한 수인이 존재.
​
http://www.ibulgyo.com/news/articleViewAmp.html?idxno=206857
​
[청년을 위한 불교기초강의] <64>
불상 손 모양이 각기 다른 이유?
​
2020-07-04
​
이정우 군법사ㆍ육군 대령
​
Q    불상을 자세히 살펴보면 부처님의 손 모양이 매우 다양하던데, 손 모양이 각기 다른 이유는 무엇인가?
​
불상은 자세와 손 모양 이용해
중생과 소통하기 위한 뜻 담아
​
A    각 사찰에 모셔져 있는 불상을 살펴보면 서 있는 불상·앉아 있는 불상·누워있는 불상 등을 볼 수 있고, 각 불상의 손 모양도 다양함을 확인할 수 있습니다. 서 있는 불상 중에 우리에게 가장 친숙한 불상은 아마도 탄생불인 아기부처님상일텐데, 이 탄생불은 오른손으로는 하늘을, 왼손으로는 땅을 가리키고 있는 모습으로 누구나 ‘천상천하 유아독존 삼계개고 아당안지’를 외치고 계시는 모습이라고 짐작하게 됩니다.
​
이처럼 불상은 자세와 손 모양을 이용하여 전하고자 하는 메시지를 표현하고 있는데, 특히 손 모양으로 메시지를 전달하는 방법을 수인(手印)이라고 합니다. 이 수인이 각기 다른 것은 전하고자 하는 메시지가 다양하기 때문입니다.
​
각 사찰에는 석가모니부처님 외에 다양한 부처님을 모시고 있다는 사실을 알고 계실 것입니다. 건물의 현판을 보면 어느 부처님이 모셔져 있는지를 알 수 있습니다. 대웅전에 모셔진 불상은 석가모니이고 극락전·아미타전·무량수전에는 아미타불이, 약사전에는 약사불이, 미륵전·용화전에는 미륵불이, 대적광전·화엄전·비로전에는 비로자나불이 봉안되어 있습니다.
​
그리고 현판 외에 불상의 손 모양을 보고 어느 부처님인지, 어느 보살님인지를 알아볼 수 있습니다. 불·보살님들은 각자 독특한 수인과 계인(契印)을 하고 계시기 때문입니다. 계인이라는 것은 수인과는 또 다르게 손에 무언가를 들고서 자신의 특징을 나타내 주시는 것을 말합니다.
​
석가모니부처님의 손 모양은 주로 선정인, 항마촉지인, 전법륜인, 시무외인, 여원인이라는 다섯가지 수인을 기본으로 합니다. 수인은 불·보살의 생애와 역사, 교리적인 의미까지도 내포하고 있기때문에 불·보살의 이름과 그 교학까지도 짐작케 해주는 역할을 합니다.
​
지권인(智拳印)이나 법계정인을 한 불상은 비로자나불로서 그의 특징과 가르침을 형상화한 손 모양이며, 아미타불을 나타내는 손 모양은 미타품인이라 하여 9가지의 성품을 지닌 모든 중생을 다 구제하고자 하는 의미를 담고 있습니다. 그리고 약사불은 약함을, 관음보살은 정병이나 꽃을, 지장보살은 보륜이나 석장을, 신장들은 금강저나 보탑 등을 한 손에 든 계인을 취하고 있습니다.
​
이처럼 불·보살님들의 손 모양과 들고 있는 물품이 각기 다른 이유는 여러 불·보살님들이 다양한 메시지를 중생들에게 전하고자 하는 마음이 표현된 것으로, 현대의 수화(手話)처럼 비록 말 못하는 불상이지만 지금의 중생들과도 소통하고 가르침을 전달하고픈 불·보살님의 깊은 의도가 담겨있다고 볼 수 있습니다.
[불교신문3595호/2020년7월4일자]
​
[네이버 블로그] 금호김영집
https://m.blog.naver.com/yjsjhs
https://m.blog.naver.com/arangjoeul
https://m.blog.naver.com/bwiwd
​
https://story.kakao.com/kumhokyj/3LAXMT7skN9
​
https://story.kakao.com/kumhokyj/1Iu331dHPN9
​
https://story.kakao.com/kumhokyj/H3FdLP94Roa
​
https://story.kakao.com/kumhokyj/b1g5gi8kwn0
​
ㅡ” 문자/철자 →단어 →문장 →문단 →글  →문장 “속에는 고래적 과거에서도 법률적인 ‘사람와 사람’간의 관계關係가 들어가있었고,
그 인간관계에 속에 ‘업종와 직종&벌인일와 하는일‘에서의 Work業업Job와 일’Business’Industry에 관련된 금융Monetary‘통화' 시스템Currency와
Money錢돈Cash가
걸려있었다.
​
ㅡ관계關係란 ?.
>>둘 이상의 사람, 사물, 현상이 서로 관련을 맺고 있는 상태. 빗장 관(關)과 이을 계(係)로 이루어져,
서로 닫고 여는 빗장처럼 연결되어 있다는 의미를 내포. 출처‘대한민국 정책브리핑
>關 (관계할 관/빗장 관): 문빗장, 잠그다, 관계하다 /
係 (이을 계): 잇다, 매다, 연결하다. 출처’나무위키
>關(관): '문(門)'을 빗장으로 닫는다는 뜻에서 파생되어, 서로 닫혀 있거나 얽혀 있는 관계.
>係(계): 사람(亻)이 이어져(系) 있다는 뜻.
서로 묶여 있는 유기적인 연관성을 나타냄. 대한민국 정책브리핑
>즉, 關係(관계)는 서로가 서로에게 영향을 주고받거나 연관되어 있는 상태.
​
ㅡ문자 (Character/Letter): 언어의 소리나 뜻을 기록하는 가장 작은 기호 단위. (예: 한글 'ㄱ', 영어 'A', 한자 '日')
>>글자 (Letter/Character): 문자와 혼용되기도 하나, 주로 소리를 나타내는 문자(letter)나 뜻을 가진 글자(character)를 통칭.
>>철자 (Spelling): 단어를 구성하는 알파벳이나 문자들의 배열입니다.
예: 'Apple'의 철자는 A-p-p-l-e입니다.
>>단어 (Word): 하나 이상의 글자가 모여 의미를 가지는 독립된 언어 단위.
>>문장 (Sentence): 단어들이 모여 주어와 동사를 갖추고 완전한 생각이나 의미를 전달하는 최소 단위.
마침표(.), 물음표(?) 등으로 끝남. YouTube
>>한국어와 영어의 구성 비교
>영어: 알파벳(문자)이 모여 철자를 이루고,
철자가 모여 단어가 되며, 단어들이 모여 문장이 됨.
>한글: 자음과 모음(문자)이 모여 하나의 글자(음절)를 이루고, 글자가 모여 단어가 됨. YouTube
>>언어별 특징
>영어: 26개의 알파벳을 기반으로 하며, 대소문자(Uppercase/Lowercase) 구분이 중요.
>한자 (Chinese Characters): 표의문자(뜻글자)로, 각 글자 자체가 하나의 의미를 가짐. 한글 텍스트 내에서 의미를 명확히 하기 위해 혼용. Oracle Help Center
>>문장을 구성하는 핵심 요소:
주어(S), 동사(V), 보어(C), 목적어(O), 수식어(M)
​
ㅡ음와 양, 해와 댤, 흑와 백, 낮과 밤, 빛와 그림자.
>>옛 속담에,
•(산의 높이가 골짜기의 깊이와 비례하듯, 뜻이 크고 높으면 생각이나 고뇌도 깊다)산이 높으면 골이 깊다. /
[급격한 상승이나 번영 후에는 그만큼 깊은 하락이나 시련이 찾아온다는 의미로 긍정적인 면(빛)이 강할수록 그 이면의 부정적인 면(그림자) 역시 짙어진다는 교훈적 의미로 사용 & 주식이나 상황 변화에 대한 경계로도 자주 쓰임. 나무위키]빛이 밝을수록 그림자는 어둡다.
•(Peak‘피크)산봉우리와 [谷골 곡: 골짜기, 산 사이의 패인 곳 ]溪谷계곡(시내溪가 흐르는 골짜기谷, 谷間곡간: 골짜기 사이. 출처:사이버서당)
•Valley: 가장 일반적인 골짜기, 계곡
•Gorge’Canyon: 좁고 깊은 골짜기‘협곡
•Hollow: (산속의)움푹한 곳‘작은 골짜기
•Gulch: (주로 미국 서부)좁고 깊은 골짜기
>골짜기 사이로 물이 흐르는 모습을 본뜬 상형문자에서 유래 /기상용어로 기압골(氣壓谷)과 같이 움푹 패인 곳을 뜻할 때도 谷을 사용. 출처:사이버서당
>>陰陽五行
>동양 철학의 기초로, 우주 만물의 변화를 대립과 조화의 음양陰陽과 목木‘화火’토土‘금金’수水 다섯 가지 기운.
>동양 철학의 핵심인 음양(陰陽) 사상을 가장 잘 나타내는 대립적이고 보완적인 자연 현상과 개념들.
해/낮/양과 달/밤/음은 서로 조화를 이루는 관계.
>해 (陽 - 양): 빛, 열기, 낮, 따뜻함, 남성, 앞면, 남쪽, 능동적인 힘을 상징
>달 (陰 - 음): 어둠, 한기, 밤, 차가움, 여성, 뒷면, 북쪽, 수동적인 힘을 상징
>음양 (陰陽): 우주 만물이 두 가지 상대적인 기운(음과 양)의 대립과 조화를 통해 존재한다는 원리
>흑백/낮밤: 낮과 밤처럼 서로 대응하는 자연 현상에서 출발하여, 밝음(낮)과 어둠(밤)의 상대적인 관계를 나타내는 흑백 논리처럼 우주의 본질적인 극성을 의미. namestory.kr
​
ㅡSUN&
MOION와
해오름&달오름.
>>일출: 해돋이, 해가 뜸, 日出 /
일몰: 해넘이, 해가 짐, 日沒. 출처:Wikipedia
>>해돋이의 日出일출Sunrise(태양의 맨 윗부분이 수평선이나 지평선에 처음 나타나는 순간)와
해넘이의 日沒일몰Sunset(태양의 맨 윗부분이 수평선이나 지평선 아래로 완전히 내려가 사라지는 순간)
>새해/명소: ""동해안 정동진에서 2026년 첫 일출을 보며 소원을 빌었다.""
>풍경/여행: ""제주도 서쪽 바다에서 붉게 물드는 일몰을 감상했다.""
>시간 정보: ""내일 서울의 일출 시각은 오전 6시 30분, 일몰은 오후 7시입니다."" 나무위키
>>달의 위상별 한자 및 영어 정리
>초승달 (初生달,초생달), Waxing Crescent
Moon
(차오르는 모양)
>상현달 (上弦달 - 반달), 상현上弦, First Quarter
Moon
(상현반달)
>보름달 (望/滿月), 망 (望), 만월滿月, Full
Moon
>하현달 (下弦달 - 반달), 하현下弦, Third Quarter
Moon,
Last Quarter
Moon
>반달 (Half Moon): 상현과 하현을 통칭하여 부를 때 사용하며, 1/4씩 찼다는 의미(=Quarter
moon)
>Waxing: 달이 차오르는 것 (초승달~보름달) &, Waning: 달이 기우는 것 (보름달~그믐달)
>” ‘(어떤 방해에도 진실과 민주화는 온다는 관용구로 인용 /거꾸로 강을 거슬러 오르는 저 힘찬 연어들처럼‘강산에의 노래 ‧ 1998년 /검단사거리 맛집 등 '새벽닭 옛날통닭'과 같은 옛날 통닭 전문점 상호명 )‘닭의 목을 비틀어도 새벽은 온다’ “
•새벽닭은 빛에 민감한 수탉이 어두운 새벽(보통 4~5시)에 송과체 호르몬 분비로 동쪽의 빛을 감지해 우는 것을 의미하며 아침을 알리는 상징으로 사용)
>강산에의 노래 '거꾸로 강을 거슬러 오르는 저 힘찬 연어들처럼'과 김영삼 전 대통령의 명언 '닭의 목을 비틀어도 새벽은 온다'는 표면적으로는 서로 다른 맥락(예술 vs 정치)에서 나왔지만, ""가혹한 시련과 압박 속에서도 굴하지 않고 나아가면 결국 진실과 정의(희망)가 승리한다""는 핵심 주제의식에서 깊은 연관성을 가짐.
​
ㅡ도시의 구분.
>규모와 인구수에서의 구분: 시티(City), 타운(Town), 빌리지(Village)
>발전 수준: 시티(최고) > 타운 > 빌리지(최저)
>행정 구분(미국 예시): 카운티(County) 아래에
시티, 타운, 빌리지가 포함되는 구
>(주상복합 &)APT아파트가아닌,
•일반 1세대 단독주택
•다가구주택: 3층 이하&19세대 이하
•다중주택: 3층 이하, 연면적 660㎡ 이하. 하숙집 형태, 취사 시설 설치 불가
•연립주택: 4층 이하, 연면적 660㎡ 초과
•빌라(다세대주택): 4층 이하, 연면적 660㎡ 이하
•주거용 오피스텔 (아파텔)
•도시형 생활주택
•기숙사/고시원
​
[네이버 블로그] 금호김영집
https://m.blog.naver.com/yjsjhs
https://m.blog.naver.com/arangjoeul
https://m.blog.naver.com/bwiwd
​
https://story.kakao.com/kumhokyj/3LAXMT7skN9
​
https://story.kakao.com/kumhokyj/1Iu331dHPN9
​
ㅡ강남빌딩(세종시‘마음로 272-9)와 강남358타워(구,덕흥빌딩. 서초구 강남대로 363. 서울강남구 역삼동 826-14) /[ 약수Divisor/Factor; 어떤 수를 나머지 없이 나누어떨어지게 하는 수입니다. 1은 모든 수의 약수이며, 모든 수는 자기 자신을 약수로 가집니다. 약수 구하기는 곱셈식, (약수 1, 3, 9, 17, 51, 153 총 6개의 )153’일오삼’와 ]158‘일오팔‘{ 157보다 크고 159보다 작은 자연수. 합성수로, 소인수분해하면 2×79, 약수는 1, 2, 79, 158로 총 4개이며, 이들의 합은240(<316=2×158) }
ㅡ미래엔; 대한민국의 교과서 전문 출판사. 전신인 대한교과서까지 포함한다면 교과서 전문 출판사 중에서도 가장 역사가 오래된 곳. 미래엔 컬쳐그룹‘미래엔서해에너지’전북도시가스 계열사. 국정교과서(충남연기군 동면 내판리 산 25-1, 현 세종특별자치시 연동면 내판리 152번지)
ㅡQMIR(큐미르; 아소비교육이 만든 초등 3~6학년 전문 읽기 전략 브랜드로, 문해력 향상과 구조적 읽기를 통해 학습 자신감을 높이는 특허받은 교육 프로그램)
ㅡ미르‘
MIR[용龍의
우리말 고어, 미리내(은하수, 용이 사는 강이라는 뜻)와도 관련 /’러시아어 '
Mir'
(평화/세상) /가수 미르‘방철용; 2009년 엠블랙(
MBLAQ)으로
데뷔한 래퍼, 현재 유튜브 및 방송 활동을 하는 유튜버 /미르의 전설 2/4: 위메이드의 장수 무협
MMORPG
게임 시리즈, 최신 업데이트와 이벤트를 활발히 진행 중. /스튜디오미르: 넷플릭스 등 글로벌 시장을 주력으로 하는 대한민국의 애니메이션 제작사 ]
ㅡ(용암마을의 영남용바위와 고흥우주발사전망대 두 지점을 연결한 &용을 뜻하는 순우리말인 미르와 꼭대기‘정상을 의미하는 마루가 합쳐진 지명)미르마루길 용바위하늘길(전남고흥군 영남면 우천리 산155-2 하이킹코스) ]
ㅡ한미르; 청신레저㈜ 한미르대덕CC(대전유성구 테크노중앙로 210)와 [대전유성구 테크노중앙로 123 3층 식당가 ]Chai797 Plus 대전현대아울렛 &모던차이(문지로299번길 86-5 중국집)‘왕궁중화요리(엑스포로539번길 245)’이비가짬뽕(대전관평동)‘몽콕(대전관평동베이징덕, 홍콩식)‘미몽 대전관평점(대전관평동짜장면, 중국집)‘(세종시나성동의 청미관와 우미관(구즉로 89-1, 대전유성구중국집, 중식)‘중국성(대전짜장면, 중국집,대덕구 신탄진로 236)‘삼백도(대전관평동짜장면, 중국집, 유성구 관들3길 33)
ㅡPURPLANG; 세종 고운동 위치 프리미엄 영수학원.
학원 내 (고대 그리스 문헌 등에서 실제 존재하는 동물처럼 묘사된 것이 시초이며, 이후 중세 유럽 등에서 전설적인 동물/유니콘은 현실에 없지만, 일각고래(Narwhal)가 '바다의 유니콘'으로 불리기도 /유니콘은 신화와 동화 속에서 꿈과 희망을 상징하는 대표적인 환상종 )유니콘 테마: 학원 내에서 'Rainbow purple unicorn', 'Santa Unicorns' 등 유니콘을 테마로 한 프로그램이나 팀 이름을 사용. 스토리텔링 장치를 통해 아이들과 유니콘의 우정을 다루는 감동적인 교육 환경을 제공
ㅡ몬스터MONSTER(상상 속의 괴물·마물, 또는 엄청나게 크거나 성능·효과가 굉장한 물건을 지칭하는 단어; 1 영화; 2 드라마; 3 음악; 4 우라사와 나오키의 만화; 5 기타; 6 영화 /충남보령시 청라면 내현리 514-12 그린몬스터즈 /
GENTLE
MONSTER
SHINSEGAE DEPARTMENT STORE DAEJEON(선글라스 판매점, 유성구 엑스포로 1) /몬스터커피 대전도안우미린점(커피숍/커피 전문점, 서구 원도안로 51 성광타워) /시애틀몬스터1706 SEATTLEMONSTER1706(그릴, 충남아산시 둔포면 아산밸리중앙로 80-26) /몬스터팩토리(금속 공방, 유성구노은동로75번길 89)
ㅡ매디캐치[의원’내과‘세종NS타워‘세종시고운동1378 /(주)메디캐치(경기 군포시 산본로, 표준산업분류, 의료기기 도매업G46592)
ㅡ메디치가(이탈리아어:
Medici;
13세기부터 17세기까지 피렌체에서 강력한 영향력이 있었던 귀족 가문) 마이스터 마이스 마이카 베네치아가문[주로 동방 무역으로 막대한 부를 쌓아 공화국의 도제(통치자)와 귀족을 독점했던 상인 귀족층]
ㅡ베니스(Venice)와 베네치아(Venezia)
•이탈리아 북부에 위치한 동일한 물의 도시를 가리키며,
언어적 차이일 뿐 실질적인 차이는 없음. 영어로는 베니스, 이탈리아어로는 베네치아.
•베네치아 (Venezia): 이탈리아어 현지 명칭
•베니스 (Venice): 영어권에서 부르는 명칭
•특징: 유네스코 세계문화유산으로, 자동차나 자전거 없이 배와 도보로만 이동하는 독특한 수로 도시로, 같은 곳을 뜻.
ㅡ베네치아의 주요 가문 및 특징
>정치 및 도제 배출 가문: 파르테치아코 가문 (Parteciaco): 9~10세기 수많은 도제와 성직자를 배출한 초기 핵심 가문.
>단돌로 가문 (Dandolo): 4차 십자군 전쟁을 주도한 엔리코 단돌로 등 도제를 배출한 명문가.
>콘타리니 가문 (Contarini): 베네치아의 핵심 지배 귀족 가문 중 하나.
>로레단 가문 (Loredan), 피사노 가문(Pisano), 브라가딘 가문(Bragadin): 15~16세기 번영을 이끈 주요 귀족들.
>마닌 가문 (Manin): 베네치아 공화국 최후의 도제를 배출한 가문.
상인 가문:
>폴로 가문 (Polo): 마르코 폴로를 배출한, 동방 원정 무역으로 명성을 얻은 가문.
>지배 구조와 변화:
•귀족 독점: 1297년 대회의 폐쇄(Serrata) 이후, 특정 가문들만이 도제 선출 및 주요 공직을 독점하는 폐쇄적인 구조 확립.
•몰락과 신흥 가문: 17세기 이후 무역 감소로 전통 귀족들이 몰락하고, 돈을 내고 귀족 지위를 산 신흥 가문들이 등장. Wikipedia
•베네치아의 귀족들은 화려한 가면 무도회 문화(베네치아 카니발)를 즐기며 상업과 예술의 중심지를 아끔.
​
온라인 페북에서 수많은 이쁜뇨자들이, 줄을서서 대기하고있단다!.
이쁘기만허면 뭐한다냐?.
정적둘와 원수들까지도 이구동성이심전심 한마음한뚯으로 그 효용가치없고 양양가없고 쓰잘데기없고,
그 무의미한짓 그만 두란다!.
지금 상황에 이쁘기만것은 쓰잘데기없고 필요하지도않어….. 누구 말대로….나도 알어…이쁘뇨자둘은 널려있는거….
​
인간은 “문자/철자 →단어 →문장 →문단 →글  →문장”의 다름을가지고도 “ 선와 악의 분별삼“때문에 어느쪽 어느편 어느사람들은 이전투구의 진흙탕싸움‘아귀다툼정도가아니라 피비린내나는 목숨을 건 사생결단의 투쟁을한다.
​
세상사람들은 ” 陰陽의 조화를 이야기하고 &빨주노초파남보의 Rainbow무지개색은 어울려야(조화를 이루어야) 아름답다 “말하며 “ 다름은 틀림이 아니다 ”라고 말해놓고, 정작 인간둘은 위 다름때문에 말로하는 이전투구의 진흙탕싸움‘아귀다툼정도가아니라,
피비린내나는 목숨을 건 사생결단의 투쟁을 ‘자국의 같은 관계와의 내전’와 ’타국의 다른 관계와의 전쟁‘을 통하여 ‘자신과의 다름’을가지고,
온세상을 ‘피바다를 만드는 생지옥의 연옥’의 상황을 만들어놓고 싸운다.
​
陰陽五行이 무엇이고 Rainbow무지개는 어떤 관계이길래, 어떤 관계맺음 속의 관계설정때문에 온세상을 ‘피바다의 생지옥’연옥의 상황을 만들어놓고 인간은 싸우고있는가?.
​
[네이버 블로그] 금호김영집
https://m.blog.naver.com/yjsjhs
https://m.blog.naver.com/arangjoeul
https://m.blog.naver.com/bwiwd
​
https://story.kakao.com/kumhokyj/3LAXMT7skN9
​
https://story.kakao.com/kumhokyj/1Iu331dHPN9
​
https://story.kakao.com/kumhokyj/H3FdLP94Roa
​
https://story.kakao.com/kumhokyj/b1g5gi8kwn0
​
ㅡ” 문자/철자 →단어 →문장 →문단 →글  →문장 “속에는 고래적 과거에서도 법률적인 ‘사람와 사람’간의 관계關係가 들어가있었고,
그 인간관계에 속에 ‘업종와 직종&벌인일와 하는일‘에서의 Work業업Job와 일’Business’Industry에 관련된 금융Monetary‘통화' 시스템Currency와
Money錢돈Cash가
걸려있었다.
​
ㅡ관계關係란 ?.
>>둘 이상의 사람, 사물, 현상이 서로 관련을 맺고 있는 상태. 빗장 관(關)과 이을 계(係)로 이루어져,
서로 닫고 여는 빗장처럼 연결되어 있다는 의미를 내포. 출처‘대한민국 정책브리핑
>關 (관계할 관/빗장 관): 문빗장, 잠그다, 관계하다 /
係 (이을 계): 잇다, 매다, 연결하다. 출처’나무위키
>關(관): '문(門)'을 빗장으로 닫는다는 뜻에서 파생되어, 서로 닫혀 있거나 얽혀 있는 관계.
>係(계): 사람(亻)이 이어져(系) 있다는 뜻.
서로 묶여 있는 유기적인 연관성을 나타냄. 대한민국 정책브리핑
>즉, 關係(관계)는 서로가 서로에게 영향을 주고받거나 연관되어 있는 상태.
​
ㅡ문자 (Character/Letter): 언어의 소리나 뜻을 기록하는 가장 작은 기호 단위. (예: 한글 'ㄱ', 영어 'A', 한자 '日')
>>글자 (Letter/Character): 문자와 혼용되기도 하나, 주로 소리를 나타내는 문자(letter)나 뜻을 가진 글자(character)를 통칭.
>>철자 (Spelling): 단어를 구성하는 알파벳이나 문자들의 배열입니다.
예: 'Apple'의 철자는 A-p-p-l-e입니다.
>>단어 (Word): 하나 이상의 글자가 모여 의미를 가지는 독립된 언어 단위.
>>문장 (Sentence): 단어들이 모여 주어와 동사를 갖추고 완전한 생각이나 의미를 전달하는 최소 단위.
마침표(.), 물음표(?) 등으로 끝남. YouTube
>>한국어와 영어의 구성 비교
>영어: 알파벳(문자)이 모여 철자를 이루고,
철자가 모여 단어가 되며, 단어들이 모여 문장이 됨.
>한글: 자음과 모음(문자)이 모여 하나의 글자(음절)를 이루고, 글자가 모여 단어가 됨. YouTube
>>언어별 특징
>영어: 26개의 알파벳을 기반으로 하며, 대소문자(Uppercase/Lowercase) 구분이 중요.
>한자 (Chinese Characters): 표의문자(뜻글자)로, 각 글자 자체가 하나의 의미를 가짐. 한글 텍스트 내에서 의미를 명확히 하기 위해 혼용. Oracle Help Center
>>문장을 구성하는 핵심 요소:
주어(S), 동사(V), 보어(C), 목적어(O), 수식어(M)
​
ㅡ음와 양, 해와 댤, 흑와 백, 낮과 밤, 빛와 그림자.
>>옛 속담에,
•(산의 높이가 골짜기의 깊이와 비례하듯, 뜻이 크고 높으면 생각이나 고뇌도 깊다)산이 높으면 골이 깊다. /
[급격한 상승이나 번영 후에는 그만큼 깊은 하락이나 시련이 찾아온다는 의미로 긍정적인 면(빛)이 강할수록 그 이면의 부정적인 면(그림자) 역시 짙어진다는 교훈적 의미로 사용 & 주식이나 상황 변화에 대한 경계로도 자주 쓰임. 나무위키]빛이 밝을수록 그림자는 어둡다.
•(Peak‘피크)산봉우리와 [谷골 곡: 골짜기, 산 사이의 패인 곳 ]溪谷계곡(시내溪가 흐르는 골짜기谷, 谷間곡간: 골짜기 사이. 출처:사이버서당)
•Valley: 가장 일반적인 골짜기, 계곡
•Gorge’Canyon: 좁고 깊은 골짜기‘협곡
•Hollow: (산속의)움푹한 곳‘작은 골짜기
•Gulch: (주로 미국 서부)좁고 깊은 골짜기
>골짜기 사이로 물이 흐르는 모습을 본뜬 상형문자에서 유래 /기상용어로 기압골(氣壓谷)과 같이 움푹 패인 곳을 뜻할 때도 谷을 사용. 출처:사이버서당
>>陰陽五行
>동양 철학의 기초로, 우주 만물의 변화를 대립과 조화의 음양陰陽과 목木‘화火’토土‘금金’수水 다섯 가지 기운.
>동양 철학의 핵심인 음양(陰陽) 사상을 가장 잘 나타내는 대립적이고 보완적인 자연 현상과 개념들.
해/낮/양과 달/밤/음은 서로 조화를 이루는 관계.
>해 (陽 - 양): 빛, 열기, 낮, 따뜻함, 남성, 앞면, 남쪽, 능동적인 힘을 상징
>달 (陰 - 음): 어둠, 한기, 밤, 차가움, 여성, 뒷면, 북쪽, 수동적인 힘을 상징
>음양 (陰陽): 우주 만물이 두 가지 상대적인 기운(음과 양)의 대립과 조화를 통해 존재한다는 원리
>흑백/낮밤: 낮과 밤처럼 서로 대응하는 자연 현상에서 출발하여, 밝음(낮)과 어둠(밤)의 상대적인 관계를 나타내는 흑백 논리처럼 우주의 본질적인 극성을 의미. namestory.kr
​
ㅡSUN&
MOION와
해오름&달오름.
>>일출: 해돋이, 해가 뜸, 日出 /
일몰: 해넘이, 해가 짐, 日沒. 출처:Wikipedia
>>해돋이의 日出일출Sunrise(태양의 맨 윗부분이 수평선이나 지평선에 처음 나타나는 순간)와
해넘이의 日沒일몰Sunset(태양의 맨 윗부분이 수평선이나 지평선 아래로 완전히 내려가 사라지는 순간)
>새해/명소: ""동해안 정동진에서 2026년 첫 일출을 보며 소원을 빌었다.""
>풍경/여행: ""제주도 서쪽 바다에서 붉게 물드는 일몰을 감상했다.""
>시간 정보: ""내일 서울의 일출 시각은 오전 6시 30분, 일몰은 오후 7시입니다."" 나무위키
>>달의 위상별 한자 및 영어 정리
>초승달 (初生달,초생달), Waxing Crescent
Moon
(차오르는 모양)
>상현달 (上弦달 - 반달), 상현上弦, First Quarter
Moon
(상현반달)
>보름달 (望/滿月), 망 (望), 만월滿月, Full
Moon
>하현달 (下弦달 - 반달), 하현下弦, Third Quarter
Moon,
Last Quarter
Moon
>반달 (Half Moon): 상현과 하현을 통칭하여 부를 때 사용하며, 1/4씩 찼다는 의미(=Quarter
moon)
>Waxing: 달이 차오르는 것 (초승달~보름달) &, Waning: 달이 기우는 것 (보름달~그믐달)
>” ‘(어떤 방해에도 진실과 민주화는 온다는 관용구로 인용 /거꾸로 강을 거슬러 오르는 저 힘찬 연어들처럼‘강산에의 노래 ‧ 1998년 /검단사거리 맛집 등 '새벽닭 옛날통닭'과 같은 옛날 통닭 전문점 상호명 )‘닭의 목을 비틀어도ㅡ중략ㅡ
​
https://youtu.be/ULsPY9XhTfA?si=F3VZb-9VUe9CUiZ8
​
[네이버 블로그] 금호김영집
https://m.blog.naver.com/yjsjhs
https://m.blog.naver.com/arangjoeul
https://m.blog.naver.com/bwiwd
​
https://story.kakao.com/kumhokyj/3LAXMT7skN9
​
https://story.kakao.com/kumhokyj/1Iu331dHPN9
​
https://story.kakao.com/kumhokyj/H3FdLP94Roa
​
대전애서 북쪽관계‘마포하늘공원(서울특별시 마포구 하늘공원로 95)와
남쪽관계’대동하늘공원(대전광역시 동구 자양동 20-9)이,
남쪽관계‘(Booking.com,
https://www.booking.com
대전 게스트하우스 하늘 정원. 여행에 필요한 모든 것, 세계 최대 여행 사이트 Booking.com /인천광역시 중구 운서동 2848-6, 인천국제공항 하늘정원)하늘정원와
북쪽관계‘[jesusglory.kr,
http://www.jesusglory.kr
하늘영광교회 하늘영광 Copyright(c)하늘영광교회 All reserved.designed by 교회사랑넷 /
YouTube · 충일교회 하늘영광 찬양단 /하늘영광교회ㅡ서울특별시 강동구 ’대전광역시 서구 ‘천안시‘장로교회전북특별자치도 전주시 ‘군포시 ’경상남도 김해시 ‘인천광역시 서구 ’감리교회경기도 수원시 ’경기도 시흥시 ‘경기도 화성시 ’충청남도 보령시 ‘서울특별시 관악구]하늘영광‘와의 남북방향자리에
또다른 동서방향자리의 관계가 붙어서 관계의 조합을 달라하며
관계의 방향이 ’다중의 다층으로 중복되어 중첩된 관계‘를 형성하며,
자리마다 글자관계가 다툰다.
​
어찌하여 ’ 과거와 현재의 관계‘가 다투고있는가?.
​
돌아다녀도 반드시 법률적관계가 돌아다녀야한다.
돈이걸린 경제관계에서 자리와 위치가,
행정동‘법정동으로서 법률적인 자리와 위치 관계이어야함에도, 역으로 그 자리와 위치를 ‘ 비법률적인 관계를가져다가 &법률적관계를 비법률적관계로 만들어놓은 후 ‘,
이리저리 옮겨다니면서 (법률적인 인간와 일 &돈 )관계를 임의로 이쪽저쪽다른쪽에서 동시다발적으로&여러곳에서 상대뱡당사자본인이아닌 다른삼자들이 임의로‘함부로 뒤집고뒤바꾸어놓아 흐트려놓으며,
‘과거의기존의당초의 인간와 일 &돈 ’관계를 끊어놓고’망가트려놓아 “ 과거의 관계를 현재의 관계가 ” 뭉개고앉아 들어먹고깨먹은 “상황이다.
​
과거와 현재와의 ‘관계변화’에 든 관계설정,
’관계맺음의 확장성‘에 ‘일관성와 연관성’이 ‘사라진&깨진‘상황이다.
현대사회에서 ” 사람와 일 &돈 “관계는 모두 선택사항이아닌 반드시 의무적으로 법률적관계이어야하고,
어느쪽어느편어느사람들은 과거부터 이미 법률적인 경제관계였다.
​
오래전부터 주변의 인간관계가 ’다투는&싸우는‘ 상황을 알고서 “ 살아서 떠돌아다니는 산송장 만들지마라! ”떠들고있었다.
타인을 살아서 떠돌아다니는 산송장을 만들어 놓은 후,
무슨 관계를 맺고있고 &어떤 일을 벌여 놓은 후 어디에다 어느쪽 누구에게,
현대사회 법률적관계에서는 단순한 거짓말도 문제가되는 관계인데 더나아가 그 허위의 사기행위는 범죄행위를 넘어선 원수짓의 배신행위가되어 이적행위가되는 관계인데,
상대방당사자본인이아닌 다른이가‘삼자들이 인간관계를 훼손하여 신의와 의리를 져버리도록하고 &상도의와 상도리를 훼손햐여 경제관계를 망쳐놓는,
상황이지않은가?.
​
위 관계속의 상황은,
현대사회가아닌 고래적 옛날기록도 남아있지않아 구전으로&야사로 전해지는 ’고구려백제신라‘삼국시대때에도 이미,
원수짓의 배신행위와 이적행위 상황 속 관계때문에 과거에서나 현재에서나 이미 싸우며 다투고았지않았는가?.
​
https://youtu.be/ULsPY9XhTfA?si=F3VZb-9VUe9CUiZ8
​
옛말에 궁금하면 하는말 &가요노래에도 나오는가사,
산너머 산촌와 강촌에는 누가살고있나?.
그 산넘어로가는, 령(嶺)과 재(岾/峙,고개)는,
자리마다 위치가달라서, "" 관계의 방향이&관계맺음의 방향이 ""모두 다 같지않다.
어찌하여 그 같지않은 자리마다 다른 위치속에 든 관계를,
거짓임을 알고서도 속이고있는가?.
​
고개이름
령(嶺)과 재(岾/峙,고개)는 모두 산을 넘어가는 통로를 뜻하지만,
령(嶺)은 백두대간 등 험준하고 높은 큰 산맥을 넘는 주요 고개(예: 한계령, 문경새재)에 쓰이는 한자어입니다. 반면, 재(岾/峙)는 규모나 형태에 관계없이 두루 쓰이는 순우리말 표현입니다.
출처;전북의소리
​
1. 령(嶺) - 험준한 큰 고개
특징: 주요 산맥, 험하고 높은 고개에 주로 사용.
예시: 차령(車嶺), 추가령(追加嶺), 철령(鐵嶺), 한계령(寒溪嶺).
전북의소리
​
2. 재 (고개/령/치/현)
특징: 규모에 상관없이 널리 사용되는 고유어, 령(嶺)은 재의 한자 표기이기도 함.
​
형태:
재: 토박이말 (예: 대관령, 문경새재).
령(嶺): 험준한 산.
현(峴): 작은 고개, 낮은 고개.
치(峙): 주로 지명 뒤에 붙어 험준한 턱을 의미 (예: 웅치).
전북의소리
​
3. 차이점 요약
규모: 령 > 재 (대체로 령이 더 높고 험함).
성격: 령은 대간(大幹)의 주요 고개, 재는 일반적인 통로. 전북의소리
​
고개 이름은 령(嶺), 재(岾/峙), 현(峴), 치(峙) 등 한자 용어와 재, 고개, 목, 티 등 우리말이 섞여 다양한 형태를 띱니다.
한국민족문화대백과사전
​
https://youtu.be/ULsPY9XhTfA?si=F3VZb-9VUe9CUiZ8
​
[네이버 블로그] 금호김영집
https://m.blog.naver.com/yjsjhs
h
ttps://
m.blog.naver.com/arangjoeul
https://m.blog.naver.com/bwiwd
​
https://story.kakao.com/kumhokyj/1PUI9povMN9
​
https://story.kakao.com/kumhokyj/ILVc6fCVPoa
​
https://story.kakao.com/kumhokyj/1Iu331dHPN9
​
https://story.kakao.com/kumhokyj/H3FdLP94Roa
​
전화번호 끝자리번호 7036으로 아침새벽’방금ㆍ 예전에 당근에다,
토마토선별기 내놓았냐고 ㅡㅡㅡㅡ창원에서 묻고있다ㅡㅡㅡ??????ㅡㅡㅡㅡ과거의& 현재의 주변상황 상......단언컨데, 신분사칭의 사기다ㅡㅡㅡㅡ세상이아니라, 내 주변이 생난리다ㅡㅡ모르고해도 신분탈취도용의 신분사칭의 상황은,
현대사회나 태고의 고래적 고조선시대에서나...... 범죄행위이고 돈이걸린 거래에선,
자짓하면 원수짓으로 돌변한다.
이상한짓마라!.
​
ㅡ세종시의 다원와 유니헤어 &GNB와 대전시의 다인와 유니베라&GB가 관계가 갈라져,
배재대와 한밭대의 관계의 조합와 충남대와 KAIST의 관계의 조합이달라져 유성구관평동와 대덕구목상동이,
대전시 “ 중구오류동와 유성구봉명동의 브레인 ” &“ 서구 ’괴정동와 세종시의 차오름’와 ‘탄방동와 세종시의 애니하이AniHi’C&C미술학원‘ “에서의 같은글자관계에서의 관계의 조합이,
“ 대전 중구와 서구의 이탈리아팔롬비니커피의 다짐와 대전서구와 세종시(S와 Smail스마일 &K와 OK의 합성글자 )SOK세종속편한내과의 ’River Story‘의 감자와 ‘강 이야기‘의 강다짐 ”에서의 같은 이탈리아커피가,
‘할리스와 파스쿠니‘가 ‘팔롬비니와 파파죤스’관계가 갈라져 위 상황에 한 일레로,
‘S에스’문자관계에 ” 케이K의 글자자리 관계 ‘더케이THE K ‘팀케이TEAM K ‘K수학 ‘케이케이KK ‘(같은 대전중구에서의 HK와 대비되는 KH의 )권홍헤어KH hair ‘케이앤케이K&K ’KS ‘KR ‘KB ‘KD ‘KT……등등“이 붙어 &,
‘인도‘간디’인디아‘타지마할’반디‘잔뒤(디)’반딧불(이)’에 ’유황硫黃‘硫黃와 강황薑黃 &커리‘카리와 카레’ &CARA’KARA와 CASA‘CASAMIA‘….etc….글자관계가 더해져 서쪽의 이정와 이밥 &KT가,
동쪽의 권홍와 이가 &‘SKT와 (사람와 일 &돈에서의 관계의 조합이달라져 &)관계와 갈라져 다툰다.
​
[네이버 블로그] 금호김영집
https://m.blog.naver.com/yjsjhs
https://m.blog.naver.com/arangjoeul
https://m.blog.naver.com/bwiwd
​
https://story.kakao.com/kumhokyj/1PUI9povMN9
​
https://story.kakao.com/kumhokyj/ILVc6fCVPoa
​
https://story.kakao.com/kumhokyj/1Iu331dHPN9
​
https://story.kakao.com/kumhokyj/H3FdLP94Roa
​
ㅡ세종시의 멍게가와 대전시의 멍게골 &, 대전시의 (충남)충청도와 멍멍이’에 ‘뭉뭉이‘멍충이‘멍청이’멍청한‘멍청도…글자가 다툰고, 관계가 다툰다.
​
ㅡ그린에코‘Green Eco’
친환경 교육, 폐기물 처리, 재생 에너지, 산업용 냉난방 등 환경 및 지속가능성을 다루는 다양한 기관과 기업을 지칭.
사단법인 형태의 교육 센터(greeneco.kr)
쌍용C&E 자회사인 그린에코솔루션
배터리 원료 관련 에코프로 그룹사(PT. Green Eco Nickel)
(사)그린에코(강원도원주시)
Green Eco Holdings
그린에코사이클(주)
PT. Green Eco Nickel
Green Eco Technologies
그린카드
​
ㅡEvergreen[영원한Ever과 초록색Green, 상록수or상록 식물]
​
에버그린텍 제조업체 충청남도 공주시
(주)에버그린 청주시 · 13.6 km
에버그린영어 금남면 반곡리 49-14
에버그린 문화7길 7 · 11.4 km
(주)에버그린 유천동 · 26.7 km
에버그린 돈까스 전문식당 경기도 안양시
에버그린 미국 서부 요리 충청남도 천안시
주)에버그린비피 사직동
에버그린 대전광역시
에버그린요양원 비영리단체 충청남도 아산시
에버그린 대전광역시 동구
에버그린 아파트 대전광역시 서구
방송대대전에버그린 편의점 대전광역시
(주)에버그린농원 충청북도 청주시
에버그린텍 시공업체 대전광역시 중구
에버그린 모텔 충청북도 청주시 · 24.0 km
에버그린사회복지센터 사회 복지 센터 충청북도 청주시
에버그린펜션 휴양 주택 금산군
에버그린가구 가구점 익산시
에버그린대리점 도매업체 대전광역시 대덕구
(주)에버그린 공해방지시설 공사업체 충청북도 청주시 ·
에버그린펫클리닉 동물병원 전북익산시
EVERGREEN C&T CORPORATION 화학제품 제조업체 충청북도 청주시
(주)에버그린카페모모 카페 충청남도 천안시
에버그린수목장 공원묘지 안성시
(주)에버그린씨엔씨 회사 홍성군
에버그린캠핑장 충청남도 논산시
에버그린 청주시
세종그린(주) 폐기물 처리 서비스 대전광역시
에버그린 돈까스 전문식당 서울특별시 서대문구
(주)에버그린코리아 운송회사 서울특별시 종로구
에버그린빌라 충청남도 부여군
에버그린 아파트 충청북도 청주시
에버그린커튼장식 생활용품점 대전광역시
에버그린물산(주) 회사 충청북도 청원군
에버그린골프클럽 골프 연습장 경상북도 구미시
(주)에버그린건설 건설회사 전북특별자치도 완주군
에버그린 천안시
에버그린 휴양 주택 충청남도 태안군
에버그린조경개발(주) 조경사 충청북도 음성군
에버그린 아파트 전북특별자치도 익산시
에버그린인테리어 상점 무주군
에버그린월드 전북특별자치도 군산시
에버그린(주) 경기도 평택시
(주)에버그린 안성시
에버그린MNA 가구가 비치된 아파트 충청남도 예산군
(주)에버그린엔터프라이즈 무역 회사 경기도 용인시
에버그린플라워 꽃배달 충청남도 논산시
에버그린부동산 부동산 중개 사무소 충청북도 청주시 ·
에버그린클럽 골프장 대구광역시 남구
오리농장(에버그린) 농장 충청남도 홍성군
세종에버그린 서울특별시 송파구
(주)더블유에버그린 충청북도 진천군
아이지에이아산에버그린점 상점 아산시
에버그린영농조합법인 영농조합 충청북도 증평군
에버그린 평택시
​
ㅡ새종시고은동9단지 앞 굽네치킨 옆 (한자관계 어미 모) 母반챤이
롯데후레쉬델리Lotte Fresh&Deli(신선식품‘한끼반찬’건강식품)으로 자리를 옮기고 관계를 바꿨다.
위 반찬‘관계가 ’대전동구‘동대전농협 하나로마트(대전동구 인동 358)’자리의 ’반찬가게와 ‘(가양점‘동구가양2동38-22)커피에반하다‘관계가 신세계emart(에브리데이와 노브랜드 &emart24시편의점)에 붙어서,
“ ‘(위에 언급한 )Lotte Fresh&Deli’와 세븐일레븐(1989년 서울 송파구에 국내 1호점을 개점. 대한민국에 편의점 시대를 연 최초의 브랜드. 롯데그룹 계열사 주)코리아세븐이 운영. 전 세계 20개국에 걸친 글로벌 네트워크를 보유) &‘(여가에 또다른 편의점)GS25시’와 ‘GS더프레시THE Fresh’ “에서의 관계의 조합이 자리마다 달라서,
같은 ’편의점‘(중대형)
mart마트‘가
”주변관계가 달라서&관계맺음이 달라서“ 사기의 범죄행위 원수짓에 다툰다.
​
ㅡ대전에서 서구의 커피에반하다와 중구의 Venti커피가
” 다른구와 다른지역 &, 같은 ’편의점‘(중대형)
mart마트
“관계가 붙어 다툰다.
무슨 관계가 어디와 무엇이 달라서 다투고있는가?.
​
ㅡ커피에반하다
세종 소담점: 소담동 모아래미도리버시티 상가, 나성점: 나성동 갤러리벨류시티, 에비뉴힐점 (무인): 어진동 에비뉴힐, 정부세종청사점 (스마트): 어진동 도움6로 42 /,
대전둔산점: 대전 서구 대덕대로 229, 대전갈마점 (무인): 서구 갈마동 아트리움, 대전관평점: 유성구 관평동 우리은행점, 대전중촌점 (무인): 중구 중촌동, 기타 매장: 신흥동 신흥점, 용운동 대전대학교점, 가양점‘동구가양2동38-22, 대전안영점, 대전송강점,
​
ㅡVenti커피
대전 중구 보문로 258-1 (대흥동)대전산성점, 보문산로 37 (산성동)대전은행점, 중앙로164번길 35 (은행동)대전보문산점, 보문산공원로 486 (대사동)
​
노씨(노나라 魯氏; 주된 본관은 시조는 노용신(魯龍臣)의 강화(江華)가 대표적이며, 유래: 중국 주나라 무왕의 동생인 주공(周公)의 장남 백금(伯禽)이 노(魯)나라에 봉해지면서, 그 후손들이 나라 이름을 성으로 삼은 것이 시초, 출차 위키트리) &,
盧(밥그릇 노씨, 한국의 대다수 노씨盧’씨를 사용. 시조 노수盧穗이며, 魯‘씨는 ’盧‘씨와는 시조와 계통이 다른 별개의 성씨로, 노씨盧氏는 당나라에서 신라로 귀화한 노수盧穗를 도시조로하며, 그의 아홉 아들이 각지에서 득관하여 光州/光山광주‘광산’ 交河교하 ‘豊川풍천 ’안동 ‘경주 ’연일 ‘만경 ’곡산등 20여 개 이상의 본관이 있으며, 교하 노씨와 광주 노씨 &풍천 노씨가 가장 많다. 출차 위키트리)가 다툰다, 과거와 현재의 관계를 가지고……
​
대출안받어…..가아니라, 못받어….지금 말을 못해서 전화를 안받는게아니다….이상한짓마라!.
범죄행위에 원수짓이 더해진 그 거짓의 사기속에 든 관계설정….아~그만됐다고 전해라!. 정적들은‘원수들은 눈감고귀닫고 마녕 자빠져잔다냐!, 현재가아니라 지나간 과거까지 일거수일투족을 속속들이 캐고있다!.
​
[네이버 블로그] 금호김영집
https://m.blog.naver.com/yjsjhs
https://m.blog.naver.com/arangjoeul
https://m.blog.naver.com/bwiwd
​
https://story.kakao.com/kumhokyj/GKfkNfYWNOA
​
https://story.kakao.com/kumhokyj/1PUI9povMN9
​
https://story.kakao.com/kumhokyj/ILVc6fCVPoa
​
https://story.kakao.com/kumhokyj/1Iu331dHPN9
​
https://story.kakao.com/kumhokyj/H3FdLP94Roa
​
ㅡ대전‘유성구하기동 ‘GYM TOWN’다이소’자리의 ’칠갑산식당와 GNC‘GOLF’ &’(대전‘유성구 노은2동 665-3)오모리생바지락손칼국수‘에서 ‘(물고기’모양의 도안 )오투피싱’이 새로 생긴 후 ’ACE BED‘글자가 사라지고 &,
세종시고운동님측 ‘(스마트큐브1차‘건물옥상 위 )권투’와 ’홍구참숯불구이‘글자자리 ‘2H GYM’의 ‘홍복싱‘이 ’SOUL BOXING’쏘울복싱짐‘으로 글자를 바꿨다.
​
ㅡ대전‘서구 ‘워커스 호텔 대전월평 by 아늑‘와 ’컨티뉴호텔‘Dalsi‘글자자리의 ‘방사청’ 앞 대전시‘중구’동구의 관계가,
세종시로나간 ’충남논산의 탑정호’대전관계 ‘백제와 황산‘의 ’관촉사 석조미륵보살입상’와 ‘(주)가야곡주조‘가야곡 왕주(可也谷 王酒)’ &‘양촌‘에서의 ‘다올와 한울‘이아닌,
대전에 남아있는 ‘충남부여의 ’백마강‘의 ’(규암면백제문로 387)롯데아울렛’부여점‘와 (충청‘부여군규암면 백제문로 367 )한국전통문화대학교‘의 “ 강경근대문화거리와 ’(조선시대후기의 )조선 2대 포구, 조선 3대 시장’에서의 ’한얼와 다울’ ”자리 월평동에서,
[ ’AK와 솔레 &시크릿와 백두산사우나‘자리의 ‘편의점emart24시‘가 나간자리에 새로들어 선 ‘개빕밥파는 고양이‘자리에서는 보이지않는 ]빨강색의 ‘홍대개미와 홍대포차 &홈플러스익스프레스와 홈플러스‘의 삼성’이,
’Stay와 햑짬뽕 &조마루감자탕와 굽네치킨’의 갈마동네거리 “ (” 프랑스 소설가 생텍쥐페리 소설 '어린왕자'에 나오는 ‘코끼리를 삼킨 보아뱀’모습을 본뜬 이 조형물 “관계 )지구와 뱀 &여우와 조종사 ”와 진각종 &삼천리’Alton자전거‘와 ‘피자알볼로[ 수제 피클과 꾸덕한 갈릭디핑소스, 풍성한 토핑(sUPer포테이토 등)으로 유명 ]자리 ‘노랑색의 신세계’가,
신세계’이마트의 ‘BK와 두드림’이
삼성‘홈플러스의 ’AK와 시크릿‘와 관계가갈라져
“ 유성구신성동의 대덕‘BK가 유성구궁동의 로데오’시크릿 ”글자자리 관계와 다툰다.
​
ㅡ위 빨강색의 ’홍대개미와 홍대포차 &홈플러스익스프레스와 홈플러스의 삼성’이 ’콩나물국밥전문점 전주현대옥와 콩나물해장국‘이 아닌,
‘(
https://kr.tempur.com
)템퍼‘TEMPUR®침대’자리의 ‘(김가네시민고기국수신성점;유성구신성동 125-4 앞 탄동천건너편 )새븐일레븐‘이화수육개장와 은희네해장국’의 ‘육개장와 해장국’자리 관계로 바꿨다.
but, (서구 둔산동에 위치한 )정부대전청사(청사로 189)앞 지하철역네거리애서 ‘삼성와 이마트 &롯데하이마트와 삼성전자 &전자랜드와 LG전자‘가 모두 같은 관계이나,
“[ 대전지방국토관리청의 대만 글자자리 ’고반와 교반‘과는  또다른 관계, ‘대전교회‘참례회‘자리 “ 돼지고기’고기명작와 신호등장작구이 &월평돈800(썹씨)°C와 샤브샤브샐러드바’샤브명작 ”자리의 ]”월평자동차매매‘
M월드와
대전교통공사‘의 ’성심요양원와 성심장례삭장 &SMG/KRC와 대전장례식장’이,
롯데마트관저점’관저가구단지‘롯데하이마트’섬성전자‘롯데시네마’자리의 “ [ { 건양대학교建陽大學校, Konyang University논산시대학로 121 논산 글로컬캠퍼스' /논산 평생교육원:논산시대학로 121 건양대학교명곡정보관 /대전평생교육원:서구관저동로 158 건양대학교 간호학관 1층 /계룡평생교육원:계룡시신도안면 신도안 3길 72 &}서구 관저동로 158 ] ”대전 메디컬캠퍼스'자리의 ’건양대병원장례식장‘와,
대전서구 ‘대덕대로와 한밭대로‘를 사이에두고 (국가와 공공 기관 ’원‘부’처‘청’공단‘이 아닌 공사’관계 )교통공사‘도시공사‘주택공사’농어촌공사‘원자력수자원공사’한국전력공사‘석유공사’가스공사’철도공사…..etc….공사’에 &,
“ 정부’공공 기관‘원‘부’처‘청’공단 ”와의 ’관계의 조합‘에 든,
‘민관군…업종와 직종‘에서의 ’벌인일와 하는일’이 달라서 돈관계가 다르다.
​
ㅡ위 ’( 대전지방국토관리청의 대만’관계 글자자리 ’고반와 교반‘과는 또다른 관계 ‘대전교회‘침례회‘자리 “ 돼지고기’고기명작와 신호등장작구이 &’월평돈800(썹씨) °C‘와 샤브샤브샐러드바’샤브명작‘자리의 )월평자동차매매‘
M월드와
대전교통공사‘SM기업(주)‘자리의 ’성심요양원와 성심장례삭장 &SMG/KRC와 대전장례식장’의 ’도로와 철도 &항공와 선박’에서의 ‘교통‘이,
‘자동차’신차매장와 기계’전자의 전자제품대리점’자리와 ‘업종와 직종‘에서의 ’벌인일와 하는일’이 달라서(&돈관계가달라서 )법률적관계를 속이면 다툰다.
​
ㅡ서구의 (월평동 1276번지/월평새뜸로 8번길 61-17)혜성장로교가,
같은자리 월평동에서도 같은 개신교임에도,
‘월평자동차매매‘
M월드와
대전교통공사‘의 ‘(서구 월평동 103)대전교회’참례회‘의 자리와,
인간관계와 돈관계가 다르다.
​
ㅡ서구둔산동‘대덕대로 ’신세계아마트’맞은편 ‘Line Hotel와 삼성전자’자리의 ‘제천와 황태 &군단와 INDIA’글자자리의 ‘DH &,
세종시아름동 ’다짐와 열무네 &스퀘어38와 대쪽마루‘의 SDH &,
’( 대전지방국토관리청의 대만 글자자리 ’고반‘와는 또다른 관계 ‘돼지고기의 고기명작’이 ’신호등장작구이와 월평돈800(썹씨) °C‘로 글자를 바꾼자리의 )월평자동차매매‘
M월드와
대전교통공사‘자리의 ’성심요양원와 성심장례삭장 &SMG/KRC와 대전장례식장’의 SMG와 ‘S-Garden’ &,
중구선화동’NC백화점 앞 ‘아나바다와 NINE‘9’SPOT Hotel &소청1번가‘inter view’글자자리의 ‘S
market’
&,
•국내도서 ‘
https://product.kyobobook.co.kr‘
’S라인‘ 교보문고 2024. 1. 5.
“ S라인”은 '소셜'(Social), '소사이어티'(Society), '시크릿'(Secret) 라인의 약자다. 섹스(Sex)라인이라는 뜻이 물론 우선이다.
•헤럴드경제 ‘
https://biz.heraldcorp.com’
‘ 숨기고 싶은 은밀한 관계, 'S라인'으로 드러난다. ’.
헤럴드경제 2025. 7. 8. ‘S라인'은 성적 관계를 맺은 사람들 사이에 연결된 붉은 선, 이른바 S라인으로 인해 벌어지는 사건과 그 안에서 보이는 인간의 욕망, 진실을 담은 판타지.
​
ㅡ유성구봉명동에서의 ’( ’심청아배고파와 스카이뷰로드‘옆 &’
MAD
BLICK‘맞은편 )SOLIAN와 앤터펠리스 &[ (주)가양Gayang 의 ]자우리JAWOKRI Hotel’와 ‘500th Hotel’,
(같은 봉명동의 웰니스재활병원 옆 )자우리JAWOKRI Hotel와 대국건설 &아늑호텔와 HeyCoffee &‘(유성구장대동 )쌍용자동치정비소와 GNC Golf’의 ‘대국‘,
서구둔산동’교보문고 앞 ‘(고기명작의 )500th Hotel’와 ‘라미아레지던스호텔‘La
Mia
Residence Hotel‘ &‘달콤커피&TOWSOME PLACE’와 짬뽕관,
‘(중구대흥동의  )자우리JAWOKRI Hotel와 ‘(예산 조계종’수덕사말사 )정수사.
​
ㅡ위 호텔와 병원자리가 아래의 자리와 주변관계설정이&돈관계가 다르고 &,
(세종시금남면 발산리 342-1)추어명가의 ‘농협의 자전거와 농기계 &[ 전남순천시 ‘주)동부그린환경 및 동부화훼유통‘에서의 ]’동부그린와 YK Steel‘자리가,
[ 대전대덕구 상서동(신탄진로 512) ]김관식추어명장의 ’(위 농협와 같은 관계 )농협의 자리라도 ‘자동차와 오토바이 &(회덕역 )철도와 (대전광역시대덕구 장동로 9 )야하마CSC‘야마하중부지원센터’와,
같은 ’추어탕‘이라도 (앞에붙은 명칭’글자가 달라서)관계가 다르다.
​
[네이버 블로그] 금호김영집
https://m.blog.naver.com/yjsjhs
https://m.blog.naver.com/arangjoeul
https://m.blog.naver.com/bwiwd
​
https://story.kakao.com/kumhokyj/GKfkNfYWNOA
​
https://story.kakao.com/kumhokyj/1PUI9povMN9
​
https://story.kakao.com/kumhokyj/ILVc6fCVPoa
​
ㅡ九雲夢에서의 夢
• 서포‘김만중이 집필한 한국의 고전소설 한국문학
• 고려시대의 승려 일연선사의 저서인 삼국유사에 실려있는 '조신의 꿈'의 기본 틀을 활용 스토리를 확장한 소설.
전기적, 불교적인 성격으로 서술, 인생무상이라는 주제를 담음.
• 홀로 된 어머니 해평 윤씨[경상북도 구미시 해평면을 관향으로 하는 한국의 성씨. 시조는 고려 고종~원종 때의 무신 수사공 상서좌복야(守司空 尙書左僕射)를 지낸 윤군정尹君正. 선조 때의 명재상 윤두수,윤근수 형제는 서인의 영수]를 생각하는 마음이 각별한 효자였는데, 실학자 이규경의 주장에 따르면 따르면 김만중은 귀양지에서 어머니의 근심을 덜어드리기 위해 하룻밤만에 이 소설을 썼다고 함.
•한글본과 한문본을 포함해 50여 종의 이본 현존. 한글본과 한문본의 비중이 거의 같다.
•현대 중국이 세계에 자랑하는 조설근의 대작 소설 《홍루몽》과 비슷한 줄거리 형식을 지니고 있는 소설.
시기상으로 1740년 청나라에서 쓰인 《홍루몽》보다 1687년에 쓰인 《구운몽》이 더 앞섬. 일각에서는 《홍루몽》이 청나라에 수출된 '《구운몽》의 인기'로부터 어느 정도 영향을 받았을 가능성을 지적.
•원작내용;
성진이 팔선녀를 만나고 갔다 와서 향을 피우고 염송한다. 여기에 '밤이 이미 깊었더니'라고 구절이 있다. 그 후 갑자기 동자가 와서 육관대사에게 불려가 혼나고, 황건 역사한테 끌려 염라대왕한테까지 갔다가, 양 처사 집에 가서 양소유가 되기 전까지 시각을 알려주는 문구가 나오지 않는다. 꽤 많은 시간이 흘렀을 텐데 말이다. 나중에 성진이 다시 현세로 돌아왔을 때 '지는 달이 창에 이미 비치었더라'라는 구절이 나온다. 즉, 혼자서 고뇌하고 있었을 때부터 꿈이란 것이다. 그렇다면 양소유로 지내던 때뿐만 아니라 팔선녀가 절에 불려오고, 염라대왕한테 불려 가고 했던 것까지 전부 다 꿈이라는 것이다.
•이 소설은 매우 불교적인데,
삼국유사에도 실린 설화 ""조신의 꿈""에서 영향을 받았다함.
•김만중이 이 작품을 통해 전하고자 하는 뜻이 무엇인가에 대해서는 크게 세 가지 설.
-불교의 '공(空)' 사상을 이야기로 풀어낸 작품이라는 설
-'꿈 속에서는 양소유가 되어 유교 이상의 정점에 오르고 현실에서는 불교 이상의 정점에 오른다'는 내용을 통해 어느 세계관에서든 정점에 오르고 싶어 하는 양반들의 이상을 반영한 작품이라는 설.
-마지막으로 양쪽 모두를 주제 의식으로 품고 있다는 것.
​
ㅡ계룡산鷄龍山 쌀개봉 약 828m.
• 주봉 천황봉846.5m에 이어 두 번째로 높은 봉우리,
• 디딜방아의 쌀개 모양을 닮아 붙인 이름&” 鷄龍山의 의미가 ’ 천황봉~쌀개봉~삼불봉으로 이어진 바위 능선이 마치 닭벼슬을 쓴 용의 형상과 같다 “하여 붙여진 이름.
​
ㅡ계족산 (鷄足山)
•산의 모양이 닭 다리(닭발)를 닮았다고 하여 붙여진 이름.
•닭발산/닭다리산, 계족산의 다른 이름.
•봉황산: 산의 생김새가 봉황과 비슷하다고 하여 불리는 이름.
​
ㅡ연산오계連山烏鷄.
충남 논산시 연산면 화악리 일대에서 사육.
깃털, 피부, 뼈가 모두 검은 재래종 닭.
1980년 천연기념물 제265호로 지정.
귀한 한국의 보양식 재료. 일반 오골계와 달리 깃털까지 검고 발가락이 4개인 것이 특징. 약용과 식용으로 인기.
​
ㅡ금오산金烏山의 금오신화金鰲新話
•김시습이 조선 시대에 지은 전기소설.
조선 최초의 한문 소설집. 소설이란 장르로 치자면 우리 역사상 최초의 조선 제일의 판타지 문학소설.
•조선전기 학자·문인 김시습이 지은, 「만복사저포기」·「이생규장전」·「취유부벽정기」·「용궁부연록」·「남염부주지」 5편 우리나라 최초의 한문 단편 소설집.
창작 시기는 명종 연간으로 경주 금오산 용장사에 은거하면서 지었다는 설이 가장 유력.
​
ㅡ경북구미시의 1970년 한국 최초의 도립공원金烏山(976m); 아도화상이 노을빛에 물든 까마귀(태양의 정기)를 보고 이름 붙였다는 전설 &이칭/별칭; 명금산鳴琴山, 대혜폭포의 물소리가 산을 울린다 하여 붙여진 이름.
•Hote웨딩 Geumosan‘구미시 금오산로 400
• 금오[金烏; 태양 안에 살며 천상의 신들과 인간 세계를 연결하는 세 발 달린 까마귀, 삼족오三足烏(해를 상징하는 금오와 달에 사는 토끼를 묶어, 금오옥토金烏玉兎로 표현. 세월이나 해와 달을 의미)]
• 주변에 대혜폭포(大惠瀑布; 큰 은혜의 폭포') ‘명금폭포(鳴金瀑布; 쇠’금가 울리는 소리가 나는 폭포) ‘해운사(海雲寺; 바다 구름의 절) ’약사암(藥師庵; 약사여래를 모신 암자)가 있음.
• 대혈(大穴= 道詵窟도선굴을 이르는 다른 이름. 도선선사가 득도한 곳. 거대한 구멍이라 하여 통일신라 말 풍수지리의 대가인 도선국사가 이곳에서 도를 깨우쳤다고 하여 붙여진 이름& 고려 시대 야은 길재 선생이 은거했던 곳으로도 유명.
• 대혈大穴, 오아나; '큰 구멍'을 뜻.
경마 등에서 '엄청난 배당(이변)'이나 '깜짝 우승마(Dark horse)' /음식점 '오아나[ 다이애나; 도쿄 등지(타카다노바바, 야에스 등)에 위치한 인기 술집으로, 쇼와 시대 분위기에서 가벼운 술자리나 연회를 즐길 수 있는 곳 ]
​
ㅡ삼족오三足烏&세발까마귀.
•고대 동아시아 지역의 태양 속에 산다고 여겨졌던 전설의 새.
•해를 상징하는 원 안에 그려지며, 종종 달에서 산다고 여겨졌던 원 안의 두꺼비에 대응.
•신석기 시대 중국의 양사오 문화, 한국의 고구려 고분 벽화, 일본의 건국 신화 등 동아시아 고대 문화에서 자주 등장.
•일본 축구협회 엠블럼 '야타가라스(삼족오와 유사한 형태의 전설의 새)
​
ㅡ鳥와 溪 &鶴와 龍.
충북괴산군과 경북문경시에 걸친 조령산(鳥嶺山 1,026m) /경기도오산시 오산烏山 /국립오서산烏棲山‘자연휴양림(791m,충남보령시청라면 ’까마귀가 많이 서식하여 '까마귀의 보금자리‘ , 서해안의 등대역활) /대전의龍溪洞’鷄山洞‘鶴下洞‘충남공주鶴峯里‘九鶴山(충북제천시 백운면·봉양읍과 강원도원주시 신림면 경계 산. 학이 아홉 마리 있는 형상)
​
ㅡ포크와 나이프 &포크와 수저 &포크와 젓가락 &포크와 ""돼지 돈(돼지; 豚 = 月 + 豕。 「月」는 ""고기""를, 「豕」는 ""돼지""를 뜻)“.
(지리산&제주도 )흑돼지 먹돼지 제주도똥돼지 문경약돌돼지 지평선돼지 수평선돼지 돼지마을 돼지촌 착한돼지 돼지우리 돈돼지 다돼지 충전돼지 꿀돼지 꽃돼지….etc…
​
ㅡ” 돼지~ “글자자리가 생난리다.
​
ㅡ대전시의 공간와 대감 &세종시의 공감와 사감’에 오감와  육감 &통감와 꽂감 &홍시와 ㅅ
​
ㅡ(유성구봉명동 )송림와 Gmart &황우와 따봉 &INFRA와 스탕달호텔‘HOTEL’Stendhal &닥터부스터태닝‘
‘유스케어동(유성구봉명동536-8’번지)와 파피죤스‘아웃백 /(세종시아름동 )황소와 단비 &
MEXICANA와
GS25 /(유성구반석동 )
MEXICANA와
초근목피한의원 &(반석동 654-2번지)서리서리멸치국수전문점와
Mayhair
/(동구소랑길 64,삼성동104)반디와 (동구소제동299-88)대전버거‘taejonburger &(서구한밭대로570번길29-12)워커스호텔 대전월평by아늑‘와 워커스버거(동구새둑길180.세종시어진동 547, 세종시절재로 194, 대전동구 새둑길180, 전주완산구 마전중앙로22) /(동구성남동)쌈마이대패와 계림 &노브랜드‘Nobland와 쿠팡‘coupang’공임나라 /(동구용운동)쌈패와 이얀Ean &웰빙와 하나.
​
쌈패
부사동 261-6
도마동 142 20번지
지족북로66번길 82
가오동 은어송초교근처
백룡로 140
송촌동 506 5번지
쌈마이대패
가양동 404 4번지
유천동 186-1
도마동 23-18
상대동로36번길 59
판암1동 478-1
원도안로 47
성남동 503-14
대종로 624",https://blog.naver.com/yjsjhs/224253842275,전화통화 신분확인.말을못해서 말을하지않는게아니다,20260416,2026-04-27 16:35:21
