keyword,title,description,content,link,bloggername,postdate,crawled_at
★파스텔초코스위트(대,수입꽃 가득한 고급진 플라워 원데이 클래스ㅣ부산 대연동... ,이번 캔들리스는 보랏빛 색상으로 톤을 맞추셨다고 했는데 파스텔 톤이라 색감 조합이 너무너무... 꽃에서 초코향이 나더라구요 ! 조금 특별한 꽃들을 만나보고 싶다면 온아워 플라워 대 강 추 !!!!!!! 너무... ,"안녕하세요 - !
오늘은 ~~ 저의 취미생활을 소개해드리려고 합니다 !
예전에 꽃꽂이를 반년정도 배웠었는데
하면 할수록 재밌으면서도 어렵더라구요 ㅠㅠ
꽃도 너무 좋아해서 이번에는 단체수업이 아닌
1:1 플라워 클래스로 제대로 배워보고 싶어서
부산 대연동
'온아워 플라워'
에 다녀왔답니다 !
​
온아워플라워
부산광역시 남구 수영로220번길 41 1층
⏰
월 ~ 금 10:30 - 20:00 토 ~ 일 10:00 - 20:00
- 영업시간과 휴무일 유동적이니 전화문의 후 방문해주세요 !
*무인픽업가능
24시간 예약하신 꽃은 언제든지 무인픽업 가능합니다 :)
​
☎️0507-1316-8613
​
🚘건물 내 가게 전용 무료주차
매장 주변 주차 / 정차 가능
​
💵
촬영부케 / 본식부케
변동
한송이
8,000~15,000원
꽃다발
MINI 30,000원
꽃다발 S
50,000~70,000원
*꽃다발 M (best)
80,000~100,000원
꽃다발 L
130,000~200,000원
온리로즈 꽃다발
80,000~400,000원
센터피스/화기 & 달항아리 센터피스
변동
미니 꽃바구니
60,000원
기본 꽃바구니
80,000원
​
​
온아워 플라워는 대연역 5번 6번 출구 근처,
유엔교차로 근처에 위치해있어요 !
대중교통을 이용해도 가깝고.
저는 자차 이용했는데 건물 바로옆 주차장도 있어서
편하게 방문할 수 있었답니다 !
​
​
온아워플라워에 들어가자마자 가장 먼저 눈에 들어왔던 건
깔끔하게 정리된 화분들과 생화 쇼케이스였어요 !!
공간도 넓어서 여러명 클래스를 들어도 충분할 것 같더라구요 !
​
​
특히 꽃 상태도 정말 좋고,
제가 꽃꽂이 수업 들을 때 볼 수 없었던 종류의
다양한 꽃들이 많아서 너무 좋았습니다 !
사장님의 취향이 그대로 담긴 .. 꽃들 .. 💝
​
인테리어도 너무깔끔하고 예쁘죠 ㅠㅠㅠ
오브제들도 너무 예쁘고
깔끔하게 진열되어 있어
이런 꽃집이라면 .. 매일 방문할 수 있어 !
​
​
제가 오늘 들을 수업은 !!
캔들리스 입니다 !!
플라워 리스를 만들고 중간에
캔들을 놓아서 장식하는 방식인데요 !
​
​
이렇게 꽃꽂이 하면서 쓰일 필요 도구들을 모두 챙겨주셔서
몸만 달랑 다녀와도 됐었답니다 !!
​
​
캔들리스 만들기에 사용된 꽃들입니다 !
✔️ 수국
✔️ 스텔링장미
✔️옥스포드
✔️ 디디스커스
✔️ 콜롬비아 카네이션
✔️ 대륜
✔️ 초코 코스모스
✔️ 코와니
✔️아미초
✔️라넌큘러스
✔️ 튤립
✔️ 시레네
사장님께서 왜이리 무리하셔 ...
비싼 꽃들만 이렇게 준비해주시면..
나 정말 사랑밖에 드릴게 없서 !
꽃꽂이 배우면서 만져 볼 수 없던 꽃들을
사용해볼 수 있어서 넘 즐거웠던 클래스 ,..!
​
​
​
먼저 선생님이 꽃 꽂는 걸 보고
따라하는 방식으로 했었는데...
​
​
이게 선생님 작품 ...
​
​
이건 제 작품이세요..
이렇게 하다간 시간도 걸리고
꼼꼼하게 제가 하는걸 봐주기 힘들 것 같아
선생님꺼를 완성 시켜두고
제가 따라하면서
선생님이 잡아주는 방법으로 진행되었답니다 ..!
정말 꼼꼼하신 .. !💞
​
​
이번 캔들리스는 보랏빛 색상으로
톤을 맞추셨다고 했는데
파스텔 톤이라 색감 조합이 너무너무 예뻤어요!
사장님 안목 미쳤슨 .. !!!
​
​
섬세한 쓰앵님의 손길 ...!
플라워 클래스가 처음이시더라도
너무 걱정하지 마세요!
사장님이 너무너무너무너무너무 친절하시구..
따뜻하게 하나하나 잘 알려주셔요 !!
​
​
그리고 내 캔들리스에 꽃들 모양보다
사장님 꽃모양이 더 예쁘다 싶으면
꽂았던 꽃이라도 제꺼랑 바로 바꿔주시더라구요 ㅠㅠ
꽃이 모자라다 싶으면..
쇼케이스에서 더 꺼내주시기도 하구..!
이런 꽃집 또 없습니다 !!!!
​
​
처음에 모양 잡고, 플로랄폼 안 보이게
촘촘히 꽂는게 어려웠었는데
사장님 도움으로 여기까지 완성 !
​
​
​
저 잘했나요 .. ?
사장님 취향이 하늘하늘한 꽃들이라고 하셨는데
줄 맨드라미, 디디스커스 같은 여리여리한
친구들을 써서 흐르는 라인감이 잡혀서
넘 감성지고 예쁘더라구요!
​
​
아까 제가 적은 꽃들 말고도
버터플라이, 스토크, 스위트피 등
엄청 다양한 종류의 꽃들이 사용 됐답니다 !
사장님.. 혹쉬 아낌없이 주는 나무인가요..?
​
​
사장님 작품 !!!
클래스 중에 손님이 잠깐 오셔서
혼자 사진찍는 시간을 가져 보았습니다 ..!
꽃다발 포장 손님이셨는데
꽃다발 넘 예쁘다고 맘에든다고 하시는데
흘깃 보니.. 꽃다발도 넘넘 예쁘더라구요 !
​
⬇️⬇️⬇️⬇️⬇️⬇️⬇️⬇️
온아워플라워 | 부산꽃집 부산부케 • 부산남구꽃집 대연동꽃집 부경대꽃집 경성대꽃집 동명대꽃집 남구청꽃집(@on.our_flower) • Instagram 사진 및 동영상
팔로워 448명, 팔로잉 307명, 게시물 83개 - 온아워플라워 | 부산꽃집 부산부케 • 부산남구꽃집 대연동꽃집 부경대꽃집 경성대꽃집 동명대꽃집 남구청꽃집(@on.our_flower)님의 Instagram 사진 및 동영상 보기
www.instagram.com
더 다양한 디자인은 위의 인스타그램
참고해보셔요 !!!
​
​
꽃꽂이 할 때 제일 많이 쓰이는게
장미, 카네이션, 거베라 이런 종류뿐이었었는데..
이런 꽃들 조합은 어떻게 나오나요!! 너무 예뻐요 !!
저도 배우고 싶었는데 너무 힘들더라구요 !! 하면서
대화 신청(?) 드렸는데
사장님게서두 서울 왔다갔다하며 3년간 배우셨다구 했다 !
이게 바로 서울 플라워 클래스인가 .. !!!
너무 고급지잖아 ,,!!!!
ㄴ 당연함 ,, 고급진 수입산 꽃들 잔뜩임 ..,!
​
​
여기 까만 꽃들은 초코 코스모스라고
실제로 꽃에서 초코향이 나더라구요 !
조금 특별한 꽃들을 만나보고 싶다면
온아워 플라워 대 강 추 !!!!!!!
​
​
너무 맘에 들어서
요리 찍고 저리 찍고!
꽃 좋아하시는 분들이라면
꼭 경험해보셨으면 좋겠어요,, !
캔들리스 결과물 만드는걸 넘어서
꽃 만지면서 집중하는 시간 자체가
생각보다 더 힐링이더라구요 !
​
​
캔들 넣고 완성 !!
저녁시간 클래스와 잘 맞는 무드의
원데이 클래스였답니다 !!
​
​
너무너무 예쁘죠 ?
인테리어 오브제 느낌이 확 살아나서
집에 두면 포인트 아이템으로 딱이겠더라구요 !!
원래 꽃꽂이 하면 다 선물로 드리는데
이건 넘 예뻐서.. 신혼집에 박제.... !
​
선생님과 함께 포토타임도 가졌답니다 !!
사진도 넘 예쁘게 잘 찍어주시는 .. 💞
​
​
은은하게 어두워진 공간에
꽃이랑 캔들 빛이 같이 어우러지니까
넘 예뻐요 !!!!!!!!!!!!!!!!💭
플라워 원데이 클래스 중에서도
만족도 너무 높은 온아워 플라워였답니다 .. !
​
집에 편하게 가져갈 수 있도록
포장도 직접 해주셨답니다 !!
덕분에 편하게 그리고 안전하게
집까지 잘 가져 올 수 있었어요!
첫 원데이 클래스였지만..
너무너무 즐거웠던 시간 .. !
✔ 초보자도 가능
✔ 힐링 + 취미 + 결과물까지!
✔ 꽃 좋아하신는 분들 강추 .. !
원데이클래스 뿐만 아니라,
꽃다발들도 너무 예쁘니까
부산 대연동 꽃집 찾으시는 분들
온아워 플라워
들러보세요 !
​
​
⬇️⬇️⬇️⬇️⬇️
온아워 플라워 블로그에서
더 다양한 소식 볼 수 있어요!!
​
온아워 플라워 • On our flower : 네이버 블로그
On our flower studio 수빈입니다✨/플로리스트의 일상과 꽃, 식물을 이야기해요 :) / 부산 남구 수영로 220번길 41 1층/ 051.362.8613/ kakao: 온아워플라워/ 전화,카톡,디엠,문자 예약가능
blog.naver.com
​",https://blog.naver.com/avecjinnie/224231226675,HYEPPINESS,20260327,2026-04-27 15:49:47
★파스텔초코스위트(대,시유랑 카타르 도하 여행 :  AFC 아시안컵 직관 후기와 카타르... ,파스텔톤의 건물들 앞에서 사진 찍기 좋아서 이탈리아 베네치아 무라노 섬에서처럼 서로 다른... 있었음) 스위트룸으로 업그레이드 받았다. 다음날 일어나서 커튼을 걷어보니 우리방 오션뷰였다! 비록... ,"​
(2024년 1월 AFC 아시안컵 직관 후기를
2025년 12월 핸드폰 사진 정리하다 보고 생각나서 적고 있다.)
​
나의 13년 지기 친구 시유와
2024 카타르 도하 AFC 아시안컵 직관
했던 후기다.
무쉐립 브런치 카페 Era에서 브런치를 즐기다!
​
시유가 아침에 인천에서 도하 도착해서 각자 잠깐 쉬고 브런치 먹으러 만났다.
도하의 청담동이라 불리는 무쉐립에 브런치를 먹으러 왔다.
분위기도 맛도 좋아 내가 자주 가는 브런치 카페
Era Restaurant & Cafe
다.
Era Restaurant & Cafe
Abdulla Bin Thani St, Doha, 카타르
​
V60 드립 커피와 소금 모카커피 그리고 아보카도 토스트와 샥슈카를 주문했다.
​
​
분위기 좋고 음식도 꽤 맛있어서 한 번쯤 올만한 곳이다.
​
​
주문한 메뉴가 나오기를 기다리는 동안 거울 셀카도 찍었다.
시유가 한국에서 가져온 아시안컵 응원 머리띠도 꼈다.
​
Previous image
Next image
​
너무 만족스러웠던 카타르 도하 브런치 카페.
​
카타르 도하 올드 포트  Doha Old Port
​
우버를 타고 기름국 수산시장 클라스를 느낄 수 있는
Corniche Fish Market
에 왔다.
Corniche Fish Market
8H22+QP6, Doha, 카타르
Previous image
Next image
​
여기서 생선을 고르면 식당에서 원하는 조리 방법으로 요리해 준다.
여기는 올 때마다 신기한 게 수산시장인데 생선 비린내가 전혀 안 난다.
​
​
1월의 도하 날씨는 사랑이다.
해는 뜨겁지만 바닷바람이 선선하게 부는
도하 포트(Doha Port)
.
Doha Port
Doha Port, 도하 카타르
Previous image
Next image
​
파스텔톤의 건물들 앞에서 사진 찍기 좋아서
이탈리아 베네치아 무라노 섬에서처럼 서로 다른 색상의 건물 앞에서 9장의 사진을 찍어
그 사진들을 합치는 놀이도 했다.
​
​
대한민국 응원 티셔츠를 입었더니 쨍한 색감이 톡톡 튄다.
​
​
미아 공원(Mia Park)
를 걷으면 바다 건너 도하 시티 센터가 보인다.
MIA Park
MIA Park, 도하 카타르
​
날씨가 좋아서 미아 공원에서 피크닉을 즐기는 사람이 많다.
11월부터 3월까지 도하 날씨 너무 좋다. 카타르 도하 여행 적기다.
​
​
멋진 야자수 앞에서 기념사진도 찍고!
​
​
그늘 아래서 앉아서 시원한 바람도 맞는다.
​
​
도하에 오면 꼭 와야 하는 카타르 포토존
이슬람 예술 박물관(Museum of islamic Art)
1층에서 사진도 찍었다.
Museum of Islamic Art
Doha, 카타르
​
바다 너머 카타르 도하 시티센터가 시원하게 보인다.
​
Previous image
Next image
​
발레를 열심히 하는 시유의 시그니처 기념사진 포즈로 기념사진도 남긴다.
그러고 우버 타고 2024 FIIFA 아시안컵 직관을 위해 경기장으로 왔다.
​
2024 카타르 도하 아시안컵 직관, 아시안컵 요르단전 직관
​
2024년 1월 20일 AFC 아시안컵 대한민국 VS 요르단 경기
다. 아시안컵 요르단전 직관 왔다.
​
시유가 카타르에 아시안컵 보기로 하고 오고 있는데
나는 당일 아침까지 경기 티켓을 못 구해서 결국 우리 회사 동료한테 겨우 사서 올 수 있었다.
친구들이 아시안컵 요르단전 티켓 구하는 거 자기 일 마냥 도와줘서 너무 고마웠다.
(이때만 생각하면 아직도 아찔하다ㅋㅋㅋㅋ)
​
​
AFC 아시안컵 대한민국 VS 요르단전이 시작됐다.
​
Previous image
Next image
손흥민의 골을 직접 두 눈으로 볼 수 있어서 영광이었다.
​
​
우리나라 축구 대표팀 선수들 너무 멋있고 대단하다.
시유도 나도 목이 쉬어라 우리나라 팀을 응원했다.
​
​
카타르 도하 AFC 아시안컵 요르단전은 2 대 2 무승부로 끝났다.
​
​
시유랑 내.
​
​
너무너무 고생 많았던 우리나라 축구 대표팀 선수들,
멋진 경기 감사합니다!
​
Previous image
Next image
경기 끝나고 기념사진도 찍었다.
​
​
AFC 아시안컵 직관 후 축구 경기장을 빠져나오는데 아름다운 노을도 감상할 수 있었다.
​
​
은근한 구름 덕분에 예쁜 하늘을 볼 수 있었다.
카타르 도하 맛집
드래곤 핫 팟 Dragon Hot Pot
​
응원한다고 하도 소리를 질렀더니 뜨끈한 국물이 있는 음식이 먹고 싶어 찾은
카타르 도하 맛집
드래곤 핫팟(Dragon Restaurant)
.
Dragon Restaurant
Museum Park Street, P.o.Box 82455, Doha, 카타르
​
꿔바로우는 원래 돼지고기를 튀겨야 하는데
카타르는 이슬람 국가라 돼지고기를 먹을 수 없기에 꿔바로우가 닭고기다.
치킨 꿔바로우도 달달한 양념치킨처럼 엄청 맛있다.
​
​
오랜만에 먹은 드래곤 훠궈 시유도 나도 우리 둘 다 맛있게 잘 먹었다.
​
카타르 도하 호텔 추천
Centry Hotel Doha
​
아시안컵 시즌이라 크루 할인되는 호텔이 예약이 안돼서
그나마 가격이 합리적이었던
Centry Hotel Doha
에 숙박했다.
Century Hotel Doha
Building 43, 820 Al Beshairiya St, Doha, 카타르
​
원래 우리가 예약했던 스탠다드 룸에 문제가 생겨서
(어미니티 중 샴푸가 없었고 침대에 화장품이 묻어 있었음) 스위트룸으로 업그레이드 받았다.
​
​
다음날 일어나서 커튼을 걷어보니 우리방 오션뷰였다!
비록 창문이 더러워서 제대로 보이지는 않았지만 뷰가 너무 예쁜 곳이었다.
카타르 국립 박물관 뷰가 멋졌던 호텔.
​
​
아시안컵 요르단전 직관 다음 날은 카타르 도하 가볼 만한 곳들을 하루 만에 다 돌았다.
하루 종일 카타라 문화 마을 - 더 펄 - 쑥 와키프 - 카타르 국립 도서관까지
알차고 야무지게 돌아다니며 카타르 도하 여행을 했다.
​
친구들이 올 때마다 데리고 가는 코스가 있어 카타르 도하 여행 코스는 내 머리에 다 있어서
계획을 해야 하는 수고로움이 없다.
​
카타르 도하 가볼 만한 곳들
​
내가 카타르에 친구들 놀러 오면 무조건 데리고 오는
알 카이마(Al Khaima)
에서
양고기와 아라빅 후무
스를 먹었다.
Al Khaima Restaurant
Al Sadd St, Doha, 카타르
​
그리고 내가 카타르에 친구들 놀러 오면 무조건 데리고 오는
카타라 문화 마을
에도 왔다.
내가 카타라 문화 마을에서 제일 좋아하는 카페에 디저트 먹으러 왔다.
(아쉽게도 이 카페는 2025년 초에 폐업함)
카타르 문화 마을
Doha, 카타르
​
따뜻한 커피에 초코 크루아상.
​
​
이 카페 옥상에서 카타르 바다가 한눈에 들어와서 내가 좋아했던 카페다.
지금은 폐업해서 없어졌지만....
​
​
카타라 해변 따라 산책하고 우버 타고 더 펄(The Pearl) 쪽으로 갔다.
​
​
​
​
이탈리아 베네치아 느낌 나는
더 펄(The Pearl)
에 왔다.
여기는 카타르 도하에서 돈 많은 사람들 잔뜩 모여 사는 곳이다.
The Pearl Island
The Pearl Island, 도하 카타르
​
시유가 선물해 준 귀여운 우정 티셔츠 입고 사진도 찍었다.
​
​
내가 우정 템을 가장 많이 가지고 있는 친구, 시유!
우린 여행 갈 때마다 트윈 룩으로 입고 다닌다. 시유, 다음 여행 때는 어떤 트윈 룩을 입어 볼까?
​
​
그렇게 더 펄을 산책하며 더 펄 구경을 마무리한다.
​
​
또, 카타르 도하 여행 중 반드시 맛봐야 하는 디저트.
Al Aker Sweets
에서
쿠나페(Kunafe)
를 꼭 맛봐야 한다.
시유는 이거 맛있다고 다음날 혼자서 또 먹으러 갔다고 한다.
Al Aker Sweets Souq Waqif
Souq Waqif Opposite to Tea Time, Doha, 카타르
​
Al Aker Sweets
는 체인점이라 도하 이곳저곳에 다 있는데
카타르 전통시장 쑥 와키프 지점으로 가면 쑥도 구경하고 쿠나페도 먹고 할 수 있다.
​
​
카타르 도하 여행 필수 코스
카타르 국립 박물관
도 구경했다.
카타르 국립 박물관
Museum Pk St, Doha, 카타르
​
2024년 1월에는 카타르 레지던스 퍼밋이 없는 친구는 집에 초대할 수 없었다.
그래서 내가 후딱 집에 가서 컵라면에 김치까지 들고 와서
시유는 시큐리티 아저씨 자리에 앉아서 컵라면으로 저녁을 먹기도 했다 ㅋㅋ
​
​
나는 다음날 비행이 있었고 시유는 이틀 더 카타르 도하 여행을 하고 한국으로 돌아갔다.
시유는 카타르 사막 투어도 가고 카타르 국립 박물관 등 여기저기를 돌아다녔다고 했다.
​
이상으로
시유랑 카타르 도하 여행, 아시안컵 요르단전 직관 기록
이다, 감사합니다!",https://blog.naver.com/jhj2291/224119535762,도리의 블로그 #세계여행,20251224,2026-04-27 15:49:49
★파스텔초코스위트(대,고의로 너무 많이 먹었어요 [신장비뇨기학],다크초코? 먹었어요 물에 탄 찐한 초코리 맛...ㅎㅎ 좋았어~ 그치만 수업은 안 좋았어 재랑 언니랑 백소정 먹기!!! n년만의 백소정 오히려 더 맛있어진거 같다? 근데 밥을 너무 작게 주는거 아닌가 싶지만 큼... ,"흠 글씨체를 바꿔보았어요
기존 글씨체로 하니까 너무 가독성 떨어지나 싶어서
(혼자서 이러고 놀아요)
근데 어쩌다보니 위시콘서트 후기 글이 먼저 올라가서
글씨체 바꾼 두 번째 글임
블로그 후기를 받았어요 ㅋㅋㅋ
이런 후기 너무 좋아요~👍🏻
재미없을텐데 끝까지 봐줘서 고맙다 동우야
신장비뇨기 첫 수업을 끝내고
갑자기 단체 밥을 먹기 되었어요오
​
뭐먹을까하다가 윤지가 내가 감자탕 먹고싶다한걸 기억해줘서
(정작 나는 기억 못함 ㅋㅋㅋ)
먹으러 왔답니다!
sweet
윤지
등촌! 근데 진짜 왜 언제 먹었지 생각해보면
중대 논술 치러왔을따가 떠오를까요
친구랑 먹은 적 없나...?
4명 아니구 6명입니다~
이 팟을 뭐라부르지
단톡방 이름 고대로 하면 논쟁팟?
(근디 논쟁 아니고 그냥 human gpt 방)
​
먹고 서안이가 궁금하대서 새로 생긴 타래빙수 가려했는데
ㅜㅜ 휴일 이슈
간만에 디저트까지 먹나 했는데
아쉽게 되었어요
혜원이랑 서안이랑 집 돌아가는 길
바자회가 병원 옆에 열렸어요
매번 열리는데 어떤 주기로 열리는지는 모르겠네
​
저번에는 크리스피 크림 도넛 있어서 좋았는데!
이번에는 없었어요ㅜ
이 동네는 던킨 밖에 업서...
tmi 예담 취향) 너무 달달구리 보다는 클래식 크리스피 좋아함
​
구경하자! 해서 구경해보았는데요
양말이 필요했는데 마침 파는거에욧!
5켤레 만원이면 꽤괜?
심지어 made in korea였어요
뭐 국산이라고 애용하는 사람은 아닌데
쿠팡 테무에서 중국산 양말 시켰더니
한번 빨면 보풀 다 일어나고 뭐... 예...
그래서 구매완!
그 와중에 대마...? 이것 뭐에요~?
참마 할때 마겠죠?
사실 쳐보면 나올텐데 귀찮아서 안찾아봄
ㅋㅋㅋ 신기했어
​
그리고 이코너 옆 마지막 코너에 떡을 팔았어요
흑석 시장에도 떡집 많긴 한데
아직 맛집을 발견한 적은 없음
이상하게 묘하게 흑석시장에서 떡 구매할 때마다 실패
(떡 맛집 알고 있는  친구들은 알려줘 ㅜ)
​
근데 바자회 떡 보고 서안이랑 너무 먹고 싶어서
하나 사서 소분했어요!
​
여러 종류 있었는데 인절미로 구매 완~
근데 생각보다 비쌌다
만 원
(물가 모릅니다...)
짜잔
이러고 노는 거 좋아하는 사람이 나에요
남아도는 깨끗한 반찬통에 소분해줍니다
​
아니 근데 이거 진짜 개맛있었음
안 과하고 쫄깃하고 콩고물도 적당하고
(솔직히 글쓴 시점으로 이틀 남았던데 재구매하고 싶음)
떡 자체를 오랜만에 먹어서 그런가
큰 감동이 있었따
​
그래서 꽤 아껴 먹었어 ㅜㅜ
바자회 말고 상시 팔았으면 조켄네...
짜잔
아까 산 양말!
디자인 많구 고를 수 있어서
처음엔 민무늬 살까 하다가 그냥 무늬 있는걸로 골랐어요
예쁘지요~?
오른쪽 두 개는 서안 혜원이 픽!
​
착용 후기) 짱짱하고 좋아효
오 점 만점에 4.5점 !
​
이것도 재구매 하고 싶음
아무래도 집에 있는 양말들 버릴 때가 된 거 같음...
다들 양말 어디서 사
엄마가 사주는 거만 쓰다가 내가 사려고하니까
일회용 양말만 얻게되는 magic
부모님의 소중함...
아 그런데요
우주 공강을 건너뛰고 통계 듣고 왔는데
너무 피곤해서 아빠에게 퇴근길 콜을 부탁하고 잠깐 잤거든요
통화는 했는데 10분만 더 자고 일어나야지 했는데
일어나보니까 정말 기분이 쎄했어요
일단 밖이 너무 어두워
+ 너무 개운해
시간을 확인해보니 새벽 1시 반이었어요...!
하하하하 8시간 잔 사람이 돼...
​
저는 족첵을 만들어야했기에...
스스로에게 욕을 퍼부으며 새벽 공부?는 아니고 새벽 잡일을 했어요
이날 수업이 the vision 교수님 밖에 없었던게
다행이라면 다행이랄까ㅜ
(근데 결국 주말로 밀림 하)
​
근데 한시 반부터 계속 깨어있으면
다음날도 망할 확률 100프로라서
5시 반인가? 다시 잤음
다음날
신장 비뇨기 수업 너무 밀도가 높네요
오히려 감염 내분비보다 더
수업마다 복습할 생각에 앞길이 막막쓰
​
본과 개강하고 처음으로 수혈용 음료 샀어요
유딩 입맛 관계로
지영이가 추천해줬던 다크초코? 먹었어요
물에 탄 찐한 초코리 맛...ㅎㅎ
좋았어~ 그치만 수업은 안 좋았어
재랑 언니랑 백소정 먹기!!!
n년만의 백소정
오히려 더 맛있어진거 같다?
근데 밥을 너무 작게 주는거 아닌가 싶지만
큼... 저는 밥심으로 먹는데
​
어쨋든 맛있었어용
언니가 마제소바 세트의 돈까스 남겨줘서
한조각 더 머겄당
​
아니 대학 동기와 같은 아이돌 같은 최애를 좋아할 확률은?
윳프 동지 너무 반갑구ㅠㅠ
심지어 좋아하는 요소들도 너무 비슷해서
밥 먹는 내내 위시 얘기만 했어요 ㅎㅎ
행보케
​
아무리 피곤해도 위시 생각만 해도 행복해지고 잠이 깨요
문제는 다시 공부하면 그 효과 5분? 감 ㅋㅋ
그냥 공부하는데다 사진을 붙여놓을까...
잠 올 때마다 보기
아니 이러려고 반찬통에 소분해준 거 아닌데!
은혜갚는서안
역세권?
다 필요없고 서세권이 최고시다~
​
제가 또 에친놈 (에그타르트에 미친놈)
이거든요
​
하 홍콩 갔을 때 좀 더 많이 먹었어야만.
홍콩에서 솔직히 제 취향 음식이라고는
밀크티와 에그타르트 밖에 없었던거 같음
아 공항에서 먹은 홍소육 덮밥도 개존맛
​
에그누들을 별로 안좋아하니까 홍콩이랑 좀 안맞았어요...
밀크티도 대만 행복당이 더 맛있었음
​
그래도 재밌었잖아~ 좋았다~
와중에 또 문 안열어줌 이슈
누가 초인종 누르면 일단 없는척 부터 해요
(쓸데 없이 겁이 많음 쓸데 없이.)
음식 사진 밖에 없어서 당황하셨죠?
예담 mood
그냥 느껴주세요
​
베이컨을 해치워야했음
(대충 유통기한 확인은 안했는데 꽤 오래됨)
​
사실은 날이 추워서
(아니 강의실 창문 열어놔서 진짜 덜덜 상태로 공부함)
뜨끈한 만두계란국 해먹고 싶었는데
유통기한 임박 상품 때문에 (추정)
어쩔 수 없었어요
​
나름 하울 정식~
​
원래 계란 구울때 다른 거 있으면 소금 안치는 편인데
소금 안치니까 가끔씩 삶은 계란 맛이 나서
이번에 그냥 쳤어요
한살림 고기 좋네~
라고 하기엔 기성품이긴 한데
맛있었어~ 적당히 두껍고 추천합니다
​
~ 그리고 열심히 수업 들음 ~
오후 수업 중에 건영이에게 톡이 왔어요
카공을 하지 않겠냐는
사실 밀린게 많아 빡공하긴 해야했지만
혼자 공부하면 졸게 뻔해서
차라리 카공이 훨씬 시간 덜버리겠다 싶었음
​
수업 끝나자마자 짐 챙겨서 바로 용산으로 갔어요
건영이가 찾아준 용산 카공 카페
​
아니 근데 용산에 진짜 카공 카페가 많이 없어요
왜지...ㅜ
직장인 밖에 없어서 그런가?
어쨋든 그런 용산에 귀한 대형 카페였어요
우지 말차라떼를 시켜주었어요
댕존맛 진짜 맛있어요 try try
우유에 맛있는 말차가루 제대로 탄 맛
​
근데 문제가 있었어요.. (수치사)
2층에 앉아있었는데
노래소리 큼 + 옆 테이블 얘기에 계속 관심이 감
이슈...
아니 옆테이블이 콘서트를 가러 올라왔나봐요
언뜻 들리는 이름 들어보면 위시는 아니었나봄
하지만 위시도 내일 (방문 기준) 콘서트인데...
하는 생각으로 들어보았어요
​
막 입장하는거 이런 얘기하더라구요
근데 나도 서울에서 했으면
첫 단독콘서트 첫콘 암표로 구해서라도 감
서울에서 했다면... or 내가 본과생이 아니었다면...
그래도 토요일에 재랑 언니랑 중콘 실시간 보러 가니까!
흐히히 새로운 무대 잔뜩 많이 나올 것 같아서 너무 기대되요
​
<예담's 기대 리스트>
NASA (이건 필수. 안하면 범죄.)
Videohood
wish랑 songbird
baby blue
​
근데 베이비블루 진짜 좋아하는 노랜데
이게 무대용이 되나..? 갑자기 상상이 안가네
​
위시 친구들도 너무너무 기대하고 있는거 같아서
저까지 설레고 막 그래요 //
​
아니 또 위시에 미쳐서 말이 헛돌았는데
어떤 사건이 있었냐면요
자리 옮기려고 쟁반 + 책 + 가방 한꺼번에 들다가
말차라떼 바닥에 다 쏟음 ㅜㅜ
바로 직원분한테 가서 휴지 구했는데
너무나도 친절하게도 다 치워주셨어요...
민폐 손님이 돼...
​
다시는 자리 옮긴다고 쌩쇼하지 않기로 다짐
당연히 건영이도 기다려야했고 음료도 없어서
또 시켰어요
이번에는 캐모마일 티
​
근데 멍청하게도 잠 안오려고 카공해놓고
숙면 도움 차를 시킴 ㅋㅋ
바보는 살기 참 힘듭니다
말차라떼 진짜 맛있었는데 두 모금 먹고 쏟은거 진짜...
치워주신 직원분께 다시 한 번 감사드리며...
​
건영이가 왔어요!!
히히히 거녕이가 생일 선물로 팡이 준거 보답이라구
미니 위시돌 키링 줬어요
ㅠㅠ 이것도 품절템인데 감동이야
​
아 그리구 오래 전에 약속해온
시금치팡과 보라팡을 교환했어요~
​
추가로 시킨 컬러돌 출고 15일 미뤄진거 실화냐..
딱 받고 1큐 끝나고 언박싱할 수 있었는데
19일날 배송 시작해서
저는 그담주에 시험이고 거녕이는 미국을 가요
이런!!
​
그냥 내 집에 잠깐 와서 후다닥 깡하기로 함
내가 1x만원을 쓰고 두 달 넘게 기다릴 줄은 몰랐네
거녕이랑 카공은 진짜 카공이에요
보통 둘 다 할일 가득 상태로 만나서
대화 거의 안함
​
그리고 9시?쯤에 늦은 저녁을 먹어 주었어요
메뉴는 핏짜~
리뷰 이벤트로 버팔로윙 받았는데 존맛탱
피자 나오기 전에 와랄랄 해치워버림
그리고 휫짜~
여기 피자 약간 신기하게도
집에서 만든 수제 식빵 피자 맛이 났음
재료가 좋다는 뜻이겠죠?
그치만 저는 속세의 패스트푸드 휫짜가 더 취향인듯
​
요새 도미노피자 포테이토 베이컨 강하게 먹고 싶어요
그치만 피자는 절대 혼자 시킬 수 없는 것...
그리고 남은 피자 맛있게 뎁히기 성공해본 적 없어요
그것만 되어도 시킬텐데ㅠㅠ
담에 부산 가면 피자 좋아하는 우리 아부지랑 먹을거에요
꺄~ 우시 릴캠도 떴어요
하 근데 재랑 언니랑도 말했지만
머리가 염색하면 상하는 건 알고 있었지만
그렇게 빗자루일 줄은 몰 랐 어
​
볼 때마다 개털된 머리 밖에 안보여 ㅋㅋ
그래도 장장 30분 가량의 브이로그는 감동이 있어요...
자기가 만든 라면밥 먹고 환장하는 유우시 보실 분
​
이것도 뭐 나중에 다음에 언젠가 후기를 쓰죠...
갈수록 요새 윳사맥 윗사맥 되서 큰일임
일상 생활에 지장이 커요 ^^
그리고 또다시 시작된 한식파이터
오늘의 메뉴는 순찌에요
​
사실 내가 만든 순찌 별로 안좋아하는데
(왜냐면 그 특유의 칼칼함을 내가 잘 못 만듦)
제일 음쓰 안나오고 끝까지 먹을 수 있어서
자주 만들어요
뭔가 부대찌개는 너무 몸에 안좋아서
종종 나를 위한 선물이고 평소에는 순찌~
짜잔 재료 아주 야무지죠?
히히
저번에 김치찌개 끓일 때 시켜봤는데
gs fresh 오겹살이 좋드라구
오돌뼈도 적고 연해요! 추천!
​
양도 많고~
항상 순두부가 부족해서
나중에 추가할 용으로 순두부도 2개 시켰어요
(재탕으로 뽕을 뽑겠다는 뜻)
짜잔 완성본
중간에 만드는 거 찍을까 해봤는데요
뭔가 이쁘지도 않고 아무도 안궁금해할 것 같아서
가볍게 패스했어요
​
맛있겠죠~
여기서 tmi
사실 팽이버섯 소화를 지인짜 못하는데
(먹을 때마다 배탈남)
너무 좋아해서 그냥 먹음
으음~ 식감 포인트가 필요하다구~
​
와중에 엄마가 초록색 안보인다고 뭐라함
고멘네, 야채 주스 마실께
서안이가 준 에그타르트!
좀 늦게 먹었지만 에프에 구워서 제대로 돌려먹었어요 ㅎㅎ
맛있었다~
그리구 저는 콘서트 생중계를 봤습니다
그거슨 그날 기록만 따로 적은 글을 봐주세요
(사실 아무도 안궁금해 할 거 알아)
이미 그 글을 길게 썼으니
짧게 얘기하자면
​
나 이 티셔츠 갖고 싶다
진지하게 주문제작할 지 고민 중이에요
잠옷으로 하기 딱이잖아. (진지)
​
요새 진짜 유우시가 남자라서 너무 좋은데요
그와 별개로 윳냥이가 너무 좋음
(진짜 뭔 얘긴가 싶죠, 죄송합니다)
유우시는요
이렇게 모아보면 갓반인들이 보기엔
참 돈 벌기 힘드네~
할 수 있겠지만
천연, 알 수 없는 왹냥이 성격을 가지신
그리고 참 안정형 내면을 가진 아주 신기하고 멋진 사람입니다
​
하... 진짜 콘서트 이후부터
원래도 좋아했지만 막 이정도까지는 아니었는데
마음이 힘들어요
중학교 때 덕질하던 그런 마음?
​
유사 이런거 아니고 그냥
완전 그냥 존재 자체만으로 기특하고
(네가 뭔데)
대단하고 계속 보고 싶고 웃음이 나와요
행복해지는 거 별거 없다~
새로운 공부 스팟을 찾아보려고
까망돌 도서관을 가봤어요~
요즘 의도 7층에 사람이 많아져서 좀 회피하고 있음
(성격이 드러워서 그래)
​
근데 저는 이제 트여있는 장소는 공부가 잘 안되나봐요
사실 핑계고 그냥 공부가 안됨 시앙...
저기서 한 두 시간 했나...
그냥 바로 다시 집으로 튀튀했어요
​
볕도 잘 들고 좋은데
좀 더 여유로울 때 가야겠어요
시험 직전 주는 스트레스 많아서 그냥 개인 공간 필요한 듯
(성격이 더러워서 그래 22)
​
우짜면 좋을까요
집중력 끌어올릴 수 있는 방법 추천해주세요
집에 와서 맛있는 저녁 식사를 먹었어요
엄마가 냉동실에 차곡차곡 쌓아주신 일용할 양식
많았는데 이제 저게 거의 마지막이야ㅠㅠ
(곧 서울 와준대요, 너무 행복함)
맞아요, 마마걸이에요
그리고 이제부터는 약간 진짜 정병 돌아서
사진도 안찍고 그냥 삶
마라탕이랑 거리두기 한지 오랜데
(마라샹궈를 더 좋아함)
갑자기 그냥 스트레스 많았는지
(그렇다고 뭐 딱히 스트레스를 느끼진 않았는데)
마라탕을 시켰어요
​
춘리~
저번 추석 때 서유니랑 먹고 맛있어서 다시 시킴
스트레스 제대로 풀고 싶어서
2단계 (후폭풍 방지용) + 마라맛 제일 얼얼하게
이렇게 시켰어요
추천!! 꿀맛
저는
마라의 얼얼함
을 사랑합니다
​
위는 강한데 장이 약해요
항상 맵게 먹으면 배탈 나는 편인데
그냥 제 몸한테는
그러를 그러세요
하는 편이라
그냥 맛나게 즐겼음
​
+ 집안 자체가 병원을 웬만하면 안가서
평소에 아파서 병원 가본게
진심 초등학교가 마지막인 듯
코로나 때 일년에 한 번씩 (2번) 고열 진짜 쎄게 왔거든요?
서울에 혼자 있을 때라 서럽긴했는데
그냥 저는 잠으로 버텨요 (예과라서 가능)
보통 이틀이면 괜찮아짐
후훙 매운거 먹고 단 거 먹기 ^_^
완전 살찌는 지름길이자나~
개강 전 파티팟이랑 술마실 때 먹어보고 반한 뒤로
하나씩은 쟁여두고 아껴먹고 있음
이번에 1+1 행사하길래
(그래도 비쌈 슈바)
기존에 먹던 쿠키도우랑 새로운 맛을 시도해 봄
​
바로
초코 브라우니 퍼지 + 쿠키 도우 반반
근데 저는 베라 파인트처럼 반반 들어있을 줄 알았는데
아니었어요
약간 와리가리 섞여있음
그래서 감상평은
엄마는 외계인 맛?
근데 브라우니 박힌 거는 아이스크림 녹아야 먹기 편함
​
담부턴 먹을 거면 반반 말고 따로 따로 먹는게 나을 듯
팀 위시 진짜 배운 사람들임
왜냐면 콘서트 vcr를 올려줌
진짜 이건 배운 사람들만 할 수 있는 고능한 행동임
​
아직 5개? 중에 1개만 올려주셨는데
차차 일본 투어 아시아 투어 하면서 더 올려주겠죠
너무 좋아~
이걸 공짜로 고화질 감상을 할 수 있다니
실화에요?
진짜 감사합니다
서안이 충전기가 갑자기 고장나서
(근데 충전기 문제인지 아이패드 고장인지 불안했던)
바로 윗윗윗집인 제 집에 와서 확인을 했던 에피소드~
그리구 충전기 빌려주었는데
갑자기 버블 이용권을 선물 받았어요 ㅠㅠ
너무 고마워 나의 삶의 원동력이야
​
심지어 저 사진 편지를 보세요ㅠㅠ
갓반인이 유우시를 서치해서 사진까지 넣어주는 정성
이거 진짜 감동 400배 포인트
심지어 어케 알고 뉴팀 유우시를 넣어주나
고능하도다
히히 료깅이로 했어요
료깅이 혜자임 말이 많고 정말 내 친구보다 많이 보내줘요
(친구가 없는거 아니냐는 질문은 노노)
​
근데 시작한 날에 오랜만이야~ 와서 신기했음 ㅋㅋ
​
그리고 사실 전혀 몰랐는데 갑자기
일본 앨범 선공개곡이 나왔어요!
그것도 뮤비와 함께!
진짜 시온이랑 료 버블 아니었으면 몰랐을 뻔
뮤비 너무 좋아요 ㅜㅠ
멤버들끼리 영상 찍는 컨셉인데
얼빡도 천천히 많이 잡아주고
근본있는 약간 이벤트 뮤비 재질
​
짧으면 짧았던 금발 머리 기간
콘서트 때 하루도 안하고 아예 갈색으로 나타날 줄은 몰랐지
그치만? 갈색을 더 좋아하긴 해
그치만? 이번 뮤비 정말 잘생겼더라
​
부츠컷 입혀주신 스타일리스트 분 절 받으세요
아주 아주 아주 좋흐미
오히려 풀샷이 많이 안보여서 아쉽고 감질나!
이제 시험 끝났으니까
(작성 시점 : 1Q 끝난 날)
여러번 replay 초단위 감상 들어갑니다
​
노래도 좋아요!
근데 좀 많이 높음... 우시 대영이 괜찮니?
목 관리 잘 하렴...
내가 휴학하는 동안 왜 밀플렌비 사라짐?
너무 먹고 싶어서 그냥 배달로 시켰어요
근데 최소주문 때문에 2개 시킴
하나는 내일용~
​
맛있었어요 하나 먹으면 진짜 배부름
제 최애는 언제나 치킨감자~ ㅎㅎ
서안깅 혜원깅과도 스터디를 만들었어요
(요새 파티팟 스터디가 뜸해진 이슈)
​
나름? 표지도 꾸며보았다 ㅎㅎ
그녀들의 가을겨울나기 강추템
진저? 립밤
저도 손민수해서 좀 가꾸어볼께요~
​
p.s. 왜놈 2명과 함께하게 된 greenngrin 상
사람 사는 거 다 똑같다~
근데 저게 TT 커버 스포라는 소식이 있던데
진짜일까
아니어도 좋아~ 사쿠팡 귀여워ㅠㅠ
(사실은 저 친구 완전 덤덤 테토남입니다)
일본에서는 어떻게 이런게 3000원 밖에 안해요
이러니까 제가 그때 공항에서 남은 잔돈을 다 털었죠
근데 이거 너무 갖고 시프미ㅠㅠ
하지만 한국에선 3000원은 어림도 없지
하...
​
진짜 일주일이라도 방학 생기면 저는 한국에 없어요
찾지 마셈.
(그리고 시간표 뜸 영원히 방학 없음)
이날 저녁을 굶었는데
라면 야식으로 너무 먹고 싶어서 굶었어요
어차피 늦게 자니까 음음
​
만두 넣어줬는데 진짜 맛있음...
사실 저번에 뭔가 더 매운 열라면 끓였을 때
후추 맛이 강하게 망했다 괜히 샀다 한 적있었는데
이번에 다시 먹어보니 괜찮더라구?
도대체 뭐가 문제였지~
전날이 보름달이었는데
이날은 아주 노랗고 빨갛게 이쁜 달이었어요
그치만 아이폰은 담을 수 없지
그리고 담날인가?
최소 주문 땜에 두 개 시켰던 부리또 마져 먹기
너무 맛있엉
흑석에 왜 사라진거야! ㅜㅜ
히히 공식에서 올려준 사진 줍줍
단체 사진 좋아~
료 근데 너무 귀엽다
맥도날드에서 언젠가 받았던 케이준 소스를 찍먹 해봤음
(대충 먹방 따라해봄)
근데 담엔 확실히 렌치같은거로 해야겠어
맛있긴 한데 그냥 죄책감 2배 이벤트
이게 뭔 개밥인가 싶죠
감성 블로그 그거 어떻게 하는건데.
​
진짜 맛있었음
간만에 한 저의 시그니처~
스팸 참치 계란 볶음밥이었습니다
사실 스팸이 짜서 다른거 넣을 것두 없어요
그냥 대충 재료 다 넣고 섞섞하는 원팬 요리
가끔 너무 텁텁하게 되는데
이번에 완전 스무스 했음!!
​
크히히 지지난 겨울에 아빠 점심 차려줄 때
(엄마의 독일살이 이슈)
가끔씩 아이디어 떨어지면 했었는데
항상 경악하다가도 같이 맛있게 먹어주던 아부지...
ㅋㅋㅋㅋㅜ
아니 타면 탄다고 말을 해줬어야 될 거 아니야!
(전자레인지에게 하는 말)
탄 냄새조차 나지 않았어...
저거 설탕인지 뭔지가 안에서 타서
집에서 몇 시간 동안 달고나 냄새 남
​
와중에 병리 사진 같다는 얘기를 2명한테 들음
(그야 지금 신장 비뇨기를 하고 있으니까...ㅎ)
뭐지 이런 아름다운 사진은
종종 출현하는 주접 미안합니다
이런거 올려도 되나 모르겠긴 한데
요즘 저의 잠옷 패션~
나름 괜찮은거 같은데 어때요~?
(맨날 옷 못 입는다고 구박 받는 편)
아주 편해서 굿이에요
​
발이 빨간건 원래 그런게 아니고
요즘 공부할때 아빠다리하고 해서 피 안통함 이슈
(근데 척추에도 안좋긴 한데 뭐...)
IOS 26으로 업데이트 해봤어요
뭔가 글씨도 다 커짐
좋은지 잘 모르겠긴 한데
설정 어떻게 바꾸는지 몰라서 얼레벌레 사는 중
​
그리고 시험 직전이 되었어요
난데 마지데 봤던 것도 새롭지? 이럴 리가 없어.
후지나가 상, 나는 말이지
지금 2주마다 월요일마다 시험을 보고 있어서
월요일이 정말정말 싫어요
(심지어 오늘 시험이었어)
​
하지만 그의 응원을 받고 얼레벌레 신비 1Q 완
역대급 짤야~
사실 이렇게 양 작은데 나혼자 다 못 보고 시험치러 간다고?
였는데 그냥 짤야여서
야마나 주구장창 볼 걸ㅜ
상태가 됨 ㅋㅋㅋ
저빼고 다 잘쳤더라구요 저빼고..
저는 이제 그냥 객관적 시험 점수만 잘치기로 함
상대평가는 글러먹음
2Q 열심히 할께요...
아무리 해도 감염 때처럼 열심히가 안되는 거 같음
​
일단은 놀러간다
놀아줘야 다시 공부를 할 수 있어요.
민정이 데리고 광야 다녀옴
맛집 먹고 싶다던 그녀에게
은근슬쩍 건대입구 양꼬치를 말하며
서울숲 광야까지 갈 생각을 한 나
계락 성공~
이거 사러 왔어요!
무려 이날부터 판매시작 상품이어씀
근데 꽤 이쁘지 않아요?
저는 진짜 착용할 마음으로 샀는데
민정이는 일단 아니래요ㅜ
그래도 2만원 대면 꽤나 합리적 (경제관념X)
​
평소에 반지 자체를 잘 안해서
놀러갈 때 끼려구요~
민정이한테 꿀팁 받았는데
공부할 때 착용이 오히려 기분전환에 도움을 준다고 함
해봐야지
민정이가 구경 해보고 싶다해서 같이 한바퀴 돌았음
이런 귀염뽀쟉은 제가 감당할수 없음
​
근데 사진은 안찍었는데 드림 굿즈인가?
하늘색 캡모자가 있는데 이뿌다 생각하고 있었음
약간 별 캐릭터들 퀼팅?된거 였는데
근데 그 생각을 하고 있는데
민정이가 와 진짜 일코용은 아니다 라고해서
엥? 단색이잖아? 나는 오히려 좋다 생각했는데
이런 대화를 나누었답니다
또다시 의견차이 222
​
근데 아무래도 우리는 모자 짙은 색만 쓰는 사람들이니까
더 그렇게 생각한듯!
​
그리고 밥 먹으러 건대까지 걸어갔어요
민정이가 점심 먹은지 얼마 안되서
가는 길에 여기저기 들러봄
요기는 민정이가 이런곳도 있다! 해서 가본 모나미샵
1000원만 주면 나만의 커스텀 볼펜 만들 수 있어요
광야 다녀온 기념으로 위시를 생각하며 네온 컬러를
흠 쓸 일이 있을까
그래도 은근 심 얇아서 좋았음
그리고 또 즉석으로 베통도 가봄
사람이 없길래 들어가보니 텅텅쓰
그래도 소금빵 자체를 계속 만들고는 있는거 같더라구요?
얼마 기다려야되는지도 모르고 기다릴 생각도 없어서
그냥 오옹... 구경하고 나옴
​
마쓰야마 근교 팡메종 소금빵 또 먹고 싶다ㅠㅠ
900원의 행복이었습니다
누가 나 납치해서 데려가죠
온게 아쉬워서 그냥 찍어봄
아니 근데 매장 앞에 크리스마스 트리 있더라구~!
그냥 몬가 밥 먹으러 만난거긴 한데
진짜 휴일 놀러온 느낌이 되어서 행복했어요
자 이제 양꼬치를 먹어보자
양갈비 / 양삼겹 다 시켜봄
여기 대곽 김시현군 추천으로 몇 번이나 왔던 곳인데
휴학 등등 이슈로 마지막 방문이 3년 전...?인거 같음
​
맛있었어요
근데 요리가 맛있는 집인데 2명이니까 한계가 있었음
히히히 얼마만에 소주야~
진짜 그런 사람아닌데 본과 생활이 나를 술미새로 만든다
이날 민정이가 후반부에 같이 소주 마셔줘서
너무 행복했어!!
민정이 소주 마시는거 왤케 오랜만인거 같냐
여기 계란 볶음밥 맛있었어서 시켰는데
이번엔 좀 별로였어요
흠... 확실히 세월이 변했나
그냥 딱! 정석 중국식 기름계란볶음밥인데
묘하게 계란이 부족한 느낌쓰
​
그리고 항상 나오는 서비스 물만듀~ㅎㅎ
신기한게 남자애들 추천 맛집은 항상 서비스가 있음
(통계의 오류일수도 있어요)
가성비도 평가의 한 요소인가
어쨋든 물만두 완전 중국식 (피 두꺼운) 만두인데
맛있어요~ 공짜니까 두배로 맛있음
​
뭔가 술마시면서 얘기가 길어지니까
안주가 더 필요한거 같아서 토마토 계란탕을 시켜봄
토마토 계란 볶음이랑 비슷하겠지 했는데
진짜 물탕이었어요
​
심지어 오이까지 들어있는데 왜 굳이 넣는지 모르겠
죄송해요 아부지
딸이 이모냥이라서~
돌아오는 길에 강을 지났는데 너무 예뻣거든요?
통창 사진을 찍고 싶었는데
창가 앞쪽 분이 불편하실것 같아서 못 찍음
간만에 진짜 몬가 사회에 섞인 느낌이었어요
좋은 날이었다
진짜 예뻤어요
아무래도 시티뷰의 핵심은 야경이니까!
오늘의 패션 자랑
아니 근데 거울셀카 어떻게 잘찍나요
역시 그냥 모델 차이인가
비율이 엉망이라서ㅠㅠ
​
엄마가 물려주신 가죽 자켓이 너무 이뻐서 남기고 싶었는데
그냥 직사각형 옷이 됨 ㅠ
진짜 실물은 이뻐요...
원래 잘 안하는데
민정이한테 오늘 옷 칭찬해달라고 씹프피 행동함
​
그리고 이날 거하게 체함
간만에 과식했나봐요 양고기가 기름진것도 있고
술은 안취했는데 체해가지고
좀 힘들긴 했는데 그냥 잠으로 치료했어요
잠이 만병통치약이다~
그리고 신비 2Q 시작
유림 언니가 두바이초코 나눠줌!!
맛있었는데 서연이랑 규민이는 두바이초코 별로 안좋아한다해서 놀랐으
근데 웃긴점) 나랑 유림언니는 밀크 초코가 두꺼워서 좀 별로다 하고
두바이 쏘쏘를 외치던 규민이가 젤 잘먹음 ㅋㅋㅋ
​
아 여기서 유림 언니 샤라웃을 좀 할께요!!
1Q 때 유림 언니 옆자리 배정받았는데
너무 편하고 행복했어! ㅠㅠ
태현 언니와 유림 언니 사이에서
매일 활력 에너지 많이 얻구
사실 복학, 개강하고 나서 가장 말 많이 한거 같아요
누가 말 걸어주면 기쁜 찐따가 저에요
먼저 말 못거는 병을 좀 고쳐야되는데...
​
언니들의 동생이 되고 싶어~
어쨋든 이 자리를 빌려 감사인사를 바칩니다
​
+ 2Q도 내 뒷자리 비어서 서연이 옆자리로 유림 언니 옴~
너무 행복해 ㅎㅎ
나의 활력소야 언니
그리고 요리가 귀찮아진 나
+ 현미밥을 그만 먹고 쌀밥 먹고 싶어서
얼마 안남은 쌀을 클리어하고자
순대나라에서 돼지국밥 2인분치 포장 완
마침 수업도 일찍 끝나서 럭키였다
​
원래 국물 요리는 포장이 제대로인거 아시져
말이 2인분이지 3~4번 나눠먹을 수 있음
히히 맛있는 것
돼지국밥은 사실 매장에서 안 먹으면 비릴 수 있는데
다대기가 강하게 그 맛을 잡아줍니다
그리고 다대기 남으면 소소하게 다른 찌개 끓일 때 굿
들깨가루도 왕창 뿌려주고~
맛있었어요 (아직 먹는중)
올해 그림벗 전시회에는 작년에 그린 작품을 제출했어요~
없어진 줄 알고 또 그릴 뻔!
조성주 오빠한테 물어봐서 다행이었음
​
집에 있던 화분을 그린건데
작년에도 부산에서 올라와서 하루만에 그린거라
개망했어요...
비율이 엉망임ㅠ
뭐 원래 실력도 엉망이라서 뭐 나름 괜찮은거 같기도!
기억도 안나는데 파스텔이랑 아크릴 섞은듯?
​
배경 레몬색이 맘에 들어요 ㅎㅎ
그림벗 하면 좋은 점은
내돈내산 할 수 없는 물감 놀이 마음껏 할 수 있다는 점!
사실 회비도 냈고 올해도 참여하고 싶었는데
월요일에 가려고했지만 노는 유혹이 더 컸다
내년에도 참가할 수 있으면 하려구요
나름 제가 정말 애정하는 동아리 활동이에요
그리고 빼빼로 데이였음!
이벤트의 여왕 혜원이가 수제 빼빼로를 줬어요ㅠㅠ
ㄹㅇ 감동받았는데 너무 맛있어서 순삭함
​
그리고 tmi로 11월 11일은 제 동생 생일이라
혜원이한테 빼빼로 받고 아차! 싶어서 송금함
돈이 제일 좋은 선물이야 ㅇㅇ
한 가지 사고는 어젯밤에 12시되면 축하해줘야지!
해놓고 12시 전에 자버렸다는 것
저녁밥이었어요!
요새 너무 잘챙겨먹어서 다시 살 찌는 듯
스트뤠스
​
뭐 그렇다고 안 먹을 제가 아닙니다
큰이모가 제육 볶음은 볶을 때마다 많이 튀니까
남은 제육 볶음 다시 볶지말고 전자레인지 용기에 돌려라고
꿀팁을 줘서 해봤거든요?
와 오히려 수분 안날라가니까 더 촉촉?!해서
너무 맛있게 먹음
앞으로 이래야겠어요
​
(아 그리고 이번 셤 끝났날 집 청소 진짜 큰 짐이었는데
큰 이모가 도와줘서 너무 기뻤음...
저는 복받은 사람이에요)
어느집 기니가 이리 예쁘고 기여워
사실 렌즈를 왜 끼는건지 막눈이라 잘 모르던 사람인데
제 동생과 위시를 보면서
오호... 렌즈 끼면 확실히 좀 다르군 하고
배웠어요
이날 진짜 입 터져가지고 야식도 먹음
왜 구래 진자... 위 줄여!
에.. 계속 음식 사진만 나와서 놀라셨죠
다행히도 같은 날 아니고 다른 날 저녁입니다
그냥 특식 짜계치 자랑하고 싶었어요
(보통 배달은 에반데 고칼로리 먹고싶을 때)
제가 진짜 처음으로 분철이라는 것을 타보았거든요..
아니아니아니 너무 소장욕구 생겨서!
하.. 이거 올릴까말까 고민 많이 했는데
(좀 변태같나 싶어서)
그냥 너무 유우시네코가 갖고 싶었음
인터아시아 럭드였어요...
(근데 지금은 케타포 네잎클로버가 더 갖고 싶음)
그래서 돈까지 다 내놨는데 너무 슬픈 사건 발생 ㅠㅠ
총대가 결제가 안됬는데 된줄 알았나봐요...?
어쩌다가 누락된건지는 모르겠지만
이미 못받는 마당에 이유 알아서 뭐하겠나 싶어서
굳이 물어보지는 않았어요ㅠ
​
그렇게 충동소비는 다시 제 지갑에 와주었습니다...
어쩌면 돈 아끼라는 하늘의 계시... (복선)
윤지랑 둘이 백소정 먹음~!
아니 근데 윤지도 위시 호감인거를 까먹고 있었음!
요새 아주 외모가 미친(p) 리쿠 얘기 했어요
보쿠노 히메
하...
​
동기 중에 kpop 덕질러 세 명 뿐인데 다 위즈니
이것 참 뿌듯하네요
​
수업이 11시 20분 쯤에 마쳤는데 다 먹으니 12시 전이어서
아주 빠르고 맛있게 행복해짐!!
후훙 너무 맛있었어요ㅠ
​
근데 윤지랑 진짜 신기하다 했던 점
승현씨 팟이 우리보다 늦게 왔는데
내 자리에선 안보였지만
우리보다 훨씬 일찍 다먹고 대화 중이었다고...
우뜨케 그렇게 빨리 먹지? 신기했음
우리도 빨리 먹은건데!
​
어쨌든 걸어서 집으로 돌아와서 푸데데 잠
요새 점심에는 그냥 자요
감염 시절로 돌아간 것 같네 ㅋㅋㅋ
​
근데 이날 유지장치 밥 먹는다고 식당에서 빼놓고
그대로 놔두고 옴
1시간 뒤에 알아서 전화해봤지만 쓰레기통 엔딩
ㅠㅠ
결론은 다행히도 다음 단계로 그냥 넘어가기로 하고
추가금 없이 끝났어요...
14500원이 아니고 214500원 돈까스 될 뻔;;
아무튼 아까 얘기했지만
인터아시아 쿠로네코 유우시 포카를 홧김에 질렀는데
환불 엔딩 받았잖아요?
괜히 아쉬워서 뒤적거림
새로 뜬 귤이나 붕어빵은 조금 별로고
요 케타포 포카가 너무너무 궁금한데!
이미 시기가 지나서 분철을 탈 수가 없음 ㅠㅠ
너무 슬퍼요...
​
그렇다고 포카 양도는 좀... 아닌 거 같아서
지갑 질끈 묶음
히히 올해도 그림벗 가을 전시회가 열렸어요
제가 미술에 소질있는 건 아니구요
그냥 하는거임
​
나름 취미 없는 사람에게는 큰 의미의 힐링 동아리!
사실 올해는 안그렸고
작년에 그렸던 작품으로 전시 제출했어요
작년 것도 부산에서 버티다가
마지막 날에 서울와서 4시간만에 한거라
아주 엉망임... 비율부터...
그래도 나름 배경으로 정한 레몬 색이 예뻐서
꽤나 만족쓰!
​
그나저나 뒤에 가을 배경이 너무 이쁘죠
내가 모르는 사이에 세상의 풍경이 달라지고 있어
야무지게 방명록 쓰기
근데 왜 나만 글씨체가 저모냥
저도 이쁘게 쓰고 싶어유
​
그리고 수업 끝나고
(아니 천사 교수님이 2시간 수업을 40분 만에 끝냄)
역시 외과가 체고셔
​
어쨋든
후다닥 교정 치과로 갔어요...
업보빔 맞을 준비...
수업 일찍 끝날 줄 모르고 4시 예약했다가
그냥 가서 기다리자 싶어서 3시쯤 도착했는데
다행히 거의 바로 들어감
치위생사 분과 치과 선생님께 안타까운 잔소리 받구
ㅠㅠ
다행히 다음 단계 그냥 넘어가자 하셨어요
우에잉 다시는 안잃어버릴께요
​
근데 그냥 내 돈 아껴주시려고 넘어가시는건지
넘어가도 되는거 맞낭...? ㅋㅋ쿠
경제관념 이상함
원래는 20만원 지출이 있을 일도 없었는데
원래 지출할 뻔한게 사라져서 돈 굳었다고 왜곡해서
기념으로 돌아가는 길에 고터 들러서 (환승 지점)
스콘 샀어요
하... 요새 탄수화물 중독 다시 나타남
스콘만 살까하다가
최근에 밤마다 좀 초코 빵이 너무 땡겨서
초코 파운드도 사줬어요
​
빵이 너무 비싸네...
신세계 스위트파크라 더 그런가 흠
눈물을 머금고 그래도 제일 큰 것들로 고름
저렇게 해서 13000원 이었어요 ㅎ
윤지랑 서안이가 내가 디저트 가격에만 박하다고 하는데
그거 맞음
한입거리에 막 4000원 5000원 쓰는 거 너무 아까움
그치만 여기 파운드랑 스콘은 진짜진짜 커서
뭐... 인정 드릴께
뭐 살지 고민한다고 스위트 파크 두 바퀴 정도 산책함
이게 힐링이지 뭐
(라고 말하지만 디저트 가격에 눈물 흘림)
저도 부자 되고 싶어요
빵 너가 뭔데! 나를 슬프게 만들어!
저번에 서안이가 해준 바게트 응용이 너무 맛있어서
나도 사서 해볼까하다가
집에 부가 재료도 없어서
그냥 포기함
흐힝 근데 바게트 너무 맛있게 생겼지요
쫄깃하구 따뜻하게 먹을래요
언젠가 내가 부지런해지면...
예담 하우스 mood
기쁜 소식!
다들 내 부계 친구들이라면
이때까지와 다른 예담 밥상의 특징을 서술하시오
.
.
.
정답은 쌀밥! 몇 달 만이야ㅠㅠ
쌀과 흑미를 섞어버린 이후로 한동안 주구장창
잡곡 흑미만 먹었던 나...
이제 질려서 쌀밥이 너무 먹고 싶었어요
​
그래서 얼마 안남은 쌀 일주일동안 해치움
(덕분에 살도 찜... 망할)
​
하 오랜만에 갓지은 쌀밥 먹으니까
행복이 넘쳐요
원래 돼지국밥이랑 먹으려 했는데
갓 지은 밥을 국물에 말아버리는 것은 예의가 아니라 생각
그래서 급하게 대충 먹을 수 있는
베이컨 + 계란 정식으로 바꿨어요
​
사실 동그랑땡 부쳐 먹고 싶었는데
그럴 힘 없었음
​
그리고 공부 좀 하다가
스콘 먹어보았어요
여기도 영국식은 아니고 미국식임
영국식 퐁신 무맛 스콘에 클로티드 잼 발라 먹고 싶거든요
진짜 그런 집 아는 사람 있으면 댓이든 카톡이든 주세요
간절히 바람...
​
아 여기 딱 하나 아쉬운 점이
왜 스콘 겉면에 약간 설탕 알갱이들이 있는지...
스콘은 안 단듯 씹을수록 단게 매력인데
너무 바로 단맛 나서 그게 좀 미스였음
​
그래도 맛나게 먹었어요 ㅎㅎ
이것이 무엇이나면요
아 수제 캡쳐라 애들 이상하게 찍힌거 양해 부탁
이날 ㄹㅈㄷ 라방이 있었음
금요일이기도 하고? 그냥 틀어놓고 있었나 그럼
사쿠 대영이의 어사즈 라방이었음
사실 제대로 안보고 있었는데
생각보다 정적이 많았나? 그것도 잘 모르겠던데
여하튼 갑자기 참여요청이 시작되더니
위시 첫! 공동참여 라방(?)이 시작됨!
첫째 형과 둘째 형의 썬구리와 함께
사쿠랑 대영이한테 막 지령 내리고 있었음
그러다가 시온이랑 리쿠가 이제 ㅂㅂ 하려는데
갑자기 유우시도 참여했음
그는 아무 말도 하지 않았으나
등장과 동시에
사쿠 시온 리쿠가 튕겨져나갈 정도로 웃음
ㅋㅋㅋㅋ
그러고 아무말도 하지 않다가
말도 없이 유우시가 다시 끔
...
이런 아이입니다 유우시는.
그리고 그의 돌발행동을 좋아하는건
위시 다른 멤들이 체고시다
​
그 이후로도 유우시가 다시 공동참여 했다가
결국 방까지 찾아왔다던데
그건 실시간으로 보진 않았구
나중에 보게되었어요 ㅋㅋㅋ
웃긴게 자발적으로 참여해놓구
말은 안해 ㅋㅋㅋㅋ쿠
​
하 진짜 뭐랄까
끼를 안부리는데 내가 안달복달하게 만듦
야식이었어요~
ㅎㅎㅎ
새벽에 먹는 초코 파운드 너무조코
사실 단거 많이 못먹어서
1/3 정도 먹고
나머지는 담날 아침에 클리어했음
​
단거를 좋아하는데
딱 후식용으로만 잘먹어요
밥 대체 노노해
짜잔~
책장이 너무너무 사고 싶었거든요
(스트레스로 인한 과소비)
이런 큰 물건들은 한 번 사면 버릴 때 힘드니까
엄마가 많이 만류했는데
그냥 삼
근데 사실 제가 사려고 했는데
아빠가 flex 해주셨어요 ㅠㅠ
베리 땡큐 파파
​
어쨋든 엄마가 계속 으심되. 였는데
알빠누 하고 그냥 속전속결 진행
짜잔! 정리 잘했지 않음?
사실 저 위에 굿즈 공간도 만들고 싶었으나
그것은 다음 시험 기간 과소비 행동으로 하겠습니다
(별건 아니고 그냥 사실 굿즈 놓을 곳이 없어)
꺅!
귀여우면 일단 저장하는 편
코리락쿠마는 아는데 저 베이비갈색은 누기야?
아시는 분 알려주세요
(찾아볼 열정은 없음)
아니아니 올해도 진행도는 원도발 연말파티에 초대받았는디
이 럴 수 가
하필 날짜가 26일인데요
음~ 크리스마스 다음날? 하자마자
어 시험 3일 전이야.
나도 몰랐어 슈밤
내 연말 내 크리스마스 내 연휴!
하...
시간표 너무 복잡해서 흐린눈 하고 있었는데
기분 개안좋아짐
이거 맞아요?
어쨌거나 저쨌거나
엄마가 와주었어요!
기차 타고 오라니까ㅠㅠ
짐 많다고 또 차로 부산에서 서울까지 운전한
그녀는 슈퍼 우먼
​
제가 불효녀 안되려고 나름 노력하는데요
엄마의 애정이 저를 불효녀로 만들어요;;
저야 좋죠...
히히 그녀는 요리도 아주 잘합니다
천사 엄마🪽
저는 우리 엄마 요리가 제일 맛있어요
​
당연함
내 입맛에 맞춰서 해주니까.
그래도 실제로 요리를 잘함
왜냐면 우리 외할머니가 요리 진짜 잘하셨거든요
(아빠말로는 외할머니는 정말 최고셨지만
엄마는 신혼 초 우여곡절이 많았다고 함
ft. 미역국에 꿀 넣기)
잠시 저의 냉장고 소개 타임이 있을께요
그다지 모던하거나 이뿌진 않습니다
돼지력 만렙
엄마가 이 부분을 꼭 강조해주래요.
내가 저걸 하루 한 개 먹을 수 있을까
가격을 듣고 억지로 먹자고 다짐했어요
과연~ ㅎㅎ
히히히 아랫칸을 보셔요
너무 행복하네
부산인으로써 서울의 국밥과는 다르다고
수변 돼지국밥도 포장해오심
진짜 저는 복받은 사람~
​
헤헤 제 요청으로 미역국 제육 불고기로 가득해요
​
TMI 우리 아빠가 나를 부르는 애칭
백돼지
(고등학교 시절 지금은 상상할 수 없는 하얀 시절이 있었음)
티라노
(육식 공룡. 모든 설명은 여기서 끝난다)
​
이거 맞아요~?
딸천재 아부지, 증말 느무해
그리구 엄빠가 저는 도저히 비타민 안 챙겨먹을 것 같다고
감잎차 우려 마시래요
미션 접수~
차 마시라고 차 우리는 도자기 컵도 같이 사주셨음 ㅠㅠ
저는 정말 복받은 아이 22
​
사진으론 걍 플라스틱 같은데
묵직한 도자기거든요
내 사진 실력이 문제임
써보고 다음 블로그에 후기 남겨야지!
히히 냉장고 정리랑 옷정리 다하고
엄마랑 밤늦게 양꼬치 먹으러 갔어요
양꼬치 먹었지 않냐고요?
요새 삼겹살보다 양꼬치가 더 좋음
​
근데 건대 맛집 예전보다 부실해지고 비싸서 그런가
중대 맛집이 훨씬 좋은거 같아;;
고기도 실하고
담에 민정이 여기 데려와야징
이것도 귀엽죠!!
그냥 돈 아끼기가 불가능한 상태임
다행히 두 번 고민중이었는데
실제 모습에서 고냥이 이목구비가 너무 가려져서
별로 안이쁘길래 패스했어요 ㅎㅎ
짜잔!
엄마표 계란 7개 뚱뚱 계란말이
소통 오류로 (내가 최근에 샀는데)
엄마가 서울 오는 길에 휴게소에서 좋은 유정란을 사오는 바람에
달걀 부자가 되었어요
​
그래서 많은 김에 많이 먹으라고
뚱뚱 벽돌 계란말이 해줌!!
사실 요새 보시면 아시겠지만
귀찮아서 반찬을 잘 안하는데
오랜만에 계란말이 제대로 먹었더니 너무 맛있어쓰
히히 엄마 다시 부산 가기 전에
둘이서 식사하기~
저 실한 것 보세요~
사실 이번에 그냥 주방도구 실리콘 세트로 사놓은거
들켜서 혼날줄 알았는데
엄마가 꽤 좋다고 잘 했다고 했어요
(물건 막 사서 자주 혼나는 편)
(나는 막 산게 아니긴 해)
엄마 가고 건영이랑 카공함
저번에 한 번 왔었던 당산역 카공!
아무래도 혼자 하면 늘어지니까욥...
왔다갔다 시간 뺴도 차라리 거녕이랑 같이 있는게
훨씬 많이 함
​
거녕이가 붕어빵을 시켜서 뺏어먹어봤는데
약간 찹쌀? 이었어요 신기했음!
아 아직 첫 붕을 못 먹다니
곧 흑석 시장 갈께요
저는 따뜻한 말차라뗴 ㅎㅎ
우유 들어간 음료는 얼음 녹으면 너무 맛없어서
hot으로 시키는 편!
맛있었음
덜 달게 선택이 있길래 선택했는데
걱정과 달리 달아서 그냥 맛나게 먹음
카페가 일요일은 8시까지 밖에 안하드라구요
마감까지 카공하다가 나와서
저녁 먹말 고민하다가
교촌 옴
​
치킨집에 앉아서 먹는게 얼마만인지
맛있었어요
기본 안주 이거 시즈닝 뿌려져 있는데 진짜 맛있었므
그리구 꽈배기를 시켜봄!!
오우 치킨집에서 사이드 시킨 거 진짜 오랜만이었는데
이거 맛있음!!
약간 꽈배기보다는
찹쌀 비중이 높아서 거의 찹쌀 도넛
근데 확실히 찹쌀 때문에
조금 먹으니까 바로 배불러짐
​
둘이서 반반치킨 한마리랑 꽈배기로
배터지게 먹었어용~
크히히 근데 거녕이가 중간에 배불러해서
내가 넘많이 먹은 듯? (ㄱㅇㄷ)
그리구 사쿠 생일 전 마지막 카가와 공연에서
깜짝 서프라이즈가 있었음!
와중에 케이크를 향한 윳냥씨의 애정 또다시 잘 보았구요
콘서트 자체가 댄스곡만 20개 넘게 몰아치는 거다보니까
당연히 체력소모도 심하고 많이 먹는거 좋지만
(잘 먹는 것에 매력을 느끼는 편)
가끔씩 정말 먹기 전후 텐션 다른 유우시보면
저혈당이 있는 건가 으심될정도
ㅋㅋㅋㅋ
에 이거슨 아마도
엄마가 끓여주고 간 김치찌개 재탕 반복 이후
스팸과 남아있던 돼지고기 마저 넣고
재재탕을 한 모습
맛있었다~ ㅎㅎ
셤 전주에요
무슨 뜻이냐면
초코과자를 쾁쾁쾁 먹는 주간이라는 뜻
그만 먹어야해...
하지만? 입이 심심해...
무한 김치찌개
사실 몇 번이나 더 있는데
똑같은 식사 올리면 재미없으니까 생략했어요
그리고 사쿠 생일 하루 전~
아이돌 생일이라고 케이크 사먹는 사람 아니구요
사실은 건영이랑 카공+교촌 한 뒤에 지하철 앞에 파바가 있는데
구경하러 들어갔다가
제사랑 초코케이크를 조각으로도 팔길래
참을 수 없었음
하지만 어쩌다보니 먹는게 미뤄지게 되고
이틀인가 뒤에 먹게 된 것임
​
저는 입맛이 싸구려라서
비싼 케이크보다
파바 기본 초코케이크 좋아해여
예전에 돔형 곰돌이 케이크 젤 좋아했는데
단종됨 ㅠㅠ
나의 유치원시절부터 애착케이쿠인데
(아마 춘식이 버전인가로 나오는 걸로 암)
아니 너무 잘생겼네
맞아요
전 안경남 좋아해요
문제가 될까?
좌절 모드 on
하...
사실 뭐 저기 근처였다면 학식을 먹었던 거 아닐까 싶구
날이 너무너무 추웠기에...
뛰쳐나가볼 생각조차 못함
그치만 이런 기회를 놓치다니 너무너무 였음 ㅜ
학식 먹을걸...
이라고 소림언니한테 하소연하자
""그러기엔 맨날 나랑 점심마다 집 가잖아""
할 말이 없어~ 집밥이 좋은 걸 우뜨케!
우리 막냉이 생일이에요
성인이 되었대요!
07이 몇달 뒤에 대학교 1학년이라니
마음이 힘들다
시간은 매정하게 흘러가네욥...
이 남자아이
생일 한 달 전부터 생일만을 기대했던 것을 아십니까
너무 귀엽고
예전부터 큰! 케이크를 원했던 푸지나가 상
첨에 이 사진만 보고
아 역시 공연장에서 한 번 해서
숙소에서는 케이크 안맞췄구나~
사쿠 실망했으려나 했는데
몰카용 케이크 였음
저 케이크 좀 보세요
푸지나가 사쿠팡씨의 취향이 100% 가미된
핑크히메 케이쿠
ㅋㅋㅋ
​
2단 케이크는 나도 평생 먹어볼 일 없을 것 같아서
궁금했당
​
별개로 초코파이 케이크하니까 고등학교 때 생각남
TMI
각자 생일에는 애들이 막 무단외출해서 케이크 사오고
파티도 하는데 이게 그래서 생일 날짜가 중요함
아예 방학인 애들은 한번도 못 받고
저는 다행히 5월이었지만~
항상 부처님오신날 어린이날 뭐 등등 겹쳐서
퇴사날이거나 입사날이었음
그래서 저도 사실 고등학교 한정으로
친구들이 케이크 사서
파티해준 적이 없그든요
​
그건 상관없는데
내가 초코순이로 유명해서
(당시에 촉촉한 초코칩을 달고 다님)
선물을 많이 받긴 받았는데
다들 입사날이라고 자기가 기숙사에서 먹을 거라고
챙겨온 과자들 중에 하나를 줌
(한 달에 한 번 집갔다오니까 다들 간식 진짜 많이 사옴)
심지어 당시에 학교 앞 마트에서 할인 이벤트해서
생일날 빈츠만 n박스 받은 사람의 심정을 아십니까
​
고등학교 2학년 때 진짜 ㄹㅈㄷ로
생일선물로 초코류 과자만 nn 박스 받아서
(그 외 선물 0개)
​
심지어 그 중에서 가장 진짜 선물이었던게
친구의 친한 선배가 내 생일이라는 소리에
맛있는 파베 초콜릿을 준비해온거였어 (감동)
​
학생인데 과자 선물 받았다고 슬퍼한게 아니라요
씹프피라서
내 생일선물에 대해서 아무도 고민해주지 않았다는 점이
너무 슬펐어용...
(당시에는 그랬다는 말임 나도 참 어렸다)
​
여튼 이 TMI를 왜 꺼냈냐면
저때 안슬펐던 이유가!
입사날에 대구에서 다같이 학원에서 수업듣고
(영재학교는 전교생이 같은 학원 다님
참으로 평등한 학교였오)
저녁먹고 학교 들어가거든요?
​
근데 친구가 중국집
(국룰인 집 있었는데 이름이 기억안나)
ㅇㅋㅇㅋ 했는데
갔더니 부울경 친구들이 단체로
초코파이 케이크로 생일축하해줬어요ㅠㅠ
너무나 감동적이었던 것
페이스북 뒤져보면 영상 있을텐데
나중에 찾아봐야지...
​
사실 이게 처음이자 마지막
제 고등학교 생일파티였어서
정말 행복한 기억이었답니다
​
p.s. (농담입니다)
공대 아름이 체험하고 싶으시면
영재학교 가시면 됩니다
당시에 부울경 무리에서 저 혼자 여자라서
남자 n명이 중식당 한가운데서 생일 파티해주는 홍일점 체험
(대신 여자로 취급 받는 건 포기하세효)
이틀 나눠 먹어서 사쿠 생일날에도 냠
Previous image
Next image
이날 뭐였더라
그 교수님 한 분이 수업 날짜 착각하셔서
펑크 내가지고
오예~ 시간 났다~ 하고 집가서
신나게 김찌 2탄 만들고
간만에 반찬도 해서 먹었어요
정말정말 좋아하는 두부전!
아빠가 두부를 좋아해서
휴학동안 부산에 잠시 가정부(?)가 되었을 때
정말정말 많이 했던 요리
나도 두부요리 좋아하는데 맨두부, 찬두부는 싫어해서
좋아한다고 말하고 다니면 안될듯
그리고 또다시 야밤의 gs 행
근데 gs가 24시간이 아니었음
실화냐 이거
산책만 한 사람이 되.
낮에 다시 가서 찾아주었어요
히히히 뭐냐면
일본에서 한국에서 나에게로 온
이번 배웅회 유닛포카!
유료즈ㅎㅎ
그냥 whislist 유우시 착장이 너무너무 내스타일이라
보자마자 저능소비함
생각 없이 결제 갈겼다 그 말이에요요
저는 겨울을 사랑합니다
패션이 이쁘구요
벌레도 없구요
유우시도 잘생겼구요
눈도 와줘요
ㅎㅎ
너무 행복한 계절~
짜잔
틀린 그림 찾기
그림벗에서 작년에 그렸던 그림 가져왔어요~
그리고 또 급발진해서 치킨 시킴
먼가 배 안고프면 안 먹는 법을 알았는데
다시 까먹었음
공부를 핑계로 밥시간만 되면 뭐든 챙겨먹음
tmi로 저 노랑통닭 좋아해요
다른것들도 좋아하는데
혼자 먹을 때 몇 번 나눠먹기는 최고
말차 빈츠맛을 한 번 사봤는데요
불호
이거 한 입에 넣어먹으면 말차 맛 좋그든요?
근데 조금씩 먹어보세요
끝맛은 말차인데
시작이 약간 빅파이처럼 과일?느낌남
어느날 점심 집가는 길에 아기 괭이를 만났어요
삼색이여따
눈 많이 마주쳤는데
카메라 켜니까 유유히 사라지심
​
요새 이 동네 고영희들 많이 안보여서
오랜만의 냥이였다 ㅎㅎ
지옥같은 시험 직전 주말 시작
이번에 정리본은 빨리 끝냈는데
이거 왜이렇게 만항요?
모아놓고 보니 잣같았음
​
다행히 비뇨기는 찝어준 교수님도 많긴했는데
시간 부족이슈로
그냥 신장 : 비뇨기 순공 시간이 10:1 이었음 ㅜ
히히 그와중에 서안씨가 선물 투척해주고 감!!
이웃 주민 최고다~
저 봄날엔 처음 먹어봐요!!!
사실 놀랐던 점은 서안이가 깜짝 방문하기 전에
저도 카페에서 디저트 시켰거든여
간식 2배 이벤트
아 이번 신비 때 처음으로 아메리카노 도전 성공
효과가 있는지는 모르겠어요
엄마는 막 심장 떨려서 잠 못잔다하던데
그냥 평소랑 비슷했던듯
(천천히 마셔서 그른가)
​
저번에 먹어봤던 곳인데
오늘도 까눌레에서 카라멜라이징 맛이 강했으
뭐 그 맛에 먹는거긴 해서 맛있게 먹음
어떤 꼬마신사가 이리 귀여워?
(이 팬 왜이리 멘트가 아저씨야)
​
콘서트 이후로 지금 일본 홀 투어중인데
투어 덕분에 매주 새로운 무대 올라와서
지금 덕질 이후 최고조로 윗사맥 상태에요
​
항상 입덕이 최고조였는데 이런 그룹은 또 오랜만
너무 좋아 위시 화이팅!!
이번 시험 힘들었던 점)
주말 내내 오사카 공연으로 새로운 소실들이 올라옴
+ 애들이 토 일 다 위버스 라이브를 해줌
+ 유우시가 요새 타멤 라이브도 올출함
+ 토일 라이브 모두 진짜 개꿀잼...
근데 왜 나는 시험 직전인가
꽝꽝 얼렸다가
씹을 수 있을 때 먹음 ㅎㅎ
오 근데 요거트 맛 많이 안나서
(얼먹이라 그런가)
요거트 맛 진하면 못먹는 나한테는 완전 취향!
생각보다 꿀은 크게 존재감 강하진 않았고
(달달함 추가 정도)
그리고 뭣보다 많이 안달아서 좋았음!
적당히 달고 적당히 상큼하고 ~
​
예전에 살까하다가
초코코팅이 저렴한 맛이라 별로다해서 걱정했는데
제가 입맛이 둔한가봐요
아무 생각 없이 먹음
그냥 초콜릿 디저트였어요!
(이것도 얼려먹어서 잘 못 느꼈을지도?)
​
나중에 서돈내산 하지말고
내돈내산해서 다시 먹으려구요
어쨋든 대대대 만족이었다!
히히 그냥 셤 전날에 몸보신하고 싶어서
엄마가 해주고 간 미역국 끓임
개맛도리
저 미역국 완전 좋아하고 완전 잘먹어요
참고하시게.
이거는 토요일 위버라에요ㅠㅠ
시온리쿠 라이브였는데 우시가 공동참여함
왜이리 아기고 귀엽고 잘생긴것이지??
​
왜 흥분했냐면
저는 지독한 노세팅 쌩얼파거든요
하... 너무 좋다
팬들이 유우시 세팅 안된 머리 볼때마다
빗자루 개털 이래가지고
빗질하는 유우시도 너무너무...!
그리고 일요일 라이브는 무슨
쿠우쿠우즈와 막내즈의 더블데이트(?)였는데
하... 그걸 못보고 공부하고 있다는 생각에
정신병 걸릴거 같았어
​
그나저나 유우시가 체스에 푹 빠졌나봐요
나도 해보고 싶었는데 어려운 것 같아서 시도안해봤는데
갑자기 다시 해보고 싶다는 욕구가 생겨요
시간 나면 공부해봐야지
시험이 끝났어요
중간에 잠 못자고 버티는거 저번에 너무 힘들어서
12시에 치과예약을 해놔서
셤 끝나자마자 바로 갔어요
​
new 유지장치와 함께 귀가
꿀잼 컨텐츠 재밌었어요
집 가는 길에 뭐라도 딴짓 하고 싶어서
이마트 들렀다가 득템했어요
반값 개이득
소비기한 하루 남았긴 한데
내일 미역국 마져 먹고 끓여놓으면 되서 ㄱㅊㄱㅊ
​
사실 마트 들른 이유는 간만에
차돌박이라는 기름진 아이가 땡겼는데
가격 보고 바로 튀튀하고 구경하다가 발견했어요
​
고기도 일종의 사치품이기 때문에(?)
제가 아직 수령도 못한 굿즈에 쓴 돈들을 생각하며
사치를 줄였습니다
(냉동실에 엄마표 제육, 소불고기 재어놓은거 있어요)
​
그나저나 진짜 컬러돌 얼마나 많이 팔고 싶었으면
9월에 감염 개강 첫주에 산게
아직도 안와요
나는 다담주 2학기 종강인데 시앙...
​
이거 맞아요? 진짜 어이가 업서
낮잠 안자려했으나
실패
날이 참 좋아~
요새 진짜 춥던데 다시 오늘은 따듯하더라
다들 몸조심해유ㅠ
new 유지장치는
제 이름도 새겨져 있어요!
다시는 잃어버리지 마라고
치과의사 선생님 + 치위생사 + 아빠
3연타로 혼남
사죄합니다...
셤 끝났날에는
오히려 밤을 새서 식욕이 업서요
​
먼가 시켜먹을까하다가
다시 굿즈에 쓴 돈을 생각하며
(ㅋㅋ 그럴거면 사지를 마라)
자린고비의 마음으로
냉동실 털이를
(자린고비 치고 겁나 많이 먹음)
​
이상 신비 끝~
신장 비뇨기는 말그대로 신비였어요
(초성을 절대 생각하지마)
다음 글은 근골격계입니다
통계를 흐린눈으로 제외하면
2학기 마지막 과목!
(임상의학도 흐린눈)
사실 지금 좀 해야되는데 하기 싫어서
블로그로 도피해온거였어요
이제 할 일을 하께요
다들 홧팅~",https://blog.naver.com/doyazzi_life/224086792430,ただいま,20251124,2026-04-27 15:49:52
★파스텔초코스위트(대,#7. 입으로만 다이어트한 꿀꿀이의 9월 일상,"초코 동그란 케이크 ,, 화요일은 도시락 까묵고 일하다가 퇴근해서 저녁까지 먹구 언박싱하기 -♥ 저번에 포챠코 미니어처참 샀던 초록큐티상점에서 이번에 모으려고 벼르고 있었던 코기뮹 10주년 스위트... ","도대체 뭘 했다고 벌써 9월이신지 ..
왜 때문에 저는 곧 24살 정말 빼도박도 못하는
20대 중반이 되어버린 것인지 ..?
​
의문만 생기네요..
​
암튼 9월은 차곡차곡 밀리지 않고
매일마다 쓰겠다 다짐했지만
업무가 쌓여있을 예정이라 잘 지켜질지 모르겠어요 ,,ㅎ
​
암튼 9월 스타트
​
​
​
​
​
​
첫째주
9월 첫날이 되고 ..!
아침부터 사정없이 바빴숨메다
내 정신 거의 안드로메다
​
9월부터는 다시 차를 반납했기 때문에 ..^^
지하철 타고 퇴근해줘요
​
가뜩이나 부시시해졌는데
엄청 습한 날씨에 한껏 사자머리가 되어버려써요 ..🦁
​
​
​
​
쟈철 타고 김센터에서 내려서 버스 타고 가는데
하늘이 쪼매 예뿌길래
(근데 이러고 밤에 천둥번개가 와장창이었다눈거 ,,)
​
집 가는 길에
쿠쿠 약도 처방 받아오고 쿠쿠 소독약들도 사서
매우 더운채로 도챡
​
​
​
​
다이어트를 시작했으므로,
저녁을 일찍이 조금만 먹고 공부합니도
​
이번 2학기는 바쁘고 힘들더라도
할 것두 많구 면허를 아주아주 따고 싶기 때문에
무리해서라도 하기로 했어요
​
근데 이번 2학기는 업무가 정말 많을 예정이라
가능할지 모르겠셔요 ..ㅎ
​
​
​
​
점점 가을 되는게 느껴졌던 옙흔 하늘 ..
예쁜 본관, 하지만 올라가긴 싫은
​
​
​
​
이번달부터 차 없이 다니니 넘 불편한고에요…
​
지하철보다 버스가 좀 편하게 갈 수 있을 것 같아서
오랜만에 버스 탔는데
멀미를 지대루 해버려써요 ,,ㅎ
​
​
​
​
집 와서 밥 먹고 할 일 열심히 하고 싼 도시락
​
최대한 점심은 도시락 싸다니려구 하고 있는데
쿠팡에서 우렁이 할인 하길래
냅다 사서 저당쌈장으로 우렁쌈밥 도시락 싸쥼ㅎ
​
​
​
​
수요일도 열심히 일하고
퇴근해쥽니다
​
2번이 이번에 뒤에 하차문이 생겼더라구요
안에 너무 좋아서 하나 찍어봤는데
정작 내부가 안보이는 이슈가 ,,
​
​
​
​
그리구 쿠팡에서 쇼핑한거 정리하깅
​
가뿐한끼 카레 먼저 먹어봤는데 괜찮길래 여러개 주문하구
반찬할것들이 별로 없길래 나물이랑 닭가슴살 스테이크도 쥬문
​
​
​
​
그리구 깎언니? 채널 통해서 산 올리브유랑 아보카도오일!
​
추석 선물세트로 나온거였는데
일단 하나 먹어보구 좋으면 또 사야짓
​
​
​
​
그리고 목요일
수요일 저녁에 싼 점심 도시락 야무지게 까먹어쥬고
열심히 일 하다가 퇵은 해줬는데……
​
​
​
​
내릴때 되니까 갑자기 호우주의보 문자 오면서
확 비가 쏟아지는 것…
​
심지어 우산도 없었음
​
​
​
​
중간에 우산 사서 썼는데
우산 사러 가는 와중에 다 젖고
비가 다각으로 와서 ,, 홀딱 젖어버렸고요 …
​
​
​
​
집 와서 언박싱해조요
택배온지 이틀 뒤에서야 한 언박싱 ,,ㅜ
​
​
​
​
원래 랜덤 잘 안하는 편인데요 ..?
페클 얻으려구 3개나 샀고둔요 ..ㅎ
그 중에 열심히 모으는 쿠리링두 나왔고요
​
​
​
​
드디어 산 스누피 운동화 핑크 키링
아주 옙호 ..
​
​
​
​
그리구 토끼탈 스누피 키링은
마스코트 모으는 곳에 전시하깅
​
이고 토끼탈 너모 예뻐서 화이트도 주문해벌임 ..
​
​
​
​
가와구치 실리콘 1탄은 구매 실패했었는데
2탄이 너무 파스텔톤으로 잘 나왔길래
퍼플, 핑크 두개나 쥬문함 ..ㅎ
​
​
​
​
그리고 이 날 ~
진짜 기분 많이 안좋았는데
아빠랑 전화로 싸우기까지 하니까
진짜 스트레스 엄청 받아버림
​
너무 우울해하니까
남자친구가 와서 위로해주고
맛난거 같이 머거줘따
(다이어트 바닥에 던져버림)
​
​
​
​
벌써 금요일이 되어버리구 ,,
금요일은 점심 회식하고 인수인계 받고 피드백 받고
하느라 바빴는데
​
너무 힘든 상태에서 버스타고 가기가 너무 싫은거에요?
​
그래서 남자친구 꼬셔서
택시타고 같이 퇴근해용
혼자서 가면 택시타는거 너무 돈아까버요 ..ㅎ
​
​
​
​
그리고 집에 갔다가
삼겹살이 너무 땡기기두 하구
남자친구가 귀칼 보는데 영화 같이 봐달라구 하기도 했구 그래서
첨단으로 놀러감
​
​
​
​
야무지게 꾸워먹은 굡살
저 이번주 그날 전 주라서 괜차나요 .
(자기합리화)
​
​
​
​
소금구이도 먹었는데
멜젓 너무 마싯자나요
​
부산 해운대 엄용백 돼지구이에서
멜젓 먹고나서부터 이제 고기 먹을 때 멜젓 없음 허전해 ..
​
남자친구가 원래 멜젓 좋아해서
남자친구 맨날 찍어먹을때 나는 고냥그랬는데
이제 같이 찍어머굼
점점 취향 동기화
​
​
​
​
그리구 남자친구랑 밥먹고 게임방 가서
야구 했는데
겨우 3번 친거 실화냐고요
​
내 운동신경 어쩔
​
​
​
​
남자친구는 게임방 오면 펀치를 꼭 하는데요
저는 옆에서 구경합네다
​
@남찡구
예전에 9100점까지 하셨던고 같은데
요즘 다이어트 하시느라 힘이 마니 빠진거 같아용~
다음 펀치 기대할게용~
​
​
​
​
글구 남자친구 브앞피 혜택으로
첨단 새로 생긴 롯시에서 영화보깅
​
팝콘은 항상 ,,
미듐은 적고 ,, 라지는 댕많아서 남기고 ,,
그래도 욕심버리고 미듐 먹움
​
요즘 음료수 먹어야될 때 있음 무조건 제로 먹는데
제로도 먹다보니 맛있도라구요
​
​
​
​
이번에 새로 생긴 첨단 롯시 진짜 넘 조와요
리클라이너 위에 팝콘 고정되는 것두 있고
새로생겨서 그런가 넘 쾌적하고
자리도 넘 좋더라구요
​
원래 영화관에서 다들 뒷자리를 선호하시잖아요?
근데 첨단 롯데시네마는
약간 앞쪽으로 앉아도
충분히 내려다보는 느낌일 것 같더라구요
​
암튼 쾌적하게 영화 봤는데 ,,
왜 귀멸의칼날 재밌나요 …
​
이번에 아예 안보고 그냥 갔는데
오째서 재밌나요 …
이제 귀칼까지 보게 생긴 나 ,,
​
​
​
​
토요일은 담양 가서 친척들이랑 장어 먹었는데
오랜만에 먹은 장어 넘 마싯자나…?!
​
너무 피곤해서 안갈까 하다가
장어 먹는다길래 쿠쿠 병원 갔다가 바로 달료감
​
​
​
​
그리구 일요일
이 날도 왕왕 스트레스 받는 일이 있었는데
결국 몸져누워버리고
몸 안좋아서 자는데 남자친구가 몸이 펄펄 끓는다고
간병해줌
@남찡구 물수건 곰아오🥹
​
하 ^^ 이거 괜찮으면 저거 안괜찮고
정말 짲응나네요
​
​
​
​
스트레스 받는 나의 심정을
먹는걸로 푼다 -⭐️
​
분식으로 1차전 조지구
​
​
​
​
2차전은 칰힌
내살앙 갓튀후 ..
​
치킨 먹으면서 귀칼을 야무지게 조져줘써요
귀칼까지 보는 ㄴㅏ ..
​
​
​
​
​
​
​
둘째주
​
​
월요일은 아파서 골골거리느라 삭제되구
화요일 …ㅎ
​
추적추적 내리는 비 구경하면서
퇴근해조요
​
​
​
​
버스가 추웠는지 지대루 올라온 알러지
몬가 나도 내 몸이 신기해서 찍어봄..ㅋㅋㅋㅋㅌ
(불평아니에요.. 시원한거 완전 극선호하는 편 ,,)
​
비 많이 와서 그런지 크게 덥진 않았던 9월 첫쥬ㅎㅡㅎ
​
​
​
​
남자친구는 그 다음 버스 타구 오고 있어서
필름 갈구 약국 가서 알러지약 머거쥼
​
​
​
​
그리구 집 와서 깨꼿하게 씻고
라방 보기~!
​
기여운 앵두랑 페클이랑 라방 보는 일상
너모 행복하쟈나
여기서 앵두 = 남찡구
남찡구 새로운 애칭 맹그러쥼 ..ㅋㅎ
​
​
​
​
그리구 앵두가 해쥰 고기국수 ..♥
​
제 취향만 들어간 요리 자주 해주는데
요즘 앵두씨가 너무 바빠지셔서 요리를 초콤 안해주셨거등요?
근데 제가 너무 요즘에 우울에 지배되는 일이 있어서
두손 걷고 주방에서 혼자 내내 뚝딱뚝딱 만들더니
존맛탱 고기국수가 ..!
​
육수며 뭐며 다 앵두씨 핸메 -🍒
너무 마싯엇담미다 ..ㅎㅎ
애초에 오직 내 취향대로 만들어진 음식이라 입맛 저격에
우울한 나 때문에 힘들텐데도 요리 해주는 정성과
그 마음이 너무 고맙고 예뻐서 또 무엇보다 넘 맛있어서
다시 힘내기로 했움
앵두씨 고마워요 ♥
​
​
​
​
그리구 고기국수 맛나게 먹구
간식 뇸뇸하며 귀칼 보기
​
하 ., 렌고쿠가 날 울려 ..
이날부터 렌고쿠맘 되어버림
​
귀멸의칼날 왜이렇게 재밌나요
왜 전 이제 알았나요
무한성편 보고나서부터 귀칼 없인 살 수 없게되었어요
렌고쿠 굿즈 예쁜거 짱많던데 ..
네즈코두 넘 기엽구
귀칼 굿즈 피규어 살까바요 ..
​
​
​
​
그리구 요즘 먹구 있는 콜라겐이야요
​
싸이언티픽 콜라겐인데
거의 한 .. 4년차 정도되는 다육이인데
유튜버 다빈님이 공구하시는걸로 사봤어요
​
꾸준히 다빈님 추천템을 써왔었는데 넘 좋았어서
이번에 피부가 엉망이 되는 바람에 ..
피부관리 하려고 먹고있는데 부담도 없고
원래 뭘 잘 안챙겨먹는데 요건 매일먹구 있어용
​
효과 좋으면 계속 먹어보려구용
​
​
​
​
그리구 수요일
학부생 분 중에서 대학원 궁금해하시는 분이 계셔서
설명 열심히 해드리고 다시 연구실 올라가는길
​
​
​
​
하늘 넘모 예뿌차나 ~?
가을만 되면 뛰쳐나가고 싶은 병이 있어요 .
​
​
​
​
저녁은 곱도리탕 먹어쥼
​
요즘에 열심히 먹는 내 콩밥🫘
작년에 다이어트 할때 콩밥 꾸준히 먹으니까
효과 좋았어서 요즘 다시 검은콩과 가까워지는즁..
​
​
​
​
원래 딱복인데 물복이 되어버린 복슝아
​
제 최애 과일은
어렸을 때부터 무조건 남바완 복숭아 인데요
이번엔 여름 끝자락에 겨우 먹어보니요 홀홀..ㅠㅠ
​
넘 마싯는 복숭아 ..
복숭아 ,, 최고야 …
​
저는 흔하지 않다는 “딱복파”입니다
물복 먹다보니 딱복이 너무 땡겨요
아각아각 먹는 딱복
최고 bb
​
​
​
​
목욜 삭제되고 금욜
목요일은 일 열심히 했지만 ? 사진이 없는 관계루 ..ㅎ
​
금욜은 새벽 4시에 기상해서 ,,
하루가 정말정말 길었댜 ..
열심히 보고서 쓰고 퇴근 !!!!!
​
​
​
​
집 도착했더니 택배들 속속들이 도착
​
이번에 파일도 너무 필요하구
메모지도 너무 필요해서
크림포니몽 사장님 라방 처음으루 들어갔다가
스누피 문구템 전뷰 사옴 ㅎㅡㅎ
​
일상 속에 스누피가 하나씩 들어와있는게
너모 행복해
​
​
​
​
요게 다 서비스 ..
메모지 밑으로 다 받은건데
넘 유용기욤템들이자나 ..
​
​
​
​
좀 살쪄보이는 마멜 인형 원형 트레이랑
발레리나 마멜, 챠미키티 머리집게핀
달방 없어져서 넘 아쉽지만 라방 넘 재밋자나 ..
​
재고가 늘 넉넉한 달방
사장님 최고
​
​
​
​
그리고 그리고 그리고 !!!!!
코기뮹 10주년 스위트 디저트파티 누이구루미 ..
​
넘 가지구 싶어서 사장님 출장가신다기에 부탁드렸는데
현지에 전부 품절 ㅜㅜ
​
그래서 여러모로 못사다가 네이버에서 찾아서 사따
기뮹이 누이.. 나에게로 ..
얘 누가 안기엽다 햇냐구 넘 기여운데 ..ㅠㅠ
뽀용뽕실 그 잡채 🥹
​
​
​
​
포차코 미니어처참 .. 찾은 사진 ..^^
원체 정리를 안하다보니 ,,
또 정리 안한줄 알고 잊어버린줄 알았는데
오히려 정리를 너무 잘해서 이미 넣어놨던 나
정리를 습관화 하자 !
​
​
​
​
그리구 주말 점심
아빠도 늦고 밥 해먹을 것도 없어서 ,,
또 배달 먹기 ...
​
그래도 요즘 도시락 싸서 다니기도 하고
배달 시켜먹는걸 줄이기는 했지만 ,,
건강을 위해서라두 앞으로 더 줄이자고 다짐 ...
​
​
​
​
일요일은 아빠도 일이 많으셔서 일찍이 가시고
여자의 날이 되었기 때문에 ,,
집에서 한참 쉬고 빈둥빈둥 보냈움 ...ㅎ
​
​
​
​
호르몬이 이렇게 무섭습니다...
다이소 갔다가 원래 파바 안먹으려고 하는 편인데
뚜레쥬르 빵 전멸이라 파바로 들림 ,,
​
호르몬의 노예가 돼...
​
​
​
​
저녁은 남자친구가 놀러와서 같이
귀멸의칼날 보면서 족보 먹기 ㅎㅡㅎ
​
왜 일륜도 키링에 렌고쿠 안끼워조요
렌고쿠 끼워조...
렌고쿠도 일륜도 키링 맹글어줘...
​
​
​
​
​
​
​
셋째주
점심은 돈까스 오므라이스 먹었는데
날씨가 계속 습해서 그런지
오랜만에 요런 돈까스가 땡겼다눈고 ..ㅎ
​
오무라이스 안에 있는 볶음밥은 고냥 쏘쏘였는데
돈까스랑 계란이불이 넘 마싯엇움 ..
​
​
​
​
요건 저녁에 먹은 우유에 초코케익 말아먹깅ㅎ
​
남자친구가 알려줘서 이렇게 먹기 시작했는데
진짜 제일 맛있는조합은 사실 ,, 뚜레쥬르 초코 동그란 케이크 ,,
​
​
​
​
화요일은 도시락 까묵고 일하다가
퇴근해서 저녁까지 먹구
언박싱하기 -♥
​
​
​
​
저번에 포챠코 미니어처참 샀던 초록큐티상점에서
이번에 모으려고 벼르고 있었던
코기뮹 10주년 스위트 디저트파티 시리즈
입고 되었다길래 라방 참여해서 열심히 겟해냄 ..🥹
​
키티 사각트레이 너모 예뿌지 않나요..?
저는 누이나 마스코트 이런 것들두 모으는데
이런 실용템들도 넘 좋드라구용
​
이거 말구 위에 올렸던 원형 마멜 트레이두
연구실 가져가서 쓰려고 산거였는데 ,,
집에서 쓰고픈 마음 ..
​
​
​
​
그리구 사장님이 주신 서비스들 ..
​
않이 .. 사장님 남는거 있으시냐며 ..
코기뮹 많이 샀더니
산리오 마이데코백 시리즈 랜덤 중에
코기뮹 넣어쥬심
​
만원중반대로 다른 소품샵에서 같은 랜덤에서
쿠리링 피아노 페클 겟했어서
안그래두 코기뮹도 하나 할까 했었는데 ,,
서비스 이런걸로 주셔도 되는거냐구요 ..
감동받움 ..
​
​
​
수요일은 진짜 마법 때문에 용궁 갈 뻔 했는데오 ..?
그래서 저녁에 고기로 충전함 ,,
​
요즘 점점 더 지독해져서 너무 힘든 ,,
한약 다시 먹고싶어 ...
​
​
​
​
미친고기 오랜만에 오니까 너무 맛있구 ㅜ
​
​
​
​
미친고기는 역시 사이드 맛집 ..ㅎ
​
사이드까지 완벽하게 뿌수고
집가서 집안일 하고 뻗어버림 ..
​
​
​
​
목요일은 아침 일찍부터 삼성 기사님들 오셔서
세탁기 고치고 쿠쿠 병원 다녀오기
​
쿠쿠 약도 새로 받고 주사도 맞히고
점점 더 좋아지길 바라면서 진료 받고!
화이트리에라는 빵 맛집이 집 앞에 생겼길래 항상 궁금했는데
시간 여유가 있어서 드뎌 가봄
​
항상 오후에는 품절로 되어있거나
닫혀있어서 못샀는데
드됴 겟!
​
남자친구랑 먹으려구 집에 사두고
바로 출근ㅎ
​
​
​
​
출근해서 열심히 일하고 퇴근 ㅎㅡㅎ
​
요즘 요 챠미키티 집게핀 아주 잘하고 다니는데
너무 색깔도 예쁘고 일단 머리가 안쨍겨서 안아픔!!!
​
이거 똑같은걸로 하나 더 살지
아니면 다른 캐릭터로 살지 지독한 고민즁...
​
​
​
​
그리구 남자친구한테 선물한 손흥민 선수 유니폼!!!
​
남자친구가 손흥민 선수를 제일 좋아하는데
내 취미는 누구보다 잘 이해해주고 존중해주면서,
정작 본인의 취미에는 항상 마음도 돈도 잘 쓰지 못하는 모습에
생일선물로 선물함 ❤︎
​
제일 첫 유니폼 선물해서
취미에도 투자하고 그만큼 행복을 쌓아가는
그 가치를 알게해주고 싶어서 선물해따 !!!
​
24-25 시즌 손흥민 선수 우승 때 유니폼으로 샀는데
잘 몰라서 비싸더라도 손흥민 선수가 직접 유니폼 입었던 사진이랑 비교해가며
아예 똑같은걸로 정품 확인 전부 하고 사따
​
사실 깜짝 놀래켜주려구 말도 안하고 사서
다른 택배 온거 여는 것처럼 남자친구가 스스로 열게 했는데
남자친구가 보자마자 좋아서 뛰어댕기는 모습을 잊을 수가 없움...ㅎㅎ
너모 행복해하는 모습에 괜시리 나까지 뿌듯했는데
앞으로 또 사주려면 돈 열심히 벌어야지
​
​
​
​
목요일은 엄청 공감되는 게시물과 함께 시작해서
열심히 일하고 퇴근!
​
​
​
​
퇴근하고 남자친구랑 집와서 버거킹 뿌시기
​
남자친구 최애인 트러플?버거가 재출시돼서
두개 시켜두림 ...
나는 온리 몬스터와퍼 ,,
​
​
​
​
금요일은 교직원이랑 동등하게 인정돼서
카드 발급 받을 수 있다길래 냅다 신청했던거
카드 배송와서 수령받움
​
얏호
​
​
​
​
요즘 빠진 문구템들두 괜시리 예뽀소 찍어와보깅
​
​
​
​
그리구 집 와서 언박싱하는데
메리마치 사장님이 이로케 큰 선물을 쥬심 ...❤︎
​
담달 생일인데 생일 선물 받은 기뷴 ,,
열심히 예뻐해조야지
이 친구도 넘 가지구 싶었는데
요즘 시나모롤 너무 예뿌잔아 ?!
​
​
​
​
그리고 이번에 같이 산 여권지갑!!!
​
여권케이스는 이미 시청에서 발급 받을 때 준게 있기두 하구
여권 훼손 문제로 케이스는 안바꾸고 하는게 좋다길래
지갑으로 사따
​
해외에서 자주 쓰는 카드도 넣을 수 있고
맘에 쏙 들어 ...
​
​
​
​
그리구 저녁은 치맥으로 ㅎ
​
금요일 저녁은 귀칼이랑 치맥으로 불태우고
새벽에 집에 있는 옷정리 싹 끝냄
드디어 몇년간 묵은 체증 싹 내려가는 옷정리 ,,
​
편한 것들만 골라입는 습관 때문에
몇년간 아예 안입고 나간것도 있어서 그런 것들 다 모아모아
기부업체에 보내기로 해따
​
​
​
​
토요일은 일어나서 남자친구랑 뼈해장국 한그릇 뿌셔주고
메리마치에서 구매한 리멘트들 다 조립해서 전시하깅
​
전시장 잠깐 다르게 조합 바꿨다가
원위치 시키기 ,,
​
​
​
​
요번에 산 생일 시리즈
담달 생일에 들고 놀러가야지
​
​
​
​
토요일 저녁은 아빠랑 일요일에 벌초가기로해서 밥 먹고
일찌감치 라방 보면서 놀다가 쉼..ㅎㅎ
​
이번 달방 라방 중에 제일 기대하고 있눈 체크키티 에코백 ..
요거 A4사이즈도 들어간대서
이번 겨울 학회 때 들구 다니려구 샀는데 넘 기대즁 ..
겨울의 폭닥포근한 느낌이라 넘 기여오..❤︎
​
​
​
​
일요일은 예정대로 벌초하러 가기~
​
최근에 산 코기뮹 10주년 스위트 디저트파티 랜덤키링인데
풀박스 할줄 모르고 두개 미리 샀던게 있어서
중복 2개는 맘껏 달고 댕기기로 ..ㅎㅡㅎ
​
​
​
​
할부지 할무니한테 인사하러 가는 중인 기야미 쿠쿠
​
​
​
​
아빠가 알밤 발견해서 냅다 주워옴
밤송이 알밤 ,, 어감 넘 기엽자나
​
​
​
​
날씨 너무 선선하고 바람 부니까 시원하고 좋아서
기분도 같이 좋아졌슨.,.
​
​
​
​
모기한테서 쿠쿠 지키기 .,.
모기가 앉지도 못하게 하려고 보이면 무조건 잡았더니
한 열댓마리 잡음
​
​
​
​
근데 정작 나는 왼쪽 팔만 10방 물림
​
​
​
​
벌초하고 먹은 갈비 점심
댕꿀맛이야..
​
오랜만에 먹은 담양갈비
최고
​
​
​
​
그리고 고모집에서 뻗었다가
겨우 살아나서 저녁에 놀러가기
​
남자친구랑 오랜만에 쇼핑 데이트가기로 해서
롯데아울렛 구경가는즁
​
​
​
​
딸기라떼 벤티에서 한잔 테이크아웃 했는데
옷가게들은 음료 못들고 간다는걸 망각함..
​
원래 커플 바람막이를 맞추겠다는 요량으로 갔는데
생각보다 예쁜게 없어서 속상했슘 ..
​
그래두 이번에 예쁜 패딩조끼를 찾았다눈고 ..ㅎ
암튼 열심히 쇼핑하구
​
​
​
​
전에 친구가 전파해줬던 양꼬치 맛집 와죠씀
​
여기 양꼬치 진짜 댕마싯는데
다른 것두 다 마싯어요
​
​
​
​
일단 보끔밥
옛날 중식집 볶음밥 스타일에
하나도 기름지지 않고
라이트한 볶음밥 느낌이에용
​
남자친구는 볶음밥 자체가 무거운데? 라는
쌉T적인 발언을 했지만
라이트한 느낌의 볶음밥이에요 암튼
@남찡구
공감. 공감. 공감.
​
​
​
​
그리고 너무 배고팠던 나머지
사진을 제대로 예쁘게 못찍은 짬뽕탕
​
남자친구가 조금 먹더니
소주 땡긴다고 급 노선변경해서 혼자 소주 마셨던 짬뽕탕입네다
​
​
​
​
그리구 마파두부
이건 원래 계획에 없던건데
한창 양꼬치 먹다가 뒷 테이블 분들이 마파두부 드시는게 너무 맛있어보인다기에
남자친구 시켜드렸어용 ..ㅎ
​
근데 마파두부 추가 안했음 후회할뻔 햇서요
마파두부 진짜 엄청 맛있었어요
근래 10년간 먹은 마파두부 중 이게 원탑이에요
​
​
​
​
이모님이 토마토 계란탕 서비스로 주셨는데
얘 왜 마싯어요?
다음엔 토달볶으로 간다
​
​
​
​
그리구 헤어지기 아수워서 카페도 들려쥼ㅎ
​
남자친구가 찾은 곳인데
분위기도 넘 좋고 좋아써요
​
​
​
​
일단 인테리어 넘 내취향 ...❤︎
​
​
​
​
저는 엽서 벽에 붙이면 진짜 찐따스럽게 밖에 안붙여지던데
다른 분들 감각 머선일이야 ,,
나만 이쁘게 못붙여 ...
​
​
​
​
유튜브에 있는 때잉님 플리 나오는데
노래도 다 내 취향 ..
때잉님 플리 자주 듣는데 넘 좋자나
​
​
​
​
그리고 사장님이 가져다주신 디저트
​
여기 밀크티도 맛있고 디저트도 짱이에용...
말렌카 케이크만 주문했는데 크런치 뿌려서 아이스크림까지 같이 나와요 ,,
댕행복해 ...❤︎
​
​
​
​
특히 저 아아 컵이 제일 맘에 들어서
요거 사려구 담아놔써요 ㅎㅡㅎ
​
​
​
​
그리구 롯데아울렛 크록스에서 산 마넌짜리 스쿱 랜덤 지비츠!!
지비츠 통이 있는데 마넌이면 그 안에서 한스쿱 퍼서 가져갈 수 있습니댜
​
사실 개별로 사려고 했는데
사장님이 맘에 드는것도 포함시켜서 스쿱으로 떠도 된다셔서
바로 고민없이 한스쿱 했어용
​
​
​
​
이 날 복터져가지고
여기 사장님께서도 제가 맘에 들어했던 하트 지비츠랑 무지개 지비츠, 핑크체인지비츠
포함시켜도 된다구 같이 담아주셨어용 ...❤︎
​
좋아하는 사과당 파이도 우연히 운좋게 샀는데
결국 이 날 못먹은 이슈 발생 ,,
​
​
​
​
​
넷째주
전날 보고서 작성 때문에 늦게 잔 나머지 ,,
댕피곤했던 월요일
​
조금 늦게 퇴근했지만 ?
영화보러 가기 ><
❤︎
​
​
​
​
상무지구에서 그래도 좀 유명한데라고 했는데
진짜 오랜만에 돈아깝다는 생각함
​
직원들은 다 화나있고
왜 식당 안에서 밥 먹는 사람들이
직원들 눈치를 봐가며 밥을 먹어야하는지 모르겠음
​
이렇게 맛없고 불친절한 곳을
내가 남자친구한테 가자고 해서 갔다는게
화나고 짜증남
​
​
​
​
피곤해서 짜증낼 기운도 없고
여기서 내 기분 망치고싶지도 않고 그래서
맛난거 먹고 풀자 ! 하구
영화관에서 핫도그도 주문해서 들오가깅
​
내 귀칼 2회차 ,,
절대 지켜 ,,
​
​
​
​
귀칼 1회차는 정말 아예 아무것도 모르고 갔었는데
이번 2회차는 귀칼 전편 정주행 때리고 귀칼 파는 중에 간거라
너무너무 새롭고 조아씀 ..ㅎ
​
1회차 때는 뭐 오니...? 무잔이 오니의 왕이고
머 우부야시키가 꾸린 귀살대가 오니를 잡는거다 이런 식으로만 알고 있었어서
뭐 타마요, 유시로 서사도 몰랐고
네즈코는 왜 누워있으며 우루코다키는 누구고
그냥 혈귀 때려잡는 씬들 보면서 오오오만 하다가 왔는데
​
2회차 때는 이제 서사 다 알고 보니까
너모 재미써 ...!
​
그리고 2회차 때는 하쿠지에서 눈물 안흘렷듬
우리 쿄쥬로 마지막까지 조롱한거 다 알고 있어 아카자
​
❤︎ 요즘 내 최애 = 쿄쥬로 ❤︎
​
​
​
​
화요일은 미팅 있어서 점심 일찍이 먹구
열심히 일하구 퇴근 !!
​
요기 오므라이스+돈까스 넘 마싯눈 ..
​
​
​
​
퇴근 일찍 해서
학회 출장갈 짐 싸는데
준비해둔게 없어서 내내 세탁 건조 세탁 건조 돌리느라
정신 1도 없었움
​
​
​
​
저녁은 김치찜으루
​
학회 간다고 장 안봤더니
냉장고 텅텅이라
먹을게 하나도 없어버려 ..
​
오랜만에 먹은 김치찜 짱맛
​
​
​
​
저녁 먹고 출장 때문에
아빠한테 쿠쿠 맡기구 집 다시 와서
빨래 기다리면서 스누피 빈티지 인형 손세탁하깅 ㅎ
​
​
​
원래 이랬는데 세탁하니까
저 노랑이 부분이 다 벗겨져서 하얘져버림 ,,
그래두 하얘두 기여웡 ㅎ
​
​
​
​
복숭아 먹으면서
내내 짐싸고
​
​
​
​
수요일 출발!
주암 휴게소에서 간식 먹으면서
겨우 잠깸 ..ㅜ
​
전날 짐쌀때 갑자기 알러지 올라와서 약 먹었더니
잠을 잤음에도 약기운 때문에 삽삽피곤 ..
​
​
​
​
진영휴게소에서 또 맛난 점심 먹깅 ><
​
전에 제육 맛났어서 먹었는데
휴게소 음식 아닌거 같움 ㅎ
​
​
​
​
학회장 도챡
첫날만 발표 있어서 열심히 학회장 가깅
​
​
​
​
선배님들 발표하시는거 열심히 보고
추첨행사까지 열심히 봄ㅎㅎ
​
​
​
​
그리고 호텔 체크인해서
짐만 잠깐 풀고 저녁 머그러 가쥼
​
​
​
​
이번에도 부산 맛집인 해목으로 ..
​
저번엔 카이센동 먹었었는데
카이센동 맛집이더만 히츠마부시도 맛집이네 ..!
​
​
​
​
한마리 반 메뉴? 먹었는데
양 많았지만 맛있어서 끝까지 다 먹음!!!!
​
양갱두 완젼 내 취향
히츠마부시 새로운 메뉴로 시켜보길 잘해따
​
​
​
​
오차즈케까지 뿌셔조요..ㅎ
예전에 교토 갔을 때 쿄우나와라고 예약해서 장어덮밥 먹은 기억이 있는데
오랜만에 장어덮밥 맛있게 먹은거 같아용?
​
교토 쿄우나와는 해외여행 초심자였던 제가
그래도 예약하면 좋지 않을까? 하고 예약하고 갔다가
직접 가서 보니 예약이 꽉 차면 워크인 아예 안받는 곳으로
비싸도 굉장히 맛있었던 곳이거등요
​
암튼 해목 카이센동이랑 히츠마부시 다 맛있어요!
진짜 하나만 고르라고 하면 앞으로 진짜 하루죙일 고민해야할 것 같아요 ,,
해목 최고 ,,,
​
​
​
​
인테리어도 넘 제 취향인데
알고보니 마제소바랑 츠케멘 가게도 해목 사장님이 오픈하셨다더라구요
​
다음엔 마제소바다..!!!!
​
​
​
​
그리고 올리브영에서 살거만 후딱 사고 귀가합니댜
​
이번에 메리마치 사장님께서 선물로 보내주신
고냥이 모롤이 데려왔는데 넘넘넘넘넘넘넘 기엽쥬 ,, ㅠㅠ
​
제 이번 출장 메이트에용
이름은 전시냥 ..ㅎ
볼터치까지 야무지게 한 이뿐 모롤이에욥
​
​
​
그리고 이틀차는 점심식사로 시작!
​
실험실 모두 같이 식사할 수 있는 장소에
룸 있고 정갈하게 나오는 곳 찾아서 예약했는데
선택 잘했다 생각 들었던 곳.. ㅎㅡㅎ
​
​
​
​
솥밥 파는 곳이었는데
진짜 반찬 너무 정갈하게 잘 나옴 ..
​
심지어 반찬 다 미싯오
​
​
​
​
돼지고기 솥밥 주문했는데
동파육? 장조림 같아서 짱 마싯엇음
​
솥밥 먹고 누룽지 못먹는게 조금 아쉽긴 했지만
메뉴도 맛있고 정갈, 깔꼼하게 잘나와서 넘 조아따
​
​
​
​
식사 후에 차타고 가다가 본 스누피 플레이스 ㅠㅠ
다음엔 꼭 가주마 ...
​
​
​
​
한화호텔 밑에 있는 카페 가서 다같이 커피 한잔 했는데
라떼에서 물맛나요
​
​
​
​
그리고 할 일이 너무 많기 때문에
학회장 안에 돌아다니기보다 얼른 보고서 쓰는게 낫겠다 싶어서
카페에서 그대로 앉아서 일하기 ...
​
이때 일 더 했어야해써 ...
정보전산원 화재로 법령 조회가 불가능해서
이 때 이후로 더 작업을 못하고 있음...ㅠ
​
​
​
​
출장 마자막 저녁의 식사는 뷔페...!
​
한화호텔 2층에서 바로 만찬이 있어서
야무지게 뿌셔줘써요ㅎ
​
아직도 고등학생과 다를것 없는 저이지만 ,,
점점 소화력 떨어지는게 느껴지고요
요즘에 뷔페 2그릇 먹으면 배불러서 더 못먹겠셔요
예전에는 4그릇은 먹었던거 같은데?
​
암튼 뷰맛집 요리맛집
쉐프님도 짱친절하셨던 ,,
​
​
​
​
명찰이랑 브로슈어?도 같이 찍어주고
짐 왕창 가져온 것들 다시 왕창 싸서 준비 다 해두고
둘째날 마뮤리
​
​
​
​
마지막날두 점심 먹으러가면서 시작합니댜
​
저번에 갔던 밀면집 너모너무 맛있었는데
똑같은 곳으로 ><
​
​
​
​
육전 올려져있는 물비빔밀면인데
전에 먹었던 곳이랑 맛이 제일 비슷하기두 하구
곱빼기 먹어두 다 먹을 수 있어서 조아요
​
​
​
​
밀면 맛나게 먹구 텐퍼센트 가면 무족권 먹는
말차딸기라떼 때려쥬기
​
​
​
​
광주로 이동하는 중에 찍었는데
요즘 진짜 점점 논이 황금빛 띄니까 넘 예뿌잔아요...
너무 힐링이자나요...
​
​
​
​
팡주 도착해서~ 오자마자 짐 정리 조금 하고
순천으로 내려가줍니다
​
순천집 앞에 풍미통닭이라고 엄청 유명한 치킨집이 생겼다는
아빠정보통을 받아서 순천 가자마자 포장대기 해쥼
(포장 40분...)
​
​
​
​
후라이드랑 마늘 둘 중에 하나만 선택할 수 있다고 해서
마늘로 했는데
치킨 자체는 진짜 바삭하고 마늘도 맵싹하고 맛있었음
​
하지만 절단 닭이면 진짜 더 맛있겠다 싶은
마음은 어쩔수 없이 들더라구요
아무래도 아부지가 치아가 안좋으셔서
많이 못드신게 조금 아쉬웠다는 아주 지극히 개인적이고
사소하고 주관적인 제 생각입니댜
​
하지만 브랜드 치킨보다 더 마싯어요
​
​
​
​
토요일은 아빠가 점심 쯤에 데리러 와서
같이 별량 가줘써요
​
​
​
​
그리고 원협 가서 장보면서 아이스티 한잔 때려쥼...ㅎ
​
토요일 저녁
일요일 낮
전부 잠으로 스킵되고...
​
​
​
​
일요일 오후
다시 팡주로 올라가줘용
​
가다가 본 무지개
넘 예쁘쥬?❤︎
​
​
​
​
담양 큰고모댁에 잠깐 들려서 양파 내려드리고 가야해서
담양 온김에 읍내 한번 들려줌ㅎ
​
저번에 블로그에서도 얘기한 적 있던 것 같긴한데
담양 칠링스 쿠키 대존맛
완전 찐헌게 그냥 내 스타일이셔 ...❤︎
​
​
​
​
그리고 집에 오니 드디어 택배가!
​
이번에 달방 라방에서 산 것들인데오
하 ,, 너무 예뻐...❤︎
​
​
​
​
잠깐 자❤︎랑❤︎타❤︎임❤︎
​
요즘 키부부가 유행이자나요
키티가 라부부 스타일로 나와서 키부부인데
저는 이미 키티는 있어서 마멜 샀구요?
​
잠옷 파자마 시나모롤 너무너무너무 예쁘죠...?
너무너무너무 뽀용하죠...?
너무 내꺼야...❤︎
한눈에 반해쎠 ...
​
그리구 새로나온 멜쿠 마멜 미니 마스코트랑
이제 100일도 안남은
메리크리스마스에 같이 외출할 마멜이까지
완벽해요
​
​
​
​
마멜 러기지텍은 11월에 제주도로 두번 출장이 있어서
마침 할인해주시길래 샀구
앞머리핀이랑 봉봉스티커 볼펜까지 야무지게 유용템까지 샀오요
​
저 쪽쪽이 물고 있는 시나모롤과 비슷하게 생긴 친구는
이름이 밀크에요
기엽죠?
​
​
​
​
그리구 요즘 빠진 리락이 쫌쫌이들두 키링으루 샀워요
이번에 이름을 첨 알았는데 저 병아리 같이 생긴 기요미 이름이 키이로이토리라구 합니댜
아주 기여워요
최근에 인형도 샀는데
며칠 뒤 제가 알아서 첨부할거에요
​
​
​
​
마지막은 키티 고전 쿠션입니댜
사장님 소장품이셨다가 제가 반해서 샀는데
너모 기여워요
​
지금 귀엽다는 말만 한 10분 새에 100번은 한거 같은데
진짜 귀여워요
​
​
​
​
그리구 남자친구가 일요일임에도
출근을 했기 때무네
데리러 갑니댜
​
​
​
​
다녀와서 법령 사이트 톺아보며 먹은 샌디치랑 맷-챠-
​
결국 법령정보센터 대신할 사이트를
못찾았슨...
​
​
​
​
​
​
​
​
마지막주
월요일은 저희 학교 개교기념일이었는데오
오전에 멀찌감치 일 해놓고
오후에 놀러 댕겨와써요
​
요건 최근에 다시 꾸며본 제 크록스입네다❤︎
뽀용하게 잘 꾸몄다고 생각해요...ㅎㅎ
​
​
​
​
이미 점심때를 훌쩍 지나버려서
어디 가기가 애매해지는 바람에 멀리는 못가고
군산 가쑵니다
​
이성당에서 본 복숭아 케이크인데
이거 너무 맛나보여...
​
​
​
​
빵은 대충 팥빵, 슈크림빵, 베이컨에그롤 등등
몇몇가지 샀는데 빵이 되게 저렴한건 저렴하고 되게 비싼건 비싸고
그랬던거 같아요
​
​
​
​
빵 사고 이성당 안에 카페도 마실수 있길래
아아랑 아이스티 주문해서
빵이랑 머거써요
​
​
​
​
케이크 이 맛에 5500원...?
다음엔 두조각 갈겨...
생크림 진짜 많이 안달면서 진짜 맛있고
빵도 쵹쵹 그 잡채...
아아랑 마시면 극락이 내 눈 앞에...
​
​
​
​
점심 못먹어서 빵 야무지게 먹고 다시 출발 ><❤︎
​
​
​
​
지나가다가 본 카페인데
오픈준비중이라 못가보구 사진만 살쨕 찍어봣어요
분위기 먼데...
왜이로케 예뿐거야....?
​
​
​
​
앞머리 있는 고영씨랑 인사도 하고
​
​
​
​
유일하게 열려있는 소품샵도 구경해주고
책 한권 사버렸움
​
​
​
​
하늘 예뿌길래 한번 찰칵 찍어봤구용
​
​
​
​
지나다가 우연히 봤는데 열려있길래
들어가본 야메상점
​
요즘 귀칼 굿즈 찾는거에 완져니 불을 키고 있는중이라
열심히 찾아다니는데
아쉽게도 없었숩네다.. 제  렌고쿠는 없었어요...
​
​
​
​
여기두 지나다가 들린 유명한 구움과자집인데
분위기가 너무 예뻐요
​
저희는 에타, 콘에타, 밀크티 포장했는데
여기 밀크티 짱짱입니댜
산뜻하고 가벼우면서 꽃, 차의 향이라기보다
과일향이 나는 듯한 느낌이에요
아주 맛있었숩네다
​
​
​
​
괜히 사진 하나 찍어봤어용...ㅎ
​
​
​
​
그리구 유명한 초원사진관에서 사진 찍어줬는데
카메라 렌즈가 지지라
사진이 뿌옇게 나와버린 이슈가 ...
​
​
​
​
제가 더 잘찍었죠?
​
@남찡구
사진 연습 부탁.
​
​
​
​
그리구 남자친구가 군산 오면 철길을 꼭 가야한다구 하길래
철길마을도 가줘써요
​
저는 쫀디기 별로 안좋아해서 소세시 마싯게 먹었는데
부모님들이랑 추억여행하러 오기 딱 좋겠더라구요
​
쫀디기, 달고나 이런거 직접 만들고 꾸워먹을수 있어서
애기들이랑 오기도 넘 좋을거 같아요
​
​
​
​
셀카도 하나 찍어주고
저희는 ,, 전주로 이동합니댜..ㅎ
​
​
​
​
전주 한옥마을 와서 남자친구랑 인형뽑기 했는데
남자친구가 슈아 뽑아쥼 ㅎㅡㅎ
​
맨날 게임방 가면 하는 게임도 야무지게 조져주공
사격도 하면서 놀고 구경하다가
​
​
​
​
닭날개 볶음밥? 이거 신기해서 하나 주문해서 먹었움
​
진짜 딱 손잡이?할만한 부분만 뼈있고
안에 다 밥이라서 신기했움
​
​
​
​
그리고 구경하다가 보인 예쁜 카페에 홀려서
카페로 그대로 들어가버림
​
​
​
​
오복차랑 허니라떼 마셔쥼
사장님께 여쭤봤을 때 오복차가 산딸기청 들어간거라길래
바로 주문했는데 너모 맛있눈 ..
​
오미자차 러버인데 오미자차보다 더 과일 늒힘의
달콤이 더 강한 달콤새콤의 맛
​
​
​
​
그리구 또 지나가다가 본 데롱바나나
남자친구가 이런걸 잘 찾아요..ㅋㅋㅋ
이거 바나나 너무 귀여웠는데 사올걸 ,,
​
​
​
​
그리구 제가 조아하는 맛집은 오원집 왔어용
군산 옆이 전주라 여기까지 왔는데 오원집 안가기 아숩어서
오원집만 보고 전주 온거였거등요
​
​
​
​
오랜만에 오니까 가락국수 쿠폰 있길래
가락국수도 당연히 주문하구
​
​
​
​
오볶 1인분 이번에두 같이 주문하기~!!!
​
​
​
​
오볶이랑 돼지구이 야무지게
상추쌈 싸서 먹고
​
​
​
​
남자친구 술안주 뺏어먹기..ㅎㅡㅎ
​
저는 술 안좋아하고 맛없어서 안먹는 편이라
어차피 안먹고 운전해야하는거
남자친구 오랜만에 쉬는날 소주 안주거리까지 시켜줬더니
좋아하더라구용
몬가 남자친구가 좋아하면 요즘 뿌듯해요...ㅎ
​
​
​
​
화요일은 오전부터 실험조교일 하느라고 바빴다가
점심 호딱 먹구 보고서 전부 마무리하고 퇴근해서
집 오자마자 쿠쿠 병원 데려가고
집가는 길에 산책 댕겨와써요
​
9월 마지막날은 보랏빛 하늘...!
요즘 쿠쿠가 많이 아픈데 매일마다 소독하고 약바르고
쿠쿠도 힘들어하는게 보이는데
차도는 보이질 않아서 많이 우울하고
또 쿠쿠 병원 갔다오니까 더 마음이 힘들었는데
예쁜 하늘 보면서 산책하니까 기분이 확 좋아진 ..ㅎㅎ
​
​
​
​
여전히 아빠만 찾으시는 갱얼쥐,,
​
​
​
​
집 오자마자 쿠쿠 약용샴푸 다시 시작해서
쌱 씻기고 케어 전부 하고
드디어 내 9월 마지막 저녁 먹기...ㅎ
​
​
​
​
저녁 먹고 또 후딱 집안일 해주고
연구실에서 쓸 다이어리 산거 언박싱 해쥼
​
샐러드마켓에서 산 산리오 캘린더인데
당장 10월부터 달력 있는 캘린더라
만족감 2배!!!
​
그리구..그리구...그리구...
​
​
​
​
처음으로 산 피규어는 아니지만
제일 처음으로 온 제 렌고쿠 피규어에요 ..
생각보다 크기도 크고
넘 기엽잔아..
쿄쥬로 넘 머싯잔아...
​
제일 처음으로 산 피규어는
추석 지나서 올 예정이라 10월 일상에 올라가겠네용
기대해주세요
제 피규어들을...!
​
당장 내일도 피규어 배송 오는데
10월 일상으로 들어갈거라
빨리 자랑타임 가져야하는데 조금 아쉽네용..
​
​
​
​
그리고 새로 주문한 케이슈
가을이라 가을느낌 나는 색깔로 골랐고
맥세이프 되는거라 챡챡 잘 붙어요
​
리본+톤다운 차분 핑쿠+실버테두리
넘 예뽕...❤︎
​
​
​
​
그리고 9월 찐 마지막은
베라 먹으면서 맘우리!
​
인스타에서 베라 할인한다기에 냅다 주문함..ㅎ
쿼터 4천원 미쵸짜나 ...
​
​
​
​
그리구 대표사진 없는거 같아서
하나 예뿌게 찍어본 요달의 산리오존
​
신상으로 나왔던 다람쥐 모후시리즈랑
최근 꽤나 빠진 옙훈 모롤이들까지
너모너모 행복해...❤︎
​
사실 이번달은 스트레스 때문에 앓다 죽겠다 할 정도로
엄청난 스트레스를 받진 않았음
왜냐면 ~ 이제는 한귀로 듣고 한귀로 흘리는게 되더라구 ~
그냥 마음가짐을 그렇게 먹고 관심이 없어지면
되는거였음
​
그리고 무엇보다,
귀칼 보는데에 폭 빠져있었어서
하루종일 스트레스 받아도 마지막에 귀칼 보면
오늘 무슨 일이 있었는지도 잊어버릴 정도로
폴인럽 상태 ...❤︎
​
아마 당분간 귀칼에서 못헤어나올 예정이구요?
10월은 열심히 다이어트 해보겠다는 목표를 가지고 ..
과제 하느라 바쁘겠으나 운동을 다녀보겠다는 다짐을... 해봅니댜...
10월 11월 열심히 하면
12월 말에서1월에 놀러갈 수 있을 것 같아서
더더더 열심히 해보겠다고 마음을 다잡아보며
9월도 행복하게 마무리❤︎
​",https://blog.naver.com/wlghsnsk7777/224029513116,얼렁뚱땅 일상,20251002,2026-04-27 15:49:54
★파스텔초코스위트(대,유어디시 품목 입니다  urdish,"머핀컵 초코/200EA(1곽) 사각 머핀컵 크라프트/200EA(1곽) 사각 머핀컵 화이트/200EA(1곽) 사각... 산과들)스위트콘소시지(1kg*10) 산능도우넛커터(원형), 대 산능도우넛커터(원형), 소... ","사각 PET 머핀컵/100EA
사각 냄비받침
사각 머핀컵 레드/200EA(1곽)
사각 머핀컵 옐로우/200EA(1곽)
사각 머핀컵 오렌지/200EA(1곽)
사각 머핀컵 초코/200EA(1곽)
사각 머핀컵 크라프트/200EA(1곽)
사각 머핀컵 화이트/200EA(1곽)
사각 유리용기 520ml
사각PET주름컵 스윗초코 300개
사각PET주름컵 풍차 300개
사각대나무꼬지(50*50*200)200EA*30PK
사각도뜨 OPP 포장지 25*35/500EA
사각버터타르트70mm(스위트)
사각용기&뚜껑 HG-403 500ea/BX
사각원터치소100EA*20PACK
사각접시 대/밤색 100매
사각접시 대/연두색 100매
사각접시 대/주황색 100매
사각접시 소/밤색 100매
사각접시 소/연두색 100매
사각접시 소/주황색 100매
사각접시 중/연두색 100매
사각접시 중/자주색 100매
사각접시 중/주황색 100매
사각접시27 리프 100매
사각접시27 브레드 100매
사각접시27 전통무늬 100매
사각접시27 티세트 100매
사각채반415*325*25
사각채반접이식
사골조미분말500g
사과 후르츠스타 소프트잼 1kg
사과다이스3Kg
사과다이스3kg*6
사과분말1kg
사과분말300g
사과잼1kg (소프트잼)
사과잼1kg (소프트잼)
사과칩50g
사과파이필링(2)
사과퓨레
사과프리저브_2.5kg
사과프리저브_750g
사과향초코펜20g
사라다케이스
사랑해 토퍼 레드/1EA
사랑해 토퍼 레드/50EA
사랑해 토퍼 홀로그램/1EA
사랑해 토퍼 홀로그램/50EA
사바 5L
사보이 아르디 (레이디 핑거) 400g
사세)바베큐사이(1.4kg*8)
사세)바삭매콤치킨(1.3kg*10)
사세)바삭통다리치킨(1.3kg*10)
사세)버팔로윙스틱(봉)_1KG*10
사세)오트밀통살치킨(950g*10)
사세)훈제오리슬라이스(800g*10 중국산)
사세)훈제오리완포(900g*10_중국산)
사세버팔로미들윙(1kg*10_태국산)
사오팔메 60%
사오팔메43%
사옹원)고구마튀김 1kg(35g*29ea)*5pk
사옹원)고추튀김 1kg(50g*20ea)*5pk
사옹원)김말이튀김 1kg(25g*40ea)*6pk
사옹원)단호박튀김 1kg(25g*40ea)*6pk
사옹원)매콤오징어튀김 1kg(35g*29ea)*6pk
사옹원)야채튀김 1kg(40g*25ea)*4pk
사옹원)참치속깻잎튀김 1kg(30g*34ea)*5pk
사우워분말4kg
사우워소프트분말
사워도우 브레드 오리지날 105g
사워도우빵
사워크림LP 벌크
사워크림LP(1kg)
사자표춘장14kg
사조)김밥김 (27G*10봉)*10EA
사조)김밥김 (27G*10봉)*10EA
사조)손봉어묵_냉동(800g*20)
사조해표)건미역(45g*30EA)
사조해표)건미역(45g*30EA)
사차인치(ROASTED)20kg(페루산)
사카나키 그리스 그릴 치즈 200g
사카린450g
사틴그린벨벳케익믹스
사틴레드벨벳케익믹스10kg
사틴크림케익믹스플러스10Kg
사포레 리골레또
사포레 리골레또1kg(x10ea)
사포레 트라비아타1kg
사포레 트라비아타1kg(x10ea)
사프고당용세미드라이이스트(400g)
사프드라이이스트레드3g(10ea)
사프르방엘브이1(10g*5)
사프인스턴트이스트(10kg)
사프저당용세미드라이이스트(400g)
산과들)매콤청양고추소시지(1kg*10)
산과들)매콤피자맛소시지(1kg*10)
산과들)불고기소시지(1kg*10)
산과들)스위트콘소시지(1kg*10)
산능도우넛커터(원형), 대
산능도우넛커터(원형), 소
산능도우넛커터(하트)
산능채널
산딸기 꿀리
산딸기냉동퓨레(100%) 1kg
산딸기냉동퓨레(85%) 1kg
산딸기퓨레
산초록가루녹차100g
산탄젤로버진올리브오일(1L*12)
산탄젤로버진올리브오일(1L*12)
산탄젤로포마스오일(5L*4)
산탄젤로포마스오일(5L*4)
산탄젤로퓨어올리브오일(5L*4)
산탄젤로퓨어올리브오일(5L*4)
산펠레그리노 아란시아타(오렌지) 200ml*24
살구 1kg
살구 냉동 퓨레
살구 피스 10kg
살구 후르츠스타 소프트잼 1kg
살구냉동퓨레
살구냉동퓨레(100%) 1kg
살사후슬리샐러드(1kg*10)
삼각PET주름컵 풍차 300개
삼각칼PP-대
삼각칼PP-소
삼각피스받침-3호용 골드 100매
삼각피스받침-3호용 대 블랙 100매
삼각피스받침-3호용 화이트 100매
삼겹비엔나말이꼬치
삼도)해울초생강(백색)1.3kg*10
삼도)해울초생강(백색)1.3kg*10
삼도)해울초생강(적색)1.3kg*10
삼도)해울초생강(적색)1.3kg*10
삼립 에스피 5kg*4
삼색 물방울 오간디 25 리본/1ROLL
삼색 빙수 스푼/400EA
삼아)골드마요네즈_10kg
삼아)밤감로자 홀(2,950g*6)
삼양)고기손만두(1.3kg*6)
삼양)물만두(3kg*3)
삼진)DS 나가사끼짬뽕 핫소스_2kg*5
삼진)NEW 단호박크림스프베이스(냉동)_2kg*5
삼진)겨자소스(샤브쌈)_2kg*5
삼진)데미글라스소스S_2KG*5
삼진)땅콩드레싱소스(샤브쌈)_2kg*5
삼진)로제파스타소스_1kg*10
삼진)마라소스_2kg*5
삼진)매직파우더S_1kg*10
삼진)신락원 new 짬뽕베이스_1kg*10
삼진)쌀똑핫도그용 더 매운 떡볶이소스_2kg*5
삼진)쓰리라차핫마요_1kg*10
삼진)열정돈가스용소스_2kg*5
삼진)엽기떡볶이용 액상소스(냉동)_100g*70
삼진)짬뽕베이스파우더S_1kg*10
삼진)치즈맛드레싱S_2kg*5
삼진)치즈맛드레싱S_2kg*5
삼진)허니머스타드소스S_2kg*5
삼진)허니머스타드소스S_2kg*5
삼진_타르타르소스_1kg*10
삼현)바다꽃소금15kg
상기)쌍노두소스_500ml*12입
상기)쌍노두소스_500ml*12입
새롬 호밀가루(캐나다) 3KG*6_면세
새롬) 초코칩10kg(직송)
새롬옥수수혼합전분2kg
새롬푸드_뉴밀키팜엑스트라1Kg
새롬활성글루텐1KG*20
새앙(맛술)1L
새우분말100g
새우분말1kg
새해 까치와복 2종 스티커 1묶음(5장)/100EA
새해 단청 2종 스티커 1묶음(8장)/48EA
새해복 스티커 1묶음(8장)/80EA
색금사 3 리본 골드/1ROLL
색금사 3 리본 그린/1ROLL
색금사 3 리본 라이트핑크/1ROLL
색금사 3 리본 레드/1ROLL
색금사 3 리본 실버/1ROLL
색금사 3 리본 오렌지/1ROLL
색금사 3 리본 카키/1ROLL
색금사 3 리본 퍼플/1ROLL
색동설날 스티커 1묶음(6장)/108EA
색화지 오렌지/50EA
색화지 피치핑크/50EA
샌드위치 코팅지 33*33 그린/1000EA
샌드위치 코팅지 33*33 무지/1000EA
샌드위치 코팅지 33*33 오렌지/1000EA
샌드위치접시 레드체크 100매
샌드위치접시 스트라이프 100매
샌드위치종이(크라프트직사각유산지) 250EA
샌드위치컵 화이트 정사각 100개
샌드위치컵 화이트 직사각 100개
샐러드 서버
샐러드 서버
샐러드/빙수용기(Ø117,HR-24)25EA*20PK
샐러드용기(850ml,SL-700)50EA*10PK
샘표)연두,주황색,500g*6
샘표)연두,주황색,500g*6
샘표501양조간장1.8L*6
샘표501양조간장1.8L*6
샘표국간장930ml*12EA
샘표조선간장_(930ml*12)
샘표조선간장_(930ml*12)
샘표진간장S
샘표진간장S1.8L*6EA
생 모레 150g
생 아구르 크림 150g
생 앙드레 200g
생강분말(국산)1kg
생라면
생모르 카브리핀 180g
생신축하드립니다 토퍼 골드/1EA
생신축하드립니다 토퍼 골드/50EA
생신축하드립니다 토퍼 홀로그램/1EA
생신축하드립니다 토퍼 홀로그램/50EA
생이스트골드
생일 초 대/12000EA(1BOX)
생일 초 대/25EA(5봉)
생일 초 대/500EA(100봉)
생일 초 소/12000EA(1BOX)
생일 초 소/25EA(5봉)
생일 초 소/500EA(100봉)
생일 토퍼 레드/1EA
생일 토퍼 화이트/1EA
생일축하합니다 토퍼 레드/1EA
생일축하합니다 토퍼 레드/50EA
생일축하합니다 토퍼 홀로그램/1EA
생일축하합니다 토퍼 홀로그램/50EA
생크림-홉라(1L)-무가당
생폴럼
생폴럼
샤르미도르 슬라이스 150g
샤무드 끈 그레이/1ROLL
샤무드 끈 네이비/1ROLL
샤무드 끈 라이트바이올렛/1ROLL
샤무드 끈 올리브그린/1ROLL
샤무드 끈 핑크/1ROLL
샤브후 150g
샤이닝스타 초/1EA
샤인머스캣 1kg
샤인머스켓,경산포도,2~3수,2kg
샬롯랜치소스_1kg
샴페인사이다
서강)크리밀500g*20
서강)크리밀500g*20
서강)황치즈혼합분말 1kg
서강가당전지밀1kg*12
서강분말아이스크림1kg*12(바닐라)
서강분말아이스크림1kg*20(아이스밀크)
서도)서브큐 고구마치즈스틱(40ea*25g*4pk)
서리태,국내산,농부농산,kg
서리태,더조은,국내산,KG
서리태,아인스,국내산,KG
서림콩가루2.5Kg
서림콩가루2.5Kg * 4입 한박스
서브라임1L
서브큐 빵가루1KG*6/BOX
서브큐 빵가루8kg
서브큐 지유락 마일드 1KG*20
서브큐)뉴켄터키후랑크(1kg*10)
서브큐)레겐스부르거(1kg*10)
서브큐)레겐스부르거(1kg*10)
서브큐)롱윈너부어스트(1kg*10)
서브큐)롱윈너부어스트(1kg*10)
서브큐)베이커리소시지(1kg*10)
서브큐)베이커리소시지(1kg*10)
서브큐)빅후랑크_1kg*10
서브큐)빅후랑크_1kg*10
서브큐)스모크슬라이스햄(1kg*10)
서브큐)스모크슬라이스햄(1kg*10)
서브큐)스모크슬라이스햄(냉동, 1kg*10)
서브큐)슬라이스베이컨(1kg*10)
서브큐)슬라이스베이컨(1kg*10)
서브큐)알로크린  2KG*6
서브큐)알로크린 2KG*6
서브큐)알로크린13KG
서브큐)알로크린3KG*4
서브큐)켄터키후랑크(1kg*10)
서브큐)쿡살라미슬라이스(500g*12)
서브큐)쿡살라미슬라이스(500g*12)
서브큐)쿡살라미슬라이스(500g*12)
서브큐)프레쉬베이컨(1kg*10)
서브큐)프레쉬베이컨(1kg*10)
서브큐_겨자냉채용소스(T)_2kg*5
서브큐_깐풍소스(T)_2kg*5
서브큐_단호박크림스프베이스(냉동)_2kg*6
서브큐_데리야끼소스(S)_2kg*5
서브큐_돈가스용소스(고메밀면)_2kg*5
서브큐_매운떡볶이용소스(T)_2kg*5
서브큐_바베큐소스P_2kg*5
서브큐_바베큐소스P_2kg*5
서브큐_발사믹소스T_2kg*5
서브큐_볶음짜장소스S_2kg*5
서브큐_사천탕면용소스S_2kg*5
서브큐_소고기볶음면용소스S_2kg*5
서브큐_시저베이스소스T_2kg*5
서브큐_쌀똑 매콤달콤고추장소스(일회용)_20g*200
서브큐_양식돈가스용소스(S)_2kg*5
서브큐_오리엔탈드레싱(S)_2kg*5
서브큐_중화칠리소스(T)_2kg*5
서브큐_직화쭈꾸미볶음용소스_2kg*5
서브큐_초고추장14kg
서브큐_치킨양념소스SY_2kg*5
서브큐_칠리오일소스T_2kg*5
서브큐_토마토미트파스타용소스_3kg*5
서브큐_토마토파스타용소스S_2kg*5
서브큐_피자플래넷 단짠단짠 피자소스_2.5kg*4
서브큐_화이트크림파스타용소스S(냉동)_2kg*5
서브큐_흑후추소스S_2kg*5
서브큐-갈릭크림치즈(1kg*5ea)
서브큐-갈릭크림치즈(1kg*5ea)
서브큐-갈릭크림치즈(1kg*5ea)
서브큐베이킹롤치즈1kg*5ea
서브큐슬라이스피클파우치(3kg*6)
서브큐-에멘탈퐁듀치즈(1kg*5ea)
서브큐-에멘탈퐁듀치즈(1kg*5ea)
서브큐오이피클슬라이스(캔)3k*6
서브큐지유락300(1KG*20)
서빙트레이 L
서빙트레이 M
서빙트레이 S
서울 식물성크림1L*12EA
서울 식물성휘핑크림1L
서울 쿠킹크림1L
서울국제 즈마장3KG*6EA(직송)
서울데어리휩스프레이휘핑크림250g*12
서울멀티체다슬라이스치즈100매
서울멀티체다슬라이스치즈100매
서울밤다이스 8KG
서울버터12Kg 무염
서울버터450g 무염 <지대포장>
서울베이커리롤치즈1Kg
서울베이커리롤치즈1kg*5pack/box
서울슬라이스치즈(멀티)100P 1.8kg*4pack
서울식품)소보루가루 2kg*4ea
서울식품)플레인번세트 90g*24ea*4pk
서울우유 생크림 500ml
서울우유 생크림 500ml (D-2발주)
서울체다슬라이스치즈1800멀티ll 1.8kg*4
서울휘핑크림
서울휘핑크림 10개입 1박스
서울휘핑크림1liter*10pack/box
서프라이즈 라즈베리 타르트(72개입)
석류 크랜베리 리플잼
석류냉동퓨레(100%) 1kg
석류농축분말1kg
석류농축분말300g
석류농축액100g
석류농축액1kg
석류농축액1Kg
석류분말1kg
석류파우더80g
선인)감자분말 1kg*10
선인)건조파슬리 250g*28ea
선인)건조파슬리 250g*28ea
선인)고르곤졸라소스1kg*10ea
선인)바닐라에센스1kg
선인)브리오쉬430g*20ea
선인)사워크림1kg*12
선인)슈믹스500g*20
선인)스프링클코코아파우더1kg*6
선인)아마레나체리 1kg*12ea
선인)앙고구마필링N3.3kg*6
선인)앙호박필링(냉동)1kg*16
선인)엘르앤비르고메버 500g*8ea
선인)엘르앤비르엑셀런스휘핑크림1L*12
선인)초코칩1kg*10
선인)초코퐁듀 2kg*8
선인)카길다크론도초콜릿10kg
선인)코코아매스500g*20ea
선인)코코아파우더1kg*12
선인)판젤라틴1kg*25
선인)프리미엄블루베리필링(냉동)1kg*15
선진)스모크햄쵸핑(1kg*10)
선한)히커리바베큐소스538g*12
선한)히커리바베큐소스538g*12
설기머핀틀 AL (착)
설기머핀틀 스텐
설날 원형택 a번 50매
설날 원형택 b번 50매
설날 원형택 c번 50매
설타나 (2kg)
설타나 12.5Kg
설타나12.5kg
설타나1kg
성냥(케익용)
성냥*100
성냥/100EA
성냥/3000EA(1BOX)
성림계피가루200g
성진) 인절미 콩가루 2KG*10
성진) 인절미 콩가루 2KG*10
성진)뉴슈가500g*20
성진)뉴슈가500g*20
성진)미숫가루 12곡 1kg*12(직송)
세모이 다크버튼58.5프로
세모이다크드롭초콜릿10KG
세미)아이스티시럽 레몬 2kg*6ea
세미)아이스티시럽 복숭아 2kg*6ea
세미)프로믹스바닐라5KG*2
세미)프로믹스초코5KG*2
세미원)관자쇼마이25g*40ea*10pk
세미원)두부모양피쉬볼500g*12pk
세미원)생선까스 60g*20ea*5pk
세미원)야채김말이튀김(25G*40)*10
세미원)야채김말이튀김(25G*40)*10
세미원)야채춘권(15G*60)*12
세미원)왕어혈교25g*40ea*10pk
세미원)일본풍감자고로케 30g*20ea*12pk
세미원)크랩향피쉬볼500g*12pk
세븐)다진고기1kg
세비앙 (럼주)
세비앙 (럼주)
세제(다목적 PB-1) 20 L
세프마스터-데코레이팅-펜
셰프마스터색소-골드20g
셰프마스터색소-골든옐로우20g
셰프마스터색소-네온브라이트그린20g
셰프마스터색소-네온브라이트블루20g
셰프마스터색소-네온브라이트옐로우20g
셰프마스터색소-네온브라이트오렌지20g
셰프마스터색소-네온브라이트퍼플20g
셰프마스터색소-네온브라이트핑크20g
셰프마스터색소-네이비블루20g
셰프마스터색소-딥핑크20g
셰프마스터색소-레드레드20g
셰프마스터색소-레몬옐로우20g
셰프마스터색소-로즈핑크20g
셰프마스터색소-민트그린20g
셰프마스터색소-버건디와인20g
셰프마스터색소-버크아이브라운20g
셰프마스터색소-블랙다이아몬드20g
셰프마스터색소-스카이블루20g
셰프마스터색소-조지아피치20g
셰프마스터색소-터키옥20g
셰프마스터색소-티얼그린20g
셰프마스터색소-퍼플20g
셰프마스터색소-플래시톤20g
소가루(코젠,분말시즈닝)680G*24EA
소가루(코젠,분말시즈닝)680G*24EA
소교)라이스페이퍼(원형16cm)_300g*30
소교)완두콩400g
소교)초고버섯(2.84kg*6)
소교)표고(채) 2.84kg*6(직송)
소교동죽순(홀)2.84kg*6
소교양송이(홀)2.84kg*6
소교영콘(420g*24)
소교죽순(채)2.84kg*6
소교죽순(편)2.84kg*6
소교죽순(홀)2.84kg*6
소교초고버섯(450g*24)
소교표고(채)2.84kg*6
소교표고(홀)2.84kg*6
소교황도슬라이스400g*24
소교후레쉬오이피클슬라이스3.1kg*6
소떡꼬치
소라와사비 500g
소리시알바실리코1Kg
소분 28 색지컵 2색(화이트/초코)/60EA
소분)SPC 건포도 1KG*10EA
소분)건조크란베리 1Kg*10
소분)설타나1kg
소분)유원 구운 아몬드슬라이스 1kg*12
소분)유원 구운아몬드 1kg*12
소분)유원 구운호두1/4태 1kg*12
소분)유원 볶음캐슈넛 1kg*10_푸드빌
소분)캔디드오렌지필1kg*10
소분)크랜베리 클래식(지앤엘) 2Kg*6
소불고기덮밥
소불고기양념(백설,10kg말통)
소사 36863.피스타치오페이스트 1kg
소사 37110.전화당리퀴드 1.4kg
소사 37309.글루코스리퀴드 1.5kg
소사 37945.오렌지블라썸워터(41500002) 100g
소사 38850.나투르에물 500g
소사 38894.옐로우펙틴 500g
소사 39028.소야휩 300g
소사 39464.글루코스파우더 500g
소사 48683 말토섹 500g
소스뚜껑PET2온스투명뚜껑100EA*25PK/BX
소스용기PET2온스투명용기100EA*25PK/BX
소스컵 1호 (70∅/소)/100EA
소스컵 1호 (70∅/소)/3000EA(1BOX)
소스컵 2호 (70∅/대)/100EA
소스컵 2호 (70∅/대)/3000EA(1BOX)
소스컵 3-1호 (75∅/대)/100EA
소스컵 3-1호 (75∅/대)/2000EA(1BOX)
소스컵 3-1호 (75∅/소)/100EA
소스컵 3-1호 (75∅/소)/2000EA(1BOX)
소스컵(PS)75파이*60_100EA*30PACK
소스컵70파이1호뚜껑_(100EA*30PK)
소스컵70파이1호뚜껑_(100EA*30PK)
소스컵70파이1호몸체(100EA*30PACK)
소스컵70파이1호몸체(100EA*30PACK)
소이 프로틴 너겟  ( ISP 너겟 ) 10Kg * 2
소프라브릭 카다이프
소프터 알파가
소프터 알파가
소프트넘버3
소프트앤후로즌라즈베리1kg
소프트앤후로즌라즈베리1kg
소프트앤후로즌블루베리1kg
소프트앤후로즌블루베리1kg
소프트앤후로즌크란베리홀1kg
소프트앤후로즌크란베리홀1kg
소형무스링_60*45_원형
소형무스매화
소형무스사각60*60*45
소형무스하트
손잡이 꼬지 10CM/100EA
손잡이 꼬지 10CM/20000EA(1BOX)
손잡이 꼬지 15CM/10000EA(1BOX)
손잡이 꼬지 15CM/100EA
손잡이 꼬지 18CM/10000EA(1BOX)
손잡이 꼬지 18CM/100EA
손잡이 지퍼 보냉백 250*300+60
손잡이형 컷팅보드 M
손잡이형 컷팅보드 XL
솔방울갑오징어절단40/60(베트남, 1.5-2cm)
솔비톨1Kg
솔빈산칼륨10kg
솔잎가루1kg
솔잎가루300g
솔티드 버터 이즈니 카라멜 밀크 팟 180g
솔티드 버터 이즈니 카라멜 밀크 팟 75g
솔티드 카라멜 고메 팝콘 60g
솔티드 카라멜 시럽 1kg
솔표)겨자분(캐나다)_200g*50
송월타올)행주(30*45) 10pk*10EA/BX
송월타올)행주(30*45) 10pk*10EA/BX
송월타올면행주중50EA/PK
쇠고기다시다(백설)1kg*10
쇼핑백_대_200*10
쇼핑백_중_200*15
숌 르 크레미에 250g
수박HPP주스 1kg
수박HPP주스 1kg  10개입 한박스
수박퓨레 포션 1kg
수복강녕 띠지/50EA
수수가루(생,국산)1kg
수수가루(생,국산)300g
수저(일회용_개별포장)100E*15P
수저(일회용_개별포장)100E*15P
수저집 KP / 85*255 (10000매)
수저집 KP / 85*255 (100매)
수저집/500EA
수제 쯔쿠네
수제바닐라 시럽  2.3kg
수제바닐라 시럽  500g
수제샌드위치휴대케이스P
수플레컵소
숙성 체다 190g
순금박 5.5*5.5cm
숫자 초 0/100EA(1BOX)
숫자 초 0/10EA(1갑)
숫자 초 0~9(숫자별)/10EA(숫자별각1갑)
숫자 초 1/100EA(1BOX)
숫자 초 1/10EA(1갑)
숫자 초 2/100EA(1BOX)
숫자 초 2/10EA(1갑)
숫자 초 3/100EA(1BOX)
숫자 초 3/10EA(1갑)
숫자 초 4/100EA(1BOX)
숫자 초 4/10EA(1갑)
숫자 초 5/100EA(1BOX)
숫자 초 5/10EA(1갑)
숫자 초 6/100EA(1BOX)
숫자 초 6/10EA(1갑)
숫자 초 7/100EA(1BOX)
숫자 초 7/10EA(1갑)
숫자 초 8/100EA(1BOX)
숫자 초 8/10EA(1갑)
숫자 초 9/100EA(1BOX)
숫자 초 9/10EA(1갑)
숫자초 0 10개
숫자초 0~9 각 1갑씩 10갑
숫자초 1 10개
숫자초 2 10개
숫자초 3 10개
숫자초 4 10개
숫자초 5 10개
숫자초 6 10개
숫자초 7 10개
숫자초 8 10개
숫자초 9 10개
숫자초0번
숫자초1번
숫자초2번
숫자초3번
숫자초4번
숫자초5번
숫자초6번
숫자초7번
숫자초8번
숫자초9번
숫자쿠키커터
쉐리 비네거 500ml
쉐어드토마토(4,180ml)
쉐어드토마토(425ml)
쉐프 세트 (4종)
쉐프루이스 골드럼
쉐프루이스 꼬냑
쉐프루이스 레몬
쉐프루이스 바나나
쉐프루이스 사과(칼바도스)
쉐프루이스 오렌지 꼬냑
쉐프루이스 커쉬(키리쉬)
쉐프루이스 트리플섹
쉐프루이스 트리플섹
쉐프솔루션냉동베이컨1KG*6EA(B2B)
쉬폰바닥지1호
쉬폰받침,봉투 1호-받침 100매
쉬폰받침,봉투 1호-봉투 100매
쉬폰받침,봉투 1호-세트(받침+봉투) 100매
쉬폰받침,봉투 2호-받침 100매
쉬폰받침,봉투 2호-봉투 100매
쉬폰받침,봉투 2호-세트(받침+봉투) 100매
쉬폰받침,봉투 3호-받침 100매
쉬폰받침,봉투 3호-봉투 100매
쉬폰받침,봉투 3호-세트(받침+봉투) 100매
쉬폰받침,봉투 미니-받침 100매
쉬폰받침,봉투 미니-봉투 100매
쉬폰받침,봉투 미니-세트(받침+봉투) 100매
쉬폰비닐1호
쉬폰팬1/2호
쉬폰팬1/2호 갓(착)
쉬폰팬1/2호 몸통(착)
쉬폰팬1호
쉬폰팬1호 갓(착)
쉬폰팬1호 몸통(착)
쉬폰팬2호
쉬폰팬2호 갓(착)
쉬폰팬2호 몸통(착)
쉬폰팬3호
쉬폰팬3호 갓(착)
쉬폰팬3호 몸통(착)
쉬폰팬미니
쉬폰팬미니 갓(착)
쉬폰팬미니 몸통(착)
슈가시럽1.5L_설탕시럽
슈가시럽1000ml
슈가통 85*50
슈레드피자치즈1Kg
슈레드피자치즈300g
슈레디드 해쉬브라운 감자 1.36kg * 6
슈믹스(500g)
슈믹스(지대)10kg
슈크림라떼믹스1Kg
슈퍼소프트엠
슈퍼스위트콘
슈퍼코트 벌크
슈퍼코트(1.25kg)
슈퍼코트E
슈퍼코트M50
스-Giuliano 블랙트러플오일 250ml(4%,사각병)
스-Granoro 링귀네(3번,디파세로)500g
스-그라노로 스파게티 500g
스나기모(근위)똥집 꼬치(30)
스노우맨 띠지/50EA
스노우맨 유산지 16.5*18/500EA
스노우쇼핑백 소 50매
스노우쇼핑백 중 50매
스노우트리 초/1EA
스마일 2종 스티커 1묶음(20장)/240EA
스마일 마스킹 테이프 KP/1EA
스마일 마스킹 테이프 크림/1EA
스마일 쇼핑백 화이트 스마일/10EA(장당450원)
스마일 초 옐로우/1팩(5개입)
스마일데이 PE 쇼핑백 소/1500EA(1BOX)
스마일데이 PE 쇼핑백 소/50EA
스마일데이 PE 쇼핑백 중/1300EA(1BOX)
스마일데이 PE 쇼핑백 중/50EA
스마일데이 띠지 옐로우/50EA
스마일땡쓰 띠지/50EA
스머커즈)딸기잼(포션)14g*200
스메그/지에라오븐 타공판(￠3)
스메그/지에라오븐팬
스-모나리 발사믹크림 500ml
스모크 치즈 200g
스모크 치즈 500g
스모크 치즈 디스크 100g
스모크드 로인 슬라이스 (카레스펙) 100g
스모크드 햄 슬라이스 (쉰켄스펙) 100g
스모크드 햄 플래터 (슬라이스 3종) 140g  ( 주문발주 )
스모크쿡드스펙
스모크후레바
스몰난
스-암브로시 페코리노로마노 200g
스위스벨리크림치즈1.36KG*10
스위스초콜릿 화이트1000  5Kg
스위스초콜릿 화이트1000  5Kg
스위스초콜릿 휀시1000  5kg
스위스초콜릿 휀시1000  5kg
스위트 러브 스티커 B-스위트러브(KP)/1묶음(12장)/48EA
스위트 러브바 스티커 B-스위트러브바(KP)/1묶음(8장)/90EA
스위트 로맨틱 은박 2종 스티커 1묶음(9장)/72EA
스위트밀크웨이분말 1kg
스위트치즈스프레드 1kg
스위트타르트83mm
스위트피클슬라이스(3.3kg*6)
스윗 데이 스티커 1묶음(20장)/200EA
스윗미니타틀릿(지름4.9cm) 240piece
스카모짜 스모크드 250g
스쿠아퀘렐로 125g
스키야끼타레
스타도우넛커터-PP
스타색지컵-뉴하트
스타색지컵-청홍
스타아니스홀 18g
스타양면계량스푼
스타핑 구김지 크라프트/500g
스탠 가격표 사각/소/5EA
스탠 가격표 사각/중/5EA
스탠 가격표 원형/소/10EA
스탠 가격표 원형/중/10EA
스탠다드 바게트
스탠드가격표링-대[30cm(10개)]
스탠드가격표링-미니 4cm (10개)
스탠드가격표링-소[10cm(10개)]
스탠드가격표링-중[20cm(10개)]
스탠드믹서600
스탠드손잡이 보냉백  (대) ( 50 )
스탠드손잡이 보냉백  (소) ( 50 )
스테릴가르다 동물성 휘핑크림 ( 파나 다 몬타레 ) 1L
스테릴가르다 마스카포네 치즈 1kg
스테릴가르다 마스카포네 치즈 200g
스테릴가르다 마스카포네 치즈 500g
스텐계량스푼롱2종
스텐높은타르트팬4호
스텐돌림판
스텐물솥(유압)
스텐스크래퍼 , 소
스텐스크래퍼 대
스텐실 포유
스텐실(B-39떡답례-4)
스텐실A-13올리버
스텐실A-14조각케익,러블릭
스텐실A-16도일리
스텐실A-17플라워가든
스텐실A-19마리
스텐실A-3곰돌이
스텐실A-5야옹이
스텐실A-8하트 (도매)
스텐실A-9웃어요
스텐실B-10문어2종세트
스텐실B-11다람쥐
스텐실B-12곰이신났다
스텐실B-13듬직한 곰
스텐실B-15몽글몽글 6종세트
스텐실B-16제이미표정 3종세트
스텐실B-17쌔근쌔근
스텐실B-1미니홈메이드
스텐실B-29플라워도일리
스텐실B-5올리버B
스텐실B-7달려라 영희야
스텐실B-8타이거
스텐실B-9오징어2종세트
스텐실붓4호
스텐이중밀가루체120mm
스텐쿠키커터-진저맨3종
스텐특수깍지12종세트
스텐후랑보아즈틀
스트라이프 그린 유산지 16.5*18/500EA
스트라이프 그린 유산지 25*35/500EA
스트라이프 그린 유산지 25*35/5500EA(1BOX)
스트라이프 리본 15mm/레드/1ROLL
스트라이프 리본 15mm/블랙/1ROLL
스트라이프 리본 25mm/레드/1ROLL
스트라이프 리본 25mm/블랙/1ROLL
스트라이프 할리데이 띠지/50EA
스트라키노 100g
스트링치즈2.5kg
스티치 골직 10 리본 다크그린화이트/1ROLL
스티치 골직 10 리본 레드화이트/1ROLL
스티치 골직 10 리본 베이지초코/1ROLL
스티치 골직 10 리본 올리브그린화이트/1ROLL
스티치 골직 10 리본 와인화이트/1ROLL
스티치 골직 10 리본 초코화이트/1ROLL
스티치 골직 10 리본 핫핑크화이트/1ROLL
스티치 골직 10 리본 화이트초코/1ROLL
스티치 골직 10 리본 화이트핑크/1ROLL
스티치 골직 15 리본 다크그린화이트/1ROLL
스티치 골직 15 리본 레드화이트/1ROLL
스티치 골직 15 리본 베이지초코/1ROLL
스티치 골직 15 리본 스카이네이비/1ROLL
스티치 골직 15 리본 스카이화이트/1ROLL
스티치 골직 15 리본 올리브그린화이트/1ROLL
스티치 골직 15 리본 와인화이트/1ROLL
스티치 골직 15 리본 초코화이트/1ROLL
스티치 골직 15 리본 퍼플화이트/1ROLL
스티치 골직 15 리본 핑크화이트/1ROLL
스티치 골직 15 리본 화이트초코/1ROLL
스티치 골직 15 리본 화이트핑크/1ROLL
스티치 골직 6 리본 다크그린화이트/1ROLL
스티치 골직 6 리본 레드화이트/1ROLL
스티치 골직 6 리본 베이지초코/1ROLL
스티치 골직 6 리본 올리브그린화이트/1ROLL
스티치 골직 6 리본 와인화이트/1ROLL
스티치 골직 6 리본 초코화이트/1ROLL
스티치 골직 6 리본 크림초코/1ROLL
스티치 골직 6 리본 화이트핑크/1ROLL
스티치 리본 택 타이 그린/5EA
스티치 리본 택 타이 옐로우/5EA
스티치 리본 택 타이 오렌지/5EA
스티치 타이 그린/10000EA(50봉)
스티치 타이 그린/200EA
스티치 타이 옐로우/200EA
스티치 타이 핑크/10000EA(50봉)
스티치 타이 핑크/200EA
스티치리본10mm 노랑
스티치리본10mm 브라운
스티치리본10mm 연핑크
스티치리본10mm 와인
스티치리본10mm 진핑크
스티치리본10mm 청록
스티치리본10mm 카키
스티치리본10mm 파랑
스티치리본10mm 핑크
스티치리본10mm 하늘
스티치리본10mm 회색
스티치리본5mm 레드
스티치리본5mm 브라운
스티치리본5mm 와인
스티치리본5mm 핑크
스티치리본타이 갈색 200개
스티치리본타이 노랑 200개
스티치리본타이 분홍 200개
스티치리본타이 빨강 200개
스티커 색동설날 1묶음(6장)/108EA
스티커 핸드메이드 크라프트타자체
스티커06아트지+인쇄
스티커09금지+금박
스티커1장
스티커210미라지+인쇄+금박
스티커91아트지+갈색+엑설런트
스티커투톤_핸드메이드
스틱 봉투 반투명 대/100EA
스틱 봉투 반투명 중/100EA
스틱 봉투 투명 대/100EA
스틱 봉투 투명 중/100EA
스틴스마)초코케익믹스파우더 20kg
스틴스마)크림케익믹스파우더 20kg
스파게티 넘버 5 500g
스파게티 알라치타라,E20
스파이시망고냉동냉동퓨레 1kg
스파이크롤러 스텐210*130
스파클링 모히또 330ml
스패드)고르곤졸라크럼블(500g*10ea)
스패드)고르곤졸라크럼블(500g*10ea)
스패드)램노스블루베리과일치즈(125g*12ea)
스패드)렘노스멜론&망고치즈(125g*12)
스패드)마우리 고르곤졸라 돌체블록 1.5KG*4EA
스패드)마우리 고르곤졸라 돌체블록 1.5KG*4EA
스패드)마우리 고르곤졸라돌체 포션(150g*8ea)
스패드)마우리 고르곤졸라돌체 포션(150g*8ea)
스패드)마우리 고르곤졸라피칸테 포션(150g*8ea)
스패드)마우리 고르곤졸라피칸테 포션(150g*8ea)
스패드)암브로시 그라나파다노블록 700g*8ea
스패드)암브로시 그라나파다노블록 700g*8ea
스패드)이고르고르곤졸라돌체블록(1.5kg*4)
스패드)이고르고르곤졸라돌체포션(150g*16)
스패드)이고르고르곤졸라피칸테블록(1.5kg*4)
스패드)이고르고르곤졸라피칸테포션(150g*16)
스패츌라 9인치
스패튤러 대(9인치)
스패튤러 미니
스패튤러(국산),L자 (220)
스패튤러(국산)-톱날,대
스패튤러(일),10인치 L자
스패튤러(일),6인치
스패튤러(일),7인치
스패튤러(일),8
스패튤러_미니___4
스패튤러3종세트
스페니쉬 초리조 300g
스페인 치즈 셀렉션 400g(150g, 150g, 100g)(이베리코 치즈, 만체고 치즈, 고트 치즈)
스페인 치즈 플레이트 150g(50g*3)(이베리코 치즈, 만체고 치즈, 고트 치즈)
스페츌라
스페큘로스향NG297X
스페클15kg
스페클5Kg
스포키(16cm)100EA*30
스푼 받침대
스푼검정(170) 개별_세븐스테이크
스푼스트로우(스푼빨대)혼합
스프레드블
스프레드블(16개입)
스프링 3종 스티커 1묶음(9장)/216EA
스피디팝팝콘오일3kg*2
슬라이스차슈
슬로프밀봉스텐
슬로프원형팬(스텐) 1호
슬로프원형팬(스텐) 2호
슬로프원형팬(스텐) 3호
슬로프원형팬1호
슬로프원형팬2호
슬로프원형팬3호
슬림 메탈릭토우칸 초 골드/실버/1팩(16개입)
슬림꽈배기 골드&실버 초 골드/실버/1팩(16개입)
슬림꽈배기 네온믹스 초 네온컬러/1팩(16개입)
슬림초 대(십년생1갑) 5개*100봉지
슬림초 소(일년생1갑) 5개*100봉지
시가야 낫또
시금치분말(국산)1kg
시금치페스토500g
시금치퓨레
시나모롤아동공기
시나모롤아동머그컵(전자레인지사용가능C120KR2)
시나몬 스틱 (15개입)
시나몬초코파우더 500g
시나몬파우더
시나몬파우더40g
시리얼커피 인카페프리미엄100g
시마야다시 1kg*10ea
시메사바
시몬 유산지 컵/500EA
시몬유산지컵 500ea P20 55*45
시시토마끼(꽈리삼겹)꼬치
시아스)골드마요네즈(파우치)_2kg*6
시아스)마오나 강정소스_2kg*6
시아스)마오나 게살볶음밥(1kg*10)
시아스)마오나 데미그라스소스_2kg*6
시아스)마오나 바베큐소스_2kg*6
시아스)마오나 새우볶음밥(1kg*10)
시아스)불닭소스(실온)_2kg*6
시아스)사우전드아일랜드드레싱골드_2kg*6
시아스)오리엔탈소스_2kg*6
시아스)할라피뇨바베큐소스2Kg*6
시즌즈후르츠믹스836g후르츠칵테일
시타 포마스오일(해바라기유) 5L
시타포마스오일(5L*4)
시트러스 에시드
시판칼(소)
식빵팬슬라이스
식소다
식소다(꼬미다,베이킹소다) 1kg
식품용 종이 방습제 1g/12000EA(1BOX)
식품용 종이 방습제 1g/2000EA
식품용 종이 방습제 2g/1000EA
식품용 종이 방습제 2g/8000EA(1BOX)
식품지 봉투 크라프트 2호/1000EA(1BOX)
식품지 봉투 크라프트 2호/100EA
식품지 봉투 크라프트 3호/1000EA(1BOX)
식품지 봉투 크라프트 3호/100EA
식품지 봉투 크라프트 5호/1000EA(1BOX)
식품지 봉투 크라프트 5호/100EA
식품지 봉투 화이트 2호/1000EA(1BOX)
식품지 봉투 화이트 2호/100EA
식품지 봉투 화이트 3호/1000EA(1BOX)
식품지 봉투 화이트 3호/100EA
식품지 봉투 화이트 4호/1000EA(1BOX)
식품지 봉투 화이트 4호/100EA
식품지2호
식품지3호
식품지4호
신문 HD 쇼핑백 대사각/100EA
신문 HD 쇼핑백 대사각/2000EA(1BOX)
신문 HD 쇼핑백 미니사각/200EA
신문 HD 쇼핑백 미니사각/4000EA(1BOX)
신문 HD 쇼핑백 직사각/100EA
신문 HD 쇼핑백 직사각/2000EA(1BOX)
신문 HD 식빵 봉투 38/200EA
신-불닭소스
신선한완두콩이씹히는완두콩스프(10개입)
신선한완두콩이씹히는완두콩스프(40개입)
신-세세리(닭목살)떡꼬치
신슈-시로미소(백된장)
신영)가람마살라(가보식품)_250g*8
신영)가람마살라(가보식품)_250g*8
신영)계피가루(베트남)_400g*12
신영)계피가루(베트남)_400g*12
신영)마늘분말(중국)_500g*12
신영)마늘분말(중국)_500g*12
신영)백후추홀 450G*12EA
신영)생강분말 400g*12ea
신영)오레가노럽드(오레가노홀,터키)_150g*12
신영)오레가노럽드(오레가노홀,터키)_150g*12
신영)오레가노분(터키)_350g*12
신영)케이젼스파이스 250G*8EA
신영)케이젼스파이스 250G*8EA
신영)케이젼스파이스_250g
신영)코리앤더그라운드(인도)_450g*12
신영)코리앤더그라운드(인도)_450g*12
신영)타임럽드(타임홀,터키)_180g*12
신영)타임럽드(타임홀,터키)_180g*12
신영)파프리카시즈닝(국산)_450g*12
신영)파프리카시즈닝(국산)_450g*12
신영)페페로치노홀(케냐)_1kg*6
신영)펜넬홀(씨드,인도)_300g*12
신영)피클링스파이스(수입산)_450g*12
신영)피클링스파이스(수입산)_450g*12
신영HS)닭육수농축액_1kg*10
신영HS)돈골농축액_1kg*10
신영HS)우골농축액_1kg*10
신영상회_풍원고구마전분 20KG
신우)훈제오리가슴살(200g*50ea)
신우)훈제오리슬라이스(중국산 800g*10)
신우)훈제오리완포(900g*10_중국산)
신원형금지무스받침 100매
신쿠키레이스 100매
신파운드팬 양면
신-하카타풍야끼교자
신형 HD 쇼핑백 초미니/100EA(장당26원)
신형 HD 쇼핑백 초미니/2000EA(1BOX/장당23원)
신형 초콜릿 내피 5*6(30구)/10EA
신형HD쇼핑백(1줄)
신형HD쇼핑백(2줄)
신형HD쇼핑백(3줄)
신형HD쇼핑백(미니)
신형HD쇼핑백(사각)
신형HD쇼핑백(초미니)
실론티잎500g
실론티파우더_500g
실리카겔1g
실리카겔3g
실리카겔3g
실리코마트GLOBE
실리코마트PILLOW
실리코마트STONE
실리코마트까눌레-대8구
실리코마트미니반구15구
실리코마트미니반구24구
실리코마트미니원통15구petits-fours
실리코마트반구6구
실리코마트반구6구
실리코마트반구8구
실리코마트사바린-중8구
실리코마트오발(대)8구
실리코마트오발(소)16구
실리코마트코엔도르12구
실리코마트폼포넷24구
실리콘 스페츌라 (18EA)
실리콘기름솔(와이어)
실리콘몰드4구_캐니멀
실리콘미니몰드6P
실리콘미니몰드8P
실리콘밀대
실리콘브러쉬
실리콘브러쉬
실리콘손잡이[동물]
실리콘알뜰주걱
실리콘오븐장갑
실리콘작업판600*400
실리콘짤주머니14
실리콘짤주머니16인치
실리콘패드B형 640*450
실리콘패드특대(흰색)
실리콘팬 반구6구 6cm
실리콘팬 반구6구 7cm
실리콘팬계란빵16구
실리콘팬곤충(대)8구__
실리콘팬곤충4종8구
실리콘팬곰돌이6구
실리콘팬곰얼굴6구
실리콘팬국화
실리콘팬까눌레15구
실리콘팬꽃푸딩6구
실리콘팬노루딕들꽃12구
실리콘팬동물앤자연12구
실리콘팬마카롱실리콘매트
실리콘팬부리오쉬12구
실리콘팬선물상자15구
실리콘팬성탄6종
실리콘팬원형주름4종
실리콘팬인기모듬6구
실리콘팬장미15구
실리콘팬주름원형-6P
실리콘팬투하트15구
실리콘팬하트
실리콘팬하트24구__
실리콘팬호박12구
실리콘페이퍼-46용 (10장)
실리콘페이퍼-일반용 (10장)
실면장갑(검정띠40g)20장 *30PK
실버 글리터시트지
실버 숫자 초 0/10EA(숫자별각1갑)
실버 숫자 초 1/10EA(숫자별각1갑)
실버 숫자 초 2/10EA(숫자별각1갑)
실버 숫자 초 3/10EA(숫자별각1갑)
실버 숫자 초 4/10EA(숫자별각1갑)
실버 숫자 초 5/10EA(숫자별각1갑)
실버 숫자 초 6/10EA(숫자별각1갑)
실버 숫자 초 7/10EA(숫자별각1갑)
실버 숫자 초 8/10EA(숫자별각1갑)
실버 숫자 초 9/10EA(숫자별각1갑)
실초大 10살용5개입
실초小 1살용5개입
실패드D (우녹스판용)
실패드D (우녹스판용)
실한천(국산)150g
쌀,죽향쌀,금성농협,국내산,20kg
쌀,참조은쌀,농협양곡,국내산,18년산,20KG
쌀,추청경기미,롯데상사,국내산,20KG
쌀,함평신동진쌀,농협양곡,국내산,20KG
쌍하트 픽/80EA
썬리 바로먹는 옥수수 450g*32ea
썬초이스)후룻믹스(후르츠칵테일)836g*12
썸띵 3종 스티커 1묶음(15장)/90EA
썸머 3종 스티커 1묶음(9장)/216EA
쑥분말1kg
쑥분말1kg(고운분말)
쓰레기63흰봉투(투명50L)50EA*20PK
씨21)Cebesa오징어먹물500g*18
씨21)데체코 꼰낄리에 500g*24/box
씨21)데체코 딸리아뗄레 500g*8
씨21)데체코 로뗄레 500g*24
씨21)데체코 리가토니 500g*24
씨21)데체코 리가토니 500g*24
씨21)데체코 삼색파르팔레 500g*12
씨21)데체코 삼색파르팔레 500g*12
씨21)데체코 스파게티 12호 1kg*12
씨21)데체코 스파게티니 1kg*12
씨21)데체코 엑스트라 버진 올리브유 1L*12
씨21)머쉬룸크림760g*6
씨21)메뉴 세미 선 드라이 토마토 800g*6
씨21)엔초비 720g*12
씨가 있는 패션후루츠냉동 퓨레
씨솔트카라멜팝콘_2.5kg
씨엘)튀긴마늘슬라이스 500g*12ea
아가베시럽660g
아뇰로틴 팔마지아노 레기아노
아다망스 냉동 라즈베리 퓨레 1kg
아다망스 냉동 코코넛크림 퓨레 1kg
아담스파마산4g*500(소포장)
아담스프리미엄파마산1kg*10
아레스유기농캐모마일삼각30티백
아레스유기농페퍼민트삼각30티백
아로니아주스750ml
아로마 트리플섹
아로마 파네토네
아르보리아  휘핑크림  1L*12pc/box
아르보리아 마스카포네 [1LX12ea]
아리바72%
아마구치 오코노미야끼소스 2.1kg
아마드)얼그레이홍차 100g
아마드)얼그레이홍차 100g
아마레나 체리 캔 1kg
아마레나체리
아메리칸 머핀믹스
아메리칸스타일스콘믹스 1kg
아메리칸스타일스콘믹스(벌크)_20kg
아몬드 프라린(50%) 5kg
아몬드, 헤이즐넛, 초코 크로캉 4kg
아몬드분말1kg
아몬드페이스트22%
아몬드프라린2kg
아몬드필링(캘리포니아아몬드페이스트)6.5kg
아미드펙틴(잼용) 1kg
아보카도 바나나 리플잼
아보카도 퓨레 500g
아브루가 55g
아비코)스킨온프라이감자,2kg*6
아비코)재킷웨지감자,2kg*6EA
아비코)크링클컷감자,2kg*6
아우디아 그릴드아티초크 2.9kg
아우디아 선드라이드토마토 1.55kg
아우리치오 프로볼로네돌체(컵) 150G
아우리치오 프로볼로네돌체스낵 140G
아우리치오 프로볼로네돌체슬라이스 100G
아이깨끗해250ml*18EA
아이러브유 초/12EA(곽)
아이러브유 초/1EA
아이러브유초 12개
아이리쿼_그리오틴
아이리쿼_그리오틴
아이리쿼_글렌터너위스키
아이리쿼_글렌터너위스키
아이리쿼_레미마틴
아이리쿼_레미마틴
아이리쿼_몽게이럼
아이리쿼_몽게이럼
아이리쿼_바닐라리쿼
아이리쿼_세인트제임스
아이리쿼_세인트제임스
아이리쿼_아마레또
아이리쿼_아마레또
아이리쿼_엑스오브랜디
아이리쿼_일데방럼
아이리쿼_커피술(데베냐 부나)
아이리쿼_코인트로40%-1L
아이리쿼_코인트로40%-1L
아이리쿼_코인트로40%-500ml
아이리쿼_코인트로40%-500ml
아이리쿼_키리쉬45%
아이리쿼_키리쉬45%
아이리쿼_포트샬롯스코티시발리
아이리쿼_포트샬롯스코티시발리
아이스/오븐몰드 GEL1
아이스/오븐몰드 GEL3
아이스/오븐몰드 GEL4
아이스/오븐몰드 GEL5
아이스100 20kg/pail
아이스께끼팩
아이스바6구
아이스캔디용팩
아이스크림 스푼 블랙/1BOX 10kg(6000~6200EA)
아이스크림 스푼 혼합/1BOX 10kg(6000~6200EA)
아이스크림 스푼 화이트/1kg(600~620EA)
아이스크림스쿱 ￠50
아이스크림제조기
아이케이)가래떡 11CM 2kg*10ea
아이케이)고두래냉면육수(일반)340ml*30ea
아이케이)고두래동치미육수340ml*30ea
아이케이)냉장 떡국떡 1.4kg*10ea
아이케이)핫이슈냉면비빔장2kg*6ea
아젤리아 35%
아주쿡)골드프레시오이피클슬라이스(3.1kg*6)
아즈끼(팥)향2011KR(1KG)
아쿠바디지털온도계 cs-101 블랙(방수)
아쿠바디지털온도계 cs-101 화이트(방수)
아쿠바디지털온도계 CS-102블랙
아쿠바디지털온도계 CS-102화이트
아쿠바아날로그타이머 틱톡
아쿠바주방저울
아크릴가격표 10*5 바구니 10개
아크릴가격표 10*5 아크릴L자 10개
아크릴가격표 9*4.5 신형바구니 10개
아크릴가격표 9*4.5 신형아크릴L자 10개
아트카레소스-냉동
아티초크 2.5Kg
아티초크보톰2.5Kg
아페리프레 코트 다쥐르 100g
아페리프레 프로방스 100g
안도아 누아 70% (유기농) 3KG
안드로스냉동바나나퓨레1kg
안드로스딸기리플잼1kg
안드로스딸기파이필링1kg
안드로스딸기파이필링1kg
안드로스라즈베리리플잼1kg
안드로스망고리플잼1kg
안드로스바나나리플잼1kg
안드로스베리믹스파이필링1kg
안드로스베리믹스파이필링1kg
안드로스복숭아리플잼1kg
안드로스블루베리리플잼1kg
안드로스사과리플잼1kg
안드로스청포도리플잼1kg
안드로스체리리플잼1kg
안드로스파인애플리플잼1kg
안심)탕수육소스용기P-850 50ea*12
안심)탕수육소스용기P-850 50ea*12
안심)탕수육소스용기뚜껑P-850 50ea*12
안심)탕수육소스용기뚜껑P-850 50ea*12
안토니오아마토스파게티500g*12
안티코 파르미지아노 레지아노 150g
안티코 파르미지아노 레지아노 1Kg
안티코 페코리노 로마노 150g
알땅콩(볶음,중국산)3.75kg
알땅콩(볶음,중국산)500g
알뜰반달주걱
알뜰주걱 95*210
알라)모짜렐라치즈9.2kg(2.3kg*4)
알루미늄컵 골드 100개
알루미늄컵 레드 100개
알루미늄컵 블랙 100개
알룬가5kg
알마스 캐비어 벨루가 12g
알마스 캐비어 벨루가 30g
알마스 캐비어 벨루가 500g  (주문발주)
알마스 캐비어 세브루가 12g
알마스 캐비어 세브루가 30g
알마스 캐비어 세브루가 500g  ( 주문 발주 )
알마스 캐비어 오세트라 12g
알마스 캐비어 오세트라 30g
알마스 캐비어 오세트라 500g  ( 주문발주 )
알비에로 그라나 파다노 150g
알비에로 그라나 파다노 1kg
알에스190(1kg)
알파벳쿠키커터26p
알파콘1kg
알파콘5Kg(옥수수파우더)
알프센 라끌라떼스위스휠 약5.5KG
알프센 라끌라떼슬라이스 150G
알프센 르그루이어 200g
알프센 르그루이어블럭 약3KG
알프센 아펜젤러 200G
알프센 에멘탈러스위스 200G
알프센 테트드무안 약0.9kg
암비안떼1L-화이트
암크러스트10kg
앙금헤라 170L (=170(L) × 30(D)
앙상블 치즈 망고&무화과 (7g*18ea) 126g
앙상블 치즈 초리조 (7g*18ea) 126g
앙상블 치즈 플레인 (7g*18ea) 126g
앙탕스다크초콜릿4kg 66.4%
애니멀 정사각 2종 스티커 1묶음(7장)/56EA
애니멀 트레이 대/100EA
애니멀 트레이 대/10EA
애니멀 트레이 중/100EA
애니멀 트레이 중/10EA
애플 리플잼
애플 택 그린/10EA
애플 택 레드/10EA
애플 택 블루/10EA
애플 택 오렌지/10EA
애플 택 초코/10EA
애플 택 카키/10EA
애플 택 퍼플/10EA
애플시나몬 청크잼 (1kg)
애플파이팬_피막
액상사워종플러스2kg
앵커 뉴질랜드 탈지분유 800g*12ea
앵커 뉴질랜드 혼합전지분유 800g*12ea
앵커 락틱버터 9.08kg(454g*20)
앵커 쉐프스 휘핑크림(1ℓ*12)_네덜란드
앵커 천연버터 5KG*4
앵커 체다슬라이스치즈 15.36kg(960g*16ea)
앵커버터454g
앵커버터454g
앵커버터시트20KG(1KG*20EA)
앵커크림치즈 1kg
앵커크림치즈 1kg*12ea
앵커크림치즈 5kg*4ea
앵커휘핑크림(1ℓ*12)
야마사고이구찌간장-1.8L
야마사우스구찌간장 1.8L
야마에 고이구찌간장
야마에 사시미간장
야마에 우스구찌간장
야마이모 오코노미야끼
야마이모가라아게
야마히데덴가스립_1kg*12
야마히데덴가스립_1kg*12
야사이노우마니(토란)
야채 코팅지 30*30/1000EA
야채주스750ml
야타이오뎅세트(20)-오뎅모듬
양겨자(천우)200g*50
양겨자(천우)200g*50
양념민물장어(10미,10KG(중국산))
양면계량스푼2P
양면날개컵
양송이분말(국산)1kg
양송이분말(국산)200g
양송이스프(180g)(10개입)
양송이스프(180g)(40개입)
양송이슬라이스_씬 10kg
양장피채(녹두) / 200g * 30pk
양지뜰) 사골분말 20kg
양지뜰)사골분말10kg
양지뜰)사골분말500g*10
양파분말_500g*12
양파분말_500g*12
양파분태(2x2,국산)1kg
양파분태(2x2,국산)300g
양포 L형 오렌지 230 오렌지/1000EA
양포 L형 와플 130/1000EA
양포 L형 크라프트 130/10000EA(1BOX)
양포 L형 크라프트 130/500EA
양포 L형 크라프트 150/500EA
양포 L형 크라프트 150/6000EA(1BOX)
양포 L형 크라프트 180/5000EA(1BOX)
양포 L형 크라프트 180/500EA
양포 L형 화이트 130/10000EA(1BOX)
양포 L형 화이트 130/500EA
양포 L형 화이트 150/500EA
양포 L형 화이트 150/6000EA(1BOX)
양포 L형 화이트 180/5000EA(1BOX)
양포 L형 화이트 180/500EA
양포 L형 화이트 230/500EA
어드벤티지 쿠킹크림
얼개미중간망
얼그레이 (프랄린)
얼그레이 홍차20티백
엉근체
엉근체_중
에노코마키(팽이삼겹)꼬치
에담 슬라이스 150g
에담 포션 250g
에담치즈향 0120-V(1kg)
에뜨왈)스페셜블렌드 500g*10
에뜨왈)하우스블렌드500g
에리스리톨 결정 20Kg 미국
에멘탈 135g
에멘탈 블록 3Kg
에멘탈 슬라이스 150g
에멘탈러 포션 200g
에멘탈치즈[가는슈레드1.8*1.8*20]750g
에멘탈치즈[다이스9.6*9.6*9.6]1kg
에멘탈치즈[블록72*90*260]3kg조합
에멘탈치즈[슈레드3.2*3.2*25]
에멘탈치즈[슬라이스72*90*1.8]
에멘탈치즈스프레드
에버휩(everwhip)
에버휩(백인) 10kg
에버휩AS(백인)
에버휩AS-1030g
에버휩F(1030g)
에버휩F(백인)
에비스아게
에스500 그린 플러스
에스엠)칼라체다치즈(2.5kg*4)
에스와이블루No50
에스와이옐로우칼라No1732
에스텔(18kg)
에스텔(1kg)[SIB에스피]
에스페셜리 타이 KP(그린)/1000EA(1봉)
에스페셜리 타이 브라운/1000EA(1봉)
에스페셜리 타이 퍼플/1000EA(1봉)
에스푸나 미뉴에츠 초리조 40g
에스푸나 미뉴에츠 푸에 40g
에스푸나 살라미 슬라이스 100g
에스푸나 살치촌 엑스트라 100g
에스푸나 살치촌 엑스트라 50g
에스푸나 살치촌 키콘 50g x 2
에스푸나 세라노 하몽 슬라이스 100g
에스푸나 세라노 하몽 슬라이스 50g
에스푸나 잠봉 슬라이스 100g
에스푸나 잠봉 슬라이스 340g
에스푸나 초리조 드 하몽 50g
에스푸나 초리조 벨라 50g x 2
에스푸나 초리조 엑스트라 100g
에스푸나 초리조 엑스트라 50g
에스푸나 하몽 거치대 및 칼 세트
에스푸나 하몽 위드 본 8.5Kg
에어로탑1L *12 ea
에어캡슐50m
에이원카프)딸기 리플잼 1KG*10EA
에이원카프)딸기 리플잼 1KG*10EA
에이원카프)블루베리 리플잼 1KG*10EA
에이원카프)블루베리 리플잼 1KG*10EA
에이원카프_그린칼라SG8410 _2KG
에이원카프_레드칼라CG1_2KG
에이원플러스500g
에코미 플레인 물티슈 400EA/BX
에콰도르 아마조니아 75%
에콰도르 코코아버터
에콰도르 화이트 초콜렛
에클레어받침(피스12/15) 피스12 100매
에클레어받침(피스12/15) 피스15 100매
에클레어받침(피스12/15) 피스15용 투명케이스 50개
에티오피아 모카하라골드 200g
에틸바니린 1Kg 중국
에포크 P.D.O페타치즈 200G
에포크 P.D.O페타치즈 2KG
에푸아스 250g
에프디딸기파우더 1kg ( 91% )
에프디딸기파우더100g  ( 국산100% )
에프디딸기파우더1kg ( 100% )
에프디딸기파우더200g
엑셀(500g)
엑셀(지대)_10kg
엑셀런스쿠킹크림 1L
엑셀런스휘핑크림(1L)
엑스트라 다크 컬스 초콜릿 1kg
엑스트라드라이버터
엑스트라버진올리브오일5L
엔젤인스탄트이스트 레드500g
엔젤팬-대
엔젤팬-소
엔젤헤어체다F(1kg*6pk)
엔조이 롱 2종 스티커 1묶음(8장)/32EA
엘 파오 다크 커버춰 58%
엘르&비르 가염 버터 200g
엘르&비르 버터 200g
엘르&비르 소프트 버터 250g
엘르&비르 휘핑 크림 500ML
엘르바이르 크림치즈(프랑스산)
엘보우
엘케 )  자연종이호일 30cm * 20m
엘케 ) 종이호일 33cm * 20m
엠디에스)링컨소시지(1kg*10)
엠디에스)소떡소스(2kg*5)
엠디에스)쌀떡꼬치(1.3kg*8)
엠디에스)치킨후레이크꼬치(1kg*10)
엠보 깔지 사각 10인치/1000EA(1BOX)
엠보 깔지 사각 10인치/100EA
엠보 깔지 사각 12인치/1000EA(1BOX)
엠보 깔지 사각 12인치/100EA
엠보 깔지 사각 13인치/1000EA(1BOX)
엠보 깔지 팔각 10인치/1000EA(1BOX)
엠보 깔지 팔각 12인치/1000EA(1BOX)
엠보 깔지 팔각 13인치/1000EA(1BOX)
엠보그 그릭스타일 치즈 인 오일위드 올리브 앤 허브 100g
엠보그 그릭스타일 치즈 인 오일위드 허브 앤 스파이스 100g
엠보그 까망베르 125g
엠보그 다나 블루 100g
엠보그 더치 고다 슬라이스 200g
엠보그 마일드 체다 슬라이스 200g
엠보그 브리 125g
엠보그 사우어 크림 1L
엠보그 스위스 에멘탈 슬라이스 200g
엠보그 아메리칸 체다 슬라이스 400g
엠보그 에담 웨지 230g
엠보그 에담 웨지 230g
엠보그 에멘탈러 200g
엠보그 이탈리안 모짜렐라 슬라이스 400g
엠보그 치즈 트라이앵글 140g (8포션)
엠보그 쿠킹크림 200mL
엠보그 크림치즈 1.36kg
엠보그 크림치즈 13.6kg
엠보그 포션버터 8g*200ea
엠보그 플레인 요거트 1L
엠보그 하바티 슬라이스 150g
엠보그 휘핑크림 200mL
연성 치즈 슬라이서
연합)초데리소스(일회용)_(6g*200EA)*10
열대과일냉동퓨레(100%) 1kg
열대과일믹스1kg
열대과일믹스1kg
열대과일믹스1kg
열대과일믹스300g
열대과일믹스A_5Kg
열대과일믹스A_5Kg
영문 HD 화이트 손잡이 쇼핑백/200EA
영문 HD 화이트 손잡이 쇼핑백/5EA
영문 M 쿠키 봉투/100EA
영문 M 쿠키 봉투/2000EA(100*20묶음)
영문 왁스페이퍼 25*35 브라운/250EA(1봉)
영문 왁스페이퍼 25*35 화이트/250EA(1봉)
영문 유산지 25*35 그린/500EA
영문 유산지 25*35 그린/50EA
영문 유산지 25*35 그린/5500EA(1BOX)
영문 유산지 25*35 초콜릿/500EA
영문 유산지 25*35 초콜릿/50EA
영문 유산지 25*35 초콜릿/5500EA(1BOX)
영문 유산지 25*35 화이트/500EA
영문 유산지 25*35 화이트/50EA
영문 유산지 25*35 화이트/5500EA(1BOX)
영미)고추맛기름1.8L*8
영미)대두유세트1호(1.8*2)*4
영미)대두유세트1호(1.8*2)*4
영미)옥배유세트1호(1.8*2)*4
영미)옥배유세트1호(1.8*2)*4
영인)디벨라 리가토니 500g*24
영인)디벨라 리조 1kg*10
영인)디벨라 스파게티(8호) 500g*24
영인)디벨라 엑스트라 버진 올리브오일 500ml*12
영인)디벨라 홀 토마토(2.5kg*6)
영인)바질페스토500G*6
영인)세미 선 드라이 토마토 290g*12
영칼로리)라이스 버미샐리1mm)_400g*30ea
옐로우 스마일 3종 스티커 1묶음(11장)/198EA
옐로우 스마일 유산지 16.5*18/500EA
옐로우 스마일 유산지 25*35/500EA
옐로우 스마일 초 메롱/1EA
옐로우 스마일 초 윙크/1EA
옐로우 스마일 초 하트/1EA
옐로우 스마일 초 해피/1EA
옐로우 스마일 픽/30R(4EA)
옐로우베이스1.7Kg
옐로우초코펜20g
옐로우콘또띠아SI 5kg
옐로우콘또띠야
오가닉 가염 버터 브릭 200g
오가닉 버터 브릭 200g
오간디 25 리본 그린/1ROLL
오간디 25 리본 레드/1ROLL
오간디 25 리본 블랙/1ROLL
오간디 25 리본 오렌지/1ROLL
오간디 25 리본 퍼플/1ROLL
오간디 25 리본 화이트/1ROLL
오거닉 코튼 야채백
오곡파우더1Kg
오공)마스킹테이프(25mm*40M, 56EA)
오공)마스킹테이프(25mm*40M, 56EA)
오디분말(국산)1kg
오디분말(국산)200g
오딧세이프리4.5KG
오뗄)본레스햄S(288g*20)
오뗄)수비드학센(750g*10)
오뗄)순살후라이드치킨(1kg*10)
오뗄)스모크햄(다이스)(1kg*10)
오뗄)오팜8mm슬라이스(1kg*10)
오뗄)토로나치킨(550g*10)
오뗄)페퍼로니(A급)(1kg*10_트레이)
오뗄)포크토핑그레뉼(1kg*10)
오뗄)포크토핑그레뉼(1kg*10)
오뗄)피자페퍼로니_진공(1kg*10)
오뗄)피자페퍼로니_진공(1kg*10)
오뗄)한입핫도그(1kg*8)
오뗄햄슬라이스1kg
오뚜기)겨자분(겨자:캐나다산)_200g*20
오뚜기)딸기쨈500g*12
오뚜기)마요네즈(은박)3.2kg*4ea
오뚜기)마요네즈골드(스파우트)3.2kg*4
오뚜기)미향_1.8L*6
오뚜기)미향_18L
오뚜기)사과식초(PET)_900ml*15
오뚜기)사과식초_18L
오뚜기)스테이크소스(PET)_2.1kg*6
오뚜기)식당용케찹(스파우트)_3.3kg*4
오뚜기)식당용케찹(캔)_3.3kg*6
오뚜기)식당용케찹(캔)_3.3kg*6
오뚜기)식당용케찹(파우치)_3kg*6
오뚜기)야채스프_1kg*10
오뚜기)양조식초1.8L*6
오뚜기)연와사비(튜브)_100g*24
오뚜기)오뚜기카레(매운맛)_1kg*10
오뚜기)오뚜기카레(매운맛)_1kg*10
오뚜기)오쉐프스파게티소스_3kg*6
오뚜기)이금기바베큐소스_240g*12
오뚜기)이금기바베큐소스_240g*12
오뚜기)이금기중화XO소스_220g*12
오뚜기)이금기중화XO소스_220g*12
오뚜기)이금기중화두반장 2,040g*6
오뚜기)이금기황두장_368g*12
오뚜기)제과제빵마요네즈1Kg
오뚜기)카레(약간매운맛)_1kg*10
오뚜기)크림스프_1kg*10
오뚜기)타바스코핫소스_350ml*12
오뚜기)토마토케찹소포장(9g*1000)
오뚜기)하이라이스_1kg*10
오뚜기)현미식초(PET)_1.8L*6
오뚜기)현미식초(PET)_1.8L*6
오뚜기고소한참기름1L*8
오뚜기고소한참기름1L*8
오뚜기베이킹파우더300g
오란다대_155(L) × 75(D) × 65(H)
오란다소
오레가노분말100g
오레가노분말1kg
오레가노분말500g
오레가노홀 12g
오렌지 각대봉투 소
오렌지 각대봉투 소
오렌지 각대봉투/100EA
오렌지 각대봉투/2000EA(1BOX)
오렌지 타르트(72개입)
오렌지농축액 500g
오렌지라인 유산지 16.5*18/500EA
오렌지럼 (프랄린)
오렌지에센스80g
오렌지엣센스500g
오렌지제스트
오렌지제스트500g
오렌지콩크500g
오렌지페이스트
오렌지퓨레 1kg (프랑스)
오리지널크림치즈 1.36kg
오리지널크림치즈 벌크
오리진 플레르드카오 5kg
오믈렛-마이클푸드
오미베리 베리티(325ml)
오미베리 스파클링(325ml)
오미베리 오리지널(500ml)
오미베리 포카페리치(1000ml)
오발 싱글몰드(양면)
오븐베이크포크칙
오븐온도계300도_TW1504
오븐장갑 (스타,방열) 340*160 / 한쌍
오븐크리너명품20kg
오븐판양면_430
오븐표준집게-MIB
오셀카버터500g * 10개입 한박스
오씨아니레드키드니빈2.5kg*6
오씨아니레드키드니빈400g*24
오양 숫불구이맛 소시지 1Kg * 10
오정 적색102호 500g
오정 적색2호 500g
오정 적색2호 50g
오정 적색3호 500g
오정 적색3호 50g
오정 적색40호 500g
오정 청색1호 500g
오정 청색1호 50g
오정 혼합녹색 500g
오정 혼합녹색 50g
오정 황색4호 500g
오정 황색4호 50g
오정 황색5호 500g
오지상 혼미림1L(12)
오징어먹물색소(465g)
오징어먹물추출분말100g
오징어블랙겔100g
오징어블랙겔500g
오징어타코컷(800g)
오코노미야끼260-해물
오코노미야끼350-해물
오코타코하나케즈리 500g
오크라노고마아에(오크라)
오타코마요소스
오텐틱듀럼1kg
오트리 고메 넛버터 땅콩 스무스 230g*15/Box
오트리 고메 넛버터 땅콩 크런치 230g*15/Box
오트리 고메 넛버터 아몬드 스무스 230g*15/Box
오트리 고메 넛버터 아몬드 크런치 230g*15/Box
오트리 냉동 캔탈로프 멜론 다이스 1kg/10Pack
오트리 냉동 캔탈로프 멜론 다이스 1kg/Pack
오트리 연유베이스 1L*8/Box
오트리냉동레몬퓨레 1kg
오트리냉동세미캔디드체리 1kg
오트리냉동세미캔디드체리 1kg
오트리호두베이스 1kg
오트밀 식사용 500g x 5
오트밀(제과용)22.68kg
오트밀_제과용_압착귀리1kg
오트밀분말(볶음) 1kg
오트밀분말(볶음)500g
오틀리 바리스타
오틀리 초코(1L)
오팔리스 진주 크런치 3KG
오페라 냉동 부라타 100g
오페라 냉동 부라타 125g
오프스라잇38%
오프스블랑35%(2kg)
오픈 스티커 1묶음(7장)/210EA
오피피1개입_영문화이트 접착봉투 ( 500매 )
오피피쿠키무지9*10+4  ( 500매 )
옥산리얼그레이티드파마산치즈227g*24
옥수수레진N(1kg)
옥수수레진N(5kg)
옥수수맛전분300g
옥수수스프(200g)(10개입)
옥수수스프(200g)(40개입)
옥수수식빵팬
옥수수크런치(1.5kg)
온탑340g*12
올 아메리칸 블랜드(All-American Blend)
올덴버거 무가염버터 250g*20ea/box
올덴버거 무가염버터 250g*20ea/box
올덴버거무가염미니버터9.6KG(10g*240ea*4
올레디저트 스윗라운드
올레디저트 스윗미니라운드
올레디저트 스윗미니스퀘어(사각형)
올레디저트 스윗스퀘어(사각형)
올레타파스 60서클
올리버 야끼소바소스
올리버 오코노미야끼소스
올리버 토마토 돈까스소스(6)
올리베이라 다 세하 고메 올리브유
올리베이라 다 세하 바이오 올리브유
올리브 발사믹 비네그레트
올리브 오일 프레쉬 펄 55g
올리브오일 엑스트라 버진
올림푸스(페이스트리용) 5kg
와규꼬치
와규함박스테이크(1kg*10ea)
와사비마요
와일드블루베리(1kg)
와플&핫케이크 시럽 1kg
와플믹스2-10Kg
와플양포
왁스페이퍼(브라운)
왁스페이퍼(흰색) _필기체 25*35
왁시브레드KC
완)프렌치크로아상55g*30ea
완두콩1kg
완두콩스프(9kg)
완두콩퓨레
외국산 고구마 다이스 2Kg
외국산 고구마 다이스 2Kg
요거트드레싱
요고N요구1Kg
요구르트페이스트(냉동) 1kg
요리바바오이피클슬라이스3kg*6
용기) HG-651(검정) 600EA/BX(FR)
용기) HG-652(검정) 600EA/BX(FR)
용기) HG-653(점정) 600EA/BX(FR)
용기) HG-656(검정) 600EA/BX(FR)
용호)서브큐종이컵184ml(50개*20봉)
우농 유탕고구마2kg
우니코1(젤라틴믹스춰) 2kg
우니코3(젤라틴믹스춰) 2kg
우동아게(30매)
우리농산물로만들어더욱구수한우리멀티믹스 2kg
우리밀전립분믹스1kg
우리밀전립분믹스2.5Kg
우리밀호떡(400g*10)
우림딸기쨈3KG*6
우림사과쨈3KG*6
우미플러스(2kg*6)
우시즈-고보마끼
우시즈-미도리볼
우시즈-사각사쯔마(가쿠텐)
우시즈-사쯔마아게
우시즈-삼색꼬치
우시즈-생선두부튀김
우시즈-시로볼
우시즈-아카볼
우시즈-야사이사쯔마
우시즈-이와시버거
우시즈-이자카야오뎅세트-오뎅모듬
우시즈-이카마끼
우시즈-이카볼(오징어볼)
우시즈-흰살생선튀김
우시즈-흰살생선튀김
우엉분말1kg
우엉분말300g
우유버터
우유식빵팬 유압양면_300*95*95
우지마차믹스(100g)
우지마차믹스파우더(1kg)
울금분말1kg
울금분말300g
울스텐수세미(13*9cm)낱개(1BX=500개입)
울트라다크엠2kg
울트라씬에멘탈슈레드(1.2kg)
울트라화이트엠
움트리)강와사비분_200g*40(10ea*4case)
움트리)강와사비분_200g*40(10ea*4case)
움트리)프리미엄강겨자(일회용)_(3g*200EA)*8
움트리_초고추장13kg
웅진식기세척기용린스20L
웅진식기세척기용세제20L
원더풀베어 각대봉투/100EA
원더풀베어 각대봉투/2000EA(1BOX)
원더풀베어 쇼핑백/25EA
원더풀베어 펄프도시락(B03)/50EA
원목네일꽂이
원목네일꽂이_
원목네일꽂이2구
원터치 창 식빵 봉투/50EA
원형 금지무스받침 100매
원형 냄비받침
원형 떡 케이스 블랙/50EA
원형 떡 케이스 화이트/50EA
원형 유리용기 1600ml
원형 유리용기 190ml 3세트
원형 유리용기 2600ml
원형 유리용기 620ml
원형 유리용기 770ml
원형 핸드메이드 3종 스티커 1묶음(10장)/180EA
원형PET주름컵 블랙숫자 300개
원형PET주름컵 빨강체크 300개
원형PET주름컵 스윗초코 300개
원형PET주름컵 전원풍경 300개
원형PET주름컵 풍차 300개
원형PET주름컵 핑크리본 300개
원형채반 352*25
원형택 7종 1번 50매
원형택 7종 2번 50매
원형택 7종 3번 50매
원형택 7종 4번 50매
원형택 7종 5번 50매
원형택 7종 6번 50매
원형택 7종 7번 50매
원형팬1호 양면_150(Φ) × 45(H)
원형팬2호
원형팬3호양면_210(Φ) × 45(H)
원형팬4호
원형팬5호양면_270(Φ) × 45(H)
원형팬미니
원형푸드메쉬(220)
원형푸드메쉬(240)
원형푸드메쉬(280)
원효)고추절임(산고추)_500g*20ea(중국)
원효)고추절임(산고추)_500g*20ea(중국)
원효)고추절임(산고추)_500g*24ea(중국)
원효)고추절임(산고추)_500g*24ea(중국)
월드믹스
월드버터컴파운드  9Kg
월량도라오천추420ml*12
웬슬리데일 크랜베리 190g
웰가 에스피 5kg
웰빙랜드)새찬오이피클슬라이스(캔)3kg*6
웰빙랜드)새찬일회용피클80g*168
웰푸드버터콤파운드4.5KG
웰푸드버터콤파운드4.5KG
위생모자 중/1EA
위생모자 중/20EA
위생봉투 대 1000매
위생봉투 소 1000매
위시본)이탈리안드레싱_473ml*12
위즈웰컨벡션전기오븐53
윈덱스660ml*12
윈덱스660ml*12
윌리엄배퓨레1Kg (프랑스)
윌튼 아이싱칼라 12종세트-미니
윌튼레쉬피식빵팬-대
윙크 스마일 2종 스티커 1묶음(20장)/160EA
유기농 기버터 230g
유기농 미니 크림치즈 120g (24g X 5pc)
유기농 스파클링 블러드 오렌지 275ml
유기농 정향30g
유기농 통밀가루(지대)-밥스레드밀
유기농 통밀가루(지대)-허트랜드밀
유기농 통밀가루_1kg
유기농오트밀(귀리 100%,미국산) 5kg
유기농이든녹차가루1kg
유니레버)몬다민루화이트_1kg*6
유니레버)크노르데미그레이스소스믹스_800g*6
유니스폰지10Kg
유니크) 바닐라 엣센스 500g
유니크) 바닐라 엣센스 500g
유니크) 바닐라 오일 500g
유니크) 바닐라 오일 500g
유니크림10Kg
유데야끼소바면-5인분
유레알모짜렐라치즈(2.5k*4)
유로커스타드(지대)10Kg
유로팜 버터_10KG/BOX
유리 계량컵 (1000ml)
유리 계량컵 (200ml)
유리 계량컵 (500ml)
유백  대    ( 100매 )
유백  특대  ( 100매 )
유백 HD 봉투 대/100EA
유백 HD 봉투 소/100EA
유백 HD 봉투 중/100EA
유백 HD 봉투 특대/100EA
유산지 37.5*50/2000EA(한연)
유산지 37.5*50/50EA(1ROLL)
유산지 40 색지컵 백색유산지/200EA
유산지 40 색지컵 초코유산지/200EA
유산지 45 색지컵 백색유산지/200EA
유산지 45 색지컵 초코유산지/200EA
유산지 55 색지컵 백색유산지/200EA
유산지 55 색지컵 초코유산지/200EA
유산지(머핀컵55-갈색)
유산지(머핀컵55-녹색)
유산지(머핀컵55-보라)
유산지컵25mm 초코
유산지컵28mm 녹색
유산지컵28mm 연두
유산지컵28mm 흰색
유산지컵33mm 분홍*330매
유산지컵33mm 초코* 500매
유산지컵40mm 흰색
유산지컵45mm 흰색
유산지컵55mm 초코
유산지컵55mm 흰색
유산지컵55흰색
유산지컵55흰색 _ (200매)
유원) 백아몬드분태 10kg
유자분말1kg
유자생모레크림치즈조각케익
유자제스트500g
유자폰즈후레쉬 2kg
유자퓨레(18kg)
유자퓨레(500g)
유자필700g
유청분말300g
유통기한 스티커 1묶음(6장)/84EA
유한 펑크린 2L*6/BX
유한 펑크린 2L*6/BX
유한락스 2L*6EA
유한락스 2L*6EA
유한락스)욕실청소용(스프레이) 500ML*12EA/BX
유한락스)욕실청소용(스프레이) 500ML*12EA/BX
유한락스)욕실청소용(스프레이) 500ML*20EA/BX
유한락스)욕실청소용(스프레이) 500ML*20EA/BX
유한락스)주방청소용(스프레이) 500ML*12EA/BX
유한락스)주방청소용(스프레이) 500ML*12EA/BX
유한락스)주방청소용(스프레이) 500ML*20EA/BX
유한락스)주방청소용(스프레이) 500ML*20EA/BX
육각손잡이 스윗홀릭 50개
육각손잡이 스윗홀릭+OPP22*32 50개
육각손잡이 플라워 50개
육각손잡이 플라워+OPP22*32 50개
은박 5.5*5.5cm_4절
은박 베이킹컵 40mm/200EA(1갑)
은박 베이킹컵 50mm/200EA(1갑)
은박 파운드 컵 대/100EA
은박장파운드
은박컵10P
음료수용종이컵_10온즈
음료수용종이컵세트_16온즈
이가자연)냉동면생지 (200g*10ea)*10pk
이금기 중화 두반장 368g
이금기 치킨파우더 1kg*12개
이금기 팬더 굴소스 510g
이금기 팬더 굴소스 2,270g*6개
이금기 프리미엄 굴소스 2,270g*6개
이금기중화고추마늘소스(226g*12)
이금기중화매실소스260g*12개
이금기중화매실소스260g*12개
이금기중화해선장2,270g*6개
이금기중화해선장2,270g*6개
이금기중화해선장240g*12개
이금기프리미엄노추(노두유)500ml*12병
이금기프리미엄노추(노두유)500ml*12병
이까게소 오징어 다리튀김
이나야5kg
이단접이 리본 (3개입) 크림+그레이+초코/3EA(1봉)
이단접이 리본 (3개입) 피치핑크+레드+블루/3EA(1봉)
이단접이 리본 (50개) 블루/50EA
이단접이 리본 (50개) 웜그레이/50EA
이단접이 리본 (50개) 초코/50EA
이단접이 리본 (50개) 피치핑크/50EA
이든고구마시럽1kg
이든녹차가루100g
이든녹차가루200g
이든녹차라떼500g
이든녹차밀1kg
이든딸기시럽500g
이든메론시럽
이든바나나시럽500g
이든블루베리시럽500g
이든전란분말(프랑스)300g
이든천연색소시리즈 20g (9종)
이든타운)가쓰오부시분말 1kg
이든타운)단호박분말(국산)1kg
이든타운)오트밀(두미S) 500g*40
이든타운)오트밀(두미S) 500g*40
이든타운)치자분말 1kg*10ea
이든타운)치자분말 1kg*10ea
이든홍삼원 1kg
이든홍차라떼500g
이바라)그린피티드올리브3kg*6
이바라)블랙피티드올리브3kg*6
이바라)엔초비스터프드올리브 240g*12
이베리코 베요타 살치촌 슬라이스 80g
이베리코 베요타 초리조 1kg
이베리코 베요타 초리조 슬라이스 80g
이베리코 베요타 팔레타 슬라이스 50g
이베리코 베요타 하몽 슬라이스 80g
이베리코 베요타 하몽 핸드컷 슬라이스 100g (42개월 숙성)
이베리코 베요타 하몽 핸드컷 슬라이스 60g(42개월 숙성)
이베리코 베요타 하몽 홀 7Kg
이베이킹) 몰드 꽃 (일본)
이베이킹) 몰드 나뭇잎 (일본)
이베이킹) 몰드 다이아 (일본)
이베이킹) 몰드 하트 (일본)
이보아르 35%
이비스아저
이비스옐로우 500g
이스트 골드(500g /사프인스탄트이스트)
이스트 레드(125g /사프인스탄트이스트)
이스트 레드(500g /사프인스탄트이스트)
이스트밸리 유로구뜨 모짜렐라 슈레드 280g
이스트후드 20Kg
이스페셜리타이 이스페셜리-그린 1봉지(1000개)
이스페셜리타이 이스페셜리-레드 1봉지(1000개)
이스페셜리타이 이스페셜리-와인 1봉지(1000개)
이스페셜리타이 이스페셜리-퍼플 1봉지(1000개)
이스페셜리타이 이스페셜리-핑크 1봉지(1000개)
이스페셜리타이 이스페셜리-화이트 1봉지(1000개)
이스페셜리타이 크라프트-그린 1봉지(1000개)
이스페셜리타이 크라프트-레드 1봉지(1000개)
이스페셜리타이 크라프트-무지 1봉지(1000개)
이스페셜리타이 크라프트-브라운 1봉지(1000개)
이엔)가쓰오풍후리가께_(50g*10)*6입
이엔)가쓰오풍후리가께500g*10
이엔)매운맛가쓰오풍후리가께500g*10
이엔)미니양조맛간장 (5.6ml*185ea)*10ea
이엔)생와사비905골드_700g*20
이엔)생와사비905골드_700g*20
이엔)초밥소스_1.8L*6
이-자네티 마스카포네 500G
이즈니 생메르 버터 롤 500g
이즈니 생메르 크렘 프레쉬 AOP 200ml
이지)고구마치즈볼(1kg*4pk)
이지)고구마치즈스틱(40ea*25g*4pk)
이지)고구마치즈춘권롤90(1kg*4pk)
이지)롱치즈스틱(1kg*4pk)
이지)모짜렐라치즈볼(1kg*4ea)
이지)빅치즈스틱(1kg*4ea)
이지)치즈볼(1kg*4pk)
이지)치즈스틱(70)40ea*25g*4pk
이지)프리토크림치즈볼(1kg*4pk)
이지_오븐용치즈스틱(70)40ea*25g*4pk
이지_오븐용치즈스틱(90)40ea*25g*4pk
이지_치즈스틱(91)40ea*25g*4pk
이지마요1Kg
이지멀티그레인15kg
이지멀티그레인5Kg
이지베이글15Kg
이지스폰지케이크믹스_10kg
이지스폰지케익믹스_1kg
이지차바타
이지크림1kg
이찌방 남방스
이찌방 유자폰즈
이츠웰)파인애플슬라이스836g*12
이츠웰후르츠칵테일3.062kg*6
이치방야끼도리소스
이타쿠자 55%
이탈리안꼬포치즈(그라나치즈S) 240g
이탈리안꼬포치즈(이탈리아꼬포치즈IR)400g
이탈리안꼬포치즈(이탈리안꼬포치즈IR)_2kg
이탈리안생햄(슬라이스)
이탈젤라틴 (GOLD ITALGEL)
이테크,17호,100EA*10PK
이테크,17호,100EA*10PK
이푸드)미니베이컨(1kg*10)
이푸드)알뜰베이컨(1kg*10)
이푸드)착한베이컨(1kg*10)
익스트라다크코코아파우더 1kg
익스트라다크코코아파우더 200g
익스트라다크코코아파우더(콘데타)-지대
익스트라테이스트(1kg)
익스트라테이스트(5kg)벌크
인겐고마아에(강낭콩)
인도 마이소르 너깃 엑스트라 볼드 200g
인쇄공단리본15mm 금색
인쇄공단리본15mm 녹색
인쇄공단리본15mm 분홍
인쇄공단리본15mm 자주
인쇄공단리본15mm 흰색
인쇄창봉투120
인쇄창봉투130
인절미라떼 파우더 400g
일반롤레이스 100매
일반보냉제400g 140*220
일반보냉제800g 190*280
일본식팬케익믹스1Kg
일본오케이간모
일상 쇼핑백 화이트 대/200EA(1BOX)
일상 쇼핑백 화이트 대/50EA
일상 쇼핑백 화이트 소/200EA(1BOX)
일상 쇼핑백 화이트 소/50EA
일상쇼핑백대 300*135*255
일상쇼핑백소 180*90*230
일석삼조케이크칼 100개
일월오봉도 각대봉투/100EA
일월오봉도 각대봉투/2000EA(1BOX)
일월오봉도 쇼핑백/25EA
일출 근하신년 띠지/50EA
일출 새해 띠지/50EA
일출 원형 2종 스티커 1묶음(8장)/64EA
일회용나이프(검정/개별포장)TM100EA*20PACK
일회용사각용기TY-3(20*14)100E*10P
일회용스푼(자동포장)
일회용포크(검정1매입)SA100EA*20PACK
일회용포크(자동포장)
일회용포크(흰색1매입)100EA*20PACK
잉글리쉬 블랙퍼스트 홍차20티백
잉글리쉬블랙퍼스트100g
잎새젤라틴(20g)
자두 1kg
자루분당체(소)
자루분당체(일),대
자루분당체(일),소 68ø*180L
자루분당체(일),중
자루분당체대
자루분당체중 98(Φ) × 210
자루주걱(고열용)_대
자루주걱(고열용)_소
자루주걱(고열용)_중
자루주걱,대
자루주걱소 (SN4741),240
자루주걱중
자몽 코디얼
자색고구마가루 1kg 국산
자색고구마분말1Kg 중국산
자숙피꼬막살(국내산,10PAC/BOX)
자숙피꼬막살(국내산,1KG/PAC)
자연애쇠고기1kg
자윤)가쓰오부시1호500g*10ea
자윤)가쓰오부시1호500g*10ea
자이언트룰렛 다크/화이트
자판기용종이컵
잔뒤야다크
잔탄검(150g)
잔탄검100g
잔탄검1kg
잠봉슬라이스[블록]200~400g
잠봉슬라이스_400g
잡화청2.4kg*8
잣(국산)1kg
잣다루싱글
장국용멸치분말1kg
장국용멸치분말300g
장미8구
장미꽃잎시럽 1kg
장미꽃잎시럽 1kg
장보고 완도 동결건조 매생이 블럭 2g x 5
장식 듀오롤(초코스틱지브라포)
장식 미니모카빈300g
장식 장미잎
장식용 꼬치 구름/100EA
장식용 꼬치 꽃/100EA
장식용 꼬치 별/100EA
장식용 꼬치 하트/100EA
장식용 꼬치 해/100EA
장파운드팬 305*70*60
잼보 유색 레이스 25 테이프 블루(11)/1ROLL
잼보 유색 레이스 25 테이프 살구(17)/1ROLL
잼보 파스텔 레이스 12 테이프 파스텔그린/1ROLL
잼보 파스텔 레이스 12 테이프 파스텔레드/1ROLL
잼보 플로라 체크 15 테이프 브라운/1ROLL
잼보 플로라 체크 15 테이프 스카이/1ROLL
잼보 플로라 체크 15 테이프 카키/1ROLL
잼보 플로라 체크 15 테이프 핑크/1ROLL
쟁반깔지(인쇄유산지) 레터링
쟁반깔지(인쇄유산지) 브라운
쟁반깔지(인쇄유산지) 연두
쟁반깔지(인쇄유산지) 영자신문
쟁반깔지(인쇄유산지) 오렌지
쟁반깔지(인쇄유산지) 핑크
쟁반깔지(인쇄유산지) 화이트
쟈스민차벌크/1kg*20pk
쟈스민차벌크/1kg*20pk
쟌뒤야다크인텐소
저감미당S (1kg)
저수분버터필링_5kg
저지방(2%) 그릭 요거트 플레인 150g
적강낭콩 4/1 2.65kg
적날치알(레드),국내제조, 800g*20ea/BOX
적날치알(레드),수입산,800g*20ea/BOX
적두,국내산,농부농산,kg
적외선온도계
전자저울
전자저울_KS-234WT
전자저울2kg
전자저울500g
전자저울KS-208WT
전자저울KS-502A_2Kg/1g
전자저울WZ-1D
전통7곡미숫가루800g
절단깍지콩(flat cut spanish green bean)
절단당근 4/1  2kg
절단비트 1/2
절단비트 4/1
절단샐러리4/1
절단양파통조림
점보난
점보롤(해피퀸)화장지(200*4롤2겹)*4Pack
접시1호
접시2호
접시3호
접시4호
접착소파운드컵 레드하트 100개
접착소파운드컵 스위트홀릭 100개
접착소파운드컵 초코체크 100개
접착소파운드컵 핑크체크 100개
접착컵미니 스위트홀릭 100개
접착컵미니 초코체크 100개
접착컵미니 핑크체크 100개
정복애 3종 스티커 1묶음(8장)/192EA
정복애3종스티커
정사각 유리용기 800ml 3세트
정사각타르트팬
정사각타르트팬1호
정사각타르트팬2호
정사각팬1호
정사각팬2호양면 165*165*45
정사각팬3호
정사각팬4호
정사각팬5호
정사각팬6호
정사각형 유리용기 1400ml
정사각형 유리용기 2200ml
정사각형 유리용기 800ml
제과용홍차가루200g
제니코)New골드라벨밀크향(1,030g*12)
제니코)Super-2000 gold 500g*34
제니코)고다 다이스치즈(2.27kg*4)제니코)고다 다이스치즈(2.27kg*4)
제니코)골드라벨(907G X 12)_오리지널
제니코)까망베르크림치즈1kg*10
제니코)까망베르크림치즈1kg*10
제니코)다이스내열성체다치즈(2.27kg*4)
제니코)라스카스 크림치즈 1.36kg*10
제니코)라스카스 크림치즈 1.36kg*10
제니코)리치베르사띠(1L*12)
제니코)마르켄버터10kg
제니코)마스카폰치즈500g*6
제니코)마스카폰치즈500g*6
제니코)만토바마스카포네치즈_500g*8
제니코)모짜렐라 프라임 300 2.5kg*4
제니코)모짜렐라 프라임 500 2.5kg*4
제니코)모짜렐라치즈슬라이스(1kg*4)
제니코)모짜렐라프라임골드2.5kg*4
제니코)몬트레이젝다이스치즈(2.27kg*4)
제니코)밸류프라이드_907g*12
제니코)베이킹파우더 포뮬러(2) 300g
제니코)베이킹파우더_RED 300g
제니코)본가드슬라이스치즈160매2.27kg*4
제니코)브라젤레버터(이탈리아,무가염)_5kg
제니코)비앙카골드크림치즈(1.36kg*10)
제니코)스위트밸리휘핑크림
제니코)에어로탑커피용크림(1ℓ*12)
제니코)엔젤인스탄트이스트-저당 10kg
제니코)엔젤인스탄트이스트-저당 500g*20
제니코)웨스트포인트버터 13.6kg(Bulk)
제니코)윌버팜스휘핑크림(1ℓ*12)
제니코)체다슬라이스치즈100P
제니코)체다슬라이스치즈100P
제니코)크로와상버터플레이트 10KG(2KG X 5EA)
제니코)팬시슈레드파마산치즈907g*6
제니코)팬시슈레드파마산치즈907g*6
제니코)폴리크림치즈_1.36kg*10
제니코)폴리크림치즈컵28g*100
제니코)피자치즈N502.5kg*4
제니코)피자토핑프라임2.5kg*4
제니코)후랑크소시지 1kg*10
제니코)후랑크소시지 1kg*10
제니코피자치즈500A 2.5kg
제때)맥케인 슈스트링감자 2kg*6
제빵용누룩소금(시오코지)
제원)디아블로삼각형585G*6
제원)디아블로삼각형585G*6
제원)딸기잼12.5kg/Can
제원)커피플레이버(커피엑기스2)1KG*6
제이베이커리융점롤치즈
제이앤커피)카페브라운블렌드 1KG*12
제이쿱)동죽순(홀) 2.84kg*6
제이쿱)락교2S 3kg*6
제이쿱)락교3S 3kg*6
제이쿱)로위키멸균우유 3.2% (1L X 12)
제이쿱)리노 마카로니 (500g*20)
제이쿱)리노 스파게티 (500g*20)
제이쿱)세빌프리미엄 블랙올리브 피티드(385g*24)
제이쿱)양송이(P&S) 2.84kg*6
제이쿱)양송이(특편) 2.84kg*6
제이쿱)양송이(홀) 2.84kg*6
제이쿱)완두콩 3kg*6ea(캔)
제이쿱)완두콩(원터치캔) 400g*24ea
제이쿱)죽순(채) 2.84kg*6
제이쿱)죽순(편) 2.84kg*6
제이쿱)죽순(홀) 2.84kg*6
제이쿱)찰당면 13KG 벌크
제이쿱)표고(채) 2.84kg*6
제이쿱)표고(채) 2.84kg*6
제이쿱)표고(홀) 2.84kg*6
제이쿱)표고홀(2.84kg X 6)
제이쿱)후레쉬오이피클슬라이스3.1kg*6
제일)맥스웰하우스500G*12
제일)아몬드프라린2kg*6
제일)커피땅콩1kg*20
제일)코리넛땅콩버터(캔)56%2.4kg*6
제일)코리넛땅콩버터75% 2kg*6
제일)코리넛피넛버터(크리미)83%1kg*6
제일)특A+코리넛땅콩버터93%2kg*6
제피르 카라멜 2.5kg
젠믹스
젤라틴(분말)500g
젤라틴(판)
젤라틴1Kg
젤라틴450g
젤라틴분말20Kg
젤로단
젤텍 젤라틴450g
조각케이크받침  블랙원형80  100개
조각케이크받침  블랙정사각80  100개
조각케이크받침 골드 삼각2호/100EA
조각케이크받침 골드 삼각3호/100EA
조각케이크받침 블랙 정사각80/100EA
조각케이크받침 화이트 삼각2호/100EA
조각케이크받침 화이트 원형 팔각80/100EA
조각케이크받침 화이트 원형100/100EA
조각케이크받침 화이트 원형70/100EA
조각케이크받침 화이트 정사각80/100EA
조각케이크받침 화이트 직사각100/100EA
조각케이크받침 화이트 직사각120/100EA
조-레드체다슈레드 2.5kg
조-레이치즈 2.5kg
조미가리비(5g*20)
조미가리비(5g*20*40pk/bx)
조미가리비(5g*20*40pk/bx)
조미김가루1KG*4
조색볼뚜껑
조지브륵스 푸아그라블럭 145G
조지브륵스 푸아그라블럭 305G
조지브륵스 푸아그라블럭 75G
조흥)숙성체다치즈소스 2kg*5
조흥)하이멜트치즈J(2.5*4EA)
종이 둥근사각용기 세트 1000ml/300EA(1BOX)
종이 둥근사각용기 세트 650ml/300EA(1BOX)
종이 둥근사각용기 세트 750ml/300EA(1BOX)
종이 빨대 7/21 (일자형) 개별포장/500EA
종이 빨대 7/21 (일자형) 벌크포장/500EA
종이 스푼/1000EA
종이 완충재/1롤
종이도시락 디저트 크라프트 대(602)/300EA(1BOX)
종이도시락 디저트 크라프트 중(600)/400EA(1BOX)
종이도시락 디저트 화이트 대(602)/300EA(1BOX)
종이도시락 디저트 화이트 중(600)/400EA(1BOX)
종이도시락 반반 화이트(90) A(반반도시락)/100EA
종이도시락 반반 화이트(90) B(반반도시락+1칸+2칸)/100EA(한세트)
종이도시락 반반 화이트(90) C(반반도시락+1칸+1칸)/100EA(한세트)
종이도시락 반반 화이트(90) D(반반도시락+2칸+2칸)/100EA(한세트)
종이도시락 치킨/튀김 크라프트 대(한마리반)/200EA(1BOX)
종이도시락 치킨/튀김 크라프트 대(한마리반)/50EA
종이도시락 치킨/튀김 크라프트 소(반마리)/200EA(1BOX)
종이도시락 치킨/튀김 크라프트 소(반마리)/50EA
종이도시락 치킨/튀김 크라프트 중(한마리)/200EA(1BOX)
종이도시락 치킨/튀김 크라프트 중(한마리)/50EA
종이도시락 크라프트 김밥/800EA(1BOX)
종이도시락 크라프트 핫도그/500EA(1BOX)
종이도시락 피크닉 크라프트 대(70)/100EA
종이도시락 피크닉 크라프트 대(70)/300EA(1BOX)
종이도시락 피크닉 크라프트 중(601)/400EA(1BOX)
종이도시락 피크닉 화이트 대(70)/300EA(1BOX)
종이도시락 피크닉 화이트 중(601)/400EA(1BOX)
종이도시락 햄버거 크라프트 소(501)/400EA(1BOX)
종이도시락 햄버거 크라프트 소(501)/50EA
종이도시락 햄버거 크라프트 중(50)/400EA(1BOX)
종이도시락 햄버거 크라프트 중(50)/50EA
종이도시락 햄버거 화이트 소(501)/400EA(1BOX)
종이도시락 햄버거 화이트 소(501)/50EA
종이도시락 햄버거 화이트 중(50)/400EA(1BOX)
종이도시락 햄버거 화이트 중(50)/50EA
종이도시락 화이트 딤섬/500EA(1BOX)
종이띠지 동백 50매
종이띠지 땡큐 50매
종이띠지 배꽃 50매
종이띠지 복 50매
종이띠지 조각보 50매
종이띠지 축하합니다 50매
종이띠지 콩그레츄레이션 50매
종이띠지 핸드메이드-라인 50매
종이띠지 핸드메이드-플라워 50매
종이띠지 후레쉬-그린 50매
종이띠지 후레쉬-화이트 50매
종이띠지-합격 응원 50매
종이띠지-합격기원 그레이 50매
종이띠지-합격기원 화이트 50매
종이봉투(크라프트/대)100EA*10PACK
종이봉투(크라프트/소) 100EA*10PACK
종이봉투(크라프트/중)100EA*10PACK
종이소주컵
종이소주컵
종이쇼핑백(크라프트상접/대-무지)200EA/BX
종이쇼핑백(크라프트상접/중-무지)200EA/BX
종이원형볼 세트 크라프트 1100ml/450EA(1BOX)
종이원형볼 세트 크라프트 900ml/450EA(1BOX)
종이원형볼 세트 화이트 1100ml/450EA(1BOX)
종이원형볼 세트 화이트 12oz 돔 뚜껑/500EA
종이원형볼 세트 화이트 12oz 평판 뚜껑/500EA
종이원형볼 세트 화이트 16oz 돔 뚜껑/500EA
종이원형볼 세트 화이트 16oz 평판 뚜껑/500EA
종이원형볼 세트 화이트 8oz 돔 뚜껑/500EA
종이원형볼 세트 화이트 8oz 평판 뚜껑/500EA
종이원형볼 세트 화이트 900ml/450EA(1BOX)
종이컵 뚜껑 화이트 10/13/16온즈겸용(85파이)/1000EA(1BOX)
종이컵 뚜껑 화이트 10/13/16온즈겸용(85파이)/100EA
종이컵 뚜껑 화이트 4온즈 전용 (65파이)/1000EA(1BOX)
종이컵(빙수그릇종이)小_520CC
종이타이 덕용(2000개)/낙엽 1상자
종이타이 덕용(2000개)/눈꽃 1상자
종이타이 덕용(2000개)/베이비 1상자
종이타이 덕용(2000개)/초콜릿 1상자
종이타이 덕용(2000개)/튤립 1상자
종이타이 덕용(2000개)/풍선 1상자
종이호일골드
좋은 사람 2종 스티커 1묶음(17장)/102EA
주름마루식빵팬AC
주름컵 40mm베이지색 200매
주름컵 40mm초코색유산지 250매
주름컵 40mm흰색유산지 200매
주름컵 45mm베이지색 200매
주름컵 45mm초코색유산지 250매
주름컵 45mm흰색유산지 200매
주름컵 55mm베이지색 200매
주름컵 55mm초코색유산지 250매
주름컵 55mm흰색유산지 200매
주름컵-색지 40mm/보라색 200매
주름컵-색지 40mm/적색 200매
주름컵-색지 40mm/청색 200매
주름컵-색지 40mm/초코색 200매
주름컵-색지 45mm/보라색 200매
주름컵-색지 45mm/적색 200매
주름컵-색지 45mm/청색 200매
주름컵-색지 45mm/초코색 200매
주름컵-색지 55mm/보라색 200매
주름컵-색지 55mm/적색 200매
주름컵-색지 55mm/청색 200매
주름컵-색지 55mm/초코색 200매
주름파이팬C
주물가느토로노미팬1/4-MIB
주물가스토로노미팬1/1-MIB
주물가스토로노미팬1/2-MIB
주물카제롤 160mm-MIB
주물카제롤 240mm-MIB
주물카제롤 280mm-MIB
주부저울
주석산1Kg
주자 15 리본 딥블루/1ROLL
주자 15 리본 레드/1ROLL
주자 15 리본 민트/1ROLL
주자 15 리본 베이비핑크/1ROLL
주자 15 리본 블랙/1ROLL
주자 15 리본 아쿠아블루/1ROLL
주자 15 리본 웜그레이/1ROLL
주자 15 리본 초코브라운/1ROLL
주자 15 리본 크림옐로우/1ROLL
주자 15 리본 퍼플/1ROLL
주자 15 리본 피치핑크/1ROLL
주자 15 리본 핫핑크/1ROLL
주자 15 리본 화이트/1ROLL
주자 25 리본 딥블루/1ROLL
주자 25 리본 레드/1ROLL
주자 25 리본 민트/1ROLL
주자 25 리본 베이비핑크/1ROLL
주자 25 리본 블랙/1ROLL
주자 25 리본 아쿠아블루/1ROLL
주자 25 리본 웜그레이/1ROLL
주자 25 리본 초코/1ROLL
주자 25 리본 크림옐로우/1ROLL
주자 25 리본 퍼플/1ROLL
주자 25 리본 피치핑크/1ROLL
주자 25 리본 핫핑크/1ROLL
주자 25 리본 화이트/1ROLL
주자 6 리본 그레이/1ROLL
주자 6 리본 다크그린/1ROLL
주자 6 리본 레드/1ROLL
주자 6 리본 블랙/1ROLL
주자 6 리본 오렌지/1ROLL
주자 6 리본 퍼플/1ROLL
주자 6 리본 화이트/1ROLL
주자리본15mm 골드
주자리본15mm 그레이
주자리본15mm 그린
주자리본15mm 레드
주자리본15mm 민트
주자리본15mm 브라운
주자리본15mm 와인
주자리본15mm 잉크
주자리본15mm 핑크
주자리본25mm 그린
주자리본25mm 네이비
주자리본25mm 라이트핑크
주자리본25mm 레드
주자리본25mm 민트
주자리본25mm 브라운
주자리본25mm 실버
주자리본25mm 옐로우
주자리본25mm 오렌지
주자리본25mm 와인
주자리본25mm 핫핑크
주자리본6mm 금색
주자리본6mm 민트
주자리본6mm 분홍
주자리본6mm 빨강
주자리본6mm 연분홍
주자리본6mm 자주
주자리본6mm 화이트
죽용기 소(630ml)_50EA/1줄
중)EFG_동죽순(대화)/2.84kg*6can
중)EFG_두치500g*40ea
중)EFG_두치500g*40ea
중)EFG_청마조1KG*6EA
중)EFG_청마조1KG*6EA
중)청마조(청산초) 500G*10EA
중)청마조(청산초) 500G*10EA
중국산 볶음땅콩반태20Kg
중국산 볶음땅콩분태1Kg
중국산 볶음땅콩분태20kg
중식용_두반장(하하)450Grams*24EA
중식용_두반장(하하)450Grams*24EA
중파운드팬양면
중화)요티아오(유조) 빵 (400g*12ea)
중화조미료2KG*6(중화MSG)
쥬카토)케이퍼베리330g*12
즈마장 (지마조화장) 2.5kg*6
즈마장 (지마조화장) 2.5kg*6
즈마장 (지마조화장) 3kg*6
증숙고구마(적)5KG
증점다당류K_10kg
지성다크초콜릿54%5KG*2
지성화이트초콜릿31%1KG*10
지앤엘)딸기리플잼1kg*6
지앤엘)라즈베리리플잼1kg*6
지앤엘)블루베리리플잼1kg*6
지유락(밀맥스)20KG
지은보은 띠지/50EA
지중해스타일샐러드치즈[다이스15X15X20]
지퍼손잡이보온보냉팩(100매)
직사각 금지무스받침 금지 100매
직사각 금지무스받침 은지 100매
직사각타르트팬
직사각형 유리용기 1040ml
직사각형 유리용기 1500ml
직사각형 유리용기 3종 세트
직사각형 유리용기 640ml
직수입)황도슬라이스 3kg*6 (g)
직화그릴드치킨브레스트필렛(1kg*10)
진공 에프디딸기파우더 (국산) 1kg
진우)마늘빵(1.5KG)
진유원)큐원 맑은식용유(1.8L X 12)
진저냉동퓨레(94%) 1kg 파인 레몬 생강
진저맨6구
진주햄)문어비엔나(1kg*10)
진주햄)슬라이스햄(1kg*10)
진주햄)알뜰비엔나(1kg*10)
집게 가격표 대/1EA
집게 가격표 소/1EA
짬뽕분말스프 650g
쯔케코미타래
찌개용양념분말550g
찜케익가루1
차슈
차슈-600g이상(소)
차오름)참김가루(1kg)
차오름)참김가루(1kg*4ea)
차전자피분말1Kg
찬용기(DL-434)뚜겅/볼록/투명100EA*4PAC
찬용기(DL-434)바디(검정)100EA*4PACK
찬용기(DL-505)바디(투명)50EA*18PACK
찰고추장 골드(무인쇄)14kg
찰고추장(박스)14KG
찰보리가루1kg
참고을)건고추(베트남)1kg*10
참고을)건고추(베트남)1kg*10
참고을)서브큐 신선한쌈장14kg
참고을)서브큐 찰고추장14kg
참고을)서브큐 찰고추장14kg (직송)
참고을)서브큐 찰고추장17KG
참고을)서브큐 참고소한 참기름1.8L*8ea
참고을)서브큐 참고소한 참기름1L*10ea
참고을)서브큐 참고을 된장 14kg
참고을)서브큐 참진간장 14L
참고을)서브큐 참진간장 14L(직송)
참고을)조미용고춧가루(매운맛) 1kg*10
참고을참기름18L
참그린)주방세제 1GK*12EA
참그린)주방세제 1GK*12EA
참그린)주방세제 리필용 1.2KG*10EA
참그린)주방세제 리필용 1.2KG*10EA
참깨(볶음)1kg
참깨(볶음)300g
참깨분20KG(수입산)
참깨페이스트M(800g)
참나물용미소드레싱
참치샐러드(1kg*10)
참치샐러드(1kg*10)
참치캔1.88kg*6(동원)/상온/국내제조
참치캔1.88kg*6(동원)/상온/국내제조
찹쌀꽈배기용믹스 10kg
찹쌀떡
창 봉투 크라프트 120/100EA
창 봉투 크라프트 120/2500EA(1BOX)
창 봉투 크라프트 130/100EA
창 봉투 크라프트 130/2500EA(1BOX)
창 봉투 크라프트 150/100EA
창 봉투 크라프트 150/2000EA(1BOX)
창 식빵 봉투 150 (100매)
창 식빵 봉투 190 (100매)
창 식빵 봉투 크라프트 150/100EA
창 식빵 봉투 크라프트 150/1500EA(1BOX)
창 식빵 봉투 화이트 150/100EA
창바게트 봉투 크라프트/100EA
창봉투 노루지 500매
창봉투 크라프트 500매
천끈1롤/적색
천도복숭아 1kg
천연바닐라에센스80g
천연색소(그린)100g
천연색소(레드)100g
천연색소(브라운)100g
천연색소(브라운)300g
천연색소(블루)100g
천연색소(옐로우)100g
천연색소(오렌지)100g
천연색소(오렌지)300g
천연색소(퍼플)100g
천연색소(핑크)100g
천연색소(핑크)300g
천연향료(장미꽃향)
천짜주머니12
천짜주머니14
천짜주머니16
천짜주머니16 인치
천짜주머니18
천짜주머니18인치
천짜주머니20
천짜주머니24
천짤주머니12
천짤주머니12 FLEX
천짤주머니14
천짤주머니14 FLEX
천짤주머니20인치
철부러쉬(나무손잡이)1EA
청귤 1kg
청담)비탈리스케이퍼945g*6
청담)월스윗호스레디쉬907g*6
청사과레진(1kg)
청양고추오일_250ml
청양초조미분말100g
청양초조미분말1kg
청우)마늘간장소스 1KG*12EA
청우)만능비빔무침양념_1.1kg*12
청우)캡사이신매운맛소스_550g*12
청우)캡사이신매운맛소스_550g*12
청우)캡사이신분말_400g*12
청정원)잇츠팜 330g*18ea
청정원_런천미트330g*18
청포도 1kg
청포도 레진
청포도 청크잼 (1kg)
청포도 코디얼
청포도에이드 1kg
청포도에이드 1kg
체다슬라이스SU(가는슈레드)1.5kg
체다슬라이스SU(슈레드) 1kg
체다치즈소스(470g)
체다치즈슬라이스(600g)
체다치즈슬라이스[다이스9.6]_1kg
체리레진(1kg)
체리페퍼 위드 스파이시 크림치즈 280g
체리페퍼 위드 스파이시 크림치즈 930g
체스트넛 스프레드(50%) 밤 마롱 크림 1kg
체스트넛 페이스트(60%) 밤 마롱 페이스트 1kg
체스트넛&바닐라냉동퓨레(50%) 1kg
체스트넛페이스트
체이스트넛퓨레
체커보드 레드 유산지 16.5*18/500EA
체커보드 레드 유산지 25*35/500EA
체커보드 레드 유산지 25*35/5500EA(1BOX)
체크 15 리본 다크그린/1ROLL
체크 15 리본 라이트퍼플/1ROLL
체크 15 리본 레드/1ROLL
체크 15 리본 브라운/1ROLL
체크 15 리본 스카이/1ROLL
체크 15 리본 핑크/1ROLL
체크 PET 타이 라이트그린/500EA(1봉)
체크 PET 타이 블루/500EA(1봉)
체크 PET 타이 스카이/500EA(1봉)
체크 PET 타이 오렌지/500EA(1봉)
체크 PET 타이 퍼플/500EA(1봉)
체크 PET 타이 핑크/500EA(1봉)
체크타이 갈색 1봉지(500개)
체크타이 녹색 1봉지(500개)
체크타이 보라 1봉지(500개)
체크타이 분홍 1봉지(500개)
체크타이 빨강 1봉지(500개)
체크타이 오렌지 1봉지(500개)
체크타이 파랑 1봉지(500개)
체크타이 하늘 1봉지(500개)
체크페이퍼 택 타이 스카이/150EA(5*30봉)
체크페이퍼 택 타이 스카이/5EA(1봉)
초고노추(해천노추왕)/500ml*12ea
초담원)마늘간장소스_1.1kg*12
초미니구겔호프
초밥용자숙문어(베트남,6g*20*40pk/BOX)
초코레진다크500g
초코레터링HD 대 100매
초코레터링HD 소 100매
초코레터링HD 중 100매
초코렛워머기
초코렛필링
초코롤링시트1Kg
초코맛코코넛파우더1kg
초코맛코코넛파우더400g
초코머핀믹스
초코머핀믹스 1kg
초코머핀믹스(지대)
초코민칼
초코브라우니D(500g)
초코색-케익띠악보
초코슬라이스케익믹스500g
초코에버휩(내수)_1kg
초코칩(벌크) 10kg
초코칩(인도네시아)1kg
초코칩(인도네시아)300g
초코칩(인도네시아)300g
초코칩다크5Kg
초코컴파운드플레이크
초코컵 28mm 노란색 1000매
초코컵 28mm 보라색 1000매
초코컵 28mm 연두색 1000매
초코컵 28mm 적색 1000매
초코컵 28mm 초코색 1000매
초코컵 28mm 흰색 1000매
초코컵 33mm 초코색 1000매
초코컵 33mm 흰색 1000매
초코케이크(16컷)
초코코코넛분말1kg
초코쿠키크런치  1kg
초코쿠키크런치 (다크)
초코쿠키크런치 10kg 벌크
초코쿠키크런치10Kg
초코쿠키크런치1kg
초코쿠키크런치300g
초코쿠키크런키 1kg
초코크런치 벌크
초코크런치DP 15kg
초코크리미 쿠키슈_70g * 20
초코톱칼
초코파우더 500g
초코헤즐넛필링
초코호일싸게지 금색 500장
초코호일싸게지 분홍색 500장
초코호일싸게지 연두색 500장
초코호일싸게지 은색 500장
초코호일싸게지 적색 500장
초코호일싸게지 파란색 500장
초콜렛디핑포크3종세트_23mm*202mm(전체)
초콜렛파우더500g
초콜릿 가나슈 타르트63
초콜릿 로즈 미니화이트 (중량변경) 45 piece
초콜릿 싸개지 골드/250EA
초콜릿 싸개지 그린/250EA
초콜릿 싸개지 레드/250EA
초콜릿 싸개지 실버/250EA
초콜릿 싸개지 퍼플/250EA
초콜릿 퐁당 100g 2입팩
초콜릿 퐁당 100g 벌크
초콜릿 헤이즐넛 베어파우
초콜릿내피10구 100개
초콜릿내피5구 1000개
초콜릿내피5구 100개
초콜릿스틱
초콜릿청크(1kg-다크청크)
초콜릿청크(다크청크)-벌크
초콜릿파우더 20Kg
초콜릿파우더 500g
초콜릿파우더1kg
초콜릿파우더1kg
초콜릿후레바500g
초핑지(1kg) 크라프트
초핑지(1kg) 화이트
축입학(C-19)
츄러스 믹스 5kg
츄러스 봉투 크라프트 대/500EA
츄러스 봉투 크라프트 소/500EA
츄러스믹스 [20kg]
츄러스봉투(무지/소)100EA*10PACK
치-라꽁비에뜨AOOP버터(무염) 15g*30
치-란다나1000일숙성 고다 180g
치리오)황도슬라이스 411g*12
치아씨드1Kg
치자분말1kg
치-장페렝꽁떼 숙성 12개월
치즈 그레이터
치즈 나이프
치즈 나이프 & 보드 세트 - 프렌드
치즈 나이프 세트 미니 모나코 & 블랙
치즈 나이프 세트 미니 코펜하겐
치즈 슬라이서
치즈 앤 할라피뇨 스프레드 140g
치즈 크란스키 치폴라타 300g
치즈 타파스 보드 S
치즈 팝 고다 65g
치즈 플레이터
치즈그레이터
치즈롤링시트1Kg
치즈분말1kg
치즈생각 FDCH-100(2.5kg*4ea)
치즈오일
치즈케이크(큐브) 빙수치즈 1kg
치즈트리)TREE고구마스트링13mm(2.5kg* 2pk)
치즈트리)크림앤체다스트링(2.5kg* 2pk)
치즈트리)크림치즈볼(2kg* 2pk)
치즈파우더200g
치즈팬 미니(착)
치즈혼합분말2
치즈혼합파우더1Kg
치즈혼합파우더Ⅱ_1Kg_백치즈
치지 나이프
치치스타코시즈닝믹스35g*24
치치스타코시즈닝믹스35g*24
치킨타코필링(500g)
치포틀레오일_250ml
친환경 바이오 스크래퍼
친환경 빨대 PLA 210 일자형 블랙 (벌크)/300EA
친환경 빨대 PLA 210 일자형 화이트 (벌크)/300EA
친환경 어도러블 종이컵 10온즈 (85파이) 1000EA(1BOX)/블랙(뚜껑)
친환경 어도러블 종이컵 10온즈 (85파이) 1000EA(1BOX)/선택안함(뚜껑)
친환경 어도러블 종이컵 10온즈 (85파이) 1000EA(1BOX)/화이트(뚜껑)
친환경 어도러블 종이컵 10온즈 (85파이) 100EA/블랙(뚜껑)
친환경 어도러블 종이컵 10온즈 (85파이) 100EA/선택안함(뚜껑)
친환경 어도러블 종이컵 10온즈 (85파이) 100EA/화이트(뚜껑)
친환경 에코 종이컵 10온즈 (85파이) 1000EA(1BOX)/블랙(뚜껑)
친환경 에코 종이컵 10온즈 (85파이) 1000EA(1BOX)/선택안함(뚜껑)
친환경 에코 종이컵 10온즈 (85파이) 1000EA(1BOX)/화이트(뚜껑)
친환경 종이컵 13온즈 (85파이) 1000EA(1BOX)/블랙(뚜껑)
친환경 종이컵 13온즈 (85파이) 1000EA(1BOX)/블랙(뚜껑)
친환경 종이컵 13온즈 (85파이) 1000EA(1BOX)/선택안함(뚜껑)
친환경 종이컵 13온즈 (85파이) 1000EA(1BOX)/화이트(뚜껑)
친환경 펄프 컵캐리어 2구/50EA
친환경 펄프 컵캐리어 4구/50EA
친환경 플라워 종이컵 10온즈 (83파이) 1000EA(1BOX)/블랙(뚜껑)
친환경 플라워 종이컵 10온즈 (83파이) 1000EA(1BOX)/선택안함(뚜껑)
친환경 플라워 종이컵 10온즈 (83파이) 1000EA(1BOX)/화이트(뚜껑)
친환경 플라워 종이컵 10온즈 (83파이) 100EA/블랙(뚜껑)
친환경 플라워 종이컵 10온즈 (83파이) 100EA/선택안함(뚜껑)
친환경 플라워 종이컵 10온즈 (83파이) 100EA/화이트(뚜껑)
친환경비닐짤주머니12  100P
친환경비닐짤주머니18 _ 100매
친환경비닐짤주머니23
친환경찜용호일21.6cm
카고 유리병/60EA(1BOX)
카길 다크컴파운드칩 벌크 20kg
카길 컴파운드초콜릿칩(1kg)
카길 컴파운드초콜릿코팅다크(10kg)
카길 컴파운드초콜릿코팅다크(1kg)
카길 컴파운드초콜릿코팅라이트(10kg)
카길 컴파운드초콜릿코팅라이트(1kg)
카길 컴파운드초콜릿코팅화이트(10kg)
카길 컴파운드초콜릿코팅화이트(1kg)
카넬 (프랄린)
카니발 렌치소스_2kg*5
카니발 렌치소스_2kg*5
카니발크란베리소스_2kg*5
카니발크란베리소스_2kg*5
카드 NEW (둥근형)
카드태그U
카드태그V
카라멜 (프랄린)
카라멜맛 컬스초콜릿1kg
카라멜소스1.89L
카라멜소스1.89L
카라멜스피린터500g
카라멜토36%
카라멜화시킨양파가득씹히는양파스프(10개)
카라멜화시킨양파가득씹히는양파스프(40개)
카라신) 14oz 아이스컵 92Φ 1000ea/box
카라신) 14oz용 아이스평뚜껑92Φ 1000EA/BX
카라신) 16oz 아이스컵 92Φ 1000ea/box
카랏 코팅다크초콜릿4Kg
카레센몬카레루(하찌카레)
카레시즈닝400g
카리야즉석카레-포크카레(약간매운맛)
카바야키타레(오타후쿠)2.2kg*6
카바야키타레(오타후쿠)2.2kg*6
카사로 모짜렐라로그 453g
카스전자저울WK-5A
카스전자저울WK-5C
카스타이머 KT-1(화이트)
카스테라 컵/200EA
카스테라틀 홈용 200*100*85
카스테라틀 홈용 200*100*85
카스테라틀1/2용 326*226*80
카스테라틀1/2용 326*226*80
카자노브 트리플섹
카카오바리 엑스트라브뤼트 코코아파우더 1kg
카카오바리 엑스트라브뤼트 코코아파우더 1kg
카카오바리 플렝아롬 코코아파우더 1kg ( CP-776 )
카탈로니아 레몬 엑스트라 버진 올리브 오일 250ML
카탈로니아 엑스트라 버진 올리브 오일 250ML
카탈로니아 트러플 엑스트라 버진 올리브 오일 250ML
카페 PE 쇼핑백 브라운 대/50EA
카페 PE 쇼핑백 브라운 대/900EA(1BOX)
카페 PE 쇼핑백 크림 소/1500EA(1BOX)
카페 PE 쇼핑백 크림 소/50EA
카페PE
카페라떼 (프랄린)
카푸치노 타르트(72개입)
카푸치노프라린크림용펌
카프리 무화과냉동퓨레 [1kg]
카프리노 디 라떼 80g
카프리스 데 디유 125g
칸디아뷰러드브리타니
칸탈루프 멜론퓨레(500g)
칼 봉투/100EA
칼라 타이 금색/1200EA
칼라 타이 금색/60000EA(50봉)BOX
칼라 타이 은색/1200EA
칼라 타이 은색/60000EA(50봉)BOX
칼라 타이 혼합(10가지색상)/1200EA
칼라 타이 혼합(10가지색상)/60000EA(50봉)BOX
칼라마타 피티드 올리브 마리네이티드 60g
칼라타이 금색
칼라타이 금색
칼리바우트(깔리) 골드초콜릿 2.5kg
칼리바우트(깔리) 다크청크초콜릿 10kg
칼리바우트(깔리) 다크초콜릿 2815 2.5kg
칼리바우트(깔리) 다크초콜릿 2815(벌크) 10kg
칼리바우트(깔리) 다크초콜릿 70-30 2.5kg
칼리바우트(깔리) 다크초콜릿 70-30 400g
칼리바우트(깔리) 다크초콜릿 811 1kg
칼리바우트(깔리) 다크초콜릿 811 2.5kg
칼리바우트(깔리) 다크초콜릿 811 400g
칼리바우트(깔리) 다크초콜릿 파워80 2.5kg
칼리바우트(깔리) 딸기초콜릿 2.5kg
칼리바우트(깔리) 루비초콜릿 2.5kg
칼리바우트(깔리) 루비초콜릿 400g
칼리바우트(깔리) 밀크청크초콜릿 10kg
칼리바우트(깔리) 밀크초콜릿 823 2.5kg
칼리바우트(깔리) 밀크초콜릿 823 400g
칼리바우트(깔리) 코코아버터 4kg
칼리바우트(깔리) 화이트청크초콜릿 10kg
칼리바우트(깔리) 화이트초콜릿 W2 2.5kg
칼리바우트(깔리) 화이트초콜릿 W2 400g
칼리바우트오리진아리바2.5kg
칼리바우트캐러멜향초콜릿
칼리바우트토핑소스1Kg
칼봉투
칼봉투 그레이 200매
칼봉투 민트 200매
칼봉투 핑크 200매
칼봉투 화이트 200매
캐롯&토마토스프(180g)(10개입)
캐롯&토마토스프(180g)(40개입)
캐리어무지
캐리어무지
캐비어 다빈치 30g
캐비어 벨루가 30g
캐비어 세브루가 30g
캐비어 오시에트라 - 병 30g
캐비어 오시에트라 - 캔 30g
캐비어 트래디션 30g
캐시밸리 모짜렐라 226g
캐플러2pcs 대
캐플러2pcs중
캐플러3PCS,대
캐플러소
캔디드오렌지필12.5kg
캔블랙베리 425g
캠피나 고다
캬라멜브륄레(5.5kg)
커버럭스딸기초콜릿5kg
커버럭스블루베리초콜릿5kg
커스타드믹스(M)-1kg
커스타드믹스M_10Kg
커스터드분말1kg
커스터드분말300g
커클랜드)루비레드자몽주스2.84L
커트라인빵칼 370mm
커피 스틱 15cm/10000EA(1BOX)
커피 스틱 15cm/1000EA
커피 플레이버 (Saint Lucie) 1L
커피(에스프레소)향분말 300g
커피스틱(거성)1000EA*10PK
커피스틱(거성)1000EA*10PK
커피스틱CS103x6.5x2mm(벌크)
커피스틱CS140x6.5x2mm(벌크)
커피엑기스 트라블릿 커피 익스트랙트 1L
커피엑기스(병)바닐플라워프레스티지익스트
커피오일
커피용종이컵무지세트_10온즈
커피용종이컵무지세트_13온즈
커피창고)나눔블렌드500g*10
커피창고)딤그레이원두1kg*5
커피창고)오롯이블렌드500g*10
커피플레이버(손잡이)1kg
컨벡스쿠키판
컨티넨탈파티쉐리 TS6002.타르트쉘스위트미디움스퀘어 [13.5g*120ea] [1.62kg]
컬러 베이킹 컵 그린/100EA(1봉)
컬러 베이킹 컵 스카이/100EA(1봉)
컬러 베이킹 컵 옐로우/100EA(1봉)
컬러 베이킹 컵 오렌지/100EA(1봉)
컬러 베이킹 컵 핑크/100EA(1봉)
컬러 베이킹 컵 혼합/10EA
컬러드체다치즈2.5Kg
컬리플라워
컬리플라워라이스
컴스탁)블루베리파이필링 595g*12
컴스탁)블루베리파이필링 595g*12
컴스탁)체리파이필링595g*12
컴온)오쉐프옛날참기름_1.8L*6
컴파운드초콜릿청크(10kg)
컴파운드초콜릿청크(200g)
컵 (인쇄1000cc블랙바디)
컵홀더무지_PET 12,14아이스겸용
컵홀더무지_PET 12,14아이스겸용
컵홀더무지_PET16,20아이스겸용
컵홀더무지_PET16,20아이스겸용
컷팅보드 L
컷팅보드 S
컷팅보드 S
컷팅보드 XL
컷팅보드M
케이지-MIB
케이크 용 칼 화이트 소/100EA
케이크 용 칼 화이트 소/1EA
케이크 용 칼 화이트 소/3000EA(1BOX)
케이크 용 칼 화이트 중/100EA
케이크 용 칼 화이트 중/1EA
케이크 용 칼 화이트 중/2000EA(1BOX)
케이크 컵 1호/100EA
케이크 컵 미니/100EA
케이크받침 1호/검정색사각받침 50개
케이크받침 1호/금색사각받침 50개
케이크받침 1호/금색원형접시 50개
케이크받침 1호/흰색사각받침 50개
케이크받침 2호/검정색사각받침 50개
케이크받침 2호/금색사각받침 50개
케이크받침 2호/금색원형접시 50개
케이크받침 2호/흰색사각받침 50개
케이크받침 3호/검정색사각받침 50개
케이크받침 3호/금색사각받침 50개
케이크받침 3호/금색원형접시 50개
케이크받침 3호/흰색사각받침 50개
케이크받침 4호/검정색사각받침 50개
케이크받침 4호/금색사각받침 50개
케이크받침 4호/금색원형접시 50개
케이크받침 5호/금색사각받침 25개
케이크받침 6호/금색사각받침 25개
케이크받침 사각 골드(1호~3호) 1호/50EA(1BOX)
케이크받침 사각 골드(1호~3호) 1호/5EA
케이크받침 사각 골드(1호~3호) 2호/50EA(1BOX)
케이크받침 사각 골드(1호~3호) 2호/5EA
케이크받침 사각 골드(1호~3호) 3호/50EA(1BOX)
케이크받침 사각 골드(1호~3호) 3호/5EA
케이크받침 사각 블랙(1호~3호) 1호/50EA(1BOX)
케이크받침 사각 블랙(1호~3호) 1호/5EA
케이크받침 사각 블랙(1호~3호) 2호/50EA(1BOX)
케이크받침 사각 블랙(1호~3호) 2호/5EA
케이크받침 사각 블랙(1호~3호) 3호/50EA(1BOX)
케이크받침 사각 블랙(1호~3호) 3호/5EA
케이크받침 사각 화이트(미니~3호) 1호/50EA(1BOX)
케이크받침 사각 화이트(미니~3호) 1호/5EA
케이크받침 사각 화이트(미니~3호) 2호/50EA(1BOX)
케이크받침 사각 화이트(미니~3호) 2호/5EA
케이크받침 사각 화이트(미니~3호) 3호/50EA(1BOX)
케이크받침 사각 화이트(미니~3호) 3호/5EA
케이크받침 사각 화이트(미니~3호) 미니/200EA(1BOX)
케이크받침 사각 화이트(미니~3호) 미니/50EA
케이크받침 사각 화이트(미니~3호) 미니/5EA
케이크받침 원형 골드(1호~3호) 1호/50EA(1BOX)
케이크받침 원형 골드(1호~3호) 1호/5EA
케이크받침 원형 골드(1호~3호) 2호/5EA
케이크받침 원형 골드(1호~3호) 3호/50EA(1BOX)
케이크받침 원형 골드(1호~3호) 3호/5EA
케이크비닐봉투50EA*10PACK
케이크상자 화이트 3호/50EA(1BOX)
케이크성냥 2개*100봉지
케이크용PE쇼핑백
케이크용PE쇼핑백
케이크용PE쇼핑백
케이크칼 대(41cm) 20개
케이크칼 소(21.5cm) 100개
케이크칼 중(24cm) 100개
케이크컵 미니컵 100매
케이크컵_1호컵 100ea
케이크컵_2호컵 100ea
케이크컵_3호컵 100ea
케이크픽 딜리셔스 원형/32R(3EA)
케이크픽 딜리셔스 정사각/40R(3EA)
케이크픽 딜리셔스 직사각/32R(3EA)
케이크홀더 200매
케익도넛가루2-10K
케익랜드 스패츄라 (일본)
케익랜드카드스크래퍼 (일본)
케익박스2호상판25EA*2PACK/BX
케익박스2호하판50EA/BX
케익받침1호(흰색203*203)50E/BX
케익받침1호(흰색203*203)50E/BX
케익받침대1호/민금지50EA/BX
케익받침대2호/민금지50EA/BX
케익받침대3호/민금지50EA/BX
케익칼 1석3조
케익칼 1석4조
케익칼_1석3조 나이프 P/S대
케익칼_1석3조 나이프 P/S소
케익칼_1석3조 나이프 대/신형
케익칼_1석3조 나이프 대/신형
케익칼_1석4조 나이프(소)
케일분말1kg
케찹소스병특대(700ml)10EA/PK
케찹소스병특대(770ml)10EA/PK
케켑마니스_330ml(인도네시아)(400G)
케켑마니스_330ml(인도네시아)(400G)
코-Frico 고다 260G
코-Frico 고다슬라이스 150G
코-Frico 고다휠 약4kg
코-Frico 램브란트 200g
코-Frico 미몰레트 220G
코-Frico 빈센트 200g
코-Frico 스모크 DISC 100G
코-Frico 에담 230G
코-Frico 에담슬라이스 150G
코-GRANAROLO 그라나파다노 200g
코-GRANAROLO 그라나파다노 약1.14KG
코-GRANAROLO 냉동부라타 250G
코-GRANAROLO 레지아노  1KG
코-GRANAROLO 레지아노 200g
코니숑 피클 685g
코르도바20-22%(다크코코아파우더)-지대
코리아제니스)핫소스_180g*24ea
코리아제니스)혼다시(가쓰오다시)_1kg*10ea
코리아제니스)혼다시(가쓰오다시)_1kg*10ea
코리엔더분말 45g
코마츠고마아에(소송채)
코만실리콘거품기
코-에담스틱 120G
코엠)스미스필드베이컨(미국산_454g*24)_면세
코엠)슬라이스페퍼로니(1kg*8)
코엠)슬라이스페퍼로니(1kg*8)
코인트로 60%
코인트로700ml
코주부)스위트콘소시지(1kg*10)
코주부)클래식모듬부대찌개햄(1kg*10)
코카콜라 1.5L*12
코카콜라(캔) 355ml*24
코카콜라(페트) 500ml*24
코코)닭껍질튀김(1kg*8)
코코넛 리플잼 1kg
코코넛냉동퓨레(코코넛밀크87%) 1kg
코코넛라떼믹스1kg
코코넛레진1kg
코코넛밀크 400ml
코코넛밀크 400ml  24개입 한박스
코코넛밀크파우더1Kg
코코넛분말  1Kg
코코넛분말 1kg
코코넛분말 400g
코코넛분말400g_코코넛파우더
코코넛칩 2.5Kg
코코넛칩 500g
코코넛파우더 400g
코코넛파우더 400g
코코넛파우더400g
코코넛파우더400g
코코쇼트닝4.5Kg 출고지연 2일 추가
코코스쟌뒤야(6kg)
코코아매스(20kg)
코코아매스(500g)
코코아매스(코코아매쓰) 1kg
코코아버터1Kg
코코아엑기스2116
코코아추출물 3700
코코아추출물(5kg)
코코아타르트미니원형 38mm
코코아파우더(350g)
코코아파우더(아이비자)1kg
코코아파우더(인도네시아)1kg
코코아파우더10(350g*50)
코코아파우더1000_ 1kg
코코아파우더1000_ 350g
코코아파우더1Kg
코코아파우더1Kg Cordoba 20-22
코코아파우더22%(N)1kg
코팅 봉투 크라프트 대/1000EA(1BOX)
코팅 봉투 크라프트 대/100EA
코팅 봉투 크라프트 소/1000EA(1BOX)
코팅 봉투 크라프트 소/100EA
코팅 봉투 크라프트 중/1000EA(1BOX)
코팅 봉투 크라프트 중/100EA
코팅다크 브룬 5kg
코팅다크초콜릿200g
코팅다크초콜릿5Kg_커버럭스
코팅딸기초콜릿200g
코팅밀크 블롱드 5kg
코팅밀크초콜릿200g
코팅밀크초콜릿5kg_커버럭스
코팅블루베리초콜릿
코팅비스켓볼[그린S]
코팅비스켓볼[옐로우]
코팅장갑
코팅종이쇼핑백(그린)
코팅종이쇼핑백(레드)
코팅화이트 이브와 5kg
코팅화이트초콜릿200g
코팅화이트초콜릿5kg_커버럭스
코파카바나소스
코피니포마스오일(5L*4)
코휩_Vegan
콘샐러드(1kg*10)
콘샐러드(1kg*10)
콘스타치20Kg
콘스타치2Kg
콘스타치2Kg(옥수수전분)
콘스탠드 세트 T-1
콘스탠드 세트 T-3
콘킹후랑크소시지454g저염소세지
콘향(KR1170)
콜롬보 고르곤졸라피칸테 200G
콜롬보 고르곤졸라피칸테 약1.5KG
콜롬보 고르곤졸라피칸테 약1.5KG
콜롬보 리코타 250G
콜롬보 리코타 250G
콜롬보 미니모짜렐라보코치니 150G
콜롬보 후레쉬모짜렐라 125G
콜롬비아 후일라 라 플라타 200g
콜만 데어리 버터(블록) [2.5kg *4ea]
콜만 트래디셔널 버터 [2.5kg *4ea]
콜만 휘핑크림 1L * 12
콜비 잭 226g
콤파운드버터 (57％)
콤파운드버터 41% 10Kg
콤포테레드베리(2kg)
콤플릿 마라톤플러스 10kg
콤플릿 밀가루 T55 10kg
콤플릿 블랙소프트 10kg
콤플릿 스칸디나비아 믹스 10kg
콤플릿 크라프트 프리미엄 10kg
콤플릿 크라프트브레드 10kg
콤플릿 헤이즐넛필링
쿠로마유흑-마늘오일
쿠마모토콧테리소스(진한 돈꼬츠)
쿠모치즈1kg
쿠시까스
쿠키받침/100EA
쿠키받침금색 80*60
쿠키봉투 M 반투명 미니/100EA
쿠키산타 초/1EA
쿠키슈(700g)35g*20ea 매장픽업만가능
쿠키스탬프
쿠키스템프_알파벳83종
쿠키지팡이 초/1EA
쿠키진저맨 초/1EA
쿠키커터-곰돌이1
쿠키커터-나비1(둥근날개)
쿠키커터-눈사람 (이미지 다를수 있슴)
쿠키커터-돌고래
쿠키커터-배
쿠키커터-배트맨
쿠키커터-별똥별
쿠키커터-비행기
쿠키커터-스푼
쿠키커터-주름6종PP
쿠키커터-포크
쿠키크런키 1kg 크런치
쿠키판양면  365*335*50H
쿠킹디스펜서
쿠킹크림1L * 12 ea
쿠킹플러스 빵칼
쿠킹플러스 사각 와플팬 2구
쿠킹플러스 스테인레스 전자저울 1KG
쿠킹플러스 진저맨 쿠키커터 3P
쿠킹플러스 진저맨 쿠키커터 3P
쿡렌즈콩4/4
퀘스크렘 레귤러 크림치즈
퀘스크렘 마스카포네 크림치즈
퀘스크렘 마스카포네 크림치즈
퀘스크렘 요거트맛 크림치즈
퀘스크렘 요거트맛 크림치즈 500g
퀘스크렘 플러스 크림치즈
퀴노아,미국산,1KG,EA
큐민분말 47g
큐브식빵팬90_____
큐브식빵팬95_>_>
큐브식빵팬뚜껑90_____
큐브식빵팬뚜껑95_>_>
큐브식빵팬뚜껑95set _대,양면
큐브파운드받침 50개
큐슈풍 생라면
큐슈풍부대나베키트(부대찌개)
큐슈하이라이트 오뎅세트
큐어드 하몽 미니 1kg
큐어드 하몽 미니용 홀더 엔 나이프
큐원_참국수1.6KG(400gx4)*8SE
큐트핸드믹서
큐트핸드믹서
큐팜스녹차파우더500g
큐팜스시나몬파우더180g
큐팜스초코토핑파우더180g_초코파우더
큐팜스초코파우더800g
큐피)마요네즈1kg*10
크라독스 레몬그라스 코코넛 칠리 크래커 80G
크라독스 비트루트 갈릭 크래커 80G
크라독스 스피나치 샐러리 씨드 크래커 80G
크라독스 씨 솔트 크래커 80G
크라독스 오트 크래커 80G
크라독스 칠리 진저 갈릭 크래커 80G
크라스트쇼핑백(대) 200장
크라스트쇼핑백(중) 200장
크라프트 30 직사각 케이스/100EA
크라프트 30 직사각 케이스/10EA
크라프트 30 직사각 케이스/800EA(1BOX)
크라프트 45 직사각 케이스/100EA
크라프트 45 직사각 케이스/10EA
크라프트 45 직사각 케이스/800EA(1BOX)
크라프트 각시링 봉투 160/100EA
크라프트 내유지 25*35/250EA(1봉)
크라프트 도시락 케이스/10EA
크라프트 도시락 케이스/400EA(1BOX)
크라프트 샌드위치 코팅지 33*33/1000EA
크라프트 오트밀 케이스/100EA
크라프트 오트밀 케이스/10EA
크라프트 오트밀 케이스/600EA(1BOX)
크라프트 정사각 샌드위치 케이스/100EA
크라프트 정사각 샌드위치 케이스/10EA
크라프트 정사각 샌드위치 케이스/500EA(1BOX)
크라프트 직사각 샌드위치 케이스/1000EA(1BOX)
크라프트 직사각 샌드위치 케이스/100EA
크라프트 직사각 샌드위치 케이스/10EA
크라프트 크림치즈 1.36kg*6ea
크라프트골드
크라프트네임카드 B1 25매
크라프트네임카드 B2 25매
크라프트네임카드 B3 25매
크라프트네임카드 B4 25매
크라프트봉투 대 1000매
크라프트봉투 소 1000매
크라프트봉투 중 1000매
크라프트샌드위치접시 줄무늬 100개
크라프트샌드위치접시 하우스 100개
크라프트샌드위치컵 소 100개
크라프트샌드위치컵 중 100개
크라프트선물쇼핑백 중 50매
크라프트쇼핑백(트위스트) 대 50개
크라프트쇼핑백(트위스트) 소 50개
크라프트쇼핑백(트위스트) 중 50개
크라프트쇼핑백(플랫) 대 50매
크라프트쇼핑백(플랫) 중 200매
크라프트콘 믹스
크라프트크림치즈(벌크)
크라프트플러스
크란베리파우더100g
크랜베리 클래식 (2kg)
크랜베리 클래식 11.34kg
크랜베리 티에이드 1kg
크러쉬드레드페퍼32g
크러쉬드렌틸(10kg)
크런키쿠키  1kg
크런키쿠키 (브라운)
크런키쿠키10Kg
크레마 필링 초콜릿 루비 RB1 5kg
크로도트(77g)
크로버 3종 스티커 1묶음(13장)/312EA
크로스티 갈릭 & 바질 100g
크로스티 로즈마리 100g
크로스티 엑스트라 버진 올리브 오일 100g
크로칸트(2.5kg)
크루통284g
크리미 브리 115g
크리미비트클래식10kg
크리미비트클래식1Kg_소분
크리미코10Kg
크리미쿠키슈 70g * 20
크리밀(연유)
크리스마스 골직 리본 15mm/그린츄리/1ROLL
크리스마스 골직 리본 15mm/레드츄리/1ROLL
크리스마스 골직 리본 22mm/그린츄리/1ROLL
크리스마스 골직 리본 22mm/레드츄리/1ROLL
크리스마스 골직 리본 9mm/그린츄리/1ROLL
크리스마스 골직 리본 9mm/레드츄리/1ROLL
크리스마스 귀염둥이 눈사람 픽/2EA
크리스마스 그린금박메리 골직25리본/1ROLL
크리스마스 금박메리 골직15리본 레드/1ROLL
크리스마스 금박메리 골직15리본 화이트/1ROLL
크리스마스 금츄리 장식/2EA
크리스마스 눈꽃 2종 픽/2EA
크리스마스 눈꽃 2종 픽/50EA
크리스마스 눈사람 스티커 1묶음(12장)/144EA
크리스마스 눈사람 픽/2EA
크리스마스 눈사람 픽/50EA
크리스마스 데코 원형바 2종 스티커 1묶음(6장)/78EA
크리스마스 띠지 네이비/50EA
크리스마스 띠지 샴페인산타/50EA
크리스마스 띠지 스노우맨체크 그린/50EA
크리스마스 띠지 스노우맨체크 레드/50EA
크리스마스 띠지 해피산타/50EA
크리스마스 레드금박산타 골직25리본/1ROLL
크리스마스 레터 마스킹 테이프/1EA
크리스마스 루돌프 픽/2EA
크리스마스 루돌프 픽/50EA
크리스마스 리본레터 25 리본 초코/1ROLL
크리스마스 메리해피 금박 9 리본 다크그린/1ROLL
크리스마스 메리해피 금박 9 리본 레드/1ROLL
크리스마스 산타 골직25리본 그린/1ROLL
크리스마스 산타 골직25리본 레드/1ROLL
크리스마스 산타 초/100EA
크리스마스 산타 초/10EA
크리스마스 산타 초/1EA
크리스마스 산타 픽/2EA
크리스마스 산타 픽/50EA
크리스마스 산타모자 눈사람 픽/2EA
크리스마스 스노우맨 초/100EA
크리스마스 스노우맨 초/10EA
크리스마스 스노우맨 초/1EA
크리스마스 실버나뭇잎장식 케이크픽/2EA
크리스마스 실버나뭇잎장식 케이크픽/50EA
크리스마스 어썸 다크그린 7종 택
크리스마스 오너먼트 2종 스티커 1묶음/88EA
크리스마스 윈터홀리데이 2종 스티커 1묶음/48EA
크리스마스 지팡이 골직15리본 그린/1ROLL
크리스마스 지팡이 골직15리본 레드/1ROLL
크리스마스 체크금박사슴 골직25리본/1ROLL
크리스마스 츄리 리본 15mm/1ROLL
크리스마스 츄리 리본 25mm/1ROLL
크리스마스 츄리 리본 7mm/1ROLL
크리스마스 케이크픽 X-MAS팻말(소)/4EA
크리스마스 케이크픽 X-MAS팻말(소)/50EA
크리스마스 케이크픽 나뭇잎리스/2EA
크리스마스 케이크픽 나뭇잎리스/50EA
크리스마스 케이크픽 눈꽃레드영문/2EA
크리스마스 케이크픽 눈꽃레드영문/50EA
크리스마스 케이크픽 런닝산타/2EA
크리스마스 케이크픽 런닝산타/50EA
크리스마스 케이크픽 메리X-MAS별장식/2EA
크리스마스 케이크픽 메리X-MAS별장식/50EA
크리스마스 케이크픽 메리크리스마스/2EA
크리스마스 케이크픽 메리크리스마스/50EA
크리스마스 케이크픽 사슴뿔방울장식/2EA
크리스마스 케이크픽 사슴뿔방울장식/50EA
크리스마스 케이크픽 산타/2EA
크리스마스 케이크픽 산타/50EA
크리스마스 케이크픽 솔방울열매츄리/2EA
크리스마스 케이크픽 솔방울열매츄리/50EA
크리스마스 케이크픽 지팡이/2EA
크리스마스 케이크픽 지팡이/50EA
크리스마스 케이크픽 팻말산타모자/2EA
크리스마스 케이크픽 팻말산타모자/50EA
크리스마스 트리 초/100EA
크리스마스 트리 초/10EA
크리스마스 트리 초/1EA
크리스마스 트리체크 양면 25 리본 그린/1ROLL
크리스마스 트리체크 양면 25 리본 화이트/1ROLL
크리스마스 트리컬렉션 마스킹 테이프/1EA
크리스마스 파티 마스킹 테이프/1EA
크리스마스 호호 그린 마스킹 테이프/1EA
크리스마스 호호 레드 마스킹 테이프/1EA
크리스마스 홀리데이 마스킹 테이프/1EA
크리스마스프렌즈 종이박스테이프/1EA
크리스탈스워드(65g)
크리스펄 다크 800g
크리스펄 루비 800g
크리스펄 밀크 800g
크리스펄딸기800g
크리스펄화이트800g
크리스피 미니 브리 바이트 140g
크리스피 초코볼 솔티드카라멜(100g)
크리스피 초코볼 오리지날(100g)
크리스피오트(500g)
크리스피오트(벌크)
크리스피프라이드어니언(튀김양파)
크리크리 10% 그릭 요거트 170G
크리크리 그릭 요거트 스트로베리 150G
크리크리 그릭 요거트 피치 150G
크리크리 그릭 요거트 허니 150G
크리크리 그릭프로즌 요거트 솔티드 카라멜320g
크리크리 그릭프로즌 요거트 플레인 320g
크리크리 그릭프로즌 요거트 허니 320g
크리크리 무지방 그릭 요거트 170G
크림믹스골드(1kg)
크림브륄레1L
크림브륄레포션(10개입)
크림브륄레포션(3개입)
크림샷다55Φ
#20
크림샷다59Φ
#16
크림소프트 4.5kg
크림치즈(미국산)1.36kg
크림치즈(벌크-엘르바이르)
크림치즈(엘르바이르)1.36kg
크림치즈(칸디아)
크림치즈너겟(500g)
크림치즈소스 1kg
크림파티시에(H)
크림파티시에1kg
크림파티쎄리
큰사각용기(뚜껑)400EA/BX
큰사각용기(몸체)400EA/BX
클라시코 엑스트라 버진 올리브 오일 1L
클라시코 엑스트라 버진 올리브 오일 250ml
클라우디 애플 주스 1L
클래시 논데어리 토핑크림 907g *12EA
클래식 그릭 요거트 플레인 150g
클래식 그릭 요거트 플레인 450g
클래식딸기
클래식오렌지1Kg
클램차우더스프(9kg)
클로렐라믹스1kg
클로렐라믹스1kg
클로렐라믹스300g
클로비스 디종머스타드 200G
클로비스 디종머스타드 5KG
클로비스 디종머스타드 830G
클로비스 레드와인비네거 5L
클로비스 발사믹비네거 10L
클로비스 발사믹비네거 500ML
클로비스 발사믹비네거 5L
클로비스 샴페인비네거 500ML
클로비스 샴페인비네거N6 250ml
클로비스 쉐리비네거 500ML
클로비스 애플사이다비네거 10L
클로비스 월넛오일 500ML
클로비스 유기농애플사이다비네거 500ml
클로비스 유기농애플사이다비네거 5L
클로비스 타라곤머스타드 200g
클로비스 타라곤식초 500ml
클로비스 프로방스허브비네거 250ml
클로비스 헤이즐넛오일 500ML
클로비스 홀그레인머스타드 200G
클로비스 홀그레인머스타드 5KG
클로비스 홀그레인머스타드 770g
클로비스 화이트 와인 비네가 7% 500ML
클로비스 화이트와인비네거 5L
클로티드 크림 170g
클로티드 크림 28g
클립형V자스탠드가격표 10cm 10개
클립형V자스탠드가격표 15cm 10개
클립형V자스탠드가격표 5cm 10개
클립형링스탠드가격표 10cm 10개
클립형링스탠드가격표 15cm 10개
클립형링스탠드가격표 5cm 10개
키다보아
키르쉬필링
키위냉동퓨레(100%) 1kg
타공 각대봉투 크라프트 대/1000EA(1BOX)
타공 각대봉투 크라프트 대/50EA
타공 각대봉투 크라프트 소/1000EA(1BOX)
타공 각대봉투 크라프트 소/50EA
타공 크라프트 크라프트 중/1000EA(1BOX)
타공 크라프트 크라프트 중/50EA
타공집게
타공판I
타꼬야끼 16구
타라곤오일_1L
타르트 쉘 스위트 라지 라운드(TS8001)
타르트 쉘 스위트 미니 라운드
타르트누름돌500g 황토
타르트누름돌500g_흰색
타르트미니원형
타르트미니원형 38mm
타르트원형 70mm
타르트탬퍼1호
타르트탬퍼3호
타르트파이팬(분리형)
타르트파이팬(일체형)
타르트팬 1호
타르트팬 2호
타르트팬 3호
타르트팬 4호
타바스코 소스 (150ML*12)
타바스코 소스 (150ML*12)
타바스코소스60ML
타원형PET주름컵 딸기 300개
타원형PET주름컵 블랙숫자 300개
타원형PET주름컵 스윗초코 300개
타원형PET주름컵 핑크리본 300개
타이거 셀렉션 포션 (6pc) 140g
타이머 T-291BL
타이머(베이직)
타이머(커피메이크)
타이머(토마토)T-166RD
타이머T-291 ORange
타임홀 25g
타코 녹차라떼500g
타코 블루베리에이드 파우더 1Kg
타코야끼_1k*10(중국)
타코야끼_1k*10(중국)
타코야끼볼(20g*50)
타코야끼볼(30g*40)
타코야끼소스(오타후쿠)2.1kg*6 EA
타트체리 1kg
타틀릿사브레필브르8.5cm
타피오카전분1kg
타히티 바닐라빈 200g
타히티안500ml
탈리아텔레 3kg
탈리아텔레 알 네로 디 세피아 3kg
탈리에리니 알 네로 디 세피아
탕후루 꼬지 28cm/500EA
탕후루 종이호일/500EA
태경)멸치육수 2.05kg*6ea
태경)본테이스트 감자전분 20KG
태경)사골농축액 1KG*10EA
태경)사골분말 500g*10ea
태경농산 감자전분S(폴란드) 20kg
태공-크랩요리애맛살(1kg*10pk)
태국산 스위트콘 420g*24(RK)
태국산 스위트콘2.95kg x 6
태그 블랙역삼각
태그01초코색+금박+은박
태그02
태그03녹색지+은박
태그04녹색지+금박
태그05녹색지+금박
태그06적색지+인쇄
태그07인쇄+금박
태그08금지+금박
태그09인쇄+금박
태그10인쇄+금박
태그11적색지+먹박
태그13금지+엠보싱
태그14-2 골드역삼각
태그14번 금지+먹박
태그15택+은줄
태그16택+금줄
태그17
태그18먹색지+은박
태그20금지+은박/먹박
태그21인쇄+금박
태그22인쇄+금박
태그23인쇄 (독도사랑해요)
태그24적색지+은박
태그25적색지+금박
태그29
태그33빨간별파티세리
태그녹색나뭇잎
태영)청양마요소스_1kg*10
태영)청양마요소스_1kg*10
태영)청양마요소스_1kg*5
태영)체다치즈소스_2kg*5
태원)갈릭딥핑소스_2kg*5
태원)닭강정소스_2kg*5
태원)불닭소스_2kg*5
태원)스위트칠리소스_1kg*10
태원)쌀똑 양파맛시즈닝_(10g*100ea)*5
태원)쌀똑 치즈맛시즈닝_(10g*100ea)*5
태원)쌀똑 허니버터맛시즈닝_(10g*100ea)*5
태원)양념감자시즈닝(양파맛)_1kg*20
태원)양념감자시즈닝(치즈맛)_1kg*20
태원)유림기용소스_2kg*5
태원)칠리소스-핫_2kg*5
태원)테이준 스파게티소스-1_3kg*5
태원)테이준머스타드(일회용)_12g*250ea
태원)테이준핫소스(일회용)_4g*1000
태원)피자소스-SY_2kg*5
태원)허니버터맛시즈닝TW_1kg*20
태원)헝그리베어피자소스_3kg*5
태태락치킨파우더1kg*10
태화고무장갑(대I)아이보리_1PK(10EA)
태화고무장갑(특대)레드_1PK(10쌍)
태화고무장갑_꽃밴분홍(대)_1PK(10쌍)
태화고무장갑특대빨강L10EA*10PK
탱이 웜즈 젤리(125g)
터머릭분말 47g
테그랄사틴케익레드벨벳15kg
테라) 잉글리쉬블랙퍼스트 1g*100/pack
테라)레몬그라스 0.8g*100ea/pack
테라)레몬그라스 1.5G*30EA
테라)루이보스아몬드 1g*100ea/pack
테라)루이보스아몬드 2G*30EA
테라)얼그레이 1g*100/pack
테라)얼그레이 2G*30EA
테라)캐모마일 0.8g*100/pack
테라)캐모마일 1.5G*30EA
테라)페퍼민트 0.8g*100ea/pack
테라)현미녹차 1g*100/pack
테라)현미녹차 3G*30EA
테소레티
테이크아웃 쇼핑백 크라프트/200EA(1BOX)
테이크아웃 쇼핑백 크라프트/20EA
테이크아웃컵13oz
테이프커터기
테트 드 무안 에이오피 1/2 휠
테트 드 무안 에이오피 로젯
테트드무안 420g
테프론시트  50.5*45 (cm)
테프론시트-1/2용
테프론시트-미니쿠키판용
테프론시트-오븐판용320*370
테프론시트-컨벡스쿠키판용
테프론시트-쿠키판용
토끼팬12구
토나렐리 올 우보 3kg
토로케루카레업무용(고형/매운맛)
토로케루카레업무용(고형/중간맛)
토르텔로네 리코타, 스피나치와 마스카포네 치즈 1kg
토마토스프(200g)(10개입)
토마토퓨레1Kg
토스트 봉투/500EA
토스트봉투
토스트봉투 크라프트 200/5000EA(1BOX)
토스트봉투 크라프트 200/500EA
토스트봉투 화이트 200/5000EA(1BOX)
토스트봉투 화이트 200/500EA
토치 아마레또
토퍼 고스트해피할로윈 실버/5EA(1SET)
토핑스타 블랙칩_150g
토호)튀긴마늘슬라이스 500g*12ea
토호)튀긴마늘슬라이스 500g*12ea
토호)하나후쿠진스케(복신지)1kg*10
톱칼(일)_소
통관자가들어간클램차우더스프(10개입)
통관자가들어간클램차우더스프(40개입)
통관자가들어간클램차우더스프(40개입)
통딸기프리저브(3kg)
통딸기필링(3kg)
통문어가라아게8kg
통블루베리프리저브(1kg)
통영산 수제 굴튀김(20)
통영생굴(국내산, 3KG/BOX,D-2)
통오징어가라아게5kg
통주걱대
통주걱소 L:200
통체리프리저브(1kg)
통팥앙금SI(미국산)
투명 M 쿠키 봉투/100EA
투명 M 쿠키 봉투/2000EA(100*20묶음)
투명 PET용기 12온즈 (뚜껑별도)/100EA
투명 PET용기 12온즈 (뚜껑별도)/25EA
투명 PET용기 12온즈 (뚜껑별도)/500EA(1BOX)
투명 PET용기 16온즈 (뚜껑별도)/100EA
투명 PET용기 16온즈 (뚜껑별도)/25EA
투명 PET용기 16온즈 (뚜껑별도)/500EA(1BOX)
투명 PET용기 24온즈 (뚜껑별도)/100EA
투명 PET용기 24온즈 (뚜껑별도)/25EA
투명 PET용기 24온즈 (뚜껑별도)/500EA(1BOX)
투명 PET용기 2온즈 (뚜껑포함) 평판/100EA
투명 PET용기 2온즈 (뚜껑포함) 평판/2500EA(1BOX)
투명 PET용기 3온즈 (뚜껑포함) 평판/100EA
투명 PET용기 3온즈 (뚜껑포함) 평판/2500EA(1BOX)
투명 PET용기 4온즈 (뚜껑포함) 평판/100EA
투명 PET용기 4온즈 (뚜껑포함) 평판/2500EA(1BOX)
투명 PET용기 미니 소스 0.75온즈/100EA
투명 PET용기 미니 소스 0.75온즈/5000EA(1BOX)
투명 PET용기 미니 소스 0.95온즈/100EA
투명 PET용기 미니 소스 0.95온즈/5000EA(1BOX)
투명 PET컵 8온즈 (92파이) 100EA/돔무타공(뚜껑)
투명 PET컵 8온즈 (92파이) 100EA/돔타공(뚜껑)
투명 PET컵 8온즈 (92파이) 100EA/선택안함(뚜껑)
투명 PET컵 8온즈 (92파이) 100EA/평판무타공(뚜껑)
투명 PET컵 8온즈 (92파이) 100EA/평판타공(뚜껑)
투명 PET컵 9온즈 (98파이) 100EA/돔무타공(뚜껑)
투명 PET컵 9온즈 (98파이) 100EA/선택안함(뚜껑)
투명 PET컵 9온즈 (98파이) 100EA/평판무타공(뚜껑)
투명 PET컵 뚜껑 돔 무타공 (92파이)/1000EA(1BOX)
투명 PET컵 뚜껑 돔 무타공 (92파이)/100EA
투명 PET컵 뚜껑 돔 무타공 (98파이)/1000EA(1BOX)
투명 PET컵 뚜껑 돔 무타공 (98파이)/100EA
투명 PET컵 뚜껑 평판 무타공 (92파이)/1000EA(1BOX)
투명 PET컵 뚜껑 평판 무타공 (92파이)/100EA
투명 PET컵 뚜껑 평판 무타공 (98파이)/1000EA(1BOX)
투명 PET컵 뚜껑 평판 무타공 (98파이)/100EA
투명 버블티 빨대 (일자형) 개별포장/반투명 약 200EA
투명 버블티 빨대 (일자형) 개별포장/반투명 약 3200EA(1BOX)
투명 버블티 빨대 (일자형) 벌크/반투명 약 200EA
투명 버블티 빨대 (일자형) 벌크/반투명 약 3200EA(1BOX)
투명 빨대/10000EA(1BOX)
투명 빨대/500EA
투명 삼각 무스띠/100EA
투명 위생 마스크 M4A(필름교체형)/1EA
투명 위생 마스크 M5A(필름일체형)/1EA
투명 위생 마스크 마스크필름(M4A)/1EA
투명 쿠키 봉투 대/100EA
투명 쿠키 봉투 대/3000EA
투명 쿠키 봉투 소/100EA
투명 쿠키 봉투 소/3000EA
투명 쿠키 봉투 중/100EA
투명 쿠키 봉투 중/3000EA
투명쿠키봉투 12*20 M형 200매
투명쿠키봉투 5*20 1000매
투명쿠키봉투 5*20 1000매
투명쿠키봉투 6*20 200매
투명쿠키봉투 7*9
투명쿠키봉투 8*22 M형 200매
투명쿠키봉투 8*30 M형 200매
투명쿠키봉투 9*16 M형 1000매
투명쿠키봉투 9*25 M형 200매
투명쿠키봉투 9*32 M형 200매
투명쿠키봉투(금) 6.5*13 1000매
투명테이프 20개
튀겨도타지않는 바삭바삭 크리스피1.5kg
튀김 봉투 크라프트/500EA
트래디션90
트러플 발사믹 글레이즈 250ml
트러플소금_150g
트러플오일_250ml
트러플오일이들어있는버섯스프(10개입)
트러플오일이들어있는버섯스프(40개)
트레이 샌드위치 옐로우/50EA
트레이 샌드위치 화이트/50EA
트로피칼 원더 젤리(125g)
트로피칼 원더 젤리(40g)
트루팜)볶음참깨1kg*10EA
트리리본 10mm
트리리본 15mm
트리리본 25mm
트리플 크렘 180g
트리플섹1.8L
트리플엑셀1Kg
트와인 끈 그레이/1ROLL
트와인 끈 그린/1ROLL
트와인 끈 네이비/1ROLL
트와인 끈 라이트그린/1ROLL
트와인 끈 라이트핑크/1ROLL
트와인 끈 레드/1ROLL
트와인 끈 브라운/1ROLL
트와인 끈 블랙화이트/1ROLL
트와인 끈 스카이/1ROLL
트와인 끈 시즌2 블랙/1ROLL
트와인 끈 옐로우/1ROLL
트와인 끈 옐로우그린/1ROLL
트와인 끈 오렌지/1ROLL
트와인 끈 퍼플/1ROLL
티나튀김봉투1000EA/BOX
티롤러 쉰켄 칩스 40g
티알아이)가라아게 염지제-씨에프_15kg
티알아이)로즈마리홀(모로코)_200g*12
티알아이)바질리브즈(홀,네덜란드)_150g*12
티알아이)오레가노홀(터키)_150g*12
티알아이)월계수잎(터키)_230g*6
티알아이)치킨염지제-아이에스_15kg
티알아이)치킨텐더용염지제_15kg
티알아이)피클링스파이스_1kg*10
티앤씨)블랙타피오카펄 3kg*6ea
틴타이 각대봉투 1SIZE/100EA
파나토네 P 60/100EA
파네토네 *200
파네토네 P110 200매
파네토네 P6050 200매
파네토네 P90 200매
파네토네컵 60 * 50 100개
파네토네향SI(500g)
파네톤(밀가루)
파란쓰레기봉투실속형50L(63*82*50매)*20/BX
파르네제 그라나 파다노 150g
파르네제 파르미지아노 레지아노 150g
파르네제 파르미지아노 레지아노 1Kg
파르네제 파르미지아노 레지아노 24M 150g
파르네제 파르미지아노 레지아노 플레이크 100g
파르미지아노 레지아노 라비올리 250g
파르미지아노 레지아노 크림치즈 - 트러플 125g
파머스)초밥용계란구이본(1kg*8)
파바나냉동퓨레
파베 다피누아 미니 믹스 3 버라이어티스 160g
파베 다피누아 오리지날 6 미니스 6*30g
파분말(국산)1kg
파분말(국산)200g
파스키에 미니 토스트 80g (36조각)
파스타 알 우보 라사니아
파스타 알 우보 라사니아 6등분
파스타보일러    이미지준비중
파스텔 타이 스카이/1000EA(1봉)
파스텔 타이 스카이/50000EA(50봉)
파스텔 타이 퍼플/1000EA(1봉)
파스텔 타이 퍼플/50000EA(50봉)
파스텔 혼합 빨대/10000EA(1BOX)
파스텔 혼합 빨대/500EA
파슬리후레이크250g(이스라엘)
파슬리후레이크3mm 10g
파에테 포요틴 2kg
파에테포요틴 2.5kg
파에테포요틴 500g
파운드 노루지 컵 소/100EA
파운드 노루지 컵 중/100EA
파운드 몰드 SET 대/5EA
파운드 몰드 중/1000EA(1BOX)
파운드 몰드 중/50EA
파운드 백색 유산지 컵/100EA
파운드노루지 중(100매)
파운드노루지소
파운드몰드 PM150 100매
파운드몰드 PM200 50매
파운드몰드 PM227 40매
파운드몰드(대) ( 50매 )
파운드몰드(소) ( 50매 )
파운드몰드(원형)
파운드몰드(중)
파워랩(45cm*500M)3.12kg*6
파이랙스카제롤뚜껑 160mm-MIB
파이랙스카제롤뚜껑 200mm-MIB
파이랙스카제롤뚜껑 240mm-MIB
파이랙스카제롤뚜껑 280mm-MIB
파이칼 대
파이칼 소
파이칼(소)
파이팬대
파이팬소
파이팬중
파이팬특대
파이핑백+노즐3종
파인소프트202_10Kg
파인소프트C 2kg
파인소프트C10Kg
파인소프트T 10Kg
파인애플
파인애플 1kg
파인애플 청크잼 (1kg)
파인애플(kuiburi_태국)850g
파인애플냉동퓨레(100%) 1kg
파인애플다이스1kg
파인애플다이스1kg
파인애플베이컨꼬치(20)
파인애플슬라이스(녹색)820G*12
파인애플슬라이스(태국)850G*12 (G)
파인애플슬라이스3.063KG*6
파인애플청크3.035kg*6
파인애플티드빗3.035KG*6
파타토
파타트르 파리지엔
파티시에네임카드 20매
파파야다이스1kg
파푸아지 밀크 아몬드 초콜릿 200g
파프리카소스2kg
파프리카추출분말1kg
파피루스 코팅지 33*33 그레이/1000EA
파피루스 코팅지 33*33 살구/1000EA
판다크커버춰 엑셀랑스 2.5kg
판밀크커버춰 락티슈페리에 2.5kg
판화이트커버춰 블랑사탱 2.5kg
팔각받침10 블랙 100매
팔라완
팔레도르 (프랄린)
팔리니 가루 치즈 80g
팔마산 슈레드[1/8]750g
팔마산소스1Kg
팔마산슈레드[가는슈레드]
팔마산슈레드[블록1/8]_950g
팜쇼트닝/20KG/BOX
팜스프리미안1kg
팜파스키친타올2RL*20PK/BX
팜파스키친타올2RL*20PK/BX
팜피아) 냉동 고구마스틱(2KG*5)
팜피아)냉동군고구마,인도네시아산,2.5KG*4
팜피아)냉동미니맛고구마(2kg)
팜피아)냉동청피망 2kg*5
팜피아)스팀단호박 유피(2kg*5)
팜피아)스팀단호박탈피(2kg*5)
팜피아)유탕고구마(2kg*5bag)
팜피아)증숙고구마(5KG*2EA)
팝콘봉투  100
팡도르팬
팡럼 (럼주)
팡브러쉬1호
팡브러쉬2호
팡브러쉬3호
팡브러쉬4호
패션프루트 프레쉬 펄 55g
패션프루트냉동퓨레(100%) 1kg
패션후르츠 냉동퓨레
패션후르츠냉동퓨레
패션후르츠퓨레
패션후르츠퓨레1Kg (프랑스)
패스트리브릭 170g
패턴 40/45/55 색지컵 40mm/그린/200EA(1줄)
패턴 40/45/55 색지컵 40mm/퍼플/200EA(1줄)
패턴 40/45/55 색지컵 45mm/그린/200EA(1줄)
패턴 40/45/55 색지컵 45mm/초코/200EA(1줄)
패턴 40/45/55 색지컵 45mm/퍼플/200EA(1줄)
팬케익
팻블렌드(Fat Blend)12.5KG
퍼블리크 골드
퍼블리크 그린
퍼블리크 블랙
퍼블리크 블랙 콜드브루 500ml
퍼시픽(본가드) 스위스슬라이스WH 2.27k(120p)
퍼시픽(본가드) 스위스슬라이스WH 2.27kg
퍼시픽(본가드) 아메리칸슬라이스YE 2.27Kg
퍼지브라우니믹스10kg
퍼플초코펜20g
펄 모양 초콜릿 20mm
펄믹스 초코볼 (300g)
펄솔트
펄슈가C35 10Kg
펄아가NO.11
펄아가NO.9
펄프 A사각볼 세트 24oz 소스거치형/300EA(1BOX)
펄프 A사각볼 세트 24oz 일반형/300EA(1BOX)
펄프 A사각볼 세트 28oz 소스거치형/300EA(1BOX)
펄프 A사각볼 세트 28oz 일반형/300EA(1BOX)
펄프 A사각볼 세트 32oz 소스거치형/300EA(1BOX)
펄프 A사각볼 세트 32oz 일반형/300EA(1BOX)
펄프 사각트레이(9×9) 세트 32oz/300EA(1BOX)
펄프 사각트레이(9×9) 세트 48oz/300EA(1BOX)
펄프 스프컵 세트 12oz/1000EA(1BOX)
펄프 스프컵 세트 16oz/1000EA(1BOX)
펄프 스프컵 세트 8oz/1000EA(1BOX)
펄프 원형볼 세트 1000ml/300EA(1BOX)
펄프 원형볼 세트 600ml/300EA(1BOX)
펄프 원형볼 세트 750ml/300EA(1BOX)
펄프 정사각볼(5×5) 세트 375ml/500EA(1BOX)
펄프 정사각볼(5×5) 세트 500ml/500EA(1BOX)
펄프 정사각볼(6.5×6.5) 세트 16oz/300EA(1BOX)
펄프 정사각볼(6.5×6.5) 세트 24oz/300EA(1BOX)
펄프 정사각볼(6.5×6.5) 세트 32oz/300EA(1BOX)
펄프 직사각볼(6×9) 세트 20oz/300EA(1BOX)
펄프 직사각볼(6×9) 세트 30oz/300EA(1BOX)
펄프 직사각볼(6×9) 세트 36oz/300EA(1BOX)
펄프 타원볼 세트 620ml/300EA(1BOX)
펄프 타원볼 세트 770ml/300EA(1BOX)
펄프 핫도그트레이(4×8) 세트/300EA(1BOX)
펄프도시락 라운드 직사각/50EA
펄프도시락 원형세트 (L014)/400EA(1BOX)
펄프도시락 원형세트 (L014)/50EA
펄프도시락 정사각 대(3칸/B32)/250EA(1BOX)
펄프도시락 정사각 대(3칸/B32)/50EA
펄프도시락 정사각 중(3칸/B31)/200EA(1BOX)
펄프도시락 정사각 중(3칸/B31)/50EA
펄프도시락 정사각 중(B26)/200EA(1BOX)
펄프도시락 정사각 중(B26)/50EA
펄프도시락 직사각 2칸(B02)/50EA
펄프도시락 직사각 대(B30)/250EA(1BOX)
펄프도시락 직사각 대(B30)/50EA
펄프도시락 직사각 소(B04)/500EA(1BOX)
펄프도시락 직사각 소(B04)/50EA
펄프도시락 직사각 중 크라프트(B01)/50EA
펄프도시락 직사각 중 화이트(B01)/50EA
펄프도시락 햄버거 크라프트(B03K)/500EA(1BOX)
펄프도시락 햄버거 크라프트(B03K)/50EA
펄프도시락 햄버거 화이트(B03)/500EA(1BOX)
펄프도시락 햄버거 화이트(B03)/50EA
펄프용기 사각볼세트 대(L016)/400EA(1BOX)
펄프용기 사각볼세트 대(L016)/50EA
펄프용기 사각볼세트 소(L011)/400EA(1BOX)
펄프용기 사각볼세트 소(L011)/50EA
펄프용기 사각볼세트 중(L013)/400EA(1BOX)
펄프용기 사각볼세트 중(L013)/50EA
펄프용기 사각타원세트 2구(B047) 사각타원2구용기/PET뚜껑/500EA(1BOX)
펄프용기 사각타원세트 2구(B047) 사각타원2구용기/PET뚜껑/50EA
펄프용기 사각타원세트 2구(B047) 사각타원2구용기/펄프뚜껑/500EA(1BOX)
펄프용기 사각타원세트 2구(B047) 사각타원2구용기/펄프뚜껑/50EA
펄프용기 사각타원세트(B046) 사각타원용기/PET뚜껑/500EA(1BOX)
펄프용기 사각타원세트(B046) 사각타원용기/PET뚜껑/50EA
펄프용기 사각타원세트(B046) 사각타원용기/펄프뚜껑/500EA(1BOX)
펄프용기 사각타원세트(B046) 사각타원용기/펄프뚜껑/50EA
펄프용기 원형 화이트 접시 대/500EA(1BOX)
펄프용기 원형 화이트 접시 대/50EA
펄프용기 원형 화이트 접시 미니/1000EA(1BOX)
펄프용기 원형 화이트 접시 미니/50EA
펄프용기 원형 화이트 접시 소/1000EA(1BOX)
펄프용기 원형 화이트 접시 소/50EA
펄프용기 원형 화이트 접시 중/500EA(1BOX)
펄프용기 원형 화이트 접시 중/50EA
펄프용기 원형세트 소(L064)/500EA(1BOX)
펄프용기 원형세트 소(L064)/50EA
펄프용기 원형세트 중(L063)/500EA(1BOX)
펄프용기 원형세트 중(L063)/50EA
펄프용기 직사각세트 대(56)/100EA
펄프용기 직사각세트 대(56)/600EA(1BOX)
펄프용기 직사각세트 중(55)/100EA
펄프용기 직사각세트 중(55)/600EA(1BOX)
펄프용기 타원형세트 대(65)/400EA(1BOX)
펄프용기 타원형세트 소(66)/50EA
펄프용기 타원형세트 소(66)/600EA(1BOX)
펌프킨후레바
페라리니 발사믹 비네거 500ml
페루 카카오 38%
페루 카카오 62％
페스토 바질 엔 파인넛 토르텔로니 250g
페스티팩 1L
페이스트리 버터 (레스큐어AOP)
페이스트리시트골드/5KG(1KG*5)/BOX
페이장 까망베르롱라이프 125G
페이장 냉동 필드 크레페 - 딸기
페이장 냉동 필드 크레페 - 초코
페이장 냉동 필드 크레페 - 캬라멜
페이장 라바게트 200G
페이장 라브리끄 200G
페이장 르까망베르 250G
페이장 르브리 1KG
페이장 르브리60% 약3KG
페이장 르블루도베르뉴 125g
페이장 마담로익갈릭앤허브 150G
페이장 마담로익네이처포션 120G
페이장 마담로익네이처포션 120G
페이장 마담로익무화과앤호두 150G
페이장 마담로익샐몬앤차이브 150G
페이장 마담로익샬롯앤차이브 150G
페이장 마담로익쉐브르 150G
페이장 마담로익월넛 150G
페이장 마담로익플레인 150G
페이장 물레버터  무염 250G
페이장 물레버터  무염 500G
페이장 물레버터  무염 500G
페이장 물레버터가염 250G
페이장 물레버터가염 500G
페이장 버터가염포션(10g*20) 200G
페이장 버터게랑드포션(10g*20) 200G
페이장 버터무염포션(10g*20) 200G
페이장 브리-롱라이프 125G
페이장 빼띠무염포션버터 1kg
페이장 사각가염버터 200g
페이장 사각무염버터 200g
페이장 스트로베리크레페 180g
페이장 에멘탈슬라이스 160g
페이장 에멘탈프랑시스 250g
페이장 에멘탈프랑시스 250g
페이장 에멘탈프랑시스 약3KG
페이장 오리지널크레페(12P) 370G
페이장 쥐라플로르꽁테 12개월
페이장 쥐라플로르꽁테 6개월
페이장 크리스탈 소금버터 250g
페이장 패스트리버터 2kg
페이장 페띠물레포션갈릭 6개입 100.02G
페이장 페띠물레포션플레인 6개입 100.02G
페이장 페이장브레통 버터롤 1KG
페이장 프랑스에멘탈슈레드 1KG
페이장 프랑스에멘탈슈레드350G
페이장 필드크레페초코 180g
페이장 휘핑크림30% 200ML
페이장 휘핑크림35% 1L
페이장브르통)오리지날 크레페 370g*8ea
페이퍼타올일반지2P_5000EA/B
페코리노사르데니아
페코리노치즈
페타 150g
페타치즈 허브 앤 스파이스 280g
페투치니 3kg
페트롤8cm_케익페트
페파민트오일500g
페퍼 잭 226g
펙틴 1Kg
펙틴(젤리용)1kg
펜네 리가테 넘버 91 500g
펜슬스틱P135x5.5ø(벌크)
포도 리플잼 1kg
포도레진(1kg)
포도레진N(300g)
포도쿠키크런치 1kg
포도파우더1Kg
포도향 80g
포도향-O-레진(90g)
포도향초코펜20g
포레다크 (장식부채 24ea)
포레다크 1kg(250개)
포르치니 라비올리 250g
포메리 머스터드 100g
포메리 머스터드 250g
포메리 머스터드 500g
포모나)마론소스2kg*6
포모나)믹솔로지 펄피그린애플시럽 1L*6EA
포모나)바닐라빈소스2KG*6
포모나)바닐라빈소스2KG*6
포모나)스무디펌
포모나)요거트파우더1KG*12
포모나)유자스무디 2KG*6
포모나)키위스무디2KG*6
포모나딸기스무디2kg
포모나메이플시럽1L
포모나바닐라시럽1L
포모나바닐라파우더
포모나샹그리아&뱅쇼 베이스1kg
포모나요거트 파우더1kg
포모나요거트후레쉬1Kg
포모나초콜릿파우더(코코아파우더)800g
포모나캬라멜시럽1L
포모나코코렛소스 2KG*6
포모나헤이즐넛향시럽1L
포모나화이트초콜릿파우더
포모도로 모짜렐라 토르텔로니 250g
포션 믹스 (고다, 에담, 체다, 레드 체다)(20g X 6pc)
포스누아 1kg
포유 각대봉투 포유/100EA
포장용 큰 비닐봉투(39*38cm) 2000ea/BOX
포케 마로이 AOP 210g
포켓 코팅봉투 크라프트 240/5000EA(1BOX)
포켓 코팅봉투 크라프트 240/500EA
포켓 코팅봉투 화이트 240/5000EA(1BOX)
포켓 코팅봉투 화이트 240/500EA
포켓몬물통
포크(일회용_플라스틱)100E*20P/BX
포크(일회용_플라스틱)100E*20P/BX
포크검정(017) 개별_세븐스테이크
포테이토샐러드(1kg*10)
포테이토샐러드(1kg*10)
포티드 블루 스틸턴 100g
폭죽(미니콘)
폭죽(샴페인콘)
폭죽100개입
폰테라 고다치즈
폰테라 칼라체다치즈 20KG
폰테라)고다치즈20kg(10kg*2)
폰티)화이트발사믹식초_500ml*12
폰티)화이트발사믹식초_500ml*12
폴 에피 클래식 슬라이스 150g
폴렌타 500g
폴렌타(1kg)
폴리바크림치즈227g
퐁당럼 (럼주)
퐁당럼 (럼주)  1L
퐁당쇼콜라 녹차(100g)
퐁당쇼콜라 녹차(70g)
퐁당쇼콜라 초코(100g)
퐁당쇼콜라 초코(70g)
퐁듀타임(2kg)
표고버섯 후라이
푸드메쉬사각 400*1000
푸드메쉬사각 400*400
푸드메쉬사각 400*600
푸드메쉬사각롤
푸드메쉬사각롤
푸드야)냉동키위,1cm다이스,중국산,1kg*10
푸드올)JOOS 버진올리브오일(5L*4)
푸드올)라리 레몬쥬스 1L*12
푸드올)스위트웰쌀국수육수파우더_400g*10
푸드올)썬큐 베이크드빈스 2.7kg*6
푸드올)썬큐 베이크드빈스 420g*24
푸드올)이엔 노리풍 후리가께 500g*10
푸드코리아)면기능강화제 280g*30
푸드코리아)사과를넣은 타르타르소스(1.85kg*8)
푸드트레이 김밥 화이트(61)/100EA
푸드트레이 김밥 화이트(61)/800EA(1BOX)
푸드트레이 소스 화이트(J25)/400EA
푸드트레이 소스 화이트(J25)/5000EA(1BOX)
푸드트레이 정사각 화이트(71)/100EA
푸드트레이 정사각 화이트(71)/600EA(1BOX)
푸드트레이 직사각 화이트(611)/800EA(1BOX)
푸딩
푸딩AL_소
푸룬 퓨레 23.59kg
푸룬주스 농축액 70Brix 24.94kg
푸아그라 2 레이어 400g
푸아그라 400~600g
푸아그라 디베인 500g
푸아그라 빅 로브 310g  ( 주문발주 )
푸아그라 스프레드
푸아그라 슬라이스 140g (25~40g x 4)  ( 주문 발주 )
푸아그라 슬라이스 1Kg (40~60g x 20)
푸아그라 앤 무화과 180g
푸아그라 페퍼 앤 샴페인
푸아그라죽(1kg)
푸알레루스티크
푸어앤휩 퍼포먼스 플러스(레드) 907g * 12 ea
푸주 163g*30
풍기소스_1kg
풍림)계란후라이_패티용(900g*10)
풍림)얇은고명지단(700g*10)
풍림)풍요한아침깐계란_1KG*10
풍선 초 땡땡이/1EA
풍선 초 무지/1EA
풍요한아침깐메추리알(1kg)
풍요한아침깐메추리알(1kg*10ea)
풍요한아침깐메추리알(1kg*10ea)
퓨어 버터 타틀릿 8.5cm
퓨어버터 스윗 미니 타틀릿 4.9cm
퓨어올리브오일 5L
프라리노사W 5kg
프라리노사W 800g
프라린콩까세슈페리에르아몬드트루피(1.4kg
프랄리노 다크초코 파우더 아몬드 초콜릿
프랄리노 밀크 아몬드 초콜릿 120g
프레디베인스 프로즌모짜렐라슬라이스(15g) 1KG
프레디베인스 프로즌모짜렐라펄(5g) 1KG
프레리팜스 크림치즈 미국산 1.36KG*10
프레리팜스(스위스벨리)크림치즈 1.36KG*10(냉장)
프레리팜스(스위스벨리)크림치즈 1.36KG*10(냉장)
프레리팜스(스위스벨리)크림치즈 13.6KG(6.8*2)
프레리팜스(스위스벨리)크림치즈(9.08kg*2ea)
프레스코 나초치즈소스(E5)
프레스코 스프레더블 150g
프레스티지 이즈니 카라멜 250g
프레즐소다
프레지덩 무염버터(400g*20) BX
프레지덩 휘핑크림 18% 1Liter*6pack/box
프레지덩 휘핑크림 18% 1Liter*6pack/box
프레지덩프렌치버터200g
프레첼블렌드
프렌즈)롯데 환만식초 1.8L*9
프렌즈)우림사과쨈(파우치) 5KG*3
프렌즈)지룩스 라임쥬스음료_750ml*12병
프렌치 크림 치즈 150g
프렌치 프라이 슈스트링 1kg
프렌치 프라이 스트레이트 컷 1kg
프렌치 프라이 크링클 컷 1kg
프렌치바닐라레진(600g)
프렌치스타일믹스 2.5kg
프로 적외선 온도계
프로마제 다피누아 블루 170g
프로마제 다피누아 엑셀런스 185g
프로마쥬 프레 라즈베리 150g
프로마쥬 프레 카라멜라이즈드 사과 150g
프로마쥬블랑 500G
프로마쥬-프레-딸기-150g
프로미 까망베르로얄 250g
프로미 까망베르로얄포콘 250g
프로미 델리스 다정탈 100g
프로미 델리스 다정탈 트러플 100g
프로미 델리스 크랜베리 110g
프로미 델리스 파파야 110g
프로미 라퀘유 푸름 당베르 185g
프로미 라팡드 125g
프로미 르1921 220g
프로미 미니브리 250g
프로미 뷔셰뜨몬서 150g
프로미 블루 스틸턴 150g
프로미 쁘띠 그레도르 125g
프로미 쁘띠 스모키 125g
프로미 생제르맹 200g
프로미 피칸두 허니 125g
프로볼로네 돌체 1Kg
프로볼로네 돌체 200g
프로볼로네 돌체 200g
프로볼로네 슬라이스 170g
프로볼론치즈슬라이스(6.4슈레드)
프로슈토 디 파르마 70g
프로슈토촙핑_500g
프로즌 스페셜티 위드 레몬그라스1kg
프로페셔널크림 * 12개
프룬(건자두) 200g
프리고)리코타치즈1.36kg*6
프리모카페커피믹스800g*12
프리미엄 버터 컴파운드 4.5KG
프리미엄 우유버터화이트 4.5kg
프리미엄국산녹차분말(100g)
프리미엄국산녹차분말(1kg)
프리미엄마차파우더100g
프리미엄마차파우더1Kg
프리미엄망고필링(냉동)1kg
프리미엄베리필링1kg
프리미엄블루베리필링(냉동)
프리미엄스프링클코코아파우더(1kg)
프리미엄스프링클코코아파우더(2)10kg
프리미엄요거트파우더1kg
프리미엄츄러스믹스(영인)1kg
프리미엄홍차 티백용350g
프리미엄홍차가루350g
프리미엄홍차파우더350g
프리미엄홍차파우더50g
프리츠 골드 1Liter*12pack/box
플라스틱 가격표 ㄴ형/20EA
플라스틱 가격표 ㄷ형/20EA
플라스틱 미니칼 개별/100EA
플라스틱 스푼 개별/100EA
플라스틱 스푼 벌크/100EA
플라스틱 스푼(145mm) 블랙/개별/100EA
플라스틱 스푼(145mm) 블랙/개별/2000EA(1BOX)
플라스틱 스푼(145mm) 화이트/개별/100EA
플라스틱 스푼(145mm) 화이트/개별/2000EA(1BOX)
플라스틱 스푼(145mm) 화이트/벌크/100EA
플라스틱 스푼(145mm) 화이트/벌크/2000EA(1BOX)
플라스틱 포크 120 개별 블랙/500EA
플라스틱 포크 120 개별 투명/500EA
플라스틱 포크 개별/100EA
플라스틱 포크 벌크/100EA
플라스틱 포크(155mm) 블랙/개별/100EA
플라스틱 포크(155mm) 블랙/벌크/100EA
플라스틱 포크(155mm) 화이트/개별/100EA
플라스틱 포크(155mm) 화이트/벌크/100EA
플라스틱나이프 100ea
플라워 트레이 대/100EA
플라워 트레이 대/10EA
플라워 트레이 소/100EA
플라워 트레이 소/10EA
플라워 트레이 중/100EA
플라워 트레이 중/10EA
플라워HD 200매
플라워곰 쇼핑백/25EA
플라워양 쇼핑백/25EA
플라워토끼 쇼핑백/25EA
플래차드 버터 500g*20
플래차드 버터블랜드 10kg
플랭땅 블랙 트러플 오일 250ml
플랭땅 섬머 트러플 페르시안 블루 솔트 100g
플랭땅 섬머 트러플 히말라야 핑크 솔트 100g
플랭땅 썸머 트러플 필링 200g
플랭땅 트러플 발사믹 비네거 100ml
플랭땅 트러플 발사믹 비네거 250ml
플랭땅 트러플 소금 50g
플랭땅 트러플 카르파치오 40g
플랭땅 포르치니 게랑드 씨 솔트 50g
플랭땅 화이트 트러플 오일 250ml
플랭땅 화이트 트러플 올리브 오일 100ml
플럼주스 농축액 70Brix 25.49kg
플럼피 트레이 원형/50EA
플럼피 트레이 직사각(미니)/50EA
플럼피 트레이 직사각(중)/50EA
플레이크페이스트리도우
플레인머핀믹스
플레인요거트파우더 500g
플로라 오리지널 팻 스프레드 250g
플로라 오리지널 팻 스프레드 500g
플로레뜨 116g
플뢰르 오랑제
피넛버터20(10kg)
피넛크런치1Kg
피넛크런치1kg
피넛크런치300g
피쉬그릴크램프-MIB
피스 띠 투명/5/1000EA
피스 띠 투명/5/32000EA(1BOX)
피스 띠 투명/6.5/1000EA
피스 띠 투명/6.5/26000EA(1BOX)
피스 띠 투명/8/1000EA
피스 롤 5/1EA
피스 롤 5/48EA(1BOX)
피스 롤 6.5/1EA
피스 롤 6.5/40EA(1BOX)
피스 롤 8/1EA
피스 롤 8/28EA(1BOX)
피스띠
피스롤5cm
피스롤6.5cm
피스롤8cm
피스받침13 100매
피스받침15 받침만 100매
피스받침15 투명케이스만 50매
피스스탠드 10cm 100매
피스스탠드 200매
피스스탠드 3.5cm 200매
피스타치오 타르트(72개입)
피스타치오 페이스트  190g
피스타치오 페이스트  1kg
피스타치오 페이스트 500g
피스타치오레진(600g)
피스타치오분말 1kg*10ea
피스타치오페이스트S
피시콜라겐10Kg
피시콜라겐500g
피오니 트리플섹 1.8L
피오렐리노 알 타르투포 1kg
피자 천끈 레드 대(160M)/1ROLL
피자 천끈 레드 소(50M)/1ROLL
피자 폰드 1kg
피자바게트 100매
피자바게트 받침/100EA
피자박스 크라프트 10인치/100EA(1BOX)
피자박스 크라프트 12인치/100EA(1BOX)
피자박스 크라프트 13인치/100EA(1BOX)
피자박스용삼발이2000EA/BX
피자스페치 55*250
피자적색리본16mm*63y*10EA*27PK/BX
피자팬11
피자팬13
피자팬9
피지 프렌즈 젤리(125g)
피지 프렌즈 젤리(40g)
피카이치 우동다시
피크닉도시락 50개
피클링스파이스 45g
피클링스파이스40g
피타브레드
필라델피아 치즈케이크 큐브 쿠키 200g
필라델피아 크림치즈
필라델피아 크림치즈 1.36KG
필라델피아 크림치즈 1.36KG*6_미국
필라델피아크림치즈2KG*8_호주
필라델피아크림치즈2KG_호주
필로페스트리 250g
필립스소스펌프
필립스소스펌프
핑거쿠키&에클레어팬14구
핑크 레모네이드 330ml
핑크PET주름컵 500매
핑크도일리 투명스티커 10PC*13
핑크자몽냉동퓨레(100%) 1kg
핑크초코펜20g
하나다시1kg*10
하나다시2kg*6
하늘)감자야채고로케속(1kg*10)
하늘)햄감자야채고로케속(1kg*10ea)
하림)자연실록 봉 600G*5PACK
하림)자연실록 윙 600G*5PACK
하림)치킨너겟1kg*10
하바나 코코아 (프랄린)
하수오분말1kg(국산)
하수오분말300g(국산)
하얀강낭콩4/1 2.75kg
하얀손)다목적고무장갑(미니)_10켤레*50Pk
하우스-바몬드플레이크
하우스-자바플레이크
하우스트 미니토스트  80g
하이델)후레시피클(슬라이스)3.2kg*6EA
하이락스2L*6
하이락스2L*6
하이스프리 4.5kg 3일 출고지연
하이큐블렌딩커피(다크)500G*10
하이팻코코아파우더1Kg
하이푸드)불고기켄터키후랑크(1kg*10)
하이푸드)불고기켄터키후랑크_냉장(1kg*10)
하츠(염통)꼬치
하카타콧테리소스(돈꼬츠스프)
하트 (프랄린)
하트 2종 토퍼/6EA
하트 초 레드/1EA
하트 초 퍼플/1EA
하트 초 핑크/1EA
하트가든PE쇼핑백 소 100매
하트가든PE쇼핑백 중 100매
하트레터링HD봉투
하트링세트
하트초코컵 28mm[연두색] 1000매
하트쿠키받침 100개
하트쿠키봉투8*22
하트타르트AC I
하트타르트팬
하트팬1호
하트팬2호
하트팬3호
학 꼬지/100EA
한라봉 1kg
한라봉분말100g
한라봉분말1kg
한라봉제스트500g
한라봉필 700g
한만두)짜장왕교자(1kg*6)
한만두)짬뽕왕교자(1kg*6)
한만두)촉촉한물만두(1.35kg*6)
한만두)투명한김치물방울만두(1.2kg*6)
한만두)투명한만두물방울(1.2kg*6)
한만두)푸짐한왕교자(1kg*6)
한맥)촉촉미트볼(1kg*10)
한성)꽃맛살F_2kg*6
한성)꽃맛살F_2kg*6
한성)크래미F_1k*10입(파지)
한성)해물경단(1kg*10)
한성)흰살생선까스H(1.2kg*5)
한우리)나시고랭용스파이스페이스트(60인분)_1kg*4
한울냉동찹쌀가루5Kg
한천분말100g
한천분말500g
할로윈 블랙 주자 15 리본/1ROLL
핫도그트레이 100개
핫바 코팅 봉투 KP/100EA
핫바 코팅 봉투 KP/2000EA
핫바 코팅 봉투 W/100EA
핫바 코팅 봉투 W/2000EA
핫스파이스믹스 500g
핫플레이트1구
해농)넘버원김가루(1KG*4EA)
해마로)시그니처순살치킨(1kg*10)
해마로후레쉬오이피클(국산오이)3kg*4 EA
해물모듬(600G*10EA/BOX)
해여울)골드고추씨맛기름1.8L*8EA
해찬들)쌈장 1KG*12EA
해천)시그니처굴소스725g*12개
해팜)부산어묵꼬치2(사각,750g*10PAC)
해표올리브유엑스트라버진900ml*12
해표카놀라유1.7L*12
해피 베어스 젤리(119g)
해피 베어스 젤리(40g)
해피뉴이어투명택 50개
해피니스 띠지/50EA
해피버스데이 초/12EA(곽)
해피버스데이 초/1EA
해피버스데이 토퍼 로즈골드/1EA
해피버스데이 토퍼 로즈골드/50EA
해피버스데이 토퍼 홀로그램/1EA
해피버스데이 토퍼 홀로그램/50EA
해피벌스데이초 12개
해피카우 고다 슬라이스 150G
해피카우 레귤러빅팩 360G
해피카우 모짜 슬라이스 150G
해피카우 오스트리안 프로세스 치즈113G
해피카우 체다 슬라이스 150G
해피카우 치즈 스프레드 레귤러150G
해피카우 크림치즈 내추럴 150G
해피카우 크림치즈 위드 허브 150G
해피카우레귤러 140G
해피카우저지방 140G
해피카우크림 140G
해피콜 소드마스터 프라이팬
해피퀸) 나무젓가락 (200EA*15PACK)BX
해피퀸냅킨(200*100)88*100EA
해피퀸속지왕대1000EA*10PK/BX
해피퀸쓰레기봉투100L검정50EA*5PK
해피퀸쓰레기봉투100L흰색대50EA*5PK
해피퀸철수세미35g10EA*10PK/BX
핸드메이드 페이즐 그린 띠지/50EA
핸드메이드 페이즐 레드빈 띠지/50EA
핸드메이드 페이즐 올리브 띠지/50EA
핸드메이드타이 나뭇잎 1봉지(50개)
핸드메이드타이 잎사귀
핸드블렌더(노믹스)
햄버거 코팅봉투 크라프트/100EA
햄버거 코팅봉투 크라프트/3000EA
햄버거 코팅봉투 화이트/100EA
햄버거 코팅봉투 화이트/3000EA
햄버거 코팅지 27*27 무지/1000EA
햄버거 코팅지 27*27 신형/1000EA
햇방아 우리쌀쿠키믹스300g
햇방아) 우리쌀 식빵믹스 384g*10
햇방아)현미가루(빵용) 4kg*5/Box
햇방아)흑미가루(빵용) 4kg*5/Box
햇쌀마루 박력쌀가루3Kg
행주(3M)L-200파랑30EA/BX
행주(3M펄프L-200노랑10매)40EA/BX
행주(3M펄프L-200파랑10매)40EA/BX
허니머스타드드레싱-C 2kg*6
허니오일
허브맛솔트700g
허브믹스(500g)
허브향
헌드레드앤사우전드  430g
헌트 토마토페이스트(3.15kg*6)
헌트토마토퓨레3kg
헤르빈버터&치즈보관함
헤이즐넛 맛 믹스
헤이즐넛&아몬드 타르트(72개입)
헤이즐넛아몬드프라린
헤이즐넛오일
헤이즐넛커피시럽1Kg
헤즐넛(통)1kg
헤즐넛필링 10kg
헤즐넛향분말300g
헥센하우스사각 미니-다크브라운/금색사각 (10개)
헬로우 각대봉투 헬로/100EA
헬로우 쇼핑백 화이트 헬로우/10EA(장당400원)
헬로캣 띠지/50EA
헬로키티 계란틀
헬로키티 주먹밥틀
헬로키티 카나페빵구이모형틀
헬로키티아동공기
헬로키티아동머그컵
헬로키티아이스스틱
헬로키티얼굴모양틀
헬로키티컵케이크만들기세트
헬로키티크레페만들기세트
헬로키티후리카케케이스
현미가루(빵용)
형광케익바구니360*337 그린
형광케익바구니360*337 그린
형광케익바구니360*337 오렌지
형광케익바구니360*337 오렌지
형광케익바구니360*337 핑크
형광케익바구니360*337 핑크
형광케익바구니360*337 홀로그램
형광케익바구니360*337 홀로그램
호두 1/2태(LH) 11.34KG
호두파운드팬AC  240*45*50
호두파이(36개입)
호두파이팬
호떡누르개_나무
호밀브레드
호박 리플잼 1kg
호박고지1kg
호박냉동퓨레(100%) 1kg
호박페이스트(레토르트)_400g
호박페이스트(캔)_400g
호지차
호치민커피
호크왈드 모짜렐라치즈
혼합 5색 55 색지컵 55mm/150EA(1줄)
홀 덕 푸아그라 180g
홀 덕 푸아그라 40g
홀 덕 푸아그라 60g
홀 덕 푸아그라 인 몰드 350g
홀그레인 머스터드 200g
홀그레인 머스터드 770g
홀그레인머스타드(1kg)
홀그레인머스타드(280g)
홀로그램 백
홈 미니마드렌12구
홈 미니마드렌24구
홈다꾸아제16구 355*255*1.5T / 70*46
홈마드렌느부채12구판
홈마드렌느부채6구
홈메이드10온즈
홈미니머핀팬11구
홈미니머핀팬20구
홈바나나3구
홈바나나6구
홈바통4구
홈바통8구
홈비타공판AL _400*300*20
홈조가비6구
홈조가비판-12구
홈컵12구
홈컵9구머핀
홈컵판12구 AC양면
홈컵판6구판AC
홈타공판AL
홈하트(대)
홈호두판12구
홈호두판20구
홈휘난새12구판
홈휘난새6구
홉라휩크림스프레이
홍게다리살(1kg)*16
홍유 두반장1.3kg*8
홍자몽냉동퓨레
홍차라떼500g
홍차티백용50g
화과자 케이스 골드/50EA
화과자 케이스 골드/600EA
화과자 케이스 블랙/50EA
화과자 케이스 블랙/600EA
화과자박스 화과자용기 100개
화과자용기 100개
화미)프로티지(연육제)1kg*10
화병도 쇼핑백/25EA
화이트 누이블랑쉐
화이트 셀렉션 카카오트레이스
화이트 정사각 샌드위치 케이스/100EA
화이트 정사각 샌드위치 케이스/10EA
화이트 정사각 샌드위치 케이스/500EA(1BOX)
화이트 종이컵 10온즈 (83파이) 1000EA(1BOX)/블랙(뚜껑)
화이트 종이컵 10온즈 (83파이) 1000EA(1BOX)/선택안함(뚜껑)
화이트 종이컵 10온즈 (83파이) 1000EA(1BOX)/화이트(뚜껑)
화이트 종이컵 10온즈 (83파이) 100EA/블랙(뚜껑)
화이트 종이컵 10온즈 (83파이) 100EA/선택안함(뚜껑)
화이트 종이컵 10온즈 (83파이) 100EA/화이트(뚜껑)
화이트 종이컵 13온즈 (83파이) 1000EA(1BOX)/블랙(뚜껑)
화이트 종이컵 13온즈 (83파이) 1000EA(1BOX)/선택안함(뚜껑)
화이트 종이컵 13온즈 (83파이) 1000EA(1BOX)/화이트(뚜껑)
화이트 종이컵 13온즈 (83파이) 100EA/블랙(뚜껑)
화이트 종이컵 13온즈 (83파이) 100EA/선택안함(뚜껑)
화이트 종이컵 13온즈 (83파이) 100EA/화이트(뚜껑)
화이트 직사각 샌드위치 케이스/1000EA(1BOX)
화이트 직사각 샌드위치 케이스/100EA
화이트 직사각 샌드위치 케이스/10EA
화이트 초코&쿠키 타르트(72개입)
화이트 튜나 뱃살 올리브 오일 절임 110g
화이트 튜나 올리브 오일 절임 220g
화이트드롭1kg
화이트드롭200g_소분
화이트론도(에델바이스)
화이트베이스1.7Kg
화이트복숭아냉동퓨레(100%) 1kg
화이트복숭아퓨레1Kg (프랑스)
화이트쉘(프랄린)
화이트와인식초-3L
화이트정사각샌드위치케이스
화이트직사각샌드위치케이스
화이트직사각샌드위치케이스
화이트초코렛
화이트초코렛블록(인니)
화이트초코소스1.89L
화이트초코소스1.89L
화이트초코펜20g
화이트초코펜20g
화이트초코프레첼볼 1kg
화이트초콜릿2.5Kg (판화이트)
화이트초콜릿컬(장식블로섬화이트)9mm
화이트커버춰 제피르 1kg
화이트커버춰 피스톨 블랑사탱 버튼 5kg
화이트커버춰초콜릿1Kg
화이트커버춰초콜릿1Kg
화이트컴파운드코인1kg
화이트컴파운드코인5kg
화이트컴파운드코인5kg
화이트컴파운드코팅N 10kg
화이트코팅 200g
화이트코팅 벌크
화이트코팅 종이리드 10/13온즈 겸용 (85파이)/1000EA(1BOX)
화이트코팅 종이리드 10/13온즈 겸용 (85파이)/40EA
화이트코팅 종이리드 12/16온즈 겸용 (90파이)/1000EA(1BOX)
화이트코팅 종이리드 12/16온즈 겸용 (90파이)/40EA
화인)셰리식초(와인비네거)_500ml*6
화인)셰리식초(와인비네거)_500ml*6
화인휘프5000
화채스푼
화풍)마라시노레드체리(꼭지있음)1.988kg*6
화풍)영콘400g*24,중국산)개
화풍)죽순(채) 2.80kg*6
화풍)죽순(편) 2.80kg*6
화풍)죽순(홀) 2.84kg*6
화풍)초고버섯(2.84kg*6)
화풍)초고버섯(400g*24)
화풍)표고(채)2.8kg*6
화풍물밤(워터체스트너트)2.95kg*6
화풍표고(홀)2.84kg*6ea
환타지아화이트FREE4.5Kg
활성글루텐1Kg
활성밀글루텐1Kg
황날치알(골드),수입산,800g*20ea/BOX
황도2절(그리스)820g*12
황도825g
황도슬라이스(그리스)3.06KG*6
황비홍)향취고추452g
황비홍)향취고추452g*8ea
황비홍)향취고추452g*8ea
황치즈분말200g
황치즈파우더200g
후드(1)
후레쉬모짜렐라보코치니
후레쉬치즈_100g
후레쉬크란베리슬라이스
후레시 트러플 500g
후렌치버터린4.5Kg
후루티베리믹스스무디1.8Kg
후르츠칵테일 (필리핀
후르츠칵테일 (필리핀
후이펑)닭표스리라차 칠리(튜브)_793g*12
후지-나가사끼짬뽕스프
후지-돈부리쯔유(돈부리타레가쓰오다시소스
후지-라멘유-라유(라멘기름)
후지-무라야마미소라멘스프
후지-탄탄멘스프
후지-포크&치킨가라스프
후지-히야시추카
훠궈 베이스(주군기)/200g*50pk
훠궈 베이스(주군기)/200g*50pk
휘핑머신
휘핑이지
휘핑크림(칸디아)10L벌크
휘핑크림(칸디아)1L
휘핑크림1L  (비바리타)
휘핑크림500ml(비바리타)
휩블루(Whip Blue) 1000g
흑당시럽 1kg
흑마늘액기스1kg
흑미가루(빵용)1kg
흑임자페이스트 800g
흑임자페이스트(20kg)
흑후추분말1kg
흑후추분말300g
흑후추후레이크 47g
흥국)맘스리얼베이스 레몬 1KG*12EA
희창)커피크리마1kg*12
흰색받침10 사각형 100개
흰색받침10 원형 100개
흰색파운드노루지
힘멜타이머
​
유어디시 품목 입니다",https://blog.naver.com/foodlist_info/224002379105,foodlist_info over ten thousand items,20250910,2026-04-27 15:49:58
★파스텔초코스위트(대,"실바니안 키라키라 쿠지 5탄 E, F상 (해피 스위트)","E상 아기 스위트 카 아이스크림과 도넛 왜건을 미니어처로 한 것 같습니다. 파스텔 색감이 참 귀엽죠..... 왼쪽부터 초코, 블루베리, 바닐라, 키위, 복숭아, 오렌지 연결 고리가 짧아서인지 6개로 무한루프는... ","키라키라 쿠지의 E상과 F상은
아기들의 탈 것입니다.
​
조금 큰 E상이 4종,
크기 작은 F상은 6종..
작년 쿠지와 같네요.
(작년에도 다 샀었는데 뜯질 않았나 봅니다)
​
뭐가 많은 것 같아 보이지만
색놀이...
​
E상 아기 스위트 카
아이스크림과 도넛 왜건을
미니어처로 한 것 같습니다.
​
파스텔 색감이 참 귀엽죠..
삼륜차입니다.
앞바퀴는 굴러가네요.
도넛 장식은 조립식으로 되어있습니다.
후면에는 연결할 수 있는 고리를
접었다 폈다 할 수 있습니다.
왜건 안팎에 포인트를 준 디테일
이런 게 또 실바죠..
😃😃😃
​
앞면에도 기믹이 숨어 있는데요.
앞바퀴를 뒤집으면
앞차와 연결할 수 있는 장치가 나옵니다.
같은 차량끼리도 연결이 가능합니다.
👏🏻👏🏻👏🏻
​
아이스크림은 스티커입니다.
바퀴가 다 고정인데
앞 차와의 연결을 위한 돌기가
아래에 나와있습니다.
역시 후면에는 연결 장치가 있습니다
이렇게 연결이 됩니다.
4대 모두 연결이 가능합니다.
무한 루프처럼
빙글빙글 돌 수도 있겠네요..
🤣🤣🤣
도넛카에는 두 마리씩 탈 수도 있네요..
아이스크림카는 혼자 탑니다.
​
​
F상 아기 스위트 카
롤 케이크입니다.
G상 블라인드백보다 상위 상이지만..
사실..
거의 꽝이라고 봐야겠죠.
과일 롤 케이크를 모티브 했습니다
바퀴는 고정입니다.
앞쪽에 연결 장치가 있네요.
롤케이크 카도 뒤에
접이식 연결장치가 있습니다.
왼쪽부터
초코, 블루베리, 바닐라, 키위, 복숭아, 오렌지
​
연결 고리가 짧아서인지
6개로 무한루프는 안되겠네요.
아기들 태우니 더 귀엽습니다.
​
​
롤 케이크 자동차는 이전에도 나왔었는데요..
블백과 케이크 꾸미기의
신생아용 롤 케이크 차..
쿠지의 롤 케이크 차와는 크기 차이가 있습니다.
신생아용, 쌍둥이용 다르게 만들었나 봅니다.
​
​
E, F상 10종 풀셋입니다.
아기들은 작년 쿠지 블백아기들도
도와주러 왔네요..
​
큰 원을 그리며 10개가 모두 연결되었습니다.
😃😃😃
​
두 팀으로 나눠서
꼬리잡기 게임을 하는....
😂😂😂
​
생각보다 스릴를 매우 즐기는 아기들..
​
플레이모빌 어린이와 아기들도 딱입니다.
😃😃😃
도넛 왜건에는 플모 아기가 앞자리.
누나 태워주고 있네요.
🤣🤣🤣
실바와 플모의 궁합은
말이 필요 없습니다.
더욱 더 실감나는 꼬리잡기 게임
😆😆😆
​
​
생각보다 물량이 많지 않은 건지
리셀이 별로 안 하는 건지
시세가 내려가질 않네요.
현지에서는 벌써 끝난 것 같은데...
​
지난번처럼 나중에 다시 등장할지도 모르니
기다려 보는 것도 방법일 수 있겠습니다.
😅😅😅
​
저도 3만원 대 D상이 나타나길
기다리고 있다는..
🤣🤣🤣
​
뭐.. 그렇다고 합니다..
​
​
​
​
​",https://blog.naver.com/mazkkalab/223998052200,mazkka Lab.,20250907,2026-04-27 15:50:03
★파스텔초코스위트(대,urdish.com,"머핀컵 초코/200EA(1곽) 사각 머핀컵 크라프트/200EA(1곽) 사각 머핀컵 화이트/200EA(1곽) 사각... 산과들)스위트콘소시지(1kg*10) 산능도우넛커터(원형), 대 산능도우넛커터(원형), 소... ","사각 PET 머핀컵/100EA
사각 냄비받침
사각 머핀컵 레드/200EA(1곽)
사각 머핀컵 옐로우/200EA(1곽)
사각 머핀컵 오렌지/200EA(1곽)
사각 머핀컵 초코/200EA(1곽)
사각 머핀컵 크라프트/200EA(1곽)
사각 머핀컵 화이트/200EA(1곽)
사각 유리용기 520ml
사각PET주름컵 스윗초코 300개
사각PET주름컵 풍차 300개
사각대나무꼬지(50*50*200)200EA*30PK
사각도뜨 OPP 포장지 25*35/500EA
사각버터타르트70mm(스위트)
사각용기&뚜껑 HG-403 500ea/BX
사각원터치소100EA*20PACK
사각접시 대/밤색 100매
사각접시 대/연두색 100매
사각접시 대/주황색 100매
사각접시 소/밤색 100매
사각접시 소/연두색 100매
사각접시 소/주황색 100매
사각접시 중/연두색 100매
사각접시 중/자주색 100매
사각접시 중/주황색 100매
사각접시27 리프 100매
사각접시27 브레드 100매
사각접시27 전통무늬 100매
사각접시27 티세트 100매
사각채반415*325*25
사각채반접이식
사골조미분말500g
사과 후르츠스타 소프트잼 1kg
사과다이스3Kg
사과다이스3kg*6
사과분말1kg
사과분말300g
사과잼1kg (소프트잼)
사과잼1kg (소프트잼)
사과칩50g
사과파이필링(2)
사과퓨레
사과프리저브_2.5kg
사과프리저브_750g
사과향초코펜20g
사라다케이스
사랑해 토퍼 레드/1EA
사랑해 토퍼 레드/50EA
사랑해 토퍼 홀로그램/1EA
사랑해 토퍼 홀로그램/50EA
사바 5L
사보이 아르디 (레이디 핑거) 400g
사세)바베큐사이(1.4kg*8)
사세)바삭매콤치킨(1.3kg*10)
사세)바삭통다리치킨(1.3kg*10)
사세)버팔로윙스틱(봉)_1KG*10
사세)오트밀통살치킨(950g*10)
사세)훈제오리슬라이스(800g*10 중국산)
사세)훈제오리완포(900g*10_중국산)
사세버팔로미들윙(1kg*10_태국산)
사오팔메 60%
사오팔메43%
사옹원)고구마튀김 1kg(35g*29ea)*5pk
사옹원)고추튀김 1kg(50g*20ea)*5pk
사옹원)김말이튀김 1kg(25g*40ea)*6pk
사옹원)단호박튀김 1kg(25g*40ea)*6pk
사옹원)매콤오징어튀김 1kg(35g*29ea)*6pk
사옹원)야채튀김 1kg(40g*25ea)*4pk
사옹원)참치속깻잎튀김 1kg(30g*34ea)*5pk
사우워분말4kg
사우워소프트분말
사워도우 브레드 오리지날 105g
사워도우빵
사워크림LP 벌크
사워크림LP(1kg)
사자표춘장14kg
사조)김밥김 (27G*10봉)*10EA
사조)김밥김 (27G*10봉)*10EA
사조)손봉어묵_냉동(800g*20)
사조해표)건미역(45g*30EA)
사조해표)건미역(45g*30EA)
사차인치(ROASTED)20kg(페루산)
사카나키 그리스 그릴 치즈 200g
사카린450g
사틴그린벨벳케익믹스
사틴레드벨벳케익믹스10kg
사틴크림케익믹스플러스10Kg
사포레 리골레또
사포레 리골레또1kg(x10ea)
사포레 트라비아타1kg
사포레 트라비아타1kg(x10ea)
사프고당용세미드라이이스트(400g)
사프드라이이스트레드3g(10ea)
사프르방엘브이1(10g*5)
사프인스턴트이스트(10kg)
사프저당용세미드라이이스트(400g)
산과들)매콤청양고추소시지(1kg*10)
산과들)매콤피자맛소시지(1kg*10)
산과들)불고기소시지(1kg*10)
산과들)스위트콘소시지(1kg*10)
산능도우넛커터(원형), 대
산능도우넛커터(원형), 소
산능도우넛커터(하트)
산능채널
산딸기 꿀리
산딸기냉동퓨레(100%) 1kg
산딸기냉동퓨레(85%) 1kg
산딸기퓨레
산초록가루녹차100g
산탄젤로버진올리브오일(1L*12)
산탄젤로버진올리브오일(1L*12)
산탄젤로포마스오일(5L*4)
산탄젤로포마스오일(5L*4)
산탄젤로퓨어올리브오일(5L*4)
산탄젤로퓨어올리브오일(5L*4)
산펠레그리노 아란시아타(오렌지) 200ml*24
살구 1kg
살구 냉동 퓨레
살구 피스 10kg
살구 후르츠스타 소프트잼 1kg
살구냉동퓨레
살구냉동퓨레(100%) 1kg
살사후슬리샐러드(1kg*10)
삼각PET주름컵 풍차 300개
삼각칼PP-대
삼각칼PP-소
삼각피스받침-3호용 골드 100매
삼각피스받침-3호용 대 블랙 100매
삼각피스받침-3호용 화이트 100매
삼겹비엔나말이꼬치
삼도)해울초생강(백색)1.3kg*10
삼도)해울초생강(백색)1.3kg*10
삼도)해울초생강(적색)1.3kg*10
삼도)해울초생강(적색)1.3kg*10
삼립 에스피 5kg*4
삼색 물방울 오간디 25 리본/1ROLL
삼색 빙수 스푼/400EA
삼아)골드마요네즈_10kg
삼아)밤감로자 홀(2,950g*6)
삼양)고기손만두(1.3kg*6)
삼양)물만두(3kg*3)
삼진)DS 나가사끼짬뽕 핫소스_2kg*5
삼진)NEW 단호박크림스프베이스(냉동)_2kg*5
삼진)겨자소스(샤브쌈)_2kg*5
삼진)데미글라스소스S_2KG*5
삼진)땅콩드레싱소스(샤브쌈)_2kg*5
삼진)로제파스타소스_1kg*10
삼진)마라소스_2kg*5
삼진)매직파우더S_1kg*10
삼진)신락원 new 짬뽕베이스_1kg*10
삼진)쌀똑핫도그용 더 매운 떡볶이소스_2kg*5
삼진)쓰리라차핫마요_1kg*10
삼진)열정돈가스용소스_2kg*5
삼진)엽기떡볶이용 액상소스(냉동)_100g*70
삼진)짬뽕베이스파우더S_1kg*10
삼진)치즈맛드레싱S_2kg*5
삼진)치즈맛드레싱S_2kg*5
삼진)허니머스타드소스S_2kg*5
삼진)허니머스타드소스S_2kg*5
삼진_타르타르소스_1kg*10
삼현)바다꽃소금15kg
상기)쌍노두소스_500ml*12입
상기)쌍노두소스_500ml*12입
새롬 호밀가루(캐나다) 3KG*6_면세
새롬) 초코칩10kg(직송)
새롬옥수수혼합전분2kg
새롬푸드_뉴밀키팜엑스트라1Kg
새롬활성글루텐1KG*20
새앙(맛술)1L
새우분말100g
새우분말1kg
새해 까치와복 2종 스티커 1묶음(5장)/100EA
새해 단청 2종 스티커 1묶음(8장)/48EA
새해복 스티커 1묶음(8장)/80EA
색금사 3 리본 골드/1ROLL
색금사 3 리본 그린/1ROLL
색금사 3 리본 라이트핑크/1ROLL
색금사 3 리본 레드/1ROLL
색금사 3 리본 실버/1ROLL
색금사 3 리본 오렌지/1ROLL
색금사 3 리본 카키/1ROLL
색금사 3 리본 퍼플/1ROLL
색동설날 스티커 1묶음(6장)/108EA
색화지 오렌지/50EA
색화지 피치핑크/50EA
샌드위치 코팅지 33*33 그린/1000EA
샌드위치 코팅지 33*33 무지/1000EA
샌드위치 코팅지 33*33 오렌지/1000EA
샌드위치접시 레드체크 100매
샌드위치접시 스트라이프 100매
샌드위치종이(크라프트직사각유산지) 250EA
샌드위치컵 화이트 정사각 100개
샌드위치컵 화이트 직사각 100개
샐러드 서버
샐러드 서버
샐러드/빙수용기(Ø117,HR-24)25EA*20PK
샐러드용기(850ml,SL-700)50EA*10PK
샘표)연두,주황색,500g*6
샘표)연두,주황색,500g*6
샘표501양조간장1.8L*6
샘표501양조간장1.8L*6
샘표국간장930ml*12EA
샘표조선간장_(930ml*12)
샘표조선간장_(930ml*12)
샘표진간장S
샘표진간장S1.8L*6EA
생 모레 150g
생 아구르 크림 150g
생 앙드레 200g
생강분말(국산)1kg
생라면
생모르 카브리핀 180g
생신축하드립니다 토퍼 골드/1EA
생신축하드립니다 토퍼 골드/50EA
생신축하드립니다 토퍼 홀로그램/1EA
생신축하드립니다 토퍼 홀로그램/50EA
생이스트골드
생일 초 대/12000EA(1BOX)
생일 초 대/25EA(5봉)
생일 초 대/500EA(100봉)
생일 초 소/12000EA(1BOX)
생일 초 소/25EA(5봉)
생일 초 소/500EA(100봉)
생일 토퍼 레드/1EA
생일 토퍼 화이트/1EA
생일축하합니다 토퍼 레드/1EA
생일축하합니다 토퍼 레드/50EA
생일축하합니다 토퍼 홀로그램/1EA
생일축하합니다 토퍼 홀로그램/50EA
생크림-홉라(1L)-무가당
생폴럼
생폴럼
샤르미도르 슬라이스 150g
샤무드 끈 그레이/1ROLL
샤무드 끈 네이비/1ROLL
샤무드 끈 라이트바이올렛/1ROLL
샤무드 끈 올리브그린/1ROLL
샤무드 끈 핑크/1ROLL
샤브후 150g
샤이닝스타 초/1EA
샤인머스캣 1kg
샤인머스켓,경산포도,2~3수,2kg
샬롯랜치소스_1kg
샴페인사이다
서강)크리밀500g*20
서강)크리밀500g*20
서강)황치즈혼합분말 1kg
서강가당전지밀1kg*12
서강분말아이스크림1kg*12(바닐라)
서강분말아이스크림1kg*20(아이스밀크)
서도)서브큐 고구마치즈스틱(40ea*25g*4pk)
서리태,국내산,농부농산,kg
서리태,더조은,국내산,KG
서리태,아인스,국내산,KG
서림콩가루2.5Kg
서림콩가루2.5Kg * 4입 한박스
서브라임1L
서브큐 빵가루1KG*6/BOX
서브큐 빵가루8kg
서브큐 지유락 마일드 1KG*20
서브큐)뉴켄터키후랑크(1kg*10)
서브큐)레겐스부르거(1kg*10)
서브큐)레겐스부르거(1kg*10)
서브큐)롱윈너부어스트(1kg*10)
서브큐)롱윈너부어스트(1kg*10)
서브큐)베이커리소시지(1kg*10)
서브큐)베이커리소시지(1kg*10)
서브큐)빅후랑크_1kg*10
서브큐)빅후랑크_1kg*10
서브큐)스모크슬라이스햄(1kg*10)
서브큐)스모크슬라이스햄(1kg*10)
서브큐)스모크슬라이스햄(냉동, 1kg*10)
서브큐)슬라이스베이컨(1kg*10)
서브큐)슬라이스베이컨(1kg*10)
서브큐)알로크린  2KG*6
서브큐)알로크린 2KG*6
서브큐)알로크린13KG
서브큐)알로크린3KG*4
서브큐)켄터키후랑크(1kg*10)
서브큐)쿡살라미슬라이스(500g*12)
서브큐)쿡살라미슬라이스(500g*12)
서브큐)쿡살라미슬라이스(500g*12)
서브큐)프레쉬베이컨(1kg*10)
서브큐)프레쉬베이컨(1kg*10)
서브큐_겨자냉채용소스(T)_2kg*5
서브큐_깐풍소스(T)_2kg*5
서브큐_단호박크림스프베이스(냉동)_2kg*6
서브큐_데리야끼소스(S)_2kg*5
서브큐_돈가스용소스(고메밀면)_2kg*5
서브큐_매운떡볶이용소스(T)_2kg*5
서브큐_바베큐소스P_2kg*5
서브큐_바베큐소스P_2kg*5
서브큐_발사믹소스T_2kg*5
서브큐_볶음짜장소스S_2kg*5
서브큐_사천탕면용소스S_2kg*5
서브큐_소고기볶음면용소스S_2kg*5
서브큐_시저베이스소스T_2kg*5
서브큐_쌀똑 매콤달콤고추장소스(일회용)_20g*200
서브큐_양식돈가스용소스(S)_2kg*5
서브큐_오리엔탈드레싱(S)_2kg*5
서브큐_중화칠리소스(T)_2kg*5
서브큐_직화쭈꾸미볶음용소스_2kg*5
서브큐_초고추장14kg
서브큐_치킨양념소스SY_2kg*5
서브큐_칠리오일소스T_2kg*5
서브큐_토마토미트파스타용소스_3kg*5
서브큐_토마토파스타용소스S_2kg*5
서브큐_피자플래넷 단짠단짠 피자소스_2.5kg*4
서브큐_화이트크림파스타용소스S(냉동)_2kg*5
서브큐_흑후추소스S_2kg*5
서브큐-갈릭크림치즈(1kg*5ea)
서브큐-갈릭크림치즈(1kg*5ea)
서브큐-갈릭크림치즈(1kg*5ea)
서브큐베이킹롤치즈1kg*5ea
서브큐슬라이스피클파우치(3kg*6)
서브큐-에멘탈퐁듀치즈(1kg*5ea)
서브큐-에멘탈퐁듀치즈(1kg*5ea)
서브큐오이피클슬라이스(캔)3k*6
서브큐지유락300(1KG*20)
서빙트레이 L
서빙트레이 M
서빙트레이 S
서울 식물성크림1L*12EA
서울 식물성휘핑크림1L
서울 쿠킹크림1L
서울국제 즈마장3KG*6EA(직송)
서울데어리휩스프레이휘핑크림250g*12
서울멀티체다슬라이스치즈100매
서울멀티체다슬라이스치즈100매
서울밤다이스 8KG
서울버터12Kg 무염
서울버터450g 무염 <지대포장>
서울베이커리롤치즈1Kg
서울베이커리롤치즈1kg*5pack/box
서울슬라이스치즈(멀티)100P 1.8kg*4pack
서울식품)소보루가루 2kg*4ea
서울식품)플레인번세트 90g*24ea*4pk
서울우유 생크림 500ml
서울우유 생크림 500ml (D-2발주)
서울체다슬라이스치즈1800멀티ll 1.8kg*4
서울휘핑크림
서울휘핑크림 10개입 1박스
서울휘핑크림1liter*10pack/box
서프라이즈 라즈베리 타르트(72개입)
석류 크랜베리 리플잼
석류냉동퓨레(100%) 1kg
석류농축분말1kg
석류농축분말300g
석류농축액100g
석류농축액1kg
석류농축액1Kg
석류분말1kg
석류파우더80g
선인)감자분말 1kg*10
선인)건조파슬리 250g*28ea
선인)건조파슬리 250g*28ea
선인)고르곤졸라소스1kg*10ea
선인)바닐라에센스1kg
선인)브리오쉬430g*20ea
선인)사워크림1kg*12
선인)슈믹스500g*20
선인)스프링클코코아파우더1kg*6
선인)아마레나체리 1kg*12ea
선인)앙고구마필링N3.3kg*6
선인)앙호박필링(냉동)1kg*16
선인)엘르앤비르고메버 500g*8ea
선인)엘르앤비르엑셀런스휘핑크림1L*12
선인)초코칩1kg*10
선인)초코퐁듀 2kg*8
선인)카길다크론도초콜릿10kg
선인)코코아매스500g*20ea
선인)코코아파우더1kg*12
선인)판젤라틴1kg*25
선인)프리미엄블루베리필링(냉동)1kg*15
선진)스모크햄쵸핑(1kg*10)
선한)히커리바베큐소스538g*12
선한)히커리바베큐소스538g*12
설기머핀틀 AL (착)
설기머핀틀 스텐
설날 원형택 a번 50매
설날 원형택 b번 50매
설날 원형택 c번 50매
설타나 (2kg)
설타나 12.5Kg
설타나12.5kg
설타나1kg
성냥(케익용)
성냥*100
성냥/100EA
성냥/3000EA(1BOX)
성림계피가루200g
성진) 인절미 콩가루 2KG*10
성진) 인절미 콩가루 2KG*10
성진)뉴슈가500g*20
성진)뉴슈가500g*20
성진)미숫가루 12곡 1kg*12(직송)
세모이 다크버튼58.5프로
세모이다크드롭초콜릿10KG
세미)아이스티시럽 레몬 2kg*6ea
세미)아이스티시럽 복숭아 2kg*6ea
세미)프로믹스바닐라5KG*2
세미)프로믹스초코5KG*2
세미원)관자쇼마이25g*40ea*10pk
세미원)두부모양피쉬볼500g*12pk
세미원)생선까스 60g*20ea*5pk
세미원)야채김말이튀김(25G*40)*10
세미원)야채김말이튀김(25G*40)*10
세미원)야채춘권(15G*60)*12
세미원)왕어혈교25g*40ea*10pk
세미원)일본풍감자고로케 30g*20ea*12pk
세미원)크랩향피쉬볼500g*12pk
세븐)다진고기1kg
세비앙 (럼주)
세비앙 (럼주)
세제(다목적 PB-1) 20 L
세프마스터-데코레이팅-펜
셰프마스터색소-골드20g
셰프마스터색소-골든옐로우20g
셰프마스터색소-네온브라이트그린20g
셰프마스터색소-네온브라이트블루20g
셰프마스터색소-네온브라이트옐로우20g
셰프마스터색소-네온브라이트오렌지20g
셰프마스터색소-네온브라이트퍼플20g
셰프마스터색소-네온브라이트핑크20g
셰프마스터색소-네이비블루20g
셰프마스터색소-딥핑크20g
셰프마스터색소-레드레드20g
셰프마스터색소-레몬옐로우20g
셰프마스터색소-로즈핑크20g
셰프마스터색소-민트그린20g
셰프마스터색소-버건디와인20g
셰프마스터색소-버크아이브라운20g
셰프마스터색소-블랙다이아몬드20g
셰프마스터색소-스카이블루20g
셰프마스터색소-조지아피치20g
셰프마스터색소-터키옥20g
셰프마스터색소-티얼그린20g
셰프마스터색소-퍼플20g
셰프마스터색소-플래시톤20g
소가루(코젠,분말시즈닝)680G*24EA
소가루(코젠,분말시즈닝)680G*24EA
소교)라이스페이퍼(원형16cm)_300g*30
소교)완두콩400g
소교)초고버섯(2.84kg*6)
소교)표고(채) 2.84kg*6(직송)
소교동죽순(홀)2.84kg*6
소교양송이(홀)2.84kg*6
소교영콘(420g*24)
소교죽순(채)2.84kg*6
소교죽순(편)2.84kg*6
소교죽순(홀)2.84kg*6
소교초고버섯(450g*24)
소교표고(채)2.84kg*6
소교표고(홀)2.84kg*6
소교황도슬라이스400g*24
소교후레쉬오이피클슬라이스3.1kg*6
소떡꼬치
소라와사비 500g
소리시알바실리코1Kg
소분 28 색지컵 2색(화이트/초코)/60EA
소분)SPC 건포도 1KG*10EA
소분)건조크란베리 1Kg*10
소분)설타나1kg
소분)유원 구운 아몬드슬라이스 1kg*12
소분)유원 구운아몬드 1kg*12
소분)유원 구운호두1/4태 1kg*12
소분)유원 볶음캐슈넛 1kg*10_푸드빌
소분)캔디드오렌지필1kg*10
소분)크랜베리 클래식(지앤엘) 2Kg*6
소불고기덮밥
소불고기양념(백설,10kg말통)
소사 36863.피스타치오페이스트 1kg
소사 37110.전화당리퀴드 1.4kg
소사 37309.글루코스리퀴드 1.5kg
소사 37945.오렌지블라썸워터(41500002) 100g
소사 38850.나투르에물 500g
소사 38894.옐로우펙틴 500g
소사 39028.소야휩 300g
소사 39464.글루코스파우더 500g
소사 48683 말토섹 500g
소스뚜껑PET2온스투명뚜껑100EA*25PK/BX
소스용기PET2온스투명용기100EA*25PK/BX
소스컵 1호 (70∅/소)/100EA
소스컵 1호 (70∅/소)/3000EA(1BOX)
소스컵 2호 (70∅/대)/100EA
소스컵 2호 (70∅/대)/3000EA(1BOX)
소스컵 3-1호 (75∅/대)/100EA
소스컵 3-1호 (75∅/대)/2000EA(1BOX)
소스컵 3-1호 (75∅/소)/100EA
소스컵 3-1호 (75∅/소)/2000EA(1BOX)
소스컵(PS)75파이*60_100EA*30PACK
소스컵70파이1호뚜껑_(100EA*30PK)
소스컵70파이1호뚜껑_(100EA*30PK)
소스컵70파이1호몸체(100EA*30PACK)
소스컵70파이1호몸체(100EA*30PACK)
소이 프로틴 너겟  ( ISP 너겟 ) 10Kg * 2
소프라브릭 카다이프
소프터 알파가
소프터 알파가
소프트넘버3
소프트앤후로즌라즈베리1kg
소프트앤후로즌라즈베리1kg
소프트앤후로즌블루베리1kg
소프트앤후로즌블루베리1kg
소프트앤후로즌크란베리홀1kg
소프트앤후로즌크란베리홀1kg
소형무스링_60*45_원형
소형무스매화
소형무스사각60*60*45
소형무스하트
손잡이 꼬지 10CM/100EA
손잡이 꼬지 10CM/20000EA(1BOX)
손잡이 꼬지 15CM/10000EA(1BOX)
손잡이 꼬지 15CM/100EA
손잡이 꼬지 18CM/10000EA(1BOX)
손잡이 꼬지 18CM/100EA
손잡이 지퍼 보냉백 250*300+60
손잡이형 컷팅보드 M
손잡이형 컷팅보드 XL
솔방울갑오징어절단40/60(베트남, 1.5-2cm)
솔비톨1Kg
솔빈산칼륨10kg
솔잎가루1kg
솔잎가루300g
솔티드 버터 이즈니 카라멜 밀크 팟 180g
솔티드 버터 이즈니 카라멜 밀크 팟 75g
솔티드 카라멜 고메 팝콘 60g
솔티드 카라멜 시럽 1kg
솔표)겨자분(캐나다)_200g*50
송월타올)행주(30*45) 10pk*10EA/BX
송월타올)행주(30*45) 10pk*10EA/BX
송월타올면행주중50EA/PK
쇠고기다시다(백설)1kg*10
쇼핑백_대_200*10
쇼핑백_중_200*15
숌 르 크레미에 250g
수박HPP주스 1kg
수박HPP주스 1kg  10개입 한박스
수박퓨레 포션 1kg
수복강녕 띠지/50EA
수수가루(생,국산)1kg
수수가루(생,국산)300g
수저(일회용_개별포장)100E*15P
수저(일회용_개별포장)100E*15P
수저집 KP / 85*255 (10000매)
수저집 KP / 85*255 (100매)
수저집/500EA
수제 쯔쿠네
수제바닐라 시럽  2.3kg
수제바닐라 시럽  500g
수제샌드위치휴대케이스P
수플레컵소
숙성 체다 190g
순금박 5.5*5.5cm
숫자 초 0/100EA(1BOX)
숫자 초 0/10EA(1갑)
숫자 초 0~9(숫자별)/10EA(숫자별각1갑)
숫자 초 1/100EA(1BOX)
숫자 초 1/10EA(1갑)
숫자 초 2/100EA(1BOX)
숫자 초 2/10EA(1갑)
숫자 초 3/100EA(1BOX)
숫자 초 3/10EA(1갑)
숫자 초 4/100EA(1BOX)
숫자 초 4/10EA(1갑)
숫자 초 5/100EA(1BOX)
숫자 초 5/10EA(1갑)
숫자 초 6/100EA(1BOX)
숫자 초 6/10EA(1갑)
숫자 초 7/100EA(1BOX)
숫자 초 7/10EA(1갑)
숫자 초 8/100EA(1BOX)
숫자 초 8/10EA(1갑)
숫자 초 9/100EA(1BOX)
숫자 초 9/10EA(1갑)
숫자초 0 10개
숫자초 0~9 각 1갑씩 10갑
숫자초 1 10개
숫자초 2 10개
숫자초 3 10개
숫자초 4 10개
숫자초 5 10개
숫자초 6 10개
숫자초 7 10개
숫자초 8 10개
숫자초 9 10개
숫자초0번
숫자초1번
숫자초2번
숫자초3번
숫자초4번
숫자초5번
숫자초6번
숫자초7번
숫자초8번
숫자초9번
숫자쿠키커터
쉐리 비네거 500ml
쉐어드토마토(4,180ml)
쉐어드토마토(425ml)
쉐프 세트 (4종)
쉐프루이스 골드럼
쉐프루이스 꼬냑
쉐프루이스 레몬
쉐프루이스 바나나
쉐프루이스 사과(칼바도스)
쉐프루이스 오렌지 꼬냑
쉐프루이스 커쉬(키리쉬)
쉐프루이스 트리플섹
쉐프루이스 트리플섹
쉐프솔루션냉동베이컨1KG*6EA(B2B)
쉬폰바닥지1호
쉬폰받침,봉투 1호-받침 100매
쉬폰받침,봉투 1호-봉투 100매
쉬폰받침,봉투 1호-세트(받침+봉투) 100매
쉬폰받침,봉투 2호-받침 100매
쉬폰받침,봉투 2호-봉투 100매
쉬폰받침,봉투 2호-세트(받침+봉투) 100매
쉬폰받침,봉투 3호-받침 100매
쉬폰받침,봉투 3호-봉투 100매
쉬폰받침,봉투 3호-세트(받침+봉투) 100매
쉬폰받침,봉투 미니-받침 100매
쉬폰받침,봉투 미니-봉투 100매
쉬폰받침,봉투 미니-세트(받침+봉투) 100매
쉬폰비닐1호
쉬폰팬1/2호
쉬폰팬1/2호 갓(착)
쉬폰팬1/2호 몸통(착)
쉬폰팬1호
쉬폰팬1호 갓(착)
쉬폰팬1호 몸통(착)
쉬폰팬2호
쉬폰팬2호 갓(착)
쉬폰팬2호 몸통(착)
쉬폰팬3호
쉬폰팬3호 갓(착)
쉬폰팬3호 몸통(착)
쉬폰팬미니
쉬폰팬미니 갓(착)
쉬폰팬미니 몸통(착)
슈가시럽1.5L_설탕시럽
슈가시럽1000ml
슈가통 85*50
슈레드피자치즈1Kg
슈레드피자치즈300g
슈레디드 해쉬브라운 감자 1.36kg * 6
슈믹스(500g)
슈믹스(지대)10kg
슈크림라떼믹스1Kg
슈퍼소프트엠
슈퍼스위트콘
슈퍼코트 벌크
슈퍼코트(1.25kg)
슈퍼코트E
슈퍼코트M50
스-Giuliano 블랙트러플오일 250ml(4%,사각병)
스-Granoro 링귀네(3번,디파세로)500g
스-그라노로 스파게티 500g
스나기모(근위)똥집 꼬치(30)
스노우맨 띠지/50EA
스노우맨 유산지 16.5*18/500EA
스노우쇼핑백 소 50매
스노우쇼핑백 중 50매
스노우트리 초/1EA
스마일 2종 스티커 1묶음(20장)/240EA
스마일 마스킹 테이프 KP/1EA
스마일 마스킹 테이프 크림/1EA
스마일 쇼핑백 화이트 스마일/10EA(장당450원)
스마일 초 옐로우/1팩(5개입)
스마일데이 PE 쇼핑백 소/1500EA(1BOX)
스마일데이 PE 쇼핑백 소/50EA
스마일데이 PE 쇼핑백 중/1300EA(1BOX)
스마일데이 PE 쇼핑백 중/50EA
스마일데이 띠지 옐로우/50EA
스마일땡쓰 띠지/50EA
스머커즈)딸기잼(포션)14g*200
스메그/지에라오븐 타공판(￠3)
스메그/지에라오븐팬
스-모나리 발사믹크림 500ml
스모크 치즈 200g
스모크 치즈 500g
스모크 치즈 디스크 100g
스모크드 로인 슬라이스 (카레스펙) 100g
스모크드 햄 슬라이스 (쉰켄스펙) 100g
스모크드 햄 플래터 (슬라이스 3종) 140g  ( 주문발주 )
스모크쿡드스펙
스모크후레바
스몰난
스-암브로시 페코리노로마노 200g
스위스벨리크림치즈1.36KG*10
스위스초콜릿 화이트1000  5Kg
스위스초콜릿 화이트1000  5Kg
스위스초콜릿 휀시1000  5kg
스위스초콜릿 휀시1000  5kg
스위트 러브 스티커 B-스위트러브(KP)/1묶음(12장)/48EA
스위트 러브바 스티커 B-스위트러브바(KP)/1묶음(8장)/90EA
스위트 로맨틱 은박 2종 스티커 1묶음(9장)/72EA
스위트밀크웨이분말 1kg
스위트치즈스프레드 1kg
스위트타르트83mm
스위트피클슬라이스(3.3kg*6)
스윗 데이 스티커 1묶음(20장)/200EA
스윗미니타틀릿(지름4.9cm) 240piece
스카모짜 스모크드 250g
스쿠아퀘렐로 125g
스키야끼타레
스타도우넛커터-PP
스타색지컵-뉴하트
스타색지컵-청홍
스타아니스홀 18g
스타양면계량스푼
스타핑 구김지 크라프트/500g
스탠 가격표 사각/소/5EA
스탠 가격표 사각/중/5EA
스탠 가격표 원형/소/10EA
스탠 가격표 원형/중/10EA
스탠다드 바게트
스탠드가격표링-대[30cm(10개)]
스탠드가격표링-미니 4cm (10개)
스탠드가격표링-소[10cm(10개)]
스탠드가격표링-중[20cm(10개)]
스탠드믹서600
스탠드손잡이 보냉백  (대) ( 50 )
스탠드손잡이 보냉백  (소) ( 50 )
스테릴가르다 동물성 휘핑크림 ( 파나 다 몬타레 ) 1L
스테릴가르다 마스카포네 치즈 1kg
스테릴가르다 마스카포네 치즈 200g
스테릴가르다 마스카포네 치즈 500g
스텐계량스푼롱2종
스텐높은타르트팬4호
스텐돌림판
스텐물솥(유압)
스텐스크래퍼 , 소
스텐스크래퍼 대
스텐실 포유
스텐실(B-39떡답례-4)
스텐실A-13올리버
스텐실A-14조각케익,러블릭
스텐실A-16도일리
스텐실A-17플라워가든
스텐실A-19마리
스텐실A-3곰돌이
스텐실A-5야옹이
스텐실A-8하트 (도매)
스텐실A-9웃어요
스텐실B-10문어2종세트
스텐실B-11다람쥐
스텐실B-12곰이신났다
스텐실B-13듬직한 곰
스텐실B-15몽글몽글 6종세트
스텐실B-16제이미표정 3종세트
스텐실B-17쌔근쌔근
스텐실B-1미니홈메이드
스텐실B-29플라워도일리
스텐실B-5올리버B
스텐실B-7달려라 영희야
스텐실B-8타이거
스텐실B-9오징어2종세트
스텐실붓4호
스텐이중밀가루체120mm
스텐쿠키커터-진저맨3종
스텐특수깍지12종세트
스텐후랑보아즈틀
스트라이프 그린 유산지 16.5*18/500EA
스트라이프 그린 유산지 25*35/500EA
스트라이프 그린 유산지 25*35/5500EA(1BOX)
스트라이프 리본 15mm/레드/1ROLL
스트라이프 리본 15mm/블랙/1ROLL
스트라이프 리본 25mm/레드/1ROLL
스트라이프 리본 25mm/블랙/1ROLL
스트라이프 할리데이 띠지/50EA
스트라키노 100g
스트링치즈2.5kg
스티치 골직 10 리본 다크그린화이트/1ROLL
스티치 골직 10 리본 레드화이트/1ROLL
스티치 골직 10 리본 베이지초코/1ROLL
스티치 골직 10 리본 올리브그린화이트/1ROLL
스티치 골직 10 리본 와인화이트/1ROLL
스티치 골직 10 리본 초코화이트/1ROLL
스티치 골직 10 리본 핫핑크화이트/1ROLL
스티치 골직 10 리본 화이트초코/1ROLL
스티치 골직 10 리본 화이트핑크/1ROLL
스티치 골직 15 리본 다크그린화이트/1ROLL
스티치 골직 15 리본 레드화이트/1ROLL
스티치 골직 15 리본 베이지초코/1ROLL
스티치 골직 15 리본 스카이네이비/1ROLL
스티치 골직 15 리본 스카이화이트/1ROLL
스티치 골직 15 리본 올리브그린화이트/1ROLL
스티치 골직 15 리본 와인화이트/1ROLL
스티치 골직 15 리본 초코화이트/1ROLL
스티치 골직 15 리본 퍼플화이트/1ROLL
스티치 골직 15 리본 핑크화이트/1ROLL
스티치 골직 15 리본 화이트초코/1ROLL
스티치 골직 15 리본 화이트핑크/1ROLL
스티치 골직 6 리본 다크그린화이트/1ROLL
스티치 골직 6 리본 레드화이트/1ROLL
스티치 골직 6 리본 베이지초코/1ROLL
스티치 골직 6 리본 올리브그린화이트/1ROLL
스티치 골직 6 리본 와인화이트/1ROLL
스티치 골직 6 리본 초코화이트/1ROLL
스티치 골직 6 리본 크림초코/1ROLL
스티치 골직 6 리본 화이트핑크/1ROLL
스티치 리본 택 타이 그린/5EA
스티치 리본 택 타이 옐로우/5EA
스티치 리본 택 타이 오렌지/5EA
스티치 타이 그린/10000EA(50봉)
스티치 타이 그린/200EA
스티치 타이 옐로우/200EA
스티치 타이 핑크/10000EA(50봉)
스티치 타이 핑크/200EA
스티치리본10mm 노랑
스티치리본10mm 브라운
스티치리본10mm 연핑크
스티치리본10mm 와인
스티치리본10mm 진핑크
스티치리본10mm 청록
스티치리본10mm 카키
스티치리본10mm 파랑
스티치리본10mm 핑크
스티치리본10mm 하늘
스티치리본10mm 회색
스티치리본5mm 레드
스티치리본5mm 브라운
스티치리본5mm 와인
스티치리본5mm 핑크
스티치리본타이 갈색 200개
스티치리본타이 노랑 200개
스티치리본타이 분홍 200개
스티치리본타이 빨강 200개
스티커 색동설날 1묶음(6장)/108EA
스티커 핸드메이드 크라프트타자체
스티커06아트지+인쇄
스티커09금지+금박
스티커1장
스티커210미라지+인쇄+금박
스티커91아트지+갈색+엑설런트
스티커투톤_핸드메이드
스틱 봉투 반투명 대/100EA
스틱 봉투 반투명 중/100EA
스틱 봉투 투명 대/100EA
스틱 봉투 투명 중/100EA
스틴스마)초코케익믹스파우더 20kg
스틴스마)크림케익믹스파우더 20kg
스파게티 넘버 5 500g
스파게티 알라치타라,E20
스파이시망고냉동냉동퓨레 1kg
스파이크롤러 스텐210*130
스파클링 모히또 330ml
스패드)고르곤졸라크럼블(500g*10ea)
스패드)고르곤졸라크럼블(500g*10ea)
스패드)램노스블루베리과일치즈(125g*12ea)
스패드)렘노스멜론&망고치즈(125g*12)
스패드)마우리 고르곤졸라 돌체블록 1.5KG*4EA
스패드)마우리 고르곤졸라 돌체블록 1.5KG*4EA
스패드)마우리 고르곤졸라돌체 포션(150g*8ea)
스패드)마우리 고르곤졸라돌체 포션(150g*8ea)
스패드)마우리 고르곤졸라피칸테 포션(150g*8ea)
스패드)마우리 고르곤졸라피칸테 포션(150g*8ea)
스패드)암브로시 그라나파다노블록 700g*8ea
스패드)암브로시 그라나파다노블록 700g*8ea
스패드)이고르고르곤졸라돌체블록(1.5kg*4)
스패드)이고르고르곤졸라돌체포션(150g*16)
스패드)이고르고르곤졸라피칸테블록(1.5kg*4)
스패드)이고르고르곤졸라피칸테포션(150g*16)
스패츌라 9인치
스패튤러 대(9인치)
스패튤러 미니
스패튤러(국산),L자 (220)
스패튤러(국산)-톱날,대
스패튤러(일),10인치 L자
스패튤러(일),6인치
스패튤러(일),7인치
스패튤러(일),8
스패튤러_미니___4
스패튤러3종세트
스페니쉬 초리조 300g
스페인 치즈 셀렉션 400g(150g, 150g, 100g)(이베리코 치즈, 만체고 치즈, 고트 치즈)
스페인 치즈 플레이트 150g(50g*3)(이베리코 치즈, 만체고 치즈, 고트 치즈)
스페츌라
스페큘로스향NG297X
스페클15kg
스페클5Kg
스포키(16cm)100EA*30
스푼 받침대
스푼검정(170) 개별_세븐스테이크
스푼스트로우(스푼빨대)혼합
스프레드블
스프레드블(16개입)
스프링 3종 스티커 1묶음(9장)/216EA
스피디팝팝콘오일3kg*2
슬라이스차슈
슬로프밀봉스텐
슬로프원형팬(스텐) 1호
슬로프원형팬(스텐) 2호
슬로프원형팬(스텐) 3호
슬로프원형팬1호
슬로프원형팬2호
슬로프원형팬3호
슬림 메탈릭토우칸 초 골드/실버/1팩(16개입)
슬림꽈배기 골드&실버 초 골드/실버/1팩(16개입)
슬림꽈배기 네온믹스 초 네온컬러/1팩(16개입)
슬림초 대(십년생1갑) 5개*100봉지
슬림초 소(일년생1갑) 5개*100봉지
시가야 낫또
시금치분말(국산)1kg
시금치페스토500g
시금치퓨레
시나모롤아동공기
시나모롤아동머그컵(전자레인지사용가능C120KR2)
시나몬 스틱 (15개입)
시나몬초코파우더 500g
시나몬파우더
시나몬파우더40g
시리얼커피 인카페프리미엄100g
시마야다시 1kg*10ea
시메사바
시몬 유산지 컵/500EA
시몬유산지컵 500ea P20 55*45
시시토마끼(꽈리삼겹)꼬치
시아스)골드마요네즈(파우치)_2kg*6
시아스)마오나 강정소스_2kg*6
시아스)마오나 게살볶음밥(1kg*10)
시아스)마오나 데미그라스소스_2kg*6
시아스)마오나 바베큐소스_2kg*6
시아스)마오나 새우볶음밥(1kg*10)
시아스)불닭소스(실온)_2kg*6
시아스)사우전드아일랜드드레싱골드_2kg*6
시아스)오리엔탈소스_2kg*6
시아스)할라피뇨바베큐소스2Kg*6
시즌즈후르츠믹스836g후르츠칵테일
시타 포마스오일(해바라기유) 5L
시타포마스오일(5L*4)
시트러스 에시드
시판칼(소)
식빵팬슬라이스
식소다
식소다(꼬미다,베이킹소다) 1kg
식품용 종이 방습제 1g/12000EA(1BOX)
식품용 종이 방습제 1g/2000EA
식품용 종이 방습제 2g/1000EA
식품용 종이 방습제 2g/8000EA(1BOX)
식품지 봉투 크라프트 2호/1000EA(1BOX)
식품지 봉투 크라프트 2호/100EA
식품지 봉투 크라프트 3호/1000EA(1BOX)
식품지 봉투 크라프트 3호/100EA
식품지 봉투 크라프트 5호/1000EA(1BOX)
식품지 봉투 크라프트 5호/100EA
식품지 봉투 화이트 2호/1000EA(1BOX)
식품지 봉투 화이트 2호/100EA
식품지 봉투 화이트 3호/1000EA(1BOX)
식품지 봉투 화이트 3호/100EA
식품지 봉투 화이트 4호/1000EA(1BOX)
식품지 봉투 화이트 4호/100EA
식품지2호
식품지3호
식품지4호
신문 HD 쇼핑백 대사각/100EA
신문 HD 쇼핑백 대사각/2000EA(1BOX)
신문 HD 쇼핑백 미니사각/200EA
신문 HD 쇼핑백 미니사각/4000EA(1BOX)
신문 HD 쇼핑백 직사각/100EA
신문 HD 쇼핑백 직사각/2000EA(1BOX)
신문 HD 식빵 봉투 38/200EA
신-불닭소스
신선한완두콩이씹히는완두콩스프(10개입)
신선한완두콩이씹히는완두콩스프(40개입)
신-세세리(닭목살)떡꼬치
신슈-시로미소(백된장)
신영)가람마살라(가보식품)_250g*8
신영)가람마살라(가보식품)_250g*8
신영)계피가루(베트남)_400g*12
신영)계피가루(베트남)_400g*12
신영)마늘분말(중국)_500g*12
신영)마늘분말(중국)_500g*12
신영)백후추홀 450G*12EA
신영)생강분말 400g*12ea
신영)오레가노럽드(오레가노홀,터키)_150g*12
신영)오레가노럽드(오레가노홀,터키)_150g*12
신영)오레가노분(터키)_350g*12
신영)케이젼스파이스 250G*8EA
신영)케이젼스파이스 250G*8EA
신영)케이젼스파이스_250g
신영)코리앤더그라운드(인도)_450g*12
신영)코리앤더그라운드(인도)_450g*12
신영)타임럽드(타임홀,터키)_180g*12
신영)타임럽드(타임홀,터키)_180g*12
신영)파프리카시즈닝(국산)_450g*12
신영)파프리카시즈닝(국산)_450g*12
신영)페페로치노홀(케냐)_1kg*6
신영)펜넬홀(씨드,인도)_300g*12
신영)피클링스파이스(수입산)_450g*12
신영)피클링스파이스(수입산)_450g*12
신영HS)닭육수농축액_1kg*10
신영HS)돈골농축액_1kg*10
신영HS)우골농축액_1kg*10
신영상회_풍원고구마전분 20KG
신우)훈제오리가슴살(200g*50ea)
신우)훈제오리슬라이스(중국산 800g*10)
신우)훈제오리완포(900g*10_중국산)
신원형금지무스받침 100매
신쿠키레이스 100매
신파운드팬 양면
신-하카타풍야끼교자
신형 HD 쇼핑백 초미니/100EA(장당26원)
신형 HD 쇼핑백 초미니/2000EA(1BOX/장당23원)
신형 초콜릿 내피 5*6(30구)/10EA
신형HD쇼핑백(1줄)
신형HD쇼핑백(2줄)
신형HD쇼핑백(3줄)
신형HD쇼핑백(미니)
신형HD쇼핑백(사각)
신형HD쇼핑백(초미니)
실론티파우더_500g
실리카겔1g
실리카겔3g
실리카겔3g
실리코마트GLOBE
실리코마트PILLOW
실리코마트STONE
실리코마트까눌레-대8구
실리코마트미니반구15구
실리코마트미니반구24구
실리코마트미니원통15구petits-fours
실리코마트반구6구
실리코마트반구6구
실리코마트반구8구
실리코마트사바린-중8구
실리코마트오발(대)8구
실리코마트오발(소)16구
실리코마트코엔도르12구
실리코마트폼포넷24구
실리콘 스페츌라 (18EA)
실리콘기름솔(와이어)
실리콘몰드4구_캐니멀
실리콘미니몰드6P
실리콘미니몰드8P
실리콘밀대
실리콘브러쉬
실리콘브러쉬
실리콘손잡이[동물]
실리콘알뜰주걱
실리콘오븐장갑
실리콘작업판600*400
실리콘짤주머니14
실리콘짤주머니16인치
실리콘패드B형 640*450
실리콘패드특대(흰색)
실리콘팬 반구6구 6cm
실리콘팬 반구6구 7cm
실리콘팬계란빵16구
실리콘팬곤충(대)8구__
실리콘팬곤충4종8구
실리콘팬곰돌이6구
실리콘팬곰얼굴6구
실리콘팬국화
실리콘팬까눌레15구
실리콘팬꽃푸딩6구
실리콘팬노루딕들꽃12구
실리콘팬동물앤자연12구
실리콘팬마카롱실리콘매트
실리콘팬부리오쉬12구
실리콘팬선물상자15구
실리콘팬성탄6종
실리콘팬원형주름4종
실리콘팬인기모듬6구
실리콘팬장미15구
실리콘팬주름원형-6P
실리콘팬투하트15구
실리콘팬하트
실리콘팬하트24구__
실리콘팬호박12구
실리콘페이퍼-46용 (10장)
실리콘페이퍼-일반용 (10장)
실면장갑(검정띠40g)20장 *30PK
실버 글리터시트지
실버 숫자 초 0/10EA(숫자별각1갑)
실버 숫자 초 1/10EA(숫자별각1갑)
실버 숫자 초 2/10EA(숫자별각1갑)
실버 숫자 초 3/10EA(숫자별각1갑)
실버 숫자 초 4/10EA(숫자별각1갑)
실버 숫자 초 5/10EA(숫자별각1갑)
실버 숫자 초 6/10EA(숫자별각1갑)
실버 숫자 초 7/10EA(숫자별각1갑)
실버 숫자 초 8/10EA(숫자별각1갑)
실버 숫자 초 9/10EA(숫자별각1갑)
실초大 10살용5개입
실초小 1살용5개입
실패드D (우녹스판용)
실패드D (우녹스판용)
실한천(국산)150g
쌀,죽향쌀,금성농협,국내산,20kg
쌀,참조은쌀,농협양곡,국내산,18년산,20KG
쌀,추청경기미,롯데상사,국내산,20KG
쌀,함평신동진쌀,농협양곡,국내산,20KG
쌍하트 픽/80EA
썬리 바로먹는 옥수수 450g*32ea
썬초이스)후룻믹스(후르츠칵테일)836g*12
썸띵 3종 스티커 1묶음(15장)/90EA
썸머 3종 스티커 1묶음(9장)/216EA
쑥분말1kg
쑥분말1kg(고운분말)
쓰레기63흰봉투(투명50L)50EA*20PK
씨21)Cebesa오징어먹물500g*18
씨21)데체코 꼰낄리에 500g*24/box
씨21)데체코 딸리아뗄레 500g*8
씨21)데체코 로뗄레 500g*24
씨21)데체코 리가토니 500g*24
씨21)데체코 리가토니 500g*24
씨21)데체코 삼색파르팔레 500g*12
씨21)데체코 삼색파르팔레 500g*12
씨21)데체코 스파게티 12호 1kg*12
씨21)데체코 스파게티니 1kg*12
씨21)데체코 엑스트라 버진 올리브유 1L*12
씨21)머쉬룸크림760g*6
씨21)메뉴 세미 선 드라이 토마토 800g*6
씨21)엔초비 720g*12
씨가 있는 패션후루츠냉동 퓨레
씨솔트카라멜팝콘_2.5kg
씨엘)튀긴마늘슬라이스 500g*12ea
아가베시럽660g
아뇰로틴 팔마지아노 레기아노
아다망스 냉동 라즈베리 퓨레 1kg
아다망스 냉동 코코넛크림 퓨레 1kg
아담스파마산4g*500(소포장)
아담스프리미엄파마산1kg*10
아레스유기농캐모마일삼각30티백
아레스유기농페퍼민트삼각30티백
아로니아주스750ml
아로마 트리플섹
아로마 파네토네
아르보리아  휘핑크림  1L*12pc/box
아르보리아 마스카포네 [1LX12ea]
아리바72%
아마구치 오코노미야끼소스 2.1kg
아마드)얼그레이홍차 100g
아마드)얼그레이홍차 100g
아마레나 체리 캔 1kg
아마레나체리
아메리칸 머핀믹스
아메리칸스타일스콘믹스 1kg
아메리칸스타일스콘믹스(벌크)_20kg
아몬드 프라린(50%) 5kg
아몬드, 헤이즐넛, 초코 크로캉 4kg
아몬드분말1kg
아몬드페이스트22%
아몬드프라린2kg
아몬드필링(캘리포니아아몬드페이스트)6.5kg
아미드펙틴(잼용) 1kg
아보카도 바나나 리플잼
아보카도 퓨레 500g
아브루가 55g
아비코)스킨온프라이감자,2kg*6
아비코)재킷웨지감자,2kg*6EA
아비코)크링클컷감자,2kg*6
아우디아 그릴드아티초크 2.9kg
아우디아 선드라이드토마토 1.55kg
아우리치오 프로볼로네돌체(컵) 150G
아우리치오 프로볼로네돌체스낵 140G
아우리치오 프로볼로네돌체슬라이스 100G
아이깨끗해250ml*18EA
아이러브유 초/12EA(곽)
아이러브유 초/1EA
아이러브유초 12개
아이리쿼_그리오틴
아이리쿼_그리오틴
아이리쿼_글렌터너위스키
아이리쿼_글렌터너위스키
아이리쿼_레미마틴
아이리쿼_레미마틴
아이리쿼_몽게이럼
아이리쿼_몽게이럼
아이리쿼_바닐라리쿼
아이리쿼_세인트제임스
아이리쿼_세인트제임스
아이리쿼_아마레또
아이리쿼_아마레또
아이리쿼_엑스오브랜디
아이리쿼_일데방럼
아이리쿼_커피술(데베냐 부나)
아이리쿼_코인트로40%-1L
아이리쿼_코인트로40%-1L
아이리쿼_코인트로40%-500ml
아이리쿼_코인트로40%-500ml
아이리쿼_키리쉬45%
아이리쿼_키리쉬45%
아이리쿼_포트샬롯스코티시발리
아이리쿼_포트샬롯스코티시발리
아이스/오븐몰드 GEL1
아이스/오븐몰드 GEL3
아이스/오븐몰드 GEL4
아이스/오븐몰드 GEL5
아이스100 20kg/pail
아이스께끼팩
아이스바6구
아이스캔디용팩
아이스크림 스푼 블랙/1BOX 10kg(6000~6200EA)
아이스크림 스푼 혼합/1BOX 10kg(6000~6200EA)
아이스크림 스푼 화이트/1kg(600~620EA)
아이스크림스쿱 ￠50
아이스크림제조기
아이케이)가래떡 11CM 2kg*10ea
아이케이)고두래냉면육수(일반)340ml*30ea
아이케이)고두래동치미육수340ml*30ea
아이케이)냉장 떡국떡 1.4kg*10ea
아이케이)핫이슈냉면비빔장2kg*6ea
아젤리아 35%
아주쿡)골드프레시오이피클슬라이스(3.1kg*6)
아즈끼(팥)향2011KR(1KG)
아쿠바디지털온도계 cs-101 블랙(방수)
아쿠바디지털온도계 cs-101 화이트(방수)
아쿠바디지털온도계 CS-102블랙
아쿠바디지털온도계 CS-102화이트
아쿠바아날로그타이머 틱톡
아쿠바주방저울
아크릴가격표 10*5 바구니 10개
아크릴가격표 10*5 아크릴L자 10개
아크릴가격표 9*4.5 신형바구니 10개
아크릴가격표 9*4.5 신형아크릴L자 10개
아트카레소스-냉동
아티초크 2.5Kg
아티초크보톰2.5Kg
아페리프레 코트 다쥐르 100g
아페리프레 프로방스 100g
안도아 누아 70% (유기농) 3KG
안드로스냉동바나나퓨레1kg
안드로스딸기리플잼1kg
안드로스딸기파이필링1kg
안드로스딸기파이필링1kg
안드로스라즈베리리플잼1kg
안드로스망고리플잼1kg
안드로스바나나리플잼1kg
안드로스베리믹스파이필링1kg
안드로스베리믹스파이필링1kg
안드로스복숭아리플잼1kg
안드로스블루베리리플잼1kg
안드로스사과리플잼1kg
안드로스청포도리플잼1kg
안드로스체리리플잼1kg
안드로스파인애플리플잼1kg
안심)탕수육소스용기P-850 50ea*12
안심)탕수육소스용기P-850 50ea*12
안심)탕수육소스용기뚜껑P-850 50ea*12
안심)탕수육소스용기뚜껑P-850 50ea*12
안토니오아마토스파게티500g*12
안티코 파르미지아노 레지아노 150g
안티코 파르미지아노 레지아노 1Kg
안티코 페코리노 로마노 150g
알땅콩(볶음,중국산)3.75kg
알땅콩(볶음,중국산)500g
알뜰반달주걱
알뜰주걱 95*210
알라)모짜렐라치즈9.2kg(2.3kg*4)
알루미늄컵 골드 100개
알루미늄컵 레드 100개
알루미늄컵 블랙 100개
알룬가5kg
알마스 캐비어 벨루가 12g
알마스 캐비어 벨루가 30g
알마스 캐비어 벨루가 500g  (주문발주)
알마스 캐비어 세브루가 12g
알마스 캐비어 세브루가 30g
알마스 캐비어 세브루가 500g  ( 주문 발주 )
알마스 캐비어 오세트라 12g
알마스 캐비어 오세트라 30g
알마스 캐비어 오세트라 500g  ( 주문발주 )
알비에로 그라나 파다노 150g
알비에로 그라나 파다노 1kg
알에스190(1kg)
알파벳쿠키커터26p
알파콘1kg
알파콘5Kg(옥수수파우더)
알프센 라끌라떼스위스휠 약5.5KG
알프센 라끌라떼슬라이스 150G
알프센 르그루이어 200g
알프센 르그루이어블럭 약3KG
알프센 아펜젤러 200G
알프센 에멘탈러스위스 200G
알프센 테트드무안 약0.9kg
암비안떼1L-화이트
암크러스트10kg
앙금헤라 170L (=170(L) × 30(D)
앙상블 치즈 망고&무화과 (7g*18ea) 126g
앙상블 치즈 초리조 (7g*18ea) 126g
앙상블 치즈 플레인 (7g*18ea) 126g
앙탕스다크초콜릿4kg 66.4%
애니멀 정사각 2종 스티커 1묶음(7장)/56EA
애니멀 트레이 대/100EA
애니멀 트레이 대/10EA
애니멀 트레이 중/100EA
애니멀 트레이 중/10EA
애플 리플잼
애플 택 그린/10EA
애플 택 레드/10EA
애플 택 블루/10EA
애플 택 오렌지/10EA
애플 택 초코/10EA
애플 택 카키/10EA
애플 택 퍼플/10EA
애플시나몬 청크잼 (1kg)
애플파이팬_피막
액상사워종플러스2kg
앵커 뉴질랜드 탈지분유 800g*12ea
앵커 뉴질랜드 혼합전지분유 800g*12ea
앵커 락틱버터 9.08kg(454g*20)
앵커 쉐프스 휘핑크림(1ℓ*12)_네덜란드
앵커 천연버터 5KG*4
앵커 체다슬라이스치즈 15.36kg(960g*16ea)
앵커버터454g
앵커버터454g
앵커버터시트20KG(1KG*20EA)
앵커크림치즈 1kg
앵커크림치즈 1kg*12ea
앵커크림치즈 5kg*4ea
앵커휘핑크림(1ℓ*12)
야마사고이구찌간장-1.8L
야마사우스구찌간장 1.8L
야마에 고이구찌간장
야마에 사시미간장
야마에 우스구찌간장
야마이모 오코노미야끼
야마이모가라아게
야마히데덴가스립_1kg*12
야마히데덴가스립_1kg*12
야사이노우마니(토란)
야채 코팅지 30*30/1000EA
야채주스750ml
야타이오뎅세트(20)-오뎅모듬
양겨자(천우)200g*50
양겨자(천우)200g*50
양념민물장어(10미,10KG(중국산))
양면계량스푼2P
양면날개컵
양송이분말(국산)1kg
양송이분말(국산)200g
양송이스프(180g)(10개입)
양송이스프(180g)(40개입)
양송이슬라이스_씬 10kg
양장피채(녹두) / 200g * 30pk
양지뜰) 사골분말 20kg
양지뜰)사골분말10kg
양지뜰)사골분말500g*10
양파분말_500g*12
양파분말_500g*12
양파분태(2x2,국산)1kg
양파분태(2x2,국산)300g
양포 L형 오렌지 230 오렌지/1000EA
양포 L형 와플 130/1000EA
양포 L형 크라프트 130/10000EA(1BOX)
양포 L형 크라프트 130/500EA
양포 L형 크라프트 150/500EA
양포 L형 크라프트 150/6000EA(1BOX)
양포 L형 크라프트 180/5000EA(1BOX)
양포 L형 크라프트 180/500EA
양포 L형 화이트 130/10000EA(1BOX)
양포 L형 화이트 130/500EA
양포 L형 화이트 150/500EA
양포 L형 화이트 150/6000EA(1BOX)
양포 L형 화이트 180/5000EA(1BOX)
양포 L형 화이트 180/500EA
양포 L형 화이트 230/500EA
어드벤티지 쿠킹크림
얼개미중간망
얼그레이 (프랄린)
얼그레이 홍차20티백
엉근체
엉근체_중
에노코마키(팽이삼겹)꼬치
에담 슬라이스 150g
에담 포션 250g
에담치즈향 0120-V(1kg)
에뜨왈)스페셜블렌드 500g*10
에뜨왈)하우스블렌드500g
에리스리톨 결정 20Kg 미국
에멘탈 135g
에멘탈 블록 3Kg
에멘탈 슬라이스 150g
에멘탈러 포션 200g
에멘탈치즈[가는슈레드1.8*1.8*20]750g
에멘탈치즈[다이스9.6*9.6*9.6]1kg
에멘탈치즈[블록72*90*260]3kg조합
에멘탈치즈[슈레드3.2*3.2*25]
에멘탈치즈[슬라이스72*90*1.8]
에멘탈치즈스프레드
에버휩(everwhip)
에버휩(백인) 10kg
에버휩AS(백인)
에버휩AS-1030g
에버휩F(1030g)
에버휩F(백인)
에비스아게
에스엠)칼라체다치즈(2.5kg*4)
에스와이블루No50
에스와이옐로우칼라No1732
에스텔(18kg)
에스텔(1kg)[SIB에스피]
에스페셜리 타이 KP(그린)/1000EA(1봉)
에스페셜리 타이 브라운/1000EA(1봉)
에스페셜리 타이 퍼플/1000EA(1봉)
에스푸나 미뉴에츠 초리조 40g
에스푸나 미뉴에츠 푸에 40g
에스푸나 살라미 슬라이스 100g
에스푸나 살치촌 엑스트라 100g
에스푸나 살치촌 엑스트라 50g
에스푸나 살치촌 키콘 50g x 2
에스푸나 세라노 하몽 슬라이스 100g
에스푸나 세라노 하몽 슬라이스 50g
에스푸나 잠봉 슬라이스 100g
에스푸나 잠봉 슬라이스 340g
에스푸나 초리조 드 하몽 50g
에스푸나 초리조 벨라 50g x 2
에스푸나 초리조 엑스트라 100g
에스푸나 초리조 엑스트라 50g
에스푸나 하몽 거치대 및 칼 세트
에스푸나 하몽 위드 본 8.5Kg
에어로탑1L *12 ea
에어캡슐50m
에이원카프)딸기 리플잼 1KG*10EA
에이원카프)딸기 리플잼 1KG*10EA
에이원카프)블루베리 리플잼 1KG*10EA
에이원카프)블루베리 리플잼 1KG*10EA
에이원카프_그린칼라SG8410 _2KG
에이원카프_레드칼라CG1_2KG
에이원플러스500g
에코미 플레인 물티슈 400EA/BX
에콰도르 아마조니아 75%
에콰도르 코코아버터
에콰도르 화이트 초콜렛
에클레어받침(피스12/15) 피스12 100매
에클레어받침(피스12/15) 피스15 100매
에클레어받침(피스12/15) 피스15용 투명케이스 50개
에티오피아 모카하라골드 200g
에틸바니린 1Kg 중국
에포크 P.D.O페타치즈 200G
에포크 P.D.O페타치즈 2KG
에푸아스 250g
에프디딸기파우더 1kg ( 91% )
에프디딸기파우더100g  ( 국산100% )
에프디딸기파우더1kg ( 100% )
에프디딸기파우더200g
엑셀(500g)
엑셀(지대)_10kg
엑셀런스쿠킹크림 1L
엑셀런스휘핑크림(1L)
엑스트라 다크 컬스 초콜릿 1kg
엑스트라드라이버터
엑스트라버진올리브오일5L
엔젤인스탄트이스트 레드500g
엔젤팬-대
엔젤팬-소
엔젤헤어체다F(1kg*6pk)
엔조이 롱 2종 스티커 1묶음(8장)/32EA
엘 파오 다크 커버춰 58%
엘르&비르 가염 버터 200g
엘르&비르 버터 200g
엘르&비르 소프트 버터 250g
엘르&비르 휘핑 크림 500ML
엘르바이르 크림치즈(프랑스산)
엘보우
엘케 )  자연종이호일 30cm * 20m
엘케 ) 종이호일 33cm * 20m
엠디에스)링컨소시지(1kg*10)
엠디에스)소떡소스(2kg*5)
엠디에스)쌀떡꼬치(1.3kg*8)
엠디에스)치킨후레이크꼬치(1kg*10)
엠보 깔지 사각 10인치/1000EA(1BOX)
엠보 깔지 사각 10인치/100EA
엠보 깔지 사각 12인치/1000EA(1BOX)
엠보 깔지 사각 12인치/100EA
엠보 깔지 사각 13인치/1000EA(1BOX)
엠보 깔지 팔각 10인치/1000EA(1BOX)
엠보 깔지 팔각 12인치/1000EA(1BOX)
엠보 깔지 팔각 13인치/1000EA(1BOX)
엠보그 그릭스타일 치즈 인 오일위드 올리브 앤 허브 100g
엠보그 그릭스타일 치즈 인 오일위드 허브 앤 스파이스 100g
엠보그 까망베르 125g
엠보그 다나 블루 100g
엠보그 더치 고다 슬라이스 200g
엠보그 마일드 체다 슬라이스 200g
엠보그 브리 125g
엠보그 사우어 크림 1L
엠보그 스위스 에멘탈 슬라이스 200g
엠보그 아메리칸 체다 슬라이스 400g
엠보그 에담 웨지 230g
엠보그 에담 웨지 230g
엠보그 에멘탈러 200g
엠보그 이탈리안 모짜렐라 슬라이스 400g
엠보그 치즈 트라이앵글 140g (8포션)
엠보그 쿠킹크림 200mL
엠보그 크림치즈 1.36kg
엠보그 크림치즈 13.6kg
엠보그 포션버터 8g*200ea
엠보그 플레인 요거트 1L
엠보그 하바티 슬라이스 150g
엠보그 휘핑크림 200mL
연성 치즈 슬라이서
연합)초데리소스(일회용)_(6g*200EA)*10
열대과일냉동퓨레(100%) 1kg
열대과일믹스1kg
열대과일믹스1kg
열대과일믹스1kg
열대과일믹스300g
열대과일믹스A_5Kg
열대과일믹스A_5Kg
영문 HD 화이트 손잡이 쇼핑백/200EA
영문 HD 화이트 손잡이 쇼핑백/5EA
영문 M 쿠키 봉투/100EA
영문 M 쿠키 봉투/2000EA(100*20묶음)
영문 왁스페이퍼 25*35 브라운/250EA(1봉)
영문 왁스페이퍼 25*35 화이트/250EA(1봉)
영문 유산지 25*35 그린/500EA
영문 유산지 25*35 그린/50EA
영문 유산지 25*35 그린/5500EA(1BOX)
영문 유산지 25*35 초콜릿/500EA
영문 유산지 25*35 초콜릿/50EA
영문 유산지 25*35 초콜릿/5500EA(1BOX)
영문 유산지 25*35 화이트/500EA
영문 유산지 25*35 화이트/50EA
영문 유산지 25*35 화이트/5500EA(1BOX)
영미)고추맛기름1.8L*8
영미)대두유세트1호(1.8*2)*4
영미)대두유세트1호(1.8*2)*4
영미)옥배유세트1호(1.8*2)*4
영미)옥배유세트1호(1.8*2)*4
영인)디벨라 리가토니 500g*24
영인)디벨라 리조 1kg*10
영인)디벨라 스파게티(8호) 500g*24
영인)디벨라 엑스트라 버진 올리브오일 500ml*12
영인)디벨라 홀 토마토(2.5kg*6)
영인)바질페스토500G*6
영인)세미 선 드라이 토마토 290g*12
영칼로리)라이스 버미샐리1mm)_400g*30ea
옐로우 스마일 3종 스티커 1묶음(11장)/198EA
옐로우 스마일 유산지 16.5*18/500EA
옐로우 스마일 유산지 25*35/500EA
옐로우 스마일 초 메롱/1EA
옐로우 스마일 초 윙크/1EA
옐로우 스마일 초 하트/1EA
옐로우 스마일 초 해피/1EA
옐로우 스마일 픽/30R(4EA)
옐로우베이스1.7Kg
옐로우초코펜20g
옐로우콘또띠아SI 5kg
옐로우콘또띠야
오가닉 가염 버터 브릭 200g
오가닉 버터 브릭 200g
오간디 25 리본 그린/1ROLL
오간디 25 리본 레드/1ROLL
오간디 25 리본 블랙/1ROLL
오간디 25 리본 오렌지/1ROLL
오간디 25 리본 퍼플/1ROLL
오간디 25 리본 화이트/1ROLL
오거닉 코튼 야채백
오곡파우더1Kg
오공)마스킹테이프(25mm*40M, 56EA)
오공)마스킹테이프(25mm*40M, 56EA)
오디분말(국산)1kg
오디분말(국산)200g
오딧세이프리4.5KG
오뗄)본레스햄S(288g*20)
오뗄)수비드학센(750g*10)
오뗄)순살후라이드치킨(1kg*10)
오뗄)스모크햄(다이스)(1kg*10)
오뗄)오팜8mm슬라이스(1kg*10)
오뗄)토로나치킨(550g*10)
오뗄)페퍼로니(A급)(1kg*10_트레이)
오뗄)포크토핑그레뉼(1kg*10)
오뗄)포크토핑그레뉼(1kg*10)
오뗄)피자페퍼로니_진공(1kg*10)
오뗄)피자페퍼로니_진공(1kg*10)
오뗄)한입핫도그(1kg*8)
오뗄햄슬라이스1kg
오뚜기)겨자분(겨자:캐나다산)_200g*20
오뚜기)딸기쨈500g*12
오뚜기)마요네즈(은박)3.2kg*4ea
오뚜기)마요네즈골드(스파우트)3.2kg*4
오뚜기)미향_1.8L*6
오뚜기)미향_18L
오뚜기)사과식초(PET)_900ml*15
오뚜기)사과식초_18L
오뚜기)스테이크소스(PET)_2.1kg*6
오뚜기)식당용케찹(스파우트)_3.3kg*4
오뚜기)식당용케찹(캔)_3.3kg*6
오뚜기)식당용케찹(캔)_3.3kg*6
오뚜기)식당용케찹(파우치)_3kg*6
오뚜기)야채스프_1kg*10
오뚜기)양조식초1.8L*6
오뚜기)연와사비(튜브)_100g*24
오뚜기)오뚜기카레(매운맛)_1kg*10
오뚜기)오뚜기카레(매운맛)_1kg*10
오뚜기)오쉐프스파게티소스_3kg*6
오뚜기)이금기바베큐소스_240g*12
오뚜기)이금기바베큐소스_240g*12
오뚜기)이금기중화XO소스_220g*12
오뚜기)이금기중화XO소스_220g*12
오뚜기)이금기중화두반장 2,040g*6
오뚜기)이금기황두장_368g*12
오뚜기)제과제빵마요네즈1Kg
오뚜기)카레(약간매운맛)_1kg*10
오뚜기)크림스프_1kg*10
오뚜기)타바스코핫소스_350ml*12
오뚜기)토마토케찹소포장(9g*1000)
오뚜기)하이라이스_1kg*10
오뚜기)현미식초(PET)_1.8L*6
오뚜기)현미식초(PET)_1.8L*6
오뚜기고소한참기름1L*8
오뚜기고소한참기름1L*8
오뚜기베이킹파우더300g
오란다대_155(L) × 75(D) × 65(H)
오란다소
오레가노분말100g
오레가노분말1kg
오레가노분말500g
오레가노홀 12g
오렌지 각대봉투 소
오렌지 각대봉투 소
오렌지 각대봉투/100EA
오렌지 각대봉투/2000EA(1BOX)
오렌지 타르트(72개입)
오렌지농축액 500g
오렌지라인 유산지 16.5*18/500EA
오렌지럼 (프랄린)
오렌지에센스80g
오렌지엣센스500g
오렌지제스트
오렌지제스트500g
오렌지콩크500g
오렌지페이스트
오렌지퓨레 1kg (프랑스)
오리지널크림치즈 1.36kg
오리지널크림치즈 벌크
오리진 플레르드카오 5kg
오믈렛-마이클푸드
오미베리 베리티(325ml)
오미베리 스파클링(325ml)
오미베리 오리지널(500ml)
오미베리 포카페리치(1000ml)
오발 싱글몰드(양면)
오븐베이크포크칙
오븐온도계300도_TW1504
오븐장갑 (스타,방열) 340*160 / 한쌍
오븐크리너명품20kg
오븐판양면_430
오븐표준집게-MIB
오셀카버터500g * 10개입 한박스
오씨아니레드키드니빈2.5kg*6
오씨아니레드키드니빈400g*24
오양 숫불구이맛 소시지 1Kg * 10
오정 적색102호 500g
오정 적색2호 500g
오정 적색2호 50g
오정 적색3호 500g
오정 적색3호 50g
오정 적색40호 500g
오정 청색1호 500g
오정 청색1호 50g
오정 혼합녹색 500g
오정 혼합녹색 50g
오정 황색4호 500g
오정 황색4호 50g
오정 황색5호 500g
오지상 혼미림1L(12)
오징어먹물색소(465g)
오징어먹물추출분말100g
오징어블랙겔100g
오징어블랙겔500g
오징어타코컷(800g)
오코노미야끼260-해물
오코노미야끼350-해물
오코타코하나케즈리 500g
오크라노고마아에(오크라)
오타코마요소스
오텐틱듀럼1kg
오트리 고메 넛버터 땅콩 스무스 230g*15/Box
오트리 고메 넛버터 땅콩 크런치 230g*15/Box
오트리 고메 넛버터 아몬드 스무스 230g*15/Box
오트리 고메 넛버터 아몬드 크런치 230g*15/Box
오트리 냉동 캔탈로프 멜론 다이스 1kg/10Pack
오트리 냉동 캔탈로프 멜론 다이스 1kg/Pack
오트리 연유베이스 1L*8/Box
오트리냉동레몬퓨레 1kg
오트리냉동세미캔디드체리 1kg
오트리냉동세미캔디드체리 1kg
오트리호두베이스 1kg
오트밀 식사용 500g x 5
오트밀(제과용)22.68kg
오트밀_제과용_압착귀리1kg
오트밀분말(볶음) 1kg
오트밀분말(볶음)500g
오틀리 바리스타
오틀리 초코(1L)
오팔리스 진주 크런치 3KG
오페라 냉동 부라타 100g
오페라 냉동 부라타 125g
오프스라잇38%
오프스블랑35%(2kg)
오픈 스티커 1묶음(7장)/210EA
오피피1개입_영문화이트 접착봉투 ( 500매 )
오피피쿠키무지9*10+4  ( 500매 )
옥산리얼그레이티드파마산치즈227g*24
옥수수레진N(1kg)
옥수수레진N(5kg)
옥수수맛전분300g
옥수수스프(200g)(10개입)
옥수수스프(200g)(40개입)
옥수수식빵팬
옥수수크런치(1.5kg)
온탑340g*12
올 아메리칸 블랜드(All-American Blend)
올덴버거 무가염버터 250g*20ea/box
올덴버거 무가염버터 250g*20ea/box
올덴버거무가염미니버터9.6KG(10g*240ea*4
올레디저트 스윗라운드
올레디저트 스윗미니라운드
올레디저트 스윗미니스퀘어(사각형)
올레디저트 스윗스퀘어(사각형)
올레타파스 60서클
올리버 야끼소바소스
올리버 오코노미야끼소스
올리버 토마토 돈까스소스(6)
올리베이라 다 세하 고메 올리브유
올리베이라 다 세하 바이오 올리브유
올리브 발사믹 비네그레트
올리브 오일 프레쉬 펄 55g
올리브오일 엑스트라 버진
올림푸스(페이스트리용) 5kg
와규꼬치
와규함박스테이크(1kg*10ea)
와사비마요
와일드블루베리(1kg)
와플&핫케이크 시럽 1kg
와플믹스2-10Kg
와플양포
왁스페이퍼(브라운)
왁스페이퍼(흰색) _필기체 25*35
왁시브레드KC
완)프렌치크로아상55g*30ea
완두콩1kg
완두콩스프(9kg)
완두콩퓨레
외국산 고구마 다이스 2Kg
외국산 고구마 다이스 2Kg
요거트드레싱
요고N요구1Kg
요구르트페이스트(냉동) 1kg
요리바바오이피클슬라이스3kg*6
용기) HG-651(검정) 600EA/BX(FR)
용기) HG-652(검정) 600EA/BX(FR)
용기) HG-653(점정) 600EA/BX(FR)
용기) HG-656(검정) 600EA/BX(FR)
용호)서브큐종이컵184ml(50개*20봉)
우농 유탕고구마2kg
우니코1(젤라틴믹스춰) 2kg
우니코3(젤라틴믹스춰) 2kg
우동아게(30매)
우리농산물로만들어더욱구수한우리멀티믹스 2kg
우리밀전립분믹스1kg
우리밀전립분믹스2.5Kg
우리밀호떡(400g*10)
우림딸기쨈3KG*6
우림사과쨈3KG*6
우미플러스(2kg*6)
우시즈-고보마끼
우시즈-미도리볼
우시즈-사각사쯔마(가쿠텐)
우시즈-사쯔마아게
우시즈-삼색꼬치
우시즈-생선두부튀김
우시즈-시로볼
우시즈-아카볼
우시즈-야사이사쯔마
우시즈-이와시버거
우시즈-이자카야오뎅세트-오뎅모듬
우시즈-이카마끼
우시즈-이카볼(오징어볼)
우시즈-흰살생선튀김
우시즈-흰살생선튀김
우엉분말1kg
우엉분말300g
우유버터
우유식빵팬 유압양면_300*95*95
우지마차믹스(100g)
우지마차믹스파우더(1kg)
울금분말1kg
울금분말300g
울스텐수세미(13*9cm)낱개(1BX=500개입)
울트라다크엠2kg
울트라씬에멘탈슈레드(1.2kg)
울트라화이트엠
움트리)강와사비분_200g*40(10ea*4case)
움트리)강와사비분_200g*40(10ea*4case)
움트리)프리미엄강겨자(일회용)_(3g*200EA)*8
움트리_초고추장13kg
웅진식기세척기용린스20L
웅진식기세척기용세제20L
원더풀베어 각대봉투/100EA
원더풀베어 각대봉투/2000EA(1BOX)
원더풀베어 쇼핑백/25EA
원더풀베어 펄프도시락(B03)/50EA
원목네일꽂이
원목네일꽂이_
원목네일꽂이2구
원터치 창 식빵 봉투/50EA
원형 금지무스받침 100매
원형 냄비받침
원형 떡 케이스 블랙/50EA
원형 떡 케이스 화이트/50EA
원형 유리용기 1600ml
원형 유리용기 190ml 3세트
원형 유리용기 2600ml
원형 유리용기 620ml
원형 유리용기 770ml
원형 핸드메이드 3종 스티커 1묶음(10장)/180EA
원형PET주름컵 블랙숫자 300개
원형PET주름컵 빨강체크 300개
원형PET주름컵 스윗초코 300개
원형PET주름컵 전원풍경 300개
원형PET주름컵 풍차 300개
원형PET주름컵 핑크리본 300개
원형채반 352*25
원형택 7종 1번 50매
원형택 7종 2번 50매
원형택 7종 3번 50매
원형택 7종 4번 50매
원형택 7종 5번 50매
원형택 7종 6번 50매
원형택 7종 7번 50매
원형팬1호 양면_150(Φ) × 45(H)
원형팬2호
원형팬3호양면_210(Φ) × 45(H)
원형팬4호
원형팬5호양면_270(Φ) × 45(H)
원형팬미니
원형푸드메쉬(220)
원형푸드메쉬(240)
원형푸드메쉬(280)
원효)고추절임(산고추)_500g*20ea(중국)
원효)고추절임(산고추)_500g*20ea(중국)
원효)고추절임(산고추)_500g*24ea(중국)
원효)고추절임(산고추)_500g*24ea(중국)
월드믹스
월드버터컴파운드  9Kg
월량도라오천추420ml*12
웬슬리데일 크랜베리 190g
웰가 에스피 5kg
웰빙랜드)새찬오이피클슬라이스(캔)3kg*6
웰빙랜드)새찬일회용피클80g*168
웰푸드버터콤파운드4.5KG
웰푸드버터콤파운드4.5KG
위생모자 중/1EA
위생모자 중/20EA
위생봉투 대 1000매
위생봉투 소 1000매
위시본)이탈리안드레싱_473ml*12
위즈웰컨벡션전기오븐53
윈덱스660ml*12
윈덱스660ml*12
윌리엄배퓨레1Kg (프랑스)
윌튼 아이싱칼라 12종세트-미니
윌튼레쉬피식빵팬-대
윙크 스마일 2종 스티커 1묶음(20장)/160EA
유기농 기버터 230g
유기농 미니 크림치즈 120g (24g X 5pc)
유기농 스파클링 블러드 오렌지 275ml
유기농 정향30g
유기농 통밀가루(지대)-밥스레드밀
유기농 통밀가루(지대)-허트랜드밀
유기농 통밀가루_1kg
유기농오트밀(귀리 100%,미국산) 5kg
유기농이든녹차가루1kg
유니레버)몬다민루화이트_1kg*6
유니레버)크노르데미그레이스소스믹스_800g*6
유니스폰지10Kg
유니크) 바닐라 엣센스 500g
유니크) 바닐라 엣센스 500g
유니크) 바닐라 오일 500g
유니크) 바닐라 오일 500g
유니크림10Kg
유데야끼소바면-5인분
유레알모짜렐라치즈(2.5k*4)
유로커스타드(지대)10Kg
유로팜 버터_10KG/BOX
유리 계량컵 (1000ml)
유리 계량컵 (200ml)
유리 계량컵 (500ml)
유백  대    ( 100매 )
유백  특대  ( 100매 )
유백 HD 봉투 대/100EA
유백 HD 봉투 소/100EA
유백 HD 봉투 중/100EA
유백 HD 봉투 특대/100EA
유산지 37.5*50/2000EA(한연)
유산지 37.5*50/50EA(1ROLL)
유산지 40 색지컵 백색유산지/200EA
유산지 40 색지컵 초코유산지/200EA
유산지 45 색지컵 백색유산지/200EA
유산지 45 색지컵 초코유산지/200EA
유산지 55 색지컵 백색유산지/200EA
유산지 55 색지컵 초코유산지/200EA
유산지(머핀컵55-갈색)
유산지(머핀컵55-녹색)
유산지(머핀컵55-보라)
유산지컵25mm 초코
유산지컵28mm 녹색
유산지컵28mm 연두
유산지컵28mm 흰색
유산지컵33mm 분홍*330매
유산지컵33mm 초코* 500매
유산지컵40mm 흰색
유산지컵45mm 흰색
유산지컵55mm 초코
유산지컵55mm 흰색
유산지컵55흰색
유산지컵55흰색 _ (200매)
유원) 백아몬드분태 10kg
유자분말1kg
유자생모레크림치즈조각케익
유자제스트500g
유자폰즈후레쉬 2kg
유자퓨레(18kg)
유자퓨레(500g)
유자필700g
유청분말300g
유통기한 스티커 1묶음(6장)/84EA
유한 펑크린 2L*6/BX
유한 펑크린 2L*6/BX
유한락스 2L*6EA
유한락스 2L*6EA
유한락스)욕실청소용(스프레이) 500ML*12EA/BX
유한락스)욕실청소용(스프레이) 500ML*12EA/BX
유한락스)욕실청소용(스프레이) 500ML*20EA/BX
유한락스)욕실청소용(스프레이) 500ML*20EA/BX
유한락스)주방청소용(스프레이) 500ML*12EA/BX
유한락스)주방청소용(스프레이) 500ML*12EA/BX
유한락스)주방청소용(스프레이) 500ML*20EA/BX
유한락스)주방청소용(스프레이) 500ML*20EA/BX
육각손잡이 스윗홀릭 50개
육각손잡이 스윗홀릭+OPP22*32 50개
육각손잡이 플라워 50개
육각손잡이 플라워+OPP22*32 50개
은박 5.5*5.5cm_4절
은박 베이킹컵 40mm/200EA(1갑)
은박 베이킹컵 50mm/200EA(1갑)
은박 파운드 컵 대/100EA
은박장파운드
은박컵10P
음료수용종이컵_10온즈
음료수용종이컵세트_16온즈
이가자연)냉동면생지 (200g*10ea)*10pk
이금기 중화 두반장 368g
이금기 치킨파우더 1kg*12개
이금기 팬더 굴소스 510g
이금기 팬더 굴소스 2,270g*6개
이금기 프리미엄 굴소스 2,270g*6개
이금기중화고추마늘소스(226g*12)
이금기중화매실소스260g*12개
이금기중화매실소스260g*12개
이금기중화해선장2,270g*6개
이금기중화해선장2,270g*6개
이금기중화해선장240g*12개
이금기프리미엄노추(노두유)500ml*12병
이금기프리미엄노추(노두유)500ml*12병
이까게소 오징어 다리튀김
이나야5kg
이단접이 리본 (3개입) 크림+그레이+초코/3EA(1봉)
이단접이 리본 (3개입) 피치핑크+레드+블루/3EA(1봉)
이단접이 리본 (50개) 블루/50EA
이단접이 리본 (50개) 웜그레이/50EA
이단접이 리본 (50개) 초코/50EA
이단접이 리본 (50개) 피치핑크/50EA
이든고구마시럽1kg
이든녹차가루100g
이든녹차가루200g
이든녹차라떼500g
이든녹차밀1kg
이든딸기시럽500g
이든메론시럽
이든바나나시럽500g
이든블루베리시럽500g
이든전란분말(프랑스)300g
이든천연색소시리즈 20g (9종)
이든타운)가쓰오부시분말 1kg
이든타운)단호박분말(국산)1kg
이든타운)오트밀(두미S) 500g*40
이든타운)오트밀(두미S) 500g*40
이든타운)치자분말 1kg*10ea
이든타운)치자분말 1kg*10ea
이든홍삼원 1kg
이든홍차라떼500g
이바라)그린피티드올리브3kg*6
이바라)블랙피티드올리브3kg*6
이바라)엔초비스터프드올리브 240g*12
이베리코 베요타 살치촌 슬라이스 80g
이베리코 베요타 초리조 1kg
이베리코 베요타 초리조 슬라이스 80g
이베리코 베요타 팔레타 슬라이스 50g
이베리코 베요타 하몽 슬라이스 80g
이베리코 베요타 하몽 핸드컷 슬라이스 100g (42개월 숙성)
이베리코 베요타 하몽 핸드컷 슬라이스 60g(42개월 숙성)
이베리코 베요타 하몽 홀 7Kg
이베이킹) 몰드 꽃 (일본)
이베이킹) 몰드 나뭇잎 (일본)
이베이킹) 몰드 다이아 (일본)
이베이킹) 몰드 하트 (일본)
이보아르 35%
이비스아저
이비스옐로우 500g
이스트 골드(500g /사프인스탄트이스트)
이스트 레드(125g /사프인스탄트이스트)
이스트 레드(500g /사프인스탄트이스트)
이스트밸리 유로구뜨 모짜렐라 슈레드 280g
이스트후드 20Kg
이스페셜리타이 이스페셜리-그린 1봉지(1000개)
이스페셜리타이 이스페셜리-레드 1봉지(1000개)
이스페셜리타이 이스페셜리-와인 1봉지(1000개)
이스페셜리타이 이스페셜리-퍼플 1봉지(1000개)
이스페셜리타이 이스페셜리-핑크 1봉지(1000개)
이스페셜리타이 이스페셜리-화이트 1봉지(1000개)
이스페셜리타이 크라프트-그린 1봉지(1000개)
이스페셜리타이 크라프트-레드 1봉지(1000개)
이스페셜리타이 크라프트-무지 1봉지(1000개)
이스페셜리타이 크라프트-브라운 1봉지(1000개)
이엔)가쓰오풍후리가께_(50g*10)*6입
이엔)가쓰오풍후리가께500g*10
이엔)매운맛가쓰오풍후리가께500g*10
이엔)미니양조맛간장 (5.6ml*185ea)*10ea
이엔)생와사비905골드_700g*20
이엔)생와사비905골드_700g*20
이엔)초밥소스_1.8L*6
이-자네티 마스카포네 500G
이즈니 생메르 버터 롤 500g
이즈니 생메르 크렘 프레쉬 AOP 200ml
이지)고구마치즈볼(1kg*4pk)
이지)고구마치즈스틱(40ea*25g*4pk)
이지)고구마치즈춘권롤90(1kg*4pk)
이지)롱치즈스틱(1kg*4pk)
이지)모짜렐라치즈볼(1kg*4ea)
이지)빅치즈스틱(1kg*4ea)
이지)치즈볼(1kg*4pk)
이지)치즈스틱(70)40ea*25g*4pk
이지)프리토크림치즈볼(1kg*4pk)
이지_오븐용치즈스틱(70)40ea*25g*4pk
이지_오븐용치즈스틱(90)40ea*25g*4pk
이지_치즈스틱(91)40ea*25g*4pk
이지마요1Kg
이지멀티그레인15kg
이지멀티그레인5Kg
이지베이글15Kg
이지스폰지케이크믹스_10kg
이지스폰지케익믹스_1kg
이지차바타
이지크림1kg
이찌방 남방스
이찌방 유자폰즈
이츠웰)파인애플슬라이스836g*12
이츠웰후르츠칵테일3.062kg*6
이치방야끼도리소스
이타쿠자 55%
이탈리안꼬포치즈(그라나치즈S) 240g
이탈리안꼬포치즈(이탈리아꼬포치즈IR)400g
이탈리안꼬포치즈(이탈리안꼬포치즈IR)_2kg
이탈리안생햄(슬라이스)
이탈젤라틴 (GOLD ITALGEL)
이테크,17호,100EA*10PK
이테크,17호,100EA*10PK
이푸드)미니베이컨(1kg*10)
이푸드)알뜰베이컨(1kg*10)
이푸드)착한베이컨(1kg*10)
익스트라다크코코아파우더 1kg
익스트라다크코코아파우더 200g
익스트라다크코코아파우더(콘데타)-지대
익스트라테이스트(1kg)
익스트라테이스트(5kg)벌크
인겐고마아에(강낭콩)
인도 마이소르 너깃 엑스트라 볼드 200g
인쇄공단리본15mm 금색
인쇄공단리본15mm 녹색
인쇄공단리본15mm 분홍
인쇄공단리본15mm 자주
인쇄공단리본15mm 흰색
인쇄창봉투120
인쇄창봉투130
인절미라떼 파우더 400g
일반롤레이스 100매
일반보냉제400g 140*220
일반보냉제800g 190*280
일본식팬케익믹스1Kg
일본오케이간모
일상 쇼핑백 화이트 대/200EA(1BOX)
일상 쇼핑백 화이트 대/50EA
일상 쇼핑백 화이트 소/200EA(1BOX)
일상 쇼핑백 화이트 소/50EA
일상쇼핑백대 300*135*255
일상쇼핑백소 180*90*230
일석삼조케이크칼 100개
일월오봉도 각대봉투/100EA
일월오봉도 각대봉투/2000EA(1BOX)
일월오봉도 쇼핑백/25EA
일출 근하신년 띠지/50EA
일출 새해 띠지/50EA
일출 원형 2종 스티커 1묶음(8장)/64EA
일회용나이프(검정/개별포장)TM100EA*20PACK
일회용사각용기TY-3(20*14)100E*10P
일회용스푼(자동포장)
일회용포크(검정1매입)SA100EA*20PACK
일회용포크(자동포장)
일회용포크(흰색1매입)100EA*20PACK
잉글리쉬 블랙퍼스트 홍차20티백
잉글리쉬블랙퍼스트100g
잎새젤라틴(20g)
자두 1kg
자루분당체(소)
자루분당체(일),대
자루분당체(일),소 68ø*180L
자루분당체(일),중
자루분당체대
자루분당체중 98(Φ) × 210
자루주걱(고열용)_대
자루주걱(고열용)_소
자루주걱(고열용)_중
자루주걱,대
자루주걱소 (SN4741),240
자루주걱중
자몽 코디얼
자색고구마가루 1kg 국산
자색고구마분말1Kg 중국산
자숙피꼬막살(국내산,10PAC/BOX)
자숙피꼬막살(국내산,1KG/PAC)
자연애쇠고기1kg
자윤)가쓰오부시1호500g*10ea
자윤)가쓰오부시1호500g*10ea
자이언트룰렛 다크/화이트
자판기용종이컵
잔뒤야다크
잔탄검(150g)
잔탄검100g
잔탄검1kg
잠봉슬라이스[블록]200~400g
잠봉슬라이스_400g
잡화청2.4kg*8
잣(국산)1kg
잣다루싱글
장국용멸치분말1kg
장국용멸치분말300g
장미8구
장미꽃잎시럽 1kg
장미꽃잎시럽 1kg
장보고 완도 동결건조 매생이 블럭 2g x 5
장식 듀오롤(초코스틱지브라포)
장식 미니모카빈300g
장식 장미잎
장식용 꼬치 구름/100EA
장식용 꼬치 꽃/100EA
장식용 꼬치 별/100EA
장식용 꼬치 하트/100EA
장식용 꼬치 해/100EA
장파운드팬 305*70*60
잼보 유색 레이스 25 테이프 블루(11)/1ROLL
잼보 유색 레이스 25 테이프 살구(17)/1ROLL
잼보 파스텔 레이스 12 테이프 파스텔그린/1ROLL
잼보 파스텔 레이스 12 테이프 파스텔레드/1ROLL
잼보 플로라 체크 15 테이프 브라운/1ROLL
잼보 플로라 체크 15 테이프 스카이/1ROLL
잼보 플로라 체크 15 테이프 카키/1ROLL
잼보 플로라 체크 15 테이프 핑크/1ROLL
쟁반깔지(인쇄유산지) 레터링
쟁반깔지(인쇄유산지) 브라운
쟁반깔지(인쇄유산지) 연두
쟁반깔지(인쇄유산지) 영자신문
쟁반깔지(인쇄유산지) 오렌지
쟁반깔지(인쇄유산지) 핑크
쟁반깔지(인쇄유산지) 화이트
쟈스민차벌크/1kg*20pk
쟈스민차벌크/1kg*20pk
쟌뒤야다크인텐소
저감미당S (1kg)
저수분버터필링_5kg
저지방(2%) 그릭 요거트 플레인 150g
적강낭콩 4/1 2.65kg
적날치알(레드),국내제조, 800g*20ea/BOX
적날치알(레드),수입산,800g*20ea/BOX
적두,국내산,농부농산,kg
적외선온도계
전자저울
전자저울_KS-234WT
전자저울2kg
전자저울500g
전자저울KS-208WT
전자저울KS-502A_2Kg/1g
전자저울WZ-1D
전통7곡미숫가루800g
절단깍지콩(flat cut spanish green bean)
절단당근 4/1  2kg
절단비트 1/2
절단비트 4/1
절단샐러리4/1
절단양파통조림
점보난
점보롤(해피퀸)화장지(200*4롤2겹)*4Pack
접시1호
접시2호
접시3호
접시4호
접착소파운드컵 레드하트 100개
접착소파운드컵 스위트홀릭 100개
접착소파운드컵 초코체크 100개
접착소파운드컵 핑크체크 100개
접착컵미니 스위트홀릭 100개
접착컵미니 초코체크 100개
접착컵미니 핑크체크 100개
정복애 3종 스티커 1묶음(8장)/192EA
정복애3종스티커
정사각 유리용기 800ml 3세트
정사각타르트팬
정사각타르트팬1호
정사각타르트팬2호
정사각팬1호
정사각팬2호양면 165*165*45
정사각팬3호
정사각팬4호
정사각팬5호
정사각팬6호
정사각형 유리용기 1400ml
정사각형 유리용기 2200ml
정사각형 유리용기 800ml
제과용홍차가루200g
제니코)New골드라벨밀크향(1,030g*12)
제니코)Super-2000 gold 500g*34
제니코)고다 다이스치즈(2.27kg*4)제니코)고다 다이스치즈(2.27kg*4)
제니코)골드라벨(907G X 12)_오리지널
제니코)까망베르크림치즈1kg*10
제니코)까망베르크림치즈1kg*10
제니코)다이스내열성체다치즈(2.27kg*4)
제니코)라스카스 크림치즈 1.36kg*10
제니코)라스카스 크림치즈 1.36kg*10
제니코)리치베르사띠(1L*12)
제니코)마르켄버터10kg
제니코)마스카폰치즈500g*6
제니코)마스카폰치즈500g*6
제니코)만토바마스카포네치즈_500g*8
제니코)모짜렐라 프라임 300 2.5kg*4
제니코)모짜렐라 프라임 500 2.5kg*4
제니코)모짜렐라치즈슬라이스(1kg*4)
제니코)모짜렐라프라임골드2.5kg*4
제니코)몬트레이젝다이스치즈(2.27kg*4)
제니코)밸류프라이드_907g*12
제니코)베이킹파우더 포뮬러(2) 300g
제니코)베이킹파우더_RED 300g
제니코)본가드슬라이스치즈160매2.27kg*4
제니코)브라젤레버터(이탈리아,무가염)_5kg
제니코)비앙카골드크림치즈(1.36kg*10)
제니코)스위트밸리휘핑크림
제니코)에어로탑커피용크림(1ℓ*12)
제니코)엔젤인스탄트이스트-저당 10kg
제니코)엔젤인스탄트이스트-저당 500g*20
제니코)웨스트포인트버터 13.6kg(Bulk)
제니코)윌버팜스휘핑크림(1ℓ*12)
제니코)체다슬라이스치즈100P
제니코)체다슬라이스치즈100P
제니코)크로와상버터플레이트 10KG(2KG X 5EA)
제니코)팬시슈레드파마산치즈907g*6
제니코)팬시슈레드파마산치즈907g*6
제니코)폴리크림치즈_1.36kg*10
제니코)폴리크림치즈컵28g*100
제니코)피자치즈N502.5kg*4
제니코)피자토핑프라임2.5kg*4
제니코)후랑크소시지 1kg*10
제니코)후랑크소시지 1kg*10
제니코피자치즈500A 2.5kg
제때)맥케인 슈스트링감자 2kg*6
제빵용누룩소금(시오코지)
제원)디아블로삼각형585G*6
제원)디아블로삼각형585G*6
제원)딸기잼12.5kg/Can
제원)커피플레이버(커피엑기스2)1KG*6
제이베이커리융점롤치즈
제이앤커피)카페브라운블렌드 1KG*12
제이쿱)동죽순(홀) 2.84kg*6
제이쿱)락교2S 3kg*6
제이쿱)락교3S 3kg*6
제이쿱)로위키멸균우유 3.2% (1L X 12)
제이쿱)리노 마카로니 (500g*20)
제이쿱)리노 스파게티 (500g*20)
제이쿱)세빌프리미엄 블랙올리브 피티드(385g*24)
제이쿱)양송이(P&S) 2.84kg*6
제이쿱)양송이(특편) 2.84kg*6
제이쿱)양송이(홀) 2.84kg*6
제이쿱)완두콩 3kg*6ea(캔)
제이쿱)완두콩(원터치캔) 400g*24ea
제이쿱)죽순(채) 2.84kg*6
제이쿱)죽순(편) 2.84kg*6
제이쿱)죽순(홀) 2.84kg*6
제이쿱)찰당면 13KG 벌크
제이쿱)표고(채) 2.84kg*6
제이쿱)표고(채) 2.84kg*6
제이쿱)표고(홀) 2.84kg*6
제이쿱)표고홀(2.84kg X 6)
제이쿱)후레쉬오이피클슬라이스3.1kg*6
제일)맥스웰하우스500G*12
제일)아몬드프라린2kg*6
제일)커피땅콩1kg*20
제일)코리넛땅콩버터(캔)56%2.4kg*6
제일)코리넛땅콩버터75% 2kg*6
제일)코리넛피넛버터(크리미)83%1kg*6
제일)특A+코리넛땅콩버터93%2kg*6
제피르 카라멜 2.5kg
젠믹스
젤라틴(분말)500g
젤라틴(판)
젤라틴1Kg
젤라틴450g
젤라틴분말20Kg
젤로단
젤텍 젤라틴450g
조각케이크받침  블랙원형80  100개
조각케이크받침  블랙정사각80  100개
조각케이크받침 골드 삼각2호/100EA
조각케이크받침 골드 삼각3호/100EA
조각케이크받침 블랙 정사각80/100EA
조각케이크받침 화이트 삼각2호/100EA
조각케이크받침 화이트 원형 팔각80/100EA
조각케이크받침 화이트 원형100/100EA
조각케이크받침 화이트 원형70/100EA
조각케이크받침 화이트 정사각80/100EA
조각케이크받침 화이트 직사각100/100EA
조각케이크받침 화이트 직사각120/100EA
조-레드체다슈레드 2.5kg
조-레이치즈 2.5kg
조미가리비(5g*20)
조미가리비(5g*20*40pk/bx)
조미가리비(5g*20*40pk/bx)
조미김가루1KG*4
조색볼뚜껑
조지브륵스 푸아그라블럭 145G
조지브륵스 푸아그라블럭 305G
조지브륵스 푸아그라블럭 75G
조흥)숙성체다치즈소스 2kg*5
조흥)하이멜트치즈J(2.5*4EA)
종이 둥근사각용기 세트 1000ml/300EA(1BOX)
종이 둥근사각용기 세트 650ml/300EA(1BOX)
종이 둥근사각용기 세트 750ml/300EA(1BOX)
종이 빨대 7/21 (일자형) 개별포장/500EA
종이 빨대 7/21 (일자형) 벌크포장/500EA
종이 스푼/1000EA
종이 완충재/1롤
종이도시락 디저트 크라프트 대(602)/300EA(1BOX)
종이도시락 디저트 크라프트 중(600)/400EA(1BOX)
종이도시락 디저트 화이트 대(602)/300EA(1BOX)
종이도시락 디저트 화이트 중(600)/400EA(1BOX)
종이도시락 반반 화이트(90) A(반반도시락)/100EA
종이도시락 반반 화이트(90) B(반반도시락+1칸+2칸)/100EA(한세트)
종이도시락 반반 화이트(90) C(반반도시락+1칸+1칸)/100EA(한세트)
종이도시락 반반 화이트(90) D(반반도시락+2칸+2칸)/100EA(한세트)
종이도시락 치킨/튀김 크라프트 대(한마리반)/200EA(1BOX)
종이도시락 치킨/튀김 크라프트 대(한마리반)/50EA
종이도시락 치킨/튀김 크라프트 소(반마리)/200EA(1BOX)
종이도시락 치킨/튀김 크라프트 소(반마리)/50EA
종이도시락 치킨/튀김 크라프트 중(한마리)/200EA(1BOX)
종이도시락 치킨/튀김 크라프트 중(한마리)/50EA
종이도시락 크라프트 김밥/800EA(1BOX)
종이도시락 크라프트 핫도그/500EA(1BOX)
종이도시락 피크닉 크라프트 대(70)/100EA
종이도시락 피크닉 크라프트 대(70)/300EA(1BOX)
종이도시락 피크닉 크라프트 중(601)/400EA(1BOX)
종이도시락 피크닉 화이트 대(70)/300EA(1BOX)
종이도시락 피크닉 화이트 중(601)/400EA(1BOX)
종이도시락 햄버거 크라프트 소(501)/400EA(1BOX)
종이도시락 햄버거 크라프트 소(501)/50EA
종이도시락 햄버거 크라프트 중(50)/400EA(1BOX)
종이도시락 햄버거 크라프트 중(50)/50EA
종이도시락 햄버거 화이트 소(501)/400EA(1BOX)
종이도시락 햄버거 화이트 소(501)/50EA
종이도시락 햄버거 화이트 중(50)/400EA(1BOX)
종이도시락 햄버거 화이트 중(50)/50EA
종이도시락 화이트 딤섬/500EA(1BOX)
종이띠지 동백 50매
종이띠지 땡큐 50매
종이띠지 배꽃 50매
종이띠지 복 50매
종이띠지 조각보 50매
종이띠지 축하합니다 50매
종이띠지 콩그레츄레이션 50매
종이띠지 핸드메이드-라인 50매
종이띠지 핸드메이드-플라워 50매
종이띠지 후레쉬-그린 50매
종이띠지 후레쉬-화이트 50매
종이띠지-합격 응원 50매
종이띠지-합격기원 그레이 50매
종이띠지-합격기원 화이트 50매
종이봉투(크라프트/대)100EA*10PACK
종이봉투(크라프트/소) 100EA*10PACK
종이봉투(크라프트/중)100EA*10PACK
종이소주컵
종이소주컵
종이쇼핑백(크라프트상접/대-무지)200EA/BX
종이쇼핑백(크라프트상접/중-무지)200EA/BX
종이원형볼 세트 크라프트 1100ml/450EA(1BOX)
종이원형볼 세트 크라프트 900ml/450EA(1BOX)
종이원형볼 세트 화이트 1100ml/450EA(1BOX)
종이원형볼 세트 화이트 12oz 돔 뚜껑/500EA
종이원형볼 세트 화이트 12oz 평판 뚜껑/500EA
종이원형볼 세트 화이트 16oz 돔 뚜껑/500EA
종이원형볼 세트 화이트 16oz 평판 뚜껑/500EA
종이원형볼 세트 화이트 8oz 돔 뚜껑/500EA
종이원형볼 세트 화이트 8oz 평판 뚜껑/500EA
종이원형볼 세트 화이트 900ml/450EA(1BOX)
종이컵 뚜껑 화이트 10/13/16온즈겸용(85파이)/1000EA(1BOX)
종이컵 뚜껑 화이트 10/13/16온즈겸용(85파이)/100EA
종이컵 뚜껑 화이트 4온즈 전용 (65파이)/1000EA(1BOX)
종이컵(빙수그릇종이)小_520CC
종이타이 덕용(2000개)/낙엽 1상자
종이타이 덕용(2000개)/눈꽃 1상자
종이타이 덕용(2000개)/베이비 1상자
종이타이 덕용(2000개)/초콜릿 1상자
종이타이 덕용(2000개)/튤립 1상자
종이타이 덕용(2000개)/풍선 1상자
종이호일골드
좋은 사람 2종 스티커 1묶음(17장)/102EA
주름마루식빵팬AC
주름컵 40mm베이지색 200매
주름컵 40mm초코색유산지 250매
주름컵 40mm흰색유산지 200매
주름컵 45mm베이지색 200매
주름컵 45mm초코색유산지 250매
주름컵 45mm흰색유산지 200매
주름컵 55mm베이지색 200매
주름컵 55mm초코색유산지 250매
주름컵 55mm흰색유산지 200매
주름컵-색지 40mm/보라색 200매
주름컵-색지 40mm/적색 200매
주름컵-색지 40mm/청색 200매
주름컵-색지 40mm/초코색 200매
주름컵-색지 45mm/보라색 200매
주름컵-색지 45mm/적색 200매
주름컵-색지 45mm/청색 200매
주름컵-색지 45mm/초코색 200매
주름컵-색지 55mm/보라색 200매
주름컵-색지 55mm/적색 200매
주름컵-색지 55mm/청색 200매
주름컵-색지 55mm/초코색 200매
주름파이팬C
주물가느토로노미팬1/4-MIB
주물가스토로노미팬1/1-MIB
주물가스토로노미팬1/2-MIB
주물카제롤 160mm-MIB
주물카제롤 240mm-MIB
주물카제롤 280mm-MIB
주부저울
주석산1Kg
주자 15 리본 딥블루/1ROLL
주자 15 리본 레드/1ROLL
주자 15 리본 민트/1ROLL
주자 15 리본 베이비핑크/1ROLL
주자 15 리본 블랙/1ROLL
주자 15 리본 아쿠아블루/1ROLL
주자 15 리본 웜그레이/1ROLL
주자 15 리본 초코브라운/1ROLL
주자 15 리본 크림옐로우/1ROLL
주자 15 리본 퍼플/1ROLL
주자 15 리본 피치핑크/1ROLL
주자 15 리본 핫핑크/1ROLL
주자 15 리본 화이트/1ROLL
주자 25 리본 딥블루/1ROLL
주자 25 리본 레드/1ROLL
주자 25 리본 민트/1ROLL
주자 25 리본 베이비핑크/1ROLL
주자 25 리본 블랙/1ROLL
주자 25 리본 아쿠아블루/1ROLL
주자 25 리본 웜그레이/1ROLL
주자 25 리본 초코/1ROLL
주자 25 리본 크림옐로우/1ROLL
주자 25 리본 퍼플/1ROLL
주자 25 리본 피치핑크/1ROLL
주자 25 리본 핫핑크/1ROLL
주자 25 리본 화이트/1ROLL
주자 6 리본 그레이/1ROLL
주자 6 리본 다크그린/1ROLL
주자 6 리본 레드/1ROLL
주자 6 리본 블랙/1ROLL
주자 6 리본 오렌지/1ROLL
주자 6 리본 퍼플/1ROLL
주자 6 리본 화이트/1ROLL
주자리본15mm 골드
주자리본15mm 그레이
주자리본15mm 그린
주자리본15mm 레드
주자리본15mm 민트
주자리본15mm 브라운
주자리본15mm 와인
주자리본15mm 잉크
주자리본15mm 핑크
주자리본25mm 그린
주자리본25mm 네이비
주자리본25mm 라이트핑크
주자리본25mm 레드
주자리본25mm 민트
주자리본25mm 브라운
주자리본25mm 실버
주자리본25mm 옐로우
주자리본25mm 오렌지
주자리본25mm 와인
주자리본25mm 핫핑크
주자리본6mm 금색
주자리본6mm 민트
주자리본6mm 분홍
주자리본6mm 빨강
주자리본6mm 연분홍
주자리본6mm 자주
주자리본6mm 화이트
죽용기 소(630ml)_50EA/1줄
중)EFG_동죽순(대화)/2.84kg*6can
중)EFG_두치500g*40ea
중)EFG_두치500g*40ea
중)EFG_청마조1KG*6EA
중)EFG_청마조1KG*6EA
중)청마조(청산초) 500G*10EA
중)청마조(청산초) 500G*10EA
중국산 볶음땅콩반태20Kg
중국산 볶음땅콩분태1Kg
중국산 볶음땅콩분태20kg
중식용_두반장(하하)450Grams*24EA
중식용_두반장(하하)450Grams*24EA
중파운드팬양면
중화)요티아오(유조) 빵 (400g*12ea)
중화조미료2KG*6(중화MSG)
쥬카토)케이퍼베리330g*12
즈마장 (지마조화장) 2.5kg*6
즈마장 (지마조화장) 2.5kg*6
즈마장 (지마조화장) 3kg*6
증숙고구마(적)5KG
증점다당류K_10kg
지성다크초콜릿54%5KG*2
지성화이트초콜릿31%1KG*10
지앤엘)딸기리플잼1kg*6
지앤엘)라즈베리리플잼1kg*6
지앤엘)블루베리리플잼1kg*6
지유락(밀맥스)20KG
지은보은 띠지/50EA
지중해스타일샐러드치즈[다이스15X15X20]
지퍼손잡이보온보냉팩(100매)
직사각 금지무스받침 금지 100매
직사각 금지무스받침 은지 100매
직사각타르트팬
직사각형 유리용기 1040ml
직사각형 유리용기 1500ml
직사각형 유리용기 3종 세트
직사각형 유리용기 640ml
직수입)황도슬라이스 3kg*6 (g)
직화그릴드치킨브레스트필렛(1kg*10)
진공 에프디딸기파우더 (국산) 1kg
진우)마늘빵(1.5KG)
진유원)큐원 맑은식용유(1.8L X 12)
진저냉동퓨레(94%) 1kg 파인 레몬 생강
진저맨6구
진주햄)문어비엔나(1kg*10)
진주햄)슬라이스햄(1kg*10)
진주햄)알뜰비엔나(1kg*10)
집게 가격표 대/1EA
집게 가격표 소/1EA
짬뽕분말스프 650g
쯔케코미타래
찌개용양념분말550g
찜케익가루1
차슈
차슈-600g이상(소)
차오름)참김가루(1kg)
차오름)참김가루(1kg*4ea)
차전자피분말1Kg
찬용기(DL-434)뚜겅/볼록/투명100EA*4PAC
찬용기(DL-434)바디(검정)100EA*4PACK
찬용기(DL-505)바디(투명)50EA*18PACK
찰고추장 골드(무인쇄)14kg
찰고추장(박스)14KG
찰보리가루1kg
참고을)건고추(베트남)1kg*10
참고을)건고추(베트남)1kg*10
참고을)서브큐 신선한쌈장14kg
참고을)서브큐 찰고추장14kg
참고을)서브큐 찰고추장14kg (직송)
참고을)서브큐 찰고추장17KG
참고을)서브큐 참고소한 참기름1.8L*8ea
참고을)서브큐 참고소한 참기름1L*10ea
참고을)서브큐 참고을 된장 14kg
참고을)서브큐 참진간장 14L
참고을)서브큐 참진간장 14L(직송)
참고을)조미용고춧가루(매운맛) 1kg*10
참고을참기름18L
참그린)주방세제 1GK*12EA
참그린)주방세제 1GK*12EA
참그린)주방세제 리필용 1.2KG*10EA
참그린)주방세제 리필용 1.2KG*10EA
참깨(볶음)1kg
참깨(볶음)300g
참깨분20KG(수입산)
참깨페이스트M(800g)
참나물용미소드레싱
참치샐러드(1kg*10)
참치샐러드(1kg*10)
참치캔1.88kg*6(동원)/상온/국내제조
참치캔1.88kg*6(동원)/상온/국내제조
찹쌀꽈배기용믹스 10kg
찹쌀떡
창 봉투 크라프트 120/100EA
창 봉투 크라프트 120/2500EA(1BOX)
창 봉투 크라프트 130/100EA
창 봉투 크라프트 130/2500EA(1BOX)
창 봉투 크라프트 150/100EA
창 봉투 크라프트 150/2000EA(1BOX)
창 식빵 봉투 150 (100매)
창 식빵 봉투 190 (100매)
창 식빵 봉투 크라프트 150/100EA
창 식빵 봉투 크라프트 150/1500EA(1BOX)
창 식빵 봉투 화이트 150/100EA
창바게트 봉투 크라프트/100EA
창봉투 노루지 500매
창봉투 크라프트 500매
천끈1롤/적색
천도복숭아 1kg
천연바닐라에센스80g
천연색소(그린)100g
천연색소(레드)100g
천연색소(브라운)100g
천연색소(브라운)300g
천연색소(블루)100g
천연색소(옐로우)100g
천연색소(오렌지)100g
천연색소(오렌지)300g
천연색소(퍼플)100g
천연색소(핑크)100g
천연색소(핑크)300g
천연향료(장미꽃향)
천짜주머니12
천짜주머니14
천짜주머니16
천짜주머니16 인치
천짜주머니18
천짜주머니18인치
천짜주머니20
천짜주머니24
천짤주머니12
천짤주머니12 FLEX
천짤주머니14
천짤주머니14 FLEX
천짤주머니20인치
철부러쉬(나무손잡이)1EA
청귤 1kg
청담)비탈리스케이퍼945g*6
청담)월스윗호스레디쉬907g*6
청사과레진(1kg)
청양고추오일_250ml
청양초조미분말100g
청양초조미분말1kg
청우)마늘간장소스 1KG*12EA
청우)만능비빔무침양념_1.1kg*12
청우)캡사이신매운맛소스_550g*12
청우)캡사이신매운맛소스_550g*12
청우)캡사이신분말_400g*12
청정원)잇츠팜 330g*18ea
청정원_런천미트330g*18
청포도 1kg
청포도 레진
청포도 청크잼 (1kg)
청포도 코디얼
청포도에이드 1kg
청포도에이드 1kg
체다슬라이스SU(가는슈레드)1.5kg
체다슬라이스SU(슈레드) 1kg
체다치즈소스(470g)
체다치즈슬라이스(600g)
체다치즈슬라이스[다이스9.6]_1kg
체리레진(1kg)
체리페퍼 위드 스파이시 크림치즈 280g
체리페퍼 위드 스파이시 크림치즈 930g
체스트넛 스프레드(50%) 밤 마롱 크림 1kg
체스트넛 페이스트(60%) 밤 마롱 페이스트 1kg
체스트넛&바닐라냉동퓨레(50%) 1kg
체스트넛페이스트
체이스트넛퓨레
체커보드 레드 유산지 16.5*18/500EA
체커보드 레드 유산지 25*35/500EA
체커보드 레드 유산지 25*35/5500EA(1BOX)
체크 15 리본 다크그린/1ROLL
체크 15 리본 라이트퍼플/1ROLL
체크 15 리본 레드/1ROLL
체크 15 리본 브라운/1ROLL
체크 15 리본 스카이/1ROLL
체크 15 리본 핑크/1ROLL
체크 PET 타이 라이트그린/500EA(1봉)
체크 PET 타이 블루/500EA(1봉)
체크 PET 타이 스카이/500EA(1봉)
체크 PET 타이 오렌지/500EA(1봉)
체크 PET 타이 퍼플/500EA(1봉)
체크 PET 타이 핑크/500EA(1봉)
체크타이 갈색 1봉지(500개)
체크타이 녹색 1봉지(500개)
체크타이 보라 1봉지(500개)
체크타이 분홍 1봉지(500개)
체크타이 빨강 1봉지(500개)
체크타이 오렌지 1봉지(500개)
체크타이 파랑 1봉지(500개)
체크타이 하늘 1봉지(500개)
체크페이퍼 택 타이 스카이/150EA(5*30봉)
체크페이퍼 택 타이 스카이/5EA(1봉)
초고노추(해천노추왕)/500ml*12ea
초담원)마늘간장소스_1.1kg*12
초미니구겔호프
초밥용자숙문어(베트남,6g*20*40pk/BOX)
초코레진다크500g
초코레터링HD 대 100매
초코레터링HD 소 100매
초코레터링HD 중 100매
초코렛워머기
초코렛필링
초코롤링시트1Kg
초코맛코코넛파우더1kg
초코맛코코넛파우더400g
초코머핀믹스
초코머핀믹스 1kg
초코머핀믹스(지대)
초코민칼
초코브라우니D(500g)
초코색-케익띠악보
초코슬라이스케익믹스500g
초코에버휩(내수)_1kg
초코칩(벌크) 10kg
초코칩(인도네시아)1kg
초코칩(인도네시아)300g
초코칩(인도네시아)300g
초코칩다크5Kg
초코컴파운드플레이크
초코컵 28mm 노란색 1000매
초코컵 28mm 보라색 1000매
초코컵 28mm 연두색 1000매
초코컵 28mm 적색 1000매
초코컵 28mm 초코색 1000매
초코컵 28mm 흰색 1000매
초코컵 33mm 초코색 1000매
초코컵 33mm 흰색 1000매
초코케이크(16컷)
초코코코넛분말1kg
초코쿠키크런치  1kg
초코쿠키크런치 (다크)
초코쿠키크런치 10kg 벌크
초코쿠키크런치10Kg
초코쿠키크런치1kg
초코쿠키크런치300g
초코쿠키크런키 1kg
초코크런치 벌크
초코크런치DP 15kg
초코크리미 쿠키슈_70g * 20
초코톱칼
초코파우더 500g
초코헤즐넛필링
초코호일싸게지 금색 500장
초코호일싸게지 분홍색 500장
초코호일싸게지 연두색 500장
초코호일싸게지 은색 500장
초코호일싸게지 적색 500장
초코호일싸게지 파란색 500장
초콜렛디핑포크3종세트_23mm*202mm(전체)
초콜렛파우더500g
초콜릿 가나슈 타르트63
초콜릿 로즈 미니화이트 (중량변경) 45 piece
초콜릿 싸개지 골드/250EA
초콜릿 싸개지 그린/250EA
초콜릿 싸개지 레드/250EA
초콜릿 싸개지 실버/250EA
초콜릿 싸개지 퍼플/250EA
초콜릿 퐁당 100g 2입팩
초콜릿 퐁당 100g 벌크
초콜릿 헤이즐넛 베어파우
초콜릿내피10구 100개
초콜릿내피5구 1000개
초콜릿내피5구 100개
초콜릿스틱
초콜릿청크(1kg-다크청크)
초콜릿청크(다크청크)-벌크
초콜릿파우더 20Kg
초콜릿파우더 500g
초콜릿파우더1kg
초콜릿파우더1kg
초콜릿후레바500g
초핑지(1kg) 크라프트
초핑지(1kg) 화이트
축입학(C-19)
츄러스 믹스 5kg
츄러스 봉투 크라프트 대/500EA
츄러스 봉투 크라프트 소/500EA
츄러스믹스 [20kg]
츄러스봉투(무지/소)100EA*10PACK
치-라꽁비에뜨AOOP버터(무염) 15g*30
치-란다나1000일숙성 고다 180g
치리오)황도슬라이스 411g*12
치아씨드1Kg
치자분말1kg
치-장페렝꽁떼 숙성 12개월
치즈 그레이터
치즈 나이프
치즈 나이프 & 보드 세트 - 프렌드
치즈 나이프 세트 미니 모나코 & 블랙
치즈 나이프 세트 미니 코펜하겐
치즈 슬라이서
치즈 앤 할라피뇨 스프레드 140g
치즈 크란스키 치폴라타 300g
치즈 타파스 보드 S
치즈 팝 고다 65g
치즈 플레이터
치즈그레이터
치즈롤링시트1Kg
치즈분말1kg
치즈생각 FDCH-100(2.5kg*4ea)
치즈오일
치즈케이크(큐브) 빙수치즈 1kg
치즈트리)TREE고구마스트링13mm(2.5kg* 2pk)
치즈트리)크림앤체다스트링(2.5kg* 2pk)
치즈트리)크림치즈볼(2kg* 2pk)
치즈파우더200g
치즈팬 미니(착)
치즈혼합분말2
치즈혼합파우더1Kg
치즈혼합파우더Ⅱ_1Kg_백치즈
치지 나이프
치치스타코시즈닝믹스35g*24
치치스타코시즈닝믹스35g*24
치킨타코필링(500g)
치포틀레오일_250ml
친환경 바이오 스크래퍼
친환경 빨대 PLA 210 일자형 블랙 (벌크)/300EA
친환경 빨대 PLA 210 일자형 화이트 (벌크)/300EA
친환경 어도러블 종이컵 10온즈 (85파이) 1000EA(1BOX)/블랙(뚜껑)
친환경 어도러블 종이컵 10온즈 (85파이) 1000EA(1BOX)/선택안함(뚜껑)
친환경 어도러블 종이컵 10온즈 (85파이) 1000EA(1BOX)/화이트(뚜껑)
친환경 어도러블 종이컵 10온즈 (85파이) 100EA/블랙(뚜껑)
친환경 어도러블 종이컵 10온즈 (85파이) 100EA/선택안함(뚜껑)
친환경 어도러블 종이컵 10온즈 (85파이) 100EA/화이트(뚜껑)
친환경 에코 종이컵 10온즈 (85파이) 1000EA(1BOX)/블랙(뚜껑)
친환경 에코 종이컵 10온즈 (85파이) 1000EA(1BOX)/선택안함(뚜껑)
친환경 에코 종이컵 10온즈 (85파이) 1000EA(1BOX)/화이트(뚜껑)
친환경 종이컵 13온즈 (85파이) 1000EA(1BOX)/블랙(뚜껑)
친환경 종이컵 13온즈 (85파이) 1000EA(1BOX)/블랙(뚜껑)
친환경 종이컵 13온즈 (85파이) 1000EA(1BOX)/선택안함(뚜껑)
친환경 종이컵 13온즈 (85파이) 1000EA(1BOX)/화이트(뚜껑)
친환경 펄프 컵캐리어 2구/50EA
친환경 펄프 컵캐리어 4구/50EA
친환경 플라워 종이컵 10온즈 (83파이) 1000EA(1BOX)/블랙(뚜껑)
친환경 플라워 종이컵 10온즈 (83파이) 1000EA(1BOX)/선택안함(뚜껑)
친환경 플라워 종이컵 10온즈 (83파이) 1000EA(1BOX)/화이트(뚜껑)
친환경 플라워 종이컵 10온즈 (83파이) 100EA/블랙(뚜껑)
친환경 플라워 종이컵 10온즈 (83파이) 100EA/선택안함(뚜껑)
친환경 플라워 종이컵 10온즈 (83파이) 100EA/화이트(뚜껑)
친환경비닐짤주머니12  100P
친환경비닐짤주머니18 _ 100매
친환경비닐짤주머니23
친환경찜용호일21.6cm
카고 유리병/60EA(1BOX)
카길 다크컴파운드칩 벌크 20kg
카길 컴파운드초콜릿칩(1kg)
카길 컴파운드초콜릿코팅다크(10kg)
카길 컴파운드초콜릿코팅다크(1kg)
카길 컴파운드초콜릿코팅라이트(10kg)
카길 컴파운드초콜릿코팅라이트(1kg)
카길 컴파운드초콜릿코팅화이트(10kg)
카길 컴파운드초콜릿코팅화이트(1kg)
카넬 (프랄린)
카니발 렌치소스_2kg*5
카니발 렌치소스_2kg*5
카니발크란베리소스_2kg*5
카니발크란베리소스_2kg*5
카드 NEW (둥근형)
카드태그U
카드태그V
카라멜 (프랄린)
카라멜맛 컬스초콜릿1kg
카라멜소스1.89L
카라멜소스1.89L
카라멜스피린터500g
카라멜토36%
카라멜화시킨양파가득씹히는양파스프(10개)
카라멜화시킨양파가득씹히는양파스프(40개)
카라신) 14oz 아이스컵 92Φ 1000ea/box
카라신) 14oz용 아이스평뚜껑92Φ 1000EA/BX
카라신) 16oz 아이스컵 92Φ 1000ea/box
카랏 코팅다크초콜릿4Kg
카레센몬카레루(하찌카레)
카레시즈닝400g
카리야즉석카레-포크카레(약간매운맛)
카바야키타레(오타후쿠)2.2kg*6
카바야키타레(오타후쿠)2.2kg*6
카사로 모짜렐라로그 453g
카스전자저울WK-5A
카스전자저울WK-5C
카스타이머 KT-1(화이트)
카스테라 컵/200EA
카스테라틀 홈용 200*100*85
카스테라틀 홈용 200*100*85
카스테라틀1/2용 326*226*80
카스테라틀1/2용 326*226*80
카자노브 트리플섹
카카오바리 엑스트라브뤼트 코코아파우더 1kg
카카오바리 엑스트라브뤼트 코코아파우더 1kg
카카오바리 플렝아롬 코코아파우더 1kg ( CP-776 )
카탈로니아 레몬 엑스트라 버진 올리브 오일 250ML
카탈로니아 엑스트라 버진 올리브 오일 250ML
카탈로니아 트러플 엑스트라 버진 올리브 오일 250ML
카페 PE 쇼핑백 브라운 대/50EA
카페 PE 쇼핑백 브라운 대/900EA(1BOX)
카페 PE 쇼핑백 크림 소/1500EA(1BOX)
카페 PE 쇼핑백 크림 소/50EA
카페PE
카페라떼 (프랄린)
카푸치노 타르트(72개입)
카푸치노프라린크림용펌
카프리 무화과냉동퓨레 [1kg]
카프리노 디 라떼 80g
카프리스 데 디유 125g
칸디아뷰러드브리타니
칸탈루프 멜론퓨레(500g)
칼 봉투/100EA
칼라 타이 금색/1200EA
칼라 타이 금색/60000EA(50봉)BOX
칼라 타이 은색/1200EA
칼라 타이 은색/60000EA(50봉)BOX
칼라 타이 혼합(10가지색상)/1200EA
칼라 타이 혼합(10가지색상)/60000EA(50봉)BOX
칼라마타 피티드 올리브 마리네이티드 60g
칼라타이 금색
칼라타이 금색
칼리바우트(깔리) 골드초콜릿 2.5kg
칼리바우트(깔리) 다크청크초콜릿 10kg
칼리바우트(깔리) 다크초콜릿 2815 2.5kg
칼리바우트(깔리) 다크초콜릿 2815(벌크) 10kg
칼리바우트(깔리) 다크초콜릿 70-30 2.5kg
칼리바우트(깔리) 다크초콜릿 70-30 400g
칼리바우트(깔리) 다크초콜릿 811 1kg
칼리바우트(깔리) 다크초콜릿 811 2.5kg
칼리바우트(깔리) 다크초콜릿 811 400g
칼리바우트(깔리) 다크초콜릿 파워80 2.5kg
칼리바우트(깔리) 딸기초콜릿 2.5kg
칼리바우트(깔리) 루비초콜릿 2.5kg
칼리바우트(깔리) 루비초콜릿 400g
칼리바우트(깔리) 밀크청크초콜릿 10kg
칼리바우트(깔리) 밀크초콜릿 823 2.5kg
칼리바우트(깔리) 밀크초콜릿 823 400g
칼리바우트(깔리) 코코아버터 4kg
칼리바우트(깔리) 화이트청크초콜릿 10kg
칼리바우트(깔리) 화이트초콜릿 W2 2.5kg
칼리바우트(깔리) 화이트초콜릿 W2 400g
칼리바우트오리진아리바2.5kg
칼리바우트캐러멜향초콜릿
칼리바우트토핑소스1Kg
칼봉투
칼봉투 그레이 200매
칼봉투 민트 200매
칼봉투 핑크 200매
칼봉투 화이트 200매
캐롯&토마토스프(180g)(10개입)
캐롯&토마토스프(180g)(40개입)
캐리어무지
캐리어무지
캐비어 다빈치 30g
캐비어 벨루가 30g
캐비어 세브루가 30g
캐비어 오시에트라 - 병 30g
캐비어 오시에트라 - 캔 30g
캐비어 트래디션 30g
캐시밸리 모짜렐라 226g
캐플러2pcs 대
캐플러2pcs중
캐플러3PCS,대
캐플러소
캔디드오렌지필12.5kg
캔블랙베리 425g
캠피나 고다
캬라멜브륄레(5.5kg)
커버럭스딸기초콜릿5kg
커버럭스블루베리초콜릿5kg
커스타드믹스(M)-1kg
커스타드믹스M_10Kg
커스터드분말1kg
커스터드분말300g
커클랜드)루비레드자몽주스2.84L
커트라인빵칼 370mm
커피 스틱 15cm/10000EA(1BOX)
커피 스틱 15cm/1000EA
커피 플레이버 (Saint Lucie) 1L
커피(에스프레소)향분말 300g
커피스틱(거성)1000EA*10PK
커피스틱(거성)1000EA*10PK
커피스틱CS103x6.5x2mm(벌크)
커피스틱CS140x6.5x2mm(벌크)
커피엑기스 트라블릿 커피 익스트랙트 1L
커피엑기스(병)바닐플라워프레스티지익스트
커피오일
커피용종이컵무지세트_10온즈
커피용종이컵무지세트_13온즈
커피창고)나눔블렌드500g*10
커피창고)딤그레이원두1kg*5
커피창고)오롯이블렌드500g*10
커피플레이버(손잡이)1kg
컨벡스쿠키판
컨티넨탈파티쉐리 TS6002.타르트쉘스위트미디움스퀘어 [13.5g*120ea] [1.62kg]
컬러 베이킹 컵 그린/100EA(1봉)
컬러 베이킹 컵 스카이/100EA(1봉)
컬러 베이킹 컵 옐로우/100EA(1봉)
컬러 베이킹 컵 오렌지/100EA(1봉)
컬러 베이킹 컵 핑크/100EA(1봉)
컬러 베이킹 컵 혼합/10EA
컬러드체다치즈2.5Kg
컬리플라워
컬리플라워라이스
컴스탁)블루베리파이필링 595g*12
컴스탁)블루베리파이필링 595g*12
컴스탁)체리파이필링595g*12
컴온)오쉐프옛날참기름_1.8L*6
컴파운드초콜릿청크(10kg)
컴파운드초콜릿청크(200g)
컵 (인쇄1000cc블랙바디)
컵홀더무지_PET 12,14아이스겸용
컵홀더무지_PET 12,14아이스겸용
컵홀더무지_PET16,20아이스겸용
컵홀더무지_PET16,20아이스겸용
컷팅보드 L
컷팅보드 S
컷팅보드 S
컷팅보드 XL
컷팅보드M
케이지-MIB
케이크 용 칼 화이트 소/100EA
케이크 용 칼 화이트 소/1EA
케이크 용 칼 화이트 소/3000EA(1BOX)
케이크 용 칼 화이트 중/100EA
케이크 용 칼 화이트 중/1EA
케이크 용 칼 화이트 중/2000EA(1BOX)
케이크 컵 1호/100EA
케이크 컵 미니/100EA
케이크받침 1호/검정색사각받침 50개
케이크받침 1호/금색사각받침 50개
케이크받침 1호/금색원형접시 50개
케이크받침 1호/흰색사각받침 50개
케이크받침 2호/검정색사각받침 50개
케이크받침 2호/금색사각받침 50개
케이크받침 2호/금색원형접시 50개
케이크받침 2호/흰색사각받침 50개
케이크받침 3호/검정색사각받침 50개
케이크받침 3호/금색사각받침 50개
케이크받침 3호/금색원형접시 50개
케이크받침 3호/흰색사각받침 50개
케이크받침 4호/검정색사각받침 50개
케이크받침 4호/금색사각받침 50개
케이크받침 4호/금색원형접시 50개
케이크받침 5호/금색사각받침 25개
케이크받침 6호/금색사각받침 25개
케이크받침 사각 골드(1호~3호) 1호/50EA(1BOX)
케이크받침 사각 골드(1호~3호) 1호/5EA
케이크받침 사각 골드(1호~3호) 2호/50EA(1BOX)
케이크받침 사각 골드(1호~3호) 2호/5EA
케이크받침 사각 골드(1호~3호) 3호/50EA(1BOX)
케이크받침 사각 골드(1호~3호) 3호/5EA
케이크받침 사각 블랙(1호~3호) 1호/50EA(1BOX)
케이크받침 사각 블랙(1호~3호) 1호/5EA
케이크받침 사각 블랙(1호~3호) 2호/50EA(1BOX)
케이크받침 사각 블랙(1호~3호) 2호/5EA
케이크받침 사각 블랙(1호~3호) 3호/50EA(1BOX)
케이크받침 사각 블랙(1호~3호) 3호/5EA
케이크받침 사각 화이트(미니~3호) 1호/50EA(1BOX)
케이크받침 사각 화이트(미니~3호) 1호/5EA
케이크받침 사각 화이트(미니~3호) 2호/50EA(1BOX)
케이크받침 사각 화이트(미니~3호) 2호/5EA
케이크받침 사각 화이트(미니~3호) 3호/50EA(1BOX)
케이크받침 사각 화이트(미니~3호) 3호/5EA
케이크받침 사각 화이트(미니~3호) 미니/200EA(1BOX)
케이크받침 사각 화이트(미니~3호) 미니/50EA
케이크받침 사각 화이트(미니~3호) 미니/5EA
케이크받침 원형 골드(1호~3호) 1호/50EA(1BOX)
케이크받침 원형 골드(1호~3호) 1호/5EA
케이크받침 원형 골드(1호~3호) 2호/5EA
케이크받침 원형 골드(1호~3호) 3호/50EA(1BOX)
케이크받침 원형 골드(1호~3호) 3호/5EA
케이크비닐봉투50EA*10PACK
케이크상자 화이트 3호/50EA(1BOX)
케이크성냥 2개*100봉지
케이크용PE쇼핑백
케이크용PE쇼핑백
케이크용PE쇼핑백
케이크칼 대(41cm) 20개
케이크칼 소(21.5cm) 100개
케이크칼 중(24cm) 100개
케이크컵 미니컵 100매
케이크컵_1호컵 100ea
케이크컵_2호컵 100ea
케이크컵_3호컵 100ea
케이크픽 딜리셔스 원형/32R(3EA)
케이크픽 딜리셔스 정사각/40R(3EA)
케이크픽 딜리셔스 직사각/32R(3EA)
케이크홀더 200매
케익도넛가루2-10K
케익랜드 스패츄라 (일본)
케익랜드카드스크래퍼 (일본)
케익박스2호상판25EA*2PACK/BX
케익박스2호하판50EA/BX
케익받침1호(흰색203*203)50E/BX
케익받침1호(흰색203*203)50E/BX
케익받침대1호/민금지50EA/BX
케익받침대2호/민금지50EA/BX
케익받침대3호/민금지50EA/BX
케익칼 1석3조
케익칼 1석4조
케익칼_1석3조 나이프 P/S대
케익칼_1석3조 나이프 P/S소
케익칼_1석3조 나이프 대/신형
케익칼_1석3조 나이프 대/신형
케익칼_1석4조 나이프(소)
케일분말1kg
케찹소스병특대(700ml)10EA/PK
케찹소스병특대(770ml)10EA/PK
케켑마니스_330ml(인도네시아)(400G)
케켑마니스_330ml(인도네시아)(400G)
코-Frico 고다 260G
코-Frico 고다슬라이스 150G
코-Frico 고다휠 약4kg
코-Frico 램브란트 200g
코-Frico 미몰레트 220G
코-Frico 빈센트 200g
코-Frico 스모크 DISC 100G
코-Frico 에담 230G
코-Frico 에담슬라이스 150G
코-GRANAROLO 그라나파다노 200g
코-GRANAROLO 그라나파다노 약1.14KG
코-GRANAROLO 냉동부라타 250G
코-GRANAROLO 레지아노  1KG
코-GRANAROLO 레지아노 200g
코니숑 피클 685g
코르도바20-22%(다크코코아파우더)-지대
코리아제니스)핫소스_180g*24ea
코리아제니스)혼다시(가쓰오다시)_1kg*10ea
코리아제니스)혼다시(가쓰오다시)_1kg*10ea
코리엔더분말 45g
코마츠고마아에(소송채)
코만실리콘거품기
코-에담스틱 120G
코엠)스미스필드베이컨(미국산_454g*24)_면세
코엠)슬라이스페퍼로니(1kg*8)
코엠)슬라이스페퍼로니(1kg*8)
코인트로 60%
코인트로700ml
코주부)스위트콘소시지(1kg*10)
코주부)클래식모듬부대찌개햄(1kg*10)
코카콜라 1.5L*12
코카콜라(캔) 355ml*24
코카콜라(페트) 500ml*24
코코)닭껍질튀김(1kg*8)
코코넛 리플잼 1kg
코코넛냉동퓨레(코코넛밀크87%) 1kg
코코넛라떼믹스1kg
코코넛레진1kg
코코넛밀크 400ml
코코넛밀크 400ml  24개입 한박스
코코넛밀크파우더1Kg
코코넛분말  1Kg
코코넛분말 1kg
코코넛분말 400g
코코넛분말400g_코코넛파우더
코코넛칩 2.5Kg
코코넛칩 500g
코코넛파우더 400g
코코넛파우더 400g
코코넛파우더400g
코코넛파우더400g
코코쇼트닝4.5Kg 출고지연 2일 추가
코코스쟌뒤야(6kg)
코코아매스(20kg)
코코아매스(500g)
코코아매스(코코아매쓰) 1kg
코코아버터1Kg
코코아엑기스2116
코코아추출물 3700
코코아추출물(5kg)
코코아타르트미니원형 38mm
코코아파우더(350g)
코코아파우더(아이비자)1kg
코코아파우더(인도네시아)1kg
코코아파우더10(350g*50)
코코아파우더1000_ 1kg
코코아파우더1000_ 350g
코코아파우더1Kg
코코아파우더1Kg Cordoba 20-22
코코아파우더22%(N)1kg
코팅 봉투 크라프트 대/1000EA(1BOX)
코팅 봉투 크라프트 대/100EA
코팅 봉투 크라프트 소/1000EA(1BOX)
코팅 봉투 크라프트 소/100EA
코팅 봉투 크라프트 중/1000EA(1BOX)
코팅 봉투 크라프트 중/100EA
코팅다크 브룬 5kg
코팅다크초콜릿200g
코팅다크초콜릿5Kg_커버럭스
코팅딸기초콜릿200g
코팅밀크 블롱드 5kg
코팅밀크초콜릿200g
코팅밀크초콜릿5kg_커버럭스
코팅블루베리초콜릿
코팅비스켓볼[그린S]
코팅비스켓볼[옐로우]
코팅장갑
코팅종이쇼핑백(그린)
코팅종이쇼핑백(레드)
코팅화이트 이브와 5kg
코팅화이트초콜릿200g
코팅화이트초콜릿5kg_커버럭스
코파카바나소스
코피니포마스오일(5L*4)
코휩_Vegan
콘샐러드(1kg*10)
콘샐러드(1kg*10)
콘스타치20Kg
콘스타치2Kg
콘스타치2Kg(옥수수전분)
콘스탠드 세트 T-1
콘스탠드 세트 T-3
콘킹후랑크소시지454g저염소세지
콘향(KR1170)
콜롬보 고르곤졸라피칸테 200G
콜롬보 고르곤졸라피칸테 약1.5KG
콜롬보 고르곤졸라피칸테 약1.5KG
콜롬보 리코타 250G
콜롬보 리코타 250G
콜롬보 미니모짜렐라보코치니 150G
콜롬보 후레쉬모짜렐라 125G
콜롬비아 후일라 라 플라타 200g
콜만 데어리 버터(블록) [2.5kg *4ea]
콜만 트래디셔널 버터 [2.5kg *4ea]
콜만 휘핑크림 1L * 12
콜비 잭 226g
콤파운드버터 (57％)
콤파운드버터 41% 10Kg
콤포테레드베리(2kg)
콤플릿 마라톤플러스 10kg
콤플릿 밀가루 T55 10kg
콤플릿 블랙소프트 10kg
콤플릿 스칸디나비아 믹스 10kg
콤플릿 크라프트 프리미엄 10kg
콤플릿 크라프트브레드 10kg
콤플릿 헤이즐넛필링
쿠로마유흑-마늘오일
쿠마모토콧테리소스(진한 돈꼬츠)
쿠모치즈1kg
쿠시까스
쿠키받침/100EA
쿠키받침금색 80*60
쿠키봉투 M 반투명 미니/100EA
쿠키산타 초/1EA
쿠키슈(700g)35g*20ea 매장픽업만가능
쿠키스탬프
쿠키스템프_알파벳83종
쿠키지팡이 초/1EA
쿠키진저맨 초/1EA
쿠키커터-곰돌이1
쿠키커터-나비1(둥근날개)
쿠키커터-눈사람 (이미지 다를수 있슴)
쿠키커터-돌고래
쿠키커터-배
쿠키커터-배트맨
쿠키커터-별똥별
쿠키커터-비행기
쿠키커터-스푼
쿠키커터-주름6종PP
쿠키커터-포크
쿠키크런키 1kg 크런치
쿠키판양면  365*335*50H
쿠킹디스펜서
쿠킹크림1L * 12 ea
쿠킹플러스 빵칼
쿠킹플러스 사각 와플팬 2구
쿠킹플러스 스테인레스 전자저울 1KG
쿠킹플러스 진저맨 쿠키커터 3P
쿠킹플러스 진저맨 쿠키커터 3P
쿡렌즈콩4/4
퀘스크렘 레귤러 크림치즈
퀘스크렘 마스카포네 크림치즈
퀘스크렘 마스카포네 크림치즈
퀘스크렘 요거트맛 크림치즈
퀘스크렘 요거트맛 크림치즈 500g
퀘스크렘 플러스 크림치즈
퀴노아,미국산,1KG,EA
큐민분말 47g
큐브식빵팬90_____
큐브식빵팬95_>_>
큐브식빵팬뚜껑90_____
큐브식빵팬뚜껑95_>_>
큐브식빵팬뚜껑95set _대,양면
큐브파운드받침 50개
큐슈풍 생라면
큐슈풍부대나베키트(부대찌개)
큐슈하이라이트 오뎅세트
큐어드 하몽 미니 1kg
큐어드 하몽 미니용 홀더 엔 나이프
큐원_참국수1.6KG(400gx4)*8SE
큐트핸드믹서
큐트핸드믹서
큐팜스녹차파우더500g
큐팜스시나몬파우더180g
큐팜스초코토핑파우더180g_초코파우더
큐팜스초코파우더800g
큐피)마요네즈1kg*10
크라독스 레몬그라스 코코넛 칠리 크래커 80G
크라독스 비트루트 갈릭 크래커 80G
크라독스 스피나치 샐러리 씨드 크래커 80G
크라독스 씨 솔트 크래커 80G
크라독스 오트 크래커 80G
크라독스 칠리 진저 갈릭 크래커 80G
크라스트쇼핑백(대) 200장
크라스트쇼핑백(중) 200장
크라프트 30 직사각 케이스/100EA
크라프트 30 직사각 케이스/10EA
크라프트 30 직사각 케이스/800EA(1BOX)
크라프트 45 직사각 케이스/100EA
크라프트 45 직사각 케이스/10EA
크라프트 45 직사각 케이스/800EA(1BOX)
크라프트 각시링 봉투 160/100EA
크라프트 내유지 25*35/250EA(1봉)
크라프트 도시락 케이스/10EA
크라프트 도시락 케이스/400EA(1BOX)
크라프트 샌드위치 코팅지 33*33/1000EA
크라프트 오트밀 케이스/100EA
크라프트 오트밀 케이스/10EA
크라프트 오트밀 케이스/600EA(1BOX)
크라프트 정사각 샌드위치 케이스/100EA
크라프트 정사각 샌드위치 케이스/10EA
크라프트 정사각 샌드위치 케이스/500EA(1BOX)
크라프트 직사각 샌드위치 케이스/1000EA(1BOX)
크라프트 직사각 샌드위치 케이스/100EA
크라프트 직사각 샌드위치 케이스/10EA
크라프트 크림치즈 1.36kg*6ea
크라프트골드
크라프트네임카드 B1 25매
크라프트네임카드 B2 25매
크라프트네임카드 B3 25매
크라프트네임카드 B4 25매
크라프트봉투 대 1000매
크라프트봉투 소 1000매
크라프트봉투 중 1000매
크라프트샌드위치접시 줄무늬 100개
크라프트샌드위치접시 하우스 100개
크라프트샌드위치컵 소 100개
크라프트샌드위치컵 중 100개
크라프트선물쇼핑백 중 50매
크라프트쇼핑백(트위스트) 대 50개
크라프트쇼핑백(트위스트) 소 50개
크라프트쇼핑백(트위스트) 중 50개
크라프트쇼핑백(플랫) 대 50매
크라프트쇼핑백(플랫) 중 200매
크라프트콘 믹스
크라프트크림치즈(벌크)
크라프트플러스
크란베리파우더100g
크랜베리 클래식 (2kg)
크랜베리 클래식 11.34kg
크랜베리 티에이드 1kg
크러쉬드레드페퍼32g
크러쉬드렌틸(10kg)
크런키쿠키  1kg
크런키쿠키 (브라운)
크런키쿠키10Kg
크레마 필링 초콜릿 루비 RB1 5kg
크로도트(77g)
크로버 3종 스티커 1묶음(13장)/312EA
크로스티 갈릭 & 바질 100g
크로스티 로즈마리 100g
크로스티 엑스트라 버진 올리브 오일 100g
크로칸트(2.5kg)
크루통284g
크리미 브리 115g
크리미비트클래식10kg
크리미비트클래식1Kg_소분
크리미코10Kg
크리미쿠키슈 70g * 20
크리밀(연유)
크리스마스 골직 리본 15mm/그린츄리/1ROLL
크리스마스 골직 리본 15mm/레드츄리/1ROLL
크리스마스 골직 리본 22mm/그린츄리/1ROLL
크리스마스 골직 리본 22mm/레드츄리/1ROLL
크리스마스 골직 리본 9mm/그린츄리/1ROLL
크리스마스 골직 리본 9mm/레드츄리/1ROLL
크리스마스 귀염둥이 눈사람 픽/2EA
크리스마스 그린금박메리 골직25리본/1ROLL
크리스마스 금박메리 골직15리본 레드/1ROLL
크리스마스 금박메리 골직15리본 화이트/1ROLL
크리스마스 금츄리 장식/2EA
크리스마스 눈꽃 2종 픽/2EA
크리스마스 눈꽃 2종 픽/50EA
크리스마스 눈사람 스티커 1묶음(12장)/144EA
크리스마스 눈사람 픽/2EA
크리스마스 눈사람 픽/50EA
크리스마스 데코 원형바 2종 스티커 1묶음(6장)/78EA
크리스마스 띠지 네이비/50EA
크리스마스 띠지 샴페인산타/50EA
크리스마스 띠지 스노우맨체크 그린/50EA
크리스마스 띠지 스노우맨체크 레드/50EA
크리스마스 띠지 해피산타/50EA
크리스마스 레드금박산타 골직25리본/1ROLL
크리스마스 레터 마스킹 테이프/1EA
크리스마스 루돌프 픽/2EA
크리스마스 루돌프 픽/50EA
크리스마스 리본레터 25 리본 초코/1ROLL
크리스마스 메리해피 금박 9 리본 다크그린/1ROLL
크리스마스 메리해피 금박 9 리본 레드/1ROLL
크리스마스 산타 골직25리본 그린/1ROLL
크리스마스 산타 골직25리본 레드/1ROLL
크리스마스 산타 초/100EA
크리스마스 산타 초/10EA
크리스마스 산타 초/1EA
크리스마스 산타 픽/2EA
크리스마스 산타 픽/50EA
크리스마스 산타모자 눈사람 픽/2EA
크리스마스 스노우맨 초/100EA
크리스마스 스노우맨 초/10EA
크리스마스 스노우맨 초/1EA
크리스마스 실버나뭇잎장식 케이크픽/2EA
크리스마스 실버나뭇잎장식 케이크픽/50EA
크리스마스 어썸 다크그린 7종 택
크리스마스 오너먼트 2종 스티커 1묶음/88EA
크리스마스 윈터홀리데이 2종 스티커 1묶음/48EA
크리스마스 지팡이 골직15리본 그린/1ROLL
크리스마스 지팡이 골직15리본 레드/1ROLL
크리스마스 체크금박사슴 골직25리본/1ROLL
크리스마스 츄리 리본 15mm/1ROLL
크리스마스 츄리 리본 25mm/1ROLL
크리스마스 츄리 리본 7mm/1ROLL
크리스마스 케이크픽 X-MAS팻말(소)/4EA
크리스마스 케이크픽 X-MAS팻말(소)/50EA
크리스마스 케이크픽 나뭇잎리스/2EA
크리스마스 케이크픽 나뭇잎리스/50EA
크리스마스 케이크픽 눈꽃레드영문/2EA
크리스마스 케이크픽 눈꽃레드영문/50EA
크리스마스 케이크픽 런닝산타/2EA
크리스마스 케이크픽 런닝산타/50EA
크리스마스 케이크픽 메리X-MAS별장식/2EA
크리스마스 케이크픽 메리X-MAS별장식/50EA
크리스마스 케이크픽 메리크리스마스/2EA
크리스마스 케이크픽 메리크리스마스/50EA
크리스마스 케이크픽 사슴뿔방울장식/2EA
크리스마스 케이크픽 사슴뿔방울장식/50EA
크리스마스 케이크픽 산타/2EA
크리스마스 케이크픽 산타/50EA
크리스마스 케이크픽 솔방울열매츄리/2EA
크리스마스 케이크픽 솔방울열매츄리/50EA
크리스마스 케이크픽 지팡이/2EA
크리스마스 케이크픽 지팡이/50EA
크리스마스 케이크픽 팻말산타모자/2EA
크리스마스 케이크픽 팻말산타모자/50EA
크리스마스 트리 초/100EA
크리스마스 트리 초/10EA
크리스마스 트리 초/1EA
크리스마스 트리체크 양면 25 리본 그린/1ROLL
크리스마스 트리체크 양면 25 리본 화이트/1ROLL
크리스마스 트리컬렉션 마스킹 테이프/1EA
크리스마스 파티 마스킹 테이프/1EA
크리스마스 호호 그린 마스킹 테이프/1EA
크리스마스 호호 레드 마스킹 테이프/1EA
크리스마스 홀리데이 마스킹 테이프/1EA
크리스마스프렌즈 종이박스테이프/1EA
크리스탈스워드(65g)
크리스펄 다크 800g
크리스펄 루비 800g
크리스펄 밀크 800g
크리스펄딸기800g
크리스펄화이트800g
크리스피 미니 브리 바이트 140g
크리스피 초코볼 솔티드카라멜(100g)
크리스피 초코볼 오리지날(100g)
크리스피오트(500g)
크리스피오트(벌크)
크리스피프라이드어니언(튀김양파)
크리크리 10% 그릭 요거트 170G
크리크리 그릭 요거트 스트로베리 150G
크리크리 그릭 요거트 피치 150G
크리크리 그릭 요거트 허니 150G
크리크리 그릭프로즌 요거트 솔티드 카라멜320g
크리크리 그릭프로즌 요거트 플레인 320g
크리크리 그릭프로즌 요거트 허니 320g
크리크리 무지방 그릭 요거트 170G
크림믹스골드(1kg)
크림브륄레1L
크림브륄레포션(10개입)
크림브륄레포션(3개입)
크림샷다55Φ
#20
크림샷다59Φ
#16
크림소프트 4.5kg
크림치즈(미국산)1.36kg
크림치즈(벌크-엘르바이르)
크림치즈(엘르바이르)1.36kg
크림치즈(칸디아)
크림치즈너겟(500g)
크림치즈소스 1kg
크림파티시에(H)
크림파티시에1kg
크림파티쎄리
큰사각용기(뚜껑)400EA/BX
큰사각용기(몸체)400EA/BX
클라시코 엑스트라 버진 올리브 오일 1L
클라시코 엑스트라 버진 올리브 오일 250ml
클라우디 애플 주스 1L
클래시 논데어리 토핑크림 907g *12EA
클래식 그릭 요거트 플레인 150g
클래식 그릭 요거트 플레인 450g
클래식딸기
클래식오렌지1Kg
클램차우더스프(9kg)
클로렐라믹스1kg
클로렐라믹스1kg
클로렐라믹스300g
클로비스 디종머스타드 200G
클로비스 디종머스타드 5KG
클로비스 디종머스타드 830G
클로비스 레드와인비네거 5L
클로비스 발사믹비네거 10L
클로비스 발사믹비네거 500ML
클로비스 발사믹비네거 5L
클로비스 샴페인비네거 500ML
클로비스 샴페인비네거N6 250ml
클로비스 쉐리비네거 500ML
클로비스 애플사이다비네거 10L
클로비스 월넛오일 500ML
클로비스 유기농애플사이다비네거 500ml
클로비스 유기농애플사이다비네거 5L
클로비스 타라곤머스타드 200g
클로비스 타라곤식초 500ml
클로비스 프로방스허브비네거 250ml
클로비스 헤이즐넛오일 500ML
클로비스 홀그레인머스타드 200G
클로비스 홀그레인머스타드 5KG
클로비스 홀그레인머스타드 770g
클로비스 화이트 와인 비네가 7% 500ML
클로비스 화이트와인비네거 5L
클로티드 크림 170g
클로티드 크림 28g
클립형V자스탠드가격표 10cm 10개
클립형V자스탠드가격표 15cm 10개
클립형V자스탠드가격표 5cm 10개
클립형링스탠드가격표 10cm 10개
클립형링스탠드가격표 15cm 10개
클립형링스탠드가격표 5cm 10개
키다보아
키르쉬필링
키위냉동퓨레(100%) 1kg
타공 각대봉투 크라프트 대/1000EA(1BOX)
타공 각대봉투 크라프트 대/50EA
타공 각대봉투 크라프트 소/1000EA(1BOX)
타공 각대봉투 크라프트 소/50EA
타공 크라프트 크라프트 중/1000EA(1BOX)
타공 크라프트 크라프트 중/50EA
타공집게
타공판I
타꼬야끼 16구
타라곤오일_1L
타르트 쉘 스위트 라지 라운드(TS8001)
타르트 쉘 스위트 미니 라운드
타르트누름돌500g 황토
타르트누름돌500g_흰색
타르트미니원형
타르트미니원형 38mm
타르트원형 70mm
타르트탬퍼1호
타르트탬퍼3호
타르트파이팬(분리형)
타르트파이팬(일체형)
타르트팬 1호
타르트팬 2호
타르트팬 3호
타르트팬 4호
타바스코 소스 (150ML*12)
타바스코 소스 (150ML*12)
타바스코소스60ML
타원형PET주름컵 딸기 300개
타원형PET주름컵 블랙숫자 300개
타원형PET주름컵 스윗초코 300개
타원형PET주름컵 핑크리본 300개
타이거 셀렉션 포션 (6pc) 140g
타이머 T-291BL
타이머(베이직)
타이머(커피메이크)
타이머(토마토)T-166RD
타이머T-291 ORange
타임홀 25g
타코 녹차라떼500g
타코 블루베리에이드 파우더 1Kg
타코야끼_1k*10(중국)
타코야끼_1k*10(중국)
타코야끼볼(20g*50)
타코야끼볼(30g*40)
타코야끼소스(오타후쿠)2.1kg*6 EA
타트체리 1kg
타틀릿사브레필브르8.5cm
타피오카전분1kg
타히티 바닐라빈 200g
타히티안500ml
탈리아텔레 3kg
탈리아텔레 알 네로 디 세피아 3kg
탈리에리니 알 네로 디 세피아
탕후루 꼬지 28cm/500EA
탕후루 종이호일/500EA
태경)멸치육수 2.05kg*6ea
태경)본테이스트 감자전분 20KG
태경)사골농축액 1KG*10EA
태경)사골분말 500g*10ea
태경농산 감자전분S(폴란드) 20kg
태공-크랩요리애맛살(1kg*10pk)
태국산 스위트콘 420g*24(RK)
태국산 스위트콘2.95kg x 6
태그 블랙역삼각
태그01초코색+금박+은박
태그02
태그03녹색지+은박
태그04녹색지+금박
태그05녹색지+금박
태그06적색지+인쇄
태그07인쇄+금박
태그08금지+금박
태그09인쇄+금박
태그10인쇄+금박
태그11적색지+먹박
태그13금지+엠보싱
태그14-2 골드역삼각
태그14번 금지+먹박
태그15택+은줄
태그16택+금줄
태그17
태그18먹색지+은박
태그20금지+은박/먹박
태그21인쇄+금박
태그22인쇄+금박
태그23인쇄 (독도사랑해요)
태그24적색지+은박
태그25적색지+금박
태그29
태그33빨간별파티세리
태그녹색나뭇잎
태영)청양마요소스_1kg*10
태영)청양마요소스_1kg*10
태영)청양마요소스_1kg*5
태영)체다치즈소스_2kg*5
태원)갈릭딥핑소스_2kg*5
태원)닭강정소스_2kg*5
태원)불닭소스_2kg*5
태원)스위트칠리소스_1kg*10
태원)쌀똑 양파맛시즈닝_(10g*100ea)*5
태원)쌀똑 치즈맛시즈닝_(10g*100ea)*5
태원)쌀똑 허니버터맛시즈닝_(10g*100ea)*5
태원)양념감자시즈닝(양파맛)_1kg*20
태원)양념감자시즈닝(치즈맛)_1kg*20
태원)유림기용소스_2kg*5
태원)칠리소스-핫_2kg*5
태원)테이준 스파게티소스-1_3kg*5
태원)테이준머스타드(일회용)_12g*250ea
태원)테이준핫소스(일회용)_4g*1000
태원)피자소스-SY_2kg*5
태원)허니버터맛시즈닝TW_1kg*20
태원)헝그리베어피자소스_3kg*5
태태락치킨파우더1kg*10
태화고무장갑(대I)아이보리_1PK(10EA)
태화고무장갑(특대)레드_1PK(10쌍)
태화고무장갑_꽃밴분홍(대)_1PK(10쌍)
태화고무장갑특대빨강L10EA*10PK
탱이 웜즈 젤리(125g)
터머릭분말 47g
테그랄사틴케익레드벨벳15kg
테라) 잉글리쉬블랙퍼스트 1g*100/pack
테라)레몬그라스 0.8g*100ea/pack
테라)레몬그라스 1.5G*30EA
테라)루이보스아몬드 1g*100ea/pack
테라)루이보스아몬드 2G*30EA
테라)얼그레이 1g*100/pack
테라)얼그레이 2G*30EA
테라)캐모마일 0.8g*100/pack
테라)캐모마일 1.5G*30EA
테라)페퍼민트 0.8g*100ea/pack
테라)현미녹차 1g*100/pack
테라)현미녹차 3G*30EA
테소레티
테이크아웃 쇼핑백 크라프트/200EA(1BOX)
테이크아웃 쇼핑백 크라프트/20EA
테이크아웃컵13oz
테이프커터기
테트 드 무안 에이오피 1/2 휠
테트 드 무안 에이오피 로젯
테트드무안 420g
테프론시트  50.5*45 (cm)
테프론시트-1/2용
테프론시트-미니쿠키판용
테프론시트-오븐판용320*370
테프론시트-컨벡스쿠키판용
테프론시트-쿠키판용
토끼팬12구
토나렐리 올 우보 3kg
토로케루카레업무용(고형/매운맛)
토로케루카레업무용(고형/중간맛)
토르텔로네 리코타, 스피나치와 마스카포네 치즈 1kg
토마토스프(200g)(10개입)
토마토퓨레1Kg
토스트 봉투/500EA
토스트봉투
토스트봉투 크라프트 200/5000EA(1BOX)
토스트봉투 크라프트 200/500EA
토스트봉투 화이트 200/5000EA(1BOX)
토스트봉투 화이트 200/500EA
토치 아마레또
토퍼 고스트해피할로윈 실버/5EA(1SET)
토핑스타 블랙칩_150g
토호)튀긴마늘슬라이스 500g*12ea
토호)튀긴마늘슬라이스 500g*12ea
토호)하나후쿠진스케(복신지)1kg*10
톱칼(일)_소
통관자가들어간클램차우더스프(10개입)
통관자가들어간클램차우더스프(40개입)
통관자가들어간클램차우더스프(40개입)
통딸기프리저브(3kg)
통딸기필링(3kg)
통문어가라아게8kg
통블루베리프리저브(1kg)
통영산 수제 굴튀김(20)
통영생굴(국내산, 3KG/BOX,D-2)
통오징어가라아게5kg
통주걱대
통주걱소 L:200
통체리프리저브(1kg)
통팥앙금SI(미국산)
투명 M 쿠키 봉투/100EA
투명 M 쿠키 봉투/2000EA(100*20묶음)
투명 PET용기 12온즈 (뚜껑별도)/100EA
투명 PET용기 12온즈 (뚜껑별도)/25EA
투명 PET용기 12온즈 (뚜껑별도)/500EA(1BOX)
투명 PET용기 16온즈 (뚜껑별도)/100EA
투명 PET용기 16온즈 (뚜껑별도)/25EA
투명 PET용기 16온즈 (뚜껑별도)/500EA(1BOX)
투명 PET용기 24온즈 (뚜껑별도)/100EA
투명 PET용기 24온즈 (뚜껑별도)/25EA
투명 PET용기 24온즈 (뚜껑별도)/500EA(1BOX)
투명 PET용기 2온즈 (뚜껑포함) 평판/100EA
투명 PET용기 2온즈 (뚜껑포함) 평판/2500EA(1BOX)
투명 PET용기 3온즈 (뚜껑포함) 평판/100EA
투명 PET용기 3온즈 (뚜껑포함) 평판/2500EA(1BOX)
투명 PET용기 4온즈 (뚜껑포함) 평판/100EA
투명 PET용기 4온즈 (뚜껑포함) 평판/2500EA(1BOX)
투명 PET용기 미니 소스 0.75온즈/100EA
투명 PET용기 미니 소스 0.75온즈/5000EA(1BOX)
투명 PET용기 미니 소스 0.95온즈/100EA
투명 PET용기 미니 소스 0.95온즈/5000EA(1BOX)
투명 PET컵 8온즈 (92파이) 100EA/돔무타공(뚜껑)
투명 PET컵 8온즈 (92파이) 100EA/돔타공(뚜껑)
투명 PET컵 8온즈 (92파이) 100EA/선택안함(뚜껑)
투명 PET컵 8온즈 (92파이) 100EA/평판무타공(뚜껑)
투명 PET컵 8온즈 (92파이) 100EA/평판타공(뚜껑)
투명 PET컵 9온즈 (98파이) 100EA/돔무타공(뚜껑)
투명 PET컵 9온즈 (98파이) 100EA/선택안함(뚜껑)
투명 PET컵 9온즈 (98파이) 100EA/평판무타공(뚜껑)
투명 PET컵 뚜껑 돔 무타공 (92파이)/1000EA(1BOX)
투명 PET컵 뚜껑 돔 무타공 (92파이)/100EA
투명 PET컵 뚜껑 돔 무타공 (98파이)/1000EA(1BOX)
투명 PET컵 뚜껑 돔 무타공 (98파이)/100EA
투명 PET컵 뚜껑 평판 무타공 (92파이)/1000EA(1BOX)
투명 PET컵 뚜껑 평판 무타공 (92파이)/100EA
투명 PET컵 뚜껑 평판 무타공 (98파이)/1000EA(1BOX)
투명 PET컵 뚜껑 평판 무타공 (98파이)/100EA
투명 버블티 빨대 (일자형) 개별포장/반투명 약 200EA
투명 버블티 빨대 (일자형) 개별포장/반투명 약 3200EA(1BOX)
투명 버블티 빨대 (일자형) 벌크/반투명 약 200EA
투명 버블티 빨대 (일자형) 벌크/반투명 약 3200EA(1BOX)
투명 빨대/10000EA(1BOX)
투명 빨대/500EA
투명 삼각 무스띠/100EA
투명 위생 마스크 M4A(필름교체형)/1EA
투명 위생 마스크 M5A(필름일체형)/1EA
투명 위생 마스크 마스크필름(M4A)/1EA
투명 쿠키 봉투 대/100EA
투명 쿠키 봉투 대/3000EA
투명 쿠키 봉투 소/100EA
투명 쿠키 봉투 소/3000EA
투명 쿠키 봉투 중/100EA
투명 쿠키 봉투 중/3000EA
투명쿠키봉투 12*20 M형 200매
투명쿠키봉투 5*20 1000매
투명쿠키봉투 5*20 1000매
투명쿠키봉투 6*20 200매
투명쿠키봉투 7*9
투명쿠키봉투 8*22 M형 200매
투명쿠키봉투 8*30 M형 200매
투명쿠키봉투 9*16 M형 1000매
투명쿠키봉투 9*25 M형 200매
투명쿠키봉투 9*32 M형 200매
투명쿠키봉투(금) 6.5*13 1000매
투명테이프 20개
튀겨도타지않는 바삭바삭 크리스피1.5kg
튀김 봉투 크라프트/500EA
트래디션90
트러플 발사믹 글레이즈 250ml
트러플소금_150g
트러플오일_250ml
트러플오일이들어있는버섯스프(10개입)
트러플오일이들어있는버섯스프(40개)
트레이 샌드위치 옐로우/50EA
트레이 샌드위치 화이트/50EA
트로피칼 원더 젤리(125g)
트로피칼 원더 젤리(40g)
트루팜)볶음참깨1kg*10EA
트리리본 10mm
트리리본 15mm
트리리본 25mm
트리플 크렘 180g
트리플섹1.8L
트리플엑셀1Kg
트와인 끈 그레이/1ROLL
트와인 끈 그린/1ROLL
트와인 끈 네이비/1ROLL
트와인 끈 라이트그린/1ROLL
트와인 끈 라이트핑크/1ROLL
트와인 끈 레드/1ROLL
트와인 끈 브라운/1ROLL
트와인 끈 블랙화이트/1ROLL
트와인 끈 스카이/1ROLL
트와인 끈 시즌2 블랙/1ROLL
트와인 끈 옐로우/1ROLL
트와인 끈 옐로우그린/1ROLL
트와인 끈 오렌지/1ROLL
트와인 끈 퍼플/1ROLL
티나튀김봉투1000EA/BOX
티롤러 쉰켄 칩스 40g
티롤리니 마일드 40g
티알아이)가라아게 염지제-씨에프_15kg
티알아이)로즈마리홀(모로코)_200g*12
티알아이)바질리브즈(홀,네덜란드)_150g*12
티알아이)오레가노홀(터키)_150g*12
티알아이)월계수잎(터키)_230g*6
티알아이)치킨염지제-아이에스_15kg
티알아이)치킨텐더용염지제_15kg
티알아이)피클링스파이스_1kg*10
티앤씨)블랙타피오카펄 3kg*6ea
틴타이 각대봉투 1SIZE/100EA
파나토네 P 60/100EA
파네토네 *200
파네토네 P110 200매
파네토네 P6050 200매
파네토네 P90 200매
파네토네컵 60 * 50 100개
파네토네향SI(500g)
파네톤(밀가루)
파란쓰레기봉투실속형50L(63*82*50매)*20/BX
파르네제 그라나 파다노 150g
파르네제 파르미지아노 레지아노 150g
파르네제 파르미지아노 레지아노 1Kg
파르네제 파르미지아노 레지아노 24M 150g
파르네제 파르미지아노 레지아노 플레이크 100g
파르미지아노 레지아노 라비올리 250g
파르미지아노 레지아노 크림치즈 - 트러플 125g
파머스)초밥용계란구이본(1kg*8)
파바나냉동퓨레
파베 다피누아 미니 믹스 3 버라이어티스 160g
파베 다피누아 오리지날 6 미니스 6*30g
파분말(국산)1kg
파분말(국산)200g
파스키에 미니 토스트 80g (36조각)
파스타 알 우보 라사니아
파스타 알 우보 라사니아 6등분
파스타보일러    이미지준비중
파스텔 타이 스카이/1000EA(1봉)
파스텔 타이 스카이/50000EA(50봉)
파스텔 타이 퍼플/1000EA(1봉)
파스텔 타이 퍼플/50000EA(50봉)
파스텔 혼합 빨대/10000EA(1BOX)
파스텔 혼합 빨대/500EA
파슬리후레이크250g(이스라엘)
파슬리후레이크3mm 10g
파에테 포요틴 2kg
파에테포요틴 2.5kg
파에테포요틴 500g
파운드 노루지 컵 소/100EA
파운드 노루지 컵 중/100EA
파운드 몰드 SET 대/5EA
파운드 몰드 중/1000EA(1BOX)
파운드 몰드 중/50EA
파운드 백색 유산지 컵/100EA
파운드노루지 중(100매)
파운드노루지소
파운드몰드 PM150 100매
파운드몰드 PM200 50매
파운드몰드 PM227 40매
파운드몰드(대) ( 50매 )
파운드몰드(소) ( 50매 )
파운드몰드(원형)
파운드몰드(중)
파워랩(45cm*500M)3.12kg*6
파이랙스카제롤뚜껑 160mm-MIB
파이랙스카제롤뚜껑 200mm-MIB
파이랙스카제롤뚜껑 240mm-MIB
파이랙스카제롤뚜껑 280mm-MIB
파이칼 대
파이칼 소
파이칼(소)
파이팬대
파이팬소
파이팬중
파이팬특대
파이핑백+노즐3종
파인소프트202_10Kg
파인소프트C 2kg
파인소프트C10Kg
파인소프트T 10Kg
파인애플
파인애플 1kg
파인애플 청크잼 (1kg)
파인애플(kuiburi_태국)850g
파인애플냉동퓨레(100%) 1kg
파인애플다이스1kg
파인애플다이스1kg
파인애플베이컨꼬치(20)
파인애플슬라이스(녹색)820G*12
파인애플슬라이스(태국)850G*12 (G)
파인애플슬라이스3.063KG*6
파인애플청크3.035kg*6
파인애플티드빗3.035KG*6
파타토
파타트르 파리지엔
파티시에네임카드 20매
파파야다이스1kg
파푸아지 밀크 아몬드 초콜릿 200g
파프리카소스2kg
파프리카추출분말1kg
파피루스 코팅지 33*33 그레이/1000EA
파피루스 코팅지 33*33 살구/1000EA
판다크커버춰 엑셀랑스 2.5kg
판밀크커버춰 락티슈페리에 2.5kg
판화이트커버춰 블랑사탱 2.5kg
팔각받침10 블랙 100매
팔라완
팔레도르 (프랄린)
팔리니 가루 치즈 80g
팔마산 슈레드[1/8]750g
팔마산소스1Kg
팔마산슈레드[가는슈레드]
팔마산슈레드[블록1/8]_950g
팜쇼트닝/20KG/BOX
팜스프리미안1kg
팜파스키친타올2RL*20PK/BX
팜파스키친타올2RL*20PK/BX
팜피아) 냉동 고구마스틱(2KG*5)
팜피아)냉동군고구마,인도네시아산,2.5KG*4
팜피아)냉동미니맛고구마(2kg)
팜피아)냉동청피망 2kg*5
팜피아)스팀단호박 유피(2kg*5)
팜피아)스팀단호박탈피(2kg*5)
팜피아)유탕고구마(2kg*5bag)
팜피아)증숙고구마(5KG*2EA)
팝콘봉투  100
팡도르팬
팡럼 (럼주)
팡브러쉬1호
팡브러쉬2호
팡브러쉬3호
팡브러쉬4호
패션프루트 프레쉬 펄 55g
패션프루트냉동퓨레(100%) 1kg
패션후르츠 냉동퓨레
패션후르츠냉동퓨레
패션후르츠퓨레
패션후르츠퓨레1Kg (프랑스)
패스트리브릭 170g
패턴 40/45/55 색지컵 40mm/그린/200EA(1줄)
패턴 40/45/55 색지컵 40mm/퍼플/200EA(1줄)
패턴 40/45/55 색지컵 45mm/그린/200EA(1줄)
패턴 40/45/55 색지컵 45mm/초코/200EA(1줄)
패턴 40/45/55 색지컵 45mm/퍼플/200EA(1줄)
팬케익
팻블렌드(Fat Blend)12.5KG
퍼블리크 골드
퍼블리크 그린
퍼블리크 블랙
퍼블리크 블랙 콜드브루 500ml
퍼시픽(본가드) 스위스슬라이스WH 2.27k(120p)
퍼시픽(본가드) 스위스슬라이스WH 2.27kg
퍼시픽(본가드) 아메리칸슬라이스YE 2.27Kg
퍼지브라우니믹스10kg
퍼플초코펜20g
펄 모양 초콜릿 20mm
펄믹스 초코볼 (300g)
펄솔트
펄슈가C35 10Kg
펄아가NO.11
펄아가NO.9
펄프 A사각볼 세트 24oz 소스거치형/300EA(1BOX)
펄프 A사각볼 세트 24oz 일반형/300EA(1BOX)
펄프 A사각볼 세트 28oz 소스거치형/300EA(1BOX)
펄프 A사각볼 세트 28oz 일반형/300EA(1BOX)
펄프 A사각볼 세트 32oz 소스거치형/300EA(1BOX)
펄프 A사각볼 세트 32oz 일반형/300EA(1BOX)
펄프 사각트레이(9×9) 세트 32oz/300EA(1BOX)
펄프 사각트레이(9×9) 세트 48oz/300EA(1BOX)
펄프 스프컵 세트 12oz/1000EA(1BOX)
펄프 스프컵 세트 16oz/1000EA(1BOX)
펄프 스프컵 세트 8oz/1000EA(1BOX)
펄프 원형볼 세트 1000ml/300EA(1BOX)
펄프 원형볼 세트 600ml/300EA(1BOX)
펄프 원형볼 세트 750ml/300EA(1BOX)
펄프 정사각볼(5×5) 세트 375ml/500EA(1BOX)
펄프 정사각볼(5×5) 세트 500ml/500EA(1BOX)
펄프 정사각볼(6.5×6.5) 세트 16oz/300EA(1BOX)
펄프 정사각볼(6.5×6.5) 세트 24oz/300EA(1BOX)
펄프 정사각볼(6.5×6.5) 세트 32oz/300EA(1BOX)
펄프 직사각볼(6×9) 세트 20oz/300EA(1BOX)
펄프 직사각볼(6×9) 세트 30oz/300EA(1BOX)
펄프 직사각볼(6×9) 세트 36oz/300EA(1BOX)
펄프 타원볼 세트 620ml/300EA(1BOX)
펄프 타원볼 세트 770ml/300EA(1BOX)
펄프 핫도그트레이(4×8) 세트/300EA(1BOX)
펄프도시락 라운드 직사각/50EA
펄프도시락 원형세트 (L014)/400EA(1BOX)
펄프도시락 원형세트 (L014)/50EA
펄프도시락 정사각 대(3칸/B32)/250EA(1BOX)
펄프도시락 정사각 대(3칸/B32)/50EA
펄프도시락 정사각 중(3칸/B31)/200EA(1BOX)
펄프도시락 정사각 중(3칸/B31)/50EA
펄프도시락 정사각 중(B26)/200EA(1BOX)
펄프도시락 정사각 중(B26)/50EA
펄프도시락 직사각 2칸(B02)/50EA
펄프도시락 직사각 대(B30)/250EA(1BOX)
펄프도시락 직사각 대(B30)/50EA
펄프도시락 직사각 소(B04)/500EA(1BOX)
펄프도시락 직사각 소(B04)/50EA
펄프도시락 직사각 중 크라프트(B01)/50EA
펄프도시락 직사각 중 화이트(B01)/50EA
펄프도시락 햄버거 크라프트(B03K)/500EA(1BOX)
펄프도시락 햄버거 크라프트(B03K)/50EA
펄프도시락 햄버거 화이트(B03)/500EA(1BOX)
펄프도시락 햄버거 화이트(B03)/50EA
펄프용기 사각볼세트 대(L016)/400EA(1BOX)
펄프용기 사각볼세트 대(L016)/50EA
펄프용기 사각볼세트 소(L011)/400EA(1BOX)
펄프용기 사각볼세트 소(L011)/50EA
펄프용기 사각볼세트 중(L013)/400EA(1BOX)
펄프용기 사각볼세트 중(L013)/50EA
펄프용기 사각타원세트 2구(B047) 사각타원2구용기/PET뚜껑/500EA(1BOX)
펄프용기 사각타원세트 2구(B047) 사각타원2구용기/PET뚜껑/50EA
펄프용기 사각타원세트 2구(B047) 사각타원2구용기/펄프뚜껑/500EA(1BOX)
펄프용기 사각타원세트 2구(B047) 사각타원2구용기/펄프뚜껑/50EA
펄프용기 사각타원세트(B046) 사각타원용기/PET뚜껑/500EA(1BOX)
펄프용기 사각타원세트(B046) 사각타원용기/PET뚜껑/50EA
펄프용기 사각타원세트(B046) 사각타원용기/펄프뚜껑/500EA(1BOX)
펄프용기 사각타원세트(B046) 사각타원용기/펄프뚜껑/50EA
펄프용기 원형 화이트 접시 대/500EA(1BOX)
펄프용기 원형 화이트 접시 대/50EA
펄프용기 원형 화이트 접시 미니/1000EA(1BOX)
펄프용기 원형 화이트 접시 미니/50EA
펄프용기 원형 화이트 접시 소/1000EA(1BOX)
펄프용기 원형 화이트 접시 소/50EA
펄프용기 원형 화이트 접시 중/500EA(1BOX)
펄프용기 원형 화이트 접시 중/50EA
펄프용기 원형세트 소(L064)/500EA(1BOX)
펄프용기 원형세트 소(L064)/50EA
펄프용기 원형세트 중(L063)/500EA(1BOX)
펄프용기 원형세트 중(L063)/50EA
펄프용기 직사각세트 대(56)/100EA
펄프용기 직사각세트 대(56)/600EA(1BOX)
펄프용기 직사각세트 중(55)/100EA
펄프용기 직사각세트 중(55)/600EA(1BOX)
펄프용기 타원형세트 대(65)/400EA(1BOX)
펄프용기 타원형세트 소(66)/50EA
펄프용기 타원형세트 소(66)/600EA(1BOX)
펌프킨후레바
페라리니 발사믹 비네거 500ml
페루 카카오 38%
페루 카카오 62％
페스토 바질 엔 파인넛 토르텔로니 250g
페스티팩 1L
페이스트리 버터 (레스큐어AOP)
페이스트리시트골드/5KG(1KG*5)/BOX
페이장 까망베르롱라이프 125G
페이장 냉동 필드 크레페 - 딸기
페이장 냉동 필드 크레페 - 초코
페이장 냉동 필드 크레페 - 캬라멜
페이장 라바게트 200G
페이장 라브리끄 200G
페이장 르까망베르 250G
페이장 르브리 1KG
페이장 르브리60% 약3KG
페이장 르블루도베르뉴 125g
페이장 마담로익갈릭앤허브 150G
페이장 마담로익네이처포션 120G
페이장 마담로익네이처포션 120G
페이장 마담로익무화과앤호두 150G
페이장 마담로익샐몬앤차이브 150G
페이장 마담로익샬롯앤차이브 150G
페이장 마담로익쉐브르 150G
페이장 마담로익월넛 150G
페이장 마담로익플레인 150G
페이장 물레버터  무염 250G
페이장 물레버터  무염 500G
페이장 물레버터  무염 500G
페이장 물레버터가염 250G
페이장 물레버터가염 500G
페이장 버터가염포션(10g*20) 200G
페이장 버터게랑드포션(10g*20) 200G
페이장 버터무염포션(10g*20) 200G
페이장 브리-롱라이프 125G
페이장 빼띠무염포션버터 1kg
페이장 사각가염버터 200g
페이장 사각무염버터 200g
페이장 스트로베리크레페 180g
페이장 에멘탈슬라이스 160g
페이장 에멘탈프랑시스 250g
페이장 에멘탈프랑시스 250g
페이장 에멘탈프랑시스 약3KG
페이장 오리지널크레페(12P) 370G
페이장 쥐라플로르꽁테 12개월
페이장 쥐라플로르꽁테 6개월
페이장 크리스탈 소금버터 250g
페이장 패스트리버터 2kg
페이장 페띠물레포션갈릭 6개입 100.02G
페이장 페띠물레포션플레인 6개입 100.02G
페이장 페이장브레통 버터롤 1KG
페이장 프랑스에멘탈슈레드 1KG
페이장 프랑스에멘탈슈레드350G
페이장 필드크레페초코 180g
페이장 휘핑크림30% 200ML
페이장 휘핑크림35% 1L
페이장브르통)오리지날 크레페 370g*8ea
페이퍼타올일반지2P_5000EA/B
페코리노사르데니아
페코리노치즈
페타 150g
페타치즈 허브 앤 스파이스 280g
페투치니 3kg
페트롤8cm_케익페트
페파민트오일500g
페퍼 잭 226g
펙틴 1Kg
펙틴(젤리용)1kg
펜네 리가테 넘버 91 500g
펜슬스틱P135x5.5ø(벌크)
포도 리플잼 1kg
포도레진(1kg)
포도레진N(300g)
포도쿠키크런치 1kg
포도파우더1Kg
포도향 80g
포도향-O-레진(90g)
포도향초코펜20g
포레다크 (장식부채 24ea)
포레다크 1kg(250개)
포르치니 라비올리 250g
포메리 머스터드 100g
포메리 머스터드 250g
포메리 머스터드 500g
포모나)마론소스2kg*6
포모나)믹솔로지 펄피그린애플시럽 1L*6EA
포모나)바닐라빈소스2KG*6
포모나)바닐라빈소스2KG*6
포모나)스무디펌
포모나)요거트파우더1KG*12
포모나)유자스무디 2KG*6
포모나)키위스무디2KG*6
포모나딸기스무디2kg
포모나메이플시럽1L
포모나바닐라시럽1L
포모나바닐라파우더
포모나샹그리아&뱅쇼 베이스1kg
포모나요거트 파우더1kg
포모나요거트후레쉬1Kg
포모나초콜릿파우더(코코아파우더)800g
포모나캬라멜시럽1L
포모나코코렛소스 2KG*6
포모나헤이즐넛향시럽1L
포모나화이트초콜릿파우더
포모도로 모짜렐라 토르텔로니 250g
포션 믹스 (고다, 에담, 체다, 레드 체다)(20g X 6pc)
포스누아 1kg
포유 각대봉투 포유/100EA
포장용 큰 비닐봉투(39*38cm) 2000ea/BOX
포케 마로이 AOP 210g
포켓 코팅봉투 크라프트 240/5000EA(1BOX)
포켓 코팅봉투 크라프트 240/500EA
포켓 코팅봉투 화이트 240/5000EA(1BOX)
포켓 코팅봉투 화이트 240/500EA
포켓몬물통
포크(일회용_플라스틱)100E*20P/BX
포크(일회용_플라스틱)100E*20P/BX
포크검정(017) 개별_세븐스테이크
포테이토샐러드(1kg*10)
포테이토샐러드(1kg*10)
포티드 블루 스틸턴 100g
폭죽(미니콘)
폭죽(샴페인콘)
폭죽100개입
폰테라 고다치즈
폰테라 칼라체다치즈 20KG
폰테라)고다치즈20kg(10kg*2)
폰티)화이트발사믹식초_500ml*12
폰티)화이트발사믹식초_500ml*12
폴 에피 클래식 슬라이스 150g
폴렌타 500g
폴렌타(1kg)
폴리바크림치즈227g
퐁당럼 (럼주)
퐁당럼 (럼주)  1L
퐁당쇼콜라 녹차(100g)
퐁당쇼콜라 녹차(70g)
퐁당쇼콜라 초코(100g)
퐁당쇼콜라 초코(70g)
퐁듀타임(2kg)
표고버섯 후라이
푸드메쉬사각 400*1000
푸드메쉬사각 400*400
푸드메쉬사각 400*600
푸드메쉬사각롤
푸드메쉬사각롤
푸드야)냉동키위,1cm다이스,중국산,1kg*10
푸드올)JOOS 버진올리브오일(5L*4)
푸드올)라리 레몬쥬스 1L*12
푸드올)스위트웰쌀국수육수파우더_400g*10
푸드올)썬큐 베이크드빈스 2.7kg*6
푸드올)썬큐 베이크드빈스 420g*24
푸드올)이엔 노리풍 후리가께 500g*10
푸드코리아)면기능강화제 280g*30
푸드코리아)사과를넣은 타르타르소스(1.85kg*8)
푸드트레이 김밥 화이트(61)/100EA
푸드트레이 김밥 화이트(61)/800EA(1BOX)
푸드트레이 소스 화이트(J25)/400EA
푸드트레이 소스 화이트(J25)/5000EA(1BOX)
푸드트레이 정사각 화이트(71)/100EA
푸드트레이 정사각 화이트(71)/600EA(1BOX)
푸드트레이 직사각 화이트(611)/800EA(1BOX)
푸딩
푸딩AL_소
푸룬 퓨레 23.59kg
푸룬주스 농축액 70Brix 24.94kg
푸아그라 2 레이어 400g
푸아그라 400~600g
푸아그라 디베인 500g
푸아그라 빅 로브 310g  ( 주문발주 )
푸아그라 스프레드
푸아그라 슬라이스 140g (25~40g x 4)  ( 주문 발주 )
푸아그라 슬라이스 1Kg (40~60g x 20)
푸아그라 앤 무화과 180g
푸아그라 페퍼 앤 샴페인
푸아그라죽(1kg)
푸알레루스티크
푸어앤휩 퍼포먼스 플러스(레드) 907g * 12 ea
푸주 163g*30
풍기소스_1kg
풍림)계란후라이_패티용(900g*10)
풍림)얇은고명지단(700g*10)
풍림)풍요한아침깐계란_1KG*10
풍선 초 땡땡이/1EA
풍선 초 무지/1EA
풍요한아침깐메추리알(1kg)
풍요한아침깐메추리알(1kg*10ea)
풍요한아침깐메추리알(1kg*10ea)
퓨어 버터 타틀릿 8.5cm
퓨어버터 스윗 미니 타틀릿 4.9cm
퓨어올리브오일 5L
프라리노사W 5kg
프라리노사W 800g
프라린콩까세슈페리에르아몬드트루피(1.4kg
프랄리노 다크초코 파우더 아몬드 초콜릿
프랄리노 밀크 아몬드 초콜릿 120g
프레디베인스 프로즌모짜렐라슬라이스(15g) 1KG
프레디베인스 프로즌모짜렐라펄(5g) 1KG
프레리팜스 크림치즈 미국산 1.36KG*10
프레리팜스(스위스벨리)크림치즈 1.36KG*10(냉장)
프레리팜스(스위스벨리)크림치즈 1.36KG*10(냉장)
프레리팜스(스위스벨리)크림치즈 13.6KG(6.8*2)
프레리팜스(스위스벨리)크림치즈(9.08kg*2ea)
프레스코 나초치즈소스(E5)
프레스코 스프레더블 150g
프레스티지 이즈니 카라멜 250g
프레즐소다
프레지덩 무염버터(400g*20) BX
프레지덩 휘핑크림 18% 1Liter*6pack/box
프레지덩 휘핑크림 18% 1Liter*6pack/box
프레지덩프렌치버터200g
프레첼블렌드
프렌즈)롯데 환만식초 1.8L*9
프렌즈)우림사과쨈(파우치) 5KG*3
프렌즈)지룩스 라임쥬스음료_750ml*12병
프렌치 크림 치즈 150g
프렌치 프라이 슈스트링 1kg
프렌치 프라이 스트레이트 컷 1kg
프렌치 프라이 크링클 컷 1kg
프렌치바닐라레진(600g)
프렌치스타일믹스 2.5kg
프로 적외선 온도계
프로마제 다피누아 블루 170g
프로마제 다피누아 엑셀런스 185g
프로마쥬 프레 라즈베리 150g
프로마쥬 프레 카라멜라이즈드 사과 150g
프로마쥬블랑 500G
프로마쥬-프레-딸기-150g
프로미 까망베르로얄 250g
프로미 까망베르로얄포콘 250g
프로미 델리스 다정탈 100g
프로미 델리스 다정탈 트러플 100g
프로미 델리스 크랜베리 110g
프로미 델리스 파파야 110g
프로미 라퀘유 푸름 당베르 185g
프로미 라팡드 125g
프로미 르1921 220g
프로미 미니브리 250g
프로미 뷔셰뜨몬서 150g
프로미 블루 스틸턴 150g
프로미 쁘띠 그레도르 125g
프로미 쁘띠 스모키 125g
프로미 생제르맹 200g
프로미 피칸두 허니 125g
프로볼로네 돌체 1Kg
프로볼로네 돌체 200g
프로볼로네 돌체 200g
프로볼로네 슬라이스 170g
프로볼론치즈슬라이스(6.4슈레드)
프로슈토 디 파르마 70g
프로슈토촙핑_500g
프로즌 스페셜티 위드 레몬그라스1kg
프로페셔널크림 * 12개
프룬(건자두) 200g
프리고)리코타치즈1.36kg*6
프리모카페커피믹스800g*12
프리미엄 버터 컴파운드 4.5KG
프리미엄 우유버터화이트 4.5kg
프리미엄국산녹차분말(100g)
프리미엄국산녹차분말(1kg)
프리미엄마차파우더100g
프리미엄마차파우더1Kg
프리미엄망고필링(냉동)1kg
프리미엄베리필링1kg
프리미엄블루베리필링(냉동)
프리미엄스프링클코코아파우더(1kg)
프리미엄스프링클코코아파우더(2)10kg
프리미엄요거트파우더1kg
프리미엄츄러스믹스(영인)1kg
프리미엄홍차 티백용350g
프리미엄홍차가루350g
프리미엄홍차파우더350g
프리미엄홍차파우더50g
프리츠 골드 1Liter*12pack/box
플라스틱 가격표 ㄴ형/20EA
플라스틱 가격표 ㄷ형/20EA
플라스틱 미니칼 개별/100EA
플라스틱 스푼 개별/100EA
플라스틱 스푼 벌크/100EA
플라스틱 스푼(145mm) 블랙/개별/100EA
플라스틱 스푼(145mm) 블랙/개별/2000EA(1BOX)
플라스틱 스푼(145mm) 화이트/개별/100EA
플라스틱 스푼(145mm) 화이트/개별/2000EA(1BOX)
플라스틱 스푼(145mm) 화이트/벌크/100EA
플라스틱 스푼(145mm) 화이트/벌크/2000EA(1BOX)
플라스틱 포크 120 개별 블랙/500EA
플라스틱 포크 120 개별 투명/500EA
플라스틱 포크 개별/100EA
플라스틱 포크 벌크/100EA
플라스틱 포크(155mm) 블랙/개별/100EA
플라스틱 포크(155mm) 블랙/벌크/100EA
플라스틱 포크(155mm) 화이트/개별/100EA
플라스틱 포크(155mm) 화이트/벌크/100EA
플라스틱나이프 100ea
플라워 트레이 대/100EA
플라워 트레이 대/10EA
플라워 트레이 소/100EA
플라워 트레이 소/10EA
플라워 트레이 중/100EA
플라워 트레이 중/10EA
플라워HD 200매
플라워곰 쇼핑백/25EA
플라워양 쇼핑백/25EA
플라워토끼 쇼핑백/25EA
플래차드 버터 500g*20
플래차드 버터블랜드 10kg
플랭땅 블랙 트러플 오일 250ml
플랭땅 섬머 트러플 페르시안 블루 솔트 100g
플랭땅 섬머 트러플 히말라야 핑크 솔트 100g
플랭땅 썸머 트러플 필링 200g
플랭땅 트러플 발사믹 비네거 100ml
플랭땅 트러플 발사믹 비네거 250ml
플랭땅 트러플 소금 50g
플랭땅 트러플 카르파치오 40g
플랭땅 포르치니 게랑드 씨 솔트 50g
플랭땅 화이트 트러플 오일 250ml
플랭땅 화이트 트러플 올리브 오일 100ml
플럼주스 농축액 70Brix 25.49kg
플럼피 트레이 원형/50EA
플럼피 트레이 직사각(미니)/50EA
플럼피 트레이 직사각(중)/50EA
플레이크페이스트리도우
플레인머핀믹스
플레인요거트파우더 500g
플로라 오리지널 팻 스프레드 250g
플로라 오리지널 팻 스프레드 500g
플로레뜨 116g
플뢰르 오랑제
피넛버터20(10kg)
피넛크런치1Kg
피넛크런치1kg
피넛크런치300g
피쉬그릴크램프-MIB
피스 띠 투명/5/1000EA
피스 띠 투명/5/32000EA(1BOX)
피스 띠 투명/6.5/1000EA
피스 띠 투명/6.5/26000EA(1BOX)
피스 띠 투명/8/1000EA
피스 롤 5/1EA
피스 롤 5/48EA(1BOX)
피스 롤 6.5/1EA
피스 롤 6.5/40EA(1BOX)
피스 롤 8/1EA
피스 롤 8/28EA(1BOX)
피스띠
피스롤5cm
피스롤6.5cm
피스롤8cm
피스받침13 100매
피스받침15 받침만 100매
피스받침15 투명케이스만 50매
피스스탠드 10cm 100매
피스스탠드 200매
피스스탠드 3.5cm 200매
피스타치오 타르트(72개입)
피스타치오 페이스트  190g
피스타치오 페이스트  1kg
피스타치오 페이스트 500g
피스타치오레진(600g)
피스타치오분말 1kg*10ea
피스타치오페이스트S
피시콜라겐10Kg
피시콜라겐500g
피오니 트리플섹 1.8L
피오렐리노 알 타르투포 1kg
피자 천끈 레드 대(160M)/1ROLL
피자 천끈 레드 소(50M)/1ROLL
피자 폰드 1kg
피자바게트 100매
피자바게트 받침/100EA
피자박스 크라프트 10인치/100EA(1BOX)
피자박스 크라프트 12인치/100EA(1BOX)
피자박스 크라프트 13인치/100EA(1BOX)
피자박스용삼발이2000EA/BX
피자스페치 55*250
피자적색리본16mm*63y*10EA*27PK/BX
피자팬11
피자팬13
피자팬9
피지 프렌즈 젤리(125g)
피지 프렌즈 젤리(40g)
피카이치 우동다시
피크닉도시락 50개
피클링스파이스 45g
피클링스파이스40g
피타브레드
필라델피아 치즈케이크 큐브 쿠키 200g
필라델피아 크림치즈
필라델피아 크림치즈 1.36KG
필라델피아 크림치즈 1.36KG*6_미국
필라델피아크림치즈2KG*8_호주
필라델피아크림치즈2KG_호주
필로페스트리 250g
필립스소스펌프
필립스소스펌프
핑거쿠키&에클레어팬14구
핑크 레모네이드 330ml
핑크PET주름컵 500매
핑크도일리 투명스티커 10PC*13
핑크자몽냉동퓨레(100%) 1kg
핑크초코펜20g
하나다시1kg*10
하나다시2kg*6
하늘)감자야채고로케속(1kg*10)
하늘)햄감자야채고로케속(1kg*10ea)
하림)자연실록 봉 600G*5PACK
하림)자연실록 윙 600G*5PACK
하림)치킨너겟1kg*10
하바나 코코아 (프랄린)
하수오분말1kg(국산)
하수오분말300g(국산)
하얀강낭콩4/1 2.75kg
하얀손)다목적고무장갑(미니)_10켤레*50Pk
하우스-바몬드플레이크
하우스-자바플레이크
하우스트 미니토스트  80g
하이델)후레시피클(슬라이스)3.2kg*6EA
하이락스2L*6
하이락스2L*6
하이스프리 4.5kg 3일 출고지연
하이큐블렌딩커피(다크)500G*10
하이팻코코아파우더1Kg
하이푸드)불고기켄터키후랑크(1kg*10)
하이푸드)불고기켄터키후랑크_냉장(1kg*10)
하츠(염통)꼬치
하카타콧테리소스(돈꼬츠스프)
하트 (프랄린)
하트 2종 토퍼/6EA
하트 초 레드/1EA
하트 초 퍼플/1EA
하트 초 핑크/1EA
하트가든PE쇼핑백 소 100매
하트가든PE쇼핑백 중 100매
하트레터링HD봉투
하트링세트
하트초코컵 28mm[연두색] 1000매
하트쿠키받침 100개
하트쿠키봉투8*22
하트타르트AC I
하트타르트팬
하트팬1호
하트팬2호
하트팬3호
학 꼬지/100EA
한라봉 1kg
한라봉분말100g
한라봉분말1kg
한라봉제스트500g
한라봉필 700g
한만두)짜장왕교자(1kg*6)
한만두)짬뽕왕교자(1kg*6)
한만두)촉촉한물만두(1.35kg*6)
한만두)투명한김치물방울만두(1.2kg*6)
한만두)투명한만두물방울(1.2kg*6)
한만두)푸짐한왕교자(1kg*6)
한맥)촉촉미트볼(1kg*10)
한성)꽃맛살F_2kg*6
한성)꽃맛살F_2kg*6
한성)크래미F_1k*10입(파지)
한성)해물경단(1kg*10)
한성)흰살생선까스H(1.2kg*5)
한우리)나시고랭용스파이스페이스트(60인분)_1kg*4
한울냉동찹쌀가루5Kg
한천분말100g
한천분말500g
할로윈 블랙 주자 15 리본/1ROLL
핫도그트레이 100개
핫바 코팅 봉투 KP/100EA
핫바 코팅 봉투 KP/2000EA
핫바 코팅 봉투 W/100EA
핫바 코팅 봉투 W/2000EA
핫스파이스믹스 500g
핫플레이트1구
해농)넘버원김가루(1KG*4EA)
해마로)시그니처순살치킨(1kg*10)
해마로후레쉬오이피클(국산오이)3kg*4 EA
해물모듬(600G*10EA/BOX)
해여울)골드고추씨맛기름1.8L*8EA
해찬들)쌈장 1KG*12EA
해천)시그니처굴소스725g*12개
해팜)부산어묵꼬치2(사각,750g*10PAC)
해표올리브유엑스트라버진900ml*12
해표카놀라유1.7L*12
해피 베어스 젤리(119g)
해피 베어스 젤리(40g)
해피뉴이어투명택 50개
해피니스 띠지/50EA
해피버스데이 초/12EA(곽)
해피버스데이 초/1EA
해피버스데이 토퍼 로즈골드/1EA
해피버스데이 토퍼 로즈골드/50EA
해피버스데이 토퍼 홀로그램/1EA
해피버스데이 토퍼 홀로그램/50EA
해피벌스데이초 12개
해피카우 고다 슬라이스 150G
해피카우 레귤러빅팩 360G
해피카우 모짜 슬라이스 150G
해피카우 오스트리안 프로세스 치즈113G
해피카우 체다 슬라이스 150G
해피카우 치즈 스프레드 레귤러150G
해피카우 크림치즈 내추럴 150G
해피카우 크림치즈 위드 허브 150G
해피카우레귤러 140G
해피카우저지방 140G
해피카우크림 140G
해피콜 소드마스터 프라이팬
해피퀸) 나무젓가락 (200EA*15PACK)BX
해피퀸냅킨(200*100)88*100EA
해피퀸속지왕대1000EA*10PK/BX
해피퀸쓰레기봉투100L검정50EA*5PK
해피퀸쓰레기봉투100L흰색대50EA*5PK
해피퀸철수세미35g10EA*10PK/BX
핸드메이드 페이즐 그린 띠지/50EA
핸드메이드 페이즐 레드빈 띠지/50EA
핸드메이드 페이즐 올리브 띠지/50EA
핸드메이드타이 나뭇잎 1봉지(50개)
핸드메이드타이 잎사귀
핸드블렌더(노믹스)
햄버거 코팅봉투 크라프트/100EA
햄버거 코팅봉투 크라프트/3000EA
햄버거 코팅봉투 화이트/100EA
햄버거 코팅봉투 화이트/3000EA
햄버거 코팅지 27*27 무지/1000EA
햄버거 코팅지 27*27 신형/1000EA
햇방아 우리쌀쿠키믹스300g
햇방아) 우리쌀 식빵믹스 384g*10
햇방아)현미가루(빵용) 4kg*5/Box
햇방아)흑미가루(빵용) 4kg*5/Box
햇쌀마루 박력쌀가루3Kg
행주(3M)L-200파랑30EA/BX
행주(3M펄프L-200노랑10매)40EA/BX
행주(3M펄프L-200파랑10매)40EA/BX
허니머스타드드레싱-C 2kg*6
허니오일
허브맛솔트700g
허브믹스(500g)
허브향
헌드레드앤사우전드  430g
헌트 토마토페이스트(3.15kg*6)
헌트토마토퓨레3kg
헤르빈버터&치즈보관함
헤이즐넛 맛 믹스
헤이즐넛&아몬드 타르트(72개입)
헤이즐넛아몬드프라린
헤이즐넛오일
헤이즐넛커피시럽1Kg
헤즐넛(통)1kg
헤즐넛필링 10kg
헤즐넛향분말300g
헥센하우스사각 미니-다크브라운/금색사각 (10개)
헬로우 각대봉투 헬로/100EA
헬로우 쇼핑백 화이트 헬로우/10EA(장당400원)
헬로캣 띠지/50EA
헬로키티 계란틀
헬로키티 주먹밥틀
헬로키티 카나페빵구이모형틀
헬로키티아동공기
헬로키티아동머그컵
헬로키티아이스스틱
헬로키티얼굴모양틀
헬로키티컵케이크만들기세트
헬로키티크레페만들기세트
헬로키티후리카케케이스
현미가루(빵용)
형광케익바구니360*337 그린
형광케익바구니360*337 그린
형광케익바구니360*337 오렌지
형광케익바구니360*337 오렌지
형광케익바구니360*337 핑크
형광케익바구니360*337 핑크
형광케익바구니360*337 홀로그램
형광케익바구니360*337 홀로그램
호두 1/2태(LH) 11.34KG
호두파운드팬AC  240*45*50
호두파이(36개입)
호두파이팬
호떡누르개_나무
호밀브레드
호박 리플잼 1kg
호박고지1kg
호박냉동퓨레(100%) 1kg
호박페이스트(레토르트)_400g
호박페이스트(캔)_400g
호지차
호치민커피
호크왈드 모짜렐라치즈
혼합 5색 55 색지컵 55mm/150EA(1줄)
홀 덕 푸아그라 180g
홀 덕 푸아그라 40g
홀 덕 푸아그라 60g
홀 덕 푸아그라 인 몰드 350g
홀그레인 머스터드 200g
홀그레인 머스터드 770g
홀그레인머스타드(1kg)
홀그레인머스타드(280g)
홀로그램 백
홈 미니마드렌12구
홈 미니마드렌24구
홈다꾸아제16구 355*255*1.5T / 70*46
홈마드렌느부채12구판
홈마드렌느부채6구
홈메이드10온즈
홈미니머핀팬11구
홈미니머핀팬20구
홈바나나3구
홈바나나6구
홈바통4구
홈바통8구
홈비타공판AL _400*300*20
홈조가비6구
홈조가비판-12구
홈컵12구
홈컵9구머핀
홈컵판12구 AC양면
홈컵판6구판AC
홈타공판AL
홈하트(대)
홈호두판12구
홈호두판20구
홈휘난새12구판
홈휘난새6구
홉라휩크림스프레이
홍게다리살(1kg)*16
홍유 두반장1.3kg*8
홍자몽냉동퓨레
홍차라떼500g
홍차티백용50g
화과자 케이스 골드/50EA
화과자 케이스 골드/600EA
화과자 케이스 블랙/50EA
화과자 케이스 블랙/600EA
화과자박스 화과자용기 100개
화과자용기 100개
화미)프로티지(연육제)1kg*10
화병도 쇼핑백/25EA
화이트 누이블랑쉐
화이트 셀렉션 카카오트레이스
화이트 정사각 샌드위치 케이스/100EA
화이트 정사각 샌드위치 케이스/10EA
화이트 정사각 샌드위치 케이스/500EA(1BOX)
화이트 종이컵 10온즈 (83파이) 1000EA(1BOX)/블랙(뚜껑)
화이트 종이컵 10온즈 (83파이) 1000EA(1BOX)/선택안함(뚜껑)
화이트 종이컵 10온즈 (83파이) 1000EA(1BOX)/화이트(뚜껑)
화이트 종이컵 10온즈 (83파이) 100EA/블랙(뚜껑)
화이트 종이컵 10온즈 (83파이) 100EA/선택안함(뚜껑)
화이트 종이컵 10온즈 (83파이) 100EA/화이트(뚜껑)
화이트 종이컵 13온즈 (83파이) 1000EA(1BOX)/블랙(뚜껑)
화이트 종이컵 13온즈 (83파이) 1000EA(1BOX)/선택안함(뚜껑)
화이트 종이컵 13온즈 (83파이) 1000EA(1BOX)/화이트(뚜껑)
화이트 종이컵 13온즈 (83파이) 100EA/블랙(뚜껑)
화이트 종이컵 13온즈 (83파이) 100EA/선택안함(뚜껑)
화이트 종이컵 13온즈 (83파이) 100EA/화이트(뚜껑)
화이트 직사각 샌드위치 케이스/1000EA(1BOX)
화이트 직사각 샌드위치 케이스/100EA
화이트 직사각 샌드위치 케이스/10EA
화이트 초코&쿠키 타르트(72개입)
화이트 튜나 뱃살 올리브 오일 절임 110g
화이트 튜나 올리브 오일 절임 220g
화이트드롭1kg
화이트드롭200g_소분
화이트론도(에델바이스)
화이트베이스1.7Kg
화이트복숭아냉동퓨레(100%) 1kg
화이트복숭아퓨레1Kg (프랑스)
화이트쉘(프랄린)
화이트와인식초-3L
화이트정사각샌드위치케이스
화이트직사각샌드위치케이스
화이트직사각샌드위치케이스
화이트초코렛
화이트초코렛블록(인니)
화이트초코소스1.89L
화이트초코소스1.89L
화이트초코펜20g
화이트초코펜20g
화이트초코프레첼볼 1kg
화이트초콜릿2.5Kg (판화이트)
화이트초콜릿컬(장식블로섬화이트)9mm
화이트커버춰 제피르 1kg
화이트커버춰 피스톨 블랑사탱 버튼 5kg
화이트커버춰초콜릿1Kg
화이트커버춰초콜릿1Kg
화이트컴파운드코인1kg
화이트컴파운드코인5kg
화이트컴파운드코인5kg
화이트컴파운드코팅N 10kg
화이트코팅 200g
화이트코팅 벌크
화이트코팅 종이리드 10/13온즈 겸용 (85파이)/1000EA(1BOX)
화이트코팅 종이리드 10/13온즈 겸용 (85파이)/40EA
화이트코팅 종이리드 12/16온즈 겸용 (90파이)/1000EA(1BOX)
화이트코팅 종이리드 12/16온즈 겸용 (90파이)/40EA
화인)셰리식초(와인비네거)_500ml*6
화인)셰리식초(와인비네거)_500ml*6
화인휘프5000
화채스푼
화풍)마라시노레드체리(꼭지있음)1.988kg*6
화풍)영콘400g*24,중국산)개
화풍)죽순(채) 2.80kg*6
화풍)죽순(편) 2.80kg*6
화풍)죽순(홀) 2.84kg*6
화풍)초고버섯(2.84kg*6)
화풍)초고버섯(400g*24)
화풍)표고(채)2.8kg*6
화풍물밤(워터체스트너트)2.95kg*6
화풍표고(홀)2.84kg*6ea
환타지아화이트FREE4.5Kg
활성글루텐1Kg
활성밀글루텐1Kg
황날치알(골드),수입산,800g*20ea/BOX
황도2절(그리스)820g*12
황도825g
황도슬라이스(그리스)3.06KG*6
황비홍)향취고추452g
황비홍)향취고추452g*8ea
황비홍)향취고추452g*8ea
황치즈분말200g
황치즈파우더200g
후드(1)
후레쉬모짜렐라보코치니
후레쉬치즈_100g
후레쉬크란베리슬라이스
후레시 트러플 500g
후렌치버터린4.5Kg
후루티베리믹스스무디1.8Kg
후르츠칵테일 (필리핀
후르츠칵테일 (필리핀
후이펑)닭표스리라차 칠리(튜브)_793g*12
후지-나가사끼짬뽕스프
후지-돈부리쯔유(돈부리타레가쓰오다시소스
후지-라멘유-라유(라멘기름)
후지-무라야마미소라멘스프
후지-탄탄멘스프
후지-포크&치킨가라스프
후지-히야시추카
훠궈 베이스(주군기)/200g*50pk
훠궈 베이스(주군기)/200g*50pk
휘핑머신
휘핑이지
휘핑크림(칸디아)10L벌크
휘핑크림(칸디아)1L
휘핑크림1L  (비바리타)
휘핑크림500ml(비바리타)
휩블루(Whip Blue) 1000g
흑당시럽 1kg
흑마늘액기스1kg
흑미가루(빵용)1kg
흑임자페이스트 800g
흑임자페이스트(20kg)
흑후추분말1kg
흑후추분말300g
흑후추후레이크 47g
흥국)맘스리얼베이스 레몬 1KG*12EA
희창)커피크리마1kg*12
흰색받침10 사각형 100개
흰색받침10 원형 100개
흰색파운드노루지
힘멜타이머
​
urdish.com",https://blog.naver.com/foodlist_info/223987528259,foodlist_info over ten thousand items,20250829,2026-04-27 15:50:13
★파스텔초코스위트(대,"체코에서만 7일, 총 7박 9일의 2년만의 우정여행","만들어온 초코스콘이랑, 인천공항1터미널 손수반상 우삼겹 된장찌개 야무지게 노나먹고 비행기 탐... 파스텔톤 마을,,, 그리고 어김없이 식후산책,,, 어떻게 하나같이 파스텔 톤으로 예쁘게 칠해놓은... ","25.08.04.-25.08.13.
🇨🇿체코 프라하, 까를로비바리, 체스키 크롬로프🇨🇿
(🇦🇪두바이 경유)
7박 9일 우정여행
DAY 1 :: 동대구→인천공항, 인천➡️두바이 (5시간 경유)
25.08.04.mon.
본가인 대구에 있어서 인천공항까지 가는 것만 생각해도 막막했는데...
당연히 1️⃣동대구→서울역 ktx타고 공항철도 타거나,
2️⃣동대구→광명역 ktx타고 공항리무진 탈 생각이었으나
알아보니 3️⃣동대구→인천공항 바로 가는 우등 버스가 있어더라..?
(참고로 소요시간 4시간 30분 이내, 휴게소 1번, 41500원으로 금액적으로도 이득)
​
와 또 우등버스는 못 참지-!
25kg 캐리어 끌고 유럽 돌길 가능,,,?
안 그래도 가방 25kg 수하물 제한이라 잘 됐다 하고 우등버스타고 편하게 인천공항으로~
인천공항 가는 분들은 손수반상 우삼겹된찌 먹고 출국하실게요🙏
친구가 만들어온 초코스콘이랑,
인천공항1터미널 손수반상 우삼겹 된장찌개 야무지게 노나먹고 비행기 탐,,
​
이제 좌석도 꽤 넓고(84cm였던 걸로 기억), 기내식도 맛있다고 유명한
에미레이트항공
✨
​
체코만 가는 대신, 두바이를 경유해서 두 나라를 즐기고 오기로 한 우린 그렇게 부담없이 ✈️인천→두바이 비행기를 탔음-!
​
Previous image
Next image
그렇게 시작된 비행사육-!
(장거리 비행 부담된다고 경유 오히려 좋아하는 사람이면서, 밤 비행기임에도 잠은 거의 안 자고 게임하고 영화보고 반복해씀!--그냥 모순 그자체)
​
​
​
​
DAY 1:: 두바이➡️프라하, 하벨시장, 코젤로브나
25.08.05.tues.
새벽에 두바이 도착!
왜 우리나라엔 종류가 이렇게 다양하지 못한걸까,,,, 오히려 좋아(?)
역시 두바이 초콜릿 국인가-!
눈 돌아갈 뻔 했지만, 두바이 물가가 잠재운...
두바이 새벽6시에 티켓팅하는 나 어떤데~~~!
두바이 경유중에도 진행되는 야구 티켓팅-!
(두바이 5시간 경유인데 다행히 그 안에 티켓팅이 있더라구요? 그치만 뭐 빠른 한국 데이터로도 안 되는 티켓팅이 두바이 공항 와이파이로 될리가...)
​
케데헌도 보다가,
✈️두바이→프라하 행 비행기 탑승 완료
​
Previous image
Next image
에미레이트는 이코노미에도 메뉴판을 준다
그렇게 토이스토리 1,2 까지 보고 아쉬움 안고 비행기에서 내림!
​
공항에서 우리의 첫번째 숙소였던 한인민박 서행에 지하철 타고 이동했는데, 정말 스크린도어도 없이 쌩쌩 달리는 지하철에 노후화된 시설이 꽤나 뉴욕 지하철을 연상하게 함
(뉴욕 지하철 안 타봄)
(기본적으로 체코 분들은 어느 정도 영어는 하셔서, 현지인께서 친절히 어느방면 타야하는지도 알려주심)
창밖 유럽 풍경까지 갬성 그자체였던 한인민박 서행🌅
📍 한인민박 서행 ::
Jungmannova 736/12, 110 00 Nové Město, czech
​
25kg씩이나 나가는 캐리어를 끌고 돌길 다니느라 배가 꽤나 고팠던 우린,,
하벨시장을 들렀다가 코젤로브나로 가기로 했는데 잘못된 선택이었음...
​
📍 하벨시장 :: Havelská 13, 110 00 Staré Město, czech
​
아직 체코 물가와 환율에 익숙치 않았던 우린...
납작복숭아 5개?를 329코루나(한화 2만원 정도)에 사버림,,,,
사실 물가가 저렴하다는 건 알았는데,, 변명하자면
1) 코루나에 익숙하지 않았고 2) 배도 많이 고팠고 3)결정적으로 판매는 소쿠리당으로 하면서, 금액은 100g당으로 보여줘서 결제한다고 카드를 내밀 때까지 얼마인지 몰랐다
​
Havelské tržiště · Old Town
Google Maps
maps.app.goo.gl
​
결론. 웬만하면 billa나 tesko가서 사드세요 과일은..
(근데 하벨시장 납복이 비교 안되게 맛있긴 했음)
​
비가 꽤나 많이 왔는데 우양산 하나 뿐이던 우린 나눠쓰고 오느라 사이좋게 팔 한 쪽씩 쫄딱 젖었음
코젤로브나 가는 길에, 브이로그에서 많이 봤던 유명하다던 동상? 쓰윽 봐주고,,
​
드디어
코젤로브나
도착
​
육회랑은 또 다른 느낌의 비프 타르타르 꼭 드셔주세요,,🙏
다시 가면 일정 중 최소 2번은 먹을거임,,
📍 Kozlovna :: Křižovnická 4, 110 00 Staré Město, Czech
​
코젤 직영점인 만큼,
코젤 다크랑 라이트 각 300씩 시키고,
오리 다리고기?(roasted duck leg)와 비프 타르타르(beef tartar)를 시킴!
ㄴ비프 타르타르 추천👍(육회보다 잘게 다진 느낌이라 부드럽고 덜 질겨서 좋았고, 무엇보다 거친 빵에서 마늘 비벼서 먹는게 엄청난 킥이었음)
ㄴ오리 다리고기는 그저그럼(오리 냄새가 심하진 않았는데 그냥 그런 맛... 만약 다음에 갈 일이 있다면 폭립 도전해볼 듯?)
Kozlovna Apropos · Old Town
Google Maps
maps.app.goo.gl
​
비도 많이 오는 김에 얼른 숙소 들어가서 일찍 잤던 첫날!
​
​
​
​
DAY 2 :: 프라하성 투어, 포크스 본점, 존레논벽, 까를교, 레지공원, 레두타 재즈클럽
25.08.06.wed.
우리의 감성 숙소, 한인민박 서행
부대찌개 맛있어보이더라,,
일찍 시작하는 오전 프라하성 투어로, 제공되는 조식을 못 먹은게 너무 아쉬웠던...
옷 맞춰온 것도 아닌데, 베이지 톤 치마 챙겨온 우리 좋았다,,,?
친구랑 꽤나 트윈룩으로 입고 투어로 시작한 하루-!
진짜 투어 모이는 장소까지 10분 거리였는데,
어제 못한 프라하 구경 한다고 20분 걸려서 간듯
​
카메라를 들면 그냥 포토스팟인데 이걸 참냐구,,
​
프라하성은, 성 하나로 끝나는게 아니라
넓디 넓은 고대 성채 단지를 묶어서 프라하 성이라고 지칭해서 성 비투스 대성당부터, 성 이르지 성당 등 그냥 혼자 둘러보기엔 어려운 곳...
​
투어를 예약해서 몰랐던 자세한 역사와 가이드님의 꿀팁들?까지 들을 수 있었음! 다른 곳은 몰라도 프리하 성 만큼은 투어 예약추천
​
Prague Castle · Prague 1
Google Maps
maps.app.goo.gl
​
​
투어 끝나고 배고팠던 우린
📍
amorino gelato :: Nám. Franze Kafky 24/3, 110 00 Staré Město, Czech
​
가이드님 추천이었던 아모리노 젤라또를 먹음!
피스타치오, 솔티드카라멜, 헤이즐넛 맛을 먹었는데 무척이나 기대했던 피스타치오는 생각보다 맛이 안 진했고 나머지 두 맛은 맛있었음-!
​
Amorino Gelato - Praha · Old Town
Google Maps
maps.app.goo.gl
​
그러고, 우리가 유일하게 예약하고 온 집인
프라하 명물, 포크스에 점심을 먹으러 감!
​
꼴레뇨는 양배추 샐러드, 생강, 홀그레인 소스(?)와 같이 나옴
📍 Pork's Mostecká :: Mostecká 16, 110 00 Malá Strana, czech
​
무조건 포스크스에서 시켜야하는 메뉴인 꼴레뇨(체코 전통 돼지 무릎고기)와 감자샐러드를 시킴!
ㄴ북경오리st의 껍질에, 지방 가득한 족발?
(그래서 우린 미리 가져간 불닭 스틱을 뿌려먹음)
​
먹다 남으면 포장도 가능하니, 혼자가더라두 제발 꼴레뇨 다들 먹었으면...
​
포크스 leftover 포장! 심지어 양배추도 무상으로 추가제공된 것✨
​
Pork's Mostecka · Malá Strana
Google Maps
maps.app.goo.gl
​
​
점심 배불리 먹고, 2시간 정도 근처 산책하면서 여유롭게 존레논벽이랑, 까를교도 들렀다가 숙소로!
Previous image
Next image
존레넌 벽, 까를교 풍경들
숙소 오는 길에 간식도 바리바리 삼
(프라하의 장점은 모든 게 도보로 해결 가능! 물론 이만보씩 걷게 될 수도 있지만, 걷는 걸 좋아하는 우리는 실제로 짐 있는 날 빼고는 교통비가 안 들었슴)
​
배가 별로 안 꺼졌어서,
그냥 간단하게 샐러드랑 컵라면으로 끼니를 떼우고 다시 재즈클럽 가기 위해서 나섬-!
​
Previous image
Next image
재즈클럽 가기 전 들른 우리들의 노들섬, Park Legii
​
낭만 가득했던 재즈클럽,,
미리 예약했고, 예약금이 따로 있어서 굳이 주류를 안 시켜도 됐지만 이럴때마다 분위기 즐기고 싶은 술찌는 억울해,,,,
​
Reduta Jazz Club · New Town
Google Maps
maps.app.goo.gl
​
프라하 일몰을 구경해야 했던 우린, 1부까지만 보고 9시 쯤 나왔는데 아직 환한 프라하,,,
​
Previous image
Next image
9시 반은 되어서야 볼 수 있었던 프라하의 야경🌃
​
프라하의 야경을 끝으로 2일차 종료-!
​
​
​
​
DAY 3 :: 까를로비 바리, 베이글 라운지, 온천수 마을, 싸우니아 테르말 수영장
25.08.07.thurs.
괜히 조식 안 나오는건 아니냐고, 일찍 일어나서 음식 냄새 안 난다구 걱정했던 우리의 걱정과는 달리 잘 나온 아침 한 상
8시 반, 정갈한 조식 먹구 까를로비 바리행 버스타러 출발,,
flixbus 타고 2시간 정도 이동-!
까를로비 바리는 체코 현지인분들, 특히 노부부들이 휴양하러 많이 오는 동네라고도 하는데 전체가 온천 마을이기 때문이댜
체코라는 완전 내륙 국가로 여행오는 만큼, 물놀이를 한 번이라도 하면서 여유를 즐기고 싶었던 우린 온천 야외 수영장이 붙어있는 호텔 하나만 보고 여기로 옴!
​
​
Hotel Thermal에서 보이는 Saunia Thermal
체크인한 우리에게 보인 우리 창문 뷰-!
그냥 너무 만족한 나에겐 여기가 뭐 제2의 본다이 비치얐음,,,,ㅋㅎ
​
Saunia Thermal Resort
Google Maps
maps.app.goo.gl
​
​
우유가 가장 기억에 남는 베이글집(?) :: 메뉴이 없는데 주신 우유
📍 BAGEL Lounge ::
T. G. Masaryka 825/45, 360 01 Karlovy Vary 1, Czech
​
체크인 하고 바로 베이글 먹으러
Bagel Lounge
미슐랭 메뉴가 있단 소리에 바로 왔는데...
빨간 접시 위에 놓인 미슐랭 메뉴는 우리에게 너무 짰다,,,,,🥲
그치만 베이글 식감이 좋아서 다 먹긴 했는데 자꾸만 옆에 있는 피스타쵸 치즈케잌에 눈길이 감💦
​
BAGEL Lounge
Google Maps
maps.app.goo.gl
​
​
Previous image
Next image
이게 어떻게 현실?! 파스텔톤 마을,,,
그리고 어김없이 식후산책,,,
어떻게 하나같이 파스텔 톤으로 예쁘게 칠해놓은 것인지 또 홀려서 2시간 정도 사진찍으면서 다님!
사실, 위에서 말했듯 이곳은 온천마을...
온천수가 쏟아나고 있고, 몸에 많이 좋다고 한다
15개의 온천수가 번호가 매겨져있는데 각각의 온도와 미네랄 함량이 다르고, 그렇기에 맛과 효능이 다르다
그래서 귀여운 미니미 컵들을 많이 판매하고 있고, 그 컵으로 많이들 온천수를 마신다
다량의 철분으로 인해 나는 피맛을 견딜 수 없었던 우린 한 번 밖에 안 마셔봄
​
우리의 목적이었던 수영장에서 이용시간 2시간 꽉꽉 채워 놀고,
육개장이랑 케밥 배달🍴해먹으며 3일차 끝
(근데 역대급 케밥, 타코 맛집이었음,,,, 너무너무 배부른데 쉬고 먹고 또 먹었던! 다들 wolt로 antep kebab 배달해드세요🙏)
​
​
​
​
DAY 4 :: 체스키크롬로프 이동, 파파스리빙
25.08.08.fri
준비해서 화장 다 하고 옷 갈아입고
8시 전부터 조식 먹는 우리는 한국인🇰🇷
여행 오면, 일찍 일어나는 사람이 되,,,,
Previous image
Next image
또 아침 산책 해주고
까를로비 바리 전통 와플인데,,
이 당시 친구가 너무 위로 들어서 드니까 숭배하는 거 같다며 머릿속으로 성채 같다라고 생각했었는데
돌아와서 알아보니, 오플라프키 와플이고 천주교 성채에서 유래된 과자가 맞다구 한다!
와 나 천주교였지?
​
​
사실 체코 내 위치 상 «
까를로비 바리 - 프라하 - 체스키 크롬로프
» 라
까를로비 바리에서 바로 체스키 가는 건 그렇게 좋은 선택은 아닐 수 있지만, 어느 두 도시도 포기할 수 없었고, 이동을 최소화하고 싶었던 우린 그냥 하루를 이동의 날로 잡기로 했는데 오늘이 바로 그날!
현지인들도 이건 아니다 싶었는지 다 같이 기웃기웃 거리고 있었음,, (그리고 교통 체증으로 멈춰있는 상태가 아니고 앞차와 간격 저정도로 기사님 달리셨습니다,,,,,,,,)
11:30~13:40, 까를로비 바리에서 프라하로
14:30~17:05, 프라하에서 체스키 크롬로프로 이동하는 플릭스 버스였는데...
​
두번째 버스가 정말 헬이었음,,
차간 거리를 지키지 않으시고, 브레이크와 악셀을 번갈아가며 계속 밟으시던 기사님,,
원래 예정시간 보다 1시간 늦게 도착했고, 그렇게 우린 5시간 반을 버스에서 보냈다,,
그렇게 힘들게 도착한 동화마을, 체스키 크롬로프
무거운 캐리어를 돌길 오르막 내리막 끌고 다니면서도 여기 잘 왔다 싶더라,,
​
📍 Papa's living :: Latrán 13, 381 01 Český Krumlov 1, Czech
​
배고파서 저녁으로 온 파파스 리빙!
다들 라자냐를 극찬하길래 시켰는데 그렇게 대단한 맛은 아니였고,
오히려 논알콜 진토닉이 맛있었댜
​
그치만, 이런 테라스 자리의 뷰인데
흔치 않는 유럽 금연석
이었어서 만족~~!
​
Papa's Living Restaurant · Latrán 13, 381 01 Český Krumlov 1, Czechia
★★★★☆ · Restaurant
maps.app.goo.gl
​
또 산책쟁이하다가 숙소로 귀가~
체스키는 작은 마을이라, 많은 상점들이 일찍 문 닫아서 비교적 일찍인 8시 반 귀가
​
​
​
​
DAY 5 :: 체스키 크롬로프 성, 마이 사이공,  팔라디움
25.08.09.sat.
일찍 잔 결과 또 일찍 일어난 한국인들, 여유롭게 준비해서 이번엔 체스키 크롬로프 성 오픈런
Previous image
Next image
하늘이 너무 푸르르고 예뻐서, 안 그래도 아름다웠던 성 단지가 더 예뻤다,,✨
그냥 이번 여행 내내 폰으로는 카메라를 키고 계속 사진 찍게 되는,,,,,📸
​
따로 투어를 신청하진 않았지만, 단지가 그렇게 크지 않아서 혼자 구경하는게 오히려 사진 여유롭게 찍구 좋은데 싶었던...
체스키 성은 딴 것보다, 벽에 그림을 그려넣었다는 것이 가장 신기했다
실제 석재나 조각은 아무래도 비싸지만, 적군들에게 부를 과시하고자 그림을 그려넣었다는게,,
또 대충 모르고 보면 그림인지 모르고 넘어갈만하긴 했다,,
​
1시간 반? 정도면 빠르게 성을 다 둘러볼 수 있어서 다 구경하고 시작된 오픈런
📍 My saigon :: Panská 17, 381 01 Český Krumlov 1, Czech
​
한국인들이 체코에서, 베트남 음식점 오픈런~
쌀국수와 새우볶음밥을 먹으러 옴!🍜🍤
맛은 있었는데 진짜 전반적으로 체코 음식이 다 우리에겐 좀 salty해서.. 물이 너무 고팠음
MY SAIGON · Panská 17, 381 01 Český Krumlov 1, Czechia
★★★★★ · Asian restaurant
maps.app.goo.gl
유럽에 갔는데 피스타치오 젤라또를 안 먹는다? 그건 유죄
야무지게 후식도 먹어주고 체크아웃하는데 에어비앤비 사장님꼐서 마그넷 선물도 주셨다!🎁
도합 45kg 캐리어 가져가볼테면 가져가보라고 야무지게 버스탈 때 마다 묶어놓은 우리
*진짜 혹시나 이 글을 이렇게 자세하게 보고 있는 체코 여행 계획하는 사람이 있다면,
체스키는 숙소 위치를 버스 터미널 근처로 잡거나, 캐리어를 안 들고 오는 걸 추천!
(정말 사진 찍을 정신이 없을 정도로 돌길+오르막 내리막 콤보라 25kg 캐리어 끌면서 굳은살 생겼습니다)
체스키 동화마을 다들 가주세요!
이렇게 체스키 크롬로프 일정 마무리!
불닭스틱 최고~~ 납작복숭아 최고~~
바로 프라하로 넘어와선 체크인하고 먹는 저녁,,
컵라면 없이 유럽여행 그거 어떻게 하는거죠?
짜파게티 범벅도 한 두입 먹고 불닭소스 넣어먹었다는,,,,
​
​
​
​
DAY 6 :: 낭만러닝, 파스타 프레스카, 구시가 광장, 천문시계탑, 레트나 공원, 홀레쇼비체, 리에그로비 공원에서의 피크닉
25.08.10.sun.
한인민박에서 만난 분과 러닝 약속
로망이었던 해외 러닝에 성공🏃‍♂️🤍
​
정말 러닝하는 분들끼리 서로 손 들고 인사해주는 것까지 낭만 그 자체였던 러닝!
조식 제일 큰 소득::목장우유 맛 우유🥛
조식 간단하게 먹고
📍 Pasta Fresca! :: Celetná 598/11, 110 00 Staré Město, Czech
​
프라하에서 한달 계셨던 분이 추천해주신 생면 파스타집에 당일 예약해서 갔는데..
라임 아이스티도, 시금치 파스타도 너무 맛있었다,,
​
사실 조금 고급진 레스토랑도 여행하면서 한 번쯤은 가면 좋겠다 싶었는데
여기가 조금 그런 곳이었고 생면이 너무 맛있어서 만족✨
​
Pasta Fresca · Celetná 598/11, 110 00 Staré Město, Czechia
★★★★☆ · Italian restaurant
maps.app.goo.gl
​
구시가지 쪽으로 가서 시계탑 정각의 쇼도 구경하고,
꼬불꼬불 시계탑도 올라가서 보이는 프라하 시내 붉은 지붕들도 구경함!
​
여기는 레트나 공원! 공원 자체가 엄청 커서 한적한 여유로움이 있는 곳
레트나 공원을 거쳐서 프라하의 성수라고,
오전 러닝하면서 추천받은 코스인 홀레쇼비체에 가서 동네 구경하고, 카페도 감!
(홀레쇼비체 이름이 입에 안 붙어서 자꾸 홀그레인 머스타드, 슈바인학센...이랬던)
진짜 프라하 주요 동네에서 조금 벗어난 건데, 분위기가 묘하게 달라서 신기했던...
체코 여행에서 후회되는게 있다면,,
너무 여행 후반에서야 뜨라들로를 먹은 것,,,,?ㅋㅎ
누텔라 좋아하는 나한텐 더할 나위 없이 좋았던 체코 전통 굴뚝빵
제가 가는 묭실 근처에 굴뚝빵집 있던데 조만간 간다면 한 번 먹어보겠습니다,,
튀르키예도 여행 후보지이긴 했는데요,, 프라하에 있긴 해요!
그리고 대망의 피크닉~~!
노을맛집은 리에그로비 공원이라길래 ~ 🌅
리에그로비 노을 맛집 인정
해가 다 떨어지면 거의 밤 9시이기에,,
또 분명 숙소로 돌아가는 길에 사진 찍고 한다고 세월아 네월아 일게 뻔해서,,
바로 피크닉 정리하고 내려오는 길에 본 붉은기 낭낭한 하늘,,
​
그렇게 6일차 끝!
​
​
​
​
DAY 7 :: 팔리디움, 디엠, 마너,
25.08.11.mon.
오고야만 프라하 마지막 날..
​
일찍 일어나서 또 준비를 다 하고 이번엔 팔라디움 오픈런~!🛍️🛒
팔라디움엔 디엠, 린트 초콜릿, 마너, 알버트 슈퍼 등이 모여있는 쇼핑몰이라
간단하게 기념품 쇼핑하기로 했음,,
린트 초콜릿 개인적으로 엄청 좋아하는데,, 진짜 이렇게까지 맛이 다양한 줄은 몰랐다!
맛이 10개는 그냥 훌쩍 넘었던.. 그치만 잘 자제해서 조금만 담았고, 저만큼에 만오천원ㅎㄷㄷ,,💸
요즘 많이들 여행도 다니고, 직구도 가능하니까 기념품 안 사오겠단 생각이었는데요,,?
마너 레몬, 코코넛 맛이 한국에는 없는데 너무너무 맛있길래 그것만 좀 샀습니다?
말고 젤리랑 콜로나다 같은 과자랑 발포비타민은 딱 4명만 주겠다고 4세트 사왔습니다?
​
지금와서 후회되는 거: 마너 더 사올껄,,
아 한국 날씨 어항 그 자체라.. 금방 눅눅해질 듯?
📍 Eska Restaurant and Bakery :: Pernerova 49, 186 00 Praha 8-Karlín, Czech
​
마지막 날 아침인 만큼, 브런치도 즐겨주고요?
갬성이 다했지 맛은 사실 그닥 제 스타일이 아니긴 했는데요..? 기본적으로 간이 다 너무 쎄고, 제가 생각한 브런치 느낌이랑 거리가 멀긴 했습니다만 감자가 정말 맛있었구
주문한 빵은 튀긴 빵+피클 조합이라 한 입 밖에 안 하긴 했어유ㅠㅠ
​
그래도
담배 연기 없이, 반실외 브런치 갬성
을 즐길 수 있어서 좋았습니다
​
Eska Restaurant and Bakery · Pernerova 49, 186 00 Praha 8-Karlín, Czechia
★★★★★ · Bistro
maps.app.goo.gl
​
마지막 날인 만큼 놓칠 수 없는 피스타쵸 젤라또와 뜨라들로 굴뚝빵
여긴 가이드님 1픽 추천 젤라또 집이었는데,, 피스타치오가 진짜 찐하고 제일 맛있었다
다만 리조, 스트라챠델라 맛은 그닥이었음
​
누텔라 없어서 못 먹는 사람은, 진짜 굴뚝빵에 누텔라만 바른 거 드셔주세요,, 맛없없,, 💝
첫날 와서 호구 당했던 하벨 시장에 왔는데요?
첫날은 시장 끝날 시간이기도 했구 갑자기 비가 와서 그런가 제대로 구경도 못했는데,
그때보다 상점도 많고, 과일도 많고, 기념품 구경할 것도 많았습니다!
그리고 마지막 날이니 만큼 다시 들린 까를교,,
사실 피클 때문에 브런치에서 기분이 좀 상해서 친구가 손에 뜨라들로를 쥐어준거였는데
만족하고 사진 찍는데도 계속 뜨라들로 꼭 쥐고 있던 나,,
​
마지막 날인데 날도 좋아서 더더욱 예뻤던 까를교였습니다! 🌁
진짜 여길 어떻게 떠나지 라는 생각과 함께 다시 프라하 꼭 와야겠단 생각이 들어서
만지면 프라하로 돌아올 수 있단 황금 강아지를 간절한 마음을 담아 만졌습니다!
그땐 동유럽 여행하면서 프라하 들러도 좋을 듯?
​
​
정말 남들은 체코 와서 프라하 2박 3일하고 충분하다 하면서 간다는데,,
그거 어떻게 가능한거죠? 체코에서만 6박 7일, 프라하에서는 4박이나 했는데도 이렇게 아쉬운데?
목적이 빡세게 돌아다니는게 아니라, 여유를 어느 정도 즐기는 거라 그런가..
여유 즐기면서 돌아다녔는데도 평균 18000보 정도는 걸었습니다?
​
무튼, 아쉬움을 달래기 위한 우리의 마지막 피크닉,, 🧺
📍 nase
maso :: Dlouhá 727/39, 110 00 Staré Město, Czech
​
​
이번 여행에서 제일 맛있었던 식사가 단연코 비프 타르타르였기에,
나세마소에서 배달시켜서 우리의 노들섬이었던 레지공원에서 먹었습니다!
ㄴ둘 다 버거를 즐겨 먹지 않아서 기대 안 했던 버거가 미친 맛이었구요?(작성중인 지금 또 먹구 싶습니다)
ㄴ너무나 기대했던 비프 타르타르는 빵 겉면이 바삭하지 않아서 1차 실망, 다진 고기 사이에 들어있는 피클에 2차 실망,,,, 거의 못 먹었습니다^^
​
그러다가 저쪽 어딘가에 동물이 모여있단 친구의 제보를 듣구 갔는데요?
아저씨 한 분이 당근을 가져와서 먹이를 주고 계시더라,,,?
​
그래서 옆에 가서 보고 있었더니, 아저씨께서 비록 말은 안 통하지만 한 번 먹이줘보라고 하시길래 거절하지 않았음,, 그러구 사실 얘네가 무슨 동물인지에 대한 확신이 없었어서 확인차 비버??냐고 여쭤봤는데 돌아오는 아저씨의 대답,,,,,,
저 동물의 정체는,, 영상을 보시기 바랍니댜,,,,
차마 직접 작성할 순 없는 그 단어
덕분에 그나마 미련 없이 프라하를 떠날 수 있었던 듯?
그렇게 또 새벽 비행기를 타러 공항으로!
​
* 아 맞다!
프라하(바츨라프)공항에서 출국하면서 당황한 점은,
출국장 들어갈 때 짐 검사를 하는게 아니라 비행기 타기 직전에 함!
텀블러나 물병에 든 물 미리 버릴 필요 없음!
(그리고 공항 안 물 가격은 어마무시하니, 미리 준비해오길
ㄴ그나마 젤 저렴했던 자판기에서 500ml에 50코루나, 3500원 정도)
​
​
​
​
​
​
DAY 8 :: 두바이 사막투어, 두바이몰, 부르즈할리파, 담파
25.08.12.
꽤나 힘들었던 플라이두바이 비행기를 타고 두바이로 넘어왔습니다
플라이두바이는 진짜 다신 안 타,,,, 뭐 구토감을 느꼈다라는 등의 여러 후기를 보고 각오하고 타긴 했는데요? 하필 비상구 바로 앞 좌석 걸려서 의자 조금이라도 못 젖히고, 속도 답답해서 기내식은 건들이지도 못하고 오타이산을 꺼내먹었던,,
제발 내리게 해줘를 외치게 되던 8시간의 비행,,
​
너무 힘들었어서 사진 한 장 없습니다!
별 안내 없이 출발 시간이 지연됐을 때부터 알아봤어야 했어,,,,
​
역시 부자국가는 달라~ 입국심사를 하면서 10G 유심을 줘버리는,,
우여곡절 끝에 두바이 도착!
입국심사는 정말 얼마 안 걸렸구요? 1GB 유심 받을 줄 알았는데 10GB나 주는 두바이 클라스,,
​
그리고 그랩 택시는 처음 타봤는데 신기한게,
카카오 택시처럼 내가 설정한 위치로 택시가 오는게 아니구
그랩으로 출발지-도착지 입력 완료하고 나면 코드가 하나 나오는데 그걸 아무 택시 타서 기사님께 보여드리면 되는거였음!🚖
​
정말 후회없었던 두바이 사막투어!
낙타도 탈 수 있었고, 듄 배이싱, 샌드 보딩까지 포함되어 있었는데
​
역시나 제일 기대했던 샌드보딩이 기억에 남는
내려가는 건 30초, 올라오는 건 3분~
(혹시나 8월 두바이 방문 예정인 분들은 사막투어는 조금 고민해봐야 할지도?
40도 되는 날씨에 달궈진 모래를 밟으며 올라오는거 생각보다 많이 힘들고 화상 입을 거 같아요,,
아니면 버려도 되는 운동화를 신고 가셔요)
​
그리고 가장 중요한 건 모래가 생각보다 샤워를 해도 계속 나올 수 있으니
무조건 샤워할 수 있는 호텔이나 시설 들리고, 얼굴은 마스크 쓰기
마스크 써도 목이 칼칼하고, 입에서 모래가 씹힙니다^^
또 듄 배이싱 전엔 멀미약 꼭 먹기!
기내식도 못 먹고 완전 빈속이었어서 사막투어 끝나고 가이드 님께 숙소가 아닌 두바이몰에 내려달라고 부탁드려서 바로 밥을 먹고 왔습니다?
너무 배고팠고 온 몸의 모래로 정신이 없었어서, 식당 이름도 기억 안 나지만 꽤나 성공이었음~
진짜 alo도 있고, 한국에도 있는 데카트론 등 구경하고 싶은 매장이 있었는데요?
체력 바닥에 온몸 모래 이슈로 곱게 숙소로 들어갔습니다!
숙소 가는 길에 볼 수 있었던 부르즈할리파,,
그렇게 숙소 들어가서 샤워만 하고 팩 붙인 채로 기절했습니다,,
6만원 대에 예약해서 5시간만 머물렀던 숙소가 스위트룸 업그레이드였던 건에 대하여,,,,,
진짜 친구랑 대화를 한 기억조차도 없는 숙소인데,,,ㅋㅎ
혹시 모를 고추기름 홍수 사태를 위해서 흰 바지러들은 주의,,
📍 Dampa Seafood Grill :: Baniyas Rd, Port Saeed, Dubai
​
프라하 한인민박에서 만난 이름도 모르는 소녀가 알려준 두바이 맛집, 담파
언니가 두바이에서 직장생활하고 계셔서, 두바이를 무려 5번 넘게 와본 맛잘알이었음!
분명, 이름도 나이도 모르는 소녀였는데 알고보니 두바이->인천 행 비행기가 같아서
러닝 같이 한 분까지 네 명 비행기 내리면서 만나버린,,,
​
Dampa Seafood Grill - Dubai · Baniyas Rd - Port Saeed - Dubai - United Arab Emirates
★★★★★ · Seafood restaurant
maps.app.goo.gl
​
프라하에서 육고기에 지쳐 강한 빨강 양념을 갈구하고 있던 우리에게 완벽한 식사였다!
메뉴에 분명 2-3인 양이라 적혀있었고, 옆 테이블 커플분도 다 못 드시는 양이었는데 너무 맛있어서 둘이서 싹싹 비워버림
두바이 공항에서 먹었던 피스타치오 롤:: 추성훈 아조씨 강추템이
편안함 그 자체였던 에미레이트 항공 타면서 이번 여행 마무리~
착륙 10분 전까지 토이스토리3,4까지 다 본 마지막 비행! ✈️
​
이번 여행 또한 계획이라곤, 코디계획 밖에 없었고
여유로움 가득 즐기자 했던 여행이었다.
그래서인지, 아니면 소도시 이동 때문인지, 체코에서만 일주일을 보낸 여행이었지만
시간이 너무 훌쩍 가버린 거 같아 아쉬웠다.
​
뭐 그만큼 여행이 즐겁고, 집에 돌아가기 싫었다는거지~
진짜 다음엔 헝가리 부다페스트, 오스트리아 비엔나랑 잘츠부르크, 독일 드레스덴까지 묶어서 다시 체코 들리고 싶은 마음이 가득,,! 🌃🌠
​
​",https://blog.naver.com/serenely_k_/223980512425,유일(柳日),20250823,2026-04-27 15:50:16
★파스텔초코스위트(대,유어디시 함지식품,"머핀컵 초코/200EA(1곽) 사각 머핀컵 크라프트/200EA(1곽) 사각 머핀컵 화이트/200EA(1곽) 사각... 산과들)스위트콘소시지(1kg*10) 산능도우넛커터(원형), 대 산능도우넛커터(원형), 소... ","사각 PET 머핀컵/100EA
사각 냄비받침
사각 머핀컵 레드/200EA(1곽)
사각 머핀컵 옐로우/200EA(1곽)
사각 머핀컵 오렌지/200EA(1곽)
사각 머핀컵 초코/200EA(1곽)
사각 머핀컵 크라프트/200EA(1곽)
사각 머핀컵 화이트/200EA(1곽)
사각 유리용기 520ml
사각PET주름컵 스윗초코 300개
사각PET주름컵 풍차 300개
사각대나무꼬지(50*50*200)200EA*30PK
사각도뜨 OPP 포장지 25*35/500EA
사각버터타르트70mm(스위트)
사각용기&뚜껑 HG-403 500ea/BX
사각원터치소100EA*20PACK
사각접시 대/밤색 100매
사각접시 대/연두색 100매
사각접시 대/주황색 100매
사각접시 소/밤색 100매
사각접시 소/연두색 100매
사각접시 소/주황색 100매
사각접시 중/연두색 100매
사각접시 중/자주색 100매
사각접시 중/주황색 100매
사각접시27 리프 100매
사각접시27 브레드 100매
사각접시27 전통무늬 100매
사각접시27 티세트 100매
사각채반415*325*25
사각채반접이식
사골조미분말500g
사과 후르츠스타 소프트잼 1kg
사과다이스3Kg
사과다이스3kg*6
사과분말1kg
사과분말300g
사과잼1kg (소프트잼)
사과잼1kg (소프트잼)
사과칩50g
사과파이필링(2)
사과퓨레
사과프리저브_2.5kg
사과프리저브_750g
사과향초코펜20g
사라다케이스
사랑해 토퍼 레드/1EA
사랑해 토퍼 레드/50EA
사랑해 토퍼 홀로그램/1EA
사랑해 토퍼 홀로그램/50EA
사바 5L
사보이 아르디 (레이디 핑거) 400g
사세)바베큐사이(1.4kg*8)
사세)바삭매콤치킨(1.3kg*10)
사세)바삭통다리치킨(1.3kg*10)
사세)버팔로윙스틱(봉)_1KG*10
사세)오트밀통살치킨(950g*10)
사세)훈제오리슬라이스(800g*10 중국산)
사세)훈제오리완포(900g*10_중국산)
사세버팔로미들윙(1kg*10_태국산)
사오팔메 60%
사오팔메43%
사옹원)고구마튀김 1kg(35g*29ea)*5pk
사옹원)고추튀김 1kg(50g*20ea)*5pk
사옹원)김말이튀김 1kg(25g*40ea)*6pk
사옹원)단호박튀김 1kg(25g*40ea)*6pk
사옹원)매콤오징어튀김 1kg(35g*29ea)*6pk
사옹원)야채튀김 1kg(40g*25ea)*4pk
사옹원)참치속깻잎튀김 1kg(30g*34ea)*5pk
사우워분말4kg
사우워소프트분말
사워도우 브레드 오리지날 105g
사워도우빵
사워크림LP 벌크
사워크림LP(1kg)
사자표춘장14kg
사조)김밥김 (27G*10봉)*10EA
사조)김밥김 (27G*10봉)*10EA
사조)손봉어묵_냉동(800g*20)
사조해표)건미역(45g*30EA)
사조해표)건미역(45g*30EA)
사차인치(ROASTED)20kg(페루산)
사카나키 그리스 그릴 치즈 200g
사카린450g
사틴그린벨벳케익믹스
사틴레드벨벳케익믹스10kg
사틴크림케익믹스플러스10Kg
사포레 리골레또
사포레 리골레또1kg(x10ea)
사포레 트라비아타1kg
사포레 트라비아타1kg(x10ea)
사프고당용세미드라이이스트(400g)
사프드라이이스트레드3g(10ea)
사프르방엘브이1(10g*5)
사프인스턴트이스트(10kg)
사프저당용세미드라이이스트(400g)
산과들)매콤청양고추소시지(1kg*10)
산과들)매콤피자맛소시지(1kg*10)
산과들)불고기소시지(1kg*10)
산과들)스위트콘소시지(1kg*10)
산능도우넛커터(원형), 대
산능도우넛커터(원형), 소
산능도우넛커터(하트)
산능채널
산딸기 꿀리
산딸기냉동퓨레(100%) 1kg
산딸기냉동퓨레(85%) 1kg
산딸기퓨레
산초록가루녹차100g
산탄젤로버진올리브오일(1L*12)
산탄젤로버진올리브오일(1L*12)
산탄젤로포마스오일(5L*4)
산탄젤로포마스오일(5L*4)
산탄젤로퓨어올리브오일(5L*4)
산탄젤로퓨어올리브오일(5L*4)
산펠레그리노 아란시아타(오렌지) 200ml*24
살구 1kg
살구 냉동 퓨레
살구 피스 10kg
살구 후르츠스타 소프트잼 1kg
살구냉동퓨레
살구냉동퓨레(100%) 1kg
살사후슬리샐러드(1kg*10)
삼각PET주름컵 풍차 300개
삼각칼PP-대
삼각칼PP-소
삼각피스받침-3호용 골드 100매
삼각피스받침-3호용 대 블랙 100매
삼각피스받침-3호용 화이트 100매
삼겹비엔나말이꼬치
삼도)해울초생강(백색)1.3kg*10
삼도)해울초생강(백색)1.3kg*10
삼도)해울초생강(적색)1.3kg*10
삼도)해울초생강(적색)1.3kg*10
삼립 에스피 5kg*4
삼색 물방울 오간디 25 리본/1ROLL
삼색 빙수 스푼/400EA
삼아)골드마요네즈_10kg
삼아)밤감로자 홀(2,950g*6)
삼양)고기손만두(1.3kg*6)
삼양)물만두(3kg*3)
삼진)DS 나가사끼짬뽕 핫소스_2kg*5
삼진)NEW 단호박크림스프베이스(냉동)_2kg*5
삼진)겨자소스(샤브쌈)_2kg*5
삼진)데미글라스소스S_2KG*5
삼진)땅콩드레싱소스(샤브쌈)_2kg*5
삼진)로제파스타소스_1kg*10
삼진)마라소스_2kg*5
삼진)매직파우더S_1kg*10
삼진)신락원 new 짬뽕베이스_1kg*10
삼진)쌀똑핫도그용 더 매운 떡볶이소스_2kg*5
삼진)쓰리라차핫마요_1kg*10
삼진)열정돈가스용소스_2kg*5
삼진)엽기떡볶이용 액상소스(냉동)_100g*70
삼진)짬뽕베이스파우더S_1kg*10
삼진)치즈맛드레싱S_2kg*5
삼진)치즈맛드레싱S_2kg*5
삼진)허니머스타드소스S_2kg*5
삼진)허니머스타드소스S_2kg*5
삼진_타르타르소스_1kg*10
삼현)바다꽃소금15kg
상기)쌍노두소스_500ml*12입
상기)쌍노두소스_500ml*12입
새롬 호밀가루(캐나다) 3KG*6_면세
새롬) 초코칩10kg(직송)
새롬옥수수혼합전분2kg
새롬푸드_뉴밀키팜엑스트라1Kg
새롬활성글루텐1KG*20
새앙(맛술)1L
새우분말100g
새우분말1kg
새해 까치와복 2종 스티커 1묶음(5장)/100EA
새해 단청 2종 스티커 1묶음(8장)/48EA
새해복 스티커 1묶음(8장)/80EA
색금사 3 리본 골드/1ROLL
색금사 3 리본 그린/1ROLL
색금사 3 리본 라이트핑크/1ROLL
색금사 3 리본 레드/1ROLL
색금사 3 리본 실버/1ROLL
색금사 3 리본 오렌지/1ROLL
색금사 3 리본 카키/1ROLL
색금사 3 리본 퍼플/1ROLL
색동설날 스티커 1묶음(6장)/108EA
색화지 오렌지/50EA
색화지 피치핑크/50EA
샌드위치 코팅지 33*33 그린/1000EA
샌드위치 코팅지 33*33 무지/1000EA
샌드위치 코팅지 33*33 오렌지/1000EA
샌드위치접시 레드체크 100매
샌드위치접시 스트라이프 100매
샌드위치종이(크라프트직사각유산지) 250EA
샌드위치컵 화이트 정사각 100개
샌드위치컵 화이트 직사각 100개
샐러드 서버
샐러드 서버
샐러드/빙수용기(Ø117,HR-24)25EA*20PK
샐러드용기(850ml,SL-700)50EA*10PK
샘표)연두,주황색,500g*6
샘표)연두,주황색,500g*6
샘표501양조간장1.8L*6
샘표501양조간장1.8L*6
샘표국간장930ml*12EA
샘표조선간장_(930ml*12)
샘표조선간장_(930ml*12)
샘표진간장S
샘표진간장S1.8L*6EA
생 모레 150g
생 아구르 크림 150g
생 앙드레 200g
생강분말(국산)1kg
생라면
생모르 카브리핀 180g
생신축하드립니다 토퍼 골드/1EA
생신축하드립니다 토퍼 골드/50EA
생신축하드립니다 토퍼 홀로그램/1EA
생신축하드립니다 토퍼 홀로그램/50EA
생이스트골드
생일 초 대/12000EA(1BOX)
생일 초 대/25EA(5봉)
생일 초 대/500EA(100봉)
생일 초 소/12000EA(1BOX)
생일 초 소/25EA(5봉)
생일 초 소/500EA(100봉)
생일 토퍼 레드/1EA
생일 토퍼 화이트/1EA
생일축하합니다 토퍼 레드/1EA
생일축하합니다 토퍼 레드/50EA
생일축하합니다 토퍼 홀로그램/1EA
생일축하합니다 토퍼 홀로그램/50EA
생크림-홉라(1L)-무가당
생폴럼
생폴럼
샤르미도르 슬라이스 150g
샤무드 끈 그레이/1ROLL
샤무드 끈 네이비/1ROLL
샤무드 끈 라이트바이올렛/1ROLL
샤무드 끈 올리브그린/1ROLL
샤무드 끈 핑크/1ROLL
샤브후 150g
샤이닝스타 초/1EA
샤인머스캣 1kg
샤인머스켓,경산포도,2~3수,2kg
샬롯랜치소스_1kg
샴페인사이다
서강)크리밀500g*20
서강)크리밀500g*20
서강)황치즈혼합분말 1kg
서강가당전지밀1kg*12
서강분말아이스크림1kg*12(바닐라)
서강분말아이스크림1kg*20(아이스밀크)
서도)서브큐 고구마치즈스틱(40ea*25g*4pk)
서리태,국내산,농부농산,kg
서리태,더조은,국내산,KG
서리태,아인스,국내산,KG
서림콩가루2.5Kg
서림콩가루2.5Kg * 4입 한박스
서브라임1L
서브큐 빵가루1KG*6/BOX
서브큐 빵가루8kg
서브큐 지유락 마일드 1KG*20
서브큐)뉴켄터키후랑크(1kg*10)
서브큐)레겐스부르거(1kg*10)
서브큐)레겐스부르거(1kg*10)
서브큐)롱윈너부어스트(1kg*10)
서브큐)롱윈너부어스트(1kg*10)
서브큐)베이커리소시지(1kg*10)
서브큐)베이커리소시지(1kg*10)
서브큐)빅후랑크_1kg*10
서브큐)빅후랑크_1kg*10
서브큐)스모크슬라이스햄(1kg*10)
서브큐)스모크슬라이스햄(1kg*10)
서브큐)스모크슬라이스햄(냉동, 1kg*10)
서브큐)슬라이스베이컨(1kg*10)
서브큐)슬라이스베이컨(1kg*10)
서브큐)알로크린  2KG*6
서브큐)알로크린 2KG*6
서브큐)알로크린13KG
서브큐)알로크린3KG*4
서브큐)켄터키후랑크(1kg*10)
서브큐)쿡살라미슬라이스(500g*12)
서브큐)쿡살라미슬라이스(500g*12)
서브큐)쿡살라미슬라이스(500g*12)
서브큐)프레쉬베이컨(1kg*10)
서브큐)프레쉬베이컨(1kg*10)
서브큐_겨자냉채용소스(T)_2kg*5
서브큐_깐풍소스(T)_2kg*5
서브큐_단호박크림스프베이스(냉동)_2kg*6
서브큐_데리야끼소스(S)_2kg*5
서브큐_돈가스용소스(고메밀면)_2kg*5
서브큐_매운떡볶이용소스(T)_2kg*5
서브큐_바베큐소스P_2kg*5
서브큐_바베큐소스P_2kg*5
서브큐_발사믹소스T_2kg*5
서브큐_볶음짜장소스S_2kg*5
서브큐_사천탕면용소스S_2kg*5
서브큐_소고기볶음면용소스S_2kg*5
서브큐_시저베이스소스T_2kg*5
서브큐_쌀똑 매콤달콤고추장소스(일회용)_20g*200
서브큐_양식돈가스용소스(S)_2kg*5
서브큐_오리엔탈드레싱(S)_2kg*5
서브큐_중화칠리소스(T)_2kg*5
서브큐_직화쭈꾸미볶음용소스_2kg*5
서브큐_초고추장14kg
서브큐_치킨양념소스SY_2kg*5
서브큐_칠리오일소스T_2kg*5
서브큐_토마토미트파스타용소스_3kg*5
서브큐_토마토파스타용소스S_2kg*5
서브큐_피자플래넷 단짠단짠 피자소스_2.5kg*4
서브큐_화이트크림파스타용소스S(냉동)_2kg*5
서브큐_흑후추소스S_2kg*5
서브큐-갈릭크림치즈(1kg*5ea)
서브큐-갈릭크림치즈(1kg*5ea)
서브큐-갈릭크림치즈(1kg*5ea)
서브큐베이킹롤치즈1kg*5ea
서브큐슬라이스피클파우치(3kg*6)
서브큐-에멘탈퐁듀치즈(1kg*5ea)
서브큐-에멘탈퐁듀치즈(1kg*5ea)
서브큐오이피클슬라이스(캔)3k*6
서브큐지유락300(1KG*20)
서빙트레이 L
서빙트레이 M
서빙트레이 S
서울 식물성크림1L*12EA
서울 식물성휘핑크림1L
서울 쿠킹크림1L
서울국제 즈마장3KG*6EA(직송)
서울데어리휩스프레이휘핑크림250g*12
서울멀티체다슬라이스치즈100매
서울멀티체다슬라이스치즈100매
서울밤다이스 8KG
서울버터12Kg 무염
서울버터450g 무염 <지대포장>
서울베이커리롤치즈1Kg
서울베이커리롤치즈1kg*5pack/box
서울슬라이스치즈(멀티)100P 1.8kg*4pack
서울식품)소보루가루 2kg*4ea
서울식품)플레인번세트 90g*24ea*4pk
서울우유 생크림 500ml
서울우유 생크림 500ml (D-2발주)
서울체다슬라이스치즈1800멀티ll 1.8kg*4
서울휘핑크림
서울휘핑크림 10개입 1박스
서울휘핑크림1liter*10pack/box
서프라이즈 라즈베리 타르트(72개입)
석류 크랜베리 리플잼
석류냉동퓨레(100%) 1kg
석류농축분말1kg
석류농축분말300g
석류농축액100g
석류농축액1Kg
석류농축액1kg
석류분말1kg
석류파우더80g
선인)감자분말 1kg*10
선인)건조파슬리 250g*28ea
선인)건조파슬리 250g*28ea
선인)고르곤졸라소스1kg*10ea
선인)바닐라에센스1kg
선인)브리오쉬430g*20ea
선인)사워크림1kg*12
선인)슈믹스500g*20
선인)스프링클코코아파우더1kg*6
선인)아마레나체리 1kg*12ea
선인)앙고구마필링N3.3kg*6
선인)앙호박필링(냉동)1kg*16
선인)엘르앤비르고메버 500g*8ea
선인)엘르앤비르엑셀런스휘핑크림1L*12
선인)초코칩1kg*10
선인)초코퐁듀 2kg*8
선인)카길다크론도초콜릿10kg
선인)코코아매스500g*20ea
선인)코코아파우더1kg*12
선인)판젤라틴1kg*25
선인)프리미엄블루베리필링(냉동)1kg*15
선진)스모크햄쵸핑(1kg*10)
선한)히커리바베큐소스538g*12
선한)히커리바베큐소스538g*12
설기머핀틀 AL (착)
설기머핀틀 스텐
설날 원형택 a번 50매
설날 원형택 b번 50매
설날 원형택 c번 50매
설타나 (2kg)
설타나 12.5Kg
설타나12.5kg
설타나1kg
성냥(케익용)
성냥*100
성냥/100EA
성냥/3000EA(1BOX)
성림계피가루200g
성진) 인절미 콩가루 2KG*10
성진) 인절미 콩가루 2KG*10
성진)뉴슈가500g*20
성진)뉴슈가500g*20
성진)미숫가루 12곡 1kg*12(직송)
세모이 다크버튼58.5프로
세모이다크드롭초콜릿10KG
세미)아이스티시럽 레몬 2kg*6ea
세미)아이스티시럽 복숭아 2kg*6ea
세미)프로믹스바닐라5KG*2
세미)프로믹스초코5KG*2
세미원)관자쇼마이25g*40ea*10pk
세미원)두부모양피쉬볼500g*12pk
세미원)생선까스 60g*20ea*5pk
세미원)야채김말이튀김(25G*40)*10
세미원)야채김말이튀김(25G*40)*10
세미원)야채춘권(15G*60)*12
세미원)왕어혈교25g*40ea*10pk
세미원)일본풍감자고로케 30g*20ea*12pk
세미원)크랩향피쉬볼500g*12pk
세븐)다진고기1kg
세비앙 (럼주)
세비앙 (럼주)
세제(다목적 PB-1) 20 L
세프마스터-데코레이팅-펜
셰프마스터색소-골드20g
셰프마스터색소-골든옐로우20g
셰프마스터색소-네온브라이트그린20g
셰프마스터색소-네온브라이트블루20g
셰프마스터색소-네온브라이트옐로우20g
셰프마스터색소-네온브라이트오렌지20g
셰프마스터색소-네온브라이트퍼플20g
셰프마스터색소-네온브라이트핑크20g
셰프마스터색소-네이비블루20g
셰프마스터색소-딥핑크20g
셰프마스터색소-레드레드20g
셰프마스터색소-레몬옐로우20g
셰프마스터색소-로즈핑크20g
셰프마스터색소-민트그린20g
셰프마스터색소-버건디와인20g
셰프마스터색소-버크아이브라운20g
셰프마스터색소-블랙다이아몬드20g
셰프마스터색소-스카이블루20g
셰프마스터색소-조지아피치20g
셰프마스터색소-터키옥20g
셰프마스터색소-티얼그린20g
셰프마스터색소-퍼플20g
셰프마스터색소-플래시톤20g
소가루(코젠,분말시즈닝)680G*24EA
소가루(코젠,분말시즈닝)680G*24EA
소교)라이스페이퍼(원형16cm)_300g*30
소교)완두콩400g
소교)초고버섯(2.84kg*6)
소교)표고(채) 2.84kg*6(직송)
소교동죽순(홀)2.84kg*6
소교양송이(홀)2.84kg*6
소교영콘(420g*24)
소교죽순(채)2.84kg*6
소교죽순(편)2.84kg*6
소교죽순(홀)2.84kg*6
소교초고버섯(450g*24)
소교표고(채)2.84kg*6
소교표고(홀)2.84kg*6
소교황도슬라이스400g*24
소교후레쉬오이피클슬라이스3.1kg*6
소떡꼬치
소라와사비 500g
소리시알바실리코1Kg
소분 28 색지컵 2색(화이트/초코)/60EA
소분)SPC 건포도 1KG*10EA
소분)건조크란베리 1Kg*10
소분)설타나1kg
소분)유원 구운 아몬드슬라이스 1kg*12
소분)유원 구운아몬드 1kg*12
소분)유원 구운호두1/4태 1kg*12
소분)유원 볶음캐슈넛 1kg*10_푸드빌
소분)캔디드오렌지필1kg*10
소분)크랜베리 클래식(지앤엘) 2Kg*6
소불고기덮밥
소불고기양념(백설,10kg말통)
소사 36863.피스타치오페이스트 1kg
소사 37110.전화당리퀴드 1.4kg
소사 37309.글루코스리퀴드 1.5kg
소사 37945.오렌지블라썸워터(41500002) 100g
소사 38850.나투르에물 500g
소사 38894.옐로우펙틴 500g
소사 39028.소야휩 300g
소사 39464.글루코스파우더 500g
소사 48683 말토섹 500g
소스뚜껑PET2온스투명뚜껑100EA*25PK/BX
소스용기PET2온스투명용기100EA*25PK/BX
소스컵 1호 (70∅/소)/100EA
소스컵 1호 (70∅/소)/3000EA(1BOX)
소스컵 2호 (70∅/대)/100EA
소스컵 2호 (70∅/대)/3000EA(1BOX)
소스컵 3-1호 (75∅/대)/100EA
소스컵 3-1호 (75∅/대)/2000EA(1BOX)
소스컵 3-1호 (75∅/소)/100EA
소스컵 3-1호 (75∅/소)/2000EA(1BOX)
소스컵(PS)75파이*60_100EA*30PACK
소스컵70파이1호뚜껑_(100EA*30PK)
소스컵70파이1호뚜껑_(100EA*30PK)
소스컵70파이1호몸체(100EA*30PACK)
소스컵70파이1호몸체(100EA*30PACK)
소이 프로틴 너겟  ( ISP 너겟 ) 10Kg * 2
소프라브릭 카다이프
소프터 알파가
소프터 알파가
소프트넘버3
소프트앤후로즌라즈베리1kg
소프트앤후로즌라즈베리1kg
소프트앤후로즌블루베리1kg
소프트앤후로즌블루베리1kg
소프트앤후로즌크란베리홀1kg
소프트앤후로즌크란베리홀1kg
소형무스링_60*45_원형
소형무스매화
소형무스사각60*60*45
소형무스하트
손잡이 꼬지 10CM/100EA
손잡이 꼬지 10CM/20000EA(1BOX)
손잡이 꼬지 15CM/10000EA(1BOX)
손잡이 꼬지 15CM/100EA
손잡이 꼬지 18CM/10000EA(1BOX)
손잡이 꼬지 18CM/100EA
손잡이 지퍼 보냉백 250*300+60
손잡이형 컷팅보드 M
손잡이형 컷팅보드 XL
솔방울갑오징어절단40/60(베트남, 1.5-2cm)
솔비톨1Kg
솔빈산칼륨10kg
솔잎가루1kg
솔잎가루300g
솔티드 버터 이즈니 카라멜 밀크 팟 180g
솔티드 버터 이즈니 카라멜 밀크 팟 75g
솔티드 카라멜 고메 팝콘 60g
솔티드 카라멜 시럽 1kg
솔표)겨자분(캐나다)_200g*50
송월타올)행주(30*45) 10pk*10EA/BX
송월타올)행주(30*45) 10pk*10EA/BX
송월타올면행주중50EA/PK
쇠고기다시다(백설)1kg*10
쇼핑백_대_200*10
쇼핑백_중_200*15
숌 르 크레미에 250g
수박HPP주스 1kg
수박HPP주스 1kg  10개입 한박스
수박퓨레 포션 1kg
수복강녕 띠지/50EA
수수가루(생,국산)1kg
수수가루(생,국산)300g
수저(일회용_개별포장)100E*15P
수저(일회용_개별포장)100E*15P
수저집 KP / 85*255 (10000매)
수저집 KP / 85*255 (100매)
수저집/500EA
수제 쯔쿠네
수제바닐라 시럽  2.3kg
수제바닐라 시럽  500g
수제샌드위치휴대케이스P
수플레컵소
숙성 체다 190g
순금박 5.5*5.5cm
숫자 초 0/100EA(1BOX)
숫자 초 0/10EA(1갑)
숫자 초 0~9(숫자별)/10EA(숫자별각1갑)
숫자 초 1/100EA(1BOX)
숫자 초 1/10EA(1갑)
숫자 초 2/100EA(1BOX)
숫자 초 2/10EA(1갑)
숫자 초 3/100EA(1BOX)
숫자 초 3/10EA(1갑)
숫자 초 4/100EA(1BOX)
숫자 초 4/10EA(1갑)
숫자 초 5/100EA(1BOX)
숫자 초 5/10EA(1갑)
숫자 초 6/100EA(1BOX)
숫자 초 6/10EA(1갑)
숫자 초 7/100EA(1BOX)
숫자 초 7/10EA(1갑)
숫자 초 8/100EA(1BOX)
숫자 초 8/10EA(1갑)
숫자 초 9/100EA(1BOX)
숫자 초 9/10EA(1갑)
숫자초 0 10개
숫자초 0~9 각 1갑씩 10갑
숫자초 1 10개
숫자초 2 10개
숫자초 3 10개
숫자초 4 10개
숫자초 5 10개
숫자초 6 10개
숫자초 7 10개
숫자초 8 10개
숫자초 9 10개
숫자초0번
숫자초1번
숫자초2번
숫자초3번
숫자초4번
숫자초5번
숫자초6번
숫자초7번
숫자초8번
숫자초9번
숫자쿠키커터
쉐리 비네거 500ml
쉐어드토마토(4,180ml)
쉐어드토마토(425ml)
쉐프 세트 (4종)
쉐프루이스 골드럼
쉐프루이스 꼬냑
쉐프루이스 레몬
쉐프루이스 바나나
쉐프루이스 사과(칼바도스)
쉐프루이스 오렌지 꼬냑
쉐프루이스 커쉬(키리쉬)
쉐프루이스 트리플섹
쉐프루이스 트리플섹
쉐프솔루션냉동베이컨1KG*6EA(B2B)
쉬폰바닥지1호
쉬폰받침,봉투 1호-받침 100매
쉬폰받침,봉투 1호-봉투 100매
쉬폰받침,봉투 1호-세트(받침+봉투) 100매
쉬폰받침,봉투 2호-받침 100매
쉬폰받침,봉투 2호-봉투 100매
쉬폰받침,봉투 2호-세트(받침+봉투) 100매
쉬폰받침,봉투 3호-받침 100매
쉬폰받침,봉투 3호-봉투 100매
쉬폰받침,봉투 3호-세트(받침+봉투) 100매
쉬폰받침,봉투 미니-받침 100매
쉬폰받침,봉투 미니-봉투 100매
쉬폰받침,봉투 미니-세트(받침+봉투) 100매
쉬폰비닐1호
쉬폰팬1/2호
쉬폰팬1/2호 갓(착)
쉬폰팬1/2호 몸통(착)
쉬폰팬1호
쉬폰팬1호 갓(착)
쉬폰팬1호 몸통(착)
쉬폰팬2호
쉬폰팬2호 갓(착)
쉬폰팬2호 몸통(착)
쉬폰팬3호
쉬폰팬3호 갓(착)
쉬폰팬3호 몸통(착)
쉬폰팬미니
쉬폰팬미니 갓(착)
쉬폰팬미니 몸통(착)
슈가시럽1.5L_설탕시럽
슈가시럽1000ml
슈가통 85*50
슈레드피자치즈1Kg
슈레드피자치즈300g
슈레디드 해쉬브라운 감자 1.36kg * 6
슈믹스(500g)
슈믹스(지대)10kg
슈크림라떼믹스1Kg
슈퍼소프트엠
슈퍼스위트콘
슈퍼코트 벌크
슈퍼코트(1.25kg)
슈퍼코트E
슈퍼코트M50
스-Giuliano 블랙트러플오일 250ml(4%,사각병)
스-Granoro 링귀네(3번,디파세로)500g
스-그라노로 스파게티 500g
스나기모(근위)똥집 꼬치(30)
스노우맨 띠지/50EA
스노우맨 유산지 16.5*18/500EA
스노우쇼핑백 소 50매
스노우쇼핑백 중 50매
스노우트리 초/1EA
스마일 2종 스티커 1묶음(20장)/240EA
스마일 마스킹 테이프 KP/1EA
스마일 마스킹 테이프 크림/1EA
스마일 쇼핑백 화이트 스마일/10EA(장당450원)
스마일 초 옐로우/1팩(5개입)
스마일데이 PE 쇼핑백 소/1500EA(1BOX)
스마일데이 PE 쇼핑백 소/50EA
스마일데이 PE 쇼핑백 중/1300EA(1BOX)
스마일데이 PE 쇼핑백 중/50EA
스마일데이 띠지 옐로우/50EA
스마일땡쓰 띠지/50EA
스머커즈)딸기잼(포션)14g*200
스메그/지에라오븐 타공판(￠3)
스메그/지에라오븐팬
스-모나리 발사믹크림 500ml
스모크 치즈 200g
스모크 치즈 500g
스모크 치즈 디스크 100g
스모크드 로인 슬라이스 (카레스펙) 100g
스모크드 햄 슬라이스 (쉰켄스펙) 100g
스모크드 햄 플래터 (슬라이스 3종) 140g  ( 주문발주 )
스모크쿡드스펙
스모크후레바
스몰난
스-암브로시 페코리노로마노 200g
스위스벨리크림치즈1.36KG*10
스위스초콜릿 화이트1000  5Kg
스위스초콜릿 화이트1000  5Kg
스위스초콜릿 휀시1000  5kg
스위스초콜릿 휀시1000  5kg
스위트 러브 스티커 B-스위트러브(KP)/1묶음(12장)/48EA
스위트 러브바 스티커 B-스위트러브바(KP)/1묶음(8장)/90EA
스위트 로맨틱 은박 2종 스티커 1묶음(9장)/72EA
스위트밀크웨이분말 1kg
스위트치즈스프레드 1kg
스위트타르트83mm
스위트피클슬라이스(3.3kg*6)
스윗 데이 스티커 1묶음(20장)/200EA
스윗미니타틀릿(지름4.9cm) 240piece
스카모짜 스모크드 250g
스쿠아퀘렐로 125g
스키야끼타레
스타도우넛커터-PP
스타색지컵-뉴하트
스타색지컵-청홍
스타아니스홀 18g
스타양면계량스푼
스타핑 구김지 크라프트/500g
스탠 가격표 사각/소/5EA
스탠 가격표 사각/중/5EA
스탠 가격표 원형/소/10EA
스탠 가격표 원형/중/10EA
스탠다드 바게트
스탠드가격표링-대[30cm(10개)]
스탠드가격표링-미니 4cm (10개)
스탠드가격표링-소[10cm(10개)]
스탠드가격표링-중[20cm(10개)]
스탠드믹서600
스탠드손잡이 보냉백  (대) ( 50 )
스탠드손잡이 보냉백  (소) ( 50 )
스테릴가르다 동물성 휘핑크림 ( 파나 다 몬타레 ) 1L
스테릴가르다 마스카포네 치즈 1kg
스테릴가르다 마스카포네 치즈 200g
스테릴가르다 마스카포네 치즈 500g
스텐계량스푼롱2종
스텐높은타르트팬4호
스텐돌림판
스텐물솥(유압)
스텐스크래퍼 , 소
스텐스크래퍼 대
스텐실 포유
스텐실(B-39떡답례-4)
스텐실A-13올리버
스텐실A-14조각케익,러블릭
스텐실A-16도일리
스텐실A-17플라워가든
스텐실A-19마리
스텐실A-3곰돌이
스텐실A-5야옹이
스텐실A-8하트 (도매)
스텐실A-9웃어요
스텐실B-10문어2종세트
스텐실B-11다람쥐
스텐실B-12곰이신났다
스텐실B-13듬직한 곰
스텐실B-15몽글몽글 6종세트
스텐실B-16제이미표정 3종세트
스텐실B-17쌔근쌔근
스텐실B-1미니홈메이드
스텐실B-29플라워도일리
스텐실B-5올리버B
스텐실B-7달려라 영희야
스텐실B-8타이거
스텐실B-9오징어2종세트
스텐실붓4호
스텐이중밀가루체120mm
스텐쿠키커터-진저맨3종
스텐특수깍지12종세트
스텐후랑보아즈틀
스트라이프 그린 유산지 16.5*18/500EA
스트라이프 그린 유산지 25*35/500EA
스트라이프 그린 유산지 25*35/5500EA(1BOX)
스트라이프 리본 15mm/레드/1ROLL
스트라이프 리본 15mm/블랙/1ROLL
스트라이프 리본 25mm/레드/1ROLL
스트라이프 리본 25mm/블랙/1ROLL
스트라이프 할리데이 띠지/50EA
스트라키노 100g
스트링치즈2.5kg
스티치 골직 10 리본 다크그린화이트/1ROLL
스티치 골직 10 리본 레드화이트/1ROLL
스티치 골직 10 리본 베이지초코/1ROLL
스티치 골직 10 리본 올리브그린화이트/1ROLL
스티치 골직 10 리본 와인화이트/1ROLL
스티치 골직 10 리본 초코화이트/1ROLL
스티치 골직 10 리본 핫핑크화이트/1ROLL
스티치 골직 10 리본 화이트초코/1ROLL
스티치 골직 10 리본 화이트핑크/1ROLL
스티치 골직 15 리본 다크그린화이트/1ROLL
스티치 골직 15 리본 레드화이트/1ROLL
스티치 골직 15 리본 베이지초코/1ROLL
스티치 골직 15 리본 스카이네이비/1ROLL
스티치 골직 15 리본 스카이화이트/1ROLL
스티치 골직 15 리본 올리브그린화이트/1ROLL
스티치 골직 15 리본 와인화이트/1ROLL
스티치 골직 15 리본 초코화이트/1ROLL
스티치 골직 15 리본 퍼플화이트/1ROLL
스티치 골직 15 리본 핑크화이트/1ROLL
스티치 골직 15 리본 화이트초코/1ROLL
스티치 골직 15 리본 화이트핑크/1ROLL
스티치 골직 6 리본 다크그린화이트/1ROLL
스티치 골직 6 리본 레드화이트/1ROLL
스티치 골직 6 리본 베이지초코/1ROLL
스티치 골직 6 리본 올리브그린화이트/1ROLL
스티치 골직 6 리본 와인화이트/1ROLL
스티치 골직 6 리본 초코화이트/1ROLL
스티치 골직 6 리본 크림초코/1ROLL
스티치 골직 6 리본 화이트핑크/1ROLL
스티치 리본 택 타이 그린/5EA
스티치 리본 택 타이 옐로우/5EA
스티치 리본 택 타이 오렌지/5EA
스티치 타이 그린/10000EA(50봉)
스티치 타이 그린/200EA
스티치 타이 옐로우/200EA
스티치 타이 핑크/10000EA(50봉)
스티치 타이 핑크/200EA
스티치리본10mm 노랑
스티치리본10mm 브라운
스티치리본10mm 연핑크
스티치리본10mm 와인
스티치리본10mm 진핑크
스티치리본10mm 청록
스티치리본10mm 카키
스티치리본10mm 파랑
스티치리본10mm 핑크
스티치리본10mm 하늘
스티치리본10mm 회색
스티치리본5mm 레드
스티치리본5mm 브라운
스티치리본5mm 와인
스티치리본5mm 핑크
스티치리본타이 갈색 200개
스티치리본타이 노랑 200개
스티치리본타이 분홍 200개
스티치리본타이 빨강 200개
스티커 색동설날 1묶음(6장)/108EA
스티커 핸드메이드 크라프트타자체
스티커06아트지+인쇄
스티커09금지+금박
스티커1장
스티커210미라지+인쇄+금박
스티커91아트지+갈색+엑설런트
스티커투톤_핸드메이드
스틱 봉투 반투명 대/100EA
스틱 봉투 반투명 중/100EA
스틱 봉투 투명 대/100EA
스틱 봉투 투명 중/100EA
스틴스마)초코케익믹스파우더 20kg
스틴스마)크림케익믹스파우더 20kg
스파게티 넘버 5 500g
스파게티 알라치타라,E20
스파이시망고냉동냉동퓨레 1kg
스파이크롤러 스텐210*130
스파클링 모히또 330ml
스패드)고르곤졸라크럼블(500g*10ea)
스패드)고르곤졸라크럼블(500g*10ea)
스패드)램노스블루베리과일치즈(125g*12ea)
스패드)렘노스멜론&망고치즈(125g*12)
스패드)마우리 고르곤졸라 돌체블록 1.5KG*4EA
스패드)마우리 고르곤졸라 돌체블록 1.5KG*4EA
스패드)마우리 고르곤졸라돌체 포션(150g*8ea)
스패드)마우리 고르곤졸라돌체 포션(150g*8ea)
스패드)마우리 고르곤졸라피칸테 포션(150g*8ea)
스패드)마우리 고르곤졸라피칸테 포션(150g*8ea)
스패드)암브로시 그라나파다노블록 700g*8ea
스패드)암브로시 그라나파다노블록 700g*8ea
스패드)이고르고르곤졸라돌체블록(1.5kg*4)
스패드)이고르고르곤졸라돌체포션(150g*16)
스패드)이고르고르곤졸라피칸테블록(1.5kg*4)
스패드)이고르고르곤졸라피칸테포션(150g*16)
스패츌라 9인치
스패튤러 대(9인치)
스패튤러 미니
스패튤러(국산),L자 (220)
스패튤러(국산)-톱날,대
스패튤러(일),10인치 L자
스패튤러(일),6인치
스패튤러(일),7인치
스패튤러(일),8
스패튤러_미니___4
스패튤러3종세트
스페니쉬 초리조 300g
스페인 치즈 셀렉션 400g(150g, 150g, 100g)(이베리코 치즈, 만체고 치즈, 고트 치즈)
스페인 치즈 플레이트 150g(50g*3)(이베리코 치즈, 만체고 치즈, 고트 치즈)
스페츌라
스페큘로스향NG297X
스페클15kg
스페클5Kg
스포키(16cm)100EA*30
스푼 받침대
스푼검정(170) 개별_세븐스테이크
스푼스트로우(스푼빨대)혼합
스프레드블
스프레드블(16개입)
스프링 3종 스티커 1묶음(9장)/216EA
스피디팝팝콘오일3kg*2
슬라이스차슈
슬로프밀봉스텐
슬로프원형팬(스텐) 1호
슬로프원형팬(스텐) 2호
슬로프원형팬(스텐) 3호
슬로프원형팬1호
슬로프원형팬2호
슬로프원형팬3호
슬림 메탈릭토우칸 초 골드/실버/1팩(16개입)
슬림꽈배기 골드&실버 초 골드/실버/1팩(16개입)
슬림꽈배기 네온믹스 초 네온컬러/1팩(16개입)
슬림초 대(십년생1갑) 5개*100봉지
슬림초 소(일년생1갑) 5개*100봉지
시가야 낫또
시금치분말(국산)1kg
시금치페스토500g
시금치퓨레
시나모롤아동공기
시나모롤아동머그컵(전자레인지사용가능C120KR2)
시나몬 스틱 (15개입)
시나몬초코파우더 500g
시나몬파우더
시나몬파우더40g
시리얼커피 인카페프리미엄100g
시마야다시 1kg*10ea
시메사바
시몬 유산지 컵/500EA
시몬유산지컵 500ea P20 55*45
시시토마끼(꽈리삼겹)꼬치
시아스)골드마요네즈(파우치)_2kg*6
시아스)마오나 강정소스_2kg*6
시아스)마오나 게살볶음밥(1kg*10)
시아스)마오나 데미그라스소스_2kg*6
시아스)마오나 바베큐소스_2kg*6
시아스)마오나 새우볶음밥(1kg*10)
시아스)불닭소스(실온)_2kg*6
시아스)사우전드아일랜드드레싱골드_2kg*6
시아스)오리엔탈소스_2kg*6
시아스)할라피뇨바베큐소스2Kg*6
시즌즈후르츠믹스836g후르츠칵테일
시타 포마스오일(해바라기유) 5L
시타포마스오일(5L*4)
시트러스 에시드
시판칼(소)
식빵팬슬라이스
식소다
식소다(꼬미다,베이킹소다) 1kg
식품용 종이 방습제 1g/12000EA(1BOX)
식품용 종이 방습제 1g/2000EA
식품용 종이 방습제 2g/1000EA
식품용 종이 방습제 2g/8000EA(1BOX)
식품지 봉투 크라프트 2호/1000EA(1BOX)
식품지 봉투 크라프트 2호/100EA
식품지 봉투 크라프트 3호/1000EA(1BOX)
식품지 봉투 크라프트 3호/100EA
식품지 봉투 크라프트 5호/1000EA(1BOX)
식품지 봉투 크라프트 5호/100EA
식품지 봉투 화이트 2호/1000EA(1BOX)
식품지 봉투 화이트 2호/100EA
식품지 봉투 화이트 3호/1000EA(1BOX)
식품지 봉투 화이트 3호/100EA
식품지 봉투 화이트 4호/1000EA(1BOX)
식품지 봉투 화이트 4호/100EA
식품지2호
식품지3호
식품지4호
신문 HD 쇼핑백 대사각/100EA
신문 HD 쇼핑백 대사각/2000EA(1BOX)
신문 HD 쇼핑백 미니사각/200EA
신문 HD 쇼핑백 미니사각/4000EA(1BOX)
신문 HD 쇼핑백 직사각/100EA
신문 HD 쇼핑백 직사각/2000EA(1BOX)
신문 HD 식빵 봉투 38/200EA
신-불닭소스
신선한완두콩이씹히는완두콩스프(10개입)
신선한완두콩이씹히는완두콩스프(40개입)
신-세세리(닭목살)떡꼬치
신슈-시로미소(백된장)
신영)가람마살라(가보식품)_250g*8
신영)가람마살라(가보식품)_250g*8
신영)계피가루(베트남)_400g*12
신영)계피가루(베트남)_400g*12
신영)마늘분말(중국)_500g*12
신영)마늘분말(중국)_500g*12
신영)백후추홀 450G*12EA
신영)생강분말 400g*12ea
신영)오레가노럽드(오레가노홀,터키)_150g*12
신영)오레가노럽드(오레가노홀,터키)_150g*12
신영)오레가노분(터키)_350g*12
신영)케이젼스파이스 250G*8EA
신영)케이젼스파이스 250G*8EA
신영)케이젼스파이스_250g
신영)코리앤더그라운드(인도)_450g*12
신영)코리앤더그라운드(인도)_450g*12
신영)타임럽드(타임홀,터키)_180g*12
신영)타임럽드(타임홀,터키)_180g*12
신영)파프리카시즈닝(국산)_450g*12
신영)파프리카시즈닝(국산)_450g*12
신영)페페로치노홀(케냐)_1kg*6
신영)펜넬홀(씨드,인도)_300g*12
신영)피클링스파이스(수입산)_450g*12
신영)피클링스파이스(수입산)_450g*12
신영HS)닭육수농축액_1kg*10
신영HS)돈골농축액_1kg*10
신영HS)우골농축액_1kg*10
신영상회_풍원고구마전분 20KG
신우)훈제오리가슴살(200g*50ea)
신우)훈제오리슬라이스(중국산 800g*10)
신우)훈제오리완포(900g*10_중국산)
신원형금지무스받침 100매
신쿠키레이스 100매
신파운드팬 양면
신-하카타풍야끼교자
신형 HD 쇼핑백 초미니/100EA(장당26원)
신형 HD 쇼핑백 초미니/2000EA(1BOX/장당23원)
신형 초콜릿 내피 5*6(30구)/10EA
신형HD쇼핑백(1줄)
신형HD쇼핑백(2줄)
신형HD쇼핑백(3줄)
신형HD쇼핑백(미니)
신형HD쇼핑백(사각)
신형HD쇼핑백(초미니)
실리카겔1g
실리카겔3g
실리카겔3g
실리코마트GLOBE
실리코마트PILLOW
실리코마트STONE
실리코마트까눌레-대8구
실리코마트미니반구15구
실리코마트미니반구24구
실리코마트미니원통15구petits-fours
실리코마트반구6구
실리코마트반구6구
실리코마트반구8구
실리코마트사바린-중8구
실리코마트오발(대)8구
실리코마트오발(소)16구
실리코마트코엔도르12구
실리코마트폼포넷24구
실리콘 스페츌라 (18EA)
실리콘기름솔(와이어)
실리콘몰드4구_캐니멀
실리콘미니몰드6P
실리콘미니몰드8P
실리콘밀대
실리콘브러쉬
실리콘브러쉬
실리콘손잡이[동물]
실리콘알뜰주걱
실리콘오븐장갑
실리콘작업판600*400
실리콘짤주머니14
실리콘짤주머니16인치
실리콘패드B형 640*450
실리콘패드특대(흰색)
실리콘팬 반구6구 6cm
실리콘팬 반구6구 7cm
실리콘팬계란빵16구
실리콘팬곤충(대)8구__
실리콘팬곤충4종8구
실리콘팬곰돌이6구
실리콘팬곰얼굴6구
실리콘팬국화
실리콘팬까눌레15구
실리콘팬꽃푸딩6구
실리콘팬노루딕들꽃12구
실리콘팬동물앤자연12구
실리콘팬마카롱실리콘매트
실리콘팬부리오쉬12구
실리콘팬선물상자15구
실리콘팬성탄6종
실리콘팬원형주름4종
실리콘팬인기모듬6구
실리콘팬장미15구
실리콘팬주름원형-6P
실리콘팬투하트15구
실리콘팬하트
실리콘팬하트24구__
실리콘팬호박12구
실리콘페이퍼-46용 (10장)
실리콘페이퍼-일반용 (10장)
실면장갑(검정띠40g)20장 *30PK
실버 글리터시트지
실버 숫자 초 0/10EA(숫자별각1갑)
실버 숫자 초 1/10EA(숫자별각1갑)
실버 숫자 초 2/10EA(숫자별각1갑)
실버 숫자 초 3/10EA(숫자별각1갑)
실버 숫자 초 4/10EA(숫자별각1갑)
실버 숫자 초 5/10EA(숫자별각1갑)
실버 숫자 초 6/10EA(숫자별각1갑)
실버 숫자 초 7/10EA(숫자별각1갑)
실버 숫자 초 8/10EA(숫자별각1갑)
실버 숫자 초 9/10EA(숫자별각1갑)
실초大 10살용5개입
실초小 1살용5개입
실패드D (우녹스판용)
실패드D (우녹스판용)
실한천(국산)150g
쌀,죽향쌀,금성농협,국내산,20kg
쌀,참조은쌀,농협양곡,국내산,18년산,20KG
쌀,추청경기미,롯데상사,국내산,20KG
쌀,함평신동진쌀,농협양곡,국내산,20KG
쌍하트 픽/80EA
썬리 바로먹는 옥수수 450g*32ea
썬초이스)후룻믹스(후르츠칵테일)836g*12
썸띵 3종 스티커 1묶음(15장)/90EA
썸머 3종 스티커 1묶음(9장)/216EA
쑥분말1kg
쑥분말1kg(고운분말)
쓰레기63흰봉투(투명50L)50EA*20PK
씨21)Cebesa오징어먹물500g*18
씨21)데체코 꼰낄리에 500g*24/box
씨21)데체코 딸리아뗄레 500g*8
씨21)데체코 로뗄레 500g*24
씨21)데체코 리가토니 500g*24
씨21)데체코 리가토니 500g*24
씨21)데체코 삼색파르팔레 500g*12
씨21)데체코 삼색파르팔레 500g*12
씨21)데체코 스파게티 12호 1kg*12
씨21)데체코 스파게티니 1kg*12
씨21)데체코 엑스트라 버진 올리브유 1L*12
씨21)머쉬룸크림760g*6
씨21)메뉴 세미 선 드라이 토마토 800g*6
씨21)엔초비 720g*12
씨가 있는 패션후루츠냉동 퓨레
씨솔트카라멜팝콘_2.5kg
씨엘)튀긴마늘슬라이스 500g*12ea
아가베시럽660g
아뇰로틴 팔마지아노 레기아노
아다망스 냉동 라즈베리 퓨레 1kg
아다망스 냉동 코코넛크림 퓨레 1kg
아담스파마산4g*500(소포장)
아담스프리미엄파마산1kg*10
아레스유기농캐모마일삼각30티백
아레스유기농페퍼민트삼각30티백
아로니아주스750ml
아로마 트리플섹
아로마 파네토네
아르보리아  휘핑크림  1L*12pc/box
아르보리아 마스카포네 [1LX12ea]
아리바72%
아마구치 오코노미야끼소스 2.1kg
아마드)얼그레이홍차 100g
아마드)얼그레이홍차 100g
아마레나 체리 캔 1kg
아마레나체리
아메리칸 머핀믹스
아메리칸스타일스콘믹스 1kg
아메리칸스타일스콘믹스(벌크)_20kg
아몬드 프라린(50%) 5kg
아몬드, 헤이즐넛, 초코 크로캉 4kg
아몬드분말1kg
아몬드페이스트22%
아몬드프라린2kg
아몬드필링(캘리포니아아몬드페이스트)6.5kg
아미드펙틴(잼용) 1kg
아보카도 바나나 리플잼
아보카도 퓨레 500g
아브루가 55g
아비코)스킨온프라이감자,2kg*6
아비코)재킷웨지감자,2kg*6EA
아비코)크링클컷감자,2kg*6
아우디아 그릴드아티초크 2.9kg
아우디아 선드라이드토마토 1.55kg
아우리치오 프로볼로네돌체(컵) 150G
아우리치오 프로볼로네돌체스낵 140G
아우리치오 프로볼로네돌체슬라이스 100G
아이깨끗해250ml*18EA
아이러브유 초/12EA(곽)
아이러브유 초/1EA
아이러브유초 12개
아이리쿼_그리오틴
아이리쿼_그리오틴
아이리쿼_글렌터너위스키
아이리쿼_글렌터너위스키
아이리쿼_레미마틴
아이리쿼_레미마틴
아이리쿼_몽게이럼
아이리쿼_몽게이럼
아이리쿼_바닐라리쿼
아이리쿼_세인트제임스
아이리쿼_세인트제임스
아이리쿼_아마레또
아이리쿼_아마레또
아이리쿼_엑스오브랜디
아이리쿼_일데방럼
아이리쿼_커피술(데베냐 부나)
아이리쿼_코인트로40%-1L
아이리쿼_코인트로40%-1L
아이리쿼_코인트로40%-500ml
아이리쿼_코인트로40%-500ml
아이리쿼_키리쉬45%
아이리쿼_키리쉬45%
아이리쿼_포트샬롯스코티시발리
아이리쿼_포트샬롯스코티시발리
아이스/오븐몰드 GEL1
아이스/오븐몰드 GEL3
아이스/오븐몰드 GEL4
아이스/오븐몰드 GEL5
아이스100 20kg/pail
아이스께끼팩
아이스바6구
아이스캔디용팩
아이스크림 스푼 블랙/1BOX 10kg(6000~6200EA)
아이스크림 스푼 혼합/1BOX 10kg(6000~6200EA)
아이스크림 스푼 화이트/1kg(600~620EA)
아이스크림스쿱 ￠50
아이스크림제조기
아이케이)가래떡 11CM 2kg*10ea
아이케이)고두래냉면육수(일반)340ml*30ea
아이케이)고두래동치미육수340ml*30ea
아이케이)냉장 떡국떡 1.4kg*10ea
아이케이)핫이슈냉면비빔장2kg*6ea
아젤리아 35%
아주쿡)골드프레시오이피클슬라이스(3.1kg*6)
아즈끼(팥)향2011KR(1KG)
아쿠바디지털온도계 cs-101 블랙(방수)
아쿠바디지털온도계 cs-101 화이트(방수)
아쿠바디지털온도계 CS-102블랙
아쿠바디지털온도계 CS-102화이트
아쿠바아날로그타이머 틱톡
아쿠바주방저울
아크릴가격표 10*5 바구니 10개
아크릴가격표 10*5 아크릴L자 10개
아크릴가격표 9*4.5 신형바구니 10개
아크릴가격표 9*4.5 신형아크릴L자 10개
아트카레소스-냉동
아티초크 2.5Kg
아티초크보톰2.5Kg
아페리프레 코트 다쥐르 100g
아페리프레 프로방스 100g
안도아 누아 70% (유기농) 3KG
안드로스냉동바나나퓨레1kg
안드로스딸기리플잼1kg
안드로스딸기파이필링1kg
안드로스딸기파이필링1kg
안드로스라즈베리리플잼1kg
안드로스망고리플잼1kg
안드로스바나나리플잼1kg
안드로스베리믹스파이필링1kg
안드로스베리믹스파이필링1kg
안드로스복숭아리플잼1kg
안드로스블루베리리플잼1kg
안드로스사과리플잼1kg
안드로스청포도리플잼1kg
안드로스체리리플잼1kg
안드로스파인애플리플잼1kg
안심)탕수육소스용기P-850 50ea*12
안심)탕수육소스용기P-850 50ea*12
안심)탕수육소스용기뚜껑P-850 50ea*12
안심)탕수육소스용기뚜껑P-850 50ea*12
안토니오아마토스파게티500g*12
안티코 파르미지아노 레지아노 150g
안티코 파르미지아노 레지아노 1Kg
안티코 페코리노 로마노 150g
알땅콩(볶음,중국산)3.75kg
알땅콩(볶음,중국산)500g
알뜰반달주걱
알뜰주걱 95*210
알라)모짜렐라치즈9.2kg(2.3kg*4)
알루미늄컵 골드 100개
알루미늄컵 레드 100개
알루미늄컵 블랙 100개
알룬가5kg
알마스 캐비어 벨루가 12g
알마스 캐비어 벨루가 30g
알마스 캐비어 벨루가 500g  (주문발주)
알마스 캐비어 세브루가 12g
알마스 캐비어 세브루가 30g
알마스 캐비어 세브루가 500g  ( 주문 발주 )
알마스 캐비어 오세트라 12g
알마스 캐비어 오세트라 30g
알마스 캐비어 오세트라 500g  ( 주문발주 )
알비에로 그라나 파다노 150g
알비에로 그라나 파다노 1kg
알에스190(1kg)
알파벳쿠키커터26p
알파콘1kg
알파콘5Kg(옥수수파우더)
알프센 라끌라떼스위스휠 약5.5KG
알프센 라끌라떼슬라이스 150G
알프센 르그루이어 200g
알프센 르그루이어블럭 약3KG
알프센 아펜젤러 200G
알프센 에멘탈러스위스 200G
알프센 테트드무안 약0.9kg
암비안떼1L-화이트
암크러스트10kg
앙금헤라 170L (=170(L) × 30(D)
앙상블 치즈 망고&무화과 (7g*18ea) 126g
앙상블 치즈 초리조 (7g*18ea) 126g
앙상블 치즈 플레인 (7g*18ea) 126g
앙탕스다크초콜릿4kg 66.4%
애니멀 정사각 2종 스티커 1묶음(7장)/56EA
애니멀 트레이 대/100EA
애니멀 트레이 대/10EA
애니멀 트레이 중/100EA
애니멀 트레이 중/10EA
애플 리플잼
애플 택 그린/10EA
애플 택 레드/10EA
애플 택 블루/10EA
애플 택 오렌지/10EA
애플 택 초코/10EA
애플 택 카키/10EA
애플 택 퍼플/10EA
애플시나몬 청크잼 (1kg)
애플파이팬_피막
액상사워종플러스2kg
앵커 뉴질랜드 탈지분유 800g*12ea
앵커 뉴질랜드 혼합전지분유 800g*12ea
앵커 락틱버터 9.08kg(454g*20)
앵커 쉐프스 휘핑크림(1ℓ*12)_네덜란드
앵커 천연버터 5KG*4
앵커 체다슬라이스치즈 15.36kg(960g*16ea)
앵커버터454g
앵커버터454g
앵커버터시트20KG(1KG*20EA)
앵커크림치즈 1kg
앵커크림치즈 1kg*12ea
앵커크림치즈 5kg*4ea
앵커휘핑크림(1ℓ*12)
야마사고이구찌간장-1.8L
야마사우스구찌간장 1.8L
야마에 고이구찌간장
야마에 사시미간장
야마에 우스구찌간장
야마이모 오코노미야끼
야마이모가라아게
야마히데덴가스립_1kg*12
야마히데덴가스립_1kg*12
야사이노우마니(토란)
야채 코팅지 30*30/1000EA
야채주스750ml
야타이오뎅세트(20)-오뎅모듬
양겨자(천우)200g*50
양겨자(천우)200g*50
양념민물장어(10미,10KG(중국산))
양면계량스푼2P
양면날개컵
양송이분말(국산)1kg
양송이분말(국산)200g
양송이스프(180g)(10개입)
양송이스프(180g)(40개입)
양송이슬라이스_씬 10kg
양장피채(녹두) / 200g * 30pk
양지뜰) 사골분말 20kg
양지뜰)사골분말10kg
양지뜰)사골분말500g*10
양파분말_500g*12
양파분말_500g*12
양파분태(2x2,국산)1kg
양파분태(2x2,국산)300g
양포 L형 오렌지 230 오렌지/1000EA
양포 L형 와플 130/1000EA
양포 L형 크라프트 130/10000EA(1BOX)
양포 L형 크라프트 130/500EA
양포 L형 크라프트 150/500EA
양포 L형 크라프트 150/6000EA(1BOX)
양포 L형 크라프트 180/5000EA(1BOX)
양포 L형 크라프트 180/500EA
양포 L형 화이트 130/10000EA(1BOX)
양포 L형 화이트 130/500EA
양포 L형 화이트 150/500EA
양포 L형 화이트 150/6000EA(1BOX)
양포 L형 화이트 180/5000EA(1BOX)
양포 L형 화이트 180/500EA
양포 L형 화이트 230/500EA
어드벤티지 쿠킹크림
얼개미중간망
얼그레이 (프랄린)
얼그레이 홍차20티백
엉근체
엉근체_중
에노코마키(팽이삼겹)꼬치
에담 슬라이스 150g
에담 포션 250g
에담치즈향 0120-V(1kg)
에뜨왈)스페셜블렌드 500g*10
에뜨왈)하우스블렌드500g
에리스리톨 결정 20Kg 미국
에멘탈 135g
에멘탈 블록 3Kg
에멘탈 슬라이스 150g
에멘탈러 포션 200g
에멘탈치즈[가는슈레드1.8*1.8*20]750g
에멘탈치즈[다이스9.6*9.6*9.6]1kg
에멘탈치즈[블록72*90*260]3kg조합
에멘탈치즈[슈레드3.2*3.2*25]
에멘탈치즈[슬라이스72*90*1.8]
에멘탈치즈스프레드
에버휩(everwhip)
에버휩(백인) 10kg
에버휩AS(백인)
에버휩AS-1030g
에버휩F(1030g)
에버휩F(백인)
에비스아게
에스엠)칼라체다치즈(2.5kg*4)
에스와이블루No50
에스와이옐로우칼라No1732
에스텔(18kg)
에스텔(1kg)[SIB에스피]
에스페셜리 타이 KP(그린)/1000EA(1봉)
에스페셜리 타이 브라운/1000EA(1봉)
에스페셜리 타이 퍼플/1000EA(1봉)
에스푸나 미뉴에츠 초리조 40g
에스푸나 미뉴에츠 푸에 40g
에스푸나 살라미 슬라이스 100g
에스푸나 살치촌 엑스트라 100g
에스푸나 살치촌 엑스트라 50g
에스푸나 살치촌 키콘 50g x 2
에스푸나 세라노 하몽 슬라이스 100g
에스푸나 세라노 하몽 슬라이스 50g
에스푸나 잠봉 슬라이스 100g
에스푸나 잠봉 슬라이스 340g
에스푸나 초리조 드 하몽 50g
에스푸나 초리조 벨라 50g x 2
에스푸나 초리조 엑스트라 100g
에스푸나 초리조 엑스트라 50g
에스푸나 하몽 거치대 및 칼 세트
에스푸나 하몽 위드 본 8.5Kg
에어로탑1L *12 ea
에어캡슐50m
에이원카프)딸기 리플잼 1KG*10EA
에이원카프)딸기 리플잼 1KG*10EA
에이원카프)블루베리 리플잼 1KG*10EA
에이원카프)블루베리 리플잼 1KG*10EA
에이원카프_그린칼라SG8410 _2KG
에이원카프_레드칼라CG1_2KG
에이원플러스500g
에코미 플레인 물티슈 400EA/BX
에콰도르 아마조니아 75%
에콰도르 코코아버터
에콰도르 화이트 초콜렛
에클레어받침(피스12/15) 피스12 100매
에클레어받침(피스12/15) 피스15 100매
에클레어받침(피스12/15) 피스15용 투명케이스 50개
에티오피아 모카하라골드 200g
에틸바니린 1Kg 중국
에포크 P.D.O페타치즈 200G
에포크 P.D.O페타치즈 2KG
에푸아스 250g
에프디딸기파우더 1kg ( 91% )
에프디딸기파우더100g  ( 국산100% )
에프디딸기파우더1kg ( 100% )
에프디딸기파우더200g
엑셀(500g)
엑셀(지대)_10kg
엑셀런스쿠킹크림 1L
엑셀런스휘핑크림(1L)
엑스트라 다크 컬스 초콜릿 1kg
엑스트라드라이버터
엑스트라버진올리브오일5L
엔젤인스탄트이스트 레드500g
엔젤팬-대
엔젤팬-소
엔젤헤어체다F(1kg*6pk)
엔조이 롱 2종 스티커 1묶음(8장)/32EA
엘 파오 다크 커버춰 58%
엘르&비르 가염 버터 200g
엘르&비르 버터 200g
엘르&비르 소프트 버터 250g
엘르&비르 휘핑 크림 500ML
엘르바이르 크림치즈(프랑스산)
엘보우
엘케 )  자연종이호일 30cm * 20m
엘케 ) 종이호일 33cm * 20m
엠디에스)링컨소시지(1kg*10)
엠디에스)소떡소스(2kg*5)
엠디에스)쌀떡꼬치(1.3kg*8)
엠디에스)치킨후레이크꼬치(1kg*10)
엠보 깔지 사각 10인치/1000EA(1BOX)
엠보 깔지 사각 10인치/100EA
엠보 깔지 사각 12인치/1000EA(1BOX)
엠보 깔지 사각 12인치/100EA
엠보 깔지 사각 13인치/1000EA(1BOX)
엠보 깔지 팔각 10인치/1000EA(1BOX)
엠보 깔지 팔각 12인치/1000EA(1BOX)
엠보 깔지 팔각 13인치/1000EA(1BOX)
엠보그 그릭스타일 치즈 인 오일위드 올리브 앤 허브 100g
엠보그 그릭스타일 치즈 인 오일위드 허브 앤 스파이스 100g
엠보그 까망베르 125g
엠보그 다나 블루 100g
엠보그 더치 고다 슬라이스 200g
엠보그 마일드 체다 슬라이스 200g
엠보그 브리 125g
엠보그 사우어 크림 1L
엠보그 스위스 에멘탈 슬라이스 200g
엠보그 아메리칸 체다 슬라이스 400g
엠보그 에담 웨지 230g
엠보그 에담 웨지 230g
엠보그 에멘탈러 200g
엠보그 이탈리안 모짜렐라 슬라이스 400g
엠보그 치즈 트라이앵글 140g (8포션)
엠보그 쿠킹크림 200mL
엠보그 크림치즈 1.36kg
엠보그 크림치즈 13.6kg
엠보그 포션버터 8g*200ea
엠보그 플레인 요거트 1L
엠보그 하바티 슬라이스 150g
엠보그 휘핑크림 200mL
연성 치즈 슬라이서
연합)초데리소스(일회용)_(6g*200EA)*10
열대과일냉동퓨레(100%) 1kg
열대과일믹스1kg
열대과일믹스1kg
열대과일믹스1kg
열대과일믹스300g
열대과일믹스A_5Kg
열대과일믹스A_5Kg
영문 HD 화이트 손잡이 쇼핑백/200EA
영문 HD 화이트 손잡이 쇼핑백/5EA
영문 M 쿠키 봉투/100EA
영문 M 쿠키 봉투/2000EA(100*20묶음)
영문 왁스페이퍼 25*35 브라운/250EA(1봉)
영문 왁스페이퍼 25*35 화이트/250EA(1봉)
영문 유산지 25*35 그린/500EA
영문 유산지 25*35 그린/50EA
영문 유산지 25*35 그린/5500EA(1BOX)
영문 유산지 25*35 초콜릿/500EA
영문 유산지 25*35 초콜릿/50EA
영문 유산지 25*35 초콜릿/5500EA(1BOX)
영문 유산지 25*35 화이트/500EA
영문 유산지 25*35 화이트/50EA
영문 유산지 25*35 화이트/5500EA(1BOX)
영미)고추맛기름1.8L*8
영미)대두유세트1호(1.8*2)*4
영미)대두유세트1호(1.8*2)*4
영미)옥배유세트1호(1.8*2)*4
영미)옥배유세트1호(1.8*2)*4
영인)디벨라 리가토니 500g*24
영인)디벨라 리조 1kg*10
영인)디벨라 스파게티(8호) 500g*24
영인)디벨라 엑스트라 버진 올리브오일 500ml*12
영인)디벨라 홀 토마토(2.5kg*6)
영인)바질페스토500G*6
영인)세미 선 드라이 토마토 290g*12
영칼로리)라이스 버미샐리1mm)_400g*30ea
옐로우 스마일 3종 스티커 1묶음(11장)/198EA
옐로우 스마일 유산지 16.5*18/500EA
옐로우 스마일 유산지 25*35/500EA
옐로우 스마일 초 메롱/1EA
옐로우 스마일 초 윙크/1EA
옐로우 스마일 초 하트/1EA
옐로우 스마일 초 해피/1EA
옐로우 스마일 픽/30R(4EA)
옐로우베이스1.7Kg
옐로우초코펜20g
옐로우콘또띠아SI 5kg
옐로우콘또띠야
오가닉 가염 버터 브릭 200g
오가닉 버터 브릭 200g
오간디 25 리본 그린/1ROLL
오간디 25 리본 레드/1ROLL
오간디 25 리본 블랙/1ROLL
오간디 25 리본 오렌지/1ROLL
오간디 25 리본 퍼플/1ROLL
오간디 25 리본 화이트/1ROLL
오거닉 코튼 야채백
오곡파우더1Kg
오공)마스킹테이프(25mm*40M, 56EA)
오공)마스킹테이프(25mm*40M, 56EA)
오디분말(국산)1kg
오디분말(국산)200g
오딧세이프리4.5KG
오뗄)본레스햄S(288g*20)
오뗄)수비드학센(750g*10)
오뗄)순살후라이드치킨(1kg*10)
오뗄)스모크햄(다이스)(1kg*10)
오뗄)오팜8mm슬라이스(1kg*10)
오뗄)토로나치킨(550g*10)
오뗄)페퍼로니(A급)(1kg*10_트레이)
오뗄)포크토핑그레뉼(1kg*10)
오뗄)포크토핑그레뉼(1kg*10)
오뗄)피자페퍼로니_진공(1kg*10)
오뗄)피자페퍼로니_진공(1kg*10)
오뗄)한입핫도그(1kg*8)
오뗄햄슬라이스1kg
오뚜기)겨자분(겨자:캐나다산)_200g*20
오뚜기)딸기쨈500g*12
오뚜기)마요네즈(은박)3.2kg*4ea
오뚜기)마요네즈골드(스파우트)3.2kg*4
오뚜기)미향_1.8L*6
오뚜기)미향_18L
오뚜기)사과식초(PET)_900ml*15
오뚜기)사과식초_18L
오뚜기)스테이크소스(PET)_2.1kg*6
오뚜기)식당용케찹(스파우트)_3.3kg*4
오뚜기)식당용케찹(캔)_3.3kg*6
오뚜기)식당용케찹(캔)_3.3kg*6
오뚜기)식당용케찹(파우치)_3kg*6
오뚜기)야채스프_1kg*10
오뚜기)양조식초1.8L*6
오뚜기)연와사비(튜브)_100g*24
오뚜기)오뚜기카레(매운맛)_1kg*10
오뚜기)오뚜기카레(매운맛)_1kg*10
오뚜기)오쉐프스파게티소스_3kg*6
오뚜기)이금기바베큐소스_240g*12
오뚜기)이금기바베큐소스_240g*12
오뚜기)이금기중화XO소스_220g*12
오뚜기)이금기중화XO소스_220g*12
오뚜기)이금기중화두반장 2,040g*6
오뚜기)이금기황두장_368g*12
오뚜기)제과제빵마요네즈1Kg
오뚜기)카레(약간매운맛)_1kg*10
오뚜기)크림스프_1kg*10
오뚜기)타바스코핫소스_350ml*12
오뚜기)토마토케찹소포장(9g*1000)
오뚜기)하이라이스_1kg*10
오뚜기)현미식초(PET)_1.8L*6
오뚜기)현미식초(PET)_1.8L*6
오뚜기고소한참기름1L*8
오뚜기고소한참기름1L*8
오뚜기베이킹파우더300g
오란다대_155(L) × 75(D) × 65(H)
오란다소
오레가노분말100g
오레가노분말1kg
오레가노분말500g
오레가노홀 12g
오렌지 각대봉투 소
오렌지 각대봉투 소
오렌지 각대봉투/100EA
오렌지 각대봉투/2000EA(1BOX)
오렌지 타르트(72개입)
오렌지농축액 500g
오렌지라인 유산지 16.5*18/500EA
오렌지럼 (프랄린)
오렌지에센스80g
오렌지엣센스500g
오렌지제스트
오렌지제스트500g
오렌지콩크500g
오렌지페이스트
오렌지퓨레 1kg (프랑스)
오리지널크림치즈 1.36kg
오리지널크림치즈 벌크
오리진 플레르드카오 5kg
오믈렛-마이클푸드
오미베리 베리티(325ml)
오미베리 스파클링(325ml)
오미베리 오리지널(500ml)
오미베리 포카페리치(1000ml)
오발 싱글몰드(양면)
오븐베이크포크칙
오븐온도계300도_TW1504
오븐장갑 (스타,방열) 340*160 / 한쌍
오븐크리너명품20kg
오븐판양면_430
오븐표준집게-MIB
오셀카버터500g * 10개입 한박스
오씨아니레드키드니빈2.5kg*6
오씨아니레드키드니빈400g*24
오양 숫불구이맛 소시지 1Kg * 10
오정 적색102호 500g
오정 적색2호 500g
오정 적색2호 50g
오정 적색3호 500g
오정 적색3호 50g
오정 적색40호 500g
오정 청색1호 500g
오정 청색1호 50g
오정 혼합녹색 500g
오정 혼합녹색 50g
오정 황색4호 500g
오정 황색4호 50g
오정 황색5호 500g
오지상 혼미림1L(12)
오징어먹물색소(465g)
오징어먹물추출분말100g
오징어블랙겔100g
오징어블랙겔500g
오징어타코컷(800g)
오코노미야끼260-해물
오코노미야끼350-해물
오코타코하나케즈리 500g
오크라노고마아에(오크라)
오타코마요소스
오텐틱듀럼1kg
오트리 고메 넛버터 땅콩 스무스 230g*15/Box
오트리 고메 넛버터 땅콩 크런치 230g*15/Box
오트리 고메 넛버터 아몬드 스무스 230g*15/Box
오트리 고메 넛버터 아몬드 크런치 230g*15/Box
오트리 냉동 캔탈로프 멜론 다이스 1kg/10Pack
오트리 냉동 캔탈로프 멜론 다이스 1kg/Pack
오트리 연유베이스 1L*8/Box
오트리냉동레몬퓨레 1kg
오트리냉동세미캔디드체리 1kg
오트리냉동세미캔디드체리 1kg
오트리호두베이스 1kg
오트밀 식사용 500g x 5
오트밀(제과용)22.68kg
오트밀_제과용_압착귀리1kg
오트밀분말(볶음) 1kg
오트밀분말(볶음)500g
오틀리 바리스타
오틀리 초코(1L)
오팔리스 진주 크런치 3KG
오페라 냉동 부라타 100g
오페라 냉동 부라타 125g
오프스라잇38%
오프스블랑35%(2kg)
오픈 스티커 1묶음(7장)/210EA
오피피1개입_영문화이트 접착봉투 ( 500매 )
오피피쿠키무지9*10+4  ( 500매 )
옥산리얼그레이티드파마산치즈227g*24
옥수수레진N(1kg)
옥수수레진N(5kg)
옥수수맛전분300g
옥수수스프(200g)(10개입)
옥수수스프(200g)(40개입)
옥수수식빵팬
옥수수크런치(1.5kg)
온탑340g*12
올 아메리칸 블랜드(All-American Blend)
올덴버거 무가염버터 250g*20ea/box
올덴버거 무가염버터 250g*20ea/box
올덴버거무가염미니버터9.6KG(10g*240ea*4
올레디저트 스윗라운드
올레디저트 스윗미니라운드
올레디저트 스윗미니스퀘어(사각형)
올레디저트 스윗스퀘어(사각형)
올레타파스 60서클
올리버 야끼소바소스
올리버 오코노미야끼소스
올리버 토마토 돈까스소스(6)
올리베이라 다 세하 고메 올리브유
올리베이라 다 세하 바이오 올리브유
올리브 발사믹 비네그레트
올리브 오일 프레쉬 펄 55g
올리브오일 엑스트라 버진
올림푸스(페이스트리용) 5kg
와규꼬치
와규함박스테이크(1kg*10ea)
와사비마요
와일드블루베리(1kg)
와플&핫케이크 시럽 1kg
와플믹스2-10Kg
와플양포
왁스페이퍼(브라운)
왁스페이퍼(흰색) _필기체 25*35
왁시브레드KC
완)프렌치크로아상55g*30ea
완두콩1kg
완두콩스프(9kg)
완두콩퓨레
외국산 고구마 다이스 2Kg
외국산 고구마 다이스 2Kg
요거트드레싱
요고N요구1Kg
요구르트페이스트(냉동) 1kg
요리바바오이피클슬라이스3kg*6
용기) HG-651(검정) 600EA/BX(FR)
용기) HG-652(검정) 600EA/BX(FR)
용기) HG-653(점정) 600EA/BX(FR)
용기) HG-656(검정) 600EA/BX(FR)
용호)서브큐종이컵184ml(50개*20봉)
우농 유탕고구마2kg
우니코1(젤라틴믹스춰) 2kg
우니코3(젤라틴믹스춰) 2kg
우동아게(30매)
우리농산물로만들어더욱구수한우리멀티믹스 2kg
우리밀전립분믹스1kg
우리밀전립분믹스2.5Kg
우리밀호떡(400g*10)
우림딸기쨈3KG*6
우림사과쨈3KG*6
우미플러스(2kg*6)
우시즈-고보마끼
우시즈-미도리볼
우시즈-사각사쯔마(가쿠텐)
우시즈-사쯔마아게
우시즈-삼색꼬치
우시즈-생선두부튀김
우시즈-시로볼
우시즈-아카볼
우시즈-야사이사쯔마
우시즈-이와시버거
우시즈-이자카야오뎅세트-오뎅모듬
우시즈-이카마끼
우시즈-이카볼(오징어볼)
우시즈-흰살생선튀김
우시즈-흰살생선튀김
우엉분말1kg
우엉분말300g
우유버터
우유식빵팬 유압양면_300*95*95
우지마차믹스(100g)
우지마차믹스파우더(1kg)
울금분말1kg
울금분말300g
울스텐수세미(13*9cm)낱개(1BX=500개입)
울트라다크엠2kg
울트라씬에멘탈슈레드(1.2kg)
울트라화이트엠
움트리)강와사비분_200g*40(10ea*4case)
움트리)강와사비분_200g*40(10ea*4case)
움트리)프리미엄강겨자(일회용)_(3g*200EA)*8
움트리_초고추장13kg
웅진식기세척기용린스20L
웅진식기세척기용세제20L
원더풀베어 각대봉투/100EA
원더풀베어 각대봉투/2000EA(1BOX)
원더풀베어 쇼핑백/25EA
원더풀베어 펄프도시락(B03)/50EA
원목네일꽂이
원목네일꽂이_
원목네일꽂이2구
원터치 창 식빵 봉투/50EA
원형 금지무스받침 100매
원형 냄비받침
원형 떡 케이스 블랙/50EA
원형 떡 케이스 화이트/50EA
원형 유리용기 1600ml
원형 유리용기 190ml 3세트
원형 유리용기 2600ml
원형 유리용기 620ml
원형 유리용기 770ml
원형 핸드메이드 3종 스티커 1묶음(10장)/180EA
원형PET주름컵 블랙숫자 300개
원형PET주름컵 빨강체크 300개
원형PET주름컵 스윗초코 300개
원형PET주름컵 전원풍경 300개
원형PET주름컵 풍차 300개
원형PET주름컵 핑크리본 300개
원형채반 352*25
원형택 7종 1번 50매
원형택 7종 2번 50매
원형택 7종 3번 50매
원형택 7종 4번 50매
원형택 7종 5번 50매
원형택 7종 6번 50매
원형택 7종 7번 50매
원형팬1호 양면_150(Φ) × 45(H)
원형팬2호
원형팬3호양면_210(Φ) × 45(H)
원형팬4호
원형팬5호양면_270(Φ) × 45(H)
원형팬미니
원형푸드메쉬(220)
원형푸드메쉬(240)
원형푸드메쉬(280)
원효)고추절임(산고추)_500g*20ea(중국)
원효)고추절임(산고추)_500g*20ea(중국)
원효)고추절임(산고추)_500g*24ea(중국)
원효)고추절임(산고추)_500g*24ea(중국)
월드믹스
월드버터컴파운드  9Kg
월량도라오천추420ml*12
웬슬리데일 크랜베리 190g
웰가 에스피 5kg
웰빙랜드)새찬오이피클슬라이스(캔)3kg*6
웰빙랜드)새찬일회용피클80g*168
웰푸드버터콤파운드4.5KG
웰푸드버터콤파운드4.5KG
위생모자 중/1EA
위생모자 중/20EA
위생봉투 대 1000매
위생봉투 소 1000매
위시본)이탈리안드레싱_473ml*12
위즈웰컨벡션전기오븐53
윈덱스660ml*12
윈덱스660ml*12
윌리엄배퓨레1Kg (프랑스)
윌튼 아이싱칼라 12종세트-미니
윌튼레쉬피식빵팬-대
윙크 스마일 2종 스티커 1묶음(20장)/160EA
유기농 기버터 230g
유기농 미니 크림치즈 120g (24g X 5pc)
유기농 스파클링 블러드 오렌지 275ml
유기농 정향30g
유기농 통밀가루(지대)-밥스레드밀
유기농 통밀가루(지대)-허트랜드밀
유기농 통밀가루_1kg
유기농오트밀(귀리 100%,미국산) 5kg
유기농이든녹차가루1kg
유니레버)몬다민루화이트_1kg*6
유니레버)크노르데미그레이스소스믹스_800g*6
유니스폰지10Kg
유니크) 바닐라 엣센스 500g
유니크) 바닐라 엣센스 500g
유니크) 바닐라 오일 500g
유니크) 바닐라 오일 500g
유니크림10Kg
유데야끼소바면-5인분
유레알모짜렐라치즈(2.5k*4)
유로커스타드(지대)10Kg
유로팜 버터_10KG/BOX
유리 계량컵 (1000ml)
유리 계량컵 (200ml)
유리 계량컵 (500ml)
유백  대    ( 100매 )
유백  특대  ( 100매 )
유백 HD 봉투 대/100EA
유백 HD 봉투 소/100EA
유백 HD 봉투 중/100EA
유백 HD 봉투 특대/100EA
유산지 37.5*50/2000EA(한연)
유산지 37.5*50/50EA(1ROLL)
유산지 40 색지컵 백색유산지/200EA
유산지 40 색지컵 초코유산지/200EA
유산지 45 색지컵 백색유산지/200EA
유산지 45 색지컵 초코유산지/200EA
유산지 55 색지컵 백색유산지/200EA
유산지 55 색지컵 초코유산지/200EA
유산지(머핀컵55-갈색)
유산지(머핀컵55-녹색)
유산지(머핀컵55-보라)
유산지컵25mm 초코
유산지컵28mm 녹색
유산지컵28mm 연두
유산지컵28mm 흰색
유산지컵33mm 분홍*330매
유산지컵33mm 초코* 500매
유산지컵40mm 흰색
유산지컵45mm 흰색
유산지컵55mm 초코
유산지컵55mm 흰색
유산지컵55흰색
유산지컵55흰색 _ (200매)
유원) 백아몬드분태 10kg
유자분말1kg
유자생모레크림치즈조각케익
유자제스트500g
유자폰즈후레쉬 2kg
유자퓨레(18kg)
유자퓨레(500g)
유자필700g
유청분말300g
유통기한 스티커 1묶음(6장)/84EA
유한 펑크린 2L*6/BX
유한 펑크린 2L*6/BX
유한락스 2L*6EA
유한락스 2L*6EA
유한락스)욕실청소용(스프레이) 500ML*12EA/BX
유한락스)욕실청소용(스프레이) 500ML*12EA/BX
유한락스)욕실청소용(스프레이) 500ML*20EA/BX
유한락스)욕실청소용(스프레이) 500ML*20EA/BX
유한락스)주방청소용(스프레이) 500ML*12EA/BX
유한락스)주방청소용(스프레이) 500ML*12EA/BX
유한락스)주방청소용(스프레이) 500ML*20EA/BX
유한락스)주방청소용(스프레이) 500ML*20EA/BX
육각손잡이 스윗홀릭 50개
육각손잡이 스윗홀릭+OPP22*32 50개
육각손잡이 플라워 50개
육각손잡이 플라워+OPP22*32 50개
은박 5.5*5.5cm_4절
은박 베이킹컵 40mm/200EA(1갑)
은박 베이킹컵 50mm/200EA(1갑)
은박 파운드 컵 대/100EA
은박장파운드
은박컵10P
음료수용종이컵_10온즈
음료수용종이컵세트_16온즈
이가자연)냉동면생지 (200g*10ea)*10pk
이금기 중화 두반장 368g
이금기 치킨파우더 1kg*12개
이금기 팬더 굴소스 510g
이금기 팬더 굴소스 2,270g*6개
이금기 프리미엄 굴소스 2,270g*6개
이금기중화고추마늘소스(226g*12)
이금기중화매실소스260g*12개
이금기중화매실소스260g*12개
이금기중화해선장2,270g*6개
이금기중화해선장2,270g*6개
이금기중화해선장240g*12개
이금기프리미엄노추(노두유)500ml*12병
이금기프리미엄노추(노두유)500ml*12병
이까게소 오징어 다리튀김
이나야5kg
이단접이 리본 (3개입) 크림+그레이+초코/3EA(1봉)
이단접이 리본 (3개입) 피치핑크+레드+블루/3EA(1봉)
이단접이 리본 (50개) 블루/50EA
이단접이 리본 (50개) 웜그레이/50EA
이단접이 리본 (50개) 초코/50EA
이단접이 리본 (50개) 피치핑크/50EA
이든고구마시럽1kg
이든녹차가루100g
이든녹차가루200g
이든녹차라떼500g
이든녹차밀1kg
이든딸기시럽500g
이든메론시럽
이든바나나시럽500g
이든블루베리시럽500g
이든전란분말(프랑스)300g
이든천연색소시리즈 20g (9종)
이든타운)가쓰오부시분말 1kg
이든타운)단호박분말(국산)1kg
이든타운)오트밀(두미S) 500g*40
이든타운)오트밀(두미S) 500g*40
이든타운)치자분말 1kg*10ea
이든타운)치자분말 1kg*10ea
이든홍삼원 1kg
이든홍차라떼500g
이바라)그린피티드올리브3kg*6
이바라)블랙피티드올리브3kg*6
이바라)엔초비스터프드올리브 240g*12
이베리코 베요타 살치촌 슬라이스 80g
이베리코 베요타 초리조 1kg
이베리코 베요타 초리조 슬라이스 80g
이베리코 베요타 팔레타 슬라이스 50g
이베리코 베요타 하몽 슬라이스 80g
이베리코 베요타 하몽 핸드컷 슬라이스 100g (42개월 숙성)
이베리코 베요타 하몽 핸드컷 슬라이스 60g(42개월 숙성)
이베리코 베요타 하몽 홀 7Kg
이베이킹) 몰드 꽃 (일본)
이베이킹) 몰드 나뭇잎 (일본)
이베이킹) 몰드 다이아 (일본)
이베이킹) 몰드 하트 (일본)
이보아르 35%
이비스아저
이비스옐로우 500g
이스트 골드(500g /사프인스탄트이스트)
이스트 레드(125g /사프인스탄트이스트)
이스트 레드(500g /사프인스탄트이스트)
이스트밸리 유로구뜨 모짜렐라 슈레드 280g
이스트후드 20Kg
이스페셜리타이 이스페셜리-그린 1봉지(1000개)
이스페셜리타이 이스페셜리-레드 1봉지(1000개)
이스페셜리타이 이스페셜리-와인 1봉지(1000개)
이스페셜리타이 이스페셜리-퍼플 1봉지(1000개)
이스페셜리타이 이스페셜리-핑크 1봉지(1000개)
이스페셜리타이 이스페셜리-화이트 1봉지(1000개)
이스페셜리타이 크라프트-그린 1봉지(1000개)
이스페셜리타이 크라프트-레드 1봉지(1000개)
이스페셜리타이 크라프트-무지 1봉지(1000개)
이스페셜리타이 크라프트-브라운 1봉지(1000개)
이엔)가쓰오풍후리가께_(50g*10)*6입
이엔)가쓰오풍후리가께500g*10
이엔)매운맛가쓰오풍후리가께500g*10
이엔)미니양조맛간장 (5.6ml*185ea)*10ea
이엔)생와사비905골드_700g*20
이엔)생와사비905골드_700g*20
이엔)초밥소스_1.8L*6
이-자네티 마스카포네 500G
이즈니 생메르 버터 롤 500g
이즈니 생메르 크렘 프레쉬 AOP 200ml
이지)고구마치즈볼(1kg*4pk)
이지)고구마치즈스틱(40ea*25g*4pk)
이지)고구마치즈춘권롤90(1kg*4pk)
이지)롱치즈스틱(1kg*4pk)
이지)모짜렐라치즈볼(1kg*4ea)
이지)빅치즈스틱(1kg*4ea)
이지)치즈볼(1kg*4pk)
이지)치즈스틱(70)40ea*25g*4pk
이지)프리토크림치즈볼(1kg*4pk)
이지_오븐용치즈스틱(70)40ea*25g*4pk
이지_오븐용치즈스틱(90)40ea*25g*4pk
이지_치즈스틱(91)40ea*25g*4pk
이지마요1Kg
이지멀티그레인15kg
이지멀티그레인5Kg
이지베이글15Kg
이지스폰지케이크믹스_10kg
이지스폰지케익믹스_1kg
이지차바타
이지크림1kg
이찌방 남방스
이찌방 유자폰즈
이츠웰)파인애플슬라이스836g*12
이츠웰후르츠칵테일3.062kg*6
이치방야끼도리소스
이타쿠자 55%
이탈리안꼬포치즈(그라나치즈S) 240g
이탈리안꼬포치즈(이탈리아꼬포치즈IR)400g
이탈리안꼬포치즈(이탈리안꼬포치즈IR)_2kg
이탈리안생햄(슬라이스)
이탈젤라틴 (GOLD ITALGEL)
이테크,17호,100EA*10PK
이테크,17호,100EA*10PK
이푸드)미니베이컨(1kg*10)
이푸드)알뜰베이컨(1kg*10)
이푸드)착한베이컨(1kg*10)
익스트라다크코코아파우더 1kg
익스트라다크코코아파우더 200g
익스트라다크코코아파우더(콘데타)-지대
익스트라테이스트(1kg)
익스트라테이스트(5kg)벌크
인겐고마아에(강낭콩)
인도 마이소르 너깃 엑스트라 볼드 200g
인쇄공단리본15mm 금색
인쇄공단리본15mm 녹색
인쇄공단리본15mm 분홍
인쇄공단리본15mm 자주
인쇄공단리본15mm 흰색
인쇄창봉투120
인쇄창봉투130
인절미라떼 파우더 400g
일반롤레이스 100매
일반보냉제400g 140*220
일반보냉제800g 190*280
일본식팬케익믹스1Kg
일본오케이간모
일상 쇼핑백 화이트 대/200EA(1BOX)
일상 쇼핑백 화이트 대/50EA
일상 쇼핑백 화이트 소/200EA(1BOX)
일상 쇼핑백 화이트 소/50EA
일상쇼핑백대 300*135*255
일상쇼핑백소 180*90*230
일석삼조케이크칼 100개
일월오봉도 각대봉투/100EA
일월오봉도 각대봉투/2000EA(1BOX)
일월오봉도 쇼핑백/25EA
일출 근하신년 띠지/50EA
일출 새해 띠지/50EA
일출 원형 2종 스티커 1묶음(8장)/64EA
일회용나이프(검정/개별포장)TM100EA*20PACK
일회용사각용기TY-3(20*14)100E*10P
일회용스푼(자동포장)
일회용포크(검정1매입)SA100EA*20PACK
일회용포크(자동포장)
일회용포크(흰색1매입)100EA*20PACK
잉글리쉬 블랙퍼스트 홍차20티백
잉글리쉬블랙퍼스트100g
잎새젤라틴(20g)
자두 1kg
자루분당체(소)
자루분당체(일),대
자루분당체(일),소 68ø*180L
자루분당체(일),중
자루분당체대
자루분당체중 98(Φ) × 210
자루주걱(고열용)_대
자루주걱(고열용)_소
자루주걱(고열용)_중
자루주걱,대
자루주걱소 (SN4741),240
자루주걱중
자몽 코디얼
자색고구마가루 1kg 국산
자색고구마분말1Kg 중국산
자숙피꼬막살(국내산,10PAC/BOX)
자숙피꼬막살(국내산,1KG/PAC)
자연애쇠고기1kg
자윤)가쓰오부시1호500g*10ea
자윤)가쓰오부시1호500g*10ea
자이언트룰렛 다크/화이트
자판기용종이컵
잔뒤야다크
잔탄검(150g)
잔탄검100g
잔탄검1kg
잠봉슬라이스[블록]200~400g
잠봉슬라이스_400g
잡화청2.4kg*8
잣(국산)1kg
잣다루싱글
장국용멸치분말1kg
장국용멸치분말300g
장미8구
장미꽃잎시럽 1kg
장미꽃잎시럽 1kg
장보고 완도 동결건조 매생이 블럭 2g x 5
장식 듀오롤(초코스틱지브라포)
장식 미니모카빈300g
장식 장미잎
장식용 꼬치 구름/100EA
장식용 꼬치 꽃/100EA
장식용 꼬치 별/100EA
장식용 꼬치 하트/100EA
장식용 꼬치 해/100EA
장파운드팬 305*70*60
잼보 유색 레이스 25 테이프 블루(11)/1ROLL
잼보 유색 레이스 25 테이프 살구(17)/1ROLL
잼보 파스텔 레이스 12 테이프 파스텔그린/1ROLL
잼보 파스텔 레이스 12 테이프 파스텔레드/1ROLL
잼보 플로라 체크 15 테이프 브라운/1ROLL
잼보 플로라 체크 15 테이프 스카이/1ROLL
잼보 플로라 체크 15 테이프 카키/1ROLL
잼보 플로라 체크 15 테이프 핑크/1ROLL
쟁반깔지(인쇄유산지) 레터링
쟁반깔지(인쇄유산지) 브라운
쟁반깔지(인쇄유산지) 연두
쟁반깔지(인쇄유산지) 영자신문
쟁반깔지(인쇄유산지) 오렌지
쟁반깔지(인쇄유산지) 핑크
쟁반깔지(인쇄유산지) 화이트
쟈스민차벌크/1kg*20pk
쟈스민차벌크/1kg*20pk
쟌뒤야다크인텐소
저감미당S (1kg)
저수분버터필링_5kg
저지방(2%) 그릭 요거트 플레인 150g
적강낭콩 4/1 2.65kg
적날치알(레드),국내제조, 800g*20ea/BOX
적날치알(레드),수입산,800g*20ea/BOX
적두,국내산,농부농산,kg
적외선온도계
전자저울
전자저울_KS-234WT
전자저울2kg
전자저울500g
전자저울KS-208WT
전자저울KS-502A_2Kg/1g
전자저울WZ-1D
전통7곡미숫가루800g
절단깍지콩(flat cut spanish green bean)
절단당근 4/1  2kg
절단비트 1/2
절단비트 4/1
절단샐러리4/1
절단양파통조림
점보난
점보롤(해피퀸)화장지(200*4롤2겹)*4Pack
접시1호
접시2호
접시3호
접시4호
접착소파운드컵 레드하트 100개
접착소파운드컵 스위트홀릭 100개
접착소파운드컵 초코체크 100개
접착소파운드컵 핑크체크 100개
접착컵미니 스위트홀릭 100개
접착컵미니 초코체크 100개
접착컵미니 핑크체크 100개
정복애 3종 스티커 1묶음(8장)/192EA
정복애3종스티커
정사각 유리용기 800ml 3세트
정사각타르트팬
정사각타르트팬1호
정사각타르트팬2호
정사각팬1호
정사각팬2호양면 165*165*45
정사각팬3호
정사각팬4호
정사각팬5호
정사각팬6호
정사각형 유리용기 1400ml
정사각형 유리용기 2200ml
정사각형 유리용기 800ml
제과용홍차가루200g
제니코)New골드라벨밀크향(1,030g*12)
제니코)Super-2000 gold 500g*34
제니코)고다 다이스치즈(2.27kg*4)제니코)고다 다이스치즈(2.27kg*4)
제니코)골드라벨(907G X 12)_오리지널
제니코)까망베르크림치즈1kg*10
제니코)까망베르크림치즈1kg*10
제니코)다이스내열성체다치즈(2.27kg*4)
제니코)라스카스 크림치즈 1.36kg*10
제니코)라스카스 크림치즈 1.36kg*10
제니코)리치베르사띠(1L*12)
제니코)마르켄버터10kg
제니코)마스카폰치즈500g*6
제니코)마스카폰치즈500g*6
제니코)만토바마스카포네치즈_500g*8
제니코)모짜렐라 프라임 300 2.5kg*4
제니코)모짜렐라 프라임 500 2.5kg*4
제니코)모짜렐라치즈슬라이스(1kg*4)
제니코)모짜렐라프라임골드2.5kg*4
제니코)몬트레이젝다이스치즈(2.27kg*4)
제니코)밸류프라이드_907g*12
제니코)베이킹파우더 포뮬러(2) 300g
제니코)베이킹파우더_RED 300g
제니코)본가드슬라이스치즈160매2.27kg*4
제니코)브라젤레버터(이탈리아,무가염)_5kg
제니코)비앙카골드크림치즈(1.36kg*10)
제니코)스위트밸리휘핑크림
제니코)에어로탑커피용크림(1ℓ*12)
제니코)엔젤인스탄트이스트-저당 10kg
제니코)엔젤인스탄트이스트-저당 500g*20
제니코)웨스트포인트버터 13.6kg(Bulk)
제니코)윌버팜스휘핑크림(1ℓ*12)
제니코)체다슬라이스치즈100P
제니코)체다슬라이스치즈100P
제니코)크로와상버터플레이트 10KG(2KG X 5EA)
제니코)팬시슈레드파마산치즈907g*6
제니코)팬시슈레드파마산치즈907g*6
제니코)폴리크림치즈_1.36kg*10
제니코)폴리크림치즈컵28g*100
제니코)피자치즈N502.5kg*4
제니코)피자토핑프라임2.5kg*4
제니코)후랑크소시지 1kg*10
제니코)후랑크소시지 1kg*10
제니코피자치즈500A 2.5kg
제때)맥케인 슈스트링감자 2kg*6
제빵용누룩소금(시오코지)
제원)디아블로삼각형585G*6
제원)디아블로삼각형585G*6
제원)딸기잼12.5kg/Can
제원)커피플레이버(커피엑기스2)1KG*6
제이베이커리융점롤치즈
제이앤커피)카페브라운블렌드 1KG*12
제이쿱)동죽순(홀) 2.84kg*6
제이쿱)락교2S 3kg*6
제이쿱)락교3S 3kg*6
제이쿱)로위키멸균우유 3.2% (1L X 12)
제이쿱)리노 마카로니 (500g*20)
제이쿱)리노 스파게티 (500g*20)
제이쿱)세빌프리미엄 블랙올리브 피티드(385g*24)
제이쿱)양송이(P&S) 2.84kg*6
제이쿱)양송이(특편) 2.84kg*6
제이쿱)양송이(홀) 2.84kg*6
제이쿱)완두콩 3kg*6ea(캔)
제이쿱)완두콩(원터치캔) 400g*24ea
제이쿱)죽순(채) 2.84kg*6
제이쿱)죽순(편) 2.84kg*6
제이쿱)죽순(홀) 2.84kg*6
제이쿱)찰당면 13KG 벌크
제이쿱)표고(채) 2.84kg*6
제이쿱)표고(채) 2.84kg*6
제이쿱)표고(홀) 2.84kg*6
제이쿱)표고홀(2.84kg X 6)
제이쿱)후레쉬오이피클슬라이스3.1kg*6
제일)맥스웰하우스500G*12
제일)아몬드프라린2kg*6
제일)커피땅콩1kg*20
제일)코리넛땅콩버터(캔)56%2.4kg*6
제일)코리넛땅콩버터75% 2kg*6
제일)코리넛피넛버터(크리미)83%1kg*6
제일)특A+코리넛땅콩버터93%2kg*6
제피르 카라멜 2.5kg
젠믹스
젤라틴(분말)500g
젤라틴(판)
젤라틴1Kg
젤라틴450g
젤라틴분말20Kg
젤로단
젤텍 젤라틴450g
조각케이크받침  블랙원형80  100개
조각케이크받침  블랙정사각80  100개
조각케이크받침 골드 삼각2호/100EA
조각케이크받침 골드 삼각3호/100EA
조각케이크받침 블랙 정사각80/100EA
조각케이크받침 화이트 삼각2호/100EA
조각케이크받침 화이트 원형 팔각80/100EA
조각케이크받침 화이트 원형100/100EA
조각케이크받침 화이트 원형70/100EA
조각케이크받침 화이트 정사각80/100EA
조각케이크받침 화이트 직사각100/100EA
조각케이크받침 화이트 직사각120/100EA
조-레드체다슈레드 2.5kg
조-레이치즈 2.5kg
조미가리비(5g*20)
조미가리비(5g*20*40pk/bx)
조미가리비(5g*20*40pk/bx)
조미김가루1KG*4
조색볼뚜껑
조지브륵스 푸아그라블럭 145G
조지브륵스 푸아그라블럭 305G
조지브륵스 푸아그라블럭 75G
조흥)숙성체다치즈소스 2kg*5
조흥)하이멜트치즈J(2.5*4EA)
종이 둥근사각용기 세트 1000ml/300EA(1BOX)
종이 둥근사각용기 세트 650ml/300EA(1BOX)
종이 둥근사각용기 세트 750ml/300EA(1BOX)
종이 빨대 7/21 (일자형) 개별포장/500EA
종이 빨대 7/21 (일자형) 벌크포장/500EA
종이 스푼/1000EA
종이 완충재/1롤
종이도시락 디저트 크라프트 대(602)/300EA(1BOX)
종이도시락 디저트 크라프트 중(600)/400EA(1BOX)
종이도시락 디저트 화이트 대(602)/300EA(1BOX)
종이도시락 디저트 화이트 중(600)/400EA(1BOX)
종이도시락 반반 화이트(90) A(반반도시락)/100EA
종이도시락 반반 화이트(90) B(반반도시락+1칸+2칸)/100EA(한세트)
종이도시락 반반 화이트(90) C(반반도시락+1칸+1칸)/100EA(한세트)
종이도시락 반반 화이트(90) D(반반도시락+2칸+2칸)/100EA(한세트)
종이도시락 치킨/튀김 크라프트 대(한마리반)/200EA(1BOX)
종이도시락 치킨/튀김 크라프트 대(한마리반)/50EA
종이도시락 치킨/튀김 크라프트 소(반마리)/200EA(1BOX)
종이도시락 치킨/튀김 크라프트 소(반마리)/50EA
종이도시락 치킨/튀김 크라프트 중(한마리)/200EA(1BOX)
종이도시락 치킨/튀김 크라프트 중(한마리)/50EA
종이도시락 크라프트 김밥/800EA(1BOX)
종이도시락 크라프트 핫도그/500EA(1BOX)
종이도시락 피크닉 크라프트 대(70)/100EA
종이도시락 피크닉 크라프트 대(70)/300EA(1BOX)
종이도시락 피크닉 크라프트 중(601)/400EA(1BOX)
종이도시락 피크닉 화이트 대(70)/300EA(1BOX)
종이도시락 피크닉 화이트 중(601)/400EA(1BOX)
종이도시락 햄버거 크라프트 소(501)/400EA(1BOX)
종이도시락 햄버거 크라프트 소(501)/50EA
종이도시락 햄버거 크라프트 중(50)/400EA(1BOX)
종이도시락 햄버거 크라프트 중(50)/50EA
종이도시락 햄버거 화이트 소(501)/400EA(1BOX)
종이도시락 햄버거 화이트 소(501)/50EA
종이도시락 햄버거 화이트 중(50)/400EA(1BOX)
종이도시락 햄버거 화이트 중(50)/50EA
종이도시락 화이트 딤섬/500EA(1BOX)
종이띠지 동백 50매
종이띠지 땡큐 50매
종이띠지 배꽃 50매
종이띠지 복 50매
종이띠지 조각보 50매
종이띠지 축하합니다 50매
종이띠지 콩그레츄레이션 50매
종이띠지 핸드메이드-라인 50매
종이띠지 핸드메이드-플라워 50매
종이띠지 후레쉬-그린 50매
종이띠지 후레쉬-화이트 50매
종이띠지-합격 응원 50매
종이띠지-합격기원 그레이 50매
종이띠지-합격기원 화이트 50매
종이봉투(크라프트/대)100EA*10PACK
종이봉투(크라프트/소) 100EA*10PACK
종이봉투(크라프트/중)100EA*10PACK
종이소주컵
종이소주컵
종이쇼핑백(크라프트상접/대-무지)200EA/BX
종이쇼핑백(크라프트상접/중-무지)200EA/BX
종이원형볼 세트 크라프트 1100ml/450EA(1BOX)
종이원형볼 세트 크라프트 900ml/450EA(1BOX)
종이원형볼 세트 화이트 1100ml/450EA(1BOX)
종이원형볼 세트 화이트 12oz 돔 뚜껑/500EA
종이원형볼 세트 화이트 12oz 평판 뚜껑/500EA
종이원형볼 세트 화이트 16oz 돔 뚜껑/500EA
종이원형볼 세트 화이트 16oz 평판 뚜껑/500EA
종이원형볼 세트 화이트 8oz 돔 뚜껑/500EA
종이원형볼 세트 화이트 8oz 평판 뚜껑/500EA
종이원형볼 세트 화이트 900ml/450EA(1BOX)
종이컵 뚜껑 화이트 10/13/16온즈겸용(85파이)/1000EA(1BOX)
종이컵 뚜껑 화이트 10/13/16온즈겸용(85파이)/100EA
종이컵 뚜껑 화이트 4온즈 전용 (65파이)/1000EA(1BOX)
종이컵(빙수그릇종이)小_520CC
종이타이 덕용(2000개)/낙엽 1상자
종이타이 덕용(2000개)/눈꽃 1상자
종이타이 덕용(2000개)/베이비 1상자
종이타이 덕용(2000개)/초콜릿 1상자
종이타이 덕용(2000개)/튤립 1상자
종이타이 덕용(2000개)/풍선 1상자
종이호일골드
좋은 사람 2종 스티커 1묶음(17장)/102EA
주름마루식빵팬AC
주름컵 40mm베이지색 200매
주름컵 40mm초코색유산지 250매
주름컵 40mm흰색유산지 200매
주름컵 45mm베이지색 200매
주름컵 45mm초코색유산지 250매
주름컵 45mm흰색유산지 200매
주름컵 55mm베이지색 200매
주름컵 55mm초코색유산지 250매
주름컵 55mm흰색유산지 200매
주름컵-색지 40mm/보라색 200매
주름컵-색지 40mm/적색 200매
주름컵-색지 40mm/청색 200매
주름컵-색지 40mm/초코색 200매
주름컵-색지 45mm/보라색 200매
주름컵-색지 45mm/적색 200매
주름컵-색지 45mm/청색 200매
주름컵-색지 45mm/초코색 200매
주름컵-색지 55mm/보라색 200매
주름컵-색지 55mm/적색 200매
주름컵-색지 55mm/청색 200매
주름컵-색지 55mm/초코색 200매
주름파이팬C
주물가느토로노미팬1/4-MIB
주물가스토로노미팬1/1-MIB
주물가스토로노미팬1/2-MIB
주물카제롤 160mm-MIB
주물카제롤 240mm-MIB
주물카제롤 280mm-MIB
주부저울
주석산1Kg
주자 15 리본 딥블루/1ROLL
주자 15 리본 레드/1ROLL
주자 15 리본 민트/1ROLL
주자 15 리본 베이비핑크/1ROLL
주자 15 리본 블랙/1ROLL
주자 15 리본 아쿠아블루/1ROLL
주자 15 리본 웜그레이/1ROLL
주자 15 리본 초코브라운/1ROLL
주자 15 리본 크림옐로우/1ROLL
주자 15 리본 퍼플/1ROLL
주자 15 리본 피치핑크/1ROLL
주자 15 리본 핫핑크/1ROLL
주자 15 리본 화이트/1ROLL
주자 25 리본 딥블루/1ROLL
주자 25 리본 레드/1ROLL
주자 25 리본 민트/1ROLL
주자 25 리본 베이비핑크/1ROLL
주자 25 리본 블랙/1ROLL
주자 25 리본 아쿠아블루/1ROLL
주자 25 리본 웜그레이/1ROLL
주자 25 리본 초코/1ROLL
주자 25 리본 크림옐로우/1ROLL
주자 25 리본 퍼플/1ROLL
주자 25 리본 피치핑크/1ROLL
주자 25 리본 핫핑크/1ROLL
주자 25 리본 화이트/1ROLL
주자 6 리본 그레이/1ROLL
주자 6 리본 다크그린/1ROLL
주자 6 리본 레드/1ROLL
주자 6 리본 블랙/1ROLL
주자 6 리본 오렌지/1ROLL
주자 6 리본 퍼플/1ROLL
주자 6 리본 화이트/1ROLL
주자리본15mm 골드
주자리본15mm 그레이
주자리본15mm 그린
주자리본15mm 레드
주자리본15mm 민트
주자리본15mm 브라운
주자리본15mm 와인
주자리본15mm 잉크
주자리본15mm 핑크
주자리본25mm 그린
주자리본25mm 네이비
주자리본25mm 라이트핑크
주자리본25mm 레드
주자리본25mm 민트
주자리본25mm 브라운
주자리본25mm 실버
주자리본25mm 옐로우
주자리본25mm 오렌지
주자리본25mm 와인
주자리본25mm 핫핑크
주자리본6mm 금색
주자리본6mm 민트
주자리본6mm 분홍
주자리본6mm 빨강
주자리본6mm 연분홍
주자리본6mm 자주
주자리본6mm 화이트
죽용기 소(630ml)_50EA/1줄
중)EFG_동죽순(대화)/2.84kg*6can
중)EFG_두치500g*40ea
중)EFG_두치500g*40ea
중)EFG_청마조1KG*6EA
중)EFG_청마조1KG*6EA
중)청마조(청산초) 500G*10EA
중)청마조(청산초) 500G*10EA
중국산 볶음땅콩반태20Kg
중국산 볶음땅콩분태1Kg
중국산 볶음땅콩분태20kg
중식용_두반장(하하)450Grams*24EA
중식용_두반장(하하)450Grams*24EA
중파운드팬양면
중화)요티아오(유조) 빵 (400g*12ea)
중화조미료2KG*6(중화MSG)
쥬카토)케이퍼베리330g*12
즈마장 (지마조화장) 2.5kg*6
즈마장 (지마조화장) 2.5kg*6
즈마장 (지마조화장) 3kg*6
증숙고구마(적)5KG
증점다당류K_10kg
지성다크초콜릿54%5KG*2
지성화이트초콜릿31%1KG*10
지앤엘)딸기리플잼1kg*6
지앤엘)라즈베리리플잼1kg*6
지앤엘)블루베리리플잼1kg*6
지유락(밀맥스)20KG
지은보은 띠지/50EA
지중해스타일샐러드치즈[다이스15X15X20]
지퍼손잡이보온보냉팩(100매)
직사각 금지무스받침 금지 100매
직사각 금지무스받침 은지 100매
직사각타르트팬
직사각형 유리용기 1040ml
직사각형 유리용기 1500ml
직사각형 유리용기 3종 세트
직사각형 유리용기 640ml
직수입)황도슬라이스 3kg*6 (g)
직화그릴드치킨브레스트필렛(1kg*10)
진공 에프디딸기파우더 (국산) 1kg
진우)마늘빵(1.5KG)
진유원)큐원 맑은식용유(1.8L X 12)
진저냉동퓨레(94%) 1kg 파인 레몬 생강
진저맨6구
진주햄)문어비엔나(1kg*10)
진주햄)슬라이스햄(1kg*10)
진주햄)알뜰비엔나(1kg*10)
집게 가격표 대/1EA
집게 가격표 소/1EA
짬뽕분말스프 650g
쯔케코미타래
찌개용양념분말550g
찜케익가루1
차슈
차슈-600g이상(소)
차오름)참김가루(1kg)
차오름)참김가루(1kg*4ea)
차전자피분말1Kg
찬용기(DL-434)뚜겅/볼록/투명100EA*4PAC
찬용기(DL-434)바디(검정)100EA*4PACK
찬용기(DL-505)바디(투명)50EA*18PACK
찰고추장 골드(무인쇄)14kg
찰고추장(박스)14KG
찰보리가루1kg
참고을)건고추(베트남)1kg*10
참고을)건고추(베트남)1kg*10
참고을)서브큐 신선한쌈장14kg
참고을)서브큐 찰고추장14kg
참고을)서브큐 찰고추장14kg (직송)
참고을)서브큐 찰고추장17KG
참고을)서브큐 참고소한 참기름1.8L*8ea
참고을)서브큐 참고소한 참기름1L*10ea
참고을)서브큐 참고을 된장 14kg
참고을)서브큐 참진간장 14L
참고을)서브큐 참진간장 14L(직송)
참고을)조미용고춧가루(매운맛) 1kg*10
참고을참기름18L
참그린)주방세제 1GK*12EA
참그린)주방세제 1GK*12EA
참그린)주방세제 리필용 1.2KG*10EA
참그린)주방세제 리필용 1.2KG*10EA
참깨(볶음)1kg
참깨(볶음)300g
참깨분20KG(수입산)
참깨페이스트M(800g)
참나물용미소드레싱
참치샐러드(1kg*10)
참치샐러드(1kg*10)
참치캔1.88kg*6(동원)/상온/국내제조
참치캔1.88kg*6(동원)/상온/국내제조
찹쌀꽈배기용믹스 10kg
찹쌀떡
창 봉투 크라프트 120/100EA
창 봉투 크라프트 120/2500EA(1BOX)
창 봉투 크라프트 130/100EA
창 봉투 크라프트 130/2500EA(1BOX)
창 봉투 크라프트 150/100EA
창 봉투 크라프트 150/2000EA(1BOX)
창 식빵 봉투 150 (100매)
창 식빵 봉투 190 (100매)
창 식빵 봉투 크라프트 150/100EA
창 식빵 봉투 크라프트 150/1500EA(1BOX)
창 식빵 봉투 화이트 150/100EA
창바게트 봉투 크라프트/100EA
창봉투 노루지 500매
창봉투 크라프트 500매
천끈1롤/적색
천도복숭아 1kg
천연바닐라에센스80g
천연색소(그린)100g
천연색소(레드)100g
천연색소(브라운)100g
천연색소(브라운)300g
천연색소(블루)100g
천연색소(옐로우)100g
천연색소(오렌지)100g
천연색소(오렌지)300g
천연색소(퍼플)100g
천연색소(핑크)100g
천연색소(핑크)300g
천연향료(장미꽃향)
천짜주머니12
천짜주머니14
천짜주머니16
천짜주머니16 인치
천짜주머니18
천짜주머니18인치
천짜주머니20
천짜주머니24
천짤주머니12
천짤주머니12 FLEX
천짤주머니14
천짤주머니14 FLEX
천짤주머니20인치
철부러쉬(나무손잡이)1EA
청귤 1kg
청담)비탈리스케이퍼945g*6
청담)월스윗호스레디쉬907g*6
청사과레진(1kg)
청양고추오일_250ml
청양초조미분말100g
청양초조미분말1kg
청우)마늘간장소스 1KG*12EA
청우)만능비빔무침양념_1.1kg*12
청우)캡사이신매운맛소스_550g*12
청우)캡사이신매운맛소스_550g*12
청우)캡사이신분말_400g*12
청정원)잇츠팜 330g*18ea
청정원_런천미트330g*18
청포도 1kg
청포도 레진
청포도 청크잼 (1kg)
청포도 코디얼
청포도에이드 1kg
청포도에이드 1kg
체다슬라이스SU(가는슈레드)1.5kg
체다슬라이스SU(슈레드) 1kg
체다치즈소스(470g)
체다치즈슬라이스(600g)
체다치즈슬라이스[다이스9.6]_1kg
체리레진(1kg)
체리페퍼 위드 스파이시 크림치즈 280g
체리페퍼 위드 스파이시 크림치즈 930g
체스트넛 스프레드(50%) 밤 마롱 크림 1kg
체스트넛 페이스트(60%) 밤 마롱 페이스트 1kg
체스트넛&바닐라냉동퓨레(50%) 1kg
체스트넛페이스트
체이스트넛퓨레
체커보드 레드 유산지 16.5*18/500EA
체커보드 레드 유산지 25*35/500EA
체커보드 레드 유산지 25*35/5500EA(1BOX)
체크 15 리본 다크그린/1ROLL
체크 15 리본 라이트퍼플/1ROLL
체크 15 리본 레드/1ROLL
체크 15 리본 브라운/1ROLL
체크 15 리본 스카이/1ROLL
체크 15 리본 핑크/1ROLL
체크 PET 타이 라이트그린/500EA(1봉)
체크 PET 타이 블루/500EA(1봉)
체크 PET 타이 스카이/500EA(1봉)
체크 PET 타이 오렌지/500EA(1봉)
체크 PET 타이 퍼플/500EA(1봉)
체크 PET 타이 핑크/500EA(1봉)
체크타이 갈색 1봉지(500개)
체크타이 녹색 1봉지(500개)
체크타이 보라 1봉지(500개)
체크타이 분홍 1봉지(500개)
체크타이 빨강 1봉지(500개)
체크타이 오렌지 1봉지(500개)
체크타이 파랑 1봉지(500개)
체크타이 하늘 1봉지(500개)
체크페이퍼 택 타이 스카이/150EA(5*30봉)
체크페이퍼 택 타이 스카이/5EA(1봉)
초고노추(해천노추왕)/500ml*12ea
초담원)마늘간장소스_1.1kg*12
초미니구겔호프
초밥용자숙문어(베트남,6g*20*40pk/BOX)
초코레진다크500g
초코레터링HD 대 100매
초코레터링HD 소 100매
초코레터링HD 중 100매
초코렛워머기
초코렛필링
초코롤링시트1Kg
초코맛코코넛파우더1kg
초코맛코코넛파우더400g
초코머핀믹스
초코머핀믹스 1kg
초코머핀믹스(지대)
초코민칼
초코브라우니D(500g)
초코색-케익띠악보
초코슬라이스케익믹스500g
초코에버휩(내수)_1kg
초코칩(벌크) 10kg
초코칩(인도네시아)1kg
초코칩(인도네시아)300g
초코칩(인도네시아)300g
초코칩다크5Kg
초코컴파운드플레이크
초코컵 28mm 노란색 1000매
초코컵 28mm 보라색 1000매
초코컵 28mm 연두색 1000매
초코컵 28mm 적색 1000매
초코컵 28mm 초코색 1000매
초코컵 28mm 흰색 1000매
초코컵 33mm 초코색 1000매
초코컵 33mm 흰색 1000매
초코케이크(16컷)
초코코코넛분말1kg
초코쿠키크런치  1kg
초코쿠키크런치 (다크)
초코쿠키크런치 10kg 벌크
초코쿠키크런치10Kg
초코쿠키크런치1kg
초코쿠키크런치300g
초코쿠키크런키 1kg
초코크런치 벌크
초코크런치DP 15kg
초코크리미 쿠키슈_70g * 20
초코톱칼
초코파우더 500g
초코헤즐넛필링
초코호일싸게지 금색 500장
초코호일싸게지 분홍색 500장
초코호일싸게지 연두색 500장
초코호일싸게지 은색 500장
초코호일싸게지 적색 500장
초코호일싸게지 파란색 500장
초콜렛디핑포크3종세트_23mm*202mm(전체)
초콜렛파우더500g
초콜릿 가나슈 타르트63
초콜릿 로즈 미니화이트 (중량변경) 45 piece
초콜릿 싸개지 골드/250EA
초콜릿 싸개지 그린/250EA
초콜릿 싸개지 레드/250EA
초콜릿 싸개지 실버/250EA
초콜릿 싸개지 퍼플/250EA
초콜릿 퐁당 100g 2입팩
초콜릿 퐁당 100g 벌크
초콜릿 헤이즐넛 베어파우
초콜릿내피10구 100개
초콜릿내피5구 1000개
초콜릿내피5구 100개
초콜릿스틱
초콜릿청크 1kg
초콜릿청크(다크청크)-벌크
초콜릿파우더 20Kg
초콜릿파우더 500g
초콜릿파우더1kg
초콜릿파우더1kg
초콜릿후레바500g
초핑지(1kg) 크라프트
초핑지(1kg) 화이트
축입학(C-19)
츄러스 믹스 5kg
츄러스 봉투 크라프트 대/500EA
츄러스 봉투 크라프트 소/500EA
츄러스믹스 [20kg]
츄러스봉투(무지/소)100EA*10PACK
치-라꽁비에뜨AOOP버터(무염) 15g*30
치-란다나1000일숙성 고다 180g
치리오)황도슬라이스 411g*12
치아씨드1Kg
치자분말1kg
치-장페렝꽁떼 숙성 12개월
치즈 그레이터
치즈 나이프
치즈 나이프 & 보드 세트 - 프렌드
치즈 나이프 세트 미니 모나코 & 블랙
치즈 나이프 세트 미니 코펜하겐
치즈 슬라이서
치즈 앤 할라피뇨 스프레드 140g
치즈 크란스키 치폴라타 300g
치즈 타파스 보드 S
치즈 팝 고다 65g
치즈 플레이터
치즈그레이터
치즈롤링시트1Kg
치즈분말1kg
치즈생각 FDCH-100(2.5kg*4ea)
치즈오일
치즈케이크(큐브) 빙수치즈 1kg
치즈트리)TREE고구마스트링13mm(2.5kg* 2pk)
치즈트리)크림앤체다스트링(2.5kg* 2pk)
치즈트리)크림치즈볼(2kg* 2pk)
치즈파우더200g
치즈팬 미니(착)
치즈혼합분말2
치즈혼합파우더1Kg
치즈혼합파우더Ⅱ_1Kg_백치즈
치지 나이프
치치스타코시즈닝믹스35g*24
치치스타코시즈닝믹스35g*24
치킨타코필링(500g)
치포틀레오일_250ml
친환경 바이오 스크래퍼
친환경 빨대 PLA 210 일자형 블랙 (벌크)/300EA
친환경 빨대 PLA 210 일자형 화이트 (벌크)/300EA
친환경 어도러블 종이컵 10온즈 (85파이) 1000EA(1BOX)/블랙(뚜껑)
친환경 어도러블 종이컵 10온즈 (85파이) 1000EA(1BOX)/선택안함(뚜껑)
친환경 어도러블 종이컵 10온즈 (85파이) 1000EA(1BOX)/화이트(뚜껑)
친환경 어도러블 종이컵 10온즈 (85파이) 100EA/블랙(뚜껑)
친환경 어도러블 종이컵 10온즈 (85파이) 100EA/선택안함(뚜껑)
친환경 어도러블 종이컵 10온즈 (85파이) 100EA/화이트(뚜껑)
친환경 에코 종이컵 10온즈 (85파이) 1000EA(1BOX)/블랙(뚜껑)
친환경 에코 종이컵 10온즈 (85파이) 1000EA(1BOX)/선택안함(뚜껑)
친환경 에코 종이컵 10온즈 (85파이) 1000EA(1BOX)/화이트(뚜껑)
친환경 종이컵 13온즈 (85파이) 1000EA(1BOX)/블랙(뚜껑)
친환경 종이컵 13온즈 (85파이) 1000EA(1BOX)/블랙(뚜껑)
친환경 종이컵 13온즈 (85파이) 1000EA(1BOX)/선택안함(뚜껑)
친환경 종이컵 13온즈 (85파이) 1000EA(1BOX)/화이트(뚜껑)
친환경 펄프 컵캐리어 2구/50EA
친환경 펄프 컵캐리어 4구/50EA
친환경 플라워 종이컵 10온즈 (83파이) 1000EA(1BOX)/블랙(뚜껑)
친환경 플라워 종이컵 10온즈 (83파이) 1000EA(1BOX)/선택안함(뚜껑)
친환경 플라워 종이컵 10온즈 (83파이) 1000EA(1BOX)/화이트(뚜껑)
친환경 플라워 종이컵 10온즈 (83파이) 100EA/블랙(뚜껑)
친환경 플라워 종이컵 10온즈 (83파이) 100EA/선택안함(뚜껑)
친환경 플라워 종이컵 10온즈 (83파이) 100EA/화이트(뚜껑)
친환경비닐짤주머니12  100P
친환경비닐짤주머니18 _ 100매
친환경비닐짤주머니23
친환경찜용호일21.6cm
카고 유리병/60EA(1BOX)
카길 다크컴파운드칩 벌크 20kg
카길 컴파운드초콜릿칩(1kg)
카길 컴파운드초콜릿코팅다크(10kg)
카길 컴파운드초콜릿코팅다크(1kg)
카길 컴파운드초콜릿코팅라이트(10kg)
카길 컴파운드초콜릿코팅라이트(1kg)
카길 컴파운드초콜릿코팅화이트(10kg)
카길 컴파운드초콜릿코팅화이트(1kg)
카넬 (프랄린)
카니발 렌치소스_2kg*5
카니발 렌치소스_2kg*5
카니발크란베리소스_2kg*5
카니발크란베리소스_2kg*5
카드 NEW (둥근형)
카드태그U
카드태그V
카라멜 (프랄린)
카라멜맛 컬스초콜릿1kg
카라멜소스1.89L
카라멜소스1.89L
카라멜스피린터500g
카라멜토36%
카라멜화시킨양파가득씹히는양파스프(10개)
카라멜화시킨양파가득씹히는양파스프(40개)
카라신) 14oz 아이스컵 92Φ 1000ea/box
카라신) 14oz용 아이스평뚜껑92Φ 1000EA/BX
카라신) 16oz 아이스컵 92Φ 1000ea/box
카랏 코팅다크초콜릿4Kg
카레센몬카레루(하찌카레)
카레시즈닝400g
카리야즉석카레-포크카레(약간매운맛)
카바야키타레(오타후쿠)2.2kg*6
카바야키타레(오타후쿠)2.2kg*6
카사로 모짜렐라로그 453g
카스전자저울WK-5A
카스전자저울WK-5C
카스타이머 KT-1(화이트)
카스테라 컵/200EA
카스테라틀 홈용 200*100*85
카스테라틀 홈용 200*100*85
카스테라틀1/2용 326*226*80
카스테라틀1/2용 326*226*80
카자노브 트리플섹
카카오바리 엑스트라브뤼트 코코아파우더 1kg
카카오바리 엑스트라브뤼트 코코아파우더 1kg
카카오바리 플렝아롬 코코아파우더 1kg ( CP-776 )
카탈로니아 레몬 엑스트라 버진 올리브 오일 250ML
카탈로니아 엑스트라 버진 올리브 오일 250ML
카탈로니아 트러플 엑스트라 버진 올리브 오일 250ML
카페 PE 쇼핑백 브라운 대/50EA
카페 PE 쇼핑백 브라운 대/900EA(1BOX)
카페 PE 쇼핑백 크림 소/1500EA(1BOX)
카페 PE 쇼핑백 크림 소/50EA
카페PE
카페라떼 (프랄린)
카푸치노 타르트(72개입)
카푸치노프라린크림용펌
카프리 무화과냉동퓨레 [1kg]
카프리노 디 라떼 80g
카프리스 데 디유 125g
칸디아뷰러드브리타니
칸탈루프 멜론퓨레(500g)
칼 봉투/100EA
칼라 타이 금색/1200EA
칼라 타이 금색/60000EA(50봉)BOX
칼라 타이 은색/1200EA
칼라 타이 은색/60000EA(50봉)BOX
칼라 타이 혼합(10가지색상)/1200EA
칼라 타이 혼합(10가지색상)/60000EA(50봉)BOX
칼라마타 피티드 올리브 마리네이티드 60g
칼라타이 금색
칼라타이 금색
칼리바우트(깔리) 골드초콜릿 2.5kg
칼리바우트(깔리) 다크청크초콜릿 10kg
칼리바우트(깔리) 다크초콜릿 2815 2.5kg
칼리바우트(깔리) 다크초콜릿 2815(벌크) 10kg
칼리바우트(깔리) 다크초콜릿 70-30 2.5kg
칼리바우트(깔리) 다크초콜릿 70-30 400g
칼리바우트(깔리) 다크초콜릿 811 1kg
칼리바우트(깔리) 다크초콜릿 811 2.5kg
칼리바우트(깔리) 다크초콜릿 811 400g
칼리바우트(깔리) 다크초콜릿 파워80 2.5kg
칼리바우트(깔리) 딸기초콜릿 2.5kg
칼리바우트(깔리) 루비초콜릿 2.5kg
칼리바우트(깔리) 루비초콜릿 400g
칼리바우트(깔리) 밀크청크초콜릿 10kg
칼리바우트(깔리) 밀크초콜릿 823 2.5kg
칼리바우트(깔리) 밀크초콜릿 823 400g
칼리바우트(깔리) 초콜릿 후레이크 1kg
칼리바우트(깔리) 코코아버터 4kg
칼리바우트(깔리) 화이트청크초콜릿 10kg
칼리바우트(깔리) 화이트초콜릿 W2 2.5kg
칼리바우트(깔리) 화이트초콜릿 W2 400g
칼리바우트오리진아리바2.5kg
칼리바우트캐러멜향초콜릿
칼리바우트토핑소스1Kg
칼봉투
칼봉투 그레이 200매
칼봉투 민트 200매
칼봉투 핑크 200매
칼봉투 화이트 200매
캐롯&토마토스프(180g)(10개입)
캐롯&토마토스프(180g)(40개입)
캐리어무지
캐리어무지
캐비어 다빈치 30g
캐비어 벨루가 30g
캐비어 세브루가 30g
캐비어 오시에트라 - 병 30g
캐비어 오시에트라 - 캔 30g
캐비어 트래디션 30g
캐시밸리 모짜렐라 226g
캐플러2pcs 대
캐플러2pcs중
캐플러3PCS,대
캐플러소
캔디드오렌지필12.5kg
캔블랙베리 425g
캠피나 고다
캬라멜브륄레(5.5kg)
커버럭스딸기초콜릿5kg
커버럭스블루베리초콜릿5kg
커스타드믹스(M)-1kg
커스타드믹스M_10Kg
커스터드분말1kg
커스터드분말300g
커클랜드)루비레드자몽주스2.84L
커트라인빵칼 370mm
커피 스틱 15cm/10000EA(1BOX)
커피 스틱 15cm/1000EA
커피 플레이버 (Saint Lucie) 1L
커피(에스프레소)향분말 300g
커피스틱(거성)1000EA*10PK
커피스틱(거성)1000EA*10PK
커피스틱CS103x6.5x2mm(벌크)
커피스틱CS140x6.5x2mm(벌크)
커피엑기스 트라블릿 커피 익스트랙트 1L
커피엑기스(병)바닐플라워프레스티지익스트
커피오일
커피용종이컵무지세트_10온즈
커피용종이컵무지세트_13온즈
커피창고)나눔블렌드500g*10
커피창고)딤그레이원두1kg*5
커피창고)오롯이블렌드500g*10
커피플레이버(손잡이)1kg
컨벡스쿠키판
컨티넨탈파티쉐리 TS6002.타르트쉘스위트미디움스퀘어 [13.5g*120ea] [1.62kg]
컬러 베이킹 컵 그린/100EA(1봉)
컬러 베이킹 컵 스카이/100EA(1봉)
컬러 베이킹 컵 옐로우/100EA(1봉)
컬러 베이킹 컵 오렌지/100EA(1봉)
컬러 베이킹 컵 핑크/100EA(1봉)
컬러 베이킹 컵 혼합/10EA
컬러드체다치즈2.5Kg
컬리플라워
컬리플라워라이스
컴스탁)블루베리파이필링 595g*12
컴스탁)블루베리파이필링 595g*12
컴스탁)체리파이필링595g*12
컴온)오쉐프옛날참기름_1.8L*6
컴파운드초콜릿청크(10kg)
컴파운드초콜릿청크(200g)
컵 (인쇄1000cc블랙바디)
컵홀더무지_PET 12,14아이스겸용
컵홀더무지_PET 12,14아이스겸용
컵홀더무지_PET16,20아이스겸용
컵홀더무지_PET16,20아이스겸용
컷팅보드 L
컷팅보드 S
컷팅보드 S
컷팅보드 XL
컷팅보드M
케이지-MIB
케이크 용 칼 화이트 소/100EA
케이크 용 칼 화이트 소/1EA
케이크 용 칼 화이트 소/3000EA(1BOX)
케이크 용 칼 화이트 중/100EA
케이크 용 칼 화이트 중/1EA
케이크 용 칼 화이트 중/2000EA(1BOX)
케이크 컵 1호/100EA
케이크 컵 미니/100EA
케이크받침 1호/검정색사각받침 50개
케이크받침 1호/금색사각받침 50개
케이크받침 1호/금색원형접시 50개
케이크받침 1호/흰색사각받침 50개
케이크받침 2호/검정색사각받침 50개
케이크받침 2호/금색사각받침 50개
케이크받침 2호/금색원형접시 50개
케이크받침 2호/흰색사각받침 50개
케이크받침 3호/검정색사각받침 50개
케이크받침 3호/금색사각받침 50개
케이크받침 3호/금색원형접시 50개
케이크받침 3호/흰색사각받침 50개
케이크받침 4호/검정색사각받침 50개
케이크받침 4호/금색사각받침 50개
케이크받침 4호/금색원형접시 50개
케이크받침 5호/금색사각받침 25개
케이크받침 6호/금색사각받침 25개
케이크받침 사각 골드(1호~3호) 1호/50EA(1BOX)
케이크받침 사각 골드(1호~3호) 1호/5EA
케이크받침 사각 골드(1호~3호) 2호/50EA(1BOX)
케이크받침 사각 골드(1호~3호) 2호/5EA
케이크받침 사각 골드(1호~3호) 3호/50EA(1BOX)
케이크받침 사각 골드(1호~3호) 3호/5EA
케이크받침 사각 블랙(1호~3호) 1호/50EA(1BOX)
케이크받침 사각 블랙(1호~3호) 1호/5EA
케이크받침 사각 블랙(1호~3호) 2호/50EA(1BOX)
케이크받침 사각 블랙(1호~3호) 2호/5EA
케이크받침 사각 블랙(1호~3호) 3호/50EA(1BOX)
케이크받침 사각 블랙(1호~3호) 3호/5EA
케이크받침 사각 화이트(미니~3호) 1호/50EA(1BOX)
케이크받침 사각 화이트(미니~3호) 1호/5EA
케이크받침 사각 화이트(미니~3호) 2호/50EA(1BOX)
케이크받침 사각 화이트(미니~3호) 2호/5EA
케이크받침 사각 화이트(미니~3호) 3호/50EA(1BOX)
케이크받침 사각 화이트(미니~3호) 3호/5EA
케이크받침 사각 화이트(미니~3호) 미니/200EA(1BOX)
케이크받침 사각 화이트(미니~3호) 미니/50EA
케이크받침 사각 화이트(미니~3호) 미니/5EA
케이크받침 원형 골드(1호~3호) 1호/50EA(1BOX)
케이크받침 원형 골드(1호~3호) 1호/5EA
케이크받침 원형 골드(1호~3호) 2호/5EA
케이크받침 원형 골드(1호~3호) 3호/50EA(1BOX)
케이크받침 원형 골드(1호~3호) 3호/5EA
케이크비닐봉투50EA*10PACK
케이크상자 화이트 3호/50EA(1BOX)
케이크성냥 2개*100봉지
케이크용PE쇼핑백
케이크용PE쇼핑백
케이크용PE쇼핑백
케이크칼 대(41cm) 20개
케이크칼 소(21.5cm) 100개
케이크칼 중(24cm) 100개
케이크컵 미니컵 100매
케이크컵_1호컵 100ea
케이크컵_2호컵 100ea
케이크컵_3호컵 100ea
케이크픽 딜리셔스 원형/32R(3EA)
케이크픽 딜리셔스 정사각/40R(3EA)
케이크픽 딜리셔스 직사각/32R(3EA)
케이크홀더 200매
케익도넛가루2-10K
케익랜드 스패츄라 (일본)
케익랜드카드스크래퍼 (일본)
케익박스2호상판25EA*2PACK/BX
케익박스2호하판50EA/BX
케익받침1호(흰색203*203)50E/BX
케익받침1호(흰색203*203)50E/BX
케익받침대1호/민금지50EA/BX
케익받침대2호/민금지50EA/BX
케익받침대3호/민금지50EA/BX
케익칼 1석3조
케익칼 1석4조
케익칼_1석3조 나이프 P/S대
케익칼_1석3조 나이프 P/S소
케익칼_1석3조 나이프 대/신형
케익칼_1석3조 나이프 대/신형
케익칼_1석4조 나이프(소)
케일분말1kg
케찹소스병특대(700ml)10EA/PK
케찹소스병특대(770ml)10EA/PK
케켑마니스_330ml(인도네시아)(400G)
케켑마니스_330ml(인도네시아)(400G)
코-Frico 고다 260G
코-Frico 고다슬라이스 150G
코-Frico 고다휠 약4kg
코-Frico 램브란트 200g
코-Frico 미몰레트 220G
코-Frico 빈센트 200g
코-Frico 스모크 DISC 100G
코-Frico 에담 230G
코-Frico 에담슬라이스 150G
코-GRANAROLO 그라나파다노 200g
코-GRANAROLO 그라나파다노 약1.14KG
코-GRANAROLO 냉동부라타 250G
코-GRANAROLO 레지아노  1KG
코-GRANAROLO 레지아노 200g
코니숑 피클 685g
코르도바20-22%(다크코코아파우더)-지대
코리아제니스)핫소스_180g*24ea
코리아제니스)혼다시(가쓰오다시)_1kg*10ea
코리아제니스)혼다시(가쓰오다시)_1kg*10ea
코리엔더분말 45g
코마츠고마아에(소송채)
코만실리콘거품기
코-에담스틱 120G
코엠)스미스필드베이컨(미국산_454g*24)_면세
코엠)슬라이스페퍼로니(1kg*8)
코엠)슬라이스페퍼로니(1kg*8)
코인트로 60%
코인트로700ml
코주부)스위트콘소시지(1kg*10)
코주부)클래식모듬부대찌개햄(1kg*10)
코카콜라 1.5L*12
코카콜라(캔) 355ml*24
코카콜라(페트) 500ml*24
코코)닭껍질튀김(1kg*8)
코코넛 리플잼 1kg
코코넛냉동퓨레(코코넛밀크87%) 1kg
코코넛라떼믹스1kg
코코넛레진1kg
코코넛밀크 400ml
코코넛밀크 400ml  24개입 한박스
코코넛밀크파우더1Kg
코코넛분말  1Kg
코코넛분말 1kg
코코넛분말 400g
코코넛분말400g_코코넛파우더
코코넛칩 2.5Kg
코코넛칩 500g
코코넛파우더 400g
코코넛파우더 400g
코코넛파우더400g
코코넛파우더400g
코코쇼트닝4.5Kg 출고지연 2일 추가
코코스쟌뒤야(6kg)
코코아매스(20kg)
코코아매스(500g)
코코아매스(코코아매쓰) 1kg
코코아버터1Kg
코코아엑기스2116
코코아추출물 3700
코코아추출물(5kg)
코코아타르트미니원형 38mm
코코아파우더(350g)
코코아파우더(아이비자)1kg
코코아파우더(인도네시아)1kg
코코아파우더10(350g*50)
코코아파우더1000_ 1kg
코코아파우더1000_ 350g
코코아파우더1Kg
코코아파우더1Kg Cordoba 20-22
코코아파우더22%(N)1kg
코팅 봉투 크라프트 대/1000EA(1BOX)
코팅 봉투 크라프트 대/100EA
코팅 봉투 크라프트 소/1000EA(1BOX)
코팅 봉투 크라프트 소/100EA
코팅 봉투 크라프트 중/1000EA(1BOX)
코팅 봉투 크라프트 중/100EA
코팅다크 브룬 5kg
코팅다크초콜릿200g
코팅다크초콜릿5Kg_커버럭스
코팅딸기초콜릿200g
코팅밀크 블롱드 5kg
코팅밀크초콜릿200g
코팅밀크초콜릿5kg_커버럭스
코팅블루베리초콜릿
코팅비스켓볼[그린S]
코팅비스켓볼[옐로우]
코팅장갑
코팅종이쇼핑백(그린)
코팅종이쇼핑백(레드)
코팅화이트 이브와 5kg
코팅화이트초콜릿200g
코팅화이트초콜릿5kg_커버럭스
코파카바나소스
코피니포마스오일(5L*4)
코휩_Vegan
콘샐러드(1kg*10)
콘샐러드(1kg*10)
콘스타치20Kg
콘스타치2Kg
콘스타치2Kg(옥수수전분)
콘스탠드 세트 T-1
콘스탠드 세트 T-3
콘킹후랑크소시지454g저염소세지
콘향(KR1170)
콜롬보 고르곤졸라피칸테 200G
콜롬보 고르곤졸라피칸테 약1.5KG
콜롬보 고르곤졸라피칸테 약1.5KG
콜롬보 리코타 250G
콜롬보 리코타 250G
콜롬보 미니모짜렐라보코치니 150G
콜롬보 후레쉬모짜렐라 125G
콜롬비아 후일라 라 플라타 200g
콜만 데어리 버터(블록) [2.5kg *4ea]
콜만 트래디셔널 버터 [2.5kg *4ea]
콜만 휘핑크림 1L * 12
콜비 잭 226g
콤파운드버터 (57％)
콤파운드버터 41% 10Kg
콤포테레드베리(2kg)
콤플릿 마라톤플러스 10kg
콤플릿 밀가루 T55 10kg
콤플릿 블랙소프트 10kg
콤플릿 스칸디나비아 믹스 10kg
콤플릿 크라프트 프리미엄 10kg
콤플릿 크라프트브레드 10kg
콤플릿 헤이즐넛필링
쿠로마유흑-마늘오일
쿠마모토콧테리소스(진한 돈꼬츠)
쿠모치즈1kg
쿠시까스
쿠키받침/100EA
쿠키받침금색 80*60
쿠키봉투 M 반투명 미니/100EA
쿠키산타 초/1EA
쿠키슈(700g)35g*20ea 매장픽업만가능
쿠키스탬프
쿠키스템프_알파벳83종
쿠키지팡이 초/1EA
쿠키진저맨 초/1EA
쿠키커터-곰돌이1
쿠키커터-나비1(둥근날개)
쿠키커터-눈사람 (이미지 다를수 있슴)
쿠키커터-돌고래
쿠키커터-배
쿠키커터-배트맨
쿠키커터-별똥별
쿠키커터-비행기
쿠키커터-스푼
쿠키커터-주름6종PP
쿠키커터-포크
쿠키크런키 1kg 크런치
쿠키판양면  365*335*50H
쿠킹디스펜서
쿠킹크림1L * 12 ea
쿠킹플러스 빵칼
쿠킹플러스 사각 와플팬 2구
쿠킹플러스 스테인레스 전자저울 1KG
쿠킹플러스 진저맨 쿠키커터 3P
쿠킹플러스 진저맨 쿠키커터 3P
쿡렌즈콩4/4
퀘스크렘 레귤러 크림치즈
퀘스크렘 마스카포네 크림치즈
퀘스크렘 마스카포네 크림치즈
퀘스크렘 요거트맛 크림치즈
퀘스크렘 요거트맛 크림치즈 500g
퀘스크렘 플러스 크림치즈
퀴노아,미국산,1KG,EA
큐민분말 47g
큐브식빵팬90_____
큐브식빵팬95_>_>
큐브식빵팬뚜껑90_____
큐브식빵팬뚜껑95_>_>
큐브식빵팬뚜껑95set _대,양면
큐브파운드받침 50개
큐슈풍 생라면
큐슈풍부대나베키트(부대찌개)
큐슈하이라이트 오뎅세트
큐어드 하몽 미니 1kg
큐어드 하몽 미니용 홀더 엔 나이프
큐원_참국수1.6KG(400gx4)*8SE
큐트핸드믹서
큐트핸드믹서
큐팜스녹차파우더500g
큐팜스시나몬파우더180g
큐팜스초코토핑파우더180g_초코파우더
큐팜스초코파우더800g
큐피)마요네즈1kg*10
크라독스 레몬그라스 코코넛 칠리 크래커 80G
크라독스 비트루트 갈릭 크래커 80G
크라독스 스피나치 샐러리 씨드 크래커 80G
크라독스 씨 솔트 크래커 80G
크라독스 오트 크래커 80G
크라독스 칠리 진저 갈릭 크래커 80G
크라스트쇼핑백(대) 200장
크라스트쇼핑백(중) 200장
크라프트 30 직사각 케이스/100EA
크라프트 30 직사각 케이스/10EA
크라프트 30 직사각 케이스/800EA(1BOX)
크라프트 45 직사각 케이스/100EA
크라프트 45 직사각 케이스/10EA
크라프트 45 직사각 케이스/800EA(1BOX)
크라프트 각시링 봉투 160/100EA
크라프트 내유지 25*35/250EA(1봉)
크라프트 도시락 케이스/10EA
크라프트 도시락 케이스/400EA(1BOX)
크라프트 샌드위치 코팅지 33*33/1000EA
크라프트 오트밀 케이스/100EA
크라프트 오트밀 케이스/10EA
크라프트 오트밀 케이스/600EA(1BOX)
크라프트 정사각 샌드위치 케이스/100EA
크라프트 정사각 샌드위치 케이스/10EA
크라프트 정사각 샌드위치 케이스/500EA(1BOX)
크라프트 직사각 샌드위치 케이스/1000EA(1BOX)
크라프트 직사각 샌드위치 케이스/100EA
크라프트 직사각 샌드위치 케이스/10EA
크라프트 크림치즈 1.36kg*6ea
크라프트골드
크라프트네임카드 B1 25매
크라프트네임카드 B2 25매
크라프트네임카드 B3 25매
크라프트네임카드 B4 25매
크라프트봉투 대 1000매
크라프트봉투 소 1000매
크라프트봉투 중 1000매
크라프트샌드위치접시 줄무늬 100개
크라프트샌드위치접시 하우스 100개
크라프트샌드위치컵 소 100개
크라프트샌드위치컵 중 100개
크라프트선물쇼핑백 중 50매
크라프트쇼핑백(트위스트) 대 50개
크라프트쇼핑백(트위스트) 소 50개
크라프트쇼핑백(트위스트) 중 50개
크라프트쇼핑백(플랫) 대 50매
크라프트쇼핑백(플랫) 중 200매
크라프트콘 믹스
크라프트크림치즈(벌크)
크라프트플러스
크란베리파우더100g
크랜베리 클래식 (2kg)
크랜베리 클래식 11.34kg
크랜베리 티에이드 1kg
크러쉬드레드페퍼32g
크러쉬드렌틸(10kg)
크런키쿠키  1kg
크런키쿠키 (브라운)
크런키쿠키10Kg
크레마 필링 초콜릿 루비 RB1 5kg
크로도트(77g)
크로버 3종 스티커 1묶음(13장)/312EA
크로스티 갈릭 & 바질 100g
크로스티 로즈마리 100g
크로스티 엑스트라 버진 올리브 오일 100g
크로칸트(2.5kg)
크루통284g
크리미 브리 115g
크리미비트클래식10kg
크리미비트클래식1Kg_소분
크리미코10Kg
크리미쿠키슈 70g * 20
크리밀(연유)
크리스마스 골직 리본 15mm/그린츄리/1ROLL
크리스마스 골직 리본 15mm/레드츄리/1ROLL
크리스마스 골직 리본 22mm/그린츄리/1ROLL
크리스마스 골직 리본 22mm/레드츄리/1ROLL
크리스마스 골직 리본 9mm/그린츄리/1ROLL
크리스마스 골직 리본 9mm/레드츄리/1ROLL
크리스마스 귀염둥이 눈사람 픽/2EA
크리스마스 그린금박메리 골직25리본/1ROLL
크리스마스 금박메리 골직15리본 레드/1ROLL
크리스마스 금박메리 골직15리본 화이트/1ROLL
크리스마스 금츄리 장식/2EA
크리스마스 눈꽃 2종 픽/2EA
크리스마스 눈꽃 2종 픽/50EA
크리스마스 눈사람 스티커 1묶음(12장)/144EA
크리스마스 눈사람 픽/2EA
크리스마스 눈사람 픽/50EA
크리스마스 데코 원형바 2종 스티커 1묶음(6장)/78EA
크리스마스 띠지 네이비/50EA
크리스마스 띠지 샴페인산타/50EA
크리스마스 띠지 스노우맨체크 그린/50EA
크리스마스 띠지 스노우맨체크 레드/50EA
크리스마스 띠지 해피산타/50EA
크리스마스 레드금박산타 골직25리본/1ROLL
크리스마스 레터 마스킹 테이프/1EA
크리스마스 루돌프 픽/2EA
크리스마스 루돌프 픽/50EA
크리스마스 리본레터 25 리본 초코/1ROLL
크리스마스 메리해피 금박 9 리본 다크그린/1ROLL
크리스마스 메리해피 금박 9 리본 레드/1ROLL
크리스마스 산타 골직25리본 그린/1ROLL
크리스마스 산타 골직25리본 레드/1ROLL
크리스마스 산타 초/100EA
크리스마스 산타 초/10EA
크리스마스 산타 초/1EA
크리스마스 산타 픽/2EA
크리스마스 산타 픽/50EA
크리스마스 산타모자 눈사람 픽/2EA
크리스마스 스노우맨 초/100EA
크리스마스 스노우맨 초/10EA
크리스마스 스노우맨 초/1EA
크리스마스 실버나뭇잎장식 케이크픽/2EA
크리스마스 실버나뭇잎장식 케이크픽/50EA
크리스마스 어썸 다크그린 7종 택
크리스마스 오너먼트 2종 스티커 1묶음/88EA
크리스마스 윈터홀리데이 2종 스티커 1묶음/48EA
크리스마스 지팡이 골직15리본 그린/1ROLL
크리스마스 지팡이 골직15리본 레드/1ROLL
크리스마스 체크금박사슴 골직25리본/1ROLL
크리스마스 츄리 리본 15mm/1ROLL
크리스마스 츄리 리본 25mm/1ROLL
크리스마스 츄리 리본 7mm/1ROLL
크리스마스 케이크픽 X-MAS팻말(소)/4EA
크리스마스 케이크픽 X-MAS팻말(소)/50EA
크리스마스 케이크픽 나뭇잎리스/2EA
크리스마스 케이크픽 나뭇잎리스/50EA
크리스마스 케이크픽 눈꽃레드영문/2EA
크리스마스 케이크픽 눈꽃레드영문/50EA
크리스마스 케이크픽 런닝산타/2EA
크리스마스 케이크픽 런닝산타/50EA
크리스마스 케이크픽 메리X-MAS별장식/2EA
크리스마스 케이크픽 메리X-MAS별장식/50EA
크리스마스 케이크픽 메리크리스마스/2EA
크리스마스 케이크픽 메리크리스마스/50EA
크리스마스 케이크픽 사슴뿔방울장식/2EA
크리스마스 케이크픽 사슴뿔방울장식/50EA
크리스마스 케이크픽 산타/2EA
크리스마스 케이크픽 산타/50EA
크리스마스 케이크픽 솔방울열매츄리/2EA
크리스마스 케이크픽 솔방울열매츄리/50EA
크리스마스 케이크픽 지팡이/2EA
크리스마스 케이크픽 지팡이/50EA
크리스마스 케이크픽 팻말산타모자/2EA
크리스마스 케이크픽 팻말산타모자/50EA
크리스마스 트리 초/100EA
크리스마스 트리 초/10EA
크리스마스 트리 초/1EA
크리스마스 트리체크 양면 25 리본 그린/1ROLL
크리스마스 트리체크 양면 25 리본 화이트/1ROLL
크리스마스 트리컬렉션 마스킹 테이프/1EA
크리스마스 파티 마스킹 테이프/1EA
크리스마스 호호 그린 마스킹 테이프/1EA
크리스마스 호호 레드 마스킹 테이프/1EA
크리스마스 홀리데이 마스킹 테이프/1EA
크리스마스프렌즈 종이박스테이프/1EA
크리스탈스워드(65g)
크리스펄 다크 800g
크리스펄 루비 800g
크리스펄 밀크 800g
크리스펄딸기800g
크리스펄화이트800g
크리스피 미니 브리 바이트 140g
크리스피 초코볼 솔티드카라멜(100g)
크리스피 초코볼 오리지날(100g)
크리스피오트(500g)
크리스피오트(벌크)
크리스피프라이드어니언(튀김양파)
크리크리 10% 그릭 요거트 170G
크리크리 그릭 요거트 스트로베리 150G
크리크리 그릭 요거트 피치 150G
크리크리 그릭 요거트 허니 150G
크리크리 그릭프로즌 요거트 솔티드 카라멜320g
크리크리 그릭프로즌 요거트 플레인 320g
크리크리 그릭프로즌 요거트 허니 320g
크리크리 무지방 그릭 요거트 170G
크림믹스골드(1kg)
크림브륄레1L
크림브륄레포션(10개입)
크림브륄레포션(3개입)
크림샷다55Φ
#20
크림샷다59Φ
#16
크림소프트 4.5kg
크림치즈(미국산)1.36kg
크림치즈(벌크-엘르바이르)
크림치즈(엘르바이르)1.36kg
크림치즈(칸디아)
크림치즈너겟(500g)
크림치즈소스 1kg
크림파티시에(H)
크림파티시에1kg
크림파티쎄리
큰사각용기(뚜껑)400EA/BX
큰사각용기(몸체)400EA/BX
클라시코 엑스트라 버진 올리브 오일 1L
클라시코 엑스트라 버진 올리브 오일 250ml
클라우디 애플 주스 1L
클래시 논데어리 토핑크림 907g *12EA
클래식 그릭 요거트 플레인 150g
클래식 그릭 요거트 플레인 450g
클래식딸기
클래식오렌지1Kg
클램차우더스프(9kg)
클로렐라믹스1kg
클로렐라믹스1kg
클로렐라믹스300g
클로비스 디종머스타드 200G
클로비스 디종머스타드 5KG
클로비스 디종머스타드 830G
클로비스 레드와인비네거 5L
클로비스 발사믹비네거 10L
클로비스 발사믹비네거 500ML
클로비스 발사믹비네거 5L
클로비스 샴페인비네거 500ML
클로비스 샴페인비네거N6 250ml
클로비스 쉐리비네거 500ML
클로비스 애플사이다비네거 10L
클로비스 월넛오일 500ML
클로비스 유기농애플사이다비네거 500ml
클로비스 유기농애플사이다비네거 5L
클로비스 타라곤머스타드 200g
클로비스 타라곤식초 500ml
클로비스 프로방스허브비네거 250ml
클로비스 헤이즐넛오일 500ML
클로비스 홀그레인머스타드 200G
클로비스 홀그레인머스타드 5KG
클로비스 홀그레인머스타드 770g
클로비스 화이트 와인 비네가 7% 500ML
클로비스 화이트와인비네거 5L
클로티드 크림 170g
클로티드 크림 28g
클립형V자스탠드가격표 10cm 10개
클립형V자스탠드가격표 15cm 10개
클립형V자스탠드가격표 5cm 10개
클립형링스탠드가격표 10cm 10개
클립형링스탠드가격표 15cm 10개
클립형링스탠드가격표 5cm 10개
키다보아
키르쉬필링
키위냉동퓨레(100%) 1kg
타공 각대봉투 크라프트 대/1000EA(1BOX)
타공 각대봉투 크라프트 대/50EA
타공 각대봉투 크라프트 소/1000EA(1BOX)
타공 각대봉투 크라프트 소/50EA
타공 크라프트 크라프트 중/1000EA(1BOX)
타공 크라프트 크라프트 중/50EA
타공집게
타공판I
타꼬야끼 16구
타라곤오일_1L
타르트 쉘 스위트 라지 라운드(TS8001)
타르트 쉘 스위트 미니 라운드
타르트누름돌500g 황토
타르트누름돌500g_흰색
타르트미니원형
타르트미니원형 38mm
타르트원형 70mm
타르트탬퍼1호
타르트탬퍼3호
타르트파이팬(분리형)
타르트파이팬(일체형)
타르트팬 1호
타르트팬 2호
타르트팬 3호
타르트팬 4호
타바스코 소스 (150ML*12)
타바스코 소스 (150ML*12)
타바스코소스60ML
타원형PET주름컵 딸기 300개
타원형PET주름컵 블랙숫자 300개
타원형PET주름컵 스윗초코 300개
타원형PET주름컵 핑크리본 300개
타이거 셀렉션 포션 (6pc) 140g
타이머 T-291BL
타이머(베이직)
타이머(커피메이크)
타이머(토마토)T-166RD
타이머T-291 ORange
타임홀 25g
타코 녹차라떼500g
타코 블루베리에이드 파우더 1Kg
타코야끼_1k*10(중국)
타코야끼_1k*10(중국)
타코야끼볼(20g*50)
타코야끼볼(30g*40)
타코야끼소스(오타후쿠)2.1kg*6 EA
타트체리 1kg
타틀릿사브레필브르8.5cm
타피오카전분1kg
타히티 바닐라빈 200g
타히티안500ml
탈리아텔레 3kg
탈리아텔레 알 네로 디 세피아 3kg
탈리에리니 알 네로 디 세피아
탕후루 꼬지 28cm/500EA
탕후루 종이호일/500EA
태경)멸치육수 2.05kg*6ea
태경)본테이스트 감자전분 20KG
태경)사골농축액 1KG*10EA
태경)사골분말 500g*10ea
태경농산 감자전분S(폴란드) 20kg
태공-크랩요리애맛살(1kg*10pk)
태국산 스위트콘 420g*24(RK)
태국산 스위트콘2.95kg x 6
태그 블랙역삼각
태그01초코색+금박+은박
태그02
태그03녹색지+은박
태그04녹색지+금박
태그05녹색지+금박
태그06적색지+인쇄
태그07인쇄+금박
태그08금지+금박
태그09인쇄+금박
태그10인쇄+금박
태그11적색지+먹박
태그13금지+엠보싱
태그14-2 골드역삼각
태그14번 금지+먹박
태그15택+은줄
태그16택+금줄
태그17
태그18먹색지+은박
태그20금지+은박/먹박
태그21인쇄+금박
태그22인쇄+금박
태그23인쇄 (독도사랑해요)
태그24적색지+은박
태그25적색지+금박
태그29
태그33빨간별파티세리
태그녹색나뭇잎
태영)청양마요소스_1kg*10
태영)청양마요소스_1kg*10
태영)청양마요소스_1kg*5
태영)체다치즈소스_2kg*5
태원)갈릭딥핑소스_2kg*5
태원)닭강정소스_2kg*5
태원)불닭소스_2kg*5
태원)스위트칠리소스_1kg*10
태원)쌀똑 양파맛시즈닝_(10g*100ea)*5
태원)쌀똑 치즈맛시즈닝_(10g*100ea)*5
태원)쌀똑 허니버터맛시즈닝_(10g*100ea)*5
태원)양념감자시즈닝(양파맛)_1kg*20
태원)양념감자시즈닝(치즈맛)_1kg*20
태원)유림기용소스_2kg*5
태원)칠리소스-핫_2kg*5
태원)테이준 스파게티소스-1_3kg*5
태원)테이준머스타드(일회용)_12g*250ea
태원)테이준핫소스(일회용)_4g*1000
태원)피자소스-SY_2kg*5
태원)허니버터맛시즈닝TW_1kg*20
태원)헝그리베어피자소스_3kg*5
태태락치킨파우더1kg*10
태화고무장갑(대I)아이보리_1PK(10EA)
태화고무장갑(특대)레드_1PK(10쌍)
태화고무장갑_꽃밴분홍(대)_1PK(10쌍)
태화고무장갑특대빨강L10EA*10PK
탱이 웜즈 젤리(125g)
터머릭분말 47g
테그랄사틴케익레드벨벳15kg
테라) 잉글리쉬블랙퍼스트 1g*100/pack
테라)레몬그라스 0.8g*100ea/pack
테라)레몬그라스 1.5G*30EA
테라)루이보스아몬드 1g*100ea/pack
테라)루이보스아몬드 2G*30EA
테라)얼그레이 1g*100/pack
테라)얼그레이 2G*30EA
테라)캐모마일 0.8g*100/pack
테라)캐모마일 1.5G*30EA
테라)페퍼민트 0.8g*100ea/pack
테라)현미녹차 1g*100/pack
테라)현미녹차 3G*30EA
테소레티
테이크아웃 쇼핑백 크라프트/200EA(1BOX)
테이크아웃 쇼핑백 크라프트/20EA
테이크아웃컵13oz
테이프커터기
테트 드 무안 에이오피 1/2 휠
테트 드 무안 에이오피 로젯
테트드무안 420g
테프론시트  50.5*45 (cm)
테프론시트-1/2용
테프론시트-미니쿠키판용
테프론시트-오븐판용320*370
테프론시트-컨벡스쿠키판용
테프론시트-쿠키판용
토끼팬12구
토나렐리 올 우보 3kg
토로케루카레업무용(고형/매운맛)
토로케루카레업무용(고형/중간맛)
토르텔로네 리코타, 스피나치와 마스카포네 치즈 1kg
토마토스프(200g)(10개입)
토마토퓨레1Kg
토스트 봉투/500EA
토스트봉투
토스트봉투 크라프트 200/5000EA(1BOX)
토스트봉투 크라프트 200/500EA
토스트봉투 화이트 200/5000EA(1BOX)
토스트봉투 화이트 200/500EA
토치 아마레또
토퍼 고스트해피할로윈 실버/5EA(1SET)
토핑스타 블랙칩_150g
토호)튀긴마늘슬라이스 500g*12ea
토호)튀긴마늘슬라이스 500g*12ea
토호)하나후쿠진스케(복신지)1kg*10
톱칼(일)_소
통관자가들어간클램차우더스프(10개입)
통관자가들어간클램차우더스프(40개입)
통관자가들어간클램차우더스프(40개입)
통딸기프리저브(3kg)
통딸기필링(3kg)
통문어가라아게8kg
통블루베리프리저브(1kg)
통영산 수제 굴튀김(20)
통영생굴(국내산, 3KG/BOX,D-2)
통오징어가라아게5kg
통주걱대
통주걱소 L:200
통체리프리저브(1kg)
통팥앙금SI(미국산)
투명 M 쿠키 봉투/100EA
투명 M 쿠키 봉투/2000EA(100*20묶음)
투명 PET용기 12온즈 (뚜껑별도)/100EA
투명 PET용기 12온즈 (뚜껑별도)/25EA
투명 PET용기 12온즈 (뚜껑별도)/500EA(1BOX)
투명 PET용기 16온즈 (뚜껑별도)/100EA
투명 PET용기 16온즈 (뚜껑별도)/25EA
투명 PET용기 16온즈 (뚜껑별도)/500EA(1BOX)
투명 PET용기 24온즈 (뚜껑별도)/100EA
투명 PET용기 24온즈 (뚜껑별도)/25EA
투명 PET용기 24온즈 (뚜껑별도)/500EA(1BOX)
투명 PET용기 2온즈 (뚜껑포함) 평판/100EA
투명 PET용기 2온즈 (뚜껑포함) 평판/2500EA(1BOX)
투명 PET용기 3온즈 (뚜껑포함) 평판/100EA
투명 PET용기 3온즈 (뚜껑포함) 평판/2500EA(1BOX)
투명 PET용기 4온즈 (뚜껑포함) 평판/100EA
투명 PET용기 4온즈 (뚜껑포함) 평판/2500EA(1BOX)
투명 PET용기 미니 소스 0.75온즈/100EA
투명 PET용기 미니 소스 0.75온즈/5000EA(1BOX)
투명 PET용기 미니 소스 0.95온즈/100EA
투명 PET용기 미니 소스 0.95온즈/5000EA(1BOX)
투명 PET컵 8온즈 (92파이) 100EA/돔무타공(뚜껑)
투명 PET컵 8온즈 (92파이) 100EA/돔타공(뚜껑)
투명 PET컵 8온즈 (92파이) 100EA/선택안함(뚜껑)
투명 PET컵 8온즈 (92파이) 100EA/평판무타공(뚜껑)
투명 PET컵 8온즈 (92파이) 100EA/평판타공(뚜껑)
투명 PET컵 9온즈 (98파이) 100EA/돔무타공(뚜껑)
투명 PET컵 9온즈 (98파이) 100EA/선택안함(뚜껑)
투명 PET컵 9온즈 (98파이) 100EA/평판무타공(뚜껑)
투명 PET컵 뚜껑 돔 무타공 (92파이)/1000EA(1BOX)
투명 PET컵 뚜껑 돔 무타공 (92파이)/100EA
투명 PET컵 뚜껑 돔 무타공 (98파이)/1000EA(1BOX)
투명 PET컵 뚜껑 돔 무타공 (98파이)/100EA
투명 PET컵 뚜껑 평판 무타공 (92파이)/1000EA(1BOX)
투명 PET컵 뚜껑 평판 무타공 (92파이)/100EA
투명 PET컵 뚜껑 평판 무타공 (98파이)/1000EA(1BOX)
투명 PET컵 뚜껑 평판 무타공 (98파이)/100EA
투명 버블티 빨대 (일자형) 개별포장/반투명 약 200EA
투명 버블티 빨대 (일자형) 개별포장/반투명 약 3200EA(1BOX)
투명 버블티 빨대 (일자형) 벌크/반투명 약 200EA
투명 버블티 빨대 (일자형) 벌크/반투명 약 3200EA(1BOX)
투명 빨대/10000EA(1BOX)
투명 빨대/500EA
투명 삼각 무스띠/100EA
투명 위생 마스크 M4A(필름교체형)/1EA
투명 위생 마스크 M5A(필름일체형)/1EA
투명 위생 마스크 마스크필름(M4A)/1EA
투명 쿠키 봉투 대/100EA
투명 쿠키 봉투 대/3000EA
투명 쿠키 봉투 소/100EA
투명 쿠키 봉투 소/3000EA
투명 쿠키 봉투 중/100EA
투명 쿠키 봉투 중/3000EA
투명쿠키봉투 12*20 M형 200매
투명쿠키봉투 5*20 1000매
투명쿠키봉투 5*20 1000매
투명쿠키봉투 6*20 200매
투명쿠키봉투 7*9
투명쿠키봉투 8*22 M형 200매
투명쿠키봉투 8*30 M형 200매
투명쿠키봉투 9*16 M형 1000매
투명쿠키봉투 9*25 M형 200매
투명쿠키봉투 9*32 M형 200매
투명쿠키봉투(금) 6.5*13 1000매
투명테이프 20개
튀겨도타지않는 바삭바삭 크리스피1.5kg
튀김 봉투 크라프트/500EA
트래디션90
트러플 발사믹 글레이즈 250ml
트러플소금_150g
트러플오일_250ml
트러플오일이들어있는버섯스프(10개입)
트러플오일이들어있는버섯스프(40개)
트레이 샌드위치 옐로우/50EA
트레이 샌드위치 화이트/50EA
트로피칼 원더 젤리(125g)
트로피칼 원더 젤리(40g)
트루팜)볶음참깨1kg*10EA
트리리본 10mm
트리리본 15mm
트리리본 25mm
트리플 크렘 180g
트리플섹1.8L
트리플엑셀1Kg
트와인 끈 그레이/1ROLL
트와인 끈 그린/1ROLL
트와인 끈 네이비/1ROLL
트와인 끈 라이트그린/1ROLL
트와인 끈 라이트핑크/1ROLL
트와인 끈 레드/1ROLL
트와인 끈 브라운/1ROLL
트와인 끈 블랙화이트/1ROLL
트와인 끈 스카이/1ROLL
트와인 끈 시즌2 블랙/1ROLL
트와인 끈 옐로우/1ROLL
트와인 끈 옐로우그린/1ROLL
트와인 끈 오렌지/1ROLL
트와인 끈 퍼플/1ROLL
티나튀김봉투1000EA/BOX
티롤러 쉰켄 칩스 40g
티롤리니 마일드 40g
티알아이)가라아게 염지제-씨에프_15kg
티알아이)로즈마리홀(모로코)_200g*12
티알아이)바질리브즈(홀,네덜란드)_150g*12
티알아이)오레가노홀(터키)_150g*12
티알아이)월계수잎(터키)_230g*6
티알아이)치킨염지제-아이에스_15kg
티알아이)치킨텐더용염지제_15kg
티알아이)피클링스파이스_1kg*10
티앤씨)블랙타피오카펄 3kg*6ea
틴타이 각대봉투 1SIZE/100EA
파나토네 P 60/100EA
파네토네 *200
파네토네 P110 200매
파네토네 P6050 200매
파네토네 P90 200매
파네토네컵 60 * 50 100개
파네토네향SI(500g)
파네톤(밀가루)
파란쓰레기봉투실속형50L(63*82*50매)*20/BX
파르네제 그라나 파다노 150g
파르네제 파르미지아노 레지아노 150g
파르네제 파르미지아노 레지아노 1Kg
파르네제 파르미지아노 레지아노 24M 150g
파르네제 파르미지아노 레지아노 플레이크 100g
파르미지아노 레지아노 라비올리 250g
파르미지아노 레지아노 크림치즈 - 트러플 125g
파머스)초밥용계란구이본(1kg*8)
파바나냉동퓨레
파베 다피누아 미니 믹스 3 버라이어티스 160g
파베 다피누아 오리지날 6 미니스 6*30g
파분말(국산)1kg
파분말(국산)200g
파스키에 미니 토스트 80g (36조각)
파스타 알 우보 라사니아
파스타 알 우보 라사니아 6등분
파스타보일러    이미지준비중
파스텔 타이 스카이/1000EA(1봉)
파스텔 타이 스카이/50000EA(50봉)
파스텔 타이 퍼플/1000EA(1봉)
파스텔 타이 퍼플/50000EA(50봉)
파스텔 혼합 빨대/10000EA(1BOX)
파스텔 혼합 빨대/500EA
파슬리후레이크250g(이스라엘)
파슬리후레이크3mm 10g
파에테 포요틴 2kg
파에테포요틴 2.5kg
파에테포요틴 500g
파운드 노루지 컵 소/100EA
파운드 노루지 컵 중/100EA
파운드 몰드 SET 대/5EA
파운드 몰드 중/1000EA(1BOX)
파운드 몰드 중/50EA
파운드 백색 유산지 컵/100EA
파운드노루지 중(100매)
파운드노루지소
파운드몰드 PM150 100매
파운드몰드 PM200 50매
파운드몰드 PM227 40매
파운드몰드(대) ( 50매 )
파운드몰드(소) ( 50매 )
파운드몰드(원형)
파운드몰드(중)
파워랩(45cm*500M)3.12kg*6
파이랙스카제롤뚜껑 160mm-MIB
파이랙스카제롤뚜껑 200mm-MIB
파이랙스카제롤뚜껑 240mm-MIB
파이랙스카제롤뚜껑 280mm-MIB
파이칼 대
파이칼 소
파이칼(소)
파이팬대
파이팬소
파이팬중
파이팬특대
파이핑백+노즐3종
파인소프트202_10Kg
파인소프트C 2kg
파인소프트C10Kg
파인소프트T 10Kg
파인애플
파인애플 1kg
파인애플 청크잼 (1kg)
파인애플(kuiburi_태국)850g
파인애플냉동퓨레(100%) 1kg
파인애플다이스1kg
파인애플다이스1kg
파인애플베이컨꼬치(20)
파인애플슬라이스(녹색)820G*12
파인애플슬라이스(태국)850G*12 (G)
파인애플슬라이스3.063KG*6
파인애플청크3.035kg*6
파인애플티드빗3.035KG*6
파타토
파타트르 파리지엔
파티시에네임카드 20매
파파야다이스1kg
파푸아지 밀크 아몬드 초콜릿 200g
파프리카소스2kg
파프리카추출분말1kg
파피루스 코팅지 33*33 그레이/1000EA
파피루스 코팅지 33*33 살구/1000EA
판다크커버춰 엑셀랑스 2.5kg
판밀크커버춰 락티슈페리에 2.5kg
판화이트커버춰 블랑사탱 2.5kg
팔각받침10 블랙 100매
팔라완
팔레도르 (프랄린)
팔리니 가루 치즈 80g
팔마산 슈레드[1/8]750g
팔마산소스1Kg
팔마산슈레드[가는슈레드]
팔마산슈레드[블록1/8]_950g
팜쇼트닝/20KG/BOX
팜스프리미안1kg
팜파스키친타올2RL*20PK/BX
팜파스키친타올2RL*20PK/BX
팜피아) 냉동 고구마스틱(2KG*5)
팜피아)냉동군고구마,인도네시아산,2.5KG*4
팜피아)냉동미니맛고구마(2kg)
팜피아)냉동청피망 2kg*5
팜피아)스팀단호박 유피(2kg*5)
팜피아)스팀단호박탈피(2kg*5)
팜피아)유탕고구마(2kg*5bag)
팜피아)증숙고구마(5KG*2EA)
팝콘봉투  100
팡도르팬
팡럼 (럼주)
팡브러쉬1호
팡브러쉬2호
팡브러쉬3호
팡브러쉬4호
패션프루트 프레쉬 펄 55g
패션프루트냉동퓨레(100%) 1kg
패션후르츠 냉동퓨레
패션후르츠냉동퓨레
패션후르츠퓨레
패션후르츠퓨레1Kg (프랑스)
패스트리브릭 170g
패턴 40/45/55 색지컵 40mm/그린/200EA(1줄)
패턴 40/45/55 색지컵 40mm/퍼플/200EA(1줄)
패턴 40/45/55 색지컵 45mm/그린/200EA(1줄)
패턴 40/45/55 색지컵 45mm/초코/200EA(1줄)
패턴 40/45/55 색지컵 45mm/퍼플/200EA(1줄)
팬케익
팻블렌드(Fat Blend)12.5KG
퍼블리크 골드
퍼블리크 그린
퍼블리크 블랙
퍼블리크 블랙 콜드브루 500ml
퍼시픽(본가드) 스위스슬라이스WH 2.27k(120p)
퍼시픽(본가드) 스위스슬라이스WH 2.27kg
퍼시픽(본가드) 아메리칸슬라이스YE 2.27Kg
퍼지브라우니믹스10kg
퍼플초코펜20g
펄 모양 초콜릿 20mm
펄믹스 초코볼 (300g)
펄솔트
펄슈가C35 10Kg
펄아가NO.11
펄아가NO.9
펄프 A사각볼 세트 24oz 소스거치형/300EA(1BOX)
펄프 A사각볼 세트 24oz 일반형/300EA(1BOX)
펄프 A사각볼 세트 28oz 소스거치형/300EA(1BOX)
펄프 A사각볼 세트 28oz 일반형/300EA(1BOX)
펄프 A사각볼 세트 32oz 소스거치형/300EA(1BOX)
펄프 A사각볼 세트 32oz 일반형/300EA(1BOX)
펄프 사각트레이(9×9) 세트 32oz/300EA(1BOX)
펄프 사각트레이(9×9) 세트 48oz/300EA(1BOX)
펄프 스프컵 세트 12oz/1000EA(1BOX)
펄프 스프컵 세트 16oz/1000EA(1BOX)
펄프 스프컵 세트 8oz/1000EA(1BOX)
펄프 원형볼 세트 1000ml/300EA(1BOX)
펄프 원형볼 세트 600ml/300EA(1BOX)
펄프 원형볼 세트 750ml/300EA(1BOX)
펄프 정사각볼(5×5) 세트 375ml/500EA(1BOX)
펄프 정사각볼(5×5) 세트 500ml/500EA(1BOX)
펄프 정사각볼(6.5×6.5) 세트 16oz/300EA(1BOX)
펄프 정사각볼(6.5×6.5) 세트 24oz/300EA(1BOX)
펄프 정사각볼(6.5×6.5) 세트 32oz/300EA(1BOX)
펄프 직사각볼(6×9) 세트 20oz/300EA(1BOX)
펄프 직사각볼(6×9) 세트 30oz/300EA(1BOX)
펄프 직사각볼(6×9) 세트 36oz/300EA(1BOX)
펄프 타원볼 세트 620ml/300EA(1BOX)
펄프 타원볼 세트 770ml/300EA(1BOX)
펄프 핫도그트레이(4×8) 세트/300EA(1BOX)
펄프도시락 라운드 직사각/50EA
펄프도시락 원형세트 (L014)/400EA(1BOX)
펄프도시락 원형세트 (L014)/50EA
펄프도시락 정사각 대(3칸/B32)/250EA(1BOX)
펄프도시락 정사각 대(3칸/B32)/50EA
펄프도시락 정사각 중(3칸/B31)/200EA(1BOX)
펄프도시락 정사각 중(3칸/B31)/50EA
펄프도시락 정사각 중(B26)/200EA(1BOX)
펄프도시락 정사각 중(B26)/50EA
펄프도시락 직사각 2칸(B02)/50EA
펄프도시락 직사각 대(B30)/250EA(1BOX)
펄프도시락 직사각 대(B30)/50EA
펄프도시락 직사각 소(B04)/500EA(1BOX)
펄프도시락 직사각 소(B04)/50EA
펄프도시락 직사각 중 크라프트(B01)/50EA
펄프도시락 직사각 중 화이트(B01)/50EA
펄프도시락 햄버거 크라프트(B03K)/500EA(1BOX)
펄프도시락 햄버거 크라프트(B03K)/50EA
펄프도시락 햄버거 화이트(B03)/500EA(1BOX)
펄프도시락 햄버거 화이트(B03)/50EA
펄프용기 사각볼세트 대(L016)/400EA(1BOX)
펄프용기 사각볼세트 대(L016)/50EA
펄프용기 사각볼세트 소(L011)/400EA(1BOX)
펄프용기 사각볼세트 소(L011)/50EA
펄프용기 사각볼세트 중(L013)/400EA(1BOX)
펄프용기 사각볼세트 중(L013)/50EA
펄프용기 사각타원세트 2구(B047) 사각타원2구용기/PET뚜껑/500EA(1BOX)
펄프용기 사각타원세트 2구(B047) 사각타원2구용기/PET뚜껑/50EA
펄프용기 사각타원세트 2구(B047) 사각타원2구용기/펄프뚜껑/500EA(1BOX)
펄프용기 사각타원세트 2구(B047) 사각타원2구용기/펄프뚜껑/50EA
펄프용기 사각타원세트(B046) 사각타원용기/PET뚜껑/500EA(1BOX)
펄프용기 사각타원세트(B046) 사각타원용기/PET뚜껑/50EA
펄프용기 사각타원세트(B046) 사각타원용기/펄프뚜껑/500EA(1BOX)
펄프용기 사각타원세트(B046) 사각타원용기/펄프뚜껑/50EA
펄프용기 원형 화이트 접시 대/500EA(1BOX)
펄프용기 원형 화이트 접시 대/50EA
펄프용기 원형 화이트 접시 미니/1000EA(1BOX)
펄프용기 원형 화이트 접시 미니/50EA
펄프용기 원형 화이트 접시 소/1000EA(1BOX)
펄프용기 원형 화이트 접시 소/50EA
펄프용기 원형 화이트 접시 중/500EA(1BOX)
펄프용기 원형 화이트 접시 중/50EA
펄프용기 원형세트 소(L064)/500EA(1BOX)
펄프용기 원형세트 소(L064)/50EA
펄프용기 원형세트 중(L063)/500EA(1BOX)
펄프용기 원형세트 중(L063)/50EA
펄프용기 직사각세트 대(56)/100EA
펄프용기 직사각세트 대(56)/600EA(1BOX)
펄프용기 직사각세트 중(55)/100EA
펄프용기 직사각세트 중(55)/600EA(1BOX)
펄프용기 타원형세트 대(65)/400EA(1BOX)
펄프용기 타원형세트 소(66)/50EA
펄프용기 타원형세트 소(66)/600EA(1BOX)
펌프킨후레바
페라리니 발사믹 비네거 500ml
페루 카카오 38%
페루 카카오 62％
페스토 바질 엔 파인넛 토르텔로니 250g
페스티팩 1L
페이스트리 버터 (레스큐어AOP)
페이스트리시트골드/5KG(1KG*5)/BOX
페이장 까망베르롱라이프 125G
페이장 냉동 필드 크레페 - 딸기
페이장 냉동 필드 크레페 - 초코
페이장 냉동 필드 크레페 - 캬라멜
페이장 라바게트 200G
페이장 라브리끄 200G
페이장 르까망베르 250G
페이장 르브리 1KG
페이장 르브리60% 약3KG
페이장 르블루도베르뉴 125g
페이장 마담로익갈릭앤허브 150G
페이장 마담로익네이처포션 120G
페이장 마담로익네이처포션 120G
페이장 마담로익무화과앤호두 150G
페이장 마담로익샐몬앤차이브 150G
페이장 마담로익샬롯앤차이브 150G
페이장 마담로익쉐브르 150G
페이장 마담로익월넛 150G
페이장 마담로익플레인 150G
페이장 물레버터  무염 250G
페이장 물레버터  무염 500G
페이장 물레버터  무염 500G
페이장 물레버터가염 250G
페이장 물레버터가염 500G
페이장 버터가염포션(10g*20) 200G
페이장 버터게랑드포션(10g*20) 200G
페이장 버터무염포션(10g*20) 200G
페이장 브리-롱라이프 125G
페이장 빼띠무염포션버터 1kg
페이장 사각가염버터 200g
페이장 사각무염버터 200g
페이장 스트로베리크레페 180g
페이장 에멘탈슬라이스 160g
페이장 에멘탈프랑시스 250g
페이장 에멘탈프랑시스 250g
페이장 에멘탈프랑시스 약3KG
페이장 오리지널크레페(12P) 370G
페이장 쥐라플로르꽁테 12개월
페이장 쥐라플로르꽁테 6개월
페이장 크리스탈 소금버터 250g
페이장 패스트리버터 2kg
페이장 페띠물레포션갈릭 6개입 100.02G
페이장 페띠물레포션플레인 6개입 100.02G
페이장 페이장브레통 버터롤 1KG
페이장 프랑스에멘탈슈레드 1KG
페이장 프랑스에멘탈슈레드350G
페이장 필드크레페초코 180g
페이장 휘핑크림30% 200ML
페이장 휘핑크림35% 1L
페이장브르통)오리지날 크레페 370g*8ea
페이퍼타올일반지2P_5000EA/B
페코리노사르데니아
페코리노치즈
페타 150g
페타치즈 허브 앤 스파이스 280g
페투치니 3kg
페트롤8cm_케익페트
페파민트오일500g
페퍼 잭 226g
펙틴 1Kg
펙틴(젤리용)1kg
펜네 리가테 넘버 91 500g
펜슬스틱P135x5.5ø(벌크)
포도 리플잼 1kg
포도레진(1kg)
포도레진N(300g)
포도쿠키크런치 1kg
포도파우더1Kg
포도향 80g
포도향-O-레진(90g)
포도향초코펜20g
포레다크 (장식부채 24ea)
포레다크 1kg(250개)
포르치니 라비올리 250g
포메리 머스터드 100g
포메리 머스터드 250g
포메리 머스터드 500g
포모나)마론소스2kg*6
포모나)믹솔로지 펄피그린애플시럽 1L*6EA
포모나)바닐라빈소스2KG*6
포모나)바닐라빈소스2KG*6
포모나)스무디펌
포모나)요거트파우더1KG*12
포모나)유자스무디 2KG*6
포모나)키위스무디2KG*6
포모나딸기스무디2kg
포모나메이플시럽1L
포모나바닐라시럽1L
포모나바닐라파우더
포모나샹그리아&뱅쇼 베이스1kg
포모나요거트 파우더1kg
포모나요거트후레쉬1Kg
포모나초콜릿파우더(코코아파우더)800g
포모나캬라멜시럽1L
포모나코코렛소스 2KG*6
포모나헤이즐넛향시럽1L
포모나화이트초콜릿파우더
포모도로 모짜렐라 토르텔로니 250g
포션 믹스 (고다, 에담, 체다, 레드 체다)(20g X 6pc)
포스누아 1kg
포유 각대봉투 포유/100EA
포장용 큰 비닐봉투(39*38cm) 2000ea/BOX
포케 마로이 AOP 210g
포켓 코팅봉투 크라프트 240/5000EA(1BOX)
포켓 코팅봉투 크라프트 240/500EA
포켓 코팅봉투 화이트 240/5000EA(1BOX)
포켓 코팅봉투 화이트 240/500EA
포켓몬물통
포크(일회용_플라스틱)100E*20P/BX
포크(일회용_플라스틱)100E*20P/BX
포크검정(017) 개별_세븐스테이크
포테이토샐러드(1kg*10)
포테이토샐러드(1kg*10)
포티드 블루 스틸턴 100g
폭죽(미니콘)
폭죽(샴페인콘)
폭죽100개입
폰테라 고다치즈
폰테라 칼라체다치즈 20KG
폰테라)고다치즈20kg(10kg*2)
폰티)화이트발사믹식초_500ml*12
폰티)화이트발사믹식초_500ml*12
폴 에피 클래식 슬라이스 150g
폴렌타 500g
폴렌타(1kg)
폴리바크림치즈227g
퐁당럼 (럼주)
퐁당럼 (럼주)  1L
퐁당쇼콜라 녹차(100g)
퐁당쇼콜라 녹차(70g)
퐁당쇼콜라 초코(100g)
퐁당쇼콜라 초코(70g)
퐁듀타임(2kg)
표고버섯 후라이
푸드메쉬사각 400*1000
푸드메쉬사각 400*400
푸드메쉬사각 400*600
푸드메쉬사각롤
푸드메쉬사각롤
푸드야)냉동키위,1cm다이스,중국산,1kg*10
푸드올)JOOS 버진올리브오일(5L*4)
푸드올)라리 레몬쥬스 1L*12
푸드올)스위트웰쌀국수육수파우더_400g*10
푸드올)썬큐 베이크드빈스 2.7kg*6
푸드올)썬큐 베이크드빈스 420g*24
푸드올)이엔 노리풍 후리가께 500g*10
푸드코리아)면기능강화제 280g*30
푸드코리아)사과를넣은 타르타르소스(1.85kg*8)
푸드트레이 김밥 화이트(61)/100EA
푸드트레이 김밥 화이트(61)/800EA(1BOX)
푸드트레이 소스 화이트(J25)/400EA
푸드트레이 소스 화이트(J25)/5000EA(1BOX)
푸드트레이 정사각 화이트(71)/100EA
푸드트레이 정사각 화이트(71)/600EA(1BOX)
푸드트레이 직사각 화이트(611)/800EA(1BOX)
푸딩
푸딩AL_소
푸룬 퓨레 23.59kg
푸룬주스 농축액 70Brix 24.94kg
푸아그라 2 레이어 400g
푸아그라 400~600g
푸아그라 디베인 500g
푸아그라 빅 로브 310g  ( 주문발주 )
푸아그라 스프레드
푸아그라 슬라이스 140g (25~40g x 4)  ( 주문 발주 )
푸아그라 슬라이스 1Kg (40~60g x 20)
푸아그라 앤 무화과 180g
푸아그라 페퍼 앤 샴페인
푸아그라죽(1kg)
푸알레루스티크
푸어앤휩 퍼포먼스 플러스(레드) 907g * 12 ea
푸주 163g*30
풍기소스_1kg
풍림)계란후라이_패티용(900g*10)
풍림)얇은고명지단(700g*10)
풍림)풍요한아침깐계란_1KG*10
풍선 초 땡땡이/1EA
풍선 초 무지/1EA
풍요한아침깐메추리알(1kg)
풍요한아침깐메추리알(1kg*10ea)
풍요한아침깐메추리알(1kg*10ea)
퓨어 버터 타틀릿 8.5cm
퓨어버터 스윗 미니 타틀릿 4.9cm
퓨어올리브오일 5L
프라리노사W 5kg
프라리노사W 800g
프라린콩까세슈페리에르아몬드트루피(1.4kg
프랄리노 다크초코 파우더 아몬드 초콜릿
프랄리노 밀크 아몬드 초콜릿 120g
프레디베인스 프로즌모짜렐라슬라이스(15g) 1KG
프레디베인스 프로즌모짜렐라펄(5g) 1KG
프레리팜스 크림치즈 미국산 1.36KG*10
프레리팜스(스위스벨리)크림치즈 1.36KG*10(냉장)
프레리팜스(스위스벨리)크림치즈 1.36KG*10(냉장)
프레리팜스(스위스벨리)크림치즈 13.6KG(6.8*2)
프레리팜스(스위스벨리)크림치즈(9.08kg*2ea)
프레스코 나초치즈소스(E5)
프레스코 스프레더블 150g
프레스티지 이즈니 카라멜 250g
프레즐소다
프레지덩 무염버터(400g*20) BX
프레지덩 휘핑크림 18% 1Liter*6pack/box
프레지덩 휘핑크림 18% 1Liter*6pack/box
프레지덩프렌치버터200g
프레첼블렌드
프렌즈)롯데 환만식초 1.8L*9
프렌즈)우림사과쨈(파우치) 5KG*3
프렌즈)지룩스 라임쥬스음료_750ml*12병
프렌치 크림 치즈 150g
프렌치 프라이 슈스트링 1kg
프렌치 프라이 스트레이트 컷 1kg
프렌치 프라이 크링클 컷 1kg
프렌치바닐라레진(600g)
프렌치스타일믹스 2.5kg
프로 적외선 온도계
프로마제 다피누아 블루 170g
프로마제 다피누아 엑셀런스 185g
프로마쥬 프레 라즈베리 150g
프로마쥬 프레 카라멜라이즈드 사과 150g
프로마쥬블랑 500G
프로마쥬-프레-딸기-150g
프로미 까망베르로얄 250g
프로미 까망베르로얄포콘 250g
프로미 델리스 다정탈 100g
프로미 델리스 다정탈 트러플 100g
프로미 델리스 크랜베리 110g
프로미 델리스 파파야 110g
프로미 라퀘유 푸름 당베르 185g
프로미 라팡드 125g
프로미 르1921 220g
프로미 미니브리 250g
프로미 뷔셰뜨몬서 150g
프로미 블루 스틸턴 150g
프로미 쁘띠 그레도르 125g
프로미 쁘띠 스모키 125g
프로미 생제르맹 200g
프로미 피칸두 허니 125g
프로볼로네 돌체 1Kg
프로볼로네 돌체 200g
프로볼로네 돌체 200g
프로볼로네 슬라이스 170g
프로볼론치즈슬라이스(6.4슈레드)
프로슈토 디 파르마 70g
프로슈토촙핑_500g
프로즌 스페셜티 위드 레몬그라스1kg
프로페셔널크림 * 12개
프룬(건자두) 200g
프리고)리코타치즈1.36kg*6
프리모카페커피믹스800g*12
프리미엄 버터 컴파운드 4.5KG
프리미엄 우유버터화이트 4.5kg
프리미엄국산녹차분말(100g)
프리미엄국산녹차분말(1kg)
프리미엄마차파우더100g
프리미엄마차파우더1Kg
프리미엄망고필링(냉동)1kg
프리미엄베리필링1kg
프리미엄블루베리필링(냉동)
프리미엄스프링클코코아파우더(1kg)
프리미엄스프링클코코아파우더(2)10kg
프리미엄요거트파우더1kg
프리미엄츄러스믹스(영인)1kg
프리미엄홍차 티백용350g
프리미엄홍차가루350g
프리미엄홍차파우더350g
프리미엄홍차파우더50g
프리츠 골드 1Liter*12pack/box
플라스틱 가격표 ㄴ형/20EA
플라스틱 가격표 ㄷ형/20EA
플라스틱 미니칼 개별/100EA
플라스틱 스푼 개별/100EA
플라스틱 스푼 벌크/100EA
플라스틱 스푼(145mm) 블랙/개별/100EA
플라스틱 스푼(145mm) 블랙/개별/2000EA(1BOX)
플라스틱 스푼(145mm) 화이트/개별/100EA
플라스틱 스푼(145mm) 화이트/개별/2000EA(1BOX)
플라스틱 스푼(145mm) 화이트/벌크/100EA
플라스틱 스푼(145mm) 화이트/벌크/2000EA(1BOX)
플라스틱 포크 120 개별 블랙/500EA
플라스틱 포크 120 개별 투명/500EA
플라스틱 포크 개별/100EA
플라스틱 포크 벌크/100EA
플라스틱 포크(155mm) 블랙/개별/100EA
플라스틱 포크(155mm) 블랙/벌크/100EA
플라스틱 포크(155mm) 화이트/개별/100EA
플라스틱 포크(155mm) 화이트/벌크/100EA
플라스틱나이프 100ea
플라워 트레이 대/100EA
플라워 트레이 대/10EA
플라워 트레이 소/100EA
플라워 트레이 소/10EA
플라워 트레이 중/100EA
플라워 트레이 중/10EA
플라워HD 200매
플라워곰 쇼핑백/25EA
플라워양 쇼핑백/25EA
플라워토끼 쇼핑백/25EA
플래차드 버터 500g*20
플래차드 버터블랜드 10kg
플랭땅 블랙 트러플 오일 250ml
플랭땅 섬머 트러플 페르시안 블루 솔트 100g
플랭땅 섬머 트러플 히말라야 핑크 솔트 100g
플랭땅 썸머 트러플 필링 200g
플랭땅 트러플 발사믹 비네거 100ml
플랭땅 트러플 발사믹 비네거 250ml
플랭땅 트러플 소금 50g
플랭땅 트러플 카르파치오 40g
플랭땅 포르치니 게랑드 씨 솔트 50g
플랭땅 화이트 트러플 오일 250ml
플랭땅 화이트 트러플 올리브 오일 100ml
플럼주스 농축액 70Brix 25.49kg
플럼피 트레이 원형/50EA
플럼피 트레이 직사각(미니)/50EA
플럼피 트레이 직사각(중)/50EA
플레이크페이스트리도우
플레인머핀믹스
플레인요거트파우더 500g
플로라 오리지널 팻 스프레드 250g
플로라 오리지널 팻 스프레드 500g
플로레뜨 116g
플뢰르 오랑제
피넛버터20(10kg)
피넛크런치1Kg
피넛크런치1kg
피넛크런치300g
피쉬그릴크램프-MIB
피스 띠 투명/5/1000EA
피스 띠 투명/5/32000EA(1BOX)
피스 띠 투명/6.5/1000EA
피스 띠 투명/6.5/26000EA(1BOX)
피스 띠 투명/8/1000EA
피스 롤 5/1EA
피스 롤 5/48EA(1BOX)
피스 롤 6.5/1EA
피스 롤 6.5/40EA(1BOX)
피스 롤 8/1EA
피스 롤 8/28EA(1BOX)
피스띠
피스롤5cm
피스롤6.5cm
피스롤8cm
피스받침13 100매
피스받침15 받침만 100매
피스받침15 투명케이스만 50매
피스스탠드 10cm 100매
피스스탠드 200매
피스스탠드 3.5cm 200매
피스타치오 타르트(72개입)
피스타치오 페이스트  190g
피스타치오 페이스트  1kg
피스타치오 페이스트 500g
피스타치오레진(600g)
피스타치오분말 1kg*10ea
피스타치오페이스트S
피시콜라겐10Kg
피시콜라겐500g
피오니 트리플섹 1.8L
피오렐리노 알 타르투포 1kg
피자 천끈 레드 대(160M)/1ROLL
피자 천끈 레드 소(50M)/1ROLL
피자 폰드 1kg
피자바게트 100매
피자바게트 받침/100EA
피자박스 크라프트 10인치/100EA(1BOX)
피자박스 크라프트 12인치/100EA(1BOX)
피자박스 크라프트 13인치/100EA(1BOX)
피자박스용삼발이2000EA/BX
피자스페치 55*250
피자적색리본16mm*63y*10EA*27PK/BX
피자팬11
피자팬13
피자팬9
피지 프렌즈 젤리(125g)
피지 프렌즈 젤리(40g)
피카이치 우동다시
피크닉도시락 50개
피클링스파이스 45g
피클링스파이스40g
피타브레드
필라델피아 치즈케이크 큐브 쿠키 200g
필라델피아 크림치즈
필라델피아 크림치즈 1.36KG
필라델피아 크림치즈 1.36KG*6_미국
필라델피아크림치즈2KG*8_호주
필라델피아크림치즈2KG_호주
필로페스트리 250g
필립스소스펌프
필립스소스펌프
핑거쿠키&에클레어팬14구
핑크 레모네이드 330ml
핑크PET주름컵 500매
핑크도일리 투명스티커 10PC*13
핑크자몽냉동퓨레(100%) 1kg
핑크초코펜20g
하나다시1kg*10
하나다시2kg*6
하늘)감자야채고로케속(1kg*10)
하늘)햄감자야채고로케속(1kg*10ea)
하림)자연실록 봉 600G*5PACK
하림)자연실록 윙 600G*5PACK
하림)치킨너겟1kg*10
하바나 코코아 (프랄린)
하수오분말1kg(국산)
하수오분말300g(국산)
하얀강낭콩4/1 2.75kg
하얀손)다목적고무장갑(미니)_10켤레*50Pk
하우스-바몬드플레이크
하우스-자바플레이크
하우스트 미니토스트  80g
하이델)후레시피클(슬라이스)3.2kg*6EA
하이락스2L*6
하이락스2L*6
하이스프리 4.5kg 3일 출고지연
하이큐블렌딩커피(다크)500G*10
하이팻코코아파우더1Kg
하이푸드)불고기켄터키후랑크(1kg*10)
하이푸드)불고기켄터키후랑크_냉장(1kg*10)
하츠(염통)꼬치
하카타콧테리소스(돈꼬츠스프)
하트 (프랄린)
하트 2종 토퍼/6EA
하트 초 레드/1EA
하트 초 퍼플/1EA
하트 초 핑크/1EA
하트가든PE쇼핑백 소 100매
하트가든PE쇼핑백 중 100매
하트레터링HD봉투
하트링세트
하트초코컵 28mm[연두색] 1000매
하트쿠키받침 100개
하트쿠키봉투8*22
하트타르트AC I
하트타르트팬
하트팬1호
하트팬2호
하트팬3호
학 꼬지/100EA
한라봉 1kg
한라봉분말100g
한라봉분말1kg
한라봉제스트500g
한라봉필 700g
한만두)짜장왕교자(1kg*6)
한만두)짬뽕왕교자(1kg*6)
한만두)촉촉한물만두(1.35kg*6)
한만두)투명한김치물방울만두(1.2kg*6)
한만두)투명한만두물방울(1.2kg*6)
한만두)푸짐한왕교자(1kg*6)
한맥)촉촉미트볼(1kg*10)
한성)꽃맛살F_2kg*6
한성)꽃맛살F_2kg*6
한성)크래미F_1k*10입(파지)
한성)해물경단(1kg*10)
한성)흰살생선까스H(1.2kg*5)
한우리)나시고랭용스파이스페이스트(60인분)_1kg*4
한울냉동찹쌀가루5Kg
한천분말100g
한천분말500g
할로윈 블랙 주자 15 리본/1ROLL
핫도그트레이 100개
핫바 코팅 봉투 KP/100EA
핫바 코팅 봉투 KP/2000EA
핫바 코팅 봉투 W/100EA
핫바 코팅 봉투 W/2000EA
핫스파이스믹스 500g
핫플레이트1구
해농)넘버원김가루(1KG*4EA)
해마로)시그니처순살치킨(1kg*10)
해마로후레쉬오이피클(국산오이)3kg*4 EA
해물모듬(600G*10EA/BOX)
해여울)골드고추씨맛기름1.8L*8EA
해찬들)쌈장 1KG*12EA
해천)시그니처굴소스725g*12개
해팜)부산어묵꼬치2(사각,750g*10PAC)
해표올리브유엑스트라버진900ml*12
해표카놀라유1.7L*12
해피 베어스 젤리(119g)
해피 베어스 젤리(40g)
해피뉴이어투명택 50개
해피니스 띠지/50EA
해피버스데이 초/12EA(곽)
해피버스데이 초/1EA
해피버스데이 토퍼 로즈골드/1EA
해피버스데이 토퍼 로즈골드/50EA
해피버스데이 토퍼 홀로그램/1EA
해피버스데이 토퍼 홀로그램/50EA
해피벌스데이초 12개
해피카우 고다 슬라이스 150G
해피카우 레귤러빅팩 360G
해피카우 모짜 슬라이스 150G
해피카우 오스트리안 프로세스 치즈113G
해피카우 체다 슬라이스 150G
해피카우 치즈 스프레드 레귤러150G
해피카우 크림치즈 내추럴 150G
해피카우 크림치즈 위드 허브 150G
해피카우레귤러 140G
해피카우저지방 140G
해피카우크림 140G
해피콜 소드마스터 프라이팬
해피퀸) 나무젓가락 (200EA*15PACK)BX
해피퀸냅킨(200*100)88*100EA
해피퀸속지왕대1000EA*10PK/BX
해피퀸쓰레기봉투100L검정50EA*5PK
해피퀸쓰레기봉투100L흰색대50EA*5PK
해피퀸철수세미35g10EA*10PK/BX
핸드메이드 페이즐 그린 띠지/50EA
핸드메이드 페이즐 레드빈 띠지/50EA
핸드메이드 페이즐 올리브 띠지/50EA
핸드메이드타이 나뭇잎 1봉지(50개)
핸드메이드타이 잎사귀
핸드블렌더(노믹스)
햄버거 코팅봉투 크라프트/100EA
햄버거 코팅봉투 크라프트/3000EA
햄버거 코팅봉투 화이트/100EA
햄버거 코팅봉투 화이트/3000EA
햄버거 코팅지 27*27 무지/1000EA
햄버거 코팅지 27*27 신형/1000EA
햇방아 우리쌀쿠키믹스300g
햇방아) 우리쌀 식빵믹스 384g*10
햇방아)현미가루(빵용) 4kg*5/Box
햇방아)흑미가루(빵용) 4kg*5/Box
햇쌀마루 박력쌀가루3Kg
행주(3M)L-200파랑30EA/BX
행주(3M펄프L-200노랑10매)40EA/BX
행주(3M펄프L-200파랑10매)40EA/BX
허니머스타드드레싱-C 2kg*6
허니오일
허브맛솔트700g
허브믹스(500g)
허브향
헌드레드앤사우전드  430g
헌트 토마토페이스트(3.15kg*6)
헌트토마토퓨레3kg
헤르빈버터&치즈보관함
헤이즐넛 맛 믹스
헤이즐넛&아몬드 타르트(72개입)
헤이즐넛아몬드프라린
헤이즐넛오일
헤이즐넛커피시럽1Kg
헤즐넛(통)1kg
헤즐넛필링 10kg
헤즐넛향분말300g
헥센하우스사각 미니-다크브라운/금색사각 (10개)
헬로우 각대봉투 헬로/100EA
헬로우 쇼핑백 화이트 헬로우/10EA(장당400원)
헬로캣 띠지/50EA
헬로키티 계란틀
헬로키티 주먹밥틀
헬로키티 카나페빵구이모형틀
헬로키티아동공기
헬로키티아동머그컵
헬로키티아이스스틱
헬로키티얼굴모양틀
헬로키티컵케이크만들기세트
헬로키티크레페만들기세트
헬로키티후리카케케이스
현미가루(빵용)
형광케익바구니360*337 그린
형광케익바구니360*337 그린
형광케익바구니360*337 오렌지
형광케익바구니360*337 오렌지
형광케익바구니360*337 핑크
형광케익바구니360*337 핑크
형광케익바구니360*337 홀로그램
형광케익바구니360*337 홀로그램
호두 1/2태(LH) 11.34KG
호두파운드팬AC  240*45*50
호두파이(36개입)
호두파이팬
호떡누르개_나무
호밀브레드
호박 리플잼 1kg
호박고지1kg
호박냉동퓨레(100%) 1kg
호박페이스트(레토르트)_400g
호박페이스트(캔)_400g
호지차
호치민커피
호크왈드 모짜렐라치즈
혼합 5색 55 색지컵 55mm/150EA(1줄)
홀 덕 푸아그라 180g
홀 덕 푸아그라 40g
홀 덕 푸아그라 60g
홀 덕 푸아그라 인 몰드 350g
홀그레인 머스터드 200g
홀그레인 머스터드 770g
홀그레인머스타드(1kg)
홀그레인머스타드(280g)
홀로그램 백
홈 미니마드렌12구
홈 미니마드렌24구
홈다꾸아제16구 355*255*1.5T / 70*46
홈마드렌느부채12구판
홈마드렌느부채6구
홈메이드10온즈
홈미니머핀팬11구
홈미니머핀팬20구
홈바나나3구
홈바나나6구
홈바통4구
홈바통8구
홈비타공판AL _400*300*20
홈조가비6구
홈조가비판-12구
홈컵12구
홈컵9구머핀
홈컵판12구 AC양면
홈컵판6구판AC
홈타공판AL
홈하트(대)
홈호두판12구
홈호두판20구
홈휘난새12구판
홈휘난새6구
홉라휩크림스프레이
홍게다리살(1kg)*16
홍유 두반장1.3kg*8
홍자몽냉동퓨레
홍차라떼500g
홍차티백용50g
화과자 케이스 골드/50EA
화과자 케이스 골드/600EA
화과자 케이스 블랙/50EA
화과자 케이스 블랙/600EA
화과자박스 화과자용기 100개
화과자용기 100개
화미)프로티지(연육제)1kg*10
화병도 쇼핑백/25EA
화이트 누이블랑쉐
화이트 셀렉션 카카오트레이스
화이트 정사각 샌드위치 케이스/100EA
화이트 정사각 샌드위치 케이스/10EA
화이트 정사각 샌드위치 케이스/500EA(1BOX)
화이트 종이컵 10온즈 (83파이) 1000EA(1BOX)/블랙(뚜껑)
화이트 종이컵 10온즈 (83파이) 1000EA(1BOX)/선택안함(뚜껑)
화이트 종이컵 10온즈 (83파이) 1000EA(1BOX)/화이트(뚜껑)
화이트 종이컵 10온즈 (83파이) 100EA/블랙(뚜껑)
화이트 종이컵 10온즈 (83파이) 100EA/선택안함(뚜껑)
화이트 종이컵 10온즈 (83파이) 100EA/화이트(뚜껑)
화이트 종이컵 13온즈 (83파이) 1000EA(1BOX)/블랙(뚜껑)
화이트 종이컵 13온즈 (83파이) 1000EA(1BOX)/선택안함(뚜껑)
화이트 종이컵 13온즈 (83파이) 1000EA(1BOX)/화이트(뚜껑)
화이트 종이컵 13온즈 (83파이) 100EA/블랙(뚜껑)
화이트 종이컵 13온즈 (83파이) 100EA/선택안함(뚜껑)
화이트 종이컵 13온즈 (83파이) 100EA/화이트(뚜껑)
화이트 직사각 샌드위치 케이스/1000EA(1BOX)
화이트 직사각 샌드위치 케이스/100EA
화이트 직사각 샌드위치 케이스/10EA
화이트 초코&쿠키 타르트(72개입)
화이트 튜나 뱃살 올리브 오일 절임 110g
화이트 튜나 올리브 오일 절임 220g
화이트드롭1kg
화이트드롭200g_소분
화이트론도(에델바이스)
화이트베이스1.7Kg
화이트복숭아냉동퓨레(100%) 1kg
화이트복숭아퓨레1Kg (프랑스)
화이트쉘(프랄린)
화이트와인식초-3L
화이트정사각샌드위치케이스
화이트직사각샌드위치케이스
화이트직사각샌드위치케이스
화이트초코렛
화이트초코렛블록(인니)
화이트초코소스1.89L
화이트초코소스1.89L
화이트초코펜20g
화이트초코펜20g
화이트초코프레첼볼 1kg
화이트초콜릿2.5Kg (판화이트)
화이트초콜릿컬(장식블로섬화이트)9mm
화이트커버춰 제피르 1kg
화이트커버춰 피스톨 블랑사탱 버튼 5kg
화이트커버춰초콜릿1Kg
화이트커버춰초콜릿1Kg
화이트컴파운드코인1kg
화이트컴파운드코인5kg
화이트컴파운드코인5kg
화이트컴파운드코팅N 10kg
화이트코팅 200g
화이트코팅 벌크
화이트코팅 종이리드 10/13온즈 겸용 (85파이)/1000EA(1BOX)
화이트코팅 종이리드 10/13온즈 겸용 (85파이)/40EA
화이트코팅 종이리드 12/16온즈 겸용 (90파이)/1000EA(1BOX)
화이트코팅 종이리드 12/16온즈 겸용 (90파이)/40EA
화인)셰리식초(와인비네거)_500ml*6
화인)셰리식초(와인비네거)_500ml*6
화인휘프5000
화채스푼
화풍)마라시노레드체리(꼭지있음)1.988kg*6
화풍)영콘400g*24,중국산)개
화풍)죽순(채) 2.80kg*6
화풍)죽순(편) 2.80kg*6
화풍)죽순(홀) 2.84kg*6
화풍)초고버섯(2.84kg*6)
화풍)초고버섯(400g*24)
화풍)표고(채)2.8kg*6
화풍물밤(워터체스트너트)2.95kg*6
화풍표고(홀)2.84kg*6ea
환타지아화이트FREE4.5Kg
활성글루텐1Kg
활성밀글루텐1Kg
황날치알(골드),수입산,800g*20ea/BOX
황도2절(그리스)820g*12
황도825g
황도슬라이스(그리스)3.06KG*6
황비홍)향취고추452g
황비홍)향취고추452g*8ea
황비홍)향취고추452g*8ea
황치즈분말200g
황치즈파우더200g
후드(1)
후레쉬모짜렐라보코치니
후레쉬치즈_100g
후레쉬크란베리슬라이스
후레시 트러플 500g
후렌치버터린4.5Kg
후루티베리믹스스무디1.8Kg
후르츠칵테일 (필리핀
후르츠칵테일 (필리핀
후이펑)닭표스리라차 칠리(튜브)_793g*12
후지-나가사끼짬뽕스프
후지-돈부리쯔유(돈부리타레가쓰오다시소스
후지-라멘유-라유(라멘기름)
후지-무라야마미소라멘스프
후지-탄탄멘스프
후지-포크&치킨가라스프
후지-히야시추카
훠궈 베이스(주군기)/200g*50pk
훠궈 베이스(주군기)/200g*50pk
휘핑머신
휘핑이지
휘핑크림(칸디아)10L벌크
휘핑크림(칸디아)1L
휘핑크림1L  (비바리타)
휘핑크림500ml(비바리타)
휩블루(Whip Blue) 1000g
흑당시럽 1kg
흑마늘액기스1kg
흑미가루(빵용)1kg
흑임자페이스트 800g
흑임자페이스트(20kg)
흑후추분말1kg
흑후추분말300g
흑후추후레이크 47g
흥국)맘스리얼베이스 레몬 1KG*12EA
희창)커피크리마1kg*12
흰색받침10 사각형 100개
흰색받침10 원형 100개
흰색파운드노루지
힘멜타이머
​
유어디시 함지식품",https://blog.naver.com/foodlist_info/223916075165,foodlist_info over ten thousand items,20250630,2026-04-27 15:50:23
★파스텔초코스위트(대,체력이 없어요 그냥 없어요,학교가 파스텔 톤이야 라떼는 학교가 이렇게 예쁘지 않았는데.. 분명 흑백이었는데.. 요즘은... 허쉬 초코는 참았음. 대견하죠. 저도 제가 자랑스럽읍니다 호캉스 끝 소감: 스위트룸이면 다시 오겠지만 그 외에는... ,"열심히 백수 라이프를 즐기는 중인데
이 거지 같은 체력으로 어떻게 회사를 다녔을까...?
하는 의문이 자주 들고 있다
​
KTX 좋아
기차를 타고 대전으로 가요
대전은 처음이라 두근두근
와 꿈돌이다!
대전역에서 발견한 꿈돌이와 꿈돌이 여자친구(?
귀여워
​
유잼도시의 제일 유명한 성심당
성심당 본점 가기 전에 들른 대전역 점
들르길 잘했다. 먹고 싶은 빵 대부분 구매 완료
​
​
🐓
진짜 너모 맛있었던 닭볶음탕을 먹고요
아 또 먹고 싶어
​
​
와 딸기 시루다 대박 인스타에서만 보던 그거다 우와
아 또 먹고 싶어
​
​
아 맛잇다.
​
또 유명한 두부...어쩌고와 수육
생각보다 더 맛있었던 수육과 양념두부
웨이팅이 심하지만 않다면 또 먹고싶은데,,,
그러한 기회는 없겟죠
안뇽 대전
다음에 또 보자고
​
​
또 일상으로
몽탄 우대 갈비
평일에도 몇 시간씩 줄 서서 먹는다던 몽탄.,
비 오는 월요일 점심시간에 웨이팅을 거의 2시간한듯
​
왜 유명하지 대체.. 하고 먹어봤는데 충분히 납득 가능
최근 먹은 수많은 고기 중에 제일 맛있었음
​
엄청난 된찌와 트러플 계란찜
볶음밥까지
돌아버린 맛.
집 앞에 열어주세요 사장님...(미련가득
​
바스크 치즈케이크 맛집이었던 곳
또 자격증 1차 시험 보러 갔던 중학교(?
학교가 파스텔 톤이야
라떼는 학교가 이렇게 예쁘지 않았는데.. 분명 흑백이었는데..
요즘은 파스텔이다.. 예쁘다.. 정서적으로 참 좋겠다..
​
에버랜드 방문
오랜만에 온 에버랜드
튤립 축제 보러 🌷💐🌷💐
튤립도 좋은데 산리오도 볼 수 있어서 더 좋음.
놀이공원은 역시 머리띠.
간식 절대 못 참지
(❁´▽`❁)
돌았다 돌았다
갑자기 여름 날씨가 되었던 날
최고 온도가 25도였음.. 다음날 비 오고 다시 기온이 내려갔지만
날이 너무도 화창하고 꽃은 잔뜩 만개해있고.. 완벽한 힐링
​
차가운 음료 수혈.
접니다
어떤 구도에서 찍어도 그냥 대단했다는 말 밖에
모든 공간이 꿈과 환상의 나라 그 자체
​
튤립 색이 이렇게 다양했다는 것도 이날 알게 됨
역시 꽃은 옳다.
​
한교동
산리오에 큰 감명을 받고 집에 돌아온 후
한교동 나노 블록을 만들기 시작함
​
​
또 다른 취미생활 찾기
작년부터 시간 내서 꼭!! 테라리움을 만들고 싶었는데
차일피일 미루다가 이날 당첨,
​
생각보다 세밀한 작업이 필요했고, 미적 감각(?도 필요하여
인생 모토가 대충대충, 똥손 girl 에겐 어려웠음.
​
다들 예쁘게 잘 하던데 나는 왜 흙이 이곳저곳에..?
절레절레
오늘은 취미 찾기 다소 실패한.
​
또 야구장
저는 유명한 패배요정인데요 🧚
​
옛날 옛적 NC가 우승하던 그 해에,
우리는 한국시리즈 6경기 (4승 2패)로 우승하였답니다.
저는 한국시리즈 두 경기를 관람하였는데요? 그게 바로 2패 경기
우승할 때조차 이기는 경기를 본 적이 없다는 겁니다.
​
대단하죠? 접니다.
구구절절 사연 쓰는 이유는
3패의 로건, 그리고 승요 공룡좌
또 속냐?
네. 졌다는 뜻입니다
​
물론,, 1위 팀(LG)과의 경기라 어느 정도 마음을 내려놓고 갔어요
1위 팀과 9위 팀의 대결이라면,
야구를 잘 몰라도 어느 정도의 경기 결과를 예측할 수 있습니다
​
다만 이번 패배가 다소 억울한 점은 승승장구하던 LG가 최초로 루징을 당했는데 하필 그게 이 시리즈였던 것
네 나는 하필 골라도 그 1패 경기를 본 겁니다.
​
엔씨 이 정도면 온몸으로 저를 거부하십니까.. (10년째 반복 중)
​
네 슬픈 패배 요정입니다
그나저나 조구만 콜라보 유니폼과 짐색이 너무 갖고 싶은데
엔씨가 일을 안 합니다.. 물량 조금 풀어놓고
​
그거 누구 코에 붙이냐고.  누가 사라고. 수도권 팬은 우찌라고
너네 생각보다 팬 많다 돈 벌라고,,
제발 예약판매하라고 이 멍청이들아....어휴
​
+++수정) 예판을 시작하셨기에 멍청이들이란 말은 취소합니다
하지만 엔씨. 제발 조구만 짐색도 풀어주세요 제발 plz
보고 계신가요 모니터링 하고 있는거 다 알아요 돈 낼게 제발 줘
​
​
또 그 다음날…
진짜 대힐링의 시간
갑작스럽게 가게 된 콜드플레이 내한공연
​
첫 콘 스탠딩 강강술래가 바이럴 되면서
'오.. 나도 가고 싶다'
바로 실행에 옮겨서  2연석을 겟함.
그다음 날부터 넷상에서 더 유명해지며 좌석을 구할 수 없어짐
​
빠른 결정, 빠른 선택. 행복은 만들어가는 것.
​
올 한 해 가장 행복했던 날을 꼽으라면
망설임 없이 4/24 고르겠습니다
​
사유는 아래의 사진들로 대체함
심장이 두근거리기 시작
99%를 해낸다, 누가? 한국인만이.
이 장면 보고 꿈인가 했어요
크게 노래를 따라 부르고 방방 뛰는 서타일은 아니고
이 황홀한 광경을 내 눈으로 담다니.. (울컥)
약간 이런 st 라..
혼자 감명받고 입틀막하고.. 눈에 담고.. 카메라에 담고..
나름 바빴음
​
낭만이지 이게
하트
다들 하트 잘 찍으시던데,, 저는 약간 실패했습니다.
뭐 어때
​
그냥 모든 장면 아름다운
​
​
며칠 후
아픔디다
자고 일어났는데 목이 안 움직임
누워서 일어나려는데 육성으로 ""으악 으억 우엥 으악"" 이러면서 일어남
​
엄마가 약 사다 주심 ㅜ
그 와중에 웃겨서 아파트 n층에서 25배 줌 해서 사진 찍음
​
맨날 패스트푸드 먹고 떡볶이나 시켜 먹고
운동은 안 하고 몸은 무겁고... 해서 그런 건 아닐까? 싶어서 시작한
​
헐리우드 48시간 + 가볍게 먹기+ 운동하기 프로젝트
=다이어트 시이작
집 근처 공원 고.
집 근처에 큰 공원이 있는 건 정말 행운이다
나중에도 꼭 호수/강이 있는 공원 근처에 살고 싶다.
집값은... 그때 가서 생각..
오리다!
윤슬
적당한 시간에 맞춰 가면 반짝거리는 호수를 볼 수 있다
너무 좋아하는 풍경
풀과 나무와 물과 오리.
​
순탄한 다이어트 과정..~
메론킥 미쳤다
중 등장한 메론킥
​
보이면 꼭 드셔보세요. 진짜 맛있음.
메론향 안 좋아하는 사람 빼고는 모두가 호 100% 일 맛.
​
또 접니다
베트남 가려면 한 달은 넘게 남았지만,,
귀여운 원피스를 본 이상 참을 수 없다.
미리 산다.
​
​
한강 피크닉 가려고 했는데.. 오전에 비가 왔다..
​
흙과 잔디가 비를 잔뜩 머금었을 까봐 걱정이 되었지만,
이미 돗자리 펴고, 텐트 치고 피크닉 중인 선구자 무리들 발견
선배님들 덕에 용기 내서 바로 피크닉 세트 대여 완료.
한다 피크닉
또 접니다
피크닉 갬성 이거 맞죠
역시 돈만 준비되면 이런 피크닉 갬성 낭낭한
진짜 피크닉 가능하다. 좋아좋아.
장비 하나 없어도 대여가 가능한 요즘이니깐요. 어깨 으쓱
배달음식 왔다
기사님 기다리시니까 호다닥 뛰어감
절대 배고파서 뛰어간 거 절대 절대 절대 ~ 절대 아님
​
과해진
계획은 치킨과 피자였지만, 뭐 ..
​
치킨 집에 사이드로 떡볶이를 팔고
피자집에서는 사이드로 스파게티를 팔던걸요ㅎ
​
또 캔디크러쉬
또 누워서 캔디크러쉬를 하고
바람이 많이 불어서, 오 날짜 정말 잘 잡았다.. 누워서 뒹굴거리기
​
아망추 맛집
여기 아망추 맛집.
그래서 사진을 꼭 넣어야만 한다.
​
아이쇼핑
예쁜 식기 너무너무너무 좋아함
돈 많이 벌어서 짱 많이 사야지
​
다른 의미로 당황스러웠던 둘
좌) 하정우 님 왜 여기 계신지. 이 말도 안 되는 키링은 대체 뭔지.
우) 귀여운 곰돌이들. 너모너모 귀여워 가지고 싶어. 하지만 넘 비싸.
​
​
또 다른 날
광화문 근처 맛집
​
뽐모도로. 양식. 맛잇다 맛잇다.
리조토 또 먹고 싶다. 또 먹고 싶다.
샐러드 듬뿍. 건강에 넘 좋죠
​
개구리 좋아하는 남자와 그냥 케로피를 좋아하는 여자
케로피 만들어 선물하기
​
​
교보문고
갖고 싶은 책 한가득..
방에 책장이 꽉 차서 책을 계속 사는 게 맞나 고민 중이다
책장을 더 사야겠다
​
산책하기 딱 좋다
국립현대미술관
한참 본 작품
전시 보면서 느낀 점
비전공자 입장에서는
'이거 대체 어터케 사람처럼 구현하는 건가요 와...' 이러면서 봄
​
두개골 잔뜩 쌓여있는 그 작품은 개인적으로 무서웠음
작년에도 새벽에 brain MRI 돌려보다가 머리뼈- 눈 부분 나오면
소리 지른 전적 다수
​
산책 킵고잉
빙봉 귀여워ㅜ
빙봉 유리잔 살까 고민했는데, 사용하기엔 넘 불편한 모양
고민고민하다가.. 내려놓고 나옴
​
야옹이 야옹
젊은이 감성
인스스에 '젊은이 감성 아마도'라고 올렸는데
“당신 젊은이 맞으니까 아마도 빼라”, “웃기지도 않는다”고 한소리 들은 썰. 이상하리만큼 주변에 연하는 없고 연상만 가득해 어딜가도 막내롤을 맡고있다
​
하이튼 당당하게 외칩니다. ""젊은이 감성""
​
걷다 보니 낙원상가
익선동까지 쓱 걸으니 넘 좋았다
​
또 접니다
실은 필름 맡기러 왔어용
​
2개 필름이 작년부터~ 올해 초 홍콩/도쿄/ 국내 여행지 등등
꽤나 오래 묵혀왔던(?) 필름이라
스캔 맡겨야지~ 해놓고 시간이 없었다가
드디어 드디어
​
서울1
한강1
한강2
홍콩1
도쿄1
강원도1
강원도2
서울식물원1
서울식물원2
조금씩 골라서 포스팅
필름 사진은  다른 글로 다시 쓰고 싶기 때문입니다
ㅎㅅㅎ
​
​
마지막 일상
제일 최근 다녀온 호캉스
인스파이어 리조트 오션타워 스위트룸
서위트룸
인스파이어는 뷰를 기대하면 안 되는 곳 중 하나라
전혀 기대를 안 했는데 고층으로 가니까 꽤괜.
​
저 멀리 비행기도 보이고,, 레이크 뷰인지 나쁘지 않았음
이야 넓다
책 읽기 좋았던 편한 의자
망빙
망고 빙수는 연유 뿌려야 맛있다!
​
작은 수영장
수영복 입은 접니다
스플래시베이 수영복 수모 신발 오션타워
파운드케이크-밥도 먹고
얼그레이 파운드케이크를 받았는데
살면서 먹은 얼그레이 중 제일 맛있었음.
​
밥은 음 비추천
​
좋다 좋다
레몬 하이볼 약간 마시고
메론킥도 먹고 가져온 책도 읽고
호캉스 최고였다
​
티비가 두 대
새로 시작한 틈만나면 봤는데 넘잼.
​
다음날 조식
조식 약간 퀄리티 아쉬웠다
이 돈 내고...? 음
바나나우유는 두 개 먹었어요
다이어트 중이니까 허쉬 초코는 참았음. 대견하죠.
저도 제가 자랑스럽읍니다
​
호캉스 끝
소감: 스위트룸이면 다시 오겠지만 그 외에는 별로.,,,
직원들도 그렇고 조식 퀄리티도.. 크기만 큼...
갈 거면 파라다이스 시티가 더 낫겠다
​
= 모든 게 가성비 기준임. 이 돈이면..~ 이 기준
요즘 하루에 한 번 꼴로 만들어 먹은
루콜라 치아바타 샌드위치로 글 마무리
​
갑작스러운 끝
​
​",https://blog.naver.com/sunset14_/223864506268,일상기록,20250513,2026-04-27 15:50:26
